"MF88 Individual Supply + Central Exhaust (SZHP)  /  Proposed (PV-Batt only)  /  EX01a_MF88_ISUP_CEXH_SZHP_CZ09.cibd25x",001
"Wed 23-Sep-26   1:29:14 pm"
"Energy Use","Hour"
"Meter","Mon","Day","Hr","Subhr","Tot","Clg","Htg","HPBU","Dhw","DhwBU","DhwMFL","FanC","FanH","FanV","Fan","Aux","Proc","Lit","Rcp","Ext","Refr","Dish","Dry","Wash","Cook","User1","User2","BT","PV"
"MtrElec",1,1,1,"",234.956,0,0,0,0,0,0,0,0,0,0,0,0,0,0,0,0,0,0,0,0,234.956,0,0,0
"MtrElec",1,1,2,"",167.516,0,0,0,0,0,0,0,0,0,0,0,0,0,0,0,0,0,0,0,0,167.516,0,0,0
"MtrElec",1,1,3,"",163.654,0,0,0,0,0,0,0,0,0,0,0,0,0,0,0,0,0,0,0,0,163.654,0,0,0
"MtrElec",1,1,4,"",165.591,0,0,0,0,0,0,0,0,0,0,0,0,0,0,0,0,0,0,0,0,165.591,0,0,0
"MtrElec",1,1,5,"",164.272,0,0,0,0,0,0,0,0,0,0,0,0,0,0,0,0,0,0,0,0,164.272,0,0,0
"MtrElec",1,1,6,"",229.296,0,0,0,0,0,0,0,0,0,0,0,0,0,0,0,0,0,0,0,0,229.296,0,0,0
"MtrElec",1,1,7,"",212.147,0,0,0,0,0,0,0,0,0,0,0,0,0,0,0,0,0,0,0,0,212.147,0,0,0
"MtrElec",1,1,8,"",188.188,0,0,0,0,0,0,0,0,0,0,0,0,0,0,0,0,0,0,0,0,286.435,0,0,-98.247
"MtrElec",1,1,9,"",96.3399,0,0,0,0,0,0,0,0,0,0,0,0,0,0,0,0,0,0,0,0,394.542,0,0,-298.202
"MtrElec",1,1,10,"",-53.3606,0,0,0,0,0,0,0,0,0,0,0,0,0,0,0,0,0,0,0,0,404.342,0,0,-457.703
"MtrElec",1,1,11,"",0,0,0,0,0,0,0,0,0,0,0,0,0,0,0,0,0,0,0,0,0,427.057,0,130.316,-557.373
"MtrElec",1,1,12,"",0,0,0,0,0,0,0,0,0,0,0,0,0,0,0,0,0,0,0,0,0,501.462,0,93.1663,-594.628
"MtrElec",1,1,13,"",0,0,0,0,0,0,0,0,0,0,0,0,0,0,0,0,0,0,0,0,0,426.374,0,151.873,-578.248
"MtrElec",1,1,14,"",0.0000020,0,0,0,0,0,0,0,0,0,0,0,0,0,0,0,0,0,0,0,0,326.099,0,28.5248,-354.624
"MtrElec",1,1,15,"",46.8896,0,0,0,0,0,0,0,0,0,0,0,0,0,0,0,0,0,0,0,0,337.654,0,0,-290.765
"MtrElec",1,1,16,"",137.25,0,0,0,0,0,0,0,0,0,0,0,0,0,0,0,0,0,0,0,0,315.121,0,0,-177.871
"MtrElec",1,1,17,"",352.29,0,0,0,0,0,0,0,0,0,0,0,0,0,0,0,0,0,0,0,0,373.899,0,0,-21.6091
"MtrElec",1,1,18,"",413.138,0,0,0,0,0,0,0,0,0,0,0,0,0,0,0,0,0,0,0,0,413.138,0,0,0
"MtrElec",1,1,19,"",229.466,0,0,0,0,0,0,0,0,0,0,0,0,0,0,0,0,0,0,0,0,451.392,0,-221.926,0
"MtrElec",1,1,20,"",209.607,0,0,0,0,0,0,0,0,0,0,0,0,0,0,0,0,0,0,0,0,352.184,0,-142.577,0
"MtrElec",1,1,21,"",330.459,0,0,0,0,0,0,0,0,0,0,0,0,0,0,0,0,0,0,0,0,330.459,0,0,0
"MtrElec",1,1,22,"",291.776,0,0,0,0,0,0,0,0,0,0,0,0,0,0,0,0,0,0,0,0,291.776,0,0,0
"MtrElec",1,1,23,"",229.848,0,0,0,0,0,0,0,0,0,0,0,0,0,0,0,0,0,0,0,0,229.848,0,0,0
"MtrElec",1,1,24,"",256.865,0,0,0,0,0,0,0,0,0,0,0,0,0,0,0,0,0,0,0,0,256.865,0,0,0
"MtrElec",1,2,1,"",169.599,0,0,0,0,0,0,0,0,0,0,0,0,0,0,0,0,0,0,0,0,169.599,0,0,0
"MtrElec",1,2,2,"",166.878,0,0,0,0,0,0,0,0,0,0,0,0,0,0,0,0,0,0,0,0,166.878,0,0,0
"MtrElec",1,2,3,"",164.4,0,0,0,0,0,0,0,0,0,0,0,0,0,0,0,0,0,0,0,0,164.4,0,0,0
"MtrElec",1,2,4,"",169.801,0,0,0,0,0,0,0,0,0,0,0,0,0,0,0,0,0,0,0,0,169.801,0,0,0
"MtrElec",1,2,5,"",169.93,0,0,0,0,0,0,0,0,0,0,0,0,0,0,0,0,0,0,0,0,169.93,0,0,0
"MtrElec",1,2,6,"",215.674,0,0,0,0,0,0,0,0,0,0,0,0,0,0,0,0,0,0,0,0,215.674,0,0,0
"MtrElec",1,2,7,"",259.572,0,0,0,0,0,0,0,0,0,0,0,0,0,0,0,0,0,0,0,0,259.572,0,0,0
"MtrElec",1,2,8,"",355.837,0,0,0,0,0,0,0,0,0,0,0,0,0,0,0,0,0,0,0,0,357.906,0,0,-2.06916
"MtrElec",1,2,9,"",340.161,0,0,0,0,0,0,0,0,0,0,0,0,0,0,0,0,0,0,0,0,389.148,0,0,-48.987
"MtrElec",1,2,10,"",366.188,0,0,0,0,0,0,0,0,0,0,0,0,0,0,0,0,0,0,0,0,418.168,0,0,-51.9805
"MtrElec",1,2,11,"",413.59,0,0,0,0,0,0,0,0,0,0,0,0,0,0,0,0,0,0,0,0,483.046,0,0,-69.4563
"MtrElec",1,2,12,"",284.483,0,0,0,0,0,0,0,0,0,0,0,0,0,0,0,0,0,0,0,0,369.347,0,0,-84.8637
"MtrElec",1,2,13,"",283.391,0,0,0,0,0,0,0,0,0,0,0,0,0,0,0,0,0,0,0,0,373.663,0,0,-90.2724
"MtrElec",1,2,14,"",310.961,0,0,0,0,0,0,0,0,0,0,0,0,0,0,0,0,0,0,0,0,355.821,0,0,-44.8607
"MtrElec",1,2,15,"",282.09,0,0,0,0,0,0,0,0,0,0,0,0,0,0,0,0,0,0,0,0,332.338,0,0,-50.2479
"MtrElec",1,2,16,"",339.816,0,0,0,0,0,0,0,0,0,0,0,0,0,0,0,0,0,0,0,0,360.022,0,0,-20.2054
"MtrElec",1,2,17,"",408.302,0,0,0,0,0,0,0,0,0,0,0,0,0,0,0,0,0,0,0,0,409.617,0,0,-1.31538
"MtrElec",1,2,18,"",400.114,0,0,0,0,0,0,0,0,0,0,0,0,0,0,0,0,0,0,0,0,400.114,0,0,0
"MtrElec",1,2,19,"",433.41,0,0,0,0,0,0,0,0,0,0,0,0,0,0,0,0,0,0,0,0,433.41,0,0,0
"MtrElec",1,2,20,"",427.954,0,0,0,0,0,0,0,0,0,0,0,0,0,0,0,0,0,0,0,0,427.954,0,0,0
"MtrElec",1,2,21,"",451.74,0,0,0,0,0,0,0,0,0,0,0,0,0,0,0,0,0,0,0,0,451.74,0,0,0
"MtrElec",1,2,22,"",363.796,0,0,0,0,0,0,0,0,0,0,0,0,0,0,0,0,0,0,0,0,363.796,0,0,0
"MtrElec",1,2,23,"",315.735,0,0,0,0,0,0,0,0,0,0,0,0,0,0,0,0,0,0,0,0,315.735,0,0,0
"MtrElec",1,2,24,"",222.021,0,0,0,0,0,0,0,0,0,0,0,0,0,0,0,0,0,0,0,0,222.021,0,0,0
"MtrElec",1,3,1,"",237.71,0,0,0,0,0,0,0,0,0,0,0,0,0,0,0,0,0,0,0,0,237.71,0,0,0
"MtrElec",1,3,2,"",173.188,0,0,0,0,0,0,0,0,0,0,0,0,0,0,0,0,0,0,0,0,173.188,0,0,0
"MtrElec",1,3,3,"",171.539,0,0,0,0,0,0,0,0,0,0,0,0,0,0,0,0,0,0,0,0,171.539,0,0,0
"MtrElec",1,3,4,"",173.034,0,0,0,0,0,0,0,0,0,0,0,0,0,0,0,0,0,0,0,0,173.034,0,0,0
"MtrElec",1,3,5,"",207.456,0,0,0,0,0,0,0,0,0,0,0,0,0,0,0,0,0,0,0,0,207.456,0,0,0
"MtrElec",1,3,6,"",229.266,0,0,0,0,0,0,0,0,0,0,0,0,0,0,0,0,0,0,0,0,229.266,0,0,0
"MtrElec",1,3,7,"",195.285,0,0,0,0,0,0,0,0,0,0,0,0,0,0,0,0,0,0,0,0,195.285,0,0,0
"MtrElec",1,3,8,"",291.685,0,0,0,0,0,0,0,0,0,0,0,0,0,0,0,0,0,0,0,0,291.685,0,0,0
"MtrElec",1,3,9,"",312.776,0,0,0,0,0,0,0,0,0,0,0,0,0,0,0,0,0,0,0,0,333.262,0,0,-20.4866
"MtrElec",1,3,10,"",387.923,0,0,0,0,0,0,0,0,0,0,0,0,0,0,0,0,0,0,0,0,441.981,0,0,-54.0584
"MtrElec",1,3,11,"",340.904,0,0,0,0,0,0,0,0,0,0,0,0,0,0,0,0,0,0,0,0,502.905,0,0,-162.001
"MtrElec",1,3,12,"",222.174,0,0,0,0,0,0,0,0,0,0,0,0,0,0,0,0,0,0,0,0,444.066,0,0,-221.892
"MtrElec",1,3,13,"",185.61,0,0,0,0,0,0,0,0,0,0,0,0,0,0,0,0,0,0,0,0,441.162,0,0,-255.552
"MtrElec",1,3,14,"",57.9779,0,0,0,0,0,0,0,0,0,0,0,0,0,0,0,0,0,0,0,0,419.451,0,0,-361.473
"MtrElec",1,3,15,"",121.162,0,0,0,0,0,0,0,0,0,0,0,0,0,0,0,0,0,0,0,0,433.12,0,0,-311.958
"MtrElec",1,3,16,"",291.165,0,0,0,0,0,0,0,0,0,0,0,0,0,0,0,0,0,0,0,0,388.905,0,0,-97.7408
"MtrElec",1,3,17,"",345.119,0,0,0,0,0,0,0,0,0,0,0,0,0,0,0,0,0,0,0,0,356.006,0,0,-10.8869
"MtrElec",1,3,18,"",434.744,0,0,0,0,0,0,0,0,0,0,0,0,0,0,0,0,0,0,0,0,434.744,0,0,0
"MtrElec",1,3,19,"",511.05,0,0,0,0,0,0,0,0,0,0,0,0,0,0,0,0,0,0,0,0,511.05,0,0,0
"MtrElec",1,3,20,"",369.671,0,0,0,0,0,0,0,0,0,0,0,0,0,0,0,0,0,0,0,0,369.671,0,0,0
"MtrElec",1,3,21,"",342.07,0,0,0,0,0,0,0,0,0,0,0,0,0,0,0,0,0,0,0,0,342.07,0,0,0
"MtrElec",1,3,22,"",359.425,0,0,0,0,0,0,0,0,0,0,0,0,0,0,0,0,0,0,0,0,359.425,0,0,0
"MtrElec",1,3,23,"",283.997,0,0,0,0,0,0,0,0,0,0,0,0,0,0,0,0,0,0,0,0,283.997,0,0,0
"MtrElec",1,3,24,"",228.547,0,0,0,0,0,0,0,0,0,0,0,0,0,0,0,0,0,0,0,0,228.547,0,0,0
"MtrElec",1,4,1,"",178.581,0,0,0,0,0,0,0,0,0,0,0,0,0,0,0,0,0,0,0,0,178.581,0,0,0
"MtrElec",1,4,2,"",172.913,0,0,0,0,0,0,0,0,0,0,0,0,0,0,0,0,0,0,0,0,172.913,0,0,0
"MtrElec",1,4,3,"",173.959,0,0,0,0,0,0,0,0,0,0,0,0,0,0,0,0,0,0,0,0,173.959,0,0,0
"MtrElec",1,4,4,"",229.437,0,0,0,0,0,0,0,0,0,0,0,0,0,0,0,0,0,0,0,0,229.437,0,0,0
"MtrElec",1,4,5,"",206.818,0,0,0,0,0,0,0,0,0,0,0,0,0,0,0,0,0,0,0,0,206.818,0,0,0
"MtrElec",1,4,6,"",186.185,0,0,0,0,0,0,0,0,0,0,0,0,0,0,0,0,0,0,0,0,186.185,0,0,0
"MtrElec",1,4,7,"",245.527,0,0,0,0,0,0,0,0,0,0,0,0,0,0,0,0,0,0,0,0,245.527,0,0,0
"MtrElec",1,4,8,"",161.318,0,0,0,0,0,0,0,0,0,0,0,0,0,0,0,0,0,0,0,0,263.445,0,0,-102.127
"MtrElec",1,4,9,"",18.6281,0,0,0,0,0,0,0,0,0,0,0,0,0,0,0,0,0,0,0,0,316.111,0,0,-297.483
"MtrElec",1,4,10,"",-33.37,0,0,0,0,0,0,0,0,0,0,0,0,0,0,0,0,0,0,0,0,415.356,0,0,-448.726
"MtrElec",1,4,11,"",0.0000078,0,0,0,0,0,0,0,0,0,0,0,0,0,0,0,0,0,0,0,0,428.896,0,111.427,-540.322
"MtrElec",1,4,12,"",0.0000156,0,0,0,0,0,0,0,0,0,0,0,0,0,0,0,0,0,0,0,0,395.136,0,200.852,-595.988
"MtrElec",1,4,13,"",0,0,0,0,0,0,0,0,0,0,0,0,0,0,0,0,0,0,0,0,0,445.458,0,149.879,-595.337
"MtrElec",1,4,14,"",0,0,0,0,0,0,0,0,0,0,0,0,0,0,0,0,0,0,0,0,0,387.53,0,141.232,-528.762
"MtrElec",1,4,15,"",0,0,0,0,0,0,0,0,0,0,0,0,0,0,0,0,0,0,0,0,0,384.719,0,33.3028,-418.022
"MtrElec",1,4,16,"",83.5425,0,0,0,0,0,0,0,0,0,0,0,0,0,0,0,0,0,0,0,0,346.029,0,0,-262.486
"MtrElec",1,4,17,"",300.337,0,0,0,0,0,0,0,0,0,0,0,0,0,0,0,0,0,0,0,0,370.412,0,0,-70.0743
"MtrElec",1,4,18,"",362.223,0,0,0,0,0,0,0,0,0,0,0,0,0,0,0,0,0,0,0,0,362.223,0,0,0
"MtrElec",1,4,19,"",192.98,0,0,0,0,0,0,0,0,0,0,0,0,0,0,0,0,0,0,0,0,414.906,0,-221.926,0
"MtrElec",1,4,20,"",128.139,0,0,0,0,0,0,0,0,0,0,0,0,0,0,0,0,0,0,0,0,350.065,0,-221.926,0
"MtrElec",1,4,21,"",189.737,0,0,0,0,0,0,0,0,0,0,0,0,0,0,0,0,0,0,0,0,320.501,0,-130.763,0
"MtrElec",1,4,22,"",288.229,0,0,0,0,0,0,0,0,0,0,0,0,0,0,0,0,0,0,0,0,288.229,0,0,0
"MtrElec",1,4,23,"",219.392,0,0,0,0,0,0,0,0,0,0,0,0,0,0,0,0,0,0,0,0,219.392,0,0,0
"MtrElec",1,4,24,"",196.926,0,0,0,0,0,0,0,0,0,0,0,0,0,0,0,0,0,0,0,0,196.926,0,0,0
"MtrElec",1,5,1,"",224.354,0,0,0,0,0,0,0,0,0,0,0,0,0,0,0,0,0,0,0,0,224.354,0,0,0
"MtrElec",1,5,2,"",168.815,0,0,0,0,0,0,0,0,0,0,0,0,0,0,0,0,0,0,0,0,168.815,0,0,0
"MtrElec",1,5,3,"",168.789,0,0,0,0,0,0,0,0,0,0,0,0,0,0,0,0,0,0,0,0,168.789,0,0,0
"MtrElec",1,5,4,"",173.039,0,0,0,0,0,0,0,0,0,0,0,0,0,0,0,0,0,0,0,0,173.039,0,0,0
"MtrElec",1,5,5,"",172.278,0,0,0,0,0,0,0,0,0,0,0,0,0,0,0,0,0,0,0,0,172.278,0,0,0
"MtrElec",1,5,6,"",199.216,0,0,0,0,0,0,0,0,0,0,0,0,0,0,0,0,0,0,0,0,199.216,0,0,0
"MtrElec",1,5,7,"",315.576,0,0,0,0,0,0,0,0,0,0,0,0,0,0,0,0,0,0,0,0,315.576,0,0,0
"MtrElec",1,5,8,"",320.673,0,0,0,0,0,0,0,0,0,0,0,0,0,0,0,0,0,0,0,0,342.524,0,0,-21.8509
"MtrElec",1,5,9,"",154.028,0,0,0,0,0,0,0,0,0,0,0,0,0,0,0,0,0,0,0,0,377.68,0,0,-223.652
"MtrElec",1,5,10,"",34.1124,0,0,0,0,0,0,0,0,0,0,0,0,0,0,0,0,0,0,0,0,428.787,0,0,-394.674
"MtrElec",1,5,11,"",8.08381,0,0,0,0,0,0,0,0,0,0,0,0,0,0,0,0,0,0,0,0,484.766,0,0,-476.682
"MtrElec",1,5,12,"",47.0056,0,0,0,0,0,0,0,0,0,0,0,0,0,0,0,0,0,0,0,0,454.043,0,0,-407.038
"MtrElec",1,5,13,"",148.421,0,0,0,0,0,0,0,0,0,0,0,0,0,0,0,0,0,0,0,0,470.896,0,0,-322.475
"MtrElec",1,5,14,"",0,0,0,0,0,0,0,0,0,0,0,0,0,0,0,0,0,0,0,0,0,323.881,0,77.6463,-401.527
"MtrElec",1,5,15,"",181.994,0,0,0,0,0,0,0,0,0,0,0,0,0,0,0,0,0,0,0,0,393.781,0,0,-211.787
"MtrElec",1,5,16,"",278.091,0,0,0,0,0,0,0,0,0,0,0,0,0,0,0,0,0,0,0,0,400.295,0,0,-122.204
"MtrElec",1,5,17,"",384.109,0,0,0,0,0,0,0,0,0,0,0,0,0,0,0,0,0,0,0,0,432.09,0,0,-47.9809
"MtrElec",1,5,18,"",427.364,0,0,0,0,0,0,0,0,0,0,0,0,0,0,0,0,0,0,0,0,427.364,0,0,0
"MtrElec",1,5,19,"",320.171,0,0,0,0,0,0,0,0,0,0,0,0,0,0,0,0,0,0,0,0,390.246,0,-70.0758,0
"MtrElec",1,5,20,"",417.465,0,0,0,0,0,0,0,0,0,0,0,0,0,0,0,0,0,0,0,0,417.465,0,0,0
"MtrElec",1,5,21,"",396.081,0,0,0,0,0,0,0,0,0,0,0,0,0,0,0,0,0,0,0,0,396.081,0,0,0
"MtrElec",1,5,22,"",298.607,0,0,0,0,0,0,0,0,0,0,0,0,0,0,0,0,0,0,0,0,298.607,0,0,0
"MtrElec",1,5,23,"",275.206,0,0,0,0,0,0,0,0,0,0,0,0,0,0,0,0,0,0,0,0,275.206,0,0,0
"MtrElec",1,5,24,"",203.598,0,0,0,0,0,0,0,0,0,0,0,0,0,0,0,0,0,0,0,0,203.598,0,0,0
"MtrElec",1,6,1,"",235.139,0,0,0,0,0,0,0,0,0,0,0,0,0,0,0,0,0,0,0,0,235.139,0,0,0
"MtrElec",1,6,2,"",156.94,0,0,0,0,0,0,0,0,0,0,0,0,0,0,0,0,0,0,0,0,156.94,0,0,0
"MtrElec",1,6,3,"",153.188,0,0,0,0,0,0,0,0,0,0,0,0,0,0,0,0,0,0,0,0,153.188,0,0,0
"MtrElec",1,6,4,"",154.162,0,0,0,0,0,0,0,0,0,0,0,0,0,0,0,0,0,0,0,0,154.162,0,0,0
"MtrElec",1,6,5,"",149.852,0,0,0,0,0,0,0,0,0,0,0,0,0,0,0,0,0,0,0,0,149.852,0,0,0
"MtrElec",1,6,6,"",173.201,0,0,0,0,0,0,0,0,0,0,0,0,0,0,0,0,0,0,0,0,173.201,0,0,0
"MtrElec",1,6,7,"",252.474,0,0,0,0,0,0,0,0,0,0,0,0,0,0,0,0,0,0,0,0,252.474,0,0,0
"MtrElec",1,6,8,"",283.825,0,0,0,0,0,0,0,0,0,0,0,0,0,0,0,0,0,0,0,0,334.225,0,0,-50.3996
"MtrElec",1,6,9,"",262.94,0,0,0,0,0,0,0,0,0,0,0,0,0,0,0,0,0,0,0,0,404.601,0,0,-141.661
"MtrElec",1,6,10,"",-5.32069,0,0,0,0,0,0,0,0,0,0,0,0,0,0,0,0,0,0,0,0,423.941,0,0,-429.262
"MtrElec",1,6,11,"",0.0000078,0,0,0,0,0,0,0,0,0,0,0,0,0,0,0,0,0,0,0,0,452.668,0,80.7089,-533.377
"MtrElec",1,6,12,"",0,0,0,0,0,0,0,0,0,0,0,0,0,0,0,0,0,0,0,0,0,445.639,0,17.0473,-462.686
"MtrElec",1,6,13,"",183.166,0,0,0,0,0,0,0,0,0,0,0,0,0,0,0,0,0,0,0,0,441.807,0,0,-258.642
"MtrElec",1,6,14,"",0,0,0,0,0,0,0,0,0,0,0,0,0,0,0,0,0,0,0,0,0,326.688,0,40.788,-367.476
"MtrElec",1,6,15,"",169.794,0,0,0,0,0,0,0,0,0,0,0,0,0,0,0,0,0,0,0,0,385.654,0,0,-215.86
"MtrElec",1,6,16,"",188.077,0,0,0,0,0,0,0,0,0,0,0,0,0,0,0,0,0,0,0,0,401.923,0,0,-213.846
"MtrElec",1,6,17,"",342.065,0,0,0,0,0,0,0,0,0,0,0,0,0,0,0,0,0,0,0,0,404.045,0,0,-61.9798
"MtrElec",1,6,18,"",408.979,0,0,0,0,0,0,0,0,0,0,0,0,0,0,0,0,0,0,0,0,408.979,0,0,0
"MtrElec",1,6,19,"",284.41,0,0,0,0,0,0,0,0,0,0,0,0,0,0,0,0,0,0,0,0,409.447,0,-125.036,0
"MtrElec",1,6,20,"",439.354,0,0,0,0,0,0,0,0,0,0,0,0,0,0,0,0,0,0,0,0,439.354,0,0,0
"MtrElec",1,6,21,"",434.86,0,0,0,0,0,0,0,0,0,0,0,0,0,0,0,0,0,0,0,0,434.86,0,0,0
"MtrElec",1,6,22,"",320.049,0,0,0,0,0,0,0,0,0,0,0,0,0,0,0,0,0,0,0,0,320.049,0,0,0
"MtrElec",1,6,23,"",304.291,0,0,0,0,0,0,0,0,0,0,0,0,0,0,0,0,0,0,0,0,304.291,0,0,0
"MtrElec",1,6,24,"",222.941,0,0,0,0,0,0,0,0,0,0,0,0,0,0,0,0,0,0,0,0,222.941,0,0,0
"MtrElec",1,7,1,"",193.632,0,0,0,0,0,0,0,0,0,0,0,0,0,0,0,0,0,0,0,0,193.632,0,0,0
"MtrElec",1,7,2,"",154.254,0,0,0,0,0,0,0,0,0,0,0,0,0,0,0,0,0,0,0,0,154.254,0,0,0
"MtrElec",1,7,3,"",193.859,0,0,0,0,0,0,0,0,0,0,0,0,0,0,0,0,0,0,0,0,193.859,0,0,0
"MtrElec",1,7,4,"",157.866,0,0,0,0,0,0,0,0,0,0,0,0,0,0,0,0,0,0,0,0,157.866,0,0,0
"MtrElec",1,7,5,"",149.909,0,0,0,0,0,0,0,0,0,0,0,0,0,0,0,0,0,0,0,0,149.909,0,0,0
"MtrElec",1,7,6,"",154.303,0,0,0,0,0,0,0,0,0,0,0,0,0,0,0,0,0,0,0,0,154.303,0,0,0
"MtrElec",1,7,7,"",263.957,0,0,0,0,0,0,0,0,0,0,0,0,0,0,0,0,0,0,0,0,263.957,0,0,0
"MtrElec",1,7,8,"",257.619,0,0,0,0,0,0,0,0,0,0,0,0,0,0,0,0,0,0,0,0,309.27,0,0,-51.6509
"MtrElec",1,7,9,"",144.818,0,0,0,0,0,0,0,0,0,0,0,0,0,0,0,0,0,0,0,0,346.332,0,0,-201.514
"MtrElec",1,7,10,"",78.3989,0,0,0,0,0,0,0,0,0,0,0,0,0,0,0,0,0,0,0,0,367.392,0,0,-288.993
"MtrElec",1,7,11,"",0,0,0,0,0,0,0,0,0,0,0,0,0,0,0,0,0,0,0,0,0,400.295,0,13.8153,-414.11
"MtrElec",1,7,12,"",120.919,0,0,0,0,0,0,0,0,0,0,0,0,0,0,0,0,0,0,0,0,396.955,0,0,-276.035
"MtrElec",1,7,13,"",0,0,0,0,0,0,0,0,0,0,0,0,0,0,0,0,0,0,0,0,0,370.422,0,8.11125,-378.533
"MtrElec",1,7,14,"",0,0,0,0,0,0,0,0,0,0,0,0,0,0,0,0,0,0,0,0,0,322.244,0,183.727,-505.971
"MtrElec",1,7,15,"",39.9598,0,0,0,0,0,0,0,0,0,0,0,0,0,0,0,0,0,0,0,0,391.069,0,0,-351.109
"MtrElec",1,7,16,"",162.74,0,0,0,0,0,0,0,0,0,0,0,0,0,0,0,0,0,0,0,0,392.457,0,0,-229.717
"MtrElec",1,7,17,"",306.782,0,0,0,0,0,0,0,0,0,0,0,0,0,0,0,0,0,0,0,0,361.192,0,0,-54.4099
"MtrElec",1,7,18,"",417.247,0,0,0,0,0,0,0,0,0,0,0,0,0,0,0,0,0,0,0,0,417.247,0,0,0
"MtrElec",1,7,19,"",219.842,0,0,0,0,0,0,0,0,0,0,0,0,0,0,0,0,0,0,0,0,405.444,0,-185.602,0
"MtrElec",1,7,20,"",420.072,0,0,0,0,0,0,0,0,0,0,0,0,0,0,0,0,0,0,0,0,420.072,0,0,0
"MtrElec",1,7,21,"",396.252,0,0,0,0,0,0,0,0,0,0,0,0,0,0,0,0,0,0,0,0,396.252,0,0,0
"MtrElec",1,7,22,"",280.225,0,0,0,0,0,0,0,0,0,0,0,0,0,0,0,0,0,0,0,0,280.225,0,0,0
"MtrElec",1,7,23,"",262.642,0,0,0,0,0,0,0,0,0,0,0,0,0,0,0,0,0,0,0,0,262.642,0,0,0
"MtrElec",1,7,24,"",179.459,0,0,0,0,0,0,0,0,0,0,0,0,0,0,0,0,0,0,0,0,179.459,0,0,0
"MtrElec",1,8,1,"",165.237,0,0,0,0,0,0,0,0,0,0,0,0,0,0,0,0,0,0,0,0,165.237,0,0,0
"MtrElec",1,8,2,"",157.403,0,0,0,0,0,0,0,0,0,0,0,0,0,0,0,0,0,0,0,0,157.403,0,0,0
"MtrElec",1,8,3,"",201.405,0,0,0,0,0,0,0,0,0,0,0,0,0,0,0,0,0,0,0,0,201.405,0,0,0
"MtrElec",1,8,4,"",158.999,0,0,0,0,0,0,0,0,0,0,0,0,0,0,0,0,0,0,0,0,158.999,0,0,0
"MtrElec",1,8,5,"",162.928,0,0,0,0,0,0,0,0,0,0,0,0,0,0,0,0,0,0,0,0,162.928,0,0,0
"MtrElec",1,8,6,"",156.596,0,0,0,0,0,0,0,0,0,0,0,0,0,0,0,0,0,0,0,0,156.596,0,0,0
"MtrElec",1,8,7,"",257.754,0,0,0,0,0,0,0,0,0,0,0,0,0,0,0,0,0,0,0,0,257.754,0,0,0
"MtrElec",1,8,8,"",270.759,0,0,0,0,0,0,0,0,0,0,0,0,0,0,0,0,0,0,0,0,332.633,0,0,-61.8739
"MtrElec",1,8,9,"",367.88,0,0,0,0,0,0,0,0,0,0,0,0,0,0,0,0,0,0,0,0,414.21,0,0,-46.3302
"MtrElec",1,8,10,"",288.642,0,0,0,0,0,0,0,0,0,0,0,0,0,0,0,0,0,0,0,0,413.538,0,0,-124.896
"MtrElec",1,8,11,"",66.7161,0,0,0,0,0,0,0,0,0,0,0,0,0,0,0,0,0,0,0,0,412.146,0,0,-345.429
"MtrElec",1,8,12,"",210.408,0,0,0,0,0,0,0,0,0,0,0,0,0,0,0,0,0,0,0,0,431.363,0,0,-220.955
"MtrElec",1,8,13,"",181.315,0,0,0,0,0,0,0,0,0,0,0,0,0,0,0,0,0,0,0,0,385.026,0,0,-203.711
"MtrElec",1,8,14,"",66.8492,0,0,0,0,0,0,0,0,0,0,0,0,0,0,0,0,0,0,0,0,304.235,0,0,-237.386
"MtrElec",1,8,15,"",267.586,0,0,0,0,0,0,0,0,0,0,0,0,0,0,0,0,0,0,0,0,362.427,0,0,-94.8417
"MtrElec",1,8,16,"",225.979,0,0,0,0,0,0,0,0,0,0,0,0,0,0,0,0,0,0,0,0,330.128,0,0,-104.149
"MtrElec",1,8,17,"",358.461,0,0,0,0,0,0,0,0,0,0,0,0,0,0,0,0,0,0,0,0,408.167,0,0,-49.7059
"MtrElec",1,8,18,"",364.819,0,0,0,0,0,0,0,0,0,0,0,0,0,0,0,0,0,0,0,0,364.819,0,0,0
"MtrElec",1,8,19,"",399.722,0,0,0,0,0,0,0,0,0,0,0,0,0,0,0,0,0,0,0,0,399.722,0,0,0
"MtrElec",1,8,20,"",431.779,0,0,0,0,0,0,0,0,0,0,0,0,0,0,0,0,0,0,0,0,431.779,0,0,0
"MtrElec",1,8,21,"",426.023,0,0,0,0,0,0,0,0,0,0,0,0,0,0,0,0,0,0,0,0,426.023,0,0,0
"MtrElec",1,8,22,"",300.494,0,0,0,0,0,0,0,0,0,0,0,0,0,0,0,0,0,0,0,0,300.494,0,0,0
"MtrElec",1,8,23,"",214.989,0,0,0,0,0,0,0,0,0,0,0,0,0,0,0,0,0,0,0,0,214.989,0,0,0
"MtrElec",1,8,24,"",239.985,0,0,0,0,0,0,0,0,0,0,0,0,0,0,0,0,0,0,0,0,239.985,0,0,0
"MtrElec",1,9,1,"",191.289,0,0,0,0,0,0,0,0,0,0,0,0,0,0,0,0,0,0,0,0,191.289,0,0,0
"MtrElec",1,9,2,"",156.964,0,0,0,0,0,0,0,0,0,0,0,0,0,0,0,0,0,0,0,0,156.964,0,0,0
"MtrElec",1,9,3,"",152.959,0,0,0,0,0,0,0,0,0,0,0,0,0,0,0,0,0,0,0,0,152.959,0,0,0
"MtrElec",1,9,4,"",153.378,0,0,0,0,0,0,0,0,0,0,0,0,0,0,0,0,0,0,0,0,153.378,0,0,0
"MtrElec",1,9,5,"",152.043,0,0,0,0,0,0,0,0,0,0,0,0,0,0,0,0,0,0,0,0,152.043,0,0,0
"MtrElec",1,9,6,"",204.221,0,0,0,0,0,0,0,0,0,0,0,0,0,0,0,0,0,0,0,0,204.221,0,0,0
"MtrElec",1,9,7,"",249.064,0,0,0,0,0,0,0,0,0,0,0,0,0,0,0,0,0,0,0,0,249.064,0,0,0
"MtrElec",1,9,8,"",364.623,0,0,0,0,0,0,0,0,0,0,0,0,0,0,0,0,0,0,0,0,370.47,0,0,-5.84665
"MtrElec",1,9,9,"",345.492,0,0,0,0,0,0,0,0,0,0,0,0,0,0,0,0,0,0,0,0,418.629,0,0,-73.137
"MtrElec",1,9,10,"",243.138,0,0,0,0,0,0,0,0,0,0,0,0,0,0,0,0,0,0,0,0,470.773,0,0,-227.635
"MtrElec",1,9,11,"",0,0,0,0,0,0,0,0,0,0,0,0,0,0,0,0,0,0,0,0,0,428.459,0,77.8942,-506.353
"MtrElec",1,9,12,"",44.957,0,0,0,0,0,0,0,0,0,0,0,0,0,0,0,0,0,0,0,0,416.605,0,0,-371.648
"MtrElec",1,9,13,"",0,0,0,0,0,0,0,0,0,0,0,0,0,0,0,0,0,0,0,0,0,447.649,0,70.0662,-517.715
"MtrElec",1,9,14,"",0.0000156,0,0,0,0,0,0,0,0,0,0,0,0,0,0,0,0,0,0,0,0,304.568,0,131.484,-436.052
"MtrElec",1,9,15,"",0.0000020,0,0,0,0,0,0,0,0,0,0,0,0,0,0,0,0,0,0,0,0,368.098,0,26.5714,-394.67
"MtrElec",1,9,16,"",116.509,0,0,0,0,0,0,0,0,0,0,0,0,0,0,0,0,0,0,0,0,379.481,0,0,-262.972
"MtrElec",1,9,17,"",302.259,0,0,0,0,0,0,0,0,0,0,0,0,0,0,0,0,0,0,0,0,376.438,0,0,-74.179
"MtrElec",1,9,18,"",420.365,0,0,0,0,0,0,0,0,0,0,0,0,0,0,0,0,0,0,0,0,420.365,0,0,0
"MtrElec",1,9,19,"",205.104,0,0,0,0,0,0,0,0,0,0,0,0,0,0,0,0,0,0,0,0,427.029,0,-221.926,0
"MtrElec",1,9,20,"",374.496,0,0,0,0,0,0,0,0,0,0,0,0,0,0,0,0,0,0,0,0,428.749,0,-54.2534,0
"MtrElec",1,9,21,"",441.333,0,0,0,0,0,0,0,0,0,0,0,0,0,0,0,0,0,0,0,0,441.333,0,0,0
"MtrElec",1,9,22,"",321.482,0,0,0,0,0,0,0,0,0,0,0,0,0,0,0,0,0,0,0,0,321.482,0,0,0
"MtrElec",1,9,23,"",310.641,0,0,0,0,0,0,0,0,0,0,0,0,0,0,0,0,0,0,0,0,310.641,0,0,0
"MtrElec",1,9,24,"",283.548,0,0,0,0,0,0,0,0,0,0,0,0,0,0,0,0,0,0,0,0,283.548,0,0,0
"MtrElec",1,10,1,"",179.735,0,0,0,0,0,0,0,0,0,0,0,0,0,0,0,0,0,0,0,0,179.735,0,0,0
"MtrElec",1,10,2,"",164.646,0,0,0,0,0,0,0,0,0,0,0,0,0,0,0,0,0,0,0,0,164.646,0,0,0
"MtrElec",1,10,3,"",163.711,0,0,0,0,0,0,0,0,0,0,0,0,0,0,0,0,0,0,0,0,163.711,0,0,0
"MtrElec",1,10,4,"",166.764,0,0,0,0,0,0,0,0,0,0,0,0,0,0,0,0,0,0,0,0,166.764,0,0,0
"MtrElec",1,10,5,"",231.418,0,0,0,0,0,0,0,0,0,0,0,0,0,0,0,0,0,0,0,0,231.418,0,0,0
"MtrElec",1,10,6,"",167.551,0,0,0,0,0,0,0,0,0,0,0,0,0,0,0,0,0,0,0,0,167.551,0,0,0
"MtrElec",1,10,7,"",190.088,0,0,0,0,0,0,0,0,0,0,0,0,0,0,0,0,0,0,0,0,190.088,0,0,0
"MtrElec",1,10,8,"",192.672,0,0,0,0,0,0,0,0,0,0,0,0,0,0,0,0,0,0,0,0,293.81,0,0,-101.138
"MtrElec",1,10,9,"",26.3119,0,0,0,0,0,0,0,0,0,0,0,0,0,0,0,0,0,0,0,0,328.327,0,0,-302.015
"MtrElec",1,10,10,"",-2.98134,0,0,0,0,0,0,0,0,0,0,0,0,0,0,0,0,0,0,0,0,455.507,0,0,-458.488
"MtrElec",1,10,11,"",0,0,0,0,0,0,0,0,0,0,0,0,0,0,0,0,0,0,0,0,0,457.36,0,85.9866,-543.346
"MtrElec",1,10,12,"",0.0000078,0,0,0,0,0,0,0,0,0,0,0,0,0,0,0,0,0,0,0,0,481.132,0,109.588,-590.721
"MtrElec",1,10,13,"",0,0,0,0,0,0,0,0,0,0,0,0,0,0,0,0,0,0,0,0,0,508.528,0,78.6537,-587.182
"MtrElec",1,10,14,"",0,0,0,0,0,0,0,0,0,0,0,0,0,0,0,0,0,0,0,0,0,403.407,0,128.043,-531.45
"MtrElec",1,10,15,"",0.0000005,0,0,0,0,0,0,0,0,0,0,0,0,0,0,0,0,0,0,0,0,424.207,0,7.43097,-431.638
"MtrElec",1,10,16,"",119.79,0,0,0,0,0,0,0,0,0,0,0,0,0,0,0,0,0,0,0,0,396.791,0,0,-277.001
"MtrElec",1,10,17,"",350.837,0,0,0,0,0,0,0,0,0,0,0,0,0,0,0,0,0,0,0,0,430.912,0,0,-80.0756
"MtrElec",1,10,18,"",445.933,0,0,0,0,0,0,0,0,0,0,0,0,0,0,0,0,0,0,0,0,445.933,0,0,0
"MtrElec",1,10,19,"",248.711,0,0,0,0,0,0,0,0,0,0,0,0,0,0,0,0,0,0,0,0,470.636,0,-221.926,0
"MtrElec",1,10,20,"",252.348,0,0,0,0,0,0,0,0,0,0,0,0,0,0,0,0,0,0,0,0,400.179,0,-147.831,0
"MtrElec",1,10,21,"",362.407,0,0,0,0,0,0,0,0,0,0,0,0,0,0,0,0,0,0,0,0,362.407,0,0,0
"MtrElec",1,10,22,"",319.753,0,0,0,0,0,0,0,0,0,0,0,0,0,0,0,0,0,0,0,0,319.753,0,0,0
"MtrElec",1,10,23,"",275.38,0,0,0,0,0,0,0,0,0,0,0,0,0,0,0,0,0,0,0,0,275.38,0,0,0
"MtrElec",1,10,24,"",224.973,0,0,0,0,0,0,0,0,0,0,0,0,0,0,0,0,0,0,0,0,224.973,0,0,0
"MtrElec",1,11,1,"",170.256,0,0,0,0,0,0,0,0,0,0,0,0,0,0,0,0,0,0,0,0,170.256,0,0,0
"MtrElec",1,11,2,"",156.55,0,0,0,0,0,0,0,0,0,0,0,0,0,0,0,0,0,0,0,0,156.55,0,0,0
"MtrElec",1,11,3,"",153.783,0,0,0,0,0,0,0,0,0,0,0,0,0,0,0,0,0,0,0,0,153.783,0,0,0
"MtrElec",1,11,4,"",203.049,0,0,0,0,0,0,0,0,0,0,0,0,0,0,0,0,0,0,0,0,203.049,0,0,0
"MtrElec",1,11,5,"",183.507,0,0,0,0,0,0,0,0,0,0,0,0,0,0,0,0,0,0,0,0,183.507,0,0,0
"MtrElec",1,11,6,"",162.917,0,0,0,0,0,0,0,0,0,0,0,0,0,0,0,0,0,0,0,0,162.917,0,0,0
"MtrElec",1,11,7,"",167.848,0,0,0,0,0,0,0,0,0,0,0,0,0,0,0,0,0,0,0,0,167.848,0,0,0
"MtrElec",1,11,8,"",204.004,0,0,0,0,0,0,0,0,0,0,0,0,0,0,0,0,0,0,0,0,241.508,0,0,-37.5038
"MtrElec",1,11,9,"",106.823,0,0,0,0,0,0,0,0,0,0,0,0,0,0,0,0,0,0,0,0,251.838,0,0,-145.016
"MtrElec",1,11,10,"",51.7007,0,0,0,0,0,0,0,0,0,0,0,0,0,0,0,0,0,0,0,0,333.079,0,0,-281.379
"MtrElec",1,11,11,"",37.0865,0,0,0,0,0,0,0,0,0,0,0,0,0,0,0,0,0,0,0,0,366.286,0,0,-329.2
"MtrElec",1,11,12,"",96.2639,0,0,0,0,0,0,0,0,0,0,0,0,0,0,0,0,0,0,0,0,386.135,0,0,-289.871
"MtrElec",1,11,13,"",127.023,0,0,0,0,0,0,0,0,0,0,0,0,0,0,0,0,0,0,0,0,423.46,0,0,-296.438
"MtrElec",1,11,14,"",158.119,0,0,0,0,0,0,0,0,0,0,0,0,0,0,0,0,0,0,0,0,359.667,0,0,-201.548
"MtrElec",1,11,15,"",261.497,0,0,0,0,0,0,0,0,0,0,0,0,0,0,0,0,0,0,0,0,398.302,0,0,-136.805
"MtrElec",1,11,16,"",264.84,0,0,0,0,0,0,0,0,0,0,0,0,0,0,0,0,0,0,0,0,347.694,0,0,-82.8532
"MtrElec",1,11,17,"",296.606,0,0,0,0,0,0,0,0,0,0,0,0,0,0,0,0,0,0,0,0,320.196,0,0,-23.5901
"MtrElec",1,11,18,"",371.336,0,0,0,0,0,0,0,0,0,0,0,0,0,0,0,0,0,0,0,0,371.336,0,0,0
"MtrElec",1,11,19,"",391.004,0,0,0,0,0,0,0,0,0,0,0,0,0,0,0,0,0,0,0,0,391.004,0,0,0
"MtrElec",1,11,20,"",354.961,0,0,0,0,0,0,0,0,0,0,0,0,0,0,0,0,0,0,0,0,354.961,0,0,0
"MtrElec",1,11,21,"",271.247,0,0,0,0,0,0,0,0,0,0,0,0,0,0,0,0,0,0,0,0,271.247,0,0,0
"MtrElec",1,11,22,"",307.092,0,0,0,0,0,0,0,0,0,0,0,0,0,0,0,0,0,0,0,0,307.092,0,0,0
"MtrElec",1,11,23,"",261.074,0,0,0,0,0,0,0,0,0,0,0,0,0,0,0,0,0,0,0,0,261.074,0,0,0
"MtrElec",1,11,24,"",208.091,0,0,0,0,0,0,0,0,0,0,0,0,0,0,0,0,0,0,0,0,208.091,0,0,0
"MtrElec",1,12,1,"",167.717,0,0,0,0,0,0,0,0,0,0,0,0,0,0,0,0,0,0,0,0,167.717,0,0,0
"MtrElec",1,12,2,"",156.796,0,0,0,0,0,0,0,0,0,0,0,0,0,0,0,0,0,0,0,0,156.796,0,0,0
"MtrElec",1,12,3,"",153.222,0,0,0,0,0,0,0,0,0,0,0,0,0,0,0,0,0,0,0,0,153.222,0,0,0
"MtrElec",1,12,4,"",156.33,0,0,0,0,0,0,0,0,0,0,0,0,0,0,0,0,0,0,0,0,156.33,0,0,0
"MtrElec",1,12,5,"",200.929,0,0,0,0,0,0,0,0,0,0,0,0,0,0,0,0,0,0,0,0,200.929,0,0,0
"MtrElec",1,12,6,"",161.598,0,0,0,0,0,0,0,0,0,0,0,0,0,0,0,0,0,0,0,0,161.598,0,0,0
"MtrElec",1,12,7,"",261.039,0,0,0,0,0,0,0,0,0,0,0,0,0,0,0,0,0,0,0,0,261.039,0,0,0
"MtrElec",1,12,8,"",269.366,0,0,0,0,0,0,0,0,0,0,0,0,0,0,0,0,0,0,0,0,367.167,0,0,-97.8008
"MtrElec",1,12,9,"",74.1943,0,0,0,0,0,0,0,0,0,0,0,0,0,0,0,0,0,0,0,0,370.087,0,0,-295.893
"MtrElec",1,12,10,"",-26.875,0,0,0,0,0,0,0,0,0,0,0,0,0,0,0,0,0,0,0,0,421.676,0,0,-448.551
"MtrElec",1,12,11,"",0,0,0,0,0,0,0,0,0,0,0,0,0,0,0,0,0,0,0,0,0,443.182,0,92.9201,-536.102
"MtrElec",1,12,12,"",0.0000156,0,0,0,0,0,0,0,0,0,0,0,0,0,0,0,0,0,0,0,0,422.805,0,149.295,-572.1
"MtrElec",1,12,13,"",0,0,0,0,0,0,0,0,0,0,0,0,0,0,0,0,0,0,0,0,0,428.278,0,141.072,-569.35
"MtrElec",1,12,14,"",0,0,0,0,0,0,0,0,0,0,0,0,0,0,0,0,0,0,0,0,0,350.348,0,168.104,-518.452
"MtrElec",1,12,15,"",0,0,0,0,0,0,0,0,0,0,0,0,0,0,0,0,0,0,0,0,0,397.989,0,25.5191,-423.508
"MtrElec",1,12,16,"",63.7163,0,0,0,0,0,0,0,0,0,0,0,0,0,0,0,0,0,0,0,0,343.261,0,0,-279.545
"MtrElec",1,12,17,"",339.907,0,0,0,0,0,0,0,0,0,0,0,0,0,0,0,0,0,0,0,0,424.023,0,0,-84.1162
"MtrElec",1,12,18,"",445.271,0,0,0,0,0,0,0,0,0,0,0,0,0,0,0,0,0,0,0,0,445.271,0,0,0
"MtrElec",1,12,19,"",229.197,0,0,0,0,0,0,0,0,0,0,0,0,0,0,0,0,0,0,0,0,451.122,0,-221.926,0
"MtrElec",1,12,20,"",208.816,0,0,0,0,0,0,0,0,0,0,0,0,0,0,0,0,0,0,0,0,430.742,0,-221.926,0
"MtrElec",1,12,21,"",342.269,0,0,0,0,0,0,0,0,0,0,0,0,0,0,0,0,0,0,0,0,419.079,0,-76.8104,0
"MtrElec",1,12,22,"",331.757,0,0,0,0,0,0,0,0,0,0,0,0,0,0,0,0,0,0,0,0,331.757,0,0,0
"MtrElec",1,12,23,"",286.448,0,0,0,0,0,0,0,0,0,0,0,0,0,0,0,0,0,0,0,0,286.448,0,0,0
"MtrElec",1,12,24,"",233.126,0,0,0,0,0,0,0,0,0,0,0,0,0,0,0,0,0,0,0,0,233.126,0,0,0
"MtrElec",1,13,1,"",182.172,0,0,0,0,0,0,0,0,0,0,0,0,0,0,0,0,0,0,0,0,182.172,0,0,0
"MtrElec",1,13,2,"",201.309,0,0,0,0,0,0,0,0,0,0,0,0,0,0,0,0,0,0,0,0,201.309,0,0,0
"MtrElec",1,13,3,"",155.83,0,0,0,0,0,0,0,0,0,0,0,0,0,0,0,0,0,0,0,0,155.83,0,0,0
"MtrElec",1,13,4,"",153.203,0,0,0,0,0,0,0,0,0,0,0,0,0,0,0,0,0,0,0,0,153.203,0,0,0
"MtrElec",1,13,5,"",152.34,0,0,0,0,0,0,0,0,0,0,0,0,0,0,0,0,0,0,0,0,152.34,0,0,0
"MtrElec",1,13,6,"",185.67,0,0,0,0,0,0,0,0,0,0,0,0,0,0,0,0,0,0,0,0,185.67,0,0,0
"MtrElec",1,13,7,"",252.305,0,0,0,0,0,0,0,0,0,0,0,0,0,0,0,0,0,0,0,0,252.305,0,0,0
"MtrElec",1,13,8,"",244.046,0,0,0,0,0,0,0,0,0,0,0,0,0,0,0,0,0,0,0,0,341.453,0,0,-97.4068
"MtrElec",1,13,9,"",72.7265,0,0,0,0,0,0,0,0,0,0,0,0,0,0,0,0,0,0,0,0,370.521,0,0,-297.794
"MtrElec",1,13,10,"",-12.0453,0,0,0,0,0,0,0,0,0,0,0,0,0,0,0,0,0,0,0,0,428.8,0,0,-440.845
"MtrElec",1,13,11,"",0,0,0,0,0,0,0,0,0,0,0,0,0,0,0,0,0,0,0,0,0,440.596,0,86.3896,-526.986
"MtrElec",1,13,12,"",0,0,0,0,0,0,0,0,0,0,0,0,0,0,0,0,0,0,0,0,0,396.938,0,171.762,-568.7
"MtrElec",1,13,13,"",0.0000156,0,0,0,0,0,0,0,0,0,0,0,0,0,0,0,0,0,0,0,0,380.249,0,196.204,-576.452
"MtrElec",1,13,14,"",0,0,0,0,0,0,0,0,0,0,0,0,0,0,0,0,0,0,0,0,0,420.062,0,104.389,-524.451
"MtrElec",1,13,15,"",0,0,0,0,0,0,0,0,0,0,0,0,0,0,0,0,0,0,0,0,0,405.106,0,24.1267,-429.233
"MtrElec",1,13,16,"",134.533,0,0,0,0,0,0,0,0,0,0,0,0,0,0,0,0,0,0,0,0,361.12,0,0,-226.588
"MtrElec",1,13,17,"",354.529,0,0,0,0,0,0,0,0,0,0,0,0,0,0,0,0,0,0,0,0,435.491,0,0,-80.9626
"MtrElec",1,13,18,"",393.201,0,0,0,0,0,0,0,0,0,0,0,0,0,0,0,0,0,0,0,0,393.201,0,0,0
"MtrElec",1,13,19,"",200.739,0,0,0,0,0,0,0,0,0,0,0,0,0,0,0,0,0,0,0,0,422.665,0,-221.926,0
"MtrElec",1,13,20,"",223.348,0,0,0,0,0,0,0,0,0,0,0,0,0,0,0,0,0,0,0,0,445.274,0,-221.926,0
"MtrElec",1,13,21,"",312.817,0,0,0,0,0,0,0,0,0,0,0,0,0,0,0,0,0,0,0,0,395.006,0,-82.1898,0
"MtrElec",1,13,22,"",301.832,0,0,0,0,0,0,0,0,0,0,0,0,0,0,0,0,0,0,0,0,301.832,0,0,0
"MtrElec",1,13,23,"",310.212,0,0,0,0,0,0,0,0,0,0,0,0,0,0,0,0,0,0,0,0,310.212,0,0,0
"MtrElec",1,13,24,"",208.219,0,0,0,0,0,0,0,0,0,0,0,0,0,0,0,0,0,0,0,0,208.219,0,0,0
"MtrElec",1,14,1,"",224.869,0,0,0,0,0,0,0,0,0,0,0,0,0,0,0,0,0,0,0,0,224.869,0,0,0
"MtrElec",1,14,2,"",157.383,0,0,0,0,0,0,0,0,0,0,0,0,0,0,0,0,0,0,0,0,157.383,0,0,0
"MtrElec",1,14,3,"",155.763,0,0,0,0,0,0,0,0,0,0,0,0,0,0,0,0,0,0,0,0,155.763,0,0,0
"MtrElec",1,14,4,"",156.777,0,0,0,0,0,0,0,0,0,0,0,0,0,0,0,0,0,0,0,0,156.777,0,0,0
"MtrElec",1,14,5,"",153.307,0,0,0,0,0,0,0,0,0,0,0,0,0,0,0,0,0,0,0,0,153.307,0,0,0
"MtrElec",1,14,6,"",198.996,0,0,0,0,0,0,0,0,0,0,0,0,0,0,0,0,0,0,0,0,198.996,0,0,0
"MtrElec",1,14,7,"",260.374,0,0,0,0,0,0,0,0,0,0,0,0,0,0,0,0,0,0,0,0,260.374,0,0,0
"MtrElec",1,14,8,"",234.55,0,0,0,0,0,0,0,0,0,0,0,0,0,0,0,0,0,0,0,0,333.393,0,0,-98.8434
"MtrElec",1,14,9,"",75.0281,0,0,0,0,0,0,0,0,0,0,0,0,0,0,0,0,0,0,0,0,345.459,0,0,-270.431
"MtrElec",1,14,10,"",43.4455,0,0,0,0,0,0,0,0,0,0,0,0,0,0,0,0,0,0,0,0,450.645,0,0,-407.199
"MtrElec",1,14,11,"",0.0000078,0,0,0,0,0,0,0,0,0,0,0,0,0,0,0,0,0,0,0,0,435.669,0,94.5194,-530.188
"MtrElec",1,14,12,"",0,0,0,0,0,0,0,0,0,0,0,0,0,0,0,0,0,0,0,0,0,442.172,0,131.066,-573.238
"MtrElec",1,14,13,"",0,0,0,0,0,0,0,0,0,0,0,0,0,0,0,0,0,0,0,0,0,414.104,0,154.463,-568.567
"MtrElec",1,14,14,"",0,0,0,0,0,0,0,0,0,0,0,0,0,0,0,0,0,0,0,0,0,427.118,0,90.142,-517.26
"MtrElec",1,14,15,"",4.087,0,0,0,0,0,0,0,0,0,0,0,0,0,0,0,0,0,0,0,0,428.865,0,0,-424.778
"MtrElec",1,14,16,"",137.733,0,0,0,0,0,0,0,0,0,0,0,0,0,0,0,0,0,0,0,0,401.773,0,0,-264.039
"MtrElec",1,14,17,"",404.74,0,0,0,0,0,0,0,0,0,0,0,0,0,0,0,0,0,0,0,0,471.206,0,0,-66.466
"MtrElec",1,14,18,"",460.519,0,0,0,0,0,0,0,0,0,0,0,0,0,0,0,0,0,0,0,0,460.519,0,0,0
"MtrElec",1,14,19,"",212.047,0,0,0,0,0,0,0,0,0,0,0,0,0,0,0,0,0,0,0,0,433.973,0,-221.926,0
"MtrElec",1,14,20,"",220.978,0,0,0,0,0,0,0,0,0,0,0,0,0,0,0,0,0,0,0,0,423.399,0,-202.421,0
"MtrElec",1,14,21,"",392.495,0,0,0,0,0,0,0,0,0,0,0,0,0,0,0,0,0,0,0,0,392.495,0,0,0
"MtrElec",1,14,22,"",335.155,0,0,0,0,0,0,0,0,0,0,0,0,0,0,0,0,0,0,0,0,335.155,0,0,0
"MtrElec",1,14,23,"",311.711,0,0,0,0,0,0,0,0,0,0,0,0,0,0,0,0,0,0,0,0,311.711,0,0,0
"MtrElec",1,14,24,"",193.877,0,0,0,0,0,0,0,0,0,0,0,0,0,0,0,0,0,0,0,0,193.877,0,0,0
"MtrElec",1,15,1,"",222.195,0,0,0,0,0,0,0,0,0,0,0,0,0,0,0,0,0,0,0,0,222.195,0,0,0
"MtrElec",1,15,2,"",156.946,0,0,0,0,0,0,0,0,0,0,0,0,0,0,0,0,0,0,0,0,156.946,0,0,0
"MtrElec",1,15,3,"",157.518,0,0,0,0,0,0,0,0,0,0,0,0,0,0,0,0,0,0,0,0,157.518,0,0,0
"MtrElec",1,15,4,"",157.254,0,0,0,0,0,0,0,0,0,0,0,0,0,0,0,0,0,0,0,0,157.254,0,0,0
"MtrElec",1,15,5,"",155.433,0,0,0,0,0,0,0,0,0,0,0,0,0,0,0,0,0,0,0,0,155.433,0,0,0
"MtrElec",1,15,6,"",199.707,0,0,0,0,0,0,0,0,0,0,0,0,0,0,0,0,0,0,0,0,199.707,0,0,0
"MtrElec",1,15,7,"",229.68,0,0,0,0,0,0,0,0,0,0,0,0,0,0,0,0,0,0,0,0,229.68,0,0,0
"MtrElec",1,15,8,"",191.677,0,0,0,0,0,0,0,0,0,0,0,0,0,0,0,0,0,0,0,0,291.844,0,0,-100.167
"MtrElec",1,15,9,"",73.21,0,0,0,0,0,0,0,0,0,0,0,0,0,0,0,0,0,0,0,0,368.692,0,0,-295.482
"MtrElec",1,15,10,"",-21.1564,0,0,0,0,0,0,0,0,0,0,0,0,0,0,0,0,0,0,0,0,415.793,0,0,-436.95
"MtrElec",1,15,11,"",0,0,0,0,0,0,0,0,0,0,0,0,0,0,0,0,0,0,0,0,0,437.406,0,86.7533,-524.159
"MtrElec",1,15,12,"",0.0000156,0,0,0,0,0,0,0,0,0,0,0,0,0,0,0,0,0,0,0,0,403.789,0,160.753,-564.542
"MtrElec",1,15,13,"",0.0000078,0,0,0,0,0,0,0,0,0,0,0,0,0,0,0,0,0,0,0,0,444.431,0,115.342,-559.773
"MtrElec",1,15,14,"",0,0,0,0,0,0,0,0,0,0,0,0,0,0,0,0,0,0,0,0,0,430.431,0,92.1377,-522.569
"MtrElec",1,15,15,"",112.019,0,0,0,0,0,0,0,0,0,0,0,0,0,0,0,0,0,0,0,0,447.188,0,0,-335.169
"MtrElec",1,15,16,"",137.77,0,0,0,0,0,0,0,0,0,0,0,0,0,0,0,0,0,0,0,0,413.49,0,0,-275.72
"MtrElec",1,15,17,"",382.469,0,0,0,0,0,0,0,0,0,0,0,0,0,0,0,0,0,0,0,0,467.47,0,0,-85.001
"MtrElec",1,15,18,"",408.822,0,0,0,0,0,0,0,0,0,0,0,0,0,0,0,0,0,0,0,0,408.822,0,0,0
"MtrElec",1,15,19,"",224.867,0,0,0,0,0,0,0,0,0,0,0,0,0,0,0,0,0,0,0,0,446.792,0,-221.926,0
"MtrElec",1,15,20,"",236.181,0,0,0,0,0,0,0,0,0,0,0,0,0,0,0,0,0,0,0,0,424.88,0,-188.698,0
"MtrElec",1,15,21,"",419.533,0,0,0,0,0,0,0,0,0,0,0,0,0,0,0,0,0,0,0,0,419.533,0,0,0
"MtrElec",1,15,22,"",267.354,0,0,0,0,0,0,0,0,0,0,0,0,0,0,0,0,0,0,0,0,267.354,0,0,0
"MtrElec",1,15,23,"",276.534,0,0,0,0,0,0,0,0,0,0,0,0,0,0,0,0,0,0,0,0,276.534,0,0,0
"MtrElec",1,15,24,"",196.501,0,0,0,0,0,0,0,0,0,0,0,0,0,0,0,0,0,0,0,0,196.501,0,0,0
"MtrElec",1,16,1,"",212.079,0,0,0,0,0,0,0,0,0,0,0,0,0,0,0,0,0,0,0,0,212.079,0,0,0
"MtrElec",1,16,2,"",155.374,0,0,0,0,0,0,0,0,0,0,0,0,0,0,0,0,0,0,0,0,155.374,0,0,0
"MtrElec",1,16,3,"",151.079,0,0,0,0,0,0,0,0,0,0,0,0,0,0,0,0,0,0,0,0,151.079,0,0,0
"MtrElec",1,16,4,"",168.951,0,0,0,0,0,0,0,0,0,0,0,0,0,0,0,0,0,0,0,0,168.951,0,0,0
"MtrElec",1,16,5,"",151.877,0,0,0,0,0,0,0,0,0,0,0,0,0,0,0,0,0,0,0,0,151.877,0,0,0
"MtrElec",1,16,6,"",196.624,0,0,0,0,0,0,0,0,0,0,0,0,0,0,0,0,0,0,0,0,196.624,0,0,0
"MtrElec",1,16,7,"",221.439,0,0,0,0,0,0,0,0,0,0,0,0,0,0,0,0,0,0,0,0,221.439,0,0,0
"MtrElec",1,16,8,"",260.058,0,0,0,0,0,0,0,0,0,0,0,0,0,0,0,0,0,0,0,0,340.075,0,0,-80.017
"MtrElec",1,16,9,"",185.321,0,0,0,0,0,0,0,0,0,0,0,0,0,0,0,0,0,0,0,0,353.627,0,0,-168.306
"MtrElec",1,16,10,"",35.8236,0,0,0,0,0,0,0,0,0,0,0,0,0,0,0,0,0,0,0,0,418.758,0,0,-382.935
"MtrElec",1,16,11,"",0,0,0,0,0,0,0,0,0,0,0,0,0,0,0,0,0,0,0,0,0,440.647,0,16.7757,-457.423
"MtrElec",1,16,12,"",0.0000039,0,0,0,0,0,0,0,0,0,0,0,0,0,0,0,0,0,0,0,0,420.103,0,49.132,-469.235
"MtrElec",1,16,13,"",0.77,0,0,0,0,0,0,0,0,0,0,0,0,0,0,0,0,0,0,0,0,467.76,0,0,-466.99
"MtrElec",1,16,14,"",0,0,0,0,0,0,0,0,0,0,0,0,0,0,0,0,0,0,0,0,0,412.954,0,12.9559,-425.91
"MtrElec",1,16,15,"",56.4039,0,0,0,0,0,0,0,0,0,0,0,0,0,0,0,0,0,0,0,0,399.254,0,0,-342.851
"MtrElec",1,16,16,"",212.96,0,0,0,0,0,0,0,0,0,0,0,0,0,0,0,0,0,0,0,0,424.835,0,0,-211.875
"MtrElec",1,16,17,"",389.053,0,0,0,0,0,0,0,0,0,0,0,0,0,0,0,0,0,0,0,0,458.008,0,0,-68.9549
"MtrElec",1,16,18,"",413.592,0,0,0,0,0,0,0,0,0,0,0,0,0,0,0,0,0,0,0,0,413.592,0,0,0
"MtrElec",1,16,19,"",367.616,0,0,0,0,0,0,0,0,0,0,0,0,0,0,0,0,0,0,0,0,438.791,0,-71.1745,0
"MtrElec",1,16,20,"",436.42,0,0,0,0,0,0,0,0,0,0,0,0,0,0,0,0,0,0,0,0,436.42,0,0,0
"MtrElec",1,16,21,"",401.09,0,0,0,0,0,0,0,0,0,0,0,0,0,0,0,0,0,0,0,0,401.09,0,0,0
"MtrElec",1,16,22,"",309.852,0,0,0,0,0,0,0,0,0,0,0,0,0,0,0,0,0,0,0,0,309.852,0,0,0
"MtrElec",1,16,23,"",271.391,0,0,0,0,0,0,0,0,0,0,0,0,0,0,0,0,0,0,0,0,271.391,0,0,0
"MtrElec",1,16,24,"",215.399,0,0,0,0,0,0,0,0,0,0,0,0,0,0,0,0,0,0,0,0,215.399,0,0,0
"MtrElec",1,17,1,"",165.62,0,0,0,0,0,0,0,0,0,0,0,0,0,0,0,0,0,0,0,0,165.62,0,0,0
"MtrElec",1,17,2,"",172.053,0,0,0,0,0,0,0,0,0,0,0,0,0,0,0,0,0,0,0,0,172.053,0,0,0
"MtrElec",1,17,3,"",184.547,0,0,0,0,0,0,0,0,0,0,0,0,0,0,0,0,0,0,0,0,184.547,0,0,0
"MtrElec",1,17,4,"",157.682,0,0,0,0,0,0,0,0,0,0,0,0,0,0,0,0,0,0,0,0,157.682,0,0,0
"MtrElec",1,17,5,"",170.739,0,0,0,0,0,0,0,0,0,0,0,0,0,0,0,0,0,0,0,0,170.739,0,0,0
"MtrElec",1,17,6,"",156.867,0,0,0,0,0,0,0,0,0,0,0,0,0,0,0,0,0,0,0,0,156.867,0,0,0
"MtrElec",1,17,7,"",219.223,0,0,0,0,0,0,0,0,0,0,0,0,0,0,0,0,0,0,0,0,219.223,0,0,0
"MtrElec",1,17,8,"",132.357,0,0,0,0,0,0,0,0,0,0,0,0,0,0,0,0,0,0,0,0,229.186,0,0,-96.8289
"MtrElec",1,17,9,"",41.8063,0,0,0,0,0,0,0,0,0,0,0,0,0,0,0,0,0,0,0,0,329.786,0,0,-287.98
"MtrElec",1,17,10,"",23.6227,0,0,0,0,0,0,0,0,0,0,0,0,0,0,0,0,0,0,0,0,452.719,0,0,-429.097
"MtrElec",1,17,11,"",0,0,0,0,0,0,0,0,0,0,0,0,0,0,0,0,0,0,0,0,0,495.644,0,24.924,-520.568
"MtrElec",1,17,12,"",0,0,0,0,0,0,0,0,0,0,0,0,0,0,0,0,0,0,0,0,0,521.058,0,42.5207,-563.578
"MtrElec",1,17,13,"",0,0,0,0,0,0,0,0,0,0,0,0,0,0,0,0,0,0,0,0,0,556.998,0,2.72419,-559.722
"MtrElec",1,17,14,"",0,0,0,0,0,0,0,0,0,0,0,0,0,0,0,0,0,0,0,0,0,496.05,0,15.1695,-511.22
"MtrElec",1,17,15,"",83.2633,0,0,0,0,0,0,0,0,0,0,0,0,0,0,0,0,0,0,0,0,507.72,0,0,-424.456
"MtrElec",1,17,16,"",193.346,0,0,0,0,0,0,0,0,0,0,0,0,0,0,0,0,0,0,0,0,478.645,0,0,-285.299
"MtrElec",1,17,17,"",395.099,0,0,0,0,0,0,0,0,0,0,0,0,0,0,0,0,0,0,0,0,484.183,0,0,-89.0838
"MtrElec",1,17,18,"",487.697,0,0,0,0,0,0,0,0,0,0,0,0,0,0,0,0,0,0,0,0,487.697,0,0,0
"MtrElec",1,17,19,"",398.071,0,0,0,0,0,0,0,0,0,0,0,0,0,0,0,0,0,0,0,0,475.089,0,-77.0179,0
"MtrElec",1,17,20,"",423.972,0,0,0,0,0,0,0,0,0,0,0,0,0,0,0,0,0,0,0,0,423.972,0,0,0
"MtrElec",1,17,21,"",403.977,0,0,0,0,0,0,0,0,0,0,0,0,0,0,0,0,0,0,0,0,403.977,0,0,0
"MtrElec",1,17,22,"",328.012,0,0,0,0,0,0,0,0,0,0,0,0,0,0,0,0,0,0,0,0,328.012,0,0,0
"MtrElec",1,17,23,"",246.367,0,0,0,0,0,0,0,0,0,0,0,0,0,0,0,0,0,0,0,0,246.367,0,0,0
"MtrElec",1,17,24,"",192.47,0,0,0,0,0,0,0,0,0,0,0,0,0,0,0,0,0,0,0,0,192.47,0,0,0
"MtrElec",1,18,1,"",211.234,0,0,0,0,0,0,0,0,0,0,0,0,0,0,0,0,0,0,0,0,211.234,0,0,0
"MtrElec",1,18,2,"",154.87,0,0,0,0,0,0,0,0,0,0,0,0,0,0,0,0,0,0,0,0,154.87,0,0,0
"MtrElec",1,18,3,"",157.925,0,0,0,0,0,0,0,0,0,0,0,0,0,0,0,0,0,0,0,0,157.925,0,0,0
"MtrElec",1,18,4,"",156.39,0,0,0,0,0,0,0,0,0,0,0,0,0,0,0,0,0,0,0,0,156.39,0,0,0
"MtrElec",1,18,5,"",172.63,0,0,0,0,0,0,0,0,0,0,0,0,0,0,0,0,0,0,0,0,172.63,0,0,0
"MtrElec",1,18,6,"",155.689,0,0,0,0,0,0,0,0,0,0,0,0,0,0,0,0,0,0,0,0,155.689,0,0,0
"MtrElec",1,18,7,"",223.691,0,0,0,0,0,0,0,0,0,0,0,0,0,0,0,0,0,0,0,0,223.691,0,0,0
"MtrElec",1,18,8,"",186.451,0,0,0,0,0,0,0,0,0,0,0,0,0,0,0,0,0,0,0,0,286.1,0,0,-99.6495
"MtrElec",1,18,9,"",37.47,0,0,0,0,0,0,0,0,0,0,0,0,0,0,0,0,0,0,0,0,333.929,0,0,-296.459
"MtrElec",1,18,10,"",-67.4328,0,0,0,0,0,0,0,0,0,0,0,0,0,0,0,0,0,0,0,0,377.714,0,0,-445.146
"MtrElec",1,18,11,"",0,0,0,0,0,0,0,0,0,0,0,0,0,0,0,0,0,0,0,0,0,434.901,0,102.88,-537.781
"MtrElec",1,18,12,"",0,0,0,0,0,0,0,0,0,0,0,0,0,0,0,0,0,0,0,0,0,386.746,0,189.353,-576.099
"MtrElec",1,18,13,"",0,0,0,0,0,0,0,0,0,0,0,0,0,0,0,0,0,0,0,0,0,402.602,0,160.006,-562.608
"MtrElec",1,18,14,"",0,0,0,0,0,0,0,0,0,0,0,0,0,0,0,0,0,0,0,0,0,459.148,0,53.804,-512.952
"MtrElec",1,18,15,"",0,0,0,0,0,0,0,0,0,0,0,0,0,0,0,0,0,0,0,0,0,404.987,0,24.1227,-429.11
"MtrElec",1,18,16,"",125.329,0,0,0,0,0,0,0,0,0,0,0,0,0,0,0,0,0,0,0,0,411.118,0,0,-285.79
"MtrElec",1,18,17,"",309.975,0,0,0,0,0,0,0,0,0,0,0,0,0,0,0,0,0,0,0,0,406.178,0,0,-96.203
"MtrElec",1,18,18,"",387.401,0,0,0,0,0,0,0,0,0,0,0,0,0,0,0,0,0,0,0,0,387.401,0,0,0
"MtrElec",1,18,19,"",142.747,0,0,0,0,0,0,0,0,0,0,0,0,0,0,0,0,0,0,0,0,364.672,0,-221.926,0
"MtrElec",1,18,20,"",73.7949,0,0,0,0,0,0,0,0,0,0,0,0,0,0,0,0,0,0,0,0,295.721,0,-221.926,0
"MtrElec",1,18,21,"",246.221,0,0,0,0,0,0,0,0,0,0,0,0,0,0,0,0,0,0,0,0,280.845,0,-34.6235,0
"MtrElec",1,18,22,"",290.888,0,0,0,0,0,0,0,0,0,0,0,0,0,0,0,0,0,0,0,0,290.888,0,0,0
"MtrElec",1,18,23,"",254.351,0,0,0,0,0,0,0,0,0,0,0,0,0,0,0,0,0,0,0,0,254.351,0,0,0
"MtrElec",1,18,24,"",199.763,0,0,0,0,0,0,0,0,0,0,0,0,0,0,0,0,0,0,0,0,199.763,0,0,0
"MtrElec",1,19,1,"",174.719,0,0,0,0,0,0,0,0,0,0,0,0,0,0,0,0,0,0,0,0,174.719,0,0,0
"MtrElec",1,19,2,"",156.027,0,0,0,0,0,0,0,0,0,0,0,0,0,0,0,0,0,0,0,0,156.027,0,0,0
"MtrElec",1,19,3,"",151.925,0,0,0,0,0,0,0,0,0,0,0,0,0,0,0,0,0,0,0,0,151.925,0,0,0
"MtrElec",1,19,4,"",152.294,0,0,0,0,0,0,0,0,0,0,0,0,0,0,0,0,0,0,0,0,152.294,0,0,0
"MtrElec",1,19,5,"",199.769,0,0,0,0,0,0,0,0,0,0,0,0,0,0,0,0,0,0,0,0,199.769,0,0,0
"MtrElec",1,19,6,"",152.709,0,0,0,0,0,0,0,0,0,0,0,0,0,0,0,0,0,0,0,0,152.709,0,0,0
"MtrElec",1,19,7,"",217.868,0,0,0,0,0,0,0,0,0,0,0,0,0,0,0,0,0,0,0,0,217.868,0,0,0
"MtrElec",1,19,8,"",168.937,0,0,0,0,0,0,0,0,0,0,0,0,0,0,0,0,0,0,0,0,258.484,0,0,-89.5466
"MtrElec",1,19,9,"",95.2001,0,0,0,0,0,0,0,0,0,0,0,0,0,0,0,0,0,0,0,0,381.501,0,0,-286.301
"MtrElec",1,19,10,"",-35.3185,0,0,0,0,0,0,0,0,0,0,0,0,0,0,0,0,0,0,0,0,387.602,0,0,-422.921
"MtrElec",1,19,11,"",0,0,0,0,0,0,0,0,0,0,0,0,0,0,0,0,0,0,0,0,0,371.237,0,105.015,-476.253
"MtrElec",1,19,12,"",0,0,0,0,0,0,0,0,0,0,0,0,0,0,0,0,0,0,0,0,0,443.367,0,138.062,-581.428
"MtrElec",1,19,13,"",0,0,0,0,0,0,0,0,0,0,0,0,0,0,0,0,0,0,0,0,0,444.073,0,133.932,-578.005
"MtrElec",1,19,14,"",0.0000156,0,0,0,0,0,0,0,0,0,0,0,0,0,0,0,0,0,0,0,0,397.77,0,132.744,-530.514
"MtrElec",1,19,15,"",0,0,0,0,0,0,0,0,0,0,0,0,0,0,0,0,0,0,0,0,0,304.11,0,134.446,-438.556
"MtrElec",1,19,16,"",83.9415,0,0,0,0,0,0,0,0,0,0,0,0,0,0,0,0,0,0,0,0,378.505,0,0,-294.564
"MtrElec",1,19,17,"",307.664,0,0,0,0,0,0,0,0,0,0,0,0,0,0,0,0,0,0,0,0,408.297,0,0,-100.633
"MtrElec",1,19,18,"",419.383,0,0,0,0,0,0,0,0,0,0,0,0,0,0,0,0,0,0,0,0,419.383,0,0,0
"MtrElec",1,19,19,"",178.366,0,0,0,0,0,0,0,0,0,0,0,0,0,0,0,0,0,0,0,0,400.292,0,-221.926,0
"MtrElec",1,19,20,"",113.398,0,0,0,0,0,0,0,0,0,0,0,0,0,0,0,0,0,0,0,0,335.324,0,-221.926,0
"MtrElec",1,19,21,"",197.928,0,0,0,0,0,0,0,0,0,0,0,0,0,0,0,0,0,0,0,0,335.466,0,-137.538,0
"MtrElec",1,19,22,"",278.751,0,0,0,0,0,0,0,0,0,0,0,0,0,0,0,0,0,0,0,0,278.751,0,0,0
"MtrElec",1,19,23,"",215.287,0,0,0,0,0,0,0,0,0,0,0,0,0,0,0,0,0,0,0,0,215.287,0,0,0
"MtrElec",1,19,24,"",239.693,0,0,0,0,0,0,0,0,0,0,0,0,0,0,0,0,0,0,0,0,239.693,0,0,0
"MtrElec",1,20,1,"",158.528,0,0,0,0,0,0,0,0,0,0,0,0,0,0,0,0,0,0,0,0,158.528,0,0,0
"MtrElec",1,20,2,"",154.099,0,0,0,0,0,0,0,0,0,0,0,0,0,0,0,0,0,0,0,0,154.099,0,0,0
"MtrElec",1,20,3,"",150.662,0,0,0,0,0,0,0,0,0,0,0,0,0,0,0,0,0,0,0,0,150.662,0,0,0
"MtrElec",1,20,4,"",154.598,0,0,0,0,0,0,0,0,0,0,0,0,0,0,0,0,0,0,0,0,154.598,0,0,0
"MtrElec",1,20,5,"",151.941,0,0,0,0,0,0,0,0,0,0,0,0,0,0,0,0,0,0,0,0,151.941,0,0,0
"MtrElec",1,20,6,"",217.51,0,0,0,0,0,0,0,0,0,0,0,0,0,0,0,0,0,0,0,0,217.51,0,0,0
"MtrElec",1,20,7,"",248.497,0,0,0,0,0,0,0,0,0,0,0,0,0,0,0,0,0,0,0,0,248.497,0,0,0
"MtrElec",1,20,8,"",228.692,0,0,0,0,0,0,0,0,0,0,0,0,0,0,0,0,0,0,0,0,334.884,0,0,-106.192
"MtrElec",1,20,9,"",44.9297,0,0,0,0,0,0,0,0,0,0,0,0,0,0,0,0,0,0,0,0,362.533,0,0,-317.603
"MtrElec",1,20,10,"",-42.2508,0,0,0,0,0,0,0,0,0,0,0,0,0,0,0,0,0,0,0,0,424.323,0,0,-466.574
"MtrElec",1,20,11,"",0.0000078,0,0,0,0,0,0,0,0,0,0,0,0,0,0,0,0,0,0,0,0,437.788,0,120.714,-558.501
"MtrElec",1,20,12,"",0.0000156,0,0,0,0,0,0,0,0,0,0,0,0,0,0,0,0,0,0,0,0,436.116,0,166.236,-602.352
"MtrElec",1,20,13,"",0.0000078,0,0,0,0,0,0,0,0,0,0,0,0,0,0,0,0,0,0,0,0,495.095,0,114.75,-609.845
"MtrElec",1,20,14,"",0,0,0,0,0,0,0,0,0,0,0,0,0,0,0,0,0,0,0,0,0,381.621,0,175.835,-557.455
"MtrElec",1,20,15,"",0,0,0,0,0,0,0,0,0,0,0,0,0,0,0,0,0,0,0,0,0,427.729,0,22.2692,-449.998
"MtrElec",1,20,16,"",124.423,0,0,0,0,0,0,0,0,0,0,0,0,0,0,0,0,0,0,0,0,431.138,0,0,-306.714
"MtrElec",1,20,17,"",317.348,0,0,0,0,0,0,0,0,0,0,0,0,0,0,0,0,0,0,0,0,432.27,0,0,-114.922
"MtrElec",1,20,18,"",455.201,0,0,0,0,0,0,0,0,0,0,0,0,0,0,0,0,0,0,0,0,455.739,0,0,-0.538317
"MtrElec",1,20,19,"",196.195,0,0,0,0,0,0,0,0,0,0,0,0,0,0,0,0,0,0,0,0,418.12,0,-221.926,0
"MtrElec",1,20,20,"",207.069,0,0,0,0,0,0,0,0,0,0,0,0,0,0,0,0,0,0,0,0,428.995,0,-221.926,0
"MtrElec",1,20,21,"",313.599,0,0,0,0,0,0,0,0,0,0,0,0,0,0,0,0,0,0,0,0,411.071,0,-97.4714,0
"MtrElec",1,20,22,"",329.808,0,0,0,0,0,0,0,0,0,0,0,0,0,0,0,0,0,0,0,0,329.808,0,0,0
"MtrElec",1,20,23,"",257.096,0,0,0,0,0,0,0,0,0,0,0,0,0,0,0,0,0,0,0,0,257.096,0,0,0
"MtrElec",1,20,24,"",262.965,0,0,0,0,0,0,0,0,0,0,0,0,0,0,0,0,0,0,0,0,262.965,0,0,0
"MtrElec",1,21,1,"",164.403,0,0,0,0,0,0,0,0,0,0,0,0,0,0,0,0,0,0,0,0,164.403,0,0,0
"MtrElec",1,21,2,"",156.504,0,0,0,0,0,0,0,0,0,0,0,0,0,0,0,0,0,0,0,0,156.504,0,0,0
"MtrElec",1,21,3,"",150.036,0,0,0,0,0,0,0,0,0,0,0,0,0,0,0,0,0,0,0,0,150.036,0,0,0
"MtrElec",1,21,4,"",153.685,0,0,0,0,0,0,0,0,0,0,0,0,0,0,0,0,0,0,0,0,153.685,0,0,0
"MtrElec",1,21,5,"",146.939,0,0,0,0,0,0,0,0,0,0,0,0,0,0,0,0,0,0,0,0,146.939,0,0,0
"MtrElec",1,21,6,"",200.443,0,0,0,0,0,0,0,0,0,0,0,0,0,0,0,0,0,0,0,0,200.443,0,0,0
"MtrElec",1,21,7,"",248.477,0,0,0,0,0,0,0,0,0,0,0,0,0,0,0,0,0,0,0,0,248.477,0,0,0
"MtrElec",1,21,8,"",184.375,0,0,0,0,0,0,0,0,0,0,0,0,0,0,0,0,0,0,0,0,291.577,0,0,-107.202
"MtrElec",1,21,9,"",34.4572,0,0,0,0,0,0,0,0,0,0,0,0,0,0,0,0,0,0,0,0,347.912,0,0,-313.455
"MtrElec",1,21,10,"",-77.9957,0,0,0,0,0,0,0,0,0,0,0,0,0,0,0,0,0,0,0,0,384.927,0,0,-462.923
"MtrElec",1,21,11,"",0,0,0,0,0,0,0,0,0,0,0,0,0,0,0,0,0,0,0,0,0,425.804,0,123.741,-549.545
"MtrElec",1,21,12,"",0,0,0,0,0,0,0,0,0,0,0,0,0,0,0,0,0,0,0,0,0,403.632,0,191.024,-594.656
"MtrElec",1,21,13,"",0,0,0,0,0,0,0,0,0,0,0,0,0,0,0,0,0,0,0,0,0,439.132,0,152.99,-592.122
"MtrElec",1,21,14,"",0,0,0,0,0,0,0,0,0,0,0,0,0,0,0,0,0,0,0,0,0,408.365,0,134.944,-543.309
"MtrElec",1,21,15,"",0,0,0,0,0,0,0,0,0,0,0,0,0,0,0,0,0,0,0,0,0,400.561,0,60.8784,-461.44
"MtrElec",1,21,16,"",83.3463,0,0,0,0,0,0,0,0,0,0,0,0,0,0,0,0,0,0,0,0,397.716,0,0,-314.369
"MtrElec",1,21,17,"",316.047,0,0,0,0,0,0,0,0,0,0,0,0,0,0,0,0,0,0,0,0,434.075,0,0,-118.028
"MtrElec",1,21,18,"",381.631,0,0,0,0,0,0,0,0,0,0,0,0,0,0,0,0,0,0,0,0,382.388,0,0,-0.757524
"MtrElec",1,21,19,"",204.203,0,0,0,0,0,0,0,0,0,0,0,0,0,0,0,0,0,0,0,0,426.129,0,-221.926,0
"MtrElec",1,21,20,"",202.411,0,0,0,0,0,0,0,0,0,0,0,0,0,0,0,0,0,0,0,0,424.337,0,-221.926,0
"MtrElec",1,21,21,"",190.231,0,0,0,0,0,0,0,0,0,0,0,0,0,0,0,0,0,0,0,0,345.257,0,-155.027,0
"MtrElec",1,21,22,"",321.522,0,0,0,0,0,0,0,0,0,0,0,0,0,0,0,0,0,0,0,0,321.522,0,0,0
"MtrElec",1,21,23,"",303.072,0,0,0,0,0,0,0,0,0,0,0,0,0,0,0,0,0,0,0,0,303.072,0,0,0
"MtrElec",1,21,24,"",232.374,0,0,0,0,0,0,0,0,0,0,0,0,0,0,0,0,0,0,0,0,232.374,0,0,0
"MtrElec",1,22,1,"",154.899,0,0,0,0,0,0,0,0,0,0,0,0,0,0,0,0,0,0,0,0,154.899,0,0,0
"MtrElec",1,22,2,"",161.55,0,0,0,0,0,0,0,0,0,0,0,0,0,0,0,0,0,0,0,0,161.55,0,0,0
"MtrElec",1,22,3,"",151.691,0,0,0,0,0,0,0,0,0,0,0,0,0,0,0,0,0,0,0,0,151.691,0,0,0
"MtrElec",1,22,4,"",151.43,0,0,0,0,0,0,0,0,0,0,0,0,0,0,0,0,0,0,0,0,151.43,0,0,0
"MtrElec",1,22,5,"",195.409,0,0,0,0,0,0,0,0,0,0,0,0,0,0,0,0,0,0,0,0,195.409,0,0,0
"MtrElec",1,22,6,"",162.599,0,0,0,0,0,0,0,0,0,0,0,0,0,0,0,0,0,0,0,0,162.599,0,0,0
"MtrElec",1,22,7,"",278.503,0,0,0,0,0,0,0,0,0,0,0,0,0,0,0,0,0,0,0,0,278.503,0,0,0
"MtrElec",1,22,8,"",257.31,0,0,0,0,0,0,0,0,0,0,0,0,0,0,0,0,0,0,0,0,360.049,0,0,-102.739
"MtrElec",1,22,9,"",71.8478,0,0,0,0,0,0,0,0,0,0,0,0,0,0,0,0,0,0,0,0,375.977,0,0,-304.129
"MtrElec",1,22,10,"",-41.0011,0,0,0,0,0,0,0,0,0,0,0,0,0,0,0,0,0,0,0,0,423.327,0,0,-464.328
"MtrElec",1,22,11,"",0,0,0,0,0,0,0,0,0,0,0,0,0,0,0,0,0,0,0,0,0,446.461,0,115.914,-562.375
"MtrElec",1,22,12,"",0,0,0,0,0,0,0,0,0,0,0,0,0,0,0,0,0,0,0,0,0,400.558,0,201.4,-601.958
"MtrElec",1,22,13,"",0,0,0,0,0,0,0,0,0,0,0,0,0,0,0,0,0,0,0,0,0,371.091,0,218.645,-589.736
"MtrElec",1,22,14,"",0,0,0,0,0,0,0,0,0,0,0,0,0,0,0,0,0,0,0,0,0,410.235,0,129.412,-539.647
"MtrElec",1,22,15,"",0,0,0,0,0,0,0,0,0,0,0,0,0,0,0,0,0,0,0,0,0,352.133,0,89.9582,-442.091
"MtrElec",1,22,16,"",98.7786,0,0,0,0,0,0,0,0,0,0,0,0,0,0,0,0,0,0,0,0,396.583,0,0,-297.804
"MtrElec",1,22,17,"",273.728,0,0,0,0,0,0,0,0,0,0,0,0,0,0,0,0,0,0,0,0,383.023,0,0,-109.295
"MtrElec",1,22,18,"",408.14,0,0,0,0,0,0,0,0,0,0,0,0,0,0,0,0,0,0,0,0,408.14,0,0,0
"MtrElec",1,22,19,"",175.452,0,0,0,0,0,0,0,0,0,0,0,0,0,0,0,0,0,0,0,0,397.378,0,-221.926,0
"MtrElec",1,22,20,"",211.672,0,0,0,0,0,0,0,0,0,0,0,0,0,0,0,0,0,0,0,0,433.598,0,-221.926,0
"MtrElec",1,22,21,"",152.813,0,0,0,0,0,0,0,0,0,0,0,0,0,0,0,0,0,0,0,0,374.738,0,-221.926,0
"MtrElec",1,22,22,"",268.245,0,0,0,0,0,0,0,0,0,0,0,0,0,0,0,0,0,0,0,0,284.152,0,-15.9072,0
"MtrElec",1,22,23,"",311.37,0,0,0,0,0,0,0,0,0,0,0,0,0,0,0,0,0,0,0,0,311.37,0,0,0
"MtrElec",1,22,24,"",204.138,0,0,0,0,0,0,0,0,0,0,0,0,0,0,0,0,0,0,0,0,204.138,0,0,0
"MtrElec",1,23,1,"",182.621,0,0,0,0,0,0,0,0,0,0,0,0,0,0,0,0,0,0,0,0,182.621,0,0,0
"MtrElec",1,23,2,"",157.935,0,0,0,0,0,0,0,0,0,0,0,0,0,0,0,0,0,0,0,0,157.935,0,0,0
"MtrElec",1,23,3,"",195.682,0,0,0,0,0,0,0,0,0,0,0,0,0,0,0,0,0,0,0,0,195.682,0,0,0
"MtrElec",1,23,4,"",150.597,0,0,0,0,0,0,0,0,0,0,0,0,0,0,0,0,0,0,0,0,150.597,0,0,0
"MtrElec",1,23,5,"",154.649,0,0,0,0,0,0,0,0,0,0,0,0,0,0,0,0,0,0,0,0,154.649,0,0,0
"MtrElec",1,23,6,"",158.631,0,0,0,0,0,0,0,0,0,0,0,0,0,0,0,0,0,0,0,0,158.631,0,0,0
"MtrElec",1,23,7,"",320.861,0,0,0,0,0,0,0,0,0,0,0,0,0,0,0,0,0,0,0,0,320.861,0,0,0
"MtrElec",1,23,8,"",251.462,0,0,0,0,0,0,0,0,0,0,0,0,0,0,0,0,0,0,0,0,361.738,0,0,-110.276
"MtrElec",1,23,9,"",96.62,0,0,0,0,0,0,0,0,0,0,0,0,0,0,0,0,0,0,0,0,420.345,0,0,-323.725
"MtrElec",1,23,10,"",-57.614,0,0,0,0,0,0,0,0,0,0,0,0,0,0,0,0,0,0,0,0,420.052,0,0,-477.666
"MtrElec",1,23,11,"",0,0,0,0,0,0,0,0,0,0,0,0,0,0,0,0,0,0,0,0,0,414.851,0,161.756,-576.607
"MtrElec",1,23,12,"",0,0,0,0,0,0,0,0,0,0,0,0,0,0,0,0,0,0,0,0,0,433.038,0,189.527,-622.565
"MtrElec",1,23,13,"",0.0000078,0,0,0,0,0,0,0,0,0,0,0,0,0,0,0,0,0,0,0,0,525.285,0,94.8286,-620.114
"MtrElec",1,23,14,"",0,0,0,0,0,0,0,0,0,0,0,0,0,0,0,0,0,0,0,0,0,361.011,0,214.693,-575.704
"MtrElec",1,23,15,"",0,0,0,0,0,0,0,0,0,0,0,0,0,0,0,0,0,0,0,0,0,424.689,0,51.836,-476.525
"MtrElec",1,23,16,"",119.709,0,0,0,0,0,0,0,0,0,0,0,0,0,0,0,0,0,0,0,0,418.871,0,0,-299.162
"MtrElec",1,23,17,"",342.955,0,0,0,0,0,0,0,0,0,0,0,0,0,0,0,0,0,0,0,0,420.789,0,0,-77.8334
"MtrElec",1,23,18,"",456.981,0,0,0,0,0,0,0,0,0,0,0,0,0,0,0,0,0,0,0,0,456.981,0,0,0
"MtrElec",1,23,19,"",270.6,0,0,0,0,0,0,0,0,0,0,0,0,0,0,0,0,0,0,0,0,492.525,0,-221.926,0
"MtrElec",1,23,20,"",202.606,0,0,0,0,0,0,0,0,0,0,0,0,0,0,0,0,0,0,0,0,424.532,0,-221.926,0
"MtrElec",1,23,21,"",258.387,0,0,0,0,0,0,0,0,0,0,0,0,0,0,0,0,0,0,0,0,457.694,0,-199.307,0
"MtrElec",1,23,22,"",280.108,0,0,0,0,0,0,0,0,0,0,0,0,0,0,0,0,0,0,0,0,280.108,0,0,0
"MtrElec",1,23,23,"",290.442,0,0,0,0,0,0,0,0,0,0,0,0,0,0,0,0,0,0,0,0,290.442,0,0,0
"MtrElec",1,23,24,"",193.564,0,0,0,0,0,0,0,0,0,0,0,0,0,0,0,0,0,0,0,0,193.564,0,0,0
"MtrElec",1,24,1,"",203.926,0,0,0,0,0,0,0,0,0,0,0,0,0,0,0,0,0,0,0,0,203.926,0,0,0
"MtrElec",1,24,2,"",154.791,0,0,0,0,0,0,0,0,0,0,0,0,0,0,0,0,0,0,0,0,154.791,0,0,0
"MtrElec",1,24,3,"",151.041,0,0,0,0,0,0,0,0,0,0,0,0,0,0,0,0,0,0,0,0,151.041,0,0,0
"MtrElec",1,24,4,"",157.953,0,0,0,0,0,0,0,0,0,0,0,0,0,0,0,0,0,0,0,0,157.953,0,0,0
"MtrElec",1,24,5,"",170.741,0,0,0,0,0,0,0,0,0,0,0,0,0,0,0,0,0,0,0,0,170.741,0,0,0
"MtrElec",1,24,6,"",161.054,0,0,0,0,0,0,0,0,0,0,0,0,0,0,0,0,0,0,0,0,161.054,0,0,0
"MtrElec",1,24,7,"",231.799,0,0,0,0,0,0,0,0,0,0,0,0,0,0,0,0,0,0,0,0,231.799,0,0,0
"MtrElec",1,24,8,"",104.593,0,0,0,0,0,0,0,0,0,0,0,0,0,0,0,0,0,0,0,0,210.177,0,0,-105.584
"MtrElec",1,24,9,"",25.6062,0,0,0,0,0,0,0,0,0,0,0,0,0,0,0,0,0,0,0,0,331.65,0,0,-306.044
"MtrElec",1,24,10,"",-36.8899,0,0,0,0,0,0,0,0,0,0,0,0,0,0,0,0,0,0,0,0,418.622,0,0,-455.512
"MtrElec",1,24,11,"",0.0000078,0,0,0,0,0,0,0,0,0,0,0,0,0,0,0,0,0,0,0,0,472.076,0,74.1867,-546.263
"MtrElec",1,24,12,"",0.0000078,0,0,0,0,0,0,0,0,0,0,0,0,0,0,0,0,0,0,0,0,523.46,0,66.846,-590.306
"MtrElec",1,24,13,"",0.0000156,0,0,0,0,0,0,0,0,0,0,0,0,0,0,0,0,0,0,0,0,445.997,0,142.23,-588.227
"MtrElec",1,24,14,"",0,0,0,0,0,0,0,0,0,0,0,0,0,0,0,0,0,0,0,0,0,449.778,0,98.8033,-548.581
"MtrElec",1,24,15,"",21.6263,0,0,0,0,0,0,0,0,0,0,0,0,0,0,0,0,0,0,0,0,473.568,0,0,-451.941
"MtrElec",1,24,16,"",201.184,0,0,0,0,0,0,0,0,0,0,0,0,0,0,0,0,0,0,0,0,439.897,0,0,-238.712
"MtrElec",1,24,17,"",322.42,0,0,0,0,0,0,0,0,0,0,0,0,0,0,0,0,0,0,0,0,440.33,0,0,-117.91
"MtrElec",1,24,18,"",441.589,0,0,0,0,0,0,0,0,0,0,0,0,0,0,0,0,0,0,0,0,442.517,0,0,-0.928224
"MtrElec",1,24,19,"",193.062,0,0,0,0,0,0,0,0,0,0,0,0,0,0,0,0,0,0,0,0,414.988,0,-221.926,0
"MtrElec",1,24,20,"",281.392,0,0,0,0,0,0,0,0,0,0,0,0,0,0,0,0,0,0,0,0,404.281,0,-122.889,0
"MtrElec",1,24,21,"",308.036,0,0,0,0,0,0,0,0,0,0,0,0,0,0,0,0,0,0,0,0,308.036,0,0,0
"MtrElec",1,24,22,"",322.614,0,0,0,0,0,0,0,0,0,0,0,0,0,0,0,0,0,0,0,0,322.614,0,0,0
"MtrElec",1,24,23,"",276.945,0,0,0,0,0,0,0,0,0,0,0,0,0,0,0,0,0,0,0,0,276.945,0,0,0
"MtrElec",1,24,24,"",232.312,0,0,0,0,0,0,0,0,0,0,0,0,0,0,0,0,0,0,0,0,232.312,0,0,0
"MtrElec",1,25,1,"",208.538,0,0,0,0,0,0,0,0,0,0,0,0,0,0,0,0,0,0,0,0,208.538,0,0,0
"MtrElec",1,25,2,"",161.872,0,0,0,0,0,0,0,0,0,0,0,0,0,0,0,0,0,0,0,0,161.872,0,0,0
"MtrElec",1,25,3,"",151.99,0,0,0,0,0,0,0,0,0,0,0,0,0,0,0,0,0,0,0,0,151.99,0,0,0
"MtrElec",1,25,4,"",153.536,0,0,0,0,0,0,0,0,0,0,0,0,0,0,0,0,0,0,0,0,153.536,0,0,0
"MtrElec",1,25,5,"",169.227,0,0,0,0,0,0,0,0,0,0,0,0,0,0,0,0,0,0,0,0,169.227,0,0,0
"MtrElec",1,25,6,"",199.277,0,0,0,0,0,0,0,0,0,0,0,0,0,0,0,0,0,0,0,0,199.277,0,0,0
"MtrElec",1,25,7,"",171.133,0,0,0,0,0,0,0,0,0,0,0,0,0,0,0,0,0,0,0,0,171.133,0,0,0
"MtrElec",1,25,8,"",193.62,0,0,0,0,0,0,0,0,0,0,0,0,0,0,0,0,0,0,0,0,230.463,0,0,-36.8431
"MtrElec",1,25,9,"",23.7354,0,0,0,0,0,0,0,0,0,0,0,0,0,0,0,0,0,0,0,0,254.999,0,0,-231.264
"MtrElec",1,25,10,"",2.06641,0,0,0,0,0,0,0,0,0,0,0,0,0,0,0,0,0,0,0,0,345.315,0,0,-343.249
"MtrElec",1,25,11,"",0.0000010,0,0,0,0,0,0,0,0,0,0,0,0,0,0,0,0,0,0,0,0,485.507,0,13.6492,-499.156
"MtrElec",1,25,12,"",0,0,0,0,0,0,0,0,0,0,0,0,0,0,0,0,0,0,0,0,0,373.752,0,193.389,-567.141
"MtrElec",1,25,13,"",0,0,0,0,0,0,0,0,0,0,0,0,0,0,0,0,0,0,0,0,0,357.251,0,188.026,-545.277
"MtrElec",1,25,14,"",0,0,0,0,0,0,0,0,0,0,0,0,0,0,0,0,0,0,0,0,0,369.855,0,177.956,-547.811
"MtrElec",1,25,15,"",0.0000078,0,0,0,0,0,0,0,0,0,0,0,0,0,0,0,0,0,0,0,0,391.857,0,67.2845,-459.141
"MtrElec",1,25,16,"",51.4551,0,0,0,0,0,0,0,0,0,0,0,0,0,0,0,0,0,0,0,0,360.619,0,0,-309.164
"MtrElec",1,25,17,"",224.268,0,0,0,0,0,0,0,0,0,0,0,0,0,0,0,0,0,0,0,0,339.439,0,0,-115.171
"MtrElec",1,25,18,"",356.829,0,0,0,0,0,0,0,0,0,0,0,0,0,0,0,0,0,0,0,0,357.425,0,0,-0.596421
"MtrElec",1,25,19,"",170.62,0,0,0,0,0,0,0,0,0,0,0,0,0,0,0,0,0,0,0,0,392.546,0,-221.926,0
"MtrElec",1,25,20,"",132.336,0,0,0,0,0,0,0,0,0,0,0,0,0,0,0,0,0,0,0,0,354.262,0,-221.926,0
"MtrElec",1,25,21,"",144.411,0,0,0,0,0,0,0,0,0,0,0,0,0,0,0,0,0,0,0,0,278.435,0,-134.023,0
"MtrElec",1,25,22,"",325.798,0,0,0,0,0,0,0,0,0,0,0,0,0,0,0,0,0,0,0,0,325.798,0,0,0
"MtrElec",1,25,23,"",265.527,0,0,0,0,0,0,0,0,0,0,0,0,0,0,0,0,0,0,0,0,265.527,0,0,0
"MtrElec",1,25,24,"",220.34,0,0,0,0,0,0,0,0,0,0,0,0,0,0,0,0,0,0,0,0,220.34,0,0,0
"MtrElec",1,26,1,"",167.149,0,0,0,0,0,0,0,0,0,0,0,0,0,0,0,0,0,0,0,0,167.149,0,0,0
"MtrElec",1,26,2,"",156.61,0,0,0,0,0,0,0,0,0,0,0,0,0,0,0,0,0,0,0,0,156.61,0,0,0
"MtrElec",1,26,3,"",151.081,0,0,0,0,0,0,0,0,0,0,0,0,0,0,0,0,0,0,0,0,151.081,0,0,0
"MtrElec",1,26,4,"",158.245,0,0,0,0,0,0,0,0,0,0,0,0,0,0,0,0,0,0,0,0,158.245,0,0,0
"MtrElec",1,26,5,"",199.127,0,0,0,0,0,0,0,0,0,0,0,0,0,0,0,0,0,0,0,0,199.127,0,0,0
"MtrElec",1,26,6,"",159.924,0,0,0,0,0,0,0,0,0,0,0,0,0,0,0,0,0,0,0,0,159.924,0,0,0
"MtrElec",1,26,7,"",317.061,0,0,0,0,0,0,0,0,0,0,0,0,0,0,0,0,0,0,0,0,317.061,0,0,0
"MtrElec",1,26,8,"",266.117,0,0,0,0,0,0,0,0,0,0,0,0,0,0,0,0,0,0,0,0,328.06,0,0,-61.9427
"MtrElec",1,26,9,"",148.84,0,0,0,0,0,0,0,0,0,0,0,0,0,0,0,0,0,0,0,0,425.617,0,0,-276.777
"MtrElec",1,26,10,"",32.5298,0,0,0,0,0,0,0,0,0,0,0,0,0,0,0,0,0,0,0,0,417.844,0,0,-385.314
"MtrElec",1,26,11,"",0.0000020,0,0,0,0,0,0,0,0,0,0,0,0,0,0,0,0,0,0,0,0,420.536,0,20.2118,-440.748
"MtrElec",1,26,12,"",0,0,0,0,0,0,0,0,0,0,0,0,0,0,0,0,0,0,0,0,0,428.05,0,121.969,-550.019
"MtrElec",1,26,13,"",0,0,0,0,0,0,0,0,0,0,0,0,0,0,0,0,0,0,0,0,0,461.001,0,17.1603,-478.161
"MtrElec",1,26,14,"",0,0,0,0,0,0,0,0,0,0,0,0,0,0,0,0,0,0,0,0,0,406.284,0,69.4842,-475.768
"MtrElec",1,26,15,"",0,0,0,0,0,0,0,0,0,0,0,0,0,0,0,0,0,0,0,0,0,417.861,0,33.8013,-451.662
"MtrElec",1,26,16,"",58.9909,0,0,0,0,0,0,0,0,0,0,0,0,0,0,0,0,0,0,0,0,380.535,0,0,-321.545
"MtrElec",1,26,17,"",334.827,0,0,0,0,0,0,0,0,0,0,0,0,0,0,0,0,0,0,0,0,460.885,0,0,-126.057
"MtrElec",1,26,18,"",446.424,0,0,0,0,0,0,0,0,0,0,0,0,0,0,0,0,0,0,0,0,447.775,0,0,-1.3508
"MtrElec",1,26,19,"",197.525,0,0,0,0,0,0,0,0,0,0,0,0,0,0,0,0,0,0,0,0,419.451,0,-221.926,0
"MtrElec",1,26,20,"",443.244,0,0,0,0,0,0,0,0,0,0,0,0,0,0,0,0,0,0,0,0,458.339,0,-15.0951,0
"MtrElec",1,26,21,"",425.862,0,0,0,0,0,0,0,0,0,0,0,0,0,0,0,0,0,0,0,0,425.862,0,0,0
"MtrElec",1,26,22,"",298.595,0,0,0,0,0,0,0,0,0,0,0,0,0,0,0,0,0,0,0,0,298.595,0,0,0
"MtrElec",1,26,23,"",271.8,0,0,0,0,0,0,0,0,0,0,0,0,0,0,0,0,0,0,0,0,271.8,0,0,0
"MtrElec",1,26,24,"",211.374,0,0,0,0,0,0,0,0,0,0,0,0,0,0,0,0,0,0,0,0,211.374,0,0,0
"MtrElec",1,27,1,"",160.877,0,0,0,0,0,0,0,0,0,0,0,0,0,0,0,0,0,0,0,0,160.877,0,0,0
"MtrElec",1,27,2,"",158.73,0,0,0,0,0,0,0,0,0,0,0,0,0,0,0,0,0,0,0,0,158.73,0,0,0
"MtrElec",1,27,3,"",150.664,0,0,0,0,0,0,0,0,0,0,0,0,0,0,0,0,0,0,0,0,150.664,0,0,0
"MtrElec",1,27,4,"",156.956,0,0,0,0,0,0,0,0,0,0,0,0,0,0,0,0,0,0,0,0,156.956,0,0,0
"MtrElec",1,27,5,"",182.641,0,0,0,0,0,0,0,0,0,0,0,0,0,0,0,0,0,0,0,0,182.641,0,0,0
"MtrElec",1,27,6,"",178.02,0,0,0,0,0,0,0,0,0,0,0,0,0,0,0,0,0,0,0,0,178.02,0,0,0
"MtrElec",1,27,7,"",252.366,0,0,0,0,0,0,0,0,0,0,0,0,0,0,0,0,0,0,0,0,252.366,0,0,0
"MtrElec",1,27,8,"",214.541,0,0,0,0,0,0,0,0,0,0,0,0,0,0,0,0,0,0,0,0,324.902,0,0,-110.361
"MtrElec",1,27,9,"",38.6999,0,0,0,0,0,0,0,0,0,0,0,0,0,0,0,0,0,0,0,0,352.085,0,0,-313.385
"MtrElec",1,27,10,"",18.0181,0,0,0,0,0,0,0,0,0,0,0,0,0,0,0,0,0,0,0,0,476.328,0,0,-458.31
"MtrElec",1,27,11,"",0,0,0,0,0,0,0,0,0,0,0,0,0,0,0,0,0,0,0,0,0,462.526,0,95.6094,-558.135
"MtrElec",1,27,12,"",-2.79484,0,0,0,0,0,0,0,0,0,0,0,0,0,0,0,0,0,0,0,0,378.516,0,221.926,-603.236
"MtrElec",1,27,13,"",0,0,0,0,0,0,0,0,0,0,0,0,0,0,0,0,0,0,0,0,0,451.856,0,150.993,-602.849
"MtrElec",1,27,14,"",0,0,0,0,0,0,0,0,0,0,0,0,0,0,0,0,0,0,0,0,0,415.991,0,138.705,-554.696
"MtrElec",1,27,15,"",0,0,0,0,0,0,0,0,0,0,0,0,0,0,0,0,0,0,0,0,0,382.852,0,75.2261,-458.078
"MtrElec",1,27,16,"",113.33,0,0,0,0,0,0,0,0,0,0,0,0,0,0,0,0,0,0,0,0,435.225,0,0,-321.895
"MtrElec",1,27,17,"",345.193,0,0,0,0,0,0,0,0,0,0,0,0,0,0,0,0,0,0,0,0,471.913,0,0,-126.719
"MtrElec",1,27,18,"",392.807,0,0,0,0,0,0,0,0,0,0,0,0,0,0,0,0,0,0,0,0,394.252,0,0,-1.44547
"MtrElec",1,27,19,"",199.228,0,0,0,0,0,0,0,0,0,0,0,0,0,0,0,0,0,0,0,0,421.154,0,-221.926,0
"MtrElec",1,27,20,"",210.775,0,0,0,0,0,0,0,0,0,0,0,0,0,0,0,0,0,0,0,0,432.7,0,-221.926,0
"MtrElec",1,27,21,"",244.254,0,0,0,0,0,0,0,0,0,0,0,0,0,0,0,0,0,0,0,0,416.322,0,-172.068,0
"MtrElec",1,27,22,"",333.031,0,0,0,0,0,0,0,0,0,0,0,0,0,0,0,0,0,0,0,0,333.031,0,0,0
"MtrElec",1,27,23,"",307.541,0,0,0,0,0,0,0,0,0,0,0,0,0,0,0,0,0,0,0,0,307.541,0,0,0
"MtrElec",1,27,24,"",206.877,0,0,0,0,0,0,0,0,0,0,0,0,0,0,0,0,0,0,0,0,206.877,0,0,0
"MtrElec",1,28,1,"",217.89,0,0,0,0,0,0,0,0,0,0,0,0,0,0,0,0,0,0,0,0,217.89,0,0,0
"MtrElec",1,28,2,"",157.107,0,0,0,0,0,0,0,0,0,0,0,0,0,0,0,0,0,0,0,0,157.107,0,0,0
"MtrElec",1,28,3,"",152.498,0,0,0,0,0,0,0,0,0,0,0,0,0,0,0,0,0,0,0,0,152.498,0,0,0
"MtrElec",1,28,4,"",150.685,0,0,0,0,0,0,0,0,0,0,0,0,0,0,0,0,0,0,0,0,150.685,0,0,0
"MtrElec",1,28,5,"",149.656,0,0,0,0,0,0,0,0,0,0,0,0,0,0,0,0,0,0,0,0,149.656,0,0,0
"MtrElec",1,28,6,"",163.903,0,0,0,0,0,0,0,0,0,0,0,0,0,0,0,0,0,0,0,0,163.903,0,0,0
"MtrElec",1,28,7,"",250.669,0,0,0,0,0,0,0,0,0,0,0,0,0,0,0,0,0,0,0,0,250.669,0,0,0
"MtrElec",1,28,8,"",186.149,0,0,0,0,0,0,0,0,0,0,0,0,0,0,0,0,0,0,0,0,294.201,0,0,-108.051
"MtrElec",1,28,9,"",89.5411,0,0,0,0,0,0,0,0,0,0,0,0,0,0,0,0,0,0,0,0,403.168,0,0,-313.627
"MtrElec",1,28,10,"",-19.3108,0,0,0,0,0,0,0,0,0,0,0,0,0,0,0,0,0,0,0,0,448.847,0,0,-468.157
"MtrElec",1,28,11,"",0,0,0,0,0,0,0,0,0,0,0,0,0,0,0,0,0,0,0,0,0,453.562,0,116.682,-570.244
"MtrElec",1,28,12,"",-4.04631,0,0,0,0,0,0,0,0,0,0,0,0,0,0,0,0,0,0,0,0,385.425,0,221.926,-611.397
"MtrElec",1,28,13,"",0,0,0,0,0,0,0,0,0,0,0,0,0,0,0,0,0,0,0,0,0,457.769,0,143.21,-600.979
"MtrElec",1,28,14,"",0,0,0,0,0,0,0,0,0,0,0,0,0,0,0,0,0,0,0,0,0,399.93,0,154.153,-554.083
"MtrElec",1,28,15,"",0,0,0,0,0,0,0,0,0,0,0,0,0,0,0,0,0,0,0,0,0,373.329,0,88.4423,-461.771
"MtrElec",1,28,16,"",92.0901,0,0,0,0,0,0,0,0,0,0,0,0,0,0,0,0,0,0,0,0,413.568,0,0,-321.478
"MtrElec",1,28,17,"",308.74,0,0,0,0,0,0,0,0,0,0,0,0,0,0,0,0,0,0,0,0,438.887,0,0,-130.147
"MtrElec",1,28,18,"",385.555,0,0,0,0,0,0,0,0,0,0,0,0,0,0,0,0,0,0,0,0,388.728,0,0,-3.17328
"MtrElec",1,28,19,"",203.152,0,0,0,0,0,0,0,0,0,0,0,0,0,0,0,0,0,0,0,0,425.078,0,-221.926,0
"MtrElec",1,28,20,"",198.16,0,0,0,0,0,0,0,0,0,0,0,0,0,0,0,0,0,0,0,0,420.086,0,-221.926,0
"MtrElec",1,28,21,"",172.153,0,0,0,0,0,0,0,0,0,0,0,0,0,0,0,0,0,0,0,0,382.085,0,-209.931,0
"MtrElec",1,28,22,"",304.887,0,0,0,0,0,0,0,0,0,0,0,0,0,0,0,0,0,0,0,0,304.887,0,0,0
"MtrElec",1,28,23,"",264.703,0,0,0,0,0,0,0,0,0,0,0,0,0,0,0,0,0,0,0,0,264.703,0,0,0
"MtrElec",1,28,24,"",195.118,0,0,0,0,0,0,0,0,0,0,0,0,0,0,0,0,0,0,0,0,195.118,0,0,0
"MtrElec",1,29,1,"",171.7,0,0,0,0,0,0,0,0,0,0,0,0,0,0,0,0,0,0,0,0,171.7,0,0,0
"MtrElec",1,29,2,"",157.326,0,0,0,0,0,0,0,0,0,0,0,0,0,0,0,0,0,0,0,0,157.326,0,0,0
"MtrElec",1,29,3,"",210.585,0,0,0,0,0,0,0,0,0,0,0,0,0,0,0,0,0,0,0,0,210.585,0,0,0
"MtrElec",1,29,4,"",167.015,0,0,0,0,0,0,0,0,0,0,0,0,0,0,0,0,0,0,0,0,167.015,0,0,0
"MtrElec",1,29,5,"",156.435,0,0,0,0,0,0,0,0,0,0,0,0,0,0,0,0,0,0,0,0,156.435,0,0,0
"MtrElec",1,29,6,"",161.813,0,0,0,0,0,0,0,0,0,0,0,0,0,0,0,0,0,0,0,0,161.813,0,0,0
"MtrElec",1,29,7,"",317.474,0,0,0,0,0,0,0,0,0,0,0,0,0,0,0,0,0,0,0,0,317.474,0,0,0
"MtrElec",1,29,8,"",223.378,0,0,0,0,0,0,0,0,0,0,0,0,0,0,0,0,0,0,0,0,328.656,0,0,-105.278
"MtrElec",1,29,9,"",48.8217,0,0,0,0,0,0,0,0,0,0,0,0,0,0,0,0,0,0,0,0,361.407,0,0,-312.585
"MtrElec",1,29,10,"",-65.9377,0,0,0,0,0,0,0,0,0,0,0,0,0,0,0,0,0,0,0,0,401.663,0,0,-467.601
"MtrElec",1,29,11,"",0,0,0,0,0,0,0,0,0,0,0,0,0,0,0,0,0,0,0,0,0,426.524,0,145.052,-571.576
"MtrElec",1,29,12,"",0,0,0,0,0,0,0,0,0,0,0,0,0,0,0,0,0,0,0,0,0,416.684,0,199.91,-616.593
"MtrElec",1,29,13,"",0,0,0,0,0,0,0,0,0,0,0,0,0,0,0,0,0,0,0,0,0,495.934,0,125.265,-621.199
"MtrElec",1,29,14,"",-21.3442,0,0,0,0,0,0,0,0,0,0,0,0,0,0,0,0,0,0,0,0,334.798,0,221.926,-578.068
"MtrElec",1,29,15,"",-2.24198,0,0,0,0,0,0,0,0,0,0,0,0,0,0,0,0,0,0,0,0,371.783,0,102.23,-476.255
"MtrElec",1,29,16,"",107.071,0,0,0,0,0,0,0,0,0,0,0,0,0,0,0,0,0,0,0,0,390.659,0,0,-283.589
"MtrElec",1,29,17,"",314.529,0,0,0,0,0,0,0,0,0,0,0,0,0,0,0,0,0,0,0,0,372.411,0,0,-57.8819
"MtrElec",1,29,18,"",430.479,0,0,0,0,0,0,0,0,0,0,0,0,0,0,0,0,0,0,0,0,430.479,0,0,0
"MtrElec",1,29,19,"",194.888,0,0,0,0,0,0,0,0,0,0,0,0,0,0,0,0,0,0,0,0,416.813,0,-221.926,0
"MtrElec",1,29,20,"",201.32,0,0,0,0,0,0,0,0,0,0,0,0,0,0,0,0,0,0,0,0,423.245,0,-221.926,0
"MtrElec",1,29,21,"",222.11,0,0,0,0,0,0,0,0,0,0,0,0,0,0,0,0,0,0,0,0,444.035,0,-221.926,0
"MtrElec",1,29,22,"",205.528,0,0,0,0,0,0,0,0,0,0,0,0,0,0,0,0,0,0,0,0,256.681,0,-51.1531,0
"MtrElec",1,29,23,"",310.634,0,0,0,0,0,0,0,0,0,0,0,0,0,0,0,0,0,0,0,0,310.634,0,0,0
"MtrElec",1,29,24,"",201.758,0,0,0,0,0,0,0,0,0,0,0,0,0,0,0,0,0,0,0,0,201.758,0,0,0
"MtrElec",1,30,1,"",157.729,0,0,0,0,0,0,0,0,0,0,0,0,0,0,0,0,0,0,0,0,157.729,0,0,0
"MtrElec",1,30,2,"",156.382,0,0,0,0,0,0,0,0,0,0,0,0,0,0,0,0,0,0,0,0,156.382,0,0,0
"MtrElec",1,30,3,"",195.318,0,0,0,0,0,0,0,0,0,0,0,0,0,0,0,0,0,0,0,0,195.318,0,0,0
"MtrElec",1,30,4,"",157.894,0,0,0,0,0,0,0,0,0,0,0,0,0,0,0,0,0,0,0,0,157.894,0,0,0
"MtrElec",1,30,5,"",150.099,0,0,0,0,0,0,0,0,0,0,0,0,0,0,0,0,0,0,0,0,150.099,0,0,0
"MtrElec",1,30,6,"",179.061,0,0,0,0,0,0,0,0,0,0,0,0,0,0,0,0,0,0,0,0,179.061,0,0,0
"MtrElec",1,30,7,"",282.758,0,0,0,0,0,0,0,0,0,0,0,0,0,0,0,0,0,0,0,0,282.758,0,0,0
"MtrElec",1,30,8,"",305.566,0,0,0,0,0,0,0,0,0,0,0,0,0,0,0,0,0,0,0,0,308.334,0,0,-2.76733
"MtrElec",1,30,9,"",305.981,0,0,0,0,0,0,0,0,0,0,0,0,0,0,0,0,0,0,0,0,370.767,0,0,-64.7858
"MtrElec",1,30,10,"",357.249,0,0,0,0,0,0,0,0,0,0,0,0,0,0,0,0,0,0,0,0,435.597,0,0,-78.3484
"MtrElec",1,30,11,"",390.602,0,0,0,0,0,0,0,0,0,0,0,0,0,0,0,0,0,0,0,0,419.471,0,0,-28.8696
"MtrElec",1,30,12,"",231.998,0,0,0,0,0,0,0,0,0,0,0,0,0,0,0,0,0,0,0,0,380.256,0,0,-148.257
"MtrElec",1,30,13,"",371.364,0,0,0,0,0,0,0,0,0,0,0,0,0,0,0,0,0,0,0,0,459.735,0,0,-88.3708
"MtrElec",1,30,14,"",245.463,0,0,0,0,0,0,0,0,0,0,0,0,0,0,0,0,0,0,0,0,320.324,0,0,-74.8611
"MtrElec",1,30,15,"",277.11,0,0,0,0,0,0,0,0,0,0,0,0,0,0,0,0,0,0,0,0,363.072,0,0,-85.9622
"MtrElec",1,30,16,"",128.551,0,0,0,0,0,0,0,0,0,0,0,0,0,0,0,0,0,0,0,0,330.725,0,0,-202.174
"MtrElec",1,30,17,"",303.849,0,0,0,0,0,0,0,0,0,0,0,0,0,0,0,0,0,0,0,0,373.39,0,0,-69.5412
"MtrElec",1,30,18,"",426.595,0,0,0,0,0,0,0,0,0,0,0,0,0,0,0,0,0,0,0,0,430.012,0,0,-3.41676
"MtrElec",1,30,19,"",431.182,0,0,0,0,0,0,0,0,0,0,0,0,0,0,0,0,0,0,0,0,431.182,0,0,0
"MtrElec",1,30,20,"",375.714,0,0,0,0,0,0,0,0,0,0,0,0,0,0,0,0,0,0,0,0,375.714,0,0,0
"MtrElec",1,30,21,"",418.676,0,0,0,0,0,0,0,0,0,0,0,0,0,0,0,0,0,0,0,0,418.676,0,0,0
"MtrElec",1,30,22,"",326.616,0,0,0,0,0,0,0,0,0,0,0,0,0,0,0,0,0,0,0,0,326.616,0,0,0
"MtrElec",1,30,23,"",286.745,0,0,0,0,0,0,0,0,0,0,0,0,0,0,0,0,0,0,0,0,286.745,0,0,0
"MtrElec",1,30,24,"",195.592,0,0,0,0,0,0,0,0,0,0,0,0,0,0,0,0,0,0,0,0,195.592,0,0,0
"MtrElec",1,31,1,"",169.243,0,0,0,0,0,0,0,0,0,0,0,0,0,0,0,0,0,0,0,0,169.243,0,0,0
"MtrElec",1,31,2,"",161.079,0,0,0,0,0,0,0,0,0,0,0,0,0,0,0,0,0,0,0,0,161.079,0,0,0
"MtrElec",1,31,3,"",160.528,0,0,0,0,0,0,0,0,0,0,0,0,0,0,0,0,0,0,0,0,160.528,0,0,0
"MtrElec",1,31,4,"",159.898,0,0,0,0,0,0,0,0,0,0,0,0,0,0,0,0,0,0,0,0,159.898,0,0,0
"MtrElec",1,31,5,"",157.898,0,0,0,0,0,0,0,0,0,0,0,0,0,0,0,0,0,0,0,0,157.898,0,0,0
"MtrElec",1,31,6,"",210.701,0,0,0,0,0,0,0,0,0,0,0,0,0,0,0,0,0,0,0,0,210.701,0,0,0
"MtrElec",1,31,7,"",185.156,0,0,0,0,0,0,0,0,0,0,0,0,0,0,0,0,0,0,0,0,185.156,0,0,0
"MtrElec",1,31,8,"",158.29,0,0,0,0,0,0,0,0,0,0,0,0,0,0,0,0,0,0,0,0,271.063,0,0,-112.773
"MtrElec",1,31,9,"",-23.3776,0,0,0,0,0,0,0,0,0,0,0,0,0,0,0,0,0,0,0,0,297.123,0,0,-320.501
"MtrElec",1,31,10,"",-91.7826,0,0,0,0,0,0,0,0,0,0,0,0,0,0,0,0,0,0,0,0,385.408,0,0,-477.191
"MtrElec",1,31,11,"",0.0000078,0,0,0,0,0,0,0,0,0,0,0,0,0,0,0,0,0,0,0,0,465.259,0,89.2889,-554.548
"MtrElec",1,31,12,"",0,0,0,0,0,0,0,0,0,0,0,0,0,0,0,0,0,0,0,0,0,470.64,0,139.843,-610.483
"MtrElec",1,31,13,"",-11.3331,0,0,0,0,0,0,0,0,0,0,0,0,0,0,0,0,0,0,0,0,396.774,0,221.926,-630.033
"MtrElec",1,31,14,"",0.0000156,0,0,0,0,0,0,0,0,0,0,0,0,0,0,0,0,0,0,0,0,406.215,0,173.966,-580.182
"MtrElec",1,31,15,"",0,0,0,0,0,0,0,0,0,0,0,0,0,0,0,0,0,0,0,0,0,425.576,0,57.8402,-483.416
"MtrElec",1,31,16,"",82.98,0,0,0,0,0,0,0,0,0,0,0,0,0,0,0,0,0,0,0,0,410.204,0,0,-327.224
"MtrElec",1,31,17,"",263.661,0,0,0,0,0,0,0,0,0,0,0,0,0,0,0,0,0,0,0,0,400.094,0,0,-136.433
"MtrElec",1,31,18,"",387.27,0,0,0,0,0,0,0,0,0,0,0,0,0,0,0,0,0,0,0,0,392.509,0,0,-5.23877
"MtrElec",1,31,19,"",201.869,0,0,0,0,0,0,0,0,0,0,0,0,0,0,0,0,0,0,0,0,423.795,0,-221.926,0
"MtrElec",1,31,20,"",173.193,0,0,0,0,0,0,0,0,0,0,0,0,0,0,0,0,0,0,0,0,395.119,0,-221.926,0
"MtrElec",1,31,21,"",166.593,0,0,0,0,0,0,0,0,0,0,0,0,0,0,0,0,0,0,0,0,339.026,0,-172.434,0
"MtrElec",1,31,22,"",291.661,0,0,0,0,0,0,0,0,0,0,0,0,0,0,0,0,0,0,0,0,291.661,0,0,0
"MtrElec",1,31,23,"",229.162,0,0,0,0,0,0,0,0,0,0,0,0,0,0,0,0,0,0,0,0,229.162,0,0,0
"MtrElec",1,31,24,"",276.831,0,0,0,0,0,0,0,0,0,0,0,0,0,0,0,0,0,0,0,0,276.831,0,0,0
"MtrElec",2,1,1,"",170.939,0,0,0,0,0,0,0,0,0,0,0,0,0,0,0,0,0,0,0,0,170.939,0,0,0
"MtrElec",2,1,2,"",157.575,0,0,0,0,0,0,0,0,0,0,0,0,0,0,0,0,0,0,0,0,157.575,0,0,0
"MtrElec",2,1,3,"",156.887,0,0,0,0,0,0,0,0,0,0,0,0,0,0,0,0,0,0,0,0,156.887,0,0,0
"MtrElec",2,1,4,"",157.897,0,0,0,0,0,0,0,0,0,0,0,0,0,0,0,0,0,0,0,0,157.897,0,0,0
"MtrElec",2,1,5,"",179.236,0,0,0,0,0,0,0,0,0,0,0,0,0,0,0,0,0,0,0,0,179.236,0,0,0
"MtrElec",2,1,6,"",165.769,0,0,0,0,0,0,0,0,0,0,0,0,0,0,0,0,0,0,0,0,165.769,0,0,0
"MtrElec",2,1,7,"",181.324,0,0,0,0,0,0,0,0,0,0,0,0,0,0,0,0,0,0,0,0,181.324,0,0,0
"MtrElec",2,1,8,"",134.931,0,0,0,0,0,0,0,0,0,0,0,0,0,0,0,0,0,0,0,0,240.14,0,0,-105.208
"MtrElec",2,1,9,"",-16.7392,0,0,0,0,0,0,0,0,0,0,0,0,0,0,0,0,0,0,0,0,290.353,0,0,-307.092
"MtrElec",2,1,10,"",-111.2,0,0,0,0,0,0,0,0,0,0,0,0,0,0,0,0,0,0,0,0,357.33,0,0,-468.53
"MtrElec",2,1,11,"",-58.4202,0,0,0,0,0,0,0,0,0,0,0,0,0,0,0,0,0,0,0,0,299.561,0,221.926,-579.907
"MtrElec",2,1,12,"",-62.5341,0,0,0,0,0,0,0,0,0,0,0,0,0,0,0,0,0,0,0,0,348.724,0,221.926,-633.184
"MtrElec",2,1,13,"",-46.7756,0,0,0,0,0,0,0,0,0,0,0,0,0,0,0,0,0,0,0,0,360.718,0,221.926,-629.419
"MtrElec",2,1,14,"",-107.228,0,0,0,0,0,0,0,0,0,0,0,0,0,0,0,0,0,0,0,0,333.091,0,128.605,-568.924
"MtrElec",2,1,15,"",-137.508,0,0,0,0,0,0,0,0,0,0,0,0,0,0,0,0,0,0,0,0,337.719,0,0,-475.227
"MtrElec",2,1,16,"",-7.21097,0,0,0,0,0,0,0,0,0,0,0,0,0,0,0,0,0,0,0,0,315.977,0,0,-323.188
"MtrElec",2,1,17,"",159.491,0,0,0,0,0,0,0,0,0,0,0,0,0,0,0,0,0,0,0,0,286.391,0,0,-126.9
"MtrElec",2,1,18,"",300.936,0,0,0,0,0,0,0,0,0,0,0,0,0,0,0,0,0,0,0,0,304.033,0,0,-3.09702
"MtrElec",2,1,19,"",122.322,0,0,0,0,0,0,0,0,0,0,0,0,0,0,0,0,0,0,0,0,344.247,0,-221.926,0
"MtrElec",2,1,20,"",100.524,0,0,0,0,0,0,0,0,0,0,0,0,0,0,0,0,0,0,0,0,322.45,0,-221.926,0
"MtrElec",2,1,21,"",84.278,0,0,0,0,0,0,0,0,0,0,0,0,0,0,0,0,0,0,0,0,306.204,0,-221.926,0
"MtrElec",2,1,22,"",229.466,0,0,0,0,0,0,0,0,0,0,0,0,0,0,0,0,0,0,0,0,280.619,0,-51.1531,0
"MtrElec",2,1,23,"",235.53,0,0,0,0,0,0,0,0,0,0,0,0,0,0,0,0,0,0,0,0,235.53,0,0,0
"MtrElec",2,1,24,"",196.811,0,0,0,0,0,0,0,0,0,0,0,0,0,0,0,0,0,0,0,0,196.811,0,0,0
"MtrElec",2,2,1,"",208.335,0,0,0,0,0,0,0,0,0,0,0,0,0,0,0,0,0,0,0,0,208.335,0,0,0
"MtrElec",2,2,2,"",152.964,0,0,0,0,0,0,0,0,0,0,0,0,0,0,0,0,0,0,0,0,152.964,0,0,0
"MtrElec",2,2,3,"",147.048,0,0,0,0,0,0,0,0,0,0,0,0,0,0,0,0,0,0,0,0,147.048,0,0,0
"MtrElec",2,2,4,"",150.505,0,0,0,0,0,0,0,0,0,0,0,0,0,0,0,0,0,0,0,0,150.505,0,0,0
"MtrElec",2,2,5,"",155.946,0,0,0,0,0,0,0,0,0,0,0,0,0,0,0,0,0,0,0,0,155.946,0,0,0
"MtrElec",2,2,6,"",200.139,0,0,0,0,0,0,0,0,0,0,0,0,0,0,0,0,0,0,0,0,200.139,0,0,0
"MtrElec",2,2,7,"",262.303,0,0,0,0,0,0,0,0,0,0,0,0,0,0,0,0,0,0,0,0,262.303,0,0,0
"MtrElec",2,2,8,"",301.26,0,0,0,0,0,0,0,0,0,0,0,0,0,0,0,0,0,0,0,0,387.247,0,0,-85.9868
"MtrElec",2,2,9,"",161.515,0,0,0,0,0,0,0,0,0,0,0,0,0,0,0,0,0,0,0,0,343.783,0,0,-182.268
"MtrElec",2,2,10,"",77.121,0,0,0,0,0,0,0,0,0,0,0,0,0,0,0,0,0,0,0,0,403.724,0,0,-326.603
"MtrElec",2,2,11,"",0.792969,0,0,0,0,0,0,0,0,0,0,0,0,0,0,0,0,0,0,0,0,407.406,0,0,-406.613
"MtrElec",2,2,12,"",-9.09969,0,0,0,0,0,0,0,0,0,0,0,0,0,0,0,0,0,0,0,0,370.541,0,221.926,-601.567
"MtrElec",2,2,13,"",0,0,0,0,0,0,0,0,0,0,0,0,0,0,0,0,0,0,0,0,0,325.096,0,217.806,-542.901
"MtrElec",2,2,14,"",0,0,0,0,0,0,0,0,0,0,0,0,0,0,0,0,0,0,0,0,0,359.049,0,148.133,-507.182
"MtrElec",2,2,15,"",0,0,0,0,0,0,0,0,0,0,0,0,0,0,0,0,0,0,0,0,0,313.271,0,170.124,-483.395
"MtrElec",2,2,16,"",51.1853,0,0,0,0,0,0,0,0,0,0,0,0,0,0,0,0,0,0,0,0,378.236,0,0,-327.05
"MtrElec",2,2,17,"",252.506,0,0,0,0,0,0,0,0,0,0,0,0,0,0,0,0,0,0,0,0,386.237,0,0,-133.732
"MtrElec",2,2,18,"",373.515,0,0,0,0,0,0,0,0,0,0,0,0,0,0,0,0,0,0,0,0,378.246,0,0,-4.73114
"MtrElec",2,2,19,"",214.429,0,0,0,0,0,0,0,0,0,0,0,0,0,0,0,0,0,0,0,0,436.355,0,-221.926,0
"MtrElec",2,2,20,"",250.768,0,0,0,0,0,0,0,0,0,0,0,0,0,0,0,0,0,0,0,0,472.694,0,-221.926,0
"MtrElec",2,2,21,"",166.12,0,0,0,0,0,0,0,0,0,0,0,0,0,0,0,0,0,0,0,0,388.046,0,-221.926,0
"MtrElec",2,2,22,"",299.603,0,0,0,0,0,0,0,0,0,0,0,0,0,0,0,0,0,0,0,0,317.91,0,-18.3075,0
"MtrElec",2,2,23,"",329.457,0,0,0,0,0,0,0,0,0,0,0,0,0,0,0,0,0,0,0,0,329.457,0,0,0
"MtrElec",2,2,24,"",263.356,0,0,0,0,0,0,0,0,0,0,0,0,0,0,0,0,0,0,0,0,263.356,0,0,0
"MtrElec",2,3,1,"",159.12,0,0,0,0,0,0,0,0,0,0,0,0,0,0,0,0,0,0,0,0,159.12,0,0,0
"MtrElec",2,3,2,"",151.887,0,0,0,0,0,0,0,0,0,0,0,0,0,0,0,0,0,0,0,0,151.887,0,0,0
"MtrElec",2,3,3,"",168.271,0,0,0,0,0,0,0,0,0,0,0,0,0,0,0,0,0,0,0,0,168.271,0,0,0
"MtrElec",2,3,4,"",175.046,0,0,0,0,0,0,0,0,0,0,0,0,0,0,0,0,0,0,0,0,175.046,0,0,0
"MtrElec",2,3,5,"",156.435,0,0,0,0,0,0,0,0,0,0,0,0,0,0,0,0,0,0,0,0,156.435,0,0,0
"MtrElec",2,3,6,"",212.684,0,0,0,0,0,0,0,0,0,0,0,0,0,0,0,0,0,0,0,0,212.684,0,0,0
"MtrElec",2,3,7,"",251.333,0,0,0,0,0,0,0,0,0,0,0,0,0,0,0,0,0,0,0,0,251.333,0,0,0
"MtrElec",2,3,8,"",351.386,0,0,0,0,0,0,0,0,0,0,0,0,0,0,0,0,0,0,0,0,362.557,0,0,-11.171
"MtrElec",2,3,9,"",342.416,0,0,0,0,0,0,0,0,0,0,0,0,0,0,0,0,0,0,0,0,377.758,0,0,-35.3418
"MtrElec",2,3,10,"",388.169,0,0,0,0,0,0,0,0,0,0,0,0,0,0,0,0,0,0,0,0,441.507,0,0,-53.3382
"MtrElec",2,3,11,"",296.359,0,0,0,0,0,0,0,0,0,0,0,0,0,0,0,0,0,0,0,0,406.519,0,0,-110.16
"MtrElec",2,3,12,"",283.725,0,0,0,0,0,0,0,0,0,0,0,0,0,0,0,0,0,0,0,0,454.893,0,0,-171.168
"MtrElec",2,3,13,"",330.043,0,0,0,0,0,0,0,0,0,0,0,0,0,0,0,0,0,0,0,0,444.94,0,0,-114.897
"MtrElec",2,3,14,"",118.914,0,0,0,0,0,0,0,0,0,0,0,0,0,0,0,0,0,0,0,0,361.472,0,0,-242.558
"MtrElec",2,3,15,"",39.6986,0,0,0,0,0,0,0,0,0,0,0,0,0,0,0,0,0,0,0,0,384.838,0,0,-345.14
"MtrElec",2,3,16,"",0,0,0,0,0,0,0,0,0,0,0,0,0,0,0,0,0,0,0,0,0,325.251,0,19.2426,-344.494
"MtrElec",2,3,17,"",318.98,0,0,0,0,0,0,0,0,0,0,0,0,0,0,0,0,0,0,0,0,411.685,0,0,-92.7053
"MtrElec",2,3,18,"",415.38,0,0,0,0,0,0,0,0,0,0,0,0,0,0,0,0,0,0,0,0,420.632,0,0,-5.25185
"MtrElec",2,3,19,"",405.408,0,0,0,0,0,0,0,0,0,0,0,0,0,0,0,0,0,0,0,0,422.774,0,-17.3664,0
"MtrElec",2,3,20,"",426.825,0,0,0,0,0,0,0,0,0,0,0,0,0,0,0,0,0,0,0,0,426.825,0,0,0
"MtrElec",2,3,21,"",344.261,0,0,0,0,0,0,0,0,0,0,0,0,0,0,0,0,0,0,0,0,344.261,0,0,0
"MtrElec",2,3,22,"",319.772,0,0,0,0,0,0,0,0,0,0,0,0,0,0,0,0,0,0,0,0,319.772,0,0,0
"MtrElec",2,3,23,"",301.557,0,0,0,0,0,0,0,0,0,0,0,0,0,0,0,0,0,0,0,0,301.557,0,0,0
"MtrElec",2,3,24,"",207.91,0,0,0,0,0,0,0,0,0,0,0,0,0,0,0,0,0,0,0,0,207.91,0,0,0
"MtrElec",2,4,1,"",178.941,0,0,0,0,0,0,0,0,0,0,0,0,0,0,0,0,0,0,0,0,178.941,0,0,0
"MtrElec",2,4,2,"",167.457,0,0,0,0,0,0,0,0,0,0,0,0,0,0,0,0,0,0,0,0,167.457,0,0,0
"MtrElec",2,4,3,"",207.575,0,0,0,0,0,0,0,0,0,0,0,0,0,0,0,0,0,0,0,0,207.575,0,0,0
"MtrElec",2,4,4,"",158.898,0,0,0,0,0,0,0,0,0,0,0,0,0,0,0,0,0,0,0,0,158.898,0,0,0
"MtrElec",2,4,5,"",155.779,0,0,0,0,0,0,0,0,0,0,0,0,0,0,0,0,0,0,0,0,155.779,0,0,0
"MtrElec",2,4,6,"",162.792,0,0,0,0,0,0,0,0,0,0,0,0,0,0,0,0,0,0,0,0,162.792,0,0,0
"MtrElec",2,4,7,"",260.349,0,0,0,0,0,0,0,0,0,0,0,0,0,0,0,0,0,0,0,0,260.349,0,0,0
"MtrElec",2,4,8,"",196.089,0,0,0,0,0,0,0,0,0,0,0,0,0,0,0,0,0,0,0,0,318.119,0,0,-122.029
"MtrElec",2,4,9,"",62.6096,0,0,0,0,0,0,0,0,0,0,0,0,0,0,0,0,0,0,0,0,384.381,0,0,-321.771
"MtrElec",2,4,10,"",-81.4975,0,0,0,0,0,0,0,0,0,0,0,0,0,0,0,0,0,0,0,0,404.4,0,0,-485.897
"MtrElec",2,4,11,"",0,0,0,0,0,0,0,0,0,0,0,0,0,0,0,0,0,0,0,0,0,410.521,0,180.551,-591.073
"MtrElec",2,4,12,"",-26.4434,0,0,0,0,0,0,0,0,0,0,0,0,0,0,0,0,0,0,0,0,398.777,0,221.926,-647.146
"MtrElec",2,4,13,"",-75.8276,0,0,0,0,0,0,0,0,0,0,0,0,0,0,0,0,0,0,0,0,352.477,0,221.926,-650.231
"MtrElec",2,4,14,"",-69.3655,0,0,0,0,0,0,0,0,0,0,0,0,0,0,0,0,0,0,0,0,363.041,0,169.98,-602.387
"MtrElec",2,4,15,"",-128.588,0,0,0,0,0,0,0,0,0,0,0,0,0,0,0,0,0,0,0,0,374.516,0,0,-503.105
"MtrElec",2,4,16,"",-9.17966,0,0,0,0,0,0,0,0,0,0,0,0,0,0,0,0,0,0,0,0,339.587,0,0,-348.767
"MtrElec",2,4,17,"",265.313,0,0,0,0,0,0,0,0,0,0,0,0,0,0,0,0,0,0,0,0,415.957,0,0,-150.644
"MtrElec",2,4,18,"",421.309,0,0,0,0,0,0,0,0,0,0,0,0,0,0,0,0,0,0,0,0,427.565,0,0,-6.25553
"MtrElec",2,4,19,"",170.893,0,0,0,0,0,0,0,0,0,0,0,0,0,0,0,0,0,0,0,0,392.819,0,-221.926,0
"MtrElec",2,4,20,"",153.348,0,0,0,0,0,0,0,0,0,0,0,0,0,0,0,0,0,0,0,0,375.274,0,-221.926,0
"MtrElec",2,4,21,"",192.465,0,0,0,0,0,0,0,0,0,0,0,0,0,0,0,0,0,0,0,0,414.391,0,-221.926,0
"MtrElec",2,4,22,"",237.902,0,0,0,0,0,0,0,0,0,0,0,0,0,0,0,0,0,0,0,0,289.055,0,-51.1531,0
"MtrElec",2,4,23,"",273.23,0,0,0,0,0,0,0,0,0,0,0,0,0,0,0,0,0,0,0,0,273.23,0,0,0
"MtrElec",2,4,24,"",198.173,0,0,0,0,0,0,0,0,0,0,0,0,0,0,0,0,0,0,0,0,198.173,0,0,0
"MtrElec",2,5,1,"",179.452,0,0,0,0,0,0,0,0,0,0,0,0,0,0,0,0,0,0,0,0,179.452,0,0,0
"MtrElec",2,5,2,"",212.636,0,0,0,0,0,0,0,0,0,0,0,0,0,0,0,0,0,0,0,0,212.636,0,0,0
"MtrElec",2,5,3,"",164.899,0,0,0,0,0,0,0,0,0,0,0,0,0,0,0,0,0,0,0,0,164.899,0,0,0
"MtrElec",2,5,4,"",171.968,0,0,0,0,0,0,0,0,0,0,0,0,0,0,0,0,0,0,0,0,171.968,0,0,0
"MtrElec",2,5,5,"",167.44,0,0,0,0,0,0,0,0,0,0,0,0,0,0,0,0,0,0,0,0,167.44,0,0,0
"MtrElec",2,5,6,"",170.56,0,0,0,0,0,0,0,0,0,0,0,0,0,0,0,0,0,0,0,0,170.56,0,0,0
"MtrElec",2,5,7,"",267.33,0,0,0,0,0,0,0,0,0,0,0,0,0,0,0,0,0,0,0,0,267.33,0,0,0
"MtrElec",2,5,8,"",189.927,0,0,0,0,0,0,0,0,0,0,0,0,0,0,0,0,0,0,0,0,324.219,0,0,-134.292
"MtrElec",2,5,9,"",33.2785,0,0,0,0,0,0,0,0,0,0,0,0,0,0,0,0,0,0,0,0,371.551,0,0,-338.273
"MtrElec",2,5,10,"",-86.4459,0,0,0,0,0,0,0,0,0,0,0,0,0,0,0,0,0,0,0,0,404.885,0,0,-491.33
"MtrElec",2,5,11,"",0,0,0,0,0,0,0,0,0,0,0,0,0,0,0,0,0,0,0,0,0,402.414,0,190.074,-592.488
"MtrElec",2,5,12,"",-25.3295,0,0,0,0,0,0,0,0,0,0,0,0,0,0,0,0,0,0,0,0,393.758,0,221.926,-641.013
"MtrElec",2,5,13,"",-5.62463,0,0,0,0,0,0,0,0,0,0,0,0,0,0,0,0,0,0,0,0,413.043,0,221.926,-640.593
"MtrElec",2,5,14,"",-127.02,0,0,0,0,0,0,0,0,0,0,0,0,0,0,0,0,0,0,0,0,314.719,0,160.457,-602.196
"MtrElec",2,5,15,"",-147.733,0,0,0,0,0,0,0,0,0,0,0,0,0,0,0,0,0,0,0,0,363.393,0,0,-511.126
"MtrElec",2,5,16,"",28.8386,0,0,0,0,0,0,0,0,0,0,0,0,0,0,0,0,0,0,0,0,388.882,0,0,-360.043
"MtrElec",2,5,17,"",207.2,0,0,0,0,0,0,0,0,0,0,0,0,0,0,0,0,0,0,0,0,362.96,0,0,-155.76
"MtrElec",2,5,18,"",423.808,0,0,0,0,0,0,0,0,0,0,0,0,0,0,0,0,0,0,0,0,430.237,0,0,-6.42837
"MtrElec",2,5,19,"",178.598,0,0,0,0,0,0,0,0,0,0,0,0,0,0,0,0,0,0,0,0,400.524,0,-221.926,0
"MtrElec",2,5,20,"",175.415,0,0,0,0,0,0,0,0,0,0,0,0,0,0,0,0,0,0,0,0,397.34,0,-221.926,0
"MtrElec",2,5,21,"",178.404,0,0,0,0,0,0,0,0,0,0,0,0,0,0,0,0,0,0,0,0,400.329,0,-221.926,0
"MtrElec",2,5,22,"",278.402,0,0,0,0,0,0,0,0,0,0,0,0,0,0,0,0,0,0,0,0,329.555,0,-51.1531,0
"MtrElec",2,5,23,"",277.064,0,0,0,0,0,0,0,0,0,0,0,0,0,0,0,0,0,0,0,0,277.064,0,0,0
"MtrElec",2,5,24,"",196.689,0,0,0,0,0,0,0,0,0,0,0,0,0,0,0,0,0,0,0,0,196.689,0,0,0
"MtrElec",2,6,1,"",182.228,0,0,0,0,0,0,0,0,0,0,0,0,0,0,0,0,0,0,0,0,182.228,0,0,0
"MtrElec",2,6,2,"",165.773,0,0,0,0,0,0,0,0,0,0,0,0,0,0,0,0,0,0,0,0,165.773,0,0,0
"MtrElec",2,6,3,"",213.965,0,0,0,0,0,0,0,0,0,0,0,0,0,0,0,0,0,0,0,0,213.965,0,0,0
"MtrElec",2,6,4,"",182.533,0,0,0,0,0,0,0,0,0,0,0,0,0,0,0,0,0,0,0,0,182.533,0,0,0
"MtrElec",2,6,5,"",166.682,0,0,0,0,0,0,0,0,0,0,0,0,0,0,0,0,0,0,0,0,166.682,0,0,0
"MtrElec",2,6,6,"",172.267,0,0,0,0,0,0,0,0,0,0,0,0,0,0,0,0,0,0,0,0,172.267,0,0,0
"MtrElec",2,6,7,"",257.561,0,0,0,0,0,0,0,0,0,0,0,0,0,0,0,0,0,0,0,0,257.561,0,0,0
"MtrElec",2,6,8,"",219.923,0,0,0,0,0,0,0,0,0,0,0,0,0,0,0,0,0,0,0,0,309.535,0,0,-89.6119
"MtrElec",2,6,9,"",78.9835,0,0,0,0,0,0,0,0,0,0,0,0,0,0,0,0,0,0,0,0,339.628,0,0,-260.645
"MtrElec",2,6,10,"",-86.807,0,0,0,0,0,0,0,0,0,0,0,0,0,0,0,0,0,0,0,0,381.358,0,0,-468.165
"MtrElec",2,6,11,"",0.0000078,0,0,0,0,0,0,0,0,0,0,0,0,0,0,0,0,0,0,0,0,446.264,0,70.1531,-516.417
"MtrElec",2,6,12,"",-31.6763,0,0,0,0,0,0,0,0,0,0,0,0,0,0,0,0,0,0,0,0,370.429,0,221.926,-624.031
"MtrElec",2,6,13,"",-27.2375,0,0,0,0,0,0,0,0,0,0,0,0,0,0,0,0,0,0,0,0,375.752,0,221.926,-624.915
"MtrElec",2,6,14,"",-46.2543,0,0,0,0,0,0,0,0,0,0,0,0,0,0,0,0,0,0,0,0,307.883,0,221.926,-576.062
"MtrElec",2,6,15,"",-53.439,0,0,0,0,0,0,0,0,0,0,0,0,0,0,0,0,0,0,0,0,378.215,0,58.4524,-490.107
"MtrElec",2,6,16,"",24.7101,0,0,0,0,0,0,0,0,0,0,0,0,0,0,0,0,0,0,0,0,367.743,0,0,-343.033
"MtrElec",2,6,17,"",225.224,0,0,0,0,0,0,0,0,0,0,0,0,0,0,0,0,0,0,0,0,369.02,0,0,-143.796
"MtrElec",2,6,18,"",409.242,0,0,0,0,0,0,0,0,0,0,0,0,0,0,0,0,0,0,0,0,415.373,0,0,-6.13095
"MtrElec",2,6,19,"",189.258,0,0,0,0,0,0,0,0,0,0,0,0,0,0,0,0,0,0,0,0,411.183,0,-221.926,0
"MtrElec",2,6,20,"",168.396,0,0,0,0,0,0,0,0,0,0,0,0,0,0,0,0,0,0,0,0,390.322,0,-221.926,0
"MtrElec",2,6,21,"",145.845,0,0,0,0,0,0,0,0,0,0,0,0,0,0,0,0,0,0,0,0,367.771,0,-221.926,0
"MtrElec",2,6,22,"",263.917,0,0,0,0,0,0,0,0,0,0,0,0,0,0,0,0,0,0,0,0,315.07,0,-51.1531,0
"MtrElec",2,6,23,"",215.933,0,0,0,0,0,0,0,0,0,0,0,0,0,0,0,0,0,0,0,0,215.933,0,0,0
"MtrElec",2,6,24,"",256.202,0,0,0,0,0,0,0,0,0,0,0,0,0,0,0,0,0,0,0,0,256.202,0,0,0
"MtrElec",2,7,1,"",218.079,0,0,0,0,0,0,0,0,0,0,0,0,0,0,0,0,0,0,0,0,218.079,0,0,0
"MtrElec",2,7,2,"",164.4,0,0,0,0,0,0,0,0,0,0,0,0,0,0,0,0,0,0,0,0,164.4,0,0,0
"MtrElec",2,7,3,"",163.34,0,0,0,0,0,0,0,0,0,0,0,0,0,0,0,0,0,0,0,0,163.34,0,0,0
"MtrElec",2,7,4,"",166.236,0,0,0,0,0,0,0,0,0,0,0,0,0,0,0,0,0,0,0,0,166.236,0,0,0
"MtrElec",2,7,5,"",171.785,0,0,0,0,0,0,0,0,0,0,0,0,0,0,0,0,0,0,0,0,171.785,0,0,0
"MtrElec",2,7,6,"",172.069,0,0,0,0,0,0,0,0,0,0,0,0,0,0,0,0,0,0,0,0,172.069,0,0,0
"MtrElec",2,7,7,"",243.339,0,0,0,0,0,0,0,0,0,0,0,0,0,0,0,0,0,0,0,0,243.339,0,0,0
"MtrElec",2,7,8,"",103.523,0,0,0,0,0,0,0,0,0,0,0,0,0,0,0,0,0,0,0,0,214.986,0,0,-111.462
"MtrElec",2,7,9,"",4.76044,0,0,0,0,0,0,0,0,0,0,0,0,0,0,0,0,0,0,0,0,317.505,0,0,-312.745
"MtrElec",2,7,10,"",-51.4933,0,0,0,0,0,0,0,0,0,0,0,0,0,0,0,0,0,0,0,0,416.899,0,0,-468.392
"MtrElec",2,7,11,"",0,0,0,0,0,0,0,0,0,0,0,0,0,0,0,0,0,0,0,0,0,421.375,0,149.54,-570.915
"MtrElec",2,7,12,"",0,0,0,0,0,0,0,0,0,0,0,0,0,0,0,0,0,0,0,0,0,507.105,0,108.684,-615.79
"MtrElec",2,7,13,"",0,0,0,0,0,0,0,0,0,0,0,0,0,0,0,0,0,0,0,0,0,457.493,0,157.23,-614.723
"MtrElec",2,7,14,"",0,0,0,0,0,0,0,0,0,0,0,0,0,0,0,0,0,0,0,0,0,415.834,0,166.355,-582.189
"MtrElec",2,7,15,"",0,0,0,0,0,0,0,0,0,0,0,0,0,0,0,0,0,0,0,0,0,392.014,0,103.72,-495.734
"MtrElec",2,7,16,"",57.3288,0,0,0,0,0,0,0,0,0,0,0,0,0,0,0,0,0,0,0,0,402.175,0,0,-344.847
"MtrElec",2,7,17,"",231.652,0,0,0,0,0,0,0,0,0,0,0,0,0,0,0,0,0,0,0,0,381.876,0,0,-150.224
"MtrElec",2,7,18,"",406.721,0,0,0,0,0,0,0,0,0,0,0,0,0,0,0,0,0,0,0,0,413.534,0,0,-6.81376
"MtrElec",2,7,19,"",223.843,0,0,0,0,0,0,0,0,0,0,0,0,0,0,0,0,0,0,0,0,445.769,0,-221.926,0
"MtrElec",2,7,20,"",167.604,0,0,0,0,0,0,0,0,0,0,0,0,0,0,0,0,0,0,0,0,389.53,0,-221.926,0
"MtrElec",2,7,21,"",181.778,0,0,0,0,0,0,0,0,0,0,0,0,0,0,0,0,0,0,0,0,356.616,0,-174.839,0
"MtrElec",2,7,22,"",321.677,0,0,0,0,0,0,0,0,0,0,0,0,0,0,0,0,0,0,0,0,321.677,0,0,0
"MtrElec",2,7,23,"",195.155,0,0,0,0,0,0,0,0,0,0,0,0,0,0,0,0,0,0,0,0,195.155,0,0,0
"MtrElec",2,7,24,"",235.143,0,0,0,0,0,0,0,0,0,0,0,0,0,0,0,0,0,0,0,0,235.143,0,0,0
"MtrElec",2,8,1,"",164.876,0,0,0,0,0,0,0,0,0,0,0,0,0,0,0,0,0,0,0,0,164.876,0,0,0
"MtrElec",2,8,2,"",150.409,0,0,0,0,0,0,0,0,0,0,0,0,0,0,0,0,0,0,0,0,150.409,0,0,0
"MtrElec",2,8,3,"",153.261,0,0,0,0,0,0,0,0,0,0,0,0,0,0,0,0,0,0,0,0,153.261,0,0,0
"MtrElec",2,8,4,"",155.142,0,0,0,0,0,0,0,0,0,0,0,0,0,0,0,0,0,0,0,0,155.142,0,0,0
"MtrElec",2,8,5,"",186.306,0,0,0,0,0,0,0,0,0,0,0,0,0,0,0,0,0,0,0,0,186.306,0,0,0
"MtrElec",2,8,6,"",160.543,0,0,0,0,0,0,0,0,0,0,0,0,0,0,0,0,0,0,0,0,160.543,0,0,0
"MtrElec",2,8,7,"",220.558,0,0,0,0,0,0,0,0,0,0,0,0,0,0,0,0,0,0,0,0,220.558,0,0,0
"MtrElec",2,8,8,"",121.713,0,0,0,0,0,0,0,0,0,0,0,0,0,0,0,0,0,0,0,0,245.282,0,0,-123.569
"MtrElec",2,8,9,"",-3.02006,0,0,0,0,0,0,0,0,0,0,0,0,0,0,0,0,0,0,0,0,319.848,0,0,-322.868
"MtrElec",2,8,10,"",-173.165,0,0,0,0,0,0,0,0,0,0,0,0,0,0,0,0,0,0,0,0,300.295,0,0,-473.459
"MtrElec",2,8,11,"",0,0,0,0,0,0,0,0,0,0,0,0,0,0,0,0,0,0,0,0,0,381.627,0,187.455,-569.082
"MtrElec",2,8,12,"",-1.84616,0,0,0,0,0,0,0,0,0,0,0,0,0,0,0,0,0,0,0,0,391.492,0,221.926,-615.264
"MtrElec",2,8,13,"",-1.07072,0,0,0,0,0,0,0,0,0,0,0,0,0,0,0,0,0,0,0,0,391.035,0,221.926,-614.031
"MtrElec",2,8,14,"",-30.5819,0,0,0,0,0,0,0,0,0,0,0,0,0,0,0,0,0,0,0,0,376.045,0,163.076,-569.703
"MtrElec",2,8,15,"",-90.475,0,0,0,0,0,0,0,0,0,0,0,0,0,0,0,0,0,0,0,0,397.504,0,0,-487.979
"MtrElec",2,8,16,"",8.26153,0,0,0,0,0,0,0,0,0,0,0,0,0,0,0,0,0,0,0,0,358.725,0,0,-350.464
"MtrElec",2,8,17,"",233.687,0,0,0,0,0,0,0,0,0,0,0,0,0,0,0,0,0,0,0,0,388.134,0,0,-154.447
"MtrElec",2,8,18,"",393.051,0,0,0,0,0,0,0,0,0,0,0,0,0,0,0,0,0,0,0,0,400.213,0,0,-7.1622
"MtrElec",2,8,19,"",191.301,0,0,0,0,0,0,0,0,0,0,0,0,0,0,0,0,0,0,0,0,413.227,0,-221.926,0
"MtrElec",2,8,20,"",125.451,0,0,0,0,0,0,0,0,0,0,0,0,0,0,0,0,0,0,0,0,347.376,0,-221.926,0
"MtrElec",2,8,21,"",101.459,0,0,0,0,0,0,0,0,0,0,0,0,0,0,0,0,0,0,0,0,323.385,0,-221.926,0
"MtrElec",2,8,22,"",279.069,0,0,0,0,0,0,0,0,0,0,0,0,0,0,0,0,0,0,0,0,330.222,0,-51.1531,0
"MtrElec",2,8,23,"",253.729,0,0,0,0,0,0,0,0,0,0,0,0,0,0,0,0,0,0,0,0,253.729,0,0,0
"MtrElec",2,8,24,"",195.195,0,0,0,0,0,0,0,0,0,0,0,0,0,0,0,0,0,0,0,0,195.195,0,0,0
"MtrElec",2,9,1,"",166.732,0,0,0,0,0,0,0,0,0,0,0,0,0,0,0,0,0,0,0,0,166.732,0,0,0
"MtrElec",2,9,2,"",150.517,0,0,0,0,0,0,0,0,0,0,0,0,0,0,0,0,0,0,0,0,150.517,0,0,0
"MtrElec",2,9,3,"",190.452,0,0,0,0,0,0,0,0,0,0,0,0,0,0,0,0,0,0,0,0,190.452,0,0,0
"MtrElec",2,9,4,"",149.197,0,0,0,0,0,0,0,0,0,0,0,0,0,0,0,0,0,0,0,0,149.197,0,0,0
"MtrElec",2,9,5,"",150.241,0,0,0,0,0,0,0,0,0,0,0,0,0,0,0,0,0,0,0,0,150.241,0,0,0
"MtrElec",2,9,6,"",150.528,0,0,0,0,0,0,0,0,0,0,0,0,0,0,0,0,0,0,0,0,150.528,0,0,0
"MtrElec",2,9,7,"",290.804,0,0,0,0,0,0,0,0,0,0,0,0,0,0,0,0,0,0,0,0,290.804,0,0,0
"MtrElec",2,9,8,"",208.41,0,0,0,0,0,0,0,0,0,0,0,0,0,0,0,0,0,0,0,0,336.983,0,0,-128.572
"MtrElec",2,9,9,"",13.2607,0,0,0,0,0,0,0,0,0,0,0,0,0,0,0,0,0,0,0,0,341.49,0,0,-328.23
"MtrElec",2,9,10,"",-50.2869,0,0,0,0,0,0,0,0,0,0,0,0,0,0,0,0,0,0,0,0,429.298,0,0,-479.585
"MtrElec",2,9,11,"",0,0,0,0,0,0,0,0,0,0,0,0,0,0,0,0,0,0,0,0,0,431.178,0,152.396,-583.575
"MtrElec",2,9,12,"",0,0,0,0,0,0,0,0,0,0,0,0,0,0,0,0,0,0,0,0,0,431.509,0,199.052,-630.561
"MtrElec",2,9,13,"",0,0,0,0,0,0,0,0,0,0,0,0,0,0,0,0,0,0,0,0,0,456.725,0,162.124,-618.849
"MtrElec",2,9,14,"",0,0,0,0,0,0,0,0,0,0,0,0,0,0,0,0,0,0,0,0,0,406.846,0,165.756,-572.603
"MtrElec",2,9,15,"",0,0,0,0,0,0,0,0,0,0,0,0,0,0,0,0,0,0,0,0,0,442.544,0,38.302,-480.846
"MtrElec",2,9,16,"",44.0108,0,0,0,0,0,0,0,0,0,0,0,0,0,0,0,0,0,0,0,0,393.481,0,0,-349.47
"MtrElec",2,9,17,"",281.954,0,0,0,0,0,0,0,0,0,0,0,0,0,0,0,0,0,0,0,0,441.742,0,0,-159.789
"MtrElec",2,9,18,"",390.879,0,0,0,0,0,0,0,0,0,0,0,0,0,0,0,0,0,0,0,0,398.473,0,0,-7.5944
"MtrElec",2,9,19,"",170.842,0,0,0,0,0,0,0,0,0,0,0,0,0,0,0,0,0,0,0,0,392.768,0,-221.926,0
"MtrElec",2,9,20,"",210.928,0,0,0,0,0,0,0,0,0,0,0,0,0,0,0,0,0,0,0,0,432.854,0,-221.926,0
"MtrElec",2,9,21,"",193.574,0,0,0,0,0,0,0,0,0,0,0,0,0,0,0,0,0,0,0,0,397.385,0,-203.81,0
"MtrElec",2,9,22,"",300.546,0,0,0,0,0,0,0,0,0,0,0,0,0,0,0,0,0,0,0,0,300.546,0,0,0
"MtrElec",2,9,23,"",270.558,0,0,0,0,0,0,0,0,0,0,0,0,0,0,0,0,0,0,0,0,270.558,0,0,0
"MtrElec",2,9,24,"",228.071,0,0,0,0,0,0,0,0,0,0,0,0,0,0,0,0,0,0,0,0,228.071,0,0,0
"MtrElec",2,10,1,"",231.845,0,0,0,0,0,0,0,0,0,0,0,0,0,0,0,0,0,0,0,0,231.845,0,0,0
"MtrElec",2,10,2,"",151.988,0,0,0,0,0,0,0,0,0,0,0,0,0,0,0,0,0,0,0,0,151.988,0,0,0
"MtrElec",2,10,3,"",146.994,0,0,0,0,0,0,0,0,0,0,0,0,0,0,0,0,0,0,0,0,146.994,0,0,0
"MtrElec",2,10,4,"",150.215,0,0,0,0,0,0,0,0,0,0,0,0,0,0,0,0,0,0,0,0,150.215,0,0,0
"MtrElec",2,10,5,"",144.19,0,0,0,0,0,0,0,0,0,0,0,0,0,0,0,0,0,0,0,0,144.19,0,0,0
"MtrElec",2,10,6,"",181.835,0,0,0,0,0,0,0,0,0,0,0,0,0,0,0,0,0,0,0,0,181.835,0,0,0
"MtrElec",2,10,7,"",239.353,0,0,0,0,0,0,0,0,0,0,0,0,0,0,0,0,0,0,0,0,239.353,0,0,0
"MtrElec",2,10,8,"",240.389,0,0,0,0,0,0,0,0,0,0,0,0,0,0,0,0,0,0,0,0,370.985,0,0,-130.596
"MtrElec",2,10,9,"",87.5949,0,0,0,0,0,0,0,0,0,0,0,0,0,0,0,0,0,0,0,0,395.539,0,0,-307.944
"MtrElec",2,10,10,"",52.1748,0,0,0,0,0,0,0,0,0,0,0,0,0,0,0,0,0,0,0,0,429.223,0,0,-377.049
"MtrElec",2,10,11,"",0,0,0,0,0,0,0,0,0,0,0,0,0,0,0,0,0,0,0,0,0,438.033,0,130.878,-568.911
"MtrElec",2,10,12,"",0,0,0,0,0,0,0,0,0,0,0,0,0,0,0,0,0,0,0,0,0,461.461,0,152.249,-613.71
"MtrElec",2,10,13,"",0,0,0,0,0,0,0,0,0,0,0,0,0,0,0,0,0,0,0,0,0,504.287,0,109.48,-613.767
"MtrElec",2,10,14,"",0,0,0,0,0,0,0,0,0,0,0,0,0,0,0,0,0,0,0,0,0,445.547,0,134.4,-579.947
"MtrElec",2,10,15,"",0.0000078,0,0,0,0,0,0,0,0,0,0,0,0,0,0,0,0,0,0,0,0,379.88,0,116.037,-495.918
"MtrElec",2,10,16,"",90.7216,0,0,0,0,0,0,0,0,0,0,0,0,0,0,0,0,0,0,0,0,415.53,0,0,-324.809
"MtrElec",2,10,17,"",350.086,0,0,0,0,0,0,0,0,0,0,0,0,0,0,0,0,0,0,0,0,460.912,0,0,-110.826
"MtrElec",2,10,18,"",398.859,0,0,0,0,0,0,0,0,0,0,0,0,0,0,0,0,0,0,0,0,403.455,0,0,-4.59574
"MtrElec",2,10,19,"",203.65,0,0,0,0,0,0,0,0,0,0,0,0,0,0,0,0,0,0,0,0,425.576,0,-221.926,0
"MtrElec",2,10,20,"",242.521,0,0,0,0,0,0,0,0,0,0,0,0,0,0,0,0,0,0,0,0,464.447,0,-221.926,0
"MtrElec",2,10,21,"",272.251,0,0,0,0,0,0,0,0,0,0,0,0,0,0,0,0,0,0,0,0,408.747,0,-136.496,0
"MtrElec",2,10,22,"",294.609,0,0,0,0,0,0,0,0,0,0,0,0,0,0,0,0,0,0,0,0,294.609,0,0,0
"MtrElec",2,10,23,"",217.072,0,0,0,0,0,0,0,0,0,0,0,0,0,0,0,0,0,0,0,0,217.072,0,0,0
"MtrElec",2,10,24,"",247.835,0,0,0,0,0,0,0,0,0,0,0,0,0,0,0,0,0,0,0,0,247.835,0,0,0
"MtrElec",2,11,1,"",158.28,0,0,0,0,0,0,0,0,0,0,0,0,0,0,0,0,0,0,0,0,158.28,0,0,0
"MtrElec",2,11,2,"",153.641,0,0,0,0,0,0,0,0,0,0,0,0,0,0,0,0,0,0,0,0,153.641,0,0,0
"MtrElec",2,11,3,"",147.885,0,0,0,0,0,0,0,0,0,0,0,0,0,0,0,0,0,0,0,0,147.885,0,0,0
"MtrElec",2,11,4,"",147.194,0,0,0,0,0,0,0,0,0,0,0,0,0,0,0,0,0,0,0,0,147.194,0,0,0
"MtrElec",2,11,5,"",143.736,0,0,0,0,0,0,0,0,0,0,0,0,0,0,0,0,0,0,0,0,143.736,0,0,0
"MtrElec",2,11,6,"",196.567,0,0,0,0,0,0,0,0,0,0,0,0,0,0,0,0,0,0,0,0,196.567,0,0,0
"MtrElec",2,11,7,"",250.059,0,0,0,0,0,0,0,0,0,0,0,0,0,0,0,0,0,0,0,0,250.059,0,0,0
"MtrElec",2,11,8,"",175.551,0,0,0,0,0,0,0,0,0,0,0,0,0,0,0,0,0,0,0,0,297.176,0,0,-121.625
"MtrElec",2,11,9,"",32.6727,0,0,0,0,0,0,0,0,0,0,0,0,0,0,0,0,0,0,0,0,358.971,0,0,-326.298
"MtrElec",2,11,10,"",12.0482,0,0,0,0,0,0,0,0,0,0,0,0,0,0,0,0,0,0,0,0,490.932,0,0,-478.884
"MtrElec",2,11,11,"",0.0000078,0,0,0,0,0,0,0,0,0,0,0,0,0,0,0,0,0,0,0,0,448.447,0,123.922,-572.369
"MtrElec",2,11,12,"",0,0,0,0,0,0,0,0,0,0,0,0,0,0,0,0,0,0,0,0,0,444.261,0,172.603,-616.864
"MtrElec",2,11,13,"",0,0,0,0,0,0,0,0,0,0,0,0,0,0,0,0,0,0,0,0,0,467.937,0,116.494,-584.432
"MtrElec",2,11,14,"",0.0000078,0,0,0,0,0,0,0,0,0,0,0,0,0,0,0,0,0,0,0,0,364.891,0,92.8024,-457.693
"MtrElec",2,11,15,"",0,0,0,0,0,0,0,0,0,0,0,0,0,0,0,0,0,0,0,0,0,412.357,0,61.566,-473.923
"MtrElec",2,11,16,"",82.7496,0,0,0,0,0,0,0,0,0,0,0,0,0,0,0,0,0,0,0,0,426.036,0,0,-343.287
"MtrElec",2,11,17,"",249.055,0,0,0,0,0,0,0,0,0,0,0,0,0,0,0,0,0,0,0,0,409.559,0,0,-160.504
"MtrElec",2,11,18,"",439.427,0,0,0,0,0,0,0,0,0,0,0,0,0,0,0,0,0,0,0,0,447.901,0,0,-8.4748
"MtrElec",2,11,19,"",211.982,0,0,0,0,0,0,0,0,0,0,0,0,0,0,0,0,0,0,0,0,433.908,0,-221.926,0
"MtrElec",2,11,20,"",187.507,0,0,0,0,0,0,0,0,0,0,0,0,0,0,0,0,0,0,0,0,409.433,0,-221.926,0
"MtrElec",2,11,21,"",333.366,0,0,0,0,0,0,0,0,0,0,0,0,0,0,0,0,0,0,0,0,401.582,0,-68.2154,0
"MtrElec",2,11,22,"",310.392,0,0,0,0,0,0,0,0,0,0,0,0,0,0,0,0,0,0,0,0,310.392,0,0,0
"MtrElec",2,11,23,"",303.207,0,0,0,0,0,0,0,0,0,0,0,0,0,0,0,0,0,0,0,0,303.207,0,0,0
"MtrElec",2,11,24,"",218.243,0,0,0,0,0,0,0,0,0,0,0,0,0,0,0,0,0,0,0,0,218.243,0,0,0
"MtrElec",2,12,1,"",203.443,0,0,0,0,0,0,0,0,0,0,0,0,0,0,0,0,0,0,0,0,203.443,0,0,0
"MtrElec",2,12,2,"",152.114,0,0,0,0,0,0,0,0,0,0,0,0,0,0,0,0,0,0,0,0,152.114,0,0,0
"MtrElec",2,12,3,"",154.352,0,0,0,0,0,0,0,0,0,0,0,0,0,0,0,0,0,0,0,0,154.352,0,0,0
"MtrElec",2,12,4,"",154.019,0,0,0,0,0,0,0,0,0,0,0,0,0,0,0,0,0,0,0,0,154.019,0,0,0
"MtrElec",2,12,5,"",152.009,0,0,0,0,0,0,0,0,0,0,0,0,0,0,0,0,0,0,0,0,152.009,0,0,0
"MtrElec",2,12,6,"",204.962,0,0,0,0,0,0,0,0,0,0,0,0,0,0,0,0,0,0,0,0,204.962,0,0,0
"MtrElec",2,12,7,"",232.166,0,0,0,0,0,0,0,0,0,0,0,0,0,0,0,0,0,0,0,0,235.797,0,0,-3.63081
"MtrElec",2,12,8,"",213.375,0,0,0,0,0,0,0,0,0,0,0,0,0,0,0,0,0,0,0,0,340.113,0,0,-126.738
"MtrElec",2,12,9,"",40.7698,0,0,0,0,0,0,0,0,0,0,0,0,0,0,0,0,0,0,0,0,369.04,0,0,-328.27
"MtrElec",2,12,10,"",-30.7502,0,0,0,0,0,0,0,0,0,0,0,0,0,0,0,0,0,0,0,0,447.526,0,0,-478.276
"MtrElec",2,12,11,"",0,0,0,0,0,0,0,0,0,0,0,0,0,0,0,0,0,0,0,0,0,472.025,0,99.1197,-571.145
"MtrElec",2,12,12,"",0,0,0,0,0,0,0,0,0,0,0,0,0,0,0,0,0,0,0,0,0,484.486,0,131.811,-616.297
"MtrElec",2,12,13,"",0.0000078,0,0,0,0,0,0,0,0,0,0,0,0,0,0,0,0,0,0,0,0,532.771,0,82.4431,-615.215
"MtrElec",2,12,14,"",0,0,0,0,0,0,0,0,0,0,0,0,0,0,0,0,0,0,0,0,0,388.82,0,192.924,-581.745
"MtrElec",2,12,15,"",0,0,0,0,0,0,0,0,0,0,0,0,0,0,0,0,0,0,0,0,0,442.845,0,56.8168,-499.661
"MtrElec",2,12,16,"",76.1316,0,0,0,0,0,0,0,0,0,0,0,0,0,0,0,0,0,0,0,0,433.755,0,0,-357.623
"MtrElec",2,12,17,"",228.212,0,0,0,0,0,0,0,0,0,0,0,0,0,0,0,0,0,0,0,0,392.577,0,0,-164.365
"MtrElec",2,12,18,"",418.856,0,0,0,0,0,0,0,0,0,0,0,0,0,0,0,0,0,0,0,0,427.504,0,0,-8.64726
"MtrElec",2,12,19,"",191.888,0,0,0,0,0,0,0,0,0,0,0,0,0,0,0,0,0,0,0,0,413.814,0,-221.926,0
"MtrElec",2,12,20,"",159.006,0,0,0,0,0,0,0,0,0,0,0,0,0,0,0,0,0,0,0,0,380.931,0,-221.926,0
"MtrElec",2,12,21,"",286.838,0,0,0,0,0,0,0,0,0,0,0,0,0,0,0,0,0,0,0,0,351.198,0,-64.3599,0
"MtrElec",2,12,22,"",299.466,0,0,0,0,0,0,0,0,0,0,0,0,0,0,0,0,0,0,0,0,299.466,0,0,0
"MtrElec",2,12,23,"",258.938,0,0,0,0,0,0,0,0,0,0,0,0,0,0,0,0,0,0,0,0,258.938,0,0,0
"MtrElec",2,12,24,"",175.485,0,0,0,0,0,0,0,0,0,0,0,0,0,0,0,0,0,0,0,0,175.485,0,0,0
"MtrElec",2,13,1,"",207.916,0,0,0,0,0,0,0,0,0,0,0,0,0,0,0,0,0,0,0,0,207.916,0,0,0
"MtrElec",2,13,2,"",151.357,0,0,0,0,0,0,0,0,0,0,0,0,0,0,0,0,0,0,0,0,151.357,0,0,0
"MtrElec",2,13,3,"",148.968,0,0,0,0,0,0,0,0,0,0,0,0,0,0,0,0,0,0,0,0,148.968,0,0,0
"MtrElec",2,13,4,"",154.169,0,0,0,0,0,0,0,0,0,0,0,0,0,0,0,0,0,0,0,0,154.169,0,0,0
"MtrElec",2,13,5,"",163.553,0,0,0,0,0,0,0,0,0,0,0,0,0,0,0,0,0,0,0,0,163.553,0,0,0
"MtrElec",2,13,6,"",170.883,0,0,0,0,0,0,0,0,0,0,0,0,0,0,0,0,0,0,0,0,170.883,0,0,0
"MtrElec",2,13,7,"",247.368,0,0,0,0,0,0,0,0,0,0,0,0,0,0,0,0,0,0,0,0,250.611,0,0,-3.24228
"MtrElec",2,13,8,"",227.008,0,0,0,0,0,0,0,0,0,0,0,0,0,0,0,0,0,0,0,0,344.602,0,0,-117.594
"MtrElec",2,13,9,"",188.398,0,0,0,0,0,0,0,0,0,0,0,0,0,0,0,0,0,0,0,0,371.585,0,0,-183.187
"MtrElec",2,13,10,"",73.2616,0,0,0,0,0,0,0,0,0,0,0,0,0,0,0,0,0,0,0,0,395.59,0,0,-322.328
"MtrElec",2,13,11,"",139.593,0,0,0,0,0,0,0,0,0,0,0,0,0,0,0,0,0,0,0,0,410.569,0,0,-270.977
"MtrElec",2,13,12,"",207.626,0,0,0,0,0,0,0,0,0,0,0,0,0,0,0,0,0,0,0,0,380.812,0,0,-173.186
"MtrElec",2,13,13,"",58.994,0,0,0,0,0,0,0,0,0,0,0,0,0,0,0,0,0,0,0,0,367.235,0,0,-308.241
"MtrElec",2,13,14,"",0,0,0,0,0,0,0,0,0,0,0,0,0,0,0,0,0,0,0,0,0,358.974,0,12.8706,-371.845
"MtrElec",2,13,15,"",123.787,0,0,0,0,0,0,0,0,0,0,0,0,0,0,0,0,0,0,0,0,352.597,0,0,-228.81
"MtrElec",2,13,16,"",211.126,0,0,0,0,0,0,0,0,0,0,0,0,0,0,0,0,0,0,0,0,319,0,0,-107.874
"MtrElec",2,13,17,"",346.555,0,0,0,0,0,0,0,0,0,0,0,0,0,0,0,0,0,0,0,0,390.124,0,0,-43.5681
"MtrElec",2,13,18,"",392.73,0,0,0,0,0,0,0,0,0,0,0,0,0,0,0,0,0,0,0,0,392.73,0,0,0
"MtrElec",2,13,19,"",372.779,0,0,0,0,0,0,0,0,0,0,0,0,0,0,0,0,0,0,0,0,384.395,0,-11.6157,0
"MtrElec",2,13,20,"",425.74,0,0,0,0,0,0,0,0,0,0,0,0,0,0,0,0,0,0,0,0,425.74,0,0,0
"MtrElec",2,13,21,"",382.242,0,0,0,0,0,0,0,0,0,0,0,0,0,0,0,0,0,0,0,0,382.242,0,0,0
"MtrElec",2,13,22,"",307.804,0,0,0,0,0,0,0,0,0,0,0,0,0,0,0,0,0,0,0,0,307.804,0,0,0
"MtrElec",2,13,23,"",285.451,0,0,0,0,0,0,0,0,0,0,0,0,0,0,0,0,0,0,0,0,285.451,0,0,0
"MtrElec",2,13,24,"",216.174,0,0,0,0,0,0,0,0,0,0,0,0,0,0,0,0,0,0,0,0,216.174,0,0,0
"MtrElec",2,14,1,"",173.889,0,0,0,0,0,0,0,0,0,0,0,0,0,0,0,0,0,0,0,0,173.889,0,0,0
"MtrElec",2,14,2,"",201.272,0,0,0,0,0,0,0,0,0,0,0,0,0,0,0,0,0,0,0,0,201.272,0,0,0
"MtrElec",2,14,3,"",149.116,0,0,0,0,0,0,0,0,0,0,0,0,0,0,0,0,0,0,0,0,149.116,0,0,0
"MtrElec",2,14,4,"",149.524,0,0,0,0,0,0,0,0,0,0,0,0,0,0,0,0,0,0,0,0,149.524,0,0,0
"MtrElec",2,14,5,"",167.036,0,0,0,0,0,0,0,0,0,0,0,0,0,0,0,0,0,0,0,0,167.036,0,0,0
"MtrElec",2,14,6,"",149.79,0,0,0,0,0,0,0,0,0,0,0,0,0,0,0,0,0,0,0,0,149.79,0,0,0
"MtrElec",2,14,7,"",227.237,0,0,0,0,0,0,0,0,0,0,0,0,0,0,0,0,0,0,0,0,227.237,0,0,0
"MtrElec",2,14,8,"",228.788,0,0,0,0,0,0,0,0,0,0,0,0,0,0,0,0,0,0,0,0,232.341,0,0,-3.55312
"MtrElec",2,14,9,"",300.817,0,0,0,0,0,0,0,0,0,0,0,0,0,0,0,0,0,0,0,0,311.877,0,0,-11.0597
"MtrElec",2,14,10,"",409.153,0,0,0,0,0,0,0,0,0,0,0,0,0,0,0,0,0,0,0,0,445.663,0,0,-36.51
"MtrElec",2,14,11,"",292.558,0,0,0,0,0,0,0,0,0,0,0,0,0,0,0,0,0,0,0,0,489.963,0,0,-197.405
"MtrElec",2,14,12,"",0,0,0,0,0,0,0,0,0,0,0,0,0,0,0,0,0,0,0,0,0,453.419,0,80.9912,-534.41
"MtrElec",2,14,13,"",-45.0031,0,0,0,0,0,0,0,0,0,0,0,0,0,0,0,0,0,0,0,0,411.443,0,221.926,-678.371
"MtrElec",2,14,14,"",0,0,0,0,0,0,0,0,0,0,0,0,0,0,0,0,0,0,0,0,0,410.105,0,219.054,-629.159
"MtrElec",2,14,15,"",10.0787,0,0,0,0,0,0,0,0,0,0,0,0,0,0,0,0,0,0,0,0,405.557,0,0,-395.478
"MtrElec",2,14,16,"",46.8391,0,0,0,0,0,0,0,0,0,0,0,0,0,0,0,0,0,0,0,0,399.302,0,0,-352.463
"MtrElec",2,14,17,"",211.968,0,0,0,0,0,0,0,0,0,0,0,0,0,0,0,0,0,0,0,0,392.038,0,0,-180.07
"MtrElec",2,14,18,"",444.922,0,0,0,0,0,0,0,0,0,0,0,0,0,0,0,0,0,0,0,0,454.33,0,0,-9.40747
"MtrElec",2,14,19,"",267.812,0,0,0,0,0,0,0,0,0,0,0,0,0,0,0,0,0,0,0,0,489.738,0,-221.926,0
"MtrElec",2,14,20,"",144.995,0,0,0,0,0,0,0,0,0,0,0,0,0,0,0,0,0,0,0,0,366.921,0,-221.926,0
"MtrElec",2,14,21,"",324.275,0,0,0,0,0,0,0,0,0,0,0,0,0,0,0,0,0,0,0,0,351.502,0,-27.2269,0
"MtrElec",2,14,22,"",288.96,0,0,0,0,0,0,0,0,0,0,0,0,0,0,0,0,0,0,0,0,288.96,0,0,0
"MtrElec",2,14,23,"",267.411,0,0,0,0,0,0,0,0,0,0,0,0,0,0,0,0,0,0,0,0,267.411,0,0,0
"MtrElec",2,14,24,"",219.726,0,0,0,0,0,0,0,0,0,0,0,0,0,0,0,0,0,0,0,0,219.726,0,0,0
"MtrElec",2,15,1,"",156.539,0,0,0,0,0,0,0,0,0,0,0,0,0,0,0,0,0,0,0,0,156.539,0,0,0
"MtrElec",2,15,2,"",150.661,0,0,0,0,0,0,0,0,0,0,0,0,0,0,0,0,0,0,0,0,150.661,0,0,0
"MtrElec",2,15,3,"",152.243,0,0,0,0,0,0,0,0,0,0,0,0,0,0,0,0,0,0,0,0,152.243,0,0,0
"MtrElec",2,15,4,"",197.88,0,0,0,0,0,0,0,0,0,0,0,0,0,0,0,0,0,0,0,0,197.88,0,0,0
"MtrElec",2,15,5,"",182.257,0,0,0,0,0,0,0,0,0,0,0,0,0,0,0,0,0,0,0,0,182.257,0,0,0
"MtrElec",2,15,6,"",151.742,0,0,0,0,0,0,0,0,0,0,0,0,0,0,0,0,0,0,0,0,151.742,0,0,0
"MtrElec",2,15,7,"",159.025,0,0,0,0,0,0,0,0,0,0,0,0,0,0,0,0,0,0,0,0,165.135,0,0,-6.11016
"MtrElec",2,15,8,"",111.469,0,0,0,0,0,0,0,0,0,0,0,0,0,0,0,0,0,0,0,0,257.399,0,0,-145.93
"MtrElec",2,15,9,"",-20.9123,0,0,0,0,0,0,0,0,0,0,0,0,0,0,0,0,0,0,0,0,326.961,0,0,-347.874
"MtrElec",2,15,10,"",-114.047,0,0,0,0,0,0,0,0,0,0,0,0,0,0,0,0,0,0,0,0,393.396,0,0,-507.443
"MtrElec",2,15,11,"",0.0000156,0,0,0,0,0,0,0,0,0,0,0,0,0,0,0,0,0,0,0,0,423.31,0,191.689,-614.999
"MtrElec",2,15,12,"",-66.8596,0,0,0,0,0,0,0,0,0,0,0,0,0,0,0,0,0,0,0,0,383.436,0,221.926,-672.221
"MtrElec",2,15,13,"",-42.5803,0,0,0,0,0,0,0,0,0,0,0,0,0,0,0,0,0,0,0,0,413.695,0,221.926,-678.201
"MtrElec",2,15,14,"",-109.223,0,0,0,0,0,0,0,0,0,0,0,0,0,0,0,0,0,0,0,0,357.568,0,158.843,-625.634
"MtrElec",2,15,15,"",-144.558,0,0,0,0,0,0,0,0,0,0,0,0,0,0,0,0,0,0,0,0,371.927,0,0,-516.485
"MtrElec",2,15,16,"",-35.0723,0,0,0,0,0,0,0,0,0,0,0,0,0,0,0,0,0,0,0,0,327.771,0,0,-362.843
"MtrElec",2,15,17,"",160.444,0,0,0,0,0,0,0,0,0,0,0,0,0,0,0,0,0,0,0,0,333.247,0,0,-172.803
"MtrElec",2,15,18,"",336.609,0,0,0,0,0,0,0,0,0,0,0,0,0,0,0,0,0,0,0,0,346.353,0,0,-9.7435
"MtrElec",2,15,19,"",150.445,0,0,0,0,0,0,0,0,0,0,0,0,0,0,0,0,0,0,0,0,372.37,0,-221.926,0
"MtrElec",2,15,20,"",96.4536,0,0,0,0,0,0,0,0,0,0,0,0,0,0,0,0,0,0,0,0,318.379,0,-221.926,0
"MtrElec",2,15,21,"",72.399,0,0,0,0,0,0,0,0,0,0,0,0,0,0,0,0,0,0,0,0,294.325,0,-221.926,0
"MtrElec",2,15,22,"",247.577,0,0,0,0,0,0,0,0,0,0,0,0,0,0,0,0,0,0,0,0,298.73,0,-51.1531,0
"MtrElec",2,15,23,"",196.888,0,0,0,0,0,0,0,0,0,0,0,0,0,0,0,0,0,0,0,0,196.888,0,0,0
"MtrElec",2,15,24,"",241.735,0,0,0,0,0,0,0,0,0,0,0,0,0,0,0,0,0,0,0,0,241.735,0,0,0
"MtrElec",2,16,1,"",163.189,0,0,0,0,0,0,0,0,0,0,0,0,0,0,0,0,0,0,0,0,163.189,0,0,0
"MtrElec",2,16,2,"",150.604,0,0,0,0,0,0,0,0,0,0,0,0,0,0,0,0,0,0,0,0,150.604,0,0,0
"MtrElec",2,16,3,"",153.398,0,0,0,0,0,0,0,0,0,0,0,0,0,0,0,0,0,0,0,0,153.398,0,0,0
"MtrElec",2,16,4,"",154.648,0,0,0,0,0,0,0,0,0,0,0,0,0,0,0,0,0,0,0,0,154.648,0,0,0
"MtrElec",2,16,5,"",151.984,0,0,0,0,0,0,0,0,0,0,0,0,0,0,0,0,0,0,0,0,151.984,0,0,0
"MtrElec",2,16,6,"",231.388,0,0,0,0,0,0,0,0,0,0,0,0,0,0,0,0,0,0,0,0,231.388,0,0,0
"MtrElec",2,16,7,"",209.356,0,0,0,0,0,0,0,0,0,0,0,0,0,0,0,0,0,0,0,0,214.842,0,0,-5.48534
"MtrElec",2,16,8,"",174.971,0,0,0,0,0,0,0,0,0,0,0,0,0,0,0,0,0,0,0,0,314.797,0,0,-139.826
"MtrElec",2,16,9,"",-9.25534,0,0,0,0,0,0,0,0,0,0,0,0,0,0,0,0,0,0,0,0,337.779,0,0,-347.034
"MtrElec",2,16,10,"",-35.6956,0,0,0,0,0,0,0,0,0,0,0,0,0,0,0,0,0,0,0,0,475.826,0,0,-511.522
"MtrElec",2,16,11,"",0,0,0,0,0,0,0,0,0,0,0,0,0,0,0,0,0,0,0,0,0,485.288,0,129.176,-614.464
"MtrElec",2,16,12,"",0.0000156,0,0,0,0,0,0,0,0,0,0,0,0,0,0,0,0,0,0,0,0,446.595,0,216.048,-662.643
"MtrElec",2,16,13,"",0,0,0,0,0,0,0,0,0,0,0,0,0,0,0,0,0,0,0,0,0,463.024,0,192.218,-655.242
"MtrElec",2,16,14,"",0,0,0,0,0,0,0,0,0,0,0,0,0,0,0,0,0,0,0,0,0,437.641,0,169.389,-607.03
"MtrElec",2,16,15,"",-17.5937,0,0,0,0,0,0,0,0,0,0,0,0,0,0,0,0,0,0,0,0,416.291,0,87.5517,-521.437
"MtrElec",2,16,16,"",11.7288,0,0,0,0,0,0,0,0,0,0,0,0,0,0,0,0,0,0,0,0,385.483,0,0,-373.754
"MtrElec",2,16,17,"",128.837,0,0,0,0,0,0,0,0,0,0,0,0,0,0,0,0,0,0,0,0,304.389,0,0,-175.552
"MtrElec",2,16,18,"",345.34,0,0,0,0,0,0,0,0,0,0,0,0,0,0,0,0,0,0,0,0,354.961,0,0,-9.62137
"MtrElec",2,16,19,"",141.764,0,0,0,0,0,0,0,0,0,0,0,0,0,0,0,0,0,0,0,0,363.69,0,-221.926,0
"MtrElec",2,16,20,"",74.0699,0,0,0,0,0,0,0,0,0,0,0,0,0,0,0,0,0,0,0,0,295.996,0,-221.926,0
"MtrElec",2,16,21,"",75.9527,0,0,0,0,0,0,0,0,0,0,0,0,0,0,0,0,0,0,0,0,297.878,0,-221.926,0
"MtrElec",2,16,22,"",221.824,0,0,0,0,0,0,0,0,0,0,0,0,0,0,0,0,0,0,0,0,272.977,0,-51.1531,0
"MtrElec",2,16,23,"",252.844,0,0,0,0,0,0,0,0,0,0,0,0,0,0,0,0,0,0,0,0,252.844,0,0,0
"MtrElec",2,16,24,"",212.724,0,0,0,0,0,0,0,0,0,0,0,0,0,0,0,0,0,0,0,0,212.724,0,0,0
"MtrElec",2,17,1,"",150.124,0,0,0,0,0,0,0,0,0,0,0,0,0,0,0,0,0,0,0,0,150.124,0,0,0
"MtrElec",2,17,2,"",159.122,0,0,0,0,0,0,0,0,0,0,0,0,0,0,0,0,0,0,0,0,159.122,0,0,0
"MtrElec",2,17,3,"",158.003,0,0,0,0,0,0,0,0,0,0,0,0,0,0,0,0,0,0,0,0,158.003,0,0,0
"MtrElec",2,17,4,"",156.38,0,0,0,0,0,0,0,0,0,0,0,0,0,0,0,0,0,0,0,0,156.38,0,0,0
"MtrElec",2,17,5,"",149.496,0,0,0,0,0,0,0,0,0,0,0,0,0,0,0,0,0,0,0,0,149.496,0,0,0
"MtrElec",2,17,6,"",199.496,0,0,0,0,0,0,0,0,0,0,0,0,0,0,0,0,0,0,0,0,199.496,0,0,0
"MtrElec",2,17,7,"",206.647,0,0,0,0,0,0,0,0,0,0,0,0,0,0,0,0,0,0,0,0,206.647,0,0,0
"MtrElec",2,17,8,"",386.98,0,0,0,0,0,0,0,0,0,0,0,0,0,0,0,0,0,0,0,0,387.493,0,0,-0.512442
"MtrElec",2,17,9,"",329.741,0,0,0,0,0,0,0,0,0,0,0,0,0,0,0,0,0,0,0,0,380.402,0,0,-50.6611
"MtrElec",2,17,10,"",205.797,0,0,0,0,0,0,0,0,0,0,0,0,0,0,0,0,0,0,0,0,395.651,0,0,-189.854
"MtrElec",2,17,11,"",0,0,0,0,0,0,0,0,0,0,0,0,0,0,0,0,0,0,0,0,0,396.487,0,178.973,-575.46
"MtrElec",2,17,12,"",-55.3231,0,0,0,0,0,0,0,0,0,0,0,0,0,0,0,0,0,0,0,0,376.902,0,221.926,-654.15
"MtrElec",2,17,13,"",-7.30219,0,0,0,0,0,0,0,0,0,0,0,0,0,0,0,0,0,0,0,0,412.425,0,221.926,-641.653
"MtrElec",2,17,14,"",-108.351,0,0,0,0,0,0,0,0,0,0,0,0,0,0,0,0,0,0,0,0,332.225,0,171.558,-612.134
"MtrElec",2,17,15,"",-162.773,0,0,0,0,0,0,0,0,0,0,0,0,0,0,0,0,0,0,0,0,357.971,0,0,-520.744
"MtrElec",2,17,16,"",-47.5905,0,0,0,0,0,0,0,0,0,0,0,0,0,0,0,0,0,0,0,0,317.904,0,0,-365.495
"MtrElec",2,17,17,"",221.8,0,0,0,0,0,0,0,0,0,0,0,0,0,0,0,0,0,0,0,0,389.629,0,0,-167.829
"MtrElec",2,17,18,"",345.167,0,0,0,0,0,0,0,0,0,0,0,0,0,0,0,0,0,0,0,0,354.716,0,0,-9.54906
"MtrElec",2,17,19,"",178.066,0,0,0,0,0,0,0,0,0,0,0,0,0,0,0,0,0,0,0,0,399.991,0,-221.926,0
"MtrElec",2,17,20,"",187.753,0,0,0,0,0,0,0,0,0,0,0,0,0,0,0,0,0,0,0,0,409.679,0,-221.926,0
"MtrElec",2,17,21,"",205.824,0,0,0,0,0,0,0,0,0,0,0,0,0,0,0,0,0,0,0,0,427.749,0,-221.926,0
"MtrElec",2,17,22,"",257.858,0,0,0,0,0,0,0,0,0,0,0,0,0,0,0,0,0,0,0,0,309.011,0,-51.1531,0
"MtrElec",2,17,23,"",246.006,0,0,0,0,0,0,0,0,0,0,0,0,0,0,0,0,0,0,0,0,246.006,0,0,0
"MtrElec",2,17,24,"",215.057,0,0,0,0,0,0,0,0,0,0,0,0,0,0,0,0,0,0,0,0,215.057,0,0,0
"MtrElec",2,18,1,"",176.083,0,0,0,0,0,0,0,0,0,0,0,0,0,0,0,0,0,0,0,0,176.083,0,0,0
"MtrElec",2,18,2,"",152.249,0,0,0,0,0,0,0,0,0,0,0,0,0,0,0,0,0,0,0,0,152.249,0,0,0
"MtrElec",2,18,3,"",149.62,0,0,0,0,0,0,0,0,0,0,0,0,0,0,0,0,0,0,0,0,149.62,0,0,0
"MtrElec",2,18,4,"",150.788,0,0,0,0,0,0,0,0,0,0,0,0,0,0,0,0,0,0,0,0,150.788,0,0,0
"MtrElec",2,18,5,"",148.147,0,0,0,0,0,0,0,0,0,0,0,0,0,0,0,0,0,0,0,0,148.147,0,0,0
"MtrElec",2,18,6,"",195.794,0,0,0,0,0,0,0,0,0,0,0,0,0,0,0,0,0,0,0,0,195.794,0,0,0
"MtrElec",2,18,7,"",258.201,0,0,0,0,0,0,0,0,0,0,0,0,0,0,0,0,0,0,0,0,258.201,0,0,0
"MtrElec",2,18,8,"",233.364,0,0,0,0,0,0,0,0,0,0,0,0,0,0,0,0,0,0,0,0,321.393,0,0,-88.0292
"MtrElec",2,18,9,"",75.6829,0,0,0,0,0,0,0,0,0,0,0,0,0,0,0,0,0,0,0,0,376.141,0,0,-300.458
"MtrElec",2,18,10,"",194.167,0,0,0,0,0,0,0,0,0,0,0,0,0,0,0,0,0,0,0,0,419.604,0,0,-225.438
"MtrElec",2,18,11,"",0.0000078,0,0,0,0,0,0,0,0,0,0,0,0,0,0,0,0,0,0,0,0,443.855,0,117.564,-561.419
"MtrElec",2,18,12,"",-1.9835,0,0,0,0,0,0,0,0,0,0,0,0,0,0,0,0,0,0,0,0,415.585,0,221.926,-639.494
"MtrElec",2,18,13,"",-4.2795,0,0,0,0,0,0,0,0,0,0,0,0,0,0,0,0,0,0,0,0,408.993,0,221.926,-635.198
"MtrElec",2,18,14,"",-47.4821,0,0,0,0,0,0,0,0,0,0,0,0,0,0,0,0,0,0,0,0,307.887,0,221.926,-577.295
"MtrElec",2,18,15,"",-45.4252,0,0,0,0,0,0,0,0,0,0,0,0,0,0,0,0,0,0,0,0,367.447,0,11.0415,-423.913
"MtrElec",2,18,16,"",100.367,0,0,0,0,0,0,0,0,0,0,0,0,0,0,0,0,0,0,0,0,318.141,0,0,-217.775
"MtrElec",2,18,17,"",360.749,0,0,0,0,0,0,0,0,0,0,0,0,0,0,0,0,0,0,0,0,402.441,0,0,-41.6929
"MtrElec",2,18,18,"",405.725,0,0,0,0,0,0,0,0,0,0,0,0,0,0,0,0,0,0,0,0,417.438,0,0,-11.7124
"MtrElec",2,18,19,"",161.988,0,0,0,0,0,0,0,0,0,0,0,0,0,0,0,0,0,0,0,0,383.914,0,-221.926,0
"MtrElec",2,18,20,"",160.766,0,0,0,0,0,0,0,0,0,0,0,0,0,0,0,0,0,0,0,0,382.692,0,-221.926,0
"MtrElec",2,18,21,"",218.08,0,0,0,0,0,0,0,0,0,0,0,0,0,0,0,0,0,0,0,0,440.006,0,-221.926,0
"MtrElec",2,18,22,"",218.845,0,0,0,0,0,0,0,0,0,0,0,0,0,0,0,0,0,0,0,0,269.999,0,-51.1531,0
"MtrElec",2,18,23,"",265.355,0,0,0,0,0,0,0,0,0,0,0,0,0,0,0,0,0,0,0,0,265.355,0,0,0
"MtrElec",2,18,24,"",177.85,0,0,0,0,0,0,0,0,0,0,0,0,0,0,0,0,0,0,0,0,177.85,0,0,0
"MtrElec",2,19,1,"",163.547,0,0,0,0,0,0,0,0,0,0,0,0,0,0,0,0,0,0,0,0,163.547,0,0,0
"MtrElec",2,19,2,"",152.382,0,0,0,0,0,0,0,0,0,0,0,0,0,0,0,0,0,0,0,0,152.382,0,0,0
"MtrElec",2,19,3,"",193.366,0,0,0,0,0,0,0,0,0,0,0,0,0,0,0,0,0,0,0,0,193.366,0,0,0
"MtrElec",2,19,4,"",151.033,0,0,0,0,0,0,0,0,0,0,0,0,0,0,0,0,0,0,0,0,151.033,0,0,0
"MtrElec",2,19,5,"",149.555,0,0,0,0,0,0,0,0,0,0,0,0,0,0,0,0,0,0,0,0,149.555,0,0,0
"MtrElec",2,19,6,"",149.802,0,0,0,0,0,0,0,0,0,0,0,0,0,0,0,0,0,0,0,0,149.802,0,0,0
"MtrElec",2,19,7,"",228.665,0,0,0,0,0,0,0,0,0,0,0,0,0,0,0,0,0,0,0,0,228.665,0,0,0
"MtrElec",2,19,8,"",243.696,0,0,0,0,0,0,0,0,0,0,0,0,0,0,0,0,0,0,0,0,296.035,0,0,-52.3392
"MtrElec",2,19,9,"",367.751,0,0,0,0,0,0,0,0,0,0,0,0,0,0,0,0,0,0,0,0,412.889,0,0,-45.1387
"MtrElec",2,19,10,"",343.207,0,0,0,0,0,0,0,0,0,0,0,0,0,0,0,0,0,0,0,0,383.961,0,0,-40.7541
"MtrElec",2,19,11,"",311.26,0,0,0,0,0,0,0,0,0,0,0,0,0,0,0,0,0,0,0,0,424.518,0,0,-113.258
"MtrElec",2,19,12,"",215.233,0,0,0,0,0,0,0,0,0,0,0,0,0,0,0,0,0,0,0,0,367.232,0,0,-151.999
"MtrElec",2,19,13,"",282.836,0,0,0,0,0,0,0,0,0,0,0,0,0,0,0,0,0,0,0,0,450.385,0,0,-167.55
"MtrElec",2,19,14,"",83.3881,0,0,0,0,0,0,0,0,0,0,0,0,0,0,0,0,0,0,0,0,320.179,0,0,-236.791
"MtrElec",2,19,15,"",123.986,0,0,0,0,0,0,0,0,0,0,0,0,0,0,0,0,0,0,0,0,364.017,0,0,-240.032
"MtrElec",2,19,16,"",279.009,0,0,0,0,0,0,0,0,0,0,0,0,0,0,0,0,0,0,0,0,376.902,0,0,-97.8931
"MtrElec",2,19,17,"",316.883,0,0,0,0,0,0,0,0,0,0,0,0,0,0,0,0,0,0,0,0,349.673,0,0,-32.7899
"MtrElec",2,19,18,"",435.788,0,0,0,0,0,0,0,0,0,0,0,0,0,0,0,0,0,0,0,0,435.788,0,0,0
"MtrElec",2,19,19,"",403.028,0,0,0,0,0,0,0,0,0,0,0,0,0,0,0,0,0,0,0,0,403.028,0,0,0
"MtrElec",2,19,20,"",437.201,0,0,0,0,0,0,0,0,0,0,0,0,0,0,0,0,0,0,0,0,437.201,0,0,0
"MtrElec",2,19,21,"",416.711,0,0,0,0,0,0,0,0,0,0,0,0,0,0,0,0,0,0,0,0,416.711,0,0,0
"MtrElec",2,19,22,"",327.184,0,0,0,0,0,0,0,0,0,0,0,0,0,0,0,0,0,0,0,0,327.184,0,0,0
"MtrElec",2,19,23,"",281.901,0,0,0,0,0,0,0,0,0,0,0,0,0,0,0,0,0,0,0,0,281.901,0,0,0
"MtrElec",2,19,24,"",193.054,0,0,0,0,0,0,0,0,0,0,0,0,0,0,0,0,0,0,0,0,193.054,0,0,0
"MtrElec",2,20,1,"",152.27,0,0,0,0,0,0,0,0,0,0,0,0,0,0,0,0,0,0,0,0,152.27,0,0,0
"MtrElec",2,20,2,"",152.567,0,0,0,0,0,0,0,0,0,0,0,0,0,0,0,0,0,0,0,0,152.567,0,0,0
"MtrElec",2,20,3,"",191.812,0,0,0,0,0,0,0,0,0,0,0,0,0,0,0,0,0,0,0,0,191.812,0,0,0
"MtrElec",2,20,4,"",147.961,0,0,0,0,0,0,0,0,0,0,0,0,0,0,0,0,0,0,0,0,147.961,0,0,0
"MtrElec",2,20,5,"",145.487,0,0,0,0,0,0,0,0,0,0,0,0,0,0,0,0,0,0,0,0,145.487,0,0,0
"MtrElec",2,20,6,"",186.748,0,0,0,0,0,0,0,0,0,0,0,0,0,0,0,0,0,0,0,0,186.748,0,0,0
"MtrElec",2,20,7,"",201.189,0,0,0,0,0,0,0,0,0,0,0,0,0,0,0,0,0,0,0,0,201.189,0,0,0
"MtrElec",2,20,8,"",310.977,0,0,0,0,0,0,0,0,0,0,0,0,0,0,0,0,0,0,0,0,331.303,0,0,-20.3264
"MtrElec",2,20,9,"",313.548,0,0,0,0,0,0,0,0,0,0,0,0,0,0,0,0,0,0,0,0,422.904,0,0,-109.356
"MtrElec",2,20,10,"",388.943,0,0,0,0,0,0,0,0,0,0,0,0,0,0,0,0,0,0,0,0,477.143,0,0,-88.2005
"MtrElec",2,20,11,"",313.997,0,0,0,0,0,0,0,0,0,0,0,0,0,0,0,0,0,0,0,0,458.141,0,0,-144.145
"MtrElec",2,20,12,"",268.833,0,0,0,0,0,0,0,0,0,0,0,0,0,0,0,0,0,0,0,0,375.124,0,0,-106.291
"MtrElec",2,20,13,"",186.292,0,0,0,0,0,0,0,0,0,0,0,0,0,0,0,0,0,0,0,0,386.418,0,0,-200.126
"MtrElec",2,20,14,"",0,0,0,0,0,0,0,0,0,0,0,0,0,0,0,0,0,0,0,0,0,299.114,0,0.63525,-299.75
"MtrElec",2,20,15,"",152.37,0,0,0,0,0,0,0,0,0,0,0,0,0,0,0,0,0,0,0,0,401.585,0,0,-249.215
"MtrElec",2,20,16,"",82.4793,0,0,0,0,0,0,0,0,0,0,0,0,0,0,0,0,0,0,0,0,362.407,0,0,-279.927
"MtrElec",2,20,17,"",257.824,0,0,0,0,0,0,0,0,0,0,0,0,0,0,0,0,0,0,0,0,438.887,0,0,-181.062
"MtrElec",2,20,18,"",394.467,0,0,0,0,0,0,0,0,0,0,0,0,0,0,0,0,0,0,0,0,413.524,0,0,-19.0568
"MtrElec",2,20,19,"",419.267,0,0,0,0,0,0,0,0,0,0,0,0,0,0,0,0,0,0,0,0,419.84,0,-0.573316,0
"MtrElec",2,20,20,"",395.474,0,0,0,0,0,0,0,0,0,0,0,0,0,0,0,0,0,0,0,0,395.474,0,0,0
"MtrElec",2,20,21,"",396.528,0,0,0,0,0,0,0,0,0,0,0,0,0,0,0,0,0,0,0,0,396.528,0,0,0
"MtrElec",2,20,22,"",310.735,0,0,0,0,0,0,0,0,0,0,0,0,0,0,0,0,0,0,0,0,310.735,0,0,0
"MtrElec",2,20,23,"",306.172,0,0,0,0,0,0,0,0,0,0,0,0,0,0,0,0,0,0,0,0,306.172,0,0,0
"MtrElec",2,20,24,"",194.606,0,0,0,0,0,0,0,0,0,0,0,0,0,0,0,0,0,0,0,0,194.606,0,0,0
"MtrElec",2,21,1,"",227.607,0,0,0,0,0,0,0,0,0,0,0,0,0,0,0,0,0,0,0,0,227.607,0,0,0
"MtrElec",2,21,2,"",153.106,0,0,0,0,0,0,0,0,0,0,0,0,0,0,0,0,0,0,0,0,153.106,0,0,0
"MtrElec",2,21,3,"",153.159,0,0,0,0,0,0,0,0,0,0,0,0,0,0,0,0,0,0,0,0,153.159,0,0,0
"MtrElec",2,21,4,"",154.714,0,0,0,0,0,0,0,0,0,0,0,0,0,0,0,0,0,0,0,0,154.714,0,0,0
"MtrElec",2,21,5,"",170.493,0,0,0,0,0,0,0,0,0,0,0,0,0,0,0,0,0,0,0,0,170.493,0,0,0
"MtrElec",2,21,6,"",153.934,0,0,0,0,0,0,0,0,0,0,0,0,0,0,0,0,0,0,0,0,153.934,0,0,0
"MtrElec",2,21,7,"",224.005,0,0,0,0,0,0,0,0,0,0,0,0,0,0,0,0,0,0,0,0,224.005,0,0,0
"MtrElec",2,21,8,"",261.31,0,0,0,0,0,0,0,0,0,0,0,0,0,0,0,0,0,0,0,0,267.085,0,0,-5.77474
"MtrElec",2,21,9,"",89.8011,0,0,0,0,0,0,0,0,0,0,0,0,0,0,0,0,0,0,0,0,299.052,0,0,-209.25
"MtrElec",2,21,10,"",4.75287,0,0,0,0,0,0,0,0,0,0,0,0,0,0,0,0,0,0,0,0,409.266,0,0,-404.513
"MtrElec",2,21,11,"",148.494,0,0,0,0,0,0,0,0,0,0,0,0,0,0,0,0,0,0,0,0,483.92,0,0,-335.426
"MtrElec",2,21,12,"",98.9974,0,0,0,0,0,0,0,0,0,0,0,0,0,0,0,0,0,0,0,0,488.782,0,0,-389.785
"MtrElec",2,21,13,"",94.1137,0,0,0,0,0,0,0,0,0,0,0,0,0,0,0,0,0,0,0,0,451.286,0,0,-357.172
"MtrElec",2,21,14,"",137.191,0,0,0,0,0,0,0,0,0,0,0,0,0,0,0,0,0,0,0,0,393.857,0,0,-256.665
"MtrElec",2,21,15,"",266.266,0,0,0,0,0,0,0,0,0,0,0,0,0,0,0,0,0,0,0,0,430.499,0,0,-164.233
"MtrElec",2,21,16,"",267.537,0,0,0,0,0,0,0,0,0,0,0,0,0,0,0,0,0,0,0,0,409.815,0,0,-142.278
"MtrElec",2,21,17,"",413.517,0,0,0,0,0,0,0,0,0,0,0,0,0,0,0,0,0,0,0,0,422.849,0,0,-9.33266
"MtrElec",2,21,18,"",447.86,0,0,0,0,0,0,0,0,0,0,0,0,0,0,0,0,0,0,0,0,447.86,0,0,0
"MtrElec",2,21,19,"",496.535,0,0,0,0,0,0,0,0,0,0,0,0,0,0,0,0,0,0,0,0,496.535,0,0,0
"MtrElec",2,21,20,"",415.339,0,0,0,0,0,0,0,0,0,0,0,0,0,0,0,0,0,0,0,0,415.339,0,0,0
"MtrElec",2,21,21,"",350.956,0,0,0,0,0,0,0,0,0,0,0,0,0,0,0,0,0,0,0,0,350.956,0,0,0
"MtrElec",2,21,22,"",298.128,0,0,0,0,0,0,0,0,0,0,0,0,0,0,0,0,0,0,0,0,298.128,0,0,0
"MtrElec",2,21,23,"",268.948,0,0,0,0,0,0,0,0,0,0,0,0,0,0,0,0,0,0,0,0,268.948,0,0,0
"MtrElec",2,21,24,"",204.92,0,0,0,0,0,0,0,0,0,0,0,0,0,0,0,0,0,0,0,0,204.92,0,0,0
"MtrElec",2,22,1,"",189.509,0,0,0,0,0,0,0,0,0,0,0,0,0,0,0,0,0,0,0,0,189.509,0,0,0
"MtrElec",2,22,2,"",160.164,0,0,0,0,0,0,0,0,0,0,0,0,0,0,0,0,0,0,0,0,160.164,0,0,0
"MtrElec",2,22,3,"",159.149,0,0,0,0,0,0,0,0,0,0,0,0,0,0,0,0,0,0,0,0,159.149,0,0,0
"MtrElec",2,22,4,"",159.827,0,0,0,0,0,0,0,0,0,0,0,0,0,0,0,0,0,0,0,0,159.827,0,0,0
"MtrElec",2,22,5,"",216.464,0,0,0,0,0,0,0,0,0,0,0,0,0,0,0,0,0,0,0,0,216.464,0,0,0
"MtrElec",2,22,6,"",156.198,0,0,0,0,0,0,0,0,0,0,0,0,0,0,0,0,0,0,0,0,156.198,0,0,0
"MtrElec",2,22,7,"",166.908,0,0,0,0,0,0,0,0,0,0,0,0,0,0,0,0,0,0,0,0,167.135,0,0,-0.22674
"MtrElec",2,22,8,"",161.577,0,0,0,0,0,0,0,0,0,0,0,0,0,0,0,0,0,0,0,0,233.794,0,0,-72.2176
"MtrElec",2,22,9,"",168.603,0,0,0,0,0,0,0,0,0,0,0,0,0,0,0,0,0,0,0,0,265.936,0,0,-97.3329
"MtrElec",2,22,10,"",174.14,0,0,0,0,0,0,0,0,0,0,0,0,0,0,0,0,0,0,0,0,299.494,0,0,-125.354
"MtrElec",2,22,11,"",257.963,0,0,0,0,0,0,0,0,0,0,0,0,0,0,0,0,0,0,0,0,366.525,0,0,-108.562
"MtrElec",2,22,12,"",281.184,0,0,0,0,0,0,0,0,0,0,0,0,0,0,0,0,0,0,0,0,355.777,0,0,-74.5934
"MtrElec",2,22,13,"",96.1888,0,0,0,0,0,0,0,0,0,0,0,0,0,0,0,0,0,0,0,0,417.076,0,0,-320.887
"MtrElec",2,22,14,"",0.0000078,0,0,0,0,0,0,0,0,0,0,0,0,0,0,0,0,0,0,0,0,314.171,0,106.701,-420.872
"MtrElec",2,22,15,"",172.743,0,0,0,0,0,0,0,0,0,0,0,0,0,0,0,0,0,0,0,0,336.412,0,0,-163.669
"MtrElec",2,22,16,"",69.289,0,0,0,0,0,0,0,0,0,0,0,0,0,0,0,0,0,0,0,0,324.693,0,0,-255.404
"MtrElec",2,22,17,"",164.891,0,0,0,0,0,0,0,0,0,0,0,0,0,0,0,0,0,0,0,0,324.184,0,0,-159.293
"MtrElec",2,22,18,"",355.221,0,0,0,0,0,0,0,0,0,0,0,0,0,0,0,0,0,0,0,0,375.666,0,0,-20.4455
"MtrElec",2,22,19,"",319.315,0,0,0,0,0,0,0,0,0,0,0,0,0,0,0,0,0,0,0,0,415.612,0,-96.2977,0
"MtrElec",2,22,20,"",364.601,0,0,0,0,0,0,0,0,0,0,0,0,0,0,0,0,0,0,0,0,364.601,0,0,0
"MtrElec",2,22,21,"",327.409,0,0,0,0,0,0,0,0,0,0,0,0,0,0,0,0,0,0,0,0,327.409,0,0,0
"MtrElec",2,22,22,"",309.508,0,0,0,0,0,0,0,0,0,0,0,0,0,0,0,0,0,0,0,0,309.508,0,0,0
"MtrElec",2,22,23,"",258.268,0,0,0,0,0,0,0,0,0,0,0,0,0,0,0,0,0,0,0,0,258.268,0,0,0
"MtrElec",2,22,24,"",199.184,0,0,0,0,0,0,0,0,0,0,0,0,0,0,0,0,0,0,0,0,199.184,0,0,0
"MtrElec",2,23,1,"",170.683,0,0,0,0,0,0,0,0,0,0,0,0,0,0,0,0,0,0,0,0,170.683,0,0,0
"MtrElec",2,23,2,"",207.726,0,0,0,0,0,0,0,0,0,0,0,0,0,0,0,0,0,0,0,0,207.726,0,0,0
"MtrElec",2,23,3,"",154.872,0,0,0,0,0,0,0,0,0,0,0,0,0,0,0,0,0,0,0,0,154.872,0,0,0
"MtrElec",2,23,4,"",159.138,0,0,0,0,0,0,0,0,0,0,0,0,0,0,0,0,0,0,0,0,159.138,0,0,0
"MtrElec",2,23,5,"",157.929,0,0,0,0,0,0,0,0,0,0,0,0,0,0,0,0,0,0,0,0,157.929,0,0,0
"MtrElec",2,23,6,"",169.312,0,0,0,0,0,0,0,0,0,0,0,0,0,0,0,0,0,0,0,0,169.312,0,0,0
"MtrElec",2,23,7,"",308.075,0,0,0,0,0,0,0,0,0,0,0,0,0,0,0,0,0,0,0,0,310.175,0,0,-2.10068
"MtrElec",2,23,8,"",241.839,0,0,0,0,0,0,0,0,0,0,0,0,0,0,0,0,0,0,0,0,328.283,0,0,-86.4435
"MtrElec",2,23,9,"",168.197,0,0,0,0,0,0,0,0,0,0,0,0,0,0,0,0,0,0,0,0,396.863,0,0,-228.666
"MtrElec",2,23,10,"",-26.2613,0,0,0,0,0,0,0,0,0,0,0,0,0,0,0,0,0,0,0,0,445.335,0,0,-471.597
"MtrElec",2,23,11,"",0.0000039,0,0,0,0,0,0,0,0,0,0,0,0,0,0,0,0,0,0,0,0,466.419,0,59.0787,-525.498
"MtrElec",2,23,12,"",-56.6121,0,0,0,0,0,0,0,0,0,0,0,0,0,0,0,0,0,0,0,0,394.58,0,221.926,-673.118
"MtrElec",2,23,13,"",0.0000002,0,0,0,0,0,0,0,0,0,0,0,0,0,0,0,0,0,0,0,0,389.837,0,3.24059,-393.078
"MtrElec",2,23,14,"",233.253,0,0,0,0,0,0,0,0,0,0,0,0,0,0,0,0,0,0,0,0,341.692,0,0,-108.439
"MtrElec",2,23,15,"",236.027,0,0,0,0,0,0,0,0,0,0,0,0,0,0,0,0,0,0,0,0,362.117,0,0,-126.09
"MtrElec",2,23,16,"",222.28,0,0,0,0,0,0,0,0,0,0,0,0,0,0,0,0,0,0,0,0,355.091,0,0,-132.811
"MtrElec",2,23,17,"",376.593,0,0,0,0,0,0,0,0,0,0,0,0,0,0,0,0,0,0,0,0,391.942,0,0,-15.3497
"MtrElec",2,23,18,"",376.496,0,0,0,0,0,0,0,0,0,0,0,0,0,0,0,0,0,0,0,0,376.496,0,0,0
"MtrElec",2,23,19,"",226.607,0,0,0,0,0,0,0,0,0,0,0,0,0,0,0,0,0,0,0,0,448.533,0,-221.926,0
"MtrElec",2,23,20,"",391.117,0,0,0,0,0,0,0,0,0,0,0,0,0,0,0,0,0,0,0,0,425.722,0,-34.6054,0
"MtrElec",2,23,21,"",417.09,0,0,0,0,0,0,0,0,0,0,0,0,0,0,0,0,0,0,0,0,417.09,0,0,0
"MtrElec",2,23,22,"",299.421,0,0,0,0,0,0,0,0,0,0,0,0,0,0,0,0,0,0,0,0,299.421,0,0,0
"MtrElec",2,23,23,"",300.332,0,0,0,0,0,0,0,0,0,0,0,0,0,0,0,0,0,0,0,0,300.332,0,0,0
"MtrElec",2,23,24,"",178.418,0,0,0,0,0,0,0,0,0,0,0,0,0,0,0,0,0,0,0,0,178.418,0,0,0
"MtrElec",2,24,1,"",151.692,0,0,0,0,0,0,0,0,0,0,0,0,0,0,0,0,0,0,0,0,151.692,0,0,0
"MtrElec",2,24,2,"",155.342,0,0,0,0,0,0,0,0,0,0,0,0,0,0,0,0,0,0,0,0,155.342,0,0,0
"MtrElec",2,24,3,"",204.76,0,0,0,0,0,0,0,0,0,0,0,0,0,0,0,0,0,0,0,0,204.76,0,0,0
"MtrElec",2,24,4,"",178.479,0,0,0,0,0,0,0,0,0,0,0,0,0,0,0,0,0,0,0,0,178.479,0,0,0
"MtrElec",2,24,5,"",166.2,0,0,0,0,0,0,0,0,0,0,0,0,0,0,0,0,0,0,0,0,166.2,0,0,0
"MtrElec",2,24,6,"",160.941,0,0,0,0,0,0,0,0,0,0,0,0,0,0,0,0,0,0,0,0,160.941,0,0,0
"MtrElec",2,24,7,"",293.839,0,0,0,0,0,0,0,0,0,0,0,0,0,0,0,0,0,0,0,0,293.839,0,0,0
"MtrElec",2,24,8,"",316.55,0,0,0,0,0,0,0,0,0,0,0,0,0,0,0,0,0,0,0,0,363.748,0,0,-47.1981
"MtrElec",2,24,9,"",286.91,0,0,0,0,0,0,0,0,0,0,0,0,0,0,0,0,0,0,0,0,401.95,0,0,-115.04
"MtrElec",2,24,10,"",159.304,0,0,0,0,0,0,0,0,0,0,0,0,0,0,0,0,0,0,0,0,426.951,0,0,-267.646
"MtrElec",2,24,11,"",207.158,0,0,0,0,0,0,0,0,0,0,0,0,0,0,0,0,0,0,0,0,415.039,0,0,-207.881
"MtrElec",2,24,12,"",98.9248,0,0,0,0,0,0,0,0,0,0,0,0,0,0,0,0,0,0,0,0,405.383,0,0,-306.458
"MtrElec",2,24,13,"",42.5055,0,0,0,0,0,0,0,0,0,0,0,0,0,0,0,0,0,0,0,0,434.901,0,0,-392.396
"MtrElec",2,24,14,"",14.0129,0,0,0,0,0,0,0,0,0,0,0,0,0,0,0,0,0,0,0,0,310.562,0,0,-296.549
"MtrElec",2,24,15,"",125.666,0,0,0,0,0,0,0,0,0,0,0,0,0,0,0,0,0,0,0,0,369.146,0,0,-243.48
"MtrElec",2,24,16,"",122.345,0,0,0,0,0,0,0,0,0,0,0,0,0,0,0,0,0,0,0,0,311.413,0,0,-189.068
"MtrElec",2,24,17,"",308.876,0,0,0,0,0,0,0,0,0,0,0,0,0,0,0,0,0,0,0,0,414.79,0,0,-105.914
"MtrElec",2,24,18,"",400.254,0,0,0,0,0,0,0,0,0,0,0,0,0,0,0,0,0,0,0,0,417.073,0,0,-16.8185
"MtrElec",2,24,19,"",411.258,0,0,0,0,0,0,0,0,0,0,0,0,0,0,0,0,0,0,0,0,411.258,0,0,0
"MtrElec",2,24,20,"",404.11,0,0,0,0,0,0,0,0,0,0,0,0,0,0,0,0,0,0,0,0,404.11,0,0,0
"MtrElec",2,24,21,"",448.038,0,0,0,0,0,0,0,0,0,0,0,0,0,0,0,0,0,0,0,0,448.038,0,0,0
"MtrElec",2,24,22,"",302.779,0,0,0,0,0,0,0,0,0,0,0,0,0,0,0,0,0,0,0,0,302.779,0,0,0
"MtrElec",2,24,23,"",246.615,0,0,0,0,0,0,0,0,0,0,0,0,0,0,0,0,0,0,0,0,246.615,0,0,0
"MtrElec",2,24,24,"",244.315,0,0,0,0,0,0,0,0,0,0,0,0,0,0,0,0,0,0,0,0,244.315,0,0,0
"MtrElec",2,25,1,"",179.315,0,0,0,0,0,0,0,0,0,0,0,0,0,0,0,0,0,0,0,0,179.315,0,0,0
"MtrElec",2,25,2,"",155.776,0,0,0,0,0,0,0,0,0,0,0,0,0,0,0,0,0,0,0,0,155.776,0,0,0
"MtrElec",2,25,3,"",157.636,0,0,0,0,0,0,0,0,0,0,0,0,0,0,0,0,0,0,0,0,157.636,0,0,0
"MtrElec",2,25,4,"",160.393,0,0,0,0,0,0,0,0,0,0,0,0,0,0,0,0,0,0,0,0,160.393,0,0,0
"MtrElec",2,25,5,"",161.014,0,0,0,0,0,0,0,0,0,0,0,0,0,0,0,0,0,0,0,0,161.014,0,0,0
"MtrElec",2,25,6,"",209.008,0,0,0,0,0,0,0,0,0,0,0,0,0,0,0,0,0,0,0,0,209.008,0,0,0
"MtrElec",2,25,7,"",263.126,0,0,0,0,0,0,0,0,0,0,0,0,0,0,0,0,0,0,0,0,272.49,0,0,-9.36366
"MtrElec",2,25,8,"",146.639,0,0,0,0,0,0,0,0,0,0,0,0,0,0,0,0,0,0,0,0,314.095,0,0,-167.456
"MtrElec",2,25,9,"",-19.7904,0,0,0,0,0,0,0,0,0,0,0,0,0,0,0,0,0,0,0,0,349.768,0,0,-369.559
"MtrElec",2,25,10,"",-20.59,0,0,0,0,0,0,0,0,0,0,0,0,0,0,0,0,0,0,0,0,387.421,0,0,-408.011
"MtrElec",2,25,11,"",0,0,0,0,0,0,0,0,0,0,0,0,0,0,0,0,0,0,0,0,0,419.622,0,163.68,-583.302
"MtrElec",2,25,12,"",-103.485,0,0,0,0,0,0,0,0,0,0,0,0,0,0,0,0,0,0,0,0,363.43,0,221.926,-688.841
"MtrElec",2,25,13,"",-68.9977,0,0,0,0,0,0,0,0,0,0,0,0,0,0,0,0,0,0,0,0,385.978,0,221.926,-676.901
"MtrElec",2,25,14,"",-79.3643,0,0,0,0,0,0,0,0,0,0,0,0,0,0,0,0,0,0,0,0,356.889,0,186.851,-623.105
"MtrElec",2,25,15,"",-206.875,0,0,0,0,0,0,0,0,0,0,0,0,0,0,0,0,0,0,0,0,332.755,0,0,-539.629
"MtrElec",2,25,16,"",-15.5056,0,0,0,0,0,0,0,0,0,0,0,0,0,0,0,0,0,0,0,0,377.591,0,0,-393.096
"MtrElec",2,25,17,"",171.746,0,0,0,0,0,0,0,0,0,0,0,0,0,0,0,0,0,0,0,0,367.774,0,0,-196.028
"MtrElec",2,25,18,"",399.576,0,0,0,0,0,0,0,0,0,0,0,0,0,0,0,0,0,0,0,0,423.129,0,0,-23.5536
"MtrElec",2,25,19,"",192.554,0,0,0,0,0,0,0,0,0,0,0,0,0,0,0,0,0,0,0,0,414.479,0,-221.926,0
"MtrElec",2,25,20,"",187.545,0,0,0,0,0,0,0,0,0,0,0,0,0,0,0,0,0,0,0,0,409.47,0,-221.926,0
"MtrElec",2,25,21,"",144.337,0,0,0,0,0,0,0,0,0,0,0,0,0,0,0,0,0,0,0,0,366.263,0,-221.926,0
"MtrElec",2,25,22,"",261.452,0,0,0,0,0,0,0,0,0,0,0,0,0,0,0,0,0,0,0,0,312.605,0,-51.1531,0
"MtrElec",2,25,23,"",320.215,0,0,0,0,0,0,0,0,0,0,0,0,0,0,0,0,0,0,0,0,320.215,0,0,0
"MtrElec",2,25,24,"",212.799,0,0,0,0,0,0,0,0,0,0,0,0,0,0,0,0,0,0,0,0,212.799,0,0,0
"MtrElec",2,26,1,"",161.366,0,0,0,0,0,0,0,0,0,0,0,0,0,0,0,0,0,0,0,0,161.366,0,0,0
"MtrElec",2,26,2,"",152.212,0,0,0,0,0,0,0,0,0,0,0,0,0,0,0,0,0,0,0,0,152.212,0,0,0
"MtrElec",2,26,3,"",195.438,0,0,0,0,0,0,0,0,0,0,0,0,0,0,0,0,0,0,0,0,195.438,0,0,0
"MtrElec",2,26,4,"",152.079,0,0,0,0,0,0,0,0,0,0,0,0,0,0,0,0,0,0,0,0,152.079,0,0,0
"MtrElec",2,26,5,"",157.24,0,0,0,0,0,0,0,0,0,0,0,0,0,0,0,0,0,0,0,0,157.24,0,0,0
"MtrElec",2,26,6,"",170.365,0,0,0,0,0,0,0,0,0,0,0,0,0,0,0,0,0,0,0,0,170.365,0,0,0
"MtrElec",2,26,7,"",254.273,0,0,0,0,0,0,0,0,0,0,0,0,0,0,0,0,0,0,0,0,264.555,0,0,-10.2818
"MtrElec",2,26,8,"",195.555,0,0,0,0,0,0,0,0,0,0,0,0,0,0,0,0,0,0,0,0,368.661,0,0,-173.106
"MtrElec",2,26,9,"",12.6094,0,0,0,0,0,0,0,0,0,0,0,0,0,0,0,0,0,0,0,0,382.979,0,0,-370.369
"MtrElec",2,26,10,"",-84.8702,0,0,0,0,0,0,0,0,0,0,0,0,0,0,0,0,0,0,0,0,427.224,0,0,-512.094
"MtrElec",2,26,11,"",0,0,0,0,0,0,0,0,0,0,0,0,0,0,0,0,0,0,0,0,0,469.858,0,143.375,-613.234
"MtrElec",2,26,12,"",0.0000156,0,0,0,0,0,0,0,0,0,0,0,0,0,0,0,0,0,0,0,0,462.328,0,198.701,-661.029
"MtrElec",2,26,13,"",0,0,0,0,0,0,0,0,0,0,0,0,0,0,0,0,0,0,0,0,0,492.631,0,154.106,-646.737
"MtrElec",2,26,14,"",0,0,0,0,0,0,0,0,0,0,0,0,0,0,0,0,0,0,0,0,0,399.241,0,199.306,-598.546
"MtrElec",2,26,15,"",-35.5764,0,0,0,0,0,0,0,0,0,0,0,0,0,0,0,0,0,0,0,0,371.312,0,98.895,-505.784
"MtrElec",2,26,16,"",60.7678,0,0,0,0,0,0,0,0,0,0,0,0,0,0,0,0,0,0,0,0,429.889,0,0,-369.121
"MtrElec",2,26,17,"",217.98,0,0,0,0,0,0,0,0,0,0,0,0,0,0,0,0,0,0,0,0,406.546,0,0,-188.566
"MtrElec",2,26,18,"",424.437,0,0,0,0,0,0,0,0,0,0,0,0,0,0,0,0,0,0,0,0,447.516,0,0,-23.0792
"MtrElec",2,26,19,"",225.761,0,0,0,0,0,0,0,0,0,0,0,0,0,0,0,0,0,0,0,0,447.686,0,-221.926,0
"MtrElec",2,26,20,"",196.57,0,0,0,0,0,0,0,0,0,0,0,0,0,0,0,0,0,0,0,0,418.496,0,-221.926,0
"MtrElec",2,26,21,"",190.213,0,0,0,0,0,0,0,0,0,0,0,0,0,0,0,0,0,0,0,0,412.139,0,-221.926,0
"MtrElec",2,26,22,"",257.927,0,0,0,0,0,0,0,0,0,0,0,0,0,0,0,0,0,0,0,0,309.081,0,-51.1531,0
"MtrElec",2,26,23,"",304.659,0,0,0,0,0,0,0,0,0,0,0,0,0,0,0,0,0,0,0,0,304.659,0,0,0
"MtrElec",2,26,24,"",214.908,0,0,0,0,0,0,0,0,0,0,0,0,0,0,0,0,0,0,0,0,214.908,0,0,0
"MtrElec",2,27,1,"",201.794,0,0,0,0,0,0,0,0,0,0,0,0,0,0,0,0,0,0,0,0,201.794,0,0,0
"MtrElec",2,27,2,"",150.561,0,0,0,0,0,0,0,0,0,0,0,0,0,0,0,0,0,0,0,0,150.561,0,0,0
"MtrElec",2,27,3,"",146.525,0,0,0,0,0,0,0,0,0,0,0,0,0,0,0,0,0,0,0,0,146.525,0,0,0
"MtrElec",2,27,4,"",146.905,0,0,0,0,0,0,0,0,0,0,0,0,0,0,0,0,0,0,0,0,146.905,0,0,0
"MtrElec",2,27,5,"",143.967,0,0,0,0,0,0,0,0,0,0,0,0,0,0,0,0,0,0,0,0,143.967,0,0,0
"MtrElec",2,27,6,"",183.805,0,0,0,0,0,0,0,0,0,0,0,0,0,0,0,0,0,0,0,0,183.805,0,0,0
"MtrElec",2,27,7,"",213.532,0,0,0,0,0,0,0,0,0,0,0,0,0,0,0,0,0,0,0,0,223.381,0,0,-9.84954
"MtrElec",2,27,8,"",198.413,0,0,0,0,0,0,0,0,0,0,0,0,0,0,0,0,0,0,0,0,366.815,0,0,-168.403
"MtrElec",2,27,9,"",-1.98131,0,0,0,0,0,0,0,0,0,0,0,0,0,0,0,0,0,0,0,0,359.07,0,0,-361.051
"MtrElec",2,27,10,"",-76.2798,0,0,0,0,0,0,0,0,0,0,0,0,0,0,0,0,0,0,0,0,432.008,0,0,-508.287
"MtrElec",2,27,11,"",0.0000156,0,0,0,0,0,0,0,0,0,0,0,0,0,0,0,0,0,0,0,0,431.451,0,171.514,-602.966
"MtrElec",2,27,12,"",0.0000156,0,0,0,0,0,0,0,0,0,0,0,0,0,0,0,0,0,0,0,0,442.899,0,203.58,-646.479
"MtrElec",2,27,13,"",0,0,0,0,0,0,0,0,0,0,0,0,0,0,0,0,0,0,0,0,0,507.471,0,154.805,-662.276
"MtrElec",2,27,14,"",0.0000156,0,0,0,0,0,0,0,0,0,0,0,0,0,0,0,0,0,0,0,0,417.069,0,207.175,-624.244
"MtrElec",2,27,15,"",-93.5008,0,0,0,0,0,0,0,0,0,0,0,0,0,0,0,0,0,0,0,0,382.31,0,57.3089,-533.12
"MtrElec",2,27,16,"",32.463,0,0,0,0,0,0,0,0,0,0,0,0,0,0,0,0,0,0,0,0,422.078,0,0,-389.615
"MtrElec",2,27,17,"",225.308,0,0,0,0,0,0,0,0,0,0,0,0,0,0,0,0,0,0,0,0,421.727,0,0,-196.419
"MtrElec",2,27,18,"",427.306,0,0,0,0,0,0,0,0,0,0,0,0,0,0,0,0,0,0,0,0,451.058,0,0,-23.7514
"MtrElec",2,27,19,"",215.395,0,0,0,0,0,0,0,0,0,0,0,0,0,0,0,0,0,0,0,0,437.32,0,-221.926,0
"MtrElec",2,27,20,"",209.983,0,0,0,0,0,0,0,0,0,0,0,0,0,0,0,0,0,0,0,0,431.909,0,-221.926,0
"MtrElec",2,27,21,"",168.795,0,0,0,0,0,0,0,0,0,0,0,0,0,0,0,0,0,0,0,0,390.721,0,-221.926,0
"MtrElec",2,27,22,"",214.176,0,0,0,0,0,0,0,0,0,0,0,0,0,0,0,0,0,0,0,0,265.329,0,-51.1531,0
"MtrElec",2,27,23,"",329.706,0,0,0,0,0,0,0,0,0,0,0,0,0,0,0,0,0,0,0,0,329.706,0,0,0
"MtrElec",2,27,24,"",257.674,0,0,0,0,0,0,0,0,0,0,0,0,0,0,0,0,0,0,0,0,257.674,0,0,0
"MtrElec",2,28,1,"",190.89,0,0,0,0,0,0,0,0,0,0,0,0,0,0,0,0,0,0,0,0,190.89,0,0,0
"MtrElec",2,28,2,"",150.366,0,0,0,0,0,0,0,0,0,0,0,0,0,0,0,0,0,0,0,0,150.366,0,0,0
"MtrElec",2,28,3,"",150.675,0,0,0,0,0,0,0,0,0,0,0,0,0,0,0,0,0,0,0,0,150.675,0,0,0
"MtrElec",2,28,4,"",150.371,0,0,0,0,0,0,0,0,0,0,0,0,0,0,0,0,0,0,0,0,150.371,0,0,0
"MtrElec",2,28,5,"",160.613,0,0,0,0,0,0,0,0,0,0,0,0,0,0,0,0,0,0,0,0,160.613,0,0,0
"MtrElec",2,28,6,"",151.065,0,0,0,0,0,0,0,0,0,0,0,0,0,0,0,0,0,0,0,0,151.065,0,0,0
"MtrElec",2,28,7,"",215.679,0,0,0,0,0,0,0,0,0,0,0,0,0,0,0,0,0,0,0,0,220.396,0,0,-4.71686
"MtrElec",2,28,8,"",140.075,0,0,0,0,0,0,0,0,0,0,0,0,0,0,0,0,0,0,0,0,260.741,0,0,-120.666
"MtrElec",2,28,9,"",-24.0905,0,0,0,0,0,0,0,0,0,0,0,0,0,0,0,0,0,0,0,0,340.459,0,0,-364.55
"MtrElec",2,28,10,"",-138.846,0,0,0,0,0,0,0,0,0,0,0,0,0,0,0,0,0,0,0,0,366.59,0,0,-505.436
"MtrElec",2,28,11,"",0.0000078,0,0,0,0,0,0,0,0,0,0,0,0,0,0,0,0,0,0,0,0,492.747,0,103.985,-596.732
"MtrElec",2,28,12,"",0.0000078,0,0,0,0,0,0,0,0,0,0,0,0,0,0,0,0,0,0,0,0,523.235,0,119.093,-642.328
"MtrElec",2,28,13,"",0.0000156,0,0,0,0,0,0,0,0,0,0,0,0,0,0,0,0,0,0,0,0,488.567,0,165.417,-653.984
"MtrElec",2,28,14,"",0,0,0,0,0,0,0,0,0,0,0,0,0,0,0,0,0,0,0,0,0,455.534,0,164.059,-619.593
"MtrElec",2,28,15,"",0.0000078,0,0,0,0,0,0,0,0,0,0,0,0,0,0,0,0,0,0,0,0,449.7,0,71.7293,-521.429
"MtrElec",2,28,16,"",44.4988,0,0,0,0,0,0,0,0,0,0,0,0,0,0,0,0,0,0,0,0,419.547,0,0,-375.048
"MtrElec",2,28,17,"",232.305,0,0,0,0,0,0,0,0,0,0,0,0,0,0,0,0,0,0,0,0,425.333,0,0,-193.028
"MtrElec",2,28,18,"",440.632,0,0,0,0,0,0,0,0,0,0,0,0,0,0,0,0,0,0,0,0,464.136,0,0,-23.5047
"MtrElec",2,28,19,"",220.107,0,0,0,0,0,0,0,0,0,0,0,0,0,0,0,0,0,0,0,0,442.032,0,-221.926,0
"MtrElec",2,28,20,"",179.956,0,0,0,0,0,0,0,0,0,0,0,0,0,0,0,0,0,0,0,0,401.882,0,-221.926,0
"MtrElec",2,28,21,"",244.313,0,0,0,0,0,0,0,0,0,0,0,0,0,0,0,0,0,0,0,0,363.877,0,-119.564,0
"MtrElec",2,28,22,"",309.745,0,0,0,0,0,0,0,0,0,0,0,0,0,0,0,0,0,0,0,0,309.745,0,0,0
"MtrElec",2,28,23,"",265.695,0,0,0,0,0,0,0,0,0,0,0,0,0,0,0,0,0,0,0,0,265.695,0,0,0
"MtrElec",2,28,24,"",218.249,0,0,0,0,0,0,0,0,0,0,0,0,0,0,0,0,0,0,0,0,218.249,0,0,0
"MtrElec",3,1,1,"",168.885,0,0,0,0,0,0,0,0,0,0,0,0,0,0,0,0,0,0,0,0,168.885,0,0,0
"MtrElec",3,1,2,"",148.732,0,0,0,0,0,0,0,0,0,0,0,0,0,0,0,0,0,0,0,0,148.732,0,0,0
"MtrElec",3,1,3,"",150.285,0,0,0,0,0,0,0,0,0,0,0,0,0,0,0,0,0,0,0,0,150.285,0,0,0
"MtrElec",3,1,4,"",198.938,0,0,0,0,0,0,0,0,0,0,0,0,0,0,0,0,0,0,0,0,198.938,0,0,0
"MtrElec",3,1,5,"",156.619,0,0,0,0,0,0,0,0,0,0,0,0,0,0,0,0,0,0,0,0,156.619,0,0,0
"MtrElec",3,1,6,"",153.47,0,0,0,0,0,0,0,0,0,0,0,0,0,0,0,0,0,0,0,0,153.47,0,0,0
"MtrElec",3,1,7,"",161.346,0,0,0,0,0,0,0,0,0,0,0,0,0,0,0,0,0,0,0,0,166.974,0,0,-5.62833
"MtrElec",3,1,8,"",133.838,0,0,0,0,0,0,0,0,0,0,0,0,0,0,0,0,0,0,0,0,249.253,0,0,-115.415
"MtrElec",3,1,9,"",-48.7987,0,0,0,0,0,0,0,0,0,0,0,0,0,0,0,0,0,0,0,0,303.966,0,0,-352.765
"MtrElec",3,1,10,"",-163.898,0,0,0,0,0,0,0,0,0,0,0,0,0,0,0,0,0,0,0,0,363.857,0,0,-527.755
"MtrElec",3,1,11,"",-58.3543,0,0,0,0,0,0,0,0,0,0,0,0,0,0,0,0,0,0,0,0,352.604,0,221.926,-632.884
"MtrElec",3,1,12,"",-55.9961,0,0,0,0,0,0,0,0,0,0,0,0,0,0,0,0,0,0,0,0,404.41,0,221.926,-682.332
"MtrElec",3,1,13,"",-36.1804,0,0,0,0,0,0,0,0,0,0,0,0,0,0,0,0,0,0,0,0,431.598,0,221.926,-689.704
"MtrElec",3,1,14,"",-168.643,0,0,0,0,0,0,0,0,0,0,0,0,0,0,0,0,0,0,0,0,357.708,0,128.605,-654.956
"MtrElec",3,1,15,"",-197.378,0,0,0,0,0,0,0,0,0,0,0,0,0,0,0,0,0,0,0,0,357.196,0,0,-554.575
"MtrElec",3,1,16,"",-88.2793,0,0,0,0,0,0,0,0,0,0,0,0,0,0,0,0,0,0,0,0,314.003,0,0,-402.283
"MtrElec",3,1,17,"",146.638,0,0,0,0,0,0,0,0,0,0,0,0,0,0,0,0,0,0,0,0,337.33,0,0,-190.692
"MtrElec",3,1,18,"",341.341,0,0,0,0,0,0,0,0,0,0,0,0,0,0,0,0,0,0,0,0,359.868,0,0,-18.5271
"MtrElec",3,1,19,"",225.887,0,0,0,0,0,0,0,0,0,0,0,0,0,0,0,0,0,0,0,0,447.813,0,-221.926,0
"MtrElec",3,1,20,"",137.4,0,0,0,0,0,0,0,0,0,0,0,0,0,0,0,0,0,0,0,0,359.326,0,-221.926,0
"MtrElec",3,1,21,"",126.727,0,0,0,0,0,0,0,0,0,0,0,0,0,0,0,0,0,0,0,0,348.652,0,-221.926,0
"MtrElec",3,1,22,"",312.021,0,0,0,0,0,0,0,0,0,0,0,0,0,0,0,0,0,0,0,0,363.174,0,-51.1531,0
"MtrElec",3,1,23,"",241.115,0,0,0,0,0,0,0,0,0,0,0,0,0,0,0,0,0,0,0,0,241.115,0,0,0
"MtrElec",3,1,24,"",194.166,0,0,0,0,0,0,0,0,0,0,0,0,0,0,0,0,0,0,0,0,194.166,0,0,0
"MtrElec",3,2,1,"",159.452,0,0,0,0,0,0,0,0,0,0,0,0,0,0,0,0,0,0,0,0,159.452,0,0,0
"MtrElec",3,2,2,"",155.261,0,0,0,0,0,0,0,0,0,0,0,0,0,0,0,0,0,0,0,0,155.261,0,0,0
"MtrElec",3,2,3,"",150.862,0,0,0,0,0,0,0,0,0,0,0,0,0,0,0,0,0,0,0,0,150.862,0,0,0
"MtrElec",3,2,4,"",152.614,0,0,0,0,0,0,0,0,0,0,0,0,0,0,0,0,0,0,0,0,152.614,0,0,0
"MtrElec",3,2,5,"",151.705,0,0,0,0,0,0,0,0,0,0,0,0,0,0,0,0,0,0,0,0,151.705,0,0,0
"MtrElec",3,2,6,"",204.493,0,0,0,0,0,0,0,0,0,0,0,0,0,0,0,0,0,0,0,0,204.493,0,0,0
"MtrElec",3,2,7,"",253.891,0,0,0,0,0,0,0,0,0,0,0,0,0,0,0,0,0,0,0,0,275.562,0,0,-21.671
"MtrElec",3,2,8,"",164.857,0,0,0,0,0,0,0,0,0,0,0,0,0,0,0,0,0,0,0,0,346.557,0,0,-181.701
"MtrElec",3,2,9,"",-24.265,0,0,0,0,0,0,0,0,0,0,0,0,0,0,0,0,0,0,0,0,354.088,0,0,-378.353
"MtrElec",3,2,10,"",-148.949,0,0,0,0,0,0,0,0,0,0,0,0,0,0,0,0,0,0,0,0,382.184,0,0,-531.133
"MtrElec",3,2,11,"",0,0,0,0,0,0,0,0,0,0,0,0,0,0,0,0,0,0,0,0,0,417.666,0,210.179,-627.846
"MtrElec",3,2,12,"",-86.1397,0,0,0,0,0,0,0,0,0,0,0,0,0,0,0,0,0,0,0,0,368.05,0,221.926,-676.116
"MtrElec",3,2,13,"",-102.463,0,0,0,0,0,0,0,0,0,0,0,0,0,0,0,0,0,0,0,0,360.305,0,221.926,-684.694
"MtrElec",3,2,14,"",-133.489,0,0,0,0,0,0,0,0,0,0,0,0,0,0,0,0,0,0,0,0,365.935,0,140.352,-639.776
"MtrElec",3,2,15,"",-232.483,0,0,0,0,0,0,0,0,0,0,0,0,0,0,0,0,0,0,0,0,307.583,0,0,-540.066
"MtrElec",3,2,16,"",-27.7716,0,0,0,0,0,0,0,0,0,0,0,0,0,0,0,0,0,0,0,0,362.489,0,0,-390.26
"MtrElec",3,2,17,"",207.812,0,0,0,0,0,0,0,0,0,0,0,0,0,0,0,0,0,0,0,0,336.865,0,0,-129.053
"MtrElec",3,2,18,"",410.034,0,0,0,0,0,0,0,0,0,0,0,0,0,0,0,0,0,0,0,0,420.058,0,0,-10.0242
"MtrElec",3,2,19,"",198.208,0,0,0,0,0,0,0,0,0,0,0,0,0,0,0,0,0,0,0,0,420.133,0,-221.926,0
"MtrElec",3,2,20,"",186.671,0,0,0,0,0,0,0,0,0,0,0,0,0,0,0,0,0,0,0,0,408.597,0,-221.926,0
"MtrElec",3,2,21,"",182.87,0,0,0,0,0,0,0,0,0,0,0,0,0,0,0,0,0,0,0,0,404.796,0,-221.926,0
"MtrElec",3,2,22,"",200.575,0,0,0,0,0,0,0,0,0,0,0,0,0,0,0,0,0,0,0,0,251.728,0,-51.1531,0
"MtrElec",3,2,23,"",273.781,0,0,0,0,0,0,0,0,0,0,0,0,0,0,0,0,0,0,0,0,273.781,0,0,0
"MtrElec",3,2,24,"",216.696,0,0,0,0,0,0,0,0,0,0,0,0,0,0,0,0,0,0,0,0,216.696,0,0,0
"MtrElec",3,3,1,"",227.549,0,0,0,0,0,0,0,0,0,0,0,0,0,0,0,0,0,0,0,0,227.549,0,0,0
"MtrElec",3,3,2,"",151.464,0,0,0,0,0,0,0,0,0,0,0,0,0,0,0,0,0,0,0,0,151.464,0,0,0
"MtrElec",3,3,3,"",146.28,0,0,0,0,0,0,0,0,0,0,0,0,0,0,0,0,0,0,0,0,146.28,0,0,0
"MtrElec",3,3,4,"",146.167,0,0,0,0,0,0,0,0,0,0,0,0,0,0,0,0,0,0,0,0,146.167,0,0,0
"MtrElec",3,3,5,"",139.647,0,0,0,0,0,0,0,0,0,0,0,0,0,0,0,0,0,0,0,0,139.647,0,0,0
"MtrElec",3,3,6,"",192.306,0,0,0,0,0,0,0,0,0,0,0,0,0,0,0,0,0,0,0,0,192.306,0,0,0
"MtrElec",3,3,7,"",253.118,0,0,0,0,0,0,0,0,0,0,0,0,0,0,0,0,0,0,0,0,256.187,0,0,-3.06848
"MtrElec",3,3,8,"",278.743,0,0,0,0,0,0,0,0,0,0,0,0,0,0,0,0,0,0,0,0,313.172,0,0,-34.4289
"MtrElec",3,3,9,"",258.538,0,0,0,0,0,0,0,0,0,0,0,0,0,0,0,0,0,0,0,0,344.961,0,0,-86.423
"MtrElec",3,3,10,"",155.59,0,0,0,0,0,0,0,0,0,0,0,0,0,0,0,0,0,0,0,0,385.268,0,0,-229.678
"MtrElec",3,3,11,"",301.871,0,0,0,0,0,0,0,0,0,0,0,0,0,0,0,0,0,0,0,0,413.08,0,0,-111.209
"MtrElec",3,3,12,"",239.119,0,0,0,0,0,0,0,0,0,0,0,0,0,0,0,0,0,0,0,0,395.109,0,0,-155.99
"MtrElec",3,3,13,"",78.2612,0,0,0,0,0,0,0,0,0,0,0,0,0,0,0,0,0,0,0,0,413.527,0,0,-335.266
"MtrElec",3,3,14,"",196.017,0,0,0,0,0,0,0,0,0,0,0,0,0,0,0,0,0,0,0,0,324.072,0,0,-128.055
"MtrElec",3,3,15,"",162.902,0,0,0,0,0,0,0,0,0,0,0,0,0,0,0,0,0,0,0,0,299.346,0,0,-136.444
"MtrElec",3,3,16,"",250.453,0,0,0,0,0,0,0,0,0,0,0,0,0,0,0,0,0,0,0,0,364.488,0,0,-114.035
"MtrElec",3,3,17,"",358.1,0,0,0,0,0,0,0,0,0,0,0,0,0,0,0,0,0,0,0,0,390.987,0,0,-32.8864
"MtrElec",3,3,18,"",353.351,0,0,0,0,0,0,0,0,0,0,0,0,0,0,0,0,0,0,0,0,353.351,0,0,0
"MtrElec",3,3,19,"",419.601,0,0,0,0,0,0,0,0,0,0,0,0,0,0,0,0,0,0,0,0,419.601,0,0,0
"MtrElec",3,3,20,"",385.507,0,0,0,0,0,0,0,0,0,0,0,0,0,0,0,0,0,0,0,0,385.507,0,0,0
"MtrElec",3,3,21,"",442.015,0,0,0,0,0,0,0,0,0,0,0,0,0,0,0,0,0,0,0,0,442.015,0,0,0
"MtrElec",3,3,22,"",297.445,0,0,0,0,0,0,0,0,0,0,0,0,0,0,0,0,0,0,0,0,297.445,0,0,0
"MtrElec",3,3,23,"",306.991,0,0,0,0,0,0,0,0,0,0,0,0,0,0,0,0,0,0,0,0,306.991,0,0,0
"MtrElec",3,3,24,"",191.108,0,0,0,0,0,0,0,0,0,0,0,0,0,0,0,0,0,0,0,0,191.108,0,0,0
"MtrElec",3,4,1,"",175.23,0,0,0,0,0,0,0,0,0,0,0,0,0,0,0,0,0,0,0,0,175.23,0,0,0
"MtrElec",3,4,2,"",209.829,0,0,0,0,0,0,0,0,0,0,0,0,0,0,0,0,0,0,0,0,209.829,0,0,0
"MtrElec",3,4,3,"",153.087,0,0,0,0,0,0,0,0,0,0,0,0,0,0,0,0,0,0,0,0,153.087,0,0,0
"MtrElec",3,4,4,"",151.781,0,0,0,0,0,0,0,0,0,0,0,0,0,0,0,0,0,0,0,0,151.781,0,0,0
"MtrElec",3,4,5,"",149.069,0,0,0,0,0,0,0,0,0,0,0,0,0,0,0,0,0,0,0,0,149.069,0,0,0
"MtrElec",3,4,6,"",172.863,0,0,0,0,0,0,0,0,0,0,0,0,0,0,0,0,0,0,0,0,172.863,0,0,0
"MtrElec",3,4,7,"",271.739,0,0,0,0,0,0,0,0,0,0,0,0,0,0,0,0,0,0,0,0,271.739,0,0,0
"MtrElec",3,4,8,"",279.621,0,0,0,0,0,0,0,0,0,0,0,0,0,0,0,0,0,0,0,0,328.977,0,0,-49.3555
"MtrElec",3,4,9,"",93.1729,0,0,0,0,0,0,0,0,0,0,0,0,0,0,0,0,0,0,0,0,363.069,0,0,-269.896
"MtrElec",3,4,10,"",93.9867,0,0,0,0,0,0,0,0,0,0,0,0,0,0,0,0,0,0,0,0,394.143,0,0,-300.156
"MtrElec",3,4,11,"",71.7954,0,0,0,0,0,0,0,0,0,0,0,0,0,0,0,0,0,0,0,0,412.415,0,0,-340.62
"MtrElec",3,4,12,"",163.88,0,0,0,0,0,0,0,0,0,0,0,0,0,0,0,0,0,0,0,0,356.337,0,0,-192.456
"MtrElec",3,4,13,"",317.726,0,0,0,0,0,0,0,0,0,0,0,0,0,0,0,0,0,0,0,0,424.16,0,0,-106.434
"MtrElec",3,4,14,"",217.637,0,0,0,0,0,0,0,0,0,0,0,0,0,0,0,0,0,0,0,0,301.548,0,0,-83.9109
"MtrElec",3,4,15,"",221.501,0,0,0,0,0,0,0,0,0,0,0,0,0,0,0,0,0,0,0,0,346.885,0,0,-125.384
"MtrElec",3,4,16,"",278.556,0,0,0,0,0,0,0,0,0,0,0,0,0,0,0,0,0,0,0,0,367.627,0,0,-89.0717
"MtrElec",3,4,17,"",346.69,0,0,0,0,0,0,0,0,0,0,0,0,0,0,0,0,0,0,0,0,358.319,0,0,-11.6287
"MtrElec",3,4,18,"",394.329,0,0,0,0,0,0,0,0,0,0,0,0,0,0,0,0,0,0,0,0,398.531,0,0,-4.20211
"MtrElec",3,4,19,"",404.489,0,0,0,0,0,0,0,0,0,0,0,0,0,0,0,0,0,0,0,0,404.489,0,0,0
"MtrElec",3,4,20,"",421.474,0,0,0,0,0,0,0,0,0,0,0,0,0,0,0,0,0,0,0,0,421.474,0,0,0
"MtrElec",3,4,21,"",418.025,0,0,0,0,0,0,0,0,0,0,0,0,0,0,0,0,0,0,0,0,418.025,0,0,0
"MtrElec",3,4,22,"",311.19,0,0,0,0,0,0,0,0,0,0,0,0,0,0,0,0,0,0,0,0,311.19,0,0,0
"MtrElec",3,4,23,"",292.12,0,0,0,0,0,0,0,0,0,0,0,0,0,0,0,0,0,0,0,0,292.12,0,0,0
"MtrElec",3,4,24,"",208.539,0,0,0,0,0,0,0,0,0,0,0,0,0,0,0,0,0,0,0,0,208.539,0,0,0
"MtrElec",3,5,1,"",162.999,0,0,0,0,0,0,0,0,0,0,0,0,0,0,0,0,0,0,0,0,162.999,0,0,0
"MtrElec",3,5,2,"",159.775,0,0,0,0,0,0,0,0,0,0,0,0,0,0,0,0,0,0,0,0,159.775,0,0,0
"MtrElec",3,5,3,"",152.038,0,0,0,0,0,0,0,0,0,0,0,0,0,0,0,0,0,0,0,0,152.038,0,0,0
"MtrElec",3,5,4,"",154.48,0,0,0,0,0,0,0,0,0,0,0,0,0,0,0,0,0,0,0,0,154.48,0,0,0
"MtrElec",3,5,5,"",200.584,0,0,0,0,0,0,0,0,0,0,0,0,0,0,0,0,0,0,0,0,200.584,0,0,0
"MtrElec",3,5,6,"",157.646,0,0,0,0,0,0,0,0,0,0,0,0,0,0,0,0,0,0,0,0,157.646,0,0,0
"MtrElec",3,5,7,"",255.1,0,0,0,0,0,0,0,0,0,0,0,0,0,0,0,0,0,0,0,0,255.1,0,0,0
"MtrElec",3,5,8,"",327.537,0,0,0,0,0,0,0,0,0,0,0,0,0,0,0,0,0,0,0,0,327.537,0,0,0
"MtrElec",3,5,9,"",410.425,0,0,0,0,0,0,0,0,0,0,0,0,0,0,0,0,0,0,0,0,415.52,0,0,-5.09485
"MtrElec",3,5,10,"",413.277,0,0,0,0,0,0,0,0,0,0,0,0,0,0,0,0,0,0,0,0,464.331,0,0,-51.0535
"MtrElec",3,5,11,"",81.4947,0,0,0,0,0,0,0,0,0,0,0,0,0,0,0,0,0,0,0,0,403.274,0,0,-321.779
"MtrElec",3,5,12,"",337.497,0,0,0,0,0,0,0,0,0,0,0,0,0,0,0,0,0,0,0,0,425.569,0,0,-88.0719
"MtrElec",3,5,13,"",60.1297,0,0,0,0,0,0,0,0,0,0,0,0,0,0,0,0,0,0,0,0,423.163,0,0,-363.034
"MtrElec",3,5,14,"",182.875,0,0,0,0,0,0,0,0,0,0,0,0,0,0,0,0,0,0,0,0,361.588,0,0,-178.713
"MtrElec",3,5,15,"",155.383,0,0,0,0,0,0,0,0,0,0,0,0,0,0,0,0,0,0,0,0,323.93,0,0,-168.548
"MtrElec",3,5,16,"",159.51,0,0,0,0,0,0,0,0,0,0,0,0,0,0,0,0,0,0,0,0,358.548,0,0,-199.038
"MtrElec",3,5,17,"",226.541,0,0,0,0,0,0,0,0,0,0,0,0,0,0,0,0,0,0,0,0,414.067,0,0,-187.525
"MtrElec",3,5,18,"",410.275,0,0,0,0,0,0,0,0,0,0,0,0,0,0,0,0,0,0,0,0,436.768,0,0,-26.4927
"MtrElec",3,5,19,"",434.672,0,0,0,0,0,0,0,0,0,0,0,0,0,0,0,0,0,0,0,0,434.672,0,0,0
"MtrElec",3,5,20,"",396.238,0,0,0,0,0,0,0,0,0,0,0,0,0,0,0,0,0,0,0,0,396.238,0,0,0
"MtrElec",3,5,21,"",381.818,0,0,0,0,0,0,0,0,0,0,0,0,0,0,0,0,0,0,0,0,381.818,0,0,0
"MtrElec",3,5,22,"",300.698,0,0,0,0,0,0,0,0,0,0,0,0,0,0,0,0,0,0,0,0,300.698,0,0,0
"MtrElec",3,5,23,"",327.089,0,0,0,0,0,0,0,0,0,0,0,0,0,0,0,0,0,0,0,0,327.089,0,0,0
"MtrElec",3,5,24,"",219.617,0,0,0,0,0,0,0,0,0,0,0,0,0,0,0,0,0,0,0,0,219.617,0,0,0
"MtrElec",3,6,1,"",170.421,0,0,0,0,0,0,0,0,0,0,0,0,0,0,0,0,0,0,0,0,170.421,0,0,0
"MtrElec",3,6,2,"",163.836,0,0,0,0,0,0,0,0,0,0,0,0,0,0,0,0,0,0,0,0,163.836,0,0,0
"MtrElec",3,6,3,"",214.054,0,0,0,0,0,0,0,0,0,0,0,0,0,0,0,0,0,0,0,0,214.054,0,0,0
"MtrElec",3,6,4,"",166.918,0,0,0,0,0,0,0,0,0,0,0,0,0,0,0,0,0,0,0,0,166.918,0,0,0
"MtrElec",3,6,5,"",164.587,0,0,0,0,0,0,0,0,0,0,0,0,0,0,0,0,0,0,0,0,164.587,0,0,0
"MtrElec",3,6,6,"",179.739,0,0,0,0,0,0,0,0,0,0,0,0,0,0,0,0,0,0,0,0,179.739,0,0,0
"MtrElec",3,6,7,"",293.54,0,0,0,0,0,0,0,0,0,0,0,0,0,0,0,0,0,0,0,0,312.991,0,0,-19.4505
"MtrElec",3,6,8,"",203.586,0,0,0,0,0,0,0,0,0,0,0,0,0,0,0,0,0,0,0,0,357.432,0,0,-153.846
"MtrElec",3,6,9,"",100.921,0,0,0,0,0,0,0,0,0,0,0,0,0,0,0,0,0,0,0,0,369.009,0,0,-268.088
"MtrElec",3,6,10,"",74.203,0,0,0,0,0,0,0,0,0,0,0,0,0,0,0,0,0,0,0,0,412.906,0,0,-338.703
"MtrElec",3,6,11,"",0.0000010,0,0,0,0,0,0,0,0,0,0,0,0,0,0,0,0,0,0,0,0,427.012,0,10.9418,-437.954
"MtrElec",3,6,12,"",0,0,0,0,0,0,0,0,0,0,0,0,0,0,0,0,0,0,0,0,0,386.002,0,82.0703,-468.072
"MtrElec",3,6,13,"",343.782,0,0,0,0,0,0,0,0,0,0,0,0,0,0,0,0,0,0,0,0,430.789,0,0,-87.0073
"MtrElec",3,6,14,"",246.197,0,0,0,0,0,0,0,0,0,0,0,0,0,0,0,0,0,0,0,0,315.88,0,0,-69.6831
"MtrElec",3,6,15,"",116.476,0,0,0,0,0,0,0,0,0,0,0,0,0,0,0,0,0,0,0,0,357.609,0,0,-241.134
"MtrElec",3,6,16,"",62.4899,0,0,0,0,0,0,0,0,0,0,0,0,0,0,0,0,0,0,0,0,317.341,0,0,-254.851
"MtrElec",3,6,17,"",188.878,0,0,0,0,0,0,0,0,0,0,0,0,0,0,0,0,0,0,0,0,392.717,0,0,-203.839
"MtrElec",3,6,18,"",390.036,0,0,0,0,0,0,0,0,0,0,0,0,0,0,0,0,0,0,0,0,419.055,0,0,-29.0193
"MtrElec",3,6,19,"",352.043,0,0,0,0,0,0,0,0,0,0,0,0,0,0,0,0,0,0,0,0,435.986,0,-83.9434,0
"MtrElec",3,6,20,"",441.828,0,0,0,0,0,0,0,0,0,0,0,0,0,0,0,0,0,0,0,0,441.828,0,0,0
"MtrElec",3,6,21,"",407.222,0,0,0,0,0,0,0,0,0,0,0,0,0,0,0,0,0,0,0,0,407.222,0,0,0
"MtrElec",3,6,22,"",306.735,0,0,0,0,0,0,0,0,0,0,0,0,0,0,0,0,0,0,0,0,306.735,0,0,0
"MtrElec",3,6,23,"",317.337,0,0,0,0,0,0,0,0,0,0,0,0,0,0,0,0,0,0,0,0,317.337,0,0,0
"MtrElec",3,6,24,"",220.699,0,0,0,0,0,0,0,0,0,0,0,0,0,0,0,0,0,0,0,0,220.699,0,0,0
"MtrElec",3,7,1,"",220.171,0,0,0,0,0,0,0,0,0,0,0,0,0,0,0,0,0,0,0,0,220.171,0,0,0
"MtrElec",3,7,2,"",162.16,0,0,0,0,0,0,0,0,0,0,0,0,0,0,0,0,0,0,0,0,162.16,0,0,0
"MtrElec",3,7,3,"",165.802,0,0,0,0,0,0,0,0,0,0,0,0,0,0,0,0,0,0,0,0,165.802,0,0,0
"MtrElec",3,7,4,"",165.414,0,0,0,0,0,0,0,0,0,0,0,0,0,0,0,0,0,0,0,0,165.414,0,0,0
"MtrElec",3,7,5,"",169.741,0,0,0,0,0,0,0,0,0,0,0,0,0,0,0,0,0,0,0,0,169.741,0,0,0
"MtrElec",3,7,6,"",168.772,0,0,0,0,0,0,0,0,0,0,0,0,0,0,0,0,0,0,0,0,168.772,0,0,0
"MtrElec",3,7,7,"",224.804,0,0,0,0,0,0,0,0,0,0,0,0,0,0,0,0,0,0,0,0,234.663,0,0,-9.85907
"MtrElec",3,7,8,"",130.184,0,0,0,0,0,0,0,0,0,0,0,0,0,0,0,0,0,0,0,0,246.582,0,0,-116.398
"MtrElec",3,7,9,"",-98.2303,0,0,0,0,0,0,0,0,0,0,0,0,0,0,0,0,0,0,0,0,291.131,0,0,-389.361
"MtrElec",3,7,10,"",-26.2156,0,0,0,0,0,0,0,0,0,0,0,0,0,0,0,0,0,0,0,0,393.478,0,0,-419.693
"MtrElec",3,7,11,"",50.3029,0,0,0,0,0,0,0,0,0,0,0,0,0,0,0,0,0,0,0,0,452.054,0,0,-401.751
"MtrElec",3,7,12,"",222.058,0,0,0,0,0,0,0,0,0,0,0,0,0,0,0,0,0,0,0,0,461.134,0,0,-239.076
"MtrElec",3,7,13,"",204.854,0,0,0,0,0,0,0,0,0,0,0,0,0,0,0,0,0,0,0,0,421.833,0,0,-216.979
"MtrElec",3,7,14,"",293.16,0,0,0,0,0,0,0,0,0,0,0,0,0,0,0,0,0,0,0,0,446.622,0,0,-153.462
"MtrElec",3,7,15,"",315.911,0,0,0,0,0,0,0,0,0,0,0,0,0,0,0,0,0,0,0,0,376.482,0,0,-60.5707
"MtrElec",3,7,16,"",326.875,0,0,0,0,0,0,0,0,0,0,0,0,0,0,0,0,0,0,0,0,391.993,0,0,-65.1182
"MtrElec",3,7,17,"",321.863,0,0,0,0,0,0,0,0,0,0,0,0,0,0,0,0,0,0,0,0,391.802,0,0,-69.9393
"MtrElec",3,7,18,"",407.525,0,0,0,0,0,0,0,0,0,0,0,0,0,0,0,0,0,0,0,0,412.459,0,0,-4.9341
"MtrElec",3,7,19,"",427.241,0,0,0,0,0,0,0,0,0,0,0,0,0,0,0,0,0,0,0,0,427.241,0,0,0
"MtrElec",3,7,20,"",410.917,0,0,0,0,0,0,0,0,0,0,0,0,0,0,0,0,0,0,0,0,410.917,0,0,0
"MtrElec",3,7,21,"",361.346,0,0,0,0,0,0,0,0,0,0,0,0,0,0,0,0,0,0,0,0,361.346,0,0,0
"MtrElec",3,7,22,"",300.945,0,0,0,0,0,0,0,0,0,0,0,0,0,0,0,0,0,0,0,0,300.945,0,0,0
"MtrElec",3,7,23,"",263.674,0,0,0,0,0,0,0,0,0,0,0,0,0,0,0,0,0,0,0,0,263.674,0,0,0
"MtrElec",3,7,24,"",199.39,0,0,0,0,0,0,0,0,0,0,0,0,0,0,0,0,0,0,0,0,199.39,0,0,0
"MtrElec",3,8,1,"",175.345,0,0,0,0,0,0,0,0,0,0,0,0,0,0,0,0,0,0,0,0,175.345,0,0,0
"MtrElec",3,8,2,"",197.408,0,0,0,0,0,0,0,0,0,0,0,0,0,0,0,0,0,0,0,0,197.408,0,0,0
"MtrElec",3,8,4,"",150.58,0,0,0,0,0,0,0,0,0,0,0,0,0,0,0,0,0,0,0,0,150.58,0,0,0
"MtrElec",3,8,5,"",148.124,0,0,0,0,0,0,0,0,0,0,0,0,0,0,0,0,0,0,0,0,148.124,0,0,0
"MtrElec",3,8,6,"",156.245,0,0,0,0,0,0,0,0,0,0,0,0,0,0,0,0,0,0,0,0,156.245,0,0,0
"MtrElec",3,8,7,"",160.288,0,0,0,0,0,0,0,0,0,0,0,0,0,0,0,0,0,0,0,0,160.288,0,0,0
"MtrElec",3,8,8,"",297.17,0,0,0,0,0,0,0,0,0,0,0,0,0,0,0,0,0,0,0,0,298.463,0,0,-1.29297
"MtrElec",3,8,9,"",284.58,0,0,0,0,0,0,0,0,0,0,0,0,0,0,0,0,0,0,0,0,303.99,0,0,-19.4101
"MtrElec",3,8,10,"",334.528,0,0,0,0,0,0,0,0,0,0,0,0,0,0,0,0,0,0,0,0,347.881,0,0,-13.353
"MtrElec",3,8,11,"",355.528,0,0,0,0,0,0,0,0,0,0,0,0,0,0,0,0,0,0,0,0,401.21,0,0,-45.682
"MtrElec",3,8,12,"",284.506,0,0,0,0,0,0,0,0,0,0,0,0,0,0,0,0,0,0,0,0,360.254,0,0,-75.7479
"MtrElec",3,8,13,"",219.457,0,0,0,0,0,0,0,0,0,0,0,0,0,0,0,0,0,0,0,0,352.191,0,0,-132.733
"MtrElec",3,8,14,"",131.869,0,0,0,0,0,0,0,0,0,0,0,0,0,0,0,0,0,0,0,0,360.042,0,0,-228.173
"MtrElec",3,8,15,"",18.2666,0,0,0,0,0,0,0,0,0,0,0,0,0,0,0,0,0,0,0,0,376.325,0,0,-358.058
"MtrElec",3,8,16,"",126.304,0,0,0,0,0,0,0,0,0,0,0,0,0,0,0,0,0,0,0,0,322.149,0,0,-195.845
"MtrElec",3,8,17,"",18.3283,0,0,0,0,0,0,0,0,0,0,0,0,0,0,0,0,0,0,0,0,355.19,0,0,-336.862
"MtrElec",3,8,18,"",173.965,0,0,0,0,0,0,0,0,0,0,0,0,0,0,0,0,0,0,0,0,388.916,0,0,-214.95
"MtrElec",3,8,19,"",343.168,0,0,0,0,0,0,0,0,0,0,0,0,0,0,0,0,0,0,0,0,373.575,0,0,-30.4068
"MtrElec",3,8,20,"",334.552,0,0,0,0,0,0,0,0,0,0,0,0,0,0,0,0,0,0,0,0,334.552,0,0,0
"MtrElec",3,8,21,"",286.191,0,0,0,0,0,0,0,0,0,0,0,0,0,0,0,0,0,0,0,0,286.191,0,0,0
"MtrElec",3,8,22,"",302.513,0,0,0,0,0,0,0,0,0,0,0,0,0,0,0,0,0,0,0,0,302.513,0,0,0
"MtrElec",3,8,23,"",260.118,0,0,0,0,0,0,0,0,0,0,0,0,0,0,0,0,0,0,0,0,260.118,0,0,0
"MtrElec",3,8,24,"",200.2,0,0,0,0,0,0,0,0,0,0,0,0,0,0,0,0,0,0,0,0,200.2,0,0,0
"MtrElec",3,9,1,"",160.136,0,0,0,0,0,0,0,0,0,0,0,0,0,0,0,0,0,0,0,0,160.136,0,0,0
"MtrElec",3,9,2,"",159.259,0,0,0,0,0,0,0,0,0,0,0,0,0,0,0,0,0,0,0,0,159.259,0,0,0
"MtrElec",3,9,3,"",202.863,0,0,0,0,0,0,0,0,0,0,0,0,0,0,0,0,0,0,0,0,202.863,0,0,0
"MtrElec",3,9,4,"",166.408,0,0,0,0,0,0,0,0,0,0,0,0,0,0,0,0,0,0,0,0,166.408,0,0,0
"MtrElec",3,9,5,"",165.122,0,0,0,0,0,0,0,0,0,0,0,0,0,0,0,0,0,0,0,0,165.122,0,0,0
"MtrElec",3,9,6,"",162.41,0,0,0,0,0,0,0,0,0,0,0,0,0,0,0,0,0,0,0,0,162.41,0,0,0
"MtrElec",3,9,7,"",267.028,0,0,0,0,0,0,0,0,0,0,0,0,0,0,0,0,0,0,0,0,267.028,0,0,0
"MtrElec",3,9,8,"",301.016,0,0,0,0,0,0,0,0,0,0,0,0,0,0,0,0,0,0,0,0,334.32,0,0,-33.304
"MtrElec",3,9,9,"",224.818,0,0,0,0,0,0,0,0,0,0,0,0,0,0,0,0,0,0,0,0,380.979,0,0,-156.161
"MtrElec",3,9,10,"",156.838,0,0,0,0,0,0,0,0,0,0,0,0,0,0,0,0,0,0,0,0,390.328,0,0,-233.491
"MtrElec",3,9,11,"",0.0000039,0,0,0,0,0,0,0,0,0,0,0,0,0,0,0,0,0,0,0,0,374.141,0,52.5756,-426.717
"MtrElec",3,9,12,"",0.0000078,0,0,0,0,0,0,0,0,0,0,0,0,0,0,0,0,0,0,0,0,328.681,0,120.262,-448.943
"MtrElec",3,9,13,"",0,0,0,0,0,0,0,0,0,0,0,0,0,0,0,0,0,0,0,0,0,383.084,0,190.816,-573.901
"MtrElec",3,9,14,"",-123.658,0,0,0,0,0,0,0,0,0,0,0,0,0,0,0,0,0,0,0,0,360.223,0,221.926,-705.807
"MtrElec",3,9,15,"",-95.2002,0,0,0,0,0,0,0,0,0,0,0,0,0,0,0,0,0,0,0,0,349.744,0,208.803,-653.748
"MtrElec",3,9,16,"",-203.981,0,0,0,0,0,0,0,0,0,0,0,0,0,0,0,0,0,0,0,0,352.781,0,0,-556.762
"MtrElec",3,9,17,"",5.04766,0,0,0,0,0,0,0,0,0,0,0,0,0,0,0,0,0,0,0,0,390.028,0,0,-384.98
"MtrElec",3,9,18,"",264.734,0,0,0,0,0,0,0,0,0,0,0,0,0,0,0,0,0,0,0,0,428.06,0,0,-163.325
"MtrElec",3,9,19,"",128.463,0,0,0,0,0,0,0,0,0,0,0,0,0,0,0,0,0,0,0,0,374.643,0,-221.926,-24.2536
"MtrElec",3,9,20,"",174.248,0,0,0,0,0,0,0,0,0,0,0,0,0,0,0,0,0,0,0,0,396.173,0,-221.926,0
"MtrElec",3,9,21,"",137.461,0,0,0,0,0,0,0,0,0,0,0,0,0,0,0,0,0,0,0,0,359.387,0,-221.926,0
"MtrElec",3,9,22,"",242.134,0,0,0,0,0,0,0,0,0,0,0,0,0,0,0,0,0,0,0,0,293.287,0,-51.1531,0
"MtrElec",3,9,23,"",275.047,0,0,0,0,0,0,0,0,0,0,0,0,0,0,0,0,0,0,0,0,275.047,0,0,0
"MtrElec",3,9,24,"",222.986,0,0,0,0,0,0,0,0,0,0,0,0,0,0,0,0,0,0,0,0,222.986,0,0,0
"MtrElec",3,10,1,"",191.143,0,0,0,0,0,0,0,0,0,0,0,0,0,0,0,0,0,0,0,0,191.143,0,0,0
"MtrElec",3,10,2,"",155.048,0,0,0,0,0,0,0,0,0,0,0,0,0,0,0,0,0,0,0,0,155.048,0,0,0
"MtrElec",3,10,3,"",198.062,0,0,0,0,0,0,0,0,0,0,0,0,0,0,0,0,0,0,0,0,198.062,0,0,0
"MtrElec",3,10,4,"",163.562,0,0,0,0,0,0,0,0,0,0,0,0,0,0,0,0,0,0,0,0,163.562,0,0,0
"MtrElec",3,10,5,"",171.886,0,0,0,0,0,0,0,0,0,0,0,0,0,0,0,0,0,0,0,0,171.886,0,0,0
"MtrElec",3,10,6,"",167.151,0,0,0,0,0,0,0,0,0,0,0,0,0,0,0,0,0,0,0,0,167.151,0,0,0
"MtrElec",3,10,7,"",268.269,0,0,0,0,0,0,0,0,0,0,0,0,0,0,0,0,0,0,0,0,268.269,0,0,0
"MtrElec",3,10,8,"",329.534,0,0,0,0,0,0,0,0,0,0,0,0,0,0,0,0,0,0,0,0,367,0,0,-37.4651
"MtrElec",3,10,9,"",191.148,0,0,0,0,0,0,0,0,0,0,0,0,0,0,0,0,0,0,0,0,401.623,0,0,-210.475
"MtrElec",3,10,10,"",-5.51769,0,0,0,0,0,0,0,0,0,0,0,0,0,0,0,0,0,0,0,0,399.367,0,0,-404.885
"MtrElec",3,10,11,"",0.0000078,0,0,0,0,0,0,0,0,0,0,0,0,0,0,0,0,0,0,0,0,420.713,0,122.875,-543.588
"MtrElec",3,10,12,"",0,0,0,0,0,0,0,0,0,0,0,0,0,0,0,0,0,0,0,0,0,421.13,0,221.033,-642.162
"MtrElec",3,10,13,"",-22.8937,0,0,0,0,0,0,0,0,0,0,0,0,0,0,0,0,0,0,0,0,440.893,0,221.926,-685.712
"MtrElec",3,10,14,"",-110.247,0,0,0,0,0,0,0,0,0,0,0,0,0,0,0,0,0,0,0,0,336.766,0,221.926,-668.938
"MtrElec",3,10,15,"",-250.311,0,0,0,0,0,0,0,0,0,0,0,0,0,0,0,0,0,0,0,0,386.913,0,6.62364,-643.848
"MtrElec",3,10,16,"",-171.54,0,0,0,0,0,0,0,0,0,0,0,0,0,0,0,0,0,0,0,0,384.988,0,0,-556.529
"MtrElec",3,10,17,"",-38.2873,0,0,0,0,0,0,0,0,0,0,0,0,0,0,0,0,0,0,0,0,369.774,0,0,-408.061
"MtrElec",3,10,18,"",208.271,0,0,0,0,0,0,0,0,0,0,0,0,0,0,0,0,0,0,0,0,422.188,0,0,-213.917
"MtrElec",3,10,19,"",157.417,0,0,0,0,0,0,0,0,0,0,0,0,0,0,0,0,0,0,0,0,409.945,0,-221.926,-30.602
"MtrElec",3,10,20,"",190.462,0,0,0,0,0,0,0,0,0,0,0,0,0,0,0,0,0,0,0,0,412.388,0,-221.926,0
"MtrElec",3,10,21,"",211.955,0,0,0,0,0,0,0,0,0,0,0,0,0,0,0,0,0,0,0,0,433.881,0,-221.926,0
"MtrElec",3,10,22,"",218.874,0,0,0,0,0,0,0,0,0,0,0,0,0,0,0,0,0,0,0,0,270.028,0,-51.1531,0
"MtrElec",3,10,23,"",313.23,0,0,0,0,0,0,0,0,0,0,0,0,0,0,0,0,0,0,0,0,313.23,0,0,0
"MtrElec",3,10,24,"",190.451,0,0,0,0,0,0,0,0,0,0,0,0,0,0,0,0,0,0,0,0,190.451,0,0,0
"MtrElec",3,11,1,"",158.868,0,0,0,0,0,0,0,0,0,0,0,0,0,0,0,0,0,0,0,0,158.868,0,0,0
"MtrElec",3,11,2,"",149.492,0,0,0,0,0,0,0,0,0,0,0,0,0,0,0,0,0,0,0,0,149.492,0,0,0
"MtrElec",3,11,3,"",189.535,0,0,0,0,0,0,0,0,0,0,0,0,0,0,0,0,0,0,0,0,189.535,0,0,0
"MtrElec",3,11,4,"",144.308,0,0,0,0,0,0,0,0,0,0,0,0,0,0,0,0,0,0,0,0,144.308,0,0,0
"MtrElec",3,11,5,"",142.726,0,0,0,0,0,0,0,0,0,0,0,0,0,0,0,0,0,0,0,0,142.726,0,0,0
"MtrElec",3,11,6,"",148.744,0,0,0,0,0,0,0,0,0,0,0,0,0,0,0,0,0,0,0,0,148.744,0,0,0
"MtrElec",3,11,7,"",277.248,0,0,0,0,0,0,0,0,0,0,0,0,0,0,0,0,0,0,0,0,277.248,0,0,0
"MtrElec",3,11,8,"",342.638,0,0,0,0,0,0,0,0,0,0,0,0,0,0,0,0,0,0,0,0,373.019,0,0,-30.3804
"MtrElec",3,11,9,"",175.23,0,0,0,0,0,0,0,0,0,0,0,0,0,0,0,0,0,0,0,0,342.865,0,0,-167.635
"MtrElec",3,11,10,"",2.14987,0,0,0,0,0,0,0,0,0,0,0,0,0,0,0,0,0,0,0,0,403.813,0,0,-401.663
"MtrElec",3,11,11,"",0.0000156,0,0,0,0,0,0,0,0,0,0,0,0,0,0,0,0,0,0,0,0,415.401,0,135.875,-551.276
"MtrElec",3,11,12,"",0,0,0,0,0,0,0,0,0,0,0,0,0,0,0,0,0,0,0,0,0,421.317,0,211.395,-632.712
"MtrElec",3,11,13,"",-18.1339,0,0,0,0,0,0,0,0,0,0,0,0,0,0,0,0,0,0,0,0,434.611,0,221.926,-674.671
"MtrElec",3,11,14,"",-70.2436,0,0,0,0,0,0,0,0,0,0,0,0,0,0,0,0,0,0,0,0,394.993,0,221.926,-687.162
"MtrElec",3,11,15,"",-271.508,0,0,0,0,0,0,0,0,0,0,0,0,0,0,0,0,0,0,0,0,370.487,0,3.26187,-645.256
"MtrElec",3,11,16,"",-160.202,0,0,0,0,0,0,0,0,0,0,0,0,0,0,0,0,0,0,0,0,387.261,0,0,-547.463
"MtrElec",3,11,17,"",-21.0765,0,0,0,0,0,0,0,0,0,0,0,0,0,0,0,0,0,0,0,0,376.574,0,0,-397.65
"MtrElec",3,11,18,"",244.555,0,0,0,0,0,0,0,0,0,0,0,0,0,0,0,0,0,0,0,0,451.627,0,0,-207.072
"MtrElec",3,11,19,"",187.219,0,0,0,0,0,0,0,0,0,0,0,0,0,0,0,0,0,0,0,0,439.531,0,-221.926,-30.3871
"MtrElec",3,11,20,"",201.807,0,0,0,0,0,0,0,0,0,0,0,0,0,0,0,0,0,0,0,0,423.733,0,-221.926,0
"MtrElec",3,11,21,"",149.117,0,0,0,0,0,0,0,0,0,0,0,0,0,0,0,0,0,0,0,0,371.043,0,-221.926,0
"MtrElec",3,11,22,"",244.2,0,0,0,0,0,0,0,0,0,0,0,0,0,0,0,0,0,0,0,0,295.353,0,-51.1531,0
"MtrElec",3,11,23,"",237.452,0,0,0,0,0,0,0,0,0,0,0,0,0,0,0,0,0,0,0,0,237.452,0,0,0
"MtrElec",3,11,24,"",234.825,0,0,0,0,0,0,0,0,0,0,0,0,0,0,0,0,0,0,0,0,234.825,0,0,0
"MtrElec",3,12,1,"",176.927,0,0,0,0,0,0,0,0,0,0,0,0,0,0,0,0,0,0,0,0,176.927,0,0,0
"MtrElec",3,12,2,"",148.488,0,0,0,0,0,0,0,0,0,0,0,0,0,0,0,0,0,0,0,0,148.488,0,0,0
"MtrElec",3,12,3,"",144.521,0,0,0,0,0,0,0,0,0,0,0,0,0,0,0,0,0,0,0,0,144.521,0,0,0
"MtrElec",3,12,4,"",144.744,0,0,0,0,0,0,0,0,0,0,0,0,0,0,0,0,0,0,0,0,144.744,0,0,0
"MtrElec",3,12,5,"",141.882,0,0,0,0,0,0,0,0,0,0,0,0,0,0,0,0,0,0,0,0,141.882,0,0,0
"MtrElec",3,12,6,"",197.075,0,0,0,0,0,0,0,0,0,0,0,0,0,0,0,0,0,0,0,0,197.075,0,0,0
"MtrElec",3,12,7,"",244.017,0,0,0,0,0,0,0,0,0,0,0,0,0,0,0,0,0,0,0,0,244.017,0,0,0
"MtrElec",3,12,8,"",246.654,0,0,0,0,0,0,0,0,0,0,0,0,0,0,0,0,0,0,0,0,287.309,0,0,-40.6549
"MtrElec",3,12,9,"",156.622,0,0,0,0,0,0,0,0,0,0,0,0,0,0,0,0,0,0,0,0,362.884,0,0,-206.263
"MtrElec",3,12,10,"",3.38044,0,0,0,0,0,0,0,0,0,0,0,0,0,0,0,0,0,0,0,0,405.604,0,0,-402.224
"MtrElec",3,12,11,"",0.0000078,0,0,0,0,0,0,0,0,0,0,0,0,0,0,0,0,0,0,0,0,430.991,0,89.8921,-520.883
"MtrElec",3,12,12,"",0,0,0,0,0,0,0,0,0,0,0,0,0,0,0,0,0,0,0,0,0,397.828,0,172.296,-570.125
"MtrElec",3,12,13,"",0.0000156,0,0,0,0,0,0,0,0,0,0,0,0,0,0,0,0,0,0,0,0,424.354,0,198.831,-623.185
"MtrElec",3,12,14,"",0.0000156,0,0,0,0,0,0,0,0,0,0,0,0,0,0,0,0,0,0,0,0,361.629,0,204.605,-566.233
"MtrElec",3,12,15,"",-16.0879,0,0,0,0,0,0,0,0,0,0,0,0,0,0,0,0,0,0,0,0,397.149,0,128.758,-541.995
"MtrElec",3,12,16,"",-140.732,0,0,0,0,0,0,0,0,0,0,0,0,0,0,0,0,0,0,0,0,371.749,0,0,-512.482
"MtrElec",3,12,17,"",108.749,0,0,0,0,0,0,0,0,0,0,0,0,0,0,0,0,0,0,0,0,445.526,0,0,-336.778
"MtrElec",3,12,18,"",323.96,0,0,0,0,0,0,0,0,0,0,0,0,0,0,0,0,0,0,0,0,447.867,0,0,-123.907
"MtrElec",3,12,19,"",157.552,0,0,0,0,0,0,0,0,0,0,0,0,0,0,0,0,0,0,0,0,407.549,0,-221.926,-28.0714
"MtrElec",3,12,20,"",210.802,0,0,0,0,0,0,0,0,0,0,0,0,0,0,0,0,0,0,0,0,432.728,0,-221.926,0
"MtrElec",3,12,21,"",179.502,0,0,0,0,0,0,0,0,0,0,0,0,0,0,0,0,0,0,0,0,401.428,0,-221.926,0
"MtrElec",3,12,22,"",195.891,0,0,0,0,0,0,0,0,0,0,0,0,0,0,0,0,0,0,0,0,247.044,0,-51.1531,0
"MtrElec",3,12,23,"",265.117,0,0,0,0,0,0,0,0,0,0,0,0,0,0,0,0,0,0,0,0,265.117,0,0,0
"MtrElec",3,12,24,"",241.079,0,0,0,0,0,0,0,0,0,0,0,0,0,0,0,0,0,0,0,0,241.079,0,0,0
"MtrElec",3,13,1,"",163.223,0,0,0,0,0,0,0,0,0,0,0,0,0,0,0,0,0,0,0,0,163.223,0,0,0
"MtrElec",3,13,2,"",149.064,0,0,0,0,0,0,0,0,0,0,0,0,0,0,0,0,0,0,0,0,149.064,0,0,0
"MtrElec",3,13,3,"",145.601,0,0,0,0,0,0,0,0,0,0,0,0,0,0,0,0,0,0,0,0,145.601,0,0,0
"MtrElec",3,13,4,"",148.959,0,0,0,0,0,0,0,0,0,0,0,0,0,0,0,0,0,0,0,0,148.959,0,0,0
"MtrElec",3,13,5,"",145.726,0,0,0,0,0,0,0,0,0,0,0,0,0,0,0,0,0,0,0,0,145.726,0,0,0
"MtrElec",3,13,6,"",177.181,0,0,0,0,0,0,0,0,0,0,0,0,0,0,0,0,0,0,0,0,177.181,0,0,0
"MtrElec",3,13,7,"",222.713,0,0,0,0,0,0,0,0,0,0,0,0,0,0,0,0,0,0,0,0,222.713,0,0,0
"MtrElec",3,13,8,"",337.101,0,0,0,0,0,0,0,0,0,0,0,0,0,0,0,0,0,0,0,0,349.601,0,0,-12.5002
"MtrElec",3,13,9,"",237.489,0,0,0,0,0,0,0,0,0,0,0,0,0,0,0,0,0,0,0,0,329.721,0,0,-92.2313
"MtrElec",3,13,10,"",20.983,0,0,0,0,0,0,0,0,0,0,0,0,0,0,0,0,0,0,0,0,369.593,0,0,-348.61
"MtrElec",3,13,11,"",0,0,0,0,0,0,0,0,0,0,0,0,0,0,0,0,0,0,0,0,0,387.486,0,142.19,-529.676
"MtrElec",3,13,12,"",-44.6812,0,0,0,0,0,0,0,0,0,0,0,0,0,0,0,0,0,0,0,0,356.958,0,221.926,-623.565
"MtrElec",3,13,13,"",-19.1651,0,0,0,0,0,0,0,0,0,0,0,0,0,0,0,0,0,0,0,0,446.246,0,221.926,-687.337
"MtrElec",3,13,14,"",-163.067,0,0,0,0,0,0,0,0,0,0,0,0,0,0,0,0,0,0,0,0,320.649,0,208.341,-692.057
"MtrElec",3,13,15,"",-271.754,0,0,0,0,0,0,0,0,0,0,0,0,0,0,0,0,0,0,0,0,367.696,0,0,-639.45
"MtrElec",3,13,16,"",-157.294,0,0,0,0,0,0,0,0,0,0,0,0,0,0,0,0,0,0,0,0,383.333,0,0,-540.627
"MtrElec",3,13,17,"",-29.3003,0,0,0,0,0,0,0,0,0,0,0,0,0,0,0,0,0,0,0,0,366.263,0,0,-395.563
"MtrElec",3,13,18,"",204.233,0,0,0,0,0,0,0,0,0,0,0,0,0,0,0,0,0,0,0,0,414.169,0,0,-209.936
"MtrElec",3,13,19,"",155.516,0,0,0,0,0,0,0,0,0,0,0,0,0,0,0,0,0,0,0,0,409.569,0,-221.926,-32.1279
"MtrElec",3,13,20,"",201.951,0,0,0,0,0,0,0,0,0,0,0,0,0,0,0,0,0,0,0,0,423.876,0,-221.926,0
"MtrElec",3,13,21,"",165.772,0,0,0,0,0,0,0,0,0,0,0,0,0,0,0,0,0,0,0,0,387.698,0,-221.926,0
"MtrElec",3,13,22,"",266.469,0,0,0,0,0,0,0,0,0,0,0,0,0,0,0,0,0,0,0,0,317.622,0,-51.1531,0
"MtrElec",3,13,23,"",236.894,0,0,0,0,0,0,0,0,0,0,0,0,0,0,0,0,0,0,0,0,236.894,0,0,0
"MtrElec",3,13,24,"",252.878,0,0,0,0,0,0,0,0,0,0,0,0,0,0,0,0,0,0,0,0,252.878,0,0,0
"MtrElec",3,14,1,"",165.092,0,0,0,0,0,0,0,0,0,0,0,0,0,0,0,0,0,0,0,0,165.092,0,0,0
"MtrElec",3,14,2,"",149.301,0,0,0,0,0,0,0,0,0,0,0,0,0,0,0,0,0,0,0,0,149.301,0,0,0
"MtrElec",3,14,3,"",148.766,0,0,0,0,0,0,0,0,0,0,0,0,0,0,0,0,0,0,0,0,148.766,0,0,0
"MtrElec",3,14,4,"",148.134,0,0,0,0,0,0,0,0,0,0,0,0,0,0,0,0,0,0,0,0,148.134,0,0,0
"MtrElec",3,14,5,"",150.852,0,0,0,0,0,0,0,0,0,0,0,0,0,0,0,0,0,0,0,0,150.852,0,0,0
"MtrElec",3,14,6,"",149.294,0,0,0,0,0,0,0,0,0,0,0,0,0,0,0,0,0,0,0,0,149.294,0,0,0
"MtrElec",3,14,7,"",228.351,0,0,0,0,0,0,0,0,0,0,0,0,0,0,0,0,0,0,0,0,228.351,0,0,0
"MtrElec",3,14,8,"",212.421,0,0,0,0,0,0,0,0,0,0,0,0,0,0,0,0,0,0,0,0,253.139,0,0,-40.7184
"MtrElec",3,14,9,"",101.077,0,0,0,0,0,0,0,0,0,0,0,0,0,0,0,0,0,0,0,0,310.354,0,0,-209.277
"MtrElec",3,14,10,"",39.7808,0,0,0,0,0,0,0,0,0,0,0,0,0,0,0,0,0,0,0,0,435.689,0,0,-395.909
"MtrElec",3,14,11,"",0.0000078,0,0,0,0,0,0,0,0,0,0,0,0,0,0,0,0,0,0,0,0,432.001,0,101.505,-533.506
"MtrElec",3,14,12,"",0,0,0,0,0,0,0,0,0,0,0,0,0,0,0,0,0,0,0,0,0,445.779,0,171.796,-617.575
"MtrElec",3,14,13,"",0,0,0,0,0,0,0,0,0,0,0,0,0,0,0,0,0,0,0,0,0,540.142,0,136.408,-676.549
"MtrElec",3,14,14,"",0,0,0,0,0,0,0,0,0,0,0,0,0,0,0,0,0,0,0,0,0,483.507,0,201.573,-685.08
"MtrElec",3,14,15,"",0.0000078,0,0,0,0,0,0,0,0,0,0,0,0,0,0,0,0,0,0,0,0,512.95,0,126.66,-639.611
"MtrElec",3,14,16,"",-21.4404,0,0,0,0,0,0,0,0,0,0,0,0,0,0,0,0,0,0,0,0,465.89,0,56.441,-543.772
"MtrElec",3,14,17,"",63.0282,0,0,0,0,0,0,0,0,0,0,0,0,0,0,0,0,0,0,0,0,458.418,0,0,-395.389
"MtrElec",3,14,18,"",283.582,0,0,0,0,0,0,0,0,0,0,0,0,0,0,0,0,0,0,0,0,492.512,0,0,-208.929
"MtrElec",3,14,19,"",228.261,0,0,0,0,0,0,0,0,0,0,0,0,0,0,0,0,0,0,0,0,482.808,0,-221.926,-32.6206
"MtrElec",3,14,20,"",162.687,0,0,0,0,0,0,0,0,0,0,0,0,0,0,0,0,0,0,0,0,384.613,0,-221.926,0
"MtrElec",3,14,21,"",117.521,0,0,0,0,0,0,0,0,0,0,0,0,0,0,0,0,0,0,0,0,339.447,0,-221.926,0
"MtrElec",3,14,22,"",185.493,0,0,0,0,0,0,0,0,0,0,0,0,0,0,0,0,0,0,0,0,236.647,0,-51.1531,0
"MtrElec",3,14,23,"",255.507,0,0,0,0,0,0,0,0,0,0,0,0,0,0,0,0,0,0,0,0,255.507,0,0,0
"MtrElec",3,14,24,"",186.348,0,0,0,0,0,0,0,0,0,0,0,0,0,0,0,0,0,0,0,0,186.348,0,0,0
"MtrElec",3,15,1,"",153.768,0,0,0,0,0,0,0,0,0,0,0,0,0,0,0,0,0,0,0,0,153.768,0,0,0
"MtrElec",3,15,2,"",149.352,0,0,0,0,0,0,0,0,0,0,0,0,0,0,0,0,0,0,0,0,149.352,0,0,0
"MtrElec",3,15,3,"",147.602,0,0,0,0,0,0,0,0,0,0,0,0,0,0,0,0,0,0,0,0,147.602,0,0,0
"MtrElec",3,15,4,"",185.386,0,0,0,0,0,0,0,0,0,0,0,0,0,0,0,0,0,0,0,0,185.386,0,0,0
"MtrElec",3,15,5,"",164.246,0,0,0,0,0,0,0,0,0,0,0,0,0,0,0,0,0,0,0,0,164.246,0,0,0
"MtrElec",3,15,6,"",152.683,0,0,0,0,0,0,0,0,0,0,0,0,0,0,0,0,0,0,0,0,152.683,0,0,0
"MtrElec",3,15,7,"",163.039,0,0,0,0,0,0,0,0,0,0,0,0,0,0,0,0,0,0,0,0,163.039,0,0,0
"MtrElec",3,15,8,"",233.492,0,0,0,0,0,0,0,0,0,0,0,0,0,0,0,0,0,0,0,0,242.339,0,0,-8.84691
"MtrElec",3,15,9,"",207.09,0,0,0,0,0,0,0,0,0,0,0,0,0,0,0,0,0,0,0,0,269.154,0,0,-62.0642
"MtrElec",3,15,10,"",64.2077,0,0,0,0,0,0,0,0,0,0,0,0,0,0,0,0,0,0,0,0,321.782,0,0,-257.574
"MtrElec",3,15,11,"",-2.04416,0,0,0,0,0,0,0,0,0,0,0,0,0,0,0,0,0,0,0,0,332.733,0,221.926,-556.703
"MtrElec",3,15,12,"",-12.1816,0,0,0,0,0,0,0,0,0,0,0,0,0,0,0,0,0,0,0,0,414.732,0,221.926,-648.839
"MtrElec",3,15,13,"",-108.026,0,0,0,0,0,0,0,0,0,0,0,0,0,0,0,0,0,0,0,0,364.765,0,221.926,-694.716
"MtrElec",3,15,14,"",-210.396,0,0,0,0,0,0,0,0,0,0,0,0,0,0,0,0,0,0,0,0,352.699,0,128.605,-691.701
"MtrElec",3,15,15,"",-265.666,0,0,0,0,0,0,0,0,0,0,0,0,0,0,0,0,0,0,0,0,375.639,0,0,-641.305
"MtrElec",3,15,16,"",-202.825,0,0,0,0,0,0,0,0,0,0,0,0,0,0,0,0,0,0,0,0,348.263,0,0,-551.089
"MtrElec",3,15,17,"",-57.3641,0,0,0,0,0,0,0,0,0,0,0,0,0,0,0,0,0,0,0,0,346.339,0,0,-403.703
"MtrElec",3,15,18,"",144.957,0,0,0,0,0,0,0,0,0,0,0,0,0,0,0,0,0,0,0,0,359.394,0,0,-214.437
"MtrElec",3,15,19,"",105.664,0,0,0,0,0,0,0,0,0,0,0,0,0,0,0,0,0,0,0,0,360.728,0,-221.926,-33.1381
"MtrElec",3,15,20,"",152.359,0,0,0,0,0,0,0,0,0,0,0,0,0,0,0,0,0,0,0,0,374.284,0,-221.926,0
"MtrElec",3,15,21,"",88.7179,0,0,0,0,0,0,0,0,0,0,0,0,0,0,0,0,0,0,0,0,310.644,0,-221.926,0
"MtrElec",3,15,22,"",243.333,0,0,0,0,0,0,0,0,0,0,0,0,0,0,0,0,0,0,0,0,294.486,0,-51.1531,0
"MtrElec",3,15,23,"",220.386,0,0,0,0,0,0,0,0,0,0,0,0,0,0,0,0,0,0,0,0,220.386,0,0,0
"MtrElec",3,15,24,"",258.873,0,0,0,0,0,0,0,0,0,0,0,0,0,0,0,0,0,0,0,0,258.873,0,0,0
"MtrElec",3,16,1,"",171.399,0,0,0,0,0,0,0,0,0,0,0,0,0,0,0,0,0,0,0,0,171.399,0,0,0
"MtrElec",3,16,2,"",148.227,0,0,0,0,0,0,0,0,0,0,0,0,0,0,0,0,0,0,0,0,148.227,0,0,0
"MtrElec",3,16,3,"",142.946,0,0,0,0,0,0,0,0,0,0,0,0,0,0,0,0,0,0,0,0,142.946,0,0,0
"MtrElec",3,16,4,"",146.314,0,0,0,0,0,0,0,0,0,0,0,0,0,0,0,0,0,0,0,0,146.314,0,0,0
"MtrElec",3,16,5,"",141.635,0,0,0,0,0,0,0,0,0,0,0,0,0,0,0,0,0,0,0,0,141.635,0,0,0
"MtrElec",3,16,6,"",186.146,0,0,0,0,0,0,0,0,0,0,0,0,0,0,0,0,0,0,0,0,186.146,0,0,0
"MtrElec",3,16,7,"",238.244,0,0,0,0,0,0,0,0,0,0,0,0,0,0,0,0,0,0,0,0,238.244,0,0,0
"MtrElec",3,16,8,"",318.614,0,0,0,0,0,0,0,0,0,0,0,0,0,0,0,0,0,0,0,0,334.404,0,0,-15.7906
"MtrElec",3,16,9,"",252.48,0,0,0,0,0,0,0,0,0,0,0,0,0,0,0,0,0,0,0,0,338.543,0,0,-86.0634
"MtrElec",3,16,10,"",173.164,0,0,0,0,0,0,0,0,0,0,0,0,0,0,0,0,0,0,0,0,440.814,0,0,-267.65
"MtrElec",3,16,11,"",0,0,0,0,0,0,0,0,0,0,0,0,0,0,0,0,0,0,0,0,0,392.502,0,153.676,-546.178
"MtrElec",3,16,12,"",-21.7903,0,0,0,0,0,0,0,0,0,0,0,0,0,0,0,0,0,0,0,0,404.243,0,221.926,-647.959
"MtrElec",3,16,13,"",-17.9566,0,0,0,0,0,0,0,0,0,0,0,0,0,0,0,0,0,0,0,0,462.686,0,221.926,-702.568
"MtrElec",3,16,14,"",-128.189,0,0,0,0,0,0,0,0,0,0,0,0,0,0,0,0,0,0,0,0,386.189,0,196.855,-711.234
"MtrElec",3,16,15,"",-328.244,0,0,0,0,0,0,0,0,0,0,0,0,0,0,0,0,0,0,0,0,338.456,0,0,-666.7
"MtrElec",3,16,16,"",-180.364,0,0,0,0,0,0,0,0,0,0,0,0,0,0,0,0,0,0,0,0,379.785,0,0,-560.149
"MtrElec",3,16,17,"",-42.3551,0,0,0,0,0,0,0,0,0,0,0,0,0,0,0,0,0,0,0,0,365.116,0,0,-407.471
"MtrElec",3,16,18,"",231.285,0,0,0,0,0,0,0,0,0,0,0,0,0,0,0,0,0,0,0,0,443.595,0,0,-212.31
"MtrElec",3,16,19,"",159.192,0,0,0,0,0,0,0,0,0,0,0,0,0,0,0,0,0,0,0,0,414.899,0,-221.926,-33.7811
"MtrElec",3,16,20,"",185.224,0,0,0,0,0,0,0,0,0,0,0,0,0,0,0,0,0,0,0,0,407.15,0,-221.926,0
"MtrElec",3,16,21,"",166.884,0,0,0,0,0,0,0,0,0,0,0,0,0,0,0,0,0,0,0,0,388.81,0,-221.926,0
"MtrElec",3,16,22,"",266.317,0,0,0,0,0,0,0,0,0,0,0,0,0,0,0,0,0,0,0,0,317.47,0,-51.1531,0
"MtrElec",3,16,23,"",292.765,0,0,0,0,0,0,0,0,0,0,0,0,0,0,0,0,0,0,0,0,292.765,0,0,0
"MtrElec",3,16,24,"",215.172,0,0,0,0,0,0,0,0,0,0,0,0,0,0,0,0,0,0,0,0,215.172,0,0,0
"MtrElec",3,17,1,"",168.187,0,0,0,0,0,0,0,0,0,0,0,0,0,0,0,0,0,0,0,0,168.187,0,0,0
"MtrElec",3,17,2,"",149.235,0,0,0,0,0,0,0,0,0,0,0,0,0,0,0,0,0,0,0,0,149.235,0,0,0
"MtrElec",3,17,3,"",147.923,0,0,0,0,0,0,0,0,0,0,0,0,0,0,0,0,0,0,0,0,147.923,0,0,0
"MtrElec",3,17,4,"",151.507,0,0,0,0,0,0,0,0,0,0,0,0,0,0,0,0,0,0,0,0,151.507,0,0,0
"MtrElec",3,17,5,"",193.35,0,0,0,0,0,0,0,0,0,0,0,0,0,0,0,0,0,0,0,0,193.35,0,0,0
"MtrElec",3,17,6,"",148.979,0,0,0,0,0,0,0,0,0,0,0,0,0,0,0,0,0,0,0,0,148.979,0,0,0
"MtrElec",3,17,7,"",237.786,0,0,0,0,0,0,0,0,0,0,0,0,0,0,0,0,0,0,0,0,237.786,0,0,0
"MtrElec",3,17,8,"",272.313,0,0,0,0,0,0,0,0,0,0,0,0,0,0,0,0,0,0,0,0,304.47,0,0,-32.1566
"MtrElec",3,17,9,"",232.56,0,0,0,0,0,0,0,0,0,0,0,0,0,0,0,0,0,0,0,0,390.274,0,0,-157.714
"MtrElec",3,17,10,"",-14.7241,0,0,0,0,0,0,0,0,0,0,0,0,0,0,0,0,0,0,0,0,399.432,0,0,-414.156
"MtrElec",3,17,11,"",0,0,0,0,0,0,0,0,0,0,0,0,0,0,0,0,0,0,0,0,0,402.083,0,166.768,-568.851
"MtrElec",3,17,12,"",-29.1726,0,0,0,0,0,0,0,0,0,0,0,0,0,0,0,0,0,0,0,0,414.865,0,221.926,-665.963
"MtrElec",3,17,13,"",-12.7657,0,0,0,0,0,0,0,0,0,0,0,0,0,0,0,0,0,0,0,0,479.392,0,221.926,-714.083
"MtrElec",3,17,14,"",-198.615,0,0,0,0,0,0,0,0,0,0,0,0,0,0,0,0,0,0,0,0,333.926,0,183.763,-716.304
"MtrElec",3,17,15,"",-320.819,0,0,0,0,0,0,0,0,0,0,0,0,0,0,0,0,0,0,0,0,343.214,0,0,-664.032
"MtrElec",3,17,16,"",-170.244,0,0,0,0,0,0,0,0,0,0,0,0,0,0,0,0,0,0,0,0,396.467,0,0,-566.711
"MtrElec",3,17,17,"",9.45178,0,0,0,0,0,0,0,0,0,0,0,0,0,0,0,0,0,0,0,0,421.491,0,0,-412.04
"MtrElec",3,17,18,"",189.105,0,0,0,0,0,0,0,0,0,0,0,0,0,0,0,0,0,0,0,0,403.243,0,0,-214.138
"MtrElec",3,17,19,"",153.76,0,0,0,0,0,0,0,0,0,0,0,0,0,0,0,0,0,0,0,0,411.767,0,-221.926,-36.0813
"MtrElec",3,17,20,"",213.77,0,0,0,0,0,0,0,0,0,0,0,0,0,0,0,0,0,0,0,0,435.696,0,-221.926,0
"MtrElec",3,17,21,"",194.127,0,0,0,0,0,0,0,0,0,0,0,0,0,0,0,0,0,0,0,0,416.052,0,-221.926,0
"MtrElec",3,17,22,"",221.414,0,0,0,0,0,0,0,0,0,0,0,0,0,0,0,0,0,0,0,0,272.567,0,-51.153,0
"MtrElec",3,17,23,"",202.397,0,0,0,0,0,0,0,0,0,0,0,0,0,0,0,0,0,0,0,0,202.397,0,0,0
"MtrElec",3,17,24,"",215.268,0,0,0,0,0,0,0,0,0,0,0,0,0,0,0,0,0,0,0,0,215.268,0,0,0
"MtrElec",3,18,1,"",155.811,0,0,0,0,0,0,0,0,0,0,0,0,0,0,0,0,0,0,0,0,155.811,0,0,0
"MtrElec",3,18,2,"",148.981,0,0,0,0,0,0,0,0,0,0,0,0,0,0,0,0,0,0,0,0,148.981,0,0,0
"MtrElec",3,18,3,"",141.235,0,0,0,0,0,0,0,0,0,0,0,0,0,0,0,0,0,0,0,0,141.235,0,0,0
"MtrElec",3,18,4,"",144.84,0,0,0,0,0,0,0,0,0,0,0,0,0,0,0,0,0,0,0,0,144.84,0,0,0
"MtrElec",3,18,5,"",142.851,0,0,0,0,0,0,0,0,0,0,0,0,0,0,0,0,0,0,0,0,142.851,0,0,0
"MtrElec",3,18,6,"",193.352,0,0,0,0,0,0,0,0,0,0,0,0,0,0,0,0,0,0,0,0,193.352,0,0,0
"MtrElec",3,18,7,"",230.17,0,0,0,0,0,0,0,0,0,0,0,0,0,0,0,0,0,0,0,0,230.17,0,0,0
"MtrElec",3,18,8,"",331.165,0,0,0,0,0,0,0,0,0,0,0,0,0,0,0,0,0,0,0,0,378.161,0,0,-46.9956
"MtrElec",3,18,9,"",148.89,0,0,0,0,0,0,0,0,0,0,0,0,0,0,0,0,0,0,0,0,371.845,0,0,-222.955
"MtrElec",3,18,10,"",31.7888,0,0,0,0,0,0,0,0,0,0,0,0,0,0,0,0,0,0,0,0,447.291,0,0,-415.502
"MtrElec",3,18,11,"",0,0,0,0,0,0,0,0,0,0,0,0,0,0,0,0,0,0,0,0,0,456.824,0,110.87,-567.694
"MtrElec",3,18,12,"",-16.489,0,0,0,0,0,0,0,0,0,0,0,0,0,0,0,0,0,0,0,0,420.157,0,221.926,-658.572
"MtrElec",3,18,13,"",-11.1075,0,0,0,0,0,0,0,0,0,0,0,0,0,0,0,0,0,0,0,0,453.217,0,221.926,-686.251
"MtrElec",3,18,14,"",-70.5921,0,0,0,0,0,0,0,0,0,0,0,0,0,0,0,0,0,0,0,0,372.121,0,221.926,-664.639
"MtrElec",3,18,15,"",-196.247,0,0,0,0,0,0,0,0,0,0,0,0,0,0,0,0,0,0,0,0,418.308,0,17.7352,-632.29
"MtrElec",3,18,16,"",-170.759,0,0,0,0,0,0,0,0,0,0,0,0,0,0,0,0,0,0,0,0,377.854,0,0,-548.612
"MtrElec",3,18,17,"",34.2764,0,0,0,0,0,0,0,0,0,0,0,0,0,0,0,0,0,0,0,0,438.835,0,0,-404.559
"MtrElec",3,18,18,"",249.886,0,0,0,0,0,0,0,0,0,0,0,0,0,0,0,0,0,0,0,0,462.713,0,0,-212.827
"MtrElec",3,18,19,"",197.965,0,0,0,0,0,0,0,0,0,0,0,0,0,0,0,0,0,0,0,0,454.483,0,-221.926,-34.5923
"MtrElec",3,18,20,"",202.162,0,0,0,0,0,0,0,0,0,0,0,0,0,0,0,0,0,0,0,0,424.088,0,-221.926,0
"MtrElec",3,18,21,"",143.784,0,0,0,0,0,0,0,0,0,0,0,0,0,0,0,0,0,0,0,0,365.71,0,-221.926,0
"MtrElec",3,18,22,"",253.876,0,0,0,0,0,0,0,0,0,0,0,0,0,0,0,0,0,0,0,0,305.029,0,-51.1531,0
"MtrElec",3,18,23,"",348.373,0,0,0,0,0,0,0,0,0,0,0,0,0,0,0,0,0,0,0,0,348.373,0,0,0
"MtrElec",3,18,24,"",259.885,0,0,0,0,0,0,0,0,0,0,0,0,0,0,0,0,0,0,0,0,259.885,0,0,0
"MtrElec",3,19,1,"",169.417,0,0,0,0,0,0,0,0,0,0,0,0,0,0,0,0,0,0,0,0,169.417,0,0,0
"MtrElec",3,19,2,"",150.412,0,0,0,0,0,0,0,0,0,0,0,0,0,0,0,0,0,0,0,0,150.412,0,0,0
"MtrElec",3,19,3,"",143.927,0,0,0,0,0,0,0,0,0,0,0,0,0,0,0,0,0,0,0,0,143.927,0,0,0
"MtrElec",3,19,4,"",148.39,0,0,0,0,0,0,0,0,0,0,0,0,0,0,0,0,0,0,0,0,148.39,0,0,0
"MtrElec",3,19,5,"",140.568,0,0,0,0,0,0,0,0,0,0,0,0,0,0,0,0,0,0,0,0,140.568,0,0,0
"MtrElec",3,19,6,"",193.278,0,0,0,0,0,0,0,0,0,0,0,0,0,0,0,0,0,0,0,0,193.278,0,0,0
"MtrElec",3,19,7,"",227.839,0,0,0,0,0,0,0,0,0,0,0,0,0,0,0,0,0,0,0,0,227.839,0,0,0
"MtrElec",3,19,8,"",308.285,0,0,0,0,0,0,0,0,0,0,0,0,0,0,0,0,0,0,0,0,356.569,0,0,-48.2831
"MtrElec",3,19,9,"",131.858,0,0,0,0,0,0,0,0,0,0,0,0,0,0,0,0,0,0,0,0,354.651,0,0,-222.793
"MtrElec",3,19,10,"",-7.40641,0,0,0,0,0,0,0,0,0,0,0,0,0,0,0,0,0,0,0,0,395.409,0,0,-402.815
"MtrElec",3,19,11,"",0.0000078,0,0,0,0,0,0,0,0,0,0,0,0,0,0,0,0,0,0,0,0,427.934,0,118.816,-546.75
"MtrElec",3,19,12,"",0,0,0,0,0,0,0,0,0,0,0,0,0,0,0,0,0,0,0,0,0,435.723,0,193.949,-629.673
"MtrElec",3,19,13,"",-57.2075,0,0,0,0,0,0,0,0,0,0,0,0,0,0,0,0,0,0,0,0,402.977,0,221.926,-682.11
"MtrElec",3,19,14,"",0.0000156,0,0,0,0,0,0,0,0,0,0,0,0,0,0,0,0,0,0,0,0,403.738,0,215.723,-619.461
"MtrElec",3,19,15,"",0,0,0,0,0,0,0,0,0,0,0,0,0,0,0,0,0,0,0,0,0,401.725,0,20.7046,-422.429
"MtrElec",3,19,16,"",-130.75,0,0,0,0,0,0,0,0,0,0,0,0,0,0,0,0,0,0,0,0,374.093,0,23.2637,-528.107
"MtrElec",3,19,17,"",39.3159,0,0,0,0,0,0,0,0,0,0,0,0,0,0,0,0,0,0,0,0,437.866,0,0,-398.55
"MtrElec",3,19,18,"",237.341,0,0,0,0,0,0,0,0,0,0,0,0,0,0,0,0,0,0,0,0,447.721,0,0,-210.379
"MtrElec",3,19,19,"",167.282,0,0,0,0,0,0,0,0,0,0,0,0,0,0,0,0,0,0,0,0,423.685,0,-221.926,-34.4775
"MtrElec",3,19,20,"",200.173,0,0,0,0,0,0,0,0,0,0,0,0,0,0,0,0,0,0,0,0,422.099,0,-221.926,0
"MtrElec",3,19,21,"",186.487,0,0,0,0,0,0,0,0,0,0,0,0,0,0,0,0,0,0,0,0,408.413,0,-221.926,0
"MtrElec",3,19,22,"",253.746,0,0,0,0,0,0,0,0,0,0,0,0,0,0,0,0,0,0,0,0,304.899,0,-51.1531,0
"MtrElec",3,19,23,"",237.5,0,0,0,0,0,0,0,0,0,0,0,0,0,0,0,0,0,0,0,0,237.5,0,0,0
"MtrElec",3,19,24,"",256.884,0,0,0,0,0,0,0,0,0,0,0,0,0,0,0,0,0,0,0,0,256.884,0,0,0
"MtrElec",3,20,1,"",156.821,0,0,0,0,0,0,0,0,0,0,0,0,0,0,0,0,0,0,0,0,156.821,0,0,0
"MtrElec",3,20,2,"",151.675,0,0,0,0,0,0,0,0,0,0,0,0,0,0,0,0,0,0,0,0,151.675,0,0,0
"MtrElec",3,20,3,"",143.845,0,0,0,0,0,0,0,0,0,0,0,0,0,0,0,0,0,0,0,0,143.845,0,0,0
"MtrElec",3,20,4,"",146.135,0,0,0,0,0,0,0,0,0,0,0,0,0,0,0,0,0,0,0,0,146.135,0,0,0
"MtrElec",3,20,5,"",153.154,0,0,0,0,0,0,0,0,0,0,0,0,0,0,0,0,0,0,0,0,153.154,0,0,0
"MtrElec",3,20,6,"",213.703,0,0,0,0,0,0,0,0,0,0,0,0,0,0,0,0,0,0,0,0,213.703,0,0,0
"MtrElec",3,20,7,"",254.301,0,0,0,0,0,0,0,0,0,0,0,0,0,0,0,0,0,0,0,0,254.301,0,0,0
"MtrElec",3,20,8,"",286.496,0,0,0,0,0,0,0,0,0,0,0,0,0,0,0,0,0,0,0,0,328.762,0,0,-42.266
"MtrElec",3,20,9,"",214.596,0,0,0,0,0,0,0,0,0,0,0,0,0,0,0,0,0,0,0,0,392.632,0,0,-178.036
"MtrElec",3,20,10,"",-54.7886,0,0,0,0,0,0,0,0,0,0,0,0,0,0,0,0,0,0,0,0,389.23,0,0,-444.018
"MtrElec",3,20,11,"",0.0000156,0,0,0,0,0,0,0,0,0,0,0,0,0,0,0,0,0,0,0,0,402.704,0,199.097,-601.801
"MtrElec",3,20,12,"",-56.1109,0,0,0,0,0,0,0,0,0,0,0,0,0,0,0,0,0,0,0,0,425.705,0,221.926,-703.742
"MtrElec",3,20,13,"",-76.0146,0,0,0,0,0,0,0,0,0,0,0,0,0,0,0,0,0,0,0,0,446.584,0,221.926,-744.525
"MtrElec",3,20,14,"",-255.787,0,0,0,0,0,0,0,0,0,0,0,0,0,0,0,0,0,0,0,0,337.515,0,151.434,-744.736
"MtrElec",3,20,15,"",-277.457,0,0,0,0,0,0,0,0,0,0,0,0,0,0,0,0,0,0,0,0,405.959,0,0,-683.416
"MtrElec",3,20,16,"",-147.043,0,0,0,0,0,0,0,0,0,0,0,0,0,0,0,0,0,0,0,0,426.146,0,0,-573.188
"MtrElec",3,20,17,"",20.686,0,0,0,0,0,0,0,0,0,0,0,0,0,0,0,0,0,0,0,0,444.172,0,0,-423.486
"MtrElec",3,20,18,"",191.542,0,0,0,0,0,0,0,0,0,0,0,0,0,0,0,0,0,0,0,0,418.543,0,0,-227.001
"MtrElec",3,20,19,"",147.323,0,0,0,0,0,0,0,0,0,0,0,0,0,0,0,0,0,0,0,0,406.021,0,-221.926,-36.7715
"MtrElec",3,20,20,"",227.631,0,0,0,0,0,0,0,0,0,0,0,0,0,0,0,0,0,0,0,0,449.556,0,-221.926,0
"MtrElec",3,20,21,"",223.768,0,0,0,0,0,0,0,0,0,0,0,0,0,0,0,0,0,0,0,0,445.694,0,-221.926,0
"MtrElec",3,20,22,"",236.696,0,0,0,0,0,0,0,0,0,0,0,0,0,0,0,0,0,0,0,0,287.849,0,-51.1531,0
"MtrElec",3,20,23,"",240.397,0,0,0,0,0,0,0,0,0,0,0,0,0,0,0,0,0,0,0,0,240.397,0,0,0
"MtrElec",3,20,24,"",238.813,0,0,0,0,0,0,0,0,0,0,0,0,0,0,0,0,0,0,0,0,238.813,0,0,0
"MtrElec",3,21,1,"",153.157,0,0,0,0,0,0,0,0,0,0,0,0,0,0,0,0,0,0,0,0,153.157,0,0,0
"MtrElec",3,21,2,"",150.107,0,0,0,0,0,0,0,0,0,0,0,0,0,0,0,0,0,0,0,0,150.107,0,0,0
"MtrElec",3,21,3,"",148.389,0,0,0,0,0,0,0,0,0,0,0,0,0,0,0,0,0,0,0,0,148.389,0,0,0
"MtrElec",3,21,4,"",149.446,0,0,0,0,0,0,0,0,0,0,0,0,0,0,0,0,0,0,0,0,149.446,0,0,0
"MtrElec",3,21,5,"",173.05,0,0,0,0,0,0,0,0,0,0,0,0,0,0,0,0,0,0,0,0,173.05,0,0,0
"MtrElec",3,21,6,"",149.356,0,0,0,0,0,0,0,0,0,0,0,0,0,0,0,0,0,0,0,0,149.356,0,0,0
"MtrElec",3,21,7,"",213.801,0,0,0,0,0,0,0,0,0,0,0,0,0,0,0,0,0,0,0,0,213.801,0,0,0
"MtrElec",3,21,8,"",208.24,0,0,0,0,0,0,0,0,0,0,0,0,0,0,0,0,0,0,0,0,259.297,0,0,-51.0574
"MtrElec",3,21,9,"",116.005,0,0,0,0,0,0,0,0,0,0,0,0,0,0,0,0,0,0,0,0,312.151,0,0,-196.146
"MtrElec",3,21,10,"",-94.8323,0,0,0,0,0,0,0,0,0,0,0,0,0,0,0,0,0,0,0,0,344.954,0,0,-439.786
"MtrElec",3,21,11,"",0,0,0,0,0,0,0,0,0,0,0,0,0,0,0,0,0,0,0,0,0,425.753,0,165.519,-591.273
"MtrElec",3,21,12,"",-19.3848,0,0,0,0,0,0,0,0,0,0,0,0,0,0,0,0,0,0,0,0,445.032,0,221.926,-686.342
"MtrElec",3,21,13,"",-69.2308,0,0,0,0,0,0,0,0,0,0,0,0,0,0,0,0,0,0,0,0,437.269,0,221.926,-728.426
"MtrElec",3,21,14,"",-119.52,0,0,0,0,0,0,0,0,0,0,0,0,0,0,0,0,0,0,0,0,414.592,0,185.012,-719.124
"MtrElec",3,21,15,"",-252.691,0,0,0,0,0,0,0,0,0,0,0,0,0,0,0,0,0,0,0,0,414.903,0,0,-667.594
"MtrElec",3,21,16,"",-161.437,0,0,0,0,0,0,0,0,0,0,0,0,0,0,0,0,0,0,0,0,407.201,0,0,-568.639
"MtrElec",3,21,17,"",-5.79522,0,0,0,0,0,0,0,0,0,0,0,0,0,0,0,0,0,0,0,0,412.193,0,0,-417.989
"MtrElec",3,21,18,"",206.282,0,0,0,0,0,0,0,0,0,0,0,0,0,0,0,0,0,0,0,0,430.407,0,0,-224.126
"MtrElec",3,21,19,"",202.828,0,0,0,0,0,0,0,0,0,0,0,0,0,0,0,0,0,0,0,0,462.802,0,-221.926,-38.0482
"MtrElec",3,21,20,"",140.587,0,0,0,0,0,0,0,0,0,0,0,0,0,0,0,0,0,0,0,0,362.513,0,-221.926,0
"MtrElec",3,21,21,"",101.537,0,0,0,0,0,0,0,0,0,0,0,0,0,0,0,0,0,0,0,0,323.463,0,-221.926,0
"MtrElec",3,21,22,"",281.325,0,0,0,0,0,0,0,0,0,0,0,0,0,0,0,0,0,0,0,0,332.478,0,-51.1531,0
"MtrElec",3,21,23,"",193.718,0,0,0,0,0,0,0,0,0,0,0,0,0,0,0,0,0,0,0,0,193.718,0,0,0
"MtrElec",3,21,24,"",241.023,0,0,0,0,0,0,0,0,0,0,0,0,0,0,0,0,0,0,0,0,241.023,0,0,0
"MtrElec",3,22,1,"",154.901,0,0,0,0,0,0,0,0,0,0,0,0,0,0,0,0,0,0,0,0,154.901,0,0,0
"MtrElec",3,22,2,"",149.033,0,0,0,0,0,0,0,0,0,0,0,0,0,0,0,0,0,0,0,0,149.033,0,0,0
"MtrElec",3,22,3,"",146.297,0,0,0,0,0,0,0,0,0,0,0,0,0,0,0,0,0,0,0,0,146.297,0,0,0
"MtrElec",3,22,4,"",146.658,0,0,0,0,0,0,0,0,0,0,0,0,0,0,0,0,0,0,0,0,146.658,0,0,0
"MtrElec",3,22,5,"",150.27,0,0,0,0,0,0,0,0,0,0,0,0,0,0,0,0,0,0,0,0,150.27,0,0,0
"MtrElec",3,22,6,"",147.957,0,0,0,0,0,0,0,0,0,0,0,0,0,0,0,0,0,0,0,0,147.957,0,0,0
"MtrElec",3,22,7,"",207.618,0,0,0,0,0,0,0,0,0,0,0,0,0,0,0,0,0,0,0,0,207.618,0,0,0
"MtrElec",3,22,8,"",200.927,0,0,0,0,0,0,0,0,0,0,0,0,0,0,0,0,0,0,0,0,254.769,0,0,-53.8419
"MtrElec",3,22,9,"",41.4834,0,0,0,0,0,0,0,0,0,0,0,0,0,0,0,0,0,0,0,0,283.48,0,0,-241.997
"MtrElec",3,22,10,"",-56.7191,0,0,0,0,0,0,0,0,0,0,0,0,0,0,0,0,0,0,0,0,376.393,0,0,-433.112
"MtrElec",3,22,11,"",0,0,0,0,0,0,0,0,0,0,0,0,0,0,0,0,0,0,0,0,0,372.572,0,204.917,-577.488
"MtrElec",3,22,12,"",-23.9819,0,0,0,0,0,0,0,0,0,0,0,0,0,0,0,0,0,0,0,0,412.057,0,221.926,-657.964
"MtrElec",3,22,13,"",-88.5296,0,0,0,0,0,0,0,0,0,0,0,0,0,0,0,0,0,0,0,0,400.479,0,221.926,-710.935
"MtrElec",3,22,14,"",-219.999,0,0,0,0,0,0,0,0,0,0,0,0,0,0,0,0,0,0,0,0,360.366,0,145.614,-725.98
"MtrElec",3,22,15,"",-292.033,0,0,0,0,0,0,0,0,0,0,0,0,0,0,0,0,0,0,0,0,378.744,0,0,-670.778
"MtrElec",3,22,16,"",-227.312,0,0,0,0,0,0,0,0,0,0,0,0,0,0,0,0,0,0,0,0,337.458,0,0,-564.77
"MtrElec",3,22,17,"",-73.689,0,0,0,0,0,0,0,0,0,0,0,0,0,0,0,0,0,0,0,0,341.327,0,0,-415.016
"MtrElec",3,22,18,"",147.717,0,0,0,0,0,0,0,0,0,0,0,0,0,0,0,0,0,0,0,0,368.59,0,0,-220.873
"MtrElec",3,22,19,"",101.733,0,0,0,0,0,0,0,0,0,0,0,0,0,0,0,0,0,0,0,0,361.073,0,-221.926,-37.4137
"MtrElec",3,22,20,"",146.8,0,0,0,0,0,0,0,0,0,0,0,0,0,0,0,0,0,0,0,0,368.726,0,-221.926,0
"MtrElec",3,22,21,"",106.131,0,0,0,0,0,0,0,0,0,0,0,0,0,0,0,0,0,0,0,0,328.056,0,-221.926,0
"MtrElec",3,22,22,"",249.163,0,0,0,0,0,0,0,0,0,0,0,0,0,0,0,0,0,0,0,0,300.316,0,-51.1531,0
"MtrElec",3,22,23,"",224.446,0,0,0,0,0,0,0,0,0,0,0,0,0,0,0,0,0,0,0,0,224.446,0,0,0
"MtrElec",3,22,24,"",248.238,0,0,0,0,0,0,0,0,0,0,0,0,0,0,0,0,0,0,0,0,248.238,0,0,0
"MtrElec",3,23,1,"",172.327,0,0,0,0,0,0,0,0,0,0,0,0,0,0,0,0,0,0,0,0,172.327,0,0,0
"MtrElec",3,23,2,"",153.495,0,0,0,0,0,0,0,0,0,0,0,0,0,0,0,0,0,0,0,0,153.495,0,0,0
"MtrElec",3,23,3,"",151.663,0,0,0,0,0,0,0,0,0,0,0,0,0,0,0,0,0,0,0,0,151.663,0,0,0
"MtrElec",3,23,4,"",151.763,0,0,0,0,0,0,0,0,0,0,0,0,0,0,0,0,0,0,0,0,151.763,0,0,0
"MtrElec",3,23,5,"",150.712,0,0,0,0,0,0,0,0,0,0,0,0,0,0,0,0,0,0,0,0,150.712,0,0,0
"MtrElec",3,23,6,"",195.312,0,0,0,0,0,0,0,0,0,0,0,0,0,0,0,0,0,0,0,0,195.312,0,0,0
"MtrElec",3,23,7,"",263.303,0,0,0,0,0,0,0,0,0,0,0,0,0,0,0,0,0,0,0,0,263.303,0,0,0
"MtrElec",3,23,8,"",236.243,0,0,0,0,0,0,0,0,0,0,0,0,0,0,0,0,0,0,0,0,290.186,0,0,-53.9427
"MtrElec",3,23,9,"",154.831,0,0,0,0,0,0,0,0,0,0,0,0,0,0,0,0,0,0,0,0,379.959,0,0,-225.128
"MtrElec",3,23,10,"",27.2444,0,0,0,0,0,0,0,0,0,0,0,0,0,0,0,0,0,0,0,0,409.402,0,0,-382.158
"MtrElec",3,23,11,"",0,0,0,0,0,0,0,0,0,0,0,0,0,0,0,0,0,0,0,0,0,406.454,0,93.6602,-500.114
"MtrElec",3,23,12,"",0,0,0,0,0,0,0,0,0,0,0,0,0,0,0,0,0,0,0,0,0,390.25,0,182.643,-572.893
"MtrElec",3,23,13,"",0.0000156,0,0,0,0,0,0,0,0,0,0,0,0,0,0,0,0,0,0,0,0,433.431,0,220.635,-654.065
"MtrElec",3,23,14,"",-117.86,0,0,0,0,0,0,0,0,0,0,0,0,0,0,0,0,0,0,0,0,370.504,0,221.926,-710.29
"MtrElec",3,23,15,"",-231.425,0,0,0,0,0,0,0,0,0,0,0,0,0,0,0,0,0,0,0,0,348.82,0,75.5194,-655.764
"MtrElec",3,23,16,"",-169.169,0,0,0,0,0,0,0,0,0,0,0,0,0,0,0,0,0,0,0,0,385.145,0,0,-554.315
"MtrElec",3,23,17,"",25.7227,0,0,0,0,0,0,0,0,0,0,0,0,0,0,0,0,0,0,0,0,433.154,0,0,-407.431
"MtrElec",3,23,18,"",226.327,0,0,0,0,0,0,0,0,0,0,0,0,0,0,0,0,0,0,0,0,445.189,0,0,-218.862
"MtrElec",3,23,19,"",151.35,0,0,0,0,0,0,0,0,0,0,0,0,0,0,0,0,0,0,0,0,410.832,0,-221.926,-37.5565
"MtrElec",3,23,20,"",208.157,0,0,0,0,0,0,0,0,0,0,0,0,0,0,0,0,0,0,0,0,430.083,0,-221.926,0
"MtrElec",3,23,21,"",180.854,0,0,0,0,0,0,0,0,0,0,0,0,0,0,0,0,0,0,0,0,402.779,0,-221.926,0
"MtrElec",3,23,22,"",254.742,0,0,0,0,0,0,0,0,0,0,0,0,0,0,0,0,0,0,0,0,305.895,0,-51.1531,0
"MtrElec",3,23,23,"",221.696,0,0,0,0,0,0,0,0,0,0,0,0,0,0,0,0,0,0,0,0,221.696,0,0,0
"MtrElec",3,23,24,"",238.396,0,0,0,0,0,0,0,0,0,0,0,0,0,0,0,0,0,0,0,0,238.396,0,0,0
"MtrElec",3,24,1,"",173.582,0,0,0,0,0,0,0,0,0,0,0,0,0,0,0,0,0,0,0,0,173.582,0,0,0
"MtrElec",3,24,2,"",151.887,0,0,0,0,0,0,0,0,0,0,0,0,0,0,0,0,0,0,0,0,151.887,0,0,0
"MtrElec",3,24,3,"",146.298,0,0,0,0,0,0,0,0,0,0,0,0,0,0,0,0,0,0,0,0,146.298,0,0,0
"MtrElec",3,24,4,"",144.277,0,0,0,0,0,0,0,0,0,0,0,0,0,0,0,0,0,0,0,0,144.277,0,0,0
"MtrElec",3,24,5,"",194.336,0,0,0,0,0,0,0,0,0,0,0,0,0,0,0,0,0,0,0,0,194.336,0,0,0
"MtrElec",3,24,6,"",145.035,0,0,0,0,0,0,0,0,0,0,0,0,0,0,0,0,0,0,0,0,145.035,0,0,0
"MtrElec",3,24,7,"",256.397,0,0,0,0,0,0,0,0,0,0,0,0,0,0,0,0,0,0,0,0,256.397,0,0,0
"MtrElec",3,24,8,"",230.294,0,0,0,0,0,0,0,0,0,0,0,0,0,0,0,0,0,0,0,0,287.513,0,0,-57.2186
"MtrElec",3,24,9,"",194.321,0,0,0,0,0,0,0,0,0,0,0,0,0,0,0,0,0,0,0,0,394.488,0,0,-200.166
"MtrElec",3,24,10,"",121.997,0,0,0,0,0,0,0,0,0,0,0,0,0,0,0,0,0,0,0,0,458.165,0,0,-336.168
"MtrElec",3,24,11,"",0,0,0,0,0,0,0,0,0,0,0,0,0,0,0,0,0,0,0,0,0,372.172,0,111.757,-483.929
"MtrElec",3,24,12,"",0,0,0,0,0,0,0,0,0,0,0,0,0,0,0,0,0,0,0,0,0,412.586,0,170.227,-582.812
"MtrElec",3,24,13,"",0,0,0,0,0,0,0,0,0,0,0,0,0,0,0,0,0,0,0,0,0,433.738,0,206.108,-639.845
"MtrElec",3,24,14,"",-72.7576,0,0,0,0,0,0,0,0,0,0,0,0,0,0,0,0,0,0,0,0,399.306,0,221.926,-693.989
"MtrElec",3,24,15,"",-252.503,0,0,0,0,0,0,0,0,0,0,0,0,0,0,0,0,0,0,0,0,325.74,0,84.3656,-662.608
"MtrElec",3,24,16,"",-168.301,0,0,0,0,0,0,0,0,0,0,0,0,0,0,0,0,0,0,0,0,374.479,0,0,-542.78
"MtrElec",3,24,17,"",6.70497,0,0,0,0,0,0,0,0,0,0,0,0,0,0,0,0,0,0,0,0,357.258,0,0,-350.553
"MtrElec",3,24,18,"",237.2,0,0,0,0,0,0,0,0,0,0,0,0,0,0,0,0,0,0,0,0,424.566,0,0,-187.366
"MtrElec",3,24,19,"",148.888,0,0,0,0,0,0,0,0,0,0,0,0,0,0,0,0,0,0,0,0,405.55,0,-221.926,-34.7359
"MtrElec",3,24,20,"",199.269,0,0,0,0,0,0,0,0,0,0,0,0,0,0,0,0,0,0,0,0,421.195,0,-221.926,0
"MtrElec",3,24,21,"",186.948,0,0,0,0,0,0,0,0,0,0,0,0,0,0,0,0,0,0,0,0,408.873,0,-221.926,0
"MtrElec",3,24,22,"",279.082,0,0,0,0,0,0,0,0,0,0,0,0,0,0,0,0,0,0,0,0,330.235,0,-51.1531,0
"MtrElec",3,24,23,"",265.182,0,0,0,0,0,0,0,0,0,0,0,0,0,0,0,0,0,0,0,0,265.182,0,0,0
"MtrElec",3,24,24,"",170.108,0,0,0,0,0,0,0,0,0,0,0,0,0,0,0,0,0,0,0,0,170.108,0,0,0
"MtrElec",3,25,1,"",154.41,0,0,0,0,0,0,0,0,0,0,0,0,0,0,0,0,0,0,0,0,154.41,0,0,0
"MtrElec",3,25,2,"",150.583,0,0,0,0,0,0,0,0,0,0,0,0,0,0,0,0,0,0,0,0,150.583,0,0,0
"MtrElec",3,25,3,"",194.07,0,0,0,0,0,0,0,0,0,0,0,0,0,0,0,0,0,0,0,0,194.07,0,0,0
"MtrElec",3,25,4,"",151.294,0,0,0,0,0,0,0,0,0,0,0,0,0,0,0,0,0,0,0,0,151.294,0,0,0
"MtrElec",3,25,5,"",142.367,0,0,0,0,0,0,0,0,0,0,0,0,0,0,0,0,0,0,0,0,142.367,0,0,0
"MtrElec",3,25,6,"",147.35,0,0,0,0,0,0,0,0,0,0,0,0,0,0,0,0,0,0,0,0,147.35,0,0,0
"MtrElec",3,25,7,"",259.941,0,0,0,0,0,0,0,0,0,0,0,0,0,0,0,0,0,0,0,0,259.941,0,0,0
"MtrElec",3,25,8,"",342.754,0,0,0,0,0,0,0,0,0,0,0,0,0,0,0,0,0,0,0,0,363.966,0,0,-21.2118
"MtrElec",3,25,9,"",283.689,0,0,0,0,0,0,0,0,0,0,0,0,0,0,0,0,0,0,0,0,362.42,0,0,-78.7312
"MtrElec",3,25,10,"",239.049,0,0,0,0,0,0,0,0,0,0,0,0,0,0,0,0,0,0,0,0,429.254,0,0,-190.205
"MtrElec",3,25,11,"",0,0,0,0,0,0,0,0,0,0,0,0,0,0,0,0,0,0,0,0,0,423.812,0,97.1174,-520.929
"MtrElec",3,25,12,"",-17.9402,0,0,0,0,0,0,0,0,0,0,0,0,0,0,0,0,0,0,0,0,422.208,0,221.926,-662.074
"MtrElec",3,25,13,"",-13.3651,0,0,0,0,0,0,0,0,0,0,0,0,0,0,0,0,0,0,0,0,473.837,0,221.926,-709.128
"MtrElec",3,25,14,"",-58.9827,0,0,0,0,0,0,0,0,0,0,0,0,0,0,0,0,0,0,0,0,324.214,0,221.926,-605.123
"MtrElec",3,25,15,"",-114.31,0,0,0,0,0,0,0,0,0,0,0,0,0,0,0,0,0,0,0,0,376.472,0,31.4881,-522.27
"MtrElec",3,25,16,"",-123.808,0,0,0,0,0,0,0,0,0,0,0,0,0,0,0,0,0,0,0,0,389.663,0,0,-513.471
"MtrElec",3,25,17,"",18.0676,0,0,0,0,0,0,0,0,0,0,0,0,0,0,0,0,0,0,0,0,434.174,0,0,-416.107
"MtrElec",3,25,18,"",196.082,0,0,0,0,0,0,0,0,0,0,0,0,0,0,0,0,0,0,0,0,421.88,0,0,-225.799
"MtrElec",3,25,19,"",130.907,0,0,0,0,0,0,0,0,0,0,0,0,0,0,0,0,0,0,0,0,394.617,0,-221.926,-41.7846
"MtrElec",3,25,20,"",163.179,0,0,0,0,0,0,0,0,0,0,0,0,0,0,0,0,0,0,0,0,385.104,0,-221.926,0
"MtrElec",3,25,21,"",123.929,0,0,0,0,0,0,0,0,0,0,0,0,0,0,0,0,0,0,0,0,345.854,0,-221.926,0
"MtrElec",3,25,22,"",269.556,0,0,0,0,0,0,0,0,0,0,0,0,0,0,0,0,0,0,0,0,320.709,0,-51.1531,0
"MtrElec",3,25,23,"",308.429,0,0,0,0,0,0,0,0,0,0,0,0,0,0,0,0,0,0,0,0,308.429,0,0,0
"MtrElec",3,25,24,"",204.928,0,0,0,0,0,0,0,0,0,0,0,0,0,0,0,0,0,0,0,0,204.928,0,0,0
"MtrElec",3,26,1,"",167.741,0,0,0,0,0,0,0,0,0,0,0,0,0,0,0,0,0,0,0,0,167.741,0,0,0
"MtrElec",3,26,2,"",149.267,0,0,0,0,0,0,0,0,0,0,0,0,0,0,0,0,0,0,0,0,149.267,0,0,0
"MtrElec",3,26,3,"",188.816,0,0,0,0,0,0,0,0,0,0,0,0,0,0,0,0,0,0,0,0,188.816,0,0,0
"MtrElec",3,26,4,"",151.135,0,0,0,0,0,0,0,0,0,0,0,0,0,0,0,0,0,0,0,0,151.135,0,0,0
"MtrElec",3,26,5,"",142.885,0,0,0,0,0,0,0,0,0,0,0,0,0,0,0,0,0,0,0,0,142.885,0,0,0
"MtrElec",3,26,6,"",149.362,0,0,0,0,0,0,0,0,0,0,0,0,0,0,0,0,0,0,0,0,149.362,0,0,0
"MtrElec",3,26,7,"",236.929,0,0,0,0,0,0,0,0,0,0,0,0,0,0,0,0,0,0,0,0,236.929,0,0,0
"MtrElec",3,26,8,"",247.948,0,0,0,0,0,0,0,0,0,0,0,0,0,0,0,0,0,0,0,0,308.751,0,0,-60.8035
"MtrElec",3,26,9,"",147.023,0,0,0,0,0,0,0,0,0,0,0,0,0,0,0,0,0,0,0,0,400.612,0,0,-253.589
"MtrElec",3,26,10,"",32.9979,0,0,0,0,0,0,0,0,0,0,0,0,0,0,0,0,0,0,0,0,475.953,0,0,-442.955
"MtrElec",3,26,11,"",0,0,0,0,0,0,0,0,0,0,0,0,0,0,0,0,0,0,0,0,0,415.22,0,161.032,-576.252
"MtrElec",3,26,12,"",-69.3863,0,0,0,0,0,0,0,0,0,0,0,0,0,0,0,0,0,0,0,0,373.309,0,221.926,-664.621
"MtrElec",3,26,13,"",-40.6958,0,0,0,0,0,0,0,0,0,0,0,0,0,0,0,0,0,0,0,0,455.886,0,221.926,-718.507
"MtrElec",3,26,14,"",-144.164,0,0,0,0,0,0,0,0,0,0,0,0,0,0,0,0,0,0,0,0,389.55,0,189.499,-723.213
"MtrElec",3,26,15,"",-338.873,0,0,0,0,0,0,0,0,0,0,0,0,0,0,0,0,0,0,0,0,333.504,0,0,-672.377
"MtrElec",3,26,16,"",-195.218,0,0,0,0,0,0,0,0,0,0,0,0,0,0,0,0,0,0,0,0,375.363,0,0,-570.581
"MtrElec",3,26,17,"",-58.0062,0,0,0,0,0,0,0,0,0,0,0,0,0,0,0,0,0,0,0,0,363.622,0,0,-421.628
"MtrElec",3,26,18,"",204.713,0,0,0,0,0,0,0,0,0,0,0,0,0,0,0,0,0,0,0,0,430.943,0,0,-226.23
"MtrElec",3,26,19,"",144.168,0,0,0,0,0,0,0,0,0,0,0,0,0,0,0,0,0,0,0,0,408.02,0,-221.926,-41.9265
"MtrElec",3,26,20,"",183.812,0,0,0,0,0,0,0,0,0,0,0,0,0,0,0,0,0,0,0,0,405.738,0,-221.926,0
"MtrElec",3,26,21,"",194.127,0,0,0,0,0,0,0,0,0,0,0,0,0,0,0,0,0,0,0,0,416.052,0,-221.926,0
"MtrElec",3,26,22,"",275.138,0,0,0,0,0,0,0,0,0,0,0,0,0,0,0,0,0,0,0,0,326.291,0,-51.1531,0
"MtrElec",3,26,23,"",208.771,0,0,0,0,0,0,0,0,0,0,0,0,0,0,0,0,0,0,0,0,208.771,0,0,0
"MtrElec",3,26,24,"",232.813,0,0,0,0,0,0,0,0,0,0,0,0,0,0,0,0,0,0,0,0,232.813,0,0,0
"MtrElec",3,27,1,"",159.661,0,0,0,0,0,0,0,0,0,0,0,0,0,0,0,0,0,0,0,0,159.661,0,0,0
"MtrElec",3,27,2,"",149.237,0,0,0,0,0,0,0,0,0,0,0,0,0,0,0,0,0,0,0,0,149.237,0,0,0
"MtrElec",3,27,3,"",143.383,0,0,0,0,0,0,0,0,0,0,0,0,0,0,0,0,0,0,0,0,143.383,0,0,0
"MtrElec",3,27,4,"",152.244,0,0,0,0,0,0,0,0,0,0,0,0,0,0,0,0,0,0,0,0,152.244,0,0,0
"MtrElec",3,27,5,"",140.535,0,0,0,0,0,0,0,0,0,0,0,0,0,0,0,0,0,0,0,0,140.535,0,0,0
"MtrElec",3,27,6,"",195.522,0,0,0,0,0,0,0,0,0,0,0,0,0,0,0,0,0,0,0,0,195.522,0,0,0
"MtrElec",3,27,7,"",179.556,0,0,0,0,0,0,0,0,0,0,0,0,0,0,0,0,0,0,0,0,179.556,0,0,0
"MtrElec",3,27,8,"",274.474,0,0,0,0,0,0,0,0,0,0,0,0,0,0,0,0,0,0,0,0,323.142,0,0,-48.6678
"MtrElec",3,27,9,"",216.69,0,0,0,0,0,0,0,0,0,0,0,0,0,0,0,0,0,0,0,0,373.169,0,0,-156.479
"MtrElec",3,27,10,"",149.135,0,0,0,0,0,0,0,0,0,0,0,0,0,0,0,0,0,0,0,0,420.052,0,0,-270.916
"MtrElec",3,27,11,"",14.9766,0,0,0,0,0,0,0,0,0,0,0,0,0,0,0,0,0,0,0,0,437.078,0,0,-422.102
"MtrElec",3,27,12,"",0.0000039,0,0,0,0,0,0,0,0,0,0,0,0,0,0,0,0,0,0,0,0,419.454,0,54.9657,-474.42
"MtrElec",3,27,13,"",0.0000078,0,0,0,0,0,0,0,0,0,0,0,0,0,0,0,0,0,0,0,0,456.019,0,98.8214,-554.84
"MtrElec",3,27,14,"",-11.5761,0,0,0,0,0,0,0,0,0,0,0,0,0,0,0,0,0,0,0,0,323.422,0,221.926,-556.924
"MtrElec",3,27,15,"",0,0,0,0,0,0,0,0,0,0,0,0,0,0,0,0,0,0,0,0,0,396.433,0,100.137,-496.569
"MtrElec",3,27,16,"",0,0,0,0,0,0,0,0,0,0,0,0,0,0,0,0,0,0,0,0,0,332.232,0,114.656,-446.888
"MtrElec",3,27,17,"",53.4704,0,0,0,0,0,0,0,0,0,0,0,0,0,0,0,0,0,0,0,0,404.748,0,0,-351.278
"MtrElec",3,27,18,"",266.221,0,0,0,0,0,0,0,0,0,0,0,0,0,0,0,0,0,0,0,0,421.341,0,0,-155.121
"MtrElec",3,27,19,"",133.499,0,0,0,0,0,0,0,0,0,0,0,0,0,0,0,0,0,0,0,0,393.689,0,-221.926,-38.2641
"MtrElec",3,27,20,"",183.454,0,0,0,0,0,0,0,0,0,0,0,0,0,0,0,0,0,0,0,0,405.379,0,-221.926,0
"MtrElec",3,27,21,"",306.226,0,0,0,0,0,0,0,0,0,0,0,0,0,0,0,0,0,0,0,0,395.307,0,-89.0802,0
"MtrElec",3,27,22,"",309.808,0,0,0,0,0,0,0,0,0,0,0,0,0,0,0,0,0,0,0,0,309.808,0,0,0
"MtrElec",3,27,23,"",259.336,0,0,0,0,0,0,0,0,0,0,0,0,0,0,0,0,0,0,0,0,259.336,0,0,0
"MtrElec",3,27,24,"",253.726,0,0,0,0,0,0,0,0,0,0,0,0,0,0,0,0,0,0,0,0,253.726,0,0,0
"MtrElec",3,28,1,"",165.679,0,0,0,0,0,0,0,0,0,0,0,0,0,0,0,0,0,0,0,0,165.679,0,0,0
"MtrElec",3,28,2,"",149.591,0,0,0,0,0,0,0,0,0,0,0,0,0,0,0,0,0,0,0,0,149.591,0,0,0
"MtrElec",3,28,3,"",147.469,0,0,0,0,0,0,0,0,0,0,0,0,0,0,0,0,0,0,0,0,147.469,0,0,0
"MtrElec",3,28,4,"",150.419,0,0,0,0,0,0,0,0,0,0,0,0,0,0,0,0,0,0,0,0,150.419,0,0,0
"MtrElec",3,28,5,"",165.661,0,0,0,0,0,0,0,0,0,0,0,0,0,0,0,0,0,0,0,0,165.661,0,0,0
"MtrElec",3,28,6,"",148.775,0,0,0,0,0,0,0,0,0,0,0,0,0,0,0,0,0,0,0,0,148.775,0,0,0
"MtrElec",3,28,7,"",213.911,0,0,0,0,0,0,0,0,0,0,0,0,0,0,0,0,0,0,0,0,213.911,0,0,0
"MtrElec",3,28,8,"",184.936,0,0,0,0,0,0,0,0,0,0,0,0,0,0,0,0,0,0,0,0,223.247,0,0,-38.3105
"MtrElec",3,28,9,"",216.116,0,0,0,0,0,0,0,0,0,0,0,0,0,0,0,0,0,0,0,0,343.442,0,0,-127.326
"MtrElec",3,28,10,"",249.801,0,0,0,0,0,0,0,0,0,0,0,0,0,0,0,0,0,0,0,0,433.625,0,0,-183.824
"MtrElec",3,28,11,"",104.922,0,0,0,0,0,0,0,0,0,0,0,0,0,0,0,0,0,0,0,0,417.277,0,0,-312.356
"MtrElec",3,28,12,"",117.895,0,0,0,0,0,0,0,0,0,0,0,0,0,0,0,0,0,0,0,0,485.022,0,0,-367.127
"MtrElec",3,28,13,"",0,0,0,0,0,0,0,0,0,0,0,0,0,0,0,0,0,0,0,0,0,416.592,0,85.7638,-502.355
"MtrElec",3,28,14,"",98.2149,0,0,0,0,0,0,0,0,0,0,0,0,0,0,0,0,0,0,0,0,396.276,0,0,-298.061
"MtrElec",3,28,15,"",182.424,0,0,0,0,0,0,0,0,0,0,0,0,0,0,0,0,0,0,0,0,401.408,0,0,-218.984
"MtrElec",3,28,16,"",95.9941,0,0,0,0,0,0,0,0,0,0,0,0,0,0,0,0,0,0,0,0,370.49,0,0,-274.496
"MtrElec",3,28,17,"",103.288,0,0,0,0,0,0,0,0,0,0,0,0,0,0,0,0,0,0,0,0,384.405,0,0,-281.117
"MtrElec",3,28,18,"",331.9,0,0,0,0,0,0,0,0,0,0,0,0,0,0,0,0,0,0,0,0,438.712,0,0,-106.813
"MtrElec",3,28,19,"",272.001,0,0,0,0,0,0,0,0,0,0,0,0,0,0,0,0,0,0,0,0,374.943,0,-77.4018,-25.5404
"MtrElec",3,28,20,"",374.11,0,0,0,0,0,0,0,0,0,0,0,0,0,0,0,0,0,0,0,0,374.11,0,0,0
"MtrElec",3,28,21,"",293.08,0,0,0,0,0,0,0,0,0,0,0,0,0,0,0,0,0,0,0,0,293.08,0,0,0
"MtrElec",3,28,22,"",325.294,0,0,0,0,0,0,0,0,0,0,0,0,0,0,0,0,0,0,0,0,325.294,0,0,0
"MtrElec",3,28,23,"",225.46,0,0,0,0,0,0,0,0,0,0,0,0,0,0,0,0,0,0,0,0,225.46,0,0,0
"MtrElec",3,28,24,"",206.746,0,0,0,0,0,0,0,0,0,0,0,0,0,0,0,0,0,0,0,0,206.746,0,0,0
"MtrElec",3,29,1,"",159.664,0,0,0,0,0,0,0,0,0,0,0,0,0,0,0,0,0,0,0,0,159.664,0,0,0
"MtrElec",3,29,2,"",148.275,0,0,0,0,0,0,0,0,0,0,0,0,0,0,0,0,0,0,0,0,148.275,0,0,0
"MtrElec",3,29,3,"",150.819,0,0,0,0,0,0,0,0,0,0,0,0,0,0,0,0,0,0,0,0,150.819,0,0,0
"MtrElec",3,29,4,"",201.314,0,0,0,0,0,0,0,0,0,0,0,0,0,0,0,0,0,0,0,0,201.314,0,0,0
"MtrElec",3,29,5,"",166.007,0,0,0,0,0,0,0,0,0,0,0,0,0,0,0,0,0,0,0,0,166.007,0,0,0
"MtrElec",3,29,6,"",151.936,0,0,0,0,0,0,0,0,0,0,0,0,0,0,0,0,0,0,0,0,151.936,0,0,0
"MtrElec",3,29,7,"",161.8,0,0,0,0,0,0,0,0,0,0,0,0,0,0,0,0,0,0,0,0,161.8,0,0,0
"MtrElec",3,29,8,"",180.661,0,0,0,0,0,0,0,0,0,0,0,0,0,0,0,0,0,0,0,0,236.461,0,0,-55.7991
"MtrElec",3,29,9,"",143.383,0,0,0,0,0,0,0,0,0,0,0,0,0,0,0,0,0,0,0,0,301.007,0,0,-157.625
"MtrElec",3,29,10,"",160.406,0,0,0,0,0,0,0,0,0,0,0,0,0,0,0,0,0,0,0,0,379.577,0,0,-219.171
"MtrElec",3,29,11,"",104.153,0,0,0,0,0,0,0,0,0,0,0,0,0,0,0,0,0,0,0,0,371.026,0,0,-266.873
"MtrElec",3,29,12,"",0,0,0,0,0,0,0,0,0,0,0,0,0,0,0,0,0,0,0,0,0,347.967,0,120.164,-468.131
"MtrElec",3,29,13,"",0,0,0,0,0,0,0,0,0,0,0,0,0,0,0,0,0,0,0,0,0,397.757,0,61.1485,-458.905
"MtrElec",3,29,14,"",-48.0883,0,0,0,0,0,0,0,0,0,0,0,0,0,0,0,0,0,0,0,0,320,0,221.926,-590.014
"MtrElec",3,29,15,"",0,0,0,0,0,0,0,0,0,0,0,0,0,0,0,0,0,0,0,0,0,282.337,0,109.765,-392.102
"MtrElec",3,29,16,"",40.4941,0,0,0,0,0,0,0,0,0,0,0,0,0,0,0,0,0,0,0,0,308.198,0,0,-267.704
"MtrElec",3,29,17,"",52.2055,0,0,0,0,0,0,0,0,0,0,0,0,0,0,0,0,0,0,0,0,280.276,0,0,-228.071
"MtrElec",3,29,18,"",119.343,0,0,0,0,0,0,0,0,0,0,0,0,0,0,0,0,0,0,0,0,337.823,0,0,-218.481
"MtrElec",3,29,19,"",92.6001,0,0,0,0,0,0,0,0,0,0,0,0,0,0,0,0,0,0,0,0,357.203,0,-221.926,-42.6775
"MtrElec",3,29,20,"",83.0513,0,0,0,0,0,0,0,0,0,0,0,0,0,0,0,0,0,0,0,0,304.977,0,-221.926,0
"MtrElec",3,29,21,"",278.814,0,0,0,0,0,0,0,0,0,0,0,0,0,0,0,0,0,0,0,0,297.948,0,-19.1336,0
"MtrElec",3,29,22,"",247.492,0,0,0,0,0,0,0,0,0,0,0,0,0,0,0,0,0,0,0,0,247.492,0,0,0
"MtrElec",3,29,23,"",225.691,0,0,0,0,0,0,0,0,0,0,0,0,0,0,0,0,0,0,0,0,225.691,0,0,0
"MtrElec",3,29,24,"",190.414,0,0,0,0,0,0,0,0,0,0,0,0,0,0,0,0,0,0,0,0,190.414,0,0,0
"MtrElec",3,30,1,"",204.229,0,0,0,0,0,0,0,0,0,0,0,0,0,0,0,0,0,0,0,0,204.229,0,0,0
"MtrElec",3,30,2,"",151.461,0,0,0,0,0,0,0,0,0,0,0,0,0,0,0,0,0,0,0,0,151.461,0,0,0
"MtrElec",3,30,3,"",145.838,0,0,0,0,0,0,0,0,0,0,0,0,0,0,0,0,0,0,0,0,145.838,0,0,0
"MtrElec",3,30,4,"",145.632,0,0,0,0,0,0,0,0,0,0,0,0,0,0,0,0,0,0,0,0,145.632,0,0,0
"MtrElec",3,30,5,"",142.869,0,0,0,0,0,0,0,0,0,0,0,0,0,0,0,0,0,0,0,0,142.869,0,0,0
"MtrElec",3,30,6,"",147.527,0,0,0,0,0,0,0,0,0,0,0,0,0,0,0,0,0,0,0,0,147.527,0,0,0
"MtrElec",3,30,7,"",253.752,0,0,0,0,0,0,0,0,0,0,0,0,0,0,0,0,0,0,0,0,253.752,0,0,0
"MtrElec",3,30,8,"",322.278,0,0,0,0,0,0,0,0,0,0,0,0,0,0,0,0,0,0,0,0,387.353,0,0,-65.0754
"MtrElec",3,30,9,"",118.6,0,0,0,0,0,0,0,0,0,0,0,0,0,0,0,0,0,0,0,0,358.032,0,0,-239.433
"MtrElec",3,30,10,"",73.7431,0,0,0,0,0,0,0,0,0,0,0,0,0,0,0,0,0,0,0,0,420.229,0,0,-346.486
"MtrElec",3,30,11,"",0,0,0,0,0,0,0,0,0,0,0,0,0,0,0,0,0,0,0,0,0,455.736,0,17.1189,-472.855
"MtrElec",3,30,12,"",-2.53894,0,0,0,0,0,0,0,0,0,0,0,0,0,0,0,0,0,0,0,0,444.656,0,221.926,-669.121
"MtrElec",3,30,13,"",-52.7045,0,0,0,0,0,0,0,0,0,0,0,0,0,0,0,0,0,0,0,0,439.644,0,221.926,-714.274
"MtrElec",3,30,14,"",-123.614,0,0,0,0,0,0,0,0,0,0,0,0,0,0,0,0,0,0,0,0,369.064,0,221.926,-714.604
"MtrElec",3,30,15,"",-209.014,0,0,0,0,0,0,0,0,0,0,0,0,0,0,0,0,0,0,0,0,341.596,0,111.487,-662.097
"MtrElec",3,30,16,"",-159.106,0,0,0,0,0,0,0,0,0,0,0,0,0,0,0,0,0,0,0,0,399.452,0,0,-558.558
"MtrElec",3,30,17,"",42.1258,0,0,0,0,0,0,0,0,0,0,0,0,0,0,0,0,0,0,0,0,450.706,0,0,-408.58
"MtrElec",3,30,18,"",148.623,0,0,0,0,0,0,0,0,0,0,0,0,0,0,0,0,0,0,0,0,369.924,0,0,-221.301
"MtrElec",3,30,19,"",121.789,0,0,0,0,0,0,0,0,0,0,0,0,0,0,0,0,0,0,0,0,388.687,0,-221.926,-44.9727
"MtrElec",3,30,20,"",163.68,0,0,0,0,0,0,0,0,0,0,0,0,0,0,0,0,0,0,0,0,385.606,0,-221.926,0
"MtrElec",3,30,21,"",163.196,0,0,0,0,0,0,0,0,0,0,0,0,0,0,0,0,0,0,0,0,385.121,0,-221.926,0
"MtrElec",3,30,22,"",283.321,0,0,0,0,0,0,0,0,0,0,0,0,0,0,0,0,0,0,0,0,334.474,0,-51.1531,0
"MtrElec",3,30,23,"",282.84,0,0,0,0,0,0,0,0,0,0,0,0,0,0,0,0,0,0,0,0,282.84,0,0,0
"MtrElec",3,30,24,"",256.03,0,0,0,0,0,0,0,0,0,0,0,0,0,0,0,0,0,0,0,0,256.03,0,0,0
"MtrElec",3,31,1,"",169.977,0,0,0,0,0,0,0,0,0,0,0,0,0,0,0,0,0,0,0,0,169.977,0,0,0
"MtrElec",3,31,2,"",148.534,0,0,0,0,0,0,0,0,0,0,0,0,0,0,0,0,0,0,0,0,148.534,0,0,0
"MtrElec",3,31,3,"",145.719,0,0,0,0,0,0,0,0,0,0,0,0,0,0,0,0,0,0,0,0,145.719,0,0,0
"MtrElec",3,31,4,"",145.026,0,0,0,0,0,0,0,0,0,0,0,0,0,0,0,0,0,0,0,0,145.026,0,0,0
"MtrElec",3,31,5,"",143.723,0,0,0,0,0,0,0,0,0,0,0,0,0,0,0,0,0,0,0,0,143.723,0,0,0
"MtrElec",3,31,6,"",214.781,0,0,0,0,0,0,0,0,0,0,0,0,0,0,0,0,0,0,0,0,214.781,0,0,0
"MtrElec",3,31,7,"",192.5,0,0,0,0,0,0,0,0,0,0,0,0,0,0,0,0,0,0,0,0,192.5,0,0,0
"MtrElec",3,31,8,"",217.922,0,0,0,0,0,0,0,0,0,0,0,0,0,0,0,0,0,0,0,0,288.503,0,0,-70.5805
"MtrElec",3,31,9,"",135.115,0,0,0,0,0,0,0,0,0,0,0,0,0,0,0,0,0,0,0,0,404.325,0,0,-269.21
"MtrElec",3,31,10,"",31.3615,0,0,0,0,0,0,0,0,0,0,0,0,0,0,0,0,0,0,0,0,491.205,0,0,-459.843
"MtrElec",3,31,11,"",0,0,0,0,0,0,0,0,0,0,0,0,0,0,0,0,0,0,0,0,0,501.643,0,103.06,-604.702
"MtrElec",3,31,12,"",0,0,0,0,0,0,0,0,0,0,0,0,0,0,0,0,0,0,0,0,0,496.245,0,198.493,-694.737
"MtrElec",3,31,13,"",-13.0414,0,0,0,0,0,0,0,0,0,0,0,0,0,0,0,0,0,0,0,0,501.892,0,221.926,-736.859
"MtrElec",3,31,14,"",-50.2617,0,0,0,0,0,0,0,0,0,0,0,0,0,0,0,0,0,0,0,0,465.481,0,221.926,-737.668
"MtrElec",3,31,15,"",-150.03,0,0,0,0,0,0,0,0,0,0,0,0,0,0,0,0,0,0,0,0,484.483,0,48.9791,-683.492
"MtrElec",3,31,16,"",-133.145,0,0,0,0,0,0,0,0,0,0,0,0,0,0,0,0,0,0,0,0,439.859,0,0,-573.003
"MtrElec",3,31,17,"",31.3587,0,0,0,0,0,0,0,0,0,0,0,0,0,0,0,0,0,0,0,0,452.027,0,0,-420.668
"MtrElec",3,31,18,"",287.511,0,0,0,0,0,0,0,0,0,0,0,0,0,0,0,0,0,0,0,0,512.841,0,0,-225.33
"MtrElec",3,31,19,"",249.443,0,0,0,0,0,0,0,0,0,0,0,0,0,0,0,0,0,0,0,0,515.639,0,-221.926,-44.2706
"MtrElec",3,31,20,"",169.177,0,0,0,0,0,0,0,0,0,0,0,0,0,0,0,0,0,0,0,0,391.103,0,-221.926,0
"MtrElec",3,31,21,"",151.233,0,0,0,0,0,0,0,0,0,0,0,0,0,0,0,0,0,0,0,0,373.158,0,-221.926,0
"MtrElec",3,31,22,"",221.589,0,0,0,0,0,0,0,0,0,0,0,0,0,0,0,0,0,0,0,0,272.742,0,-51.1531,0
"MtrElec",3,31,23,"",215.813,0,0,0,0,0,0,0,0,0,0,0,0,0,0,0,0,0,0,0,0,215.813,0,0,0
"MtrElec",3,31,24,"",195.61,0,0,0,0,0,0,0,0,0,0,0,0,0,0,0,0,0,0,0,0,195.61,0,0,0
"MtrElec",4,1,1,"",150.261,0,0,0,0,0,0,0,0,0,0,0,0,0,0,0,0,0,0,0,0,150.261,0,0,0
"MtrElec",4,1,2,"",153.818,0,0,0,0,0,0,0,0,0,0,0,0,0,0,0,0,0,0,0,0,153.818,0,0,0
"MtrElec",4,1,3,"",187.652,0,0,0,0,0,0,0,0,0,0,0,0,0,0,0,0,0,0,0,0,187.652,0,0,0
"MtrElec",4,1,4,"",144.024,0,0,0,0,0,0,0,0,0,0,0,0,0,0,0,0,0,0,0,0,144.024,0,0,0
"MtrElec",4,1,5,"",141.37,0,0,0,0,0,0,0,0,0,0,0,0,0,0,0,0,0,0,0,0,141.37,0,0,0
"MtrElec",4,1,6,"",170.101,0,0,0,0,0,0,0,0,0,0,0,0,0,0,0,0,0,0,0,0,170.101,0,0,0
"MtrElec",4,1,7,"",216.713,0,0,0,0,0,0,0,0,0,0,0,0,0,0,0,0,0,0,0,0,216.713,0,0,0
"MtrElec",4,1,8,"",314.425,0,0,0,0,0,0,0,0,0,0,0,0,0,0,0,0,0,0,0,0,351.024,0,0,-36.599
"MtrElec",4,1,9,"",209.752,0,0,0,0,0,0,0,0,0,0,0,0,0,0,0,0,0,0,0,0,335.211,0,0,-125.459
"MtrElec",4,1,10,"",99.3592,0,0,0,0,0,0,0,0,0,0,0,0,0,0,0,0,0,0,0,0,411.269,0,0,-311.909
"MtrElec",4,1,11,"",0,0,0,0,0,0,0,0,0,0,0,0,0,0,0,0,0,0,0,0,0,449.676,0,0.562406,-450.238
"MtrElec",4,1,12,"",0.0000156,0,0,0,0,0,0,0,0,0,0,0,0,0,0,0,0,0,0,0,0,364.795,0,194.246,-559.041
"MtrElec",4,1,13,"",0,0,0,0,0,0,0,0,0,0,0,0,0,0,0,0,0,0,0,0,0,439.61,0,179.749,-619.359
"MtrElec",4,1,14,"",-24.2302,0,0,0,0,0,0,0,0,0,0,0,0,0,0,0,0,0,0,0,0,369.743,0,221.926,-615.899
"MtrElec",4,1,15,"",-3.52339,0,0,0,0,0,0,0,0,0,0,0,0,0,0,0,0,0,0,0,0,332.162,0,197.899,-533.584
"MtrElec",4,1,16,"",54.9584,0,0,0,0,0,0,0,0,0,0,0,0,0,0,0,0,0,0,0,0,377.209,0,0,-322.25
"MtrElec",4,1,17,"",118.33,0,0,0,0,0,0,0,0,0,0,0,0,0,0,0,0,0,0,0,0,363.683,0,0,-245.353
"MtrElec",4,1,18,"",242.774,0,0,0,0,0,0,0,0,0,0,0,0,0,0,0,0,0,0,0,0,401.663,0,0,-158.89
"MtrElec",4,1,19,"",115.864,0,0,0,0,0,0,0,0,0,0,0,0,0,0,0,0,0,0,0,0,378.874,0,-221.926,-41.0844
"MtrElec",4,1,20,"",165.171,0,0,0,0,0,0,0,0,0,0,0,0,0,0,0,0,0,0,0,0,387.097,0,-221.926,0
"MtrElec",4,1,21,"",138.383,0,0,0,0,0,0,0,0,0,0,0,0,0,0,0,0,0,0,0,0,360.308,0,-221.926,0
"MtrElec",4,1,22,"",241.029,0,0,0,0,0,0,0,0,0,0,0,0,0,0,0,0,0,0,0,0,292.182,0,-51.1531,0
"MtrElec",4,1,23,"",322.722,0,0,0,0,0,0,0,0,0,0,0,0,0,0,0,0,0,0,0,0,322.722,0,0,0
"MtrElec",4,1,24,"",227.507,0,0,0,0,0,0,0,0,0,0,0,0,0,0,0,0,0,0,0,0,227.507,0,0,0
"MtrElec",4,2,1,"",154.835,0,0,0,0,0,0,0,0,0,0,0,0,0,0,0,0,0,0,0,0,154.835,0,0,0
"MtrElec",4,2,2,"",192.368,0,0,0,0,0,0,0,0,0,0,0,0,0,0,0,0,0,0,0,0,192.368,0,0,0
"MtrElec",4,2,3,"",144.339,0,0,0,0,0,0,0,0,0,0,0,0,0,0,0,0,0,0,0,0,144.339,0,0,0
"MtrElec",4,2,4,"",145.03,0,0,0,0,0,0,0,0,0,0,0,0,0,0,0,0,0,0,0,0,145.03,0,0,0
"MtrElec",4,2,5,"",142.358,0,0,0,0,0,0,0,0,0,0,0,0,0,0,0,0,0,0,0,0,142.358,0,0,0
"MtrElec",4,2,6,"",148.616,0,0,0,0,0,0,0,0,0,0,0,0,0,0,0,0,0,0,0,0,148.616,0,0,0
"MtrElec",4,2,7,"",236.032,0,0,0,0,0,0,0,0,0,0,0,0,0,0,0,0,0,0,0,0,236.032,0,0,0
"MtrElec",4,2,8,"",343.53,0,0,0,0,0,0,0,0,0,0,0,0,0,0,0,0,0,0,0,0,350.669,0,0,-7.13889
"MtrElec",4,2,9,"",349.659,0,0,0,0,0,0,0,0,0,0,0,0,0,0,0,0,0,0,0,0,384.156,0,0,-34.4969
"MtrElec",4,2,10,"",317.557,0,0,0,0,0,0,0,0,0,0,0,0,0,0,0,0,0,0,0,0,416.909,0,0,-99.3515
"MtrElec",4,2,11,"",212.262,0,0,0,0,0,0,0,0,0,0,0,0,0,0,0,0,0,0,0,0,413.763,0,0,-201.501
"MtrElec",4,2,12,"",0,0,0,0,0,0,0,0,0,0,0,0,0,0,0,0,0,0,0,0,0,400.77,0,58.4182,-459.188
"MtrElec",4,2,13,"",0,0,0,0,0,0,0,0,0,0,0,0,0,0,0,0,0,0,0,0,0,444.035,0,181.413,-625.449
"MtrElec",4,2,14,"",-117.427,0,0,0,0,0,0,0,0,0,0,0,0,0,0,0,0,0,0,0,0,324.085,0,221.926,-663.438
"MtrElec",4,2,15,"",0.0000156,0,0,0,0,0,0,0,0,0,0,0,0,0,0,0,0,0,0,0,0,384.487,0,216.71,-601.196
"MtrElec",4,2,16,"",-0.12532,0,0,0,0,0,0,0,0,0,0,0,0,0,0,0,0,0,0,0,0,399.916,0,115.916,-515.957
"MtrElec",4,2,17,"",-6.08181,0,0,0,0,0,0,0,0,0,0,0,0,0,0,0,0,0,0,0,0,381.382,0,0,-387.464
"MtrElec",4,2,18,"",202.458,0,0,0,0,0,0,0,0,0,0,0,0,0,0,0,0,0,0,0,0,406.877,0,0,-204.419
"MtrElec",4,2,19,"",114.301,0,0,0,0,0,0,0,0,0,0,0,0,0,0,0,0,0,0,0,0,385.364,0,-221.926,-49.1369
"MtrElec",4,2,20,"",111.295,0,0,0,0,0,0,0,0,0,0,0,0,0,0,0,0,0,0,0,0,333.221,0,-221.926,0
"MtrElec",4,2,21,"",134.448,0,0,0,0,0,0,0,0,0,0,0,0,0,0,0,0,0,0,0,0,356.374,0,-221.926,0
"MtrElec",4,2,22,"",254.833,0,0,0,0,0,0,0,0,0,0,0,0,0,0,0,0,0,0,0,0,305.986,0,-51.1531,0
"MtrElec",4,2,23,"",252.93,0,0,0,0,0,0,0,0,0,0,0,0,0,0,0,0,0,0,0,0,252.93,0,0,0
"MtrElec",4,2,24,"",198.842,0,0,0,0,0,0,0,0,0,0,0,0,0,0,0,0,0,0,0,0,198.842,0,0,0
"MtrElec",4,3,1,"",162.846,0,0,0,0,0,0,0,0,0,0,0,0,0,0,0,0,0,0,0,0,162.846,0,0,0
"MtrElec",4,3,2,"",150.539,0,0,0,0,0,0,0,0,0,0,0,0,0,0,0,0,0,0,0,0,150.539,0,0,0
"MtrElec",4,3,3,"",186.868,0,0,0,0,0,0,0,0,0,0,0,0,0,0,0,0,0,0,0,0,186.868,0,0,0
"MtrElec",4,3,4,"",159.091,0,0,0,0,0,0,0,0,0,0,0,0,0,0,0,0,0,0,0,0,159.091,0,0,0
"MtrElec",4,3,5,"",139.799,0,0,0,0,0,0,0,0,0,0,0,0,0,0,0,0,0,0,0,0,139.799,0,0,0
"MtrElec",4,3,6,"",148.082,0,0,0,0,0,0,0,0,0,0,0,0,0,0,0,0,0,0,0,0,148.082,0,0,0
"MtrElec",4,3,7,"",237.815,0,0,0,0,0,0,0,0,0,0,0,0,0,0,0,0,0,0,0,0,237.815,0,0,0
"MtrElec",4,3,8,"",287.174,0,0,0,0,0,0,0,0,0,0,0,0,0,0,0,0,0,0,0,0,359.616,0,0,-72.4414
"MtrElec",4,3,9,"",120.903,0,0,0,0,0,0,0,0,0,0,0,0,0,0,0,0,0,0,0,0,330.232,0,0,-209.329
"MtrElec",4,3,10,"",47.7258,0,0,0,0,0,0,0,0,0,0,0,0,0,0,0,0,0,0,0,0,415.213,0,0,-367.487
"MtrElec",4,3,11,"",0,0,0,0,0,0,0,0,0,0,0,0,0,0,0,0,0,0,0,0,0,406.041,0,82.2738,-488.315
"MtrElec",4,3,12,"",-6.84438,0,0,0,0,0,0,0,0,0,0,0,0,0,0,0,0,0,0,0,0,403.387,0,221.926,-632.157
"MtrElec",4,3,13,"",0,0,0,0,0,0,0,0,0,0,0,0,0,0,0,0,0,0,0,0,0,474.134,0,213.82,-687.953
"MtrElec",4,3,14,"",-106.236,0,0,0,0,0,0,0,0,0,0,0,0,0,0,0,0,0,0,0,0,335.648,0,221.926,-663.809
"MtrElec",4,3,15,"",-170.682,0,0,0,0,0,0,0,0,0,0,0,0,0,0,0,0,0,0,0,0,387.561,0,54.4378,-612.681
"MtrElec",4,3,16,"",-142.923,0,0,0,0,0,0,0,0,0,0,0,0,0,0,0,0,0,0,0,0,401.582,0,0,-544.504
"MtrElec",4,3,17,"",-20.1423,0,0,0,0,0,0,0,0,0,0,0,0,0,0,0,0,0,0,0,0,381.228,0,0,-401.37
"MtrElec",4,3,18,"",188.26,0,0,0,0,0,0,0,0,0,0,0,0,0,0,0,0,0,0,0,0,407.293,0,0,-219.033
"MtrElec",4,3,19,"",132.855,0,0,0,0,0,0,0,0,0,0,0,0,0,0,0,0,0,0,0,0,401.926,0,-221.926,-47.1454
"MtrElec",4,3,20,"",193.175,0,0,0,0,0,0,0,0,0,0,0,0,0,0,0,0,0,0,0,0,415.1,0,-221.926,0
"MtrElec",4,3,21,"",161.319,0,0,0,0,0,0,0,0,0,0,0,0,0,0,0,0,0,0,0,0,383.245,0,-221.926,0
"MtrElec",4,3,22,"",254.471,0,0,0,0,0,0,0,0,0,0,0,0,0,0,0,0,0,0,0,0,305.624,0,-51.1531,0
"MtrElec",4,3,23,"",291.603,0,0,0,0,0,0,0,0,0,0,0,0,0,0,0,0,0,0,0,0,291.603,0,0,0
"MtrElec",4,3,24,"",202.398,0,0,0,0,0,0,0,0,0,0,0,0,0,0,0,0,0,0,0,0,202.398,0,0,0
"MtrElec",4,4,1,"",198.381,0,0,0,0,0,0,0,0,0,0,0,0,0,0,0,0,0,0,0,0,198.381,0,0,0
"MtrElec",4,4,2,"",154.733,0,0,0,0,0,0,0,0,0,0,0,0,0,0,0,0,0,0,0,0,154.733,0,0,0
"MtrElec",4,4,3,"",147.265,0,0,0,0,0,0,0,0,0,0,0,0,0,0,0,0,0,0,0,0,147.265,0,0,0
"MtrElec",4,4,4,"",149.109,0,0,0,0,0,0,0,0,0,0,0,0,0,0,0,0,0,0,0,0,149.109,0,0,0
"MtrElec",4,4,5,"",164.805,0,0,0,0,0,0,0,0,0,0,0,0,0,0,0,0,0,0,0,0,164.805,0,0,0
"MtrElec",4,4,6,"",202.334,0,0,0,0,0,0,0,0,0,0,0,0,0,0,0,0,0,0,0,0,202.334,0,0,0
"MtrElec",4,4,7,"",169.139,0,0,0,0,0,0,0,0,0,0,0,0,0,0,0,0,0,0,0,0,169.139,0,0,0
"MtrElec",4,4,8,"",231.586,0,0,0,0,0,0,0,0,0,0,0,0,0,0,0,0,0,0,0,0,266.424,0,0,-34.8382
"MtrElec",4,4,9,"",189.351,0,0,0,0,0,0,0,0,0,0,0,0,0,0,0,0,0,0,0,0,316.277,0,0,-126.926
"MtrElec",4,4,10,"",78.9099,0,0,0,0,0,0,0,0,0,0,0,0,0,0,0,0,0,0,0,0,389.694,0,0,-310.784
"MtrElec",4,4,11,"",14.5738,0,0,0,0,0,0,0,0,0,0,0,0,0,0,0,0,0,0,0,0,441.876,0,0,-427.302
"MtrElec",4,4,12,"",0,0,0,0,0,0,0,0,0,0,0,0,0,0,0,0,0,0,0,0,0,414.346,0,145.757,-560.104
"MtrElec",4,4,13,"",0.0000156,0,0,0,0,0,0,0,0,0,0,0,0,0,0,0,0,0,0,0,0,439.006,0,205.914,-644.92
"MtrElec",4,4,14,"",-61.8821,0,0,0,0,0,0,0,0,0,0,0,0,0,0,0,0,0,0,0,0,406.884,0,221.926,-690.692
"MtrElec",4,4,15,"",-31.2048,0,0,0,0,0,0,0,0,0,0,0,0,0,0,0,0,0,0,0,0,396.955,0,220.786,-648.945
"MtrElec",4,4,16,"",-172.296,0,0,0,0,0,0,0,0,0,0,0,0,0,0,0,0,0,0,0,0,379.416,0,0,-551.712
"MtrElec",4,4,17,"",5.31759,0,0,0,0,0,0,0,0,0,0,0,0,0,0,0,0,0,0,0,0,405.697,0,0,-400.379
"MtrElec",4,4,18,"",201.4,0,0,0,0,0,0,0,0,0,0,0,0,0,0,0,0,0,0,0,0,422.713,0,0,-221.313
"MtrElec",4,4,19,"",190.189,0,0,0,0,0,0,0,0,0,0,0,0,0,0,0,0,0,0,0,0,455.954,0,-221.926,-43.8394
"MtrElec",4,4,20,"",185.17,0,0,0,0,0,0,0,0,0,0,0,0,0,0,0,0,0,0,0,0,407.096,0,-221.926,0
"MtrElec",4,4,21,"",143.296,0,0,0,0,0,0,0,0,0,0,0,0,0,0,0,0,0,0,0,0,365.222,0,-221.926,0
"MtrElec",4,4,22,"",267.222,0,0,0,0,0,0,0,0,0,0,0,0,0,0,0,0,0,0,0,0,318.376,0,-51.1531,0
"MtrElec",4,4,23,"",252.65,0,0,0,0,0,0,0,0,0,0,0,0,0,0,0,0,0,0,0,0,252.65,0,0,0
"MtrElec",4,4,24,"",265.798,0,0,0,0,0,0,0,0,0,0,0,0,0,0,0,0,0,0,0,0,265.798,0,0,0
"MtrElec",4,5,1,"",168.378,0,0,0,0,0,0,0,0,0,0,0,0,0,0,0,0,0,0,0,0,168.378,0,0,0
"MtrElec",4,5,2,"",145.58,0,0,0,0,0,0,0,0,0,0,0,0,0,0,0,0,0,0,0,0,145.58,0,0,0
"MtrElec",4,5,3,"",145.393,0,0,0,0,0,0,0,0,0,0,0,0,0,0,0,0,0,0,0,0,145.393,0,0,0
"MtrElec",4,5,4,"",145.062,0,0,0,0,0,0,0,0,0,0,0,0,0,0,0,0,0,0,0,0,145.062,0,0,0
"MtrElec",4,5,5,"",156.532,0,0,0,0,0,0,0,0,0,0,0,0,0,0,0,0,0,0,0,0,156.532,0,0,0
"MtrElec",4,5,6,"",187.386,0,0,0,0,0,0,0,0,0,0,0,0,0,0,0,0,0,0,0,0,187.386,0,0,0
"MtrElec",4,5,7,"",161.242,0,0,0,0,0,0,0,0,0,0,0,0,0,0,0,0,0,0,0,0,161.242,0,0,0
"MtrElec",4,5,8,"",217.25,0,0,0,0,0,0,0,0,0,0,0,0,0,0,0,0,0,0,0,0,250.959,0,0,-33.7091
"MtrElec",4,5,9,"",231.462,0,0,0,0,0,0,0,0,0,0,0,0,0,0,0,0,0,0,0,0,329.478,0,0,-98.016
"MtrElec",4,5,10,"",230.218,0,0,0,0,0,0,0,0,0,0,0,0,0,0,0,0,0,0,0,0,375.496,0,0,-145.278
"MtrElec",4,5,11,"",61.5285,0,0,0,0,0,0,0,0,0,0,0,0,0,0,0,0,0,0,0,0,409.76,0,0,-348.232
"MtrElec",4,5,12,"",0,0,0,0,0,0,0,0,0,0,0,0,0,0,0,0,0,0,0,0,0,367.75,0,196.679,-564.429
"MtrElec",4,5,13,"",0,0,0,0,0,0,0,0,0,0,0,0,0,0,0,0,0,0,0,0,0,404.594,0,208.272,-612.867
"MtrElec",4,5,14,"",-64.0878,0,0,0,0,0,0,0,0,0,0,0,0,0,0,0,0,0,0,0,0,351.444,0,221.926,-637.457
"MtrElec",4,5,15,"",-75.499,0,0,0,0,0,0,0,0,0,0,0,0,0,0,0,0,0,0,0,0,375.977,0,167.505,-618.981
"MtrElec",4,5,16,"",-175.741,0,0,0,0,0,0,0,0,0,0,0,0,0,0,0,0,0,0,0,0,326.653,0,0,-502.394
"MtrElec",4,5,17,"",-26.438,0,0,0,0,0,0,0,0,0,0,0,0,0,0,0,0,0,0,0,0,338.29,0,0,-364.728
"MtrElec",4,5,18,"",141.515,0,0,0,0,0,0,0,0,0,0,0,0,0,0,0,0,0,0,0,0,345.049,0,0,-203.535
"MtrElec",4,5,19,"",86.5223,0,0,0,0,0,0,0,0,0,0,0,0,0,0,0,0,0,0,0,0,352.921,0,-221.926,-44.473
"MtrElec",4,5,20,"",116.602,0,0,0,0,0,0,0,0,0,0,0,0,0,0,0,0,0,0,0,0,338.527,0,-221.926,0
"MtrElec",4,5,21,"",78.634,0,0,0,0,0,0,0,0,0,0,0,0,0,0,0,0,0,0,0,0,300.56,0,-221.926,0
"MtrElec",4,5,22,"",244.316,0,0,0,0,0,0,0,0,0,0,0,0,0,0,0,0,0,0,0,0,295.469,0,-51.1531,0
"MtrElec",4,5,23,"",255.355,0,0,0,0,0,0,0,0,0,0,0,0,0,0,0,0,0,0,0,0,255.355,0,0,0
"MtrElec",4,5,24,"",212.438,0,0,0,0,0,0,0,0,0,0,0,0,0,0,0,0,0,0,0,0,212.438,0,0,0
"MtrElec",4,6,1,"",165.208,0,0,0,0,0,0,0,0,0,0,0,0,0,0,0,0,0,0,0,0,165.208,0,0,0
"MtrElec",4,6,2,"",146.945,0,0,0,0,0,0,0,0,0,0,0,0,0,0,0,0,0,0,0,0,146.945,0,0,0
"MtrElec",4,6,3,"",146.075,0,0,0,0,0,0,0,0,0,0,0,0,0,0,0,0,0,0,0,0,146.075,0,0,0
"MtrElec",4,6,4,"",188.513,0,0,0,0,0,0,0,0,0,0,0,0,0,0,0,0,0,0,0,0,188.513,0,0,0
"MtrElec",4,6,5,"",144.681,0,0,0,0,0,0,0,0,0,0,0,0,0,0,0,0,0,0,0,0,144.681,0,0,0
"MtrElec",4,6,6,"",146.236,0,0,0,0,0,0,0,0,0,0,0,0,0,0,0,0,0,0,0,0,146.236,0,0,0
"MtrElec",4,6,7,"",235.706,0,0,0,0,0,0,0,0,0,0,0,0,0,0,0,0,0,0,0,0,236.607,0,0,-0.901108
"MtrElec",4,6,8,"",276.758,0,0,0,0,0,0,0,0,0,0,0,0,0,0,0,0,0,0,0,0,355.722,0,0,-78.9639
"MtrElec",4,6,9,"",164.811,0,0,0,0,0,0,0,0,0,0,0,0,0,0,0,0,0,0,0,0,398.767,0,0,-233.955
"MtrElec",4,6,10,"",79.7197,0,0,0,0,0,0,0,0,0,0,0,0,0,0,0,0,0,0,0,0,422.082,0,0,-342.362
"MtrElec",4,6,11,"",0,0,0,0,0,0,0,0,0,0,0,0,0,0,0,0,0,0,0,0,0,421.505,0,61.0911,-482.596
"MtrElec",4,6,12,"",0,0,0,0,0,0,0,0,0,0,0,0,0,0,0,0,0,0,0,0,0,429.046,0,123.064,-552.11
"MtrElec",4,6,13,"",0,0,0,0,0,0,0,0,0,0,0,0,0,0,0,0,0,0,0,0,0,486.619,0,87.4082,-574.027
"MtrElec",4,6,14,"",-23.1014,0,0,0,0,0,0,0,0,0,0,0,0,0,0,0,0,0,0,0,0,378.683,0,221.926,-623.71
"MtrElec",4,6,15,"",-13.6236,0,0,0,0,0,0,0,0,0,0,0,0,0,0,0,0,0,0,0,0,332.674,0,221.926,-568.224
"MtrElec",4,6,16,"",-10.6183,0,0,0,0,0,0,0,0,0,0,0,0,0,0,0,0,0,0,0,0,386.664,0,78.9677,-476.25
"MtrElec",4,6,17,"",42.1154,0,0,0,0,0,0,0,0,0,0,0,0,0,0,0,0,0,0,0,0,374.056,0,0,-331.94
"MtrElec",4,6,18,"",255.047,0,0,0,0,0,0,0,0,0,0,0,0,0,0,0,0,0,0,0,0,414.885,0,0,-159.838
"MtrElec",4,6,19,"",134.683,0,0,0,0,0,0,0,0,0,0,0,0,0,0,0,0,0,0,0,0,399.63,0,-221.926,-43.0214
"MtrElec",4,6,20,"",203.841,0,0,0,0,0,0,0,0,0,0,0,0,0,0,0,0,0,0,0,0,425.767,0,-221.926,0
"MtrElec",4,6,21,"",172.081,0,0,0,0,0,0,0,0,0,0,0,0,0,0,0,0,0,0,0,0,394.007,0,-221.926,0
"MtrElec",4,6,22,"",245.659,0,0,0,0,0,0,0,0,0,0,0,0,0,0,0,0,0,0,0,0,296.812,0,-51.1531,0
"MtrElec",4,6,23,"",272.88,0,0,0,0,0,0,0,0,0,0,0,0,0,0,0,0,0,0,0,0,272.88,0,0,0
"MtrElec",4,6,24,"",188.139,0,0,0,0,0,0,0,0,0,0,0,0,0,0,0,0,0,0,0,0,188.139,0,0,0
"MtrElec",4,7,1,"",207.347,0,0,0,0,0,0,0,0,0,0,0,0,0,0,0,0,0,0,0,0,207.347,0,0,0
"MtrElec",4,7,2,"",148.184,0,0,0,0,0,0,0,0,0,0,0,0,0,0,0,0,0,0,0,0,148.184,0,0,0
"MtrElec",4,7,3,"",143.39,0,0,0,0,0,0,0,0,0,0,0,0,0,0,0,0,0,0,0,0,143.39,0,0,0
"MtrElec",4,7,4,"",150.173,0,0,0,0,0,0,0,0,0,0,0,0,0,0,0,0,0,0,0,0,150.173,0,0,0
"MtrElec",4,7,5,"",138.491,0,0,0,0,0,0,0,0,0,0,0,0,0,0,0,0,0,0,0,0,138.491,0,0,0
"MtrElec",4,7,6,"",207.26,0,0,0,0,0,0,0,0,0,0,0,0,0,0,0,0,0,0,0,0,207.26,0,0,0
"MtrElec",4,7,7,"",252.551,0,0,0,0,0,0,0,0,0,0,0,0,0,0,0,0,0,0,0,0,254.02,0,0,-1.46972
"MtrElec",4,7,8,"",266.856,0,0,0,0,0,0,0,0,0,0,0,0,0,0,0,0,0,0,0,0,338.324,0,0,-71.4674
"MtrElec",4,7,9,"",193.218,0,0,0,0,0,0,0,0,0,0,0,0,0,0,0,0,0,0,0,0,372.38,0,0,-179.162
"MtrElec",4,7,10,"",148.22,0,0,0,0,0,0,0,0,0,0,0,0,0,0,0,0,0,0,0,0,424.897,0,0,-276.676
"MtrElec",4,7,11,"",0.0000005,0,0,0,0,0,0,0,0,0,0,0,0,0,0,0,0,0,0,0,0,469.548,0,5.32653,-474.875
"MtrElec",4,7,12,"",0,0,0,0,0,0,0,0,0,0,0,0,0,0,0,0,0,0,0,0,0,443.049,0,93.0259,-536.075
"MtrElec",4,7,13,"",0,0,0,0,0,0,0,0,0,0,0,0,0,0,0,0,0,0,0,0,0,470.555,0,104.085,-574.64
"MtrElec",4,7,14,"",-89.7398,0,0,0,0,0,0,0,0,0,0,0,0,0,0,0,0,0,0,0,0,353.3,0,221.926,-664.965
"MtrElec",4,7,15,"",0,0,0,0,0,0,0,0,0,0,0,0,0,0,0,0,0,0,0,0,0,388.516,0,23.1399,-411.656
"MtrElec",4,7,16,"",95.422,0,0,0,0,0,0,0,0,0,0,0,0,0,0,0,0,0,0,0,0,391.97,0,0,-296.548
"MtrElec",4,7,17,"",67.4924,0,0,0,0,0,0,0,0,0,0,0,0,0,0,0,0,0,0,0,0,378.301,0,0,-310.808
"MtrElec",4,7,18,"",309.701,0,0,0,0,0,0,0,0,0,0,0,0,0,0,0,0,0,0,0,0,424.429,0,0,-114.728
"MtrElec",4,7,19,"",133.08,0,0,0,0,0,0,0,0,0,0,0,0,0,0,0,0,0,0,0,0,399.091,0,-221.926,-44.0849
"MtrElec",4,7,20,"",223.078,0,0,0,0,0,0,0,0,0,0,0,0,0,0,0,0,0,0,0,0,405.024,0,-181.946,0
"MtrElec",4,7,21,"",404.267,0,0,0,0,0,0,0,0,0,0,0,0,0,0,0,0,0,0,0,0,404.267,0,0,0
"MtrElec",4,7,22,"",293.981,0,0,0,0,0,0,0,0,0,0,0,0,0,0,0,0,0,0,0,0,293.981,0,0,0
"MtrElec",4,7,23,"",298.393,0,0,0,0,0,0,0,0,0,0,0,0,0,0,0,0,0,0,0,0,298.393,0,0,0
"MtrElec",4,7,24,"",207.05,0,0,0,0,0,0,0,0,0,0,0,0,0,0,0,0,0,0,0,0,207.05,0,0,0
"MtrElec",4,8,1,"",163.111,0,0,0,0,0,0,0,0,0,0,0,0,0,0,0,0,0,0,0,0,163.111,0,0,0
"MtrElec",4,8,2,"",149.924,0,0,0,0,0,0,0,0,0,0,0,0,0,0,0,0,0,0,0,0,149.924,0,0,0
"MtrElec",4,8,3,"",188.77,0,0,0,0,0,0,0,0,0,0,0,0,0,0,0,0,0,0,0,0,188.77,0,0,0
"MtrElec",4,8,4,"",146.432,0,0,0,0,0,0,0,0,0,0,0,0,0,0,0,0,0,0,0,0,146.432,0,0,0
"MtrElec",4,8,5,"",145.095,0,0,0,0,0,0,0,0,0,0,0,0,0,0,0,0,0,0,0,0,145.095,0,0,0
"MtrElec",4,8,6,"",159.401,0,0,0,0,0,0,0,0,0,0,0,0,0,0,0,0,0,0,0,0,159.401,0,0,0
"MtrElec",4,8,7,"",238.783,0,0,0,0,0,0,0,0,0,0,0,0,0,0,0,0,0,0,0,0,241.288,0,0,-2.50521
"MtrElec",4,8,8,"",200.41,0,0,0,0,0,0,0,0,0,0,0,0,0,0,0,0,0,0,0,0,288.771,0,0,-88.3614
"MtrElec",4,8,9,"",126.866,0,0,0,0,0,0,0,0,0,0,0,0,0,0,0,0,0,0,0,0,406.908,0,0,-280.042
"MtrElec",4,8,10,"",-42.0037,0,0,0,0,0,0,0,0,0,0,0,0,0,0,0,0,0,0,0,0,422.355,0,0,-464.358
"MtrElec",4,8,11,"",0.0000078,0,0,0,0,0,0,0,0,0,0,0,0,0,0,0,0,0,0,0,0,462.905,0,128.001,-590.906
"MtrElec",4,8,12,"",-32.2067,0,0,0,0,0,0,0,0,0,0,0,0,0,0,0,0,0,0,0,0,401.193,0,221.926,-655.325
"MtrElec",4,8,13,"",0.0000156,0,0,0,0,0,0,0,0,0,0,0,0,0,0,0,0,0,0,0,0,464.331,0,220.563,-684.893
"MtrElec",4,8,14,"",-28.0462,0,0,0,0,0,0,0,0,0,0,0,0,0,0,0,0,0,0,0,0,401.643,0,221.926,-651.615
"MtrElec",4,8,15,"",-277.72,0,0,0,0,0,0,0,0,0,0,0,0,0,0,0,0,0,0,0,0,352.423,0,1.96711,-632.11
"MtrElec",4,8,16,"",-136.08,0,0,0,0,0,0,0,0,0,0,0,0,0,0,0,0,0,0,0,0,412.258,0,0,-548.338
"MtrElec",4,8,17,"",27.5428,0,0,0,0,0,0,0,0,0,0,0,0,0,0,0,0,0,0,0,0,435.007,0,0,-407.464
"MtrElec",4,8,18,"",156.981,0,0,0,0,0,0,0,0,0,0,0,0,0,0,0,0,0,0,0,0,376.325,0,0,-219.344
"MtrElec",4,8,19,"",170.79,0,0,0,0,0,0,0,0,0,0,0,0,0,0,0,0,0,0,0,0,442.394,0,-221.926,-49.6783
"MtrElec",4,8,20,"",190.588,0,0,0,0,0,0,0,0,0,0,0,0,0,0,0,0,0,0,0,0,412.514,0,-221.926,0
"MtrElec",4,8,21,"",147.36,0,0,0,0,0,0,0,0,0,0,0,0,0,0,0,0,0,0,0,0,369.286,0,-221.926,0
"MtrElec",4,8,22,"",263.377,0,0,0,0,0,0,0,0,0,0,0,0,0,0,0,0,0,0,0,0,314.53,0,-51.1531,0
"MtrElec",4,8,23,"",275.728,0,0,0,0,0,0,0,0,0,0,0,0,0,0,0,0,0,0,0,0,275.728,0,0,0
"MtrElec",4,8,24,"",209.794,0,0,0,0,0,0,0,0,0,0,0,0,0,0,0,0,0,0,0,0,209.794,0,0,0
"MtrElec",4,9,1,"",152.432,0,0,0,0,0,0,0,0,0,0,0,0,0,0,0,0,0,0,0,0,152.432,0,0,0
"MtrElec",4,9,2,"",189.198,0,0,0,0,0,0,0,0,0,0,0,0,0,0,0,0,0,0,0,0,189.198,0,0,0
"MtrElec",4,9,3,"",141.534,0,0,0,0,0,0,0,0,0,0,0,0,0,0,0,0,0,0,0,0,141.534,0,0,0
"MtrElec",4,9,4,"",144.819,0,0,0,0,0,0,0,0,0,0,0,0,0,0,0,0,0,0,0,0,144.819,0,0,0
"MtrElec",4,9,5,"",139.704,0,0,0,0,0,0,0,0,0,0,0,0,0,0,0,0,0,0,0,0,139.704,0,0,0
"MtrElec",4,9,6,"",201.564,0,0,0,0,0,0,0,0,0,0,0,0,0,0,0,0,0,0,0,0,201.564,0,0,0
"MtrElec",4,9,7,"",186.018,0,0,0,0,0,0,0,0,0,0,0,0,0,0,0,0,0,0,0,0,188.508,0,0,-2.49014
"MtrElec",4,9,8,"",241.117,0,0,0,0,0,0,0,0,0,0,0,0,0,0,0,0,0,0,0,0,329.732,0,0,-88.615
"MtrElec",4,9,9,"",58.2282,0,0,0,0,0,0,0,0,0,0,0,0,0,0,0,0,0,0,0,0,325.693,0,0,-267.465
"MtrElec",4,9,10,"",0.476,0,0,0,0,0,0,0,0,0,0,0,0,0,0,0,0,0,0,0,0,437.876,0,0,-437.4
"MtrElec",4,9,11,"",0.0000078,0,0,0,0,0,0,0,0,0,0,0,0,0,0,0,0,0,0,0,0,454.671,0,89.8788,-544.55
"MtrElec",4,9,12,"",0,0,0,0,0,0,0,0,0,0,0,0,0,0,0,0,0,0,0,0,0,472.489,0,107.805,-580.294
"MtrElec",4,9,13,"",0.0000156,0,0,0,0,0,0,0,0,0,0,0,0,0,0,0,0,0,0,0,0,507.948,0,148.394,-656.342
"MtrElec",4,9,14,"",0,0,0,0,0,0,0,0,0,0,0,0,0,0,0,0,0,0,0,0,0,447.014,0,203.924,-650.938
"MtrElec",4,9,15,"",0,0,0,0,0,0,0,0,0,0,0,0,0,0,0,0,0,0,0,0,0,481.975,0,136.917,-618.892
"MtrElec",4,9,16,"",0.0000078,0,0,0,0,0,0,0,0,0,0,0,0,0,0,0,0,0,0,0,0,449.079,0,75.0489,-524.128
"MtrElec",4,9,17,"",144.165,0,0,0,0,0,0,0,0,0,0,0,0,0,0,0,0,0,0,0,0,540.391,0,0,-396.226
"MtrElec",4,9,18,"",318.308,0,0,0,0,0,0,0,0,0,0,0,0,0,0,0,0,0,0,0,0,535.651,0,0,-217.344
"MtrElec",4,9,19,"",285.587,0,0,0,0,0,0,0,0,0,0,0,0,0,0,0,0,0,0,0,0,557.278,0,-221.926,-49.7645
"MtrElec",4,9,20,"",289.622,0,0,0,0,0,0,0,0,0,0,0,0,0,0,0,0,0,0,0,0,511.548,0,-221.926,0
"MtrElec",4,9,21,"",233.82,0,0,0,0,0,0,0,0,0,0,0,0,0,0,0,0,0,0,0,0,455.746,0,-221.926,0
"MtrElec",4,9,22,"",252.33,0,0,0,0,0,0,0,0,0,0,0,0,0,0,0,0,0,0,0,0,274.228,0,-21.898,0
"MtrElec",4,9,23,"",301.436,0,0,0,0,0,0,0,0,0,0,0,0,0,0,0,0,0,0,0,0,301.436,0,0,0
"MtrElec",4,9,24,"",263.356,0,0,0,0,0,0,0,0,0,0,0,0,0,0,0,0,0,0,0,0,263.356,0,0,0
"MtrElec",4,10,1,"",189.638,0,0,0,0,0,0,0,0,0,0,0,0,0,0,0,0,0,0,0,0,189.638,0,0,0
"MtrElec",4,10,2,"",148.23,0,0,0,0,0,0,0,0,0,0,0,0,0,0,0,0,0,0,0,0,148.23,0,0,0
"MtrElec",4,10,3,"",144.689,0,0,0,0,0,0,0,0,0,0,0,0,0,0,0,0,0,0,0,0,144.689,0,0,0
"MtrElec",4,10,4,"",144.488,0,0,0,0,0,0,0,0,0,0,0,0,0,0,0,0,0,0,0,0,144.488,0,0,0
"MtrElec",4,10,5,"",141.793,0,0,0,0,0,0,0,0,0,0,0,0,0,0,0,0,0,0,0,0,141.793,0,0,0
"MtrElec",4,10,6,"",187.03,0,0,0,0,0,0,0,0,0,0,0,0,0,0,0,0,0,0,0,0,187.03,0,0,0
"MtrElec",4,10,7,"",237.129,0,0,0,0,0,0,0,0,0,0,0,0,0,0,0,0,0,0,0,0,240.191,0,0,-3.06191
"MtrElec",4,10,8,"",194.303,0,0,0,0,0,0,0,0,0,0,0,0,0,0,0,0,0,0,0,0,283.618,0,0,-89.3145
"MtrElec",4,10,9,"",191.033,0,0,0,0,0,0,0,0,0,0,0,0,0,0,0,0,0,0,0,0,437.75,0,0,-246.718
"MtrElec",4,10,10,"",76.5687,0,0,0,0,0,0,0,0,0,0,0,0,0,0,0,0,0,0,0,0,488.189,0,0,-411.62
"MtrElec",4,10,11,"",0,0,0,0,0,0,0,0,0,0,0,0,0,0,0,0,0,0,0,0,0,530.489,0,22.8953,-553.384
"MtrElec",4,10,12,"",0,0,0,0,0,0,0,0,0,0,0,0,0,0,0,0,0,0,0,0,0,515.404,0,117.062,-632.466
"MtrElec",4,10,13,"",0,0,0,0,0,0,0,0,0,0,0,0,0,0,0,0,0,0,0,0,0,588.922,0,74.6356,-663.557
"MtrElec",4,10,14,"",0,0,0,0,0,0,0,0,0,0,0,0,0,0,0,0,0,0,0,0,0,467.139,0,202.529,-669.667
"MtrElec",4,10,15,"",0,0,0,0,0,0,0,0,0,0,0,0,0,0,0,0,0,0,0,0,0,503.338,0,130.156,-633.494
"MtrElec",4,10,16,"",0.0000020,0,0,0,0,0,0,0,0,0,0,0,0,0,0,0,0,0,0,0,0,505.693,0,30.2274,-535.92
"MtrElec",4,10,17,"",124.721,0,0,0,0,0,0,0,0,0,0,0,0,0,0,0,0,0,0,0,0,523.327,0,0,-398.606
"MtrElec",4,10,18,"",330.441,0,0,0,0,0,0,0,0,0,0,0,0,0,0,0,0,0,0,0,0,547.724,0,0,-217.282
"MtrElec",4,10,19,"",246.761,0,0,0,0,0,0,0,0,0,0,0,0,0,0,0,0,0,0,0,0,518.816,0,-221.926,-50.1295
"MtrElec",4,10,20,"",256.436,0,0,0,0,0,0,0,0,0,0,0,0,0,0,0,0,0,0,0,0,478.362,0,-221.926,0
"MtrElec",4,10,21,"",389.526,0,0,0,0,0,0,0,0,0,0,0,0,0,0,0,0,0,0,0,0,466.873,0,-77.3467,0
"MtrElec",4,10,22,"",279.419,0,0,0,0,0,0,0,0,0,0,0,0,0,0,0,0,0,0,0,0,279.419,0,0,0
"MtrElec",4,10,23,"",277.244,0,0,0,0,0,0,0,0,0,0,0,0,0,0,0,0,0,0,0,0,277.244,0,0,0
"MtrElec",4,10,24,"",198.777,0,0,0,0,0,0,0,0,0,0,0,0,0,0,0,0,0,0,0,0,198.777,0,0,0
"MtrElec",4,11,1,"",157.089,0,0,0,0,0,0,0,0,0,0,0,0,0,0,0,0,0,0,0,0,157.089,0,0,0
"MtrElec",4,11,2,"",150.232,0,0,0,0,0,0,0,0,0,0,0,0,0,0,0,0,0,0,0,0,150.232,0,0,0
"MtrElec",4,11,3,"",187.565,0,0,0,0,0,0,0,0,0,0,0,0,0,0,0,0,0,0,0,0,187.565,0,0,0
"MtrElec",4,11,4,"",148.856,0,0,0,0,0,0,0,0,0,0,0,0,0,0,0,0,0,0,0,0,148.856,0,0,0
"MtrElec",4,11,5,"",157.746,0,0,0,0,0,0,0,0,0,0,0,0,0,0,0,0,0,0,0,0,157.746,0,0,0
"MtrElec",4,11,6,"",147.433,0,0,0,0,0,0,0,0,0,0,0,0,0,0,0,0,0,0,0,0,147.433,0,0,0
"MtrElec",4,11,7,"",165.743,0,0,0,0,0,0,0,0,0,0,0,0,0,0,0,0,0,0,0,0,168.228,0,0,-2.48551
"MtrElec",4,11,8,"",182.497,0,0,0,0,0,0,0,0,0,0,0,0,0,0,0,0,0,0,0,0,272.371,0,0,-89.8739
"MtrElec",4,11,9,"",50.8353,0,0,0,0,0,0,0,0,0,0,0,0,0,0,0,0,0,0,0,0,326.775,0,0,-275.939
"MtrElec",4,11,10,"",-7.71906,0,0,0,0,0,0,0,0,0,0,0,0,0,0,0,0,0,0,0,0,443.892,0,0,-451.611
"MtrElec",4,11,11,"",0,0,0,0,0,0,0,0,0,0,0,0,0,0,0,0,0,0,0,0,0,471.793,0,103.298,-575.091
"MtrElec",4,11,12,"",0.0000156,0,0,0,0,0,0,0,0,0,0,0,0,0,0,0,0,0,0,0,0,503.802,0,154.655,-658.457
"MtrElec",4,11,13,"",0,0,0,0,0,0,0,0,0,0,0,0,0,0,0,0,0,0,0,0,0,493.859,0,204.858,-698.717
"MtrElec",4,11,14,"",0,0,0,0,0,0,0,0,0,0,0,0,0,0,0,0,0,0,0,0,0,465.89,0,220.093,-685.983
"MtrElec",4,11,15,"",-5.88507,0,0,0,0,0,0,0,0,0,0,0,0,0,0,0,0,0,0,0,0,514.093,0,111.48,-631.458
"MtrElec",4,11,16,"",-66.1569,0,0,0,0,0,0,0,0,0,0,0,0,0,0,0,0,0,0,0,0,481.545,0,0,-547.702
"MtrElec",4,11,17,"",89.4269,0,0,0,0,0,0,0,0,0,0,0,0,0,0,0,0,0,0,0,0,497.487,0,0,-408.06
"MtrElec",4,11,18,"",275.486,0,0,0,0,0,0,0,0,0,0,0,0,0,0,0,0,0,0,0,0,502.311,0,0,-226.825
"MtrElec",4,11,19,"",185.911,0,0,0,0,0,0,0,0,0,0,0,0,0,0,0,0,0,0,0,0,460.451,0,-221.926,-52.6144
"MtrElec",4,11,20,"",217.899,0,0,0,0,0,0,0,0,0,0,0,0,0,0,0,0,0,0,0,0,439.825,0,-221.926,0
"MtrElec",4,11,21,"",142.187,0,0,0,0,0,0,0,0,0,0,0,0,0,0,0,0,0,0,0,0,364.113,0,-221.926,0
"MtrElec",4,11,22,"",254.096,0,0,0,0,0,0,0,0,0,0,0,0,0,0,0,0,0,0,0,0,305.249,0,-51.1531,0
"MtrElec",4,11,23,"",239.165,0,0,0,0,0,0,0,0,0,0,0,0,0,0,0,0,0,0,0,0,239.165,0,0,0
"MtrElec",4,11,24,"",204.45,0,0,0,0,0,0,0,0,0,0,0,0,0,0,0,0,0,0,0,0,204.45,0,0,0
"MtrElec",4,12,1,"",164.942,0,0,0,0,0,0,0,0,0,0,0,0,0,0,0,0,0,0,0,0,164.942,0,0,0
"MtrElec",4,12,2,"",145.861,0,0,0,0,0,0,0,0,0,0,0,0,0,0,0,0,0,0,0,0,145.861,0,0,0
"MtrElec",4,12,3,"",148.225,0,0,0,0,0,0,0,0,0,0,0,0,0,0,0,0,0,0,0,0,148.225,0,0,0
"MtrElec",4,12,4,"",159.743,0,0,0,0,0,0,0,0,0,0,0,0,0,0,0,0,0,0,0,0,159.743,0,0,0
"MtrElec",4,12,5,"",197.706,0,0,0,0,0,0,0,0,0,0,0,0,0,0,0,0,0,0,0,0,197.706,0,0,0
"MtrElec",4,12,6,"",150.669,0,0,0,0,0,0,0,0,0,0,0,0,0,0,0,0,0,0,0,0,150.669,0,0,0
"MtrElec",4,12,7,"",152.21,0,0,0,0,0,0,0,0,0,0,0,0,0,0,0,0,0,0,0,0,156.248,0,0,-4.03858
"MtrElec",4,12,8,"",132.466,0,0,0,0,0,0,0,0,0,0,0,0,0,0,0,0,0,0,0,0,227.038,0,0,-94.5719
"MtrElec",4,12,9,"",11.5314,0,0,0,0,0,0,0,0,0,0,0,0,0,0,0,0,0,0,0,0,295.756,0,0,-284.225
"MtrElec",4,12,10,"",-144.476,0,0,0,0,0,0,0,0,0,0,0,0,0,0,0,0,0,0,0,0,327.603,0,0,-472.079
"MtrElec",4,12,11,"",-15.7755,0,0,0,0,0,0,0,0,0,0,0,0,0,0,0,0,0,0,0,0,378.833,0,221.926,-616.534
"MtrElec",4,12,12,"",-154.59,0,0,0,0,0,0,0,0,0,0,0,0,0,0,0,0,0,0,0,0,339.215,0,221.926,-715.73
"MtrElec",4,12,13,"",-139.07,0,0,0,0,0,0,0,0,0,0,0,0,0,0,0,0,0,0,0,0,398.661,0,221.926,-759.656
"MtrElec",4,12,14,"",-269.265,0,0,0,0,0,0,0,0,0,0,0,0,0,0,0,0,0,0,0,0,343.33,0,128.605,-741.2
"MtrElec",4,12,15,"",-370.329,0,0,0,0,0,0,0,0,0,0,0,0,0,0,0,0,0,0,0,0,312.597,0,0,-682.926
"MtrElec",4,12,16,"",-240.729,0,0,0,0,0,0,0,0,0,0,0,0,0,0,0,0,0,0,0,0,327.525,0,0,-568.254
"MtrElec",4,12,17,"",-69.4328,0,0,0,0,0,0,0,0,0,0,0,0,0,0,0,0,0,0,0,0,343.5,0,0,-412.933
"MtrElec",4,12,18,"",123.98,0,0,0,0,0,0,0,0,0,0,0,0,0,0,0,0,0,0,0,0,340.171,0,0,-216.191
"MtrElec",4,12,19,"",71.6502,0,0,0,0,0,0,0,0,0,0,0,0,0,0,0,0,0,0,0,0,350.007,0,-221.926,-56.4312
"MtrElec",4,12,20,"",113.559,0,0,0,0,0,0,0,0,0,0,0,0,0,0,0,0,0,0,0,0,335.485,0,-221.926,0
"MtrElec",4,12,21,"",78.289,0,0,0,0,0,0,0,0,0,0,0,0,0,0,0,0,0,0,0,0,300.215,0,-221.926,0
"MtrElec",4,12,22,"",192.801,0,0,0,0,0,0,0,0,0,0,0,0,0,0,0,0,0,0,0,0,243.954,0,-51.1531,0
"MtrElec",4,12,23,"",241.307,0,0,0,0,0,0,0,0,0,0,0,0,0,0,0,0,0,0,0,0,241.307,0,0,0
"MtrElec",4,12,24,"",249.386,0,0,0,0,0,0,0,0,0,0,0,0,0,0,0,0,0,0,0,0,249.386,0,0,0
"MtrElec",4,13,1,"",170.801,0,0,0,0,0,0,0,0,0,0,0,0,0,0,0,0,0,0,0,0,170.801,0,0,0
"MtrElec",4,13,2,"",147.644,0,0,0,0,0,0,0,0,0,0,0,0,0,0,0,0,0,0,0,0,147.644,0,0,0
"MtrElec",4,13,3,"",144.832,0,0,0,0,0,0,0,0,0,0,0,0,0,0,0,0,0,0,0,0,144.832,0,0,0
"MtrElec",4,13,4,"",146.548,0,0,0,0,0,0,0,0,0,0,0,0,0,0,0,0,0,0,0,0,146.548,0,0,0
"MtrElec",4,13,5,"",140.07,0,0,0,0,0,0,0,0,0,0,0,0,0,0,0,0,0,0,0,0,140.07,0,0,0
"MtrElec",4,13,6,"",190.589,0,0,0,0,0,0,0,0,0,0,0,0,0,0,0,0,0,0,0,0,190.589,0,0,0
"MtrElec",4,13,7,"",228.206,0,0,0,0,0,0,0,0,0,0,0,0,0,0,0,0,0,0,0,0,234.524,0,0,-6.31822
"MtrElec",4,13,8,"",257.448,0,0,0,0,0,0,0,0,0,0,0,0,0,0,0,0,0,0,0,0,355.49,0,0,-98.042
"MtrElec",4,13,9,"",100.279,0,0,0,0,0,0,0,0,0,0,0,0,0,0,0,0,0,0,0,0,379.427,0,0,-279.147
"MtrElec",4,13,10,"",-69.2253,0,0,0,0,0,0,0,0,0,0,0,0,0,0,0,0,0,0,0,0,381.116,0,0,-450.341
"MtrElec",4,13,11,"",0,0,0,0,0,0,0,0,0,0,0,0,0,0,0,0,0,0,0,0,0,405.768,0,183.604,-589.372
"MtrElec",4,13,12,"",-67.3698,0,0,0,0,0,0,0,0,0,0,0,0,0,0,0,0,0,0,0,0,384.159,0,221.926,-673.455
"MtrElec",4,13,13,"",-83.5744,0,0,0,0,0,0,0,0,0,0,0,0,0,0,0,0,0,0,0,0,391.195,0,221.926,-696.695
"MtrElec",4,13,14,"",-147.554,0,0,0,0,0,0,0,0,0,0,0,0,0,0,0,0,0,0,0,0,394.034,0,166.927,-708.515
"MtrElec",4,13,15,"",-270.181,0,0,0,0,0,0,0,0,0,0,0,0,0,0,0,0,0,0,0,0,390.598,0,0,-660.779
"MtrElec",4,13,16,"",-193.581,0,0,0,0,0,0,0,0,0,0,0,0,0,0,0,0,0,0,0,0,359.998,0,0,-553.579
"MtrElec",4,13,17,"",26.9716,0,0,0,0,0,0,0,0,0,0,0,0,0,0,0,0,0,0,0,0,434.836,0,0,-407.865
"MtrElec",4,13,18,"",179.046,0,0,0,0,0,0,0,0,0,0,0,0,0,0,0,0,0,0,0,0,402.424,0,0,-223.379
"MtrElec",4,13,19,"",134.481,0,0,0,0,0,0,0,0,0,0,0,0,0,0,0,0,0,0,0,0,411.108,0,-221.926,-54.7018
"MtrElec",4,13,20,"",239.416,0,0,0,0,0,0,0,0,0,0,0,0,0,0,0,0,0,0,0,0,461.342,0,-221.926,0
"MtrElec",4,13,21,"",218.001,0,0,0,0,0,0,0,0,0,0,0,0,0,0,0,0,0,0,0,0,439.927,0,-221.926,0
"MtrElec",4,13,22,"",199.312,0,0,0,0,0,0,0,0,0,0,0,0,0,0,0,0,0,0,0,0,250.465,0,-51.1531,0
"MtrElec",4,13,23,"",256.906,0,0,0,0,0,0,0,0,0,0,0,0,0,0,0,0,0,0,0,0,256.906,0,0,0
"MtrElec",4,13,24,"",208.204,0,0,0,0,0,0,0,0,0,0,0,0,0,0,0,0,0,0,0,0,208.204,0,0,0
"MtrElec",4,14,1,"",161.35,0,0,0,0,0,0,0,0,0,0,0,0,0,0,0,0,0,0,0,0,161.35,0,0,0
"MtrElec",4,14,2,"",148.831,0,0,0,0,0,0,0,0,0,0,0,0,0,0,0,0,0,0,0,0,148.831,0,0,0
"MtrElec",4,14,3,"",148.177,0,0,0,0,0,0,0,0,0,0,0,0,0,0,0,0,0,0,0,0,148.177,0,0,0
"MtrElec",4,14,4,"",149.794,0,0,0,0,0,0,0,0,0,0,0,0,0,0,0,0,0,0,0,0,149.794,0,0,0
"MtrElec",4,14,5,"",149.972,0,0,0,0,0,0,0,0,0,0,0,0,0,0,0,0,0,0,0,0,149.972,0,0,0
"MtrElec",4,14,6,"",188.504,0,0,0,0,0,0,0,0,0,0,0,0,0,0,0,0,0,0,0,0,188.504,0,0,0
"MtrElec",4,14,7,"",248.039,0,0,0,0,0,0,0,0,0,0,0,0,0,0,0,0,0,0,0,0,255.456,0,0,-7.41634
"MtrElec",4,14,8,"",242.575,0,0,0,0,0,0,0,0,0,0,0,0,0,0,0,0,0,0,0,0,342.78,0,0,-100.205
"MtrElec",4,14,9,"",78.0391,0,0,0,0,0,0,0,0,0,0,0,0,0,0,0,0,0,0,0,0,364.403,0,0,-286.364
"MtrElec",4,14,10,"",-0.336594,0,0,0,0,0,0,0,0,0,0,0,0,0,0,0,0,0,0,0,0,450.324,0,0,-450.661
"MtrElec",4,14,11,"",0,0,0,0,0,0,0,0,0,0,0,0,0,0,0,0,0,0,0,0,0,518.543,0,54.0253,-572.568
"MtrElec",4,14,12,"",0.0000156,0,0,0,0,0,0,0,0,0,0,0,0,0,0,0,0,0,0,0,0,500.459,0,148.694,-649.153
"MtrElec",4,14,13,"",-8.48856,0,0,0,0,0,0,0,0,0,0,0,0,0,0,0,0,0,0,0,0,469.613,0,221.926,-700.027
"MtrElec",4,14,14,"",-40.643,0,0,0,0,0,0,0,0,0,0,0,0,0,0,0,0,0,0,0,0,446.912,0,221.926,-709.481
"MtrElec",4,14,15,"",-95.84,0,0,0,0,0,0,0,0,0,0,0,0,0,0,0,0,0,0,0,0,414.299,0,147.812,-657.95
"MtrElec",4,14,16,"",-73.8817,0,0,0,0,0,0,0,0,0,0,0,0,0,0,0,0,0,0,0,0,474.482,0,0,-548.364
"MtrElec",4,14,17,"",122.865,0,0,0,0,0,0,0,0,0,0,0,0,0,0,0,0,0,0,0,0,533.427,0,0,-410.561
"MtrElec",4,14,18,"",255.691,0,0,0,0,0,0,0,0,0,0,0,0,0,0,0,0,0,0,0,0,486.216,0,0,-230.525
"MtrElec",4,14,19,"",198.409,0,0,0,0,0,0,0,0,0,0,0,0,0,0,0,0,0,0,0,0,475.386,0,-221.926,-55.0519
"MtrElec",4,14,20,"",278.929,0,0,0,0,0,0,0,0,0,0,0,0,0,0,0,0,0,0,0,0,500.854,0,-221.926,0
"MtrElec",4,14,21,"",257.903,0,0,0,0,0,0,0,0,0,0,0,0,0,0,0,0,0,0,0,0,479.829,0,-221.926,0
"MtrElec",4,14,22,"",259.871,0,0,0,0,0,0,0,0,0,0,0,0,0,0,0,0,0,0,0,0,311.024,0,-51.1531,0
"MtrElec",4,14,23,"",247.366,0,0,0,0,0,0,0,0,0,0,0,0,0,0,0,0,0,0,0,0,247.366,0,0,0
"MtrElec",4,14,24,"",191.861,0,0,0,0,0,0,0,0,0,0,0,0,0,0,0,0,0,0,0,0,191.861,0,0,0
"MtrElec",4,15,1,"",168.355,0,0,0,0,0,0,0,0,0,0,0,0,0,0,0,0,0,0,0,0,168.355,0,0,0
"MtrElec",4,15,2,"",167.553,0,0,0,0,0,0,0,0,0,0,0,0,0,0,0,0,0,0,0,0,167.553,0,0,0
"MtrElec",4,15,3,"",164.2,0,0,0,0,0,0,0,0,0,0,0,0,0,0,0,0,0,0,0,0,164.2,0,0,0
"MtrElec",4,15,4,"",152.092,0,0,0,0,0,0,0,0,0,0,0,0,0,0,0,0,0,0,0,0,152.092,0,0,0
"MtrElec",4,15,5,"",140.861,0,0,0,0,0,0,0,0,0,0,0,0,0,0,0,0,0,0,0,0,140.861,0,0,0
"MtrElec",4,15,6,"",179.907,0,0,0,0,0,0,0,0,0,0,0,0,0,0,0,0,0,0,0,0,179.907,0,0,0
"MtrElec",4,15,7,"",243.341,0,0,0,0,0,0,0,0,0,0,0,0,0,0,0,0,0,0,0,0,252.885,0,0,-9.54355
"MtrElec",4,15,8,"",224.293,0,0,0,0,0,0,0,0,0,0,0,0,0,0,0,0,0,0,0,0,327.374,0,0,-103.081
"MtrElec",4,15,9,"",60.4729,0,0,0,0,0,0,0,0,0,0,0,0,0,0,0,0,0,0,0,0,320.63,0,0,-260.157
"MtrElec",4,15,10,"",31.02,0,0,0,0,0,0,0,0,0,0,0,0,0,0,0,0,0,0,0,0,468.586,0,0,-437.566
"MtrElec",4,15,11,"",0.0000078,0,0,0,0,0,0,0,0,0,0,0,0,0,0,0,0,0,0,0,0,440.78,0,94.8431,-535.623
"MtrElec",4,15,12,"",0,0,0,0,0,0,0,0,0,0,0,0,0,0,0,0,0,0,0,0,0,445.335,0,73.1878,-518.523
"MtrElec",4,15,13,"",0,0,0,0,0,0,0,0,0,0,0,0,0,0,0,0,0,0,0,0,0,498.179,0,76.1008,-574.28
"MtrElec",4,15,14,"",0.0000078,0,0,0,0,0,0,0,0,0,0,0,0,0,0,0,0,0,0,0,0,415.957,0,108.755,-524.712
"MtrElec",4,15,15,"",0,0,0,0,0,0,0,0,0,0,0,0,0,0,0,0,0,0,0,0,0,432.202,0,47.0712,-479.273
"MtrElec",4,15,16,"",136.869,0,0,0,0,0,0,0,0,0,0,0,0,0,0,0,0,0,0,0,0,440.395,0,0,-303.526
"MtrElec",4,15,17,"",232.696,0,0,0,0,0,0,0,0,0,0,0,0,0,0,0,0,0,0,0,0,414.189,0,0,-181.494
"MtrElec",4,15,18,"",294.009,0,0,0,0,0,0,0,0,0,0,0,0,0,0,0,0,0,0,0,0,435.597,0,0,-141.589
"MtrElec",4,15,19,"",147.195,0,0,0,0,0,0,0,0,0,0,0,0,0,0,0,0,0,0,0,0,411.507,0,-221.926,-42.3867
"MtrElec",4,15,20,"",277.102,0,0,0,0,0,0,0,0,0,0,0,0,0,0,0,0,0,0,0,0,416.138,0,-139.036,0
"MtrElec",4,15,21,"",353.658,0,0,0,0,0,0,0,0,0,0,0,0,0,0,0,0,0,0,0,0,353.658,0,0,0
"MtrElec",4,15,22,"",296.582,0,0,0,0,0,0,0,0,0,0,0,0,0,0,0,0,0,0,0,0,296.582,0,0,0
"MtrElec",4,15,23,"",288.967,0,0,0,0,0,0,0,0,0,0,0,0,0,0,0,0,0,0,0,0,288.967,0,0,0
"MtrElec",4,15,24,"",222.894,0,0,0,0,0,0,0,0,0,0,0,0,0,0,0,0,0,0,0,0,222.894,0,0,0
"MtrElec",4,16,1,"",166.95,0,0,0,0,0,0,0,0,0,0,0,0,0,0,0,0,0,0,0,0,166.95,0,0,0
"MtrElec",4,16,2,"",147.933,0,0,0,0,0,0,0,0,0,0,0,0,0,0,0,0,0,0,0,0,147.933,0,0,0
"MtrElec",4,16,3,"",188.686,0,0,0,0,0,0,0,0,0,0,0,0,0,0,0,0,0,0,0,0,188.686,0,0,0
"MtrElec",4,16,4,"",150.895,0,0,0,0,0,0,0,0,0,0,0,0,0,0,0,0,0,0,0,0,150.895,0,0,0
"MtrElec",4,16,5,"",143.436,0,0,0,0,0,0,0,0,0,0,0,0,0,0,0,0,0,0,0,0,143.436,0,0,0
"MtrElec",4,16,6,"",148.478,0,0,0,0,0,0,0,0,0,0,0,0,0,0,0,0,0,0,0,0,148.478,0,0,0
"MtrElec",4,16,7,"",233.21,0,0,0,0,0,0,0,0,0,0,0,0,0,0,0,0,0,0,0,0,242.175,0,0,-8.96451
"MtrElec",4,16,8,"",163.173,0,0,0,0,0,0,0,0,0,0,0,0,0,0,0,0,0,0,0,0,264.423,0,0,-101.251
"MtrElec",4,16,9,"",47.3398,0,0,0,0,0,0,0,0,0,0,0,0,0,0,0,0,0,0,0,0,337.477,0,0,-290.138
"MtrElec",4,16,10,"",-23.1082,0,0,0,0,0,0,0,0,0,0,0,0,0,0,0,0,0,0,0,0,432.635,0,0,-455.744
"MtrElec",4,16,11,"",0.0000156,0,0,0,0,0,0,0,0,0,0,0,0,0,0,0,0,0,0,0,0,445.939,0,139.714,-585.654
"MtrElec",4,16,12,"",-26.3729,0,0,0,0,0,0,0,0,0,0,0,0,0,0,0,0,0,0,0,0,422.812,0,221.926,-671.111
"MtrElec",4,16,13,"",-108.823,0,0,0,0,0,0,0,0,0,0,0,0,0,0,0,0,0,0,0,0,396.569,0,221.926,-727.317
"MtrElec",4,16,14,"",-161.553,0,0,0,0,0,0,0,0,0,0,0,0,0,0,0,0,0,0,0,0,363.83,0,210.817,-736.2
"MtrElec",4,16,15,"",-282.428,0,0,0,0,0,0,0,0,0,0,0,0,0,0,0,0,0,0,0,0,397.671,0,0,-680.099
"MtrElec",4,16,16,"",-203.07,0,0,0,0,0,0,0,0,0,0,0,0,0,0,0,0,0,0,0,0,372.432,0,0,-575.501
"MtrElec",4,16,17,"",-71.6596,0,0,0,0,0,0,0,0,0,0,0,0,0,0,0,0,0,0,0,0,353.856,0,0,-425.516
"MtrElec",4,16,18,"",176.928,0,0,0,0,0,0,0,0,0,0,0,0,0,0,0,0,0,0,0,0,413.517,0,0,-236.59
"MtrElec",4,16,19,"",140.954,0,0,0,0,0,0,0,0,0,0,0,0,0,0,0,0,0,0,0,0,419.338,0,-221.926,-56.4588
"MtrElec",4,16,20,"",184.931,0,0,0,0,0,0,0,0,0,0,0,0,0,0,0,0,0,0,0,0,406.857,0,-221.926,0
"MtrElec",4,16,21,"",140.802,0,0,0,0,0,0,0,0,0,0,0,0,0,0,0,0,0,0,0,0,362.728,0,-221.926,0
"MtrElec",4,16,22,"",213.892,0,0,0,0,0,0,0,0,0,0,0,0,0,0,0,0,0,0,0,0,265.045,0,-51.1531,0
"MtrElec",4,16,23,"",278.396,0,0,0,0,0,0,0,0,0,0,0,0,0,0,0,0,0,0,0,0,278.396,0,0,0
"MtrElec",4,16,24,"",249.484,0,0,0,0,0,0,0,0,0,0,0,0,0,0,0,0,0,0,0,0,249.484,0,0,0
"MtrElec",4,17,1,"",164.81,0,0,0,0,0,0,0,0,0,0,0,0,0,0,0,0,0,0,0,0,164.81,0,0,0
"MtrElec",4,17,2,"",148.349,0,0,0,0,0,0,0,0,0,0,0,0,0,0,0,0,0,0,0,0,148.349,0,0,0
"MtrElec",4,17,3,"",142.524,0,0,0,0,0,0,0,0,0,0,0,0,0,0,0,0,0,0,0,0,142.524,0,0,0
"MtrElec",4,17,4,"",143.414,0,0,0,0,0,0,0,0,0,0,0,0,0,0,0,0,0,0,0,0,143.414,0,0,0
"MtrElec",4,17,5,"",143.77,0,0,0,0,0,0,0,0,0,0,0,0,0,0,0,0,0,0,0,0,143.77,0,0,0
"MtrElec",4,17,6,"",207.887,0,0,0,0,0,0,0,0,0,0,0,0,0,0,0,0,0,0,0,0,207.887,0,0,0
"MtrElec",4,17,7,"",240.237,0,0,0,0,0,0,0,0,0,0,0,0,0,0,0,0,0,0,0,0,249.499,0,0,-9.2622
"MtrElec",4,17,8,"",182.716,0,0,0,0,0,0,0,0,0,0,0,0,0,0,0,0,0,0,0,0,291.309,0,0,-108.593
"MtrElec",4,17,9,"",112.729,0,0,0,0,0,0,0,0,0,0,0,0,0,0,0,0,0,0,0,0,419.703,0,0,-306.975
"MtrElec",4,17,10,"",-97.2895,0,0,0,0,0,0,0,0,0,0,0,0,0,0,0,0,0,0,0,0,391.993,0,0,-489.283
"MtrElec",4,17,11,"",-22.8579,0,0,0,0,0,0,0,0,0,0,0,0,0,0,0,0,0,0,0,0,368.528,0,221.926,-613.312
"MtrElec",4,17,12,"",-76.2283,0,0,0,0,0,0,0,0,0,0,0,0,0,0,0,0,0,0,0,0,375.902,0,221.926,-674.056
"MtrElec",4,17,13,"",-53.7522,0,0,0,0,0,0,0,0,0,0,0,0,0,0,0,0,0,0,0,0,448.536,0,221.926,-724.214
"MtrElec",4,17,14,"",-276.008,0,0,0,0,0,0,0,0,0,0,0,0,0,0,0,0,0,0,0,0,322.621,0,128.605,-727.234
"MtrElec",4,17,15,"",-293.651,0,0,0,0,0,0,0,0,0,0,0,0,0,0,0,0,0,0,0,0,368.811,0,0,-662.463
"MtrElec",4,17,16,"",-211.069,0,0,0,0,0,0,0,0,0,0,0,0,0,0,0,0,0,0,0,0,355.074,0,0,-566.143
"MtrElec",4,17,17,"",-31.8588,0,0,0,0,0,0,0,0,0,0,0,0,0,0,0,0,0,0,0,0,393.447,0,0,-425.306
"MtrElec",4,17,18,"",186.698,0,0,0,0,0,0,0,0,0,0,0,0,0,0,0,0,0,0,0,0,421.474,0,0,-234.777
"MtrElec",4,17,19,"",126.982,0,0,0,0,0,0,0,0,0,0,0,0,0,0,0,0,0,0,0,0,404.482,0,-221.926,-55.5746
"MtrElec",4,17,20,"",173.582,0,0,0,0,0,0,0,0,0,0,0,0,0,0,0,0,0,0,0,0,395.508,0,-221.926,0
"MtrElec",4,17,21,"",158.071,0,0,0,0,0,0,0,0,0,0,0,0,0,0,0,0,0,0,0,0,379.996,0,-221.926,0
"MtrElec",4,17,22,"",220.144,0,0,0,0,0,0,0,0,0,0,0,0,0,0,0,0,0,0,0,0,271.298,0,-51.1531,0
"MtrElec",4,17,23,"",280.423,0,0,0,0,0,0,0,0,0,0,0,0,0,0,0,0,0,0,0,0,280.423,0,0,0
"MtrElec",4,17,24,"",183.912,0,0,0,0,0,0,0,0,0,0,0,0,0,0,0,0,0,0,0,0,183.912,0,0,0
"MtrElec",4,18,1,"",161.44,0,0,0,0,0,0,0,0,0,0,0,0,0,0,0,0,0,0,0,0,161.44,0,0,0
"MtrElec",4,18,2,"",147.711,0,0,0,0,0,0,0,0,0,0,0,0,0,0,0,0,0,0,0,0,147.711,0,0,0
"MtrElec",4,18,3,"",190.526,0,0,0,0,0,0,0,0,0,0,0,0,0,0,0,0,0,0,0,0,190.526,0,0,0
"MtrElec",4,18,4,"",146.983,0,0,0,0,0,0,0,0,0,0,0,0,0,0,0,0,0,0,0,0,146.983,0,0,0
"MtrElec",4,18,5,"",163.226,0,0,0,0,0,0,0,0,0,0,0,0,0,0,0,0,0,0,0,0,163.226,0,0,0
"MtrElec",4,18,6,"",148.59,0,0,0,0,0,0,0,0,0,0,0,0,0,0,0,0,0,0,0,0,148.59,0,0,0
"MtrElec",4,18,7,"",200.489,0,0,0,0,0,0,0,0,0,0,0,0,0,0,0,0,0,0,0,0,211.093,0,0,-10.6045
"MtrElec",4,18,8,"",122.666,0,0,0,0,0,0,0,0,0,0,0,0,0,0,0,0,0,0,0,0,230.519,0,0,-107.853
"MtrElec",4,18,9,"",-35.4767,0,0,0,0,0,0,0,0,0,0,0,0,0,0,0,0,0,0,0,0,258.038,0,0,-293.515
"MtrElec",4,18,10,"",-64.34,0,0,0,0,0,0,0,0,0,0,0,0,0,0,0,0,0,0,0,0,398.644,0,0,-462.984
"MtrElec",4,18,11,"",0.0000078,0,0,0,0,0,0,0,0,0,0,0,0,0,0,0,0,0,0,0,0,458.68,0,129.718,-588.398
"MtrElec",4,18,12,"",0,0,0,0,0,0,0,0,0,0,0,0,0,0,0,0,0,0,0,0,0,548.242,0,118.14,-666.382
"MtrElec",4,18,13,"",0,0,0,0,0,0,0,0,0,0,0,0,0,0,0,0,0,0,0,0,0,539.033,0,173.155,-712.188
"MtrElec",4,18,14,"",-68.7254,0,0,0,0,0,0,0,0,0,0,0,0,0,0,0,0,0,0,0,0,410.18,0,221.926,-700.831
"MtrElec",4,18,15,"",-68.1604,0,0,0,0,0,0,0,0,0,0,0,0,0,0,0,0,0,0,0,0,440.036,0,151.445,-659.642
"MtrElec",4,18,16,"",-153.471,0,0,0,0,0,0,0,0,0,0,0,0,0,0,0,0,0,0,0,0,410.3,0,0,-563.77
"MtrElec",4,18,17,"",15.74,0,0,0,0,0,0,0,0,0,0,0,0,0,0,0,0,0,0,0,0,429.036,0,0,-413.296
"MtrElec",4,18,18,"",226.232,0,0,0,0,0,0,0,0,0,0,0,0,0,0,0,0,0,0,0,0,453.825,0,0,-227.593
"MtrElec",4,18,19,"",209.009,0,0,0,0,0,0,0,0,0,0,0,0,0,0,0,0,0,0,0,0,489.492,0,-221.926,-58.5569
"MtrElec",4,18,20,"",177.237,0,0,0,0,0,0,0,0,0,0,0,0,0,0,0,0,0,0,0,0,399.162,0,-221.926,0
"MtrElec",4,18,21,"",156.573,0,0,0,0,0,0,0,0,0,0,0,0,0,0,0,0,0,0,0,0,378.498,0,-221.926,0
"MtrElec",4,18,22,"",303.122,0,0,0,0,0,0,0,0,0,0,0,0,0,0,0,0,0,0,0,0,354.276,0,-51.1531,0
"MtrElec",4,18,23,"",250.639,0,0,0,0,0,0,0,0,0,0,0,0,0,0,0,0,0,0,0,0,250.639,0,0,0
"MtrElec",4,18,24,"",190.834,0,0,0,0,0,0,0,0,0,0,0,0,0,0,0,0,0,0,0,0,190.834,0,0,0
"MtrElec",4,19,1,"",159.86,0,0,0,0,0,0,0,0,0,0,0,0,0,0,0,0,0,0,0,0,159.86,0,0,0
"MtrElec",4,19,2,"",189.522,0,0,0,0,0,0,0,0,0,0,0,0,0,0,0,0,0,0,0,0,189.522,0,0,0
"MtrElec",4,19,3,"",148.15,0,0,0,0,0,0,0,0,0,0,0,0,0,0,0,0,0,0,0,0,148.15,0,0,0
"MtrElec",4,19,4,"",148.584,0,0,0,0,0,0,0,0,0,0,0,0,0,0,0,0,0,0,0,0,148.584,0,0,0
"MtrElec",4,19,5,"",149.834,0,0,0,0,0,0,0,0,0,0,0,0,0,0,0,0,0,0,0,0,149.834,0,0,0
"MtrElec",4,19,6,"",142.25,0,0,0,0,0,0,0,0,0,0,0,0,0,0,0,0,0,0,0,0,142.25,0,0,0
"MtrElec",4,19,7,"",189.285,0,0,0,0,0,0,0,0,0,0,0,0,0,0,0,0,0,0,0,0,202.074,0,0,-12.7898
"MtrElec",4,19,8,"",116.002,0,0,0,0,0,0,0,0,0,0,0,0,0,0,0,0,0,0,0,0,226.209,0,0,-110.208
"MtrElec",4,19,9,"",0.715766,0,0,0,0,0,0,0,0,0,0,0,0,0,0,0,0,0,0,0,0,236.856,0,0,-236.14
"MtrElec",4,19,10,"",24.5089,0,0,0,0,0,0,0,0,0,0,0,0,0,0,0,0,0,0,0,0,340.823,0,0,-316.314
"MtrElec",4,19,11,"",43.6858,0,0,0,0,0,0,0,0,0,0,0,0,0,0,0,0,0,0,0,0,426.316,0,0,-382.63
"MtrElec",4,19,12,"",-50.6762,0,0,0,0,0,0,0,0,0,0,0,0,0,0,0,0,0,0,0,0,331.092,0,221.926,-603.694
"MtrElec",4,19,13,"",-141.725,0,0,0,0,0,0,0,0,0,0,0,0,0,0,0,0,0,0,0,0,334.017,0,221.926,-697.668
"MtrElec",4,19,14,"",-115.654,0,0,0,0,0,0,0,0,0,0,0,0,0,0,0,0,0,0,0,0,359.008,0,221.926,-696.588
"MtrElec",4,19,15,"",-181.019,0,0,0,0,0,0,0,0,0,0,0,0,0,0,0,0,0,0,0,0,360.008,0,128.605,-669.632
"MtrElec",4,19,16,"",-220.791,0,0,0,0,0,0,0,0,0,0,0,0,0,0,0,0,0,0,0,0,347.131,0,0,-567.922
"MtrElec",4,19,17,"",-124.139,0,0,0,0,0,0,0,0,0,0,0,0,0,0,0,0,0,0,0,0,299.964,0,0,-424.102
"MtrElec",4,19,18,"",136.104,0,0,0,0,0,0,0,0,0,0,0,0,0,0,0,0,0,0,0,0,373.653,0,0,-237.549
"MtrElec",4,19,19,"",76.9576,0,0,0,0,0,0,0,0,0,0,0,0,0,0,0,0,0,0,0,0,355.954,0,-221.926,-57.0711
"MtrElec",4,19,20,"",120.349,0,0,0,0,0,0,0,0,0,0,0,0,0,0,0,0,0,0,0,0,342.275,0,-221.926,0
"MtrElec",4,19,21,"",98.262,0,0,0,0,0,0,0,0,0,0,0,0,0,0,0,0,0,0,0,0,320.188,0,-221.926,0
"MtrElec",4,19,22,"",224.995,0,0,0,0,0,0,0,0,0,0,0,0,0,0,0,0,0,0,0,0,276.149,0,-51.1531,0
"MtrElec",4,19,23,"",230.139,0,0,0,0,0,0,0,0,0,0,0,0,0,0,0,0,0,0,0,0,230.139,0,0,0
"MtrElec",4,19,24,"",211.623,0,0,0,0,0,0,0,0,0,0,0,0,0,0,0,0,0,0,0,0,211.623,0,0,0
"MtrElec",4,20,1,"",208.278,0,0,0,0,0,0,0,0,0,0,0,0,0,0,0,0,0,0,0,0,208.278,0,0,0
"MtrElec",4,20,2,"",146.846,0,0,0,0,0,0,0,0,0,0,0,0,0,0,0,0,0,0,0,0,146.846,0,0,0
"MtrElec",4,20,3,"",139.611,0,0,0,0,0,0,0,0,0,0,0,0,0,0,0,0,0,0,0,0,139.611,0,0,0
"MtrElec",4,20,4,"",141.843,0,0,0,0,0,0,0,0,0,0,0,0,0,0,0,0,0,0,0,0,141.843,0,0,0
"MtrElec",4,20,5,"",141.149,0,0,0,0,0,0,0,0,0,0,0,0,0,0,0,0,0,0,0,0,141.149,0,0,0
"MtrElec",4,20,6,"",159.066,0,0,0,0,0,0,0,0,0,0,0,0,0,0,0,0,0,0,0,0,159.066,0,0,0
"MtrElec",4,20,7,"",258.418,0,0,0,0,0,0,0,0,0,0,0,0,0,0,0,0,0,0,0,0,268.808,0,0,-10.3904
"MtrElec",4,20,8,"",236.564,0,0,0,0,0,0,0,0,0,0,0,0,0,0,0,0,0,0,0,0,329.773,0,0,-93.2094
"MtrElec",4,20,9,"",107.53,0,0,0,0,0,0,0,0,0,0,0,0,0,0,0,0,0,0,0,0,320.298,0,0,-212.768
"MtrElec",4,20,10,"",-77.8963,0,0,0,0,0,0,0,0,0,0,0,0,0,0,0,0,0,0,0,0,367.508,0,0,-445.404
"MtrElec",4,20,11,"",0.0000156,0,0,0,0,0,0,0,0,0,0,0,0,0,0,0,0,0,0,0,0,398.835,0,188.209,-587.044
"MtrElec",4,20,12,"",-55.7918,0,0,0,0,0,0,0,0,0,0,0,0,0,0,0,0,0,0,0,0,399.855,0,221.926,-677.573
"MtrElec",4,20,13,"",-95.0774,0,0,0,0,0,0,0,0,0,0,0,0,0,0,0,0,0,0,0,0,389.462,0,221.926,-706.465
"MtrElec",4,20,14,"",-152.951,0,0,0,0,0,0,0,0,0,0,0,0,0,0,0,0,0,0,0,0,396.525,0,162.322,-711.797
"MtrElec",4,20,15,"",-268.068,0,0,0,0,0,0,0,0,0,0,0,0,0,0,0,0,0,0,0,0,399.913,0,0,-667.981
"MtrElec",4,20,16,"",-151.769,0,0,0,0,0,0,0,0,0,0,0,0,0,0,0,0,0,0,0,0,407.058,0,0,-558.827
"MtrElec",4,20,17,"",-46.6288,0,0,0,0,0,0,0,0,0,0,0,0,0,0,0,0,0,0,0,0,372.408,0,0,-419.037
"MtrElec",4,20,18,"",178.544,0,0,0,0,0,0,0,0,0,0,0,0,0,0,0,0,0,0,0,0,412.459,0,0,-233.916
"MtrElec",4,20,19,"",102.356,0,0,0,0,0,0,0,0,0,0,0,0,0,0,0,0,0,0,0,0,379.328,0,-221.926,-55.0458
"MtrElec",4,20,20,"",172.896,0,0,0,0,0,0,0,0,0,0,0,0,0,0,0,0,0,0,0,0,394.822,0,-221.926,0
"MtrElec",4,20,21,"",146.538,0,0,0,0,0,0,0,0,0,0,0,0,0,0,0,0,0,0,0,0,368.463,0,-221.926,0
"MtrElec",4,20,22,"",223.448,0,0,0,0,0,0,0,0,0,0,0,0,0,0,0,0,0,0,0,0,274.601,0,-51.1531,0
"MtrElec",4,20,23,"",281.272,0,0,0,0,0,0,0,0,0,0,0,0,0,0,0,0,0,0,0,0,281.272,0,0,0
"MtrElec",4,20,24,"",253.295,0,0,0,0,0,0,0,0,0,0,0,0,0,0,0,0,0,0,0,0,253.295,0,0,0
"MtrElec",4,21,1,"",161.122,0,0,0,0,0,0,0,0,0,0,0,0,0,0,0,0,0,0,0,0,161.122,0,0,0
"MtrElec",4,21,2,"",151.334,0,0,0,0,0,0,0,0,0,0,0,0,0,0,0,0,0,0,0,0,151.334,0,0,0
"MtrElec",4,21,3,"",139.706,0,0,0,0,0,0,0,0,0,0,0,0,0,0,0,0,0,0,0,0,139.706,0,0,0
"MtrElec",4,21,4,"",142.038,0,0,0,0,0,0,0,0,0,0,0,0,0,0,0,0,0,0,0,0,142.038,0,0,0
"MtrElec",4,21,5,"",138.813,0,0,0,0,0,0,0,0,0,0,0,0,0,0,0,0,0,0,0,0,138.813,0,0,0
"MtrElec",4,21,6,"",195.772,0,0,0,0,0,0,0,0,0,0,0,0,0,0,0,0,0,0,0,0,195.772,0,0,0
"MtrElec",4,21,7,"",220.99,0,0,0,0,0,0,0,0,0,0,0,0,0,0,0,0,0,0,0,0,231.793,0,0,-10.8034
"MtrElec",4,21,8,"",180.831,0,0,0,0,0,0,0,0,0,0,0,0,0,0,0,0,0,0,0,0,293.204,0,0,-112.372
"MtrElec",4,21,9,"",87.2327,0,0,0,0,0,0,0,0,0,0,0,0,0,0,0,0,0,0,0,0,384.5,0,0,-297.268
"MtrElec",4,21,10,"",-62.5753,0,0,0,0,0,0,0,0,0,0,0,0,0,0,0,0,0,0,0,0,395.784,0,0,-458.36
"MtrElec",4,21,11,"",0,0,0,0,0,0,0,0,0,0,0,0,0,0,0,0,0,0,0,0,0,407.795,0,167.03,-574.825
"MtrElec",4,21,12,"",0,0,0,0,0,0,0,0,0,0,0,0,0,0,0,0,0,0,0,0,0,428.981,0,214.207,-643.188
"MtrElec",4,21,13,"",0,0,0,0,0,0,0,0,0,0,0,0,0,0,0,0,0,0,0,0,0,488.83,0,191.187,-680.017
"MtrElec",4,21,14,"",-117.392,0,0,0,0,0,0,0,0,0,0,0,0,0,0,0,0,0,0,0,0,355.405,0,221.926,-694.723
"MtrElec",4,21,15,"",-246.298,0,0,0,0,0,0,0,0,0,0,0,0,0,0,0,0,0,0,0,0,393.485,0,0.0323866,-639.815
"MtrElec",4,21,16,"",-60.7638,0,0,0,0,0,0,0,0,0,0,0,0,0,0,0,0,0,0,0,0,382.242,0,0,-443.005
"MtrElec",4,21,17,"",118.572,0,0,0,0,0,0,0,0,0,0,0,0,0,0,0,0,0,0,0,0,380.812,0,0,-262.24
"MtrElec",4,21,18,"",251.086,0,0,0,0,0,0,0,0,0,0,0,0,0,0,0,0,0,0,0,0,434.406,0,0,-183.32
"MtrElec",4,21,19,"",164.264,0,0,0,0,0,0,0,0,0,0,0,0,0,0,0,0,0,0,0,0,439.047,0,-221.926,-52.857
"MtrElec",4,21,20,"",183.174,0,0,0,0,0,0,0,0,0,0,0,0,0,0,0,0,0,0,0,0,405.099,0,-221.926,0
"MtrElec",4,21,21,"",149.615,0,0,0,0,0,0,0,0,0,0,0,0,0,0,0,0,0,0,0,0,371.541,0,-221.926,0
"MtrElec",4,21,22,"",252.425,0,0,0,0,0,0,0,0,0,0,0,0,0,0,0,0,0,0,0,0,303.578,0,-51.1531,0
"MtrElec",4,21,23,"",279.969,0,0,0,0,0,0,0,0,0,0,0,0,0,0,0,0,0,0,0,0,279.969,0,0,0
"MtrElec",4,21,24,"",196.354,0,0,0,0,0,0,0,0,0,0,0,0,0,0,0,0,0,0,0,0,196.354,0,0,0
"MtrElec",4,22,1,"",160.45,0,0,0,0,0,0,0,0,0,0,0,0,0,0,0,0,0,0,0,0,160.45,0,0,0
"MtrElec",4,22,2,"",192.627,0,0,0,0,0,0,0,0,0,0,0,0,0,0,0,0,0,0,0,0,192.627,0,0,0
"MtrElec",4,22,3,"",147.703,0,0,0,0,0,0,0,0,0,0,0,0,0,0,0,0,0,0,0,0,147.703,0,0,0
"MtrElec",4,22,4,"",154.213,0,0,0,0,0,0,0,0,0,0,0,0,0,0,0,0,0,0,0,0,154.213,0,0,0
"MtrElec",4,22,5,"",143.241,0,0,0,0,0,0,0,0,0,0,0,0,0,0,0,0,0,0,0,0,143.241,0,0,0
"MtrElec",4,22,6,"",147.788,0,0,0,0,0,0,0,0,0,0,0,0,0,0,0,0,0,0,0,0,147.788,0,0,0
"MtrElec",4,22,7,"",234.652,0,0,0,0,0,0,0,0,0,0,0,0,0,0,0,0,0,0,0,0,245.286,0,0,-10.634
"MtrElec",4,22,8,"",228.417,0,0,0,0,0,0,0,0,0,0,0,0,0,0,0,0,0,0,0,0,339.79,0,0,-111.373
"MtrElec",4,22,9,"",45.3769,0,0,0,0,0,0,0,0,0,0,0,0,0,0,0,0,0,0,0,0,337.624,0,0,-292.247
"MtrElec",4,22,10,"",-50.4924,0,0,0,0,0,0,0,0,0,0,0,0,0,0,0,0,0,0,0,0,400.005,0,0,-450.498
"MtrElec",4,22,11,"",0,0,0,0,0,0,0,0,0,0,0,0,0,0,0,0,0,0,0,0,0,420.348,0,146.305,-566.654
"MtrElec",4,22,12,"",-5.51041,0,0,0,0,0,0,0,0,0,0,0,0,0,0,0,0,0,0,0,0,430.015,0,221.926,-657.451
"MtrElec",4,22,13,"",-68.7463,0,0,0,0,0,0,0,0,0,0,0,0,0,0,0,0,0,0,0,0,402.977,0,221.926,-693.649
"MtrElec",4,22,14,"",-59.7328,0,0,0,0,0,0,0,0,0,0,0,0,0,0,0,0,0,0,0,0,410.91,0,204.226,-674.869
"MtrElec",4,22,15,"",-273.648,0,0,0,0,0,0,0,0,0,0,0,0,0,0,0,0,0,0,0,0,362.748,0,0,-636.396
"MtrElec",4,22,16,"",-140.464,0,0,0,0,0,0,0,0,0,0,0,0,0,0,0,0,0,0,0,0,408.86,0,0,-549.323
"MtrElec",4,22,17,"",17.1506,0,0,0,0,0,0,0,0,0,0,0,0,0,0,0,0,0,0,0,0,426.906,0,0,-409.756
"MtrElec",4,22,18,"",219.42,0,0,0,0,0,0,0,0,0,0,0,0,0,0,0,0,0,0,0,0,450.201,0,0,-230.781
"MtrElec",4,22,19,"",149.509,0,0,0,0,0,0,0,0,0,0,0,0,0,0,0,0,0,0,0,0,425.419,0,-221.926,-53.9845
"MtrElec",4,22,20,"",195.028,0,0,0,0,0,0,0,0,0,0,0,0,0,0,0,0,0,0,0,0,416.953,0,-221.926,0
"MtrElec",4,22,21,"",196.409,0,0,0,0,0,0,0,0,0,0,0,0,0,0,0,0,0,0,0,0,418.335,0,-221.926,0
"MtrElec",4,22,22,"",204.005,0,0,0,0,0,0,0,0,0,0,0,0,0,0,0,0,0,0,0,0,255.158,0,-51.1531,0
"MtrElec",4,22,23,"",277.711,0,0,0,0,0,0,0,0,0,0,0,0,0,0,0,0,0,0,0,0,277.711,0,0,0
"MtrElec",4,22,24,"",183.443,0,0,0,0,0,0,0,0,0,0,0,0,0,0,0,0,0,0,0,0,183.443,0,0,0
"MtrElec",4,23,1,"",194.887,0,0,0,0,0,0,0,0,0,0,0,0,0,0,0,0,0,0,0,0,194.887,0,0,0
"MtrElec",4,23,2,"",147.614,0,0,0,0,0,0,0,0,0,0,0,0,0,0,0,0,0,0,0,0,147.614,0,0,0
"MtrElec",4,23,3,"",146.695,0,0,0,0,0,0,0,0,0,0,0,0,0,0,0,0,0,0,0,0,146.695,0,0,0
"MtrElec",4,23,4,"",151.955,0,0,0,0,0,0,0,0,0,0,0,0,0,0,0,0,0,0,0,0,151.955,0,0,0
"MtrElec",4,23,5,"",138.582,0,0,0,0,0,0,0,0,0,0,0,0,0,0,0,0,0,0,0,0,138.582,0,0,0
"MtrElec",4,23,6,"",178.248,0,0,0,0,0,0,0,0,0,0,0,0,0,0,0,0,0,0,0,0,178.248,0,0,0
"MtrElec",4,23,7,"",265.327,0,0,0,0,0,0,0,0,0,0,0,0,0,0,0,0,0,0,0,0,268.801,0,0,-3.47387
"MtrElec",4,23,8,"",272.819,0,0,0,0,0,0,0,0,0,0,0,0,0,0,0,0,0,0,0,0,311.315,0,0,-38.4961
"MtrElec",4,23,9,"",270.697,0,0,0,0,0,0,0,0,0,0,0,0,0,0,0,0,0,0,0,0,365.669,0,0,-94.9718
"MtrElec",4,23,10,"",122.436,0,0,0,0,0,0,0,0,0,0,0,0,0,0,0,0,0,0,0,0,466.6,0,0,-344.164
"MtrElec",4,23,11,"",0,0,0,0,0,0,0,0,0,0,0,0,0,0,0,0,0,0,0,0,0,424.126,0,163.231,-587.357
"MtrElec",4,23,12,"",-12.6049,0,0,0,0,0,0,0,0,0,0,0,0,0,0,0,0,0,0,0,0,420.526,0,221.926,-655.056
"MtrElec",4,23,13,"",-39.3252,0,0,0,0,0,0,0,0,0,0,0,0,0,0,0,0,0,0,0,0,435.215,0,221.926,-696.466
"MtrElec",4,23,14,"",-84.9082,0,0,0,0,0,0,0,0,0,0,0,0,0,0,0,0,0,0,0,0,414.606,0,187.3,-686.814
"MtrElec",4,23,15,"",-288.925,0,0,0,0,0,0,0,0,0,0,0,0,0,0,0,0,0,0,0,0,355.808,0,0,-644.732
"MtrElec",4,23,16,"",-146.372,0,0,0,0,0,0,0,0,0,0,0,0,0,0,0,0,0,0,0,0,399.121,0,0,-545.494
"MtrElec",4,23,17,"",1.11081,0,0,0,0,0,0,0,0,0,0,0,0,0,0,0,0,0,0,0,0,397.347,0,0,-396.236
"MtrElec",4,23,18,"",180.102,0,0,0,0,0,0,0,0,0,0,0,0,0,0,0,0,0,0,0,0,398.562,0,0,-218.459
"MtrElec",4,23,19,"",129.555,0,0,0,0,0,0,0,0,0,0,0,0,0,0,0,0,0,0,0,0,407.031,0,-221.926,-55.5503
"MtrElec",4,23,20,"",198.392,0,0,0,0,0,0,0,0,0,0,0,0,0,0,0,0,0,0,0,0,420.318,0,-221.926,0
"MtrElec",4,23,21,"",181.717,0,0,0,0,0,0,0,0,0,0,0,0,0,0,0,0,0,0,0,0,403.642,0,-221.926,0
"MtrElec",4,23,22,"",247.397,0,0,0,0,0,0,0,0,0,0,0,0,0,0,0,0,0,0,0,0,298.55,0,-51.153,0
"MtrElec",4,23,23,"",303.949,0,0,0,0,0,0,0,0,0,0,0,0,0,0,0,0,0,0,0,0,303.949,0,0,0
"MtrElec",4,23,24,"",197.956,0,0,0,0,0,0,0,0,0,0,0,0,0,0,0,0,0,0,0,0,197.956,0,0,0
"MtrElec",4,24,1,"",170.967,0,0,0,0,0,0,0,0,0,0,0,0,0,0,0,0,0,0,0,0,170.967,0,0,0
"MtrElec",4,24,2,"",190.777,0,0,0,0,0,0,0,0,0,0,0,0,0,0,0,0,0,0,0,0,190.777,0,0,0
"MtrElec",4,24,3,"",143.16,0,0,0,0,0,0,0,0,0,0,0,0,0,0,0,0,0,0,0,0,143.16,0,0,0
"MtrElec",4,24,4,"",143.691,0,0,0,0,0,0,0,0,0,0,0,0,0,0,0,0,0,0,0,0,143.691,0,0,0
"MtrElec",4,24,5,"",141.728,0,0,0,0,0,0,0,0,0,0,0,0,0,0,0,0,0,0,0,0,141.728,0,0,0
"MtrElec",4,24,6,"",145.655,0,0,0,0,0,0,0,0,0,0,0,0,0,0,0,0,0,0,0,0,145.655,0,0,0
"MtrElec",4,24,7,"",261.19,0,0,0,0,0,0,0,0,0,0,0,0,0,0,0,0,0,0,0,0,272.547,0,0,-11.3575
"MtrElec",4,24,8,"",246.531,0,0,0,0,0,0,0,0,0,0,0,0,0,0,0,0,0,0,0,0,327.424,0,0,-80.8925
"MtrElec",4,24,9,"",192.406,0,0,0,0,0,0,0,0,0,0,0,0,0,0,0,0,0,0,0,0,380.112,0,0,-187.706
"MtrElec",4,24,10,"",-12.918,0,0,0,0,0,0,0,0,0,0,0,0,0,0,0,0,0,0,0,0,406.529,0,0,-419.447
"MtrElec",4,24,11,"",0,0,0,0,0,0,0,0,0,0,0,0,0,0,0,0,0,0,0,0,0,433.854,0,132.029,-565.883
"MtrElec",4,24,12,"",-6.18013,0,0,0,0,0,0,0,0,0,0,0,0,0,0,0,0,0,0,0,0,404.345,0,221.926,-632.451
"MtrElec",4,24,13,"",-29.6378,0,0,0,0,0,0,0,0,0,0,0,0,0,0,0,0,0,0,0,0,433.509,0,221.926,-685.072
"MtrElec",4,24,14,"",-135.491,0,0,0,0,0,0,0,0,0,0,0,0,0,0,0,0,0,0,0,0,341.525,0,218.502,-695.517
"MtrElec",4,24,15,"",-270.822,0,0,0,0,0,0,0,0,0,0,0,0,0,0,0,0,0,0,0,0,397.067,0,0,-667.89
"MtrElec",4,24,16,"",-180.258,0,0,0,0,0,0,0,0,0,0,0,0,0,0,0,0,0,0,0,0,384.367,0,0,-564.625
"MtrElec",4,24,17,"",-43.0235,0,0,0,0,0,0,0,0,0,0,0,0,0,0,0,0,0,0,0,0,372.002,0,0,-415.025
"MtrElec",4,24,18,"",217.224,0,0,0,0,0,0,0,0,0,0,0,0,0,0,0,0,0,0,0,0,437.767,0,0,-220.544
"MtrElec",4,24,19,"",127.184,0,0,0,0,0,0,0,0,0,0,0,0,0,0,0,0,0,0,0,0,404.171,0,-221.926,-55.0617
"MtrElec",4,24,20,"",180.321,0,0,0,0,0,0,0,0,0,0,0,0,0,0,0,0,0,0,0,0,402.247,0,-221.926,0
"MtrElec",4,24,21,"",157.31,0,0,0,0,0,0,0,0,0,0,0,0,0,0,0,0,0,0,0,0,379.235,0,-221.926,0
"MtrElec",4,24,22,"",269.502,0,0,0,0,0,0,0,0,0,0,0,0,0,0,0,0,0,0,0,0,320.655,0,-51.1531,0
"MtrElec",4,24,23,"",193.79,0,0,0,0,0,0,0,0,0,0,0,0,0,0,0,0,0,0,0,0,193.79,0,0,0
"MtrElec",4,24,24,"",228.727,0,0,0,0,0,0,0,0,0,0,0,0,0,0,0,0,0,0,0,0,228.727,0,0,0
"MtrElec",4,25,1,"",178.833,0,0,0,0,0,0,0,0,0,0,0,0,0,0,0,0,0,0,0,0,178.833,0,0,0
"MtrElec",4,25,2,"",148.57,0,0,0,0,0,0,0,0,0,0,0,0,0,0,0,0,0,0,0,0,148.57,0,0,0
"MtrElec",4,25,3,"",146.343,0,0,0,0,0,0,0,0,0,0,0,0,0,0,0,0,0,0,0,0,146.343,0,0,0
"MtrElec",4,25,4,"",145.135,0,0,0,0,0,0,0,0,0,0,0,0,0,0,0,0,0,0,0,0,145.135,0,0,0
"MtrElec",4,25,5,"",148.759,0,0,0,0,0,0,0,0,0,0,0,0,0,0,0,0,0,0,0,0,148.759,0,0,0
"MtrElec",4,25,6,"",190.397,0,0,0,0,0,0,0,0,0,0,0,0,0,0,0,0,0,0,0,0,190.397,0,0,0
"MtrElec",4,25,7,"",169.462,0,0,0,0,0,0,0,0,0,0,0,0,0,0,0,0,0,0,0,0,182.288,0,0,-12.8263
"MtrElec",4,25,8,"",144.542,0,0,0,0,0,0,0,0,0,0,0,0,0,0,0,0,0,0,0,0,263.127,0,0,-118.585
"MtrElec",4,25,9,"",-8.79597,0,0,0,0,0,0,0,0,0,0,0,0,0,0,0,0,0,0,0,0,293.838,0,0,-302.634
"MtrElec",4,25,10,"",-112.812,0,0,0,0,0,0,0,0,0,0,0,0,0,0,0,0,0,0,0,0,345.558,0,0,-458.37
"MtrElec",4,25,11,"",0,0,0,0,0,0,0,0,0,0,0,0,0,0,0,0,0,0,0,0,0,463.399,0,128.052,-591.452
"MtrElec",4,25,12,"",0,0,0,0,0,0,0,0,0,0,0,0,0,0,0,0,0,0,0,0,0,454.186,0,213.432,-667.619
"MtrElec",4,25,13,"",-39.2959,0,0,0,0,0,0,0,0,0,0,0,0,0,0,0,0,0,0,0,0,440.93,0,221.926,-702.152
"MtrElec",4,25,14,"",-62.6955,0,0,0,0,0,0,0,0,0,0,0,0,0,0,0,0,0,0,0,0,407.45,0,221.926,-692.072
"MtrElec",4,25,15,"",-234.197,0,0,0,0,0,0,0,0,0,0,0,0,0,0,0,0,0,0,0,0,395.46,0,9.04676,-638.704
"MtrElec",4,25,16,"",-175.994,0,0,0,0,0,0,0,0,0,0,0,0,0,0,0,0,0,0,0,0,371.517,0,0,-547.511
"MtrElec",4,25,17,"",12.4472,0,0,0,0,0,0,0,0,0,0,0,0,0,0,0,0,0,0,0,0,419.021,0,0,-406.574
"MtrElec",4,25,18,"",211.685,0,0,0,0,0,0,0,0,0,0,0,0,0,0,0,0,0,0,0,0,440.357,0,0,-228.672
"MtrElec",4,25,19,"",182.417,0,0,0,0,0,0,0,0,0,0,0,0,0,0,0,0,0,0,0,0,462.867,0,-221.926,-58.5244
"MtrElec",4,25,20,"",147.711,0,0,0,0,0,0,0,0,0,0,0,0,0,0,0,0,0,0,0,0,369.637,0,-221.926,0
"MtrElec",4,25,21,"",155.999,0,0,0,0,0,0,0,0,0,0,0,0,0,0,0,0,0,0,0,0,377.925,0,-221.926,0
"MtrElec",4,25,22,"",329.171,0,0,0,0,0,0,0,0,0,0,0,0,0,0,0,0,0,0,0,0,380.324,0,-51.1531,0
"MtrElec",4,25,23,"",246.728,0,0,0,0,0,0,0,0,0,0,0,0,0,0,0,0,0,0,0,0,246.728,0,0,0
"MtrElec",4,25,24,"",197.602,0,0,0,0,0,0,0,0,0,0,0,0,0,0,0,0,0,0,0,0,197.602,0,0,0
"MtrElec",4,26,1,"",153.226,0,0,0,0,0,0,0,0,0,0,0,0,0,0,0,0,0,0,0,0,153.226,0,0,0
"MtrElec",4,26,2,"",145.221,0,0,0,0,0,0,0,0,0,0,0,0,0,0,0,0,0,0,0,0,145.221,0,0,0
"MtrElec",4,26,3,"",149.616,0,0,0,0,0,0,0,0,0,0,0,0,0,0,0,0,0,0,0,0,149.616,0,0,0
"MtrElec",4,26,4,"",198.968,0,0,0,0,0,0,0,0,0,0,0,0,0,0,0,0,0,0,0,0,198.968,0,0,0
"MtrElec",4,26,5,"",155.506,0,0,0,0,0,0,0,0,0,0,0,0,0,0,0,0,0,0,0,0,155.506,0,0,0
"MtrElec",4,26,6,"",145.173,0,0,0,0,0,0,0,0,0,0,0,0,0,0,0,0,0,0,0,0,145.173,0,0,0
"MtrElec",4,26,7,"",142.483,0,0,0,0,0,0,0,0,0,0,0,0,0,0,0,0,0,0,0,0,155.734,0,0,-13.2509
"MtrElec",4,26,8,"",145.908,0,0,0,0,0,0,0,0,0,0,0,0,0,0,0,0,0,0,0,0,235.84,0,0,-89.9319
"MtrElec",4,26,9,"",84.5122,0,0,0,0,0,0,0,0,0,0,0,0,0,0,0,0,0,0,0,0,284.933,0,0,-200.421
"MtrElec",4,26,10,"",-105.394,0,0,0,0,0,0,0,0,0,0,0,0,0,0,0,0,0,0,0,0,334.409,0,0,-439.803
"MtrElec",4,26,11,"",0,0,0,0,0,0,0,0,0,0,0,0,0,0,0,0,0,0,0,0,0,394.02,0,182.208,-576.228
"MtrElec",4,26,12,"",-21.945,0,0,0,0,0,0,0,0,0,0,0,0,0,0,0,0,0,0,0,0,405.359,0,221.926,-649.23
"MtrElec",4,26,13,"",-108.736,0,0,0,0,0,0,0,0,0,0,0,0,0,0,0,0,0,0,0,0,373.844,0,221.926,-704.506
"MtrElec",4,26,14,"",-199.752,0,0,0,0,0,0,0,0,0,0,0,0,0,0,0,0,0,0,0,0,340.834,0,168.324,-708.909
"MtrElec",4,26,15,"",-289.525,0,0,0,0,0,0,0,0,0,0,0,0,0,0,0,0,0,0,0,0,360.605,0,0,-650.13
"MtrElec",4,26,16,"",-195.808,0,0,0,0,0,0,0,0,0,0,0,0,0,0,0,0,0,0,0,0,344.954,0,0,-540.761
"MtrElec",4,26,17,"",-29.6185,0,0,0,0,0,0,0,0,0,0,0,0,0,0,0,0,0,0,0,0,375.513,0,0,-405.131
"MtrElec",4,26,18,"",128.657,0,0,0,0,0,0,0,0,0,0,0,0,0,0,0,0,0,0,0,0,359.128,0,0,-230.471
"MtrElec",4,26,19,"",108.905,0,0,0,0,0,0,0,0,0,0,0,0,0,0,0,0,0,0,0,0,389.492,0,-221.926,-58.6621
"MtrElec",4,26,20,"",97.0133,0,0,0,0,0,0,0,0,0,0,0,0,0,0,0,0,0,0,0,0,319.453,0,-221.926,-0.513655
"MtrElec",4,26,21,"",99.6047,0,0,0,0,0,0,0,0,0,0,0,0,0,0,0,0,0,0,0,0,321.53,0,-221.926,0
"MtrElec",4,26,22,"",286.305,0,0,0,0,0,0,0,0,0,0,0,0,0,0,0,0,0,0,0,0,337.459,0,-51.1531,0
"MtrElec",4,26,23,"",195.259,0,0,0,0,0,0,0,0,0,0,0,0,0,0,0,0,0,0,0,0,195.259,0,0,0
"MtrElec",4,26,24,"",188.008,0,0,0,0,0,0,0,0,0,0,0,0,0,0,0,0,0,0,0,0,188.008,0,0,0
"MtrElec",4,27,1,"",163.349,0,0,0,0,0,0,0,0,0,0,0,0,0,0,0,0,0,0,0,0,163.349,0,0,0
"MtrElec",4,27,2,"",153.355,0,0,0,0,0,0,0,0,0,0,0,0,0,0,0,0,0,0,0,0,153.355,0,0,0
"MtrElec",4,27,3,"",193.428,0,0,0,0,0,0,0,0,0,0,0,0,0,0,0,0,0,0,0,0,193.428,0,0,0
"MtrElec",4,27,4,"",153.286,0,0,0,0,0,0,0,0,0,0,0,0,0,0,0,0,0,0,0,0,153.286,0,0,0
"MtrElec",4,27,5,"",146.531,0,0,0,0,0,0,0,0,0,0,0,0,0,0,0,0,0,0,0,0,146.531,0,0,0
"MtrElec",4,27,6,"",169.51,0,0,0,0,0,0,0,0,0,0,0,0,0,0,0,0,0,0,0,0,169.51,0,0,0
"MtrElec",4,27,7,"",253.963,0,0,0,0,0,0,0,0,0,0,0,0,0,0,0,0,0,0,0,0,255.193,0,0,-1.23023
"MtrElec",4,27,8,"",263.165,0,0,0,0,0,0,0,0,0,0,0,0,0,0,0,0,0,0,0,0,290.402,0,0,-27.2378
"MtrElec",4,27,9,"",265.569,0,0,0,0,0,0,0,0,0,0,0,0,0,0,0,0,0,0,0,0,332.971,0,0,-67.4018
"MtrElec",4,27,10,"",143.481,0,0,0,0,0,0,0,0,0,0,0,0,0,0,0,0,0,0,0,0,380.037,0,0,-236.556
"MtrElec",4,27,11,"",0,0,0,0,0,0,0,0,0,0,0,0,0,0,0,0,0,0,0,0,0,403.765,0,159.88,-563.646
"MtrElec",4,27,12,"",-94.4707,0,0,0,0,0,0,0,0,0,0,0,0,0,0,0,0,0,0,0,0,349.229,0,221.926,-665.625
"MtrElec",4,27,13,"",-88.9605,0,0,0,0,0,0,0,0,0,0,0,0,0,0,0,0,0,0,0,0,403.929,0,221.926,-714.815
"MtrElec",4,27,14,"",-158.294,0,0,0,0,0,0,0,0,0,0,0,0,0,0,0,0,0,0,0,0,365.3,0,190.651,-714.245
"MtrElec",4,27,15,"",-326.65,0,0,0,0,0,0,0,0,0,0,0,0,0,0,0,0,0,0,0,0,328.669,0,0,-655.319
"MtrElec",4,27,16,"",-168.186,0,0,0,0,0,0,0,0,0,0,0,0,0,0,0,0,0,0,0,0,388.175,0,0,-556.361
"MtrElec",4,27,17,"",15.8632,0,0,0,0,0,0,0,0,0,0,0,0,0,0,0,0,0,0,0,0,424.211,0,0,-408.348
"MtrElec",4,27,18,"",190.401,0,0,0,0,0,0,0,0,0,0,0,0,0,0,0,0,0,0,0,0,420.55,0,0,-230.149
"MtrElec",4,27,19,"",133.101,0,0,0,0,0,0,0,0,0,0,0,0,0,0,0,0,0,0,0,0,417.37,0,-221.926,-62.3425
"MtrElec",4,27,20,"",207.253,0,0,0,0,0,0,0,0,0,0,0,0,0,0,0,0,0,0,0,0,430.25,0,-221.926,-1.07127
"MtrElec",4,27,21,"",175.735,0,0,0,0,0,0,0,0,0,0,0,0,0,0,0,0,0,0,0,0,397.661,0,-221.926,0
"MtrElec",4,27,22,"",178.357,0,0,0,0,0,0,0,0,0,0,0,0,0,0,0,0,0,0,0,0,229.51,0,-51.1531,0
"MtrElec",4,27,23,"",258.407,0,0,0,0,0,0,0,0,0,0,0,0,0,0,0,0,0,0,0,0,258.407,0,0,0
"MtrElec",4,27,24,"",179.517,0,0,0,0,0,0,0,0,0,0,0,0,0,0,0,0,0,0,0,0,179.517,0,0,0
"MtrElec",4,28,1,"",213.307,0,0,0,0,0,0,0,0,0,0,0,0,0,0,0,0,0,0,0,0,213.307,0,0,0
"MtrElec",4,28,2,"",151.264,0,0,0,0,0,0,0,0,0,0,0,0,0,0,0,0,0,0,0,0,151.264,0,0,0
"MtrElec",4,28,3,"",146.29,0,0,0,0,0,0,0,0,0,0,0,0,0,0,0,0,0,0,0,0,146.29,0,0,0
"MtrElec",4,28,4,"",153.24,0,0,0,0,0,0,0,0,0,0,0,0,0,0,0,0,0,0,0,0,153.24,0,0,0
"MtrElec",4,28,5,"",144.216,0,0,0,0,0,0,0,0,0,0,0,0,0,0,0,0,0,0,0,0,144.216,0,0,0
"MtrElec",4,28,6,"",190.739,0,0,0,0,0,0,0,0,0,0,0,0,0,0,0,0,0,0,0,0,190.739,0,0,0
"MtrElec",4,28,7,"",244.209,0,0,0,0,0,0,0,0,0,0,0,0,0,0,0,0,0,0,0,0,260.642,0,0,-16.4328
"MtrElec",4,28,8,"",196.709,0,0,0,0,0,0,0,0,0,0,0,0,0,0,0,0,0,0,0,0,320.274,0,0,-123.564
"MtrElec",4,28,9,"",40.4677,0,0,0,0,0,0,0,0,0,0,0,0,0,0,0,0,0,0,0,0,348.349,0,0,-307.881
"MtrElec",4,28,10,"",-68.2364,0,0,0,0,0,0,0,0,0,0,0,0,0,0,0,0,0,0,0,0,406.57,0,0,-474.807
"MtrElec",4,28,11,"",0,0,0,0,0,0,0,0,0,0,0,0,0,0,0,0,0,0,0,0,0,439.579,0,158.713,-598.292
"MtrElec",4,28,12,"",-20.5571,0,0,0,0,0,0,0,0,0,0,0,0,0,0,0,0,0,0,0,0,415.957,0,221.926,-658.44
"MtrElec",4,28,13,"",-63.2473,0,0,0,0,0,0,0,0,0,0,0,0,0,0,0,0,0,0,0,0,418.458,0,221.926,-703.631
"MtrElec",4,28,14,"",-190.218,0,0,0,0,0,0,0,0,0,0,0,0,0,0,0,0,0,0,0,0,329.411,0,191.818,-711.447
"MtrElec",4,28,15,"",-285.3,0,0,0,0,0,0,0,0,0,0,0,0,0,0,0,0,0,0,0,0,378.932,0,0,-664.232
"MtrElec",4,28,16,"",-224.025,0,0,0,0,0,0,0,0,0,0,0,0,0,0,0,0,0,0,0,0,340.508,0,0,-564.534
"MtrElec",4,28,17,"",-20.3032,0,0,0,0,0,0,0,0,0,0,0,0,0,0,0,0,0,0,0,0,398.036,0,0,-418.34
"MtrElec",4,28,18,"",179.788,0,0,0,0,0,0,0,0,0,0,0,0,0,0,0,0,0,0,0,0,414.855,0,0,-235.067
"MtrElec",4,28,19,"",122.068,0,0,0,0,0,0,0,0,0,0,0,0,0,0,0,0,0,0,0,0,405.243,0,-221.926,-61.2491
"MtrElec",4,28,20,"",163.181,0,0,0,0,0,0,0,0,0,0,0,0,0,0,0,0,0,0,0,0,386.78,0,-221.926,-1.67322
"MtrElec",4,28,21,"",120.152,0,0,0,0,0,0,0,0,0,0,0,0,0,0,0,0,0,0,0,0,342.077,0,-221.926,0
"MtrElec",4,28,22,"",225.933,0,0,0,0,0,0,0,0,0,0,0,0,0,0,0,0,0,0,0,0,277.086,0,-51.1531,0
"MtrElec",4,28,23,"",289.432,0,0,0,0,0,0,0,0,0,0,0,0,0,0,0,0,0,0,0,0,289.432,0,0,0
"MtrElec",4,28,24,"",248.05,0,0,0,0,0,0,0,0,0,0,0,0,0,0,0,0,0,0,0,0,248.05,0,0,0
"MtrElec",4,29,1,"",184.368,0,0,0,0,0,0,0,0,0,0,0,0,0,0,0,0,0,0,0,0,184.368,0,0,0
"MtrElec",4,29,2,"",145.969,0,0,0,0,0,0,0,0,0,0,0,0,0,0,0,0,0,0,0,0,145.969,0,0,0
"MtrElec",4,29,3,"",141.953,0,0,0,0,0,0,0,0,0,0,0,0,0,0,0,0,0,0,0,0,141.953,0,0,0
"MtrElec",4,29,4,"",151.424,0,0,0,0,0,0,0,0,0,0,0,0,0,0,0,0,0,0,0,0,151.424,0,0,0
"MtrElec",4,29,5,"",140.522,0,0,0,0,0,0,0,0,0,0,0,0,0,0,0,0,0,0,0,0,140.522,0,0,0
"MtrElec",4,29,6,"",183.858,0,0,0,0,0,0,0,0,0,0,0,0,0,0,0,0,0,0,0,0,183.858,0,0,0
"MtrElec",4,29,7,"",255.042,0,0,0,0,0,0,0,0,0,0,0,0,0,0,0,0,0,0,0,0,269.691,0,0,-14.6487
"MtrElec",4,29,8,"",262.391,0,0,0,0,0,0,0,0,0,0,0,0,0,0,0,0,0,0,0,0,352.017,0,0,-89.6263
"MtrElec",4,29,9,"",171.1,0,0,0,0,0,0,0,0,0,0,0,0,0,0,0,0,0,0,0,0,362.601,0,0,-191.501
"MtrElec",4,29,10,"",53.2713,0,0,0,0,0,0,0,0,0,0,0,0,0,0,0,0,0,0,0,0,399.234,0,0,-345.963
"MtrElec",4,29,11,"",0,0,0,0,0,0,0,0,0,0,0,0,0,0,0,0,0,0,0,0,0,432.035,0,50.4338,-482.469
"MtrElec",4,29,12,"",0,0,0,0,0,0,0,0,0,0,0,0,0,0,0,0,0,0,0,0,0,409.539,0,187.422,-596.961
"MtrElec",4,29,13,"",-77.3697,0,0,0,0,0,0,0,0,0,0,0,0,0,0,0,0,0,0,0,0,400.694,0,221.926,-699.99
"MtrElec",4,29,14,"",-146.577,0,0,0,0,0,0,0,0,0,0,0,0,0,0,0,0,0,0,0,0,337.519,0,221.926,-706.022
"MtrElec",4,29,15,"",-152.403,0,0,0,0,0,0,0,0,0,0,0,0,0,0,0,0,0,0,0,0,391.888,0,112.675,-656.966
"MtrElec",4,29,16,"",-195.903,0,0,0,0,0,0,0,0,0,0,0,0,0,0,0,0,0,0,0,0,362.949,0,0,-558.853
"MtrElec",4,29,17,"",8.05847,0,0,0,0,0,0,0,0,0,0,0,0,0,0,0,0,0,0,0,0,418.161,0,0,-410.103
"MtrElec",4,29,18,"",180.639,0,0,0,0,0,0,0,0,0,0,0,0,0,0,0,0,0,0,0,0,410.262,0,0,-229.623
"MtrElec",4,29,19,"",70.9631,0,0,0,0,0,0,0,0,0,0,0,0,0,0,0,0,0,0,0,0,354.248,0,-221.926,-61.3596
"MtrElec",4,29,20,"",199.264,0,0,0,0,0,0,0,0,0,0,0,0,0,0,0,0,0,0,0,0,423.481,0,-221.926,-2.291
"MtrElec",4,29,21,"",147.237,0,0,0,0,0,0,0,0,0,0,0,0,0,0,0,0,0,0,0,0,369.163,0,-221.926,0
"MtrElec",4,29,22,"",223.867,0,0,0,0,0,0,0,0,0,0,0,0,0,0,0,0,0,0,0,0,275.021,0,-51.1531,0
"MtrElec",4,29,23,"",290.783,0,0,0,0,0,0,0,0,0,0,0,0,0,0,0,0,0,0,0,0,290.783,0,0,0
"MtrElec",4,29,24,"",233.735,0,0,0,0,0,0,0,0,0,0,0,0,0,0,0,0,0,0,0,0,233.735,0,0,0
"MtrElec",4,30,1,"",144.867,0,0,0,0,0,0,0,0,0,0,0,0,0,0,0,0,0,0,0,0,144.867,0,0,0
"MtrElec",4,30,2,"",148.274,0,0,0,0,0,0,0,0,0,0,0,0,0,0,0,0,0,0,0,0,148.274,0,0,0
"MtrElec",4,30,3,"",143.805,0,0,0,0,0,0,0,0,0,0,0,0,0,0,0,0,0,0,0,0,143.805,0,0,0
"MtrElec",4,30,4,"",143.336,0,0,0,0,0,0,0,0,0,0,0,0,0,0,0,0,0,0,0,0,143.336,0,0,0
"MtrElec",4,30,5,"",143.121,0,0,0,0,0,0,0,0,0,0,0,0,0,0,0,0,0,0,0,0,143.121,0,0,0
"MtrElec",4,30,6,"",148.27,0,0,0,0,0,0,0,0,0,0,0,0,0,0,0,0,0,0,0,0,148.27,0,0,0
"MtrElec",4,30,7,"",226.318,0,0,0,0,0,0,0,0,0,0,0,0,0,0,0,0,0,0,0,0,239.033,0,0,-12.7149
"MtrElec",4,30,8,"",231.419,0,0,0,0,0,0,0,0,0,0,0,0,0,0,0,0,0,0,0,0,306.155,0,0,-74.7367
"MtrElec",4,30,9,"",244.297,0,0,0,0,0,0,0,0,0,0,0,0,0,0,0,0,0,0,0,0,392.382,0,0,-148.085
"MtrElec",4,30,10,"",230.782,0,0,0,0,0,0,0,0,0,0,0,0,0,0,0,0,0,0,0,0,442.578,0,0,-211.797
"MtrElec",4,30,11,"",143.624,0,0,0,0,0,0,0,0,0,0,0,0,0,0,0,0,0,0,0,0,395.071,0,0,-251.447
"MtrElec",4,30,12,"",0,0,0,0,0,0,0,0,0,0,0,0,0,0,0,0,0,0,0,0,0,404.625,0,35.9553,-440.58
"MtrElec",4,30,13,"",37.3224,0,0,0,0,0,0,0,0,0,0,0,0,0,0,0,0,0,0,0,0,469.893,0,0,-432.57
"MtrElec",4,30,14,"",0,0,0,0,0,0,0,0,0,0,0,0,0,0,0,0,0,0,0,0,0,376.496,0,18.0255,-394.521
"MtrElec",4,30,15,"",0,0,0,0,0,0,0,0,0,0,0,0,0,0,0,0,0,0,0,0,0,379.942,0,6.49522,-386.437
"MtrElec",4,30,16,"",56.7786,0,0,0,0,0,0,0,0,0,0,0,0,0,0,0,0,0,0,0,0,331.676,0,0,-274.897
"MtrElec",4,30,17,"",138.296,0,0,0,0,0,0,0,0,0,0,0,0,0,0,0,0,0,0,0,0,370.361,0,0,-232.064
"MtrElec",4,30,18,"",217.809,0,0,0,0,0,0,0,0,0,0,0,0,0,0,0,0,0,0,0,0,384.64,0,0,-166.831
"MtrElec",4,30,19,"",275.368,0,0,0,0,0,0,0,0,0,0,0,0,0,0,0,0,0,0,0,0,390.751,0,-54.5796,-60.804
"MtrElec",4,30,20,"",402.282,0,0,0,0,0,0,0,0,0,0,0,0,0,0,0,0,0,0,0,0,406.939,0,0,-4.65622
"MtrElec",4,30,21,"",389.066,0,0,0,0,0,0,0,0,0,0,0,0,0,0,0,0,0,0,0,0,389.066,0,0,0
"MtrElec",4,30,22,"",323.243,0,0,0,0,0,0,0,0,0,0,0,0,0,0,0,0,0,0,0,0,323.243,0,0,0
"MtrElec",4,30,23,"",254.541,0,0,0,0,0,0,0,0,0,0,0,0,0,0,0,0,0,0,0,0,254.541,0,0,0
"MtrElec",4,30,24,"",206.581,0,0,0,0,0,0,0,0,0,0,0,0,0,0,0,0,0,0,0,0,206.581,0,0,0
"MtrElec",5,1,1,"",197.601,0,0,0,0,0,0,0,0,0,0,0,0,0,0,0,0,0,0,0,0,197.601,0,0,0
"MtrElec",5,1,2,"",163.317,0,0,0,0,0,0,0,0,0,0,0,0,0,0,0,0,0,0,0,0,163.317,0,0,0
"MtrElec",5,1,3,"",143.528,0,0,0,0,0,0,0,0,0,0,0,0,0,0,0,0,0,0,0,0,143.528,0,0,0
"MtrElec",5,1,4,"",140.489,0,0,0,0,0,0,0,0,0,0,0,0,0,0,0,0,0,0,0,0,140.489,0,0,0
"MtrElec",5,1,5,"",138.125,0,0,0,0,0,0,0,0,0,0,0,0,0,0,0,0,0,0,0,0,138.125,0,0,0
"MtrElec",5,1,6,"",140.466,0,0,0,0,0,0,0,0,0,0,0,0,0,0,0,0,0,0,0,0,140.466,0,0,0
"MtrElec",5,1,7,"",210.487,0,0,0,0,0,0,0,0,0,0,0,0,0,0,0,0,0,0,0,0,224.944,0,0,-14.4571
"MtrElec",5,1,8,"",164.319,0,0,0,0,0,0,0,0,0,0,0,0,0,0,0,0,0,0,0,0,287.101,0,0,-122.782
"MtrElec",5,1,9,"",113.621,0,0,0,0,0,0,0,0,0,0,0,0,0,0,0,0,0,0,0,0,416.244,0,0,-302.622
"MtrElec",5,1,10,"",-5.17094,0,0,0,0,0,0,0,0,0,0,0,0,0,0,0,0,0,0,0,0,451.44,0,0,-456.611
"MtrElec",5,1,11,"",0,0,0,0,0,0,0,0,0,0,0,0,0,0,0,0,0,0,0,0,0,476.393,0,102.184,-578.577
"MtrElec",5,1,12,"",0,0,0,0,0,0,0,0,0,0,0,0,0,0,0,0,0,0,0,0,0,467.453,0,184.551,-652.003
"MtrElec",5,1,13,"",-19.6254,0,0,0,0,0,0,0,0,0,0,0,0,0,0,0,0,0,0,0,0,445.98,0,221.926,-687.531
"MtrElec",5,1,14,"",-71.5741,0,0,0,0,0,0,0,0,0,0,0,0,0,0,0,0,0,0,0,0,394.3,0,221.926,-687.8
"MtrElec",5,1,15,"",-174.534,0,0,0,0,0,0,0,0,0,0,0,0,0,0,0,0,0,0,0,0,402.37,0,63.7962,-640.7
"MtrElec",5,1,16,"",-181.806,0,0,0,0,0,0,0,0,0,0,0,0,0,0,0,0,0,0,0,0,360.479,0,0,-542.285
"MtrElec",5,1,17,"",33.0183,0,0,0,0,0,0,0,0,0,0,0,0,0,0,0,0,0,0,0,0,431.588,0,0,-398.57
"MtrElec",5,1,18,"",183.931,0,0,0,0,0,0,0,0,0,0,0,0,0,0,0,0,0,0,0,0,408.563,0,0,-224.632
"MtrElec",5,1,19,"",188.36,0,0,0,0,0,0,0,0,0,0,0,0,0,0,0,0,0,0,0,0,469.592,0,-221.926,-59.307
"MtrElec",5,1,20,"",204.394,0,0,0,0,0,0,0,0,0,0,0,0,0,0,0,0,0,0,0,0,426.637,0,-221.926,-0.316935
"MtrElec",5,1,21,"",227.999,0,0,0,0,0,0,0,0,0,0,0,0,0,0,0,0,0,0,0,0,449.925,0,-221.926,0
"MtrElec",5,1,22,"",185.957,0,0,0,0,0,0,0,0,0,0,0,0,0,0,0,0,0,0,0,0,237.11,0,-51.1531,0
"MtrElec",5,1,23,"",265.11,0,0,0,0,0,0,0,0,0,0,0,0,0,0,0,0,0,0,0,0,265.11,0,0,0
"MtrElec",5,1,24,"",236.565,0,0,0,0,0,0,0,0,0,0,0,0,0,0,0,0,0,0,0,0,236.565,0,0,0
"MtrElec",5,2,1,"",175.296,0,0,0,0,0,0,0,0,0,0,0,0,0,0,0,0,0,0,0,0,175.296,0,0,0
"MtrElec",5,2,2,"",143.855,0,0,0,0,0,0,0,0,0,0,0,0,0,0,0,0,0,0,0,0,143.855,0,0,0
"MtrElec",5,2,3,"",142.013,0,0,0,0,0,0,0,0,0,0,0,0,0,0,0,0,0,0,0,0,142.013,0,0,0
"MtrElec",5,2,4,"",143.355,0,0,0,0,0,0,0,0,0,0,0,0,0,0,0,0,0,0,0,0,143.355,0,0,0
"MtrElec",5,2,5,"",168.93,0,0,0,0,0,0,0,0,0,0,0,0,0,0,0,0,0,0,0,0,168.93,0,0,0
"MtrElec",5,2,6,"",183.58,0,0,0,0,0,0,0,0,0,0,0,0,0,0,0,0,0,0,0,0,183.58,0,0,0
"MtrElec",5,2,7,"",160.736,0,0,0,0,0,0,0,0,0,0,0,0,0,0,0,0,0,0,0,0,174.945,0,0,-14.2094
"MtrElec",5,2,8,"",124.091,0,0,0,0,0,0,0,0,0,0,0,0,0,0,0,0,0,0,0,0,245.539,0,0,-121.448
"MtrElec",5,2,9,"",-10.1485,0,0,0,0,0,0,0,0,0,0,0,0,0,0,0,0,0,0,0,0,288.489,0,0,-298.638
"MtrElec",5,2,10,"",-40.2076,0,0,0,0,0,0,0,0,0,0,0,0,0,0,0,0,0,0,0,0,411.507,0,0,-451.715
"MtrElec",5,2,11,"",0,0,0,0,0,0,0,0,0,0,0,0,0,0,0,0,0,0,0,0,0,494.566,0,66.144,-560.71
"MtrElec",5,2,12,"",0,0,0,0,0,0,0,0,0,0,0,0,0,0,0,0,0,0,0,0,0,498.913,0,133.168,-632.08
"MtrElec",5,2,13,"",0,0,0,0,0,0,0,0,0,0,0,0,0,0,0,0,0,0,0,0,0,480.419,0,115.609,-596.028
"MtrElec",5,2,14,"",0,0,0,0,0,0,0,0,0,0,0,0,0,0,0,0,0,0,0,0,0,447.161,0,182.067,-629.228
"MtrElec",5,2,15,"",0,0,0,0,0,0,0,0,0,0,0,0,0,0,0,0,0,0,0,0,0,476.584,0,161.701,-638.285
"MtrElec",5,2,16,"",0.0000039,0,0,0,0,0,0,0,0,0,0,0,0,0,0,0,0,0,0,0,0,472.083,0,65.4346,-537.518
"MtrElec",5,2,17,"",76.5995,0,0,0,0,0,0,0,0,0,0,0,0,0,0,0,0,0,0,0,0,475.342,0,0,-398.742
"MtrElec",5,2,18,"",284.007,0,0,0,0,0,0,0,0,0,0,0,0,0,0,0,0,0,0,0,0,507.928,0,0,-223.921
"MtrElec",5,2,19,"",215.093,0,0,0,0,0,0,0,0,0,0,0,0,0,0,0,0,0,0,0,0,495.555,0,-221.926,-58.5364
"MtrElec",5,2,20,"",200.792,0,0,0,0,0,0,0,0,0,0,0,0,0,0,0,0,0,0,0,0,423.058,0,-221.926,-0.340101
"MtrElec",5,2,21,"",105.205,0,0,0,0,0,0,0,0,0,0,0,0,0,0,0,0,0,0,0,0,314.874,0,-209.669,0
"MtrElec",5,2,22,"",306.694,0,0,0,0,0,0,0,0,0,0,0,0,0,0,0,0,0,0,0,0,306.694,0,0,0
"MtrElec",5,2,23,"",238.26,0,0,0,0,0,0,0,0,0,0,0,0,0,0,0,0,0,0,0,0,238.26,0,0,0
"MtrElec",5,2,24,"",198.477,0,0,0,0,0,0,0,0,0,0,0,0,0,0,0,0,0,0,0,0,198.477,0,0,0
"MtrElec",5,3,1,"",158.398,0,0,0,0,0,0,0,0,0,0,0,0,0,0,0,0,0,0,0,0,158.398,0,0,0
"MtrElec",5,3,2,"",144.514,0,0,0,0,0,0,0,0,0,0,0,0,0,0,0,0,0,0,0,0,144.514,0,0,0
"MtrElec",5,3,3,"",190.44,0,0,0,0,0,0,0,0,0,0,0,0,0,0,0,0,0,0,0,0,190.44,0,0,0
"MtrElec",5,3,4,"",148.047,0,0,0,0,0,0,0,0,0,0,0,0,0,0,0,0,0,0,0,0,148.047,0,0,0
"MtrElec",5,3,5,"",158.503,0,0,0,0,0,0,0,0,0,0,0,0,0,0,0,0,0,0,0,0,158.503,0,0,0
"MtrElec",5,3,6,"",146.029,0,0,0,0,0,0,0,0,0,0,0,0,0,0,0,0,0,0,0,0,146.029,0,0,0
"MtrElec",5,3,7,"",137.985,0,0,0,0,0,0,0,0,0,0,0,0,0,0,0,0,0,0,0,0,152.85,0,0,-14.8656
"MtrElec",5,3,8,"",92.1948,0,0,0,0,0,0,0,0,0,0,0,0,0,0,0,0,0,0,0,0,213.47,0,0,-121.275
"MtrElec",5,3,9,"",-33.0014,0,0,0,0,0,0,0,0,0,0,0,0,0,0,0,0,0,0,0,0,264.013,0,0,-297.014
"MtrElec",5,3,10,"",-81.7392,0,0,0,0,0,0,0,0,0,0,0,0,0,0,0,0,0,0,0,0,355.009,0,0,-436.748
"MtrElec",5,3,11,"",0,0,0,0,0,0,0,0,0,0,0,0,0,0,0,0,0,0,0,0,0,448.973,0,91.3701,-540.343
"MtrElec",5,3,12,"",0,0,0,0,0,0,0,0,0,0,0,0,0,0,0,0,0,0,0,0,0,444.926,0,194.897,-639.823
"MtrElec",5,3,13,"",0,0,0,0,0,0,0,0,0,0,0,0,0,0,0,0,0,0,0,0,0,468.753,0,211.411,-680.164
"MtrElec",5,3,14,"",0,0,0,0,0,0,0,0,0,0,0,0,0,0,0,0,0,0,0,0,0,438.184,0,221.504,-659.688
"MtrElec",5,3,15,"",-73.3089,0,0,0,0,0,0,0,0,0,0,0,0,0,0,0,0,0,0,0,0,463.157,0,75.2006,-611.667
"MtrElec",5,3,16,"",-107.544,0,0,0,0,0,0,0,0,0,0,0,0,0,0,0,0,0,0,0,0,418.049,0,0,-525.593
"MtrElec",5,3,17,"",36.7168,0,0,0,0,0,0,0,0,0,0,0,0,0,0,0,0,0,0,0,0,427.923,0,0,-391.207
"MtrElec",5,3,18,"",243.59,0,0,0,0,0,0,0,0,0,0,0,0,0,0,0,0,0,0,0,0,465.859,0,0,-222.269
"MtrElec",5,3,19,"",183.11,0,0,0,0,0,0,0,0,0,0,0,0,0,0,0,0,0,0,0,0,464.617,0,-221.926,-59.5821
"MtrElec",5,3,20,"",132.317,0,0,0,0,0,0,0,0,0,0,0,0,0,0,0,0,0,0,0,0,354.59,0,-221.926,-0.346967
"MtrElec",5,3,21,"",104.496,0,0,0,0,0,0,0,0,0,0,0,0,0,0,0,0,0,0,0,0,326.421,0,-221.926,0
"MtrElec",5,3,22,"",264.812,0,0,0,0,0,0,0,0,0,0,0,0,0,0,0,0,0,0,0,0,315.965,0,-51.1531,0
"MtrElec",5,3,23,"",187.059,0,0,0,0,0,0,0,0,0,0,0,0,0,0,0,0,0,0,0,0,187.059,0,0,0
"MtrElec",5,3,24,"",223.704,0,0,0,0,0,0,0,0,0,0,0,0,0,0,0,0,0,0,0,0,223.704,0,0,0
"MtrElec",5,4,1,"",149.604,0,0,0,0,0,0,0,0,0,0,0,0,0,0,0,0,0,0,0,0,149.604,0,0,0
"MtrElec",5,4,2,"",147.235,0,0,0,0,0,0,0,0,0,0,0,0,0,0,0,0,0,0,0,0,147.235,0,0,0
"MtrElec",5,4,3,"",147.455,0,0,0,0,0,0,0,0,0,0,0,0,0,0,0,0,0,0,0,0,147.455,0,0,0
"MtrElec",5,4,4,"",147.279,0,0,0,0,0,0,0,0,0,0,0,0,0,0,0,0,0,0,0,0,147.279,0,0,0
"MtrElec",5,4,5,"",142.643,0,0,0,0,0,0,0,0,0,0,0,0,0,0,0,0,0,0,0,0,142.643,0,0,0
"MtrElec",5,4,6,"",184.334,0,0,0,0,0,0,0,0,0,0,0,0,0,0,0,0,0,0,0,0,184.334,0,0,0
"MtrElec",5,4,7,"",218.483,0,0,0,0,0,0,0,0,0,0,0,0,0,0,0,0,0,0,0,0,234.863,0,0,-16.3806
"MtrElec",5,4,8,"",210.407,0,0,0,0,0,0,0,0,0,0,0,0,0,0,0,0,0,0,0,0,335.162,0,0,-124.755
"MtrElec",5,4,9,"",57.0097,0,0,0,0,0,0,0,0,0,0,0,0,0,0,0,0,0,0,0,0,356.207,0,0,-299.197
"MtrElec",5,4,10,"",18.4533,0,0,0,0,0,0,0,0,0,0,0,0,0,0,0,0,0,0,0,0,469.531,0,0,-451.078
"MtrElec",5,4,11,"",0,0,0,0,0,0,0,0,0,0,0,0,0,0,0,0,0,0,0,0,0,517.802,0,55.6652,-573.468
"MtrElec",5,4,12,"",0,0,0,0,0,0,0,0,0,0,0,0,0,0,0,0,0,0,0,0,0,488.332,0,167.854,-656.186
"MtrElec",5,4,13,"",0,0,0,0,0,0,0,0,0,0,0,0,0,0,0,0,0,0,0,0,0,490.615,0,205.47,-696.085
"MtrElec",5,4,14,"",-77.8375,0,0,0,0,0,0,0,0,0,0,0,0,0,0,0,0,0,0,0,0,389.642,0,221.926,-689.406
"MtrElec",5,4,15,"",-67.7899,0,0,0,0,0,0,0,0,0,0,0,0,0,0,0,0,0,0,0,0,425.798,0,143.468,-637.055
"MtrElec",5,4,16,"",-96.9296,0,0,0,0,0,0,0,0,0,0,0,0,0,0,0,0,0,0,0,0,445.687,0,0,-542.616
"MtrElec",5,4,17,"",66.0798,0,0,0,0,0,0,0,0,0,0,0,0,0,0,0,0,0,0,0,0,469.435,0,0,-403.356
"MtrElec",5,4,18,"",191.578,0,0,0,0,0,0,0,0,0,0,0,0,0,0,0,0,0,0,0,0,420.277,0,0,-228.698
"MtrElec",5,4,19,"",133.543,0,0,0,0,0,0,0,0,0,0,0,0,0,0,0,0,0,0,0,0,417.107,0,-221.926,-61.6377
"MtrElec",5,4,20,"",183.91,0,0,0,0,0,0,0,0,0,0,0,0,0,0,0,0,0,0,0,0,408.682,0,-221.926,-2.84656
"MtrElec",5,4,21,"",181.386,0,0,0,0,0,0,0,0,0,0,0,0,0,0,0,0,0,0,0,0,403.311,0,-221.926,0
"MtrElec",5,4,22,"",272.275,0,0,0,0,0,0,0,0,0,0,0,0,0,0,0,0,0,0,0,0,323.429,0,-51.1531,0
"MtrElec",5,4,23,"",288.478,0,0,0,0,0,0,0,0,0,0,0,0,0,0,0,0,0,0,0,0,288.478,0,0,0
"MtrElec",5,4,24,"",194.964,0,0,0,0,0,0,0,0,0,0,0,0,0,0,0,0,0,0,0,0,194.964,0,0,0
"MtrElec",5,5,1,"",146.406,0,0,0,0,0,0,0,0,0,0,0,0,0,0,0,0,0,0,0,0,146.406,0,0,0
"MtrElec",5,5,2,"",147.976,0,0,0,0,0,0,0,0,0,0,0,0,0,0,0,0,0,0,0,0,147.976,0,0,0
"MtrElec",5,5,3,"",142.183,0,0,0,0,0,0,0,0,0,0,0,0,0,0,0,0,0,0,0,0,142.183,0,0,0
"MtrElec",5,5,4,"",141.564,0,0,0,0,0,0,0,0,0,0,0,0,0,0,0,0,0,0,0,0,141.564,0,0,0
"MtrElec",5,5,5,"",140.809,0,0,0,0,0,0,0,0,0,0,0,0,0,0,0,0,0,0,0,0,140.809,0,0,0
"MtrElec",5,5,6,"",201.073,0,0,0,0,0,0,0,0,0,0,0,0,0,0,0,0,0,0,0,0,201.073,0,0,0
"MtrElec",5,5,7,"",183.045,0,0,0,0,0,0,0,0,0,0,0,0,0,0,0,0,0,0,0,0,195.801,0,0,-12.7567
"MtrElec",5,5,8,"",230.45,0,0,0,0,0,0,0,0,0,0,0,0,0,0,0,0,0,0,0,0,301.271,0,0,-70.8208
"MtrElec",5,5,9,"",220.187,0,0,0,0,0,0,0,0,0,0,0,0,0,0,0,0,0,0,0,0,358.326,0,0,-138.139
"MtrElec",5,5,10,"",157.673,0,0,0,0,0,0,0,0,0,0,0,0,0,0,0,0,0,0,0,0,357.817,0,0,-200.144
"MtrElec",5,5,11,"",24.1421,0,0,0,0,0,0,0,0,0,0,0,0,0,0,0,0,0,0,0,0,370.637,0,0,-346.495
"MtrElec",5,5,12,"",0.0000078,0,0,0,0,0,0,0,0,0,0,0,0,0,0,0,0,0,0,0,0,408.658,0,121.448,-530.106
"MtrElec",5,5,13,"",0,0,0,0,0,0,0,0,0,0,0,0,0,0,0,0,0,0,0,0,0,478.461,0,112.43,-590.891
"MtrElec",5,5,14,"",-97.2128,0,0,0,0,0,0,0,0,0,0,0,0,0,0,0,0,0,0,0,0,356.156,0,221.926,-675.294
"MtrElec",5,5,15,"",-15.1124,0,0,0,0,0,0,0,0,0,0,0,0,0,0,0,0,0,0,0,0,394.089,0,221.926,-631.127
"MtrElec",5,5,16,"",-17.111,0,0,0,0,0,0,0,0,0,0,0,0,0,0,0,0,0,0,0,0,357.875,0,116.653,-491.64
"MtrElec",5,5,17,"",49.7253,0,0,0,0,0,0,0,0,0,0,0,0,0,0,0,0,0,0,0,0,411.825,0,0,-362.099
"MtrElec",5,5,18,"",221.036,0,0,0,0,0,0,0,0,0,0,0,0,0,0,0,0,0,0,0,0,443.073,0,0,-222.037
"MtrElec",5,5,19,"",125.45,0,0,0,0,0,0,0,0,0,0,0,0,0,0,0,0,0,0,0,0,410.231,0,-221.926,-62.8553
"MtrElec",5,5,20,"",187.471,0,0,0,0,0,0,0,0,0,0,0,0,0,0,0,0,0,0,0,0,412.889,0,-221.926,-3.49232
"MtrElec",5,5,21,"",137.891,0,0,0,0,0,0,0,0,0,0,0,0,0,0,0,0,0,0,0,0,359.817,0,-221.926,0
"MtrElec",5,5,22,"",226.98,0,0,0,0,0,0,0,0,0,0,0,0,0,0,0,0,0,0,0,0,278.133,0,-51.153,0
"MtrElec",5,5,23,"",245.437,0,0,0,0,0,0,0,0,0,0,0,0,0,0,0,0,0,0,0,0,245.437,0,0,0
"MtrElec",5,5,24,"",197.292,0,0,0,0,0,0,0,0,0,0,0,0,0,0,0,0,0,0,0,0,197.292,0,0,0
"MtrElec",5,6,1,"",153.209,0,0,0,0,0,0,0,0,0,0,0,0,0,0,0,0,0,0,0,0,153.209,0,0,0
"MtrElec",5,6,2,"",147.605,0,0,0,0,0,0,0,0,0,0,0,0,0,0,0,0,0,0,0,0,147.605,0,0,0
"MtrElec",5,6,3,"",142.217,0,0,0,0,0,0,0,0,0,0,0,0,0,0,0,0,0,0,0,0,142.217,0,0,0
"MtrElec",5,6,4,"",141.252,0,0,0,0,0,0,0,0,0,0,0,0,0,0,0,0,0,0,0,0,141.252,0,0,0
"MtrElec",5,6,5,"",139.322,0,0,0,0,0,0,0,0,0,0,0,0,0,0,0,0,0,0,0,0,139.322,0,0,0
"MtrElec",5,6,6,"",185.636,0,0,0,0,0,0,0,0,0,0,0,0,0,0,0,0,0,0,0,0,185.636,0,0,0
"MtrElec",5,6,7,"",188.389,0,0,0,0,0,0,0,0,0,0,0,0,0,0,0,0,0,0,0,0,205.683,0,0,-17.2933
"MtrElec",5,6,8,"",232.6,0,0,0,0,0,0,0,0,0,0,0,0,0,0,0,0,0,0,0,0,326.122,0,0,-93.5221
"MtrElec",5,6,9,"",180.429,0,0,0,0,0,0,0,0,0,0,0,0,0,0,0,0,0,0,0,0,329.803,0,0,-149.374
"MtrElec",5,6,10,"",196.075,0,0,0,0,0,0,0,0,0,0,0,0,0,0,0,0,0,0,0,0,409.457,0,0,-213.382
"MtrElec",5,6,11,"",241.208,0,0,0,0,0,0,0,0,0,0,0,0,0,0,0,0,0,0,0,0,439.586,0,0,-198.378
"MtrElec",5,6,12,"",261.779,0,0,0,0,0,0,0,0,0,0,0,0,0,0,0,0,0,0,0,0,434.57,0,0,-172.791
"MtrElec",5,6,13,"",310.59,0,0,0,0,0,0,0,0,0,0,0,0,0,0,0,0,0,0,0,0,415.585,0,0,-104.995
"MtrElec",5,6,14,"",0,0,0,0,0,0,0,0,0,0,0,0,0,0,0,0,0,0,0,0,0,368.221,0,34.0597,-402.281
"MtrElec",5,6,15,"",0.0000020,0,0,0,0,0,0,0,0,0,0,0,0,0,0,0,0,0,0,0,0,374.834,0,27.6884,-402.522
"MtrElec",5,6,16,"",62.7943,0,0,0,0,0,0,0,0,0,0,0,0,0,0,0,0,0,0,0,0,339.239,0,0,-276.445
"MtrElec",5,6,17,"",169.707,0,0,0,0,0,0,0,0,0,0,0,0,0,0,0,0,0,0,0,0,405.325,0,0,-235.618
"MtrElec",5,6,18,"",157.139,0,0,0,0,0,0,0,0,0,0,0,0,0,0,0,0,0,0,0,0,374.278,0,0,-217.139
"MtrElec",5,6,19,"",227.661,0,0,0,0,0,0,0,0,0,0,0,0,0,0,0,0,0,0,0,0,353.986,0,-55.7277,-70.5973
"MtrElec",5,6,20,"",383.502,0,0,0,0,0,0,0,0,0,0,0,0,0,0,0,0,0,0,0,0,390.059,0,0,-6.55639
"MtrElec",5,6,21,"",350.297,0,0,0,0,0,0,0,0,0,0,0,0,0,0,0,0,0,0,0,0,350.297,0,0,0
"MtrElec",5,6,22,"",306.795,0,0,0,0,0,0,0,0,0,0,0,0,0,0,0,0,0,0,0,0,306.795,0,0,0
"MtrElec",5,6,23,"",245.64,0,0,0,0,0,0,0,0,0,0,0,0,0,0,0,0,0,0,0,0,245.64,0,0,0
"MtrElec",5,6,24,"",177.583,0,0,0,0,0,0,0,0,0,0,0,0,0,0,0,0,0,0,0,0,177.583,0,0,0
"MtrElec",5,7,1,"",171.797,0,0,0,0,0,0,0,0,0,0,0,0,0,0,0,0,0,0,0,0,171.797,0,0,0
"MtrElec",5,7,2,"",143.546,0,0,0,0,0,0,0,0,0,0,0,0,0,0,0,0,0,0,0,0,143.546,0,0,0
"MtrElec",5,7,3,"",190.108,0,0,0,0,0,0,0,0,0,0,0,0,0,0,0,0,0,0,0,0,190.108,0,0,0
"MtrElec",5,7,4,"",144.819,0,0,0,0,0,0,0,0,0,0,0,0,0,0,0,0,0,0,0,0,144.819,0,0,0
"MtrElec",5,7,5,"",144.241,0,0,0,0,0,0,0,0,0,0,0,0,0,0,0,0,0,0,0,0,144.241,0,0,0
"MtrElec",5,7,6,"",144.812,0,0,0,0,0,0,0,0,0,0,0,0,0,0,0,0,0,0,0,0,144.812,0,0,0
"MtrElec",5,7,7,"",218.276,0,0,0,0,0,0,0,0,0,0,0,0,0,0,0,0,0,0,0,0,240.314,0,0,-22.0383
"MtrElec",5,7,8,"",204.991,0,0,0,0,0,0,0,0,0,0,0,0,0,0,0,0,0,0,0,0,322.13,0,0,-117.138
"MtrElec",5,7,9,"",124.041,0,0,0,0,0,0,0,0,0,0,0,0,0,0,0,0,0,0,0,0,374.922,0,0,-250.881
"MtrElec",5,7,10,"",-43.6072,0,0,0,0,0,0,0,0,0,0,0,0,0,0,0,0,0,0,0,0,409.45,0,0,-453.057
"MtrElec",5,7,11,"",0.0000078,0,0,0,0,0,0,0,0,0,0,0,0,0,0,0,0,0,0,0,0,366.358,0,119.233,-485.591
"MtrElec",5,7,12,"",0.0000156,0,0,0,0,0,0,0,0,0,0,0,0,0,0,0,0,0,0,0,0,392.232,0,149.776,-542.008
"MtrElec",5,7,13,"",54.6324,0,0,0,0,0,0,0,0,0,0,0,0,0,0,0,0,0,0,0,0,471.752,0,0,-417.12
"MtrElec",5,7,14,"",105.911,0,0,0,0,0,0,0,0,0,0,0,0,0,0,0,0,0,0,0,0,367.3,0,0,-261.389
"MtrElec",5,7,15,"",0,0,0,0,0,0,0,0,0,0,0,0,0,0,0,0,0,0,0,0,0,329.24,0,27.6685,-356.908
"MtrElec",5,7,16,"",0,0,0,0,0,0,0,0,0,0,0,0,0,0,0,0,0,0,0,0,0,361.025,0,3.34622,-364.371
"MtrElec",5,7,17,"",120.116,0,0,0,0,0,0,0,0,0,0,0,0,0,0,0,0,0,0,0,0,338.097,0,0,-217.981
"MtrElec",5,7,18,"",377.969,0,0,0,0,0,0,0,0,0,0,0,0,0,0,0,0,0,0,0,0,390.308,0,0,-12.3388
"MtrElec",5,7,19,"",102.981,0,0,0,0,0,0,0,0,0,0,0,0,0,0,0,0,0,0,0,0,373.377,0,-221.926,-48.4701
"MtrElec",5,7,20,"",349.025,0,0,0,0,0,0,0,0,0,0,0,0,0,0,0,0,0,0,0,0,402.711,0,-48.8449,-4.84138
"MtrElec",5,7,21,"",375.441,0,0,0,0,0,0,0,0,0,0,0,0,0,0,0,0,0,0,0,0,375.441,0,0,0
"MtrElec",5,7,22,"",239.057,0,0,0,0,0,0,0,0,0,0,0,0,0,0,0,0,0,0,0,0,239.057,0,0,0
"MtrElec",5,7,23,"",267.406,0,0,0,0,0,0,0,0,0,0,0,0,0,0,0,0,0,0,0,0,267.406,0,0,0
"MtrElec",5,7,24,"",211.295,0,0,0,0,0,0,0,0,0,0,0,0,0,0,0,0,0,0,0,0,211.295,0,0,0
"MtrElec",5,8,1,"",146.538,0,0,0,0,0,0,0,0,0,0,0,0,0,0,0,0,0,0,0,0,146.538,0,0,0
"MtrElec",5,8,2,"",186.704,0,0,0,0,0,0,0,0,0,0,0,0,0,0,0,0,0,0,0,0,186.704,0,0,0
"MtrElec",5,8,3,"",144.012,0,0,0,0,0,0,0,0,0,0,0,0,0,0,0,0,0,0,0,0,144.012,0,0,0
"MtrElec",5,8,4,"",157.477,0,0,0,0,0,0,0,0,0,0,0,0,0,0,0,0,0,0,0,0,157.477,0,0,0
"MtrElec",5,8,5,"",149.3,0,0,0,0,0,0,0,0,0,0,0,0,0,0,0,0,0,0,0,0,149.3,0,0,0
"MtrElec",5,8,6,"",139.737,0,0,0,0,0,0,0,0,0,0,0,0,0,0,0,0,0,0,0,0,139.737,0,0,0
"MtrElec",5,8,7,"",207.734,0,0,0,0,0,0,0,0,0,0,0,0,0,0,0,0,0,0,0,0,225.451,0,0,-17.7166
"MtrElec",5,8,8,"",155.938,0,0,0,0,0,0,0,0,0,0,0,0,0,0,0,0,0,0,0,0,290.309,0,0,-134.371
"MtrElec",5,8,9,"",26.5006,0,0,0,0,0,0,0,0,0,0,0,0,0,0,0,0,0,0,0,0,342.415,0,0,-315.914
"MtrElec",5,8,10,"",-91.7208,0,0,0,0,0,0,0,0,0,0,0,0,0,0,0,0,0,0,0,0,387.172,0,0,-478.893
"MtrElec",5,8,11,"",0,0,0,0,0,0,0,0,0,0,0,0,0,0,0,0,0,0,0,0,0,443.885,0,152.154,-596.039
"MtrElec",5,8,12,"",-42.7319,0,0,0,0,0,0,0,0,0,0,0,0,0,0,0,0,0,0,0,0,400.916,0,221.926,-665.574
"MtrElec",5,8,13,"",-103.255,0,0,0,0,0,0,0,0,0,0,0,0,0,0,0,0,0,0,0,0,381.371,0,221.926,-706.552
"MtrElec",5,8,14,"",-102.222,0,0,0,0,0,0,0,0,0,0,0,0,0,0,0,0,0,0,0,0,382.098,0,198.377,-682.697
"MtrElec",5,8,15,"",-205.633,0,0,0,0,0,0,0,0,0,0,0,0,0,0,0,0,0,0,0,0,324.046,0,0,-529.679
"MtrElec",5,8,16,"",-70.9792,0,0,0,0,0,0,0,0,0,0,0,0,0,0,0,0,0,0,0,0,378.614,0,0,-449.594
"MtrElec",5,8,17,"",57.1302,0,0,0,0,0,0,0,0,0,0,0,0,0,0,0,0,0,0,0,0,433.11,0,0,-375.98
"MtrElec",5,8,18,"",150.396,0,0,0,0,0,0,0,0,0,0,0,0,0,0,0,0,0,0,0,0,378.806,0,0,-228.41
"MtrElec",5,8,19,"",91.9988,0,0,0,0,0,0,0,0,0,0,0,0,0,0,0,0,0,0,0,0,380.205,0,-221.926,-66.28
"MtrElec",5,8,20,"",148.827,0,0,0,0,0,0,0,0,0,0,0,0,0,0,0,0,0,0,0,0,377.216,0,-221.926,-6.46319
"MtrElec",5,8,21,"",134.994,0,0,0,0,0,0,0,0,0,0,0,0,0,0,0,0,0,0,0,0,356.92,0,-221.926,0
"MtrElec",5,8,22,"",220.628,0,0,0,0,0,0,0,0,0,0,0,0,0,0,0,0,0,0,0,0,271.781,0,-51.1531,0
"MtrElec",5,8,23,"",251.622,0,0,0,0,0,0,0,0,0,0,0,0,0,0,0,0,0,0,0,0,251.622,0,0,0
"MtrElec",5,8,24,"",172.819,0,0,0,0,0,0,0,0,0,0,0,0,0,0,0,0,0,0,0,0,172.819,0,0,0
"MtrElec",5,9,1,"",170.593,0,0,0,0,0,0,0,0,0,0,0,0,0,0,0,0,0,0,0,0,170.593,0,0,0
"MtrElec",5,9,2,"",144.802,0,0,0,0,0,0,0,0,0,0,0,0,0,0,0,0,0,0,0,0,144.802,0,0,0
"MtrElec",5,9,3,"",148.808,0,0,0,0,0,0,0,0,0,0,0,0,0,0,0,0,0,0,0,0,148.808,0,0,0
"MtrElec",5,9,4,"",195.114,0,0,0,0,0,0,0,0,0,0,0,0,0,0,0,0,0,0,0,0,195.114,0,0,0
"MtrElec",5,9,5,"",176.46,0,0,0,0,0,0,0,0,0,0,0,0,0,0,0,0,0,0,0,0,176.46,0,0,0
"MtrElec",5,9,6,"",142.149,0,0,0,0,0,0,0,0,0,0,0,0,0,0,0,0,0,0,0,0,142.149,0,0,0
"MtrElec",5,9,7,"",152.7,0,0,0,0,0,0,0,0,0,0,0,0,0,0,0,0,0,0,0,0,163.481,0,0,-10.7806
"MtrElec",5,9,8,"",197.688,0,0,0,0,0,0,0,0,0,0,0,0,0,0,0,0,0,0,0,0,255.564,0,0,-57.8766
"MtrElec",5,9,9,"",216.319,0,0,0,0,0,0,0,0,0,0,0,0,0,0,0,0,0,0,0,0,321.434,0,0,-105.115
"MtrElec",5,9,10,"",322.56,0,0,0,0,0,0,0,0,0,0,0,0,0,0,0,0,0,0,0,0,421.44,0,0,-98.88
"MtrElec",5,9,11,"",196.802,0,0,0,0,0,0,0,0,0,0,0,0,0,0,0,0,0,0,0,0,482.285,0,0,-285.484
"MtrElec",5,9,12,"",184.121,0,0,0,0,0,0,0,0,0,0,0,0,0,0,0,0,0,0,0,0,464.048,0,0,-279.926
"MtrElec",5,9,13,"",126.172,0,0,0,0,0,0,0,0,0,0,0,0,0,0,0,0,0,0,0,0,448.017,0,0,-321.845
"MtrElec",5,9,14,"",46.7775,0,0,0,0,0,0,0,0,0,0,0,0,0,0,0,0,0,0,0,0,416.51,0,0,-369.732
"MtrElec",5,9,15,"",0,0,0,0,0,0,0,0,0,0,0,0,0,0,0,0,0,0,0,0,0,403.892,0,178.813,-582.705
"MtrElec",5,9,16,"",0,0,0,0,0,0,0,0,0,0,0,0,0,0,0,0,0,0,0,0,0,392.127,0,137.376,-529.502
"MtrElec",5,9,17,"",19.1768,0,0,0,0,0,0,0,0,0,0,0,0,0,0,0,0,0,0,0,0,408.249,0,0,-389.072
"MtrElec",5,9,18,"",199.825,0,0,0,0,0,0,0,0,0,0,0,0,0,0,0,0,0,0,0,0,421.529,0,0,-221.704
"MtrElec",5,9,19,"",98.5609,0,0,0,0,0,0,0,0,0,0,0,0,0,0,0,0,0,0,0,0,391.543,0,-221.926,-71.0564
"MtrElec",5,9,20,"",299.17,0,0,0,0,0,0,0,0,0,0,0,0,0,0,0,0,0,0,0,0,369.03,0,-63.4349,-6.42503
"MtrElec",5,9,21,"",285.505,0,0,0,0,0,0,0,0,0,0,0,0,0,0,0,0,0,0,0,0,285.505,0,0,0
"MtrElec",5,9,22,"",283.917,0,0,0,0,0,0,0,0,0,0,0,0,0,0,0,0,0,0,0,0,283.917,0,0,0
"MtrElec",5,9,23,"",227.876,0,0,0,0,0,0,0,0,0,0,0,0,0,0,0,0,0,0,0,0,227.876,0,0,0
"MtrElec",5,9,24,"",183.433,0,0,0,0,0,0,0,0,0,0,0,0,0,0,0,0,0,0,0,0,183.433,0,0,0
"MtrElec",5,10,1,"",162.034,0,0,0,0,0,0,0,0,0,0,0,0,0,0,0,0,0,0,0,0,162.034,0,0,0
"MtrElec",5,10,2,"",142.303,0,0,0,0,0,0,0,0,0,0,0,0,0,0,0,0,0,0,0,0,142.303,0,0,0
"MtrElec",5,10,3,"",141.374,0,0,0,0,0,0,0,0,0,0,0,0,0,0,0,0,0,0,0,0,141.374,0,0,0
"MtrElec",5,10,4,"",181.153,0,0,0,0,0,0,0,0,0,0,0,0,0,0,0,0,0,0,0,0,181.153,0,0,0
"MtrElec",5,10,5,"",145.976,0,0,0,0,0,0,0,0,0,0,0,0,0,0,0,0,0,0,0,0,145.976,0,0,0
"MtrElec",5,10,6,"",140.891,0,0,0,0,0,0,0,0,0,0,0,0,0,0,0,0,0,0,0,0,140.891,0,0,0
"MtrElec",5,10,7,"",145.639,0,0,0,0,0,0,0,0,0,0,0,0,0,0,0,0,0,0,0,0,151.964,0,0,-6.32526
"MtrElec",5,10,8,"",185.4,0,0,0,0,0,0,0,0,0,0,0,0,0,0,0,0,0,0,0,0,226.867,0,0,-41.4671
"MtrElec",5,10,9,"",190.637,0,0,0,0,0,0,0,0,0,0,0,0,0,0,0,0,0,0,0,0,264.02,0,0,-73.3837
"MtrElec",5,10,10,"",229.326,0,0,0,0,0,0,0,0,0,0,0,0,0,0,0,0,0,0,0,0,315.746,0,0,-86.4197
"MtrElec",5,10,11,"",230.38,0,0,0,0,0,0,0,0,0,0,0,0,0,0,0,0,0,0,0,0,375.888,0,0,-145.508
"MtrElec",5,10,12,"",274.366,0,0,0,0,0,0,0,0,0,0,0,0,0,0,0,0,0,0,0,0,344.851,0,0,-70.4852
"MtrElec",5,10,13,"",303.418,0,0,0,0,0,0,0,0,0,0,0,0,0,0,0,0,0,0,0,0,398.333,0,0,-94.9153
"MtrElec",5,10,14,"",124.506,0,0,0,0,0,0,0,0,0,0,0,0,0,0,0,0,0,0,0,0,334.186,0,0,-209.68
"MtrElec",5,10,15,"",59.4706,0,0,0,0,0,0,0,0,0,0,0,0,0,0,0,0,0,0,0,0,382.095,0,0,-322.624
"MtrElec",5,10,16,"",134.23,0,0,0,0,0,0,0,0,0,0,0,0,0,0,0,0,0,0,0,0,334.5,0,0,-200.27
"MtrElec",5,10,17,"",193.232,0,0,0,0,0,0,0,0,0,0,0,0,0,0,0,0,0,0,0,0,338.498,0,0,-145.266
"MtrElec",5,10,18,"",272.683,0,0,0,0,0,0,0,0,0,0,0,0,0,0,0,0,0,0,0,0,350.44,0,0,-77.7576
"MtrElec",5,10,19,"",365.881,0,0,0,0,0,0,0,0,0,0,0,0,0,0,0,0,0,0,0,0,425.832,0,0,-59.9505
"MtrElec",5,10,20,"",331.712,0,0,0,0,0,0,0,0,0,0,0,0,0,0,0,0,0,0,0,0,338.771,0,0,-7.05846
"MtrElec",5,10,21,"",305.961,0,0,0,0,0,0,0,0,0,0,0,0,0,0,0,0,0,0,0,0,305.961,0,0,0
"MtrElec",5,10,22,"",302.925,0,0,0,0,0,0,0,0,0,0,0,0,0,0,0,0,0,0,0,0,302.925,0,0,0
"MtrElec",5,10,23,"",241.929,0,0,0,0,0,0,0,0,0,0,0,0,0,0,0,0,0,0,0,0,241.929,0,0,0
"MtrElec",5,10,24,"",204.384,0,0,0,0,0,0,0,0,0,0,0,0,0,0,0,0,0,0,0,0,204.384,0,0,0
"MtrElec",5,11,1,"",147.95,0,0,0,0,0,0,0,0,0,0,0,0,0,0,0,0,0,0,0,0,147.95,0,0,0
"MtrElec",5,11,2,"",145.6,0,0,0,0,0,0,0,0,0,0,0,0,0,0,0,0,0,0,0,0,145.6,0,0,0
"MtrElec",5,11,3,"",143.859,0,0,0,0,0,0,0,0,0,0,0,0,0,0,0,0,0,0,0,0,143.859,0,0,0
"MtrElec",5,11,4,"",141.663,0,0,0,0,0,0,0,0,0,0,0,0,0,0,0,0,0,0,0,0,141.663,0,0,0
"MtrElec",5,11,5,"",140.015,0,0,0,0,0,0,0,0,0,0,0,0,0,0,0,0,0,0,0,0,140.015,0,0,0
"MtrElec",5,11,6,"",192.266,0,0,0,0,0,0,0,0,0,0,0,0,0,0,0,0,0,0,0,0,192.266,0,0,0
"MtrElec",5,11,7,"",177.761,0,0,0,0,0,0,0,0,0,0,0,0,0,0,0,0,0,0,0,0,200.414,0,0,-22.6524
"MtrElec",5,11,8,"",211.987,0,0,0,0,0,0,0,0,0,0,0,0,0,0,0,0,0,0,0,0,346.769,0,0,-134.782
"MtrElec",5,11,9,"",31.9514,0,0,0,0,0,0,0,0,0,0,0,0,0,0,0,0,0,0,0,0,337.976,0,0,-306.025
"MtrElec",5,11,10,"",-66.9212,0,0,0,0,0,0,0,0,0,0,0,0,0,0,0,0,0,0,0,0,402.073,0,0,-468.994
"MtrElec",5,11,11,"",0,0,0,0,0,0,0,0,0,0,0,0,0,0,0,0,0,0,0,0,0,436.222,0,159.121,-595.343
"MtrElec",5,11,12,"",-46.9746,0,0,0,0,0,0,0,0,0,0,0,0,0,0,0,0,0,0,0,0,406.021,0,221.926,-674.921
"MtrElec",5,11,13,"",-82.9713,0,0,0,0,0,0,0,0,0,0,0,0,0,0,0,0,0,0,0,0,403.165,0,221.926,-708.062
"MtrElec",5,11,14,"",-108.608,0,0,0,0,0,0,0,0,0,0,0,0,0,0,0,0,0,0,0,0,397.63,0,191.41,-697.648
"MtrElec",5,11,15,"",-271.485,0,0,0,0,0,0,0,0,0,0,0,0,0,0,0,0,0,0,0,0,377.035,0,0,-648.52
"MtrElec",5,11,16,"",-177.335,0,0,0,0,0,0,0,0,0,0,0,0,0,0,0,0,0,0,0,0,375.015,0,0,-552.349
"MtrElec",5,11,17,"",38.6952,0,0,0,0,0,0,0,0,0,0,0,0,0,0,0,0,0,0,0,0,449.99,0,0,-411.294
"MtrElec",5,11,18,"",184.963,0,0,0,0,0,0,0,0,0,0,0,0,0,0,0,0,0,0,0,0,421.478,0,0,-236.515
"MtrElec",5,11,19,"",114.369,0,0,0,0,0,0,0,0,0,0,0,0,0,0,0,0,0,0,0,0,403.056,0,-221.926,-66.7607
"MtrElec",5,11,20,"",138.213,0,0,0,0,0,0,0,0,0,0,0,0,0,0,0,0,0,0,0,0,366.003,0,-221.926,-5.86462
"MtrElec",5,11,21,"",114.829,0,0,0,0,0,0,0,0,0,0,0,0,0,0,0,0,0,0,0,0,336.754,0,-221.926,0
"MtrElec",5,11,22,"",226.297,0,0,0,0,0,0,0,0,0,0,0,0,0,0,0,0,0,0,0,0,277.45,0,-51.1531,0
"MtrElec",5,11,23,"",255.98,0,0,0,0,0,0,0,0,0,0,0,0,0,0,0,0,0,0,0,0,255.98,0,0,0
"MtrElec",5,11,24,"",171.37,0,0,0,0,0,0,0,0,0,0,0,0,0,0,0,0,0,0,0,0,171.37,0,0,0
"MtrElec",5,12,1,"",150.687,0,0,0,0,0,0,0,0,0,0,0,0,0,0,0,0,0,0,0,0,150.687,0,0,0
"MtrElec",5,12,2,"",147.309,0,0,0,0,0,0,0,0,0,0,0,0,0,0,0,0,0,0,0,0,147.309,0,0,0
"MtrElec",5,12,3,"",182.656,0,0,0,0,0,0,0,0,0,0,0,0,0,0,0,0,0,0,0,0,182.656,0,0,0
"MtrElec",5,12,4,"",148.693,0,0,0,0,0,0,0,0,0,0,0,0,0,0,0,0,0,0,0,0,148.693,0,0,0
"MtrElec",5,12,5,"",136.658,0,0,0,0,0,0,0,0,0,0,0,0,0,0,0,0,0,0,0,0,136.658,0,0,0
"MtrElec",5,12,6,"",172.702,0,0,0,0,0,0,0,0,0,0,0,0,0,0,0,0,0,0,0,0,172.702,0,0,0
"MtrElec",5,12,7,"",238.742,0,0,0,0,0,0,0,0,0,0,0,0,0,0,0,0,0,0,0,0,258.967,0,0,-20.2251
"MtrElec",5,12,8,"",201.117,0,0,0,0,0,0,0,0,0,0,0,0,0,0,0,0,0,0,0,0,292.492,0,0,-91.3747
"MtrElec",5,12,9,"",171.122,0,0,0,0,0,0,0,0,0,0,0,0,0,0,0,0,0,0,0,0,352.256,0,0,-181.134
"MtrElec",5,12,10,"",27.7886,0,0,0,0,0,0,0,0,0,0,0,0,0,0,0,0,0,0,0,0,411.48,0,0,-383.692
"MtrElec",5,12,11,"",0,0,0,0,0,0,0,0,0,0,0,0,0,0,0,0,0,0,0,0,0,428.026,0,152.47,-580.495
"MtrElec",5,12,12,"",-33.1143,0,0,0,0,0,0,0,0,0,0,0,0,0,0,0,0,0,0,0,0,412.668,0,221.926,-667.708
"MtrElec",5,12,13,"",-48.9064,0,0,0,0,0,0,0,0,0,0,0,0,0,0,0,0,0,0,0,0,426.084,0,221.926,-696.916
"MtrElec",5,12,14,"",-133.633,0,0,0,0,0,0,0,0,0,0,0,0,0,0,0,0,0,0,0,0,350.478,0,198.061,-682.172
"MtrElec",5,12,15,"",-236.673,0,0,0,0,0,0,0,0,0,0,0,0,0,0,0,0,0,0,0,0,393.993,0,0,-630.666
"MtrElec",5,12,16,"",-152.479,0,0,0,0,0,0,0,0,0,0,0,0,0,0,0,0,0,0,0,0,390.54,0,0,-543.019
"MtrElec",5,12,17,"",-30.7054,0,0,0,0,0,0,0,0,0,0,0,0,0,0,0,0,0,0,0,0,380.969,0,0,-411.674
"MtrElec",5,12,18,"",182.647,0,0,0,0,0,0,0,0,0,0,0,0,0,0,0,0,0,0,0,0,418.85,0,0,-236.204
"MtrElec",5,12,19,"",120.688,0,0,0,0,0,0,0,0,0,0,0,0,0,0,0,0,0,0,0,0,409,0,-221.926,-66.3861
"MtrElec",5,12,20,"",179.455,0,0,0,0,0,0,0,0,0,0,0,0,0,0,0,0,0,0,0,0,407.836,0,-221.926,-6.45526
"MtrElec",5,12,21,"",166.4,0,0,0,0,0,0,0,0,0,0,0,0,0,0,0,0,0,0,0,0,388.325,0,-221.926,0
"MtrElec",5,12,22,"",231.184,0,0,0,0,0,0,0,0,0,0,0,0,0,0,0,0,0,0,0,0,282.338,0,-51.1531,0
"MtrElec",5,12,23,"",253.733,0,0,0,0,0,0,0,0,0,0,0,0,0,0,0,0,0,0,0,0,253.733,0,0,0
"MtrElec",5,12,24,"",186.919,0,0,0,0,0,0,0,0,0,0,0,0,0,0,0,0,0,0,0,0,186.919,0,0,0
"MtrElec",5,13,1,"",149.365,0,0,0,0,0,0,0,0,0,0,0,0,0,0,0,0,0,0,0,0,149.365,0,0,0
"MtrElec",5,13,2,"",146.999,0,0,0,0,0,0,0,0,0,0,0,0,0,0,0,0,0,0,0,0,146.999,0,0,0
"MtrElec",5,13,3,"",146.068,0,0,0,0,0,0,0,0,0,0,0,0,0,0,0,0,0,0,0,0,146.068,0,0,0
"MtrElec",5,13,4,"",152.866,0,0,0,0,0,0,0,0,0,0,0,0,0,0,0,0,0,0,0,0,152.866,0,0,0
"MtrElec",5,13,5,"",186.638,0,0,0,0,0,0,0,0,0,0,0,0,0,0,0,0,0,0,0,0,186.638,0,0,0
"MtrElec",5,13,6,"",147.469,0,0,0,0,0,0,0,0,0,0,0,0,0,0,0,0,0,0,0,0,147.469,0,0,0
"MtrElec",5,13,7,"",242.647,0,0,0,0,0,0,0,0,0,0,0,0,0,0,0,0,0,0,0,0,262.118,0,0,-19.4707
"MtrElec",5,13,8,"",178.462,0,0,0,0,0,0,0,0,0,0,0,0,0,0,0,0,0,0,0,0,320.592,0,0,-142.131
"MtrElec",5,13,9,"",46.9105,0,0,0,0,0,0,0,0,0,0,0,0,0,0,0,0,0,0,0,0,377.949,0,0,-331.039
"MtrElec",5,13,10,"",-118.833,0,0,0,0,0,0,0,0,0,0,0,0,0,0,0,0,0,0,0,0,370.637,0,0,-489.47
"MtrElec",5,13,11,"",0,0,0,0,0,0,0,0,0,0,0,0,0,0,0,0,0,0,0,0,0,426.92,0,184.367,-611.287
"MtrElec",5,13,12,"",-33.3326,0,0,0,0,0,0,0,0,0,0,0,0,0,0,0,0,0,0,0,0,434.645,0,221.926,-689.904
"MtrElec",5,13,13,"",-33.0773,0,0,0,0,0,0,0,0,0,0,0,0,0,0,0,0,0,0,0,0,468.61,0,221.926,-723.613
"MtrElec",5,13,14,"",-174.585,0,0,0,0,0,0,0,0,0,0,0,0,0,0,0,0,0,0,0,0,379.71,0,166.164,-720.459
"MtrElec",5,13,15,"",-330.855,0,0,0,0,0,0,0,0,0,0,0,0,0,0,0,0,0,0,0,0,332.775,0,0,-663.631
"MtrElec",5,13,16,"",-162.815,0,0,0,0,0,0,0,0,0,0,0,0,0,0,0,0,0,0,0,0,394.754,0,0,-557.569
"MtrElec",5,13,17,"",-12.8446,0,0,0,0,0,0,0,0,0,0,0,0,0,0,0,0,0,0,0,0,407.495,0,0,-420.339
"MtrElec",5,13,18,"",182.871,0,0,0,0,0,0,0,0,0,0,0,0,0,0,0,0,0,0,0,0,424.607,0,0,-241.735
"MtrElec",5,13,19,"",98.9823,0,0,0,0,0,0,0,0,0,0,0,0,0,0,0,0,0,0,0,0,390.68,0,-221.926,-69.7718
"MtrElec",5,13,20,"",172.095,0,0,0,0,0,0,0,0,0,0,0,0,0,0,0,0,0,0,0,0,401.097,0,-221.926,-7.07587
"MtrElec",5,13,21,"",121.489,0,0,0,0,0,0,0,0,0,0,0,0,0,0,0,0,0,0,0,0,343.415,0,-221.926,0
"MtrElec",5,13,22,"",214.581,0,0,0,0,0,0,0,0,0,0,0,0,0,0,0,0,0,0,0,0,265.734,0,-51.1531,0
"MtrElec",5,13,23,"",275.38,0,0,0,0,0,0,0,0,0,0,0,0,0,0,0,0,0,0,0,0,275.38,0,0,0
"MtrElec",5,13,24,"",205.187,0,0,0,0,0,0,0,0,0,0,0,0,0,0,0,0,0,0,0,0,205.187,0,0,0
"MtrElec",5,14,1,"",183.226,0,0,0,0,0,0,0,0,0,0,0,0,0,0,0,0,0,0,0,0,183.226,0,0,0
"MtrElec",5,14,2,"",170.315,0,0,0,0,0,0,0,0,0,0,0,0,0,0,0,0,0,0,0,0,170.315,0,0,0
"MtrElec",5,14,3,"",141.679,0,0,0,0,0,0,0,0,0,0,0,0,0,0,0,0,0,0,0,0,141.679,0,0,0
"MtrElec",5,14,4,"",144.026,0,0,0,0,0,0,0,0,0,0,0,0,0,0,0,0,0,0,0,0,144.026,0,0,0
"MtrElec",5,14,5,"",141.199,0,0,0,0,0,0,0,0,0,0,0,0,0,0,0,0,0,0,0,0,141.199,0,0,0
"MtrElec",5,14,6,"",185.436,0,0,0,0,0,0,0,0,0,0,0,0,0,0,0,0,0,0,0,0,185.436,0,0,0
"MtrElec",5,14,7,"",215.188,0,0,0,0,0,0,0,0,0,0,0,0,0,0,0,0,0,0,0,0,242.581,0,0,-27.3925
"MtrElec",5,14,8,"",152.784,0,0,0,0,0,0,0,0,0,0,0,0,0,0,0,0,0,0,0,0,282.751,0,0,-129.968
"MtrElec",5,14,9,"",127.05,0,0,0,0,0,0,0,0,0,0,0,0,0,0,0,0,0,0,0,0,364.608,0,0,-237.558
"MtrElec",5,14,10,"",104.654,0,0,0,0,0,0,0,0,0,0,0,0,0,0,0,0,0,0,0,0,405.686,0,0,-301.032
"MtrElec",5,14,11,"",0,0,0,0,0,0,0,0,0,0,0,0,0,0,0,0,0,0,0,0,0,408.495,0,27.8667,-436.361
"MtrElec",5,14,12,"",0.0000078,0,0,0,0,0,0,0,0,0,0,0,0,0,0,0,0,0,0,0,0,435.034,0,111.852,-546.886
"MtrElec",5,14,13,"",0,0,0,0,0,0,0,0,0,0,0,0,0,0,0,0,0,0,0,0,0,435.56,0,138.644,-574.203
"MtrElec",5,14,14,"",-111.699,0,0,0,0,0,0,0,0,0,0,0,0,0,0,0,0,0,0,0,0,341.34,0,221.926,-674.965
"MtrElec",5,14,15,"",-25.6978,0,0,0,0,0,0,0,0,0,0,0,0,0,0,0,0,0,0,0,0,392.945,0,221.926,-640.569
"MtrElec",5,14,16,"",-87.8397,0,0,0,0,0,0,0,0,0,0,0,0,0,0,0,0,0,0,0,0,381.04,0,72.1686,-541.049
"MtrElec",5,14,17,"",-41.3373,0,0,0,0,0,0,0,0,0,0,0,0,0,0,0,0,0,0,0,0,366.266,0,0,-407.603
"MtrElec",5,14,18,"",199.406,0,0,0,0,0,0,0,0,0,0,0,0,0,0,0,0,0,0,0,0,436.491,0,0,-237.085
"MtrElec",5,14,19,"",121.907,0,0,0,0,0,0,0,0,0,0,0,0,0,0,0,0,0,0,0,0,415.51,0,-221.926,-71.6774
"MtrElec",5,14,20,"",158.215,0,0,0,0,0,0,0,0,0,0,0,0,0,0,0,0,0,0,0,0,387.844,0,-221.926,-7.70354
"MtrElec",5,14,21,"",176.247,0,0,0,0,0,0,0,0,0,0,0,0,0,0,0,0,0,0,0,0,398.173,0,-221.926,0
"MtrElec",5,14,22,"",242.882,0,0,0,0,0,0,0,0,0,0,0,0,0,0,0,0,0,0,0,0,294.035,0,-51.1531,0
"MtrElec",5,14,23,"",261.408,0,0,0,0,0,0,0,0,0,0,0,0,0,0,0,0,0,0,0,0,261.408,0,0,0
"MtrElec",5,14,24,"",179.356,0,0,0,0,0,0,0,0,0,0,0,0,0,0,0,0,0,0,0,0,179.356,0,0,0
"MtrElec",5,15,1,"",162.905,0,0,0,0,0,0,0,0,0,0,0,0,0,0,0,0,0,0,0,0,162.905,0,0,0
"MtrElec",5,15,2,"",188.12,0,0,0,0,0,0,0,0,0,0,0,0,0,0,0,0,0,0,0,0,188.12,0,0,0
"MtrElec",5,15,3,"",143.076,0,0,0,0,0,0,0,0,0,0,0,0,0,0,0,0,0,0,0,0,143.076,0,0,0
"MtrElec",5,15,4,"",145.076,0,0,0,0,0,0,0,0,0,0,0,0,0,0,0,0,0,0,0,0,145.076,0,0,0
"MtrElec",5,15,5,"",138.553,0,0,0,0,0,0,0,0,0,0,0,0,0,0,0,0,0,0,0,0,138.553,0,0,0
"MtrElec",5,15,6,"",143.791,0,0,0,0,0,0,0,0,0,0,0,0,0,0,0,0,0,0,0,0,143.791,0,0,0
"MtrElec",5,15,7,"",210.885,0,0,0,0,0,0,0,0,0,0,0,0,0,0,0,0,0,0,0,0,237.414,0,0,-26.5294
"MtrElec",5,15,8,"",235.263,0,0,0,0,0,0,0,0,0,0,0,0,0,0,0,0,0,0,0,0,376.018,0,0,-140.754
"MtrElec",5,15,9,"",43.8933,0,0,0,0,0,0,0,0,0,0,0,0,0,0,0,0,0,0,0,0,338.865,0,0,-294.971
"MtrElec",5,15,10,"",52.6753,0,0,0,0,0,0,0,0,0,0,0,0,0,0,0,0,0,0,0,0,369.702,0,0,-317.027
"MtrElec",5,15,11,"",0,0,0,0,0,0,0,0,0,0,0,0,0,0,0,0,0,0,0,0,0,412.599,0,159.895,-572.495
"MtrElec",5,15,12,"",0,0,0,0,0,0,0,0,0,0,0,0,0,0,0,0,0,0,0,0,0,397.736,0,178.591,-576.327
"MtrElec",5,15,13,"",-68.9892,0,0,0,0,0,0,0,0,0,0,0,0,0,0,0,0,0,0,0,0,384.347,0,221.926,-675.262
"MtrElec",5,15,14,"",-156.873,0,0,0,0,0,0,0,0,0,0,0,0,0,0,0,0,0,0,0,0,322.338,0,221.926,-701.137
"MtrElec",5,15,15,"",-302.535,0,0,0,0,0,0,0,0,0,0,0,0,0,0,0,0,0,0,0,0,338.613,0,12.0452,-653.193
"MtrElec",5,15,16,"",-196.29,0,0,0,0,0,0,0,0,0,0,0,0,0,0,0,0,0,0,0,0,349.871,0,0,-546.16
"MtrElec",5,15,17,"",-19.2458,0,0,0,0,0,0,0,0,0,0,0,0,0,0,0,0,0,0,0,0,387.872,0,0,-407.117
"MtrElec",5,15,18,"",148.713,0,0,0,0,0,0,0,0,0,0,0,0,0,0,0,0,0,0,0,0,382.729,0,0,-234.016
"MtrElec",5,15,19,"",97.5705,0,0,0,0,0,0,0,0,0,0,0,0,0,0,0,0,0,0,0,0,392.522,0,-221.926,-73.0262
"MtrElec",5,15,20,"",151.004,0,0,0,0,0,0,0,0,0,0,0,0,0,0,0,0,0,0,0,0,383.231,0,-221.926,-10.3018
"MtrElec",5,15,21,"",142.808,0,0,0,0,0,0,0,0,0,0,0,0,0,0,0,0,0,0,0,0,364.734,0,-221.926,0
"MtrElec",5,15,22,"",239.724,0,0,0,0,0,0,0,0,0,0,0,0,0,0,0,0,0,0,0,0,290.877,0,-51.1531,0
"MtrElec",5,15,23,"",281.854,0,0,0,0,0,0,0,0,0,0,0,0,0,0,0,0,0,0,0,0,281.854,0,0,0
"MtrElec",5,15,24,"",202.226,0,0,0,0,0,0,0,0,0,0,0,0,0,0,0,0,0,0,0,0,202.226,0,0,0
"MtrElec",5,16,1,"",147.047,0,0,0,0,0,0,0,0,0,0,0,0,0,0,0,0,0,0,0,0,147.047,0,0,0
"MtrElec",5,16,2,"",188.292,0,0,0,0,0,0,0,0,0,0,0,0,0,0,0,0,0,0,0,0,188.292,0,0,0
"MtrElec",5,16,3,"",141.295,0,0,0,0,0,0,0,0,0,0,0,0,0,0,0,0,0,0,0,0,141.295,0,0,0
"MtrElec",5,16,4,"",142.349,0,0,0,0,0,0,0,0,0,0,0,0,0,0,0,0,0,0,0,0,142.349,0,0,0
"MtrElec",5,16,5,"",152.355,0,0,0,0,0,0,0,0,0,0,0,0,0,0,0,0,0,0,0,0,152.355,0,0,0
"MtrElec",5,16,6,"",142.792,0,0,0,0,0,0,0,0,0,0,0,0,0,0,0,0,0,0,0,0,142.792,0,0,0
"MtrElec",5,16,7,"",180.675,0,0,0,0,0,0,0,0,0,0,0,0,0,0,0,0,0,0,0,0,209.033,0,0,-28.3583
"MtrElec",5,16,8,"",74.5964,0,0,0,0,0,0,0,0,0,0,0,0,0,0,0,0,0,0,0,0,208.787,0,0,-134.191
"MtrElec",5,16,9,"",69.6753,0,0,0,0,0,0,0,0,0,0,0,0,0,0,0,0,0,0,0,0,319.649,0,0,-249.973
"MtrElec",5,16,10,"",92.6008,0,0,0,0,0,0,0,0,0,0,0,0,0,0,0,0,0,0,0,0,413.422,0,0,-320.821
"MtrElec",5,16,11,"",0.0000078,0,0,0,0,0,0,0,0,0,0,0,0,0,0,0,0,0,0,0,0,463.021,0,110.29,-573.31
"MtrElec",5,16,12,"",49.7788,0,0,0,0,0,0,0,0,0,0,0,0,0,0,0,0,0,0,0,0,495.31,0,0,-445.531
"MtrElec",5,16,13,"",48.9374,0,0,0,0,0,0,0,0,0,0,0,0,0,0,0,0,0,0,0,0,437.597,0,0,-388.659
"MtrElec",5,16,14,"",0,0,0,0,0,0,0,0,0,0,0,0,0,0,0,0,0,0,0,0,0,476.959,0,146.727,-623.686
"MtrElec",5,16,15,"",0,0,0,0,0,0,0,0,0,0,0,0,0,0,0,0,0,0,0,0,0,428.483,0,203.317,-631.8
"MtrElec",5,16,16,"",0.0000156,0,0,0,0,0,0,0,0,0,0,0,0,0,0,0,0,0,0,0,0,396.057,0,142.706,-538.764
"MtrElec",5,16,17,"",35.927,0,0,0,0,0,0,0,0,0,0,0,0,0,0,0,0,0,0,0,0,419.178,0,0,-383.251
"MtrElec",5,16,18,"",210.687,0,0,0,0,0,0,0,0,0,0,0,0,0,0,0,0,0,0,0,0,414.647,0,0,-203.96
"MtrElec",5,16,19,"",91.303,0,0,0,0,0,0,0,0,0,0,0,0,0,0,0,0,0,0,0,0,385.896,0,-221.926,-72.6673
"MtrElec",5,16,20,"",102.592,0,0,0,0,0,0,0,0,0,0,0,0,0,0,0,0,0,0,0,0,334.799,0,-221.926,-10.2813
"MtrElec",5,16,21,"",201.803,0,0,0,0,0,0,0,0,0,0,0,0,0,0,0,0,0,0,0,0,302.196,0,-100.393,0
"MtrElec",5,16,22,"",295.865,0,0,0,0,0,0,0,0,0,0,0,0,0,0,0,0,0,0,0,0,295.865,0,0,0
"MtrElec",5,16,23,"",229.418,0,0,0,0,0,0,0,0,0,0,0,0,0,0,0,0,0,0,0,0,229.418,0,0,0
"MtrElec",5,16,24,"",196.069,0,0,0,0,0,0,0,0,0,0,0,0,0,0,0,0,0,0,0,0,196.069,0,0,0
"MtrElec",5,17,1,"",160.25,0,0,0,0,0,0,0,0,0,0,0,0,0,0,0,0,0,0,0,0,160.25,0,0,0
"MtrElec",5,17,2,"",143.947,0,0,0,0,0,0,0,0,0,0,0,0,0,0,0,0,0,0,0,0,143.947,0,0,0
"MtrElec",5,17,3,"",149.076,0,0,0,0,0,0,0,0,0,0,0,0,0,0,0,0,0,0,0,0,149.076,0,0,0
"MtrElec",5,17,4,"",147.476,0,0,0,0,0,0,0,0,0,0,0,0,0,0,0,0,0,0,0,0,147.476,0,0,0
"MtrElec",5,17,5,"",141.101,0,0,0,0,0,0,0,0,0,0,0,0,0,0,0,0,0,0,0,0,141.101,0,0,0
"MtrElec",5,17,6,"",145.44,0,0,0,0,0,0,0,0,0,0,0,0,0,0,0,0,0,0,0,0,145.44,0,0,0
"MtrElec",5,17,7,"",176.149,0,0,0,0,0,0,0,0,0,0,0,0,0,0,0,0,0,0,0,0,190.539,0,0,-14.3899
"MtrElec",5,17,8,"",113.3,0,0,0,0,0,0,0,0,0,0,0,0,0,0,0,0,0,0,0,0,176.946,0,0,-63.6454
"MtrElec",5,17,9,"",146.687,0,0,0,0,0,0,0,0,0,0,0,0,0,0,0,0,0,0,0,0,256.185,0,0,-109.498
"MtrElec",5,17,10,"",148.21,0,0,0,0,0,0,0,0,0,0,0,0,0,0,0,0,0,0,0,0,359.906,0,0,-211.695
"MtrElec",5,17,11,"",0,0,0,0,0,0,0,0,0,0,0,0,0,0,0,0,0,0,0,0,0,381.32,0,81.1018,-462.422
"MtrElec",5,17,12,"",54.267,0,0,0,0,0,0,0,0,0,0,0,0,0,0,0,0,0,0,0,0,347.639,0,0,-293.372
"MtrElec",5,17,13,"",0,0,0,0,0,0,0,0,0,0,0,0,0,0,0,0,0,0,0,0,0,363.86,0,207.8,-571.66
"MtrElec",5,17,14,"",0,0,0,0,0,0,0,0,0,0,0,0,0,0,0,0,0,0,0,0,0,370.77,0,210.293,-581.063
"MtrElec",5,17,15,"",73.0555,0,0,0,0,0,0,0,0,0,0,0,0,0,0,0,0,0,0,0,0,351.263,0,0,-278.207
"MtrElec",5,17,16,"",0,0,0,0,0,0,0,0,0,0,0,0,0,0,0,0,0,0,0,0,0,354.805,0,179.355,-534.16
"MtrElec",5,17,17,"",0,0,0,0,0,0,0,0,0,0,0,0,0,0,0,0,0,0,0,0,0,372.95,0,40.4096,-413.36
"MtrElec",5,17,18,"",104.561,0,0,0,0,0,0,0,0,0,0,0,0,0,0,0,0,0,0,0,0,345.636,0,0,-241.075
"MtrElec",5,17,19,"",50.0512,0,0,0,0,0,0,0,0,0,0,0,0,0,0,0,0,0,0,0,0,343.34,0,-221.926,-71.3628
"MtrElec",5,17,20,"",102.483,0,0,0,0,0,0,0,0,0,0,0,0,0,0,0,0,0,0,0,0,332.103,0,-221.926,-7.69385
"MtrElec",5,17,21,"",18.1508,0,0,0,0,0,0,0,0,0,0,0,0,0,0,0,0,0,0,0,0,223.16,0,-205.01,0
"MtrElec",5,17,22,"",253.307,0,0,0,0,0,0,0,0,0,0,0,0,0,0,0,0,0,0,0,0,253.307,0,0,0
"MtrElec",5,17,23,"",238.669,0,0,0,0,0,0,0,0,0,0,0,0,0,0,0,0,0,0,0,0,238.669,0,0,0
"MtrElec",5,17,24,"",205.234,0,0,0,0,0,0,0,0,0,0,0,0,0,0,0,0,0,0,0,0,205.234,0,0,0
"MtrElec",5,18,1,"",204.451,0,0,0,0,0,0,0,0,0,0,0,0,0,0,0,0,0,0,0,0,204.451,0,0,0
"MtrElec",5,18,2,"",149.579,0,0,0,0,0,0,0,0,0,0,0,0,0,0,0,0,0,0,0,0,149.579,0,0,0
"MtrElec",5,18,3,"",145.764,0,0,0,0,0,0,0,0,0,0,0,0,0,0,0,0,0,0,0,0,145.764,0,0,0
"MtrElec",5,18,4,"",145.075,0,0,0,0,0,0,0,0,0,0,0,0,0,0,0,0,0,0,0,0,145.075,0,0,0
"MtrElec",5,18,5,"",138.893,0,0,0,0,0,0,0,0,0,0,0,0,0,0,0,0,0,0,0,0,138.893,0,0,0
"MtrElec",5,18,6,"",144.145,0,0,0,0,0,0,0,0,0,0,0,0,0,0,0,0,0,0,0,0,144.145,0,0,0
"MtrElec",5,18,7,"",224.756,0,0,0,0,0,0,0,0,0,0,0,0,0,0,0,0,0,0,0,0,246.587,0,0,-21.8317
"MtrElec",5,18,8,"",159.22,0,0,0,0,0,0,0,0,0,0,0,0,0,0,0,0,0,0,0,0,297.393,0,0,-138.173
"MtrElec",5,18,9,"",33.728,0,0,0,0,0,0,0,0,0,0,0,0,0,0,0,0,0,0,0,0,353.324,0,0,-319.596
"MtrElec",5,18,10,"",-81.6971,0,0,0,0,0,0,0,0,0,0,0,0,0,0,0,0,0,0,0,0,391.458,0,0,-473.155
"MtrElec",5,18,11,"",0.0000156,0,0,0,0,0,0,0,0,0,0,0,0,0,0,0,0,0,0,0,0,430.633,0,144.812,-575.444
"MtrElec",5,18,12,"",-68.0403,0,0,0,0,0,0,0,0,0,0,0,0,0,0,0,0,0,0,0,0,373.53,0,221.926,-663.496
"MtrElec",5,18,13,"",-36.9492,0,0,0,0,0,0,0,0,0,0,0,0,0,0,0,0,0,0,0,0,437.078,0,221.926,-695.953
"MtrElec",5,18,14,"",-115.24,0,0,0,0,0,0,0,0,0,0,0,0,0,0,0,0,0,0,0,0,366.86,0,205.719,-687.819
"MtrElec",5,18,15,"",-285.21,0,0,0,0,0,0,0,0,0,0,0,0,0,0,0,0,0,0,0,0,367.863,0,0,-653.073
"MtrElec",5,18,16,"",-158.245,0,0,0,0,0,0,0,0,0,0,0,0,0,0,0,0,0,0,0,0,397.19,0,0,-555.435
"MtrElec",5,18,17,"",-16.6043,0,0,0,0,0,0,0,0,0,0,0,0,0,0,0,0,0,0,0,0,395.737,0,0,-412.341
"MtrElec",5,18,18,"",187.359,0,0,0,0,0,0,0,0,0,0,0,0,0,0,0,0,0,0,0,0,427.51,0,0,-240.152
"MtrElec",5,18,19,"",188.043,0,0,0,0,0,0,0,0,0,0,0,0,0,0,0,0,0,0,0,0,479.406,0,-221.926,-69.4369
"MtrElec",5,18,20,"",178.825,0,0,0,0,0,0,0,0,0,0,0,0,0,0,0,0,0,0,0,0,407.338,0,-221.926,-6.58679
"MtrElec",5,18,21,"",148.339,0,0,0,0,0,0,0,0,0,0,0,0,0,0,0,0,0,0,0,0,370.265,0,-221.926,0
"MtrElec",5,18,22,"",239.191,0,0,0,0,0,0,0,0,0,0,0,0,0,0,0,0,0,0,0,0,290.344,0,-51.1531,0
"MtrElec",5,18,23,"",271.98,0,0,0,0,0,0,0,0,0,0,0,0,0,0,0,0,0,0,0,0,271.98,0,0,0
"MtrElec",5,18,24,"",189.339,0,0,0,0,0,0,0,0,0,0,0,0,0,0,0,0,0,0,0,0,189.339,0,0,0
"MtrElec",5,19,1,"",158.928,0,0,0,0,0,0,0,0,0,0,0,0,0,0,0,0,0,0,0,0,158.928,0,0,0
"MtrElec",5,19,2,"",165.632,0,0,0,0,0,0,0,0,0,0,0,0,0,0,0,0,0,0,0,0,165.632,0,0,0
"MtrElec",5,19,3,"",191.377,0,0,0,0,0,0,0,0,0,0,0,0,0,0,0,0,0,0,0,0,191.377,0,0,0
"MtrElec",5,19,4,"",141.854,0,0,0,0,0,0,0,0,0,0,0,0,0,0,0,0,0,0,0,0,141.854,0,0,0
"MtrElec",5,19,5,"",136.584,0,0,0,0,0,0,0,0,0,0,0,0,0,0,0,0,0,0,0,0,136.584,0,0,0
"MtrElec",5,19,6,"",144.24,0,0,0,0,0,0,0,0,0,0,0,0,0,0,0,0,0,0,0,0,144.24,0,0,0
"MtrElec",5,19,7,"",220.396,0,0,0,0,0,0,0,0,0,0,0,0,0,0,0,0,0,0,0,0,242.623,0,0,-22.2266
"MtrElec",5,19,8,"",195.793,0,0,0,0,0,0,0,0,0,0,0,0,0,0,0,0,0,0,0,0,335.231,0,0,-139.438
"MtrElec",5,19,9,"",4.04875,0,0,0,0,0,0,0,0,0,0,0,0,0,0,0,0,0,0,0,0,319.789,0,0,-315.74
"MtrElec",5,19,10,"",-65.5277,0,0,0,0,0,0,0,0,0,0,0,0,0,0,0,0,0,0,0,0,404.253,0,0,-469.781
"MtrElec",5,19,11,"",0,0,0,0,0,0,0,0,0,0,0,0,0,0,0,0,0,0,0,0,0,452.115,0,133.946,-586.061
"MtrElec",5,19,12,"",0.0000156,0,0,0,0,0,0,0,0,0,0,0,0,0,0,0,0,0,0,0,0,437.481,0,211.129,-648.61
"MtrElec",5,19,13,"",-21.4313,0,0,0,0,0,0,0,0,0,0,0,0,0,0,0,0,0,0,0,0,442.237,0,221.926,-685.594
"MtrElec",5,19,14,"",-65.5361,0,0,0,0,0,0,0,0,0,0,0,0,0,0,0,0,0,0,0,0,399.579,0,221.926,-687.041
"MtrElec",5,19,15,"",-220.289,0,0,0,0,0,0,0,0,0,0,0,0,0,0,0,0,0,0,0,0,417.028,0,5.45592,-642.773
"MtrElec",5,19,16,"",-107.332,0,0,0,0,0,0,0,0,0,0,0,0,0,0,0,0,0,0,0,0,439.508,0,0,-546.84
"MtrElec",5,19,17,"",31.4384,0,0,0,0,0,0,0,0,0,0,0,0,0,0,0,0,0,0,0,0,436.682,0,0,-405.244
"MtrElec",5,19,18,"",271.038,0,0,0,0,0,0,0,0,0,0,0,0,0,0,0,0,0,0,0,0,508.416,0,0,-237.377
"MtrElec",5,19,19,"",211.35,0,0,0,0,0,0,0,0,0,0,0,0,0,0,0,0,0,0,0,0,502.267,0,-221.926,-68.991
"MtrElec",5,19,20,"",228.093,0,0,0,0,0,0,0,0,0,0,0,0,0,0,0,0,0,0,0,0,457.404,0,-221.926,-7.38564
"MtrElec",5,19,21,"",234.997,0,0,0,0,0,0,0,0,0,0,0,0,0,0,0,0,0,0,0,0,456.923,0,-221.926,0
"MtrElec",5,19,22,"",276.324,0,0,0,0,0,0,0,0,0,0,0,0,0,0,0,0,0,0,0,0,327.477,0,-51.1531,0
"MtrElec",5,19,23,"",277.065,0,0,0,0,0,0,0,0,0,0,0,0,0,0,0,0,0,0,0,0,277.065,0,0,0
"MtrElec",5,19,24,"",185.513,0,0,0,0,0,0,0,0,0,0,0,0,0,0,0,0,0,0,0,0,185.513,0,0,0
"MtrElec",5,20,1,"",200.395,0,0,0,0,0,0,0,0,0,0,0,0,0,0,0,0,0,0,0,0,200.395,0,0,0
"MtrElec",5,20,2,"",149.801,0,0,0,0,0,0,0,0,0,0,0,0,0,0,0,0,0,0,0,0,149.801,0,0,0
"MtrElec",5,20,3,"",144.427,0,0,0,0,0,0,0,0,0,0,0,0,0,0,0,0,0,0,0,0,144.427,0,0,0
"MtrElec",5,20,4,"",149.896,0,0,0,0,0,0,0,0,0,0,0,0,0,0,0,0,0,0,0,0,149.896,0,0,0
"MtrElec",5,20,5,"",136.696,0,0,0,0,0,0,0,0,0,0,0,0,0,0,0,0,0,0,0,0,136.696,0,0,0
"MtrElec",5,20,6,"",156.727,0,0,0,0,0,0,0,0,0,0,0,0,0,0,0,0,0,0,0,0,156.727,0,0,0
"MtrElec",5,20,7,"",190.547,0,0,0,0,0,0,0,0,0,0,0,0,0,0,0,0,0,0,0,0,213.293,0,0,-22.7463
"MtrElec",5,20,8,"",186.986,0,0,0,0,0,0,0,0,0,0,0,0,0,0,0,0,0,0,0,0,323.947,0,0,-136.961
"MtrElec",5,20,9,"",54.2759,0,0,0,0,0,0,0,0,0,0,0,0,0,0,0,0,0,0,0,0,367.924,0,0,-313.648
"MtrElec",5,20,10,"",14.4373,0,0,0,0,0,0,0,0,0,0,0,0,0,0,0,0,0,0,0,0,482.634,0,0,-468.196
"MtrElec",5,20,11,"",0,0,0,0,0,0,0,0,0,0,0,0,0,0,0,0,0,0,0,0,0,572.236,0,2.55,-574.786
"MtrElec",5,20,12,"",0,0,0,0,0,0,0,0,0,0,0,0,0,0,0,0,0,0,0,0,0,552.347,0,91.6021,-643.949
"MtrElec",5,20,13,"",0.0000078,0,0,0,0,0,0,0,0,0,0,0,0,0,0,0,0,0,0,0,0,574.379,0,97.8803,-672.259
"MtrElec",5,20,14,"",0.0000156,0,0,0,0,0,0,0,0,0,0,0,0,0,0,0,0,0,0,0,0,475.314,0,196.77,-672.085
"MtrElec",5,20,15,"",0,0,0,0,0,0,0,0,0,0,0,0,0,0,0,0,0,0,0,0,0,506.733,0,121.852,-628.585
"MtrElec",5,20,16,"",0.0000039,0,0,0,0,0,0,0,0,0,0,0,0,0,0,0,0,0,0,0,0,477.444,0,60.2358,-537.679
"MtrElec",5,20,17,"",126.386,0,0,0,0,0,0,0,0,0,0,0,0,0,0,0,0,0,0,0,0,528.981,0,0,-402.595
"MtrElec",5,20,18,"",342.584,0,0,0,0,0,0,0,0,0,0,0,0,0,0,0,0,0,0,0,0,574.993,0,0,-232.409
"MtrElec",5,20,19,"",246.527,0,0,0,0,0,0,0,0,0,0,0,0,0,0,0,0,0,0,0,0,537.368,0,-221.926,-68.915
"MtrElec",5,20,20,"",268.165,0,0,0,0,0,0,0,0,0,0,0,0,0,0,0,0,0,0,0,0,498.479,0,-221.926,-8.38922
"MtrElec",5,20,21,"",354.936,0,0,0,0,0,0,0,0,0,0,0,0,0,0,0,0,0,0,0,0,426.313,0,-71.3772,0
"MtrElec",5,20,22,"",348.502,0,0,0,0,0,0,0,0,0,0,0,0,0,0,0,0,0,0,0,0,348.502,0,0,0
"MtrElec",5,20,23,"",295.069,0,0,0,0,0,0,0,0,0,0,0,0,0,0,0,0,0,0,0,0,295.069,0,0,0
"MtrElec",5,20,24,"",227.804,0,0,0,0,0,0,0,0,0,0,0,0,0,0,0,0,0,0,0,0,227.804,0,0,0
"MtrElec",5,21,1,"",180.117,0,0,0,0,0,0,0,0,0,0,0,0,0,0,0,0,0,0,0,0,180.117,0,0,0
"MtrElec",5,21,2,"",159.708,0,0,0,0,0,0,0,0,0,0,0,0,0,0,0,0,0,0,0,0,159.708,0,0,0
"MtrElec",5,21,3,"",188.308,0,0,0,0,0,0,0,0,0,0,0,0,0,0,0,0,0,0,0,0,188.308,0,0,0
"MtrElec",5,21,4,"",145.635,0,0,0,0,0,0,0,0,0,0,0,0,0,0,0,0,0,0,0,0,145.635,0,0,0
"MtrElec",5,21,5,"",141.483,0,0,0,0,0,0,0,0,0,0,0,0,0,0,0,0,0,0,0,0,141.483,0,0,0
"MtrElec",5,21,6,"",145.865,0,0,0,0,0,0,0,0,0,0,0,0,0,0,0,0,0,0,0,0,145.865,0,0,0
"MtrElec",5,21,7,"",212.815,0,0,0,0,0,0,0,0,0,0,0,0,0,0,0,0,0,0,0,0,234.78,0,0,-21.9658
"MtrElec",5,21,8,"",220.279,0,0,0,0,0,0,0,0,0,0,0,0,0,0,0,0,0,0,0,0,356.159,0,0,-135.88
"MtrElec",5,21,9,"",72.7332,0,0,0,0,0,0,0,0,0,0,0,0,0,0,0,0,0,0,0,0,379.792,0,0,-307.058
"MtrElec",5,21,10,"",31.2822,0,0,0,0,0,0,0,0,0,0,0,0,0,0,0,0,0,0,0,0,484.08,0,0,-452.798
"MtrElec",5,21,11,"",0,0,0,0,0,0,0,0,0,0,0,0,0,0,0,0,0,0,0,0,0,532.335,0,25.044,-557.379
"MtrElec",5,21,12,"",0,0,0,0,0,0,0,0,0,0,0,0,0,0,0,0,0,0,0,0,0,551.839,0,89.2174,-641.056
"MtrElec",5,21,13,"",0,0,0,0,0,0,0,0,0,0,0,0,0,0,0,0,0,0,0,0,0,577.126,0,104.546,-681.672
"MtrElec",5,21,14,"",0.0000156,0,0,0,0,0,0,0,0,0,0,0,0,0,0,0,0,0,0,0,0,510.906,0,164.516,-675.422
"MtrElec",5,21,15,"",0,0,0,0,0,0,0,0,0,0,0,0,0,0,0,0,0,0,0,0,0,475.465,0,153.94,-629.405
"MtrElec",5,21,16,"",0.0000010,0,0,0,0,0,0,0,0,0,0,0,0,0,0,0,0,0,0,0,0,524.528,0,12.778,-537.306
"MtrElec",5,21,17,"",119.452,0,0,0,0,0,0,0,0,0,0,0,0,0,0,0,0,0,0,0,0,525.562,0,0,-406.109
"MtrElec",5,21,18,"",293.62,0,0,0,0,0,0,0,0,0,0,0,0,0,0,0,0,0,0,0,0,533.034,0,0,-239.415
"MtrElec",5,21,19,"",228.661,0,0,0,0,0,0,0,0,0,0,0,0,0,0,0,0,0,0,0,0,519.853,0,-221.926,-69.2668
"MtrElec",5,21,20,"",270.315,0,0,0,0,0,0,0,0,0,0,0,0,0,0,0,0,0,0,0,0,499.298,0,-221.926,-7.05737
"MtrElec",5,21,21,"",383.456,0,0,0,0,0,0,0,0,0,0,0,0,0,0,0,0,0,0,0,0,436.017,0,-52.5612,0
"MtrElec",5,21,22,"",299.406,0,0,0,0,0,0,0,0,0,0,0,0,0,0,0,0,0,0,0,0,299.406,0,0,0
"MtrElec",5,21,23,"",287.595,0,0,0,0,0,0,0,0,0,0,0,0,0,0,0,0,0,0,0,0,287.595,0,0,0
"MtrElec",5,21,24,"",194.358,0,0,0,0,0,0,0,0,0,0,0,0,0,0,0,0,0,0,0,0,194.358,0,0,0
"MtrElec",5,22,1,"",189.947,0,0,0,0,0,0,0,0,0,0,0,0,0,0,0,0,0,0,0,0,189.947,0,0,0
"MtrElec",5,22,2,"",147.872,0,0,0,0,0,0,0,0,0,0,0,0,0,0,0,0,0,0,0,0,147.872,0,0,0
"MtrElec",5,22,3,"",140.569,0,0,0,0,0,0,0,0,0,0,0,0,0,0,0,0,0,0,0,0,140.569,0,0,0
"MtrElec",5,22,4,"",143.9,0,0,0,0,0,0,0,0,0,0,0,0,0,0,0,0,0,0,0,0,143.9,0,0,0
"MtrElec",5,22,5,"",140.628,0,0,0,0,0,0,0,0,0,0,0,0,0,0,0,0,0,0,0,0,140.628,0,0,0
"MtrElec",5,22,6,"",145.394,0,0,0,0,0,0,0,0,0,0,0,0,0,0,0,0,0,0,0,0,145.394,0,0,0
"MtrElec",5,22,7,"",191.176,0,0,0,0,0,0,0,0,0,0,0,0,0,0,0,0,0,0,0,0,222.057,0,0,-30.8816
"MtrElec",5,22,8,"",223.401,0,0,0,0,0,0,0,0,0,0,0,0,0,0,0,0,0,0,0,0,347.803,0,0,-124.401
"MtrElec",5,22,9,"",79.4253,0,0,0,0,0,0,0,0,0,0,0,0,0,0,0,0,0,0,0,0,326.174,0,0,-246.749
"MtrElec",5,22,10,"",-36.0141,0,0,0,0,0,0,0,0,0,0,0,0,0,0,0,0,0,0,0,0,434.461,0,0,-470.475
"MtrElec",5,22,11,"",0,0,0,0,0,0,0,0,0,0,0,0,0,0,0,0,0,0,0,0,0,505.737,0,67.7923,-573.529
"MtrElec",5,22,12,"",0.0000156,0,0,0,0,0,0,0,0,0,0,0,0,0,0,0,0,0,0,0,0,467.34,0,170.531,-637.871
"MtrElec",5,22,13,"",0.0000156,0,0,0,0,0,0,0,0,0,0,0,0,0,0,0,0,0,0,0,0,464.894,0,199.236,-664.13
"MtrElec",5,22,14,"",-0.515938,0,0,0,0,0,0,0,0,0,0,0,0,0,0,0,0,0,0,0,0,450.003,0,221.926,-672.445
"MtrElec",5,22,15,"",-50.6117,0,0,0,0,0,0,0,0,0,0,0,0,0,0,0,0,0,0,0,0,450.634,0,134.898,-636.144
"MtrElec",5,22,16,"",-114.265,0,0,0,0,0,0,0,0,0,0,0,0,0,0,0,0,0,0,0,0,429.752,0,0,-544.017
"MtrElec",5,22,17,"",112.55,0,0,0,0,0,0,0,0,0,0,0,0,0,0,0,0,0,0,0,0,519.396,0,0,-406.846
"MtrElec",5,22,18,"",232.09,0,0,0,0,0,0,0,0,0,0,0,0,0,0,0,0,0,0,0,0,470.319,0,0,-238.229
"MtrElec",5,22,19,"",205.073,0,0,0,0,0,0,0,0,0,0,0,0,0,0,0,0,0,0,0,0,499.097,0,-221.926,-72.0985
"MtrElec",5,22,20,"",248.091,0,0,0,0,0,0,0,0,0,0,0,0,0,0,0,0,0,0,0,0,478.819,0,-221.926,-8.80186
"MtrElec",5,22,21,"",155.757,0,0,0,0,0,0,0,0,0,0,0,0,0,0,0,0,0,0,0,0,377.683,0,-221.926,0
"MtrElec",5,22,22,"",261.055,0,0,0,0,0,0,0,0,0,0,0,0,0,0,0,0,0,0,0,0,312.208,0,-51.1531,0
"MtrElec",5,22,23,"",264.455,0,0,0,0,0,0,0,0,0,0,0,0,0,0,0,0,0,0,0,0,264.455,0,0,0
"MtrElec",5,22,24,"",196.71,0,0,0,0,0,0,0,0,0,0,0,0,0,0,0,0,0,0,0,0,196.71,0,0,0
"MtrElec",5,23,1,"",169.196,0,0,0,0,0,0,0,0,0,0,0,0,0,0,0,0,0,0,0,0,169.196,0,0,0
"MtrElec",5,23,2,"",184.484,0,0,0,0,0,0,0,0,0,0,0,0,0,0,0,0,0,0,0,0,184.484,0,0,0
"MtrElec",5,23,3,"",143.561,0,0,0,0,0,0,0,0,0,0,0,0,0,0,0,0,0,0,0,0,143.561,0,0,0
"MtrElec",5,23,4,"",142.755,0,0,0,0,0,0,0,0,0,0,0,0,0,0,0,0,0,0,0,0,142.755,0,0,0
"MtrElec",5,23,5,"",139.77,0,0,0,0,0,0,0,0,0,0,0,0,0,0,0,0,0,0,0,0,139.77,0,0,0
"MtrElec",5,23,6,"",144.163,0,0,0,0,0,0,0,0,0,0,0,0,0,0,0,0,0,0,0,0,144.163,0,0,0
"MtrElec",5,23,7,"",155.014,0,0,0,0,0,0,0,0,0,0,0,0,0,0,0,0,0,0,0,0,178.379,0,0,-23.365
"MtrElec",5,23,8,"",102.443,0,0,0,0,0,0,0,0,0,0,0,0,0,0,0,0,0,0,0,0,241.851,0,0,-139.408
"MtrElec",5,23,9,"",-12.5421,0,0,0,0,0,0,0,0,0,0,0,0,0,0,0,0,0,0,0,0,295.155,0,0,-307.697
"MtrElec",5,23,10,"",6.35081,0,0,0,0,0,0,0,0,0,0,0,0,0,0,0,0,0,0,0,0,426.33,0,0,-419.979
"MtrElec",5,23,11,"",0.0000078,0,0,0,0,0,0,0,0,0,0,0,0,0,0,0,0,0,0,0,0,470.483,0,109.963,-580.446
"MtrElec",5,23,12,"",0,0,0,0,0,0,0,0,0,0,0,0,0,0,0,0,0,0,0,0,0,495.484,0,184.91,-680.393
"MtrElec",5,23,13,"",-34.1943,0,0,0,0,0,0,0,0,0,0,0,0,0,0,0,0,0,0,0,0,462.553,0,221.926,-718.673
"MtrElec",5,23,14,"",-17.5207,0,0,0,0,0,0,0,0,0,0,0,0,0,0,0,0,0,0,0,0,454.419,0,221.926,-693.865
"MtrElec",5,23,15,"",-80.9695,0,0,0,0,0,0,0,0,0,0,0,0,0,0,0,0,0,0,0,0,488.936,0,55.6588,-625.564
"MtrElec",5,23,16,"",-56.895,0,0,0,0,0,0,0,0,0,0,0,0,0,0,0,0,0,0,0,0,471.435,0,0,-528.33
"MtrElec",5,23,17,"",49.0166,0,0,0,0,0,0,0,0,0,0,0,0,0,0,0,0,0,0,0,0,449.133,0,0,-400.117
"MtrElec",5,23,18,"",256.366,0,0,0,0,0,0,0,0,0,0,0,0,0,0,0,0,0,0,0,0,498.114,0,0,-241.748
"MtrElec",5,23,19,"",220.084,0,0,0,0,0,0,0,0,0,0,0,0,0,0,0,0,0,0,0,0,513.711,0,-221.926,-71.7019
"MtrElec",5,23,20,"",184.401,0,0,0,0,0,0,0,0,0,0,0,0,0,0,0,0,0,0,0,0,413.476,0,-221.926,-7.15
"MtrElec",5,23,21,"",119.208,0,0,0,0,0,0,0,0,0,0,0,0,0,0,0,0,0,0,0,0,341.134,0,-221.926,0
"MtrElec",5,23,22,"",255.314,0,0,0,0,0,0,0,0,0,0,0,0,0,0,0,0,0,0,0,0,306.467,0,-51.1531,0
"MtrElec",5,23,23,"",245.738,0,0,0,0,0,0,0,0,0,0,0,0,0,0,0,0,0,0,0,0,245.738,0,0,0
"MtrElec",5,23,24,"",187.307,0,0,0,0,0,0,0,0,0,0,0,0,0,0,0,0,0,0,0,0,187.307,0,0,0
"MtrElec",5,24,1,"",154.664,0,0,0,0,0,0,0,0,0,0,0,0,0,0,0,0,0,0,0,0,154.664,0,0,0
"MtrElec",5,24,2,"",144.538,0,0,0,0,0,0,0,0,0,0,0,0,0,0,0,0,0,0,0,0,144.538,0,0,0
"MtrElec",5,24,3,"",142.376,0,0,0,0,0,0,0,0,0,0,0,0,0,0,0,0,0,0,0,0,142.376,0,0,0
"MtrElec",5,24,4,"",184.707,0,0,0,0,0,0,0,0,0,0,0,0,0,0,0,0,0,0,0,0,184.707,0,0,0
"MtrElec",5,24,5,"",168.713,0,0,0,0,0,0,0,0,0,0,0,0,0,0,0,0,0,0,0,0,168.713,0,0,0
"MtrElec",5,24,6,"",143.605,0,0,0,0,0,0,0,0,0,0,0,0,0,0,0,0,0,0,0,0,143.605,0,0,0
"MtrElec",5,24,7,"",182.647,0,0,0,0,0,0,0,0,0,0,0,0,0,0,0,0,0,0,0,0,197.67,0,0,-15.0226
"MtrElec",5,24,8,"",179.429,0,0,0,0,0,0,0,0,0,0,0,0,0,0,0,0,0,0,0,0,237.714,0,0,-58.2846
"MtrElec",5,24,9,"",163.092,0,0,0,0,0,0,0,0,0,0,0,0,0,0,0,0,0,0,0,0,283.237,0,0,-120.145
"MtrElec",5,24,10,"",61.5135,0,0,0,0,0,0,0,0,0,0,0,0,0,0,0,0,0,0,0,0,310.687,0,0,-249.173
"MtrElec",5,24,11,"",0,0,0,0,0,0,0,0,0,0,0,0,0,0,0,0,0,0,0,0,0,364.249,0,122.942,-487.192
"MtrElec",5,24,12,"",0,0,0,0,0,0,0,0,0,0,0,0,0,0,0,0,0,0,0,0,0,430.104,0,168.506,-598.61
"MtrElec",5,24,13,"",-4.87897,0,0,0,0,0,0,0,0,0,0,0,0,0,0,0,0,0,0,0,0,393.747,0,221.926,-620.552
"MtrElec",5,24,14,"",-43.8983,0,0,0,0,0,0,0,0,0,0,0,0,0,0,0,0,0,0,0,0,377.959,0,221.926,-643.783
"MtrElec",5,24,15,"",-212.35,0,0,0,0,0,0,0,0,0,0,0,0,0,0,0,0,0,0,0,0,351.887,0,59.0827,-623.32
"MtrElec",5,24,16,"",-194.615,0,0,0,0,0,0,0,0,0,0,0,0,0,0,0,0,0,0,0,0,353.72,0,0,-548.335
"MtrElec",5,24,17,"",-57.5741,0,0,0,0,0,0,0,0,0,0,0,0,0,0,0,0,0,0,0,0,356.565,0,0,-414.139
"MtrElec",5,24,18,"",134.29,0,0,0,0,0,0,0,0,0,0,0,0,0,0,0,0,0,0,0,0,380.071,0,0,-245.782
"MtrElec",5,24,19,"",94.8938,0,0,0,0,0,0,0,0,0,0,0,0,0,0,0,0,0,0,0,0,391.673,0,-221.926,-74.8532
"MtrElec",5,24,20,"",93.3087,0,0,0,0,0,0,0,0,0,0,0,0,0,0,0,0,0,0,0,0,325.347,0,-221.926,-10.1127
"MtrElec",5,24,21,"",102.324,0,0,0,0,0,0,0,0,0,0,0,0,0,0,0,0,0,0,0,0,324.25,0,-221.926,0
"MtrElec",5,24,22,"",271.142,0,0,0,0,0,0,0,0,0,0,0,0,0,0,0,0,0,0,0,0,322.295,0,-51.1531,0
"MtrElec",5,24,23,"",191.704,0,0,0,0,0,0,0,0,0,0,0,0,0,0,0,0,0,0,0,0,191.704,0,0,0
"MtrElec",5,24,24,"",217.851,0,0,0,0,0,0,0,0,0,0,0,0,0,0,0,0,0,0,0,0,217.851,0,0,0
"MtrElec",5,25,1,"",151.789,0,0,0,0,0,0,0,0,0,0,0,0,0,0,0,0,0,0,0,0,151.789,0,0,0
"MtrElec",5,25,2,"",146.733,0,0,0,0,0,0,0,0,0,0,0,0,0,0,0,0,0,0,0,0,146.733,0,0,0
"MtrElec",5,25,3,"",141.824,0,0,0,0,0,0,0,0,0,0,0,0,0,0,0,0,0,0,0,0,141.824,0,0,0
"MtrElec",5,25,4,"",143.538,0,0,0,0,0,0,0,0,0,0,0,0,0,0,0,0,0,0,0,0,143.538,0,0,0
"MtrElec",5,25,5,"",141.23,0,0,0,0,0,0,0,0,0,0,0,0,0,0,0,0,0,0,0,0,141.23,0,0,0
"MtrElec",5,25,6,"",198.79,0,0,0,0,0,0,0,0,0,0,0,0,0,0,0,0,0,0,0,0,198.79,0,0,0
"MtrElec",5,25,7,"",177.598,0,0,0,0,0,0,0,0,0,0,0,0,0,0,0,0,0,0,0,0,191.948,0,0,-14.3507
"MtrElec",5,25,8,"",242.06,0,0,0,0,0,0,0,0,0,0,0,0,0,0,0,0,0,0,0,0,299.499,0,0,-57.439
"MtrElec",5,25,9,"",217.277,0,0,0,0,0,0,0,0,0,0,0,0,0,0,0,0,0,0,0,0,318.89,0,0,-101.613
"MtrElec",5,25,10,"",306.57,0,0,0,0,0,0,0,0,0,0,0,0,0,0,0,0,0,0,0,0,427.531,0,0,-120.96
"MtrElec",5,25,11,"",247.005,0,0,0,0,0,0,0,0,0,0,0,0,0,0,0,0,0,0,0,0,392.55,0,0,-145.544
"MtrElec",5,25,12,"",259.993,0,0,0,0,0,0,0,0,0,0,0,0,0,0,0,0,0,0,0,0,425.767,0,0,-165.774
"MtrElec",5,25,13,"",0.0000039,0,0,0,0,0,0,0,0,0,0,0,0,0,0,0,0,0,0,0,0,402.905,0,36.0367,-438.942
"MtrElec",5,25,14,"",4.74066,0,0,0,0,0,0,0,0,0,0,0,0,0,0,0,0,0,0,0,0,383.426,0,0,-378.685
"MtrElec",5,25,15,"",0,0,0,0,0,0,0,0,0,0,0,0,0,0,0,0,0,0,0,0,0,313.021,0,6.82159,-319.842
"MtrElec",5,25,16,"",11.0849,0,0,0,0,0,0,0,0,0,0,0,0,0,0,0,0,0,0,0,0,366.256,0,0,-355.171
"MtrElec",5,25,17,"",0,0,0,0,0,0,0,0,0,0,0,0,0,0,0,0,0,0,0,0,0,403.281,0,10.1242,-413.405
"MtrElec",5,25,18,"",139.688,0,0,0,0,0,0,0,0,0,0,0,0,0,0,0,0,0,0,0,0,384.21,0,0,-244.522
"MtrElec",5,25,19,"",277.136,0,0,0,0,0,0,0,0,0,0,0,0,0,0,0,0,0,0,0,0,398.978,0,-47.8166,-74.0251
"MtrElec",5,25,20,"",276.966,0,0,0,0,0,0,0,0,0,0,0,0,0,0,0,0,0,0,0,0,285.378,0,0,-8.41282
"MtrElec",5,25,21,"",293.043,0,0,0,0,0,0,0,0,0,0,0,0,0,0,0,0,0,0,0,0,293.043,0,0,0
"MtrElec",5,25,22,"",248.179,0,0,0,0,0,0,0,0,0,0,0,0,0,0,0,0,0,0,0,0,248.179,0,0,0
"MtrElec",5,25,23,"",202.434,0,0,0,0,0,0,0,0,0,0,0,0,0,0,0,0,0,0,0,0,202.434,0,0,0
"MtrElec",5,25,24,"",229.028,0,0,0,0,0,0,0,0,0,0,0,0,0,0,0,0,0,0,0,0,229.028,0,0,0
"MtrElec",5,26,1,"",144.858,0,0,0,0,0,0,0,0,0,0,0,0,0,0,0,0,0,0,0,0,144.858,0,0,0
"MtrElec",5,26,2,"",146.143,0,0,0,0,0,0,0,0,0,0,0,0,0,0,0,0,0,0,0,0,146.143,0,0,0
"MtrElec",5,26,3,"",142.764,0,0,0,0,0,0,0,0,0,0,0,0,0,0,0,0,0,0,0,0,142.764,0,0,0
"MtrElec",5,26,4,"",145.826,0,0,0,0,0,0,0,0,0,0,0,0,0,0,0,0,0,0,0,0,145.826,0,0,0
"MtrElec",5,26,5,"",138.255,0,0,0,0,0,0,0,0,0,0,0,0,0,0,0,0,0,0,0,0,138.255,0,0,0
"MtrElec",5,26,6,"",173.952,0,0,0,0,0,0,0,0,0,0,0,0,0,0,0,0,0,0,0,0,173.952,0,0,0
"MtrElec",5,26,7,"",186.607,0,0,0,0,0,0,0,0,0,0,0,0,0,0,0,0,0,0,0,0,210.635,0,0,-24.0282
"MtrElec",5,26,8,"",225.563,0,0,0,0,0,0,0,0,0,0,0,0,0,0,0,0,0,0,0,0,316.596,0,0,-91.0327
"MtrElec",5,26,9,"",178.451,0,0,0,0,0,0,0,0,0,0,0,0,0,0,0,0,0,0,0,0,345.056,0,0,-166.605
"MtrElec",5,26,10,"",146.287,0,0,0,0,0,0,0,0,0,0,0,0,0,0,0,0,0,0,0,0,412.753,0,0,-266.466
"MtrElec",5,26,11,"",259.476,0,0,0,0,0,0,0,0,0,0,0,0,0,0,0,0,0,0,0,0,450.867,0,0,-191.391
"MtrElec",5,26,12,"",117.812,0,0,0,0,0,0,0,0,0,0,0,0,0,0,0,0,0,0,0,0,369.729,0,0,-251.917
"MtrElec",5,26,13,"",237.884,0,0,0,0,0,0,0,0,0,0,0,0,0,0,0,0,0,0,0,0,445.803,0,0,-207.919
"MtrElec",5,26,14,"",141.887,0,0,0,0,0,0,0,0,0,0,0,0,0,0,0,0,0,0,0,0,349.004,0,0,-207.117
"MtrElec",5,26,15,"",213.911,0,0,0,0,0,0,0,0,0,0,0,0,0,0,0,0,0,0,0,0,364.362,0,0,-150.451
"MtrElec",5,26,16,"",199.381,0,0,0,0,0,0,0,0,0,0,0,0,0,0,0,0,0,0,0,0,397.637,0,0,-198.256
"MtrElec",5,26,17,"",85.3745,0,0,0,0,0,0,0,0,0,0,0,0,0,0,0,0,0,0,0,0,391.939,0,0,-306.564
"MtrElec",5,26,18,"",209.768,0,0,0,0,0,0,0,0,0,0,0,0,0,0,0,0,0,0,0,0,415.94,0,0,-206.172
"MtrElec",5,26,19,"",329.878,0,0,0,0,0,0,0,0,0,0,0,0,0,0,0,0,0,0,0,0,406.106,0,0,-76.2284
"MtrElec",5,26,20,"",400.303,0,0,0,0,0,0,0,0,0,0,0,0,0,0,0,0,0,0,0,0,410.286,0,0,-9.98336
"MtrElec",5,26,21,"",388.291,0,0,0,0,0,0,0,0,0,0,0,0,0,0,0,0,0,0,0,0,388.291,0,0,0
"MtrElec",5,26,22,"",272.714,0,0,0,0,0,0,0,0,0,0,0,0,0,0,0,0,0,0,0,0,272.714,0,0,0
"MtrElec",5,26,23,"",257.135,0,0,0,0,0,0,0,0,0,0,0,0,0,0,0,0,0,0,0,0,257.135,0,0,0
"MtrElec",5,26,24,"",187.259,0,0,0,0,0,0,0,0,0,0,0,0,0,0,0,0,0,0,0,0,187.259,0,0,0
"MtrElec",5,27,1,"",143.605,0,0,0,0,0,0,0,0,0,0,0,0,0,0,0,0,0,0,0,0,143.605,0,0,0
"MtrElec",5,27,2,"",144.307,0,0,0,0,0,0,0,0,0,0,0,0,0,0,0,0,0,0,0,0,144.307,0,0,0
"MtrElec",5,27,3,"",180.726,0,0,0,0,0,0,0,0,0,0,0,0,0,0,0,0,0,0,0,0,180.726,0,0,0
"MtrElec",5,27,4,"",140.952,0,0,0,0,0,0,0,0,0,0,0,0,0,0,0,0,0,0,0,0,140.952,0,0,0
"MtrElec",5,27,5,"",140.088,0,0,0,0,0,0,0,0,0,0,0,0,0,0,0,0,0,0,0,0,140.088,0,0,0
"MtrElec",5,27,6,"",143.408,0,0,0,0,0,0,0,0,0,0,0,0,0,0,0,0,0,0,0,0,143.408,0,0,0
"MtrElec",5,27,7,"",221.708,0,0,0,0,0,0,0,0,0,0,0,0,0,0,0,0,0,0,0,0,255.697,0,0,-33.9895
"MtrElec",5,27,8,"",195.698,0,0,0,0,0,0,0,0,0,0,0,0,0,0,0,0,0,0,0,0,339.776,0,0,-144.079
"MtrElec",5,27,9,"",85.9752,0,0,0,0,0,0,0,0,0,0,0,0,0,0,0,0,0,0,0,0,375.991,0,0,-290.015
"MtrElec",5,27,10,"",20.9364,0,0,0,0,0,0,0,0,0,0,0,0,0,0,0,0,0,0,0,0,457.09,0,0,-436.154
"MtrElec",5,27,11,"",62.4424,0,0,0,0,0,0,0,0,0,0,0,0,0,0,0,0,0,0,0,0,447.666,0,0,-385.224
"MtrElec",5,27,12,"",0,0,0,0,0,0,0,0,0,0,0,0,0,0,0,0,0,0,0,0,0,413.432,0,207.785,-621.217
"MtrElec",5,27,13,"",-12.2766,0,0,0,0,0,0,0,0,0,0,0,0,0,0,0,0,0,0,0,0,472.056,0,221.926,-706.258
"MtrElec",5,27,14,"",-141.567,0,0,0,0,0,0,0,0,0,0,0,0,0,0,0,0,0,0,0,0,334.746,0,221.926,-698.239
"MtrElec",5,27,15,"",-125.767,0,0,0,0,0,0,0,0,0,0,0,0,0,0,0,0,0,0,0,0,374.858,0,142.746,-643.37
"MtrElec",5,27,16,"",-201.546,0,0,0,0,0,0,0,0,0,0,0,0,0,0,0,0,0,0,0,0,345.626,0,0,-547.172
"MtrElec",5,27,17,"",13.808,0,0,0,0,0,0,0,0,0,0,0,0,0,0,0,0,0,0,0,0,427.712,0,0,-413.904
"MtrElec",5,27,18,"",208.501,0,0,0,0,0,0,0,0,0,0,0,0,0,0,0,0,0,0,0,0,452.613,0,0,-244.112
"MtrElec",5,27,19,"",119.676,0,0,0,0,0,0,0,0,0,0,0,0,0,0,0,0,0,0,0,0,418.076,0,-221.926,-76.4739
"MtrElec",5,27,20,"",200.845,0,0,0,0,0,0,0,0,0,0,0,0,0,0,0,0,0,0,0,0,433.321,0,-221.926,-10.5506
"MtrElec",5,27,21,"",192.315,0,0,0,0,0,0,0,0,0,0,0,0,0,0,0,0,0,0,0,0,414.241,0,-221.926,0
"MtrElec",5,27,22,"",241.009,0,0,0,0,0,0,0,0,0,0,0,0,0,0,0,0,0,0,0,0,292.162,0,-51.1531,0
"MtrElec",5,27,23,"",197.72,0,0,0,0,0,0,0,0,0,0,0,0,0,0,0,0,0,0,0,0,197.72,0,0,0
"MtrElec",5,27,24,"",244.981,0,0,0,0,0,0,0,0,0,0,0,0,0,0,0,0,0,0,0,0,244.981,0,0,0
"MtrElec",5,28,1,"",152.083,0,0,0,0,0,0,0,0,0,0,0,0,0,0,0,0,0,0,0,0,152.083,0,0,0
"MtrElec",5,28,2,"",146.18,0,0,0,0,0,0,0,0,0,0,0,0,0,0,0,0,0,0,0,0,146.18,0,0,0
"MtrElec",5,28,3,"",146.525,0,0,0,0,0,0,0,0,0,0,0,0,0,0,0,0,0,0,0,0,146.525,0,0,0
"MtrElec",5,28,4,"",147.17,0,0,0,0,0,0,0,0,0,0,0,0,0,0,0,0,0,0,0,0,147.17,0,0,0
"MtrElec",5,28,5,"",146.221,0,0,0,0,0,0,0,0,0,0,0,0,0,0,0,0,0,0,0,0,146.221,0,0,0
"MtrElec",5,28,6,"",182.609,0,0,0,0,0,0,0,0,0,0,0,0,0,0,0,0,0,0,0,0,182.609,0,0,0
"MtrElec",5,28,7,"",213.586,0,0,0,0,0,0,0,0,0,0,0,0,0,0,0,0,0,0,0,0,240.229,0,0,-26.6426
"MtrElec",5,28,8,"",188.469,0,0,0,0,0,0,0,0,0,0,0,0,0,0,0,0,0,0,0,0,328.41,0,0,-139.941
"MtrElec",5,28,9,"",36.3354,0,0,0,0,0,0,0,0,0,0,0,0,0,0,0,0,0,0,0,0,344.739,0,0,-308.403
"MtrElec",5,28,10,"",-47.7269,0,0,0,0,0,0,0,0,0,0,0,0,0,0,0,0,0,0,0,0,407.109,0,0,-454.836
"MtrElec",5,28,11,"",0.0000078,0,0,0,0,0,0,0,0,0,0,0,0,0,0,0,0,0,0,0,0,454.736,0,110.424,-565.16
"MtrElec",5,28,12,"",0,0,0,0,0,0,0,0,0,0,0,0,0,0,0,0,0,0,0,0,0,453.115,0,193.516,-646.631
"MtrElec",5,28,13,"",-97.2092,0,0,0,0,0,0,0,0,0,0,0,0,0,0,0,0,0,0,0,0,378.372,0,221.926,-697.507
"MtrElec",5,28,14,"",-54.9639,0,0,0,0,0,0,0,0,0,0,0,0,0,0,0,0,0,0,0,0,413.756,0,221.926,-690.646
"MtrElec",5,28,15,"",-170.08,0,0,0,0,0,0,0,0,0,0,0,0,0,0,0,0,0,0,0,0,421.826,0,46.5911,-638.497
"MtrElec",5,28,16,"",-129.357,0,0,0,0,0,0,0,0,0,0,0,0,0,0,0,0,0,0,0,0,418.199,0,0,-547.555
"MtrElec",5,28,17,"",48.9031,0,0,0,0,0,0,0,0,0,0,0,0,0,0,0,0,0,0,0,0,460.076,0,0,-411.173
"MtrElec",5,28,18,"",233.242,0,0,0,0,0,0,0,0,0,0,0,0,0,0,0,0,0,0,0,0,474.721,0,0,-241.478
"MtrElec",5,28,19,"",149.342,0,0,0,0,0,0,0,0,0,0,0,0,0,0,0,0,0,0,0,0,448.655,0,-221.926,-77.3882
"MtrElec",5,28,20,"",176.998,0,0,0,0,0,0,0,0,0,0,0,0,0,0,0,0,0,0,0,0,410.074,0,-221.926,-11.1511
"MtrElec",5,28,21,"",178.011,0,0,0,0,0,0,0,0,0,0,0,0,0,0,0,0,0,0,0,0,399.937,0,-221.926,0
"MtrElec",5,28,22,"",242.352,0,0,0,0,0,0,0,0,0,0,0,0,0,0,0,0,0,0,0,0,293.505,0,-51.1531,0
"MtrElec",5,28,23,"",278.226,0,0,0,0,0,0,0,0,0,0,0,0,0,0,0,0,0,0,0,0,278.226,0,0,0
"MtrElec",5,28,24,"",234.682,0,0,0,0,0,0,0,0,0,0,0,0,0,0,0,0,0,0,0,0,234.682,0,0,0
"MtrElec",5,29,1,"",151.799,0,0,0,0,0,0,0,0,0,0,0,0,0,0,0,0,0,0,0,0,151.799,0,0,0
"MtrElec",5,29,2,"",146.094,0,0,0,0,0,0,0,0,0,0,0,0,0,0,0,0,0,0,0,0,146.094,0,0,0
"MtrElec",5,29,3,"",139.674,0,0,0,0,0,0,0,0,0,0,0,0,0,0,0,0,0,0,0,0,139.674,0,0,0
"MtrElec",5,29,4,"",148.398,0,0,0,0,0,0,0,0,0,0,0,0,0,0,0,0,0,0,0,0,148.398,0,0,0
"MtrElec",5,29,5,"",136.433,0,0,0,0,0,0,0,0,0,0,0,0,0,0,0,0,0,0,0,0,136.433,0,0,0
"MtrElec",5,29,6,"",186.917,0,0,0,0,0,0,0,0,0,0,0,0,0,0,0,0,0,0,0,0,186.917,0,0,0
"MtrElec",5,29,7,"",203.668,0,0,0,0,0,0,0,0,0,0,0,0,0,0,0,0,0,0,0,0,225.265,0,0,-21.5968
"MtrElec",5,29,8,"",216.999,0,0,0,0,0,0,0,0,0,0,0,0,0,0,0,0,0,0,0,0,296.227,0,0,-79.2277
"MtrElec",5,29,9,"",231.252,0,0,0,0,0,0,0,0,0,0,0,0,0,0,0,0,0,0,0,0,376.847,0,0,-145.595
"MtrElec",5,29,10,"",287.693,0,0,0,0,0,0,0,0,0,0,0,0,0,0,0,0,0,0,0,0,490.519,0,0,-202.826
"MtrElec",5,29,11,"",224.617,0,0,0,0,0,0,0,0,0,0,0,0,0,0,0,0,0,0,0,0,495.095,0,0,-270.477
"MtrElec",5,29,12,"",0,0,0,0,0,0,0,0,0,0,0,0,0,0,0,0,0,0,0,0,0,430.131,0,152.985,-583.116
"MtrElec",5,29,13,"",0,0,0,0,0,0,0,0,0,0,0,0,0,0,0,0,0,0,0,0,0,457.551,0,199.626,-657.177
"MtrElec",5,29,14,"",0,0,0,0,0,0,0,0,0,0,0,0,0,0,0,0,0,0,0,0,0,385.729,0,203.714,-589.443
"MtrElec",5,29,15,"",0,0,0,0,0,0,0,0,0,0,0,0,0,0,0,0,0,0,0,0,0,353.423,0,211.461,-564.884
"MtrElec",5,29,16,"",-23.8355,0,0,0,0,0,0,0,0,0,0,0,0,0,0,0,0,0,0,0,0,418.308,0,26.5959,-468.739
"MtrElec",5,29,17,"",71.0748,0,0,0,0,0,0,0,0,0,0,0,0,0,0,0,0,0,0,0,0,469.111,0,0,-398.036
"MtrElec",5,29,18,"",200.571,0,0,0,0,0,0,0,0,0,0,0,0,0,0,0,0,0,0,0,0,439.214,0,0,-238.643
"MtrElec",5,29,19,"",129.472,0,0,0,0,0,0,0,0,0,0,0,0,0,0,0,0,0,0,0,0,431.837,0,-221.926,-80.4392
"MtrElec",5,29,20,"",185.577,0,0,0,0,0,0,0,0,0,0,0,0,0,0,0,0,0,0,0,0,419.946,0,-221.926,-12.4429
"MtrElec",5,29,21,"",126.27,0,0,0,0,0,0,0,0,0,0,0,0,0,0,0,0,0,0,0,0,348.195,0,-221.926,0
"MtrElec",5,29,22,"",228.06,0,0,0,0,0,0,0,0,0,0,0,0,0,0,0,0,0,0,0,0,279.213,0,-51.1531,0
"MtrElec",5,29,23,"",282.467,0,0,0,0,0,0,0,0,0,0,0,0,0,0,0,0,0,0,0,0,282.467,0,0,0
"MtrElec",5,29,24,"",244.744,0,0,0,0,0,0,0,0,0,0,0,0,0,0,0,0,0,0,0,0,244.744,0,0,0
"MtrElec",5,30,1,"",152.646,0,0,0,0,0,0,0,0,0,0,0,0,0,0,0,0,0,0,0,0,152.646,0,0,0
"MtrElec",5,30,2,"",145.653,0,0,0,0,0,0,0,0,0,0,0,0,0,0,0,0,0,0,0,0,145.653,0,0,0
"MtrElec",5,30,3,"",143.568,0,0,0,0,0,0,0,0,0,0,0,0,0,0,0,0,0,0,0,0,143.568,0,0,0
"MtrElec",5,30,4,"",142.681,0,0,0,0,0,0,0,0,0,0,0,0,0,0,0,0,0,0,0,0,142.681,0,0,0
"MtrElec",5,30,5,"",147.182,0,0,0,0,0,0,0,0,0,0,0,0,0,0,0,0,0,0,0,0,147.182,0,0,0
"MtrElec",5,30,6,"",141.968,0,0,0,0,0,0,0,0,0,0,0,0,0,0,0,0,0,0,0,0,141.968,0,0,0
"MtrElec",5,30,7,"",197.344,0,0,0,0,0,0,0,0,0,0,0,0,0,0,0,0,0,0,0,0,217.639,0,0,-20.2946
"MtrElec",5,30,8,"",192.174,0,0,0,0,0,0,0,0,0,0,0,0,0,0,0,0,0,0,0,0,268.955,0,0,-76.7813
"MtrElec",5,30,9,"",210.19,0,0,0,0,0,0,0,0,0,0,0,0,0,0,0,0,0,0,0,0,342.401,0,0,-132.212
"MtrElec",5,30,10,"",217.421,0,0,0,0,0,0,0,0,0,0,0,0,0,0,0,0,0,0,0,0,428.978,0,0,-211.557
"MtrElec",5,30,11,"",192.896,0,0,0,0,0,0,0,0,0,0,0,0,0,0,0,0,0,0,0,0,434.997,0,0,-242.101
"MtrElec",5,30,12,"",95.5639,0,0,0,0,0,0,0,0,0,0,0,0,0,0,0,0,0,0,0,0,529.08,0,0,-433.516
"MtrElec",5,30,13,"",-20.9546,0,0,0,0,0,0,0,0,0,0,0,0,0,0,0,0,0,0,0,0,452.556,0,221.926,-695.436
"MtrElec",5,30,14,"",-6.28487,0,0,0,0,0,0,0,0,0,0,0,0,0,0,0,0,0,0,0,0,447.007,0,221.926,-675.218
"MtrElec",5,30,15,"",0.0000078,0,0,0,0,0,0,0,0,0,0,0,0,0,0,0,0,0,0,0,0,472.336,0,129.815,-602.151
"MtrElec",5,30,16,"",0,0,0,0,0,0,0,0,0,0,0,0,0,0,0,0,0,0,0,0,0,421.771,0,94.5725,-516.344
"MtrElec",5,30,17,"",43.113,0,0,0,0,0,0,0,0,0,0,0,0,0,0,0,0,0,0,0,0,423.989,0,0,-380.876
"MtrElec",5,30,18,"",278.608,0,0,0,0,0,0,0,0,0,0,0,0,0,0,0,0,0,0,0,0,445.223,0,0,-166.615
"MtrElec",5,30,19,"",158.931,0,0,0,0,0,0,0,0,0,0,0,0,0,0,0,0,0,0,0,0,421.935,0,-221.926,-41.0779
"MtrElec",5,30,20,"",120.455,0,0,0,0,0,0,0,0,0,0,0,0,0,0,0,0,0,0,0,0,347.134,0,-221.926,-4.75373
"MtrElec",5,30,21,"",188.428,0,0,0,0,0,0,0,0,0,0,0,0,0,0,0,0,0,0,0,0,347.663,0,-159.234,0
"MtrElec",5,30,22,"",329.677,0,0,0,0,0,0,0,0,0,0,0,0,0,0,0,0,0,0,0,0,329.677,0,0,0
"MtrElec",5,30,23,"",230.919,0,0,0,0,0,0,0,0,0,0,0,0,0,0,0,0,0,0,0,0,230.919,0,0,0
"MtrElec",5,30,24,"",181.051,0,0,0,0,0,0,0,0,0,0,0,0,0,0,0,0,0,0,0,0,181.051,0,0,0
"MtrElec",5,31,1,"",149.048,0,0,0,0,0,0,0,0,0,0,0,0,0,0,0,0,0,0,0,0,149.048,0,0,0
"MtrElec",5,31,2,"",146.475,0,0,0,0,0,0,0,0,0,0,0,0,0,0,0,0,0,0,0,0,146.475,0,0,0
"MtrElec",5,31,3,"",142.367,0,0,0,0,0,0,0,0,0,0,0,0,0,0,0,0,0,0,0,0,142.367,0,0,0
"MtrElec",5,31,4,"",143.941,0,0,0,0,0,0,0,0,0,0,0,0,0,0,0,0,0,0,0,0,143.941,0,0,0
"MtrElec",5,31,5,"",214.805,0,0,0,0,0,0,0,0,0,0,0,0,0,0,0,0,0,0,0,0,214.805,0,0,0
"MtrElec",5,31,6,"",143.565,0,0,0,0,0,0,0,0,0,0,0,0,0,0,0,0,0,0,0,0,143.565,0,0,0
"MtrElec",5,31,7,"",138.302,0,0,0,0,0,0,0,0,0,0,0,0,0,0,0,0,0,0,0,0,152.626,0,0,-14.3239
"MtrElec",5,31,8,"",172.245,0,0,0,0,0,0,0,0,0,0,0,0,0,0,0,0,0,0,0,0,228.881,0,0,-56.6361
"MtrElec",5,31,9,"",191.854,0,0,0,0,0,0,0,0,0,0,0,0,0,0,0,0,0,0,0,0,278.049,0,0,-86.1952
"MtrElec",5,31,10,"",218.737,0,0,0,0,0,0,0,0,0,0,0,0,0,0,0,0,0,0,0,0,340.953,0,0,-122.215
"MtrElec",5,31,11,"",318.276,0,0,0,0,0,0,0,0,0,0,0,0,0,0,0,0,0,0,0,0,390.076,0,0,-71.7995
"MtrElec",5,31,12,"",194.358,0,0,0,0,0,0,0,0,0,0,0,0,0,0,0,0,0,0,0,0,397.903,0,0,-203.546
"MtrElec",5,31,13,"",101.749,0,0,0,0,0,0,0,0,0,0,0,0,0,0,0,0,0,0,0,0,397.876,0,0,-296.127
"MtrElec",5,31,14,"",185.526,0,0,0,0,0,0,0,0,0,0,0,0,0,0,0,0,0,0,0,0,355.555,0,0,-170.03
"MtrElec",5,31,15,"",107.658,0,0,0,0,0,0,0,0,0,0,0,0,0,0,0,0,0,0,0,0,358.701,0,0,-251.044
"MtrElec",5,31,16,"",108.371,0,0,0,0,0,0,0,0,0,0,0,0,0,0,0,0,0,0,0,0,339.439,0,0,-231.068
"MtrElec",5,31,17,"",151.356,0,0,0,0,0,0,0,0,0,0,0,0,0,0,0,0,0,0,0,0,346.308,0,0,-194.953
"MtrElec",5,31,18,"",168.006,0,0,0,0,0,0,0,0,0,0,0,0,0,0,0,0,0,0,0,0,345.657,0,0,-177.65
"MtrElec",5,31,19,"",316.813,0,0,0,0,0,0,0,0,0,0,0,0,0,0,0,0,0,0,0,0,395.859,0,0,-79.0467
"MtrElec",5,31,20,"",312.603,0,0,0,0,0,0,0,0,0,0,0,0,0,0,0,0,0,0,0,0,324.993,0,0,-12.39
"MtrElec",5,31,21,"",285.7,0,0,0,0,0,0,0,0,0,0,0,0,0,0,0,0,0,0,0,0,285.7,0,0,0
"MtrElec",5,31,22,"",273.696,0,0,0,0,0,0,0,0,0,0,0,0,0,0,0,0,0,0,0,0,273.696,0,0,0
"MtrElec",5,31,23,"",233.859,0,0,0,0,0,0,0,0,0,0,0,0,0,0,0,0,0,0,0,0,233.859,0,0,0
"MtrElec",5,31,24,"",182.825,0,0,0,0,0,0,0,0,0,0,0,0,0,0,0,0,0,0,0,0,182.825,0,0,0
"MtrElec",6,1,1,"",154.27,0,0,0,0,0,0,0,0,0,0,0,0,0,0,0,0,0,0,0,0,154.27,0,0,0
"MtrElec",6,1,2,"",143.043,0,0,0,0,0,0,0,0,0,0,0,0,0,0,0,0,0,0,0,0,143.043,0,0,0
"MtrElec",6,1,3,"",138.388,0,0,0,0,0,0,0,0,0,0,0,0,0,0,0,0,0,0,0,0,138.388,0,0,0
"MtrElec",6,1,4,"",139.572,0,0,0,0,0,0,0,0,0,0,0,0,0,0,0,0,0,0,0,0,139.572,0,0,0
"MtrElec",6,1,5,"",161.241,0,0,0,0,0,0,0,0,0,0,0,0,0,0,0,0,0,0,0,0,161.241,0,0,0
"MtrElec",6,1,6,"",153.052,0,0,0,0,0,0,0,0,0,0,0,0,0,0,0,0,0,0,0,0,153.052,0,0,0
"MtrElec",6,1,7,"",220.921,0,0,0,0,0,0,0,0,0,0,0,0,0,0,0,0,0,0,0,0,228.676,0,0,-7.75535
"MtrElec",6,1,8,"",323.681,0,0,0,0,0,0,0,0,0,0,0,0,0,0,0,0,0,0,0,0,358.558,0,0,-34.8772
"MtrElec",6,1,9,"",276.615,0,0,0,0,0,0,0,0,0,0,0,0,0,0,0,0,0,0,0,0,346.131,0,0,-69.5157
"MtrElec",6,1,10,"",268.466,0,0,0,0,0,0,0,0,0,0,0,0,0,0,0,0,0,0,0,0,393.734,0,0,-125.268
"MtrElec",6,1,11,"",226.975,0,0,0,0,0,0,0,0,0,0,0,0,0,0,0,0,0,0,0,0,403.677,0,0,-176.702
"MtrElec",6,1,12,"",64.4719,0,0,0,0,0,0,0,0,0,0,0,0,0,0,0,0,0,0,0,0,410.126,0,0,-345.654
"MtrElec",6,1,13,"",0.0000156,0,0,0,0,0,0,0,0,0,0,0,0,0,0,0,0,0,0,0,0,407.409,0,203.013,-610.422
"MtrElec",6,1,14,"",-57.9472,0,0,0,0,0,0,0,0,0,0,0,0,0,0,0,0,0,0,0,0,374.957,0,221.926,-654.83
"MtrElec",6,1,15,"",0.0000156,0,0,0,0,0,0,0,0,0,0,0,0,0,0,0,0,0,0,0,0,424.061,0,195.339,-619.4
"MtrElec",6,1,16,"",0.0000078,0,0,0,0,0,0,0,0,0,0,0,0,0,0,0,0,0,0,0,0,423.583,0,107.713,-531.296
"MtrElec",6,1,17,"",16.6567,0,0,0,0,0,0,0,0,0,0,0,0,0,0,0,0,0,0,0,0,426.947,0,0,-410.291
"MtrElec",6,1,18,"",211.613,0,0,0,0,0,0,0,0,0,0,0,0,0,0,0,0,0,0,0,0,458.731,0,0,-247.118
"MtrElec",6,1,19,"",119.816,0,0,0,0,0,0,0,0,0,0,0,0,0,0,0,0,0,0,0,0,423.109,0,-221.926,-81.3667
"MtrElec",6,1,20,"",173.215,0,0,0,0,0,0,0,0,0,0,0,0,0,0,0,0,0,0,0,0,407.481,0,-221.926,-12.3408
"MtrElec",6,1,21,"",103.472,0,0,0,0,0,0,0,0,0,0,0,0,0,0,0,0,0,0,0,0,316.632,0,-213.16,0
"MtrElec",6,1,22,"",279.73,0,0,0,0,0,0,0,0,0,0,0,0,0,0,0,0,0,0,0,0,279.73,0,0,0
"MtrElec",6,1,23,"",279.865,0,0,0,0,0,0,0,0,0,0,0,0,0,0,0,0,0,0,0,0,279.865,0,0,0
"MtrElec",6,1,24,"",185.877,0,0,0,0,0,0,0,0,0,0,0,0,0,0,0,0,0,0,0,0,185.877,0,0,0
"MtrElec",6,2,1,"",177.263,0,0,0,0,0,0,0,0,0,0,0,0,0,0,0,0,0,0,0,0,177.263,0,0,0
"MtrElec",6,2,2,"",182.956,0,0,0,0,0,0,0,0,0,0,0,0,0,0,0,0,0,0,0,0,182.956,0,0,0
"MtrElec",6,2,3,"",143.642,0,0,0,0,0,0,0,0,0,0,0,0,0,0,0,0,0,0,0,0,143.642,0,0,0
"MtrElec",6,2,4,"",140.559,0,0,0,0,0,0,0,0,0,0,0,0,0,0,0,0,0,0,0,0,140.559,0,0,0
"MtrElec",6,2,5,"",137.244,0,0,0,0,0,0,0,0,0,0,0,0,0,0,0,0,0,0,0,0,137.244,0,0,0
"MtrElec",6,2,6,"",145.378,0,0,0,0,0,0,0,0,0,0,0,0,0,0,0,0,0,0,0,0,145.378,0,0,0
"MtrElec",6,2,7,"",246.014,0,0,0,0,0,0,0,0,0,0,0,0,0,0,0,0,0,0,0,0,272.059,0,0,-26.0448
"MtrElec",6,2,8,"",184.936,0,0,0,0,0,0,0,0,0,0,0,0,0,0,0,0,0,0,0,0,324.292,0,0,-139.357
"MtrElec",6,2,9,"",53.2213,0,0,0,0,0,0,0,0,0,0,0,0,0,0,0,0,0,0,0,0,361.639,0,0,-308.418
"MtrElec",6,2,10,"",-11.2538,0,0,0,0,0,0,0,0,0,0,0,0,0,0,0,0,0,0,0,0,446.649,0,0,-457.903
"MtrElec",6,2,11,"",0,0,0,0,0,0,0,0,0,0,0,0,0,0,0,0,0,0,0,0,0,525.077,0,45.8377,-570.915
"MtrElec",6,2,12,"",0.0000156,0,0,0,0,0,0,0,0,0,0,0,0,0,0,0,0,0,0,0,0,494.753,0,146.45,-641.204
"MtrElec",6,2,13,"",0,0,0,0,0,0,0,0,0,0,0,0,0,0,0,0,0,0,0,0,0,513.909,0,157.552,-671.462
"MtrElec",6,2,14,"",-30.703,0,0,0,0,0,0,0,0,0,0,0,0,0,0,0,0,0,0,0,0,428.026,0,221.926,-680.654
"MtrElec",6,2,15,"",-17.1904,0,0,0,0,0,0,0,0,0,0,0,0,0,0,0,0,0,0,0,0,400.493,0,221.926,-639.609
"MtrElec",6,2,16,"",-87.5381,0,0,0,0,0,0,0,0,0,0,0,0,0,0,0,0,0,0,0,0,459.339,0,0.69082,-547.568
"MtrElec",6,2,17,"",35.174,0,0,0,0,0,0,0,0,0,0,0,0,0,0,0,0,0,0,0,0,450.068,0,0,-414.894
"MtrElec",6,2,18,"",252.195,0,0,0,0,0,0,0,0,0,0,0,0,0,0,0,0,0,0,0,0,501.121,0,0,-248.926
"MtrElec",6,2,19,"",199.642,0,0,0,0,0,0,0,0,0,0,0,0,0,0,0,0,0,0,0,0,500.291,0,-221.926,-78.7238
"MtrElec",6,2,20,"",235.043,0,0,0,0,0,0,0,0,0,0,0,0,0,0,0,0,0,0,0,0,466.938,0,-221.926,-9.96927
"MtrElec",6,2,21,"",176.796,0,0,0,0,0,0,0,0,0,0,0,0,0,0,0,0,0,0,0,0,398.722,0,-221.926,0
"MtrElec",6,2,22,"",182.418,0,0,0,0,0,0,0,0,0,0,0,0,0,0,0,0,0,0,0,0,233.571,0,-51.1531,0
"MtrElec",6,2,23,"",258.786,0,0,0,0,0,0,0,0,0,0,0,0,0,0,0,0,0,0,0,0,258.786,0,0,0
"MtrElec",6,2,24,"",171.175,0,0,0,0,0,0,0,0,0,0,0,0,0,0,0,0,0,0,0,0,171.175,0,0,0
"MtrElec",6,3,1,"",191.877,0,0,0,0,0,0,0,0,0,0,0,0,0,0,0,0,0,0,0,0,191.877,0,0,0
"MtrElec",6,3,2,"",144.851,0,0,0,0,0,0,0,0,0,0,0,0,0,0,0,0,0,0,0,0,144.851,0,0,0
"MtrElec",6,3,3,"",139.922,0,0,0,0,0,0,0,0,0,0,0,0,0,0,0,0,0,0,0,0,139.922,0,0,0
"MtrElec",6,3,4,"",143.613,0,0,0,0,0,0,0,0,0,0,0,0,0,0,0,0,0,0,0,0,143.613,0,0,0
"MtrElec",6,3,5,"",141.666,0,0,0,0,0,0,0,0,0,0,0,0,0,0,0,0,0,0,0,0,141.666,0,0,0
"MtrElec",6,3,6,"",167.544,0,0,0,0,0,0,0,0,0,0,0,0,0,0,0,0,0,0,0,0,167.544,0,0,0
"MtrElec",6,3,7,"",191.458,0,0,0,0,0,0,0,0,0,0,0,0,0,0,0,0,0,0,0,0,215.458,0,0,-23.9998
"MtrElec",6,3,8,"",200.968,0,0,0,0,0,0,0,0,0,0,0,0,0,0,0,0,0,0,0,0,342.299,0,0,-141.331
"MtrElec",6,3,9,"",39.3951,0,0,0,0,0,0,0,0,0,0,0,0,0,0,0,0,0,0,0,0,355.78,0,0,-316.385
"MtrElec",6,3,10,"",-23.0587,0,0,0,0,0,0,0,0,0,0,0,0,0,0,0,0,0,0,0,0,440.869,0,0,-463.928
"MtrElec",6,3,11,"",0.0000078,0,0,0,0,0,0,0,0,0,0,0,0,0,0,0,0,0,0,0,0,460.929,0,117.627,-578.556
"MtrElec",6,3,12,"",0,0,0,0,0,0,0,0,0,0,0,0,0,0,0,0,0,0,0,0,0,455.476,0,187.498,-642.974
"MtrElec",6,3,13,"",0.0000156,0,0,0,0,0,0,0,0,0,0,0,0,0,0,0,0,0,0,0,0,531.632,0,139.088,-670.72
"MtrElec",6,3,14,"",-29.022,0,0,0,0,0,0,0,0,0,0,0,0,0,0,0,0,0,0,0,0,419.451,0,221.926,-670.399
"MtrElec",6,3,15,"",-44.3326,0,0,0,0,0,0,0,0,0,0,0,0,0,0,0,0,0,0,0,0,451.208,0,128.243,-623.784
"MtrElec",6,3,16,"",-79.6133,0,0,0,0,0,0,0,0,0,0,0,0,0,0,0,0,0,0,0,0,448.13,0,0,-527.743
"MtrElec",6,3,17,"",162.729,0,0,0,0,0,0,0,0,0,0,0,0,0,0,0,0,0,0,0,0,554.026,0,0,-391.296
"MtrElec",6,3,18,"",310.001,0,0,0,0,0,0,0,0,0,0,0,0,0,0,0,0,0,0,0,0,548.843,0,0,-238.842
"MtrElec",6,3,19,"",218.399,0,0,0,0,0,0,0,0,0,0,0,0,0,0,0,0,0,0,0,0,520.774,0,-221.926,-80.4494
"MtrElec",6,3,20,"",219.171,0,0,0,0,0,0,0,0,0,0,0,0,0,0,0,0,0,0,0,0,452.747,0,-221.926,-11.65
"MtrElec",6,3,21,"",182.191,0,0,0,0,0,0,0,0,0,0,0,0,0,0,0,0,0,0,0,0,404.117,0,-221.926,0
"MtrElec",6,3,22,"",249.037,0,0,0,0,0,0,0,0,0,0,0,0,0,0,0,0,0,0,0,0,300.19,0,-51.1531,0
"MtrElec",6,3,23,"",265.799,0,0,0,0,0,0,0,0,0,0,0,0,0,0,0,0,0,0,0,0,265.799,0,0,0
"MtrElec",6,3,24,"",190.103,0,0,0,0,0,0,0,0,0,0,0,0,0,0,0,0,0,0,0,0,190.103,0,0,0
"MtrElec",6,4,1,"",145.844,0,0,0,0,0,0,0,0,0,0,0,0,0,0,0,0,0,0,0,0,145.844,0,0,0
"MtrElec",6,4,2,"",143.305,0,0,0,0,0,0,0,0,0,0,0,0,0,0,0,0,0,0,0,0,143.305,0,0,0
"MtrElec",6,4,3,"",138.974,0,0,0,0,0,0,0,0,0,0,0,0,0,0,0,0,0,0,0,0,138.974,0,0,0
"MtrElec",6,4,4,"",139.925,0,0,0,0,0,0,0,0,0,0,0,0,0,0,0,0,0,0,0,0,139.925,0,0,0
"MtrElec",6,4,5,"",179.294,0,0,0,0,0,0,0,0,0,0,0,0,0,0,0,0,0,0,0,0,179.294,0,0,0
"MtrElec",6,4,6,"",143.473,0,0,0,0,0,0,0,0,0,0,0,0,0,0,0,0,0,0,0,0,143.473,0,0,0
"MtrElec",6,4,7,"",190.148,0,0,0,0,0,0,0,0,0,0,0,0,0,0,0,0,0,0,0,0,226.572,0,0,-36.4243
"MtrElec",6,4,8,"",132.563,0,0,0,0,0,0,0,0,0,0,0,0,0,0,0,0,0,0,0,0,273.222,0,0,-140.658
"MtrElec",6,4,9,"",126.571,0,0,0,0,0,0,0,0,0,0,0,0,0,0,0,0,0,0,0,0,395.982,0,0,-269.411
"MtrElec",6,4,10,"",-35.5885,0,0,0,0,0,0,0,0,0,0,0,0,0,0,0,0,0,0,0,0,411.081,0,0,-446.669
"MtrElec",6,4,11,"",0,0,0,0,0,0,0,0,0,0,0,0,0,0,0,0,0,0,0,0,0,446.789,0,139.408,-586.198
"MtrElec",6,4,12,"",-17.3824,0,0,0,0,0,0,0,0,0,0,0,0,0,0,0,0,0,0,0,0,430.233,0,221.926,-669.541
"MtrElec",6,4,13,"",-9.49359,0,0,0,0,0,0,0,0,0,0,0,0,0,0,0,0,0,0,0,0,466.317,0,221.926,-697.736
"MtrElec",6,4,14,"",-74.8817,0,0,0,0,0,0,0,0,0,0,0,0,0,0,0,0,0,0,0,0,402.926,0,211.123,-688.93
"MtrElec",6,4,15,"",-244.748,0,0,0,0,0,0,0,0,0,0,0,0,0,0,0,0,0,0,0,0,403.451,0,0,-648.2
"MtrElec",6,4,16,"",-119.151,0,0,0,0,0,0,0,0,0,0,0,0,0,0,0,0,0,0,0,0,432.188,0,0,-551.339
"MtrElec",6,4,17,"",43.0277,0,0,0,0,0,0,0,0,0,0,0,0,0,0,0,0,0,0,0,0,454.374,0,0,-411.346
"MtrElec",6,4,18,"",257.242,0,0,0,0,0,0,0,0,0,0,0,0,0,0,0,0,0,0,0,0,506.368,0,0,-249.126
"MtrElec",6,4,19,"",170.534,0,0,0,0,0,0,0,0,0,0,0,0,0,0,0,0,0,0,0,0,473.131,0,-221.926,-80.6706
"MtrElec",6,4,20,"",170.774,0,0,0,0,0,0,0,0,0,0,0,0,0,0,0,0,0,0,0,0,402.042,0,-221.926,-9.3424
"MtrElec",6,4,21,"",160.991,0,0,0,0,0,0,0,0,0,0,0,0,0,0,0,0,0,0,0,0,382.917,0,-221.926,0
"MtrElec",6,4,22,"",181.363,0,0,0,0,0,0,0,0,0,0,0,0,0,0,0,0,0,0,0,0,232.517,0,-51.1531,0
"MtrElec",6,4,23,"",264.678,0,0,0,0,0,0,0,0,0,0,0,0,0,0,0,0,0,0,0,0,264.678,0,0,0
"MtrElec",6,4,24,"",169.012,0,0,0,0,0,0,0,0,0,0,0,0,0,0,0,0,0,0,0,0,169.012,0,0,0
"MtrElec",6,5,1,"",151.176,0,0,0,0,0,0,0,0,0,0,0,0,0,0,0,0,0,0,0,0,151.176,0,0,0
"MtrElec",6,5,2,"",144.946,0,0,0,0,0,0,0,0,0,0,0,0,0,0,0,0,0,0,0,0,144.946,0,0,0
"MtrElec",6,5,3,"",177.971,0,0,0,0,0,0,0,0,0,0,0,0,0,0,0,0,0,0,0,0,177.971,0,0,0
"MtrElec",6,5,4,"",139.686,0,0,0,0,0,0,0,0,0,0,0,0,0,0,0,0,0,0,0,0,139.686,0,0,0
"MtrElec",6,5,5,"",138.143,0,0,0,0,0,0,0,0,0,0,0,0,0,0,0,0,0,0,0,0,138.143,0,0,0
"MtrElec",6,5,6,"",140.726,0,0,0,0,0,0,0,0,0,0,0,0,0,0,0,0,0,0,0,0,140.726,0,0,0
"MtrElec",6,5,7,"",236.023,0,0,0,0,0,0,0,0,0,0,0,0,0,0,0,0,0,0,0,0,268.709,0,0,-32.6862
"MtrElec",6,5,8,"",182.681,0,0,0,0,0,0,0,0,0,0,0,0,0,0,0,0,0,0,0,0,300.805,0,0,-118.124
"MtrElec",6,5,9,"",143.993,0,0,0,0,0,0,0,0,0,0,0,0,0,0,0,0,0,0,0,0,338.359,0,0,-194.367
"MtrElec",6,5,10,"",85.2912,0,0,0,0,0,0,0,0,0,0,0,0,0,0,0,0,0,0,0,0,417.895,0,0,-332.604
"MtrElec",6,5,11,"",0,0,0,0,0,0,0,0,0,0,0,0,0,0,0,0,0,0,0,0,0,408.495,0,145.538,-554.033
"MtrElec",6,5,12,"",-77.455,0,0,0,0,0,0,0,0,0,0,0,0,0,0,0,0,0,0,0,0,358.503,0,221.926,-657.884
"MtrElec",6,5,13,"",-106.934,0,0,0,0,0,0,0,0,0,0,0,0,0,0,0,0,0,0,0,0,376.502,0,221.926,-705.362
"MtrElec",6,5,14,"",-149.437,0,0,0,0,0,0,0,0,0,0,0,0,0,0,0,0,0,0,0,0,335.199,0,204.993,-689.63
"MtrElec",6,5,15,"",-262.418,0,0,0,0,0,0,0,0,0,0,0,0,0,0,0,0,0,0,0,0,381.006,0,0,-643.425
"MtrElec",6,5,16,"",-163.365,0,0,0,0,0,0,0,0,0,0,0,0,0,0,0,0,0,0,0,0,395.484,0,0,-558.849
"MtrElec",6,5,17,"",-9.38609,0,0,0,0,0,0,0,0,0,0,0,0,0,0,0,0,0,0,0,0,413.391,0,0,-422.777
"MtrElec",6,5,18,"",128.15,0,0,0,0,0,0,0,0,0,0,0,0,0,0,0,0,0,0,0,0,384.814,0,0,-256.664
"MtrElec",6,5,19,"",107.949,0,0,0,0,0,0,0,0,0,0,0,0,0,0,0,0,0,0,0,0,410.965,0,-221.926,-81.0903
"MtrElec",6,5,20,"",175.532,0,0,0,0,0,0,0,0,0,0,0,0,0,0,0,0,0,0,0,0,406.85,0,-221.926,-9.39233
"MtrElec",6,5,21,"",169.897,0,0,0,0,0,0,0,0,0,0,0,0,0,0,0,0,0,0,0,0,391.823,0,-221.926,0
"MtrElec",6,5,22,"",207.525,0,0,0,0,0,0,0,0,0,0,0,0,0,0,0,0,0,0,0,0,258.678,0,-51.1531,0
"MtrElec",6,5,23,"",268.156,0,0,0,0,0,0,0,0,0,0,0,0,0,0,0,0,0,0,0,0,268.156,0,0,0
"MtrElec",6,5,24,"",199.605,0,0,0,0,0,0,0,0,0,0,0,0,0,0,0,0,0,0,0,0,199.605,0,0,0
"MtrElec",6,6,1,"",159.895,0,0,0,0,0,0,0,0,0,0,0,0,0,0,0,0,0,0,0,0,159.895,0,0,0
"MtrElec",6,6,2,"",142.79,0,0,0,0,0,0,0,0,0,0,0,0,0,0,0,0,0,0,0,0,142.79,0,0,0
"MtrElec",6,6,3,"",185.21,0,0,0,0,0,0,0,0,0,0,0,0,0,0,0,0,0,0,0,0,185.21,0,0,0
"MtrElec",6,6,4,"",142.824,0,0,0,0,0,0,0,0,0,0,0,0,0,0,0,0,0,0,0,0,142.824,0,0,0
"MtrElec",6,6,5,"",160.797,0,0,0,0,0,0,0,0,0,0,0,0,0,0,0,0,0,0,0,0,160.797,0,0,0
"MtrElec",6,6,6,"",140.977,0,0,0,0,0,0,0,0,0,0,0,0,0,0,0,0,0,0,0,0,140.977,0,0,0
"MtrElec",6,6,7,"",201.023,0,0,0,0,0,0,0,0,0,0,0,0,0,0,0,0,0,0,0,0,217.572,0,0,-16.5494
"MtrElec",6,6,8,"",180.495,0,0,0,0,0,0,0,0,0,0,0,0,0,0,0,0,0,0,0,0,241.093,0,0,-60.5978
"MtrElec",6,6,9,"",216.605,0,0,0,0,0,0,0,0,0,0,0,0,0,0,0,0,0,0,0,0,323.787,0,0,-107.182
"MtrElec",6,6,10,"",222.658,0,0,0,0,0,0,0,0,0,0,0,0,0,0,0,0,0,0,0,0,392.788,0,0,-170.131
"MtrElec",6,6,11,"",238.741,0,0,0,0,0,0,0,0,0,0,0,0,0,0,0,0,0,0,0,0,495.33,0,0,-256.589
"MtrElec",6,6,12,"",0,0,0,0,0,0,0,0,0,0,0,0,0,0,0,0,0,0,0,0,0,504.638,0,34.9386,-539.577
"MtrElec",6,6,13,"",0,0,0,0,0,0,0,0,0,0,0,0,0,0,0,0,0,0,0,0,0,477.072,0,198.232,-675.304
"MtrElec",6,6,14,"",-5.59747,0,0,0,0,0,0,0,0,0,0,0,0,0,0,0,0,0,0,0,0,450.826,0,221.926,-678.349
"MtrElec",6,6,15,"",0,0,0,0,0,0,0,0,0,0,0,0,0,0,0,0,0,0,0,0,0,458.827,0,165.087,-623.914
"MtrElec",6,6,16,"",0,0,0,0,0,0,0,0,0,0,0,0,0,0,0,0,0,0,0,0,0,411.579,0,134.373,-545.952
"MtrElec",6,6,17,"",0,0,0,0,0,0,0,0,0,0,0,0,0,0,0,0,0,0,0,0,0,395.706,0,23.4212,-419.127
"MtrElec",6,6,18,"",192.552,0,0,0,0,0,0,0,0,0,0,0,0,0,0,0,0,0,0,0,0,443.373,0,0,-250.821
"MtrElec",6,6,19,"",195.646,0,0,0,0,0,0,0,0,0,0,0,0,0,0,0,0,0,0,0,0,498.773,0,-221.926,-81.2017
"MtrElec",6,6,20,"",125.417,0,0,0,0,0,0,0,0,0,0,0,0,0,0,0,0,0,0,0,0,357.893,0,-221.926,-10.5496
"MtrElec",6,6,21,"",70.6639,0,0,0,0,0,0,0,0,0,0,0,0,0,0,0,0,0,0,0,0,292.59,0,-221.926,0
"MtrElec",6,6,22,"",279.247,0,0,0,0,0,0,0,0,0,0,0,0,0,0,0,0,0,0,0,0,315.595,0,-36.3475,0
"MtrElec",6,6,23,"",245.777,0,0,0,0,0,0,0,0,0,0,0,0,0,0,0,0,0,0,0,0,245.777,0,0,0
"MtrElec",6,6,24,"",199.111,0,0,0,0,0,0,0,0,0,0,0,0,0,0,0,0,0,0,0,0,199.111,0,0,0
"MtrElec",6,7,1,"",149.478,0,0,0,0,0,0,0,0,0,0,0,0,0,0,0,0,0,0,0,0,149.478,0,0,0
"MtrElec",6,7,2,"",142.83,0,0,0,0,0,0,0,0,0,0,0,0,0,0,0,0,0,0,0,0,142.83,0,0,0
"MtrElec",6,7,3,"",142.054,0,0,0,0,0,0,0,0,0,0,0,0,0,0,0,0,0,0,0,0,142.054,0,0,0
"MtrElec",6,7,4,"",142.667,0,0,0,0,0,0,0,0,0,0,0,0,0,0,0,0,0,0,0,0,142.667,0,0,0
"MtrElec",6,7,5,"",206.641,0,0,0,0,0,0,0,0,0,0,0,0,0,0,0,0,0,0,0,0,206.641,0,0,0
"MtrElec",6,7,6,"",141.441,0,0,0,0,0,0,0,0,0,0,0,0,0,0,0,0,0,0,0,0,141.441,0,0,0
"MtrElec",6,7,7,"",123.693,0,0,0,0,0,0,0,0,0,0,0,0,0,0,0,0,0,0,0,0,150.897,0,0,-27.2042
"MtrElec",6,7,8,"",123.482,0,0,0,0,0,0,0,0,0,0,0,0,0,0,0,0,0,0,0,0,217.799,0,0,-94.3165
"MtrElec",6,7,9,"",86.7752,0,0,0,0,0,0,0,0,0,0,0,0,0,0,0,0,0,0,0,0,257.17,0,0,-170.395
"MtrElec",6,7,10,"",185.875,0,0,0,0,0,0,0,0,0,0,0,0,0,0,0,0,0,0,0,0,411.105,0,0,-225.23
"MtrElec",6,7,11,"",12.9026,0,0,0,0,0,0,0,0,0,0,0,0,0,0,0,0,0,0,0,0,402.974,0,0,-390.071
"MtrElec",6,7,12,"",0,0,0,0,0,0,0,0,0,0,0,0,0,0,0,0,0,0,0,0,0,393.604,0,190.909,-584.513
"MtrElec",6,7,13,"",-89.7881,0,0,0,0,0,0,0,0,0,0,0,0,0,0,0,0,0,0,0,0,347.427,0,221.926,-659.141
"MtrElec",6,7,14,"",-107.361,0,0,0,0,0,0,0,0,0,0,0,0,0,0,0,0,0,0,0,0,328.471,0,221.926,-657.758
"MtrElec",6,7,15,"",-94.7951,0,0,0,0,0,0,0,0,0,0,0,0,0,0,0,0,0,0,0,0,366.099,0,159.622,-620.516
"MtrElec",6,7,16,"",-176.439,0,0,0,0,0,0,0,0,0,0,0,0,0,0,0,0,0,0,0,0,356.719,0,0,-533.157
"MtrElec",6,7,17,"",-54.8374,0,0,0,0,0,0,0,0,0,0,0,0,0,0,0,0,0,0,0,0,352.058,0,0,-406.895
"MtrElec",6,7,18,"",137.051,0,0,0,0,0,0,0,0,0,0,0,0,0,0,0,0,0,0,0,0,384.753,0,0,-247.702
"MtrElec",6,7,19,"",76.7777,0,0,0,0,0,0,0,0,0,0,0,0,0,0,0,0,0,0,0,0,380.167,0,-221.926,-81.4636
"MtrElec",6,7,20,"",99.6123,0,0,0,0,0,0,0,0,0,0,0,0,0,0,0,0,0,0,0,0,332.081,0,-221.926,-10.543
"MtrElec",6,7,21,"",23.7466,0,0,0,0,0,0,0,0,0,0,0,0,0,0,0,0,0,0,0,0,245.672,0,-221.926,0
"MtrElec",6,7,22,"",233.302,0,0,0,0,0,0,0,0,0,0,0,0,0,0,0,0,0,0,0,0,284.455,0,-51.1531,0
"MtrElec",6,7,23,"",237.983,0,0,0,0,0,0,0,0,0,0,0,0,0,0,0,0,0,0,0,0,237.983,0,0,0
"MtrElec",6,7,24,"",207.873,0,0,0,0,0,0,0,0,0,0,0,0,0,0,0,0,0,0,0,0,207.873,0,0,0
"MtrElec",6,8,1,"",159.839,0,0,0,0,0,0,0,0,0,0,0,0,0,0,0,0,0,0,0,0,159.839,0,0,0
"MtrElec",6,8,2,"",144.363,0,0,0,0,0,0,0,0,0,0,0,0,0,0,0,0,0,0,0,0,144.363,0,0,0
"MtrElec",6,8,3,"",181.02,0,0,0,0,0,0,0,0,0,0,0,0,0,0,0,0,0,0,0,0,181.02,0,0,0
"MtrElec",6,8,4,"",142.578,0,0,0,0,0,0,0,0,0,0,0,0,0,0,0,0,0,0,0,0,142.578,0,0,0
"MtrElec",6,8,5,"",142.414,0,0,0,0,0,0,0,0,0,0,0,0,0,0,0,0,0,0,0,0,142.414,0,0,0
"MtrElec",6,8,6,"",162.466,0,0,0,0,0,0,0,0,0,0,0,0,0,0,0,0,0,0,0,0,162.466,0,0,0
"MtrElec",6,8,7,"",177.763,0,0,0,0,0,0,0,0,0,0,0,0,0,0,0,0,0,0,0,0,207.867,0,0,-30.1031
"MtrElec",6,8,8,"",212.069,0,0,0,0,0,0,0,0,0,0,0,0,0,0,0,0,0,0,0,0,318.967,0,0,-106.898
"MtrElec",6,8,9,"",123.836,0,0,0,0,0,0,0,0,0,0,0,0,0,0,0,0,0,0,0,0,317.409,0,0,-193.573
"MtrElec",6,8,10,"",41.7476,0,0,0,0,0,0,0,0,0,0,0,0,0,0,0,0,0,0,0,0,403.585,0,0,-361.837
"MtrElec",6,8,11,"",0,0,0,0,0,0,0,0,0,0,0,0,0,0,0,0,0,0,0,0,0,435.423,0,105.334,-540.757
"MtrElec",6,8,12,"",-13.4155,0,0,0,0,0,0,0,0,0,0,0,0,0,0,0,0,0,0,0,0,413.664,0,221.926,-649.005
"MtrElec",6,8,13,"",-39.1483,0,0,0,0,0,0,0,0,0,0,0,0,0,0,0,0,0,0,0,0,418.09,0,221.926,-679.164
"MtrElec",6,8,14,"",-24.7154,0,0,0,0,0,0,0,0,0,0,0,0,0,0,0,0,0,0,0,0,405.209,0,221.926,-651.85
"MtrElec",6,8,15,"",-215.835,0,0,0,0,0,0,0,0,0,0,0,0,0,0,0,0,0,0,0,0,383.924,0,23.2717,-623.031
"MtrElec",6,8,16,"",-154.742,0,0,0,0,0,0,0,0,0,0,0,0,0,0,0,0,0,0,0,0,387.776,0,0,-542.518
"MtrElec",6,8,17,"",-13.6272,0,0,0,0,0,0,0,0,0,0,0,0,0,0,0,0,0,0,0,0,401.496,0,0,-415.124
"MtrElec",6,8,18,"",216.069,0,0,0,0,0,0,0,0,0,0,0,0,0,0,0,0,0,0,0,0,467.815,0,0,-251.745
"MtrElec",6,8,19,"",138.272,0,0,0,0,0,0,0,0,0,0,0,0,0,0,0,0,0,0,0,0,443.489,0,-221.926,-83.2921
"MtrElec",6,8,20,"",191.407,0,0,0,0,0,0,0,0,0,0,0,0,0,0,0,0,0,0,0,0,424.501,0,-221.926,-11.1681
"MtrElec",6,8,21,"",159.941,0,0,0,0,0,0,0,0,0,0,0,0,0,0,0,0,0,0,0,0,381.866,0,-221.926,0
"MtrElec",6,8,22,"",235.874,0,0,0,0,0,0,0,0,0,0,0,0,0,0,0,0,0,0,0,0,287.027,0,-51.1531,0
"MtrElec",6,8,23,"",189.093,0,0,0,0,0,0,0,0,0,0,0,0,0,0,0,0,0,0,0,0,189.093,0,0,0
"MtrElec",6,8,24,"",228.65,0,0,0,0,0,0,0,0,0,0,0,0,0,0,0,0,0,0,0,0,228.65,0,0,0
"MtrElec",6,9,1,"",172.658,0,0,0,0,0,0,0,0,0,0,0,0,0,0,0,0,0,0,0,0,172.658,0,0,0
"MtrElec",6,9,2,"",142.032,0,0,0,0,0,0,0,0,0,0,0,0,0,0,0,0,0,0,0,0,142.032,0,0,0
"MtrElec",6,9,3,"",140.572,0,0,0,0,0,0,0,0,0,0,0,0,0,0,0,0,0,0,0,0,140.572,0,0,0
"MtrElec",6,9,4,"",143.552,0,0,0,0,0,0,0,0,0,0,0,0,0,0,0,0,0,0,0,0,143.552,0,0,0
"MtrElec",6,9,5,"",141.232,0,0,0,0,0,0,0,0,0,0,0,0,0,0,0,0,0,0,0,0,141.232,0,0,0
"MtrElec",6,9,6,"",181.359,0,0,0,0,0,0,0,0,0,0,0,0,0,0,0,0,0,0,0,0,181.359,0,0,0
"MtrElec",6,9,7,"",227.536,0,0,0,0,0,0,0,0,0,0,0,0,0,0,0,0,0,0,0,0,261.314,0,0,-33.7781
"MtrElec",6,9,8,"",148.297,0,0,0,0,0,0,0,0,0,0,0,0,0,0,0,0,0,0,0,0,274.144,0,0,-125.847
"MtrElec",6,9,9,"",142.228,0,0,0,0,0,0,0,0,0,0,0,0,0,0,0,0,0,0,0,0,328.039,0,0,-185.81
"MtrElec",6,9,10,"",293.072,0,0,0,0,0,0,0,0,0,0,0,0,0,0,0,0,0,0,0,0,402.977,0,0,-109.906
"MtrElec",6,9,11,"",222.753,0,0,0,0,0,0,0,0,0,0,0,0,0,0,0,0,0,0,0,0,433.741,0,0,-210.988
"MtrElec",6,9,12,"",50.6907,0,0,0,0,0,0,0,0,0,0,0,0,0,0,0,0,0,0,0,0,373.336,0,0,-322.645
"MtrElec",6,9,13,"",0,0,0,0,0,0,0,0,0,0,0,0,0,0,0,0,0,0,0,0,0,412.401,0,9.27131,-421.673
"MtrElec",6,9,14,"",0.0000156,0,0,0,0,0,0,0,0,0,0,0,0,0,0,0,0,0,0,0,0,396.184,0,187.069,-583.253
"MtrElec",6,9,15,"",0,0,0,0,0,0,0,0,0,0,0,0,0,0,0,0,0,0,0,0,0,367.081,0,172.217,-539.298
"MtrElec",6,9,16,"",0,0,0,0,0,0,0,0,0,0,0,0,0,0,0,0,0,0,0,0,0,404.83,0,61.191,-466.021
"MtrElec",6,9,17,"",91.8086,0,0,0,0,0,0,0,0,0,0,0,0,0,0,0,0,0,0,0,0,400.09,0,0,-308.282
"MtrElec",6,9,18,"",358.039,0,0,0,0,0,0,0,0,0,0,0,0,0,0,0,0,0,0,0,0,463.423,0,0,-105.384
"MtrElec",6,9,19,"",128.244,0,0,0,0,0,0,0,0,0,0,0,0,0,0,0,0,0,0,0,0,430.687,0,-221.926,-80.5173
"MtrElec",6,9,20,"",272.487,0,0,0,0,0,0,0,0,0,0,0,0,0,0,0,0,0,0,0,0,451.303,0,-165.922,-12.8938
"MtrElec",6,9,21,"",386.742,0,0,0,0,0,0,0,0,0,0,0,0,0,0,0,0,0,0,0,0,386.742,0,0,0
"MtrElec",6,9,22,"",301.026,0,0,0,0,0,0,0,0,0,0,0,0,0,0,0,0,0,0,0,0,301.026,0,0,0
"MtrElec",6,9,23,"",227.683,0,0,0,0,0,0,0,0,0,0,0,0,0,0,0,0,0,0,0,0,227.683,0,0,0
"MtrElec",6,9,24,"",173.466,0,0,0,0,0,0,0,0,0,0,0,0,0,0,0,0,0,0,0,0,173.466,0,0,0
"MtrElec",6,10,1,"",150.021,0,0,0,0,0,0,0,0,0,0,0,0,0,0,0,0,0,0,0,0,150.021,0,0,0
"MtrElec",6,10,2,"",148.932,0,0,0,0,0,0,0,0,0,0,0,0,0,0,0,0,0,0,0,0,148.932,0,0,0
"MtrElec",6,10,3,"",180.459,0,0,0,0,0,0,0,0,0,0,0,0,0,0,0,0,0,0,0,0,180.459,0,0,0
"MtrElec",6,10,4,"",140.612,0,0,0,0,0,0,0,0,0,0,0,0,0,0,0,0,0,0,0,0,140.612,0,0,0
"MtrElec",6,10,5,"",138.548,0,0,0,0,0,0,0,0,0,0,0,0,0,0,0,0,0,0,0,0,138.548,0,0,0
"MtrElec",6,10,6,"",143.543,0,0,0,0,0,0,0,0,0,0,0,0,0,0,0,0,0,0,0,0,143.543,0,0,0
"MtrElec",6,10,7,"",219.025,0,0,0,0,0,0,0,0,0,0,0,0,0,0,0,0,0,0,0,0,222.385,0,0,-3.35974
"MtrElec",6,10,8,"",318.851,0,0,0,0,0,0,0,0,0,0,0,0,0,0,0,0,0,0,0,0,340.501,0,0,-21.6498
"MtrElec",6,10,9,"",265.571,0,0,0,0,0,0,0,0,0,0,0,0,0,0,0,0,0,0,0,0,323.249,0,0,-57.6785
"MtrElec",6,10,10,"",261.287,0,0,0,0,0,0,0,0,0,0,0,0,0,0,0,0,0,0,0,0,387.493,0,0,-126.206
"MtrElec",6,10,11,"",145.266,0,0,0,0,0,0,0,0,0,0,0,0,0,0,0,0,0,0,0,0,439.136,0,0,-293.87
"MtrElec",6,10,12,"",0,0,0,0,0,0,0,0,0,0,0,0,0,0,0,0,0,0,0,0,0,441.712,0,71.2623,-512.974
"MtrElec",6,10,13,"",0,0,0,0,0,0,0,0,0,0,0,0,0,0,0,0,0,0,0,0,0,459.264,0,103.04,-562.304
"MtrElec",6,10,14,"",0,0,0,0,0,0,0,0,0,0,0,0,0,0,0,0,0,0,0,0,0,390.195,0,199.55,-589.746
"MtrElec",6,10,15,"",0,0,0,0,0,0,0,0,0,0,0,0,0,0,0,0,0,0,0,0,0,418.414,0,146.439,-564.852
"MtrElec",6,10,16,"",0,0,0,0,0,0,0,0,0,0,0,0,0,0,0,0,0,0,0,0,0,446.588,0,71.5226,-518.11
"MtrElec",6,10,17,"",89.8759,0,0,0,0,0,0,0,0,0,0,0,0,0,0,0,0,0,0,0,0,464.583,0,0,-374.707
"MtrElec",6,10,18,"",261.366,0,0,0,0,0,0,0,0,0,0,0,0,0,0,0,0,0,0,0,0,475.212,0,0,-213.846
"MtrElec",6,10,19,"",129.177,0,0,0,0,0,0,0,0,0,0,0,0,0,0,0,0,0,0,0,0,437.232,0,-221.926,-86.1289
"MtrElec",6,10,20,"",221.291,0,0,0,0,0,0,0,0,0,0,0,0,0,0,0,0,0,0,0,0,455.992,0,-221.926,-12.7744
"MtrElec",6,10,21,"",317.579,0,0,0,0,0,0,0,0,0,0,0,0,0,0,0,0,0,0,0,0,407.839,0,-90.2606,0
"MtrElec",6,10,22,"",303.857,0,0,0,0,0,0,0,0,0,0,0,0,0,0,0,0,0,0,0,0,303.857,0,0,0
"MtrElec",6,10,23,"",276.565,0,0,0,0,0,0,0,0,0,0,0,0,0,0,0,0,0,0,0,0,276.565,0,0,0
"MtrElec",6,10,24,"",209.933,0,0,0,0,0,0,0,0,0,0,0,0,0,0,0,0,0,0,0,0,209.933,0,0,0
"MtrElec",6,11,1,"",195.528,0,0,0,0,0,0,0,0,0,0,0,0,0,0,0,0,0,0,0,0,195.528,0,0,0
"MtrElec",6,11,2,"",146.119,0,0,0,0,0,0,0,0,0,0,0,0,0,0,0,0,0,0,0,0,146.119,0,0,0
"MtrElec",6,11,3,"",140.734,0,0,0,0,0,0,0,0,0,0,0,0,0,0,0,0,0,0,0,0,140.734,0,0,0
"MtrElec",6,11,4,"",139.454,0,0,0,0,0,0,0,0,0,0,0,0,0,0,0,0,0,0,0,0,139.454,0,0,0
"MtrElec",6,11,5,"",136.988,0,0,0,0,0,0,0,0,0,0,0,0,0,0,0,0,0,0,0,0,136.988,0,0,0
"MtrElec",6,11,6,"",174.427,0,0,0,0,0,0,0,0,0,0,0,0,0,0,0,0,0,0,0,0,174.427,0,0,0
"MtrElec",6,11,7,"",271.843,0,0,0,0,0,0,0,0,0,0,0,0,0,0,0,0,0,0,0,0,292.77,0,0,-20.9269
"MtrElec",6,11,8,"",220.291,0,0,0,0,0,0,0,0,0,0,0,0,0,0,0,0,0,0,0,0,294.828,0,0,-74.5373
"MtrElec",6,11,9,"",199.961,0,0,0,0,0,0,0,0,0,0,0,0,0,0,0,0,0,0,0,0,336.819,0,0,-136.857
"MtrElec",6,11,10,"",299.215,0,0,0,0,0,0,0,0,0,0,0,0,0,0,0,0,0,0,0,0,429.507,0,0,-130.292
"MtrElec",6,11,11,"",317.989,0,0,0,0,0,0,0,0,0,0,0,0,0,0,0,0,0,0,0,0,404.758,0,0,-86.7696
"MtrElec",6,11,12,"",301.044,0,0,0,0,0,0,0,0,0,0,0,0,0,0,0,0,0,0,0,0,412.391,0,0,-111.347
"MtrElec",6,11,13,"",340.834,0,0,0,0,0,0,0,0,0,0,0,0,0,0,0,0,0,0,0,0,441.978,0,0,-101.144
"MtrElec",6,11,14,"",300.114,0,0,0,0,0,0,0,0,0,0,0,0,0,0,0,0,0,0,0,0,389.772,0,0,-89.6582
"MtrElec",6,11,15,"",294.31,0,0,0,0,0,0,0,0,0,0,0,0,0,0,0,0,0,0,0,0,392.707,0,0,-98.3962
"MtrElec",6,11,16,"",303.092,0,0,0,0,0,0,0,0,0,0,0,0,0,0,0,0,0,0,0,0,383.555,0,0,-80.463
"MtrElec",6,11,17,"",320.715,0,0,0,0,0,0,0,0,0,0,0,0,0,0,0,0,0,0,0,0,381.975,0,0,-61.2606
"MtrElec",6,11,18,"",340.946,0,0,0,0,0,0,0,0,0,0,0,0,0,0,0,0,0,0,0,0,416.247,0,0,-75.3007
"MtrElec",6,11,19,"",329.508,0,0,0,0,0,0,0,0,0,0,0,0,0,0,0,0,0,0,0,0,405.993,0,0,-76.4856
"MtrElec",6,11,20,"",433.251,0,0,0,0,0,0,0,0,0,0,0,0,0,0,0,0,0,0,0,0,446.714,0,0,-13.4633
"MtrElec",6,11,21,"",421.792,0,0,0,0,0,0,0,0,0,0,0,0,0,0,0,0,0,0,0,0,421.792,0,0,0
"MtrElec",6,11,22,"",281.335,0,0,0,0,0,0,0,0,0,0,0,0,0,0,0,0,0,0,0,0,281.335,0,0,0
"MtrElec",6,11,23,"",298.636,0,0,0,0,0,0,0,0,0,0,0,0,0,0,0,0,0,0,0,0,298.636,0,0,0
"MtrElec",6,11,24,"",247.064,0,0,0,0,0,0,0,0,0,0,0,0,0,0,0,0,0,0,0,0,247.064,0,0,0
"MtrElec",6,12,1,"",181.896,0,0,0,0,0,0,0,0,0,0,0,0,0,0,0,0,0,0,0,0,181.896,0,0,0
"MtrElec",6,12,2,"",146.888,0,0,0,0,0,0,0,0,0,0,0,0,0,0,0,0,0,0,0,0,146.888,0,0,0
"MtrElec",6,12,3,"",139.965,0,0,0,0,0,0,0,0,0,0,0,0,0,0,0,0,0,0,0,0,139.965,0,0,0
"MtrElec",6,12,4,"",139.529,0,0,0,0,0,0,0,0,0,0,0,0,0,0,0,0,0,0,0,0,139.529,0,0,0
"MtrElec",6,12,5,"",136.445,0,0,0,0,0,0,0,0,0,0,0,0,0,0,0,0,0,0,0,0,136.445,0,0,0
"MtrElec",6,12,6,"",179.686,0,0,0,0,0,0,0,0,0,0,0,0,0,0,0,0,0,0,0,0,179.686,0,0,0
"MtrElec",6,12,7,"",238.136,0,0,0,0,0,0,0,0,0,0,0,0,0,0,0,0,0,0,0,0,244.442,0,0,-6.3053
"MtrElec",6,12,8,"",257.71,0,0,0,0,0,0,0,0,0,0,0,0,0,0,0,0,0,0,0,0,287.512,0,0,-29.802
"MtrElec",6,12,9,"",308.149,0,0,0,0,0,0,0,0,0,0,0,0,0,0,0,0,0,0,0,0,364.778,0,0,-56.6289
"MtrElec",6,12,10,"",298.367,0,0,0,0,0,0,0,0,0,0,0,0,0,0,0,0,0,0,0,0,402.626,0,0,-104.259
"MtrElec",6,12,11,"",196.71,0,0,0,0,0,0,0,0,0,0,0,0,0,0,0,0,0,0,0,0,348.867,0,0,-152.157
"MtrElec",6,12,12,"",217.453,0,0,0,0,0,0,0,0,0,0,0,0,0,0,0,0,0,0,0,0,398.234,0,0,-180.781
"MtrElec",6,12,13,"",44.006,0,0,0,0,0,0,0,0,0,0,0,0,0,0,0,0,0,0,0,0,434.874,0,0,-390.868
"MtrElec",6,12,14,"",2.80641,0,0,0,0,0,0,0,0,0,0,0,0,0,0,0,0,0,0,0,0,388.888,0,0,-386.082
"MtrElec",6,12,15,"",0,0,0,0,0,0,0,0,0,0,0,0,0,0,0,0,0,0,0,0,0,341.042,0,120.812,-461.854
"MtrElec",6,12,16,"",0,0,0,0,0,0,0,0,0,0,0,0,0,0,0,0,0,0,0,0,0,384.599,0,130.776,-515.375
"MtrElec",6,12,17,"",0.0000020,0,0,0,0,0,0,0,0,0,0,0,0,0,0,0,0,0,0,0,0,385.234,0,27.1421,-412.376
"MtrElec",6,12,18,"",209.774,0,0,0,0,0,0,0,0,0,0,0,0,0,0,0,0,0,0,0,0,450.71,0,0,-240.936
"MtrElec",6,12,19,"",134.678,0,0,0,0,0,0,0,0,0,0,0,0,0,0,0,0,0,0,0,0,439.89,0,-221.926,-83.2859
"MtrElec",6,12,20,"",372.25,0,0,0,0,0,0,0,0,0,0,0,0,0,0,0,0,0,0,0,0,412.282,0,-29.6281,-10.4037
"MtrElec",6,12,21,"",375.779,0,0,0,0,0,0,0,0,0,0,0,0,0,0,0,0,0,0,0,0,375.779,0,0,0
"MtrElec",6,12,22,"",276.091,0,0,0,0,0,0,0,0,0,0,0,0,0,0,0,0,0,0,0,0,276.091,0,0,0
"MtrElec",6,12,23,"",282.7,0,0,0,0,0,0,0,0,0,0,0,0,0,0,0,0,0,0,0,0,282.7,0,0,0
"MtrElec",6,12,24,"",204.106,0,0,0,0,0,0,0,0,0,0,0,0,0,0,0,0,0,0,0,0,204.106,0,0,0
"MtrElec",6,13,1,"",151.909,0,0,0,0,0,0,0,0,0,0,0,0,0,0,0,0,0,0,0,0,151.909,0,0,0
"MtrElec",6,13,2,"",143.743,0,0,0,0,0,0,0,0,0,0,0,0,0,0,0,0,0,0,0,0,143.743,0,0,0
"MtrElec",6,13,3,"",144.454,0,0,0,0,0,0,0,0,0,0,0,0,0,0,0,0,0,0,0,0,144.454,0,0,0
"MtrElec",6,13,4,"",186.171,0,0,0,0,0,0,0,0,0,0,0,0,0,0,0,0,0,0,0,0,186.171,0,0,0
"MtrElec",6,13,5,"",166.874,0,0,0,0,0,0,0,0,0,0,0,0,0,0,0,0,0,0,0,0,166.874,0,0,0
"MtrElec",6,13,6,"",142.652,0,0,0,0,0,0,0,0,0,0,0,0,0,0,0,0,0,0,0,0,142.652,0,0,0
"MtrElec",6,13,7,"",144.325,0,0,0,0,0,0,0,0,0,0,0,0,0,0,0,0,0,0,0,0,167.855,0,0,-23.5299
"MtrElec",6,13,8,"",149.47,0,0,0,0,0,0,0,0,0,0,0,0,0,0,0,0,0,0,0,0,232.779,0,0,-83.309
"MtrElec",6,13,9,"",164.679,0,0,0,0,0,0,0,0,0,0,0,0,0,0,0,0,0,0,0,0,320.098,0,0,-155.419
"MtrElec",6,13,10,"",159.391,0,0,0,0,0,0,0,0,0,0,0,0,0,0,0,0,0,0,0,0,372.108,0,0,-212.717
"MtrElec",6,13,11,"",195.716,0,0,0,0,0,0,0,0,0,0,0,0,0,0,0,0,0,0,0,0,467.231,0,0,-271.515
"MtrElec",6,13,12,"",62.0704,0,0,0,0,0,0,0,0,0,0,0,0,0,0,0,0,0,0,0,0,476.969,0,0,-414.899
"MtrElec",6,13,13,"",0,0,0,0,0,0,0,0,0,0,0,0,0,0,0,0,0,0,0,0,0,486.349,0,48.2881,-534.637
"MtrElec",6,13,14,"",-43.8347,0,0,0,0,0,0,0,0,0,0,0,0,0,0,0,0,0,0,0,0,403.161,0,221.926,-668.922
"MtrElec",6,13,15,"",0,0,0,0,0,0,0,0,0,0,0,0,0,0,0,0,0,0,0,0,0,455.77,0,169.439,-625.209
"MtrElec",6,13,16,"",0,0,0,0,0,0,0,0,0,0,0,0,0,0,0,0,0,0,0,0,0,416.462,0,124.488,-540.95
"MtrElec",6,13,17,"",5.62416,0,0,0,0,0,0,0,0,0,0,0,0,0,0,0,0,0,0,0,0,421.201,0,0,-415.577
"MtrElec",6,13,18,"",194.438,0,0,0,0,0,0,0,0,0,0,0,0,0,0,0,0,0,0,0,0,446.41,0,0,-251.973
"MtrElec",6,13,19,"",214.723,0,0,0,0,0,0,0,0,0,0,0,0,0,0,0,0,0,0,0,0,523.528,0,-221.926,-86.8789
"MtrElec",6,13,20,"",188.249,0,0,0,0,0,0,0,0,0,0,0,0,0,0,0,0,0,0,0,0,423.18,0,-221.926,-13.0054
"MtrElec",6,13,21,"",246.08,0,0,0,0,0,0,0,0,0,0,0,0,0,0,0,0,0,0,0,0,311.365,0,-65.2856,0
"MtrElec",6,13,22,"",268.059,0,0,0,0,0,0,0,0,0,0,0,0,0,0,0,0,0,0,0,0,268.059,0,0,0
"MtrElec",6,13,23,"",246.518,0,0,0,0,0,0,0,0,0,0,0,0,0,0,0,0,0,0,0,0,246.518,0,0,0
"MtrElec",6,13,24,"",181.89,0,0,0,0,0,0,0,0,0,0,0,0,0,0,0,0,0,0,0,0,181.89,0,0,0
"MtrElec",6,14,1,"",200.844,0,0,0,0,0,0,0,0,0,0,0,0,0,0,0,0,0,0,0,0,200.844,0,0,0
"MtrElec",6,14,2,"",143.795,0,0,0,0,0,0,0,0,0,0,0,0,0,0,0,0,0,0,0,0,143.795,0,0,0
"MtrElec",6,14,3,"",143.148,0,0,0,0,0,0,0,0,0,0,0,0,0,0,0,0,0,0,0,0,143.148,0,0,0
"MtrElec",6,14,4,"",143.268,0,0,0,0,0,0,0,0,0,0,0,0,0,0,0,0,0,0,0,0,143.268,0,0,0
"MtrElec",6,14,5,"",161.064,0,0,0,0,0,0,0,0,0,0,0,0,0,0,0,0,0,0,0,0,161.064,0,0,0
"MtrElec",6,14,6,"",143.145,0,0,0,0,0,0,0,0,0,0,0,0,0,0,0,0,0,0,0,0,143.145,0,0,0
"MtrElec",6,14,7,"",143.367,0,0,0,0,0,0,0,0,0,0,0,0,0,0,0,0,0,0,0,0,152.643,0,0,-9.27526
"MtrElec",6,14,8,"",186.176,0,0,0,0,0,0,0,0,0,0,0,0,0,0,0,0,0,0,0,0,224.129,0,0,-37.9538
"MtrElec",6,14,9,"",180.235,0,0,0,0,0,0,0,0,0,0,0,0,0,0,0,0,0,0,0,0,250.984,0,0,-70.7489
"MtrElec",6,14,10,"",194.577,0,0,0,0,0,0,0,0,0,0,0,0,0,0,0,0,0,0,0,0,305.203,0,0,-110.625
"MtrElec",6,14,11,"",241.696,0,0,0,0,0,0,0,0,0,0,0,0,0,0,0,0,0,0,0,0,400.814,0,0,-159.118
"MtrElec",6,14,12,"",95.5069,0,0,0,0,0,0,0,0,0,0,0,0,0,0,0,0,0,0,0,0,347.844,0,0,-252.337
"MtrElec",6,14,13,"",0.0000078,0,0,0,0,0,0,0,0,0,0,0,0,0,0,0,0,0,0,0,0,352.815,0,92.7351,-445.55
"MtrElec",6,14,14,"",-102.62,0,0,0,0,0,0,0,0,0,0,0,0,0,0,0,0,0,0,0,0,330.081,0,221.926,-654.626
"MtrElec",6,14,15,"",-89.4887,0,0,0,0,0,0,0,0,0,0,0,0,0,0,0,0,0,0,0,0,330.653,0,221.926,-642.068
"MtrElec",6,14,16,"",0,0,0,0,0,0,0,0,0,0,0,0,0,0,0,0,0,0,0,0,0,321.73,0,221.646,-543.376
"MtrElec",6,14,17,"",-97.1564,0,0,0,0,0,0,0,0,0,0,0,0,0,0,0,0,0,0,0,0,291.364,0,36.15,-424.67
"MtrElec",6,14,18,"",131.884,0,0,0,0,0,0,0,0,0,0,0,0,0,0,0,0,0,0,0,0,391.611,0,0,-259.727
"MtrElec",6,14,19,"",52.8612,0,0,0,0,0,0,0,0,0,0,0,0,0,0,0,0,0,0,0,0,362.035,0,-221.926,-87.248
"MtrElec",6,14,20,"",79.8674,0,0,0,0,0,0,0,0,0,0,0,0,0,0,0,0,0,0,0,0,314.137,0,-221.926,-12.3435
"MtrElec",6,14,21,"",34.1011,0,0,0,0,0,0,0,0,0,0,0,0,0,0,0,0,0,0,0,0,256.027,0,-221.926,0
"MtrElec",6,14,22,"",159.683,0,0,0,0,0,0,0,0,0,0,0,0,0,0,0,0,0,0,0,0,210.836,0,-51.1531,0
"MtrElec",6,14,23,"",228.184,0,0,0,0,0,0,0,0,0,0,0,0,0,0,0,0,0,0,0,0,228.184,0,0,0
"MtrElec",6,14,24,"",185.014,0,0,0,0,0,0,0,0,0,0,0,0,0,0,0,0,0,0,0,0,185.014,0,0,0
"MtrElec",6,15,1,"",188.821,0,0,0,0,0,0,0,0,0,0,0,0,0,0,0,0,0,0,0,0,188.821,0,0,0
"MtrElec",6,15,2,"",147.018,0,0,0,0,0,0,0,0,0,0,0,0,0,0,0,0,0,0,0,0,147.018,0,0,0
"MtrElec",6,15,3,"",139.635,0,0,0,0,0,0,0,0,0,0,0,0,0,0,0,0,0,0,0,0,139.635,0,0,0
"MtrElec",6,15,4,"",142.381,0,0,0,0,0,0,0,0,0,0,0,0,0,0,0,0,0,0,0,0,142.381,0,0,0
"MtrElec",6,15,5,"",136.274,0,0,0,0,0,0,0,0,0,0,0,0,0,0,0,0,0,0,0,0,136.274,0,0,0
"MtrElec",6,15,6,"",193.286,0,0,0,0,0,0,0,0,0,0,0,0,0,0,0,0,0,0,0,0,193.286,0,0,0
"MtrElec",6,15,7,"",197.921,0,0,0,0,0,0,0,0,0,0,0,0,0,0,0,0,0,0,0,0,211.589,0,0,-13.6677
"MtrElec",6,15,8,"",297.178,0,0,0,0,0,0,0,0,0,0,0,0,0,0,0,0,0,0,0,0,347.151,0,0,-49.9734
"MtrElec",6,15,9,"",269.99,0,0,0,0,0,0,0,0,0,0,0,0,0,0,0,0,0,0,0,0,356.749,0,0,-86.76
"MtrElec",6,15,10,"",302.762,0,0,0,0,0,0,0,0,0,0,0,0,0,0,0,0,0,0,0,0,412.968,0,0,-110.205
"MtrElec",6,15,11,"",183.294,0,0,0,0,0,0,0,0,0,0,0,0,0,0,0,0,0,0,0,0,408.942,0,0,-225.647
"MtrElec",6,15,12,"",159.266,0,0,0,0,0,0,0,0,0,0,0,0,0,0,0,0,0,0,0,0,422.208,0,0,-262.942
"MtrElec",6,15,13,"",183.291,0,0,0,0,0,0,0,0,0,0,0,0,0,0,0,0,0,0,0,0,492.594,0,0,-309.303
"MtrElec",6,15,14,"",-38.9688,0,0,0,0,0,0,0,0,0,0,0,0,0,0,0,0,0,0,0,0,347.107,0,221.926,-608.001
"MtrElec",6,15,15,"",-1.27819,0,0,0,0,0,0,0,0,0,0,0,0,0,0,0,0,0,0,0,0,411.569,0,221.926,-634.773
"MtrElec",6,15,16,"",0,0,0,0,0,0,0,0,0,0,0,0,0,0,0,0,0,0,0,0,0,397.071,0,142.593,-539.664
"MtrElec",6,15,17,"",0,0,0,0,0,0,0,0,0,0,0,0,0,0,0,0,0,0,0,0,0,399.756,0,16.5619,-416.318
"MtrElec",6,15,18,"",189.413,0,0,0,0,0,0,0,0,0,0,0,0,0,0,0,0,0,0,0,0,444.568,0,0,-255.154
"MtrElec",6,15,19,"",110.477,0,0,0,0,0,0,0,0,0,0,0,0,0,0,0,0,0,0,0,0,418.342,0,-221.926,-85.9389
"MtrElec",6,15,20,"",183.584,0,0,0,0,0,0,0,0,0,0,0,0,0,0,0,0,0,0,0,0,416.469,0,-221.926,-10.9589
"MtrElec",6,15,21,"",318.495,0,0,0,0,0,0,0,0,0,0,0,0,0,0,0,0,0,0,0,0,418.857,0,-100.362,0
"MtrElec",6,15,22,"",305.479,0,0,0,0,0,0,0,0,0,0,0,0,0,0,0,0,0,0,0,0,305.479,0,0,0
"MtrElec",6,15,23,"",284.003,0,0,0,0,0,0,0,0,0,0,0,0,0,0,0,0,0,0,0,0,284.003,0,0,0
"MtrElec",6,15,24,"",180.734,0,0,0,0,0,0,0,0,0,0,0,0,0,0,0,0,0,0,0,0,180.734,0,0,0
"MtrElec",6,16,1,"",166.815,0,0,0,0,0,0,0,0,0,0,0,0,0,0,0,0,0,0,0,0,166.815,0,0,0
"MtrElec",6,16,2,"",143.693,0,0,0,0,0,0,0,0,0,0,0,0,0,0,0,0,0,0,0,0,143.693,0,0,0
"MtrElec",6,16,3,"",140.02,0,0,0,0,0,0,0,0,0,0,0,0,0,0,0,0,0,0,0,0,140.02,0,0,0
"MtrElec",6,16,4,"",140.256,0,0,0,0,0,0,0,0,0,0,0,0,0,0,0,0,0,0,0,0,140.256,0,0,0
"MtrElec",6,16,5,"",138.605,0,0,0,0,0,0,0,0,0,0,0,0,0,0,0,0,0,0,0,0,138.605,0,0,0
"MtrElec",6,16,6,"",178.907,0,0,0,0,0,0,0,0,0,0,0,0,0,0,0,0,0,0,0,0,178.907,0,0,0
"MtrElec",6,16,7,"",189.243,0,0,0,0,0,0,0,0,0,0,0,0,0,0,0,0,0,0,0,0,213.223,0,0,-23.9795
"MtrElec",6,16,8,"",140.655,0,0,0,0,0,0,0,0,0,0,0,0,0,0,0,0,0,0,0,0,274.491,0,0,-133.836
"MtrElec",6,16,9,"",35.6375,0,0,0,0,0,0,0,0,0,0,0,0,0,0,0,0,0,0,0,0,341.821,0,0,-306.184
"MtrElec",6,16,10,"",24.7664,0,0,0,0,0,0,0,0,0,0,0,0,0,0,0,0,0,0,0,0,473.81,0,0,-449.043
"MtrElec",6,16,11,"",0.0000078,0,0,0,0,0,0,0,0,0,0,0,0,0,0,0,0,0,0,0,0,456.207,0,101.169,-557.375
"MtrElec",6,16,12,"",-48.3195,0,0,0,0,0,0,0,0,0,0,0,0,0,0,0,0,0,0,0,0,373.971,0,221.926,-644.216
"MtrElec",6,16,13,"",-18.8826,0,0,0,0,0,0,0,0,0,0,0,0,0,0,0,0,0,0,0,0,446.072,0,221.926,-686.881
"MtrElec",6,16,14,"",-67.6497,0,0,0,0,0,0,0,0,0,0,0,0,0,0,0,0,0,0,0,0,394.59,0,221.926,-684.166
"MtrElec",6,16,15,"",-247.224,0,0,0,0,0,0,0,0,0,0,0,0,0,0,0,0,0,0,0,0,361.67,0,27.4368,-636.331
"MtrElec",6,16,16,"",-118.164,0,0,0,0,0,0,0,0,0,0,0,0,0,0,0,0,0,0,0,0,426.023,0,0,-544.187
"MtrElec",6,16,17,"",54.9906,0,0,0,0,0,0,0,0,0,0,0,0,0,0,0,0,0,0,0,0,466.556,0,0,-411.565
"MtrElec",6,16,18,"",165.713,0,0,0,0,0,0,0,0,0,0,0,0,0,0,0,0,0,0,0,0,413.452,0,0,-247.74
"MtrElec",6,16,19,"",140.918,0,0,0,0,0,0,0,0,0,0,0,0,0,0,0,0,0,0,0,0,452.767,0,-221.926,-89.9229
"MtrElec",6,16,20,"",208.609,0,0,0,0,0,0,0,0,0,0,0,0,0,0,0,0,0,0,0,0,445.578,0,-221.926,-15.0428
"MtrElec",6,16,21,"",187.917,0,0,0,0,0,0,0,0,0,0,0,0,0,0,0,0,0,0,0,0,409.842,0,-221.926,0
"MtrElec",6,16,22,"",226.12,0,0,0,0,0,0,0,0,0,0,0,0,0,0,0,0,0,0,0,0,277.274,0,-51.1531,0
"MtrElec",6,16,23,"",244.34,0,0,0,0,0,0,0,0,0,0,0,0,0,0,0,0,0,0,0,0,244.34,0,0,0
"MtrElec",6,16,24,"",174.303,0,0,0,0,0,0,0,0,0,0,0,0,0,0,0,0,0,0,0,0,174.303,0,0,0
"MtrElec",6,17,1,"",156.146,0,0,0,0,0,0,0,0,0,0,0,0,0,0,0,0,0,0,0,0,156.146,0,0,0
"MtrElec",6,17,2,"",144.928,0,0,0,0,0,0,0,0,0,0,0,0,0,0,0,0,0,0,0,0,144.928,0,0,0
"MtrElec",6,17,3,"",177.325,0,0,0,0,0,0,0,0,0,0,0,0,0,0,0,0,0,0,0,0,177.325,0,0,0
"MtrElec",6,17,4,"",148.013,0,0,0,0,0,0,0,0,0,0,0,0,0,0,0,0,0,0,0,0,148.013,0,0,0
"MtrElec",6,17,5,"",137.642,0,0,0,0,0,0,0,0,0,0,0,0,0,0,0,0,0,0,0,0,137.642,0,0,0
"MtrElec",6,17,6,"",147.446,0,0,0,0,0,0,0,0,0,0,0,0,0,0,0,0,0,0,0,0,147.446,0,0,0
"MtrElec",6,17,7,"",193.458,0,0,0,0,0,0,0,0,0,0,0,0,0,0,0,0,0,0,0,0,219.08,0,0,-25.6219
"MtrElec",6,17,8,"",229.523,0,0,0,0,0,0,0,0,0,0,0,0,0,0,0,0,0,0,0,0,362.615,0,0,-133.092
"MtrElec",6,17,9,"",47.6149,0,0,0,0,0,0,0,0,0,0,0,0,0,0,0,0,0,0,0,0,342.647,0,0,-295.032
"MtrElec",6,17,10,"",37.8315,0,0,0,0,0,0,0,0,0,0,0,0,0,0,0,0,0,0,0,0,476.785,0,0,-438.954
"MtrElec",6,17,11,"",0,0,0,0,0,0,0,0,0,0,0,0,0,0,0,0,0,0,0,0,0,463.58,0,91.168,-554.748
"MtrElec",6,17,12,"",0.0000078,0,0,0,0,0,0,0,0,0,0,0,0,0,0,0,0,0,0,0,0,509.675,0,119.826,-629.501
"MtrElec",6,17,13,"",0,0,0,0,0,0,0,0,0,0,0,0,0,0,0,0,0,0,0,0,0,552.241,0,96.9554,-649.197
"MtrElec",6,17,14,"",0,0,0,0,0,0,0,0,0,0,0,0,0,0,0,0,0,0,0,0,0,440.593,0,215.859,-656.452
"MtrElec",6,17,15,"",0.0000156,0,0,0,0,0,0,0,0,0,0,0,0,0,0,0,0,0,0,0,0,412.378,0,214.507,-626.885
"MtrElec",6,17,16,"",-5.27101,0,0,0,0,0,0,0,0,0,0,0,0,0,0,0,0,0,0,0,0,484.483,0,56.0667,-545.821
"MtrElec",6,17,17,"",109.139,0,0,0,0,0,0,0,0,0,0,0,0,0,0,0,0,0,0,0,0,527.531,0,0,-418.392
"MtrElec",6,17,18,"",260.074,0,0,0,0,0,0,0,0,0,0,0,0,0,0,0,0,0,0,0,0,515.568,0,0,-255.494
"MtrElec",6,17,19,"",236.668,0,0,0,0,0,0,0,0,0,0,0,0,0,0,0,0,0,0,0,0,545.417,0,-221.926,-86.8228
"MtrElec",6,17,20,"",256.853,0,0,0,0,0,0,0,0,0,0,0,0,0,0,0,0,0,0,0,0,491.348,0,-221.926,-12.569
"MtrElec",6,17,21,"",206.544,0,0,0,0,0,0,0,0,0,0,0,0,0,0,0,0,0,0,0,0,428.469,0,-221.926,0
"MtrElec",6,17,22,"",248.4,0,0,0,0,0,0,0,0,0,0,0,0,0,0,0,0,0,0,0,0,299.553,0,-51.1531,0
"MtrElec",6,17,23,"",299.428,0,0,0,0,0,0,0,0,0,0,0,0,0,0,0,0,0,0,0,0,299.428,0,0,0
"MtrElec",6,17,24,"",211.026,0,0,0,0,0,0,0,0,0,0,0,0,0,0,0,0,0,0,0,0,211.026,0,0,0
"MtrElec",6,18,1,"",191.465,0,0,0,0,0,0,0,0,0,0,0,0,0,0,0,0,0,0,0,0,191.465,0,0,0
"MtrElec",6,18,2,"",145.532,0,0,0,0,0,0,0,0,0,0,0,0,0,0,0,0,0,0,0,0,145.532,0,0,0
"MtrElec",6,18,3,"",141.23,0,0,0,0,0,0,0,0,0,0,0,0,0,0,0,0,0,0,0,0,141.23,0,0,0
"MtrElec",6,18,4,"",140.21,0,0,0,0,0,0,0,0,0,0,0,0,0,0,0,0,0,0,0,0,140.21,0,0,0
"MtrElec",6,18,5,"",137.395,0,0,0,0,0,0,0,0,0,0,0,0,0,0,0,0,0,0,0,0,137.395,0,0,0
"MtrElec",6,18,6,"",143.948,0,0,0,0,0,0,0,0,0,0,0,0,0,0,0,0,0,0,0,0,143.948,0,0,0
"MtrElec",6,18,7,"",205.083,0,0,0,0,0,0,0,0,0,0,0,0,0,0,0,0,0,0,0,0,228.661,0,0,-23.5779
"MtrElec",6,18,8,"",225.778,0,0,0,0,0,0,0,0,0,0,0,0,0,0,0,0,0,0,0,0,359.066,0,0,-133.288
"MtrElec",6,18,9,"",81.7707,0,0,0,0,0,0,0,0,0,0,0,0,0,0,0,0,0,0,0,0,379.928,0,0,-298.157
"MtrElec",6,18,10,"",32.7495,0,0,0,0,0,0,0,0,0,0,0,0,0,0,0,0,0,0,0,0,481.566,0,0,-448.816
"MtrElec",6,18,11,"",0,0,0,0,0,0,0,0,0,0,0,0,0,0,0,0,0,0,0,0,0,535.815,0,20.6986,-556.514
"MtrElec",6,18,12,"",0.0000078,0,0,0,0,0,0,0,0,0,0,0,0,0,0,0,0,0,0,0,0,555.135,0,81.5073,-636.642
"MtrElec",6,18,13,"",0.0000078,0,0,0,0,0,0,0,0,0,0,0,0,0,0,0,0,0,0,0,0,576.809,0,99.7293,-676.538
"MtrElec",6,18,14,"",0,0,0,0,0,0,0,0,0,0,0,0,0,0,0,0,0,0,0,0,0,471.592,0,198.517,-670.108
"MtrElec",6,18,15,"",0.0000078,0,0,0,0,0,0,0,0,0,0,0,0,0,0,0,0,0,0,0,0,503.789,0,125.34,-629.128
"MtrElec",6,18,16,"",0,0,0,0,0,0,0,0,0,0,0,0,0,0,0,0,0,0,0,0,0,497.016,0,40.7523,-537.768
"MtrElec",6,18,17,"",112.734,0,0,0,0,0,0,0,0,0,0,0,0,0,0,0,0,0,0,0,0,521.498,0,0,-408.764
"MtrElec",6,18,18,"",317.971,0,0,0,0,0,0,0,0,0,0,0,0,0,0,0,0,0,0,0,0,567.872,0,0,-249.901
"MtrElec",6,18,19,"",240.518,0,0,0,0,0,0,0,0,0,0,0,0,0,0,0,0,0,0,0,0,546.826,0,-221.926,-84.3822
"MtrElec",6,18,20,"",291.151,0,0,0,0,0,0,0,0,0,0,0,0,0,0,0,0,0,0,0,0,523.535,0,-221.926,-10.4578
"MtrElec",6,18,21,"",422.741,0,0,0,0,0,0,0,0,0,0,0,0,0,0,0,0,0,0,0,0,490.195,0,-67.4542,0
"MtrElec",6,18,22,"",298.945,0,0,0,0,0,0,0,0,0,0,0,0,0,0,0,0,0,0,0,0,298.945,0,0,0
"MtrElec",6,18,23,"",293.263,0,0,0,0,0,0,0,0,0,0,0,0,0,0,0,0,0,0,0,0,293.263,0,0,0
"MtrElec",6,18,24,"",198.505,0,0,0,0,0,0,0,0,0,0,0,0,0,0,0,0,0,0,0,0,198.505,0,0,0
"MtrElec",6,19,1,"",211.261,0,0,0,0,0,0,0,0,0,0,0,0,0,0,0,0,0,0,0,0,211.261,0,0,0
"MtrElec",6,19,2,"",161.752,0,0,0,0,0,0,0,0,0,0,0,0,0,0,0,0,0,0,0,0,161.752,0,0,0
"MtrElec",6,19,3,"",152.816,0,0,0,0,0,0,0,0,0,0,0,0,0,0,0,0,0,0,0,0,152.816,0,0,0
"MtrElec",6,19,4,"",156.613,0,0,0,0,0,0,0,0,0,0,0,0,0,0,0,0,0,0,0,0,156.613,0,0,0
"MtrElec",6,19,5,"",144.632,0,0,0,0,0,0,0,0,0,0,0,0,0,0,0,0,0,0,0,0,144.632,0,0,0
"MtrElec",6,19,6,"",162.531,0,0,0,0,0,0,0,0,0,0,0,0,0,0,0,0,0,0,0,0,162.531,0,0,0
"MtrElec",6,19,7,"",220.178,0,0,0,0,0,0,0,0,0,0,0,0,0,0,0,0,0,0,0,0,239.954,0,0,-19.7763
"MtrElec",6,19,8,"",224.914,0,0,0,0,0,0,0,0,0,0,0,0,0,0,0,0,0,0,0,0,350.901,0,0,-125.987
"MtrElec",6,19,9,"",134.863,0,0,0,0,0,0,0,0,0,0,0,0,0,0,0,0,0,0,0,0,424.323,0,0,-289.46
"MtrElec",6,19,10,"",175.703,0,0,0,0,0,0,0,0,0,0,0,0,0,0,0,0,0,0,0,0,601.263,0,0,-425.56
"MtrElec",6,19,11,"",113.112,0,0,0,0,0,0,0,0,0,0,0,0,0,0,0,0,0,0,0,0,650.698,0,0,-537.586
"MtrElec",6,19,12,"",0,0,0,0,0,0,0,0,0,0,0,0,0,0,0,0,0,0,0,0,0,597.049,0,10.5314,-607.581
"MtrElec",6,19,13,"",0,0,0,0,0,0,0,0,0,0,0,0,0,0,0,0,0,0,0,0,0,622.773,0,28.2728,-651.046
"MtrElec",6,19,14,"",0,0,0,0,0,0,0,0,0,0,0,0,0,0,0,0,0,0,0,0,0,580.569,0,70.0157,-650.584
"MtrElec",6,19,15,"",0.0000020,0,0,0,0,0,0,0,0,0,0,0,0,0,0,0,0,0,0,0,0,574.157,0,25.2939,-599.451
"MtrElec",6,19,16,"",57.9803,0,0,0,0,0,0,0,0,0,0,0,0,0,0,0,0,0,0,0,0,577.426,0,0,-519.446
"MtrElec",6,19,17,"",240.338,0,0,0,0,0,0,0,0,0,0,0,0,0,0,0,0,0,0,0,0,638.927,0,0,-398.589
"MtrElec",6,19,18,"",412.545,0,0,0,0,0,0,0,0,0,0,0,0,0,0,0,0,0,0,0,0,654.882,0,0,-242.336
"MtrElec",6,19,19,"",406.132,0,0,0,0,0,0,0,0,0,0,0,0,0,0,0,0,0,0,0,0,609.534,0,-121.038,-82.3643
"MtrElec",6,19,20,"",544.571,0,0,0,0,0,0,0,0,0,0,0,0,0,0,0,0,0,0,0,0,555.315,0,0,-10.7441
"MtrElec",6,19,21,"",535.221,0,0,0,0,0,0,0,0,0,0,0,0,0,0,0,0,0,0,0,0,535.221,0,0,0
"MtrElec",6,19,22,"",357.118,0,0,0,0,0,0,0,0,0,0,0,0,0,0,0,0,0,0,0,0,357.118,0,0,0
"MtrElec",6,19,23,"",303.932,0,0,0,0,0,0,0,0,0,0,0,0,0,0,0,0,0,0,0,0,303.932,0,0,0
"MtrElec",6,19,24,"",229.198,0,0,0,0,0,0,0,0,0,0,0,0,0,0,0,0,0,0,0,0,229.198,0,0,0
"MtrElec",6,20,1,"",170.996,0,0,0,0,0,0,0,0,0,0,0,0,0,0,0,0,0,0,0,0,170.996,0,0,0
"MtrElec",6,20,2,"",201.679,0,0,0,0,0,0,0,0,0,0,0,0,0,0,0,0,0,0,0,0,201.679,0,0,0
"MtrElec",6,20,3,"",171.82,0,0,0,0,0,0,0,0,0,0,0,0,0,0,0,0,0,0,0,0,171.82,0,0,0
"MtrElec",6,20,4,"",164.626,0,0,0,0,0,0,0,0,0,0,0,0,0,0,0,0,0,0,0,0,164.626,0,0,0
"MtrElec",6,20,5,"",165.88,0,0,0,0,0,0,0,0,0,0,0,0,0,0,0,0,0,0,0,0,165.88,0,0,0
"MtrElec",6,20,6,"",156.441,0,0,0,0,0,0,0,0,0,0,0,0,0,0,0,0,0,0,0,0,156.441,0,0,0
"MtrElec",6,20,7,"",205.614,0,0,0,0,0,0,0,0,0,0,0,0,0,0,0,0,0,0,0,0,229.087,0,0,-23.4732
"MtrElec",6,20,8,"",207.083,0,0,0,0,0,0,0,0,0,0,0,0,0,0,0,0,0,0,0,0,332.084,0,0,-125.001
"MtrElec",6,20,9,"",156.378,0,0,0,0,0,0,0,0,0,0,0,0,0,0,0,0,0,0,0,0,433.461,0,0,-277.083
"MtrElec",6,20,10,"",158.224,0,0,0,0,0,0,0,0,0,0,0,0,0,0,0,0,0,0,0,0,567.62,0,0,-409.396
"MtrElec",6,20,11,"",140.459,0,0,0,0,0,0,0,0,0,0,0,0,0,0,0,0,0,0,0,0,666.156,0,0,-525.696
"MtrElec",6,20,12,"",54.2816,0,0,0,0,0,0,0,0,0,0,0,0,0,0,0,0,0,0,0,0,660.703,0,0,-606.421
"MtrElec",6,20,13,"",3.14619,0,0,0,0,0,0,0,0,0,0,0,0,0,0,0,0,0,0,0,0,643.99,0,0,-640.844
"MtrElec",6,20,14,"",0.0000020,0,0,0,0,0,0,0,0,0,0,0,0,0,0,0,0,0,0,0,0,606.607,0,28.7328,-635.34
"MtrElec",6,20,15,"",26.0267,0,0,0,0,0,0,0,0,0,0,0,0,0,0,0,0,0,0,0,0,615.049,0,0,-589.022
"MtrElec",6,20,16,"",139.635,0,0,0,0,0,0,0,0,0,0,0,0,0,0,0,0,0,0,0,0,639.206,0,0,-499.571
"MtrElec",6,20,17,"",280.793,0,0,0,0,0,0,0,0,0,0,0,0,0,0,0,0,0,0,0,0,660.369,0,0,-379.576
"MtrElec",6,20,18,"",460.533,0,0,0,0,0,0,0,0,0,0,0,0,0,0,0,0,0,0,0,0,692.511,0,0,-231.978
"MtrElec",6,20,19,"",575.108,0,0,0,0,0,0,0,0,0,0,0,0,0,0,0,0,0,0,0,0,686.389,0,-25.9313,-85.3499
"MtrElec",6,20,20,"",577.183,0,0,0,0,0,0,0,0,0,0,0,0,0,0,0,0,0,0,0,0,590.727,0,0,-13.5442
"MtrElec",6,20,21,"",476.505,0,0,0,0,0,0,0,0,0,0,0,0,0,0,0,0,0,0,0,0,476.505,0,0,0
"MtrElec",6,20,22,"",415.732,0,0,0,0,0,0,0,0,0,0,0,0,0,0,0,0,0,0,0,0,415.732,0,0,0
"MtrElec",6,20,23,"",292.707,0,0,0,0,0,0,0,0,0,0,0,0,0,0,0,0,0,0,0,0,292.707,0,0,0
"MtrElec",6,20,24,"",249.519,0,0,0,0,0,0,0,0,0,0,0,0,0,0,0,0,0,0,0,0,249.519,0,0,0
"MtrElec",6,21,1,"",197.113,0,0,0,0,0,0,0,0,0,0,0,0,0,0,0,0,0,0,0,0,197.113,0,0,0
"MtrElec",6,21,2,"",193.281,0,0,0,0,0,0,0,0,0,0,0,0,0,0,0,0,0,0,0,0,193.281,0,0,0
"MtrElec",6,21,3,"",170.522,0,0,0,0,0,0,0,0,0,0,0,0,0,0,0,0,0,0,0,0,170.522,0,0,0
"MtrElec",6,21,4,"",159.88,0,0,0,0,0,0,0,0,0,0,0,0,0,0,0,0,0,0,0,0,159.88,0,0,0
"MtrElec",6,21,5,"",166.195,0,0,0,0,0,0,0,0,0,0,0,0,0,0,0,0,0,0,0,0,166.195,0,0,0
"MtrElec",6,21,6,"",152.956,0,0,0,0,0,0,0,0,0,0,0,0,0,0,0,0,0,0,0,0,152.956,0,0,0
"MtrElec",6,21,7,"",190.065,0,0,0,0,0,0,0,0,0,0,0,0,0,0,0,0,0,0,0,0,216.813,0,0,-26.7483
"MtrElec",6,21,8,"",132.812,0,0,0,0,0,0,0,0,0,0,0,0,0,0,0,0,0,0,0,0,261.04,0,0,-128.228
"MtrElec",6,21,9,"",116.631,0,0,0,0,0,0,0,0,0,0,0,0,0,0,0,0,0,0,0,0,403.745,0,0,-287.114
"MtrElec",6,21,10,"",9.43719,0,0,0,0,0,0,0,0,0,0,0,0,0,0,0,0,0,0,0,0,442.111,0,0,-432.674
"MtrElec",6,21,11,"",0.0000039,0,0,0,0,0,0,0,0,0,0,0,0,0,0,0,0,0,0,0,0,480.791,0,63.8751,-544.666
"MtrElec",6,21,12,"",0,0,0,0,0,0,0,0,0,0,0,0,0,0,0,0,0,0,0,0,0,550.481,0,57.4274,-607.908
"MtrElec",6,21,13,"",0,0,0,0,0,0,0,0,0,0,0,0,0,0,0,0,0,0,0,0,0,478.14,0,153.652,-631.792
"MtrElec",6,21,14,"",0,0,0,0,0,0,0,0,0,0,0,0,0,0,0,0,0,0,0,0,0,505.072,0,136.292,-641.363
"MtrElec",6,21,15,"",0.0000078,0,0,0,0,0,0,0,0,0,0,0,0,0,0,0,0,0,0,0,0,481.252,0,118.215,-599.467
"MtrElec",6,21,16,"",0,0,0,0,0,0,0,0,0,0,0,0,0,0,0,0,0,0,0,0,0,431.441,0,80.6496,-512.091
"MtrElec",6,21,17,"",101.543,0,0,0,0,0,0,0,0,0,0,0,0,0,0,0,0,0,0,0,0,489.239,0,0,-387.696
"MtrElec",6,21,18,"",251.267,0,0,0,0,0,0,0,0,0,0,0,0,0,0,0,0,0,0,0,0,490.389,0,0,-239.122
"MtrElec",6,21,19,"",176.142,0,0,0,0,0,0,0,0,0,0,0,0,0,0,0,0,0,0,0,0,490.748,0,-221.926,-92.6795
"MtrElec",6,21,20,"",152.508,0,0,0,0,0,0,0,0,0,0,0,0,0,0,0,0,0,0,0,0,391.062,0,-221.926,-16.6279
"MtrElec",6,21,21,"",193.08,0,0,0,0,0,0,0,0,0,0,0,0,0,0,0,0,0,0,0,0,299.854,0,-106.774,0
"MtrElec",6,21,22,"",345.37,0,0,0,0,0,0,0,0,0,0,0,0,0,0,0,0,0,0,0,0,345.37,0,0,0
"MtrElec",6,21,23,"",259.291,0,0,0,0,0,0,0,0,0,0,0,0,0,0,0,0,0,0,0,0,259.291,0,0,0
"MtrElec",6,21,24,"",241.389,0,0,0,0,0,0,0,0,0,0,0,0,0,0,0,0,0,0,0,0,241.389,0,0,0
"MtrElec",6,22,1,"",176.508,0,0,0,0,0,0,0,0,0,0,0,0,0,0,0,0,0,0,0,0,176.508,0,0,0
"MtrElec",6,22,2,"",153.041,0,0,0,0,0,0,0,0,0,0,0,0,0,0,0,0,0,0,0,0,153.041,0,0,0
"MtrElec",6,22,3,"",139.204,0,0,0,0,0,0,0,0,0,0,0,0,0,0,0,0,0,0,0,0,139.204,0,0,0
"MtrElec",6,22,4,"",140.483,0,0,0,0,0,0,0,0,0,0,0,0,0,0,0,0,0,0,0,0,140.483,0,0,0
"MtrElec",6,22,5,"",178.006,0,0,0,0,0,0,0,0,0,0,0,0,0,0,0,0,0,0,0,0,178.006,0,0,0
"MtrElec",6,22,6,"",144.173,0,0,0,0,0,0,0,0,0,0,0,0,0,0,0,0,0,0,0,0,144.173,0,0,0
"MtrElec",6,22,7,"",211.823,0,0,0,0,0,0,0,0,0,0,0,0,0,0,0,0,0,0,0,0,237.07,0,0,-25.2472
"MtrElec",6,22,8,"",166.178,0,0,0,0,0,0,0,0,0,0,0,0,0,0,0,0,0,0,0,0,294.532,0,0,-128.354
"MtrElec",6,22,9,"",109.788,0,0,0,0,0,0,0,0,0,0,0,0,0,0,0,0,0,0,0,0,399.043,0,0,-289.255
"MtrElec",6,22,10,"",76.5275,0,0,0,0,0,0,0,0,0,0,0,0,0,0,0,0,0,0,0,0,508.982,0,0,-432.455
"MtrElec",6,22,11,"",21.5181,0,0,0,0,0,0,0,0,0,0,0,0,0,0,0,0,0,0,0,0,560.676,0,0,-539.158
"MtrElec",6,22,12,"",0,0,0,0,0,0,0,0,0,0,0,0,0,0,0,0,0,0,0,0,0,529.4,0,83.7164,-613.117
"MtrElec",6,22,13,"",0.0000156,0,0,0,0,0,0,0,0,0,0,0,0,0,0,0,0,0,0,0,0,510.647,0,143.489,-654.136
"MtrElec",6,22,14,"",0.0000156,0,0,0,0,0,0,0,0,0,0,0,0,0,0,0,0,0,0,0,0,500.046,0,152.52,-652.566
"MtrElec",6,22,15,"",0.0000078,0,0,0,0,0,0,0,0,0,0,0,0,0,0,0,0,0,0,0,0,489.98,0,125.127,-615.107
"MtrElec",6,22,16,"",0,0,0,0,0,0,0,0,0,0,0,0,0,0,0,0,0,0,0,0,0,504.727,0,25.3903,-530.117
"MtrElec",6,22,17,"",136.983,0,0,0,0,0,0,0,0,0,0,0,0,0,0,0,0,0,0,0,0,543.67,0,0,-406.687
"MtrElec",6,22,18,"",260.788,0,0,0,0,0,0,0,0,0,0,0,0,0,0,0,0,0,0,0,0,515.042,0,0,-254.254
"MtrElec",6,22,19,"",215.442,0,0,0,0,0,0,0,0,0,0,0,0,0,0,0,0,0,0,0,0,527.909,0,-221.926,-90.5417
"MtrElec",6,22,20,"",242.094,0,0,0,0,0,0,0,0,0,0,0,0,0,0,0,0,0,0,0,0,476.727,0,-221.926,-12.7069
"MtrElec",6,22,21,"",381.509,0,0,0,0,0,0,0,0,0,0,0,0,0,0,0,0,0,0,0,0,416.203,0,-34.6935,0
"MtrElec",6,22,22,"",305.668,0,0,0,0,0,0,0,0,0,0,0,0,0,0,0,0,0,0,0,0,305.668,0,0,0
"MtrElec",6,22,23,"",276.671,0,0,0,0,0,0,0,0,0,0,0,0,0,0,0,0,0,0,0,0,276.671,0,0,0
"MtrElec",6,22,24,"",211.415,0,0,0,0,0,0,0,0,0,0,0,0,0,0,0,0,0,0,0,0,211.415,0,0,0
"MtrElec",6,23,1,"",197.209,0,0,0,0,0,0,0,0,0,0,0,0,0,0,0,0,0,0,0,0,197.209,0,0,0
"MtrElec",6,23,2,"",154.093,0,0,0,0,0,0,0,0,0,0,0,0,0,0,0,0,0,0,0,0,154.093,0,0,0
"MtrElec",6,23,3,"",163.192,0,0,0,0,0,0,0,0,0,0,0,0,0,0,0,0,0,0,0,0,163.192,0,0,0
"MtrElec",6,23,4,"",150.63,0,0,0,0,0,0,0,0,0,0,0,0,0,0,0,0,0,0,0,0,150.63,0,0,0
"MtrElec",6,23,5,"",144.326,0,0,0,0,0,0,0,0,0,0,0,0,0,0,0,0,0,0,0,0,144.326,0,0,0
"MtrElec",6,23,6,"",203.575,0,0,0,0,0,0,0,0,0,0,0,0,0,0,0,0,0,0,0,0,203.575,0,0,0
"MtrElec",6,23,7,"",233.613,0,0,0,0,0,0,0,0,0,0,0,0,0,0,0,0,0,0,0,0,256.347,0,0,-22.7339
"MtrElec",6,23,8,"",212.343,0,0,0,0,0,0,0,0,0,0,0,0,0,0,0,0,0,0,0,0,341.084,0,0,-128.741
"MtrElec",6,23,9,"",148.287,0,0,0,0,0,0,0,0,0,0,0,0,0,0,0,0,0,0,0,0,445.738,0,0,-297.451
"MtrElec",6,23,10,"",48.9288,0,0,0,0,0,0,0,0,0,0,0,0,0,0,0,0,0,0,0,0,498.691,0,0,-449.762
"MtrElec",6,23,11,"",0,0,0,0,0,0,0,0,0,0,0,0,0,0,0,0,0,0,0,0,0,531.304,0,27.6644,-558.969
"MtrElec",6,23,12,"",0,0,0,0,0,0,0,0,0,0,0,0,0,0,0,0,0,0,0,0,0,525.906,0,95.8914,-621.798
"MtrElec",6,23,13,"",0.0000156,0,0,0,0,0,0,0,0,0,0,0,0,0,0,0,0,0,0,0,0,531.676,0,135.484,-667.16
"MtrElec",6,23,14,"",0,0,0,0,0,0,0,0,0,0,0,0,0,0,0,0,0,0,0,0,0,465.798,0,210.031,-675.829
"MtrElec",6,23,15,"",0,0,0,0,0,0,0,0,0,0,0,0,0,0,0,0,0,0,0,0,0,456.063,0,181.582,-637.645
"MtrElec",6,23,16,"",0.0000039,0,0,0,0,0,0,0,0,0,0,0,0,0,0,0,0,0,0,0,0,499.558,0,47.739,-547.297
"MtrElec",6,23,17,"",109.875,0,0,0,0,0,0,0,0,0,0,0,0,0,0,0,0,0,0,0,0,530.591,0,0,-420.716
"MtrElec",6,23,18,"",242.543,0,0,0,0,0,0,0,0,0,0,0,0,0,0,0,0,0,0,0,0,504.949,0,0,-262.406
"MtrElec",6,23,19,"",202.72,0,0,0,0,0,0,0,0,0,0,0,0,0,0,0,0,0,0,0,0,515.431,0,-221.926,-90.7852
"MtrElec",6,23,20,"",308.289,0,0,0,0,0,0,0,0,0,0,0,0,0,0,0,0,0,0,0,0,541.657,0,-221.926,-11.4419
"MtrElec",6,23,21,"",209.777,0,0,0,0,0,0,0,0,0,0,0,0,0,0,0,0,0,0,0,0,396.224,0,-186.447,0
"MtrElec",6,23,22,"",289.25,0,0,0,0,0,0,0,0,0,0,0,0,0,0,0,0,0,0,0,0,289.25,0,0,0
"MtrElec",6,23,23,"",244.884,0,0,0,0,0,0,0,0,0,0,0,0,0,0,0,0,0,0,0,0,244.884,0,0,0
"MtrElec",6,23,24,"",186.917,0,0,0,0,0,0,0,0,0,0,0,0,0,0,0,0,0,0,0,0,186.917,0,0,0
"MtrElec",6,24,1,"",146.249,0,0,0,0,0,0,0,0,0,0,0,0,0,0,0,0,0,0,0,0,146.249,0,0,0
"MtrElec",6,24,2,"",142.778,0,0,0,0,0,0,0,0,0,0,0,0,0,0,0,0,0,0,0,0,142.778,0,0,0
"MtrElec",6,24,3,"",183.997,0,0,0,0,0,0,0,0,0,0,0,0,0,0,0,0,0,0,0,0,183.997,0,0,0
"MtrElec",6,24,4,"",153.643,0,0,0,0,0,0,0,0,0,0,0,0,0,0,0,0,0,0,0,0,153.643,0,0,0
"MtrElec",6,24,5,"",145.757,0,0,0,0,0,0,0,0,0,0,0,0,0,0,0,0,0,0,0,0,145.757,0,0,0
"MtrElec",6,24,6,"",146.627,0,0,0,0,0,0,0,0,0,0,0,0,0,0,0,0,0,0,0,0,146.627,0,0,0
"MtrElec",6,24,7,"",208.322,0,0,0,0,0,0,0,0,0,0,0,0,0,0,0,0,0,0,0,0,233.903,0,0,-25.5809
"MtrElec",6,24,8,"",252.389,0,0,0,0,0,0,0,0,0,0,0,0,0,0,0,0,0,0,0,0,342.019,0,0,-89.6304
"MtrElec",6,24,9,"",198.628,0,0,0,0,0,0,0,0,0,0,0,0,0,0,0,0,0,0,0,0,355.658,0,0,-157.03
"MtrElec",6,24,10,"",158.614,0,0,0,0,0,0,0,0,0,0,0,0,0,0,0,0,0,0,0,0,444.694,0,0,-286.08
"MtrElec",6,24,11,"",105.011,0,0,0,0,0,0,0,0,0,0,0,0,0,0,0,0,0,0,0,0,488.751,0,0,-383.74
"MtrElec",6,24,12,"",0,0,0,0,0,0,0,0,0,0,0,0,0,0,0,0,0,0,0,0,0,464.904,0,188.004,-652.908
"MtrElec",6,24,13,"",0,0,0,0,0,0,0,0,0,0,0,0,0,0,0,0,0,0,0,0,0,462.727,0,211.381,-674.108
"MtrElec",6,24,14,"",-2.84675,0,0,0,0,0,0,0,0,0,0,0,0,0,0,0,0,0,0,0,0,453.46,0,221.926,-678.232
"MtrElec",6,24,15,"",0,0,0,0,0,0,0,0,0,0,0,0,0,0,0,0,0,0,0,0,0,474.042,0,161.661,-635.703
"MtrElec",6,24,16,"",-58.954,0,0,0,0,0,0,0,0,0,0,0,0,0,0,0,0,0,0,0,0,482.77,0,11.4102,-553.134
"MtrElec",6,24,17,"",50.3854,0,0,0,0,0,0,0,0,0,0,0,0,0,0,0,0,0,0,0,0,473.619,0,0,-423.233
"MtrElec",6,24,18,"",271.375,0,0,0,0,0,0,0,0,0,0,0,0,0,0,0,0,0,0,0,0,528.059,0,0,-256.684
"MtrElec",6,24,19,"",196.4,0,0,0,0,0,0,0,0,0,0,0,0,0,0,0,0,0,0,0,0,510.835,0,-221.926,-92.509
"MtrElec",6,24,20,"",247.696,0,0,0,0,0,0,0,0,0,0,0,0,0,0,0,0,0,0,0,0,482.917,0,-221.926,-13.2947
"MtrElec",6,24,21,"",202.63,0,0,0,0,0,0,0,0,0,0,0,0,0,0,0,0,0,0,0,0,424.556,0,-221.926,0
"MtrElec",6,24,22,"",265.538,0,0,0,0,0,0,0,0,0,0,0,0,0,0,0,0,0,0,0,0,316.692,0,-51.1531,0
"MtrElec",6,24,23,"",266.332,0,0,0,0,0,0,0,0,0,0,0,0,0,0,0,0,0,0,0,0,266.332,0,0,0
"MtrElec",6,24,24,"",192.792,0,0,0,0,0,0,0,0,0,0,0,0,0,0,0,0,0,0,0,0,192.792,0,0,0
"MtrElec",6,25,1,"",196.363,0,0,0,0,0,0,0,0,0,0,0,0,0,0,0,0,0,0,0,0,196.363,0,0,0
"MtrElec",6,25,2,"",153.778,0,0,0,0,0,0,0,0,0,0,0,0,0,0,0,0,0,0,0,0,153.778,0,0,0
"MtrElec",6,25,3,"",146.079,0,0,0,0,0,0,0,0,0,0,0,0,0,0,0,0,0,0,0,0,146.079,0,0,0
"MtrElec",6,25,4,"",154.934,0,0,0,0,0,0,0,0,0,0,0,0,0,0,0,0,0,0,0,0,154.934,0,0,0
"MtrElec",6,25,5,"",145.165,0,0,0,0,0,0,0,0,0,0,0,0,0,0,0,0,0,0,0,0,145.165,0,0,0
"MtrElec",6,25,6,"",181.178,0,0,0,0,0,0,0,0,0,0,0,0,0,0,0,0,0,0,0,0,181.178,0,0,0
"MtrElec",6,25,7,"",238.111,0,0,0,0,0,0,0,0,0,0,0,0,0,0,0,0,0,0,0,0,261.224,0,0,-23.1129
"MtrElec",6,25,8,"",168.808,0,0,0,0,0,0,0,0,0,0,0,0,0,0,0,0,0,0,0,0,297.774,0,0,-128.965
"MtrElec",6,25,9,"",85.8646,0,0,0,0,0,0,0,0,0,0,0,0,0,0,0,0,0,0,0,0,377.567,0,0,-291.702
"MtrElec",6,25,10,"",37.5625,0,0,0,0,0,0,0,0,0,0,0,0,0,0,0,0,0,0,0,0,474.301,0,0,-436.739
"MtrElec",6,25,11,"",0,0,0,0,0,0,0,0,0,0,0,0,0,0,0,0,0,0,0,0,0,474.762,0,69.9421,-544.704
"MtrElec",6,25,12,"",0.0000078,0,0,0,0,0,0,0,0,0,0,0,0,0,0,0,0,0,0,0,0,513.861,0,115.055,-628.917
"MtrElec",6,25,13,"",0,0,0,0,0,0,0,0,0,0,0,0,0,0,0,0,0,0,0,0,0,514.769,0,154.785,-669.554
"MtrElec",6,25,14,"",-5.79844,0,0,0,0,0,0,0,0,0,0,0,0,0,0,0,0,0,0,0,0,438.463,0,221.926,-666.188
"MtrElec",6,25,15,"",0,0,0,0,0,0,0,0,0,0,0,0,0,0,0,0,0,0,0,0,0,470.462,0,153.588,-624.05
"MtrElec",6,25,16,"",0,0,0,0,0,0,0,0,0,0,0,0,0,0,0,0,0,0,0,0,0,504.127,0,31.9046,-536.031
"MtrElec",6,25,17,"",80.6978,0,0,0,0,0,0,0,0,0,0,0,0,0,0,0,0,0,0,0,0,492.604,0,0,-411.906
"MtrElec",6,25,18,"",296.232,0,0,0,0,0,0,0,0,0,0,0,0,0,0,0,0,0,0,0,0,549.133,0,0,-252.9
"MtrElec",6,25,19,"",230.453,0,0,0,0,0,0,0,0,0,0,0,0,0,0,0,0,0,0,0,0,544.622,0,-221.926,-92.2429
"MtrElec",6,25,20,"",259.465,0,0,0,0,0,0,0,0,0,0,0,0,0,0,0,0,0,0,0,0,495.787,0,-221.926,-14.3963
"MtrElec",6,25,21,"",227.296,0,0,0,0,0,0,0,0,0,0,0,0,0,0,0,0,0,0,0,0,449.222,0,-221.926,0
"MtrElec",6,25,22,"",273.387,0,0,0,0,0,0,0,0,0,0,0,0,0,0,0,0,0,0,0,0,281.959,0,-8.5717,0
"MtrElec",6,25,23,"",265.954,0,0,0,0,0,0,0,0,0,0,0,0,0,0,0,0,0,0,0,0,265.954,0,0,0
"MtrElec",6,25,24,"",192.084,0,0,0,0,0,0,0,0,0,0,0,0,0,0,0,0,0,0,0,0,192.084,0,0,0
"MtrElec",6,26,1,"",152.503,0,0,0,0,0,0,0,0,0,0,0,0,0,0,0,0,0,0,0,0,152.503,0,0,0
"MtrElec",6,26,2,"",150.706,0,0,0,0,0,0,0,0,0,0,0,0,0,0,0,0,0,0,0,0,150.706,0,0,0
"MtrElec",6,26,3,"",141.968,0,0,0,0,0,0,0,0,0,0,0,0,0,0,0,0,0,0,0,0,141.968,0,0,0
"MtrElec",6,26,4,"",148.447,0,0,0,0,0,0,0,0,0,0,0,0,0,0,0,0,0,0,0,0,148.447,0,0,0
"MtrElec",6,26,5,"",179.534,0,0,0,0,0,0,0,0,0,0,0,0,0,0,0,0,0,0,0,0,179.534,0,0,0
"MtrElec",6,26,6,"",142.528,0,0,0,0,0,0,0,0,0,0,0,0,0,0,0,0,0,0,0,0,142.528,0,0,0
"MtrElec",6,26,7,"",213.006,0,0,0,0,0,0,0,0,0,0,0,0,0,0,0,0,0,0,0,0,236.007,0,0,-23.0007
"MtrElec",6,26,8,"",205.225,0,0,0,0,0,0,0,0,0,0,0,0,0,0,0,0,0,0,0,0,333.126,0,0,-127.9
"MtrElec",6,26,9,"",98.0984,0,0,0,0,0,0,0,0,0,0,0,0,0,0,0,0,0,0,0,0,385.207,0,0,-287.108
"MtrElec",6,26,10,"",67.3965,0,0,0,0,0,0,0,0,0,0,0,0,0,0,0,0,0,0,0,0,505.062,0,0,-437.665
"MtrElec",6,26,11,"",0,0,0,0,0,0,0,0,0,0,0,0,0,0,0,0,0,0,0,0,0,545.093,0,12.2391,-557.332
"MtrElec",6,26,12,"",0.0000078,0,0,0,0,0,0,0,0,0,0,0,0,0,0,0,0,0,0,0,0,534.109,0,88.7483,-622.857
"MtrElec",6,26,13,"",0,0,0,0,0,0,0,0,0,0,0,0,0,0,0,0,0,0,0,0,0,522.938,0,131.019,-653.957
"MtrElec",6,26,14,"",0,0,0,0,0,0,0,0,0,0,0,0,0,0,0,0,0,0,0,0,0,450.065,0,209.933,-659.998
"MtrElec",6,26,15,"",0.0000078,0,0,0,0,0,0,0,0,0,0,0,0,0,0,0,0,0,0,0,0,499.298,0,112.794,-612.092
"MtrElec",6,26,16,"",0,0,0,0,0,0,0,0,0,0,0,0,0,0,0,0,0,0,0,0,0,502.257,0,26.2155,-528.472
"MtrElec",6,26,17,"",94.5626,0,0,0,0,0,0,0,0,0,0,0,0,0,0,0,0,0,0,0,0,499.315,0,0,-404.753
"MtrElec",6,26,18,"",310.455,0,0,0,0,0,0,0,0,0,0,0,0,0,0,0,0,0,0,0,0,559.349,0,0,-248.894
"MtrElec",6,26,19,"",209.626,0,0,0,0,0,0,0,0,0,0,0,0,0,0,0,0,0,0,0,0,523.873,0,-221.926,-92.3205
"MtrElec",6,26,20,"",261.816,0,0,0,0,0,0,0,0,0,0,0,0,0,0,0,0,0,0,0,0,499.428,0,-221.926,-15.6867
"MtrElec",6,26,21,"",308.11,0,0,0,0,0,0,0,0,0,0,0,0,0,0,0,0,0,0,0,0,388.564,0,-80.4547,0
"MtrElec",6,26,22,"",287.901,0,0,0,0,0,0,0,0,0,0,0,0,0,0,0,0,0,0,0,0,287.901,0,0,0
"MtrElec",6,26,23,"",316.53,0,0,0,0,0,0,0,0,0,0,0,0,0,0,0,0,0,0,0,0,316.53,0,0,0
"MtrElec",6,26,24,"",219.298,0,0,0,0,0,0,0,0,0,0,0,0,0,0,0,0,0,0,0,0,219.298,0,0,0
"MtrElec",6,27,1,"",163.488,0,0,0,0,0,0,0,0,0,0,0,0,0,0,0,0,0,0,0,0,163.488,0,0,0
"MtrElec",6,27,2,"",184.798,0,0,0,0,0,0,0,0,0,0,0,0,0,0,0,0,0,0,0,0,184.798,0,0,0
"MtrElec",6,27,3,"",144.355,0,0,0,0,0,0,0,0,0,0,0,0,0,0,0,0,0,0,0,0,144.355,0,0,0
"MtrElec",6,27,4,"",147.259,0,0,0,0,0,0,0,0,0,0,0,0,0,0,0,0,0,0,0,0,147.259,0,0,0
"MtrElec",6,27,5,"",163.008,0,0,0,0,0,0,0,0,0,0,0,0,0,0,0,0,0,0,0,0,163.008,0,0,0
"MtrElec",6,27,6,"",145.76,0,0,0,0,0,0,0,0,0,0,0,0,0,0,0,0,0,0,0,0,145.76,0,0,0
"MtrElec",6,27,7,"",203.46,0,0,0,0,0,0,0,0,0,0,0,0,0,0,0,0,0,0,0,0,228.366,0,0,-24.9052
"MtrElec",6,27,8,"",111.227,0,0,0,0,0,0,0,0,0,0,0,0,0,0,0,0,0,0,0,0,235.243,0,0,-124.016
"MtrElec",6,27,9,"",31.8542,0,0,0,0,0,0,0,0,0,0,0,0,0,0,0,0,0,0,0,0,310.404,0,0,-278.55
"MtrElec",6,27,10,"",34.0722,0,0,0,0,0,0,0,0,0,0,0,0,0,0,0,0,0,0,0,0,452.214,0,0,-418.142
"MtrElec",6,27,11,"",70.8812,0,0,0,0,0,0,0,0,0,0,0,0,0,0,0,0,0,0,0,0,594.688,0,0,-523.807
"MtrElec",6,27,12,"",64.9299,0,0,0,0,0,0,0,0,0,0,0,0,0,0,0,0,0,0,0,0,656.83,0,0,-591.9
"MtrElec",6,27,13,"",39.8426,0,0,0,0,0,0,0,0,0,0,0,0,0,0,0,0,0,0,0,0,655.629,0,0,-615.786
"MtrElec",6,27,14,"",0,0,0,0,0,0,0,0,0,0,0,0,0,0,0,0,0,0,0,0,0,591.73,0,19.6877,-611.418
"MtrElec",6,27,15,"",40.1145,0,0,0,0,0,0,0,0,0,0,0,0,0,0,0,0,0,0,0,0,611.254,0,0,-571.14
"MtrElec",6,27,16,"",106.467,0,0,0,0,0,0,0,0,0,0,0,0,0,0,0,0,0,0,0,0,613.67,0,0,-507.203
"MtrElec",6,27,17,"",318.495,0,0,0,0,0,0,0,0,0,0,0,0,0,0,0,0,0,0,0,0,640.878,0,0,-322.384
"MtrElec",6,27,18,"",504.811,0,0,0,0,0,0,0,0,0,0,0,0,0,0,0,0,0,0,0,0,596.149,0,0,-91.338
"MtrElec",6,27,19,"",546.359,0,0,0,0,0,0,0,0,0,0,0,0,0,0,0,0,0,0,0,0,624.367,0,-17.7682,-60.24
"MtrElec",6,27,20,"",458.427,0,0,0,0,0,0,0,0,0,0,0,0,0,0,0,0,0,0,0,0,471.548,0,0,-13.1201
"MtrElec",6,27,21,"",338.974,0,0,0,0,0,0,0,0,0,0,0,0,0,0,0,0,0,0,0,0,338.974,0,0,0
"MtrElec",6,27,22,"",333.863,0,0,0,0,0,0,0,0,0,0,0,0,0,0,0,0,0,0,0,0,333.863,0,0,0
"MtrElec",6,27,23,"",259.986,0,0,0,0,0,0,0,0,0,0,0,0,0,0,0,0,0,0,0,0,259.986,0,0,0
"MtrElec",6,27,24,"",192.848,0,0,0,0,0,0,0,0,0,0,0,0,0,0,0,0,0,0,0,0,192.848,0,0,0
"MtrElec",6,28,1,"",167.074,0,0,0,0,0,0,0,0,0,0,0,0,0,0,0,0,0,0,0,0,167.074,0,0,0
"MtrElec",6,28,2,"",150.979,0,0,0,0,0,0,0,0,0,0,0,0,0,0,0,0,0,0,0,0,150.979,0,0,0
"MtrElec",6,28,3,"",148.1,0,0,0,0,0,0,0,0,0,0,0,0,0,0,0,0,0,0,0,0,148.1,0,0,0
"MtrElec",6,28,4,"",148.457,0,0,0,0,0,0,0,0,0,0,0,0,0,0,0,0,0,0,0,0,148.457,0,0,0
"MtrElec",6,28,5,"",180.499,0,0,0,0,0,0,0,0,0,0,0,0,0,0,0,0,0,0,0,0,180.499,0,0,0
"MtrElec",6,28,6,"",180.888,0,0,0,0,0,0,0,0,0,0,0,0,0,0,0,0,0,0,0,0,180.888,0,0,0
"MtrElec",6,28,7,"",133.468,0,0,0,0,0,0,0,0,0,0,0,0,0,0,0,0,0,0,0,0,153.727,0,0,-20.2591
"MtrElec",6,28,8,"",116.737,0,0,0,0,0,0,0,0,0,0,0,0,0,0,0,0,0,0,0,0,237.878,0,0,-121.142
"MtrElec",6,28,9,"",59.827,0,0,0,0,0,0,0,0,0,0,0,0,0,0,0,0,0,0,0,0,342.477,0,0,-282.65
"MtrElec",6,28,10,"",55.4895,0,0,0,0,0,0,0,0,0,0,0,0,0,0,0,0,0,0,0,0,447.71,0,0,-392.221
"MtrElec",6,28,11,"",56.6427,0,0,0,0,0,0,0,0,0,0,0,0,0,0,0,0,0,0,0,0,494.283,0,0,-437.64
"MtrElec",6,28,12,"",0,0,0,0,0,0,0,0,0,0,0,0,0,0,0,0,0,0,0,0,0,508.15,0,30.0334,-538.183
"MtrElec",6,28,13,"",32.6363,0,0,0,0,0,0,0,0,0,0,0,0,0,0,0,0,0,0,0,0,493.491,0,0,-460.855
"MtrElec",6,28,14,"",0,0,0,0,0,0,0,0,0,0,0,0,0,0,0,0,0,0,0,0,0,475.024,0,51.3985,-526.423
"MtrElec",6,28,15,"",0,0,0,0,0,0,0,0,0,0,0,0,0,0,0,0,0,0,0,0,0,525.48,0,81.1472,-606.627
"MtrElec",6,28,16,"",0,0,0,0,0,0,0,0,0,0,0,0,0,0,0,0,0,0,0,0,0,454.487,0,53.5708,-508.058
"MtrElec",6,28,17,"",122.624,0,0,0,0,0,0,0,0,0,0,0,0,0,0,0,0,0,0,0,0,477.365,0,0,-354.742
"MtrElec",6,28,18,"",241.35,0,0,0,0,0,0,0,0,0,0,0,0,0,0,0,0,0,0,0,0,456.705,0,0,-215.354
"MtrElec",6,28,19,"",159.527,0,0,0,0,0,0,0,0,0,0,0,0,0,0,0,0,0,0,0,0,447.744,0,-195.075,-93.1425
"MtrElec",6,28,20,"",353.945,0,0,0,0,0,0,0,0,0,0,0,0,0,0,0,0,0,0,0,0,369.6,0,0,-15.6545
"MtrElec",6,28,21,"",339.079,0,0,0,0,0,0,0,0,0,0,0,0,0,0,0,0,0,0,0,0,339.079,0,0,0
"MtrElec",6,28,22,"",326.052,0,0,0,0,0,0,0,0,0,0,0,0,0,0,0,0,0,0,0,0,326.052,0,0,0
"MtrElec",6,28,23,"",205.239,0,0,0,0,0,0,0,0,0,0,0,0,0,0,0,0,0,0,0,0,205.239,0,0,0
"MtrElec",6,28,24,"",220.824,0,0,0,0,0,0,0,0,0,0,0,0,0,0,0,0,0,0,0,0,220.824,0,0,0
"MtrElec",6,29,1,"",193.056,0,0,0,0,0,0,0,0,0,0,0,0,0,0,0,0,0,0,0,0,193.056,0,0,0
"MtrElec",6,29,2,"",148.415,0,0,0,0,0,0,0,0,0,0,0,0,0,0,0,0,0,0,0,0,148.415,0,0,0
"MtrElec",6,29,3,"",142.187,0,0,0,0,0,0,0,0,0,0,0,0,0,0,0,0,0,0,0,0,142.187,0,0,0
"MtrElec",6,29,4,"",144.69,0,0,0,0,0,0,0,0,0,0,0,0,0,0,0,0,0,0,0,0,144.69,0,0,0
"MtrElec",6,29,5,"",143.918,0,0,0,0,0,0,0,0,0,0,0,0,0,0,0,0,0,0,0,0,143.918,0,0,0
"MtrElec",6,29,6,"",166.049,0,0,0,0,0,0,0,0,0,0,0,0,0,0,0,0,0,0,0,0,166.049,0,0,0
"MtrElec",6,29,7,"",256.444,0,0,0,0,0,0,0,0,0,0,0,0,0,0,0,0,0,0,0,0,280.542,0,0,-24.0977
"MtrElec",6,29,8,"",218.743,0,0,0,0,0,0,0,0,0,0,0,0,0,0,0,0,0,0,0,0,340.559,0,0,-121.816
"MtrElec",6,29,9,"",104.781,0,0,0,0,0,0,0,0,0,0,0,0,0,0,0,0,0,0,0,0,386.701,0,0,-281.92
"MtrElec",6,29,10,"",70.6453,0,0,0,0,0,0,0,0,0,0,0,0,0,0,0,0,0,0,0,0,496.958,0,0,-426.312
"MtrElec",6,29,11,"",34.7186,0,0,0,0,0,0,0,0,0,0,0,0,0,0,0,0,0,0,0,0,561.038,0,0,-526.319
"MtrElec",6,29,12,"",0,0,0,0,0,0,0,0,0,0,0,0,0,0,0,0,0,0,0,0,0,574.536,0,37.1762,-611.712
"MtrElec",6,29,13,"",0.0000039,0,0,0,0,0,0,0,0,0,0,0,0,0,0,0,0,0,0,0,0,604.307,0,49.2845,-653.591
"MtrElec",6,29,14,"",0,0,0,0,0,0,0,0,0,0,0,0,0,0,0,0,0,0,0,0,0,488.39,0,161.881,-650.271
"MtrElec",6,29,15,"",0,0,0,0,0,0,0,0,0,0,0,0,0,0,0,0,0,0,0,0,0,497.934,0,112.873,-610.807
"MtrElec",6,29,16,"",0,0,0,0,0,0,0,0,0,0,0,0,0,0,0,0,0,0,0,0,0,512.677,0,16.3784,-529.056
"MtrElec",6,29,17,"",120.456,0,0,0,0,0,0,0,0,0,0,0,0,0,0,0,0,0,0,0,0,526.568,0,0,-406.112
"MtrElec",6,29,18,"",305.836,0,0,0,0,0,0,0,0,0,0,0,0,0,0,0,0,0,0,0,0,556.39,0,0,-250.555
"MtrElec",6,29,19,"",236.263,0,0,0,0,0,0,0,0,0,0,0,0,0,0,0,0,0,0,0,0,551.992,0,-221.926,-93.8033
"MtrElec",6,29,20,"",358.213,0,0,0,0,0,0,0,0,0,0,0,0,0,0,0,0,0,0,0,0,492.662,0,-118.852,-15.5966
"MtrElec",6,29,21,"",427.831,0,0,0,0,0,0,0,0,0,0,0,0,0,0,0,0,0,0,0,0,427.831,0,0,0
"MtrElec",6,29,22,"",313.474,0,0,0,0,0,0,0,0,0,0,0,0,0,0,0,0,0,0,0,0,313.474,0,0,0
"MtrElec",6,29,23,"",283.032,0,0,0,0,0,0,0,0,0,0,0,0,0,0,0,0,0,0,0,0,283.032,0,0,0
"MtrElec",6,29,24,"",206,0,0,0,0,0,0,0,0,0,0,0,0,0,0,0,0,0,0,0,0,206,0,0,0
"MtrElec",6,30,1,"",146.787,0,0,0,0,0,0,0,0,0,0,0,0,0,0,0,0,0,0,0,0,146.787,0,0,0
"MtrElec",6,30,2,"",145.467,0,0,0,0,0,0,0,0,0,0,0,0,0,0,0,0,0,0,0,0,145.467,0,0,0
"MtrElec",6,30,3,"",141.777,0,0,0,0,0,0,0,0,0,0,0,0,0,0,0,0,0,0,0,0,141.777,0,0,0
"MtrElec",6,30,4,"",142.265,0,0,0,0,0,0,0,0,0,0,0,0,0,0,0,0,0,0,0,0,142.265,0,0,0
"MtrElec",6,30,5,"",176.441,0,0,0,0,0,0,0,0,0,0,0,0,0,0,0,0,0,0,0,0,176.441,0,0,0
"MtrElec",6,30,6,"",145.025,0,0,0,0,0,0,0,0,0,0,0,0,0,0,0,0,0,0,0,0,145.025,0,0,0
"MtrElec",6,30,7,"",245.415,0,0,0,0,0,0,0,0,0,0,0,0,0,0,0,0,0,0,0,0,266.947,0,0,-21.5321
"MtrElec",6,30,8,"",248.453,0,0,0,0,0,0,0,0,0,0,0,0,0,0,0,0,0,0,0,0,370.599,0,0,-122.146
"MtrElec",6,30,9,"",157.554,0,0,0,0,0,0,0,0,0,0,0,0,0,0,0,0,0,0,0,0,442.169,0,0,-284.615
"MtrElec",6,30,10,"",137.726,0,0,0,0,0,0,0,0,0,0,0,0,0,0,0,0,0,0,0,0,568.48,0,0,-430.754
"MtrElec",6,30,11,"",4.30981,0,0,0,0,0,0,0,0,0,0,0,0,0,0,0,0,0,0,0,0,553.34,0,0,-549.03
"MtrElec",6,30,12,"",0.0000039,0,0,0,0,0,0,0,0,0,0,0,0,0,0,0,0,0,0,0,0,554.783,0,65.5308,-620.314
"MtrElec",6,30,13,"",0.0000039,0,0,0,0,0,0,0,0,0,0,0,0,0,0,0,0,0,0,0,0,606.743,0,53.5506,-660.294
"MtrElec",6,30,14,"",0.0000156,0,0,0,0,0,0,0,0,0,0,0,0,0,0,0,0,0,0,0,0,487.823,0,183.518,-671.341
"MtrElec",6,30,15,"",0,0,0,0,0,0,0,0,0,0,0,0,0,0,0,0,0,0,0,0,0,496.733,0,130.542,-627.274
"MtrElec",6,30,16,"",0,0,0,0,0,0,0,0,0,0,0,0,0,0,0,0,0,0,0,0,0,471.179,0,67.9749,-539.154
"MtrElec",6,30,17,"",148.285,0,0,0,0,0,0,0,0,0,0,0,0,0,0,0,0,0,0,0,0,559.724,0,0,-411.439
"MtrElec",6,30,18,"",275.474,0,0,0,0,0,0,0,0,0,0,0,0,0,0,0,0,0,0,0,0,533.171,0,0,-257.696
"MtrElec",6,30,19,"",204.866,0,0,0,0,0,0,0,0,0,0,0,0,0,0,0,0,0,0,0,0,519.723,0,-221.926,-92.9322
"MtrElec",6,30,20,"",293.182,0,0,0,0,0,0,0,0,0,0,0,0,0,0,0,0,0,0,0,0,527.793,0,-221.926,-12.6858
"MtrElec",6,30,21,"",499.112,0,0,0,0,0,0,0,0,0,0,0,0,0,0,0,0,0,0,0,0,507.518,0,-8.40595,0
"MtrElec",6,30,22,"",286.192,0,0,0,0,0,0,0,0,0,0,0,0,0,0,0,0,0,0,0,0,286.192,0,0,0
"MtrElec",6,30,23,"",320.073,0,0,0,0,0,0,0,0,0,0,0,0,0,0,0,0,0,0,0,0,320.073,0,0,0
"MtrElec",6,30,24,"",263.559,0,0,0,0,0,0,0,0,0,0,0,0,0,0,0,0,0,0,0,0,263.559,0,0,0
"MtrElec",7,1,1,"",163.57,0,0,0,0,0,0,0,0,0,0,0,0,0,0,0,0,0,0,0,0,163.57,0,0,0
"MtrElec",7,1,2,"",154.552,0,0,0,0,0,0,0,0,0,0,0,0,0,0,0,0,0,0,0,0,154.552,0,0,0
"MtrElec",7,1,3,"",151.06,0,0,0,0,0,0,0,0,0,0,0,0,0,0,0,0,0,0,0,0,151.06,0,0,0
"MtrElec",7,1,4,"",150.109,0,0,0,0,0,0,0,0,0,0,0,0,0,0,0,0,0,0,0,0,150.109,0,0,0
"MtrElec",7,1,5,"",148.564,0,0,0,0,0,0,0,0,0,0,0,0,0,0,0,0,0,0,0,0,148.564,0,0,0
"MtrElec",7,1,6,"",182.843,0,0,0,0,0,0,0,0,0,0,0,0,0,0,0,0,0,0,0,0,182.843,0,0,0
"MtrElec",7,1,7,"",225.922,0,0,0,0,0,0,0,0,0,0,0,0,0,0,0,0,0,0,0,0,243.305,0,0,-17.3831
"MtrElec",7,1,8,"",219.825,0,0,0,0,0,0,0,0,0,0,0,0,0,0,0,0,0,0,0,0,345.537,0,0,-125.712
"MtrElec",7,1,9,"",129.936,0,0,0,0,0,0,0,0,0,0,0,0,0,0,0,0,0,0,0,0,431.571,0,0,-301.635
"MtrElec",7,1,10,"",40.6892,0,0,0,0,0,0,0,0,0,0,0,0,0,0,0,0,0,0,0,0,499.025,0,0,-458.336
"MtrElec",7,1,11,"",0,0,0,0,0,0,0,0,0,0,0,0,0,0,0,0,0,0,0,0,0,534.392,0,36.0219,-570.414
"MtrElec",7,1,12,"",0,0,0,0,0,0,0,0,0,0,0,0,0,0,0,0,0,0,0,0,0,544.516,0,82.5654,-627.081
"MtrElec",7,1,13,"",0,0,0,0,0,0,0,0,0,0,0,0,0,0,0,0,0,0,0,0,0,544.625,0,138.389,-683.015
"MtrElec",7,1,14,"",0,0,0,0,0,0,0,0,0,0,0,0,0,0,0,0,0,0,0,0,0,527.763,0,163.362,-691.124
"MtrElec",7,1,15,"",0.0000078,0,0,0,0,0,0,0,0,0,0,0,0,0,0,0,0,0,0,0,0,535.327,0,110.236,-645.563
"MtrElec",7,1,16,"",0,0,0,0,0,0,0,0,0,0,0,0,0,0,0,0,0,0,0,0,0,551.757,0,4.82369,-556.58
"MtrElec",7,1,17,"",134.936,0,0,0,0,0,0,0,0,0,0,0,0,0,0,0,0,0,0,0,0,565.033,0,0,-430.098
"MtrElec",7,1,18,"",308.024,0,0,0,0,0,0,0,0,0,0,0,0,0,0,0,0,0,0,0,0,576.01,0,0,-267.987
"MtrElec",7,1,19,"",227.548,0,0,0,0,0,0,0,0,0,0,0,0,0,0,0,0,0,0,0,0,543.994,0,-221.926,-94.5207
"MtrElec",7,1,20,"",306.843,0,0,0,0,0,0,0,0,0,0,0,0,0,0,0,0,0,0,0,0,539.398,0,-221.926,-10.629
"MtrElec",7,1,21,"",447.294,0,0,0,0,0,0,0,0,0,0,0,0,0,0,0,0,0,0,0,0,486.639,0,-39.3452,0
"MtrElec",7,1,22,"",347.441,0,0,0,0,0,0,0,0,0,0,0,0,0,0,0,0,0,0,0,0,347.441,0,0,0
"MtrElec",7,1,23,"",293.081,0,0,0,0,0,0,0,0,0,0,0,0,0,0,0,0,0,0,0,0,293.081,0,0,0
"MtrElec",7,1,24,"",208.316,0,0,0,0,0,0,0,0,0,0,0,0,0,0,0,0,0,0,0,0,208.316,0,0,0
"MtrElec",7,2,1,"",168.023,0,0,0,0,0,0,0,0,0,0,0,0,0,0,0,0,0,0,0,0,168.023,0,0,0
"MtrElec",7,2,2,"",153.109,0,0,0,0,0,0,0,0,0,0,0,0,0,0,0,0,0,0,0,0,153.109,0,0,0
"MtrElec",7,2,3,"",182.67,0,0,0,0,0,0,0,0,0,0,0,0,0,0,0,0,0,0,0,0,182.67,0,0,0
"MtrElec",7,2,4,"",144.571,0,0,0,0,0,0,0,0,0,0,0,0,0,0,0,0,0,0,0,0,144.571,0,0,0
"MtrElec",7,2,5,"",139.368,0,0,0,0,0,0,0,0,0,0,0,0,0,0,0,0,0,0,0,0,139.368,0,0,0
"MtrElec",7,2,6,"",150.51,0,0,0,0,0,0,0,0,0,0,0,0,0,0,0,0,0,0,0,0,150.51,0,0,0
"MtrElec",7,2,7,"",249.661,0,0,0,0,0,0,0,0,0,0,0,0,0,0,0,0,0,0,0,0,267.763,0,0,-18.102
"MtrElec",7,2,8,"",225.155,0,0,0,0,0,0,0,0,0,0,0,0,0,0,0,0,0,0,0,0,351.044,0,0,-125.889
"MtrElec",7,2,9,"",68.8196,0,0,0,0,0,0,0,0,0,0,0,0,0,0,0,0,0,0,0,0,372.589,0,0,-303.769
"MtrElec",7,2,10,"",38.7918,0,0,0,0,0,0,0,0,0,0,0,0,0,0,0,0,0,0,0,0,494.535,0,0,-455.743
"MtrElec",7,2,11,"",0.0000010,0,0,0,0,0,0,0,0,0,0,0,0,0,0,0,0,0,0,0,0,556.892,0,9.01038,-565.902
"MtrElec",7,2,12,"",0,0,0,0,0,0,0,0,0,0,0,0,0,0,0,0,0,0,0,0,0,561.471,0,86.0414,-647.512
"MtrElec",7,2,13,"",0.0000156,0,0,0,0,0,0,0,0,0,0,0,0,0,0,0,0,0,0,0,0,515.281,0,166.063,-681.344
"MtrElec",7,2,14,"",0,0,0,0,0,0,0,0,0,0,0,0,0,0,0,0,0,0,0,0,0,541.971,0,137.906,-679.876
"MtrElec",7,2,15,"",0,0,0,0,0,0,0,0,0,0,0,0,0,0,0,0,0,0,0,0,0,510.006,0,131.241,-641.246
"MtrElec",7,2,16,"",0.000000,0,0,0,0,0,0,0,0,0,0,0,0,0,0,0,0,0,0,0,0,554.671,0,0.492438,-555.163
"MtrElec",7,2,17,"",167.356,0,0,0,0,0,0,0,0,0,0,0,0,0,0,0,0,0,0,0,0,599.697,0,0,-432.341
"MtrElec",7,2,18,"",333.735,0,0,0,0,0,0,0,0,0,0,0,0,0,0,0,0,0,0,0,0,606.3,0,0,-272.565
"MtrElec",7,2,19,"",242.877,0,0,0,0,0,0,0,0,0,0,0,0,0,0,0,0,0,0,0,0,560.4,0,-221.926,-95.5967
"MtrElec",7,2,20,"",304.335,0,0,0,0,0,0,0,0,0,0,0,0,0,0,0,0,0,0,0,0,536.303,0,-221.926,-10.042
"MtrElec",7,2,21,"",494.335,0,0,0,0,0,0,0,0,0,0,0,0,0,0,0,0,0,0,0,0,529.489,0,-35.1536,0
"MtrElec",7,2,22,"",347.677,0,0,0,0,0,0,0,0,0,0,0,0,0,0,0,0,0,0,0,0,347.677,0,0,0
"MtrElec",7,2,23,"",299.126,0,0,0,0,0,0,0,0,0,0,0,0,0,0,0,0,0,0,0,0,299.126,0,0,0
"MtrElec",7,2,24,"",204.865,0,0,0,0,0,0,0,0,0,0,0,0,0,0,0,0,0,0,0,0,204.865,0,0,0
"MtrElec",7,3,1,"",199.196,0,0,0,0,0,0,0,0,0,0,0,0,0,0,0,0,0,0,0,0,199.196,0,0,0
"MtrElec",7,3,2,"",155.62,0,0,0,0,0,0,0,0,0,0,0,0,0,0,0,0,0,0,0,0,155.62,0,0,0
"MtrElec",7,3,3,"",149.277,0,0,0,0,0,0,0,0,0,0,0,0,0,0,0,0,0,0,0,0,149.277,0,0,0
"MtrElec",7,3,4,"",150.532,0,0,0,0,0,0,0,0,0,0,0,0,0,0,0,0,0,0,0,0,150.532,0,0,0
"MtrElec",7,3,5,"",142.936,0,0,0,0,0,0,0,0,0,0,0,0,0,0,0,0,0,0,0,0,142.936,0,0,0
"MtrElec",7,3,6,"",184.328,0,0,0,0,0,0,0,0,0,0,0,0,0,0,0,0,0,0,0,0,184.328,0,0,0
"MtrElec",7,3,7,"",195.816,0,0,0,0,0,0,0,0,0,0,0,0,0,0,0,0,0,0,0,0,214.562,0,0,-18.7461
"MtrElec",7,3,8,"",228.779,0,0,0,0,0,0,0,0,0,0,0,0,0,0,0,0,0,0,0,0,354.641,0,0,-125.862
"MtrElec",7,3,9,"",119.338,0,0,0,0,0,0,0,0,0,0,0,0,0,0,0,0,0,0,0,0,419.942,0,0,-300.604
"MtrElec",7,3,10,"",197.053,0,0,0,0,0,0,0,0,0,0,0,0,0,0,0,0,0,0,0,0,652.712,0,0,-455.659
"MtrElec",7,3,11,"",49.3464,0,0,0,0,0,0,0,0,0,0,0,0,0,0,0,0,0,0,0,0,616.386,0,0,-567.04
"MtrElec",7,3,12,"",43.9708,0,0,0,0,0,0,0,0,0,0,0,0,0,0,0,0,0,0,0,0,682.213,0,0,-638.242
"MtrElec",7,3,13,"",0,0,0,0,0,0,0,0,0,0,0,0,0,0,0,0,0,0,0,0,0,610.169,0,70.2019,-680.371
"MtrElec",7,3,14,"",0.0000078,0,0,0,0,0,0,0,0,0,0,0,0,0,0,0,0,0,0,0,0,548.481,0,127.413,-675.894
"MtrElec",7,3,15,"",0,0,0,0,0,0,0,0,0,0,0,0,0,0,0,0,0,0,0,0,0,568.073,0,62.5421,-630.616
"MtrElec",7,3,16,"",25.2743,0,0,0,0,0,0,0,0,0,0,0,0,0,0,0,0,0,0,0,0,578.112,0,0,-552.838
"MtrElec",7,3,17,"",166.128,0,0,0,0,0,0,0,0,0,0,0,0,0,0,0,0,0,0,0,0,594.439,0,0,-428.311
"MtrElec",7,3,18,"",363.494,0,0,0,0,0,0,0,0,0,0,0,0,0,0,0,0,0,0,0,0,627.803,0,0,-264.309
"MtrElec",7,3,19,"",267.377,0,0,0,0,0,0,0,0,0,0,0,0,0,0,0,0,0,0,0,0,583.029,0,-221.926,-93.7259
"MtrElec",7,3,20,"",501.271,0,0,0,0,0,0,0,0,0,0,0,0,0,0,0,0,0,0,0,0,524.084,0,-12.8657,-9.94772
"MtrElec",7,3,21,"",435.358,0,0,0,0,0,0,0,0,0,0,0,0,0,0,0,0,0,0,0,0,435.358,0,0,0
"MtrElec",7,3,22,"",320.216,0,0,0,0,0,0,0,0,0,0,0,0,0,0,0,0,0,0,0,0,320.216,0,0,0
"MtrElec",7,3,23,"",231.12,0,0,0,0,0,0,0,0,0,0,0,0,0,0,0,0,0,0,0,0,231.12,0,0,0
"MtrElec",7,3,24,"",245.493,0,0,0,0,0,0,0,0,0,0,0,0,0,0,0,0,0,0,0,0,245.493,0,0,0
"MtrElec",7,4,1,"",168.921,0,0,0,0,0,0,0,0,0,0,0,0,0,0,0,0,0,0,0,0,168.921,0,0,0
"MtrElec",7,4,2,"",157.22,0,0,0,0,0,0,0,0,0,0,0,0,0,0,0,0,0,0,0,0,157.22,0,0,0
"MtrElec",7,4,3,"",154.351,0,0,0,0,0,0,0,0,0,0,0,0,0,0,0,0,0,0,0,0,154.351,0,0,0
"MtrElec",7,4,4,"",153.885,0,0,0,0,0,0,0,0,0,0,0,0,0,0,0,0,0,0,0,0,153.885,0,0,0
"MtrElec",7,4,5,"",218.788,0,0,0,0,0,0,0,0,0,0,0,0,0,0,0,0,0,0,0,0,218.788,0,0,0
"MtrElec",7,4,6,"",146.313,0,0,0,0,0,0,0,0,0,0,0,0,0,0,0,0,0,0,0,0,146.313,0,0,0
"MtrElec",7,4,7,"",173.351,0,0,0,0,0,0,0,0,0,0,0,0,0,0,0,0,0,0,0,0,193.595,0,0,-20.2439
"MtrElec",7,4,8,"",160.934,0,0,0,0,0,0,0,0,0,0,0,0,0,0,0,0,0,0,0,0,283.501,0,0,-122.567
"MtrElec",7,4,9,"",53.3194,0,0,0,0,0,0,0,0,0,0,0,0,0,0,0,0,0,0,0,0,344.868,0,0,-291.549
"MtrElec",7,4,10,"",69.1164,0,0,0,0,0,0,0,0,0,0,0,0,0,0,0,0,0,0,0,0,496.442,0,0,-427.326
"MtrElec",7,4,11,"",216.541,0,0,0,0,0,0,0,0,0,0,0,0,0,0,0,0,0,0,0,0,704.371,0,0,-487.83
"MtrElec",7,4,12,"",85.7308,0,0,0,0,0,0,0,0,0,0,0,0,0,0,0,0,0,0,0,0,636.971,0,0,-551.241
"MtrElec",7,4,13,"",10.4072,0,0,0,0,0,0,0,0,0,0,0,0,0,0,0,0,0,0,0,0,585.097,0,0,-574.69
"MtrElec",7,4,14,"",0.0000005,0,0,0,0,0,0,0,0,0,0,0,0,0,0,0,0,0,0,0,0,570.704,0,7.83638,-578.541
"MtrElec",7,4,15,"",19.6745,0,0,0,0,0,0,0,0,0,0,0,0,0,0,0,0,0,0,0,0,561.263,0,0,-541.588
"MtrElec",7,4,16,"",76.3545,0,0,0,0,0,0,0,0,0,0,0,0,0,0,0,0,0,0,0,0,541.073,0,0,-464.719
"MtrElec",7,4,17,"",127.729,0,0,0,0,0,0,0,0,0,0,0,0,0,0,0,0,0,0,0,0,494.04,0,0,-366.311
"MtrElec",7,4,18,"",320.572,0,0,0,0,0,0,0,0,0,0,0,0,0,0,0,0,0,0,0,0,542.366,0,0,-221.795
"MtrElec",7,4,19,"",454.647,0,0,0,0,0,0,0,0,0,0,0,0,0,0,0,0,0,0,0,0,549.194,0,-7.07233,-87.4752
"MtrElec",7,4,20,"",458.775,0,0,0,0,0,0,0,0,0,0,0,0,0,0,0,0,0,0,0,0,477.809,0,0,-19.0338
"MtrElec",7,4,21,"",381.242,0,0,0,0,0,0,0,0,0,0,0,0,0,0,0,0,0,0,0,0,381.242,0,0,0
"MtrElec",7,4,22,"",327.282,0,0,0,0,0,0,0,0,0,0,0,0,0,0,0,0,0,0,0,0,327.282,0,0,0
"MtrElec",7,4,23,"",285.964,0,0,0,0,0,0,0,0,0,0,0,0,0,0,0,0,0,0,0,0,285.964,0,0,0
"MtrElec",7,4,24,"",244.285,0,0,0,0,0,0,0,0,0,0,0,0,0,0,0,0,0,0,0,0,244.285,0,0,0
"MtrElec",7,5,1,"",179.369,0,0,0,0,0,0,0,0,0,0,0,0,0,0,0,0,0,0,0,0,179.369,0,0,0
"MtrElec",7,5,2,"",149.838,0,0,0,0,0,0,0,0,0,0,0,0,0,0,0,0,0,0,0,0,149.838,0,0,0
"MtrElec",7,5,3,"",185.803,0,0,0,0,0,0,0,0,0,0,0,0,0,0,0,0,0,0,0,0,185.803,0,0,0
"MtrElec",7,5,4,"",147.502,0,0,0,0,0,0,0,0,0,0,0,0,0,0,0,0,0,0,0,0,147.502,0,0,0
"MtrElec",7,5,5,"",164.118,0,0,0,0,0,0,0,0,0,0,0,0,0,0,0,0,0,0,0,0,164.118,0,0,0
"MtrElec",7,5,6,"",145.852,0,0,0,0,0,0,0,0,0,0,0,0,0,0,0,0,0,0,0,0,145.852,0,0,0
"MtrElec",7,5,7,"",144.093,0,0,0,0,0,0,0,0,0,0,0,0,0,0,0,0,0,0,0,0,172.481,0,0,-28.3871
"MtrElec",7,5,8,"",91.4257,0,0,0,0,0,0,0,0,0,0,0,0,0,0,0,0,0,0,0,0,212.246,0,0,-120.82
"MtrElec",7,5,9,"",77.5891,0,0,0,0,0,0,0,0,0,0,0,0,0,0,0,0,0,0,0,0,324.853,0,0,-247.264
"MtrElec",7,5,10,"",-40.4747,0,0,0,0,0,0,0,0,0,0,0,0,0,0,0,0,0,0,0,0,389.769,0,0,-430.243
"MtrElec",7,5,11,"",0.0000078,0,0,0,0,0,0,0,0,0,0,0,0,0,0,0,0,0,0,0,0,459.192,0,69.2606,-528.453
"MtrElec",7,5,12,"",0.0000039,0,0,0,0,0,0,0,0,0,0,0,0,0,0,0,0,0,0,0,0,540.268,0,64.4784,-604.746
"MtrElec",7,5,13,"",0.0000078,0,0,0,0,0,0,0,0,0,0,0,0,0,0,0,0,0,0,0,0,489.703,0,115.496,-605.199
"MtrElec",7,5,14,"",0.0000156,0,0,0,0,0,0,0,0,0,0,0,0,0,0,0,0,0,0,0,0,460.072,0,188.95,-649.023
"MtrElec",7,5,15,"",0,0,0,0,0,0,0,0,0,0,0,0,0,0,0,0,0,0,0,0,0,444.455,0,168.454,-612.909
"MtrElec",7,5,16,"",0,0,0,0,0,0,0,0,0,0,0,0,0,0,0,0,0,0,0,0,0,456.841,0,75.9782,-532.819
"MtrElec",7,5,17,"",85.6249,0,0,0,0,0,0,0,0,0,0,0,0,0,0,0,0,0,0,0,0,489.267,0,0,-403.642
"MtrElec",7,5,18,"",239.291,0,0,0,0,0,0,0,0,0,0,0,0,0,0,0,0,0,0,0,0,489.373,0,0,-250.082
"MtrElec",7,5,19,"",179.324,0,0,0,0,0,0,0,0,0,0,0,0,0,0,0,0,0,0,0,0,500.779,0,-221.926,-99.5298
"MtrElec",7,5,20,"",185.032,0,0,0,0,0,0,0,0,0,0,0,0,0,0,0,0,0,0,0,0,428.227,0,-221.926,-21.2691
"MtrElec",7,5,21,"",171.487,0,0,0,0,0,0,0,0,0,0,0,0,0,0,0,0,0,0,0,0,343.698,0,-172.211,0
"MtrElec",7,5,22,"",316.805,0,0,0,0,0,0,0,0,0,0,0,0,0,0,0,0,0,0,0,0,316.805,0,0,0
"MtrElec",7,5,23,"",206.42,0,0,0,0,0,0,0,0,0,0,0,0,0,0,0,0,0,0,0,0,206.42,0,0,0
"MtrElec",7,5,24,"",246.734,0,0,0,0,0,0,0,0,0,0,0,0,0,0,0,0,0,0,0,0,246.734,0,0,0
"MtrElec",7,6,1,"",166.325,0,0,0,0,0,0,0,0,0,0,0,0,0,0,0,0,0,0,0,0,166.325,0,0,0
"MtrElec",7,6,2,"",154.14,0,0,0,0,0,0,0,0,0,0,0,0,0,0,0,0,0,0,0,0,154.14,0,0,0
"MtrElec",7,6,3,"",147.393,0,0,0,0,0,0,0,0,0,0,0,0,0,0,0,0,0,0,0,0,147.393,0,0,0
"MtrElec",7,6,4,"",148.838,0,0,0,0,0,0,0,0,0,0,0,0,0,0,0,0,0,0,0,0,148.838,0,0,0
"MtrElec",7,6,5,"",145.997,0,0,0,0,0,0,0,0,0,0,0,0,0,0,0,0,0,0,0,0,145.997,0,0,0
"MtrElec",7,6,6,"",195.437,0,0,0,0,0,0,0,0,0,0,0,0,0,0,0,0,0,0,0,0,195.437,0,0,0
"MtrElec",7,6,7,"",196.632,0,0,0,0,0,0,0,0,0,0,0,0,0,0,0,0,0,0,0,0,220.693,0,0,-24.0611
"MtrElec",7,6,8,"",157.321,0,0,0,0,0,0,0,0,0,0,0,0,0,0,0,0,0,0,0,0,259.167,0,0,-101.846
"MtrElec",7,6,9,"",128.671,0,0,0,0,0,0,0,0,0,0,0,0,0,0,0,0,0,0,0,0,346.677,0,0,-218.006
"MtrElec",7,6,10,"",-68.0124,0,0,0,0,0,0,0,0,0,0,0,0,0,0,0,0,0,0,0,0,362.325,0,0,-430.337
"MtrElec",7,6,11,"",0.0000078,0,0,0,0,0,0,0,0,0,0,0,0,0,0,0,0,0,0,0,0,434.028,0,95.1754,-529.203
"MtrElec",7,6,12,"",0,0,0,0,0,0,0,0,0,0,0,0,0,0,0,0,0,0,0,0,0,446.294,0,156.09,-602.384
"MtrElec",7,6,13,"",0.0000078,0,0,0,0,0,0,0,0,0,0,0,0,0,0,0,0,0,0,0,0,523.04,0,120.354,-643.394
"MtrElec",7,6,14,"",-32.3396,0,0,0,0,0,0,0,0,0,0,0,0,0,0,0,0,0,0,0,0,387.24,0,221.926,-641.506
"MtrElec",7,6,15,"",0.0000156,0,0,0,0,0,0,0,0,0,0,0,0,0,0,0,0,0,0,0,0,446.014,0,159.139,-605.154
"MtrElec",7,6,16,"",-34.8665,0,0,0,0,0,0,0,0,0,0,0,0,0,0,0,0,0,0,0,0,447.837,0,41.6977,-524.401
"MtrElec",7,6,17,"",37.084,0,0,0,0,0,0,0,0,0,0,0,0,0,0,0,0,0,0,0,0,440.92,0,0,-403.836
"MtrElec",7,6,18,"",219.476,0,0,0,0,0,0,0,0,0,0,0,0,0,0,0,0,0,0,0,0,472.96,0,0,-253.484
"MtrElec",7,6,19,"",103.67,0,0,0,0,0,0,0,0,0,0,0,0,0,0,0,0,0,0,0,0,425.323,0,-221.926,-99.7274
"MtrElec",7,6,20,"",141.454,0,0,0,0,0,0,0,0,0,0,0,0,0,0,0,0,0,0,0,0,383.6,0,-221.926,-20.2194
"MtrElec",7,6,21,"",94.5175,0,0,0,0,0,0,0,0,0,0,0,0,0,0,0,0,0,0,0,0,316.443,0,-221.926,0
"MtrElec",7,6,22,"",198.656,0,0,0,0,0,0,0,0,0,0,0,0,0,0,0,0,0,0,0,0,249.809,0,-51.1531,0
"MtrElec",7,6,23,"",265.088,0,0,0,0,0,0,0,0,0,0,0,0,0,0,0,0,0,0,0,0,265.088,0,0,0
"MtrElec",7,6,24,"",206.642,0,0,0,0,0,0,0,0,0,0,0,0,0,0,0,0,0,0,0,0,206.642,0,0,0
"MtrElec",7,7,1,"",194.996,0,0,0,0,0,0,0,0,0,0,0,0,0,0,0,0,0,0,0,0,194.996,0,0,0
"MtrElec",7,7,2,"",145.948,0,0,0,0,0,0,0,0,0,0,0,0,0,0,0,0,0,0,0,0,145.948,0,0,0
"MtrElec",7,7,3,"",142.722,0,0,0,0,0,0,0,0,0,0,0,0,0,0,0,0,0,0,0,0,142.722,0,0,0
"MtrElec",7,7,4,"",143.144,0,0,0,0,0,0,0,0,0,0,0,0,0,0,0,0,0,0,0,0,143.144,0,0,0
"MtrElec",7,7,5,"",136.715,0,0,0,0,0,0,0,0,0,0,0,0,0,0,0,0,0,0,0,0,136.715,0,0,0
"MtrElec",7,7,6,"",145.089,0,0,0,0,0,0,0,0,0,0,0,0,0,0,0,0,0,0,0,0,145.089,0,0,0
"MtrElec",7,7,7,"",221.574,0,0,0,0,0,0,0,0,0,0,0,0,0,0,0,0,0,0,0,0,247.291,0,0,-25.7174
"MtrElec",7,7,8,"",197.858,0,0,0,0,0,0,0,0,0,0,0,0,0,0,0,0,0,0,0,0,306.287,0,0,-108.429
"MtrElec",7,7,9,"",159.436,0,0,0,0,0,0,0,0,0,0,0,0,0,0,0,0,0,0,0,0,384.122,0,0,-224.685
"MtrElec",7,7,10,"",7.11181,0,0,0,0,0,0,0,0,0,0,0,0,0,0,0,0,0,0,0,0,442.899,0,0,-435.787
"MtrElec",7,7,11,"",0,0,0,0,0,0,0,0,0,0,0,0,0,0,0,0,0,0,0,0,0,526.428,0,25.6672,-552.096
"MtrElec",7,7,12,"",0,0,0,0,0,0,0,0,0,0,0,0,0,0,0,0,0,0,0,0,0,508.515,0,125.363,-633.877
"MtrElec",7,7,13,"",0,0,0,0,0,0,0,0,0,0,0,0,0,0,0,0,0,0,0,0,0,523.074,0,151.999,-675.074
"MtrElec",7,7,14,"",-47.4193,0,0,0,0,0,0,0,0,0,0,0,0,0,0,0,0,0,0,0,0,406.768,0,221.926,-676.113
"MtrElec",7,7,15,"",0,0,0,0,0,0,0,0,0,0,0,0,0,0,0,0,0,0,0,0,0,475.639,0,160.928,-636.566
"MtrElec",7,7,16,"",0.0000039,0,0,0,0,0,0,0,0,0,0,0,0,0,0,0,0,0,0,0,0,496.002,0,58.9561,-554.958
"MtrElec",7,7,17,"",48.6902,0,0,0,0,0,0,0,0,0,0,0,0,0,0,0,0,0,0,0,0,473.588,0,0,-424.898
"MtrElec",7,7,18,"",265.557,0,0,0,0,0,0,0,0,0,0,0,0,0,0,0,0,0,0,0,0,529.629,0,0,-264.072
"MtrElec",7,7,19,"",211.311,0,0,0,0,0,0,0,0,0,0,0,0,0,0,0,0,0,0,0,0,527.834,0,-221.926,-94.5971
"MtrElec",7,7,20,"",250.593,0,0,0,0,0,0,0,0,0,0,0,0,0,0,0,0,0,0,0,0,484.039,0,-221.926,-11.5208
"MtrElec",7,7,21,"",215.231,0,0,0,0,0,0,0,0,0,0,0,0,0,0,0,0,0,0,0,0,437.157,0,-221.926,0
"MtrElec",7,7,22,"",325.883,0,0,0,0,0,0,0,0,0,0,0,0,0,0,0,0,0,0,0,0,332.323,0,-6.43999,0
"MtrElec",7,7,23,"",238.007,0,0,0,0,0,0,0,0,0,0,0,0,0,0,0,0,0,0,0,0,238.007,0,0,0
"MtrElec",7,7,24,"",222.563,0,0,0,0,0,0,0,0,0,0,0,0,0,0,0,0,0,0,0,0,222.563,0,0,0
"MtrElec",7,8,1,"",148.267,0,0,0,0,0,0,0,0,0,0,0,0,0,0,0,0,0,0,0,0,148.267,0,0,0
"MtrElec",7,8,2,"",147.131,0,0,0,0,0,0,0,0,0,0,0,0,0,0,0,0,0,0,0,0,147.131,0,0,0
"MtrElec",7,8,3,"",147.175,0,0,0,0,0,0,0,0,0,0,0,0,0,0,0,0,0,0,0,0,147.175,0,0,0
"MtrElec",7,8,4,"",154.181,0,0,0,0,0,0,0,0,0,0,0,0,0,0,0,0,0,0,0,0,154.181,0,0,0
"MtrElec",7,8,5,"",146.625,0,0,0,0,0,0,0,0,0,0,0,0,0,0,0,0,0,0,0,0,146.625,0,0,0
"MtrElec",7,8,6,"",179.845,0,0,0,0,0,0,0,0,0,0,0,0,0,0,0,0,0,0,0,0,179.845,0,0,0
"MtrElec",7,8,7,"",226.339,0,0,0,0,0,0,0,0,0,0,0,0,0,0,0,0,0,0,0,0,248.481,0,0,-22.1423
"MtrElec",7,8,8,"",241.142,0,0,0,0,0,0,0,0,0,0,0,0,0,0,0,0,0,0,0,0,328.99,0,0,-87.8487
"MtrElec",7,8,9,"",243.556,0,0,0,0,0,0,0,0,0,0,0,0,0,0,0,0,0,0,0,0,418.151,0,0,-174.595
"MtrElec",7,8,10,"",62.0104,0,0,0,0,0,0,0,0,0,0,0,0,0,0,0,0,0,0,0,0,471.793,0,0,-409.783
"MtrElec",7,8,11,"",0,0,0,0,0,0,0,0,0,0,0,0,0,0,0,0,0,0,0,0,0,511.296,0,48.6049,-559.9
"MtrElec",7,8,12,"",0.0000078,0,0,0,0,0,0,0,0,0,0,0,0,0,0,0,0,0,0,0,0,544.571,0,83.7259,-628.297
"MtrElec",7,8,13,"",0,0,0,0,0,0,0,0,0,0,0,0,0,0,0,0,0,0,0,0,0,589.737,0,74.2614,-663.999
"MtrElec",7,8,14,"",-0.747563,0,0,0,0,0,0,0,0,0,0,0,0,0,0,0,0,0,0,0,0,454.275,0,221.926,-676.948
"MtrElec",7,8,15,"",0,0,0,0,0,0,0,0,0,0,0,0,0,0,0,0,0,0,0,0,0,521.726,0,111.112,-632.838
"MtrElec",7,8,16,"",0.0000039,0,0,0,0,0,0,0,0,0,0,0,0,0,0,0,0,0,0,0,0,495.767,0,55.0993,-550.866
"MtrElec",7,8,17,"",56.3402,0,0,0,0,0,0,0,0,0,0,0,0,0,0,0,0,0,0,0,0,481.531,0,0,-425.191
"MtrElec",7,8,18,"",286.503,0,0,0,0,0,0,0,0,0,0,0,0,0,0,0,0,0,0,0,0,551.74,0,0,-265.237
"MtrElec",7,8,19,"",201.954,0,0,0,0,0,0,0,0,0,0,0,0,0,0,0,0,0,0,0,0,518.413,0,-221.926,-94.5331
"MtrElec",7,8,20,"",256.756,0,0,0,0,0,0,0,0,0,0,0,0,0,0,0,0,0,0,0,0,490.212,0,-221.926,-11.5297
"MtrElec",7,8,21,"",343.016,0,0,0,0,0,0,0,0,0,0,0,0,0,0,0,0,0,0,0,0,435.908,0,-92.8913,0
"MtrElec",7,8,22,"",316.414,0,0,0,0,0,0,0,0,0,0,0,0,0,0,0,0,0,0,0,0,316.414,0,0,0
"MtrElec",7,8,23,"",255.586,0,0,0,0,0,0,0,0,0,0,0,0,0,0,0,0,0,0,0,0,255.586,0,0,0
"MtrElec",7,8,24,"",241.75,0,0,0,0,0,0,0,0,0,0,0,0,0,0,0,0,0,0,0,0,241.75,0,0,0
"MtrElec",7,9,1,"",196.768,0,0,0,0,0,0,0,0,0,0,0,0,0,0,0,0,0,0,0,0,196.768,0,0,0
"MtrElec",7,9,2,"",154.34,0,0,0,0,0,0,0,0,0,0,0,0,0,0,0,0,0,0,0,0,154.34,0,0,0
"MtrElec",7,9,3,"",153.699,0,0,0,0,0,0,0,0,0,0,0,0,0,0,0,0,0,0,0,0,153.699,0,0,0
"MtrElec",7,9,4,"",169.061,0,0,0,0,0,0,0,0,0,0,0,0,0,0,0,0,0,0,0,0,169.061,0,0,0
"MtrElec",7,9,5,"",147.4,0,0,0,0,0,0,0,0,0,0,0,0,0,0,0,0,0,0,0,0,147.4,0,0,0
"MtrElec",7,9,6,"",170.466,0,0,0,0,0,0,0,0,0,0,0,0,0,0,0,0,0,0,0,0,170.466,0,0,0
"MtrElec",7,9,7,"",243.848,0,0,0,0,0,0,0,0,0,0,0,0,0,0,0,0,0,0,0,0,262.309,0,0,-18.4613
"MtrElec",7,9,8,"",210.609,0,0,0,0,0,0,0,0,0,0,0,0,0,0,0,0,0,0,0,0,286.204,0,0,-75.5955
"MtrElec",7,9,9,"",184.151,0,0,0,0,0,0,0,0,0,0,0,0,0,0,0,0,0,0,0,0,343.968,0,0,-159.816
"MtrElec",7,9,10,"",59.5997,0,0,0,0,0,0,0,0,0,0,0,0,0,0,0,0,0,0,0,0,463.904,0,0,-404.305
"MtrElec",7,9,11,"",0.0000039,0,0,0,0,0,0,0,0,0,0,0,0,0,0,0,0,0,0,0,0,483.2,0,63.5222,-546.722
"MtrElec",7,9,12,"",0,0,0,0,0,0,0,0,0,0,0,0,0,0,0,0,0,0,0,0,0,505.969,0,106.935,-612.904
"MtrElec",7,9,13,"",0,0,0,0,0,0,0,0,0,0,0,0,0,0,0,0,0,0,0,0,0,501.359,0,162.347,-663.706
"MtrElec",7,9,14,"",-5.16625,0,0,0,0,0,0,0,0,0,0,0,0,0,0,0,0,0,0,0,0,438.808,0,221.926,-665.9
"MtrElec",7,9,15,"",0,0,0,0,0,0,0,0,0,0,0,0,0,0,0,0,0,0,0,0,0,483.749,0,135.103,-618.852
"MtrElec",7,9,16,"",0.0000039,0,0,0,0,0,0,0,0,0,0,0,0,0,0,0,0,0,0,0,0,489.407,0,40.5939,-530.001
"MtrElec",7,9,17,"",91.2383,0,0,0,0,0,0,0,0,0,0,0,0,0,0,0,0,0,0,0,0,499.998,0,0,-408.76
"MtrElec",7,9,18,"",278.962,0,0,0,0,0,0,0,0,0,0,0,0,0,0,0,0,0,0,0,0,533.553,0,0,-254.59
"MtrElec",7,9,19,"",200.01,0,0,0,0,0,0,0,0,0,0,0,0,0,0,0,0,0,0,0,0,521.368,0,-221.926,-99.4329
"MtrElec",7,9,20,"",240.733,0,0,0,0,0,0,0,0,0,0,0,0,0,0,0,0,0,0,0,0,482.234,0,-221.926,-19.5754
"MtrElec",7,9,21,"",218.57,0,0,0,0,0,0,0,0,0,0,0,0,0,0,0,0,0,0,0,0,433.929,0,-215.359,0
"MtrElec",7,9,22,"",263.746,0,0,0,0,0,0,0,0,0,0,0,0,0,0,0,0,0,0,0,0,263.746,0,0,0
"MtrElec",7,9,23,"",230.894,0,0,0,0,0,0,0,0,0,0,0,0,0,0,0,0,0,0,0,0,230.894,0,0,0
"MtrElec",7,9,24,"",227.015,0,0,0,0,0,0,0,0,0,0,0,0,0,0,0,0,0,0,0,0,227.015,0,0,0
"MtrElec",7,10,1,"",161.609,0,0,0,0,0,0,0,0,0,0,0,0,0,0,0,0,0,0,0,0,161.609,0,0,0
"MtrElec",7,10,2,"",147.831,0,0,0,0,0,0,0,0,0,0,0,0,0,0,0,0,0,0,0,0,147.831,0,0,0
"MtrElec",7,10,3,"",144.913,0,0,0,0,0,0,0,0,0,0,0,0,0,0,0,0,0,0,0,0,144.913,0,0,0
"MtrElec",7,10,4,"",153.983,0,0,0,0,0,0,0,0,0,0,0,0,0,0,0,0,0,0,0,0,153.983,0,0,0
"MtrElec",7,10,5,"",183.39,0,0,0,0,0,0,0,0,0,0,0,0,0,0,0,0,0,0,0,0,183.39,0,0,0
"MtrElec",7,10,6,"",151.062,0,0,0,0,0,0,0,0,0,0,0,0,0,0,0,0,0,0,0,0,151.062,0,0,0
"MtrElec",7,10,7,"",244.384,0,0,0,0,0,0,0,0,0,0,0,0,0,0,0,0,0,0,0,0,260.937,0,0,-16.553
"MtrElec",7,10,8,"",270.054,0,0,0,0,0,0,0,0,0,0,0,0,0,0,0,0,0,0,0,0,344.292,0,0,-74.2379
"MtrElec",7,10,9,"",221.12,0,0,0,0,0,0,0,0,0,0,0,0,0,0,0,0,0,0,0,0,343.654,0,0,-122.534
"MtrElec",7,10,10,"",284.991,0,0,0,0,0,0,0,0,0,0,0,0,0,0,0,0,0,0,0,0,420.529,0,0,-135.538
"MtrElec",7,10,11,"",83.5005,0,0,0,0,0,0,0,0,0,0,0,0,0,0,0,0,0,0,0,0,499.251,0,0,-415.75
"MtrElec",7,10,12,"",0.0000001,0,0,0,0,0,0,0,0,0,0,0,0,0,0,0,0,0,0,0,0,492.269,0,0.557125,-492.827
"MtrElec",7,10,13,"",38.9594,0,0,0,0,0,0,0,0,0,0,0,0,0,0,0,0,0,0,0,0,514.571,0,0,-475.612
"MtrElec",7,10,14,"",82.5952,0,0,0,0,0,0,0,0,0,0,0,0,0,0,0,0,0,0,0,0,443.281,0,0,-360.686
"MtrElec",7,10,15,"",119.858,0,0,0,0,0,0,0,0,0,0,0,0,0,0,0,0,0,0,0,0,453.04,0,0,-333.182
"MtrElec",7,10,16,"",0,0,0,0,0,0,0,0,0,0,0,0,0,0,0,0,0,0,0,0,0,481.221,0,8.89987,-490.121
"MtrElec",7,10,17,"",119.198,0,0,0,0,0,0,0,0,0,0,0,0,0,0,0,0,0,0,0,0,506.048,0,0,-386.849
"MtrElec",7,10,18,"",279.125,0,0,0,0,0,0,0,0,0,0,0,0,0,0,0,0,0,0,0,0,512.135,0,0,-233.01
"MtrElec",7,10,19,"",359.364,0,0,0,0,0,0,0,0,0,0,0,0,0,0,0,0,0,0,0,0,464.733,0,-8.53494,-96.8348
"MtrElec",7,10,20,"",416.31,0,0,0,0,0,0,0,0,0,0,0,0,0,0,0,0,0,0,0,0,435.949,0,0,-19.6392
"MtrElec",7,10,21,"",421.611,0,0,0,0,0,0,0,0,0,0,0,0,0,0,0,0,0,0,0,0,421.611,0,0,0
"MtrElec",7,10,22,"",302.182,0,0,0,0,0,0,0,0,0,0,0,0,0,0,0,0,0,0,0,0,302.182,0,0,0
"MtrElec",7,10,23,"",270.568,0,0,0,0,0,0,0,0,0,0,0,0,0,0,0,0,0,0,0,0,270.568,0,0,0
"MtrElec",7,10,24,"",190.222,0,0,0,0,0,0,0,0,0,0,0,0,0,0,0,0,0,0,0,0,190.222,0,0,0
"MtrElec",7,11,1,"",166.433,0,0,0,0,0,0,0,0,0,0,0,0,0,0,0,0,0,0,0,0,166.433,0,0,0
"MtrElec",7,11,2,"",147.506,0,0,0,0,0,0,0,0,0,0,0,0,0,0,0,0,0,0,0,0,147.506,0,0,0
"MtrElec",7,11,3,"",146.038,0,0,0,0,0,0,0,0,0,0,0,0,0,0,0,0,0,0,0,0,146.038,0,0,0
"MtrElec",7,11,4,"",181.132,0,0,0,0,0,0,0,0,0,0,0,0,0,0,0,0,0,0,0,0,181.132,0,0,0
"MtrElec",7,11,5,"",144.41,0,0,0,0,0,0,0,0,0,0,0,0,0,0,0,0,0,0,0,0,144.41,0,0,0
"MtrElec",7,11,6,"",148.075,0,0,0,0,0,0,0,0,0,0,0,0,0,0,0,0,0,0,0,0,148.075,0,0,0
"MtrElec",7,11,7,"",171.297,0,0,0,0,0,0,0,0,0,0,0,0,0,0,0,0,0,0,0,0,181.208,0,0,-9.91065
"MtrElec",7,11,8,"",188.119,0,0,0,0,0,0,0,0,0,0,0,0,0,0,0,0,0,0,0,0,239.155,0,0,-51.0359
"MtrElec",7,11,9,"",177.482,0,0,0,0,0,0,0,0,0,0,0,0,0,0,0,0,0,0,0,0,277.392,0,0,-99.9099
"MtrElec",7,11,10,"",221.231,0,0,0,0,0,0,0,0,0,0,0,0,0,0,0,0,0,0,0,0,416.762,0,0,-195.531
"MtrElec",7,11,11,"",26.9526,0,0,0,0,0,0,0,0,0,0,0,0,0,0,0,0,0,0,0,0,438.794,0,0,-411.842
"MtrElec",7,11,12,"",0.0000078,0,0,0,0,0,0,0,0,0,0,0,0,0,0,0,0,0,0,0,0,517.625,0,124.811,-642.436
"MtrElec",7,11,13,"",0.0000156,0,0,0,0,0,0,0,0,0,0,0,0,0,0,0,0,0,0,0,0,487.274,0,207.753,-695.027
"MtrElec",7,11,14,"",0.0000156,0,0,0,0,0,0,0,0,0,0,0,0,0,0,0,0,0,0,0,0,480.225,0,212.41,-692.634
"MtrElec",7,11,15,"",0.0000156,0,0,0,0,0,0,0,0,0,0,0,0,0,0,0,0,0,0,0,0,502.185,0,145.539,-647.724
"MtrElec",7,11,16,"",-2.60346,0,0,0,0,0,0,0,0,0,0,0,0,0,0,0,0,0,0,0,0,456.694,0,103.87,-563.168
"MtrElec",7,11,17,"",52.5822,0,0,0,0,0,0,0,0,0,0,0,0,0,0,0,0,0,0,0,0,488.642,0,0,-436.06
"MtrElec",7,11,18,"",265.531,0,0,0,0,0,0,0,0,0,0,0,0,0,0,0,0,0,0,0,0,538.961,0,0,-273.43
"MtrElec",7,11,19,"",171.521,0,0,0,0,0,0,0,0,0,0,0,0,0,0,0,0,0,0,0,0,489.608,0,-221.926,-96.1608
"MtrElec",7,11,20,"",168.163,0,0,0,0,0,0,0,0,0,0,0,0,0,0,0,0,0,0,0,0,399.258,0,-221.926,-9.16956
"MtrElec",7,11,21,"",115.165,0,0,0,0,0,0,0,0,0,0,0,0,0,0,0,0,0,0,0,0,337.09,0,-221.926,0
"MtrElec",7,11,22,"",260.044,0,0,0,0,0,0,0,0,0,0,0,0,0,0,0,0,0,0,0,0,311.197,0,-51.1531,0
"MtrElec",7,11,23,"",237.9,0,0,0,0,0,0,0,0,0,0,0,0,0,0,0,0,0,0,0,0,237.9,0,0,0
"MtrElec",7,11,24,"",207.69,0,0,0,0,0,0,0,0,0,0,0,0,0,0,0,0,0,0,0,0,207.69,0,0,0
"MtrElec",7,12,1,"",156.813,0,0,0,0,0,0,0,0,0,0,0,0,0,0,0,0,0,0,0,0,156.813,0,0,0
"MtrElec",7,12,2,"",145.551,0,0,0,0,0,0,0,0,0,0,0,0,0,0,0,0,0,0,0,0,145.551,0,0,0
"MtrElec",7,12,3,"",145.492,0,0,0,0,0,0,0,0,0,0,0,0,0,0,0,0,0,0,0,0,145.492,0,0,0
"MtrElec",7,12,4,"",145.706,0,0,0,0,0,0,0,0,0,0,0,0,0,0,0,0,0,0,0,0,145.706,0,0,0
"MtrElec",7,12,5,"",170.806,0,0,0,0,0,0,0,0,0,0,0,0,0,0,0,0,0,0,0,0,170.806,0,0,0
"MtrElec",7,12,6,"",183.068,0,0,0,0,0,0,0,0,0,0,0,0,0,0,0,0,0,0,0,0,183.068,0,0,0
"MtrElec",7,12,7,"",133.75,0,0,0,0,0,0,0,0,0,0,0,0,0,0,0,0,0,0,0,0,149.443,0,0,-15.6924
"MtrElec",7,12,8,"",100.246,0,0,0,0,0,0,0,0,0,0,0,0,0,0,0,0,0,0,0,0,216.546,0,0,-116.3
"MtrElec",7,12,9,"",-13.8687,0,0,0,0,0,0,0,0,0,0,0,0,0,0,0,0,0,0,0,0,277.398,0,0,-291.267
"MtrElec",7,12,10,"",-57.4147,0,0,0,0,0,0,0,0,0,0,0,0,0,0,0,0,0,0,0,0,395.723,0,0,-453.138
"MtrElec",7,12,11,"",0.0000078,0,0,0,0,0,0,0,0,0,0,0,0,0,0,0,0,0,0,0,0,474.513,0,95.4663,-569.979
"MtrElec",7,12,12,"",0,0,0,0,0,0,0,0,0,0,0,0,0,0,0,0,0,0,0,0,0,458.237,0,182.76,-640.996
"MtrElec",7,12,13,"",-55.5002,0,0,0,0,0,0,0,0,0,0,0,0,0,0,0,0,0,0,0,0,413.347,0,221.926,-690.773
"MtrElec",7,12,14,"",-53.2445,0,0,0,0,0,0,0,0,0,0,0,0,0,0,0,0,0,0,0,0,411.647,0,221.926,-686.818
"MtrElec",7,12,15,"",-139.462,0,0,0,0,0,0,0,0,0,0,0,0,0,0,0,0,0,0,0,0,436.884,0,72.3054,-648.65
"MtrElec",7,12,16,"",-116.004,0,0,0,0,0,0,0,0,0,0,0,0,0,0,0,0,0,0,0,0,448.383,0,0,-564.386
"MtrElec",7,12,17,"",13.9462,0,0,0,0,0,0,0,0,0,0,0,0,0,0,0,0,0,0,0,0,449.638,0,0,-435.692
"MtrElec",7,12,18,"",176.96,0,0,0,0,0,0,0,0,0,0,0,0,0,0,0,0,0,0,0,0,450.965,0,0,-274.006
"MtrElec",7,12,19,"",121.772,0,0,0,0,0,0,0,0,0,0,0,0,0,0,0,0,0,0,0,0,439.183,0,-221.926,-95.4856
"MtrElec",7,12,20,"",155.885,0,0,0,0,0,0,0,0,0,0,0,0,0,0,0,0,0,0,0,0,386.34,0,-221.926,-8.52893
"MtrElec",7,12,21,"",102.431,0,0,0,0,0,0,0,0,0,0,0,0,0,0,0,0,0,0,0,0,324.357,0,-221.926,0
"MtrElec",7,12,22,"",235.129,0,0,0,0,0,0,0,0,0,0,0,0,0,0,0,0,0,0,0,0,286.282,0,-51.1531,0
"MtrElec",7,12,23,"",243.571,0,0,0,0,0,0,0,0,0,0,0,0,0,0,0,0,0,0,0,0,243.571,0,0,0
"MtrElec",7,12,24,"",195.04,0,0,0,0,0,0,0,0,0,0,0,0,0,0,0,0,0,0,0,0,195.04,0,0,0
"MtrElec",7,13,1,"",159.228,0,0,0,0,0,0,0,0,0,0,0,0,0,0,0,0,0,0,0,0,159.228,0,0,0
"MtrElec",7,13,2,"",147.4,0,0,0,0,0,0,0,0,0,0,0,0,0,0,0,0,0,0,0,0,147.4,0,0,0
"MtrElec",7,13,3,"",176.884,0,0,0,0,0,0,0,0,0,0,0,0,0,0,0,0,0,0,0,0,176.884,0,0,0
"MtrElec",7,13,4,"",149.75,0,0,0,0,0,0,0,0,0,0,0,0,0,0,0,0,0,0,0,0,149.75,0,0,0
"MtrElec",7,13,5,"",135.921,0,0,0,0,0,0,0,0,0,0,0,0,0,0,0,0,0,0,0,0,135.921,0,0,0
"MtrElec",7,13,6,"",144.717,0,0,0,0,0,0,0,0,0,0,0,0,0,0,0,0,0,0,0,0,144.717,0,0,0
"MtrElec",7,13,7,"",227.782,0,0,0,0,0,0,0,0,0,0,0,0,0,0,0,0,0,0,0,0,241.886,0,0,-14.1041
"MtrElec",7,13,8,"",247.736,0,0,0,0,0,0,0,0,0,0,0,0,0,0,0,0,0,0,0,0,361.69,0,0,-113.954
"MtrElec",7,13,9,"",157.263,0,0,0,0,0,0,0,0,0,0,0,0,0,0,0,0,0,0,0,0,443.974,0,0,-286.711
"MtrElec",7,13,10,"",76.5843,0,0,0,0,0,0,0,0,0,0,0,0,0,0,0,0,0,0,0,0,510.647,0,0,-434.063
"MtrElec",7,13,11,"",0.0228125,0,0,0,0,0,0,0,0,0,0,0,0,0,0,0,0,0,0,0,0,542.452,0,0,-542.429
"MtrElec",7,13,12,"",0,0,0,0,0,0,0,0,0,0,0,0,0,0,0,0,0,0,0,0,0,554.657,0,72.6948,-627.352
"MtrElec",7,13,13,"",0,0,0,0,0,0,0,0,0,0,0,0,0,0,0,0,0,0,0,0,0,572.189,0,99.9701,-672.159
"MtrElec",7,13,14,"",0,0,0,0,0,0,0,0,0,0,0,0,0,0,0,0,0,0,0,0,0,469.381,0,195.928,-665.308
"MtrElec",7,13,15,"",0.0000078,0,0,0,0,0,0,0,0,0,0,0,0,0,0,0,0,0,0,0,0,522.699,0,96.6936,-619.393
"MtrElec",7,13,16,"",0,0,0,0,0,0,0,0,0,0,0,0,0,0,0,0,0,0,0,0,0,484.145,0,57.1299,-541.275
"MtrElec",7,13,17,"",136.817,0,0,0,0,0,0,0,0,0,0,0,0,0,0,0,0,0,0,0,0,557.366,0,0,-420.549
"MtrElec",7,13,18,"",263.954,0,0,0,0,0,0,0,0,0,0,0,0,0,0,0,0,0,0,0,0,525.8,0,0,-261.847
"MtrElec",7,13,19,"",204.216,0,0,0,0,0,0,0,0,0,0,0,0,0,0,0,0,0,0,0,0,518.202,0,-221.926,-92.0603
"MtrElec",7,13,20,"",271.253,0,0,0,0,0,0,0,0,0,0,0,0,0,0,0,0,0,0,0,0,503.366,0,-221.926,-10.1873
"MtrElec",7,13,21,"",433.337,0,0,0,0,0,0,0,0,0,0,0,0,0,0,0,0,0,0,0,0,460.966,0,-27.629,0
"MtrElec",7,13,22,"",333.955,0,0,0,0,0,0,0,0,0,0,0,0,0,0,0,0,0,0,0,0,333.955,0,0,0
"MtrElec",7,13,23,"",302.082,0,0,0,0,0,0,0,0,0,0,0,0,0,0,0,0,0,0,0,0,302.082,0,0,0
"MtrElec",7,13,24,"",228.66,0,0,0,0,0,0,0,0,0,0,0,0,0,0,0,0,0,0,0,0,228.66,0,0,0
"MtrElec",7,14,1,"",199.034,0,0,0,0,0,0,0,0,0,0,0,0,0,0,0,0,0,0,0,0,199.034,0,0,0
"MtrElec",7,14,2,"",150.536,0,0,0,0,0,0,0,0,0,0,0,0,0,0,0,0,0,0,0,0,150.536,0,0,0
"MtrElec",7,14,3,"",184.289,0,0,0,0,0,0,0,0,0,0,0,0,0,0,0,0,0,0,0,0,184.289,0,0,0
"MtrElec",7,14,4,"",151.78,0,0,0,0,0,0,0,0,0,0,0,0,0,0,0,0,0,0,0,0,151.78,0,0,0
"MtrElec",7,14,5,"",141.96,0,0,0,0,0,0,0,0,0,0,0,0,0,0,0,0,0,0,0,0,141.96,0,0,0
"MtrElec",7,14,6,"",151.29,0,0,0,0,0,0,0,0,0,0,0,0,0,0,0,0,0,0,0,0,151.29,0,0,0
"MtrElec",7,14,7,"",238.816,0,0,0,0,0,0,0,0,0,0,0,0,0,0,0,0,0,0,0,0,261.741,0,0,-22.9252
"MtrElec",7,14,8,"",234.629,0,0,0,0,0,0,0,0,0,0,0,0,0,0,0,0,0,0,0,0,347.557,0,0,-112.928
"MtrElec",7,14,9,"",164.192,0,0,0,0,0,0,0,0,0,0,0,0,0,0,0,0,0,0,0,0,395.071,0,0,-230.879
"MtrElec",7,14,10,"",140.084,0,0,0,0,0,0,0,0,0,0,0,0,0,0,0,0,0,0,0,0,494.494,0,0,-354.41
"MtrElec",7,14,11,"",60.6266,0,0,0,0,0,0,0,0,0,0,0,0,0,0,0,0,0,0,0,0,547.57,0,0,-486.943
"MtrElec",7,14,12,"",0.555,0,0,0,0,0,0,0,0,0,0,0,0,0,0,0,0,0,0,0,0,535.14,0,0,-534.585
"MtrElec",7,14,13,"",0.0000078,0,0,0,0,0,0,0,0,0,0,0,0,0,0,0,0,0,0,0,0,520.88,0,84.7765,-605.657
"MtrElec",7,14,14,"",0,0,0,0,0,0,0,0,0,0,0,0,0,0,0,0,0,0,0,0,0,500.81,0,150.913,-651.723
"MtrElec",7,14,15,"",0,0,0,0,0,0,0,0,0,0,0,0,0,0,0,0,0,0,0,0,0,547.659,0,61.8399,-609.499
"MtrElec",7,14,16,"",17.4501,0,0,0,0,0,0,0,0,0,0,0,0,0,0,0,0,0,0,0,0,543.943,0,0,-526.493
"MtrElec",7,14,17,"",133.994,0,0,0,0,0,0,0,0,0,0,0,0,0,0,0,0,0,0,0,0,543.54,0,0,-409.546
"MtrElec",7,14,18,"",301.918,0,0,0,0,0,0,0,0,0,0,0,0,0,0,0,0,0,0,0,0,555.629,0,0,-253.711
"MtrElec",7,14,19,"",198.973,0,0,0,0,0,0,0,0,0,0,0,0,0,0,0,0,0,0,0,0,502.465,0,-221.926,-81.5665
"MtrElec",7,14,20,"",425.055,0,0,0,0,0,0,0,0,0,0,0,0,0,0,0,0,0,0,0,0,481.951,0,-46.5944,-10.3017
"MtrElec",7,14,21,"",454.129,0,0,0,0,0,0,0,0,0,0,0,0,0,0,0,0,0,0,0,0,454.129,0,0,0
"MtrElec",7,14,22,"",316.538,0,0,0,0,0,0,0,0,0,0,0,0,0,0,0,0,0,0,0,0,316.538,0,0,0
"MtrElec",7,14,23,"",256.889,0,0,0,0,0,0,0,0,0,0,0,0,0,0,0,0,0,0,0,0,256.889,0,0,0
"MtrElec",7,14,24,"",258.143,0,0,0,0,0,0,0,0,0,0,0,0,0,0,0,0,0,0,0,0,258.143,0,0,0
"MtrElec",7,15,1,"",169.4,0,0,0,0,0,0,0,0,0,0,0,0,0,0,0,0,0,0,0,0,169.4,0,0,0
"MtrElec",7,15,2,"",153.389,0,0,0,0,0,0,0,0,0,0,0,0,0,0,0,0,0,0,0,0,153.389,0,0,0
"MtrElec",7,15,3,"",148.305,0,0,0,0,0,0,0,0,0,0,0,0,0,0,0,0,0,0,0,0,148.305,0,0,0
"MtrElec",7,15,4,"",144.747,0,0,0,0,0,0,0,0,0,0,0,0,0,0,0,0,0,0,0,0,144.747,0,0,0
"MtrElec",7,15,5,"",138.832,0,0,0,0,0,0,0,0,0,0,0,0,0,0,0,0,0,0,0,0,138.832,0,0,0
"MtrElec",7,15,6,"",195.261,0,0,0,0,0,0,0,0,0,0,0,0,0,0,0,0,0,0,0,0,195.261,0,0,0
"MtrElec",7,15,7,"",262.15,0,0,0,0,0,0,0,0,0,0,0,0,0,0,0,0,0,0,0,0,279.954,0,0,-17.8043
"MtrElec",7,15,8,"",262.156,0,0,0,0,0,0,0,0,0,0,0,0,0,0,0,0,0,0,0,0,371.104,0,0,-108.948
"MtrElec",7,15,9,"",217.987,0,0,0,0,0,0,0,0,0,0,0,0,0,0,0,0,0,0,0,0,487.1,0,0,-269.113
"MtrElec",7,15,10,"",90.9282,0,0,0,0,0,0,0,0,0,0,0,0,0,0,0,0,0,0,0,0,505.44,0,0,-414.512
"MtrElec",7,15,11,"",0,0,0,0,0,0,0,0,0,0,0,0,0,0,0,0,0,0,0,0,0,527.002,0,6.46794,-533.47
"MtrElec",7,15,12,"",0.0000078,0,0,0,0,0,0,0,0,0,0,0,0,0,0,0,0,0,0,0,0,535.948,0,70.3634,-606.312
"MtrElec",7,15,13,"",0,0,0,0,0,0,0,0,0,0,0,0,0,0,0,0,0,0,0,0,0,537.88,0,106.54,-644.419
"MtrElec",7,15,14,"",0,0,0,0,0,0,0,0,0,0,0,0,0,0,0,0,0,0,0,0,0,495.228,0,157.701,-652.929
"MtrElec",7,15,15,"",0.0000078,0,0,0,0,0,0,0,0,0,0,0,0,0,0,0,0,0,0,0,0,492.246,0,107.829,-600.074
"MtrElec",7,15,16,"",0.0000039,0,0,0,0,0,0,0,0,0,0,0,0,0,0,0,0,0,0,0,0,481.016,0,34.2564,-515.273
"MtrElec",7,15,17,"",138.97,0,0,0,0,0,0,0,0,0,0,0,0,0,0,0,0,0,0,0,0,542.411,0,0,-403.44
"MtrElec",7,15,18,"",308.761,0,0,0,0,0,0,0,0,0,0,0,0,0,0,0,0,0,0,0,0,560.894,0,0,-252.134
"MtrElec",7,15,19,"",206.859,0,0,0,0,0,0,0,0,0,0,0,0,0,0,0,0,0,0,0,0,521.368,0,-221.926,-92.5834
"MtrElec",7,15,20,"",280.929,0,0,0,0,0,0,0,0,0,0,0,0,0,0,0,0,0,0,0,0,507.849,0,-214.124,-12.7958
"MtrElec",7,15,21,"",518.154,0,0,0,0,0,0,0,0,0,0,0,0,0,0,0,0,0,0,0,0,518.154,0,0,0
"MtrElec",7,15,22,"",354.654,0,0,0,0,0,0,0,0,0,0,0,0,0,0,0,0,0,0,0,0,354.654,0,0,0
"MtrElec",7,15,23,"",240.375,0,0,0,0,0,0,0,0,0,0,0,0,0,0,0,0,0,0,0,0,240.375,0,0,0
"MtrElec",7,15,24,"",238.345,0,0,0,0,0,0,0,0,0,0,0,0,0,0,0,0,0,0,0,0,238.345,0,0,0
"MtrElec",7,16,1,"",157.589,0,0,0,0,0,0,0,0,0,0,0,0,0,0,0,0,0,0,0,0,157.589,0,0,0
"MtrElec",7,16,2,"",146.054,0,0,0,0,0,0,0,0,0,0,0,0,0,0,0,0,0,0,0,0,146.054,0,0,0
"MtrElec",7,16,3,"",141.24,0,0,0,0,0,0,0,0,0,0,0,0,0,0,0,0,0,0,0,0,141.24,0,0,0
"MtrElec",7,16,4,"",157.661,0,0,0,0,0,0,0,0,0,0,0,0,0,0,0,0,0,0,0,0,157.661,0,0,0
"MtrElec",7,16,5,"",175.94,0,0,0,0,0,0,0,0,0,0,0,0,0,0,0,0,0,0,0,0,175.94,0,0,0
"MtrElec",7,16,6,"",149.317,0,0,0,0,0,0,0,0,0,0,0,0,0,0,0,0,0,0,0,0,149.317,0,0,0
"MtrElec",7,16,7,"",257.781,0,0,0,0,0,0,0,0,0,0,0,0,0,0,0,0,0,0,0,0,267.662,0,0,-9.88097
"MtrElec",7,16,8,"",289.811,0,0,0,0,0,0,0,0,0,0,0,0,0,0,0,0,0,0,0,0,341.344,0,0,-51.5331
"MtrElec",7,16,9,"",317.917,0,0,0,0,0,0,0,0,0,0,0,0,0,0,0,0,0,0,0,0,430.441,0,0,-112.525
"MtrElec",7,16,10,"",174.195,0,0,0,0,0,0,0,0,0,0,0,0,0,0,0,0,0,0,0,0,489.717,0,0,-315.522
"MtrElec",7,16,11,"",0,0,0,0,0,0,0,0,0,0,0,0,0,0,0,0,0,0,0,0,0,491.638,0,48.8073,-540.445
"MtrElec",7,16,12,"",0.0000078,0,0,0,0,0,0,0,0,0,0,0,0,0,0,0,0,0,0,0,0,489.826,0,129.521,-619.347
"MtrElec",7,16,13,"",0,0,0,0,0,0,0,0,0,0,0,0,0,0,0,0,0,0,0,0,0,535.74,0,131.641,-667.381
"MtrElec",7,16,14,"",0,0,0,0,0,0,0,0,0,0,0,0,0,0,0,0,0,0,0,0,0,478,0,191.778,-669.778
"MtrElec",7,16,15,"",0,0,0,0,0,0,0,0,0,0,0,0,0,0,0,0,0,0,0,0,0,459.663,0,166.095,-625.758
"MtrElec",7,16,16,"",0.0000039,0,0,0,0,0,0,0,0,0,0,0,0,0,0,0,0,0,0,0,0,479.525,0,62.3215,-541.847
"MtrElec",7,16,17,"",101.706,0,0,0,0,0,0,0,0,0,0,0,0,0,0,0,0,0,0,0,0,523.6,0,0,-421.894
"MtrElec",7,16,18,"",279.22,0,0,0,0,0,0,0,0,0,0,0,0,0,0,0,0,0,0,0,0,543.967,0,0,-264.747
"MtrElec",7,16,19,"",217.647,0,0,0,0,0,0,0,0,0,0,0,0,0,0,0,0,0,0,0,0,533.369,0,-221.926,-93.7962
"MtrElec",7,16,20,"",243.473,0,0,0,0,0,0,0,0,0,0,0,0,0,0,0,0,0,0,0,0,475.86,0,-221.926,-10.4621
"MtrElec",7,16,21,"",234.995,0,0,0,0,0,0,0,0,0,0,0,0,0,0,0,0,0,0,0,0,450.116,0,-215.121,0
"MtrElec",7,16,22,"",307.438,0,0,0,0,0,0,0,0,0,0,0,0,0,0,0,0,0,0,0,0,307.438,0,0,0
"MtrElec",7,16,23,"",253.707,0,0,0,0,0,0,0,0,0,0,0,0,0,0,0,0,0,0,0,0,253.707,0,0,0
"MtrElec",7,16,24,"",195.198,0,0,0,0,0,0,0,0,0,0,0,0,0,0,0,0,0,0,0,0,195.198,0,0,0
"MtrElec",7,17,1,"",155.148,0,0,0,0,0,0,0,0,0,0,0,0,0,0,0,0,0,0,0,0,155.148,0,0,0
"MtrElec",7,17,2,"",149.145,0,0,0,0,0,0,0,0,0,0,0,0,0,0,0,0,0,0,0,0,149.145,0,0,0
"MtrElec",7,17,3,"",140.899,0,0,0,0,0,0,0,0,0,0,0,0,0,0,0,0,0,0,0,0,140.899,0,0,0
"MtrElec",7,17,4,"",141.838,0,0,0,0,0,0,0,0,0,0,0,0,0,0,0,0,0,0,0,0,141.838,0,0,0
"MtrElec",7,17,5,"",140.122,0,0,0,0,0,0,0,0,0,0,0,0,0,0,0,0,0,0,0,0,140.122,0,0,0
"MtrElec",7,17,6,"",180.389,0,0,0,0,0,0,0,0,0,0,0,0,0,0,0,0,0,0,0,0,180.389,0,0,0
"MtrElec",7,17,7,"",205.716,0,0,0,0,0,0,0,0,0,0,0,0,0,0,0,0,0,0,0,0,225.537,0,0,-19.8206
"MtrElec",7,17,8,"",182.142,0,0,0,0,0,0,0,0,0,0,0,0,0,0,0,0,0,0,0,0,273.684,0,0,-91.5417
"MtrElec",7,17,9,"",164.971,0,0,0,0,0,0,0,0,0,0,0,0,0,0,0,0,0,0,0,0,356.729,0,0,-191.758
"MtrElec",7,17,10,"",30.3531,0,0,0,0,0,0,0,0,0,0,0,0,0,0,0,0,0,0,0,0,406.956,0,0,-376.603
"MtrElec",7,17,11,"",0,0,0,0,0,0,0,0,0,0,0,0,0,0,0,0,0,0,0,0,0,412.313,0,144.968,-557.281
"MtrElec",7,17,12,"",0,0,0,0,0,0,0,0,0,0,0,0,0,0,0,0,0,0,0,0,0,454.872,0,157.459,-612.332
"MtrElec",7,17,13,"",0,0,0,0,0,0,0,0,0,0,0,0,0,0,0,0,0,0,0,0,0,507.051,0,155.738,-662.789
"MtrElec",7,17,14,"",-24.608,0,0,0,0,0,0,0,0,0,0,0,0,0,0,0,0,0,0,0,0,424.44,0,221.926,-670.973
"MtrElec",7,17,15,"",-35.1673,0,0,0,0,0,0,0,0,0,0,0,0,0,0,0,0,0,0,0,0,480.999,0,114.291,-630.458
"MtrElec",7,17,16,"",-103.991,0,0,0,0,0,0,0,0,0,0,0,0,0,0,0,0,0,0,0,0,439.48,0,0,-543.471
"MtrElec",7,17,17,"",87.5646,0,0,0,0,0,0,0,0,0,0,0,0,0,0,0,0,0,0,0,0,510.449,0,0,-422.885
"MtrElec",7,17,18,"",234.967,0,0,0,0,0,0,0,0,0,0,0,0,0,0,0,0,0,0,0,0,498.108,0,0,-263.141
"MtrElec",7,17,19,"",208.821,0,0,0,0,0,0,0,0,0,0,0,0,0,0,0,0,0,0,0,0,523.241,0,-221.926,-92.4944
"MtrElec",7,17,20,"",283.003,0,0,0,0,0,0,0,0,0,0,0,0,0,0,0,0,0,0,0,0,515.373,0,-221.926,-10.444
"MtrElec",7,17,21,"",205.725,0,0,0,0,0,0,0,0,0,0,0,0,0,0,0,0,0,0,0,0,427.65,0,-221.926,0
"MtrElec",7,17,22,"",248.005,0,0,0,0,0,0,0,0,0,0,0,0,0,0,0,0,0,0,0,0,299.158,0,-51.1531,0
"MtrElec",7,17,23,"",261.088,0,0,0,0,0,0,0,0,0,0,0,0,0,0,0,0,0,0,0,0,261.088,0,0,0
"MtrElec",7,17,24,"",215.865,0,0,0,0,0,0,0,0,0,0,0,0,0,0,0,0,0,0,0,0,215.865,0,0,0
"MtrElec",7,18,1,"",172.795,0,0,0,0,0,0,0,0,0,0,0,0,0,0,0,0,0,0,0,0,172.795,0,0,0
"MtrElec",7,18,2,"",161.533,0,0,0,0,0,0,0,0,0,0,0,0,0,0,0,0,0,0,0,0,161.533,0,0,0
"MtrElec",7,18,3,"",164.238,0,0,0,0,0,0,0,0,0,0,0,0,0,0,0,0,0,0,0,0,164.238,0,0,0
"MtrElec",7,18,4,"",144.215,0,0,0,0,0,0,0,0,0,0,0,0,0,0,0,0,0,0,0,0,144.215,0,0,0
"MtrElec",7,18,5,"",146.993,0,0,0,0,0,0,0,0,0,0,0,0,0,0,0,0,0,0,0,0,146.993,0,0,0
"MtrElec",7,18,6,"",141.251,0,0,0,0,0,0,0,0,0,0,0,0,0,0,0,0,0,0,0,0,141.251,0,0,0
"MtrElec",7,18,7,"",201.527,0,0,0,0,0,0,0,0,0,0,0,0,0,0,0,0,0,0,0,0,215.583,0,0,-14.0567
"MtrElec",7,18,8,"",159.984,0,0,0,0,0,0,0,0,0,0,0,0,0,0,0,0,0,0,0,0,269.8,0,0,-109.816
"MtrElec",7,18,9,"",44.082,0,0,0,0,0,0,0,0,0,0,0,0,0,0,0,0,0,0,0,0,327.683,0,0,-283.601
"MtrElec",7,18,10,"",25.2817,0,0,0,0,0,0,0,0,0,0,0,0,0,0,0,0,0,0,0,0,460.185,0,0,-434.903
"MtrElec",7,18,11,"",0,0,0,0,0,0,0,0,0,0,0,0,0,0,0,0,0,0,0,0,0,540.944,0,7.24169,-548.185
"MtrElec",7,18,12,"",0,0,0,0,0,0,0,0,0,0,0,0,0,0,0,0,0,0,0,0,0,613.561,0,22.432,-635.993
"MtrElec",7,18,13,"",0.0000078,0,0,0,0,0,0,0,0,0,0,0,0,0,0,0,0,0,0,0,0,586.639,0,96.8275,-683.466
"MtrElec",7,18,14,"",0.0000078,0,0,0,0,0,0,0,0,0,0,0,0,0,0,0,0,0,0,0,0,573.052,0,109.425,-682.477
"MtrElec",7,18,15,"",0,0,0,0,0,0,0,0,0,0,0,0,0,0,0,0,0,0,0,0,0,488.902,0,152.087,-640.989
"MtrElec",7,18,16,"",0,0,0,0,0,0,0,0,0,0,0,0,0,0,0,0,0,0,0,0,0,501.861,0,53.3624,-555.223
"MtrElec",7,18,17,"",92.8224,0,0,0,0,0,0,0,0,0,0,0,0,0,0,0,0,0,0,0,0,519.546,0,0,-426.724
"MtrElec",7,18,18,"",308.568,0,0,0,0,0,0,0,0,0,0,0,0,0,0,0,0,0,0,0,0,573.461,0,0,-264.893
"MtrElec",7,18,19,"",254.071,0,0,0,0,0,0,0,0,0,0,0,0,0,0,0,0,0,0,0,0,568.367,0,-221.926,-92.3701
"MtrElec",7,18,20,"",264.475,0,0,0,0,0,0,0,0,0,0,0,0,0,0,0,0,0,0,0,0,449.43,0,-176.416,-8.53964
"MtrElec",7,18,21,"",379,0,0,0,0,0,0,0,0,0,0,0,0,0,0,0,0,0,0,0,0,379,0,0,0
"MtrElec",7,18,22,"",342.937,0,0,0,0,0,0,0,0,0,0,0,0,0,0,0,0,0,0,0,0,342.937,0,0,0
"MtrElec",7,18,23,"",282.614,0,0,0,0,0,0,0,0,0,0,0,0,0,0,0,0,0,0,0,0,282.614,0,0,0
"MtrElec",7,18,24,"",255.464,0,0,0,0,0,0,0,0,0,0,0,0,0,0,0,0,0,0,0,0,255.464,0,0,0
"MtrElec",7,19,1,"",173.575,0,0,0,0,0,0,0,0,0,0,0,0,0,0,0,0,0,0,0,0,173.575,0,0,0
"MtrElec",7,19,2,"",185.317,0,0,0,0,0,0,0,0,0,0,0,0,0,0,0,0,0,0,0,0,185.317,0,0,0
"MtrElec",7,19,3,"",144.709,0,0,0,0,0,0,0,0,0,0,0,0,0,0,0,0,0,0,0,0,144.709,0,0,0
"MtrElec",7,19,4,"",144.795,0,0,0,0,0,0,0,0,0,0,0,0,0,0,0,0,0,0,0,0,144.795,0,0,0
"MtrElec",7,19,5,"",156.174,0,0,0,0,0,0,0,0,0,0,0,0,0,0,0,0,0,0,0,0,156.174,0,0,0
"MtrElec",7,19,6,"",147.149,0,0,0,0,0,0,0,0,0,0,0,0,0,0,0,0,0,0,0,0,147.149,0,0,0
"MtrElec",7,19,7,"",177.257,0,0,0,0,0,0,0,0,0,0,0,0,0,0,0,0,0,0,0,0,190.521,0,0,-13.2639
"MtrElec",7,19,8,"",114.794,0,0,0,0,0,0,0,0,0,0,0,0,0,0,0,0,0,0,0,0,222.964,0,0,-108.169
"MtrElec",7,19,9,"",56.4996,0,0,0,0,0,0,0,0,0,0,0,0,0,0,0,0,0,0,0,0,339.083,0,0,-282.584
"MtrElec",7,19,10,"",-57.5217,0,0,0,0,0,0,0,0,0,0,0,0,0,0,0,0,0,0,0,0,382.46,0,0,-439.982
"MtrElec",7,19,11,"",0,0,0,0,0,0,0,0,0,0,0,0,0,0,0,0,0,0,0,0,0,472.25,0,90.6435,-562.894
"MtrElec",7,19,12,"",0.0000078,0,0,0,0,0,0,0,0,0,0,0,0,0,0,0,0,0,0,0,0,507.767,0,123.03,-630.798
"MtrElec",7,19,13,"",0,0,0,0,0,0,0,0,0,0,0,0,0,0,0,0,0,0,0,0,0,486.926,0,185.838,-672.764
"MtrElec",7,19,14,"",0,0,0,0,0,0,0,0,0,0,0,0,0,0,0,0,0,0,0,0,0,465.805,0,213.677,-679.482
"MtrElec",7,19,15,"",0,0,0,0,0,0,0,0,0,0,0,0,0,0,0,0,0,0,0,0,0,482.985,0,155.219,-638.203
"MtrElec",7,19,16,"",-54.8436,0,0,0,0,0,0,0,0,0,0,0,0,0,0,0,0,0,0,0,0,472.51,0,25.9751,-553.328
"MtrElec",7,19,17,"",53.2254,0,0,0,0,0,0,0,0,0,0,0,0,0,0,0,0,0,0,0,0,476.014,0,0,-422.789
"MtrElec",7,19,18,"",220.906,0,0,0,0,0,0,0,0,0,0,0,0,0,0,0,0,0,0,0,0,490.963,0,0,-270.056
"MtrElec",7,19,19,"",193.71,0,0,0,0,0,0,0,0,0,0,0,0,0,0,0,0,0,0,0,0,509.528,0,-221.926,-93.8922
"MtrElec",7,19,20,"",187.277,0,0,0,0,0,0,0,0,0,0,0,0,0,0,0,0,0,0,0,0,417.141,0,-221.926,-7.93813
"MtrElec",7,19,21,"",122.325,0,0,0,0,0,0,0,0,0,0,0,0,0,0,0,0,0,0,0,0,344.251,0,-221.926,0
"MtrElec",7,19,22,"",295.271,0,0,0,0,0,0,0,0,0,0,0,0,0,0,0,0,0,0,0,0,346.424,0,-51.1531,0
"MtrElec",7,19,23,"",270.403,0,0,0,0,0,0,0,0,0,0,0,0,0,0,0,0,0,0,0,0,270.403,0,0,0
"MtrElec",7,19,24,"",228.41,0,0,0,0,0,0,0,0,0,0,0,0,0,0,0,0,0,0,0,0,228.41,0,0,0
"MtrElec",7,20,1,"",162.21,0,0,0,0,0,0,0,0,0,0,0,0,0,0,0,0,0,0,0,0,162.21,0,0,0
"MtrElec",7,20,2,"",148.764,0,0,0,0,0,0,0,0,0,0,0,0,0,0,0,0,0,0,0,0,148.764,0,0,0
"MtrElec",7,20,3,"",144.784,0,0,0,0,0,0,0,0,0,0,0,0,0,0,0,0,0,0,0,0,144.784,0,0,0
"MtrElec",7,20,4,"",144.735,0,0,0,0,0,0,0,0,0,0,0,0,0,0,0,0,0,0,0,0,144.735,0,0,0
"MtrElec",7,20,5,"",176.72,0,0,0,0,0,0,0,0,0,0,0,0,0,0,0,0,0,0,0,0,176.72,0,0,0
"MtrElec",7,20,6,"",146.156,0,0,0,0,0,0,0,0,0,0,0,0,0,0,0,0,0,0,0,0,146.156,0,0,0
"MtrElec",7,20,7,"",242.655,0,0,0,0,0,0,0,0,0,0,0,0,0,0,0,0,0,0,0,0,255.146,0,0,-12.4915
"MtrElec",7,20,8,"",244.956,0,0,0,0,0,0,0,0,0,0,0,0,0,0,0,0,0,0,0,0,355.115,0,0,-110.159
"MtrElec",7,20,9,"",122.873,0,0,0,0,0,0,0,0,0,0,0,0,0,0,0,0,0,0,0,0,409.982,0,0,-287.109
"MtrElec",7,20,10,"",39.579,0,0,0,0,0,0,0,0,0,0,0,0,0,0,0,0,0,0,0,0,480.794,0,0,-441.215
"MtrElec",7,20,11,"",0,0,0,0,0,0,0,0,0,0,0,0,0,0,0,0,0,0,0,0,0,531.591,0,22.8533,-554.444
"MtrElec",7,20,12,"",0,0,0,0,0,0,0,0,0,0,0,0,0,0,0,0,0,0,0,0,0,550.361,0,84.5903,-634.951
"MtrElec",7,20,13,"",0.0000156,0,0,0,0,0,0,0,0,0,0,0,0,0,0,0,0,0,0,0,0,528.114,0,148.614,-676.727
"MtrElec",7,20,14,"",-1.43491,0,0,0,0,0,0,0,0,0,0,0,0,0,0,0,0,0,0,0,0,450.976,0,221.926,-674.336
"MtrElec",7,20,15,"",0,0,0,0,0,0,0,0,0,0,0,0,0,0,0,0,0,0,0,0,0,498.916,0,137.706,-636.623
"MtrElec",7,20,16,"",0,0,0,0,0,0,0,0,0,0,0,0,0,0,0,0,0,0,0,0,0,472.08,0,75.5065,-547.586
"MtrElec",7,20,17,"",123.294,0,0,0,0,0,0,0,0,0,0,0,0,0,0,0,0,0,0,0,0,547.256,0,0,-423.962
"MtrElec",7,20,18,"",247.838,0,0,0,0,0,0,0,0,0,0,0,0,0,0,0,0,0,0,0,0,517.243,0,0,-269.405
"MtrElec",7,20,19,"",206.446,0,0,0,0,0,0,0,0,0,0,0,0,0,0,0,0,0,0,0,0,523.132,0,-221.926,-94.7607
"MtrElec",7,20,20,"",277.132,0,0,0,0,0,0,0,0,0,0,0,0,0,0,0,0,0,0,0,0,508.317,0,-221.926,-9.25888
"MtrElec",7,20,21,"",252.731,0,0,0,0,0,0,0,0,0,0,0,0,0,0,0,0,0,0,0,0,432.683,0,-179.953,0
"MtrElec",7,20,22,"",297.89,0,0,0,0,0,0,0,0,0,0,0,0,0,0,0,0,0,0,0,0,297.89,0,0,0
"MtrElec",7,20,23,"",274.102,0,0,0,0,0,0,0,0,0,0,0,0,0,0,0,0,0,0,0,0,274.102,0,0,0
"MtrElec",7,20,24,"",220.46,0,0,0,0,0,0,0,0,0,0,0,0,0,0,0,0,0,0,0,0,220.46,0,0,0
"MtrElec",7,21,1,"",152.053,0,0,0,0,0,0,0,0,0,0,0,0,0,0,0,0,0,0,0,0,152.053,0,0,0
"MtrElec",7,21,2,"",151.17,0,0,0,0,0,0,0,0,0,0,0,0,0,0,0,0,0,0,0,0,151.17,0,0,0
"MtrElec",7,21,3,"",146.192,0,0,0,0,0,0,0,0,0,0,0,0,0,0,0,0,0,0,0,0,146.192,0,0,0
"MtrElec",7,21,4,"",146.758,0,0,0,0,0,0,0,0,0,0,0,0,0,0,0,0,0,0,0,0,146.758,0,0,0
"MtrElec",7,21,5,"",181.383,0,0,0,0,0,0,0,0,0,0,0,0,0,0,0,0,0,0,0,0,181.383,0,0,0
"MtrElec",7,21,6,"",147.468,0,0,0,0,0,0,0,0,0,0,0,0,0,0,0,0,0,0,0,0,147.468,0,0,0
"MtrElec",7,21,7,"",233.316,0,0,0,0,0,0,0,0,0,0,0,0,0,0,0,0,0,0,0,0,242.448,0,0,-9.13147
"MtrElec",7,21,8,"",246.008,0,0,0,0,0,0,0,0,0,0,0,0,0,0,0,0,0,0,0,0,296.32,0,0,-50.3124
"MtrElec",7,21,9,"",233.067,0,0,0,0,0,0,0,0,0,0,0,0,0,0,0,0,0,0,0,0,340.241,0,0,-107.174
"MtrElec",7,21,10,"",131.041,0,0,0,0,0,0,0,0,0,0,0,0,0,0,0,0,0,0,0,0,431.25,0,0,-300.209
"MtrElec",7,21,11,"",0,0,0,0,0,0,0,0,0,0,0,0,0,0,0,0,0,0,0,0,0,429.517,0,138.71,-568.227
"MtrElec",7,21,12,"",0,0,0,0,0,0,0,0,0,0,0,0,0,0,0,0,0,0,0,0,0,492.382,0,139.848,-632.231
"MtrElec",7,21,13,"",0.0000078,0,0,0,0,0,0,0,0,0,0,0,0,0,0,0,0,0,0,0,0,535.539,0,123.407,-658.946
"MtrElec",7,21,14,"",0,0,0,0,0,0,0,0,0,0,0,0,0,0,0,0,0,0,0,0,0,450.624,0,214.669,-665.294
"MtrElec",7,21,15,"",0,0,0,0,0,0,0,0,0,0,0,0,0,0,0,0,0,0,0,0,0,478.993,0,144.304,-623.297
"MtrElec",7,21,16,"",-37.5279,0,0,0,0,0,0,0,0,0,0,0,0,0,0,0,0,0,0,0,0,466.153,0,33.444,-537.125
"MtrElec",7,21,17,"",126.836,0,0,0,0,0,0,0,0,0,0,0,0,0,0,0,0,0,0,0,0,544.721,0,0,-417.885
"MtrElec",7,21,18,"",281.599,0,0,0,0,0,0,0,0,0,0,0,0,0,0,0,0,0,0,0,0,543.598,0,0,-261.999
"MtrElec",7,21,19,"",195.111,0,0,0,0,0,0,0,0,0,0,0,0,0,0,0,0,0,0,0,0,509.207,0,-221.926,-92.1709
"MtrElec",7,21,20,"",234.423,0,0,0,0,0,0,0,0,0,0,0,0,0,0,0,0,0,0,0,0,467.538,0,-221.926,-11.1898
"MtrElec",7,21,21,"",201.766,0,0,0,0,0,0,0,0,0,0,0,0,0,0,0,0,0,0,0,0,423.692,0,-221.926,0
"MtrElec",7,21,22,"",230.017,0,0,0,0,0,0,0,0,0,0,0,0,0,0,0,0,0,0,0,0,281.171,0,-51.1531,0
"MtrElec",7,21,23,"",279.448,0,0,0,0,0,0,0,0,0,0,0,0,0,0,0,0,0,0,0,0,279.448,0,0,0
"MtrElec",7,21,24,"",202.6,0,0,0,0,0,0,0,0,0,0,0,0,0,0,0,0,0,0,0,0,202.6,0,0,0
"MtrElec",7,22,1,"",161.46,0,0,0,0,0,0,0,0,0,0,0,0,0,0,0,0,0,0,0,0,161.46,0,0,0
"MtrElec",7,22,2,"",149.54,0,0,0,0,0,0,0,0,0,0,0,0,0,0,0,0,0,0,0,0,149.54,0,0,0
"MtrElec",7,22,3,"",185.033,0,0,0,0,0,0,0,0,0,0,0,0,0,0,0,0,0,0,0,0,185.033,0,0,0
"MtrElec",7,22,4,"",149.373,0,0,0,0,0,0,0,0,0,0,0,0,0,0,0,0,0,0,0,0,149.373,0,0,0
"MtrElec",7,22,5,"",148.45,0,0,0,0,0,0,0,0,0,0,0,0,0,0,0,0,0,0,0,0,148.45,0,0,0
"MtrElec",7,22,6,"",149.403,0,0,0,0,0,0,0,0,0,0,0,0,0,0,0,0,0,0,0,0,149.403,0,0,0
"MtrElec",7,22,7,"",243.371,0,0,0,0,0,0,0,0,0,0,0,0,0,0,0,0,0,0,0,0,257.731,0,0,-14.3602
"MtrElec",7,22,8,"",256.655,0,0,0,0,0,0,0,0,0,0,0,0,0,0,0,0,0,0,0,0,362.547,0,0,-105.892
"MtrElec",7,22,9,"",129.246,0,0,0,0,0,0,0,0,0,0,0,0,0,0,0,0,0,0,0,0,397.685,0,0,-268.439
"MtrElec",7,22,10,"",84.6621,0,0,0,0,0,0,0,0,0,0,0,0,0,0,0,0,0,0,0,0,500.325,0,0,-415.663
"MtrElec",7,22,11,"",21.8642,0,0,0,0,0,0,0,0,0,0,0,0,0,0,0,0,0,0,0,0,547.205,0,0,-525.341
"MtrElec",7,22,12,"",0.0000039,0,0,0,0,0,0,0,0,0,0,0,0,0,0,0,0,0,0,0,0,549.32,0,57.4534,-606.774
"MtrElec",7,22,13,"",0,0,0,0,0,0,0,0,0,0,0,0,0,0,0,0,0,0,0,0,0,587.908,0,62.3332,-650.241
"MtrElec",7,22,14,"",0,0,0,0,0,0,0,0,0,0,0,0,0,0,0,0,0,0,0,0,0,488.113,0,170.202,-658.315
"MtrElec",7,22,15,"",0,0,0,0,0,0,0,0,0,0,0,0,0,0,0,0,0,0,0,0,0,499.257,0,112.239,-611.496
"MtrElec",7,22,16,"",0,0,0,0,0,0,0,0,0,0,0,0,0,0,0,0,0,0,0,0,0,473.888,0,28.1967,-502.085
"MtrElec",7,22,17,"",339.562,0,0,0,0,0,0,0,0,0,0,0,0,0,0,0,0,0,0,0,0,540.391,0,0,-200.829
"MtrElec",7,22,18,"",381.635,0,0,0,0,0,0,0,0,0,0,0,0,0,0,0,0,0,0,0,0,549.218,0,0,-167.583
"MtrElec",7,22,19,"",198.509,0,0,0,0,0,0,0,0,0,0,0,0,0,0,0,0,0,0,0,0,506.716,0,-221.926,-86.2817
"MtrElec",7,22,20,"",261.538,0,0,0,0,0,0,0,0,0,0,0,0,0,0,0,0,0,0,0,0,444.578,0,-166.532,-16.5086
"MtrElec",7,22,21,"",387.684,0,0,0,0,0,0,0,0,0,0,0,0,0,0,0,0,0,0,0,0,387.684,0,0,0
"MtrElec",7,22,22,"",316.119,0,0,0,0,0,0,0,0,0,0,0,0,0,0,0,0,0,0,0,0,316.119,0,0,0
"MtrElec",7,22,23,"",263.627,0,0,0,0,0,0,0,0,0,0,0,0,0,0,0,0,0,0,0,0,263.627,0,0,0
"MtrElec",7,22,24,"",213.38,0,0,0,0,0,0,0,0,0,0,0,0,0,0,0,0,0,0,0,0,213.38,0,0,0
"MtrElec",7,23,1,"",169.905,0,0,0,0,0,0,0,0,0,0,0,0,0,0,0,0,0,0,0,0,169.905,0,0,0
"MtrElec",7,23,2,"",148.33,0,0,0,0,0,0,0,0,0,0,0,0,0,0,0,0,0,0,0,0,148.33,0,0,0
"MtrElec",7,23,3,"",144.768,0,0,0,0,0,0,0,0,0,0,0,0,0,0,0,0,0,0,0,0,144.768,0,0,0
"MtrElec",7,23,4,"",143.905,0,0,0,0,0,0,0,0,0,0,0,0,0,0,0,0,0,0,0,0,143.905,0,0,0
"MtrElec",7,23,5,"",141.771,0,0,0,0,0,0,0,0,0,0,0,0,0,0,0,0,0,0,0,0,141.771,0,0,0
"MtrElec",7,23,6,"",202.327,0,0,0,0,0,0,0,0,0,0,0,0,0,0,0,0,0,0,0,0,202.327,0,0,0
"MtrElec",7,23,7,"",237.992,0,0,0,0,0,0,0,0,0,0,0,0,0,0,0,0,0,0,0,0,257.106,0,0,-19.1146
"MtrElec",7,23,8,"",209.663,0,0,0,0,0,0,0,0,0,0,0,0,0,0,0,0,0,0,0,0,316.687,0,0,-107.024
"MtrElec",7,23,9,"",188.963,0,0,0,0,0,0,0,0,0,0,0,0,0,0,0,0,0,0,0,0,409.266,0,0,-220.302
"MtrElec",7,23,10,"",153.525,0,0,0,0,0,0,0,0,0,0,0,0,0,0,0,0,0,0,0,0,487.54,0,0,-334.015
"MtrElec",7,23,11,"",82.8863,0,0,0,0,0,0,0,0,0,0,0,0,0,0,0,0,0,0,0,0,549.645,0,0,-466.758
"MtrElec",7,23,12,"",0,0,0,0,0,0,0,0,0,0,0,0,0,0,0,0,0,0,0,0,0,505.062,0,100.735,-605.797
"MtrElec",7,23,13,"",0,0,0,0,0,0,0,0,0,0,0,0,0,0,0,0,0,0,0,0,0,533.164,0,103.741,-636.905
"MtrElec",7,23,14,"",0,0,0,0,0,0,0,0,0,0,0,0,0,0,0,0,0,0,0,0,0,507.685,0,118.9,-626.585
"MtrElec",7,23,15,"",0.0000078,0,0,0,0,0,0,0,0,0,0,0,0,0,0,0,0,0,0,0,0,515.189,0,83.3268,-598.516
"MtrElec",7,23,16,"",40.5338,0,0,0,0,0,0,0,0,0,0,0,0,0,0,0,0,0,0,0,0,556.035,0,0,-515.502
"MtrElec",7,23,17,"",144.673,0,0,0,0,0,0,0,0,0,0,0,0,0,0,0,0,0,0,0,0,539.787,0,0,-395.114
"MtrElec",7,23,18,"",351.79,0,0,0,0,0,0,0,0,0,0,0,0,0,0,0,0,0,0,0,0,596.227,0,0,-244.437
"MtrElec",7,23,19,"",231.136,0,0,0,0,0,0,0,0,0,0,0,0,0,0,0,0,0,0,0,0,545.048,0,-221.926,-91.987
"MtrElec",7,23,20,"",349.139,0,0,0,0,0,0,0,0,0,0,0,0,0,0,0,0,0,0,0,0,507.6,0,-145.123,-13.3375
"MtrElec",7,23,21,"",469.336,0,0,0,0,0,0,0,0,0,0,0,0,0,0,0,0,0,0,0,0,469.336,0,0,0
"MtrElec",7,23,22,"",324.363,0,0,0,0,0,0,0,0,0,0,0,0,0,0,0,0,0,0,0,0,324.363,0,0,0
"MtrElec",7,23,23,"",244.791,0,0,0,0,0,0,0,0,0,0,0,0,0,0,0,0,0,0,0,0,244.791,0,0,0
"MtrElec",7,23,24,"",257.745,0,0,0,0,0,0,0,0,0,0,0,0,0,0,0,0,0,0,0,0,257.745,0,0,0
"MtrElec",7,24,1,"",177.674,0,0,0,0,0,0,0,0,0,0,0,0,0,0,0,0,0,0,0,0,177.674,0,0,0
"MtrElec",7,24,2,"",159.048,0,0,0,0,0,0,0,0,0,0,0,0,0,0,0,0,0,0,0,0,159.048,0,0,0
"MtrElec",7,24,3,"",153.484,0,0,0,0,0,0,0,0,0,0,0,0,0,0,0,0,0,0,0,0,153.484,0,0,0
"MtrElec",7,24,4,"",149.365,0,0,0,0,0,0,0,0,0,0,0,0,0,0,0,0,0,0,0,0,149.365,0,0,0
"MtrElec",7,24,5,"",178.49,0,0,0,0,0,0,0,0,0,0,0,0,0,0,0,0,0,0,0,0,178.49,0,0,0
"MtrElec",7,24,6,"",150.288,0,0,0,0,0,0,0,0,0,0,0,0,0,0,0,0,0,0,0,0,150.288,0,0,0
"MtrElec",7,24,7,"",247.177,0,0,0,0,0,0,0,0,0,0,0,0,0,0,0,0,0,0,0,0,261.514,0,0,-14.3369
"MtrElec",7,24,8,"",273.41,0,0,0,0,0,0,0,0,0,0,0,0,0,0,0,0,0,0,0,0,376.475,0,0,-103.065
"MtrElec",7,24,9,"",143.741,0,0,0,0,0,0,0,0,0,0,0,0,0,0,0,0,0,0,0,0,410.245,0,0,-266.504
"MtrElec",7,24,10,"",97.2185,0,0,0,0,0,0,0,0,0,0,0,0,0,0,0,0,0,0,0,0,511.688,0,0,-414.469
"MtrElec",7,24,11,"",0.835,0,0,0,0,0,0,0,0,0,0,0,0,0,0,0,0,0,0,0,0,534.348,0,0,-533.513
"MtrElec",7,24,12,"",0.0000078,0,0,0,0,0,0,0,0,0,0,0,0,0,0,0,0,0,0,0,0,533.102,0,86.8516,-619.954
"MtrElec",7,24,13,"",0.0000078,0,0,0,0,0,0,0,0,0,0,0,0,0,0,0,0,0,0,0,0,569.384,0,96.0011,-665.385
"MtrElec",7,24,14,"",0,0,0,0,0,0,0,0,0,0,0,0,0,0,0,0,0,0,0,0,0,482.023,0,178.402,-660.425
"MtrElec",7,24,15,"",0.0000156,0,0,0,0,0,0,0,0,0,0,0,0,0,0,0,0,0,0,0,0,463.13,0,155.119,-618.248
"MtrElec",7,24,16,"",0,0,0,0,0,0,0,0,0,0,0,0,0,0,0,0,0,0,0,0,0,519.317,0,18.1534,-537.471
"MtrElec",7,24,17,"",134.188,0,0,0,0,0,0,0,0,0,0,0,0,0,0,0,0,0,0,0,0,549.245,0,0,-415.057
"MtrElec",7,24,18,"",270.185,0,0,0,0,0,0,0,0,0,0,0,0,0,0,0,0,0,0,0,0,528.697,0,0,-258.512
"MtrElec",7,24,19,"",216.914,0,0,0,0,0,0,0,0,0,0,0,0,0,0,0,0,0,0,0,0,528.687,0,-221.926,-89.8478
"MtrElec",7,24,20,"",325.917,0,0,0,0,0,0,0,0,0,0,0,0,0,0,0,0,0,0,0,0,557.803,0,-221.926,-9.96
"MtrElec",7,24,21,"",443.33,0,0,0,0,0,0,0,0,0,0,0,0,0,0,0,0,0,0,0,0,481.89,0,-38.5592,0
"MtrElec",7,24,22,"",292.596,0,0,0,0,0,0,0,0,0,0,0,0,0,0,0,0,0,0,0,0,292.596,0,0,0
"MtrElec",7,24,23,"",331.592,0,0,0,0,0,0,0,0,0,0,0,0,0,0,0,0,0,0,0,0,331.592,0,0,0
"MtrElec",7,24,24,"",246.355,0,0,0,0,0,0,0,0,0,0,0,0,0,0,0,0,0,0,0,0,246.355,0,0,0
"MtrElec",7,25,1,"",193.021,0,0,0,0,0,0,0,0,0,0,0,0,0,0,0,0,0,0,0,0,193.021,0,0,0
"MtrElec",7,25,2,"",188.406,0,0,0,0,0,0,0,0,0,0,0,0,0,0,0,0,0,0,0,0,188.406,0,0,0
"MtrElec",7,25,3,"",155.257,0,0,0,0,0,0,0,0,0,0,0,0,0,0,0,0,0,0,0,0,155.257,0,0,0
"MtrElec",7,25,4,"",154.862,0,0,0,0,0,0,0,0,0,0,0,0,0,0,0,0,0,0,0,0,154.862,0,0,0
"MtrElec",7,25,5,"",150.114,0,0,0,0,0,0,0,0,0,0,0,0,0,0,0,0,0,0,0,0,150.114,0,0,0
"MtrElec",7,25,6,"",147.455,0,0,0,0,0,0,0,0,0,0,0,0,0,0,0,0,0,0,0,0,147.455,0,0,0
"MtrElec",7,25,7,"",222.38,0,0,0,0,0,0,0,0,0,0,0,0,0,0,0,0,0,0,0,0,234.817,0,0,-12.4378
"MtrElec",7,25,8,"",153.115,0,0,0,0,0,0,0,0,0,0,0,0,0,0,0,0,0,0,0,0,256.748,0,0,-103.633
"MtrElec",7,25,9,"",97.8094,0,0,0,0,0,0,0,0,0,0,0,0,0,0,0,0,0,0,0,0,369.815,0,0,-272.005
"MtrElec",7,25,10,"",54.0448,0,0,0,0,0,0,0,0,0,0,0,0,0,0,0,0,0,0,0,0,474.977,0,0,-420.932
"MtrElec",7,25,11,"",99.7301,0,0,0,0,0,0,0,0,0,0,0,0,0,0,0,0,0,0,0,0,630.263,0,0,-530.533
"MtrElec",7,25,12,"",14.1996,0,0,0,0,0,0,0,0,0,0,0,0,0,0,0,0,0,0,0,0,615.448,0,0,-601.248
"MtrElec",7,25,13,"",0,0,0,0,0,0,0,0,0,0,0,0,0,0,0,0,0,0,0,0,0,578.426,0,67.6566,-646.083
"MtrElec",7,25,14,"",0,0,0,0,0,0,0,0,0,0,0,0,0,0,0,0,0,0,0,0,0,597.708,0,55.5124,-653.22
"MtrElec",7,25,15,"",0,0,0,0,0,0,0,0,0,0,0,0,0,0,0,0,0,0,0,0,0,556.817,0,55.5523,-612.369
"MtrElec",7,25,16,"",4.90613,0,0,0,0,0,0,0,0,0,0,0,0,0,0,0,0,0,0,0,0,538.988,0,0,-534.082
"MtrElec",7,25,17,"",80.5651,0,0,0,0,0,0,0,0,0,0,0,0,0,0,0,0,0,0,0,0,495.757,0,0,-415.192
"MtrElec",7,25,18,"",341.522,0,0,0,0,0,0,0,0,0,0,0,0,0,0,0,0,0,0,0,0,597.223,0,0,-255.701
"MtrElec",7,25,19,"",299.497,0,0,0,0,0,0,0,0,0,0,0,0,0,0,0,0,0,0,0,0,549.273,0,-161.296,-88.4794
"MtrElec",7,25,20,"",467.944,0,0,0,0,0,0,0,0,0,0,0,0,0,0,0,0,0,0,0,0,477.218,0,0,-9.2744
"MtrElec",7,25,21,"",411.272,0,0,0,0,0,0,0,0,0,0,0,0,0,0,0,0,0,0,0,0,411.272,0,0,0
"MtrElec",7,25,22,"",373.547,0,0,0,0,0,0,0,0,0,0,0,0,0,0,0,0,0,0,0,0,373.547,0,0,0
"MtrElec",7,25,23,"",260.595,0,0,0,0,0,0,0,0,0,0,0,0,0,0,0,0,0,0,0,0,260.595,0,0,0
"MtrElec",7,25,24,"",208.508,0,0,0,0,0,0,0,0,0,0,0,0,0,0,0,0,0,0,0,0,208.508,0,0,0
"MtrElec",7,26,1,"",176.828,0,0,0,0,0,0,0,0,0,0,0,0,0,0,0,0,0,0,0,0,176.828,0,0,0
"MtrElec",7,26,2,"",187.998,0,0,0,0,0,0,0,0,0,0,0,0,0,0,0,0,0,0,0,0,187.998,0,0,0
"MtrElec",7,26,3,"",148.301,0,0,0,0,0,0,0,0,0,0,0,0,0,0,0,0,0,0,0,0,148.301,0,0,0
"MtrElec",7,26,4,"",148.368,0,0,0,0,0,0,0,0,0,0,0,0,0,0,0,0,0,0,0,0,148.368,0,0,0
"MtrElec",7,26,5,"",142.973,0,0,0,0,0,0,0,0,0,0,0,0,0,0,0,0,0,0,0,0,142.973,0,0,0
"MtrElec",7,26,6,"",149.472,0,0,0,0,0,0,0,0,0,0,0,0,0,0,0,0,0,0,0,0,149.472,0,0,0
"MtrElec",7,26,7,"",182.167,0,0,0,0,0,0,0,0,0,0,0,0,0,0,0,0,0,0,0,0,195.403,0,0,-13.2365
"MtrElec",7,26,8,"",101.659,0,0,0,0,0,0,0,0,0,0,0,0,0,0,0,0,0,0,0,0,205.744,0,0,-104.085
"MtrElec",7,26,9,"",81.8887,0,0,0,0,0,0,0,0,0,0,0,0,0,0,0,0,0,0,0,0,353.675,0,0,-271.786
"MtrElec",7,26,10,"",1.34147,0,0,0,0,0,0,0,0,0,0,0,0,0,0,0,0,0,0,0,0,422.754,0,0,-421.412
"MtrElec",7,26,11,"",0,0,0,0,0,0,0,0,0,0,0,0,0,0,0,0,0,0,0,0,0,451.03,0,79.4095,-530.44
"MtrElec",7,26,12,"",0,0,0,0,0,0,0,0,0,0,0,0,0,0,0,0,0,0,0,0,0,482.988,0,136.159,-619.148
"MtrElec",7,26,13,"",0,0,0,0,0,0,0,0,0,0,0,0,0,0,0,0,0,0,0,0,0,594.262,0,70.6871,-664.949
"MtrElec",7,26,14,"",0,0,0,0,0,0,0,0,0,0,0,0,0,0,0,0,0,0,0,0,0,467.374,0,190.808,-658.182
"MtrElec",7,26,15,"",0,0,0,0,0,0,0,0,0,0,0,0,0,0,0,0,0,0,0,0,0,496.48,0,125.197,-621.677
"MtrElec",7,26,16,"",0,0,0,0,0,0,0,0,0,0,0,0,0,0,0,0,0,0,0,0,0,489.956,0,48.1613,-538.117
"MtrElec",7,26,17,"",48.6898,0,0,0,0,0,0,0,0,0,0,0,0,0,0,0,0,0,0,0,0,463.218,0,0,-414.529
"MtrElec",7,26,18,"",281.358,0,0,0,0,0,0,0,0,0,0,0,0,0,0,0,0,0,0,0,0,538.784,0,0,-257.426
"MtrElec",7,26,19,"",248.606,0,0,0,0,0,0,0,0,0,0,0,0,0,0,0,0,0,0,0,0,558.229,0,-221.926,-87.6978
"MtrElec",7,26,20,"",172.691,0,0,0,0,0,0,0,0,0,0,0,0,0,0,0,0,0,0,0,0,403.148,0,-221.926,-8.53098
"MtrElec",7,26,21,"",194.91,0,0,0,0,0,0,0,0,0,0,0,0,0,0,0,0,0,0,0,0,338.064,0,-143.154,0
"MtrElec",7,26,22,"",281.5,0,0,0,0,0,0,0,0,0,0,0,0,0,0,0,0,0,0,0,0,281.5,0,0,0
"MtrElec",7,26,23,"",254.485,0,0,0,0,0,0,0,0,0,0,0,0,0,0,0,0,0,0,0,0,254.485,0,0,0
"MtrElec",7,26,24,"",203.441,0,0,0,0,0,0,0,0,0,0,0,0,0,0,0,0,0,0,0,0,203.441,0,0,0
"MtrElec",7,27,1,"",208.689,0,0,0,0,0,0,0,0,0,0,0,0,0,0,0,0,0,0,0,0,208.689,0,0,0
"MtrElec",7,27,2,"",156.145,0,0,0,0,0,0,0,0,0,0,0,0,0,0,0,0,0,0,0,0,156.145,0,0,0
"MtrElec",7,27,3,"",151.621,0,0,0,0,0,0,0,0,0,0,0,0,0,0,0,0,0,0,0,0,151.621,0,0,0
"MtrElec",7,27,4,"",150.981,0,0,0,0,0,0,0,0,0,0,0,0,0,0,0,0,0,0,0,0,150.981,0,0,0
"MtrElec",7,27,5,"",146.759,0,0,0,0,0,0,0,0,0,0,0,0,0,0,0,0,0,0,0,0,146.759,0,0,0
"MtrElec",7,27,6,"",188.054,0,0,0,0,0,0,0,0,0,0,0,0,0,0,0,0,0,0,0,0,188.054,0,0,0
"MtrElec",7,27,7,"",260.564,0,0,0,0,0,0,0,0,0,0,0,0,0,0,0,0,0,0,0,0,272.992,0,0,-12.4277
"MtrElec",7,27,8,"",250.169,0,0,0,0,0,0,0,0,0,0,0,0,0,0,0,0,0,0,0,0,352.996,0,0,-102.827
"MtrElec",7,27,9,"",171.008,0,0,0,0,0,0,0,0,0,0,0,0,0,0,0,0,0,0,0,0,439.494,0,0,-268.486
"MtrElec",7,27,10,"",149.577,0,0,0,0,0,0,0,0,0,0,0,0,0,0,0,0,0,0,0,0,567.156,0,0,-417.579
"MtrElec",7,27,11,"",17.2701,0,0,0,0,0,0,0,0,0,0,0,0,0,0,0,0,0,0,0,0,552.634,0,0,-535.364
"MtrElec",7,27,12,"",2.29119,0,0,0,0,0,0,0,0,0,0,0,0,0,0,0,0,0,0,0,0,611.189,0,0,-608.898
"MtrElec",7,27,13,"",0,0,0,0,0,0,0,0,0,0,0,0,0,0,0,0,0,0,0,0,0,578.518,0,64.2578,-642.776
"MtrElec",7,27,14,"",0,0,0,0,0,0,0,0,0,0,0,0,0,0,0,0,0,0,0,0,0,562.597,0,95.5014,-658.098
"MtrElec",7,27,15,"",0,0,0,0,0,0,0,0,0,0,0,0,0,0,0,0,0,0,0,0,0,531.301,0,88.546,-619.847
"MtrElec",7,27,16,"",0,0,0,0,0,0,0,0,0,0,0,0,0,0,0,0,0,0,0,0,0,514.79,0,17.923,-532.713
"MtrElec",7,27,17,"",176.368,0,0,0,0,0,0,0,0,0,0,0,0,0,0,0,0,0,0,0,0,585.701,0,0,-409.333
"MtrElec",7,27,18,"",335.272,0,0,0,0,0,0,0,0,0,0,0,0,0,0,0,0,0,0,0,0,588.539,0,0,-253.268
"MtrElec",7,27,19,"",220.586,0,0,0,0,0,0,0,0,0,0,0,0,0,0,0,0,0,0,0,0,529.312,0,-221.926,-86.7995
"MtrElec",7,27,20,"",500.596,0,0,0,0,0,0,0,0,0,0,0,0,0,0,0,0,0,0,0,0,528.206,0,-18.3451,-9.26479
"MtrElec",7,27,21,"",504.335,0,0,0,0,0,0,0,0,0,0,0,0,0,0,0,0,0,0,0,0,504.335,0,0,0
"MtrElec",7,27,22,"",327.473,0,0,0,0,0,0,0,0,0,0,0,0,0,0,0,0,0,0,0,0,327.473,0,0,0
"MtrElec",7,27,23,"",310.627,0,0,0,0,0,0,0,0,0,0,0,0,0,0,0,0,0,0,0,0,310.627,0,0,0
"MtrElec",7,27,24,"",261.241,0,0,0,0,0,0,0,0,0,0,0,0,0,0,0,0,0,0,0,0,261.241,0,0,0
"MtrElec",7,28,1,"",183.59,0,0,0,0,0,0,0,0,0,0,0,0,0,0,0,0,0,0,0,0,183.59,0,0,0
"MtrElec",7,28,2,"",156.671,0,0,0,0,0,0,0,0,0,0,0,0,0,0,0,0,0,0,0,0,156.671,0,0,0
"MtrElec",7,28,3,"",149.027,0,0,0,0,0,0,0,0,0,0,0,0,0,0,0,0,0,0,0,0,149.027,0,0,0
"MtrElec",7,28,4,"",148.159,0,0,0,0,0,0,0,0,0,0,0,0,0,0,0,0,0,0,0,0,148.159,0,0,0
"MtrElec",7,28,5,"",145.031,0,0,0,0,0,0,0,0,0,0,0,0,0,0,0,0,0,0,0,0,145.031,0,0,0
"MtrElec",7,28,6,"",166.163,0,0,0,0,0,0,0,0,0,0,0,0,0,0,0,0,0,0,0,0,166.163,0,0,0
"MtrElec",7,28,7,"",241.693,0,0,0,0,0,0,0,0,0,0,0,0,0,0,0,0,0,0,0,0,254.052,0,0,-12.3593
"MtrElec",7,28,8,"",239.727,0,0,0,0,0,0,0,0,0,0,0,0,0,0,0,0,0,0,0,0,342.203,0,0,-102.476
"MtrElec",7,28,9,"",151.263,0,0,0,0,0,0,0,0,0,0,0,0,0,0,0,0,0,0,0,0,416.012,0,0,-264.748
"MtrElec",7,28,10,"",106.374,0,0,0,0,0,0,0,0,0,0,0,0,0,0,0,0,0,0,0,0,527.169,0,0,-420.795
"MtrElec",7,28,11,"",22.5082,0,0,0,0,0,0,0,0,0,0,0,0,0,0,0,0,0,0,0,0,560.383,0,0,-537.874
"MtrElec",7,28,12,"",0,0,0,0,0,0,0,0,0,0,0,0,0,0,0,0,0,0,0,0,0,562.652,0,35.856,-598.508
"MtrElec",7,28,13,"",0.0000078,0,0,0,0,0,0,0,0,0,0,0,0,0,0,0,0,0,0,0,0,583.715,0,72.0894,-655.804
"MtrElec",7,28,14,"",0,0,0,0,0,0,0,0,0,0,0,0,0,0,0,0,0,0,0,0,0,523.811,0,135.553,-659.364
"MtrElec",7,28,15,"",0,0,0,0,0,0,0,0,0,0,0,0,0,0,0,0,0,0,0,0,0,480.61,0,134.44,-615.05
"MtrElec",7,28,16,"",0,0,0,0,0,0,0,0,0,0,0,0,0,0,0,0,0,0,0,0,0,490.642,0,43.0365,-533.678
"MtrElec",7,28,17,"",132.807,0,0,0,0,0,0,0,0,0,0,0,0,0,0,0,0,0,0,0,0,543.086,0,0,-410.28
"MtrElec",7,28,18,"",318.201,0,0,0,0,0,0,0,0,0,0,0,0,0,0,0,0,0,0,0,0,568.886,0,0,-250.685
"MtrElec",7,28,19,"",212.058,0,0,0,0,0,0,0,0,0,0,0,0,0,0,0,0,0,0,0,0,520.901,0,-221.926,-86.9167
"MtrElec",7,28,20,"",346.484,0,0,0,0,0,0,0,0,0,0,0,0,0,0,0,0,0,0,0,0,514.363,0,-158.004,-9.87437
"MtrElec",7,28,21,"",460.605,0,0,0,0,0,0,0,0,0,0,0,0,0,0,0,0,0,0,0,0,460.605,0,0,0
"MtrElec",7,28,22,"",316.579,0,0,0,0,0,0,0,0,0,0,0,0,0,0,0,0,0,0,0,0,316.579,0,0,0
"MtrElec",7,28,23,"",259.52,0,0,0,0,0,0,0,0,0,0,0,0,0,0,0,0,0,0,0,0,259.52,0,0,0
"MtrElec",7,28,24,"",201.917,0,0,0,0,0,0,0,0,0,0,0,0,0,0,0,0,0,0,0,0,201.917,0,0,0
"MtrElec",7,29,1,"",176.738,0,0,0,0,0,0,0,0,0,0,0,0,0,0,0,0,0,0,0,0,176.738,0,0,0
"MtrElec",7,29,2,"",147.499,0,0,0,0,0,0,0,0,0,0,0,0,0,0,0,0,0,0,0,0,147.499,0,0,0
"MtrElec",7,29,3,"",142.783,0,0,0,0,0,0,0,0,0,0,0,0,0,0,0,0,0,0,0,0,142.783,0,0,0
"MtrElec",7,29,4,"",150.359,0,0,0,0,0,0,0,0,0,0,0,0,0,0,0,0,0,0,0,0,150.359,0,0,0
"MtrElec",7,29,5,"",177.464,0,0,0,0,0,0,0,0,0,0,0,0,0,0,0,0,0,0,0,0,177.464,0,0,0
"MtrElec",7,29,6,"",144.216,0,0,0,0,0,0,0,0,0,0,0,0,0,0,0,0,0,0,0,0,144.216,0,0,0
"MtrElec",7,29,7,"",273.657,0,0,0,0,0,0,0,0,0,0,0,0,0,0,0,0,0,0,0,0,286.109,0,0,-12.4524
"MtrElec",7,29,8,"",247.978,0,0,0,0,0,0,0,0,0,0,0,0,0,0,0,0,0,0,0,0,349.594,0,0,-101.616
"MtrElec",7,29,9,"",173.617,0,0,0,0,0,0,0,0,0,0,0,0,0,0,0,0,0,0,0,0,441.35,0,0,-267.733
"MtrElec",7,29,10,"",83.5438,0,0,0,0,0,0,0,0,0,0,0,0,0,0,0,0,0,0,0,0,507.651,0,0,-424.108
"MtrElec",7,29,11,"",0.0000039,0,0,0,0,0,0,0,0,0,0,0,0,0,0,0,0,0,0,0,0,513.124,0,33.876,-547
"MtrElec",7,29,12,"",0,0,0,0,0,0,0,0,0,0,0,0,0,0,0,0,0,0,0,0,0,526.019,0,89.4871,-615.506
"MtrElec",7,29,13,"",0,0,0,0,0,0,0,0,0,0,0,0,0,0,0,0,0,0,0,0,0,508.071,0,143.433,-651.505
"MtrElec",7,29,14,"",0,0,0,0,0,0,0,0,0,0,0,0,0,0,0,0,0,0,0,0,0,454.982,0,210.976,-665.958
"MtrElec",7,29,15,"",0,0,0,0,0,0,0,0,0,0,0,0,0,0,0,0,0,0,0,0,0,452.163,0,167.094,-619.257
"MtrElec",7,29,16,"",0,0,0,0,0,0,0,0,0,0,0,0,0,0,0,0,0,0,0,0,0,515.578,0,19.0741,-534.652
"MtrElec",7,29,17,"",134.049,0,0,0,0,0,0,0,0,0,0,0,0,0,0,0,0,0,0,0,0,544.308,0,0,-410.259
"MtrElec",7,29,18,"",280.998,0,0,0,0,0,0,0,0,0,0,0,0,0,0,0,0,0,0,0,0,531.42,0,0,-250.422
"MtrElec",7,29,19,"",238.876,0,0,0,0,0,0,0,0,0,0,0,0,0,0,0,0,0,0,0,0,547.109,0,-221.926,-86.3079
"MtrElec",7,29,20,"",286.213,0,0,0,0,0,0,0,0,0,0,0,0,0,0,0,0,0,0,0,0,516.881,0,-221.926,-8.74294
"MtrElec",7,29,21,"",344.227,0,0,0,0,0,0,0,0,0,0,0,0,0,0,0,0,0,0,0,0,499.582,0,-155.355,0
"MtrElec",7,29,22,"",282.695,0,0,0,0,0,0,0,0,0,0,0,0,0,0,0,0,0,0,0,0,282.695,0,0,0
"MtrElec",7,29,23,"",298.741,0,0,0,0,0,0,0,0,0,0,0,0,0,0,0,0,0,0,0,0,298.741,0,0,0
"MtrElec",7,29,24,"",207.066,0,0,0,0,0,0,0,0,0,0,0,0,0,0,0,0,0,0,0,0,207.066,0,0,0
"MtrElec",7,30,1,"",153.908,0,0,0,0,0,0,0,0,0,0,0,0,0,0,0,0,0,0,0,0,153.908,0,0,0
"MtrElec",7,30,2,"",153.978,0,0,0,0,0,0,0,0,0,0,0,0,0,0,0,0,0,0,0,0,153.978,0,0,0
"MtrElec",7,30,3,"",188.566,0,0,0,0,0,0,0,0,0,0,0,0,0,0,0,0,0,0,0,0,188.566,0,0,0
"MtrElec",7,30,4,"",150.592,0,0,0,0,0,0,0,0,0,0,0,0,0,0,0,0,0,0,0,0,150.592,0,0,0
"MtrElec",7,30,5,"",151.683,0,0,0,0,0,0,0,0,0,0,0,0,0,0,0,0,0,0,0,0,151.683,0,0,0
"MtrElec",7,30,6,"",184.947,0,0,0,0,0,0,0,0,0,0,0,0,0,0,0,0,0,0,0,0,184.947,0,0,0
"MtrElec",7,30,7,"",245.86,0,0,0,0,0,0,0,0,0,0,0,0,0,0,0,0,0,0,0,0,258.892,0,0,-13.0315
"MtrElec",7,30,8,"",232.754,0,0,0,0,0,0,0,0,0,0,0,0,0,0,0,0,0,0,0,0,334.671,0,0,-101.917
"MtrElec",7,30,9,"",136.075,0,0,0,0,0,0,0,0,0,0,0,0,0,0,0,0,0,0,0,0,403.789,0,0,-267.714
"MtrElec",7,30,10,"",57.197,0,0,0,0,0,0,0,0,0,0,0,0,0,0,0,0,0,0,0,0,479.945,0,0,-422.748
"MtrElec",7,30,11,"",0.0000039,0,0,0,0,0,0,0,0,0,0,0,0,0,0,0,0,0,0,0,0,502.741,0,36.1844,-538.926
"MtrElec",7,30,12,"",0.0000078,0,0,0,0,0,0,0,0,0,0,0,0,0,0,0,0,0,0,0,0,505.655,0,111.864,-617.519
"MtrElec",7,30,13,"",0,0,0,0,0,0,0,0,0,0,0,0,0,0,0,0,0,0,0,0,0,514.674,0,147.339,-662.013
"MtrElec",7,30,14,"",0.0000156,0,0,0,0,0,0,0,0,0,0,0,0,0,0,0,0,0,0,0,0,492.225,0,164.535,-656.76
"MtrElec",7,30,15,"",0,0,0,0,0,0,0,0,0,0,0,0,0,0,0,0,0,0,0,0,0,521.198,0,96.4488,-617.646
"MtrElec",7,30,16,"",0,0,0,0,0,0,0,0,0,0,0,0,0,0,0,0,0,0,0,0,0,486.38,0,48.3339,-534.714
"MtrElec",7,30,17,"",108.33,0,0,0,0,0,0,0,0,0,0,0,0,0,0,0,0,0,0,0,0,519.341,0,0,-411.011
"MtrElec",7,30,18,"",307.655,0,0,0,0,0,0,0,0,0,0,0,0,0,0,0,0,0,0,0,0,559.594,0,0,-251.939
"MtrElec",7,30,19,"",227.897,0,0,0,0,0,0,0,0,0,0,0,0,0,0,0,0,0,0,0,0,536.706,0,-221.926,-86.8833
"MtrElec",7,30,20,"",250.705,0,0,0,0,0,0,0,0,0,0,0,0,0,0,0,0,0,0,0,0,482.579,0,-221.926,-9.94867
"MtrElec",7,30,21,"",344.665,0,0,0,0,0,0,0,0,0,0,0,0,0,0,0,0,0,0,0,0,446.56,0,-101.896,0
"MtrElec",7,30,22,"",311.321,0,0,0,0,0,0,0,0,0,0,0,0,0,0,0,0,0,0,0,0,311.321,0,0,0
"MtrElec",7,30,23,"",246.07,0,0,0,0,0,0,0,0,0,0,0,0,0,0,0,0,0,0,0,0,246.07,0,0,0
"MtrElec",7,30,24,"",263.118,0,0,0,0,0,0,0,0,0,0,0,0,0,0,0,0,0,0,0,0,263.118,0,0,0
"MtrElec",7,31,1,"",170.092,0,0,0,0,0,0,0,0,0,0,0,0,0,0,0,0,0,0,0,0,170.092,0,0,0
"MtrElec",7,31,2,"",153.973,0,0,0,0,0,0,0,0,0,0,0,0,0,0,0,0,0,0,0,0,153.973,0,0,0
"MtrElec",7,31,3,"",147.704,0,0,0,0,0,0,0,0,0,0,0,0,0,0,0,0,0,0,0,0,147.704,0,0,0
"MtrElec",7,31,4,"",146.705,0,0,0,0,0,0,0,0,0,0,0,0,0,0,0,0,0,0,0,0,146.705,0,0,0
"MtrElec",7,31,5,"",143.256,0,0,0,0,0,0,0,0,0,0,0,0,0,0,0,0,0,0,0,0,143.256,0,0,0
"MtrElec",7,31,6,"",189.228,0,0,0,0,0,0,0,0,0,0,0,0,0,0,0,0,0,0,0,0,189.228,0,0,0
"MtrElec",7,31,7,"",223.822,0,0,0,0,0,0,0,0,0,0,0,0,0,0,0,0,0,0,0,0,236.523,0,0,-12.7011
"MtrElec",7,31,8,"",227.214,0,0,0,0,0,0,0,0,0,0,0,0,0,0,0,0,0,0,0,0,307.647,0,0,-80.4323
"MtrElec",7,31,9,"",244.384,0,0,0,0,0,0,0,0,0,0,0,0,0,0,0,0,0,0,0,0,410.064,0,0,-165.68
"MtrElec",7,31,10,"",187.291,0,0,0,0,0,0,0,0,0,0,0,0,0,0,0,0,0,0,0,0,470.398,0,0,-283.107
"MtrElec",7,31,11,"",0.0000020,0,0,0,0,0,0,0,0,0,0,0,0,0,0,0,0,0,0,0,0,471.411,0,21.8617,-493.273
"MtrElec",7,31,12,"",0,0,0,0,0,0,0,0,0,0,0,0,0,0,0,0,0,0,0,0,0,526.551,0,75.5115,-602.063
"MtrElec",7,31,13,"",0.0000039,0,0,0,0,0,0,0,0,0,0,0,0,0,0,0,0,0,0,0,0,600.325,0,34.0925,-634.418
"MtrElec",7,31,14,"",0,0,0,0,0,0,0,0,0,0,0,0,0,0,0,0,0,0,0,0,0,475.983,0,163.95,-639.934
"MtrElec",7,31,15,"",0,0,0,0,0,0,0,0,0,0,0,0,0,0,0,0,0,0,0,0,0,475.311,0,127.177,-602.488
"MtrElec",7,31,16,"",0,0,0,0,0,0,0,0,0,0,0,0,0,0,0,0,0,0,0,0,0,510.961,0,6.18897,-517.15
"MtrElec",7,31,17,"",106.646,0,0,0,0,0,0,0,0,0,0,0,0,0,0,0,0,0,0,0,0,498.094,0,0,-391.448
"MtrElec",7,31,18,"",299.446,0,0,0,0,0,0,0,0,0,0,0,0,0,0,0,0,0,0,0,0,544.168,0,0,-244.722
"MtrElec",7,31,19,"",210.412,0,0,0,0,0,0,0,0,0,0,0,0,0,0,0,0,0,0,0,0,519.451,0,-221.926,-87.1129
"MtrElec",7,31,20,"",318.084,0,0,0,0,0,0,0,0,0,0,0,0,0,0,0,0,0,0,0,0,493.064,0,-165.05,-9.93052
"MtrElec",7,31,21,"",462.792,0,0,0,0,0,0,0,0,0,0,0,0,0,0,0,0,0,0,0,0,462.792,0,0,0
"MtrElec",7,31,22,"",302.213,0,0,0,0,0,0,0,0,0,0,0,0,0,0,0,0,0,0,0,0,302.213,0,0,0
"MtrElec",7,31,23,"",318.19,0,0,0,0,0,0,0,0,0,0,0,0,0,0,0,0,0,0,0,0,318.19,0,0,0
"MtrElec",7,31,24,"",268.062,0,0,0,0,0,0,0,0,0,0,0,0,0,0,0,0,0,0,0,0,268.062,0,0,0
"MtrElec",8,1,1,"",159.211,0,0,0,0,0,0,0,0,0,0,0,0,0,0,0,0,0,0,0,0,159.211,0,0,0
"MtrElec",8,1,2,"",152.776,0,0,0,0,0,0,0,0,0,0,0,0,0,0,0,0,0,0,0,0,152.776,0,0,0
"MtrElec",8,1,3,"",148.089,0,0,0,0,0,0,0,0,0,0,0,0,0,0,0,0,0,0,0,0,148.089,0,0,0
"MtrElec",8,1,4,"",148.094,0,0,0,0,0,0,0,0,0,0,0,0,0,0,0,0,0,0,0,0,148.094,0,0,0
"MtrElec",8,1,5,"",165.151,0,0,0,0,0,0,0,0,0,0,0,0,0,0,0,0,0,0,0,0,165.151,0,0,0
"MtrElec",8,1,6,"",149.72,0,0,0,0,0,0,0,0,0,0,0,0,0,0,0,0,0,0,0,0,149.72,0,0,0
"MtrElec",8,1,7,"",205.382,0,0,0,0,0,0,0,0,0,0,0,0,0,0,0,0,0,0,0,0,218.812,0,0,-13.4303
"MtrElec",8,1,8,"",143.062,0,0,0,0,0,0,0,0,0,0,0,0,0,0,0,0,0,0,0,0,227.16,0,0,-84.0983
"MtrElec",8,1,9,"",150.326,0,0,0,0,0,0,0,0,0,0,0,0,0,0,0,0,0,0,0,0,333.574,0,0,-183.248
"MtrElec",8,1,10,"",25.2346,0,0,0,0,0,0,0,0,0,0,0,0,0,0,0,0,0,0,0,0,424.153,0,0,-398.918
"MtrElec",8,1,11,"",26.7117,0,0,0,0,0,0,0,0,0,0,0,0,0,0,0,0,0,0,0,0,563.955,0,0,-537.243
"MtrElec",8,1,12,"",8.05313,0,0,0,0,0,0,0,0,0,0,0,0,0,0,0,0,0,0,0,0,617.744,0,0,-609.691
"MtrElec",8,1,13,"",0,0,0,0,0,0,0,0,0,0,0,0,0,0,0,0,0,0,0,0,0,583.438,0,81.0561,-664.495
"MtrElec",8,1,14,"",0,0,0,0,0,0,0,0,0,0,0,0,0,0,0,0,0,0,0,0,0,529.643,0,150.309,-679.952
"MtrElec",8,1,15,"",0,0,0,0,0,0,0,0,0,0,0,0,0,0,0,0,0,0,0,0,0,502.741,0,133.333,-636.074
"MtrElec",8,1,16,"",0,0,0,0,0,0,0,0,0,0,0,0,0,0,0,0,0,0,0,0,0,524.852,0,25.7904,-550.642
"MtrElec",8,1,17,"",89.8171,0,0,0,0,0,0,0,0,0,0,0,0,0,0,0,0,0,0,0,0,517.471,0,0,-427.654
"MtrElec",8,1,18,"",275.529,0,0,0,0,0,0,0,0,0,0,0,0,0,0,0,0,0,0,0,0,537.463,0,0,-261.934
"MtrElec",8,1,19,"",188.203,0,0,0,0,0,0,0,0,0,0,0,0,0,0,0,0,0,0,0,0,498.009,0,-221.926,-87.8802
"MtrElec",8,1,20,"",268.832,0,0,0,0,0,0,0,0,0,0,0,0,0,0,0,0,0,0,0,0,407.785,0,-130.49,-8.46233
"MtrElec",8,1,21,"",358.51,0,0,0,0,0,0,0,0,0,0,0,0,0,0,0,0,0,0,0,0,358.51,0,0,0
"MtrElec",8,1,22,"",307.268,0,0,0,0,0,0,0,0,0,0,0,0,0,0,0,0,0,0,0,0,307.268,0,0,0
"MtrElec",8,1,23,"",211.704,0,0,0,0,0,0,0,0,0,0,0,0,0,0,0,0,0,0,0,0,211.704,0,0,0
"MtrElec",8,1,24,"",204.844,0,0,0,0,0,0,0,0,0,0,0,0,0,0,0,0,0,0,0,0,204.844,0,0,0
"MtrElec",8,2,1,"",158.179,0,0,0,0,0,0,0,0,0,0,0,0,0,0,0,0,0,0,0,0,158.179,0,0,0
"MtrElec",8,2,2,"",146.105,0,0,0,0,0,0,0,0,0,0,0,0,0,0,0,0,0,0,0,0,146.105,0,0,0
"MtrElec",8,2,3,"",147.514,0,0,0,0,0,0,0,0,0,0,0,0,0,0,0,0,0,0,0,0,147.514,0,0,0
"MtrElec",8,2,4,"",146.477,0,0,0,0,0,0,0,0,0,0,0,0,0,0,0,0,0,0,0,0,146.477,0,0,0
"MtrElec",8,2,5,"",147.954,0,0,0,0,0,0,0,0,0,0,0,0,0,0,0,0,0,0,0,0,147.954,0,0,0
"MtrElec",8,2,6,"",182.972,0,0,0,0,0,0,0,0,0,0,0,0,0,0,0,0,0,0,0,0,182.972,0,0,0
"MtrElec",8,2,7,"",142.304,0,0,0,0,0,0,0,0,0,0,0,0,0,0,0,0,0,0,0,0,152.772,0,0,-10.4687
"MtrElec",8,2,8,"",159.453,0,0,0,0,0,0,0,0,0,0,0,0,0,0,0,0,0,0,0,0,230.284,0,0,-70.8313
"MtrElec",8,2,9,"",133.496,0,0,0,0,0,0,0,0,0,0,0,0,0,0,0,0,0,0,0,0,286.184,0,0,-152.687
"MtrElec",8,2,10,"",8.84266,0,0,0,0,0,0,0,0,0,0,0,0,0,0,0,0,0,0,0,0,346.121,0,0,-337.278
"MtrElec",8,2,11,"",0,0,0,0,0,0,0,0,0,0,0,0,0,0,0,0,0,0,0,0,0,395.894,0,156.093,-551.987
"MtrElec",8,2,12,"",0,0,0,0,0,0,0,0,0,0,0,0,0,0,0,0,0,0,0,0,0,481.453,0,143.534,-624.987
"MtrElec",8,2,13,"",0,0,0,0,0,0,0,0,0,0,0,0,0,0,0,0,0,0,0,0,0,466.668,0,199.412,-666.08
"MtrElec",8,2,14,"",-22.7969,0,0,0,0,0,0,0,0,0,0,0,0,0,0,0,0,0,0,0,0,430.561,0,221.926,-675.284
"MtrElec",8,2,15,"",-82.0192,0,0,0,0,0,0,0,0,0,0,0,0,0,0,0,0,0,0,0,0,479.354,0,73.4184,-634.792
"MtrElec",8,2,16,"",-120.678,0,0,0,0,0,0,0,0,0,0,0,0,0,0,0,0,0,0,0,0,430.107,0,0,-550.785
"MtrElec",8,2,17,"",14.6905,0,0,0,0,0,0,0,0,0,0,0,0,0,0,0,0,0,0,0,0,438.839,0,0,-424.148
"MtrElec",8,2,18,"",177.747,0,0,0,0,0,0,0,0,0,0,0,0,0,0,0,0,0,0,0,0,434.215,0,0,-256.468
"MtrElec",8,2,19,"",141.731,0,0,0,0,0,0,0,0,0,0,0,0,0,0,0,0,0,0,0,0,450.406,0,-221.926,-86.7495
"MtrElec",8,2,20,"",150.759,0,0,0,0,0,0,0,0,0,0,0,0,0,0,0,0,0,0,0,0,381.6,0,-221.926,-8.91552
"MtrElec",8,2,21,"",128.975,0,0,0,0,0,0,0,0,0,0,0,0,0,0,0,0,0,0,0,0,350.901,0,-221.926,0
"MtrElec",8,2,22,"",301.676,0,0,0,0,0,0,0,0,0,0,0,0,0,0,0,0,0,0,0,0,352.829,0,-51.1531,0
"MtrElec",8,2,23,"",231.17,0,0,0,0,0,0,0,0,0,0,0,0,0,0,0,0,0,0,0,0,231.17,0,0,0
"MtrElec",8,2,24,"",193.568,0,0,0,0,0,0,0,0,0,0,0,0,0,0,0,0,0,0,0,0,193.568,0,0,0
"MtrElec",8,3,1,"",165.009,0,0,0,0,0,0,0,0,0,0,0,0,0,0,0,0,0,0,0,0,165.009,0,0,0
"MtrElec",8,3,2,"",150.135,0,0,0,0,0,0,0,0,0,0,0,0,0,0,0,0,0,0,0,0,150.135,0,0,0
"MtrElec",8,3,3,"",145.727,0,0,0,0,0,0,0,0,0,0,0,0,0,0,0,0,0,0,0,0,145.727,0,0,0
"MtrElec",8,3,4,"",143.951,0,0,0,0,0,0,0,0,0,0,0,0,0,0,0,0,0,0,0,0,143.951,0,0,0
"MtrElec",8,3,5,"",139.632,0,0,0,0,0,0,0,0,0,0,0,0,0,0,0,0,0,0,0,0,139.632,0,0,0
"MtrElec",8,3,6,"",186.722,0,0,0,0,0,0,0,0,0,0,0,0,0,0,0,0,0,0,0,0,186.722,0,0,0
"MtrElec",8,3,7,"",237.089,0,0,0,0,0,0,0,0,0,0,0,0,0,0,0,0,0,0,0,0,247.569,0,0,-10.4805
"MtrElec",8,3,8,"",190.121,0,0,0,0,0,0,0,0,0,0,0,0,0,0,0,0,0,0,0,0,290.117,0,0,-99.9962
"MtrElec",8,3,9,"",108.84,0,0,0,0,0,0,0,0,0,0,0,0,0,0,0,0,0,0,0,0,376.438,0,0,-267.598
"MtrElec",8,3,10,"",71.2763,0,0,0,0,0,0,0,0,0,0,0,0,0,0,0,0,0,0,0,0,499.793,0,0,-428.517
"MtrElec",8,3,11,"",0,0,0,0,0,0,0,0,0,0,0,0,0,0,0,0,0,0,0,0,0,489.062,0,63.2608,-552.323
"MtrElec",8,3,12,"",0.0000078,0,0,0,0,0,0,0,0,0,0,0,0,0,0,0,0,0,0,0,0,532.116,0,100.26,-632.377
"MtrElec",8,3,13,"",0,0,0,0,0,0,0,0,0,0,0,0,0,0,0,0,0,0,0,0,0,575.021,0,102.336,-677.357
"MtrElec",8,3,14,"",0.0000156,0,0,0,0,0,0,0,0,0,0,0,0,0,0,0,0,0,0,0,0,489.1,0,186.121,-675.221
"MtrElec",8,3,15,"",0.0000156,0,0,0,0,0,0,0,0,0,0,0,0,0,0,0,0,0,0,0,0,457.032,0,173.264,-630.297
"MtrElec",8,3,16,"",0,0,0,0,0,0,0,0,0,0,0,0,0,0,0,0,0,0,0,0,0,527.803,0,16.5098,-544.313
"MtrElec",8,3,17,"",134.704,0,0,0,0,0,0,0,0,0,0,0,0,0,0,0,0,0,0,0,0,551.074,0,0,-416.37
"MtrElec",8,3,18,"",261.989,0,0,0,0,0,0,0,0,0,0,0,0,0,0,0,0,0,0,0,0,513.527,0,0,-251.538
"MtrElec",8,3,19,"",209.312,0,0,0,0,0,0,0,0,0,0,0,0,0,0,0,0,0,0,0,0,515.578,0,-221.926,-84.34
"MtrElec",8,3,20,"",274.468,0,0,0,0,0,0,0,0,0,0,0,0,0,0,0,0,0,0,0,0,504.594,0,-221.926,-8.20048
"MtrElec",8,3,21,"",322.927,0,0,0,0,0,0,0,0,0,0,0,0,0,0,0,0,0,0,0,0,458.257,0,-135.33,0
"MtrElec",8,3,22,"",338.661,0,0,0,0,0,0,0,0,0,0,0,0,0,0,0,0,0,0,0,0,338.661,0,0,0
"MtrElec",8,3,23,"",222.772,0,0,0,0,0,0,0,0,0,0,0,0,0,0,0,0,0,0,0,0,222.772,0,0,0
"MtrElec",8,3,24,"",231.3,0,0,0,0,0,0,0,0,0,0,0,0,0,0,0,0,0,0,0,0,231.3,0,0,0
"MtrElec",8,4,1,"",172.245,0,0,0,0,0,0,0,0,0,0,0,0,0,0,0,0,0,0,0,0,172.245,0,0,0
"MtrElec",8,4,2,"",150.729,0,0,0,0,0,0,0,0,0,0,0,0,0,0,0,0,0,0,0,0,150.729,0,0,0
"MtrElec",8,4,3,"",143.473,0,0,0,0,0,0,0,0,0,0,0,0,0,0,0,0,0,0,0,0,143.473,0,0,0
"MtrElec",8,4,4,"",144.418,0,0,0,0,0,0,0,0,0,0,0,0,0,0,0,0,0,0,0,0,144.418,0,0,0
"MtrElec",8,4,5,"",137.736,0,0,0,0,0,0,0,0,0,0,0,0,0,0,0,0,0,0,0,0,137.736,0,0,0
"MtrElec",8,4,6,"",182.031,0,0,0,0,0,0,0,0,0,0,0,0,0,0,0,0,0,0,0,0,182.031,0,0,0
"MtrElec",8,4,7,"",251.795,0,0,0,0,0,0,0,0,0,0,0,0,0,0,0,0,0,0,0,0,262.981,0,0,-11.1864
"MtrElec",8,4,8,"",233.613,0,0,0,0,0,0,0,0,0,0,0,0,0,0,0,0,0,0,0,0,333.355,0,0,-99.7426
"MtrElec",8,4,9,"",119.801,0,0,0,0,0,0,0,0,0,0,0,0,0,0,0,0,0,0,0,0,383.849,0,0,-264.047
"MtrElec",8,4,10,"",66.5926,0,0,0,0,0,0,0,0,0,0,0,0,0,0,0,0,0,0,0,0,481.303,0,0,-414.71
"MtrElec",8,4,11,"",0,0,0,0,0,0,0,0,0,0,0,0,0,0,0,0,0,0,0,0,0,484.251,0,59.1091,-543.36
"MtrElec",8,4,12,"",0,0,0,0,0,0,0,0,0,0,0,0,0,0,0,0,0,0,0,0,0,498.073,0,127.531,-625.605
"MtrElec",8,4,13,"",0.0000078,0,0,0,0,0,0,0,0,0,0,0,0,0,0,0,0,0,0,0,0,552.988,0,111.859,-664.848
"MtrElec",8,4,14,"",0,0,0,0,0,0,0,0,0,0,0,0,0,0,0,0,0,0,0,0,0,452.811,0,213.073,-665.884
"MtrElec",8,4,15,"",0,0,0,0,0,0,0,0,0,0,0,0,0,0,0,0,0,0,0,0,0,494.839,0,125.088,-619.927
"MtrElec",8,4,16,"",0,0,0,0,0,0,0,0,0,0,0,0,0,0,0,0,0,0,0,0,0,466.102,0,65.1285,-531.23
"MtrElec",8,4,17,"",119.677,0,0,0,0,0,0,0,0,0,0,0,0,0,0,0,0,0,0,0,0,523.791,0,0,-404.114
"MtrElec",8,4,18,"",300.973,0,0,0,0,0,0,0,0,0,0,0,0,0,0,0,0,0,0,0,0,544.554,0,0,-243.58
"MtrElec",8,4,19,"",218.732,0,0,0,0,0,0,0,0,0,0,0,0,0,0,0,0,0,0,0,0,518.642,0,-221.926,-77.9842
"MtrElec",8,4,20,"",257.091,0,0,0,0,0,0,0,0,0,0,0,0,0,0,0,0,0,0,0,0,488.946,0,-221.926,-9.9291
"MtrElec",8,4,21,"",268.212,0,0,0,0,0,0,0,0,0,0,0,0,0,0,0,0,0,0,0,0,457.725,0,-189.513,0
"MtrElec",8,4,22,"",311.474,0,0,0,0,0,0,0,0,0,0,0,0,0,0,0,0,0,0,0,0,311.474,0,0,0
"MtrElec",8,4,23,"",270.475,0,0,0,0,0,0,0,0,0,0,0,0,0,0,0,0,0,0,0,0,270.475,0,0,0
"MtrElec",8,4,24,"",200.452,0,0,0,0,0,0,0,0,0,0,0,0,0,0,0,0,0,0,0,0,200.452,0,0,0
"MtrElec",8,5,1,"",159.333,0,0,0,0,0,0,0,0,0,0,0,0,0,0,0,0,0,0,0,0,159.333,0,0,0
"MtrElec",8,5,2,"",151.663,0,0,0,0,0,0,0,0,0,0,0,0,0,0,0,0,0,0,0,0,151.663,0,0,0
"MtrElec",8,5,3,"",145.996,0,0,0,0,0,0,0,0,0,0,0,0,0,0,0,0,0,0,0,0,145.996,0,0,0
"MtrElec",8,5,4,"",143.618,0,0,0,0,0,0,0,0,0,0,0,0,0,0,0,0,0,0,0,0,143.618,0,0,0
"MtrElec",8,5,5,"",141.078,0,0,0,0,0,0,0,0,0,0,0,0,0,0,0,0,0,0,0,0,141.078,0,0,0
"MtrElec",8,5,6,"",186.727,0,0,0,0,0,0,0,0,0,0,0,0,0,0,0,0,0,0,0,0,186.727,0,0,0
"MtrElec",8,5,7,"",232.043,0,0,0,0,0,0,0,0,0,0,0,0,0,0,0,0,0,0,0,0,244.76,0,0,-12.7168
"MtrElec",8,5,8,"",265.271,0,0,0,0,0,0,0,0,0,0,0,0,0,0,0,0,0,0,0,0,357.36,0,0,-92.0892
"MtrElec",8,5,9,"",143.538,0,0,0,0,0,0,0,0,0,0,0,0,0,0,0,0,0,0,0,0,357.541,0,0,-214.003
"MtrElec",8,5,10,"",55.1772,0,0,0,0,0,0,0,0,0,0,0,0,0,0,0,0,0,0,0,0,461.004,0,0,-405.827
"MtrElec",8,5,11,"",0,0,0,0,0,0,0,0,0,0,0,0,0,0,0,0,0,0,0,0,0,512.752,0,5.66859,-518.421
"MtrElec",8,5,12,"",0,0,0,0,0,0,0,0,0,0,0,0,0,0,0,0,0,0,0,0,0,528.827,0,76.0796,-604.907
"MtrElec",8,5,13,"",0.0000039,0,0,0,0,0,0,0,0,0,0,0,0,0,0,0,0,0,0,0,0,586.922,0,65.1132,-652.035
"MtrElec",8,5,14,"",0,0,0,0,0,0,0,0,0,0,0,0,0,0,0,0,0,0,0,0,0,456.21,0,198.918,-655.128
"MtrElec",8,5,15,"",0,0,0,0,0,0,0,0,0,0,0,0,0,0,0,0,0,0,0,0,0,456.807,0,155.191,-611.998
"MtrElec",8,5,16,"",0,0,0,0,0,0,0,0,0,0,0,0,0,0,0,0,0,0,0,0,0,511.258,0,9.12828,-520.386
"MtrElec",8,5,17,"",154.186,0,0,0,0,0,0,0,0,0,0,0,0,0,0,0,0,0,0,0,0,546.144,0,0,-391.958
"MtrElec",8,5,18,"",320.934,0,0,0,0,0,0,0,0,0,0,0,0,0,0,0,0,0,0,0,0,555.551,0,0,-234.617
"MtrElec",8,5,19,"",220.862,0,0,0,0,0,0,0,0,0,0,0,0,0,0,0,0,0,0,0,0,526.016,0,-221.926,-83.2278
"MtrElec",8,5,20,"",271.38,0,0,0,0,0,0,0,0,0,0,0,0,0,0,0,0,0,0,0,0,503.383,0,-221.926,-10.0774
"MtrElec",8,5,21,"",415.327,0,0,0,0,0,0,0,0,0,0,0,0,0,0,0,0,0,0,0,0,431.84,0,-16.5131,0
"MtrElec",8,5,22,"",337.176,0,0,0,0,0,0,0,0,0,0,0,0,0,0,0,0,0,0,0,0,337.176,0,0,0
"MtrElec",8,5,23,"",254.78,0,0,0,0,0,0,0,0,0,0,0,0,0,0,0,0,0,0,0,0,254.78,0,0,0
"MtrElec",8,5,24,"",219.804,0,0,0,0,0,0,0,0,0,0,0,0,0,0,0,0,0,0,0,0,219.804,0,0,0
"MtrElec",8,6,1,"",164.362,0,0,0,0,0,0,0,0,0,0,0,0,0,0,0,0,0,0,0,0,164.362,0,0,0
"MtrElec",8,6,2,"",153.153,0,0,0,0,0,0,0,0,0,0,0,0,0,0,0,0,0,0,0,0,153.153,0,0,0
"MtrElec",8,6,3,"",145.831,0,0,0,0,0,0,0,0,0,0,0,0,0,0,0,0,0,0,0,0,145.831,0,0,0
"MtrElec",8,6,4,"",144.983,0,0,0,0,0,0,0,0,0,0,0,0,0,0,0,0,0,0,0,0,144.983,0,0,0
"MtrElec",8,6,5,"",176.646,0,0,0,0,0,0,0,0,0,0,0,0,0,0,0,0,0,0,0,0,176.646,0,0,0
"MtrElec",8,6,6,"",148.395,0,0,0,0,0,0,0,0,0,0,0,0,0,0,0,0,0,0,0,0,148.395,0,0,0
"MtrElec",8,6,7,"",238.27,0,0,0,0,0,0,0,0,0,0,0,0,0,0,0,0,0,0,0,0,249.75,0,0,-11.4798
"MtrElec",8,6,8,"",221.482,0,0,0,0,0,0,0,0,0,0,0,0,0,0,0,0,0,0,0,0,320.27,0,0,-98.7877
"MtrElec",8,6,9,"",108.029,0,0,0,0,0,0,0,0,0,0,0,0,0,0,0,0,0,0,0,0,358.612,0,0,-250.584
"MtrElec",8,6,10,"",68.5439,0,0,0,0,0,0,0,0,0,0,0,0,0,0,0,0,0,0,0,0,470.995,0,0,-402.451
"MtrElec",8,6,11,"",0.0000020,0,0,0,0,0,0,0,0,0,0,0,0,0,0,0,0,0,0,0,0,494.231,0,32.7596,-526.991
"MtrElec",8,6,12,"",0.0000078,0,0,0,0,0,0,0,0,0,0,0,0,0,0,0,0,0,0,0,0,486.796,0,123.836,-610.632
"MtrElec",8,6,13,"",0,0,0,0,0,0,0,0,0,0,0,0,0,0,0,0,0,0,0,0,0,526.254,0,122.619,-648.873
"MtrElec",8,6,14,"",0,0,0,0,0,0,0,0,0,0,0,0,0,0,0,0,0,0,0,0,0,502.98,0,147.503,-650.483
"MtrElec",8,6,15,"",0,0,0,0,0,0,0,0,0,0,0,0,0,0,0,0,0,0,0,0,0,459.318,0,147.344,-606.662
"MtrElec",8,6,16,"",0.685719,0,0,0,0,0,0,0,0,0,0,0,0,0,0,0,0,0,0,0,0,522.115,0,0,-521.43
"MtrElec",8,6,17,"",106.824,0,0,0,0,0,0,0,0,0,0,0,0,0,0,0,0,0,0,0,0,501.349,0,0,-394.525
"MtrElec",8,6,18,"",316.803,0,0,0,0,0,0,0,0,0,0,0,0,0,0,0,0,0,0,0,0,552.378,0,0,-235.574
"MtrElec",8,6,19,"",213.242,0,0,0,0,0,0,0,0,0,0,0,0,0,0,0,0,0,0,0,0,512.763,0,-221.926,-77.5947
"MtrElec",8,6,20,"",271.875,0,0,0,0,0,0,0,0,0,0,0,0,0,0,0,0,0,0,0,0,502.001,0,-221.926,-8.19985
"MtrElec",8,6,21,"",397.012,0,0,0,0,0,0,0,0,0,0,0,0,0,0,0,0,0,0,0,0,471.251,0,-74.2384,0
"MtrElec",8,6,22,"",315.025,0,0,0,0,0,0,0,0,0,0,0,0,0,0,0,0,0,0,0,0,315.025,0,0,0
"MtrElec",8,6,23,"",290.784,0,0,0,0,0,0,0,0,0,0,0,0,0,0,0,0,0,0,0,0,290.784,0,0,0
"MtrElec",8,6,24,"",202.365,0,0,0,0,0,0,0,0,0,0,0,0,0,0,0,0,0,0,0,0,202.365,0,0,0
"MtrElec",8,7,1,"",168.434,0,0,0,0,0,0,0,0,0,0,0,0,0,0,0,0,0,0,0,0,168.434,0,0,0
"MtrElec",8,7,2,"",153.328,0,0,0,0,0,0,0,0,0,0,0,0,0,0,0,0,0,0,0,0,153.328,0,0,0
"MtrElec",8,7,3,"",146.824,0,0,0,0,0,0,0,0,0,0,0,0,0,0,0,0,0,0,0,0,146.824,0,0,0
"MtrElec",8,7,4,"",145.881,0,0,0,0,0,0,0,0,0,0,0,0,0,0,0,0,0,0,0,0,145.881,0,0,0
"MtrElec",8,7,5,"",176.377,0,0,0,0,0,0,0,0,0,0,0,0,0,0,0,0,0,0,0,0,176.377,0,0,0
"MtrElec",8,7,6,"",147.161,0,0,0,0,0,0,0,0,0,0,0,0,0,0,0,0,0,0,0,0,147.161,0,0,0
"MtrElec",8,7,7,"",228.881,0,0,0,0,0,0,0,0,0,0,0,0,0,0,0,0,0,0,0,0,240.343,0,0,-11.4625
"MtrElec",8,7,8,"",227.344,0,0,0,0,0,0,0,0,0,0,0,0,0,0,0,0,0,0,0,0,325.166,0,0,-97.8214
"MtrElec",8,7,9,"",85.8903,0,0,0,0,0,0,0,0,0,0,0,0,0,0,0,0,0,0,0,0,340.325,0,0,-254.434
"MtrElec",8,7,10,"",44.6995,0,0,0,0,0,0,0,0,0,0,0,0,0,0,0,0,0,0,0,0,452.149,0,0,-407.45
"MtrElec",8,7,11,"",0,0,0,0,0,0,0,0,0,0,0,0,0,0,0,0,0,0,0,0,0,505.375,0,28.3716,-533.747
"MtrElec",8,7,12,"",0,0,0,0,0,0,0,0,0,0,0,0,0,0,0,0,0,0,0,0,0,513.411,0,109.528,-622.939
"MtrElec",8,7,13,"",0,0,0,0,0,0,0,0,0,0,0,0,0,0,0,0,0,0,0,0,0,488.52,0,168.298,-656.817
"MtrElec",8,7,14,"",0,0,0,0,0,0,0,0,0,0,0,0,0,0,0,0,0,0,0,0,0,472.418,0,183.195,-655.613
"MtrElec",8,7,15,"",0.0000078,0,0,0,0,0,0,0,0,0,0,0,0,0,0,0,0,0,0,0,0,485.08,0,130.629,-615.709
"MtrElec",8,7,16,"",0,0,0,0,0,0,0,0,0,0,0,0,0,0,0,0,0,0,0,0,0,473.735,0,51.9466,-525.681
"MtrElec",8,7,17,"",113.402,0,0,0,0,0,0,0,0,0,0,0,0,0,0,0,0,0,0,0,0,511.142,0,0,-397.74
"MtrElec",8,7,18,"",271.2,0,0,0,0,0,0,0,0,0,0,0,0,0,0,0,0,0,0,0,0,510.303,0,0,-239.103
"MtrElec",8,7,19,"",197.754,0,0,0,0,0,0,0,0,0,0,0,0,0,0,0,0,0,0,0,0,499.855,0,-221.926,-80.1745
"MtrElec",8,7,20,"",286.852,0,0,0,0,0,0,0,0,0,0,0,0,0,0,0,0,0,0,0,0,515.806,0,-221.926,-7.02916
"MtrElec",8,7,21,"",289.349,0,0,0,0,0,0,0,0,0,0,0,0,0,0,0,0,0,0,0,0,451.948,0,-162.6,0
"MtrElec",8,7,22,"",282.431,0,0,0,0,0,0,0,0,0,0,0,0,0,0,0,0,0,0,0,0,282.431,0,0,0
"MtrElec",8,7,23,"",264.473,0,0,0,0,0,0,0,0,0,0,0,0,0,0,0,0,0,0,0,0,264.473,0,0,0
"MtrElec",8,7,24,"",192.982,0,0,0,0,0,0,0,0,0,0,0,0,0,0,0,0,0,0,0,0,192.982,0,0,0
"MtrElec",8,8,1,"",165.856,0,0,0,0,0,0,0,0,0,0,0,0,0,0,0,0,0,0,0,0,165.856,0,0,0
"MtrElec",8,8,2,"",147.883,0,0,0,0,0,0,0,0,0,0,0,0,0,0,0,0,0,0,0,0,147.883,0,0,0
"MtrElec",8,8,3,"",184.375,0,0,0,0,0,0,0,0,0,0,0,0,0,0,0,0,0,0,0,0,184.375,0,0,0
"MtrElec",8,8,4,"",150.057,0,0,0,0,0,0,0,0,0,0,0,0,0,0,0,0,0,0,0,0,150.057,0,0,0
"MtrElec",8,8,5,"",149.282,0,0,0,0,0,0,0,0,0,0,0,0,0,0,0,0,0,0,0,0,149.282,0,0,0
"MtrElec",8,8,6,"",146.041,0,0,0,0,0,0,0,0,0,0,0,0,0,0,0,0,0,0,0,0,146.041,0,0,0
"MtrElec",8,8,7,"",175.593,0,0,0,0,0,0,0,0,0,0,0,0,0,0,0,0,0,0,0,0,184.798,0,0,-9.20463
"MtrElec",8,8,8,"",178.975,0,0,0,0,0,0,0,0,0,0,0,0,0,0,0,0,0,0,0,0,274.853,0,0,-95.8782
"MtrElec",8,8,9,"",71.5564,0,0,0,0,0,0,0,0,0,0,0,0,0,0,0,0,0,0,0,0,334,0,0,-262.443
"MtrElec",8,8,10,"",51.4095,0,0,0,0,0,0,0,0,0,0,0,0,0,0,0,0,0,0,0,0,462.546,0,0,-411.137
"MtrElec",8,8,11,"",0,0,0,0,0,0,0,0,0,0,0,0,0,0,0,0,0,0,0,0,0,513.217,0,18.0189,-531.235
"MtrElec",8,8,12,"",0,0,0,0,0,0,0,0,0,0,0,0,0,0,0,0,0,0,0,0,0,573.666,0,25.9247,-599.591
"MtrElec",8,8,13,"",0,0,0,0,0,0,0,0,0,0,0,0,0,0,0,0,0,0,0,0,0,550.197,0,40.3696,-590.567
"MtrElec",8,8,14,"",0,0,0,0,0,0,0,0,0,0,0,0,0,0,0,0,0,0,0,0,0,517.721,0,82.2002,-599.921
"MtrElec",8,8,15,"",0,0,0,0,0,0,0,0,0,0,0,0,0,0,0,0,0,0,0,0,0,551.644,0,49.1688,-600.813
"MtrElec",8,8,16,"",0,0,0,0,0,0,0,0,0,0,0,0,0,0,0,0,0,0,0,0,0,483.128,0,37.3797,-520.508
"MtrElec",8,8,17,"",150.243,0,0,0,0,0,0,0,0,0,0,0,0,0,0,0,0,0,0,0,0,543.291,0,0,-393.048
"MtrElec",8,8,18,"",329.168,0,0,0,0,0,0,0,0,0,0,0,0,0,0,0,0,0,0,0,0,566.484,0,0,-237.316
"MtrElec",8,8,19,"",227.957,0,0,0,0,0,0,0,0,0,0,0,0,0,0,0,0,0,0,0,0,524.173,0,-221.926,-74.2899
"MtrElec",8,8,20,"",445.335,0,0,0,0,0,0,0,0,0,0,0,0,0,0,0,0,0,0,0,0,459.025,0,-6.46272,-7.22698
"MtrElec",8,8,21,"",396.235,0,0,0,0,0,0,0,0,0,0,0,0,0,0,0,0,0,0,0,0,396.235,0,0,0
"MtrElec",8,8,22,"",340.48,0,0,0,0,0,0,0,0,0,0,0,0,0,0,0,0,0,0,0,0,340.48,0,0,0
"MtrElec",8,8,23,"",261.479,0,0,0,0,0,0,0,0,0,0,0,0,0,0,0,0,0,0,0,0,261.479,0,0,0
"MtrElec",8,8,24,"",231.162,0,0,0,0,0,0,0,0,0,0,0,0,0,0,0,0,0,0,0,0,231.162,0,0,0
"MtrElec",8,9,1,"",164.547,0,0,0,0,0,0,0,0,0,0,0,0,0,0,0,0,0,0,0,0,164.547,0,0,0
"MtrElec",8,9,2,"",150.316,0,0,0,0,0,0,0,0,0,0,0,0,0,0,0,0,0,0,0,0,150.316,0,0,0
"MtrElec",8,9,3,"",184.186,0,0,0,0,0,0,0,0,0,0,0,0,0,0,0,0,0,0,0,0,184.186,0,0,0
"MtrElec",8,9,4,"",147.529,0,0,0,0,0,0,0,0,0,0,0,0,0,0,0,0,0,0,0,0,147.529,0,0,0
"MtrElec",8,9,5,"",164.562,0,0,0,0,0,0,0,0,0,0,0,0,0,0,0,0,0,0,0,0,164.562,0,0,0
"MtrElec",8,9,6,"",148.233,0,0,0,0,0,0,0,0,0,0,0,0,0,0,0,0,0,0,0,0,148.233,0,0,0
"MtrElec",8,9,7,"",148.025,0,0,0,0,0,0,0,0,0,0,0,0,0,0,0,0,0,0,0,0,158.886,0,0,-10.8612
"MtrElec",8,9,8,"",140.81,0,0,0,0,0,0,0,0,0,0,0,0,0,0,0,0,0,0,0,0,238.287,0,0,-97.4773
"MtrElec",8,9,9,"",57.9717,0,0,0,0,0,0,0,0,0,0,0,0,0,0,0,0,0,0,0,0,310.899,0,0,-252.927
"MtrElec",8,9,10,"",0.316344,0,0,0,0,0,0,0,0,0,0,0,0,0,0,0,0,0,0,0,0,402.663,0,0,-402.347
"MtrElec",8,9,11,"",0,0,0,0,0,0,0,0,0,0,0,0,0,0,0,0,0,0,0,0,0,453.04,0,73.9479,-526.988
"MtrElec",8,9,12,"",0,0,0,0,0,0,0,0,0,0,0,0,0,0,0,0,0,0,0,0,0,473.643,0,141.388,-615.03
"MtrElec",8,9,13,"",0,0,0,0,0,0,0,0,0,0,0,0,0,0,0,0,0,0,0,0,0,514.124,0,133.992,-648.116
"MtrElec",8,9,14,"",0,0,0,0,0,0,0,0,0,0,0,0,0,0,0,0,0,0,0,0,0,474.004,0,175.618,-649.622
"MtrElec",8,9,15,"",0.0000156,0,0,0,0,0,0,0,0,0,0,0,0,0,0,0,0,0,0,0,0,483.176,0,133.98,-617.156
"MtrElec",8,9,16,"",0,0,0,0,0,0,0,0,0,0,0,0,0,0,0,0,0,0,0,0,0,415.363,0,109.443,-524.806
"MtrElec",8,9,17,"",68.931,0,0,0,0,0,0,0,0,0,0,0,0,0,0,0,0,0,0,0,0,462.959,0,0,-394.028
"MtrElec",8,9,18,"",217.041,0,0,0,0,0,0,0,0,0,0,0,0,0,0,0,0,0,0,0,0,451.631,0,0,-234.59
"MtrElec",8,9,19,"",184.57,0,0,0,0,0,0,0,0,0,0,0,0,0,0,0,0,0,0,0,0,484.442,0,-221.926,-77.946
"MtrElec",8,9,20,"",129.481,0,0,0,0,0,0,0,0,0,0,0,0,0,0,0,0,0,0,0,0,359.001,0,-221.926,-7.59456
"MtrElec",8,9,21,"",148.012,0,0,0,0,0,0,0,0,0,0,0,0,0,0,0,0,0,0,0,0,369.937,0,-221.926,0
"MtrElec",8,9,22,"",326.829,0,0,0,0,0,0,0,0,0,0,0,0,0,0,0,0,0,0,0,0,354.504,0,-27.6751,0
"MtrElec",8,9,23,"",206.418,0,0,0,0,0,0,0,0,0,0,0,0,0,0,0,0,0,0,0,0,206.418,0,0,0
"MtrElec",8,9,24,"",232.132,0,0,0,0,0,0,0,0,0,0,0,0,0,0,0,0,0,0,0,0,232.132,0,0,0
"MtrElec",8,10,1,"",164.547,0,0,0,0,0,0,0,0,0,0,0,0,0,0,0,0,0,0,0,0,164.547,0,0,0
"MtrElec",8,10,2,"",153.428,0,0,0,0,0,0,0,0,0,0,0,0,0,0,0,0,0,0,0,0,153.428,0,0,0
"MtrElec",8,10,3,"",146.656,0,0,0,0,0,0,0,0,0,0,0,0,0,0,0,0,0,0,0,0,146.656,0,0,0
"MtrElec",8,10,4,"",145.569,0,0,0,0,0,0,0,0,0,0,0,0,0,0,0,0,0,0,0,0,145.569,0,0,0
"MtrElec",8,10,5,"",164.491,0,0,0,0,0,0,0,0,0,0,0,0,0,0,0,0,0,0,0,0,164.491,0,0,0
"MtrElec",8,10,6,"",158.926,0,0,0,0,0,0,0,0,0,0,0,0,0,0,0,0,0,0,0,0,158.926,0,0,0
"MtrElec",8,10,7,"",221.458,0,0,0,0,0,0,0,0,0,0,0,0,0,0,0,0,0,0,0,0,232.522,0,0,-11.0644
"MtrElec",8,10,8,"",241.083,0,0,0,0,0,0,0,0,0,0,0,0,0,0,0,0,0,0,0,0,335.467,0,0,-94.3837
"MtrElec",8,10,9,"",133.687,0,0,0,0,0,0,0,0,0,0,0,0,0,0,0,0,0,0,0,0,360.51,0,0,-226.823
"MtrElec",8,10,10,"",57.2431,0,0,0,0,0,0,0,0,0,0,0,0,0,0,0,0,0,0,0,0,470.793,0,0,-413.55
"MtrElec",8,10,11,"",0,0,0,0,0,0,0,0,0,0,0,0,0,0,0,0,0,0,0,0,0,501.646,0,28.4923,-530.138
"MtrElec",8,10,12,"",0,0,0,0,0,0,0,0,0,0,0,0,0,0,0,0,0,0,0,0,0,468.971,0,155.731,-624.703
"MtrElec",8,10,13,"",0,0,0,0,0,0,0,0,0,0,0,0,0,0,0,0,0,0,0,0,0,517.83,0,143.171,-661.001
"MtrElec",8,10,14,"",0,0,0,0,0,0,0,0,0,0,0,0,0,0,0,0,0,0,0,0,0,512.425,0,146.087,-658.512
"MtrElec",8,10,15,"",0,0,0,0,0,0,0,0,0,0,0,0,0,0,0,0,0,0,0,0,0,460.011,0,151.794,-611.805
"MtrElec",8,10,16,"",0,0,0,0,0,0,0,0,0,0,0,0,0,0,0,0,0,0,0,0,0,505.863,0,18.0556,-523.919
"MtrElec",8,10,17,"",111.947,0,0,0,0,0,0,0,0,0,0,0,0,0,0,0,0,0,0,0,0,506.413,0,0,-394.465
"MtrElec",8,10,18,"",303.408,0,0,0,0,0,0,0,0,0,0,0,0,0,0,0,0,0,0,0,0,538.091,0,0,-234.683
"MtrElec",8,10,19,"",233.88,0,0,0,0,0,0,0,0,0,0,0,0,0,0,0,0,0,0,0,0,532.901,0,-221.926,-77.0956
"MtrElec",8,10,20,"",310.928,0,0,0,0,0,0,0,0,0,0,0,0,0,0,0,0,0,0,0,0,538.623,0,-221.926,-5.76965
"MtrElec",8,10,21,"",320.905,0,0,0,0,0,0,0,0,0,0,0,0,0,0,0,0,0,0,0,0,457.66,0,-136.755,0
"MtrElec",8,10,22,"",320.532,0,0,0,0,0,0,0,0,0,0,0,0,0,0,0,0,0,0,0,0,320.532,0,0,0
"MtrElec",8,10,23,"",311.852,0,0,0,0,0,0,0,0,0,0,0,0,0,0,0,0,0,0,0,0,311.852,0,0,0
"MtrElec",8,10,24,"",221.025,0,0,0,0,0,0,0,0,0,0,0,0,0,0,0,0,0,0,0,0,221.025,0,0,0
"MtrElec",8,11,1,"",199.995,0,0,0,0,0,0,0,0,0,0,0,0,0,0,0,0,0,0,0,0,199.995,0,0,0
"MtrElec",8,11,2,"",149.99,0,0,0,0,0,0,0,0,0,0,0,0,0,0,0,0,0,0,0,0,149.99,0,0,0
"MtrElec",8,11,3,"",151.064,0,0,0,0,0,0,0,0,0,0,0,0,0,0,0,0,0,0,0,0,151.064,0,0,0
"MtrElec",8,11,4,"",151.155,0,0,0,0,0,0,0,0,0,0,0,0,0,0,0,0,0,0,0,0,151.155,0,0,0
"MtrElec",8,11,5,"",147.395,0,0,0,0,0,0,0,0,0,0,0,0,0,0,0,0,0,0,0,0,147.395,0,0,0
"MtrElec",8,11,6,"",146.725,0,0,0,0,0,0,0,0,0,0,0,0,0,0,0,0,0,0,0,0,146.725,0,0,0
"MtrElec",8,11,7,"",227.522,0,0,0,0,0,0,0,0,0,0,0,0,0,0,0,0,0,0,0,0,237.602,0,0,-10.0795
"MtrElec",8,11,8,"",270.099,0,0,0,0,0,0,0,0,0,0,0,0,0,0,0,0,0,0,0,0,355.562,0,0,-85.4628
"MtrElec",8,11,9,"",185.417,0,0,0,0,0,0,0,0,0,0,0,0,0,0,0,0,0,0,0,0,390.888,0,0,-205.471
"MtrElec",8,11,10,"",38.9127,0,0,0,0,0,0,0,0,0,0,0,0,0,0,0,0,0,0,0,0,467.825,0,0,-428.912
"MtrElec",8,11,11,"",0.0000039,0,0,0,0,0,0,0,0,0,0,0,0,0,0,0,0,0,0,0,0,519.256,0,35.8615,-555.117
"MtrElec",8,11,12,"",0,0,0,0,0,0,0,0,0,0,0,0,0,0,0,0,0,0,0,0,0,537.583,0,102.846,-640.429
"MtrElec",8,11,13,"",0.0000078,0,0,0,0,0,0,0,0,0,0,0,0,0,0,0,0,0,0,0,0,581.678,0,93.5788,-675.256
"MtrElec",8,11,14,"",0.0000156,0,0,0,0,0,0,0,0,0,0,0,0,0,0,0,0,0,0,0,0,470.261,0,198.312,-668.573
"MtrElec",8,11,15,"",0,0,0,0,0,0,0,0,0,0,0,0,0,0,0,0,0,0,0,0,0,501.605,0,125.372,-626.977
"MtrElec",8,11,16,"",0.0000010,0,0,0,0,0,0,0,0,0,0,0,0,0,0,0,0,0,0,0,0,524.732,0,14.7986,-539.531
"MtrElec",8,11,17,"",109.182,0,0,0,0,0,0,0,0,0,0,0,0,0,0,0,0,0,0,0,0,520.539,0,0,-411.357
"MtrElec",8,11,18,"",317.876,0,0,0,0,0,0,0,0,0,0,0,0,0,0,0,0,0,0,0,0,562.358,0,0,-244.482
"MtrElec",8,11,19,"",204.581,0,0,0,0,0,0,0,0,0,0,0,0,0,0,0,0,0,0,0,0,503.315,0,-221.926,-76.8075
"MtrElec",8,11,20,"",244.531,0,0,0,0,0,0,0,0,0,0,0,0,0,0,0,0,0,0,0,0,471.681,0,-221.926,-5.22331
"MtrElec",8,11,21,"",375.764,0,0,0,0,0,0,0,0,0,0,0,0,0,0,0,0,0,0,0,0,447.031,0,-71.2674,0
"MtrElec",8,11,22,"",290.851,0,0,0,0,0,0,0,0,0,0,0,0,0,0,0,0,0,0,0,0,290.851,0,0,0
"MtrElec",8,11,23,"",251.723,0,0,0,0,0,0,0,0,0,0,0,0,0,0,0,0,0,0,0,0,251.723,0,0,0
"MtrElec",8,11,24,"",172.468,0,0,0,0,0,0,0,0,0,0,0,0,0,0,0,0,0,0,0,0,172.468,0,0,0
"MtrElec",8,12,1,"",148.347,0,0,0,0,0,0,0,0,0,0,0,0,0,0,0,0,0,0,0,0,148.347,0,0,0
"MtrElec",8,12,2,"",150.762,0,0,0,0,0,0,0,0,0,0,0,0,0,0,0,0,0,0,0,0,150.762,0,0,0
"MtrElec",8,12,3,"",141.885,0,0,0,0,0,0,0,0,0,0,0,0,0,0,0,0,0,0,0,0,141.885,0,0,0
"MtrElec",8,12,4,"",179.093,0,0,0,0,0,0,0,0,0,0,0,0,0,0,0,0,0,0,0,0,179.093,0,0,0
"MtrElec",8,12,5,"",139.58,0,0,0,0,0,0,0,0,0,0,0,0,0,0,0,0,0,0,0,0,139.58,0,0,0
"MtrElec",8,12,6,"",147.909,0,0,0,0,0,0,0,0,0,0,0,0,0,0,0,0,0,0,0,0,147.909,0,0,0
"MtrElec",8,12,7,"",261.494,0,0,0,0,0,0,0,0,0,0,0,0,0,0,0,0,0,0,0,0,265.539,0,0,-4.04442
"MtrElec",8,12,8,"",305.226,0,0,0,0,0,0,0,0,0,0,0,0,0,0,0,0,0,0,0,0,350.877,0,0,-45.6516
"MtrElec",8,12,9,"",256.337,0,0,0,0,0,0,0,0,0,0,0,0,0,0,0,0,0,0,0,0,356.593,0,0,-100.256
"MtrElec",8,12,10,"",243.865,0,0,0,0,0,0,0,0,0,0,0,0,0,0,0,0,0,0,0,0,417.001,0,0,-173.136
"MtrElec",8,12,11,"",155.519,0,0,0,0,0,0,0,0,0,0,0,0,0,0,0,0,0,0,0,0,469.302,0,0,-313.784
"MtrElec",8,12,12,"",0,0,0,0,0,0,0,0,0,0,0,0,0,0,0,0,0,0,0,0,0,455.313,0,24.5553,-479.868
"MtrElec",8,12,13,"",-10.2268,0,0,0,0,0,0,0,0,0,0,0,0,0,0,0,0,0,0,0,0,458.172,0,221.926,-690.324
"MtrElec",8,12,14,"",0.0000156,0,0,0,0,0,0,0,0,0,0,0,0,0,0,0,0,0,0,0,0,483.541,0,199.629,-683.17
"MtrElec",8,12,15,"",0,0,0,0,0,0,0,0,0,0,0,0,0,0,0,0,0,0,0,0,0,459.025,0,174.215,-633.24
"MtrElec",8,12,16,"",0,0,0,0,0,0,0,0,0,0,0,0,0,0,0,0,0,0,0,0,0,505.092,0,43.6649,-548.757
"MtrElec",8,12,17,"",92.8458,0,0,0,0,0,0,0,0,0,0,0,0,0,0,0,0,0,0,0,0,510.204,0,0,-417.358
"MtrElec",8,12,18,"",294.022,0,0,0,0,0,0,0,0,0,0,0,0,0,0,0,0,0,0,0,0,543.591,0,0,-249.57
"MtrElec",8,12,19,"",215.052,0,0,0,0,0,0,0,0,0,0,0,0,0,0,0,0,0,0,0,0,513.609,0,-221.926,-76.6312
"MtrElec",8,12,20,"",224.872,0,0,0,0,0,0,0,0,0,0,0,0,0,0,0,0,0,0,0,0,452.04,0,-221.926,-5.24294
"MtrElec",8,12,21,"",267.641,0,0,0,0,0,0,0,0,0,0,0,0,0,0,0,0,0,0,0,0,423.041,0,-155.399,0
"MtrElec",8,12,22,"",310.056,0,0,0,0,0,0,0,0,0,0,0,0,0,0,0,0,0,0,0,0,310.056,0,0,0
"MtrElec",8,12,23,"",281.68,0,0,0,0,0,0,0,0,0,0,0,0,0,0,0,0,0,0,0,0,281.68,0,0,0
"MtrElec",8,12,24,"",206.725,0,0,0,0,0,0,0,0,0,0,0,0,0,0,0,0,0,0,0,0,206.725,0,0,0
"MtrElec",8,13,1,"",177.774,0,0,0,0,0,0,0,0,0,0,0,0,0,0,0,0,0,0,0,0,177.774,0,0,0
"MtrElec",8,13,2,"",194.343,0,0,0,0,0,0,0,0,0,0,0,0,0,0,0,0,0,0,0,0,194.343,0,0,0
"MtrElec",8,13,3,"",159.088,0,0,0,0,0,0,0,0,0,0,0,0,0,0,0,0,0,0,0,0,159.088,0,0,0
"MtrElec",8,13,4,"",163.633,0,0,0,0,0,0,0,0,0,0,0,0,0,0,0,0,0,0,0,0,163.633,0,0,0
"MtrElec",8,13,5,"",148.001,0,0,0,0,0,0,0,0,0,0,0,0,0,0,0,0,0,0,0,0,148.001,0,0,0
"MtrElec",8,13,6,"",173.706,0,0,0,0,0,0,0,0,0,0,0,0,0,0,0,0,0,0,0,0,173.706,0,0,0
"MtrElec",8,13,7,"",263.996,0,0,0,0,0,0,0,0,0,0,0,0,0,0,0,0,0,0,0,0,263.996,0,0,0
"MtrElec",8,13,8,"",308.207,0,0,0,0,0,0,0,0,0,0,0,0,0,0,0,0,0,0,0,0,325.998,0,0,-17.7914
"MtrElec",8,13,9,"",343.675,0,0,0,0,0,0,0,0,0,0,0,0,0,0,0,0,0,0,0,0,391.898,0,0,-48.2231
"MtrElec",8,13,10,"",342.107,0,0,0,0,0,0,0,0,0,0,0,0,0,0,0,0,0,0,0,0,448.686,0,0,-106.58
"MtrElec",8,13,11,"",235.168,0,0,0,0,0,0,0,0,0,0,0,0,0,0,0,0,0,0,0,0,450.392,0,0,-215.224
"MtrElec",8,13,12,"",103.135,0,0,0,0,0,0,0,0,0,0,0,0,0,0,0,0,0,0,0,0,498.091,0,0,-394.955
"MtrElec",8,13,13,"",0,0,0,0,0,0,0,0,0,0,0,0,0,0,0,0,0,0,0,0,0,537.265,0,22.4908,-559.756
"MtrElec",8,13,14,"",-37.7805,0,0,0,0,0,0,0,0,0,0,0,0,0,0,0,0,0,0,0,0,427.009,0,221.926,-686.715
"MtrElec",8,13,15,"",0.0000156,0,0,0,0,0,0,0,0,0,0,0,0,0,0,0,0,0,0,0,0,472.093,0,172.762,-644.856
"MtrElec",8,13,16,"",0,0,0,0,0,0,0,0,0,0,0,0,0,0,0,0,0,0,0,0,0,457.172,0,97.1602,-554.332
"MtrElec",8,13,17,"",106.556,0,0,0,0,0,0,0,0,0,0,0,0,0,0,0,0,0,0,0,0,526.432,0,0,-419.876
"MtrElec",8,13,18,"",277.373,0,0,0,0,0,0,0,0,0,0,0,0,0,0,0,0,0,0,0,0,526.449,0,0,-249.076
"MtrElec",8,13,19,"",207.23,0,0,0,0,0,0,0,0,0,0,0,0,0,0,0,0,0,0,0,0,504.297,0,-221.926,-75.1419
"MtrElec",8,13,20,"",245.624,0,0,0,0,0,0,0,0,0,0,0,0,0,0,0,0,0,0,0,0,471.588,0,-221.926,-4.03824
"MtrElec",8,13,21,"",446.625,0,0,0,0,0,0,0,0,0,0,0,0,0,0,0,0,0,0,0,0,466.965,0,-20.3396,0
"MtrElec",8,13,22,"",257.655,0,0,0,0,0,0,0,0,0,0,0,0,0,0,0,0,0,0,0,0,257.655,0,0,0
"MtrElec",8,13,23,"",252.528,0,0,0,0,0,0,0,0,0,0,0,0,0,0,0,0,0,0,0,0,252.528,0,0,0
"MtrElec",8,13,24,"",253.92,0,0,0,0,0,0,0,0,0,0,0,0,0,0,0,0,0,0,0,0,253.92,0,0,0
"MtrElec",8,14,1,"",165.338,0,0,0,0,0,0,0,0,0,0,0,0,0,0,0,0,0,0,0,0,165.338,0,0,0
"MtrElec",8,14,2,"",151.386,0,0,0,0,0,0,0,0,0,0,0,0,0,0,0,0,0,0,0,0,151.386,0,0,0
"MtrElec",8,14,3,"",144.473,0,0,0,0,0,0,0,0,0,0,0,0,0,0,0,0,0,0,0,0,144.473,0,0,0
"MtrElec",8,14,4,"",145.272,0,0,0,0,0,0,0,0,0,0,0,0,0,0,0,0,0,0,0,0,145.272,0,0,0
"MtrElec",8,14,5,"",144.238,0,0,0,0,0,0,0,0,0,0,0,0,0,0,0,0,0,0,0,0,144.238,0,0,0
"MtrElec",8,14,6,"",191.549,0,0,0,0,0,0,0,0,0,0,0,0,0,0,0,0,0,0,0,0,191.549,0,0,0
"MtrElec",8,14,7,"",235.284,0,0,0,0,0,0,0,0,0,0,0,0,0,0,0,0,0,0,0,0,235.284,0,0,0
"MtrElec",8,14,8,"",310.396,0,0,0,0,0,0,0,0,0,0,0,0,0,0,0,0,0,0,0,0,324.654,0,0,-14.2573
"MtrElec",8,14,9,"",296.701,0,0,0,0,0,0,0,0,0,0,0,0,0,0,0,0,0,0,0,0,336.342,0,0,-39.6414
"MtrElec",8,14,10,"",309.671,0,0,0,0,0,0,0,0,0,0,0,0,0,0,0,0,0,0,0,0,401.527,0,0,-91.8563
"MtrElec",8,14,11,"",280.6,0,0,0,0,0,0,0,0,0,0,0,0,0,0,0,0,0,0,0,0,419.874,0,0,-139.274
"MtrElec",8,14,12,"",193.354,0,0,0,0,0,0,0,0,0,0,0,0,0,0,0,0,0,0,0,0,424.436,0,0,-231.082
"MtrElec",8,14,13,"",132.323,0,0,0,0,0,0,0,0,0,0,0,0,0,0,0,0,0,0,0,0,510.999,0,0,-378.676
"MtrElec",8,14,14,"",-8.38434,0,0,0,0,0,0,0,0,0,0,0,0,0,0,0,0,0,0,0,0,389.093,0,221.926,-619.403
"MtrElec",8,14,15,"",0.0000156,0,0,0,0,0,0,0,0,0,0,0,0,0,0,0,0,0,0,0,0,447.519,0,188.397,-635.916
"MtrElec",8,14,16,"",0,0,0,0,0,0,0,0,0,0,0,0,0,0,0,0,0,0,0,0,0,430.615,0,116.016,-546.632
"MtrElec",8,14,17,"",88.8401,0,0,0,0,0,0,0,0,0,0,0,0,0,0,0,0,0,0,0,0,503.386,0,0,-414.546
"MtrElec",8,14,18,"",243.177,0,0,0,0,0,0,0,0,0,0,0,0,0,0,0,0,0,0,0,0,486.865,0,0,-243.688
"MtrElec",8,14,19,"",157.328,0,0,0,0,0,0,0,0,0,0,0,0,0,0,0,0,0,0,0,0,451.655,0,-221.926,-72.4006
"MtrElec",8,14,20,"",235.904,0,0,0,0,0,0,0,0,0,0,0,0,0,0,0,0,0,0,0,0,461.263,0,-221.926,-3.43353
"MtrElec",8,14,21,"",403.909,0,0,0,0,0,0,0,0,0,0,0,0,0,0,0,0,0,0,0,0,435.079,0,-31.1694,0
"MtrElec",8,14,22,"",311.275,0,0,0,0,0,0,0,0,0,0,0,0,0,0,0,0,0,0,0,0,311.275,0,0,0
"MtrElec",8,14,23,"",305.96,0,0,0,0,0,0,0,0,0,0,0,0,0,0,0,0,0,0,0,0,305.96,0,0,0
"MtrElec",8,14,24,"",216.905,0,0,0,0,0,0,0,0,0,0,0,0,0,0,0,0,0,0,0,0,216.905,0,0,0
"MtrElec",8,15,1,"",167.037,0,0,0,0,0,0,0,0,0,0,0,0,0,0,0,0,0,0,0,0,167.037,0,0,0
"MtrElec",8,15,2,"",184.61,0,0,0,0,0,0,0,0,0,0,0,0,0,0,0,0,0,0,0,0,184.61,0,0,0
"MtrElec",8,15,3,"",144.771,0,0,0,0,0,0,0,0,0,0,0,0,0,0,0,0,0,0,0,0,144.771,0,0,0
"MtrElec",8,15,4,"",144.76,0,0,0,0,0,0,0,0,0,0,0,0,0,0,0,0,0,0,0,0,144.76,0,0,0
"MtrElec",8,15,5,"",148.975,0,0,0,0,0,0,0,0,0,0,0,0,0,0,0,0,0,0,0,0,148.975,0,0,0
"MtrElec",8,15,6,"",146.307,0,0,0,0,0,0,0,0,0,0,0,0,0,0,0,0,0,0,0,0,146.307,0,0,0
"MtrElec",8,15,7,"",200.922,0,0,0,0,0,0,0,0,0,0,0,0,0,0,0,0,0,0,0,0,200.922,0,0,0
"MtrElec",8,15,8,"",240.207,0,0,0,0,0,0,0,0,0,0,0,0,0,0,0,0,0,0,0,0,260.259,0,0,-20.0517
"MtrElec",8,15,9,"",268.594,0,0,0,0,0,0,0,0,0,0,0,0,0,0,0,0,0,0,0,0,319.049,0,0,-50.4548
"MtrElec",8,15,10,"",305.771,0,0,0,0,0,0,0,0,0,0,0,0,0,0,0,0,0,0,0,0,400.602,0,0,-94.8314
"MtrElec",8,15,11,"",252.985,0,0,0,0,0,0,0,0,0,0,0,0,0,0,0,0,0,0,0,0,392.239,0,0,-139.254
"MtrElec",8,15,12,"",256.602,0,0,0,0,0,0,0,0,0,0,0,0,0,0,0,0,0,0,0,0,492.829,0,0,-236.227
"MtrElec",8,15,13,"",36.2376,0,0,0,0,0,0,0,0,0,0,0,0,0,0,0,0,0,0,0,0,490.952,0,0,-454.715
"MtrElec",8,15,14,"",0.0000156,0,0,0,0,0,0,0,0,0,0,0,0,0,0,0,0,0,0,0,0,478.164,0,203.71,-681.874
"MtrElec",8,15,15,"",0,0,0,0,0,0,0,0,0,0,0,0,0,0,0,0,0,0,0,0,0,528.38,0,64.0078,-592.388
"MtrElec",8,15,16,"",0,0,0,0,0,0,0,0,0,0,0,0,0,0,0,0,0,0,0,0,0,478.966,0,21.5726,-500.538
"MtrElec",8,15,17,"",73.3733,0,0,0,0,0,0,0,0,0,0,0,0,0,0,0,0,0,0,0,0,487.274,0,0,-413.901
"MtrElec",8,15,18,"",297.965,0,0,0,0,0,0,0,0,0,0,0,0,0,0,0,0,0,0,0,0,528.24,0,0,-230.275
"MtrElec",8,15,19,"",212.088,0,0,0,0,0,0,0,0,0,0,0,0,0,0,0,0,0,0,0,0,485.063,0,-221.926,-51.0497
"MtrElec",8,15,20,"",411.977,0,0,0,0,0,0,0,0,0,0,0,0,0,0,0,0,0,0,0,0,452.893,0,-39.1591,-1.75713
"MtrElec",8,15,21,"",424.01,0,0,0,0,0,0,0,0,0,0,0,0,0,0,0,0,0,0,0,0,424.01,0,0,0
"MtrElec",8,15,22,"",384.125,0,0,0,0,0,0,0,0,0,0,0,0,0,0,0,0,0,0,0,0,384.125,0,0,0
"MtrElec",8,15,23,"",249.487,0,0,0,0,0,0,0,0,0,0,0,0,0,0,0,0,0,0,0,0,249.487,0,0,0
"MtrElec",8,15,24,"",222.815,0,0,0,0,0,0,0,0,0,0,0,0,0,0,0,0,0,0,0,0,222.815,0,0,0
"MtrElec",8,16,1,"",161.93,0,0,0,0,0,0,0,0,0,0,0,0,0,0,0,0,0,0,0,0,161.93,0,0,0
"MtrElec",8,16,2,"",147.385,0,0,0,0,0,0,0,0,0,0,0,0,0,0,0,0,0,0,0,0,147.385,0,0,0
"MtrElec",8,16,3,"",149.442,0,0,0,0,0,0,0,0,0,0,0,0,0,0,0,0,0,0,0,0,149.442,0,0,0
"MtrElec",8,16,4,"",185.661,0,0,0,0,0,0,0,0,0,0,0,0,0,0,0,0,0,0,0,0,185.661,0,0,0
"MtrElec",8,16,5,"",163.606,0,0,0,0,0,0,0,0,0,0,0,0,0,0,0,0,0,0,0,0,163.606,0,0,0
"MtrElec",8,16,6,"",145.224,0,0,0,0,0,0,0,0,0,0,0,0,0,0,0,0,0,0,0,0,145.224,0,0,0
"MtrElec",8,16,7,"",192.724,0,0,0,0,0,0,0,0,0,0,0,0,0,0,0,0,0,0,0,0,193.853,0,0,-1.12871
"MtrElec",8,16,8,"",145.149,0,0,0,0,0,0,0,0,0,0,0,0,0,0,0,0,0,0,0,0,182.23,0,0,-37.0812
"MtrElec",8,16,9,"",187.701,0,0,0,0,0,0,0,0,0,0,0,0,0,0,0,0,0,0,0,0,268.767,0,0,-81.0654
"MtrElec",8,16,10,"",199.135,0,0,0,0,0,0,0,0,0,0,0,0,0,0,0,0,0,0,0,0,325.149,0,0,-126.014
"MtrElec",8,16,11,"",174.415,0,0,0,0,0,0,0,0,0,0,0,0,0,0,0,0,0,0,0,0,360.95,0,0,-186.535
"MtrElec",8,16,12,"",93.4567,0,0,0,0,0,0,0,0,0,0,0,0,0,0,0,0,0,0,0,0,401.786,0,0,-308.33
"MtrElec",8,16,13,"",0.0000156,0,0,0,0,0,0,0,0,0,0,0,0,0,0,0,0,0,0,0,0,427.841,0,209.365,-637.207
"MtrElec",8,16,14,"",-104.19,0,0,0,0,0,0,0,0,0,0,0,0,0,0,0,0,0,0,0,0,365.222,0,221.926,-691.338
"MtrElec",8,16,15,"",-15.6707,0,0,0,0,0,0,0,0,0,0,0,0,0,0,0,0,0,0,0,0,411.132,0,221.926,-648.729
"MtrElec",8,16,16,"",-8.39783,0,0,0,0,0,0,0,0,0,0,0,0,0,0,0,0,0,0,0,0,408.607,0,141.166,-558.171
"MtrElec",8,16,17,"",4.67562,0,0,0,0,0,0,0,0,0,0,0,0,0,0,0,0,0,0,0,0,429.698,0,0,-425.022
"MtrElec",8,16,18,"",209.565,0,0,0,0,0,0,0,0,0,0,0,0,0,0,0,0,0,0,0,0,460.352,0,0,-250.787
"MtrElec",8,16,19,"",189.5,0,0,0,0,0,0,0,0,0,0,0,0,0,0,0,0,0,0,0,0,482.272,0,-221.926,-70.8462
"MtrElec",8,16,20,"",131.244,0,0,0,0,0,0,0,0,0,0,0,0,0,0,0,0,0,0,0,0,353.17,0,-221.926,0
"MtrElec",8,16,21,"",27.6791,0,0,0,0,0,0,0,0,0,0,0,0,0,0,0,0,0,0,0,0,249.605,0,-221.926,0
"MtrElec",8,16,22,"",236.265,0,0,0,0,0,0,0,0,0,0,0,0,0,0,0,0,0,0,0,0,287.418,0,-51.1531,0
"MtrElec",8,16,23,"",204.976,0,0,0,0,0,0,0,0,0,0,0,0,0,0,0,0,0,0,0,0,204.976,0,0,0
"MtrElec",8,16,24,"",228.065,0,0,0,0,0,0,0,0,0,0,0,0,0,0,0,0,0,0,0,0,228.065,0,0,0
"MtrElec",8,17,1,"",161.078,0,0,0,0,0,0,0,0,0,0,0,0,0,0,0,0,0,0,0,0,161.078,0,0,0
"MtrElec",8,17,2,"",147.526,0,0,0,0,0,0,0,0,0,0,0,0,0,0,0,0,0,0,0,0,147.526,0,0,0
"MtrElec",8,17,3,"",142.514,0,0,0,0,0,0,0,0,0,0,0,0,0,0,0,0,0,0,0,0,142.514,0,0,0
"MtrElec",8,17,4,"",154.174,0,0,0,0,0,0,0,0,0,0,0,0,0,0,0,0,0,0,0,0,154.174,0,0,0
"MtrElec",8,17,5,"",144.757,0,0,0,0,0,0,0,0,0,0,0,0,0,0,0,0,0,0,0,0,144.757,0,0,0
"MtrElec",8,17,6,"",181.542,0,0,0,0,0,0,0,0,0,0,0,0,0,0,0,0,0,0,0,0,181.542,0,0,0
"MtrElec",8,17,7,"",221.473,0,0,0,0,0,0,0,0,0,0,0,0,0,0,0,0,0,0,0,0,224.868,0,0,-3.39444
"MtrElec",8,17,8,"",286.622,0,0,0,0,0,0,0,0,0,0,0,0,0,0,0,0,0,0,0,0,332.778,0,0,-46.1559
"MtrElec",8,17,9,"",204.018,0,0,0,0,0,0,0,0,0,0,0,0,0,0,0,0,0,0,0,0,324.606,0,0,-120.587
"MtrElec",8,17,10,"",107.454,0,0,0,0,0,0,0,0,0,0,0,0,0,0,0,0,0,0,0,0,379.194,0,0,-271.741
"MtrElec",8,17,11,"",0,0,0,0,0,0,0,0,0,0,0,0,0,0,0,0,0,0,0,0,0,460.721,0,77.7367,-538.457
"MtrElec",8,17,12,"",0.0000156,0,0,0,0,0,0,0,0,0,0,0,0,0,0,0,0,0,0,0,0,468.275,0,194.335,-662.61
"MtrElec",8,17,13,"",0,0,0,0,0,0,0,0,0,0,0,0,0,0,0,0,0,0,0,0,0,513.718,0,190.018,-703.736
"MtrElec",8,17,14,"",-106.271,0,0,0,0,0,0,0,0,0,0,0,0,0,0,0,0,0,0,0,0,373.568,0,221.926,-701.764
"MtrElec",8,17,15,"",-118.86,0,0,0,0,0,0,0,0,0,0,0,0,0,0,0,0,0,0,0,0,425.214,0,110.367,-654.441
"MtrElec",8,17,16,"",-141.724,0,0,0,0,0,0,0,0,0,0,0,0,0,0,0,0,0,0,0,0,420.574,0,0,-562.297
"MtrElec",8,17,17,"",67.3833,0,0,0,0,0,0,0,0,0,0,0,0,0,0,0,0,0,0,0,0,493.092,0,0,-425.708
"MtrElec",8,17,18,"",277.809,0,0,0,0,0,0,0,0,0,0,0,0,0,0,0,0,0,0,0,0,527.916,0,0,-250.107
"MtrElec",8,17,19,"",202.185,0,0,0,0,0,0,0,0,0,0,0,0,0,0,0,0,0,0,0,0,493.856,0,-221.926,-69.7458
"MtrElec",8,17,20,"",238.096,0,0,0,0,0,0,0,0,0,0,0,0,0,0,0,0,0,0,0,0,460.021,0,-221.926,0
"MtrElec",8,17,21,"",185.518,0,0,0,0,0,0,0,0,0,0,0,0,0,0,0,0,0,0,0,0,407.444,0,-221.926,0
"MtrElec",8,17,22,"",258.069,0,0,0,0,0,0,0,0,0,0,0,0,0,0,0,0,0,0,0,0,309.222,0,-51.1531,0
"MtrElec",8,17,23,"",279.74,0,0,0,0,0,0,0,0,0,0,0,0,0,0,0,0,0,0,0,0,279.74,0,0,0
"MtrElec",8,17,24,"",213.268,0,0,0,0,0,0,0,0,0,0,0,0,0,0,0,0,0,0,0,0,213.268,0,0,0
"MtrElec",8,18,1,"",160.048,0,0,0,0,0,0,0,0,0,0,0,0,0,0,0,0,0,0,0,0,160.048,0,0,0
"MtrElec",8,18,2,"",146.173,0,0,0,0,0,0,0,0,0,0,0,0,0,0,0,0,0,0,0,0,146.173,0,0,0
"MtrElec",8,18,3,"",145.672,0,0,0,0,0,0,0,0,0,0,0,0,0,0,0,0,0,0,0,0,145.672,0,0,0
"MtrElec",8,18,4,"",156.944,0,0,0,0,0,0,0,0,0,0,0,0,0,0,0,0,0,0,0,0,156.944,0,0,0
"MtrElec",8,18,5,"",151.126,0,0,0,0,0,0,0,0,0,0,0,0,0,0,0,0,0,0,0,0,151.126,0,0,0
"MtrElec",8,18,6,"",183.45,0,0,0,0,0,0,0,0,0,0,0,0,0,0,0,0,0,0,0,0,183.45,0,0,0
"MtrElec",8,18,7,"",227.23,0,0,0,0,0,0,0,0,0,0,0,0,0,0,0,0,0,0,0,0,230.573,0,0,-3.34265
"MtrElec",8,18,8,"",275.295,0,0,0,0,0,0,0,0,0,0,0,0,0,0,0,0,0,0,0,0,323.689,0,0,-48.3936
"MtrElec",8,18,9,"",219.34,0,0,0,0,0,0,0,0,0,0,0,0,0,0,0,0,0,0,0,0,332.64,0,0,-113.3
"MtrElec",8,18,10,"",172.67,0,0,0,0,0,0,0,0,0,0,0,0,0,0,0,0,0,0,0,0,411.217,0,0,-238.548
"MtrElec",8,18,11,"",0,0,0,0,0,0,0,0,0,0,0,0,0,0,0,0,0,0,0,0,0,429.954,0,90.6637,-520.617
"MtrElec",8,18,12,"",-43.841,0,0,0,0,0,0,0,0,0,0,0,0,0,0,0,0,0,0,0,0,398.558,0,221.926,-664.325
"MtrElec",8,18,13,"",0,0,0,0,0,0,0,0,0,0,0,0,0,0,0,0,0,0,0,0,0,495.743,0,211.143,-706.885
"MtrElec",8,18,14,"",-33.5207,0,0,0,0,0,0,0,0,0,0,0,0,0,0,0,0,0,0,0,0,453.497,0,221.926,-708.944
"MtrElec",8,18,15,"",-159.574,0,0,0,0,0,0,0,0,0,0,0,0,0,0,0,0,0,0,0,0,452.064,0,48.7249,-660.364
"MtrElec",8,18,16,"",-91.1438,0,0,0,0,0,0,0,0,0,0,0,0,0,0,0,0,0,0,0,0,471.186,0,0,-562.33
"MtrElec",8,18,17,"",81.9704,0,0,0,0,0,0,0,0,0,0,0,0,0,0,0,0,0,0,0,0,506.218,0,0,-424.248
"MtrElec",8,18,18,"",255.858,0,0,0,0,0,0,0,0,0,0,0,0,0,0,0,0,0,0,0,0,503.881,0,0,-248.023
"MtrElec",8,18,19,"",191.519,0,0,0,0,0,0,0,0,0,0,0,0,0,0,0,0,0,0,0,0,480.631,0,-221.926,-67.1857
"MtrElec",8,18,20,"",234.155,0,0,0,0,0,0,0,0,0,0,0,0,0,0,0,0,0,0,0,0,456.08,0,-221.926,0
"MtrElec",8,18,21,"",207.048,0,0,0,0,0,0,0,0,0,0,0,0,0,0,0,0,0,0,0,0,428.974,0,-221.926,0
"MtrElec",8,18,22,"",242.577,0,0,0,0,0,0,0,0,0,0,0,0,0,0,0,0,0,0,0,0,293.73,0,-51.1531,0
"MtrElec",8,18,23,"",255.177,0,0,0,0,0,0,0,0,0,0,0,0,0,0,0,0,0,0,0,0,255.177,0,0,0
"MtrElec",8,18,24,"",250.977,0,0,0,0,0,0,0,0,0,0,0,0,0,0,0,0,0,0,0,0,250.977,0,0,0
"MtrElec",8,19,1,"",144.262,0,0,0,0,0,0,0,0,0,0,0,0,0,0,0,0,0,0,0,0,144.262,0,0,0
"MtrElec",8,19,2,"",146.894,0,0,0,0,0,0,0,0,0,0,0,0,0,0,0,0,0,0,0,0,146.894,0,0,0
"MtrElec",8,19,3,"",141.888,0,0,0,0,0,0,0,0,0,0,0,0,0,0,0,0,0,0,0,0,141.888,0,0,0
"MtrElec",8,19,4,"",142.914,0,0,0,0,0,0,0,0,0,0,0,0,0,0,0,0,0,0,0,0,142.914,0,0,0
"MtrElec",8,19,5,"",140.622,0,0,0,0,0,0,0,0,0,0,0,0,0,0,0,0,0,0,0,0,140.622,0,0,0
"MtrElec",8,19,6,"",183.222,0,0,0,0,0,0,0,0,0,0,0,0,0,0,0,0,0,0,0,0,183.222,0,0,0
"MtrElec",8,19,7,"",227.379,0,0,0,0,0,0,0,0,0,0,0,0,0,0,0,0,0,0,0,0,232.885,0,0,-5.50565
"MtrElec",8,19,8,"",194.432,0,0,0,0,0,0,0,0,0,0,0,0,0,0,0,0,0,0,0,0,291.521,0,0,-97.0884
"MtrElec",8,19,9,"",64.4973,0,0,0,0,0,0,0,0,0,0,0,0,0,0,0,0,0,0,0,0,344.609,0,0,-280.112
"MtrElec",8,19,10,"",-14.0185,0,0,0,0,0,0,0,0,0,0,0,0,0,0,0,0,0,0,0,0,435.628,0,0,-449.646
"MtrElec",8,19,11,"",0,0,0,0,0,0,0,0,0,0,0,0,0,0,0,0,0,0,0,0,0,490.434,0,77.9641,-568.398
"MtrElec",8,19,12,"",0,0,0,0,0,0,0,0,0,0,0,0,0,0,0,0,0,0,0,0,0,467.204,0,193.729,-660.933
"MtrElec",8,19,13,"",-58.167,0,0,0,0,0,0,0,0,0,0,0,0,0,0,0,0,0,0,0,0,431.95,0,221.926,-712.042
"MtrElec",8,19,14,"",-33.922,0,0,0,0,0,0,0,0,0,0,0,0,0,0,0,0,0,0,0,0,449.727,0,221.926,-705.575
"MtrElec",8,19,15,"",-112.862,0,0,0,0,0,0,0,0,0,0,0,0,0,0,0,0,0,0,0,0,465.754,0,78.8377,-657.453
"MtrElec",8,19,16,"",-113.089,0,0,0,0,0,0,0,0,0,0,0,0,0,0,0,0,0,0,0,0,451.634,0,0,-564.723
"MtrElec",8,19,17,"",121.284,0,0,0,0,0,0,0,0,0,0,0,0,0,0,0,0,0,0,0,0,546.84,0,0,-425.556
"MtrElec",8,19,18,"",286.347,0,0,0,0,0,0,0,0,0,0,0,0,0,0,0,0,0,0,0,0,534.986,0,0,-248.639
"MtrElec",8,19,19,"",190.648,0,0,0,0,0,0,0,0,0,0,0,0,0,0,0,0,0,0,0,0,479.672,0,-221.926,-67.0984
"MtrElec",8,19,20,"",219.619,0,0,0,0,0,0,0,0,0,0,0,0,0,0,0,0,0,0,0,0,441.545,0,-221.926,0
"MtrElec",8,19,21,"",182.734,0,0,0,0,0,0,0,0,0,0,0,0,0,0,0,0,0,0,0,0,404.659,0,-221.926,0
"MtrElec",8,19,22,"",247.507,0,0,0,0,0,0,0,0,0,0,0,0,0,0,0,0,0,0,0,0,298.66,0,-51.1531,0
"MtrElec",8,19,23,"",254.324,0,0,0,0,0,0,0,0,0,0,0,0,0,0,0,0,0,0,0,0,254.324,0,0,0
"MtrElec",8,19,24,"",186.256,0,0,0,0,0,0,0,0,0,0,0,0,0,0,0,0,0,0,0,0,186.256,0,0,0
"MtrElec",8,20,1,"",196.17,0,0,0,0,0,0,0,0,0,0,0,0,0,0,0,0,0,0,0,0,196.17,0,0,0
"MtrElec",8,20,2,"",147.645,0,0,0,0,0,0,0,0,0,0,0,0,0,0,0,0,0,0,0,0,147.645,0,0,0
"MtrElec",8,20,3,"",143.369,0,0,0,0,0,0,0,0,0,0,0,0,0,0,0,0,0,0,0,0,143.369,0,0,0
"MtrElec",8,20,4,"",143.006,0,0,0,0,0,0,0,0,0,0,0,0,0,0,0,0,0,0,0,0,143.006,0,0,0
"MtrElec",8,20,5,"",140.153,0,0,0,0,0,0,0,0,0,0,0,0,0,0,0,0,0,0,0,0,140.153,0,0,0
"MtrElec",8,20,6,"",156.264,0,0,0,0,0,0,0,0,0,0,0,0,0,0,0,0,0,0,0,0,156.264,0,0,0
"MtrElec",8,20,7,"",265.537,0,0,0,0,0,0,0,0,0,0,0,0,0,0,0,0,0,0,0,0,269.189,0,0,-3.65242
"MtrElec",8,20,8,"",239.773,0,0,0,0,0,0,0,0,0,0,0,0,0,0,0,0,0,0,0,0,291.466,0,0,-51.6931
"MtrElec",8,20,9,"",221.402,0,0,0,0,0,0,0,0,0,0,0,0,0,0,0,0,0,0,0,0,356.886,0,0,-135.483
"MtrElec",8,20,10,"",-22.7465,0,0,0,0,0,0,0,0,0,0,0,0,0,0,0,0,0,0,0,0,388.042,0,0,-410.789
"MtrElec",8,20,11,"",0.0000078,0,0,0,0,0,0,0,0,0,0,0,0,0,0,0,0,0,0,0,0,455.654,0,122.147,-577.801
"MtrElec",8,20,12,"",0.0000156,0,0,0,0,0,0,0,0,0,0,0,0,0,0,0,0,0,0,0,0,463.102,0,205.556,-668.658
"MtrElec",8,20,13,"",0,0,0,0,0,0,0,0,0,0,0,0,0,0,0,0,0,0,0,0,0,508.736,0,203.014,-711.75
"MtrElec",8,20,14,"",-77.5586,0,0,0,0,0,0,0,0,0,0,0,0,0,0,0,0,0,0,0,0,410.941,0,221.926,-710.425
"MtrElec",8,20,15,"",-161.364,0,0,0,0,0,0,0,0,0,0,0,0,0,0,0,0,0,0,0,0,461.615,0,41.7403,-664.719
"MtrElec",8,20,16,"",-93.9337,0,0,0,0,0,0,0,0,0,0,0,0,0,0,0,0,0,0,0,0,474.608,0,0,-568.542
"MtrElec",8,20,17,"",56.3851,0,0,0,0,0,0,0,0,0,0,0,0,0,0,0,0,0,0,0,0,484.592,0,0,-428.207
"MtrElec",8,20,18,"",282.592,0,0,0,0,0,0,0,0,0,0,0,0,0,0,0,0,0,0,0,0,531.99,0,0,-249.398
"MtrElec",8,20,19,"",225.985,0,0,0,0,0,0,0,0,0,0,0,0,0,0,0,0,0,0,0,0,514.315,0,-221.926,-66.4048
"MtrElec",8,20,20,"",251.846,0,0,0,0,0,0,0,0,0,0,0,0,0,0,0,0,0,0,0,0,473.772,0,-221.926,0
"MtrElec",8,20,21,"",227.47,0,0,0,0,0,0,0,0,0,0,0,0,0,0,0,0,0,0,0,0,449.396,0,-221.926,0
"MtrElec",8,20,22,"",241.824,0,0,0,0,0,0,0,0,0,0,0,0,0,0,0,0,0,0,0,0,292.977,0,-51.1531,0
"MtrElec",8,20,23,"",230.934,0,0,0,0,0,0,0,0,0,0,0,0,0,0,0,0,0,0,0,0,230.934,0,0,0
"MtrElec",8,20,24,"",232.184,0,0,0,0,0,0,0,0,0,0,0,0,0,0,0,0,0,0,0,0,232.184,0,0,0
"MtrElec",8,21,1,"",159.48,0,0,0,0,0,0,0,0,0,0,0,0,0,0,0,0,0,0,0,0,159.48,0,0,0
"MtrElec",8,21,2,"",147.145,0,0,0,0,0,0,0,0,0,0,0,0,0,0,0,0,0,0,0,0,147.145,0,0,0
"MtrElec",8,21,3,"",143.321,0,0,0,0,0,0,0,0,0,0,0,0,0,0,0,0,0,0,0,0,143.321,0,0,0
"MtrElec",8,21,4,"",143.283,0,0,0,0,0,0,0,0,0,0,0,0,0,0,0,0,0,0,0,0,143.283,0,0,0
"MtrElec",8,21,5,"",141.054,0,0,0,0,0,0,0,0,0,0,0,0,0,0,0,0,0,0,0,0,141.054,0,0,0
"MtrElec",8,21,6,"",162.83,0,0,0,0,0,0,0,0,0,0,0,0,0,0,0,0,0,0,0,0,162.83,0,0,0
"MtrElec",8,21,7,"",214.117,0,0,0,0,0,0,0,0,0,0,0,0,0,0,0,0,0,0,0,0,217.043,0,0,-2.92652
"MtrElec",8,21,8,"",255.914,0,0,0,0,0,0,0,0,0,0,0,0,0,0,0,0,0,0,0,0,304.699,0,0,-48.7845
"MtrElec",8,21,9,"",239.894,0,0,0,0,0,0,0,0,0,0,0,0,0,0,0,0,0,0,0,0,353.464,0,0,-113.57
"MtrElec",8,21,10,"",210.37,0,0,0,0,0,0,0,0,0,0,0,0,0,0,0,0,0,0,0,0,443.237,0,0,-232.867
"MtrElec",8,21,11,"",0,0,0,0,0,0,0,0,0,0,0,0,0,0,0,0,0,0,0,0,0,439.071,0,114.364,-553.435
"MtrElec",8,21,12,"",0.0000156,0,0,0,0,0,0,0,0,0,0,0,0,0,0,0,0,0,0,0,0,446.734,0,216.284,-663.018
"MtrElec",8,21,13,"",0,0,0,0,0,0,0,0,0,0,0,0,0,0,0,0,0,0,0,0,0,484.002,0,208.044,-692.045
"MtrElec",8,21,14,"",-59.4384,0,0,0,0,0,0,0,0,0,0,0,0,0,0,0,0,0,0,0,0,417.926,0,221.926,-699.29
"MtrElec",8,21,15,"",-160.23,0,0,0,0,0,0,0,0,0,0,0,0,0,0,0,0,0,0,0,0,458.602,0,33.7659,-652.598
"MtrElec",8,21,16,"",-81.8096,0,0,0,0,0,0,0,0,0,0,0,0,0,0,0,0,0,0,0,0,476.011,0,0,-557.82
"MtrElec",8,21,17,"",118.134,0,0,0,0,0,0,0,0,0,0,0,0,0,0,0,0,0,0,0,0,540.172,0,0,-422.039
"MtrElec",8,21,18,"",336.399,0,0,0,0,0,0,0,0,0,0,0,0,0,0,0,0,0,0,0,0,585.397,0,0,-248.998
"MtrElec",8,21,19,"",229.637,0,0,0,0,0,0,0,0,0,0,0,0,0,0,0,0,0,0,0,0,516.472,0,-221.926,-64.9091
"MtrElec",8,21,20,"",276.516,0,0,0,0,0,0,0,0,0,0,0,0,0,0,0,0,0,0,0,0,498.442,0,-221.926,0
"MtrElec",8,21,21,"",201.548,0,0,0,0,0,0,0,0,0,0,0,0,0,0,0,0,0,0,0,0,423.474,0,-221.926,0
"MtrElec",8,21,22,"",236.462,0,0,0,0,0,0,0,0,0,0,0,0,0,0,0,0,0,0,0,0,287.615,0,-51.1531,0
"MtrElec",8,21,23,"",241.023,0,0,0,0,0,0,0,0,0,0,0,0,0,0,0,0,0,0,0,0,241.023,0,0,0
"MtrElec",8,21,24,"",206.875,0,0,0,0,0,0,0,0,0,0,0,0,0,0,0,0,0,0,0,0,206.875,0,0,0
"MtrElec",8,22,1,"",209.323,0,0,0,0,0,0,0,0,0,0,0,0,0,0,0,0,0,0,0,0,209.323,0,0,0
"MtrElec",8,22,2,"",146.711,0,0,0,0,0,0,0,0,0,0,0,0,0,0,0,0,0,0,0,0,146.711,0,0,0
"MtrElec",8,22,3,"",143.316,0,0,0,0,0,0,0,0,0,0,0,0,0,0,0,0,0,0,0,0,143.316,0,0,0
"MtrElec",8,22,4,"",144.794,0,0,0,0,0,0,0,0,0,0,0,0,0,0,0,0,0,0,0,0,144.794,0,0,0
"MtrElec",8,22,5,"",156.245,0,0,0,0,0,0,0,0,0,0,0,0,0,0,0,0,0,0,0,0,156.245,0,0,0
"MtrElec",8,22,6,"",143.259,0,0,0,0,0,0,0,0,0,0,0,0,0,0,0,0,0,0,0,0,143.259,0,0,0
"MtrElec",8,22,7,"",212.86,0,0,0,0,0,0,0,0,0,0,0,0,0,0,0,0,0,0,0,0,221.972,0,0,-9.11148
"MtrElec",8,22,8,"",177.412,0,0,0,0,0,0,0,0,0,0,0,0,0,0,0,0,0,0,0,0,272.823,0,0,-95.4109
"MtrElec",8,22,9,"",96.3811,0,0,0,0,0,0,0,0,0,0,0,0,0,0,0,0,0,0,0,0,332.657,0,0,-236.276
"MtrElec",8,22,10,"",-25.1791,0,0,0,0,0,0,0,0,0,0,0,0,0,0,0,0,0,0,0,0,431.875,0,0,-457.054
"MtrElec",8,22,11,"",0,0,0,0,0,0,0,0,0,0,0,0,0,0,0,0,0,0,0,0,0,505.147,0,70.1188,-575.266
"MtrElec",8,22,12,"",0,0,0,0,0,0,0,0,0,0,0,0,0,0,0,0,0,0,0,0,0,543.288,0,119.853,-663.141
"MtrElec",8,22,13,"",0.0000156,0,0,0,0,0,0,0,0,0,0,0,0,0,0,0,0,0,0,0,0,526.503,0,180.991,-707.494
"MtrElec",8,22,14,"",0.0000156,0,0,0,0,0,0,0,0,0,0,0,0,0,0,0,0,0,0,0,0,492.355,0,213.626,-705.981
"MtrElec",8,22,15,"",0,0,0,0,0,0,0,0,0,0,0,0,0,0,0,0,0,0,0,0,0,505.048,0,155.474,-660.521
"MtrElec",8,22,16,"",-9.32643,0,0,0,0,0,0,0,0,0,0,0,0,0,0,0,0,0,0,0,0,500.387,0,54.32,-564.033
"MtrElec",8,22,17,"",98.6202,0,0,0,0,0,0,0,0,0,0,0,0,0,0,0,0,0,0,0,0,519.491,0,0,-420.871
"MtrElec",8,22,18,"",332.022,0,0,0,0,0,0,0,0,0,0,0,0,0,0,0,0,0,0,0,0,576.266,0,0,-244.244
"MtrElec",8,22,19,"",286.304,0,0,0,0,0,0,0,0,0,0,0,0,0,0,0,0,0,0,0,0,570.612,0,-221.926,-62.3821
"MtrElec",8,22,20,"",210.362,0,0,0,0,0,0,0,0,0,0,0,0,0,0,0,0,0,0,0,0,432.287,0,-221.926,0
"MtrElec",8,22,21,"",163.394,0,0,0,0,0,0,0,0,0,0,0,0,0,0,0,0,0,0,0,0,385.319,0,-221.926,0
"MtrElec",8,22,22,"",254.191,0,0,0,0,0,0,0,0,0,0,0,0,0,0,0,0,0,0,0,0,305.345,0,-51.1531,0
"MtrElec",8,22,23,"",246.557,0,0,0,0,0,0,0,0,0,0,0,0,0,0,0,0,0,0,0,0,246.557,0,0,0
"MtrElec",8,22,24,"",218.678,0,0,0,0,0,0,0,0,0,0,0,0,0,0,0,0,0,0,0,0,218.678,0,0,0
"MtrElec",8,23,1,"",165.68,0,0,0,0,0,0,0,0,0,0,0,0,0,0,0,0,0,0,0,0,165.68,0,0,0
"MtrElec",8,23,2,"",185.303,0,0,0,0,0,0,0,0,0,0,0,0,0,0,0,0,0,0,0,0,185.303,0,0,0
"MtrElec",8,23,3,"",151.023,0,0,0,0,0,0,0,0,0,0,0,0,0,0,0,0,0,0,0,0,151.023,0,0,0
"MtrElec",8,23,4,"",152.42,0,0,0,0,0,0,0,0,0,0,0,0,0,0,0,0,0,0,0,0,152.42,0,0,0
"MtrElec",8,23,5,"",173.934,0,0,0,0,0,0,0,0,0,0,0,0,0,0,0,0,0,0,0,0,173.934,0,0,0
"MtrElec",8,23,6,"",149.872,0,0,0,0,0,0,0,0,0,0,0,0,0,0,0,0,0,0,0,0,149.872,0,0,0
"MtrElec",8,23,7,"",193.485,0,0,0,0,0,0,0,0,0,0,0,0,0,0,0,0,0,0,0,0,196.345,0,0,-2.86025
"MtrElec",8,23,8,"",190.497,0,0,0,0,0,0,0,0,0,0,0,0,0,0,0,0,0,0,0,0,240.537,0,0,-50.0409
"MtrElec",8,23,9,"",157.825,0,0,0,0,0,0,0,0,0,0,0,0,0,0,0,0,0,0,0,0,288.477,0,0,-130.652
"MtrElec",8,23,10,"",-22.7976,0,0,0,0,0,0,0,0,0,0,0,0,0,0,0,0,0,0,0,0,327.041,0,0,-349.838
"MtrElec",8,23,11,"",0,0,0,0,0,0,0,0,0,0,0,0,0,0,0,0,0,0,0,0,0,418.325,0,164.817,-583.142
"MtrElec",8,23,12,"",-1.99369,0,0,0,0,0,0,0,0,0,0,0,0,0,0,0,0,0,0,0,0,435.768,0,221.926,-659.687
"MtrElec",8,23,13,"",-2.03863,0,0,0,0,0,0,0,0,0,0,0,0,0,0,0,0,0,0,0,0,471.377,0,221.926,-695.341
"MtrElec",8,23,14,"",-63.1949,0,0,0,0,0,0,0,0,0,0,0,0,0,0,0,0,0,0,0,0,457.503,0,185.714,-706.412
"MtrElec",8,23,15,"",-179.598,0,0,0,0,0,0,0,0,0,0,0,0,0,0,0,0,0,0,0,0,481.9,0,0,-661.498
"MtrElec",8,23,16,"",-120.94,0,0,0,0,0,0,0,0,0,0,0,0,0,0,0,0,0,0,0,0,441.057,0,0,-561.997
"MtrElec",8,23,17,"",35.2322,0,0,0,0,0,0,0,0,0,0,0,0,0,0,0,0,0,0,0,0,454.709,0,0,-419.476
"MtrElec",8,23,18,"",168.082,0,0,0,0,0,0,0,0,0,0,0,0,0,0,0,0,0,0,0,0,408.73,0,0,-240.648
"MtrElec",8,23,19,"",206.771,0,0,0,0,0,0,0,0,0,0,0,0,0,0,0,0,0,0,0,0,490.188,0,-221.926,-61.4913
"MtrElec",8,23,20,"",156.559,0,0,0,0,0,0,0,0,0,0,0,0,0,0,0,0,0,0,0,0,378.485,0,-221.926,0
"MtrElec",8,23,21,"",84.813,0,0,0,0,0,0,0,0,0,0,0,0,0,0,0,0,0,0,0,0,306.739,0,-221.926,0
"MtrElec",8,23,22,"",226.526,0,0,0,0,0,0,0,0,0,0,0,0,0,0,0,0,0,0,0,0,277.68,0,-51.1531,0
"MtrElec",8,23,23,"",252.13,0,0,0,0,0,0,0,0,0,0,0,0,0,0,0,0,0,0,0,0,252.13,0,0,0
"MtrElec",8,23,24,"",209.533,0,0,0,0,0,0,0,0,0,0,0,0,0,0,0,0,0,0,0,0,209.533,0,0,0
"MtrElec",8,24,1,"",183.403,0,0,0,0,0,0,0,0,0,0,0,0,0,0,0,0,0,0,0,0,183.403,0,0,0
"MtrElec",8,24,2,"",147.852,0,0,0,0,0,0,0,0,0,0,0,0,0,0,0,0,0,0,0,0,147.852,0,0,0
"MtrElec",8,24,3,"",147.489,0,0,0,0,0,0,0,0,0,0,0,0,0,0,0,0,0,0,0,0,147.489,0,0,0
"MtrElec",8,24,4,"",184.857,0,0,0,0,0,0,0,0,0,0,0,0,0,0,0,0,0,0,0,0,184.857,0,0,0
"MtrElec",8,24,5,"",148.967,0,0,0,0,0,0,0,0,0,0,0,0,0,0,0,0,0,0,0,0,148.967,0,0,0
"MtrElec",8,24,6,"",144.949,0,0,0,0,0,0,0,0,0,0,0,0,0,0,0,0,0,0,0,0,144.949,0,0,0
"MtrElec",8,24,7,"",245.38,0,0,0,0,0,0,0,0,0,0,0,0,0,0,0,0,0,0,0,0,246.307,0,0,-0.92674
"MtrElec",8,24,8,"",236.057,0,0,0,0,0,0,0,0,0,0,0,0,0,0,0,0,0,0,0,0,330.394,0,0,-94.3373
"MtrElec",8,24,9,"",89.6183,0,0,0,0,0,0,0,0,0,0,0,0,0,0,0,0,0,0,0,0,367.361,0,0,-277.743
"MtrElec",8,24,10,"",0.560687,0,0,0,0,0,0,0,0,0,0,0,0,0,0,0,0,0,0,0,0,440.91,0,0,-440.349
"MtrElec",8,24,11,"",0,0,0,0,0,0,0,0,0,0,0,0,0,0,0,0,0,0,0,0,0,484.981,0,87.547,-572.528
"MtrElec",8,24,12,"",0,0,0,0,0,0,0,0,0,0,0,0,0,0,0,0,0,0,0,0,0,506.631,0,151.371,-658.002
"MtrElec",8,24,13,"",0,0,0,0,0,0,0,0,0,0,0,0,0,0,0,0,0,0,0,0,0,578.443,0,117.383,-695.826
"MtrElec",8,24,14,"",-8.51034,0,0,0,0,0,0,0,0,0,0,0,0,0,0,0,0,0,0,0,0,458.923,0,221.926,-689.359
"MtrElec",8,24,15,"",0.0000078,0,0,0,0,0,0,0,0,0,0,0,0,0,0,0,0,0,0,0,0,520.443,0,110.768,-631.211
"MtrElec",8,24,16,"",0,0,0,0,0,0,0,0,0,0,0,0,0,0,0,0,0,0,0,0,0,521.238,0,15.1793,-536.418
"MtrElec",8,24,17,"",106.22,0,0,0,0,0,0,0,0,0,0,0,0,0,0,0,0,0,0,0,0,509.354,0,0,-403.134
"MtrElec",8,24,18,"",323.557,0,0,0,0,0,0,0,0,0,0,0,0,0,0,0,0,0,0,0,0,554.196,0,0,-230.639
"MtrElec",8,24,19,"",236.651,0,0,0,0,0,0,0,0,0,0,0,0,0,0,0,0,0,0,0,0,514.244,0,-221.926,-55.6665
"MtrElec",8,24,20,"",279.42,0,0,0,0,0,0,0,0,0,0,0,0,0,0,0,0,0,0,0,0,501.346,0,-221.926,0
"MtrElec",8,24,21,"",280.309,0,0,0,0,0,0,0,0,0,0,0,0,0,0,0,0,0,0,0,0,471.974,0,-191.665,0
"MtrElec",8,24,22,"",320.315,0,0,0,0,0,0,0,0,0,0,0,0,0,0,0,0,0,0,0,0,320.315,0,0,0
"MtrElec",8,24,23,"",264.62,0,0,0,0,0,0,0,0,0,0,0,0,0,0,0,0,0,0,0,0,264.62,0,0,0
"MtrElec",8,24,24,"",247.39,0,0,0,0,0,0,0,0,0,0,0,0,0,0,0,0,0,0,0,0,247.39,0,0,0
"MtrElec",8,25,1,"",173.156,0,0,0,0,0,0,0,0,0,0,0,0,0,0,0,0,0,0,0,0,173.156,0,0,0
"MtrElec",8,25,2,"",148.8,0,0,0,0,0,0,0,0,0,0,0,0,0,0,0,0,0,0,0,0,148.8,0,0,0
"MtrElec",8,25,3,"",144.68,0,0,0,0,0,0,0,0,0,0,0,0,0,0,0,0,0,0,0,0,144.68,0,0,0
"MtrElec",8,25,4,"",147.368,0,0,0,0,0,0,0,0,0,0,0,0,0,0,0,0,0,0,0,0,147.368,0,0,0
"MtrElec",8,25,5,"",145.017,0,0,0,0,0,0,0,0,0,0,0,0,0,0,0,0,0,0,0,0,145.017,0,0,0
"MtrElec",8,25,6,"",153.622,0,0,0,0,0,0,0,0,0,0,0,0,0,0,0,0,0,0,0,0,153.622,0,0,0
"MtrElec",8,25,7,"",249.148,0,0,0,0,0,0,0,0,0,0,0,0,0,0,0,0,0,0,0,0,250.046,0,0,-0.898141
"MtrElec",8,25,8,"",278.42,0,0,0,0,0,0,0,0,0,0,0,0,0,0,0,0,0,0,0,0,366.89,0,0,-88.4699
"MtrElec",8,25,9,"",128.471,0,0,0,0,0,0,0,0,0,0,0,0,0,0,0,0,0,0,0,0,394.338,0,0,-265.866
"MtrElec",8,25,10,"",101.591,0,0,0,0,0,0,0,0,0,0,0,0,0,0,0,0,0,0,0,0,518.959,0,0,-417.368
"MtrElec",8,25,11,"",40.4399,0,0,0,0,0,0,0,0,0,0,0,0,0,0,0,0,0,0,0,0,568.848,0,0,-528.408
"MtrElec",8,25,12,"",0.0000039,0,0,0,0,0,0,0,0,0,0,0,0,0,0,0,0,0,0,0,0,538.975,0,59.0215,-597.996
"MtrElec",8,25,13,"",0,0,0,0,0,0,0,0,0,0,0,0,0,0,0,0,0,0,0,0,0,588.209,0,64.2456,-652.454
"MtrElec",8,25,14,"",0.0000156,0,0,0,0,0,0,0,0,0,0,0,0,0,0,0,0,0,0,0,0,516.004,0,139.619,-655.623
"MtrElec",8,25,15,"",0,0,0,0,0,0,0,0,0,0,0,0,0,0,0,0,0,0,0,0,0,558.055,0,48.6002,-606.656
"MtrElec",8,25,16,"",15.7548,0,0,0,0,0,0,0,0,0,0,0,0,0,0,0,0,0,0,0,0,533.287,0,0,-517.532
"MtrElec",8,25,17,"",197.196,0,0,0,0,0,0,0,0,0,0,0,0,0,0,0,0,0,0,0,0,582.746,0,0,-385.55
"MtrElec",8,25,18,"",317.521,0,0,0,0,0,0,0,0,0,0,0,0,0,0,0,0,0,0,0,0,535.935,0,0,-218.414
"MtrElec",8,25,19,"",243.84,0,0,0,0,0,0,0,0,0,0,0,0,0,0,0,0,0,0,0,0,516.557,0,-221.926,-50.7918
"MtrElec",8,25,20,"",449.672,0,0,0,0,0,0,0,0,0,0,0,0,0,0,0,0,0,0,0,0,508.863,0,-59.1905,0
"MtrElec",8,25,21,"",479.576,0,0,0,0,0,0,0,0,0,0,0,0,0,0,0,0,0,0,0,0,479.576,0,0,0
"MtrElec",8,25,22,"",331.603,0,0,0,0,0,0,0,0,0,0,0,0,0,0,0,0,0,0,0,0,331.603,0,0,0
"MtrElec",8,25,23,"",314.157,0,0,0,0,0,0,0,0,0,0,0,0,0,0,0,0,0,0,0,0,314.157,0,0,0
"MtrElec",8,25,24,"",235.187,0,0,0,0,0,0,0,0,0,0,0,0,0,0,0,0,0,0,0,0,235.187,0,0,0
"MtrElec",8,26,1,"",176.761,0,0,0,0,0,0,0,0,0,0,0,0,0,0,0,0,0,0,0,0,176.761,0,0,0
"MtrElec",8,26,2,"",167.408,0,0,0,0,0,0,0,0,0,0,0,0,0,0,0,0,0,0,0,0,167.408,0,0,0
"MtrElec",8,26,3,"",197.653,0,0,0,0,0,0,0,0,0,0,0,0,0,0,0,0,0,0,0,0,197.653,0,0,0
"MtrElec",8,26,4,"",158.863,0,0,0,0,0,0,0,0,0,0,0,0,0,0,0,0,0,0,0,0,158.863,0,0,0
"MtrElec",8,26,5,"",155.442,0,0,0,0,0,0,0,0,0,0,0,0,0,0,0,0,0,0,0,0,155.442,0,0,0
"MtrElec",8,26,6,"",155.602,0,0,0,0,0,0,0,0,0,0,0,0,0,0,0,0,0,0,0,0,155.602,0,0,0
"MtrElec",8,26,7,"",242.281,0,0,0,0,0,0,0,0,0,0,0,0,0,0,0,0,0,0,0,0,243.096,0,0,-0.814904
"MtrElec",8,26,8,"",273.131,0,0,0,0,0,0,0,0,0,0,0,0,0,0,0,0,0,0,0,0,360.199,0,0,-87.0685
"MtrElec",8,26,9,"",118.548,0,0,0,0,0,0,0,0,0,0,0,0,0,0,0,0,0,0,0,0,384.159,0,0,-265.611
"MtrElec",8,26,10,"",83.5701,0,0,0,0,0,0,0,0,0,0,0,0,0,0,0,0,0,0,0,0,505.246,0,0,-421.676
"MtrElec",8,26,11,"",42.5857,0,0,0,0,0,0,0,0,0,0,0,0,0,0,0,0,0,0,0,0,570.926,0,0,-528.34
"MtrElec",8,26,12,"",0,0,0,0,0,0,0,0,0,0,0,0,0,0,0,0,0,0,0,0,0,579.115,0,38.3599,-617.475
"MtrElec",8,26,13,"",0,0,0,0,0,0,0,0,0,0,0,0,0,0,0,0,0,0,0,0,0,632.102,0,29.9151,-662.018
"MtrElec",8,26,14,"",0,0,0,0,0,0,0,0,0,0,0,0,0,0,0,0,0,0,0,0,0,514.489,0,141.869,-656.358
"MtrElec",8,26,15,"",0.0000039,0,0,0,0,0,0,0,0,0,0,0,0,0,0,0,0,0,0,0,0,553.313,0,57.0806,-610.393
"MtrElec",8,26,16,"",37.0141,0,0,0,0,0,0,0,0,0,0,0,0,0,0,0,0,0,0,0,0,557.646,0,0,-520.632
"MtrElec",8,26,17,"",157.113,0,0,0,0,0,0,0,0,0,0,0,0,0,0,0,0,0,0,0,0,546.499,0,0,-389.386
"MtrElec",8,26,18,"",362.79,0,0,0,0,0,0,0,0,0,0,0,0,0,0,0,0,0,0,0,0,582.985,0,0,-220.194
"MtrElec",8,26,19,"",261.239,0,0,0,0,0,0,0,0,0,0,0,0,0,0,0,0,0,0,0,0,533.734,0,-221.926,-50.5689
"MtrElec",8,26,20,"",478.399,0,0,0,0,0,0,0,0,0,0,0,0,0,0,0,0,0,0,0,0,497.644,0,-19.2441,0
"MtrElec",8,26,21,"",476.396,0,0,0,0,0,0,0,0,0,0,0,0,0,0,0,0,0,0,0,0,476.396,0,0,0
"MtrElec",8,26,22,"",330.238,0,0,0,0,0,0,0,0,0,0,0,0,0,0,0,0,0,0,0,0,330.238,0,0,0
"MtrElec",8,26,23,"",313.419,0,0,0,0,0,0,0,0,0,0,0,0,0,0,0,0,0,0,0,0,313.419,0,0,0
"MtrElec",8,26,24,"",249.906,0,0,0,0,0,0,0,0,0,0,0,0,0,0,0,0,0,0,0,0,249.906,0,0,0
"MtrElec",8,27,1,"",195.852,0,0,0,0,0,0,0,0,0,0,0,0,0,0,0,0,0,0,0,0,195.852,0,0,0
"MtrElec",8,27,2,"",166.569,0,0,0,0,0,0,0,0,0,0,0,0,0,0,0,0,0,0,0,0,166.569,0,0,0
"MtrElec",8,27,3,"",192.849,0,0,0,0,0,0,0,0,0,0,0,0,0,0,0,0,0,0,0,0,192.849,0,0,0
"MtrElec",8,27,4,"",154.346,0,0,0,0,0,0,0,0,0,0,0,0,0,0,0,0,0,0,0,0,154.346,0,0,0
"MtrElec",8,27,5,"",150.195,0,0,0,0,0,0,0,0,0,0,0,0,0,0,0,0,0,0,0,0,150.195,0,0,0
"MtrElec",8,27,6,"",155.991,0,0,0,0,0,0,0,0,0,0,0,0,0,0,0,0,0,0,0,0,155.991,0,0,0
"MtrElec",8,27,7,"",310.689,0,0,0,0,0,0,0,0,0,0,0,0,0,0,0,0,0,0,0,0,311.551,0,0,-0.862489
"MtrElec",8,27,8,"",251.001,0,0,0,0,0,0,0,0,0,0,0,0,0,0,0,0,0,0,0,0,338.916,0,0,-87.9148
"MtrElec",8,27,9,"",179.047,0,0,0,0,0,0,0,0,0,0,0,0,0,0,0,0,0,0,0,0,444.322,0,0,-265.275
"MtrElec",8,27,10,"",112.619,0,0,0,0,0,0,0,0,0,0,0,0,0,0,0,0,0,0,0,0,532.055,0,0,-419.436
"MtrElec",8,27,11,"",52.1486,0,0,0,0,0,0,0,0,0,0,0,0,0,0,0,0,0,0,0,0,598.745,0,0,-546.597
"MtrElec",8,27,12,"",1.21556,0,0,0,0,0,0,0,0,0,0,0,0,0,0,0,0,0,0,0,0,623.541,0,0,-622.326
"MtrElec",8,27,13,"",0,0,0,0,0,0,0,0,0,0,0,0,0,0,0,0,0,0,0,0,0,617.133,0,39.8186,-656.952
"MtrElec",8,27,14,"",0,0,0,0,0,0,0,0,0,0,0,0,0,0,0,0,0,0,0,0,0,543.08,0,125.331,-668.411
"MtrElec",8,27,15,"",0,0,0,0,0,0,0,0,0,0,0,0,0,0,0,0,0,0,0,0,0,578.87,0,46.2531,-625.123
"MtrElec",8,27,16,"",35.0406,0,0,0,0,0,0,0,0,0,0,0,0,0,0,0,0,0,0,0,0,567.347,0,0,-532.306
"MtrElec",8,27,17,"",162.469,0,0,0,0,0,0,0,0,0,0,0,0,0,0,0,0,0,0,0,0,558.393,0,0,-395.924
"MtrElec",8,27,18,"",348.261,0,0,0,0,0,0,0,0,0,0,0,0,0,0,0,0,0,0,0,0,570.947,0,0,-222.686
"MtrElec",8,27,19,"",266.002,0,0,0,0,0,0,0,0,0,0,0,0,0,0,0,0,0,0,0,0,507.232,0,-190.791,-50.4387
"MtrElec",8,27,20,"",521.054,0,0,0,0,0,0,0,0,0,0,0,0,0,0,0,0,0,0,0,0,521.054,0,0,0
"MtrElec",8,27,21,"",455.599,0,0,0,0,0,0,0,0,0,0,0,0,0,0,0,0,0,0,0,0,455.599,0,0,0
"MtrElec",8,27,22,"",342.913,0,0,0,0,0,0,0,0,0,0,0,0,0,0,0,0,0,0,0,0,342.913,0,0,0
"MtrElec",8,27,23,"",314.79,0,0,0,0,0,0,0,0,0,0,0,0,0,0,0,0,0,0,0,0,314.79,0,0,0
"MtrElec",8,27,24,"",294.332,0,0,0,0,0,0,0,0,0,0,0,0,0,0,0,0,0,0,0,0,294.332,0,0,0
"MtrElec",8,28,1,"",210.381,0,0,0,0,0,0,0,0,0,0,0,0,0,0,0,0,0,0,0,0,210.381,0,0,0
"MtrElec",8,28,2,"",169.1,0,0,0,0,0,0,0,0,0,0,0,0,0,0,0,0,0,0,0,0,169.1,0,0,0
"MtrElec",8,28,3,"",160.146,0,0,0,0,0,0,0,0,0,0,0,0,0,0,0,0,0,0,0,0,160.146,0,0,0
"MtrElec",8,28,4,"",155.834,0,0,0,0,0,0,0,0,0,0,0,0,0,0,0,0,0,0,0,0,155.834,0,0,0
"MtrElec",8,28,5,"",148.215,0,0,0,0,0,0,0,0,0,0,0,0,0,0,0,0,0,0,0,0,148.215,0,0,0
"MtrElec",8,28,6,"",167.536,0,0,0,0,0,0,0,0,0,0,0,0,0,0,0,0,0,0,0,0,167.536,0,0,0
"MtrElec",8,28,7,"",262.139,0,0,0,0,0,0,0,0,0,0,0,0,0,0,0,0,0,0,0,0,263.037,0,0,-0.898217
"MtrElec",8,28,8,"",280.704,0,0,0,0,0,0,0,0,0,0,0,0,0,0,0,0,0,0,0,0,370.917,0,0,-90.2122
"MtrElec",8,28,9,"",144.856,0,0,0,0,0,0,0,0,0,0,0,0,0,0,0,0,0,0,0,0,415.373,0,0,-270.517
"MtrElec",8,28,10,"",123.33,0,0,0,0,0,0,0,0,0,0,0,0,0,0,0,0,0,0,0,0,552.49,0,0,-429.16
"MtrElec",8,28,11,"",62.9804,0,0,0,0,0,0,0,0,0,0,0,0,0,0,0,0,0,0,0,0,616.161,0,0,-553.18
"MtrElec",8,28,12,"",0,0,0,0,0,0,0,0,0,0,0,0,0,0,0,0,0,0,0,0,0,593.323,0,35.4496,-628.773
"MtrElec",8,28,13,"",0,0,0,0,0,0,0,0,0,0,0,0,0,0,0,0,0,0,0,0,0,661.044,0,9.36862,-670.413
"MtrElec",8,28,14,"",0,0,0,0,0,0,0,0,0,0,0,0,0,0,0,0,0,0,0,0,0,529.295,0,145.372,-674.666
"MtrElec",8,28,15,"",0,0,0,0,0,0,0,0,0,0,0,0,0,0,0,0,0,0,0,0,0,565.569,0,60.2798,-625.849
"MtrElec",8,28,16,"",12.1331,0,0,0,0,0,0,0,0,0,0,0,0,0,0,0,0,0,0,0,0,545.226,0,0,-533.093
"MtrElec",8,28,17,"",194.945,0,0,0,0,0,0,0,0,0,0,0,0,0,0,0,0,0,0,0,0,591.784,0,0,-396.84
"MtrElec",8,28,18,"",364.279,0,0,0,0,0,0,0,0,0,0,0,0,0,0,0,0,0,0,0,0,587.089,0,0,-222.81
"MtrElec",8,28,19,"",249.864,0,0,0,0,0,0,0,0,0,0,0,0,0,0,0,0,0,0,0,0,521.276,0,-221.926,-49.4867
"MtrElec",8,28,20,"",473.382,0,0,0,0,0,0,0,0,0,0,0,0,0,0,0,0,0,0,0,0,477.505,0,-4.123,0
"MtrElec",8,28,21,"",498.316,0,0,0,0,0,0,0,0,0,0,0,0,0,0,0,0,0,0,0,0,498.316,0,0,0
"MtrElec",8,28,22,"",329.419,0,0,0,0,0,0,0,0,0,0,0,0,0,0,0,0,0,0,0,0,329.419,0,0,0
"MtrElec",8,28,23,"",256.384,0,0,0,0,0,0,0,0,0,0,0,0,0,0,0,0,0,0,0,0,256.384,0,0,0
"MtrElec",8,28,24,"",253.345,0,0,0,0,0,0,0,0,0,0,0,0,0,0,0,0,0,0,0,0,253.345,0,0,0
"MtrElec",8,29,1,"",160.542,0,0,0,0,0,0,0,0,0,0,0,0,0,0,0,0,0,0,0,0,160.542,0,0,0
"MtrElec",8,29,2,"",153.88,0,0,0,0,0,0,0,0,0,0,0,0,0,0,0,0,0,0,0,0,153.88,0,0,0
"MtrElec",8,29,3,"",153.062,0,0,0,0,0,0,0,0,0,0,0,0,0,0,0,0,0,0,0,0,153.062,0,0,0
"MtrElec",8,29,4,"",152.434,0,0,0,0,0,0,0,0,0,0,0,0,0,0,0,0,0,0,0,0,152.434,0,0,0
"MtrElec",8,29,5,"",167.72,0,0,0,0,0,0,0,0,0,0,0,0,0,0,0,0,0,0,0,0,167.72,0,0,0
"MtrElec",8,29,6,"",153.822,0,0,0,0,0,0,0,0,0,0,0,0,0,0,0,0,0,0,0,0,153.822,0,0,0
"MtrElec",8,29,7,"",221.888,0,0,0,0,0,0,0,0,0,0,0,0,0,0,0,0,0,0,0,0,222.802,0,0,-0.914451
"MtrElec",8,29,8,"",177.489,0,0,0,0,0,0,0,0,0,0,0,0,0,0,0,0,0,0,0,0,267.388,0,0,-89.899
"MtrElec",8,29,9,"",109.116,0,0,0,0,0,0,0,0,0,0,0,0,0,0,0,0,0,0,0,0,377.683,0,0,-268.567
"MtrElec",8,29,10,"",87.8368,0,0,0,0,0,0,0,0,0,0,0,0,0,0,0,0,0,0,0,0,522.068,0,0,-434.231
"MtrElec",8,29,11,"",73.5393,0,0,0,0,0,0,0,0,0,0,0,0,0,0,0,0,0,0,0,0,627.957,0,0,-554.417
"MtrElec",8,29,12,"",16.831,0,0,0,0,0,0,0,0,0,0,0,0,0,0,0,0,0,0,0,0,637.405,0,0,-620.574
"MtrElec",8,29,13,"",0,0,0,0,0,0,0,0,0,0,0,0,0,0,0,0,0,0,0,0,0,656.711,0,8.38888,-665.1
"MtrElec",8,29,14,"",0.0000039,0,0,0,0,0,0,0,0,0,0,0,0,0,0,0,0,0,0,0,0,625.879,0,48.5353,-674.414
"MtrElec",8,29,15,"",17.837,0,0,0,0,0,0,0,0,0,0,0,0,0,0,0,0,0,0,0,0,646.85,0,0,-629.013
"MtrElec",8,29,16,"",67.3704,0,0,0,0,0,0,0,0,0,0,0,0,0,0,0,0,0,0,0,0,602.871,0,0,-535.5
"MtrElec",8,29,17,"",170.382,0,0,0,0,0,0,0,0,0,0,0,0,0,0,0,0,0,0,0,0,567.009,0,0,-396.627
"MtrElec",8,29,18,"",369.395,0,0,0,0,0,0,0,0,0,0,0,0,0,0,0,0,0,0,0,0,589.232,0,0,-219.837
"MtrElec",8,29,19,"",446.922,0,0,0,0,0,0,0,0,0,0,0,0,0,0,0,0,0,0,0,0,545.796,0,-51.3741,-47.4998
"MtrElec",8,29,20,"",483.193,0,0,0,0,0,0,0,0,0,0,0,0,0,0,0,0,0,0,0,0,483.193,0,0,0
"MtrElec",8,29,21,"",394.187,0,0,0,0,0,0,0,0,0,0,0,0,0,0,0,0,0,0,0,0,394.187,0,0,0
"MtrElec",8,29,22,"",294.206,0,0,0,0,0,0,0,0,0,0,0,0,0,0,0,0,0,0,0,0,294.206,0,0,0
"MtrElec",8,29,23,"",288.08,0,0,0,0,0,0,0,0,0,0,0,0,0,0,0,0,0,0,0,0,288.08,0,0,0
"MtrElec",8,29,24,"",241.481,0,0,0,0,0,0,0,0,0,0,0,0,0,0,0,0,0,0,0,0,241.481,0,0,0
"MtrElec",8,30,1,"",226.108,0,0,0,0,0,0,0,0,0,0,0,0,0,0,0,0,0,0,0,0,226.108,0,0,0
"MtrElec",8,30,2,"",157.806,0,0,0,0,0,0,0,0,0,0,0,0,0,0,0,0,0,0,0,0,157.806,0,0,0
"MtrElec",8,30,3,"",150.308,0,0,0,0,0,0,0,0,0,0,0,0,0,0,0,0,0,0,0,0,150.308,0,0,0
"MtrElec",8,30,4,"",149.126,0,0,0,0,0,0,0,0,0,0,0,0,0,0,0,0,0,0,0,0,149.126,0,0,0
"MtrElec",8,30,5,"",167.423,0,0,0,0,0,0,0,0,0,0,0,0,0,0,0,0,0,0,0,0,167.423,0,0,0
"MtrElec",8,30,6,"",151.782,0,0,0,0,0,0,0,0,0,0,0,0,0,0,0,0,0,0,0,0,151.782,0,0,0
"MtrElec",8,30,7,"",194.151,0,0,0,0,0,0,0,0,0,0,0,0,0,0,0,0,0,0,0,0,195.103,0,0,-0.952088
"MtrElec",8,30,8,"",136.892,0,0,0,0,0,0,0,0,0,0,0,0,0,0,0,0,0,0,0,0,228.624,0,0,-91.7317
"MtrElec",8,30,9,"",80.598,0,0,0,0,0,0,0,0,0,0,0,0,0,0,0,0,0,0,0,0,359.298,0,0,-278.7
"MtrElec",8,30,10,"",-49.5682,0,0,0,0,0,0,0,0,0,0,0,0,0,0,0,0,0,0,0,0,396.511,0,0,-446.079
"MtrElec",8,30,11,"",0.0000078,0,0,0,0,0,0,0,0,0,0,0,0,0,0,0,0,0,0,0,0,467.914,0,95.5501,-563.464
"MtrElec",8,30,12,"",0,0,0,0,0,0,0,0,0,0,0,0,0,0,0,0,0,0,0,0,0,551.511,0,93.5675,-645.078
"MtrElec",8,30,13,"",0,0,0,0,0,0,0,0,0,0,0,0,0,0,0,0,0,0,0,0,0,530.434,0,160.495,-690.929
"MtrElec",8,30,14,"",0,0,0,0,0,0,0,0,0,0,0,0,0,0,0,0,0,0,0,0,0,500.964,0,184.432,-685.396
"MtrElec",8,30,15,"",0.0000078,0,0,0,0,0,0,0,0,0,0,0,0,0,0,0,0,0,0,0,0,532.26,0,101.301,-633.561
"MtrElec",8,30,16,"",0.0000039,0,0,0,0,0,0,0,0,0,0,0,0,0,0,0,0,0,0,0,0,497.763,0,37.9312,-535.694
"MtrElec",8,30,17,"",104.389,0,0,0,0,0,0,0,0,0,0,0,0,0,0,0,0,0,0,0,0,503.011,0,0,-398.621
"MtrElec",8,30,18,"",259.997,0,0,0,0,0,0,0,0,0,0,0,0,0,0,0,0,0,0,0,0,483.364,0,0,-223.367
"MtrElec",8,30,19,"",230.113,0,0,0,0,0,0,0,0,0,0,0,0,0,0,0,0,0,0,0,0,501.185,0,-221.926,-49.1471
"MtrElec",8,30,20,"",172.494,0,0,0,0,0,0,0,0,0,0,0,0,0,0,0,0,0,0,0,0,394.419,0,-221.926,0
"MtrElec",8,30,21,"",169.85,0,0,0,0,0,0,0,0,0,0,0,0,0,0,0,0,0,0,0,0,333.631,0,-163.781,0
"MtrElec",8,30,22,"",332.244,0,0,0,0,0,0,0,0,0,0,0,0,0,0,0,0,0,0,0,0,332.244,0,0,0
"MtrElec",8,30,23,"",252.328,0,0,0,0,0,0,0,0,0,0,0,0,0,0,0,0,0,0,0,0,252.328,0,0,0
"MtrElec",8,30,24,"",207.872,0,0,0,0,0,0,0,0,0,0,0,0,0,0,0,0,0,0,0,0,207.872,0,0,0
"MtrElec",8,31,1,"",168.283,0,0,0,0,0,0,0,0,0,0,0,0,0,0,0,0,0,0,0,0,168.283,0,0,0
"MtrElec",8,31,2,"",154.778,0,0,0,0,0,0,0,0,0,0,0,0,0,0,0,0,0,0,0,0,154.778,0,0,0
"MtrElec",8,31,3,"",148.747,0,0,0,0,0,0,0,0,0,0,0,0,0,0,0,0,0,0,0,0,148.747,0,0,0
"MtrElec",8,31,4,"",146.626,0,0,0,0,0,0,0,0,0,0,0,0,0,0,0,0,0,0,0,0,146.626,0,0,0
"MtrElec",8,31,5,"",175.379,0,0,0,0,0,0,0,0,0,0,0,0,0,0,0,0,0,0,0,0,175.379,0,0,0
"MtrElec",8,31,6,"",149.699,0,0,0,0,0,0,0,0,0,0,0,0,0,0,0,0,0,0,0,0,149.699,0,0,0
"MtrElec",8,31,7,"",243.622,0,0,0,0,0,0,0,0,0,0,0,0,0,0,0,0,0,0,0,0,245.729,0,0,-2.10754
"MtrElec",8,31,8,"",219.014,0,0,0,0,0,0,0,0,0,0,0,0,0,0,0,0,0,0,0,0,295.128,0,0,-76.1136
"MtrElec",8,31,9,"",222.091,0,0,0,0,0,0,0,0,0,0,0,0,0,0,0,0,0,0,0,0,428.913,0,0,-206.822
"MtrElec",8,31,10,"",-16.9012,0,0,0,0,0,0,0,0,0,0,0,0,0,0,0,0,0,0,0,0,445.308,0,0,-462.209
"MtrElec",8,31,11,"",0,0,0,0,0,0,0,0,0,0,0,0,0,0,0,0,0,0,0,0,0,492.276,0,90.4961,-582.772
"MtrElec",8,31,12,"",0,0,0,0,0,0,0,0,0,0,0,0,0,0,0,0,0,0,0,0,0,561.075,0,101.678,-662.753
"MtrElec",8,31,13,"",0,0,0,0,0,0,0,0,0,0,0,0,0,0,0,0,0,0,0,0,0,589.696,0,120.64,-710.336
"MtrElec",8,31,14,"",0,0,0,0,0,0,0,0,0,0,0,0,0,0,0,0,0,0,0,0,0,502.308,0,200.488,-702.796
"MtrElec",8,31,15,"",0,0,0,0,0,0,0,0,0,0,0,0,0,0,0,0,0,0,0,0,0,449.229,0,202.559,-651.788
"MtrElec",8,31,16,"",0.0000039,0,0,0,0,0,0,0,0,0,0,0,0,0,0,0,0,0,0,0,0,517.12,0,35.85,-552.97
"MtrElec",8,31,17,"",118.037,0,0,0,0,0,0,0,0,0,0,0,0,0,0,0,0,0,0,0,0,524.494,0,0,-406.456
"MtrElec",8,31,18,"",313.205,0,0,0,0,0,0,0,0,0,0,0,0,0,0,0,0,0,0,0,0,538.221,0,0,-225.015
"MtrElec",8,31,19,"",230.128,0,0,0,0,0,0,0,0,0,0,0,0,0,0,0,0,0,0,0,0,498.78,0,-221.926,-46.7261
"MtrElec",8,31,20,"",237.55,0,0,0,0,0,0,0,0,0,0,0,0,0,0,0,0,0,0,0,0,459.475,0,-221.926,0
"MtrElec",8,31,21,"",228.224,0,0,0,0,0,0,0,0,0,0,0,0,0,0,0,0,0,0,0,0,450.15,0,-221.926,0
"MtrElec",8,31,22,"",307.547,0,0,0,0,0,0,0,0,0,0,0,0,0,0,0,0,0,0,0,0,320.189,0,-12.6419,0
"MtrElec",8,31,23,"",230.537,0,0,0,0,0,0,0,0,0,0,0,0,0,0,0,0,0,0,0,0,230.537,0,0,0
"MtrElec",8,31,24,"",230.272,0,0,0,0,0,0,0,0,0,0,0,0,0,0,0,0,0,0,0,0,230.272,0,0,0
"MtrElec",9,1,1,"",164.256,0,0,0,0,0,0,0,0,0,0,0,0,0,0,0,0,0,0,0,0,164.256,0,0,0
"MtrElec",9,1,2,"",159.893,0,0,0,0,0,0,0,0,0,0,0,0,0,0,0,0,0,0,0,0,159.893,0,0,0
"MtrElec",9,1,3,"",148.616,0,0,0,0,0,0,0,0,0,0,0,0,0,0,0,0,0,0,0,0,148.616,0,0,0
"MtrElec",9,1,4,"",146.665,0,0,0,0,0,0,0,0,0,0,0,0,0,0,0,0,0,0,0,0,146.665,0,0,0
"MtrElec",9,1,5,"",146.343,0,0,0,0,0,0,0,0,0,0,0,0,0,0,0,0,0,0,0,0,146.343,0,0,0
"MtrElec",9,1,6,"",187.667,0,0,0,0,0,0,0,0,0,0,0,0,0,0,0,0,0,0,0,0,187.667,0,0,0
"MtrElec",9,1,7,"",247.307,0,0,0,0,0,0,0,0,0,0,0,0,0,0,0,0,0,0,0,0,248.307,0,0,-1.00022
"MtrElec",9,1,8,"",218.717,0,0,0,0,0,0,0,0,0,0,0,0,0,0,0,0,0,0,0,0,308.314,0,0,-89.5973
"MtrElec",9,1,9,"",93.5843,0,0,0,0,0,0,0,0,0,0,0,0,0,0,0,0,0,0,0,0,367.999,0,0,-274.415
"MtrElec",9,1,10,"",58.3798,0,0,0,0,0,0,0,0,0,0,0,0,0,0,0,0,0,0,0,0,493.45,0,0,-435.07
"MtrElec",9,1,11,"",0,0,0,0,0,0,0,0,0,0,0,0,0,0,0,0,0,0,0,0,0,553.149,0,8.19525,-561.344
"MtrElec",9,1,12,"",0.0000078,0,0,0,0,0,0,0,0,0,0,0,0,0,0,0,0,0,0,0,0,549.757,0,100.109,-649.866
"MtrElec",9,1,13,"",0,0,0,0,0,0,0,0,0,0,0,0,0,0,0,0,0,0,0,0,0,590.74,0,94.3899,-685.13
"MtrElec",9,1,14,"",0.0000156,0,0,0,0,0,0,0,0,0,0,0,0,0,0,0,0,0,0,0,0,500.029,0,181.882,-681.911
"MtrElec",9,1,15,"",0,0,0,0,0,0,0,0,0,0,0,0,0,0,0,0,0,0,0,0,0,543.694,0,92.2099,-635.904
"MtrElec",9,1,16,"",0,0,0,0,0,0,0,0,0,0,0,0,0,0,0,0,0,0,0,0,0,520.14,0,22.1637,-542.303
"MtrElec",9,1,17,"",152.978,0,0,0,0,0,0,0,0,0,0,0,0,0,0,0,0,0,0,0,0,553.176,0,0,-400.198
"MtrElec",9,1,18,"",347.133,0,0,0,0,0,0,0,0,0,0,0,0,0,0,0,0,0,0,0,0,566.34,0,0,-219.207
"MtrElec",9,1,19,"",282.995,0,0,0,0,0,0,0,0,0,0,0,0,0,0,0,0,0,0,0,0,549.013,0,-221.926,-44.0929
"MtrElec",9,1,20,"",256.255,0,0,0,0,0,0,0,0,0,0,0,0,0,0,0,0,0,0,0,0,478.181,0,-221.926,0
"MtrElec",9,1,21,"",386.825,0,0,0,0,0,0,0,0,0,0,0,0,0,0,0,0,0,0,0,0,393.276,0,-6.45107,0
"MtrElec",9,1,22,"",354.354,0,0,0,0,0,0,0,0,0,0,0,0,0,0,0,0,0,0,0,0,354.354,0,0,0
"MtrElec",9,1,23,"",290.595,0,0,0,0,0,0,0,0,0,0,0,0,0,0,0,0,0,0,0,0,290.595,0,0,0
"MtrElec",9,1,24,"",204.427,0,0,0,0,0,0,0,0,0,0,0,0,0,0,0,0,0,0,0,0,204.427,0,0,0
"MtrElec",9,2,1,"",168.021,0,0,0,0,0,0,0,0,0,0,0,0,0,0,0,0,0,0,0,0,168.021,0,0,0
"MtrElec",9,2,2,"",154.797,0,0,0,0,0,0,0,0,0,0,0,0,0,0,0,0,0,0,0,0,154.797,0,0,0
"MtrElec",9,2,3,"",148.054,0,0,0,0,0,0,0,0,0,0,0,0,0,0,0,0,0,0,0,0,148.054,0,0,0
"MtrElec",9,2,4,"",150.281,0,0,0,0,0,0,0,0,0,0,0,0,0,0,0,0,0,0,0,0,150.281,0,0,0
"MtrElec",9,2,5,"",148.451,0,0,0,0,0,0,0,0,0,0,0,0,0,0,0,0,0,0,0,0,148.451,0,0,0
"MtrElec",9,2,6,"",194.8,0,0,0,0,0,0,0,0,0,0,0,0,0,0,0,0,0,0,0,0,194.8,0,0,0
"MtrElec",9,2,7,"",277.628,0,0,0,0,0,0,0,0,0,0,0,0,0,0,0,0,0,0,0,0,278.171,0,0,-0.543468
"MtrElec",9,2,8,"",251.71,0,0,0,0,0,0,0,0,0,0,0,0,0,0,0,0,0,0,0,0,305.416,0,0,-53.706
"MtrElec",9,2,9,"",207.808,0,0,0,0,0,0,0,0,0,0,0,0,0,0,0,0,0,0,0,0,353.146,0,0,-145.339
"MtrElec",9,2,10,"",113.496,0,0,0,0,0,0,0,0,0,0,0,0,0,0,0,0,0,0,0,0,520.938,0,0,-407.442
"MtrElec",9,2,11,"",0,0,0,0,0,0,0,0,0,0,0,0,0,0,0,0,0,0,0,0,0,555.919,0,21.3052,-577.225
"MtrElec",9,2,12,"",0,0,0,0,0,0,0,0,0,0,0,0,0,0,0,0,0,0,0,0,0,498.118,0,168.927,-667.044
"MtrElec",9,2,13,"",0.0000156,0,0,0,0,0,0,0,0,0,0,0,0,0,0,0,0,0,0,0,0,557.083,0,146.36,-703.443
"MtrElec",9,2,14,"",0,0,0,0,0,0,0,0,0,0,0,0,0,0,0,0,0,0,0,0,0,502.281,0,199.326,-701.607
"MtrElec",9,2,15,"",0,0,0,0,0,0,0,0,0,0,0,0,0,0,0,0,0,0,0,0,0,469.913,0,180.784,-650.698
"MtrElec",9,2,16,"",0.0000020,0,0,0,0,0,0,0,0,0,0,0,0,0,0,0,0,0,0,0,0,522.289,0,27.1159,-549.405
"MtrElec",9,2,17,"",123.672,0,0,0,0,0,0,0,0,0,0,0,0,0,0,0,0,0,0,0,0,528.465,0,0,-404.794
"MtrElec",9,2,18,"",345.353,0,0,0,0,0,0,0,0,0,0,0,0,0,0,0,0,0,0,0,0,568.787,0,0,-223.434
"MtrElec",9,2,19,"",268.936,0,0,0,0,0,0,0,0,0,0,0,0,0,0,0,0,0,0,0,0,533.966,0,-221.926,-43.1042
"MtrElec",9,2,20,"",245.896,0,0,0,0,0,0,0,0,0,0,0,0,0,0,0,0,0,0,0,0,467.821,0,-221.926,0
"MtrElec",9,2,21,"",212.075,0,0,0,0,0,0,0,0,0,0,0,0,0,0,0,0,0,0,0,0,434,0,-221.926,0
"MtrElec",9,2,22,"",291.259,0,0,0,0,0,0,0,0,0,0,0,0,0,0,0,0,0,0,0,0,296.778,0,-5.5194,0
"MtrElec",9,2,23,"",297.771,0,0,0,0,0,0,0,0,0,0,0,0,0,0,0,0,0,0,0,0,297.771,0,0,0
"MtrElec",9,2,24,"",271.818,0,0,0,0,0,0,0,0,0,0,0,0,0,0,0,0,0,0,0,0,271.818,0,0,0
"MtrElec",9,3,1,"",176.587,0,0,0,0,0,0,0,0,0,0,0,0,0,0,0,0,0,0,0,0,176.587,0,0,0
"MtrElec",9,3,2,"",161.947,0,0,0,0,0,0,0,0,0,0,0,0,0,0,0,0,0,0,0,0,161.947,0,0,0
"MtrElec",9,3,3,"",154.662,0,0,0,0,0,0,0,0,0,0,0,0,0,0,0,0,0,0,0,0,154.662,0,0,0
"MtrElec",9,3,4,"",152.476,0,0,0,0,0,0,0,0,0,0,0,0,0,0,0,0,0,0,0,0,152.476,0,0,0
"MtrElec",9,3,5,"",146.734,0,0,0,0,0,0,0,0,0,0,0,0,0,0,0,0,0,0,0,0,146.734,0,0,0
"MtrElec",9,3,6,"",205.716,0,0,0,0,0,0,0,0,0,0,0,0,0,0,0,0,0,0,0,0,205.716,0,0,0
"MtrElec",9,3,7,"",253.556,0,0,0,0,0,0,0,0,0,0,0,0,0,0,0,0,0,0,0,0,253.556,0,0,0
"MtrElec",9,3,8,"",269.055,0,0,0,0,0,0,0,0,0,0,0,0,0,0,0,0,0,0,0,0,301.955,0,0,-32.8998
"MtrElec",9,3,9,"",344.526,0,0,0,0,0,0,0,0,0,0,0,0,0,0,0,0,0,0,0,0,435.314,0,0,-90.788
"MtrElec",9,3,10,"",279.896,0,0,0,0,0,0,0,0,0,0,0,0,0,0,0,0,0,0,0,0,475.236,0,0,-195.34
"MtrElec",9,3,11,"",16.6987,0,0,0,0,0,0,0,0,0,0,0,0,0,0,0,0,0,0,0,0,518.069,0,0,-501.37
"MtrElec",9,3,12,"",0,0,0,0,0,0,0,0,0,0,0,0,0,0,0,0,0,0,0,0,0,482.357,0,172.094,-654.451
"MtrElec",9,3,13,"",0.0000156,0,0,0,0,0,0,0,0,0,0,0,0,0,0,0,0,0,0,0,0,536.214,0,164.119,-700.334
"MtrElec",9,3,14,"",-20.1775,0,0,0,0,0,0,0,0,0,0,0,0,0,0,0,0,0,0,0,0,455.04,0,221.926,-697.143
"MtrElec",9,3,15,"",0.0000156,0,0,0,0,0,0,0,0,0,0,0,0,0,0,0,0,0,0,0,0,478.703,0,158.791,-637.493
"MtrElec",9,3,16,"",0,0,0,0,0,0,0,0,0,0,0,0,0,0,0,0,0,0,0,0,0,448.065,0,75.6574,-523.723
"MtrElec",9,3,17,"",99.3779,0,0,0,0,0,0,0,0,0,0,0,0,0,0,0,0,0,0,0,0,480.856,0,0,-381.478
"MtrElec",9,3,18,"",302.348,0,0,0,0,0,0,0,0,0,0,0,0,0,0,0,0,0,0,0,0,507.31,0,0,-204.962
"MtrElec",9,3,19,"",234.106,0,0,0,0,0,0,0,0,0,0,0,0,0,0,0,0,0,0,0,0,496.944,0,-221.926,-40.9125
"MtrElec",9,3,20,"",262.96,0,0,0,0,0,0,0,0,0,0,0,0,0,0,0,0,0,0,0,0,484.886,0,-221.926,0
"MtrElec",9,3,21,"",244.787,0,0,0,0,0,0,0,0,0,0,0,0,0,0,0,0,0,0,0,0,466.712,0,-221.926,0
"MtrElec",9,3,22,"",265.984,0,0,0,0,0,0,0,0,0,0,0,0,0,0,0,0,0,0,0,0,315.517,0,-49.5326,0
"MtrElec",9,3,23,"",281.534,0,0,0,0,0,0,0,0,0,0,0,0,0,0,0,0,0,0,0,0,281.534,0,0,0
"MtrElec",9,3,24,"",241.727,0,0,0,0,0,0,0,0,0,0,0,0,0,0,0,0,0,0,0,0,241.727,0,0,0
"MtrElec",9,4,1,"",159.055,0,0,0,0,0,0,0,0,0,0,0,0,0,0,0,0,0,0,0,0,159.055,0,0,0
"MtrElec",9,4,2,"",155.093,0,0,0,0,0,0,0,0,0,0,0,0,0,0,0,0,0,0,0,0,155.093,0,0,0
"MtrElec",9,4,3,"",153.323,0,0,0,0,0,0,0,0,0,0,0,0,0,0,0,0,0,0,0,0,153.323,0,0,0
"MtrElec",9,4,4,"",155.258,0,0,0,0,0,0,0,0,0,0,0,0,0,0,0,0,0,0,0,0,155.258,0,0,0
"MtrElec",9,4,5,"",145.021,0,0,0,0,0,0,0,0,0,0,0,0,0,0,0,0,0,0,0,0,145.021,0,0,0
"MtrElec",9,4,6,"",153.534,0,0,0,0,0,0,0,0,0,0,0,0,0,0,0,0,0,0,0,0,153.534,0,0,0
"MtrElec",9,4,7,"",247.308,0,0,0,0,0,0,0,0,0,0,0,0,0,0,0,0,0,0,0,0,247.308,0,0,0
"MtrElec",9,4,8,"",270.456,0,0,0,0,0,0,0,0,0,0,0,0,0,0,0,0,0,0,0,0,305.105,0,0,-34.6491
"MtrElec",9,4,9,"",298.148,0,0,0,0,0,0,0,0,0,0,0,0,0,0,0,0,0,0,0,0,393.061,0,0,-94.9133
"MtrElec",9,4,10,"",287.281,0,0,0,0,0,0,0,0,0,0,0,0,0,0,0,0,0,0,0,0,476.188,0,0,-188.907
"MtrElec",9,4,11,"",49.7057,0,0,0,0,0,0,0,0,0,0,0,0,0,0,0,0,0,0,0,0,485.462,0,0,-435.757
"MtrElec",9,4,12,"",0,0,0,0,0,0,0,0,0,0,0,0,0,0,0,0,0,0,0,0,0,474.905,0,136.478,-611.383
"MtrElec",9,4,13,"",0,0,0,0,0,0,0,0,0,0,0,0,0,0,0,0,0,0,0,0,0,538.975,0,138.185,-677.16
"MtrElec",9,4,14,"",0.0000156,0,0,0,0,0,0,0,0,0,0,0,0,0,0,0,0,0,0,0,0,466.808,0,216.266,-683.074
"MtrElec",9,4,15,"",0.0000156,0,0,0,0,0,0,0,0,0,0,0,0,0,0,0,0,0,0,0,0,428.07,0,212.919,-640.989
"MtrElec",9,4,16,"",0,0,0,0,0,0,0,0,0,0,0,0,0,0,0,0,0,0,0,0,0,473.059,0,68.1808,-541.24
"MtrElec",9,4,17,"",116.258,0,0,0,0,0,0,0,0,0,0,0,0,0,0,0,0,0,0,0,0,511.838,0,0,-395.58
"MtrElec",9,4,18,"",251.742,0,0,0,0,0,0,0,0,0,0,0,0,0,0,0,0,0,0,0,0,462.15,0,0,-210.409
"MtrElec",9,4,19,"",205.376,0,0,0,0,0,0,0,0,0,0,0,0,0,0,0,0,0,0,0,0,466.955,0,-221.926,-39.6529
"MtrElec",9,4,20,"",234.97,0,0,0,0,0,0,0,0,0,0,0,0,0,0,0,0,0,0,0,0,456.896,0,-221.926,0
"MtrElec",9,4,21,"",198.835,0,0,0,0,0,0,0,0,0,0,0,0,0,0,0,0,0,0,0,0,420.761,0,-221.926,0
"MtrElec",9,4,22,"",254.421,0,0,0,0,0,0,0,0,0,0,0,0,0,0,0,0,0,0,0,0,285.399,0,-30.9783,0
"MtrElec",9,4,23,"",270.71,0,0,0,0,0,0,0,0,0,0,0,0,0,0,0,0,0,0,0,0,270.71,0,0,0
"MtrElec",9,4,24,"",225.974,0,0,0,0,0,0,0,0,0,0,0,0,0,0,0,0,0,0,0,0,225.974,0,0,0
"MtrElec",9,5,1,"",168.314,0,0,0,0,0,0,0,0,0,0,0,0,0,0,0,0,0,0,0,0,168.314,0,0,0
"MtrElec",9,5,2,"",199.339,0,0,0,0,0,0,0,0,0,0,0,0,0,0,0,0,0,0,0,0,199.339,0,0,0
"MtrElec",9,5,3,"",143.436,0,0,0,0,0,0,0,0,0,0,0,0,0,0,0,0,0,0,0,0,143.436,0,0,0
"MtrElec",9,5,4,"",146.833,0,0,0,0,0,0,0,0,0,0,0,0,0,0,0,0,0,0,0,0,146.833,0,0,0
"MtrElec",9,5,5,"",151.482,0,0,0,0,0,0,0,0,0,0,0,0,0,0,0,0,0,0,0,0,151.482,0,0,0
"MtrElec",9,5,6,"",148.443,0,0,0,0,0,0,0,0,0,0,0,0,0,0,0,0,0,0,0,0,148.443,0,0,0
"MtrElec",9,5,7,"",223.888,0,0,0,0,0,0,0,0,0,0,0,0,0,0,0,0,0,0,0,0,224.509,0,0,-0.620894
"MtrElec",9,5,8,"",173.119,0,0,0,0,0,0,0,0,0,0,0,0,0,0,0,0,0,0,0,0,242.695,0,0,-69.5756
"MtrElec",9,5,9,"",140.121,0,0,0,0,0,0,0,0,0,0,0,0,0,0,0,0,0,0,0,0,318.539,0,0,-178.418
"MtrElec",9,5,10,"",100.682,0,0,0,0,0,0,0,0,0,0,0,0,0,0,0,0,0,0,0,0,382.648,0,0,-281.965
"MtrElec",9,5,11,"",128.295,0,0,0,0,0,0,0,0,0,0,0,0,0,0,0,0,0,0,0,0,461.574,0,0,-333.279
"MtrElec",9,5,12,"",0,0,0,0,0,0,0,0,0,0,0,0,0,0,0,0,0,0,0,0,0,495.982,0,85.88,-581.862
"MtrElec",9,5,13,"",0,0,0,0,0,0,0,0,0,0,0,0,0,0,0,0,0,0,0,0,0,476.673,0,205.597,-682.269
"MtrElec",9,5,14,"",0.0000156,0,0,0,0,0,0,0,0,0,0,0,0,0,0,0,0,0,0,0,0,469.879,0,212.164,-682.043
"MtrElec",9,5,15,"",0,0,0,0,0,0,0,0,0,0,0,0,0,0,0,0,0,0,0,0,0,491.079,0,135.471,-626.55
"MtrElec",9,5,16,"",0,0,0,0,0,0,0,0,0,0,0,0,0,0,0,0,0,0,0,0,0,487.711,0,39.4555,-527.166
"MtrElec",9,5,17,"",118.954,0,0,0,0,0,0,0,0,0,0,0,0,0,0,0,0,0,0,0,0,498.333,0,0,-379.379
"MtrElec",9,5,18,"",315.646,0,0,0,0,0,0,0,0,0,0,0,0,0,0,0,0,0,0,0,0,515.472,0,0,-199.826
"MtrElec",9,5,19,"",227.125,0,0,0,0,0,0,0,0,0,0,0,0,0,0,0,0,0,0,0,0,487.189,0,-221.926,-38.1382
"MtrElec",9,5,20,"",170.576,0,0,0,0,0,0,0,0,0,0,0,0,0,0,0,0,0,0,0,0,392.502,0,-221.926,0
"MtrElec",9,5,21,"",154.935,0,0,0,0,0,0,0,0,0,0,0,0,0,0,0,0,0,0,0,0,323.491,0,-168.556,0
"MtrElec",9,5,22,"",337.292,0,0,0,0,0,0,0,0,0,0,0,0,0,0,0,0,0,0,0,0,337.292,0,0,0
"MtrElec",9,5,23,"",202.396,0,0,0,0,0,0,0,0,0,0,0,0,0,0,0,0,0,0,0,0,202.396,0,0,0
"MtrElec",9,5,24,"",253.419,0,0,0,0,0,0,0,0,0,0,0,0,0,0,0,0,0,0,0,0,253.419,0,0,0
"MtrElec",9,6,1,"",156.596,0,0,0,0,0,0,0,0,0,0,0,0,0,0,0,0,0,0,0,0,156.596,0,0,0
"MtrElec",9,6,2,"",150.646,0,0,0,0,0,0,0,0,0,0,0,0,0,0,0,0,0,0,0,0,150.646,0,0,0
"MtrElec",9,6,3,"",147.45,0,0,0,0,0,0,0,0,0,0,0,0,0,0,0,0,0,0,0,0,147.45,0,0,0
"MtrElec",9,6,4,"",148.309,0,0,0,0,0,0,0,0,0,0,0,0,0,0,0,0,0,0,0,0,148.309,0,0,0
"MtrElec",9,6,5,"",152.091,0,0,0,0,0,0,0,0,0,0,0,0,0,0,0,0,0,0,0,0,152.091,0,0,0
"MtrElec",9,6,6,"",152.612,0,0,0,0,0,0,0,0,0,0,0,0,0,0,0,0,0,0,0,0,152.612,0,0,0
"MtrElec",9,6,7,"",191.966,0,0,0,0,0,0,0,0,0,0,0,0,0,0,0,0,0,0,0,0,192.938,0,0,-0.972045
"MtrElec",9,6,8,"",116.216,0,0,0,0,0,0,0,0,0,0,0,0,0,0,0,0,0,0,0,0,203.386,0,0,-87.1706
"MtrElec",9,6,9,"",2.80353,0,0,0,0,0,0,0,0,0,0,0,0,0,0,0,0,0,0,0,0,273.555,0,0,-270.752
"MtrElec",9,6,10,"",-85.4078,0,0,0,0,0,0,0,0,0,0,0,0,0,0,0,0,0,0,0,0,353.893,0,0,-439.301
"MtrElec",9,6,11,"",0,0,0,0,0,0,0,0,0,0,0,0,0,0,0,0,0,0,0,0,0,422.508,0,138.603,-561.111
"MtrElec",9,6,12,"",0,0,0,0,0,0,0,0,0,0,0,0,0,0,0,0,0,0,0,0,0,479.433,0,157.303,-636.735
"MtrElec",9,6,13,"",0.0000156,0,0,0,0,0,0,0,0,0,0,0,0,0,0,0,0,0,0,0,0,509.037,0,176.26,-685.297
"MtrElec",9,6,14,"",-30.9297,0,0,0,0,0,0,0,0,0,0,0,0,0,0,0,0,0,0,0,0,438.392,0,221.926,-691.247
"MtrElec",9,6,15,"",-70.9545,0,0,0,0,0,0,0,0,0,0,0,0,0,0,0,0,0,0,0,0,469.19,0,100.291,-640.435
"MtrElec",9,6,16,"",-137.175,0,0,0,0,0,0,0,0,0,0,0,0,0,0,0,0,0,0,0,0,396.651,0,0,-533.826
"MtrElec",9,6,17,"",59.7985,0,0,0,0,0,0,0,0,0,0,0,0,0,0,0,0,0,0,0,0,448.669,0,0,-388.871
"MtrElec",9,6,18,"",256.502,0,0,0,0,0,0,0,0,0,0,0,0,0,0,0,0,0,0,0,0,460.496,0,0,-203.993
"MtrElec",9,6,19,"",255.326,0,0,0,0,0,0,0,0,0,0,0,0,0,0,0,0,0,0,0,0,513.875,0,-221.926,-36.623
"MtrElec",9,6,20,"",140.734,0,0,0,0,0,0,0,0,0,0,0,0,0,0,0,0,0,0,0,0,362.659,0,-221.926,0
"MtrElec",9,6,21,"",120.977,0,0,0,0,0,0,0,0,0,0,0,0,0,0,0,0,0,0,0,0,342.903,0,-221.926,0
"MtrElec",9,6,22,"",280.62,0,0,0,0,0,0,0,0,0,0,0,0,0,0,0,0,0,0,0,0,331.773,0,-51.1531,0
"MtrElec",9,6,23,"",226.82,0,0,0,0,0,0,0,0,0,0,0,0,0,0,0,0,0,0,0,0,226.82,0,0,0
"MtrElec",9,6,24,"",245.222,0,0,0,0,0,0,0,0,0,0,0,0,0,0,0,0,0,0,0,0,245.222,0,0,0
"MtrElec",9,7,1,"",167.084,0,0,0,0,0,0,0,0,0,0,0,0,0,0,0,0,0,0,0,0,167.084,0,0,0
"MtrElec",9,7,2,"",189.638,0,0,0,0,0,0,0,0,0,0,0,0,0,0,0,0,0,0,0,0,189.638,0,0,0
"MtrElec",9,7,3,"",147.021,0,0,0,0,0,0,0,0,0,0,0,0,0,0,0,0,0,0,0,0,147.021,0,0,0
"MtrElec",9,7,4,"",149.92,0,0,0,0,0,0,0,0,0,0,0,0,0,0,0,0,0,0,0,0,149.92,0,0,0
"MtrElec",9,7,5,"",148.788,0,0,0,0,0,0,0,0,0,0,0,0,0,0,0,0,0,0,0,0,148.788,0,0,0
"MtrElec",9,7,6,"",200.786,0,0,0,0,0,0,0,0,0,0,0,0,0,0,0,0,0,0,0,0,200.786,0,0,0
"MtrElec",9,7,7,"",209.235,0,0,0,0,0,0,0,0,0,0,0,0,0,0,0,0,0,0,0,0,209.584,0,0,-0.349212
"MtrElec",9,7,8,"",184.274,0,0,0,0,0,0,0,0,0,0,0,0,0,0,0,0,0,0,0,0,271.035,0,0,-86.7613
"MtrElec",9,7,9,"",77.7683,0,0,0,0,0,0,0,0,0,0,0,0,0,0,0,0,0,0,0,0,349.014,0,0,-271.246
"MtrElec",9,7,10,"",17.7204,0,0,0,0,0,0,0,0,0,0,0,0,0,0,0,0,0,0,0,0,456.005,0,0,-438.285
"MtrElec",9,7,11,"",0,0,0,0,0,0,0,0,0,0,0,0,0,0,0,0,0,0,0,0,0,416.404,0,145.548,-561.952
"MtrElec",9,7,12,"",0.0000156,0,0,0,0,0,0,0,0,0,0,0,0,0,0,0,0,0,0,0,0,492.372,0,156.978,-649.35
"MtrElec",9,7,13,"",0.0000156,0,0,0,0,0,0,0,0,0,0,0,0,0,0,0,0,0,0,0,0,524.04,0,164.148,-688.187
"MtrElec",9,7,14,"",0.0000156,0,0,0,0,0,0,0,0,0,0,0,0,0,0,0,0,0,0,0,0,535.795,0,149.546,-685.34
"MtrElec",9,7,15,"",-43.8659,0,0,0,0,0,0,0,0,0,0,0,0,0,0,0,0,0,0,0,0,408.75,0,178.163,-630.78
"MtrElec",9,7,16,"",-38.0892,0,0,0,0,0,0,0,0,0,0,0,0,0,0,0,0,0,0,0,0,483.248,0,0,-521.337
"MtrElec",9,7,17,"",157.339,0,0,0,0,0,0,0,0,0,0,0,0,0,0,0,0,0,0,0,0,534.443,0,0,-377.104
"MtrElec",9,7,18,"",313.501,0,0,0,0,0,0,0,0,0,0,0,0,0,0,0,0,0,0,0,0,512.462,0,0,-198.962
"MtrElec",9,7,19,"",261.952,0,0,0,0,0,0,0,0,0,0,0,0,0,0,0,0,0,0,0,0,517.106,0,-221.926,-33.2288
"MtrElec",9,7,20,"",134.134,0,0,0,0,0,0,0,0,0,0,0,0,0,0,0,0,0,0,0,0,356.06,0,-221.926,0
"MtrElec",9,7,21,"",114.659,0,0,0,0,0,0,0,0,0,0,0,0,0,0,0,0,0,0,0,0,336.585,0,-221.926,0
"MtrElec",9,7,22,"",255.586,0,0,0,0,0,0,0,0,0,0,0,0,0,0,0,0,0,0,0,0,306.739,0,-51.1531,0
"MtrElec",9,7,23,"",235.002,0,0,0,0,0,0,0,0,0,0,0,0,0,0,0,0,0,0,0,0,235.002,0,0,0
"MtrElec",9,7,24,"",248.29,0,0,0,0,0,0,0,0,0,0,0,0,0,0,0,0,0,0,0,0,248.29,0,0,0
"MtrElec",9,8,1,"",160.665,0,0,0,0,0,0,0,0,0,0,0,0,0,0,0,0,0,0,0,0,160.665,0,0,0
"MtrElec",9,8,2,"",155.746,0,0,0,0,0,0,0,0,0,0,0,0,0,0,0,0,0,0,0,0,155.746,0,0,0
"MtrElec",9,8,3,"",150.018,0,0,0,0,0,0,0,0,0,0,0,0,0,0,0,0,0,0,0,0,150.018,0,0,0
"MtrElec",9,8,4,"",150.041,0,0,0,0,0,0,0,0,0,0,0,0,0,0,0,0,0,0,0,0,150.041,0,0,0
"MtrElec",9,8,5,"",145.023,0,0,0,0,0,0,0,0,0,0,0,0,0,0,0,0,0,0,0,0,145.023,0,0,0
"MtrElec",9,8,6,"",199.496,0,0,0,0,0,0,0,0,0,0,0,0,0,0,0,0,0,0,0,0,199.496,0,0,0
"MtrElec",9,8,7,"",244.237,0,0,0,0,0,0,0,0,0,0,0,0,0,0,0,0,0,0,0,0,244.564,0,0,-0.326493
"MtrElec",9,8,8,"",233.737,0,0,0,0,0,0,0,0,0,0,0,0,0,0,0,0,0,0,0,0,317.773,0,0,-84.0359
"MtrElec",9,8,9,"",146.847,0,0,0,0,0,0,0,0,0,0,0,0,0,0,0,0,0,0,0,0,411.528,0,0,-264.681
"MtrElec",9,8,10,"",84.5201,0,0,0,0,0,0,0,0,0,0,0,0,0,0,0,0,0,0,0,0,517.386,0,0,-432.866
"MtrElec",9,8,11,"",0,0,0,0,0,0,0,0,0,0,0,0,0,0,0,0,0,0,0,0,0,518.563,0,34.2501,-552.813
"MtrElec",9,8,12,"",0,0,0,0,0,0,0,0,0,0,0,0,0,0,0,0,0,0,0,0,0,534.587,0,82.7428,-617.33
"MtrElec",9,8,13,"",0,0,0,0,0,0,0,0,0,0,0,0,0,0,0,0,0,0,0,0,0,525.944,0,137.273,-663.217
"MtrElec",9,8,14,"",0,0,0,0,0,0,0,0,0,0,0,0,0,0,0,0,0,0,0,0,0,484.149,0,188.427,-672.576
"MtrElec",9,8,15,"",0.0000156,0,0,0,0,0,0,0,0,0,0,0,0,0,0,0,0,0,0,0,0,447.567,0,176.101,-623.668
"MtrElec",9,8,16,"",0,0,0,0,0,0,0,0,0,0,0,0,0,0,0,0,0,0,0,0,0,510.378,0,13.4674,-523.845
"MtrElec",9,8,17,"",175.11,0,0,0,0,0,0,0,0,0,0,0,0,0,0,0,0,0,0,0,0,555.739,0,0,-380.628
"MtrElec",9,8,18,"",354.582,0,0,0,0,0,0,0,0,0,0,0,0,0,0,0,0,0,0,0,0,552.398,0,0,-197.817
"MtrElec",9,8,19,"",260.416,0,0,0,0,0,0,0,0,0,0,0,0,0,0,0,0,0,0,0,0,512.046,0,-221.926,-29.7047
"MtrElec",9,8,20,"",275.128,0,0,0,0,0,0,0,0,0,0,0,0,0,0,0,0,0,0,0,0,497.053,0,-221.926,0
"MtrElec",9,8,21,"",336.867,0,0,0,0,0,0,0,0,0,0,0,0,0,0,0,0,0,0,0,0,463.631,0,-126.765,0
"MtrElec",9,8,22,"",334.791,0,0,0,0,0,0,0,0,0,0,0,0,0,0,0,0,0,0,0,0,334.791,0,0,0
"MtrElec",9,8,23,"",311.132,0,0,0,0,0,0,0,0,0,0,0,0,0,0,0,0,0,0,0,0,311.132,0,0,0
"MtrElec",9,8,24,"",230.798,0,0,0,0,0,0,0,0,0,0,0,0,0,0,0,0,0,0,0,0,230.798,0,0,0
"MtrElec",9,9,1,"",203.675,0,0,0,0,0,0,0,0,0,0,0,0,0,0,0,0,0,0,0,0,203.675,0,0,0
"MtrElec",9,9,2,"",155.106,0,0,0,0,0,0,0,0,0,0,0,0,0,0,0,0,0,0,0,0,155.106,0,0,0
"MtrElec",9,9,3,"",146.944,0,0,0,0,0,0,0,0,0,0,0,0,0,0,0,0,0,0,0,0,146.944,0,0,0
"MtrElec",9,9,4,"",146.955,0,0,0,0,0,0,0,0,0,0,0,0,0,0,0,0,0,0,0,0,146.955,0,0,0
"MtrElec",9,9,5,"",140.628,0,0,0,0,0,0,0,0,0,0,0,0,0,0,0,0,0,0,0,0,140.628,0,0,0
"MtrElec",9,9,6,"",183.699,0,0,0,0,0,0,0,0,0,0,0,0,0,0,0,0,0,0,0,0,183.699,0,0,0
"MtrElec",9,9,7,"",234.557,0,0,0,0,0,0,0,0,0,0,0,0,0,0,0,0,0,0,0,0,234.557,0,0,0
"MtrElec",9,9,8,"",304.466,0,0,0,0,0,0,0,0,0,0,0,0,0,0,0,0,0,0,0,0,356.893,0,0,-52.4265
"MtrElec",9,9,9,"",255.586,0,0,0,0,0,0,0,0,0,0,0,0,0,0,0,0,0,0,0,0,392.481,0,0,-136.895
"MtrElec",9,9,10,"",65.2131,0,0,0,0,0,0,0,0,0,0,0,0,0,0,0,0,0,0,0,0,458.172,0,0,-392.959
"MtrElec",9,9,11,"",0.0000039,0,0,0,0,0,0,0,0,0,0,0,0,0,0,0,0,0,0,0,0,501.789,0,51.931,-553.72
"MtrElec",9,9,12,"",0.0000078,0,0,0,0,0,0,0,0,0,0,0,0,0,0,0,0,0,0,0,0,529.83,0,113.967,-643.797
"MtrElec",9,9,13,"",0,0,0,0,0,0,0,0,0,0,0,0,0,0,0,0,0,0,0,0,0,587.277,0,89.4596,-676.737
"MtrElec",9,9,14,"",-22.1571,0,0,0,0,0,0,0,0,0,0,0,0,0,0,0,0,0,0,0,0,433.297,0,221.926,-677.38
"MtrElec",9,9,15,"",0,0,0,0,0,0,0,0,0,0,0,0,0,0,0,0,0,0,0,0,0,472.377,0,161.168,-633.544
"MtrElec",9,9,16,"",0,0,0,0,0,0,0,0,0,0,0,0,0,0,0,0,0,0,0,0,0,450.266,0,79.7158,-529.982
"MtrElec",9,9,17,"",141.482,0,0,0,0,0,0,0,0,0,0,0,0,0,0,0,0,0,0,0,0,522.941,0,0,-381.459
"MtrElec",9,9,18,"",306.489,0,0,0,0,0,0,0,0,0,0,0,0,0,0,0,0,0,0,0,0,503.369,0,0,-196.88
"MtrElec",9,9,19,"",253.017,0,0,0,0,0,0,0,0,0,0,0,0,0,0,0,0,0,0,0,0,503.444,0,-221.926,-28.5017
"MtrElec",9,9,20,"",299.712,0,0,0,0,0,0,0,0,0,0,0,0,0,0,0,0,0,0,0,0,521.638,0,-221.926,0
"MtrElec",9,9,21,"",213.71,0,0,0,0,0,0,0,0,0,0,0,0,0,0,0,0,0,0,0,0,418.004,0,-204.294,0
"MtrElec",9,9,22,"",315.352,0,0,0,0,0,0,0,0,0,0,0,0,0,0,0,0,0,0,0,0,315.352,0,0,0
"MtrElec",9,9,23,"",305.119,0,0,0,0,0,0,0,0,0,0,0,0,0,0,0,0,0,0,0,0,305.119,0,0,0
"MtrElec",9,9,24,"",217.78,0,0,0,0,0,0,0,0,0,0,0,0,0,0,0,0,0,0,0,0,217.78,0,0,0
"MtrElec",9,10,1,"",160.277,0,0,0,0,0,0,0,0,0,0,0,0,0,0,0,0,0,0,0,0,160.277,0,0,0
"MtrElec",9,10,2,"",153.835,0,0,0,0,0,0,0,0,0,0,0,0,0,0,0,0,0,0,0,0,153.835,0,0,0
"MtrElec",9,10,3,"",190.263,0,0,0,0,0,0,0,0,0,0,0,0,0,0,0,0,0,0,0,0,190.263,0,0,0
"MtrElec",9,10,4,"",151.85,0,0,0,0,0,0,0,0,0,0,0,0,0,0,0,0,0,0,0,0,151.85,0,0,0
"MtrElec",9,10,5,"",149.533,0,0,0,0,0,0,0,0,0,0,0,0,0,0,0,0,0,0,0,0,149.533,0,0,0
"MtrElec",9,10,6,"",158.686,0,0,0,0,0,0,0,0,0,0,0,0,0,0,0,0,0,0,0,0,158.686,0,0,0
"MtrElec",9,10,7,"",238.891,0,0,0,0,0,0,0,0,0,0,0,0,0,0,0,0,0,0,0,0,238.891,0,0,0
"MtrElec",9,10,8,"",252.104,0,0,0,0,0,0,0,0,0,0,0,0,0,0,0,0,0,0,0,0,339.616,0,0,-87.5125
"MtrElec",9,10,9,"",105.989,0,0,0,0,0,0,0,0,0,0,0,0,0,0,0,0,0,0,0,0,381.573,0,0,-275.584
"MtrElec",9,10,10,"",19.4758,0,0,0,0,0,0,0,0,0,0,0,0,0,0,0,0,0,0,0,0,466.269,0,0,-446.793
"MtrElec",9,10,11,"",0,0,0,0,0,0,0,0,0,0,0,0,0,0,0,0,0,0,0,0,0,540.295,0,28.0888,-568.384
"MtrElec",9,10,12,"",0,0,0,0,0,0,0,0,0,0,0,0,0,0,0,0,0,0,0,0,0,502.291,0,150.218,-652.509
"MtrElec",9,10,13,"",0,0,0,0,0,0,0,0,0,0,0,0,0,0,0,0,0,0,0,0,0,472.745,0,213.206,-685.951
"MtrElec",9,10,14,"",0,0,0,0,0,0,0,0,0,0,0,0,0,0,0,0,0,0,0,0,0,489.41,0,187.189,-676.6
"MtrElec",9,10,15,"",0,0,0,0,0,0,0,0,0,0,0,0,0,0,0,0,0,0,0,0,0,492.31,0,147.795,-640.106
"MtrElec",9,10,16,"",0,0,0,0,0,0,0,0,0,0,0,0,0,0,0,0,0,0,0,0,0,479.276,0,59.0991,-538.375
"MtrElec",9,10,17,"",168.521,0,0,0,0,0,0,0,0,0,0,0,0,0,0,0,0,0,0,0,0,554.746,0,0,-386.224
"MtrElec",9,10,18,"",305.782,0,0,0,0,0,0,0,0,0,0,0,0,0,0,0,0,0,0,0,0,506.003,0,0,-200.221
"MtrElec",9,10,19,"",256.061,0,0,0,0,0,0,0,0,0,0,0,0,0,0,0,0,0,0,0,0,504.41,0,-221.926,-26.4229
"MtrElec",9,10,20,"",240.45,0,0,0,0,0,0,0,0,0,0,0,0,0,0,0,0,0,0,0,0,462.376,0,-221.926,0
"MtrElec",9,10,21,"",224.785,0,0,0,0,0,0,0,0,0,0,0,0,0,0,0,0,0,0,0,0,446.711,0,-221.926,0
"MtrElec",9,10,22,"",293.862,0,0,0,0,0,0,0,0,0,0,0,0,0,0,0,0,0,0,0,0,337.085,0,-43.2238,0
"MtrElec",9,10,23,"",288.973,0,0,0,0,0,0,0,0,0,0,0,0,0,0,0,0,0,0,0,0,288.973,0,0,0
"MtrElec",9,10,24,"",210.066,0,0,0,0,0,0,0,0,0,0,0,0,0,0,0,0,0,0,0,0,210.066,0,0,0
"MtrElec",9,11,1,"",156.348,0,0,0,0,0,0,0,0,0,0,0,0,0,0,0,0,0,0,0,0,156.348,0,0,0
"MtrElec",9,11,2,"",153.117,0,0,0,0,0,0,0,0,0,0,0,0,0,0,0,0,0,0,0,0,153.117,0,0,0
"MtrElec",9,11,3,"",149.177,0,0,0,0,0,0,0,0,0,0,0,0,0,0,0,0,0,0,0,0,149.177,0,0,0
"MtrElec",9,11,4,"",149.689,0,0,0,0,0,0,0,0,0,0,0,0,0,0,0,0,0,0,0,0,149.689,0,0,0
"MtrElec",9,11,5,"",174.833,0,0,0,0,0,0,0,0,0,0,0,0,0,0,0,0,0,0,0,0,174.833,0,0,0
"MtrElec",9,11,6,"",163.138,0,0,0,0,0,0,0,0,0,0,0,0,0,0,0,0,0,0,0,0,163.138,0,0,0
"MtrElec",9,11,7,"",237.3,0,0,0,0,0,0,0,0,0,0,0,0,0,0,0,0,0,0,0,0,237.3,0,0,0
"MtrElec",9,11,8,"",280.008,0,0,0,0,0,0,0,0,0,0,0,0,0,0,0,0,0,0,0,0,348.349,0,0,-68.3413
"MtrElec",9,11,9,"",180.657,0,0,0,0,0,0,0,0,0,0,0,0,0,0,0,0,0,0,0,0,379.526,0,0,-198.868
"MtrElec",9,11,10,"",1.95019,0,0,0,0,0,0,0,0,0,0,0,0,0,0,0,0,0,0,0,0,447.523,0,0,-445.572
"MtrElec",9,11,11,"",0,0,0,0,0,0,0,0,0,0,0,0,0,0,0,0,0,0,0,0,0,494.248,0,67.5332,-561.782
"MtrElec",9,11,12,"",0,0,0,0,0,0,0,0,0,0,0,0,0,0,0,0,0,0,0,0,0,524.06,0,124.182,-648.242
"MtrElec",9,11,13,"",0,0,0,0,0,0,0,0,0,0,0,0,0,0,0,0,0,0,0,0,0,556.196,0,137.207,-693.403
"MtrElec",9,11,14,"",-41.3327,0,0,0,0,0,0,0,0,0,0,0,0,0,0,0,0,0,0,0,0,425.774,0,221.926,-689.032
"MtrElec",9,11,15,"",0,0,0,0,0,0,0,0,0,0,0,0,0,0,0,0,0,0,0,0,0,473.08,0,159.876,-632.956
"MtrElec",9,11,16,"",-3.44602,0,0,0,0,0,0,0,0,0,0,0,0,0,0,0,0,0,0,0,0,447.291,0,83.6594,-534.396
"MtrElec",9,11,17,"",136.541,0,0,0,0,0,0,0,0,0,0,0,0,0,0,0,0,0,0,0,0,521.832,0,0,-385.291
"MtrElec",9,11,18,"",290.164,0,0,0,0,0,0,0,0,0,0,0,0,0,0,0,0,0,0,0,0,485.964,0,0,-195.8
"MtrElec",9,11,19,"",241.633,0,0,0,0,0,0,0,0,0,0,0,0,0,0,0,0,0,0,0,0,488.946,0,-221.926,-25.3869
"MtrElec",9,11,20,"",216.493,0,0,0,0,0,0,0,0,0,0,0,0,0,0,0,0,0,0,0,0,438.419,0,-221.926,0
"MtrElec",9,11,21,"",217.541,0,0,0,0,0,0,0,0,0,0,0,0,0,0,0,0,0,0,0,0,439.467,0,-221.926,0
"MtrElec",9,11,22,"",237.809,0,0,0,0,0,0,0,0,0,0,0,0,0,0,0,0,0,0,0,0,288.962,0,-51.1531,0
"MtrElec",9,11,23,"",231.909,0,0,0,0,0,0,0,0,0,0,0,0,0,0,0,0,0,0,0,0,231.909,0,0,0
"MtrElec",9,11,24,"",246.123,0,0,0,0,0,0,0,0,0,0,0,0,0,0,0,0,0,0,0,0,246.123,0,0,0
"MtrElec",9,12,1,"",160.431,0,0,0,0,0,0,0,0,0,0,0,0,0,0,0,0,0,0,0,0,160.431,0,0,0
"MtrElec",9,12,2,"",151.702,0,0,0,0,0,0,0,0,0,0,0,0,0,0,0,0,0,0,0,0,151.702,0,0,0
"MtrElec",9,12,3,"",147.25,0,0,0,0,0,0,0,0,0,0,0,0,0,0,0,0,0,0,0,0,147.25,0,0,0
"MtrElec",9,12,4,"",148.797,0,0,0,0,0,0,0,0,0,0,0,0,0,0,0,0,0,0,0,0,148.797,0,0,0
"MtrElec",9,12,5,"",159.952,0,0,0,0,0,0,0,0,0,0,0,0,0,0,0,0,0,0,0,0,159.952,0,0,0
"MtrElec",9,12,6,"",151.93,0,0,0,0,0,0,0,0,0,0,0,0,0,0,0,0,0,0,0,0,151.93,0,0,0
"MtrElec",9,12,7,"",224.577,0,0,0,0,0,0,0,0,0,0,0,0,0,0,0,0,0,0,0,0,224.577,0,0,0
"MtrElec",9,12,8,"",259.22,0,0,0,0,0,0,0,0,0,0,0,0,0,0,0,0,0,0,0,0,278.685,0,0,-19.4659
"MtrElec",9,12,9,"",315.582,0,0,0,0,0,0,0,0,0,0,0,0,0,0,0,0,0,0,0,0,373.066,0,0,-57.4847
"MtrElec",9,12,10,"",294.586,0,0,0,0,0,0,0,0,0,0,0,0,0,0,0,0,0,0,0,0,413.292,0,0,-118.706
"MtrElec",9,12,11,"",249.348,0,0,0,0,0,0,0,0,0,0,0,0,0,0,0,0,0,0,0,0,454.173,0,0,-204.825
"MtrElec",9,12,12,"",184.339,0,0,0,0,0,0,0,0,0,0,0,0,0,0,0,0,0,0,0,0,520.597,0,0,-336.258
"MtrElec",9,12,13,"",118.466,0,0,0,0,0,0,0,0,0,0,0,0,0,0,0,0,0,0,0,0,505.594,0,0,-387.128
"MtrElec",9,12,14,"",100.204,0,0,0,0,0,0,0,0,0,0,0,0,0,0,0,0,0,0,0,0,483.132,0,0,-382.928
"MtrElec",9,12,15,"",192.739,0,0,0,0,0,0,0,0,0,0,0,0,0,0,0,0,0,0,0,0,507.256,0,0,-314.517
"MtrElec",9,12,16,"",231.877,0,0,0,0,0,0,0,0,0,0,0,0,0,0,0,0,0,0,0,0,483.899,0,0,-252.022
"MtrElec",9,12,17,"",323.036,0,0,0,0,0,0,0,0,0,0,0,0,0,0,0,0,0,0,0,0,501.759,0,0,-178.722
"MtrElec",9,12,18,"",355.449,0,0,0,0,0,0,0,0,0,0,0,0,0,0,0,0,0,0,0,0,471.005,0,0,-115.555
"MtrElec",9,12,19,"",468.057,0,0,0,0,0,0,0,0,0,0,0,0,0,0,0,0,0,0,0,0,495.03,0,0,-26.9726
"MtrElec",9,12,20,"",422.495,0,0,0,0,0,0,0,0,0,0,0,0,0,0,0,0,0,0,0,0,422.495,0,0,0
"MtrElec",9,12,21,"",341.903,0,0,0,0,0,0,0,0,0,0,0,0,0,0,0,0,0,0,0,0,341.903,0,0,0
"MtrElec",9,12,22,"",345.189,0,0,0,0,0,0,0,0,0,0,0,0,0,0,0,0,0,0,0,0,345.189,0,0,0
"MtrElec",9,12,23,"",254.832,0,0,0,0,0,0,0,0,0,0,0,0,0,0,0,0,0,0,0,0,254.832,0,0,0
"MtrElec",9,12,24,"",205.326,0,0,0,0,0,0,0,0,0,0,0,0,0,0,0,0,0,0,0,0,205.326,0,0,0
"MtrElec",9,13,1,"",170.304,0,0,0,0,0,0,0,0,0,0,0,0,0,0,0,0,0,0,0,0,170.304,0,0,0
"MtrElec",9,13,2,"",152.982,0,0,0,0,0,0,0,0,0,0,0,0,0,0,0,0,0,0,0,0,152.982,0,0,0
"MtrElec",9,13,3,"",152.669,0,0,0,0,0,0,0,0,0,0,0,0,0,0,0,0,0,0,0,0,152.669,0,0,0
"MtrElec",9,13,4,"",198.311,0,0,0,0,0,0,0,0,0,0,0,0,0,0,0,0,0,0,0,0,198.311,0,0,0
"MtrElec",9,13,5,"",185.889,0,0,0,0,0,0,0,0,0,0,0,0,0,0,0,0,0,0,0,0,185.889,0,0,0
"MtrElec",9,13,6,"",151.66,0,0,0,0,0,0,0,0,0,0,0,0,0,0,0,0,0,0,0,0,151.66,0,0,0
"MtrElec",9,13,7,"",156.069,0,0,0,0,0,0,0,0,0,0,0,0,0,0,0,0,0,0,0,0,156.069,0,0,0
"MtrElec",9,13,8,"",203.541,0,0,0,0,0,0,0,0,0,0,0,0,0,0,0,0,0,0,0,0,226.155,0,0,-22.6139
"MtrElec",9,13,9,"",215.027,0,0,0,0,0,0,0,0,0,0,0,0,0,0,0,0,0,0,0,0,294.73,0,0,-79.7031
"MtrElec",9,13,10,"",255.46,0,0,0,0,0,0,0,0,0,0,0,0,0,0,0,0,0,0,0,0,391.505,0,0,-136.046
"MtrElec",9,13,11,"",214.757,0,0,0,0,0,0,0,0,0,0,0,0,0,0,0,0,0,0,0,0,433.256,0,0,-218.5
"MtrElec",9,13,12,"",87.401,0,0,0,0,0,0,0,0,0,0,0,0,0,0,0,0,0,0,0,0,382.252,0,0,-294.851
"MtrElec",9,13,13,"",51.8579,0,0,0,0,0,0,0,0,0,0,0,0,0,0,0,0,0,0,0,0,393.99,0,0,-342.132
"MtrElec",9,13,14,"",42.1177,0,0,0,0,0,0,0,0,0,0,0,0,0,0,0,0,0,0,0,0,379.778,0,0,-337.66
"MtrElec",9,13,15,"",0,0,0,0,0,0,0,0,0,0,0,0,0,0,0,0,0,0,0,0,0,414.718,0,6.69306,-421.411
"MtrElec",9,13,16,"",0,0,0,0,0,0,0,0,0,0,0,0,0,0,0,0,0,0,0,0,0,375.816,0,3.15959,-378.976
"MtrElec",9,13,17,"",36.8444,0,0,0,0,0,0,0,0,0,0,0,0,0,0,0,0,0,0,0,0,396.361,0,0,-359.517
"MtrElec",9,13,18,"",209.29,0,0,0,0,0,0,0,0,0,0,0,0,0,0,0,0,0,0,0,0,400.718,0,0,-191.429
"MtrElec",9,13,19,"",359.297,0,0,0,0,0,0,0,0,0,0,0,0,0,0,0,0,0,0,0,0,392.13,0,-8.89202,-23.9408
"MtrElec",9,13,20,"",345.605,0,0,0,0,0,0,0,0,0,0,0,0,0,0,0,0,0,0,0,0,345.605,0,0,0
"MtrElec",9,13,21,"",345.049,0,0,0,0,0,0,0,0,0,0,0,0,0,0,0,0,0,0,0,0,345.049,0,0,0
"MtrElec",9,13,22,"",333.611,0,0,0,0,0,0,0,0,0,0,0,0,0,0,0,0,0,0,0,0,333.611,0,0,0
"MtrElec",9,13,23,"",189.887,0,0,0,0,0,0,0,0,0,0,0,0,0,0,0,0,0,0,0,0,189.887,0,0,0
"MtrElec",9,13,24,"",184.687,0,0,0,0,0,0,0,0,0,0,0,0,0,0,0,0,0,0,0,0,184.687,0,0,0
"MtrElec",9,14,1,"",195.517,0,0,0,0,0,0,0,0,0,0,0,0,0,0,0,0,0,0,0,0,195.517,0,0,0
"MtrElec",9,14,2,"",158.796,0,0,0,0,0,0,0,0,0,0,0,0,0,0,0,0,0,0,0,0,158.796,0,0,0
"MtrElec",9,14,3,"",149.704,0,0,0,0,0,0,0,0,0,0,0,0,0,0,0,0,0,0,0,0,149.704,0,0,0
"MtrElec",9,14,4,"",145.457,0,0,0,0,0,0,0,0,0,0,0,0,0,0,0,0,0,0,0,0,145.457,0,0,0
"MtrElec",9,14,5,"",142.67,0,0,0,0,0,0,0,0,0,0,0,0,0,0,0,0,0,0,0,0,142.67,0,0,0
"MtrElec",9,14,6,"",177.41,0,0,0,0,0,0,0,0,0,0,0,0,0,0,0,0,0,0,0,0,177.41,0,0,0
"MtrElec",9,14,7,"",200.403,0,0,0,0,0,0,0,0,0,0,0,0,0,0,0,0,0,0,0,0,200.483,0,0,-0.0803876
"MtrElec",9,14,8,"",232.312,0,0,0,0,0,0,0,0,0,0,0,0,0,0,0,0,0,0,0,0,309.95,0,0,-77.6381
"MtrElec",9,14,9,"",137.334,0,0,0,0,0,0,0,0,0,0,0,0,0,0,0,0,0,0,0,0,363.963,0,0,-226.629
"MtrElec",9,14,10,"",-17.4288,0,0,0,0,0,0,0,0,0,0,0,0,0,0,0,0,0,0,0,0,435.635,0,0,-453.064
"MtrElec",9,14,11,"",0.0000078,0,0,0,0,0,0,0,0,0,0,0,0,0,0,0,0,0,0,0,0,481.678,0,96.046,-577.724
"MtrElec",9,14,12,"",0,0,0,0,0,0,0,0,0,0,0,0,0,0,0,0,0,0,0,0,0,444.165,0,205.616,-649.781
"MtrElec",9,14,13,"",0,0,0,0,0,0,0,0,0,0,0,0,0,0,0,0,0,0,0,0,0,470.742,0,219.215,-689.958
"MtrElec",9,14,14,"",-53.8416,0,0,0,0,0,0,0,0,0,0,0,0,0,0,0,0,0,0,0,0,360.23,0,221.926,-635.997
"MtrElec",9,14,15,"",-116.224,0,0,0,0,0,0,0,0,0,0,0,0,0,0,0,0,0,0,0,0,408.539,0,51.5792,-576.342
"MtrElec",9,14,16,"",-103.641,0,0,0,0,0,0,0,0,0,0,0,0,0,0,0,0,0,0,0,0,379.171,0,0,-482.811
"MtrElec",9,14,17,"",53.3268,0,0,0,0,0,0,0,0,0,0,0,0,0,0,0,0,0,0,0,0,427.081,0,0,-373.754
"MtrElec",9,14,18,"",271.781,0,0,0,0,0,0,0,0,0,0,0,0,0,0,0,0,0,0,0,0,462.26,0,0,-190.479
"MtrElec",9,14,19,"",199.64,0,0,0,0,0,0,0,0,0,0,0,0,0,0,0,0,0,0,0,0,444.994,0,-221.926,-23.4281
"MtrElec",9,14,20,"",214.685,0,0,0,0,0,0,0,0,0,0,0,0,0,0,0,0,0,0,0,0,436.611,0,-221.926,0
"MtrElec",9,14,21,"",142.18,0,0,0,0,0,0,0,0,0,0,0,0,0,0,0,0,0,0,0,0,364.106,0,-221.926,0
"MtrElec",9,14,22,"",245.384,0,0,0,0,0,0,0,0,0,0,0,0,0,0,0,0,0,0,0,0,296.537,0,-51.1531,0
"MtrElec",9,14,23,"",289.297,0,0,0,0,0,0,0,0,0,0,0,0,0,0,0,0,0,0,0,0,289.297,0,0,0
"MtrElec",9,14,24,"",197.618,0,0,0,0,0,0,0,0,0,0,0,0,0,0,0,0,0,0,0,0,197.618,0,0,0
"MtrElec",9,15,1,"",157.181,0,0,0,0,0,0,0,0,0,0,0,0,0,0,0,0,0,0,0,0,157.181,0,0,0
"MtrElec",9,15,2,"",151.357,0,0,0,0,0,0,0,0,0,0,0,0,0,0,0,0,0,0,0,0,151.357,0,0,0
"MtrElec",9,15,3,"",183.359,0,0,0,0,0,0,0,0,0,0,0,0,0,0,0,0,0,0,0,0,183.359,0,0,0
"MtrElec",9,15,4,"",145.719,0,0,0,0,0,0,0,0,0,0,0,0,0,0,0,0,0,0,0,0,145.719,0,0,0
"MtrElec",9,15,5,"",144.15,0,0,0,0,0,0,0,0,0,0,0,0,0,0,0,0,0,0,0,0,144.15,0,0,0
"MtrElec",9,15,6,"",150.24,0,0,0,0,0,0,0,0,0,0,0,0,0,0,0,0,0,0,0,0,150.24,0,0,0
"MtrElec",9,15,7,"",226.701,0,0,0,0,0,0,0,0,0,0,0,0,0,0,0,0,0,0,0,0,226.721,0,0,-0.0200702
"MtrElec",9,15,8,"",244.072,0,0,0,0,0,0,0,0,0,0,0,0,0,0,0,0,0,0,0,0,331.44,0,0,-87.3673
"MtrElec",9,15,9,"",90.0257,0,0,0,0,0,0,0,0,0,0,0,0,0,0,0,0,0,0,0,0,369.681,0,0,-279.656
"MtrElec",9,15,10,"",4.36606,0,0,0,0,0,0,0,0,0,0,0,0,0,0,0,0,0,0,0,0,453.436,0,0,-449.07
"MtrElec",9,15,11,"",0.0000078,0,0,0,0,0,0,0,0,0,0,0,0,0,0,0,0,0,0,0,0,485.459,0,84.2974,-569.756
"MtrElec",9,15,12,"",0,0,0,0,0,0,0,0,0,0,0,0,0,0,0,0,0,0,0,0,0,494.392,0,152.165,-646.557
"MtrElec",9,15,13,"",0.0000078,0,0,0,0,0,0,0,0,0,0,0,0,0,0,0,0,0,0,0,0,553.466,0,121.311,-674.777
"MtrElec",9,15,14,"",-47.2774,0,0,0,0,0,0,0,0,0,0,0,0,0,0,0,0,0,0,0,0,407.751,0,221.926,-676.954
"MtrElec",9,15,15,"",0,0,0,0,0,0,0,0,0,0,0,0,0,0,0,0,0,0,0,0,0,462.324,0,171.764,-634.089
"MtrElec",9,15,16,"",-57.8032,0,0,0,0,0,0,0,0,0,0,0,0,0,0,0,0,0,0,0,0,430.598,0,42.9192,-531.321
"MtrElec",9,15,17,"",113.722,0,0,0,0,0,0,0,0,0,0,0,0,0,0,0,0,0,0,0,0,491.744,0,0,-378.022
"MtrElec",9,15,18,"",287.278,0,0,0,0,0,0,0,0,0,0,0,0,0,0,0,0,0,0,0,0,473.748,0,0,-186.47
"MtrElec",9,15,19,"",216.25,0,0,0,0,0,0,0,0,0,0,0,0,0,0,0,0,0,0,0,0,460.066,0,-221.926,-21.8899
"MtrElec",9,15,20,"",227.992,0,0,0,0,0,0,0,0,0,0,0,0,0,0,0,0,0,0,0,0,449.918,0,-221.926,0
"MtrElec",9,15,21,"",241.825,0,0,0,0,0,0,0,0,0,0,0,0,0,0,0,0,0,0,0,0,463.751,0,-221.926,0
"MtrElec",9,15,22,"",278.759,0,0,0,0,0,0,0,0,0,0,0,0,0,0,0,0,0,0,0,0,329.912,0,-51.1531,0
"MtrElec",9,15,23,"",231.242,0,0,0,0,0,0,0,0,0,0,0,0,0,0,0,0,0,0,0,0,231.242,0,0,0
"MtrElec",9,15,24,"",251.146,0,0,0,0,0,0,0,0,0,0,0,0,0,0,0,0,0,0,0,0,251.146,0,0,0
"MtrElec",9,16,1,"",160.43,0,0,0,0,0,0,0,0,0,0,0,0,0,0,0,0,0,0,0,0,160.43,0,0,0
"MtrElec",9,16,2,"",154.423,0,0,0,0,0,0,0,0,0,0,0,0,0,0,0,0,0,0,0,0,154.423,0,0,0
"MtrElec",9,16,3,"",146.049,0,0,0,0,0,0,0,0,0,0,0,0,0,0,0,0,0,0,0,0,146.049,0,0,0
"MtrElec",9,16,4,"",145.605,0,0,0,0,0,0,0,0,0,0,0,0,0,0,0,0,0,0,0,0,145.605,0,0,0
"MtrElec",9,16,5,"",143.067,0,0,0,0,0,0,0,0,0,0,0,0,0,0,0,0,0,0,0,0,143.067,0,0,0
"MtrElec",9,16,6,"",193.816,0,0,0,0,0,0,0,0,0,0,0,0,0,0,0,0,0,0,0,0,193.816,0,0,0
"MtrElec",9,16,7,"",241.325,0,0,0,0,0,0,0,0,0,0,0,0,0,0,0,0,0,0,0,0,241.373,0,0,-0.0480123
"MtrElec",9,16,8,"",193.408,0,0,0,0,0,0,0,0,0,0,0,0,0,0,0,0,0,0,0,0,279.948,0,0,-86.5407
"MtrElec",9,16,9,"",105.827,0,0,0,0,0,0,0,0,0,0,0,0,0,0,0,0,0,0,0,0,385.504,0,0,-279.677
"MtrElec",9,16,10,"",36.3014,0,0,0,0,0,0,0,0,0,0,0,0,0,0,0,0,0,0,0,0,485.012,0,0,-448.71
"MtrElec",9,16,11,"",0.0000078,0,0,0,0,0,0,0,0,0,0,0,0,0,0,0,0,0,0,0,0,442.442,0,125.542,-567.984
"MtrElec",9,16,12,"",0,0,0,0,0,0,0,0,0,0,0,0,0,0,0,0,0,0,0,0,0,490.311,0,167.35,-657.661
"MtrElec",9,16,13,"",0.0000078,0,0,0,0,0,0,0,0,0,0,0,0,0,0,0,0,0,0,0,0,587.151,0,120.351,-707.502
"MtrElec",9,16,14,"",-76.307,0,0,0,0,0,0,0,0,0,0,0,0,0,0,0,0,0,0,0,0,407.679,0,221.926,-705.912
"MtrElec",9,16,15,"",-45.5741,0,0,0,0,0,0,0,0,0,0,0,0,0,0,0,0,0,0,0,0,440.886,0,159.214,-645.674
"MtrElec",9,16,16,"",-102.269,0,0,0,0,0,0,0,0,0,0,0,0,0,0,0,0,0,0,0,0,426.688,0,0,-528.957
"MtrElec",9,16,17,"",130.268,0,0,0,0,0,0,0,0,0,0,0,0,0,0,0,0,0,0,0,0,502.622,0,0,-372.354
"MtrElec",9,16,18,"",350.234,0,0,0,0,0,0,0,0,0,0,0,0,0,0,0,0,0,0,0,0,531.229,0,0,-180.995
"MtrElec",9,16,19,"",200.231,0,0,0,0,0,0,0,0,0,0,0,0,0,0,0,0,0,0,0,0,442.995,0,-221.926,-20.8378
"MtrElec",9,16,20,"",232.008,0,0,0,0,0,0,0,0,0,0,0,0,0,0,0,0,0,0,0,0,453.934,0,-221.926,0
"MtrElec",9,16,21,"",234.81,0,0,0,0,0,0,0,0,0,0,0,0,0,0,0,0,0,0,0,0,456.735,0,-221.926,0
"MtrElec",9,16,22,"",265.592,0,0,0,0,0,0,0,0,0,0,0,0,0,0,0,0,0,0,0,0,316.745,0,-51.1531,0
"MtrElec",9,16,23,"",222.058,0,0,0,0,0,0,0,0,0,0,0,0,0,0,0,0,0,0,0,0,222.058,0,0,0
"MtrElec",9,16,24,"",247.206,0,0,0,0,0,0,0,0,0,0,0,0,0,0,0,0,0,0,0,0,247.206,0,0,0
"MtrElec",9,17,1,"",172.162,0,0,0,0,0,0,0,0,0,0,0,0,0,0,0,0,0,0,0,0,172.162,0,0,0
"MtrElec",9,17,2,"",152.769,0,0,0,0,0,0,0,0,0,0,0,0,0,0,0,0,0,0,0,0,152.769,0,0,0
"MtrElec",9,17,3,"",146.288,0,0,0,0,0,0,0,0,0,0,0,0,0,0,0,0,0,0,0,0,146.288,0,0,0
"MtrElec",9,17,4,"",145.726,0,0,0,0,0,0,0,0,0,0,0,0,0,0,0,0,0,0,0,0,145.726,0,0,0
"MtrElec",9,17,5,"",142.322,0,0,0,0,0,0,0,0,0,0,0,0,0,0,0,0,0,0,0,0,142.322,0,0,0
"MtrElec",9,17,6,"",187.884,0,0,0,0,0,0,0,0,0,0,0,0,0,0,0,0,0,0,0,0,187.884,0,0,0
"MtrElec",9,17,7,"",239.875,0,0,0,0,0,0,0,0,0,0,0,0,0,0,0,0,0,0,0,0,239.875,0,0,0
"MtrElec",9,17,8,"",192.722,0,0,0,0,0,0,0,0,0,0,0,0,0,0,0,0,0,0,0,0,275.171,0,0,-82.4491
"MtrElec",9,17,9,"",132.415,0,0,0,0,0,0,0,0,0,0,0,0,0,0,0,0,0,0,0,0,403.083,0,0,-270.668
"MtrElec",9,17,10,"",-14.5327,0,0,0,0,0,0,0,0,0,0,0,0,0,0,0,0,0,0,0,0,421,0,0,-435.533
"MtrElec",9,17,11,"",0,0,0,0,0,0,0,0,0,0,0,0,0,0,0,0,0,0,0,0,0,487.926,0,73.4678,-561.393
"MtrElec",9,17,12,"",0,0,0,0,0,0,0,0,0,0,0,0,0,0,0,0,0,0,0,0,0,502.277,0,137.728,-640.005
"MtrElec",9,17,13,"",0,0,0,0,0,0,0,0,0,0,0,0,0,0,0,0,0,0,0,0,0,563.887,0,98.4885,-662.375
"MtrElec",9,17,14,"",0,0,0,0,0,0,0,0,0,0,0,0,0,0,0,0,0,0,0,0,0,454.562,0,209.881,-664.443
"MtrElec",9,17,15,"",0,0,0,0,0,0,0,0,0,0,0,0,0,0,0,0,0,0,0,0,0,468.03,0,156.505,-624.535
"MtrElec",9,17,16,"",0.0000001,0,0,0,0,0,0,0,0,0,0,0,0,0,0,0,0,0,0,0,0,519.328,0,0.691781,-520.019
"MtrElec",9,17,17,"",173.931,0,0,0,0,0,0,0,0,0,0,0,0,0,0,0,0,0,0,0,0,540.278,0,0,-366.347
"MtrElec",9,17,18,"",366.287,0,0,0,0,0,0,0,0,0,0,0,0,0,0,0,0,0,0,0,0,543.779,0,0,-177.492
"MtrElec",9,17,19,"",264.619,0,0,0,0,0,0,0,0,0,0,0,0,0,0,0,0,0,0,0,0,505.563,0,-221.926,-19.0183
"MtrElec",9,17,20,"",262.956,0,0,0,0,0,0,0,0,0,0,0,0,0,0,0,0,0,0,0,0,484.882,0,-221.926,0
"MtrElec",9,17,21,"",282.92,0,0,0,0,0,0,0,0,0,0,0,0,0,0,0,0,0,0,0,0,449.846,0,-166.927,0
"MtrElec",9,17,22,"",280.097,0,0,0,0,0,0,0,0,0,0,0,0,0,0,0,0,0,0,0,0,280.097,0,0,0
"MtrElec",9,17,23,"",266.126,0,0,0,0,0,0,0,0,0,0,0,0,0,0,0,0,0,0,0,0,266.126,0,0,0
"MtrElec",9,17,24,"",190.147,0,0,0,0,0,0,0,0,0,0,0,0,0,0,0,0,0,0,0,0,190.147,0,0,0
"MtrElec",9,18,1,"",157.787,0,0,0,0,0,0,0,0,0,0,0,0,0,0,0,0,0,0,0,0,157.787,0,0,0
"MtrElec",9,18,2,"",152.736,0,0,0,0,0,0,0,0,0,0,0,0,0,0,0,0,0,0,0,0,152.736,0,0,0
"MtrElec",9,18,3,"",187.366,0,0,0,0,0,0,0,0,0,0,0,0,0,0,0,0,0,0,0,0,187.366,0,0,0
"MtrElec",9,18,4,"",149.747,0,0,0,0,0,0,0,0,0,0,0,0,0,0,0,0,0,0,0,0,149.747,0,0,0
"MtrElec",9,18,5,"",150.787,0,0,0,0,0,0,0,0,0,0,0,0,0,0,0,0,0,0,0,0,150.787,0,0,0
"MtrElec",9,18,6,"",146.987,0,0,0,0,0,0,0,0,0,0,0,0,0,0,0,0,0,0,0,0,146.987,0,0,0
"MtrElec",9,18,7,"",226.23,0,0,0,0,0,0,0,0,0,0,0,0,0,0,0,0,0,0,0,0,226.23,0,0,0
"MtrElec",9,18,8,"",252.006,0,0,0,0,0,0,0,0,0,0,0,0,0,0,0,0,0,0,0,0,336.908,0,0,-84.9014
"MtrElec",9,18,9,"",83.5693,0,0,0,0,0,0,0,0,0,0,0,0,0,0,0,0,0,0,0,0,361.4,0,0,-277.831
"MtrElec",9,18,10,"",63.511,0,0,0,0,0,0,0,0,0,0,0,0,0,0,0,0,0,0,0,0,462.041,0,0,-398.53
"MtrElec",9,18,11,"",17.064,0,0,0,0,0,0,0,0,0,0,0,0,0,0,0,0,0,0,0,0,507.426,0,0,-490.362
"MtrElec",9,18,12,"",0,0,0,0,0,0,0,0,0,0,0,0,0,0,0,0,0,0,0,0,0,553.654,0,42.3981,-596.052
"MtrElec",9,18,13,"",0,0,0,0,0,0,0,0,0,0,0,0,0,0,0,0,0,0,0,0,0,618.71,0,9.9545,-628.664
"MtrElec",9,18,14,"",0,0,0,0,0,0,0,0,0,0,0,0,0,0,0,0,0,0,0,0,0,530.99,0,85.2035,-616.194
"MtrElec",9,18,15,"",0,0,0,0,0,0,0,0,0,0,0,0,0,0,0,0,0,0,0,0,0,519.444,0,74.3301,-593.774
"MtrElec",9,18,16,"",61.747,0,0,0,0,0,0,0,0,0,0,0,0,0,0,0,0,0,0,0,0,564.597,0,0,-502.85
"MtrElec",9,18,17,"",239.987,0,0,0,0,0,0,0,0,0,0,0,0,0,0,0,0,0,0,0,0,591.631,0,0,-351.644
"MtrElec",9,18,18,"",402.116,0,0,0,0,0,0,0,0,0,0,0,0,0,0,0,0,0,0,0,0,568.991,0,0,-166.875
"MtrElec",9,18,19,"",303.423,0,0,0,0,0,0,0,0,0,0,0,0,0,0,0,0,0,0,0,0,512.084,0,-191.227,-17.4337
"MtrElec",9,18,20,"",504.318,0,0,0,0,0,0,0,0,0,0,0,0,0,0,0,0,0,0,0,0,504.318,0,0,0
"MtrElec",9,18,21,"",457.926,0,0,0,0,0,0,0,0,0,0,0,0,0,0,0,0,0,0,0,0,457.926,0,0,0
"MtrElec",9,18,22,"",325.071,0,0,0,0,0,0,0,0,0,0,0,0,0,0,0,0,0,0,0,0,325.071,0,0,0
"MtrElec",9,18,23,"",301.643,0,0,0,0,0,0,0,0,0,0,0,0,0,0,0,0,0,0,0,0,301.643,0,0,0
"MtrElec",9,18,24,"",234.347,0,0,0,0,0,0,0,0,0,0,0,0,0,0,0,0,0,0,0,0,234.347,0,0,0
"MtrElec",9,19,1,"",162.792,0,0,0,0,0,0,0,0,0,0,0,0,0,0,0,0,0,0,0,0,162.792,0,0,0
"MtrElec",9,19,2,"",190.392,0,0,0,0,0,0,0,0,0,0,0,0,0,0,0,0,0,0,0,0,190.392,0,0,0
"MtrElec",9,19,3,"",148.629,0,0,0,0,0,0,0,0,0,0,0,0,0,0,0,0,0,0,0,0,148.629,0,0,0
"MtrElec",9,19,4,"",148.692,0,0,0,0,0,0,0,0,0,0,0,0,0,0,0,0,0,0,0,0,148.692,0,0,0
"MtrElec",9,19,5,"",143.471,0,0,0,0,0,0,0,0,0,0,0,0,0,0,0,0,0,0,0,0,143.471,0,0,0
"MtrElec",9,19,6,"",150.075,0,0,0,0,0,0,0,0,0,0,0,0,0,0,0,0,0,0,0,0,150.075,0,0,0
"MtrElec",9,19,7,"",220.342,0,0,0,0,0,0,0,0,0,0,0,0,0,0,0,0,0,0,0,0,220.342,0,0,0
"MtrElec",9,19,8,"",171.486,0,0,0,0,0,0,0,0,0,0,0,0,0,0,0,0,0,0,0,0,215.229,0,0,-43.7427
"MtrElec",9,19,9,"",221.007,0,0,0,0,0,0,0,0,0,0,0,0,0,0,0,0,0,0,0,0,344.135,0,0,-123.128
"MtrElec",9,19,10,"",185.516,0,0,0,0,0,0,0,0,0,0,0,0,0,0,0,0,0,0,0,0,426.193,0,0,-240.678
"MtrElec",9,19,11,"",71.4694,0,0,0,0,0,0,0,0,0,0,0,0,0,0,0,0,0,0,0,0,488.7,0,0,-417.231
"MtrElec",9,19,12,"",23.6427,0,0,0,0,0,0,0,0,0,0,0,0,0,0,0,0,0,0,0,0,556.575,0,0,-532.932
"MtrElec",9,19,13,"",128.156,0,0,0,0,0,0,0,0,0,0,0,0,0,0,0,0,0,0,0,0,599.455,0,0,-471.299
"MtrElec",9,19,14,"",463.378,0,0,0,0,0,0,0,0,0,0,0,0,0,0,0,0,0,0,0,0,527.919,0,0,-64.5419
"MtrElec",9,19,15,"",354.548,0,0,0,0,0,0,0,0,0,0,0,0,0,0,0,0,0,0,0,0,539.685,0,0,-185.136
"MtrElec",9,19,16,"",116.065,0,0,0,0,0,0,0,0,0,0,0,0,0,0,0,0,0,0,0,0,464.065,0,0,-348
"MtrElec",9,19,17,"",428.073,0,0,0,0,0,0,0,0,0,0,0,0,0,0,0,0,0,0,0,0,491.768,0,0,-63.6947
"MtrElec",9,19,18,"",485.612,0,0,0,0,0,0,0,0,0,0,0,0,0,0,0,0,0,0,0,0,519.915,0,0,-34.3023
"MtrElec",9,19,19,"",556.362,0,0,0,0,0,0,0,0,0,0,0,0,0,0,0,0,0,0,0,0,559.444,0,0,-3.0823
"MtrElec",9,19,20,"",461.949,0,0,0,0,0,0,0,0,0,0,0,0,0,0,0,0,0,0,0,0,461.949,0,0,0
"MtrElec",9,19,21,"",395.87,0,0,0,0,0,0,0,0,0,0,0,0,0,0,0,0,0,0,0,0,395.87,0,0,0
"MtrElec",9,19,22,"",365.341,0,0,0,0,0,0,0,0,0,0,0,0,0,0,0,0,0,0,0,0,365.341,0,0,0
"MtrElec",9,19,23,"",254.267,0,0,0,0,0,0,0,0,0,0,0,0,0,0,0,0,0,0,0,0,254.267,0,0,0
"MtrElec",9,19,24,"",268.887,0,0,0,0,0,0,0,0,0,0,0,0,0,0,0,0,0,0,0,0,268.887,0,0,0
"MtrElec",9,20,1,"",182.883,0,0,0,0,0,0,0,0,0,0,0,0,0,0,0,0,0,0,0,0,182.883,0,0,0
"MtrElec",9,20,2,"",169.526,0,0,0,0,0,0,0,0,0,0,0,0,0,0,0,0,0,0,0,0,169.526,0,0,0
"MtrElec",9,20,3,"",169.129,0,0,0,0,0,0,0,0,0,0,0,0,0,0,0,0,0,0,0,0,169.129,0,0,0
"MtrElec",9,20,4,"",166.151,0,0,0,0,0,0,0,0,0,0,0,0,0,0,0,0,0,0,0,0,166.151,0,0,0
"MtrElec",9,20,5,"",201.628,0,0,0,0,0,0,0,0,0,0,0,0,0,0,0,0,0,0,0,0,201.628,0,0,0
"MtrElec",9,20,6,"",166.506,0,0,0,0,0,0,0,0,0,0,0,0,0,0,0,0,0,0,0,0,166.506,0,0,0
"MtrElec",9,20,7,"",218.557,0,0,0,0,0,0,0,0,0,0,0,0,0,0,0,0,0,0,0,0,218.557,0,0,0
"MtrElec",9,20,8,"",189.816,0,0,0,0,0,0,0,0,0,0,0,0,0,0,0,0,0,0,0,0,251.347,0,0,-61.5315
"MtrElec",9,20,9,"",158.316,0,0,0,0,0,0,0,0,0,0,0,0,0,0,0,0,0,0,0,0,353.245,0,0,-194.93
"MtrElec",9,20,10,"",62.8188,0,0,0,0,0,0,0,0,0,0,0,0,0,0,0,0,0,0,0,0,466.835,0,0,-404.017
"MtrElec",9,20,11,"",68.8781,0,0,0,0,0,0,0,0,0,0,0,0,0,0,0,0,0,0,0,0,585.138,0,0,-516.26
"MtrElec",9,20,12,"",37.4976,0,0,0,0,0,0,0,0,0,0,0,0,0,0,0,0,0,0,0,0,577.358,0,0,-539.86
"MtrElec",9,20,13,"",108.231,0,0,0,0,0,0,0,0,0,0,0,0,0,0,0,0,0,0,0,0,540.172,0,0,-431.941
"MtrElec",9,20,14,"",104.379,0,0,0,0,0,0,0,0,0,0,0,0,0,0,0,0,0,0,0,0,481.927,0,0,-377.549
"MtrElec",9,20,15,"",116.923,0,0,0,0,0,0,0,0,0,0,0,0,0,0,0,0,0,0,0,0,489.837,0,0,-372.914
"MtrElec",9,20,16,"",142.725,0,0,0,0,0,0,0,0,0,0,0,0,0,0,0,0,0,0,0,0,444.731,0,0,-302.007
"MtrElec",9,20,17,"",293.448,0,0,0,0,0,0,0,0,0,0,0,0,0,0,0,0,0,0,0,0,481.344,0,0,-187.895
"MtrElec",9,20,18,"",428.781,0,0,0,0,0,0,0,0,0,0,0,0,0,0,0,0,0,0,0,0,461.294,0,0,-32.5128
"MtrElec",9,20,19,"",480.521,0,0,0,0,0,0,0,0,0,0,0,0,0,0,0,0,0,0,0,0,482.129,0,0,-1.60767
"MtrElec",9,20,20,"",371.057,0,0,0,0,0,0,0,0,0,0,0,0,0,0,0,0,0,0,0,0,371.057,0,0,0
"MtrElec",9,20,21,"",348.96,0,0,0,0,0,0,0,0,0,0,0,0,0,0,0,0,0,0,0,0,348.96,0,0,0
"MtrElec",9,20,22,"",318.368,0,0,0,0,0,0,0,0,0,0,0,0,0,0,0,0,0,0,0,0,318.368,0,0,0
"MtrElec",9,20,23,"",310.008,0,0,0,0,0,0,0,0,0,0,0,0,0,0,0,0,0,0,0,0,310.008,0,0,0
"MtrElec",9,20,24,"",230.073,0,0,0,0,0,0,0,0,0,0,0,0,0,0,0,0,0,0,0,0,230.073,0,0,0
"MtrElec",9,21,1,"",226.686,0,0,0,0,0,0,0,0,0,0,0,0,0,0,0,0,0,0,0,0,226.686,0,0,0
"MtrElec",9,21,2,"",178.383,0,0,0,0,0,0,0,0,0,0,0,0,0,0,0,0,0,0,0,0,178.383,0,0,0
"MtrElec",9,21,3,"",167.077,0,0,0,0,0,0,0,0,0,0,0,0,0,0,0,0,0,0,0,0,167.077,0,0,0
"MtrElec",9,21,4,"",165.88,0,0,0,0,0,0,0,0,0,0,0,0,0,0,0,0,0,0,0,0,165.88,0,0,0
"MtrElec",9,21,5,"",160.584,0,0,0,0,0,0,0,0,0,0,0,0,0,0,0,0,0,0,0,0,160.584,0,0,0
"MtrElec",9,21,6,"",198.805,0,0,0,0,0,0,0,0,0,0,0,0,0,0,0,0,0,0,0,0,198.805,0,0,0
"MtrElec",9,21,7,"",311.88,0,0,0,0,0,0,0,0,0,0,0,0,0,0,0,0,0,0,0,0,311.88,0,0,0
"MtrElec",9,21,8,"",305.068,0,0,0,0,0,0,0,0,0,0,0,0,0,0,0,0,0,0,0,0,376.591,0,0,-71.5234
"MtrElec",9,21,9,"",228.395,0,0,0,0,0,0,0,0,0,0,0,0,0,0,0,0,0,0,0,0,471.431,0,0,-243.037
"MtrElec",9,21,10,"",149.052,0,0,0,0,0,0,0,0,0,0,0,0,0,0,0,0,0,0,0,0,550.866,0,0,-401.814
"MtrElec",9,21,11,"",84.3133,0,0,0,0,0,0,0,0,0,0,0,0,0,0,0,0,0,0,0,0,602.171,0,0,-517.858
"MtrElec",9,21,12,"",0,0,0,0,0,0,0,0,0,0,0,0,0,0,0,0,0,0,0,0,0,572.223,0,5.44806,-577.671
"MtrElec",9,21,13,"",0,0,0,0,0,0,0,0,0,0,0,0,0,0,0,0,0,0,0,0,0,565.651,0,43.8167,-609.468
"MtrElec",9,21,14,"",0,0,0,0,0,0,0,0,0,0,0,0,0,0,0,0,0,0,0,0,0,503.304,0,92.7286,-596.033
"MtrElec",9,21,15,"",0.0000039,0,0,0,0,0,0,0,0,0,0,0,0,0,0,0,0,0,0,0,0,526.78,0,42.4864,-569.266
"MtrElec",9,21,16,"",24.6864,0,0,0,0,0,0,0,0,0,0,0,0,0,0,0,0,0,0,0,0,499.667,0,0,-474.981
"MtrElec",9,21,17,"",256.724,0,0,0,0,0,0,0,0,0,0,0,0,0,0,0,0,0,0,0,0,580.289,0,0,-323.565
"MtrElec",9,21,18,"",427.123,0,0,0,0,0,0,0,0,0,0,0,0,0,0,0,0,0,0,0,0,575.567,0,0,-148.444
"MtrElec",9,21,19,"",354.109,0,0,0,0,0,0,0,0,0,0,0,0,0,0,0,0,0,0,0,0,535.774,0,-166.493,-15.1718
"MtrElec",9,21,20,"",513.223,0,0,0,0,0,0,0,0,0,0,0,0,0,0,0,0,0,0,0,0,513.223,0,0,0
"MtrElec",9,21,21,"",496.637,0,0,0,0,0,0,0,0,0,0,0,0,0,0,0,0,0,0,0,0,496.637,0,0,0
"MtrElec",9,21,22,"",342.183,0,0,0,0,0,0,0,0,0,0,0,0,0,0,0,0,0,0,0,0,342.183,0,0,0
"MtrElec",9,21,23,"",339.998,0,0,0,0,0,0,0,0,0,0,0,0,0,0,0,0,0,0,0,0,339.998,0,0,0
"MtrElec",9,21,24,"",247.365,0,0,0,0,0,0,0,0,0,0,0,0,0,0,0,0,0,0,0,0,247.365,0,0,0
"MtrElec",9,22,1,"",214.599,0,0,0,0,0,0,0,0,0,0,0,0,0,0,0,0,0,0,0,0,214.599,0,0,0
"MtrElec",9,22,2,"",155.792,0,0,0,0,0,0,0,0,0,0,0,0,0,0,0,0,0,0,0,0,155.792,0,0,0
"MtrElec",9,22,3,"",150.055,0,0,0,0,0,0,0,0,0,0,0,0,0,0,0,0,0,0,0,0,150.055,0,0,0
"MtrElec",9,22,4,"",148.926,0,0,0,0,0,0,0,0,0,0,0,0,0,0,0,0,0,0,0,0,148.926,0,0,0
"MtrElec",9,22,5,"",146.607,0,0,0,0,0,0,0,0,0,0,0,0,0,0,0,0,0,0,0,0,146.607,0,0,0
"MtrElec",9,22,6,"",159.69,0,0,0,0,0,0,0,0,0,0,0,0,0,0,0,0,0,0,0,0,159.69,0,0,0
"MtrElec",9,22,7,"",266.776,0,0,0,0,0,0,0,0,0,0,0,0,0,0,0,0,0,0,0,0,266.776,0,0,0
"MtrElec",9,22,8,"",269.883,0,0,0,0,0,0,0,0,0,0,0,0,0,0,0,0,0,0,0,0,344.288,0,0,-74.405
"MtrElec",9,22,9,"",133.198,0,0,0,0,0,0,0,0,0,0,0,0,0,0,0,0,0,0,0,0,356.18,0,0,-222.981
"MtrElec",9,22,10,"",181.786,0,0,0,0,0,0,0,0,0,0,0,0,0,0,0,0,0,0,0,0,422.488,0,0,-240.702
"MtrElec",9,22,11,"",118.046,0,0,0,0,0,0,0,0,0,0,0,0,0,0,0,0,0,0,0,0,478.795,0,0,-360.749
"MtrElec",9,22,12,"",52.3443,0,0,0,0,0,0,0,0,0,0,0,0,0,0,0,0,0,0,0,0,485.189,0,0,-432.845
"MtrElec",9,22,13,"",0,0,0,0,0,0,0,0,0,0,0,0,0,0,0,0,0,0,0,0,0,479.238,0,167.792,-647.031
"MtrElec",9,22,14,"",-5.75719,0,0,0,0,0,0,0,0,0,0,0,0,0,0,0,0,0,0,0,0,459.796,0,221.926,-687.479
"MtrElec",9,22,15,"",0,0,0,0,0,0,0,0,0,0,0,0,0,0,0,0,0,0,0,0,0,453.033,0,180.504,-633.537
"MtrElec",9,22,16,"",0.0000078,0,0,0,0,0,0,0,0,0,0,0,0,0,0,0,0,0,0,0,0,458.308,0,66.7428,-525.051
"MtrElec",9,22,17,"",152.728,0,0,0,0,0,0,0,0,0,0,0,0,0,0,0,0,0,0,0,0,523.037,0,0,-370.309
"MtrElec",9,22,18,"",342.171,0,0,0,0,0,0,0,0,0,0,0,0,0,0,0,0,0,0,0,0,515.585,0,0,-173.414
"MtrElec",9,22,19,"",229.74,0,0,0,0,0,0,0,0,0,0,0,0,0,0,0,0,0,0,0,0,466.033,0,-221.926,-14.3678
"MtrElec",9,22,20,"",285.429,0,0,0,0,0,0,0,0,0,0,0,0,0,0,0,0,0,0,0,0,507.354,0,-221.926,0
"MtrElec",9,22,21,"",296.689,0,0,0,0,0,0,0,0,0,0,0,0,0,0,0,0,0,0,0,0,427.698,0,-131.009,0
"MtrElec",9,22,22,"",314.823,0,0,0,0,0,0,0,0,0,0,0,0,0,0,0,0,0,0,0,0,314.823,0,0,0
"MtrElec",9,22,23,"",285.633,0,0,0,0,0,0,0,0,0,0,0,0,0,0,0,0,0,0,0,0,285.633,0,0,0
"MtrElec",9,22,24,"",197.279,0,0,0,0,0,0,0,0,0,0,0,0,0,0,0,0,0,0,0,0,197.279,0,0,0
"MtrElec",9,23,1,"",187.415,0,0,0,0,0,0,0,0,0,0,0,0,0,0,0,0,0,0,0,0,187.415,0,0,0
"MtrElec",9,23,2,"",153.694,0,0,0,0,0,0,0,0,0,0,0,0,0,0,0,0,0,0,0,0,153.694,0,0,0
"MtrElec",9,23,3,"",146.35,0,0,0,0,0,0,0,0,0,0,0,0,0,0,0,0,0,0,0,0,146.35,0,0,0
"MtrElec",9,23,4,"",145.889,0,0,0,0,0,0,0,0,0,0,0,0,0,0,0,0,0,0,0,0,145.889,0,0,0
"MtrElec",9,23,5,"",144.85,0,0,0,0,0,0,0,0,0,0,0,0,0,0,0,0,0,0,0,0,144.85,0,0,0
"MtrElec",9,23,6,"",188.089,0,0,0,0,0,0,0,0,0,0,0,0,0,0,0,0,0,0,0,0,188.089,0,0,0
"MtrElec",9,23,7,"",234.725,0,0,0,0,0,0,0,0,0,0,0,0,0,0,0,0,0,0,0,0,234.725,0,0,0
"MtrElec",9,23,8,"",231.599,0,0,0,0,0,0,0,0,0,0,0,0,0,0,0,0,0,0,0,0,313.286,0,0,-81.6871
"MtrElec",9,23,9,"",86.7908,0,0,0,0,0,0,0,0,0,0,0,0,0,0,0,0,0,0,0,0,364.086,0,0,-277.295
"MtrElec",9,23,10,"",-15.3543,0,0,0,0,0,0,0,0,0,0,0,0,0,0,0,0,0,0,0,0,441.07,0,0,-456.425
"MtrElec",9,23,11,"",0,0,0,0,0,0,0,0,0,0,0,0,0,0,0,0,0,0,0,0,0,469.135,0,104.772,-573.907
"MtrElec",9,23,12,"",0,0,0,0,0,0,0,0,0,0,0,0,0,0,0,0,0,0,0,0,0,484.995,0,153.951,-638.945
"MtrElec",9,23,13,"",0.0000156,0,0,0,0,0,0,0,0,0,0,0,0,0,0,0,0,0,0,0,0,507.569,0,174.605,-682.175
"MtrElec",9,23,14,"",-17.4104,0,0,0,0,0,0,0,0,0,0,0,0,0,0,0,0,0,0,0,0,445.192,0,221.926,-684.528
"MtrElec",9,23,15,"",-29.2706,0,0,0,0,0,0,0,0,0,0,0,0,0,0,0,0,0,0,0,0,455.51,0,139.129,-623.91
"MtrElec",9,23,16,"",-80.7795,0,0,0,0,0,0,0,0,0,0,0,0,0,0,0,0,0,0,0,0,432.68,0,0,-513.459
"MtrElec",9,23,17,"",149.452,0,0,0,0,0,0,0,0,0,0,0,0,0,0,0,0,0,0,0,0,505.938,0,0,-356.486
"MtrElec",9,23,18,"",334.118,0,0,0,0,0,0,0,0,0,0,0,0,0,0,0,0,0,0,0,0,495.917,0,0,-161.799
"MtrElec",9,23,19,"",257.223,0,0,0,0,0,0,0,0,0,0,0,0,0,0,0,0,0,0,0,0,493.044,0,-221.926,-13.8957
"MtrElec",9,23,20,"",269.757,0,0,0,0,0,0,0,0,0,0,0,0,0,0,0,0,0,0,0,0,491.683,0,-221.926,0
"MtrElec",9,23,21,"",235.731,0,0,0,0,0,0,0,0,0,0,0,0,0,0,0,0,0,0,0,0,457.657,0,-221.926,0
"MtrElec",9,23,22,"",251.549,0,0,0,0,0,0,0,0,0,0,0,0,0,0,0,0,0,0,0,0,302.702,0,-51.1531,0
"MtrElec",9,23,23,"",303.645,0,0,0,0,0,0,0,0,0,0,0,0,0,0,0,0,0,0,0,0,303.645,0,0,0
"MtrElec",9,23,24,"",253.216,0,0,0,0,0,0,0,0,0,0,0,0,0,0,0,0,0,0,0,0,253.216,0,0,0
"MtrElec",9,24,1,"",158.143,0,0,0,0,0,0,0,0,0,0,0,0,0,0,0,0,0,0,0,0,158.143,0,0,0
"MtrElec",9,24,2,"",151.696,0,0,0,0,0,0,0,0,0,0,0,0,0,0,0,0,0,0,0,0,151.696,0,0,0
"MtrElec",9,24,3,"",152.673,0,0,0,0,0,0,0,0,0,0,0,0,0,0,0,0,0,0,0,0,152.673,0,0,0
"MtrElec",9,24,4,"",152.847,0,0,0,0,0,0,0,0,0,0,0,0,0,0,0,0,0,0,0,0,152.847,0,0,0
"MtrElec",9,24,5,"",149.728,0,0,0,0,0,0,0,0,0,0,0,0,0,0,0,0,0,0,0,0,149.728,0,0,0
"MtrElec",9,24,6,"",189.588,0,0,0,0,0,0,0,0,0,0,0,0,0,0,0,0,0,0,0,0,189.588,0,0,0
"MtrElec",9,24,7,"",240.145,0,0,0,0,0,0,0,0,0,0,0,0,0,0,0,0,0,0,0,0,240.145,0,0,0
"MtrElec",9,24,8,"",247.285,0,0,0,0,0,0,0,0,0,0,0,0,0,0,0,0,0,0,0,0,325.755,0,0,-78.4701
"MtrElec",9,24,9,"",78.4912,0,0,0,0,0,0,0,0,0,0,0,0,0,0,0,0,0,0,0,0,346.363,0,0,-267.872
"MtrElec",9,24,10,"",30.4477,0,0,0,0,0,0,0,0,0,0,0,0,0,0,0,0,0,0,0,0,461.581,0,0,-431.133
"MtrElec",9,24,11,"",0,0,0,0,0,0,0,0,0,0,0,0,0,0,0,0,0,0,0,0,0,536.248,0,8.60994,-544.858
"MtrElec",9,24,12,"",0.0000078,0,0,0,0,0,0,0,0,0,0,0,0,0,0,0,0,0,0,0,0,536.143,0,94.2809,-630.424
"MtrElec",9,24,13,"",0,0,0,0,0,0,0,0,0,0,0,0,0,0,0,0,0,0,0,0,0,524.214,0,148.534,-672.748
"MtrElec",9,24,14,"",0,0,0,0,0,0,0,0,0,0,0,0,0,0,0,0,0,0,0,0,0,502.721,0,162.008,-664.729
"MtrElec",9,24,15,"",0,0,0,0,0,0,0,0,0,0,0,0,0,0,0,0,0,0,0,0,0,463.505,0,139.894,-603.399
"MtrElec",9,24,16,"",26.0002,0,0,0,0,0,0,0,0,0,0,0,0,0,0,0,0,0,0,0,0,525.036,0,0,-499.036
"MtrElec",9,24,17,"",217.666,0,0,0,0,0,0,0,0,0,0,0,0,0,0,0,0,0,0,0,0,564.481,0,0,-346.815
"MtrElec",9,24,18,"",366.169,0,0,0,0,0,0,0,0,0,0,0,0,0,0,0,0,0,0,0,0,522.863,0,0,-156.693
"MtrElec",9,24,19,"",305.814,0,0,0,0,0,0,0,0,0,0,0,0,0,0,0,0,0,0,0,0,539.48,0,-221.926,-11.7406
"MtrElec",9,24,20,"",224.409,0,0,0,0,0,0,0,0,0,0,0,0,0,0,0,0,0,0,0,0,446.335,0,-221.926,0
"MtrElec",9,24,21,"",382.259,0,0,0,0,0,0,0,0,0,0,0,0,0,0,0,0,0,0,0,0,437.784,0,-55.5258,0
"MtrElec",9,24,22,"",325.624,0,0,0,0,0,0,0,0,0,0,0,0,0,0,0,0,0,0,0,0,325.624,0,0,0
"MtrElec",9,24,23,"",272.211,0,0,0,0,0,0,0,0,0,0,0,0,0,0,0,0,0,0,0,0,272.211,0,0,0
"MtrElec",9,24,24,"",227.654,0,0,0,0,0,0,0,0,0,0,0,0,0,0,0,0,0,0,0,0,227.654,0,0,0
"MtrElec",9,25,1,"",163.844,0,0,0,0,0,0,0,0,0,0,0,0,0,0,0,0,0,0,0,0,163.844,0,0,0
"MtrElec",9,25,2,"",163.356,0,0,0,0,0,0,0,0,0,0,0,0,0,0,0,0,0,0,0,0,163.356,0,0,0
"MtrElec",9,25,3,"",152.242,0,0,0,0,0,0,0,0,0,0,0,0,0,0,0,0,0,0,0,0,152.242,0,0,0
"MtrElec",9,25,4,"",146.136,0,0,0,0,0,0,0,0,0,0,0,0,0,0,0,0,0,0,0,0,146.136,0,0,0
"MtrElec",9,25,5,"",144.453,0,0,0,0,0,0,0,0,0,0,0,0,0,0,0,0,0,0,0,0,144.453,0,0,0
"MtrElec",9,25,6,"",186.856,0,0,0,0,0,0,0,0,0,0,0,0,0,0,0,0,0,0,0,0,186.856,0,0,0
"MtrElec",9,25,7,"",237.583,0,0,0,0,0,0,0,0,0,0,0,0,0,0,0,0,0,0,0,0,237.583,0,0,0
"MtrElec",9,25,8,"",238.496,0,0,0,0,0,0,0,0,0,0,0,0,0,0,0,0,0,0,0,0,317.168,0,0,-78.6715
"MtrElec",9,25,9,"",96.5006,0,0,0,0,0,0,0,0,0,0,0,0,0,0,0,0,0,0,0,0,365.481,0,0,-268.981
"MtrElec",9,25,10,"",112.567,0,0,0,0,0,0,0,0,0,0,0,0,0,0,0,0,0,0,0,0,543.776,0,0,-431.209
"MtrElec",9,25,11,"",12.3967,0,0,0,0,0,0,0,0,0,0,0,0,0,0,0,0,0,0,0,0,555.578,0,0,-543.182
"MtrElec",9,25,12,"",0,0,0,0,0,0,0,0,0,0,0,0,0,0,0,0,0,0,0,0,0,521.508,0,92.0567,-613.565
"MtrElec",9,25,13,"",0,0,0,0,0,0,0,0,0,0,0,0,0,0,0,0,0,0,0,0,0,626.926,0,24.0772,-651.003
"MtrElec",9,25,14,"",0,0,0,0,0,0,0,0,0,0,0,0,0,0,0,0,0,0,0,0,0,568.599,0,81.4383,-650.037
"MtrElec",9,25,15,"",0,0,0,0,0,0,0,0,0,0,0,0,0,0,0,0,0,0,0,0,0,574.27,0,18.205,-592.475
"MtrElec",9,25,16,"",60.2476,0,0,0,0,0,0,0,0,0,0,0,0,0,0,0,0,0,0,0,0,544.516,0,0,-484.269
"MtrElec",9,25,17,"",262.75,0,0,0,0,0,0,0,0,0,0,0,0,0,0,0,0,0,0,0,0,595.224,0,0,-332.474
"MtrElec",9,25,18,"",445.269,0,0,0,0,0,0,0,0,0,0,0,0,0,0,0,0,0,0,0,0,591.989,0,0,-146.72
"MtrElec",9,25,19,"",382.015,0,0,0,0,0,0,0,0,0,0,0,0,0,0,0,0,0,0,0,0,587.028,0,-194.739,-10.2736
"MtrElec",9,25,20,"",477.481,0,0,0,0,0,0,0,0,0,0,0,0,0,0,0,0,0,0,0,0,477.481,0,0,0
"MtrElec",9,25,21,"",469.374,0,0,0,0,0,0,0,0,0,0,0,0,0,0,0,0,0,0,0,0,469.374,0,0,0
"MtrElec",9,25,22,"",372.421,0,0,0,0,0,0,0,0,0,0,0,0,0,0,0,0,0,0,0,0,372.421,0,0,0
"MtrElec",9,25,23,"",270.109,0,0,0,0,0,0,0,0,0,0,0,0,0,0,0,0,0,0,0,0,270.109,0,0,0
"MtrElec",9,25,24,"",264.922,0,0,0,0,0,0,0,0,0,0,0,0,0,0,0,0,0,0,0,0,264.922,0,0,0
"MtrElec",9,26,1,"",179.922,0,0,0,0,0,0,0,0,0,0,0,0,0,0,0,0,0,0,0,0,179.922,0,0,0
"MtrElec",9,26,2,"",164.268,0,0,0,0,0,0,0,0,0,0,0,0,0,0,0,0,0,0,0,0,164.268,0,0,0
"MtrElec",9,26,3,"",163.164,0,0,0,0,0,0,0,0,0,0,0,0,0,0,0,0,0,0,0,0,163.164,0,0,0
"MtrElec",9,26,4,"",162.359,0,0,0,0,0,0,0,0,0,0,0,0,0,0,0,0,0,0,0,0,162.359,0,0,0
"MtrElec",9,26,5,"",217.956,0,0,0,0,0,0,0,0,0,0,0,0,0,0,0,0,0,0,0,0,217.956,0,0,0
"MtrElec",9,26,6,"",163.763,0,0,0,0,0,0,0,0,0,0,0,0,0,0,0,0,0,0,0,0,163.763,0,0,0
"MtrElec",9,26,7,"",209.325,0,0,0,0,0,0,0,0,0,0,0,0,0,0,0,0,0,0,0,0,209.325,0,0,0
"MtrElec",9,26,8,"",212.198,0,0,0,0,0,0,0,0,0,0,0,0,0,0,0,0,0,0,0,0,291.062,0,0,-78.8633
"MtrElec",9,26,9,"",133.064,0,0,0,0,0,0,0,0,0,0,0,0,0,0,0,0,0,0,0,0,403.004,0,0,-269.941
"MtrElec",9,26,10,"",89.0966,0,0,0,0,0,0,0,0,0,0,0,0,0,0,0,0,0,0,0,0,522.771,0,0,-433.674
"MtrElec",9,26,11,"",179.292,0,0,0,0,0,0,0,0,0,0,0,0,0,0,0,0,0,0,0,0,725.711,0,0,-546.419
"MtrElec",9,26,12,"",80.6697,0,0,0,0,0,0,0,0,0,0,0,0,0,0,0,0,0,0,0,0,688.938,0,0,-608.269
"MtrElec",9,26,13,"",112.86,0,0,0,0,0,0,0,0,0,0,0,0,0,0,0,0,0,0,0,0,749.275,0,0,-636.415
"MtrElec",9,26,14,"",62.5654,0,0,0,0,0,0,0,0,0,0,0,0,0,0,0,0,0,0,0,0,690.996,0,0,-628.43
"MtrElec",9,26,15,"",129.121,0,0,0,0,0,0,0,0,0,0,0,0,0,0,0,0,0,0,0,0,701.768,0,0,-572.647
"MtrElec",9,26,16,"",254.06,0,0,0,0,0,0,0,0,0,0,0,0,0,0,0,0,0,0,0,0,665.33,0,0,-411.269
"MtrElec",9,26,17,"",389.052,0,0,0,0,0,0,0,0,0,0,0,0,0,0,0,0,0,0,0,0,665.572,0,0,-276.52
"MtrElec",9,26,18,"",535.246,0,0,0,0,0,0,0,0,0,0,0,0,0,0,0,0,0,0,0,0,666.36,0,0,-131.114
"MtrElec",9,26,19,"",672.673,0,0,0,0,0,0,0,0,0,0,0,0,0,0,0,0,0,0,0,0,681.561,0,0,-8.88845
"MtrElec",9,26,20,"",535.279,0,0,0,0,0,0,0,0,0,0,0,0,0,0,0,0,0,0,0,0,535.279,0,0,0
"MtrElec",9,26,21,"",490.151,0,0,0,0,0,0,0,0,0,0,0,0,0,0,0,0,0,0,0,0,490.151,0,0,0
"MtrElec",9,26,22,"",461.495,0,0,0,0,0,0,0,0,0,0,0,0,0,0,0,0,0,0,0,0,461.495,0,0,0
"MtrElec",9,26,23,"",297.136,0,0,0,0,0,0,0,0,0,0,0,0,0,0,0,0,0,0,0,0,297.136,0,0,0
"MtrElec",9,26,24,"",249.866,0,0,0,0,0,0,0,0,0,0,0,0,0,0,0,0,0,0,0,0,249.866,0,0,0
"MtrElec",9,27,1,"",198.331,0,0,0,0,0,0,0,0,0,0,0,0,0,0,0,0,0,0,0,0,198.331,0,0,0
"MtrElec",9,27,2,"",175.718,0,0,0,0,0,0,0,0,0,0,0,0,0,0,0,0,0,0,0,0,175.718,0,0,0
"MtrElec",9,27,3,"",174.057,0,0,0,0,0,0,0,0,0,0,0,0,0,0,0,0,0,0,0,0,174.057,0,0,0
"MtrElec",9,27,4,"",177.557,0,0,0,0,0,0,0,0,0,0,0,0,0,0,0,0,0,0,0,0,177.557,0,0,0
"MtrElec",9,27,5,"",192.856,0,0,0,0,0,0,0,0,0,0,0,0,0,0,0,0,0,0,0,0,192.856,0,0,0
"MtrElec",9,27,6,"",206.318,0,0,0,0,0,0,0,0,0,0,0,0,0,0,0,0,0,0,0,0,206.318,0,0,0
"MtrElec",9,27,7,"",181.579,0,0,0,0,0,0,0,0,0,0,0,0,0,0,0,0,0,0,0,0,181.579,0,0,0
"MtrElec",9,27,8,"",183.069,0,0,0,0,0,0,0,0,0,0,0,0,0,0,0,0,0,0,0,0,253.22,0,0,-70.1505
"MtrElec",9,27,9,"",95.2695,0,0,0,0,0,0,0,0,0,0,0,0,0,0,0,0,0,0,0,0,341.658,0,0,-246.388
"MtrElec",9,27,10,"",41.0138,0,0,0,0,0,0,0,0,0,0,0,0,0,0,0,0,0,0,0,0,448.174,0,0,-407.161
"MtrElec",9,27,11,"",44.2282,0,0,0,0,0,0,0,0,0,0,0,0,0,0,0,0,0,0,0,0,572.369,0,0,-528.141
"MtrElec",9,27,12,"",0,0,0,0,0,0,0,0,0,0,0,0,0,0,0,0,0,0,0,0,0,556.448,0,37.6242,-594.073
"MtrElec",9,27,13,"",0,0,0,0,0,0,0,0,0,0,0,0,0,0,0,0,0,0,0,0,0,535.535,0,51.1942,-586.73
"MtrElec",9,27,14,"",0,0,0,0,0,0,0,0,0,0,0,0,0,0,0,0,0,0,0,0,0,578.279,0,10.9925,-589.272
"MtrElec",9,27,15,"",0,0,0,0,0,0,0,0,0,0,0,0,0,0,0,0,0,0,0,0,0,566.03,0,1.98331,-568.013
"MtrElec",9,27,16,"",81.7732,0,0,0,0,0,0,0,0,0,0,0,0,0,0,0,0,0,0,0,0,540.449,0,0,-458.676
"MtrElec",9,27,17,"",220.415,0,0,0,0,0,0,0,0,0,0,0,0,0,0,0,0,0,0,0,0,517.686,0,0,-297.271
"MtrElec",9,27,18,"",370.511,0,0,0,0,0,0,0,0,0,0,0,0,0,0,0,0,0,0,0,0,499.636,0,0,-129.126
"MtrElec",9,27,19,"",411.091,0,0,0,0,0,0,0,0,0,0,0,0,0,0,0,0,0,0,0,0,511.456,0,-91.8693,-8.49514
"MtrElec",9,27,20,"",449.679,0,0,0,0,0,0,0,0,0,0,0,0,0,0,0,0,0,0,0,0,449.679,0,0,0
"MtrElec",9,27,21,"",391.908,0,0,0,0,0,0,0,0,0,0,0,0,0,0,0,0,0,0,0,0,391.908,0,0,0
"MtrElec",9,27,22,"",363.195,0,0,0,0,0,0,0,0,0,0,0,0,0,0,0,0,0,0,0,0,363.195,0,0,0
"MtrElec",9,27,23,"",296.6,0,0,0,0,0,0,0,0,0,0,0,0,0,0,0,0,0,0,0,0,296.6,0,0,0
"MtrElec",9,27,24,"",237.143,0,0,0,0,0,0,0,0,0,0,0,0,0,0,0,0,0,0,0,0,237.143,0,0,0
"MtrElec",9,28,1,"",204.733,0,0,0,0,0,0,0,0,0,0,0,0,0,0,0,0,0,0,0,0,204.733,0,0,0
"MtrElec",9,28,2,"",182.723,0,0,0,0,0,0,0,0,0,0,0,0,0,0,0,0,0,0,0,0,182.723,0,0,0
"MtrElec",9,28,3,"",170.475,0,0,0,0,0,0,0,0,0,0,0,0,0,0,0,0,0,0,0,0,170.475,0,0,0
"MtrElec",9,28,4,"",166.909,0,0,0,0,0,0,0,0,0,0,0,0,0,0,0,0,0,0,0,0,166.909,0,0,0
"MtrElec",9,28,5,"",162.147,0,0,0,0,0,0,0,0,0,0,0,0,0,0,0,0,0,0,0,0,162.147,0,0,0
"MtrElec",9,28,6,"",215.807,0,0,0,0,0,0,0,0,0,0,0,0,0,0,0,0,0,0,0,0,215.807,0,0,0
"MtrElec",9,28,7,"",271.867,0,0,0,0,0,0,0,0,0,0,0,0,0,0,0,0,0,0,0,0,271.867,0,0,0
"MtrElec",9,28,8,"",317.245,0,0,0,0,0,0,0,0,0,0,0,0,0,0,0,0,0,0,0,0,385.057,0,0,-67.8117
"MtrElec",9,28,9,"",200.695,0,0,0,0,0,0,0,0,0,0,0,0,0,0,0,0,0,0,0,0,441.944,0,0,-241.249
"MtrElec",9,28,10,"",138.207,0,0,0,0,0,0,0,0,0,0,0,0,0,0,0,0,0,0,0,0,536.733,0,0,-398.526
"MtrElec",9,28,11,"",61.8686,0,0,0,0,0,0,0,0,0,0,0,0,0,0,0,0,0,0,0,0,574.263,0,0,-512.395
"MtrElec",9,28,12,"",0,0,0,0,0,0,0,0,0,0,0,0,0,0,0,0,0,0,0,0,0,579.221,0,9.49831,-588.719
"MtrElec",9,28,13,"",0,0,0,0,0,0,0,0,0,0,0,0,0,0,0,0,0,0,0,0,0,576.935,0,48.0732,-625.008
"MtrElec",9,28,14,"",0,0,0,0,0,0,0,0,0,0,0,0,0,0,0,0,0,0,0,0,0,545.171,0,75.1878,-620.359
"MtrElec",9,28,15,"",0,0,0,0,0,0,0,0,0,0,0,0,0,0,0,0,0,0,0,0,0,514.793,0,38.4752,-553.268
"MtrElec",9,28,16,"",110.925,0,0,0,0,0,0,0,0,0,0,0,0,0,0,0,0,0,0,0,0,554.306,0,0,-443.38
"MtrElec",9,28,17,"",275.321,0,0,0,0,0,0,0,0,0,0,0,0,0,0,0,0,0,0,0,0,568.381,0,0,-293.06
"MtrElec",9,28,18,"",470.104,0,0,0,0,0,0,0,0,0,0,0,0,0,0,0,0,0,0,0,0,589.423,0,0,-119.319
"MtrElec",9,28,19,"",391.484,0,0,0,0,0,0,0,0,0,0,0,0,0,0,0,0,0,0,0,0,554.254,0,-154.539,-8.23105
"MtrElec",9,28,20,"",586.359,0,0,0,0,0,0,0,0,0,0,0,0,0,0,0,0,0,0,0,0,586.359,0,0,0
"MtrElec",9,28,21,"",525.951,0,0,0,0,0,0,0,0,0,0,0,0,0,0,0,0,0,0,0,0,525.951,0,0,0
"MtrElec",9,28,22,"",318.388,0,0,0,0,0,0,0,0,0,0,0,0,0,0,0,0,0,0,0,0,318.388,0,0,0
"MtrElec",9,28,23,"",326.262,0,0,0,0,0,0,0,0,0,0,0,0,0,0,0,0,0,0,0,0,326.262,0,0,0
"MtrElec",9,28,24,"",260.723,0,0,0,0,0,0,0,0,0,0,0,0,0,0,0,0,0,0,0,0,260.723,0,0,0
"MtrElec",9,29,1,"",191.385,0,0,0,0,0,0,0,0,0,0,0,0,0,0,0,0,0,0,0,0,191.385,0,0,0
"MtrElec",9,29,2,"",175.076,0,0,0,0,0,0,0,0,0,0,0,0,0,0,0,0,0,0,0,0,175.076,0,0,0
"MtrElec",9,29,3,"",167.711,0,0,0,0,0,0,0,0,0,0,0,0,0,0,0,0,0,0,0,0,167.711,0,0,0
"MtrElec",9,29,4,"",166.937,0,0,0,0,0,0,0,0,0,0,0,0,0,0,0,0,0,0,0,0,166.937,0,0,0
"MtrElec",9,29,5,"",159.88,0,0,0,0,0,0,0,0,0,0,0,0,0,0,0,0,0,0,0,0,159.88,0,0,0
"MtrElec",9,29,6,"",202.87,0,0,0,0,0,0,0,0,0,0,0,0,0,0,0,0,0,0,0,0,202.87,0,0,0
"MtrElec",9,29,7,"",285.397,0,0,0,0,0,0,0,0,0,0,0,0,0,0,0,0,0,0,0,0,285.397,0,0,0
"MtrElec",9,29,8,"",270.59,0,0,0,0,0,0,0,0,0,0,0,0,0,0,0,0,0,0,0,0,337.976,0,0,-67.3859
"MtrElec",9,29,9,"",230.702,0,0,0,0,0,0,0,0,0,0,0,0,0,0,0,0,0,0,0,0,470.626,0,0,-239.924
"MtrElec",9,29,10,"",187.688,0,0,0,0,0,0,0,0,0,0,0,0,0,0,0,0,0,0,0,0,584.759,0,0,-397.071
"MtrElec",9,29,11,"",159.137,0,0,0,0,0,0,0,0,0,0,0,0,0,0,0,0,0,0,0,0,670.605,0,0,-511.468
"MtrElec",9,29,12,"",14.9214,0,0,0,0,0,0,0,0,0,0,0,0,0,0,0,0,0,0,0,0,602.584,0,0,-587.663
"MtrElec",9,29,13,"",21.5216,0,0,0,0,0,0,0,0,0,0,0,0,0,0,0,0,0,0,0,0,653.449,0,0,-631.927
"MtrElec",9,29,14,"",0,0,0,0,0,0,0,0,0,0,0,0,0,0,0,0,0,0,0,0,0,536.15,0,93.0259,-629.175
"MtrElec",9,29,15,"",0,0,0,0,0,0,0,0,0,0,0,0,0,0,0,0,0,0,0,0,0,527.254,0,40.7018,-567.956
"MtrElec",9,29,16,"",112.419,0,0,0,0,0,0,0,0,0,0,0,0,0,0,0,0,0,0,0,0,569.121,0,0,-456.702
"MtrElec",9,29,17,"",286.499,0,0,0,0,0,0,0,0,0,0,0,0,0,0,0,0,0,0,0,0,593.893,0,0,-307.394
"MtrElec",9,29,18,"",454.853,0,0,0,0,0,0,0,0,0,0,0,0,0,0,0,0,0,0,0,0,582.889,0,0,-128.037
"MtrElec",9,29,19,"",351.706,0,0,0,0,0,0,0,0,0,0,0,0,0,0,0,0,0,0,0,0,479.532,0,-120.689,-7.1365
"MtrElec",9,29,20,"",502.953,0,0,0,0,0,0,0,0,0,0,0,0,0,0,0,0,0,0,0,0,502.953,0,0,0
"MtrElec",9,29,21,"",500.967,0,0,0,0,0,0,0,0,0,0,0,0,0,0,0,0,0,0,0,0,500.967,0,0,0
"MtrElec",9,29,22,"",341.924,0,0,0,0,0,0,0,0,0,0,0,0,0,0,0,0,0,0,0,0,341.924,0,0,0
"MtrElec",9,29,23,"",303.696,0,0,0,0,0,0,0,0,0,0,0,0,0,0,0,0,0,0,0,0,303.696,0,0,0
"MtrElec",9,29,24,"",221.494,0,0,0,0,0,0,0,0,0,0,0,0,0,0,0,0,0,0,0,0,221.494,0,0,0
"MtrElec",9,30,1,"",167.059,0,0,0,0,0,0,0,0,0,0,0,0,0,0,0,0,0,0,0,0,167.059,0,0,0
"MtrElec",9,30,2,"",162.05,0,0,0,0,0,0,0,0,0,0,0,0,0,0,0,0,0,0,0,0,162.05,0,0,0
"MtrElec",9,30,3,"",153.99,0,0,0,0,0,0,0,0,0,0,0,0,0,0,0,0,0,0,0,0,153.99,0,0,0
"MtrElec",9,30,4,"",152.358,0,0,0,0,0,0,0,0,0,0,0,0,0,0,0,0,0,0,0,0,152.358,0,0,0
"MtrElec",9,30,5,"",148.594,0,0,0,0,0,0,0,0,0,0,0,0,0,0,0,0,0,0,0,0,148.594,0,0,0
"MtrElec",9,30,6,"",192.365,0,0,0,0,0,0,0,0,0,0,0,0,0,0,0,0,0,0,0,0,192.365,0,0,0
"MtrElec",9,30,7,"",252.792,0,0,0,0,0,0,0,0,0,0,0,0,0,0,0,0,0,0,0,0,252.792,0,0,0
"MtrElec",9,30,8,"",291.184,0,0,0,0,0,0,0,0,0,0,0,0,0,0,0,0,0,0,0,0,366.037,0,0,-74.8529
"MtrElec",9,30,9,"",167.689,0,0,0,0,0,0,0,0,0,0,0,0,0,0,0,0,0,0,0,0,425.238,0,0,-257.549
"MtrElec",9,30,10,"",129.105,0,0,0,0,0,0,0,0,0,0,0,0,0,0,0,0,0,0,0,0,547.447,0,0,-418.343
"MtrElec",9,30,11,"",64.5122,0,0,0,0,0,0,0,0,0,0,0,0,0,0,0,0,0,0,0,0,595.606,0,0,-531.094
"MtrElec",9,30,12,"",0.0000020,0,0,0,0,0,0,0,0,0,0,0,0,0,0,0,0,0,0,0,0,572.076,0,29.5151,-601.591
"MtrElec",9,30,13,"",0,0,0,0,0,0,0,0,0,0,0,0,0,0,0,0,0,0,0,0,0,608.995,0,30.7102,-639.706
"MtrElec",9,30,14,"",0.0000156,0,0,0,0,0,0,0,0,0,0,0,0,0,0,0,0,0,0,0,0,490.232,0,153.464,-643.696
"MtrElec",9,30,15,"",0,0,0,0,0,0,0,0,0,0,0,0,0,0,0,0,0,0,0,0,0,527.496,0,60.9003,-588.397
"MtrElec",9,30,16,"",74.522,0,0,0,0,0,0,0,0,0,0,0,0,0,0,0,0,0,0,0,0,551.934,0,0,-477.412
"MtrElec",9,30,17,"",281.311,0,0,0,0,0,0,0,0,0,0,0,0,0,0,0,0,0,0,0,0,604.737,0,0,-323.426
"MtrElec",9,30,18,"",396.126,0,0,0,0,0,0,0,0,0,0,0,0,0,0,0,0,0,0,0,0,533.082,0,0,-136.956
"MtrElec",9,30,19,"",263.657,0,0,0,0,0,0,0,0,0,0,0,0,0,0,0,0,0,0,0,0,487.864,0,-221.926,-2.28211
"MtrElec",9,30,20,"",494.071,0,0,0,0,0,0,0,0,0,0,0,0,0,0,0,0,0,0,0,0,519.962,0,-25.8913,0
"MtrElec",9,30,21,"",477.478,0,0,0,0,0,0,0,0,0,0,0,0,0,0,0,0,0,0,0,0,477.478,0,0,0
"MtrElec",9,30,22,"",316.981,0,0,0,0,0,0,0,0,0,0,0,0,0,0,0,0,0,0,0,0,316.981,0,0,0
"MtrElec",9,30,23,"",295.57,0,0,0,0,0,0,0,0,0,0,0,0,0,0,0,0,0,0,0,0,295.57,0,0,0
"MtrElec",9,30,24,"",211.757,0,0,0,0,0,0,0,0,0,0,0,0,0,0,0,0,0,0,0,0,211.757,0,0,0
"MtrElec",10,1,1,"",183.714,0,0,0,0,0,0,0,0,0,0,0,0,0,0,0,0,0,0,0,0,183.714,0,0,0
"MtrElec",10,1,2,"",167.275,0,0,0,0,0,0,0,0,0,0,0,0,0,0,0,0,0,0,0,0,167.275,0,0,0
"MtrElec",10,1,3,"",192.444,0,0,0,0,0,0,0,0,0,0,0,0,0,0,0,0,0,0,0,0,192.444,0,0,0
"MtrElec",10,1,4,"",161.154,0,0,0,0,0,0,0,0,0,0,0,0,0,0,0,0,0,0,0,0,161.154,0,0,0
"MtrElec",10,1,5,"",151.379,0,0,0,0,0,0,0,0,0,0,0,0,0,0,0,0,0,0,0,0,151.379,0,0,0
"MtrElec",10,1,6,"",166.409,0,0,0,0,0,0,0,0,0,0,0,0,0,0,0,0,0,0,0,0,166.409,0,0,0
"MtrElec",10,1,7,"",288.014,0,0,0,0,0,0,0,0,0,0,0,0,0,0,0,0,0,0,0,0,288.014,0,0,0
"MtrElec",10,1,8,"",257.834,0,0,0,0,0,0,0,0,0,0,0,0,0,0,0,0,0,0,0,0,330.029,0,0,-72.1945
"MtrElec",10,1,9,"",127.321,0,0,0,0,0,0,0,0,0,0,0,0,0,0,0,0,0,0,0,0,385.657,0,0,-258.336
"MtrElec",10,1,10,"",84.8063,0,0,0,0,0,0,0,0,0,0,0,0,0,0,0,0,0,0,0,0,504.621,0,0,-419.815
"MtrElec",10,1,11,"",66.6421,0,0,0,0,0,0,0,0,0,0,0,0,0,0,0,0,0,0,0,0,599.404,0,0,-532.762
"MtrElec",10,1,12,"",33.4579,0,0,0,0,0,0,0,0,0,0,0,0,0,0,0,0,0,0,0,0,634.419,0,0,-600.961
"MtrElec",10,1,13,"",0,0,0,0,0,0,0,0,0,0,0,0,0,0,0,0,0,0,0,0,0,609.582,0,33.994,-643.576
"MtrElec",10,1,14,"",0,0,0,0,0,0,0,0,0,0,0,0,0,0,0,0,0,0,0,0,0,610.589,0,29.8377,-640.427
"MtrElec",10,1,15,"",24.7611,0,0,0,0,0,0,0,0,0,0,0,0,0,0,0,0,0,0,0,0,607.545,0,0,-582.784
"MtrElec",10,1,16,"",117.603,0,0,0,0,0,0,0,0,0,0,0,0,0,0,0,0,0,0,0,0,587.97,0,0,-470.367
"MtrElec",10,1,17,"",325.74,0,0,0,0,0,0,0,0,0,0,0,0,0,0,0,0,0,0,0,0,642.185,0,0,-316.445
"MtrElec",10,1,18,"",493.045,0,0,0,0,0,0,0,0,0,0,0,0,0,0,0,0,0,0,0,0,624.367,0,0,-131.322
"MtrElec",10,1,19,"",496.829,0,0,0,0,0,0,0,0,0,0,0,0,0,0,0,0,0,0,0,0,557.192,0,-57.6082,-2.75502
"MtrElec",10,1,20,"",541.571,0,0,0,0,0,0,0,0,0,0,0,0,0,0,0,0,0,0,0,0,541.571,0,0,0
"MtrElec",10,1,21,"",482.906,0,0,0,0,0,0,0,0,0,0,0,0,0,0,0,0,0,0,0,0,482.906,0,0,0
"MtrElec",10,1,22,"",377.082,0,0,0,0,0,0,0,0,0,0,0,0,0,0,0,0,0,0,0,0,377.082,0,0,0
"MtrElec",10,1,23,"",308.763,0,0,0,0,0,0,0,0,0,0,0,0,0,0,0,0,0,0,0,0,308.763,0,0,0
"MtrElec",10,1,24,"",267.864,0,0,0,0,0,0,0,0,0,0,0,0,0,0,0,0,0,0,0,0,267.864,0,0,0
"MtrElec",10,2,1,"",205.021,0,0,0,0,0,0,0,0,0,0,0,0,0,0,0,0,0,0,0,0,205.021,0,0,0
"MtrElec",10,2,2,"",184.899,0,0,0,0,0,0,0,0,0,0,0,0,0,0,0,0,0,0,0,0,184.899,0,0,0
"MtrElec",10,2,3,"",172.223,0,0,0,0,0,0,0,0,0,0,0,0,0,0,0,0,0,0,0,0,172.223,0,0,0
"MtrElec",10,2,4,"",172.509,0,0,0,0,0,0,0,0,0,0,0,0,0,0,0,0,0,0,0,0,172.509,0,0,0
"MtrElec",10,2,5,"",163.208,0,0,0,0,0,0,0,0,0,0,0,0,0,0,0,0,0,0,0,0,163.208,0,0,0
"MtrElec",10,2,6,"",203.368,0,0,0,0,0,0,0,0,0,0,0,0,0,0,0,0,0,0,0,0,203.368,0,0,0
"MtrElec",10,2,7,"",285.267,0,0,0,0,0,0,0,0,0,0,0,0,0,0,0,0,0,0,0,0,285.267,0,0,0
"MtrElec",10,2,8,"",279.807,0,0,0,0,0,0,0,0,0,0,0,0,0,0,0,0,0,0,0,0,353.563,0,0,-73.756
"MtrElec",10,2,9,"",190.254,0,0,0,0,0,0,0,0,0,0,0,0,0,0,0,0,0,0,0,0,448.553,0,0,-258.299
"MtrElec",10,2,10,"",105.173,0,0,0,0,0,0,0,0,0,0,0,0,0,0,0,0,0,0,0,0,525.398,0,0,-420.225
"MtrElec",10,2,11,"",52.4104,0,0,0,0,0,0,0,0,0,0,0,0,0,0,0,0,0,0,0,0,583.554,0,0,-531.144
"MtrElec",10,2,12,"",20.4099,0,0,0,0,0,0,0,0,0,0,0,0,0,0,0,0,0,0,0,0,620.156,0,0,-599.747
"MtrElec",10,2,13,"",56.1789,0,0,0,0,0,0,0,0,0,0,0,0,0,0,0,0,0,0,0,0,681.612,0,0,-625.434
"MtrElec",10,2,14,"",0,0,0,0,0,0,0,0,0,0,0,0,0,0,0,0,0,0,0,0,0,555.94,0,57.9197,-613.86
"MtrElec",10,2,15,"",35.4373,0,0,0,0,0,0,0,0,0,0,0,0,0,0,0,0,0,0,0,0,597.326,0,0,-561.888
"MtrElec",10,2,16,"",150.426,0,0,0,0,0,0,0,0,0,0,0,0,0,0,0,0,0,0,0,0,613.206,0,0,-462.78
"MtrElec",10,2,17,"",290.81,0,0,0,0,0,0,0,0,0,0,0,0,0,0,0,0,0,0,0,0,600.584,0,0,-309.774
"MtrElec",10,2,18,"",473.454,0,0,0,0,0,0,0,0,0,0,0,0,0,0,0,0,0,0,0,0,598.022,0,0,-124.568
"MtrElec",10,2,19,"",526.389,0,0,0,0,0,0,0,0,0,0,0,0,0,0,0,0,0,0,0,0,581.176,0,-52.2725,-2.51436
"MtrElec",10,2,20,"",527.401,0,0,0,0,0,0,0,0,0,0,0,0,0,0,0,0,0,0,0,0,527.401,0,0,0
"MtrElec",10,2,21,"",513.073,0,0,0,0,0,0,0,0,0,0,0,0,0,0,0,0,0,0,0,0,513.073,0,0,0
"MtrElec",10,2,22,"",349.645,0,0,0,0,0,0,0,0,0,0,0,0,0,0,0,0,0,0,0,0,349.645,0,0,0
"MtrElec",10,2,23,"",359.203,0,0,0,0,0,0,0,0,0,0,0,0,0,0,0,0,0,0,0,0,359.203,0,0,0
"MtrElec",10,2,24,"",280.267,0,0,0,0,0,0,0,0,0,0,0,0,0,0,0,0,0,0,0,0,280.267,0,0,0
"MtrElec",10,3,1,"",185.449,0,0,0,0,0,0,0,0,0,0,0,0,0,0,0,0,0,0,0,0,185.449,0,0,0
"MtrElec",10,3,2,"",167.078,0,0,0,0,0,0,0,0,0,0,0,0,0,0,0,0,0,0,0,0,167.078,0,0,0
"MtrElec",10,3,3,"",159.222,0,0,0,0,0,0,0,0,0,0,0,0,0,0,0,0,0,0,0,0,159.222,0,0,0
"MtrElec",10,3,4,"",158.081,0,0,0,0,0,0,0,0,0,0,0,0,0,0,0,0,0,0,0,0,158.081,0,0,0
"MtrElec",10,3,5,"",208.727,0,0,0,0,0,0,0,0,0,0,0,0,0,0,0,0,0,0,0,0,208.727,0,0,0
"MtrElec",10,3,6,"",155.639,0,0,0,0,0,0,0,0,0,0,0,0,0,0,0,0,0,0,0,0,155.639,0,0,0
"MtrElec",10,3,7,"",197.435,0,0,0,0,0,0,0,0,0,0,0,0,0,0,0,0,0,0,0,0,197.435,0,0,0
"MtrElec",10,3,8,"",203.392,0,0,0,0,0,0,0,0,0,0,0,0,0,0,0,0,0,0,0,0,277.924,0,0,-74.532
"MtrElec",10,3,9,"",71.7723,0,0,0,0,0,0,0,0,0,0,0,0,0,0,0,0,0,0,0,0,332.904,0,0,-261.131
"MtrElec",10,3,10,"",9.08622,0,0,0,0,0,0,0,0,0,0,0,0,0,0,0,0,0,0,0,0,438.01,0,0,-428.923
"MtrElec",10,3,11,"",0,0,0,0,0,0,0,0,0,0,0,0,0,0,0,0,0,0,0,0,0,515.411,0,33.4219,-548.832
"MtrElec",10,3,12,"",0,0,0,0,0,0,0,0,0,0,0,0,0,0,0,0,0,0,0,0,0,591.082,0,25.1562,-616.238
"MtrElec",10,3,13,"",0.0000039,0,0,0,0,0,0,0,0,0,0,0,0,0,0,0,0,0,0,0,0,578.334,0,62.3848,-640.719
"MtrElec",10,3,14,"",0,0,0,0,0,0,0,0,0,0,0,0,0,0,0,0,0,0,0,0,0,545.676,0,78.2832,-623.959
"MtrElec",10,3,15,"",12.8033,0,0,0,0,0,0,0,0,0,0,0,0,0,0,0,0,0,0,0,0,579.057,0,0,-566.254
"MtrElec",10,3,16,"",78.6314,0,0,0,0,0,0,0,0,0,0,0,0,0,0,0,0,0,0,0,0,548.614,0,0,-469.983
"MtrElec",10,3,17,"",261.5,0,0,0,0,0,0,0,0,0,0,0,0,0,0,0,0,0,0,0,0,554.527,0,0,-293.028
"MtrElec",10,3,18,"",433.669,0,0,0,0,0,0,0,0,0,0,0,0,0,0,0,0,0,0,0,0,555.626,0,0,-121.957
"MtrElec",10,3,19,"",411.114,0,0,0,0,0,0,0,0,0,0,0,0,0,0,0,0,0,0,0,0,593.091,0,-179.82,-2.15741
"MtrElec",10,3,20,"",504.536,0,0,0,0,0,0,0,0,0,0,0,0,0,0,0,0,0,0,0,0,504.536,0,0,0
"MtrElec",10,3,21,"",408.396,0,0,0,0,0,0,0,0,0,0,0,0,0,0,0,0,0,0,0,0,408.396,0,0,0
"MtrElec",10,3,22,"",343.848,0,0,0,0,0,0,0,0,0,0,0,0,0,0,0,0,0,0,0,0,343.848,0,0,0
"MtrElec",10,3,23,"",257.786,0,0,0,0,0,0,0,0,0,0,0,0,0,0,0,0,0,0,0,0,257.786,0,0,0
"MtrElec",10,3,24,"",266.36,0,0,0,0,0,0,0,0,0,0,0,0,0,0,0,0,0,0,0,0,266.36,0,0,0
"MtrElec",10,4,1,"",177.101,0,0,0,0,0,0,0,0,0,0,0,0,0,0,0,0,0,0,0,0,177.101,0,0,0
"MtrElec",10,4,2,"",153.512,0,0,0,0,0,0,0,0,0,0,0,0,0,0,0,0,0,0,0,0,153.512,0,0,0
"MtrElec",10,4,3,"",150.539,0,0,0,0,0,0,0,0,0,0,0,0,0,0,0,0,0,0,0,0,150.539,0,0,0
"MtrElec",10,4,4,"",151.194,0,0,0,0,0,0,0,0,0,0,0,0,0,0,0,0,0,0,0,0,151.194,0,0,0
"MtrElec",10,4,5,"",155.314,0,0,0,0,0,0,0,0,0,0,0,0,0,0,0,0,0,0,0,0,155.314,0,0,0
"MtrElec",10,4,6,"",155.997,0,0,0,0,0,0,0,0,0,0,0,0,0,0,0,0,0,0,0,0,155.997,0,0,0
"MtrElec",10,4,7,"",200.214,0,0,0,0,0,0,0,0,0,0,0,0,0,0,0,0,0,0,0,0,200.214,0,0,0
"MtrElec",10,4,8,"",145.106,0,0,0,0,0,0,0,0,0,0,0,0,0,0,0,0,0,0,0,0,185.825,0,0,-40.7188
"MtrElec",10,4,9,"",109.839,0,0,0,0,0,0,0,0,0,0,0,0,0,0,0,0,0,0,0,0,274.319,0,0,-164.48
"MtrElec",10,4,10,"",-88.6271,0,0,0,0,0,0,0,0,0,0,0,0,0,0,0,0,0,0,0,0,343.835,0,0,-432.462
"MtrElec",10,4,11,"",0,0,0,0,0,0,0,0,0,0,0,0,0,0,0,0,0,0,0,0,0,413.739,0,138.589,-552.328
"MtrElec",10,4,12,"",0,0,0,0,0,0,0,0,0,0,0,0,0,0,0,0,0,0,0,0,0,428.916,0,191,-619.916
"MtrElec",10,4,13,"",-30.2496,0,0,0,0,0,0,0,0,0,0,0,0,0,0,0,0,0,0,0,0,411.34,0,221.926,-663.516
"MtrElec",10,4,14,"",-22.1035,0,0,0,0,0,0,0,0,0,0,0,0,0,0,0,0,0,0,0,0,416.09,0,221.926,-660.119
"MtrElec",10,4,15,"",-148.729,0,0,0,0,0,0,0,0,0,0,0,0,0,0,0,0,0,0,0,0,423.948,0,20.9421,-593.619
"MtrElec",10,4,16,"",-81.5823,0,0,0,0,0,0,0,0,0,0,0,0,0,0,0,0,0,0,0,0,390.779,0,0,-472.361
"MtrElec",10,4,17,"",102.025,0,0,0,0,0,0,0,0,0,0,0,0,0,0,0,0,0,0,0,0,419.963,0,0,-317.938
"MtrElec",10,4,18,"",309.461,0,0,0,0,0,0,0,0,0,0,0,0,0,0,0,0,0,0,0,0,436.362,0,0,-126.9
"MtrElec",10,4,19,"",203.358,0,0,0,0,0,0,0,0,0,0,0,0,0,0,0,0,0,0,0,0,427.316,0,-221.926,-2.03181
"MtrElec",10,4,20,"",149.82,0,0,0,0,0,0,0,0,0,0,0,0,0,0,0,0,0,0,0,0,371.746,0,-221.926,0
"MtrElec",10,4,21,"",77.9713,0,0,0,0,0,0,0,0,0,0,0,0,0,0,0,0,0,0,0,0,299.897,0,-221.926,0
"MtrElec",10,4,22,"",275.961,0,0,0,0,0,0,0,0,0,0,0,0,0,0,0,0,0,0,0,0,327.114,0,-51.1531,0
"MtrElec",10,4,23,"",244.612,0,0,0,0,0,0,0,0,0,0,0,0,0,0,0,0,0,0,0,0,244.612,0,0,0
"MtrElec",10,4,24,"",233.01,0,0,0,0,0,0,0,0,0,0,0,0,0,0,0,0,0,0,0,0,233.01,0,0,0
"MtrElec",10,5,1,"",174.231,0,0,0,0,0,0,0,0,0,0,0,0,0,0,0,0,0,0,0,0,174.231,0,0,0
"MtrElec",10,5,2,"",158.647,0,0,0,0,0,0,0,0,0,0,0,0,0,0,0,0,0,0,0,0,158.647,0,0,0
"MtrElec",10,5,3,"",196.884,0,0,0,0,0,0,0,0,0,0,0,0,0,0,0,0,0,0,0,0,196.884,0,0,0
"MtrElec",10,5,4,"",155.887,0,0,0,0,0,0,0,0,0,0,0,0,0,0,0,0,0,0,0,0,155.887,0,0,0
"MtrElec",10,5,5,"",153.943,0,0,0,0,0,0,0,0,0,0,0,0,0,0,0,0,0,0,0,0,153.943,0,0,0
"MtrElec",10,5,6,"",153.422,0,0,0,0,0,0,0,0,0,0,0,0,0,0,0,0,0,0,0,0,153.422,0,0,0
"MtrElec",10,5,7,"",294.664,0,0,0,0,0,0,0,0,0,0,0,0,0,0,0,0,0,0,0,0,294.664,0,0,0
"MtrElec",10,5,8,"",292.953,0,0,0,0,0,0,0,0,0,0,0,0,0,0,0,0,0,0,0,0,300.71,0,0,-7.75747
"MtrElec",10,5,9,"",296.082,0,0,0,0,0,0,0,0,0,0,0,0,0,0,0,0,0,0,0,0,332.296,0,0,-36.214
"MtrElec",10,5,10,"",255.383,0,0,0,0,0,0,0,0,0,0,0,0,0,0,0,0,0,0,0,0,386.711,0,0,-131.328
"MtrElec",10,5,11,"",0,0,0,0,0,0,0,0,0,0,0,0,0,0,0,0,0,0,0,0,0,435.082,0,47.5023,-482.584
"MtrElec",10,5,12,"",0.0000156,0,0,0,0,0,0,0,0,0,0,0,0,0,0,0,0,0,0,0,0,398.401,0,159.697,-558.099
"MtrElec",10,5,13,"",0.0000156,0,0,0,0,0,0,0,0,0,0,0,0,0,0,0,0,0,0,0,0,461.502,0,197.092,-658.594
"MtrElec",10,5,14,"",0,0,0,0,0,0,0,0,0,0,0,0,0,0,0,0,0,0,0,0,0,410.774,0,207.489,-618.263
"MtrElec",10,5,15,"",0,0,0,0,0,0,0,0,0,0,0,0,0,0,0,0,0,0,0,0,0,458.974,0,96.4228,-555.397
"MtrElec",10,5,16,"",47.1081,0,0,0,0,0,0,0,0,0,0,0,0,0,0,0,0,0,0,0,0,501.881,0,0,-454.773
"MtrElec",10,5,17,"",252.474,0,0,0,0,0,0,0,0,0,0,0,0,0,0,0,0,0,0,0,0,558.963,0,0,-306.489
"MtrElec",10,5,18,"",420.792,0,0,0,0,0,0,0,0,0,0,0,0,0,0,0,0,0,0,0,0,540.647,0,0,-119.855
"MtrElec",10,5,19,"",229.568,0,0,0,0,0,0,0,0,0,0,0,0,0,0,0,0,0,0,0,0,453.316,0,-221.926,-1.82265
"MtrElec",10,5,20,"",248.271,0,0,0,0,0,0,0,0,0,0,0,0,0,0,0,0,0,0,0,0,470.196,0,-221.926,0
"MtrElec",10,5,21,"",231.154,0,0,0,0,0,0,0,0,0,0,0,0,0,0,0,0,0,0,0,0,426.456,0,-195.302,0
"MtrElec",10,5,22,"",309.465,0,0,0,0,0,0,0,0,0,0,0,0,0,0,0,0,0,0,0,0,309.465,0,0,0
"MtrElec",10,5,23,"",284.535,0,0,0,0,0,0,0,0,0,0,0,0,0,0,0,0,0,0,0,0,284.535,0,0,0
"MtrElec",10,5,24,"",209.57,0,0,0,0,0,0,0,0,0,0,0,0,0,0,0,0,0,0,0,0,209.57,0,0,0
"MtrElec",10,6,1,"",177.86,0,0,0,0,0,0,0,0,0,0,0,0,0,0,0,0,0,0,0,0,177.86,0,0,0
"MtrElec",10,6,2,"",155.125,0,0,0,0,0,0,0,0,0,0,0,0,0,0,0,0,0,0,0,0,155.125,0,0,0
"MtrElec",10,6,3,"",189.88,0,0,0,0,0,0,0,0,0,0,0,0,0,0,0,0,0,0,0,0,189.88,0,0,0
"MtrElec",10,6,4,"",155.335,0,0,0,0,0,0,0,0,0,0,0,0,0,0,0,0,0,0,0,0,155.335,0,0,0
"MtrElec",10,6,5,"",153.63,0,0,0,0,0,0,0,0,0,0,0,0,0,0,0,0,0,0,0,0,153.63,0,0,0
"MtrElec",10,6,6,"",162.952,0,0,0,0,0,0,0,0,0,0,0,0,0,0,0,0,0,0,0,0,162.952,0,0,0
"MtrElec",10,6,7,"",264.198,0,0,0,0,0,0,0,0,0,0,0,0,0,0,0,0,0,0,0,0,264.198,0,0,0
"MtrElec",10,6,8,"",292.893,0,0,0,0,0,0,0,0,0,0,0,0,0,0,0,0,0,0,0,0,323.854,0,0,-30.9612
"MtrElec",10,6,9,"",217.467,0,0,0,0,0,0,0,0,0,0,0,0,0,0,0,0,0,0,0,0,347.649,0,0,-130.183
"MtrElec",10,6,10,"",129.644,0,0,0,0,0,0,0,0,0,0,0,0,0,0,0,0,0,0,0,0,431.591,0,0,-301.947
"MtrElec",10,6,11,"",104.024,0,0,0,0,0,0,0,0,0,0,0,0,0,0,0,0,0,0,0,0,500.674,0,0,-396.649
"MtrElec",10,6,12,"",0.0000039,0,0,0,0,0,0,0,0,0,0,0,0,0,0,0,0,0,0,0,0,460.908,0,56.3154,-517.224
"MtrElec",10,6,13,"",2.57272,0,0,0,0,0,0,0,0,0,0,0,0,0,0,0,0,0,0,0,0,511.343,0,0,-508.771
"MtrElec",10,6,14,"",0,0,0,0,0,0,0,0,0,0,0,0,0,0,0,0,0,0,0,0,0,432.499,0,87.2944,-519.793
"MtrElec",10,6,15,"",30.0314,0,0,0,0,0,0,0,0,0,0,0,0,0,0,0,0,0,0,0,0,510.408,0,0,-480.377
"MtrElec",10,6,16,"",141.729,0,0,0,0,0,0,0,0,0,0,0,0,0,0,0,0,0,0,0,0,512.425,0,0,-370.696
"MtrElec",10,6,17,"",309.714,0,0,0,0,0,0,0,0,0,0,0,0,0,0,0,0,0,0,0,0,532.843,0,0,-223.129
"MtrElec",10,6,18,"",426.284,0,0,0,0,0,0,0,0,0,0,0,0,0,0,0,0,0,0,0,0,492.809,0,0,-66.524
"MtrElec",10,6,19,"",353.754,0,0,0,0,0,0,0,0,0,0,0,0,0,0,0,0,0,0,0,0,483.998,0,-129.608,-0.636644
"MtrElec",10,6,20,"",459.288,0,0,0,0,0,0,0,0,0,0,0,0,0,0,0,0,0,0,0,0,459.288,0,0,0
"MtrElec",10,6,21,"",445.049,0,0,0,0,0,0,0,0,0,0,0,0,0,0,0,0,0,0,0,0,445.049,0,0,0
"MtrElec",10,6,22,"",336.965,0,0,0,0,0,0,0,0,0,0,0,0,0,0,0,0,0,0,0,0,336.965,0,0,0
"MtrElec",10,6,23,"",261.46,0,0,0,0,0,0,0,0,0,0,0,0,0,0,0,0,0,0,0,0,261.46,0,0,0
"MtrElec",10,6,24,"",275.097,0,0,0,0,0,0,0,0,0,0,0,0,0,0,0,0,0,0,0,0,275.097,0,0,0
"MtrElec",10,7,1,"",178.411,0,0,0,0,0,0,0,0,0,0,0,0,0,0,0,0,0,0,0,0,178.411,0,0,0
"MtrElec",10,7,2,"",161.405,0,0,0,0,0,0,0,0,0,0,0,0,0,0,0,0,0,0,0,0,161.405,0,0,0
"MtrElec",10,7,3,"",154.657,0,0,0,0,0,0,0,0,0,0,0,0,0,0,0,0,0,0,0,0,154.657,0,0,0
"MtrElec",10,7,4,"",152.768,0,0,0,0,0,0,0,0,0,0,0,0,0,0,0,0,0,0,0,0,152.768,0,0,0
"MtrElec",10,7,5,"",144.178,0,0,0,0,0,0,0,0,0,0,0,0,0,0,0,0,0,0,0,0,144.178,0,0,0
"MtrElec",10,7,6,"",200.843,0,0,0,0,0,0,0,0,0,0,0,0,0,0,0,0,0,0,0,0,200.843,0,0,0
"MtrElec",10,7,7,"",246.09,0,0,0,0,0,0,0,0,0,0,0,0,0,0,0,0,0,0,0,0,246.09,0,0,0
"MtrElec",10,7,8,"",212.666,0,0,0,0,0,0,0,0,0,0,0,0,0,0,0,0,0,0,0,0,281.694,0,0,-69.0282
"MtrElec",10,7,9,"",124.514,0,0,0,0,0,0,0,0,0,0,0,0,0,0,0,0,0,0,0,0,379.897,0,0,-255.384
"MtrElec",10,7,10,"",77.9874,0,0,0,0,0,0,0,0,0,0,0,0,0,0,0,0,0,0,0,0,505.068,0,0,-427.081
"MtrElec",10,7,11,"",0,0,0,0,0,0,0,0,0,0,0,0,0,0,0,0,0,0,0,0,0,545.338,0,3.36669,-548.705
"MtrElec",10,7,12,"",0,0,0,0,0,0,0,0,0,0,0,0,0,0,0,0,0,0,0,0,0,527.251,0,86.9959,-614.247
"MtrElec",10,7,13,"",0,0,0,0,0,0,0,0,0,0,0,0,0,0,0,0,0,0,0,0,0,571.564,0,67.6636,-639.228
"MtrElec",10,7,14,"",0,0,0,0,0,0,0,0,0,0,0,0,0,0,0,0,0,0,0,0,0,466.327,0,154.647,-620.974
"MtrElec",10,7,15,"",0.0000039,0,0,0,0,0,0,0,0,0,0,0,0,0,0,0,0,0,0,0,0,508.979,0,49.2364,-558.215
"MtrElec",10,7,16,"",99.017,0,0,0,0,0,0,0,0,0,0,0,0,0,0,0,0,0,0,0,0,550.887,0,0,-451.87
"MtrElec",10,7,17,"",259.197,0,0,0,0,0,0,0,0,0,0,0,0,0,0,0,0,0,0,0,0,563.331,0,0,-304.133
"MtrElec",10,7,18,"",387.985,0,0,0,0,0,0,0,0,0,0,0,0,0,0,0,0,0,0,0,0,503.881,0,0,-115.896
"MtrElec",10,7,19,"",302.547,0,0,0,0,0,0,0,0,0,0,0,0,0,0,0,0,0,0,0,0,525.422,0,-221.926,-0.949297
"MtrElec",10,7,20,"",404.639,0,0,0,0,0,0,0,0,0,0,0,0,0,0,0,0,0,0,0,0,509.337,0,-104.698,0
"MtrElec",10,7,21,"",465.716,0,0,0,0,0,0,0,0,0,0,0,0,0,0,0,0,0,0,0,0,465.716,0,0,0
"MtrElec",10,7,22,"",300.837,0,0,0,0,0,0,0,0,0,0,0,0,0,0,0,0,0,0,0,0,300.837,0,0,0
"MtrElec",10,7,23,"",307.821,0,0,0,0,0,0,0,0,0,0,0,0,0,0,0,0,0,0,0,0,307.821,0,0,0
"MtrElec",10,7,24,"",194.141,0,0,0,0,0,0,0,0,0,0,0,0,0,0,0,0,0,0,0,0,194.141,0,0,0
"MtrElec",10,8,1,"",190.883,0,0,0,0,0,0,0,0,0,0,0,0,0,0,0,0,0,0,0,0,190.883,0,0,0
"MtrElec",10,8,2,"",173.727,0,0,0,0,0,0,0,0,0,0,0,0,0,0,0,0,0,0,0,0,173.727,0,0,0
"MtrElec",10,8,3,"",189.541,0,0,0,0,0,0,0,0,0,0,0,0,0,0,0,0,0,0,0,0,189.541,0,0,0
"MtrElec",10,8,4,"",149.797,0,0,0,0,0,0,0,0,0,0,0,0,0,0,0,0,0,0,0,0,149.797,0,0,0
"MtrElec",10,8,5,"",145.916,0,0,0,0,0,0,0,0,0,0,0,0,0,0,0,0,0,0,0,0,145.916,0,0,0
"MtrElec",10,8,6,"",155.323,0,0,0,0,0,0,0,0,0,0,0,0,0,0,0,0,0,0,0,0,155.323,0,0,0
"MtrElec",10,8,7,"",246.545,0,0,0,0,0,0,0,0,0,0,0,0,0,0,0,0,0,0,0,0,246.545,0,0,0
"MtrElec",10,8,8,"",342.471,0,0,0,0,0,0,0,0,0,0,0,0,0,0,0,0,0,0,0,0,352.423,0,0,-9.95205
"MtrElec",10,8,9,"",295.123,0,0,0,0,0,0,0,0,0,0,0,0,0,0,0,0,0,0,0,0,344.363,0,0,-49.2407
"MtrElec",10,8,10,"",288.556,0,0,0,0,0,0,0,0,0,0,0,0,0,0,0,0,0,0,0,0,381.368,0,0,-92.8117
"MtrElec",10,8,11,"",212.286,0,0,0,0,0,0,0,0,0,0,0,0,0,0,0,0,0,0,0,0,433.021,0,0,-220.735
"MtrElec",10,8,12,"",0.0000039,0,0,0,0,0,0,0,0,0,0,0,0,0,0,0,0,0,0,0,0,455.156,0,42.0274,-497.183
"MtrElec",10,8,13,"",0,0,0,0,0,0,0,0,0,0,0,0,0,0,0,0,0,0,0,0,0,446.499,0,209.692,-656.191
"MtrElec",10,8,14,"",0,0,0,0,0,0,0,0,0,0,0,0,0,0,0,0,0,0,0,0,0,457.749,0,173.446,-631.195
"MtrElec",10,8,15,"",0,0,0,0,0,0,0,0,0,0,0,0,0,0,0,0,0,0,0,0,0,439.972,0,132.686,-572.658
"MtrElec",10,8,16,"",60.9985,0,0,0,0,0,0,0,0,0,0,0,0,0,0,0,0,0,0,0,0,528.776,0,0,-467.777
"MtrElec",10,8,17,"",263.505,0,0,0,0,0,0,0,0,0,0,0,0,0,0,0,0,0,0,0,0,570.626,0,0,-307.121
"MtrElec",10,8,18,"",366.516,0,0,0,0,0,0,0,0,0,0,0,0,0,0,0,0,0,0,0,0,481.77,0,0,-115.254
"MtrElec",10,8,19,"",228.488,0,0,0,0,0,0,0,0,0,0,0,0,0,0,0,0,0,0,0,0,451.44,0,-221.926,-1.02599
"MtrElec",10,8,20,"",215.207,0,0,0,0,0,0,0,0,0,0,0,0,0,0,0,0,0,0,0,0,437.133,0,-221.926,0
"MtrElec",10,8,21,"",295.26,0,0,0,0,0,0,0,0,0,0,0,0,0,0,0,0,0,0,0,0,354.869,0,-59.6092,0
"MtrElec",10,8,22,"",313.799,0,0,0,0,0,0,0,0,0,0,0,0,0,0,0,0,0,0,0,0,313.799,0,0,0
"MtrElec",10,8,23,"",278.843,0,0,0,0,0,0,0,0,0,0,0,0,0,0,0,0,0,0,0,0,278.843,0,0,0
"MtrElec",10,8,24,"",211.123,0,0,0,0,0,0,0,0,0,0,0,0,0,0,0,0,0,0,0,0,211.123,0,0,0
"MtrElec",10,9,1,"",163.443,0,0,0,0,0,0,0,0,0,0,0,0,0,0,0,0,0,0,0,0,163.443,0,0,0
"MtrElec",10,9,2,"",153.683,0,0,0,0,0,0,0,0,0,0,0,0,0,0,0,0,0,0,0,0,153.683,0,0,0
"MtrElec",10,9,3,"",149.197,0,0,0,0,0,0,0,0,0,0,0,0,0,0,0,0,0,0,0,0,149.197,0,0,0
"MtrElec",10,9,4,"",149.008,0,0,0,0,0,0,0,0,0,0,0,0,0,0,0,0,0,0,0,0,149.008,0,0,0
"MtrElec",10,9,5,"",145.583,0,0,0,0,0,0,0,0,0,0,0,0,0,0,0,0,0,0,0,0,145.583,0,0,0
"MtrElec",10,9,6,"",191.038,0,0,0,0,0,0,0,0,0,0,0,0,0,0,0,0,0,0,0,0,191.038,0,0,0
"MtrElec",10,9,7,"",250.302,0,0,0,0,0,0,0,0,0,0,0,0,0,0,0,0,0,0,0,0,250.302,0,0,0
"MtrElec",10,9,8,"",303.845,0,0,0,0,0,0,0,0,0,0,0,0,0,0,0,0,0,0,0,0,340.005,0,0,-36.1601
"MtrElec",10,9,9,"",172.649,0,0,0,0,0,0,0,0,0,0,0,0,0,0,0,0,0,0,0,0,332.484,0,0,-159.835
"MtrElec",10,9,10,"",-10.5165,0,0,0,0,0,0,0,0,0,0,0,0,0,0,0,0,0,0,0,0,407.887,0,0,-418.404
"MtrElec",10,9,11,"",0,0,0,0,0,0,0,0,0,0,0,0,0,0,0,0,0,0,0,0,0,469.091,0,70.2909,-539.382
"MtrElec",10,9,12,"",0.0000156,0,0,0,0,0,0,0,0,0,0,0,0,0,0,0,0,0,0,0,0,421.154,0,201.011,-622.164
"MtrElec",10,9,13,"",0,0,0,0,0,0,0,0,0,0,0,0,0,0,0,0,0,0,0,0,0,470.681,0,7.78366,-478.464
"MtrElec",10,9,14,"",0,0,0,0,0,0,0,0,0,0,0,0,0,0,0,0,0,0,0,0,0,407.826,0,50.241,-458.067
"MtrElec",10,9,15,"",0.0000039,0,0,0,0,0,0,0,0,0,0,0,0,0,0,0,0,0,0,0,0,474.107,0,57.4671,-531.574
"MtrElec",10,9,16,"",30.4051,0,0,0,0,0,0,0,0,0,0,0,0,0,0,0,0,0,0,0,0,446.963,0,0,-416.558
"MtrElec",10,9,17,"",340.421,0,0,0,0,0,0,0,0,0,0,0,0,0,0,0,0,0,0,0,0,510.115,0,0,-169.694
"MtrElec",10,9,18,"",408.435,0,0,0,0,0,0,0,0,0,0,0,0,0,0,0,0,0,0,0,0,437.6,0,0,-29.1656
"MtrElec",10,9,19,"",226.528,0,0,0,0,0,0,0,0,0,0,0,0,0,0,0,0,0,0,0,0,448.454,0,-221.926,0
"MtrElec",10,9,20,"",352.288,0,0,0,0,0,0,0,0,0,0,0,0,0,0,0,0,0,0,0,0,479.443,0,-127.155,0
"MtrElec",10,9,21,"",463.693,0,0,0,0,0,0,0,0,0,0,0,0,0,0,0,0,0,0,0,0,463.693,0,0,0
"MtrElec",10,9,22,"",314.179,0,0,0,0,0,0,0,0,0,0,0,0,0,0,0,0,0,0,0,0,314.179,0,0,0
"MtrElec",10,9,23,"",306.762,0,0,0,0,0,0,0,0,0,0,0,0,0,0,0,0,0,0,0,0,306.762,0,0,0
"MtrElec",10,9,24,"",217.308,0,0,0,0,0,0,0,0,0,0,0,0,0,0,0,0,0,0,0,0,217.308,0,0,0
"MtrElec",10,10,1,"",164.927,0,0,0,0,0,0,0,0,0,0,0,0,0,0,0,0,0,0,0,0,164.927,0,0,0
"MtrElec",10,10,2,"",167.401,0,0,0,0,0,0,0,0,0,0,0,0,0,0,0,0,0,0,0,0,167.401,0,0,0
"MtrElec",10,10,3,"",173.507,0,0,0,0,0,0,0,0,0,0,0,0,0,0,0,0,0,0,0,0,173.507,0,0,0
"MtrElec",10,10,4,"",151.772,0,0,0,0,0,0,0,0,0,0,0,0,0,0,0,0,0,0,0,0,151.772,0,0,0
"MtrElec",10,10,5,"",190.528,0,0,0,0,0,0,0,0,0,0,0,0,0,0,0,0,0,0,0,0,190.528,0,0,0
"MtrElec",10,10,6,"",151.363,0,0,0,0,0,0,0,0,0,0,0,0,0,0,0,0,0,0,0,0,151.363,0,0,0
"MtrElec",10,10,7,"",221.953,0,0,0,0,0,0,0,0,0,0,0,0,0,0,0,0,0,0,0,0,221.953,0,0,0
"MtrElec",10,10,8,"",157.993,0,0,0,0,0,0,0,0,0,0,0,0,0,0,0,0,0,0,0,0,224.173,0,0,-66.18
"MtrElec",10,10,9,"",72.0038,0,0,0,0,0,0,0,0,0,0,0,0,0,0,0,0,0,0,0,0,330.908,0,0,-258.904
"MtrElec",10,10,10,"",-20.1655,0,0,0,0,0,0,0,0,0,0,0,0,0,0,0,0,0,0,0,0,414.988,0,0,-435.153
"MtrElec",10,10,11,"",0.0000039,0,0,0,0,0,0,0,0,0,0,0,0,0,0,0,0,0,0,0,0,491.884,0,64.903,-556.787
"MtrElec",10,10,12,"",16.8327,0,0,0,0,0,0,0,0,0,0,0,0,0,0,0,0,0,0,0,0,479.201,0,0,-462.368
"MtrElec",10,10,13,"",145.861,0,0,0,0,0,0,0,0,0,0,0,0,0,0,0,0,0,0,0,0,491.577,0,0,-345.716
"MtrElec",10,10,14,"",0,0,0,0,0,0,0,0,0,0,0,0,0,0,0,0,0,0,0,0,0,455.555,0,200.47,-656.025
"MtrElec",10,10,15,"",0,0,0,0,0,0,0,0,0,0,0,0,0,0,0,0,0,0,0,0,0,482.954,0,105.834,-588.788
"MtrElec",10,10,16,"",0,0,0,0,0,0,0,0,0,0,0,0,0,0,0,0,0,0,0,0,0,417.67,0,57.5022,-475.172
"MtrElec",10,10,17,"",152.245,0,0,0,0,0,0,0,0,0,0,0,0,0,0,0,0,0,0,0,0,461.082,0,0,-308.838
"MtrElec",10,10,18,"",387.711,0,0,0,0,0,0,0,0,0,0,0,0,0,0,0,0,0,0,0,0,500.564,0,0,-112.853
"MtrElec",10,10,19,"",288.534,0,0,0,0,0,0,0,0,0,0,0,0,0,0,0,0,0,0,0,0,510.79,0,-221.926,-0.330567
"MtrElec",10,10,20,"",254.347,0,0,0,0,0,0,0,0,0,0,0,0,0,0,0,0,0,0,0,0,419.332,0,-164.984,0
"MtrElec",10,10,21,"",422.928,0,0,0,0,0,0,0,0,0,0,0,0,0,0,0,0,0,0,0,0,422.928,0,0,0
"MtrElec",10,10,22,"",361.41,0,0,0,0,0,0,0,0,0,0,0,0,0,0,0,0,0,0,0,0,361.41,0,0,0
"MtrElec",10,10,23,"",221.278,0,0,0,0,0,0,0,0,0,0,0,0,0,0,0,0,0,0,0,0,221.278,0,0,0
"MtrElec",10,10,24,"",204.159,0,0,0,0,0,0,0,0,0,0,0,0,0,0,0,0,0,0,0,0,204.159,0,0,0
"MtrElec",10,11,1,"",159.383,0,0,0,0,0,0,0,0,0,0,0,0,0,0,0,0,0,0,0,0,159.383,0,0,0
"MtrElec",10,11,2,"",152.901,0,0,0,0,0,0,0,0,0,0,0,0,0,0,0,0,0,0,0,0,152.901,0,0,0
"MtrElec",10,11,3,"",151.82,0,0,0,0,0,0,0,0,0,0,0,0,0,0,0,0,0,0,0,0,151.82,0,0,0
"MtrElec",10,11,4,"",196.757,0,0,0,0,0,0,0,0,0,0,0,0,0,0,0,0,0,0,0,0,196.757,0,0,0
"MtrElec",10,11,5,"",183.963,0,0,0,0,0,0,0,0,0,0,0,0,0,0,0,0,0,0,0,0,183.963,0,0,0
"MtrElec",10,11,6,"",152.149,0,0,0,0,0,0,0,0,0,0,0,0,0,0,0,0,0,0,0,0,152.149,0,0,0
"MtrElec",10,11,7,"",160.045,0,0,0,0,0,0,0,0,0,0,0,0,0,0,0,0,0,0,0,0,160.045,0,0,0
"MtrElec",10,11,8,"",197.081,0,0,0,0,0,0,0,0,0,0,0,0,0,0,0,0,0,0,0,0,233.245,0,0,-36.1637
"MtrElec",10,11,9,"",134.697,0,0,0,0,0,0,0,0,0,0,0,0,0,0,0,0,0,0,0,0,257.841,0,0,-123.144
"MtrElec",10,11,10,"",133.555,0,0,0,0,0,0,0,0,0,0,0,0,0,0,0,0,0,0,0,0,354.689,0,0,-221.133
"MtrElec",10,11,11,"",0,0,0,0,0,0,0,0,0,0,0,0,0,0,0,0,0,0,0,0,0,414.541,0,46.9682,-461.509
"MtrElec",10,11,12,"",0,0,0,0,0,0,0,0,0,0,0,0,0,0,0,0,0,0,0,0,0,359.619,0,150.828,-510.447
"MtrElec",10,11,13,"",0,0,0,0,0,0,0,0,0,0,0,0,0,0,0,0,0,0,0,0,0,373.541,0,114.23,-487.77
"MtrElec",10,11,14,"",80.3851,0,0,0,0,0,0,0,0,0,0,0,0,0,0,0,0,0,0,0,0,373.988,0,0,-293.603
"MtrElec",10,11,15,"",57.9319,0,0,0,0,0,0,0,0,0,0,0,0,0,0,0,0,0,0,0,0,347.55,0,0,-289.618
"MtrElec",10,11,16,"",166.908,0,0,0,0,0,0,0,0,0,0,0,0,0,0,0,0,0,0,0,0,282.464,0,0,-115.557
"MtrElec",10,11,17,"",320.846,0,0,0,0,0,0,0,0,0,0,0,0,0,0,0,0,0,0,0,0,324.129,0,0,-3.28302
"MtrElec",10,11,18,"",335.533,0,0,0,0,0,0,0,0,0,0,0,0,0,0,0,0,0,0,0,0,335.533,0,0,0
"MtrElec",10,11,19,"",142.04,0,0,0,0,0,0,0,0,0,0,0,0,0,0,0,0,0,0,0,0,363.966,0,-221.926,0
"MtrElec",10,11,20,"",262.54,0,0,0,0,0,0,0,0,0,0,0,0,0,0,0,0,0,0,0,0,322.217,0,-59.6771,0
"MtrElec",10,11,21,"",291.214,0,0,0,0,0,0,0,0,0,0,0,0,0,0,0,0,0,0,0,0,291.214,0,0,0
"MtrElec",10,11,22,"",286.228,0,0,0,0,0,0,0,0,0,0,0,0,0,0,0,0,0,0,0,0,286.228,0,0,0
"MtrElec",10,11,23,"",257.951,0,0,0,0,0,0,0,0,0,0,0,0,0,0,0,0,0,0,0,0,257.951,0,0,0
"MtrElec",10,11,24,"",208.623,0,0,0,0,0,0,0,0,0,0,0,0,0,0,0,0,0,0,0,0,208.623,0,0,0
"MtrElec",10,12,1,"",163.844,0,0,0,0,0,0,0,0,0,0,0,0,0,0,0,0,0,0,0,0,163.844,0,0,0
"MtrElec",10,12,2,"",156.865,0,0,0,0,0,0,0,0,0,0,0,0,0,0,0,0,0,0,0,0,156.865,0,0,0
"MtrElec",10,12,3,"",150.495,0,0,0,0,0,0,0,0,0,0,0,0,0,0,0,0,0,0,0,0,150.495,0,0,0
"MtrElec",10,12,4,"",183.76,0,0,0,0,0,0,0,0,0,0,0,0,0,0,0,0,0,0,0,0,183.76,0,0,0
"MtrElec",10,12,5,"",162.183,0,0,0,0,0,0,0,0,0,0,0,0,0,0,0,0,0,0,0,0,162.183,0,0,0
"MtrElec",10,12,6,"",150.218,0,0,0,0,0,0,0,0,0,0,0,0,0,0,0,0,0,0,0,0,150.218,0,0,0
"MtrElec",10,12,7,"",244.789,0,0,0,0,0,0,0,0,0,0,0,0,0,0,0,0,0,0,0,0,244.789,0,0,0
"MtrElec",10,12,8,"",236.518,0,0,0,0,0,0,0,0,0,0,0,0,0,0,0,0,0,0,0,0,297.811,0,0,-61.2937
"MtrElec",10,12,9,"",188.661,0,0,0,0,0,0,0,0,0,0,0,0,0,0,0,0,0,0,0,0,366.406,0,0,-177.745
"MtrElec",10,12,10,"",212.624,0,0,0,0,0,0,0,0,0,0,0,0,0,0,0,0,0,0,0,0,316.281,0,0,-103.657
"MtrElec",10,12,11,"",210.758,0,0,0,0,0,0,0,0,0,0,0,0,0,0,0,0,0,0,0,0,368.678,0,0,-157.921
"MtrElec",10,12,12,"",0.0000078,0,0,0,0,0,0,0,0,0,0,0,0,0,0,0,0,0,0,0,0,356.299,0,120.469,-476.768
"MtrElec",10,12,13,"",0,0,0,0,0,0,0,0,0,0,0,0,0,0,0,0,0,0,0,0,0,429.878,0,155.272,-585.151
"MtrElec",10,12,14,"",-91.2747,0,0,0,0,0,0,0,0,0,0,0,0,0,0,0,0,0,0,0,0,308.819,0,221.926,-622.02
"MtrElec",10,12,15,"",-47.3222,0,0,0,0,0,0,0,0,0,0,0,0,0,0,0,0,0,0,0,0,283.331,0,221.926,-552.579
"MtrElec",10,12,16,"",0,0,0,0,0,0,0,0,0,0,0,0,0,0,0,0,0,0,0,0,0,334.062,0,46.0788,-380.141
"MtrElec",10,12,17,"",248.322,0,0,0,0,0,0,0,0,0,0,0,0,0,0,0,0,0,0,0,0,318.941,0,0,-70.6184
"MtrElec",10,12,18,"",308.354,0,0,0,0,0,0,0,0,0,0,0,0,0,0,0,0,0,0,0,0,363.929,0,0,-55.5742
"MtrElec",10,12,19,"",152.751,0,0,0,0,0,0,0,0,0,0,0,0,0,0,0,0,0,0,0,0,374.677,0,-221.926,0
"MtrElec",10,12,20,"",135.728,0,0,0,0,0,0,0,0,0,0,0,0,0,0,0,0,0,0,0,0,357.654,0,-221.926,0
"MtrElec",10,12,21,"",153.157,0,0,0,0,0,0,0,0,0,0,0,0,0,0,0,0,0,0,0,0,375.083,0,-221.926,0
"MtrElec",10,12,22,"",234.056,0,0,0,0,0,0,0,0,0,0,0,0,0,0,0,0,0,0,0,0,259.297,0,-25.2412,0
"MtrElec",10,12,23,"",300.84,0,0,0,0,0,0,0,0,0,0,0,0,0,0,0,0,0,0,0,0,300.84,0,0,0
"MtrElec",10,12,24,"",210.704,0,0,0,0,0,0,0,0,0,0,0,0,0,0,0,0,0,0,0,0,210.704,0,0,0
"MtrElec",10,13,1,"",227.775,0,0,0,0,0,0,0,0,0,0,0,0,0,0,0,0,0,0,0,0,227.775,0,0,0
"MtrElec",10,13,2,"",152.414,0,0,0,0,0,0,0,0,0,0,0,0,0,0,0,0,0,0,0,0,152.414,0,0,0
"MtrElec",10,13,3,"",148.759,0,0,0,0,0,0,0,0,0,0,0,0,0,0,0,0,0,0,0,0,148.759,0,0,0
"MtrElec",10,13,4,"",148.175,0,0,0,0,0,0,0,0,0,0,0,0,0,0,0,0,0,0,0,0,148.175,0,0,0
"MtrElec",10,13,5,"",147.214,0,0,0,0,0,0,0,0,0,0,0,0,0,0,0,0,0,0,0,0,147.214,0,0,0
"MtrElec",10,13,6,"",172.926,0,0,0,0,0,0,0,0,0,0,0,0,0,0,0,0,0,0,0,0,172.926,0,0,0
"MtrElec",10,13,7,"",239.749,0,0,0,0,0,0,0,0,0,0,0,0,0,0,0,0,0,0,0,0,239.749,0,0,0
"MtrElec",10,13,8,"",232.731,0,0,0,0,0,0,0,0,0,0,0,0,0,0,0,0,0,0,0,0,296.684,0,0,-63.9527
"MtrElec",10,13,9,"",98.8671,0,0,0,0,0,0,0,0,0,0,0,0,0,0,0,0,0,0,0,0,346.953,0,0,-248.086
"MtrElec",10,13,10,"",-22.4896,0,0,0,0,0,0,0,0,0,0,0,0,0,0,0,0,0,0,0,0,392.273,0,0,-414.763
"MtrElec",10,13,11,"",0.0000078,0,0,0,0,0,0,0,0,0,0,0,0,0,0,0,0,0,0,0,0,416.377,0,120.175,-536.551
"MtrElec",10,13,12,"",0.0000156,0,0,0,0,0,0,0,0,0,0,0,0,0,0,0,0,0,0,0,0,398.432,0,211.057,-609.489
"MtrElec",10,13,13,"",0,0,0,0,0,0,0,0,0,0,0,0,0,0,0,0,0,0,0,0,0,458.906,0,173.899,-632.804
"MtrElec",10,13,14,"",0.0000156,0,0,0,0,0,0,0,0,0,0,0,0,0,0,0,0,0,0,0,0,371.405,0,167.213,-538.617
"MtrElec",10,13,15,"",-17.9898,0,0,0,0,0,0,0,0,0,0,0,0,0,0,0,0,0,0,0,0,400.322,0,122.039,-540.352
"MtrElec",10,13,16,"",-37.6821,0,0,0,0,0,0,0,0,0,0,0,0,0,0,0,0,0,0,0,0,410.167,0,0,-447.849
"MtrElec",10,13,17,"",159.965,0,0,0,0,0,0,0,0,0,0,0,0,0,0,0,0,0,0,0,0,451.801,0,0,-291.837
"MtrElec",10,13,18,"",370.206,0,0,0,0,0,0,0,0,0,0,0,0,0,0,0,0,0,0,0,0,471.22,0,0,-101.014
"MtrElec",10,13,19,"",221.444,0,0,0,0,0,0,0,0,0,0,0,0,0,0,0,0,0,0,0,0,443.37,0,-221.926,0
"MtrElec",10,13,20,"",203.292,0,0,0,0,0,0,0,0,0,0,0,0,0,0,0,0,0,0,0,0,425.217,0,-221.926,0
"MtrElec",10,13,21,"",160.493,0,0,0,0,0,0,0,0,0,0,0,0,0,0,0,0,0,0,0,0,382.419,0,-221.926,0
"MtrElec",10,13,22,"",254.693,0,0,0,0,0,0,0,0,0,0,0,0,0,0,0,0,0,0,0,0,305.846,0,-51.1531,0
"MtrElec",10,13,23,"",267.303,0,0,0,0,0,0,0,0,0,0,0,0,0,0,0,0,0,0,0,0,267.303,0,0,0
"MtrElec",10,13,24,"",206.174,0,0,0,0,0,0,0,0,0,0,0,0,0,0,0,0,0,0,0,0,206.174,0,0,0
"MtrElec",10,14,1,"",156.467,0,0,0,0,0,0,0,0,0,0,0,0,0,0,0,0,0,0,0,0,156.467,0,0,0
"MtrElec",10,14,2,"",155.662,0,0,0,0,0,0,0,0,0,0,0,0,0,0,0,0,0,0,0,0,155.662,0,0,0
"MtrElec",10,14,3,"",151.619,0,0,0,0,0,0,0,0,0,0,0,0,0,0,0,0,0,0,0,0,151.619,0,0,0
"MtrElec",10,14,4,"",148.407,0,0,0,0,0,0,0,0,0,0,0,0,0,0,0,0,0,0,0,0,148.407,0,0,0
"MtrElec",10,14,5,"",146.257,0,0,0,0,0,0,0,0,0,0,0,0,0,0,0,0,0,0,0,0,146.257,0,0,0
"MtrElec",10,14,6,"",188.428,0,0,0,0,0,0,0,0,0,0,0,0,0,0,0,0,0,0,0,0,188.428,0,0,0
"MtrElec",10,14,7,"",242.245,0,0,0,0,0,0,0,0,0,0,0,0,0,0,0,0,0,0,0,0,242.245,0,0,0
"MtrElec",10,14,8,"",208.326,0,0,0,0,0,0,0,0,0,0,0,0,0,0,0,0,0,0,0,0,271.704,0,0,-63.3778
"MtrElec",10,14,9,"",88.1893,0,0,0,0,0,0,0,0,0,0,0,0,0,0,0,0,0,0,0,0,339.782,0,0,-251.593
"MtrElec",10,14,10,"",62.7782,0,0,0,0,0,0,0,0,0,0,0,0,0,0,0,0,0,0,0,0,478.733,0,0,-415.955
"MtrElec",10,14,11,"",0,0,0,0,0,0,0,0,0,0,0,0,0,0,0,0,0,0,0,0,0,502.192,0,27.6581,-529.85
"MtrElec",10,14,12,"",0,0,0,0,0,0,0,0,0,0,0,0,0,0,0,0,0,0,0,0,0,499.78,0,102.883,-602.662
"MtrElec",10,14,13,"",0.0000078,0,0,0,0,0,0,0,0,0,0,0,0,0,0,0,0,0,0,0,0,527.148,0,97.3716,-624.52
"MtrElec",10,14,14,"",0.0000156,0,0,0,0,0,0,0,0,0,0,0,0,0,0,0,0,0,0,0,0,466.068,0,136.735,-602.803
"MtrElec",10,14,15,"",0,0,0,0,0,0,0,0,0,0,0,0,0,0,0,0,0,0,0,0,0,512.244,0,37.5314,-549.775
"MtrElec",10,14,16,"",36.3776,0,0,0,0,0,0,0,0,0,0,0,0,0,0,0,0,0,0,0,0,484.35,0,0,-447.972
"MtrElec",10,14,17,"",258.823,0,0,0,0,0,0,0,0,0,0,0,0,0,0,0,0,0,0,0,0,548.645,0,0,-289.822
"MtrElec",10,14,18,"",413.112,0,0,0,0,0,0,0,0,0,0,0,0,0,0,0,0,0,0,0,0,510.804,0,0,-97.6924
"MtrElec",10,14,19,"",290.52,0,0,0,0,0,0,0,0,0,0,0,0,0,0,0,0,0,0,0,0,512.445,0,-221.926,0
"MtrElec",10,14,20,"",377.342,0,0,0,0,0,0,0,0,0,0,0,0,0,0,0,0,0,0,0,0,518.383,0,-141.041,0
"MtrElec",10,14,21,"",508.706,0,0,0,0,0,0,0,0,0,0,0,0,0,0,0,0,0,0,0,0,508.706,0,0,0
"MtrElec",10,14,22,"",315.561,0,0,0,0,0,0,0,0,0,0,0,0,0,0,0,0,0,0,0,0,315.561,0,0,0
"MtrElec",10,14,23,"",299.301,0,0,0,0,0,0,0,0,0,0,0,0,0,0,0,0,0,0,0,0,299.301,0,0,0
"MtrElec",10,14,24,"",214.337,0,0,0,0,0,0,0,0,0,0,0,0,0,0,0,0,0,0,0,0,214.337,0,0,0
"MtrElec",10,15,1,"",183.533,0,0,0,0,0,0,0,0,0,0,0,0,0,0,0,0,0,0,0,0,183.533,0,0,0
"MtrElec",10,15,2,"",201.65,0,0,0,0,0,0,0,0,0,0,0,0,0,0,0,0,0,0,0,0,201.65,0,0,0
"MtrElec",10,15,3,"",153.724,0,0,0,0,0,0,0,0,0,0,0,0,0,0,0,0,0,0,0,0,153.724,0,0,0
"MtrElec",10,15,4,"",152.68,0,0,0,0,0,0,0,0,0,0,0,0,0,0,0,0,0,0,0,0,152.68,0,0,0
"MtrElec",10,15,5,"",148.499,0,0,0,0,0,0,0,0,0,0,0,0,0,0,0,0,0,0,0,0,148.499,0,0,0
"MtrElec",10,15,6,"",180.966,0,0,0,0,0,0,0,0,0,0,0,0,0,0,0,0,0,0,0,0,180.966,0,0,0
"MtrElec",10,15,7,"",237.976,0,0,0,0,0,0,0,0,0,0,0,0,0,0,0,0,0,0,0,0,237.976,0,0,0
"MtrElec",10,15,8,"",282.873,0,0,0,0,0,0,0,0,0,0,0,0,0,0,0,0,0,0,0,0,345.629,0,0,-62.756
"MtrElec",10,15,9,"",149.282,0,0,0,0,0,0,0,0,0,0,0,0,0,0,0,0,0,0,0,0,393.034,0,0,-243.752
"MtrElec",10,15,10,"",106.546,0,0,0,0,0,0,0,0,0,0,0,0,0,0,0,0,0,0,0,0,513.496,0,0,-406.951
"MtrElec",10,15,11,"",121.956,0,0,0,0,0,0,0,0,0,0,0,0,0,0,0,0,0,0,0,0,582.37,0,0,-460.415
"MtrElec",10,15,12,"",0,0,0,0,0,0,0,0,0,0,0,0,0,0,0,0,0,0,0,0,0,518.765,0,66.2901,-585.055
"MtrElec",10,15,13,"",0.0000039,0,0,0,0,0,0,0,0,0,0,0,0,0,0,0,0,0,0,0,0,565.357,0,62.7504,-628.108
"MtrElec",10,15,14,"",0.0000078,0,0,0,0,0,0,0,0,0,0,0,0,0,0,0,0,0,0,0,0,515.056,0,109.918,-624.973
"MtrElec",10,15,15,"",0,0,0,0,0,0,0,0,0,0,0,0,0,0,0,0,0,0,0,0,0,540.892,0,24.655,-565.547
"MtrElec",10,15,16,"",69.0584,0,0,0,0,0,0,0,0,0,0,0,0,0,0,0,0,0,0,0,0,518.768,0,0,-449.71
"MtrElec",10,15,17,"",296.309,0,0,0,0,0,0,0,0,0,0,0,0,0,0,0,0,0,0,0,0,584.947,0,0,-288.638
"MtrElec",10,15,18,"",422.847,0,0,0,0,0,0,0,0,0,0,0,0,0,0,0,0,0,0,0,0,518.843,0,0,-95.9959
"MtrElec",10,15,19,"",280.7,0,0,0,0,0,0,0,0,0,0,0,0,0,0,0,0,0,0,0,0,502.625,0,-221.926,0
"MtrElec",10,15,20,"",466.222,0,0,0,0,0,0,0,0,0,0,0,0,0,0,0,0,0,0,0,0,482.207,0,-15.9852,0
"MtrElec",10,15,21,"",477.744,0,0,0,0,0,0,0,0,0,0,0,0,0,0,0,0,0,0,0,0,477.744,0,0,0
"MtrElec",10,15,22,"",341.201,0,0,0,0,0,0,0,0,0,0,0,0,0,0,0,0,0,0,0,0,341.201,0,0,0
"MtrElec",10,15,23,"",287.258,0,0,0,0,0,0,0,0,0,0,0,0,0,0,0,0,0,0,0,0,287.258,0,0,0
"MtrElec",10,15,24,"",214.25,0,0,0,0,0,0,0,0,0,0,0,0,0,0,0,0,0,0,0,0,214.25,0,0,0
"MtrElec",10,16,1,"",175.537,0,0,0,0,0,0,0,0,0,0,0,0,0,0,0,0,0,0,0,0,175.537,0,0,0
"MtrElec",10,16,2,"",198.331,0,0,0,0,0,0,0,0,0,0,0,0,0,0,0,0,0,0,0,0,198.331,0,0,0
"MtrElec",10,16,3,"",149.148,0,0,0,0,0,0,0,0,0,0,0,0,0,0,0,0,0,0,0,0,149.148,0,0,0
"MtrElec",10,16,4,"",149.706,0,0,0,0,0,0,0,0,0,0,0,0,0,0,0,0,0,0,0,0,149.706,0,0,0
"MtrElec",10,16,5,"",145.568,0,0,0,0,0,0,0,0,0,0,0,0,0,0,0,0,0,0,0,0,145.568,0,0,0
"MtrElec",10,16,6,"",168.807,0,0,0,0,0,0,0,0,0,0,0,0,0,0,0,0,0,0,0,0,168.807,0,0,0
"MtrElec",10,16,7,"",264.731,0,0,0,0,0,0,0,0,0,0,0,0,0,0,0,0,0,0,0,0,264.731,0,0,0
"MtrElec",10,16,8,"",259.575,0,0,0,0,0,0,0,0,0,0,0,0,0,0,0,0,0,0,0,0,324.636,0,0,-65.0607
"MtrElec",10,16,9,"",103.322,0,0,0,0,0,0,0,0,0,0,0,0,0,0,0,0,0,0,0,0,354.013,0,0,-250.691
"MtrElec",10,16,10,"",53.3578,0,0,0,0,0,0,0,0,0,0,0,0,0,0,0,0,0,0,0,0,471.493,0,0,-418.135
"MtrElec",10,16,11,"",0,0,0,0,0,0,0,0,0,0,0,0,0,0,0,0,0,0,0,0,0,493.754,0,37.8617,-531.615
"MtrElec",10,16,12,"",0,0,0,0,0,0,0,0,0,0,0,0,0,0,0,0,0,0,0,0,0,529.243,0,67.9829,-597.226
"MtrElec",10,16,13,"",0,0,0,0,0,0,0,0,0,0,0,0,0,0,0,0,0,0,0,0,0,583.981,0,33.1277,-617.109
"MtrElec",10,16,14,"",0,0,0,0,0,0,0,0,0,0,0,0,0,0,0,0,0,0,0,0,0,514.851,0,95.6635,-610.514
"MtrElec",10,16,15,"",0,0,0,0,0,0,0,0,0,0,0,0,0,0,0,0,0,0,0,0,0,528.087,0,31.6436,-559.73
"MtrElec",10,16,16,"",55.1711,0,0,0,0,0,0,0,0,0,0,0,0,0,0,0,0,0,0,0,0,500.039,0,0,-444.868
"MtrElec",10,16,17,"",279.119,0,0,0,0,0,0,0,0,0,0,0,0,0,0,0,0,0,0,0,0,561.266,0,0,-282.147
"MtrElec",10,16,18,"",459.169,0,0,0,0,0,0,0,0,0,0,0,0,0,0,0,0,0,0,0,0,550.597,0,0,-91.4274
"MtrElec",10,16,19,"",234.503,0,0,0,0,0,0,0,0,0,0,0,0,0,0,0,0,0,0,0,0,456.428,0,-221.926,0
"MtrElec",10,16,20,"",499.544,0,0,0,0,0,0,0,0,0,0,0,0,0,0,0,0,0,0,0,0,517.936,0,-18.3914,0
"MtrElec",10,16,21,"",411.521,0,0,0,0,0,0,0,0,0,0,0,0,0,0,0,0,0,0,0,0,411.521,0,0,0
"MtrElec",10,16,22,"",334.069,0,0,0,0,0,0,0,0,0,0,0,0,0,0,0,0,0,0,0,0,334.069,0,0,0
"MtrElec",10,16,23,"",323.151,0,0,0,0,0,0,0,0,0,0,0,0,0,0,0,0,0,0,0,0,323.151,0,0,0
"MtrElec",10,16,24,"",250.319,0,0,0,0,0,0,0,0,0,0,0,0,0,0,0,0,0,0,0,0,250.319,0,0,0
"MtrElec",10,17,1,"",188.091,0,0,0,0,0,0,0,0,0,0,0,0,0,0,0,0,0,0,0,0,188.091,0,0,0
"MtrElec",10,17,2,"",169.742,0,0,0,0,0,0,0,0,0,0,0,0,0,0,0,0,0,0,0,0,169.742,0,0,0
"MtrElec",10,17,3,"",193.415,0,0,0,0,0,0,0,0,0,0,0,0,0,0,0,0,0,0,0,0,193.415,0,0,0
"MtrElec",10,17,4,"",153.144,0,0,0,0,0,0,0,0,0,0,0,0,0,0,0,0,0,0,0,0,153.144,0,0,0
"MtrElec",10,17,5,"",155.222,0,0,0,0,0,0,0,0,0,0,0,0,0,0,0,0,0,0,0,0,155.222,0,0,0
"MtrElec",10,17,6,"",150.132,0,0,0,0,0,0,0,0,0,0,0,0,0,0,0,0,0,0,0,0,150.132,0,0,0
"MtrElec",10,17,7,"",225.996,0,0,0,0,0,0,0,0,0,0,0,0,0,0,0,0,0,0,0,0,225.996,0,0,0
"MtrElec",10,17,8,"",153.443,0,0,0,0,0,0,0,0,0,0,0,0,0,0,0,0,0,0,0,0,218.034,0,0,-64.5917
"MtrElec",10,17,9,"",93.6051,0,0,0,0,0,0,0,0,0,0,0,0,0,0,0,0,0,0,0,0,341.323,0,0,-247.718
"MtrElec",10,17,10,"",45.5297,0,0,0,0,0,0,0,0,0,0,0,0,0,0,0,0,0,0,0,0,456.613,0,0,-411.083
"MtrElec",10,17,11,"",43.2816,0,0,0,0,0,0,0,0,0,0,0,0,0,0,0,0,0,0,0,0,564.395,0,0,-521.114
"MtrElec",10,17,12,"",98.607,0,0,0,0,0,0,0,0,0,0,0,0,0,0,0,0,0,0,0,0,685.438,0,0,-586.831
"MtrElec",10,17,13,"",23.2896,0,0,0,0,0,0,0,0,0,0,0,0,0,0,0,0,0,0,0,0,631.338,0,0,-608.048
"MtrElec",10,17,14,"",46.7729,0,0,0,0,0,0,0,0,0,0,0,0,0,0,0,0,0,0,0,0,634.979,0,0,-588.206
"MtrElec",10,17,15,"",113.126,0,0,0,0,0,0,0,0,0,0,0,0,0,0,0,0,0,0,0,0,648.566,0,0,-535.44
"MtrElec",10,17,16,"",164.962,0,0,0,0,0,0,0,0,0,0,0,0,0,0,0,0,0,0,0,0,591.501,0,0,-426.539
"MtrElec",10,17,17,"",361.22,0,0,0,0,0,0,0,0,0,0,0,0,0,0,0,0,0,0,0,0,628.837,0,0,-267.617
"MtrElec",10,17,18,"",531.359,0,0,0,0,0,0,0,0,0,0,0,0,0,0,0,0,0,0,0,0,618.321,0,0,-86.9615
"MtrElec",10,17,19,"",624.715,0,0,0,0,0,0,0,0,0,0,0,0,0,0,0,0,0,0,0,0,624.715,0,0,0
"MtrElec",10,17,20,"",502.878,0,0,0,0,0,0,0,0,0,0,0,0,0,0,0,0,0,0,0,0,502.878,0,0,0
"MtrElec",10,17,21,"",459.445,0,0,0,0,0,0,0,0,0,0,0,0,0,0,0,0,0,0,0,0,459.445,0,0,0
"MtrElec",10,17,22,"",430.656,0,0,0,0,0,0,0,0,0,0,0,0,0,0,0,0,0,0,0,0,430.656,0,0,0
"MtrElec",10,17,23,"",300.978,0,0,0,0,0,0,0,0,0,0,0,0,0,0,0,0,0,0,0,0,300.978,0,0,0
"MtrElec",10,17,24,"",253.681,0,0,0,0,0,0,0,0,0,0,0,0,0,0,0,0,0,0,0,0,253.681,0,0,0
"MtrElec",10,18,1,"",185.769,0,0,0,0,0,0,0,0,0,0,0,0,0,0,0,0,0,0,0,0,185.769,0,0,0
"MtrElec",10,18,2,"",168.541,0,0,0,0,0,0,0,0,0,0,0,0,0,0,0,0,0,0,0,0,168.541,0,0,0
"MtrElec",10,18,3,"",167.646,0,0,0,0,0,0,0,0,0,0,0,0,0,0,0,0,0,0,0,0,167.646,0,0,0
"MtrElec",10,18,4,"",204.24,0,0,0,0,0,0,0,0,0,0,0,0,0,0,0,0,0,0,0,0,204.24,0,0,0
"MtrElec",10,18,5,"",176.98,0,0,0,0,0,0,0,0,0,0,0,0,0,0,0,0,0,0,0,0,176.98,0,0,0
"MtrElec",10,18,6,"",175.327,0,0,0,0,0,0,0,0,0,0,0,0,0,0,0,0,0,0,0,0,175.327,0,0,0
"MtrElec",10,18,7,"",192.113,0,0,0,0,0,0,0,0,0,0,0,0,0,0,0,0,0,0,0,0,192.113,0,0,0
"MtrElec",10,18,8,"",250.377,0,0,0,0,0,0,0,0,0,0,0,0,0,0,0,0,0,0,0,0,250.377,0,0,0
"MtrElec",10,18,9,"",312.542,0,0,0,0,0,0,0,0,0,0,0,0,0,0,0,0,0,0,0,0,324.333,0,0,-11.792
"MtrElec",10,18,10,"",211.348,0,0,0,0,0,0,0,0,0,0,0,0,0,0,0,0,0,0,0,0,402.54,0,0,-191.192
"MtrElec",10,18,11,"",278.43,0,0,0,0,0,0,0,0,0,0,0,0,0,0,0,0,0,0,0,0,432.571,0,0,-154.141
"MtrElec",10,18,12,"",175.497,0,0,0,0,0,0,0,0,0,0,0,0,0,0,0,0,0,0,0,0,442.005,0,0,-266.508
"MtrElec",10,18,13,"",89.579,0,0,0,0,0,0,0,0,0,0,0,0,0,0,0,0,0,0,0,0,463.454,0,0,-373.875
"MtrElec",10,18,14,"",9.93581,0,0,0,0,0,0,0,0,0,0,0,0,0,0,0,0,0,0,0,0,448.956,0,0,-439.02
"MtrElec",10,18,15,"",0.0000039,0,0,0,0,0,0,0,0,0,0,0,0,0,0,0,0,0,0,0,0,481.211,0,43.0468,-524.257
"MtrElec",10,18,16,"",57.6892,0,0,0,0,0,0,0,0,0,0,0,0,0,0,0,0,0,0,0,0,468.023,0,0,-410.334
"MtrElec",10,18,17,"",230.855,0,0,0,0,0,0,0,0,0,0,0,0,0,0,0,0,0,0,0,0,438.201,0,0,-207.345
"MtrElec",10,18,18,"",390.641,0,0,0,0,0,0,0,0,0,0,0,0,0,0,0,0,0,0,0,0,463.481,0,0,-72.8407
"MtrElec",10,18,19,"",448.762,0,0,0,0,0,0,0,0,0,0,0,0,0,0,0,0,0,0,0,0,487.612,0,-38.8497,0
"MtrElec",10,18,20,"",424.62,0,0,0,0,0,0,0,0,0,0,0,0,0,0,0,0,0,0,0,0,424.62,0,0,0
"MtrElec",10,18,21,"",392.819,0,0,0,0,0,0,0,0,0,0,0,0,0,0,0,0,0,0,0,0,392.819,0,0,0
"MtrElec",10,18,22,"",402.97,0,0,0,0,0,0,0,0,0,0,0,0,0,0,0,0,0,0,0,0,402.97,0,0,0
"MtrElec",10,18,23,"",269.495,0,0,0,0,0,0,0,0,0,0,0,0,0,0,0,0,0,0,0,0,269.495,0,0,0
"MtrElec",10,18,24,"",213.37,0,0,0,0,0,0,0,0,0,0,0,0,0,0,0,0,0,0,0,0,213.37,0,0,0
"MtrElec",10,19,1,"",185.553,0,0,0,0,0,0,0,0,0,0,0,0,0,0,0,0,0,0,0,0,185.553,0,0,0
"MtrElec",10,19,2,"",160.431,0,0,0,0,0,0,0,0,0,0,0,0,0,0,0,0,0,0,0,0,160.431,0,0,0
"MtrElec",10,19,3,"",155.727,0,0,0,0,0,0,0,0,0,0,0,0,0,0,0,0,0,0,0,0,155.727,0,0,0
"MtrElec",10,19,4,"",152.55,0,0,0,0,0,0,0,0,0,0,0,0,0,0,0,0,0,0,0,0,152.55,0,0,0
"MtrElec",10,19,5,"",148.833,0,0,0,0,0,0,0,0,0,0,0,0,0,0,0,0,0,0,0,0,148.833,0,0,0
"MtrElec",10,19,6,"",191.03,0,0,0,0,0,0,0,0,0,0,0,0,0,0,0,0,0,0,0,0,191.03,0,0,0
"MtrElec",10,19,7,"",255.843,0,0,0,0,0,0,0,0,0,0,0,0,0,0,0,0,0,0,0,0,255.843,0,0,0
"MtrElec",10,19,8,"",310.922,0,0,0,0,0,0,0,0,0,0,0,0,0,0,0,0,0,0,0,0,367.641,0,0,-56.7186
"MtrElec",10,19,9,"",189.387,0,0,0,0,0,0,0,0,0,0,0,0,0,0,0,0,0,0,0,0,421.761,0,0,-232.374
"MtrElec",10,19,10,"",105.611,0,0,0,0,0,0,0,0,0,0,0,0,0,0,0,0,0,0,0,0,507.617,0,0,-402.006
"MtrElec",10,19,11,"",3.76537,0,0,0,0,0,0,0,0,0,0,0,0,0,0,0,0,0,0,0,0,527.878,0,0,-524.113
"MtrElec",10,19,12,"",0,0,0,0,0,0,0,0,0,0,0,0,0,0,0,0,0,0,0,0,0,520.181,0,79.0305,-599.211
"MtrElec",10,19,13,"",0,0,0,0,0,0,0,0,0,0,0,0,0,0,0,0,0,0,0,0,0,549.658,0,75.3977,-625.056
"MtrElec",10,19,14,"",0.0000156,0,0,0,0,0,0,0,0,0,0,0,0,0,0,0,0,0,0,0,0,480.098,0,139.26,-619.358
"MtrElec",10,19,15,"",0.0000078,0,0,0,0,0,0,0,0,0,0,0,0,0,0,0,0,0,0,0,0,453.958,0,106.435,-560.393
"MtrElec",10,19,16,"",96.8808,0,0,0,0,0,0,0,0,0,0,0,0,0,0,0,0,0,0,0,0,492.911,0,0,-396.03
"MtrElec",10,19,17,"",409.503,0,0,0,0,0,0,0,0,0,0,0,0,0,0,0,0,0,0,0,0,509.692,0,0,-100.189
"MtrElec",10,19,18,"",497.73,0,0,0,0,0,0,0,0,0,0,0,0,0,0,0,0,0,0,0,0,519.106,0,0,-21.376
"MtrElec",10,19,19,"",241.457,0,0,0,0,0,0,0,0,0,0,0,0,0,0,0,0,0,0,0,0,463.382,0,-221.926,0
"MtrElec",10,19,20,"",332.219,0,0,0,0,0,0,0,0,0,0,0,0,0,0,0,0,0,0,0,0,471.404,0,-139.185,0
"MtrElec",10,19,21,"",452.446,0,0,0,0,0,0,0,0,0,0,0,0,0,0,0,0,0,0,0,0,452.446,0,0,0
"MtrElec",10,19,22,"",340.94,0,0,0,0,0,0,0,0,0,0,0,0,0,0,0,0,0,0,0,0,340.94,0,0,0
"MtrElec",10,19,23,"",264.578,0,0,0,0,0,0,0,0,0,0,0,0,0,0,0,0,0,0,0,0,264.578,0,0,0
"MtrElec",10,19,24,"",251.517,0,0,0,0,0,0,0,0,0,0,0,0,0,0,0,0,0,0,0,0,251.517,0,0,0
"MtrElec",10,20,1,"",176.735,0,0,0,0,0,0,0,0,0,0,0,0,0,0,0,0,0,0,0,0,176.735,0,0,0
"MtrElec",10,20,2,"",158.595,0,0,0,0,0,0,0,0,0,0,0,0,0,0,0,0,0,0,0,0,158.595,0,0,0
"MtrElec",10,20,3,"",157.58,0,0,0,0,0,0,0,0,0,0,0,0,0,0,0,0,0,0,0,0,157.58,0,0,0
"MtrElec",10,20,4,"",154.078,0,0,0,0,0,0,0,0,0,0,0,0,0,0,0,0,0,0,0,0,154.078,0,0,0
"MtrElec",10,20,5,"",150.526,0,0,0,0,0,0,0,0,0,0,0,0,0,0,0,0,0,0,0,0,150.526,0,0,0
"MtrElec",10,20,6,"",190.696,0,0,0,0,0,0,0,0,0,0,0,0,0,0,0,0,0,0,0,0,190.696,0,0,0
"MtrElec",10,20,7,"",275.041,0,0,0,0,0,0,0,0,0,0,0,0,0,0,0,0,0,0,0,0,275.041,0,0,0
"MtrElec",10,20,8,"",307.651,0,0,0,0,0,0,0,0,0,0,0,0,0,0,0,0,0,0,0,0,307.651,0,0,0
"MtrElec",10,20,9,"",351.211,0,0,0,0,0,0,0,0,0,0,0,0,0,0,0,0,0,0,0,0,363.246,0,0,-12.0351
"MtrElec",10,20,10,"",383.728,0,0,0,0,0,0,0,0,0,0,0,0,0,0,0,0,0,0,0,0,417.605,0,0,-33.8773
"MtrElec",10,20,11,"",397.289,0,0,0,0,0,0,0,0,0,0,0,0,0,0,0,0,0,0,0,0,484.176,0,0,-86.8865
"MtrElec",10,20,12,"",278.41,0,0,0,0,0,0,0,0,0,0,0,0,0,0,0,0,0,0,0,0,446.943,0,0,-168.533
"MtrElec",10,20,13,"",146.152,0,0,0,0,0,0,0,0,0,0,0,0,0,0,0,0,0,0,0,0,453.183,0,0,-307.032
"MtrElec",10,20,14,"",103.607,0,0,0,0,0,0,0,0,0,0,0,0,0,0,0,0,0,0,0,0,387.909,0,0,-284.302
"MtrElec",10,20,15,"",217.267,0,0,0,0,0,0,0,0,0,0,0,0,0,0,0,0,0,0,0,0,430.305,0,0,-213.038
"MtrElec",10,20,16,"",336.759,0,0,0,0,0,0,0,0,0,0,0,0,0,0,0,0,0,0,0,0,409.337,0,0,-72.578
"MtrElec",10,20,17,"",447.103,0,0,0,0,0,0,0,0,0,0,0,0,0,0,0,0,0,0,0,0,471.998,0,0,-24.8952
"MtrElec",10,20,18,"",463.962,0,0,0,0,0,0,0,0,0,0,0,0,0,0,0,0,0,0,0,0,474.458,0,0,-10.4957
"MtrElec",10,20,19,"",459.492,0,0,0,0,0,0,0,0,0,0,0,0,0,0,0,0,0,0,0,0,459.492,0,0,0
"MtrElec",10,20,20,"",460.209,0,0,0,0,0,0,0,0,0,0,0,0,0,0,0,0,0,0,0,0,460.209,0,0,0
"MtrElec",10,20,21,"",401.36,0,0,0,0,0,0,0,0,0,0,0,0,0,0,0,0,0,0,0,0,401.36,0,0,0
"MtrElec",10,20,22,"",320.687,0,0,0,0,0,0,0,0,0,0,0,0,0,0,0,0,0,0,0,0,320.687,0,0,0
"MtrElec",10,20,23,"",295.662,0,0,0,0,0,0,0,0,0,0,0,0,0,0,0,0,0,0,0,0,295.662,0,0,0
"MtrElec",10,20,24,"",194.534,0,0,0,0,0,0,0,0,0,0,0,0,0,0,0,0,0,0,0,0,194.534,0,0,0
"MtrElec",10,21,1,"",166.343,0,0,0,0,0,0,0,0,0,0,0,0,0,0,0,0,0,0,0,0,166.343,0,0,0
"MtrElec",10,21,2,"",192.027,0,0,0,0,0,0,0,0,0,0,0,0,0,0,0,0,0,0,0,0,192.027,0,0,0
"MtrElec",10,21,3,"",151.367,0,0,0,0,0,0,0,0,0,0,0,0,0,0,0,0,0,0,0,0,151.367,0,0,0
"MtrElec",10,21,4,"",150.673,0,0,0,0,0,0,0,0,0,0,0,0,0,0,0,0,0,0,0,0,150.673,0,0,0
"MtrElec",10,21,5,"",147.238,0,0,0,0,0,0,0,0,0,0,0,0,0,0,0,0,0,0,0,0,147.238,0,0,0
"MtrElec",10,21,6,"",167.161,0,0,0,0,0,0,0,0,0,0,0,0,0,0,0,0,0,0,0,0,167.161,0,0,0
"MtrElec",10,21,7,"",259.386,0,0,0,0,0,0,0,0,0,0,0,0,0,0,0,0,0,0,0,0,259.386,0,0,0
"MtrElec",10,21,8,"",342.555,0,0,0,0,0,0,0,0,0,0,0,0,0,0,0,0,0,0,0,0,346.622,0,0,-4.06689
"MtrElec",10,21,9,"",327.016,0,0,0,0,0,0,0,0,0,0,0,0,0,0,0,0,0,0,0,0,369.241,0,0,-42.2253
"MtrElec",10,21,10,"",331.689,0,0,0,0,0,0,0,0,0,0,0,0,0,0,0,0,0,0,0,0,463.877,0,0,-132.188
"MtrElec",10,21,11,"",172.835,0,0,0,0,0,0,0,0,0,0,0,0,0,0,0,0,0,0,0,0,451.126,0,0,-278.291
"MtrElec",10,21,12,"",85.3133,0,0,0,0,0,0,0,0,0,0,0,0,0,0,0,0,0,0,0,0,480.535,0,0,-395.222
"MtrElec",10,21,13,"",64.3348,0,0,0,0,0,0,0,0,0,0,0,0,0,0,0,0,0,0,0,0,538.286,0,0,-473.951
"MtrElec",10,21,14,"",0.0000078,0,0,0,0,0,0,0,0,0,0,0,0,0,0,0,0,0,0,0,0,416.581,0,123.624,-540.205
"MtrElec",10,21,15,"",213.557,0,0,0,0,0,0,0,0,0,0,0,0,0,0,0,0,0,0,0,0,430.598,0,0,-217.042
"MtrElec",10,21,16,"",89.602,0,0,0,0,0,0,0,0,0,0,0,0,0,0,0,0,0,0,0,0,460.69,0,0,-371.088
"MtrElec",10,21,17,"",191.875,0,0,0,0,0,0,0,0,0,0,0,0,0,0,0,0,0,0,0,0,452.153,0,0,-260.278
"MtrElec",10,21,18,"",417.986,0,0,0,0,0,0,0,0,0,0,0,0,0,0,0,0,0,0,0,0,487.885,0,0,-69.8984
"MtrElec",10,21,19,"",335.761,0,0,0,0,0,0,0,0,0,0,0,0,0,0,0,0,0,0,0,0,447.332,0,-111.571,0
"MtrElec",10,21,20,"",451.88,0,0,0,0,0,0,0,0,0,0,0,0,0,0,0,0,0,0,0,0,451.88,0,0,0
"MtrElec",10,21,21,"",459.585,0,0,0,0,0,0,0,0,0,0,0,0,0,0,0,0,0,0,0,0,459.585,0,0,0
"MtrElec",10,21,22,"",299.215,0,0,0,0,0,0,0,0,0,0,0,0,0,0,0,0,0,0,0,0,299.215,0,0,0
"MtrElec",10,21,23,"",286.874,0,0,0,0,0,0,0,0,0,0,0,0,0,0,0,0,0,0,0,0,286.874,0,0,0
"MtrElec",10,21,24,"",217.624,0,0,0,0,0,0,0,0,0,0,0,0,0,0,0,0,0,0,0,0,217.624,0,0,0
"MtrElec",10,22,1,"",205.981,0,0,0,0,0,0,0,0,0,0,0,0,0,0,0,0,0,0,0,0,205.981,0,0,0
"MtrElec",10,22,2,"",153.225,0,0,0,0,0,0,0,0,0,0,0,0,0,0,0,0,0,0,0,0,153.225,0,0,0
"MtrElec",10,22,3,"",147.48,0,0,0,0,0,0,0,0,0,0,0,0,0,0,0,0,0,0,0,0,147.48,0,0,0
"MtrElec",10,22,4,"",156.244,0,0,0,0,0,0,0,0,0,0,0,0,0,0,0,0,0,0,0,0,156.244,0,0,0
"MtrElec",10,22,5,"",148.409,0,0,0,0,0,0,0,0,0,0,0,0,0,0,0,0,0,0,0,0,148.409,0,0,0
"MtrElec",10,22,6,"",172.001,0,0,0,0,0,0,0,0,0,0,0,0,0,0,0,0,0,0,0,0,172.001,0,0,0
"MtrElec",10,22,7,"",274.394,0,0,0,0,0,0,0,0,0,0,0,0,0,0,0,0,0,0,0,0,274.394,0,0,0
"MtrElec",10,22,8,"",285.275,0,0,0,0,0,0,0,0,0,0,0,0,0,0,0,0,0,0,0,0,294.828,0,0,-9.55282
"MtrElec",10,22,9,"",211.205,0,0,0,0,0,0,0,0,0,0,0,0,0,0,0,0,0,0,0,0,323.657,0,0,-112.452
"MtrElec",10,22,10,"",250.479,0,0,0,0,0,0,0,0,0,0,0,0,0,0,0,0,0,0,0,0,407.276,0,0,-156.798
"MtrElec",10,22,11,"",225.854,0,0,0,0,0,0,0,0,0,0,0,0,0,0,0,0,0,0,0,0,442.254,0,0,-216.401
"MtrElec",10,22,12,"",108.403,0,0,0,0,0,0,0,0,0,0,0,0,0,0,0,0,0,0,0,0,389.789,0,0,-281.386
"MtrElec",10,22,13,"",149.327,0,0,0,0,0,0,0,0,0,0,0,0,0,0,0,0,0,0,0,0,416.09,0,0,-266.763
"MtrElec",10,22,14,"",13.2716,0,0,0,0,0,0,0,0,0,0,0,0,0,0,0,0,0,0,0,0,393.676,0,0,-380.404
"MtrElec",10,22,15,"",0,0,0,0,0,0,0,0,0,0,0,0,0,0,0,0,0,0,0,0,0,418.243,0,135.894,-554.137
"MtrElec",10,22,16,"",0.0000039,0,0,0,0,0,0,0,0,0,0,0,0,0,0,0,0,0,0,0,0,390.434,0,45.737,-436.171
"MtrElec",10,22,17,"",245.235,0,0,0,0,0,0,0,0,0,0,0,0,0,0,0,0,0,0,0,0,444.537,0,0,-199.302
"MtrElec",10,22,18,"",391.784,0,0,0,0,0,0,0,0,0,0,0,0,0,0,0,0,0,0,0,0,442.302,0,0,-50.5179
"MtrElec",10,22,19,"",274.169,0,0,0,0,0,0,0,0,0,0,0,0,0,0,0,0,0,0,0,0,438.091,0,-163.922,0
"MtrElec",10,22,20,"",419.652,0,0,0,0,0,0,0,0,0,0,0,0,0,0,0,0,0,0,0,0,419.652,0,0,0
"MtrElec",10,22,21,"",397.05,0,0,0,0,0,0,0,0,0,0,0,0,0,0,0,0,0,0,0,0,397.05,0,0,0
"MtrElec",10,22,22,"",314.136,0,0,0,0,0,0,0,0,0,0,0,0,0,0,0,0,0,0,0,0,314.136,0,0,0
"MtrElec",10,22,23,"",247.798,0,0,0,0,0,0,0,0,0,0,0,0,0,0,0,0,0,0,0,0,247.798,0,0,0
"MtrElec",10,22,24,"",247.613,0,0,0,0,0,0,0,0,0,0,0,0,0,0,0,0,0,0,0,0,247.613,0,0,0
"MtrElec",10,23,1,"",154.096,0,0,0,0,0,0,0,0,0,0,0,0,0,0,0,0,0,0,0,0,154.096,0,0,0
"MtrElec",10,23,2,"",153.489,0,0,0,0,0,0,0,0,0,0,0,0,0,0,0,0,0,0,0,0,153.489,0,0,0
"MtrElec",10,23,3,"",150.944,0,0,0,0,0,0,0,0,0,0,0,0,0,0,0,0,0,0,0,0,150.944,0,0,0
"MtrElec",10,23,4,"",152.103,0,0,0,0,0,0,0,0,0,0,0,0,0,0,0,0,0,0,0,0,152.103,0,0,0
"MtrElec",10,23,5,"",148.629,0,0,0,0,0,0,0,0,0,0,0,0,0,0,0,0,0,0,0,0,148.629,0,0,0
"MtrElec",10,23,6,"",188.42,0,0,0,0,0,0,0,0,0,0,0,0,0,0,0,0,0,0,0,0,188.42,0,0,0
"MtrElec",10,23,7,"",245.68,0,0,0,0,0,0,0,0,0,0,0,0,0,0,0,0,0,0,0,0,245.68,0,0,0
"MtrElec",10,23,8,"",327.078,0,0,0,0,0,0,0,0,0,0,0,0,0,0,0,0,0,0,0,0,340.808,0,0,-13.7295
"MtrElec",10,23,9,"",264.709,0,0,0,0,0,0,0,0,0,0,0,0,0,0,0,0,0,0,0,0,351.85,0,0,-87.1403
"MtrElec",10,23,10,"",65.6685,0,0,0,0,0,0,0,0,0,0,0,0,0,0,0,0,0,0,0,0,428.831,0,0,-363.162
"MtrElec",10,23,11,"",31.3877,0,0,0,0,0,0,0,0,0,0,0,0,0,0,0,0,0,0,0,0,459.363,0,0,-427.975
"MtrElec",10,23,12,"",0.0000156,0,0,0,0,0,0,0,0,0,0,0,0,0,0,0,0,0,0,0,0,457.06,0,160.303,-617.363
"MtrElec",10,23,13,"",0,0,0,0,0,0,0,0,0,0,0,0,0,0,0,0,0,0,0,0,0,476.447,0,162.929,-639.376
"MtrElec",10,23,14,"",-31.4119,0,0,0,0,0,0,0,0,0,0,0,0,0,0,0,0,0,0,0,0,364.41,0,221.926,-617.747
"MtrElec",10,23,15,"",0.0000156,0,0,0,0,0,0,0,0,0,0,0,0,0,0,0,0,0,0,0,0,395.351,0,152.744,-548.095
"MtrElec",10,23,16,"",0,0,0,0,0,0,0,0,0,0,0,0,0,0,0,0,0,0,0,0,0,358.776,0,82.1822,-440.958
"MtrElec",10,23,17,"",148.4,0,0,0,0,0,0,0,0,0,0,0,0,0,0,0,0,0,0,0,0,424.538,0,0,-276.139
"MtrElec",10,23,18,"",327.435,0,0,0,0,0,0,0,0,0,0,0,0,0,0,0,0,0,0,0,0,399.712,0,0,-72.2763
"MtrElec",10,23,19,"",217.234,0,0,0,0,0,0,0,0,0,0,0,0,0,0,0,0,0,0,0,0,439.159,0,-221.926,0
"MtrElec",10,23,20,"",252.106,0,0,0,0,0,0,0,0,0,0,0,0,0,0,0,0,0,0,0,0,474.032,0,-221.926,0
"MtrElec",10,23,21,"",137.028,0,0,0,0,0,0,0,0,0,0,0,0,0,0,0,0,0,0,0,0,358.954,0,-221.926,0
"MtrElec",10,23,22,"",255.323,0,0,0,0,0,0,0,0,0,0,0,0,0,0,0,0,0,0,0,0,293.571,0,-38.2486,0
"MtrElec",10,23,23,"",265.03,0,0,0,0,0,0,0,0,0,0,0,0,0,0,0,0,0,0,0,0,265.03,0,0,0
"MtrElec",10,23,24,"",190.854,0,0,0,0,0,0,0,0,0,0,0,0,0,0,0,0,0,0,0,0,190.854,0,0,0
"MtrElec",10,24,1,"",167.514,0,0,0,0,0,0,0,0,0,0,0,0,0,0,0,0,0,0,0,0,167.514,0,0,0
"MtrElec",10,24,2,"",153.129,0,0,0,0,0,0,0,0,0,0,0,0,0,0,0,0,0,0,0,0,153.129,0,0,0
"MtrElec",10,24,3,"",195.529,0,0,0,0,0,0,0,0,0,0,0,0,0,0,0,0,0,0,0,0,195.529,0,0,0
"MtrElec",10,24,4,"",153.951,0,0,0,0,0,0,0,0,0,0,0,0,0,0,0,0,0,0,0,0,153.951,0,0,0
"MtrElec",10,24,5,"",161.902,0,0,0,0,0,0,0,0,0,0,0,0,0,0,0,0,0,0,0,0,161.902,0,0,0
"MtrElec",10,24,6,"",155.916,0,0,0,0,0,0,0,0,0,0,0,0,0,0,0,0,0,0,0,0,155.916,0,0,0
"MtrElec",10,24,7,"",173.189,0,0,0,0,0,0,0,0,0,0,0,0,0,0,0,0,0,0,0,0,173.189,0,0,0
"MtrElec",10,24,8,"",202.689,0,0,0,0,0,0,0,0,0,0,0,0,0,0,0,0,0,0,0,0,265.269,0,0,-62.5805
"MtrElec",10,24,9,"",51.1071,0,0,0,0,0,0,0,0,0,0,0,0,0,0,0,0,0,0,0,0,302.403,0,0,-251.296
"MtrElec",10,24,10,"",-11.1106,0,0,0,0,0,0,0,0,0,0,0,0,0,0,0,0,0,0,0,0,413.19,0,0,-424.3
"MtrElec",10,24,11,"",0,0,0,0,0,0,0,0,0,0,0,0,0,0,0,0,0,0,0,0,0,436.665,0,109.229,-545.894
"MtrElec",10,24,12,"",0,0,0,0,0,0,0,0,0,0,0,0,0,0,0,0,0,0,0,0,0,539.784,0,76.0471,-615.831
"MtrElec",10,24,13,"",0,0,0,0,0,0,0,0,0,0,0,0,0,0,0,0,0,0,0,0,0,492.293,0,159.603,-651.896
"MtrElec",10,24,14,"",-28.9283,0,0,0,0,0,0,0,0,0,0,0,0,0,0,0,0,0,0,0,0,390.11,0,221.926,-640.964
"MtrElec",10,24,15,"",0,0,0,0,0,0,0,0,0,0,0,0,0,0,0,0,0,0,0,0,0,453.903,0,118.296,-572.199
"MtrElec",10,24,16,"",0,0,0,0,0,0,0,0,0,0,0,0,0,0,0,0,0,0,0,0,0,439.064,0,16.3188,-455.383
"MtrElec",10,24,17,"",151.491,0,0,0,0,0,0,0,0,0,0,0,0,0,0,0,0,0,0,0,0,432.56,0,0,-281.07
"MtrElec",10,24,18,"",398.069,0,0,0,0,0,0,0,0,0,0,0,0,0,0,0,0,0,0,0,0,470.271,0,0,-72.202
"MtrElec",10,24,19,"",205.209,0,0,0,0,0,0,0,0,0,0,0,0,0,0,0,0,0,0,0,0,427.135,0,-221.926,0
"MtrElec",10,24,20,"",164.137,0,0,0,0,0,0,0,0,0,0,0,0,0,0,0,0,0,0,0,0,386.063,0,-221.926,0
"MtrElec",10,24,21,"",157.88,0,0,0,0,0,0,0,0,0,0,0,0,0,0,0,0,0,0,0,0,347.059,0,-189.179,0
"MtrElec",10,24,22,"",282.475,0,0,0,0,0,0,0,0,0,0,0,0,0,0,0,0,0,0,0,0,282.475,0,0,0
"MtrElec",10,24,23,"",244.823,0,0,0,0,0,0,0,0,0,0,0,0,0,0,0,0,0,0,0,0,244.823,0,0,0
"MtrElec",10,24,24,"",190.896,0,0,0,0,0,0,0,0,0,0,0,0,0,0,0,0,0,0,0,0,190.896,0,0,0
"MtrElec",10,25,1,"",161.896,0,0,0,0,0,0,0,0,0,0,0,0,0,0,0,0,0,0,0,0,161.896,0,0,0
"MtrElec",10,25,2,"",153.767,0,0,0,0,0,0,0,0,0,0,0,0,0,0,0,0,0,0,0,0,153.767,0,0,0
"MtrElec",10,25,3,"",152.028,0,0,0,0,0,0,0,0,0,0,0,0,0,0,0,0,0,0,0,0,152.028,0,0,0
"MtrElec",10,25,4,"",189.64,0,0,0,0,0,0,0,0,0,0,0,0,0,0,0,0,0,0,0,0,189.64,0,0,0
"MtrElec",10,25,5,"",161.635,0,0,0,0,0,0,0,0,0,0,0,0,0,0,0,0,0,0,0,0,161.635,0,0,0
"MtrElec",10,25,6,"",152.962,0,0,0,0,0,0,0,0,0,0,0,0,0,0,0,0,0,0,0,0,152.962,0,0,0
"MtrElec",10,25,7,"",162.17,0,0,0,0,0,0,0,0,0,0,0,0,0,0,0,0,0,0,0,0,162.17,0,0,0
"MtrElec",10,25,8,"",174.14,0,0,0,0,0,0,0,0,0,0,0,0,0,0,0,0,0,0,0,0,233.23,0,0,-59.0907
"MtrElec",10,25,9,"",65.9429,0,0,0,0,0,0,0,0,0,0,0,0,0,0,0,0,0,0,0,0,304.672,0,0,-238.729
"MtrElec",10,25,10,"",-54.8102,0,0,0,0,0,0,0,0,0,0,0,0,0,0,0,0,0,0,0,0,355.627,0,0,-410.437
"MtrElec",10,25,11,"",0,0,0,0,0,0,0,0,0,0,0,0,0,0,0,0,0,0,0,0,0,376.089,0,161.211,-537.301
"MtrElec",10,25,12,"",0,0,0,0,0,0,0,0,0,0,0,0,0,0,0,0,0,0,0,0,0,400.363,0,203.653,-604.016
"MtrElec",10,25,13,"",-6.84884,0,0,0,0,0,0,0,0,0,0,0,0,0,0,0,0,0,0,0,0,406.577,0,221.926,-635.352
"MtrElec",10,25,14,"",-11.4706,0,0,0,0,0,0,0,0,0,0,0,0,0,0,0,0,0,0,0,0,403.428,0,207.592,-622.49
"MtrElec",10,25,15,"",-120.659,0,0,0,0,0,0,0,0,0,0,0,0,0,0,0,0,0,0,0,0,426.951,0,0,-547.61
"MtrElec",10,25,16,"",-50.1669,0,0,0,0,0,0,0,0,0,0,0,0,0,0,0,0,0,0,0,0,376.584,0,0,-426.751
"MtrElec",10,25,17,"",171.023,0,0,0,0,0,0,0,0,0,0,0,0,0,0,0,0,0,0,0,0,432.362,0,0,-261.339
"MtrElec",10,25,18,"",344.656,0,0,0,0,0,0,0,0,0,0,0,0,0,0,0,0,0,0,0,0,411.395,0,0,-66.7392
"MtrElec",10,25,19,"",194.263,0,0,0,0,0,0,0,0,0,0,0,0,0,0,0,0,0,0,0,0,416.189,0,-221.926,0
"MtrElec",10,25,20,"",137.369,0,0,0,0,0,0,0,0,0,0,0,0,0,0,0,0,0,0,0,0,359.295,0,-221.926,0
"MtrElec",10,25,21,"",101.27,0,0,0,0,0,0,0,0,0,0,0,0,0,0,0,0,0,0,0,0,323.196,0,-221.926,0
"MtrElec",10,25,22,"",300.12,0,0,0,0,0,0,0,0,0,0,0,0,0,0,0,0,0,0,0,0,351.273,0,-51.1531,0
"MtrElec",10,25,23,"",254.575,0,0,0,0,0,0,0,0,0,0,0,0,0,0,0,0,0,0,0,0,254.575,0,0,0
"MtrElec",10,25,24,"",222.099,0,0,0,0,0,0,0,0,0,0,0,0,0,0,0,0,0,0,0,0,222.099,0,0,0
"MtrElec",10,26,1,"",168.299,0,0,0,0,0,0,0,0,0,0,0,0,0,0,0,0,0,0,0,0,168.299,0,0,0
"MtrElec",10,26,2,"",153.819,0,0,0,0,0,0,0,0,0,0,0,0,0,0,0,0,0,0,0,0,153.819,0,0,0
"MtrElec",10,26,3,"",152.017,0,0,0,0,0,0,0,0,0,0,0,0,0,0,0,0,0,0,0,0,152.017,0,0,0
"MtrElec",10,26,4,"",151.474,0,0,0,0,0,0,0,0,0,0,0,0,0,0,0,0,0,0,0,0,151.474,0,0,0
"MtrElec",10,26,5,"",187.843,0,0,0,0,0,0,0,0,0,0,0,0,0,0,0,0,0,0,0,0,187.843,0,0,0
"MtrElec",10,26,6,"",153.497,0,0,0,0,0,0,0,0,0,0,0,0,0,0,0,0,0,0,0,0,153.497,0,0,0
"MtrElec",10,26,7,"",227.458,0,0,0,0,0,0,0,0,0,0,0,0,0,0,0,0,0,0,0,0,227.458,0,0,0
"MtrElec",10,26,8,"",237.517,0,0,0,0,0,0,0,0,0,0,0,0,0,0,0,0,0,0,0,0,294.379,0,0,-56.8616
"MtrElec",10,26,9,"",162.704,0,0,0,0,0,0,0,0,0,0,0,0,0,0,0,0,0,0,0,0,402.912,0,0,-240.208
"MtrElec",10,26,10,"",-2.73772,0,0,0,0,0,0,0,0,0,0,0,0,0,0,0,0,0,0,0,0,406.748,0,0,-409.485
"MtrElec",10,26,11,"",0.0000039,0,0,0,0,0,0,0,0,0,0,0,0,0,0,0,0,0,0,0,0,464.884,0,61.9542,-526.838
"MtrElec",10,26,12,"",0,0,0,0,0,0,0,0,0,0,0,0,0,0,0,0,0,0,0,0,0,492.966,0,103.781,-596.746
"MtrElec",10,26,13,"",0,0,0,0,0,0,0,0,0,0,0,0,0,0,0,0,0,0,0,0,0,536.719,0,79.5234,-616.243
"MtrElec",10,26,14,"",0.0000156,0,0,0,0,0,0,0,0,0,0,0,0,0,0,0,0,0,0,0,0,449.659,0,145.4,-595.058
"MtrElec",10,26,15,"",0.0000039,0,0,0,0,0,0,0,0,0,0,0,0,0,0,0,0,0,0,0,0,486.042,0,47.0284,-533.071
"MtrElec",10,26,16,"",104.622,0,0,0,0,0,0,0,0,0,0,0,0,0,0,0,0,0,0,0,0,521.761,0,0,-417.138
"MtrElec",10,26,17,"",270.634,0,0,0,0,0,0,0,0,0,0,0,0,0,0,0,0,0,0,0,0,526.787,0,0,-256.153
"MtrElec",10,26,18,"",501.944,0,0,0,0,0,0,0,0,0,0,0,0,0,0,0,0,0,0,0,0,567.558,0,0,-65.6143
"MtrElec",10,26,19,"",288.1,0,0,0,0,0,0,0,0,0,0,0,0,0,0,0,0,0,0,0,0,510.026,0,-221.926,0
"MtrElec",10,26,20,"",300.867,0,0,0,0,0,0,0,0,0,0,0,0,0,0,0,0,0,0,0,0,473.953,0,-173.086,0
"MtrElec",10,26,21,"",441.036,0,0,0,0,0,0,0,0,0,0,0,0,0,0,0,0,0,0,0,0,441.036,0,0,0
"MtrElec",10,26,22,"",310.067,0,0,0,0,0,0,0,0,0,0,0,0,0,0,0,0,0,0,0,0,310.067,0,0,0
"MtrElec",10,26,23,"",248.06,0,0,0,0,0,0,0,0,0,0,0,0,0,0,0,0,0,0,0,0,248.06,0,0,0
"MtrElec",10,26,24,"",185.809,0,0,0,0,0,0,0,0,0,0,0,0,0,0,0,0,0,0,0,0,185.809,0,0,0
"MtrElec",10,27,1,"",199.736,0,0,0,0,0,0,0,0,0,0,0,0,0,0,0,0,0,0,0,0,199.736,0,0,0
"MtrElec",10,27,2,"",154.873,0,0,0,0,0,0,0,0,0,0,0,0,0,0,0,0,0,0,0,0,154.873,0,0,0
"MtrElec",10,27,3,"",149.631,0,0,0,0,0,0,0,0,0,0,0,0,0,0,0,0,0,0,0,0,149.631,0,0,0
"MtrElec",10,27,4,"",148.53,0,0,0,0,0,0,0,0,0,0,0,0,0,0,0,0,0,0,0,0,148.53,0,0,0
"MtrElec",10,27,5,"",144.431,0,0,0,0,0,0,0,0,0,0,0,0,0,0,0,0,0,0,0,0,144.431,0,0,0
"MtrElec",10,27,6,"",153.128,0,0,0,0,0,0,0,0,0,0,0,0,0,0,0,0,0,0,0,0,153.128,0,0,0
"MtrElec",10,27,7,"",233.504,0,0,0,0,0,0,0,0,0,0,0,0,0,0,0,0,0,0,0,0,233.504,0,0,0
"MtrElec",10,27,8,"",275.719,0,0,0,0,0,0,0,0,0,0,0,0,0,0,0,0,0,0,0,0,331.721,0,0,-56.0026
"MtrElec",10,27,9,"",93.8791,0,0,0,0,0,0,0,0,0,0,0,0,0,0,0,0,0,0,0,0,330.037,0,0,-236.158
"MtrElec",10,27,10,"",23.088,0,0,0,0,0,0,0,0,0,0,0,0,0,0,0,0,0,0,0,0,431.373,0,0,-408.285
"MtrElec",10,27,11,"",0.0000010,0,0,0,0,0,0,0,0,0,0,0,0,0,0,0,0,0,0,0,0,508.784,0,14.2016,-522.986
"MtrElec",10,27,12,"",0.0000039,0,0,0,0,0,0,0,0,0,0,0,0,0,0,0,0,0,0,0,0,535.324,0,54.9778,-590.302
"MtrElec",10,27,13,"",0.0000039,0,0,0,0,0,0,0,0,0,0,0,0,0,0,0,0,0,0,0,0,550.614,0,61.5971,-612.211
"MtrElec",10,27,14,"",0,0,0,0,0,0,0,0,0,0,0,0,0,0,0,0,0,0,0,0,0,465.15,0,124.12,-589.27
"MtrElec",10,27,15,"",0,0,0,0,0,0,0,0,0,0,0,0,0,0,0,0,0,0,0,0,0,521.904,0,2.37175,-524.276
"MtrElec",10,27,16,"",126.618,0,0,0,0,0,0,0,0,0,0,0,0,0,0,0,0,0,0,0,0,548.921,0,0,-422.303
"MtrElec",10,27,17,"",286.705,0,0,0,0,0,0,0,0,0,0,0,0,0,0,0,0,0,0,0,0,549.266,0,0,-262.561
"MtrElec",10,27,18,"",475.642,0,0,0,0,0,0,0,0,0,0,0,0,0,0,0,0,0,0,0,0,540.619,0,0,-64.9773
"MtrElec",10,27,19,"",263.472,0,0,0,0,0,0,0,0,0,0,0,0,0,0,0,0,0,0,0,0,485.397,0,-221.926,0
"MtrElec",10,27,20,"",449.95,0,0,0,0,0,0,0,0,0,0,0,0,0,0,0,0,0,0,0,0,460.209,0,-10.2592,0
"MtrElec",10,27,21,"",459.049,0,0,0,0,0,0,0,0,0,0,0,0,0,0,0,0,0,0,0,0,459.049,0,0,0
"MtrElec",10,27,22,"",330.456,0,0,0,0,0,0,0,0,0,0,0,0,0,0,0,0,0,0,0,0,330.456,0,0,0
"MtrElec",10,27,23,"",292.373,0,0,0,0,0,0,0,0,0,0,0,0,0,0,0,0,0,0,0,0,292.373,0,0,0
"MtrElec",10,27,24,"",238.889,0,0,0,0,0,0,0,0,0,0,0,0,0,0,0,0,0,0,0,0,238.889,0,0,0
"MtrElec",10,28,1,"",172.984,0,0,0,0,0,0,0,0,0,0,0,0,0,0,0,0,0,0,0,0,172.984,0,0,0
"MtrElec",10,28,2,"",157.583,0,0,0,0,0,0,0,0,0,0,0,0,0,0,0,0,0,0,0,0,157.583,0,0,0
"MtrElec",10,28,3,"",152.571,0,0,0,0,0,0,0,0,0,0,0,0,0,0,0,0,0,0,0,0,152.571,0,0,0
"MtrElec",10,28,4,"",151.938,0,0,0,0,0,0,0,0,0,0,0,0,0,0,0,0,0,0,0,0,151.938,0,0,0
"MtrElec",10,28,5,"",150.066,0,0,0,0,0,0,0,0,0,0,0,0,0,0,0,0,0,0,0,0,150.066,0,0,0
"MtrElec",10,28,6,"",207.831,0,0,0,0,0,0,0,0,0,0,0,0,0,0,0,0,0,0,0,0,207.831,0,0,0
"MtrElec",10,28,7,"",197.612,0,0,0,0,0,0,0,0,0,0,0,0,0,0,0,0,0,0,0,0,197.612,0,0,0
"MtrElec",10,28,8,"",263.215,0,0,0,0,0,0,0,0,0,0,0,0,0,0,0,0,0,0,0,0,318.861,0,0,-55.646
"MtrElec",10,28,9,"",119.95,0,0,0,0,0,0,0,0,0,0,0,0,0,0,0,0,0,0,0,0,357.415,0,0,-237.465
"MtrElec",10,28,10,"",-0.666125,0,0,0,0,0,0,0,0,0,0,0,0,0,0,0,0,0,0,0,0,407.399,0,0,-408.065
"MtrElec",10,28,11,"",0,0,0,0,0,0,0,0,0,0,0,0,0,0,0,0,0,0,0,0,0,483.599,0,47.0034,-530.603
"MtrElec",10,28,12,"",0.0000156,0,0,0,0,0,0,0,0,0,0,0,0,0,0,0,0,0,0,0,0,460.107,0,141.773,-601.88
"MtrElec",10,28,13,"",0.0000078,0,0,0,0,0,0,0,0,0,0,0,0,0,0,0,0,0,0,0,0,525.333,0,99.53,-624.863
"MtrElec",10,28,14,"",0,0,0,0,0,0,0,0,0,0,0,0,0,0,0,0,0,0,0,0,0,458.09,0,152.685,-610.775
"MtrElec",10,28,15,"",0,0,0,0,0,0,0,0,0,0,0,0,0,0,0,0,0,0,0,0,0,474.13,0,63.3551,-537.486
"MtrElec",10,28,16,"",32.413,0,0,0,0,0,0,0,0,0,0,0,0,0,0,0,0,0,0,0,0,450.256,0,0,-417.843
"MtrElec",10,28,17,"",243.307,0,0,0,0,0,0,0,0,0,0,0,0,0,0,0,0,0,0,0,0,504.857,0,0,-261.549
"MtrElec",10,28,18,"",425.312,0,0,0,0,0,0,0,0,0,0,0,0,0,0,0,0,0,0,0,0,490.383,0,0,-65.0702
"MtrElec",10,28,19,"",203.694,0,0,0,0,0,0,0,0,0,0,0,0,0,0,0,0,0,0,0,0,425.62,0,-221.926,0
"MtrElec",10,28,20,"",267.447,0,0,0,0,0,0,0,0,0,0,0,0,0,0,0,0,0,0,0,0,489.373,0,-221.926,0
"MtrElec",10,28,21,"",467.675,0,0,0,0,0,0,0,0,0,0,0,0,0,0,0,0,0,0,0,0,478.996,0,-11.3215,0
"MtrElec",10,28,22,"",287.34,0,0,0,0,0,0,0,0,0,0,0,0,0,0,0,0,0,0,0,0,287.34,0,0,0
"MtrElec",10,28,23,"",283.479,0,0,0,0,0,0,0,0,0,0,0,0,0,0,0,0,0,0,0,0,283.479,0,0,0
"MtrElec",10,28,24,"",203.803,0,0,0,0,0,0,0,0,0,0,0,0,0,0,0,0,0,0,0,0,203.803,0,0,0
"MtrElec",10,29,1,"",160.326,0,0,0,0,0,0,0,0,0,0,0,0,0,0,0,0,0,0,0,0,160.326,0,0,0
"MtrElec",10,29,2,"",191.246,0,0,0,0,0,0,0,0,0,0,0,0,0,0,0,0,0,0,0,0,191.246,0,0,0
"MtrElec",10,29,3,"",151.322,0,0,0,0,0,0,0,0,0,0,0,0,0,0,0,0,0,0,0,0,151.322,0,0,0
"MtrElec",10,29,4,"",162.228,0,0,0,0,0,0,0,0,0,0,0,0,0,0,0,0,0,0,0,0,162.228,0,0,0
"MtrElec",10,29,5,"",167.452,0,0,0,0,0,0,0,0,0,0,0,0,0,0,0,0,0,0,0,0,167.452,0,0,0
"MtrElec",10,29,6,"",166.612,0,0,0,0,0,0,0,0,0,0,0,0,0,0,0,0,0,0,0,0,166.612,0,0,0
"MtrElec",10,29,7,"",272.897,0,0,0,0,0,0,0,0,0,0,0,0,0,0,0,0,0,0,0,0,272.897,0,0,0
"MtrElec",10,29,8,"",285.574,0,0,0,0,0,0,0,0,0,0,0,0,0,0,0,0,0,0,0,0,340.624,0,0,-55.0506
"MtrElec",10,29,9,"",116.605,0,0,0,0,0,0,0,0,0,0,0,0,0,0,0,0,0,0,0,0,351.447,0,0,-234.842
"MtrElec",10,29,10,"",32.1535,0,0,0,0,0,0,0,0,0,0,0,0,0,0,0,0,0,0,0,0,440.794,0,0,-408.64
"MtrElec",10,29,11,"",0,0,0,0,0,0,0,0,0,0,0,0,0,0,0,0,0,0,0,0,0,479.194,0,46.4043,-525.598
"MtrElec",10,29,12,"",0,0,0,0,0,0,0,0,0,0,0,0,0,0,0,0,0,0,0,0,0,464.809,0,132.892,-597.701
"MtrElec",10,29,13,"",0.0000078,0,0,0,0,0,0,0,0,0,0,0,0,0,0,0,0,0,0,0,0,509.501,0,110.055,-619.556
"MtrElec",10,29,14,"",0.0000078,0,0,0,0,0,0,0,0,0,0,0,0,0,0,0,0,0,0,0,0,473.796,0,122.681,-596.477
"MtrElec",10,29,15,"",0,0,0,0,0,0,0,0,0,0,0,0,0,0,0,0,0,0,0,0,0,442.012,0,98.6471,-540.659
"MtrElec",10,29,16,"",51.7853,0,0,0,0,0,0,0,0,0,0,0,0,0,0,0,0,0,0,0,0,482.33,0,0,-430.544
"MtrElec",10,29,17,"",201.958,0,0,0,0,0,0,0,0,0,0,0,0,0,0,0,0,0,0,0,0,465.87,0,0,-263.912
"MtrElec",10,29,18,"",428.13,0,0,0,0,0,0,0,0,0,0,0,0,0,0,0,0,0,0,0,0,492.515,0,0,-64.3851
"MtrElec",10,29,19,"",241.46,0,0,0,0,0,0,0,0,0,0,0,0,0,0,0,0,0,0,0,0,463.386,0,-221.926,0
"MtrElec",10,29,20,"",253.982,0,0,0,0,0,0,0,0,0,0,0,0,0,0,0,0,0,0,0,0,475.908,0,-221.926,0
"MtrElec",10,29,21,"",404.031,0,0,0,0,0,0,0,0,0,0,0,0,0,0,0,0,0,0,0,0,421.068,0,-17.0373,0
"MtrElec",10,29,22,"",298.473,0,0,0,0,0,0,0,0,0,0,0,0,0,0,0,0,0,0,0,0,298.473,0,0,0
"MtrElec",10,29,23,"",263.922,0,0,0,0,0,0,0,0,0,0,0,0,0,0,0,0,0,0,0,0,263.922,0,0,0
"MtrElec",10,29,24,"",198.764,0,0,0,0,0,0,0,0,0,0,0,0,0,0,0,0,0,0,0,0,198.764,0,0,0
"MtrElec",10,30,1,"",174.268,0,0,0,0,0,0,0,0,0,0,0,0,0,0,0,0,0,0,0,0,174.268,0,0,0
"MtrElec",10,30,2,"",151.302,0,0,0,0,0,0,0,0,0,0,0,0,0,0,0,0,0,0,0,0,151.302,0,0,0
"MtrElec",10,30,3,"",188.542,0,0,0,0,0,0,0,0,0,0,0,0,0,0,0,0,0,0,0,0,188.542,0,0,0
"MtrElec",10,30,4,"",151.42,0,0,0,0,0,0,0,0,0,0,0,0,0,0,0,0,0,0,0,0,151.42,0,0,0
"MtrElec",10,30,5,"",149.989,0,0,0,0,0,0,0,0,0,0,0,0,0,0,0,0,0,0,0,0,149.989,0,0,0
"MtrElec",10,30,6,"",150.697,0,0,0,0,0,0,0,0,0,0,0,0,0,0,0,0,0,0,0,0,150.697,0,0,0
"MtrElec",10,30,7,"",289.353,0,0,0,0,0,0,0,0,0,0,0,0,0,0,0,0,0,0,0,0,289.353,0,0,0
"MtrElec",10,30,8,"",255.787,0,0,0,0,0,0,0,0,0,0,0,0,0,0,0,0,0,0,0,0,309.817,0,0,-54.0296
"MtrElec",10,30,9,"",117.711,0,0,0,0,0,0,0,0,0,0,0,0,0,0,0,0,0,0,0,0,352.119,0,0,-234.408
"MtrElec",10,30,10,"",7.97441,0,0,0,0,0,0,0,0,0,0,0,0,0,0,0,0,0,0,0,0,418.741,0,0,-410.767
"MtrElec",10,30,11,"",0,0,0,0,0,0,0,0,0,0,0,0,0,0,0,0,0,0,0,0,0,454.903,0,72.9954,-527.898
"MtrElec",10,30,12,"",0.0000156,0,0,0,0,0,0,0,0,0,0,0,0,0,0,0,0,0,0,0,0,453.484,0,145.45,-598.934
"MtrElec",10,30,13,"",0,0,0,0,0,0,0,0,0,0,0,0,0,0,0,0,0,0,0,0,0,465.989,0,173.016,-639.005
"MtrElec",10,30,14,"",0.0000156,0,0,0,0,0,0,0,0,0,0,0,0,0,0,0,0,0,0,0,0,401.629,0,221.719,-623.349
"MtrElec",10,30,15,"",0,0,0,0,0,0,0,0,0,0,0,0,0,0,0,0,0,0,0,0,0,402.619,0,151.781,-554.4
"MtrElec",10,30,16,"",0.0000005,0,0,0,0,0,0,0,0,0,0,0,0,0,0,0,0,0,0,0,0,430.626,0,5.54091,-436.167
"MtrElec",10,30,17,"",150.786,0,0,0,0,0,0,0,0,0,0,0,0,0,0,0,0,0,0,0,0,413.667,0,0,-262.881
"MtrElec",10,30,18,"",391.914,0,0,0,0,0,0,0,0,0,0,0,0,0,0,0,0,0,0,0,0,455.76,0,0,-63.8461
"MtrElec",10,30,19,"",192.451,0,0,0,0,0,0,0,0,0,0,0,0,0,0,0,0,0,0,0,0,414.377,0,-221.926,0
"MtrElec",10,30,20,"",195.219,0,0,0,0,0,0,0,0,0,0,0,0,0,0,0,0,0,0,0,0,417.144,0,-221.926,0
"MtrElec",10,30,21,"",203.039,0,0,0,0,0,0,0,0,0,0,0,0,0,0,0,0,0,0,0,0,424.965,0,-221.926,0
"MtrElec",10,30,22,"",277.689,0,0,0,0,0,0,0,0,0,0,0,0,0,0,0,0,0,0,0,0,307.29,0,-29.6014,0
"MtrElec",10,30,23,"",240.195,0,0,0,0,0,0,0,0,0,0,0,0,0,0,0,0,0,0,0,0,240.195,0,0,0
"MtrElec",10,30,24,"",246.561,0,0,0,0,0,0,0,0,0,0,0,0,0,0,0,0,0,0,0,0,246.561,0,0,0
"MtrElec",10,31,1,"",168.199,0,0,0,0,0,0,0,0,0,0,0,0,0,0,0,0,0,0,0,0,168.199,0,0,0
"MtrElec",10,31,2,"",153.045,0,0,0,0,0,0,0,0,0,0,0,0,0,0,0,0,0,0,0,0,153.045,0,0,0
"MtrElec",10,31,3,"",149.155,0,0,0,0,0,0,0,0,0,0,0,0,0,0,0,0,0,0,0,0,149.155,0,0,0
"MtrElec",10,31,4,"",149.807,0,0,0,0,0,0,0,0,0,0,0,0,0,0,0,0,0,0,0,0,149.807,0,0,0
"MtrElec",10,31,5,"",214.665,0,0,0,0,0,0,0,0,0,0,0,0,0,0,0,0,0,0,0,0,214.665,0,0,0
"MtrElec",10,31,6,"",153.465,0,0,0,0,0,0,0,0,0,0,0,0,0,0,0,0,0,0,0,0,153.465,0,0,0
"MtrElec",10,31,7,"",177.514,0,0,0,0,0,0,0,0,0,0,0,0,0,0,0,0,0,0,0,0,177.514,0,0,0
"MtrElec",10,31,8,"",238.281,0,0,0,0,0,0,0,0,0,0,0,0,0,0,0,0,0,0,0,0,248.112,0,0,-9.83109
"MtrElec",10,31,9,"",212.683,0,0,0,0,0,0,0,0,0,0,0,0,0,0,0,0,0,0,0,0,288.065,0,0,-75.3822
"MtrElec",10,31,10,"",223.801,0,0,0,0,0,0,0,0,0,0,0,0,0,0,0,0,0,0,0,0,385.326,0,0,-161.525
"MtrElec",10,31,11,"",0.0626875,0,0,0,0,0,0,0,0,0,0,0,0,0,0,0,0,0,0,0,0,498.343,0,0,-498.28
"MtrElec",10,31,12,"",0.0000156,0,0,0,0,0,0,0,0,0,0,0,0,0,0,0,0,0,0,0,0,424.982,0,191.418,-616.4
"MtrElec",10,31,13,"",0.0000156,0,0,0,0,0,0,0,0,0,0,0,0,0,0,0,0,0,0,0,0,453.156,0,173.555,-626.711
"MtrElec",10,31,14,"",0.0000078,0,0,0,0,0,0,0,0,0,0,0,0,0,0,0,0,0,0,0,0,454.821,0,117.041,-571.862
"MtrElec",10,31,15,"",0,0,0,0,0,0,0,0,0,0,0,0,0,0,0,0,0,0,0,0,0,469.545,0,5.91828,-475.463
"MtrElec",10,31,16,"",65.5398,0,0,0,0,0,0,0,0,0,0,0,0,0,0,0,0,0,0,0,0,432.496,0,0,-366.956
"MtrElec",10,31,17,"",243.45,0,0,0,0,0,0,0,0,0,0,0,0,0,0,0,0,0,0,0,0,448.243,0,0,-204.793
"MtrElec",10,31,18,"",407.778,0,0,0,0,0,0,0,0,0,0,0,0,0,0,0,0,0,0,0,0,464.321,0,0,-56.5429
"MtrElec",10,31,19,"",213.255,0,0,0,0,0,0,0,0,0,0,0,0,0,0,0,0,0,0,0,0,435.181,0,-221.926,0
"MtrElec",10,31,20,"",219.399,0,0,0,0,0,0,0,0,0,0,0,0,0,0,0,0,0,0,0,0,437.832,0,-218.433,0
"MtrElec",10,31,21,"",385.906,0,0,0,0,0,0,0,0,0,0,0,0,0,0,0,0,0,0,0,0,385.906,0,0,0
"MtrElec",10,31,22,"",304.303,0,0,0,0,0,0,0,0,0,0,0,0,0,0,0,0,0,0,0,0,304.303,0,0,0
"MtrElec",10,31,23,"",255.005,0,0,0,0,0,0,0,0,0,0,0,0,0,0,0,0,0,0,0,0,255.005,0,0,0
"MtrElec",10,31,24,"",260.47,0,0,0,0,0,0,0,0,0,0,0,0,0,0,0,0,0,0,0,0,260.47,0,0,0
"MtrElec",11,1,1,"",171.147,0,0,0,0,0,0,0,0,0,0,0,0,0,0,0,0,0,0,0,0,171.147,0,0,0
"MtrElec",11,1,2,"",152.578,0,0,0,0,0,0,0,0,0,0,0,0,0,0,0,0,0,0,0,0,152.578,0,0,0
"MtrElec",11,1,3,"",152.972,0,0,0,0,0,0,0,0,0,0,0,0,0,0,0,0,0,0,0,0,152.972,0,0,0
"MtrElec",11,1,3,"",152.621,0,0,0,0,0,0,0,0,0,0,0,0,0,0,0,0,0,0,0,0,152.621,0,0,0
"MtrElec",11,1,4,"",152.71,0,0,0,0,0,0,0,0,0,0,0,0,0,0,0,0,0,0,0,0,152.71,0,0,0
"MtrElec",11,1,5,"",163.278,0,0,0,0,0,0,0,0,0,0,0,0,0,0,0,0,0,0,0,0,163.278,0,0,0
"MtrElec",11,1,6,"",155.135,0,0,0,0,0,0,0,0,0,0,0,0,0,0,0,0,0,0,0,0,155.135,0,0,0
"MtrElec",11,1,7,"",188.973,0,0,0,0,0,0,0,0,0,0,0,0,0,0,0,0,0,0,0,0,204.832,0,0,-15.8588
"MtrElec",11,1,8,"",113.054,0,0,0,0,0,0,0,0,0,0,0,0,0,0,0,0,0,0,0,0,233.791,0,0,-120.737
"MtrElec",11,1,9,"",-37.7458,0,0,0,0,0,0,0,0,0,0,0,0,0,0,0,0,0,0,0,0,278.181,0,0,-315.927
"MtrElec",11,1,10,"",-131.983,0,0,0,0,0,0,0,0,0,0,0,0,0,0,0,0,0,0,0,0,375.011,0,0,-506.995
"MtrElec",11,1,11,"",0,0,0,0,0,0,0,0,0,0,0,0,0,0,0,0,0,0,0,0,0,432.963,0,157.186,-590.149
"MtrElec",11,1,12,"",0,0,0,0,0,0,0,0,0,0,0,0,0,0,0,0,0,0,0,0,0,506.297,0,91.5905,-597.887
"MtrElec",11,1,13,"",0,0,0,0,0,0,0,0,0,0,0,0,0,0,0,0,0,0,0,0,0,453.743,0,66.4671,-520.21
"MtrElec",11,1,14,"",50.5074,0,0,0,0,0,0,0,0,0,0,0,0,0,0,0,0,0,0,0,0,491.027,0,0,-440.52
"MtrElec",11,1,15,"",131.56,0,0,0,0,0,0,0,0,0,0,0,0,0,0,0,0,0,0,0,0,438.931,0,0,-307.371
"MtrElec",11,1,16,"",223.626,0,0,0,0,0,0,0,0,0,0,0,0,0,0,0,0,0,0,0,0,436.123,0,0,-212.496
"MtrElec",11,1,17,"",341.955,0,0,0,0,0,0,0,0,0,0,0,0,0,0,0,0,0,0,0,0,384.528,0,0,-42.5726
"MtrElec",11,1,18,"",376.219,0,0,0,0,0,0,0,0,0,0,0,0,0,0,0,0,0,0,0,0,376.219,0,0,0
"MtrElec",11,1,19,"",174.111,0,0,0,0,0,0,0,0,0,0,0,0,0,0,0,0,0,0,0,0,396.037,0,-221.926,0
"MtrElec",11,1,20,"",316.934,0,0,0,0,0,0,0,0,0,0,0,0,0,0,0,0,0,0,0,0,379.515,0,-62.5814,0
"MtrElec",11,1,21,"",352.044,0,0,0,0,0,0,0,0,0,0,0,0,0,0,0,0,0,0,0,0,352.044,0,0,0
"MtrElec",11,1,22,"",343.244,0,0,0,0,0,0,0,0,0,0,0,0,0,0,0,0,0,0,0,0,343.244,0,0,0
"MtrElec",11,1,23,"",249.008,0,0,0,0,0,0,0,0,0,0,0,0,0,0,0,0,0,0,0,0,249.008,0,0,0
"MtrElec",11,1,24,"",254.93,0,0,0,0,0,0,0,0,0,0,0,0,0,0,0,0,0,0,0,0,254.93,0,0,0
"MtrElec",11,2,1,"",186.423,0,0,0,0,0,0,0,0,0,0,0,0,0,0,0,0,0,0,0,0,186.423,0,0,0
"MtrElec",11,2,2,"",161.027,0,0,0,0,0,0,0,0,0,0,0,0,0,0,0,0,0,0,0,0,161.027,0,0,0
"MtrElec",11,2,3,"",151.025,0,0,0,0,0,0,0,0,0,0,0,0,0,0,0,0,0,0,0,0,151.025,0,0,0
"MtrElec",11,2,4,"",150.747,0,0,0,0,0,0,0,0,0,0,0,0,0,0,0,0,0,0,0,0,150.747,0,0,0
"MtrElec",11,2,5,"",147.34,0,0,0,0,0,0,0,0,0,0,0,0,0,0,0,0,0,0,0,0,147.34,0,0,0
"MtrElec",11,2,6,"",190.928,0,0,0,0,0,0,0,0,0,0,0,0,0,0,0,0,0,0,0,0,190.928,0,0,0
"MtrElec",11,2,7,"",205.795,0,0,0,0,0,0,0,0,0,0,0,0,0,0,0,0,0,0,0,0,217.287,0,0,-11.4925
"MtrElec",11,2,8,"",207.308,0,0,0,0,0,0,0,0,0,0,0,0,0,0,0,0,0,0,0,0,315.856,0,0,-108.549
"MtrElec",11,2,9,"",8.30912,0,0,0,0,0,0,0,0,0,0,0,0,0,0,0,0,0,0,0,0,335.23,0,0,-326.921
"MtrElec",11,2,10,"",-58.935,0,0,0,0,0,0,0,0,0,0,0,0,0,0,0,0,0,0,0,0,416.991,0,0,-475.926
"MtrElec",11,2,11,"",0,0,0,0,0,0,0,0,0,0,0,0,0,0,0,0,0,0,0,0,0,456.316,0,51.848,-508.164
"MtrElec",11,2,12,"",0,0,0,0,0,0,0,0,0,0,0,0,0,0,0,0,0,0,0,0,0,421.781,0,173.854,-595.636
"MtrElec",11,2,13,"",8.41147,0,0,0,0,0,0,0,0,0,0,0,0,0,0,0,0,0,0,0,0,445.219,0,0,-436.808
"MtrElec",11,2,14,"",5.30713,0,0,0,0,0,0,0,0,0,0,0,0,0,0,0,0,0,0,0,0,400.108,0,0,-394.8
"MtrElec",11,2,15,"",225.11,0,0,0,0,0,0,0,0,0,0,0,0,0,0,0,0,0,0,0,0,399.408,0,0,-174.298
"MtrElec",11,2,16,"",185.592,0,0,0,0,0,0,0,0,0,0,0,0,0,0,0,0,0,0,0,0,405.669,0,0,-220.078
"MtrElec",11,2,17,"",366.466,0,0,0,0,0,0,0,0,0,0,0,0,0,0,0,0,0,0,0,0,393.529,0,0,-27.0629
"MtrElec",11,2,18,"",439.255,0,0,0,0,0,0,0,0,0,0,0,0,0,0,0,0,0,0,0,0,439.255,0,0,0
"MtrElec",11,2,19,"",221.368,0,0,0,0,0,0,0,0,0,0,0,0,0,0,0,0,0,0,0,0,425.064,0,-203.696,0
"MtrElec",11,2,20,"",430.957,0,0,0,0,0,0,0,0,0,0,0,0,0,0,0,0,0,0,0,0,430.957,0,0,0
"MtrElec",11,2,21,"",395.962,0,0,0,0,0,0,0,0,0,0,0,0,0,0,0,0,0,0,0,0,395.962,0,0,0
"MtrElec",11,2,22,"",315.079,0,0,0,0,0,0,0,0,0,0,0,0,0,0,0,0,0,0,0,0,315.079,0,0,0
"MtrElec",11,2,23,"",302.883,0,0,0,0,0,0,0,0,0,0,0,0,0,0,0,0,0,0,0,0,302.883,0,0,0
"MtrElec",11,2,24,"",230.806,0,0,0,0,0,0,0,0,0,0,0,0,0,0,0,0,0,0,0,0,230.806,0,0,0
"MtrElec",11,3,1,"",170.919,0,0,0,0,0,0,0,0,0,0,0,0,0,0,0,0,0,0,0,0,170.919,0,0,0
"MtrElec",11,3,2,"",156.041,0,0,0,0,0,0,0,0,0,0,0,0,0,0,0,0,0,0,0,0,156.041,0,0,0
"MtrElec",11,3,3,"",188.385,0,0,0,0,0,0,0,0,0,0,0,0,0,0,0,0,0,0,0,0,188.385,0,0,0
"MtrElec",11,3,4,"",154.368,0,0,0,0,0,0,0,0,0,0,0,0,0,0,0,0,0,0,0,0,154.368,0,0,0
"MtrElec",11,3,5,"",151.396,0,0,0,0,0,0,0,0,0,0,0,0,0,0,0,0,0,0,0,0,151.396,0,0,0
"MtrElec",11,3,6,"",155.683,0,0,0,0,0,0,0,0,0,0,0,0,0,0,0,0,0,0,0,0,155.683,0,0,0
"MtrElec",11,3,7,"",226.061,0,0,0,0,0,0,0,0,0,0,0,0,0,0,0,0,0,0,0,0,234.249,0,0,-8.18774
"MtrElec",11,3,8,"",248.044,0,0,0,0,0,0,0,0,0,0,0,0,0,0,0,0,0,0,0,0,327.364,0,0,-79.3199
"MtrElec",11,3,9,"",139.241,0,0,0,0,0,0,0,0,0,0,0,0,0,0,0,0,0,0,0,0,328.305,0,0,-189.064
"MtrElec",11,3,10,"",-79.0112,0,0,0,0,0,0,0,0,0,0,0,0,0,0,0,0,0,0,0,0,387.237,0,0,-466.248
"MtrElec",11,3,11,"",0,0,0,0,0,0,0,0,0,0,0,0,0,0,0,0,0,0,0,0,0,428.029,0,170.616,-598.645
"MtrElec",11,3,12,"",-28.9616,0,0,0,0,0,0,0,0,0,0,0,0,0,0,0,0,0,0,0,0,380.303,0,221.926,-631.191
"MtrElec",11,3,13,"",0,0,0,0,0,0,0,0,0,0,0,0,0,0,0,0,0,0,0,0,0,439.566,0,170.05,-609.616
"MtrElec",11,3,14,"",0.0000156,0,0,0,0,0,0,0,0,0,0,0,0,0,0,0,0,0,0,0,0,387.268,0,155.165,-542.432
"MtrElec",11,3,15,"",0,0,0,0,0,0,0,0,0,0,0,0,0,0,0,0,0,0,0,0,0,346.912,0,72.2274,-419.14
"MtrElec",11,3,16,"",159.824,0,0,0,0,0,0,0,0,0,0,0,0,0,0,0,0,0,0,0,0,409.808,0,0,-249.984
"MtrElec",11,3,17,"",374.598,0,0,0,0,0,0,0,0,0,0,0,0,0,0,0,0,0,0,0,0,430.325,0,0,-55.7275
"MtrElec",11,3,18,"",412.545,0,0,0,0,0,0,0,0,0,0,0,0,0,0,0,0,0,0,0,0,412.545,0,0,0
"MtrElec",11,3,19,"",174.261,0,0,0,0,0,0,0,0,0,0,0,0,0,0,0,0,0,0,0,0,396.187,0,-221.926,0
"MtrElec",11,3,20,"",173.589,0,0,0,0,0,0,0,0,0,0,0,0,0,0,0,0,0,0,0,0,395.515,0,-221.926,0
"MtrElec",11,3,21,"",175.725,0,0,0,0,0,0,0,0,0,0,0,0,0,0,0,0,0,0,0,0,397.651,0,-221.926,0
"MtrElec",11,3,22,"",218.17,0,0,0,0,0,0,0,0,0,0,0,0,0,0,0,0,0,0,0,0,265.353,0,-47.1829,0
"MtrElec",11,3,23,"",270.568,0,0,0,0,0,0,0,0,0,0,0,0,0,0,0,0,0,0,0,0,270.568,0,0,0
"MtrElec",11,3,24,"",197.231,0,0,0,0,0,0,0,0,0,0,0,0,0,0,0,0,0,0,0,0,197.231,0,0,0
"MtrElec",11,4,1,"",213.649,0,0,0,0,0,0,0,0,0,0,0,0,0,0,0,0,0,0,0,0,213.649,0,0,0
"MtrElec",11,4,2,"",161.462,0,0,0,0,0,0,0,0,0,0,0,0,0,0,0,0,0,0,0,0,161.462,0,0,0
"MtrElec",11,4,3,"",150.16,0,0,0,0,0,0,0,0,0,0,0,0,0,0,0,0,0,0,0,0,150.16,0,0,0
"MtrElec",11,4,4,"",150.745,0,0,0,0,0,0,0,0,0,0,0,0,0,0,0,0,0,0,0,0,150.745,0,0,0
"MtrElec",11,4,5,"",147.089,0,0,0,0,0,0,0,0,0,0,0,0,0,0,0,0,0,0,0,0,147.089,0,0,0
"MtrElec",11,4,6,"",154.114,0,0,0,0,0,0,0,0,0,0,0,0,0,0,0,0,0,0,0,0,154.114,0,0,0
"MtrElec",11,4,7,"",213.056,0,0,0,0,0,0,0,0,0,0,0,0,0,0,0,0,0,0,0,0,260.407,0,0,-47.3507
"MtrElec",11,4,8,"",113.645,0,0,0,0,0,0,0,0,0,0,0,0,0,0,0,0,0,0,0,0,338.877,0,0,-225.232
"MtrElec",11,4,9,"",-29.0513,0,0,0,0,0,0,0,0,0,0,0,0,0,0,0,0,0,0,0,0,373.831,0,0,-402.882
"MtrElec",11,4,10,"",107.693,0,0,0,0,0,0,0,0,0,0,0,0,0,0,0,0,0,0,0,0,446.076,0,0,-338.382
"MtrElec",11,4,11,"",0,0,0,0,0,0,0,0,0,0,0,0,0,0,0,0,0,0,0,0,0,435.034,0,147.488,-582.522
"MtrElec",11,4,12,"",0,0,0,0,0,0,0,0,0,0,0,0,0,0,0,0,0,0,0,0,0,453.067,0,190.275,-643.342
"MtrElec",11,4,13,"",0,0,0,0,0,0,0,0,0,0,0,0,0,0,0,0,0,0,0,0,0,451.215,0,176.863,-628.078
"MtrElec",11,4,14,"",0,0,0,0,0,0,0,0,0,0,0,0,0,0,0,0,0,0,0,0,0,353.303,0,204.068,-557.371
"MtrElec",11,4,15,"",0,0,0,0,0,0,0,0,0,0,0,0,0,0,0,0,0,0,0,0,0,397.364,0,31.3903,-428.754
"MtrElec",11,4,16,"",156.598,0,0,0,0,0,0,0,0,0,0,0,0,0,0,0,0,0,0,0,0,411.617,0,0,-255.019
"MtrElec",11,4,17,"",321.553,0,0,0,0,0,0,0,0,0,0,0,0,0,0,0,0,0,0,0,0,377.799,0,0,-56.2464
"MtrElec",11,4,18,"",424.586,0,0,0,0,0,0,0,0,0,0,0,0,0,0,0,0,0,0,0,0,424.586,0,0,0
"MtrElec",11,4,19,"",188.517,0,0,0,0,0,0,0,0,0,0,0,0,0,0,0,0,0,0,0,0,410.443,0,-221.926,0
"MtrElec",11,4,20,"",195.635,0,0,0,0,0,0,0,0,0,0,0,0,0,0,0,0,0,0,0,0,417.561,0,-221.926,0
"MtrElec",11,4,21,"",209.014,0,0,0,0,0,0,0,0,0,0,0,0,0,0,0,0,0,0,0,0,430.94,0,-221.926,0
"MtrElec",11,4,22,"",293.556,0,0,0,0,0,0,0,0,0,0,0,0,0,0,0,0,0,0,0,0,304.73,0,-11.174,0
"MtrElec",11,4,23,"",264.999,0,0,0,0,0,0,0,0,0,0,0,0,0,0,0,0,0,0,0,0,264.999,0,0,0
"MtrElec",11,4,24,"",193.284,0,0,0,0,0,0,0,0,0,0,0,0,0,0,0,0,0,0,0,0,193.284,0,0,0
"MtrElec",11,5,1,"",153.29,0,0,0,0,0,0,0,0,0,0,0,0,0,0,0,0,0,0,0,0,153.29,0,0,0
"MtrElec",11,5,2,"",156.548,0,0,0,0,0,0,0,0,0,0,0,0,0,0,0,0,0,0,0,0,156.548,0,0,0
"MtrElec",11,5,3,"",193.492,0,0,0,0,0,0,0,0,0,0,0,0,0,0,0,0,0,0,0,0,193.492,0,0,0
"MtrElec",11,5,4,"",156.861,0,0,0,0,0,0,0,0,0,0,0,0,0,0,0,0,0,0,0,0,156.861,0,0,0
"MtrElec",11,5,5,"",148.297,0,0,0,0,0,0,0,0,0,0,0,0,0,0,0,0,0,0,0,0,148.297,0,0,0
"MtrElec",11,5,6,"",167.616,0,0,0,0,0,0,0,0,0,0,0,0,0,0,0,0,0,0,0,0,167.616,0,0,0
"MtrElec",11,5,7,"",216.156,0,0,0,0,0,0,0,0,0,0,0,0,0,0,0,0,0,0,0,0,264.481,0,0,-48.3248
"MtrElec",11,5,8,"",76.5075,0,0,0,0,0,0,0,0,0,0,0,0,0,0,0,0,0,0,0,0,302.136,0,0,-225.628
"MtrElec",11,5,9,"",-78.9612,0,0,0,0,0,0,0,0,0,0,0,0,0,0,0,0,0,0,0,0,327.197,0,0,-406.158
"MtrElec",11,5,10,"",-169.807,0,0,0,0,0,0,0,0,0,0,0,0,0,0,0,0,0,0,0,0,352.43,0,0,-522.236
"MtrElec",11,5,11,"",0,0,0,0,0,0,0,0,0,0,0,0,0,0,0,0,0,0,0,0,0,378.87,0,214.611,-593.482
"MtrElec",11,5,12,"",-3.66838,0,0,0,0,0,0,0,0,0,0,0,0,0,0,0,0,0,0,0,0,391.632,0,221.926,-617.226
"MtrElec",11,5,13,"",0.0000156,0,0,0,0,0,0,0,0,0,0,0,0,0,0,0,0,0,0,0,0,397.934,0,195.132,-593.066
"MtrElec",11,5,14,"",-13.7375,0,0,0,0,0,0,0,0,0,0,0,0,0,0,0,0,0,0,0,0,359.684,0,162.713,-536.135
"MtrElec",11,5,15,"",-32.8706,0,0,0,0,0,0,0,0,0,0,0,0,0,0,0,0,0,0,0,0,388.404,0,0,-421.275
"MtrElec",11,5,16,"",165.717,0,0,0,0,0,0,0,0,0,0,0,0,0,0,0,0,0,0,0,0,358.288,0,0,-192.572
"MtrElec",11,5,17,"",383.918,0,0,0,0,0,0,0,0,0,0,0,0,0,0,0,0,0,0,0,0,420.034,0,0,-36.1169
"MtrElec",11,5,18,"",434.458,0,0,0,0,0,0,0,0,0,0,0,0,0,0,0,0,0,0,0,0,434.458,0,0,0
"MtrElec",11,5,19,"",172.368,0,0,0,0,0,0,0,0,0,0,0,0,0,0,0,0,0,0,0,0,394.293,0,-221.926,0
"MtrElec",11,5,20,"",218.64,0,0,0,0,0,0,0,0,0,0,0,0,0,0,0,0,0,0,0,0,440.565,0,-221.926,0
"MtrElec",11,5,21,"",172.071,0,0,0,0,0,0,0,0,0,0,0,0,0,0,0,0,0,0,0,0,393.996,0,-221.926,0
"MtrElec",11,5,22,"",209.978,0,0,0,0,0,0,0,0,0,0,0,0,0,0,0,0,0,0,0,0,261.131,0,-51.1531,0
"MtrElec",11,5,23,"",273.994,0,0,0,0,0,0,0,0,0,0,0,0,0,0,0,0,0,0,0,0,273.994,0,0,0
"MtrElec",11,5,24,"",200.55,0,0,0,0,0,0,0,0,0,0,0,0,0,0,0,0,0,0,0,0,200.55,0,0,0
"MtrElec",11,6,1,"",211.162,0,0,0,0,0,0,0,0,0,0,0,0,0,0,0,0,0,0,0,0,211.162,0,0,0
"MtrElec",11,6,2,"",155.363,0,0,0,0,0,0,0,0,0,0,0,0,0,0,0,0,0,0,0,0,155.363,0,0,0
"MtrElec",11,6,3,"",151.639,0,0,0,0,0,0,0,0,0,0,0,0,0,0,0,0,0,0,0,0,151.639,0,0,0
"MtrElec",11,6,4,"",149.947,0,0,0,0,0,0,0,0,0,0,0,0,0,0,0,0,0,0,0,0,149.947,0,0,0
"MtrElec",11,6,5,"",152.706,0,0,0,0,0,0,0,0,0,0,0,0,0,0,0,0,0,0,0,0,152.706,0,0,0
"MtrElec",11,6,6,"",172.696,0,0,0,0,0,0,0,0,0,0,0,0,0,0,0,0,0,0,0,0,172.696,0,0,0
"MtrElec",11,6,7,"",256.642,0,0,0,0,0,0,0,0,0,0,0,0,0,0,0,0,0,0,0,0,265.543,0,0,-8.90058
"MtrElec",11,6,8,"",302.014,0,0,0,0,0,0,0,0,0,0,0,0,0,0,0,0,0,0,0,0,368.491,0,0,-66.4771
"MtrElec",11,6,9,"",194.004,0,0,0,0,0,0,0,0,0,0,0,0,0,0,0,0,0,0,0,0,335.765,0,0,-141.761
"MtrElec",11,6,10,"",-103.541,0,0,0,0,0,0,0,0,0,0,0,0,0,0,0,0,0,0,0,0,389.776,0,0,-493.317
"MtrElec",11,6,11,"",0,0,0,0,0,0,0,0,0,0,0,0,0,0,0,0,0,0,0,0,0,427.043,0,68.8716,-495.915
"MtrElec",11,6,12,"",0,0,0,0,0,0,0,0,0,0,0,0,0,0,0,0,0,0,0,0,0,426.92,0,144.735,-571.655
"MtrElec",11,6,13,"",78.7159,0,0,0,0,0,0,0,0,0,0,0,0,0,0,0,0,0,0,0,0,438.156,0,0,-359.44
"MtrElec",11,6,14,"",143.063,0,0,0,0,0,0,0,0,0,0,0,0,0,0,0,0,0,0,0,0,383.89,0,0,-240.827
"MtrElec",11,6,15,"",86.8868,0,0,0,0,0,0,0,0,0,0,0,0,0,0,0,0,0,0,0,0,345.07,0,0,-258.183
"MtrElec",11,6,16,"",237.784,0,0,0,0,0,0,0,0,0,0,0,0,0,0,0,0,0,0,0,0,394.696,0,0,-156.912
"MtrElec",11,6,17,"",357.099,0,0,0,0,0,0,0,0,0,0,0,0,0,0,0,0,0,0,0,0,371.37,0,0,-14.2714
"MtrElec",11,6,18,"",427.753,0,0,0,0,0,0,0,0,0,0,0,0,0,0,0,0,0,0,0,0,427.753,0,0,0
"MtrElec",11,6,19,"",207.843,0,0,0,0,0,0,0,0,0,0,0,0,0,0,0,0,0,0,0,0,400.623,0,-192.78,0
"MtrElec",11,6,20,"",410.556,0,0,0,0,0,0,0,0,0,0,0,0,0,0,0,0,0,0,0,0,410.556,0,0,0
"MtrElec",11,6,21,"",345.117,0,0,0,0,0,0,0,0,0,0,0,0,0,0,0,0,0,0,0,0,345.117,0,0,0
"MtrElec",11,6,22,"",306.415,0,0,0,0,0,0,0,0,0,0,0,0,0,0,0,0,0,0,0,0,306.415,0,0,0
"MtrElec",11,6,23,"",276.51,0,0,0,0,0,0,0,0,0,0,0,0,0,0,0,0,0,0,0,0,276.51,0,0,0
"MtrElec",11,6,24,"",194.104,0,0,0,0,0,0,0,0,0,0,0,0,0,0,0,0,0,0,0,0,194.104,0,0,0
"MtrElec",11,7,1,"",165.061,0,0,0,0,0,0,0,0,0,0,0,0,0,0,0,0,0,0,0,0,165.061,0,0,0
"MtrElec",11,7,2,"",154.868,0,0,0,0,0,0,0,0,0,0,0,0,0,0,0,0,0,0,0,0,154.868,0,0,0
"MtrElec",11,7,3,"",152.841,0,0,0,0,0,0,0,0,0,0,0,0,0,0,0,0,0,0,0,0,152.841,0,0,0
"MtrElec",11,7,4,"",152.957,0,0,0,0,0,0,0,0,0,0,0,0,0,0,0,0,0,0,0,0,152.957,0,0,0
"MtrElec",11,7,5,"",218.809,0,0,0,0,0,0,0,0,0,0,0,0,0,0,0,0,0,0,0,0,218.809,0,0,0
"MtrElec",11,7,6,"",157.86,0,0,0,0,0,0,0,0,0,0,0,0,0,0,0,0,0,0,0,0,157.86,0,0,0
"MtrElec",11,7,7,"",180.511,0,0,0,0,0,0,0,0,0,0,0,0,0,0,0,0,0,0,0,0,180.511,0,0,0
"MtrElec",11,7,8,"",192.861,0,0,0,0,0,0,0,0,0,0,0,0,0,0,0,0,0,0,0,0,252.2,0,0,-59.3392
"MtrElec",11,7,9,"",100.023,0,0,0,0,0,0,0,0,0,0,0,0,0,0,0,0,0,0,0,0,307.099,0,0,-207.076
"MtrElec",11,7,10,"",112.921,0,0,0,0,0,0,0,0,0,0,0,0,0,0,0,0,0,0,0,0,427.835,0,0,-314.914
"MtrElec",11,7,11,"",0,0,0,0,0,0,0,0,0,0,0,0,0,0,0,0,0,0,0,0,0,456.149,0,116.139,-572.287
"MtrElec",11,7,12,"",0,0,0,0,0,0,0,0,0,0,0,0,0,0,0,0,0,0,0,0,0,477.304,0,128.597,-605.901
"MtrElec",11,7,13,"",0,0,0,0,0,0,0,0,0,0,0,0,0,0,0,0,0,0,0,0,0,442.442,0,148.744,-591.186
"MtrElec",11,7,14,"",0,0,0,0,0,0,0,0,0,0,0,0,0,0,0,0,0,0,0,0,0,432.881,0,79.3524,-512.234
"MtrElec",11,7,15,"",51.4944,0,0,0,0,0,0,0,0,0,0,0,0,0,0,0,0,0,0,0,0,437.822,0,0,-386.328
"MtrElec",11,7,16,"",210.44,0,0,0,0,0,0,0,0,0,0,0,0,0,0,0,0,0,0,0,0,380.563,0,0,-170.123
"MtrElec",11,7,17,"",401.283,0,0,0,0,0,0,0,0,0,0,0,0,0,0,0,0,0,0,0,0,431.755,0,0,-30.4718
"MtrElec",11,7,18,"",454.009,0,0,0,0,0,0,0,0,0,0,0,0,0,0,0,0,0,0,0,0,454.009,0,0,0
"MtrElec",11,7,19,"",165.547,0,0,0,0,0,0,0,0,0,0,0,0,0,0,0,0,0,0,0,0,387.472,0,-221.926,0
"MtrElec",11,7,20,"",144.206,0,0,0,0,0,0,0,0,0,0,0,0,0,0,0,0,0,0,0,0,349.011,0,-204.805,0
"MtrElec",11,7,21,"",339.024,0,0,0,0,0,0,0,0,0,0,0,0,0,0,0,0,0,0,0,0,339.024,0,0,0
"MtrElec",11,7,22,"",310.05,0,0,0,0,0,0,0,0,0,0,0,0,0,0,0,0,0,0,0,0,310.05,0,0,0
"MtrElec",11,7,23,"",203.767,0,0,0,0,0,0,0,0,0,0,0,0,0,0,0,0,0,0,0,0,203.767,0,0,0
"MtrElec",11,7,24,"",257.253,0,0,0,0,0,0,0,0,0,0,0,0,0,0,0,0,0,0,0,0,257.253,0,0,0
"MtrElec",11,8,1,"",163.728,0,0,0,0,0,0,0,0,0,0,0,0,0,0,0,0,0,0,0,0,163.728,0,0,0
"MtrElec",11,8,2,"",154.238,0,0,0,0,0,0,0,0,0,0,0,0,0,0,0,0,0,0,0,0,154.238,0,0,0
"MtrElec",11,8,3,"",154.313,0,0,0,0,0,0,0,0,0,0,0,0,0,0,0,0,0,0,0,0,154.313,0,0,0
"MtrElec",11,8,4,"",155.438,0,0,0,0,0,0,0,0,0,0,0,0,0,0,0,0,0,0,0,0,155.438,0,0,0
"MtrElec",11,8,5,"",176.739,0,0,0,0,0,0,0,0,0,0,0,0,0,0,0,0,0,0,0,0,176.739,0,0,0
"MtrElec",11,8,6,"",155.403,0,0,0,0,0,0,0,0,0,0,0,0,0,0,0,0,0,0,0,0,155.403,0,0,0
"MtrElec",11,8,7,"",206.862,0,0,0,0,0,0,0,0,0,0,0,0,0,0,0,0,0,0,0,0,210.907,0,0,-4.04455
"MtrElec",11,8,8,"",167.78,0,0,0,0,0,0,0,0,0,0,0,0,0,0,0,0,0,0,0,0,241.357,0,0,-73.5773
"MtrElec",11,8,9,"",126.42,0,0,0,0,0,0,0,0,0,0,0,0,0,0,0,0,0,0,0,0,294.102,0,0,-167.683
"MtrElec",11,8,10,"",-3.47684,0,0,0,0,0,0,0,0,0,0,0,0,0,0,0,0,0,0,0,0,281.966,0,0,-285.443
"MtrElec",11,8,11,"",135.947,0,0,0,0,0,0,0,0,0,0,0,0,0,0,0,0,0,0,0,0,421.843,0,0,-285.896
"MtrElec",11,8,12,"",30.0755,0,0,0,0,0,0,0,0,0,0,0,0,0,0,0,0,0,0,0,0,424.057,0,0,-393.982
"MtrElec",11,8,13,"",10.9172,0,0,0,0,0,0,0,0,0,0,0,0,0,0,0,0,0,0,0,0,406.178,0,0,-395.261
"MtrElec",11,8,14,"",72.942,0,0,0,0,0,0,0,0,0,0,0,0,0,0,0,0,0,0,0,0,375.875,0,0,-302.933
"MtrElec",11,8,15,"",134.855,0,0,0,0,0,0,0,0,0,0,0,0,0,0,0,0,0,0,0,0,335.68,0,0,-200.825
"MtrElec",11,8,16,"",277.926,0,0,0,0,0,0,0,0,0,0,0,0,0,0,0,0,0,0,0,0,353.801,0,0,-75.8753
"MtrElec",11,8,17,"",356.655,0,0,0,0,0,0,0,0,0,0,0,0,0,0,0,0,0,0,0,0,364.359,0,0,-7.70397
"MtrElec",11,8,18,"",379.249,0,0,0,0,0,0,0,0,0,0,0,0,0,0,0,0,0,0,0,0,379.249,0,0,0
"MtrElec",11,8,19,"",387.51,0,0,0,0,0,0,0,0,0,0,0,0,0,0,0,0,0,0,0,0,387.51,0,0,0
"MtrElec",11,8,20,"",349.929,0,0,0,0,0,0,0,0,0,0,0,0,0,0,0,0,0,0,0,0,349.929,0,0,0
"MtrElec",11,8,21,"",330.015,0,0,0,0,0,0,0,0,0,0,0,0,0,0,0,0,0,0,0,0,330.015,0,0,0
"MtrElec",11,8,22,"",307.7,0,0,0,0,0,0,0,0,0,0,0,0,0,0,0,0,0,0,0,0,307.7,0,0,0
"MtrElec",11,8,23,"",217.975,0,0,0,0,0,0,0,0,0,0,0,0,0,0,0,0,0,0,0,0,217.975,0,0,0
"MtrElec",11,8,24,"",240.592,0,0,0,0,0,0,0,0,0,0,0,0,0,0,0,0,0,0,0,0,240.592,0,0,0
"MtrElec",11,9,1,"",164.109,0,0,0,0,0,0,0,0,0,0,0,0,0,0,0,0,0,0,0,0,164.109,0,0,0
"MtrElec",11,9,2,"",155.457,0,0,0,0,0,0,0,0,0,0,0,0,0,0,0,0,0,0,0,0,155.457,0,0,0
"MtrElec",11,9,3,"",149.099,0,0,0,0,0,0,0,0,0,0,0,0,0,0,0,0,0,0,0,0,149.099,0,0,0
"MtrElec",11,9,4,"",153.075,0,0,0,0,0,0,0,0,0,0,0,0,0,0,0,0,0,0,0,0,153.075,0,0,0
"MtrElec",11,9,5,"",151.804,0,0,0,0,0,0,0,0,0,0,0,0,0,0,0,0,0,0,0,0,151.804,0,0,0
"MtrElec",11,9,6,"",196.06,0,0,0,0,0,0,0,0,0,0,0,0,0,0,0,0,0,0,0,0,196.06,0,0,0
"MtrElec",11,9,7,"",252.584,0,0,0,0,0,0,0,0,0,0,0,0,0,0,0,0,0,0,0,0,260.235,0,0,-7.65107
"MtrElec",11,9,8,"",198.051,0,0,0,0,0,0,0,0,0,0,0,0,0,0,0,0,0,0,0,0,300.196,0,0,-102.145
"MtrElec",11,9,9,"",261.225,0,0,0,0,0,0,0,0,0,0,0,0,0,0,0,0,0,0,0,0,331.042,0,0,-69.817
"MtrElec",11,9,10,"",318.885,0,0,0,0,0,0,0,0,0,0,0,0,0,0,0,0,0,0,0,0,384.456,0,0,-65.5706
"MtrElec",11,9,11,"",275.344,0,0,0,0,0,0,0,0,0,0,0,0,0,0,0,0,0,0,0,0,398.323,0,0,-122.979
"MtrElec",11,9,12,"",295.811,0,0,0,0,0,0,0,0,0,0,0,0,0,0,0,0,0,0,0,0,388.933,0,0,-93.1222
"MtrElec",11,9,13,"",209.121,0,0,0,0,0,0,0,0,0,0,0,0,0,0,0,0,0,0,0,0,335.973,0,0,-126.852
"MtrElec",11,9,14,"",218.974,0,0,0,0,0,0,0,0,0,0,0,0,0,0,0,0,0,0,0,0,362.673,0,0,-143.699
"MtrElec",11,9,15,"",260.761,0,0,0,0,0,0,0,0,0,0,0,0,0,0,0,0,0,0,0,0,357.415,0,0,-96.654
"MtrElec",11,9,16,"",175.227,0,0,0,0,0,0,0,0,0,0,0,0,0,0,0,0,0,0,0,0,331.562,0,0,-156.335
"MtrElec",11,9,17,"",399.013,0,0,0,0,0,0,0,0,0,0,0,0,0,0,0,0,0,0,0,0,410.719,0,0,-11.7068
"MtrElec",11,9,18,"",400.322,0,0,0,0,0,0,0,0,0,0,0,0,0,0,0,0,0,0,0,0,400.322,0,0,0
"MtrElec",11,9,19,"",415.271,0,0,0,0,0,0,0,0,0,0,0,0,0,0,0,0,0,0,0,0,415.271,0,0,0
"MtrElec",11,9,20,"",409.781,0,0,0,0,0,0,0,0,0,0,0,0,0,0,0,0,0,0,0,0,409.781,0,0,0
"MtrElec",11,9,21,"",390.424,0,0,0,0,0,0,0,0,0,0,0,0,0,0,0,0,0,0,0,0,390.424,0,0,0
"MtrElec",11,9,22,"",299.256,0,0,0,0,0,0,0,0,0,0,0,0,0,0,0,0,0,0,0,0,299.256,0,0,0
"MtrElec",11,9,23,"",287.496,0,0,0,0,0,0,0,0,0,0,0,0,0,0,0,0,0,0,0,0,287.496,0,0,0
"MtrElec",11,9,24,"",220.104,0,0,0,0,0,0,0,0,0,0,0,0,0,0,0,0,0,0,0,0,220.104,0,0,0
"MtrElec",11,10,1,"",188.997,0,0,0,0,0,0,0,0,0,0,0,0,0,0,0,0,0,0,0,0,188.997,0,0,0
"MtrElec",11,10,2,"",192.866,0,0,0,0,0,0,0,0,0,0,0,0,0,0,0,0,0,0,0,0,192.866,0,0,0
"MtrElec",11,10,3,"",150.517,0,0,0,0,0,0,0,0,0,0,0,0,0,0,0,0,0,0,0,0,150.517,0,0,0
"MtrElec",11,10,4,"",149.957,0,0,0,0,0,0,0,0,0,0,0,0,0,0,0,0,0,0,0,0,149.957,0,0,0
"MtrElec",11,10,5,"",148.786,0,0,0,0,0,0,0,0,0,0,0,0,0,0,0,0,0,0,0,0,148.786,0,0,0
"MtrElec",11,10,6,"",155.071,0,0,0,0,0,0,0,0,0,0,0,0,0,0,0,0,0,0,0,0,155.071,0,0,0
"MtrElec",11,10,7,"",235.63,0,0,0,0,0,0,0,0,0,0,0,0,0,0,0,0,0,0,0,0,235.63,0,0,0
"MtrElec",11,10,8,"",311.099,0,0,0,0,0,0,0,0,0,0,0,0,0,0,0,0,0,0,0,0,311.099,0,0,0
"MtrElec",11,10,9,"",343.274,0,0,0,0,0,0,0,0,0,0,0,0,0,0,0,0,0,0,0,0,394.768,0,0,-51.4937
"MtrElec",11,10,10,"",214.544,0,0,0,0,0,0,0,0,0,0,0,0,0,0,0,0,0,0,0,0,419.526,0,0,-204.982
"MtrElec",11,10,11,"",158.59,0,0,0,0,0,0,0,0,0,0,0,0,0,0,0,0,0,0,0,0,447.854,0,0,-289.263
"MtrElec",11,10,12,"",183.032,0,0,0,0,0,0,0,0,0,0,0,0,0,0,0,0,0,0,0,0,362.448,0,0,-179.415
"MtrElec",11,10,13,"",223.001,0,0,0,0,0,0,0,0,0,0,0,0,0,0,0,0,0,0,0,0,384.432,0,0,-161.431
"MtrElec",11,10,14,"",210.326,0,0,0,0,0,0,0,0,0,0,0,0,0,0,0,0,0,0,0,0,364.717,0,0,-154.391
"MtrElec",11,10,15,"",116.798,0,0,0,0,0,0,0,0,0,0,0,0,0,0,0,0,0,0,0,0,369.084,0,0,-252.286
"MtrElec",11,10,16,"",224.757,0,0,0,0,0,0,0,0,0,0,0,0,0,0,0,0,0,0,0,0,332.932,0,0,-108.175
"MtrElec",11,10,17,"",395.954,0,0,0,0,0,0,0,0,0,0,0,0,0,0,0,0,0,0,0,0,406.894,0,0,-10.9404
"MtrElec",11,10,18,"",377.652,0,0,0,0,0,0,0,0,0,0,0,0,0,0,0,0,0,0,0,0,377.652,0,0,0
"MtrElec",11,10,19,"",403.55,0,0,0,0,0,0,0,0,0,0,0,0,0,0,0,0,0,0,0,0,403.55,0,0,0
"MtrElec",11,10,20,"",412.299,0,0,0,0,0,0,0,0,0,0,0,0,0,0,0,0,0,0,0,0,412.299,0,0,0
"MtrElec",11,10,21,"",401.677,0,0,0,0,0,0,0,0,0,0,0,0,0,0,0,0,0,0,0,0,401.677,0,0,0
"MtrElec",11,10,22,"",321.741,0,0,0,0,0,0,0,0,0,0,0,0,0,0,0,0,0,0,0,0,321.741,0,0,0
"MtrElec",11,10,23,"",290.408,0,0,0,0,0,0,0,0,0,0,0,0,0,0,0,0,0,0,0,0,290.408,0,0,0
"MtrElec",11,10,24,"",228.954,0,0,0,0,0,0,0,0,0,0,0,0,0,0,0,0,0,0,0,0,228.954,0,0,0
"MtrElec",11,11,1,"",205.315,0,0,0,0,0,0,0,0,0,0,0,0,0,0,0,0,0,0,0,0,205.315,0,0,0
"MtrElec",11,11,2,"",152.26,0,0,0,0,0,0,0,0,0,0,0,0,0,0,0,0,0,0,0,0,152.26,0,0,0
"MtrElec",11,11,3,"",149.602,0,0,0,0,0,0,0,0,0,0,0,0,0,0,0,0,0,0,0,0,149.602,0,0,0
"MtrElec",11,11,4,"",150.75,0,0,0,0,0,0,0,0,0,0,0,0,0,0,0,0,0,0,0,0,150.75,0,0,0
"MtrElec",11,11,5,"",148.476,0,0,0,0,0,0,0,0,0,0,0,0,0,0,0,0,0,0,0,0,148.476,0,0,0
"MtrElec",11,11,6,"",200.396,0,0,0,0,0,0,0,0,0,0,0,0,0,0,0,0,0,0,0,0,200.396,0,0,0
"MtrElec",11,11,7,"",171.053,0,0,0,0,0,0,0,0,0,0,0,0,0,0,0,0,0,0,0,0,183.435,0,0,-12.3816
"MtrElec",11,11,8,"",118.514,0,0,0,0,0,0,0,0,0,0,0,0,0,0,0,0,0,0,0,0,295.513,0,0,-177
"MtrElec",11,11,9,"",-36.7614,0,0,0,0,0,0,0,0,0,0,0,0,0,0,0,0,0,0,0,0,317.269,0,0,-354.03
"MtrElec",11,11,10,"",-68.3519,0,0,0,0,0,0,0,0,0,0,0,0,0,0,0,0,0,0,0,0,415.913,0,0,-484.264
"MtrElec",11,11,11,"",0.0000156,0,0,0,0,0,0,0,0,0,0,0,0,0,0,0,0,0,0,0,0,403.233,0,164.533,-567.766
"MtrElec",11,11,12,"",0,0,0,0,0,0,0,0,0,0,0,0,0,0,0,0,0,0,0,0,0,386.984,0,221.656,-608.641
"MtrElec",11,11,13,"",0,0,0,0,0,0,0,0,0,0,0,0,0,0,0,0,0,0,0,0,0,443.718,0,150.315,-594.033
"MtrElec",11,11,14,"",0,0,0,0,0,0,0,0,0,0,0,0,0,0,0,0,0,0,0,0,0,412.183,0,113.934,-526.117
"MtrElec",11,11,15,"",0,0,0,0,0,0,0,0,0,0,0,0,0,0,0,0,0,0,0,0,0,379.543,0,24.1544,-403.697
"MtrElec",11,11,16,"",103.203,0,0,0,0,0,0,0,0,0,0,0,0,0,0,0,0,0,0,0,0,333.579,0,0,-230.376
"MtrElec",11,11,17,"",306.846,0,0,0,0,0,0,0,0,0,0,0,0,0,0,0,0,0,0,0,0,352.672,0,0,-45.826
"MtrElec",11,11,18,"",379.177,0,0,0,0,0,0,0,0,0,0,0,0,0,0,0,0,0,0,0,0,379.177,0,0,0
"MtrElec",11,11,19,"",198.433,0,0,0,0,0,0,0,0,0,0,0,0,0,0,0,0,0,0,0,0,420.359,0,-221.926,0
"MtrElec",11,11,20,"",97.8027,0,0,0,0,0,0,0,0,0,0,0,0,0,0,0,0,0,0,0,0,319.728,0,-221.926,0
"MtrElec",11,11,21,"",148.362,0,0,0,0,0,0,0,0,0,0,0,0,0,0,0,0,0,0,0,0,313.331,0,-164.969,0
"MtrElec",11,11,22,"",235.957,0,0,0,0,0,0,0,0,0,0,0,0,0,0,0,0,0,0,0,0,235.957,0,0,0
"MtrElec",11,11,23,"",250.155,0,0,0,0,0,0,0,0,0,0,0,0,0,0,0,0,0,0,0,0,250.155,0,0,0
"MtrElec",11,11,24,"",186.011,0,0,0,0,0,0,0,0,0,0,0,0,0,0,0,0,0,0,0,0,186.011,0,0,0
"MtrElec",11,12,1,"",157.301,0,0,0,0,0,0,0,0,0,0,0,0,0,0,0,0,0,0,0,0,157.301,0,0,0
"MtrElec",11,12,2,"",154.059,0,0,0,0,0,0,0,0,0,0,0,0,0,0,0,0,0,0,0,0,154.059,0,0,0
"MtrElec",11,12,3,"",148.62,0,0,0,0,0,0,0,0,0,0,0,0,0,0,0,0,0,0,0,0,148.62,0,0,0
"MtrElec",11,12,4,"",152.275,0,0,0,0,0,0,0,0,0,0,0,0,0,0,0,0,0,0,0,0,152.275,0,0,0
"MtrElec",11,12,5,"",188.793,0,0,0,0,0,0,0,0,0,0,0,0,0,0,0,0,0,0,0,0,188.793,0,0,0
"MtrElec",11,12,6,"",154.239,0,0,0,0,0,0,0,0,0,0,0,0,0,0,0,0,0,0,0,0,154.239,0,0,0
"MtrElec",11,12,7,"",215.026,0,0,0,0,0,0,0,0,0,0,0,0,0,0,0,0,0,0,0,0,230.693,0,0,-15.667
"MtrElec",11,12,8,"",133.164,0,0,0,0,0,0,0,0,0,0,0,0,0,0,0,0,0,0,0,0,335.793,0,0,-202.628
"MtrElec",11,12,9,"",-54.6357,0,0,0,0,0,0,0,0,0,0,0,0,0,0,0,0,0,0,0,0,329.666,0,0,-384.301
"MtrElec",11,12,10,"",-107.442,0,0,0,0,0,0,0,0,0,0,0,0,0,0,0,0,0,0,0,0,413.657,0,0,-521.099
"MtrElec",11,12,11,"",0,0,0,0,0,0,0,0,0,0,0,0,0,0,0,0,0,0,0,0,0,423.481,0,173.61,-597.091
"MtrElec",11,12,12,"",0,0,0,0,0,0,0,0,0,0,0,0,0,0,0,0,0,0,0,0,0,398.599,0,212.763,-611.362
"MtrElec",11,12,13,"",0,0,0,0,0,0,0,0,0,0,0,0,0,0,0,0,0,0,0,0,0,384.709,0,202.433,-587.142
"MtrElec",11,12,14,"",0,0,0,0,0,0,0,0,0,0,0,0,0,0,0,0,0,0,0,0,0,385.971,0,140.924,-526.895
"MtrElec",11,12,15,"",0,0,0,0,0,0,0,0,0,0,0,0,0,0,0,0,0,0,0,0,0,359.991,0,52.0301,-412.021
"MtrElec",11,12,16,"",146.921,0,0,0,0,0,0,0,0,0,0,0,0,0,0,0,0,0,0,0,0,382.702,0,0,-235.782
"MtrElec",11,12,17,"",314.716,0,0,0,0,0,0,0,0,0,0,0,0,0,0,0,0,0,0,0,0,360.629,0,0,-45.913
"MtrElec",11,12,18,"",420.277,0,0,0,0,0,0,0,0,0,0,0,0,0,0,0,0,0,0,0,0,420.277,0,0,0
"MtrElec",11,12,19,"",188.937,0,0,0,0,0,0,0,0,0,0,0,0,0,0,0,0,0,0,0,0,410.863,0,-221.926,0
"MtrElec",11,12,20,"",192.489,0,0,0,0,0,0,0,0,0,0,0,0,0,0,0,0,0,0,0,0,414.415,0,-221.926,0
"MtrElec",11,12,21,"",171.235,0,0,0,0,0,0,0,0,0,0,0,0,0,0,0,0,0,0,0,0,393.16,0,-221.926,0
"MtrElec",11,12,22,"",278.64,0,0,0,0,0,0,0,0,0,0,0,0,0,0,0,0,0,0,0,0,318.401,0,-39.7614,0
"MtrElec",11,12,23,"",235.419,0,0,0,0,0,0,0,0,0,0,0,0,0,0,0,0,0,0,0,0,235.419,0,0,0
"MtrElec",11,12,24,"",252.361,0,0,0,0,0,0,0,0,0,0,0,0,0,0,0,0,0,0,0,0,252.361,0,0,0
"MtrElec",11,13,1,"",161.813,0,0,0,0,0,0,0,0,0,0,0,0,0,0,0,0,0,0,0,0,161.813,0,0,0
"MtrElec",11,13,2,"",152.725,0,0,0,0,0,0,0,0,0,0,0,0,0,0,0,0,0,0,0,0,152.725,0,0,0
"MtrElec",11,13,3,"",149.703,0,0,0,0,0,0,0,0,0,0,0,0,0,0,0,0,0,0,0,0,149.703,0,0,0
"MtrElec",11,13,4,"",150.598,0,0,0,0,0,0,0,0,0,0,0,0,0,0,0,0,0,0,0,0,150.598,0,0,0
"MtrElec",11,13,5,"",146.693,0,0,0,0,0,0,0,0,0,0,0,0,0,0,0,0,0,0,0,0,146.693,0,0,0
"MtrElec",11,13,6,"",204.934,0,0,0,0,0,0,0,0,0,0,0,0,0,0,0,0,0,0,0,0,204.934,0,0,0
"MtrElec",11,13,7,"",175.432,0,0,0,0,0,0,0,0,0,0,0,0,0,0,0,0,0,0,0,0,192.027,0,0,-16.5954
"MtrElec",11,13,8,"",102.468,0,0,0,0,0,0,0,0,0,0,0,0,0,0,0,0,0,0,0,0,304.731,0,0,-202.263
"MtrElec",11,13,9,"",16.5391,0,0,0,0,0,0,0,0,0,0,0,0,0,0,0,0,0,0,0,0,397.634,0,0,-381.095
"MtrElec",11,13,10,"",-73.9795,0,0,0,0,0,0,0,0,0,0,0,0,0,0,0,0,0,0,0,0,429.534,0,0,-503.513
"MtrElec",11,13,11,"",0,0,0,0,0,0,0,0,0,0,0,0,0,0,0,0,0,0,0,0,0,438.644,0,130.324,-568.968
"MtrElec",11,13,12,"",0,0,0,0,0,0,0,0,0,0,0,0,0,0,0,0,0,0,0,0,0,425.439,0,165.016,-590.456
"MtrElec",11,13,13,"",0,0,0,0,0,0,0,0,0,0,0,0,0,0,0,0,0,0,0,0,0,463.652,0,106.027,-569.679
"MtrElec",11,13,14,"",0,0,0,0,0,0,0,0,0,0,0,0,0,0,0,0,0,0,0,0,0,398.859,0,116.947,-515.805
"MtrElec",11,13,15,"",21.5196,0,0,0,0,0,0,0,0,0,0,0,0,0,0,0,0,0,0,0,0,426.613,0,0,-405.093
"MtrElec",11,13,16,"",164.009,0,0,0,0,0,0,0,0,0,0,0,0,0,0,0,0,0,0,0,0,371.729,0,0,-207.72
"MtrElec",11,13,17,"",437.881,0,0,0,0,0,0,0,0,0,0,0,0,0,0,0,0,0,0,0,0,455.524,0,0,-17.6435
"MtrElec",11,13,18,"",428.851,0,0,0,0,0,0,0,0,0,0,0,0,0,0,0,0,0,0,0,0,428.851,0,0,0
"MtrElec",11,13,19,"",191.793,0,0,0,0,0,0,0,0,0,0,0,0,0,0,0,0,0,0,0,0,413.719,0,-221.926,0
"MtrElec",11,13,20,"",196.56,0,0,0,0,0,0,0,0,0,0,0,0,0,0,0,0,0,0,0,0,418.485,0,-221.926,0
"MtrElec",11,13,21,"",416.287,0,0,0,0,0,0,0,0,0,0,0,0,0,0,0,0,0,0,0,0,440.214,0,-23.9271,0
"MtrElec",11,13,22,"",304.319,0,0,0,0,0,0,0,0,0,0,0,0,0,0,0,0,0,0,0,0,304.319,0,0,0
"MtrElec",11,13,23,"",240.085,0,0,0,0,0,0,0,0,0,0,0,0,0,0,0,0,0,0,0,0,240.085,0,0,0
"MtrElec",11,13,24,"",221.412,0,0,0,0,0,0,0,0,0,0,0,0,0,0,0,0,0,0,0,0,221.412,0,0,0
"MtrElec",11,14,1,"",177.523,0,0,0,0,0,0,0,0,0,0,0,0,0,0,0,0,0,0,0,0,177.523,0,0,0
"MtrElec",11,14,2,"",156.481,0,0,0,0,0,0,0,0,0,0,0,0,0,0,0,0,0,0,0,0,156.481,0,0,0
"MtrElec",11,14,3,"",153.951,0,0,0,0,0,0,0,0,0,0,0,0,0,0,0,0,0,0,0,0,153.951,0,0,0
"MtrElec",11,14,4,"",206.468,0,0,0,0,0,0,0,0,0,0,0,0,0,0,0,0,0,0,0,0,206.468,0,0,0
"MtrElec",11,14,5,"",196.501,0,0,0,0,0,0,0,0,0,0,0,0,0,0,0,0,0,0,0,0,196.501,0,0,0
"MtrElec",11,14,6,"",153.798,0,0,0,0,0,0,0,0,0,0,0,0,0,0,0,0,0,0,0,0,153.798,0,0,0
"MtrElec",11,14,7,"",158.831,0,0,0,0,0,0,0,0,0,0,0,0,0,0,0,0,0,0,0,0,175.417,0,0,-16.5866
"MtrElec",11,14,8,"",64.4568,0,0,0,0,0,0,0,0,0,0,0,0,0,0,0,0,0,0,0,0,265.038,0,0,-200.582
"MtrElec",11,14,9,"",-49.3143,0,0,0,0,0,0,0,0,0,0,0,0,0,0,0,0,0,0,0,0,329.596,0,0,-378.91
"MtrElec",11,14,10,"",-64.1371,0,0,0,0,0,0,0,0,0,0,0,0,0,0,0,0,0,0,0,0,431.892,0,0,-496.029
"MtrElec",11,14,11,"",0,0,0,0,0,0,0,0,0,0,0,0,0,0,0,0,0,0,0,0,0,469.231,0,94.9789,-564.21
"MtrElec",11,14,12,"",0,0,0,0,0,0,0,0,0,0,0,0,0,0,0,0,0,0,0,0,0,545.448,0,40.0501,-585.498
"MtrElec",11,14,13,"",0.0000039,0,0,0,0,0,0,0,0,0,0,0,0,0,0,0,0,0,0,0,0,513.568,0,60.0671,-573.635
"MtrElec",11,14,14,"",0,0,0,0,0,0,0,0,0,0,0,0,0,0,0,0,0,0,0,0,0,438.566,0,77.0942,-515.66
"MtrElec",11,14,15,"",52.7035,0,0,0,0,0,0,0,0,0,0,0,0,0,0,0,0,0,0,0,0,450.437,0,0,-397.733
"MtrElec",11,14,16,"",186.606,0,0,0,0,0,0,0,0,0,0,0,0,0,0,0,0,0,0,0,0,410.19,0,0,-223.584
"MtrElec",11,14,17,"",372.134,0,0,0,0,0,0,0,0,0,0,0,0,0,0,0,0,0,0,0,0,415.053,0,0,-42.9186
"MtrElec",11,14,18,"",428.401,0,0,0,0,0,0,0,0,0,0,0,0,0,0,0,0,0,0,0,0,428.401,0,0,0
"MtrElec",11,14,19,"",217.599,0,0,0,0,0,0,0,0,0,0,0,0,0,0,0,0,0,0,0,0,439.525,0,-221.926,0
"MtrElec",11,14,20,"",335.057,0,0,0,0,0,0,0,0,0,0,0,0,0,0,0,0,0,0,0,0,358.783,0,-23.7261,0
"MtrElec",11,14,21,"",351.87,0,0,0,0,0,0,0,0,0,0,0,0,0,0,0,0,0,0,0,0,351.87,0,0,0
"MtrElec",11,14,22,"",327.82,0,0,0,0,0,0,0,0,0,0,0,0,0,0,0,0,0,0,0,0,327.82,0,0,0
"MtrElec",11,14,23,"",269.106,0,0,0,0,0,0,0,0,0,0,0,0,0,0,0,0,0,0,0,0,269.106,0,0,0
"MtrElec",11,14,24,"",219.819,0,0,0,0,0,0,0,0,0,0,0,0,0,0,0,0,0,0,0,0,219.819,0,0,0
"MtrElec",11,15,1,"",161.808,0,0,0,0,0,0,0,0,0,0,0,0,0,0,0,0,0,0,0,0,161.808,0,0,0
"MtrElec",11,15,2,"",154.003,0,0,0,0,0,0,0,0,0,0,0,0,0,0,0,0,0,0,0,0,154.003,0,0,0
"MtrElec",11,15,3,"",152.582,0,0,0,0,0,0,0,0,0,0,0,0,0,0,0,0,0,0,0,0,152.582,0,0,0
"MtrElec",11,15,4,"",151.787,0,0,0,0,0,0,0,0,0,0,0,0,0,0,0,0,0,0,0,0,151.787,0,0,0
"MtrElec",11,15,5,"",148.171,0,0,0,0,0,0,0,0,0,0,0,0,0,0,0,0,0,0,0,0,148.171,0,0,0
"MtrElec",11,15,6,"",196.919,0,0,0,0,0,0,0,0,0,0,0,0,0,0,0,0,0,0,0,0,196.919,0,0,0
"MtrElec",11,15,7,"",150.343,0,0,0,0,0,0,0,0,0,0,0,0,0,0,0,0,0,0,0,0,165.155,0,0,-14.8119
"MtrElec",11,15,8,"",58.5757,0,0,0,0,0,0,0,0,0,0,0,0,0,0,0,0,0,0,0,0,254.684,0,0,-196.108
"MtrElec",11,15,9,"",-84.2769,0,0,0,0,0,0,0,0,0,0,0,0,0,0,0,0,0,0,0,0,288.93,0,0,-373.207
"MtrElec",11,15,10,"",-126.488,0,0,0,0,0,0,0,0,0,0,0,0,0,0,0,0,0,0,0,0,369.784,0,0,-496.272
"MtrElec",11,15,11,"",0,0,0,0,0,0,0,0,0,0,0,0,0,0,0,0,0,0,0,0,0,363.488,0,200.151,-563.639
"MtrElec",11,15,12,"",0,0,0,0,0,0,0,0,0,0,0,0,0,0,0,0,0,0,0,0,0,449.038,0,147.576,-596.613
"MtrElec",11,15,13,"",0,0,0,0,0,0,0,0,0,0,0,0,0,0,0,0,0,0,0,0,0,426.883,0,149.411,-576.294
"MtrElec",11,15,14,"",0.0000078,0,0,0,0,0,0,0,0,0,0,0,0,0,0,0,0,0,0,0,0,388.36,0,123.056,-511.415
"MtrElec",11,15,15,"",24.8362,0,0,0,0,0,0,0,0,0,0,0,0,0,0,0,0,0,0,0,0,427.118,0,0,-402.282
"MtrElec",11,15,16,"",175.484,0,0,0,0,0,0,0,0,0,0,0,0,0,0,0,0,0,0,0,0,406.812,0,0,-231.329
"MtrElec",11,15,17,"",351.835,0,0,0,0,0,0,0,0,0,0,0,0,0,0,0,0,0,0,0,0,395.846,0,0,-44.0112
"MtrElec",11,15,18,"",383.719,0,0,0,0,0,0,0,0,0,0,0,0,0,0,0,0,0,0,0,0,383.719,0,0,0
"MtrElec",11,15,19,"",198.74,0,0,0,0,0,0,0,0,0,0,0,0,0,0,0,0,0,0,0,0,420.666,0,-221.926,0
"MtrElec",11,15,20,"",136.646,0,0,0,0,0,0,0,0,0,0,0,0,0,0,0,0,0,0,0,0,358.572,0,-221.926,0
"MtrElec",11,15,21,"",183.783,0,0,0,0,0,0,0,0,0,0,0,0,0,0,0,0,0,0,0,0,299.656,0,-115.873,0
"MtrElec",11,15,22,"",237.321,0,0,0,0,0,0,0,0,0,0,0,0,0,0,0,0,0,0,0,0,237.321,0,0,0
"MtrElec",11,15,23,"",252.035,0,0,0,0,0,0,0,0,0,0,0,0,0,0,0,0,0,0,0,0,252.035,0,0,0
"MtrElec",11,15,24,"",215.851,0,0,0,0,0,0,0,0,0,0,0,0,0,0,0,0,0,0,0,0,215.851,0,0,0
"MtrElec",11,16,1,"",171.875,0,0,0,0,0,0,0,0,0,0,0,0,0,0,0,0,0,0,0,0,171.875,0,0,0
"MtrElec",11,16,2,"",197.604,0,0,0,0,0,0,0,0,0,0,0,0,0,0,0,0,0,0,0,0,197.604,0,0,0
"MtrElec",11,16,3,"",151.912,0,0,0,0,0,0,0,0,0,0,0,0,0,0,0,0,0,0,0,0,151.912,0,0,0
"MtrElec",11,16,4,"",151.762,0,0,0,0,0,0,0,0,0,0,0,0,0,0,0,0,0,0,0,0,151.762,0,0,0
"MtrElec",11,16,5,"",151.281,0,0,0,0,0,0,0,0,0,0,0,0,0,0,0,0,0,0,0,0,151.281,0,0,0
"MtrElec",11,16,6,"",158.396,0,0,0,0,0,0,0,0,0,0,0,0,0,0,0,0,0,0,0,0,158.396,0,0,0
"MtrElec",11,16,7,"",219.523,0,0,0,0,0,0,0,0,0,0,0,0,0,0,0,0,0,0,0,0,237.223,0,0,-17.6998
"MtrElec",11,16,8,"",127.572,0,0,0,0,0,0,0,0,0,0,0,0,0,0,0,0,0,0,0,0,336.903,0,0,-209.331
"MtrElec",11,16,9,"",-25.9765,0,0,0,0,0,0,0,0,0,0,0,0,0,0,0,0,0,0,0,0,363.376,0,0,-389.352
"MtrElec",11,16,10,"",-70.6137,0,0,0,0,0,0,0,0,0,0,0,0,0,0,0,0,0,0,0,0,444.216,0,0,-514.83
"MtrElec",11,16,11,"",0,0,0,0,0,0,0,0,0,0,0,0,0,0,0,0,0,0,0,0,0,476.154,0,112.062,-588.216
"MtrElec",11,16,12,"",0,0,0,0,0,0,0,0,0,0,0,0,0,0,0,0,0,0,0,0,0,443.462,0,157.495,-600.957
"MtrElec",11,16,13,"",0,0,0,0,0,0,0,0,0,0,0,0,0,0,0,0,0,0,0,0,0,464.665,0,124.303,-588.968
"MtrElec",11,16,14,"",0,0,0,0,0,0,0,0,0,0,0,0,0,0,0,0,0,0,0,0,0,391.314,0,135.601,-526.915
"MtrElec",11,16,15,"",17.8489,0,0,0,0,0,0,0,0,0,0,0,0,0,0,0,0,0,0,0,0,425.412,0,0,-407.563
"MtrElec",11,16,16,"",157.131,0,0,0,0,0,0,0,0,0,0,0,0,0,0,0,0,0,0,0,0,393.225,0,0,-236.094
"MtrElec",11,16,17,"",412.031,0,0,0,0,0,0,0,0,0,0,0,0,0,0,0,0,0,0,0,0,457.612,0,0,-45.5816
"MtrElec",11,16,18,"",449.679,0,0,0,0,0,0,0,0,0,0,0,0,0,0,0,0,0,0,0,0,449.679,0,0,0
"MtrElec",11,16,19,"",208.209,0,0,0,0,0,0,0,0,0,0,0,0,0,0,0,0,0,0,0,0,430.134,0,-221.926,0
"MtrElec",11,16,20,"",219.663,0,0,0,0,0,0,0,0,0,0,0,0,0,0,0,0,0,0,0,0,441.589,0,-221.926,0
"MtrElec",11,16,21,"",332.177,0,0,0,0,0,0,0,0,0,0,0,0,0,0,0,0,0,0,0,0,366.164,0,-33.9866,0
"MtrElec",11,16,22,"",329.164,0,0,0,0,0,0,0,0,0,0,0,0,0,0,0,0,0,0,0,0,329.164,0,0,0
"MtrElec",11,16,23,"",275.022,0,0,0,0,0,0,0,0,0,0,0,0,0,0,0,0,0,0,0,0,275.022,0,0,0
"MtrElec",11,16,24,"",229.528,0,0,0,0,0,0,0,0,0,0,0,0,0,0,0,0,0,0,0,0,229.528,0,0,0
"MtrElec",11,17,1,"",176.029,0,0,0,0,0,0,0,0,0,0,0,0,0,0,0,0,0,0,0,0,176.029,0,0,0
"MtrElec",11,17,2,"",155.829,0,0,0,0,0,0,0,0,0,0,0,0,0,0,0,0,0,0,0,0,155.829,0,0,0
"MtrElec",11,17,3,"",150.574,0,0,0,0,0,0,0,0,0,0,0,0,0,0,0,0,0,0,0,0,150.574,0,0,0
"MtrElec",11,17,4,"",150.447,0,0,0,0,0,0,0,0,0,0,0,0,0,0,0,0,0,0,0,0,150.447,0,0,0
"MtrElec",11,17,5,"",191.378,0,0,0,0,0,0,0,0,0,0,0,0,0,0,0,0,0,0,0,0,191.378,0,0,0
"MtrElec",11,17,6,"",155.105,0,0,0,0,0,0,0,0,0,0,0,0,0,0,0,0,0,0,0,0,155.105,0,0,0
"MtrElec",11,17,7,"",226.486,0,0,0,0,0,0,0,0,0,0,0,0,0,0,0,0,0,0,0,0,242.329,0,0,-15.8427
"MtrElec",11,17,8,"",67.9604,0,0,0,0,0,0,0,0,0,0,0,0,0,0,0,0,0,0,0,0,262.977,0,0,-195.016
"MtrElec",11,17,9,"",-38.5755,0,0,0,0,0,0,0,0,0,0,0,0,0,0,0,0,0,0,0,0,338.299,0,0,-376.874
"MtrElec",11,17,10,"",-49.1278,0,0,0,0,0,0,0,0,0,0,0,0,0,0,0,0,0,0,0,0,447.854,0,0,-496.981
"MtrElec",11,17,11,"",0.0000078,0,0,0,0,0,0,0,0,0,0,0,0,0,0,0,0,0,0,0,0,428.623,0,128.662,-557.285
"MtrElec",11,17,12,"",0,0,0,0,0,0,0,0,0,0,0,0,0,0,0,0,0,0,0,0,0,422.181,0,120.915,-543.096
"MtrElec",11,17,13,"",0,0,0,0,0,0,0,0,0,0,0,0,0,0,0,0,0,0,0,0,0,510.917,0,60.1895,-571.106
"MtrElec",11,17,14,"",0,0,0,0,0,0,0,0,0,0,0,0,0,0,0,0,0,0,0,0,0,417.629,0,94.1325,-511.761
"MtrElec",11,17,15,"",39.9158,0,0,0,0,0,0,0,0,0,0,0,0,0,0,0,0,0,0,0,0,440.265,0,0,-400.349
"MtrElec",11,17,16,"",168.18,0,0,0,0,0,0,0,0,0,0,0,0,0,0,0,0,0,0,0,0,399.074,0,0,-230.894
"MtrElec",11,17,17,"",397.581,0,0,0,0,0,0,0,0,0,0,0,0,0,0,0,0,0,0,0,0,441.282,0,0,-43.7013
"MtrElec",11,17,18,"",460.267,0,0,0,0,0,0,0,0,0,0,0,0,0,0,0,0,0,0,0,0,460.267,0,0,0
"MtrElec",11,17,19,"",207.953,0,0,0,0,0,0,0,0,0,0,0,0,0,0,0,0,0,0,0,0,429.878,0,-221.926,0
"MtrElec",11,17,20,"",288.694,0,0,0,0,0,0,0,0,0,0,0,0,0,0,0,0,0,0,0,0,431.288,0,-142.593,0
"MtrElec",11,17,21,"",422.375,0,0,0,0,0,0,0,0,0,0,0,0,0,0,0,0,0,0,0,0,422.375,0,0,0
"MtrElec",11,17,22,"",328.879,0,0,0,0,0,0,0,0,0,0,0,0,0,0,0,0,0,0,0,0,328.879,0,0,0
"MtrElec",11,17,23,"",220.302,0,0,0,0,0,0,0,0,0,0,0,0,0,0,0,0,0,0,0,0,220.302,0,0,0
"MtrElec",11,17,24,"",230.473,0,0,0,0,0,0,0,0,0,0,0,0,0,0,0,0,0,0,0,0,230.473,0,0,0
"MtrElec",11,18,1,"",169.96,0,0,0,0,0,0,0,0,0,0,0,0,0,0,0,0,0,0,0,0,169.96,0,0,0
"MtrElec",11,18,2,"",155.9,0,0,0,0,0,0,0,0,0,0,0,0,0,0,0,0,0,0,0,0,155.9,0,0,0
"MtrElec",11,18,3,"",150.612,0,0,0,0,0,0,0,0,0,0,0,0,0,0,0,0,0,0,0,0,150.612,0,0,0
"MtrElec",11,18,4,"",152.512,0,0,0,0,0,0,0,0,0,0,0,0,0,0,0,0,0,0,0,0,152.512,0,0,0
"MtrElec",11,18,5,"",147.952,0,0,0,0,0,0,0,0,0,0,0,0,0,0,0,0,0,0,0,0,147.952,0,0,0
"MtrElec",11,18,6,"",191.393,0,0,0,0,0,0,0,0,0,0,0,0,0,0,0,0,0,0,0,0,191.393,0,0,0
"MtrElec",11,18,7,"",260.846,0,0,0,0,0,0,0,0,0,0,0,0,0,0,0,0,0,0,0,0,262.964,0,0,-2.11801
"MtrElec",11,18,8,"",215.829,0,0,0,0,0,0,0,0,0,0,0,0,0,0,0,0,0,0,0,0,315.385,0,0,-99.5564
"MtrElec",11,18,9,"",72.8273,0,0,0,0,0,0,0,0,0,0,0,0,0,0,0,0,0,0,0,0,359.343,0,0,-286.515
"MtrElec",11,18,10,"",-41.4776,0,0,0,0,0,0,0,0,0,0,0,0,0,0,0,0,0,0,0,0,463.737,0,0,-505.215
"MtrElec",11,18,11,"",0,0,0,0,0,0,0,0,0,0,0,0,0,0,0,0,0,0,0,0,0,442.606,0,129.384,-571.989
"MtrElec",11,18,12,"",0,0,0,0,0,0,0,0,0,0,0,0,0,0,0,0,0,0,0,0,0,463.536,0,132.047,-595.583
"MtrElec",11,18,13,"",0,0,0,0,0,0,0,0,0,0,0,0,0,0,0,0,0,0,0,0,0,514.667,0,58.8502,-573.517
"MtrElec",11,18,14,"",0,0,0,0,0,0,0,0,0,0,0,0,0,0,0,0,0,0,0,0,0,425.705,0,88.9901,-514.695
"MtrElec",11,18,15,"",69.428,0,0,0,0,0,0,0,0,0,0,0,0,0,0,0,0,0,0,0,0,471.619,0,0,-402.191
"MtrElec",11,18,16,"",209.013,0,0,0,0,0,0,0,0,0,0,0,0,0,0,0,0,0,0,0,0,440.033,0,0,-231.02
"MtrElec",11,18,17,"",403.29,0,0,0,0,0,0,0,0,0,0,0,0,0,0,0,0,0,0,0,0,446.97,0,0,-43.6798
"MtrElec",11,18,18,"",469.149,0,0,0,0,0,0,0,0,0,0,0,0,0,0,0,0,0,0,0,0,469.149,0,0,0
"MtrElec",11,18,19,"",224.918,0,0,0,0,0,0,0,0,0,0,0,0,0,0,0,0,0,0,0,0,446.844,0,-221.926,0
"MtrElec",11,18,20,"",294.41,0,0,0,0,0,0,0,0,0,0,0,0,0,0,0,0,0,0,0,0,441.852,0,-147.442,0
"MtrElec",11,18,21,"",411.214,0,0,0,0,0,0,0,0,0,0,0,0,0,0,0,0,0,0,0,0,411.214,0,0,0
"MtrElec",11,18,22,"",321.345,0,0,0,0,0,0,0,0,0,0,0,0,0,0,0,0,0,0,0,0,321.345,0,0,0
"MtrElec",11,18,23,"",240.083,0,0,0,0,0,0,0,0,0,0,0,0,0,0,0,0,0,0,0,0,240.083,0,0,0
"MtrElec",11,18,24,"",250.417,0,0,0,0,0,0,0,0,0,0,0,0,0,0,0,0,0,0,0,0,250.417,0,0,0
"MtrElec",11,19,1,"",168.234,0,0,0,0,0,0,0,0,0,0,0,0,0,0,0,0,0,0,0,0,168.234,0,0,0
"MtrElec",11,19,2,"",153.495,0,0,0,0,0,0,0,0,0,0,0,0,0,0,0,0,0,0,0,0,153.495,0,0,0
"MtrElec",11,19,3,"",149.274,0,0,0,0,0,0,0,0,0,0,0,0,0,0,0,0,0,0,0,0,149.274,0,0,0
"MtrElec",11,19,4,"",151.284,0,0,0,0,0,0,0,0,0,0,0,0,0,0,0,0,0,0,0,0,151.284,0,0,0
"MtrElec",11,19,5,"",147.815,0,0,0,0,0,0,0,0,0,0,0,0,0,0,0,0,0,0,0,0,147.815,0,0,0
"MtrElec",11,19,6,"",196.686,0,0,0,0,0,0,0,0,0,0,0,0,0,0,0,0,0,0,0,0,196.686,0,0,0
"MtrElec",11,19,7,"",239.957,0,0,0,0,0,0,0,0,0,0,0,0,0,0,0,0,0,0,0,0,256.083,0,0,-16.1256
"MtrElec",11,19,8,"",94.4088,0,0,0,0,0,0,0,0,0,0,0,0,0,0,0,0,0,0,0,0,296.76,0,0,-202.351
"MtrElec",11,19,9,"",-35.555,0,0,0,0,0,0,0,0,0,0,0,0,0,0,0,0,0,0,0,0,362.4,0,0,-397.955
"MtrElec",11,19,10,"",-112.059,0,0,0,0,0,0,0,0,0,0,0,0,0,0,0,0,0,0,0,0,408.501,0,0,-520.56
"MtrElec",11,19,11,"",0.0000078,0,0,0,0,0,0,0,0,0,0,0,0,0,0,0,0,0,0,0,0,482.405,0,101.759,-584.164
"MtrElec",11,19,12,"",0,0,0,0,0,0,0,0,0,0,0,0,0,0,0,0,0,0,0,0,0,474.523,0,132.03,-606.553
"MtrElec",11,19,13,"",0,0,0,0,0,0,0,0,0,0,0,0,0,0,0,0,0,0,0,0,0,524.903,0,71.3844,-596.288
"MtrElec",11,19,14,"",0.0000078,0,0,0,0,0,0,0,0,0,0,0,0,0,0,0,0,0,0,0,0,415.728,0,113.985,-529.714
"MtrElec",11,19,15,"",55.9356,0,0,0,0,0,0,0,0,0,0,0,0,0,0,0,0,0,0,0,0,464.703,0,0,-408.767
"MtrElec",11,19,16,"",172.215,0,0,0,0,0,0,0,0,0,0,0,0,0,0,0,0,0,0,0,0,408.72,0,0,-236.505
"MtrElec",11,19,17,"",411.106,0,0,0,0,0,0,0,0,0,0,0,0,0,0,0,0,0,0,0,0,456.207,0,0,-45.1007
"MtrElec",11,19,18,"",413.244,0,0,0,0,0,0,0,0,0,0,0,0,0,0,0,0,0,0,0,0,413.244,0,0,0
"MtrElec",11,19,19,"",183.918,0,0,0,0,0,0,0,0,0,0,0,0,0,0,0,0,0,0,0,0,405.843,0,-221.926,0
"MtrElec",11,19,20,"",279.041,0,0,0,0,0,0,0,0,0,0,0,0,0,0,0,0,0,0,0,0,435.406,0,-156.365,0
"MtrElec",11,19,21,"",428.8,0,0,0,0,0,0,0,0,0,0,0,0,0,0,0,0,0,0,0,0,428.8,0,0,0
"MtrElec",11,19,22,"",302.983,0,0,0,0,0,0,0,0,0,0,0,0,0,0,0,0,0,0,0,0,302.983,0,0,0
"MtrElec",11,19,23,"",294.523,0,0,0,0,0,0,0,0,0,0,0,0,0,0,0,0,0,0,0,0,294.523,0,0,0
"MtrElec",11,19,24,"",222.514,0,0,0,0,0,0,0,0,0,0,0,0,0,0,0,0,0,0,0,0,222.514,0,0,0
"MtrElec",11,20,1,"",176.734,0,0,0,0,0,0,0,0,0,0,0,0,0,0,0,0,0,0,0,0,176.734,0,0,0
"MtrElec",11,20,2,"",155.714,0,0,0,0,0,0,0,0,0,0,0,0,0,0,0,0,0,0,0,0,155.714,0,0,0
"MtrElec",11,20,3,"",149.591,0,0,0,0,0,0,0,0,0,0,0,0,0,0,0,0,0,0,0,0,149.591,0,0,0
"MtrElec",11,20,4,"",151.104,0,0,0,0,0,0,0,0,0,0,0,0,0,0,0,0,0,0,0,0,151.104,0,0,0
"MtrElec",11,20,5,"",190.819,0,0,0,0,0,0,0,0,0,0,0,0,0,0,0,0,0,0,0,0,190.819,0,0,0
"MtrElec",11,20,6,"",154.955,0,0,0,0,0,0,0,0,0,0,0,0,0,0,0,0,0,0,0,0,154.955,0,0,0
"MtrElec",11,20,7,"",234.907,0,0,0,0,0,0,0,0,0,0,0,0,0,0,0,0,0,0,0,0,248.009,0,0,-13.1025
"MtrElec",11,20,8,"",156.285,0,0,0,0,0,0,0,0,0,0,0,0,0,0,0,0,0,0,0,0,342.93,0,0,-186.646
"MtrElec",11,20,9,"",-2.13375,0,0,0,0,0,0,0,0,0,0,0,0,0,0,0,0,0,0,0,0,366.389,0,0,-368.522
"MtrElec",11,20,10,"",-58.3372,0,0,0,0,0,0,0,0,0,0,0,0,0,0,0,0,0,0,0,0,428.705,0,0,-487.042
"MtrElec",11,20,11,"",0,0,0,0,0,0,0,0,0,0,0,0,0,0,0,0,0,0,0,0,0,452.013,0,99.8054,-551.818
"MtrElec",11,20,12,"",0.0000078,0,0,0,0,0,0,0,0,0,0,0,0,0,0,0,0,0,0,0,0,488.717,0,88.4552,-577.173
"MtrElec",11,20,13,"",0,0,0,0,0,0,0,0,0,0,0,0,0,0,0,0,0,0,0,0,0,502.502,0,53.5597,-556.062
"MtrElec",11,20,14,"",0,0,0,0,0,0,0,0,0,0,0,0,0,0,0,0,0,0,0,0,0,469.702,0,21.168,-490.87
"MtrElec",11,20,15,"",61.1761,0,0,0,0,0,0,0,0,0,0,0,0,0,0,0,0,0,0,0,0,442.449,0,0,-381.273
"MtrElec",11,20,16,"",257.64,0,0,0,0,0,0,0,0,0,0,0,0,0,0,0,0,0,0,0,0,476.669,0,0,-219.029
"MtrElec",11,20,17,"",410.576,0,0,0,0,0,0,0,0,0,0,0,0,0,0,0,0,0,0,0,0,441.995,0,0,-31.4187
"MtrElec",11,20,18,"",481.866,0,0,0,0,0,0,0,0,0,0,0,0,0,0,0,0,0,0,0,0,481.866,0,0,0
"MtrElec",11,20,19,"",229.79,0,0,0,0,0,0,0,0,0,0,0,0,0,0,0,0,0,0,0,0,451.716,0,-221.926,0
"MtrElec",11,20,20,"",409.95,0,0,0,0,0,0,0,0,0,0,0,0,0,0,0,0,0,0,0,0,425.371,0,-15.4211,0
"MtrElec",11,20,21,"",437.699,0,0,0,0,0,0,0,0,0,0,0,0,0,0,0,0,0,0,0,0,437.699,0,0,0
"MtrElec",11,20,22,"",320.813,0,0,0,0,0,0,0,0,0,0,0,0,0,0,0,0,0,0,0,0,320.813,0,0,0
"MtrElec",11,20,23,"",250.912,0,0,0,0,0,0,0,0,0,0,0,0,0,0,0,0,0,0,0,0,250.912,0,0,0
"MtrElec",11,20,24,"",249.828,0,0,0,0,0,0,0,0,0,0,0,0,0,0,0,0,0,0,0,0,249.828,0,0,0
"MtrElec",11,21,1,"",166.541,0,0,0,0,0,0,0,0,0,0,0,0,0,0,0,0,0,0,0,0,166.541,0,0,0
"MtrElec",11,21,2,"",156.254,0,0,0,0,0,0,0,0,0,0,0,0,0,0,0,0,0,0,0,0,156.254,0,0,0
"MtrElec",11,21,3,"",151.489,0,0,0,0,0,0,0,0,0,0,0,0,0,0,0,0,0,0,0,0,151.489,0,0,0
"MtrElec",11,21,4,"",152.622,0,0,0,0,0,0,0,0,0,0,0,0,0,0,0,0,0,0,0,0,152.622,0,0,0
"MtrElec",11,21,5,"",163.889,0,0,0,0,0,0,0,0,0,0,0,0,0,0,0,0,0,0,0,0,163.889,0,0,0
"MtrElec",11,21,6,"",155.228,0,0,0,0,0,0,0,0,0,0,0,0,0,0,0,0,0,0,0,0,155.228,0,0,0
"MtrElec",11,21,7,"",203.923,0,0,0,0,0,0,0,0,0,0,0,0,0,0,0,0,0,0,0,0,215.642,0,0,-11.7185
"MtrElec",11,21,8,"",71.0182,0,0,0,0,0,0,0,0,0,0,0,0,0,0,0,0,0,0,0,0,250.209,0,0,-179.191
"MtrElec",11,21,9,"",-72.4154,0,0,0,0,0,0,0,0,0,0,0,0,0,0,0,0,0,0,0,0,291.637,0,0,-364.052
"MtrElec",11,21,10,"",-57.0279,0,0,0,0,0,0,0,0,0,0,0,0,0,0,0,0,0,0,0,0,432.861,0,0,-489.889
"MtrElec",11,21,11,"",0,0,0,0,0,0,0,0,0,0,0,0,0,0,0,0,0,0,0,0,0,471.029,0,88.0964,-559.125
"MtrElec",11,21,12,"",0,0,0,0,0,0,0,0,0,0,0,0,0,0,0,0,0,0,0,0,0,565.995,0,17.6366,-583.632
"MtrElec",11,21,13,"",0,0,0,0,0,0,0,0,0,0,0,0,0,0,0,0,0,0,0,0,0,517.567,0,35.9574,-553.524
"MtrElec",11,21,14,"",16.242,0,0,0,0,0,0,0,0,0,0,0,0,0,0,0,0,0,0,0,0,502.533,0,0,-486.291
"MtrElec",11,21,15,"",142.218,0,0,0,0,0,0,0,0,0,0,0,0,0,0,0,0,0,0,0,0,516.41,0,0,-374.192
"MtrElec",11,21,16,"",336.103,0,0,0,0,0,0,0,0,0,0,0,0,0,0,0,0,0,0,0,0,464.723,0,0,-128.62
"MtrElec",11,21,17,"",440.898,0,0,0,0,0,0,0,0,0,0,0,0,0,0,0,0,0,0,0,0,471.319,0,0,-30.4205
"MtrElec",11,21,18,"",523.549,0,0,0,0,0,0,0,0,0,0,0,0,0,0,0,0,0,0,0,0,523.549,0,0,0
"MtrElec",11,21,19,"",335.735,0,0,0,0,0,0,0,0,0,0,0,0,0,0,0,0,0,0,0,0,463.611,0,-127.876,0
"MtrElec",11,21,20,"",412.9,0,0,0,0,0,0,0,0,0,0,0,0,0,0,0,0,0,0,0,0,412.9,0,0,0
"MtrElec",11,21,21,"",309.725,0,0,0,0,0,0,0,0,0,0,0,0,0,0,0,0,0,0,0,0,309.725,0,0,0
"MtrElec",11,21,22,"",330.774,0,0,0,0,0,0,0,0,0,0,0,0,0,0,0,0,0,0,0,0,330.774,0,0,0
"MtrElec",11,21,23,"",253.293,0,0,0,0,0,0,0,0,0,0,0,0,0,0,0,0,0,0,0,0,253.293,0,0,0
"MtrElec",11,21,24,"",197.067,0,0,0,0,0,0,0,0,0,0,0,0,0,0,0,0,0,0,0,0,197.067,0,0,0
"MtrElec",11,22,1,"",163.092,0,0,0,0,0,0,0,0,0,0,0,0,0,0,0,0,0,0,0,0,163.092,0,0,0
"MtrElec",11,22,2,"",153.204,0,0,0,0,0,0,0,0,0,0,0,0,0,0,0,0,0,0,0,0,153.204,0,0,0
"MtrElec",11,22,3,"",155.096,0,0,0,0,0,0,0,0,0,0,0,0,0,0,0,0,0,0,0,0,155.096,0,0,0
"MtrElec",11,22,4,"",196.205,0,0,0,0,0,0,0,0,0,0,0,0,0,0,0,0,0,0,0,0,196.205,0,0,0
"MtrElec",11,22,5,"",184.559,0,0,0,0,0,0,0,0,0,0,0,0,0,0,0,0,0,0,0,0,184.559,0,0,0
"MtrElec",11,22,6,"",152.622,0,0,0,0,0,0,0,0,0,0,0,0,0,0,0,0,0,0,0,0,152.622,0,0,0
"MtrElec",11,22,7,"",176.186,0,0,0,0,0,0,0,0,0,0,0,0,0,0,0,0,0,0,0,0,186.937,0,0,-10.7514
"MtrElec",11,22,8,"",38.9765,0,0,0,0,0,0,0,0,0,0,0,0,0,0,0,0,0,0,0,0,209.846,0,0,-170.87
"MtrElec",11,22,9,"",-15.4178,0,0,0,0,0,0,0,0,0,0,0,0,0,0,0,0,0,0,0,0,312.034,0,0,-327.452
"MtrElec",11,22,10,"",-108.094,0,0,0,0,0,0,0,0,0,0,0,0,0,0,0,0,0,0,0,0,366.71,0,0,-474.804
"MtrElec",11,22,11,"",0,0,0,0,0,0,0,0,0,0,0,0,0,0,0,0,0,0,0,0,0,430.977,0,58.8519,-489.829
"MtrElec",11,22,12,"",0,0,0,0,0,0,0,0,0,0,0,0,0,0,0,0,0,0,0,0,0,387.223,0,138.854,-526.077
"MtrElec",11,22,13,"",0.0000078,0,0,0,0,0,0,0,0,0,0,0,0,0,0,0,0,0,0,0,0,445.53,0,111.528,-557.058
"MtrElec",11,22,14,"",0,0,0,0,0,0,0,0,0,0,0,0,0,0,0,0,0,0,0,0,0,420.024,0,81.8921,-501.916
"MtrElec",11,22,15,"",68.6026,0,0,0,0,0,0,0,0,0,0,0,0,0,0,0,0,0,0,0,0,454.292,0,0,-385.69
"MtrElec",11,22,16,"",190.993,0,0,0,0,0,0,0,0,0,0,0,0,0,0,0,0,0,0,0,0,406.942,0,0,-215.949
"MtrElec",11,22,17,"",338.436,0,0,0,0,0,0,0,0,0,0,0,0,0,0,0,0,0,0,0,0,377.338,0,0,-38.902
"MtrElec",11,22,18,"",365.457,0,0,0,0,0,0,0,0,0,0,0,0,0,0,0,0,0,0,0,0,365.457,0,0,0
"MtrElec",11,22,19,"",194.97,0,0,0,0,0,0,0,0,0,0,0,0,0,0,0,0,0,0,0,0,416.895,0,-221.926,0
"MtrElec",11,22,20,"",238.565,0,0,0,0,0,0,0,0,0,0,0,0,0,0,0,0,0,0,0,0,369.63,0,-131.065,0
"MtrElec",11,22,21,"",371.442,0,0,0,0,0,0,0,0,0,0,0,0,0,0,0,0,0,0,0,0,371.442,0,0,0
"MtrElec",11,22,22,"",358.077,0,0,0,0,0,0,0,0,0,0,0,0,0,0,0,0,0,0,0,0,358.077,0,0,0
"MtrElec",11,22,23,"",207.469,0,0,0,0,0,0,0,0,0,0,0,0,0,0,0,0,0,0,0,0,207.469,0,0,0
"MtrElec",11,22,24,"",253.802,0,0,0,0,0,0,0,0,0,0,0,0,0,0,0,0,0,0,0,0,253.802,0,0,0
"MtrElec",11,23,1,"",168.008,0,0,0,0,0,0,0,0,0,0,0,0,0,0,0,0,0,0,0,0,168.008,0,0,0
"MtrElec",11,23,2,"",158.871,0,0,0,0,0,0,0,0,0,0,0,0,0,0,0,0,0,0,0,0,158.871,0,0,0
"MtrElec",11,23,3,"",152.387,0,0,0,0,0,0,0,0,0,0,0,0,0,0,0,0,0,0,0,0,152.387,0,0,0
"MtrElec",11,23,4,"",151.606,0,0,0,0,0,0,0,0,0,0,0,0,0,0,0,0,0,0,0,0,151.606,0,0,0
"MtrElec",11,23,5,"",148.129,0,0,0,0,0,0,0,0,0,0,0,0,0,0,0,0,0,0,0,0,148.129,0,0,0
"MtrElec",11,23,6,"",189.346,0,0,0,0,0,0,0,0,0,0,0,0,0,0,0,0,0,0,0,0,189.346,0,0,0
"MtrElec",11,23,7,"",260.663,0,0,0,0,0,0,0,0,0,0,0,0,0,0,0,0,0,0,0,0,260.663,0,0,0
"MtrElec",11,23,8,"",263.294,0,0,0,0,0,0,0,0,0,0,0,0,0,0,0,0,0,0,0,0,310.23,0,0,-46.9358
"MtrElec",11,23,9,"",141.579,0,0,0,0,0,0,0,0,0,0,0,0,0,0,0,0,0,0,0,0,359.155,0,0,-217.576
"MtrElec",11,23,10,"",206.524,0,0,0,0,0,0,0,0,0,0,0,0,0,0,0,0,0,0,0,0,411.194,0,0,-204.669
"MtrElec",11,23,11,"",257.235,0,0,0,0,0,0,0,0,0,0,0,0,0,0,0,0,0,0,0,0,430.503,0,0,-173.267
"MtrElec",11,23,12,"",201.612,0,0,0,0,0,0,0,0,0,0,0,0,0,0,0,0,0,0,0,0,421.259,0,0,-219.647
"MtrElec",11,23,13,"",48.2904,0,0,0,0,0,0,0,0,0,0,0,0,0,0,0,0,0,0,0,0,420.812,0,0,-372.522
"MtrElec",11,23,14,"",52.3605,0,0,0,0,0,0,0,0,0,0,0,0,0,0,0,0,0,0,0,0,388.489,0,0,-336.129
"MtrElec",11,23,15,"",63.8056,0,0,0,0,0,0,0,0,0,0,0,0,0,0,0,0,0,0,0,0,362.53,0,0,-298.724
"MtrElec",11,23,16,"",321.702,0,0,0,0,0,0,0,0,0,0,0,0,0,0,0,0,0,0,0,0,394.699,0,0,-72.997
"MtrElec",11,23,17,"",371.876,0,0,0,0,0,0,0,0,0,0,0,0,0,0,0,0,0,0,0,0,372.916,0,0,-1.0403
"MtrElec",11,23,18,"",436.334,0,0,0,0,0,0,0,0,0,0,0,0,0,0,0,0,0,0,0,0,436.334,0,0,0
"MtrElec",11,23,19,"",417.888,0,0,0,0,0,0,0,0,0,0,0,0,0,0,0,0,0,0,0,0,417.888,0,0,0
"MtrElec",11,23,20,"",406.471,0,0,0,0,0,0,0,0,0,0,0,0,0,0,0,0,0,0,0,0,406.471,0,0,0
"MtrElec",11,23,21,"",379.72,0,0,0,0,0,0,0,0,0,0,0,0,0,0,0,0,0,0,0,0,379.72,0,0,0
"MtrElec",11,23,22,"",285.911,0,0,0,0,0,0,0,0,0,0,0,0,0,0,0,0,0,0,0,0,285.911,0,0,0
"MtrElec",11,23,23,"",276.94,0,0,0,0,0,0,0,0,0,0,0,0,0,0,0,0,0,0,0,0,276.94,0,0,0
"MtrElec",11,23,24,"",194.499,0,0,0,0,0,0,0,0,0,0,0,0,0,0,0,0,0,0,0,0,194.499,0,0,0
"MtrElec",11,24,1,"",162.952,0,0,0,0,0,0,0,0,0,0,0,0,0,0,0,0,0,0,0,0,162.952,0,0,0
"MtrElec",11,24,2,"",158.519,0,0,0,0,0,0,0,0,0,0,0,0,0,0,0,0,0,0,0,0,158.519,0,0,0
"MtrElec",11,24,3,"",152.979,0,0,0,0,0,0,0,0,0,0,0,0,0,0,0,0,0,0,0,0,152.979,0,0,0
"MtrElec",11,24,4,"",150.463,0,0,0,0,0,0,0,0,0,0,0,0,0,0,0,0,0,0,0,0,150.463,0,0,0
"MtrElec",11,24,5,"",188.955,0,0,0,0,0,0,0,0,0,0,0,0,0,0,0,0,0,0,0,0,188.955,0,0,0
"MtrElec",11,24,6,"",153.33,0,0,0,0,0,0,0,0,0,0,0,0,0,0,0,0,0,0,0,0,153.33,0,0,0
"MtrElec",11,24,7,"",224.258,0,0,0,0,0,0,0,0,0,0,0,0,0,0,0,0,0,0,0,0,232.501,0,0,-8.24357
"MtrElec",11,24,8,"",175.354,0,0,0,0,0,0,0,0,0,0,0,0,0,0,0,0,0,0,0,0,331.369,0,0,-156.015
"MtrElec",11,24,9,"",7.01472,0,0,0,0,0,0,0,0,0,0,0,0,0,0,0,0,0,0,0,0,346.213,0,0,-339.198
"MtrElec",11,24,10,"",-87.9437,0,0,0,0,0,0,0,0,0,0,0,0,0,0,0,0,0,0,0,0,380.839,0,0,-468.783
"MtrElec",11,24,11,"",0.0000078,0,0,0,0,0,0,0,0,0,0,0,0,0,0,0,0,0,0,0,0,423.743,0,126.991,-550.734
"MtrElec",11,24,12,"",0,0,0,0,0,0,0,0,0,0,0,0,0,0,0,0,0,0,0,0,0,393.351,0,190.927,-584.279
"MtrElec",11,24,13,"",0.0000156,0,0,0,0,0,0,0,0,0,0,0,0,0,0,0,0,0,0,0,0,435.396,0,136.807,-572.203
"MtrElec",11,24,14,"",0,0,0,0,0,0,0,0,0,0,0,0,0,0,0,0,0,0,0,0,0,380.43,0,119.346,-499.776
"MtrElec",11,24,15,"",28.8134,0,0,0,0,0,0,0,0,0,0,0,0,0,0,0,0,0,0,0,0,411.132,0,0,-382.319
"MtrElec",11,24,16,"",164.877,0,0,0,0,0,0,0,0,0,0,0,0,0,0,0,0,0,0,0,0,379.713,0,0,-214.837
"MtrElec",11,24,17,"",406.374,0,0,0,0,0,0,0,0,0,0,0,0,0,0,0,0,0,0,0,0,444.353,0,0,-37.9785
"MtrElec",11,24,18,"",437.491,0,0,0,0,0,0,0,0,0,0,0,0,0,0,0,0,0,0,0,0,437.491,0,0,0
"MtrElec",11,24,19,"",191.673,0,0,0,0,0,0,0,0,0,0,0,0,0,0,0,0,0,0,0,0,413.599,0,-221.926,0
"MtrElec",11,24,20,"",177.909,0,0,0,0,0,0,0,0,0,0,0,0,0,0,0,0,0,0,0,0,399.835,0,-221.926,0
"MtrElec",11,24,21,"",274.995,0,0,0,0,0,0,0,0,0,0,0,0,0,0,0,0,0,0,0,0,349.243,0,-74.2482,0
"MtrElec",11,24,22,"",307.514,0,0,0,0,0,0,0,0,0,0,0,0,0,0,0,0,0,0,0,0,307.514,0,0,0
"MtrElec",11,24,23,"",268.782,0,0,0,0,0,0,0,0,0,0,0,0,0,0,0,0,0,0,0,0,268.782,0,0,0
"MtrElec",11,24,24,"",200.496,0,0,0,0,0,0,0,0,0,0,0,0,0,0,0,0,0,0,0,0,200.496,0,0,0
"MtrElec",11,25,1,"",162.966,0,0,0,0,0,0,0,0,0,0,0,0,0,0,0,0,0,0,0,0,162.966,0,0,0
"MtrElec",11,25,2,"",154.876,0,0,0,0,0,0,0,0,0,0,0,0,0,0,0,0,0,0,0,0,154.876,0,0,0
"MtrElec",11,25,3,"",152.329,0,0,0,0,0,0,0,0,0,0,0,0,0,0,0,0,0,0,0,0,152.329,0,0,0
"MtrElec",11,25,4,"",150.436,0,0,0,0,0,0,0,0,0,0,0,0,0,0,0,0,0,0,0,0,150.436,0,0,0
"MtrElec",11,25,5,"",148.17,0,0,0,0,0,0,0,0,0,0,0,0,0,0,0,0,0,0,0,0,148.17,0,0,0
"MtrElec",11,25,6,"",193.934,0,0,0,0,0,0,0,0,0,0,0,0,0,0,0,0,0,0,0,0,193.934,0,0,0
"MtrElec",11,25,7,"",236.095,0,0,0,0,0,0,0,0,0,0,0,0,0,0,0,0,0,0,0,0,236.095,0,0,0
"MtrElec",11,25,8,"",273.229,0,0,0,0,0,0,0,0,0,0,0,0,0,0,0,0,0,0,0,0,284.944,0,0,-11.7153
"MtrElec",11,25,9,"",325.816,0,0,0,0,0,0,0,0,0,0,0,0,0,0,0,0,0,0,0,0,394.43,0,0,-68.6136
"MtrElec",11,25,10,"",143.561,0,0,0,0,0,0,0,0,0,0,0,0,0,0,0,0,0,0,0,0,472.704,0,0,-329.143
"MtrElec",11,25,11,"",0.0000078,0,0,0,0,0,0,0,0,0,0,0,0,0,0,0,0,0,0,0,0,456.913,0,81.8868,-538.8
"MtrElec",11,25,12,"",0,0,0,0,0,0,0,0,0,0,0,0,0,0,0,0,0,0,0,0,0,427.708,0,138.653,-566.361
"MtrElec",11,25,13,"",0.0000156,0,0,0,0,0,0,0,0,0,0,0,0,0,0,0,0,0,0,0,0,420.56,0,140.037,-560.597
"MtrElec",11,25,14,"",0.0000039,0,0,0,0,0,0,0,0,0,0,0,0,0,0,0,0,0,0,0,0,398.043,0,33.5187,-431.562
"MtrElec",11,25,15,"",0,0,0,0,0,0,0,0,0,0,0,0,0,0,0,0,0,0,0,0,0,344.142,0,14.6458,-358.787
"MtrElec",11,25,16,"",170.841,0,0,0,0,0,0,0,0,0,0,0,0,0,0,0,0,0,0,0,0,380.106,0,0,-209.264
"MtrElec",11,25,17,"",406.129,0,0,0,0,0,0,0,0,0,0,0,0,0,0,0,0,0,0,0,0,443.633,0,0,-37.5038
"MtrElec",11,25,18,"",399.142,0,0,0,0,0,0,0,0,0,0,0,0,0,0,0,0,0,0,0,0,399.142,0,0,0
"MtrElec",11,25,19,"",176.592,0,0,0,0,0,0,0,0,0,0,0,0,0,0,0,0,0,0,0,0,398.517,0,-221.926,0
"MtrElec",11,25,20,"",283.516,0,0,0,0,0,0,0,0,0,0,0,0,0,0,0,0,0,0,0,0,430.479,0,-146.963,0
"MtrElec",11,25,21,"",427.459,0,0,0,0,0,0,0,0,0,0,0,0,0,0,0,0,0,0,0,0,427.459,0,0,0
"MtrElec",11,25,22,"",309.424,0,0,0,0,0,0,0,0,0,0,0,0,0,0,0,0,0,0,0,0,309.424,0,0,0
"MtrElec",11,25,23,"",272.302,0,0,0,0,0,0,0,0,0,0,0,0,0,0,0,0,0,0,0,0,272.302,0,0,0
"MtrElec",11,25,24,"",197.074,0,0,0,0,0,0,0,0,0,0,0,0,0,0,0,0,0,0,0,0,197.074,0,0,0
"MtrElec",11,26,1,"",226.305,0,0,0,0,0,0,0,0,0,0,0,0,0,0,0,0,0,0,0,0,226.305,0,0,0
"MtrElec",11,26,2,"",157.924,0,0,0,0,0,0,0,0,0,0,0,0,0,0,0,0,0,0,0,0,157.924,0,0,0
"MtrElec",11,26,3,"",149.756,0,0,0,0,0,0,0,0,0,0,0,0,0,0,0,0,0,0,0,0,149.756,0,0,0
"MtrElec",11,26,4,"",151.236,0,0,0,0,0,0,0,0,0,0,0,0,0,0,0,0,0,0,0,0,151.236,0,0,0
"MtrElec",11,26,5,"",147.039,0,0,0,0,0,0,0,0,0,0,0,0,0,0,0,0,0,0,0,0,147.039,0,0,0
"MtrElec",11,26,6,"",190.272,0,0,0,0,0,0,0,0,0,0,0,0,0,0,0,0,0,0,0,0,190.272,0,0,0
"MtrElec",11,26,7,"",222.66,0,0,0,0,0,0,0,0,0,0,0,0,0,0,0,0,0,0,0,0,222.689,0,0,-0.0294227
"MtrElec",11,26,8,"",183.876,0,0,0,0,0,0,0,0,0,0,0,0,0,0,0,0,0,0,0,0,296.165,0,0,-112.289
"MtrElec",11,26,9,"",-38.4934,0,0,0,0,0,0,0,0,0,0,0,0,0,0,0,0,0,0,0,0,330.375,0,0,-368.869
"MtrElec",11,26,10,"",-65.3805,0,0,0,0,0,0,0,0,0,0,0,0,0,0,0,0,0,0,0,0,441.964,0,0,-507.345
"MtrElec",11,26,11,"",0,0,0,0,0,0,0,0,0,0,0,0,0,0,0,0,0,0,0,0,0,451.737,0,138.483,-590.219
"MtrElec",11,26,12,"",0,0,0,0,0,0,0,0,0,0,0,0,0,0,0,0,0,0,0,0,0,443.21,0,184.333,-627.543
"MtrElec",11,26,13,"",0,0,0,0,0,0,0,0,0,0,0,0,0,0,0,0,0,0,0,0,0,429.837,0,182.585,-612.423
"MtrElec",11,26,14,"",0,0,0,0,0,0,0,0,0,0,0,0,0,0,0,0,0,0,0,0,0,375.172,0,160.281,-535.453
"MtrElec",11,26,15,"",0,0,0,0,0,0,0,0,0,0,0,0,0,0,0,0,0,0,0,0,0,332.729,0,81.1525,-413.882
"MtrElec",11,26,16,"",84.5311,0,0,0,0,0,0,0,0,0,0,0,0,0,0,0,0,0,0,0,0,326.09,0,0,-241.559
"MtrElec",11,26,17,"",331.027,0,0,0,0,0,0,0,0,0,0,0,0,0,0,0,0,0,0,0,0,376.762,0,0,-45.7344
"MtrElec",11,26,18,"",410.071,0,0,0,0,0,0,0,0,0,0,0,0,0,0,0,0,0,0,0,0,410.071,0,0,0
"MtrElec",11,26,19,"",221.85,0,0,0,0,0,0,0,0,0,0,0,0,0,0,0,0,0,0,0,0,443.776,0,-221.926,0
"MtrElec",11,26,20,"",76.3554,0,0,0,0,0,0,0,0,0,0,0,0,0,0,0,0,0,0,0,0,298.281,0,-221.926,0
"MtrElec",11,26,21,"",105.927,0,0,0,0,0,0,0,0,0,0,0,0,0,0,0,0,0,0,0,0,327.853,0,-221.926,0
"MtrElec",11,26,22,"",258.226,0,0,0,0,0,0,0,0,0,0,0,0,0,0,0,0,0,0,0,0,266.467,0,-8.24119,0
"MtrElec",11,26,23,"",243.995,0,0,0,0,0,0,0,0,0,0,0,0,0,0,0,0,0,0,0,0,243.995,0,0,0
"MtrElec",11,26,24,"",198.091,0,0,0,0,0,0,0,0,0,0,0,0,0,0,0,0,0,0,0,0,198.091,0,0,0
"MtrElec",11,27,1,"",159.851,0,0,0,0,0,0,0,0,0,0,0,0,0,0,0,0,0,0,0,0,159.851,0,0,0
"MtrElec",11,27,2,"",199.517,0,0,0,0,0,0,0,0,0,0,0,0,0,0,0,0,0,0,0,0,199.517,0,0,0
"MtrElec",11,27,3,"",151.697,0,0,0,0,0,0,0,0,0,0,0,0,0,0,0,0,0,0,0,0,151.697,0,0,0
"MtrElec",11,27,4,"",151.851,0,0,0,0,0,0,0,0,0,0,0,0,0,0,0,0,0,0,0,0,151.851,0,0,0
"MtrElec",11,27,5,"",146.961,0,0,0,0,0,0,0,0,0,0,0,0,0,0,0,0,0,0,0,0,146.961,0,0,0
"MtrElec",11,27,6,"",219.745,0,0,0,0,0,0,0,0,0,0,0,0,0,0,0,0,0,0,0,0,219.745,0,0,0
"MtrElec",11,27,7,"",225.239,0,0,0,0,0,0,0,0,0,0,0,0,0,0,0,0,0,0,0,0,237.941,0,0,-12.7027
"MtrElec",11,27,8,"",91.2725,0,0,0,0,0,0,0,0,0,0,0,0,0,0,0,0,0,0,0,0,268.099,0,0,-176.826
"MtrElec",11,27,9,"",36.1392,0,0,0,0,0,0,0,0,0,0,0,0,0,0,0,0,0,0,0,0,403.178,0,0,-367.039
"MtrElec",11,27,10,"",-46.222,0,0,0,0,0,0,0,0,0,0,0,0,0,0,0,0,0,0,0,0,445.397,0,0,-491.619
"MtrElec",11,27,11,"",0.0000020,0,0,0,0,0,0,0,0,0,0,0,0,0,0,0,0,0,0,0,0,538.381,0,29.0119,-567.393
"MtrElec",11,27,12,"",0,0,0,0,0,0,0,0,0,0,0,0,0,0,0,0,0,0,0,0,0,463.205,0,131.065,-594.27
"MtrElec",11,27,13,"",0,0,0,0,0,0,0,0,0,0,0,0,0,0,0,0,0,0,0,0,0,532.27,0,50.9169,-583.187
"MtrElec",11,27,14,"",0.0000039,0,0,0,0,0,0,0,0,0,0,0,0,0,0,0,0,0,0,0,0,464.57,0,54.4309,-519.001
"MtrElec",11,27,15,"",51.2025,0,0,0,0,0,0,0,0,0,0,0,0,0,0,0,0,0,0,0,0,451.696,0,0,-400.493
"MtrElec",11,27,16,"",173.109,0,0,0,0,0,0,0,0,0,0,0,0,0,0,0,0,0,0,0,0,401.162,0,0,-228.053
"MtrElec",11,27,17,"",383.719,0,0,0,0,0,0,0,0,0,0,0,0,0,0,0,0,0,0,0,0,426.446,0,0,-42.727
"MtrElec",11,27,18,"",504.461,0,0,0,0,0,0,0,0,0,0,0,0,0,0,0,0,0,0,0,0,504.461,0,0,0
"MtrElec",11,27,19,"",274.056,0,0,0,0,0,0,0,0,0,0,0,0,0,0,0,0,0,0,0,0,495.982,0,-221.926,0
"MtrElec",11,27,20,"",406.188,0,0,0,0,0,0,0,0,0,0,0,0,0,0,0,0,0,0,0,0,423.808,0,-17.6198,0
"MtrElec",11,27,21,"",402.267,0,0,0,0,0,0,0,0,0,0,0,0,0,0,0,0,0,0,0,0,402.267,0,0,0
"MtrElec",11,27,22,"",328.692,0,0,0,0,0,0,0,0,0,0,0,0,0,0,0,0,0,0,0,0,328.692,0,0,0
"MtrElec",11,27,23,"",231.491,0,0,0,0,0,0,0,0,0,0,0,0,0,0,0,0,0,0,0,0,231.491,0,0,0
"MtrElec",11,27,24,"",210.747,0,0,0,0,0,0,0,0,0,0,0,0,0,0,0,0,0,0,0,0,210.747,0,0,0
"MtrElec",11,28,1,"",164.319,0,0,0,0,0,0,0,0,0,0,0,0,0,0,0,0,0,0,0,0,164.319,0,0,0
"MtrElec",11,28,2,"",212.755,0,0,0,0,0,0,0,0,0,0,0,0,0,0,0,0,0,0,0,0,212.755,0,0,0
"MtrElec",11,28,3,"",150.171,0,0,0,0,0,0,0,0,0,0,0,0,0,0,0,0,0,0,0,0,150.171,0,0,0
"MtrElec",11,28,4,"",158.309,0,0,0,0,0,0,0,0,0,0,0,0,0,0,0,0,0,0,0,0,158.309,0,0,0
"MtrElec",11,28,5,"",159.673,0,0,0,0,0,0,0,0,0,0,0,0,0,0,0,0,0,0,0,0,159.673,0,0,0
"MtrElec",11,28,6,"",156.764,0,0,0,0,0,0,0,0,0,0,0,0,0,0,0,0,0,0,0,0,156.764,0,0,0
"MtrElec",11,28,7,"",224.479,0,0,0,0,0,0,0,0,0,0,0,0,0,0,0,0,0,0,0,0,233.971,0,0,-9.492
"MtrElec",11,28,8,"",96.5411,0,0,0,0,0,0,0,0,0,0,0,0,0,0,0,0,0,0,0,0,260.419,0,0,-163.878
"MtrElec",11,28,9,"",-53.5027,0,0,0,0,0,0,0,0,0,0,0,0,0,0,0,0,0,0,0,0,298.428,0,0,-351.931
"MtrElec",11,28,10,"",-82.1785,0,0,0,0,0,0,0,0,0,0,0,0,0,0,0,0,0,0,0,0,408.109,0,0,-490.287
"MtrElec",11,28,11,"",0,0,0,0,0,0,0,0,0,0,0,0,0,0,0,0,0,0,0,0,0,471.732,0,98.7627,-570.495
"MtrElec",11,28,12,"",0.0000078,0,0,0,0,0,0,0,0,0,0,0,0,0,0,0,0,0,0,0,0,467.975,0,126.703,-594.678
"MtrElec",11,28,13,"",0,0,0,0,0,0,0,0,0,0,0,0,0,0,0,0,0,0,0,0,0,471.459,0,88.4476,-559.906
"MtrElec",11,28,14,"",0.0000039,0,0,0,0,0,0,0,0,0,0,0,0,0,0,0,0,0,0,0,0,439.849,0,61.6286,-501.477
"MtrElec",11,28,15,"",83.7145,0,0,0,0,0,0,0,0,0,0,0,0,0,0,0,0,0,0,0,0,476.86,0,0,-393.146
"MtrElec",11,28,16,"",166.061,0,0,0,0,0,0,0,0,0,0,0,0,0,0,0,0,0,0,0,0,387.953,0,0,-221.892
"MtrElec",11,28,17,"",342.915,0,0,0,0,0,0,0,0,0,0,0,0,0,0,0,0,0,0,0,0,383.316,0,0,-40.4016
"MtrElec",11,28,18,"",414.841,0,0,0,0,0,0,0,0,0,0,0,0,0,0,0,0,0,0,0,0,414.841,0,0,0
"MtrElec",11,28,19,"",223.935,0,0,0,0,0,0,0,0,0,0,0,0,0,0,0,0,0,0,0,0,445.861,0,-221.926,0
"MtrElec",11,28,20,"",287.836,0,0,0,0,0,0,0,0,0,0,0,0,0,0,0,0,0,0,0,0,404.837,0,-117.001,0
"MtrElec",11,28,21,"",306.256,0,0,0,0,0,0,0,0,0,0,0,0,0,0,0,0,0,0,0,0,306.256,0,0,0
"MtrElec",11,28,22,"",297.249,0,0,0,0,0,0,0,0,0,0,0,0,0,0,0,0,0,0,0,0,297.249,0,0,0
"MtrElec",11,28,23,"",260.569,0,0,0,0,0,0,0,0,0,0,0,0,0,0,0,0,0,0,0,0,260.569,0,0,0
"MtrElec",11,28,24,"",289.419,0,0,0,0,0,0,0,0,0,0,0,0,0,0,0,0,0,0,0,0,289.419,0,0,0
"MtrElec",11,29,1,"",187.718,0,0,0,0,0,0,0,0,0,0,0,0,0,0,0,0,0,0,0,0,187.718,0,0,0
"MtrElec",11,29,2,"",158.383,0,0,0,0,0,0,0,0,0,0,0,0,0,0,0,0,0,0,0,0,158.383,0,0,0
"MtrElec",11,29,3,"",156.39,0,0,0,0,0,0,0,0,0,0,0,0,0,0,0,0,0,0,0,0,156.39,0,0,0
"MtrElec",11,29,4,"",158.017,0,0,0,0,0,0,0,0,0,0,0,0,0,0,0,0,0,0,0,0,158.017,0,0,0
"MtrElec",11,29,5,"",169.097,0,0,0,0,0,0,0,0,0,0,0,0,0,0,0,0,0,0,0,0,169.097,0,0,0
"MtrElec",11,29,6,"",162.522,0,0,0,0,0,0,0,0,0,0,0,0,0,0,0,0,0,0,0,0,162.522,0,0,0
"MtrElec",11,29,7,"",208.432,0,0,0,0,0,0,0,0,0,0,0,0,0,0,0,0,0,0,0,0,215.732,0,0,-7.29978
"MtrElec",11,29,8,"",33.4727,0,0,0,0,0,0,0,0,0,0,0,0,0,0,0,0,0,0,0,0,185.5,0,0,-152.027
"MtrElec",11,29,9,"",-70.1262,0,0,0,0,0,0,0,0,0,0,0,0,0,0,0,0,0,0,0,0,262.002,0,0,-332.128
"MtrElec",11,29,10,"",-142.632,0,0,0,0,0,0,0,0,0,0,0,0,0,0,0,0,0,0,0,0,317.829,0,0,-460.46
"MtrElec",11,29,11,"",0,0,0,0,0,0,0,0,0,0,0,0,0,0,0,0,0,0,0,0,0,372.452,0,172.158,-544.61
"MtrElec",11,29,12,"",0,0,0,0,0,0,0,0,0,0,0,0,0,0,0,0,0,0,0,0,0,371.299,0,209.835,-581.134
"MtrElec",11,29,13,"",0.0000156,0,0,0,0,0,0,0,0,0,0,0,0,0,0,0,0,0,0,0,0,355.115,0,211.092,-566.207
"MtrElec",11,29,14,"",0,0,0,0,0,0,0,0,0,0,0,0,0,0,0,0,0,0,0,0,0,336.924,0,160.423,-497.347
"MtrElec",11,29,15,"",0.0000039,0,0,0,0,0,0,0,0,0,0,0,0,0,0,0,0,0,0,0,0,345.667,0,33.7865,-379.453
"MtrElec",11,29,16,"",99.6268,0,0,0,0,0,0,0,0,0,0,0,0,0,0,0,0,0,0,0,0,310.951,0,0,-211.324
"MtrElec",11,29,17,"",272.293,0,0,0,0,0,0,0,0,0,0,0,0,0,0,0,0,0,0,0,0,308.787,0,0,-36.4937
"MtrElec",11,29,18,"",316.253,0,0,0,0,0,0,0,0,0,0,0,0,0,0,0,0,0,0,0,0,316.253,0,0,0
"MtrElec",11,29,19,"",183.604,0,0,0,0,0,0,0,0,0,0,0,0,0,0,0,0,0,0,0,0,405.529,0,-221.926,0
"MtrElec",11,29,20,"",126.072,0,0,0,0,0,0,0,0,0,0,0,0,0,0,0,0,0,0,0,0,347.997,0,-221.926,0
"MtrElec",11,29,21,"",133.165,0,0,0,0,0,0,0,0,0,0,0,0,0,0,0,0,0,0,0,0,355.091,0,-221.926,0
"MtrElec",11,29,22,"",308.196,0,0,0,0,0,0,0,0,0,0,0,0,0,0,0,0,0,0,0,0,352.952,0,-44.7556,0
"MtrElec",11,29,23,"",251.629,0,0,0,0,0,0,0,0,0,0,0,0,0,0,0,0,0,0,0,0,251.629,0,0,0
"MtrElec",11,29,24,"",203.723,0,0,0,0,0,0,0,0,0,0,0,0,0,0,0,0,0,0,0,0,203.723,0,0,0
"MtrElec",11,30,1,"",171.071,0,0,0,0,0,0,0,0,0,0,0,0,0,0,0,0,0,0,0,0,171.071,0,0,0
"MtrElec",11,30,2,"",158.383,0,0,0,0,0,0,0,0,0,0,0,0,0,0,0,0,0,0,0,0,158.383,0,0,0
"MtrElec",11,30,3,"",151.286,0,0,0,0,0,0,0,0,0,0,0,0,0,0,0,0,0,0,0,0,151.286,0,0,0
"MtrElec",11,30,4,"",153.244,0,0,0,0,0,0,0,0,0,0,0,0,0,0,0,0,0,0,0,0,153.244,0,0,0
"MtrElec",11,30,5,"",144.655,0,0,0,0,0,0,0,0,0,0,0,0,0,0,0,0,0,0,0,0,144.655,0,0,0
"MtrElec",11,30,6,"",198.85,0,0,0,0,0,0,0,0,0,0,0,0,0,0,0,0,0,0,0,0,198.85,0,0,0
"MtrElec",11,30,7,"",239.701,0,0,0,0,0,0,0,0,0,0,0,0,0,0,0,0,0,0,0,0,246.019,0,0,-6.31726
"MtrElec",11,30,8,"",193.851,0,0,0,0,0,0,0,0,0,0,0,0,0,0,0,0,0,0,0,0,339.641,0,0,-145.79
"MtrElec",11,30,9,"",56.9953,0,0,0,0,0,0,0,0,0,0,0,0,0,0,0,0,0,0,0,0,393.372,0,0,-336.377
"MtrElec",11,30,10,"",-44.3273,0,0,0,0,0,0,0,0,0,0,0,0,0,0,0,0,0,0,0,0,430.83,0,0,-475.158
"MtrElec",11,30,11,"",0,0,0,0,0,0,0,0,0,0,0,0,0,0,0,0,0,0,0,0,0,419.656,0,123.052,-542.707
"MtrElec",11,30,12,"",0,0,0,0,0,0,0,0,0,0,0,0,0,0,0,0,0,0,0,0,0,407.539,0,164.051,-571.59
"MtrElec",11,30,13,"",0,0,0,0,0,0,0,0,0,0,0,0,0,0,0,0,0,0,0,0,0,478.379,0,74.2804,-552.659
"MtrElec",11,30,14,"",0.0000078,0,0,0,0,0,0,0,0,0,0,0,0,0,0,0,0,0,0,0,0,373.319,0,121.967,-495.286
"MtrElec",11,30,15,"",0.0000039,0,0,0,0,0,0,0,0,0,0,0,0,0,0,0,0,0,0,0,0,339.885,0,47.3517,-387.237
"MtrElec",11,30,16,"",166.121,0,0,0,0,0,0,0,0,0,0,0,0,0,0,0,0,0,0,0,0,381.641,0,0,-215.52
"MtrElec",11,30,17,"",331.916,0,0,0,0,0,0,0,0,0,0,0,0,0,0,0,0,0,0,0,0,368.733,0,0,-36.8166
"MtrElec",11,30,18,"",432.994,0,0,0,0,0,0,0,0,0,0,0,0,0,0,0,0,0,0,0,0,432.994,0,0,0
"MtrElec",11,30,19,"",217.827,0,0,0,0,0,0,0,0,0,0,0,0,0,0,0,0,0,0,0,0,439.753,0,-221.926,0
"MtrElec",11,30,20,"",215.139,0,0,0,0,0,0,0,0,0,0,0,0,0,0,0,0,0,0,0,0,437.064,0,-221.926,0
"MtrElec",11,30,21,"",358.122,0,0,0,0,0,0,0,0,0,0,0,0,0,0,0,0,0,0,0,0,393.229,0,-35.1066,0
"MtrElec",11,30,22,"",278.413,0,0,0,0,0,0,0,0,0,0,0,0,0,0,0,0,0,0,0,0,278.413,0,0,0
"MtrElec",11,30,23,"",311.947,0,0,0,0,0,0,0,0,0,0,0,0,0,0,0,0,0,0,0,0,311.947,0,0,0
"MtrElec",11,30,24,"",190.072,0,0,0,0,0,0,0,0,0,0,0,0,0,0,0,0,0,0,0,0,190.072,0,0,0
"MtrElec",12,1,1,"",178.582,0,0,0,0,0,0,0,0,0,0,0,0,0,0,0,0,0,0,0,0,178.582,0,0,0
"MtrElec",12,1,2,"",207.502,0,0,0,0,0,0,0,0,0,0,0,0,0,0,0,0,0,0,0,0,207.502,0,0,0
"MtrElec",12,1,3,"",158.842,0,0,0,0,0,0,0,0,0,0,0,0,0,0,0,0,0,0,0,0,158.842,0,0,0
"MtrElec",12,1,4,"",162.005,0,0,0,0,0,0,0,0,0,0,0,0,0,0,0,0,0,0,0,0,162.005,0,0,0
"MtrElec",12,1,5,"",160.065,0,0,0,0,0,0,0,0,0,0,0,0,0,0,0,0,0,0,0,0,160.065,0,0,0
"MtrElec",12,1,6,"",174.735,0,0,0,0,0,0,0,0,0,0,0,0,0,0,0,0,0,0,0,0,174.735,0,0,0
"MtrElec",12,1,7,"",289.284,0,0,0,0,0,0,0,0,0,0,0,0,0,0,0,0,0,0,0,0,297.224,0,0,-7.9394
"MtrElec",12,1,8,"",156.234,0,0,0,0,0,0,0,0,0,0,0,0,0,0,0,0,0,0,0,0,319.277,0,0,-163.044
"MtrElec",12,1,9,"",-8.54125,0,0,0,0,0,0,0,0,0,0,0,0,0,0,0,0,0,0,0,0,354.211,0,0,-362.752
"MtrElec",12,1,10,"",-123.522,0,0,0,0,0,0,0,0,0,0,0,0,0,0,0,0,0,0,0,0,375.243,0,0,-498.766
"MtrElec",12,1,11,"",0,0,0,0,0,0,0,0,0,0,0,0,0,0,0,0,0,0,0,0,0,406.993,0,172.28,-579.273
"MtrElec",12,1,12,"",-37.7835,0,0,0,0,0,0,0,0,0,0,0,0,0,0,0,0,0,0,0,0,349.686,0,221.926,-609.396
"MtrElec",12,1,13,"",0,0,0,0,0,0,0,0,0,0,0,0,0,0,0,0,0,0,0,0,0,440.811,0,147.841,-588.652
"MtrElec",12,1,14,"",0,0,0,0,0,0,0,0,0,0,0,0,0,0,0,0,0,0,0,0,0,354.914,0,164.232,-519.146
"MtrElec",12,1,15,"",-0.726344,0,0,0,0,0,0,0,0,0,0,0,0,0,0,0,0,0,0,0,0,314.258,0,88.1031,-403.088
"MtrElec",12,1,16,"",144.458,0,0,0,0,0,0,0,0,0,0,0,0,0,0,0,0,0,0,0,0,373.189,0,0,-228.731
"MtrElec",12,1,17,"",322.673,0,0,0,0,0,0,0,0,0,0,0,0,0,0,0,0,0,0,0,0,363.622,0,0,-40.9489
"MtrElec",12,1,18,"",426.831,0,0,0,0,0,0,0,0,0,0,0,0,0,0,0,0,0,0,0,0,426.831,0,0,0
"MtrElec",12,1,19,"",217.903,0,0,0,0,0,0,0,0,0,0,0,0,0,0,0,0,0,0,0,0,439.828,0,-221.926,0
"MtrElec",12,1,20,"",189.408,0,0,0,0,0,0,0,0,0,0,0,0,0,0,0,0,0,0,0,0,411.333,0,-221.926,0
"MtrElec",12,1,21,"",166.707,0,0,0,0,0,0,0,0,0,0,0,0,0,0,0,0,0,0,0,0,388.633,0,-221.926,0
"MtrElec",12,1,22,"",257.67,0,0,0,0,0,0,0,0,0,0,0,0,0,0,0,0,0,0,0,0,308.823,0,-51.1531,0
"MtrElec",12,1,23,"",281.117,0,0,0,0,0,0,0,0,0,0,0,0,0,0,0,0,0,0,0,0,281.117,0,0,0
"MtrElec",12,1,24,"",194.581,0,0,0,0,0,0,0,0,0,0,0,0,0,0,0,0,0,0,0,0,194.581,0,0,0
"MtrElec",12,2,1,"",187.564,0,0,0,0,0,0,0,0,0,0,0,0,0,0,0,0,0,0,0,0,187.564,0,0,0
"MtrElec",12,2,2,"",164.001,0,0,0,0,0,0,0,0,0,0,0,0,0,0,0,0,0,0,0,0,164.001,0,0,0
"MtrElec",12,2,3,"",161.938,0,0,0,0,0,0,0,0,0,0,0,0,0,0,0,0,0,0,0,0,161.938,0,0,0
"MtrElec",12,2,4,"",173.506,0,0,0,0,0,0,0,0,0,0,0,0,0,0,0,0,0,0,0,0,173.506,0,0,0
"MtrElec",12,2,5,"",172.741,0,0,0,0,0,0,0,0,0,0,0,0,0,0,0,0,0,0,0,0,172.741,0,0,0
"MtrElec",12,2,6,"",251.737,0,0,0,0,0,0,0,0,0,0,0,0,0,0,0,0,0,0,0,0,251.737,0,0,0
"MtrElec",12,2,7,"",277.153,0,0,0,0,0,0,0,0,0,0,0,0,0,0,0,0,0,0,0,0,283.088,0,0,-5.93507
"MtrElec",12,2,8,"",212.618,0,0,0,0,0,0,0,0,0,0,0,0,0,0,0,0,0,0,0,0,364.399,0,0,-151.782
"MtrElec",12,2,9,"",24.0906,0,0,0,0,0,0,0,0,0,0,0,0,0,0,0,0,0,0,0,0,368.518,0,0,-344.427
"MtrElec",12,2,10,"",-76.025,0,0,0,0,0,0,0,0,0,0,0,0,0,0,0,0,0,0,0,0,406.304,0,0,-482.329
"MtrElec",12,2,11,"",0.0000078,0,0,0,0,0,0,0,0,0,0,0,0,0,0,0,0,0,0,0,0,439.194,0,123.133,-562.327
"MtrElec",12,2,12,"",0.0000156,0,0,0,0,0,0,0,0,0,0,0,0,0,0,0,0,0,0,0,0,416.991,0,177.512,-594.503
"MtrElec",12,2,13,"",0.0000078,0,0,0,0,0,0,0,0,0,0,0,0,0,0,0,0,0,0,0,0,453.279,0,122.668,-575.947
"MtrElec",12,2,14,"",0.0000156,0,0,0,0,0,0,0,0,0,0,0,0,0,0,0,0,0,0,0,0,323.846,0,184.495,-508.341
"MtrElec",12,2,15,"",0.0000020,0,0,0,0,0,0,0,0,0,0,0,0,0,0,0,0,0,0,0,0,373.861,0,18.8754,-392.737
"MtrElec",12,2,16,"",168.884,0,0,0,0,0,0,0,0,0,0,0,0,0,0,0,0,0,0,0,0,391.963,0,0,-223.079
"MtrElec",12,2,17,"",339.441,0,0,0,0,0,0,0,0,0,0,0,0,0,0,0,0,0,0,0,0,379.239,0,0,-39.7981
"MtrElec",12,2,18,"",435.276,0,0,0,0,0,0,0,0,0,0,0,0,0,0,0,0,0,0,0,0,435.276,0,0,0
"MtrElec",12,2,19,"",197.535,0,0,0,0,0,0,0,0,0,0,0,0,0,0,0,0,0,0,0,0,419.461,0,-221.926,0
"MtrElec",12,2,20,"",192.127,0,0,0,0,0,0,0,0,0,0,0,0,0,0,0,0,0,0,0,0,414.053,0,-221.926,0
"MtrElec",12,2,21,"",271.093,0,0,0,0,0,0,0,0,0,0,0,0,0,0,0,0,0,0,0,0,392.823,0,-121.73,0
"MtrElec",12,2,22,"",314.538,0,0,0,0,0,0,0,0,0,0,0,0,0,0,0,0,0,0,0,0,314.538,0,0,0
"MtrElec",12,2,23,"",296.669,0,0,0,0,0,0,0,0,0,0,0,0,0,0,0,0,0,0,0,0,296.669,0,0,0
"MtrElec",12,2,24,"",219.491,0,0,0,0,0,0,0,0,0,0,0,0,0,0,0,0,0,0,0,0,219.491,0,0,0
"MtrElec",12,3,1,"",199.227,0,0,0,0,0,0,0,0,0,0,0,0,0,0,0,0,0,0,0,0,199.227,0,0,0
"MtrElec",12,3,2,"",167.787,0,0,0,0,0,0,0,0,0,0,0,0,0,0,0,0,0,0,0,0,167.787,0,0,0
"MtrElec",12,3,3,"",217.315,0,0,0,0,0,0,0,0,0,0,0,0,0,0,0,0,0,0,0,0,217.315,0,0,0
"MtrElec",12,3,4,"",173.765,0,0,0,0,0,0,0,0,0,0,0,0,0,0,0,0,0,0,0,0,173.765,0,0,0
"MtrElec",12,3,5,"",170.227,0,0,0,0,0,0,0,0,0,0,0,0,0,0,0,0,0,0,0,0,170.227,0,0,0
"MtrElec",12,3,6,"",177.047,0,0,0,0,0,0,0,0,0,0,0,0,0,0,0,0,0,0,0,0,177.047,0,0,0
"MtrElec",12,3,7,"",401.022,0,0,0,0,0,0,0,0,0,0,0,0,0,0,0,0,0,0,0,0,401.022,0,0,0
"MtrElec",12,3,8,"",191.716,0,0,0,0,0,0,0,0,0,0,0,0,0,0,0,0,0,0,0,0,350.413,0,0,-158.698
"MtrElec",12,3,9,"",63.8272,0,0,0,0,0,0,0,0,0,0,0,0,0,0,0,0,0,0,0,0,414.247,0,0,-350.42
"MtrElec",12,3,10,"",-71.0206,0,0,0,0,0,0,0,0,0,0,0,0,0,0,0,0,0,0,0,0,413.749,0,0,-484.77
"MtrElec",12,3,11,"",0,0,0,0,0,0,0,0,0,0,0,0,0,0,0,0,0,0,0,0,0,408.614,0,154.527,-563.141
"MtrElec",12,3,12,"",0,0,0,0,0,0,0,0,0,0,0,0,0,0,0,0,0,0,0,0,0,408.829,0,183.271,-592.1
"MtrElec",12,3,13,"",0,0,0,0,0,0,0,0,0,0,0,0,0,0,0,0,0,0,0,0,0,452.293,0,130.377,-582.669
"MtrElec",12,3,14,"",0,0,0,0,0,0,0,0,0,0,0,0,0,0,0,0,0,0,0,0,0,335.091,0,187.554,-522.644
"MtrElec",12,3,15,"",0.0000020,0,0,0,0,0,0,0,0,0,0,0,0,0,0,0,0,0,0,0,0,372.234,0,27.6605,-399.894
"MtrElec",12,3,16,"",106.753,0,0,0,0,0,0,0,0,0,0,0,0,0,0,0,0,0,0,0,0,332.173,0,0,-225.42
"MtrElec",12,3,17,"",368.719,0,0,0,0,0,0,0,0,0,0,0,0,0,0,0,0,0,0,0,0,409.955,0,0,-41.2364
"MtrElec",12,3,18,"",426.006,0,0,0,0,0,0,0,0,0,0,0,0,0,0,0,0,0,0,0,0,426.006,0,0,0
"MtrElec",12,3,19,"",193.321,0,0,0,0,0,0,0,0,0,0,0,0,0,0,0,0,0,0,0,0,415.247,0,-221.926,0
"MtrElec",12,3,20,"",226.491,0,0,0,0,0,0,0,0,0,0,0,0,0,0,0,0,0,0,0,0,448.417,0,-221.926,0
"MtrElec",12,3,21,"",246.103,0,0,0,0,0,0,0,0,0,0,0,0,0,0,0,0,0,0,0,0,419.011,0,-172.907,0
"MtrElec",12,3,22,"",287.445,0,0,0,0,0,0,0,0,0,0,0,0,0,0,0,0,0,0,0,0,287.445,0,0,0
"MtrElec",12,3,23,"",324.198,0,0,0,0,0,0,0,0,0,0,0,0,0,0,0,0,0,0,0,0,324.198,0,0,0
"MtrElec",12,3,24,"",281.114,0,0,0,0,0,0,0,0,0,0,0,0,0,0,0,0,0,0,0,0,281.114,0,0,0
"MtrElec",12,4,1,"",168.246,0,0,0,0,0,0,0,0,0,0,0,0,0,0,0,0,0,0,0,0,168.246,0,0,0
"MtrElec",12,4,2,"",165.902,0,0,0,0,0,0,0,0,0,0,0,0,0,0,0,0,0,0,0,0,165.902,0,0,0
"MtrElec",12,4,3,"",164.035,0,0,0,0,0,0,0,0,0,0,0,0,0,0,0,0,0,0,0,0,164.035,0,0,0
"MtrElec",12,4,4,"",168.219,0,0,0,0,0,0,0,0,0,0,0,0,0,0,0,0,0,0,0,0,168.219,0,0,0
"MtrElec",12,4,5,"",167.175,0,0,0,0,0,0,0,0,0,0,0,0,0,0,0,0,0,0,0,0,167.175,0,0,0
"MtrElec",12,4,6,"",181.729,0,0,0,0,0,0,0,0,0,0,0,0,0,0,0,0,0,0,0,0,181.729,0,0,0
"MtrElec",12,4,7,"",282.859,0,0,0,0,0,0,0,0,0,0,0,0,0,0,0,0,0,0,0,0,282.859,0,0,0
"MtrElec",12,4,8,"",257.368,0,0,0,0,0,0,0,0,0,0,0,0,0,0,0,0,0,0,0,0,397.101,0,0,-139.734
"MtrElec",12,4,9,"",92.1414,0,0,0,0,0,0,0,0,0,0,0,0,0,0,0,0,0,0,0,0,427.807,0,0,-335.666
"MtrElec",12,4,10,"",-46.7376,0,0,0,0,0,0,0,0,0,0,0,0,0,0,0,0,0,0,0,0,428.128,0,0,-474.866
"MtrElec",12,4,11,"",0,0,0,0,0,0,0,0,0,0,0,0,0,0,0,0,0,0,0,0,0,448.836,0,115.492,-564.328
"MtrElec",12,4,12,"",59.8872,0,0,0,0,0,0,0,0,0,0,0,0,0,0,0,0,0,0,0,0,436.362,0,0,-376.474
"MtrElec",12,4,13,"",125.231,0,0,0,0,0,0,0,0,0,0,0,0,0,0,0,0,0,0,0,0,389.155,0,0,-263.924
"MtrElec",12,4,14,"",221.891,0,0,0,0,0,0,0,0,0,0,0,0,0,0,0,0,0,0,0,0,346.482,0,0,-124.591
"MtrElec",12,4,15,"",193.8,0,0,0,0,0,0,0,0,0,0,0,0,0,0,0,0,0,0,0,0,302.755,0,0,-108.956
"MtrElec",12,4,16,"",190.674,0,0,0,0,0,0,0,0,0,0,0,0,0,0,0,0,0,0,0,0,363.475,0,0,-172.8
"MtrElec",12,4,17,"",325.12,0,0,0,0,0,0,0,0,0,0,0,0,0,0,0,0,0,0,0,0,352.877,0,0,-27.7565
"MtrElec",12,4,18,"",420.14,0,0,0,0,0,0,0,0,0,0,0,0,0,0,0,0,0,0,0,0,420.14,0,0,0
"MtrElec",12,4,19,"",308.218,0,0,0,0,0,0,0,0,0,0,0,0,0,0,0,0,0,0,0,0,412.449,0,-104.231,0
"MtrElec",12,4,20,"",430.39,0,0,0,0,0,0,0,0,0,0,0,0,0,0,0,0,0,0,0,0,430.39,0,0,0
"MtrElec",12,4,21,"",418.308,0,0,0,0,0,0,0,0,0,0,0,0,0,0,0,0,0,0,0,0,418.308,0,0,0
"MtrElec",12,4,22,"",274.186,0,0,0,0,0,0,0,0,0,0,0,0,0,0,0,0,0,0,0,0,274.186,0,0,0
"MtrElec",12,4,23,"",311.932,0,0,0,0,0,0,0,0,0,0,0,0,0,0,0,0,0,0,0,0,311.932,0,0,0
"MtrElec",12,4,24,"",221.844,0,0,0,0,0,0,0,0,0,0,0,0,0,0,0,0,0,0,0,0,221.844,0,0,0
"MtrElec",12,5,1,"",159.824,0,0,0,0,0,0,0,0,0,0,0,0,0,0,0,0,0,0,0,0,159.824,0,0,0
"MtrElec",12,5,2,"",202.328,0,0,0,0,0,0,0,0,0,0,0,0,0,0,0,0,0,0,0,0,202.328,0,0,0
"MtrElec",12,5,3,"",155.309,0,0,0,0,0,0,0,0,0,0,0,0,0,0,0,0,0,0,0,0,155.309,0,0,0
"MtrElec",12,5,4,"",158.755,0,0,0,0,0,0,0,0,0,0,0,0,0,0,0,0,0,0,0,0,158.755,0,0,0
"MtrElec",12,5,5,"",221.83,0,0,0,0,0,0,0,0,0,0,0,0,0,0,0,0,0,0,0,0,221.83,0,0,0
"MtrElec",12,5,6,"",154.873,0,0,0,0,0,0,0,0,0,0,0,0,0,0,0,0,0,0,0,0,154.873,0,0,0
"MtrElec",12,5,7,"",233.411,0,0,0,0,0,0,0,0,0,0,0,0,0,0,0,0,0,0,0,0,233.411,0,0,0
"MtrElec",12,5,8,"",273.443,0,0,0,0,0,0,0,0,0,0,0,0,0,0,0,0,0,0,0,0,273.961,0,0,-0.517818
"MtrElec",12,5,9,"",254.822,0,0,0,0,0,0,0,0,0,0,0,0,0,0,0,0,0,0,0,0,308.753,0,0,-53.9307
"MtrElec",12,5,10,"",419.501,0,0,0,0,0,0,0,0,0,0,0,0,0,0,0,0,0,0,0,0,455.957,0,0,-36.4566
"MtrElec",12,5,11,"",461.293,0,0,0,0,0,0,0,0,0,0,0,0,0,0,0,0,0,0,0,0,493.245,0,0,-31.9527
"MtrElec",12,5,12,"",433.414,0,0,0,0,0,0,0,0,0,0,0,0,0,0,0,0,0,0,0,0,460.99,0,0,-27.5765
"MtrElec",12,5,13,"",352.924,0,0,0,0,0,0,0,0,0,0,0,0,0,0,0,0,0,0,0,0,413.643,0,0,-60.7198
"MtrElec",12,5,14,"",357.283,0,0,0,0,0,0,0,0,0,0,0,0,0,0,0,0,0,0,0,0,408.153,0,0,-50.8707
"MtrElec",12,5,15,"",407.091,0,0,0,0,0,0,0,0,0,0,0,0,0,0,0,0,0,0,0,0,415.913,0,0,-8.8214
"MtrElec",12,5,16,"",330.505,0,0,0,0,0,0,0,0,0,0,0,0,0,0,0,0,0,0,0,0,340.851,0,0,-10.3454
"MtrElec",12,5,17,"",429.524,0,0,0,0,0,0,0,0,0,0,0,0,0,0,0,0,0,0,0,0,429.524,0,0,0
"MtrElec",12,5,18,"",448.447,0,0,0,0,0,0,0,0,0,0,0,0,0,0,0,0,0,0,0,0,448.447,0,0,0
"MtrElec",12,5,19,"",464.566,0,0,0,0,0,0,0,0,0,0,0,0,0,0,0,0,0,0,0,0,464.566,0,0,0
"MtrElec",12,5,20,"",404.67,0,0,0,0,0,0,0,0,0,0,0,0,0,0,0,0,0,0,0,0,404.67,0,0,0
"MtrElec",12,5,21,"",398.122,0,0,0,0,0,0,0,0,0,0,0,0,0,0,0,0,0,0,0,0,398.122,0,0,0
"MtrElec",12,5,22,"",358.872,0,0,0,0,0,0,0,0,0,0,0,0,0,0,0,0,0,0,0,0,358.872,0,0,0
"MtrElec",12,5,23,"",290.83,0,0,0,0,0,0,0,0,0,0,0,0,0,0,0,0,0,0,0,0,290.83,0,0,0
"MtrElec",12,5,24,"",273.262,0,0,0,0,0,0,0,0,0,0,0,0,0,0,0,0,0,0,0,0,273.262,0,0,0
"MtrElec",12,6,1,"",196.904,0,0,0,0,0,0,0,0,0,0,0,0,0,0,0,0,0,0,0,0,196.904,0,0,0
"MtrElec",12,6,2,"",175.117,0,0,0,0,0,0,0,0,0,0,0,0,0,0,0,0,0,0,0,0,175.117,0,0,0
"MtrElec",12,6,3,"",177.504,0,0,0,0,0,0,0,0,0,0,0,0,0,0,0,0,0,0,0,0,177.504,0,0,0
"MtrElec",12,6,4,"",179.755,0,0,0,0,0,0,0,0,0,0,0,0,0,0,0,0,0,0,0,0,179.755,0,0,0
"MtrElec",12,6,5,"",191.527,0,0,0,0,0,0,0,0,0,0,0,0,0,0,0,0,0,0,0,0,191.527,0,0,0
"MtrElec",12,6,6,"",234.246,0,0,0,0,0,0,0,0,0,0,0,0,0,0,0,0,0,0,0,0,234.246,0,0,0
"MtrElec",12,6,7,"",188.777,0,0,0,0,0,0,0,0,0,0,0,0,0,0,0,0,0,0,0,0,188.777,0,0,0
"MtrElec",12,6,8,"",181.702,0,0,0,0,0,0,0,0,0,0,0,0,0,0,0,0,0,0,0,0,289.998,0,0,-108.296
"MtrElec",12,6,9,"",277.205,0,0,0,0,0,0,0,0,0,0,0,0,0,0,0,0,0,0,0,0,358.711,0,0,-81.5067
"MtrElec",12,6,10,"",292.938,0,0,0,0,0,0,0,0,0,0,0,0,0,0,0,0,0,0,0,0,368.477,0,0,-75.5391
"MtrElec",12,6,11,"",246.893,0,0,0,0,0,0,0,0,0,0,0,0,0,0,0,0,0,0,0,0,343.261,0,0,-96.3678
"MtrElec",12,6,12,"",114.748,0,0,0,0,0,0,0,0,0,0,0,0,0,0,0,0,0,0,0,0,368.238,0,0,-253.49
"MtrElec",12,6,13,"",0,0,0,0,0,0,0,0,0,0,0,0,0,0,0,0,0,0,0,0,0,396.992,0,174.04,-571.032
"MtrElec",12,6,14,"",0,0,0,0,0,0,0,0,0,0,0,0,0,0,0,0,0,0,0,0,0,344.367,0,10.9828,-355.35
"MtrElec",12,6,15,"",133.864,0,0,0,0,0,0,0,0,0,0,0,0,0,0,0,0,0,0,0,0,368.494,0,0,-234.63
"MtrElec",12,6,16,"",185.91,0,0,0,0,0,0,0,0,0,0,0,0,0,0,0,0,0,0,0,0,339.585,0,0,-153.675
"MtrElec",12,6,17,"",337.321,0,0,0,0,0,0,0,0,0,0,0,0,0,0,0,0,0,0,0,0,355.572,0,0,-18.2513
"MtrElec",12,6,18,"",362.581,0,0,0,0,0,0,0,0,0,0,0,0,0,0,0,0,0,0,0,0,362.581,0,0,0
"MtrElec",12,6,19,"",265.557,0,0,0,0,0,0,0,0,0,0,0,0,0,0,0,0,0,0,0,0,432.54,0,-166.983,0
"MtrElec",12,6,20,"",380.078,0,0,0,0,0,0,0,0,0,0,0,0,0,0,0,0,0,0,0,0,380.078,0,0,0
"MtrElec",12,6,21,"",344.684,0,0,0,0,0,0,0,0,0,0,0,0,0,0,0,0,0,0,0,0,344.684,0,0,0
"MtrElec",12,6,22,"",353.563,0,0,0,0,0,0,0,0,0,0,0,0,0,0,0,0,0,0,0,0,353.563,0,0,0
"MtrElec",12,6,23,"",214.018,0,0,0,0,0,0,0,0,0,0,0,0,0,0,0,0,0,0,0,0,214.018,0,0,0
"MtrElec",12,6,24,"",241.546,0,0,0,0,0,0,0,0,0,0,0,0,0,0,0,0,0,0,0,0,241.546,0,0,0
"MtrElec",12,7,1,"",169.022,0,0,0,0,0,0,0,0,0,0,0,0,0,0,0,0,0,0,0,0,169.022,0,0,0
"MtrElec",12,7,2,"",161.011,0,0,0,0,0,0,0,0,0,0,0,0,0,0,0,0,0,0,0,0,161.011,0,0,0
"MtrElec",12,7,3,"",158.648,0,0,0,0,0,0,0,0,0,0,0,0,0,0,0,0,0,0,0,0,158.648,0,0,0
"MtrElec",12,7,4,"",161.014,0,0,0,0,0,0,0,0,0,0,0,0,0,0,0,0,0,0,0,0,161.014,0,0,0
"MtrElec",12,7,5,"",159.603,0,0,0,0,0,0,0,0,0,0,0,0,0,0,0,0,0,0,0,0,159.603,0,0,0
"MtrElec",12,7,6,"",207.952,0,0,0,0,0,0,0,0,0,0,0,0,0,0,0,0,0,0,0,0,207.952,0,0,0
"MtrElec",12,7,7,"",260.713,0,0,0,0,0,0,0,0,0,0,0,0,0,0,0,0,0,0,0,0,260.713,0,0,0
"MtrElec",12,7,8,"",204.958,0,0,0,0,0,0,0,0,0,0,0,0,0,0,0,0,0,0,0,0,320.907,0,0,-115.949
"MtrElec",12,7,9,"",195.709,0,0,0,0,0,0,0,0,0,0,0,0,0,0,0,0,0,0,0,0,388.158,0,0,-192.449
"MtrElec",12,7,10,"",270.373,0,0,0,0,0,0,0,0,0,0,0,0,0,0,0,0,0,0,0,0,441.671,0,0,-171.298
"MtrElec",12,7,11,"",227.684,0,0,0,0,0,0,0,0,0,0,0,0,0,0,0,0,0,0,0,0,373.042,0,0,-145.359
"MtrElec",12,7,12,"",186.628,0,0,0,0,0,0,0,0,0,0,0,0,0,0,0,0,0,0,0,0,413.248,0,0,-226.62
"MtrElec",12,7,13,"",353.43,0,0,0,0,0,0,0,0,0,0,0,0,0,0,0,0,0,0,0,0,455.504,0,0,-102.074
"MtrElec",12,7,14,"",305.267,0,0,0,0,0,0,0,0,0,0,0,0,0,0,0,0,0,0,0,0,363.676,0,0,-58.4089
"MtrElec",12,7,15,"",268.353,0,0,0,0,0,0,0,0,0,0,0,0,0,0,0,0,0,0,0,0,311.944,0,0,-43.5911
"MtrElec",12,7,16,"",366.931,0,0,0,0,0,0,0,0,0,0,0,0,0,0,0,0,0,0,0,0,371.875,0,0,-4.94478
"MtrElec",12,7,17,"",399.026,0,0,0,0,0,0,0,0,0,0,0,0,0,0,0,0,0,0,0,0,399.026,0,0,0
"MtrElec",12,7,18,"",365.597,0,0,0,0,0,0,0,0,0,0,0,0,0,0,0,0,0,0,0,0,365.597,0,0,0
"MtrElec",12,7,19,"",420.41,0,0,0,0,0,0,0,0,0,0,0,0,0,0,0,0,0,0,0,0,420.41,0,0,0
"MtrElec",12,7,20,"",420.806,0,0,0,0,0,0,0,0,0,0,0,0,0,0,0,0,0,0,0,0,420.806,0,0,0
"MtrElec",12,7,21,"",408.017,0,0,0,0,0,0,0,0,0,0,0,0,0,0,0,0,0,0,0,0,408.017,0,0,0
"MtrElec",12,7,22,"",333.435,0,0,0,0,0,0,0,0,0,0,0,0,0,0,0,0,0,0,0,0,333.435,0,0,0
"MtrElec",12,7,23,"",236.5,0,0,0,0,0,0,0,0,0,0,0,0,0,0,0,0,0,0,0,0,236.5,0,0,0
"MtrElec",12,7,24,"",244.93,0,0,0,0,0,0,0,0,0,0,0,0,0,0,0,0,0,0,0,0,244.93,0,0,0
"MtrElec",12,8,1,"",180.452,0,0,0,0,0,0,0,0,0,0,0,0,0,0,0,0,0,0,0,0,180.452,0,0,0
"MtrElec",12,8,2,"",164.821,0,0,0,0,0,0,0,0,0,0,0,0,0,0,0,0,0,0,0,0,164.821,0,0,0
"MtrElec",12,8,3,"",157.89,0,0,0,0,0,0,0,0,0,0,0,0,0,0,0,0,0,0,0,0,157.89,0,0,0
"MtrElec",12,8,4,"",156.437,0,0,0,0,0,0,0,0,0,0,0,0,0,0,0,0,0,0,0,0,156.437,0,0,0
"MtrElec",12,8,5,"",152.213,0,0,0,0,0,0,0,0,0,0,0,0,0,0,0,0,0,0,0,0,152.213,0,0,0
"MtrElec",12,8,6,"",203.836,0,0,0,0,0,0,0,0,0,0,0,0,0,0,0,0,0,0,0,0,203.836,0,0,0
"MtrElec",12,8,7,"",254.432,0,0,0,0,0,0,0,0,0,0,0,0,0,0,0,0,0,0,0,0,254.432,0,0,0
"MtrElec",12,8,8,"",281.422,0,0,0,0,0,0,0,0,0,0,0,0,0,0,0,0,0,0,0,0,363.935,0,0,-82.5132
"MtrElec",12,8,9,"",337.867,0,0,0,0,0,0,0,0,0,0,0,0,0,0,0,0,0,0,0,0,376.789,0,0,-38.9221
"MtrElec",12,8,10,"",329.281,0,0,0,0,0,0,0,0,0,0,0,0,0,0,0,0,0,0,0,0,448.365,0,0,-119.084
"MtrElec",12,8,11,"",102.573,0,0,0,0,0,0,0,0,0,0,0,0,0,0,0,0,0,0,0,0,382.965,0,0,-280.392
"MtrElec",12,8,12,"",119.263,0,0,0,0,0,0,0,0,0,0,0,0,0,0,0,0,0,0,0,0,363.673,0,0,-244.409
"MtrElec",12,8,13,"",0,0,0,0,0,0,0,0,0,0,0,0,0,0,0,0,0,0,0,0,0,384.169,0,99.3084,-483.478
"MtrElec",12,8,14,"",0,0,0,0,0,0,0,0,0,0,0,0,0,0,0,0,0,0,0,0,0,332.448,0,90.8144,-423.263
"MtrElec",12,8,15,"",115.888,0,0,0,0,0,0,0,0,0,0,0,0,0,0,0,0,0,0,0,0,376.328,0,0,-260.441
"MtrElec",12,8,16,"",284.426,0,0,0,0,0,0,0,0,0,0,0,0,0,0,0,0,0,0,0,0,377.478,0,0,-93.0521
"MtrElec",12,8,17,"",399.798,0,0,0,0,0,0,0,0,0,0,0,0,0,0,0,0,0,0,0,0,426.517,0,0,-26.7199
"MtrElec",12,8,18,"",387.803,0,0,0,0,0,0,0,0,0,0,0,0,0,0,0,0,0,0,0,0,387.803,0,0,0
"MtrElec",12,8,19,"",294.639,0,0,0,0,0,0,0,0,0,0,0,0,0,0,0,0,0,0,0,0,466.225,0,-171.586,0
"MtrElec",12,8,20,"",400.626,0,0,0,0,0,0,0,0,0,0,0,0,0,0,0,0,0,0,0,0,400.626,0,0,0
"MtrElec",12,8,21,"",396.46,0,0,0,0,0,0,0,0,0,0,0,0,0,0,0,0,0,0,0,0,396.46,0,0,0
"MtrElec",12,8,22,"",323.088,0,0,0,0,0,0,0,0,0,0,0,0,0,0,0,0,0,0,0,0,323.088,0,0,0
"MtrElec",12,8,23,"",307.712,0,0,0,0,0,0,0,0,0,0,0,0,0,0,0,0,0,0,0,0,307.712,0,0,0
"MtrElec",12,8,24,"",191.103,0,0,0,0,0,0,0,0,0,0,0,0,0,0,0,0,0,0,0,0,191.103,0,0,0
"MtrElec",12,9,1,"",209.513,0,0,0,0,0,0,0,0,0,0,0,0,0,0,0,0,0,0,0,0,209.513,0,0,0
"MtrElec",12,9,2,"",158.338,0,0,0,0,0,0,0,0,0,0,0,0,0,0,0,0,0,0,0,0,158.338,0,0,0
"MtrElec",12,9,3,"",163.821,0,0,0,0,0,0,0,0,0,0,0,0,0,0,0,0,0,0,0,0,163.821,0,0,0
"MtrElec",12,9,4,"",186.825,0,0,0,0,0,0,0,0,0,0,0,0,0,0,0,0,0,0,0,0,186.825,0,0,0
"MtrElec",12,9,5,"",187.701,0,0,0,0,0,0,0,0,0,0,0,0,0,0,0,0,0,0,0,0,187.701,0,0,0
"MtrElec",12,9,6,"",219.314,0,0,0,0,0,0,0,0,0,0,0,0,0,0,0,0,0,0,0,0,219.314,0,0,0
"MtrElec",12,9,7,"",279.794,0,0,0,0,0,0,0,0,0,0,0,0,0,0,0,0,0,0,0,0,279.794,0,0,0
"MtrElec",12,9,8,"",175.992,0,0,0,0,0,0,0,0,0,0,0,0,0,0,0,0,0,0,0,0,295.963,0,0,-119.971
"MtrElec",12,9,9,"",15.9585,0,0,0,0,0,0,0,0,0,0,0,0,0,0,0,0,0,0,0,0,330.964,0,0,-315.005
"MtrElec",12,9,10,"",-96.313,0,0,0,0,0,0,0,0,0,0,0,0,0,0,0,0,0,0,0,0,369.794,0,0,-466.107
"MtrElec",12,9,11,"",0.0000156,0,0,0,0,0,0,0,0,0,0,0,0,0,0,0,0,0,0,0,0,398.292,0,150.982,-549.274
"MtrElec",12,9,12,"",0,0,0,0,0,0,0,0,0,0,0,0,0,0,0,0,0,0,0,0,0,377.031,0,196.454,-573.485
"MtrElec",12,9,13,"",0,0,0,0,0,0,0,0,0,0,0,0,0,0,0,0,0,0,0,0,0,348.557,0,218.039,-566.596
"MtrElec",12,9,14,"",0,0,0,0,0,0,0,0,0,0,0,0,0,0,0,0,0,0,0,0,0,365.119,0,134.453,-499.573
"MtrElec",12,9,15,"",0,0,0,0,0,0,0,0,0,0,0,0,0,0,0,0,0,0,0,0,0,372.78,0,7.58106,-380.361
"MtrElec",12,9,16,"",125.478,0,0,0,0,0,0,0,0,0,0,0,0,0,0,0,0,0,0,0,0,341.661,0,0,-216.183
"MtrElec",12,9,17,"",376.694,0,0,0,0,0,0,0,0,0,0,0,0,0,0,0,0,0,0,0,0,417.748,0,0,-41.0538
"MtrElec",12,9,18,"",422.884,0,0,0,0,0,0,0,0,0,0,0,0,0,0,0,0,0,0,0,0,422.884,0,0,0
"MtrElec",12,9,19,"",209.219,0,0,0,0,0,0,0,0,0,0,0,0,0,0,0,0,0,0,0,0,431.144,0,-221.926,0
"MtrElec",12,9,20,"",206.472,0,0,0,0,0,0,0,0,0,0,0,0,0,0,0,0,0,0,0,0,428.398,0,-221.926,0
"MtrElec",12,9,21,"",224.663,0,0,0,0,0,0,0,0,0,0,0,0,0,0,0,0,0,0,0,0,419.338,0,-194.676,0
"MtrElec",12,9,22,"",318.834,0,0,0,0,0,0,0,0,0,0,0,0,0,0,0,0,0,0,0,0,318.834,0,0,0
"MtrElec",12,9,23,"",275.818,0,0,0,0,0,0,0,0,0,0,0,0,0,0,0,0,0,0,0,0,275.818,0,0,0
"MtrElec",12,9,24,"",207.008,0,0,0,0,0,0,0,0,0,0,0,0,0,0,0,0,0,0,0,0,207.008,0,0,0
"MtrElec",12,10,1,"",213.124,0,0,0,0,0,0,0,0,0,0,0,0,0,0,0,0,0,0,0,0,213.124,0,0,0
"MtrElec",12,10,2,"",156.201,0,0,0,0,0,0,0,0,0,0,0,0,0,0,0,0,0,0,0,0,156.201,0,0,0
"MtrElec",12,10,3,"",149.605,0,0,0,0,0,0,0,0,0,0,0,0,0,0,0,0,0,0,0,0,149.605,0,0,0
"MtrElec",12,10,4,"",160.63,0,0,0,0,0,0,0,0,0,0,0,0,0,0,0,0,0,0,0,0,160.63,0,0,0
"MtrElec",12,10,5,"",151.849,0,0,0,0,0,0,0,0,0,0,0,0,0,0,0,0,0,0,0,0,151.849,0,0,0
"MtrElec",12,10,6,"",212.882,0,0,0,0,0,0,0,0,0,0,0,0,0,0,0,0,0,0,0,0,212.882,0,0,0
"MtrElec",12,10,7,"",275.805,0,0,0,0,0,0,0,0,0,0,0,0,0,0,0,0,0,0,0,0,275.805,0,0,0
"MtrElec",12,10,8,"",173.842,0,0,0,0,0,0,0,0,0,0,0,0,0,0,0,0,0,0,0,0,303.268,0,0,-129.426
"MtrElec",12,10,9,"",33.692,0,0,0,0,0,0,0,0,0,0,0,0,0,0,0,0,0,0,0,0,354.149,0,0,-320.457
"MtrElec",12,10,10,"",22.0201,0,0,0,0,0,0,0,0,0,0,0,0,0,0,0,0,0,0,0,0,485.159,0,0,-463.138
"MtrElec",12,10,11,"",0,0,0,0,0,0,0,0,0,0,0,0,0,0,0,0,0,0,0,0,0,449.672,0,97.9439,-547.616
"MtrElec",12,10,12,"",0,0,0,0,0,0,0,0,0,0,0,0,0,0,0,0,0,0,0,0,0,445.12,0,132.329,-577.449
"MtrElec",12,10,13,"",0,0,0,0,0,0,0,0,0,0,0,0,0,0,0,0,0,0,0,0,0,523.494,0,29.0325,-552.526
"MtrElec",12,10,14,"",0,0,0,0,0,0,0,0,0,0,0,0,0,0,0,0,0,0,0,0,0,393.843,0,84.9959,-478.839
"MtrElec",12,10,15,"",61.9885,0,0,0,0,0,0,0,0,0,0,0,0,0,0,0,0,0,0,0,0,438.665,0,0,-376.676
"MtrElec",12,10,16,"",213.151,0,0,0,0,0,0,0,0,0,0,0,0,0,0,0,0,0,0,0,0,433.291,0,0,-220.14
"MtrElec",12,10,17,"",432.145,0,0,0,0,0,0,0,0,0,0,0,0,0,0,0,0,0,0,0,0,474.11,0,0,-41.9649
"MtrElec",12,10,18,"",414.268,0,0,0,0,0,0,0,0,0,0,0,0,0,0,0,0,0,0,0,0,414.268,0,0,0
"MtrElec",12,10,19,"",286.156,0,0,0,0,0,0,0,0,0,0,0,0,0,0,0,0,0,0,0,0,508.081,0,-221.926,0
"MtrElec",12,10,20,"",357.171,0,0,0,0,0,0,0,0,0,0,0,0,0,0,0,0,0,0,0,0,445.977,0,-88.8059,0
"MtrElec",12,10,21,"",423.348,0,0,0,0,0,0,0,0,0,0,0,0,0,0,0,0,0,0,0,0,423.348,0,0,0
"MtrElec",12,10,22,"",282.191,0,0,0,0,0,0,0,0,0,0,0,0,0,0,0,0,0,0,0,0,282.191,0,0,0
"MtrElec",12,10,23,"",296.409,0,0,0,0,0,0,0,0,0,0,0,0,0,0,0,0,0,0,0,0,296.409,0,0,0
"MtrElec",12,10,24,"",205.438,0,0,0,0,0,0,0,0,0,0,0,0,0,0,0,0,0,0,0,0,205.438,0,0,0
"MtrElec",12,11,1,"",163.36,0,0,0,0,0,0,0,0,0,0,0,0,0,0,0,0,0,0,0,0,163.36,0,0,0
"MtrElec",12,11,2,"",156.065,0,0,0,0,0,0,0,0,0,0,0,0,0,0,0,0,0,0,0,0,156.065,0,0,0
"MtrElec",12,11,3,"",199.21,0,0,0,0,0,0,0,0,0,0,0,0,0,0,0,0,0,0,0,0,199.21,0,0,0
"MtrElec",12,11,4,"",160.755,0,0,0,0,0,0,0,0,0,0,0,0,0,0,0,0,0,0,0,0,160.755,0,0,0
"MtrElec",12,11,5,"",156.854,0,0,0,0,0,0,0,0,0,0,0,0,0,0,0,0,0,0,0,0,156.854,0,0,0
"MtrElec",12,11,6,"",154.588,0,0,0,0,0,0,0,0,0,0,0,0,0,0,0,0,0,0,0,0,154.588,0,0,0
"MtrElec",12,11,7,"",246.671,0,0,0,0,0,0,0,0,0,0,0,0,0,0,0,0,0,0,0,0,246.671,0,0,0
"MtrElec",12,11,8,"",239.24,0,0,0,0,0,0,0,0,0,0,0,0,0,0,0,0,0,0,0,0,369.064,0,0,-129.823
"MtrElec",12,11,9,"",49.0977,0,0,0,0,0,0,0,0,0,0,0,0,0,0,0,0,0,0,0,0,367.549,0,0,-318.451
"MtrElec",12,11,10,"",-38.1316,0,0,0,0,0,0,0,0,0,0,0,0,0,0,0,0,0,0,0,0,409.733,0,0,-447.865
"MtrElec",12,11,11,"",0,0,0,0,0,0,0,0,0,0,0,0,0,0,0,0,0,0,0,0,0,446.141,0,89.0216,-535.162
"MtrElec",12,11,12,"",0.0000156,0,0,0,0,0,0,0,0,0,0,0,0,0,0,0,0,0,0,0,0,438.194,0,134.12,-572.314
"MtrElec",12,11,13,"",0.0000156,0,0,0,0,0,0,0,0,0,0,0,0,0,0,0,0,0,0,0,0,387.329,0,166.393,-553.722
"MtrElec",12,11,14,"",0,0,0,0,0,0,0,0,0,0,0,0,0,0,0,0,0,0,0,0,0,448.744,0,39.9139,-488.658
"MtrElec",12,11,15,"",24.2428,0,0,0,0,0,0,0,0,0,0,0,0,0,0,0,0,0,0,0,0,405.202,0,0,-380.959
"MtrElec",12,11,16,"",225.214,0,0,0,0,0,0,0,0,0,0,0,0,0,0,0,0,0,0,0,0,445.643,0,0,-220.428
"MtrElec",12,11,17,"",436.317,0,0,0,0,0,0,0,0,0,0,0,0,0,0,0,0,0,0,0,0,477.87,0,0,-41.5529
"MtrElec",12,11,18,"",473.554,0,0,0,0,0,0,0,0,0,0,0,0,0,0,0,0,0,0,0,0,473.554,0,0,0
"MtrElec",12,11,19,"",151.478,0,0,0,0,0,0,0,0,0,0,0,0,0,0,0,0,0,0,0,0,373.404,0,-221.926,0
"MtrElec",12,11,20,"",254.673,0,0,0,0,0,0,0,0,0,0,0,0,0,0,0,0,0,0,0,0,420.324,0,-165.652,0
"MtrElec",12,11,21,"",435.949,0,0,0,0,0,0,0,0,0,0,0,0,0,0,0,0,0,0,0,0,435.949,0,0,0
"MtrElec",12,11,22,"",334.902,0,0,0,0,0,0,0,0,0,0,0,0,0,0,0,0,0,0,0,0,334.902,0,0,0
"MtrElec",12,11,23,"",273.941,0,0,0,0,0,0,0,0,0,0,0,0,0,0,0,0,0,0,0,0,273.941,0,0,0
"MtrElec",12,11,24,"",224.084,0,0,0,0,0,0,0,0,0,0,0,0,0,0,0,0,0,0,0,0,224.084,0,0,0
"MtrElec",12,12,1,"",197.094,0,0,0,0,0,0,0,0,0,0,0,0,0,0,0,0,0,0,0,0,197.094,0,0,0
"MtrElec",12,12,2,"",167.983,0,0,0,0,0,0,0,0,0,0,0,0,0,0,0,0,0,0,0,0,167.983,0,0,0
"MtrElec",12,12,3,"",200.348,0,0,0,0,0,0,0,0,0,0,0,0,0,0,0,0,0,0,0,0,200.348,0,0,0
"MtrElec",12,12,4,"",155.413,0,0,0,0,0,0,0,0,0,0,0,0,0,0,0,0,0,0,0,0,155.413,0,0,0
"MtrElec",12,12,5,"",179.072,0,0,0,0,0,0,0,0,0,0,0,0,0,0,0,0,0,0,0,0,179.072,0,0,0
"MtrElec",12,12,6,"",156.579,0,0,0,0,0,0,0,0,0,0,0,0,0,0,0,0,0,0,0,0,156.579,0,0,0
"MtrElec",12,12,7,"",178.045,0,0,0,0,0,0,0,0,0,0,0,0,0,0,0,0,0,0,0,0,178.045,0,0,0
"MtrElec",12,12,8,"",170.601,0,0,0,0,0,0,0,0,0,0,0,0,0,0,0,0,0,0,0,0,254.66,0,0,-84.0583
"MtrElec",12,12,9,"",268.128,0,0,0,0,0,0,0,0,0,0,0,0,0,0,0,0,0,0,0,0,302.365,0,0,-34.2369
"MtrElec",12,12,10,"",329.455,0,0,0,0,0,0,0,0,0,0,0,0,0,0,0,0,0,0,0,0,412.436,0,0,-82.9801
"MtrElec",12,12,11,"",338.428,0,0,0,0,0,0,0,0,0,0,0,0,0,0,0,0,0,0,0,0,451.017,0,0,-112.588
"MtrElec",12,12,12,"",220.933,0,0,0,0,0,0,0,0,0,0,0,0,0,0,0,0,0,0,0,0,382.699,0,0,-161.765
"MtrElec",12,12,13,"",0,0,0,0,0,0,0,0,0,0,0,0,0,0,0,0,0,0,0,0,0,468.415,0,40.2166,-508.632
"MtrElec",12,12,14,"",0.0000078,0,0,0,0,0,0,0,0,0,0,0,0,0,0,0,0,0,0,0,0,397.081,0,103.766,-500.847
"MtrElec",12,12,15,"",39.9403,0,0,0,0,0,0,0,0,0,0,0,0,0,0,0,0,0,0,0,0,421.802,0,0,-381.862
"MtrElec",12,12,16,"",143.071,0,0,0,0,0,0,0,0,0,0,0,0,0,0,0,0,0,0,0,0,360.25,0,0,-217.179
"MtrElec",12,12,17,"",348.743,0,0,0,0,0,0,0,0,0,0,0,0,0,0,0,0,0,0,0,0,391.035,0,0,-42.2914
"MtrElec",12,12,18,"",415.476,0,0,0,0,0,0,0,0,0,0,0,0,0,0,0,0,0,0,0,0,415.476,0,0,0
"MtrElec",12,12,19,"",282.986,0,0,0,0,0,0,0,0,0,0,0,0,0,0,0,0,0,0,0,0,412.93,0,-129.944,0
"MtrElec",12,12,20,"",354.149,0,0,0,0,0,0,0,0,0,0,0,0,0,0,0,0,0,0,0,0,354.149,0,0,0
"MtrElec",12,12,21,"",319.6,0,0,0,0,0,0,0,0,0,0,0,0,0,0,0,0,0,0,0,0,319.6,0,0,0
"MtrElec",12,12,22,"",336.089,0,0,0,0,0,0,0,0,0,0,0,0,0,0,0,0,0,0,0,0,336.089,0,0,0
"MtrElec",12,12,23,"",256.788,0,0,0,0,0,0,0,0,0,0,0,0,0,0,0,0,0,0,0,0,256.788,0,0,0
"MtrElec",12,12,24,"",215.607,0,0,0,0,0,0,0,0,0,0,0,0,0,0,0,0,0,0,0,0,215.607,0,0,0
"MtrElec",12,13,1,"",170.609,0,0,0,0,0,0,0,0,0,0,0,0,0,0,0,0,0,0,0,0,170.609,0,0,0
"MtrElec",12,13,2,"",156.06,0,0,0,0,0,0,0,0,0,0,0,0,0,0,0,0,0,0,0,0,156.06,0,0,0
"MtrElec",12,13,3,"",156.195,0,0,0,0,0,0,0,0,0,0,0,0,0,0,0,0,0,0,0,0,156.195,0,0,0
"MtrElec",12,13,4,"",154.236,0,0,0,0,0,0,0,0,0,0,0,0,0,0,0,0,0,0,0,0,154.236,0,0,0
"MtrElec",12,13,5,"",156.707,0,0,0,0,0,0,0,0,0,0,0,0,0,0,0,0,0,0,0,0,156.707,0,0,0
"MtrElec",12,13,6,"",198.662,0,0,0,0,0,0,0,0,0,0,0,0,0,0,0,0,0,0,0,0,198.662,0,0,0
"MtrElec",12,13,7,"",166.242,0,0,0,0,0,0,0,0,0,0,0,0,0,0,0,0,0,0,0,0,166.242,0,0,0
"MtrElec",12,13,8,"",124.836,0,0,0,0,0,0,0,0,0,0,0,0,0,0,0,0,0,0,0,0,239.006,0,0,-114.17
"MtrElec",12,13,9,"",-44.0806,0,0,0,0,0,0,0,0,0,0,0,0,0,0,0,0,0,0,0,0,269.539,0,0,-313.62
"MtrElec",12,13,10,"",-114.862,0,0,0,0,0,0,0,0,0,0,0,0,0,0,0,0,0,0,0,0,340.712,0,0,-455.574
"MtrElec",12,13,11,"",0.0000156,0,0,0,0,0,0,0,0,0,0,0,0,0,0,0,0,0,0,0,0,351.321,0,203.674,-554.995
"MtrElec",12,13,12,"",0.0000156,0,0,0,0,0,0,0,0,0,0,0,0,0,0,0,0,0,0,0,0,426.903,0,166.589,-593.492
"MtrElec",12,13,13,"",0,0,0,0,0,0,0,0,0,0,0,0,0,0,0,0,0,0,0,0,0,420.642,0,156.366,-577.007
"MtrElec",12,13,14,"",0,0,0,0,0,0,0,0,0,0,0,0,0,0,0,0,0,0,0,0,0,345.783,0,163.832,-509.615
"MtrElec",12,13,15,"",24.3522,0,0,0,0,0,0,0,0,0,0,0,0,0,0,0,0,0,0,0,0,421.792,0,0,-397.44
"MtrElec",12,13,16,"",143.247,0,0,0,0,0,0,0,0,0,0,0,0,0,0,0,0,0,0,0,0,372.121,0,0,-228.874
"MtrElec",12,13,17,"",335.598,0,0,0,0,0,0,0,0,0,0,0,0,0,0,0,0,0,0,0,0,381.655,0,0,-46.0567
"MtrElec",12,13,18,"",377.403,0,0,0,0,0,0,0,0,0,0,0,0,0,0,0,0,0,0,0,0,377.403,0,0,0
"MtrElec",12,13,19,"",191.83,0,0,0,0,0,0,0,0,0,0,0,0,0,0,0,0,0,0,0,0,413.756,0,-221.926,0
"MtrElec",12,13,20,"",138.717,0,0,0,0,0,0,0,0,0,0,0,0,0,0,0,0,0,0,0,0,360.643,0,-221.926,0
"MtrElec",12,13,21,"",166.763,0,0,0,0,0,0,0,0,0,0,0,0,0,0,0,0,0,0,0,0,346.052,0,-179.289,0
"MtrElec",12,13,22,"",294.093,0,0,0,0,0,0,0,0,0,0,0,0,0,0,0,0,0,0,0,0,294.093,0,0,0
"MtrElec",12,13,23,"",267.501,0,0,0,0,0,0,0,0,0,0,0,0,0,0,0,0,0,0,0,0,267.501,0,0,0
"MtrElec",12,13,24,"",183.653,0,0,0,0,0,0,0,0,0,0,0,0,0,0,0,0,0,0,0,0,183.653,0,0,0
"MtrElec",12,14,1,"",211.186,0,0,0,0,0,0,0,0,0,0,0,0,0,0,0,0,0,0,0,0,211.186,0,0,0
"MtrElec",12,14,2,"",156.867,0,0,0,0,0,0,0,0,0,0,0,0,0,0,0,0,0,0,0,0,156.867,0,0,0
"MtrElec",12,14,3,"",152.645,0,0,0,0,0,0,0,0,0,0,0,0,0,0,0,0,0,0,0,0,152.645,0,0,0
"MtrElec",12,14,4,"",154.717,0,0,0,0,0,0,0,0,0,0,0,0,0,0,0,0,0,0,0,0,154.717,0,0,0
"MtrElec",12,14,5,"",153.9,0,0,0,0,0,0,0,0,0,0,0,0,0,0,0,0,0,0,0,0,153.9,0,0,0
"MtrElec",12,14,6,"",155.771,0,0,0,0,0,0,0,0,0,0,0,0,0,0,0,0,0,0,0,0,155.771,0,0,0
"MtrElec",12,14,7,"",256.894,0,0,0,0,0,0,0,0,0,0,0,0,0,0,0,0,0,0,0,0,256.894,0,0,0
"MtrElec",12,14,8,"",245.277,0,0,0,0,0,0,0,0,0,0,0,0,0,0,0,0,0,0,0,0,363.076,0,0,-117.798
"MtrElec",12,14,9,"",73.3052,0,0,0,0,0,0,0,0,0,0,0,0,0,0,0,0,0,0,0,0,391.591,0,0,-318.286
"MtrElec",12,14,10,"",-22.2741,0,0,0,0,0,0,0,0,0,0,0,0,0,0,0,0,0,0,0,0,437.952,0,0,-460.226
"MtrElec",12,14,11,"",0,0,0,0,0,0,0,0,0,0,0,0,0,0,0,0,0,0,0,0,0,435.594,0,101.405,-536.999
"MtrElec",12,14,12,"",0,0,0,0,0,0,0,0,0,0,0,0,0,0,0,0,0,0,0,0,0,431.376,0,129.292,-560.669
"MtrElec",12,14,13,"",0,0,0,0,0,0,0,0,0,0,0,0,0,0,0,0,0,0,0,0,0,536.552,0,9.4415,-545.994
"MtrElec",12,14,14,"",0.0000078,0,0,0,0,0,0,0,0,0,0,0,0,0,0,0,0,0,0,0,0,381.836,0,102.574,-484.409
"MtrElec",12,14,15,"",61.7707,0,0,0,0,0,0,0,0,0,0,0,0,0,0,0,0,0,0,0,0,438.429,0,0,-376.659
"MtrElec",12,14,16,"",222.992,0,0,0,0,0,0,0,0,0,0,0,0,0,0,0,0,0,0,0,0,445.881,0,0,-222.889
"MtrElec",12,14,17,"",427.305,0,0,0,0,0,0,0,0,0,0,0,0,0,0,0,0,0,0,0,0,473.479,0,0,-46.174
"MtrElec",12,14,18,"",401.073,0,0,0,0,0,0,0,0,0,0,0,0,0,0,0,0,0,0,0,0,401.073,0,0,0
"MtrElec",12,14,19,"",195.939,0,0,0,0,0,0,0,0,0,0,0,0,0,0,0,0,0,0,0,0,417.864,0,-221.926,0
"MtrElec",12,14,20,"",320.951,0,0,0,0,0,0,0,0,0,0,0,0,0,0,0,0,0,0,0,0,408.324,0,-87.3725,0
"MtrElec",12,14,21,"",422.409,0,0,0,0,0,0,0,0,0,0,0,0,0,0,0,0,0,0,0,0,422.409,0,0,0
"MtrElec",12,14,22,"",316.744,0,0,0,0,0,0,0,0,0,0,0,0,0,0,0,0,0,0,0,0,316.744,0,0,0
"MtrElec",12,14,23,"",282.392,0,0,0,0,0,0,0,0,0,0,0,0,0,0,0,0,0,0,0,0,282.392,0,0,0
"MtrElec",12,14,24,"",199.411,0,0,0,0,0,0,0,0,0,0,0,0,0,0,0,0,0,0,0,0,199.411,0,0,0
"MtrElec",12,15,1,"",174.112,0,0,0,0,0,0,0,0,0,0,0,0,0,0,0,0,0,0,0,0,174.112,0,0,0
"MtrElec",12,15,2,"",158.177,0,0,0,0,0,0,0,0,0,0,0,0,0,0,0,0,0,0,0,0,158.177,0,0,0
"MtrElec",12,15,3,"",151.946,0,0,0,0,0,0,0,0,0,0,0,0,0,0,0,0,0,0,0,0,151.946,0,0,0
"MtrElec",12,15,4,"",151.804,0,0,0,0,0,0,0,0,0,0,0,0,0,0,0,0,0,0,0,0,151.804,0,0,0
"MtrElec",12,15,5,"",191.585,0,0,0,0,0,0,0,0,0,0,0,0,0,0,0,0,0,0,0,0,191.585,0,0,0
"MtrElec",12,15,6,"",155.107,0,0,0,0,0,0,0,0,0,0,0,0,0,0,0,0,0,0,0,0,155.107,0,0,0
"MtrElec",12,15,7,"",288.268,0,0,0,0,0,0,0,0,0,0,0,0,0,0,0,0,0,0,0,0,288.268,0,0,0
"MtrElec",12,15,8,"",207.873,0,0,0,0,0,0,0,0,0,0,0,0,0,0,0,0,0,0,0,0,324.863,0,0,-116.99
"MtrElec",12,15,9,"",15.7228,0,0,0,0,0,0,0,0,0,0,0,0,0,0,0,0,0,0,0,0,337.344,0,0,-321.621
"MtrElec",12,15,10,"",-70.6505,0,0,0,0,0,0,0,0,0,0,0,0,0,0,0,0,0,0,0,0,390.813,0,0,-461.463
"MtrElec",12,15,11,"",0.0000078,0,0,0,0,0,0,0,0,0,0,0,0,0,0,0,0,0,0,0,0,407.918,0,123.677,-531.595
"MtrElec",12,15,12,"",0,0,0,0,0,0,0,0,0,0,0,0,0,0,0,0,0,0,0,0,0,440.808,0,122.481,-563.288
"MtrElec",12,15,13,"",0,0,0,0,0,0,0,0,0,0,0,0,0,0,0,0,0,0,0,0,0,465.993,0,82.9453,-548.938
"MtrElec",12,15,14,"",0,0,0,0,0,0,0,0,0,0,0,0,0,0,0,0,0,0,0,0,0,419.68,0,82.2993,-501.979
"MtrElec",12,15,15,"",0,0,0,0,0,0,0,0,0,0,0,0,0,0,0,0,0,0,0,0,0,372.322,0,23.3426,-395.665
"MtrElec",12,15,16,"",197.421,0,0,0,0,0,0,0,0,0,0,0,0,0,0,0,0,0,0,0,0,426.988,0,0,-229.568
"MtrElec",12,15,17,"",373.165,0,0,0,0,0,0,0,0,0,0,0,0,0,0,0,0,0,0,0,0,420.7,0,0,-47.5347
"MtrElec",12,15,18,"",440.838,0,0,0,0,0,0,0,0,0,0,0,0,0,0,0,0,0,0,0,0,440.838,0,0,0
"MtrElec",12,15,19,"",244.514,0,0,0,0,0,0,0,0,0,0,0,0,0,0,0,0,0,0,0,0,466.44,0,-221.926,0
"MtrElec",12,15,20,"",256.942,0,0,0,0,0,0,0,0,0,0,0,0,0,0,0,0,0,0,0,0,427.374,0,-170.432,0
"MtrElec",12,15,21,"",437.907,0,0,0,0,0,0,0,0,0,0,0,0,0,0,0,0,0,0,0,0,437.907,0,0,0
"MtrElec",12,15,22,"",318.17,0,0,0,0,0,0,0,0,0,0,0,0,0,0,0,0,0,0,0,0,318.17,0,0,0
"MtrElec",12,15,23,"",240.796,0,0,0,0,0,0,0,0,0,0,0,0,0,0,0,0,0,0,0,0,240.796,0,0,0
"MtrElec",12,15,24,"",275.248,0,0,0,0,0,0,0,0,0,0,0,0,0,0,0,0,0,0,0,0,275.248,0,0,0
"MtrElec",12,16,1,"",176.426,0,0,0,0,0,0,0,0,0,0,0,0,0,0,0,0,0,0,0,0,176.426,0,0,0
"MtrElec",12,16,2,"",157.056,0,0,0,0,0,0,0,0,0,0,0,0,0,0,0,0,0,0,0,0,157.056,0,0,0
"MtrElec",12,16,3,"",153.809,0,0,0,0,0,0,0,0,0,0,0,0,0,0,0,0,0,0,0,0,153.809,0,0,0
"MtrElec",12,16,4,"",155.639,0,0,0,0,0,0,0,0,0,0,0,0,0,0,0,0,0,0,0,0,155.639,0,0,0
"MtrElec",12,16,5,"",158.692,0,0,0,0,0,0,0,0,0,0,0,0,0,0,0,0,0,0,0,0,158.692,0,0,0
"MtrElec",12,16,6,"",200.498,0,0,0,0,0,0,0,0,0,0,0,0,0,0,0,0,0,0,0,0,200.498,0,0,0
"MtrElec",12,16,7,"",256.769,0,0,0,0,0,0,0,0,0,0,0,0,0,0,0,0,0,0,0,0,256.769,0,0,0
"MtrElec",12,16,8,"",168.006,0,0,0,0,0,0,0,0,0,0,0,0,0,0,0,0,0,0,0,0,288.15,0,0,-120.144
"MtrElec",12,16,9,"",56.9464,0,0,0,0,0,0,0,0,0,0,0,0,0,0,0,0,0,0,0,0,382.525,0,0,-325.578
"MtrElec",12,16,10,"",-41.7384,0,0,0,0,0,0,0,0,0,0,0,0,0,0,0,0,0,0,0,0,418.492,0,0,-460.231
"MtrElec",12,16,11,"",0,0,0,0,0,0,0,0,0,0,0,0,0,0,0,0,0,0,0,0,0,436.119,0,105.064,-541.183
"MtrElec",12,16,12,"",0.0000078,0,0,0,0,0,0,0,0,0,0,0,0,0,0,0,0,0,0,0,0,469.507,0,114.641,-584.148
"MtrElec",12,16,13,"",0.0000039,0,0,0,0,0,0,0,0,0,0,0,0,0,0,0,0,0,0,0,0,511.906,0,65.0446,-576.951
"MtrElec",12,16,14,"",0,0,0,0,0,0,0,0,0,0,0,0,0,0,0,0,0,0,0,0,0,409.876,0,27.7801,-437.657
"MtrElec",12,16,15,"",74.6522,0,0,0,0,0,0,0,0,0,0,0,0,0,0,0,0,0,0,0,0,401.053,0,0,-326.4
"MtrElec",12,16,16,"",268.724,0,0,0,0,0,0,0,0,0,0,0,0,0,0,0,0,0,0,0,0,379.375,0,0,-110.651
"MtrElec",12,16,17,"",447.73,0,0,0,0,0,0,0,0,0,0,0,0,0,0,0,0,0,0,0,0,456.735,0,0,-9.00574
"MtrElec",12,16,18,"",458.319,0,0,0,0,0,0,0,0,0,0,0,0,0,0,0,0,0,0,0,0,458.319,0,0,0
"MtrElec",12,16,19,"",209.195,0,0,0,0,0,0,0,0,0,0,0,0,0,0,0,0,0,0,0,0,431.12,0,-221.926,0
"MtrElec",12,16,20,"",371.217,0,0,0,0,0,0,0,0,0,0,0,0,0,0,0,0,0,0,0,0,431.349,0,-60.1324,0
"MtrElec",12,16,21,"",421.099,0,0,0,0,0,0,0,0,0,0,0,0,0,0,0,0,0,0,0,0,421.099,0,0,0
"MtrElec",12,16,22,"",314.535,0,0,0,0,0,0,0,0,0,0,0,0,0,0,0,0,0,0,0,0,314.535,0,0,0
"MtrElec",12,16,23,"",224.434,0,0,0,0,0,0,0,0,0,0,0,0,0,0,0,0,0,0,0,0,224.434,0,0,0
"MtrElec",12,16,24,"",242.807,0,0,0,0,0,0,0,0,0,0,0,0,0,0,0,0,0,0,0,0,242.807,0,0,0
"MtrElec",12,17,1,"",182.719,0,0,0,0,0,0,0,0,0,0,0,0,0,0,0,0,0,0,0,0,182.719,0,0,0
"MtrElec",12,17,2,"",158.223,0,0,0,0,0,0,0,0,0,0,0,0,0,0,0,0,0,0,0,0,158.223,0,0,0
"MtrElec",12,17,3,"",161.64,0,0,0,0,0,0,0,0,0,0,0,0,0,0,0,0,0,0,0,0,161.64,0,0,0
"MtrElec",12,17,4,"",161.365,0,0,0,0,0,0,0,0,0,0,0,0,0,0,0,0,0,0,0,0,161.365,0,0,0
"MtrElec",12,17,5,"",159.635,0,0,0,0,0,0,0,0,0,0,0,0,0,0,0,0,0,0,0,0,159.635,0,0,0
"MtrElec",12,17,6,"",203.591,0,0,0,0,0,0,0,0,0,0,0,0,0,0,0,0,0,0,0,0,203.591,0,0,0
"MtrElec",12,17,7,"",283.586,0,0,0,0,0,0,0,0,0,0,0,0,0,0,0,0,0,0,0,0,283.586,0,0,0
"MtrElec",12,17,8,"",191.273,0,0,0,0,0,0,0,0,0,0,0,0,0,0,0,0,0,0,0,0,314.325,0,0,-123.053
"MtrElec",12,17,9,"",22.6041,0,0,0,0,0,0,0,0,0,0,0,0,0,0,0,0,0,0,0,0,353.249,0,0,-330.644
"MtrElec",12,17,10,"",-59.8046,0,0,0,0,0,0,0,0,0,0,0,0,0,0,0,0,0,0,0,0,406.492,0,0,-466.296
"MtrElec",12,17,11,"",0,0,0,0,0,0,0,0,0,0,0,0,0,0,0,0,0,0,0,0,0,454.818,0,93.276,-548.094
"MtrElec",12,17,12,"",0.0000156,0,0,0,0,0,0,0,0,0,0,0,0,0,0,0,0,0,0,0,0,437.61,0,153.467,-591.078
"MtrElec",12,17,13,"",0,0,0,0,0,0,0,0,0,0,0,0,0,0,0,0,0,0,0,0,0,401.353,0,173.537,-574.89
"MtrElec",12,17,14,"",0.0000078,0,0,0,0,0,0,0,0,0,0,0,0,0,0,0,0,0,0,0,0,415.889,0,96.6383,-512.527
"MtrElec",12,17,15,"",0,0,0,0,0,0,0,0,0,0,0,0,0,0,0,0,0,0,0,0,0,384.081,0,21.0075,-405.088
"MtrElec",12,17,16,"",171.849,0,0,0,0,0,0,0,0,0,0,0,0,0,0,0,0,0,0,0,0,414.654,0,0,-242.804
"MtrElec",12,17,17,"",366.165,0,0,0,0,0,0,0,0,0,0,0,0,0,0,0,0,0,0,0,0,418.417,0,0,-52.2523
"MtrElec",12,17,18,"",425.357,0,0,0,0,0,0,0,0,0,0,0,0,0,0,0,0,0,0,0,0,425.357,0,0,0
"MtrElec",12,17,19,"",226.017,0,0,0,0,0,0,0,0,0,0,0,0,0,0,0,0,0,0,0,0,447.942,0,-221.926,0
"MtrElec",12,17,20,"",231.135,0,0,0,0,0,0,0,0,0,0,0,0,0,0,0,0,0,0,0,0,453.061,0,-221.926,0
"MtrElec",12,17,21,"",379.315,0,0,0,0,0,0,0,0,0,0,0,0,0,0,0,0,0,0,0,0,420.942,0,-41.6272,0
"MtrElec",12,17,22,"",268.666,0,0,0,0,0,0,0,0,0,0,0,0,0,0,0,0,0,0,0,0,268.666,0,0,0
"MtrElec",12,17,23,"",283.552,0,0,0,0,0,0,0,0,0,0,0,0,0,0,0,0,0,0,0,0,283.552,0,0,0
"MtrElec",12,17,24,"",207.751,0,0,0,0,0,0,0,0,0,0,0,0,0,0,0,0,0,0,0,0,207.751,0,0,0
"MtrElec",12,18,1,"",166.39,0,0,0,0,0,0,0,0,0,0,0,0,0,0,0,0,0,0,0,0,166.39,0,0,0
"MtrElec",12,18,2,"",199.136,0,0,0,0,0,0,0,0,0,0,0,0,0,0,0,0,0,0,0,0,199.136,0,0,0
"MtrElec",12,18,3,"",147.949,0,0,0,0,0,0,0,0,0,0,0,0,0,0,0,0,0,0,0,0,147.949,0,0,0
"MtrElec",12,18,4,"",151.016,0,0,0,0,0,0,0,0,0,0,0,0,0,0,0,0,0,0,0,0,151.016,0,0,0
"MtrElec",12,18,5,"",154.176,0,0,0,0,0,0,0,0,0,0,0,0,0,0,0,0,0,0,0,0,154.176,0,0,0
"MtrElec",12,18,6,"",191.109,0,0,0,0,0,0,0,0,0,0,0,0,0,0,0,0,0,0,0,0,191.109,0,0,0
"MtrElec",12,18,7,"",228.326,0,0,0,0,0,0,0,0,0,0,0,0,0,0,0,0,0,0,0,0,228.326,0,0,0
"MtrElec",12,18,8,"",235.546,0,0,0,0,0,0,0,0,0,0,0,0,0,0,0,0,0,0,0,0,356.473,0,0,-120.927
"MtrElec",12,18,9,"",26.6771,0,0,0,0,0,0,0,0,0,0,0,0,0,0,0,0,0,0,0,0,360.233,0,0,-333.556
"MtrElec",12,18,10,"",-15.4738,0,0,0,0,0,0,0,0,0,0,0,0,0,0,0,0,0,0,0,0,450.836,0,0,-466.31
"MtrElec",12,18,11,"",0.0000039,0,0,0,0,0,0,0,0,0,0,0,0,0,0,0,0,0,0,0,0,491.781,0,51.7378,-543.519
"MtrElec",12,18,12,"",0,0,0,0,0,0,0,0,0,0,0,0,0,0,0,0,0,0,0,0,0,439.463,0,132.893,-572.356
"MtrElec",12,18,13,"",0,0,0,0,0,0,0,0,0,0,0,0,0,0,0,0,0,0,0,0,0,429.438,0,125.425,-554.864
"MtrElec",12,18,14,"",0.0000078,0,0,0,0,0,0,0,0,0,0,0,0,0,0,0,0,0,0,0,0,375.769,0,122.53,-498.299
"MtrElec",12,18,15,"",32.7285,0,0,0,0,0,0,0,0,0,0,0,0,0,0,0,0,0,0,0,0,425.77,0,0,-393.042
"MtrElec",12,18,16,"",211.89,0,0,0,0,0,0,0,0,0,0,0,0,0,0,0,0,0,0,0,0,442.439,0,0,-230.548
"MtrElec",12,18,17,"",427.365,0,0,0,0,0,0,0,0,0,0,0,0,0,0,0,0,0,0,0,0,475.461,0,0,-48.0964
"MtrElec",12,18,18,"",388.213,0,0,0,0,0,0,0,0,0,0,0,0,0,0,0,0,0,0,0,0,388.213,0,0,0
"MtrElec",12,18,19,"",193.004,0,0,0,0,0,0,0,0,0,0,0,0,0,0,0,0,0,0,0,0,414.93,0,-221.926,0
"MtrElec",12,18,20,"",283.612,0,0,0,0,0,0,0,0,0,0,0,0,0,0,0,0,0,0,0,0,452.095,0,-168.483,0
"MtrElec",12,18,21,"",380.918,0,0,0,0,0,0,0,0,0,0,0,0,0,0,0,0,0,0,0,0,380.918,0,0,0
"MtrElec",12,18,22,"",339.81,0,0,0,0,0,0,0,0,0,0,0,0,0,0,0,0,0,0,0,0,339.81,0,0,0
"MtrElec",12,18,23,"",317.593,0,0,0,0,0,0,0,0,0,0,0,0,0,0,0,0,0,0,0,0,317.593,0,0,0
"MtrElec",12,18,24,"",272.867,0,0,0,0,0,0,0,0,0,0,0,0,0,0,0,0,0,0,0,0,272.867,0,0,0
"MtrElec",12,19,1,"",178.404,0,0,0,0,0,0,0,0,0,0,0,0,0,0,0,0,0,0,0,0,178.404,0,0,0
"MtrElec",12,19,2,"",157.155,0,0,0,0,0,0,0,0,0,0,0,0,0,0,0,0,0,0,0,0,157.155,0,0,0
"MtrElec",12,19,3,"",155.397,0,0,0,0,0,0,0,0,0,0,0,0,0,0,0,0,0,0,0,0,155.397,0,0,0
"MtrElec",12,19,4,"",156.286,0,0,0,0,0,0,0,0,0,0,0,0,0,0,0,0,0,0,0,0,156.286,0,0,0
"MtrElec",12,19,5,"",176.271,0,0,0,0,0,0,0,0,0,0,0,0,0,0,0,0,0,0,0,0,176.271,0,0,0
"MtrElec",12,19,6,"",172.691,0,0,0,0,0,0,0,0,0,0,0,0,0,0,0,0,0,0,0,0,172.691,0,0,0
"MtrElec",12,19,7,"",238.823,0,0,0,0,0,0,0,0,0,0,0,0,0,0,0,0,0,0,0,0,238.823,0,0,0
"MtrElec",12,19,8,"",165.152,0,0,0,0,0,0,0,0,0,0,0,0,0,0,0,0,0,0,0,0,278.105,0,0,-112.953
"MtrElec",12,19,9,"",5.75394,0,0,0,0,0,0,0,0,0,0,0,0,0,0,0,0,0,0,0,0,321.986,0,0,-316.232
"MtrElec",12,19,10,"",18.1255,0,0,0,0,0,0,0,0,0,0,0,0,0,0,0,0,0,0,0,0,466.869,0,0,-448.744
"MtrElec",12,19,11,"",0,0,0,0,0,0,0,0,0,0,0,0,0,0,0,0,0,0,0,0,0,458.09,0,74.7129,-532.803
"MtrElec",12,19,12,"",0,0,0,0,0,0,0,0,0,0,0,0,0,0,0,0,0,0,0,0,0,478.577,0,87.2363,-565.813
"MtrElec",12,19,13,"",0,0,0,0,0,0,0,0,0,0,0,0,0,0,0,0,0,0,0,0,0,495.603,0,56.4595,-552.063
"MtrElec",12,19,14,"",0.0000039,0,0,0,0,0,0,0,0,0,0,0,0,0,0,0,0,0,0,0,0,455.084,0,45.0316,-500.116
"MtrElec",12,19,15,"",94.9041,0,0,0,0,0,0,0,0,0,0,0,0,0,0,0,0,0,0,0,0,488.062,0,0,-393.158
"MtrElec",12,19,16,"",220.614,0,0,0,0,0,0,0,0,0,0,0,0,0,0,0,0,0,0,0,0,454.419,0,0,-233.804
"MtrElec",12,19,17,"",402.544,0,0,0,0,0,0,0,0,0,0,0,0,0,0,0,0,0,0,0,0,452.586,0,0,-50.0424
"MtrElec",12,19,18,"",443.029,0,0,0,0,0,0,0,0,0,0,0,0,0,0,0,0,0,0,0,0,443.029,0,0,0
"MtrElec",12,19,19,"",208.27,0,0,0,0,0,0,0,0,0,0,0,0,0,0,0,0,0,0,0,0,430.196,0,-221.926,0
"MtrElec",12,19,20,"",394.156,0,0,0,0,0,0,0,0,0,0,0,0,0,0,0,0,0,0,0,0,409.986,0,-15.8291,0
"MtrElec",12,19,21,"",301.94,0,0,0,0,0,0,0,0,0,0,0,0,0,0,0,0,0,0,0,0,301.94,0,0,0
"MtrElec",12,19,22,"",321.13,0,0,0,0,0,0,0,0,0,0,0,0,0,0,0,0,0,0,0,0,321.13,0,0,0
"MtrElec",12,19,23,"",256.493,0,0,0,0,0,0,0,0,0,0,0,0,0,0,0,0,0,0,0,0,256.493,0,0,0
"MtrElec",12,19,24,"",205.537,0,0,0,0,0,0,0,0,0,0,0,0,0,0,0,0,0,0,0,0,205.537,0,0,0
"MtrElec",12,20,1,"",180.43,0,0,0,0,0,0,0,0,0,0,0,0,0,0,0,0,0,0,0,0,180.43,0,0,0
"MtrElec",12,20,2,"",154.063,0,0,0,0,0,0,0,0,0,0,0,0,0,0,0,0,0,0,0,0,154.063,0,0,0
"MtrElec",12,20,3,"",202.52,0,0,0,0,0,0,0,0,0,0,0,0,0,0,0,0,0,0,0,0,202.52,0,0,0
"MtrElec",12,20,4,"",156.898,0,0,0,0,0,0,0,0,0,0,0,0,0,0,0,0,0,0,0,0,156.898,0,0,0
"MtrElec",12,20,5,"",171.321,0,0,0,0,0,0,0,0,0,0,0,0,0,0,0,0,0,0,0,0,171.321,0,0,0
"MtrElec",12,20,6,"",154.63,0,0,0,0,0,0,0,0,0,0,0,0,0,0,0,0,0,0,0,0,154.63,0,0,0
"MtrElec",12,20,7,"",225.826,0,0,0,0,0,0,0,0,0,0,0,0,0,0,0,0,0,0,0,0,225.826,0,0,0
"MtrElec",12,20,8,"",91.657,0,0,0,0,0,0,0,0,0,0,0,0,0,0,0,0,0,0,0,0,201.846,0,0,-110.189
"MtrElec",12,20,9,"",6.39922,0,0,0,0,0,0,0,0,0,0,0,0,0,0,0,0,0,0,0,0,312.468,0,0,-306.069
"MtrElec",12,20,10,"",-121.853,0,0,0,0,0,0,0,0,0,0,0,0,0,0,0,0,0,0,0,0,333.076,0,0,-454.929
"MtrElec",12,20,11,"",0,0,0,0,0,0,0,0,0,0,0,0,0,0,0,0,0,0,0,0,0,436.293,0,108.092,-544.385
"MtrElec",12,20,12,"",0.0000156,0,0,0,0,0,0,0,0,0,0,0,0,0,0,0,0,0,0,0,0,406.536,0,173.731,-580.267
"MtrElec",12,20,13,"",0.0000078,0,0,0,0,0,0,0,0,0,0,0,0,0,0,0,0,0,0,0,0,437.665,0,123.083,-560.748
"MtrElec",12,20,14,"",0,0,0,0,0,0,0,0,0,0,0,0,0,0,0,0,0,0,0,0,0,377.482,0,114.427,-491.908
"MtrElec",12,20,15,"",0.0000078,0,0,0,0,0,0,0,0,0,0,0,0,0,0,0,0,0,0,0,0,324.893,0,66.4599,-391.353
"MtrElec",12,20,16,"",108.332,0,0,0,0,0,0,0,0,0,0,0,0,0,0,0,0,0,0,0,0,340.056,0,0,-231.724
"MtrElec",12,20,17,"",322.144,0,0,0,0,0,0,0,0,0,0,0,0,0,0,0,0,0,0,0,0,370.459,0,0,-48.3157
"MtrElec",12,20,18,"",403.602,0,0,0,0,0,0,0,0,0,0,0,0,0,0,0,0,0,0,0,0,403.602,0,0,0
"MtrElec",12,20,19,"",193.598,0,0,0,0,0,0,0,0,0,0,0,0,0,0,0,0,0,0,0,0,415.524,0,-221.926,0
"MtrElec",12,20,20,"",108.096,0,0,0,0,0,0,0,0,0,0,0,0,0,0,0,0,0,0,0,0,330.022,0,-221.926,0
"MtrElec",12,20,21,"",242.927,0,0,0,0,0,0,0,0,0,0,0,0,0,0,0,0,0,0,0,0,327.753,0,-84.8259,0
"MtrElec",12,20,22,"",324.068,0,0,0,0,0,0,0,0,0,0,0,0,0,0,0,0,0,0,0,0,324.068,0,0,0
"MtrElec",12,20,23,"",258.857,0,0,0,0,0,0,0,0,0,0,0,0,0,0,0,0,0,0,0,0,258.857,0,0,0
"MtrElec",12,20,24,"",197.959,0,0,0,0,0,0,0,0,0,0,0,0,0,0,0,0,0,0,0,0,197.959,0,0,0
"MtrElec",12,21,1,"",160.148,0,0,0,0,0,0,0,0,0,0,0,0,0,0,0,0,0,0,0,0,160.148,0,0,0
"MtrElec",12,21,2,"",154.68,0,0,0,0,0,0,0,0,0,0,0,0,0,0,0,0,0,0,0,0,154.68,0,0,0
"MtrElec",12,21,3,"",150.153,0,0,0,0,0,0,0,0,0,0,0,0,0,0,0,0,0,0,0,0,150.153,0,0,0
"MtrElec",12,21,4,"",152.091,0,0,0,0,0,0,0,0,0,0,0,0,0,0,0,0,0,0,0,0,152.091,0,0,0
"MtrElec",12,21,5,"",148.476,0,0,0,0,0,0,0,0,0,0,0,0,0,0,0,0,0,0,0,0,148.476,0,0,0
"MtrElec",12,21,6,"",197.873,0,0,0,0,0,0,0,0,0,0,0,0,0,0,0,0,0,0,0,0,197.873,0,0,0
"MtrElec",12,21,7,"",275.915,0,0,0,0,0,0,0,0,0,0,0,0,0,0,0,0,0,0,0,0,275.915,0,0,0
"MtrElec",12,21,8,"",193.472,0,0,0,0,0,0,0,0,0,0,0,0,0,0,0,0,0,0,0,0,291.753,0,0,-98.2805
"MtrElec",12,21,9,"",51.3157,0,0,0,0,0,0,0,0,0,0,0,0,0,0,0,0,0,0,0,0,345.875,0,0,-294.559
"MtrElec",12,21,10,"",-14.0276,0,0,0,0,0,0,0,0,0,0,0,0,0,0,0,0,0,0,0,0,432.786,0,0,-446.813
"MtrElec",12,21,11,"",0,0,0,0,0,0,0,0,0,0,0,0,0,0,0,0,0,0,0,0,0,441.173,0,107.04,-548.213
"MtrElec",12,21,12,"",0.0000156,0,0,0,0,0,0,0,0,0,0,0,0,0,0,0,0,0,0,0,0,419.294,0,170.238,-589.532
"MtrElec",12,21,13,"",0.0000078,0,0,0,0,0,0,0,0,0,0,0,0,0,0,0,0,0,0,0,0,450.437,0,128.548,-578.984
"MtrElec",12,21,14,"",0,0,0,0,0,0,0,0,0,0,0,0,0,0,0,0,0,0,0,0,0,332.215,0,190.604,-522.819
"MtrElec",12,21,15,"",0.0000039,0,0,0,0,0,0,0,0,0,0,0,0,0,0,0,0,0,0,0,0,378.147,0,34.1418,-412.289
"MtrElec",12,21,16,"",147.093,0,0,0,0,0,0,0,0,0,0,0,0,0,0,0,0,0,0,0,0,386.544,0,0,-239.451
"MtrElec",12,21,17,"",385.793,0,0,0,0,0,0,0,0,0,0,0,0,0,0,0,0,0,0,0,0,436.126,0,0,-50.333
"MtrElec",12,21,18,"",383.234,0,0,0,0,0,0,0,0,0,0,0,0,0,0,0,0,0,0,0,0,383.234,0,0,0
"MtrElec",12,21,19,"",200.838,0,0,0,0,0,0,0,0,0,0,0,0,0,0,0,0,0,0,0,0,422.764,0,-221.926,0
"MtrElec",12,21,20,"",193.96,0,0,0,0,0,0,0,0,0,0,0,0,0,0,0,0,0,0,0,0,415.885,0,-221.926,0
"MtrElec",12,21,21,"",278.447,0,0,0,0,0,0,0,0,0,0,0,0,0,0,0,0,0,0,0,0,403.687,0,-125.24,0
"MtrElec",12,21,22,"",353.737,0,0,0,0,0,0,0,0,0,0,0,0,0,0,0,0,0,0,0,0,353.737,0,0,0
"MtrElec",12,21,23,"",269.41,0,0,0,0,0,0,0,0,0,0,0,0,0,0,0,0,0,0,0,0,269.41,0,0,0
"MtrElec",12,21,24,"",188.088,0,0,0,0,0,0,0,0,0,0,0,0,0,0,0,0,0,0,0,0,188.088,0,0,0
"MtrElec",12,22,1,"",176.157,0,0,0,0,0,0,0,0,0,0,0,0,0,0,0,0,0,0,0,0,176.157,0,0,0
"MtrElec",12,22,2,"",157.691,0,0,0,0,0,0,0,0,0,0,0,0,0,0,0,0,0,0,0,0,157.691,0,0,0
"MtrElec",12,22,3,"",156.896,0,0,0,0,0,0,0,0,0,0,0,0,0,0,0,0,0,0,0,0,156.896,0,0,0
"MtrElec",12,22,4,"",157.327,0,0,0,0,0,0,0,0,0,0,0,0,0,0,0,0,0,0,0,0,157.327,0,0,0
"MtrElec",12,22,5,"",159.814,0,0,0,0,0,0,0,0,0,0,0,0,0,0,0,0,0,0,0,0,159.814,0,0,0
"MtrElec",12,22,6,"",205.537,0,0,0,0,0,0,0,0,0,0,0,0,0,0,0,0,0,0,0,0,205.537,0,0,0
"MtrElec",12,22,7,"",259.353,0,0,0,0,0,0,0,0,0,0,0,0,0,0,0,0,0,0,0,0,259.353,0,0,0
"MtrElec",12,22,8,"",303.339,0,0,0,0,0,0,0,0,0,0,0,0,0,0,0,0,0,0,0,0,338.316,0,0,-34.9776
"MtrElec",12,22,9,"",217.847,0,0,0,0,0,0,0,0,0,0,0,0,0,0,0,0,0,0,0,0,350.089,0,0,-132.242
"MtrElec",12,22,10,"",170.706,0,0,0,0,0,0,0,0,0,0,0,0,0,0,0,0,0,0,0,0,420.802,0,0,-250.096
"MtrElec",12,22,11,"",106.82,0,0,0,0,0,0,0,0,0,0,0,0,0,0,0,0,0,0,0,0,449.829,0,0,-343.009
"MtrElec",12,22,12,"",0,0,0,0,0,0,0,0,0,0,0,0,0,0,0,0,0,0,0,0,0,363.983,0,23.2043,-387.188
"MtrElec",12,22,13,"",0,0,0,0,0,0,0,0,0,0,0,0,0,0,0,0,0,0,0,0,0,403.083,0,10.3715,-413.454
"MtrElec",12,22,14,"",0,0,0,0,0,0,0,0,0,0,0,0,0,0,0,0,0,0,0,0,0,321.297,0,35.32,-356.617
"MtrElec",12,22,15,"",78.7296,0,0,0,0,0,0,0,0,0,0,0,0,0,0,0,0,0,0,0,0,371.217,0,0,-292.487
"MtrElec",12,22,16,"",129.388,0,0,0,0,0,0,0,0,0,0,0,0,0,0,0,0,0,0,0,0,328.485,0,0,-199.096
"MtrElec",12,22,17,"",366.543,0,0,0,0,0,0,0,0,0,0,0,0,0,0,0,0,0,0,0,0,419.946,0,0,-53.403
"MtrElec",12,22,18,"",391.669,0,0,0,0,0,0,0,0,0,0,0,0,0,0,0,0,0,0,0,0,391.669,0,0,0
"MtrElec",12,22,19,"",361.835,0,0,0,0,0,0,0,0,0,0,0,0,0,0,0,0,0,0,0,0,424.013,0,-62.1784,0
"MtrElec",12,22,20,"",412.947,0,0,0,0,0,0,0,0,0,0,0,0,0,0,0,0,0,0,0,0,412.947,0,0,0
"MtrElec",12,22,21,"",384.951,0,0,0,0,0,0,0,0,0,0,0,0,0,0,0,0,0,0,0,0,384.951,0,0,0
"MtrElec",12,22,22,"",306.221,0,0,0,0,0,0,0,0,0,0,0,0,0,0,0,0,0,0,0,0,306.221,0,0,0
"MtrElec",12,22,23,"",307.728,0,0,0,0,0,0,0,0,0,0,0,0,0,0,0,0,0,0,0,0,307.728,0,0,0
"MtrElec",12,22,24,"",194.634,0,0,0,0,0,0,0,0,0,0,0,0,0,0,0,0,0,0,0,0,194.634,0,0,0
"MtrElec",12,23,1,"",176.988,0,0,0,0,0,0,0,0,0,0,0,0,0,0,0,0,0,0,0,0,176.988,0,0,0
"MtrElec",12,23,2,"",197.623,0,0,0,0,0,0,0,0,0,0,0,0,0,0,0,0,0,0,0,0,197.623,0,0,0
"MtrElec",12,23,3,"",179.82,0,0,0,0,0,0,0,0,0,0,0,0,0,0,0,0,0,0,0,0,179.82,0,0,0
"MtrElec",12,23,4,"",167.128,0,0,0,0,0,0,0,0,0,0,0,0,0,0,0,0,0,0,0,0,167.128,0,0,0
"MtrElec",12,23,5,"",167.855,0,0,0,0,0,0,0,0,0,0,0,0,0,0,0,0,0,0,0,0,167.855,0,0,0
"MtrElec",12,23,6,"",194.011,0,0,0,0,0,0,0,0,0,0,0,0,0,0,0,0,0,0,0,0,194.011,0,0,0
"MtrElec",12,23,7,"",267.361,0,0,0,0,0,0,0,0,0,0,0,0,0,0,0,0,0,0,0,0,267.361,0,0,0
"MtrElec",12,23,8,"",260.381,0,0,0,0,0,0,0,0,0,0,0,0,0,0,0,0,0,0,0,0,376.014,0,0,-115.634
"MtrElec",12,23,9,"",99.0515,0,0,0,0,0,0,0,0,0,0,0,0,0,0,0,0,0,0,0,0,420.522,0,0,-321.471
"MtrElec",12,23,10,"",-19.387,0,0,0,0,0,0,0,0,0,0,0,0,0,0,0,0,0,0,0,0,442.872,0,0,-462.259
"MtrElec",12,23,11,"",0.0000156,0,0,0,0,0,0,0,0,0,0,0,0,0,0,0,0,0,0,0,0,411.477,0,137.157,-548.634
"MtrElec",12,23,12,"",0,0,0,0,0,0,0,0,0,0,0,0,0,0,0,0,0,0,0,0,0,404.281,0,194.928,-599.209
"MtrElec",12,23,13,"",0.0000156,0,0,0,0,0,0,0,0,0,0,0,0,0,0,0,0,0,0,0,0,408.167,0,178.835,-587.002
"MtrElec",12,23,14,"",0,0,0,0,0,0,0,0,0,0,0,0,0,0,0,0,0,0,0,0,0,388.042,0,133.048,-521.091
"MtrElec",12,23,15,"",0,0,0,0,0,0,0,0,0,0,0,0,0,0,0,0,0,0,0,0,0,330.516,0,88.3823,-418.898
"MtrElec",12,23,16,"",127.245,0,0,0,0,0,0,0,0,0,0,0,0,0,0,0,0,0,0,0,0,378.935,0,0,-251.69
"MtrElec",12,23,17,"",312.413,0,0,0,0,0,0,0,0,0,0,0,0,0,0,0,0,0,0,0,0,370.63,0,0,-58.2173
"MtrElec",12,23,18,"",418.53,0,0,0,0,0,0,0,0,0,0,0,0,0,0,0,0,0,0,0,0,418.53,0,0,0
"MtrElec",12,23,19,"",213.269,0,0,0,0,0,0,0,0,0,0,0,0,0,0,0,0,0,0,0,0,435.195,0,-221.926,0
"MtrElec",12,23,20,"",193.728,0,0,0,0,0,0,0,0,0,0,0,0,0,0,0,0,0,0,0,0,415.653,0,-221.926,0
"MtrElec",12,23,21,"",166.531,0,0,0,0,0,0,0,0,0,0,0,0,0,0,0,0,0,0,0,0,383.627,0,-217.096,0
"MtrElec",12,23,22,"",321.421,0,0,0,0,0,0,0,0,0,0,0,0,0,0,0,0,0,0,0,0,321.421,0,0,0
"MtrElec",12,23,23,"",243.424,0,0,0,0,0,0,0,0,0,0,0,0,0,0,0,0,0,0,0,0,243.424,0,0,0
"MtrElec",12,23,24,"",259.713,0,0,0,0,0,0,0,0,0,0,0,0,0,0,0,0,0,0,0,0,259.713,0,0,0
"MtrElec",12,24,1,"",171.669,0,0,0,0,0,0,0,0,0,0,0,0,0,0,0,0,0,0,0,0,171.669,0,0,0
"MtrElec",12,24,2,"",166.136,0,0,0,0,0,0,0,0,0,0,0,0,0,0,0,0,0,0,0,0,166.136,0,0,0
"MtrElec",12,24,3,"",162.044,0,0,0,0,0,0,0,0,0,0,0,0,0,0,0,0,0,0,0,0,162.044,0,0,0
"MtrElec",12,24,4,"",165.204,0,0,0,0,0,0,0,0,0,0,0,0,0,0,0,0,0,0,0,0,165.204,0,0,0
"MtrElec",12,24,5,"",165.72,0,0,0,0,0,0,0,0,0,0,0,0,0,0,0,0,0,0,0,0,165.72,0,0,0
"MtrElec",12,24,6,"",225.053,0,0,0,0,0,0,0,0,0,0,0,0,0,0,0,0,0,0,0,0,225.053,0,0,0
"MtrElec",12,24,7,"",261.333,0,0,0,0,0,0,0,0,0,0,0,0,0,0,0,0,0,0,0,0,261.333,0,0,0
"MtrElec",12,24,8,"",249.679,0,0,0,0,0,0,0,0,0,0,0,0,0,0,0,0,0,0,0,0,361.963,0,0,-112.284
"MtrElec",12,24,9,"",47.4662,0,0,0,0,0,0,0,0,0,0,0,0,0,0,0,0,0,0,0,0,362.233,0,0,-314.767
"MtrElec",12,24,10,"",-94.8217,0,0,0,0,0,0,0,0,0,0,0,0,0,0,0,0,0,0,0,0,360.223,0,0,-455.045
"MtrElec",12,24,11,"",0,0,0,0,0,0,0,0,0,0,0,0,0,0,0,0,0,0,0,0,0,346.656,0,195.545,-542.201
"MtrElec",12,24,12,"",-6.39947,0,0,0,0,0,0,0,0,0,0,0,0,0,0,0,0,0,0,0,0,361.431,0,221.926,-589.756
"MtrElec",12,24,13,"",0,0,0,0,0,0,0,0,0,0,0,0,0,0,0,0,0,0,0,0,0,404.813,0,174.947,-579.76
"MtrElec",12,24,14,"",0.0000156,0,0,0,0,0,0,0,0,0,0,0,0,0,0,0,0,0,0,0,0,334.031,0,188.168,-522.198
"MtrElec",12,24,15,"",-7.86064,0,0,0,0,0,0,0,0,0,0,0,0,0,0,0,0,0,0,0,0,394.542,0,13.7981,-416.201
"MtrElec",12,24,16,"",150.885,0,0,0,0,0,0,0,0,0,0,0,0,0,0,0,0,0,0,0,0,400.534,0,0,-249.649
"MtrElec",12,24,17,"",382.433,0,0,0,0,0,0,0,0,0,0,0,0,0,0,0,0,0,0,0,0,438.006,0,0,-55.5733
"MtrElec",12,24,18,"",382.46,0,0,0,0,0,0,0,0,0,0,0,0,0,0,0,0,0,0,0,0,382.46,0,0,0
"MtrElec",12,24,19,"",191.516,0,0,0,0,0,0,0,0,0,0,0,0,0,0,0,0,0,0,0,0,413.442,0,-221.926,0
"MtrElec",12,24,20,"",240.17,0,0,0,0,0,0,0,0,0,0,0,0,0,0,0,0,0,0,0,0,462.096,0,-221.926,0
"MtrElec",12,24,21,"",158.688,0,0,0,0,0,0,0,0,0,0,0,0,0,0,0,0,0,0,0,0,380.614,0,-221.926,0
"MtrElec",12,24,22,"",264.428,0,0,0,0,0,0,0,0,0,0,0,0,0,0,0,0,0,0,0,0,315.581,0,-51.1531,0
"MtrElec",12,24,23,"",286.781,0,0,0,0,0,0,0,0,0,0,0,0,0,0,0,0,0,0,0,0,286.781,0,0,0
"MtrElec",12,24,24,"",203.252,0,0,0,0,0,0,0,0,0,0,0,0,0,0,0,0,0,0,0,0,203.252,0,0,0
"MtrElec",12,25,1,"",180.42,0,0,0,0,0,0,0,0,0,0,0,0,0,0,0,0,0,0,0,0,180.42,0,0,0
"MtrElec",12,25,2,"",165.776,0,0,0,0,0,0,0,0,0,0,0,0,0,0,0,0,0,0,0,0,165.776,0,0,0
"MtrElec",12,25,3,"",162.199,0,0,0,0,0,0,0,0,0,0,0,0,0,0,0,0,0,0,0,0,162.199,0,0,0
"MtrElec",12,25,4,"",210.024,0,0,0,0,0,0,0,0,0,0,0,0,0,0,0,0,0,0,0,0,210.024,0,0,0
"MtrElec",12,25,5,"",167.296,0,0,0,0,0,0,0,0,0,0,0,0,0,0,0,0,0,0,0,0,167.296,0,0,0
"MtrElec",12,25,6,"",223.088,0,0,0,0,0,0,0,0,0,0,0,0,0,0,0,0,0,0,0,0,223.088,0,0,0
"MtrElec",12,25,7,"",242.229,0,0,0,0,0,0,0,0,0,0,0,0,0,0,0,0,0,0,0,0,242.229,0,0,0
"MtrElec",12,25,8,"",205.673,0,0,0,0,0,0,0,0,0,0,0,0,0,0,0,0,0,0,0,0,316.07,0,0,-110.397
"MtrElec",12,25,9,"",46.0664,0,0,0,0,0,0,0,0,0,0,0,0,0,0,0,0,0,0,0,0,361.571,0,0,-315.504
"MtrElec",12,25,10,"",-18.0207,0,0,0,0,0,0,0,0,0,0,0,0,0,0,0,0,0,0,0,0,438.648,0,0,-456.668
"MtrElec",12,25,11,"",0,0,0,0,0,0,0,0,0,0,0,0,0,0,0,0,0,0,0,0,0,419.7,0,133.806,-553.506
"MtrElec",12,25,12,"",0,0,0,0,0,0,0,0,0,0,0,0,0,0,0,0,0,0,0,0,0,416.933,0,175.137,-592.07
"MtrElec",12,25,13,"",0,0,0,0,0,0,0,0,0,0,0,0,0,0,0,0,0,0,0,0,0,385.057,0,182.705,-567.761
"MtrElec",12,25,14,"",0,0,0,0,0,0,0,0,0,0,0,0,0,0,0,0,0,0,0,0,0,305.924,0,203.991,-509.914
"MtrElec",12,25,15,"",0.0000039,0,0,0,0,0,0,0,0,0,0,0,0,0,0,0,0,0,0,0,0,355.883,0,53.1056,-408.988
"MtrElec",12,25,16,"",82.0185,0,0,0,0,0,0,0,0,0,0,0,0,0,0,0,0,0,0,0,0,330.97,0,0,-248.952
"MtrElec",12,25,17,"",272.279,0,0,0,0,0,0,0,0,0,0,0,0,0,0,0,0,0,0,0,0,315.703,0,0,-43.4243
"MtrElec",12,25,18,"",388.868,0,0,0,0,0,0,0,0,0,0,0,0,0,0,0,0,0,0,0,0,388.868,0,0,0
"MtrElec",12,25,19,"",171.699,0,0,0,0,0,0,0,0,0,0,0,0,0,0,0,0,0,0,0,0,393.624,0,-221.926,0
"MtrElec",12,25,20,"",100.908,0,0,0,0,0,0,0,0,0,0,0,0,0,0,0,0,0,0,0,0,322.833,0,-221.926,0
"MtrElec",12,25,21,"",117.789,0,0,0,0,0,0,0,0,0,0,0,0,0,0,0,0,0,0,0,0,339.714,0,-221.926,0
"MtrElec",12,25,22,"",228.321,0,0,0,0,0,0,0,0,0,0,0,0,0,0,0,0,0,0,0,0,238.285,0,-9.96425,0
"MtrElec",12,25,23,"",256.655,0,0,0,0,0,0,0,0,0,0,0,0,0,0,0,0,0,0,0,0,256.655,0,0,0
"MtrElec",12,25,24,"",201.263,0,0,0,0,0,0,0,0,0,0,0,0,0,0,0,0,0,0,0,0,201.263,0,0,0
"MtrElec",12,26,1,"",165.327,0,0,0,0,0,0,0,0,0,0,0,0,0,0,0,0,0,0,0,0,165.327,0,0,0
"MtrElec",12,26,2,"",170.379,0,0,0,0,0,0,0,0,0,0,0,0,0,0,0,0,0,0,0,0,170.379,0,0,0
"MtrElec",12,26,3,"",165.431,0,0,0,0,0,0,0,0,0,0,0,0,0,0,0,0,0,0,0,0,165.431,0,0,0
"MtrElec",12,26,4,"",193.918,0,0,0,0,0,0,0,0,0,0,0,0,0,0,0,0,0,0,0,0,193.918,0,0,0
"MtrElec",12,26,5,"",201.908,0,0,0,0,0,0,0,0,0,0,0,0,0,0,0,0,0,0,0,0,201.908,0,0,0
"MtrElec",12,26,6,"",169.015,0,0,0,0,0,0,0,0,0,0,0,0,0,0,0,0,0,0,0,0,169.015,0,0,0
"MtrElec",12,26,7,"",192.063,0,0,0,0,0,0,0,0,0,0,0,0,0,0,0,0,0,0,0,0,192.063,0,0,0
"MtrElec",12,26,8,"",261.223,0,0,0,0,0,0,0,0,0,0,0,0,0,0,0,0,0,0,0,0,264.866,0,0,-3.64315
"MtrElec",12,26,9,"",189.358,0,0,0,0,0,0,0,0,0,0,0,0,0,0,0,0,0,0,0,0,298.776,0,0,-109.418
"MtrElec",12,26,10,"",263.234,0,0,0,0,0,0,0,0,0,0,0,0,0,0,0,0,0,0,0,0,382.16,0,0,-118.926
"MtrElec",12,26,11,"",217.476,0,0,0,0,0,0,0,0,0,0,0,0,0,0,0,0,0,0,0,0,418.478,0,0,-201.002
"MtrElec",12,26,12,"",144.012,0,0,0,0,0,0,0,0,0,0,0,0,0,0,0,0,0,0,0,0,437.255,0,0,-293.243
"MtrElec",12,26,13,"",217.853,0,0,0,0,0,0,0,0,0,0,0,0,0,0,0,0,0,0,0,0,410.238,0,0,-192.385
"MtrElec",12,26,14,"",167.918,0,0,0,0,0,0,0,0,0,0,0,0,0,0,0,0,0,0,0,0,387.875,0,0,-219.957
"MtrElec",12,26,15,"",297.025,0,0,0,0,0,0,0,0,0,0,0,0,0,0,0,0,0,0,0,0,405.516,0,0,-108.491
"MtrElec",12,26,16,"",302.012,0,0,0,0,0,0,0,0,0,0,0,0,0,0,0,0,0,0,0,0,380.962,0,0,-78.9501
"MtrElec",12,26,17,"",332.095,0,0,0,0,0,0,0,0,0,0,0,0,0,0,0,0,0,0,0,0,343.722,0,0,-11.627
"MtrElec",12,26,18,"",385.65,0,0,0,0,0,0,0,0,0,0,0,0,0,0,0,0,0,0,0,0,385.65,0,0,0
"MtrElec",12,26,19,"",435.894,0,0,0,0,0,0,0,0,0,0,0,0,0,0,0,0,0,0,0,0,435.894,0,0,0
"MtrElec",12,26,20,"",374.022,0,0,0,0,0,0,0,0,0,0,0,0,0,0,0,0,0,0,0,0,374.022,0,0,0
"MtrElec",12,26,21,"",354.317,0,0,0,0,0,0,0,0,0,0,0,0,0,0,0,0,0,0,0,0,354.317,0,0,0
"MtrElec",12,26,22,"",334.209,0,0,0,0,0,0,0,0,0,0,0,0,0,0,0,0,0,0,0,0,334.209,0,0,0
"MtrElec",12,26,23,"",251.653,0,0,0,0,0,0,0,0,0,0,0,0,0,0,0,0,0,0,0,0,251.653,0,0,0
"MtrElec",12,26,24,"",218.207,0,0,0,0,0,0,0,0,0,0,0,0,0,0,0,0,0,0,0,0,218.207,0,0,0
"MtrElec",12,27,1,"",176.188,0,0,0,0,0,0,0,0,0,0,0,0,0,0,0,0,0,0,0,0,176.188,0,0,0
"MtrElec",12,27,2,"",160.105,0,0,0,0,0,0,0,0,0,0,0,0,0,0,0,0,0,0,0,0,160.105,0,0,0
"MtrElec",12,27,3,"",155.801,0,0,0,0,0,0,0,0,0,0,0,0,0,0,0,0,0,0,0,0,155.801,0,0,0
"MtrElec",12,27,4,"",156.211,0,0,0,0,0,0,0,0,0,0,0,0,0,0,0,0,0,0,0,0,156.211,0,0,0
"MtrElec",12,27,5,"",160.759,0,0,0,0,0,0,0,0,0,0,0,0,0,0,0,0,0,0,0,0,160.759,0,0,0
"MtrElec",12,27,6,"",159.077,0,0,0,0,0,0,0,0,0,0,0,0,0,0,0,0,0,0,0,0,159.077,0,0,0
"MtrElec",12,27,7,"",211.857,0,0,0,0,0,0,0,0,0,0,0,0,0,0,0,0,0,0,0,0,211.857,0,0,0
"MtrElec",12,27,8,"",262.878,0,0,0,0,0,0,0,0,0,0,0,0,0,0,0,0,0,0,0,0,262.878,0,0,0
"MtrElec",12,27,9,"",264.757,0,0,0,0,0,0,0,0,0,0,0,0,0,0,0,0,0,0,0,0,319.593,0,0,-54.8364
"MtrElec",12,27,10,"",236.751,0,0,0,0,0,0,0,0,0,0,0,0,0,0,0,0,0,0,0,0,402.547,0,0,-165.796
"MtrElec",12,27,11,"",165.356,0,0,0,0,0,0,0,0,0,0,0,0,0,0,0,0,0,0,0,0,370.197,0,0,-204.841
"MtrElec",12,27,12,"",208.881,0,0,0,0,0,0,0,0,0,0,0,0,0,0,0,0,0,0,0,0,400.466,0,0,-191.584
"MtrElec",12,27,13,"",213.557,0,0,0,0,0,0,0,0,0,0,0,0,0,0,0,0,0,0,0,0,342.575,0,0,-129.018
"MtrElec",12,27,14,"",195.943,0,0,0,0,0,0,0,0,0,0,0,0,0,0,0,0,0,0,0,0,336.957,0,0,-141.014
"MtrElec",12,27,15,"",295.288,0,0,0,0,0,0,0,0,0,0,0,0,0,0,0,0,0,0,0,0,365.003,0,0,-69.7155
"MtrElec",12,27,16,"",313.647,0,0,0,0,0,0,0,0,0,0,0,0,0,0,0,0,0,0,0,0,354.31,0,0,-40.6623
"MtrElec",12,27,17,"",352.557,0,0,0,0,0,0,0,0,0,0,0,0,0,0,0,0,0,0,0,0,352.965,0,0,-0.408531
"MtrElec",12,27,18,"",363.983,0,0,0,0,0,0,0,0,0,0,0,0,0,0,0,0,0,0,0,0,363.983,0,0,0
"MtrElec",12,27,19,"",387.162,0,0,0,0,0,0,0,0,0,0,0,0,0,0,0,0,0,0,0,0,387.162,0,0,0
"MtrElec",12,27,20,"",338.11,0,0,0,0,0,0,0,0,0,0,0,0,0,0,0,0,0,0,0,0,338.11,0,0,0
"MtrElec",12,27,21,"",299.699,0,0,0,0,0,0,0,0,0,0,0,0,0,0,0,0,0,0,0,0,299.699,0,0,0
"MtrElec",12,27,22,"",302.776,0,0,0,0,0,0,0,0,0,0,0,0,0,0,0,0,0,0,0,0,302.776,0,0,0
"MtrElec",12,27,23,"",242.333,0,0,0,0,0,0,0,0,0,0,0,0,0,0,0,0,0,0,0,0,242.333,0,0,0
"MtrElec",12,27,24,"",201.632,0,0,0,0,0,0,0,0,0,0,0,0,0,0,0,0,0,0,0,0,201.632,0,0,0
"MtrElec",12,28,1,"",162.975,0,0,0,0,0,0,0,0,0,0,0,0,0,0,0,0,0,0,0,0,162.975,0,0,0
"MtrElec",12,28,2,"",159.181,0,0,0,0,0,0,0,0,0,0,0,0,0,0,0,0,0,0,0,0,159.181,0,0,0
"MtrElec",12,28,3,"",155.975,0,0,0,0,0,0,0,0,0,0,0,0,0,0,0,0,0,0,0,0,155.975,0,0,0
"MtrElec",12,28,4,"",157.566,0,0,0,0,0,0,0,0,0,0,0,0,0,0,0,0,0,0,0,0,157.566,0,0,0
"MtrElec",12,28,5,"",206.001,0,0,0,0,0,0,0,0,0,0,0,0,0,0,0,0,0,0,0,0,206.001,0,0,0
"MtrElec",12,28,6,"",158.763,0,0,0,0,0,0,0,0,0,0,0,0,0,0,0,0,0,0,0,0,158.763,0,0,0
"MtrElec",12,28,7,"",254.552,0,0,0,0,0,0,0,0,0,0,0,0,0,0,0,0,0,0,0,0,254.552,0,0,0
"MtrElec",12,28,8,"",374.916,0,0,0,0,0,0,0,0,0,0,0,0,0,0,0,0,0,0,0,0,374.916,0,0,0
"MtrElec",12,28,9,"",374.435,0,0,0,0,0,0,0,0,0,0,0,0,0,0,0,0,0,0,0,0,377.171,0,0,-2.73598
"MtrElec",12,28,10,"",274.361,0,0,0,0,0,0,0,0,0,0,0,0,0,0,0,0,0,0,0,0,406.082,0,0,-131.721
"MtrElec",12,28,11,"",96.4847,0,0,0,0,0,0,0,0,0,0,0,0,0,0,0,0,0,0,0,0,390.124,0,0,-293.639
"MtrElec",12,28,12,"",0.0000039,0,0,0,0,0,0,0,0,0,0,0,0,0,0,0,0,0,0,0,0,348.451,0,49.7597,-398.211
"MtrElec",12,28,13,"",33.471,0,0,0,0,0,0,0,0,0,0,0,0,0,0,0,0,0,0,0,0,358.012,0,0,-324.541
"MtrElec",12,28,14,"",108.443,0,0,0,0,0,0,0,0,0,0,0,0,0,0,0,0,0,0,0,0,314.368,0,0,-205.925
"MtrElec",12,28,15,"",296.603,0,0,0,0,0,0,0,0,0,0,0,0,0,0,0,0,0,0,0,0,364.771,0,0,-68.168
"MtrElec",12,28,16,"",319.454,0,0,0,0,0,0,0,0,0,0,0,0,0,0,0,0,0,0,0,0,330.258,0,0,-10.8045
"MtrElec",12,28,17,"",416.622,0,0,0,0,0,0,0,0,0,0,0,0,0,0,0,0,0,0,0,0,416.622,0,0,0
"MtrElec",12,28,18,"",437.194,0,0,0,0,0,0,0,0,0,0,0,0,0,0,0,0,0,0,0,0,437.194,0,0,0
"MtrElec",12,28,19,"",393.473,0,0,0,0,0,0,0,0,0,0,0,0,0,0,0,0,0,0,0,0,438.382,0,-44.9081,0
"MtrElec",12,28,20,"",401.872,0,0,0,0,0,0,0,0,0,0,0,0,0,0,0,0,0,0,0,0,401.872,0,0,0
"MtrElec",12,28,21,"",363.956,0,0,0,0,0,0,0,0,0,0,0,0,0,0,0,0,0,0,0,0,363.956,0,0,0
"MtrElec",12,28,22,"",303.762,0,0,0,0,0,0,0,0,0,0,0,0,0,0,0,0,0,0,0,0,303.762,0,0,0
"MtrElec",12,28,23,"",314.24,0,0,0,0,0,0,0,0,0,0,0,0,0,0,0,0,0,0,0,0,314.24,0,0,0
"MtrElec",12,28,24,"",222.623,0,0,0,0,0,0,0,0,0,0,0,0,0,0,0,0,0,0,0,0,222.623,0,0,0
"MtrElec",12,29,1,"",169.984,0,0,0,0,0,0,0,0,0,0,0,0,0,0,0,0,0,0,0,0,169.984,0,0,0
"MtrElec",12,29,2,"",157.541,0,0,0,0,0,0,0,0,0,0,0,0,0,0,0,0,0,0,0,0,157.541,0,0,0
"MtrElec",12,29,3,"",200.996,0,0,0,0,0,0,0,0,0,0,0,0,0,0,0,0,0,0,0,0,200.996,0,0,0
"MtrElec",12,29,4,"",155.823,0,0,0,0,0,0,0,0,0,0,0,0,0,0,0,0,0,0,0,0,155.823,0,0,0
"MtrElec",12,29,5,"",153.52,0,0,0,0,0,0,0,0,0,0,0,0,0,0,0,0,0,0,0,0,153.52,0,0,0
"MtrElec",12,29,6,"",158.123,0,0,0,0,0,0,0,0,0,0,0,0,0,0,0,0,0,0,0,0,158.123,0,0,0
"MtrElec",12,29,7,"",250.728,0,0,0,0,0,0,0,0,0,0,0,0,0,0,0,0,0,0,0,0,250.728,0,0,0
"MtrElec",12,29,8,"",370.422,0,0,0,0,0,0,0,0,0,0,0,0,0,0,0,0,0,0,0,0,378.522,0,0,-8.10079
"MtrElec",12,29,9,"",357.194,0,0,0,0,0,0,0,0,0,0,0,0,0,0,0,0,0,0,0,0,363.768,0,0,-6.57408
"MtrElec",12,29,10,"",287.863,0,0,0,0,0,0,0,0,0,0,0,0,0,0,0,0,0,0,0,0,417.701,0,0,-129.837
"MtrElec",12,29,11,"",160.013,0,0,0,0,0,0,0,0,0,0,0,0,0,0,0,0,0,0,0,0,416.151,0,0,-256.139
"MtrElec",12,29,12,"",10.1839,0,0,0,0,0,0,0,0,0,0,0,0,0,0,0,0,0,0,0,0,380.471,0,0,-370.287
"MtrElec",12,29,13,"",286.704,0,0,0,0,0,0,0,0,0,0,0,0,0,0,0,0,0,0,0,0,456.688,0,0,-169.983
"MtrElec",12,29,14,"",244.074,0,0,0,0,0,0,0,0,0,0,0,0,0,0,0,0,0,0,0,0,309.93,0,0,-65.8561
"MtrElec",12,29,15,"",223.396,0,0,0,0,0,0,0,0,0,0,0,0,0,0,0,0,0,0,0,0,345.602,0,0,-122.206
"MtrElec",12,29,16,"",119.837,0,0,0,0,0,0,0,0,0,0,0,0,0,0,0,0,0,0,0,0,321.485,0,0,-201.648
"MtrElec",12,29,17,"",322.64,0,0,0,0,0,0,0,0,0,0,0,0,0,0,0,0,0,0,0,0,366.897,0,0,-44.2575
"MtrElec",12,29,18,"",403.864,0,0,0,0,0,0,0,0,0,0,0,0,0,0,0,0,0,0,0,0,403.864,0,0,0
"MtrElec",12,29,19,"",410.579,0,0,0,0,0,0,0,0,0,0,0,0,0,0,0,0,0,0,0,0,410.579,0,0,0
"MtrElec",12,29,20,"",415.732,0,0,0,0,0,0,0,0,0,0,0,0,0,0,0,0,0,0,0,0,415.732,0,0,0
"MtrElec",12,29,21,"",437.549,0,0,0,0,0,0,0,0,0,0,0,0,0,0,0,0,0,0,0,0,437.549,0,0,0
"MtrElec",12,29,22,"",325.498,0,0,0,0,0,0,0,0,0,0,0,0,0,0,0,0,0,0,0,0,325.498,0,0,0
"MtrElec",12,29,23,"",293.934,0,0,0,0,0,0,0,0,0,0,0,0,0,0,0,0,0,0,0,0,293.934,0,0,0
"MtrElec",12,29,24,"",221.671,0,0,0,0,0,0,0,0,0,0,0,0,0,0,0,0,0,0,0,0,221.671,0,0,0
"MtrElec",12,30,1,"",180.32,0,0,0,0,0,0,0,0,0,0,0,0,0,0,0,0,0,0,0,0,180.32,0,0,0
"MtrElec",12,30,2,"",202.755,0,0,0,0,0,0,0,0,0,0,0,0,0,0,0,0,0,0,0,0,202.755,0,0,0
"MtrElec",12,30,3,"",151.735,0,0,0,0,0,0,0,0,0,0,0,0,0,0,0,0,0,0,0,0,151.735,0,0,0
"MtrElec",12,30,4,"",156.011,0,0,0,0,0,0,0,0,0,0,0,0,0,0,0,0,0,0,0,0,156.011,0,0,0
"MtrElec",12,30,5,"",154.347,0,0,0,0,0,0,0,0,0,0,0,0,0,0,0,0,0,0,0,0,154.347,0,0,0
"MtrElec",12,30,6,"",162.795,0,0,0,0,0,0,0,0,0,0,0,0,0,0,0,0,0,0,0,0,162.795,0,0,0
"MtrElec",12,30,7,"",293.921,0,0,0,0,0,0,0,0,0,0,0,0,0,0,0,0,0,0,0,0,293.921,0,0,0
"MtrElec",12,30,8,"",270.096,0,0,0,0,0,0,0,0,0,0,0,0,0,0,0,0,0,0,0,0,368.385,0,0,-98.2884
"MtrElec",12,30,9,"",109.104,0,0,0,0,0,0,0,0,0,0,0,0,0,0,0,0,0,0,0,0,403.963,0,0,-294.859
"MtrElec",12,30,10,"",15.5487,0,0,0,0,0,0,0,0,0,0,0,0,0,0,0,0,0,0,0,0,469.828,0,0,-454.279
"MtrElec",12,30,11,"",0.0000078,0,0,0,0,0,0,0,0,0,0,0,0,0,0,0,0,0,0,0,0,430.629,0,124.01,-554.639
"MtrElec",12,30,12,"",0,0,0,0,0,0,0,0,0,0,0,0,0,0,0,0,0,0,0,0,0,378.389,0,160.393,-538.782
"MtrElec",12,30,13,"",225.212,0,0,0,0,0,0,0,0,0,0,0,0,0,0,0,0,0,0,0,0,468.043,0,0,-242.832
"MtrElec",12,30,14,"",290.939,0,0,0,0,0,0,0,0,0,0,0,0,0,0,0,0,0,0,0,0,304.651,0,0,-13.7119
"MtrElec",12,30,15,"",280.91,0,0,0,0,0,0,0,0,0,0,0,0,0,0,0,0,0,0,0,0,355.965,0,0,-75.0547
"MtrElec",12,30,16,"",198.263,0,0,0,0,0,0,0,0,0,0,0,0,0,0,0,0,0,0,0,0,368.149,0,0,-169.886
"MtrElec",12,30,17,"",343.65,0,0,0,0,0,0,0,0,0,0,0,0,0,0,0,0,0,0,0,0,400.78,0,0,-57.1298
"MtrElec",12,30,18,"",415.575,0,0,0,0,0,0,0,0,0,0,0,0,0,0,0,0,0,0,0,0,415.575,0,0,0
"MtrElec",12,30,19,"",186.525,0,0,0,0,0,0,0,0,0,0,0,0,0,0,0,0,0,0,0,0,408.45,0,-221.926,0
"MtrElec",12,30,20,"",393.691,0,0,0,0,0,0,0,0,0,0,0,0,0,0,0,0,0,0,0,0,428.439,0,-34.7472,0
"MtrElec",12,30,21,"",432.755,0,0,0,0,0,0,0,0,0,0,0,0,0,0,0,0,0,0,0,0,432.755,0,0,0
"MtrElec",12,30,22,"",317.878,0,0,0,0,0,0,0,0,0,0,0,0,0,0,0,0,0,0,0,0,317.878,0,0,0
"MtrElec",12,30,23,"",300.533,0,0,0,0,0,0,0,0,0,0,0,0,0,0,0,0,0,0,0,0,300.533,0,0,0
"MtrElec",12,30,24,"",250.201,0,0,0,0,0,0,0,0,0,0,0,0,0,0,0,0,0,0,0,0,250.201,0,0,0
"MtrElec",12,31,1,"",166.503,0,0,0,0,0,0,0,0,0,0,0,0,0,0,0,0,0,0,0,0,166.503,0,0,0
"MtrElec",12,31,2,"",155.857,0,0,0,0,0,0,0,0,0,0,0,0,0,0,0,0,0,0,0,0,155.857,0,0,0
"MtrElec",12,31,3,"",199.488,0,0,0,0,0,0,0,0,0,0,0,0,0,0,0,0,0,0,0,0,199.488,0,0,0
"MtrElec",12,31,4,"",161.857,0,0,0,0,0,0,0,0,0,0,0,0,0,0,0,0,0,0,0,0,161.857,0,0,0
"MtrElec",12,31,5,"",148.266,0,0,0,0,0,0,0,0,0,0,0,0,0,0,0,0,0,0,0,0,148.266,0,0,0
"MtrElec",12,31,6,"",175.985,0,0,0,0,0,0,0,0,0,0,0,0,0,0,0,0,0,0,0,0,175.985,0,0,0
"MtrElec",12,31,7,"",261.863,0,0,0,0,0,0,0,0,0,0,0,0,0,0,0,0,0,0,0,0,261.863,0,0,0
"MtrElec",12,31,8,"",360.834,0,0,0,0,0,0,0,0,0,0,0,0,0,0,0,0,0,0,0,0,360.834,0,0,0
"MtrElec",12,31,9,"",405.263,0,0,0,0,0,0,0,0,0,0,0,0,0,0,0,0,0,0,0,0,426.149,0,0,-20.8855
"MtrElec",12,31,10,"",443.587,0,0,0,0,0,0,0,0,0,0,0,0,0,0,0,0,0,0,0,0,467.463,0,0,-23.8761
"MtrElec",12,31,11,"",349.005,0,0,0,0,0,0,0,0,0,0,0,0,0,0,0,0,0,0,0,0,431.134,0,0,-82.1294
"MtrElec",12,31,12,"",53.6787,0,0,0,0,0,0,0,0,0,0,0,0,0,0,0,0,0,0,0,0,347.008,0,0,-293.329
"MtrElec",12,31,13,"",339.017,0,0,0,0,0,0,0,0,0,0,0,0,0,0,0,0,0,0,0,0,411.494,0,0,-72.4767
"MtrElec",12,31,14,"",258.049,0,0,0,0,0,0,0,0,0,0,0,0,0,0,0,0,0,0,0,0,371.51,0,0,-113.461
"MtrElec",12,31,15,"",165.175,0,0,0,0,0,0,0,0,0,0,0,0,0,0,0,0,0,0,0,0,365.126,0,0,-199.952
"MtrElec",12,31,16,"",105.68,0,0,0,0,0,0,0,0,0,0,0,0,0,0,0,0,0,0,0,0,369.337,0,0,-263.657
"MtrElec",12,31,17,"",285.058,0,0,0,0,0,0,0,0,0,0,0,0,0,0,0,0,0,0,0,0,349.331,0,0,-64.2738
"MtrElec",12,31,18,"",440.156,0,0,0,0,0,0,0,0,0,0,0,0,0,0,0,0,0,0,0,0,440.156,0,0,0
"MtrElec",12,31,19,"",420.567,0,0,0,0,0,0,0,0,0,0,0,0,0,0,0,0,0,0,0,0,420.567,0,0,0
"MtrElec",12,31,20,"",446.554,0,0,0,0,0,0,0,0,0,0,0,0,0,0,0,0,0,0,0,0,446.554,0,0,0
"MtrElec",12,31,21,"",426.736,0,0,0,0,0,0,0,0,0,0,0,0,0,0,0,0,0,0,0,0,426.736,0,0,0
"MtrElec",12,31,22,"",331.936,0,0,0,0,0,0,0,0,0,0,0,0,0,0,0,0,0,0,0,0,331.936,0,0,0
"MtrElec",12,31,23,"",339.469,0,0,0,0,0,0,0,0,0,0,0,0,0,0,0,0,0,0,0,0,339.469,0,0,0
"MtrElec",12,31,24,"",226.163,0,0,0,0,0,0,0,0,0,0,0,0,0,0,0,0,0,0,0,0,226.163,0,0,0

