"MF88 Individual Supply + Central Exhaust (SZHP)  /  Standard (PV-Batt only)  /  EX01a_MF88_ISUP_CEXH_SZHP_CZ09.cibd25x",001
"Wed 23-Sep-26   1:29:14 pm"
"Energy Use","Hour"
"Meter","Mon","Day","Hr","Subhr","Tot","Clg","Htg","HPBU","Dhw","DhwBU","DhwMFL","FanC","FanH","FanV","Fan","Aux","Proc","Lit","Rcp","Ext","Refr","Dish","Dry","Wash","Cook","User1","User2","BT","PV"
"MtrElec",1,1,1,"",230.19,0,0,0,0,0,0,0,0,0,0,0,0,0,0,0,0,0,0,0,0,230.19,0,0,0
"MtrElec",1,1,2,"",173.174,0,0,0,0,0,0,0,0,0,0,0,0,0,0,0,0,0,0,0,0,173.174,0,0,0
"MtrElec",1,1,3,"",167.613,0,0,0,0,0,0,0,0,0,0,0,0,0,0,0,0,0,0,0,0,167.613,0,0,0
"MtrElec",1,1,4,"",170.458,0,0,0,0,0,0,0,0,0,0,0,0,0,0,0,0,0,0,0,0,170.458,0,0,0
"MtrElec",1,1,5,"",168.493,0,0,0,0,0,0,0,0,0,0,0,0,0,0,0,0,0,0,0,0,168.493,0,0,0
"MtrElec",1,1,6,"",191.124,0,0,0,0,0,0,0,0,0,0,0,0,0,0,0,0,0,0,0,0,191.124,0,0,0
"MtrElec",1,1,7,"",262.77,0,0,0,0,0,0,0,0,0,0,0,0,0,0,0,0,0,0,0,0,262.77,0,0,0
"MtrElec",1,1,8,"",194.468,0,0,0,0,0,0,0,0,0,0,0,0,0,0,0,0,0,0,0,0,293.164,0,0,-98.6962
"MtrElec",1,1,9,"",38.6557,0,0,0,0,0,0,0,0,0,0,0,0,0,0,0,0,0,0,0,0,338.222,0,0,-299.566
"MtrElec",1,1,10,"",-87.8994,0,0,0,0,0,0,0,0,0,0,0,0,0,0,0,0,0,0,0,0,371.896,0,0,-459.795
"MtrElec",1,1,11,"",0,0,0,0,0,0,0,0,0,0,0,0,0,0,0,0,0,0,0,0,0,490.458,0,69.4636,-559.921
"MtrElec",1,1,12,"",0,0,0,0,0,0,0,0,0,0,0,0,0,0,0,0,0,0,0,0,0,456.548,0,140.799,-597.347
"MtrElec",1,1,13,"",0,0,0,0,0,0,0,0,0,0,0,0,0,0,0,0,0,0,0,0,0,442.09,0,138.801,-580.891
"MtrElec",1,1,14,"",0.0000020,0,0,0,0,0,0,0,0,0,0,0,0,0,0,0,0,0,0,0,0,326.236,0,30.0091,-356.245
"MtrElec",1,1,15,"",53.5759,0,0,0,0,0,0,0,0,0,0,0,0,0,0,0,0,0,0,0,0,345.67,0,0,-292.094
"MtrElec",1,1,16,"",114.817,0,0,0,0,0,0,0,0,0,0,0,0,0,0,0,0,0,0,0,0,293.501,0,0,-178.684
"MtrElec",1,1,17,"",364.13,0,0,0,0,0,0,0,0,0,0,0,0,0,0,0,0,0,0,0,0,385.838,0,0,-21.7079
"MtrElec",1,1,18,"",433.669,0,0,0,0,0,0,0,0,0,0,0,0,0,0,0,0,0,0,0,0,433.669,0,0,0
"MtrElec",1,1,19,"",213.929,0,0,0,0,0,0,0,0,0,0,0,0,0,0,0,0,0,0,0,0,437.146,0,-223.217,0
"MtrElec",1,1,20,"",224.897,0,0,0,0,0,0,0,0,0,0,0,0,0,0,0,0,0,0,0,0,343.794,0,-118.896,0
"MtrElec",1,1,21,"",293.589,0,0,0,0,0,0,0,0,0,0,0,0,0,0,0,0,0,0,0,0,293.589,0,0,0
"MtrElec",1,1,22,"",327.138,0,0,0,0,0,0,0,0,0,0,0,0,0,0,0,0,0,0,0,0,327.138,0,0,0
"MtrElec",1,1,23,"",259.895,0,0,0,0,0,0,0,0,0,0,0,0,0,0,0,0,0,0,0,0,259.895,0,0,0
"MtrElec",1,1,24,"",203.848,0,0,0,0,0,0,0,0,0,0,0,0,0,0,0,0,0,0,0,0,203.848,0,0,0
"MtrElec",1,2,1,"",171.932,0,0,0,0,0,0,0,0,0,0,0,0,0,0,0,0,0,0,0,0,171.932,0,0,0
"MtrElec",1,2,2,"",169.565,0,0,0,0,0,0,0,0,0,0,0,0,0,0,0,0,0,0,0,0,169.565,0,0,0
"MtrElec",1,2,3,"",212.381,0,0,0,0,0,0,0,0,0,0,0,0,0,0,0,0,0,0,0,0,212.381,0,0,0
"MtrElec",1,2,4,"",168.354,0,0,0,0,0,0,0,0,0,0,0,0,0,0,0,0,0,0,0,0,168.354,0,0,0
"MtrElec",1,2,5,"",169.226,0,0,0,0,0,0,0,0,0,0,0,0,0,0,0,0,0,0,0,0,169.226,0,0,0
"MtrElec",1,2,6,"",171.943,0,0,0,0,0,0,0,0,0,0,0,0,0,0,0,0,0,0,0,0,171.943,0,0,0
"MtrElec",1,2,7,"",269.235,0,0,0,0,0,0,0,0,0,0,0,0,0,0,0,0,0,0,0,0,269.235,0,0,0
"MtrElec",1,2,8,"",311.132,0,0,0,0,0,0,0,0,0,0,0,0,0,0,0,0,0,0,0,0,313.211,0,0,-2.07862
"MtrElec",1,2,9,"",342.209,0,0,0,0,0,0,0,0,0,0,0,0,0,0,0,0,0,0,0,0,391.42,0,0,-49.211
"MtrElec",1,2,10,"",366.82,0,0,0,0,0,0,0,0,0,0,0,0,0,0,0,0,0,0,0,0,419.038,0,0,-52.2181
"MtrElec",1,2,11,"",369.7,0,0,0,0,0,0,0,0,0,0,0,0,0,0,0,0,0,0,0,0,439.473,0,0,-69.7738
"MtrElec",1,2,12,"",346.725,0,0,0,0,0,0,0,0,0,0,0,0,0,0,0,0,0,0,0,0,431.977,0,0,-85.2517
"MtrElec",1,2,13,"",244.808,0,0,0,0,0,0,0,0,0,0,0,0,0,0,0,0,0,0,0,0,335.494,0,0,-90.6851
"MtrElec",1,2,14,"",315.911,0,0,0,0,0,0,0,0,0,0,0,0,0,0,0,0,0,0,0,0,360.977,0,0,-45.0658
"MtrElec",1,2,15,"",285.503,0,0,0,0,0,0,0,0,0,0,0,0,0,0,0,0,0,0,0,0,335.98,0,0,-50.4776
"MtrElec",1,2,16,"",354.847,0,0,0,0,0,0,0,0,0,0,0,0,0,0,0,0,0,0,0,0,375.144,0,0,-20.2978
"MtrElec",1,2,17,"",368.49,0,0,0,0,0,0,0,0,0,0,0,0,0,0,0,0,0,0,0,0,369.811,0,0,-1.32139
"MtrElec",1,2,18,"",466.822,0,0,0,0,0,0,0,0,0,0,0,0,0,0,0,0,0,0,0,0,466.822,0,0,0
"MtrElec",1,2,19,"",387.032,0,0,0,0,0,0,0,0,0,0,0,0,0,0,0,0,0,0,0,0,387.032,0,0,0
"MtrElec",1,2,20,"",427.381,0,0,0,0,0,0,0,0,0,0,0,0,0,0,0,0,0,0,0,0,427.381,0,0,0
"MtrElec",1,2,21,"",463.717,0,0,0,0,0,0,0,0,0,0,0,0,0,0,0,0,0,0,0,0,463.717,0,0,0
"MtrElec",1,2,22,"",346.762,0,0,0,0,0,0,0,0,0,0,0,0,0,0,0,0,0,0,0,0,346.762,0,0,0
"MtrElec",1,2,23,"",321.475,0,0,0,0,0,0,0,0,0,0,0,0,0,0,0,0,0,0,0,0,321.475,0,0,0
"MtrElec",1,2,24,"",266.927,0,0,0,0,0,0,0,0,0,0,0,0,0,0,0,0,0,0,0,0,266.927,0,0,0
"MtrElec",1,3,1,"",192.9,0,0,0,0,0,0,0,0,0,0,0,0,0,0,0,0,0,0,0,0,192.9,0,0,0
"MtrElec",1,3,2,"",176.717,0,0,0,0,0,0,0,0,0,0,0,0,0,0,0,0,0,0,0,0,176.717,0,0,0
"MtrElec",1,3,3,"",173.11,0,0,0,0,0,0,0,0,0,0,0,0,0,0,0,0,0,0,0,0,173.11,0,0,0
"MtrElec",1,3,4,"",210.497,0,0,0,0,0,0,0,0,0,0,0,0,0,0,0,0,0,0,0,0,210.497,0,0,0
"MtrElec",1,3,5,"",219.602,0,0,0,0,0,0,0,0,0,0,0,0,0,0,0,0,0,0,0,0,219.602,0,0,0
"MtrElec",1,3,6,"",178.177,0,0,0,0,0,0,0,0,0,0,0,0,0,0,0,0,0,0,0,0,178.177,0,0,0
"MtrElec",1,3,7,"",210.383,0,0,0,0,0,0,0,0,0,0,0,0,0,0,0,0,0,0,0,0,210.383,0,0,0
"MtrElec",1,3,8,"",322.132,0,0,0,0,0,0,0,0,0,0,0,0,0,0,0,0,0,0,0,0,322.132,0,0,0
"MtrElec",1,3,9,"",273.651,0,0,0,0,0,0,0,0,0,0,0,0,0,0,0,0,0,0,0,0,294.231,0,0,-20.5803
"MtrElec",1,3,10,"",346.597,0,0,0,0,0,0,0,0,0,0,0,0,0,0,0,0,0,0,0,0,400.903,0,0,-54.3055
"MtrElec",1,3,11,"",325.839,0,0,0,0,0,0,0,0,0,0,0,0,0,0,0,0,0,0,0,0,488.581,0,0,-162.741
"MtrElec",1,3,12,"",216.925,0,0,0,0,0,0,0,0,0,0,0,0,0,0,0,0,0,0,0,0,439.832,0,0,-222.906
"MtrElec",1,3,13,"",209.047,0,0,0,0,0,0,0,0,0,0,0,0,0,0,0,0,0,0,0,0,465.767,0,0,-256.721
"MtrElec",1,3,14,"",70.4241,0,0,0,0,0,0,0,0,0,0,0,0,0,0,0,0,0,0,0,0,433.55,0,0,-363.126
"MtrElec",1,3,15,"",154.331,0,0,0,0,0,0,0,0,0,0,0,0,0,0,0,0,0,0,0,0,467.716,0,0,-313.384
"MtrElec",1,3,16,"",250.434,0,0,0,0,0,0,0,0,0,0,0,0,0,0,0,0,0,0,0,0,348.622,0,0,-98.1877
"MtrElec",1,3,17,"",398.947,0,0,0,0,0,0,0,0,0,0,0,0,0,0,0,0,0,0,0,0,409.883,0,0,-10.9367
"MtrElec",1,3,18,"",404.045,0,0,0,0,0,0,0,0,0,0,0,0,0,0,0,0,0,0,0,0,404.045,0,0,0
"MtrElec",1,3,19,"",467.258,0,0,0,0,0,0,0,0,0,0,0,0,0,0,0,0,0,0,0,0,467.258,0,0,0
"MtrElec",1,3,20,"",419.547,0,0,0,0,0,0,0,0,0,0,0,0,0,0,0,0,0,0,0,0,419.547,0,0,0
"MtrElec",1,3,21,"",337.112,0,0,0,0,0,0,0,0,0,0,0,0,0,0,0,0,0,0,0,0,337.112,0,0,0
"MtrElec",1,3,22,"",368.381,0,0,0,0,0,0,0,0,0,0,0,0,0,0,0,0,0,0,0,0,368.381,0,0,0
"MtrElec",1,3,23,"",231.948,0,0,0,0,0,0,0,0,0,0,0,0,0,0,0,0,0,0,0,0,231.948,0,0,0
"MtrElec",1,3,24,"",276.143,0,0,0,0,0,0,0,0,0,0,0,0,0,0,0,0,0,0,0,0,276.143,0,0,0
"MtrElec",1,4,1,"",182.432,0,0,0,0,0,0,0,0,0,0,0,0,0,0,0,0,0,0,0,0,182.432,0,0,0
"MtrElec",1,4,2,"",181.073,0,0,0,0,0,0,0,0,0,0,0,0,0,0,0,0,0,0,0,0,181.073,0,0,0
"MtrElec",1,4,3,"",178.069,0,0,0,0,0,0,0,0,0,0,0,0,0,0,0,0,0,0,0,0,178.069,0,0,0
"MtrElec",1,4,4,"",184.14,0,0,0,0,0,0,0,0,0,0,0,0,0,0,0,0,0,0,0,0,184.14,0,0,0
"MtrElec",1,4,5,"",209.659,0,0,0,0,0,0,0,0,0,0,0,0,0,0,0,0,0,0,0,0,209.659,0,0,0
"MtrElec",1,4,6,"",188.904,0,0,0,0,0,0,0,0,0,0,0,0,0,0,0,0,0,0,0,0,188.904,0,0,0
"MtrElec",1,4,7,"",263.116,0,0,0,0,0,0,0,0,0,0,0,0,0,0,0,0,0,0,0,0,263.116,0,0,0
"MtrElec",1,4,8,"",136.453,0,0,0,0,0,0,0,0,0,0,0,0,0,0,0,0,0,0,0,0,239.046,0,0,-102.593
"MtrElec",1,4,9,"",10.1066,0,0,0,0,0,0,0,0,0,0,0,0,0,0,0,0,0,0,0,0,308.949,0,0,-298.843
"MtrElec",1,4,10,"",-103.845,0,0,0,0,0,0,0,0,0,0,0,0,0,0,0,0,0,0,0,0,346.933,0,0,-450.778
"MtrElec",1,4,11,"",0,0,0,0,0,0,0,0,0,0,0,0,0,0,0,0,0,0,0,0,0,416.899,0,125.894,-542.793
"MtrElec",1,4,12,"",0,0,0,0,0,0,0,0,0,0,0,0,0,0,0,0,0,0,0,0,0,418.915,0,179.798,-598.713
"MtrElec",1,4,13,"",0,0,0,0,0,0,0,0,0,0,0,0,0,0,0,0,0,0,0,0,0,436.58,0,161.479,-598.059
"MtrElec",1,4,14,"",0.0000078,0,0,0,0,0,0,0,0,0,0,0,0,0,0,0,0,0,0,0,0,406.481,0,124.699,-531.18
"MtrElec",1,4,15,"",0.0000010,0,0,0,0,0,0,0,0,0,0,0,0,0,0,0,0,0,0,0,0,404.263,0,15.6693,-419.933
"MtrElec",1,4,16,"",82.8235,0,0,0,0,0,0,0,0,0,0,0,0,0,0,0,0,0,0,0,0,346.51,0,0,-263.686
"MtrElec",1,4,17,"",276.808,0,0,0,0,0,0,0,0,0,0,0,0,0,0,0,0,0,0,0,0,347.202,0,0,-70.3947
"MtrElec",1,4,18,"",355.06,0,0,0,0,0,0,0,0,0,0,0,0,0,0,0,0,0,0,0,0,355.06,0,0,0
"MtrElec",1,4,19,"",215.509,0,0,0,0,0,0,0,0,0,0,0,0,0,0,0,0,0,0,0,0,438.726,0,-223.217,0
"MtrElec",1,4,20,"",126.756,0,0,0,0,0,0,0,0,0,0,0,0,0,0,0,0,0,0,0,0,349.973,0,-223.217,0
"MtrElec",1,4,21,"",192.571,0,0,0,0,0,0,0,0,0,0,0,0,0,0,0,0,0,0,0,0,294.441,0,-101.87,0
"MtrElec",1,4,22,"",303.352,0,0,0,0,0,0,0,0,0,0,0,0,0,0,0,0,0,0,0,0,303.352,0,0,0
"MtrElec",1,4,23,"",212.152,0,0,0,0,0,0,0,0,0,0,0,0,0,0,0,0,0,0,0,0,212.152,0,0,0
"MtrElec",1,4,24,"",243.655,0,0,0,0,0,0,0,0,0,0,0,0,0,0,0,0,0,0,0,0,243.655,0,0,0
"MtrElec",1,5,1,"",176.958,0,0,0,0,0,0,0,0,0,0,0,0,0,0,0,0,0,0,0,0,176.958,0,0,0
"MtrElec",1,5,2,"",168.554,0,0,0,0,0,0,0,0,0,0,0,0,0,0,0,0,0,0,0,0,168.554,0,0,0
"MtrElec",1,5,3,"",170.908,0,0,0,0,0,0,0,0,0,0,0,0,0,0,0,0,0,0,0,0,170.908,0,0,0
"MtrElec",1,5,4,"",176.153,0,0,0,0,0,0,0,0,0,0,0,0,0,0,0,0,0,0,0,0,176.153,0,0,0
"MtrElec",1,5,5,"",180.868,0,0,0,0,0,0,0,0,0,0,0,0,0,0,0,0,0,0,0,0,180.868,0,0,0
"MtrElec",1,5,6,"",232.074,0,0,0,0,0,0,0,0,0,0,0,0,0,0,0,0,0,0,0,0,232.074,0,0,0
"MtrElec",1,5,7,"",245.272,0,0,0,0,0,0,0,0,0,0,0,0,0,0,0,0,0,0,0,0,245.272,0,0,0
"MtrElec",1,5,8,"",303.833,0,0,0,0,0,0,0,0,0,0,0,0,0,0,0,0,0,0,0,0,325.784,0,0,-21.9508
"MtrElec",1,5,9,"",163.46,0,0,0,0,0,0,0,0,0,0,0,0,0,0,0,0,0,0,0,0,388.134,0,0,-224.674
"MtrElec",1,5,10,"",53.6031,0,0,0,0,0,0,0,0,0,0,0,0,0,0,0,0,0,0,0,0,450.082,0,0,-396.479
"MtrElec",1,5,11,"",28.1004,0,0,0,0,0,0,0,0,0,0,0,0,0,0,0,0,0,0,0,0,506.962,0,0,-478.862
"MtrElec",1,5,12,"",42.6912,0,0,0,0,0,0,0,0,0,0,0,0,0,0,0,0,0,0,0,0,451.59,0,0,-408.899
"MtrElec",1,5,13,"",134.963,0,0,0,0,0,0,0,0,0,0,0,0,0,0,0,0,0,0,0,0,458.912,0,0,-323.949
"MtrElec",1,5,14,"",0,0,0,0,0,0,0,0,0,0,0,0,0,0,0,0,0,0,0,0,0,367.634,0,35.729,-403.363
"MtrElec",1,5,15,"",182.152,0,0,0,0,0,0,0,0,0,0,0,0,0,0,0,0,0,0,0,0,394.907,0,0,-212.756
"MtrElec",1,5,16,"",263.259,0,0,0,0,0,0,0,0,0,0,0,0,0,0,0,0,0,0,0,0,386.022,0,0,-122.763
"MtrElec",1,5,17,"",388.257,0,0,0,0,0,0,0,0,0,0,0,0,0,0,0,0,0,0,0,0,436.457,0,0,-48.2002
"MtrElec",1,5,18,"",392.212,0,0,0,0,0,0,0,0,0,0,0,0,0,0,0,0,0,0,0,0,392.212,0,0,0
"MtrElec",1,5,19,"",384.077,0,0,0,0,0,0,0,0,0,0,0,0,0,0,0,0,0,0,0,0,416.322,0,-32.2454,0
"MtrElec",1,5,20,"",374.237,0,0,0,0,0,0,0,0,0,0,0,0,0,0,0,0,0,0,0,0,374.237,0,0,0
"MtrElec",1,5,21,"",452.583,0,0,0,0,0,0,0,0,0,0,0,0,0,0,0,0,0,0,0,0,452.583,0,0,0
"MtrElec",1,5,22,"",285.439,0,0,0,0,0,0,0,0,0,0,0,0,0,0,0,0,0,0,0,0,285.439,0,0,0
"MtrElec",1,5,23,"",283.77,0,0,0,0,0,0,0,0,0,0,0,0,0,0,0,0,0,0,0,0,283.77,0,0,0
"MtrElec",1,5,24,"",231.079,0,0,0,0,0,0,0,0,0,0,0,0,0,0,0,0,0,0,0,0,231.079,0,0,0
"MtrElec",1,6,1,"",190.214,0,0,0,0,0,0,0,0,0,0,0,0,0,0,0,0,0,0,0,0,190.214,0,0,0
"MtrElec",1,6,2,"",159.155,0,0,0,0,0,0,0,0,0,0,0,0,0,0,0,0,0,0,0,0,159.155,0,0,0
"MtrElec",1,6,3,"",155.521,0,0,0,0,0,0,0,0,0,0,0,0,0,0,0,0,0,0,0,0,155.521,0,0,0
"MtrElec",1,6,4,"",155.51,0,0,0,0,0,0,0,0,0,0,0,0,0,0,0,0,0,0,0,0,155.51,0,0,0
"MtrElec",1,6,5,"",153.068,0,0,0,0,0,0,0,0,0,0,0,0,0,0,0,0,0,0,0,0,153.068,0,0,0
"MtrElec",1,6,6,"",195.34,0,0,0,0,0,0,0,0,0,0,0,0,0,0,0,0,0,0,0,0,195.34,0,0,0
"MtrElec",1,6,7,"",271.258,0,0,0,0,0,0,0,0,0,0,0,0,0,0,0,0,0,0,0,0,271.258,0,0,0
"MtrElec",1,6,8,"",256.959,0,0,0,0,0,0,0,0,0,0,0,0,0,0,0,0,0,0,0,0,307.589,0,0,-50.6301
"MtrElec",1,6,9,"",240.99,0,0,0,0,0,0,0,0,0,0,0,0,0,0,0,0,0,0,0,0,383.299,0,0,-142.309
"MtrElec",1,6,10,"",-4.73784,0,0,0,0,0,0,0,0,0,0,0,0,0,0,0,0,0,0,0,0,426.487,0,0,-431.225
"MtrElec",1,6,11,"",0.0000078,0,0,0,0,0,0,0,0,0,0,0,0,0,0,0,0,0,0,0,0,433.314,0,102.501,-535.816
"MtrElec",1,6,12,"",11.724,0,0,0,0,0,0,0,0,0,0,0,0,0,0,0,0,0,0,0,0,476.526,0,0,-464.802
"MtrElec",1,6,13,"",164.578,0,0,0,0,0,0,0,0,0,0,0,0,0,0,0,0,0,0,0,0,424.402,0,0,-259.824
"MtrElec",1,6,14,"",0,0,0,0,0,0,0,0,0,0,0,0,0,0,0,0,0,0,0,0,0,363.041,0,6.1145,-369.156
"MtrElec",1,6,15,"",159.908,0,0,0,0,0,0,0,0,0,0,0,0,0,0,0,0,0,0,0,0,376.755,0,0,-216.847
"MtrElec",1,6,16,"",175.74,0,0,0,0,0,0,0,0,0,0,0,0,0,0,0,0,0,0,0,0,390.564,0,0,-214.823
"MtrElec",1,6,17,"",369.516,0,0,0,0,0,0,0,0,0,0,0,0,0,0,0,0,0,0,0,0,431.779,0,0,-62.2631
"MtrElec",1,6,18,"",409.129,0,0,0,0,0,0,0,0,0,0,0,0,0,0,0,0,0,0,0,0,409.129,0,0,0
"MtrElec",1,6,19,"",329.191,0,0,0,0,0,0,0,0,0,0,0,0,0,0,0,0,0,0,0,0,427.217,0,-98.0257,0
"MtrElec",1,6,20,"",399.585,0,0,0,0,0,0,0,0,0,0,0,0,0,0,0,0,0,0,0,0,399.585,0,0,0
"MtrElec",1,6,21,"",467.641,0,0,0,0,0,0,0,0,0,0,0,0,0,0,0,0,0,0,0,0,467.641,0,0,0
"MtrElec",1,6,22,"",290.185,0,0,0,0,0,0,0,0,0,0,0,0,0,0,0,0,0,0,0,0,290.185,0,0,0
"MtrElec",1,6,23,"",300.273,0,0,0,0,0,0,0,0,0,0,0,0,0,0,0,0,0,0,0,0,300.273,0,0,0
"MtrElec",1,6,24,"",207.852,0,0,0,0,0,0,0,0,0,0,0,0,0,0,0,0,0,0,0,0,207.852,0,0,0
"MtrElec",1,7,1,"",181.255,0,0,0,0,0,0,0,0,0,0,0,0,0,0,0,0,0,0,0,0,181.255,0,0,0
"MtrElec",1,7,2,"",158.232,0,0,0,0,0,0,0,0,0,0,0,0,0,0,0,0,0,0,0,0,158.232,0,0,0
"MtrElec",1,7,3,"",155.887,0,0,0,0,0,0,0,0,0,0,0,0,0,0,0,0,0,0,0,0,155.887,0,0,0
"MtrElec",1,7,4,"",165.353,0,0,0,0,0,0,0,0,0,0,0,0,0,0,0,0,0,0,0,0,165.353,0,0,0
"MtrElec",1,7,5,"",170.877,0,0,0,0,0,0,0,0,0,0,0,0,0,0,0,0,0,0,0,0,170.877,0,0,0
"MtrElec",1,7,6,"",183.459,0,0,0,0,0,0,0,0,0,0,0,0,0,0,0,0,0,0,0,0,183.459,0,0,0
"MtrElec",1,7,7,"",260.243,0,0,0,0,0,0,0,0,0,0,0,0,0,0,0,0,0,0,0,0,260.243,0,0,0
"MtrElec",1,7,8,"",258.742,0,0,0,0,0,0,0,0,0,0,0,0,0,0,0,0,0,0,0,0,310.629,0,0,-51.8871
"MtrElec",1,7,9,"",110.364,0,0,0,0,0,0,0,0,0,0,0,0,0,0,0,0,0,0,0,0,312.8,0,0,-202.436
"MtrElec",1,7,10,"",117.436,0,0,0,0,0,0,0,0,0,0,0,0,0,0,0,0,0,0,0,0,407.751,0,0,-290.314
"MtrElec",1,7,11,"",0,0,0,0,0,0,0,0,0,0,0,0,0,0,0,0,0,0,0,0,0,374.557,0,41.4463,-416.004
"MtrElec",1,7,12,"",130.46,0,0,0,0,0,0,0,0,0,0,0,0,0,0,0,0,0,0,0,0,407.758,0,0,-277.297
"MtrElec",1,7,13,"",0.0000020,0,0,0,0,0,0,0,0,0,0,0,0,0,0,0,0,0,0,0,0,350.768,0,29.4958,-380.264
"MtrElec",1,7,14,"",0.0000156,0,0,0,0,0,0,0,0,0,0,0,0,0,0,0,0,0,0,0,0,360.203,0,148.082,-508.284
"MtrElec",1,7,15,"",23.0954,0,0,0,0,0,0,0,0,0,0,0,0,0,0,0,0,0,0,0,0,375.81,0,0,-352.714
"MtrElec",1,7,16,"",147.294,0,0,0,0,0,0,0,0,0,0,0,0,0,0,0,0,0,0,0,0,378.062,0,0,-230.767
"MtrElec",1,7,17,"",336.185,0,0,0,0,0,0,0,0,0,0,0,0,0,0,0,0,0,0,0,0,390.844,0,0,-54.6587
"MtrElec",1,7,18,"",402.615,0,0,0,0,0,0,0,0,0,0,0,0,0,0,0,0,0,0,0,0,402.615,0,0,0
"MtrElec",1,7,19,"",194.017,0,0,0,0,0,0,0,0,0,0,0,0,0,0,0,0,0,0,0,0,391.686,0,-197.669,0
"MtrElec",1,7,20,"",414.21,0,0,0,0,0,0,0,0,0,0,0,0,0,0,0,0,0,0,0,0,414.21,0,0,0
"MtrElec",1,7,21,"",423.187,0,0,0,0,0,0,0,0,0,0,0,0,0,0,0,0,0,0,0,0,423.187,0,0,0
"MtrElec",1,7,22,"",290.888,0,0,0,0,0,0,0,0,0,0,0,0,0,0,0,0,0,0,0,0,290.888,0,0,0
"MtrElec",1,7,23,"",262.665,0,0,0,0,0,0,0,0,0,0,0,0,0,0,0,0,0,0,0,0,262.665,0,0,0
"MtrElec",1,7,24,"",181.708,0,0,0,0,0,0,0,0,0,0,0,0,0,0,0,0,0,0,0,0,181.708,0,0,0
"MtrElec",1,8,1,"",167.518,0,0,0,0,0,0,0,0,0,0,0,0,0,0,0,0,0,0,0,0,167.518,0,0,0
"MtrElec",1,8,2,"",159.553,0,0,0,0,0,0,0,0,0,0,0,0,0,0,0,0,0,0,0,0,159.553,0,0,0
"MtrElec",1,8,3,"",157.713,0,0,0,0,0,0,0,0,0,0,0,0,0,0,0,0,0,0,0,0,157.713,0,0,0
"MtrElec",1,8,4,"",162.231,0,0,0,0,0,0,0,0,0,0,0,0,0,0,0,0,0,0,0,0,162.231,0,0,0
"MtrElec",1,8,5,"",201.284,0,0,0,0,0,0,0,0,0,0,0,0,0,0,0,0,0,0,0,0,201.284,0,0,0
"MtrElec",1,8,6,"",161.717,0,0,0,0,0,0,0,0,0,0,0,0,0,0,0,0,0,0,0,0,161.717,0,0,0
"MtrElec",1,8,7,"",211.976,0,0,0,0,0,0,0,0,0,0,0,0,0,0,0,0,0,0,0,0,211.976,0,0,0
"MtrElec",1,8,8,"",260.404,0,0,0,0,0,0,0,0,0,0,0,0,0,0,0,0,0,0,0,0,322.56,0,0,-62.1568
"MtrElec",1,8,9,"",367.487,0,0,0,0,0,0,0,0,0,0,0,0,0,0,0,0,0,0,0,0,414.029,0,0,-46.542
"MtrElec",1,8,10,"",320.404,0,0,0,0,0,0,0,0,0,0,0,0,0,0,0,0,0,0,0,0,445.871,0,0,-125.467
"MtrElec",1,8,11,"",43.9474,0,0,0,0,0,0,0,0,0,0,0,0,0,0,0,0,0,0,0,0,390.956,0,0,-347.009
"MtrElec",1,8,12,"",221.163,0,0,0,0,0,0,0,0,0,0,0,0,0,0,0,0,0,0,0,0,443.128,0,0,-221.965
"MtrElec",1,8,13,"",156.878,0,0,0,0,0,0,0,0,0,0,0,0,0,0,0,0,0,0,0,0,361.52,0,0,-204.642
"MtrElec",1,8,14,"",100.105,0,0,0,0,0,0,0,0,0,0,0,0,0,0,0,0,0,0,0,0,338.576,0,0,-238.471
"MtrElec",1,8,15,"",237.915,0,0,0,0,0,0,0,0,0,0,0,0,0,0,0,0,0,0,0,0,333.191,0,0,-95.2754
"MtrElec",1,8,16,"",276.828,0,0,0,0,0,0,0,0,0,0,0,0,0,0,0,0,0,0,0,0,381.453,0,0,-104.626
"MtrElec",1,8,17,"",317.053,0,0,0,0,0,0,0,0,0,0,0,0,0,0,0,0,0,0,0,0,366.986,0,0,-49.9332
"MtrElec",1,8,18,"",422.897,0,0,0,0,0,0,0,0,0,0,0,0,0,0,0,0,0,0,0,0,422.897,0,0,0
"MtrElec",1,8,19,"",348.205,0,0,0,0,0,0,0,0,0,0,0,0,0,0,0,0,0,0,0,0,348.205,0,0,0
"MtrElec",1,8,20,"",434.932,0,0,0,0,0,0,0,0,0,0,0,0,0,0,0,0,0,0,0,0,434.932,0,0,0
"MtrElec",1,8,21,"",423.511,0,0,0,0,0,0,0,0,0,0,0,0,0,0,0,0,0,0,0,0,423.511,0,0,0
"MtrElec",1,8,22,"",276.887,0,0,0,0,0,0,0,0,0,0,0,0,0,0,0,0,0,0,0,0,276.887,0,0,0
"MtrElec",1,8,23,"",270.001,0,0,0,0,0,0,0,0,0,0,0,0,0,0,0,0,0,0,0,0,270.001,0,0,0
"MtrElec",1,8,24,"",189.694,0,0,0,0,0,0,0,0,0,0,0,0,0,0,0,0,0,0,0,0,189.694,0,0,0
"MtrElec",1,9,1,"",227.505,0,0,0,0,0,0,0,0,0,0,0,0,0,0,0,0,0,0,0,0,227.505,0,0,0
"MtrElec",1,9,2,"",176.482,0,0,0,0,0,0,0,0,0,0,0,0,0,0,0,0,0,0,0,0,176.482,0,0,0
"MtrElec",1,9,3,"",154.34,0,0,0,0,0,0,0,0,0,0,0,0,0,0,0,0,0,0,0,0,154.34,0,0,0
"MtrElec",1,9,4,"",156.573,0,0,0,0,0,0,0,0,0,0,0,0,0,0,0,0,0,0,0,0,156.573,0,0,0
"MtrElec",1,9,5,"",154.261,0,0,0,0,0,0,0,0,0,0,0,0,0,0,0,0,0,0,0,0,154.261,0,0,0
"MtrElec",1,9,6,"",167.853,0,0,0,0,0,0,0,0,0,0,0,0,0,0,0,0,0,0,0,0,167.853,0,0,0
"MtrElec",1,9,7,"",268.855,0,0,0,0,0,0,0,0,0,0,0,0,0,0,0,0,0,0,0,0,268.855,0,0,0
"MtrElec",1,9,8,"",303.097,0,0,0,0,0,0,0,0,0,0,0,0,0,0,0,0,0,0,0,0,308.97,0,0,-5.87339
"MtrElec",1,9,9,"",319.215,0,0,0,0,0,0,0,0,0,0,0,0,0,0,0,0,0,0,0,0,392.686,0,0,-73.4714
"MtrElec",1,9,10,"",223.245,0,0,0,0,0,0,0,0,0,0,0,0,0,0,0,0,0,0,0,0,451.921,0,0,-228.676
"MtrElec",1,9,11,"",0,0,0,0,0,0,0,0,0,0,0,0,0,0,0,0,0,0,0,0,0,446.564,0,62.1045,-508.668
"MtrElec",1,9,12,"",73.2744,0,0,0,0,0,0,0,0,0,0,0,0,0,0,0,0,0,0,0,0,446.622,0,0,-373.347
"MtrElec",1,9,13,"",0.0000078,0,0,0,0,0,0,0,0,0,0,0,0,0,0,0,0,0,0,0,0,413.203,0,106.879,-520.082
"MtrElec",1,9,14,"",0,0,0,0,0,0,0,0,0,0,0,0,0,0,0,0,0,0,0,0,0,355.716,0,82.33,-438.046
"MtrElec",1,9,15,"",0,0,0,0,0,0,0,0,0,0,0,0,0,0,0,0,0,0,0,0,0,341.668,0,54.8063,-396.474
"MtrElec",1,9,16,"",117.299,0,0,0,0,0,0,0,0,0,0,0,0,0,0,0,0,0,0,0,0,381.474,0,0,-264.174
"MtrElec",1,9,17,"",344.574,0,0,0,0,0,0,0,0,0,0,0,0,0,0,0,0,0,0,0,0,419.093,0,0,-74.5181
"MtrElec",1,9,18,"",394.877,0,0,0,0,0,0,0,0,0,0,0,0,0,0,0,0,0,0,0,0,394.877,0,0,0
"MtrElec",1,9,19,"",179.228,0,0,0,0,0,0,0,0,0,0,0,0,0,0,0,0,0,0,0,0,402.445,0,-223.217,0
"MtrElec",1,9,20,"",392.836,0,0,0,0,0,0,0,0,0,0,0,0,0,0,0,0,0,0,0,0,445.892,0,-53.056,0
"MtrElec",1,9,21,"",462.052,0,0,0,0,0,0,0,0,0,0,0,0,0,0,0,0,0,0,0,0,462.052,0,0,0
"MtrElec",1,9,22,"",286.884,0,0,0,0,0,0,0,0,0,0,0,0,0,0,0,0,0,0,0,0,286.884,0,0,0
"MtrElec",1,9,23,"",325.125,0,0,0,0,0,0,0,0,0,0,0,0,0,0,0,0,0,0,0,0,325.125,0,0,0
"MtrElec",1,9,24,"",271.313,0,0,0,0,0,0,0,0,0,0,0,0,0,0,0,0,0,0,0,0,271.313,0,0,0
"MtrElec",1,10,1,"",181.735,0,0,0,0,0,0,0,0,0,0,0,0,0,0,0,0,0,0,0,0,181.735,0,0,0
"MtrElec",1,10,2,"",168.674,0,0,0,0,0,0,0,0,0,0,0,0,0,0,0,0,0,0,0,0,168.674,0,0,0
"MtrElec",1,10,3,"",168.508,0,0,0,0,0,0,0,0,0,0,0,0,0,0,0,0,0,0,0,0,168.508,0,0,0
"MtrElec",1,10,4,"",209.139,0,0,0,0,0,0,0,0,0,0,0,0,0,0,0,0,0,0,0,0,209.139,0,0,0
"MtrElec",1,10,5,"",197.442,0,0,0,0,0,0,0,0,0,0,0,0,0,0,0,0,0,0,0,0,197.442,0,0,0
"MtrElec",1,10,6,"",170.973,0,0,0,0,0,0,0,0,0,0,0,0,0,0,0,0,0,0,0,0,170.973,0,0,0
"MtrElec",1,10,7,"",226.662,0,0,0,0,0,0,0,0,0,0,0,0,0,0,0,0,0,0,0,0,226.662,0,0,0
"MtrElec",1,10,8,"",162.505,0,0,0,0,0,0,0,0,0,0,0,0,0,0,0,0,0,0,0,0,264.106,0,0,-101.601
"MtrElec",1,10,9,"",14.2913,0,0,0,0,0,0,0,0,0,0,0,0,0,0,0,0,0,0,0,0,317.687,0,0,-303.396
"MtrElec",1,10,10,"",-65.4383,0,0,0,0,0,0,0,0,0,0,0,0,0,0,0,0,0,0,0,0,395.146,0,0,-460.585
"MtrElec",1,10,11,"",0,0,0,0,0,0,0,0,0,0,0,0,0,0,0,0,0,0,0,0,0,483.684,0,62.1462,-545.831
"MtrElec",1,10,12,"",0,0,0,0,0,0,0,0,0,0,0,0,0,0,0,0,0,0,0,0,0,503.11,0,90.3116,-593.421
"MtrElec",1,10,13,"",0,0,0,0,0,0,0,0,0,0,0,0,0,0,0,0,0,0,0,0,0,506.525,0,83.3413,-589.867
"MtrElec",1,10,14,"",0.0000078,0,0,0,0,0,0,0,0,0,0,0,0,0,0,0,0,0,0,0,0,439.937,0,93.9423,-533.88
"MtrElec",1,10,15,"",0,0,0,0,0,0,0,0,0,0,0,0,0,0,0,0,0,0,0,0,0,388.578,0,45.0341,-433.612
"MtrElec",1,10,16,"",136.673,0,0,0,0,0,0,0,0,0,0,0,0,0,0,0,0,0,0,0,0,414.94,0,0,-278.267
"MtrElec",1,10,17,"",320.676,0,0,0,0,0,0,0,0,0,0,0,0,0,0,0,0,0,0,0,0,401.118,0,0,-80.4417
"MtrElec",1,10,18,"",464.239,0,0,0,0,0,0,0,0,0,0,0,0,0,0,0,0,0,0,0,0,464.239,0,0,0
"MtrElec",1,10,19,"",259.093,0,0,0,0,0,0,0,0,0,0,0,0,0,0,0,0,0,0,0,0,482.309,0,-223.217,0
"MtrElec",1,10,20,"",276.324,0,0,0,0,0,0,0,0,0,0,0,0,0,0,0,0,0,0,0,0,391.342,0,-115.018,0
"MtrElec",1,10,21,"",365.556,0,0,0,0,0,0,0,0,0,0,0,0,0,0,0,0,0,0,0,0,365.556,0,0,0
"MtrElec",1,10,22,"",326.239,0,0,0,0,0,0,0,0,0,0,0,0,0,0,0,0,0,0,0,0,326.239,0,0,0
"MtrElec",1,10,23,"",266.334,0,0,0,0,0,0,0,0,0,0,0,0,0,0,0,0,0,0,0,0,266.334,0,0,0
"MtrElec",1,10,24,"",230.377,0,0,0,0,0,0,0,0,0,0,0,0,0,0,0,0,0,0,0,0,230.377,0,0,0
"MtrElec",1,11,1,"",172.051,0,0,0,0,0,0,0,0,0,0,0,0,0,0,0,0,0,0,0,0,172.051,0,0,0
"MtrElec",1,11,2,"",159.633,0,0,0,0,0,0,0,0,0,0,0,0,0,0,0,0,0,0,0,0,159.633,0,0,0
"MtrElec",1,11,3,"",154.938,0,0,0,0,0,0,0,0,0,0,0,0,0,0,0,0,0,0,0,0,154.938,0,0,0
"MtrElec",1,11,4,"",159.466,0,0,0,0,0,0,0,0,0,0,0,0,0,0,0,0,0,0,0,0,159.466,0,0,0
"MtrElec",1,11,5,"",205.971,0,0,0,0,0,0,0,0,0,0,0,0,0,0,0,0,0,0,0,0,205.971,0,0,0
"MtrElec",1,11,6,"",184.959,0,0,0,0,0,0,0,0,0,0,0,0,0,0,0,0,0,0,0,0,184.959,0,0,0
"MtrElec",1,11,7,"",169.594,0,0,0,0,0,0,0,0,0,0,0,0,0,0,0,0,0,0,0,0,169.594,0,0,0
"MtrElec",1,11,8,"",192.525,0,0,0,0,0,0,0,0,0,0,0,0,0,0,0,0,0,0,0,0,230.201,0,0,-37.6753
"MtrElec",1,11,9,"",108.988,0,0,0,0,0,0,0,0,0,0,0,0,0,0,0,0,0,0,0,0,254.666,0,0,-145.679
"MtrElec",1,11,10,"",13.8896,0,0,0,0,0,0,0,0,0,0,0,0,0,0,0,0,0,0,0,0,296.555,0,0,-282.665
"MtrElec",1,11,11,"",52.9764,0,0,0,0,0,0,0,0,0,0,0,0,0,0,0,0,0,0,0,0,383.681,0,0,-330.705
"MtrElec",1,11,12,"",79.1438,0,0,0,0,0,0,0,0,0,0,0,0,0,0,0,0,0,0,0,0,370.34,0,0,-291.196
"MtrElec",1,11,13,"",137.852,0,0,0,0,0,0,0,0,0,0,0,0,0,0,0,0,0,0,0,0,435.645,0,0,-297.793
"MtrElec",1,11,14,"",161.015,0,0,0,0,0,0,0,0,0,0,0,0,0,0,0,0,0,0,0,0,363.485,0,0,-202.47
"MtrElec",1,11,15,"",263.09,0,0,0,0,0,0,0,0,0,0,0,0,0,0,0,0,0,0,0,0,400.52,0,0,-137.431
"MtrElec",1,11,16,"",265.953,0,0,0,0,0,0,0,0,0,0,0,0,0,0,0,0,0,0,0,0,349.185,0,0,-83.232
"MtrElec",1,11,17,"",284.497,0,0,0,0,0,0,0,0,0,0,0,0,0,0,0,0,0,0,0,0,308.195,0,0,-23.698
"MtrElec",1,11,18,"",346.551,0,0,0,0,0,0,0,0,0,0,0,0,0,0,0,0,0,0,0,0,346.551,0,0,0
"MtrElec",1,11,19,"",420.331,0,0,0,0,0,0,0,0,0,0,0,0,0,0,0,0,0,0,0,0,420.331,0,0,0
"MtrElec",1,11,20,"",318.512,0,0,0,0,0,0,0,0,0,0,0,0,0,0,0,0,0,0,0,0,318.512,0,0,0
"MtrElec",1,11,21,"",304.098,0,0,0,0,0,0,0,0,0,0,0,0,0,0,0,0,0,0,0,0,304.098,0,0,0
"MtrElec",1,11,22,"",257.693,0,0,0,0,0,0,0,0,0,0,0,0,0,0,0,0,0,0,0,0,257.693,0,0,0
"MtrElec",1,11,23,"",269.136,0,0,0,0,0,0,0,0,0,0,0,0,0,0,0,0,0,0,0,0,269.136,0,0,0
"MtrElec",1,11,24,"",209.792,0,0,0,0,0,0,0,0,0,0,0,0,0,0,0,0,0,0,0,0,209.792,0,0,0
"MtrElec",1,12,1,"",172.411,0,0,0,0,0,0,0,0,0,0,0,0,0,0,0,0,0,0,0,0,172.411,0,0,0
"MtrElec",1,12,2,"",160.481,0,0,0,0,0,0,0,0,0,0,0,0,0,0,0,0,0,0,0,0,160.481,0,0,0
"MtrElec",1,12,3,"",158.983,0,0,0,0,0,0,0,0,0,0,0,0,0,0,0,0,0,0,0,0,158.983,0,0,0
"MtrElec",1,12,4,"",197.248,0,0,0,0,0,0,0,0,0,0,0,0,0,0,0,0,0,0,0,0,197.248,0,0,0
"MtrElec",1,12,5,"",157.153,0,0,0,0,0,0,0,0,0,0,0,0,0,0,0,0,0,0,0,0,157.153,0,0,0
"MtrElec",1,12,6,"",170.62,0,0,0,0,0,0,0,0,0,0,0,0,0,0,0,0,0,0,0,0,170.62,0,0,0
"MtrElec",1,12,7,"",269.292,0,0,0,0,0,0,0,0,0,0,0,0,0,0,0,0,0,0,0,0,269.292,0,0,0
"MtrElec",1,12,8,"",204.248,0,0,0,0,0,0,0,0,0,0,0,0,0,0,0,0,0,0,0,0,302.496,0,0,-98.2479
"MtrElec",1,12,9,"",62.233,0,0,0,0,0,0,0,0,0,0,0,0,0,0,0,0,0,0,0,0,359.479,0,0,-297.246
"MtrElec",1,12,10,"",-3.64525,0,0,0,0,0,0,0,0,0,0,0,0,0,0,0,0,0,0,0,0,446.956,0,0,-450.601
"MtrElec",1,12,11,"",0,0,0,0,0,0,0,0,0,0,0,0,0,0,0,0,0,0,0,0,0,458.462,0,80.0918,-538.554
"MtrElec",1,12,12,"",0,0,0,0,0,0,0,0,0,0,0,0,0,0,0,0,0,0,0,0,0,435.696,0,139.02,-574.716
"MtrElec",1,12,13,"",0.0000156,0,0,0,0,0,0,0,0,0,0,0,0,0,0,0,0,0,0,0,0,391.768,0,180.185,-571.953
"MtrElec",1,12,14,"",0.0000078,0,0,0,0,0,0,0,0,0,0,0,0,0,0,0,0,0,0,0,0,401.196,0,119.627,-520.823
"MtrElec",1,12,15,"",0.0000039,0,0,0,0,0,0,0,0,0,0,0,0,0,0,0,0,0,0,0,0,371.37,0,54.0735,-425.444
"MtrElec",1,12,16,"",97.5832,0,0,0,0,0,0,0,0,0,0,0,0,0,0,0,0,0,0,0,0,378.406,0,0,-280.823
"MtrElec",1,12,17,"",346.275,0,0,0,0,0,0,0,0,0,0,0,0,0,0,0,0,0,0,0,0,430.776,0,0,-84.5008
"MtrElec",1,12,18,"",419.458,0,0,0,0,0,0,0,0,0,0,0,0,0,0,0,0,0,0,0,0,419.458,0,0,0
"MtrElec",1,12,19,"",227.008,0,0,0,0,0,0,0,0,0,0,0,0,0,0,0,0,0,0,0,0,450.225,0,-223.217,0
"MtrElec",1,12,20,"",187.117,0,0,0,0,0,0,0,0,0,0,0,0,0,0,0,0,0,0,0,0,410.334,0,-223.217,0
"MtrElec",1,12,21,"",367.852,0,0,0,0,0,0,0,0,0,0,0,0,0,0,0,0,0,0,0,0,438.549,0,-70.6962,0
"MtrElec",1,12,22,"",299.095,0,0,0,0,0,0,0,0,0,0,0,0,0,0,0,0,0,0,0,0,299.095,0,0,0
"MtrElec",1,12,23,"",309.351,0,0,0,0,0,0,0,0,0,0,0,0,0,0,0,0,0,0,0,0,309.351,0,0,0
"MtrElec",1,12,24,"",245.218,0,0,0,0,0,0,0,0,0,0,0,0,0,0,0,0,0,0,0,0,245.218,0,0,0
"MtrElec",1,13,1,"",182.955,0,0,0,0,0,0,0,0,0,0,0,0,0,0,0,0,0,0,0,0,182.955,0,0,0
"MtrElec",1,13,2,"",157.297,0,0,0,0,0,0,0,0,0,0,0,0,0,0,0,0,0,0,0,0,157.297,0,0,0
"MtrElec",1,13,3,"",193.744,0,0,0,0,0,0,0,0,0,0,0,0,0,0,0,0,0,0,0,0,193.744,0,0,0
"MtrElec",1,13,4,"",157.66,0,0,0,0,0,0,0,0,0,0,0,0,0,0,0,0,0,0,0,0,157.66,0,0,0
"MtrElec",1,13,5,"",156.295,0,0,0,0,0,0,0,0,0,0,0,0,0,0,0,0,0,0,0,0,156.295,0,0,0
"MtrElec",1,13,6,"",163.502,0,0,0,0,0,0,0,0,0,0,0,0,0,0,0,0,0,0,0,0,163.502,0,0,0
"MtrElec",1,13,7,"",261.663,0,0,0,0,0,0,0,0,0,0,0,0,0,0,0,0,0,0,0,0,261.663,0,0,0
"MtrElec",1,13,8,"",205.092,0,0,0,0,0,0,0,0,0,0,0,0,0,0,0,0,0,0,0,0,302.944,0,0,-97.8521
"MtrElec",1,13,9,"",72.2453,0,0,0,0,0,0,0,0,0,0,0,0,0,0,0,0,0,0,0,0,371.401,0,0,-299.156
"MtrElec",1,13,10,"",15.5769,0,0,0,0,0,0,0,0,0,0,0,0,0,0,0,0,0,0,0,0,458.438,0,0,-442.861
"MtrElec",1,13,11,"",0,0,0,0,0,0,0,0,0,0,0,0,0,0,0,0,0,0,0,0,0,408.437,0,120.958,-529.395
"MtrElec",1,13,12,"",0,0,0,0,0,0,0,0,0,0,0,0,0,0,0,0,0,0,0,0,0,430.394,0,140.907,-571.3
"MtrElec",1,13,13,"",0,0,0,0,0,0,0,0,0,0,0,0,0,0,0,0,0,0,0,0,0,392.307,0,186.781,-579.088
"MtrElec",1,13,14,"",0,0,0,0,0,0,0,0,0,0,0,0,0,0,0,0,0,0,0,0,0,405.966,0,120.882,-526.849
"MtrElec",1,13,15,"",0,0,0,0,0,0,0,0,0,0,0,0,0,0,0,0,0,0,0,0,0,384.804,0,46.3914,-431.195
"MtrElec",1,13,16,"",175.916,0,0,0,0,0,0,0,0,0,0,0,0,0,0,0,0,0,0,0,0,403.54,0,0,-227.624
"MtrElec",1,13,17,"",329.523,0,0,0,0,0,0,0,0,0,0,0,0,0,0,0,0,0,0,0,0,410.856,0,0,-81.3328
"MtrElec",1,13,18,"",426.081,0,0,0,0,0,0,0,0,0,0,0,0,0,0,0,0,0,0,0,0,426.081,0,0,0
"MtrElec",1,13,19,"",190.73,0,0,0,0,0,0,0,0,0,0,0,0,0,0,0,0,0,0,0,0,413.947,0,-223.217,0
"MtrElec",1,13,20,"",223.115,0,0,0,0,0,0,0,0,0,0,0,0,0,0,0,0,0,0,0,0,446.332,0,-223.217,0
"MtrElec",1,13,21,"",269.3,0,0,0,0,0,0,0,0,0,0,0,0,0,0,0,0,0,0,0,0,378.734,0,-109.434,0
"MtrElec",1,13,22,"",310.016,0,0,0,0,0,0,0,0,0,0,0,0,0,0,0,0,0,0,0,0,310.016,0,0,0
"MtrElec",1,13,23,"",316.144,0,0,0,0,0,0,0,0,0,0,0,0,0,0,0,0,0,0,0,0,316.144,0,0,0
"MtrElec",1,13,24,"",210.592,0,0,0,0,0,0,0,0,0,0,0,0,0,0,0,0,0,0,0,0,210.592,0,0,0
"MtrElec",1,14,1,"",176.675,0,0,0,0,0,0,0,0,0,0,0,0,0,0,0,0,0,0,0,0,176.675,0,0,0
"MtrElec",1,14,2,"",157.34,0,0,0,0,0,0,0,0,0,0,0,0,0,0,0,0,0,0,0,0,157.34,0,0,0
"MtrElec",1,14,3,"",201.206,0,0,0,0,0,0,0,0,0,0,0,0,0,0,0,0,0,0,0,0,201.206,0,0,0
"MtrElec",1,14,4,"",157.653,0,0,0,0,0,0,0,0,0,0,0,0,0,0,0,0,0,0,0,0,157.653,0,0,0
"MtrElec",1,14,5,"",152.867,0,0,0,0,0,0,0,0,0,0,0,0,0,0,0,0,0,0,0,0,152.867,0,0,0
"MtrElec",1,14,6,"",166.374,0,0,0,0,0,0,0,0,0,0,0,0,0,0,0,0,0,0,0,0,166.374,0,0,0
"MtrElec",1,14,7,"",261.243,0,0,0,0,0,0,0,0,0,0,0,0,0,0,0,0,0,0,0,0,261.243,0,0,0
"MtrElec",1,14,8,"",216.223,0,0,0,0,0,0,0,0,0,0,0,0,0,0,0,0,0,0,0,0,315.518,0,0,-99.2953
"MtrElec",1,14,9,"",97.4037,0,0,0,0,0,0,0,0,0,0,0,0,0,0,0,0,0,0,0,0,369.071,0,0,-271.667
"MtrElec",1,14,10,"",21.0871,0,0,0,0,0,0,0,0,0,0,0,0,0,0,0,0,0,0,0,0,430.148,0,0,-409.061
"MtrElec",1,14,11,"",0,0,0,0,0,0,0,0,0,0,0,0,0,0,0,0,0,0,0,0,0,439.948,0,92.6646,-532.612
"MtrElec",1,14,12,"",0,0,0,0,0,0,0,0,0,0,0,0,0,0,0,0,0,0,0,0,0,423.409,0,152.45,-575.859
"MtrElec",1,14,13,"",0,0,0,0,0,0,0,0,0,0,0,0,0,0,0,0,0,0,0,0,0,433.724,0,137.443,-571.167
"MtrElec",1,14,14,"",0,0,0,0,0,0,0,0,0,0,0,0,0,0,0,0,0,0,0,0,0,418.472,0,101.153,-519.625
"MtrElec",1,14,15,"",0,0,0,0,0,0,0,0,0,0,0,0,0,0,0,0,0,0,0,0,0,403.772,0,22.948,-426.72
"MtrElec",1,14,16,"",189.462,0,0,0,0,0,0,0,0,0,0,0,0,0,0,0,0,0,0,0,0,454.709,0,0,-265.247
"MtrElec",1,14,17,"",390.006,0,0,0,0,0,0,0,0,0,0,0,0,0,0,0,0,0,0,0,0,456.776,0,0,-66.7699
"MtrElec",1,14,18,"",482.047,0,0,0,0,0,0,0,0,0,0,0,0,0,0,0,0,0,0,0,0,482.047,0,0,0
"MtrElec",1,14,19,"",204.004,0,0,0,0,0,0,0,0,0,0,0,0,0,0,0,0,0,0,0,0,427.22,0,-223.217,0
"MtrElec",1,14,20,"",192.058,0,0,0,0,0,0,0,0,0,0,0,0,0,0,0,0,0,0,0,0,415.275,0,-223.217,0
"MtrElec",1,14,21,"",395.734,0,0,0,0,0,0,0,0,0,0,0,0,0,0,0,0,0,0,0,0,406.56,0,-10.8257,0
"MtrElec",1,14,22,"",308.309,0,0,0,0,0,0,0,0,0,0,0,0,0,0,0,0,0,0,0,0,308.309,0,0,0
"MtrElec",1,14,23,"",313.159,0,0,0,0,0,0,0,0,0,0,0,0,0,0,0,0,0,0,0,0,313.159,0,0,0
"MtrElec",1,14,24,"",195.29,0,0,0,0,0,0,0,0,0,0,0,0,0,0,0,0,0,0,0,0,195.29,0,0,0
"MtrElec",1,15,1,"",174.858,0,0,0,0,0,0,0,0,0,0,0,0,0,0,0,0,0,0,0,0,174.858,0,0,0
"MtrElec",1,15,2,"",182.586,0,0,0,0,0,0,0,0,0,0,0,0,0,0,0,0,0,0,0,0,182.586,0,0,0
"MtrElec",1,15,3,"",170.664,0,0,0,0,0,0,0,0,0,0,0,0,0,0,0,0,0,0,0,0,170.664,0,0,0
"MtrElec",1,15,4,"",159.393,0,0,0,0,0,0,0,0,0,0,0,0,0,0,0,0,0,0,0,0,159.393,0,0,0
"MtrElec",1,15,5,"",155.929,0,0,0,0,0,0,0,0,0,0,0,0,0,0,0,0,0,0,0,0,155.929,0,0,0
"MtrElec",1,15,6,"",171.464,0,0,0,0,0,0,0,0,0,0,0,0,0,0,0,0,0,0,0,0,171.464,0,0,0
"MtrElec",1,15,7,"",267.236,0,0,0,0,0,0,0,0,0,0,0,0,0,0,0,0,0,0,0,0,267.236,0,0,0
"MtrElec",1,15,8,"",177.761,0,0,0,0,0,0,0,0,0,0,0,0,0,0,0,0,0,0,0,0,278.386,0,0,-100.625
"MtrElec",1,15,9,"",47.6157,0,0,0,0,0,0,0,0,0,0,0,0,0,0,0,0,0,0,0,0,344.449,0,0,-296.833
"MtrElec",1,15,10,"",-22.1066,0,0,0,0,0,0,0,0,0,0,0,0,0,0,0,0,0,0,0,0,416.841,0,0,-438.947
"MtrElec",1,15,11,"",0,0,0,0,0,0,0,0,0,0,0,0,0,0,0,0,0,0,0,0,0,423.453,0,103.102,-526.555
"MtrElec",1,15,12,"",0,0,0,0,0,0,0,0,0,0,0,0,0,0,0,0,0,0,0,0,0,437.201,0,129.922,-567.123
"MtrElec",1,15,13,"",0,0,0,0,0,0,0,0,0,0,0,0,0,0,0,0,0,0,0,0,0,434.045,0,128.288,-562.332
"MtrElec",1,15,14,"",0,0,0,0,0,0,0,0,0,0,0,0,0,0,0,0,0,0,0,0,0,431.683,0,93.2747,-524.958
"MtrElec",1,15,15,"",101.885,0,0,0,0,0,0,0,0,0,0,0,0,0,0,0,0,0,0,0,0,438.586,0,0,-336.701
"MtrElec",1,15,16,"",170.061,0,0,0,0,0,0,0,0,0,0,0,0,0,0,0,0,0,0,0,0,447.042,0,0,-276.981
"MtrElec",1,15,17,"",358.714,0,0,0,0,0,0,0,0,0,0,0,0,0,0,0,0,0,0,0,0,444.104,0,0,-85.3897
"MtrElec",1,15,18,"",437.02,0,0,0,0,0,0,0,0,0,0,0,0,0,0,0,0,0,0,0,0,437.02,0,0,0
"MtrElec",1,15,19,"",188.806,0,0,0,0,0,0,0,0,0,0,0,0,0,0,0,0,0,0,0,0,412.023,0,-223.217,0
"MtrElec",1,15,20,"",264.573,0,0,0,0,0,0,0,0,0,0,0,0,0,0,0,0,0,0,0,0,451.621,0,-187.047,0
"MtrElec",1,15,21,"",387.261,0,0,0,0,0,0,0,0,0,0,0,0,0,0,0,0,0,0,0,0,387.261,0,0,0
"MtrElec",1,15,22,"",316.366,0,0,0,0,0,0,0,0,0,0,0,0,0,0,0,0,0,0,0,0,316.366,0,0,0
"MtrElec",1,15,23,"",264.48,0,0,0,0,0,0,0,0,0,0,0,0,0,0,0,0,0,0,0,0,264.48,0,0,0
"MtrElec",1,15,24,"",198.088,0,0,0,0,0,0,0,0,0,0,0,0,0,0,0,0,0,0,0,0,198.088,0,0,0
"MtrElec",1,16,1,"",168.424,0,0,0,0,0,0,0,0,0,0,0,0,0,0,0,0,0,0,0,0,168.424,0,0,0
"MtrElec",1,16,2,"",155.669,0,0,0,0,0,0,0,0,0,0,0,0,0,0,0,0,0,0,0,0,155.669,0,0,0
"MtrElec",1,16,3,"",151.857,0,0,0,0,0,0,0,0,0,0,0,0,0,0,0,0,0,0,0,0,151.857,0,0,0
"MtrElec",1,16,4,"",211.754,0,0,0,0,0,0,0,0,0,0,0,0,0,0,0,0,0,0,0,0,211.754,0,0,0
"MtrElec",1,16,5,"",152.364,0,0,0,0,0,0,0,0,0,0,0,0,0,0,0,0,0,0,0,0,152.364,0,0,0
"MtrElec",1,16,6,"",160.248,0,0,0,0,0,0,0,0,0,0,0,0,0,0,0,0,0,0,0,0,160.248,0,0,0
"MtrElec",1,16,7,"",267.91,0,0,0,0,0,0,0,0,0,0,0,0,0,0,0,0,0,0,0,0,267.91,0,0,0
"MtrElec",1,16,8,"",192.8,0,0,0,0,0,0,0,0,0,0,0,0,0,0,0,0,0,0,0,0,273.182,0,0,-80.3829
"MtrElec",1,16,9,"",192.481,0,0,0,0,0,0,0,0,0,0,0,0,0,0,0,0,0,0,0,0,361.557,0,0,-169.076
"MtrElec",1,16,10,"",63.9495,0,0,0,0,0,0,0,0,0,0,0,0,0,0,0,0,0,0,0,0,448.635,0,0,-384.685
"MtrElec",1,16,11,"",0.0000020,0,0,0,0,0,0,0,0,0,0,0,0,0,0,0,0,0,0,0,0,430.07,0,29.4448,-459.514
"MtrElec",1,16,12,"",0,0,0,0,0,0,0,0,0,0,0,0,0,0,0,0,0,0,0,0,0,432.891,0,38.4888,-471.38
"MtrElec",1,16,13,"",0,0,0,0,0,0,0,0,0,0,0,0,0,0,0,0,0,0,0,0,0,458.721,0,10.4039,-469.125
"MtrElec",1,16,14,"",0,0,0,0,0,0,0,0,0,0,0,0,0,0,0,0,0,0,0,0,0,421.891,0,5.96684,-427.857
"MtrElec",1,16,15,"",69.877,0,0,0,0,0,0,0,0,0,0,0,0,0,0,0,0,0,0,0,0,414.295,0,0,-344.418
"MtrElec",1,16,16,"",209.941,0,0,0,0,0,0,0,0,0,0,0,0,0,0,0,0,0,0,0,0,422.785,0,0,-212.844
"MtrElec",1,16,17,"",381.061,0,0,0,0,0,0,0,0,0,0,0,0,0,0,0,0,0,0,0,0,450.331,0,0,-69.2702
"MtrElec",1,16,18,"",442.254,0,0,0,0,0,0,0,0,0,0,0,0,0,0,0,0,0,0,0,0,442.254,0,0,0
"MtrElec",1,16,19,"",360.802,0,0,0,0,0,0,0,0,0,0,0,0,0,0,0,0,0,0,0,0,436.887,0,-76.0846,0
"MtrElec",1,16,20,"",416.858,0,0,0,0,0,0,0,0,0,0,0,0,0,0,0,0,0,0,0,0,416.858,0,0,0
"MtrElec",1,16,21,"",430.226,0,0,0,0,0,0,0,0,0,0,0,0,0,0,0,0,0,0,0,0,430.226,0,0,0
"MtrElec",1,16,22,"",267.563,0,0,0,0,0,0,0,0,0,0,0,0,0,0,0,0,0,0,0,0,267.563,0,0,0
"MtrElec",1,16,23,"",285.678,0,0,0,0,0,0,0,0,0,0,0,0,0,0,0,0,0,0,0,0,285.678,0,0,0
"MtrElec",1,16,24,"",219.228,0,0,0,0,0,0,0,0,0,0,0,0,0,0,0,0,0,0,0,0,219.228,0,0,0
"MtrElec",1,17,1,"",165.952,0,0,0,0,0,0,0,0,0,0,0,0,0,0,0,0,0,0,0,0,165.952,0,0,0
"MtrElec",1,17,2,"",156.9,0,0,0,0,0,0,0,0,0,0,0,0,0,0,0,0,0,0,0,0,156.9,0,0,0
"MtrElec",1,17,3,"",193.38,0,0,0,0,0,0,0,0,0,0,0,0,0,0,0,0,0,0,0,0,193.38,0,0,0
"MtrElec",1,17,4,"",158.251,0,0,0,0,0,0,0,0,0,0,0,0,0,0,0,0,0,0,0,0,158.251,0,0,0
"MtrElec",1,17,5,"",171.768,0,0,0,0,0,0,0,0,0,0,0,0,0,0,0,0,0,0,0,0,171.768,0,0,0
"MtrElec",1,17,6,"",155.939,0,0,0,0,0,0,0,0,0,0,0,0,0,0,0,0,0,0,0,0,155.939,0,0,0
"MtrElec",1,17,7,"",203.882,0,0,0,0,0,0,0,0,0,0,0,0,0,0,0,0,0,0,0,0,203.882,0,0,0
"MtrElec",1,17,8,"",130.984,0,0,0,0,0,0,0,0,0,0,0,0,0,0,0,0,0,0,0,0,228.255,0,0,-97.2716
"MtrElec",1,17,9,"",36.9205,0,0,0,0,0,0,0,0,0,0,0,0,0,0,0,0,0,0,0,0,326.217,0,0,-289.297
"MtrElec",1,17,10,"",-12.9247,0,0,0,0,0,0,0,0,0,0,0,0,0,0,0,0,0,0,0,0,418.134,0,0,-431.059
"MtrElec",1,17,11,"",0,0,0,0,0,0,0,0,0,0,0,0,0,0,0,0,0,0,0,0,0,500.039,0,22.9092,-522.948
"MtrElec",1,17,12,"",0,0,0,0,0,0,0,0,0,0,0,0,0,0,0,0,0,0,0,0,0,512.752,0,53.4027,-566.155
"MtrElec",1,17,13,"",18.0284,0,0,0,0,0,0,0,0,0,0,0,0,0,0,0,0,0,0,0,0,580.31,0,0,-562.281
"MtrElec",1,17,14,"",0.0000010,0,0,0,0,0,0,0,0,0,0,0,0,0,0,0,0,0,0,0,0,503.57,0,9.98656,-513.557
"MtrElec",1,17,15,"",85.8846,0,0,0,0,0,0,0,0,0,0,0,0,0,0,0,0,0,0,0,0,512.282,0,0,-426.397
"MtrElec",1,17,16,"",166.556,0,0,0,0,0,0,0,0,0,0,0,0,0,0,0,0,0,0,0,0,453.159,0,0,-286.603
"MtrElec",1,17,17,"",404.249,0,0,0,0,0,0,0,0,0,0,0,0,0,0,0,0,0,0,0,0,493.74,0,0,-89.4911
"MtrElec",1,17,18,"",468.746,0,0,0,0,0,0,0,0,0,0,0,0,0,0,0,0,0,0,0,0,468.746,0,0,0
"MtrElec",1,17,19,"",409.775,0,0,0,0,0,0,0,0,0,0,0,0,0,0,0,0,0,0,0,0,487.66,0,-77.8843,0
"MtrElec",1,17,20,"",406.372,0,0,0,0,0,0,0,0,0,0,0,0,0,0,0,0,0,0,0,0,406.372,0,0,0
"MtrElec",1,17,21,"",410.682,0,0,0,0,0,0,0,0,0,0,0,0,0,0,0,0,0,0,0,0,410.682,0,0,0
"MtrElec",1,17,22,"",319.816,0,0,0,0,0,0,0,0,0,0,0,0,0,0,0,0,0,0,0,0,319.816,0,0,0
"MtrElec",1,17,23,"",262.947,0,0,0,0,0,0,0,0,0,0,0,0,0,0,0,0,0,0,0,0,262.947,0,0,0
"MtrElec",1,17,24,"",191.771,0,0,0,0,0,0,0,0,0,0,0,0,0,0,0,0,0,0,0,0,191.771,0,0,0
"MtrElec",1,18,1,"",167.81,0,0,0,0,0,0,0,0,0,0,0,0,0,0,0,0,0,0,0,0,167.81,0,0,0
"MtrElec",1,18,2,"",155.83,0,0,0,0,0,0,0,0,0,0,0,0,0,0,0,0,0,0,0,0,155.83,0,0,0
"MtrElec",1,18,3,"",157.022,0,0,0,0,0,0,0,0,0,0,0,0,0,0,0,0,0,0,0,0,157.022,0,0,0
"MtrElec",1,18,4,"",200.857,0,0,0,0,0,0,0,0,0,0,0,0,0,0,0,0,0,0,0,0,200.857,0,0,0
"MtrElec",1,18,5,"",172.515,0,0,0,0,0,0,0,0,0,0,0,0,0,0,0,0,0,0,0,0,172.515,0,0,0
"MtrElec",1,18,6,"",159.31,0,0,0,0,0,0,0,0,0,0,0,0,0,0,0,0,0,0,0,0,159.31,0,0,0
"MtrElec",1,18,7,"",168.603,0,0,0,0,0,0,0,0,0,0,0,0,0,0,0,0,0,0,0,0,168.603,0,0,0
"MtrElec",1,18,8,"",203.445,0,0,0,0,0,0,0,0,0,0,0,0,0,0,0,0,0,0,0,0,303.55,0,0,-100.105
"MtrElec",1,18,9,"",44.6995,0,0,0,0,0,0,0,0,0,0,0,0,0,0,0,0,0,0,0,0,342.514,0,0,-297.815
"MtrElec",1,18,10,"",-55.7922,0,0,0,0,0,0,0,0,0,0,0,0,0,0,0,0,0,0,0,0,391.389,0,0,-447.182
"MtrElec",1,18,11,"",0.0000156,0,0,0,0,0,0,0,0,0,0,0,0,0,0,0,0,0,0,0,0,396.477,0,143.763,-540.24
"MtrElec",1,18,12,"",0,0,0,0,0,0,0,0,0,0,0,0,0,0,0,0,0,0,0,0,0,406.048,0,172.684,-578.733
"MtrElec",1,18,13,"",0,0,0,0,0,0,0,0,0,0,0,0,0,0,0,0,0,0,0,0,0,412.814,0,152.366,-565.18
"MtrElec",1,18,14,"",0,0,0,0,0,0,0,0,0,0,0,0,0,0,0,0,0,0,0,0,0,419.509,0,95.7881,-515.297
"MtrElec",1,18,15,"",19.4299,0,0,0,0,0,0,0,0,0,0,0,0,0,0,0,0,0,0,0,0,450.501,0,0,-431.072
"MtrElec",1,18,16,"",87.338,0,0,0,0,0,0,0,0,0,0,0,0,0,0,0,0,0,0,0,0,374.435,0,0,-287.097
"MtrElec",1,18,17,"",323.265,0,0,0,0,0,0,0,0,0,0,0,0,0,0,0,0,0,0,0,0,419.908,0,0,-96.6429
"MtrElec",1,18,18,"",357.138,0,0,0,0,0,0,0,0,0,0,0,0,0,0,0,0,0,0,0,0,357.138,0,0,0
"MtrElec",1,18,19,"",147.577,0,0,0,0,0,0,0,0,0,0,0,0,0,0,0,0,0,0,0,0,370.794,0,-223.217,0
"MtrElec",1,18,20,"",76.4512,0,0,0,0,0,0,0,0,0,0,0,0,0,0,0,0,0,0,0,0,299.668,0,-223.217,0
"MtrElec",1,18,21,"",228.154,0,0,0,0,0,0,0,0,0,0,0,0,0,0,0,0,0,0,0,0,291.273,0,-63.1194,0
"MtrElec",1,18,22,"",293.087,0,0,0,0,0,0,0,0,0,0,0,0,0,0,0,0,0,0,0,0,293.087,0,0,0
"MtrElec",1,18,23,"",222.333,0,0,0,0,0,0,0,0,0,0,0,0,0,0,0,0,0,0,0,0,222.333,0,0,0
"MtrElec",1,18,24,"",199.967,0,0,0,0,0,0,0,0,0,0,0,0,0,0,0,0,0,0,0,0,199.967,0,0,0
"MtrElec",1,19,1,"",208.103,0,0,0,0,0,0,0,0,0,0,0,0,0,0,0,0,0,0,0,0,208.103,0,0,0
"MtrElec",1,19,2,"",164.285,0,0,0,0,0,0,0,0,0,0,0,0,0,0,0,0,0,0,0,0,164.285,0,0,0
"MtrElec",1,19,3,"",153.942,0,0,0,0,0,0,0,0,0,0,0,0,0,0,0,0,0,0,0,0,153.942,0,0,0
"MtrElec",1,19,4,"",153.057,0,0,0,0,0,0,0,0,0,0,0,0,0,0,0,0,0,0,0,0,153.057,0,0,0
"MtrElec",1,19,5,"",149.253,0,0,0,0,0,0,0,0,0,0,0,0,0,0,0,0,0,0,0,0,149.253,0,0,0
"MtrElec",1,19,6,"",176.433,0,0,0,0,0,0,0,0,0,0,0,0,0,0,0,0,0,0,0,0,176.433,0,0,0
"MtrElec",1,19,7,"",210.059,0,0,0,0,0,0,0,0,0,0,0,0,0,0,0,0,0,0,0,0,210.059,0,0,0
"MtrElec",1,19,8,"",173.528,0,0,0,0,0,0,0,0,0,0,0,0,0,0,0,0,0,0,0,0,263.484,0,0,-89.956
"MtrElec",1,19,9,"",35.2665,0,0,0,0,0,0,0,0,0,0,0,0,0,0,0,0,0,0,0,0,322.876,0,0,-287.61
"MtrElec",1,19,10,"",-13.9949,0,0,0,0,0,0,0,0,0,0,0,0,0,0,0,0,0,0,0,0,410.859,0,0,-424.854
"MtrElec",1,19,11,"",0.0000078,0,0,0,0,0,0,0,0,0,0,0,0,0,0,0,0,0,0,0,0,377.727,0,100.703,-478.43
"MtrElec",1,19,12,"",0,0,0,0,0,0,0,0,0,0,0,0,0,0,0,0,0,0,0,0,0,458.291,0,125.795,-584.087
"MtrElec",1,19,13,"",0,0,0,0,0,0,0,0,0,0,0,0,0,0,0,0,0,0,0,0,0,449.447,0,131.201,-580.648
"MtrElec",1,19,14,"",0.0000156,0,0,0,0,0,0,0,0,0,0,0,0,0,0,0,0,0,0,0,0,354.723,0,178.217,-532.939
"MtrElec",1,19,15,"",0,0,0,0,0,0,0,0,0,0,0,0,0,0,0,0,0,0,0,0,0,361.492,0,79.0693,-440.562
"MtrElec",1,19,16,"",44.0331,0,0,0,0,0,0,0,0,0,0,0,0,0,0,0,0,0,0,0,0,339.944,0,0,-295.911
"MtrElec",1,19,17,"",310.763,0,0,0,0,0,0,0,0,0,0,0,0,0,0,0,0,0,0,0,0,411.856,0,0,-101.093
"MtrElec",1,19,18,"",422.638,0,0,0,0,0,0,0,0,0,0,0,0,0,0,0,0,0,0,0,0,422.638,0,0,0
"MtrElec",1,19,19,"",163.976,0,0,0,0,0,0,0,0,0,0,0,0,0,0,0,0,0,0,0,0,387.193,0,-223.217,0
"MtrElec",1,19,20,"",85.5767,0,0,0,0,0,0,0,0,0,0,0,0,0,0,0,0,0,0,0,0,308.794,0,-223.217,0
"MtrElec",1,19,21,"",203.509,0,0,0,0,0,0,0,0,0,0,0,0,0,0,0,0,0,0,0,0,312.099,0,-108.59,0
"MtrElec",1,19,22,"",287.153,0,0,0,0,0,0,0,0,0,0,0,0,0,0,0,0,0,0,0,0,287.153,0,0,0
"MtrElec",1,19,23,"",223.509,0,0,0,0,0,0,0,0,0,0,0,0,0,0,0,0,0,0,0,0,223.509,0,0,0
"MtrElec",1,19,24,"",232.615,0,0,0,0,0,0,0,0,0,0,0,0,0,0,0,0,0,0,0,0,232.615,0,0,0
"MtrElec",1,20,1,"",159.654,0,0,0,0,0,0,0,0,0,0,0,0,0,0,0,0,0,0,0,0,159.654,0,0,0
"MtrElec",1,20,2,"",155.785,0,0,0,0,0,0,0,0,0,0,0,0,0,0,0,0,0,0,0,0,155.785,0,0,0
"MtrElec",1,20,3,"",150.887,0,0,0,0,0,0,0,0,0,0,0,0,0,0,0,0,0,0,0,0,150.887,0,0,0
"MtrElec",1,20,4,"",154.329,0,0,0,0,0,0,0,0,0,0,0,0,0,0,0,0,0,0,0,0,154.329,0,0,0
"MtrElec",1,20,5,"",152.889,0,0,0,0,0,0,0,0,0,0,0,0,0,0,0,0,0,0,0,0,152.889,0,0,0
"MtrElec",1,20,6,"",185.204,0,0,0,0,0,0,0,0,0,0,0,0,0,0,0,0,0,0,0,0,185.204,0,0,0
"MtrElec",1,20,7,"",260.976,0,0,0,0,0,0,0,0,0,0,0,0,0,0,0,0,0,0,0,0,260.976,0,0,0
"MtrElec",1,20,8,"",207.689,0,0,0,0,0,0,0,0,0,0,0,0,0,0,0,0,0,0,0,0,314.366,0,0,-106.677
"MtrElec",1,20,9,"",67.6219,0,0,0,0,0,0,0,0,0,0,0,0,0,0,0,0,0,0,0,0,386.677,0,0,-319.055
"MtrElec",1,20,10,"",-70.1013,0,0,0,0,0,0,0,0,0,0,0,0,0,0,0,0,0,0,0,0,398.606,0,0,-468.707
"MtrElec",1,20,11,"",0,0,0,0,0,0,0,0,0,0,0,0,0,0,0,0,0,0,0,0,0,453.269,0,107.786,-561.055
"MtrElec",1,20,12,"",0,0,0,0,0,0,0,0,0,0,0,0,0,0,0,0,0,0,0,0,0,449.969,0,155.137,-605.106
"MtrElec",1,20,13,"",0,0,0,0,0,0,0,0,0,0,0,0,0,0,0,0,0,0,0,0,0,472.257,0,140.376,-612.633
"MtrElec",1,20,14,"",0,0,0,0,0,0,0,0,0,0,0,0,0,0,0,0,0,0,0,0,0,415.902,0,144.102,-560.004
"MtrElec",1,20,15,"",0,0,0,0,0,0,0,0,0,0,0,0,0,0,0,0,0,0,0,0,0,411.306,0,40.7493,-452.055
"MtrElec",1,20,16,"",115.385,0,0,0,0,0,0,0,0,0,0,0,0,0,0,0,0,0,0,0,0,423.501,0,0,-308.116
"MtrElec",1,20,17,"",351.951,0,0,0,0,0,0,0,0,0,0,0,0,0,0,0,0,0,0,0,0,467.398,0,0,-115.448
"MtrElec",1,20,18,"",440.205,0,0,0,0,0,0,0,0,0,0,0,0,0,0,0,0,0,0,0,0,440.746,0,0,-0.540778
"MtrElec",1,20,19,"",204.474,0,0,0,0,0,0,0,0,0,0,0,0,0,0,0,0,0,0,0,0,427.691,0,-223.217,0
"MtrElec",1,20,20,"",184.684,0,0,0,0,0,0,0,0,0,0,0,0,0,0,0,0,0,0,0,0,407.901,0,-223.217,0
"MtrElec",1,20,21,"",360.08,0,0,0,0,0,0,0,0,0,0,0,0,0,0,0,0,0,0,0,0,444.452,0,-84.3716,0
"MtrElec",1,20,22,"",272.259,0,0,0,0,0,0,0,0,0,0,0,0,0,0,0,0,0,0,0,0,272.259,0,0,0
"MtrElec",1,20,23,"",323.12,0,0,0,0,0,0,0,0,0,0,0,0,0,0,0,0,0,0,0,0,323.12,0,0,0
"MtrElec",1,20,24,"",214.854,0,0,0,0,0,0,0,0,0,0,0,0,0,0,0,0,0,0,0,0,214.854,0,0,0
"MtrElec",1,21,1,"",165.503,0,0,0,0,0,0,0,0,0,0,0,0,0,0,0,0,0,0,0,0,165.503,0,0,0
"MtrElec",1,21,2,"",157.369,0,0,0,0,0,0,0,0,0,0,0,0,0,0,0,0,0,0,0,0,157.369,0,0,0
"MtrElec",1,21,3,"",149.122,0,0,0,0,0,0,0,0,0,0,0,0,0,0,0,0,0,0,0,0,149.122,0,0,0
"MtrElec",1,21,4,"",155.417,0,0,0,0,0,0,0,0,0,0,0,0,0,0,0,0,0,0,0,0,155.417,0,0,0
"MtrElec",1,21,5,"",192.127,0,0,0,0,0,0,0,0,0,0,0,0,0,0,0,0,0,0,0,0,192.127,0,0,0
"MtrElec",1,21,6,"",156.836,0,0,0,0,0,0,0,0,0,0,0,0,0,0,0,0,0,0,0,0,156.836,0,0,0
"MtrElec",1,21,7,"",243.639,0,0,0,0,0,0,0,0,0,0,0,0,0,0,0,0,0,0,0,0,243.639,0,0,0
"MtrElec",1,21,8,"",194.802,0,0,0,0,0,0,0,0,0,0,0,0,0,0,0,0,0,0,0,0,302.494,0,0,-107.693
"MtrElec",1,21,9,"",35.1396,0,0,0,0,0,0,0,0,0,0,0,0,0,0,0,0,0,0,0,0,350.028,0,0,-314.888
"MtrElec",1,21,10,"",-98.0942,0,0,0,0,0,0,0,0,0,0,0,0,0,0,0,0,0,0,0,0,366.945,0,0,-465.039
"MtrElec",1,21,11,"",0,0,0,0,0,0,0,0,0,0,0,0,0,0,0,0,0,0,0,0,0,450.614,0,101.444,-552.058
"MtrElec",1,21,12,"",-9.70384,0,0,0,0,0,0,0,0,0,0,0,0,0,0,0,0,0,0,0,0,364.454,0,223.217,-597.375
"MtrElec",1,21,13,"",0,0,0,0,0,0,0,0,0,0,0,0,0,0,0,0,0,0,0,0,0,479.129,0,115.7,-594.83
"MtrElec",1,21,14,"",0,0,0,0,0,0,0,0,0,0,0,0,0,0,0,0,0,0,0,0,0,374.776,0,171.017,-545.793
"MtrElec",1,21,15,"",0,0,0,0,0,0,0,0,0,0,0,0,0,0,0,0,0,0,0,0,0,432.325,0,31.2246,-463.55
"MtrElec",1,21,16,"",78.5208,0,0,0,0,0,0,0,0,0,0,0,0,0,0,0,0,0,0,0,0,394.327,0,0,-315.807
"MtrElec",1,21,17,"",311.458,0,0,0,0,0,0,0,0,0,0,0,0,0,0,0,0,0,0,0,0,430.025,0,0,-118.568
"MtrElec",1,21,18,"",400.479,0,0,0,0,0,0,0,0,0,0,0,0,0,0,0,0,0,0,0,0,401.24,0,0,-0.760987
"MtrElec",1,21,19,"",222.248,0,0,0,0,0,0,0,0,0,0,0,0,0,0,0,0,0,0,0,0,445.465,0,-223.217,0
"MtrElec",1,21,20,"",144.861,0,0,0,0,0,0,0,0,0,0,0,0,0,0,0,0,0,0,0,0,368.078,0,-223.217,0
"MtrElec",1,21,21,"",244.868,0,0,0,0,0,0,0,0,0,0,0,0,0,0,0,0,0,0,0,0,378.382,0,-133.515,0
"MtrElec",1,21,22,"",274.044,0,0,0,0,0,0,0,0,0,0,0,0,0,0,0,0,0,0,0,0,274.044,0,0,0
"MtrElec",1,21,23,"",325.98,0,0,0,0,0,0,0,0,0,0,0,0,0,0,0,0,0,0,0,0,325.98,0,0,0
"MtrElec",1,21,24,"",235.524,0,0,0,0,0,0,0,0,0,0,0,0,0,0,0,0,0,0,0,0,235.524,0,0,0
"MtrElec",1,22,1,"",157.305,0,0,0,0,0,0,0,0,0,0,0,0,0,0,0,0,0,0,0,0,157.305,0,0,0
"MtrElec",1,22,2,"",162.605,0,0,0,0,0,0,0,0,0,0,0,0,0,0,0,0,0,0,0,0,162.605,0,0,0
"MtrElec",1,22,3,"",194.61,0,0,0,0,0,0,0,0,0,0,0,0,0,0,0,0,0,0,0,0,194.61,0,0,0
"MtrElec",1,22,4,"",151.616,0,0,0,0,0,0,0,0,0,0,0,0,0,0,0,0,0,0,0,0,151.616,0,0,0
"MtrElec",1,22,5,"",149.1,0,0,0,0,0,0,0,0,0,0,0,0,0,0,0,0,0,0,0,0,149.1,0,0,0
"MtrElec",1,22,6,"",160.959,0,0,0,0,0,0,0,0,0,0,0,0,0,0,0,0,0,0,0,0,160.959,0,0,0
"MtrElec",1,22,7,"",282.364,0,0,0,0,0,0,0,0,0,0,0,0,0,0,0,0,0,0,0,0,282.364,0,0,0
"MtrElec",1,22,8,"",212.314,0,0,0,0,0,0,0,0,0,0,0,0,0,0,0,0,0,0,0,0,315.522,0,0,-103.208
"MtrElec",1,22,9,"",53.9903,0,0,0,0,0,0,0,0,0,0,0,0,0,0,0,0,0,0,0,0,359.51,0,0,-305.52
"MtrElec",1,22,10,"",-26.0121,0,0,0,0,0,0,0,0,0,0,0,0,0,0,0,0,0,0,0,0,440.439,0,0,-466.451
"MtrElec",1,22,11,"",0,0,0,0,0,0,0,0,0,0,0,0,0,0,0,0,0,0,0,0,0,442.824,0,122.122,-564.946
"MtrElec",1,22,12,"",0,0,0,0,0,0,0,0,0,0,0,0,0,0,0,0,0,0,0,0,0,386.759,0,217.951,-604.71
"MtrElec",1,22,13,"",0,0,0,0,0,0,0,0,0,0,0,0,0,0,0,0,0,0,0,0,0,376.509,0,215.923,-592.432
"MtrElec",1,22,14,"",0,0,0,0,0,0,0,0,0,0,0,0,0,0,0,0,0,0,0,0,0,410.453,0,131.661,-542.114
"MtrElec",1,22,15,"",0,0,0,0,0,0,0,0,0,0,0,0,0,0,0,0,0,0,0,0,0,358.65,0,85.4622,-444.112
"MtrElec",1,22,16,"",102.354,0,0,0,0,0,0,0,0,0,0,0,0,0,0,0,0,0,0,0,0,401.52,0,0,-299.166
"MtrElec",1,22,17,"",266.425,0,0,0,0,0,0,0,0,0,0,0,0,0,0,0,0,0,0,0,0,376.219,0,0,-109.794
"MtrElec",1,22,18,"",433.802,0,0,0,0,0,0,0,0,0,0,0,0,0,0,0,0,0,0,0,0,433.802,0,0,0
"MtrElec",1,22,19,"",172.373,0,0,0,0,0,0,0,0,0,0,0,0,0,0,0,0,0,0,0,0,395.59,0,-223.217,0
"MtrElec",1,22,20,"",191.669,0,0,0,0,0,0,0,0,0,0,0,0,0,0,0,0,0,0,0,0,414.885,0,-223.217,0
"MtrElec",1,22,21,"",134.826,0,0,0,0,0,0,0,0,0,0,0,0,0,0,0,0,0,0,0,0,358.043,0,-223.217,0
"MtrElec",1,22,22,"",285.511,0,0,0,0,0,0,0,0,0,0,0,0,0,0,0,0,0,0,0,0,313.6,0,-28.0897,0
"MtrElec",1,22,23,"",299.124,0,0,0,0,0,0,0,0,0,0,0,0,0,0,0,0,0,0,0,0,299.124,0,0,0
"MtrElec",1,22,24,"",205.406,0,0,0,0,0,0,0,0,0,0,0,0,0,0,0,0,0,0,0,0,205.406,0,0,0
"MtrElec",1,23,1,"",181.065,0,0,0,0,0,0,0,0,0,0,0,0,0,0,0,0,0,0,0,0,181.065,0,0,0
"MtrElec",1,23,2,"",155.425,0,0,0,0,0,0,0,0,0,0,0,0,0,0,0,0,0,0,0,0,155.425,0,0,0
"MtrElec",1,23,3,"",151.556,0,0,0,0,0,0,0,0,0,0,0,0,0,0,0,0,0,0,0,0,151.556,0,0,0
"MtrElec",1,23,4,"",152.016,0,0,0,0,0,0,0,0,0,0,0,0,0,0,0,0,0,0,0,0,152.016,0,0,0
"MtrElec",1,23,5,"",196.871,0,0,0,0,0,0,0,0,0,0,0,0,0,0,0,0,0,0,0,0,196.871,0,0,0
"MtrElec",1,23,6,"",163.874,0,0,0,0,0,0,0,0,0,0,0,0,0,0,0,0,0,0,0,0,163.874,0,0,0
"MtrElec",1,23,7,"",264.618,0,0,0,0,0,0,0,0,0,0,0,0,0,0,0,0,0,0,0,0,264.618,0,0,0
"MtrElec",1,23,8,"",212.82,0,0,0,0,0,0,0,0,0,0,0,0,0,0,0,0,0,0,0,0,323.6,0,0,-110.78
"MtrElec",1,23,9,"",72.8211,0,0,0,0,0,0,0,0,0,0,0,0,0,0,0,0,0,0,0,0,398.026,0,0,-325.205
"MtrElec",1,23,10,"",-25.2774,0,0,0,0,0,0,0,0,0,0,0,0,0,0,0,0,0,0,0,0,454.572,0,0,-479.849
"MtrElec",1,23,11,"",0.0000078,0,0,0,0,0,0,0,0,0,0,0,0,0,0,0,0,0,0,0,0,457.936,0,121.307,-579.243
"MtrElec",1,23,12,"",0.0000156,0,0,0,0,0,0,0,0,0,0,0,0,0,0,0,0,0,0,0,0,406.997,0,218.415,-625.412
"MtrElec",1,23,13,"",0,0,0,0,0,0,0,0,0,0,0,0,0,0,0,0,0,0,0,0,0,533.041,0,89.9081,-622.949
"MtrElec",1,23,14,"",0,0,0,0,0,0,0,0,0,0,0,0,0,0,0,0,0,0,0,0,0,367.863,0,210.474,-578.336
"MtrElec",1,23,15,"",0,0,0,0,0,0,0,0,0,0,0,0,0,0,0,0,0,0,0,0,0,432.895,0,45.8084,-478.703
"MtrElec",1,23,16,"",109.531,0,0,0,0,0,0,0,0,0,0,0,0,0,0,0,0,0,0,0,0,410.061,0,0,-300.53
"MtrElec",1,23,17,"",362.553,0,0,0,0,0,0,0,0,0,0,0,0,0,0,0,0,0,0,0,0,440.743,0,0,-78.1892
"MtrElec",1,23,18,"",478.443,0,0,0,0,0,0,0,0,0,0,0,0,0,0,0,0,0,0,0,0,478.443,0,0,0
"MtrElec",1,23,19,"",201.366,0,0,0,0,0,0,0,0,0,0,0,0,0,0,0,0,0,0,0,0,424.583,0,-223.217,0
"MtrElec",1,23,20,"",246.338,0,0,0,0,0,0,0,0,0,0,0,0,0,0,0,0,0,0,0,0,469.555,0,-223.217,0
"MtrElec",1,23,21,"",254.768,0,0,0,0,0,0,0,0,0,0,0,0,0,0,0,0,0,0,0,0,427.371,0,-172.602,0
"MtrElec",1,23,22,"",308.654,0,0,0,0,0,0,0,0,0,0,0,0,0,0,0,0,0,0,0,0,308.654,0,0,0
"MtrElec",1,23,23,"",293.416,0,0,0,0,0,0,0,0,0,0,0,0,0,0,0,0,0,0,0,0,293.416,0,0,0
"MtrElec",1,23,24,"",195.256,0,0,0,0,0,0,0,0,0,0,0,0,0,0,0,0,0,0,0,0,195.256,0,0,0
"MtrElec",1,24,1,"",163.221,0,0,0,0,0,0,0,0,0,0,0,0,0,0,0,0,0,0,0,0,163.221,0,0,0
"MtrElec",1,24,2,"",156.26,0,0,0,0,0,0,0,0,0,0,0,0,0,0,0,0,0,0,0,0,156.26,0,0,0
"MtrElec",1,24,3,"",152.111,0,0,0,0,0,0,0,0,0,0,0,0,0,0,0,0,0,0,0,0,152.111,0,0,0
"MtrElec",1,24,4,"",158.218,0,0,0,0,0,0,0,0,0,0,0,0,0,0,0,0,0,0,0,0,158.218,0,0,0
"MtrElec",1,24,5,"",211.519,0,0,0,0,0,0,0,0,0,0,0,0,0,0,0,0,0,0,0,0,211.519,0,0,0
"MtrElec",1,24,6,"",161.652,0,0,0,0,0,0,0,0,0,0,0,0,0,0,0,0,0,0,0,0,161.652,0,0,0
"MtrElec",1,24,7,"",179.647,0,0,0,0,0,0,0,0,0,0,0,0,0,0,0,0,0,0,0,0,179.647,0,0,0
"MtrElec",1,24,8,"",170.604,0,0,0,0,0,0,0,0,0,0,0,0,0,0,0,0,0,0,0,0,276.671,0,0,-106.067
"MtrElec",1,24,9,"",-33.7046,0,0,0,0,0,0,0,0,0,0,0,0,0,0,0,0,0,0,0,0,273.739,0,0,-307.443
"MtrElec",1,24,10,"",-63.9835,0,0,0,0,0,0,0,0,0,0,0,0,0,0,0,0,0,0,0,0,393.611,0,0,-457.594
"MtrElec",1,24,11,"",0,0,0,0,0,0,0,0,0,0,0,0,0,0,0,0,0,0,0,0,0,485.957,0,62.8037,-548.761
"MtrElec",1,24,12,"",0.0000078,0,0,0,0,0,0,0,0,0,0,0,0,0,0,0,0,0,0,0,0,508.358,0,84.647,-593.005
"MtrElec",1,24,13,"",0,0,0,0,0,0,0,0,0,0,0,0,0,0,0,0,0,0,0,0,0,496.323,0,94.5937,-590.917
"MtrElec",1,24,14,"",0.0000078,0,0,0,0,0,0,0,0,0,0,0,0,0,0,0,0,0,0,0,0,448.447,0,102.642,-551.089
"MtrElec",1,24,15,"",2.97697,0,0,0,0,0,0,0,0,0,0,0,0,0,0,0,0,0,0,0,0,456.984,0,0,-454.008
"MtrElec",1,24,16,"",228.39,0,0,0,0,0,0,0,0,0,0,0,0,0,0,0,0,0,0,0,0,468.193,0,0,-239.803
"MtrElec",1,24,17,"",283.529,0,0,0,0,0,0,0,0,0,0,0,0,0,0,0,0,0,0,0,0,401.977,0,0,-118.449
"MtrElec",1,24,18,"",460.761,0,0,0,0,0,0,0,0,0,0,0,0,0,0,0,0,0,0,0,0,461.693,0,0,-0.932468
"MtrElec",1,24,19,"",170.936,0,0,0,0,0,0,0,0,0,0,0,0,0,0,0,0,0,0,0,0,394.153,0,-223.217,0
"MtrElec",1,24,20,"",300.275,0,0,0,0,0,0,0,0,0,0,0,0,0,0,0,0,0,0,0,0,388.138,0,-87.8629,0
"MtrElec",1,24,21,"",347.796,0,0,0,0,0,0,0,0,0,0,0,0,0,0,0,0,0,0,0,0,347.796,0,0,0
"MtrElec",1,24,22,"",283.122,0,0,0,0,0,0,0,0,0,0,0,0,0,0,0,0,0,0,0,0,283.122,0,0,0
"MtrElec",1,24,23,"",275.99,0,0,0,0,0,0,0,0,0,0,0,0,0,0,0,0,0,0,0,0,275.99,0,0,0
"MtrElec",1,24,24,"",249.419,0,0,0,0,0,0,0,0,0,0,0,0,0,0,0,0,0,0,0,0,249.419,0,0,0
"MtrElec",1,25,1,"",171,0,0,0,0,0,0,0,0,0,0,0,0,0,0,0,0,0,0,0,0,171,0,0,0
"MtrElec",1,25,2,"",153.249,0,0,0,0,0,0,0,0,0,0,0,0,0,0,0,0,0,0,0,0,153.249,0,0,0
"MtrElec",1,25,3,"",151.597,0,0,0,0,0,0,0,0,0,0,0,0,0,0,0,0,0,0,0,0,151.597,0,0,0
"MtrElec",1,25,4,"",201.708,0,0,0,0,0,0,0,0,0,0,0,0,0,0,0,0,0,0,0,0,201.708,0,0,0
"MtrElec",1,25,5,"",170.199,0,0,0,0,0,0,0,0,0,0,0,0,0,0,0,0,0,0,0,0,170.199,0,0,0
"MtrElec",1,25,6,"",155.707,0,0,0,0,0,0,0,0,0,0,0,0,0,0,0,0,0,0,0,0,155.707,0,0,0
"MtrElec",1,25,7,"",194.54,0,0,0,0,0,0,0,0,0,0,0,0,0,0,0,0,0,0,0,0,194.54,0,0,0
"MtrElec",1,25,8,"",195.117,0,0,0,0,0,0,0,0,0,0,0,0,0,0,0,0,0,0,0,0,232.128,0,0,-37.0116
"MtrElec",1,25,9,"",17.6335,0,0,0,0,0,0,0,0,0,0,0,0,0,0,0,0,0,0,0,0,249.955,0,0,-232.321
"MtrElec",1,25,10,"",-28.9603,0,0,0,0,0,0,0,0,0,0,0,0,0,0,0,0,0,0,0,0,315.858,0,0,-344.818
"MtrElec",1,25,11,"",0,0,0,0,0,0,0,0,0,0,0,0,0,0,0,0,0,0,0,0,0,466.719,0,34.7186,-501.438
"MtrElec",1,25,12,"",0,0,0,0,0,0,0,0,0,0,0,0,0,0,0,0,0,0,0,0,0,374.083,0,195.651,-569.734
"MtrElec",1,25,13,"",0,0,0,0,0,0,0,0,0,0,0,0,0,0,0,0,0,0,0,0,0,399.654,0,148.116,-547.77
"MtrElec",1,25,14,"",0,0,0,0,0,0,0,0,0,0,0,0,0,0,0,0,0,0,0,0,0,365.986,0,184.33,-550.316
"MtrElec",1,25,15,"",0,0,0,0,0,0,0,0,0,0,0,0,0,0,0,0,0,0,0,0,0,375.322,0,85.919,-461.241
"MtrElec",1,25,16,"",62.373,0,0,0,0,0,0,0,0,0,0,0,0,0,0,0,0,0,0,0,0,372.95,0,0,-310.577
"MtrElec",1,25,17,"",204.193,0,0,0,0,0,0,0,0,0,0,0,0,0,0,0,0,0,0,0,0,319.89,0,0,-115.697
"MtrElec",1,25,18,"",355.151,0,0,0,0,0,0,0,0,0,0,0,0,0,0,0,0,0,0,0,0,355.75,0,0,-0.599148
"MtrElec",1,25,19,"",172.434,0,0,0,0,0,0,0,0,0,0,0,0,0,0,0,0,0,0,0,0,395.651,0,-223.217,0
"MtrElec",1,25,20,"",100.613,0,0,0,0,0,0,0,0,0,0,0,0,0,0,0,0,0,0,0,0,323.83,0,-223.217,0
"MtrElec",1,25,21,"",177.377,0,0,0,0,0,0,0,0,0,0,0,0,0,0,0,0,0,0,0,0,316.427,0,-139.05,0
"MtrElec",1,25,22,"",313.881,0,0,0,0,0,0,0,0,0,0,0,0,0,0,0,0,0,0,0,0,313.881,0,0,0
"MtrElec",1,25,23,"",250.48,0,0,0,0,0,0,0,0,0,0,0,0,0,0,0,0,0,0,0,0,250.48,0,0,0
"MtrElec",1,25,24,"",235.892,0,0,0,0,0,0,0,0,0,0,0,0,0,0,0,0,0,0,0,0,235.892,0,0,0
"MtrElec",1,26,1,"",169.087,0,0,0,0,0,0,0,0,0,0,0,0,0,0,0,0,0,0,0,0,169.087,0,0,0
"MtrElec",1,26,2,"",161.37,0,0,0,0,0,0,0,0,0,0,0,0,0,0,0,0,0,0,0,0,161.37,0,0,0
"MtrElec",1,26,3,"",151.736,0,0,0,0,0,0,0,0,0,0,0,0,0,0,0,0,0,0,0,0,151.736,0,0,0
"MtrElec",1,26,4,"",159.244,0,0,0,0,0,0,0,0,0,0,0,0,0,0,0,0,0,0,0,0,159.244,0,0,0
"MtrElec",1,26,5,"",155.939,0,0,0,0,0,0,0,0,0,0,0,0,0,0,0,0,0,0,0,0,155.939,0,0,0
"MtrElec",1,26,6,"",185.067,0,0,0,0,0,0,0,0,0,0,0,0,0,0,0,0,0,0,0,0,185.067,0,0,0
"MtrElec",1,26,7,"",266.041,0,0,0,0,0,0,0,0,0,0,0,0,0,0,0,0,0,0,0,0,266.041,0,0,0
"MtrElec",1,26,8,"",257.599,0,0,0,0,0,0,0,0,0,0,0,0,0,0,0,0,0,0,0,0,319.825,0,0,-62.2259
"MtrElec",1,26,9,"",112.747,0,0,0,0,0,0,0,0,0,0,0,0,0,0,0,0,0,0,0,0,390.789,0,0,-278.042
"MtrElec",1,26,10,"",59.7508,0,0,0,0,0,0,0,0,0,0,0,0,0,0,0,0,0,0,0,0,446.827,0,0,-387.076
"MtrElec",1,26,11,"",12.5462,0,0,0,0,0,0,0,0,0,0,0,0,0,0,0,0,0,0,0,0,455.309,0,0,-442.763
"MtrElec",1,26,12,"",0,0,0,0,0,0,0,0,0,0,0,0,0,0,0,0,0,0,0,0,0,413.722,0,138.812,-552.534
"MtrElec",1,26,13,"",23.1859,0,0,0,0,0,0,0,0,0,0,0,0,0,0,0,0,0,0,0,0,503.533,0,0,-480.347
"MtrElec",1,26,14,"",0,0,0,0,0,0,0,0,0,0,0,0,0,0,0,0,0,0,0,0,0,394.805,0,83.1379,-477.943
"MtrElec",1,26,15,"",0,0,0,0,0,0,0,0,0,0,0,0,0,0,0,0,0,0,0,0,0,400.964,0,52.7632,-453.727
"MtrElec",1,26,16,"",105.618,0,0,0,0,0,0,0,0,0,0,0,0,0,0,0,0,0,0,0,0,428.633,0,0,-323.015
"MtrElec",1,26,17,"",317.163,0,0,0,0,0,0,0,0,0,0,0,0,0,0,0,0,0,0,0,0,443.797,0,0,-126.634
"MtrElec",1,26,18,"",455.774,0,0,0,0,0,0,0,0,0,0,0,0,0,0,0,0,0,0,0,0,457.131,0,0,-1.35698
"MtrElec",1,26,19,"",176.949,0,0,0,0,0,0,0,0,0,0,0,0,0,0,0,0,0,0,0,0,400.166,0,-223.217,0
"MtrElec",1,26,20,"",442.646,0,0,0,0,0,0,0,0,0,0,0,0,0,0,0,0,0,0,0,0,467.357,0,-24.7114,0
"MtrElec",1,26,21,"",426.958,0,0,0,0,0,0,0,0,0,0,0,0,0,0,0,0,0,0,0,0,426.958,0,0,0
"MtrElec",1,26,22,"",281.447,0,0,0,0,0,0,0,0,0,0,0,0,0,0,0,0,0,0,0,0,281.447,0,0,0
"MtrElec",1,26,23,"",259.016,0,0,0,0,0,0,0,0,0,0,0,0,0,0,0,0,0,0,0,0,259.016,0,0,0
"MtrElec",1,26,24,"",240.924,0,0,0,0,0,0,0,0,0,0,0,0,0,0,0,0,0,0,0,0,240.924,0,0,0
"MtrElec",1,27,1,"",161.266,0,0,0,0,0,0,0,0,0,0,0,0,0,0,0,0,0,0,0,0,161.266,0,0,0
"MtrElec",1,27,2,"",158.668,0,0,0,0,0,0,0,0,0,0,0,0,0,0,0,0,0,0,0,0,158.668,0,0,0
"MtrElec",1,27,3,"",150.907,0,0,0,0,0,0,0,0,0,0,0,0,0,0,0,0,0,0,0,0,150.907,0,0,0
"MtrElec",1,27,4,"",158.546,0,0,0,0,0,0,0,0,0,0,0,0,0,0,0,0,0,0,0,0,158.546,0,0,0
"MtrElec",1,27,5,"",155.444,0,0,0,0,0,0,0,0,0,0,0,0,0,0,0,0,0,0,0,0,155.444,0,0,0
"MtrElec",1,27,6,"",176.84,0,0,0,0,0,0,0,0,0,0,0,0,0,0,0,0,0,0,0,0,176.84,0,0,0
"MtrElec",1,27,7,"",271.892,0,0,0,0,0,0,0,0,0,0,0,0,0,0,0,0,0,0,0,0,271.892,0,0,0
"MtrElec",1,27,8,"",191.317,0,0,0,0,0,0,0,0,0,0,0,0,0,0,0,0,0,0,0,0,302.183,0,0,-110.866
"MtrElec",1,27,9,"",36.8166,0,0,0,0,0,0,0,0,0,0,0,0,0,0,0,0,0,0,0,0,351.635,0,0,-314.818
"MtrElec",1,27,10,"",-6.60084,0,0,0,0,0,0,0,0,0,0,0,0,0,0,0,0,0,0,0,0,453.804,0,0,-460.405
"MtrElec",1,27,11,"",0.0000078,0,0,0,0,0,0,0,0,0,0,0,0,0,0,0,0,0,0,0,0,434.198,0,126.489,-560.687
"MtrElec",1,27,12,"",0.0000156,0,0,0,0,0,0,0,0,0,0,0,0,0,0,0,0,0,0,0,0,429.227,0,176.767,-605.994
"MtrElec",1,27,13,"",0,0,0,0,0,0,0,0,0,0,0,0,0,0,0,0,0,0,0,0,0,425.071,0,180.534,-605.605
"MtrElec",1,27,14,"",0,0,0,0,0,0,0,0,0,0,0,0,0,0,0,0,0,0,0,0,0,418.53,0,138.702,-557.232
"MtrElec",1,27,15,"",0,0,0,0,0,0,0,0,0,0,0,0,0,0,0,0,0,0,0,0,0,393.481,0,66.6917,-460.173
"MtrElec",1,27,16,"",118.788,0,0,0,0,0,0,0,0,0,0,0,0,0,0,0,0,0,0,0,0,442.155,0,0,-323.367
"MtrElec",1,27,17,"",326.076,0,0,0,0,0,0,0,0,0,0,0,0,0,0,0,0,0,0,0,0,453.374,0,0,-127.299
"MtrElec",1,27,18,"",427.771,0,0,0,0,0,0,0,0,0,0,0,0,0,0,0,0,0,0,0,0,429.223,0,0,-1.45208
"MtrElec",1,27,19,"",199.851,0,0,0,0,0,0,0,0,0,0,0,0,0,0,0,0,0,0,0,0,423.068,0,-223.217,0
"MtrElec",1,27,20,"",187.833,0,0,0,0,0,0,0,0,0,0,0,0,0,0,0,0,0,0,0,0,411.05,0,-223.217,0
"MtrElec",1,27,21,"",270.213,0,0,0,0,0,0,0,0,0,0,0,0,0,0,0,0,0,0,0,0,445.769,0,-175.556,0
"MtrElec",1,27,22,"",299.239,0,0,0,0,0,0,0,0,0,0,0,0,0,0,0,0,0,0,0,0,299.239,0,0,0
"MtrElec",1,27,23,"",312.014,0,0,0,0,0,0,0,0,0,0,0,0,0,0,0,0,0,0,0,0,312.014,0,0,0
"MtrElec",1,27,24,"",222.126,0,0,0,0,0,0,0,0,0,0,0,0,0,0,0,0,0,0,0,0,222.126,0,0,0
"MtrElec",1,28,1,"",174.917,0,0,0,0,0,0,0,0,0,0,0,0,0,0,0,0,0,0,0,0,174.917,0,0,0
"MtrElec",1,28,2,"",157.412,0,0,0,0,0,0,0,0,0,0,0,0,0,0,0,0,0,0,0,0,157.412,0,0,0
"MtrElec",1,28,3,"",153.906,0,0,0,0,0,0,0,0,0,0,0,0,0,0,0,0,0,0,0,0,153.906,0,0,0
"MtrElec",1,28,4,"",155.404,0,0,0,0,0,0,0,0,0,0,0,0,0,0,0,0,0,0,0,0,155.404,0,0,0
"MtrElec",1,28,5,"",148.688,0,0,0,0,0,0,0,0,0,0,0,0,0,0,0,0,0,0,0,0,148.688,0,0,0
"MtrElec",1,28,6,"",176.179,0,0,0,0,0,0,0,0,0,0,0,0,0,0,0,0,0,0,0,0,176.179,0,0,0
"MtrElec",1,28,7,"",270.729,0,0,0,0,0,0,0,0,0,0,0,0,0,0,0,0,0,0,0,0,270.729,0,0,0
"MtrElec",1,28,8,"",189.117,0,0,0,0,0,0,0,0,0,0,0,0,0,0,0,0,0,0,0,0,297.662,0,0,-108.545
"MtrElec",1,28,9,"",31.0152,0,0,0,0,0,0,0,0,0,0,0,0,0,0,0,0,0,0,0,0,346.076,0,0,-315.061
"MtrElec",1,28,10,"",-20.8336,0,0,0,0,0,0,0,0,0,0,0,0,0,0,0,0,0,0,0,0,449.464,0,0,-470.298
"MtrElec",1,28,11,"",0,0,0,0,0,0,0,0,0,0,0,0,0,0,0,0,0,0,0,0,0,433.731,0,139.12,-572.851
"MtrElec",1,28,12,"",0,0,0,0,0,0,0,0,0,0,0,0,0,0,0,0,0,0,0,0,0,445.561,0,168.632,-614.193
"MtrElec",1,28,13,"",0,0,0,0,0,0,0,0,0,0,0,0,0,0,0,0,0,0,0,0,0,436.413,0,167.314,-603.727
"MtrElec",1,28,14,"",0,0,0,0,0,0,0,0,0,0,0,0,0,0,0,0,0,0,0,0,0,401.466,0,155.151,-556.617
"MtrElec",1,28,15,"",0,0,0,0,0,0,0,0,0,0,0,0,0,0,0,0,0,0,0,0,0,383.681,0,80.2012,-463.883
"MtrElec",1,28,16,"",96.7313,0,0,0,0,0,0,0,0,0,0,0,0,0,0,0,0,0,0,0,0,419.68,0,0,-322.948
"MtrElec",1,28,17,"",287.74,0,0,0,0,0,0,0,0,0,0,0,0,0,0,0,0,0,0,0,0,418.482,0,0,-130.742
"MtrElec",1,28,18,"",419.706,0,0,0,0,0,0,0,0,0,0,0,0,0,0,0,0,0,0,0,0,422.894,0,0,-3.18779
"MtrElec",1,28,19,"",179.467,0,0,0,0,0,0,0,0,0,0,0,0,0,0,0,0,0,0,0,0,402.684,0,-223.217,0
"MtrElec",1,28,20,"",168.132,0,0,0,0,0,0,0,0,0,0,0,0,0,0,0,0,0,0,0,0,391.349,0,-223.217,0
"MtrElec",1,28,21,"",233.641,0,0,0,0,0,0,0,0,0,0,0,0,0,0,0,0,0,0,0,0,428.36,0,-194.719,0
"MtrElec",1,28,22,"",281.52,0,0,0,0,0,0,0,0,0,0,0,0,0,0,0,0,0,0,0,0,281.52,0,0,0
"MtrElec",1,28,23,"",273.803,0,0,0,0,0,0,0,0,0,0,0,0,0,0,0,0,0,0,0,0,273.803,0,0,0
"MtrElec",1,28,24,"",197.147,0,0,0,0,0,0,0,0,0,0,0,0,0,0,0,0,0,0,0,0,197.147,0,0,0
"MtrElec",1,29,1,"",171.025,0,0,0,0,0,0,0,0,0,0,0,0,0,0,0,0,0,0,0,0,171.025,0,0,0
"MtrElec",1,29,2,"",157.272,0,0,0,0,0,0,0,0,0,0,0,0,0,0,0,0,0,0,0,0,157.272,0,0,0
"MtrElec",1,29,3,"",199.881,0,0,0,0,0,0,0,0,0,0,0,0,0,0,0,0,0,0,0,0,199.881,0,0,0
"MtrElec",1,29,4,"",176.285,0,0,0,0,0,0,0,0,0,0,0,0,0,0,0,0,0,0,0,0,176.285,0,0,0
"MtrElec",1,29,5,"",156.466,0,0,0,0,0,0,0,0,0,0,0,0,0,0,0,0,0,0,0,0,156.466,0,0,0
"MtrElec",1,29,6,"",165.492,0,0,0,0,0,0,0,0,0,0,0,0,0,0,0,0,0,0,0,0,165.492,0,0,0
"MtrElec",1,29,7,"",275.205,0,0,0,0,0,0,0,0,0,0,0,0,0,0,0,0,0,0,0,0,275.205,0,0,0
"MtrElec",1,29,8,"",206.708,0,0,0,0,0,0,0,0,0,0,0,0,0,0,0,0,0,0,0,0,312.467,0,0,-105.759
"MtrElec",1,29,9,"",55.9468,0,0,0,0,0,0,0,0,0,0,0,0,0,0,0,0,0,0,0,0,369.961,0,0,-314.015
"MtrElec",1,29,10,"",-50.2575,0,0,0,0,0,0,0,0,0,0,0,0,0,0,0,0,0,0,0,0,419.482,0,0,-469.739
"MtrElec",1,29,11,"",0,0,0,0,0,0,0,0,0,0,0,0,0,0,0,0,0,0,0,0,0,425.866,0,148.324,-574.189
"MtrElec",1,29,12,"",0,0,0,0,0,0,0,0,0,0,0,0,0,0,0,0,0,0,0,0,0,435.198,0,184.215,-619.413
"MtrElec",1,29,13,"",0,0,0,0,0,0,0,0,0,0,0,0,0,0,0,0,0,0,0,0,0,468.773,0,155.266,-624.04
"MtrElec",1,29,14,"",0.0000156,0,0,0,0,0,0,0,0,0,0,0,0,0,0,0,0,0,0,0,0,373.95,0,206.761,-580.711
"MtrElec",1,29,15,"",-41.0638,0,0,0,0,0,0,0,0,0,0,0,0,0,0,0,0,0,0,0,0,333.053,0,104.316,-478.433
"MtrElec",1,29,16,"",123.009,0,0,0,0,0,0,0,0,0,0,0,0,0,0,0,0,0,0,0,0,407.894,0,0,-284.885
"MtrElec",1,29,17,"",319.048,0,0,0,0,0,0,0,0,0,0,0,0,0,0,0,0,0,0,0,0,377.195,0,0,-58.1465
"MtrElec",1,29,18,"",446.728,0,0,0,0,0,0,0,0,0,0,0,0,0,0,0,0,0,0,0,0,446.728,0,0,0
"MtrElec",1,29,19,"",161.55,0,0,0,0,0,0,0,0,0,0,0,0,0,0,0,0,0,0,0,0,384.767,0,-223.217,0
"MtrElec",1,29,20,"",171.895,0,0,0,0,0,0,0,0,0,0,0,0,0,0,0,0,0,0,0,0,395.112,0,-223.217,0
"MtrElec",1,29,21,"",246.59,0,0,0,0,0,0,0,0,0,0,0,0,0,0,0,0,0,0,0,0,469.807,0,-223.217,0
"MtrElec",1,29,22,"",234.576,0,0,0,0,0,0,0,0,0,0,0,0,0,0,0,0,0,0,0,0,285.916,0,-51.3398,0
"MtrElec",1,29,23,"",281.219,0,0,0,0,0,0,0,0,0,0,0,0,0,0,0,0,0,0,0,0,281.219,0,0,0
"MtrElec",1,29,24,"",186.584,0,0,0,0,0,0,0,0,0,0,0,0,0,0,0,0,0,0,0,0,186.584,0,0,0
"MtrElec",1,30,1,"",159.467,0,0,0,0,0,0,0,0,0,0,0,0,0,0,0,0,0,0,0,0,159.467,0,0,0
"MtrElec",1,30,2,"",157.572,0,0,0,0,0,0,0,0,0,0,0,0,0,0,0,0,0,0,0,0,157.572,0,0,0
"MtrElec",1,30,3,"",151.815,0,0,0,0,0,0,0,0,0,0,0,0,0,0,0,0,0,0,0,0,151.815,0,0,0
"MtrElec",1,30,4,"",158.817,0,0,0,0,0,0,0,0,0,0,0,0,0,0,0,0,0,0,0,0,158.817,0,0,0
"MtrElec",1,30,5,"",187.201,0,0,0,0,0,0,0,0,0,0,0,0,0,0,0,0,0,0,0,0,187.201,0,0,0
"MtrElec",1,30,6,"",160.915,0,0,0,0,0,0,0,0,0,0,0,0,0,0,0,0,0,0,0,0,160.915,0,0,0
"MtrElec",1,30,7,"",265.169,0,0,0,0,0,0,0,0,0,0,0,0,0,0,0,0,0,0,0,0,265.169,0,0,0
"MtrElec",1,30,8,"",296.29,0,0,0,0,0,0,0,0,0,0,0,0,0,0,0,0,0,0,0,0,299.07,0,0,-2.77998
"MtrElec",1,30,9,"",303.75,0,0,0,0,0,0,0,0,0,0,0,0,0,0,0,0,0,0,0,0,368.832,0,0,-65.082
"MtrElec",1,30,10,"",366.404,0,0,0,0,0,0,0,0,0,0,0,0,0,0,0,0,0,0,0,0,445.11,0,0,-78.7066
"MtrElec",1,30,11,"",362.941,0,0,0,0,0,0,0,0,0,0,0,0,0,0,0,0,0,0,0,0,391.942,0,0,-29.0015
"MtrElec",1,30,12,"",283.891,0,0,0,0,0,0,0,0,0,0,0,0,0,0,0,0,0,0,0,0,432.827,0,0,-148.935
"MtrElec",1,30,13,"",323.93,0,0,0,0,0,0,0,0,0,0,0,0,0,0,0,0,0,0,0,0,412.705,0,0,-88.7748
"MtrElec",1,30,14,"",289.691,0,0,0,0,0,0,0,0,0,0,0,0,0,0,0,0,0,0,0,0,364.894,0,0,-75.2034
"MtrElec",1,30,15,"",232.818,0,0,0,0,0,0,0,0,0,0,0,0,0,0,0,0,0,0,0,0,319.174,0,0,-86.3553
"MtrElec",1,30,16,"",161.158,0,0,0,0,0,0,0,0,0,0,0,0,0,0,0,0,0,0,0,0,364.256,0,0,-203.098
"MtrElec",1,30,17,"",281.424,0,0,0,0,0,0,0,0,0,0,0,0,0,0,0,0,0,0,0,0,351.283,0,0,-69.8591
"MtrElec",1,30,18,"",445.697,0,0,0,0,0,0,0,0,0,0,0,0,0,0,0,0,0,0,0,0,449.13,0,0,-3.43238
"MtrElec",1,30,19,"",389.953,0,0,0,0,0,0,0,0,0,0,0,0,0,0,0,0,0,0,0,0,389.953,0,0,0
"MtrElec",1,30,20,"",400.916,0,0,0,0,0,0,0,0,0,0,0,0,0,0,0,0,0,0,0,0,400.916,0,0,0
"MtrElec",1,30,21,"",426.204,0,0,0,0,0,0,0,0,0,0,0,0,0,0,0,0,0,0,0,0,426.204,0,0,0
"MtrElec",1,30,22,"",317.674,0,0,0,0,0,0,0,0,0,0,0,0,0,0,0,0,0,0,0,0,317.674,0,0,0
"MtrElec",1,30,23,"",288.51,0,0,0,0,0,0,0,0,0,0,0,0,0,0,0,0,0,0,0,0,288.51,0,0,0
"MtrElec",1,30,24,"",201.379,0,0,0,0,0,0,0,0,0,0,0,0,0,0,0,0,0,0,0,0,201.379,0,0,0
"MtrElec",1,31,1,"",171.89,0,0,0,0,0,0,0,0,0,0,0,0,0,0,0,0,0,0,0,0,171.89,0,0,0
"MtrElec",1,31,2,"",164.299,0,0,0,0,0,0,0,0,0,0,0,0,0,0,0,0,0,0,0,0,164.299,0,0,0
"MtrElec",1,31,3,"",164.574,0,0,0,0,0,0,0,0,0,0,0,0,0,0,0,0,0,0,0,0,164.574,0,0,0
"MtrElec",1,31,4,"",164.396,0,0,0,0,0,0,0,0,0,0,0,0,0,0,0,0,0,0,0,0,164.396,0,0,0
"MtrElec",1,31,5,"",163.45,0,0,0,0,0,0,0,0,0,0,0,0,0,0,0,0,0,0,0,0,163.45,0,0,0
"MtrElec",1,31,6,"",170.5,0,0,0,0,0,0,0,0,0,0,0,0,0,0,0,0,0,0,0,0,170.5,0,0,0
"MtrElec",1,31,7,"",235.579,0,0,0,0,0,0,0,0,0,0,0,0,0,0,0,0,0,0,0,0,235.579,0,0,0
"MtrElec",1,31,8,"",134.883,0,0,0,0,0,0,0,0,0,0,0,0,0,0,0,0,0,0,0,0,248.172,0,0,-113.289
"MtrElec",1,31,9,"",-6.92172,0,0,0,0,0,0,0,0,0,0,0,0,0,0,0,0,0,0,0,0,315.044,0,0,-321.966
"MtrElec",1,31,10,"",-122.937,0,0,0,0,0,0,0,0,0,0,0,0,0,0,0,0,0,0,0,0,356.436,0,0,-479.372
"MtrElec",1,31,11,"",0.0000078,0,0,0,0,0,0,0,0,0,0,0,0,0,0,0,0,0,0,0,0,474.704,0,82.3796,-557.083
"MtrElec",1,31,12,"",0.0000078,0,0,0,0,0,0,0,0,0,0,0,0,0,0,0,0,0,0,0,0,490.014,0,123.26,-613.274
"MtrElec",1,31,13,"",-52.7286,0,0,0,0,0,0,0,0,0,0,0,0,0,0,0,0,0,0,0,0,356.968,0,223.217,-632.913
"MtrElec",1,31,14,"",0.0000156,0,0,0,0,0,0,0,0,0,0,0,0,0,0,0,0,0,0,0,0,426.156,0,156.678,-582.834
"MtrElec",1,31,15,"",0,0,0,0,0,0,0,0,0,0,0,0,0,0,0,0,0,0,0,0,0,424.102,0,61.5245,-485.626
"MtrElec",1,31,16,"",98.4184,0,0,0,0,0,0,0,0,0,0,0,0,0,0,0,0,0,0,0,0,427.138,0,0,-328.72
"MtrElec",1,31,17,"",223.306,0,0,0,0,0,0,0,0,0,0,0,0,0,0,0,0,0,0,0,0,360.363,0,0,-137.057
"MtrElec",1,31,18,"",456.635,0,0,0,0,0,0,0,0,0,0,0,0,0,0,0,0,0,0,0,0,461.898,0,0,-5.26272
"MtrElec",1,31,19,"",185.551,0,0,0,0,0,0,0,0,0,0,0,0,0,0,0,0,0,0,0,0,408.768,0,-223.217,0
"MtrElec",1,31,20,"",130.045,0,0,0,0,0,0,0,0,0,0,0,0,0,0,0,0,0,0,0,0,353.262,0,-223.217,0
"MtrElec",1,31,21,"",190.047,0,0,0,0,0,0,0,0,0,0,0,0,0,0,0,0,0,0,0,0,327.584,0,-137.538,0
"MtrElec",1,31,22,"",282.542,0,0,0,0,0,0,0,0,0,0,0,0,0,0,0,0,0,0,0,0,282.542,0,0,0
"MtrElec",1,31,23,"",252.503,0,0,0,0,0,0,0,0,0,0,0,0,0,0,0,0,0,0,0,0,252.503,0,0,0
"MtrElec",1,31,24,"",234.177,0,0,0,0,0,0,0,0,0,0,0,0,0,0,0,0,0,0,0,0,234.177,0,0,0
"MtrElec",2,1,1,"",170.275,0,0,0,0,0,0,0,0,0,0,0,0,0,0,0,0,0,0,0,0,170.275,0,0,0
"MtrElec",2,1,2,"",162.878,0,0,0,0,0,0,0,0,0,0,0,0,0,0,0,0,0,0,0,0,162.878,0,0,0
"MtrElec",2,1,3,"",162.232,0,0,0,0,0,0,0,0,0,0,0,0,0,0,0,0,0,0,0,0,162.232,0,0,0
"MtrElec",2,1,4,"",201.883,0,0,0,0,0,0,0,0,0,0,0,0,0,0,0,0,0,0,0,0,201.883,0,0,0
"MtrElec",2,1,5,"",193.483,0,0,0,0,0,0,0,0,0,0,0,0,0,0,0,0,0,0,0,0,193.483,0,0,0
"MtrElec",2,1,6,"",170.252,0,0,0,0,0,0,0,0,0,0,0,0,0,0,0,0,0,0,0,0,170.252,0,0,0
"MtrElec",2,1,7,"",175.839,0,0,0,0,0,0,0,0,0,0,0,0,0,0,0,0,0,0,0,0,175.839,0,0,0
"MtrElec",2,1,8,"",122.919,0,0,0,0,0,0,0,0,0,0,0,0,0,0,0,0,0,0,0,0,228.608,0,0,-105.689
"MtrElec",2,1,9,"",-9.67119,0,0,0,0,0,0,0,0,0,0,0,0,0,0,0,0,0,0,0,0,298.825,0,0,-308.496
"MtrElec",2,1,10,"",-177.906,0,0,0,0,0,0,0,0,0,0,0,0,0,0,0,0,0,0,0,0,292.766,0,0,-470.672
"MtrElec",2,1,11,"",-6.56672,0,0,0,0,0,0,0,0,0,0,0,0,0,0,0,0,0,0,0,0,352.774,0,223.217,-582.558
"MtrElec",2,1,12,"",-85.3768,0,0,0,0,0,0,0,0,0,0,0,0,0,0,0,0,0,0,0,0,327.485,0,223.217,-636.079
"MtrElec",2,1,13,"",-24.3067,0,0,0,0,0,0,0,0,0,0,0,0,0,0,0,0,0,0,0,0,384.773,0,223.217,-632.297
"MtrElec",2,1,14,"",-143.768,0,0,0,0,0,0,0,0,0,0,0,0,0,0,0,0,0,0,0,0,298.527,0,129.231,-571.525
"MtrElec",2,1,15,"",-124.376,0,0,0,0,0,0,0,0,0,0,0,0,0,0,0,0,0,0,0,0,353.023,0,0,-477.4
"MtrElec",2,1,16,"",-24.2738,0,0,0,0,0,0,0,0,0,0,0,0,0,0,0,0,0,0,0,0,300.392,0,0,-324.666
"MtrElec",2,1,17,"",174.647,0,0,0,0,0,0,0,0,0,0,0,0,0,0,0,0,0,0,0,0,302.127,0,0,-127.48
"MtrElec",2,1,18,"",302.832,0,0,0,0,0,0,0,0,0,0,0,0,0,0,0,0,0,0,0,0,305.943,0,0,-3.11118
"MtrElec",2,1,19,"",140.671,0,0,0,0,0,0,0,0,0,0,0,0,0,0,0,0,0,0,0,0,363.888,0,-223.217,0
"MtrElec",2,1,20,"",50.546,0,0,0,0,0,0,0,0,0,0,0,0,0,0,0,0,0,0,0,0,273.763,0,-223.217,0
"MtrElec",2,1,21,"",93.5492,0,0,0,0,0,0,0,0,0,0,0,0,0,0,0,0,0,0,0,0,316.766,0,-223.217,0
"MtrElec",2,1,22,"",216.992,0,0,0,0,0,0,0,0,0,0,0,0,0,0,0,0,0,0,0,0,268.332,0,-51.3398,0
"MtrElec",2,1,23,"",273.226,0,0,0,0,0,0,0,0,0,0,0,0,0,0,0,0,0,0,0,0,273.226,0,0,0
"MtrElec",2,1,24,"",201.125,0,0,0,0,0,0,0,0,0,0,0,0,0,0,0,0,0,0,0,0,201.125,0,0,0
"MtrElec",2,2,1,"",165.097,0,0,0,0,0,0,0,0,0,0,0,0,0,0,0,0,0,0,0,0,165.097,0,0,0
"MtrElec",2,2,2,"",154.987,0,0,0,0,0,0,0,0,0,0,0,0,0,0,0,0,0,0,0,0,154.987,0,0,0
"MtrElec",2,2,3,"",150.27,0,0,0,0,0,0,0,0,0,0,0,0,0,0,0,0,0,0,0,0,150.27,0,0,0
"MtrElec",2,2,4,"",153.16,0,0,0,0,0,0,0,0,0,0,0,0,0,0,0,0,0,0,0,0,153.16,0,0,0
"MtrElec",2,2,5,"",157.309,0,0,0,0,0,0,0,0,0,0,0,0,0,0,0,0,0,0,0,0,157.309,0,0,0
"MtrElec",2,2,6,"",228.662,0,0,0,0,0,0,0,0,0,0,0,0,0,0,0,0,0,0,0,0,228.662,0,0,0
"MtrElec",2,2,7,"",275.564,0,0,0,0,0,0,0,0,0,0,0,0,0,0,0,0,0,0,0,0,275.564,0,0,0
"MtrElec",2,2,8,"",231.87,0,0,0,0,0,0,0,0,0,0,0,0,0,0,0,0,0,0,0,0,318.25,0,0,-86.38
"MtrElec",2,2,9,"",173.221,0,0,0,0,0,0,0,0,0,0,0,0,0,0,0,0,0,0,0,0,356.323,0,0,-183.102
"MtrElec",2,2,10,"",104.761,0,0,0,0,0,0,0,0,0,0,0,0,0,0,0,0,0,0,0,0,432.857,0,0,-328.097
"MtrElec",2,2,11,"",0,0,0,0,0,0,0,0,0,0,0,0,0,0,0,0,0,0,0,0,0,372.285,0,36.1872,-408.472
"MtrElec",2,2,12,"",0.0000156,0,0,0,0,0,0,0,0,0,0,0,0,0,0,0,0,0,0,0,0,400.2,0,204.118,-604.317
"MtrElec",2,2,13,"",0.0000156,0,0,0,0,0,0,0,0,0,0,0,0,0,0,0,0,0,0,0,0,333.459,0,211.925,-545.384
"MtrElec",2,2,14,"",0,0,0,0,0,0,0,0,0,0,0,0,0,0,0,0,0,0,0,0,0,365.969,0,143.532,-509.501
"MtrElec",2,2,15,"",0,0,0,0,0,0,0,0,0,0,0,0,0,0,0,0,0,0,0,0,0,316.868,0,168.737,-485.605
"MtrElec",2,2,16,"",53.2864,0,0,0,0,0,0,0,0,0,0,0,0,0,0,0,0,0,0,0,0,381.832,0,0,-328.546
"MtrElec",2,2,17,"",234.468,0,0,0,0,0,0,0,0,0,0,0,0,0,0,0,0,0,0,0,0,368.811,0,0,-134.343
"MtrElec",2,2,18,"",422.362,0,0,0,0,0,0,0,0,0,0,0,0,0,0,0,0,0,0,0,0,427.115,0,0,-4.75277
"MtrElec",2,2,19,"",167.958,0,0,0,0,0,0,0,0,0,0,0,0,0,0,0,0,0,0,0,0,391.175,0,-223.217,0
"MtrElec",2,2,20,"",229.045,0,0,0,0,0,0,0,0,0,0,0,0,0,0,0,0,0,0,0,0,452.262,0,-223.217,0
"MtrElec",2,2,21,"",200.687,0,0,0,0,0,0,0,0,0,0,0,0,0,0,0,0,0,0,0,0,423.904,0,-223.217,0
"MtrElec",2,2,22,"",298.204,0,0,0,0,0,0,0,0,0,0,0,0,0,0,0,0,0,0,0,0,318.513,0,-20.309,0
"MtrElec",2,2,23,"",328.809,0,0,0,0,0,0,0,0,0,0,0,0,0,0,0,0,0,0,0,0,328.809,0,0,0
"MtrElec",2,2,24,"",249.113,0,0,0,0,0,0,0,0,0,0,0,0,0,0,0,0,0,0,0,0,249.113,0,0,0
"MtrElec",2,3,1,"",171.664,0,0,0,0,0,0,0,0,0,0,0,0,0,0,0,0,0,0,0,0,171.664,0,0,0
"MtrElec",2,3,2,"",157.367,0,0,0,0,0,0,0,0,0,0,0,0,0,0,0,0,0,0,0,0,157.367,0,0,0
"MtrElec",2,3,3,"",159.369,0,0,0,0,0,0,0,0,0,0,0,0,0,0,0,0,0,0,0,0,159.369,0,0,0
"MtrElec",2,3,4,"",161.64,0,0,0,0,0,0,0,0,0,0,0,0,0,0,0,0,0,0,0,0,161.64,0,0,0
"MtrElec",2,3,5,"",156.216,0,0,0,0,0,0,0,0,0,0,0,0,0,0,0,0,0,0,0,0,156.216,0,0,0
"MtrElec",2,3,6,"",180.937,0,0,0,0,0,0,0,0,0,0,0,0,0,0,0,0,0,0,0,0,180.937,0,0,0
"MtrElec",2,3,7,"",270.907,0,0,0,0,0,0,0,0,0,0,0,0,0,0,0,0,0,0,0,0,270.907,0,0,0
"MtrElec",2,3,8,"",291.68,0,0,0,0,0,0,0,0,0,0,0,0,0,0,0,0,0,0,0,0,302.902,0,0,-11.2221
"MtrElec",2,3,9,"",328.872,0,0,0,0,0,0,0,0,0,0,0,0,0,0,0,0,0,0,0,0,364.376,0,0,-35.5033
"MtrElec",2,3,10,"",362.215,0,0,0,0,0,0,0,0,0,0,0,0,0,0,0,0,0,0,0,0,415.797,0,0,-53.5821
"MtrElec",2,3,11,"",335.791,0,0,0,0,0,0,0,0,0,0,0,0,0,0,0,0,0,0,0,0,446.455,0,0,-110.663
"MtrElec",2,3,12,"",274.211,0,0,0,0,0,0,0,0,0,0,0,0,0,0,0,0,0,0,0,0,446.161,0,0,-171.951
"MtrElec",2,3,13,"",370.951,0,0,0,0,0,0,0,0,0,0,0,0,0,0,0,0,0,0,0,0,486.373,0,0,-115.422
"MtrElec",2,3,14,"",111.493,0,0,0,0,0,0,0,0,0,0,0,0,0,0,0,0,0,0,0,0,355.159,0,0,-243.667
"MtrElec",2,3,15,"",0,0,0,0,0,0,0,0,0,0,0,0,0,0,0,0,0,0,0,0,0,343.005,0,3.71216,-346.718
"MtrElec",2,3,16,"",44.2904,0,0,0,0,0,0,0,0,0,0,0,0,0,0,0,0,0,0,0,0,390.359,0,0,-346.069
"MtrElec",2,3,17,"",278.296,0,0,0,0,0,0,0,0,0,0,0,0,0,0,0,0,0,0,0,0,371.425,0,0,-93.1292
"MtrElec",2,3,18,"",433.089,0,0,0,0,0,0,0,0,0,0,0,0,0,0,0,0,0,0,0,0,438.364,0,0,-5.27586
"MtrElec",2,3,19,"",392.639,0,0,0,0,0,0,0,0,0,0,0,0,0,0,0,0,0,0,0,0,395.989,0,-3.35022,0
"MtrElec",2,3,20,"",443.565,0,0,0,0,0,0,0,0,0,0,0,0,0,0,0,0,0,0,0,0,443.565,0,0,0
"MtrElec",2,3,21,"",367.972,0,0,0,0,0,0,0,0,0,0,0,0,0,0,0,0,0,0,0,0,367.972,0,0,0
"MtrElec",2,3,22,"",324.511,0,0,0,0,0,0,0,0,0,0,0,0,0,0,0,0,0,0,0,0,324.511,0,0,0
"MtrElec",2,3,23,"",264.506,0,0,0,0,0,0,0,0,0,0,0,0,0,0,0,0,0,0,0,0,264.506,0,0,0
"MtrElec",2,3,24,"",258.056,0,0,0,0,0,0,0,0,0,0,0,0,0,0,0,0,0,0,0,0,258.056,0,0,0
"MtrElec",2,4,1,"",184.172,0,0,0,0,0,0,0,0,0,0,0,0,0,0,0,0,0,0,0,0,184.172,0,0,0
"MtrElec",2,4,2,"",170.556,0,0,0,0,0,0,0,0,0,0,0,0,0,0,0,0,0,0,0,0,170.556,0,0,0
"MtrElec",2,4,3,"",165.154,0,0,0,0,0,0,0,0,0,0,0,0,0,0,0,0,0,0,0,0,165.154,0,0,0
"MtrElec",2,4,4,"",161.677,0,0,0,0,0,0,0,0,0,0,0,0,0,0,0,0,0,0,0,0,161.677,0,0,0
"MtrElec",2,4,5,"",156.841,0,0,0,0,0,0,0,0,0,0,0,0,0,0,0,0,0,0,0,0,156.841,0,0,0
"MtrElec",2,4,6,"",180.707,0,0,0,0,0,0,0,0,0,0,0,0,0,0,0,0,0,0,0,0,180.707,0,0,0
"MtrElec",2,4,7,"",281.415,0,0,0,0,0,0,0,0,0,0,0,0,0,0,0,0,0,0,0,0,281.415,0,0,0
"MtrElec",2,4,8,"",184.234,0,0,0,0,0,0,0,0,0,0,0,0,0,0,0,0,0,0,0,0,306.821,0,0,-122.587
"MtrElec",2,4,9,"",28.5286,0,0,0,0,0,0,0,0,0,0,0,0,0,0,0,0,0,0,0,0,351.771,0,0,-323.243
"MtrElec",2,4,10,"",-75.6425,0,0,0,0,0,0,0,0,0,0,0,0,0,0,0,0,0,0,0,0,412.477,0,0,-488.119
"MtrElec",2,4,11,"",0,0,0,0,0,0,0,0,0,0,0,0,0,0,0,0,0,0,0,0,0,380.935,0,212.84,-593.775
"MtrElec",2,4,12,"",-3.20591,0,0,0,0,0,0,0,0,0,0,0,0,0,0,0,0,0,0,0,0,423.682,0,223.217,-650.105
"MtrElec",2,4,13,"",-61.9158,0,0,0,0,0,0,0,0,0,0,0,0,0,0,0,0,0,0,0,0,368.071,0,223.217,-653.204
"MtrElec",2,4,14,"",-108.088,0,0,0,0,0,0,0,0,0,0,0,0,0,0,0,0,0,0,0,0,357.446,0,139.607,-605.141
"MtrElec",2,4,15,"",-161.878,0,0,0,0,0,0,0,0,0,0,0,0,0,0,0,0,0,0,0,0,343.527,0,0,-505.405
"MtrElec",2,4,16,"",40.9425,0,0,0,0,0,0,0,0,0,0,0,0,0,0,0,0,0,0,0,0,391.304,0,0,-350.362
"MtrElec",2,4,17,"",240.33,0,0,0,0,0,0,0,0,0,0,0,0,0,0,0,0,0,0,0,0,391.663,0,0,-151.332
"MtrElec",2,4,18,"",425.717,0,0,0,0,0,0,0,0,0,0,0,0,0,0,0,0,0,0,0,0,432.001,0,0,-6.28413
"MtrElec",2,4,19,"",156.803,0,0,0,0,0,0,0,0,0,0,0,0,0,0,0,0,0,0,0,0,380.02,0,-223.217,0
"MtrElec",2,4,20,"",155.07,0,0,0,0,0,0,0,0,0,0,0,0,0,0,0,0,0,0,0,0,378.287,0,-223.217,0
"MtrElec",2,4,21,"",196.166,0,0,0,0,0,0,0,0,0,0,0,0,0,0,0,0,0,0,0,0,419.383,0,-223.217,0
"MtrElec",2,4,22,"",255.571,0,0,0,0,0,0,0,0,0,0,0,0,0,0,0,0,0,0,0,0,306.91,0,-51.3398,0
"MtrElec",2,4,23,"",266.832,0,0,0,0,0,0,0,0,0,0,0,0,0,0,0,0,0,0,0,0,266.832,0,0,0
"MtrElec",2,4,24,"",204.859,0,0,0,0,0,0,0,0,0,0,0,0,0,0,0,0,0,0,0,0,204.859,0,0,0
"MtrElec",2,5,1,"",184.229,0,0,0,0,0,0,0,0,0,0,0,0,0,0,0,0,0,0,0,0,184.229,0,0,0
"MtrElec",2,5,2,"",165.908,0,0,0,0,0,0,0,0,0,0,0,0,0,0,0,0,0,0,0,0,165.908,0,0,0
"MtrElec",2,5,3,"",172.579,0,0,0,0,0,0,0,0,0,0,0,0,0,0,0,0,0,0,0,0,172.579,0,0,0
"MtrElec",2,5,4,"",217.662,0,0,0,0,0,0,0,0,0,0,0,0,0,0,0,0,0,0,0,0,217.662,0,0,0
"MtrElec",2,5,5,"",171.738,0,0,0,0,0,0,0,0,0,0,0,0,0,0,0,0,0,0,0,0,171.738,0,0,0
"MtrElec",2,5,6,"",176.258,0,0,0,0,0,0,0,0,0,0,0,0,0,0,0,0,0,0,0,0,176.258,0,0,0
"MtrElec",2,5,7,"",265.776,0,0,0,0,0,0,0,0,0,0,0,0,0,0,0,0,0,0,0,0,265.776,0,0,0
"MtrElec",2,5,8,"",180.9,0,0,0,0,0,0,0,0,0,0,0,0,0,0,0,0,0,0,0,0,315.806,0,0,-134.906
"MtrElec",2,5,9,"",31.551,0,0,0,0,0,0,0,0,0,0,0,0,0,0,0,0,0,0,0,0,371.37,0,0,-339.819
"MtrElec",2,5,10,"",-88.0577,0,0,0,0,0,0,0,0,0,0,0,0,0,0,0,0,0,0,0,0,405.519,0,0,-493.577
"MtrElec",2,5,11,"",-3.88534,0,0,0,0,0,0,0,0,0,0,0,0,0,0,0,0,0,0,0,0,368.095,0,223.217,-595.197
"MtrElec",2,5,12,"",-23.5365,0,0,0,0,0,0,0,0,0,0,0,0,0,0,0,0,0,0,0,0,397.19,0,223.217,-643.943
"MtrElec",2,5,13,"",-37.1629,0,0,0,0,0,0,0,0,0,0,0,0,0,0,0,0,0,0,0,0,383.142,0,223.217,-643.522
"MtrElec",2,5,14,"",-120.45,0,0,0,0,0,0,0,0,0,0,0,0,0,0,0,0,0,0,0,0,355.269,0,129.231,-604.949
"MtrElec",2,5,15,"",-171.348,0,0,0,0,0,0,0,0,0,0,0,0,0,0,0,0,0,0,0,0,342.115,0,0,-513.463
"MtrElec",2,5,16,"",29.2192,0,0,0,0,0,0,0,0,0,0,0,0,0,0,0,0,0,0,0,0,390.908,0,0,-361.689
"MtrElec",2,5,17,"",234.962,0,0,0,0,0,0,0,0,0,0,0,0,0,0,0,0,0,0,0,0,391.434,0,0,-156.472
"MtrElec",2,5,18,"",418.801,0,0,0,0,0,0,0,0,0,0,0,0,0,0,0,0,0,0,0,0,425.258,0,0,-6.45777
"MtrElec",2,5,19,"",158.721,0,0,0,0,0,0,0,0,0,0,0,0,0,0,0,0,0,0,0,0,381.938,0,-223.217,0
"MtrElec",2,5,20,"",163.409,0,0,0,0,0,0,0,0,0,0,0,0,0,0,0,0,0,0,0,0,386.626,0,-223.217,0
"MtrElec",2,5,21,"",230.929,0,0,0,0,0,0,0,0,0,0,0,0,0,0,0,0,0,0,0,0,454.146,0,-223.217,0
"MtrElec",2,5,22,"",245.847,0,0,0,0,0,0,0,0,0,0,0,0,0,0,0,0,0,0,0,0,297.186,0,-51.3398,0
"MtrElec",2,5,23,"",283.127,0,0,0,0,0,0,0,0,0,0,0,0,0,0,0,0,0,0,0,0,283.127,0,0,0
"MtrElec",2,5,24,"",201.206,0,0,0,0,0,0,0,0,0,0,0,0,0,0,0,0,0,0,0,0,201.206,0,0,0
"MtrElec",2,6,1,"",185.818,0,0,0,0,0,0,0,0,0,0,0,0,0,0,0,0,0,0,0,0,185.818,0,0,0
"MtrElec",2,6,2,"",168.818,0,0,0,0,0,0,0,0,0,0,0,0,0,0,0,0,0,0,0,0,168.818,0,0,0
"MtrElec",2,6,3,"",176.629,0,0,0,0,0,0,0,0,0,0,0,0,0,0,0,0,0,0,0,0,176.629,0,0,0
"MtrElec",2,6,4,"",231.755,0,0,0,0,0,0,0,0,0,0,0,0,0,0,0,0,0,0,0,0,231.755,0,0,0
"MtrElec",2,6,5,"",172.561,0,0,0,0,0,0,0,0,0,0,0,0,0,0,0,0,0,0,0,0,172.561,0,0,0
"MtrElec",2,6,6,"",176.702,0,0,0,0,0,0,0,0,0,0,0,0,0,0,0,0,0,0,0,0,176.702,0,0,0
"MtrElec",2,6,7,"",249.779,0,0,0,0,0,0,0,0,0,0,0,0,0,0,0,0,0,0,0,0,249.779,0,0,0
"MtrElec",2,6,8,"",222.063,0,0,0,0,0,0,0,0,0,0,0,0,0,0,0,0,0,0,0,0,312.085,0,0,-90.0216
"MtrElec",2,6,9,"",79.6098,0,0,0,0,0,0,0,0,0,0,0,0,0,0,0,0,0,0,0,0,341.446,0,0,-261.836
"MtrElec",2,6,10,"",-101.218,0,0,0,0,0,0,0,0,0,0,0,0,0,0,0,0,0,0,0,0,369.088,0,0,-470.305
"MtrElec",2,6,11,"",0.0000039,0,0,0,0,0,0,0,0,0,0,0,0,0,0,0,0,0,0,0,0,455.944,0,62.834,-518.778
"MtrElec",2,6,12,"",-23.6535,0,0,0,0,0,0,0,0,0,0,0,0,0,0,0,0,0,0,0,0,380.013,0,223.217,-626.884
"MtrElec",2,6,13,"",-73.3305,0,0,0,0,0,0,0,0,0,0,0,0,0,0,0,0,0,0,0,0,331.225,0,223.217,-627.772
"MtrElec",2,6,14,"",0,0,0,0,0,0,0,0,0,0,0,0,0,0,0,0,0,0,0,0,0,365.747,0,212.949,-578.696
"MtrElec",2,6,15,"",-72.111,0,0,0,0,0,0,0,0,0,0,0,0,0,0,0,0,0,0,0,0,343.572,0,76.6647,-492.347
"MtrElec",2,6,16,"",37.8037,0,0,0,0,0,0,0,0,0,0,0,0,0,0,0,0,0,0,0,0,382.405,0,0,-344.602
"MtrElec",2,6,17,"",224.737,0,0,0,0,0,0,0,0,0,0,0,0,0,0,0,0,0,0,0,0,369.19,0,0,-144.453
"MtrElec",2,6,18,"",456.21,0,0,0,0,0,0,0,0,0,0,0,0,0,0,0,0,0,0,0,0,462.369,0,0,-6.15899
"MtrElec",2,6,19,"",157.059,0,0,0,0,0,0,0,0,0,0,0,0,0,0,0,0,0,0,0,0,380.276,0,-223.217,0
"MtrElec",2,6,20,"",141.377,0,0,0,0,0,0,0,0,0,0,0,0,0,0,0,0,0,0,0,0,364.594,0,-223.217,0
"MtrElec",2,6,21,"",157.07,0,0,0,0,0,0,0,0,0,0,0,0,0,0,0,0,0,0,0,0,380.286,0,-223.217,0
"MtrElec",2,6,22,"",237.338,0,0,0,0,0,0,0,0,0,0,0,0,0,0,0,0,0,0,0,0,288.678,0,-51.3398,0
"MtrElec",2,6,23,"",261.542,0,0,0,0,0,0,0,0,0,0,0,0,0,0,0,0,0,0,0,0,261.542,0,0,0
"MtrElec",2,6,24,"",233.031,0,0,0,0,0,0,0,0,0,0,0,0,0,0,0,0,0,0,0,0,233.031,0,0,0
"MtrElec",2,7,1,"",229.121,0,0,0,0,0,0,0,0,0,0,0,0,0,0,0,0,0,0,0,0,229.121,0,0,0
"MtrElec",2,7,2,"",169.276,0,0,0,0,0,0,0,0,0,0,0,0,0,0,0,0,0,0,0,0,169.276,0,0,0
"MtrElec",2,7,3,"",167.414,0,0,0,0,0,0,0,0,0,0,0,0,0,0,0,0,0,0,0,0,167.414,0,0,0
"MtrElec",2,7,4,"",170.014,0,0,0,0,0,0,0,0,0,0,0,0,0,0,0,0,0,0,0,0,170.014,0,0,0
"MtrElec",2,7,5,"",174.544,0,0,0,0,0,0,0,0,0,0,0,0,0,0,0,0,0,0,0,0,174.544,0,0,0
"MtrElec",2,7,6,"",184.856,0,0,0,0,0,0,0,0,0,0,0,0,0,0,0,0,0,0,0,0,184.856,0,0,0
"MtrElec",2,7,7,"",202.63,0,0,0,0,0,0,0,0,0,0,0,0,0,0,0,0,0,0,0,0,202.63,0,0,0
"MtrElec",2,7,8,"",155.423,0,0,0,0,0,0,0,0,0,0,0,0,0,0,0,0,0,0,0,0,267.395,0,0,-111.972
"MtrElec",2,7,9,"",-10.6965,0,0,0,0,0,0,0,0,0,0,0,0,0,0,0,0,0,0,0,0,303.478,0,0,-314.175
"MtrElec",2,7,10,"",-91.9054,0,0,0,0,0,0,0,0,0,0,0,0,0,0,0,0,0,0,0,0,378.628,0,0,-470.534
"MtrElec",2,7,11,"",0,0,0,0,0,0,0,0,0,0,0,0,0,0,0,0,0,0,0,0,0,463.628,0,109.897,-573.525
"MtrElec",2,7,12,"",0,0,0,0,0,0,0,0,0,0,0,0,0,0,0,0,0,0,0,0,0,453.531,0,165.074,-618.605
"MtrElec",2,7,13,"",0,0,0,0,0,0,0,0,0,0,0,0,0,0,0,0,0,0,0,0,0,488.086,0,129.448,-617.534
"MtrElec",2,7,14,"",0,0,0,0,0,0,0,0,0,0,0,0,0,0,0,0,0,0,0,0,0,391.71,0,193.141,-584.851
"MtrElec",2,7,15,"",0,0,0,0,0,0,0,0,0,0,0,0,0,0,0,0,0,0,0,0,0,444.008,0,53.9922,-498
"MtrElec",2,7,16,"",48.2386,0,0,0,0,0,0,0,0,0,0,0,0,0,0,0,0,0,0,0,0,394.662,0,0,-346.423
"MtrElec",2,7,17,"",217.051,0,0,0,0,0,0,0,0,0,0,0,0,0,0,0,0,0,0,0,0,367.962,0,0,-150.911
"MtrElec",2,7,18,"",388.121,0,0,0,0,0,0,0,0,0,0,0,0,0,0,0,0,0,0,0,0,394.965,0,0,-6.84492
"MtrElec",2,7,19,"",244.441,0,0,0,0,0,0,0,0,0,0,0,0,0,0,0,0,0,0,0,0,467.658,0,-223.217,0
"MtrElec",2,7,20,"",145.277,0,0,0,0,0,0,0,0,0,0,0,0,0,0,0,0,0,0,0,0,368.494,0,-223.217,0
"MtrElec",2,7,21,"",218.017,0,0,0,0,0,0,0,0,0,0,0,0,0,0,0,0,0,0,0,0,359.609,0,-141.592,0
"MtrElec",2,7,22,"",273.497,0,0,0,0,0,0,0,0,0,0,0,0,0,0,0,0,0,0,0,0,273.497,0,0,0
"MtrElec",2,7,23,"",267.665,0,0,0,0,0,0,0,0,0,0,0,0,0,0,0,0,0,0,0,0,267.665,0,0,0
"MtrElec",2,7,24,"",192.976,0,0,0,0,0,0,0,0,0,0,0,0,0,0,0,0,0,0,0,0,192.976,0,0,0
"MtrElec",2,8,1,"",168.289,0,0,0,0,0,0,0,0,0,0,0,0,0,0,0,0,0,0,0,0,168.289,0,0,0
"MtrElec",2,8,2,"",155.247,0,0,0,0,0,0,0,0,0,0,0,0,0,0,0,0,0,0,0,0,155.247,0,0,0
"MtrElec",2,8,3,"",154.773,0,0,0,0,0,0,0,0,0,0,0,0,0,0,0,0,0,0,0,0,154.773,0,0,0
"MtrElec",2,8,4,"",157.07,0,0,0,0,0,0,0,0,0,0,0,0,0,0,0,0,0,0,0,0,157.07,0,0,0
"MtrElec",2,8,5,"",222.312,0,0,0,0,0,0,0,0,0,0,0,0,0,0,0,0,0,0,0,0,222.312,0,0,0
"MtrElec",2,8,6,"",170.235,0,0,0,0,0,0,0,0,0,0,0,0,0,0,0,0,0,0,0,0,170.235,0,0,0
"MtrElec",2,8,7,"",172.419,0,0,0,0,0,0,0,0,0,0,0,0,0,0,0,0,0,0,0,0,172.419,0,0,0
"MtrElec",2,8,8,"",141.921,0,0,0,0,0,0,0,0,0,0,0,0,0,0,0,0,0,0,0,0,266.055,0,0,-124.134
"MtrElec",2,8,9,"",-74.123,0,0,0,0,0,0,0,0,0,0,0,0,0,0,0,0,0,0,0,0,250.221,0,0,-324.344
"MtrElec",2,8,10,"",-166.645,0,0,0,0,0,0,0,0,0,0,0,0,0,0,0,0,0,0,0,0,308.978,0,0,-475.624
"MtrElec",2,8,11,"",0,0,0,0,0,0,0,0,0,0,0,0,0,0,0,0,0,0,0,0,0,394.065,0,177.619,-571.684
"MtrElec",2,8,12,"",0,0,0,0,0,0,0,0,0,0,0,0,0,0,0,0,0,0,0,0,0,420.171,0,197.906,-618.077
"MtrElec",2,8,13,"",-11.0933,0,0,0,0,0,0,0,0,0,0,0,0,0,0,0,0,0,0,0,0,382.528,0,223.217,-616.838
"MtrElec",2,8,14,"",0,0,0,0,0,0,0,0,0,0,0,0,0,0,0,0,0,0,0,0,0,386.885,0,185.423,-572.308
"MtrElec",2,8,15,"",-92.2966,0,0,0,0,0,0,0,0,0,0,0,0,0,0,0,0,0,0,0,0,383.197,0,14.7166,-490.21
"MtrElec",2,8,16,"",23.5663,0,0,0,0,0,0,0,0,0,0,0,0,0,0,0,0,0,0,0,0,375.632,0,0,-352.066
"MtrElec",2,8,17,"",217.742,0,0,0,0,0,0,0,0,0,0,0,0,0,0,0,0,0,0,0,0,372.896,0,0,-155.153
"MtrElec",2,8,18,"",351.1,0,0,0,0,0,0,0,0,0,0,0,0,0,0,0,0,0,0,0,0,358.295,0,0,-7.19495
"MtrElec",2,8,19,"",204.427,0,0,0,0,0,0,0,0,0,0,0,0,0,0,0,0,0,0,0,0,427.643,0,-223.217,0
"MtrElec",2,8,20,"",132.205,0,0,0,0,0,0,0,0,0,0,0,0,0,0,0,0,0,0,0,0,355.422,0,-223.217,0
"MtrElec",2,8,21,"",94.2016,0,0,0,0,0,0,0,0,0,0,0,0,0,0,0,0,0,0,0,0,317.418,0,-223.217,0
"MtrElec",2,8,22,"",269.62,0,0,0,0,0,0,0,0,0,0,0,0,0,0,0,0,0,0,0,0,320.96,0,-51.3398,0
"MtrElec",2,8,23,"",253.18,0,0,0,0,0,0,0,0,0,0,0,0,0,0,0,0,0,0,0,0,253.18,0,0,0
"MtrElec",2,8,24,"",202.979,0,0,0,0,0,0,0,0,0,0,0,0,0,0,0,0,0,0,0,0,202.979,0,0,0
"MtrElec",2,9,1,"",169.346,0,0,0,0,0,0,0,0,0,0,0,0,0,0,0,0,0,0,0,0,169.346,0,0,0
"MtrElec",2,9,2,"",152.336,0,0,0,0,0,0,0,0,0,0,0,0,0,0,0,0,0,0,0,0,152.336,0,0,0
"MtrElec",2,9,3,"",148.822,0,0,0,0,0,0,0,0,0,0,0,0,0,0,0,0,0,0,0,0,148.822,0,0,0
"MtrElec",2,9,4,"",194.661,0,0,0,0,0,0,0,0,0,0,0,0,0,0,0,0,0,0,0,0,194.661,0,0,0
"MtrElec",2,9,5,"",154.321,0,0,0,0,0,0,0,0,0,0,0,0,0,0,0,0,0,0,0,0,154.321,0,0,0
"MtrElec",2,9,6,"",154.991,0,0,0,0,0,0,0,0,0,0,0,0,0,0,0,0,0,0,0,0,154.991,0,0,0
"MtrElec",2,9,7,"",267.945,0,0,0,0,0,0,0,0,0,0,0,0,0,0,0,0,0,0,0,0,267.945,0,0,0
"MtrElec",2,9,8,"",181.561,0,0,0,0,0,0,0,0,0,0,0,0,0,0,0,0,0,0,0,0,310.721,0,0,-129.16
"MtrElec",2,9,9,"",30.4414,0,0,0,0,0,0,0,0,0,0,0,0,0,0,0,0,0,0,0,0,360.172,0,0,-329.73
"MtrElec",2,9,10,"",-32.4572,0,0,0,0,0,0,0,0,0,0,0,0,0,0,0,0,0,0,0,0,449.321,0,0,-481.778
"MtrElec",2,9,11,"",0,0,0,0,0,0,0,0,0,0,0,0,0,0,0,0,0,0,0,0,0,421.921,0,164.322,-586.243
"MtrElec",2,9,12,"",0,0,0,0,0,0,0,0,0,0,0,0,0,0,0,0,0,0,0,0,0,419.615,0,213.83,-633.444
"MtrElec",2,9,13,"",0.0000078,0,0,0,0,0,0,0,0,0,0,0,0,0,0,0,0,0,0,0,0,497.79,0,123.889,-621.679
"MtrElec",2,9,14,"",0,0,0,0,0,0,0,0,0,0,0,0,0,0,0,0,0,0,0,0,0,381.556,0,193.665,-575.221
"MtrElec",2,9,15,"",0,0,0,0,0,0,0,0,0,0,0,0,0,0,0,0,0,0,0,0,0,446.949,0,36.0954,-483.045
"MtrElec",2,9,16,"",51.9841,0,0,0,0,0,0,0,0,0,0,0,0,0,0,0,0,0,0,0,0,403.052,0,0,-351.068
"MtrElec",2,9,17,"",288.989,0,0,0,0,0,0,0,0,0,0,0,0,0,0,0,0,0,0,0,0,449.509,0,0,-160.519
"MtrElec",2,9,18,"",426.74,0,0,0,0,0,0,0,0,0,0,0,0,0,0,0,0,0,0,0,0,434.369,0,0,-7.62912
"MtrElec",2,9,19,"",152.494,0,0,0,0,0,0,0,0,0,0,0,0,0,0,0,0,0,0,0,0,375.711,0,-223.217,0
"MtrElec",2,9,20,"",216.151,0,0,0,0,0,0,0,0,0,0,0,0,0,0,0,0,0,0,0,0,439.368,0,-223.217,0
"MtrElec",2,9,21,"",166.833,0,0,0,0,0,0,0,0,0,0,0,0,0,0,0,0,0,0,0,0,380.849,0,-214.016,0
"MtrElec",2,9,22,"",302.831,0,0,0,0,0,0,0,0,0,0,0,0,0,0,0,0,0,0,0,0,302.831,0,0,0
"MtrElec",2,9,23,"",275.331,0,0,0,0,0,0,0,0,0,0,0,0,0,0,0,0,0,0,0,0,275.331,0,0,0
"MtrElec",2,9,24,"",240.565,0,0,0,0,0,0,0,0,0,0,0,0,0,0,0,0,0,0,0,0,240.565,0,0,0
"MtrElec",2,10,1,"",188.785,0,0,0,0,0,0,0,0,0,0,0,0,0,0,0,0,0,0,0,0,188.785,0,0,0
"MtrElec",2,10,2,"",151.916,0,0,0,0,0,0,0,0,0,0,0,0,0,0,0,0,0,0,0,0,151.916,0,0,0
"MtrElec",2,10,3,"",146.999,0,0,0,0,0,0,0,0,0,0,0,0,0,0,0,0,0,0,0,0,146.999,0,0,0
"MtrElec",2,10,4,"",148.654,0,0,0,0,0,0,0,0,0,0,0,0,0,0,0,0,0,0,0,0,148.654,0,0,0
"MtrElec",2,10,5,"",183.68,0,0,0,0,0,0,0,0,0,0,0,0,0,0,0,0,0,0,0,0,183.68,0,0,0
"MtrElec",2,10,6,"",151.912,0,0,0,0,0,0,0,0,0,0,0,0,0,0,0,0,0,0,0,0,151.912,0,0,0
"MtrElec",2,10,7,"",256.652,0,0,0,0,0,0,0,0,0,0,0,0,0,0,0,0,0,0,0,0,256.652,0,0,0
"MtrElec",2,10,8,"",172.965,0,0,0,0,0,0,0,0,0,0,0,0,0,0,0,0,0,0,0,0,304.158,0,0,-131.193
"MtrElec",2,10,9,"",82.7611,0,0,0,0,0,0,0,0,0,0,0,0,0,0,0,0,0,0,0,0,392.113,0,0,-309.352
"MtrElec",2,10,10,"",81.6037,0,0,0,0,0,0,0,0,0,0,0,0,0,0,0,0,0,0,0,0,460.376,0,0,-378.772
"MtrElec",2,10,11,"",0.0000156,0,0,0,0,0,0,0,0,0,0,0,0,0,0,0,0,0,0,0,0,436.512,0,135.001,-571.512
"MtrElec",2,10,12,"",0,0,0,0,0,0,0,0,0,0,0,0,0,0,0,0,0,0,0,0,0,462.212,0,154.304,-616.516
"MtrElec",2,10,13,"",0,0,0,0,0,0,0,0,0,0,0,0,0,0,0,0,0,0,0,0,0,475.12,0,141.453,-616.573
"MtrElec",2,10,14,"",0,0,0,0,0,0,0,0,0,0,0,0,0,0,0,0,0,0,0,0,0,439.484,0,143.115,-582.599
"MtrElec",2,10,15,"",0,0,0,0,0,0,0,0,0,0,0,0,0,0,0,0,0,0,0,0,0,387.206,0,110.979,-498.185
"MtrElec",2,10,16,"",100.855,0,0,0,0,0,0,0,0,0,0,0,0,0,0,0,0,0,0,0,0,427.149,0,0,-326.294
"MtrElec",2,10,17,"",341.404,0,0,0,0,0,0,0,0,0,0,0,0,0,0,0,0,0,0,0,0,452.736,0,0,-111.333
"MtrElec",2,10,18,"",433.338,0,0,0,0,0,0,0,0,0,0,0,0,0,0,0,0,0,0,0,0,437.955,0,0,-4.61675
"MtrElec",2,10,19,"",186.134,0,0,0,0,0,0,0,0,0,0,0,0,0,0,0,0,0,0,0,0,409.351,0,-223.217,0
"MtrElec",2,10,20,"",210.398,0,0,0,0,0,0,0,0,0,0,0,0,0,0,0,0,0,0,0,0,433.615,0,-223.217,0
"MtrElec",2,10,21,"",245.24,0,0,0,0,0,0,0,0,0,0,0,0,0,0,0,0,0,0,0,0,416.885,0,-171.645,0
"MtrElec",2,10,22,"",290.98,0,0,0,0,0,0,0,0,0,0,0,0,0,0,0,0,0,0,0,0,290.98,0,0,0
"MtrElec",2,10,23,"",246.133,0,0,0,0,0,0,0,0,0,0,0,0,0,0,0,0,0,0,0,0,246.133,0,0,0
"MtrElec",2,10,24,"",218.845,0,0,0,0,0,0,0,0,0,0,0,0,0,0,0,0,0,0,0,0,218.845,0,0,0
"MtrElec",2,11,1,"",174.874,0,0,0,0,0,0,0,0,0,0,0,0,0,0,0,0,0,0,0,0,174.874,0,0,0
"MtrElec",2,11,2,"",154.809,0,0,0,0,0,0,0,0,0,0,0,0,0,0,0,0,0,0,0,0,154.809,0,0,0
"MtrElec",2,11,3,"",149.097,0,0,0,0,0,0,0,0,0,0,0,0,0,0,0,0,0,0,0,0,149.097,0,0,0
"MtrElec",2,11,4,"",148.009,0,0,0,0,0,0,0,0,0,0,0,0,0,0,0,0,0,0,0,0,148.009,0,0,0
"MtrElec",2,11,5,"",148.109,0,0,0,0,0,0,0,0,0,0,0,0,0,0,0,0,0,0,0,0,148.109,0,0,0
"MtrElec",2,11,6,"",167.203,0,0,0,0,0,0,0,0,0,0,0,0,0,0,0,0,0,0,0,0,167.203,0,0,0
"MtrElec",2,11,7,"",259.63,0,0,0,0,0,0,0,0,0,0,0,0,0,0,0,0,0,0,0,0,259.63,0,0,0
"MtrElec",2,11,8,"",167.332,0,0,0,0,0,0,0,0,0,0,0,0,0,0,0,0,0,0,0,0,289.513,0,0,-122.181
"MtrElec",2,11,9,"",27.5093,0,0,0,0,0,0,0,0,0,0,0,0,0,0,0,0,0,0,0,0,355.299,0,0,-327.79
"MtrElec",2,11,10,"",-9.50528,0,0,0,0,0,0,0,0,0,0,0,0,0,0,0,0,0,0,0,0,471.568,0,0,-481.073
"MtrElec",2,11,11,"",0,0,0,0,0,0,0,0,0,0,0,0,0,0,0,0,0,0,0,0,0,445.073,0,129.913,-574.986
"MtrElec",2,11,12,"",0,0,0,0,0,0,0,0,0,0,0,0,0,0,0,0,0,0,0,0,0,450.29,0,169.394,-619.684
"MtrElec",2,11,13,"",0,0,0,0,0,0,0,0,0,0,0,0,0,0,0,0,0,0,0,0,0,483.084,0,104.02,-587.104
"MtrElec",2,11,14,"",0,0,0,0,0,0,0,0,0,0,0,0,0,0,0,0,0,0,0,0,0,375.697,0,84.0888,-459.786
"MtrElec",2,11,15,"",0,0,0,0,0,0,0,0,0,0,0,0,0,0,0,0,0,0,0,0,0,419.785,0,56.3046,-476.09
"MtrElec",2,11,16,"",63.413,0,0,0,0,0,0,0,0,0,0,0,0,0,0,0,0,0,0,0,0,408.269,0,0,-344.856
"MtrElec",2,11,17,"",280.518,0,0,0,0,0,0,0,0,0,0,0,0,0,0,0,0,0,0,0,0,441.756,0,0,-161.238
"MtrElec",2,11,18,"",444.564,0,0,0,0,0,0,0,0,0,0,0,0,0,0,0,0,0,0,0,0,453.078,0,0,-8.51355
"MtrElec",2,11,19,"",224.265,0,0,0,0,0,0,0,0,0,0,0,0,0,0,0,0,0,0,0,0,447.482,0,-223.217,0
"MtrElec",2,11,20,"",159.274,0,0,0,0,0,0,0,0,0,0,0,0,0,0,0,0,0,0,0,0,382.491,0,-223.217,0
"MtrElec",2,11,21,"",380.466,0,0,0,0,0,0,0,0,0,0,0,0,0,0,0,0,0,0,0,0,424.74,0,-44.2739,0
"MtrElec",2,11,22,"",285.324,0,0,0,0,0,0,0,0,0,0,0,0,0,0,0,0,0,0,0,0,285.324,0,0,0
"MtrElec",2,11,23,"",297.532,0,0,0,0,0,0,0,0,0,0,0,0,0,0,0,0,0,0,0,0,297.532,0,0,0
"MtrElec",2,11,24,"",222.747,0,0,0,0,0,0,0,0,0,0,0,0,0,0,0,0,0,0,0,0,222.747,0,0,0
"MtrElec",2,12,1,"",161.006,0,0,0,0,0,0,0,0,0,0,0,0,0,0,0,0,0,0,0,0,161.006,0,0,0
"MtrElec",2,12,2,"",177.958,0,0,0,0,0,0,0,0,0,0,0,0,0,0,0,0,0,0,0,0,177.958,0,0,0
"MtrElec",2,12,3,"",165.149,0,0,0,0,0,0,0,0,0,0,0,0,0,0,0,0,0,0,0,0,165.149,0,0,0
"MtrElec",2,12,4,"",154.647,0,0,0,0,0,0,0,0,0,0,0,0,0,0,0,0,0,0,0,0,154.647,0,0,0
"MtrElec",2,12,5,"",152.143,0,0,0,0,0,0,0,0,0,0,0,0,0,0,0,0,0,0,0,0,152.143,0,0,0
"MtrElec",2,12,6,"",165.711,0,0,0,0,0,0,0,0,0,0,0,0,0,0,0,0,0,0,0,0,165.711,0,0,0
"MtrElec",2,12,7,"",262.309,0,0,0,0,0,0,0,0,0,0,0,0,0,0,0,0,0,0,0,0,265.956,0,0,-3.64741
"MtrElec",2,12,8,"",194.253,0,0,0,0,0,0,0,0,0,0,0,0,0,0,0,0,0,0,0,0,321.571,0,0,-127.317
"MtrElec",2,12,9,"",62.5602,0,0,0,0,0,0,0,0,0,0,0,0,0,0,0,0,0,0,0,0,392.331,0,0,-329.771
"MtrElec",2,12,10,"",-47.1076,0,0,0,0,0,0,0,0,0,0,0,0,0,0,0,0,0,0,0,0,433.355,0,0,-480.463
"MtrElec",2,12,11,"",0.0000078,0,0,0,0,0,0,0,0,0,0,0,0,0,0,0,0,0,0,0,0,469.674,0,104.082,-573.756
"MtrElec",2,12,12,"",0,0,0,0,0,0,0,0,0,0,0,0,0,0,0,0,0,0,0,0,0,493.054,0,126.061,-619.115
"MtrElec",2,12,13,"",0.0000078,0,0,0,0,0,0,0,0,0,0,0,0,0,0,0,0,0,0,0,0,502.137,0,115.89,-618.027
"MtrElec",2,12,14,"",0,0,0,0,0,0,0,0,0,0,0,0,0,0,0,0,0,0,0,0,0,431.755,0,152.649,-584.404
"MtrElec",2,12,15,"",0,0,0,0,0,0,0,0,0,0,0,0,0,0,0,0,0,0,0,0,0,422.201,0,79.7448,-501.946
"MtrElec",2,12,16,"",72.5755,0,0,0,0,0,0,0,0,0,0,0,0,0,0,0,0,0,0,0,0,431.834,0,0,-359.258
"MtrElec",2,12,17,"",244.726,0,0,0,0,0,0,0,0,0,0,0,0,0,0,0,0,0,0,0,0,409.842,0,0,-165.116
"MtrElec",2,12,18,"",427.811,0,0,0,0,0,0,0,0,0,0,0,0,0,0,0,0,0,0,0,0,436.498,0,0,-8.6868
"MtrElec",2,12,19,"",169.026,0,0,0,0,0,0,0,0,0,0,0,0,0,0,0,0,0,0,0,0,392.243,0,-223.217,0
"MtrElec",2,12,20,"",146.222,0,0,0,0,0,0,0,0,0,0,0,0,0,0,0,0,0,0,0,0,369.439,0,-223.217,0
"MtrElec",2,12,21,"",313.988,0,0,0,0,0,0,0,0,0,0,0,0,0,0,0,0,0,0,0,0,389.585,0,-75.5968,0
"MtrElec",2,12,22,"",281.296,0,0,0,0,0,0,0,0,0,0,0,0,0,0,0,0,0,0,0,0,281.296,0,0,0
"MtrElec",2,12,23,"",248.321,0,0,0,0,0,0,0,0,0,0,0,0,0,0,0,0,0,0,0,0,248.321,0,0,0
"MtrElec",2,12,24,"",218.228,0,0,0,0,0,0,0,0,0,0,0,0,0,0,0,0,0,0,0,0,218.228,0,0,0
"MtrElec",2,13,1,"",158.11,0,0,0,0,0,0,0,0,0,0,0,0,0,0,0,0,0,0,0,0,158.11,0,0,0
"MtrElec",2,13,2,"",152.154,0,0,0,0,0,0,0,0,0,0,0,0,0,0,0,0,0,0,0,0,152.154,0,0,0
"MtrElec",2,13,3,"",151.695,0,0,0,0,0,0,0,0,0,0,0,0,0,0,0,0,0,0,0,0,151.695,0,0,0
"MtrElec",2,13,4,"",153.434,0,0,0,0,0,0,0,0,0,0,0,0,0,0,0,0,0,0,0,0,153.434,0,0,0
"MtrElec",2,13,5,"",154.711,0,0,0,0,0,0,0,0,0,0,0,0,0,0,0,0,0,0,0,0,154.711,0,0,0
"MtrElec",2,13,6,"",161.076,0,0,0,0,0,0,0,0,0,0,0,0,0,0,0,0,0,0,0,0,161.076,0,0,0
"MtrElec",2,13,7,"",250.858,0,0,0,0,0,0,0,0,0,0,0,0,0,0,0,0,0,0,0,0,254.115,0,0,-3.2571
"MtrElec",2,13,8,"",180.866,0,0,0,0,0,0,0,0,0,0,0,0,0,0,0,0,0,0,0,0,298.998,0,0,-118.131
"MtrElec",2,13,9,"",196.634,0,0,0,0,0,0,0,0,0,0,0,0,0,0,0,0,0,0,0,0,380.658,0,0,-184.025
"MtrElec",2,13,10,"",79.786,0,0,0,0,0,0,0,0,0,0,0,0,0,0,0,0,0,0,0,0,403.588,0,0,-323.802
"MtrElec",2,13,11,"",125.814,0,0,0,0,0,0,0,0,0,0,0,0,0,0,0,0,0,0,0,0,398.03,0,0,-272.215
"MtrElec",2,13,12,"",202.722,0,0,0,0,0,0,0,0,0,0,0,0,0,0,0,0,0,0,0,0,376.7,0,0,-173.978
"MtrElec",2,13,13,"",96.6537,0,0,0,0,0,0,0,0,0,0,0,0,0,0,0,0,0,0,0,0,406.304,0,0,-309.65
"MtrElec",2,13,14,"",0,0,0,0,0,0,0,0,0,0,0,0,0,0,0,0,0,0,0,0,0,342.552,0,30.9933,-373.545
"MtrElec",2,13,15,"",114.405,0,0,0,0,0,0,0,0,0,0,0,0,0,0,0,0,0,0,0,0,344.261,0,0,-229.856
"MtrElec",2,13,16,"",238.143,0,0,0,0,0,0,0,0,0,0,0,0,0,0,0,0,0,0,0,0,346.51,0,0,-108.367
"MtrElec",2,13,17,"",307.84,0,0,0,0,0,0,0,0,0,0,0,0,0,0,0,0,0,0,0,0,351.607,0,0,-43.7673
"MtrElec",2,13,18,"",435.406,0,0,0,0,0,0,0,0,0,0,0,0,0,0,0,0,0,0,0,0,435.406,0,0,0
"MtrElec",2,13,19,"",354.772,0,0,0,0,0,0,0,0,0,0,0,0,0,0,0,0,0,0,0,0,382.743,0,-27.9715,0
"MtrElec",2,13,20,"",429.623,0,0,0,0,0,0,0,0,0,0,0,0,0,0,0,0,0,0,0,0,429.623,0,0,0
"MtrElec",2,13,21,"",354.532,0,0,0,0,0,0,0,0,0,0,0,0,0,0,0,0,0,0,0,0,354.532,0,0,0
"MtrElec",2,13,22,"",318.675,0,0,0,0,0,0,0,0,0,0,0,0,0,0,0,0,0,0,0,0,318.675,0,0,0
"MtrElec",2,13,23,"",266.595,0,0,0,0,0,0,0,0,0,0,0,0,0,0,0,0,0,0,0,0,266.595,0,0,0
"MtrElec",2,13,24,"",242.553,0,0,0,0,0,0,0,0,0,0,0,0,0,0,0,0,0,0,0,0,242.553,0,0,0
"MtrElec",2,14,1,"",174.424,0,0,0,0,0,0,0,0,0,0,0,0,0,0,0,0,0,0,0,0,174.424,0,0,0
"MtrElec",2,14,2,"",151.523,0,0,0,0,0,0,0,0,0,0,0,0,0,0,0,0,0,0,0,0,151.523,0,0,0
"MtrElec",2,14,3,"",149.797,0,0,0,0,0,0,0,0,0,0,0,0,0,0,0,0,0,0,0,0,149.797,0,0,0
"MtrElec",2,14,4,"",151.501,0,0,0,0,0,0,0,0,0,0,0,0,0,0,0,0,0,0,0,0,151.501,0,0,0
"MtrElec",2,14,5,"",207.695,0,0,0,0,0,0,0,0,0,0,0,0,0,0,0,0,0,0,0,0,207.695,0,0,0
"MtrElec",2,14,6,"",150.789,0,0,0,0,0,0,0,0,0,0,0,0,0,0,0,0,0,0,0,0,150.789,0,0,0
"MtrElec",2,14,7,"",177.922,0,0,0,0,0,0,0,0,0,0,0,0,0,0,0,0,0,0,0,0,177.922,0,0,0
"MtrElec",2,14,8,"",278.919,0,0,0,0,0,0,0,0,0,0,0,0,0,0,0,0,0,0,0,0,282.488,0,0,-3.56937
"MtrElec",2,14,9,"",253.997,0,0,0,0,0,0,0,0,0,0,0,0,0,0,0,0,0,0,0,0,265.107,0,0,-11.1102
"MtrElec",2,14,10,"",342.207,0,0,0,0,0,0,0,0,0,0,0,0,0,0,0,0,0,0,0,0,378.884,0,0,-36.6769
"MtrElec",2,14,11,"",304.126,0,0,0,0,0,0,0,0,0,0,0,0,0,0,0,0,0,0,0,0,502.434,0,0,-198.308
"MtrElec",2,14,12,"",0.0000039,0,0,0,0,0,0,0,0,0,0,0,0,0,0,0,0,0,0,0,0,471.616,0,65.2377,-536.853
"MtrElec",2,14,13,"",0.0000156,0,0,0,0,0,0,0,0,0,0,0,0,0,0,0,0,0,0,0,0,463.747,0,217.726,-681.473
"MtrElec",2,14,14,"",-24.9732,0,0,0,0,0,0,0,0,0,0,0,0,0,0,0,0,0,0,0,0,383.845,0,223.217,-632.035
"MtrElec",2,14,15,"",40.8018,0,0,0,0,0,0,0,0,0,0,0,0,0,0,0,0,0,0,0,0,438.088,0,0,-397.286
"MtrElec",2,14,16,"",55.2387,0,0,0,0,0,0,0,0,0,0,0,0,0,0,0,0,0,0,0,0,409.313,0,0,-354.075
"MtrElec",2,14,17,"",190.948,0,0,0,0,0,0,0,0,0,0,0,0,0,0,0,0,0,0,0,0,371.841,0,0,-180.893
"MtrElec",2,14,18,"",450.117,0,0,0,0,0,0,0,0,0,0,0,0,0,0,0,0,0,0,0,0,459.568,0,0,-9.45048
"MtrElec",2,14,19,"",259.775,0,0,0,0,0,0,0,0,0,0,0,0,0,0,0,0,0,0,0,0,482.992,0,-223.217,0
"MtrElec",2,14,20,"",107.35,0,0,0,0,0,0,0,0,0,0,0,0,0,0,0,0,0,0,0,0,330.566,0,-223.217,0
"MtrElec",2,14,21,"",351.344,0,0,0,0,0,0,0,0,0,0,0,0,0,0,0,0,0,0,0,0,361.738,0,-10.3939,0
"MtrElec",2,14,22,"",332.157,0,0,0,0,0,0,0,0,0,0,0,0,0,0,0,0,0,0,0,0,332.157,0,0,0
"MtrElec",2,14,23,"",203.869,0,0,0,0,0,0,0,0,0,0,0,0,0,0,0,0,0,0,0,0,203.869,0,0,0
"MtrElec",2,14,24,"",221.099,0,0,0,0,0,0,0,0,0,0,0,0,0,0,0,0,0,0,0,0,221.099,0,0,0
"MtrElec",2,15,1,"",188.23,0,0,0,0,0,0,0,0,0,0,0,0,0,0,0,0,0,0,0,0,188.23,0,0,0
"MtrElec",2,15,2,"",167.878,0,0,0,0,0,0,0,0,0,0,0,0,0,0,0,0,0,0,0,0,167.878,0,0,0
"MtrElec",2,15,3,"",154.882,0,0,0,0,0,0,0,0,0,0,0,0,0,0,0,0,0,0,0,0,154.882,0,0,0
"MtrElec",2,15,4,"",156.05,0,0,0,0,0,0,0,0,0,0,0,0,0,0,0,0,0,0,0,0,156.05,0,0,0
"MtrElec",2,15,5,"",187.624,0,0,0,0,0,0,0,0,0,0,0,0,0,0,0,0,0,0,0,0,187.624,0,0,0
"MtrElec",2,15,6,"",154.154,0,0,0,0,0,0,0,0,0,0,0,0,0,0,0,0,0,0,0,0,154.154,0,0,0
"MtrElec",2,15,7,"",199.999,0,0,0,0,0,0,0,0,0,0,0,0,0,0,0,0,0,0,0,0,206.138,0,0,-6.1381
"MtrElec",2,15,8,"",90.9314,0,0,0,0,0,0,0,0,0,0,0,0,0,0,0,0,0,0,0,0,237.529,0,0,-146.598
"MtrElec",2,15,9,"",-37.7342,0,0,0,0,0,0,0,0,0,0,0,0,0,0,0,0,0,0,0,0,311.73,0,0,-349.464
"MtrElec",2,15,10,"",-157.883,0,0,0,0,0,0,0,0,0,0,0,0,0,0,0,0,0,0,0,0,351.88,0,0,-509.763
"MtrElec",2,15,11,"",0,0,0,0,0,0,0,0,0,0,0,0,0,0,0,0,0,0,0,0,0,445.213,0,172.598,-617.81
"MtrElec",2,15,12,"",-69.9352,0,0,0,0,0,0,0,0,0,0,0,0,0,0,0,0,0,0,0,0,382.143,0,223.217,-675.295
"MtrElec",2,15,13,"",-49.8801,0,0,0,0,0,0,0,0,0,0,0,0,0,0,0,0,0,0,0,0,408.205,0,223.217,-681.301
"MtrElec",2,15,14,"",-86.6438,0,0,0,0,0,0,0,0,0,0,0,0,0,0,0,0,0,0,0,0,362.001,0,179.85,-628.494
"MtrElec",2,15,15,"",-175.1,0,0,0,0,0,0,0,0,0,0,0,0,0,0,0,0,0,0,0,0,343.746,0,0,-518.846
"MtrElec",2,15,16,"",-18.9339,0,0,0,0,0,0,0,0,0,0,0,0,0,0,0,0,0,0,0,0,345.568,0,0,-364.502
"MtrElec",2,15,17,"",144.687,0,0,0,0,0,0,0,0,0,0,0,0,0,0,0,0,0,0,0,0,318.28,0,0,-173.593
"MtrElec",2,15,18,"",340.127,0,0,0,0,0,0,0,0,0,0,0,0,0,0,0,0,0,0,0,0,349.915,0,0,-9.78805
"MtrElec",2,15,19,"",153.231,0,0,0,0,0,0,0,0,0,0,0,0,0,0,0,0,0,0,0,0,376.448,0,-223.217,0
"MtrElec",2,15,20,"",87.7158,0,0,0,0,0,0,0,0,0,0,0,0,0,0,0,0,0,0,0,0,310.933,0,-223.217,0
"MtrElec",2,15,21,"",54.7552,0,0,0,0,0,0,0,0,0,0,0,0,0,0,0,0,0,0,0,0,277.972,0,-223.217,0
"MtrElec",2,15,22,"",261.247,0,0,0,0,0,0,0,0,0,0,0,0,0,0,0,0,0,0,0,0,312.587,0,-51.3398,0
"MtrElec",2,15,23,"",195.694,0,0,0,0,0,0,0,0,0,0,0,0,0,0,0,0,0,0,0,0,195.694,0,0,0
"MtrElec",2,15,24,"",241.435,0,0,0,0,0,0,0,0,0,0,0,0,0,0,0,0,0,0,0,0,241.435,0,0,0
"MtrElec",2,16,1,"",168.213,0,0,0,0,0,0,0,0,0,0,0,0,0,0,0,0,0,0,0,0,168.213,0,0,0
"MtrElec",2,16,2,"",154.317,0,0,0,0,0,0,0,0,0,0,0,0,0,0,0,0,0,0,0,0,154.317,0,0,0
"MtrElec",2,16,3,"",156.637,0,0,0,0,0,0,0,0,0,0,0,0,0,0,0,0,0,0,0,0,156.637,0,0,0
"MtrElec",2,16,4,"",158.134,0,0,0,0,0,0,0,0,0,0,0,0,0,0,0,0,0,0,0,0,158.134,0,0,0
"MtrElec",2,16,5,"",157.101,0,0,0,0,0,0,0,0,0,0,0,0,0,0,0,0,0,0,0,0,157.101,0,0,0
"MtrElec",2,16,6,"",190.243,0,0,0,0,0,0,0,0,0,0,0,0,0,0,0,0,0,0,0,0,190.243,0,0,0
"MtrElec",2,16,7,"",251.946,0,0,0,0,0,0,0,0,0,0,0,0,0,0,0,0,0,0,0,0,257.457,0,0,-5.51042
"MtrElec",2,16,8,"",136.541,0,0,0,0,0,0,0,0,0,0,0,0,0,0,0,0,0,0,0,0,277.007,0,0,-140.466
"MtrElec",2,16,9,"",-29.6437,0,0,0,0,0,0,0,0,0,0,0,0,0,0,0,0,0,0,0,0,318.977,0,0,-348.621
"MtrElec",2,16,10,"",-95.3514,0,0,0,0,0,0,0,0,0,0,0,0,0,0,0,0,0,0,0,0,418.509,0,0,-513.861
"MtrElec",2,16,11,"",0.0000078,0,0,0,0,0,0,0,0,0,0,0,0,0,0,0,0,0,0,0,0,510.367,0,106.906,-617.273
"MtrElec",2,16,12,"",0.0000156,0,0,0,0,0,0,0,0,0,0,0,0,0,0,0,0,0,0,0,0,452.972,0,212.701,-665.672
"MtrElec",2,16,13,"",0,0,0,0,0,0,0,0,0,0,0,0,0,0,0,0,0,0,0,0,0,485.861,0,172.377,-658.238
"MtrElec",2,16,14,"",0,0,0,0,0,0,0,0,0,0,0,0,0,0,0,0,0,0,0,0,0,447.444,0,162.361,-609.805
"MtrElec",2,16,15,"",0,0,0,0,0,0,0,0,0,0,0,0,0,0,0,0,0,0,0,0,0,431.079,0,92.7413,-523.821
"MtrElec",2,16,16,"",0,0,0,0,0,0,0,0,0,0,0,0,0,0,0,0,0,0,0,0,0,365.096,0,10.3676,-375.463
"MtrElec",2,16,17,"",132.991,0,0,0,0,0,0,0,0,0,0,0,0,0,0,0,0,0,0,0,0,309.345,0,0,-176.355
"MtrElec",2,16,18,"",369.625,0,0,0,0,0,0,0,0,0,0,0,0,0,0,0,0,0,0,0,0,379.29,0,0,-9.66536
"MtrElec",2,16,19,"",106.527,0,0,0,0,0,0,0,0,0,0,0,0,0,0,0,0,0,0,0,0,329.743,0,-223.217,0
"MtrElec",2,16,20,"",82.1164,0,0,0,0,0,0,0,0,0,0,0,0,0,0,0,0,0,0,0,0,305.333,0,-223.217,0
"MtrElec",2,16,21,"",42.4735,0,0,0,0,0,0,0,0,0,0,0,0,0,0,0,0,0,0,0,0,265.69,0,-223.217,0
"MtrElec",2,16,22,"",281.857,0,0,0,0,0,0,0,0,0,0,0,0,0,0,0,0,0,0,0,0,295.807,0,-13.9508,0
"MtrElec",2,16,23,"",225.454,0,0,0,0,0,0,0,0,0,0,0,0,0,0,0,0,0,0,0,0,225.454,0,0,0
"MtrElec",2,16,24,"",240.621,0,0,0,0,0,0,0,0,0,0,0,0,0,0,0,0,0,0,0,0,240.621,0,0,0
"MtrElec",2,17,1,"",155.681,0,0,0,0,0,0,0,0,0,0,0,0,0,0,0,0,0,0,0,0,155.681,0,0,0
"MtrElec",2,17,2,"",163.571,0,0,0,0,0,0,0,0,0,0,0,0,0,0,0,0,0,0,0,0,163.571,0,0,0
"MtrElec",2,17,3,"",159.125,0,0,0,0,0,0,0,0,0,0,0,0,0,0,0,0,0,0,0,0,159.125,0,0,0
"MtrElec",2,17,4,"",161.477,0,0,0,0,0,0,0,0,0,0,0,0,0,0,0,0,0,0,0,0,161.477,0,0,0
"MtrElec",2,17,5,"",151.505,0,0,0,0,0,0,0,0,0,0,0,0,0,0,0,0,0,0,0,0,151.505,0,0,0
"MtrElec",2,17,6,"",165.678,0,0,0,0,0,0,0,0,0,0,0,0,0,0,0,0,0,0,0,0,165.678,0,0,0
"MtrElec",2,17,7,"",241.886,0,0,0,0,0,0,0,0,0,0,0,0,0,0,0,0,0,0,0,0,241.886,0,0,0
"MtrElec",2,17,8,"",304.173,0,0,0,0,0,0,0,0,0,0,0,0,0,0,0,0,0,0,0,0,304.688,0,0,-0.514787
"MtrElec",2,17,9,"",312.06,0,0,0,0,0,0,0,0,0,0,0,0,0,0,0,0,0,0,0,0,362.953,0,0,-50.8928
"MtrElec",2,17,10,"",231.796,0,0,0,0,0,0,0,0,0,0,0,0,0,0,0,0,0,0,0,0,422.518,0,0,-190.722
"MtrElec",2,17,11,"",0,0,0,0,0,0,0,0,0,0,0,0,0,0,0,0,0,0,0,0,0,432.076,0,146.016,-578.091
"MtrElec",2,17,12,"",-57.9169,0,0,0,0,0,0,0,0,0,0,0,0,0,0,0,0,0,0,0,0,376.008,0,223.217,-657.141
"MtrElec",2,17,13,"",-46.3452,0,0,0,0,0,0,0,0,0,0,0,0,0,0,0,0,0,0,0,0,375.025,0,223.217,-644.587
"MtrElec",2,17,14,"",-38.2256,0,0,0,0,0,0,0,0,0,0,0,0,0,0,0,0,0,0,0,0,370.275,0,206.432,-614.933
"MtrElec",2,17,15,"",-196.784,0,0,0,0,0,0,0,0,0,0,0,0,0,0,0,0,0,0,0,0,326.341,0,0,-523.125
"MtrElec",2,17,16,"",-12.8629,0,0,0,0,0,0,0,0,0,0,0,0,0,0,0,0,0,0,0,0,354.303,0,0,-367.166
"MtrElec",2,17,17,"",194.261,0,0,0,0,0,0,0,0,0,0,0,0,0,0,0,0,0,0,0,0,362.857,0,0,-168.596
"MtrElec",2,17,18,"",380.613,0,0,0,0,0,0,0,0,0,0,0,0,0,0,0,0,0,0,0,0,390.206,0,0,-9.59271
"MtrElec",2,17,19,"",146.502,0,0,0,0,0,0,0,0,0,0,0,0,0,0,0,0,0,0,0,0,369.719,0,-223.217,0
"MtrElec",2,17,20,"",199.762,0,0,0,0,0,0,0,0,0,0,0,0,0,0,0,0,0,0,0,0,422.979,0,-223.217,0
"MtrElec",2,17,21,"",175.727,0,0,0,0,0,0,0,0,0,0,0,0,0,0,0,0,0,0,0,0,398.944,0,-223.217,0
"MtrElec",2,17,22,"",284.076,0,0,0,0,0,0,0,0,0,0,0,0,0,0,0,0,0,0,0,0,335.416,0,-51.3398,0
"MtrElec",2,17,23,"",247.652,0,0,0,0,0,0,0,0,0,0,0,0,0,0,0,0,0,0,0,0,247.652,0,0,0
"MtrElec",2,17,24,"",230.191,0,0,0,0,0,0,0,0,0,0,0,0,0,0,0,0,0,0,0,0,230.191,0,0,0
"MtrElec",2,18,1,"",162.105,0,0,0,0,0,0,0,0,0,0,0,0,0,0,0,0,0,0,0,0,162.105,0,0,0
"MtrElec",2,18,2,"",156.277,0,0,0,0,0,0,0,0,0,0,0,0,0,0,0,0,0,0,0,0,156.277,0,0,0
"MtrElec",2,18,3,"",153.321,0,0,0,0,0,0,0,0,0,0,0,0,0,0,0,0,0,0,0,0,153.321,0,0,0
"MtrElec",2,18,4,"",152.183,0,0,0,0,0,0,0,0,0,0,0,0,0,0,0,0,0,0,0,0,152.183,0,0,0
"MtrElec",2,18,5,"",153.899,0,0,0,0,0,0,0,0,0,0,0,0,0,0,0,0,0,0,0,0,153.899,0,0,0
"MtrElec",2,18,6,"",193.785,0,0,0,0,0,0,0,0,0,0,0,0,0,0,0,0,0,0,0,0,193.785,0,0,0
"MtrElec",2,18,7,"",272.352,0,0,0,0,0,0,0,0,0,0,0,0,0,0,0,0,0,0,0,0,272.352,0,0,0
"MtrElec",2,18,8,"",219.107,0,0,0,0,0,0,0,0,0,0,0,0,0,0,0,0,0,0,0,0,307.539,0,0,-88.4317
"MtrElec",2,18,9,"",32.2375,0,0,0,0,0,0,0,0,0,0,0,0,0,0,0,0,0,0,0,0,334.069,0,0,-301.831
"MtrElec",2,18,10,"",211.834,0,0,0,0,0,0,0,0,0,0,0,0,0,0,0,0,0,0,0,0,438.303,0,0,-226.469
"MtrElec",2,18,11,"",0,0,0,0,0,0,0,0,0,0,0,0,0,0,0,0,0,0,0,0,0,443.752,0,120.233,-563.985
"MtrElec",2,18,12,"",0,0,0,0,0,0,0,0,0,0,0,0,0,0,0,0,0,0,0,0,0,426.183,0,216.235,-642.418
"MtrElec",2,18,13,"",-32.7699,0,0,0,0,0,0,0,0,0,0,0,0,0,0,0,0,0,0,0,0,382.115,0,223.217,-638.102
"MtrElec",2,18,14,"",-1.93031,0,0,0,0,0,0,0,0,0,0,0,0,0,0,0,0,0,0,0,0,354.787,0,223.217,-579.935
"MtrElec",2,18,15,"",-77.0985,0,0,0,0,0,0,0,0,0,0,0,0,0,0,0,0,0,0,0,0,332.773,0,15.9795,-425.851
"MtrElec",2,18,16,"",149.232,0,0,0,0,0,0,0,0,0,0,0,0,0,0,0,0,0,0,0,0,368.003,0,0,-218.77
"MtrElec",2,18,17,"",337.789,0,0,0,0,0,0,0,0,0,0,0,0,0,0,0,0,0,0,0,0,379.672,0,0,-41.8835
"MtrElec",2,18,18,"",399.892,0,0,0,0,0,0,0,0,0,0,0,0,0,0,0,0,0,0,0,0,411.658,0,0,-11.766
"MtrElec",2,18,19,"",156.032,0,0,0,0,0,0,0,0,0,0,0,0,0,0,0,0,0,0,0,0,379.249,0,-223.217,0
"MtrElec",2,18,20,"",164.703,0,0,0,0,0,0,0,0,0,0,0,0,0,0,0,0,0,0,0,0,387.919,0,-223.217,0
"MtrElec",2,18,21,"",215.021,0,0,0,0,0,0,0,0,0,0,0,0,0,0,0,0,0,0,0,0,438.238,0,-223.217,0
"MtrElec",2,18,22,"",241.67,0,0,0,0,0,0,0,0,0,0,0,0,0,0,0,0,0,0,0,0,293.01,0,-51.3398,0
"MtrElec",2,18,23,"",259.076,0,0,0,0,0,0,0,0,0,0,0,0,0,0,0,0,0,0,0,0,259.076,0,0,0
"MtrElec",2,18,24,"",181.107,0,0,0,0,0,0,0,0,0,0,0,0,0,0,0,0,0,0,0,0,181.107,0,0,0
"MtrElec",2,19,1,"",166.143,0,0,0,0,0,0,0,0,0,0,0,0,0,0,0,0,0,0,0,0,166.143,0,0,0
"MtrElec",2,19,2,"",156.303,0,0,0,0,0,0,0,0,0,0,0,0,0,0,0,0,0,0,0,0,156.303,0,0,0
"MtrElec",2,19,3,"",154.161,0,0,0,0,0,0,0,0,0,0,0,0,0,0,0,0,0,0,0,0,154.161,0,0,0
"MtrElec",2,19,4,"",153.897,0,0,0,0,0,0,0,0,0,0,0,0,0,0,0,0,0,0,0,0,153.897,0,0,0
"MtrElec",2,19,5,"",190.968,0,0,0,0,0,0,0,0,0,0,0,0,0,0,0,0,0,0,0,0,190.968,0,0,0
"MtrElec",2,19,6,"",153.713,0,0,0,0,0,0,0,0,0,0,0,0,0,0,0,0,0,0,0,0,153.713,0,0,0
"MtrElec",2,19,7,"",215.155,0,0,0,0,0,0,0,0,0,0,0,0,0,0,0,0,0,0,0,0,215.155,0,0,0
"MtrElec",2,19,8,"",255.836,0,0,0,0,0,0,0,0,0,0,0,0,0,0,0,0,0,0,0,0,308.414,0,0,-52.5785
"MtrElec",2,19,9,"",323.862,0,0,0,0,0,0,0,0,0,0,0,0,0,0,0,0,0,0,0,0,369.207,0,0,-45.3451
"MtrElec",2,19,10,"",321.794,0,0,0,0,0,0,0,0,0,0,0,0,0,0,0,0,0,0,0,0,362.734,0,0,-40.9404
"MtrElec",2,19,11,"",323.51,0,0,0,0,0,0,0,0,0,0,0,0,0,0,0,0,0,0,0,0,437.286,0,0,-113.776
"MtrElec",2,19,12,"",268.498,0,0,0,0,0,0,0,0,0,0,0,0,0,0,0,0,0,0,0,0,421.191,0,0,-152.694
"MtrElec",2,19,13,"",231.935,0,0,0,0,0,0,0,0,0,0,0,0,0,0,0,0,0,0,0,0,400.251,0,0,-168.316
"MtrElec",2,19,14,"",132.081,0,0,0,0,0,0,0,0,0,0,0,0,0,0,0,0,0,0,0,0,369.954,0,0,-237.874
"MtrElec",2,19,15,"",80.7886,0,0,0,0,0,0,0,0,0,0,0,0,0,0,0,0,0,0,0,0,321.918,0,0,-241.129
"MtrElec",2,19,16,"",271.781,0,0,0,0,0,0,0,0,0,0,0,0,0,0,0,0,0,0,0,0,370.122,0,0,-98.3407
"MtrElec",2,19,17,"",340.423,0,0,0,0,0,0,0,0,0,0,0,0,0,0,0,0,0,0,0,0,373.363,0,0,-32.9398
"MtrElec",2,19,18,"",463.498,0,0,0,0,0,0,0,0,0,0,0,0,0,0,0,0,0,0,0,0,463.498,0,0,0
"MtrElec",2,19,19,"",381.112,0,0,0,0,0,0,0,0,0,0,0,0,0,0,0,0,0,0,0,0,381.112,0,0,0
"MtrElec",2,19,20,"",438.296,0,0,0,0,0,0,0,0,0,0,0,0,0,0,0,0,0,0,0,0,438.296,0,0,0
"MtrElec",2,19,21,"",390.755,0,0,0,0,0,0,0,0,0,0,0,0,0,0,0,0,0,0,0,0,390.755,0,0,0
"MtrElec",2,19,22,"",334.906,0,0,0,0,0,0,0,0,0,0,0,0,0,0,0,0,0,0,0,0,334.906,0,0,0
"MtrElec",2,19,23,"",231.565,0,0,0,0,0,0,0,0,0,0,0,0,0,0,0,0,0,0,0,0,231.565,0,0,0
"MtrElec",2,19,24,"",196.328,0,0,0,0,0,0,0,0,0,0,0,0,0,0,0,0,0,0,0,0,196.328,0,0,0
"MtrElec",2,20,1,"",198.842,0,0,0,0,0,0,0,0,0,0,0,0,0,0,0,0,0,0,0,0,198.842,0,0,0
"MtrElec",2,20,2,"",155.398,0,0,0,0,0,0,0,0,0,0,0,0,0,0,0,0,0,0,0,0,155.398,0,0,0
"MtrElec",2,20,3,"",152.036,0,0,0,0,0,0,0,0,0,0,0,0,0,0,0,0,0,0,0,0,152.036,0,0,0
"MtrElec",2,20,4,"",150.879,0,0,0,0,0,0,0,0,0,0,0,0,0,0,0,0,0,0,0,0,150.879,0,0,0
"MtrElec",2,20,5,"",143.926,0,0,0,0,0,0,0,0,0,0,0,0,0,0,0,0,0,0,0,0,143.926,0,0,0
"MtrElec",2,20,6,"",204.757,0,0,0,0,0,0,0,0,0,0,0,0,0,0,0,0,0,0,0,0,204.757,0,0,0
"MtrElec",2,20,7,"",211.398,0,0,0,0,0,0,0,0,0,0,0,0,0,0,0,0,0,0,0,0,211.398,0,0,0
"MtrElec",2,20,8,"",275.29,0,0,0,0,0,0,0,0,0,0,0,0,0,0,0,0,0,0,0,0,295.709,0,0,-20.4193
"MtrElec",2,20,9,"",274.563,0,0,0,0,0,0,0,0,0,0,0,0,0,0,0,0,0,0,0,0,384.418,0,0,-109.856
"MtrElec",2,20,10,"",367.494,0,0,0,0,0,0,0,0,0,0,0,0,0,0,0,0,0,0,0,0,456.097,0,0,-88.6037
"MtrElec",2,20,11,"",333.974,0,0,0,0,0,0,0,0,0,0,0,0,0,0,0,0,0,0,0,0,478.778,0,0,-144.804
"MtrElec",2,20,12,"",307.078,0,0,0,0,0,0,0,0,0,0,0,0,0,0,0,0,0,0,0,0,413.855,0,0,-106.777
"MtrElec",2,20,13,"",181.44,0,0,0,0,0,0,0,0,0,0,0,0,0,0,0,0,0,0,0,0,382.48,0,0,-201.041
"MtrElec",2,20,14,"",5.34575,0,0,0,0,0,0,0,0,0,0,0,0,0,0,0,0,0,0,0,0,306.466,0,0,-301.12
"MtrElec",2,20,15,"",124.864,0,0,0,0,0,0,0,0,0,0,0,0,0,0,0,0,0,0,0,0,375.219,0,0,-250.355
"MtrElec",2,20,16,"",117.501,0,0,0,0,0,0,0,0,0,0,0,0,0,0,0,0,0,0,0,0,398.709,0,0,-281.207
"MtrElec",2,20,17,"",235.64,0,0,0,0,0,0,0,0,0,0,0,0,0,0,0,0,0,0,0,0,417.53,0,0,-181.89
"MtrElec",2,20,18,"",402.078,0,0,0,0,0,0,0,0,0,0,0,0,0,0,0,0,0,0,0,0,421.222,0,0,-19.1439
"MtrElec",2,20,19,"",389.216,0,0,0,0,0,0,0,0,0,0,0,0,0,0,0,0,0,0,0,0,389.216,0,0,0
"MtrElec",2,20,20,"",431.073,0,0,0,0,0,0,0,0,0,0,0,0,0,0,0,0,0,0,0,0,431.073,0,0,0
"MtrElec",2,20,21,"",381.337,0,0,0,0,0,0,0,0,0,0,0,0,0,0,0,0,0,0,0,0,381.337,0,0,0
"MtrElec",2,20,22,"",339.704,0,0,0,0,0,0,0,0,0,0,0,0,0,0,0,0,0,0,0,0,339.704,0,0,0
"MtrElec",2,20,23,"",277.757,0,0,0,0,0,0,0,0,0,0,0,0,0,0,0,0,0,0,0,0,277.757,0,0,0
"MtrElec",2,20,24,"",209.591,0,0,0,0,0,0,0,0,0,0,0,0,0,0,0,0,0,0,0,0,209.591,0,0,0
"MtrElec",2,21,1,"",218.296,0,0,0,0,0,0,0,0,0,0,0,0,0,0,0,0,0,0,0,0,218.296,0,0,0
"MtrElec",2,21,2,"",154.535,0,0,0,0,0,0,0,0,0,0,0,0,0,0,0,0,0,0,0,0,154.535,0,0,0
"MtrElec",2,21,3,"",156.48,0,0,0,0,0,0,0,0,0,0,0,0,0,0,0,0,0,0,0,0,156.48,0,0,0
"MtrElec",2,21,4,"",157.831,0,0,0,0,0,0,0,0,0,0,0,0,0,0,0,0,0,0,0,0,157.831,0,0,0
"MtrElec",2,21,5,"",173.353,0,0,0,0,0,0,0,0,0,0,0,0,0,0,0,0,0,0,0,0,173.353,0,0,0
"MtrElec",2,21,6,"",157.666,0,0,0,0,0,0,0,0,0,0,0,0,0,0,0,0,0,0,0,0,157.666,0,0,0
"MtrElec",2,21,7,"",233.497,0,0,0,0,0,0,0,0,0,0,0,0,0,0,0,0,0,0,0,0,233.497,0,0,0
"MtrElec",2,21,8,"",237.849,0,0,0,0,0,0,0,0,0,0,0,0,0,0,0,0,0,0,0,0,243.65,0,0,-5.80114
"MtrElec",2,21,9,"",79.5531,0,0,0,0,0,0,0,0,0,0,0,0,0,0,0,0,0,0,0,0,289.76,0,0,-210.207
"MtrElec",2,21,10,"",-23.4691,0,0,0,0,0,0,0,0,0,0,0,0,0,0,0,0,0,0,0,0,382.893,0,0,-406.362
"MtrElec",2,21,11,"",160.793,0,0,0,0,0,0,0,0,0,0,0,0,0,0,0,0,0,0,0,0,497.753,0,0,-336.96
"MtrElec",2,21,12,"",110.082,0,0,0,0,0,0,0,0,0,0,0,0,0,0,0,0,0,0,0,0,501.649,0,0,-391.567
"MtrElec",2,21,13,"",101.223,0,0,0,0,0,0,0,0,0,0,0,0,0,0,0,0,0,0,0,0,460.028,0,0,-358.806
"MtrElec",2,21,14,"",159.456,0,0,0,0,0,0,0,0,0,0,0,0,0,0,0,0,0,0,0,0,417.294,0,0,-257.839
"MtrElec",2,21,15,"",249.772,0,0,0,0,0,0,0,0,0,0,0,0,0,0,0,0,0,0,0,0,414.756,0,0,-164.984
"MtrElec",2,21,16,"",264.668,0,0,0,0,0,0,0,0,0,0,0,0,0,0,0,0,0,0,0,0,407.597,0,0,-142.929
"MtrElec",2,21,17,"",402.463,0,0,0,0,0,0,0,0,0,0,0,0,0,0,0,0,0,0,0,0,411.838,0,0,-9.37533
"MtrElec",2,21,18,"",420.642,0,0,0,0,0,0,0,0,0,0,0,0,0,0,0,0,0,0,0,0,420.642,0,0,0
"MtrElec",2,21,19,"",514.128,0,0,0,0,0,0,0,0,0,0,0,0,0,0,0,0,0,0,0,0,514.128,0,0,0
"MtrElec",2,21,20,"",429.742,0,0,0,0,0,0,0,0,0,0,0,0,0,0,0,0,0,0,0,0,429.742,0,0,0
"MtrElec",2,21,21,"",279.681,0,0,0,0,0,0,0,0,0,0,0,0,0,0,0,0,0,0,0,0,279.681,0,0,0
"MtrElec",2,21,22,"",331.535,0,0,0,0,0,0,0,0,0,0,0,0,0,0,0,0,0,0,0,0,331.535,0,0,0
"MtrElec",2,21,23,"",225.163,0,0,0,0,0,0,0,0,0,0,0,0,0,0,0,0,0,0,0,0,225.163,0,0,0
"MtrElec",2,21,24,"",261.836,0,0,0,0,0,0,0,0,0,0,0,0,0,0,0,0,0,0,0,0,261.836,0,0,0
"MtrElec",2,22,1,"",191.622,0,0,0,0,0,0,0,0,0,0,0,0,0,0,0,0,0,0,0,0,191.622,0,0,0
"MtrElec",2,22,2,"",163.002,0,0,0,0,0,0,0,0,0,0,0,0,0,0,0,0,0,0,0,0,163.002,0,0,0
"MtrElec",2,22,3,"",161.207,0,0,0,0,0,0,0,0,0,0,0,0,0,0,0,0,0,0,0,0,161.207,0,0,0
"MtrElec",2,22,4,"",164.176,0,0,0,0,0,0,0,0,0,0,0,0,0,0,0,0,0,0,0,0,164.176,0,0,0
"MtrElec",2,22,5,"",174.882,0,0,0,0,0,0,0,0,0,0,0,0,0,0,0,0,0,0,0,0,174.882,0,0,0
"MtrElec",2,22,6,"",158.985,0,0,0,0,0,0,0,0,0,0,0,0,0,0,0,0,0,0,0,0,158.985,0,0,0
"MtrElec",2,22,7,"",189.583,0,0,0,0,0,0,0,0,0,0,0,0,0,0,0,0,0,0,0,0,189.811,0,0,-0.227777
"MtrElec",2,22,8,"",148.682,0,0,0,0,0,0,0,0,0,0,0,0,0,0,0,0,0,0,0,0,221.23,0,0,-72.5478
"MtrElec",2,22,9,"",180.359,0,0,0,0,0,0,0,0,0,0,0,0,0,0,0,0,0,0,0,0,278.137,0,0,-97.778
"MtrElec",2,22,10,"",159.776,0,0,0,0,0,0,0,0,0,0,0,0,0,0,0,0,0,0,0,0,285.703,0,0,-125.927
"MtrElec",2,22,11,"",242.296,0,0,0,0,0,0,0,0,0,0,0,0,0,0,0,0,0,0,0,0,351.355,0,0,-109.058
"MtrElec",2,22,12,"",312.715,0,0,0,0,0,0,0,0,0,0,0,0,0,0,0,0,0,0,0,0,387.65,0,0,-74.9345
"MtrElec",2,22,13,"",61.9275,0,0,0,0,0,0,0,0,0,0,0,0,0,0,0,0,0,0,0,0,384.282,0,0,-322.354
"MtrElec",2,22,14,"",0,0,0,0,0,0,0,0,0,0,0,0,0,0,0,0,0,0,0,0,0,314.527,0,108.269,-422.796
"MtrElec",2,22,15,"",201.119,0,0,0,0,0,0,0,0,0,0,0,0,0,0,0,0,0,0,0,0,365.536,0,0,-164.417
"MtrElec",2,22,16,"",24.0333,0,0,0,0,0,0,0,0,0,0,0,0,0,0,0,0,0,0,0,0,280.605,0,0,-256.571
"MtrElec",2,22,17,"",198.236,0,0,0,0,0,0,0,0,0,0,0,0,0,0,0,0,0,0,0,0,358.258,0,0,-160.021
"MtrElec",2,22,18,"",309.824,0,0,0,0,0,0,0,0,0,0,0,0,0,0,0,0,0,0,0,0,330.363,0,0,-20.5389
"MtrElec",2,22,19,"",318.818,0,0,0,0,0,0,0,0,0,0,0,0,0,0,0,0,0,0,0,0,416.53,0,-97.7126,0
"MtrElec",2,22,20,"",377.649,0,0,0,0,0,0,0,0,0,0,0,0,0,0,0,0,0,0,0,0,377.649,0,0,0
"MtrElec",2,22,21,"",318.242,0,0,0,0,0,0,0,0,0,0,0,0,0,0,0,0,0,0,0,0,318.242,0,0,0
"MtrElec",2,22,22,"",364.898,0,0,0,0,0,0,0,0,0,0,0,0,0,0,0,0,0,0,0,0,364.898,0,0,0
"MtrElec",2,22,23,"",206.857,0,0,0,0,0,0,0,0,0,0,0,0,0,0,0,0,0,0,0,0,206.857,0,0,0
"MtrElec",2,22,24,"",250.966,0,0,0,0,0,0,0,0,0,0,0,0,0,0,0,0,0,0,0,0,250.966,0,0,0
"MtrElec",2,23,1,"",174.124,0,0,0,0,0,0,0,0,0,0,0,0,0,0,0,0,0,0,0,0,174.124,0,0,0
"MtrElec",2,23,2,"",162.903,0,0,0,0,0,0,0,0,0,0,0,0,0,0,0,0,0,0,0,0,162.903,0,0,0
"MtrElec",2,23,3,"",158.131,0,0,0,0,0,0,0,0,0,0,0,0,0,0,0,0,0,0,0,0,158.131,0,0,0
"MtrElec",2,23,4,"",161.698,0,0,0,0,0,0,0,0,0,0,0,0,0,0,0,0,0,0,0,0,161.698,0,0,0
"MtrElec",2,23,5,"",160.696,0,0,0,0,0,0,0,0,0,0,0,0,0,0,0,0,0,0,0,0,160.696,0,0,0
"MtrElec",2,23,6,"",183.833,0,0,0,0,0,0,0,0,0,0,0,0,0,0,0,0,0,0,0,0,183.833,0,0,0
"MtrElec",2,23,7,"",284.604,0,0,0,0,0,0,0,0,0,0,0,0,0,0,0,0,0,0,0,0,286.715,0,0,-2.11028
"MtrElec",2,23,8,"",235.627,0,0,0,0,0,0,0,0,0,0,0,0,0,0,0,0,0,0,0,0,322.466,0,0,-86.8387
"MtrElec",2,23,9,"",134.354,0,0,0,0,0,0,0,0,0,0,0,0,0,0,0,0,0,0,0,0,364.065,0,0,-229.711
"MtrElec",2,23,10,"",-7.33388,0,0,0,0,0,0,0,0,0,0,0,0,0,0,0,0,0,0,0,0,466.419,0,0,-473.753
"MtrElec",2,23,11,"",0.0000078,0,0,0,0,0,0,0,0,0,0,0,0,0,0,0,0,0,0,0,0,455.084,0,72.8165,-527.9
"MtrElec",2,23,12,"",-30.6852,0,0,0,0,0,0,0,0,0,0,0,0,0,0,0,0,0,0,0,0,422.293,0,223.217,-676.195
"MtrElec",2,23,13,"",0,0,0,0,0,0,0,0,0,0,0,0,0,0,0,0,0,0,0,0,0,382.76,0,12.1145,-394.875
"MtrElec",2,23,14,"",262.624,0,0,0,0,0,0,0,0,0,0,0,0,0,0,0,0,0,0,0,0,371.558,0,0,-108.934
"MtrElec",2,23,15,"",211.859,0,0,0,0,0,0,0,0,0,0,0,0,0,0,0,0,0,0,0,0,338.526,0,0,-126.667
"MtrElec",2,23,16,"",243.439,0,0,0,0,0,0,0,0,0,0,0,0,0,0,0,0,0,0,0,0,376.857,0,0,-133.418
"MtrElec",2,23,17,"",336.59,0,0,0,0,0,0,0,0,0,0,0,0,0,0,0,0,0,0,0,0,352.01,0,0,-15.4198
"MtrElec",2,23,18,"",437.614,0,0,0,0,0,0,0,0,0,0,0,0,0,0,0,0,0,0,0,0,437.614,0,0,0
"MtrElec",2,23,19,"",176.413,0,0,0,0,0,0,0,0,0,0,0,0,0,0,0,0,0,0,0,0,399.63,0,-223.217,0
"MtrElec",2,23,20,"",389.217,0,0,0,0,0,0,0,0,0,0,0,0,0,0,0,0,0,0,0,0,444.104,0,-54.8865,0
"MtrElec",2,23,21,"",394.556,0,0,0,0,0,0,0,0,0,0,0,0,0,0,0,0,0,0,0,0,394.556,0,0,0
"MtrElec",2,23,22,"",336.37,0,0,0,0,0,0,0,0,0,0,0,0,0,0,0,0,0,0,0,0,336.37,0,0,0
"MtrElec",2,23,23,"",244.555,0,0,0,0,0,0,0,0,0,0,0,0,0,0,0,0,0,0,0,0,244.555,0,0,0
"MtrElec",2,23,24,"",225.841,0,0,0,0,0,0,0,0,0,0,0,0,0,0,0,0,0,0,0,0,225.841,0,0,0
"MtrElec",2,24,1,"",155.62,0,0,0,0,0,0,0,0,0,0,0,0,0,0,0,0,0,0,0,0,155.62,0,0,0
"MtrElec",2,24,2,"",158.64,0,0,0,0,0,0,0,0,0,0,0,0,0,0,0,0,0,0,0,0,158.64,0,0,0
"MtrElec",2,24,3,"",157.56,0,0,0,0,0,0,0,0,0,0,0,0,0,0,0,0,0,0,0,0,157.56,0,0,0
"MtrElec",2,24,4,"",163.544,0,0,0,0,0,0,0,0,0,0,0,0,0,0,0,0,0,0,0,0,163.544,0,0,0
"MtrElec",2,24,5,"",202.58,0,0,0,0,0,0,0,0,0,0,0,0,0,0,0,0,0,0,0,0,202.58,0,0,0
"MtrElec",2,24,6,"",164.617,0,0,0,0,0,0,0,0,0,0,0,0,0,0,0,0,0,0,0,0,164.617,0,0,0
"MtrElec",2,24,7,"",270.874,0,0,0,0,0,0,0,0,0,0,0,0,0,0,0,0,0,0,0,0,270.874,0,0,0
"MtrElec",2,24,8,"",271.575,0,0,0,0,0,0,0,0,0,0,0,0,0,0,0,0,0,0,0,0,318.989,0,0,-47.4139
"MtrElec",2,24,9,"",259.889,0,0,0,0,0,0,0,0,0,0,0,0,0,0,0,0,0,0,0,0,375.455,0,0,-115.566
"MtrElec",2,24,10,"",162.609,0,0,0,0,0,0,0,0,0,0,0,0,0,0,0,0,0,0,0,0,431.479,0,0,-268.87
"MtrElec",2,24,11,"",237.637,0,0,0,0,0,0,0,0,0,0,0,0,0,0,0,0,0,0,0,0,446.468,0,0,-208.831
"MtrElec",2,24,12,"",120.736,0,0,0,0,0,0,0,0,0,0,0,0,0,0,0,0,0,0,0,0,428.595,0,0,-307.859
"MtrElec",2,24,13,"",0,0,0,0,0,0,0,0,0,0,0,0,0,0,0,0,0,0,0,0,0,393.88,0,0.309344,-394.19
"MtrElec",2,24,14,"",69.6742,0,0,0,0,0,0,0,0,0,0,0,0,0,0,0,0,0,0,0,0,367.58,0,0,-297.905
"MtrElec",2,24,15,"",81.9447,0,0,0,0,0,0,0,0,0,0,0,0,0,0,0,0,0,0,0,0,326.538,0,0,-244.593
"MtrElec",2,24,16,"",176.057,0,0,0,0,0,0,0,0,0,0,0,0,0,0,0,0,0,0,0,0,365.99,0,0,-189.932
"MtrElec",2,24,17,"",261.25,0,0,0,0,0,0,0,0,0,0,0,0,0,0,0,0,0,0,0,0,367.648,0,0,-106.398
"MtrElec",2,24,18,"",426.359,0,0,0,0,0,0,0,0,0,0,0,0,0,0,0,0,0,0,0,0,443.254,0,0,-16.8954
"MtrElec",2,24,19,"",372.163,0,0,0,0,0,0,0,0,0,0,0,0,0,0,0,0,0,0,0,0,372.442,0,-0.279183,0
"MtrElec",2,24,20,"",427.261,0,0,0,0,0,0,0,0,0,0,0,0,0,0,0,0,0,0,0,0,427.261,0,0,0
"MtrElec",2,24,21,"",453.289,0,0,0,0,0,0,0,0,0,0,0,0,0,0,0,0,0,0,0,0,453.289,0,0,0
"MtrElec",2,24,22,"",274.441,0,0,0,0,0,0,0,0,0,0,0,0,0,0,0,0,0,0,0,0,274.441,0,0,0
"MtrElec",2,24,23,"",318.963,0,0,0,0,0,0,0,0,0,0,0,0,0,0,0,0,0,0,0,0,318.963,0,0,0
"MtrElec",2,24,24,"",192.427,0,0,0,0,0,0,0,0,0,0,0,0,0,0,0,0,0,0,0,0,192.427,0,0,0
"MtrElec",2,25,1,"",180.36,0,0,0,0,0,0,0,0,0,0,0,0,0,0,0,0,0,0,0,0,180.36,0,0,0
"MtrElec",2,25,2,"",159.024,0,0,0,0,0,0,0,0,0,0,0,0,0,0,0,0,0,0,0,0,159.024,0,0,0
"MtrElec",2,25,3,"",189.697,0,0,0,0,0,0,0,0,0,0,0,0,0,0,0,0,0,0,0,0,189.697,0,0,0
"MtrElec",2,25,4,"",175.406,0,0,0,0,0,0,0,0,0,0,0,0,0,0,0,0,0,0,0,0,175.406,0,0,0
"MtrElec",2,25,5,"",162.975,0,0,0,0,0,0,0,0,0,0,0,0,0,0,0,0,0,0,0,0,162.975,0,0,0
"MtrElec",2,25,6,"",167.71,0,0,0,0,0,0,0,0,0,0,0,0,0,0,0,0,0,0,0,0,167.71,0,0,0
"MtrElec",2,25,7,"",250.266,0,0,0,0,0,0,0,0,0,0,0,0,0,0,0,0,0,0,0,0,259.673,0,0,-9.40648
"MtrElec",2,25,8,"",140.849,0,0,0,0,0,0,0,0,0,0,0,0,0,0,0,0,0,0,0,0,309.071,0,0,-168.222
"MtrElec",2,25,9,"",-10.377,0,0,0,0,0,0,0,0,0,0,0,0,0,0,0,0,0,0,0,0,360.871,0,0,-371.248
"MtrElec",2,25,10,"",-15.8837,0,0,0,0,0,0,0,0,0,0,0,0,0,0,0,0,0,0,0,0,393.993,0,0,-409.877
"MtrElec",2,25,11,"",0,0,0,0,0,0,0,0,0,0,0,0,0,0,0,0,0,0,0,0,0,398.166,0,187.803,-585.969
"MtrElec",2,25,12,"",-56.6725,0,0,0,0,0,0,0,0,0,0,0,0,0,0,0,0,0,0,0,0,412.101,0,223.217,-691.991
"MtrElec",2,25,13,"",-117.978,0,0,0,0,0,0,0,0,0,0,0,0,0,0,0,0,0,0,0,0,338.801,0,223.217,-679.996
"MtrElec",2,25,14,"",-75.7642,0,0,0,0,0,0,0,0,0,0,0,0,0,0,0,0,0,0,0,0,385.544,0,164.645,-625.953
"MtrElec",2,25,15,"",-207.488,0,0,0,0,0,0,0,0,0,0,0,0,0,0,0,0,0,0,0,0,334.608,0,0,-542.097
"MtrElec",2,25,16,"",-4.66434,0,0,0,0,0,0,0,0,0,0,0,0,0,0,0,0,0,0,0,0,390.229,0,0,-394.894
"MtrElec",2,25,17,"",179.462,0,0,0,0,0,0,0,0,0,0,0,0,0,0,0,0,0,0,0,0,376.386,0,0,-196.924
"MtrElec",2,25,18,"",403.109,0,0,0,0,0,0,0,0,0,0,0,0,0,0,0,0,0,0,0,0,426.77,0,0,-23.6612
"MtrElec",2,25,19,"",156.182,0,0,0,0,0,0,0,0,0,0,0,0,0,0,0,0,0,0,0,0,379.399,0,-223.217,0
"MtrElec",2,25,20,"",199.575,0,0,0,0,0,0,0,0,0,0,0,0,0,0,0,0,0,0,0,0,422.791,0,-223.217,0
"MtrElec",2,25,21,"",153.173,0,0,0,0,0,0,0,0,0,0,0,0,0,0,0,0,0,0,0,0,376.39,0,-223.217,0
"MtrElec",2,25,22,"",278.572,0,0,0,0,0,0,0,0,0,0,0,0,0,0,0,0,0,0,0,0,329.912,0,-51.3398,0
"MtrElec",2,25,23,"",297.001,0,0,0,0,0,0,0,0,0,0,0,0,0,0,0,0,0,0,0,0,297.001,0,0,0
"MtrElec",2,25,24,"",213.599,0,0,0,0,0,0,0,0,0,0,0,0,0,0,0,0,0,0,0,0,213.599,0,0,0
"MtrElec",2,26,1,"",167.368,0,0,0,0,0,0,0,0,0,0,0,0,0,0,0,0,0,0,0,0,167.368,0,0,0
"MtrElec",2,26,2,"",155.887,0,0,0,0,0,0,0,0,0,0,0,0,0,0,0,0,0,0,0,0,155.887,0,0,0
"MtrElec",2,26,3,"",153.247,0,0,0,0,0,0,0,0,0,0,0,0,0,0,0,0,0,0,0,0,153.247,0,0,0
"MtrElec",2,26,4,"",195.271,0,0,0,0,0,0,0,0,0,0,0,0,0,0,0,0,0,0,0,0,195.271,0,0,0
"MtrElec",2,26,5,"",159.73,0,0,0,0,0,0,0,0,0,0,0,0,0,0,0,0,0,0,0,0,159.73,0,0,0
"MtrElec",2,26,6,"",167.701,0,0,0,0,0,0,0,0,0,0,0,0,0,0,0,0,0,0,0,0,167.701,0,0,0
"MtrElec",2,26,7,"",249.27,0,0,0,0,0,0,0,0,0,0,0,0,0,0,0,0,0,0,0,0,259.599,0,0,-10.3288
"MtrElec",2,26,8,"",144.687,0,0,0,0,0,0,0,0,0,0,0,0,0,0,0,0,0,0,0,0,318.584,0,0,-173.897
"MtrElec",2,26,9,"",10.4486,0,0,0,0,0,0,0,0,0,0,0,0,0,0,0,0,0,0,0,0,382.511,0,0,-372.062
"MtrElec",2,26,10,"",-48.9888,0,0,0,0,0,0,0,0,0,0,0,0,0,0,0,0,0,0,0,0,465.447,0,0,-514.435
"MtrElec",2,26,11,"",0,0,0,0,0,0,0,0,0,0,0,0,0,0,0,0,0,0,0,0,0,479.317,0,136.72,-616.037
"MtrElec",2,26,12,"",0,0,0,0,0,0,0,0,0,0,0,0,0,0,0,0,0,0,0,0,0,457.179,0,206.873,-664.052
"MtrElec",2,26,13,"",0.0000156,0,0,0,0,0,0,0,0,0,0,0,0,0,0,0,0,0,0,0,0,457.008,0,192.685,-649.694
"MtrElec",2,26,14,"",0,0,0,0,0,0,0,0,0,0,0,0,0,0,0,0,0,0,0,0,0,394.464,0,206.819,-601.283
"MtrElec",2,26,15,"",-73.616,0,0,0,0,0,0,0,0,0,0,0,0,0,0,0,0,0,0,0,0,378.696,0,55.784,-508.096
"MtrElec",2,26,16,"",66.3036,0,0,0,0,0,0,0,0,0,0,0,0,0,0,0,0,0,0,0,0,437.112,0,0,-370.809
"MtrElec",2,26,17,"",238.659,0,0,0,0,0,0,0,0,0,0,0,0,0,0,0,0,0,0,0,0,428.087,0,0,-189.428
"MtrElec",2,26,18,"",414.064,0,0,0,0,0,0,0,0,0,0,0,0,0,0,0,0,0,0,0,0,437.249,0,0,-23.1848
"MtrElec",2,26,19,"",214.233,0,0,0,0,0,0,0,0,0,0,0,0,0,0,0,0,0,0,0,0,437.45,0,-223.217,0
"MtrElec",2,26,20,"",228.322,0,0,0,0,0,0,0,0,0,0,0,0,0,0,0,0,0,0,0,0,451.539,0,-223.217,0
"MtrElec",2,26,21,"",162.799,0,0,0,0,0,0,0,0,0,0,0,0,0,0,0,0,0,0,0,0,386.015,0,-223.217,0
"MtrElec",2,26,22,"",254.078,0,0,0,0,0,0,0,0,0,0,0,0,0,0,0,0,0,0,0,0,305.418,0,-51.3398,0
"MtrElec",2,26,23,"",309.257,0,0,0,0,0,0,0,0,0,0,0,0,0,0,0,0,0,0,0,0,309.257,0,0,0
"MtrElec",2,26,24,"",226.118,0,0,0,0,0,0,0,0,0,0,0,0,0,0,0,0,0,0,0,0,226.118,0,0,0
"MtrElec",2,27,1,"",151.64,0,0,0,0,0,0,0,0,0,0,0,0,0,0,0,0,0,0,0,0,151.64,0,0,0
"MtrElec",2,27,2,"",151.37,0,0,0,0,0,0,0,0,0,0,0,0,0,0,0,0,0,0,0,0,151.37,0,0,0
"MtrElec",2,27,3,"",146.712,0,0,0,0,0,0,0,0,0,0,0,0,0,0,0,0,0,0,0,0,146.712,0,0,0
"MtrElec",2,27,4,"",147.564,0,0,0,0,0,0,0,0,0,0,0,0,0,0,0,0,0,0,0,0,147.564,0,0,0
"MtrElec",2,27,5,"",186.331,0,0,0,0,0,0,0,0,0,0,0,0,0,0,0,0,0,0,0,0,186.331,0,0,0
"MtrElec",2,27,6,"",159.288,0,0,0,0,0,0,0,0,0,0,0,0,0,0,0,0,0,0,0,0,159.288,0,0,0
"MtrElec",2,27,7,"",258.412,0,0,0,0,0,0,0,0,0,0,0,0,0,0,0,0,0,0,0,0,268.306,0,0,-9.89457
"MtrElec",2,27,8,"",131.491,0,0,0,0,0,0,0,0,0,0,0,0,0,0,0,0,0,0,0,0,300.664,0,0,-169.173
"MtrElec",2,27,9,"",15.7386,0,0,0,0,0,0,0,0,0,0,0,0,0,0,0,0,0,0,0,0,378.44,0,0,-362.702
"MtrElec",2,27,10,"",-50.6788,0,0,0,0,0,0,0,0,0,0,0,0,0,0,0,0,0,0,0,0,459.933,0,0,-510.611
"MtrElec",2,27,11,"",0,0,0,0,0,0,0,0,0,0,0,0,0,0,0,0,0,0,0,0,0,405.85,0,199.872,-605.722
"MtrElec",2,27,12,"",0,0,0,0,0,0,0,0,0,0,0,0,0,0,0,0,0,0,0,0,0,442.483,0,206.952,-649.434
"MtrElec",2,27,13,"",0,0,0,0,0,0,0,0,0,0,0,0,0,0,0,0,0,0,0,0,0,512.664,0,152.64,-665.304
"MtrElec",2,27,14,"",-15.8869,0,0,0,0,0,0,0,0,0,0,0,0,0,0,0,0,0,0,0,0,387.994,0,223.217,-627.098
"MtrElec",2,27,15,"",-89.4711,0,0,0,0,0,0,0,0,0,0,0,0,0,0,0,0,0,0,0,0,429.885,0,16.2005,-535.557
"MtrElec",2,27,16,"",-3.54553,0,0,0,0,0,0,0,0,0,0,0,0,0,0,0,0,0,0,0,0,387.851,0,0,-391.397
"MtrElec",2,27,17,"",267.273,0,0,0,0,0,0,0,0,0,0,0,0,0,0,0,0,0,0,0,0,464.59,0,0,-197.317
"MtrElec",2,27,18,"",413.157,0,0,0,0,0,0,0,0,0,0,0,0,0,0,0,0,0,0,0,0,437.017,0,0,-23.86
"MtrElec",2,27,19,"",188.113,0,0,0,0,0,0,0,0,0,0,0,0,0,0,0,0,0,0,0,0,411.33,0,-223.217,0
"MtrElec",2,27,20,"",231.652,0,0,0,0,0,0,0,0,0,0,0,0,0,0,0,0,0,0,0,0,454.869,0,-223.217,0
"MtrElec",2,27,21,"",145.813,0,0,0,0,0,0,0,0,0,0,0,0,0,0,0,0,0,0,0,0,369.03,0,-223.217,0
"MtrElec",2,27,22,"",253.86,0,0,0,0,0,0,0,0,0,0,0,0,0,0,0,0,0,0,0,0,305.2,0,-51.3398,0
"MtrElec",2,27,23,"",320.357,0,0,0,0,0,0,0,0,0,0,0,0,0,0,0,0,0,0,0,0,320.357,0,0,0
"MtrElec",2,27,24,"",255.704,0,0,0,0,0,0,0,0,0,0,0,0,0,0,0,0,0,0,0,0,255.704,0,0,0
"MtrElec",2,28,1,"",166.128,0,0,0,0,0,0,0,0,0,0,0,0,0,0,0,0,0,0,0,0,166.128,0,0,0
"MtrElec",2,28,2,"",151.63,0,0,0,0,0,0,0,0,0,0,0,0,0,0,0,0,0,0,0,0,151.63,0,0,0
"MtrElec",2,28,3,"",152.179,0,0,0,0,0,0,0,0,0,0,0,0,0,0,0,0,0,0,0,0,152.179,0,0,0
"MtrElec",2,28,4,"",169.911,0,0,0,0,0,0,0,0,0,0,0,0,0,0,0,0,0,0,0,0,169.911,0,0,0
"MtrElec",2,28,5,"",180.336,0,0,0,0,0,0,0,0,0,0,0,0,0,0,0,0,0,0,0,0,180.336,0,0,0
"MtrElec",2,28,6,"",152.029,0,0,0,0,0,0,0,0,0,0,0,0,0,0,0,0,0,0,0,0,152.029,0,0,0
"MtrElec",2,28,7,"",163.762,0,0,0,0,0,0,0,0,0,0,0,0,0,0,0,0,0,0,0,0,168.5,0,0,-4.73842
"MtrElec",2,28,8,"",145.965,0,0,0,0,0,0,0,0,0,0,0,0,0,0,0,0,0,0,0,0,267.184,0,0,-121.218
"MtrElec",2,28,9,"",-69.5405,0,0,0,0,0,0,0,0,0,0,0,0,0,0,0,0,0,0,0,0,296.676,0,0,-366.216
"MtrElec",2,28,10,"",-128.986,0,0,0,0,0,0,0,0,0,0,0,0,0,0,0,0,0,0,0,0,378.761,0,0,-507.747
"MtrElec",2,28,11,"",0,0,0,0,0,0,0,0,0,0,0,0,0,0,0,0,0,0,0,0,0,494.887,0,104.574,-599.46
"MtrElec",2,28,12,"",0,0,0,0,0,0,0,0,0,0,0,0,0,0,0,0,0,0,0,0,0,527.196,0,118.069,-645.265
"MtrElec",2,28,13,"",0,0,0,0,0,0,0,0,0,0,0,0,0,0,0,0,0,0,0,0,0,506.177,0,150.797,-656.974
"MtrElec",2,28,14,"",0,0,0,0,0,0,0,0,0,0,0,0,0,0,0,0,0,0,0,0,0,458.206,0,164.22,-622.426
"MtrElec",2,28,15,"",0.0000078,0,0,0,0,0,0,0,0,0,0,0,0,0,0,0,0,0,0,0,0,441.654,0,82.1591,-523.813
"MtrElec",2,28,16,"",63.3353,0,0,0,0,0,0,0,0,0,0,0,0,0,0,0,0,0,0,0,0,440.098,0,0,-376.762
"MtrElec",2,28,17,"",232.484,0,0,0,0,0,0,0,0,0,0,0,0,0,0,0,0,0,0,0,0,426.395,0,0,-193.911
"MtrElec",2,28,18,"",393.931,0,0,0,0,0,0,0,0,0,0,0,0,0,0,0,0,0,0,0,0,417.544,0,0,-23.6121
"MtrElec",2,28,19,"",247.249,0,0,0,0,0,0,0,0,0,0,0,0,0,0,0,0,0,0,0,0,470.466,0,-223.217,0
"MtrElec",2,28,20,"",177.867,0,0,0,0,0,0,0,0,0,0,0,0,0,0,0,0,0,0,0,0,401.083,0,-223.217,0
"MtrElec",2,28,21,"",209.301,0,0,0,0,0,0,0,0,0,0,0,0,0,0,0,0,0,0,0,0,322.254,0,-112.953,0
"MtrElec",2,28,22,"",321.099,0,0,0,0,0,0,0,0,0,0,0,0,0,0,0,0,0,0,0,0,321.099,0,0,0
"MtrElec",2,28,23,"",260.703,0,0,0,0,0,0,0,0,0,0,0,0,0,0,0,0,0,0,0,0,260.703,0,0,0
"MtrElec",2,28,24,"",225.891,0,0,0,0,0,0,0,0,0,0,0,0,0,0,0,0,0,0,0,0,225.891,0,0,0
"MtrElec",3,1,1,"",168.503,0,0,0,0,0,0,0,0,0,0,0,0,0,0,0,0,0,0,0,0,168.503,0,0,0
"MtrElec",3,1,2,"",151.407,0,0,0,0,0,0,0,0,0,0,0,0,0,0,0,0,0,0,0,0,151.407,0,0,0
"MtrElec",3,1,3,"",150.341,0,0,0,0,0,0,0,0,0,0,0,0,0,0,0,0,0,0,0,0,150.341,0,0,0
"MtrElec",3,1,4,"",148.94,0,0,0,0,0,0,0,0,0,0,0,0,0,0,0,0,0,0,0,0,148.94,0,0,0
"MtrElec",3,1,5,"",199.516,0,0,0,0,0,0,0,0,0,0,0,0,0,0,0,0,0,0,0,0,199.516,0,0,0
"MtrElec",3,1,6,"",156.472,0,0,0,0,0,0,0,0,0,0,0,0,0,0,0,0,0,0,0,0,156.472,0,0,0
"MtrElec",3,1,7,"",161.796,0,0,0,0,0,0,0,0,0,0,0,0,0,0,0,0,0,0,0,0,167.45,0,0,-5.65406
"MtrElec",3,1,8,"",149.566,0,0,0,0,0,0,0,0,0,0,0,0,0,0,0,0,0,0,0,0,265.508,0,0,-115.942
"MtrElec",3,1,9,"",-78.3345,0,0,0,0,0,0,0,0,0,0,0,0,0,0,0,0,0,0,0,0,276.043,0,0,-354.378
"MtrElec",3,1,10,"",-216.852,0,0,0,0,0,0,0,0,0,0,0,0,0,0,0,0,0,0,0,0,313.316,0,0,-530.168
"MtrElec",3,1,11,"",-36.5665,0,0,0,0,0,0,0,0,0,0,0,0,0,0,0,0,0,0,0,0,375.994,0,223.217,-635.777
"MtrElec",3,1,12,"",-43.0433,0,0,0,0,0,0,0,0,0,0,0,0,0,0,0,0,0,0,0,0,419.192,0,223.217,-685.452
"MtrElec",3,1,13,"",-31.4367,0,0,0,0,0,0,0,0,0,0,0,0,0,0,0,0,0,0,0,0,438.204,0,223.217,-692.858
"MtrElec",3,1,14,"",-208.308,0,0,0,0,0,0,0,0,0,0,0,0,0,0,0,0,0,0,0,0,320.412,0,129.231,-657.951
"MtrElec",3,1,15,"",-188.906,0,0,0,0,0,0,0,0,0,0,0,0,0,0,0,0,0,0,0,0,368.204,0,0,-557.11
"MtrElec",3,1,16,"",-84.4893,0,0,0,0,0,0,0,0,0,0,0,0,0,0,0,0,0,0,0,0,319.633,0,0,-404.122
"MtrElec",3,1,17,"",139.421,0,0,0,0,0,0,0,0,0,0,0,0,0,0,0,0,0,0,0,0,330.985,0,0,-191.564
"MtrElec",3,1,18,"",339.561,0,0,0,0,0,0,0,0,0,0,0,0,0,0,0,0,0,0,0,0,358.172,0,0,-18.6118
"MtrElec",3,1,19,"",212.227,0,0,0,0,0,0,0,0,0,0,0,0,0,0,0,0,0,0,0,0,435.444,0,-223.217,0
"MtrElec",3,1,20,"",150.078,0,0,0,0,0,0,0,0,0,0,0,0,0,0,0,0,0,0,0,0,373.295,0,-223.217,0
"MtrElec",3,1,21,"",123.644,0,0,0,0,0,0,0,0,0,0,0,0,0,0,0,0,0,0,0,0,346.861,0,-223.217,0
"MtrElec",3,1,22,"",305.263,0,0,0,0,0,0,0,0,0,0,0,0,0,0,0,0,0,0,0,0,356.603,0,-51.3398,0
"MtrElec",3,1,23,"",207.924,0,0,0,0,0,0,0,0,0,0,0,0,0,0,0,0,0,0,0,0,207.924,0,0,0
"MtrElec",3,1,24,"",190.094,0,0,0,0,0,0,0,0,0,0,0,0,0,0,0,0,0,0,0,0,190.094,0,0,0
"MtrElec",3,2,1,"",160.162,0,0,0,0,0,0,0,0,0,0,0,0,0,0,0,0,0,0,0,0,160.162,0,0,0
"MtrElec",3,2,2,"",159.828,0,0,0,0,0,0,0,0,0,0,0,0,0,0,0,0,0,0,0,0,159.828,0,0,0
"MtrElec",3,2,3,"",154.065,0,0,0,0,0,0,0,0,0,0,0,0,0,0,0,0,0,0,0,0,154.065,0,0,0
"MtrElec",3,2,4,"",153.832,0,0,0,0,0,0,0,0,0,0,0,0,0,0,0,0,0,0,0,0,153.832,0,0,0
"MtrElec",3,2,5,"",196.14,0,0,0,0,0,0,0,0,0,0,0,0,0,0,0,0,0,0,0,0,196.14,0,0,0
"MtrElec",3,2,6,"",159.482,0,0,0,0,0,0,0,0,0,0,0,0,0,0,0,0,0,0,0,0,159.482,0,0,0
"MtrElec",3,2,7,"",251.535,0,0,0,0,0,0,0,0,0,0,0,0,0,0,0,0,0,0,0,0,273.305,0,0,-21.7701
"MtrElec",3,2,8,"",120.498,0,0,0,0,0,0,0,0,0,0,0,0,0,0,0,0,0,0,0,0,303.03,0,0,-182.532
"MtrElec",3,2,9,"",-12.4999,0,0,0,0,0,0,0,0,0,0,0,0,0,0,0,0,0,0,0,0,367.583,0,0,-380.083
"MtrElec",3,2,10,"",-127.237,0,0,0,0,0,0,0,0,0,0,0,0,0,0,0,0,0,0,0,0,406.324,0,0,-533.561
"MtrElec",3,2,11,"",-8.13912,0,0,0,0,0,0,0,0,0,0,0,0,0,0,0,0,0,0,0,0,399.36,0,223.217,-630.716
"MtrElec",3,2,12,"",-31.9569,0,0,0,0,0,0,0,0,0,0,0,0,0,0,0,0,0,0,0,0,424.033,0,223.217,-679.207
"MtrElec",3,2,13,"",-122.206,0,0,0,0,0,0,0,0,0,0,0,0,0,0,0,0,0,0,0,0,342.401,0,223.217,-687.824
"MtrElec",3,2,14,"",-148.501,0,0,0,0,0,0,0,0,0,0,0,0,0,0,0,0,0,0,0,0,364.969,0,129.231,-642.701
"MtrElec",3,2,15,"",-227.648,0,0,0,0,0,0,0,0,0,0,0,0,0,0,0,0,0,0,0,0,314.887,0,0,-542.535
"MtrElec",3,2,16,"",-25.9527,0,0,0,0,0,0,0,0,0,0,0,0,0,0,0,0,0,0,0,0,366.092,0,0,-392.045
"MtrElec",3,2,17,"",211.673,0,0,0,0,0,0,0,0,0,0,0,0,0,0,0,0,0,0,0,0,341.316,0,0,-129.643
"MtrElec",3,2,18,"",420.116,0,0,0,0,0,0,0,0,0,0,0,0,0,0,0,0,0,0,0,0,430.186,0,0,-10.07
"MtrElec",3,2,19,"",160.461,0,0,0,0,0,0,0,0,0,0,0,0,0,0,0,0,0,0,0,0,383.678,0,-223.217,0
"MtrElec",3,2,20,"",203.823,0,0,0,0,0,0,0,0,0,0,0,0,0,0,0,0,0,0,0,0,427.04,0,-223.217,0
"MtrElec",3,2,21,"",151.733,0,0,0,0,0,0,0,0,0,0,0,0,0,0,0,0,0,0,0,0,374.95,0,-223.217,0
"MtrElec",3,2,22,"",253.374,0,0,0,0,0,0,0,0,0,0,0,0,0,0,0,0,0,0,0,0,304.714,0,-51.3398,0
"MtrElec",3,2,23,"",249.287,0,0,0,0,0,0,0,0,0,0,0,0,0,0,0,0,0,0,0,0,249.287,0,0,0
"MtrElec",3,2,24,"",245.693,0,0,0,0,0,0,0,0,0,0,0,0,0,0,0,0,0,0,0,0,245.693,0,0,0
"MtrElec",3,3,1,"",182.823,0,0,0,0,0,0,0,0,0,0,0,0,0,0,0,0,0,0,0,0,182.823,0,0,0
"MtrElec",3,3,2,"",152.348,0,0,0,0,0,0,0,0,0,0,0,0,0,0,0,0,0,0,0,0,152.348,0,0,0
"MtrElec",3,3,3,"",146.492,0,0,0,0,0,0,0,0,0,0,0,0,0,0,0,0,0,0,0,0,146.492,0,0,0
"MtrElec",3,3,4,"",147.03,0,0,0,0,0,0,0,0,0,0,0,0,0,0,0,0,0,0,0,0,147.03,0,0,0
"MtrElec",3,3,5,"",142.472,0,0,0,0,0,0,0,0,0,0,0,0,0,0,0,0,0,0,0,0,142.472,0,0,0
"MtrElec",3,3,6,"",214.445,0,0,0,0,0,0,0,0,0,0,0,0,0,0,0,0,0,0,0,0,214.445,0,0,0
"MtrElec",3,3,7,"",207.499,0,0,0,0,0,0,0,0,0,0,0,0,0,0,0,0,0,0,0,0,210.582,0,0,-3.08251
"MtrElec",3,3,8,"",256.645,0,0,0,0,0,0,0,0,0,0,0,0,0,0,0,0,0,0,0,0,291.232,0,0,-34.5863
"MtrElec",3,3,9,"",267.208,0,0,0,0,0,0,0,0,0,0,0,0,0,0,0,0,0,0,0,0,354.027,0,0,-86.8182
"MtrElec",3,3,10,"",177.367,0,0,0,0,0,0,0,0,0,0,0,0,0,0,0,0,0,0,0,0,408.095,0,0,-230.729
"MtrElec",3,3,11,"",271.053,0,0,0,0,0,0,0,0,0,0,0,0,0,0,0,0,0,0,0,0,382.77,0,0,-111.718
"MtrElec",3,3,12,"",230.169,0,0,0,0,0,0,0,0,0,0,0,0,0,0,0,0,0,0,0,0,386.872,0,0,-156.703
"MtrElec",3,3,13,"",57.088,0,0,0,0,0,0,0,0,0,0,0,0,0,0,0,0,0,0,0,0,393.887,0,0,-336.799
"MtrElec",3,3,14,"",215.293,0,0,0,0,0,0,0,0,0,0,0,0,0,0,0,0,0,0,0,0,343.933,0,0,-128.64
"MtrElec",3,3,15,"",171.404,0,0,0,0,0,0,0,0,0,0,0,0,0,0,0,0,0,0,0,0,308.472,0,0,-137.068
"MtrElec",3,3,16,"",252.914,0,0,0,0,0,0,0,0,0,0,0,0,0,0,0,0,0,0,0,0,367.47,0,0,-114.556
"MtrElec",3,3,17,"",318.27,0,0,0,0,0,0,0,0,0,0,0,0,0,0,0,0,0,0,0,0,351.307,0,0,-33.0368
"MtrElec",3,3,18,"",397.873,0,0,0,0,0,0,0,0,0,0,0,0,0,0,0,0,0,0,0,0,397.873,0,0,0
"MtrElec",3,3,19,"",422.03,0,0,0,0,0,0,0,0,0,0,0,0,0,0,0,0,0,0,0,0,422.03,0,0,0
"MtrElec",3,3,20,"",365.962,0,0,0,0,0,0,0,0,0,0,0,0,0,0,0,0,0,0,0,0,365.962,0,0,0
"MtrElec",3,3,21,"",417.943,0,0,0,0,0,0,0,0,0,0,0,0,0,0,0,0,0,0,0,0,417.943,0,0,0
"MtrElec",3,3,22,"",327.288,0,0,0,0,0,0,0,0,0,0,0,0,0,0,0,0,0,0,0,0,327.288,0,0,0
"MtrElec",3,3,23,"",266.96,0,0,0,0,0,0,0,0,0,0,0,0,0,0,0,0,0,0,0,0,266.96,0,0,0
"MtrElec",3,3,24,"",238.161,0,0,0,0,0,0,0,0,0,0,0,0,0,0,0,0,0,0,0,0,238.161,0,0,0
"MtrElec",3,4,1,"",181.672,0,0,0,0,0,0,0,0,0,0,0,0,0,0,0,0,0,0,0,0,181.672,0,0,0
"MtrElec",3,4,2,"",163.295,0,0,0,0,0,0,0,0,0,0,0,0,0,0,0,0,0,0,0,0,163.295,0,0,0
"MtrElec",3,4,3,"",156.15,0,0,0,0,0,0,0,0,0,0,0,0,0,0,0,0,0,0,0,0,156.15,0,0,0
"MtrElec",3,4,4,"",155.59,0,0,0,0,0,0,0,0,0,0,0,0,0,0,0,0,0,0,0,0,155.59,0,0,0
"MtrElec",3,4,5,"",152.366,0,0,0,0,0,0,0,0,0,0,0,0,0,0,0,0,0,0,0,0,152.366,0,0,0
"MtrElec",3,4,6,"",186.529,0,0,0,0,0,0,0,0,0,0,0,0,0,0,0,0,0,0,0,0,186.529,0,0,0
"MtrElec",3,4,7,"",258.839,0,0,0,0,0,0,0,0,0,0,0,0,0,0,0,0,0,0,0,0,258.839,0,0,0
"MtrElec",3,4,8,"",242.292,0,0,0,0,0,0,0,0,0,0,0,0,0,0,0,0,0,0,0,0,291.873,0,0,-49.5812
"MtrElec",3,4,9,"",91.4373,0,0,0,0,0,0,0,0,0,0,0,0,0,0,0,0,0,0,0,0,362.567,0,0,-271.13
"MtrElec",3,4,10,"",121.911,0,0,0,0,0,0,0,0,0,0,0,0,0,0,0,0,0,0,0,0,423.44,0,0,-301.529
"MtrElec",3,4,11,"",53.6926,0,0,0,0,0,0,0,0,0,0,0,0,0,0,0,0,0,0,0,0,395.87,0,0,-342.177
"MtrElec",3,4,12,"",224.828,0,0,0,0,0,0,0,0,0,0,0,0,0,0,0,0,0,0,0,0,418.165,0,0,-193.336
"MtrElec",3,4,13,"",267.211,0,0,0,0,0,0,0,0,0,0,0,0,0,0,0,0,0,0,0,0,374.131,0,0,-106.92
"MtrElec",3,4,14,"",269.169,0,0,0,0,0,0,0,0,0,0,0,0,0,0,0,0,0,0,0,0,353.464,0,0,-84.2946
"MtrElec",3,4,15,"",185.565,0,0,0,0,0,0,0,0,0,0,0,0,0,0,0,0,0,0,0,0,311.523,0,0,-125.957
"MtrElec",3,4,16,"",274.474,0,0,0,0,0,0,0,0,0,0,0,0,0,0,0,0,0,0,0,0,363.953,0,0,-89.4789
"MtrElec",3,4,17,"",348.408,0,0,0,0,0,0,0,0,0,0,0,0,0,0,0,0,0,0,0,0,360.09,0,0,-11.6819
"MtrElec",3,4,18,"",400.394,0,0,0,0,0,0,0,0,0,0,0,0,0,0,0,0,0,0,0,0,404.615,0,0,-4.22132
"MtrElec",3,4,19,"",376.482,0,0,0,0,0,0,0,0,0,0,0,0,0,0,0,0,0,0,0,0,376.482,0,0,0
"MtrElec",3,4,20,"",423.474,0,0,0,0,0,0,0,0,0,0,0,0,0,0,0,0,0,0,0,0,423.474,0,0,0
"MtrElec",3,4,21,"",441.06,0,0,0,0,0,0,0,0,0,0,0,0,0,0,0,0,0,0,0,0,441.06,0,0,0
"MtrElec",3,4,22,"",273.41,0,0,0,0,0,0,0,0,0,0,0,0,0,0,0,0,0,0,0,0,273.41,0,0,0
"MtrElec",3,4,23,"",317.266,0,0,0,0,0,0,0,0,0,0,0,0,0,0,0,0,0,0,0,0,317.266,0,0,0
"MtrElec",3,4,24,"",212.679,0,0,0,0,0,0,0,0,0,0,0,0,0,0,0,0,0,0,0,0,212.679,0,0,0
"MtrElec",3,5,1,"",167.249,0,0,0,0,0,0,0,0,0,0,0,0,0,0,0,0,0,0,0,0,167.249,0,0,0
"MtrElec",3,5,2,"",164.23,0,0,0,0,0,0,0,0,0,0,0,0,0,0,0,0,0,0,0,0,164.23,0,0,0
"MtrElec",3,5,3,"",177.559,0,0,0,0,0,0,0,0,0,0,0,0,0,0,0,0,0,0,0,0,177.559,0,0,0
"MtrElec",3,5,4,"",179.195,0,0,0,0,0,0,0,0,0,0,0,0,0,0,0,0,0,0,0,0,179.195,0,0,0
"MtrElec",3,5,5,"",158.413,0,0,0,0,0,0,0,0,0,0,0,0,0,0,0,0,0,0,0,0,158.413,0,0,0
"MtrElec",3,5,6,"",160.592,0,0,0,0,0,0,0,0,0,0,0,0,0,0,0,0,0,0,0,0,160.592,0,0,0
"MtrElec",3,5,7,"",247.139,0,0,0,0,0,0,0,0,0,0,0,0,0,0,0,0,0,0,0,0,247.139,0,0,0
"MtrElec",3,5,8,"",304.662,0,0,0,0,0,0,0,0,0,0,0,0,0,0,0,0,0,0,0,0,304.662,0,0,0
"MtrElec",3,5,9,"",391.475,0,0,0,0,0,0,0,0,0,0,0,0,0,0,0,0,0,0,0,0,396.593,0,0,-5.11815
"MtrElec",3,5,10,"",422.386,0,0,0,0,0,0,0,0,0,0,0,0,0,0,0,0,0,0,0,0,473.673,0,0,-51.2869
"MtrElec",3,5,11,"",107.072,0,0,0,0,0,0,0,0,0,0,0,0,0,0,0,0,0,0,0,0,430.322,0,0,-323.25
"MtrElec",3,5,12,"",305.392,0,0,0,0,0,0,0,0,0,0,0,0,0,0,0,0,0,0,0,0,393.867,0,0,-88.4745
"MtrElec",3,5,13,"",46.2203,0,0,0,0,0,0,0,0,0,0,0,0,0,0,0,0,0,0,0,0,410.914,0,0,-364.693
"MtrElec",3,5,14,"",171.33,0,0,0,0,0,0,0,0,0,0,0,0,0,0,0,0,0,0,0,0,350.86,0,0,-179.53
"MtrElec",3,5,15,"",177.57,0,0,0,0,0,0,0,0,0,0,0,0,0,0,0,0,0,0,0,0,346.888,0,0,-169.318
"MtrElec",3,5,16,"",147.03,0,0,0,0,0,0,0,0,0,0,0,0,0,0,0,0,0,0,0,0,346.977,0,0,-199.948
"MtrElec",3,5,17,"",201.919,0,0,0,0,0,0,0,0,0,0,0,0,0,0,0,0,0,0,0,0,390.301,0,0,-188.383
"MtrElec",3,5,18,"",429.995,0,0,0,0,0,0,0,0,0,0,0,0,0,0,0,0,0,0,0,0,456.609,0,0,-26.6138
"MtrElec",3,5,19,"",409.119,0,0,0,0,0,0,0,0,0,0,0,0,0,0,0,0,0,0,0,0,409.119,0,0,0
"MtrElec",3,5,20,"",424.941,0,0,0,0,0,0,0,0,0,0,0,0,0,0,0,0,0,0,0,0,424.941,0,0,0
"MtrElec",3,5,21,"",368.736,0,0,0,0,0,0,0,0,0,0,0,0,0,0,0,0,0,0,0,0,368.736,0,0,0
"MtrElec",3,5,22,"",348.676,0,0,0,0,0,0,0,0,0,0,0,0,0,0,0,0,0,0,0,0,348.676,0,0,0
"MtrElec",3,5,23,"",290.681,0,0,0,0,0,0,0,0,0,0,0,0,0,0,0,0,0,0,0,0,290.681,0,0,0
"MtrElec",3,5,24,"",234.512,0,0,0,0,0,0,0,0,0,0,0,0,0,0,0,0,0,0,0,0,234.512,0,0,0
"MtrElec",3,6,1,"",175.127,0,0,0,0,0,0,0,0,0,0,0,0,0,0,0,0,0,0,0,0,175.127,0,0,0
"MtrElec",3,6,2,"",166.797,0,0,0,0,0,0,0,0,0,0,0,0,0,0,0,0,0,0,0,0,166.797,0,0,0
"MtrElec",3,6,3,"",165.227,0,0,0,0,0,0,0,0,0,0,0,0,0,0,0,0,0,0,0,0,165.227,0,0,0
"MtrElec",3,6,4,"",172.426,0,0,0,0,0,0,0,0,0,0,0,0,0,0,0,0,0,0,0,0,172.426,0,0,0
"MtrElec",3,6,5,"",222.676,0,0,0,0,0,0,0,0,0,0,0,0,0,0,0,0,0,0,0,0,222.676,0,0,0
"MtrElec",3,6,6,"",169.445,0,0,0,0,0,0,0,0,0,0,0,0,0,0,0,0,0,0,0,0,169.445,0,0,0
"MtrElec",3,6,7,"",245.174,0,0,0,0,0,0,0,0,0,0,0,0,0,0,0,0,0,0,0,0,264.713,0,0,-19.5394
"MtrElec",3,6,8,"",155.562,0,0,0,0,0,0,0,0,0,0,0,0,0,0,0,0,0,0,0,0,310.112,0,0,-154.55
"MtrElec",3,6,9,"",99.7708,0,0,0,0,0,0,0,0,0,0,0,0,0,0,0,0,0,0,0,0,369.084,0,0,-269.314
"MtrElec",3,6,10,"",100.313,0,0,0,0,0,0,0,0,0,0,0,0,0,0,0,0,0,0,0,0,440.565,0,0,-340.252
"MtrElec",3,6,11,"",17.5944,0,0,0,0,0,0,0,0,0,0,0,0,0,0,0,0,0,0,0,0,457.551,0,0,-439.957
"MtrElec",3,6,12,"",0,0,0,0,0,0,0,0,0,0,0,0,0,0,0,0,0,0,0,0,0,391.727,0,78.4848,-470.212
"MtrElec",3,6,13,"",323.908,0,0,0,0,0,0,0,0,0,0,0,0,0,0,0,0,0,0,0,0,411.313,0,0,-87.4051
"MtrElec",3,6,14,"",281.445,0,0,0,0,0,0,0,0,0,0,0,0,0,0,0,0,0,0,0,0,351.447,0,0,-70.0017
"MtrElec",3,6,15,"",81.7637,0,0,0,0,0,0,0,0,0,0,0,0,0,0,0,0,0,0,0,0,324,0,0,-242.236
"MtrElec",3,6,16,"",123.024,0,0,0,0,0,0,0,0,0,0,0,0,0,0,0,0,0,0,0,0,379.041,0,0,-256.017
"MtrElec",3,6,17,"",147.154,0,0,0,0,0,0,0,0,0,0,0,0,0,0,0,0,0,0,0,0,351.925,0,0,-204.771
"MtrElec",3,6,18,"",401.01,0,0,0,0,0,0,0,0,0,0,0,0,0,0,0,0,0,0,0,0,430.162,0,0,-29.152
"MtrElec",3,6,19,"",334.137,0,0,0,0,0,0,0,0,0,0,0,0,0,0,0,0,0,0,0,0,404.97,0,-70.8325,0
"MtrElec",3,6,20,"",423.733,0,0,0,0,0,0,0,0,0,0,0,0,0,0,0,0,0,0,0,0,423.733,0,0,0
"MtrElec",3,6,21,"",468.552,0,0,0,0,0,0,0,0,0,0,0,0,0,0,0,0,0,0,0,0,468.552,0,0,0
"MtrElec",3,6,22,"",296.675,0,0,0,0,0,0,0,0,0,0,0,0,0,0,0,0,0,0,0,0,296.675,0,0,0
"MtrElec",3,6,23,"",317.88,0,0,0,0,0,0,0,0,0,0,0,0,0,0,0,0,0,0,0,0,317.88,0,0,0
"MtrElec",3,6,24,"",240.987,0,0,0,0,0,0,0,0,0,0,0,0,0,0,0,0,0,0,0,0,240.987,0,0,0
"MtrElec",3,7,1,"",171.828,0,0,0,0,0,0,0,0,0,0,0,0,0,0,0,0,0,0,0,0,171.828,0,0,0
"MtrElec",3,7,2,"",174.321,0,0,0,0,0,0,0,0,0,0,0,0,0,0,0,0,0,0,0,0,174.321,0,0,0
"MtrElec",3,7,3,"",170.706,0,0,0,0,0,0,0,0,0,0,0,0,0,0,0,0,0,0,0,0,170.706,0,0,0
"MtrElec",3,7,4,"",168.208,0,0,0,0,0,0,0,0,0,0,0,0,0,0,0,0,0,0,0,0,168.208,0,0,0
"MtrElec",3,7,5,"",218.568,0,0,0,0,0,0,0,0,0,0,0,0,0,0,0,0,0,0,0,0,218.568,0,0,0
"MtrElec",3,7,6,"",172.781,0,0,0,0,0,0,0,0,0,0,0,0,0,0,0,0,0,0,0,0,172.781,0,0,0
"MtrElec",3,7,7,"",172.93,0,0,0,0,0,0,0,0,0,0,0,0,0,0,0,0,0,0,0,0,182.834,0,0,-9.90415
"MtrElec",3,7,8,"",150.091,0,0,0,0,0,0,0,0,0,0,0,0,0,0,0,0,0,0,0,0,267.021,0,0,-116.93
"MtrElec",3,7,9,"",-112.82,0,0,0,0,0,0,0,0,0,0,0,0,0,0,0,0,0,0,0,0,278.321,0,0,-391.141
"MtrElec",3,7,10,"",-58.3763,0,0,0,0,0,0,0,0,0,0,0,0,0,0,0,0,0,0,0,0,363.236,0,0,-421.612
"MtrElec",3,7,11,"",45.3643,0,0,0,0,0,0,0,0,0,0,0,0,0,0,0,0,0,0,0,0,448.952,0,0,-403.588
"MtrElec",3,7,12,"",233.941,0,0,0,0,0,0,0,0,0,0,0,0,0,0,0,0,0,0,0,0,474.11,0,0,-240.169
"MtrElec",3,7,13,"",231.855,0,0,0,0,0,0,0,0,0,0,0,0,0,0,0,0,0,0,0,0,449.826,0,0,-217.971
"MtrElec",3,7,14,"",300.357,0,0,0,0,0,0,0,0,0,0,0,0,0,0,0,0,0,0,0,0,454.521,0,0,-154.164
"MtrElec",3,7,15,"",318.026,0,0,0,0,0,0,0,0,0,0,0,0,0,0,0,0,0,0,0,0,378.874,0,0,-60.8477
"MtrElec",3,7,16,"",322.783,0,0,0,0,0,0,0,0,0,0,0,0,0,0,0,0,0,0,0,0,388.199,0,0,-65.4159
"MtrElec",3,7,17,"",280.488,0,0,0,0,0,0,0,0,0,0,0,0,0,0,0,0,0,0,0,0,350.747,0,0,-70.2591
"MtrElec",3,7,18,"",403.954,0,0,0,0,0,0,0,0,0,0,0,0,0,0,0,0,0,0,0,0,408.911,0,0,-4.95666
"MtrElec",3,7,19,"",423.866,0,0,0,0,0,0,0,0,0,0,0,0,0,0,0,0,0,0,0,0,423.866,0,0,0
"MtrElec",3,7,20,"",409.225,0,0,0,0,0,0,0,0,0,0,0,0,0,0,0,0,0,0,0,0,409.225,0,0,0
"MtrElec",3,7,21,"",351.017,0,0,0,0,0,0,0,0,0,0,0,0,0,0,0,0,0,0,0,0,351.017,0,0,0
"MtrElec",3,7,22,"",312.444,0,0,0,0,0,0,0,0,0,0,0,0,0,0,0,0,0,0,0,0,312.444,0,0,0
"MtrElec",3,7,23,"",244.123,0,0,0,0,0,0,0,0,0,0,0,0,0,0,0,0,0,0,0,0,244.123,0,0,0
"MtrElec",3,7,24,"",206.329,0,0,0,0,0,0,0,0,0,0,0,0,0,0,0,0,0,0,0,0,206.329,0,0,0
"MtrElec",3,8,1,"",216.217,0,0,0,0,0,0,0,0,0,0,0,0,0,0,0,0,0,0,0,0,216.217,0,0,0
"MtrElec",3,8,2,"",154.663,0,0,0,0,0,0,0,0,0,0,0,0,0,0,0,0,0,0,0,0,154.663,0,0,0
"MtrElec",3,8,4,"",153.524,0,0,0,0,0,0,0,0,0,0,0,0,0,0,0,0,0,0,0,0,153.524,0,0,0
"MtrElec",3,8,5,"",151.822,0,0,0,0,0,0,0,0,0,0,0,0,0,0,0,0,0,0,0,0,151.822,0,0,0
"MtrElec",3,8,6,"",158.382,0,0,0,0,0,0,0,0,0,0,0,0,0,0,0,0,0,0,0,0,158.382,0,0,0
"MtrElec",3,8,7,"",181.747,0,0,0,0,0,0,0,0,0,0,0,0,0,0,0,0,0,0,0,0,181.747,0,0,0
"MtrElec",3,8,8,"",277.067,0,0,0,0,0,0,0,0,0,0,0,0,0,0,0,0,0,0,0,0,278.365,0,0,-1.29889
"MtrElec",3,8,9,"",268.466,0,0,0,0,0,0,0,0,0,0,0,0,0,0,0,0,0,0,0,0,287.965,0,0,-19.4989
"MtrElec",3,8,10,"",296.498,0,0,0,0,0,0,0,0,0,0,0,0,0,0,0,0,0,0,0,0,309.912,0,0,-13.414
"MtrElec",3,8,11,"",322.518,0,0,0,0,0,0,0,0,0,0,0,0,0,0,0,0,0,0,0,0,368.409,0,0,-45.8909
"MtrElec",3,8,12,"",314.33,0,0,0,0,0,0,0,0,0,0,0,0,0,0,0,0,0,0,0,0,390.424,0,0,-76.0942
"MtrElec",3,8,13,"",253.085,0,0,0,0,0,0,0,0,0,0,0,0,0,0,0,0,0,0,0,0,386.425,0,0,-133.34
"MtrElec",3,8,14,"",134.081,0,0,0,0,0,0,0,0,0,0,0,0,0,0,0,0,0,0,0,0,363.297,0,0,-229.216
"MtrElec",3,8,15,"",20.1167,0,0,0,0,0,0,0,0,0,0,0,0,0,0,0,0,0,0,0,0,379.812,0,0,-359.695
"MtrElec",3,8,16,"",94.1444,0,0,0,0,0,0,0,0,0,0,0,0,0,0,0,0,0,0,0,0,290.885,0,0,-196.741
"MtrElec",3,8,17,"",46.0677,0,0,0,0,0,0,0,0,0,0,0,0,0,0,0,0,0,0,0,0,384.47,0,0,-338.402
"MtrElec",3,8,18,"",129.351,0,0,0,0,0,0,0,0,0,0,0,0,0,0,0,0,0,0,0,0,345.285,0,0,-215.933
"MtrElec",3,8,19,"",343.237,0,0,0,0,0,0,0,0,0,0,0,0,0,0,0,0,0,0,0,0,373.783,0,0,-30.5458
"MtrElec",3,8,20,"",351.812,0,0,0,0,0,0,0,0,0,0,0,0,0,0,0,0,0,0,0,0,351.812,0,0,0
"MtrElec",3,8,21,"",279.194,0,0,0,0,0,0,0,0,0,0,0,0,0,0,0,0,0,0,0,0,279.194,0,0,0
"MtrElec",3,8,22,"",329.002,0,0,0,0,0,0,0,0,0,0,0,0,0,0,0,0,0,0,0,0,329.002,0,0,0
"MtrElec",3,8,23,"",234.456,0,0,0,0,0,0,0,0,0,0,0,0,0,0,0,0,0,0,0,0,234.456,0,0,0
"MtrElec",3,8,24,"",225.633,0,0,0,0,0,0,0,0,0,0,0,0,0,0,0,0,0,0,0,0,225.633,0,0,0
"MtrElec",3,9,1,"",162.964,0,0,0,0,0,0,0,0,0,0,0,0,0,0,0,0,0,0,0,0,162.964,0,0,0
"MtrElec",3,9,2,"",161.14,0,0,0,0,0,0,0,0,0,0,0,0,0,0,0,0,0,0,0,0,161.14,0,0,0
"MtrElec",3,9,3,"",156.487,0,0,0,0,0,0,0,0,0,0,0,0,0,0,0,0,0,0,0,0,156.487,0,0,0
"MtrElec",3,9,4,"",168.591,0,0,0,0,0,0,0,0,0,0,0,0,0,0,0,0,0,0,0,0,168.591,0,0,0
"MtrElec",3,9,5,"",216.615,0,0,0,0,0,0,0,0,0,0,0,0,0,0,0,0,0,0,0,0,216.615,0,0,0
"MtrElec",3,9,6,"",165.482,0,0,0,0,0,0,0,0,0,0,0,0,0,0,0,0,0,0,0,0,165.482,0,0,0
"MtrElec",3,9,7,"",245.708,0,0,0,0,0,0,0,0,0,0,0,0,0,0,0,0,0,0,0,0,245.708,0,0,0
"MtrElec",3,9,8,"",286.295,0,0,0,0,0,0,0,0,0,0,0,0,0,0,0,0,0,0,0,0,319.751,0,0,-33.4562
"MtrElec",3,9,9,"",206.016,0,0,0,0,0,0,0,0,0,0,0,0,0,0,0,0,0,0,0,0,362.891,0,0,-156.875
"MtrElec",3,9,10,"",170.422,0,0,0,0,0,0,0,0,0,0,0,0,0,0,0,0,0,0,0,0,404.98,0,0,-234.558
"MtrElec",3,9,11,"",0.0000078,0,0,0,0,0,0,0,0,0,0,0,0,0,0,0,0,0,0,0,0,354.023,0,74.6446,-428.668
"MtrElec",3,9,12,"",0,0,0,0,0,0,0,0,0,0,0,0,0,0,0,0,0,0,0,0,0,381.999,0,68.9958,-450.995
"MtrElec",3,9,13,"",-3.30056,0,0,0,0,0,0,0,0,0,0,0,0,0,0,0,0,0,0,0,0,350.007,0,223.217,-576.524
"MtrElec",3,9,14,"",-111.819,0,0,0,0,0,0,0,0,0,0,0,0,0,0,0,0,0,0,0,0,373.998,0,223.217,-709.034
"MtrElec",3,9,15,"",-108.438,0,0,0,0,0,0,0,0,0,0,0,0,0,0,0,0,0,0,0,0,339.492,0,208.807,-656.737
"MtrElec",3,9,16,"",-174.34,0,0,0,0,0,0,0,0,0,0,0,0,0,0,0,0,0,0,0,0,384.968,0,0,-559.308
"MtrElec",3,9,17,"",-36.8393,0,0,0,0,0,0,0,0,0,0,0,0,0,0,0,0,0,0,0,0,349.901,0,0,-386.741
"MtrElec",3,9,18,"",299.818,0,0,0,0,0,0,0,0,0,0,0,0,0,0,0,0,0,0,0,0,463.891,0,0,-164.072
"MtrElec",3,9,19,"",148.807,0,0,0,0,0,0,0,0,0,0,0,0,0,0,0,0,0,0,0,0,396.388,0,-223.217,-24.3645
"MtrElec",3,9,20,"",141.688,0,0,0,0,0,0,0,0,0,0,0,0,0,0,0,0,0,0,0,0,364.904,0,-223.217,0
"MtrElec",3,9,21,"",159.431,0,0,0,0,0,0,0,0,0,0,0,0,0,0,0,0,0,0,0,0,382.648,0,-223.217,0
"MtrElec",3,9,22,"",226.29,0,0,0,0,0,0,0,0,0,0,0,0,0,0,0,0,0,0,0,0,277.63,0,-51.3398,0
"MtrElec",3,9,23,"",260.165,0,0,0,0,0,0,0,0,0,0,0,0,0,0,0,0,0,0,0,0,260.165,0,0,0
"MtrElec",3,9,24,"",250.2,0,0,0,0,0,0,0,0,0,0,0,0,0,0,0,0,0,0,0,0,250.2,0,0,0
"MtrElec",3,10,1,"",215.965,0,0,0,0,0,0,0,0,0,0,0,0,0,0,0,0,0,0,0,0,215.965,0,0,0
"MtrElec",3,10,2,"",155.863,0,0,0,0,0,0,0,0,0,0,0,0,0,0,0,0,0,0,0,0,155.863,0,0,0
"MtrElec",3,10,3,"",156.362,0,0,0,0,0,0,0,0,0,0,0,0,0,0,0,0,0,0,0,0,156.362,0,0,0
"MtrElec",3,10,4,"",157.873,0,0,0,0,0,0,0,0,0,0,0,0,0,0,0,0,0,0,0,0,157.873,0,0,0
"MtrElec",3,10,5,"",155.894,0,0,0,0,0,0,0,0,0,0,0,0,0,0,0,0,0,0,0,0,155.894,0,0,0
"MtrElec",3,10,6,"",167.467,0,0,0,0,0,0,0,0,0,0,0,0,0,0,0,0,0,0,0,0,167.467,0,0,0
"MtrElec",3,10,7,"",264.995,0,0,0,0,0,0,0,0,0,0,0,0,0,0,0,0,0,0,0,0,264.995,0,0,0
"MtrElec",3,10,8,"",282.107,0,0,0,0,0,0,0,0,0,0,0,0,0,0,0,0,0,0,0,0,319.744,0,0,-37.6364
"MtrElec",3,10,9,"",167.297,0,0,0,0,0,0,0,0,0,0,0,0,0,0,0,0,0,0,0,0,378.734,0,0,-211.437
"MtrElec",3,10,10,"",16.1544,0,0,0,0,0,0,0,0,0,0,0,0,0,0,0,0,0,0,0,0,422.89,0,0,-406.736
"MtrElec",3,10,11,"",0.0000078,0,0,0,0,0,0,0,0,0,0,0,0,0,0,0,0,0,0,0,0,445.462,0,100.612,-546.074
"MtrElec",3,10,12,"",0,0,0,0,0,0,0,0,0,0,0,0,0,0,0,0,0,0,0,0,0,424.184,0,220.915,-645.099
"MtrElec",3,10,13,"",-22.8439,0,0,0,0,0,0,0,0,0,0,0,0,0,0,0,0,0,0,0,0,442.787,0,223.217,-688.847
"MtrElec",3,10,14,"",-105.917,0,0,0,0,0,0,0,0,0,0,0,0,0,0,0,0,0,0,0,0,342.862,0,223.217,-671.996
"MtrElec",3,10,15,"",-220.045,0,0,0,0,0,0,0,0,0,0,0,0,0,0,0,0,0,0,0,0,395.825,0,30.9209,-646.791
"MtrElec",3,10,16,"",-206.043,0,0,0,0,0,0,0,0,0,0,0,0,0,0,0,0,0,0,0,0,353.03,0,0,-559.073
"MtrElec",3,10,17,"",-0.797312,0,0,0,0,0,0,0,0,0,0,0,0,0,0,0,0,0,0,0,0,409.129,0,0,-409.927
"MtrElec",3,10,18,"",221.787,0,0,0,0,0,0,0,0,0,0,0,0,0,0,0,0,0,0,0,0,436.682,0,0,-214.895
"MtrElec",3,10,19,"",122.213,0,0,0,0,0,0,0,0,0,0,0,0,0,0,0,0,0,0,0,0,376.171,0,-223.217,-30.7419
"MtrElec",3,10,20,"",208.931,0,0,0,0,0,0,0,0,0,0,0,0,0,0,0,0,0,0,0,0,432.148,0,-223.217,0
"MtrElec",3,10,21,"",172.342,0,0,0,0,0,0,0,0,0,0,0,0,0,0,0,0,0,0,0,0,395.559,0,-223.217,0
"MtrElec",3,10,22,"",276.035,0,0,0,0,0,0,0,0,0,0,0,0,0,0,0,0,0,0,0,0,327.375,0,-51.3398,0
"MtrElec",3,10,23,"",248.777,0,0,0,0,0,0,0,0,0,0,0,0,0,0,0,0,0,0,0,0,248.777,0,0,0
"MtrElec",3,10,24,"",238.574,0,0,0,0,0,0,0,0,0,0,0,0,0,0,0,0,0,0,0,0,238.574,0,0,0
"MtrElec",3,11,1,"",160.417,0,0,0,0,0,0,0,0,0,0,0,0,0,0,0,0,0,0,0,0,160.417,0,0,0
"MtrElec",3,11,2,"",153.427,0,0,0,0,0,0,0,0,0,0,0,0,0,0,0,0,0,0,0,0,153.427,0,0,0
"MtrElec",3,11,3,"",146.138,0,0,0,0,0,0,0,0,0,0,0,0,0,0,0,0,0,0,0,0,146.138,0,0,0
"MtrElec",3,11,4,"",147.957,0,0,0,0,0,0,0,0,0,0,0,0,0,0,0,0,0,0,0,0,147.957,0,0,0
"MtrElec",3,11,5,"",144.738,0,0,0,0,0,0,0,0,0,0,0,0,0,0,0,0,0,0,0,0,144.738,0,0,0
"MtrElec",3,11,6,"",175.658,0,0,0,0,0,0,0,0,0,0,0,0,0,0,0,0,0,0,0,0,175.658,0,0,0
"MtrElec",3,11,7,"",270.017,0,0,0,0,0,0,0,0,0,0,0,0,0,0,0,0,0,0,0,0,270.017,0,0,0
"MtrElec",3,11,8,"",272.535,0,0,0,0,0,0,0,0,0,0,0,0,0,0,0,0,0,0,0,0,303.055,0,0,-30.5193
"MtrElec",3,11,9,"",206.07,0,0,0,0,0,0,0,0,0,0,0,0,0,0,0,0,0,0,0,0,374.472,0,0,-168.402
"MtrElec",3,11,10,"",30.0264,0,0,0,0,0,0,0,0,0,0,0,0,0,0,0,0,0,0,0,0,433.526,0,0,-403.5
"MtrElec",3,11,11,"",0,0,0,0,0,0,0,0,0,0,0,0,0,0,0,0,0,0,0,0,0,391.963,0,161.833,-553.796
"MtrElec",3,11,12,"",0,0,0,0,0,0,0,0,0,0,0,0,0,0,0,0,0,0,0,0,0,433.332,0,202.273,-635.605
"MtrElec",3,11,13,"",-5.51803,0,0,0,0,0,0,0,0,0,0,0,0,0,0,0,0,0,0,0,0,449.021,0,223.217,-677.755
"MtrElec",3,11,14,"",-86.6737,0,0,0,0,0,0,0,0,0,0,0,0,0,0,0,0,0,0,0,0,392.072,0,211.558,-690.304
"MtrElec",3,11,15,"",-279.122,0,0,0,0,0,0,0,0,0,0,0,0,0,0,0,0,0,0,0,0,369.084,0,0,-648.206
"MtrElec",3,11,16,"",-148.948,0,0,0,0,0,0,0,0,0,0,0,0,0,0,0,0,0,0,0,0,401.019,0,0,-549.966
"MtrElec",3,11,17,"",-14.6133,0,0,0,0,0,0,0,0,0,0,0,0,0,0,0,0,0,0,0,0,384.855,0,0,-399.469
"MtrElec",3,11,18,"",267.514,0,0,0,0,0,0,0,0,0,0,0,0,0,0,0,0,0,0,0,0,475.533,0,0,-208.019
"MtrElec",3,11,19,"",182.257,0,0,0,0,0,0,0,0,0,0,0,0,0,0,0,0,0,0,0,0,436,0,-223.217,-30.526
"MtrElec",3,11,20,"",174.366,0,0,0,0,0,0,0,0,0,0,0,0,0,0,0,0,0,0,0,0,397.583,0,-223.217,0
"MtrElec",3,11,21,"",158.182,0,0,0,0,0,0,0,0,0,0,0,0,0,0,0,0,0,0,0,0,381.399,0,-223.217,0
"MtrElec",3,11,22,"",211.556,0,0,0,0,0,0,0,0,0,0,0,0,0,0,0,0,0,0,0,0,262.896,0,-51.3398,0
"MtrElec",3,11,23,"",271.345,0,0,0,0,0,0,0,0,0,0,0,0,0,0,0,0,0,0,0,0,271.345,0,0,0
"MtrElec",3,11,24,"",196.894,0,0,0,0,0,0,0,0,0,0,0,0,0,0,0,0,0,0,0,0,196.894,0,0,0
"MtrElec",3,12,1,"",210.477,0,0,0,0,0,0,0,0,0,0,0,0,0,0,0,0,0,0,0,0,210.477,0,0,0
"MtrElec",3,12,2,"",158.135,0,0,0,0,0,0,0,0,0,0,0,0,0,0,0,0,0,0,0,0,158.135,0,0,0
"MtrElec",3,12,3,"",145.05,0,0,0,0,0,0,0,0,0,0,0,0,0,0,0,0,0,0,0,0,145.05,0,0,0
"MtrElec",3,12,4,"",145.534,0,0,0,0,0,0,0,0,0,0,0,0,0,0,0,0,0,0,0,0,145.534,0,0,0
"MtrElec",3,12,5,"",141.548,0,0,0,0,0,0,0,0,0,0,0,0,0,0,0,0,0,0,0,0,141.548,0,0,0
"MtrElec",3,12,6,"",158.042,0,0,0,0,0,0,0,0,0,0,0,0,0,0,0,0,0,0,0,0,158.042,0,0,0
"MtrElec",3,12,7,"",252.968,0,0,0,0,0,0,0,0,0,0,0,0,0,0,0,0,0,0,0,0,252.968,0,0,0
"MtrElec",3,12,8,"",252.762,0,0,0,0,0,0,0,0,0,0,0,0,0,0,0,0,0,0,0,0,293.603,0,0,-40.8407
"MtrElec",3,12,9,"",153.382,0,0,0,0,0,0,0,0,0,0,0,0,0,0,0,0,0,0,0,0,360.588,0,0,-207.206
"MtrElec",3,12,10,"",-2.83637,0,0,0,0,0,0,0,0,0,0,0,0,0,0,0,0,0,0,0,0,401.227,0,0,-404.063
"MtrElec",3,12,11,"",0,0,0,0,0,0,0,0,0,0,0,0,0,0,0,0,0,0,0,0,0,440.18,0,83.0847,-523.264
"MtrElec",3,12,12,"",0,0,0,0,0,0,0,0,0,0,0,0,0,0,0,0,0,0,0,0,0,378.485,0,194.246,-572.731
"MtrElec",3,12,13,"",-21.1052,0,0,0,0,0,0,0,0,0,0,0,0,0,0,0,0,0,0,0,0,381.713,0,223.217,-626.035
"MtrElec",3,12,14,"",0,0,0,0,0,0,0,0,0,0,0,0,0,0,0,0,0,0,0,0,0,409.907,0,158.915,-568.822
"MtrElec",3,12,15,"",-38.3355,0,0,0,0,0,0,0,0,0,0,0,0,0,0,0,0,0,0,0,0,366.72,0,139.418,-544.473
"MtrElec",3,12,16,"",-91.5591,0,0,0,0,0,0,0,0,0,0,0,0,0,0,0,0,0,0,0,0,423.266,0,0,-514.825
"MtrElec",3,12,17,"",82.884,0,0,0,0,0,0,0,0,0,0,0,0,0,0,0,0,0,0,0,0,421.201,0,0,-338.317
"MtrElec",3,12,18,"",315.498,0,0,0,0,0,0,0,0,0,0,0,0,0,0,0,0,0,0,0,0,439.972,0,0,-124.474
"MtrElec",3,12,19,"",142.508,0,0,0,0,0,0,0,0,0,0,0,0,0,0,0,0,0,0,0,0,393.925,0,-223.217,-28.1997
"MtrElec",3,12,20,"",231.949,0,0,0,0,0,0,0,0,0,0,0,0,0,0,0,0,0,0,0,0,455.166,0,-223.217,0
"MtrElec",3,12,21,"",156.073,0,0,0,0,0,0,0,0,0,0,0,0,0,0,0,0,0,0,0,0,379.29,0,-223.217,0
"MtrElec",3,12,22,"",236.725,0,0,0,0,0,0,0,0,0,0,0,0,0,0,0,0,0,0,0,0,288.065,0,-51.3398,0
"MtrElec",3,12,23,"",260.642,0,0,0,0,0,0,0,0,0,0,0,0,0,0,0,0,0,0,0,0,260.642,0,0,0
"MtrElec",3,12,24,"",207.592,0,0,0,0,0,0,0,0,0,0,0,0,0,0,0,0,0,0,0,0,207.592,0,0,0
"MtrElec",3,13,1,"",163.836,0,0,0,0,0,0,0,0,0,0,0,0,0,0,0,0,0,0,0,0,163.836,0,0,0
"MtrElec",3,13,2,"",151.253,0,0,0,0,0,0,0,0,0,0,0,0,0,0,0,0,0,0,0,0,151.253,0,0,0
"MtrElec",3,13,3,"",147.563,0,0,0,0,0,0,0,0,0,0,0,0,0,0,0,0,0,0,0,0,147.563,0,0,0
"MtrElec",3,13,4,"",148.879,0,0,0,0,0,0,0,0,0,0,0,0,0,0,0,0,0,0,0,0,148.879,0,0,0
"MtrElec",3,13,5,"",145.788,0,0,0,0,0,0,0,0,0,0,0,0,0,0,0,0,0,0,0,0,145.788,0,0,0
"MtrElec",3,13,6,"",191.109,0,0,0,0,0,0,0,0,0,0,0,0,0,0,0,0,0,0,0,0,191.109,0,0,0
"MtrElec",3,13,7,"",223.395,0,0,0,0,0,0,0,0,0,0,0,0,0,0,0,0,0,0,0,0,223.395,0,0,0
"MtrElec",3,13,8,"",281.281,0,0,0,0,0,0,0,0,0,0,0,0,0,0,0,0,0,0,0,0,293.839,0,0,-12.5574
"MtrElec",3,13,9,"",251.366,0,0,0,0,0,0,0,0,0,0,0,0,0,0,0,0,0,0,0,0,344.019,0,0,-92.6529
"MtrElec",3,13,10,"",42.8408,0,0,0,0,0,0,0,0,0,0,0,0,0,0,0,0,0,0,0,0,393.044,0,0,-350.204
"MtrElec",3,13,11,"",0.0000156,0,0,0,0,0,0,0,0,0,0,0,0,0,0,0,0,0,0,0,0,362.687,0,169.411,-532.098
"MtrElec",3,13,12,"",0.0000156,0,0,0,0,0,0,0,0,0,0,0,0,0,0,0,0,0,0,0,0,414.264,0,212.151,-626.416
"MtrElec",3,13,13,"",-63.443,0,0,0,0,0,0,0,0,0,0,0,0,0,0,0,0,0,0,0,0,403.82,0,223.217,-690.48
"MtrElec",3,13,14,"",-133.212,0,0,0,0,0,0,0,0,0,0,0,0,0,0,0,0,0,0,0,0,367.907,0,194.102,-695.221
"MtrElec",3,13,15,"",-306.698,0,0,0,0,0,0,0,0,0,0,0,0,0,0,0,0,0,0,0,0,335.676,0,0,-642.374
"MtrElec",3,13,16,"",-158.95,0,0,0,0,0,0,0,0,0,0,0,0,0,0,0,0,0,0,0,0,384.149,0,0,-543.099
"MtrElec",3,13,17,"",-7.3945,0,0,0,0,0,0,0,0,0,0,0,0,0,0,0,0,0,0,0,0,389.977,0,0,-397.371
"MtrElec",3,13,18,"",202.973,0,0,0,0,0,0,0,0,0,0,0,0,0,0,0,0,0,0,0,0,413.869,0,0,-210.896
"MtrElec",3,13,19,"",129.732,0,0,0,0,0,0,0,0,0,0,0,0,0,0,0,0,0,0,0,0,385.224,0,-223.217,-32.2748
"MtrElec",3,13,20,"",213.387,0,0,0,0,0,0,0,0,0,0,0,0,0,0,0,0,0,0,0,0,436.604,0,-223.217,0
"MtrElec",3,13,21,"",159.656,0,0,0,0,0,0,0,0,0,0,0,0,0,0,0,0,0,0,0,0,382.873,0,-223.217,0
"MtrElec",3,13,22,"",239.695,0,0,0,0,0,0,0,0,0,0,0,0,0,0,0,0,0,0,0,0,291.035,0,-51.3398,0
"MtrElec",3,13,23,"",286.578,0,0,0,0,0,0,0,0,0,0,0,0,0,0,0,0,0,0,0,0,286.578,0,0,0
"MtrElec",3,13,24,"",201.882,0,0,0,0,0,0,0,0,0,0,0,0,0,0,0,0,0,0,0,0,201.882,0,0,0
"MtrElec",3,14,1,"",165.928,0,0,0,0,0,0,0,0,0,0,0,0,0,0,0,0,0,0,0,0,165.928,0,0,0
"MtrElec",3,14,2,"",155.641,0,0,0,0,0,0,0,0,0,0,0,0,0,0,0,0,0,0,0,0,155.641,0,0,0
"MtrElec",3,14,3,"",189.628,0,0,0,0,0,0,0,0,0,0,0,0,0,0,0,0,0,0,0,0,189.628,0,0,0
"MtrElec",3,14,4,"",148.173,0,0,0,0,0,0,0,0,0,0,0,0,0,0,0,0,0,0,0,0,148.173,0,0,0
"MtrElec",3,14,5,"",151.77,0,0,0,0,0,0,0,0,0,0,0,0,0,0,0,0,0,0,0,0,151.77,0,0,0
"MtrElec",3,14,6,"",151.641,0,0,0,0,0,0,0,0,0,0,0,0,0,0,0,0,0,0,0,0,151.641,0,0,0
"MtrElec",3,14,7,"",189.488,0,0,0,0,0,0,0,0,0,0,0,0,0,0,0,0,0,0,0,0,189.488,0,0,0
"MtrElec",3,14,8,"",232.872,0,0,0,0,0,0,0,0,0,0,0,0,0,0,0,0,0,0,0,0,273.777,0,0,-40.9046
"MtrElec",3,14,9,"",75.5964,0,0,0,0,0,0,0,0,0,0,0,0,0,0,0,0,0,0,0,0,285.83,0,0,-210.234
"MtrElec",3,14,10,"",-19.6467,0,0,0,0,0,0,0,0,0,0,0,0,0,0,0,0,0,0,0,0,378.072,0,0,-397.719
"MtrElec",3,14,11,"",0.0000078,0,0,0,0,0,0,0,0,0,0,0,0,0,0,0,0,0,0,0,0,454.169,0,81.7753,-535.945
"MtrElec",3,14,12,"",0,0,0,0,0,0,0,0,0,0,0,0,0,0,0,0,0,0,0,0,0,469.954,0,150.445,-620.399
"MtrElec",3,14,13,"",0,0,0,0,0,0,0,0,0,0,0,0,0,0,0,0,0,0,0,0,0,547.997,0,131.646,-679.643
"MtrElec",3,14,14,"",0.0000156,0,0,0,0,0,0,0,0,0,0,0,0,0,0,0,0,0,0,0,0,467.559,0,220.653,-688.212
"MtrElec",3,14,15,"",0,0,0,0,0,0,0,0,0,0,0,0,0,0,0,0,0,0,0,0,0,536.211,0,106.324,-642.535
"MtrElec",3,14,16,"",0,0,0,0,0,0,0,0,0,0,0,0,0,0,0,0,0,0,0,0,0,468.483,0,77.7744,-546.258
"MtrElec",3,14,17,"",31.139,0,0,0,0,0,0,0,0,0,0,0,0,0,0,0,0,0,0,0,0,428.336,0,0,-397.197
"MtrElec",3,14,18,"",290.721,0,0,0,0,0,0,0,0,0,0,0,0,0,0,0,0,0,0,0,0,500.605,0,0,-209.885
"MtrElec",3,14,19,"",234.945,0,0,0,0,0,0,0,0,0,0,0,0,0,0,0,0,0,0,0,0,490.932,0,-223.217,-32.7698
"MtrElec",3,14,20,"",151.511,0,0,0,0,0,0,0,0,0,0,0,0,0,0,0,0,0,0,0,0,374.728,0,-223.217,0
"MtrElec",3,14,21,"",60.5869,0,0,0,0,0,0,0,0,0,0,0,0,0,0,0,0,0,0,0,0,283.804,0,-223.217,0
"MtrElec",3,14,22,"",274.522,0,0,0,0,0,0,0,0,0,0,0,0,0,0,0,0,0,0,0,0,298.549,0,-24.0271,0
"MtrElec",3,14,23,"",234.789,0,0,0,0,0,0,0,0,0,0,0,0,0,0,0,0,0,0,0,0,234.789,0,0,0
"MtrElec",3,14,24,"",188.474,0,0,0,0,0,0,0,0,0,0,0,0,0,0,0,0,0,0,0,0,188.474,0,0,0
"MtrElec",3,15,1,"",154.351,0,0,0,0,0,0,0,0,0,0,0,0,0,0,0,0,0,0,0,0,154.351,0,0,0
"MtrElec",3,15,2,"",152.074,0,0,0,0,0,0,0,0,0,0,0,0,0,0,0,0,0,0,0,0,152.074,0,0,0
"MtrElec",3,15,3,"",147.417,0,0,0,0,0,0,0,0,0,0,0,0,0,0,0,0,0,0,0,0,147.417,0,0,0
"MtrElec",3,15,4,"",148.933,0,0,0,0,0,0,0,0,0,0,0,0,0,0,0,0,0,0,0,0,148.933,0,0,0
"MtrElec",3,15,5,"",159.176,0,0,0,0,0,0,0,0,0,0,0,0,0,0,0,0,0,0,0,0,159.176,0,0,0
"MtrElec",3,15,6,"",149.939,0,0,0,0,0,0,0,0,0,0,0,0,0,0,0,0,0,0,0,0,149.939,0,0,0
"MtrElec",3,15,7,"",207.333,0,0,0,0,0,0,0,0,0,0,0,0,0,0,0,0,0,0,0,0,207.333,0,0,0
"MtrElec",3,15,8,"",188.059,0,0,0,0,0,0,0,0,0,0,0,0,0,0,0,0,0,0,0,0,196.947,0,0,-8.88736
"MtrElec",3,15,9,"",228.09,0,0,0,0,0,0,0,0,0,0,0,0,0,0,0,0,0,0,0,0,290.438,0,0,-62.348
"MtrElec",3,15,10,"",38.8432,0,0,0,0,0,0,0,0,0,0,0,0,0,0,0,0,0,0,0,0,297.595,0,0,-258.752
"MtrElec",3,15,11,"",0,0,0,0,0,0,0,0,0,0,0,0,0,0,0,0,0,0,0,0,0,357.603,0,201.646,-559.248
"MtrElec",3,15,12,"",-48.8928,0,0,0,0,0,0,0,0,0,0,0,0,0,0,0,0,0,0,0,0,379.696,0,223.217,-651.806
"MtrElec",3,15,13,"",-73.3363,0,0,0,0,0,0,0,0,0,0,0,0,0,0,0,0,0,0,0,0,401.339,0,223.217,-697.893
"MtrElec",3,15,14,"",-186.391,0,0,0,0,0,0,0,0,0,0,0,0,0,0,0,0,0,0,0,0,357.671,0,150.802,-694.863
"MtrElec",3,15,15,"",-299.894,0,0,0,0,0,0,0,0,0,0,0,0,0,0,0,0,0,0,0,0,344.343,0,0,-644.237
"MtrElec",3,15,16,"",-189.103,0,0,0,0,0,0,0,0,0,0,0,0,0,0,0,0,0,0,0,0,364.505,0,0,-553.608
"MtrElec",3,15,17,"",-78.0436,0,0,0,0,0,0,0,0,0,0,0,0,0,0,0,0,0,0,0,0,327.505,0,0,-405.549
"MtrElec",3,15,18,"",115.858,0,0,0,0,0,0,0,0,0,0,0,0,0,0,0,0,0,0,0,0,331.275,0,0,-215.417
"MtrElec",3,15,19,"",127.346,0,0,0,0,0,0,0,0,0,0,0,0,0,0,0,0,0,0,0,0,383.852,0,-223.217,-33.2896
"MtrElec",3,15,20,"",120.812,0,0,0,0,0,0,0,0,0,0,0,0,0,0,0,0,0,0,0,0,344.029,0,-223.217,0
"MtrElec",3,15,21,"",113.946,0,0,0,0,0,0,0,0,0,0,0,0,0,0,0,0,0,0,0,0,337.162,0,-223.217,0
"MtrElec",3,15,22,"",231.875,0,0,0,0,0,0,0,0,0,0,0,0,0,0,0,0,0,0,0,0,283.215,0,-51.3398,0
"MtrElec",3,15,23,"",252.586,0,0,0,0,0,0,0,0,0,0,0,0,0,0,0,0,0,0,0,0,252.586,0,0,0
"MtrElec",3,15,24,"",211.818,0,0,0,0,0,0,0,0,0,0,0,0,0,0,0,0,0,0,0,0,211.818,0,0,0
"MtrElec",3,16,1,"",171.716,0,0,0,0,0,0,0,0,0,0,0,0,0,0,0,0,0,0,0,0,171.716,0,0,0
"MtrElec",3,16,2,"",151.186,0,0,0,0,0,0,0,0,0,0,0,0,0,0,0,0,0,0,0,0,151.186,0,0,0
"MtrElec",3,16,3,"",144.768,0,0,0,0,0,0,0,0,0,0,0,0,0,0,0,0,0,0,0,0,144.768,0,0,0
"MtrElec",3,16,4,"",182.369,0,0,0,0,0,0,0,0,0,0,0,0,0,0,0,0,0,0,0,0,182.369,0,0,0
"MtrElec",3,16,5,"",143.859,0,0,0,0,0,0,0,0,0,0,0,0,0,0,0,0,0,0,0,0,143.859,0,0,0
"MtrElec",3,16,6,"",149.791,0,0,0,0,0,0,0,0,0,0,0,0,0,0,0,0,0,0,0,0,149.791,0,0,0
"MtrElec",3,16,7,"",223.605,0,0,0,0,0,0,0,0,0,0,0,0,0,0,0,0,0,0,0,0,223.605,0,0,0
"MtrElec",3,16,8,"",288.876,0,0,0,0,0,0,0,0,0,0,0,0,0,0,0,0,0,0,0,0,304.739,0,0,-15.8628
"MtrElec",3,16,9,"",263.127,0,0,0,0,0,0,0,0,0,0,0,0,0,0,0,0,0,0,0,0,349.584,0,0,-86.4569
"MtrElec",3,16,10,"",174.912,0,0,0,0,0,0,0,0,0,0,0,0,0,0,0,0,0,0,0,0,443.786,0,0,-268.874
"MtrElec",3,16,11,"",0,0,0,0,0,0,0,0,0,0,0,0,0,0,0,0,0,0,0,0,0,446.769,0,101.906,-548.675
"MtrElec",3,16,12,"",-62.3055,0,0,0,0,0,0,0,0,0,0,0,0,0,0,0,0,0,0,0,0,365.399,0,223.217,-650.922
"MtrElec",3,16,13,"",-24.2554,0,0,0,0,0,0,0,0,0,0,0,0,0,0,0,0,0,0,0,0,458.308,0,223.217,-705.781
"MtrElec",3,16,14,"",-95.1159,0,0,0,0,0,0,0,0,0,0,0,0,0,0,0,0,0,0,0,0,396.153,0,223.217,-714.486
"MtrElec",3,16,15,"",-296.961,0,0,0,0,0,0,0,0,0,0,0,0,0,0,0,0,0,0,0,0,345.462,0,27.3245,-669.748
"MtrElec",3,16,16,"",-186.566,0,0,0,0,0,0,0,0,0,0,0,0,0,0,0,0,0,0,0,0,376.144,0,0,-562.71
"MtrElec",3,16,17,"",-16.5286,0,0,0,0,0,0,0,0,0,0,0,0,0,0,0,0,0,0,0,0,392.806,0,0,-409.334
"MtrElec",3,16,18,"",223.135,0,0,0,0,0,0,0,0,0,0,0,0,0,0,0,0,0,0,0,0,436.416,0,0,-213.281
"MtrElec",3,16,19,"",158.446,0,0,0,0,0,0,0,0,0,0,0,0,0,0,0,0,0,0,0,0,415.599,0,-223.217,-33.9355
"MtrElec",3,16,20,"",159.595,0,0,0,0,0,0,0,0,0,0,0,0,0,0,0,0,0,0,0,0,382.811,0,-223.217,0
"MtrElec",3,16,21,"",187.028,0,0,0,0,0,0,0,0,0,0,0,0,0,0,0,0,0,0,0,0,410.245,0,-223.217,0
"MtrElec",3,16,22,"",246.191,0,0,0,0,0,0,0,0,0,0,0,0,0,0,0,0,0,0,0,0,297.531,0,-51.3398,0
"MtrElec",3,16,23,"",307.153,0,0,0,0,0,0,0,0,0,0,0,0,0,0,0,0,0,0,0,0,307.153,0,0,0
"MtrElec",3,16,24,"",215.997,0,0,0,0,0,0,0,0,0,0,0,0,0,0,0,0,0,0,0,0,215.997,0,0,0
"MtrElec",3,17,1,"",170.074,0,0,0,0,0,0,0,0,0,0,0,0,0,0,0,0,0,0,0,0,170.074,0,0,0
"MtrElec",3,17,2,"",150.152,0,0,0,0,0,0,0,0,0,0,0,0,0,0,0,0,0,0,0,0,150.152,0,0,0
"MtrElec",3,17,3,"",147.862,0,0,0,0,0,0,0,0,0,0,0,0,0,0,0,0,0,0,0,0,147.862,0,0,0
"MtrElec",3,17,4,"",149.182,0,0,0,0,0,0,0,0,0,0,0,0,0,0,0,0,0,0,0,0,149.182,0,0,0
"MtrElec",3,17,5,"",146.192,0,0,0,0,0,0,0,0,0,0,0,0,0,0,0,0,0,0,0,0,146.192,0,0,0
"MtrElec",3,17,6,"",188.27,0,0,0,0,0,0,0,0,0,0,0,0,0,0,0,0,0,0,0,0,188.27,0,0,0
"MtrElec",3,17,7,"",229.562,0,0,0,0,0,0,0,0,0,0,0,0,0,0,0,0,0,0,0,0,229.562,0,0,0
"MtrElec",3,17,8,"",270.534,0,0,0,0,0,0,0,0,0,0,0,0,0,0,0,0,0,0,0,0,302.838,0,0,-32.3037
"MtrElec",3,17,9,"",195.739,0,0,0,0,0,0,0,0,0,0,0,0,0,0,0,0,0,0,0,0,354.173,0,0,-158.435
"MtrElec",3,17,10,"",10.2939,0,0,0,0,0,0,0,0,0,0,0,0,0,0,0,0,0,0,0,0,426.343,0,0,-416.05
"MtrElec",3,17,11,"",0,0,0,0,0,0,0,0,0,0,0,0,0,0,0,0,0,0,0,0,0,381.805,0,189.647,-571.452
"MtrElec",3,17,12,"",-35.4031,0,0,0,0,0,0,0,0,0,0,0,0,0,0,0,0,0,0,0,0,410.388,0,223.217,-669.008
"MtrElec",3,17,13,"",-42.1663,0,0,0,0,0,0,0,0,0,0,0,0,0,0,0,0,0,0,0,0,451.965,0,223.217,-717.348
"MtrElec",3,17,14,"",-183.832,0,0,0,0,0,0,0,0,0,0,0,0,0,0,0,0,0,0,0,0,372.947,0,162.8,-719.58
"MtrElec",3,17,15,"",-316.614,0,0,0,0,0,0,0,0,0,0,0,0,0,0,0,0,0,0,0,0,350.454,0,0,-667.068
"MtrElec",3,17,16,"",-177.824,0,0,0,0,0,0,0,0,0,0,0,0,0,0,0,0,0,0,0,0,391.478,0,0,-569.302
"MtrElec",3,17,17,"",-14.5734,0,0,0,0,0,0,0,0,0,0,0,0,0,0,0,0,0,0,0,0,399.35,0,0,-413.923
"MtrElec",3,17,18,"",240.458,0,0,0,0,0,0,0,0,0,0,0,0,0,0,0,0,0,0,0,0,455.575,0,0,-215.117
"MtrElec",3,17,19,"",141.443,0,0,0,0,0,0,0,0,0,0,0,0,0,0,0,0,0,0,0,0,400.906,0,-223.217,-36.2462
"MtrElec",3,17,20,"",219.232,0,0,0,0,0,0,0,0,0,0,0,0,0,0,0,0,0,0,0,0,442.449,0,-223.217,0
"MtrElec",3,17,21,"",156.414,0,0,0,0,0,0,0,0,0,0,0,0,0,0,0,0,0,0,0,0,379.631,0,-223.217,0
"MtrElec",3,17,22,"",235.114,0,0,0,0,0,0,0,0,0,0,0,0,0,0,0,0,0,0,0,0,286.454,0,-51.3398,0
"MtrElec",3,17,23,"",204.674,0,0,0,0,0,0,0,0,0,0,0,0,0,0,0,0,0,0,0,0,204.674,0,0,0
"MtrElec",3,17,24,"",213.547,0,0,0,0,0,0,0,0,0,0,0,0,0,0,0,0,0,0,0,0,213.547,0,0,0
"MtrElec",3,18,1,"",155.925,0,0,0,0,0,0,0,0,0,0,0,0,0,0,0,0,0,0,0,0,155.925,0,0,0
"MtrElec",3,18,2,"",148.843,0,0,0,0,0,0,0,0,0,0,0,0,0,0,0,0,0,0,0,0,148.843,0,0,0
"MtrElec",3,18,3,"",145.072,0,0,0,0,0,0,0,0,0,0,0,0,0,0,0,0,0,0,0,0,145.072,0,0,0
"MtrElec",3,18,4,"",145.787,0,0,0,0,0,0,0,0,0,0,0,0,0,0,0,0,0,0,0,0,145.787,0,0,0
"MtrElec",3,18,5,"",143.781,0,0,0,0,0,0,0,0,0,0,0,0,0,0,0,0,0,0,0,0,143.781,0,0,0
"MtrElec",3,18,6,"",195.759,0,0,0,0,0,0,0,0,0,0,0,0,0,0,0,0,0,0,0,0,195.759,0,0,0
"MtrElec",3,18,7,"",209.019,0,0,0,0,0,0,0,0,0,0,0,0,0,0,0,0,0,0,0,0,209.019,0,0,0
"MtrElec",3,18,8,"",255.15,0,0,0,0,0,0,0,0,0,0,0,0,0,0,0,0,0,0,0,0,302.361,0,0,-47.2105
"MtrElec",3,18,9,"",145.748,0,0,0,0,0,0,0,0,0,0,0,0,0,0,0,0,0,0,0,0,369.722,0,0,-223.974
"MtrElec",3,18,10,"",51.1911,0,0,0,0,0,0,0,0,0,0,0,0,0,0,0,0,0,0,0,0,468.593,0,0,-417.401
"MtrElec",3,18,11,"",0,0,0,0,0,0,0,0,0,0,0,0,0,0,0,0,0,0,0,0,0,470.394,0,99.8958,-570.29
"MtrElec",3,18,12,"",-8.48431,0,0,0,0,0,0,0,0,0,0,0,0,0,0,0,0,0,0,0,0,429.882,0,223.217,-661.583
"MtrElec",3,18,13,"",-24.794,0,0,0,0,0,0,0,0,0,0,0,0,0,0,0,0,0,0,0,0,441.377,0,223.217,-689.388
"MtrElec",3,18,14,"",-34.6458,0,0,0,0,0,0,0,0,0,0,0,0,0,0,0,0,0,0,0,0,409.815,0,223.217,-667.678
"MtrElec",3,18,15,"",-202.9,0,0,0,0,0,0,0,0,0,0,0,0,0,0,0,0,0,0,0,0,402.946,0,29.335,-635.181
"MtrElec",3,18,16,"",-141.92,0,0,0,0,0,0,0,0,0,0,0,0,0,0,0,0,0,0,0,0,409.201,0,0,-551.121
"MtrElec",3,18,17,"",15.192,0,0,0,0,0,0,0,0,0,0,0,0,0,0,0,0,0,0,0,0,421.601,0,0,-406.409
"MtrElec",3,18,18,"",248.944,0,0,0,0,0,0,0,0,0,0,0,0,0,0,0,0,0,0,0,0,462.744,0,0,-213.8
"MtrElec",3,18,19,"",185.498,0,0,0,0,0,0,0,0,0,0,0,0,0,0,0,0,0,0,0,0,443.466,0,-223.217,-34.7505
"MtrElec",3,18,20,"",194.402,0,0,0,0,0,0,0,0,0,0,0,0,0,0,0,0,0,0,0,0,417.619,0,-223.217,0
"MtrElec",3,18,21,"",150.89,0,0,0,0,0,0,0,0,0,0,0,0,0,0,0,0,0,0,0,0,374.107,0,-223.217,0
"MtrElec",3,18,22,"",268.236,0,0,0,0,0,0,0,0,0,0,0,0,0,0,0,0,0,0,0,0,319.576,0,-51.3398,0
"MtrElec",3,18,23,"",356.531,0,0,0,0,0,0,0,0,0,0,0,0,0,0,0,0,0,0,0,0,356.531,0,0,0
"MtrElec",3,18,24,"",229.881,0,0,0,0,0,0,0,0,0,0,0,0,0,0,0,0,0,0,0,0,229.881,0,0,0
"MtrElec",3,19,1,"",156.592,0,0,0,0,0,0,0,0,0,0,0,0,0,0,0,0,0,0,0,0,156.592,0,0,0
"MtrElec",3,19,2,"",150.759,0,0,0,0,0,0,0,0,0,0,0,0,0,0,0,0,0,0,0,0,150.759,0,0,0
"MtrElec",3,19,3,"",144.546,0,0,0,0,0,0,0,0,0,0,0,0,0,0,0,0,0,0,0,0,144.546,0,0,0
"MtrElec",3,19,4,"",146.001,0,0,0,0,0,0,0,0,0,0,0,0,0,0,0,0,0,0,0,0,146.001,0,0,0
"MtrElec",3,19,5,"",186.66,0,0,0,0,0,0,0,0,0,0,0,0,0,0,0,0,0,0,0,0,186.66,0,0,0
"MtrElec",3,19,6,"",150.423,0,0,0,0,0,0,0,0,0,0,0,0,0,0,0,0,0,0,0,0,150.423,0,0,0
"MtrElec",3,19,7,"",256.804,0,0,0,0,0,0,0,0,0,0,0,0,0,0,0,0,0,0,0,0,256.804,0,0,0
"MtrElec",3,19,8,"",244.797,0,0,0,0,0,0,0,0,0,0,0,0,0,0,0,0,0,0,0,0,293.301,0,0,-48.5039
"MtrElec",3,19,9,"",153.155,0,0,0,0,0,0,0,0,0,0,0,0,0,0,0,0,0,0,0,0,376.966,0,0,-223.811
"MtrElec",3,19,10,"",13.852,0,0,0,0,0,0,0,0,0,0,0,0,0,0,0,0,0,0,0,0,418.509,0,0,-404.657
"MtrElec",3,19,11,"",0,0,0,0,0,0,0,0,0,0,0,0,0,0,0,0,0,0,0,0,0,422.72,0,126.53,-549.25
"MtrElec",3,19,12,"",-2.52222,0,0,0,0,0,0,0,0,0,0,0,0,0,0,0,0,0,0,0,0,406.812,0,223.217,-632.551
"MtrElec",3,19,13,"",-11.405,0,0,0,0,0,0,0,0,0,0,0,0,0,0,0,0,0,0,0,0,450.607,0,223.217,-685.229
"MtrElec",3,19,14,"",-36.5093,0,0,0,0,0,0,0,0,0,0,0,0,0,0,0,0,0,0,0,0,362.567,0,223.217,-622.293
"MtrElec",3,19,15,"",1.18403,0,0,0,0,0,0,0,0,0,0,0,0,0,0,0,0,0,0,0,0,425.545,0,0,-424.361
"MtrElec",3,19,16,"",-154.001,0,0,0,0,0,0,0,0,0,0,0,0,0,0,0,0,0,0,0,0,373.82,0,2.70079,-530.522
"MtrElec",3,19,17,"",51.4152,0,0,0,0,0,0,0,0,0,0,0,0,0,0,0,0,0,0,0,0,451.788,0,0,-400.373
"MtrElec",3,19,18,"",225.409,0,0,0,0,0,0,0,0,0,0,0,0,0,0,0,0,0,0,0,0,436.75,0,0,-211.341
"MtrElec",3,19,19,"",177.848,0,0,0,0,0,0,0,0,0,0,0,0,0,0,0,0,0,0,0,0,435.7,0,-223.217,-34.6351
"MtrElec",3,19,20,"",164.102,0,0,0,0,0,0,0,0,0,0,0,0,0,0,0,0,0,0,0,0,387.319,0,-223.217,0
"MtrElec",3,19,21,"",208.545,0,0,0,0,0,0,0,0,0,0,0,0,0,0,0,0,0,0,0,0,431.762,0,-223.217,0
"MtrElec",3,19,22,"",230.563,0,0,0,0,0,0,0,0,0,0,0,0,0,0,0,0,0,0,0,0,281.902,0,-51.3398,0
"MtrElec",3,19,23,"",289.431,0,0,0,0,0,0,0,0,0,0,0,0,0,0,0,0,0,0,0,0,289.431,0,0,0
"MtrElec",3,19,24,"",202.376,0,0,0,0,0,0,0,0,0,0,0,0,0,0,0,0,0,0,0,0,202.376,0,0,0
"MtrElec",3,20,1,"",156.208,0,0,0,0,0,0,0,0,0,0,0,0,0,0,0,0,0,0,0,0,156.208,0,0,0
"MtrElec",3,20,2,"",172.299,0,0,0,0,0,0,0,0,0,0,0,0,0,0,0,0,0,0,0,0,172.299,0,0,0
"MtrElec",3,20,3,"",163.565,0,0,0,0,0,0,0,0,0,0,0,0,0,0,0,0,0,0,0,0,163.565,0,0,0
"MtrElec",3,20,4,"",147.7,0,0,0,0,0,0,0,0,0,0,0,0,0,0,0,0,0,0,0,0,147.7,0,0,0
"MtrElec",3,20,5,"",145.905,0,0,0,0,0,0,0,0,0,0,0,0,0,0,0,0,0,0,0,0,145.905,0,0,0
"MtrElec",3,20,6,"",160.229,0,0,0,0,0,0,0,0,0,0,0,0,0,0,0,0,0,0,0,0,160.229,0,0,0
"MtrElec",3,20,7,"",270.716,0,0,0,0,0,0,0,0,0,0,0,0,0,0,0,0,0,0,0,0,270.716,0,0,0
"MtrElec",3,20,8,"",260.317,0,0,0,0,0,0,0,0,0,0,0,0,0,0,0,0,0,0,0,0,302.776,0,0,-42.4592
"MtrElec",3,20,9,"",193.718,0,0,0,0,0,0,0,0,0,0,0,0,0,0,0,0,0,0,0,0,372.568,0,0,-178.85
"MtrElec",3,20,10,"",-30.1631,0,0,0,0,0,0,0,0,0,0,0,0,0,0,0,0,0,0,0,0,415.885,0,0,-446.048
"MtrElec",3,20,11,"",0,0,0,0,0,0,0,0,0,0,0,0,0,0,0,0,0,0,0,0,0,383.49,0,221.062,-604.553
"MtrElec",3,20,12,"",-49.8278,0,0,0,0,0,0,0,0,0,0,0,0,0,0,0,0,0,0,0,0,433.915,0,223.217,-706.96
"MtrElec",3,20,13,"",-101.224,0,0,0,0,0,0,0,0,0,0,0,0,0,0,0,0,0,0,0,0,423.487,0,223.217,-747.929
"MtrElec",3,20,14,"",-239.486,0,0,0,0,0,0,0,0,0,0,0,0,0,0,0,0,0,0,0,0,377.27,0,131.385,-748.141
"MtrElec",3,20,15,"",-279.561,0,0,0,0,0,0,0,0,0,0,0,0,0,0,0,0,0,0,0,0,406.98,0,0,-686.541
"MtrElec",3,20,16,"",-161.452,0,0,0,0,0,0,0,0,0,0,0,0,0,0,0,0,0,0,0,0,414.357,0,0,-575.809
"MtrElec",3,20,17,"",17.013,0,0,0,0,0,0,0,0,0,0,0,0,0,0,0,0,0,0,0,0,442.435,0,0,-425.422
"MtrElec",3,20,18,"",187.966,0,0,0,0,0,0,0,0,0,0,0,0,0,0,0,0,0,0,0,0,416.005,0,0,-228.039
"MtrElec",3,20,19,"",194.16,0,0,0,0,0,0,0,0,0,0,0,0,0,0,0,0,0,0,0,0,454.316,0,-223.217,-36.9397
"MtrElec",3,20,20,"",168.555,0,0,0,0,0,0,0,0,0,0,0,0,0,0,0,0,0,0,0,0,391.772,0,-223.217,0
"MtrElec",3,20,21,"",234.484,0,0,0,0,0,0,0,0,0,0,0,0,0,0,0,0,0,0,0,0,457.701,0,-223.217,0
"MtrElec",3,20,22,"",232.426,0,0,0,0,0,0,0,0,0,0,0,0,0,0,0,0,0,0,0,0,283.766,0,-51.3398,0
"MtrElec",3,20,23,"",276.111,0,0,0,0,0,0,0,0,0,0,0,0,0,0,0,0,0,0,0,0,276.111,0,0,0
"MtrElec",3,20,24,"",198.002,0,0,0,0,0,0,0,0,0,0,0,0,0,0,0,0,0,0,0,0,198.002,0,0,0
"MtrElec",3,21,1,"",153.616,0,0,0,0,0,0,0,0,0,0,0,0,0,0,0,0,0,0,0,0,153.616,0,0,0
"MtrElec",3,21,2,"",151.917,0,0,0,0,0,0,0,0,0,0,0,0,0,0,0,0,0,0,0,0,151.917,0,0,0
"MtrElec",3,21,3,"",147.019,0,0,0,0,0,0,0,0,0,0,0,0,0,0,0,0,0,0,0,0,147.019,0,0,0
"MtrElec",3,21,4,"",147.748,0,0,0,0,0,0,0,0,0,0,0,0,0,0,0,0,0,0,0,0,147.748,0,0,0
"MtrElec",3,21,5,"",189.918,0,0,0,0,0,0,0,0,0,0,0,0,0,0,0,0,0,0,0,0,189.918,0,0,0
"MtrElec",3,21,6,"",174.454,0,0,0,0,0,0,0,0,0,0,0,0,0,0,0,0,0,0,0,0,174.454,0,0,0
"MtrElec",3,21,7,"",165.606,0,0,0,0,0,0,0,0,0,0,0,0,0,0,0,0,0,0,0,0,165.606,0,0,0
"MtrElec",3,21,8,"",208.363,0,0,0,0,0,0,0,0,0,0,0,0,0,0,0,0,0,0,0,0,259.654,0,0,-51.2909
"MtrElec",3,21,9,"",85.9569,0,0,0,0,0,0,0,0,0,0,0,0,0,0,0,0,0,0,0,0,283,0,0,-197.043
"MtrElec",3,21,10,"",-81.8058,0,0,0,0,0,0,0,0,0,0,0,0,0,0,0,0,0,0,0,0,359.991,0,0,-441.797
"MtrElec",3,21,11,"",0,0,0,0,0,0,0,0,0,0,0,0,0,0,0,0,0,0,0,0,0,457.544,0,136.432,-593.976
"MtrElec",3,21,12,"",-42.0901,0,0,0,0,0,0,0,0,0,0,0,0,0,0,0,0,0,0,0,0,424.173,0,223.217,-689.48
"MtrElec",3,21,13,"",-38.5579,0,0,0,0,0,0,0,0,0,0,0,0,0,0,0,0,0,0,0,0,469.981,0,223.217,-731.756
"MtrElec",3,21,14,"",-122.161,0,0,0,0,0,0,0,0,0,0,0,0,0,0,0,0,0,0,0,0,384.234,0,216.016,-722.411
"MtrElec",3,21,15,"",-249.053,0,0,0,0,0,0,0,0,0,0,0,0,0,0,0,0,0,0,0,0,421.594,0,0,-670.646
"MtrElec",3,21,16,"",-149.055,0,0,0,0,0,0,0,0,0,0,0,0,0,0,0,0,0,0,0,0,422.184,0,0,-571.239
"MtrElec",3,21,17,"",-23.6683,0,0,0,0,0,0,0,0,0,0,0,0,0,0,0,0,0,0,0,0,396.231,0,0,-419.9
"MtrElec",3,21,18,"",199.084,0,0,0,0,0,0,0,0,0,0,0,0,0,0,0,0,0,0,0,0,424.235,0,0,-225.151
"MtrElec",3,21,19,"",227.678,0,0,0,0,0,0,0,0,0,0,0,0,0,0,0,0,0,0,0,0,489.117,0,-223.217,-38.2222
"MtrElec",3,21,20,"",113.214,0,0,0,0,0,0,0,0,0,0,0,0,0,0,0,0,0,0,0,0,336.431,0,-223.217,0
"MtrElec",3,21,21,"",132.492,0,0,0,0,0,0,0,0,0,0,0,0,0,0,0,0,0,0,0,0,355.709,0,-223.217,0
"MtrElec",3,21,22,"",235.479,0,0,0,0,0,0,0,0,0,0,0,0,0,0,0,0,0,0,0,0,286.819,0,-51.3398,0
"MtrElec",3,21,23,"",252.566,0,0,0,0,0,0,0,0,0,0,0,0,0,0,0,0,0,0,0,0,252.566,0,0,0
"MtrElec",3,21,24,"",196.186,0,0,0,0,0,0,0,0,0,0,0,0,0,0,0,0,0,0,0,0,196.186,0,0,0
"MtrElec",3,22,1,"",155.7,0,0,0,0,0,0,0,0,0,0,0,0,0,0,0,0,0,0,0,0,155.7,0,0,0
"MtrElec",3,22,2,"",149.893,0,0,0,0,0,0,0,0,0,0,0,0,0,0,0,0,0,0,0,0,149.893,0,0,0
"MtrElec",3,22,3,"",145.492,0,0,0,0,0,0,0,0,0,0,0,0,0,0,0,0,0,0,0,0,145.492,0,0,0
"MtrElec",3,22,4,"",148,0,0,0,0,0,0,0,0,0,0,0,0,0,0,0,0,0,0,0,0,148,0,0,0
"MtrElec",3,22,5,"",150.998,0,0,0,0,0,0,0,0,0,0,0,0,0,0,0,0,0,0,0,0,150.998,0,0,0
"MtrElec",3,22,6,"",191.177,0,0,0,0,0,0,0,0,0,0,0,0,0,0,0,0,0,0,0,0,191.177,0,0,0
"MtrElec",3,22,7,"",159.74,0,0,0,0,0,0,0,0,0,0,0,0,0,0,0,0,0,0,0,0,159.74,0,0,0
"MtrElec",3,22,8,"",200.278,0,0,0,0,0,0,0,0,0,0,0,0,0,0,0,0,0,0,0,0,254.366,0,0,-54.0881
"MtrElec",3,22,9,"",55.4013,0,0,0,0,0,0,0,0,0,0,0,0,0,0,0,0,0,0,0,0,298.505,0,0,-243.103
"MtrElec",3,22,10,"",-91.1761,0,0,0,0,0,0,0,0,0,0,0,0,0,0,0,0,0,0,0,0,343.916,0,0,-435.093
"MtrElec",3,22,11,"",0,0,0,0,0,0,0,0,0,0,0,0,0,0,0,0,0,0,0,0,0,364.294,0,215.835,-580.129
"MtrElec",3,22,12,"",-8.05491,0,0,0,0,0,0,0,0,0,0,0,0,0,0,0,0,0,0,0,0,429.701,0,223.217,-660.973
"MtrElec",3,22,13,"",-99.7086,0,0,0,0,0,0,0,0,0,0,0,0,0,0,0,0,0,0,0,0,391.26,0,223.217,-714.185
"MtrElec",3,22,14,"",-222.875,0,0,0,0,0,0,0,0,0,0,0,0,0,0,0,0,0,0,0,0,369.811,0,136.613,-729.299
"MtrElec",3,22,15,"",-327.911,0,0,0,0,0,0,0,0,0,0,0,0,0,0,0,0,0,0,0,0,345.933,0,0,-673.844
"MtrElec",3,22,16,"",-214.254,0,0,0,0,0,0,0,0,0,0,0,0,0,0,0,0,0,0,0,0,353.098,0,0,-567.353
"MtrElec",3,22,17,"",-63.4529,0,0,0,0,0,0,0,0,0,0,0,0,0,0,0,0,0,0,0,0,353.46,0,0,-416.913
"MtrElec",3,22,18,"",118.127,0,0,0,0,0,0,0,0,0,0,0,0,0,0,0,0,0,0,0,0,340.01,0,0,-221.883
"MtrElec",3,22,19,"",127.394,0,0,0,0,0,0,0,0,0,0,0,0,0,0,0,0,0,0,0,0,388.196,0,-223.217,-37.5848
"MtrElec",3,22,20,"",74.6009,0,0,0,0,0,0,0,0,0,0,0,0,0,0,0,0,0,0,0,0,297.818,0,-223.217,0
"MtrElec",3,22,21,"",120.184,0,0,0,0,0,0,0,0,0,0,0,0,0,0,0,0,0,0,0,0,343.401,0,-223.217,0
"MtrElec",3,22,22,"",248.178,0,0,0,0,0,0,0,0,0,0,0,0,0,0,0,0,0,0,0,0,299.517,0,-51.3398,0
"MtrElec",3,22,23,"",252.052,0,0,0,0,0,0,0,0,0,0,0,0,0,0,0,0,0,0,0,0,252.052,0,0,0
"MtrElec",3,22,24,"",210.28,0,0,0,0,0,0,0,0,0,0,0,0,0,0,0,0,0,0,0,0,210.28,0,0,0
"MtrElec",3,23,1,"",169.416,0,0,0,0,0,0,0,0,0,0,0,0,0,0,0,0,0,0,0,0,169.416,0,0,0
"MtrElec",3,23,2,"",155.344,0,0,0,0,0,0,0,0,0,0,0,0,0,0,0,0,0,0,0,0,155.344,0,0,0
"MtrElec",3,23,3,"",150.43,0,0,0,0,0,0,0,0,0,0,0,0,0,0,0,0,0,0,0,0,150.43,0,0,0
"MtrElec",3,23,4,"",150.81,0,0,0,0,0,0,0,0,0,0,0,0,0,0,0,0,0,0,0,0,150.81,0,0,0
"MtrElec",3,23,5,"",152.974,0,0,0,0,0,0,0,0,0,0,0,0,0,0,0,0,0,0,0,0,152.974,0,0,0
"MtrElec",3,23,6,"",203.372,0,0,0,0,0,0,0,0,0,0,0,0,0,0,0,0,0,0,0,0,203.372,0,0,0
"MtrElec",3,23,7,"",213.45,0,0,0,0,0,0,0,0,0,0,0,0,0,0,0,0,0,0,0,0,213.45,0,0,0
"MtrElec",3,23,8,"",245.86,0,0,0,0,0,0,0,0,0,0,0,0,0,0,0,0,0,0,0,0,300.049,0,0,-54.1894
"MtrElec",3,23,9,"",129.957,0,0,0,0,0,0,0,0,0,0,0,0,0,0,0,0,0,0,0,0,356.115,0,0,-226.157
"MtrElec",3,23,10,"",31.4377,0,0,0,0,0,0,0,0,0,0,0,0,0,0,0,0,0,0,0,0,415.343,0,0,-383.905
"MtrElec",3,23,11,"",0,0,0,0,0,0,0,0,0,0,0,0,0,0,0,0,0,0,0,0,0,429.039,0,73.3618,-502.401
"MtrElec",3,23,12,"",0,0,0,0,0,0,0,0,0,0,0,0,0,0,0,0,0,0,0,0,0,397.125,0,178.387,-575.512
"MtrElec",3,23,13,"",0.0000156,0,0,0,0,0,0,0,0,0,0,0,0,0,0,0,0,0,0,0,0,443.612,0,213.443,-657.055
"MtrElec",3,23,14,"",-112.081,0,0,0,0,0,0,0,0,0,0,0,0,0,0,0,0,0,0,0,0,378.239,0,223.217,-713.537
"MtrElec",3,23,15,"",-204.332,0,0,0,0,0,0,0,0,0,0,0,0,0,0,0,0,0,0,0,0,343.957,0,110.473,-658.762
"MtrElec",3,23,16,"",-155.615,0,0,0,0,0,0,0,0,0,0,0,0,0,0,0,0,0,0,0,0,401.234,0,0,-556.849
"MtrElec",3,23,17,"",2.86156,0,0,0,0,0,0,0,0,0,0,0,0,0,0,0,0,0,0,0,0,412.156,0,0,-409.294
"MtrElec",3,23,18,"",234.29,0,0,0,0,0,0,0,0,0,0,0,0,0,0,0,0,0,0,0,0,454.152,0,0,-219.863
"MtrElec",3,23,19,"",138.835,0,0,0,0,0,0,0,0,0,0,0,0,0,0,0,0,0,0,0,0,399.78,0,-223.217,-37.7282
"MtrElec",3,23,20,"",178.498,0,0,0,0,0,0,0,0,0,0,0,0,0,0,0,0,0,0,0,0,401.715,0,-223.217,0
"MtrElec",3,23,21,"",200.516,0,0,0,0,0,0,0,0,0,0,0,0,0,0,0,0,0,0,0,0,423.733,0,-223.217,0
"MtrElec",3,23,22,"",258.998,0,0,0,0,0,0,0,0,0,0,0,0,0,0,0,0,0,0,0,0,310.338,0,-51.3398,0
"MtrElec",3,23,23,"",253.233,0,0,0,0,0,0,0,0,0,0,0,0,0,0,0,0,0,0,0,0,253.233,0,0,0
"MtrElec",3,23,24,"",210.207,0,0,0,0,0,0,0,0,0,0,0,0,0,0,0,0,0,0,0,0,210.207,0,0,0
"MtrElec",3,24,1,"",175.917,0,0,0,0,0,0,0,0,0,0,0,0,0,0,0,0,0,0,0,0,175.917,0,0,0
"MtrElec",3,24,2,"",152.819,0,0,0,0,0,0,0,0,0,0,0,0,0,0,0,0,0,0,0,0,152.819,0,0,0
"MtrElec",3,24,3,"",168.283,0,0,0,0,0,0,0,0,0,0,0,0,0,0,0,0,0,0,0,0,168.283,0,0,0
"MtrElec",3,24,4,"",160.538,0,0,0,0,0,0,0,0,0,0,0,0,0,0,0,0,0,0,0,0,160.538,0,0,0
"MtrElec",3,24,5,"",140.323,0,0,0,0,0,0,0,0,0,0,0,0,0,0,0,0,0,0,0,0,140.323,0,0,0
"MtrElec",3,24,6,"",156.147,0,0,0,0,0,0,0,0,0,0,0,0,0,0,0,0,0,0,0,0,156.147,0,0,0
"MtrElec",3,24,7,"",255.211,0,0,0,0,0,0,0,0,0,0,0,0,0,0,0,0,0,0,0,0,255.211,0,0,0
"MtrElec",3,24,8,"",228.961,0,0,0,0,0,0,0,0,0,0,0,0,0,0,0,0,0,0,0,0,286.442,0,0,-57.4802
"MtrElec",3,24,9,"",159.114,0,0,0,0,0,0,0,0,0,0,0,0,0,0,0,0,0,0,0,0,360.196,0,0,-201.082
"MtrElec",3,24,10,"",104.891,0,0,0,0,0,0,0,0,0,0,0,0,0,0,0,0,0,0,0,0,442.595,0,0,-337.705
"MtrElec",3,24,11,"",0,0,0,0,0,0,0,0,0,0,0,0,0,0,0,0,0,0,0,0,0,409.399,0,76.7432,-486.142
"MtrElec",3,24,12,"",0,0,0,0,0,0,0,0,0,0,0,0,0,0,0,0,0,0,0,0,0,396.214,0,189.263,-585.477
"MtrElec",3,24,13,"",0,0,0,0,0,0,0,0,0,0,0,0,0,0,0,0,0,0,0,0,0,447.134,0,195.637,-642.771
"MtrElec",3,24,14,"",-74.305,0,0,0,0,0,0,0,0,0,0,0,0,0,0,0,0,0,0,0,0,399.64,0,223.217,-697.162
"MtrElec",3,24,15,"",-218.576,0,0,0,0,0,0,0,0,0,0,0,0,0,0,0,0,0,0,0,0,333.039,0,114.022,-665.637
"MtrElec",3,24,16,"",-165.477,0,0,0,0,0,0,0,0,0,0,0,0,0,0,0,0,0,0,0,0,379.785,0,0,-545.262
"MtrElec",3,24,17,"",14.9052,0,0,0,0,0,0,0,0,0,0,0,0,0,0,0,0,0,0,0,0,367.061,0,0,-352.156
"MtrElec",3,24,18,"",250.401,0,0,0,0,0,0,0,0,0,0,0,0,0,0,0,0,0,0,0,0,438.624,0,0,-188.223
"MtrElec",3,24,19,"",138.328,0,0,0,0,0,0,0,0,0,0,0,0,0,0,0,0,0,0,0,0,396.439,0,-223.217,-34.8947
"MtrElec",3,24,20,"",210.766,0,0,0,0,0,0,0,0,0,0,0,0,0,0,0,0,0,0,0,0,433.983,0,-223.217,0
"MtrElec",3,24,21,"",192.706,0,0,0,0,0,0,0,0,0,0,0,0,0,0,0,0,0,0,0,0,415.923,0,-223.217,0
"MtrElec",3,24,22,"",240.569,0,0,0,0,0,0,0,0,0,0,0,0,0,0,0,0,0,0,0,0,291.909,0,-51.3398,0
"MtrElec",3,24,23,"",260.708,0,0,0,0,0,0,0,0,0,0,0,0,0,0,0,0,0,0,0,0,260.708,0,0,0
"MtrElec",3,24,24,"",165.073,0,0,0,0,0,0,0,0,0,0,0,0,0,0,0,0,0,0,0,0,165.073,0,0,0
"MtrElec",3,25,1,"",155.886,0,0,0,0,0,0,0,0,0,0,0,0,0,0,0,0,0,0,0,0,155.886,0,0,0
"MtrElec",3,25,2,"",151.014,0,0,0,0,0,0,0,0,0,0,0,0,0,0,0,0,0,0,0,0,151.014,0,0,0
"MtrElec",3,25,3,"",194.605,0,0,0,0,0,0,0,0,0,0,0,0,0,0,0,0,0,0,0,0,194.605,0,0,0
"MtrElec",3,25,4,"",151.622,0,0,0,0,0,0,0,0,0,0,0,0,0,0,0,0,0,0,0,0,151.622,0,0,0
"MtrElec",3,25,5,"",143.41,0,0,0,0,0,0,0,0,0,0,0,0,0,0,0,0,0,0,0,0,143.41,0,0,0
"MtrElec",3,25,6,"",149.024,0,0,0,0,0,0,0,0,0,0,0,0,0,0,0,0,0,0,0,0,149.024,0,0,0
"MtrElec",3,25,7,"",242.294,0,0,0,0,0,0,0,0,0,0,0,0,0,0,0,0,0,0,0,0,242.294,0,0,0
"MtrElec",3,25,8,"",275.758,0,0,0,0,0,0,0,0,0,0,0,0,0,0,0,0,0,0,0,0,297.067,0,0,-21.3088
"MtrElec",3,25,9,"",298.172,0,0,0,0,0,0,0,0,0,0,0,0,0,0,0,0,0,0,0,0,377.263,0,0,-79.0912
"MtrElec",3,25,10,"",246.771,0,0,0,0,0,0,0,0,0,0,0,0,0,0,0,0,0,0,0,0,437.846,0,0,-191.074
"MtrElec",3,25,11,"",0,0,0,0,0,0,0,0,0,0,0,0,0,0,0,0,0,0,0,0,0,435.863,0,87.4474,-523.311
"MtrElec",3,25,12,"",-24.0641,0,0,0,0,0,0,0,0,0,0,0,0,0,0,0,0,0,0,0,0,417.82,0,223.217,-665.101
"MtrElec",3,25,13,"",-28.5622,0,0,0,0,0,0,0,0,0,0,0,0,0,0,0,0,0,0,0,0,460.591,0,223.217,-712.37
"MtrElec",3,25,14,"",-41.3431,0,0,0,0,0,0,0,0,0,0,0,0,0,0,0,0,0,0,0,0,343.33,0,223.217,-607.89
"MtrElec",3,25,15,"",-97.3092,0,0,0,0,0,0,0,0,0,0,0,0,0,0,0,0,0,0,0,0,385.565,0,41.7833,-524.658
"MtrElec",3,25,16,"",-143.227,0,0,0,0,0,0,0,0,0,0,0,0,0,0,0,0,0,0,0,0,372.592,0,0,-515.819
"MtrElec",3,25,17,"",26.5072,0,0,0,0,0,0,0,0,0,0,0,0,0,0,0,0,0,0,0,0,444.517,0,0,-418.009
"MtrElec",3,25,18,"",164.521,0,0,0,0,0,0,0,0,0,0,0,0,0,0,0,0,0,0,0,0,391.352,0,0,-226.831
"MtrElec",3,25,19,"",140.559,0,0,0,0,0,0,0,0,0,0,0,0,0,0,0,0,0,0,0,0,405.751,0,-223.217,-41.9756
"MtrElec",3,25,20,"",154.934,0,0,0,0,0,0,0,0,0,0,0,0,0,0,0,0,0,0,0,0,378.15,0,-223.217,0
"MtrElec",3,25,21,"",171.267,0,0,0,0,0,0,0,0,0,0,0,0,0,0,0,0,0,0,0,0,394.484,0,-223.217,0
"MtrElec",3,25,22,"",242.447,0,0,0,0,0,0,0,0,0,0,0,0,0,0,0,0,0,0,0,0,293.787,0,-51.3398,0
"MtrElec",3,25,23,"",312.521,0,0,0,0,0,0,0,0,0,0,0,0,0,0,0,0,0,0,0,0,312.521,0,0,0
"MtrElec",3,25,24,"",207.063,0,0,0,0,0,0,0,0,0,0,0,0,0,0,0,0,0,0,0,0,207.063,0,0,0
"MtrElec",3,26,1,"",167.22,0,0,0,0,0,0,0,0,0,0,0,0,0,0,0,0,0,0,0,0,167.22,0,0,0
"MtrElec",3,26,2,"",150.432,0,0,0,0,0,0,0,0,0,0,0,0,0,0,0,0,0,0,0,0,150.432,0,0,0
"MtrElec",3,26,3,"",144.342,0,0,0,0,0,0,0,0,0,0,0,0,0,0,0,0,0,0,0,0,144.342,0,0,0
"MtrElec",3,26,4,"",153.283,0,0,0,0,0,0,0,0,0,0,0,0,0,0,0,0,0,0,0,0,153.283,0,0,0
"MtrElec",3,26,5,"",162.604,0,0,0,0,0,0,0,0,0,0,0,0,0,0,0,0,0,0,0,0,162.604,0,0,0
"MtrElec",3,26,6,"",181.081,0,0,0,0,0,0,0,0,0,0,0,0,0,0,0,0,0,0,0,0,181.081,0,0,0
"MtrElec",3,26,7,"",231.58,0,0,0,0,0,0,0,0,0,0,0,0,0,0,0,0,0,0,0,0,231.58,0,0,0
"MtrElec",3,26,8,"",243.141,0,0,0,0,0,0,0,0,0,0,0,0,0,0,0,0,0,0,0,0,304.222,0,0,-61.0815
"MtrElec",3,26,9,"",108.197,0,0,0,0,0,0,0,0,0,0,0,0,0,0,0,0,0,0,0,0,362.946,0,0,-254.749
"MtrElec",3,26,10,"",13.9392,0,0,0,0,0,0,0,0,0,0,0,0,0,0,0,0,0,0,0,0,458.919,0,0,-444.98
"MtrElec",3,26,11,"",0,0,0,0,0,0,0,0,0,0,0,0,0,0,0,0,0,0,0,0,0,436.713,0,142.173,-578.886
"MtrElec",3,26,12,"",-35.9138,0,0,0,0,0,0,0,0,0,0,0,0,0,0,0,0,0,0,0,0,408.529,0,223.217,-667.659
"MtrElec",3,26,13,"",-80.469,0,0,0,0,0,0,0,0,0,0,0,0,0,0,0,0,0,0,0,0,418.107,0,223.217,-721.792
"MtrElec",3,26,14,"",-128.152,0,0,0,0,0,0,0,0,0,0,0,0,0,0,0,0,0,0,0,0,388.093,0,210.274,-726.52
"MtrElec",3,26,15,"",-336.05,0,0,0,0,0,0,0,0,0,0,0,0,0,0,0,0,0,0,0,0,339.401,0,0,-675.451
"MtrElec",3,26,16,"",-188.379,0,0,0,0,0,0,0,0,0,0,0,0,0,0,0,0,0,0,0,0,384.811,0,0,-573.19
"MtrElec",3,26,17,"",-47.2613,0,0,0,0,0,0,0,0,0,0,0,0,0,0,0,0,0,0,0,0,376.294,0,0,-423.556
"MtrElec",3,26,18,"",208.814,0,0,0,0,0,0,0,0,0,0,0,0,0,0,0,0,0,0,0,0,436.078,0,0,-227.265
"MtrElec",3,26,19,"",122.779,0,0,0,0,0,0,0,0,0,0,0,0,0,0,0,0,0,0,0,0,388.114,0,-223.217,-42.1182
"MtrElec",3,26,20,"",180.63,0,0,0,0,0,0,0,0,0,0,0,0,0,0,0,0,0,0,0,0,403.847,0,-223.217,0
"MtrElec",3,26,21,"",196.439,0,0,0,0,0,0,0,0,0,0,0,0,0,0,0,0,0,0,0,0,419.656,0,-223.217,0
"MtrElec",3,26,22,"",247.517,0,0,0,0,0,0,0,0,0,0,0,0,0,0,0,0,0,0,0,0,298.857,0,-51.3398,0
"MtrElec",3,26,23,"",269.461,0,0,0,0,0,0,0,0,0,0,0,0,0,0,0,0,0,0,0,0,269.461,0,0,0
"MtrElec",3,26,24,"",187.486,0,0,0,0,0,0,0,0,0,0,0,0,0,0,0,0,0,0,0,0,187.486,0,0,0
"MtrElec",3,27,1,"",159.083,0,0,0,0,0,0,0,0,0,0,0,0,0,0,0,0,0,0,0,0,159.083,0,0,0
"MtrElec",3,27,2,"",149.91,0,0,0,0,0,0,0,0,0,0,0,0,0,0,0,0,0,0,0,0,149.91,0,0,0
"MtrElec",3,27,3,"",148.052,0,0,0,0,0,0,0,0,0,0,0,0,0,0,0,0,0,0,0,0,148.052,0,0,0
"MtrElec",3,27,4,"",151.787,0,0,0,0,0,0,0,0,0,0,0,0,0,0,0,0,0,0,0,0,151.787,0,0,0
"MtrElec",3,27,5,"",142.272,0,0,0,0,0,0,0,0,0,0,0,0,0,0,0,0,0,0,0,0,142.272,0,0,0
"MtrElec",3,27,6,"",190.452,0,0,0,0,0,0,0,0,0,0,0,0,0,0,0,0,0,0,0,0,190.452,0,0,0
"MtrElec",3,27,7,"",193.041,0,0,0,0,0,0,0,0,0,0,0,0,0,0,0,0,0,0,0,0,193.041,0,0,0
"MtrElec",3,27,8,"",239.626,0,0,0,0,0,0,0,0,0,0,0,0,0,0,0,0,0,0,0,0,288.516,0,0,-48.8903
"MtrElec",3,27,9,"",203.694,0,0,0,0,0,0,0,0,0,0,0,0,0,0,0,0,0,0,0,0,360.888,0,0,-157.194
"MtrElec",3,27,10,"",177.279,0,0,0,0,0,0,0,0,0,0,0,0,0,0,0,0,0,0,0,0,449.433,0,0,-272.155
"MtrElec",3,27,11,"",10.392,0,0,0,0,0,0,0,0,0,0,0,0,0,0,0,0,0,0,0,0,434.423,0,0,-424.031
"MtrElec",3,27,12,"",0,0,0,0,0,0,0,0,0,0,0,0,0,0,0,0,0,0,0,0,0,424.521,0,52.0677,-476.589
"MtrElec",3,27,13,"",0.0000078,0,0,0,0,0,0,0,0,0,0,0,0,0,0,0,0,0,0,0,0,429.165,0,128.212,-557.377
"MtrElec",3,27,14,"",0.0000156,0,0,0,0,0,0,0,0,0,0,0,0,0,0,0,0,0,0,0,0,369.333,0,190.137,-559.47
"MtrElec",3,27,15,"",0.0000078,0,0,0,0,0,0,0,0,0,0,0,0,0,0,0,0,0,0,0,0,370.245,0,128.595,-498.84
"MtrElec",3,27,16,"",0,0,0,0,0,0,0,0,0,0,0,0,0,0,0,0,0,0,0,0,0,368.528,0,80.4031,-448.931
"MtrElec",3,27,17,"",42.8324,0,0,0,0,0,0,0,0,0,0,0,0,0,0,0,0,0,0,0,0,395.716,0,0,-352.884
"MtrElec",3,27,18,"",266.027,0,0,0,0,0,0,0,0,0,0,0,0,0,0,0,0,0,0,0,0,421.857,0,0,-155.83
"MtrElec",3,27,19,"",137.704,0,0,0,0,0,0,0,0,0,0,0,0,0,0,0,0,0,0,0,0,399.36,0,-223.217,-38.439
"MtrElec",3,27,20,"",148.034,0,0,0,0,0,0,0,0,0,0,0,0,0,0,0,0,0,0,0,0,371.251,0,-223.217,0
"MtrElec",3,27,21,"",339.602,0,0,0,0,0,0,0,0,0,0,0,0,0,0,0,0,0,0,0,0,416.09,0,-76.4877,0
"MtrElec",3,27,22,"",281.618,0,0,0,0,0,0,0,0,0,0,0,0,0,0,0,0,0,0,0,0,281.618,0,0,0
"MtrElec",3,27,23,"",293.711,0,0,0,0,0,0,0,0,0,0,0,0,0,0,0,0,0,0,0,0,293.711,0,0,0
"MtrElec",3,27,24,"",198.714,0,0,0,0,0,0,0,0,0,0,0,0,0,0,0,0,0,0,0,0,198.714,0,0,0
"MtrElec",3,28,1,"",164.976,0,0,0,0,0,0,0,0,0,0,0,0,0,0,0,0,0,0,0,0,164.976,0,0,0
"MtrElec",3,28,2,"",150.862,0,0,0,0,0,0,0,0,0,0,0,0,0,0,0,0,0,0,0,0,150.862,0,0,0
"MtrElec",3,28,3,"",187.806,0,0,0,0,0,0,0,0,0,0,0,0,0,0,0,0,0,0,0,0,187.806,0,0,0
"MtrElec",3,28,4,"",147.446,0,0,0,0,0,0,0,0,0,0,0,0,0,0,0,0,0,0,0,0,147.446,0,0,0
"MtrElec",3,28,5,"",166.785,0,0,0,0,0,0,0,0,0,0,0,0,0,0,0,0,0,0,0,0,166.785,0,0,0
"MtrElec",3,28,6,"",150.05,0,0,0,0,0,0,0,0,0,0,0,0,0,0,0,0,0,0,0,0,150.05,0,0,0
"MtrElec",3,28,7,"",167.485,0,0,0,0,0,0,0,0,0,0,0,0,0,0,0,0,0,0,0,0,167.485,0,0,0
"MtrElec",3,28,8,"",217.655,0,0,0,0,0,0,0,0,0,0,0,0,0,0,0,0,0,0,0,0,256.141,0,0,-38.4857
"MtrElec",3,28,9,"",161.8,0,0,0,0,0,0,0,0,0,0,0,0,0,0,0,0,0,0,0,0,289.708,0,0,-127.908
"MtrElec",3,28,10,"",202.972,0,0,0,0,0,0,0,0,0,0,0,0,0,0,0,0,0,0,0,0,387.636,0,0,-184.664
"MtrElec",3,28,11,"",131.739,0,0,0,0,0,0,0,0,0,0,0,0,0,0,0,0,0,0,0,0,445.523,0,0,-313.784
"MtrElec",3,28,12,"",152.897,0,0,0,0,0,0,0,0,0,0,0,0,0,0,0,0,0,0,0,0,521.703,0,0,-368.805
"MtrElec",3,28,13,"",0,0,0,0,0,0,0,0,0,0,0,0,0,0,0,0,0,0,0,0,0,408.703,0,95.9496,-504.652
"MtrElec",3,28,14,"",104.611,0,0,0,0,0,0,0,0,0,0,0,0,0,0,0,0,0,0,0,0,404.035,0,0,-299.423
"MtrElec",3,28,15,"",185.264,0,0,0,0,0,0,0,0,0,0,0,0,0,0,0,0,0,0,0,0,405.25,0,0,-219.985
"MtrElec",3,28,16,"",71.3045,0,0,0,0,0,0,0,0,0,0,0,0,0,0,0,0,0,0,0,0,347.056,0,0,-275.751
"MtrElec",3,28,17,"",137.455,0,0,0,0,0,0,0,0,0,0,0,0,0,0,0,0,0,0,0,0,419.857,0,0,-282.402
"MtrElec",3,28,18,"",293.219,0,0,0,0,0,0,0,0,0,0,0,0,0,0,0,0,0,0,0,0,400.52,0,0,-107.301
"MtrElec",3,28,19,"",283.761,0,0,0,0,0,0,0,0,0,0,0,0,0,0,0,0,0,0,0,0,396.013,0,-86.5945,-25.6572
"MtrElec",3,28,20,"",344.169,0,0,0,0,0,0,0,0,0,0,0,0,0,0,0,0,0,0,0,0,344.169,0,0,0
"MtrElec",3,28,21,"",340.21,0,0,0,0,0,0,0,0,0,0,0,0,0,0,0,0,0,0,0,0,340.21,0,0,0
"MtrElec",3,28,22,"",308.005,0,0,0,0,0,0,0,0,0,0,0,0,0,0,0,0,0,0,0,0,308.005,0,0,0
"MtrElec",3,28,23,"",194.329,0,0,0,0,0,0,0,0,0,0,0,0,0,0,0,0,0,0,0,0,194.329,0,0,0
"MtrElec",3,28,24,"",248.845,0,0,0,0,0,0,0,0,0,0,0,0,0,0,0,0,0,0,0,0,248.845,0,0,0
"MtrElec",3,29,1,"",159.972,0,0,0,0,0,0,0,0,0,0,0,0,0,0,0,0,0,0,0,0,159.972,0,0,0
"MtrElec",3,29,2,"",149.216,0,0,0,0,0,0,0,0,0,0,0,0,0,0,0,0,0,0,0,0,149.216,0,0,0
"MtrElec",3,29,3,"",153.839,0,0,0,0,0,0,0,0,0,0,0,0,0,0,0,0,0,0,0,0,153.839,0,0,0
"MtrElec",3,29,4,"",152.953,0,0,0,0,0,0,0,0,0,0,0,0,0,0,0,0,0,0,0,0,152.953,0,0,0
"MtrElec",3,29,5,"",166.257,0,0,0,0,0,0,0,0,0,0,0,0,0,0,0,0,0,0,0,0,166.257,0,0,0
"MtrElec",3,29,6,"",148.812,0,0,0,0,0,0,0,0,0,0,0,0,0,0,0,0,0,0,0,0,148.812,0,0,0
"MtrElec",3,29,7,"",211.779,0,0,0,0,0,0,0,0,0,0,0,0,0,0,0,0,0,0,0,0,211.779,0,0,0
"MtrElec",3,29,8,"",156.766,0,0,0,0,0,0,0,0,0,0,0,0,0,0,0,0,0,0,0,0,212.82,0,0,-56.0542
"MtrElec",3,29,9,"",134.593,0,0,0,0,0,0,0,0,0,0,0,0,0,0,0,0,0,0,0,0,292.938,0,0,-158.346
"MtrElec",3,29,10,"",96.5266,0,0,0,0,0,0,0,0,0,0,0,0,0,0,0,0,0,0,0,0,316.699,0,0,-220.173
"MtrElec",3,29,11,"",115.964,0,0,0,0,0,0,0,0,0,0,0,0,0,0,0,0,0,0,0,0,384.057,0,0,-268.093
"MtrElec",3,29,12,"",0,0,0,0,0,0,0,0,0,0,0,0,0,0,0,0,0,0,0,0,0,375.656,0,94.6148,-470.271
"MtrElec",3,29,13,"",0,0,0,0,0,0,0,0,0,0,0,0,0,0,0,0,0,0,0,0,0,396.088,0,64.9152,-461.003
"MtrElec",3,29,14,"",-62.9099,0,0,0,0,0,0,0,0,0,0,0,0,0,0,0,0,0,0,0,0,306.585,0,223.217,-592.712
"MtrElec",3,29,15,"",0,0,0,0,0,0,0,0,0,0,0,0,0,0,0,0,0,0,0,0,0,308.133,0,85.7612,-393.894
"MtrElec",3,29,16,"",19.0753,0,0,0,0,0,0,0,0,0,0,0,0,0,0,0,0,0,0,0,0,288.003,0,0,-268.928
"MtrElec",3,29,17,"",96.8257,0,0,0,0,0,0,0,0,0,0,0,0,0,0,0,0,0,0,0,0,325.939,0,0,-229.113
"MtrElec",3,29,18,"",98.0113,0,0,0,0,0,0,0,0,0,0,0,0,0,0,0,0,0,0,0,0,317.491,0,0,-219.479
"MtrElec",3,29,19,"",92.2807,0,0,0,0,0,0,0,0,0,0,0,0,0,0,0,0,0,0,0,0,358.37,0,-223.217,-42.8726
"MtrElec",3,29,20,"",75.7075,0,0,0,0,0,0,0,0,0,0,0,0,0,0,0,0,0,0,0,0,275.319,0,-199.612,0
"MtrElec",3,29,21,"",282.92,0,0,0,0,0,0,0,0,0,0,0,0,0,0,0,0,0,0,0,0,282.92,0,0,0
"MtrElec",3,29,22,"",226.726,0,0,0,0,0,0,0,0,0,0,0,0,0,0,0,0,0,0,0,0,226.726,0,0,0
"MtrElec",3,29,23,"",266.313,0,0,0,0,0,0,0,0,0,0,0,0,0,0,0,0,0,0,0,0,266.313,0,0,0
"MtrElec",3,29,24,"",190.962,0,0,0,0,0,0,0,0,0,0,0,0,0,0,0,0,0,0,0,0,190.962,0,0,0
"MtrElec",3,30,1,"",158.812,0,0,0,0,0,0,0,0,0,0,0,0,0,0,0,0,0,0,0,0,158.812,0,0,0
"MtrElec",3,30,2,"",151.5,0,0,0,0,0,0,0,0,0,0,0,0,0,0,0,0,0,0,0,0,151.5,0,0,0
"MtrElec",3,30,3,"",148.24,0,0,0,0,0,0,0,0,0,0,0,0,0,0,0,0,0,0,0,0,148.24,0,0,0
"MtrElec",3,30,4,"",146.965,0,0,0,0,0,0,0,0,0,0,0,0,0,0,0,0,0,0,0,0,146.965,0,0,0
"MtrElec",3,30,5,"",145.779,0,0,0,0,0,0,0,0,0,0,0,0,0,0,0,0,0,0,0,0,145.779,0,0,0
"MtrElec",3,30,6,"",194.007,0,0,0,0,0,0,0,0,0,0,0,0,0,0,0,0,0,0,0,0,194.007,0,0,0
"MtrElec",3,30,7,"",233.695,0,0,0,0,0,0,0,0,0,0,0,0,0,0,0,0,0,0,0,0,233.695,0,0,0
"MtrElec",3,30,8,"",245.249,0,0,0,0,0,0,0,0,0,0,0,0,0,0,0,0,0,0,0,0,310.622,0,0,-65.3729
"MtrElec",3,30,9,"",146.614,0,0,0,0,0,0,0,0,0,0,0,0,0,0,0,0,0,0,0,0,387.141,0,0,-240.527
"MtrElec",3,30,10,"",86.2272,0,0,0,0,0,0,0,0,0,0,0,0,0,0,0,0,0,0,0,0,434.297,0,0,-348.07
"MtrElec",3,30,11,"",19.7608,0,0,0,0,0,0,0,0,0,0,0,0,0,0,0,0,0,0,0,0,494.777,0,0,-475.017
"MtrElec",3,30,12,"",-29.9084,0,0,0,0,0,0,0,0,0,0,0,0,0,0,0,0,0,0,0,0,419.055,0,223.217,-672.18
"MtrElec",3,30,13,"",-56.9208,0,0,0,0,0,0,0,0,0,0,0,0,0,0,0,0,0,0,0,0,437.402,0,223.217,-717.54
"MtrElec",3,30,14,"",-128.846,0,0,0,0,0,0,0,0,0,0,0,0,0,0,0,0,0,0,0,0,365.809,0,223.217,-717.871
"MtrElec",3,30,15,"",-185.323,0,0,0,0,0,0,0,0,0,0,0,0,0,0,0,0,0,0,0,0,350.57,0,129.231,-665.124
"MtrElec",3,30,16,"",-141.565,0,0,0,0,0,0,0,0,0,0,0,0,0,0,0,0,0,0,0,0,419.547,0,0,-561.112
"MtrElec",3,30,17,"",1.27734,0,0,0,0,0,0,0,0,0,0,0,0,0,0,0,0,0,0,0,0,411.726,0,0,-410.449
"MtrElec",3,30,18,"",202.266,0,0,0,0,0,0,0,0,0,0,0,0,0,0,0,0,0,0,0,0,424.579,0,0,-222.313
"MtrElec",3,30,19,"",107.534,0,0,0,0,0,0,0,0,0,0,0,0,0,0,0,0,0,0,0,0,375.929,0,-223.217,-45.1783
"MtrElec",3,30,20,"",138.525,0,0,0,0,0,0,0,0,0,0,0,0,0,0,0,0,0,0,0,0,361.741,0,-223.217,0
"MtrElec",3,30,21,"",186.448,0,0,0,0,0,0,0,0,0,0,0,0,0,0,0,0,0,0,0,0,409.665,0,-223.217,0
"MtrElec",3,30,22,"",263.322,0,0,0,0,0,0,0,0,0,0,0,0,0,0,0,0,0,0,0,0,314.662,0,-51.3398,0
"MtrElec",3,30,23,"",287.935,0,0,0,0,0,0,0,0,0,0,0,0,0,0,0,0,0,0,0,0,287.935,0,0,0
"MtrElec",3,30,24,"",207.989,0,0,0,0,0,0,0,0,0,0,0,0,0,0,0,0,0,0,0,0,207.989,0,0,0
"MtrElec",3,31,1,"",174.293,0,0,0,0,0,0,0,0,0,0,0,0,0,0,0,0,0,0,0,0,174.293,0,0,0
"MtrElec",3,31,2,"",186.62,0,0,0,0,0,0,0,0,0,0,0,0,0,0,0,0,0,0,0,0,186.62,0,0,0
"MtrElec",3,31,3,"",145.932,0,0,0,0,0,0,0,0,0,0,0,0,0,0,0,0,0,0,0,0,145.932,0,0,0
"MtrElec",3,31,4,"",149.826,0,0,0,0,0,0,0,0,0,0,0,0,0,0,0,0,0,0,0,0,149.826,0,0,0
"MtrElec",3,31,5,"",144.581,0,0,0,0,0,0,0,0,0,0,0,0,0,0,0,0,0,0,0,0,144.581,0,0,0
"MtrElec",3,31,6,"",167.047,0,0,0,0,0,0,0,0,0,0,0,0,0,0,0,0,0,0,0,0,167.047,0,0,0
"MtrElec",3,31,7,"",230.743,0,0,0,0,0,0,0,0,0,0,0,0,0,0,0,0,0,0,0,0,230.743,0,0,0
"MtrElec",3,31,8,"",212.911,0,0,0,0,0,0,0,0,0,0,0,0,0,0,0,0,0,0,0,0,283.814,0,0,-70.9032
"MtrElec",3,31,9,"",89.0046,0,0,0,0,0,0,0,0,0,0,0,0,0,0,0,0,0,0,0,0,359.445,0,0,-270.44
"MtrElec",3,31,10,"",62.2885,0,0,0,0,0,0,0,0,0,0,0,0,0,0,0,0,0,0,0,0,524.234,0,0,-461.946
"MtrElec",3,31,11,"",0.0000078,0,0,0,0,0,0,0,0,0,0,0,0,0,0,0,0,0,0,0,0,498.411,0,109.055,-607.467
"MtrElec",3,31,12,"",0,0,0,0,0,0,0,0,0,0,0,0,0,0,0,0,0,0,0,0,0,505.481,0,192.432,-697.914
"MtrElec",3,31,13,"",-21.4761,0,0,0,0,0,0,0,0,0,0,0,0,0,0,0,0,0,0,0,0,495.535,0,223.217,-740.228
"MtrElec",3,31,14,"",-67.4967,0,0,0,0,0,0,0,0,0,0,0,0,0,0,0,0,0,0,0,0,450.327,0,223.217,-741.041
"MtrElec",3,31,15,"",-160.367,0,0,0,0,0,0,0,0,0,0,0,0,0,0,0,0,0,0,0,0,475.291,0,50.9599,-686.617
"MtrElec",3,31,16,"",-99.1351,0,0,0,0,0,0,0,0,0,0,0,0,0,0,0,0,0,0,0,0,476.488,0,0,-575.623
"MtrElec",3,31,17,"",45.6806,0,0,0,0,0,0,0,0,0,0,0,0,0,0,0,0,0,0,0,0,468.272,0,0,-422.591
"MtrElec",3,31,18,"",272.808,0,0,0,0,0,0,0,0,0,0,0,0,0,0,0,0,0,0,0,0,499.169,0,0,-226.361
"MtrElec",3,31,19,"",248.83,0,0,0,0,0,0,0,0,0,0,0,0,0,0,0,0,0,0,0,0,516.519,0,-223.217,-44.473
"MtrElec",3,31,20,"",155.292,0,0,0,0,0,0,0,0,0,0,0,0,0,0,0,0,0,0,0,0,378.509,0,-223.217,0
"MtrElec",3,31,21,"",134.727,0,0,0,0,0,0,0,0,0,0,0,0,0,0,0,0,0,0,0,0,357.944,0,-223.217,0
"MtrElec",3,31,22,"",212.099,0,0,0,0,0,0,0,0,0,0,0,0,0,0,0,0,0,0,0,0,263.439,0,-51.3398,0
"MtrElec",3,31,23,"",243.802,0,0,0,0,0,0,0,0,0,0,0,0,0,0,0,0,0,0,0,0,243.802,0,0,0
"MtrElec",3,31,24,"",199.585,0,0,0,0,0,0,0,0,0,0,0,0,0,0,0,0,0,0,0,0,199.585,0,0,0
"MtrElec",4,1,1,"",149.532,0,0,0,0,0,0,0,0,0,0,0,0,0,0,0,0,0,0,0,0,149.532,0,0,0
"MtrElec",4,1,2,"",152.875,0,0,0,0,0,0,0,0,0,0,0,0,0,0,0,0,0,0,0,0,152.875,0,0,0
"MtrElec",4,1,3,"",146.686,0,0,0,0,0,0,0,0,0,0,0,0,0,0,0,0,0,0,0,0,146.686,0,0,0
"MtrElec",4,1,4,"",145.579,0,0,0,0,0,0,0,0,0,0,0,0,0,0,0,0,0,0,0,0,145.579,0,0,0
"MtrElec",4,1,5,"",178.482,0,0,0,0,0,0,0,0,0,0,0,0,0,0,0,0,0,0,0,0,178.482,0,0,0
"MtrElec",4,1,6,"",152.573,0,0,0,0,0,0,0,0,0,0,0,0,0,0,0,0,0,0,0,0,152.573,0,0,0
"MtrElec",4,1,7,"",257.456,0,0,0,0,0,0,0,0,0,0,0,0,0,0,0,0,0,0,0,0,257.456,0,0,0
"MtrElec",4,1,8,"",255.851,0,0,0,0,0,0,0,0,0,0,0,0,0,0,0,0,0,0,0,0,292.617,0,0,-36.7664
"MtrElec",4,1,9,"",236.306,0,0,0,0,0,0,0,0,0,0,0,0,0,0,0,0,0,0,0,0,362.339,0,0,-126.033
"MtrElec",4,1,10,"",83.6158,0,0,0,0,0,0,0,0,0,0,0,0,0,0,0,0,0,0,0,0,396.951,0,0,-313.335
"MtrElec",4,1,11,"",0,0,0,0,0,0,0,0,0,0,0,0,0,0,0,0,0,0,0,0,0,422.136,0,30.1603,-452.297
"MtrElec",4,1,12,"",0,0,0,0,0,0,0,0,0,0,0,0,0,0,0,0,0,0,0,0,0,406.529,0,155.068,-561.597
"MtrElec",4,1,13,"",-11.0242,0,0,0,0,0,0,0,0,0,0,0,0,0,0,0,0,0,0,0,0,387.95,0,223.217,-622.191
"MtrElec",4,1,14,"",-10.1753,0,0,0,0,0,0,0,0,0,0,0,0,0,0,0,0,0,0,0,0,385.323,0,223.217,-618.715
"MtrElec",4,1,15,"",-28.1963,0,0,0,0,0,0,0,0,0,0,0,0,0,0,0,0,0,0,0,0,340.608,0,167.22,-536.024
"MtrElec",4,1,16,"",68.4814,0,0,0,0,0,0,0,0,0,0,0,0,0,0,0,0,0,0,0,0,392.205,0,0,-323.724
"MtrElec",4,1,17,"",120.999,0,0,0,0,0,0,0,0,0,0,0,0,0,0,0,0,0,0,0,0,367.474,0,0,-246.474
"MtrElec",4,1,18,"",251.587,0,0,0,0,0,0,0,0,0,0,0,0,0,0,0,0,0,0,0,0,411.204,0,0,-159.616
"MtrElec",4,1,19,"",80.2497,0,0,0,0,0,0,0,0,0,0,0,0,0,0,0,0,0,0,0,0,344.739,0,-223.217,-41.2722
"MtrElec",4,1,20,"",181.139,0,0,0,0,0,0,0,0,0,0,0,0,0,0,0,0,0,0,0,0,404.356,0,-223.217,0
"MtrElec",4,1,21,"",127.582,0,0,0,0,0,0,0,0,0,0,0,0,0,0,0,0,0,0,0,0,350.799,0,-223.217,0
"MtrElec",4,1,22,"",278.247,0,0,0,0,0,0,0,0,0,0,0,0,0,0,0,0,0,0,0,0,329.587,0,-51.3398,0
"MtrElec",4,1,23,"",300.052,0,0,0,0,0,0,0,0,0,0,0,0,0,0,0,0,0,0,0,0,300.052,0,0,0
"MtrElec",4,1,24,"",239.667,0,0,0,0,0,0,0,0,0,0,0,0,0,0,0,0,0,0,0,0,239.667,0,0,0
"MtrElec",4,2,1,"",155.194,0,0,0,0,0,0,0,0,0,0,0,0,0,0,0,0,0,0,0,0,155.194,0,0,0
"MtrElec",4,2,2,"",148.897,0,0,0,0,0,0,0,0,0,0,0,0,0,0,0,0,0,0,0,0,148.897,0,0,0
"MtrElec",4,2,3,"",145.198,0,0,0,0,0,0,0,0,0,0,0,0,0,0,0,0,0,0,0,0,145.198,0,0,0
"MtrElec",4,2,4,"",143.974,0,0,0,0,0,0,0,0,0,0,0,0,0,0,0,0,0,0,0,0,143.974,0,0,0
"MtrElec",4,2,5,"",144.041,0,0,0,0,0,0,0,0,0,0,0,0,0,0,0,0,0,0,0,0,144.041,0,0,0
"MtrElec",4,2,6,"",170.717,0,0,0,0,0,0,0,0,0,0,0,0,0,0,0,0,0,0,0,0,170.717,0,0,0
"MtrElec",4,2,7,"",228.151,0,0,0,0,0,0,0,0,0,0,0,0,0,0,0,0,0,0,0,0,228.151,0,0,0
"MtrElec",4,2,8,"",296.828,0,0,0,0,0,0,0,0,0,0,0,0,0,0,0,0,0,0,0,0,303.999,0,0,-7.17153
"MtrElec",4,2,9,"",344.635,0,0,0,0,0,0,0,0,0,0,0,0,0,0,0,0,0,0,0,0,379.29,0,0,-34.6547
"MtrElec",4,2,10,"",322.157,0,0,0,0,0,0,0,0,0,0,0,0,0,0,0,0,0,0,0,0,421.962,0,0,-99.8057
"MtrElec",4,2,11,"",248.615,0,0,0,0,0,0,0,0,0,0,0,0,0,0,0,0,0,0,0,0,451.037,0,0,-202.422
"MtrElec",4,2,12,"",0,0,0,0,0,0,0,0,0,0,0,0,0,0,0,0,0,0,0,0,0,386.039,0,75.2479,-461.287
"MtrElec",4,2,13,"",0,0,0,0,0,0,0,0,0,0,0,0,0,0,0,0,0,0,0,0,0,442.002,0,186.306,-628.308
"MtrElec",4,2,14,"",-94.6705,0,0,0,0,0,0,0,0,0,0,0,0,0,0,0,0,0,0,0,0,348.584,0,223.217,-666.472
"MtrElec",4,2,15,"",0,0,0,0,0,0,0,0,0,0,0,0,0,0,0,0,0,0,0,0,0,390.789,0,213.156,-603.945
"MtrElec",4,2,16,"",-43.6481,0,0,0,0,0,0,0,0,0,0,0,0,0,0,0,0,0,0,0,0,373.715,0,100.954,-518.317
"MtrElec",4,2,17,"",26.2988,0,0,0,0,0,0,0,0,0,0,0,0,0,0,0,0,0,0,0,0,415.534,0,0,-389.235
"MtrElec",4,2,18,"",186.094,0,0,0,0,0,0,0,0,0,0,0,0,0,0,0,0,0,0,0,0,391.448,0,0,-205.354
"MtrElec",4,2,19,"",96.6117,0,0,0,0,0,0,0,0,0,0,0,0,0,0,0,0,0,0,0,0,369.19,0,-223.217,-49.3615
"MtrElec",4,2,20,"",155.084,0,0,0,0,0,0,0,0,0,0,0,0,0,0,0,0,0,0,0,0,378.301,0,-223.217,0
"MtrElec",4,2,21,"",127.06,0,0,0,0,0,0,0,0,0,0,0,0,0,0,0,0,0,0,0,0,350.277,0,-223.217,0
"MtrElec",4,2,22,"",229.982,0,0,0,0,0,0,0,0,0,0,0,0,0,0,0,0,0,0,0,0,281.321,0,-51.3398,0
"MtrElec",4,2,23,"",255.172,0,0,0,0,0,0,0,0,0,0,0,0,0,0,0,0,0,0,0,0,255.172,0,0,0
"MtrElec",4,2,24,"",197.521,0,0,0,0,0,0,0,0,0,0,0,0,0,0,0,0,0,0,0,0,197.521,0,0,0
"MtrElec",4,3,1,"",162.422,0,0,0,0,0,0,0,0,0,0,0,0,0,0,0,0,0,0,0,0,162.422,0,0,0
"MtrElec",4,3,2,"",154.535,0,0,0,0,0,0,0,0,0,0,0,0,0,0,0,0,0,0,0,0,154.535,0,0,0
"MtrElec",4,3,3,"",182.796,0,0,0,0,0,0,0,0,0,0,0,0,0,0,0,0,0,0,0,0,182.796,0,0,0
"MtrElec",4,3,4,"",161.471,0,0,0,0,0,0,0,0,0,0,0,0,0,0,0,0,0,0,0,0,161.471,0,0,0
"MtrElec",4,3,5,"",142.642,0,0,0,0,0,0,0,0,0,0,0,0,0,0,0,0,0,0,0,0,142.642,0,0,0
"MtrElec",4,3,6,"",148.175,0,0,0,0,0,0,0,0,0,0,0,0,0,0,0,0,0,0,0,0,148.175,0,0,0
"MtrElec",4,3,7,"",248.165,0,0,0,0,0,0,0,0,0,0,0,0,0,0,0,0,0,0,0,0,248.165,0,0,0
"MtrElec",4,3,8,"",216.942,0,0,0,0,0,0,0,0,0,0,0,0,0,0,0,0,0,0,0,0,289.715,0,0,-72.7726
"MtrElec",4,3,9,"",145.829,0,0,0,0,0,0,0,0,0,0,0,0,0,0,0,0,0,0,0,0,356.115,0,0,-210.286
"MtrElec",4,3,10,"",61.0249,0,0,0,0,0,0,0,0,0,0,0,0,0,0,0,0,0,0,0,0,430.192,0,0,-369.167
"MtrElec",4,3,11,"",0,0,0,0,0,0,0,0,0,0,0,0,0,0,0,0,0,0,0,0,0,394.344,0,96.2032,-490.548
"MtrElec",4,3,12,"",-11.4462,0,0,0,0,0,0,0,0,0,0,0,0,0,0,0,0,0,0,0,0,400.384,0,223.217,-635.047
"MtrElec",4,3,13,"",-3.34987,0,0,0,0,0,0,0,0,0,0,0,0,0,0,0,0,0,0,0,0,464.532,0,223.217,-691.099
"MtrElec",4,3,14,"",-69.2338,0,0,0,0,0,0,0,0,0,0,0,0,0,0,0,0,0,0,0,0,374.394,0,223.217,-666.844
"MtrElec",4,3,15,"",-202.281,0,0,0,0,0,0,0,0,0,0,0,0,0,0,0,0,0,0,0,0,380.174,0,33.0275,-615.482
"MtrElec",4,3,16,"",-167.714,0,0,0,0,0,0,0,0,0,0,0,0,0,0,0,0,0,0,0,0,379.28,0,0,-546.994
"MtrElec",4,3,17,"",7.19984,0,0,0,0,0,0,0,0,0,0,0,0,0,0,0,0,0,0,0,0,410.405,0,0,-403.206
"MtrElec",4,3,18,"",191.923,0,0,0,0,0,0,0,0,0,0,0,0,0,0,0,0,0,0,0,0,411.958,0,0,-220.034
"MtrElec",4,3,19,"",151.105,0,0,0,0,0,0,0,0,0,0,0,0,0,0,0,0,0,0,0,0,421.682,0,-223.217,-47.3609
"MtrElec",4,3,20,"",162.693,0,0,0,0,0,0,0,0,0,0,0,0,0,0,0,0,0,0,0,0,385.91,0,-223.217,0
"MtrElec",4,3,21,"",175.864,0,0,0,0,0,0,0,0,0,0,0,0,0,0,0,0,0,0,0,0,399.08,0,-223.217,0
"MtrElec",4,3,22,"",251.729,0,0,0,0,0,0,0,0,0,0,0,0,0,0,0,0,0,0,0,0,303.068,0,-51.3398,0
"MtrElec",4,3,23,"",270.886,0,0,0,0,0,0,0,0,0,0,0,0,0,0,0,0,0,0,0,0,270.886,0,0,0
"MtrElec",4,3,24,"",203.857,0,0,0,0,0,0,0,0,0,0,0,0,0,0,0,0,0,0,0,0,203.857,0,0,0
"MtrElec",4,4,1,"",195.016,0,0,0,0,0,0,0,0,0,0,0,0,0,0,0,0,0,0,0,0,195.016,0,0,0
"MtrElec",4,4,2,"",155.65,0,0,0,0,0,0,0,0,0,0,0,0,0,0,0,0,0,0,0,0,155.65,0,0,0
"MtrElec",4,4,3,"",147.041,0,0,0,0,0,0,0,0,0,0,0,0,0,0,0,0,0,0,0,0,147.041,0,0,0
"MtrElec",4,4,4,"",146.657,0,0,0,0,0,0,0,0,0,0,0,0,0,0,0,0,0,0,0,0,146.657,0,0,0
"MtrElec",4,4,5,"",148.785,0,0,0,0,0,0,0,0,0,0,0,0,0,0,0,0,0,0,0,0,148.785,0,0,0
"MtrElec",4,4,6,"",187.998,0,0,0,0,0,0,0,0,0,0,0,0,0,0,0,0,0,0,0,0,187.998,0,0,0
"MtrElec",4,4,7,"",167.18,0,0,0,0,0,0,0,0,0,0,0,0,0,0,0,0,0,0,0,0,167.18,0,0,0
"MtrElec",4,4,8,"",231.019,0,0,0,0,0,0,0,0,0,0,0,0,0,0,0,0,0,0,0,0,266.016,0,0,-34.9975
"MtrElec",4,4,9,"",179.179,0,0,0,0,0,0,0,0,0,0,0,0,0,0,0,0,0,0,0,0,306.686,0,0,-127.506
"MtrElec",4,4,10,"",70.3337,0,0,0,0,0,0,0,0,0,0,0,0,0,0,0,0,0,0,0,0,382.538,0,0,-312.205
"MtrElec",4,4,11,"",32.3593,0,0,0,0,0,0,0,0,0,0,0,0,0,0,0,0,0,0,0,0,461.615,0,0,-429.255
"MtrElec",4,4,12,"",0,0,0,0,0,0,0,0,0,0,0,0,0,0,0,0,0,0,0,0,0,403.799,0,158.865,-562.664
"MtrElec",4,4,13,"",0,0,0,0,0,0,0,0,0,0,0,0,0,0,0,0,0,0,0,0,0,443.039,0,204.829,-647.868
"MtrElec",4,4,14,"",-85.4023,0,0,0,0,0,0,0,0,0,0,0,0,0,0,0,0,0,0,0,0,385.231,0,223.217,-693.85
"MtrElec",4,4,15,"",-23.9645,0,0,0,0,0,0,0,0,0,0,0,0,0,0,0,0,0,0,0,0,415.977,0,211.97,-651.912
"MtrElec",4,4,16,"",-146.446,0,0,0,0,0,0,0,0,0,0,0,0,0,0,0,0,0,0,0,0,407.788,0,0,-554.235
"MtrElec",4,4,17,"",7.42459,0,0,0,0,0,0,0,0,0,0,0,0,0,0,0,0,0,0,0,0,409.634,0,0,-402.21
"MtrElec",4,4,18,"",186.306,0,0,0,0,0,0,0,0,0,0,0,0,0,0,0,0,0,0,0,0,408.631,0,0,-222.325
"MtrElec",4,4,19,"",144.029,0,0,0,0,0,0,0,0,0,0,0,0,0,0,0,0,0,0,0,0,411.286,0,-223.217,-44.0398
"MtrElec",4,4,20,"",190.256,0,0,0,0,0,0,0,0,0,0,0,0,0,0,0,0,0,0,0,0,413.473,0,-223.217,0
"MtrElec",4,4,21,"",150.999,0,0,0,0,0,0,0,0,0,0,0,0,0,0,0,0,0,0,0,0,374.216,0,-223.217,0
"MtrElec",4,4,22,"",296.89,0,0,0,0,0,0,0,0,0,0,0,0,0,0,0,0,0,0,0,0,348.229,0,-51.3398,0
"MtrElec",4,4,23,"",237.921,0,0,0,0,0,0,0,0,0,0,0,0,0,0,0,0,0,0,0,0,237.921,0,0,0
"MtrElec",4,4,24,"",245.784,0,0,0,0,0,0,0,0,0,0,0,0,0,0,0,0,0,0,0,0,245.784,0,0,0
"MtrElec",4,5,1,"",168.171,0,0,0,0,0,0,0,0,0,0,0,0,0,0,0,0,0,0,0,0,168.171,0,0,0
"MtrElec",4,5,2,"",146.924,0,0,0,0,0,0,0,0,0,0,0,0,0,0,0,0,0,0,0,0,146.924,0,0,0
"MtrElec",4,5,3,"",149.2,0,0,0,0,0,0,0,0,0,0,0,0,0,0,0,0,0,0,0,0,149.2,0,0,0
"MtrElec",4,5,4,"",145.072,0,0,0,0,0,0,0,0,0,0,0,0,0,0,0,0,0,0,0,0,145.072,0,0,0
"MtrElec",4,5,5,"",158.352,0,0,0,0,0,0,0,0,0,0,0,0,0,0,0,0,0,0,0,0,158.352,0,0,0
"MtrElec",4,5,6,"",185.437,0,0,0,0,0,0,0,0,0,0,0,0,0,0,0,0,0,0,0,0,185.437,0,0,0
"MtrElec",4,5,7,"",153.701,0,0,0,0,0,0,0,0,0,0,0,0,0,0,0,0,0,0,0,0,153.701,0,0,0
"MtrElec",4,5,8,"",227.153,0,0,0,0,0,0,0,0,0,0,0,0,0,0,0,0,0,0,0,0,261.016,0,0,-33.8632
"MtrElec",4,5,9,"",214.114,0,0,0,0,0,0,0,0,0,0,0,0,0,0,0,0,0,0,0,0,312.578,0,0,-98.4641
"MtrElec",4,5,10,"",181.635,0,0,0,0,0,0,0,0,0,0,0,0,0,0,0,0,0,0,0,0,327.577,0,0,-145.942
"MtrElec",4,5,11,"",36.1639,0,0,0,0,0,0,0,0,0,0,0,0,0,0,0,0,0,0,0,0,385.988,0,0,-349.824
"MtrElec",4,5,12,"",0,0,0,0,0,0,0,0,0,0,0,0,0,0,0,0,0,0,0,0,0,403.656,0,163.354,-567.01
"MtrElec",4,5,13,"",0,0,0,0,0,0,0,0,0,0,0,0,0,0,0,0,0,0,0,0,0,414.923,0,200.746,-615.669
"MtrElec",4,5,14,"",-56.1844,0,0,0,0,0,0,0,0,0,0,0,0,0,0,0,0,0,0,0,0,360.97,0,223.217,-640.372
"MtrElec",4,5,15,"",-50.4502,0,0,0,0,0,0,0,0,0,0,0,0,0,0,0,0,0,0,0,0,359.797,0,211.565,-621.811
"MtrElec",4,5,16,"",-162.307,0,0,0,0,0,0,0,0,0,0,0,0,0,0,0,0,0,0,0,0,342.384,0,0,-504.691
"MtrElec",4,5,17,"",-25.4291,0,0,0,0,0,0,0,0,0,0,0,0,0,0,0,0,0,0,0,0,340.967,0,0,-366.396
"MtrElec",4,5,18,"",100.22,0,0,0,0,0,0,0,0,0,0,0,0,0,0,0,0,0,0,0,0,304.685,0,0,-204.465
"MtrElec",4,5,19,"",98.5023,0,0,0,0,0,0,0,0,0,0,0,0,0,0,0,0,0,0,0,0,366.396,0,-223.217,-44.6764
"MtrElec",4,5,20,"",147.792,0,0,0,0,0,0,0,0,0,0,0,0,0,0,0,0,0,0,0,0,371.009,0,-223.217,0
"MtrElec",4,5,21,"",39.4302,0,0,0,0,0,0,0,0,0,0,0,0,0,0,0,0,0,0,0,0,262.647,0,-223.217,0
"MtrElec",4,5,22,"",273.057,0,0,0,0,0,0,0,0,0,0,0,0,0,0,0,0,0,0,0,0,324.397,0,-51.3398,0
"MtrElec",4,5,23,"",213.703,0,0,0,0,0,0,0,0,0,0,0,0,0,0,0,0,0,0,0,0,213.703,0,0,0
"MtrElec",4,5,24,"",252.735,0,0,0,0,0,0,0,0,0,0,0,0,0,0,0,0,0,0,0,0,252.735,0,0,0
"MtrElec",4,6,1,"",162.814,0,0,0,0,0,0,0,0,0,0,0,0,0,0,0,0,0,0,0,0,162.814,0,0,0
"MtrElec",4,6,2,"",148.677,0,0,0,0,0,0,0,0,0,0,0,0,0,0,0,0,0,0,0,0,148.677,0,0,0
"MtrElec",4,6,3,"",145.671,0,0,0,0,0,0,0,0,0,0,0,0,0,0,0,0,0,0,0,0,145.671,0,0,0
"MtrElec",4,6,4,"",146.343,0,0,0,0,0,0,0,0,0,0,0,0,0,0,0,0,0,0,0,0,146.343,0,0,0
"MtrElec",4,6,5,"",145.002,0,0,0,0,0,0,0,0,0,0,0,0,0,0,0,0,0,0,0,0,145.002,0,0,0
"MtrElec",4,6,6,"",183.351,0,0,0,0,0,0,0,0,0,0,0,0,0,0,0,0,0,0,0,0,183.351,0,0,0
"MtrElec",4,6,7,"",191.37,0,0,0,0,0,0,0,0,0,0,0,0,0,0,0,0,0,0,0,0,192.275,0,0,-0.905227
"MtrElec",4,6,8,"",234.175,0,0,0,0,0,0,0,0,0,0,0,0,0,0,0,0,0,0,0,0,313.5,0,0,-79.325
"MtrElec",4,6,9,"",146.087,0,0,0,0,0,0,0,0,0,0,0,0,0,0,0,0,0,0,0,0,381.112,0,0,-235.025
"MtrElec",4,6,10,"",104.124,0,0,0,0,0,0,0,0,0,0,0,0,0,0,0,0,0,0,0,0,448.052,0,0,-343.927
"MtrElec",4,6,11,"",0,0,0,0,0,0,0,0,0,0,0,0,0,0,0,0,0,0,0,0,0,464.938,0,19.8645,-484.803
"MtrElec",4,6,12,"",0,0,0,0,0,0,0,0,0,0,0,0,0,0,0,0,0,0,0,0,0,420.56,0,134.074,-554.634
"MtrElec",4,6,13,"",0,0,0,0,0,0,0,0,0,0,0,0,0,0,0,0,0,0,0,0,0,460.438,0,116.214,-576.652
"MtrElec",4,6,14,"",-19.2434,0,0,0,0,0,0,0,0,0,0,0,0,0,0,0,0,0,0,0,0,384.101,0,223.217,-626.561
"MtrElec",4,6,15,"",0,0,0,0,0,0,0,0,0,0,0,0,0,0,0,0,0,0,0,0,0,350.973,0,219.849,-570.822
"MtrElec",4,6,16,"",-2.76415,0,0,0,0,0,0,0,0,0,0,0,0,0,0,0,0,0,0,0,0,390.001,0,85.6623,-478.427
"MtrElec",4,6,17,"",51.7076,0,0,0,0,0,0,0,0,0,0,0,0,0,0,0,0,0,0,0,0,385.166,0,0,-333.458
"MtrElec",4,6,18,"",271.159,0,0,0,0,0,0,0,0,0,0,0,0,0,0,0,0,0,0,0,0,431.728,0,0,-160.569
"MtrElec",4,6,19,"",112.882,0,0,0,0,0,0,0,0,0,0,0,0,0,0,0,0,0,0,0,0,379.317,0,-223.217,-43.2181
"MtrElec",4,6,20,"",232.509,0,0,0,0,0,0,0,0,0,0,0,0,0,0,0,0,0,0,0,0,455.725,0,-223.217,0
"MtrElec",4,6,21,"",137.351,0,0,0,0,0,0,0,0,0,0,0,0,0,0,0,0,0,0,0,0,360.568,0,-223.217,0
"MtrElec",4,6,22,"",243.369,0,0,0,0,0,0,0,0,0,0,0,0,0,0,0,0,0,0,0,0,294.709,0,-51.3398,0
"MtrElec",4,6,23,"",279.88,0,0,0,0,0,0,0,0,0,0,0,0,0,0,0,0,0,0,0,0,279.88,0,0,0
"MtrElec",4,6,24,"",187.727,0,0,0,0,0,0,0,0,0,0,0,0,0,0,0,0,0,0,0,0,187.727,0,0,0
"MtrElec",4,7,1,"",167.373,0,0,0,0,0,0,0,0,0,0,0,0,0,0,0,0,0,0,0,0,167.373,0,0,0
"MtrElec",4,7,2,"",148.109,0,0,0,0,0,0,0,0,0,0,0,0,0,0,0,0,0,0,0,0,148.109,0,0,0
"MtrElec",4,7,3,"",183.91,0,0,0,0,0,0,0,0,0,0,0,0,0,0,0,0,0,0,0,0,183.91,0,0,0
"MtrElec",4,7,4,"",151.156,0,0,0,0,0,0,0,0,0,0,0,0,0,0,0,0,0,0,0,0,151.156,0,0,0
"MtrElec",4,7,5,"",141.213,0,0,0,0,0,0,0,0,0,0,0,0,0,0,0,0,0,0,0,0,141.213,0,0,0
"MtrElec",4,7,6,"",160.071,0,0,0,0,0,0,0,0,0,0,0,0,0,0,0,0,0,0,0,0,160.071,0,0,0
"MtrElec",4,7,7,"",267.864,0,0,0,0,0,0,0,0,0,0,0,0,0,0,0,0,0,0,0,0,269.34,0,0,-1.47644
"MtrElec",4,7,8,"",222.311,0,0,0,0,0,0,0,0,0,0,0,0,0,0,0,0,0,0,0,0,294.106,0,0,-71.7942
"MtrElec",4,7,9,"",186.128,0,0,0,0,0,0,0,0,0,0,0,0,0,0,0,0,0,0,0,0,366.109,0,0,-179.981
"MtrElec",4,7,10,"",165.534,0,0,0,0,0,0,0,0,0,0,0,0,0,0,0,0,0,0,0,0,443.476,0,0,-277.941
"MtrElec",4,7,11,"",14.0534,0,0,0,0,0,0,0,0,0,0,0,0,0,0,0,0,0,0,0,0,491.099,0,0,-477.046
"MtrElec",4,7,12,"",0,0,0,0,0,0,0,0,0,0,0,0,0,0,0,0,0,0,0,0,0,430.691,0,107.836,-538.526
"MtrElec",4,7,13,"",0,0,0,0,0,0,0,0,0,0,0,0,0,0,0,0,0,0,0,0,0,489.693,0,87.5741,-577.267
"MtrElec",4,7,14,"",-78.5637,0,0,0,0,0,0,0,0,0,0,0,0,0,0,0,0,0,0,0,0,366.225,0,223.217,-668.005
"MtrElec",4,7,15,"",0,0,0,0,0,0,0,0,0,0,0,0,0,0,0,0,0,0,0,0,0,369.767,0,43.7718,-413.539
"MtrElec",4,7,16,"",91.084,0,0,0,0,0,0,0,0,0,0,0,0,0,0,0,0,0,0,0,0,388.987,0,0,-297.903
"MtrElec",4,7,17,"",75.8062,0,0,0,0,0,0,0,0,0,0,0,0,0,0,0,0,0,0,0,0,388.035,0,0,-312.229
"MtrElec",4,7,18,"",311.647,0,0,0,0,0,0,0,0,0,0,0,0,0,0,0,0,0,0,0,0,426.9,0,0,-115.253
"MtrElec",4,7,19,"",131.475,0,0,0,0,0,0,0,0,0,0,0,0,0,0,0,0,0,0,0,0,398.978,0,-223.217,-44.2865
"MtrElec",4,7,20,"",196.128,0,0,0,0,0,0,0,0,0,0,0,0,0,0,0,0,0,0,0,0,390.226,0,-194.098,0
"MtrElec",4,7,21,"",425.593,0,0,0,0,0,0,0,0,0,0,0,0,0,0,0,0,0,0,0,0,425.593,0,0,0
"MtrElec",4,7,22,"",260.941,0,0,0,0,0,0,0,0,0,0,0,0,0,0,0,0,0,0,0,0,260.941,0,0,0
"MtrElec",4,7,23,"",309.764,0,0,0,0,0,0,0,0,0,0,0,0,0,0,0,0,0,0,0,0,309.764,0,0,0
"MtrElec",4,7,24,"",208.085,0,0,0,0,0,0,0,0,0,0,0,0,0,0,0,0,0,0,0,0,208.085,0,0,0
"MtrElec",4,8,1,"",204.178,0,0,0,0,0,0,0,0,0,0,0,0,0,0,0,0,0,0,0,0,204.178,0,0,0
"MtrElec",4,8,2,"",150.007,0,0,0,0,0,0,0,0,0,0,0,0,0,0,0,0,0,0,0,0,150.007,0,0,0
"MtrElec",4,8,3,"",146.072,0,0,0,0,0,0,0,0,0,0,0,0,0,0,0,0,0,0,0,0,146.072,0,0,0
"MtrElec",4,8,4,"",147.251,0,0,0,0,0,0,0,0,0,0,0,0,0,0,0,0,0,0,0,0,147.251,0,0,0
"MtrElec",4,8,5,"",146.009,0,0,0,0,0,0,0,0,0,0,0,0,0,0,0,0,0,0,0,0,146.009,0,0,0
"MtrElec",4,8,6,"",163.417,0,0,0,0,0,0,0,0,0,0,0,0,0,0,0,0,0,0,0,0,163.417,0,0,0
"MtrElec",4,8,7,"",248.173,0,0,0,0,0,0,0,0,0,0,0,0,0,0,0,0,0,0,0,0,250.69,0,0,-2.51666
"MtrElec",4,8,8,"",211.416,0,0,0,0,0,0,0,0,0,0,0,0,0,0,0,0,0,0,0,0,300.182,0,0,-88.7654
"MtrElec",4,8,9,"",90.567,0,0,0,0,0,0,0,0,0,0,0,0,0,0,0,0,0,0,0,0,371.889,0,0,-281.322
"MtrElec",4,8,10,"",-66.3432,0,0,0,0,0,0,0,0,0,0,0,0,0,0,0,0,0,0,0,0,400.138,0,0,-466.481
"MtrElec",4,8,11,"",0,0,0,0,0,0,0,0,0,0,0,0,0,0,0,0,0,0,0,0,0,486.155,0,107.453,-593.608
"MtrElec",4,8,12,"",-18.6698,0,0,0,0,0,0,0,0,0,0,0,0,0,0,0,0,0,0,0,0,416.435,0,223.217,-658.321
"MtrElec",4,8,13,"",-0.193906,0,0,0,0,0,0,0,0,0,0,0,0,0,0,0,0,0,0,0,0,464.614,0,223.217,-688.025
"MtrElec",4,8,14,"",-26.2198,0,0,0,0,0,0,0,0,0,0,0,0,0,0,0,0,0,0,0,0,405.157,0,223.217,-654.594
"MtrElec",4,8,15,"",-254.119,0,0,0,0,0,0,0,0,0,0,0,0,0,0,0,0,0,0,0,0,359.104,0,21.778,-635.001
"MtrElec",4,8,16,"",-129.361,0,0,0,0,0,0,0,0,0,0,0,0,0,0,0,0,0,0,0,0,421.485,0,0,-550.845
"MtrElec",4,8,17,"",-8.84069,0,0,0,0,0,0,0,0,0,0,0,0,0,0,0,0,0,0,0,0,400.486,0,0,-409.327
"MtrElec",4,8,18,"",218.024,0,0,0,0,0,0,0,0,0,0,0,0,0,0,0,0,0,0,0,0,438.371,0,0,-220.347
"MtrElec",4,8,19,"",125.221,0,0,0,0,0,0,0,0,0,0,0,0,0,0,0,0,0,0,0,0,398.343,0,-223.217,-49.9054
"MtrElec",4,8,20,"",173.67,0,0,0,0,0,0,0,0,0,0,0,0,0,0,0,0,0,0,0,0,396.886,0,-223.217,0
"MtrElec",4,8,21,"",214.141,0,0,0,0,0,0,0,0,0,0,0,0,0,0,0,0,0,0,0,0,437.358,0,-223.217,0
"MtrElec",4,8,22,"",222.297,0,0,0,0,0,0,0,0,0,0,0,0,0,0,0,0,0,0,0,0,273.637,0,-51.3398,0
"MtrElec",4,8,23,"",279.997,0,0,0,0,0,0,0,0,0,0,0,0,0,0,0,0,0,0,0,0,279.997,0,0,0
"MtrElec",4,8,24,"",210.823,0,0,0,0,0,0,0,0,0,0,0,0,0,0,0,0,0,0,0,0,210.823,0,0,0
"MtrElec",4,9,1,"",152.133,0,0,0,0,0,0,0,0,0,0,0,0,0,0,0,0,0,0,0,0,152.133,0,0,0
"MtrElec",4,9,2,"",148.326,0,0,0,0,0,0,0,0,0,0,0,0,0,0,0,0,0,0,0,0,148.326,0,0,0
"MtrElec",4,9,3,"",185.261,0,0,0,0,0,0,0,0,0,0,0,0,0,0,0,0,0,0,0,0,185.261,0,0,0
"MtrElec",4,9,4,"",144.952,0,0,0,0,0,0,0,0,0,0,0,0,0,0,0,0,0,0,0,0,144.952,0,0,0
"MtrElec",4,9,5,"",140.676,0,0,0,0,0,0,0,0,0,0,0,0,0,0,0,0,0,0,0,0,140.676,0,0,0
"MtrElec",4,9,6,"",153.194,0,0,0,0,0,0,0,0,0,0,0,0,0,0,0,0,0,0,0,0,153.194,0,0,0
"MtrElec",4,9,7,"",218.493,0,0,0,0,0,0,0,0,0,0,0,0,0,0,0,0,0,0,0,0,220.994,0,0,-2.50152
"MtrElec",4,9,8,"",199.54,0,0,0,0,0,0,0,0,0,0,0,0,0,0,0,0,0,0,0,0,288.56,0,0,-89.0202
"MtrElec",4,9,9,"",91.9007,0,0,0,0,0,0,0,0,0,0,0,0,0,0,0,0,0,0,0,0,360.588,0,0,-268.687
"MtrElec",4,9,10,"",-12.0776,0,0,0,0,0,0,0,0,0,0,0,0,0,0,0,0,0,0,0,0,427.323,0,0,-439.4
"MtrElec",4,9,11,"",0.0000078,0,0,0,0,0,0,0,0,0,0,0,0,0,0,0,0,0,0,0,0,442.108,0,104.932,-547.04
"MtrElec",4,9,12,"",0.0000078,0,0,0,0,0,0,0,0,0,0,0,0,0,0,0,0,0,0,0,0,478.989,0,103.958,-582.947
"MtrElec",4,9,13,"",0,0,0,0,0,0,0,0,0,0,0,0,0,0,0,0,0,0,0,0,0,502.171,0,157.172,-659.343
"MtrElec",4,9,14,"",-12.843,0,0,0,0,0,0,0,0,0,0,0,0,0,0,0,0,0,0,0,0,417.854,0,223.217,-653.914
"MtrElec",4,9,15,"",0,0,0,0,0,0,0,0,0,0,0,0,0,0,0,0,0,0,0,0,0,476.584,0,145.138,-621.722
"MtrElec",4,9,16,"",0,0,0,0,0,0,0,0,0,0,0,0,0,0,0,0,0,0,0,0,0,490.099,0,36.4246,-526.524
"MtrElec",4,9,17,"",111.102,0,0,0,0,0,0,0,0,0,0,0,0,0,0,0,0,0,0,0,0,509.139,0,0,-398.037
"MtrElec",4,9,18,"",323.125,0,0,0,0,0,0,0,0,0,0,0,0,0,0,0,0,0,0,0,0,541.462,0,0,-218.337
"MtrElec",4,9,19,"",272.689,0,0,0,0,0,0,0,0,0,0,0,0,0,0,0,0,0,0,0,0,545.898,0,-223.217,-49.992
"MtrElec",4,9,20,"",257.622,0,0,0,0,0,0,0,0,0,0,0,0,0,0,0,0,0,0,0,0,480.839,0,-223.217,0
"MtrElec",4,9,21,"",248.426,0,0,0,0,0,0,0,0,0,0,0,0,0,0,0,0,0,0,0,0,471.643,0,-223.217,0
"MtrElec",4,9,22,"",268.708,0,0,0,0,0,0,0,0,0,0,0,0,0,0,0,0,0,0,0,0,294.741,0,-26.0333,0
"MtrElec",4,9,23,"",296.263,0,0,0,0,0,0,0,0,0,0,0,0,0,0,0,0,0,0,0,0,296.263,0,0,0
"MtrElec",4,9,24,"",254.06,0,0,0,0,0,0,0,0,0,0,0,0,0,0,0,0,0,0,0,0,254.06,0,0,0
"MtrElec",4,10,1,"",190.209,0,0,0,0,0,0,0,0,0,0,0,0,0,0,0,0,0,0,0,0,190.209,0,0,0
"MtrElec",4,10,2,"",148.191,0,0,0,0,0,0,0,0,0,0,0,0,0,0,0,0,0,0,0,0,148.191,0,0,0
"MtrElec",4,10,3,"",144.663,0,0,0,0,0,0,0,0,0,0,0,0,0,0,0,0,0,0,0,0,144.663,0,0,0
"MtrElec",4,10,4,"",145.401,0,0,0,0,0,0,0,0,0,0,0,0,0,0,0,0,0,0,0,0,145.401,0,0,0
"MtrElec",4,10,5,"",145.192,0,0,0,0,0,0,0,0,0,0,0,0,0,0,0,0,0,0,0,0,145.192,0,0,0
"MtrElec",4,10,6,"",157.504,0,0,0,0,0,0,0,0,0,0,0,0,0,0,0,0,0,0,0,0,157.504,0,0,0
"MtrElec",4,10,7,"",221.364,0,0,0,0,0,0,0,0,0,0,0,0,0,0,0,0,0,0,0,0,224.44,0,0,-3.07591
"MtrElec",4,10,8,"",217.496,0,0,0,0,0,0,0,0,0,0,0,0,0,0,0,0,0,0,0,0,307.219,0,0,-89.7229
"MtrElec",4,10,9,"",160.762,0,0,0,0,0,0,0,0,0,0,0,0,0,0,0,0,0,0,0,0,408.607,0,0,-247.846
"MtrElec",4,10,10,"",113.793,0,0,0,0,0,0,0,0,0,0,0,0,0,0,0,0,0,0,0,0,527.295,0,0,-413.502
"MtrElec",4,10,11,"",0,0,0,0,0,0,0,0,0,0,0,0,0,0,0,0,0,0,0,0,0,510.589,0,45.325,-555.914
"MtrElec",4,10,12,"",0,0,0,0,0,0,0,0,0,0,0,0,0,0,0,0,0,0,0,0,0,510.75,0,124.608,-635.358
"MtrElec",4,10,13,"",0,0,0,0,0,0,0,0,0,0,0,0,0,0,0,0,0,0,0,0,0,597.469,0,69.122,-666.591
"MtrElec",4,10,14,"",0,0,0,0,0,0,0,0,0,0,0,0,0,0,0,0,0,0,0,0,0,470.357,0,202.373,-672.729
"MtrElec",4,10,15,"",0.0000078,0,0,0,0,0,0,0,0,0,0,0,0,0,0,0,0,0,0,0,0,506.3,0,130.091,-636.391
"MtrElec",4,10,16,"",0.0000039,0,0,0,0,0,0,0,0,0,0,0,0,0,0,0,0,0,0,0,0,477.372,0,60.9983,-538.37
"MtrElec",4,10,17,"",157.139,0,0,0,0,0,0,0,0,0,0,0,0,0,0,0,0,0,0,0,0,557.568,0,0,-400.428
"MtrElec",4,10,18,"",320.88,0,0,0,0,0,0,0,0,0,0,0,0,0,0,0,0,0,0,0,0,539.156,0,0,-218.275
"MtrElec",4,10,19,"",226.521,0,0,0,0,0,0,0,0,0,0,0,0,0,0,0,0,0,0,0,0,500.097,0,-223.217,-50.3587
"MtrElec",4,10,20,"",275.181,0,0,0,0,0,0,0,0,0,0,0,0,0,0,0,0,0,0,0,0,498.398,0,-223.217,0
"MtrElec",4,10,21,"",336.588,0,0,0,0,0,0,0,0,0,0,0,0,0,0,0,0,0,0,0,0,461.001,0,-124.413,0
"MtrElec",4,10,22,"",296.326,0,0,0,0,0,0,0,0,0,0,0,0,0,0,0,0,0,0,0,0,296.326,0,0,0
"MtrElec",4,10,23,"",277.633,0,0,0,0,0,0,0,0,0,0,0,0,0,0,0,0,0,0,0,0,277.633,0,0,0
"MtrElec",4,10,24,"",198.521,0,0,0,0,0,0,0,0,0,0,0,0,0,0,0,0,0,0,0,0,198.521,0,0,0
"MtrElec",4,11,1,"",158.359,0,0,0,0,0,0,0,0,0,0,0,0,0,0,0,0,0,0,0,0,158.359,0,0,0
"MtrElec",4,11,2,"",151.123,0,0,0,0,0,0,0,0,0,0,0,0,0,0,0,0,0,0,0,0,151.123,0,0,0
"MtrElec",4,11,3,"",149.331,0,0,0,0,0,0,0,0,0,0,0,0,0,0,0,0,0,0,0,0,149.331,0,0,0
"MtrElec",4,11,4,"",146.746,0,0,0,0,0,0,0,0,0,0,0,0,0,0,0,0,0,0,0,0,146.746,0,0,0
"MtrElec",4,11,5,"",157.907,0,0,0,0,0,0,0,0,0,0,0,0,0,0,0,0,0,0,0,0,157.907,0,0,0
"MtrElec",4,11,6,"",186.832,0,0,0,0,0,0,0,0,0,0,0,0,0,0,0,0,0,0,0,0,186.832,0,0,0
"MtrElec",4,11,7,"",164.585,0,0,0,0,0,0,0,0,0,0,0,0,0,0,0,0,0,0,0,0,167.082,0,0,-2.49688
"MtrElec",4,11,8,"",182.829,0,0,0,0,0,0,0,0,0,0,0,0,0,0,0,0,0,0,0,0,273.114,0,0,-90.2849
"MtrElec",4,11,9,"",25.0261,0,0,0,0,0,0,0,0,0,0,0,0,0,0,0,0,0,0,0,0,302.227,0,0,-277.201
"MtrElec",4,11,10,"",-39.0839,0,0,0,0,0,0,0,0,0,0,0,0,0,0,0,0,0,0,0,0,414.592,0,0,-453.676
"MtrElec",4,11,11,"",0,0,0,0,0,0,0,0,0,0,0,0,0,0,0,0,0,0,0,0,0,500.349,0,77.3707,-577.72
"MtrElec",4,11,12,"",0.0000156,0,0,0,0,0,0,0,0,0,0,0,0,0,0,0,0,0,0,0,0,486.796,0,174.671,-661.467
"MtrElec",4,11,13,"",0,0,0,0,0,0,0,0,0,0,0,0,0,0,0,0,0,0,0,0,0,505.246,0,196.666,-701.912
"MtrElec",4,11,14,"",0,0,0,0,0,0,0,0,0,0,0,0,0,0,0,0,0,0,0,0,0,478.102,0,211.017,-689.12
"MtrElec",4,11,15,"",-12.2863,0,0,0,0,0,0,0,0,0,0,0,0,0,0,0,0,0,0,0,0,482.903,0,139.156,-634.345
"MtrElec",4,11,16,"",-45.4381,0,0,0,0,0,0,0,0,0,0,0,0,0,0,0,0,0,0,0,0,504.768,0,0,-550.206
"MtrElec",4,11,17,"",91.3487,0,0,0,0,0,0,0,0,0,0,0,0,0,0,0,0,0,0,0,0,501.274,0,0,-409.925
"MtrElec",4,11,18,"",252.598,0,0,0,0,0,0,0,0,0,0,0,0,0,0,0,0,0,0,0,0,480.46,0,0,-227.862
"MtrElec",4,11,19,"",212.438,0,0,0,0,0,0,0,0,0,0,0,0,0,0,0,0,0,0,0,0,488.509,0,-223.217,-52.8549
"MtrElec",4,11,20,"",188.86,0,0,0,0,0,0,0,0,0,0,0,0,0,0,0,0,0,0,0,0,412.077,0,-223.217,0
"MtrElec",4,11,21,"",109.223,0,0,0,0,0,0,0,0,0,0,0,0,0,0,0,0,0,0,0,0,332.44,0,-223.217,0
"MtrElec",4,11,22,"",255.364,0,0,0,0,0,0,0,0,0,0,0,0,0,0,0,0,0,0,0,0,306.704,0,-51.3398,0
"MtrElec",4,11,23,"",232.03,0,0,0,0,0,0,0,0,0,0,0,0,0,0,0,0,0,0,0,0,232.03,0,0,0
"MtrElec",4,11,24,"",216.699,0,0,0,0,0,0,0,0,0,0,0,0,0,0,0,0,0,0,0,0,216.699,0,0,0
"MtrElec",4,12,1,"",164.262,0,0,0,0,0,0,0,0,0,0,0,0,0,0,0,0,0,0,0,0,164.262,0,0,0
"MtrElec",4,12,2,"",147.248,0,0,0,0,0,0,0,0,0,0,0,0,0,0,0,0,0,0,0,0,147.248,0,0,0
"MtrElec",4,12,3,"",148.006,0,0,0,0,0,0,0,0,0,0,0,0,0,0,0,0,0,0,0,0,148.006,0,0,0
"MtrElec",4,12,4,"",159.497,0,0,0,0,0,0,0,0,0,0,0,0,0,0,0,0,0,0,0,0,159.497,0,0,0
"MtrElec",4,12,5,"",194.616,0,0,0,0,0,0,0,0,0,0,0,0,0,0,0,0,0,0,0,0,194.616,0,0,0
"MtrElec",4,12,6,"",146.867,0,0,0,0,0,0,0,0,0,0,0,0,0,0,0,0,0,0,0,0,146.867,0,0,0
"MtrElec",4,12,7,"",148.752,0,0,0,0,0,0,0,0,0,0,0,0,0,0,0,0,0,0,0,0,152.809,0,0,-4.05704
"MtrElec",4,12,8,"",141.795,0,0,0,0,0,0,0,0,0,0,0,0,0,0,0,0,0,0,0,0,236.799,0,0,-95.0043
"MtrElec",4,12,9,"",-7.75619,0,0,0,0,0,0,0,0,0,0,0,0,0,0,0,0,0,0,0,0,277.768,0,0,-285.525
"MtrElec",4,12,10,"",-165.829,0,0,0,0,0,0,0,0,0,0,0,0,0,0,0,0,0,0,0,0,308.409,0,0,-474.238
"MtrElec",4,12,11,"",-37.022,0,0,0,0,0,0,0,0,0,0,0,0,0,0,0,0,0,0,0,0,359.114,0,223.217,-619.353
"MtrElec",4,12,12,"",-142.148,0,0,0,0,0,0,0,0,0,0,0,0,0,0,0,0,0,0,0,0,353.638,0,223.217,-719.003
"MtrElec",4,12,13,"",-130.425,0,0,0,0,0,0,0,0,0,0,0,0,0,0,0,0,0,0,0,0,409.487,0,223.217,-763.129
"MtrElec",4,12,14,"",-293.347,0,0,0,0,0,0,0,0,0,0,0,0,0,0,0,0,0,0,0,0,322.011,0,129.231,-744.589
"MtrElec",4,12,15,"",-326.126,0,0,0,0,0,0,0,0,0,0,0,0,0,0,0,0,0,0,0,0,359.923,0,0,-686.049
"MtrElec",4,12,16,"",-262.242,0,0,0,0,0,0,0,0,0,0,0,0,0,0,0,0,0,0,0,0,308.611,0,0,-570.852
"MtrElec",4,12,17,"",-75.7862,0,0,0,0,0,0,0,0,0,0,0,0,0,0,0,0,0,0,0,0,339.035,0,0,-414.821
"MtrElec",4,12,18,"",98.3147,0,0,0,0,0,0,0,0,0,0,0,0,0,0,0,0,0,0,0,0,315.494,0,0,-217.18
"MtrElec",4,12,19,"",97.6063,0,0,0,0,0,0,0,0,0,0,0,0,0,0,0,0,0,0,0,0,377.512,0,-223.217,-56.6892
"MtrElec",4,12,20,"",80.7905,0,0,0,0,0,0,0,0,0,0,0,0,0,0,0,0,0,0,0,0,304.007,0,-223.217,0
"MtrElec",4,12,21,"",94.9242,0,0,0,0,0,0,0,0,0,0,0,0,0,0,0,0,0,0,0,0,318.141,0,-223.217,0
"MtrElec",4,12,22,"",202.795,0,0,0,0,0,0,0,0,0,0,0,0,0,0,0,0,0,0,0,0,254.134,0,-51.3398,0
"MtrElec",4,12,23,"",258.29,0,0,0,0,0,0,0,0,0,0,0,0,0,0,0,0,0,0,0,0,258.29,0,0,0
"MtrElec",4,12,24,"",207.83,0,0,0,0,0,0,0,0,0,0,0,0,0,0,0,0,0,0,0,0,207.83,0,0,0
"MtrElec",4,13,1,"",172.644,0,0,0,0,0,0,0,0,0,0,0,0,0,0,0,0,0,0,0,0,172.644,0,0,0
"MtrElec",4,13,2,"",147.518,0,0,0,0,0,0,0,0,0,0,0,0,0,0,0,0,0,0,0,0,147.518,0,0,0
"MtrElec",4,13,3,"",144.37,0,0,0,0,0,0,0,0,0,0,0,0,0,0,0,0,0,0,0,0,144.37,0,0,0
"MtrElec",4,13,4,"",144.925,0,0,0,0,0,0,0,0,0,0,0,0,0,0,0,0,0,0,0,0,144.925,0,0,0
"MtrElec",4,13,5,"",178.114,0,0,0,0,0,0,0,0,0,0,0,0,0,0,0,0,0,0,0,0,178.114,0,0,0
"MtrElec",4,13,6,"",152.049,0,0,0,0,0,0,0,0,0,0,0,0,0,0,0,0,0,0,0,0,152.049,0,0,0
"MtrElec",4,13,7,"",260.01,0,0,0,0,0,0,0,0,0,0,0,0,0,0,0,0,0,0,0,0,266.357,0,0,-6.34711
"MtrElec",4,13,8,"",203.106,0,0,0,0,0,0,0,0,0,0,0,0,0,0,0,0,0,0,0,0,301.597,0,0,-98.4903
"MtrElec",4,13,9,"",109.908,0,0,0,0,0,0,0,0,0,0,0,0,0,0,0,0,0,0,0,0,390.332,0,0,-280.424
"MtrElec",4,13,10,"",-66.9645,0,0,0,0,0,0,0,0,0,0,0,0,0,0,0,0,0,0,0,0,385.435,0,0,-452.4
"MtrElec",4,13,11,"",0,0,0,0,0,0,0,0,0,0,0,0,0,0,0,0,0,0,0,0,0,416.104,0,175.963,-592.067
"MtrElec",4,13,12,"",-66.9093,0,0,0,0,0,0,0,0,0,0,0,0,0,0,0,0,0,0,0,0,386.408,0,223.217,-676.534
"MtrElec",4,13,13,"",-74.4303,0,0,0,0,0,0,0,0,0,0,0,0,0,0,0,0,0,0,0,0,402.233,0,223.217,-699.88
"MtrElec",4,13,14,"",-176.579,0,0,0,0,0,0,0,0,0,0,0,0,0,0,0,0,0,0,0,0,358.691,0,176.484,-711.754
"MtrElec",4,13,15,"",-257.868,0,0,0,0,0,0,0,0,0,0,0,0,0,0,0,0,0,0,0,0,405.932,0,0,-663.8
"MtrElec",4,13,16,"",-178.704,0,0,0,0,0,0,0,0,0,0,0,0,0,0,0,0,0,0,0,0,377.407,0,0,-556.11
"MtrElec",4,13,17,"",6.13188,0,0,0,0,0,0,0,0,0,0,0,0,0,0,0,0,0,0,0,0,415.861,0,0,-409.729
"MtrElec",4,13,18,"",215.439,0,0,0,0,0,0,0,0,0,0,0,0,0,0,0,0,0,0,0,0,439.839,0,0,-224.4
"MtrElec",4,13,19,"",137.542,0,0,0,0,0,0,0,0,0,0,0,0,0,0,0,0,0,0,0,0,415.711,0,-223.217,-54.9519
"MtrElec",4,13,20,"",203.58,0,0,0,0,0,0,0,0,0,0,0,0,0,0,0,0,0,0,0,0,426.797,0,-223.217,0
"MtrElec",4,13,21,"",226.926,0,0,0,0,0,0,0,0,0,0,0,0,0,0,0,0,0,0,0,0,450.143,0,-223.217,0
"MtrElec",4,13,22,"",198.195,0,0,0,0,0,0,0,0,0,0,0,0,0,0,0,0,0,0,0,0,249.535,0,-51.3398,0
"MtrElec",4,13,23,"",260.881,0,0,0,0,0,0,0,0,0,0,0,0,0,0,0,0,0,0,0,0,260.881,0,0,0
"MtrElec",4,13,24,"",179.847,0,0,0,0,0,0,0,0,0,0,0,0,0,0,0,0,0,0,0,0,179.847,0,0,0
"MtrElec",4,14,1,"",179.082,0,0,0,0,0,0,0,0,0,0,0,0,0,0,0,0,0,0,0,0,179.082,0,0,0
"MtrElec",4,14,2,"",155.925,0,0,0,0,0,0,0,0,0,0,0,0,0,0,0,0,0,0,0,0,155.925,0,0,0
"MtrElec",4,14,3,"",149.195,0,0,0,0,0,0,0,0,0,0,0,0,0,0,0,0,0,0,0,0,149.195,0,0,0
"MtrElec",4,14,4,"",152.887,0,0,0,0,0,0,0,0,0,0,0,0,0,0,0,0,0,0,0,0,152.887,0,0,0
"MtrElec",4,14,5,"",150.686,0,0,0,0,0,0,0,0,0,0,0,0,0,0,0,0,0,0,0,0,150.686,0,0,0
"MtrElec",4,14,6,"",166.811,0,0,0,0,0,0,0,0,0,0,0,0,0,0,0,0,0,0,0,0,166.811,0,0,0
"MtrElec",4,14,7,"",259.032,0,0,0,0,0,0,0,0,0,0,0,0,0,0,0,0,0,0,0,0,266.482,0,0,-7.45024
"MtrElec",4,14,8,"",205.089,0,0,0,0,0,0,0,0,0,0,0,0,0,0,0,0,0,0,0,0,305.753,0,0,-100.663
"MtrElec",4,14,9,"",106.03,0,0,0,0,0,0,0,0,0,0,0,0,0,0,0,0,0,0,0,0,393.703,0,0,-287.673
"MtrElec",4,14,10,"",-8.8495,0,0,0,0,0,0,0,0,0,0,0,0,0,0,0,0,0,0,0,0,443.872,0,0,-452.721
"MtrElec",4,14,11,"",0,0,0,0,0,0,0,0,0,0,0,0,0,0,0,0,0,0,0,0,0,509.815,0,65.3715,-575.186
"MtrElec",4,14,12,"",0.0000156,0,0,0,0,0,0,0,0,0,0,0,0,0,0,0,0,0,0,0,0,499.5,0,152.621,-652.121
"MtrElec",4,14,13,"",-33.6245,0,0,0,0,0,0,0,0,0,0,0,0,0,0,0,0,0,0,0,0,446.386,0,223.217,-703.228
"MtrElec",4,14,14,"",-56.1213,0,0,0,0,0,0,0,0,0,0,0,0,0,0,0,0,0,0,0,0,433.386,0,223.217,-712.724
"MtrElec",4,14,15,"",-105.657,0,0,0,0,0,0,0,0,0,0,0,0,0,0,0,0,0,0,0,0,420.846,0,134.455,-660.958
"MtrElec",4,14,16,"",-64.1803,0,0,0,0,0,0,0,0,0,0,0,0,0,0,0,0,0,0,0,0,486.691,0,0,-550.871
"MtrElec",4,14,17,"",91.4013,0,0,0,0,0,0,0,0,0,0,0,0,0,0,0,0,0,0,0,0,503.84,0,0,-412.439
"MtrElec",4,14,18,"",294.931,0,0,0,0,0,0,0,0,0,0,0,0,0,0,0,0,0,0,0,0,526.51,0,0,-231.579
"MtrElec",4,14,19,"",182.2,0,0,0,0,0,0,0,0,0,0,0,0,0,0,0,0,0,0,0,0,460.721,0,-223.217,-55.3036
"MtrElec",4,14,20,"",275.003,0,0,0,0,0,0,0,0,0,0,0,0,0,0,0,0,0,0,0,0,498.22,0,-223.217,0
"MtrElec",4,14,21,"",257.728,0,0,0,0,0,0,0,0,0,0,0,0,0,0,0,0,0,0,0,0,480.945,0,-223.217,0
"MtrElec",4,14,22,"",242.67,0,0,0,0,0,0,0,0,0,0,0,0,0,0,0,0,0,0,0,0,294.01,0,-51.3398,0
"MtrElec",4,14,23,"",245.294,0,0,0,0,0,0,0,0,0,0,0,0,0,0,0,0,0,0,0,0,245.294,0,0,0
"MtrElec",4,14,24,"",232.702,0,0,0,0,0,0,0,0,0,0,0,0,0,0,0,0,0,0,0,0,232.702,0,0,0
"MtrElec",4,15,1,"",168.515,0,0,0,0,0,0,0,0,0,0,0,0,0,0,0,0,0,0,0,0,168.515,0,0,0
"MtrElec",4,15,2,"",151.264,0,0,0,0,0,0,0,0,0,0,0,0,0,0,0,0,0,0,0,0,151.264,0,0,0
"MtrElec",4,15,3,"",144.667,0,0,0,0,0,0,0,0,0,0,0,0,0,0,0,0,0,0,0,0,144.667,0,0,0
"MtrElec",4,15,4,"",152.754,0,0,0,0,0,0,0,0,0,0,0,0,0,0,0,0,0,0,0,0,152.754,0,0,0
"MtrElec",4,15,5,"",142.778,0,0,0,0,0,0,0,0,0,0,0,0,0,0,0,0,0,0,0,0,142.778,0,0,0
"MtrElec",4,15,6,"",180.135,0,0,0,0,0,0,0,0,0,0,0,0,0,0,0,0,0,0,0,0,180.135,0,0,0
"MtrElec",4,15,7,"",262.063,0,0,0,0,0,0,0,0,0,0,0,0,0,0,0,0,0,0,0,0,271.65,0,0,-9.58718
"MtrElec",4,15,8,"",197.021,0,0,0,0,0,0,0,0,0,0,0,0,0,0,0,0,0,0,0,0,300.573,0,0,-103.552
"MtrElec",4,15,9,"",55.4404,0,0,0,0,0,0,0,0,0,0,0,0,0,0,0,0,0,0,0,0,316.787,0,0,-261.347
"MtrElec",4,15,10,"",27.0881,0,0,0,0,0,0,0,0,0,0,0,0,0,0,0,0,0,0,0,0,466.655,0,0,-439.566
"MtrElec",4,15,11,"",0.0000078,0,0,0,0,0,0,0,0,0,0,0,0,0,0,0,0,0,0,0,0,430.192,0,107.88,-538.072
"MtrElec",4,15,12,"",0,0,0,0,0,0,0,0,0,0,0,0,0,0,0,0,0,0,0,0,0,452.576,0,68.3179,-520.894
"MtrElec",4,15,13,"",0,0,0,0,0,0,0,0,0,0,0,0,0,0,0,0,0,0,0,0,0,500.67,0,76.2355,-576.906
"MtrElec",4,15,14,"",0,0,0,0,0,0,0,0,0,0,0,0,0,0,0,0,0,0,0,0,0,427.64,0,99.4704,-527.11
"MtrElec",4,15,15,"",0.0000078,0,0,0,0,0,0,0,0,0,0,0,0,0,0,0,0,0,0,0,0,415.339,0,66.1253,-481.465
"MtrElec",4,15,16,"",129.434,0,0,0,0,0,0,0,0,0,0,0,0,0,0,0,0,0,0,0,0,434.348,0,0,-304.914
"MtrElec",4,15,17,"",280.127,0,0,0,0,0,0,0,0,0,0,0,0,0,0,0,0,0,0,0,0,462.451,0,0,-182.323
"MtrElec",4,15,18,"",275.028,0,0,0,0,0,0,0,0,0,0,0,0,0,0,0,0,0,0,0,0,417.264,0,0,-142.236
"MtrElec",4,15,19,"",157.352,0,0,0,0,0,0,0,0,0,0,0,0,0,0,0,0,0,0,0,0,423.15,0,-223.217,-42.5805
"MtrElec",4,15,20,"",224.509,0,0,0,0,0,0,0,0,0,0,0,0,0,0,0,0,0,0,0,0,378.563,0,-154.054,0
"MtrElec",4,15,21,"",385.057,0,0,0,0,0,0,0,0,0,0,0,0,0,0,0,0,0,0,0,0,385.057,0,0,0
"MtrElec",4,15,22,"",283.572,0,0,0,0,0,0,0,0,0,0,0,0,0,0,0,0,0,0,0,0,283.572,0,0,0
"MtrElec",4,15,23,"",271.34,0,0,0,0,0,0,0,0,0,0,0,0,0,0,0,0,0,0,0,0,271.34,0,0,0
"MtrElec",4,15,24,"",240.86,0,0,0,0,0,0,0,0,0,0,0,0,0,0,0,0,0,0,0,0,240.86,0,0,0
"MtrElec",4,16,1,"",191.084,0,0,0,0,0,0,0,0,0,0,0,0,0,0,0,0,0,0,0,0,191.084,0,0,0
"MtrElec",4,16,2,"",148.719,0,0,0,0,0,0,0,0,0,0,0,0,0,0,0,0,0,0,0,0,148.719,0,0,0
"MtrElec",4,16,3,"",143.228,0,0,0,0,0,0,0,0,0,0,0,0,0,0,0,0,0,0,0,0,143.228,0,0,0
"MtrElec",4,16,4,"",150.838,0,0,0,0,0,0,0,0,0,0,0,0,0,0,0,0,0,0,0,0,150.838,0,0,0
"MtrElec",4,16,5,"",144.348,0,0,0,0,0,0,0,0,0,0,0,0,0,0,0,0,0,0,0,0,144.348,0,0,0
"MtrElec",4,16,6,"",149.988,0,0,0,0,0,0,0,0,0,0,0,0,0,0,0,0,0,0,0,0,149.988,0,0,0
"MtrElec",4,16,7,"",248.244,0,0,0,0,0,0,0,0,0,0,0,0,0,0,0,0,0,0,0,0,257.25,0,0,-9.0055
"MtrElec",4,16,8,"",168.202,0,0,0,0,0,0,0,0,0,0,0,0,0,0,0,0,0,0,0,0,269.916,0,0,-101.713
"MtrElec",4,16,9,"",21.6124,0,0,0,0,0,0,0,0,0,0,0,0,0,0,0,0,0,0,0,0,313.076,0,0,-291.464
"MtrElec",4,16,10,"",-30.9687,0,0,0,0,0,0,0,0,0,0,0,0,0,0,0,0,0,0,0,0,426.859,0,0,-457.827
"MtrElec",4,16,11,"",0,0,0,0,0,0,0,0,0,0,0,0,0,0,0,0,0,0,0,0,0,412.146,0,176.186,-588.331
"MtrElec",4,16,12,"",0.0000156,0,0,0,0,0,0,0,0,0,0,0,0,0,0,0,0,0,0,0,0,455.923,0,218.256,-674.179
"MtrElec",4,16,13,"",-112.815,0,0,0,0,0,0,0,0,0,0,0,0,0,0,0,0,0,0,0,0,394.611,0,223.217,-730.643
"MtrElec",4,16,14,"",-177.558,0,0,0,0,0,0,0,0,0,0,0,0,0,0,0,0,0,0,0,0,380.785,0,181.223,-739.566
"MtrElec",4,16,15,"",-310.65,0,0,0,0,0,0,0,0,0,0,0,0,0,0,0,0,0,0,0,0,372.558,0,0,-683.208
"MtrElec",4,16,16,"",-209.55,0,0,0,0,0,0,0,0,0,0,0,0,0,0,0,0,0,0,0,0,368.583,0,0,-578.133
"MtrElec",4,16,17,"",-46.0759,0,0,0,0,0,0,0,0,0,0,0,0,0,0,0,0,0,0,0,0,381.385,0,0,-427.461
"MtrElec",4,16,18,"",176.757,0,0,0,0,0,0,0,0,0,0,0,0,0,0,0,0,0,0,0,0,414.428,0,0,-237.671
"MtrElec",4,16,19,"",118.127,0,0,0,0,0,0,0,0,0,0,0,0,0,0,0,0,0,0,0,0,398.06,0,-223.217,-56.7169
"MtrElec",4,16,20,"",168.998,0,0,0,0,0,0,0,0,0,0,0,0,0,0,0,0,0,0,0,0,392.215,0,-223.217,0
"MtrElec",4,16,21,"",159.431,0,0,0,0,0,0,0,0,0,0,0,0,0,0,0,0,0,0,0,0,382.648,0,-223.217,0
"MtrElec",4,16,22,"",228.429,0,0,0,0,0,0,0,0,0,0,0,0,0,0,0,0,0,0,0,0,279.769,0,-51.3398,0
"MtrElec",4,16,23,"",276.273,0,0,0,0,0,0,0,0,0,0,0,0,0,0,0,0,0,0,0,0,276.273,0,0,0
"MtrElec",4,16,24,"",215.075,0,0,0,0,0,0,0,0,0,0,0,0,0,0,0,0,0,0,0,0,215.075,0,0,0
"MtrElec",4,17,1,"",193.688,0,0,0,0,0,0,0,0,0,0,0,0,0,0,0,0,0,0,0,0,193.688,0,0,0
"MtrElec",4,17,2,"",148.381,0,0,0,0,0,0,0,0,0,0,0,0,0,0,0,0,0,0,0,0,148.381,0,0,0
"MtrElec",4,17,3,"",143.498,0,0,0,0,0,0,0,0,0,0,0,0,0,0,0,0,0,0,0,0,143.498,0,0,0
"MtrElec",4,17,4,"",143.284,0,0,0,0,0,0,0,0,0,0,0,0,0,0,0,0,0,0,0,0,143.284,0,0,0
"MtrElec",4,17,5,"",139.607,0,0,0,0,0,0,0,0,0,0,0,0,0,0,0,0,0,0,0,0,139.607,0,0,0
"MtrElec",4,17,6,"",166.547,0,0,0,0,0,0,0,0,0,0,0,0,0,0,0,0,0,0,0,0,166.547,0,0,0
"MtrElec",4,17,7,"",241.753,0,0,0,0,0,0,0,0,0,0,0,0,0,0,0,0,0,0,0,0,251.057,0,0,-9.30454
"MtrElec",4,17,8,"",200.787,0,0,0,0,0,0,0,0,0,0,0,0,0,0,0,0,0,0,0,0,309.877,0,0,-109.09
"MtrElec",4,17,9,"",80.104,0,0,0,0,0,0,0,0,0,0,0,0,0,0,0,0,0,0,0,0,388.482,0,0,-308.378
"MtrElec",4,17,10,"",-117.628,0,0,0,0,0,0,0,0,0,0,0,0,0,0,0,0,0,0,0,0,373.892,0,0,-491.52
"MtrElec",4,17,11,"",0.0000156,0,0,0,0,0,0,0,0,0,0,0,0,0,0,0,0,0,0,0,0,409.307,0,206.809,-616.116
"MtrElec",4,17,12,"",-108.599,0,0,0,0,0,0,0,0,0,0,0,0,0,0,0,0,0,0,0,0,345.322,0,223.217,-677.138
"MtrElec",4,17,13,"",-53.0562,0,0,0,0,0,0,0,0,0,0,0,0,0,0,0,0,0,0,0,0,451.252,0,223.217,-727.525
"MtrElec",4,17,14,"",-260.992,0,0,0,0,0,0,0,0,0,0,0,0,0,0,0,0,0,0,0,0,323.929,0,145.638,-730.559
"MtrElec",4,17,15,"",-297.663,0,0,0,0,0,0,0,0,0,0,0,0,0,0,0,0,0,0,0,0,367.829,0,0,-665.492
"MtrElec",4,17,16,"",-198.733,0,0,0,0,0,0,0,0,0,0,0,0,0,0,0,0,0,0,0,0,369.999,0,0,-568.731
"MtrElec",4,17,17,"",-10.2698,0,0,0,0,0,0,0,0,0,0,0,0,0,0,0,0,0,0,0,0,416.981,0,0,-427.25
"MtrElec",4,17,18,"",153.83,0,0,0,0,0,0,0,0,0,0,0,0,0,0,0,0,0,0,0,0,389.68,0,0,-235.85
"MtrElec",4,17,19,"",144.633,0,0,0,0,0,0,0,0,0,0,0,0,0,0,0,0,0,0,0,0,423.679,0,-223.217,-55.8286
"MtrElec",4,17,20,"",144.441,0,0,0,0,0,0,0,0,0,0,0,0,0,0,0,0,0,0,0,0,367.658,0,-223.217,0
"MtrElec",4,17,21,"",174.158,0,0,0,0,0,0,0,0,0,0,0,0,0,0,0,0,0,0,0,0,397.374,0,-223.217,0
"MtrElec",4,17,22,"",232.414,0,0,0,0,0,0,0,0,0,0,0,0,0,0,0,0,0,0,0,0,283.754,0,-51.3398,0
"MtrElec",4,17,23,"",259.357,0,0,0,0,0,0,0,0,0,0,0,0,0,0,0,0,0,0,0,0,259.357,0,0,0
"MtrElec",4,17,24,"",185.199,0,0,0,0,0,0,0,0,0,0,0,0,0,0,0,0,0,0,0,0,185.199,0,0,0
"MtrElec",4,18,1,"",161.65,0,0,0,0,0,0,0,0,0,0,0,0,0,0,0,0,0,0,0,0,161.65,0,0,0
"MtrElec",4,18,2,"",157.172,0,0,0,0,0,0,0,0,0,0,0,0,0,0,0,0,0,0,0,0,157.172,0,0,0
"MtrElec",4,18,3,"",184.563,0,0,0,0,0,0,0,0,0,0,0,0,0,0,0,0,0,0,0,0,184.563,0,0,0
"MtrElec",4,18,4,"",148.109,0,0,0,0,0,0,0,0,0,0,0,0,0,0,0,0,0,0,0,0,148.109,0,0,0
"MtrElec",4,18,5,"",163.117,0,0,0,0,0,0,0,0,0,0,0,0,0,0,0,0,0,0,0,0,163.117,0,0,0
"MtrElec",4,18,6,"",148.691,0,0,0,0,0,0,0,0,0,0,0,0,0,0,0,0,0,0,0,0,148.691,0,0,0
"MtrElec",4,18,7,"",197.575,0,0,0,0,0,0,0,0,0,0,0,0,0,0,0,0,0,0,0,0,208.228,0,0,-10.653
"MtrElec",4,18,8,"",88.1118,0,0,0,0,0,0,0,0,0,0,0,0,0,0,0,0,0,0,0,0,196.458,0,0,-108.346
"MtrElec",4,18,9,"",-25.834,0,0,0,0,0,0,0,0,0,0,0,0,0,0,0,0,0,0,0,0,269.023,0,0,-294.857
"MtrElec",4,18,10,"",-100.124,0,0,0,0,0,0,0,0,0,0,0,0,0,0,0,0,0,0,0,0,364.976,0,0,-465.101
"MtrElec",4,18,11,"",0.0000078,0,0,0,0,0,0,0,0,0,0,0,0,0,0,0,0,0,0,0,0,499.159,0,91.9296,-591.088
"MtrElec",4,18,12,"",0,0,0,0,0,0,0,0,0,0,0,0,0,0,0,0,0,0,0,0,0,522.102,0,147.327,-669.429
"MtrElec",4,18,13,"",0,0,0,0,0,0,0,0,0,0,0,0,0,0,0,0,0,0,0,0,0,532.232,0,183.211,-715.444
"MtrElec",4,18,14,"",-20.671,0,0,0,0,0,0,0,0,0,0,0,0,0,0,0,0,0,0,0,0,460.148,0,223.217,-704.035
"MtrElec",4,18,15,"",-100.639,0,0,0,0,0,0,0,0,0,0,0,0,0,0,0,0,0,0,0,0,408.822,0,153.197,-662.658
"MtrElec",4,18,16,"",-149.821,0,0,0,0,0,0,0,0,0,0,0,0,0,0,0,0,0,0,0,0,416.527,0,0,-566.348
"MtrElec",4,18,17,"",26.5026,0,0,0,0,0,0,0,0,0,0,0,0,0,0,0,0,0,0,0,0,441.688,0,0,-415.185
"MtrElec",4,18,18,"",198.051,0,0,0,0,0,0,0,0,0,0,0,0,0,0,0,0,0,0,0,0,426.685,0,0,-228.634
"MtrElec",4,18,19,"",217.591,0,0,0,0,0,0,0,0,0,0,0,0,0,0,0,0,0,0,0,0,499.633,0,-223.217,-58.8246
"MtrElec",4,18,20,"",198.889,0,0,0,0,0,0,0,0,0,0,0,0,0,0,0,0,0,0,0,0,422.106,0,-223.217,0
"MtrElec",4,18,21,"",138.688,0,0,0,0,0,0,0,0,0,0,0,0,0,0,0,0,0,0,0,0,361.905,0,-223.217,0
"MtrElec",4,18,22,"",298.039,0,0,0,0,0,0,0,0,0,0,0,0,0,0,0,0,0,0,0,0,349.379,0,-51.3398,0
"MtrElec",4,18,23,"",244.643,0,0,0,0,0,0,0,0,0,0,0,0,0,0,0,0,0,0,0,0,244.643,0,0,0
"MtrElec",4,18,24,"",206.21,0,0,0,0,0,0,0,0,0,0,0,0,0,0,0,0,0,0,0,0,206.21,0,0,0
"MtrElec",4,19,1,"",160.054,0,0,0,0,0,0,0,0,0,0,0,0,0,0,0,0,0,0,0,0,160.054,0,0,0
"MtrElec",4,19,2,"",147.004,0,0,0,0,0,0,0,0,0,0,0,0,0,0,0,0,0,0,0,0,147.004,0,0,0
"MtrElec",4,19,3,"",147.327,0,0,0,0,0,0,0,0,0,0,0,0,0,0,0,0,0,0,0,0,147.327,0,0,0
"MtrElec",4,19,4,"",166.846,0,0,0,0,0,0,0,0,0,0,0,0,0,0,0,0,0,0,0,0,166.846,0,0,0
"MtrElec",4,19,5,"",170.482,0,0,0,0,0,0,0,0,0,0,0,0,0,0,0,0,0,0,0,0,170.482,0,0,0
"MtrElec",4,19,6,"",142.479,0,0,0,0,0,0,0,0,0,0,0,0,0,0,0,0,0,0,0,0,142.479,0,0,0
"MtrElec",4,19,7,"",140.16,0,0,0,0,0,0,0,0,0,0,0,0,0,0,0,0,0,0,0,0,153.008,0,0,-12.8483
"MtrElec",4,19,8,"",146.601,0,0,0,0,0,0,0,0,0,0,0,0,0,0,0,0,0,0,0,0,257.313,0,0,-110.712
"MtrElec",4,19,9,"",-20.3178,0,0,0,0,0,0,0,0,0,0,0,0,0,0,0,0,0,0,0,0,216.902,0,0,-237.22
"MtrElec",4,19,10,"",-29.8402,0,0,0,0,0,0,0,0,0,0,0,0,0,0,0,0,0,0,0,0,287.92,0,0,-317.76
"MtrElec",4,19,11,"",37.7292,0,0,0,0,0,0,0,0,0,0,0,0,0,0,0,0,0,0,0,0,422.109,0,0,-384.38
"MtrElec",4,19,12,"",-10.3383,0,0,0,0,0,0,0,0,0,0,0,0,0,0,0,0,0,0,0,0,372.899,0,223.217,-606.454
"MtrElec",4,19,13,"",-99.7498,0,0,0,0,0,0,0,0,0,0,0,0,0,0,0,0,0,0,0,0,377.891,0,223.217,-700.858
"MtrElec",4,19,14,"",-156.205,0,0,0,0,0,0,0,0,0,0,0,0,0,0,0,0,0,0,0,0,320.351,0,223.217,-699.773
"MtrElec",4,19,15,"",-168.227,0,0,0,0,0,0,0,0,0,0,0,0,0,0,0,0,0,0,0,0,375.236,0,129.231,-672.694
"MtrElec",4,19,16,"",-245.023,0,0,0,0,0,0,0,0,0,0,0,0,0,0,0,0,0,0,0,0,325.495,0,0,-570.519
"MtrElec",4,19,17,"",-100.346,0,0,0,0,0,0,0,0,0,0,0,0,0,0,0,0,0,0,0,0,325.695,0,0,-426.042
"MtrElec",4,19,18,"",90.4585,0,0,0,0,0,0,0,0,0,0,0,0,0,0,0,0,0,0,0,0,329.094,0,0,-238.636
"MtrElec",4,19,19,"",89.3271,0,0,0,0,0,0,0,0,0,0,0,0,0,0,0,0,0,0,0,0,369.876,0,-223.217,-57.332
"MtrElec",4,19,20,"",76.7887,0,0,0,0,0,0,0,0,0,0,0,0,0,0,0,0,0,0,0,0,300.006,0,-223.217,0
"MtrElec",4,19,21,"",99.6716,0,0,0,0,0,0,0,0,0,0,0,0,0,0,0,0,0,0,0,0,322.888,0,-223.217,0
"MtrElec",4,19,22,"",214.36,0,0,0,0,0,0,0,0,0,0,0,0,0,0,0,0,0,0,0,0,265.7,0,-51.3398,0
"MtrElec",4,19,23,"",256.131,0,0,0,0,0,0,0,0,0,0,0,0,0,0,0,0,0,0,0,0,256.131,0,0,0
"MtrElec",4,19,24,"",212.811,0,0,0,0,0,0,0,0,0,0,0,0,0,0,0,0,0,0,0,0,212.811,0,0,0
"MtrElec",4,20,1,"",165.717,0,0,0,0,0,0,0,0,0,0,0,0,0,0,0,0,0,0,0,0,165.717,0,0,0
"MtrElec",4,20,2,"",147.58,0,0,0,0,0,0,0,0,0,0,0,0,0,0,0,0,0,0,0,0,147.58,0,0,0
"MtrElec",4,20,3,"",166.12,0,0,0,0,0,0,0,0,0,0,0,0,0,0,0,0,0,0,0,0,166.12,0,0,0
"MtrElec",4,20,4,"",160.404,0,0,0,0,0,0,0,0,0,0,0,0,0,0,0,0,0,0,0,0,160.404,0,0,0
"MtrElec",4,20,5,"",141.113,0,0,0,0,0,0,0,0,0,0,0,0,0,0,0,0,0,0,0,0,141.113,0,0,0
"MtrElec",4,20,6,"",147.94,0,0,0,0,0,0,0,0,0,0,0,0,0,0,0,0,0,0,0,0,147.94,0,0,0
"MtrElec",4,20,7,"",221.013,0,0,0,0,0,0,0,0,0,0,0,0,0,0,0,0,0,0,0,0,231.451,0,0,-10.4379
"MtrElec",4,20,8,"",193.132,0,0,0,0,0,0,0,0,0,0,0,0,0,0,0,0,0,0,0,0,286.767,0,0,-93.6356
"MtrElec",4,20,9,"",134.994,0,0,0,0,0,0,0,0,0,0,0,0,0,0,0,0,0,0,0,0,348.734,0,0,-213.741
"MtrElec",4,20,10,"",-50.776,0,0,0,0,0,0,0,0,0,0,0,0,0,0,0,0,0,0,0,0,396.665,0,0,-447.441
"MtrElec",4,20,11,"",0,0,0,0,0,0,0,0,0,0,0,0,0,0,0,0,0,0,0,0,0,386.166,0,203.563,-589.728
"MtrElec",4,20,12,"",-71.5746,0,0,0,0,0,0,0,0,0,0,0,0,0,0,0,0,0,0,0,0,385.879,0,223.217,-680.67
"MtrElec",4,20,13,"",-69.7703,0,0,0,0,0,0,0,0,0,0,0,0,0,0,0,0,0,0,0,0,416.708,0,223.217,-709.695
"MtrElec",4,20,14,"",-177.203,0,0,0,0,0,0,0,0,0,0,0,0,0,0,0,0,0,0,0,0,388.964,0,148.885,-715.052
"MtrElec",4,20,15,"",-276.432,0,0,0,0,0,0,0,0,0,0,0,0,0,0,0,0,0,0,0,0,394.604,0,0,-671.035
"MtrElec",4,20,16,"",-164.775,0,0,0,0,0,0,0,0,0,0,0,0,0,0,0,0,0,0,0,0,396.607,0,0,-561.382
"MtrElec",4,20,17,"",-1.64825,0,0,0,0,0,0,0,0,0,0,0,0,0,0,0,0,0,0,0,0,419.304,0,0,-420.952
"MtrElec",4,20,18,"",146.792,0,0,0,0,0,0,0,0,0,0,0,0,0,0,0,0,0,0,0,0,381.777,0,0,-234.985
"MtrElec",4,20,19,"",112.37,0,0,0,0,0,0,0,0,0,0,0,0,0,0,0,0,0,0,0,0,390.884,0,-223.217,-55.2975
"MtrElec",4,20,20,"",133.959,0,0,0,0,0,0,0,0,0,0,0,0,0,0,0,0,0,0,0,0,357.176,0,-223.217,0
"MtrElec",4,20,21,"",199.012,0,0,0,0,0,0,0,0,0,0,0,0,0,0,0,0,0,0,0,0,422.228,0,-223.217,0
"MtrElec",4,20,22,"",207.826,0,0,0,0,0,0,0,0,0,0,0,0,0,0,0,0,0,0,0,0,259.165,0,-51.3398,0
"MtrElec",4,20,23,"",291.747,0,0,0,0,0,0,0,0,0,0,0,0,0,0,0,0,0,0,0,0,291.747,0,0,0
"MtrElec",4,20,24,"",214.696,0,0,0,0,0,0,0,0,0,0,0,0,0,0,0,0,0,0,0,0,214.696,0,0,0
"MtrElec",4,21,1,"",189.804,0,0,0,0,0,0,0,0,0,0,0,0,0,0,0,0,0,0,0,0,189.804,0,0,0
"MtrElec",4,21,2,"",148.754,0,0,0,0,0,0,0,0,0,0,0,0,0,0,0,0,0,0,0,0,148.754,0,0,0
"MtrElec",4,21,3,"",141.001,0,0,0,0,0,0,0,0,0,0,0,0,0,0,0,0,0,0,0,0,141.001,0,0,0
"MtrElec",4,21,4,"",141.965,0,0,0,0,0,0,0,0,0,0,0,0,0,0,0,0,0,0,0,0,141.965,0,0,0
"MtrElec",4,21,5,"",140.602,0,0,0,0,0,0,0,0,0,0,0,0,0,0,0,0,0,0,0,0,140.602,0,0,0
"MtrElec",4,21,6,"",208.627,0,0,0,0,0,0,0,0,0,0,0,0,0,0,0,0,0,0,0,0,208.627,0,0,0
"MtrElec",4,21,7,"",178.578,0,0,0,0,0,0,0,0,0,0,0,0,0,0,0,0,0,0,0,0,189.431,0,0,-10.8528
"MtrElec",4,21,8,"",186.607,0,0,0,0,0,0,0,0,0,0,0,0,0,0,0,0,0,0,0,0,299.493,0,0,-112.886
"MtrElec",4,21,9,"",62.0125,0,0,0,0,0,0,0,0,0,0,0,0,0,0,0,0,0,0,0,0,360.639,0,0,-298.627
"MtrElec",4,21,10,"",-61.368,0,0,0,0,0,0,0,0,0,0,0,0,0,0,0,0,0,0,0,0,399.087,0,0,-460.455
"MtrElec",4,21,11,"",0.0000156,0,0,0,0,0,0,0,0,0,0,0,0,0,0,0,0,0,0,0,0,422.672,0,154.782,-577.453
"MtrElec",4,21,12,"",0,0,0,0,0,0,0,0,0,0,0,0,0,0,0,0,0,0,0,0,0,426.913,0,219.216,-646.129
"MtrElec",4,21,13,"",0.0000156,0,0,0,0,0,0,0,0,0,0,0,0,0,0,0,0,0,0,0,0,493.563,0,189.563,-683.126
"MtrElec",4,21,14,"",-115.735,0,0,0,0,0,0,0,0,0,0,0,0,0,0,0,0,0,0,0,0,358.947,0,223.217,-697.899
"MtrElec",4,21,15,"",-232.726,0,0,0,0,0,0,0,0,0,0,0,0,0,0,0,0,0,0,0,0,397.91,0,12.1039,-642.74
"MtrElec",4,21,16,"",-79.0243,0,0,0,0,0,0,0,0,0,0,0,0,0,0,0,0,0,0,0,0,366.007,0,0,-445.031
"MtrElec",4,21,17,"",150.518,0,0,0,0,0,0,0,0,0,0,0,0,0,0,0,0,0,0,0,0,413.957,0,0,-263.439
"MtrElec",4,21,18,"",256.311,0,0,0,0,0,0,0,0,0,0,0,0,0,0,0,0,0,0,0,0,440.47,0,0,-184.159
"MtrElec",4,21,19,"",128.675,0,0,0,0,0,0,0,0,0,0,0,0,0,0,0,0,0,0,0,0,404.99,0,-223.217,-53.0987
"MtrElec",4,21,20,"",209.367,0,0,0,0,0,0,0,0,0,0,0,0,0,0,0,0,0,0,0,0,432.584,0,-223.217,0
"MtrElec",4,21,21,"",128.96,0,0,0,0,0,0,0,0,0,0,0,0,0,0,0,0,0,0,0,0,352.177,0,-223.217,0
"MtrElec",4,21,22,"",256.846,0,0,0,0,0,0,0,0,0,0,0,0,0,0,0,0,0,0,0,0,308.185,0,-51.3398,0
"MtrElec",4,21,23,"",288.467,0,0,0,0,0,0,0,0,0,0,0,0,0,0,0,0,0,0,0,0,288.467,0,0,0
"MtrElec",4,21,24,"",196.066,0,0,0,0,0,0,0,0,0,0,0,0,0,0,0,0,0,0,0,0,196.066,0,0,0
"MtrElec",4,22,1,"",161.506,0,0,0,0,0,0,0,0,0,0,0,0,0,0,0,0,0,0,0,0,161.506,0,0,0
"MtrElec",4,22,2,"",161.839,0,0,0,0,0,0,0,0,0,0,0,0,0,0,0,0,0,0,0,0,161.839,0,0,0
"MtrElec",4,22,3,"",175.077,0,0,0,0,0,0,0,0,0,0,0,0,0,0,0,0,0,0,0,0,175.077,0,0,0
"MtrElec",4,22,4,"",153.687,0,0,0,0,0,0,0,0,0,0,0,0,0,0,0,0,0,0,0,0,153.687,0,0,0
"MtrElec",4,22,5,"",144.77,0,0,0,0,0,0,0,0,0,0,0,0,0,0,0,0,0,0,0,0,144.77,0,0,0
"MtrElec",4,22,6,"",149.532,0,0,0,0,0,0,0,0,0,0,0,0,0,0,0,0,0,0,0,0,149.532,0,0,0
"MtrElec",4,22,7,"",245.407,0,0,0,0,0,0,0,0,0,0,0,0,0,0,0,0,0,0,0,0,256.09,0,0,-10.6826
"MtrElec",4,22,8,"",196.366,0,0,0,0,0,0,0,0,0,0,0,0,0,0,0,0,0,0,0,0,308.248,0,0,-111.882
"MtrElec",4,22,9,"",40.9343,0,0,0,0,0,0,0,0,0,0,0,0,0,0,0,0,0,0,0,0,334.518,0,0,-293.584
"MtrElec",4,22,10,"",-44.3187,0,0,0,0,0,0,0,0,0,0,0,0,0,0,0,0,0,0,0,0,408.239,0,0,-452.557
"MtrElec",4,22,11,"",0,0,0,0,0,0,0,0,0,0,0,0,0,0,0,0,0,0,0,0,0,417.779,0,151.465,-569.245
"MtrElec",4,22,12,"",-40.3708,0,0,0,0,0,0,0,0,0,0,0,0,0,0,0,0,0,0,0,0,396.869,0,223.217,-660.457
"MtrElec",4,22,13,"",-49.2837,0,0,0,0,0,0,0,0,0,0,0,0,0,0,0,0,0,0,0,0,424.32,0,223.217,-696.821
"MtrElec",4,22,14,"",-89.9607,0,0,0,0,0,0,0,0,0,0,0,0,0,0,0,0,0,0,0,0,387.012,0,200.982,-677.955
"MtrElec",4,22,15,"",-255.307,0,0,0,0,0,0,0,0,0,0,0,0,0,0,0,0,0,0,0,0,383.999,0,0,-639.306
"MtrElec",4,22,16,"",-149.827,0,0,0,0,0,0,0,0,0,0,0,0,0,0,0,0,0,0,0,0,402.008,0,0,-551.835
"MtrElec",4,22,17,"",6.23841,0,0,0,0,0,0,0,0,0,0,0,0,0,0,0,0,0,0,0,0,417.868,0,0,-411.629
"MtrElec",4,22,18,"",211.346,0,0,0,0,0,0,0,0,0,0,0,0,0,0,0,0,0,0,0,0,443.182,0,0,-231.837
"MtrElec",4,22,19,"",173.456,0,0,0,0,0,0,0,0,0,0,0,0,0,0,0,0,0,0,0,0,450.904,0,-223.217,-54.2313
"MtrElec",4,22,20,"",174.799,0,0,0,0,0,0,0,0,0,0,0,0,0,0,0,0,0,0,0,0,398.016,0,-223.217,0
"MtrElec",4,22,21,"",209.524,0,0,0,0,0,0,0,0,0,0,0,0,0,0,0,0,0,0,0,0,432.741,0,-223.217,0
"MtrElec",4,22,22,"",213.406,0,0,0,0,0,0,0,0,0,0,0,0,0,0,0,0,0,0,0,0,264.746,0,-51.3398,0
"MtrElec",4,22,23,"",272.804,0,0,0,0,0,0,0,0,0,0,0,0,0,0,0,0,0,0,0,0,272.804,0,0,0
"MtrElec",4,22,24,"",184.58,0,0,0,0,0,0,0,0,0,0,0,0,0,0,0,0,0,0,0,0,184.58,0,0,0
"MtrElec",4,23,1,"",152.965,0,0,0,0,0,0,0,0,0,0,0,0,0,0,0,0,0,0,0,0,152.965,0,0,0
"MtrElec",4,23,2,"",148.383,0,0,0,0,0,0,0,0,0,0,0,0,0,0,0,0,0,0,0,0,148.383,0,0,0
"MtrElec",4,23,3,"",164.915,0,0,0,0,0,0,0,0,0,0,0,0,0,0,0,0,0,0,0,0,164.915,0,0,0
"MtrElec",4,23,4,"",170.395,0,0,0,0,0,0,0,0,0,0,0,0,0,0,0,0,0,0,0,0,170.395,0,0,0
"MtrElec",4,23,5,"",139.66,0,0,0,0,0,0,0,0,0,0,0,0,0,0,0,0,0,0,0,0,139.66,0,0,0
"MtrElec",4,23,6,"",152.432,0,0,0,0,0,0,0,0,0,0,0,0,0,0,0,0,0,0,0,0,152.432,0,0,0
"MtrElec",4,23,7,"",260.2,0,0,0,0,0,0,0,0,0,0,0,0,0,0,0,0,0,0,0,0,263.69,0,0,-3.48975
"MtrElec",4,23,8,"",254.983,0,0,0,0,0,0,0,0,0,0,0,0,0,0,0,0,0,0,0,0,293.655,0,0,-38.6721
"MtrElec",4,23,9,"",270.58,0,0,0,0,0,0,0,0,0,0,0,0,0,0,0,0,0,0,0,0,365.986,0,0,-95.406
"MtrElec",4,23,10,"",102.727,0,0,0,0,0,0,0,0,0,0,0,0,0,0,0,0,0,0,0,0,448.464,0,0,-345.737
"MtrElec",4,23,11,"",0,0,0,0,0,0,0,0,0,0,0,0,0,0,0,0,0,0,0,0,0,430.588,0,159.454,-590.042
"MtrElec",4,23,12,"",0,0,0,0,0,0,0,0,0,0,0,0,0,0,0,0,0,0,0,0,0,438.501,0,219.551,-658.051
"MtrElec",4,23,13,"",-39.5124,0,0,0,0,0,0,0,0,0,0,0,0,0,0,0,0,0,0,0,0,436.921,0,223.217,-699.65
"MtrElec",4,23,14,"",-80.5242,0,0,0,0,0,0,0,0,0,0,0,0,0,0,0,0,0,0,0,0,412.77,0,196.66,-689.954
"MtrElec",4,23,15,"",-284.956,0,0,0,0,0,0,0,0,0,0,0,0,0,0,0,0,0,0,0,0,362.724,0,0,-647.68
"MtrElec",4,23,16,"",-133.751,0,0,0,0,0,0,0,0,0,0,0,0,0,0,0,0,0,0,0,0,414.237,0,0,-547.988
"MtrElec",4,23,17,"",-11.2478,0,0,0,0,0,0,0,0,0,0,0,0,0,0,0,0,0,0,0,0,386.8,0,0,-398.048
"MtrElec",4,23,18,"",212.563,0,0,0,0,0,0,0,0,0,0,0,0,0,0,0,0,0,0,0,0,432.021,0,0,-219.458
"MtrElec",4,23,19,"",106.725,0,0,0,0,0,0,0,0,0,0,0,0,0,0,0,0,0,0,0,0,385.746,0,-223.217,-55.8042
"MtrElec",4,23,20,"",201.148,0,0,0,0,0,0,0,0,0,0,0,0,0,0,0,0,0,0,0,0,424.364,0,-223.217,0
"MtrElec",4,23,21,"",161.11,0,0,0,0,0,0,0,0,0,0,0,0,0,0,0,0,0,0,0,0,384.326,0,-223.217,0
"MtrElec",4,23,22,"",268.973,0,0,0,0,0,0,0,0,0,0,0,0,0,0,0,0,0,0,0,0,320.313,0,-51.3398,0
"MtrElec",4,23,23,"",269.052,0,0,0,0,0,0,0,0,0,0,0,0,0,0,0,0,0,0,0,0,269.052,0,0,0
"MtrElec",4,23,24,"",232.102,0,0,0,0,0,0,0,0,0,0,0,0,0,0,0,0,0,0,0,0,232.102,0,0,0
"MtrElec",4,24,1,"",172.531,0,0,0,0,0,0,0,0,0,0,0,0,0,0,0,0,0,0,0,0,172.531,0,0,0
"MtrElec",4,24,2,"",148.087,0,0,0,0,0,0,0,0,0,0,0,0,0,0,0,0,0,0,0,0,148.087,0,0,0
"MtrElec",4,24,3,"",143.895,0,0,0,0,0,0,0,0,0,0,0,0,0,0,0,0,0,0,0,0,143.895,0,0,0
"MtrElec",4,24,4,"",143.922,0,0,0,0,0,0,0,0,0,0,0,0,0,0,0,0,0,0,0,0,143.922,0,0,0
"MtrElec",4,24,5,"",142.128,0,0,0,0,0,0,0,0,0,0,0,0,0,0,0,0,0,0,0,0,142.128,0,0,0
"MtrElec",4,24,6,"",189.924,0,0,0,0,0,0,0,0,0,0,0,0,0,0,0,0,0,0,0,0,189.924,0,0,0
"MtrElec",4,24,7,"",218.975,0,0,0,0,0,0,0,0,0,0,0,0,0,0,0,0,0,0,0,0,230.384,0,0,-11.4095
"MtrElec",4,24,8,"",233.426,0,0,0,0,0,0,0,0,0,0,0,0,0,0,0,0,0,0,0,0,314.688,0,0,-81.2624
"MtrElec",4,24,9,"",174.395,0,0,0,0,0,0,0,0,0,0,0,0,0,0,0,0,0,0,0,0,362.96,0,0,-188.564
"MtrElec",4,24,10,"",3.06437,0,0,0,0,0,0,0,0,0,0,0,0,0,0,0,0,0,0,0,0,424.429,0,0,-421.365
"MtrElec",4,24,11,"",0.0000156,0,0,0,0,0,0,0,0,0,0,0,0,0,0,0,0,0,0,0,0,426.982,0,141.489,-568.47
"MtrElec",4,24,12,"",0,0,0,0,0,0,0,0,0,0,0,0,0,0,0,0,0,0,0,0,0,414.711,0,220.631,-635.343
"MtrElec",4,24,13,"",-59.4379,0,0,0,0,0,0,0,0,0,0,0,0,0,0,0,0,0,0,0,0,405.55,0,223.217,-688.205
"MtrElec",4,24,14,"",-97.3049,0,0,0,0,0,0,0,0,0,0,0,0,0,0,0,0,0,0,0,0,387.848,0,213.544,-698.697
"MtrElec",4,24,15,"",-298.655,0,0,0,0,0,0,0,0,0,0,0,0,0,0,0,0,0,0,0,0,372.288,0,0,-670.943
"MtrElec",4,24,16,"",-178.001,0,0,0,0,0,0,0,0,0,0,0,0,0,0,0,0,0,0,0,0,389.206,0,0,-567.206
"MtrElec",4,24,17,"",-18.593,0,0,0,0,0,0,0,0,0,0,0,0,0,0,0,0,0,0,0,0,398.33,0,0,-416.923
"MtrElec",4,24,18,"",215.389,0,0,0,0,0,0,0,0,0,0,0,0,0,0,0,0,0,0,0,0,436.942,0,0,-221.552
"MtrElec",4,24,19,"",138.379,0,0,0,0,0,0,0,0,0,0,0,0,0,0,0,0,0,0,0,0,416.909,0,-223.217,-55.3134
"MtrElec",4,24,20,"",144.049,0,0,0,0,0,0,0,0,0,0,0,0,0,0,0,0,0,0,0,0,367.266,0,-223.217,0
"MtrElec",4,24,21,"",198.012,0,0,0,0,0,0,0,0,0,0,0,0,0,0,0,0,0,0,0,0,421.229,0,-223.217,0
"MtrElec",4,24,22,"",233.561,0,0,0,0,0,0,0,0,0,0,0,0,0,0,0,0,0,0,0,0,284.9,0,-51.3398,0
"MtrElec",4,24,23,"",195.283,0,0,0,0,0,0,0,0,0,0,0,0,0,0,0,0,0,0,0,0,195.283,0,0,0
"MtrElec",4,24,24,"",230.075,0,0,0,0,0,0,0,0,0,0,0,0,0,0,0,0,0,0,0,0,230.075,0,0,0
"MtrElec",4,25,1,"",179.236,0,0,0,0,0,0,0,0,0,0,0,0,0,0,0,0,0,0,0,0,179.236,0,0,0
"MtrElec",4,25,2,"",147.907,0,0,0,0,0,0,0,0,0,0,0,0,0,0,0,0,0,0,0,0,147.907,0,0,0
"MtrElec",4,25,3,"",144.846,0,0,0,0,0,0,0,0,0,0,0,0,0,0,0,0,0,0,0,0,144.846,0,0,0
"MtrElec",4,25,4,"",146.289,0,0,0,0,0,0,0,0,0,0,0,0,0,0,0,0,0,0,0,0,146.289,0,0,0
"MtrElec",4,25,5,"",148.757,0,0,0,0,0,0,0,0,0,0,0,0,0,0,0,0,0,0,0,0,148.757,0,0,0
"MtrElec",4,25,6,"",150.026,0,0,0,0,0,0,0,0,0,0,0,0,0,0,0,0,0,0,0,0,150.026,0,0,0
"MtrElec",4,25,7,"",197.027,0,0,0,0,0,0,0,0,0,0,0,0,0,0,0,0,0,0,0,0,209.912,0,0,-12.8849
"MtrElec",4,25,8,"",95.075,0,0,0,0,0,0,0,0,0,0,0,0,0,0,0,0,0,0,0,0,214.202,0,0,-119.127
"MtrElec",4,25,9,"",-17.439,0,0,0,0,0,0,0,0,0,0,0,0,0,0,0,0,0,0,0,0,286.578,0,0,-304.017
"MtrElec",4,25,10,"",-92.4799,0,0,0,0,0,0,0,0,0,0,0,0,0,0,0,0,0,0,0,0,367.986,0,0,-460.466
"MtrElec",4,25,11,"",0.0000078,0,0,0,0,0,0,0,0,0,0,0,0,0,0,0,0,0,0,0,0,489.256,0,104.899,-594.156
"MtrElec",4,25,12,"",-19.0669,0,0,0,0,0,0,0,0,0,0,0,0,0,0,0,0,0,0,0,0,428.387,0,223.217,-670.671
"MtrElec",4,25,13,"",-38.7004,0,0,0,0,0,0,0,0,0,0,0,0,0,0,0,0,0,0,0,0,443.445,0,223.217,-705.362
"MtrElec",4,25,14,"",-64.8005,0,0,0,0,0,0,0,0,0,0,0,0,0,0,0,0,0,0,0,0,407.218,0,223.217,-695.236
"MtrElec",4,25,15,"",-236.928,0,0,0,0,0,0,0,0,0,0,0,0,0,0,0,0,0,0,0,0,380.365,0,24.3315,-641.624
"MtrElec",4,25,16,"",-141.701,0,0,0,0,0,0,0,0,0,0,0,0,0,0,0,0,0,0,0,0,408.314,0,0,-550.015
"MtrElec",4,25,17,"",-4.53078,0,0,0,0,0,0,0,0,0,0,0,0,0,0,0,0,0,0,0,0,403.902,0,0,-408.433
"MtrElec",4,25,18,"",185.809,0,0,0,0,0,0,0,0,0,0,0,0,0,0,0,0,0,0,0,0,415.527,0,0,-229.718
"MtrElec",4,25,19,"",176.955,0,0,0,0,0,0,0,0,0,0,0,0,0,0,0,0,0,0,0,0,458.964,0,-223.217,-58.792
"MtrElec",4,25,20,"",171.186,0,0,0,0,0,0,0,0,0,0,0,0,0,0,0,0,0,0,0,0,394.402,0,-223.217,0
"MtrElec",4,25,21,"",137.955,0,0,0,0,0,0,0,0,0,0,0,0,0,0,0,0,0,0,0,0,361.172,0,-223.217,0
"MtrElec",4,25,22,"",332.082,0,0,0,0,0,0,0,0,0,0,0,0,0,0,0,0,0,0,0,0,383.422,0,-51.3398,0
"MtrElec",4,25,23,"",202.992,0,0,0,0,0,0,0,0,0,0,0,0,0,0,0,0,0,0,0,0,202.992,0,0,0
"MtrElec",4,25,24,"",235.685,0,0,0,0,0,0,0,0,0,0,0,0,0,0,0,0,0,0,0,0,235.685,0,0,0
"MtrElec",4,26,1,"",152.477,0,0,0,0,0,0,0,0,0,0,0,0,0,0,0,0,0,0,0,0,152.477,0,0,0
"MtrElec",4,26,2,"",151.145,0,0,0,0,0,0,0,0,0,0,0,0,0,0,0,0,0,0,0,0,151.145,0,0,0
"MtrElec",4,26,3,"",146.495,0,0,0,0,0,0,0,0,0,0,0,0,0,0,0,0,0,0,0,0,146.495,0,0,0
"MtrElec",4,26,4,"",190.078,0,0,0,0,0,0,0,0,0,0,0,0,0,0,0,0,0,0,0,0,190.078,0,0,0
"MtrElec",4,26,5,"",157.174,0,0,0,0,0,0,0,0,0,0,0,0,0,0,0,0,0,0,0,0,157.174,0,0,0
"MtrElec",4,26,6,"",145.388,0,0,0,0,0,0,0,0,0,0,0,0,0,0,0,0,0,0,0,0,145.388,0,0,0
"MtrElec",4,26,7,"",140.141,0,0,0,0,0,0,0,0,0,0,0,0,0,0,0,0,0,0,0,0,153.453,0,0,-13.3115
"MtrElec",4,26,8,"",165.445,0,0,0,0,0,0,0,0,0,0,0,0,0,0,0,0,0,0,0,0,255.788,0,0,-90.3431
"MtrElec",4,26,9,"",50.3784,0,0,0,0,0,0,0,0,0,0,0,0,0,0,0,0,0,0,0,0,251.716,0,0,-201.337
"MtrElec",4,26,10,"",-136.639,0,0,0,0,0,0,0,0,0,0,0,0,0,0,0,0,0,0,0,0,305.175,0,0,-441.814
"MtrElec",4,26,11,"",0.0000156,0,0,0,0,0,0,0,0,0,0,0,0,0,0,0,0,0,0,0,0,410.62,0,168.242,-578.862
"MtrElec",4,26,12,"",-35.0325,0,0,0,0,0,0,0,0,0,0,0,0,0,0,0,0,0,0,0,0,393.949,0,223.217,-652.198
"MtrElec",4,26,13,"",-102.317,0,0,0,0,0,0,0,0,0,0,0,0,0,0,0,0,0,0,0,0,382.194,0,223.217,-707.727
"MtrElec",4,26,14,"",-176.355,0,0,0,0,0,0,0,0,0,0,0,0,0,0,0,0,0,0,0,0,351.59,0,184.206,-712.151
"MtrElec",4,26,15,"",-289.662,0,0,0,0,0,0,0,0,0,0,0,0,0,0,0,0,0,0,0,0,363.441,0,0,-653.103
"MtrElec",4,26,16,"",-180.544,0,0,0,0,0,0,0,0,0,0,0,0,0,0,0,0,0,0,0,0,362.69,0,0,-543.234
"MtrElec",4,26,17,"",-55.001,0,0,0,0,0,0,0,0,0,0,0,0,0,0,0,0,0,0,0,0,351.983,0,0,-406.984
"MtrElec",4,26,18,"",98.1541,0,0,0,0,0,0,0,0,0,0,0,0,0,0,0,0,0,0,0,0,329.679,0,0,-231.525
"MtrElec",4,26,19,"",105.922,0,0,0,0,0,0,0,0,0,0,0,0,0,0,0,0,0,0,0,0,388.069,0,-223.217,-58.9303
"MtrElec",4,26,20,"",104.385,0,0,0,0,0,0,0,0,0,0,0,0,0,0,0,0,0,0,0,0,328.118,0,-223.217,-0.516003
"MtrElec",4,26,21,"",100.79,0,0,0,0,0,0,0,0,0,0,0,0,0,0,0,0,0,0,0,0,324.007,0,-223.217,0
"MtrElec",4,26,22,"",284.618,0,0,0,0,0,0,0,0,0,0,0,0,0,0,0,0,0,0,0,0,335.958,0,-51.3398,0
"MtrElec",4,26,23,"",194.725,0,0,0,0,0,0,0,0,0,0,0,0,0,0,0,0,0,0,0,0,194.725,0,0,0
"MtrElec",4,26,24,"",196.4,0,0,0,0,0,0,0,0,0,0,0,0,0,0,0,0,0,0,0,0,196.4,0,0,0
"MtrElec",4,27,1,"",190.938,0,0,0,0,0,0,0,0,0,0,0,0,0,0,0,0,0,0,0,0,190.938,0,0,0
"MtrElec",4,27,2,"",149.719,0,0,0,0,0,0,0,0,0,0,0,0,0,0,0,0,0,0,0,0,149.719,0,0,0
"MtrElec",4,27,3,"",144.179,0,0,0,0,0,0,0,0,0,0,0,0,0,0,0,0,0,0,0,0,144.179,0,0,0
"MtrElec",4,27,4,"",153.625,0,0,0,0,0,0,0,0,0,0,0,0,0,0,0,0,0,0,0,0,153.625,0,0,0
"MtrElec",4,27,5,"",147.307,0,0,0,0,0,0,0,0,0,0,0,0,0,0,0,0,0,0,0,0,147.307,0,0,0
"MtrElec",4,27,6,"",160.826,0,0,0,0,0,0,0,0,0,0,0,0,0,0,0,0,0,0,0,0,160.826,0,0,0
"MtrElec",4,27,7,"",253.06,0,0,0,0,0,0,0,0,0,0,0,0,0,0,0,0,0,0,0,0,254.296,0,0,-1.23586
"MtrElec",4,27,8,"",262.351,0,0,0,0,0,0,0,0,0,0,0,0,0,0,0,0,0,0,0,0,289.713,0,0,-27.3623
"MtrElec",4,27,9,"",276.462,0,0,0,0,0,0,0,0,0,0,0,0,0,0,0,0,0,0,0,0,344.172,0,0,-67.71
"MtrElec",4,27,10,"",136.753,0,0,0,0,0,0,0,0,0,0,0,0,0,0,0,0,0,0,0,0,374.39,0,0,-237.637
"MtrElec",4,27,11,"",0,0,0,0,0,0,0,0,0,0,0,0,0,0,0,0,0,0,0,0,0,397.33,0,168.893,-566.223
"MtrElec",4,27,12,"",-77.6301,0,0,0,0,0,0,0,0,0,0,0,0,0,0,0,0,0,0,0,0,367.822,0,223.217,-668.669
"MtrElec",4,27,13,"",-113.932,0,0,0,0,0,0,0,0,0,0,0,0,0,0,0,0,0,0,0,0,380.935,0,223.217,-718.084
"MtrElec",4,27,14,"",-187.313,0,0,0,0,0,0,0,0,0,0,0,0,0,0,0,0,0,0,0,0,346.643,0,183.555,-717.511
"MtrElec",4,27,15,"",-308.909,0,0,0,0,0,0,0,0,0,0,0,0,0,0,0,0,0,0,0,0,349.407,0,0,-658.315
"MtrElec",4,27,16,"",-168.205,0,0,0,0,0,0,0,0,0,0,0,0,0,0,0,0,0,0,0,0,390.7,0,0,-558.905
"MtrElec",4,27,17,"",-1.9965,0,0,0,0,0,0,0,0,0,0,0,0,0,0,0,0,0,0,0,0,408.218,0,0,-410.215
"MtrElec",4,27,18,"",178.287,0,0,0,0,0,0,0,0,0,0,0,0,0,0,0,0,0,0,0,0,409.487,0,0,-231.201
"MtrElec",4,27,19,"",131.733,0,0,0,0,0,0,0,0,0,0,0,0,0,0,0,0,0,0,0,0,417.578,0,-223.217,-62.6275
"MtrElec",4,27,20,"",198.881,0,0,0,0,0,0,0,0,0,0,0,0,0,0,0,0,0,0,0,0,423.174,0,-223.217,-1.07616
"MtrElec",4,27,21,"",199.076,0,0,0,0,0,0,0,0,0,0,0,0,0,0,0,0,0,0,0,0,422.293,0,-223.217,0
"MtrElec",4,27,22,"",184.411,0,0,0,0,0,0,0,0,0,0,0,0,0,0,0,0,0,0,0,0,235.751,0,-51.3398,0
"MtrElec",4,27,23,"",260.845,0,0,0,0,0,0,0,0,0,0,0,0,0,0,0,0,0,0,0,0,260.845,0,0,0
"MtrElec",4,27,24,"",179.838,0,0,0,0,0,0,0,0,0,0,0,0,0,0,0,0,0,0,0,0,179.838,0,0,0
"MtrElec",4,28,1,"",167.763,0,0,0,0,0,0,0,0,0,0,0,0,0,0,0,0,0,0,0,0,167.763,0,0,0
"MtrElec",4,28,2,"",187.68,0,0,0,0,0,0,0,0,0,0,0,0,0,0,0,0,0,0,0,0,187.68,0,0,0
"MtrElec",4,28,3,"",147.288,0,0,0,0,0,0,0,0,0,0,0,0,0,0,0,0,0,0,0,0,147.288,0,0,0
"MtrElec",4,28,4,"",153.521,0,0,0,0,0,0,0,0,0,0,0,0,0,0,0,0,0,0,0,0,153.521,0,0,0
"MtrElec",4,28,5,"",148.481,0,0,0,0,0,0,0,0,0,0,0,0,0,0,0,0,0,0,0,0,148.481,0,0,0
"MtrElec",4,28,6,"",179.839,0,0,0,0,0,0,0,0,0,0,0,0,0,0,0,0,0,0,0,0,179.839,0,0,0
"MtrElec",4,28,7,"",205.779,0,0,0,0,0,0,0,0,0,0,0,0,0,0,0,0,0,0,0,0,222.287,0,0,-16.508
"MtrElec",4,28,8,"",190.803,0,0,0,0,0,0,0,0,0,0,0,0,0,0,0,0,0,0,0,0,314.932,0,0,-124.129
"MtrElec",4,28,9,"",53.0771,0,0,0,0,0,0,0,0,0,0,0,0,0,0,0,0,0,0,0,0,362.366,0,0,-309.289
"MtrElec",4,28,10,"",-42.2299,0,0,0,0,0,0,0,0,0,0,0,0,0,0,0,0,0,0,0,0,434.748,0,0,-476.978
"MtrElec",4,28,11,"",0,0,0,0,0,0,0,0,0,0,0,0,0,0,0,0,0,0,0,0,0,414.718,0,186.31,-601.028
"MtrElec",4,28,12,"",-4.22288,0,0,0,0,0,0,0,0,0,0,0,0,0,0,0,0,0,0,0,0,434.011,0,223.217,-661.45
"MtrElec",4,28,13,"",-99.3287,0,0,0,0,0,0,0,0,0,0,0,0,0,0,0,0,0,0,0,0,384.302,0,223.217,-706.848
"MtrElec",4,28,14,"",-173.68,0,0,0,0,0,0,0,0,0,0,0,0,0,0,0,0,0,0,0,0,374.882,0,166.138,-714.7
"MtrElec",4,28,15,"",-311.891,0,0,0,0,0,0,0,0,0,0,0,0,0,0,0,0,0,0,0,0,355.378,0,0,-667.269
"MtrElec",4,28,16,"",-187.907,0,0,0,0,0,0,0,0,0,0,0,0,0,0,0,0,0,0,0,0,379.208,0,0,-567.115
"MtrElec",4,28,17,"",-53.7133,0,0,0,0,0,0,0,0,0,0,0,0,0,0,0,0,0,0,0,0,366.539,0,0,-420.252
"MtrElec",4,28,18,"",189.659,0,0,0,0,0,0,0,0,0,0,0,0,0,0,0,0,0,0,0,0,425.801,0,0,-236.142
"MtrElec",4,28,19,"",115.723,0,0,0,0,0,0,0,0,0,0,0,0,0,0,0,0,0,0,0,0,400.469,0,-223.217,-61.5291
"MtrElec",4,28,20,"",150.632,0,0,0,0,0,0,0,0,0,0,0,0,0,0,0,0,0,0,0,0,375.53,0,-223.217,-1.68087
"MtrElec",4,28,21,"",155.285,0,0,0,0,0,0,0,0,0,0,0,0,0,0,0,0,0,0,0,0,378.502,0,-223.217,0
"MtrElec",4,28,22,"",210.491,0,0,0,0,0,0,0,0,0,0,0,0,0,0,0,0,0,0,0,0,261.831,0,-51.3398,0
"MtrElec",4,28,23,"",295.035,0,0,0,0,0,0,0,0,0,0,0,0,0,0,0,0,0,0,0,0,295.035,0,0,0
"MtrElec",4,28,24,"",234.618,0,0,0,0,0,0,0,0,0,0,0,0,0,0,0,0,0,0,0,0,234.618,0,0,0
"MtrElec",4,29,1,"",187.494,0,0,0,0,0,0,0,0,0,0,0,0,0,0,0,0,0,0,0,0,187.494,0,0,0
"MtrElec",4,29,2,"",147.907,0,0,0,0,0,0,0,0,0,0,0,0,0,0,0,0,0,0,0,0,147.907,0,0,0
"MtrElec",4,29,3,"",144.126,0,0,0,0,0,0,0,0,0,0,0,0,0,0,0,0,0,0,0,0,144.126,0,0,0
"MtrElec",4,29,4,"",150.363,0,0,0,0,0,0,0,0,0,0,0,0,0,0,0,0,0,0,0,0,150.363,0,0,0
"MtrElec",4,29,5,"",141.433,0,0,0,0,0,0,0,0,0,0,0,0,0,0,0,0,0,0,0,0,141.433,0,0,0
"MtrElec",4,29,6,"",156.483,0,0,0,0,0,0,0,0,0,0,0,0,0,0,0,0,0,0,0,0,156.483,0,0,0
"MtrElec",4,29,7,"",242.615,0,0,0,0,0,0,0,0,0,0,0,0,0,0,0,0,0,0,0,0,257.331,0,0,-14.7157
"MtrElec",4,29,8,"",219.491,0,0,0,0,0,0,0,0,0,0,0,0,0,0,0,0,0,0,0,0,309.527,0,0,-90.036
"MtrElec",4,29,9,"",189.827,0,0,0,0,0,0,0,0,0,0,0,0,0,0,0,0,0,0,0,0,382.204,0,0,-192.377
"MtrElec",4,29,10,"",79.4405,0,0,0,0,0,0,0,0,0,0,0,0,0,0,0,0,0,0,0,0,426.985,0,0,-347.544
"MtrElec",4,29,11,"",0,0,0,0,0,0,0,0,0,0,0,0,0,0,0,0,0,0,0,0,0,426.688,0,57.9865,-484.675
"MtrElec",4,29,12,"",0.0000156,0,0,0,0,0,0,0,0,0,0,0,0,0,0,0,0,0,0,0,0,418.171,0,181.519,-599.69
"MtrElec",4,29,13,"",-96.8275,0,0,0,0,0,0,0,0,0,0,0,0,0,0,0,0,0,0,0,0,383.146,0,223.217,-703.19
"MtrElec",4,29,14,"",-118.59,0,0,0,0,0,0,0,0,0,0,0,0,0,0,0,0,0,0,0,0,367.443,0,223.217,-709.25
"MtrElec",4,29,15,"",-185.511,0,0,0,0,0,0,0,0,0,0,0,0,0,0,0,0,0,0,0,0,361.516,0,112.942,-659.97
"MtrElec",4,29,16,"",-158.622,0,0,0,0,0,0,0,0,0,0,0,0,0,0,0,0,0,0,0,0,402.786,0,0,-561.408
"MtrElec",4,29,17,"",9.23388,0,0,0,0,0,0,0,0,0,0,0,0,0,0,0,0,0,0,0,0,421.212,0,0,-411.978
"MtrElec",4,29,18,"",145.706,0,0,0,0,0,0,0,0,0,0,0,0,0,0,0,0,0,0,0,0,376.379,0,0,-230.673
"MtrElec",4,29,19,"",103.615,0,0,0,0,0,0,0,0,0,0,0,0,0,0,0,0,0,0,0,0,388.472,0,-223.217,-61.6401
"MtrElec",4,29,20,"",155.297,0,0,0,0,0,0,0,0,0,0,0,0,0,0,0,0,0,0,0,0,380.815,0,-223.217,-2.30147
"MtrElec",4,29,21,"",181.859,0,0,0,0,0,0,0,0,0,0,0,0,0,0,0,0,0,0,0,0,405.076,0,-223.217,0
"MtrElec",4,29,22,"",246.65,0,0,0,0,0,0,0,0,0,0,0,0,0,0,0,0,0,0,0,0,297.989,0,-51.3398,0
"MtrElec",4,29,23,"",262.701,0,0,0,0,0,0,0,0,0,0,0,0,0,0,0,0,0,0,0,0,262.701,0,0,0
"MtrElec",4,29,24,"",228.234,0,0,0,0,0,0,0,0,0,0,0,0,0,0,0,0,0,0,0,0,228.234,0,0,0
"MtrElec",4,30,1,"",146.247,0,0,0,0,0,0,0,0,0,0,0,0,0,0,0,0,0,0,0,0,146.247,0,0,0
"MtrElec",4,30,2,"",149.069,0,0,0,0,0,0,0,0,0,0,0,0,0,0,0,0,0,0,0,0,149.069,0,0,0
"MtrElec",4,30,3,"",143.755,0,0,0,0,0,0,0,0,0,0,0,0,0,0,0,0,0,0,0,0,143.755,0,0,0
"MtrElec",4,30,4,"",143.673,0,0,0,0,0,0,0,0,0,0,0,0,0,0,0,0,0,0,0,0,143.673,0,0,0
"MtrElec",4,30,5,"",143.403,0,0,0,0,0,0,0,0,0,0,0,0,0,0,0,0,0,0,0,0,143.403,0,0,0
"MtrElec",4,30,6,"",147.475,0,0,0,0,0,0,0,0,0,0,0,0,0,0,0,0,0,0,0,0,147.475,0,0,0
"MtrElec",4,30,7,"",232.521,0,0,0,0,0,0,0,0,0,0,0,0,0,0,0,0,0,0,0,0,245.294,0,0,-12.7731
"MtrElec",4,30,8,"",211.683,0,0,0,0,0,0,0,0,0,0,0,0,0,0,0,0,0,0,0,0,286.762,0,0,-75.0784
"MtrElec",4,30,9,"",213.498,0,0,0,0,0,0,0,0,0,0,0,0,0,0,0,0,0,0,0,0,362.26,0,0,-148.762
"MtrElec",4,30,10,"",204.87,0,0,0,0,0,0,0,0,0,0,0,0,0,0,0,0,0,0,0,0,417.636,0,0,-212.765
"MtrElec",4,30,11,"",160.167,0,0,0,0,0,0,0,0,0,0,0,0,0,0,0,0,0,0,0,0,412.763,0,0,-252.596
"MtrElec",4,30,12,"",0,0,0,0,0,0,0,0,0,0,0,0,0,0,0,0,0,0,0,0,0,377.007,0,65.5875,-442.595
"MtrElec",4,30,13,"",82.7666,0,0,0,0,0,0,0,0,0,0,0,0,0,0,0,0,0,0,0,0,517.315,0,0,-434.548
"MtrElec",4,30,14,"",0,0,0,0,0,0,0,0,0,0,0,0,0,0,0,0,0,0,0,0,0,348.748,0,47.5768,-396.325
"MtrElec",4,30,15,"",9.679,0,0,0,0,0,0,0,0,0,0,0,0,0,0,0,0,0,0,0,0,397.883,0,0,-388.204
"MtrElec",4,30,16,"",57.9737,0,0,0,0,0,0,0,0,0,0,0,0,0,0,0,0,0,0,0,0,334.128,0,0,-276.154
"MtrElec",4,30,17,"",142.295,0,0,0,0,0,0,0,0,0,0,0,0,0,0,0,0,0,0,0,0,375.421,0,0,-233.126
"MtrElec",4,30,18,"",245.053,0,0,0,0,0,0,0,0,0,0,0,0,0,0,0,0,0,0,0,0,412.647,0,0,-167.594
"MtrElec",4,30,19,"",222.85,0,0,0,0,0,0,0,0,0,0,0,0,0,0,0,0,0,0,0,0,386.063,0,-102.131,-61.082
"MtrElec",4,30,20,"",391.451,0,0,0,0,0,0,0,0,0,0,0,0,0,0,0,0,0,0,0,0,396.129,0,0,-4.67751
"MtrElec",4,30,21,"",407.16,0,0,0,0,0,0,0,0,0,0,0,0,0,0,0,0,0,0,0,0,407.16,0,0,0
"MtrElec",4,30,22,"",288.69,0,0,0,0,0,0,0,0,0,0,0,0,0,0,0,0,0,0,0,0,288.69,0,0,0
"MtrElec",4,30,23,"",257.709,0,0,0,0,0,0,0,0,0,0,0,0,0,0,0,0,0,0,0,0,257.709,0,0,0
"MtrElec",4,30,24,"",207.702,0,0,0,0,0,0,0,0,0,0,0,0,0,0,0,0,0,0,0,0,207.702,0,0,0
"MtrElec",5,1,1,"",169.671,0,0,0,0,0,0,0,0,0,0,0,0,0,0,0,0,0,0,0,0,169.671,0,0,0
"MtrElec",5,1,2,"",186.312,0,0,0,0,0,0,0,0,0,0,0,0,0,0,0,0,0,0,0,0,186.312,0,0,0
"MtrElec",5,1,3,"",147.886,0,0,0,0,0,0,0,0,0,0,0,0,0,0,0,0,0,0,0,0,147.886,0,0,0
"MtrElec",5,1,4,"",141.57,0,0,0,0,0,0,0,0,0,0,0,0,0,0,0,0,0,0,0,0,141.57,0,0,0
"MtrElec",5,1,5,"",138.99,0,0,0,0,0,0,0,0,0,0,0,0,0,0,0,0,0,0,0,0,138.99,0,0,0
"MtrElec",5,1,6,"",140.812,0,0,0,0,0,0,0,0,0,0,0,0,0,0,0,0,0,0,0,0,140.812,0,0,0
"MtrElec",5,1,7,"",212.938,0,0,0,0,0,0,0,0,0,0,0,0,0,0,0,0,0,0,0,0,227.461,0,0,-14.5232
"MtrElec",5,1,8,"",166.155,0,0,0,0,0,0,0,0,0,0,0,0,0,0,0,0,0,0,0,0,289.499,0,0,-123.343
"MtrElec",5,1,9,"",68.4017,0,0,0,0,0,0,0,0,0,0,0,0,0,0,0,0,0,0,0,0,372.408,0,0,-304.006
"MtrElec",5,1,10,"",24.1058,0,0,0,0,0,0,0,0,0,0,0,0,0,0,0,0,0,0,0,0,482.804,0,0,-458.698
"MtrElec",5,1,11,"",0.0000078,0,0,0,0,0,0,0,0,0,0,0,0,0,0,0,0,0,0,0,0,470.411,0,110.811,-581.222
"MtrElec",5,1,12,"",0.0000156,0,0,0,0,0,0,0,0,0,0,0,0,0,0,0,0,0,0,0,0,475.267,0,179.718,-654.984
"MtrElec",5,1,13,"",-22.1431,0,0,0,0,0,0,0,0,0,0,0,0,0,0,0,0,0,0,0,0,445.315,0,223.217,-690.675
"MtrElec",5,1,14,"",-105.764,0,0,0,0,0,0,0,0,0,0,0,0,0,0,0,0,0,0,0,0,361.963,0,223.217,-690.945
"MtrElec",5,1,15,"",-170.834,0,0,0,0,0,0,0,0,0,0,0,0,0,0,0,0,0,0,0,0,410.876,0,61.9189,-643.63
"MtrElec",5,1,16,"",-169.507,0,0,0,0,0,0,0,0,0,0,0,0,0,0,0,0,0,0,0,0,375.257,0,0,-544.764
"MtrElec",5,1,17,"",22.28,0,0,0,0,0,0,0,0,0,0,0,0,0,0,0,0,0,0,0,0,422.672,0,0,-400.392
"MtrElec",5,1,18,"",227.269,0,0,0,0,0,0,0,0,0,0,0,0,0,0,0,0,0,0,0,0,452.927,0,0,-225.659
"MtrElec",5,1,19,"",141.47,0,0,0,0,0,0,0,0,0,0,0,0,0,0,0,0,0,0,0,0,424.265,0,-223.217,-59.5782
"MtrElec",5,1,20,"",189.16,0,0,0,0,0,0,0,0,0,0,0,0,0,0,0,0,0,0,0,0,412.695,0,-223.217,-0.318384
"MtrElec",5,1,21,"",254.394,0,0,0,0,0,0,0,0,0,0,0,0,0,0,0,0,0,0,0,0,477.611,0,-223.217,0
"MtrElec",5,1,22,"",186.369,0,0,0,0,0,0,0,0,0,0,0,0,0,0,0,0,0,0,0,0,237.708,0,-51.3398,0
"MtrElec",5,1,23,"",270.55,0,0,0,0,0,0,0,0,0,0,0,0,0,0,0,0,0,0,0,0,270.55,0,0,0
"MtrElec",5,1,24,"",209.333,0,0,0,0,0,0,0,0,0,0,0,0,0,0,0,0,0,0,0,0,209.333,0,0,0
"MtrElec",5,2,1,"",166.293,0,0,0,0,0,0,0,0,0,0,0,0,0,0,0,0,0,0,0,0,166.293,0,0,0
"MtrElec",5,2,2,"",166.592,0,0,0,0,0,0,0,0,0,0,0,0,0,0,0,0,0,0,0,0,166.592,0,0,0
"MtrElec",5,2,3,"",158.073,0,0,0,0,0,0,0,0,0,0,0,0,0,0,0,0,0,0,0,0,158.073,0,0,0
"MtrElec",5,2,4,"",145.024,0,0,0,0,0,0,0,0,0,0,0,0,0,0,0,0,0,0,0,0,145.024,0,0,0
"MtrElec",5,2,5,"",168.879,0,0,0,0,0,0,0,0,0,0,0,0,0,0,0,0,0,0,0,0,168.879,0,0,0
"MtrElec",5,2,6,"",142.27,0,0,0,0,0,0,0,0,0,0,0,0,0,0,0,0,0,0,0,0,142.27,0,0,0
"MtrElec",5,2,7,"",186.949,0,0,0,0,0,0,0,0,0,0,0,0,0,0,0,0,0,0,0,0,201.223,0,0,-14.2743
"MtrElec",5,2,8,"",110.397,0,0,0,0,0,0,0,0,0,0,0,0,0,0,0,0,0,0,0,0,232.401,0,0,-122.004
"MtrElec",5,2,9,"",4.216,0,0,0,0,0,0,0,0,0,0,0,0,0,0,0,0,0,0,0,0,304.219,0,0,-300.003
"MtrElec",5,2,10,"",-78.4073,0,0,0,0,0,0,0,0,0,0,0,0,0,0,0,0,0,0,0,0,375.373,0,0,-453.78
"MtrElec",5,2,11,"",0,0,0,0,0,0,0,0,0,0,0,0,0,0,0,0,0,0,0,0,0,508.508,0,54.7656,-563.273
"MtrElec",5,2,12,"",0,0,0,0,0,0,0,0,0,0,0,0,0,0,0,0,0,0,0,0,0,502.366,0,132.604,-634.97
"MtrElec",5,2,13,"",0,0,0,0,0,0,0,0,0,0,0,0,0,0,0,0,0,0,0,0,0,485.8,0,112.953,-598.753
"MtrElec",5,2,14,"",0,0,0,0,0,0,0,0,0,0,0,0,0,0,0,0,0,0,0,0,0,423.484,0,208.621,-632.105
"MtrElec",5,2,15,"",0,0,0,0,0,0,0,0,0,0,0,0,0,0,0,0,0,0,0,0,0,488.714,0,152.489,-641.203
"MtrElec",5,2,16,"",0,0,0,0,0,0,0,0,0,0,0,0,0,0,0,0,0,0,0,0,0,482.535,0,57.4408,-539.975
"MtrElec",5,2,17,"",40.7164,0,0,0,0,0,0,0,0,0,0,0,0,0,0,0,0,0,0,0,0,441.282,0,0,-400.565
"MtrElec",5,2,18,"",274.31,0,0,0,0,0,0,0,0,0,0,0,0,0,0,0,0,0,0,0,0,499.254,0,0,-224.945
"MtrElec",5,2,19,"",248.458,0,0,0,0,0,0,0,0,0,0,0,0,0,0,0,0,0,0,0,0,530.479,0,-223.217,-58.804
"MtrElec",5,2,20,"",154.923,0,0,0,0,0,0,0,0,0,0,0,0,0,0,0,0,0,0,0,0,378.481,0,-223.217,-0.341656
"MtrElec",5,2,21,"",139.851,0,0,0,0,0,0,0,0,0,0,0,0,0,0,0,0,0,0,0,0,342.2,0,-202.35,0
"MtrElec",5,2,22,"",289.235,0,0,0,0,0,0,0,0,0,0,0,0,0,0,0,0,0,0,0,0,289.235,0,0,0
"MtrElec",5,2,23,"",223.671,0,0,0,0,0,0,0,0,0,0,0,0,0,0,0,0,0,0,0,0,223.671,0,0,0
"MtrElec",5,2,24,"",216.169,0,0,0,0,0,0,0,0,0,0,0,0,0,0,0,0,0,0,0,0,216.169,0,0,0
"MtrElec",5,3,1,"",159.167,0,0,0,0,0,0,0,0,0,0,0,0,0,0,0,0,0,0,0,0,159.167,0,0,0
"MtrElec",5,3,2,"",144.686,0,0,0,0,0,0,0,0,0,0,0,0,0,0,0,0,0,0,0,0,144.686,0,0,0
"MtrElec",5,3,3,"",147.277,0,0,0,0,0,0,0,0,0,0,0,0,0,0,0,0,0,0,0,0,147.277,0,0,0
"MtrElec",5,3,4,"",146.742,0,0,0,0,0,0,0,0,0,0,0,0,0,0,0,0,0,0,0,0,146.742,0,0,0
"MtrElec",5,3,5,"",189.043,0,0,0,0,0,0,0,0,0,0,0,0,0,0,0,0,0,0,0,0,189.043,0,0,0
"MtrElec",5,3,6,"",145.438,0,0,0,0,0,0,0,0,0,0,0,0,0,0,0,0,0,0,0,0,145.438,0,0,0
"MtrElec",5,3,7,"",137.179,0,0,0,0,0,0,0,0,0,0,0,0,0,0,0,0,0,0,0,0,152.113,0,0,-14.9336
"MtrElec",5,3,8,"",107.57,0,0,0,0,0,0,0,0,0,0,0,0,0,0,0,0,0,0,0,0,229.399,0,0,-121.829
"MtrElec",5,3,9,"",-59.9528,0,0,0,0,0,0,0,0,0,0,0,0,0,0,0,0,0,0,0,0,238.42,0,0,-298.372
"MtrElec",5,3,10,"",-110.579,0,0,0,0,0,0,0,0,0,0,0,0,0,0,0,0,0,0,0,0,328.166,0,0,-438.745
"MtrElec",5,3,11,"",0,0,0,0,0,0,0,0,0,0,0,0,0,0,0,0,0,0,0,0,0,457.288,0,85.5252,-542.813
"MtrElec",5,3,12,"",0,0,0,0,0,0,0,0,0,0,0,0,0,0,0,0,0,0,0,0,0,445.499,0,197.249,-642.749
"MtrElec",5,3,13,"",0,0,0,0,0,0,0,0,0,0,0,0,0,0,0,0,0,0,0,0,0,483.572,0,199.701,-683.273
"MtrElec",5,3,14,"",-20.094,0,0,0,0,0,0,0,0,0,0,0,0,0,0,0,0,0,0,0,0,419.393,0,223.217,-662.704
"MtrElec",5,3,15,"",-61.4684,0,0,0,0,0,0,0,0,0,0,0,0,0,0,0,0,0,0,0,0,459.806,0,93.1884,-614.463
"MtrElec",5,3,16,"",-110.397,0,0,0,0,0,0,0,0,0,0,0,0,0,0,0,0,0,0,0,0,417.598,0,0,-527.996
"MtrElec",5,3,17,"",30.2604,0,0,0,0,0,0,0,0,0,0,0,0,0,0,0,0,0,0,0,0,423.255,0,0,-392.995
"MtrElec",5,3,18,"",205.651,0,0,0,0,0,0,0,0,0,0,0,0,0,0,0,0,0,0,0,0,428.937,0,0,-223.285
"MtrElec",5,3,19,"",221.901,0,0,0,0,0,0,0,0,0,0,0,0,0,0,0,0,0,0,0,0,504.973,0,-223.217,-59.8545
"MtrElec",5,3,20,"",103.305,0,0,0,0,0,0,0,0,0,0,0,0,0,0,0,0,0,0,0,0,326.87,0,-223.217,-0.348553
"MtrElec",5,3,21,"",103.355,0,0,0,0,0,0,0,0,0,0,0,0,0,0,0,0,0,0,0,0,326.572,0,-223.217,0
"MtrElec",5,3,22,"",269.166,0,0,0,0,0,0,0,0,0,0,0,0,0,0,0,0,0,0,0,0,320.506,0,-51.3398,0
"MtrElec",5,3,23,"",194.003,0,0,0,0,0,0,0,0,0,0,0,0,0,0,0,0,0,0,0,0,194.003,0,0,0
"MtrElec",5,3,24,"",214.175,0,0,0,0,0,0,0,0,0,0,0,0,0,0,0,0,0,0,0,0,214.175,0,0,0
"MtrElec",5,4,1,"",150.051,0,0,0,0,0,0,0,0,0,0,0,0,0,0,0,0,0,0,0,0,150.051,0,0,0
"MtrElec",5,4,2,"",147.488,0,0,0,0,0,0,0,0,0,0,0,0,0,0,0,0,0,0,0,0,147.488,0,0,0
"MtrElec",5,4,3,"",142.574,0,0,0,0,0,0,0,0,0,0,0,0,0,0,0,0,0,0,0,0,142.574,0,0,0
"MtrElec",5,4,4,"",147.262,0,0,0,0,0,0,0,0,0,0,0,0,0,0,0,0,0,0,0,0,147.262,0,0,0
"MtrElec",5,4,5,"",175.167,0,0,0,0,0,0,0,0,0,0,0,0,0,0,0,0,0,0,0,0,175.167,0,0,0
"MtrElec",5,4,6,"",150.677,0,0,0,0,0,0,0,0,0,0,0,0,0,0,0,0,0,0,0,0,150.677,0,0,0
"MtrElec",5,4,7,"",227.155,0,0,0,0,0,0,0,0,0,0,0,0,0,0,0,0,0,0,0,0,243.61,0,0,-16.4555
"MtrElec",5,4,8,"",173.115,0,0,0,0,0,0,0,0,0,0,0,0,0,0,0,0,0,0,0,0,298.441,0,0,-125.326
"MtrElec",5,4,9,"",85.7402,0,0,0,0,0,0,0,0,0,0,0,0,0,0,0,0,0,0,0,0,386.305,0,0,-300.565
"MtrElec",5,4,10,"",3.09387,0,0,0,0,0,0,0,0,0,0,0,0,0,0,0,0,0,0,0,0,456.234,0,0,-453.14
"MtrElec",5,4,11,"",0,0,0,0,0,0,0,0,0,0,0,0,0,0,0,0,0,0,0,0,0,519.543,0,56.547,-576.09
"MtrElec",5,4,12,"",0.0000156,0,0,0,0,0,0,0,0,0,0,0,0,0,0,0,0,0,0,0,0,493.511,0,165.674,-659.186
"MtrElec",5,4,13,"",-7.18819,0,0,0,0,0,0,0,0,0,0,0,0,0,0,0,0,0,0,0,0,468.862,0,223.217,-699.267
"MtrElec",5,4,14,"",-44.4407,0,0,0,0,0,0,0,0,0,0,0,0,0,0,0,0,0,0,0,0,424.9,0,223.217,-692.558
"MtrElec",5,4,15,"",-102.885,0,0,0,0,0,0,0,0,0,0,0,0,0,0,0,0,0,0,0,0,406.857,0,130.226,-639.968
"MtrElec",5,4,16,"",-100.093,0,0,0,0,0,0,0,0,0,0,0,0,0,0,0,0,0,0,0,0,445.004,0,0,-545.097
"MtrElec",5,4,17,"",47.9734,0,0,0,0,0,0,0,0,0,0,0,0,0,0,0,0,0,0,0,0,453.173,0,0,-405.2
"MtrElec",5,4,18,"",219.642,0,0,0,0,0,0,0,0,0,0,0,0,0,0,0,0,0,0,0,0,449.386,0,0,-229.744
"MtrElec",5,4,19,"",142.319,0,0,0,0,0,0,0,0,0,0,0,0,0,0,0,0,0,0,0,0,427.456,0,-223.217,-61.9195
"MtrElec",5,4,20,"",153.231,0,0,0,0,0,0,0,0,0,0,0,0,0,0,0,0,0,0,0,0,379.307,0,-223.217,-2.85957
"MtrElec",5,4,21,"",215.929,0,0,0,0,0,0,0,0,0,0,0,0,0,0,0,0,0,0,0,0,439.146,0,-223.217,0
"MtrElec",5,4,22,"",233.337,0,0,0,0,0,0,0,0,0,0,0,0,0,0,0,0,0,0,0,0,284.677,0,-51.3398,0
"MtrElec",5,4,23,"",297.474,0,0,0,0,0,0,0,0,0,0,0,0,0,0,0,0,0,0,0,0,297.474,0,0,0
"MtrElec",5,4,24,"",195.632,0,0,0,0,0,0,0,0,0,0,0,0,0,0,0,0,0,0,0,0,195.632,0,0,0
"MtrElec",5,5,1,"",149.691,0,0,0,0,0,0,0,0,0,0,0,0,0,0,0,0,0,0,0,0,149.691,0,0,0
"MtrElec",5,5,2,"",147.83,0,0,0,0,0,0,0,0,0,0,0,0,0,0,0,0,0,0,0,0,147.83,0,0,0
"MtrElec",5,5,3,"",145.295,0,0,0,0,0,0,0,0,0,0,0,0,0,0,0,0,0,0,0,0,145.295,0,0,0
"MtrElec",5,5,4,"",141.783,0,0,0,0,0,0,0,0,0,0,0,0,0,0,0,0,0,0,0,0,141.783,0,0,0
"MtrElec",5,5,5,"",140.819,0,0,0,0,0,0,0,0,0,0,0,0,0,0,0,0,0,0,0,0,140.819,0,0,0
"MtrElec",5,5,6,"",163.182,0,0,0,0,0,0,0,0,0,0,0,0,0,0,0,0,0,0,0,0,163.182,0,0,0
"MtrElec",5,5,7,"",201.97,0,0,0,0,0,0,0,0,0,0,0,0,0,0,0,0,0,0,0,0,214.785,0,0,-12.815
"MtrElec",5,5,8,"",219.769,0,0,0,0,0,0,0,0,0,0,0,0,0,0,0,0,0,0,0,0,290.914,0,0,-71.1446
"MtrElec",5,5,9,"",227.857,0,0,0,0,0,0,0,0,0,0,0,0,0,0,0,0,0,0,0,0,366.628,0,0,-138.77
"MtrElec",5,5,10,"",149.111,0,0,0,0,0,0,0,0,0,0,0,0,0,0,0,0,0,0,0,0,350.171,0,0,-201.059
"MtrElec",5,5,11,"",39.5981,0,0,0,0,0,0,0,0,0,0,0,0,0,0,0,0,0,0,0,0,387.677,0,0,-348.079
"MtrElec",5,5,12,"",0.0000078,0,0,0,0,0,0,0,0,0,0,0,0,0,0,0,0,0,0,0,0,409.917,0,122.612,-532.53
"MtrElec",5,5,13,"",0,0,0,0,0,0,0,0,0,0,0,0,0,0,0,0,0,0,0,0,0,424.91,0,168.682,-593.593
"MtrElec",5,5,14,"",-58.333,0,0,0,0,0,0,0,0,0,0,0,0,0,0,0,0,0,0,0,0,396.832,0,223.217,-678.382
"MtrElec",5,5,15,"",-36.2789,0,0,0,0,0,0,0,0,0,0,0,0,0,0,0,0,0,0,0,0,374.516,0,223.217,-634.012
"MtrElec",5,5,16,"",-57.3989,0,0,0,0,0,0,0,0,0,0,0,0,0,0,0,0,0,0,0,0,375.335,0,61.1533,-493.888
"MtrElec",5,5,17,"",52.1063,0,0,0,0,0,0,0,0,0,0,0,0,0,0,0,0,0,0,0,0,415.861,0,0,-363.755
"MtrElec",5,5,18,"",211.808,0,0,0,0,0,0,0,0,0,0,0,0,0,0,0,0,0,0,0,0,434.86,0,0,-223.052
"MtrElec",5,5,19,"",152.111,0,0,0,0,0,0,0,0,0,0,0,0,0,0,0,0,0,0,0,0,438.47,0,-223.217,-63.1427
"MtrElec",5,5,20,"",151.074,0,0,0,0,0,0,0,0,0,0,0,0,0,0,0,0,0,0,0,0,377.799,0,-223.217,-3.50828
"MtrElec",5,5,21,"",149.112,0,0,0,0,0,0,0,0,0,0,0,0,0,0,0,0,0,0,0,0,372.329,0,-223.217,0
"MtrElec",5,5,22,"",216.118,0,0,0,0,0,0,0,0,0,0,0,0,0,0,0,0,0,0,0,0,267.458,0,-51.3398,0
"MtrElec",5,5,23,"",239.902,0,0,0,0,0,0,0,0,0,0,0,0,0,0,0,0,0,0,0,0,239.902,0,0,0
"MtrElec",5,5,24,"",177.064,0,0,0,0,0,0,0,0,0,0,0,0,0,0,0,0,0,0,0,0,177.064,0,0,0
"MtrElec",5,6,1,"",154.361,0,0,0,0,0,0,0,0,0,0,0,0,0,0,0,0,0,0,0,0,154.361,0,0,0
"MtrElec",5,6,2,"",158.36,0,0,0,0,0,0,0,0,0,0,0,0,0,0,0,0,0,0,0,0,158.36,0,0,0
"MtrElec",5,6,3,"",168.124,0,0,0,0,0,0,0,0,0,0,0,0,0,0,0,0,0,0,0,0,168.124,0,0,0
"MtrElec",5,6,4,"",142.018,0,0,0,0,0,0,0,0,0,0,0,0,0,0,0,0,0,0,0,0,142.018,0,0,0
"MtrElec",5,6,5,"",139.786,0,0,0,0,0,0,0,0,0,0,0,0,0,0,0,0,0,0,0,0,139.786,0,0,0
"MtrElec",5,6,6,"",143.918,0,0,0,0,0,0,0,0,0,0,0,0,0,0,0,0,0,0,0,0,143.918,0,0,0
"MtrElec",5,6,7,"",229.883,0,0,0,0,0,0,0,0,0,0,0,0,0,0,0,0,0,0,0,0,247.255,0,0,-17.3724
"MtrElec",5,6,8,"",193.761,0,0,0,0,0,0,0,0,0,0,0,0,0,0,0,0,0,0,0,0,287.71,0,0,-93.9497
"MtrElec",5,6,9,"",182.16,0,0,0,0,0,0,0,0,0,0,0,0,0,0,0,0,0,0,0,0,332.217,0,0,-150.057
"MtrElec",5,6,10,"",207.185,0,0,0,0,0,0,0,0,0,0,0,0,0,0,0,0,0,0,0,0,421.543,0,0,-214.357
"MtrElec",5,6,11,"",222.561,0,0,0,0,0,0,0,0,0,0,0,0,0,0,0,0,0,0,0,0,421.846,0,0,-199.285
"MtrElec",5,6,12,"",271.314,0,0,0,0,0,0,0,0,0,0,0,0,0,0,0,0,0,0,0,0,444.895,0,0,-173.581
"MtrElec",5,6,13,"",311.082,0,0,0,0,0,0,0,0,0,0,0,0,0,0,0,0,0,0,0,0,416.557,0,0,-105.475
"MtrElec",5,6,14,"",0,0,0,0,0,0,0,0,0,0,0,0,0,0,0,0,0,0,0,0,0,361.373,0,42.7471,-404.12
"MtrElec",5,6,15,"",0.0000039,0,0,0,0,0,0,0,0,0,0,0,0,0,0,0,0,0,0,0,0,352.273,0,52.0899,-404.363
"MtrElec",5,6,16,"",90.5567,0,0,0,0,0,0,0,0,0,0,0,0,0,0,0,0,0,0,0,0,368.265,0,0,-277.709
"MtrElec",5,6,17,"",174.887,0,0,0,0,0,0,0,0,0,0,0,0,0,0,0,0,0,0,0,0,411.583,0,0,-236.695
"MtrElec",5,6,18,"",153.437,0,0,0,0,0,0,0,0,0,0,0,0,0,0,0,0,0,0,0,0,371.568,0,0,-218.132
"MtrElec",5,6,19,"",199.85,0,0,0,0,0,0,0,0,0,0,0,0,0,0,0,0,0,0,0,0,356.361,0,-85.5904,-70.9201
"MtrElec",5,6,20,"",379.323,0,0,0,0,0,0,0,0,0,0,0,0,0,0,0,0,0,0,0,0,385.91,0,0,-6.58636
"MtrElec",5,6,21,"",365.28,0,0,0,0,0,0,0,0,0,0,0,0,0,0,0,0,0,0,0,0,365.28,0,0,0
"MtrElec",5,6,22,"",284.998,0,0,0,0,0,0,0,0,0,0,0,0,0,0,0,0,0,0,0,0,284.998,0,0,0
"MtrElec",5,6,23,"",250.644,0,0,0,0,0,0,0,0,0,0,0,0,0,0,0,0,0,0,0,0,250.644,0,0,0
"MtrElec",5,6,24,"",178.327,0,0,0,0,0,0,0,0,0,0,0,0,0,0,0,0,0,0,0,0,178.327,0,0,0
"MtrElec",5,7,1,"",172.051,0,0,0,0,0,0,0,0,0,0,0,0,0,0,0,0,0,0,0,0,172.051,0,0,0
"MtrElec",5,7,2,"",144.368,0,0,0,0,0,0,0,0,0,0,0,0,0,0,0,0,0,0,0,0,144.368,0,0,0
"MtrElec",5,7,3,"",181.933,0,0,0,0,0,0,0,0,0,0,0,0,0,0,0,0,0,0,0,0,181.933,0,0,0
"MtrElec",5,7,4,"",146.88,0,0,0,0,0,0,0,0,0,0,0,0,0,0,0,0,0,0,0,0,146.88,0,0,0
"MtrElec",5,7,5,"",142.237,0,0,0,0,0,0,0,0,0,0,0,0,0,0,0,0,0,0,0,0,142.237,0,0,0
"MtrElec",5,7,6,"",144.239,0,0,0,0,0,0,0,0,0,0,0,0,0,0,0,0,0,0,0,0,144.239,0,0,0
"MtrElec",5,7,7,"",222.072,0,0,0,0,0,0,0,0,0,0,0,0,0,0,0,0,0,0,0,0,244.211,0,0,-22.139
"MtrElec",5,7,8,"",189.234,0,0,0,0,0,0,0,0,0,0,0,0,0,0,0,0,0,0,0,0,306.907,0,0,-117.674
"MtrElec",5,7,9,"",121.939,0,0,0,0,0,0,0,0,0,0,0,0,0,0,0,0,0,0,0,0,373.967,0,0,-252.028
"MtrElec",5,7,10,"",-47.6473,0,0,0,0,0,0,0,0,0,0,0,0,0,0,0,0,0,0,0,0,407.481,0,0,-455.129
"MtrElec",5,7,11,"",0.0000078,0,0,0,0,0,0,0,0,0,0,0,0,0,0,0,0,0,0,0,0,378.512,0,109.299,-487.811
"MtrElec",5,7,12,"",0,0,0,0,0,0,0,0,0,0,0,0,0,0,0,0,0,0,0,0,0,375.878,0,168.608,-544.486
"MtrElec",5,7,13,"",57.9902,0,0,0,0,0,0,0,0,0,0,0,0,0,0,0,0,0,0,0,0,477.017,0,0,-419.027
"MtrElec",5,7,14,"",66.9463,0,0,0,0,0,0,0,0,0,0,0,0,0,0,0,0,0,0,0,0,329.53,0,0,-262.584
"MtrElec",5,7,15,"",22.2206,0,0,0,0,0,0,0,0,0,0,0,0,0,0,0,0,0,0,0,0,380.761,0,0,-358.54
"MtrElec",5,7,16,"",0,0,0,0,0,0,0,0,0,0,0,0,0,0,0,0,0,0,0,0,0,323.702,0,42.3355,-366.037
"MtrElec",5,7,17,"",163.254,0,0,0,0,0,0,0,0,0,0,0,0,0,0,0,0,0,0,0,0,382.231,0,0,-218.978
"MtrElec",5,7,18,"",368.983,0,0,0,0,0,0,0,0,0,0,0,0,0,0,0,0,0,0,0,0,381.378,0,0,-12.3952
"MtrElec",5,7,19,"",72.1682,0,0,0,0,0,0,0,0,0,0,0,0,0,0,0,0,0,0,0,0,344.077,0,-223.217,-48.6918
"MtrElec",5,7,20,"",329.169,0,0,0,0,0,0,0,0,0,0,0,0,0,0,0,0,0,0,0,0,399.835,0,-65.8017,-4.86351
"MtrElec",5,7,21,"",386.548,0,0,0,0,0,0,0,0,0,0,0,0,0,0,0,0,0,0,0,0,386.548,0,0,0
"MtrElec",5,7,22,"",249.652,0,0,0,0,0,0,0,0,0,0,0,0,0,0,0,0,0,0,0,0,249.652,0,0,0
"MtrElec",5,7,23,"",264.806,0,0,0,0,0,0,0,0,0,0,0,0,0,0,0,0,0,0,0,0,264.806,0,0,0
"MtrElec",5,7,24,"",211.272,0,0,0,0,0,0,0,0,0,0,0,0,0,0,0,0,0,0,0,0,211.272,0,0,0
"MtrElec",5,8,1,"",147.391,0,0,0,0,0,0,0,0,0,0,0,0,0,0,0,0,0,0,0,0,147.391,0,0,0
"MtrElec",5,8,2,"",143.754,0,0,0,0,0,0,0,0,0,0,0,0,0,0,0,0,0,0,0,0,143.754,0,0,0
"MtrElec",5,8,3,"",144.913,0,0,0,0,0,0,0,0,0,0,0,0,0,0,0,0,0,0,0,0,144.913,0,0,0
"MtrElec",5,8,4,"",141.501,0,0,0,0,0,0,0,0,0,0,0,0,0,0,0,0,0,0,0,0,141.501,0,0,0
"MtrElec",5,8,5,"",177.421,0,0,0,0,0,0,0,0,0,0,0,0,0,0,0,0,0,0,0,0,177.421,0,0,0
"MtrElec",5,8,6,"",141.258,0,0,0,0,0,0,0,0,0,0,0,0,0,0,0,0,0,0,0,0,141.258,0,0,0
"MtrElec",5,8,7,"",215.486,0,0,0,0,0,0,0,0,0,0,0,0,0,0,0,0,0,0,0,0,233.283,0,0,-17.7976
"MtrElec",5,8,8,"",119.199,0,0,0,0,0,0,0,0,0,0,0,0,0,0,0,0,0,0,0,0,254.184,0,0,-134.985
"MtrElec",5,8,9,"",27.5402,0,0,0,0,0,0,0,0,0,0,0,0,0,0,0,0,0,0,0,0,344.899,0,0,-317.359
"MtrElec",5,8,10,"",-107.3,0,0,0,0,0,0,0,0,0,0,0,0,0,0,0,0,0,0,0,0,373.783,0,0,-481.082
"MtrElec",5,8,11,"",0,0,0,0,0,0,0,0,0,0,0,0,0,0,0,0,0,0,0,0,0,439.31,0,159.455,-598.764
"MtrElec",5,8,12,"",-33.6026,0,0,0,0,0,0,0,0,0,0,0,0,0,0,0,0,0,0,0,0,411.797,0,223.217,-668.617
"MtrElec",5,8,13,"",-85.9256,0,0,0,0,0,0,0,0,0,0,0,0,0,0,0,0,0,0,0,0,400.64,0,223.217,-709.782
"MtrElec",5,8,14,"",-121.237,0,0,0,0,0,0,0,0,0,0,0,0,0,0,0,0,0,0,0,0,371.589,0,192.993,-685.819
"MtrElec",5,8,15,"",-199.43,0,0,0,0,0,0,0,0,0,0,0,0,0,0,0,0,0,0,0,0,332.671,0,0,-532.101
"MtrElec",5,8,16,"",-62.0818,0,0,0,0,0,0,0,0,0,0,0,0,0,0,0,0,0,0,0,0,389.567,0,0,-451.649
"MtrElec",5,8,17,"",32.7614,0,0,0,0,0,0,0,0,0,0,0,0,0,0,0,0,0,0,0,0,410.46,0,0,-377.699
"MtrElec",5,8,18,"",192.914,0,0,0,0,0,0,0,0,0,0,0,0,0,0,0,0,0,0,0,0,422.368,0,0,-229.454
"MtrElec",5,8,19,"",88.1423,0,0,0,0,0,0,0,0,0,0,0,0,0,0,0,0,0,0,0,0,377.942,0,-223.217,-66.5831
"MtrElec",5,8,20,"",133.683,0,0,0,0,0,0,0,0,0,0,0,0,0,0,0,0,0,0,0,0,363.393,0,-223.217,-6.49274
"MtrElec",5,8,21,"",145.574,0,0,0,0,0,0,0,0,0,0,0,0,0,0,0,0,0,0,0,0,368.791,0,-223.217,0
"MtrElec",5,8,22,"",197.163,0,0,0,0,0,0,0,0,0,0,0,0,0,0,0,0,0,0,0,0,248.503,0,-51.3398,0
"MtrElec",5,8,23,"",236.113,0,0,0,0,0,0,0,0,0,0,0,0,0,0,0,0,0,0,0,0,236.113,0,0,0
"MtrElec",5,8,24,"",174.187,0,0,0,0,0,0,0,0,0,0,0,0,0,0,0,0,0,0,0,0,174.187,0,0,0
"MtrElec",5,9,1,"",208.79,0,0,0,0,0,0,0,0,0,0,0,0,0,0,0,0,0,0,0,0,208.79,0,0,0
"MtrElec",5,9,2,"",144.681,0,0,0,0,0,0,0,0,0,0,0,0,0,0,0,0,0,0,0,0,144.681,0,0,0
"MtrElec",5,9,3,"",145.893,0,0,0,0,0,0,0,0,0,0,0,0,0,0,0,0,0,0,0,0,145.893,0,0,0
"MtrElec",5,9,4,"",148.919,0,0,0,0,0,0,0,0,0,0,0,0,0,0,0,0,0,0,0,0,148.919,0,0,0
"MtrElec",5,9,5,"",176.166,0,0,0,0,0,0,0,0,0,0,0,0,0,0,0,0,0,0,0,0,176.166,0,0,0
"MtrElec",5,9,6,"",180.428,0,0,0,0,0,0,0,0,0,0,0,0,0,0,0,0,0,0,0,0,180.428,0,0,0
"MtrElec",5,9,7,"",149.791,0,0,0,0,0,0,0,0,0,0,0,0,0,0,0,0,0,0,0,0,160.621,0,0,-10.8299
"MtrElec",5,9,8,"",193.193,0,0,0,0,0,0,0,0,0,0,0,0,0,0,0,0,0,0,0,0,251.334,0,0,-58.1413
"MtrElec",5,9,9,"",201.139,0,0,0,0,0,0,0,0,0,0,0,0,0,0,0,0,0,0,0,0,306.735,0,0,-105.596
"MtrElec",5,9,10,"",306.378,0,0,0,0,0,0,0,0,0,0,0,0,0,0,0,0,0,0,0,0,405.71,0,0,-99.3321
"MtrElec",5,9,11,"",221.231,0,0,0,0,0,0,0,0,0,0,0,0,0,0,0,0,0,0,0,0,508.02,0,0,-286.789
"MtrElec",5,9,12,"",155.551,0,0,0,0,0,0,0,0,0,0,0,0,0,0,0,0,0,0,0,0,436.757,0,0,-281.206
"MtrElec",5,9,13,"",144.041,0,0,0,0,0,0,0,0,0,0,0,0,0,0,0,0,0,0,0,0,467.357,0,0,-323.317
"MtrElec",5,9,14,"",53.4264,0,0,0,0,0,0,0,0,0,0,0,0,0,0,0,0,0,0,0,0,424.849,0,0,-371.423
"MtrElec",5,9,15,"",0,0,0,0,0,0,0,0,0,0,0,0,0,0,0,0,0,0,0,0,0,389.946,0,195.423,-585.369
"MtrElec",5,9,16,"",0,0,0,0,0,0,0,0,0,0,0,0,0,0,0,0,0,0,0,0,0,409.262,0,122.661,-531.923
"MtrElec",5,9,17,"",0.0000010,0,0,0,0,0,0,0,0,0,0,0,0,0,0,0,0,0,0,0,0,378.161,0,12.6904,-390.851
"MtrElec",5,9,18,"",219.666,0,0,0,0,0,0,0,0,0,0,0,0,0,0,0,0,0,0,0,0,442.384,0,0,-222.718
"MtrElec",5,9,19,"",95.3753,0,0,0,0,0,0,0,0,0,0,0,0,0,0,0,0,0,0,0,0,389.973,0,-223.217,-71.3813
"MtrElec",5,9,20,"",276.343,0,0,0,0,0,0,0,0,0,0,0,0,0,0,0,0,0,0,0,0,358.104,0,-75.3069,-6.45441
"MtrElec",5,9,21,"",308.514,0,0,0,0,0,0,0,0,0,0,0,0,0,0,0,0,0,0,0,0,308.514,0,0,0
"MtrElec",5,9,22,"",272.726,0,0,0,0,0,0,0,0,0,0,0,0,0,0,0,0,0,0,0,0,272.726,0,0,0
"MtrElec",5,9,23,"",201.227,0,0,0,0,0,0,0,0,0,0,0,0,0,0,0,0,0,0,0,0,201.227,0,0,0
"MtrElec",5,9,24,"",210.192,0,0,0,0,0,0,0,0,0,0,0,0,0,0,0,0,0,0,0,0,210.192,0,0,0
"MtrElec",5,10,1,"",162.321,0,0,0,0,0,0,0,0,0,0,0,0,0,0,0,0,0,0,0,0,162.321,0,0,0
"MtrElec",5,10,2,"",143.109,0,0,0,0,0,0,0,0,0,0,0,0,0,0,0,0,0,0,0,0,143.109,0,0,0
"MtrElec",5,10,3,"",140.634,0,0,0,0,0,0,0,0,0,0,0,0,0,0,0,0,0,0,0,0,140.634,0,0,0
"MtrElec",5,10,4,"",142.064,0,0,0,0,0,0,0,0,0,0,0,0,0,0,0,0,0,0,0,0,142.064,0,0,0
"MtrElec",5,10,5,"",171.907,0,0,0,0,0,0,0,0,0,0,0,0,0,0,0,0,0,0,0,0,171.907,0,0,0
"MtrElec",5,10,6,"",158.582,0,0,0,0,0,0,0,0,0,0,0,0,0,0,0,0,0,0,0,0,158.582,0,0,0
"MtrElec",5,10,7,"",144.164,0,0,0,0,0,0,0,0,0,0,0,0,0,0,0,0,0,0,0,0,150.518,0,0,-6.35418
"MtrElec",5,10,8,"",186.141,0,0,0,0,0,0,0,0,0,0,0,0,0,0,0,0,0,0,0,0,227.798,0,0,-41.6567
"MtrElec",5,10,9,"",174.195,0,0,0,0,0,0,0,0,0,0,0,0,0,0,0,0,0,0,0,0,247.914,0,0,-73.7193
"MtrElec",5,10,10,"",217.004,0,0,0,0,0,0,0,0,0,0,0,0,0,0,0,0,0,0,0,0,303.819,0,0,-86.8148
"MtrElec",5,10,11,"",222.586,0,0,0,0,0,0,0,0,0,0,0,0,0,0,0,0,0,0,0,0,368.76,0,0,-146.174
"MtrElec",5,10,12,"",247.533,0,0,0,0,0,0,0,0,0,0,0,0,0,0,0,0,0,0,0,0,318.341,0,0,-70.8074
"MtrElec",5,10,13,"",320.481,0,0,0,0,0,0,0,0,0,0,0,0,0,0,0,0,0,0,0,0,415.831,0,0,-95.3492
"MtrElec",5,10,14,"",114.147,0,0,0,0,0,0,0,0,0,0,0,0,0,0,0,0,0,0,0,0,324.786,0,0,-210.639
"MtrElec",5,10,15,"",66.8262,0,0,0,0,0,0,0,0,0,0,0,0,0,0,0,0,0,0,0,0,390.925,0,0,-324.099
"MtrElec",5,10,16,"",139.359,0,0,0,0,0,0,0,0,0,0,0,0,0,0,0,0,0,0,0,0,340.544,0,0,-201.186
"MtrElec",5,10,17,"",163.415,0,0,0,0,0,0,0,0,0,0,0,0,0,0,0,0,0,0,0,0,309.345,0,0,-145.93
"MtrElec",5,10,18,"",269.645,0,0,0,0,0,0,0,0,0,0,0,0,0,0,0,0,0,0,0,0,347.758,0,0,-78.1131
"MtrElec",5,10,19,"",382.115,0,0,0,0,0,0,0,0,0,0,0,0,0,0,0,0,0,0,0,0,442.34,0,0,-60.2246
"MtrElec",5,10,20,"",316.891,0,0,0,0,0,0,0,0,0,0,0,0,0,0,0,0,0,0,0,0,323.981,0,0,-7.09074
"MtrElec",5,10,21,"",307.076,0,0,0,0,0,0,0,0,0,0,0,0,0,0,0,0,0,0,0,0,307.076,0,0,0
"MtrElec",5,10,22,"",275.44,0,0,0,0,0,0,0,0,0,0,0,0,0,0,0,0,0,0,0,0,275.44,0,0,0
"MtrElec",5,10,23,"",248.23,0,0,0,0,0,0,0,0,0,0,0,0,0,0,0,0,0,0,0,0,248.23,0,0,0
"MtrElec",5,10,24,"",203.855,0,0,0,0,0,0,0,0,0,0,0,0,0,0,0,0,0,0,0,0,203.855,0,0,0
"MtrElec",5,11,1,"",149.445,0,0,0,0,0,0,0,0,0,0,0,0,0,0,0,0,0,0,0,0,149.445,0,0,0
"MtrElec",5,11,2,"",149.402,0,0,0,0,0,0,0,0,0,0,0,0,0,0,0,0,0,0,0,0,149.402,0,0,0
"MtrElec",5,11,3,"",142.685,0,0,0,0,0,0,0,0,0,0,0,0,0,0,0,0,0,0,0,0,142.685,0,0,0
"MtrElec",5,11,4,"",141.857,0,0,0,0,0,0,0,0,0,0,0,0,0,0,0,0,0,0,0,0,141.857,0,0,0
"MtrElec",5,11,5,"",139.18,0,0,0,0,0,0,0,0,0,0,0,0,0,0,0,0,0,0,0,0,139.18,0,0,0
"MtrElec",5,11,6,"",159.68,0,0,0,0,0,0,0,0,0,0,0,0,0,0,0,0,0,0,0,0,159.68,0,0,0
"MtrElec",5,11,7,"",196.453,0,0,0,0,0,0,0,0,0,0,0,0,0,0,0,0,0,0,0,0,219.209,0,0,-22.756
"MtrElec",5,11,8,"",167.414,0,0,0,0,0,0,0,0,0,0,0,0,0,0,0,0,0,0,0,0,302.813,0,0,-135.399
"MtrElec",5,11,9,"",61.6399,0,0,0,0,0,0,0,0,0,0,0,0,0,0,0,0,0,0,0,0,369.064,0,0,-307.424
"MtrElec",5,11,10,"",-62.7496,0,0,0,0,0,0,0,0,0,0,0,0,0,0,0,0,0,0,0,0,408.389,0,0,-471.138
"MtrElec",5,11,11,"",0,0,0,0,0,0,0,0,0,0,0,0,0,0,0,0,0,0,0,0,0,442.814,0,155.251,-598.065
"MtrElec",5,11,12,"",-54.0171,0,0,0,0,0,0,0,0,0,0,0,0,0,0,0,0,0,0,0,0,400.773,0,223.217,-678.007
"MtrElec",5,11,13,"",-72.2755,0,0,0,0,0,0,0,0,0,0,0,0,0,0,0,0,0,0,0,0,415.807,0,223.217,-711.299
"MtrElec",5,11,14,"",-108.392,0,0,0,0,0,0,0,0,0,0,0,0,0,0,0,0,0,0,0,0,395.249,0,197.196,-700.837
"MtrElec",5,11,15,"",-296.609,0,0,0,0,0,0,0,0,0,0,0,0,0,0,0,0,0,0,0,0,354.876,0,0,-651.485
"MtrElec",5,11,16,"",-145.162,0,0,0,0,0,0,0,0,0,0,0,0,0,0,0,0,0,0,0,0,409.713,0,0,-554.875
"MtrElec",5,11,17,"",15.5025,0,0,0,0,0,0,0,0,0,0,0,0,0,0,0,0,0,0,0,0,428.677,0,0,-413.175
"MtrElec",5,11,18,"",192.136,0,0,0,0,0,0,0,0,0,0,0,0,0,0,0,0,0,0,0,0,429.732,0,0,-237.596
"MtrElec",5,11,19,"",96.8688,0,0,0,0,0,0,0,0,0,0,0,0,0,0,0,0,0,0,0,0,387.152,0,-223.217,-67.066
"MtrElec",5,11,20,"",157.003,0,0,0,0,0,0,0,0,0,0,0,0,0,0,0,0,0,0,0,0,386.111,0,-223.217,-5.89143
"MtrElec",5,11,21,"",129.39,0,0,0,0,0,0,0,0,0,0,0,0,0,0,0,0,0,0,0,0,352.607,0,-223.217,0
"MtrElec",5,11,22,"",213.259,0,0,0,0,0,0,0,0,0,0,0,0,0,0,0,0,0,0,0,0,264.599,0,-51.3398,0
"MtrElec",5,11,23,"",256.456,0,0,0,0,0,0,0,0,0,0,0,0,0,0,0,0,0,0,0,0,256.456,0,0,0
"MtrElec",5,11,24,"",172.957,0,0,0,0,0,0,0,0,0,0,0,0,0,0,0,0,0,0,0,0,172.957,0,0,0
"MtrElec",5,12,1,"",151.246,0,0,0,0,0,0,0,0,0,0,0,0,0,0,0,0,0,0,0,0,151.246,0,0,0
"MtrElec",5,12,2,"",159.027,0,0,0,0,0,0,0,0,0,0,0,0,0,0,0,0,0,0,0,0,159.027,0,0,0
"MtrElec",5,12,3,"",168.835,0,0,0,0,0,0,0,0,0,0,0,0,0,0,0,0,0,0,0,0,168.835,0,0,0
"MtrElec",5,12,4,"",148.075,0,0,0,0,0,0,0,0,0,0,0,0,0,0,0,0,0,0,0,0,148.075,0,0,0
"MtrElec",5,12,5,"",137.672,0,0,0,0,0,0,0,0,0,0,0,0,0,0,0,0,0,0,0,0,137.672,0,0,0
"MtrElec",5,12,6,"",155.896,0,0,0,0,0,0,0,0,0,0,0,0,0,0,0,0,0,0,0,0,155.896,0,0,0
"MtrElec",5,12,7,"",236.706,0,0,0,0,0,0,0,0,0,0,0,0,0,0,0,0,0,0,0,0,257.024,0,0,-20.3176
"MtrElec",5,12,8,"",211.278,0,0,0,0,0,0,0,0,0,0,0,0,0,0,0,0,0,0,0,0,303.071,0,0,-91.7924
"MtrElec",5,12,9,"",184.471,0,0,0,0,0,0,0,0,0,0,0,0,0,0,0,0,0,0,0,0,366.433,0,0,-181.962
"MtrElec",5,12,10,"",7.82716,0,0,0,0,0,0,0,0,0,0,0,0,0,0,0,0,0,0,0,0,393.273,0,0,-385.446
"MtrElec",5,12,11,"",0,0,0,0,0,0,0,0,0,0,0,0,0,0,0,0,0,0,0,0,0,450.02,0,133.129,-583.149
"MtrElec",5,12,12,"",-69.5092,0,0,0,0,0,0,0,0,0,0,0,0,0,0,0,0,0,0,0,0,378.034,0,223.217,-670.76
"MtrElec",5,12,13,"",-61.2871,0,0,0,0,0,0,0,0,0,0,0,0,0,0,0,0,0,0,0,0,415.599,0,223.217,-700.103
"MtrElec",5,12,14,"",-74.0987,0,0,0,0,0,0,0,0,0,0,0,0,0,0,0,0,0,0,0,0,391.874,0,219.318,-685.291
"MtrElec",5,12,15,"",-277.759,0,0,0,0,0,0,0,0,0,0,0,0,0,0,0,0,0,0,0,0,355.791,0,0,-633.549
"MtrElec",5,12,16,"",-144.241,0,0,0,0,0,0,0,0,0,0,0,0,0,0,0,0,0,0,0,0,401.261,0,0,-545.502
"MtrElec",5,12,17,"",-15.7316,0,0,0,0,0,0,0,0,0,0,0,0,0,0,0,0,0,0,0,0,397.825,0,0,-413.556
"MtrElec",5,12,18,"",174.18,0,0,0,0,0,0,0,0,0,0,0,0,0,0,0,0,0,0,0,0,411.463,0,0,-237.283
"MtrElec",5,12,19,"",121.205,0,0,0,0,0,0,0,0,0,0,0,0,0,0,0,0,0,0,0,0,411.112,0,-223.217,-66.6897
"MtrElec",5,12,20,"",166.028,0,0,0,0,0,0,0,0,0,0,0,0,0,0,0,0,0,0,0,0,395.73,0,-223.217,-6.48477
"MtrElec",5,12,21,"",178.74,0,0,0,0,0,0,0,0,0,0,0,0,0,0,0,0,0,0,0,0,401.957,0,-223.217,0
"MtrElec",5,12,22,"",229.994,0,0,0,0,0,0,0,0,0,0,0,0,0,0,0,0,0,0,0,0,281.334,0,-51.3398,0
"MtrElec",5,12,23,"",234.247,0,0,0,0,0,0,0,0,0,0,0,0,0,0,0,0,0,0,0,0,234.247,0,0,0
"MtrElec",5,12,24,"",210.889,0,0,0,0,0,0,0,0,0,0,0,0,0,0,0,0,0,0,0,0,210.889,0,0,0
"MtrElec",5,13,1,"",150.695,0,0,0,0,0,0,0,0,0,0,0,0,0,0,0,0,0,0,0,0,150.695,0,0,0
"MtrElec",5,13,2,"",146.929,0,0,0,0,0,0,0,0,0,0,0,0,0,0,0,0,0,0,0,0,146.929,0,0,0
"MtrElec",5,13,3,"",144.941,0,0,0,0,0,0,0,0,0,0,0,0,0,0,0,0,0,0,0,0,144.941,0,0,0
"MtrElec",5,13,4,"",150.888,0,0,0,0,0,0,0,0,0,0,0,0,0,0,0,0,0,0,0,0,150.888,0,0,0
"MtrElec",5,13,5,"",180.587,0,0,0,0,0,0,0,0,0,0,0,0,0,0,0,0,0,0,0,0,180.587,0,0,0
"MtrElec",5,13,6,"",146.957,0,0,0,0,0,0,0,0,0,0,0,0,0,0,0,0,0,0,0,0,146.957,0,0,0
"MtrElec",5,13,7,"",230.398,0,0,0,0,0,0,0,0,0,0,0,0,0,0,0,0,0,0,0,0,249.957,0,0,-19.5598
"MtrElec",5,13,8,"",181.473,0,0,0,0,0,0,0,0,0,0,0,0,0,0,0,0,0,0,0,0,324.254,0,0,-142.781
"MtrElec",5,13,9,"",41.8449,0,0,0,0,0,0,0,0,0,0,0,0,0,0,0,0,0,0,0,0,374.397,0,0,-332.552
"MtrElec",5,13,10,"",-123.787,0,0,0,0,0,0,0,0,0,0,0,0,0,0,0,0,0,0,0,0,367.921,0,0,-491.708
"MtrElec",5,13,11,"",0.0000156,0,0,0,0,0,0,0,0,0,0,0,0,0,0,0,0,0,0,0,0,412.698,0,201.384,-614.082
"MtrElec",5,13,12,"",-37.9391,0,0,0,0,0,0,0,0,0,0,0,0,0,0,0,0,0,0,0,0,431.902,0,223.217,-693.058
"MtrElec",5,13,13,"",-37.8311,0,0,0,0,0,0,0,0,0,0,0,0,0,0,0,0,0,0,0,0,465.873,0,223.217,-726.921
"MtrElec",5,13,14,"",-199.971,0,0,0,0,0,0,0,0,0,0,0,0,0,0,0,0,0,0,0,0,372.718,0,151.064,-723.753
"MtrElec",5,13,15,"",-326.596,0,0,0,0,0,0,0,0,0,0,0,0,0,0,0,0,0,0,0,0,340.069,0,0,-666.665
"MtrElec",5,13,16,"",-149.743,0,0,0,0,0,0,0,0,0,0,0,0,0,0,0,0,0,0,0,0,410.375,0,0,-560.118
"MtrElec",5,13,17,"",-28.9576,0,0,0,0,0,0,0,0,0,0,0,0,0,0,0,0,0,0,0,0,393.304,0,0,-422.261
"MtrElec",5,13,18,"",170.827,0,0,0,0,0,0,0,0,0,0,0,0,0,0,0,0,0,0,0,0,413.667,0,0,-242.841
"MtrElec",5,13,19,"",121.189,0,0,0,0,0,0,0,0,0,0,0,0,0,0,0,0,0,0,0,0,414.496,0,-223.217,-70.0908
"MtrElec",5,13,20,"",149.624,0,0,0,0,0,0,0,0,0,0,0,0,0,0,0,0,0,0,0,0,379.949,0,-223.217,-7.10823
"MtrElec",5,13,21,"",129.977,0,0,0,0,0,0,0,0,0,0,0,0,0,0,0,0,0,0,0,0,353.194,0,-223.217,0
"MtrElec",5,13,22,"",232.53,0,0,0,0,0,0,0,0,0,0,0,0,0,0,0,0,0,0,0,0,283.87,0,-51.3398,0
"MtrElec",5,13,23,"",238.637,0,0,0,0,0,0,0,0,0,0,0,0,0,0,0,0,0,0,0,0,238.637,0,0,0
"MtrElec",5,13,24,"",248.49,0,0,0,0,0,0,0,0,0,0,0,0,0,0,0,0,0,0,0,0,248.49,0,0,0
"MtrElec",5,14,1,"",169.005,0,0,0,0,0,0,0,0,0,0,0,0,0,0,0,0,0,0,0,0,169.005,0,0,0
"MtrElec",5,14,2,"",149.71,0,0,0,0,0,0,0,0,0,0,0,0,0,0,0,0,0,0,0,0,149.71,0,0,0
"MtrElec",5,14,3,"",141.916,0,0,0,0,0,0,0,0,0,0,0,0,0,0,0,0,0,0,0,0,141.916,0,0,0
"MtrElec",5,14,4,"",146.026,0,0,0,0,0,0,0,0,0,0,0,0,0,0,0,0,0,0,0,0,146.026,0,0,0
"MtrElec",5,14,5,"",142.98,0,0,0,0,0,0,0,0,0,0,0,0,0,0,0,0,0,0,0,0,142.98,0,0,0
"MtrElec",5,14,6,"",182.933,0,0,0,0,0,0,0,0,0,0,0,0,0,0,0,0,0,0,0,0,182.933,0,0,0
"MtrElec",5,14,7,"",173.223,0,0,0,0,0,0,0,0,0,0,0,0,0,0,0,0,0,0,0,0,200.74,0,0,-27.5177
"MtrElec",5,14,8,"",165.153,0,0,0,0,0,0,0,0,0,0,0,0,0,0,0,0,0,0,0,0,295.714,0,0,-130.562
"MtrElec",5,14,9,"",139.06,0,0,0,0,0,0,0,0,0,0,0,0,0,0,0,0,0,0,0,0,377.703,0,0,-238.644
"MtrElec",5,14,10,"",104.83,0,0,0,0,0,0,0,0,0,0,0,0,0,0,0,0,0,0,0,0,407.239,0,0,-302.408
"MtrElec",5,14,11,"",0.0000010,0,0,0,0,0,0,0,0,0,0,0,0,0,0,0,0,0,0,0,0,429.841,0,8.51541,-438.356
"MtrElec",5,14,12,"",0,0,0,0,0,0,0,0,0,0,0,0,0,0,0,0,0,0,0,0,0,398.975,0,150.412,-549.387
"MtrElec",5,14,13,"",0,0,0,0,0,0,0,0,0,0,0,0,0,0,0,0,0,0,0,0,0,455.183,0,121.646,-576.828
"MtrElec",5,14,14,"",-106.765,0,0,0,0,0,0,0,0,0,0,0,0,0,0,0,0,0,0,0,0,348.069,0,223.217,-678.051
"MtrElec",5,14,15,"",-26.6906,0,0,0,0,0,0,0,0,0,0,0,0,0,0,0,0,0,0,0,0,393.59,0,223.217,-643.498
"MtrElec",5,14,16,"",-87.6594,0,0,0,0,0,0,0,0,0,0,0,0,0,0,0,0,0,0,0,0,383.989,0,71.8745,-543.522
"MtrElec",5,14,17,"",-33.9028,0,0,0,0,0,0,0,0,0,0,0,0,0,0,0,0,0,0,0,0,375.564,0,0,-409.467
"MtrElec",5,14,18,"",217.461,0,0,0,0,0,0,0,0,0,0,0,0,0,0,0,0,0,0,0,0,455.63,0,0,-238.169
"MtrElec",5,14,19,"",116.183,0,0,0,0,0,0,0,0,0,0,0,0,0,0,0,0,0,0,0,0,411.405,0,-223.217,-72.0051
"MtrElec",5,14,20,"",133.324,0,0,0,0,0,0,0,0,0,0,0,0,0,0,0,0,0,0,0,0,364.28,0,-223.217,-7.73876
"MtrElec",5,14,21,"",192.31,0,0,0,0,0,0,0,0,0,0,0,0,0,0,0,0,0,0,0,0,415.527,0,-223.217,0
"MtrElec",5,14,22,"",217.358,0,0,0,0,0,0,0,0,0,0,0,0,0,0,0,0,0,0,0,0,268.698,0,-51.3398,0
"MtrElec",5,14,23,"",271.241,0,0,0,0,0,0,0,0,0,0,0,0,0,0,0,0,0,0,0,0,271.241,0,0,0
"MtrElec",5,14,24,"",181.634,0,0,0,0,0,0,0,0,0,0,0,0,0,0,0,0,0,0,0,0,181.634,0,0,0
"MtrElec",5,15,1,"",162.946,0,0,0,0,0,0,0,0,0,0,0,0,0,0,0,0,0,0,0,0,162.946,0,0,0
"MtrElec",5,15,2,"",148.052,0,0,0,0,0,0,0,0,0,0,0,0,0,0,0,0,0,0,0,0,148.052,0,0,0
"MtrElec",5,15,3,"",142.99,0,0,0,0,0,0,0,0,0,0,0,0,0,0,0,0,0,0,0,0,142.99,0,0,0
"MtrElec",5,15,4,"",175.783,0,0,0,0,0,0,0,0,0,0,0,0,0,0,0,0,0,0,0,0,175.783,0,0,0
"MtrElec",5,15,5,"",139.342,0,0,0,0,0,0,0,0,0,0,0,0,0,0,0,0,0,0,0,0,139.342,0,0,0
"MtrElec",5,15,6,"",143.055,0,0,0,0,0,0,0,0,0,0,0,0,0,0,0,0,0,0,0,0,143.055,0,0,0
"MtrElec",5,15,7,"",216.859,0,0,0,0,0,0,0,0,0,0,0,0,0,0,0,0,0,0,0,0,243.51,0,0,-26.6507
"MtrElec",5,15,8,"",153.352,0,0,0,0,0,0,0,0,0,0,0,0,0,0,0,0,0,0,0,0,294.75,0,0,-141.398
"MtrElec",5,15,9,"",62.3232,0,0,0,0,0,0,0,0,0,0,0,0,0,0,0,0,0,0,0,0,358.643,0,0,-296.32
"MtrElec",5,15,10,"",89.3019,0,0,0,0,0,0,0,0,0,0,0,0,0,0,0,0,0,0,0,0,407.778,0,0,-318.476
"MtrElec",5,15,11,"",0,0,0,0,0,0,0,0,0,0,0,0,0,0,0,0,0,0,0,0,0,390.011,0,185.101,-575.112
"MtrElec",5,15,12,"",0.0000156,0,0,0,0,0,0,0,0,0,0,0,0,0,0,0,0,0,0,0,0,419.871,0,159.091,-578.962
"MtrElec",5,15,13,"",-103.092,0,0,0,0,0,0,0,0,0,0,0,0,0,0,0,0,0,0,0,0,352.041,0,223.217,-678.349
"MtrElec",5,15,14,"",-117.826,0,0,0,0,0,0,0,0,0,0,0,0,0,0,0,0,0,0,0,0,363.301,0,223.217,-704.343
"MtrElec",5,15,15,"",-324.352,0,0,0,0,0,0,0,0,0,0,0,0,0,0,0,0,0,0,0,0,323.572,0,8.25546,-656.179
"MtrElec",5,15,16,"",-179.535,0,0,0,0,0,0,0,0,0,0,0,0,0,0,0,0,0,0,0,0,369.122,0,0,-548.657
"MtrElec",5,15,17,"",-43.0506,0,0,0,0,0,0,0,0,0,0,0,0,0,0,0,0,0,0,0,0,365.928,0,0,-408.979
"MtrElec",5,15,18,"",184.464,0,0,0,0,0,0,0,0,0,0,0,0,0,0,0,0,0,0,0,0,419.55,0,0,-235.086
"MtrElec",5,15,19,"",83.5867,0,0,0,0,0,0,0,0,0,0,0,0,0,0,0,0,0,0,0,0,380.164,0,-223.217,-73.36
"MtrElec",5,15,20,"",137.692,0,0,0,0,0,0,0,0,0,0,0,0,0,0,0,0,0,0,0,0,371.258,0,-223.217,-10.3489
"MtrElec",5,15,21,"",173.543,0,0,0,0,0,0,0,0,0,0,0,0,0,0,0,0,0,0,0,0,396.76,0,-223.217,0
"MtrElec",5,15,22,"",206.558,0,0,0,0,0,0,0,0,0,0,0,0,0,0,0,0,0,0,0,0,257.898,0,-51.3398,0
"MtrElec",5,15,23,"",290.278,0,0,0,0,0,0,0,0,0,0,0,0,0,0,0,0,0,0,0,0,290.278,0,0,0
"MtrElec",5,15,24,"",202.243,0,0,0,0,0,0,0,0,0,0,0,0,0,0,0,0,0,0,0,0,202.243,0,0,0
"MtrElec",5,16,1,"",147.311,0,0,0,0,0,0,0,0,0,0,0,0,0,0,0,0,0,0,0,0,147.311,0,0,0
"MtrElec",5,16,2,"",157.711,0,0,0,0,0,0,0,0,0,0,0,0,0,0,0,0,0,0,0,0,157.711,0,0,0
"MtrElec",5,16,3,"",166.447,0,0,0,0,0,0,0,0,0,0,0,0,0,0,0,0,0,0,0,0,166.447,0,0,0
"MtrElec",5,16,4,"",144.491,0,0,0,0,0,0,0,0,0,0,0,0,0,0,0,0,0,0,0,0,144.491,0,0,0
"MtrElec",5,16,5,"",154.35,0,0,0,0,0,0,0,0,0,0,0,0,0,0,0,0,0,0,0,0,154.35,0,0,0
"MtrElec",5,16,6,"",145.772,0,0,0,0,0,0,0,0,0,0,0,0,0,0,0,0,0,0,0,0,145.772,0,0,0
"MtrElec",5,16,7,"",152.734,0,0,0,0,0,0,0,0,0,0,0,0,0,0,0,0,0,0,0,0,181.222,0,0,-28.4879
"MtrElec",5,16,8,"",85.7462,0,0,0,0,0,0,0,0,0,0,0,0,0,0,0,0,0,0,0,0,220.55,0,0,-134.804
"MtrElec",5,16,9,"",51.615,0,0,0,0,0,0,0,0,0,0,0,0,0,0,0,0,0,0,0,0,302.731,0,0,-251.116
"MtrElec",5,16,10,"",48.9122,0,0,0,0,0,0,0,0,0,0,0,0,0,0,0,0,0,0,0,0,371.2,0,0,-322.288
"MtrElec",5,16,11,"",0,0,0,0,0,0,0,0,0,0,0,0,0,0,0,0,0,0,0,0,0,495.668,0,80.2637,-575.932
"MtrElec",5,16,12,"",22.1678,0,0,0,0,0,0,0,0,0,0,0,0,0,0,0,0,0,0,0,0,469.736,0,0,-447.568
"MtrElec",5,16,13,"",81.7459,0,0,0,0,0,0,0,0,0,0,0,0,0,0,0,0,0,0,0,0,472.182,0,0,-390.436
"MtrElec",5,16,14,"",0,0,0,0,0,0,0,0,0,0,0,0,0,0,0,0,0,0,0,0,0,444.257,0,182.281,-626.538
"MtrElec",5,16,15,"",0,0,0,0,0,0,0,0,0,0,0,0,0,0,0,0,0,0,0,0,0,452.3,0,182.389,-634.689
"MtrElec",5,16,16,"",0.0000078,0,0,0,0,0,0,0,0,0,0,0,0,0,0,0,0,0,0,0,0,415.588,0,125.638,-541.227
"MtrElec",5,16,17,"",31.3734,0,0,0,0,0,0,0,0,0,0,0,0,0,0,0,0,0,0,0,0,416.377,0,0,-385.003
"MtrElec",5,16,18,"",169.218,0,0,0,0,0,0,0,0,0,0,0,0,0,0,0,0,0,0,0,0,374.11,0,0,-204.892
"MtrElec",5,16,19,"",122.003,0,0,0,0,0,0,0,0,0,0,0,0,0,0,0,0,0,0,0,0,418.219,0,-223.217,-72.9995
"MtrElec",5,16,20,"",77.6291,0,0,0,0,0,0,0,0,0,0,0,0,0,0,0,0,0,0,0,0,311.174,0,-223.217,-10.3283
"MtrElec",5,16,21,"",271.842,0,0,0,0,0,0,0,0,0,0,0,0,0,0,0,0,0,0,0,0,340.35,0,-68.5076,0
"MtrElec",5,16,22,"",254.169,0,0,0,0,0,0,0,0,0,0,0,0,0,0,0,0,0,0,0,0,254.169,0,0,0
"MtrElec",5,16,23,"",228.78,0,0,0,0,0,0,0,0,0,0,0,0,0,0,0,0,0,0,0,0,228.78,0,0,0
"MtrElec",5,16,24,"",194.975,0,0,0,0,0,0,0,0,0,0,0,0,0,0,0,0,0,0,0,0,194.975,0,0,0
"MtrElec",5,17,1,"",160.892,0,0,0,0,0,0,0,0,0,0,0,0,0,0,0,0,0,0,0,0,160.892,0,0,0
"MtrElec",5,17,2,"",148.852,0,0,0,0,0,0,0,0,0,0,0,0,0,0,0,0,0,0,0,0,148.852,0,0,0
"MtrElec",5,17,3,"",144.804,0,0,0,0,0,0,0,0,0,0,0,0,0,0,0,0,0,0,0,0,144.804,0,0,0
"MtrElec",5,17,4,"",155.031,0,0,0,0,0,0,0,0,0,0,0,0,0,0,0,0,0,0,0,0,155.031,0,0,0
"MtrElec",5,17,5,"",163.396,0,0,0,0,0,0,0,0,0,0,0,0,0,0,0,0,0,0,0,0,163.396,0,0,0
"MtrElec",5,17,6,"",146.223,0,0,0,0,0,0,0,0,0,0,0,0,0,0,0,0,0,0,0,0,146.223,0,0,0
"MtrElec",5,17,7,"",133.171,0,0,0,0,0,0,0,0,0,0,0,0,0,0,0,0,0,0,0,0,147.627,0,0,-14.4557
"MtrElec",5,17,8,"",144.295,0,0,0,0,0,0,0,0,0,0,0,0,0,0,0,0,0,0,0,0,208.231,0,0,-63.9364
"MtrElec",5,17,9,"",121.298,0,0,0,0,0,0,0,0,0,0,0,0,0,0,0,0,0,0,0,0,231.297,0,0,-109.999
"MtrElec",5,17,10,"",92.1945,0,0,0,0,0,0,0,0,0,0,0,0,0,0,0,0,0,0,0,0,304.858,0,0,-212.663
"MtrElec",5,17,11,"",0.0000039,0,0,0,0,0,0,0,0,0,0,0,0,0,0,0,0,0,0,0,0,401.913,0,62.6237,-464.536
"MtrElec",5,17,12,"",101.037,0,0,0,0,0,0,0,0,0,0,0,0,0,0,0,0,0,0,0,0,395.75,0,0,-294.713
"MtrElec",5,17,13,"",-8.57038,0,0,0,0,0,0,0,0,0,0,0,0,0,0,0,0,0,0,0,0,342.487,0,223.217,-574.274
"MtrElec",5,17,14,"",0.0000156,0,0,0,0,0,0,0,0,0,0,0,0,0,0,0,0,0,0,0,0,388.308,0,195.411,-583.719
"MtrElec",5,17,15,"",40.5106,0,0,0,0,0,0,0,0,0,0,0,0,0,0,0,0,0,0,0,0,319.99,0,0,-279.479
"MtrElec",5,17,16,"",0,0,0,0,0,0,0,0,0,0,0,0,0,0,0,0,0,0,0,0,0,379.351,0,157.251,-536.602
"MtrElec",5,17,17,"",0,0,0,0,0,0,0,0,0,0,0,0,0,0,0,0,0,0,0,0,0,351.57,0,63.68,-415.25
"MtrElec",5,17,18,"",84.9584,0,0,0,0,0,0,0,0,0,0,0,0,0,0,0,0,0,0,0,0,327.135,0,0,-242.177
"MtrElec",5,17,19,"",78.2389,0,0,0,0,0,0,0,0,0,0,0,0,0,0,0,0,0,0,0,0,373.145,0,-223.217,-71.6891
"MtrElec",5,17,20,"",71.5052,0,0,0,0,0,0,0,0,0,0,0,0,0,0,0,0,0,0,0,0,302.451,0,-223.217,-7.72903
"MtrElec",5,17,21,"",76.0691,0,0,0,0,0,0,0,0,0,0,0,0,0,0,0,0,0,0,0,0,263.355,0,-187.286,0
"MtrElec",5,17,22,"",247.424,0,0,0,0,0,0,0,0,0,0,0,0,0,0,0,0,0,0,0,0,247.424,0,0,0
"MtrElec",5,17,23,"",220.674,0,0,0,0,0,0,0,0,0,0,0,0,0,0,0,0,0,0,0,0,220.674,0,0,0
"MtrElec",5,17,24,"",237.551,0,0,0,0,0,0,0,0,0,0,0,0,0,0,0,0,0,0,0,0,237.551,0,0,0
"MtrElec",5,18,1,"",170.666,0,0,0,0,0,0,0,0,0,0,0,0,0,0,0,0,0,0,0,0,170.666,0,0,0
"MtrElec",5,18,2,"",149.394,0,0,0,0,0,0,0,0,0,0,0,0,0,0,0,0,0,0,0,0,149.394,0,0,0
"MtrElec",5,18,3,"",141.71,0,0,0,0,0,0,0,0,0,0,0,0,0,0,0,0,0,0,0,0,141.71,0,0,0
"MtrElec",5,18,4,"",141.657,0,0,0,0,0,0,0,0,0,0,0,0,0,0,0,0,0,0,0,0,141.657,0,0,0
"MtrElec",5,18,5,"",138.324,0,0,0,0,0,0,0,0,0,0,0,0,0,0,0,0,0,0,0,0,138.324,0,0,0
"MtrElec",5,18,6,"",149.371,0,0,0,0,0,0,0,0,0,0,0,0,0,0,0,0,0,0,0,0,149.371,0,0,0
"MtrElec",5,18,7,"",236.179,0,0,0,0,0,0,0,0,0,0,0,0,0,0,0,0,0,0,0,0,258.11,0,0,-21.9315
"MtrElec",5,18,8,"",150.509,0,0,0,0,0,0,0,0,0,0,0,0,0,0,0,0,0,0,0,0,289.314,0,0,-138.805
"MtrElec",5,18,9,"",0.892156,0,0,0,0,0,0,0,0,0,0,0,0,0,0,0,0,0,0,0,0,321.949,0,0,-321.057
"MtrElec",5,18,10,"",-78.7457,0,0,0,0,0,0,0,0,0,0,0,0,0,0,0,0,0,0,0,0,396.573,0,0,-475.318
"MtrElec",5,18,11,"",0,0,0,0,0,0,0,0,0,0,0,0,0,0,0,0,0,0,0,0,0,437.006,0,141.069,-578.075
"MtrElec",5,18,12,"",-55.7894,0,0,0,0,0,0,0,0,0,0,0,0,0,0,0,0,0,0,0,0,387.524,0,223.217,-666.53
"MtrElec",5,18,13,"",-34.4351,0,0,0,0,0,0,0,0,0,0,0,0,0,0,0,0,0,0,0,0,441.483,0,223.217,-699.135
"MtrElec",5,18,14,"",-129.588,0,0,0,0,0,0,0,0,0,0,0,0,0,0,0,0,0,0,0,0,349.997,0,211.379,-690.964
"MtrElec",5,18,15,"",-254.969,0,0,0,0,0,0,0,0,0,0,0,0,0,0,0,0,0,0,0,0,401.09,0,0,-656.059
"MtrElec",5,18,16,"",-192.063,0,0,0,0,0,0,0,0,0,0,0,0,0,0,0,0,0,0,0,0,365.911,0,0,-557.974
"MtrElec",5,18,17,"",20.7466,0,0,0,0,0,0,0,0,0,0,0,0,0,0,0,0,0,0,0,0,434.973,0,0,-414.226
"MtrElec",5,18,18,"",168.62,0,0,0,0,0,0,0,0,0,0,0,0,0,0,0,0,0,0,0,0,409.87,0,0,-241.25
"MtrElec",5,18,19,"",184.391,0,0,0,0,0,0,0,0,0,0,0,0,0,0,0,0,0,0,0,0,477.362,0,-223.217,-69.7544
"MtrElec",5,18,20,"",146.447,0,0,0,0,0,0,0,0,0,0,0,0,0,0,0,0,0,0,0,0,376.281,0,-223.217,-6.6169
"MtrElec",5,18,21,"",203.785,0,0,0,0,0,0,0,0,0,0,0,0,0,0,0,0,0,0,0,0,427.002,0,-223.217,0
"MtrElec",5,18,22,"",216.208,0,0,0,0,0,0,0,0,0,0,0,0,0,0,0,0,0,0,0,0,267.548,0,-51.3398,0
"MtrElec",5,18,23,"",263.719,0,0,0,0,0,0,0,0,0,0,0,0,0,0,0,0,0,0,0,0,263.719,0,0,0
"MtrElec",5,18,24,"",190.729,0,0,0,0,0,0,0,0,0,0,0,0,0,0,0,0,0,0,0,0,190.729,0,0,0
"MtrElec",5,19,1,"",152.851,0,0,0,0,0,0,0,0,0,0,0,0,0,0,0,0,0,0,0,0,152.851,0,0,0
"MtrElec",5,19,2,"",150.454,0,0,0,0,0,0,0,0,0,0,0,0,0,0,0,0,0,0,0,0,150.454,0,0,0
"MtrElec",5,19,3,"",177.873,0,0,0,0,0,0,0,0,0,0,0,0,0,0,0,0,0,0,0,0,177.873,0,0,0
"MtrElec",5,19,4,"",141.577,0,0,0,0,0,0,0,0,0,0,0,0,0,0,0,0,0,0,0,0,141.577,0,0,0
"MtrElec",5,19,5,"",140.074,0,0,0,0,0,0,0,0,0,0,0,0,0,0,0,0,0,0,0,0,140.074,0,0,0
"MtrElec",5,19,6,"",145.932,0,0,0,0,0,0,0,0,0,0,0,0,0,0,0,0,0,0,0,0,145.932,0,0,0
"MtrElec",5,19,7,"",240.213,0,0,0,0,0,0,0,0,0,0,0,0,0,0,0,0,0,0,0,0,262.541,0,0,-22.3282
"MtrElec",5,19,8,"",133.521,0,0,0,0,0,0,0,0,0,0,0,0,0,0,0,0,0,0,0,0,273.597,0,0,-140.076
"MtrElec",5,19,9,"",39.2113,0,0,0,0,0,0,0,0,0,0,0,0,0,0,0,0,0,0,0,0,356.395,0,0,-317.183
"MtrElec",5,19,10,"",-71.9169,0,0,0,0,0,0,0,0,0,0,0,0,0,0,0,0,0,0,0,0,400.012,0,0,-471.929
"MtrElec",5,19,11,"",0.0000156,0,0,0,0,0,0,0,0,0,0,0,0,0,0,0,0,0,0,0,0,436.239,0,152.502,-588.741
"MtrElec",5,19,12,"",0,0,0,0,0,0,0,0,0,0,0,0,0,0,0,0,0,0,0,0,0,441.906,0,209.669,-651.575
"MtrElec",5,19,13,"",-34.825,0,0,0,0,0,0,0,0,0,0,0,0,0,0,0,0,0,0,0,0,430.687,0,223.217,-688.729
"MtrElec",5,19,14,"",-63.1133,0,0,0,0,0,0,0,0,0,0,0,0,0,0,0,0,0,0,0,0,413.575,0,213.493,-690.182
"MtrElec",5,19,15,"",-225.176,0,0,0,0,0,0,0,0,0,0,0,0,0,0,0,0,0,0,0,0,420.536,0,0,-645.712
"MtrElec",5,19,16,"",-139.808,0,0,0,0,0,0,0,0,0,0,0,0,0,0,0,0,0,0,0,0,409.532,0,0,-549.34
"MtrElec",5,19,17,"",80.5834,0,0,0,0,0,0,0,0,0,0,0,0,0,0,0,0,0,0,0,0,487.68,0,0,-407.097
"MtrElec",5,19,18,"",247.709,0,0,0,0,0,0,0,0,0,0,0,0,0,0,0,0,0,0,0,0,486.172,0,0,-238.463
"MtrElec",5,19,19,"",199.886,0,0,0,0,0,0,0,0,0,0,0,0,0,0,0,0,0,0,0,0,492.409,0,-223.217,-69.3064
"MtrElec",5,19,20,"",227.573,0,0,0,0,0,0,0,0,0,0,0,0,0,0,0,0,0,0,0,0,458.209,0,-223.217,-7.41941
"MtrElec",5,19,21,"",238.538,0,0,0,0,0,0,0,0,0,0,0,0,0,0,0,0,0,0,0,0,461.755,0,-223.217,0
"MtrElec",5,19,22,"",280.826,0,0,0,0,0,0,0,0,0,0,0,0,0,0,0,0,0,0,0,0,332.165,0,-51.3398,0
"MtrElec",5,19,23,"",227.265,0,0,0,0,0,0,0,0,0,0,0,0,0,0,0,0,0,0,0,0,227.265,0,0,0
"MtrElec",5,19,24,"",232.917,0,0,0,0,0,0,0,0,0,0,0,0,0,0,0,0,0,0,0,0,232.917,0,0,0
"MtrElec",5,20,1,"",160.395,0,0,0,0,0,0,0,0,0,0,0,0,0,0,0,0,0,0,0,0,160.395,0,0,0
"MtrElec",5,20,2,"",149.375,0,0,0,0,0,0,0,0,0,0,0,0,0,0,0,0,0,0,0,0,149.375,0,0,0
"MtrElec",5,20,3,"",148.156,0,0,0,0,0,0,0,0,0,0,0,0,0,0,0,0,0,0,0,0,148.156,0,0,0
"MtrElec",5,20,4,"",149.68,0,0,0,0,0,0,0,0,0,0,0,0,0,0,0,0,0,0,0,0,149.68,0,0,0
"MtrElec",5,20,5,"",137.819,0,0,0,0,0,0,0,0,0,0,0,0,0,0,0,0,0,0,0,0,137.819,0,0,0
"MtrElec",5,20,6,"",182.691,0,0,0,0,0,0,0,0,0,0,0,0,0,0,0,0,0,0,0,0,182.691,0,0,0
"MtrElec",5,20,7,"",174.588,0,0,0,0,0,0,0,0,0,0,0,0,0,0,0,0,0,0,0,0,197.438,0,0,-22.8503
"MtrElec",5,20,8,"",160.558,0,0,0,0,0,0,0,0,0,0,0,0,0,0,0,0,0,0,0,0,298.145,0,0,-137.587
"MtrElec",5,20,9,"",88.0483,0,0,0,0,0,0,0,0,0,0,0,0,0,0,0,0,0,0,0,0,403.131,0,0,-315.082
"MtrElec",5,20,10,"",3.23066,0,0,0,0,0,0,0,0,0,0,0,0,0,0,0,0,0,0,0,0,473.568,0,0,-470.337
"MtrElec",5,20,11,"",0.0000020,0,0,0,0,0,0,0,0,0,0,0,0,0,0,0,0,0,0,0,0,550.088,0,27.3261,-577.414
"MtrElec",5,20,12,"",0,0,0,0,0,0,0,0,0,0,0,0,0,0,0,0,0,0,0,0,0,563.423,0,83.4706,-646.893
"MtrElec",5,20,13,"",0.0000078,0,0,0,0,0,0,0,0,0,0,0,0,0,0,0,0,0,0,0,0,569.326,0,106.007,-675.333
"MtrElec",5,20,14,"",0,0,0,0,0,0,0,0,0,0,0,0,0,0,0,0,0,0,0,0,0,480.829,0,194.329,-675.158
"MtrElec",5,20,15,"",0,0,0,0,0,0,0,0,0,0,0,0,0,0,0,0,0,0,0,0,0,488.81,0,142.65,-631.459
"MtrElec",5,20,16,"",0,0,0,0,0,0,0,0,0,0,0,0,0,0,0,0,0,0,0,0,0,504.4,0,35.7381,-540.138
"MtrElec",5,20,17,"",113.053,0,0,0,0,0,0,0,0,0,0,0,0,0,0,0,0,0,0,0,0,517.489,0,0,-404.436
"MtrElec",5,20,18,"",326.689,0,0,0,0,0,0,0,0,0,0,0,0,0,0,0,0,0,0,0,0,560.161,0,0,-233.472
"MtrElec",5,20,19,"",256.157,0,0,0,0,0,0,0,0,0,0,0,0,0,0,0,0,0,0,0,0,548.604,0,-223.217,-69.2301
"MtrElec",5,20,20,"",256.23,0,0,0,0,0,0,0,0,0,0,0,0,0,0,0,0,0,0,0,0,487.875,0,-223.217,-8.42757
"MtrElec",5,20,21,"",355.833,0,0,0,0,0,0,0,0,0,0,0,0,0,0,0,0,0,0,0,0,441.442,0,-85.6091,0
"MtrElec",5,20,22,"",349.089,0,0,0,0,0,0,0,0,0,0,0,0,0,0,0,0,0,0,0,0,349.089,0,0,0
"MtrElec",5,20,23,"",257.328,0,0,0,0,0,0,0,0,0,0,0,0,0,0,0,0,0,0,0,0,257.328,0,0,0
"MtrElec",5,20,24,"",274.534,0,0,0,0,0,0,0,0,0,0,0,0,0,0,0,0,0,0,0,0,274.534,0,0,0
"MtrElec",5,21,1,"",180.907,0,0,0,0,0,0,0,0,0,0,0,0,0,0,0,0,0,0,0,0,180.907,0,0,0
"MtrElec",5,21,2,"",162.263,0,0,0,0,0,0,0,0,0,0,0,0,0,0,0,0,0,0,0,0,162.263,0,0,0
"MtrElec",5,21,3,"",150.787,0,0,0,0,0,0,0,0,0,0,0,0,0,0,0,0,0,0,0,0,150.787,0,0,0
"MtrElec",5,21,4,"",145.217,0,0,0,0,0,0,0,0,0,0,0,0,0,0,0,0,0,0,0,0,145.217,0,0,0
"MtrElec",5,21,5,"",141.306,0,0,0,0,0,0,0,0,0,0,0,0,0,0,0,0,0,0,0,0,141.306,0,0,0
"MtrElec",5,21,6,"",157.043,0,0,0,0,0,0,0,0,0,0,0,0,0,0,0,0,0,0,0,0,157.043,0,0,0
"MtrElec",5,21,7,"",237.594,0,0,0,0,0,0,0,0,0,0,0,0,0,0,0,0,0,0,0,0,259.66,0,0,-22.0662
"MtrElec",5,21,8,"",172.747,0,0,0,0,0,0,0,0,0,0,0,0,0,0,0,0,0,0,0,0,309.248,0,0,-136.502
"MtrElec",5,21,9,"",69.6062,0,0,0,0,0,0,0,0,0,0,0,0,0,0,0,0,0,0,0,0,378.069,0,0,-308.462
"MtrElec",5,21,10,"",29.6965,0,0,0,0,0,0,0,0,0,0,0,0,0,0,0,0,0,0,0,0,484.565,0,0,-454.868
"MtrElec",5,21,11,"",0,0,0,0,0,0,0,0,0,0,0,0,0,0,0,0,0,0,0,0,0,549.286,0,10.6409,-559.927
"MtrElec",5,21,12,"",0.0000078,0,0,0,0,0,0,0,0,0,0,0,0,0,0,0,0,0,0,0,0,550.87,0,93.1175,-643.987
"MtrElec",5,21,13,"",0.0000156,0,0,0,0,0,0,0,0,0,0,0,0,0,0,0,0,0,0,0,0,547.167,0,137.622,-684.789
"MtrElec",5,21,14,"",0,0,0,0,0,0,0,0,0,0,0,0,0,0,0,0,0,0,0,0,0,514.906,0,163.605,-678.51
"MtrElec",5,21,15,"",0,0,0,0,0,0,0,0,0,0,0,0,0,0,0,0,0,0,0,0,0,482.698,0,149.584,-632.282
"MtrElec",5,21,16,"",0,0,0,0,0,0,0,0,0,0,0,0,0,0,0,0,0,0,0,0,0,523.334,0,16.4288,-539.762
"MtrElec",5,21,17,"",121.069,0,0,0,0,0,0,0,0,0,0,0,0,0,0,0,0,0,0,0,0,529.035,0,0,-407.966
"MtrElec",5,21,18,"",302.267,0,0,0,0,0,0,0,0,0,0,0,0,0,0,0,0,0,0,0,0,542.776,0,0,-240.509
"MtrElec",5,21,19,"",240.701,0,0,0,0,0,0,0,0,0,0,0,0,0,0,0,0,0,0,0,0,533.502,0,-223.217,-69.5835
"MtrElec",5,21,20,"",248.437,0,0,0,0,0,0,0,0,0,0,0,0,0,0,0,0,0,0,0,0,478.744,0,-223.217,-7.08964
"MtrElec",5,21,21,"",384.298,0,0,0,0,0,0,0,0,0,0,0,0,0,0,0,0,0,0,0,0,453.19,0,-68.8919,0
"MtrElec",5,21,22,"",277.564,0,0,0,0,0,0,0,0,0,0,0,0,0,0,0,0,0,0,0,0,277.564,0,0,0
"MtrElec",5,21,23,"",282.584,0,0,0,0,0,0,0,0,0,0,0,0,0,0,0,0,0,0,0,0,282.584,0,0,0
"MtrElec",5,21,24,"",196.326,0,0,0,0,0,0,0,0,0,0,0,0,0,0,0,0,0,0,0,0,196.326,0,0,0
"MtrElec",5,22,1,"",152.844,0,0,0,0,0,0,0,0,0,0,0,0,0,0,0,0,0,0,0,0,152.844,0,0,0
"MtrElec",5,22,2,"",182.662,0,0,0,0,0,0,0,0,0,0,0,0,0,0,0,0,0,0,0,0,182.662,0,0,0
"MtrElec",5,22,3,"",140.692,0,0,0,0,0,0,0,0,0,0,0,0,0,0,0,0,0,0,0,0,140.692,0,0,0
"MtrElec",5,22,4,"",141.438,0,0,0,0,0,0,0,0,0,0,0,0,0,0,0,0,0,0,0,0,141.438,0,0,0
"MtrElec",5,22,5,"",140.769,0,0,0,0,0,0,0,0,0,0,0,0,0,0,0,0,0,0,0,0,140.769,0,0,0
"MtrElec",5,22,6,"",147.461,0,0,0,0,0,0,0,0,0,0,0,0,0,0,0,0,0,0,0,0,147.461,0,0,0
"MtrElec",5,22,7,"",193.529,0,0,0,0,0,0,0,0,0,0,0,0,0,0,0,0,0,0,0,0,224.552,0,0,-31.0228
"MtrElec",5,22,8,"",176.634,0,0,0,0,0,0,0,0,0,0,0,0,0,0,0,0,0,0,0,0,301.604,0,0,-124.97
"MtrElec",5,22,9,"",101.963,0,0,0,0,0,0,0,0,0,0,0,0,0,0,0,0,0,0,0,0,349.84,0,0,-247.877
"MtrElec",5,22,10,"",-45.0918,0,0,0,0,0,0,0,0,0,0,0,0,0,0,0,0,0,0,0,0,427.534,0,0,-472.626
"MtrElec",5,22,11,"",0,0,0,0,0,0,0,0,0,0,0,0,0,0,0,0,0,0,0,0,0,476.836,0,99.3153,-576.152
"MtrElec",5,22,12,"",0.0000156,0,0,0,0,0,0,0,0,0,0,0,0,0,0,0,0,0,0,0,0,469.64,0,171.147,-640.787
"MtrElec",5,22,13,"",0.0000156,0,0,0,0,0,0,0,0,0,0,0,0,0,0,0,0,0,0,0,0,462.502,0,204.664,-667.166
"MtrElec",5,22,14,"",0,0,0,0,0,0,0,0,0,0,0,0,0,0,0,0,0,0,0,0,0,453.235,0,222.285,-675.519
"MtrElec",5,22,15,"",-106.531,0,0,0,0,0,0,0,0,0,0,0,0,0,0,0,0,0,0,0,0,431.052,0,101.47,-639.053
"MtrElec",5,22,16,"",-93.6862,0,0,0,0,0,0,0,0,0,0,0,0,0,0,0,0,0,0,0,0,452.818,0,0,-546.505
"MtrElec",5,22,17,"",116.453,0,0,0,0,0,0,0,0,0,0,0,0,0,0,0,0,0,0,0,0,525.159,0,0,-408.706
"MtrElec",5,22,18,"",223.232,0,0,0,0,0,0,0,0,0,0,0,0,0,0,0,0,0,0,0,0,462.55,0,0,-239.318
"MtrElec",5,22,19,"",200.118,0,0,0,0,0,0,0,0,0,0,0,0,0,0,0,0,0,0,0,0,495.763,0,-223.217,-72.4282
"MtrElec",5,22,20,"",207.387,0,0,0,0,0,0,0,0,0,0,0,0,0,0,0,0,0,0,0,0,439.446,0,-223.217,-8.8421
"MtrElec",5,22,21,"",213.506,0,0,0,0,0,0,0,0,0,0,0,0,0,0,0,0,0,0,0,0,436.723,0,-223.217,0
"MtrElec",5,22,22,"",255.429,0,0,0,0,0,0,0,0,0,0,0,0,0,0,0,0,0,0,0,0,306.769,0,-51.3398,0
"MtrElec",5,22,23,"",247.985,0,0,0,0,0,0,0,0,0,0,0,0,0,0,0,0,0,0,0,0,247.985,0,0,0
"MtrElec",5,22,24,"",197.008,0,0,0,0,0,0,0,0,0,0,0,0,0,0,0,0,0,0,0,0,197.008,0,0,0
"MtrElec",5,23,1,"",168.844,0,0,0,0,0,0,0,0,0,0,0,0,0,0,0,0,0,0,0,0,168.844,0,0,0
"MtrElec",5,23,2,"",168.739,0,0,0,0,0,0,0,0,0,0,0,0,0,0,0,0,0,0,0,0,168.739,0,0,0
"MtrElec",5,23,3,"",158.934,0,0,0,0,0,0,0,0,0,0,0,0,0,0,0,0,0,0,0,0,158.934,0,0,0
"MtrElec",5,23,4,"",144.266,0,0,0,0,0,0,0,0,0,0,0,0,0,0,0,0,0,0,0,0,144.266,0,0,0
"MtrElec",5,23,5,"",139.757,0,0,0,0,0,0,0,0,0,0,0,0,0,0,0,0,0,0,0,0,139.757,0,0,0
"MtrElec",5,23,6,"",144.207,0,0,0,0,0,0,0,0,0,0,0,0,0,0,0,0,0,0,0,0,144.207,0,0,0
"MtrElec",5,23,7,"",153.651,0,0,0,0,0,0,0,0,0,0,0,0,0,0,0,0,0,0,0,0,177.123,0,0,-23.4719
"MtrElec",5,23,8,"",102.541,0,0,0,0,0,0,0,0,0,0,0,0,0,0,0,0,0,0,0,0,242.586,0,0,-140.046
"MtrElec",5,23,9,"",3.49094,0,0,0,0,0,0,0,0,0,0,0,0,0,0,0,0,0,0,0,0,312.595,0,0,-309.104
"MtrElec",5,23,10,"",-48.0003,0,0,0,0,0,0,0,0,0,0,0,0,0,0,0,0,0,0,0,0,373.899,0,0,-421.899
"MtrElec",5,23,11,"",0.0000078,0,0,0,0,0,0,0,0,0,0,0,0,0,0,0,0,0,0,0,0,512.814,0,70.2856,-583.099
"MtrElec",5,23,12,"",0,0,0,0,0,0,0,0,0,0,0,0,0,0,0,0,0,0,0,0,0,475.751,0,207.753,-683.504
"MtrElec",5,23,13,"",-25.7104,0,0,0,0,0,0,0,0,0,0,0,0,0,0,0,0,0,0,0,0,473.032,0,223.217,-721.959
"MtrElec",5,23,14,"",-8.41481,0,0,0,0,0,0,0,0,0,0,0,0,0,0,0,0,0,0,0,0,465.406,0,223.217,-697.037
"MtrElec",5,23,15,"",-94.2224,0,0,0,0,0,0,0,0,0,0,0,0,0,0,0,0,0,0,0,0,459.793,0,74.4091,-628.424
"MtrElec",5,23,16,"",-58.5702,0,0,0,0,0,0,0,0,0,0,0,0,0,0,0,0,0,0,0,0,472.175,0,0,-530.745
"MtrElec",5,23,17,"",59.2764,0,0,0,0,0,0,0,0,0,0,0,0,0,0,0,0,0,0,0,0,461.222,0,0,-401.946
"MtrElec",5,23,18,"",249.208,0,0,0,0,0,0,0,0,0,0,0,0,0,0,0,0,0,0,0,0,492.061,0,0,-242.854
"MtrElec",5,23,19,"",235.246,0,0,0,0,0,0,0,0,0,0,0,0,0,0,0,0,0,0,0,0,530.492,0,-223.217,-72.0298
"MtrElec",5,23,20,"",164.112,0,0,0,0,0,0,0,0,0,0,0,0,0,0,0,0,0,0,0,0,394.512,0,-223.217,-7.18269
"MtrElec",5,23,21,"",129.022,0,0,0,0,0,0,0,0,0,0,0,0,0,0,0,0,0,0,0,0,352.239,0,-223.217,0
"MtrElec",5,23,22,"",233.848,0,0,0,0,0,0,0,0,0,0,0,0,0,0,0,0,0,0,0,0,285.188,0,-51.3398,0
"MtrElec",5,23,23,"",224.846,0,0,0,0,0,0,0,0,0,0,0,0,0,0,0,0,0,0,0,0,224.846,0,0,0
"MtrElec",5,23,24,"",189.939,0,0,0,0,0,0,0,0,0,0,0,0,0,0,0,0,0,0,0,0,189.939,0,0,0
"MtrElec",5,24,1,"",157.033,0,0,0,0,0,0,0,0,0,0,0,0,0,0,0,0,0,0,0,0,157.033,0,0,0
"MtrElec",5,24,2,"",170.863,0,0,0,0,0,0,0,0,0,0,0,0,0,0,0,0,0,0,0,0,170.863,0,0,0
"MtrElec",5,24,3,"",155.015,0,0,0,0,0,0,0,0,0,0,0,0,0,0,0,0,0,0,0,0,155.015,0,0,0
"MtrElec",5,24,4,"",143.444,0,0,0,0,0,0,0,0,0,0,0,0,0,0,0,0,0,0,0,0,143.444,0,0,0
"MtrElec",5,24,5,"",169.655,0,0,0,0,0,0,0,0,0,0,0,0,0,0,0,0,0,0,0,0,169.655,0,0,0
"MtrElec",5,24,6,"",142.761,0,0,0,0,0,0,0,0,0,0,0,0,0,0,0,0,0,0,0,0,142.761,0,0,0
"MtrElec",5,24,7,"",188.512,0,0,0,0,0,0,0,0,0,0,0,0,0,0,0,0,0,0,0,0,203.604,0,0,-15.0913
"MtrElec",5,24,8,"",149.586,0,0,0,0,0,0,0,0,0,0,0,0,0,0,0,0,0,0,0,0,208.137,0,0,-58.5511
"MtrElec",5,24,9,"",181.454,0,0,0,0,0,0,0,0,0,0,0,0,0,0,0,0,0,0,0,0,302.149,0,0,-120.695
"MtrElec",5,24,10,"",74.971,0,0,0,0,0,0,0,0,0,0,0,0,0,0,0,0,0,0,0,0,325.284,0,0,-250.313
"MtrElec",5,24,11,"",0,0,0,0,0,0,0,0,0,0,0,0,0,0,0,0,0,0,0,0,0,356.668,0,132.752,-489.419
"MtrElec",5,24,12,"",0,0,0,0,0,0,0,0,0,0,0,0,0,0,0,0,0,0,0,0,0,402.755,0,198.591,-601.347
"MtrElec",5,24,13,"",0,0,0,0,0,0,0,0,0,0,0,0,0,0,0,0,0,0,0,0,0,406.546,0,216.843,-623.389
"MtrElec",5,24,14,"",-45.7247,0,0,0,0,0,0,0,0,0,0,0,0,0,0,0,0,0,0,0,0,377.785,0,223.217,-646.727
"MtrElec",5,24,15,"",-246.234,0,0,0,0,0,0,0,0,0,0,0,0,0,0,0,0,0,0,0,0,352.457,0,27.4787,-626.17
"MtrElec",5,24,16,"",-196.621,0,0,0,0,0,0,0,0,0,0,0,0,0,0,0,0,0,0,0,0,354.221,0,0,-550.842
"MtrElec",5,24,17,"",-51.4559,0,0,0,0,0,0,0,0,0,0,0,0,0,0,0,0,0,0,0,0,364.577,0,0,-416.033
"MtrElec",5,24,18,"",105.132,0,0,0,0,0,0,0,0,0,0,0,0,0,0,0,0,0,0,0,0,352.037,0,0,-246.905
"MtrElec",5,24,19,"",114.02,0,0,0,0,0,0,0,0,0,0,0,0,0,0,0,0,0,0,0,0,412.432,0,-223.217,-75.1955
"MtrElec",5,24,20,"",58.2417,0,0,0,0,0,0,0,0,0,0,0,0,0,0,0,0,0,0,0,0,291.617,0,-223.217,-10.159
"MtrElec",5,24,21,"",110.085,0,0,0,0,0,0,0,0,0,0,0,0,0,0,0,0,0,0,0,0,333.302,0,-223.217,0
"MtrElec",5,24,22,"",265.393,0,0,0,0,0,0,0,0,0,0,0,0,0,0,0,0,0,0,0,0,316.733,0,-51.3398,0
"MtrElec",5,24,23,"",189.255,0,0,0,0,0,0,0,0,0,0,0,0,0,0,0,0,0,0,0,0,189.255,0,0,0
"MtrElec",5,24,24,"",176.664,0,0,0,0,0,0,0,0,0,0,0,0,0,0,0,0,0,0,0,0,176.664,0,0,0
"MtrElec",5,25,1,"",188.918,0,0,0,0,0,0,0,0,0,0,0,0,0,0,0,0,0,0,0,0,188.918,0,0,0
"MtrElec",5,25,2,"",146.631,0,0,0,0,0,0,0,0,0,0,0,0,0,0,0,0,0,0,0,0,146.631,0,0,0
"MtrElec",5,25,3,"",142.764,0,0,0,0,0,0,0,0,0,0,0,0,0,0,0,0,0,0,0,0,142.764,0,0,0
"MtrElec",5,25,4,"",146.809,0,0,0,0,0,0,0,0,0,0,0,0,0,0,0,0,0,0,0,0,146.809,0,0,0
"MtrElec",5,25,5,"",141.301,0,0,0,0,0,0,0,0,0,0,0,0,0,0,0,0,0,0,0,0,141.301,0,0,0
"MtrElec",5,25,6,"",164.854,0,0,0,0,0,0,0,0,0,0,0,0,0,0,0,0,0,0,0,0,164.854,0,0,0
"MtrElec",5,25,7,"",189.602,0,0,0,0,0,0,0,0,0,0,0,0,0,0,0,0,0,0,0,0,204.019,0,0,-14.4164
"MtrElec",5,25,8,"",202.251,0,0,0,0,0,0,0,0,0,0,0,0,0,0,0,0,0,0,0,0,259.952,0,0,-57.7016
"MtrElec",5,25,9,"",215.881,0,0,0,0,0,0,0,0,0,0,0,0,0,0,0,0,0,0,0,0,317.958,0,0,-102.078
"MtrElec",5,25,10,"",300.913,0,0,0,0,0,0,0,0,0,0,0,0,0,0,0,0,0,0,0,0,422.426,0,0,-121.513
"MtrElec",5,25,11,"",270.474,0,0,0,0,0,0,0,0,0,0,0,0,0,0,0,0,0,0,0,0,416.684,0,0,-146.21
"MtrElec",5,25,12,"",259.095,0,0,0,0,0,0,0,0,0,0,0,0,0,0,0,0,0,0,0,0,425.627,0,0,-166.531
"MtrElec",5,25,13,"",0.0000020,0,0,0,0,0,0,0,0,0,0,0,0,0,0,0,0,0,0,0,0,409.975,0,30.9736,-440.949
"MtrElec",5,25,14,"",0,0,0,0,0,0,0,0,0,0,0,0,0,0,0,0,0,0,0,0,0,341.596,0,38.8202,-380.416
"MtrElec",5,25,15,"",43.7229,0,0,0,0,0,0,0,0,0,0,0,0,0,0,0,0,0,0,0,0,365.027,0,0,-321.304
"MtrElec",5,25,16,"",0,0,0,0,0,0,0,0,0,0,0,0,0,0,0,0,0,0,0,0,0,336.728,0,20.0662,-356.795
"MtrElec",5,25,17,"",0.0000039,0,0,0,0,0,0,0,0,0,0,0,0,0,0,0,0,0,0,0,0,375.267,0,40.0279,-415.295
"MtrElec",5,25,18,"",173.101,0,0,0,0,0,0,0,0,0,0,0,0,0,0,0,0,0,0,0,0,418.741,0,0,-245.64
"MtrElec",5,25,19,"",203.337,0,0,0,0,0,0,0,0,0,0,0,0,0,0,0,0,0,0,0,0,394.924,0,-117.224,-74.3635
"MtrElec",5,25,20,"",243.611,0,0,0,0,0,0,0,0,0,0,0,0,0,0,0,0,0,0,0,0,252.062,0,0,-8.45128
"MtrElec",5,25,21,"",287.407,0,0,0,0,0,0,0,0,0,0,0,0,0,0,0,0,0,0,0,0,287.407,0,0,0
"MtrElec",5,25,22,"",250.049,0,0,0,0,0,0,0,0,0,0,0,0,0,0,0,0,0,0,0,0,250.049,0,0,0
"MtrElec",5,25,23,"",246.361,0,0,0,0,0,0,0,0,0,0,0,0,0,0,0,0,0,0,0,0,246.361,0,0,0
"MtrElec",5,25,24,"",191.871,0,0,0,0,0,0,0,0,0,0,0,0,0,0,0,0,0,0,0,0,191.871,0,0,0
"MtrElec",5,26,1,"",147.765,0,0,0,0,0,0,0,0,0,0,0,0,0,0,0,0,0,0,0,0,147.765,0,0,0
"MtrElec",5,26,2,"",147,0,0,0,0,0,0,0,0,0,0,0,0,0,0,0,0,0,0,0,0,147,0,0,0
"MtrElec",5,26,3,"",140.443,0,0,0,0,0,0,0,0,0,0,0,0,0,0,0,0,0,0,0,0,140.443,0,0,0
"MtrElec",5,26,4,"",143.449,0,0,0,0,0,0,0,0,0,0,0,0,0,0,0,0,0,0,0,0,143.449,0,0,0
"MtrElec",5,26,5,"",139.608,0,0,0,0,0,0,0,0,0,0,0,0,0,0,0,0,0,0,0,0,139.608,0,0,0
"MtrElec",5,26,6,"",166.243,0,0,0,0,0,0,0,0,0,0,0,0,0,0,0,0,0,0,0,0,166.243,0,0,0
"MtrElec",5,26,7,"",186.15,0,0,0,0,0,0,0,0,0,0,0,0,0,0,0,0,0,0,0,0,210.288,0,0,-24.1381
"MtrElec",5,26,8,"",203.909,0,0,0,0,0,0,0,0,0,0,0,0,0,0,0,0,0,0,0,0,295.358,0,0,-91.4489
"MtrElec",5,26,9,"",194.985,0,0,0,0,0,0,0,0,0,0,0,0,0,0,0,0,0,0,0,0,362.352,0,0,-167.367
"MtrElec",5,26,10,"",134.007,0,0,0,0,0,0,0,0,0,0,0,0,0,0,0,0,0,0,0,0,401.691,0,0,-267.684
"MtrElec",5,26,11,"",235.797,0,0,0,0,0,0,0,0,0,0,0,0,0,0,0,0,0,0,0,0,428.063,0,0,-192.266
"MtrElec",5,26,12,"",176.11,0,0,0,0,0,0,0,0,0,0,0,0,0,0,0,0,0,0,0,0,429.179,0,0,-253.069
"MtrElec",5,26,13,"",211.619,0,0,0,0,0,0,0,0,0,0,0,0,0,0,0,0,0,0,0,0,420.488,0,0,-208.869
"MtrElec",5,26,14,"",164.289,0,0,0,0,0,0,0,0,0,0,0,0,0,0,0,0,0,0,0,0,372.353,0,0,-208.064
"MtrElec",5,26,15,"",195.378,0,0,0,0,0,0,0,0,0,0,0,0,0,0,0,0,0,0,0,0,346.516,0,0,-151.139
"MtrElec",5,26,16,"",202.573,0,0,0,0,0,0,0,0,0,0,0,0,0,0,0,0,0,0,0,0,401.735,0,0,-199.162
"MtrElec",5,26,17,"",90.763,0,0,0,0,0,0,0,0,0,0,0,0,0,0,0,0,0,0,0,0,398.729,0,0,-307.966
"MtrElec",5,26,18,"",211.51,0,0,0,0,0,0,0,0,0,0,0,0,0,0,0,0,0,0,0,0,418.625,0,0,-207.115
"MtrElec",5,26,19,"",314.485,0,0,0,0,0,0,0,0,0,0,0,0,0,0,0,0,0,0,0,0,391.062,0,0,-76.5769
"MtrElec",5,26,20,"",388.185,0,0,0,0,0,0,0,0,0,0,0,0,0,0,0,0,0,0,0,0,398.214,0,0,-10.029
"MtrElec",5,26,21,"",431.984,0,0,0,0,0,0,0,0,0,0,0,0,0,0,0,0,0,0,0,0,431.984,0,0,0
"MtrElec",5,26,22,"",261.798,0,0,0,0,0,0,0,0,0,0,0,0,0,0,0,0,0,0,0,0,261.798,0,0,0
"MtrElec",5,26,23,"",250.654,0,0,0,0,0,0,0,0,0,0,0,0,0,0,0,0,0,0,0,0,250.654,0,0,0
"MtrElec",5,26,24,"",185.707,0,0,0,0,0,0,0,0,0,0,0,0,0,0,0,0,0,0,0,0,185.707,0,0,0
"MtrElec",5,27,1,"",145.169,0,0,0,0,0,0,0,0,0,0,0,0,0,0,0,0,0,0,0,0,145.169,0,0,0
"MtrElec",5,27,2,"",145.098,0,0,0,0,0,0,0,0,0,0,0,0,0,0,0,0,0,0,0,0,145.098,0,0,0
"MtrElec",5,27,3,"",143.896,0,0,0,0,0,0,0,0,0,0,0,0,0,0,0,0,0,0,0,0,143.896,0,0,0
"MtrElec",5,27,4,"",172.861,0,0,0,0,0,0,0,0,0,0,0,0,0,0,0,0,0,0,0,0,172.861,0,0,0
"MtrElec",5,27,5,"",139.106,0,0,0,0,0,0,0,0,0,0,0,0,0,0,0,0,0,0,0,0,139.106,0,0,0
"MtrElec",5,27,6,"",145.588,0,0,0,0,0,0,0,0,0,0,0,0,0,0,0,0,0,0,0,0,145.588,0,0,0
"MtrElec",5,27,7,"",239.544,0,0,0,0,0,0,0,0,0,0,0,0,0,0,0,0,0,0,0,0,273.689,0,0,-34.1449
"MtrElec",5,27,8,"",167.93,0,0,0,0,0,0,0,0,0,0,0,0,0,0,0,0,0,0,0,0,312.667,0,0,-144.738
"MtrElec",5,27,9,"",62.3031,0,0,0,0,0,0,0,0,0,0,0,0,0,0,0,0,0,0,0,0,353.644,0,0,-291.341
"MtrElec",5,27,10,"",26.5479,0,0,0,0,0,0,0,0,0,0,0,0,0,0,0,0,0,0,0,0,464.696,0,0,-438.148
"MtrElec",5,27,11,"",66.3249,0,0,0,0,0,0,0,0,0,0,0,0,0,0,0,0,0,0,0,0,453.31,0,0,-386.985
"MtrElec",5,27,12,"",0,0,0,0,0,0,0,0,0,0,0,0,0,0,0,0,0,0,0,0,0,433.775,0,190.282,-624.058
"MtrElec",5,27,13,"",-73.0603,0,0,0,0,0,0,0,0,0,0,0,0,0,0,0,0,0,0,0,0,413.21,0,223.217,-709.487
"MtrElec",5,27,14,"",-102.855,0,0,0,0,0,0,0,0,0,0,0,0,0,0,0,0,0,0,0,0,375.359,0,223.217,-701.431
"MtrElec",5,27,15,"",-145.437,0,0,0,0,0,0,0,0,0,0,0,0,0,0,0,0,0,0,0,0,338.71,0,162.165,-646.312
"MtrElec",5,27,16,"",-171.598,0,0,0,0,0,0,0,0,0,0,0,0,0,0,0,0,0,0,0,0,378.075,0,0,-549.674
"MtrElec",5,27,17,"",-10.0176,0,0,0,0,0,0,0,0,0,0,0,0,0,0,0,0,0,0,0,0,405.779,0,0,-415.796
"MtrElec",5,27,18,"",210.774,0,0,0,0,0,0,0,0,0,0,0,0,0,0,0,0,0,0,0,0,456.002,0,0,-245.228
"MtrElec",5,27,19,"",97.5114,0,0,0,0,0,0,0,0,0,0,0,0,0,0,0,0,0,0,0,0,397.552,0,-223.217,-76.8236
"MtrElec",5,27,20,"",199.884,0,0,0,0,0,0,0,0,0,0,0,0,0,0,0,0,0,0,0,0,433.7,0,-223.217,-10.5988
"MtrElec",5,27,21,"",213.138,0,0,0,0,0,0,0,0,0,0,0,0,0,0,0,0,0,0,0,0,436.355,0,-223.217,0
"MtrElec",5,27,22,"",214.547,0,0,0,0,0,0,0,0,0,0,0,0,0,0,0,0,0,0,0,0,265.887,0,-51.3398,0
"MtrElec",5,27,23,"",244.497,0,0,0,0,0,0,0,0,0,0,0,0,0,0,0,0,0,0,0,0,244.497,0,0,0
"MtrElec",5,27,24,"",200.874,0,0,0,0,0,0,0,0,0,0,0,0,0,0,0,0,0,0,0,0,200.874,0,0,0
"MtrElec",5,28,1,"",152.367,0,0,0,0,0,0,0,0,0,0,0,0,0,0,0,0,0,0,0,0,152.367,0,0,0
"MtrElec",5,28,2,"",146.304,0,0,0,0,0,0,0,0,0,0,0,0,0,0,0,0,0,0,0,0,146.304,0,0,0
"MtrElec",5,28,3,"",184.129,0,0,0,0,0,0,0,0,0,0,0,0,0,0,0,0,0,0,0,0,184.129,0,0,0
"MtrElec",5,28,4,"",147.115,0,0,0,0,0,0,0,0,0,0,0,0,0,0,0,0,0,0,0,0,147.115,0,0,0
"MtrElec",5,28,5,"",146.262,0,0,0,0,0,0,0,0,0,0,0,0,0,0,0,0,0,0,0,0,146.262,0,0,0
"MtrElec",5,28,6,"",150.782,0,0,0,0,0,0,0,0,0,0,0,0,0,0,0,0,0,0,0,0,150.782,0,0,0
"MtrElec",5,28,7,"",240.574,0,0,0,0,0,0,0,0,0,0,0,0,0,0,0,0,0,0,0,0,267.338,0,0,-26.7644
"MtrElec",5,28,8,"",170.42,0,0,0,0,0,0,0,0,0,0,0,0,0,0,0,0,0,0,0,0,311.001,0,0,-140.581
"MtrElec",5,28,9,"",20.5879,0,0,0,0,0,0,0,0,0,0,0,0,0,0,0,0,0,0,0,0,330.401,0,0,-309.813
"MtrElec",5,28,10,"",-50.5435,0,0,0,0,0,0,0,0,0,0,0,0,0,0,0,0,0,0,0,0,406.372,0,0,-456.916
"MtrElec",5,28,11,"",0.0000078,0,0,0,0,0,0,0,0,0,0,0,0,0,0,0,0,0,0,0,0,456.79,0,110.954,-567.744
"MtrElec",5,28,12,"",0.0000156,0,0,0,0,0,0,0,0,0,0,0,0,0,0,0,0,0,0,0,0,438.927,0,210.66,-649.587
"MtrElec",5,28,13,"",-62.6416,0,0,0,0,0,0,0,0,0,0,0,0,0,0,0,0,0,0,0,0,414.838,0,223.217,-700.696
"MtrElec",5,28,14,"",-90.7266,0,0,0,0,0,0,0,0,0,0,0,0,0,0,0,0,0,0,0,0,379.86,0,223.217,-693.803
"MtrElec",5,28,15,"",-183.905,0,0,0,0,0,0,0,0,0,0,0,0,0,0,0,0,0,0,0,0,426.678,0,30.8334,-641.417
"MtrElec",5,28,16,"",-142.82,0,0,0,0,0,0,0,0,0,0,0,0,0,0,0,0,0,0,0,0,407.239,0,0,-550.059
"MtrElec",5,28,17,"",85.3859,0,0,0,0,0,0,0,0,0,0,0,0,0,0,0,0,0,0,0,0,498.439,0,0,-413.053
"MtrElec",5,28,18,"",205.193,0,0,0,0,0,0,0,0,0,0,0,0,0,0,0,0,0,0,0,0,447.775,0,0,-242.583
"MtrElec",5,28,19,"",130.807,0,0,0,0,0,0,0,0,0,0,0,0,0,0,0,0,0,0,0,0,431.765,0,-223.217,-77.742
"MtrElec",5,28,20,"",211.288,0,0,0,0,0,0,0,0,0,0,0,0,0,0,0,0,0,0,0,0,445.707,0,-223.217,-11.2021
"MtrElec",5,28,21,"",146.895,0,0,0,0,0,0,0,0,0,0,0,0,0,0,0,0,0,0,0,0,370.111,0,-223.217,0
"MtrElec",5,28,22,"",258.695,0,0,0,0,0,0,0,0,0,0,0,0,0,0,0,0,0,0,0,0,310.035,0,-51.3398,0
"MtrElec",5,28,23,"",262.124,0,0,0,0,0,0,0,0,0,0,0,0,0,0,0,0,0,0,0,0,262.124,0,0,0
"MtrElec",5,28,24,"",231.113,0,0,0,0,0,0,0,0,0,0,0,0,0,0,0,0,0,0,0,0,231.113,0,0,0
"MtrElec",5,29,1,"",149.581,0,0,0,0,0,0,0,0,0,0,0,0,0,0,0,0,0,0,0,0,149.581,0,0,0
"MtrElec",5,29,2,"",144.725,0,0,0,0,0,0,0,0,0,0,0,0,0,0,0,0,0,0,0,0,144.725,0,0,0
"MtrElec",5,29,3,"",140.361,0,0,0,0,0,0,0,0,0,0,0,0,0,0,0,0,0,0,0,0,140.361,0,0,0
"MtrElec",5,29,4,"",153.173,0,0,0,0,0,0,0,0,0,0,0,0,0,0,0,0,0,0,0,0,153.173,0,0,0
"MtrElec",5,29,5,"",138.451,0,0,0,0,0,0,0,0,0,0,0,0,0,0,0,0,0,0,0,0,138.451,0,0,0
"MtrElec",5,29,6,"",182.236,0,0,0,0,0,0,0,0,0,0,0,0,0,0,0,0,0,0,0,0,182.236,0,0,0
"MtrElec",5,29,7,"",178.378,0,0,0,0,0,0,0,0,0,0,0,0,0,0,0,0,0,0,0,0,200.074,0,0,-21.6955
"MtrElec",5,29,8,"",211.812,0,0,0,0,0,0,0,0,0,0,0,0,0,0,0,0,0,0,0,0,291.402,0,0,-79.5899
"MtrElec",5,29,9,"",241.925,0,0,0,0,0,0,0,0,0,0,0,0,0,0,0,0,0,0,0,0,388.185,0,0,-146.26
"MtrElec",5,29,10,"",301.704,0,0,0,0,0,0,0,0,0,0,0,0,0,0,0,0,0,0,0,0,505.457,0,0,-203.753
"MtrElec",5,29,11,"",220.975,0,0,0,0,0,0,0,0,0,0,0,0,0,0,0,0,0,0,0,0,492.689,0,0,-271.714
"MtrElec",5,29,12,"",0,0,0,0,0,0,0,0,0,0,0,0,0,0,0,0,0,0,0,0,0,431.083,0,154.699,-585.782
"MtrElec",5,29,13,"",0,0,0,0,0,0,0,0,0,0,0,0,0,0,0,0,0,0,0,0,0,449.481,0,210.701,-660.182
"MtrElec",5,29,14,"",0.0000156,0,0,0,0,0,0,0,0,0,0,0,0,0,0,0,0,0,0,0,0,371.214,0,220.925,-592.138
"MtrElec",5,29,15,"",0,0,0,0,0,0,0,0,0,0,0,0,0,0,0,0,0,0,0,0,0,383.501,0,183.966,-567.467
"MtrElec",5,29,16,"",-27.7434,0,0,0,0,0,0,0,0,0,0,0,0,0,0,0,0,0,0,0,0,414.548,0,28.5913,-470.882
"MtrElec",5,29,17,"",72.5544,0,0,0,0,0,0,0,0,0,0,0,0,0,0,0,0,0,0,0,0,472.411,0,0,-399.856
"MtrElec",5,29,18,"",170.613,0,0,0,0,0,0,0,0,0,0,0,0,0,0,0,0,0,0,0,0,410.347,0,0,-239.734
"MtrElec",5,29,19,"",145.816,0,0,0,0,0,0,0,0,0,0,0,0,0,0,0,0,0,0,0,0,449.84,0,-223.217,-80.807
"MtrElec",5,29,20,"",156.703,0,0,0,0,0,0,0,0,0,0,0,0,0,0,0,0,0,0,0,0,392.42,0,-223.217,-12.4997
"MtrElec",5,29,21,"",160.628,0,0,0,0,0,0,0,0,0,0,0,0,0,0,0,0,0,0,0,0,383.845,0,-223.217,0
"MtrElec",5,29,22,"",244.28,0,0,0,0,0,0,0,0,0,0,0,0,0,0,0,0,0,0,0,0,295.62,0,-51.3398,0
"MtrElec",5,29,23,"",253.594,0,0,0,0,0,0,0,0,0,0,0,0,0,0,0,0,0,0,0,0,253.594,0,0,0
"MtrElec",5,29,24,"",243.263,0,0,0,0,0,0,0,0,0,0,0,0,0,0,0,0,0,0,0,0,243.263,0,0,0
"MtrElec",5,30,1,"",156.473,0,0,0,0,0,0,0,0,0,0,0,0,0,0,0,0,0,0,0,0,156.473,0,0,0
"MtrElec",5,30,2,"",147.832,0,0,0,0,0,0,0,0,0,0,0,0,0,0,0,0,0,0,0,0,147.832,0,0,0
"MtrElec",5,30,3,"",143.603,0,0,0,0,0,0,0,0,0,0,0,0,0,0,0,0,0,0,0,0,143.603,0,0,0
"MtrElec",5,30,4,"",143.39,0,0,0,0,0,0,0,0,0,0,0,0,0,0,0,0,0,0,0,0,143.39,0,0,0
"MtrElec",5,30,5,"",147.152,0,0,0,0,0,0,0,0,0,0,0,0,0,0,0,0,0,0,0,0,147.152,0,0,0
"MtrElec",5,30,6,"",142.352,0,0,0,0,0,0,0,0,0,0,0,0,0,0,0,0,0,0,0,0,142.352,0,0,0
"MtrElec",5,30,7,"",190.949,0,0,0,0,0,0,0,0,0,0,0,0,0,0,0,0,0,0,0,0,211.336,0,0,-20.3874
"MtrElec",5,30,8,"",192.401,0,0,0,0,0,0,0,0,0,0,0,0,0,0,0,0,0,0,0,0,269.534,0,0,-77.1324
"MtrElec",5,30,9,"",182.616,0,0,0,0,0,0,0,0,0,0,0,0,0,0,0,0,0,0,0,0,315.432,0,0,-132.816
"MtrElec",5,30,10,"",189.593,0,0,0,0,0,0,0,0,0,0,0,0,0,0,0,0,0,0,0,0,402.117,0,0,-212.524
"MtrElec",5,30,11,"",208.809,0,0,0,0,0,0,0,0,0,0,0,0,0,0,0,0,0,0,0,0,452.016,0,0,-243.207
"MtrElec",5,30,12,"",60.525,0,0,0,0,0,0,0,0,0,0,0,0,0,0,0,0,0,0,0,0,496.023,0,0,-435.498
"MtrElec",5,30,13,"",-0.459375,0,0,0,0,0,0,0,0,0,0,0,0,0,0,0,0,0,0,0,0,474.939,0,223.217,-698.615
"MtrElec",5,30,14,"",0,0,0,0,0,0,0,0,0,0,0,0,0,0,0,0,0,0,0,0,0,457.387,0,220.918,-678.305
"MtrElec",5,30,15,"",0,0,0,0,0,0,0,0,0,0,0,0,0,0,0,0,0,0,0,0,0,447.256,0,157.648,-604.904
"MtrElec",5,30,16,"",0,0,0,0,0,0,0,0,0,0,0,0,0,0,0,0,0,0,0,0,0,439.374,0,79.3301,-518.705
"MtrElec",5,30,17,"",54.8564,0,0,0,0,0,0,0,0,0,0,0,0,0,0,0,0,0,0,0,0,437.474,0,0,-382.617
"MtrElec",5,30,18,"",248.748,0,0,0,0,0,0,0,0,0,0,0,0,0,0,0,0,0,0,0,0,416.124,0,0,-167.377
"MtrElec",5,30,19,"",184.21,0,0,0,0,0,0,0,0,0,0,0,0,0,0,0,0,0,0,0,0,448.693,0,-223.217,-41.2657
"MtrElec",5,30,20,"",88.0623,0,0,0,0,0,0,0,0,0,0,0,0,0,0,0,0,0,0,0,0,316.055,0,-223.217,-4.77547
"MtrElec",5,30,21,"",187.667,0,0,0,0,0,0,0,0,0,0,0,0,0,0,0,0,0,0,0,0,355.937,0,-168.271,0
"MtrElec",5,30,22,"",343.739,0,0,0,0,0,0,0,0,0,0,0,0,0,0,0,0,0,0,0,0,343.739,0,0,0
"MtrElec",5,30,23,"",192.665,0,0,0,0,0,0,0,0,0,0,0,0,0,0,0,0,0,0,0,0,192.665,0,0,0
"MtrElec",5,30,24,"",182.439,0,0,0,0,0,0,0,0,0,0,0,0,0,0,0,0,0,0,0,0,182.439,0,0,0
"MtrElec",5,31,1,"",149.521,0,0,0,0,0,0,0,0,0,0,0,0,0,0,0,0,0,0,0,0,149.521,0,0,0
"MtrElec",5,31,2,"",180.715,0,0,0,0,0,0,0,0,0,0,0,0,0,0,0,0,0,0,0,0,180.715,0,0,0
"MtrElec",5,31,3,"",142.415,0,0,0,0,0,0,0,0,0,0,0,0,0,0,0,0,0,0,0,0,142.415,0,0,0
"MtrElec",5,31,4,"",144.406,0,0,0,0,0,0,0,0,0,0,0,0,0,0,0,0,0,0,0,0,144.406,0,0,0
"MtrElec",5,31,5,"",175.778,0,0,0,0,0,0,0,0,0,0,0,0,0,0,0,0,0,0,0,0,175.778,0,0,0
"MtrElec",5,31,6,"",144.645,0,0,0,0,0,0,0,0,0,0,0,0,0,0,0,0,0,0,0,0,144.645,0,0,0
"MtrElec",5,31,7,"",181.595,0,0,0,0,0,0,0,0,0,0,0,0,0,0,0,0,0,0,0,0,195.984,0,0,-14.3894
"MtrElec",5,31,8,"",142.787,0,0,0,0,0,0,0,0,0,0,0,0,0,0,0,0,0,0,0,0,199.682,0,0,-56.8951
"MtrElec",5,31,9,"",216.314,0,0,0,0,0,0,0,0,0,0,0,0,0,0,0,0,0,0,0,0,302.904,0,0,-86.5893
"MtrElec",5,31,10,"",186.386,0,0,0,0,0,0,0,0,0,0,0,0,0,0,0,0,0,0,0,0,309.16,0,0,-122.774
"MtrElec",5,31,11,"",302.341,0,0,0,0,0,0,0,0,0,0,0,0,0,0,0,0,0,0,0,0,374.469,0,0,-72.1278
"MtrElec",5,31,12,"",171.282,0,0,0,0,0,0,0,0,0,0,0,0,0,0,0,0,0,0,0,0,375.759,0,0,-204.476
"MtrElec",5,31,13,"",132.647,0,0,0,0,0,0,0,0,0,0,0,0,0,0,0,0,0,0,0,0,430.128,0,0,-297.481
"MtrElec",5,31,14,"",178.177,0,0,0,0,0,0,0,0,0,0,0,0,0,0,0,0,0,0,0,0,348.983,0,0,-170.807
"MtrElec",5,31,15,"",80.974,0,0,0,0,0,0,0,0,0,0,0,0,0,0,0,0,0,0,0,0,333.165,0,0,-252.191
"MtrElec",5,31,16,"",127.597,0,0,0,0,0,0,0,0,0,0,0,0,0,0,0,0,0,0,0,0,359.721,0,0,-232.125
"MtrElec",5,31,17,"",119.519,0,0,0,0,0,0,0,0,0,0,0,0,0,0,0,0,0,0,0,0,315.363,0,0,-195.844
"MtrElec",5,31,18,"",166.597,0,0,0,0,0,0,0,0,0,0,0,0,0,0,0,0,0,0,0,0,345.059,0,0,-178.463
"MtrElec",5,31,19,"",352.197,0,0,0,0,0,0,0,0,0,0,0,0,0,0,0,0,0,0,0,0,431.605,0,0,-79.4082
"MtrElec",5,31,20,"",298.287,0,0,0,0,0,0,0,0,0,0,0,0,0,0,0,0,0,0,0,0,310.733,0,0,-12.4467
"MtrElec",5,31,21,"",283.552,0,0,0,0,0,0,0,0,0,0,0,0,0,0,0,0,0,0,0,0,283.552,0,0,0
"MtrElec",5,31,22,"",274.392,0,0,0,0,0,0,0,0,0,0,0,0,0,0,0,0,0,0,0,0,274.392,0,0,0
"MtrElec",5,31,23,"",227.829,0,0,0,0,0,0,0,0,0,0,0,0,0,0,0,0,0,0,0,0,227.829,0,0,0
"MtrElec",5,31,24,"",188.079,0,0,0,0,0,0,0,0,0,0,0,0,0,0,0,0,0,0,0,0,188.079,0,0,0
"MtrElec",6,1,1,"",155.408,0,0,0,0,0,0,0,0,0,0,0,0,0,0,0,0,0,0,0,0,155.408,0,0,0
"MtrElec",6,1,2,"",141.958,0,0,0,0,0,0,0,0,0,0,0,0,0,0,0,0,0,0,0,0,141.958,0,0,0
"MtrElec",6,1,3,"",138.695,0,0,0,0,0,0,0,0,0,0,0,0,0,0,0,0,0,0,0,0,138.695,0,0,0
"MtrElec",6,1,4,"",141.2,0,0,0,0,0,0,0,0,0,0,0,0,0,0,0,0,0,0,0,0,141.2,0,0,0
"MtrElec",6,1,5,"",136.359,0,0,0,0,0,0,0,0,0,0,0,0,0,0,0,0,0,0,0,0,136.359,0,0,0
"MtrElec",6,1,6,"",183.636,0,0,0,0,0,0,0,0,0,0,0,0,0,0,0,0,0,0,0,0,183.636,0,0,0
"MtrElec",6,1,7,"",213.405,0,0,0,0,0,0,0,0,0,0,0,0,0,0,0,0,0,0,0,0,221.196,0,0,-7.7908
"MtrElec",6,1,8,"",283.246,0,0,0,0,0,0,0,0,0,0,0,0,0,0,0,0,0,0,0,0,318.282,0,0,-35.0367
"MtrElec",6,1,9,"",310.521,0,0,0,0,0,0,0,0,0,0,0,0,0,0,0,0,0,0,0,0,380.355,0,0,-69.8336
"MtrElec",6,1,10,"",234.891,0,0,0,0,0,0,0,0,0,0,0,0,0,0,0,0,0,0,0,0,360.731,0,0,-125.841
"MtrElec",6,1,11,"",243.886,0,0,0,0,0,0,0,0,0,0,0,0,0,0,0,0,0,0,0,0,421.396,0,0,-177.51
"MtrElec",6,1,12,"",65.5326,0,0,0,0,0,0,0,0,0,0,0,0,0,0,0,0,0,0,0,0,412.767,0,0,-347.234
"MtrElec",6,1,13,"",-3.26416,0,0,0,0,0,0,0,0,0,0,0,0,0,0,0,0,0,0,0,0,386.732,0,223.217,-613.213
"MtrElec",6,1,14,"",-27.3778,0,0,0,0,0,0,0,0,0,0,0,0,0,0,0,0,0,0,0,0,407.229,0,223.217,-657.823
"MtrElec",6,1,15,"",0,0,0,0,0,0,0,0,0,0,0,0,0,0,0,0,0,0,0,0,0,402.489,0,219.743,-622.232
"MtrElec",6,1,16,"",0,0,0,0,0,0,0,0,0,0,0,0,0,0,0,0,0,0,0,0,0,424.794,0,108.931,-533.726
"MtrElec",6,1,17,"",43.8966,0,0,0,0,0,0,0,0,0,0,0,0,0,0,0,0,0,0,0,0,456.063,0,0,-412.167
"MtrElec",6,1,18,"",200.987,0,0,0,0,0,0,0,0,0,0,0,0,0,0,0,0,0,0,0,0,449.236,0,0,-248.248
"MtrElec",6,1,19,"",126.649,0,0,0,0,0,0,0,0,0,0,0,0,0,0,0,0,0,0,0,0,431.605,0,-223.217,-81.7387
"MtrElec",6,1,20,"",141.963,0,0,0,0,0,0,0,0,0,0,0,0,0,0,0,0,0,0,0,0,377.577,0,-223.217,-12.3972
"MtrElec",6,1,21,"",140.05,0,0,0,0,0,0,0,0,0,0,0,0,0,0,0,0,0,0,0,0,363.267,0,-223.217,0
"MtrElec",6,1,22,"",241.534,0,0,0,0,0,0,0,0,0,0,0,0,0,0,0,0,0,0,0,0,271.418,0,-29.884,0
"MtrElec",6,1,23,"",242.569,0,0,0,0,0,0,0,0,0,0,0,0,0,0,0,0,0,0,0,0,242.569,0,0,0
"MtrElec",6,1,24,"",233.48,0,0,0,0,0,0,0,0,0,0,0,0,0,0,0,0,0,0,0,0,233.48,0,0,0
"MtrElec",6,2,1,"",176.781,0,0,0,0,0,0,0,0,0,0,0,0,0,0,0,0,0,0,0,0,176.781,0,0,0
"MtrElec",6,2,2,"",145.402,0,0,0,0,0,0,0,0,0,0,0,0,0,0,0,0,0,0,0,0,145.402,0,0,0
"MtrElec",6,2,3,"",144.188,0,0,0,0,0,0,0,0,0,0,0,0,0,0,0,0,0,0,0,0,144.188,0,0,0
"MtrElec",6,2,4,"",140.896,0,0,0,0,0,0,0,0,0,0,0,0,0,0,0,0,0,0,0,0,140.896,0,0,0
"MtrElec",6,2,5,"",138.17,0,0,0,0,0,0,0,0,0,0,0,0,0,0,0,0,0,0,0,0,138.17,0,0,0
"MtrElec",6,2,6,"",151.343,0,0,0,0,0,0,0,0,0,0,0,0,0,0,0,0,0,0,0,0,151.343,0,0,0
"MtrElec",6,2,7,"",244.077,0,0,0,0,0,0,0,0,0,0,0,0,0,0,0,0,0,0,0,0,270.241,0,0,-26.1639
"MtrElec",6,2,8,"",173.022,0,0,0,0,0,0,0,0,0,0,0,0,0,0,0,0,0,0,0,0,313.015,0,0,-139.994
"MtrElec",6,2,9,"",37.8248,0,0,0,0,0,0,0,0,0,0,0,0,0,0,0,0,0,0,0,0,347.653,0,0,-309.828
"MtrElec",6,2,10,"",-6.0045,0,0,0,0,0,0,0,0,0,0,0,0,0,0,0,0,0,0,0,0,453.992,0,0,-459.997
"MtrElec",6,2,11,"",0.0000078,0,0,0,0,0,0,0,0,0,0,0,0,0,0,0,0,0,0,0,0,489.042,0,84.4836,-573.525
"MtrElec",6,2,12,"",0,0,0,0,0,0,0,0,0,0,0,0,0,0,0,0,0,0,0,0,0,489.345,0,154.79,-644.135
"MtrElec",6,2,13,"",0,0,0,0,0,0,0,0,0,0,0,0,0,0,0,0,0,0,0,0,0,507.566,0,166.966,-674.532
"MtrElec",6,2,14,"",-37.6592,0,0,0,0,0,0,0,0,0,0,0,0,0,0,0,0,0,0,0,0,422.89,0,223.217,-683.766
"MtrElec",6,2,15,"",-40.5617,0,0,0,0,0,0,0,0,0,0,0,0,0,0,0,0,0,0,0,0,432.547,0,169.425,-642.534
"MtrElec",6,2,16,"",-115.269,0,0,0,0,0,0,0,0,0,0,0,0,0,0,0,0,0,0,0,0,434.802,0,0,-550.071
"MtrElec",6,2,17,"",37.1226,0,0,0,0,0,0,0,0,0,0,0,0,0,0,0,0,0,0,0,0,453.914,0,0,-416.791
"MtrElec",6,2,18,"",255.694,0,0,0,0,0,0,0,0,0,0,0,0,0,0,0,0,0,0,0,0,505.758,0,0,-250.064
"MtrElec",6,2,19,"",186.028,0,0,0,0,0,0,0,0,0,0,0,0,0,0,0,0,0,0,0,0,488.328,0,-223.217,-79.0837
"MtrElec",6,2,20,"",206.965,0,0,0,0,0,0,0,0,0,0,0,0,0,0,0,0,0,0,0,0,440.197,0,-223.217,-10.0148
"MtrElec",6,2,21,"",198.114,0,0,0,0,0,0,0,0,0,0,0,0,0,0,0,0,0,0,0,0,421.331,0,-223.217,0
"MtrElec",6,2,22,"",194.383,0,0,0,0,0,0,0,0,0,0,0,0,0,0,0,0,0,0,0,0,245.723,0,-51.3398,0
"MtrElec",6,2,23,"",256.461,0,0,0,0,0,0,0,0,0,0,0,0,0,0,0,0,0,0,0,0,256.461,0,0,0
"MtrElec",6,2,24,"",173.397,0,0,0,0,0,0,0,0,0,0,0,0,0,0,0,0,0,0,0,0,173.397,0,0,0
"MtrElec",6,3,1,"",156.095,0,0,0,0,0,0,0,0,0,0,0,0,0,0,0,0,0,0,0,0,156.095,0,0,0
"MtrElec",6,3,2,"",144.763,0,0,0,0,0,0,0,0,0,0,0,0,0,0,0,0,0,0,0,0,144.763,0,0,0
"MtrElec",6,3,3,"",178.678,0,0,0,0,0,0,0,0,0,0,0,0,0,0,0,0,0,0,0,0,178.678,0,0,0
"MtrElec",6,3,4,"",143.562,0,0,0,0,0,0,0,0,0,0,0,0,0,0,0,0,0,0,0,0,143.562,0,0,0
"MtrElec",6,3,5,"",142.467,0,0,0,0,0,0,0,0,0,0,0,0,0,0,0,0,0,0,0,0,142.467,0,0,0
"MtrElec",6,3,6,"",143.365,0,0,0,0,0,0,0,0,0,0,0,0,0,0,0,0,0,0,0,0,143.365,0,0,0
"MtrElec",6,3,7,"",216.88,0,0,0,0,0,0,0,0,0,0,0,0,0,0,0,0,0,0,0,0,240.99,0,0,-24.1095
"MtrElec",6,3,8,"",146.502,0,0,0,0,0,0,0,0,0,0,0,0,0,0,0,0,0,0,0,0,288.479,0,0,-141.977
"MtrElec",6,3,9,"",55.7087,0,0,0,0,0,0,0,0,0,0,0,0,0,0,0,0,0,0,0,0,373.541,0,0,-317.832
"MtrElec",6,3,10,"",-4.73081,0,0,0,0,0,0,0,0,0,0,0,0,0,0,0,0,0,0,0,0,461.318,0,0,-466.049
"MtrElec",6,3,11,"",0,0,0,0,0,0,0,0,0,0,0,0,0,0,0,0,0,0,0,0,0,432.632,0,148.57,-581.202
"MtrElec",6,3,12,"",0,0,0,0,0,0,0,0,0,0,0,0,0,0,0,0,0,0,0,0,0,458.554,0,187.36,-645.914
"MtrElec",6,3,13,"",0.0000156,0,0,0,0,0,0,0,0,0,0,0,0,0,0,0,0,0,0,0,0,527.568,0,146.219,-673.787
"MtrElec",6,3,14,"",-22.5898,0,0,0,0,0,0,0,0,0,0,0,0,0,0,0,0,0,0,0,0,427.657,0,223.217,-673.464
"MtrElec",6,3,15,"",-95.2154,0,0,0,0,0,0,0,0,0,0,0,0,0,0,0,0,0,0,0,0,437.904,0,93.5162,-626.635
"MtrElec",6,3,16,"",-62.5292,0,0,0,0,0,0,0,0,0,0,0,0,0,0,0,0,0,0,0,0,467.627,0,0,-530.156
"MtrElec",6,3,17,"",143.593,0,0,0,0,0,0,0,0,0,0,0,0,0,0,0,0,0,0,0,0,536.678,0,0,-393.085
"MtrElec",6,3,18,"",329.409,0,0,0,0,0,0,0,0,0,0,0,0,0,0,0,0,0,0,0,0,569.343,0,0,-239.934
"MtrElec",6,3,19,"",212.53,0,0,0,0,0,0,0,0,0,0,0,0,0,0,0,0,0,0,0,0,516.564,0,-223.217,-80.8173
"MtrElec",6,3,20,"",213.957,0,0,0,0,0,0,0,0,0,0,0,0,0,0,0,0,0,0,0,0,448.877,0,-223.217,-11.7033
"MtrElec",6,3,21,"",200.936,0,0,0,0,0,0,0,0,0,0,0,0,0,0,0,0,0,0,0,0,424.153,0,-223.217,0
"MtrElec",6,3,22,"",228.206,0,0,0,0,0,0,0,0,0,0,0,0,0,0,0,0,0,0,0,0,279.545,0,-51.3398,0
"MtrElec",6,3,23,"",268.672,0,0,0,0,0,0,0,0,0,0,0,0,0,0,0,0,0,0,0,0,268.672,0,0,0
"MtrElec",6,3,24,"",190.449,0,0,0,0,0,0,0,0,0,0,0,0,0,0,0,0,0,0,0,0,190.449,0,0,0
"MtrElec",6,4,1,"",146.089,0,0,0,0,0,0,0,0,0,0,0,0,0,0,0,0,0,0,0,0,146.089,0,0,0
"MtrElec",6,4,2,"",144.097,0,0,0,0,0,0,0,0,0,0,0,0,0,0,0,0,0,0,0,0,144.097,0,0,0
"MtrElec",6,4,3,"",139.009,0,0,0,0,0,0,0,0,0,0,0,0,0,0,0,0,0,0,0,0,139.009,0,0,0
"MtrElec",6,4,4,"",140.47,0,0,0,0,0,0,0,0,0,0,0,0,0,0,0,0,0,0,0,0,140.47,0,0,0
"MtrElec",6,4,5,"",171.465,0,0,0,0,0,0,0,0,0,0,0,0,0,0,0,0,0,0,0,0,171.465,0,0,0
"MtrElec",6,4,6,"",141.798,0,0,0,0,0,0,0,0,0,0,0,0,0,0,0,0,0,0,0,0,141.798,0,0,0
"MtrElec",6,4,7,"",198.647,0,0,0,0,0,0,0,0,0,0,0,0,0,0,0,0,0,0,0,0,235.237,0,0,-36.5908
"MtrElec",6,4,8,"",147.544,0,0,0,0,0,0,0,0,0,0,0,0,0,0,0,0,0,0,0,0,288.845,0,0,-141.301
"MtrElec",6,4,9,"",60.0736,0,0,0,0,0,0,0,0,0,0,0,0,0,0,0,0,0,0,0,0,330.717,0,0,-270.643
"MtrElec",6,4,10,"",-8.86297,0,0,0,0,0,0,0,0,0,0,0,0,0,0,0,0,0,0,0,0,439.849,0,0,-448.712
"MtrElec",6,4,11,"",0,0,0,0,0,0,0,0,0,0,0,0,0,0,0,0,0,0,0,0,0,427.814,0,161.064,-588.878
"MtrElec",6,4,12,"",-12.1133,0,0,0,0,0,0,0,0,0,0,0,0,0,0,0,0,0,0,0,0,437.273,0,223.217,-672.603
"MtrElec",6,4,13,"",0,0,0,0,0,0,0,0,0,0,0,0,0,0,0,0,0,0,0,0,0,480.644,0,220.282,-700.926
"MtrElec",6,4,14,"",-103.485,0,0,0,0,0,0,0,0,0,0,0,0,0,0,0,0,0,0,0,0,394.276,0,194.319,-692.08
"MtrElec",6,4,15,"",-267.342,0,0,0,0,0,0,0,0,0,0,0,0,0,0,0,0,0,0,0,0,383.821,0,0,-651.163
"MtrElec",6,4,16,"",-101.635,0,0,0,0,0,0,0,0,0,0,0,0,0,0,0,0,0,0,0,0,452.225,0,0,-553.86
"MtrElec",6,4,17,"",43.9825,0,0,0,0,0,0,0,0,0,0,0,0,0,0,0,0,0,0,0,0,457.21,0,0,-413.227
"MtrElec",6,4,18,"",267.541,0,0,0,0,0,0,0,0,0,0,0,0,0,0,0,0,0,0,0,0,517.806,0,0,-250.265
"MtrElec",6,4,19,"",166.663,0,0,0,0,0,0,0,0,0,0,0,0,0,0,0,0,0,0,0,0,470.92,0,-223.217,-81.0395
"MtrElec",6,4,20,"",144.985,0,0,0,0,0,0,0,0,0,0,0,0,0,0,0,0,0,0,0,0,377.587,0,-223.217,-9.38511
"MtrElec",6,4,21,"",167.572,0,0,0,0,0,0,0,0,0,0,0,0,0,0,0,0,0,0,0,0,390.789,0,-223.217,0
"MtrElec",6,4,22,"",186.957,0,0,0,0,0,0,0,0,0,0,0,0,0,0,0,0,0,0,0,0,238.297,0,-51.3398,0
"MtrElec",6,4,23,"",263.532,0,0,0,0,0,0,0,0,0,0,0,0,0,0,0,0,0,0,0,0,263.532,0,0,0
"MtrElec",6,4,24,"",168.8,0,0,0,0,0,0,0,0,0,0,0,0,0,0,0,0,0,0,0,0,168.8,0,0,0
"MtrElec",6,5,1,"",153.141,0,0,0,0,0,0,0,0,0,0,0,0,0,0,0,0,0,0,0,0,153.141,0,0,0
"MtrElec",6,5,2,"",145.445,0,0,0,0,0,0,0,0,0,0,0,0,0,0,0,0,0,0,0,0,145.445,0,0,0
"MtrElec",6,5,3,"",138.349,0,0,0,0,0,0,0,0,0,0,0,0,0,0,0,0,0,0,0,0,138.349,0,0,0
"MtrElec",6,5,4,"",140.765,0,0,0,0,0,0,0,0,0,0,0,0,0,0,0,0,0,0,0,0,140.765,0,0,0
"MtrElec",6,5,5,"",137.959,0,0,0,0,0,0,0,0,0,0,0,0,0,0,0,0,0,0,0,0,137.959,0,0,0
"MtrElec",6,5,6,"",184.715,0,0,0,0,0,0,0,0,0,0,0,0,0,0,0,0,0,0,0,0,184.715,0,0,0
"MtrElec",6,5,7,"",210.837,0,0,0,0,0,0,0,0,0,0,0,0,0,0,0,0,0,0,0,0,243.673,0,0,-32.8357
"MtrElec",6,5,8,"",184.891,0,0,0,0,0,0,0,0,0,0,0,0,0,0,0,0,0,0,0,0,303.555,0,0,-118.664
"MtrElec",6,5,9,"",132.633,0,0,0,0,0,0,0,0,0,0,0,0,0,0,0,0,0,0,0,0,327.888,0,0,-195.255
"MtrElec",6,5,10,"",88.1414,0,0,0,0,0,0,0,0,0,0,0,0,0,0,0,0,0,0,0,0,422.266,0,0,-334.125
"MtrElec",6,5,11,"",0.0000156,0,0,0,0,0,0,0,0,0,0,0,0,0,0,0,0,0,0,0,0,361.946,0,194.62,-556.566
"MtrElec",6,5,12,"",-44.9207,0,0,0,0,0,0,0,0,0,0,0,0,0,0,0,0,0,0,0,0,392.754,0,223.217,-660.892
"MtrElec",6,5,13,"",-127.242,0,0,0,0,0,0,0,0,0,0,0,0,0,0,0,0,0,0,0,0,358.128,0,223.217,-708.587
"MtrElec",6,5,14,"",-182.669,0,0,0,0,0,0,0,0,0,0,0,0,0,0,0,0,0,0,0,0,352.286,0,157.828,-692.783
"MtrElec",6,5,15,"",-280.797,0,0,0,0,0,0,0,0,0,0,0,0,0,0,0,0,0,0,0,0,365.57,0,0,-646.366
"MtrElec",6,5,16,"",-173.454,0,0,0,0,0,0,0,0,0,0,0,0,0,0,0,0,0,0,0,0,387.95,0,0,-561.404
"MtrElec",6,5,17,"",-1.54666,0,0,0,0,0,0,0,0,0,0,0,0,0,0,0,0,0,0,0,0,423.163,0,0,-424.71
"MtrElec",6,5,18,"",147.259,0,0,0,0,0,0,0,0,0,0,0,0,0,0,0,0,0,0,0,0,405.096,0,0,-257.838
"MtrElec",6,5,19,"",92.7818,0,0,0,0,0,0,0,0,0,0,0,0,0,0,0,0,0,0,0,0,397.46,0,-223.217,-81.461
"MtrElec",6,5,20,"",154.66,0,0,0,0,0,0,0,0,0,0,0,0,0,0,0,0,0,0,0,0,387.312,0,-223.217,-9.43527
"MtrElec",6,5,21,"",182.821,0,0,0,0,0,0,0,0,0,0,0,0,0,0,0,0,0,0,0,0,406.038,0,-223.217,0
"MtrElec",6,5,22,"",230.024,0,0,0,0,0,0,0,0,0,0,0,0,0,0,0,0,0,0,0,0,281.363,0,-51.3398,0
"MtrElec",6,5,23,"",249.141,0,0,0,0,0,0,0,0,0,0,0,0,0,0,0,0,0,0,0,0,249.141,0,0,0
"MtrElec",6,5,24,"",200.7,0,0,0,0,0,0,0,0,0,0,0,0,0,0,0,0,0,0,0,0,200.7,0,0,0
"MtrElec",6,6,1,"",160.163,0,0,0,0,0,0,0,0,0,0,0,0,0,0,0,0,0,0,0,0,160.163,0,0,0
"MtrElec",6,6,2,"",143.822,0,0,0,0,0,0,0,0,0,0,0,0,0,0,0,0,0,0,0,0,143.822,0,0,0
"MtrElec",6,6,3,"",180.595,0,0,0,0,0,0,0,0,0,0,0,0,0,0,0,0,0,0,0,0,180.595,0,0,0
"MtrElec",6,6,4,"",147.068,0,0,0,0,0,0,0,0,0,0,0,0,0,0,0,0,0,0,0,0,147.068,0,0,0
"MtrElec",6,6,5,"",161.948,0,0,0,0,0,0,0,0,0,0,0,0,0,0,0,0,0,0,0,0,161.948,0,0,0
"MtrElec",6,6,6,"",141.973,0,0,0,0,0,0,0,0,0,0,0,0,0,0,0,0,0,0,0,0,141.973,0,0,0
"MtrElec",6,6,7,"",164.259,0,0,0,0,0,0,0,0,0,0,0,0,0,0,0,0,0,0,0,0,180.884,0,0,-16.625
"MtrElec",6,6,8,"",177.13,0,0,0,0,0,0,0,0,0,0,0,0,0,0,0,0,0,0,0,0,238.005,0,0,-60.8748
"MtrElec",6,6,9,"",194.336,0,0,0,0,0,0,0,0,0,0,0,0,0,0,0,0,0,0,0,0,302.008,0,0,-107.672
"MtrElec",6,6,10,"",221.303,0,0,0,0,0,0,0,0,0,0,0,0,0,0,0,0,0,0,0,0,392.212,0,0,-170.909
"MtrElec",6,6,11,"",234.265,0,0,0,0,0,0,0,0,0,0,0,0,0,0,0,0,0,0,0,0,492.027,0,0,-257.762
"MtrElec",6,6,12,"",0,0,0,0,0,0,0,0,0,0,0,0,0,0,0,0,0,0,0,0,0,524.084,0,17.9598,-542.044
"MtrElec",6,6,13,"",0,0,0,0,0,0,0,0,0,0,0,0,0,0,0,0,0,0,0,0,0,479.535,0,198.856,-678.392
"MtrElec",6,6,14,"",-1.56281,0,0,0,0,0,0,0,0,0,0,0,0,0,0,0,0,0,0,0,0,456.671,0,223.217,-681.45
"MtrElec",6,6,15,"",0,0,0,0,0,0,0,0,0,0,0,0,0,0,0,0,0,0,0,0,0,450.662,0,176.105,-626.767
"MtrElec",6,6,16,"",0,0,0,0,0,0,0,0,0,0,0,0,0,0,0,0,0,0,0,0,0,423.781,0,124.667,-548.448
"MtrElec",6,6,17,"",0.0000005,0,0,0,0,0,0,0,0,0,0,0,0,0,0,0,0,0,0,0,0,414.493,0,6.55031,-421.043
"MtrElec",6,6,18,"",178.757,0,0,0,0,0,0,0,0,0,0,0,0,0,0,0,0,0,0,0,0,430.725,0,0,-251.968
"MtrElec",6,6,19,"",192.052,0,0,0,0,0,0,0,0,0,0,0,0,0,0,0,0,0,0,0,0,496.842,0,-223.217,-81.573
"MtrElec",6,6,20,"",101.9,0,0,0,0,0,0,0,0,0,0,0,0,0,0,0,0,0,0,0,0,335.715,0,-223.217,-10.5978
"MtrElec",6,6,21,"",100.581,0,0,0,0,0,0,0,0,0,0,0,0,0,0,0,0,0,0,0,0,323.798,0,-223.217,0
"MtrElec",6,6,22,"",296.368,0,0,0,0,0,0,0,0,0,0,0,0,0,0,0,0,0,0,0,0,301.206,0,-4.83757,0
"MtrElec",6,6,23,"",219.38,0,0,0,0,0,0,0,0,0,0,0,0,0,0,0,0,0,0,0,0,219.38,0,0,0
"MtrElec",6,6,24,"",221.4,0,0,0,0,0,0,0,0,0,0,0,0,0,0,0,0,0,0,0,0,221.4,0,0,0
"MtrElec",6,7,1,"",154.061,0,0,0,0,0,0,0,0,0,0,0,0,0,0,0,0,0,0,0,0,154.061,0,0,0
"MtrElec",6,7,2,"",143.019,0,0,0,0,0,0,0,0,0,0,0,0,0,0,0,0,0,0,0,0,143.019,0,0,0
"MtrElec",6,7,3,"",142.881,0,0,0,0,0,0,0,0,0,0,0,0,0,0,0,0,0,0,0,0,142.881,0,0,0
"MtrElec",6,7,4,"",143.481,0,0,0,0,0,0,0,0,0,0,0,0,0,0,0,0,0,0,0,0,143.481,0,0,0
"MtrElec",6,7,5,"",168.499,0,0,0,0,0,0,0,0,0,0,0,0,0,0,0,0,0,0,0,0,168.499,0,0,0
"MtrElec",6,7,6,"",176.753,0,0,0,0,0,0,0,0,0,0,0,0,0,0,0,0,0,0,0,0,176.753,0,0,0
"MtrElec",6,7,7,"",120.422,0,0,0,0,0,0,0,0,0,0,0,0,0,0,0,0,0,0,0,0,147.751,0,0,-27.3286
"MtrElec",6,7,8,"",133.67,0,0,0,0,0,0,0,0,0,0,0,0,0,0,0,0,0,0,0,0,228.418,0,0,-94.7477
"MtrElec",6,7,9,"",64.2614,0,0,0,0,0,0,0,0,0,0,0,0,0,0,0,0,0,0,0,0,235.436,0,0,-171.174
"MtrElec",6,7,10,"",105.148,0,0,0,0,0,0,0,0,0,0,0,0,0,0,0,0,0,0,0,0,331.407,0,0,-226.26
"MtrElec",6,7,11,"",41.6817,0,0,0,0,0,0,0,0,0,0,0,0,0,0,0,0,0,0,0,0,433.536,0,0,-391.855
"MtrElec",6,7,12,"",0,0,0,0,0,0,0,0,0,0,0,0,0,0,0,0,0,0,0,0,0,419.427,0,167.758,-587.185
"MtrElec",6,7,13,"",-101.887,0,0,0,0,0,0,0,0,0,0,0,0,0,0,0,0,0,0,0,0,337.051,0,223.217,-662.155
"MtrElec",6,7,14,"",-78.3179,0,0,0,0,0,0,0,0,0,0,0,0,0,0,0,0,0,0,0,0,359.23,0,223.217,-660.765
"MtrElec",6,7,15,"",-86.507,0,0,0,0,0,0,0,0,0,0,0,0,0,0,0,0,0,0,0,0,352.157,0,184.69,-623.353
"MtrElec",6,7,16,"",-181.988,0,0,0,0,0,0,0,0,0,0,0,0,0,0,0,0,0,0,0,0,353.607,0,0,-535.595
"MtrElec",6,7,17,"",-49.4026,0,0,0,0,0,0,0,0,0,0,0,0,0,0,0,0,0,0,0,0,359.353,0,0,-408.756
"MtrElec",6,7,18,"",106.345,0,0,0,0,0,0,0,0,0,0,0,0,0,0,0,0,0,0,0,0,355.18,0,0,-248.834
"MtrElec",6,7,19,"",89.6805,0,0,0,0,0,0,0,0,0,0,0,0,0,0,0,0,0,0,0,0,394.733,0,-223.217,-81.836
"MtrElec",6,7,20,"",61.0476,0,0,0,0,0,0,0,0,0,0,0,0,0,0,0,0,0,0,0,0,294.856,0,-223.217,-10.5912
"MtrElec",6,7,21,"",51.716,0,0,0,0,0,0,0,0,0,0,0,0,0,0,0,0,0,0,0,0,274.933,0,-223.217,0
"MtrElec",6,7,22,"",230.223,0,0,0,0,0,0,0,0,0,0,0,0,0,0,0,0,0,0,0,0,281.563,0,-51.3398,0
"MtrElec",6,7,23,"",198.033,0,0,0,0,0,0,0,0,0,0,0,0,0,0,0,0,0,0,0,0,198.033,0,0,0
"MtrElec",6,7,24,"",248.77,0,0,0,0,0,0,0,0,0,0,0,0,0,0,0,0,0,0,0,0,248.77,0,0,0
"MtrElec",6,8,1,"",163.543,0,0,0,0,0,0,0,0,0,0,0,0,0,0,0,0,0,0,0,0,163.543,0,0,0
"MtrElec",6,8,2,"",144.263,0,0,0,0,0,0,0,0,0,0,0,0,0,0,0,0,0,0,0,0,144.263,0,0,0
"MtrElec",6,8,3,"",141.206,0,0,0,0,0,0,0,0,0,0,0,0,0,0,0,0,0,0,0,0,141.206,0,0,0
"MtrElec",6,8,4,"",143.454,0,0,0,0,0,0,0,0,0,0,0,0,0,0,0,0,0,0,0,0,143.454,0,0,0
"MtrElec",6,8,5,"",142.351,0,0,0,0,0,0,0,0,0,0,0,0,0,0,0,0,0,0,0,0,142.351,0,0,0
"MtrElec",6,8,6,"",174.822,0,0,0,0,0,0,0,0,0,0,0,0,0,0,0,0,0,0,0,0,174.822,0,0,0
"MtrElec",6,8,7,"",176.061,0,0,0,0,0,0,0,0,0,0,0,0,0,0,0,0,0,0,0,0,206.302,0,0,-30.2407
"MtrElec",6,8,8,"",190.96,0,0,0,0,0,0,0,0,0,0,0,0,0,0,0,0,0,0,0,0,298.347,0,0,-107.387
"MtrElec",6,8,9,"",115.992,0,0,0,0,0,0,0,0,0,0,0,0,0,0,0,0,0,0,0,0,310.45,0,0,-194.458
"MtrElec",6,8,10,"",46.1054,0,0,0,0,0,0,0,0,0,0,0,0,0,0,0,0,0,0,0,0,409.597,0,0,-363.491
"MtrElec",6,8,11,"",0,0,0,0,0,0,0,0,0,0,0,0,0,0,0,0,0,0,0,0,0,440.186,0,103.043,-543.229
"MtrElec",6,8,12,"",-37.4787,0,0,0,0,0,0,0,0,0,0,0,0,0,0,0,0,0,0,0,0,391.277,0,223.217,-651.972
"MtrElec",6,8,13,"",0,0,0,0,0,0,0,0,0,0,0,0,0,0,0,0,0,0,0,0,0,461.976,0,220.292,-682.269
"MtrElec",6,8,14,"",-58.0454,0,0,0,0,0,0,0,0,0,0,0,0,0,0,0,0,0,0,0,0,373.568,0,223.217,-654.83
"MtrElec",6,8,15,"",-182.178,0,0,0,0,0,0,0,0,0,0,0,0,0,0,0,0,0,0,0,0,414.589,0,29.1128,-625.88
"MtrElec",6,8,16,"",-165.91,0,0,0,0,0,0,0,0,0,0,0,0,0,0,0,0,0,0,0,0,379.089,0,0,-544.998
"MtrElec",6,8,17,"",-5.85862,0,0,0,0,0,0,0,0,0,0,0,0,0,0,0,0,0,0,0,0,411.163,0,0,-417.021
"MtrElec",6,8,18,"",216.566,0,0,0,0,0,0,0,0,0,0,0,0,0,0,0,0,0,0,0,0,469.463,0,0,-252.896
"MtrElec",6,8,19,"",128.168,0,0,0,0,0,0,0,0,0,0,0,0,0,0,0,0,0,0,0,0,435.058,0,-223.217,-83.6729
"MtrElec",6,8,20,"",186.288,0,0,0,0,0,0,0,0,0,0,0,0,0,0,0,0,0,0,0,0,420.724,0,-223.217,-11.2192
"MtrElec",6,8,21,"",167.947,0,0,0,0,0,0,0,0,0,0,0,0,0,0,0,0,0,0,0,0,391.164,0,-223.217,0
"MtrElec",6,8,22,"",234.298,0,0,0,0,0,0,0,0,0,0,0,0,0,0,0,0,0,0,0,0,285.638,0,-51.3398,0
"MtrElec",6,8,23,"",197.47,0,0,0,0,0,0,0,0,0,0,0,0,0,0,0,0,0,0,0,0,197.47,0,0,0
"MtrElec",6,8,24,"",220.443,0,0,0,0,0,0,0,0,0,0,0,0,0,0,0,0,0,0,0,0,220.443,0,0,0
"MtrElec",6,9,1,"",169.642,0,0,0,0,0,0,0,0,0,0,0,0,0,0,0,0,0,0,0,0,169.642,0,0,0
"MtrElec",6,9,2,"",143.159,0,0,0,0,0,0,0,0,0,0,0,0,0,0,0,0,0,0,0,0,143.159,0,0,0
"MtrElec",6,9,3,"",140.694,0,0,0,0,0,0,0,0,0,0,0,0,0,0,0,0,0,0,0,0,140.694,0,0,0
"MtrElec",6,9,4,"",143.332,0,0,0,0,0,0,0,0,0,0,0,0,0,0,0,0,0,0,0,0,143.332,0,0,0
"MtrElec",6,9,5,"",142.157,0,0,0,0,0,0,0,0,0,0,0,0,0,0,0,0,0,0,0,0,142.157,0,0,0
"MtrElec",6,9,6,"",166.5,0,0,0,0,0,0,0,0,0,0,0,0,0,0,0,0,0,0,0,0,166.5,0,0,0
"MtrElec",6,9,7,"",205.245,0,0,0,0,0,0,0,0,0,0,0,0,0,0,0,0,0,0,0,0,239.178,0,0,-33.9326
"MtrElec",6,9,8,"",177.197,0,0,0,0,0,0,0,0,0,0,0,0,0,0,0,0,0,0,0,0,303.62,0,0,-126.423
"MtrElec",6,9,9,"",116.193,0,0,0,0,0,0,0,0,0,0,0,0,0,0,0,0,0,0,0,0,302.853,0,0,-186.66
"MtrElec",6,9,10,"",320.399,0,0,0,0,0,0,0,0,0,0,0,0,0,0,0,0,0,0,0,0,430.807,0,0,-110.408
"MtrElec",6,9,11,"",203.912,0,0,0,0,0,0,0,0,0,0,0,0,0,0,0,0,0,0,0,0,415.865,0,0,-211.953
"MtrElec",6,9,12,"",66.0578,0,0,0,0,0,0,0,0,0,0,0,0,0,0,0,0,0,0,0,0,390.178,0,0,-324.12
"MtrElec",6,9,13,"",0,0,0,0,0,0,0,0,0,0,0,0,0,0,0,0,0,0,0,0,0,407.648,0,15.9524,-423.601
"MtrElec",6,9,14,"",0.0000156,0,0,0,0,0,0,0,0,0,0,0,0,0,0,0,0,0,0,0,0,364.928,0,220.991,-585.919
"MtrElec",6,9,15,"",0,0,0,0,0,0,0,0,0,0,0,0,0,0,0,0,0,0,0,0,0,406.461,0,135.303,-541.764
"MtrElec",6,9,16,"",0,0,0,0,0,0,0,0,0,0,0,0,0,0,0,0,0,0,0,0,0,385.333,0,82.8186,-468.152
"MtrElec",6,9,17,"",126.274,0,0,0,0,0,0,0,0,0,0,0,0,0,0,0,0,0,0,0,0,435.966,0,0,-309.691
"MtrElec",6,9,18,"",372.871,0,0,0,0,0,0,0,0,0,0,0,0,0,0,0,0,0,0,0,0,478.737,0,0,-105.866
"MtrElec",6,9,19,"",110.203,0,0,0,0,0,0,0,0,0,0,0,0,0,0,0,0,0,0,0,0,414.305,0,-223.217,-80.8854
"MtrElec",6,9,20,"",210.14,0,0,0,0,0,0,0,0,0,0,0,0,0,0,0,0,0,0,0,0,410.573,0,-187.48,-12.9528
"MtrElec",6,9,21,"",430.643,0,0,0,0,0,0,0,0,0,0,0,0,0,0,0,0,0,0,0,0,430.643,0,0,0
"MtrElec",6,9,22,"",268.501,0,0,0,0,0,0,0,0,0,0,0,0,0,0,0,0,0,0,0,0,268.501,0,0,0
"MtrElec",6,9,23,"",224.144,0,0,0,0,0,0,0,0,0,0,0,0,0,0,0,0,0,0,0,0,224.144,0,0,0
"MtrElec",6,9,24,"",174.566,0,0,0,0,0,0,0,0,0,0,0,0,0,0,0,0,0,0,0,0,174.566,0,0,0
"MtrElec",6,10,1,"",150.681,0,0,0,0,0,0,0,0,0,0,0,0,0,0,0,0,0,0,0,0,150.681,0,0,0
"MtrElec",6,10,2,"",148.899,0,0,0,0,0,0,0,0,0,0,0,0,0,0,0,0,0,0,0,0,148.899,0,0,0
"MtrElec",6,10,3,"",179.602,0,0,0,0,0,0,0,0,0,0,0,0,0,0,0,0,0,0,0,0,179.602,0,0,0
"MtrElec",6,10,4,"",146.19,0,0,0,0,0,0,0,0,0,0,0,0,0,0,0,0,0,0,0,0,146.19,0,0,0
"MtrElec",6,10,5,"",138.803,0,0,0,0,0,0,0,0,0,0,0,0,0,0,0,0,0,0,0,0,138.803,0,0,0
"MtrElec",6,10,6,"",143.675,0,0,0,0,0,0,0,0,0,0,0,0,0,0,0,0,0,0,0,0,143.675,0,0,0
"MtrElec",6,10,7,"",232.989,0,0,0,0,0,0,0,0,0,0,0,0,0,0,0,0,0,0,0,0,236.364,0,0,-3.3751
"MtrElec",6,10,8,"",266.525,0,0,0,0,0,0,0,0,0,0,0,0,0,0,0,0,0,0,0,0,288.274,0,0,-21.7488
"MtrElec",6,10,9,"",284.118,0,0,0,0,0,0,0,0,0,0,0,0,0,0,0,0,0,0,0,0,342.06,0,0,-57.9422
"MtrElec",6,10,10,"",250.514,0,0,0,0,0,0,0,0,0,0,0,0,0,0,0,0,0,0,0,0,377.297,0,0,-126.783
"MtrElec",6,10,11,"",123.026,0,0,0,0,0,0,0,0,0,0,0,0,0,0,0,0,0,0,0,0,418.24,0,0,-295.214
"MtrElec",6,10,12,"",0,0,0,0,0,0,0,0,0,0,0,0,0,0,0,0,0,0,0,0,0,449.56,0,65.7598,-515.319
"MtrElec",6,10,13,"",0,0,0,0,0,0,0,0,0,0,0,0,0,0,0,0,0,0,0,0,0,438.61,0,126.265,-564.875
"MtrElec",6,10,14,"",0,0,0,0,0,0,0,0,0,0,0,0,0,0,0,0,0,0,0,0,0,411.494,0,180.948,-592.442
"MtrElec",6,10,15,"",0,0,0,0,0,0,0,0,0,0,0,0,0,0,0,0,0,0,0,0,0,391.929,0,175.506,-567.435
"MtrElec",6,10,16,"",0,0,0,0,0,0,0,0,0,0,0,0,0,0,0,0,0,0,0,0,0,451.563,0,68.9166,-520.479
"MtrElec",6,10,17,"",111.874,0,0,0,0,0,0,0,0,0,0,0,0,0,0,0,0,0,0,0,0,488.294,0,0,-376.421
"MtrElec",6,10,18,"",242.103,0,0,0,0,0,0,0,0,0,0,0,0,0,0,0,0,0,0,0,0,456.927,0,0,-214.823
"MtrElec",6,10,19,"",124.616,0,0,0,0,0,0,0,0,0,0,0,0,0,0,0,0,0,0,0,0,434.355,0,-223.217,-86.5227
"MtrElec",6,10,20,"",211.804,0,0,0,0,0,0,0,0,0,0,0,0,0,0,0,0,0,0,0,0,447.854,0,-223.217,-12.8328
"MtrElec",6,10,21,"",310.183,0,0,0,0,0,0,0,0,0,0,0,0,0,0,0,0,0,0,0,0,420.949,0,-110.766,0
"MtrElec",6,10,22,"",283.911,0,0,0,0,0,0,0,0,0,0,0,0,0,0,0,0,0,0,0,0,283.911,0,0,0
"MtrElec",6,10,23,"",293.536,0,0,0,0,0,0,0,0,0,0,0,0,0,0,0,0,0,0,0,0,293.536,0,0,0
"MtrElec",6,10,24,"",210.081,0,0,0,0,0,0,0,0,0,0,0,0,0,0,0,0,0,0,0,0,210.081,0,0,0
"MtrElec",6,11,1,"",162.465,0,0,0,0,0,0,0,0,0,0,0,0,0,0,0,0,0,0,0,0,162.465,0,0,0
"MtrElec",6,11,2,"",168.807,0,0,0,0,0,0,0,0,0,0,0,0,0,0,0,0,0,0,0,0,168.807,0,0,0
"MtrElec",6,11,3,"",147.826,0,0,0,0,0,0,0,0,0,0,0,0,0,0,0,0,0,0,0,0,147.826,0,0,0
"MtrElec",6,11,4,"",139.355,0,0,0,0,0,0,0,0,0,0,0,0,0,0,0,0,0,0,0,0,139.355,0,0,0
"MtrElec",6,11,5,"",137.281,0,0,0,0,0,0,0,0,0,0,0,0,0,0,0,0,0,0,0,0,137.281,0,0,0
"MtrElec",6,11,6,"",153.642,0,0,0,0,0,0,0,0,0,0,0,0,0,0,0,0,0,0,0,0,153.642,0,0,0
"MtrElec",6,11,7,"",237.177,0,0,0,0,0,0,0,0,0,0,0,0,0,0,0,0,0,0,0,0,258.199,0,0,-21.0225
"MtrElec",6,11,8,"",226.329,0,0,0,0,0,0,0,0,0,0,0,0,0,0,0,0,0,0,0,0,301.207,0,0,-74.878
"MtrElec",6,11,9,"",229.254,0,0,0,0,0,0,0,0,0,0,0,0,0,0,0,0,0,0,0,0,366.737,0,0,-137.483
"MtrElec",6,11,10,"",308.524,0,0,0,0,0,0,0,0,0,0,0,0,0,0,0,0,0,0,0,0,439.412,0,0,-130.888
"MtrElec",6,11,11,"",319.892,0,0,0,0,0,0,0,0,0,0,0,0,0,0,0,0,0,0,0,0,407.058,0,0,-87.1663
"MtrElec",6,11,12,"",285.129,0,0,0,0,0,0,0,0,0,0,0,0,0,0,0,0,0,0,0,0,396.985,0,0,-111.856
"MtrElec",6,11,13,"",347.8,0,0,0,0,0,0,0,0,0,0,0,0,0,0,0,0,0,0,0,0,449.406,0,0,-101.607
"MtrElec",6,11,14,"",293.299,0,0,0,0,0,0,0,0,0,0,0,0,0,0,0,0,0,0,0,0,383.368,0,0,-90.0681
"MtrElec",6,11,15,"",267.85,0,0,0,0,0,0,0,0,0,0,0,0,0,0,0,0,0,0,0,0,366.696,0,0,-98.8461
"MtrElec",6,11,16,"",305.628,0,0,0,0,0,0,0,0,0,0,0,0,0,0,0,0,0,0,0,0,386.459,0,0,-80.8309
"MtrElec",6,11,17,"",331.899,0,0,0,0,0,0,0,0,0,0,0,0,0,0,0,0,0,0,0,0,393.44,0,0,-61.5407
"MtrElec",6,11,18,"",339.667,0,0,0,0,0,0,0,0,0,0,0,0,0,0,0,0,0,0,0,0,415.312,0,0,-75.645
"MtrElec",6,11,19,"",339.128,0,0,0,0,0,0,0,0,0,0,0,0,0,0,0,0,0,0,0,0,415.964,0,0,-76.8353
"MtrElec",6,11,20,"",400.641,0,0,0,0,0,0,0,0,0,0,0,0,0,0,0,0,0,0,0,0,414.166,0,0,-13.5248
"MtrElec",6,11,21,"",467.842,0,0,0,0,0,0,0,0,0,0,0,0,0,0,0,0,0,0,0,0,467.842,0,0,0
"MtrElec",6,11,22,"",255.803,0,0,0,0,0,0,0,0,0,0,0,0,0,0,0,0,0,0,0,0,255.803,0,0,0
"MtrElec",6,11,23,"",297.721,0,0,0,0,0,0,0,0,0,0,0,0,0,0,0,0,0,0,0,0,297.721,0,0,0
"MtrElec",6,11,24,"",217.846,0,0,0,0,0,0,0,0,0,0,0,0,0,0,0,0,0,0,0,0,217.846,0,0,0
"MtrElec",6,12,1,"",206.298,0,0,0,0,0,0,0,0,0,0,0,0,0,0,0,0,0,0,0,0,206.298,0,0,0
"MtrElec",6,12,2,"",149.724,0,0,0,0,0,0,0,0,0,0,0,0,0,0,0,0,0,0,0,0,149.724,0,0,0
"MtrElec",6,12,3,"",139.306,0,0,0,0,0,0,0,0,0,0,0,0,0,0,0,0,0,0,0,0,139.306,0,0,0
"MtrElec",6,12,4,"",140.34,0,0,0,0,0,0,0,0,0,0,0,0,0,0,0,0,0,0,0,0,140.34,0,0,0
"MtrElec",6,12,5,"",136.414,0,0,0,0,0,0,0,0,0,0,0,0,0,0,0,0,0,0,0,0,136.414,0,0,0
"MtrElec",6,12,6,"",162.23,0,0,0,0,0,0,0,0,0,0,0,0,0,0,0,0,0,0,0,0,162.23,0,0,0
"MtrElec",6,12,7,"",208.995,0,0,0,0,0,0,0,0,0,0,0,0,0,0,0,0,0,0,0,0,215.329,0,0,-6.33413
"MtrElec",6,12,8,"",275.288,0,0,0,0,0,0,0,0,0,0,0,0,0,0,0,0,0,0,0,0,305.226,0,0,-29.9382
"MtrElec",6,12,9,"",302.23,0,0,0,0,0,0,0,0,0,0,0,0,0,0,0,0,0,0,0,0,359.117,0,0,-56.8878
"MtrElec",6,12,10,"",286.467,0,0,0,0,0,0,0,0,0,0,0,0,0,0,0,0,0,0,0,0,391.202,0,0,-104.735
"MtrElec",6,12,11,"",213.372,0,0,0,0,0,0,0,0,0,0,0,0,0,0,0,0,0,0,0,0,366.225,0,0,-152.853
"MtrElec",6,12,12,"",212.388,0,0,0,0,0,0,0,0,0,0,0,0,0,0,0,0,0,0,0,0,393.996,0,0,-181.608
"MtrElec",6,12,13,"",31.1226,0,0,0,0,0,0,0,0,0,0,0,0,0,0,0,0,0,0,0,0,423.778,0,0,-392.655
"MtrElec",6,12,14,"",0.0000010,0,0,0,0,0,0,0,0,0,0,0,0,0,0,0,0,0,0,0,0,373.517,0,14.3304,-387.847
"MtrElec",6,12,15,"",0,0,0,0,0,0,0,0,0,0,0,0,0,0,0,0,0,0,0,0,0,381.262,0,82.7032,-463.965
"MtrElec",6,12,16,"",0,0,0,0,0,0,0,0,0,0,0,0,0,0,0,0,0,0,0,0,0,366.587,0,151.145,-517.732
"MtrElec",6,12,17,"",0,0,0,0,0,0,0,0,0,0,0,0,0,0,0,0,0,0,0,0,0,394.317,0,19.9444,-414.262
"MtrElec",6,12,18,"",214.65,0,0,0,0,0,0,0,0,0,0,0,0,0,0,0,0,0,0,0,0,456.688,0,0,-242.037
"MtrElec",6,12,19,"",140.953,0,0,0,0,0,0,0,0,0,0,0,0,0,0,0,0,0,0,0,0,447.837,0,-223.217,-83.6667
"MtrElec",6,12,20,"",366.954,0,0,0,0,0,0,0,0,0,0,0,0,0,0,0,0,0,0,0,0,396.17,0,-18.7642,-10.4513
"MtrElec",6,12,21,"",375.451,0,0,0,0,0,0,0,0,0,0,0,0,0,0,0,0,0,0,0,0,375.451,0,0,0
"MtrElec",6,12,22,"",254.79,0,0,0,0,0,0,0,0,0,0,0,0,0,0,0,0,0,0,0,0,254.79,0,0,0
"MtrElec",6,12,23,"",297.866,0,0,0,0,0,0,0,0,0,0,0,0,0,0,0,0,0,0,0,0,297.866,0,0,0
"MtrElec",6,12,24,"",205.073,0,0,0,0,0,0,0,0,0,0,0,0,0,0,0,0,0,0,0,0,205.073,0,0,0
"MtrElec",6,13,1,"",151.163,0,0,0,0,0,0,0,0,0,0,0,0,0,0,0,0,0,0,0,0,151.163,0,0,0
"MtrElec",6,13,2,"",145.565,0,0,0,0,0,0,0,0,0,0,0,0,0,0,0,0,0,0,0,0,145.565,0,0,0
"MtrElec",6,13,3,"",142.491,0,0,0,0,0,0,0,0,0,0,0,0,0,0,0,0,0,0,0,0,142.491,0,0,0
"MtrElec",6,13,4,"",181.144,0,0,0,0,0,0,0,0,0,0,0,0,0,0,0,0,0,0,0,0,181.144,0,0,0
"MtrElec",6,13,5,"",170.958,0,0,0,0,0,0,0,0,0,0,0,0,0,0,0,0,0,0,0,0,170.958,0,0,0
"MtrElec",6,13,6,"",145.424,0,0,0,0,0,0,0,0,0,0,0,0,0,0,0,0,0,0,0,0,145.424,0,0,0
"MtrElec",6,13,7,"",142.608,0,0,0,0,0,0,0,0,0,0,0,0,0,0,0,0,0,0,0,0,166.246,0,0,-23.6375
"MtrElec",6,13,8,"",174.639,0,0,0,0,0,0,0,0,0,0,0,0,0,0,0,0,0,0,0,0,258.329,0,0,-83.6899
"MtrElec",6,13,9,"",117.572,0,0,0,0,0,0,0,0,0,0,0,0,0,0,0,0,0,0,0,0,273.702,0,0,-156.13
"MtrElec",6,13,10,"",167.491,0,0,0,0,0,0,0,0,0,0,0,0,0,0,0,0,0,0,0,0,381.18,0,0,-213.689
"MtrElec",6,13,11,"",173.496,0,0,0,0,0,0,0,0,0,0,0,0,0,0,0,0,0,0,0,0,446.253,0,0,-272.757
"MtrElec",6,13,12,"",78.5956,0,0,0,0,0,0,0,0,0,0,0,0,0,0,0,0,0,0,0,0,495.392,0,0,-416.796
"MtrElec",6,13,13,"",0,0,0,0,0,0,0,0,0,0,0,0,0,0,0,0,0,0,0,0,0,474.765,0,62.3167,-537.082
"MtrElec",6,13,14,"",-39.774,0,0,0,0,0,0,0,0,0,0,0,0,0,0,0,0,0,0,0,0,408.989,0,223.217,-671.98
"MtrElec",6,13,15,"",0.0000156,0,0,0,0,0,0,0,0,0,0,0,0,0,0,0,0,0,0,0,0,438.074,0,189.993,-628.067
"MtrElec",6,13,16,"",0,0,0,0,0,0,0,0,0,0,0,0,0,0,0,0,0,0,0,0,0,442.268,0,101.155,-543.423
"MtrElec",6,13,17,"",0,0,0,0,0,0,0,0,0,0,0,0,0,0,0,0,0,0,0,0,0,417.114,0,0.363656,-417.477
"MtrElec",6,13,18,"",193.118,0,0,0,0,0,0,0,0,0,0,0,0,0,0,0,0,0,0,0,0,446.243,0,0,-253.125
"MtrElec",6,13,19,"",192.839,0,0,0,0,0,0,0,0,0,0,0,0,0,0,0,0,0,0,0,0,503.332,0,-223.217,-87.2761
"MtrElec",6,13,20,"",146.076,0,0,0,0,0,0,0,0,0,0,0,0,0,0,0,0,0,0,0,0,382.358,0,-223.217,-13.0649
"MtrElec",6,13,21,"",262.373,0,0,0,0,0,0,0,0,0,0,0,0,0,0,0,0,0,0,0,0,336.723,0,-74.3498,0
"MtrElec",6,13,22,"",294.773,0,0,0,0,0,0,0,0,0,0,0,0,0,0,0,0,0,0,0,0,294.773,0,0,0
"MtrElec",6,13,23,"",234.112,0,0,0,0,0,0,0,0,0,0,0,0,0,0,0,0,0,0,0,0,234.112,0,0,0
"MtrElec",6,13,24,"",193.34,0,0,0,0,0,0,0,0,0,0,0,0,0,0,0,0,0,0,0,0,193.34,0,0,0
"MtrElec",6,14,1,"",162.422,0,0,0,0,0,0,0,0,0,0,0,0,0,0,0,0,0,0,0,0,162.422,0,0,0
"MtrElec",6,14,2,"",144.125,0,0,0,0,0,0,0,0,0,0,0,0,0,0,0,0,0,0,0,0,144.125,0,0,0
"MtrElec",6,14,3,"",147.672,0,0,0,0,0,0,0,0,0,0,0,0,0,0,0,0,0,0,0,0,147.672,0,0,0
"MtrElec",6,14,4,"",143.487,0,0,0,0,0,0,0,0,0,0,0,0,0,0,0,0,0,0,0,0,143.487,0,0,0
"MtrElec",6,14,5,"",160.983,0,0,0,0,0,0,0,0,0,0,0,0,0,0,0,0,0,0,0,0,160.983,0,0,0
"MtrElec",6,14,6,"",144.61,0,0,0,0,0,0,0,0,0,0,0,0,0,0,0,0,0,0,0,0,144.61,0,0,0
"MtrElec",6,14,7,"",168.102,0,0,0,0,0,0,0,0,0,0,0,0,0,0,0,0,0,0,0,0,177.42,0,0,-9.31767
"MtrElec",6,14,8,"",164.962,0,0,0,0,0,0,0,0,0,0,0,0,0,0,0,0,0,0,0,0,203.089,0,0,-38.1274
"MtrElec",6,14,9,"",194.344,0,0,0,0,0,0,0,0,0,0,0,0,0,0,0,0,0,0,0,0,265.416,0,0,-71.0724
"MtrElec",6,14,10,"",185.885,0,0,0,0,0,0,0,0,0,0,0,0,0,0,0,0,0,0,0,0,297.016,0,0,-111.131
"MtrElec",6,14,11,"",253.969,0,0,0,0,0,0,0,0,0,0,0,0,0,0,0,0,0,0,0,0,413.814,0,0,-159.846
"MtrElec",6,14,12,"",58.3172,0,0,0,0,0,0,0,0,0,0,0,0,0,0,0,0,0,0,0,0,311.808,0,0,-253.491
"MtrElec",6,14,13,"",0,0,0,0,0,0,0,0,0,0,0,0,0,0,0,0,0,0,0,0,0,374.929,0,72.6582,-447.587
"MtrElec",6,14,14,"",-123.922,0,0,0,0,0,0,0,0,0,0,0,0,0,0,0,0,0,0,0,0,310.48,0,223.217,-657.619
"MtrElec",6,14,15,"",-95.7893,0,0,0,0,0,0,0,0,0,0,0,0,0,0,0,0,0,0,0,0,325.997,0,223.217,-645.003
"MtrElec",6,14,16,"",0,0,0,0,0,0,0,0,0,0,0,0,0,0,0,0,0,0,0,0,0,322.704,0,223.156,-545.86
"MtrElec",6,14,17,"",-75.7038,0,0,0,0,0,0,0,0,0,0,0,0,0,0,0,0,0,0,0,0,294.275,0,56.6334,-426.612
"MtrElec",6,14,18,"",110.357,0,0,0,0,0,0,0,0,0,0,0,0,0,0,0,0,0,0,0,0,371.272,0,0,-260.914
"MtrElec",6,14,19,"",85.04,0,0,0,0,0,0,0,0,0,0,0,0,0,0,0,0,0,0,0,0,395.904,0,-223.217,-87.6469
"MtrElec",6,14,20,"",50.931,0,0,0,0,0,0,0,0,0,0,0,0,0,0,0,0,0,0,0,0,286.548,0,-223.217,-12.3999
"MtrElec",6,14,21,"",25.8315,0,0,0,0,0,0,0,0,0,0,0,0,0,0,0,0,0,0,0,0,249.048,0,-223.217,0
"MtrElec",6,14,22,"",174.762,0,0,0,0,0,0,0,0,0,0,0,0,0,0,0,0,0,0,0,0,226.101,0,-51.3398,0
"MtrElec",6,14,23,"",221.976,0,0,0,0,0,0,0,0,0,0,0,0,0,0,0,0,0,0,0,0,221.976,0,0,0
"MtrElec",6,14,24,"",189.675,0,0,0,0,0,0,0,0,0,0,0,0,0,0,0,0,0,0,0,0,189.675,0,0,0
"MtrElec",6,15,1,"",151.816,0,0,0,0,0,0,0,0,0,0,0,0,0,0,0,0,0,0,0,0,151.816,0,0,0
"MtrElec",6,15,2,"",147.41,0,0,0,0,0,0,0,0,0,0,0,0,0,0,0,0,0,0,0,0,147.41,0,0,0
"MtrElec",6,15,3,"",175.084,0,0,0,0,0,0,0,0,0,0,0,0,0,0,0,0,0,0,0,0,175.084,0,0,0
"MtrElec",6,15,4,"",140.527,0,0,0,0,0,0,0,0,0,0,0,0,0,0,0,0,0,0,0,0,140.527,0,0,0
"MtrElec",6,15,5,"",135.744,0,0,0,0,0,0,0,0,0,0,0,0,0,0,0,0,0,0,0,0,135.744,0,0,0
"MtrElec",6,15,6,"",153.566,0,0,0,0,0,0,0,0,0,0,0,0,0,0,0,0,0,0,0,0,153.566,0,0,0
"MtrElec",6,15,7,"",217.792,0,0,0,0,0,0,0,0,0,0,0,0,0,0,0,0,0,0,0,0,231.522,0,0,-13.7302
"MtrElec",6,15,8,"",243.312,0,0,0,0,0,0,0,0,0,0,0,0,0,0,0,0,0,0,0,0,293.514,0,0,-50.2019
"MtrElec",6,15,9,"",293.147,0,0,0,0,0,0,0,0,0,0,0,0,0,0,0,0,0,0,0,0,380.303,0,0,-87.1566
"MtrElec",6,15,10,"",334.435,0,0,0,0,0,0,0,0,0,0,0,0,0,0,0,0,0,0,0,0,445.144,0,0,-110.709
"MtrElec",6,15,11,"",158.613,0,0,0,0,0,0,0,0,0,0,0,0,0,0,0,0,0,0,0,0,385.292,0,0,-226.679
"MtrElec",6,15,12,"",180.922,0,0,0,0,0,0,0,0,0,0,0,0,0,0,0,0,0,0,0,0,445.066,0,0,-264.144
"MtrElec",6,15,13,"",151.693,0,0,0,0,0,0,0,0,0,0,0,0,0,0,0,0,0,0,0,0,462.41,0,0,-310.717
"MtrElec",6,15,14,"",0.0000156,0,0,0,0,0,0,0,0,0,0,0,0,0,0,0,0,0,0,0,0,391.857,0,218.924,-610.781
"MtrElec",6,15,15,"",-33.3699,0,0,0,0,0,0,0,0,0,0,0,0,0,0,0,0,0,0,0,0,381.088,0,223.217,-637.675
"MtrElec",6,15,16,"",0,0,0,0,0,0,0,0,0,0,0,0,0,0,0,0,0,0,0,0,0,407.836,0,134.295,-542.131
"MtrElec",6,15,17,"",0,0,0,0,0,0,0,0,0,0,0,0,0,0,0,0,0,0,0,0,0,404.676,0,13.545,-418.221
"MtrElec",6,15,18,"",199.77,0,0,0,0,0,0,0,0,0,0,0,0,0,0,0,0,0,0,0,0,456.091,0,0,-256.321
"MtrElec",6,15,19,"",120.033,0,0,0,0,0,0,0,0,0,0,0,0,0,0,0,0,0,0,0,0,429.582,0,-223.217,-86.3319
"MtrElec",6,15,20,"",158.413,0,0,0,0,0,0,0,0,0,0,0,0,0,0,0,0,0,0,0,0,392.638,0,-223.217,-11.009
"MtrElec",6,15,21,"",345.512,0,0,0,0,0,0,0,0,0,0,0,0,0,0,0,0,0,0,0,0,431.537,0,-86.0243,0
"MtrElec",6,15,22,"",291.271,0,0,0,0,0,0,0,0,0,0,0,0,0,0,0,0,0,0,0,0,291.271,0,0,0
"MtrElec",6,15,23,"",279.925,0,0,0,0,0,0,0,0,0,0,0,0,0,0,0,0,0,0,0,0,279.925,0,0,0
"MtrElec",6,15,24,"",181.266,0,0,0,0,0,0,0,0,0,0,0,0,0,0,0,0,0,0,0,0,181.266,0,0,0
"MtrElec",6,16,1,"",165.991,0,0,0,0,0,0,0,0,0,0,0,0,0,0,0,0,0,0,0,0,165.991,0,0,0
"MtrElec",6,16,2,"",145.305,0,0,0,0,0,0,0,0,0,0,0,0,0,0,0,0,0,0,0,0,145.305,0,0,0
"MtrElec",6,16,3,"",140.068,0,0,0,0,0,0,0,0,0,0,0,0,0,0,0,0,0,0,0,0,140.068,0,0,0
"MtrElec",6,16,4,"",140.752,0,0,0,0,0,0,0,0,0,0,0,0,0,0,0,0,0,0,0,0,140.752,0,0,0
"MtrElec",6,16,5,"",139.973,0,0,0,0,0,0,0,0,0,0,0,0,0,0,0,0,0,0,0,0,139.973,0,0,0
"MtrElec",6,16,6,"",162.691,0,0,0,0,0,0,0,0,0,0,0,0,0,0,0,0,0,0,0,0,162.691,0,0,0
"MtrElec",6,16,7,"",182.999,0,0,0,0,0,0,0,0,0,0,0,0,0,0,0,0,0,0,0,0,207.088,0,0,-24.0891
"MtrElec",6,16,8,"",137.715,0,0,0,0,0,0,0,0,0,0,0,0,0,0,0,0,0,0,0,0,272.164,0,0,-134.448
"MtrElec",6,16,9,"",47.0945,0,0,0,0,0,0,0,0,0,0,0,0,0,0,0,0,0,0,0,0,354.678,0,0,-307.584
"MtrElec",6,16,10,"",-26.1144,0,0,0,0,0,0,0,0,0,0,0,0,0,0,0,0,0,0,0,0,424.982,0,0,-451.096
"MtrElec",6,16,11,"",0,0,0,0,0,0,0,0,0,0,0,0,0,0,0,0,0,0,0,0,0,447.362,0,112.561,-559.924
"MtrElec",6,16,12,"",-6.21659,0,0,0,0,0,0,0,0,0,0,0,0,0,0,0,0,0,0,0,0,417.728,0,223.217,-647.161
"MtrElec",6,16,13,"",-57.0167,0,0,0,0,0,0,0,0,0,0,0,0,0,0,0,0,0,0,0,0,409.788,0,223.217,-690.021
"MtrElec",6,16,14,"",-71.4589,0,0,0,0,0,0,0,0,0,0,0,0,0,0,0,0,0,0,0,0,392.618,0,223.217,-687.294
"MtrElec",6,16,15,"",-247.058,0,0,0,0,0,0,0,0,0,0,0,0,0,0,0,0,0,0,0,0,375.513,0,16.6695,-639.24
"MtrElec",6,16,16,"",-124.432,0,0,0,0,0,0,0,0,0,0,0,0,0,0,0,0,0,0,0,0,422.242,0,0,-546.675
"MtrElec",6,16,17,"",44.3637,0,0,0,0,0,0,0,0,0,0,0,0,0,0,0,0,0,0,0,0,457.81,0,0,-413.447
"MtrElec",6,16,18,"",180.146,0,0,0,0,0,0,0,0,0,0,0,0,0,0,0,0,0,0,0,0,429.019,0,0,-248.872
"MtrElec",6,16,19,"",166.21,0,0,0,0,0,0,0,0,0,0,0,0,0,0,0,0,0,0,0,0,479.761,0,-223.217,-90.3341
"MtrElec",6,16,20,"",159.79,0,0,0,0,0,0,0,0,0,0,0,0,0,0,0,0,0,0,0,0,398.118,0,-223.217,-15.1116
"MtrElec",6,16,21,"",201.117,0,0,0,0,0,0,0,0,0,0,0,0,0,0,0,0,0,0,0,0,424.334,0,-223.217,0
"MtrElec",6,16,22,"",232.274,0,0,0,0,0,0,0,0,0,0,0,0,0,0,0,0,0,0,0,0,283.614,0,-51.3398,0
"MtrElec",6,16,23,"",227.772,0,0,0,0,0,0,0,0,0,0,0,0,0,0,0,0,0,0,0,0,227.772,0,0,0
"MtrElec",6,16,24,"",175.315,0,0,0,0,0,0,0,0,0,0,0,0,0,0,0,0,0,0,0,0,175.315,0,0,0
"MtrElec",6,17,1,"",157.547,0,0,0,0,0,0,0,0,0,0,0,0,0,0,0,0,0,0,0,0,157.547,0,0,0
"MtrElec",6,17,2,"",145.624,0,0,0,0,0,0,0,0,0,0,0,0,0,0,0,0,0,0,0,0,145.624,0,0,0
"MtrElec",6,17,3,"",173.866,0,0,0,0,0,0,0,0,0,0,0,0,0,0,0,0,0,0,0,0,173.866,0,0,0
"MtrElec",6,17,4,"",147.902,0,0,0,0,0,0,0,0,0,0,0,0,0,0,0,0,0,0,0,0,147.902,0,0,0
"MtrElec",6,17,5,"",138.707,0,0,0,0,0,0,0,0,0,0,0,0,0,0,0,0,0,0,0,0,138.707,0,0,0
"MtrElec",6,17,6,"",147.95,0,0,0,0,0,0,0,0,0,0,0,0,0,0,0,0,0,0,0,0,147.95,0,0,0
"MtrElec",6,17,7,"",203.799,0,0,0,0,0,0,0,0,0,0,0,0,0,0,0,0,0,0,0,0,229.538,0,0,-25.739
"MtrElec",6,17,8,"",173.303,0,0,0,0,0,0,0,0,0,0,0,0,0,0,0,0,0,0,0,0,307.004,0,0,-133.701
"MtrElec",6,17,9,"",85.3588,0,0,0,0,0,0,0,0,0,0,0,0,0,0,0,0,0,0,0,0,381.74,0,0,-296.381
"MtrElec",6,17,10,"",11.5642,0,0,0,0,0,0,0,0,0,0,0,0,0,0,0,0,0,0,0,0,452.525,0,0,-440.961
"MtrElec",6,17,11,"",0,0,0,0,0,0,0,0,0,0,0,0,0,0,0,0,0,0,0,0,0,475.57,0,81.7141,-557.284
"MtrElec",6,17,12,"",0,0,0,0,0,0,0,0,0,0,0,0,0,0,0,0,0,0,0,0,0,494.579,0,137.799,-632.379
"MtrElec",6,17,13,"",0,0,0,0,0,0,0,0,0,0,0,0,0,0,0,0,0,0,0,0,0,551.555,0,100.609,-652.165
"MtrElec",6,17,14,"",0.0000156,0,0,0,0,0,0,0,0,0,0,0,0,0,0,0,0,0,0,0,0,441.841,0,217.612,-659.453
"MtrElec",6,17,15,"",0.0000156,0,0,0,0,0,0,0,0,0,0,0,0,0,0,0,0,0,0,0,0,413.78,0,215.971,-629.751
"MtrElec",6,17,16,"",-6.4048,0,0,0,0,0,0,0,0,0,0,0,0,0,0,0,0,0,0,0,0,496.736,0,45.1755,-548.316
"MtrElec",6,17,17,"",83.4673,0,0,0,0,0,0,0,0,0,0,0,0,0,0,0,0,0,0,0,0,503.772,0,0,-420.305
"MtrElec",6,17,18,"",279.631,0,0,0,0,0,0,0,0,0,0,0,0,0,0,0,0,0,0,0,0,536.293,0,0,-256.662
"MtrElec",6,17,19,"",230.988,0,0,0,0,0,0,0,0,0,0,0,0,0,0,0,0,0,0,0,0,541.425,0,-223.217,-87.2198
"MtrElec",6,17,20,"",237.608,0,0,0,0,0,0,0,0,0,0,0,0,0,0,0,0,0,0,0,0,473.452,0,-223.217,-12.6265
"MtrElec",6,17,21,"",209.93,0,0,0,0,0,0,0,0,0,0,0,0,0,0,0,0,0,0,0,0,433.147,0,-223.217,0
"MtrElec",6,17,22,"",282.521,0,0,0,0,0,0,0,0,0,0,0,0,0,0,0,0,0,0,0,0,333.861,0,-51.3398,0
"MtrElec",6,17,23,"",267.925,0,0,0,0,0,0,0,0,0,0,0,0,0,0,0,0,0,0,0,0,267.925,0,0,0
"MtrElec",6,17,24,"",231.62,0,0,0,0,0,0,0,0,0,0,0,0,0,0,0,0,0,0,0,0,231.62,0,0,0
"MtrElec",6,18,1,"",153.015,0,0,0,0,0,0,0,0,0,0,0,0,0,0,0,0,0,0,0,0,153.015,0,0,0
"MtrElec",6,18,2,"",145.241,0,0,0,0,0,0,0,0,0,0,0,0,0,0,0,0,0,0,0,0,145.241,0,0,0
"MtrElec",6,18,3,"",141.205,0,0,0,0,0,0,0,0,0,0,0,0,0,0,0,0,0,0,0,0,141.205,0,0,0
"MtrElec",6,18,4,"",144.858,0,0,0,0,0,0,0,0,0,0,0,0,0,0,0,0,0,0,0,0,144.858,0,0,0
"MtrElec",6,18,5,"",138.241,0,0,0,0,0,0,0,0,0,0,0,0,0,0,0,0,0,0,0,0,138.241,0,0,0
"MtrElec",6,18,6,"",151.612,0,0,0,0,0,0,0,0,0,0,0,0,0,0,0,0,0,0,0,0,151.612,0,0,0
"MtrElec",6,18,7,"",206.916,0,0,0,0,0,0,0,0,0,0,0,0,0,0,0,0,0,0,0,0,230.602,0,0,-23.6857
"MtrElec",6,18,8,"",198.292,0,0,0,0,0,0,0,0,0,0,0,0,0,0,0,0,0,0,0,0,332.19,0,0,-133.898
"MtrElec",6,18,9,"",84.9047,0,0,0,0,0,0,0,0,0,0,0,0,0,0,0,0,0,0,0,0,384.425,0,0,-299.521
"MtrElec",6,18,10,"",36.696,0,0,0,0,0,0,0,0,0,0,0,0,0,0,0,0,0,0,0,0,487.564,0,0,-450.868
"MtrElec",6,18,11,"",0,0,0,0,0,0,0,0,0,0,0,0,0,0,0,0,0,0,0,0,0,542.018,0,17.0396,-559.058
"MtrElec",6,18,12,"",0,0,0,0,0,0,0,0,0,0,0,0,0,0,0,0,0,0,0,0,0,548.611,0,90.942,-639.553
"MtrElec",6,18,13,"",0.0000078,0,0,0,0,0,0,0,0,0,0,0,0,0,0,0,0,0,0,0,0,557.626,0,122.006,-679.631
"MtrElec",6,18,14,"",0,0,0,0,0,0,0,0,0,0,0,0,0,0,0,0,0,0,0,0,0,487.492,0,185.68,-673.172
"MtrElec",6,18,15,"",0,0,0,0,0,0,0,0,0,0,0,0,0,0,0,0,0,0,0,0,0,508.958,0,123.047,-632.005
"MtrElec",6,18,16,"",0,0,0,0,0,0,0,0,0,0,0,0,0,0,0,0,0,0,0,0,0,478.263,0,61.9641,-540.227
"MtrElec",6,18,17,"",134.279,0,0,0,0,0,0,0,0,0,0,0,0,0,0,0,0,0,0,0,0,544.912,0,0,-410.632
"MtrElec",6,18,18,"",283.799,0,0,0,0,0,0,0,0,0,0,0,0,0,0,0,0,0,0,0,0,534.843,0,0,-251.044
"MtrElec",6,18,19,"",249.61,0,0,0,0,0,0,0,0,0,0,0,0,0,0,0,0,0,0,0,0,557.595,0,-223.217,-84.768
"MtrElec",6,18,20,"",288.048,0,0,0,0,0,0,0,0,0,0,0,0,0,0,0,0,0,0,0,0,521.771,0,-223.217,-10.5056
"MtrElec",6,18,21,"",371.492,0,0,0,0,0,0,0,0,0,0,0,0,0,0,0,0,0,0,0,0,467.17,0,-95.6781,0
"MtrElec",6,18,22,"",342.968,0,0,0,0,0,0,0,0,0,0,0,0,0,0,0,0,0,0,0,0,342.968,0,0,0
"MtrElec",6,18,23,"",284.007,0,0,0,0,0,0,0,0,0,0,0,0,0,0,0,0,0,0,0,0,284.007,0,0,0
"MtrElec",6,18,24,"",197.178,0,0,0,0,0,0,0,0,0,0,0,0,0,0,0,0,0,0,0,0,197.178,0,0,0
"MtrElec",6,19,1,"",175.688,0,0,0,0,0,0,0,0,0,0,0,0,0,0,0,0,0,0,0,0,175.688,0,0,0
"MtrElec",6,19,2,"",162.211,0,0,0,0,0,0,0,0,0,0,0,0,0,0,0,0,0,0,0,0,162.211,0,0,0
"MtrElec",6,19,3,"",175.987,0,0,0,0,0,0,0,0,0,0,0,0,0,0,0,0,0,0,0,0,175.987,0,0,0
"MtrElec",6,19,4,"",168.01,0,0,0,0,0,0,0,0,0,0,0,0,0,0,0,0,0,0,0,0,168.01,0,0,0
"MtrElec",6,19,5,"",143.431,0,0,0,0,0,0,0,0,0,0,0,0,0,0,0,0,0,0,0,0,143.431,0,0,0
"MtrElec",6,19,6,"",148.336,0,0,0,0,0,0,0,0,0,0,0,0,0,0,0,0,0,0,0,0,148.336,0,0,0
"MtrElec",6,19,7,"",243.787,0,0,0,0,0,0,0,0,0,0,0,0,0,0,0,0,0,0,0,0,263.653,0,0,-19.8668
"MtrElec",6,19,8,"",192.329,0,0,0,0,0,0,0,0,0,0,0,0,0,0,0,0,0,0,0,0,318.892,0,0,-126.563
"MtrElec",6,19,9,"",138.737,0,0,0,0,0,0,0,0,0,0,0,0,0,0,0,0,0,0,0,0,429.52,0,0,-290.784
"MtrElec",6,19,10,"",163.678,0,0,0,0,0,0,0,0,0,0,0,0,0,0,0,0,0,0,0,0,591.184,0,0,-427.506
"MtrElec",6,19,11,"",115.704,0,0,0,0,0,0,0,0,0,0,0,0,0,0,0,0,0,0,0,0,655.748,0,0,-540.044
"MtrElec",6,19,12,"",0,0,0,0,0,0,0,0,0,0,0,0,0,0,0,0,0,0,0,0,0,595.459,0,14.8994,-610.359
"MtrElec",6,19,13,"",0,0,0,0,0,0,0,0,0,0,0,0,0,0,0,0,0,0,0,0,0,616.662,0,37.3606,-654.023
"MtrElec",6,19,14,"",0.0000078,0,0,0,0,0,0,0,0,0,0,0,0,0,0,0,0,0,0,0,0,538.661,0,114.898,-653.559
"MtrElec",6,19,15,"",0.0000020,0,0,0,0,0,0,0,0,0,0,0,0,0,0,0,0,0,0,0,0,574.011,0,28.1813,-602.192
"MtrElec",6,19,16,"",93.62,0,0,0,0,0,0,0,0,0,0,0,0,0,0,0,0,0,0,0,0,615.441,0,0,-521.821
"MtrElec",6,19,17,"",215.76,0,0,0,0,0,0,0,0,0,0,0,0,0,0,0,0,0,0,0,0,616.171,0,0,-400.411
"MtrElec",6,19,18,"",412.939,0,0,0,0,0,0,0,0,0,0,0,0,0,0,0,0,0,0,0,0,656.383,0,0,-243.444
"MtrElec",6,19,19,"",360.443,0,0,0,0,0,0,0,0,0,0,0,0,0,0,0,0,0,0,0,0,619.477,0,-176.294,-82.7409
"MtrElec",6,19,20,"",536.951,0,0,0,0,0,0,0,0,0,0,0,0,0,0,0,0,0,0,0,0,547.744,0,0,-10.7932
"MtrElec",6,19,21,"",524.797,0,0,0,0,0,0,0,0,0,0,0,0,0,0,0,0,0,0,0,0,524.797,0,0,0
"MtrElec",6,19,22,"",361.697,0,0,0,0,0,0,0,0,0,0,0,0,0,0,0,0,0,0,0,0,361.697,0,0,0
"MtrElec",6,19,23,"",304.909,0,0,0,0,0,0,0,0,0,0,0,0,0,0,0,0,0,0,0,0,304.909,0,0,0
"MtrElec",6,19,24,"",229.143,0,0,0,0,0,0,0,0,0,0,0,0,0,0,0,0,0,0,0,0,229.143,0,0,0
"MtrElec",6,20,1,"",182.411,0,0,0,0,0,0,0,0,0,0,0,0,0,0,0,0,0,0,0,0,182.411,0,0,0
"MtrElec",6,20,2,"",182.817,0,0,0,0,0,0,0,0,0,0,0,0,0,0,0,0,0,0,0,0,182.817,0,0,0
"MtrElec",6,20,3,"",173.165,0,0,0,0,0,0,0,0,0,0,0,0,0,0,0,0,0,0,0,0,173.165,0,0,0
"MtrElec",6,20,4,"",164.136,0,0,0,0,0,0,0,0,0,0,0,0,0,0,0,0,0,0,0,0,164.136,0,0,0
"MtrElec",6,20,5,"",166.577,0,0,0,0,0,0,0,0,0,0,0,0,0,0,0,0,0,0,0,0,166.577,0,0,0
"MtrElec",6,20,6,"",157.371,0,0,0,0,0,0,0,0,0,0,0,0,0,0,0,0,0,0,0,0,157.371,0,0,0
"MtrElec",6,20,7,"",237.949,0,0,0,0,0,0,0,0,0,0,0,0,0,0,0,0,0,0,0,0,261.53,0,0,-23.5805
"MtrElec",6,20,8,"",173.108,0,0,0,0,0,0,0,0,0,0,0,0,0,0,0,0,0,0,0,0,298.681,0,0,-125.573
"MtrElec",6,20,9,"",154.327,0,0,0,0,0,0,0,0,0,0,0,0,0,0,0,0,0,0,0,0,432.676,0,0,-278.35
"MtrElec",6,20,10,"",153.21,0,0,0,0,0,0,0,0,0,0,0,0,0,0,0,0,0,0,0,0,564.477,0,0,-411.267
"MtrElec",6,20,11,"",141.724,0,0,0,0,0,0,0,0,0,0,0,0,0,0,0,0,0,0,0,0,669.824,0,0,-528.1
"MtrElec",6,20,12,"",29.1765,0,0,0,0,0,0,0,0,0,0,0,0,0,0,0,0,0,0,0,0,638.37,0,0,-609.194
"MtrElec",6,20,13,"",14.6018,0,0,0,0,0,0,0,0,0,0,0,0,0,0,0,0,0,0,0,0,658.376,0,0,-643.774
"MtrElec",6,20,14,"",0,0,0,0,0,0,0,0,0,0,0,0,0,0,0,0,0,0,0,0,0,604.058,0,34.1864,-638.244
"MtrElec",6,20,15,"",45.5978,0,0,0,0,0,0,0,0,0,0,0,0,0,0,0,0,0,0,0,0,637.313,0,0,-591.715
"MtrElec",6,20,16,"",132.233,0,0,0,0,0,0,0,0,0,0,0,0,0,0,0,0,0,0,0,0,634.088,0,0,-501.855
"MtrElec",6,20,17,"",284.626,0,0,0,0,0,0,0,0,0,0,0,0,0,0,0,0,0,0,0,0,665.937,0,0,-381.311
"MtrElec",6,20,18,"",464.42,0,0,0,0,0,0,0,0,0,0,0,0,0,0,0,0,0,0,0,0,697.458,0,0,-233.039
"MtrElec",6,20,19,"",578.808,0,0,0,0,0,0,0,0,0,0,0,0,0,0,0,0,0,0,0,0,695.401,0,-30.8532,-85.7401
"MtrElec",6,20,20,"",577.632,0,0,0,0,0,0,0,0,0,0,0,0,0,0,0,0,0,0,0,0,591.239,0,0,-13.6061
"MtrElec",6,20,21,"",479.822,0,0,0,0,0,0,0,0,0,0,0,0,0,0,0,0,0,0,0,0,479.822,0,0,0
"MtrElec",6,20,22,"",396.439,0,0,0,0,0,0,0,0,0,0,0,0,0,0,0,0,0,0,0,0,396.439,0,0,0
"MtrElec",6,20,23,"",289.67,0,0,0,0,0,0,0,0,0,0,0,0,0,0,0,0,0,0,0,0,289.67,0,0,0
"MtrElec",6,20,24,"",273.595,0,0,0,0,0,0,0,0,0,0,0,0,0,0,0,0,0,0,0,0,273.595,0,0,0
"MtrElec",6,21,1,"",204.095,0,0,0,0,0,0,0,0,0,0,0,0,0,0,0,0,0,0,0,0,204.095,0,0,0
"MtrElec",6,21,2,"",164.296,0,0,0,0,0,0,0,0,0,0,0,0,0,0,0,0,0,0,0,0,164.296,0,0,0
"MtrElec",6,21,3,"",163.528,0,0,0,0,0,0,0,0,0,0,0,0,0,0,0,0,0,0,0,0,163.528,0,0,0
"MtrElec",6,21,4,"",163.509,0,0,0,0,0,0,0,0,0,0,0,0,0,0,0,0,0,0,0,0,163.509,0,0,0
"MtrElec",6,21,5,"",166.07,0,0,0,0,0,0,0,0,0,0,0,0,0,0,0,0,0,0,0,0,166.07,0,0,0
"MtrElec",6,21,6,"",154.183,0,0,0,0,0,0,0,0,0,0,0,0,0,0,0,0,0,0,0,0,154.183,0,0,0
"MtrElec",6,21,7,"",191.619,0,0,0,0,0,0,0,0,0,0,0,0,0,0,0,0,0,0,0,0,218.49,0,0,-26.8706
"MtrElec",6,21,8,"",125.698,0,0,0,0,0,0,0,0,0,0,0,0,0,0,0,0,0,0,0,0,254.512,0,0,-128.814
"MtrElec",6,21,9,"",96.7665,0,0,0,0,0,0,0,0,0,0,0,0,0,0,0,0,0,0,0,0,385.193,0,0,-288.427
"MtrElec",6,21,10,"",0.01025,0,0,0,0,0,0,0,0,0,0,0,0,0,0,0,0,0,0,0,0,434.662,0,0,-434.652
"MtrElec",6,21,11,"",0.0000020,0,0,0,0,0,0,0,0,0,0,0,0,0,0,0,0,0,0,0,0,518.137,0,29.0196,-547.156
"MtrElec",6,21,12,"",0.0000078,0,0,0,0,0,0,0,0,0,0,0,0,0,0,0,0,0,0,0,0,529.278,0,81.4099,-610.687
"MtrElec",6,21,13,"",0,0,0,0,0,0,0,0,0,0,0,0,0,0,0,0,0,0,0,0,0,471.411,0,163.27,-634.681
"MtrElec",6,21,14,"",0,0,0,0,0,0,0,0,0,0,0,0,0,0,0,0,0,0,0,0,0,504.758,0,139.538,-644.296
"MtrElec",6,21,15,"",0.0000078,0,0,0,0,0,0,0,0,0,0,0,0,0,0,0,0,0,0,0,0,483.644,0,118.564,-602.208
"MtrElec",6,21,16,"",0,0,0,0,0,0,0,0,0,0,0,0,0,0,0,0,0,0,0,0,0,436.925,0,77.5077,-514.432
"MtrElec",6,21,17,"",109.199,0,0,0,0,0,0,0,0,0,0,0,0,0,0,0,0,0,0,0,0,498.667,0,0,-389.469
"MtrElec",6,21,18,"",239.907,0,0,0,0,0,0,0,0,0,0,0,0,0,0,0,0,0,0,0,0,480.122,0,0,-240.215
"MtrElec",6,21,19,"",171.541,0,0,0,0,0,0,0,0,0,0,0,0,0,0,0,0,0,0,0,0,487.861,0,-223.217,-93.1032
"MtrElec",6,21,20,"",132.402,0,0,0,0,0,0,0,0,0,0,0,0,0,0,0,0,0,0,0,0,372.322,0,-223.217,-16.704
"MtrElec",6,21,21,"",215.403,0,0,0,0,0,0,0,0,0,0,0,0,0,0,0,0,0,0,0,0,318.871,0,-103.468,0
"MtrElec",6,21,22,"",333.972,0,0,0,0,0,0,0,0,0,0,0,0,0,0,0,0,0,0,0,0,333.972,0,0,0
"MtrElec",6,21,23,"",257.571,0,0,0,0,0,0,0,0,0,0,0,0,0,0,0,0,0,0,0,0,257.571,0,0,0
"MtrElec",6,21,24,"",241.151,0,0,0,0,0,0,0,0,0,0,0,0,0,0,0,0,0,0,0,0,241.151,0,0,0
"MtrElec",6,22,1,"",177.002,0,0,0,0,0,0,0,0,0,0,0,0,0,0,0,0,0,0,0,0,177.002,0,0,0
"MtrElec",6,22,2,"",150.917,0,0,0,0,0,0,0,0,0,0,0,0,0,0,0,0,0,0,0,0,150.917,0,0,0
"MtrElec",6,22,3,"",138.17,0,0,0,0,0,0,0,0,0,0,0,0,0,0,0,0,0,0,0,0,138.17,0,0,0
"MtrElec",6,22,4,"",143.94,0,0,0,0,0,0,0,0,0,0,0,0,0,0,0,0,0,0,0,0,143.94,0,0,0
"MtrElec",6,22,5,"",160.25,0,0,0,0,0,0,0,0,0,0,0,0,0,0,0,0,0,0,0,0,160.25,0,0,0
"MtrElec",6,22,6,"",157.695,0,0,0,0,0,0,0,0,0,0,0,0,0,0,0,0,0,0,0,0,157.695,0,0,0
"MtrElec",6,22,7,"",201.53,0,0,0,0,0,0,0,0,0,0,0,0,0,0,0,0,0,0,0,0,226.892,0,0,-25.3626
"MtrElec",6,22,8,"",186.965,0,0,0,0,0,0,0,0,0,0,0,0,0,0,0,0,0,0,0,0,315.906,0,0,-128.94
"MtrElec",6,22,9,"",75.852,0,0,0,0,0,0,0,0,0,0,0,0,0,0,0,0,0,0,0,0,366.43,0,0,-290.578
"MtrElec",6,22,10,"",86.8135,0,0,0,0,0,0,0,0,0,0,0,0,0,0,0,0,0,0,0,0,521.245,0,0,-434.432
"MtrElec",6,22,11,"",9.77206,0,0,0,0,0,0,0,0,0,0,0,0,0,0,0,0,0,0,0,0,551.395,0,0,-541.623
"MtrElec",6,22,12,"",0,0,0,0,0,0,0,0,0,0,0,0,0,0,0,0,0,0,0,0,0,533.747,0,82.1726,-615.92
"MtrElec",6,22,13,"",0,0,0,0,0,0,0,0,0,0,0,0,0,0,0,0,0,0,0,0,0,508.375,0,148.753,-657.127
"MtrElec",6,22,14,"",0,0,0,0,0,0,0,0,0,0,0,0,0,0,0,0,0,0,0,0,0,508.255,0,147.294,-655.55
"MtrElec",6,22,15,"",0,0,0,0,0,0,0,0,0,0,0,0,0,0,0,0,0,0,0,0,0,476.485,0,141.435,-617.919
"MtrElec",6,22,16,"",0.0000002,0,0,0,0,0,0,0,0,0,0,0,0,0,0,0,0,0,0,0,0,528.8,0,3.74138,-532.541
"MtrElec",6,22,17,"",103.258,0,0,0,0,0,0,0,0,0,0,0,0,0,0,0,0,0,0,0,0,511.804,0,0,-408.546
"MtrElec",6,22,18,"",308.999,0,0,0,0,0,0,0,0,0,0,0,0,0,0,0,0,0,0,0,0,564.416,0,0,-255.416
"MtrElec",6,22,19,"",210.209,0,0,0,0,0,0,0,0,0,0,0,0,0,0,0,0,0,0,0,0,524.381,0,-223.217,-90.9556
"MtrElec",6,22,20,"",224.602,0,0,0,0,0,0,0,0,0,0,0,0,0,0,0,0,0,0,0,0,460.584,0,-223.217,-12.765
"MtrElec",6,22,21,"",391.865,0,0,0,0,0,0,0,0,0,0,0,0,0,0,0,0,0,0,0,0,417.796,0,-25.9307,0
"MtrElec",6,22,22,"",314.401,0,0,0,0,0,0,0,0,0,0,0,0,0,0,0,0,0,0,0,0,314.401,0,0,0
"MtrElec",6,22,23,"",230.297,0,0,0,0,0,0,0,0,0,0,0,0,0,0,0,0,0,0,0,0,230.297,0,0,0
"MtrElec",6,22,24,"",264.881,0,0,0,0,0,0,0,0,0,0,0,0,0,0,0,0,0,0,0,0,264.881,0,0,0
"MtrElec",6,23,1,"",158.179,0,0,0,0,0,0,0,0,0,0,0,0,0,0,0,0,0,0,0,0,158.179,0,0,0
"MtrElec",6,23,2,"",148.586,0,0,0,0,0,0,0,0,0,0,0,0,0,0,0,0,0,0,0,0,148.586,0,0,0
"MtrElec",6,23,3,"",146.698,0,0,0,0,0,0,0,0,0,0,0,0,0,0,0,0,0,0,0,0,146.698,0,0,0
"MtrElec",6,23,4,"",148.823,0,0,0,0,0,0,0,0,0,0,0,0,0,0,0,0,0,0,0,0,148.823,0,0,0
"MtrElec",6,23,5,"",144.134,0,0,0,0,0,0,0,0,0,0,0,0,0,0,0,0,0,0,0,0,144.134,0,0,0
"MtrElec",6,23,6,"",180.523,0,0,0,0,0,0,0,0,0,0,0,0,0,0,0,0,0,0,0,0,180.523,0,0,0
"MtrElec",6,23,7,"",258.652,0,0,0,0,0,0,0,0,0,0,0,0,0,0,0,0,0,0,0,0,281.49,0,0,-22.8378
"MtrElec",6,23,8,"",203.353,0,0,0,0,0,0,0,0,0,0,0,0,0,0,0,0,0,0,0,0,332.682,0,0,-129.329
"MtrElec",6,23,9,"",155.901,0,0,0,0,0,0,0,0,0,0,0,0,0,0,0,0,0,0,0,0,454.712,0,0,-298.811
"MtrElec",6,23,10,"",46.4188,0,0,0,0,0,0,0,0,0,0,0,0,0,0,0,0,0,0,0,0,498.237,0,0,-451.819
"MtrElec",6,23,11,"",0,0,0,0,0,0,0,0,0,0,0,0,0,0,0,0,0,0,0,0,0,538.736,0,22.7885,-561.524
"MtrElec",6,23,12,"",0,0,0,0,0,0,0,0,0,0,0,0,0,0,0,0,0,0,0,0,0,491.945,0,132.695,-624.641
"MtrElec",6,23,13,"",0,0,0,0,0,0,0,0,0,0,0,0,0,0,0,0,0,0,0,0,0,534.341,0,135.869,-670.21
"MtrElec",6,23,14,"",0,0,0,0,0,0,0,0,0,0,0,0,0,0,0,0,0,0,0,0,0,460.523,0,218.396,-678.919
"MtrElec",6,23,15,"",0.0000156,0,0,0,0,0,0,0,0,0,0,0,0,0,0,0,0,0,0,0,0,495.972,0,144.589,-640.561
"MtrElec",6,23,16,"",0.0000078,0,0,0,0,0,0,0,0,0,0,0,0,0,0,0,0,0,0,0,0,466.972,0,82.8273,-549.799
"MtrElec",6,23,17,"",116.468,0,0,0,0,0,0,0,0,0,0,0,0,0,0,0,0,0,0,0,0,539.108,0,0,-422.64
"MtrElec",6,23,18,"",267.889,0,0,0,0,0,0,0,0,0,0,0,0,0,0,0,0,0,0,0,0,531.495,0,0,-263.606
"MtrElec",6,23,19,"",184.182,0,0,0,0,0,0,0,0,0,0,0,0,0,0,0,0,0,0,0,0,498.599,0,-223.217,-91.2003
"MtrElec",6,23,20,"",290.752,0,0,0,0,0,0,0,0,0,0,0,0,0,0,0,0,0,0,0,0,525.463,0,-223.217,-11.4943
"MtrElec",6,23,21,"",200.02,0,0,0,0,0,0,0,0,0,0,0,0,0,0,0,0,0,0,0,0,418.878,0,-218.858,0
"MtrElec",6,23,22,"",287.669,0,0,0,0,0,0,0,0,0,0,0,0,0,0,0,0,0,0,0,0,287.669,0,0,0
"MtrElec",6,23,23,"",221.781,0,0,0,0,0,0,0,0,0,0,0,0,0,0,0,0,0,0,0,0,221.781,0,0,0
"MtrElec",6,23,24,"",188.066,0,0,0,0,0,0,0,0,0,0,0,0,0,0,0,0,0,0,0,0,188.066,0,0,0
"MtrElec",6,24,1,"",146.306,0,0,0,0,0,0,0,0,0,0,0,0,0,0,0,0,0,0,0,0,146.306,0,0,0
"MtrElec",6,24,2,"",176.886,0,0,0,0,0,0,0,0,0,0,0,0,0,0,0,0,0,0,0,0,176.886,0,0,0
"MtrElec",6,24,3,"",145.388,0,0,0,0,0,0,0,0,0,0,0,0,0,0,0,0,0,0,0,0,145.388,0,0,0
"MtrElec",6,24,4,"",155.018,0,0,0,0,0,0,0,0,0,0,0,0,0,0,0,0,0,0,0,0,155.018,0,0,0
"MtrElec",6,24,5,"",146.584,0,0,0,0,0,0,0,0,0,0,0,0,0,0,0,0,0,0,0,0,146.584,0,0,0
"MtrElec",6,24,6,"",154.763,0,0,0,0,0,0,0,0,0,0,0,0,0,0,0,0,0,0,0,0,154.763,0,0,0
"MtrElec",6,24,7,"",208.311,0,0,0,0,0,0,0,0,0,0,0,0,0,0,0,0,0,0,0,0,234.009,0,0,-25.6978
"MtrElec",6,24,8,"",226.851,0,0,0,0,0,0,0,0,0,0,0,0,0,0,0,0,0,0,0,0,316.891,0,0,-90.0402
"MtrElec",6,24,9,"",222.491,0,0,0,0,0,0,0,0,0,0,0,0,0,0,0,0,0,0,0,0,380.239,0,0,-157.748
"MtrElec",6,24,10,"",158.292,0,0,0,0,0,0,0,0,0,0,0,0,0,0,0,0,0,0,0,0,445.68,0,0,-287.388
"MtrElec",6,24,11,"",95.1323,0,0,0,0,0,0,0,0,0,0,0,0,0,0,0,0,0,0,0,0,480.627,0,0,-385.495
"MtrElec",6,24,12,"",0,0,0,0,0,0,0,0,0,0,0,0,0,0,0,0,0,0,0,0,0,450.484,0,205.409,-655.894
"MtrElec",6,24,13,"",0,0,0,0,0,0,0,0,0,0,0,0,0,0,0,0,0,0,0,0,0,467.364,0,209.826,-677.191
"MtrElec",6,24,14,"",-6.71744,0,0,0,0,0,0,0,0,0,0,0,0,0,0,0,0,0,0,0,0,451.399,0,223.217,-681.333
"MtrElec",6,24,15,"",-14.6413,0,0,0,0,0,0,0,0,0,0,0,0,0,0,0,0,0,0,0,0,463.539,0,160.429,-638.609
"MtrElec",6,24,16,"",-81.2631,0,0,0,0,0,0,0,0,0,0,0,0,0,0,0,0,0,0,0,0,474.4,0,0,-555.663
"MtrElec",6,24,17,"",84.1004,0,0,0,0,0,0,0,0,0,0,0,0,0,0,0,0,0,0,0,0,509.269,0,0,-425.168
"MtrElec",6,24,18,"",251.07,0,0,0,0,0,0,0,0,0,0,0,0,0,0,0,0,0,0,0,0,508.927,0,0,-257.858
"MtrElec",6,24,19,"",190.827,0,0,0,0,0,0,0,0,0,0,0,0,0,0,0,0,0,0,0,0,506.976,0,-223.217,-92.9319
"MtrElec",6,24,20,"",247.539,0,0,0,0,0,0,0,0,0,0,0,0,0,0,0,0,0,0,0,0,484.111,0,-223.217,-13.3555
"MtrElec",6,24,21,"",210.637,0,0,0,0,0,0,0,0,0,0,0,0,0,0,0,0,0,0,0,0,433.854,0,-223.217,0
"MtrElec",6,24,22,"",280.393,0,0,0,0,0,0,0,0,0,0,0,0,0,0,0,0,0,0,0,0,331.733,0,-51.3398,0
"MtrElec",6,24,23,"",215.667,0,0,0,0,0,0,0,0,0,0,0,0,0,0,0,0,0,0,0,0,215.667,0,0,0
"MtrElec",6,24,24,"",239.708,0,0,0,0,0,0,0,0,0,0,0,0,0,0,0,0,0,0,0,0,239.708,0,0,0
"MtrElec",6,25,1,"",162.933,0,0,0,0,0,0,0,0,0,0,0,0,0,0,0,0,0,0,0,0,162.933,0,0,0
"MtrElec",6,25,2,"",151.861,0,0,0,0,0,0,0,0,0,0,0,0,0,0,0,0,0,0,0,0,151.861,0,0,0
"MtrElec",6,25,3,"",149.087,0,0,0,0,0,0,0,0,0,0,0,0,0,0,0,0,0,0,0,0,149.087,0,0,0
"MtrElec",6,25,4,"",154.414,0,0,0,0,0,0,0,0,0,0,0,0,0,0,0,0,0,0,0,0,154.414,0,0,0
"MtrElec",6,25,5,"",177.539,0,0,0,0,0,0,0,0,0,0,0,0,0,0,0,0,0,0,0,0,177.539,0,0,0
"MtrElec",6,25,6,"",144.284,0,0,0,0,0,0,0,0,0,0,0,0,0,0,0,0,0,0,0,0,144.284,0,0,0
"MtrElec",6,25,7,"",242.198,0,0,0,0,0,0,0,0,0,0,0,0,0,0,0,0,0,0,0,0,265.417,0,0,-23.2186
"MtrElec",6,25,8,"",184.994,0,0,0,0,0,0,0,0,0,0,0,0,0,0,0,0,0,0,0,0,314.549,0,0,-129.555
"MtrElec",6,25,9,"",76.4782,0,0,0,0,0,0,0,0,0,0,0,0,0,0,0,0,0,0,0,0,369.514,0,0,-293.036
"MtrElec",6,25,10,"",16.5396,0,0,0,0,0,0,0,0,0,0,0,0,0,0,0,0,0,0,0,0,455.275,0,0,-438.735
"MtrElec",6,25,11,"",0,0,0,0,0,0,0,0,0,0,0,0,0,0,0,0,0,0,0,0,0,494.109,0,53.0857,-547.194
"MtrElec",6,25,12,"",0,0,0,0,0,0,0,0,0,0,0,0,0,0,0,0,0,0,0,0,0,491.942,0,139.85,-631.792
"MtrElec",6,25,13,"",0,0,0,0,0,0,0,0,0,0,0,0,0,0,0,0,0,0,0,0,0,508.859,0,163.756,-672.616
"MtrElec",6,25,14,"",0.0000156,0,0,0,0,0,0,0,0,0,0,0,0,0,0,0,0,0,0,0,0,454.415,0,214.818,-669.233
"MtrElec",6,25,15,"",0,0,0,0,0,0,0,0,0,0,0,0,0,0,0,0,0,0,0,0,0,469.34,0,157.564,-626.904
"MtrElec",6,25,16,"",0.0000039,0,0,0,0,0,0,0,0,0,0,0,0,0,0,0,0,0,0,0,0,488.711,0,49.7714,-538.482
"MtrElec",6,25,17,"",109.009,0,0,0,0,0,0,0,0,0,0,0,0,0,0,0,0,0,0,0,0,522.798,0,0,-413.789
"MtrElec",6,25,18,"",273.232,0,0,0,0,0,0,0,0,0,0,0,0,0,0,0,0,0,0,0,0,527.288,0,0,-254.057
"MtrElec",6,25,19,"",219.842,0,0,0,0,0,0,0,0,0,0,0,0,0,0,0,0,0,0,0,0,535.723,0,-223.217,-92.6646
"MtrElec",6,25,20,"",247.66,0,0,0,0,0,0,0,0,0,0,0,0,0,0,0,0,0,0,0,0,485.339,0,-223.217,-14.4621
"MtrElec",6,25,21,"",251.702,0,0,0,0,0,0,0,0,0,0,0,0,0,0,0,0,0,0,0,0,474.919,0,-223.217,0
"MtrElec",6,25,22,"",253.075,0,0,0,0,0,0,0,0,0,0,0,0,0,0,0,0,0,0,0,0,286.333,0,-33.2579,0
"MtrElec",6,25,23,"",258.752,0,0,0,0,0,0,0,0,0,0,0,0,0,0,0,0,0,0,0,0,258.752,0,0,0
"MtrElec",6,25,24,"",191.137,0,0,0,0,0,0,0,0,0,0,0,0,0,0,0,0,0,0,0,0,191.137,0,0,0
"MtrElec",6,26,1,"",154.187,0,0,0,0,0,0,0,0,0,0,0,0,0,0,0,0,0,0,0,0,154.187,0,0,0
"MtrElec",6,26,2,"",153.763,0,0,0,0,0,0,0,0,0,0,0,0,0,0,0,0,0,0,0,0,153.763,0,0,0
"MtrElec",6,26,3,"",140.987,0,0,0,0,0,0,0,0,0,0,0,0,0,0,0,0,0,0,0,0,140.987,0,0,0
"MtrElec",6,26,4,"",149.756,0,0,0,0,0,0,0,0,0,0,0,0,0,0,0,0,0,0,0,0,149.756,0,0,0
"MtrElec",6,26,5,"",173.932,0,0,0,0,0,0,0,0,0,0,0,0,0,0,0,0,0,0,0,0,173.932,0,0,0
"MtrElec",6,26,6,"",143.71,0,0,0,0,0,0,0,0,0,0,0,0,0,0,0,0,0,0,0,0,143.71,0,0,0
"MtrElec",6,26,7,"",212.228,0,0,0,0,0,0,0,0,0,0,0,0,0,0,0,0,0,0,0,0,235.334,0,0,-23.1058
"MtrElec",6,26,8,"",200.839,0,0,0,0,0,0,0,0,0,0,0,0,0,0,0,0,0,0,0,0,329.324,0,0,-128.485
"MtrElec",6,26,9,"",90.2378,0,0,0,0,0,0,0,0,0,0,0,0,0,0,0,0,0,0,0,0,378.659,0,0,-288.421
"MtrElec",6,26,10,"",58.95,0,0,0,0,0,0,0,0,0,0,0,0,0,0,0,0,0,0,0,0,498.616,0,0,-439.666
"MtrElec",6,26,11,"",0,0,0,0,0,0,0,0,0,0,0,0,0,0,0,0,0,0,0,0,0,532.451,0,27.4292,-559.88
"MtrElec",6,26,12,"",0,0,0,0,0,0,0,0,0,0,0,0,0,0,0,0,0,0,0,0,0,529.421,0,96.2843,-625.705
"MtrElec",6,26,13,"",0,0,0,0,0,0,0,0,0,0,0,0,0,0,0,0,0,0,0,0,0,491.16,0,165.786,-656.947
"MtrElec",6,26,14,"",0.0000156,0,0,0,0,0,0,0,0,0,0,0,0,0,0,0,0,0,0,0,0,485.008,0,178.007,-663.015
"MtrElec",6,26,15,"",0,0,0,0,0,0,0,0,0,0,0,0,0,0,0,0,0,0,0,0,0,479.556,0,135.335,-614.891
"MtrElec",6,26,16,"",0,0,0,0,0,0,0,0,0,0,0,0,0,0,0,0,0,0,0,0,0,495.753,0,35.1353,-530.889
"MtrElec",6,26,17,"",119.948,0,0,0,0,0,0,0,0,0,0,0,0,0,0,0,0,0,0,0,0,526.551,0,0,-406.603
"MtrElec",6,26,18,"",297.118,0,0,0,0,0,0,0,0,0,0,0,0,0,0,0,0,0,0,0,0,547.15,0,0,-250.032
"MtrElec",6,26,19,"",220.678,0,0,0,0,0,0,0,0,0,0,0,0,0,0,0,0,0,0,0,0,536.637,0,-223.217,-92.7426
"MtrElec",6,26,20,"",222.974,0,0,0,0,0,0,0,0,0,0,0,0,0,0,0,0,0,0,0,0,461.949,0,-223.217,-15.7584
"MtrElec",6,26,21,"",292.987,0,0,0,0,0,0,0,0,0,0,0,0,0,0,0,0,0,0,0,0,422.327,0,-129.34,0
"MtrElec",6,26,22,"",304.7,0,0,0,0,0,0,0,0,0,0,0,0,0,0,0,0,0,0,0,0,304.7,0,0,0
"MtrElec",6,26,23,"",275.226,0,0,0,0,0,0,0,0,0,0,0,0,0,0,0,0,0,0,0,0,275.226,0,0,0
"MtrElec",6,26,24,"",260.056,0,0,0,0,0,0,0,0,0,0,0,0,0,0,0,0,0,0,0,0,260.056,0,0,0
"MtrElec",6,27,1,"",166.148,0,0,0,0,0,0,0,0,0,0,0,0,0,0,0,0,0,0,0,0,166.148,0,0,0
"MtrElec",6,27,2,"",148.32,0,0,0,0,0,0,0,0,0,0,0,0,0,0,0,0,0,0,0,0,148.32,0,0,0
"MtrElec",6,27,3,"",143.621,0,0,0,0,0,0,0,0,0,0,0,0,0,0,0,0,0,0,0,0,143.621,0,0,0
"MtrElec",6,27,4,"",144.666,0,0,0,0,0,0,0,0,0,0,0,0,0,0,0,0,0,0,0,0,144.666,0,0,0
"MtrElec",6,27,5,"",163.7,0,0,0,0,0,0,0,0,0,0,0,0,0,0,0,0,0,0,0,0,163.7,0,0,0
"MtrElec",6,27,6,"",145.571,0,0,0,0,0,0,0,0,0,0,0,0,0,0,0,0,0,0,0,0,145.571,0,0,0
"MtrElec",6,27,7,"",196.046,0,0,0,0,0,0,0,0,0,0,0,0,0,0,0,0,0,0,0,0,221.065,0,0,-25.0191
"MtrElec",6,27,8,"",139.696,0,0,0,0,0,0,0,0,0,0,0,0,0,0,0,0,0,0,0,0,264.279,0,0,-124.583
"MtrElec",6,27,9,"",26.4981,0,0,0,0,0,0,0,0,0,0,0,0,0,0,0,0,0,0,0,0,306.321,0,0,-279.823
"MtrElec",6,27,10,"",-12.8936,0,0,0,0,0,0,0,0,0,0,0,0,0,0,0,0,0,0,0,0,407.16,0,0,-420.054
"MtrElec",6,27,11,"",84.8543,0,0,0,0,0,0,0,0,0,0,0,0,0,0,0,0,0,0,0,0,611.056,0,0,-526.202
"MtrElec",6,27,12,"",30.2621,0,0,0,0,0,0,0,0,0,0,0,0,0,0,0,0,0,0,0,0,624.869,0,0,-594.607
"MtrElec",6,27,13,"",67.1529,0,0,0,0,0,0,0,0,0,0,0,0,0,0,0,0,0,0,0,0,685.755,0,0,-618.602
"MtrElec",6,27,14,"",0,0,0,0,0,0,0,0,0,0,0,0,0,0,0,0,0,0,0,0,0,590.061,0,24.1519,-614.213
"MtrElec",6,27,15,"",42.7339,0,0,0,0,0,0,0,0,0,0,0,0,0,0,0,0,0,0,0,0,616.485,0,0,-573.751
"MtrElec",6,27,16,"",82.6004,0,0,0,0,0,0,0,0,0,0,0,0,0,0,0,0,0,0,0,0,592.122,0,0,-509.522
"MtrElec",6,27,17,"",331.567,0,0,0,0,0,0,0,0,0,0,0,0,0,0,0,0,0,0,0,0,655.424,0,0,-323.858
"MtrElec",6,27,18,"",508.648,0,0,0,0,0,0,0,0,0,0,0,0,0,0,0,0,0,0,0,0,600.404,0,0,-91.7556
"MtrElec",6,27,19,"",527.57,0,0,0,0,0,0,0,0,0,0,0,0,0,0,0,0,0,0,0,0,609.882,0,-21.7971,-60.5154
"MtrElec",6,27,20,"",482.891,0,0,0,0,0,0,0,0,0,0,0,0,0,0,0,0,0,0,0,0,496.071,0,0,-13.1801
"MtrElec",6,27,21,"",338.464,0,0,0,0,0,0,0,0,0,0,0,0,0,0,0,0,0,0,0,0,338.464,0,0,0
"MtrElec",6,27,22,"",320.765,0,0,0,0,0,0,0,0,0,0,0,0,0,0,0,0,0,0,0,0,320.765,0,0,0
"MtrElec",6,27,23,"",251.601,0,0,0,0,0,0,0,0,0,0,0,0,0,0,0,0,0,0,0,0,251.601,0,0,0
"MtrElec",6,27,24,"",194.694,0,0,0,0,0,0,0,0,0,0,0,0,0,0,0,0,0,0,0,0,194.694,0,0,0
"MtrElec",6,28,1,"",168.941,0,0,0,0,0,0,0,0,0,0,0,0,0,0,0,0,0,0,0,0,168.941,0,0,0
"MtrElec",6,28,2,"",152.148,0,0,0,0,0,0,0,0,0,0,0,0,0,0,0,0,0,0,0,0,152.148,0,0,0
"MtrElec",6,28,3,"",146.597,0,0,0,0,0,0,0,0,0,0,0,0,0,0,0,0,0,0,0,0,146.597,0,0,0
"MtrElec",6,28,4,"",148.087,0,0,0,0,0,0,0,0,0,0,0,0,0,0,0,0,0,0,0,0,148.087,0,0,0
"MtrElec",6,28,5,"",180.115,0,0,0,0,0,0,0,0,0,0,0,0,0,0,0,0,0,0,0,0,180.115,0,0,0
"MtrElec",6,28,6,"",178.002,0,0,0,0,0,0,0,0,0,0,0,0,0,0,0,0,0,0,0,0,178.002,0,0,0
"MtrElec",6,28,7,"",134.023,0,0,0,0,0,0,0,0,0,0,0,0,0,0,0,0,0,0,0,0,154.375,0,0,-20.3518
"MtrElec",6,28,8,"",121.434,0,0,0,0,0,0,0,0,0,0,0,0,0,0,0,0,0,0,0,0,243.13,0,0,-121.696
"MtrElec",6,28,9,"",27.0249,0,0,0,0,0,0,0,0,0,0,0,0,0,0,0,0,0,0,0,0,310.967,0,0,-283.942
"MtrElec",6,28,10,"",45.8142,0,0,0,0,0,0,0,0,0,0,0,0,0,0,0,0,0,0,0,0,439.828,0,0,-394.014
"MtrElec",6,28,11,"",86.1223,0,0,0,0,0,0,0,0,0,0,0,0,0,0,0,0,0,0,0,0,525.763,0,0,-439.641
"MtrElec",6,28,12,"",0,0,0,0,0,0,0,0,0,0,0,0,0,0,0,0,0,0,0,0,0,497.411,0,43.232,-540.643
"MtrElec",6,28,13,"",18.9007,0,0,0,0,0,0,0,0,0,0,0,0,0,0,0,0,0,0,0,0,481.862,0,0,-462.962
"MtrElec",6,28,14,"",0.0000039,0,0,0,0,0,0,0,0,0,0,0,0,0,0,0,0,0,0,0,0,483.934,0,44.8963,-528.83
"MtrElec",6,28,15,"",0,0,0,0,0,0,0,0,0,0,0,0,0,0,0,0,0,0,0,0,0,495.286,0,114.115,-609.401
"MtrElec",6,28,16,"",0.0000020,0,0,0,0,0,0,0,0,0,0,0,0,0,0,0,0,0,0,0,0,479.993,0,30.388,-510.381
"MtrElec",6,28,17,"",145.19,0,0,0,0,0,0,0,0,0,0,0,0,0,0,0,0,0,0,0,0,501.554,0,0,-356.363
"MtrElec",6,28,18,"",216.095,0,0,0,0,0,0,0,0,0,0,0,0,0,0,0,0,0,0,0,0,432.434,0,0,-216.339
"MtrElec",6,28,19,"",161.199,0,0,0,0,0,0,0,0,0,0,0,0,0,0,0,0,0,0,0,0,464.716,0,-209.949,-93.5683
"MtrElec",6,28,20,"",341.122,0,0,0,0,0,0,0,0,0,0,0,0,0,0,0,0,0,0,0,0,356.848,0,0,-15.7261
"MtrElec",6,28,21,"",319.057,0,0,0,0,0,0,0,0,0,0,0,0,0,0,0,0,0,0,0,0,319.057,0,0,0
"MtrElec",6,28,22,"",328.359,0,0,0,0,0,0,0,0,0,0,0,0,0,0,0,0,0,0,0,0,328.359,0,0,0
"MtrElec",6,28,23,"",205.246,0,0,0,0,0,0,0,0,0,0,0,0,0,0,0,0,0,0,0,0,205.246,0,0,0
"MtrElec",6,28,24,"",252.236,0,0,0,0,0,0,0,0,0,0,0,0,0,0,0,0,0,0,0,0,252.236,0,0,0
"MtrElec",6,29,1,"",157.608,0,0,0,0,0,0,0,0,0,0,0,0,0,0,0,0,0,0,0,0,157.608,0,0,0
"MtrElec",6,29,2,"",148.485,0,0,0,0,0,0,0,0,0,0,0,0,0,0,0,0,0,0,0,0,148.485,0,0,0
"MtrElec",6,29,3,"",141.255,0,0,0,0,0,0,0,0,0,0,0,0,0,0,0,0,0,0,0,0,141.255,0,0,0
"MtrElec",6,29,4,"",145.364,0,0,0,0,0,0,0,0,0,0,0,0,0,0,0,0,0,0,0,0,145.364,0,0,0
"MtrElec",6,29,5,"",144.87,0,0,0,0,0,0,0,0,0,0,0,0,0,0,0,0,0,0,0,0,144.87,0,0,0
"MtrElec",6,29,6,"",177.447,0,0,0,0,0,0,0,0,0,0,0,0,0,0,0,0,0,0,0,0,177.447,0,0,0
"MtrElec",6,29,7,"",220.508,0,0,0,0,0,0,0,0,0,0,0,0,0,0,0,0,0,0,0,0,244.716,0,0,-24.2079
"MtrElec",6,29,8,"",227.982,0,0,0,0,0,0,0,0,0,0,0,0,0,0,0,0,0,0,0,0,350.355,0,0,-122.373
"MtrElec",6,29,9,"",100.332,0,0,0,0,0,0,0,0,0,0,0,0,0,0,0,0,0,0,0,0,383.542,0,0,-283.209
"MtrElec",6,29,10,"",93.0794,0,0,0,0,0,0,0,0,0,0,0,0,0,0,0,0,0,0,0,0,521.341,0,0,-428.261
"MtrElec",6,29,11,"",13.5284,0,0,0,0,0,0,0,0,0,0,0,0,0,0,0,0,0,0,0,0,542.254,0,0,-528.726
"MtrElec",6,29,12,"",0,0,0,0,0,0,0,0,0,0,0,0,0,0,0,0,0,0,0,0,0,562.771,0,51.7381,-614.509
"MtrElec",6,29,13,"",0,0,0,0,0,0,0,0,0,0,0,0,0,0,0,0,0,0,0,0,0,582.814,0,73.7658,-656.58
"MtrElec",6,29,14,"",0,0,0,0,0,0,0,0,0,0,0,0,0,0,0,0,0,0,0,0,0,508.446,0,144.797,-653.244
"MtrElec",6,29,15,"",0,0,0,0,0,0,0,0,0,0,0,0,0,0,0,0,0,0,0,0,0,493.61,0,119.989,-613.599
"MtrElec",6,29,16,"",0,0,0,0,0,0,0,0,0,0,0,0,0,0,0,0,0,0,0,0,0,499.101,0,32.3742,-531.475
"MtrElec",6,29,17,"",143.791,0,0,0,0,0,0,0,0,0,0,0,0,0,0,0,0,0,0,0,0,551.76,0,0,-407.969
"MtrElec",6,29,18,"",285.476,0,0,0,0,0,0,0,0,0,0,0,0,0,0,0,0,0,0,0,0,537.177,0,0,-251.7
"MtrElec",6,29,19,"",241.108,0,0,0,0,0,0,0,0,0,0,0,0,0,0,0,0,0,0,0,0,558.557,0,-223.217,-94.2321
"MtrElec",6,29,20,"",339.73,0,0,0,0,0,0,0,0,0,0,0,0,0,0,0,0,0,0,0,0,513.636,0,-158.238,-15.6679
"MtrElec",6,29,21,"",399.981,0,0,0,0,0,0,0,0,0,0,0,0,0,0,0,0,0,0,0,0,399.981,0,0,0
"MtrElec",6,29,22,"",318.389,0,0,0,0,0,0,0,0,0,0,0,0,0,0,0,0,0,0,0,0,318.389,0,0,0
"MtrElec",6,29,23,"",282.467,0,0,0,0,0,0,0,0,0,0,0,0,0,0,0,0,0,0,0,0,282.467,0,0,0
"MtrElec",6,29,24,"",209.266,0,0,0,0,0,0,0,0,0,0,0,0,0,0,0,0,0,0,0,0,209.266,0,0,0
"MtrElec",6,30,1,"",147.353,0,0,0,0,0,0,0,0,0,0,0,0,0,0,0,0,0,0,0,0,147.353,0,0,0
"MtrElec",6,30,2,"",145.02,0,0,0,0,0,0,0,0,0,0,0,0,0,0,0,0,0,0,0,0,145.02,0,0,0
"MtrElec",6,30,3,"",139.35,0,0,0,0,0,0,0,0,0,0,0,0,0,0,0,0,0,0,0,0,139.35,0,0,0
"MtrElec",6,30,4,"",143.37,0,0,0,0,0,0,0,0,0,0,0,0,0,0,0,0,0,0,0,0,143.37,0,0,0
"MtrElec",6,30,5,"",170.434,0,0,0,0,0,0,0,0,0,0,0,0,0,0,0,0,0,0,0,0,170.434,0,0,0
"MtrElec",6,30,6,"",144.859,0,0,0,0,0,0,0,0,0,0,0,0,0,0,0,0,0,0,0,0,144.859,0,0,0
"MtrElec",6,30,7,"",232.759,0,0,0,0,0,0,0,0,0,0,0,0,0,0,0,0,0,0,0,0,254.389,0,0,-21.6305
"MtrElec",6,30,8,"",236.781,0,0,0,0,0,0,0,0,0,0,0,0,0,0,0,0,0,0,0,0,359.486,0,0,-122.705
"MtrElec",6,30,9,"",152.393,0,0,0,0,0,0,0,0,0,0,0,0,0,0,0,0,0,0,0,0,438.31,0,0,-285.916
"MtrElec",6,30,10,"",155.322,0,0,0,0,0,0,0,0,0,0,0,0,0,0,0,0,0,0,0,0,588.045,0,0,-432.723
"MtrElec",6,30,11,"",1.5335,0,0,0,0,0,0,0,0,0,0,0,0,0,0,0,0,0,0,0,0,553.074,0,0,-551.54
"MtrElec",6,30,12,"",0.0000078,0,0,0,0,0,0,0,0,0,0,0,0,0,0,0,0,0,0,0,0,543.895,0,79.2551,-623.15
"MtrElec",6,30,13,"",0,0,0,0,0,0,0,0,0,0,0,0,0,0,0,0,0,0,0,0,0,609.425,0,53.8876,-663.313
"MtrElec",6,30,14,"",0.0000156,0,0,0,0,0,0,0,0,0,0,0,0,0,0,0,0,0,0,0,0,486.162,0,188.249,-674.411
"MtrElec",6,30,15,"",0,0,0,0,0,0,0,0,0,0,0,0,0,0,0,0,0,0,0,0,0,478.652,0,151.491,-630.142
"MtrElec",6,30,16,"",0,0,0,0,0,0,0,0,0,0,0,0,0,0,0,0,0,0,0,0,0,500.656,0,40.9626,-541.619
"MtrElec",6,30,17,"",130.613,0,0,0,0,0,0,0,0,0,0,0,0,0,0,0,0,0,0,0,0,543.933,0,0,-413.32
"MtrElec",6,30,18,"",291.886,0,0,0,0,0,0,0,0,0,0,0,0,0,0,0,0,0,0,0,0,550.76,0,0,-258.874
"MtrElec",6,30,19,"",232.514,0,0,0,0,0,0,0,0,0,0,0,0,0,0,0,0,0,0,0,0,549.088,0,-223.217,-93.3571
"MtrElec",6,30,20,"",243.783,0,0,0,0,0,0,0,0,0,0,0,0,0,0,0,0,0,0,0,0,479.743,0,-223.217,-12.7439
"MtrElec",6,30,21,"",489.152,0,0,0,0,0,0,0,0,0,0,0,0,0,0,0,0,0,0,0,0,506.464,0,-17.3117,0
"MtrElec",6,30,22,"",318.128,0,0,0,0,0,0,0,0,0,0,0,0,0,0,0,0,0,0,0,0,318.128,0,0,0
"MtrElec",6,30,23,"",294.532,0,0,0,0,0,0,0,0,0,0,0,0,0,0,0,0,0,0,0,0,294.532,0,0,0
"MtrElec",6,30,24,"",260.592,0,0,0,0,0,0,0,0,0,0,0,0,0,0,0,0,0,0,0,0,260.592,0,0,0
"MtrElec",7,1,1,"",163.413,0,0,0,0,0,0,0,0,0,0,0,0,0,0,0,0,0,0,0,0,163.413,0,0,0
"MtrElec",7,1,2,"",155.89,0,0,0,0,0,0,0,0,0,0,0,0,0,0,0,0,0,0,0,0,155.89,0,0,0
"MtrElec",7,1,3,"",151.232,0,0,0,0,0,0,0,0,0,0,0,0,0,0,0,0,0,0,0,0,151.232,0,0,0
"MtrElec",7,1,4,"",150.721,0,0,0,0,0,0,0,0,0,0,0,0,0,0,0,0,0,0,0,0,150.721,0,0,0
"MtrElec",7,1,5,"",147.591,0,0,0,0,0,0,0,0,0,0,0,0,0,0,0,0,0,0,0,0,147.591,0,0,0
"MtrElec",7,1,6,"",181.165,0,0,0,0,0,0,0,0,0,0,0,0,0,0,0,0,0,0,0,0,181.165,0,0,0
"MtrElec",7,1,7,"",241.459,0,0,0,0,0,0,0,0,0,0,0,0,0,0,0,0,0,0,0,0,258.921,0,0,-17.4626
"MtrElec",7,1,8,"",190.94,0,0,0,0,0,0,0,0,0,0,0,0,0,0,0,0,0,0,0,0,317.227,0,0,-126.287
"MtrElec",7,1,9,"",121.022,0,0,0,0,0,0,0,0,0,0,0,0,0,0,0,0,0,0,0,0,424.037,0,0,-303.014
"MtrElec",7,1,10,"",36.188,0,0,0,0,0,0,0,0,0,0,0,0,0,0,0,0,0,0,0,0,496.62,0,0,-460.432
"MtrElec",7,1,11,"",0,0,0,0,0,0,0,0,0,0,0,0,0,0,0,0,0,0,0,0,0,535.859,0,37.1628,-573.022
"MtrElec",7,1,12,"",0,0,0,0,0,0,0,0,0,0,0,0,0,0,0,0,0,0,0,0,0,547.758,0,82.1911,-629.949
"MtrElec",7,1,13,"",0,0,0,0,0,0,0,0,0,0,0,0,0,0,0,0,0,0,0,0,0,554.773,0,131.365,-686.138
"MtrElec",7,1,14,"",0,0,0,0,0,0,0,0,0,0,0,0,0,0,0,0,0,0,0,0,0,524.712,0,169.572,-694.284
"MtrElec",7,1,15,"",0,0,0,0,0,0,0,0,0,0,0,0,0,0,0,0,0,0,0,0,0,530.315,0,118.2,-648.515
"MtrElec",7,1,16,"",0,0,0,0,0,0,0,0,0,0,0,0,0,0,0,0,0,0,0,0,0,542.489,0,16.6357,-559.125
"MtrElec",7,1,17,"",175.771,0,0,0,0,0,0,0,0,0,0,0,0,0,0,0,0,0,0,0,0,607.835,0,0,-432.064
"MtrElec",7,1,18,"",287.38,0,0,0,0,0,0,0,0,0,0,0,0,0,0,0,0,0,0,0,0,556.592,0,0,-269.212
"MtrElec",7,1,19,"",220.181,0,0,0,0,0,0,0,0,0,0,0,0,0,0,0,0,0,0,0,0,538.35,0,-223.217,-94.9528
"MtrElec",7,1,20,"",302.19,0,0,0,0,0,0,0,0,0,0,0,0,0,0,0,0,0,0,0,0,536.085,0,-223.217,-10.6776
"MtrElec",7,1,21,"",443.462,0,0,0,0,0,0,0,0,0,0,0,0,0,0,0,0,0,0,0,0,498.029,0,-54.5676,0
"MtrElec",7,1,22,"",350.925,0,0,0,0,0,0,0,0,0,0,0,0,0,0,0,0,0,0,0,0,350.925,0,0,0
"MtrElec",7,1,23,"",287.542,0,0,0,0,0,0,0,0,0,0,0,0,0,0,0,0,0,0,0,0,287.542,0,0,0
"MtrElec",7,1,24,"",207.979,0,0,0,0,0,0,0,0,0,0,0,0,0,0,0,0,0,0,0,0,207.979,0,0,0
"MtrElec",7,2,1,"",168.226,0,0,0,0,0,0,0,0,0,0,0,0,0,0,0,0,0,0,0,0,168.226,0,0,0
"MtrElec",7,2,2,"",154.773,0,0,0,0,0,0,0,0,0,0,0,0,0,0,0,0,0,0,0,0,154.773,0,0,0
"MtrElec",7,2,3,"",146.135,0,0,0,0,0,0,0,0,0,0,0,0,0,0,0,0,0,0,0,0,146.135,0,0,0
"MtrElec",7,2,4,"",144.036,0,0,0,0,0,0,0,0,0,0,0,0,0,0,0,0,0,0,0,0,144.036,0,0,0
"MtrElec",7,2,5,"",146.916,0,0,0,0,0,0,0,0,0,0,0,0,0,0,0,0,0,0,0,0,146.916,0,0,0
"MtrElec",7,2,6,"",171.717,0,0,0,0,0,0,0,0,0,0,0,0,0,0,0,0,0,0,0,0,171.717,0,0,0
"MtrElec",7,2,7,"",257.974,0,0,0,0,0,0,0,0,0,0,0,0,0,0,0,0,0,0,0,0,276.159,0,0,-18.1848
"MtrElec",7,2,8,"",185.795,0,0,0,0,0,0,0,0,0,0,0,0,0,0,0,0,0,0,0,0,312.26,0,0,-126.465
"MtrElec",7,2,9,"",81.3216,0,0,0,0,0,0,0,0,0,0,0,0,0,0,0,0,0,0,0,0,386.479,0,0,-305.158
"MtrElec",7,2,10,"",53.8268,0,0,0,0,0,0,0,0,0,0,0,0,0,0,0,0,0,0,0,0,511.654,0,0,-457.827
"MtrElec",7,2,11,"",0.0000020,0,0,0,0,0,0,0,0,0,0,0,0,0,0,0,0,0,0,0,0,538.033,0,30.4566,-568.49
"MtrElec",7,2,12,"",0.0000078,0,0,0,0,0,0,0,0,0,0,0,0,0,0,0,0,0,0,0,0,554.343,0,96.1298,-650.473
"MtrElec",7,2,13,"",0,0,0,0,0,0,0,0,0,0,0,0,0,0,0,0,0,0,0,0,0,501.339,0,183.12,-684.459
"MtrElec",7,2,14,"",0.0000156,0,0,0,0,0,0,0,0,0,0,0,0,0,0,0,0,0,0,0,0,523.463,0,159.521,-682.985
"MtrElec",7,2,15,"",0.0000078,0,0,0,0,0,0,0,0,0,0,0,0,0,0,0,0,0,0,0,0,514.291,0,129.887,-644.178
"MtrElec",7,2,16,"",0,0,0,0,0,0,0,0,0,0,0,0,0,0,0,0,0,0,0,0,0,557.523,0,0.178188,-557.701
"MtrElec",7,2,17,"",152.987,0,0,0,0,0,0,0,0,0,0,0,0,0,0,0,0,0,0,0,0,587.304,0,0,-434.318
"MtrElec",7,2,18,"",328.193,0,0,0,0,0,0,0,0,0,0,0,0,0,0,0,0,0,0,0,0,602.004,0,0,-273.811
"MtrElec",7,2,19,"",264.498,0,0,0,0,0,0,0,0,0,0,0,0,0,0,0,0,0,0,0,0,583.749,0,-223.217,-96.0338
"MtrElec",7,2,20,"",305.858,0,0,0,0,0,0,0,0,0,0,0,0,0,0,0,0,0,0,0,0,539.162,0,-223.217,-10.0879
"MtrElec",7,2,21,"",417.584,0,0,0,0,0,0,0,0,0,0,0,0,0,0,0,0,0,0,0,0,512.012,0,-94.4283,0
"MtrElec",7,2,22,"",365.512,0,0,0,0,0,0,0,0,0,0,0,0,0,0,0,0,0,0,0,0,365.512,0,0,0
"MtrElec",7,2,23,"",294.701,0,0,0,0,0,0,0,0,0,0,0,0,0,0,0,0,0,0,0,0,294.701,0,0,0
"MtrElec",7,2,24,"",218.172,0,0,0,0,0,0,0,0,0,0,0,0,0,0,0,0,0,0,0,0,218.172,0,0,0
"MtrElec",7,3,1,"",162.346,0,0,0,0,0,0,0,0,0,0,0,0,0,0,0,0,0,0,0,0,162.346,0,0,0
"MtrElec",7,3,2,"",155.539,0,0,0,0,0,0,0,0,0,0,0,0,0,0,0,0,0,0,0,0,155.539,0,0,0
"MtrElec",7,3,3,"",148.91,0,0,0,0,0,0,0,0,0,0,0,0,0,0,0,0,0,0,0,0,148.91,0,0,0
"MtrElec",7,3,4,"",147.165,0,0,0,0,0,0,0,0,0,0,0,0,0,0,0,0,0,0,0,0,147.165,0,0,0
"MtrElec",7,3,5,"",142.52,0,0,0,0,0,0,0,0,0,0,0,0,0,0,0,0,0,0,0,0,142.52,0,0,0
"MtrElec",7,3,6,"",176.393,0,0,0,0,0,0,0,0,0,0,0,0,0,0,0,0,0,0,0,0,176.393,0,0,0
"MtrElec",7,3,7,"",206.226,0,0,0,0,0,0,0,0,0,0,0,0,0,0,0,0,0,0,0,0,225.058,0,0,-18.8318
"MtrElec",7,3,8,"",227.265,0,0,0,0,0,0,0,0,0,0,0,0,0,0,0,0,0,0,0,0,353.702,0,0,-126.438
"MtrElec",7,3,9,"",124.668,0,0,0,0,0,0,0,0,0,0,0,0,0,0,0,0,0,0,0,0,426.647,0,0,-301.979
"MtrElec",7,3,10,"",175.128,0,0,0,0,0,0,0,0,0,0,0,0,0,0,0,0,0,0,0,0,632.87,0,0,-457.742
"MtrElec",7,3,11,"",60.0202,0,0,0,0,0,0,0,0,0,0,0,0,0,0,0,0,0,0,0,0,629.652,0,0,-569.632
"MtrElec",7,3,12,"",47.1366,0,0,0,0,0,0,0,0,0,0,0,0,0,0,0,0,0,0,0,0,688.297,0,0,-641.16
"MtrElec",7,3,13,"",0,0,0,0,0,0,0,0,0,0,0,0,0,0,0,0,0,0,0,0,0,609.712,0,73.7698,-683.482
"MtrElec",7,3,14,"",0,0,0,0,0,0,0,0,0,0,0,0,0,0,0,0,0,0,0,0,0,551.661,0,127.323,-678.984
"MtrElec",7,3,15,"",0,0,0,0,0,0,0,0,0,0,0,0,0,0,0,0,0,0,0,0,0,572.687,0,60.8122,-633.499
"MtrElec",7,3,16,"",0.0000005,0,0,0,0,0,0,0,0,0,0,0,0,0,0,0,0,0,0,0,0,550.399,0,4.96675,-555.365
"MtrElec",7,3,17,"",182.155,0,0,0,0,0,0,0,0,0,0,0,0,0,0,0,0,0,0,0,0,612.424,0,0,-430.269
"MtrElec",7,3,18,"",382.629,0,0,0,0,0,0,0,0,0,0,0,0,0,0,0,0,0,0,0,0,648.146,0,0,-265.517
"MtrElec",7,3,19,"",281.968,0,0,0,0,0,0,0,0,0,0,0,0,0,0,0,0,0,0,0,0,599.339,0,-223.217,-94.1545
"MtrElec",7,3,20,"",467.839,0,0,0,0,0,0,0,0,0,0,0,0,0,0,0,0,0,0,0,0,495.467,0,-17.6347,-9.99321
"MtrElec",7,3,21,"",451.935,0,0,0,0,0,0,0,0,0,0,0,0,0,0,0,0,0,0,0,0,451.935,0,0,0
"MtrElec",7,3,22,"",315.25,0,0,0,0,0,0,0,0,0,0,0,0,0,0,0,0,0,0,0,0,315.25,0,0,0
"MtrElec",7,3,23,"",230.693,0,0,0,0,0,0,0,0,0,0,0,0,0,0,0,0,0,0,0,0,230.693,0,0,0
"MtrElec",7,3,24,"",211.088,0,0,0,0,0,0,0,0,0,0,0,0,0,0,0,0,0,0,0,0,211.088,0,0,0
"MtrElec",7,4,1,"",197.409,0,0,0,0,0,0,0,0,0,0,0,0,0,0,0,0,0,0,0,0,197.409,0,0,0
"MtrElec",7,4,2,"",157.117,0,0,0,0,0,0,0,0,0,0,0,0,0,0,0,0,0,0,0,0,157.117,0,0,0
"MtrElec",7,4,3,"",154.388,0,0,0,0,0,0,0,0,0,0,0,0,0,0,0,0,0,0,0,0,154.388,0,0,0
"MtrElec",7,4,4,"",153.456,0,0,0,0,0,0,0,0,0,0,0,0,0,0,0,0,0,0,0,0,153.456,0,0,0
"MtrElec",7,4,5,"",181.827,0,0,0,0,0,0,0,0,0,0,0,0,0,0,0,0,0,0,0,0,181.827,0,0,0
"MtrElec",7,4,6,"",146.84,0,0,0,0,0,0,0,0,0,0,0,0,0,0,0,0,0,0,0,0,146.84,0,0,0
"MtrElec",7,4,7,"",213.118,0,0,0,0,0,0,0,0,0,0,0,0,0,0,0,0,0,0,0,0,233.454,0,0,-20.3364
"MtrElec",7,4,8,"",156.42,0,0,0,0,0,0,0,0,0,0,0,0,0,0,0,0,0,0,0,0,279.547,0,0,-123.127
"MtrElec",7,4,9,"",30.1699,0,0,0,0,0,0,0,0,0,0,0,0,0,0,0,0,0,0,0,0,323.052,0,0,-292.882
"MtrElec",7,4,10,"",64.3237,0,0,0,0,0,0,0,0,0,0,0,0,0,0,0,0,0,0,0,0,493.604,0,0,-429.28
"MtrElec",7,4,11,"",196.462,0,0,0,0,0,0,0,0,0,0,0,0,0,0,0,0,0,0,0,0,686.523,0,0,-490.061
"MtrElec",7,4,12,"",86.4111,0,0,0,0,0,0,0,0,0,0,0,0,0,0,0,0,0,0,0,0,640.172,0,0,-553.761
"MtrElec",7,4,13,"",26.8944,0,0,0,0,0,0,0,0,0,0,0,0,0,0,0,0,0,0,0,0,604.211,0,0,-577.317
"MtrElec",7,4,14,"",5.90356,0,0,0,0,0,0,0,0,0,0,0,0,0,0,0,0,0,0,0,0,587.089,0,0,-581.186
"MtrElec",7,4,15,"",15.8948,0,0,0,0,0,0,0,0,0,0,0,0,0,0,0,0,0,0,0,0,559.959,0,0,-544.065
"MtrElec",7,4,16,"",85.0531,0,0,0,0,0,0,0,0,0,0,0,0,0,0,0,0,0,0,0,0,551.897,0,0,-466.844
"MtrElec",7,4,17,"",130.674,0,0,0,0,0,0,0,0,0,0,0,0,0,0,0,0,0,0,0,0,498.66,0,0,-367.986
"MtrElec",7,4,18,"",343.228,0,0,0,0,0,0,0,0,0,0,0,0,0,0,0,0,0,0,0,0,566.036,0,0,-222.809
"MtrElec",7,4,19,"",450.895,0,0,0,0,0,0,0,0,0,0,0,0,0,0,0,0,0,0,0,0,538.77,0,0,-87.8751
"MtrElec",7,4,20,"",438.249,0,0,0,0,0,0,0,0,0,0,0,0,0,0,0,0,0,0,0,0,457.37,0,0,-19.1208
"MtrElec",7,4,21,"",385.722,0,0,0,0,0,0,0,0,0,0,0,0,0,0,0,0,0,0,0,0,385.722,0,0,0
"MtrElec",7,4,22,"",305.829,0,0,0,0,0,0,0,0,0,0,0,0,0,0,0,0,0,0,0,0,305.829,0,0,0
"MtrElec",7,4,23,"",270.822,0,0,0,0,0,0,0,0,0,0,0,0,0,0,0,0,0,0,0,0,270.822,0,0,0
"MtrElec",7,4,24,"",282.313,0,0,0,0,0,0,0,0,0,0,0,0,0,0,0,0,0,0,0,0,282.313,0,0,0
"MtrElec",7,5,1,"",182.072,0,0,0,0,0,0,0,0,0,0,0,0,0,0,0,0,0,0,0,0,182.072,0,0,0
"MtrElec",7,5,2,"",149.378,0,0,0,0,0,0,0,0,0,0,0,0,0,0,0,0,0,0,0,0,149.378,0,0,0
"MtrElec",7,5,3,"",149.006,0,0,0,0,0,0,0,0,0,0,0,0,0,0,0,0,0,0,0,0,149.006,0,0,0
"MtrElec",7,5,4,"",147.326,0,0,0,0,0,0,0,0,0,0,0,0,0,0,0,0,0,0,0,0,147.326,0,0,0
"MtrElec",7,5,5,"",163.467,0,0,0,0,0,0,0,0,0,0,0,0,0,0,0,0,0,0,0,0,163.467,0,0,0
"MtrElec",7,5,6,"",145.452,0,0,0,0,0,0,0,0,0,0,0,0,0,0,0,0,0,0,0,0,145.452,0,0,0
"MtrElec",7,5,7,"",163.416,0,0,0,0,0,0,0,0,0,0,0,0,0,0,0,0,0,0,0,0,191.933,0,0,-28.5169
"MtrElec",7,5,8,"",79.6033,0,0,0,0,0,0,0,0,0,0,0,0,0,0,0,0,0,0,0,0,200.976,0,0,-121.372
"MtrElec",7,5,9,"",46.6649,0,0,0,0,0,0,0,0,0,0,0,0,0,0,0,0,0,0,0,0,295.059,0,0,-248.394
"MtrElec",7,5,10,"",-41.9027,0,0,0,0,0,0,0,0,0,0,0,0,0,0,0,0,0,0,0,0,390.308,0,0,-432.211
"MtrElec",7,5,11,"",0,0,0,0,0,0,0,0,0,0,0,0,0,0,0,0,0,0,0,0,0,474.038,0,56.8304,-530.869
"MtrElec",7,5,12,"",0,0,0,0,0,0,0,0,0,0,0,0,0,0,0,0,0,0,0,0,0,500.537,0,106.974,-607.511
"MtrElec",7,5,13,"",0.0000078,0,0,0,0,0,0,0,0,0,0,0,0,0,0,0,0,0,0,0,0,512.002,0,95.9645,-607.966
"MtrElec",7,5,14,"",0,0,0,0,0,0,0,0,0,0,0,0,0,0,0,0,0,0,0,0,0,460.376,0,191.614,-651.99
"MtrElec",7,5,15,"",0,0,0,0,0,0,0,0,0,0,0,0,0,0,0,0,0,0,0,0,0,446.608,0,169.103,-615.711
"MtrElec",7,5,16,"",0,0,0,0,0,0,0,0,0,0,0,0,0,0,0,0,0,0,0,0,0,467.518,0,67.7377,-535.255
"MtrElec",7,5,17,"",82.5477,0,0,0,0,0,0,0,0,0,0,0,0,0,0,0,0,0,0,0,0,488.035,0,0,-405.487
"MtrElec",7,5,18,"",226.447,0,0,0,0,0,0,0,0,0,0,0,0,0,0,0,0,0,0,0,0,477.672,0,0,-251.225
"MtrElec",7,5,19,"",174.896,0,0,0,0,0,0,0,0,0,0,0,0,0,0,0,0,0,0,0,0,498.097,0,-223.217,-99.9849
"MtrElec",7,5,20,"",156.278,0,0,0,0,0,0,0,0,0,0,0,0,0,0,0,0,0,0,0,0,400.862,0,-223.217,-21.3663
"MtrElec",7,5,21,"",149.574,0,0,0,0,0,0,0,0,0,0,0,0,0,0,0,0,0,0,0,0,324.263,0,-174.689,0
"MtrElec",7,5,22,"",330.122,0,0,0,0,0,0,0,0,0,0,0,0,0,0,0,0,0,0,0,0,330.122,0,0,0
"MtrElec",7,5,23,"",211.103,0,0,0,0,0,0,0,0,0,0,0,0,0,0,0,0,0,0,0,0,211.103,0,0,0
"MtrElec",7,5,24,"",240.937,0,0,0,0,0,0,0,0,0,0,0,0,0,0,0,0,0,0,0,0,240.937,0,0,0
"MtrElec",7,6,1,"",165.156,0,0,0,0,0,0,0,0,0,0,0,0,0,0,0,0,0,0,0,0,165.156,0,0,0
"MtrElec",7,6,2,"",153.804,0,0,0,0,0,0,0,0,0,0,0,0,0,0,0,0,0,0,0,0,153.804,0,0,0
"MtrElec",7,6,3,"",148.299,0,0,0,0,0,0,0,0,0,0,0,0,0,0,0,0,0,0,0,0,148.299,0,0,0
"MtrElec",7,6,4,"",146.121,0,0,0,0,0,0,0,0,0,0,0,0,0,0,0,0,0,0,0,0,146.121,0,0,0
"MtrElec",7,6,5,"",145.681,0,0,0,0,0,0,0,0,0,0,0,0,0,0,0,0,0,0,0,0,145.681,0,0,0
"MtrElec",7,6,6,"",176.15,0,0,0,0,0,0,0,0,0,0,0,0,0,0,0,0,0,0,0,0,176.15,0,0,0
"MtrElec",7,6,7,"",190.117,0,0,0,0,0,0,0,0,0,0,0,0,0,0,0,0,0,0,0,0,214.288,0,0,-24.1711
"MtrElec",7,6,8,"",187.056,0,0,0,0,0,0,0,0,0,0,0,0,0,0,0,0,0,0,0,0,289.367,0,0,-102.312
"MtrElec",7,6,9,"",117.647,0,0,0,0,0,0,0,0,0,0,0,0,0,0,0,0,0,0,0,0,336.65,0,0,-219.003
"MtrElec",7,6,10,"",-77.473,0,0,0,0,0,0,0,0,0,0,0,0,0,0,0,0,0,0,0,0,354.832,0,0,-432.305
"MtrElec",7,6,11,"",0.0000078,0,0,0,0,0,0,0,0,0,0,0,0,0,0,0,0,0,0,0,0,438.566,0,93.0569,-531.623
"MtrElec",7,6,12,"",0,0,0,0,0,0,0,0,0,0,0,0,0,0,0,0,0,0,0,0,0,448.84,0,156.299,-605.139
"MtrElec",7,6,13,"",0,0,0,0,0,0,0,0,0,0,0,0,0,0,0,0,0,0,0,0,0,490.58,0,155.756,-646.336
"MtrElec",7,6,14,"",0.0000156,0,0,0,0,0,0,0,0,0,0,0,0,0,0,0,0,0,0,0,0,424.081,0,220.358,-644.439
"MtrElec",7,6,15,"",-2.25161,0,0,0,0,0,0,0,0,0,0,0,0,0,0,0,0,0,0,0,0,432.257,0,173.412,-607.921
"MtrElec",7,6,16,"",-100.308,0,0,0,0,0,0,0,0,0,0,0,0,0,0,0,0,0,0,0,0,426.49,0,0,-526.798
"MtrElec",7,6,17,"",83.4922,0,0,0,0,0,0,0,0,0,0,0,0,0,0,0,0,0,0,0,0,489.175,0,0,-405.682
"MtrElec",7,6,18,"",189.775,0,0,0,0,0,0,0,0,0,0,0,0,0,0,0,0,0,0,0,0,444.418,0,0,-254.643
"MtrElec",7,6,19,"",113.712,0,0,0,0,0,0,0,0,0,0,0,0,0,0,0,0,0,0,0,0,437.112,0,-223.217,-100.183
"MtrElec",7,6,20,"",117.718,0,0,0,0,0,0,0,0,0,0,0,0,0,0,0,0,0,0,0,0,361.247,0,-223.217,-20.3118
"MtrElec",7,6,21,"",94.4548,0,0,0,0,0,0,0,0,0,0,0,0,0,0,0,0,0,0,0,0,317.672,0,-223.217,0
"MtrElec",7,6,22,"",214.55,0,0,0,0,0,0,0,0,0,0,0,0,0,0,0,0,0,0,0,0,265.89,0,-51.3398,0
"MtrElec",7,6,23,"",262.015,0,0,0,0,0,0,0,0,0,0,0,0,0,0,0,0,0,0,0,0,262.015,0,0,0
"MtrElec",7,6,24,"",206.521,0,0,0,0,0,0,0,0,0,0,0,0,0,0,0,0,0,0,0,0,206.521,0,0,0
"MtrElec",7,7,1,"",156.479,0,0,0,0,0,0,0,0,0,0,0,0,0,0,0,0,0,0,0,0,156.479,0,0,0
"MtrElec",7,7,2,"",146.504,0,0,0,0,0,0,0,0,0,0,0,0,0,0,0,0,0,0,0,0,146.504,0,0,0
"MtrElec",7,7,3,"",142.717,0,0,0,0,0,0,0,0,0,0,0,0,0,0,0,0,0,0,0,0,142.717,0,0,0
"MtrElec",7,7,4,"",142.04,0,0,0,0,0,0,0,0,0,0,0,0,0,0,0,0,0,0,0,0,142.04,0,0,0
"MtrElec",7,7,5,"",171.523,0,0,0,0,0,0,0,0,0,0,0,0,0,0,0,0,0,0,0,0,171.523,0,0,0
"MtrElec",7,7,6,"",145.652,0,0,0,0,0,0,0,0,0,0,0,0,0,0,0,0,0,0,0,0,145.652,0,0,0
"MtrElec",7,7,7,"",230,0,0,0,0,0,0,0,0,0,0,0,0,0,0,0,0,0,0,0,0,255.835,0,0,-25.835
"MtrElec",7,7,8,"",182.974,0,0,0,0,0,0,0,0,0,0,0,0,0,0,0,0,0,0,0,0,291.899,0,0,-108.925
"MtrElec",7,7,9,"",129.727,0,0,0,0,0,0,0,0,0,0,0,0,0,0,0,0,0,0,0,0,355.439,0,0,-225.713
"MtrElec",7,7,10,"",35.6614,0,0,0,0,0,0,0,0,0,0,0,0,0,0,0,0,0,0,0,0,473.441,0,0,-437.78
"MtrElec",7,7,11,"",0,0,0,0,0,0,0,0,0,0,0,0,0,0,0,0,0,0,0,0,0,511.633,0,42.9865,-554.62
"MtrElec",7,7,12,"",0,0,0,0,0,0,0,0,0,0,0,0,0,0,0,0,0,0,0,0,0,497.609,0,139.166,-636.775
"MtrElec",7,7,13,"",0,0,0,0,0,0,0,0,0,0,0,0,0,0,0,0,0,0,0,0,0,502.738,0,175.422,-678.16
"MtrElec",7,7,14,"",-19.7011,0,0,0,0,0,0,0,0,0,0,0,0,0,0,0,0,0,0,0,0,436.286,0,223.217,-679.204
"MtrElec",7,7,15,"",0,0,0,0,0,0,0,0,0,0,0,0,0,0,0,0,0,0,0,0,0,464.621,0,174.856,-639.477
"MtrElec",7,7,16,"",-41.2337,0,0,0,0,0,0,0,0,0,0,0,0,0,0,0,0,0,0,0,0,473.028,0,43.2337,-557.496
"MtrElec",7,7,17,"",90.3615,0,0,0,0,0,0,0,0,0,0,0,0,0,0,0,0,0,0,0,0,517.202,0,0,-426.84
"MtrElec",7,7,18,"",234.712,0,0,0,0,0,0,0,0,0,0,0,0,0,0,0,0,0,0,0,0,499.991,0,0,-265.279
"MtrElec",7,7,19,"",226.983,0,0,0,0,0,0,0,0,0,0,0,0,0,0,0,0,0,0,0,0,545.229,0,-223.217,-95.0296
"MtrElec",7,7,20,"",237.047,0,0,0,0,0,0,0,0,0,0,0,0,0,0,0,0,0,0,0,0,471.838,0,-223.217,-11.5734
"MtrElec",7,7,21,"",203.301,0,0,0,0,0,0,0,0,0,0,0,0,0,0,0,0,0,0,0,0,426.517,0,-223.217,0
"MtrElec",7,7,22,"",288.475,0,0,0,0,0,0,0,0,0,0,0,0,0,0,0,0,0,0,0,0,339.815,0,-51.3398,0
"MtrElec",7,7,23,"",249.388,0,0,0,0,0,0,0,0,0,0,0,0,0,0,0,0,0,0,0,0,249.388,0,0,0
"MtrElec",7,7,24,"",217.992,0,0,0,0,0,0,0,0,0,0,0,0,0,0,0,0,0,0,0,0,217.992,0,0,0
"MtrElec",7,8,1,"",148.254,0,0,0,0,0,0,0,0,0,0,0,0,0,0,0,0,0,0,0,0,148.254,0,0,0
"MtrElec",7,8,2,"",146.753,0,0,0,0,0,0,0,0,0,0,0,0,0,0,0,0,0,0,0,0,146.753,0,0,0
"MtrElec",7,8,3,"",147.019,0,0,0,0,0,0,0,0,0,0,0,0,0,0,0,0,0,0,0,0,147.019,0,0,0
"MtrElec",7,8,4,"",154.888,0,0,0,0,0,0,0,0,0,0,0,0,0,0,0,0,0,0,0,0,154.888,0,0,0
"MtrElec",7,8,5,"",146.43,0,0,0,0,0,0,0,0,0,0,0,0,0,0,0,0,0,0,0,0,146.43,0,0,0
"MtrElec",7,8,6,"",184.385,0,0,0,0,0,0,0,0,0,0,0,0,0,0,0,0,0,0,0,0,184.385,0,0,0
"MtrElec",7,8,7,"",200.991,0,0,0,0,0,0,0,0,0,0,0,0,0,0,0,0,0,0,0,0,223.234,0,0,-22.2435
"MtrElec",7,8,8,"",251.94,0,0,0,0,0,0,0,0,0,0,0,0,0,0,0,0,0,0,0,0,340.19,0,0,-88.2504
"MtrElec",7,8,9,"",247.392,0,0,0,0,0,0,0,0,0,0,0,0,0,0,0,0,0,0,0,0,422.785,0,0,-175.393
"MtrElec",7,8,10,"",59.9117,0,0,0,0,0,0,0,0,0,0,0,0,0,0,0,0,0,0,0,0,471.568,0,0,-411.656
"MtrElec",7,8,11,"",0.0000078,0,0,0,0,0,0,0,0,0,0,0,0,0,0,0,0,0,0,0,0,493.327,0,69.1331,-562.46
"MtrElec",7,8,12,"",0,0,0,0,0,0,0,0,0,0,0,0,0,0,0,0,0,0,0,0,0,558.482,0,72.6872,-631.169
"MtrElec",7,8,13,"",0,0,0,0,0,0,0,0,0,0,0,0,0,0,0,0,0,0,0,0,0,580.484,0,86.5511,-667.035
"MtrElec",7,8,14,"",0,0,0,0,0,0,0,0,0,0,0,0,0,0,0,0,0,0,0,0,0,467.037,0,213.007,-680.044
"MtrElec",7,8,15,"",0,0,0,0,0,0,0,0,0,0,0,0,0,0,0,0,0,0,0,0,0,524.326,0,111.405,-635.732
"MtrElec",7,8,16,"",0.0000078,0,0,0,0,0,0,0,0,0,0,0,0,0,0,0,0,0,0,0,0,469.579,0,83.8061,-553.385
"MtrElec",7,8,17,"",93.8337,0,0,0,0,0,0,0,0,0,0,0,0,0,0,0,0,0,0,0,0,520.969,0,0,-427.135
"MtrElec",7,8,18,"",264.769,0,0,0,0,0,0,0,0,0,0,0,0,0,0,0,0,0,0,0,0,531.219,0,0,-266.45
"MtrElec",7,8,19,"",216.879,0,0,0,0,0,0,0,0,0,0,0,0,0,0,0,0,0,0,0,0,535.061,0,-223.217,-94.9653
"MtrElec",7,8,20,"",265.079,0,0,0,0,0,0,0,0,0,0,0,0,0,0,0,0,0,0,0,0,499.879,0,-223.217,-11.5825
"MtrElec",7,8,21,"",280.7,0,0,0,0,0,0,0,0,0,0,0,0,0,0,0,0,0,0,0,0,408.788,0,-128.088,0
"MtrElec",7,8,22,"",333.564,0,0,0,0,0,0,0,0,0,0,0,0,0,0,0,0,0,0,0,0,333.564,0,0,0
"MtrElec",7,8,23,"",234.79,0,0,0,0,0,0,0,0,0,0,0,0,0,0,0,0,0,0,0,0,234.79,0,0,0
"MtrElec",7,8,24,"",235.605,0,0,0,0,0,0,0,0,0,0,0,0,0,0,0,0,0,0,0,0,235.605,0,0,0
"MtrElec",7,9,1,"",194.455,0,0,0,0,0,0,0,0,0,0,0,0,0,0,0,0,0,0,0,0,194.455,0,0,0
"MtrElec",7,9,2,"",153.696,0,0,0,0,0,0,0,0,0,0,0,0,0,0,0,0,0,0,0,0,153.696,0,0,0
"MtrElec",7,9,3,"",145.667,0,0,0,0,0,0,0,0,0,0,0,0,0,0,0,0,0,0,0,0,145.667,0,0,0
"MtrElec",7,9,4,"",154.314,0,0,0,0,0,0,0,0,0,0,0,0,0,0,0,0,0,0,0,0,154.314,0,0,0
"MtrElec",7,9,5,"",141.999,0,0,0,0,0,0,0,0,0,0,0,0,0,0,0,0,0,0,0,0,141.999,0,0,0
"MtrElec",7,9,6,"",166.467,0,0,0,0,0,0,0,0,0,0,0,0,0,0,0,0,0,0,0,0,166.467,0,0,0
"MtrElec",7,9,7,"",216.66,0,0,0,0,0,0,0,0,0,0,0,0,0,0,0,0,0,0,0,0,235.206,0,0,-18.5457
"MtrElec",7,9,8,"",243.524,0,0,0,0,0,0,0,0,0,0,0,0,0,0,0,0,0,0,0,0,319.465,0,0,-75.9411
"MtrElec",7,9,9,"",179.22,0,0,0,0,0,0,0,0,0,0,0,0,0,0,0,0,0,0,0,0,339.768,0,0,-160.547
"MtrElec",7,9,10,"",59.8189,0,0,0,0,0,0,0,0,0,0,0,0,0,0,0,0,0,0,0,0,465.972,0,0,-406.153
"MtrElec",7,9,11,"",0,0,0,0,0,0,0,0,0,0,0,0,0,0,0,0,0,0,0,0,0,488.352,0,60.8696,-549.222
"MtrElec",7,9,12,"",0.0000078,0,0,0,0,0,0,0,0,0,0,0,0,0,0,0,0,0,0,0,0,495.975,0,119.731,-615.706
"MtrElec",7,9,13,"",0,0,0,0,0,0,0,0,0,0,0,0,0,0,0,0,0,0,0,0,0,482.146,0,184.595,-666.741
"MtrElec",7,9,14,"",0,0,0,0,0,0,0,0,0,0,0,0,0,0,0,0,0,0,0,0,0,465.989,0,202.956,-668.945
"MtrElec",7,9,15,"",0,0,0,0,0,0,0,0,0,0,0,0,0,0,0,0,0,0,0,0,0,455.586,0,166.096,-621.682
"MtrElec",7,9,16,"",0.0000020,0,0,0,0,0,0,0,0,0,0,0,0,0,0,0,0,0,0,0,0,502.332,0,30.0919,-532.424
"MtrElec",7,9,17,"",110.224,0,0,0,0,0,0,0,0,0,0,0,0,0,0,0,0,0,0,0,0,520.853,0,0,-410.628
"MtrElec",7,9,18,"",256.155,0,0,0,0,0,0,0,0,0,0,0,0,0,0,0,0,0,0,0,0,511.91,0,0,-255.755
"MtrElec",7,9,19,"",211.772,0,0,0,0,0,0,0,0,0,0,0,0,0,0,0,0,0,0,0,0,534.877,0,-223.217,-99.8875
"MtrElec",7,9,20,"",226.267,0,0,0,0,0,0,0,0,0,0,0,0,0,0,0,0,0,0,0,0,469.149,0,-223.217,-19.6649
"MtrElec",7,9,21,"",206.194,0,0,0,0,0,0,0,0,0,0,0,0,0,0,0,0,0,0,0,0,429.411,0,-223.217,0
"MtrElec",7,9,22,"",282.777,0,0,0,0,0,0,0,0,0,0,0,0,0,0,0,0,0,0,0,0,302.943,0,-20.1662,0
"MtrElec",7,9,23,"",197.618,0,0,0,0,0,0,0,0,0,0,0,0,0,0,0,0,0,0,0,0,197.618,0,0,0
"MtrElec",7,9,24,"",234.121,0,0,0,0,0,0,0,0,0,0,0,0,0,0,0,0,0,0,0,0,234.121,0,0,0
"MtrElec",7,10,1,"",161.108,0,0,0,0,0,0,0,0,0,0,0,0,0,0,0,0,0,0,0,0,161.108,0,0,0
"MtrElec",7,10,2,"",148.856,0,0,0,0,0,0,0,0,0,0,0,0,0,0,0,0,0,0,0,0,148.856,0,0,0
"MtrElec",7,10,3,"",146.207,0,0,0,0,0,0,0,0,0,0,0,0,0,0,0,0,0,0,0,0,146.207,0,0,0
"MtrElec",7,10,4,"",154.644,0,0,0,0,0,0,0,0,0,0,0,0,0,0,0,0,0,0,0,0,154.644,0,0,0
"MtrElec",7,10,5,"",176.575,0,0,0,0,0,0,0,0,0,0,0,0,0,0,0,0,0,0,0,0,176.575,0,0,0
"MtrElec",7,10,6,"",151.568,0,0,0,0,0,0,0,0,0,0,0,0,0,0,0,0,0,0,0,0,151.568,0,0,0
"MtrElec",7,10,7,"",248.722,0,0,0,0,0,0,0,0,0,0,0,0,0,0,0,0,0,0,0,0,265.351,0,0,-16.6287
"MtrElec",7,10,8,"",241.564,0,0,0,0,0,0,0,0,0,0,0,0,0,0,0,0,0,0,0,0,316.141,0,0,-74.5773
"MtrElec",7,10,9,"",223.224,0,0,0,0,0,0,0,0,0,0,0,0,0,0,0,0,0,0,0,0,346.319,0,0,-123.094
"MtrElec",7,10,10,"",313.344,0,0,0,0,0,0,0,0,0,0,0,0,0,0,0,0,0,0,0,0,449.502,0,0,-136.158
"MtrElec",7,10,11,"",59.8814,0,0,0,0,0,0,0,0,0,0,0,0,0,0,0,0,0,0,0,0,477.532,0,0,-417.651
"MtrElec",7,10,12,"",0,0,0,0,0,0,0,0,0,0,0,0,0,0,0,0,0,0,0,0,0,492.658,0,2.42144,-495.08
"MtrElec",7,10,13,"",10.5659,0,0,0,0,0,0,0,0,0,0,0,0,0,0,0,0,0,0,0,0,488.352,0,0,-477.786
"MtrElec",7,10,14,"",124.26,0,0,0,0,0,0,0,0,0,0,0,0,0,0,0,0,0,0,0,0,486.595,0,0,-362.335
"MtrElec",7,10,15,"",88.6594,0,0,0,0,0,0,0,0,0,0,0,0,0,0,0,0,0,0,0,0,423.365,0,0,-334.705
"MtrElec",7,10,16,"",0.423031,0,0,0,0,0,0,0,0,0,0,0,0,0,0,0,0,0,0,0,0,492.785,0,0,-492.362
"MtrElec",7,10,17,"",139.714,0,0,0,0,0,0,0,0,0,0,0,0,0,0,0,0,0,0,0,0,528.332,0,0,-388.618
"MtrElec",7,10,18,"",277.159,0,0,0,0,0,0,0,0,0,0,0,0,0,0,0,0,0,0,0,0,511.234,0,0,-234.075
"MtrElec",7,10,19,"",386.617,0,0,0,0,0,0,0,0,0,0,0,0,0,0,0,0,0,0,0,0,486.08,0,-2.18535,-97.2776
"MtrElec",7,10,20,"",382.842,0,0,0,0,0,0,0,0,0,0,0,0,0,0,0,0,0,0,0,0,402.571,0,0,-19.729
"MtrElec",7,10,21,"",437.928,0,0,0,0,0,0,0,0,0,0,0,0,0,0,0,0,0,0,0,0,437.928,0,0,0
"MtrElec",7,10,22,"",303.818,0,0,0,0,0,0,0,0,0,0,0,0,0,0,0,0,0,0,0,0,303.818,0,0,0
"MtrElec",7,10,23,"",229.362,0,0,0,0,0,0,0,0,0,0,0,0,0,0,0,0,0,0,0,0,229.362,0,0,0
"MtrElec",7,10,24,"",227.885,0,0,0,0,0,0,0,0,0,0,0,0,0,0,0,0,0,0,0,0,227.885,0,0,0
"MtrElec",7,11,1,"",166.685,0,0,0,0,0,0,0,0,0,0,0,0,0,0,0,0,0,0,0,0,166.685,0,0,0
"MtrElec",7,11,2,"",148.399,0,0,0,0,0,0,0,0,0,0,0,0,0,0,0,0,0,0,0,0,148.399,0,0,0
"MtrElec",7,11,3,"",147.116,0,0,0,0,0,0,0,0,0,0,0,0,0,0,0,0,0,0,0,0,147.116,0,0,0
"MtrElec",7,11,4,"",145.194,0,0,0,0,0,0,0,0,0,0,0,0,0,0,0,0,0,0,0,0,145.194,0,0,0
"MtrElec",7,11,5,"",142.007,0,0,0,0,0,0,0,0,0,0,0,0,0,0,0,0,0,0,0,0,142.007,0,0,0
"MtrElec",7,11,6,"",148.866,0,0,0,0,0,0,0,0,0,0,0,0,0,0,0,0,0,0,0,0,148.866,0,0,0
"MtrElec",7,11,7,"",202.864,0,0,0,0,0,0,0,0,0,0,0,0,0,0,0,0,0,0,0,0,212.82,0,0,-9.95597
"MtrElec",7,11,8,"",152.556,0,0,0,0,0,0,0,0,0,0,0,0,0,0,0,0,0,0,0,0,203.825,0,0,-51.2693
"MtrElec",7,11,9,"",190.051,0,0,0,0,0,0,0,0,0,0,0,0,0,0,0,0,0,0,0,0,290.418,0,0,-100.367
"MtrElec",7,11,10,"",183.574,0,0,0,0,0,0,0,0,0,0,0,0,0,0,0,0,0,0,0,0,380,0,0,-196.425
"MtrElec",7,11,11,"",65.2851,0,0,0,0,0,0,0,0,0,0,0,0,0,0,0,0,0,0,0,0,479.01,0,0,-413.725
"MtrElec",7,11,12,"",0,0,0,0,0,0,0,0,0,0,0,0,0,0,0,0,0,0,0,0,0,504.171,0,141.202,-645.373
"MtrElec",7,11,13,"",0,0,0,0,0,0,0,0,0,0,0,0,0,0,0,0,0,0,0,0,0,491.116,0,207.089,-698.205
"MtrElec",7,11,14,"",0,0,0,0,0,0,0,0,0,0,0,0,0,0,0,0,0,0,0,0,0,485.227,0,210.574,-695.801
"MtrElec",7,11,15,"",0,0,0,0,0,0,0,0,0,0,0,0,0,0,0,0,0,0,0,0,0,479.552,0,171.133,-650.685
"MtrElec",7,11,16,"",-8.93071,0,0,0,0,0,0,0,0,0,0,0,0,0,0,0,0,0,0,0,0,487.929,0,68.8832,-565.743
"MtrElec",7,11,17,"",24.1204,0,0,0,0,0,0,0,0,0,0,0,0,0,0,0,0,0,0,0,0,462.174,0,0,-438.054
"MtrElec",7,11,18,"",251.322,0,0,0,0,0,0,0,0,0,0,0,0,0,0,0,0,0,0,0,0,526.002,0,0,-274.68
"MtrElec",7,11,19,"",189.414,0,0,0,0,0,0,0,0,0,0,0,0,0,0,0,0,0,0,0,0,509.231,0,-223.217,-96.6005
"MtrElec",7,11,20,"",168.802,0,0,0,0,0,0,0,0,0,0,0,0,0,0,0,0,0,0,0,0,401.23,0,-223.217,-9.21148
"MtrElec",7,11,21,"",90.4434,0,0,0,0,0,0,0,0,0,0,0,0,0,0,0,0,0,0,0,0,313.66,0,-223.217,0
"MtrElec",7,11,22,"",257.483,0,0,0,0,0,0,0,0,0,0,0,0,0,0,0,0,0,0,0,0,308.823,0,-51.3398,0
"MtrElec",7,11,23,"",217.637,0,0,0,0,0,0,0,0,0,0,0,0,0,0,0,0,0,0,0,0,217.637,0,0,0
"MtrElec",7,11,24,"",223.355,0,0,0,0,0,0,0,0,0,0,0,0,0,0,0,0,0,0,0,0,223.355,0,0,0
"MtrElec",7,12,1,"",157.743,0,0,0,0,0,0,0,0,0,0,0,0,0,0,0,0,0,0,0,0,157.743,0,0,0
"MtrElec",7,12,2,"",145.44,0,0,0,0,0,0,0,0,0,0,0,0,0,0,0,0,0,0,0,0,145.44,0,0,0
"MtrElec",7,12,3,"",146.954,0,0,0,0,0,0,0,0,0,0,0,0,0,0,0,0,0,0,0,0,146.954,0,0,0
"MtrElec",7,12,4,"",146.158,0,0,0,0,0,0,0,0,0,0,0,0,0,0,0,0,0,0,0,0,146.158,0,0,0
"MtrElec",7,12,5,"",171.14,0,0,0,0,0,0,0,0,0,0,0,0,0,0,0,0,0,0,0,0,171.14,0,0,0
"MtrElec",7,12,6,"",148.854,0,0,0,0,0,0,0,0,0,0,0,0,0,0,0,0,0,0,0,0,148.854,0,0,0
"MtrElec",7,12,7,"",172.033,0,0,0,0,0,0,0,0,0,0,0,0,0,0,0,0,0,0,0,0,187.797,0,0,-15.7642
"MtrElec",7,12,8,"",99.8355,0,0,0,0,0,0,0,0,0,0,0,0,0,0,0,0,0,0,0,0,216.667,0,0,-116.831
"MtrElec",7,12,9,"",-33.5048,0,0,0,0,0,0,0,0,0,0,0,0,0,0,0,0,0,0,0,0,259.094,0,0,-292.598
"MtrElec",7,12,10,"",-69.8561,0,0,0,0,0,0,0,0,0,0,0,0,0,0,0,0,0,0,0,0,385.353,0,0,-455.209
"MtrElec",7,12,11,"",0.0000078,0,0,0,0,0,0,0,0,0,0,0,0,0,0,0,0,0,0,0,0,467.545,0,105.04,-572.585
"MtrElec",7,12,12,"",0,0,0,0,0,0,0,0,0,0,0,0,0,0,0,0,0,0,0,0,0,461.178,0,182.749,-643.927
"MtrElec",7,12,13,"",-41.1836,0,0,0,0,0,0,0,0,0,0,0,0,0,0,0,0,0,0,0,0,429.53,0,223.217,-693.931
"MtrElec",7,12,14,"",-58.2771,0,0,0,0,0,0,0,0,0,0,0,0,0,0,0,0,0,0,0,0,408.464,0,223.217,-689.958
"MtrElec",7,12,15,"",-153.629,0,0,0,0,0,0,0,0,0,0,0,0,0,0,0,0,0,0,0,0,433.328,0,64.659,-651.616
"MtrElec",7,12,16,"",-134.673,0,0,0,0,0,0,0,0,0,0,0,0,0,0,0,0,0,0,0,0,432.294,0,0,-566.967
"MtrElec",7,12,17,"",-13.4322,0,0,0,0,0,0,0,0,0,0,0,0,0,0,0,0,0,0,0,0,424.252,0,0,-437.684
"MtrElec",7,12,18,"",194.272,0,0,0,0,0,0,0,0,0,0,0,0,0,0,0,0,0,0,0,0,469.531,0,0,-275.259
"MtrElec",7,12,19,"",107.771,0,0,0,0,0,0,0,0,0,0,0,0,0,0,0,0,0,0,0,0,426.91,0,-223.217,-95.9222
"MtrElec",7,12,20,"",133.614,0,0,0,0,0,0,0,0,0,0,0,0,0,0,0,0,0,0,0,0,365.399,0,-223.217,-8.56792
"MtrElec",7,12,21,"",114.201,0,0,0,0,0,0,0,0,0,0,0,0,0,0,0,0,0,0,0,0,337.418,0,-223.217,0
"MtrElec",7,12,22,"",264.171,0,0,0,0,0,0,0,0,0,0,0,0,0,0,0,0,0,0,0,0,315.511,0,-51.3398,0
"MtrElec",7,12,23,"",198.324,0,0,0,0,0,0,0,0,0,0,0,0,0,0,0,0,0,0,0,0,198.324,0,0,0
"MtrElec",7,12,24,"",228.406,0,0,0,0,0,0,0,0,0,0,0,0,0,0,0,0,0,0,0,0,228.406,0,0,0
"MtrElec",7,13,1,"",159.072,0,0,0,0,0,0,0,0,0,0,0,0,0,0,0,0,0,0,0,0,159.072,0,0,0
"MtrElec",7,13,2,"",147.484,0,0,0,0,0,0,0,0,0,0,0,0,0,0,0,0,0,0,0,0,147.484,0,0,0
"MtrElec",7,13,3,"",141.178,0,0,0,0,0,0,0,0,0,0,0,0,0,0,0,0,0,0,0,0,141.178,0,0,0
"MtrElec",7,13,4,"",149.074,0,0,0,0,0,0,0,0,0,0,0,0,0,0,0,0,0,0,0,0,149.074,0,0,0
"MtrElec",7,13,5,"",161.759,0,0,0,0,0,0,0,0,0,0,0,0,0,0,0,0,0,0,0,0,161.759,0,0,0
"MtrElec",7,13,6,"",157.219,0,0,0,0,0,0,0,0,0,0,0,0,0,0,0,0,0,0,0,0,157.219,0,0,0
"MtrElec",7,13,7,"",218.212,0,0,0,0,0,0,0,0,0,0,0,0,0,0,0,0,0,0,0,0,232.381,0,0,-14.1686
"MtrElec",7,13,8,"",232.055,0,0,0,0,0,0,0,0,0,0,0,0,0,0,0,0,0,0,0,0,346.53,0,0,-114.475
"MtrElec",7,13,9,"",152.199,0,0,0,0,0,0,0,0,0,0,0,0,0,0,0,0,0,0,0,0,440.221,0,0,-288.022
"MtrElec",7,13,10,"",68.8911,0,0,0,0,0,0,0,0,0,0,0,0,0,0,0,0,0,0,0,0,504.939,0,0,-436.048
"MtrElec",7,13,11,"",0,0,0,0,0,0,0,0,0,0,0,0,0,0,0,0,0,0,0,0,0,543.759,0,1.15031,-544.909
"MtrElec",7,13,12,"",0,0,0,0,0,0,0,0,0,0,0,0,0,0,0,0,0,0,0,0,0,557.905,0,72.3149,-630.22
"MtrElec",7,13,13,"",0,0,0,0,0,0,0,0,0,0,0,0,0,0,0,0,0,0,0,0,0,549.276,0,125.956,-675.232
"MtrElec",7,13,14,"",0,0,0,0,0,0,0,0,0,0,0,0,0,0,0,0,0,0,0,0,0,494.996,0,173.355,-668.35
"MtrElec",7,13,15,"",0,0,0,0,0,0,0,0,0,0,0,0,0,0,0,0,0,0,0,0,0,493.986,0,128.239,-622.224
"MtrElec",7,13,16,"",0,0,0,0,0,0,0,0,0,0,0,0,0,0,0,0,0,0,0,0,0,520.532,0,23.2176,-543.75
"MtrElec",7,13,17,"",113.968,0,0,0,0,0,0,0,0,0,0,0,0,0,0,0,0,0,0,0,0,536.44,0,0,-422.472
"MtrElec",7,13,18,"",298.025,0,0,0,0,0,0,0,0,0,0,0,0,0,0,0,0,0,0,0,0,561.068,0,0,-263.044
"MtrElec",7,13,19,"",207.891,0,0,0,0,0,0,0,0,0,0,0,0,0,0,0,0,0,0,0,0,523.589,0,-223.217,-92.4812
"MtrElec",7,13,20,"",257.055,0,0,0,0,0,0,0,0,0,0,0,0,0,0,0,0,0,0,0,0,490.505,0,-223.217,-10.2339
"MtrElec",7,13,21,"",430.231,0,0,0,0,0,0,0,0,0,0,0,0,0,0,0,0,0,0,0,0,456.916,0,-26.6854,0
"MtrElec",7,13,22,"",333.006,0,0,0,0,0,0,0,0,0,0,0,0,0,0,0,0,0,0,0,0,333.006,0,0,0
"MtrElec",7,13,23,"",297.222,0,0,0,0,0,0,0,0,0,0,0,0,0,0,0,0,0,0,0,0,297.222,0,0,0
"MtrElec",7,13,24,"",234.036,0,0,0,0,0,0,0,0,0,0,0,0,0,0,0,0,0,0,0,0,234.036,0,0,0
"MtrElec",7,14,1,"",197.866,0,0,0,0,0,0,0,0,0,0,0,0,0,0,0,0,0,0,0,0,197.866,0,0,0
"MtrElec",7,14,2,"",150.849,0,0,0,0,0,0,0,0,0,0,0,0,0,0,0,0,0,0,0,0,150.849,0,0,0
"MtrElec",7,14,3,"",145.861,0,0,0,0,0,0,0,0,0,0,0,0,0,0,0,0,0,0,0,0,145.861,0,0,0
"MtrElec",7,14,4,"",151.056,0,0,0,0,0,0,0,0,0,0,0,0,0,0,0,0,0,0,0,0,151.056,0,0,0
"MtrElec",7,14,5,"",175.013,0,0,0,0,0,0,0,0,0,0,0,0,0,0,0,0,0,0,0,0,175.013,0,0,0
"MtrElec",7,14,6,"",148.37,0,0,0,0,0,0,0,0,0,0,0,0,0,0,0,0,0,0,0,0,148.37,0,0,0
"MtrElec",7,14,7,"",235.992,0,0,0,0,0,0,0,0,0,0,0,0,0,0,0,0,0,0,0,0,259.022,0,0,-23.03
"MtrElec",7,14,8,"",215.502,0,0,0,0,0,0,0,0,0,0,0,0,0,0,0,0,0,0,0,0,328.946,0,0,-113.445
"MtrElec",7,14,9,"",169.91,0,0,0,0,0,0,0,0,0,0,0,0,0,0,0,0,0,0,0,0,401.844,0,0,-231.934
"MtrElec",7,14,10,"",129.414,0,0,0,0,0,0,0,0,0,0,0,0,0,0,0,0,0,0,0,0,485.445,0,0,-356.031
"MtrElec",7,14,11,"",55.145,0,0,0,0,0,0,0,0,0,0,0,0,0,0,0,0,0,0,0,0,544.315,0,0,-489.17
"MtrElec",7,14,12,"",6.3,0,0,0,0,0,0,0,0,0,0,0,0,0,0,0,0,0,0,0,0,543.329,0,0,-537.029
"MtrElec",7,14,13,"",0,0,0,0,0,0,0,0,0,0,0,0,0,0,0,0,0,0,0,0,0,525.548,0,82.8779,-608.426
"MtrElec",7,14,14,"",0,0,0,0,0,0,0,0,0,0,0,0,0,0,0,0,0,0,0,0,0,506.266,0,148.437,-654.703
"MtrElec",7,14,15,"",0.0000078,0,0,0,0,0,0,0,0,0,0,0,0,0,0,0,0,0,0,0,0,544.813,0,67.4723,-612.285
"MtrElec",7,14,16,"",0.0000001,0,0,0,0,0,0,0,0,0,0,0,0,0,0,0,0,0,0,0,0,527.947,0,0.95325,-528.9
"MtrElec",7,14,17,"",169.682,0,0,0,0,0,0,0,0,0,0,0,0,0,0,0,0,0,0,0,0,581.101,0,0,-411.419
"MtrElec",7,14,18,"",295.49,0,0,0,0,0,0,0,0,0,0,0,0,0,0,0,0,0,0,0,0,550.361,0,0,-254.871
"MtrElec",7,14,19,"",175.249,0,0,0,0,0,0,0,0,0,0,0,0,0,0,0,0,0,0,0,0,480.405,0,-223.217,-81.9395
"MtrElec",7,14,20,"",427.788,0,0,0,0,0,0,0,0,0,0,0,0,0,0,0,0,0,0,0,0,485.435,0,-47.2986,-10.3488
"MtrElec",7,14,21,"",460.165,0,0,0,0,0,0,0,0,0,0,0,0,0,0,0,0,0,0,0,0,460.165,0,0,0
"MtrElec",7,14,22,"",318.58,0,0,0,0,0,0,0,0,0,0,0,0,0,0,0,0,0,0,0,0,318.58,0,0,0
"MtrElec",7,14,23,"",257.352,0,0,0,0,0,0,0,0,0,0,0,0,0,0,0,0,0,0,0,0,257.352,0,0,0
"MtrElec",7,14,24,"",256.989,0,0,0,0,0,0,0,0,0,0,0,0,0,0,0,0,0,0,0,0,256.989,0,0,0
"MtrElec",7,15,1,"",168.254,0,0,0,0,0,0,0,0,0,0,0,0,0,0,0,0,0,0,0,0,168.254,0,0,0
"MtrElec",7,15,2,"",154.007,0,0,0,0,0,0,0,0,0,0,0,0,0,0,0,0,0,0,0,0,154.007,0,0,0
"MtrElec",7,15,3,"",148.329,0,0,0,0,0,0,0,0,0,0,0,0,0,0,0,0,0,0,0,0,148.329,0,0,0
"MtrElec",7,15,4,"",145.782,0,0,0,0,0,0,0,0,0,0,0,0,0,0,0,0,0,0,0,0,145.782,0,0,0
"MtrElec",7,15,5,"",141.572,0,0,0,0,0,0,0,0,0,0,0,0,0,0,0,0,0,0,0,0,141.572,0,0,0
"MtrElec",7,15,6,"",168.208,0,0,0,0,0,0,0,0,0,0,0,0,0,0,0,0,0,0,0,0,168.208,0,0,0
"MtrElec",7,15,7,"",231.091,0,0,0,0,0,0,0,0,0,0,0,0,0,0,0,0,0,0,0,0,248.977,0,0,-17.8857
"MtrElec",7,15,8,"",253.745,0,0,0,0,0,0,0,0,0,0,0,0,0,0,0,0,0,0,0,0,363.192,0,0,-109.446
"MtrElec",7,15,9,"",222.346,0,0,0,0,0,0,0,0,0,0,0,0,0,0,0,0,0,0,0,0,492.689,0,0,-270.344
"MtrElec",7,15,10,"",83.5804,0,0,0,0,0,0,0,0,0,0,0,0,0,0,0,0,0,0,0,0,499.988,0,0,-416.407
"MtrElec",7,15,11,"",0.0000010,0,0,0,0,0,0,0,0,0,0,0,0,0,0,0,0,0,0,0,0,526.009,0,9.89994,-535.909
"MtrElec",7,15,12,"",0,0,0,0,0,0,0,0,0,0,0,0,0,0,0,0,0,0,0,0,0,548.877,0,60.2069,-609.084
"MtrElec",7,15,13,"",0,0,0,0,0,0,0,0,0,0,0,0,0,0,0,0,0,0,0,0,0,536.904,0,110.462,-647.366
"MtrElec",7,15,14,"",0,0,0,0,0,0,0,0,0,0,0,0,0,0,0,0,0,0,0,0,0,496.49,0,159.424,-655.914
"MtrElec",7,15,15,"",0,0,0,0,0,0,0,0,0,0,0,0,0,0,0,0,0,0,0,0,0,459.465,0,143.353,-602.818
"MtrElec",7,15,16,"",1.68222,0,0,0,0,0,0,0,0,0,0,0,0,0,0,0,0,0,0,0,0,519.311,0,0,-517.628
"MtrElec",7,15,17,"",113.797,0,0,0,0,0,0,0,0,0,0,0,0,0,0,0,0,0,0,0,0,519.082,0,0,-405.285
"MtrElec",7,15,18,"",305.151,0,0,0,0,0,0,0,0,0,0,0,0,0,0,0,0,0,0,0,0,558.438,0,0,-253.286
"MtrElec",7,15,19,"",225.027,0,0,0,0,0,0,0,0,0,0,0,0,0,0,0,0,0,0,0,0,541.251,0,-223.217,-93.0067
"MtrElec",7,15,20,"",286.507,0,0,0,0,0,0,0,0,0,0,0,0,0,0,0,0,0,0,0,0,512.364,0,-213.003,-12.8543
"MtrElec",7,15,21,"",495.16,0,0,0,0,0,0,0,0,0,0,0,0,0,0,0,0,0,0,0,0,495.16,0,0,0
"MtrElec",7,15,22,"",372.179,0,0,0,0,0,0,0,0,0,0,0,0,0,0,0,0,0,0,0,0,372.179,0,0,0
"MtrElec",7,15,23,"",239.908,0,0,0,0,0,0,0,0,0,0,0,0,0,0,0,0,0,0,0,0,239.908,0,0,0
"MtrElec",7,15,24,"",238.365,0,0,0,0,0,0,0,0,0,0,0,0,0,0,0,0,0,0,0,0,238.365,0,0,0
"MtrElec",7,16,1,"",156.941,0,0,0,0,0,0,0,0,0,0,0,0,0,0,0,0,0,0,0,0,156.941,0,0,0
"MtrElec",7,16,2,"",147.085,0,0,0,0,0,0,0,0,0,0,0,0,0,0,0,0,0,0,0,0,147.085,0,0,0
"MtrElec",7,16,3,"",142.067,0,0,0,0,0,0,0,0,0,0,0,0,0,0,0,0,0,0,0,0,142.067,0,0,0
"MtrElec",7,16,4,"",161.003,0,0,0,0,0,0,0,0,0,0,0,0,0,0,0,0,0,0,0,0,161.003,0,0,0
"MtrElec",7,16,5,"",140.688,0,0,0,0,0,0,0,0,0,0,0,0,0,0,0,0,0,0,0,0,140.688,0,0,0
"MtrElec",7,16,6,"",184.553,0,0,0,0,0,0,0,0,0,0,0,0,0,0,0,0,0,0,0,0,184.553,0,0,0
"MtrElec",7,16,7,"",248.912,0,0,0,0,0,0,0,0,0,0,0,0,0,0,0,0,0,0,0,0,258.838,0,0,-9.92615
"MtrElec",7,16,8,"",282.705,0,0,0,0,0,0,0,0,0,0,0,0,0,0,0,0,0,0,0,0,334.474,0,0,-51.7687
"MtrElec",7,16,9,"",318.975,0,0,0,0,0,0,0,0,0,0,0,0,0,0,0,0,0,0,0,0,432.014,0,0,-113.039
"MtrElec",7,16,10,"",146.769,0,0,0,0,0,0,0,0,0,0,0,0,0,0,0,0,0,0,0,0,463.734,0,0,-316.965
"MtrElec",7,16,11,"",0,0,0,0,0,0,0,0,0,0,0,0,0,0,0,0,0,0,0,0,0,479.614,0,63.3026,-542.916
"MtrElec",7,16,12,"",0.0000078,0,0,0,0,0,0,0,0,0,0,0,0,0,0,0,0,0,0,0,0,515.015,0,107.164,-622.179
"MtrElec",7,16,13,"",0,0,0,0,0,0,0,0,0,0,0,0,0,0,0,0,0,0,0,0,0,548.573,0,121.859,-670.432
"MtrElec",7,16,14,"",-10.4945,0,0,0,0,0,0,0,0,0,0,0,0,0,0,0,0,0,0,0,0,439.129,0,223.217,-672.84
"MtrElec",7,16,15,"",0,0,0,0,0,0,0,0,0,0,0,0,0,0,0,0,0,0,0,0,0,483.466,0,145.153,-628.619
"MtrElec",7,16,16,"",0,0,0,0,0,0,0,0,0,0,0,0,0,0,0,0,0,0,0,0,0,496.831,0,47.4925,-544.324
"MtrElec",7,16,17,"",73.1588,0,0,0,0,0,0,0,0,0,0,0,0,0,0,0,0,0,0,0,0,496.982,0,0,-423.823
"MtrElec",7,16,18,"",286.898,0,0,0,0,0,0,0,0,0,0,0,0,0,0,0,0,0,0,0,0,552.855,0,0,-265.957
"MtrElec",7,16,19,"",225.583,0,0,0,0,0,0,0,0,0,0,0,0,0,0,0,0,0,0,0,0,543.025,0,-223.217,-94.225
"MtrElec",7,16,20,"",229.666,0,0,0,0,0,0,0,0,0,0,0,0,0,0,0,0,0,0,0,0,463.392,0,-223.217,-10.5099
"MtrElec",7,16,21,"",264.224,0,0,0,0,0,0,0,0,0,0,0,0,0,0,0,0,0,0,0,0,456.93,0,-192.706,0
"MtrElec",7,16,22,"",291.028,0,0,0,0,0,0,0,0,0,0,0,0,0,0,0,0,0,0,0,0,291.028,0,0,0
"MtrElec",7,16,23,"",261.99,0,0,0,0,0,0,0,0,0,0,0,0,0,0,0,0,0,0,0,0,261.99,0,0,0
"MtrElec",7,16,24,"",188.336,0,0,0,0,0,0,0,0,0,0,0,0,0,0,0,0,0,0,0,0,188.336,0,0,0
"MtrElec",7,17,1,"",156.028,0,0,0,0,0,0,0,0,0,0,0,0,0,0,0,0,0,0,0,0,156.028,0,0,0
"MtrElec",7,17,2,"",147.283,0,0,0,0,0,0,0,0,0,0,0,0,0,0,0,0,0,0,0,0,147.283,0,0,0
"MtrElec",7,17,3,"",162.82,0,0,0,0,0,0,0,0,0,0,0,0,0,0,0,0,0,0,0,0,162.82,0,0,0
"MtrElec",7,17,4,"",154.993,0,0,0,0,0,0,0,0,0,0,0,0,0,0,0,0,0,0,0,0,154.993,0,0,0
"MtrElec",7,17,5,"",139.434,0,0,0,0,0,0,0,0,0,0,0,0,0,0,0,0,0,0,0,0,139.434,0,0,0
"MtrElec",7,17,6,"",144.97,0,0,0,0,0,0,0,0,0,0,0,0,0,0,0,0,0,0,0,0,144.97,0,0,0
"MtrElec",7,17,7,"",227.141,0,0,0,0,0,0,0,0,0,0,0,0,0,0,0,0,0,0,0,0,247.052,0,0,-19.9113
"MtrElec",7,17,8,"",192.855,0,0,0,0,0,0,0,0,0,0,0,0,0,0,0,0,0,0,0,0,284.815,0,0,-91.9602
"MtrElec",7,17,9,"",118.434,0,0,0,0,0,0,0,0,0,0,0,0,0,0,0,0,0,0,0,0,311.069,0,0,-192.635
"MtrElec",7,17,10,"",25.7889,0,0,0,0,0,0,0,0,0,0,0,0,0,0,0,0,0,0,0,0,404.113,0,0,-378.324
"MtrElec",7,17,11,"",0,0,0,0,0,0,0,0,0,0,0,0,0,0,0,0,0,0,0,0,0,443.442,0,116.387,-559.829
"MtrElec",7,17,12,"",0,0,0,0,0,0,0,0,0,0,0,0,0,0,0,0,0,0,0,0,0,447.277,0,167.854,-615.131
"MtrElec",7,17,13,"",0,0,0,0,0,0,0,0,0,0,0,0,0,0,0,0,0,0,0,0,0,473.37,0,192.45,-665.82
"MtrElec",7,17,14,"",0,0,0,0,0,0,0,0,0,0,0,0,0,0,0,0,0,0,0,0,0,465.235,0,208.806,-674.041
"MtrElec",7,17,15,"",-67.5508,0,0,0,0,0,0,0,0,0,0,0,0,0,0,0,0,0,0,0,0,452.405,0,113.384,-633.34
"MtrElec",7,17,16,"",-69.6382,0,0,0,0,0,0,0,0,0,0,0,0,0,0,0,0,0,0,0,0,476.318,0,0,-545.956
"MtrElec",7,17,17,"",54.898,0,0,0,0,0,0,0,0,0,0,0,0,0,0,0,0,0,0,0,0,479.716,0,0,-424.818
"MtrElec",7,17,18,"",279.537,0,0,0,0,0,0,0,0,0,0,0,0,0,0,0,0,0,0,0,0,543.881,0,0,-264.344
"MtrElec",7,17,19,"",201.354,0,0,0,0,0,0,0,0,0,0,0,0,0,0,0,0,0,0,0,0,517.489,0,-223.217,-92.9173
"MtrElec",7,17,20,"",233.881,0,0,0,0,0,0,0,0,0,0,0,0,0,0,0,0,0,0,0,0,467.589,0,-223.217,-10.4918
"MtrElec",7,17,21,"",232.457,0,0,0,0,0,0,0,0,0,0,0,0,0,0,0,0,0,0,0,0,455.674,0,-223.217,0
"MtrElec",7,17,22,"",228.434,0,0,0,0,0,0,0,0,0,0,0,0,0,0,0,0,0,0,0,0,279.774,0,-51.3398,0
"MtrElec",7,17,23,"",259.227,0,0,0,0,0,0,0,0,0,0,0,0,0,0,0,0,0,0,0,0,259.227,0,0,0
"MtrElec",7,17,24,"",216.972,0,0,0,0,0,0,0,0,0,0,0,0,0,0,0,0,0,0,0,0,216.972,0,0,0
"MtrElec",7,18,1,"",172.832,0,0,0,0,0,0,0,0,0,0,0,0,0,0,0,0,0,0,0,0,172.832,0,0,0
"MtrElec",7,18,2,"",176.036,0,0,0,0,0,0,0,0,0,0,0,0,0,0,0,0,0,0,0,0,176.036,0,0,0
"MtrElec",7,18,3,"",158.208,0,0,0,0,0,0,0,0,0,0,0,0,0,0,0,0,0,0,0,0,158.208,0,0,0
"MtrElec",7,18,4,"",144.239,0,0,0,0,0,0,0,0,0,0,0,0,0,0,0,0,0,0,0,0,144.239,0,0,0
"MtrElec",7,18,5,"",148.379,0,0,0,0,0,0,0,0,0,0,0,0,0,0,0,0,0,0,0,0,148.379,0,0,0
"MtrElec",7,18,6,"",141.063,0,0,0,0,0,0,0,0,0,0,0,0,0,0,0,0,0,0,0,0,141.063,0,0,0
"MtrElec",7,18,7,"",203.645,0,0,0,0,0,0,0,0,0,0,0,0,0,0,0,0,0,0,0,0,217.766,0,0,-14.121
"MtrElec",7,18,8,"",135.7,0,0,0,0,0,0,0,0,0,0,0,0,0,0,0,0,0,0,0,0,246.017,0,0,-110.318
"MtrElec",7,18,9,"",43.5964,0,0,0,0,0,0,0,0,0,0,0,0,0,0,0,0,0,0,0,0,328.494,0,0,-284.897
"MtrElec",7,18,10,"",4.0215,0,0,0,0,0,0,0,0,0,0,0,0,0,0,0,0,0,0,0,0,440.913,0,0,-436.892
"MtrElec",7,18,11,"",16.0101,0,0,0,0,0,0,0,0,0,0,0,0,0,0,0,0,0,0,0,0,566.702,0,0,-550.692
"MtrElec",7,18,12,"",0,0,0,0,0,0,0,0,0,0,0,0,0,0,0,0,0,0,0,0,0,580.671,0,58.2294,-638.901
"MtrElec",7,18,13,"",0,0,0,0,0,0,0,0,0,0,0,0,0,0,0,0,0,0,0,0,0,588.744,0,97.8471,-686.591
"MtrElec",7,18,14,"",0,0,0,0,0,0,0,0,0,0,0,0,0,0,0,0,0,0,0,0,0,551.538,0,134.059,-685.597
"MtrElec",7,18,15,"",0,0,0,0,0,0,0,0,0,0,0,0,0,0,0,0,0,0,0,0,0,493.72,0,150.2,-643.919
"MtrElec",7,18,16,"",0,0,0,0,0,0,0,0,0,0,0,0,0,0,0,0,0,0,0,0,0,512.326,0,45.436,-557.762
"MtrElec",7,18,17,"",92.6935,0,0,0,0,0,0,0,0,0,0,0,0,0,0,0,0,0,0,0,0,521.368,0,0,-428.675
"MtrElec",7,18,18,"",284.51,0,0,0,0,0,0,0,0,0,0,0,0,0,0,0,0,0,0,0,0,550.614,0,0,-266.104
"MtrElec",7,18,19,"",274.434,0,0,0,0,0,0,0,0,0,0,0,0,0,0,0,0,0,0,0,0,590.444,0,-223.217,-92.7925
"MtrElec",7,18,20,"",235.958,0,0,0,0,0,0,0,0,0,0,0,0,0,0,0,0,0,0,0,0,459.728,0,-215.191,-8.57868
"MtrElec",7,18,21,"",360.503,0,0,0,0,0,0,0,0,0,0,0,0,0,0,0,0,0,0,0,0,360.503,0,0,0
"MtrElec",7,18,22,"",332.359,0,0,0,0,0,0,0,0,0,0,0,0,0,0,0,0,0,0,0,0,332.359,0,0,0
"MtrElec",7,18,23,"",287.041,0,0,0,0,0,0,0,0,0,0,0,0,0,0,0,0,0,0,0,0,287.041,0,0,0
"MtrElec",7,18,24,"",255.329,0,0,0,0,0,0,0,0,0,0,0,0,0,0,0,0,0,0,0,0,255.329,0,0,0
"MtrElec",7,19,1,"",172.922,0,0,0,0,0,0,0,0,0,0,0,0,0,0,0,0,0,0,0,0,172.922,0,0,0
"MtrElec",7,19,2,"",151.913,0,0,0,0,0,0,0,0,0,0,0,0,0,0,0,0,0,0,0,0,151.913,0,0,0
"MtrElec",7,19,3,"",144.887,0,0,0,0,0,0,0,0,0,0,0,0,0,0,0,0,0,0,0,0,144.887,0,0,0
"MtrElec",7,19,4,"",146.179,0,0,0,0,0,0,0,0,0,0,0,0,0,0,0,0,0,0,0,0,146.179,0,0,0
"MtrElec",7,19,5,"",173.01,0,0,0,0,0,0,0,0,0,0,0,0,0,0,0,0,0,0,0,0,173.01,0,0,0
"MtrElec",7,19,6,"",164.316,0,0,0,0,0,0,0,0,0,0,0,0,0,0,0,0,0,0,0,0,164.316,0,0,0
"MtrElec",7,19,7,"",138.714,0,0,0,0,0,0,0,0,0,0,0,0,0,0,0,0,0,0,0,0,152.038,0,0,-13.3245
"MtrElec",7,19,8,"",123.694,0,0,0,0,0,0,0,0,0,0,0,0,0,0,0,0,0,0,0,0,232.358,0,0,-108.664
"MtrElec",7,19,9,"",59.5424,0,0,0,0,0,0,0,0,0,0,0,0,0,0,0,0,0,0,0,0,343.418,0,0,-283.876
"MtrElec",7,19,10,"",-59.7176,0,0,0,0,0,0,0,0,0,0,0,0,0,0,0,0,0,0,0,0,382.276,0,0,-441.993
"MtrElec",7,19,11,"",0.0000078,0,0,0,0,0,0,0,0,0,0,0,0,0,0,0,0,0,0,0,0,444.936,0,120.531,-565.468
"MtrElec",7,19,12,"",0.0000156,0,0,0,0,0,0,0,0,0,0,0,0,0,0,0,0,0,0,0,0,499.278,0,134.404,-633.682
"MtrElec",7,19,13,"",0.0000156,0,0,0,0,0,0,0,0,0,0,0,0,0,0,0,0,0,0,0,0,501.117,0,174.723,-675.84
"MtrElec",7,19,14,"",0,0,0,0,0,0,0,0,0,0,0,0,0,0,0,0,0,0,0,0,0,465.689,0,216.9,-682.589
"MtrElec",7,19,15,"",-17.172,0,0,0,0,0,0,0,0,0,0,0,0,0,0,0,0,0,0,0,0,471.626,0,152.323,-641.121
"MtrElec",7,19,16,"",-71.2763,0,0,0,0,0,0,0,0,0,0,0,0,0,0,0,0,0,0,0,0,484.582,0,0,-555.858
"MtrElec",7,19,17,"",60.2561,0,0,0,0,0,0,0,0,0,0,0,0,0,0,0,0,0,0,0,0,484.978,0,0,-424.722
"MtrElec",7,19,18,"",187.011,0,0,0,0,0,0,0,0,0,0,0,0,0,0,0,0,0,0,0,0,458.302,0,0,-271.291
"MtrElec",7,19,19,"",219.147,0,0,0,0,0,0,0,0,0,0,0,0,0,0,0,0,0,0,0,0,536.685,0,-223.217,-94.3215
"MtrElec",7,19,20,"",171.827,0,0,0,0,0,0,0,0,0,0,0,0,0,0,0,0,0,0,0,0,403.018,0,-223.217,-7.97442
"MtrElec",7,19,21,"",117.263,0,0,0,0,0,0,0,0,0,0,0,0,0,0,0,0,0,0,0,0,340.48,0,-223.217,0
"MtrElec",7,19,22,"",297.231,0,0,0,0,0,0,0,0,0,0,0,0,0,0,0,0,0,0,0,0,348.571,0,-51.3398,0
"MtrElec",7,19,23,"",267.156,0,0,0,0,0,0,0,0,0,0,0,0,0,0,0,0,0,0,0,0,267.156,0,0,0
"MtrElec",7,19,24,"",226.688,0,0,0,0,0,0,0,0,0,0,0,0,0,0,0,0,0,0,0,0,226.688,0,0,0
"MtrElec",7,20,1,"",163.435,0,0,0,0,0,0,0,0,0,0,0,0,0,0,0,0,0,0,0,0,163.435,0,0,0
"MtrElec",7,20,2,"",148.727,0,0,0,0,0,0,0,0,0,0,0,0,0,0,0,0,0,0,0,0,148.727,0,0,0
"MtrElec",7,20,3,"",146.35,0,0,0,0,0,0,0,0,0,0,0,0,0,0,0,0,0,0,0,0,146.35,0,0,0
"MtrElec",7,20,4,"",144.364,0,0,0,0,0,0,0,0,0,0,0,0,0,0,0,0,0,0,0,0,144.364,0,0,0
"MtrElec",7,20,5,"",162.041,0,0,0,0,0,0,0,0,0,0,0,0,0,0,0,0,0,0,0,0,162.041,0,0,0
"MtrElec",7,20,6,"",157.022,0,0,0,0,0,0,0,0,0,0,0,0,0,0,0,0,0,0,0,0,157.022,0,0,0
"MtrElec",7,20,7,"",261.022,0,0,0,0,0,0,0,0,0,0,0,0,0,0,0,0,0,0,0,0,273.571,0,0,-12.5486
"MtrElec",7,20,8,"",200.986,0,0,0,0,0,0,0,0,0,0,0,0,0,0,0,0,0,0,0,0,311.649,0,0,-110.662
"MtrElec",7,20,9,"",137.741,0,0,0,0,0,0,0,0,0,0,0,0,0,0,0,0,0,0,0,0,426.163,0,0,-288.422
"MtrElec",7,20,10,"",50.4732,0,0,0,0,0,0,0,0,0,0,0,0,0,0,0,0,0,0,0,0,493.706,0,0,-443.233
"MtrElec",7,20,11,"",0,0,0,0,0,0,0,0,0,0,0,0,0,0,0,0,0,0,0,0,0,511.064,0,45.9157,-556.979
"MtrElec",7,20,12,"",0,0,0,0,0,0,0,0,0,0,0,0,0,0,0,0,0,0,0,0,0,547.952,0,89.9024,-637.854
"MtrElec",7,20,13,"",0,0,0,0,0,0,0,0,0,0,0,0,0,0,0,0,0,0,0,0,0,516.881,0,162.94,-679.822
"MtrElec",7,20,14,"",0.0000156,0,0,0,0,0,0,0,0,0,0,0,0,0,0,0,0,0,0,0,0,461.591,0,215.829,-677.419
"MtrElec",7,20,15,"",0,0,0,0,0,0,0,0,0,0,0,0,0,0,0,0,0,0,0,0,0,487.598,0,151.935,-639.533
"MtrElec",7,20,16,"",0.0000039,0,0,0,0,0,0,0,0,0,0,0,0,0,0,0,0,0,0,0,0,492.082,0,58.0081,-550.09
"MtrElec",7,20,17,"",122.246,0,0,0,0,0,0,0,0,0,0,0,0,0,0,0,0,0,0,0,0,548.147,0,0,-425.901
"MtrElec",7,20,18,"",247.477,0,0,0,0,0,0,0,0,0,0,0,0,0,0,0,0,0,0,0,0,518.113,0,0,-270.636
"MtrElec",7,20,19,"",224.781,0,0,0,0,0,0,0,0,0,0,0,0,0,0,0,0,0,0,0,0,543.192,0,-223.217,-95.1939
"MtrElec",7,20,20,"",220.075,0,0,0,0,0,0,0,0,0,0,0,0,0,0,0,0,0,0,0,0,452.593,0,-223.217,-9.30121
"MtrElec",7,20,21,"",255.832,0,0,0,0,0,0,0,0,0,0,0,0,0,0,0,0,0,0,0,0,463.287,0,-207.455,0
"MtrElec",7,20,22,"",288.917,0,0,0,0,0,0,0,0,0,0,0,0,0,0,0,0,0,0,0,0,288.917,0,0,0
"MtrElec",7,20,23,"",247.647,0,0,0,0,0,0,0,0,0,0,0,0,0,0,0,0,0,0,0,0,247.647,0,0,0
"MtrElec",7,20,24,"",230.991,0,0,0,0,0,0,0,0,0,0,0,0,0,0,0,0,0,0,0,0,230.991,0,0,0
"MtrElec",7,21,1,"",177.295,0,0,0,0,0,0,0,0,0,0,0,0,0,0,0,0,0,0,0,0,177.295,0,0,0
"MtrElec",7,21,2,"",152.62,0,0,0,0,0,0,0,0,0,0,0,0,0,0,0,0,0,0,0,0,152.62,0,0,0
"MtrElec",7,21,3,"",146.312,0,0,0,0,0,0,0,0,0,0,0,0,0,0,0,0,0,0,0,0,146.312,0,0,0
"MtrElec",7,21,4,"",147.431,0,0,0,0,0,0,0,0,0,0,0,0,0,0,0,0,0,0,0,0,147.431,0,0,0
"MtrElec",7,21,5,"",144.129,0,0,0,0,0,0,0,0,0,0,0,0,0,0,0,0,0,0,0,0,144.129,0,0,0
"MtrElec",7,21,6,"",182.149,0,0,0,0,0,0,0,0,0,0,0,0,0,0,0,0,0,0,0,0,182.149,0,0,0
"MtrElec",7,21,7,"",215.271,0,0,0,0,0,0,0,0,0,0,0,0,0,0,0,0,0,0,0,0,224.444,0,0,-9.17322
"MtrElec",7,21,8,"",264.454,0,0,0,0,0,0,0,0,0,0,0,0,0,0,0,0,0,0,0,0,314.996,0,0,-50.5424
"MtrElec",7,21,9,"",225.434,0,0,0,0,0,0,0,0,0,0,0,0,0,0,0,0,0,0,0,0,333.098,0,0,-107.664
"MtrElec",7,21,10,"",93.2301,0,0,0,0,0,0,0,0,0,0,0,0,0,0,0,0,0,0,0,0,394.812,0,0,-301.582
"MtrElec",7,21,11,"",0,0,0,0,0,0,0,0,0,0,0,0,0,0,0,0,0,0,0,0,0,450.218,0,120.606,-570.825
"MtrElec",7,21,12,"",0,0,0,0,0,0,0,0,0,0,0,0,0,0,0,0,0,0,0,0,0,482.432,0,152.689,-635.121
"MtrElec",7,21,13,"",0,0,0,0,0,0,0,0,0,0,0,0,0,0,0,0,0,0,0,0,0,501.933,0,160.026,-661.958
"MtrElec",7,21,14,"",0,0,0,0,0,0,0,0,0,0,0,0,0,0,0,0,0,0,0,0,0,473.847,0,194.488,-668.336
"MtrElec",7,21,15,"",-7.01642,0,0,0,0,0,0,0,0,0,0,0,0,0,0,0,0,0,0,0,0,448.058,0,171.072,-626.147
"MtrElec",7,21,16,"",-32.5537,0,0,0,0,0,0,0,0,0,0,0,0,0,0,0,0,0,0,0,0,507.027,0,0,-539.581
"MtrElec",7,21,17,"",94.7822,0,0,0,0,0,0,0,0,0,0,0,0,0,0,0,0,0,0,0,0,514.578,0,0,-419.796
"MtrElec",7,21,18,"",289.123,0,0,0,0,0,0,0,0,0,0,0,0,0,0,0,0,0,0,0,0,552.32,0,0,-263.197
"MtrElec",7,21,19,"",197.807,0,0,0,0,0,0,0,0,0,0,0,0,0,0,0,0,0,0,0,0,513.616,0,-223.217,-92.5923
"MtrElec",7,21,20,"",212.062,0,0,0,0,0,0,0,0,0,0,0,0,0,0,0,0,0,0,0,0,446.519,0,-223.217,-11.241
"MtrElec",7,21,21,"",206.839,0,0,0,0,0,0,0,0,0,0,0,0,0,0,0,0,0,0,0,0,430.056,0,-223.217,0
"MtrElec",7,21,22,"",263.975,0,0,0,0,0,0,0,0,0,0,0,0,0,0,0,0,0,0,0,0,315.315,0,-51.3398,0
"MtrElec",7,21,23,"",268.923,0,0,0,0,0,0,0,0,0,0,0,0,0,0,0,0,0,0,0,0,268.923,0,0,0
"MtrElec",7,21,24,"",205.793,0,0,0,0,0,0,0,0,0,0,0,0,0,0,0,0,0,0,0,0,205.793,0,0,0
"MtrElec",7,22,1,"",161.992,0,0,0,0,0,0,0,0,0,0,0,0,0,0,0,0,0,0,0,0,161.992,0,0,0
"MtrElec",7,22,2,"",149.927,0,0,0,0,0,0,0,0,0,0,0,0,0,0,0,0,0,0,0,0,149.927,0,0,0
"MtrElec",7,22,3,"",147.029,0,0,0,0,0,0,0,0,0,0,0,0,0,0,0,0,0,0,0,0,147.029,0,0,0
"MtrElec",7,22,4,"",164.422,0,0,0,0,0,0,0,0,0,0,0,0,0,0,0,0,0,0,0,0,164.422,0,0,0
"MtrElec",7,22,5,"",161.124,0,0,0,0,0,0,0,0,0,0,0,0,0,0,0,0,0,0,0,0,161.124,0,0,0
"MtrElec",7,22,6,"",150.216,0,0,0,0,0,0,0,0,0,0,0,0,0,0,0,0,0,0,0,0,150.216,0,0,0
"MtrElec",7,22,7,"",242.704,0,0,0,0,0,0,0,0,0,0,0,0,0,0,0,0,0,0,0,0,257.13,0,0,-14.4258
"MtrElec",7,22,8,"",234.405,0,0,0,0,0,0,0,0,0,0,0,0,0,0,0,0,0,0,0,0,340.781,0,0,-106.376
"MtrElec",7,22,9,"",133.267,0,0,0,0,0,0,0,0,0,0,0,0,0,0,0,0,0,0,0,0,402.933,0,0,-269.666
"MtrElec",7,22,10,"",80.6837,0,0,0,0,0,0,0,0,0,0,0,0,0,0,0,0,0,0,0,0,498.247,0,0,-417.564
"MtrElec",7,22,11,"",32.4591,0,0,0,0,0,0,0,0,0,0,0,0,0,0,0,0,0,0,0,0,560.202,0,0,-527.743
"MtrElec",7,22,12,"",0.0000039,0,0,0,0,0,0,0,0,0,0,0,0,0,0,0,0,0,0,0,0,550.989,0,58.559,-609.548
"MtrElec",7,22,13,"",0,0,0,0,0,0,0,0,0,0,0,0,0,0,0,0,0,0,0,0,0,575.901,0,77.3135,-653.214
"MtrElec",7,22,14,"",0,0,0,0,0,0,0,0,0,0,0,0,0,0,0,0,0,0,0,0,0,493.126,0,168.199,-661.325
"MtrElec",7,22,15,"",0,0,0,0,0,0,0,0,0,0,0,0,0,0,0,0,0,0,0,0,0,463.038,0,151.254,-614.292
"MtrElec",7,22,16,"",5.62516,0,0,0,0,0,0,0,0,0,0,0,0,0,0,0,0,0,0,0,0,510.006,0,0,-504.381
"MtrElec",7,22,17,"",336.685,0,0,0,0,0,0,0,0,0,0,0,0,0,0,0,0,0,0,0,0,538.432,0,0,-201.747
"MtrElec",7,22,18,"",365.559,0,0,0,0,0,0,0,0,0,0,0,0,0,0,0,0,0,0,0,0,533.908,0,0,-168.349
"MtrElec",7,22,19,"",208.141,0,0,0,0,0,0,0,0,0,0,0,0,0,0,0,0,0,0,0,0,518.034,0,-223.217,-86.6762
"MtrElec",7,22,20,"",238.716,0,0,0,0,0,0,0,0,0,0,0,0,0,0,0,0,0,0,0,0,443.015,0,-187.715,-16.5841
"MtrElec",7,22,21,"",400.336,0,0,0,0,0,0,0,0,0,0,0,0,0,0,0,0,0,0,0,0,400.336,0,0,0
"MtrElec",7,22,22,"",315.355,0,0,0,0,0,0,0,0,0,0,0,0,0,0,0,0,0,0,0,0,315.355,0,0,0
"MtrElec",7,22,23,"",226.554,0,0,0,0,0,0,0,0,0,0,0,0,0,0,0,0,0,0,0,0,226.554,0,0,0
"MtrElec",7,22,24,"",248.026,0,0,0,0,0,0,0,0,0,0,0,0,0,0,0,0,0,0,0,0,248.026,0,0,0
"MtrElec",7,23,1,"",169.2,0,0,0,0,0,0,0,0,0,0,0,0,0,0,0,0,0,0,0,0,169.2,0,0,0
"MtrElec",7,23,2,"",149.075,0,0,0,0,0,0,0,0,0,0,0,0,0,0,0,0,0,0,0,0,149.075,0,0,0
"MtrElec",7,23,3,"",145.347,0,0,0,0,0,0,0,0,0,0,0,0,0,0,0,0,0,0,0,0,145.347,0,0,0
"MtrElec",7,23,4,"",143.596,0,0,0,0,0,0,0,0,0,0,0,0,0,0,0,0,0,0,0,0,143.596,0,0,0
"MtrElec",7,23,5,"",141.623,0,0,0,0,0,0,0,0,0,0,0,0,0,0,0,0,0,0,0,0,141.623,0,0,0
"MtrElec",7,23,6,"",160.087,0,0,0,0,0,0,0,0,0,0,0,0,0,0,0,0,0,0,0,0,160.087,0,0,0
"MtrElec",7,23,7,"",235.261,0,0,0,0,0,0,0,0,0,0,0,0,0,0,0,0,0,0,0,0,254.463,0,0,-19.202
"MtrElec",7,23,8,"",224.053,0,0,0,0,0,0,0,0,0,0,0,0,0,0,0,0,0,0,0,0,331.566,0,0,-107.513
"MtrElec",7,23,9,"",202.362,0,0,0,0,0,0,0,0,0,0,0,0,0,0,0,0,0,0,0,0,423.672,0,0,-221.31
"MtrElec",7,23,10,"",131.439,0,0,0,0,0,0,0,0,0,0,0,0,0,0,0,0,0,0,0,0,466.982,0,0,-335.543
"MtrElec",7,23,11,"",70.5329,0,0,0,0,0,0,0,0,0,0,0,0,0,0,0,0,0,0,0,0,539.425,0,0,-468.892
"MtrElec",7,23,12,"",0,0,0,0,0,0,0,0,0,0,0,0,0,0,0,0,0,0,0,0,0,539.886,0,68.6804,-608.566
"MtrElec",7,23,13,"",0,0,0,0,0,0,0,0,0,0,0,0,0,0,0,0,0,0,0,0,0,503.366,0,136.451,-639.817
"MtrElec",7,23,14,"",0,0,0,0,0,0,0,0,0,0,0,0,0,0,0,0,0,0,0,0,0,525.824,0,103.626,-629.45
"MtrElec",7,23,15,"",0.0000078,0,0,0,0,0,0,0,0,0,0,0,0,0,0,0,0,0,0,0,0,508.422,0,92.8295,-601.252
"MtrElec",7,23,16,"",38.0472,0,0,0,0,0,0,0,0,0,0,0,0,0,0,0,0,0,0,0,0,555.906,0,0,-517.859
"MtrElec",7,23,17,"",160.449,0,0,0,0,0,0,0,0,0,0,0,0,0,0,0,0,0,0,0,0,557.37,0,0,-396.921
"MtrElec",7,23,18,"",348.274,0,0,0,0,0,0,0,0,0,0,0,0,0,0,0,0,0,0,0,0,593.828,0,0,-245.555
"MtrElec",7,23,19,"",231.751,0,0,0,0,0,0,0,0,0,0,0,0,0,0,0,0,0,0,0,0,547.375,0,-223.217,-92.4076
"MtrElec",7,23,20,"",336.387,0,0,0,0,0,0,0,0,0,0,0,0,0,0,0,0,0,0,0,0,489.001,0,-139.215,-13.3985
"MtrElec",7,23,21,"",466.733,0,0,0,0,0,0,0,0,0,0,0,0,0,0,0,0,0,0,0,0,466.733,0,0,0
"MtrElec",7,23,22,"",341.797,0,0,0,0,0,0,0,0,0,0,0,0,0,0,0,0,0,0,0,0,341.797,0,0,0
"MtrElec",7,23,23,"",247.658,0,0,0,0,0,0,0,0,0,0,0,0,0,0,0,0,0,0,0,0,247.658,0,0,0
"MtrElec",7,23,24,"",262.32,0,0,0,0,0,0,0,0,0,0,0,0,0,0,0,0,0,0,0,0,262.32,0,0,0
"MtrElec",7,24,1,"",178.594,0,0,0,0,0,0,0,0,0,0,0,0,0,0,0,0,0,0,0,0,178.594,0,0,0
"MtrElec",7,24,2,"",158.893,0,0,0,0,0,0,0,0,0,0,0,0,0,0,0,0,0,0,0,0,158.893,0,0,0
"MtrElec",7,24,3,"",152.94,0,0,0,0,0,0,0,0,0,0,0,0,0,0,0,0,0,0,0,0,152.94,0,0,0
"MtrElec",7,24,4,"",148.778,0,0,0,0,0,0,0,0,0,0,0,0,0,0,0,0,0,0,0,0,148.778,0,0,0
"MtrElec",7,24,5,"",143.066,0,0,0,0,0,0,0,0,0,0,0,0,0,0,0,0,0,0,0,0,143.066,0,0,0
"MtrElec",7,24,6,"",189.312,0,0,0,0,0,0,0,0,0,0,0,0,0,0,0,0,0,0,0,0,189.312,0,0,0
"MtrElec",7,24,7,"",247.621,0,0,0,0,0,0,0,0,0,0,0,0,0,0,0,0,0,0,0,0,262.023,0,0,-14.4024
"MtrElec",7,24,8,"",225.039,0,0,0,0,0,0,0,0,0,0,0,0,0,0,0,0,0,0,0,0,328.575,0,0,-103.536
"MtrElec",7,24,9,"",158.611,0,0,0,0,0,0,0,0,0,0,0,0,0,0,0,0,0,0,0,0,426.333,0,0,-267.722
"MtrElec",7,24,10,"",111.193,0,0,0,0,0,0,0,0,0,0,0,0,0,0,0,0,0,0,0,0,527.558,0,0,-416.364
"MtrElec",7,24,11,"",0.0000020,0,0,0,0,0,0,0,0,0,0,0,0,0,0,0,0,0,0,0,0,518.451,0,17.5014,-535.952
"MtrElec",7,24,12,"",0,0,0,0,0,0,0,0,0,0,0,0,0,0,0,0,0,0,0,0,0,518.168,0,104.621,-622.789
"MtrElec",7,24,13,"",0.0000078,0,0,0,0,0,0,0,0,0,0,0,0,0,0,0,0,0,0,0,0,576.362,0,92.0654,-668.427
"MtrElec",7,24,14,"",0,0,0,0,0,0,0,0,0,0,0,0,0,0,0,0,0,0,0,0,0,481.859,0,181.586,-663.445
"MtrElec",7,24,15,"",0.0000078,0,0,0,0,0,0,0,0,0,0,0,0,0,0,0,0,0,0,0,0,495.883,0,125.192,-621.075
"MtrElec",7,24,16,"",0.0000039,0,0,0,0,0,0,0,0,0,0,0,0,0,0,0,0,0,0,0,0,499.353,0,40.5752,-539.928
"MtrElec",7,24,17,"",131.028,0,0,0,0,0,0,0,0,0,0,0,0,0,0,0,0,0,0,0,0,547.983,0,0,-416.955
"MtrElec",7,24,18,"",277.281,0,0,0,0,0,0,0,0,0,0,0,0,0,0,0,0,0,0,0,0,536.975,0,0,-259.694
"MtrElec",7,24,19,"",241.025,0,0,0,0,0,0,0,0,0,0,0,0,0,0,0,0,0,0,0,0,554.5,0,-223.217,-90.2586
"MtrElec",7,24,20,"",272.402,0,0,0,0,0,0,0,0,0,0,0,0,0,0,0,0,0,0,0,0,505.625,0,-223.217,-10.0055
"MtrElec",7,24,21,"",432.1,0,0,0,0,0,0,0,0,0,0,0,0,0,0,0,0,0,0,0,0,492.457,0,-60.357,0
"MtrElec",7,24,22,"",328.955,0,0,0,0,0,0,0,0,0,0,0,0,0,0,0,0,0,0,0,0,328.955,0,0,0
"MtrElec",7,24,23,"",307.228,0,0,0,0,0,0,0,0,0,0,0,0,0,0,0,0,0,0,0,0,307.228,0,0,0
"MtrElec",7,24,24,"",231.143,0,0,0,0,0,0,0,0,0,0,0,0,0,0,0,0,0,0,0,0,231.143,0,0,0
"MtrElec",7,25,1,"",183.975,0,0,0,0,0,0,0,0,0,0,0,0,0,0,0,0,0,0,0,0,183.975,0,0,0
"MtrElec",7,25,2,"",152.427,0,0,0,0,0,0,0,0,0,0,0,0,0,0,0,0,0,0,0,0,152.427,0,0,0
"MtrElec",7,25,3,"",184.771,0,0,0,0,0,0,0,0,0,0,0,0,0,0,0,0,0,0,0,0,184.771,0,0,0
"MtrElec",7,25,4,"",152.019,0,0,0,0,0,0,0,0,0,0,0,0,0,0,0,0,0,0,0,0,152.019,0,0,0
"MtrElec",7,25,5,"",149.034,0,0,0,0,0,0,0,0,0,0,0,0,0,0,0,0,0,0,0,0,149.034,0,0,0
"MtrElec",7,25,6,"",147.567,0,0,0,0,0,0,0,0,0,0,0,0,0,0,0,0,0,0,0,0,147.567,0,0,0
"MtrElec",7,25,7,"",205.566,0,0,0,0,0,0,0,0,0,0,0,0,0,0,0,0,0,0,0,0,218.061,0,0,-12.4947
"MtrElec",7,25,8,"",169.667,0,0,0,0,0,0,0,0,0,0,0,0,0,0,0,0,0,0,0,0,273.774,0,0,-104.107
"MtrElec",7,25,9,"",105.39,0,0,0,0,0,0,0,0,0,0,0,0,0,0,0,0,0,0,0,0,378.638,0,0,-273.249
"MtrElec",7,25,10,"",19.1453,0,0,0,0,0,0,0,0,0,0,0,0,0,0,0,0,0,0,0,0,442.002,0,0,-422.856
"MtrElec",7,25,11,"",108.848,0,0,0,0,0,0,0,0,0,0,0,0,0,0,0,0,0,0,0,0,641.806,0,0,-532.959
"MtrElec",7,25,12,"",0,0,0,0,0,0,0,0,0,0,0,0,0,0,0,0,0,0,0,0,0,598.592,0,5.40531,-603.997
"MtrElec",7,25,13,"",0,0,0,0,0,0,0,0,0,0,0,0,0,0,0,0,0,0,0,0,0,592.143,0,56.8936,-649.036
"MtrElec",7,25,14,"",0,0,0,0,0,0,0,0,0,0,0,0,0,0,0,0,0,0,0,0,0,602.505,0,53.7016,-656.207
"MtrElec",7,25,15,"",0,0,0,0,0,0,0,0,0,0,0,0,0,0,0,0,0,0,0,0,0,546.56,0,68.609,-615.169
"MtrElec",7,25,16,"",9.92663,0,0,0,0,0,0,0,0,0,0,0,0,0,0,0,0,0,0,0,0,546.451,0,0,-536.524
"MtrElec",7,25,17,"",100.017,0,0,0,0,0,0,0,0,0,0,0,0,0,0,0,0,0,0,0,0,517.106,0,0,-417.09
"MtrElec",7,25,18,"",309.944,0,0,0,0,0,0,0,0,0,0,0,0,0,0,0,0,0,0,0,0,566.814,0,0,-256.87
"MtrElec",7,25,19,"",329.961,0,0,0,0,0,0,0,0,0,0,0,0,0,0,0,0,0,0,0,0,585.455,0,-166.61,-88.8839
"MtrElec",7,25,20,"",443.887,0,0,0,0,0,0,0,0,0,0,0,0,0,0,0,0,0,0,0,0,453.204,0,0,-9.31681
"MtrElec",7,25,21,"",395.986,0,0,0,0,0,0,0,0,0,0,0,0,0,0,0,0,0,0,0,0,395.986,0,0,0
"MtrElec",7,25,22,"",400.084,0,0,0,0,0,0,0,0,0,0,0,0,0,0,0,0,0,0,0,0,400.084,0,0,0
"MtrElec",7,25,23,"",252.504,0,0,0,0,0,0,0,0,0,0,0,0,0,0,0,0,0,0,0,0,252.504,0,0,0
"MtrElec",7,25,24,"",212.662,0,0,0,0,0,0,0,0,0,0,0,0,0,0,0,0,0,0,0,0,212.662,0,0,0
"MtrElec",7,26,1,"",176.598,0,0,0,0,0,0,0,0,0,0,0,0,0,0,0,0,0,0,0,0,176.598,0,0,0
"MtrElec",7,26,2,"",150.071,0,0,0,0,0,0,0,0,0,0,0,0,0,0,0,0,0,0,0,0,150.071,0,0,0
"MtrElec",7,26,3,"",149.004,0,0,0,0,0,0,0,0,0,0,0,0,0,0,0,0,0,0,0,0,149.004,0,0,0
"MtrElec",7,26,4,"",147.828,0,0,0,0,0,0,0,0,0,0,0,0,0,0,0,0,0,0,0,0,147.828,0,0,0
"MtrElec",7,26,5,"",173.553,0,0,0,0,0,0,0,0,0,0,0,0,0,0,0,0,0,0,0,0,173.553,0,0,0
"MtrElec",7,26,6,"",148.582,0,0,0,0,0,0,0,0,0,0,0,0,0,0,0,0,0,0,0,0,148.582,0,0,0
"MtrElec",7,26,7,"",143.842,0,0,0,0,0,0,0,0,0,0,0,0,0,0,0,0,0,0,0,0,157.139,0,0,-13.297
"MtrElec",7,26,8,"",138.82,0,0,0,0,0,0,0,0,0,0,0,0,0,0,0,0,0,0,0,0,243.38,0,0,-104.56
"MtrElec",7,26,9,"",72.9039,0,0,0,0,0,0,0,0,0,0,0,0,0,0,0,0,0,0,0,0,345.933,0,0,-273.029
"MtrElec",7,26,10,"",-16.6155,0,0,0,0,0,0,0,0,0,0,0,0,0,0,0,0,0,0,0,0,406.724,0,0,-423.339
"MtrElec",7,26,11,"",0,0,0,0,0,0,0,0,0,0,0,0,0,0,0,0,0,0,0,0,0,437.269,0,95.5958,-532.865
"MtrElec",7,26,12,"",0.0000078,0,0,0,0,0,0,0,0,0,0,0,0,0,0,0,0,0,0,0,0,498.855,0,123.124,-621.978
"MtrElec",7,26,13,"",0,0,0,0,0,0,0,0,0,0,0,0,0,0,0,0,0,0,0,0,0,594.927,0,73.0619,-667.989
"MtrElec",7,26,14,"",0,0,0,0,0,0,0,0,0,0,0,0,0,0,0,0,0,0,0,0,0,471.53,0,189.661,-661.191
"MtrElec",7,26,15,"",0,0,0,0,0,0,0,0,0,0,0,0,0,0,0,0,0,0,0,0,0,481.876,0,142.643,-624.519
"MtrElec",7,26,16,"",0,0,0,0,0,0,0,0,0,0,0,0,0,0,0,0,0,0,0,0,0,491.549,0,49.0281,-540.578
"MtrElec",7,26,17,"",59.6857,0,0,0,0,0,0,0,0,0,0,0,0,0,0,0,0,0,0,0,0,476.11,0,0,-416.424
"MtrElec",7,26,18,"",252.734,0,0,0,0,0,0,0,0,0,0,0,0,0,0,0,0,0,0,0,0,511.336,0,0,-258.603
"MtrElec",7,26,19,"",255.956,0,0,0,0,0,0,0,0,0,0,0,0,0,0,0,0,0,0,0,0,567.272,0,-223.217,-88.0988
"MtrElec",7,26,20,"",178.714,0,0,0,0,0,0,0,0,0,0,0,0,0,0,0,0,0,0,0,0,410.501,0,-223.217,-8.56998
"MtrElec",7,26,21,"",177.514,0,0,0,0,0,0,0,0,0,0,0,0,0,0,0,0,0,0,0,0,338.565,0,-161.051,0
"MtrElec",7,26,22,"",286.472,0,0,0,0,0,0,0,0,0,0,0,0,0,0,0,0,0,0,0,0,286.472,0,0,0
"MtrElec",7,26,23,"",257.786,0,0,0,0,0,0,0,0,0,0,0,0,0,0,0,0,0,0,0,0,257.786,0,0,0
"MtrElec",7,26,24,"",203.154,0,0,0,0,0,0,0,0,0,0,0,0,0,0,0,0,0,0,0,0,203.154,0,0,0
"MtrElec",7,27,1,"",171.637,0,0,0,0,0,0,0,0,0,0,0,0,0,0,0,0,0,0,0,0,171.637,0,0,0
"MtrElec",7,27,2,"",155.897,0,0,0,0,0,0,0,0,0,0,0,0,0,0,0,0,0,0,0,0,155.897,0,0,0
"MtrElec",7,27,3,"",151.797,0,0,0,0,0,0,0,0,0,0,0,0,0,0,0,0,0,0,0,0,151.797,0,0,0
"MtrElec",7,27,4,"",149.708,0,0,0,0,0,0,0,0,0,0,0,0,0,0,0,0,0,0,0,0,149.708,0,0,0
"MtrElec",7,27,5,"",177.134,0,0,0,0,0,0,0,0,0,0,0,0,0,0,0,0,0,0,0,0,177.134,0,0,0
"MtrElec",7,27,6,"",150.408,0,0,0,0,0,0,0,0,0,0,0,0,0,0,0,0,0,0,0,0,150.408,0,0,0
"MtrElec",7,27,7,"",274.701,0,0,0,0,0,0,0,0,0,0,0,0,0,0,0,0,0,0,0,0,287.185,0,0,-12.4845
"MtrElec",7,27,8,"",250.225,0,0,0,0,0,0,0,0,0,0,0,0,0,0,0,0,0,0,0,0,353.522,0,0,-103.297
"MtrElec",7,27,9,"",168.456,0,0,0,0,0,0,0,0,0,0,0,0,0,0,0,0,0,0,0,0,438.17,0,0,-269.714
"MtrElec",7,27,10,"",123.349,0,0,0,0,0,0,0,0,0,0,0,0,0,0,0,0,0,0,0,0,542.837,0,0,-419.488
"MtrElec",7,27,11,"",43.4604,0,0,0,0,0,0,0,0,0,0,0,0,0,0,0,0,0,0,0,0,581.272,0,0,-537.811
"MtrElec",7,27,12,"",0,0,0,0,0,0,0,0,0,0,0,0,0,0,0,0,0,0,0,0,0,594.849,0,16.8334,-611.682
"MtrElec",7,27,13,"",0.0000039,0,0,0,0,0,0,0,0,0,0,0,0,0,0,0,0,0,0,0,0,583.145,0,62.5696,-645.715
"MtrElec",7,27,14,"",0,0,0,0,0,0,0,0,0,0,0,0,0,0,0,0,0,0,0,0,0,564.593,0,96.5142,-661.107
"MtrElec",7,27,15,"",0,0,0,0,0,0,0,0,0,0,0,0,0,0,0,0,0,0,0,0,0,504.645,0,118.036,-622.681
"MtrElec",7,27,16,"",17.6732,0,0,0,0,0,0,0,0,0,0,0,0,0,0,0,0,0,0,0,0,552.821,0,0,-535.148
"MtrElec",7,27,17,"",172.627,0,0,0,0,0,0,0,0,0,0,0,0,0,0,0,0,0,0,0,0,583.831,0,0,-411.204
"MtrElec",7,27,18,"",310.805,0,0,0,0,0,0,0,0,0,0,0,0,0,0,0,0,0,0,0,0,565.231,0,0,-254.426
"MtrElec",7,27,19,"",222.14,0,0,0,0,0,0,0,0,0,0,0,0,0,0,0,0,0,0,0,0,532.553,0,-223.217,-87.1964
"MtrElec",7,27,20,"",513.869,0,0,0,0,0,0,0,0,0,0,0,0,0,0,0,0,0,0,0,0,565.252,0,-42.0756,-9.30715
"MtrElec",7,27,21,"",501.523,0,0,0,0,0,0,0,0,0,0,0,0,0,0,0,0,0,0,0,0,501.523,0,0,0
"MtrElec",7,27,22,"",312.604,0,0,0,0,0,0,0,0,0,0,0,0,0,0,0,0,0,0,0,0,312.604,0,0,0
"MtrElec",7,27,23,"",312.035,0,0,0,0,0,0,0,0,0,0,0,0,0,0,0,0,0,0,0,0,312.035,0,0,0
"MtrElec",7,27,24,"",248.586,0,0,0,0,0,0,0,0,0,0,0,0,0,0,0,0,0,0,0,0,248.586,0,0,0
"MtrElec",7,28,1,"",189.541,0,0,0,0,0,0,0,0,0,0,0,0,0,0,0,0,0,0,0,0,189.541,0,0,0
"MtrElec",7,28,2,"",156.982,0,0,0,0,0,0,0,0,0,0,0,0,0,0,0,0,0,0,0,0,156.982,0,0,0
"MtrElec",7,28,3,"",148.625,0,0,0,0,0,0,0,0,0,0,0,0,0,0,0,0,0,0,0,0,148.625,0,0,0
"MtrElec",7,28,4,"",147.69,0,0,0,0,0,0,0,0,0,0,0,0,0,0,0,0,0,0,0,0,147.69,0,0,0
"MtrElec",7,28,5,"",144.739,0,0,0,0,0,0,0,0,0,0,0,0,0,0,0,0,0,0,0,0,144.739,0,0,0
"MtrElec",7,28,6,"",155.139,0,0,0,0,0,0,0,0,0,0,0,0,0,0,0,0,0,0,0,0,155.139,0,0,0
"MtrElec",7,28,7,"",233.433,0,0,0,0,0,0,0,0,0,0,0,0,0,0,0,0,0,0,0,0,245.849,0,0,-12.4158
"MtrElec",7,28,8,"",249.577,0,0,0,0,0,0,0,0,0,0,0,0,0,0,0,0,0,0,0,0,352.522,0,0,-102.945
"MtrElec",7,28,9,"",143.426,0,0,0,0,0,0,0,0,0,0,0,0,0,0,0,0,0,0,0,0,409.385,0,0,-265.959
"MtrElec",7,28,10,"",91.9924,0,0,0,0,0,0,0,0,0,0,0,0,0,0,0,0,0,0,0,0,514.711,0,0,-422.719
"MtrElec",7,28,11,"",26.7061,0,0,0,0,0,0,0,0,0,0,0,0,0,0,0,0,0,0,0,0,567.04,0,0,-540.334
"MtrElec",7,28,12,"",0,0,0,0,0,0,0,0,0,0,0,0,0,0,0,0,0,0,0,0,0,554.06,0,47.1842,-601.244
"MtrElec",7,28,13,"",0,0,0,0,0,0,0,0,0,0,0,0,0,0,0,0,0,0,0,0,0,569.125,0,89.6781,-658.803
"MtrElec",7,28,14,"",0,0,0,0,0,0,0,0,0,0,0,0,0,0,0,0,0,0,0,0,0,524.903,0,137.476,-662.379
"MtrElec",7,28,15,"",0,0,0,0,0,0,0,0,0,0,0,0,0,0,0,0,0,0,0,0,0,486.145,0,131.718,-617.862
"MtrElec",7,28,16,"",0,0,0,0,0,0,0,0,0,0,0,0,0,0,0,0,0,0,0,0,0,499.541,0,36.5778,-536.118
"MtrElec",7,28,17,"",129.979,0,0,0,0,0,0,0,0,0,0,0,0,0,0,0,0,0,0,0,0,542.134,0,0,-412.155
"MtrElec",7,28,18,"",314.352,0,0,0,0,0,0,0,0,0,0,0,0,0,0,0,0,0,0,0,0,566.183,0,0,-251.831
"MtrElec",7,28,19,"",197.329,0,0,0,0,0,0,0,0,0,0,0,0,0,0,0,0,0,0,0,0,507.859,0,-223.217,-87.3141
"MtrElec",7,28,20,"",337.028,0,0,0,0,0,0,0,0,0,0,0,0,0,0,0,0,0,0,0,0,523.207,0,-176.26,-9.91952
"MtrElec",7,28,21,"",502.407,0,0,0,0,0,0,0,0,0,0,0,0,0,0,0,0,0,0,0,0,502.407,0,0,0
"MtrElec",7,28,22,"",272.114,0,0,0,0,0,0,0,0,0,0,0,0,0,0,0,0,0,0,0,0,272.114,0,0,0
"MtrElec",7,28,23,"",269.998,0,0,0,0,0,0,0,0,0,0,0,0,0,0,0,0,0,0,0,0,269.998,0,0,0
"MtrElec",7,28,24,"",200.409,0,0,0,0,0,0,0,0,0,0,0,0,0,0,0,0,0,0,0,0,200.409,0,0,0
"MtrElec",7,29,1,"",174.441,0,0,0,0,0,0,0,0,0,0,0,0,0,0,0,0,0,0,0,0,174.441,0,0,0
"MtrElec",7,29,2,"",147.974,0,0,0,0,0,0,0,0,0,0,0,0,0,0,0,0,0,0,0,0,147.974,0,0,0
"MtrElec",7,29,3,"",175.769,0,0,0,0,0,0,0,0,0,0,0,0,0,0,0,0,0,0,0,0,175.769,0,0,0
"MtrElec",7,29,4,"",149.956,0,0,0,0,0,0,0,0,0,0,0,0,0,0,0,0,0,0,0,0,149.956,0,0,0
"MtrElec",7,29,5,"",140.426,0,0,0,0,0,0,0,0,0,0,0,0,0,0,0,0,0,0,0,0,140.426,0,0,0
"MtrElec",7,29,6,"",146.919,0,0,0,0,0,0,0,0,0,0,0,0,0,0,0,0,0,0,0,0,146.919,0,0,0
"MtrElec",7,29,7,"",264.926,0,0,0,0,0,0,0,0,0,0,0,0,0,0,0,0,0,0,0,0,277.436,0,0,-12.5093
"MtrElec",7,29,8,"",254.12,0,0,0,0,0,0,0,0,0,0,0,0,0,0,0,0,0,0,0,0,356.2,0,0,-102.081
"MtrElec",7,29,9,"",171.277,0,0,0,0,0,0,0,0,0,0,0,0,0,0,0,0,0,0,0,0,440.234,0,0,-268.957
"MtrElec",7,29,10,"",70.6143,0,0,0,0,0,0,0,0,0,0,0,0,0,0,0,0,0,0,0,0,496.661,0,0,-426.047
"MtrElec",7,29,11,"",0,0,0,0,0,0,0,0,0,0,0,0,0,0,0,0,0,0,0,0,0,519.741,0,29.7607,-549.501
"MtrElec",7,29,12,"",0,0,0,0,0,0,0,0,0,0,0,0,0,0,0,0,0,0,0,0,0,523.313,0,95.0071,-618.32
"MtrElec",7,29,13,"",0,0,0,0,0,0,0,0,0,0,0,0,0,0,0,0,0,0,0,0,0,489.99,0,164.493,-654.483
"MtrElec",7,29,14,"",0,0,0,0,0,0,0,0,0,0,0,0,0,0,0,0,0,0,0,0,0,473.103,0,195.899,-669.003
"MtrElec",7,29,15,"",0,0,0,0,0,0,0,0,0,0,0,0,0,0,0,0,0,0,0,0,0,456.469,0,165.619,-622.089
"MtrElec",7,29,16,"",0,0,0,0,0,0,0,0,0,0,0,0,0,0,0,0,0,0,0,0,0,516.55,0,20.5461,-537.096
"MtrElec",7,29,17,"",118.764,0,0,0,0,0,0,0,0,0,0,0,0,0,0,0,0,0,0,0,0,530.898,0,0,-412.135
"MtrElec",7,29,18,"",299.681,0,0,0,0,0,0,0,0,0,0,0,0,0,0,0,0,0,0,0,0,551.248,0,0,-251.567
"MtrElec",7,29,19,"",228.509,0,0,0,0,0,0,0,0,0,0,0,0,0,0,0,0,0,0,0,0,538.429,0,-223.217,-86.7026
"MtrElec",7,29,20,"",262.955,0,0,0,0,0,0,0,0,0,0,0,0,0,0,0,0,0,0,0,0,494.955,0,-223.217,-8.78292
"MtrElec",7,29,21,"",355.901,0,0,0,0,0,0,0,0,0,0,0,0,0,0,0,0,0,0,0,0,515.339,0,-159.437,0
"MtrElec",7,29,22,"",297.946,0,0,0,0,0,0,0,0,0,0,0,0,0,0,0,0,0,0,0,0,297.946,0,0,0
"MtrElec",7,29,23,"",288.046,0,0,0,0,0,0,0,0,0,0,0,0,0,0,0,0,0,0,0,0,288.046,0,0,0
"MtrElec",7,29,24,"",207,0,0,0,0,0,0,0,0,0,0,0,0,0,0,0,0,0,0,0,0,207,0,0,0
"MtrElec",7,30,1,"",154.264,0,0,0,0,0,0,0,0,0,0,0,0,0,0,0,0,0,0,0,0,154.264,0,0,0
"MtrElec",7,30,2,"",164.408,0,0,0,0,0,0,0,0,0,0,0,0,0,0,0,0,0,0,0,0,164.408,0,0,0
"MtrElec",7,30,3,"",173.507,0,0,0,0,0,0,0,0,0,0,0,0,0,0,0,0,0,0,0,0,173.507,0,0,0
"MtrElec",7,30,4,"",151.469,0,0,0,0,0,0,0,0,0,0,0,0,0,0,0,0,0,0,0,0,151.469,0,0,0
"MtrElec",7,30,5,"",150.707,0,0,0,0,0,0,0,0,0,0,0,0,0,0,0,0,0,0,0,0,150.707,0,0,0
"MtrElec",7,30,6,"",184.169,0,0,0,0,0,0,0,0,0,0,0,0,0,0,0,0,0,0,0,0,184.169,0,0,0
"MtrElec",7,30,7,"",229.628,0,0,0,0,0,0,0,0,0,0,0,0,0,0,0,0,0,0,0,0,242.719,0,0,-13.0911
"MtrElec",7,30,8,"",249.518,0,0,0,0,0,0,0,0,0,0,0,0,0,0,0,0,0,0,0,0,351.901,0,0,-102.383
"MtrElec",7,30,9,"",143.989,0,0,0,0,0,0,0,0,0,0,0,0,0,0,0,0,0,0,0,0,412.927,0,0,-268.938
"MtrElec",7,30,10,"",47.4435,0,0,0,0,0,0,0,0,0,0,0,0,0,0,0,0,0,0,0,0,472.124,0,0,-424.681
"MtrElec",7,30,11,"",0,0,0,0,0,0,0,0,0,0,0,0,0,0,0,0,0,0,0,0,0,511.487,0,29.9031,-541.39
"MtrElec",7,30,12,"",0,0,0,0,0,0,0,0,0,0,0,0,0,0,0,0,0,0,0,0,0,469.527,0,150.815,-620.343
"MtrElec",7,30,13,"",0.0000078,0,0,0,0,0,0,0,0,0,0,0,0,0,0,0,0,0,0,0,0,552.773,0,112.266,-665.039
"MtrElec",7,30,14,"",0,0,0,0,0,0,0,0,0,0,0,0,0,0,0,0,0,0,0,0,0,489.489,0,170.275,-659.763
"MtrElec",7,30,15,"",0.0000078,0,0,0,0,0,0,0,0,0,0,0,0,0,0,0,0,0,0,0,0,492.406,0,128.064,-620.47
"MtrElec",7,30,16,"",0,0,0,0,0,0,0,0,0,0,0,0,0,0,0,0,0,0,0,0,0,518.662,0,18.4963,-537.159
"MtrElec",7,30,17,"",95.9145,0,0,0,0,0,0,0,0,0,0,0,0,0,0,0,0,0,0,0,0,508.805,0,0,-412.89
"MtrElec",7,30,18,"",304.224,0,0,0,0,0,0,0,0,0,0,0,0,0,0,0,0,0,0,0,0,557.315,0,0,-253.091
"MtrElec",7,30,19,"",249.96,0,0,0,0,0,0,0,0,0,0,0,0,0,0,0,0,0,0,0,0,560.458,0,-223.217,-87.2806
"MtrElec",7,30,20,"",237.367,0,0,0,0,0,0,0,0,0,0,0,0,0,0,0,0,0,0,0,0,470.578,0,-223.217,-9.99416
"MtrElec",7,30,21,"",322.077,0,0,0,0,0,0,0,0,0,0,0,0,0,0,0,0,0,0,0,0,426.006,0,-103.928,0
"MtrElec",7,30,22,"",317.959,0,0,0,0,0,0,0,0,0,0,0,0,0,0,0,0,0,0,0,0,317.959,0,0,0
"MtrElec",7,30,23,"",282.264,0,0,0,0,0,0,0,0,0,0,0,0,0,0,0,0,0,0,0,0,282.264,0,0,0
"MtrElec",7,30,24,"",221.759,0,0,0,0,0,0,0,0,0,0,0,0,0,0,0,0,0,0,0,0,221.759,0,0,0
"MtrElec",7,31,1,"",170.635,0,0,0,0,0,0,0,0,0,0,0,0,0,0,0,0,0,0,0,0,170.635,0,0,0
"MtrElec",7,31,2,"",153.683,0,0,0,0,0,0,0,0,0,0,0,0,0,0,0,0,0,0,0,0,153.683,0,0,0
"MtrElec",7,31,3,"",146.706,0,0,0,0,0,0,0,0,0,0,0,0,0,0,0,0,0,0,0,0,146.706,0,0,0
"MtrElec",7,31,4,"",146.749,0,0,0,0,0,0,0,0,0,0,0,0,0,0,0,0,0,0,0,0,146.749,0,0,0
"MtrElec",7,31,5,"",176.185,0,0,0,0,0,0,0,0,0,0,0,0,0,0,0,0,0,0,0,0,176.185,0,0,0
"MtrElec",7,31,6,"",154.996,0,0,0,0,0,0,0,0,0,0,0,0,0,0,0,0,0,0,0,0,154.996,0,0,0
"MtrElec",7,31,7,"",227.408,0,0,0,0,0,0,0,0,0,0,0,0,0,0,0,0,0,0,0,0,240.168,0,0,-12.7592
"MtrElec",7,31,8,"",241.823,0,0,0,0,0,0,0,0,0,0,0,0,0,0,0,0,0,0,0,0,322.623,0,0,-80.8
"MtrElec",7,31,9,"",199.787,0,0,0,0,0,0,0,0,0,0,0,0,0,0,0,0,0,0,0,0,366.225,0,0,-166.438
"MtrElec",7,31,10,"",194.786,0,0,0,0,0,0,0,0,0,0,0,0,0,0,0,0,0,0,0,0,479.187,0,0,-284.401
"MtrElec",7,31,11,"",9.58813,0,0,0,0,0,0,0,0,0,0,0,0,0,0,0,0,0,0,0,0,505.116,0,0,-495.528
"MtrElec",7,31,12,"",0.0000078,0,0,0,0,0,0,0,0,0,0,0,0,0,0,0,0,0,0,0,0,524.074,0,80.7413,-604.815
"MtrElec",7,31,13,"",0,0,0,0,0,0,0,0,0,0,0,0,0,0,0,0,0,0,0,0,0,545.352,0,91.9661,-637.318
"MtrElec",7,31,14,"",0,0,0,0,0,0,0,0,0,0,0,0,0,0,0,0,0,0,0,0,0,485.544,0,157.315,-642.86
"MtrElec",7,31,15,"",0,0,0,0,0,0,0,0,0,0,0,0,0,0,0,0,0,0,0,0,0,475.789,0,129.454,-605.243
"MtrElec",7,31,16,"",0.0000010,0,0,0,0,0,0,0,0,0,0,0,0,0,0,0,0,0,0,0,0,507.443,0,12.0714,-519.515
"MtrElec",7,31,17,"",111.138,0,0,0,0,0,0,0,0,0,0,0,0,0,0,0,0,0,0,0,0,504.376,0,0,-393.237
"MtrElec",7,31,18,"",307.68,0,0,0,0,0,0,0,0,0,0,0,0,0,0,0,0,0,0,0,0,553.521,0,0,-245.841
"MtrElec",7,31,19,"",204.222,0,0,0,0,0,0,0,0,0,0,0,0,0,0,0,0,0,0,0,0,514.95,0,-223.217,-87.5112
"MtrElec",7,31,20,"",271.489,0,0,0,0,0,0,0,0,0,0,0,0,0,0,0,0,0,0,0,0,483.821,0,-202.356,-9.97592
"MtrElec",7,31,21,"",460.236,0,0,0,0,0,0,0,0,0,0,0,0,0,0,0,0,0,0,0,0,460.236,0,0,0
"MtrElec",7,31,22,"",342.592,0,0,0,0,0,0,0,0,0,0,0,0,0,0,0,0,0,0,0,0,342.592,0,0,0
"MtrElec",7,31,23,"",280.55,0,0,0,0,0,0,0,0,0,0,0,0,0,0,0,0,0,0,0,0,280.55,0,0,0
"MtrElec",7,31,24,"",269.458,0,0,0,0,0,0,0,0,0,0,0,0,0,0,0,0,0,0,0,0,269.458,0,0,0
"MtrElec",8,1,1,"",158.525,0,0,0,0,0,0,0,0,0,0,0,0,0,0,0,0,0,0,0,0,158.525,0,0,0
"MtrElec",8,1,2,"",151.86,0,0,0,0,0,0,0,0,0,0,0,0,0,0,0,0,0,0,0,0,151.86,0,0,0
"MtrElec",8,1,3,"",148.788,0,0,0,0,0,0,0,0,0,0,0,0,0,0,0,0,0,0,0,0,148.788,0,0,0
"MtrElec",8,1,4,"",149.292,0,0,0,0,0,0,0,0,0,0,0,0,0,0,0,0,0,0,0,0,149.292,0,0,0
"MtrElec",8,1,5,"",165.284,0,0,0,0,0,0,0,0,0,0,0,0,0,0,0,0,0,0,0,0,165.284,0,0,0
"MtrElec",8,1,6,"",151.701,0,0,0,0,0,0,0,0,0,0,0,0,0,0,0,0,0,0,0,0,151.701,0,0,0
"MtrElec",8,1,7,"",204.2,0,0,0,0,0,0,0,0,0,0,0,0,0,0,0,0,0,0,0,0,217.692,0,0,-13.4917
"MtrElec",8,1,8,"",136.3,0,0,0,0,0,0,0,0,0,0,0,0,0,0,0,0,0,0,0,0,220.783,0,0,-84.4828
"MtrElec",8,1,9,"",132.284,0,0,0,0,0,0,0,0,0,0,0,0,0,0,0,0,0,0,0,0,316.371,0,0,-184.086
"MtrElec",8,1,10,"",32.4768,0,0,0,0,0,0,0,0,0,0,0,0,0,0,0,0,0,0,0,0,433.219,0,0,-400.742
"MtrElec",8,1,11,"",29.4247,0,0,0,0,0,0,0,0,0,0,0,0,0,0,0,0,0,0,0,0,569.125,0,0,-539.7
"MtrElec",8,1,12,"",0,0,0,0,0,0,0,0,0,0,0,0,0,0,0,0,0,0,0,0,0,604.413,0,8.06569,-612.479
"MtrElec",8,1,13,"",0.0000078,0,0,0,0,0,0,0,0,0,0,0,0,0,0,0,0,0,0,0,0,584.377,0,83.1559,-667.533
"MtrElec",8,1,14,"",0,0,0,0,0,0,0,0,0,0,0,0,0,0,0,0,0,0,0,0,0,509.047,0,174.014,-683.061
"MtrElec",8,1,15,"",0.0000078,0,0,0,0,0,0,0,0,0,0,0,0,0,0,0,0,0,0,0,0,534.768,0,104.215,-638.982
"MtrElec",8,1,16,"",0,0,0,0,0,0,0,0,0,0,0,0,0,0,0,0,0,0,0,0,0,530.625,0,22.5346,-553.16
"MtrElec",8,1,17,"",74.1449,0,0,0,0,0,0,0,0,0,0,0,0,0,0,0,0,0,0,0,0,503.755,0,0,-429.61
"MtrElec",8,1,18,"",262.379,0,0,0,0,0,0,0,0,0,0,0,0,0,0,0,0,0,0,0,0,525.51,0,0,-263.131
"MtrElec",8,1,19,"",201.414,0,0,0,0,0,0,0,0,0,0,0,0,0,0,0,0,0,0,0,0,512.913,0,-223.217,-88.282
"MtrElec",8,1,20,"",279.131,0,0,0,0,0,0,0,0,0,0,0,0,0,0,0,0,0,0,0,0,418.182,0,-130.549,-8.50102
"MtrElec",8,1,21,"",321.751,0,0,0,0,0,0,0,0,0,0,0,0,0,0,0,0,0,0,0,0,321.751,0,0,0
"MtrElec",8,1,22,"",325.998,0,0,0,0,0,0,0,0,0,0,0,0,0,0,0,0,0,0,0,0,325.998,0,0,0
"MtrElec",8,1,23,"",227.891,0,0,0,0,0,0,0,0,0,0,0,0,0,0,0,0,0,0,0,0,227.891,0,0,0
"MtrElec",8,1,24,"",186.133,0,0,0,0,0,0,0,0,0,0,0,0,0,0,0,0,0,0,0,0,186.133,0,0,0
"MtrElec",8,2,1,"",159.215,0,0,0,0,0,0,0,0,0,0,0,0,0,0,0,0,0,0,0,0,159.215,0,0,0
"MtrElec",8,2,2,"",147.062,0,0,0,0,0,0,0,0,0,0,0,0,0,0,0,0,0,0,0,0,147.062,0,0,0
"MtrElec",8,2,3,"",147.904,0,0,0,0,0,0,0,0,0,0,0,0,0,0,0,0,0,0,0,0,147.904,0,0,0
"MtrElec",8,2,4,"",147.439,0,0,0,0,0,0,0,0,0,0,0,0,0,0,0,0,0,0,0,0,147.439,0,0,0
"MtrElec",8,2,5,"",182.318,0,0,0,0,0,0,0,0,0,0,0,0,0,0,0,0,0,0,0,0,182.318,0,0,0
"MtrElec",8,2,6,"",146.807,0,0,0,0,0,0,0,0,0,0,0,0,0,0,0,0,0,0,0,0,146.807,0,0,0
"MtrElec",8,2,7,"",142.516,0,0,0,0,0,0,0,0,0,0,0,0,0,0,0,0,0,0,0,0,153.032,0,0,-10.5166
"MtrElec",8,2,8,"",166.071,0,0,0,0,0,0,0,0,0,0,0,0,0,0,0,0,0,0,0,0,237.226,0,0,-71.1552
"MtrElec",8,2,9,"",112.725,0,0,0,0,0,0,0,0,0,0,0,0,0,0,0,0,0,0,0,0,266.11,0,0,-153.386
"MtrElec",8,2,10,"",-9.33572,0,0,0,0,0,0,0,0,0,0,0,0,0,0,0,0,0,0,0,0,329.484,0,0,-338.82
"MtrElec",8,2,11,"",0,0,0,0,0,0,0,0,0,0,0,0,0,0,0,0,0,0,0,0,0,405.42,0,149.09,-554.51
"MtrElec",8,2,12,"",0,0,0,0,0,0,0,0,0,0,0,0,0,0,0,0,0,0,0,0,0,508.753,0,119.091,-627.844
"MtrElec",8,2,13,"",-2.55891,0,0,0,0,0,0,0,0,0,0,0,0,0,0,0,0,0,0,0,0,443.35,0,223.217,-669.125
"MtrElec",8,2,14,"",-14.681,0,0,0,0,0,0,0,0,0,0,0,0,0,0,0,0,0,0,0,0,440.473,0,223.217,-678.371
"MtrElec",8,2,15,"",-76.2567,0,0,0,0,0,0,0,0,0,0,0,0,0,0,0,0,0,0,0,0,477.171,0,84.267,-637.694
"MtrElec",8,2,16,"",-142.656,0,0,0,0,0,0,0,0,0,0,0,0,0,0,0,0,0,0,0,0,410.648,0,0,-553.304
"MtrElec",8,2,17,"",19.7393,0,0,0,0,0,0,0,0,0,0,0,0,0,0,0,0,0,0,0,0,445.827,0,0,-426.087
"MtrElec",8,2,18,"",182.481,0,0,0,0,0,0,0,0,0,0,0,0,0,0,0,0,0,0,0,0,440.122,0,0,-257.641
"MtrElec",8,2,19,"",143.08,0,0,0,0,0,0,0,0,0,0,0,0,0,0,0,0,0,0,0,0,453.443,0,-223.217,-87.1461
"MtrElec",8,2,20,"",131.302,0,0,0,0,0,0,0,0,0,0,0,0,0,0,0,0,0,0,0,0,363.475,0,-223.217,-8.95628
"MtrElec",8,2,21,"",123.057,0,0,0,0,0,0,0,0,0,0,0,0,0,0,0,0,0,0,0,0,346.274,0,-223.217,0
"MtrElec",8,2,22,"",295.688,0,0,0,0,0,0,0,0,0,0,0,0,0,0,0,0,0,0,0,0,347.028,0,-51.3398,0
"MtrElec",8,2,23,"",209.298,0,0,0,0,0,0,0,0,0,0,0,0,0,0,0,0,0,0,0,0,209.298,0,0,0
"MtrElec",8,2,24,"",214.291,0,0,0,0,0,0,0,0,0,0,0,0,0,0,0,0,0,0,0,0,214.291,0,0,0
"MtrElec",8,3,1,"",165.624,0,0,0,0,0,0,0,0,0,0,0,0,0,0,0,0,0,0,0,0,165.624,0,0,0
"MtrElec",8,3,2,"",148.423,0,0,0,0,0,0,0,0,0,0,0,0,0,0,0,0,0,0,0,0,148.423,0,0,0
"MtrElec",8,3,3,"",146.159,0,0,0,0,0,0,0,0,0,0,0,0,0,0,0,0,0,0,0,0,146.159,0,0,0
"MtrElec",8,3,4,"",145.577,0,0,0,0,0,0,0,0,0,0,0,0,0,0,0,0,0,0,0,0,145.577,0,0,0
"MtrElec",8,3,5,"",139.286,0,0,0,0,0,0,0,0,0,0,0,0,0,0,0,0,0,0,0,0,139.286,0,0,0
"MtrElec",8,3,6,"",194.337,0,0,0,0,0,0,0,0,0,0,0,0,0,0,0,0,0,0,0,0,194.337,0,0,0
"MtrElec",8,3,7,"",198.937,0,0,0,0,0,0,0,0,0,0,0,0,0,0,0,0,0,0,0,0,209.465,0,0,-10.5284
"MtrElec",8,3,8,"",210.244,0,0,0,0,0,0,0,0,0,0,0,0,0,0,0,0,0,0,0,0,310.697,0,0,-100.453
"MtrElec",8,3,9,"",89.6921,0,0,0,0,0,0,0,0,0,0,0,0,0,0,0,0,0,0,0,0,358.514,0,0,-268.821
"MtrElec",8,3,10,"",44.0058,0,0,0,0,0,0,0,0,0,0,0,0,0,0,0,0,0,0,0,0,474.482,0,0,-430.476
"MtrElec",8,3,11,"",0,0,0,0,0,0,0,0,0,0,0,0,0,0,0,0,0,0,0,0,0,518.833,0,36.0153,-554.848
"MtrElec",8,3,12,"",0,0,0,0,0,0,0,0,0,0,0,0,0,0,0,0,0,0,0,0,0,526.732,0,108.536,-635.268
"MtrElec",8,3,13,"",0.0000078,0,0,0,0,0,0,0,0,0,0,0,0,0,0,0,0,0,0,0,0,554.149,0,126.305,-680.454
"MtrElec",8,3,14,"",0,0,0,0,0,0,0,0,0,0,0,0,0,0,0,0,0,0,0,0,0,466.815,0,211.493,-678.308
"MtrElec",8,3,15,"",0,0,0,0,0,0,0,0,0,0,0,0,0,0,0,0,0,0,0,0,0,497.176,0,136.002,-633.178
"MtrElec",8,3,16,"",0,0,0,0,0,0,0,0,0,0,0,0,0,0,0,0,0,0,0,0,0,500.035,0,46.7664,-546.802
"MtrElec",8,3,17,"",129.672,0,0,0,0,0,0,0,0,0,0,0,0,0,0,0,0,0,0,0,0,547.945,0,0,-418.274
"MtrElec",8,3,18,"",291.858,0,0,0,0,0,0,0,0,0,0,0,0,0,0,0,0,0,0,0,0,544.547,0,0,-252.688
"MtrElec",8,3,19,"",189.517,0,0,0,0,0,0,0,0,0,0,0,0,0,0,0,0,0,0,0,0,497.459,0,-223.217,-84.7256
"MtrElec",8,3,20,"",295.738,0,0,0,0,0,0,0,0,0,0,0,0,0,0,0,0,0,0,0,0,527.193,0,-223.217,-8.23797
"MtrElec",8,3,21,"",292.115,0,0,0,0,0,0,0,0,0,0,0,0,0,0,0,0,0,0,0,0,445.95,0,-153.835,0
"MtrElec",8,3,22,"",321.295,0,0,0,0,0,0,0,0,0,0,0,0,0,0,0,0,0,0,0,0,321.295,0,0,0
"MtrElec",8,3,23,"",244.842,0,0,0,0,0,0,0,0,0,0,0,0,0,0,0,0,0,0,0,0,244.842,0,0,0
"MtrElec",8,3,24,"",206.828,0,0,0,0,0,0,0,0,0,0,0,0,0,0,0,0,0,0,0,0,206.828,0,0,0
"MtrElec",8,4,1,"",173.124,0,0,0,0,0,0,0,0,0,0,0,0,0,0,0,0,0,0,0,0,173.124,0,0,0
"MtrElec",8,4,2,"",152.159,0,0,0,0,0,0,0,0,0,0,0,0,0,0,0,0,0,0,0,0,152.159,0,0,0
"MtrElec",8,4,3,"",144.577,0,0,0,0,0,0,0,0,0,0,0,0,0,0,0,0,0,0,0,0,144.577,0,0,0
"MtrElec",8,4,4,"",143.946,0,0,0,0,0,0,0,0,0,0,0,0,0,0,0,0,0,0,0,0,143.946,0,0,0
"MtrElec",8,4,5,"",138.151,0,0,0,0,0,0,0,0,0,0,0,0,0,0,0,0,0,0,0,0,138.151,0,0,0
"MtrElec",8,4,6,"",181.134,0,0,0,0,0,0,0,0,0,0,0,0,0,0,0,0,0,0,0,0,181.134,0,0,0
"MtrElec",8,4,7,"",254.274,0,0,0,0,0,0,0,0,0,0,0,0,0,0,0,0,0,0,0,0,265.511,0,0,-11.2376
"MtrElec",8,4,8,"",220.552,0,0,0,0,0,0,0,0,0,0,0,0,0,0,0,0,0,0,0,0,320.75,0,0,-100.199
"MtrElec",8,4,9,"",116.472,0,0,0,0,0,0,0,0,0,0,0,0,0,0,0,0,0,0,0,0,381.726,0,0,-265.255
"MtrElec",8,4,10,"",71.2034,0,0,0,0,0,0,0,0,0,0,0,0,0,0,0,0,0,0,0,0,487.81,0,0,-416.606
"MtrElec",8,4,11,"",0.0000039,0,0,0,0,0,0,0,0,0,0,0,0,0,0,0,0,0,0,0,0,485.169,0,60.6755,-545.844
"MtrElec",8,4,12,"",0,0,0,0,0,0,0,0,0,0,0,0,0,0,0,0,0,0,0,0,0,488.932,0,139.533,-628.465
"MtrElec",8,4,13,"",0,0,0,0,0,0,0,0,0,0,0,0,0,0,0,0,0,0,0,0,0,528.96,0,138.927,-667.888
"MtrElec",8,4,14,"",0,0,0,0,0,0,0,0,0,0,0,0,0,0,0,0,0,0,0,0,0,486.769,0,182.16,-668.929
"MtrElec",8,4,15,"",0,0,0,0,0,0,0,0,0,0,0,0,0,0,0,0,0,0,0,0,0,466.173,0,156.588,-622.761
"MtrElec",8,4,16,"",0.0000020,0,0,0,0,0,0,0,0,0,0,0,0,0,0,0,0,0,0,0,0,501.714,0,31.9449,-533.659
"MtrElec",8,4,17,"",112.373,0,0,0,0,0,0,0,0,0,0,0,0,0,0,0,0,0,0,0,0,518.335,0,0,-405.961
"MtrElec",8,4,18,"",275.692,0,0,0,0,0,0,0,0,0,0,0,0,0,0,0,0,0,0,0,0,520.385,0,0,-244.694
"MtrElec",8,4,19,"",243.31,0,0,0,0,0,0,0,0,0,0,0,0,0,0,0,0,0,0,0,0,544.868,0,-223.217,-78.3407
"MtrElec",8,4,20,"",248.139,0,0,0,0,0,0,0,0,0,0,0,0,0,0,0,0,0,0,0,0,481.33,0,-223.217,-9.9745
"MtrElec",8,4,21,"",266.251,0,0,0,0,0,0,0,0,0,0,0,0,0,0,0,0,0,0,0,0,460.438,0,-194.186,0
"MtrElec",8,4,22,"",319.946,0,0,0,0,0,0,0,0,0,0,0,0,0,0,0,0,0,0,0,0,319.946,0,0,0
"MtrElec",8,4,23,"",244.281,0,0,0,0,0,0,0,0,0,0,0,0,0,0,0,0,0,0,0,0,244.281,0,0,0
"MtrElec",8,4,24,"",225.627,0,0,0,0,0,0,0,0,0,0,0,0,0,0,0,0,0,0,0,0,225.627,0,0,0
"MtrElec",8,5,1,"",161.01,0,0,0,0,0,0,0,0,0,0,0,0,0,0,0,0,0,0,0,0,161.01,0,0,0
"MtrElec",8,5,2,"",151.475,0,0,0,0,0,0,0,0,0,0,0,0,0,0,0,0,0,0,0,0,151.475,0,0,0
"MtrElec",8,5,3,"",145.634,0,0,0,0,0,0,0,0,0,0,0,0,0,0,0,0,0,0,0,0,145.634,0,0,0
"MtrElec",8,5,4,"",144.361,0,0,0,0,0,0,0,0,0,0,0,0,0,0,0,0,0,0,0,0,144.361,0,0,0
"MtrElec",8,5,5,"",141.034,0,0,0,0,0,0,0,0,0,0,0,0,0,0,0,0,0,0,0,0,141.034,0,0,0
"MtrElec",8,5,6,"",165.746,0,0,0,0,0,0,0,0,0,0,0,0,0,0,0,0,0,0,0,0,165.746,0,0,0
"MtrElec",8,5,7,"",245.508,0,0,0,0,0,0,0,0,0,0,0,0,0,0,0,0,0,0,0,0,258.283,0,0,-12.775
"MtrElec",8,5,8,"",224.566,0,0,0,0,0,0,0,0,0,0,0,0,0,0,0,0,0,0,0,0,317.076,0,0,-92.5102
"MtrElec",8,5,9,"",156.799,0,0,0,0,0,0,0,0,0,0,0,0,0,0,0,0,0,0,0,0,371.78,0,0,-214.981
"MtrElec",8,5,10,"",63.937,0,0,0,0,0,0,0,0,0,0,0,0,0,0,0,0,0,0,0,0,471.619,0,0,-407.682
"MtrElec",8,5,11,"",0,0,0,0,0,0,0,0,0,0,0,0,0,0,0,0,0,0,0,0,0,510.906,0,9.88488,-520.791
"MtrElec",8,5,12,"",0,0,0,0,0,0,0,0,0,0,0,0,0,0,0,0,0,0,0,0,0,511.555,0,96.1176,-607.672
"MtrElec",8,5,13,"",0.0000078,0,0,0,0,0,0,0,0,0,0,0,0,0,0,0,0,0,0,0,0,582.961,0,72.0559,-655.017
"MtrElec",8,5,14,"",0,0,0,0,0,0,0,0,0,0,0,0,0,0,0,0,0,0,0,0,0,459.557,0,198.566,-658.123
"MtrElec",8,5,15,"",0,0,0,0,0,0,0,0,0,0,0,0,0,0,0,0,0,0,0,0,0,475.233,0,139.564,-614.797
"MtrElec",8,5,16,"",0,0,0,0,0,0,0,0,0,0,0,0,0,0,0,0,0,0,0,0,0,502.567,0,20.1983,-522.766
"MtrElec",8,5,17,"",162.05,0,0,0,0,0,0,0,0,0,0,0,0,0,0,0,0,0,0,0,0,555.8,0,0,-393.75
"MtrElec",8,5,18,"",292.554,0,0,0,0,0,0,0,0,0,0,0,0,0,0,0,0,0,0,0,0,528.244,0,0,-235.69
"MtrElec",8,5,19,"",247.344,0,0,0,0,0,0,0,0,0,0,0,0,0,0,0,0,0,0,0,0,554.169,0,-223.217,-83.6083
"MtrElec",8,5,20,"",249.669,0,0,0,0,0,0,0,0,0,0,0,0,0,0,0,0,0,0,0,0,483.009,0,-223.217,-10.1235
"MtrElec",8,5,21,"",418.797,0,0,0,0,0,0,0,0,0,0,0,0,0,0,0,0,0,0,0,0,456.452,0,-37.6554,0
"MtrElec",8,5,22,"",330.755,0,0,0,0,0,0,0,0,0,0,0,0,0,0,0,0,0,0,0,0,330.755,0,0,0
"MtrElec",8,5,23,"",252.83,0,0,0,0,0,0,0,0,0,0,0,0,0,0,0,0,0,0,0,0,252.83,0,0,0
"MtrElec",8,5,24,"",217.448,0,0,0,0,0,0,0,0,0,0,0,0,0,0,0,0,0,0,0,0,217.448,0,0,0
"MtrElec",8,6,1,"",163.922,0,0,0,0,0,0,0,0,0,0,0,0,0,0,0,0,0,0,0,0,163.922,0,0,0
"MtrElec",8,6,2,"",153.383,0,0,0,0,0,0,0,0,0,0,0,0,0,0,0,0,0,0,0,0,153.383,0,0,0
"MtrElec",8,6,3,"",145.603,0,0,0,0,0,0,0,0,0,0,0,0,0,0,0,0,0,0,0,0,145.603,0,0,0
"MtrElec",8,6,4,"",145.638,0,0,0,0,0,0,0,0,0,0,0,0,0,0,0,0,0,0,0,0,145.638,0,0,0
"MtrElec",8,6,5,"",148.483,0,0,0,0,0,0,0,0,0,0,0,0,0,0,0,0,0,0,0,0,148.483,0,0,0
"MtrElec",8,6,6,"",176.896,0,0,0,0,0,0,0,0,0,0,0,0,0,0,0,0,0,0,0,0,176.896,0,0,0
"MtrElec",8,6,7,"",251.95,0,0,0,0,0,0,0,0,0,0,0,0,0,0,0,0,0,0,0,0,263.483,0,0,-11.5323
"MtrElec",8,6,8,"",178.367,0,0,0,0,0,0,0,0,0,0,0,0,0,0,0,0,0,0,0,0,277.607,0,0,-99.2393
"MtrElec",8,6,9,"",125.964,0,0,0,0,0,0,0,0,0,0,0,0,0,0,0,0,0,0,0,0,377.693,0,0,-251.73
"MtrElec",8,6,10,"",38.6697,0,0,0,0,0,0,0,0,0,0,0,0,0,0,0,0,0,0,0,0,442.961,0,0,-404.291
"MtrElec",8,6,11,"",0,0,0,0,0,0,0,0,0,0,0,0,0,0,0,0,0,0,0,0,0,489.27,0,40.1302,-529.4
"MtrElec",8,6,12,"",0.0000078,0,0,0,0,0,0,0,0,0,0,0,0,0,0,0,0,0,0,0,0,527.442,0,85.9826,-613.424
"MtrElec",8,6,13,"",0,0,0,0,0,0,0,0,0,0,0,0,0,0,0,0,0,0,0,0,0,480.453,0,171.387,-651.84
"MtrElec",8,6,14,"",0,0,0,0,0,0,0,0,0,0,0,0,0,0,0,0,0,0,0,0,0,502.134,0,151.323,-653.457
"MtrElec",8,6,15,"",0,0,0,0,0,0,0,0,0,0,0,0,0,0,0,0,0,0,0,0,0,462.075,0,147.36,-609.436
"MtrElec",8,6,16,"",0,0,0,0,0,0,0,0,0,0,0,0,0,0,0,0,0,0,0,0,0,523.057,0,0.756562,-523.814
"MtrElec",8,6,17,"",131.871,0,0,0,0,0,0,0,0,0,0,0,0,0,0,0,0,0,0,0,0,528.199,0,0,-396.329
"MtrElec",8,6,18,"",304.033,0,0,0,0,0,0,0,0,0,0,0,0,0,0,0,0,0,0,0,0,540.684,0,0,-236.651
"MtrElec",8,6,19,"",227.306,0,0,0,0,0,0,0,0,0,0,0,0,0,0,0,0,0,0,0,0,528.472,0,-223.217,-77.9494
"MtrElec",8,6,20,"",260.655,0,0,0,0,0,0,0,0,0,0,0,0,0,0,0,0,0,0,0,0,492.109,0,-223.217,-8.23734
"MtrElec",8,6,21,"",368.939,0,0,0,0,0,0,0,0,0,0,0,0,0,0,0,0,0,0,0,0,461.243,0,-92.3041,0
"MtrElec",8,6,22,"",313.367,0,0,0,0,0,0,0,0,0,0,0,0,0,0,0,0,0,0,0,0,313.367,0,0,0
"MtrElec",8,6,23,"",289.145,0,0,0,0,0,0,0,0,0,0,0,0,0,0,0,0,0,0,0,0,289.145,0,0,0
"MtrElec",8,6,24,"",202.267,0,0,0,0,0,0,0,0,0,0,0,0,0,0,0,0,0,0,0,0,202.267,0,0,0
"MtrElec",8,7,1,"",169.081,0,0,0,0,0,0,0,0,0,0,0,0,0,0,0,0,0,0,0,0,169.081,0,0,0
"MtrElec",8,7,2,"",152.851,0,0,0,0,0,0,0,0,0,0,0,0,0,0,0,0,0,0,0,0,152.851,0,0,0
"MtrElec",8,7,3,"",146.93,0,0,0,0,0,0,0,0,0,0,0,0,0,0,0,0,0,0,0,0,146.93,0,0,0
"MtrElec",8,7,4,"",145.579,0,0,0,0,0,0,0,0,0,0,0,0,0,0,0,0,0,0,0,0,145.579,0,0,0
"MtrElec",8,7,5,"",173.18,0,0,0,0,0,0,0,0,0,0,0,0,0,0,0,0,0,0,0,0,173.18,0,0,0
"MtrElec",8,7,6,"",153.762,0,0,0,0,0,0,0,0,0,0,0,0,0,0,0,0,0,0,0,0,153.762,0,0,0
"MtrElec",8,7,7,"",226.891,0,0,0,0,0,0,0,0,0,0,0,0,0,0,0,0,0,0,0,0,238.406,0,0,-11.5149
"MtrElec",8,7,8,"",204.759,0,0,0,0,0,0,0,0,0,0,0,0,0,0,0,0,0,0,0,0,303.028,0,0,-98.2687
"MtrElec",8,7,9,"",96.2007,0,0,0,0,0,0,0,0,0,0,0,0,0,0,0,0,0,0,0,0,351.798,0,0,-255.598
"MtrElec",8,7,10,"",37.3602,0,0,0,0,0,0,0,0,0,0,0,0,0,0,0,0,0,0,0,0,446.673,0,0,-409.313
"MtrElec",8,7,11,"",0,0,0,0,0,0,0,0,0,0,0,0,0,0,0,0,0,0,0,0,0,509.32,0,26.8676,-536.187
"MtrElec",8,7,12,"",0,0,0,0,0,0,0,0,0,0,0,0,0,0,0,0,0,0,0,0,0,508.365,0,117.423,-625.787
"MtrElec",8,7,13,"",0.0000156,0,0,0,0,0,0,0,0,0,0,0,0,0,0,0,0,0,0,0,0,490.901,0,168.919,-659.82
"MtrElec",8,7,14,"",0.0000156,0,0,0,0,0,0,0,0,0,0,0,0,0,0,0,0,0,0,0,0,470.411,0,188.199,-658.61
"MtrElec",8,7,15,"",0,0,0,0,0,0,0,0,0,0,0,0,0,0,0,0,0,0,0,0,0,472.987,0,145.536,-618.524
"MtrElec",8,7,16,"",0,0,0,0,0,0,0,0,0,0,0,0,0,0,0,0,0,0,0,0,0,492.242,0,35.8427,-528.085
"MtrElec",8,7,17,"",107.079,0,0,0,0,0,0,0,0,0,0,0,0,0,0,0,0,0,0,0,0,506.638,0,0,-399.559
"MtrElec",8,7,18,"",286.315,0,0,0,0,0,0,0,0,0,0,0,0,0,0,0,0,0,0,0,0,526.51,0,0,-240.196
"MtrElec",8,7,19,"",218.822,0,0,0,0,0,0,0,0,0,0,0,0,0,0,0,0,0,0,0,0,522.579,0,-223.217,-80.541
"MtrElec",8,7,20,"",236.544,0,0,0,0,0,0,0,0,0,0,0,0,0,0,0,0,0,0,0,0,466.822,0,-223.217,-7.0613
"MtrElec",8,7,21,"",290.427,0,0,0,0,0,0,0,0,0,0,0,0,0,0,0,0,0,0,0,0,460.209,0,-169.782,0
"MtrElec",8,7,22,"",297.277,0,0,0,0,0,0,0,0,0,0,0,0,0,0,0,0,0,0,0,0,297.277,0,0,0
"MtrElec",8,7,23,"",248.084,0,0,0,0,0,0,0,0,0,0,0,0,0,0,0,0,0,0,0,0,248.084,0,0,0
"MtrElec",8,7,24,"",192.856,0,0,0,0,0,0,0,0,0,0,0,0,0,0,0,0,0,0,0,0,192.856,0,0,0
"MtrElec",8,8,1,"",193.503,0,0,0,0,0,0,0,0,0,0,0,0,0,0,0,0,0,0,0,0,193.503,0,0,0
"MtrElec",8,8,2,"",151.928,0,0,0,0,0,0,0,0,0,0,0,0,0,0,0,0,0,0,0,0,151.928,0,0,0
"MtrElec",8,8,3,"",150.469,0,0,0,0,0,0,0,0,0,0,0,0,0,0,0,0,0,0,0,0,150.469,0,0,0
"MtrElec",8,8,4,"",147.354,0,0,0,0,0,0,0,0,0,0,0,0,0,0,0,0,0,0,0,0,147.354,0,0,0
"MtrElec",8,8,5,"",152.22,0,0,0,0,0,0,0,0,0,0,0,0,0,0,0,0,0,0,0,0,152.22,0,0,0
"MtrElec",8,8,6,"",146.118,0,0,0,0,0,0,0,0,0,0,0,0,0,0,0,0,0,0,0,0,146.118,0,0,0
"MtrElec",8,8,7,"",198.815,0,0,0,0,0,0,0,0,0,0,0,0,0,0,0,0,0,0,0,0,208.061,0,0,-9.24671
"MtrElec",8,8,8,"",158.483,0,0,0,0,0,0,0,0,0,0,0,0,0,0,0,0,0,0,0,0,254.799,0,0,-96.3165
"MtrElec",8,8,9,"",76.3646,0,0,0,0,0,0,0,0,0,0,0,0,0,0,0,0,0,0,0,0,340.008,0,0,-263.643
"MtrElec",8,8,10,"",17.7388,0,0,0,0,0,0,0,0,0,0,0,0,0,0,0,0,0,0,0,0,430.755,0,0,-413.017
"MtrElec",8,8,11,"",0,0,0,0,0,0,0,0,0,0,0,0,0,0,0,0,0,0,0,0,0,525.422,0,8.24256,-533.664
"MtrElec",8,8,12,"",0.0000020,0,0,0,0,0,0,0,0,0,0,0,0,0,0,0,0,0,0,0,0,572.973,0,29.3586,-602.332
"MtrElec",8,8,13,"",0,0,0,0,0,0,0,0,0,0,0,0,0,0,0,0,0,0,0,0,0,553.947,0,39.3198,-593.267
"MtrElec",8,8,14,"",0,0,0,0,0,0,0,0,0,0,0,0,0,0,0,0,0,0,0,0,0,524.647,0,78.0165,-602.664
"MtrElec",8,8,15,"",0,0,0,0,0,0,0,0,0,0,0,0,0,0,0,0,0,0,0,0,0,523.634,0,79.926,-603.56
"MtrElec",8,8,16,"",6.64894,0,0,0,0,0,0,0,0,0,0,0,0,0,0,0,0,0,0,0,0,529.537,0,0,-522.888
"MtrElec",8,8,17,"",156.011,0,0,0,0,0,0,0,0,0,0,0,0,0,0,0,0,0,0,0,0,550.856,0,0,-394.845
"MtrElec",8,8,18,"",296.936,0,0,0,0,0,0,0,0,0,0,0,0,0,0,0,0,0,0,0,0,535.337,0,0,-238.401
"MtrElec",8,8,19,"",262.75,0,0,0,0,0,0,0,0,0,0,0,0,0,0,0,0,0,0,0,0,549.344,0,-211.964,-74.6295
"MtrElec",8,8,20,"",418.421,0,0,0,0,0,0,0,0,0,0,0,0,0,0,0,0,0,0,0,0,425.681,0,0,-7.26002
"MtrElec",8,8,21,"",399.596,0,0,0,0,0,0,0,0,0,0,0,0,0,0,0,0,0,0,0,0,399.596,0,0,0
"MtrElec",8,8,22,"",371.111,0,0,0,0,0,0,0,0,0,0,0,0,0,0,0,0,0,0,0,0,371.111,0,0,0
"MtrElec",8,8,23,"",233.71,0,0,0,0,0,0,0,0,0,0,0,0,0,0,0,0,0,0,0,0,233.71,0,0,0
"MtrElec",8,8,24,"",252.924,0,0,0,0,0,0,0,0,0,0,0,0,0,0,0,0,0,0,0,0,252.924,0,0,0
"MtrElec",8,9,1,"",166.568,0,0,0,0,0,0,0,0,0,0,0,0,0,0,0,0,0,0,0,0,166.568,0,0,0
"MtrElec",8,9,2,"",149.963,0,0,0,0,0,0,0,0,0,0,0,0,0,0,0,0,0,0,0,0,149.963,0,0,0
"MtrElec",8,9,3,"",147.582,0,0,0,0,0,0,0,0,0,0,0,0,0,0,0,0,0,0,0,0,147.582,0,0,0
"MtrElec",8,9,4,"",150.898,0,0,0,0,0,0,0,0,0,0,0,0,0,0,0,0,0,0,0,0,150.898,0,0,0
"MtrElec",8,9,5,"",164.645,0,0,0,0,0,0,0,0,0,0,0,0,0,0,0,0,0,0,0,0,164.645,0,0,0
"MtrElec",8,9,6,"",150.207,0,0,0,0,0,0,0,0,0,0,0,0,0,0,0,0,0,0,0,0,150.207,0,0,0
"MtrElec",8,9,7,"",184.678,0,0,0,0,0,0,0,0,0,0,0,0,0,0,0,0,0,0,0,0,195.589,0,0,-10.9109
"MtrElec",8,9,8,"",98.7295,0,0,0,0,0,0,0,0,0,0,0,0,0,0,0,0,0,0,0,0,196.653,0,0,-97.923
"MtrElec",8,9,9,"",59.822,0,0,0,0,0,0,0,0,0,0,0,0,0,0,0,0,0,0,0,0,313.906,0,0,-254.084
"MtrElec",8,9,10,"",-7.07137,0,0,0,0,0,0,0,0,0,0,0,0,0,0,0,0,0,0,0,0,397.115,0,0,-404.186
"MtrElec",8,9,11,"",0,0,0,0,0,0,0,0,0,0,0,0,0,0,0,0,0,0,0,0,0,448.386,0,81.0114,-529.397
"MtrElec",8,9,12,"",0,0,0,0,0,0,0,0,0,0,0,0,0,0,0,0,0,0,0,0,0,472.923,0,144.92,-617.842
"MtrElec",8,9,13,"",0,0,0,0,0,0,0,0,0,0,0,0,0,0,0,0,0,0,0,0,0,518.611,0,132.468,-651.079
"MtrElec",8,9,14,"",0.0000156,0,0,0,0,0,0,0,0,0,0,0,0,0,0,0,0,0,0,0,0,478.174,0,174.419,-652.593
"MtrElec",8,9,15,"",0,0,0,0,0,0,0,0,0,0,0,0,0,0,0,0,0,0,0,0,0,452.613,0,167.364,-619.977
"MtrElec",8,9,16,"",0,0,0,0,0,0,0,0,0,0,0,0,0,0,0,0,0,0,0,0,0,458.646,0,68.5592,-527.205
"MtrElec",8,9,17,"",67.2591,0,0,0,0,0,0,0,0,0,0,0,0,0,0,0,0,0,0,0,0,463.089,0,0,-395.83
"MtrElec",8,9,18,"",200.641,0,0,0,0,0,0,0,0,0,0,0,0,0,0,0,0,0,0,0,0,436.303,0,0,-235.662
"MtrElec",8,9,19,"",168.155,0,0,0,0,0,0,0,0,0,0,0,0,0,0,0,0,0,0,0,0,469.674,0,-223.217,-78.3024
"MtrElec",8,9,20,"",118.243,0,0,0,0,0,0,0,0,0,0,0,0,0,0,0,0,0,0,0,0,349.089,0,-223.217,-7.62928
"MtrElec",8,9,21,"",129.459,0,0,0,0,0,0,0,0,0,0,0,0,0,0,0,0,0,0,0,0,352.675,0,-223.217,0
"MtrElec",8,9,22,"",325.323,0,0,0,0,0,0,0,0,0,0,0,0,0,0,0,0,0,0,0,0,349.461,0,-24.1381,0
"MtrElec",8,9,23,"",207.395,0,0,0,0,0,0,0,0,0,0,0,0,0,0,0,0,0,0,0,0,207.395,0,0,0
"MtrElec",8,9,24,"",233.476,0,0,0,0,0,0,0,0,0,0,0,0,0,0,0,0,0,0,0,0,233.476,0,0,0
"MtrElec",8,10,1,"",163.255,0,0,0,0,0,0,0,0,0,0,0,0,0,0,0,0,0,0,0,0,163.255,0,0,0
"MtrElec",8,10,2,"",153.938,0,0,0,0,0,0,0,0,0,0,0,0,0,0,0,0,0,0,0,0,153.938,0,0,0
"MtrElec",8,10,3,"",148.949,0,0,0,0,0,0,0,0,0,0,0,0,0,0,0,0,0,0,0,0,148.949,0,0,0
"MtrElec",8,10,4,"",146.245,0,0,0,0,0,0,0,0,0,0,0,0,0,0,0,0,0,0,0,0,146.245,0,0,0
"MtrElec",8,10,5,"",140.568,0,0,0,0,0,0,0,0,0,0,0,0,0,0,0,0,0,0,0,0,140.568,0,0,0
"MtrElec",8,10,6,"",173.628,0,0,0,0,0,0,0,0,0,0,0,0,0,0,0,0,0,0,0,0,173.628,0,0,0
"MtrElec",8,10,7,"",221.965,0,0,0,0,0,0,0,0,0,0,0,0,0,0,0,0,0,0,0,0,233.08,0,0,-11.115
"MtrElec",8,10,8,"",210.082,0,0,0,0,0,0,0,0,0,0,0,0,0,0,0,0,0,0,0,0,304.897,0,0,-94.8152
"MtrElec",8,10,9,"",122.741,0,0,0,0,0,0,0,0,0,0,0,0,0,0,0,0,0,0,0,0,350.601,0,0,-227.86
"MtrElec",8,10,10,"",70.6149,0,0,0,0,0,0,0,0,0,0,0,0,0,0,0,0,0,0,0,0,486.056,0,0,-415.441
"MtrElec",8,10,11,"",0.0000039,0,0,0,0,0,0,0,0,0,0,0,0,0,0,0,0,0,0,0,0,496.013,0,36.5495,-532.562
"MtrElec",8,10,12,"",0,0,0,0,0,0,0,0,0,0,0,0,0,0,0,0,0,0,0,0,0,491.304,0,136.255,-627.559
"MtrElec",8,10,13,"",0,0,0,0,0,0,0,0,0,0,0,0,0,0,0,0,0,0,0,0,0,515.09,0,148.934,-664.023
"MtrElec",8,10,14,"",0.0000156,0,0,0,0,0,0,0,0,0,0,0,0,0,0,0,0,0,0,0,0,481.446,0,180.076,-661.522
"MtrElec",8,10,15,"",0,0,0,0,0,0,0,0,0,0,0,0,0,0,0,0,0,0,0,0,0,504.652,0,109.95,-614.602
"MtrElec",8,10,16,"",0.0000039,0,0,0,0,0,0,0,0,0,0,0,0,0,0,0,0,0,0,0,0,476.731,0,49.5839,-526.314
"MtrElec",8,10,17,"",150.554,0,0,0,0,0,0,0,0,0,0,0,0,0,0,0,0,0,0,0,0,546.823,0,0,-396.269
"MtrElec",8,10,18,"",296.453,0,0,0,0,0,0,0,0,0,0,0,0,0,0,0,0,0,0,0,0,532.209,0,0,-235.756
"MtrElec",8,10,19,"",246.004,0,0,0,0,0,0,0,0,0,0,0,0,0,0,0,0,0,0,0,0,546.669,0,-223.217,-77.4481
"MtrElec",8,10,20,"",270.139,0,0,0,0,0,0,0,0,0,0,0,0,0,0,0,0,0,0,0,0,499.152,0,-223.217,-5.79603
"MtrElec",8,10,21,"",333.627,0,0,0,0,0,0,0,0,0,0,0,0,0,0,0,0,0,0,0,0,484.06,0,-150.433,0
"MtrElec",8,10,22,"",330.947,0,0,0,0,0,0,0,0,0,0,0,0,0,0,0,0,0,0,0,0,330.947,0,0,0
"MtrElec",8,10,23,"",298.33,0,0,0,0,0,0,0,0,0,0,0,0,0,0,0,0,0,0,0,0,298.33,0,0,0
"MtrElec",8,10,24,"",220.906,0,0,0,0,0,0,0,0,0,0,0,0,0,0,0,0,0,0,0,0,220.906,0,0,0
"MtrElec",8,11,1,"",163.197,0,0,0,0,0,0,0,0,0,0,0,0,0,0,0,0,0,0,0,0,163.197,0,0,0
"MtrElec",8,11,2,"",148.655,0,0,0,0,0,0,0,0,0,0,0,0,0,0,0,0,0,0,0,0,148.655,0,0,0
"MtrElec",8,11,3,"",153.165,0,0,0,0,0,0,0,0,0,0,0,0,0,0,0,0,0,0,0,0,153.165,0,0,0
"MtrElec",8,11,4,"",151.748,0,0,0,0,0,0,0,0,0,0,0,0,0,0,0,0,0,0,0,0,151.748,0,0,0
"MtrElec",8,11,5,"",182.458,0,0,0,0,0,0,0,0,0,0,0,0,0,0,0,0,0,0,0,0,182.458,0,0,0
"MtrElec",8,11,6,"",147.711,0,0,0,0,0,0,0,0,0,0,0,0,0,0,0,0,0,0,0,0,147.711,0,0,0
"MtrElec",8,11,7,"",227.206,0,0,0,0,0,0,0,0,0,0,0,0,0,0,0,0,0,0,0,0,237.331,0,0,-10.1256
"MtrElec",8,11,8,"",241.9,0,0,0,0,0,0,0,0,0,0,0,0,0,0,0,0,0,0,0,0,327.753,0,0,-85.8535
"MtrElec",8,11,9,"",178.186,0,0,0,0,0,0,0,0,0,0,0,0,0,0,0,0,0,0,0,0,384.596,0,0,-206.41
"MtrElec",8,11,10,"",44.8064,0,0,0,0,0,0,0,0,0,0,0,0,0,0,0,0,0,0,0,0,475.68,0,0,-430.873
"MtrElec",8,11,11,"",0.0000020,0,0,0,0,0,0,0,0,0,0,0,0,0,0,0,0,0,0,0,0,528.244,0,29.4119,-557.656
"MtrElec",8,11,12,"",0,0,0,0,0,0,0,0,0,0,0,0,0,0,0,0,0,0,0,0,0,541.493,0,101.864,-643.357
"MtrElec",8,11,13,"",0.0000156,0,0,0,0,0,0,0,0,0,0,0,0,0,0,0,0,0,0,0,0,544.199,0,134.145,-678.344
"MtrElec",8,11,14,"",0,0,0,0,0,0,0,0,0,0,0,0,0,0,0,0,0,0,0,0,0,507.498,0,164.132,-671.63
"MtrElec",8,11,15,"",0,0,0,0,0,0,0,0,0,0,0,0,0,0,0,0,0,0,0,0,0,489.707,0,140.137,-629.844
"MtrElec",8,11,16,"",0,0,0,0,0,0,0,0,0,0,0,0,0,0,0,0,0,0,0,0,0,507.795,0,34.2033,-541.998
"MtrElec",8,11,17,"",150.192,0,0,0,0,0,0,0,0,0,0,0,0,0,0,0,0,0,0,0,0,563.43,0,0,-413.237
"MtrElec",8,11,18,"",299.66,0,0,0,0,0,0,0,0,0,0,0,0,0,0,0,0,0,0,0,0,545.26,0,0,-245.6
"MtrElec",8,11,19,"",198.104,0,0,0,0,0,0,0,0,0,0,0,0,0,0,0,0,0,0,0,0,498.479,0,-223.217,-77.1587
"MtrElec",8,11,20,"",274.083,0,0,0,0,0,0,0,0,0,0,0,0,0,0,0,0,0,0,0,0,502.547,0,-223.217,-5.24719
"MtrElec",8,11,21,"",312.822,0,0,0,0,0,0,0,0,0,0,0,0,0,0,0,0,0,0,0,0,411.402,0,-98.5795,0
"MtrElec",8,11,22,"",287.458,0,0,0,0,0,0,0,0,0,0,0,0,0,0,0,0,0,0,0,0,287.458,0,0,0
"MtrElec",8,11,23,"",238.559,0,0,0,0,0,0,0,0,0,0,0,0,0,0,0,0,0,0,0,0,238.559,0,0,0
"MtrElec",8,11,24,"",188.885,0,0,0,0,0,0,0,0,0,0,0,0,0,0,0,0,0,0,0,0,188.885,0,0,0
"MtrElec",8,12,1,"",149.546,0,0,0,0,0,0,0,0,0,0,0,0,0,0,0,0,0,0,0,0,149.546,0,0,0
"MtrElec",8,12,2,"",154.104,0,0,0,0,0,0,0,0,0,0,0,0,0,0,0,0,0,0,0,0,154.104,0,0,0
"MtrElec",8,12,3,"",142.484,0,0,0,0,0,0,0,0,0,0,0,0,0,0,0,0,0,0,0,0,142.484,0,0,0
"MtrElec",8,12,4,"",145.169,0,0,0,0,0,0,0,0,0,0,0,0,0,0,0,0,0,0,0,0,145.169,0,0,0
"MtrElec",8,12,5,"",171.148,0,0,0,0,0,0,0,0,0,0,0,0,0,0,0,0,0,0,0,0,171.148,0,0,0
"MtrElec",8,12,6,"",148.018,0,0,0,0,0,0,0,0,0,0,0,0,0,0,0,0,0,0,0,0,148.018,0,0,0
"MtrElec",8,12,7,"",255.911,0,0,0,0,0,0,0,0,0,0,0,0,0,0,0,0,0,0,0,0,259.974,0,0,-4.06291
"MtrElec",8,12,8,"",286.425,0,0,0,0,0,0,0,0,0,0,0,0,0,0,0,0,0,0,0,0,332.285,0,0,-45.8604
"MtrElec",8,12,9,"",250.463,0,0,0,0,0,0,0,0,0,0,0,0,0,0,0,0,0,0,0,0,351.177,0,0,-100.714
"MtrElec",8,12,10,"",240.081,0,0,0,0,0,0,0,0,0,0,0,0,0,0,0,0,0,0,0,0,414.009,0,0,-173.927
"MtrElec",8,12,11,"",159.475,0,0,0,0,0,0,0,0,0,0,0,0,0,0,0,0,0,0,0,0,474.694,0,0,-315.218
"MtrElec",8,12,12,"",0.0000020,0,0,0,0,0,0,0,0,0,0,0,0,0,0,0,0,0,0,0,0,454.337,0,27.7252,-482.062
"MtrElec",8,12,13,"",-7.41041,0,0,0,0,0,0,0,0,0,0,0,0,0,0,0,0,0,0,0,0,462.853,0,223.217,-693.481
"MtrElec",8,12,14,"",0,0,0,0,0,0,0,0,0,0,0,0,0,0,0,0,0,0,0,0,0,483.49,0,202.804,-686.294
"MtrElec",8,12,15,"",0,0,0,0,0,0,0,0,0,0,0,0,0,0,0,0,0,0,0,0,0,462.499,0,173.636,-636.135
"MtrElec",8,12,16,"",0,0,0,0,0,0,0,0,0,0,0,0,0,0,0,0,0,0,0,0,0,508.869,0,42.3967,-551.266
"MtrElec",8,12,17,"",94.1348,0,0,0,0,0,0,0,0,0,0,0,0,0,0,0,0,0,0,0,0,513.401,0,0,-419.266
"MtrElec",8,12,18,"",301.022,0,0,0,0,0,0,0,0,0,0,0,0,0,0,0,0,0,0,0,0,551.733,0,0,-250.711
"MtrElec",8,12,19,"",210.179,0,0,0,0,0,0,0,0,0,0,0,0,0,0,0,0,0,0,0,0,510.378,0,-223.217,-76.9815
"MtrElec",8,12,20,"",216.104,0,0,0,0,0,0,0,0,0,0,0,0,0,0,0,0,0,0,0,0,444.588,0,-223.217,-5.26691
"MtrElec",8,12,21,"",269.52,0,0,0,0,0,0,0,0,0,0,0,0,0,0,0,0,0,0,0,0,427.562,0,-158.042,0
"MtrElec",8,12,22,"",309.734,0,0,0,0,0,0,0,0,0,0,0,0,0,0,0,0,0,0,0,0,309.734,0,0,0
"MtrElec",8,12,23,"",262.195,0,0,0,0,0,0,0,0,0,0,0,0,0,0,0,0,0,0,0,0,262.195,0,0,0
"MtrElec",8,12,24,"",245.017,0,0,0,0,0,0,0,0,0,0,0,0,0,0,0,0,0,0,0,0,245.017,0,0,0
"MtrElec",8,13,1,"",180.394,0,0,0,0,0,0,0,0,0,0,0,0,0,0,0,0,0,0,0,0,180.394,0,0,0
"MtrElec",8,13,2,"",159.063,0,0,0,0,0,0,0,0,0,0,0,0,0,0,0,0,0,0,0,0,159.063,0,0,0
"MtrElec",8,13,3,"",151.164,0,0,0,0,0,0,0,0,0,0,0,0,0,0,0,0,0,0,0,0,151.164,0,0,0
"MtrElec",8,13,4,"",146.582,0,0,0,0,0,0,0,0,0,0,0,0,0,0,0,0,0,0,0,0,146.582,0,0,0
"MtrElec",8,13,5,"",144.78,0,0,0,0,0,0,0,0,0,0,0,0,0,0,0,0,0,0,0,0,144.78,0,0,0
"MtrElec",8,13,6,"",171.547,0,0,0,0,0,0,0,0,0,0,0,0,0,0,0,0,0,0,0,0,171.547,0,0,0
"MtrElec",8,13,7,"",251.276,0,0,0,0,0,0,0,0,0,0,0,0,0,0,0,0,0,0,0,0,251.276,0,0,0
"MtrElec",8,13,8,"",294.929,0,0,0,0,0,0,0,0,0,0,0,0,0,0,0,0,0,0,0,0,312.801,0,0,-17.8727
"MtrElec",8,13,9,"",373.358,0,0,0,0,0,0,0,0,0,0,0,0,0,0,0,0,0,0,0,0,421.802,0,0,-48.4435
"MtrElec",8,13,10,"",334.74,0,0,0,0,0,0,0,0,0,0,0,0,0,0,0,0,0,0,0,0,441.807,0,0,-107.067
"MtrElec",8,13,11,"",209.129,0,0,0,0,0,0,0,0,0,0,0,0,0,0,0,0,0,0,0,0,425.337,0,0,-216.208
"MtrElec",8,13,12,"",114.712,0,0,0,0,0,0,0,0,0,0,0,0,0,0,0,0,0,0,0,0,511.473,0,0,-396.761
"MtrElec",8,13,13,"",0.0000020,0,0,0,0,0,0,0,0,0,0,0,0,0,0,0,0,0,0,0,0,536.228,0,26.0874,-562.315
"MtrElec",8,13,14,"",-29.1811,0,0,0,0,0,0,0,0,0,0,0,0,0,0,0,0,0,0,0,0,437.457,0,223.217,-689.855
"MtrElec",8,13,15,"",0,0,0,0,0,0,0,0,0,0,0,0,0,0,0,0,0,0,0,0,0,443.329,0,204.475,-647.804
"MtrElec",8,13,16,"",0,0,0,0,0,0,0,0,0,0,0,0,0,0,0,0,0,0,0,0,0,495.941,0,60.926,-556.867
"MtrElec",8,13,17,"",101.183,0,0,0,0,0,0,0,0,0,0,0,0,0,0,0,0,0,0,0,0,522.979,0,0,-421.795
"MtrElec",8,13,18,"",258.515,0,0,0,0,0,0,0,0,0,0,0,0,0,0,0,0,0,0,0,0,508.73,0,0,-250.215
"MtrElec",8,13,19,"",219.305,0,0,0,0,0,0,0,0,0,0,0,0,0,0,0,0,0,0,0,0,518.007,0,-223.217,-75.4854
"MtrElec",8,13,20,"",236.232,0,0,0,0,0,0,0,0,0,0,0,0,0,0,0,0,0,0,0,0,463.505,0,-223.217,-4.0567
"MtrElec",8,13,21,"",432.724,0,0,0,0,0,0,0,0,0,0,0,0,0,0,0,0,0,0,0,0,450.812,0,-18.0878,0
"MtrElec",8,13,22,"",294.936,0,0,0,0,0,0,0,0,0,0,0,0,0,0,0,0,0,0,0,0,294.936,0,0,0
"MtrElec",8,13,23,"",231.718,0,0,0,0,0,0,0,0,0,0,0,0,0,0,0,0,0,0,0,0,231.718,0,0,0
"MtrElec",8,13,24,"",249.687,0,0,0,0,0,0,0,0,0,0,0,0,0,0,0,0,0,0,0,0,249.687,0,0,0
"MtrElec",8,14,1,"",166.288,0,0,0,0,0,0,0,0,0,0,0,0,0,0,0,0,0,0,0,0,166.288,0,0,0
"MtrElec",8,14,2,"",151.112,0,0,0,0,0,0,0,0,0,0,0,0,0,0,0,0,0,0,0,0,151.112,0,0,0
"MtrElec",8,14,3,"",145.493,0,0,0,0,0,0,0,0,0,0,0,0,0,0,0,0,0,0,0,0,145.493,0,0,0
"MtrElec",8,14,4,"",145.129,0,0,0,0,0,0,0,0,0,0,0,0,0,0,0,0,0,0,0,0,145.129,0,0,0
"MtrElec",8,14,5,"",143.961,0,0,0,0,0,0,0,0,0,0,0,0,0,0,0,0,0,0,0,0,143.961,0,0,0
"MtrElec",8,14,6,"",165.49,0,0,0,0,0,0,0,0,0,0,0,0,0,0,0,0,0,0,0,0,165.49,0,0,0
"MtrElec",8,14,7,"",242.201,0,0,0,0,0,0,0,0,0,0,0,0,0,0,0,0,0,0,0,0,242.201,0,0,0
"MtrElec",8,14,8,"",294.355,0,0,0,0,0,0,0,0,0,0,0,0,0,0,0,0,0,0,0,0,308.678,0,0,-14.3225
"MtrElec",8,14,9,"",310.707,0,0,0,0,0,0,0,0,0,0,0,0,0,0,0,0,0,0,0,0,350.529,0,0,-39.8227
"MtrElec",8,14,10,"",323.374,0,0,0,0,0,0,0,0,0,0,0,0,0,0,0,0,0,0,0,0,415.65,0,0,-92.2763
"MtrElec",8,14,11,"",249.787,0,0,0,0,0,0,0,0,0,0,0,0,0,0,0,0,0,0,0,0,389.697,0,0,-139.91
"MtrElec",8,14,12,"",210.659,0,0,0,0,0,0,0,0,0,0,0,0,0,0,0,0,0,0,0,0,442.797,0,0,-232.138
"MtrElec",8,14,13,"",113.657,0,0,0,0,0,0,0,0,0,0,0,0,0,0,0,0,0,0,0,0,494.064,0,0,-380.407
"MtrElec",8,14,14,"",0.0000156,0,0,0,0,0,0,0,0,0,0,0,0,0,0,0,0,0,0,0,0,423.061,0,199.174,-622.235
"MtrElec",8,14,15,"",0,0,0,0,0,0,0,0,0,0,0,0,0,0,0,0,0,0,0,0,0,432.929,0,205.895,-638.823
"MtrElec",8,14,16,"",0.0000078,0,0,0,0,0,0,0,0,0,0,0,0,0,0,0,0,0,0,0,0,446.847,0,102.284,-549.131
"MtrElec",8,14,17,"",55.7442,0,0,0,0,0,0,0,0,0,0,0,0,0,0,0,0,0,0,0,0,472.186,0,0,-416.441
"MtrElec",8,14,18,"",262.542,0,0,0,0,0,0,0,0,0,0,0,0,0,0,0,0,0,0,0,0,507.344,0,0,-244.802
"MtrElec",8,14,19,"",179.581,0,0,0,0,0,0,0,0,0,0,0,0,0,0,0,0,0,0,0,0,475.529,0,-223.217,-72.7317
"MtrElec",8,14,20,"",210.456,0,0,0,0,0,0,0,0,0,0,0,0,0,0,0,0,0,0,0,0,437.122,0,-223.217,-3.44923
"MtrElec",8,14,21,"",428.871,0,0,0,0,0,0,0,0,0,0,0,0,0,0,0,0,0,0,0,0,440.323,0,-11.4521,0
"MtrElec",8,14,22,"",307.599,0,0,0,0,0,0,0,0,0,0,0,0,0,0,0,0,0,0,0,0,307.599,0,0,0
"MtrElec",8,14,23,"",308.494,0,0,0,0,0,0,0,0,0,0,0,0,0,0,0,0,0,0,0,0,308.494,0,0,0
"MtrElec",8,14,24,"",216.433,0,0,0,0,0,0,0,0,0,0,0,0,0,0,0,0,0,0,0,0,216.433,0,0,0
"MtrElec",8,15,1,"",168.891,0,0,0,0,0,0,0,0,0,0,0,0,0,0,0,0,0,0,0,0,168.891,0,0,0
"MtrElec",8,15,2,"",147.979,0,0,0,0,0,0,0,0,0,0,0,0,0,0,0,0,0,0,0,0,147.979,0,0,0
"MtrElec",8,15,3,"",145.573,0,0,0,0,0,0,0,0,0,0,0,0,0,0,0,0,0,0,0,0,145.573,0,0,0
"MtrElec",8,15,4,"",176.176,0,0,0,0,0,0,0,0,0,0,0,0,0,0,0,0,0,0,0,0,176.176,0,0,0
"MtrElec",8,15,5,"",149.071,0,0,0,0,0,0,0,0,0,0,0,0,0,0,0,0,0,0,0,0,149.071,0,0,0
"MtrElec",8,15,6,"",146.854,0,0,0,0,0,0,0,0,0,0,0,0,0,0,0,0,0,0,0,0,146.854,0,0,0
"MtrElec",8,15,7,"",183.245,0,0,0,0,0,0,0,0,0,0,0,0,0,0,0,0,0,0,0,0,183.245,0,0,0
"MtrElec",8,15,8,"",248.046,0,0,0,0,0,0,0,0,0,0,0,0,0,0,0,0,0,0,0,0,268.189,0,0,-20.1434
"MtrElec",8,15,9,"",252.723,0,0,0,0,0,0,0,0,0,0,0,0,0,0,0,0,0,0,0,0,303.409,0,0,-50.6855
"MtrElec",8,15,10,"",314.687,0,0,0,0,0,0,0,0,0,0,0,0,0,0,0,0,0,0,0,0,409.952,0,0,-95.265
"MtrElec",8,15,11,"",241.03,0,0,0,0,0,0,0,0,0,0,0,0,0,0,0,0,0,0,0,0,380.921,0,0,-139.891
"MtrElec",8,15,12,"",259.777,0,0,0,0,0,0,0,0,0,0,0,0,0,0,0,0,0,0,0,0,497.084,0,0,-237.307
"MtrElec",8,15,13,"",47.1862,0,0,0,0,0,0,0,0,0,0,0,0,0,0,0,0,0,0,0,0,503.98,0,0,-456.794
"MtrElec",8,15,14,"",0,0,0,0,0,0,0,0,0,0,0,0,0,0,0,0,0,0,0,0,0,482.292,0,202.699,-684.992
"MtrElec",8,15,15,"",0.0000078,0,0,0,0,0,0,0,0,0,0,0,0,0,0,0,0,0,0,0,0,496.982,0,98.1147,-595.096
"MtrElec",8,15,16,"",0,0,0,0,0,0,0,0,0,0,0,0,0,0,0,0,0,0,0,0,0,499.745,0,3.08113,-502.827
"MtrElec",8,15,17,"",68.4168,0,0,0,0,0,0,0,0,0,0,0,0,0,0,0,0,0,0,0,0,484.21,0,0,-415.793
"MtrElec",8,15,18,"",276.272,0,0,0,0,0,0,0,0,0,0,0,0,0,0,0,0,0,0,0,0,507.6,0,0,-231.328
"MtrElec",8,15,19,"",240.498,0,0,0,0,0,0,0,0,0,0,0,0,0,0,0,0,0,0,0,0,514.998,0,-223.217,-51.2831
"MtrElec",8,15,20,"",365.74,0,0,0,0,0,0,0,0,0,0,0,0,0,0,0,0,0,0,0,0,418.554,0,-51.0484,-1.76516
"MtrElec",8,15,21,"",424.801,0,0,0,0,0,0,0,0,0,0,0,0,0,0,0,0,0,0,0,0,424.801,0,0,0
"MtrElec",8,15,22,"",382.385,0,0,0,0,0,0,0,0,0,0,0,0,0,0,0,0,0,0,0,0,382.385,0,0,0
"MtrElec",8,15,23,"",221.995,0,0,0,0,0,0,0,0,0,0,0,0,0,0,0,0,0,0,0,0,221.995,0,0,0
"MtrElec",8,15,24,"",249.725,0,0,0,0,0,0,0,0,0,0,0,0,0,0,0,0,0,0,0,0,249.725,0,0,0
"MtrElec",8,16,1,"",162.958,0,0,0,0,0,0,0,0,0,0,0,0,0,0,0,0,0,0,0,0,162.958,0,0,0
"MtrElec",8,16,2,"",145.791,0,0,0,0,0,0,0,0,0,0,0,0,0,0,0,0,0,0,0,0,145.791,0,0,0
"MtrElec",8,16,3,"",147.068,0,0,0,0,0,0,0,0,0,0,0,0,0,0,0,0,0,0,0,0,147.068,0,0,0
"MtrElec",8,16,4,"",148.939,0,0,0,0,0,0,0,0,0,0,0,0,0,0,0,0,0,0,0,0,148.939,0,0,0
"MtrElec",8,16,5,"",196.415,0,0,0,0,0,0,0,0,0,0,0,0,0,0,0,0,0,0,0,0,196.415,0,0,0
"MtrElec",8,16,6,"",146.73,0,0,0,0,0,0,0,0,0,0,0,0,0,0,0,0,0,0,0,0,146.73,0,0,0
"MtrElec",8,16,7,"",153.956,0,0,0,0,0,0,0,0,0,0,0,0,0,0,0,0,0,0,0,0,155.09,0,0,-1.13387
"MtrElec",8,16,8,"",185.44,0,0,0,0,0,0,0,0,0,0,0,0,0,0,0,0,0,0,0,0,222.691,0,0,-37.2508
"MtrElec",8,16,9,"",199.162,0,0,0,0,0,0,0,0,0,0,0,0,0,0,0,0,0,0,0,0,280.598,0,0,-81.436
"MtrElec",8,16,10,"",154.892,0,0,0,0,0,0,0,0,0,0,0,0,0,0,0,0,0,0,0,0,281.482,0,0,-126.59
"MtrElec",8,16,11,"",157.525,0,0,0,0,0,0,0,0,0,0,0,0,0,0,0,0,0,0,0,0,344.913,0,0,-187.388
"MtrElec",8,16,12,"",85.5775,0,0,0,0,0,0,0,0,0,0,0,0,0,0,0,0,0,0,0,0,395.317,0,0,-309.739
"MtrElec",8,16,13,"",0,0,0,0,0,0,0,0,0,0,0,0,0,0,0,0,0,0,0,0,0,448.26,0,191.86,-640.12
"MtrElec",8,16,14,"",-110.844,0,0,0,0,0,0,0,0,0,0,0,0,0,0,0,0,0,0,0,0,360.438,0,223.217,-694.499
"MtrElec",8,16,15,"",-12.514,0,0,0,0,0,0,0,0,0,0,0,0,0,0,0,0,0,0,0,0,415.964,0,223.217,-651.695
"MtrElec",8,16,16,"",0,0,0,0,0,0,0,0,0,0,0,0,0,0,0,0,0,0,0,0,0,408.17,0,152.553,-560.723
"MtrElec",8,16,17,"",3.48309,0,0,0,0,0,0,0,0,0,0,0,0,0,0,0,0,0,0,0,0,430.448,0,0,-426.965
"MtrElec",8,16,18,"",182.145,0,0,0,0,0,0,0,0,0,0,0,0,0,0,0,0,0,0,0,0,434.079,0,0,-251.934
"MtrElec",8,16,19,"",201.817,0,0,0,0,0,0,0,0,0,0,0,0,0,0,0,0,0,0,0,0,496.204,0,-223.217,-71.1702
"MtrElec",8,16,20,"",112.873,0,0,0,0,0,0,0,0,0,0,0,0,0,0,0,0,0,0,0,0,336.09,0,-223.217,0
"MtrElec",8,16,21,"",51.4754,0,0,0,0,0,0,0,0,0,0,0,0,0,0,0,0,0,0,0,0,274.692,0,-223.217,0
"MtrElec",8,16,22,"",234.449,0,0,0,0,0,0,0,0,0,0,0,0,0,0,0,0,0,0,0,0,278.538,0,-44.0886,0
"MtrElec",8,16,23,"",199.466,0,0,0,0,0,0,0,0,0,0,0,0,0,0,0,0,0,0,0,0,199.466,0,0,0
"MtrElec",8,16,24,"",227.4,0,0,0,0,0,0,0,0,0,0,0,0,0,0,0,0,0,0,0,0,227.4,0,0,0
"MtrElec",8,17,1,"",160.197,0,0,0,0,0,0,0,0,0,0,0,0,0,0,0,0,0,0,0,0,160.197,0,0,0
"MtrElec",8,17,2,"",149.023,0,0,0,0,0,0,0,0,0,0,0,0,0,0,0,0,0,0,0,0,149.023,0,0,0
"MtrElec",8,17,3,"",142.885,0,0,0,0,0,0,0,0,0,0,0,0,0,0,0,0,0,0,0,0,142.885,0,0,0
"MtrElec",8,17,4,"",150.937,0,0,0,0,0,0,0,0,0,0,0,0,0,0,0,0,0,0,0,0,150.937,0,0,0
"MtrElec",8,17,5,"",141.787,0,0,0,0,0,0,0,0,0,0,0,0,0,0,0,0,0,0,0,0,141.787,0,0,0
"MtrElec",8,17,6,"",180.066,0,0,0,0,0,0,0,0,0,0,0,0,0,0,0,0,0,0,0,0,180.066,0,0,0
"MtrElec",8,17,7,"",207.13,0,0,0,0,0,0,0,0,0,0,0,0,0,0,0,0,0,0,0,0,210.54,0,0,-3.40996
"MtrElec",8,17,8,"",253.889,0,0,0,0,0,0,0,0,0,0,0,0,0,0,0,0,0,0,0,0,300.256,0,0,-46.3669
"MtrElec",8,17,9,"",242.203,0,0,0,0,0,0,0,0,0,0,0,0,0,0,0,0,0,0,0,0,363.342,0,0,-121.139
"MtrElec",8,17,10,"",107.235,0,0,0,0,0,0,0,0,0,0,0,0,0,0,0,0,0,0,0,0,380.218,0,0,-272.983
"MtrElec",8,17,11,"",0.0000078,0,0,0,0,0,0,0,0,0,0,0,0,0,0,0,0,0,0,0,0,448.253,0,92.6666,-540.919
"MtrElec",8,17,12,"",0,0,0,0,0,0,0,0,0,0,0,0,0,0,0,0,0,0,0,0,0,488.704,0,176.936,-665.64
"MtrElec",8,17,13,"",-5.63137,0,0,0,0,0,0,0,0,0,0,0,0,0,0,0,0,0,0,0,0,478.106,0,223.217,-706.954
"MtrElec",8,17,14,"",-69.5727,0,0,0,0,0,0,0,0,0,0,0,0,0,0,0,0,0,0,0,0,412.183,0,223.217,-704.973
"MtrElec",8,17,15,"",-182.022,0,0,0,0,0,0,0,0,0,0,0,0,0,0,0,0,0,0,0,0,392.567,0,82.8451,-657.433
"MtrElec",8,17,16,"",-108.843,0,0,0,0,0,0,0,0,0,0,0,0,0,0,0,0,0,0,0,0,456.026,0,0,-564.868
"MtrElec",8,17,17,"",49.1303,0,0,0,0,0,0,0,0,0,0,0,0,0,0,0,0,0,0,0,0,476.785,0,0,-427.655
"MtrElec",8,17,18,"",270.578,0,0,0,0,0,0,0,0,0,0,0,0,0,0,0,0,0,0,0,0,521.829,0,0,-251.251
"MtrElec",8,17,19,"",228.274,0,0,0,0,0,0,0,0,0,0,0,0,0,0,0,0,0,0,0,0,521.556,0,-223.217,-70.0647
"MtrElec",8,17,20,"",217.294,0,0,0,0,0,0,0,0,0,0,0,0,0,0,0,0,0,0,0,0,440.511,0,-223.217,0
"MtrElec",8,17,21,"",203.161,0,0,0,0,0,0,0,0,0,0,0,0,0,0,0,0,0,0,0,0,426.378,0,-223.217,0
"MtrElec",8,17,22,"",269.834,0,0,0,0,0,0,0,0,0,0,0,0,0,0,0,0,0,0,0,0,321.174,0,-51.3398,0
"MtrElec",8,17,23,"",248.108,0,0,0,0,0,0,0,0,0,0,0,0,0,0,0,0,0,0,0,0,248.108,0,0,0
"MtrElec",8,17,24,"",213.356,0,0,0,0,0,0,0,0,0,0,0,0,0,0,0,0,0,0,0,0,213.356,0,0,0
"MtrElec",8,18,1,"",161.331,0,0,0,0,0,0,0,0,0,0,0,0,0,0,0,0,0,0,0,0,161.331,0,0,0
"MtrElec",8,18,2,"",147.086,0,0,0,0,0,0,0,0,0,0,0,0,0,0,0,0,0,0,0,0,147.086,0,0,0
"MtrElec",8,18,3,"",145.98,0,0,0,0,0,0,0,0,0,0,0,0,0,0,0,0,0,0,0,0,145.98,0,0,0
"MtrElec",8,18,4,"",157.625,0,0,0,0,0,0,0,0,0,0,0,0,0,0,0,0,0,0,0,0,157.625,0,0,0
"MtrElec",8,18,5,"",181.355,0,0,0,0,0,0,0,0,0,0,0,0,0,0,0,0,0,0,0,0,181.355,0,0,0
"MtrElec",8,18,6,"",150.282,0,0,0,0,0,0,0,0,0,0,0,0,0,0,0,0,0,0,0,0,150.282,0,0,0
"MtrElec",8,18,7,"",221.075,0,0,0,0,0,0,0,0,0,0,0,0,0,0,0,0,0,0,0,0,224.433,0,0,-3.35793
"MtrElec",8,18,8,"",263.889,0,0,0,0,0,0,0,0,0,0,0,0,0,0,0,0,0,0,0,0,312.504,0,0,-48.6148
"MtrElec",8,18,9,"",205.915,0,0,0,0,0,0,0,0,0,0,0,0,0,0,0,0,0,0,0,0,319.733,0,0,-113.818
"MtrElec",8,18,10,"",176.469,0,0,0,0,0,0,0,0,0,0,0,0,0,0,0,0,0,0,0,0,416.107,0,0,-239.638
"MtrElec",8,18,11,"",0.0000078,0,0,0,0,0,0,0,0,0,0,0,0,0,0,0,0,0,0,0,0,441.033,0,81.9649,-522.998
"MtrElec",8,18,12,"",-28.7109,0,0,0,0,0,0,0,0,0,0,0,0,0,0,0,0,0,0,0,0,415.435,0,223.217,-667.363
"MtrElec",8,18,13,"",-29.3019,0,0,0,0,0,0,0,0,0,0,0,0,0,0,0,0,0,0,0,0,457.599,0,223.217,-710.117
"MtrElec",8,18,14,"",-46.772,0,0,0,0,0,0,0,0,0,0,0,0,0,0,0,0,0,0,0,0,442.196,0,223.217,-712.185
"MtrElec",8,18,15,"",-179.82,0,0,0,0,0,0,0,0,0,0,0,0,0,0,0,0,0,0,0,0,436.297,0,47.266,-663.383
"MtrElec",8,18,16,"",-84.4271,0,0,0,0,0,0,0,0,0,0,0,0,0,0,0,0,0,0,0,0,480.474,0,0,-564.901
"MtrElec",8,18,17,"",114.988,0,0,0,0,0,0,0,0,0,0,0,0,0,0,0,0,0,0,0,0,541.176,0,0,-426.188
"MtrElec",8,18,18,"",216.828,0,0,0,0,0,0,0,0,0,0,0,0,0,0,0,0,0,0,0,0,465.986,0,0,-249.157
"MtrElec",8,18,19,"",190.405,0,0,0,0,0,0,0,0,0,0,0,0,0,0,0,0,0,0,0,0,481.115,0,-223.217,-67.4929
"MtrElec",8,18,20,"",231.304,0,0,0,0,0,0,0,0,0,0,0,0,0,0,0,0,0,0,0,0,454.521,0,-223.217,0
"MtrElec",8,18,21,"",223.214,0,0,0,0,0,0,0,0,0,0,0,0,0,0,0,0,0,0,0,0,446.431,0,-223.217,0
"MtrElec",8,18,22,"",220.507,0,0,0,0,0,0,0,0,0,0,0,0,0,0,0,0,0,0,0,0,271.847,0,-51.3398,0
"MtrElec",8,18,23,"",267.596,0,0,0,0,0,0,0,0,0,0,0,0,0,0,0,0,0,0,0,0,267.596,0,0,0
"MtrElec",8,18,24,"",259.199,0,0,0,0,0,0,0,0,0,0,0,0,0,0,0,0,0,0,0,0,259.199,0,0,0
"MtrElec",8,19,1,"",146.032,0,0,0,0,0,0,0,0,0,0,0,0,0,0,0,0,0,0,0,0,146.032,0,0,0
"MtrElec",8,19,2,"",146.917,0,0,0,0,0,0,0,0,0,0,0,0,0,0,0,0,0,0,0,0,146.917,0,0,0
"MtrElec",8,19,3,"",143.429,0,0,0,0,0,0,0,0,0,0,0,0,0,0,0,0,0,0,0,0,143.429,0,0,0
"MtrElec",8,19,4,"",146.22,0,0,0,0,0,0,0,0,0,0,0,0,0,0,0,0,0,0,0,0,146.22,0,0,0
"MtrElec",8,19,5,"",141.3,0,0,0,0,0,0,0,0,0,0,0,0,0,0,0,0,0,0,0,0,141.3,0,0,0
"MtrElec",8,19,6,"",163.791,0,0,0,0,0,0,0,0,0,0,0,0,0,0,0,0,0,0,0,0,163.791,0,0,0
"MtrElec",8,19,7,"",209.361,0,0,0,0,0,0,0,0,0,0,0,0,0,0,0,0,0,0,0,0,214.891,0,0,-5.53082
"MtrElec",8,19,8,"",195.943,0,0,0,0,0,0,0,0,0,0,0,0,0,0,0,0,0,0,0,0,293.475,0,0,-97.5323
"MtrElec",8,19,9,"",83.802,0,0,0,0,0,0,0,0,0,0,0,0,0,0,0,0,0,0,0,0,365.194,0,0,-281.392
"MtrElec",8,19,10,"",-39.1814,0,0,0,0,0,0,0,0,0,0,0,0,0,0,0,0,0,0,0,0,412.521,0,0,-451.702
"MtrElec",8,19,11,"",0.0000078,0,0,0,0,0,0,0,0,0,0,0,0,0,0,0,0,0,0,0,0,487.745,0,83.2516,-570.997
"MtrElec",8,19,12,"",0,0,0,0,0,0,0,0,0,0,0,0,0,0,0,0,0,0,0,0,0,482.06,0,181.895,-663.955
"MtrElec",8,19,13,"",-57.5144,0,0,0,0,0,0,0,0,0,0,0,0,0,0,0,0,0,0,0,0,434.567,0,223.217,-715.298
"MtrElec",8,19,14,"",-36.5018,0,0,0,0,0,0,0,0,0,0,0,0,0,0,0,0,0,0,0,0,449.082,0,223.217,-708.801
"MtrElec",8,19,15,"",-130.593,0,0,0,0,0,0,0,0,0,0,0,0,0,0,0,0,0,0,0,0,442.565,0,87.3012,-660.459
"MtrElec",8,19,16,"",-85.6542,0,0,0,0,0,0,0,0,0,0,0,0,0,0,0,0,0,0,0,0,481.651,0,0,-567.305
"MtrElec",8,19,17,"",105.717,0,0,0,0,0,0,0,0,0,0,0,0,0,0,0,0,0,0,0,0,533.219,0,0,-427.502
"MtrElec",8,19,18,"",271.445,0,0,0,0,0,0,0,0,0,0,0,0,0,0,0,0,0,0,0,0,521.221,0,0,-249.776
"MtrElec",8,19,19,"",205.708,0,0,0,0,0,0,0,0,0,0,0,0,0,0,0,0,0,0,0,0,496.33,0,-223.217,-67.4052
"MtrElec",8,19,20,"",200.305,0,0,0,0,0,0,0,0,0,0,0,0,0,0,0,0,0,0,0,0,423.522,0,-223.217,0
"MtrElec",8,19,21,"",212.397,0,0,0,0,0,0,0,0,0,0,0,0,0,0,0,0,0,0,0,0,435.614,0,-223.217,0
"MtrElec",8,19,22,"",240.2,0,0,0,0,0,0,0,0,0,0,0,0,0,0,0,0,0,0,0,0,291.54,0,-51.3398,0
"MtrElec",8,19,23,"",236.183,0,0,0,0,0,0,0,0,0,0,0,0,0,0,0,0,0,0,0,0,236.183,0,0,0
"MtrElec",8,19,24,"",225.957,0,0,0,0,0,0,0,0,0,0,0,0,0,0,0,0,0,0,0,0,225.957,0,0,0
"MtrElec",8,20,1,"",158.371,0,0,0,0,0,0,0,0,0,0,0,0,0,0,0,0,0,0,0,0,158.371,0,0,0
"MtrElec",8,20,2,"",148.47,0,0,0,0,0,0,0,0,0,0,0,0,0,0,0,0,0,0,0,0,148.47,0,0,0
"MtrElec",8,20,3,"",146.654,0,0,0,0,0,0,0,0,0,0,0,0,0,0,0,0,0,0,0,0,146.654,0,0,0
"MtrElec",8,20,4,"",142.898,0,0,0,0,0,0,0,0,0,0,0,0,0,0,0,0,0,0,0,0,142.898,0,0,0
"MtrElec",8,20,5,"",140.28,0,0,0,0,0,0,0,0,0,0,0,0,0,0,0,0,0,0,0,0,140.28,0,0,0
"MtrElec",8,20,6,"",163.916,0,0,0,0,0,0,0,0,0,0,0,0,0,0,0,0,0,0,0,0,163.916,0,0,0
"MtrElec",8,20,7,"",252.696,0,0,0,0,0,0,0,0,0,0,0,0,0,0,0,0,0,0,0,0,256.365,0,0,-3.66912
"MtrElec",8,20,8,"",229.372,0,0,0,0,0,0,0,0,0,0,0,0,0,0,0,0,0,0,0,0,281.301,0,0,-51.9294
"MtrElec",8,20,9,"",239.181,0,0,0,0,0,0,0,0,0,0,0,0,0,0,0,0,0,0,0,0,375.284,0,0,-136.103
"MtrElec",8,20,10,"",-39.3481,0,0,0,0,0,0,0,0,0,0,0,0,0,0,0,0,0,0,0,0,373.319,0,0,-412.667
"MtrElec",8,20,11,"",0.0000156,0,0,0,0,0,0,0,0,0,0,0,0,0,0,0,0,0,0,0,0,443.79,0,136.653,-580.443
"MtrElec",8,20,12,"",0,0,0,0,0,0,0,0,0,0,0,0,0,0,0,0,0,0,0,0,0,489.564,0,182.152,-671.715
"MtrElec",8,20,13,"",-1.24819,0,0,0,0,0,0,0,0,0,0,0,0,0,0,0,0,0,0,0,0,490.539,0,223.217,-715.005
"MtrElec",8,20,14,"",-63.3215,0,0,0,0,0,0,0,0,0,0,0,0,0,0,0,0,0,0,0,0,427.135,0,223.217,-713.673
"MtrElec",8,20,15,"",-197.058,0,0,0,0,0,0,0,0,0,0,0,0,0,0,0,0,0,0,0,0,437.058,0,33.6431,-667.758
"MtrElec",8,20,16,"",-91.3808,0,0,0,0,0,0,0,0,0,0,0,0,0,0,0,0,0,0,0,0,479.761,0,0,-571.141
"MtrElec",8,20,17,"",69.0141,0,0,0,0,0,0,0,0,0,0,0,0,0,0,0,0,0,0,0,0,499.179,0,0,-430.165
"MtrElec",8,20,18,"",262.743,0,0,0,0,0,0,0,0,0,0,0,0,0,0,0,0,0,0,0,0,513.281,0,0,-250.538
"MtrElec",8,20,19,"",234.388,0,0,0,0,0,0,0,0,0,0,0,0,0,0,0,0,0,0,0,0,524.313,0,-223.217,-66.7084
"MtrElec",8,20,20,"",246.492,0,0,0,0,0,0,0,0,0,0,0,0,0,0,0,0,0,0,0,0,469.708,0,-223.217,0
"MtrElec",8,20,21,"",211.527,0,0,0,0,0,0,0,0,0,0,0,0,0,0,0,0,0,0,0,0,434.744,0,-223.217,0
"MtrElec",8,20,22,"",245.18,0,0,0,0,0,0,0,0,0,0,0,0,0,0,0,0,0,0,0,0,296.52,0,-51.3398,0
"MtrElec",8,20,23,"",259.507,0,0,0,0,0,0,0,0,0,0,0,0,0,0,0,0,0,0,0,0,259.507,0,0,0
"MtrElec",8,20,24,"",203.065,0,0,0,0,0,0,0,0,0,0,0,0,0,0,0,0,0,0,0,0,203.065,0,0,0
"MtrElec",8,21,1,"",161.145,0,0,0,0,0,0,0,0,0,0,0,0,0,0,0,0,0,0,0,0,161.145,0,0,0
"MtrElec",8,21,2,"",146.951,0,0,0,0,0,0,0,0,0,0,0,0,0,0,0,0,0,0,0,0,146.951,0,0,0
"MtrElec",8,21,3,"",143.165,0,0,0,0,0,0,0,0,0,0,0,0,0,0,0,0,0,0,0,0,143.165,0,0,0
"MtrElec",8,21,4,"",143.257,0,0,0,0,0,0,0,0,0,0,0,0,0,0,0,0,0,0,0,0,143.257,0,0,0
"MtrElec",8,21,5,"",141.031,0,0,0,0,0,0,0,0,0,0,0,0,0,0,0,0,0,0,0,0,141.031,0,0,0
"MtrElec",8,21,6,"",165.422,0,0,0,0,0,0,0,0,0,0,0,0,0,0,0,0,0,0,0,0,165.422,0,0,0
"MtrElec",8,21,7,"",206.708,0,0,0,0,0,0,0,0,0,0,0,0,0,0,0,0,0,0,0,0,209.648,0,0,-2.9399
"MtrElec",8,21,8,"",248.742,0,0,0,0,0,0,0,0,0,0,0,0,0,0,0,0,0,0,0,0,297.749,0,0,-49.0075
"MtrElec",8,21,9,"",253.528,0,0,0,0,0,0,0,0,0,0,0,0,0,0,0,0,0,0,0,0,367.617,0,0,-114.089
"MtrElec",8,21,10,"",189.355,0,0,0,0,0,0,0,0,0,0,0,0,0,0,0,0,0,0,0,0,423.286,0,0,-233.932
"MtrElec",8,21,11,"",0,0,0,0,0,0,0,0,0,0,0,0,0,0,0,0,0,0,0,0,0,435.73,0,120.235,-555.965
"MtrElec",8,21,12,"",-2.53359,0,0,0,0,0,0,0,0,0,0,0,0,0,0,0,0,0,0,0,0,440.299,0,223.217,-666.05
"MtrElec",8,21,13,"",-6.73022,0,0,0,0,0,0,0,0,0,0,0,0,0,0,0,0,0,0,0,0,465.262,0,223.217,-695.209
"MtrElec",8,21,14,"",-60.5222,0,0,0,0,0,0,0,0,0,0,0,0,0,0,0,0,0,0,0,0,418.748,0,223.217,-702.487
"MtrElec",8,21,15,"",-191.359,0,0,0,0,0,0,0,0,0,0,0,0,0,0,0,0,0,0,0,0,455.227,0,8.99619,-655.582
"MtrElec",8,21,16,"",-100.858,0,0,0,0,0,0,0,0,0,0,0,0,0,0,0,0,0,0,0,0,459.513,0,0,-560.371
"MtrElec",8,21,17,"",116.562,0,0,0,0,0,0,0,0,0,0,0,0,0,0,0,0,0,0,0,0,540.531,0,0,-423.968
"MtrElec",8,21,18,"",335.697,0,0,0,0,0,0,0,0,0,0,0,0,0,0,0,0,0,0,0,0,585.834,0,0,-250.137
"MtrElec",8,21,19,"",250.443,0,0,0,0,0,0,0,0,0,0,0,0,0,0,0,0,0,0,0,0,538.866,0,-223.217,-65.2059
"MtrElec",8,21,20,"",245.215,0,0,0,0,0,0,0,0,0,0,0,0,0,0,0,0,0,0,0,0,468.432,0,-223.217,0
"MtrElec",8,21,21,"",207.75,0,0,0,0,0,0,0,0,0,0,0,0,0,0,0,0,0,0,0,0,430.967,0,-223.217,0
"MtrElec",8,21,22,"",266.399,0,0,0,0,0,0,0,0,0,0,0,0,0,0,0,0,0,0,0,0,317.739,0,-51.3398,0
"MtrElec",8,21,23,"",220.595,0,0,0,0,0,0,0,0,0,0,0,0,0,0,0,0,0,0,0,0,220.595,0,0,0
"MtrElec",8,21,24,"",233.568,0,0,0,0,0,0,0,0,0,0,0,0,0,0,0,0,0,0,0,0,233.568,0,0,0
"MtrElec",8,22,1,"",179.834,0,0,0,0,0,0,0,0,0,0,0,0,0,0,0,0,0,0,0,0,179.834,0,0,0
"MtrElec",8,22,2,"",146.501,0,0,0,0,0,0,0,0,0,0,0,0,0,0,0,0,0,0,0,0,146.501,0,0,0
"MtrElec",8,22,3,"",144.357,0,0,0,0,0,0,0,0,0,0,0,0,0,0,0,0,0,0,0,0,144.357,0,0,0
"MtrElec",8,22,4,"",145.714,0,0,0,0,0,0,0,0,0,0,0,0,0,0,0,0,0,0,0,0,145.714,0,0,0
"MtrElec",8,22,5,"",157.03,0,0,0,0,0,0,0,0,0,0,0,0,0,0,0,0,0,0,0,0,157.03,0,0,0
"MtrElec",8,22,6,"",177.881,0,0,0,0,0,0,0,0,0,0,0,0,0,0,0,0,0,0,0,0,177.881,0,0,0
"MtrElec",8,22,7,"",167.521,0,0,0,0,0,0,0,0,0,0,0,0,0,0,0,0,0,0,0,0,176.674,0,0,-9.15314
"MtrElec",8,22,8,"",176.858,0,0,0,0,0,0,0,0,0,0,0,0,0,0,0,0,0,0,0,0,272.705,0,0,-95.8472
"MtrElec",8,22,9,"",102.571,0,0,0,0,0,0,0,0,0,0,0,0,0,0,0,0,0,0,0,0,339.928,0,0,-237.357
"MtrElec",8,22,10,"",-37.5734,0,0,0,0,0,0,0,0,0,0,0,0,0,0,0,0,0,0,0,0,421.57,0,0,-459.143
"MtrElec",8,22,11,"",0.0000078,0,0,0,0,0,0,0,0,0,0,0,0,0,0,0,0,0,0,0,0,498.677,0,79.2184,-577.896
"MtrElec",8,22,12,"",0.0000156,0,0,0,0,0,0,0,0,0,0,0,0,0,0,0,0,0,0,0,0,524.698,0,141.475,-666.173
"MtrElec",8,22,13,"",0,0,0,0,0,0,0,0,0,0,0,0,0,0,0,0,0,0,0,0,0,563.068,0,147.661,-710.729
"MtrElec",8,22,14,"",0,0,0,0,0,0,0,0,0,0,0,0,0,0,0,0,0,0,0,0,0,500.558,0,208.651,-709.209
"MtrElec",8,22,15,"",0,0,0,0,0,0,0,0,0,0,0,0,0,0,0,0,0,0,0,0,0,477.126,0,186.415,-663.541
"MtrElec",8,22,16,"",-26.6014,0,0,0,0,0,0,0,0,0,0,0,0,0,0,0,0,0,0,0,0,504.55,0,35.461,-566.612
"MtrElec",8,22,17,"",103.64,0,0,0,0,0,0,0,0,0,0,0,0,0,0,0,0,0,0,0,0,526.435,0,0,-422.796
"MtrElec",8,22,18,"",307.778,0,0,0,0,0,0,0,0,0,0,0,0,0,0,0,0,0,0,0,0,553.139,0,0,-245.36
"MtrElec",8,22,19,"",307.357,0,0,0,0,0,0,0,0,0,0,0,0,0,0,0,0,0,0,0,0,593.241,0,-223.217,-62.6674
"MtrElec",8,22,20,"",209.715,0,0,0,0,0,0,0,0,0,0,0,0,0,0,0,0,0,0,0,0,432.932,0,-223.217,0
"MtrElec",8,22,21,"",136.651,0,0,0,0,0,0,0,0,0,0,0,0,0,0,0,0,0,0,0,0,359.868,0,-223.217,0
"MtrElec",8,22,22,"",295.787,0,0,0,0,0,0,0,0,0,0,0,0,0,0,0,0,0,0,0,0,347.127,0,-51.3398,0
"MtrElec",8,22,23,"",202.978,0,0,0,0,0,0,0,0,0,0,0,0,0,0,0,0,0,0,0,0,202.978,0,0,0
"MtrElec",8,22,24,"",250.577,0,0,0,0,0,0,0,0,0,0,0,0,0,0,0,0,0,0,0,0,250.577,0,0,0
"MtrElec",8,23,1,"",166.39,0,0,0,0,0,0,0,0,0,0,0,0,0,0,0,0,0,0,0,0,166.39,0,0,0
"MtrElec",8,23,2,"",148.59,0,0,0,0,0,0,0,0,0,0,0,0,0,0,0,0,0,0,0,0,148.59,0,0,0
"MtrElec",8,23,3,"",149.663,0,0,0,0,0,0,0,0,0,0,0,0,0,0,0,0,0,0,0,0,149.663,0,0,0
"MtrElec",8,23,4,"",152.577,0,0,0,0,0,0,0,0,0,0,0,0,0,0,0,0,0,0,0,0,152.577,0,0,0
"MtrElec",8,23,5,"",179.423,0,0,0,0,0,0,0,0,0,0,0,0,0,0,0,0,0,0,0,0,179.423,0,0,0
"MtrElec",8,23,6,"",177.436,0,0,0,0,0,0,0,0,0,0,0,0,0,0,0,0,0,0,0,0,177.436,0,0,0
"MtrElec",8,23,7,"",153.067,0,0,0,0,0,0,0,0,0,0,0,0,0,0,0,0,0,0,0,0,155.941,0,0,-2.87333
"MtrElec",8,23,8,"",195.503,0,0,0,0,0,0,0,0,0,0,0,0,0,0,0,0,0,0,0,0,245.773,0,0,-50.2697
"MtrElec",8,23,9,"",162.711,0,0,0,0,0,0,0,0,0,0,0,0,0,0,0,0,0,0,0,0,293.961,0,0,-131.249
"MtrElec",8,23,10,"",-24.4721,0,0,0,0,0,0,0,0,0,0,0,0,0,0,0,0,0,0,0,0,326.966,0,0,-351.438
"MtrElec",8,23,11,"",0,0,0,0,0,0,0,0,0,0,0,0,0,0,0,0,0,0,0,0,0,425.671,0,160.137,-585.808
"MtrElec",8,23,12,"",-17.1318,0,0,0,0,0,0,0,0,0,0,0,0,0,0,0,0,0,0,0,0,422.355,0,223.217,-662.703
"MtrElec",8,23,13,"",0,0,0,0,0,0,0,0,0,0,0,0,0,0,0,0,0,0,0,0,0,480.897,0,217.624,-698.52
"MtrElec",8,23,14,"",-58.6705,0,0,0,0,0,0,0,0,0,0,0,0,0,0,0,0,0,0,0,0,453.067,0,197.904,-709.642
"MtrElec",8,23,15,"",-186.618,0,0,0,0,0,0,0,0,0,0,0,0,0,0,0,0,0,0,0,0,477.904,0,0,-664.523
"MtrElec",8,23,16,"",-147.094,0,0,0,0,0,0,0,0,0,0,0,0,0,0,0,0,0,0,0,0,417.472,0,0,-564.566
"MtrElec",8,23,17,"",21.4162,0,0,0,0,0,0,0,0,0,0,0,0,0,0,0,0,0,0,0,0,442.81,0,0,-421.394
"MtrElec",8,23,18,"",217.226,0,0,0,0,0,0,0,0,0,0,0,0,0,0,0,0,0,0,0,0,458.974,0,0,-241.748
"MtrElec",8,23,19,"",168.17,0,0,0,0,0,0,0,0,0,0,0,0,0,0,0,0,0,0,0,0,453.159,0,-223.217,-61.7725
"MtrElec",8,23,20,"",157.513,0,0,0,0,0,0,0,0,0,0,0,0,0,0,0,0,0,0,0,0,380.73,0,-223.217,0
"MtrElec",8,23,21,"",85.6886,0,0,0,0,0,0,0,0,0,0,0,0,0,0,0,0,0,0,0,0,308.905,0,-223.217,0
"MtrElec",8,23,22,"",218.806,0,0,0,0,0,0,0,0,0,0,0,0,0,0,0,0,0,0,0,0,270.146,0,-51.3398,0
"MtrElec",8,23,23,"",225.091,0,0,0,0,0,0,0,0,0,0,0,0,0,0,0,0,0,0,0,0,225.091,0,0,0
"MtrElec",8,23,24,"",240.501,0,0,0,0,0,0,0,0,0,0,0,0,0,0,0,0,0,0,0,0,240.501,0,0,0
"MtrElec",8,24,1,"",183.229,0,0,0,0,0,0,0,0,0,0,0,0,0,0,0,0,0,0,0,0,183.229,0,0,0
"MtrElec",8,24,2,"",150.585,0,0,0,0,0,0,0,0,0,0,0,0,0,0,0,0,0,0,0,0,150.585,0,0,0
"MtrElec",8,24,3,"",147.767,0,0,0,0,0,0,0,0,0,0,0,0,0,0,0,0,0,0,0,0,147.767,0,0,0
"MtrElec",8,24,4,"",147.31,0,0,0,0,0,0,0,0,0,0,0,0,0,0,0,0,0,0,0,0,147.31,0,0,0
"MtrElec",8,24,5,"",144.85,0,0,0,0,0,0,0,0,0,0,0,0,0,0,0,0,0,0,0,0,144.85,0,0,0
"MtrElec",8,24,6,"",192.776,0,0,0,0,0,0,0,0,0,0,0,0,0,0,0,0,0,0,0,0,192.776,0,0,0
"MtrElec",8,24,7,"",210.671,0,0,0,0,0,0,0,0,0,0,0,0,0,0,0,0,0,0,0,0,211.602,0,0,-0.930978
"MtrElec",8,24,8,"",221.75,0,0,0,0,0,0,0,0,0,0,0,0,0,0,0,0,0,0,0,0,316.518,0,0,-94.7686
"MtrElec",8,24,9,"",82.4421,0,0,0,0,0,0,0,0,0,0,0,0,0,0,0,0,0,0,0,0,361.455,0,0,-279.013
"MtrElec",8,24,10,"",16.2052,0,0,0,0,0,0,0,0,0,0,0,0,0,0,0,0,0,0,0,0,458.568,0,0,-442.363
"MtrElec",8,24,11,"",0.0000078,0,0,0,0,0,0,0,0,0,0,0,0,0,0,0,0,0,0,0,0,490.727,0,84.4187,-575.146
"MtrElec",8,24,12,"",0,0,0,0,0,0,0,0,0,0,0,0,0,0,0,0,0,0,0,0,0,471.875,0,189.135,-661.01
"MtrElec",8,24,13,"",0,0,0,0,0,0,0,0,0,0,0,0,0,0,0,0,0,0,0,0,0,552.477,0,146.531,-699.008
"MtrElec",8,24,14,"",0.0000156,0,0,0,0,0,0,0,0,0,0,0,0,0,0,0,0,0,0,0,0,499.715,0,192.796,-692.51
"MtrElec",8,24,15,"",0,0,0,0,0,0,0,0,0,0,0,0,0,0,0,0,0,0,0,0,0,499.916,0,134.181,-634.097
"MtrElec",8,24,16,"",0,0,0,0,0,0,0,0,0,0,0,0,0,0,0,0,0,0,0,0,0,514.54,0,24.33,-538.87
"MtrElec",8,24,17,"",121.987,0,0,0,0,0,0,0,0,0,0,0,0,0,0,0,0,0,0,0,0,526.964,0,0,-404.977
"MtrElec",8,24,18,"",311.887,0,0,0,0,0,0,0,0,0,0,0,0,0,0,0,0,0,0,0,0,543.581,0,0,-231.694
"MtrElec",8,24,19,"",249.659,0,0,0,0,0,0,0,0,0,0,0,0,0,0,0,0,0,0,0,0,528.796,0,-223.217,-55.921
"MtrElec",8,24,20,"",273.25,0,0,0,0,0,0,0,0,0,0,0,0,0,0,0,0,0,0,0,0,496.466,0,-223.217,0
"MtrElec",8,24,21,"",244.697,0,0,0,0,0,0,0,0,0,0,0,0,0,0,0,0,0,0,0,0,467.914,0,-223.217,0
"MtrElec",8,24,22,"",291.42,0,0,0,0,0,0,0,0,0,0,0,0,0,0,0,0,0,0,0,0,317.95,0,-26.5301,0
"MtrElec",8,24,23,"",256.369,0,0,0,0,0,0,0,0,0,0,0,0,0,0,0,0,0,0,0,0,256.369,0,0,0
"MtrElec",8,24,24,"",241.398,0,0,0,0,0,0,0,0,0,0,0,0,0,0,0,0,0,0,0,0,241.398,0,0,0
"MtrElec",8,25,1,"",174.272,0,0,0,0,0,0,0,0,0,0,0,0,0,0,0,0,0,0,0,0,174.272,0,0,0
"MtrElec",8,25,2,"",149.15,0,0,0,0,0,0,0,0,0,0,0,0,0,0,0,0,0,0,0,0,149.15,0,0,0
"MtrElec",8,25,3,"",144.789,0,0,0,0,0,0,0,0,0,0,0,0,0,0,0,0,0,0,0,0,144.789,0,0,0
"MtrElec",8,25,4,"",147.267,0,0,0,0,0,0,0,0,0,0,0,0,0,0,0,0,0,0,0,0,147.267,0,0,0
"MtrElec",8,25,5,"",144.997,0,0,0,0,0,0,0,0,0,0,0,0,0,0,0,0,0,0,0,0,144.997,0,0,0
"MtrElec",8,25,6,"",160.638,0,0,0,0,0,0,0,0,0,0,0,0,0,0,0,0,0,0,0,0,160.638,0,0,0
"MtrElec",8,25,7,"",239.808,0,0,0,0,0,0,0,0,0,0,0,0,0,0,0,0,0,0,0,0,240.71,0,0,-0.902247
"MtrElec",8,25,8,"",245.049,0,0,0,0,0,0,0,0,0,0,0,0,0,0,0,0,0,0,0,0,333.923,0,0,-88.8744
"MtrElec",8,25,9,"",158.716,0,0,0,0,0,0,0,0,0,0,0,0,0,0,0,0,0,0,0,0,425.798,0,0,-267.082
"MtrElec",8,25,10,"",91.7288,0,0,0,0,0,0,0,0,0,0,0,0,0,0,0,0,0,0,0,0,511.005,0,0,-419.277
"MtrElec",8,25,11,"",34.6188,0,0,0,0,0,0,0,0,0,0,0,0,0,0,0,0,0,0,0,0,565.443,0,0,-530.824
"MtrElec",8,25,12,"",0,0,0,0,0,0,0,0,0,0,0,0,0,0,0,0,0,0,0,0,0,548.027,0,52.7032,-600.73
"MtrElec",8,25,13,"",0.0000078,0,0,0,0,0,0,0,0,0,0,0,0,0,0,0,0,0,0,0,0,558.397,0,97.0406,-655.437
"MtrElec",8,25,14,"",0.0000078,0,0,0,0,0,0,0,0,0,0,0,0,0,0,0,0,0,0,0,0,547.618,0,111.003,-658.621
"MtrElec",8,25,15,"",0.0000078,0,0,0,0,0,0,0,0,0,0,0,0,0,0,0,0,0,0,0,0,532.376,0,77.0537,-609.429
"MtrElec",8,25,16,"",47.4759,0,0,0,0,0,0,0,0,0,0,0,0,0,0,0,0,0,0,0,0,567.374,0,0,-519.898
"MtrElec",8,25,17,"",183.088,0,0,0,0,0,0,0,0,0,0,0,0,0,0,0,0,0,0,0,0,570.401,0,0,-387.313
"MtrElec",8,25,18,"",334.689,0,0,0,0,0,0,0,0,0,0,0,0,0,0,0,0,0,0,0,0,554.101,0,0,-219.412
"MtrElec",8,25,19,"",255.494,0,0,0,0,0,0,0,0,0,0,0,0,0,0,0,0,0,0,0,0,529.735,0,-223.217,-51.024
"MtrElec",8,25,20,"",427.273,0,0,0,0,0,0,0,0,0,0,0,0,0,0,0,0,0,0,0,0,508.921,0,-81.648,0
"MtrElec",8,25,21,"",449.703,0,0,0,0,0,0,0,0,0,0,0,0,0,0,0,0,0,0,0,0,449.703,0,0,0
"MtrElec",8,25,22,"",338.941,0,0,0,0,0,0,0,0,0,0,0,0,0,0,0,0,0,0,0,0,338.941,0,0,0
"MtrElec",8,25,23,"",315.74,0,0,0,0,0,0,0,0,0,0,0,0,0,0,0,0,0,0,0,0,315.74,0,0,0
"MtrElec",8,25,24,"",234.656,0,0,0,0,0,0,0,0,0,0,0,0,0,0,0,0,0,0,0,0,234.656,0,0,0
"MtrElec",8,26,1,"",178.013,0,0,0,0,0,0,0,0,0,0,0,0,0,0,0,0,0,0,0,0,178.013,0,0,0
"MtrElec",8,26,2,"",165.012,0,0,0,0,0,0,0,0,0,0,0,0,0,0,0,0,0,0,0,0,165.012,0,0,0
"MtrElec",8,26,3,"",159.543,0,0,0,0,0,0,0,0,0,0,0,0,0,0,0,0,0,0,0,0,159.543,0,0,0
"MtrElec",8,26,4,"",188.955,0,0,0,0,0,0,0,0,0,0,0,0,0,0,0,0,0,0,0,0,188.955,0,0,0
"MtrElec",8,26,5,"",154.348,0,0,0,0,0,0,0,0,0,0,0,0,0,0,0,0,0,0,0,0,154.348,0,0,0
"MtrElec",8,26,6,"",155.956,0,0,0,0,0,0,0,0,0,0,0,0,0,0,0,0,0,0,0,0,155.956,0,0,0
"MtrElec",8,26,7,"",254.991,0,0,0,0,0,0,0,0,0,0,0,0,0,0,0,0,0,0,0,0,255.809,0,0,-0.818629
"MtrElec",8,26,8,"",243.572,0,0,0,0,0,0,0,0,0,0,0,0,0,0,0,0,0,0,0,0,331.038,0,0,-87.4666
"MtrElec",8,26,9,"",125.902,0,0,0,0,0,0,0,0,0,0,0,0,0,0,0,0,0,0,0,0,392.727,0,0,-266.825
"MtrElec",8,26,10,"",66.5365,0,0,0,0,0,0,0,0,0,0,0,0,0,0,0,0,0,0,0,0,490.14,0,0,-423.604
"MtrElec",8,26,11,"",39.7709,0,0,0,0,0,0,0,0,0,0,0,0,0,0,0,0,0,0,0,0,570.527,0,0,-530.756
"MtrElec",8,26,12,"",0,0,0,0,0,0,0,0,0,0,0,0,0,0,0,0,0,0,0,0,0,579.296,0,41.0023,-620.298
"MtrElec",8,26,13,"",0,0,0,0,0,0,0,0,0,0,0,0,0,0,0,0,0,0,0,0,0,620.566,0,44.4784,-665.044
"MtrElec",8,26,14,"",0,0,0,0,0,0,0,0,0,0,0,0,0,0,0,0,0,0,0,0,0,527.749,0,131.61,-659.359
"MtrElec",8,26,15,"",0.0000039,0,0,0,0,0,0,0,0,0,0,0,0,0,0,0,0,0,0,0,0,564.805,0,48.3793,-613.184
"MtrElec",8,26,16,"",3.78119,0,0,0,0,0,0,0,0,0,0,0,0,0,0,0,0,0,0,0,0,526.793,0,0,-523.012
"MtrElec",8,26,17,"",194.698,0,0,0,0,0,0,0,0,0,0,0,0,0,0,0,0,0,0,0,0,585.864,0,0,-391.166
"MtrElec",8,26,18,"",363.425,0,0,0,0,0,0,0,0,0,0,0,0,0,0,0,0,0,0,0,0,584.626,0,0,-221.201
"MtrElec",8,26,19,"",249.48,0,0,0,0,0,0,0,0,0,0,0,0,0,0,0,0,0,0,0,0,523.497,0,-223.217,-50.8001
"MtrElec",8,26,20,"",454.953,0,0,0,0,0,0,0,0,0,0,0,0,0,0,0,0,0,0,0,0,471.322,0,-16.3696,0
"MtrElec",8,26,21,"",496.954,0,0,0,0,0,0,0,0,0,0,0,0,0,0,0,0,0,0,0,0,496.954,0,0,0
"MtrElec",8,26,22,"",337.391,0,0,0,0,0,0,0,0,0,0,0,0,0,0,0,0,0,0,0,0,337.391,0,0,0
"MtrElec",8,26,23,"",311.259,0,0,0,0,0,0,0,0,0,0,0,0,0,0,0,0,0,0,0,0,311.259,0,0,0
"MtrElec",8,26,24,"",251.34,0,0,0,0,0,0,0,0,0,0,0,0,0,0,0,0,0,0,0,0,251.34,0,0,0
"MtrElec",8,27,1,"",195.209,0,0,0,0,0,0,0,0,0,0,0,0,0,0,0,0,0,0,0,0,195.209,0,0,0
"MtrElec",8,27,2,"",166.772,0,0,0,0,0,0,0,0,0,0,0,0,0,0,0,0,0,0,0,0,166.772,0,0,0
"MtrElec",8,27,3,"",157.385,0,0,0,0,0,0,0,0,0,0,0,0,0,0,0,0,0,0,0,0,157.385,0,0,0
"MtrElec",8,27,4,"",153.68,0,0,0,0,0,0,0,0,0,0,0,0,0,0,0,0,0,0,0,0,153.68,0,0,0
"MtrElec",8,27,5,"",149.822,0,0,0,0,0,0,0,0,0,0,0,0,0,0,0,0,0,0,0,0,149.822,0,0,0
"MtrElec",8,27,6,"",190.691,0,0,0,0,0,0,0,0,0,0,0,0,0,0,0,0,0,0,0,0,190.691,0,0,0
"MtrElec",8,27,7,"",285.957,0,0,0,0,0,0,0,0,0,0,0,0,0,0,0,0,0,0,0,0,286.824,0,0,-0.866432
"MtrElec",8,27,8,"",263.717,0,0,0,0,0,0,0,0,0,0,0,0,0,0,0,0,0,0,0,0,352.034,0,0,-88.3168
"MtrElec",8,27,9,"",185.324,0,0,0,0,0,0,0,0,0,0,0,0,0,0,0,0,0,0,0,0,451.812,0,0,-266.487
"MtrElec",8,27,10,"",110.68,0,0,0,0,0,0,0,0,0,0,0,0,0,0,0,0,0,0,0,0,532.034,0,0,-421.354
"MtrElec",8,27,11,"",28.6478,0,0,0,0,0,0,0,0,0,0,0,0,0,0,0,0,0,0,0,0,577.744,0,0,-549.096
"MtrElec",8,27,12,"",10.0772,0,0,0,0,0,0,0,0,0,0,0,0,0,0,0,0,0,0,0,0,635.248,0,0,-625.171
"MtrElec",8,27,13,"",0,0,0,0,0,0,0,0,0,0,0,0,0,0,0,0,0,0,0,0,0,599.1,0,60.8555,-659.956
"MtrElec",8,27,14,"",0,0,0,0,0,0,0,0,0,0,0,0,0,0,0,0,0,0,0,0,0,575.198,0,96.2685,-671.467
"MtrElec",8,27,15,"",0,0,0,0,0,0,0,0,0,0,0,0,0,0,0,0,0,0,0,0,0,560.546,0,67.4344,-627.981
"MtrElec",8,27,16,"",41.6456,0,0,0,0,0,0,0,0,0,0,0,0,0,0,0,0,0,0,0,0,576.385,0,0,-534.74
"MtrElec",8,27,17,"",159.567,0,0,0,0,0,0,0,0,0,0,0,0,0,0,0,0,0,0,0,0,557.301,0,0,-397.735
"MtrElec",8,27,18,"",346.942,0,0,0,0,0,0,0,0,0,0,0,0,0,0,0,0,0,0,0,0,570.646,0,0,-223.704
"MtrElec",8,27,19,"",286.802,0,0,0,0,0,0,0,0,0,0,0,0,0,0,0,0,0,0,0,0,540.135,0,-202.664,-50.6693
"MtrElec",8,27,20,"",481.815,0,0,0,0,0,0,0,0,0,0,0,0,0,0,0,0,0,0,0,0,481.815,0,0,0
"MtrElec",8,27,21,"",489.874,0,0,0,0,0,0,0,0,0,0,0,0,0,0,0,0,0,0,0,0,489.874,0,0,0
"MtrElec",8,27,22,"",332.162,0,0,0,0,0,0,0,0,0,0,0,0,0,0,0,0,0,0,0,0,332.162,0,0,0
"MtrElec",8,27,23,"",301.111,0,0,0,0,0,0,0,0,0,0,0,0,0,0,0,0,0,0,0,0,301.111,0,0,0
"MtrElec",8,27,24,"",295.061,0,0,0,0,0,0,0,0,0,0,0,0,0,0,0,0,0,0,0,0,295.061,0,0,0
"MtrElec",8,28,1,"",210.855,0,0,0,0,0,0,0,0,0,0,0,0,0,0,0,0,0,0,0,0,210.855,0,0,0
"MtrElec",8,28,2,"",168.365,0,0,0,0,0,0,0,0,0,0,0,0,0,0,0,0,0,0,0,0,168.365,0,0,0
"MtrElec",8,28,3,"",159.628,0,0,0,0,0,0,0,0,0,0,0,0,0,0,0,0,0,0,0,0,159.628,0,0,0
"MtrElec",8,28,4,"",155.299,0,0,0,0,0,0,0,0,0,0,0,0,0,0,0,0,0,0,0,0,155.299,0,0,0
"MtrElec",8,28,5,"",147.866,0,0,0,0,0,0,0,0,0,0,0,0,0,0,0,0,0,0,0,0,147.866,0,0,0
"MtrElec",8,28,6,"",168.787,0,0,0,0,0,0,0,0,0,0,0,0,0,0,0,0,0,0,0,0,168.787,0,0,0
"MtrElec",8,28,7,"",235.17,0,0,0,0,0,0,0,0,0,0,0,0,0,0,0,0,0,0,0,0,236.072,0,0,-0.902324
"MtrElec",8,28,8,"",257.7,0,0,0,0,0,0,0,0,0,0,0,0,0,0,0,0,0,0,0,0,348.325,0,0,-90.6247
"MtrElec",8,28,9,"",176.437,0,0,0,0,0,0,0,0,0,0,0,0,0,0,0,0,0,0,0,0,448.191,0,0,-271.754
"MtrElec",8,28,10,"",97.6396,0,0,0,0,0,0,0,0,0,0,0,0,0,0,0,0,0,0,0,0,528.762,0,0,-431.123
"MtrElec",8,28,11,"",41.2102,0,0,0,0,0,0,0,0,0,0,0,0,0,0,0,0,0,0,0,0,596.92,0,0,-555.71
"MtrElec",8,28,12,"",0,0,0,0,0,0,0,0,0,0,0,0,0,0,0,0,0,0,0,0,0,592.965,0,38.6826,-631.648
"MtrElec",8,28,13,"",0,0,0,0,0,0,0,0,0,0,0,0,0,0,0,0,0,0,0,0,0,668.343,0,5.13531,-673.478
"MtrElec",8,28,14,"",0,0,0,0,0,0,0,0,0,0,0,0,0,0,0,0,0,0,0,0,0,530.448,0,147.303,-677.751
"MtrElec",8,28,15,"",0,0,0,0,0,0,0,0,0,0,0,0,0,0,0,0,0,0,0,0,0,575.86,0,52.8503,-628.71
"MtrElec",8,28,16,"",13.3877,0,0,0,0,0,0,0,0,0,0,0,0,0,0,0,0,0,0,0,0,548.918,0,0,-535.53
"MtrElec",8,28,17,"",190.906,0,0,0,0,0,0,0,0,0,0,0,0,0,0,0,0,0,0,0,0,589.56,0,0,-398.654
"MtrElec",8,28,18,"",345.729,0,0,0,0,0,0,0,0,0,0,0,0,0,0,0,0,0,0,0,0,569.558,0,0,-223.829
"MtrElec",8,28,19,"",266.72,0,0,0,0,0,0,0,0,0,0,0,0,0,0,0,0,0,0,0,0,536.617,0,-220.184,-49.713
"MtrElec",8,28,20,"",511.923,0,0,0,0,0,0,0,0,0,0,0,0,0,0,0,0,0,0,0,0,511.923,0,0,0
"MtrElec",8,28,21,"",464.723,0,0,0,0,0,0,0,0,0,0,0,0,0,0,0,0,0,0,0,0,464.723,0,0,0
"MtrElec",8,28,22,"",307.679,0,0,0,0,0,0,0,0,0,0,0,0,0,0,0,0,0,0,0,0,307.679,0,0,0
"MtrElec",8,28,23,"",302.102,0,0,0,0,0,0,0,0,0,0,0,0,0,0,0,0,0,0,0,0,302.102,0,0,0
"MtrElec",8,28,24,"",215.454,0,0,0,0,0,0,0,0,0,0,0,0,0,0,0,0,0,0,0,0,215.454,0,0,0
"MtrElec",8,29,1,"",161.592,0,0,0,0,0,0,0,0,0,0,0,0,0,0,0,0,0,0,0,0,161.592,0,0,0
"MtrElec",8,29,2,"",153.475,0,0,0,0,0,0,0,0,0,0,0,0,0,0,0,0,0,0,0,0,153.475,0,0,0
"MtrElec",8,29,3,"",153.78,0,0,0,0,0,0,0,0,0,0,0,0,0,0,0,0,0,0,0,0,153.78,0,0,0
"MtrElec",8,29,4,"",186.361,0,0,0,0,0,0,0,0,0,0,0,0,0,0,0,0,0,0,0,0,186.361,0,0,0
"MtrElec",8,29,5,"",167.289,0,0,0,0,0,0,0,0,0,0,0,0,0,0,0,0,0,0,0,0,167.289,0,0,0
"MtrElec",8,29,6,"",150.821,0,0,0,0,0,0,0,0,0,0,0,0,0,0,0,0,0,0,0,0,150.821,0,0,0
"MtrElec",8,29,7,"",184.529,0,0,0,0,0,0,0,0,0,0,0,0,0,0,0,0,0,0,0,0,185.447,0,0,-0.918632
"MtrElec",8,29,8,"",197.675,0,0,0,0,0,0,0,0,0,0,0,0,0,0,0,0,0,0,0,0,287.985,0,0,-90.3101
"MtrElec",8,29,9,"",99.7846,0,0,0,0,0,0,0,0,0,0,0,0,0,0,0,0,0,0,0,0,369.579,0,0,-269.795
"MtrElec",8,29,10,"",87.4688,0,0,0,0,0,0,0,0,0,0,0,0,0,0,0,0,0,0,0,0,523.685,0,0,-436.216
"MtrElec",8,29,11,"",48.4161,0,0,0,0,0,0,0,0,0,0,0,0,0,0,0,0,0,0,0,0,605.368,0,0,-556.952
"MtrElec",8,29,12,"",0.799062,0,0,0,0,0,0,0,0,0,0,0,0,0,0,0,0,0,0,0,0,624.21,0,0,-623.411
"MtrElec",8,29,13,"",0.0000002,0,0,0,0,0,0,0,0,0,0,0,0,0,0,0,0,0,0,0,0,664.859,0,3.28156,-668.14
"MtrElec",8,29,14,"",0.0000039,0,0,0,0,0,0,0,0,0,0,0,0,0,0,0,0,0,0,0,0,618.659,0,58.8389,-677.497
"MtrElec",8,29,15,"",27.9954,0,0,0,0,0,0,0,0,0,0,0,0,0,0,0,0,0,0,0,0,659.884,0,0,-631.889
"MtrElec",8,29,16,"",72.589,0,0,0,0,0,0,0,0,0,0,0,0,0,0,0,0,0,0,0,0,610.538,0,0,-537.949
"MtrElec",8,29,17,"",174.789,0,0,0,0,0,0,0,0,0,0,0,0,0,0,0,0,0,0,0,0,573.229,0,0,-398.441
"MtrElec",8,29,18,"",376.668,0,0,0,0,0,0,0,0,0,0,0,0,0,0,0,0,0,0,0,0,597.51,0,0,-220.842
"MtrElec",8,29,19,"",449.904,0,0,0,0,0,0,0,0,0,0,0,0,0,0,0,0,0,0,0,0,553.685,0,-56.0637,-47.7169
"MtrElec",8,29,20,"",481.477,0,0,0,0,0,0,0,0,0,0,0,0,0,0,0,0,0,0,0,0,481.477,0,0,0
"MtrElec",8,29,21,"",369.269,0,0,0,0,0,0,0,0,0,0,0,0,0,0,0,0,0,0,0,0,369.269,0,0,0
"MtrElec",8,29,22,"",329.37,0,0,0,0,0,0,0,0,0,0,0,0,0,0,0,0,0,0,0,0,329.37,0,0,0
"MtrElec",8,29,23,"",283.037,0,0,0,0,0,0,0,0,0,0,0,0,0,0,0,0,0,0,0,0,283.037,0,0,0
"MtrElec",8,29,24,"",240.821,0,0,0,0,0,0,0,0,0,0,0,0,0,0,0,0,0,0,0,0,240.821,0,0,0
"MtrElec",8,30,1,"",189.596,0,0,0,0,0,0,0,0,0,0,0,0,0,0,0,0,0,0,0,0,189.596,0,0,0
"MtrElec",8,30,2,"",157.24,0,0,0,0,0,0,0,0,0,0,0,0,0,0,0,0,0,0,0,0,157.24,0,0,0
"MtrElec",8,30,3,"",148.977,0,0,0,0,0,0,0,0,0,0,0,0,0,0,0,0,0,0,0,0,148.977,0,0,0
"MtrElec",8,30,4,"",148.857,0,0,0,0,0,0,0,0,0,0,0,0,0,0,0,0,0,0,0,0,148.857,0,0,0
"MtrElec",8,30,5,"",167.272,0,0,0,0,0,0,0,0,0,0,0,0,0,0,0,0,0,0,0,0,167.272,0,0,0
"MtrElec",8,30,6,"",152.829,0,0,0,0,0,0,0,0,0,0,0,0,0,0,0,0,0,0,0,0,152.829,0,0,0
"MtrElec",8,30,7,"",194.267,0,0,0,0,0,0,0,0,0,0,0,0,0,0,0,0,0,0,0,0,195.224,0,0,-0.956441
"MtrElec",8,30,8,"",155.301,0,0,0,0,0,0,0,0,0,0,0,0,0,0,0,0,0,0,0,0,247.452,0,0,-92.1511
"MtrElec",8,30,9,"",54.47,0,0,0,0,0,0,0,0,0,0,0,0,0,0,0,0,0,0,0,0,334.445,0,0,-279.975
"MtrElec",8,30,10,"",-39.2012,0,0,0,0,0,0,0,0,0,0,0,0,0,0,0,0,0,0,0,0,408.918,0,0,-448.119
"MtrElec",8,30,11,"",0.0000078,0,0,0,0,0,0,0,0,0,0,0,0,0,0,0,0,0,0,0,0,463.891,0,102.149,-566.04
"MtrElec",8,30,12,"",0.0000078,0,0,0,0,0,0,0,0,0,0,0,0,0,0,0,0,0,0,0,0,518.379,0,129.649,-648.028
"MtrElec",8,30,13,"",0,0,0,0,0,0,0,0,0,0,0,0,0,0,0,0,0,0,0,0,0,544.68,0,149.408,-694.088
"MtrElec",8,30,14,"",0,0,0,0,0,0,0,0,0,0,0,0,0,0,0,0,0,0,0,0,0,512.05,0,176.48,-688.529
"MtrElec",8,30,15,"",0,0,0,0,0,0,0,0,0,0,0,0,0,0,0,0,0,0,0,0,0,531.687,0,104.771,-636.457
"MtrElec",8,30,16,"",0,0,0,0,0,0,0,0,0,0,0,0,0,0,0,0,0,0,0,0,0,505.703,0,32.4403,-538.143
"MtrElec",8,30,17,"",87.3591,0,0,0,0,0,0,0,0,0,0,0,0,0,0,0,0,0,0,0,0,487.803,0,0,-400.444
"MtrElec",8,30,18,"",252.496,0,0,0,0,0,0,0,0,0,0,0,0,0,0,0,0,0,0,0,0,476.884,0,0,-224.388
"MtrElec",8,30,19,"",239.038,0,0,0,0,0,0,0,0,0,0,0,0,0,0,0,0,0,0,0,0,511.626,0,-223.217,-49.3718
"MtrElec",8,30,20,"",183.947,0,0,0,0,0,0,0,0,0,0,0,0,0,0,0,0,0,0,0,0,407.164,0,-223.217,0
"MtrElec",8,30,21,"",123.944,0,0,0,0,0,0,0,0,0,0,0,0,0,0,0,0,0,0,0,0,304.655,0,-180.711,0
"MtrElec",8,30,22,"",338.549,0,0,0,0,0,0,0,0,0,0,0,0,0,0,0,0,0,0,0,0,338.549,0,0,0
"MtrElec",8,30,23,"",252.653,0,0,0,0,0,0,0,0,0,0,0,0,0,0,0,0,0,0,0,0,252.653,0,0,0
"MtrElec",8,30,24,"",208.55,0,0,0,0,0,0,0,0,0,0,0,0,0,0,0,0,0,0,0,0,208.55,0,0,0
"MtrElec",8,31,1,"",167.996,0,0,0,0,0,0,0,0,0,0,0,0,0,0,0,0,0,0,0,0,167.996,0,0,0
"MtrElec",8,31,2,"",155.172,0,0,0,0,0,0,0,0,0,0,0,0,0,0,0,0,0,0,0,0,155.172,0,0,0
"MtrElec",8,31,3,"",148.343,0,0,0,0,0,0,0,0,0,0,0,0,0,0,0,0,0,0,0,0,148.343,0,0,0
"MtrElec",8,31,4,"",146.148,0,0,0,0,0,0,0,0,0,0,0,0,0,0,0,0,0,0,0,0,146.148,0,0,0
"MtrElec",8,31,5,"",141.815,0,0,0,0,0,0,0,0,0,0,0,0,0,0,0,0,0,0,0,0,141.815,0,0,0
"MtrElec",8,31,6,"",186.979,0,0,0,0,0,0,0,0,0,0,0,0,0,0,0,0,0,0,0,0,186.979,0,0,0
"MtrElec",8,31,7,"",217.261,0,0,0,0,0,0,0,0,0,0,0,0,0,0,0,0,0,0,0,0,219.378,0,0,-2.11717
"MtrElec",8,31,8,"",249.26,0,0,0,0,0,0,0,0,0,0,0,0,0,0,0,0,0,0,0,0,325.722,0,0,-76.4617
"MtrElec",8,31,9,"",167.084,0,0,0,0,0,0,0,0,0,0,0,0,0,0,0,0,0,0,0,0,374.851,0,0,-207.767
"MtrElec",8,31,10,"",1.40038,0,0,0,0,0,0,0,0,0,0,0,0,0,0,0,0,0,0,0,0,465.723,0,0,-464.323
"MtrElec",8,31,11,"",0,0,0,0,0,0,0,0,0,0,0,0,0,0,0,0,0,0,0,0,0,503.461,0,81.9755,-585.437
"MtrElec",8,31,12,"",0.0000078,0,0,0,0,0,0,0,0,0,0,0,0,0,0,0,0,0,0,0,0,541.288,0,124.495,-665.783
"MtrElec",8,31,13,"",0,0,0,0,0,0,0,0,0,0,0,0,0,0,0,0,0,0,0,0,0,575.444,0,138.14,-713.584
"MtrElec",8,31,14,"",0,0,0,0,0,0,0,0,0,0,0,0,0,0,0,0,0,0,0,0,0,486.646,0,219.363,-706.009
"MtrElec",8,31,15,"",0,0,0,0,0,0,0,0,0,0,0,0,0,0,0,0,0,0,0,0,0,473.189,0,181.579,-654.768
"MtrElec",8,31,16,"",0,0,0,0,0,0,0,0,0,0,0,0,0,0,0,0,0,0,0,0,0,505.754,0,49.7441,-555.498
"MtrElec",8,31,17,"",120.349,0,0,0,0,0,0,0,0,0,0,0,0,0,0,0,0,0,0,0,0,528.663,0,0,-408.315
"MtrElec",8,31,18,"",319.321,0,0,0,0,0,0,0,0,0,0,0,0,0,0,0,0,0,0,0,0,545.366,0,0,-226.044
"MtrElec",8,31,19,"",239.6,0,0,0,0,0,0,0,0,0,0,0,0,0,0,0,0,0,0,0,0,509.757,0,-223.217,-46.9397
"MtrElec",8,31,20,"",223.453,0,0,0,0,0,0,0,0,0,0,0,0,0,0,0,0,0,0,0,0,446.67,0,-223.217,0
"MtrElec",8,31,21,"",217.311,0,0,0,0,0,0,0,0,0,0,0,0,0,0,0,0,0,0,0,0,440.528,0,-223.217,0
"MtrElec",8,31,22,"",264.379,0,0,0,0,0,0,0,0,0,0,0,0,0,0,0,0,0,0,0,0,312.484,0,-48.105,0
"MtrElec",8,31,23,"",259.929,0,0,0,0,0,0,0,0,0,0,0,0,0,0,0,0,0,0,0,0,259.929,0,0,0
"MtrElec",8,31,24,"",198.257,0,0,0,0,0,0,0,0,0,0,0,0,0,0,0,0,0,0,0,0,198.257,0,0,0
"MtrElec",9,1,1,"",164.437,0,0,0,0,0,0,0,0,0,0,0,0,0,0,0,0,0,0,0,0,164.437,0,0,0
"MtrElec",9,1,2,"",159.552,0,0,0,0,0,0,0,0,0,0,0,0,0,0,0,0,0,0,0,0,159.552,0,0,0
"MtrElec",9,1,3,"",165.357,0,0,0,0,0,0,0,0,0,0,0,0,0,0,0,0,0,0,0,0,165.357,0,0,0
"MtrElec",9,1,4,"",161.26,0,0,0,0,0,0,0,0,0,0,0,0,0,0,0,0,0,0,0,0,161.26,0,0,0
"MtrElec",9,1,5,"",144.948,0,0,0,0,0,0,0,0,0,0,0,0,0,0,0,0,0,0,0,0,144.948,0,0,0
"MtrElec",9,1,6,"",153.501,0,0,0,0,0,0,0,0,0,0,0,0,0,0,0,0,0,0,0,0,153.501,0,0,0
"MtrElec",9,1,7,"",248.626,0,0,0,0,0,0,0,0,0,0,0,0,0,0,0,0,0,0,0,0,249.631,0,0,-1.0048
"MtrElec",9,1,8,"",234.305,0,0,0,0,0,0,0,0,0,0,0,0,0,0,0,0,0,0,0,0,324.312,0,0,-90.0069
"MtrElec",9,1,9,"",72.3311,0,0,0,0,0,0,0,0,0,0,0,0,0,0,0,0,0,0,0,0,348.001,0,0,-275.67
"MtrElec",9,1,10,"",57.7692,0,0,0,0,0,0,0,0,0,0,0,0,0,0,0,0,0,0,0,0,494.829,0,0,-437.059
"MtrElec",9,1,11,"",0.0000010,0,0,0,0,0,0,0,0,0,0,0,0,0,0,0,0,0,0,0,0,547.747,0,16.1632,-563.911
"MtrElec",9,1,12,"",0,0,0,0,0,0,0,0,0,0,0,0,0,0,0,0,0,0,0,0,0,557.281,0,95.5565,-652.837
"MtrElec",9,1,13,"",0,0,0,0,0,0,0,0,0,0,0,0,0,0,0,0,0,0,0,0,0,578.078,0,110.185,-688.263
"MtrElec",9,1,14,"",0,0,0,0,0,0,0,0,0,0,0,0,0,0,0,0,0,0,0,0,0,518.082,0,166.947,-685.029
"MtrElec",9,1,15,"",0,0,0,0,0,0,0,0,0,0,0,0,0,0,0,0,0,0,0,0,0,541.793,0,97.0179,-638.811
"MtrElec",9,1,16,"",0,0,0,0,0,0,0,0,0,0,0,0,0,0,0,0,0,0,0,0,0,524.76,0,20.0231,-544.783
"MtrElec",9,1,17,"",179.65,0,0,0,0,0,0,0,0,0,0,0,0,0,0,0,0,0,0,0,0,581.678,0,0,-402.028
"MtrElec",9,1,18,"",314.272,0,0,0,0,0,0,0,0,0,0,0,0,0,0,0,0,0,0,0,0,534.481,0,0,-220.209
"MtrElec",9,1,19,"",296.437,0,0,0,0,0,0,0,0,0,0,0,0,0,0,0,0,0,0,0,0,563.948,0,-223.217,-44.2945
"MtrElec",9,1,20,"",234.184,0,0,0,0,0,0,0,0,0,0,0,0,0,0,0,0,0,0,0,0,457.401,0,-223.217,0
"MtrElec",9,1,21,"",413.937,0,0,0,0,0,0,0,0,0,0,0,0,0,0,0,0,0,0,0,0,424.071,0,-10.134,0
"MtrElec",9,1,22,"",352.556,0,0,0,0,0,0,0,0,0,0,0,0,0,0,0,0,0,0,0,0,352.556,0,0,0
"MtrElec",9,1,23,"",269.61,0,0,0,0,0,0,0,0,0,0,0,0,0,0,0,0,0,0,0,0,269.61,0,0,0
"MtrElec",9,1,24,"",220.616,0,0,0,0,0,0,0,0,0,0,0,0,0,0,0,0,0,0,0,0,220.616,0,0,0
"MtrElec",9,2,1,"",168.504,0,0,0,0,0,0,0,0,0,0,0,0,0,0,0,0,0,0,0,0,168.504,0,0,0
"MtrElec",9,2,2,"",154.671,0,0,0,0,0,0,0,0,0,0,0,0,0,0,0,0,0,0,0,0,154.671,0,0,0
"MtrElec",9,2,3,"",147.823,0,0,0,0,0,0,0,0,0,0,0,0,0,0,0,0,0,0,0,0,147.823,0,0,0
"MtrElec",9,2,4,"",149.867,0,0,0,0,0,0,0,0,0,0,0,0,0,0,0,0,0,0,0,0,149.867,0,0,0
"MtrElec",9,2,5,"",149.885,0,0,0,0,0,0,0,0,0,0,0,0,0,0,0,0,0,0,0,0,149.885,0,0,0
"MtrElec",9,2,6,"",163.692,0,0,0,0,0,0,0,0,0,0,0,0,0,0,0,0,0,0,0,0,163.692,0,0,0
"MtrElec",9,2,7,"",267.236,0,0,0,0,0,0,0,0,0,0,0,0,0,0,0,0,0,0,0,0,267.782,0,0,-0.545953
"MtrElec",9,2,8,"",276.296,0,0,0,0,0,0,0,0,0,0,0,0,0,0,0,0,0,0,0,0,330.247,0,0,-53.9515
"MtrElec",9,2,9,"",209.706,0,0,0,0,0,0,0,0,0,0,0,0,0,0,0,0,0,0,0,0,355.709,0,0,-146.003
"MtrElec",9,2,10,"",87.4072,0,0,0,0,0,0,0,0,0,0,0,0,0,0,0,0,0,0,0,0,496.712,0,0,-409.305
"MtrElec",9,2,11,"",0,0,0,0,0,0,0,0,0,0,0,0,0,0,0,0,0,0,0,0,0,560.11,0,19.7542,-579.864
"MtrElec",9,2,12,"",0.0000156,0,0,0,0,0,0,0,0,0,0,0,0,0,0,0,0,0,0,0,0,509.214,0,160.88,-670.094
"MtrElec",9,2,13,"",0,0,0,0,0,0,0,0,0,0,0,0,0,0,0,0,0,0,0,0,0,572.154,0,134.505,-706.659
"MtrElec",9,2,14,"",-21.1844,0,0,0,0,0,0,0,0,0,0,0,0,0,0,0,0,0,0,0,0,460.414,0,223.217,-704.815
"MtrElec",9,2,15,"",0,0,0,0,0,0,0,0,0,0,0,0,0,0,0,0,0,0,0,0,0,501.284,0,152.388,-653.673
"MtrElec",9,2,16,"",0,0,0,0,0,0,0,0,0,0,0,0,0,0,0,0,0,0,0,0,0,491.665,0,60.2517,-551.917
"MtrElec",9,2,17,"",163.336,0,0,0,0,0,0,0,0,0,0,0,0,0,0,0,0,0,0,0,0,569.981,0,0,-406.645
"MtrElec",9,2,18,"",310.203,0,0,0,0,0,0,0,0,0,0,0,0,0,0,0,0,0,0,0,0,534.658,0,0,-224.455
"MtrElec",9,2,19,"",269.802,0,0,0,0,0,0,0,0,0,0,0,0,0,0,0,0,0,0,0,0,536.32,0,-223.217,-43.3012
"MtrElec",9,2,20,"",263.433,0,0,0,0,0,0,0,0,0,0,0,0,0,0,0,0,0,0,0,0,486.65,0,-223.217,0
"MtrElec",9,2,21,"",187.748,0,0,0,0,0,0,0,0,0,0,0,0,0,0,0,0,0,0,0,0,410.965,0,-223.217,0
"MtrElec",9,2,22,"",316.632,0,0,0,0,0,0,0,0,0,0,0,0,0,0,0,0,0,0,0,0,324.756,0,-8.12362,0
"MtrElec",9,2,23,"",301.251,0,0,0,0,0,0,0,0,0,0,0,0,0,0,0,0,0,0,0,0,301.251,0,0,0
"MtrElec",9,2,24,"",232.378,0,0,0,0,0,0,0,0,0,0,0,0,0,0,0,0,0,0,0,0,232.378,0,0,0
"MtrElec",9,3,1,"",178.014,0,0,0,0,0,0,0,0,0,0,0,0,0,0,0,0,0,0,0,0,178.014,0,0,0
"MtrElec",9,3,2,"",161.372,0,0,0,0,0,0,0,0,0,0,0,0,0,0,0,0,0,0,0,0,161.372,0,0,0
"MtrElec",9,3,3,"",184.816,0,0,0,0,0,0,0,0,0,0,0,0,0,0,0,0,0,0,0,0,184.816,0,0,0
"MtrElec",9,3,4,"",153.083,0,0,0,0,0,0,0,0,0,0,0,0,0,0,0,0,0,0,0,0,153.083,0,0,0
"MtrElec",9,3,5,"",146.495,0,0,0,0,0,0,0,0,0,0,0,0,0,0,0,0,0,0,0,0,146.495,0,0,0
"MtrElec",9,3,6,"",164.386,0,0,0,0,0,0,0,0,0,0,0,0,0,0,0,0,0,0,0,0,164.386,0,0,0
"MtrElec",9,3,7,"",251.717,0,0,0,0,0,0,0,0,0,0,0,0,0,0,0,0,0,0,0,0,251.717,0,0,0
"MtrElec",9,3,8,"",300.81,0,0,0,0,0,0,0,0,0,0,0,0,0,0,0,0,0,0,0,0,333.86,0,0,-33.0503
"MtrElec",9,3,9,"",326.32,0,0,0,0,0,0,0,0,0,0,0,0,0,0,0,0,0,0,0,0,417.523,0,0,-91.2031
"MtrElec",9,3,10,"",279.034,0,0,0,0,0,0,0,0,0,0,0,0,0,0,0,0,0,0,0,0,475.267,0,0,-196.233
"MtrElec",9,3,11,"",0,0,0,0,0,0,0,0,0,0,0,0,0,0,0,0,0,0,0,0,0,499.575,0,4.08738,-503.662
"MtrElec",9,3,12,"",0.0000156,0,0,0,0,0,0,0,0,0,0,0,0,0,0,0,0,0,0,0,0,512.346,0,145.097,-657.443
"MtrElec",9,3,13,"",0,0,0,0,0,0,0,0,0,0,0,0,0,0,0,0,0,0,0,0,0,516.687,0,186.849,-703.536
"MtrElec",9,3,14,"",-44.1844,0,0,0,0,0,0,0,0,0,0,0,0,0,0,0,0,0,0,0,0,432.929,0,223.217,-700.33
"MtrElec",9,3,15,"",0,0,0,0,0,0,0,0,0,0,0,0,0,0,0,0,0,0,0,0,0,475.188,0,165.22,-640.408
"MtrElec",9,3,16,"",0.0000078,0,0,0,0,0,0,0,0,0,0,0,0,0,0,0,0,0,0,0,0,453.876,0,72.241,-526.117
"MtrElec",9,3,17,"",127.323,0,0,0,0,0,0,0,0,0,0,0,0,0,0,0,0,0,0,0,0,510.545,0,0,-383.222
"MtrElec",9,3,18,"",290.018,0,0,0,0,0,0,0,0,0,0,0,0,0,0,0,0,0,0,0,0,495.917,0,0,-205.899
"MtrElec",9,3,19,"",250.753,0,0,0,0,0,0,0,0,0,0,0,0,0,0,0,0,0,0,0,0,515.069,0,-223.217,-41.0995
"MtrElec",9,3,20,"",263.699,0,0,0,0,0,0,0,0,0,0,0,0,0,0,0,0,0,0,0,0,486.916,0,-223.217,0
"MtrElec",9,3,21,"",222.071,0,0,0,0,0,0,0,0,0,0,0,0,0,0,0,0,0,0,0,0,445.288,0,-223.217,0
"MtrElec",9,3,22,"",281.737,0,0,0,0,0,0,0,0,0,0,0,0,0,0,0,0,0,0,0,0,331.118,0,-49.3812,0
"MtrElec",9,3,23,"",272.173,0,0,0,0,0,0,0,0,0,0,0,0,0,0,0,0,0,0,0,0,272.173,0,0,0
"MtrElec",9,3,24,"",201.944,0,0,0,0,0,0,0,0,0,0,0,0,0,0,0,0,0,0,0,0,201.944,0,0,0
"MtrElec",9,4,1,"",159.282,0,0,0,0,0,0,0,0,0,0,0,0,0,0,0,0,0,0,0,0,159.282,0,0,0
"MtrElec",9,4,2,"",167.074,0,0,0,0,0,0,0,0,0,0,0,0,0,0,0,0,0,0,0,0,167.074,0,0,0
"MtrElec",9,4,3,"",171.03,0,0,0,0,0,0,0,0,0,0,0,0,0,0,0,0,0,0,0,0,171.03,0,0,0
"MtrElec",9,4,4,"",154.972,0,0,0,0,0,0,0,0,0,0,0,0,0,0,0,0,0,0,0,0,154.972,0,0,0
"MtrElec",9,4,5,"",146.004,0,0,0,0,0,0,0,0,0,0,0,0,0,0,0,0,0,0,0,0,146.004,0,0,0
"MtrElec",9,4,6,"",156.059,0,0,0,0,0,0,0,0,0,0,0,0,0,0,0,0,0,0,0,0,156.059,0,0,0
"MtrElec",9,4,7,"",245.535,0,0,0,0,0,0,0,0,0,0,0,0,0,0,0,0,0,0,0,0,245.535,0,0,0
"MtrElec",9,4,8,"",248.94,0,0,0,0,0,0,0,0,0,0,0,0,0,0,0,0,0,0,0,0,283.747,0,0,-34.8075
"MtrElec",9,4,9,"",291.132,0,0,0,0,0,0,0,0,0,0,0,0,0,0,0,0,0,0,0,0,386.479,0,0,-95.3472
"MtrElec",9,4,10,"",301.523,0,0,0,0,0,0,0,0,0,0,0,0,0,0,0,0,0,0,0,0,491.294,0,0,-189.771
"MtrElec",9,4,11,"",40.4046,0,0,0,0,0,0,0,0,0,0,0,0,0,0,0,0,0,0,0,0,478.153,0,0,-437.749
"MtrElec",9,4,12,"",0.0000156,0,0,0,0,0,0,0,0,0,0,0,0,0,0,0,0,0,0,0,0,477.867,0,136.312,-614.178
"MtrElec",9,4,13,"",0,0,0,0,0,0,0,0,0,0,0,0,0,0,0,0,0,0,0,0,0,538.814,0,141.441,-680.256
"MtrElec",9,4,14,"",-24.1308,0,0,0,0,0,0,0,0,0,0,0,0,0,0,0,0,0,0,0,0,438.849,0,223.217,-686.197
"MtrElec",9,4,15,"",0,0,0,0,0,0,0,0,0,0,0,0,0,0,0,0,0,0,0,0,0,453.828,0,190.091,-643.919
"MtrElec",9,4,16,"",0,0,0,0,0,0,0,0,0,0,0,0,0,0,0,0,0,0,0,0,0,460.574,0,83.1404,-543.714
"MtrElec",9,4,17,"",115.056,0,0,0,0,0,0,0,0,0,0,0,0,0,0,0,0,0,0,0,0,512.445,0,0,-397.389
"MtrElec",9,4,18,"",270.458,0,0,0,0,0,0,0,0,0,0,0,0,0,0,0,0,0,0,0,0,481.828,0,0,-211.371
"MtrElec",9,4,19,"",226.687,0,0,0,0,0,0,0,0,0,0,0,0,0,0,0,0,0,0,0,0,489.738,0,-223.217,-39.8342
"MtrElec",9,4,20,"",181.32,0,0,0,0,0,0,0,0,0,0,0,0,0,0,0,0,0,0,0,0,404.536,0,-223.217,0
"MtrElec",9,4,21,"",210.319,0,0,0,0,0,0,0,0,0,0,0,0,0,0,0,0,0,0,0,0,433.536,0,-223.217,0
"MtrElec",9,4,22,"",276.79,0,0,0,0,0,0,0,0,0,0,0,0,0,0,0,0,0,0,0,0,305.856,0,-29.0664,0
"MtrElec",9,4,23,"",239.036,0,0,0,0,0,0,0,0,0,0,0,0,0,0,0,0,0,0,0,0,239.036,0,0,0
"MtrElec",9,4,24,"",255.785,0,0,0,0,0,0,0,0,0,0,0,0,0,0,0,0,0,0,0,0,255.785,0,0,0
"MtrElec",9,5,1,"",168.834,0,0,0,0,0,0,0,0,0,0,0,0,0,0,0,0,0,0,0,0,168.834,0,0,0
"MtrElec",9,5,2,"",149.705,0,0,0,0,0,0,0,0,0,0,0,0,0,0,0,0,0,0,0,0,149.705,0,0,0
"MtrElec",9,5,3,"",145.079,0,0,0,0,0,0,0,0,0,0,0,0,0,0,0,0,0,0,0,0,145.079,0,0,0
"MtrElec",9,5,4,"",147.154,0,0,0,0,0,0,0,0,0,0,0,0,0,0,0,0,0,0,0,0,147.154,0,0,0
"MtrElec",9,5,5,"",186.878,0,0,0,0,0,0,0,0,0,0,0,0,0,0,0,0,0,0,0,0,186.878,0,0,0
"MtrElec",9,5,6,"",149.039,0,0,0,0,0,0,0,0,0,0,0,0,0,0,0,0,0,0,0,0,149.039,0,0,0
"MtrElec",9,5,7,"",186.484,0,0,0,0,0,0,0,0,0,0,0,0,0,0,0,0,0,0,0,0,187.108,0,0,-0.623733
"MtrElec",9,5,8,"",195.724,0,0,0,0,0,0,0,0,0,0,0,0,0,0,0,0,0,0,0,0,265.618,0,0,-69.8937
"MtrElec",9,5,9,"",134.363,0,0,0,0,0,0,0,0,0,0,0,0,0,0,0,0,0,0,0,0,313.597,0,0,-179.234
"MtrElec",9,5,10,"",96.8375,0,0,0,0,0,0,0,0,0,0,0,0,0,0,0,0,0,0,0,0,380.092,0,0,-283.254
"MtrElec",9,5,11,"",114.6,0,0,0,0,0,0,0,0,0,0,0,0,0,0,0,0,0,0,0,0,449.403,0,0,-334.803
"MtrElec",9,5,12,"",0,0,0,0,0,0,0,0,0,0,0,0,0,0,0,0,0,0,0,0,0,490.529,0,93.9929,-584.522
"MtrElec",9,5,13,"",0.0000156,0,0,0,0,0,0,0,0,0,0,0,0,0,0,0,0,0,0,0,0,496.262,0,189.127,-685.389
"MtrElec",9,5,14,"",0,0,0,0,0,0,0,0,0,0,0,0,0,0,0,0,0,0,0,0,0,476.696,0,208.465,-685.161
"MtrElec",9,5,15,"",0,0,0,0,0,0,0,0,0,0,0,0,0,0,0,0,0,0,0,0,0,501.687,0,127.728,-629.415
"MtrElec",9,5,16,"",0.0000078,0,0,0,0,0,0,0,0,0,0,0,0,0,0,0,0,0,0,0,0,455.725,0,73.8511,-529.576
"MtrElec",9,5,17,"",136.205,0,0,0,0,0,0,0,0,0,0,0,0,0,0,0,0,0,0,0,0,517.318,0,0,-381.113
"MtrElec",9,5,18,"",305.349,0,0,0,0,0,0,0,0,0,0,0,0,0,0,0,0,0,0,0,0,506.089,0,0,-200.74
"MtrElec",9,5,19,"",249.541,0,0,0,0,0,0,0,0,0,0,0,0,0,0,0,0,0,0,0,0,511.07,0,-223.217,-38.3125
"MtrElec",9,5,20,"",138.484,0,0,0,0,0,0,0,0,0,0,0,0,0,0,0,0,0,0,0,0,361.7,0,-223.217,0
"MtrElec",9,5,21,"",180.558,0,0,0,0,0,0,0,0,0,0,0,0,0,0,0,0,0,0,0,0,359.704,0,-179.146,0
"MtrElec",9,5,22,"",322.844,0,0,0,0,0,0,0,0,0,0,0,0,0,0,0,0,0,0,0,0,322.844,0,0,0
"MtrElec",9,5,23,"",203.558,0,0,0,0,0,0,0,0,0,0,0,0,0,0,0,0,0,0,0,0,203.558,0,0,0
"MtrElec",9,5,24,"",242.757,0,0,0,0,0,0,0,0,0,0,0,0,0,0,0,0,0,0,0,0,242.757,0,0,0
"MtrElec",9,6,1,"",159.795,0,0,0,0,0,0,0,0,0,0,0,0,0,0,0,0,0,0,0,0,159.795,0,0,0
"MtrElec",9,6,2,"",151.599,0,0,0,0,0,0,0,0,0,0,0,0,0,0,0,0,0,0,0,0,151.599,0,0,0
"MtrElec",9,6,3,"",147.423,0,0,0,0,0,0,0,0,0,0,0,0,0,0,0,0,0,0,0,0,147.423,0,0,0
"MtrElec",9,6,4,"",152.538,0,0,0,0,0,0,0,0,0,0,0,0,0,0,0,0,0,0,0,0,152.538,0,0,0
"MtrElec",9,6,5,"",151.257,0,0,0,0,0,0,0,0,0,0,0,0,0,0,0,0,0,0,0,0,151.257,0,0,0
"MtrElec",9,6,6,"",151.669,0,0,0,0,0,0,0,0,0,0,0,0,0,0,0,0,0,0,0,0,151.669,0,0,0
"MtrElec",9,6,7,"",194.176,0,0,0,0,0,0,0,0,0,0,0,0,0,0,0,0,0,0,0,0,195.153,0,0,-0.976489
"MtrElec",9,6,8,"",102.979,0,0,0,0,0,0,0,0,0,0,0,0,0,0,0,0,0,0,0,0,190.548,0,0,-87.5691
"MtrElec",9,6,9,"",7.41603,0,0,0,0,0,0,0,0,0,0,0,0,0,0,0,0,0,0,0,0,279.406,0,0,-271.99
"MtrElec",9,6,10,"",-105.77,0,0,0,0,0,0,0,0,0,0,0,0,0,0,0,0,0,0,0,0,335.54,0,0,-441.31
"MtrElec",9,6,11,"",0,0,0,0,0,0,0,0,0,0,0,0,0,0,0,0,0,0,0,0,0,420.529,0,143.148,-563.677
"MtrElec",9,6,12,"",0,0,0,0,0,0,0,0,0,0,0,0,0,0,0,0,0,0,0,0,0,469.108,0,170.539,-639.647
"MtrElec",9,6,13,"",0,0,0,0,0,0,0,0,0,0,0,0,0,0,0,0,0,0,0,0,0,503.035,0,185.396,-688.43
"MtrElec",9,6,14,"",-39.787,0,0,0,0,0,0,0,0,0,0,0,0,0,0,0,0,0,0,0,0,431.404,0,223.217,-694.407
"MtrElec",9,6,15,"",-127.751,0,0,0,0,0,0,0,0,0,0,0,0,0,0,0,0,0,0,0,0,439.03,0,76.5822,-643.363
"MtrElec",9,6,16,"",-102.178,0,0,0,0,0,0,0,0,0,0,0,0,0,0,0,0,0,0,0,0,434.089,0,0,-536.267
"MtrElec",9,6,17,"",69.9221,0,0,0,0,0,0,0,0,0,0,0,0,0,0,0,0,0,0,0,0,460.571,0,0,-390.649
"MtrElec",9,6,18,"",234.612,0,0,0,0,0,0,0,0,0,0,0,0,0,0,0,0,0,0,0,0,439.538,0,0,-204.926
"MtrElec",9,6,19,"",237.571,0,0,0,0,0,0,0,0,0,0,0,0,0,0,0,0,0,0,0,0,497.579,0,-223.217,-36.7904
"MtrElec",9,6,20,"",148.389,0,0,0,0,0,0,0,0,0,0,0,0,0,0,0,0,0,0,0,0,371.606,0,-223.217,0
"MtrElec",9,6,21,"",84.2838,0,0,0,0,0,0,0,0,0,0,0,0,0,0,0,0,0,0,0,0,307.501,0,-223.217,0
"MtrElec",9,6,22,"",283.109,0,0,0,0,0,0,0,0,0,0,0,0,0,0,0,0,0,0,0,0,334.449,0,-51.3398,0
"MtrElec",9,6,23,"",258.134,0,0,0,0,0,0,0,0,0,0,0,0,0,0,0,0,0,0,0,0,258.134,0,0,0
"MtrElec",9,6,24,"",213.205,0,0,0,0,0,0,0,0,0,0,0,0,0,0,0,0,0,0,0,0,213.205,0,0,0
"MtrElec",9,7,1,"",199.459,0,0,0,0,0,0,0,0,0,0,0,0,0,0,0,0,0,0,0,0,199.459,0,0,0
"MtrElec",9,7,2,"",153.386,0,0,0,0,0,0,0,0,0,0,0,0,0,0,0,0,0,0,0,0,153.386,0,0,0
"MtrElec",9,7,3,"",148.627,0,0,0,0,0,0,0,0,0,0,0,0,0,0,0,0,0,0,0,0,148.627,0,0,0
"MtrElec",9,7,4,"",148.837,0,0,0,0,0,0,0,0,0,0,0,0,0,0,0,0,0,0,0,0,148.837,0,0,0
"MtrElec",9,7,5,"",145.199,0,0,0,0,0,0,0,0,0,0,0,0,0,0,0,0,0,0,0,0,145.199,0,0,0
"MtrElec",9,7,6,"",208.769,0,0,0,0,0,0,0,0,0,0,0,0,0,0,0,0,0,0,0,0,208.769,0,0,0
"MtrElec",9,7,7,"",188.392,0,0,0,0,0,0,0,0,0,0,0,0,0,0,0,0,0,0,0,0,188.743,0,0,-0.350809
"MtrElec",9,7,8,"",190.265,0,0,0,0,0,0,0,0,0,0,0,0,0,0,0,0,0,0,0,0,277.423,0,0,-87.158
"MtrElec",9,7,9,"",102.58,0,0,0,0,0,0,0,0,0,0,0,0,0,0,0,0,0,0,0,0,375.066,0,0,-272.486
"MtrElec",9,7,10,"",-24.1475,0,0,0,0,0,0,0,0,0,0,0,0,0,0,0,0,0,0,0,0,416.141,0,0,-440.289
"MtrElec",9,7,11,"",0,0,0,0,0,0,0,0,0,0,0,0,0,0,0,0,0,0,0,0,0,422.416,0,142.105,-564.521
"MtrElec",9,7,12,"",0,0,0,0,0,0,0,0,0,0,0,0,0,0,0,0,0,0,0,0,0,498.735,0,153.583,-652.319
"MtrElec",9,7,13,"",0,0,0,0,0,0,0,0,0,0,0,0,0,0,0,0,0,0,0,0,0,531.721,0,159.613,-691.334
"MtrElec",9,7,14,"",0,0,0,0,0,0,0,0,0,0,0,0,0,0,0,0,0,0,0,0,0,499.008,0,189.465,-688.474
"MtrElec",9,7,15,"",-29.7029,0,0,0,0,0,0,0,0,0,0,0,0,0,0,0,0,0,0,0,0,449.846,0,154.114,-633.664
"MtrElec",9,7,16,"",-69.7183,0,0,0,0,0,0,0,0,0,0,0,0,0,0,0,0,0,0,0,0,454.002,0,0,-523.721
"MtrElec",9,7,17,"",158.119,0,0,0,0,0,0,0,0,0,0,0,0,0,0,0,0,0,0,0,0,536.948,0,0,-378.829
"MtrElec",9,7,18,"",344.354,0,0,0,0,0,0,0,0,0,0,0,0,0,0,0,0,0,0,0,0,544.226,0,0,-199.872
"MtrElec",9,7,19,"",225.616,0,0,0,0,0,0,0,0,0,0,0,0,0,0,0,0,0,0,0,0,482.214,0,-223.217,-33.3808
"MtrElec",9,7,20,"",108.702,0,0,0,0,0,0,0,0,0,0,0,0,0,0,0,0,0,0,0,0,331.919,0,-223.217,0
"MtrElec",9,7,21,"",126.285,0,0,0,0,0,0,0,0,0,0,0,0,0,0,0,0,0,0,0,0,349.502,0,-223.217,0
"MtrElec",9,7,22,"",231.08,0,0,0,0,0,0,0,0,0,0,0,0,0,0,0,0,0,0,0,0,282.42,0,-51.3398,0
"MtrElec",9,7,23,"",260.454,0,0,0,0,0,0,0,0,0,0,0,0,0,0,0,0,0,0,0,0,260.454,0,0,0
"MtrElec",9,7,24,"",208.871,0,0,0,0,0,0,0,0,0,0,0,0,0,0,0,0,0,0,0,0,208.871,0,0,0
"MtrElec",9,8,1,"",203.651,0,0,0,0,0,0,0,0,0,0,0,0,0,0,0,0,0,0,0,0,203.651,0,0,0
"MtrElec",9,8,2,"",156.187,0,0,0,0,0,0,0,0,0,0,0,0,0,0,0,0,0,0,0,0,156.187,0,0,0
"MtrElec",9,8,3,"",149.353,0,0,0,0,0,0,0,0,0,0,0,0,0,0,0,0,0,0,0,0,149.353,0,0,0
"MtrElec",9,8,4,"",150.875,0,0,0,0,0,0,0,0,0,0,0,0,0,0,0,0,0,0,0,0,150.875,0,0,0
"MtrElec",9,8,5,"",144.817,0,0,0,0,0,0,0,0,0,0,0,0,0,0,0,0,0,0,0,0,144.817,0,0,0
"MtrElec",9,8,6,"",163.257,0,0,0,0,0,0,0,0,0,0,0,0,0,0,0,0,0,0,0,0,163.257,0,0,0
"MtrElec",9,8,7,"",234.893,0,0,0,0,0,0,0,0,0,0,0,0,0,0,0,0,0,0,0,0,235.221,0,0,-0.327985
"MtrElec",9,8,8,"",246.759,0,0,0,0,0,0,0,0,0,0,0,0,0,0,0,0,0,0,0,0,331.18,0,0,-84.4201
"MtrElec",9,8,9,"",159.971,0,0,0,0,0,0,0,0,0,0,0,0,0,0,0,0,0,0,0,0,425.862,0,0,-265.891
"MtrElec",9,8,10,"",87.9288,0,0,0,0,0,0,0,0,0,0,0,0,0,0,0,0,0,0,0,0,522.774,0,0,-434.845
"MtrElec",9,8,11,"",0,0,0,0,0,0,0,0,0,0,0,0,0,0,0,0,0,0,0,0,0,507.334,0,48.0069,-555.341
"MtrElec",9,8,12,"",0,0,0,0,0,0,0,0,0,0,0,0,0,0,0,0,0,0,0,0,0,538.057,0,82.0951,-620.152
"MtrElec",9,8,13,"",0,0,0,0,0,0,0,0,0,0,0,0,0,0,0,0,0,0,0,0,0,529.851,0,136.398,-666.249
"MtrElec",9,8,14,"",-3.14419,0,0,0,0,0,0,0,0,0,0,0,0,0,0,0,0,0,0,0,0,449.29,0,223.217,-675.651
"MtrElec",9,8,15,"",0,0,0,0,0,0,0,0,0,0,0,0,0,0,0,0,0,0,0,0,0,494.088,0,132.431,-626.519
"MtrElec",9,8,16,"",0,0,0,0,0,0,0,0,0,0,0,0,0,0,0,0,0,0,0,0,0,499.234,0,27.0064,-526.24
"MtrElec",9,8,17,"",148.281,0,0,0,0,0,0,0,0,0,0,0,0,0,0,0,0,0,0,0,0,530.649,0,0,-382.369
"MtrElec",9,8,18,"",369.124,0,0,0,0,0,0,0,0,0,0,0,0,0,0,0,0,0,0,0,0,567.845,0,0,-198.721
"MtrElec",9,8,19,"",272.027,0,0,0,0,0,0,0,0,0,0,0,0,0,0,0,0,0,0,0,0,525.084,0,-223.217,-29.8405
"MtrElec",9,8,20,"",263.999,0,0,0,0,0,0,0,0,0,0,0,0,0,0,0,0,0,0,0,0,487.216,0,-223.217,0
"MtrElec",9,8,21,"",322.486,0,0,0,0,0,0,0,0,0,0,0,0,0,0,0,0,0,0,0,0,461.915,0,-139.429,0
"MtrElec",9,8,22,"",339.195,0,0,0,0,0,0,0,0,0,0,0,0,0,0,0,0,0,0,0,0,339.195,0,0,0
"MtrElec",9,8,23,"",310.144,0,0,0,0,0,0,0,0,0,0,0,0,0,0,0,0,0,0,0,0,310.144,0,0,0
"MtrElec",9,8,24,"",234.447,0,0,0,0,0,0,0,0,0,0,0,0,0,0,0,0,0,0,0,0,234.447,0,0,0
"MtrElec",9,9,1,"",165.82,0,0,0,0,0,0,0,0,0,0,0,0,0,0,0,0,0,0,0,0,165.82,0,0,0
"MtrElec",9,9,2,"",182.467,0,0,0,0,0,0,0,0,0,0,0,0,0,0,0,0,0,0,0,0,182.467,0,0,0
"MtrElec",9,9,3,"",147.542,0,0,0,0,0,0,0,0,0,0,0,0,0,0,0,0,0,0,0,0,147.542,0,0,0
"MtrElec",9,9,4,"",147.593,0,0,0,0,0,0,0,0,0,0,0,0,0,0,0,0,0,0,0,0,147.593,0,0,0
"MtrElec",9,9,5,"",141.737,0,0,0,0,0,0,0,0,0,0,0,0,0,0,0,0,0,0,0,0,141.737,0,0,0
"MtrElec",9,9,6,"",162.361,0,0,0,0,0,0,0,0,0,0,0,0,0,0,0,0,0,0,0,0,162.361,0,0,0
"MtrElec",9,9,7,"",238.189,0,0,0,0,0,0,0,0,0,0,0,0,0,0,0,0,0,0,0,0,238.189,0,0,0
"MtrElec",9,9,8,"",271.482,0,0,0,0,0,0,0,0,0,0,0,0,0,0,0,0,0,0,0,0,324.148,0,0,-52.6662
"MtrElec",9,9,9,"",287.369,0,0,0,0,0,0,0,0,0,0,0,0,0,0,0,0,0,0,0,0,424.89,0,0,-137.521
"MtrElec",9,9,10,"",62.4748,0,0,0,0,0,0,0,0,0,0,0,0,0,0,0,0,0,0,0,0,457.23,0,0,-394.755
"MtrElec",9,9,11,"",0.0000039,0,0,0,0,0,0,0,0,0,0,0,0,0,0,0,0,0,0,0,0,504.475,0,51.7773,-556.252
"MtrElec",9,9,12,"",0.0000078,0,0,0,0,0,0,0,0,0,0,0,0,0,0,0,0,0,0,0,0,516.97,0,129.771,-646.741
"MtrElec",9,9,13,"",0.0000156,0,0,0,0,0,0,0,0,0,0,0,0,0,0,0,0,0,0,0,0,533.287,0,146.544,-679.831
"MtrElec",9,9,14,"",0,0,0,0,0,0,0,0,0,0,0,0,0,0,0,0,0,0,0,0,0,470.698,0,209.779,-680.477
"MtrElec",9,9,15,"",0,0,0,0,0,0,0,0,0,0,0,0,0,0,0,0,0,0,0,0,0,451.368,0,185.073,-636.441
"MtrElec",9,9,16,"",0.0000039,0,0,0,0,0,0,0,0,0,0,0,0,0,0,0,0,0,0,0,0,480.221,0,52.1838,-532.405
"MtrElec",9,9,17,"",108.612,0,0,0,0,0,0,0,0,0,0,0,0,0,0,0,0,0,0,0,0,491.816,0,0,-383.203
"MtrElec",9,9,18,"",343.484,0,0,0,0,0,0,0,0,0,0,0,0,0,0,0,0,0,0,0,0,541.264,0,0,-197.78
"MtrElec",9,9,19,"",244.658,0,0,0,0,0,0,0,0,0,0,0,0,0,0,0,0,0,0,0,0,496.507,0,-223.217,-28.632
"MtrElec",9,9,20,"",250.293,0,0,0,0,0,0,0,0,0,0,0,0,0,0,0,0,0,0,0,0,473.509,0,-223.217,0
"MtrElec",9,9,21,"",239.722,0,0,0,0,0,0,0,0,0,0,0,0,0,0,0,0,0,0,0,0,462.939,0,-223.217,0
"MtrElec",9,9,22,"",273.402,0,0,0,0,0,0,0,0,0,0,0,0,0,0,0,0,0,0,0,0,303.305,0,-29.9029,0
"MtrElec",9,9,23,"",300.193,0,0,0,0,0,0,0,0,0,0,0,0,0,0,0,0,0,0,0,0,300.193,0,0,0
"MtrElec",9,9,24,"",217.038,0,0,0,0,0,0,0,0,0,0,0,0,0,0,0,0,0,0,0,0,217.038,0,0,0
"MtrElec",9,10,1,"",161.831,0,0,0,0,0,0,0,0,0,0,0,0,0,0,0,0,0,0,0,0,161.831,0,0,0
"MtrElec",9,10,2,"",154.85,0,0,0,0,0,0,0,0,0,0,0,0,0,0,0,0,0,0,0,0,154.85,0,0,0
"MtrElec",9,10,3,"",187.078,0,0,0,0,0,0,0,0,0,0,0,0,0,0,0,0,0,0,0,0,187.078,0,0,0
"MtrElec",9,10,4,"",152.706,0,0,0,0,0,0,0,0,0,0,0,0,0,0,0,0,0,0,0,0,152.706,0,0,0
"MtrElec",9,10,5,"",149.67,0,0,0,0,0,0,0,0,0,0,0,0,0,0,0,0,0,0,0,0,149.67,0,0,0
"MtrElec",9,10,6,"",154.223,0,0,0,0,0,0,0,0,0,0,0,0,0,0,0,0,0,0,0,0,154.223,0,0,0
"MtrElec",9,10,7,"",227.674,0,0,0,0,0,0,0,0,0,0,0,0,0,0,0,0,0,0,0,0,227.674,0,0,0
"MtrElec",9,10,8,"",244.72,0,0,0,0,0,0,0,0,0,0,0,0,0,0,0,0,0,0,0,0,332.632,0,0,-87.9126
"MtrElec",9,10,9,"",107.455,0,0,0,0,0,0,0,0,0,0,0,0,0,0,0,0,0,0,0,0,384.299,0,0,-276.844
"MtrElec",9,10,10,"",33.5247,0,0,0,0,0,0,0,0,0,0,0,0,0,0,0,0,0,0,0,0,482.361,0,0,-448.836
"MtrElec",9,10,11,"",0.0000039,0,0,0,0,0,0,0,0,0,0,0,0,0,0,0,0,0,0,0,0,514.984,0,55.9988,-570.983
"MtrElec",9,10,12,"",0,0,0,0,0,0,0,0,0,0,0,0,0,0,0,0,0,0,0,0,0,504.471,0,151.021,-655.493
"MtrElec",9,10,13,"",0,0,0,0,0,0,0,0,0,0,0,0,0,0,0,0,0,0,0,0,0,491.918,0,197.169,-689.087
"MtrElec",9,10,14,"",0,0,0,0,0,0,0,0,0,0,0,0,0,0,0,0,0,0,0,0,0,476.069,0,203.625,-679.693
"MtrElec",9,10,15,"",0,0,0,0,0,0,0,0,0,0,0,0,0,0,0,0,0,0,0,0,0,461.287,0,181.745,-643.032
"MtrElec",9,10,16,"",-6.62799,0,0,0,0,0,0,0,0,0,0,0,0,0,0,0,0,0,0,0,0,524.886,0,9.32251,-540.837
"MtrElec",9,10,17,"",133.061,0,0,0,0,0,0,0,0,0,0,0,0,0,0,0,0,0,0,0,0,521.051,0,0,-387.99
"MtrElec",9,10,18,"",353.422,0,0,0,0,0,0,0,0,0,0,0,0,0,0,0,0,0,0,0,0,554.558,0,0,-201.136
"MtrElec",9,10,19,"",242.836,0,0,0,0,0,0,0,0,0,0,0,0,0,0,0,0,0,0,0,0,492.597,0,-223.217,-26.5437
"MtrElec",9,10,20,"",221.15,0,0,0,0,0,0,0,0,0,0,0,0,0,0,0,0,0,0,0,0,444.366,0,-223.217,0
"MtrElec",9,10,21,"",225.913,0,0,0,0,0,0,0,0,0,0,0,0,0,0,0,0,0,0,0,0,449.13,0,-223.217,0
"MtrElec",9,10,22,"",283.828,0,0,0,0,0,0,0,0,0,0,0,0,0,0,0,0,0,0,0,0,335.168,0,-51.3398,0
"MtrElec",9,10,23,"",262.47,0,0,0,0,0,0,0,0,0,0,0,0,0,0,0,0,0,0,0,0,262.47,0,0,0
"MtrElec",9,10,24,"",240.389,0,0,0,0,0,0,0,0,0,0,0,0,0,0,0,0,0,0,0,0,240.389,0,0,0
"MtrElec",9,11,1,"",156.301,0,0,0,0,0,0,0,0,0,0,0,0,0,0,0,0,0,0,0,0,156.301,0,0,0
"MtrElec",9,11,2,"",152.784,0,0,0,0,0,0,0,0,0,0,0,0,0,0,0,0,0,0,0,0,152.784,0,0,0
"MtrElec",9,11,3,"",149.076,0,0,0,0,0,0,0,0,0,0,0,0,0,0,0,0,0,0,0,0,149.076,0,0,0
"MtrElec",9,11,4,"",150.153,0,0,0,0,0,0,0,0,0,0,0,0,0,0,0,0,0,0,0,0,150.153,0,0,0
"MtrElec",9,11,5,"",148.724,0,0,0,0,0,0,0,0,0,0,0,0,0,0,0,0,0,0,0,0,148.724,0,0,0
"MtrElec",9,11,6,"",188.071,0,0,0,0,0,0,0,0,0,0,0,0,0,0,0,0,0,0,0,0,188.071,0,0,0
"MtrElec",9,11,7,"",216.41,0,0,0,0,0,0,0,0,0,0,0,0,0,0,0,0,0,0,0,0,216.41,0,0,0
"MtrElec",9,11,8,"",262.038,0,0,0,0,0,0,0,0,0,0,0,0,0,0,0,0,0,0,0,0,330.691,0,0,-68.6537
"MtrElec",9,11,9,"",210.01,0,0,0,0,0,0,0,0,0,0,0,0,0,0,0,0,0,0,0,0,409.788,0,0,-199.778
"MtrElec",9,11,10,"",-27.7595,0,0,0,0,0,0,0,0,0,0,0,0,0,0,0,0,0,0,0,0,419.85,0,0,-447.61
"MtrElec",9,11,11,"",0.0000039,0,0,0,0,0,0,0,0,0,0,0,0,0,0,0,0,0,0,0,0,508.139,0,56.2109,-564.35
"MtrElec",9,11,12,"",0.0000078,0,0,0,0,0,0,0,0,0,0,0,0,0,0,0,0,0,0,0,0,528.373,0,122.832,-651.206
"MtrElec",9,11,13,"",0,0,0,0,0,0,0,0,0,0,0,0,0,0,0,0,0,0,0,0,0,520.392,0,176.181,-696.573
"MtrElec",9,11,14,"",-2.29397,0,0,0,0,0,0,0,0,0,0,0,0,0,0,0,0,0,0,0,0,466.672,0,223.217,-692.182
"MtrElec",9,11,15,"",0.0000156,0,0,0,0,0,0,0,0,0,0,0,0,0,0,0,0,0,0,0,0,437.382,0,198.468,-635.85
"MtrElec",9,11,16,"",-27.4188,0,0,0,0,0,0,0,0,0,0,0,0,0,0,0,0,0,0,0,0,487.448,0,21.9726,-536.839
"MtrElec",9,11,17,"",101.897,0,0,0,0,0,0,0,0,0,0,0,0,0,0,0,0,0,0,0,0,488.949,0,0,-387.053
"MtrElec",9,11,18,"",334.79,0,0,0,0,0,0,0,0,0,0,0,0,0,0,0,0,0,0,0,0,531.485,0,0,-196.695
"MtrElec",9,11,19,"",218.904,0,0,0,0,0,0,0,0,0,0,0,0,0,0,0,0,0,0,0,0,467.624,0,-223.217,-25.503
"MtrElec",9,11,20,"",197.568,0,0,0,0,0,0,0,0,0,0,0,0,0,0,0,0,0,0,0,0,420.785,0,-223.217,0
"MtrElec",9,11,21,"",228.609,0,0,0,0,0,0,0,0,0,0,0,0,0,0,0,0,0,0,0,0,451.825,0,-223.217,0
"MtrElec",9,11,22,"",233.993,0,0,0,0,0,0,0,0,0,0,0,0,0,0,0,0,0,0,0,0,285.333,0,-51.3398,0
"MtrElec",9,11,23,"",248.38,0,0,0,0,0,0,0,0,0,0,0,0,0,0,0,0,0,0,0,0,248.38,0,0,0
"MtrElec",9,11,24,"",231.449,0,0,0,0,0,0,0,0,0,0,0,0,0,0,0,0,0,0,0,0,231.449,0,0,0
"MtrElec",9,12,1,"",168.612,0,0,0,0,0,0,0,0,0,0,0,0,0,0,0,0,0,0,0,0,168.612,0,0,0
"MtrElec",9,12,2,"",151.63,0,0,0,0,0,0,0,0,0,0,0,0,0,0,0,0,0,0,0,0,151.63,0,0,0
"MtrElec",9,12,3,"",148.556,0,0,0,0,0,0,0,0,0,0,0,0,0,0,0,0,0,0,0,0,148.556,0,0,0
"MtrElec",9,12,4,"",149.934,0,0,0,0,0,0,0,0,0,0,0,0,0,0,0,0,0,0,0,0,149.934,0,0,0
"MtrElec",9,12,5,"",160.654,0,0,0,0,0,0,0,0,0,0,0,0,0,0,0,0,0,0,0,0,160.654,0,0,0
"MtrElec",9,12,6,"",151.775,0,0,0,0,0,0,0,0,0,0,0,0,0,0,0,0,0,0,0,0,151.775,0,0,0
"MtrElec",9,12,7,"",225.403,0,0,0,0,0,0,0,0,0,0,0,0,0,0,0,0,0,0,0,0,225.403,0,0,0
"MtrElec",9,12,8,"",237.534,0,0,0,0,0,0,0,0,0,0,0,0,0,0,0,0,0,0,0,0,257.089,0,0,-19.5549
"MtrElec",9,12,9,"",320.485,0,0,0,0,0,0,0,0,0,0,0,0,0,0,0,0,0,0,0,0,378.232,0,0,-57.7475
"MtrElec",9,12,10,"",275.331,0,0,0,0,0,0,0,0,0,0,0,0,0,0,0,0,0,0,0,0,394.58,0,0,-119.249
"MtrElec",9,12,11,"",260.712,0,0,0,0,0,0,0,0,0,0,0,0,0,0,0,0,0,0,0,0,466.474,0,0,-205.762
"MtrElec",9,12,12,"",142.565,0,0,0,0,0,0,0,0,0,0,0,0,0,0,0,0,0,0,0,0,480.361,0,0,-337.796
"MtrElec",9,12,13,"",132.085,0,0,0,0,0,0,0,0,0,0,0,0,0,0,0,0,0,0,0,0,520.983,0,0,-388.898
"MtrElec",9,12,14,"",102.865,0,0,0,0,0,0,0,0,0,0,0,0,0,0,0,0,0,0,0,0,487.544,0,0,-384.679
"MtrElec",9,12,15,"",205.547,0,0,0,0,0,0,0,0,0,0,0,0,0,0,0,0,0,0,0,0,521.501,0,0,-315.955
"MtrElec",9,12,16,"",215.121,0,0,0,0,0,0,0,0,0,0,0,0,0,0,0,0,0,0,0,0,468.296,0,0,-253.175
"MtrElec",9,12,17,"",331.684,0,0,0,0,0,0,0,0,0,0,0,0,0,0,0,0,0,0,0,0,511.224,0,0,-179.54
"MtrElec",9,12,18,"",352.365,0,0,0,0,0,0,0,0,0,0,0,0,0,0,0,0,0,0,0,0,468.449,0,0,-116.084
"MtrElec",9,12,19,"",447.877,0,0,0,0,0,0,0,0,0,0,0,0,0,0,0,0,0,0,0,0,474.973,0,0,-27.0959
"MtrElec",9,12,20,"",400.828,0,0,0,0,0,0,0,0,0,0,0,0,0,0,0,0,0,0,0,0,400.828,0,0,0
"MtrElec",9,12,21,"",377.045,0,0,0,0,0,0,0,0,0,0,0,0,0,0,0,0,0,0,0,0,377.045,0,0,0
"MtrElec",9,12,22,"",330.582,0,0,0,0,0,0,0,0,0,0,0,0,0,0,0,0,0,0,0,0,330.582,0,0,0
"MtrElec",9,12,23,"",250.101,0,0,0,0,0,0,0,0,0,0,0,0,0,0,0,0,0,0,0,0,250.101,0,0,0
"MtrElec",9,12,24,"",211.34,0,0,0,0,0,0,0,0,0,0,0,0,0,0,0,0,0,0,0,0,211.34,0,0,0
"MtrElec",9,13,1,"",171.332,0,0,0,0,0,0,0,0,0,0,0,0,0,0,0,0,0,0,0,0,171.332,0,0,0
"MtrElec",9,13,2,"",153.323,0,0,0,0,0,0,0,0,0,0,0,0,0,0,0,0,0,0,0,0,153.323,0,0,0
"MtrElec",9,13,3,"",153.352,0,0,0,0,0,0,0,0,0,0,0,0,0,0,0,0,0,0,0,0,153.352,0,0,0
"MtrElec",9,13,4,"",185.701,0,0,0,0,0,0,0,0,0,0,0,0,0,0,0,0,0,0,0,0,185.701,0,0,0
"MtrElec",9,13,5,"",183.574,0,0,0,0,0,0,0,0,0,0,0,0,0,0,0,0,0,0,0,0,183.574,0,0,0
"MtrElec",9,13,6,"",153.59,0,0,0,0,0,0,0,0,0,0,0,0,0,0,0,0,0,0,0,0,153.59,0,0,0
"MtrElec",9,13,7,"",157.452,0,0,0,0,0,0,0,0,0,0,0,0,0,0,0,0,0,0,0,0,157.452,0,0,0
"MtrElec",9,13,8,"",198.589,0,0,0,0,0,0,0,0,0,0,0,0,0,0,0,0,0,0,0,0,221.306,0,0,-22.7173
"MtrElec",9,13,9,"",206.201,0,0,0,0,0,0,0,0,0,0,0,0,0,0,0,0,0,0,0,0,286.268,0,0,-80.0675
"MtrElec",9,13,10,"",205.481,0,0,0,0,0,0,0,0,0,0,0,0,0,0,0,0,0,0,0,0,342.149,0,0,-136.668
"MtrElec",9,13,11,"",257.027,0,0,0,0,0,0,0,0,0,0,0,0,0,0,0,0,0,0,0,0,476.526,0,0,-219.499
"MtrElec",9,13,12,"",76.6798,0,0,0,0,0,0,0,0,0,0,0,0,0,0,0,0,0,0,0,0,372.879,0,0,-296.199
"MtrElec",9,13,13,"",62.8435,0,0,0,0,0,0,0,0,0,0,0,0,0,0,0,0,0,0,0,0,406.539,0,0,-343.696
"MtrElec",9,13,14,"",45.1496,0,0,0,0,0,0,0,0,0,0,0,0,0,0,0,0,0,0,0,0,384.354,0,0,-339.204
"MtrElec",9,13,15,"",0,0,0,0,0,0,0,0,0,0,0,0,0,0,0,0,0,0,0,0,0,390.083,0,33.2555,-423.338
"MtrElec",9,13,16,"",9.5615,0,0,0,0,0,0,0,0,0,0,0,0,0,0,0,0,0,0,0,0,390.27,0,0,-380.709
"MtrElec",9,13,17,"",34.3919,0,0,0,0,0,0,0,0,0,0,0,0,0,0,0,0,0,0,0,0,395.552,0,0,-361.16
"MtrElec",9,13,18,"",190.47,0,0,0,0,0,0,0,0,0,0,0,0,0,0,0,0,0,0,0,0,382.774,0,0,-192.304
"MtrElec",9,13,19,"",354.226,0,0,0,0,0,0,0,0,0,0,0,0,0,0,0,0,0,0,0,0,408.29,0,-30.0131,-24.0503
"MtrElec",9,13,20,"",338.665,0,0,0,0,0,0,0,0,0,0,0,0,0,0,0,0,0,0,0,0,338.665,0,0,0
"MtrElec",9,13,21,"",336.965,0,0,0,0,0,0,0,0,0,0,0,0,0,0,0,0,0,0,0,0,336.965,0,0,0
"MtrElec",9,13,22,"",335.674,0,0,0,0,0,0,0,0,0,0,0,0,0,0,0,0,0,0,0,0,335.674,0,0,0
"MtrElec",9,13,23,"",191.629,0,0,0,0,0,0,0,0,0,0,0,0,0,0,0,0,0,0,0,0,191.629,0,0,0
"MtrElec",9,13,24,"",212.465,0,0,0,0,0,0,0,0,0,0,0,0,0,0,0,0,0,0,0,0,212.465,0,0,0
"MtrElec",9,14,1,"",162.439,0,0,0,0,0,0,0,0,0,0,0,0,0,0,0,0,0,0,0,0,162.439,0,0,0
"MtrElec",9,14,2,"",153.65,0,0,0,0,0,0,0,0,0,0,0,0,0,0,0,0,0,0,0,0,153.65,0,0,0
"MtrElec",9,14,3,"",149.566,0,0,0,0,0,0,0,0,0,0,0,0,0,0,0,0,0,0,0,0,149.566,0,0,0
"MtrElec",9,14,4,"",147.707,0,0,0,0,0,0,0,0,0,0,0,0,0,0,0,0,0,0,0,0,147.707,0,0,0
"MtrElec",9,14,5,"",143.774,0,0,0,0,0,0,0,0,0,0,0,0,0,0,0,0,0,0,0,0,143.774,0,0,0
"MtrElec",9,14,6,"",164.529,0,0,0,0,0,0,0,0,0,0,0,0,0,0,0,0,0,0,0,0,164.529,0,0,0
"MtrElec",9,14,7,"",216.922,0,0,0,0,0,0,0,0,0,0,0,0,0,0,0,0,0,0,0,0,217.003,0,0,-0.0807552
"MtrElec",9,14,8,"",212.048,0,0,0,0,0,0,0,0,0,0,0,0,0,0,0,0,0,0,0,0,290.041,0,0,-77.993
"MtrElec",9,14,9,"",138.092,0,0,0,0,0,0,0,0,0,0,0,0,0,0,0,0,0,0,0,0,365.758,0,0,-227.665
"MtrElec",9,14,10,"",-0.600344,0,0,0,0,0,0,0,0,0,0,0,0,0,0,0,0,0,0,0,0,454.535,0,0,-455.135
"MtrElec",9,14,11,"",0.0000078,0,0,0,0,0,0,0,0,0,0,0,0,0,0,0,0,0,0,0,0,455.852,0,124.514,-580.366
"MtrElec",9,14,12,"",0,0,0,0,0,0,0,0,0,0,0,0,0,0,0,0,0,0,0,0,0,457.892,0,194.86,-652.752
"MtrElec",9,14,13,"",-24.2837,0,0,0,0,0,0,0,0,0,0,0,0,0,0,0,0,0,0,0,0,445.612,0,223.217,-693.112
"MtrElec",9,14,14,"",-11.3223,0,0,0,0,0,0,0,0,0,0,0,0,0,0,0,0,0,0,0,0,404.366,0,223.217,-638.905
"MtrElec",9,14,15,"",-169.804,0,0,0,0,0,0,0,0,0,0,0,0,0,0,0,0,0,0,0,0,376.1,0,33.0737,-578.977
"MtrElec",9,14,16,"",-64.1517,0,0,0,0,0,0,0,0,0,0,0,0,0,0,0,0,0,0,0,0,420.867,0,0,-485.019
"MtrElec",9,14,17,"",50.1268,0,0,0,0,0,0,0,0,0,0,0,0,0,0,0,0,0,0,0,0,425.589,0,0,-375.463
"MtrElec",9,14,18,"",267.126,0,0,0,0,0,0,0,0,0,0,0,0,0,0,0,0,0,0,0,0,458.476,0,0,-191.35
"MtrElec",9,14,19,"",184.413,0,0,0,0,0,0,0,0,0,0,0,0,0,0,0,0,0,0,0,0,431.165,0,-223.217,-23.5352
"MtrElec",9,14,20,"",200.861,0,0,0,0,0,0,0,0,0,0,0,0,0,0,0,0,0,0,0,0,424.078,0,-223.217,0
"MtrElec",9,14,21,"",170.708,0,0,0,0,0,0,0,0,0,0,0,0,0,0,0,0,0,0,0,0,393.925,0,-223.217,0
"MtrElec",9,14,22,"",252.593,0,0,0,0,0,0,0,0,0,0,0,0,0,0,0,0,0,0,0,0,303.933,0,-51.3398,0
"MtrElec",9,14,23,"",276.455,0,0,0,0,0,0,0,0,0,0,0,0,0,0,0,0,0,0,0,0,276.455,0,0,0
"MtrElec",9,14,24,"",198.126,0,0,0,0,0,0,0,0,0,0,0,0,0,0,0,0,0,0,0,0,198.126,0,0,0
"MtrElec",9,15,1,"",160.355,0,0,0,0,0,0,0,0,0,0,0,0,0,0,0,0,0,0,0,0,160.355,0,0,0
"MtrElec",9,15,2,"",152.384,0,0,0,0,0,0,0,0,0,0,0,0,0,0,0,0,0,0,0,0,152.384,0,0,0
"MtrElec",9,15,3,"",144.656,0,0,0,0,0,0,0,0,0,0,0,0,0,0,0,0,0,0,0,0,144.656,0,0,0
"MtrElec",9,15,4,"",146.836,0,0,0,0,0,0,0,0,0,0,0,0,0,0,0,0,0,0,0,0,146.836,0,0,0
"MtrElec",9,15,5,"",144.071,0,0,0,0,0,0,0,0,0,0,0,0,0,0,0,0,0,0,0,0,144.071,0,0,0
"MtrElec",9,15,6,"",194.153,0,0,0,0,0,0,0,0,0,0,0,0,0,0,0,0,0,0,0,0,194.153,0,0,0
"MtrElec",9,15,7,"",208.908,0,0,0,0,0,0,0,0,0,0,0,0,0,0,0,0,0,0,0,0,208.928,0,0,-0.020161
"MtrElec",9,15,8,"",224.287,0,0,0,0,0,0,0,0,0,0,0,0,0,0,0,0,0,0,0,0,312.054,0,0,-87.7668
"MtrElec",9,15,9,"",85.9184,0,0,0,0,0,0,0,0,0,0,0,0,0,0,0,0,0,0,0,0,366.853,0,0,-280.934
"MtrElec",9,15,10,"",15.0708,0,0,0,0,0,0,0,0,0,0,0,0,0,0,0,0,0,0,0,0,466.194,0,0,-451.123
"MtrElec",9,15,11,"",0,0,0,0,0,0,0,0,0,0,0,0,0,0,0,0,0,0,0,0,0,467.958,0,104.403,-572.361
"MtrElec",9,15,12,"",0,0,0,0,0,0,0,0,0,0,0,0,0,0,0,0,0,0,0,0,0,470.183,0,179.331,-649.513
"MtrElec",9,15,13,"",0,0,0,0,0,0,0,0,0,0,0,0,0,0,0,0,0,0,0,0,0,550.214,0,127.648,-677.862
"MtrElec",9,15,14,"",-43.5128,0,0,0,0,0,0,0,0,0,0,0,0,0,0,0,0,0,0,0,0,413.319,0,223.217,-680.049
"MtrElec",9,15,15,"",-5.20095,0,0,0,0,0,0,0,0,0,0,0,0,0,0,0,0,0,0,0,0,467.504,0,164.283,-636.988
"MtrElec",9,15,16,"",-99.1731,0,0,0,0,0,0,0,0,0,0,0,0,0,0,0,0,0,0,0,0,434.577,0,0,-533.75
"MtrElec",9,15,17,"",104.245,0,0,0,0,0,0,0,0,0,0,0,0,0,0,0,0,0,0,0,0,483.995,0,0,-379.75
"MtrElec",9,15,18,"",304.599,0,0,0,0,0,0,0,0,0,0,0,0,0,0,0,0,0,0,0,0,491.921,0,0,-187.323
"MtrElec",9,15,19,"",213.566,0,0,0,0,0,0,0,0,0,0,0,0,0,0,0,0,0,0,0,0,458.772,0,-223.217,-21.99
"MtrElec",9,15,20,"",214.527,0,0,0,0,0,0,0,0,0,0,0,0,0,0,0,0,0,0,0,0,437.743,0,-223.217,0
"MtrElec",9,15,21,"",219.897,0,0,0,0,0,0,0,0,0,0,0,0,0,0,0,0,0,0,0,0,443.114,0,-223.217,0
"MtrElec",9,15,22,"",274.148,0,0,0,0,0,0,0,0,0,0,0,0,0,0,0,0,0,0,0,0,325.488,0,-51.3398,0
"MtrElec",9,15,23,"",277.286,0,0,0,0,0,0,0,0,0,0,0,0,0,0,0,0,0,0,0,0,277.286,0,0,0
"MtrElec",9,15,24,"",214.116,0,0,0,0,0,0,0,0,0,0,0,0,0,0,0,0,0,0,0,0,214.116,0,0,0
"MtrElec",9,16,1,"",161.224,0,0,0,0,0,0,0,0,0,0,0,0,0,0,0,0,0,0,0,0,161.224,0,0,0
"MtrElec",9,16,2,"",151.212,0,0,0,0,0,0,0,0,0,0,0,0,0,0,0,0,0,0,0,0,151.212,0,0,0
"MtrElec",9,16,3,"",146.049,0,0,0,0,0,0,0,0,0,0,0,0,0,0,0,0,0,0,0,0,146.049,0,0,0
"MtrElec",9,16,4,"",147.61,0,0,0,0,0,0,0,0,0,0,0,0,0,0,0,0,0,0,0,0,147.61,0,0,0
"MtrElec",9,16,5,"",143.546,0,0,0,0,0,0,0,0,0,0,0,0,0,0,0,0,0,0,0,0,143.546,0,0,0
"MtrElec",9,16,6,"",183.324,0,0,0,0,0,0,0,0,0,0,0,0,0,0,0,0,0,0,0,0,183.324,0,0,0
"MtrElec",9,16,7,"",254.678,0,0,0,0,0,0,0,0,0,0,0,0,0,0,0,0,0,0,0,0,254.726,0,0,-0.0482312
"MtrElec",9,16,8,"",209.63,0,0,0,0,0,0,0,0,0,0,0,0,0,0,0,0,0,0,0,0,296.567,0,0,-86.9363
"MtrElec",9,16,9,"",89.0127,0,0,0,0,0,0,0,0,0,0,0,0,0,0,0,0,0,0,0,0,369.968,0,0,-280.955
"MtrElec",9,16,10,"",1.4865,0,0,0,0,0,0,0,0,0,0,0,0,0,0,0,0,0,0,0,0,452.248,0,0,-450.762
"MtrElec",9,16,11,"",0,0,0,0,0,0,0,0,0,0,0,0,0,0,0,0,0,0,0,0,0,485.397,0,85.1836,-570.581
"MtrElec",9,16,12,"",0.0000156,0,0,0,0,0,0,0,0,0,0,0,0,0,0,0,0,0,0,0,0,502.601,0,158.066,-660.667
"MtrElec",9,16,13,"",0,0,0,0,0,0,0,0,0,0,0,0,0,0,0,0,0,0,0,0,0,550.829,0,159.908,-710.737
"MtrElec",9,16,14,"",-42.8015,0,0,0,0,0,0,0,0,0,0,0,0,0,0,0,0,0,0,0,0,443.121,0,223.217,-709.139
"MtrElec",9,16,15,"",-65.3523,0,0,0,0,0,0,0,0,0,0,0,0,0,0,0,0,0,0,0,0,410.767,0,172.506,-648.626
"MtrElec",9,16,16,"",-86.8967,0,0,0,0,0,0,0,0,0,0,0,0,0,0,0,0,0,0,0,0,444.479,0,0,-531.376
"MtrElec",9,16,17,"",112,0,0,0,0,0,0,0,0,0,0,0,0,0,0,0,0,0,0,0,0,486.056,0,0,-374.056
"MtrElec",9,16,18,"",359.343,0,0,0,0,0,0,0,0,0,0,0,0,0,0,0,0,0,0,0,0,541.165,0,0,-181.822
"MtrElec",9,16,19,"",206.386,0,0,0,0,0,0,0,0,0,0,0,0,0,0,0,0,0,0,0,0,450.536,0,-223.217,-20.9331
"MtrElec",9,16,20,"",228.738,0,0,0,0,0,0,0,0,0,0,0,0,0,0,0,0,0,0,0,0,451.955,0,-223.217,0
"MtrElec",9,16,21,"",235.365,0,0,0,0,0,0,0,0,0,0,0,0,0,0,0,0,0,0,0,0,458.581,0,-223.217,0
"MtrElec",9,16,22,"",242.403,0,0,0,0,0,0,0,0,0,0,0,0,0,0,0,0,0,0,0,0,293.743,0,-51.3398,0
"MtrElec",9,16,23,"",252.11,0,0,0,0,0,0,0,0,0,0,0,0,0,0,0,0,0,0,0,0,252.11,0,0,0
"MtrElec",9,16,24,"",206.704,0,0,0,0,0,0,0,0,0,0,0,0,0,0,0,0,0,0,0,0,206.704,0,0,0
"MtrElec",9,17,1,"",209.33,0,0,0,0,0,0,0,0,0,0,0,0,0,0,0,0,0,0,0,0,209.33,0,0,0
"MtrElec",9,17,2,"",153.766,0,0,0,0,0,0,0,0,0,0,0,0,0,0,0,0,0,0,0,0,153.766,0,0,0
"MtrElec",9,17,3,"",145.325,0,0,0,0,0,0,0,0,0,0,0,0,0,0,0,0,0,0,0,0,145.325,0,0,0
"MtrElec",9,17,4,"",146.746,0,0,0,0,0,0,0,0,0,0,0,0,0,0,0,0,0,0,0,0,146.746,0,0,0
"MtrElec",9,17,5,"",142.226,0,0,0,0,0,0,0,0,0,0,0,0,0,0,0,0,0,0,0,0,142.226,0,0,0
"MtrElec",9,17,6,"",166.699,0,0,0,0,0,0,0,0,0,0,0,0,0,0,0,0,0,0,0,0,166.699,0,0,0
"MtrElec",9,17,7,"",225.036,0,0,0,0,0,0,0,0,0,0,0,0,0,0,0,0,0,0,0,0,225.036,0,0,0
"MtrElec",9,17,8,"",224.053,0,0,0,0,0,0,0,0,0,0,0,0,0,0,0,0,0,0,0,0,306.879,0,0,-82.8261
"MtrElec",9,17,9,"",113.431,0,0,0,0,0,0,0,0,0,0,0,0,0,0,0,0,0,0,0,0,385.336,0,0,-271.905
"MtrElec",9,17,10,"",-21.0451,0,0,0,0,0,0,0,0,0,0,0,0,0,0,0,0,0,0,0,0,416.479,0,0,-437.524
"MtrElec",9,17,11,"",0,0,0,0,0,0,0,0,0,0,0,0,0,0,0,0,0,0,0,0,0,476.642,0,87.3184,-563.96
"MtrElec",9,17,12,"",0,0,0,0,0,0,0,0,0,0,0,0,0,0,0,0,0,0,0,0,0,512.978,0,129.954,-642.932
"MtrElec",9,17,13,"",0.0000078,0,0,0,0,0,0,0,0,0,0,0,0,0,0,0,0,0,0,0,0,547.867,0,117.537,-665.404
"MtrElec",9,17,14,"",0,0,0,0,0,0,0,0,0,0,0,0,0,0,0,0,0,0,0,0,0,454.412,0,213.069,-667.481
"MtrElec",9,17,15,"",0.0000156,0,0,0,0,0,0,0,0,0,0,0,0,0,0,0,0,0,0,0,0,466.422,0,160.968,-627.39
"MtrElec",9,17,16,"",0.0000010,0,0,0,0,0,0,0,0,0,0,0,0,0,0,0,0,0,0,0,0,512.718,0,9.67869,-522.397
"MtrElec",9,17,17,"",199.363,0,0,0,0,0,0,0,0,0,0,0,0,0,0,0,0,0,0,0,0,567.384,0,0,-368.022
"MtrElec",9,17,18,"",345.429,0,0,0,0,0,0,0,0,0,0,0,0,0,0,0,0,0,0,0,0,523.733,0,0,-178.303
"MtrElec",9,17,19,"",292.149,0,0,0,0,0,0,0,0,0,0,0,0,0,0,0,0,0,0,0,0,534.471,0,-223.217,-19.1053
"MtrElec",9,17,20,"",233.757,0,0,0,0,0,0,0,0,0,0,0,0,0,0,0,0,0,0,0,0,456.974,0,-223.217,0
"MtrElec",9,17,21,"",224.326,0,0,0,0,0,0,0,0,0,0,0,0,0,0,0,0,0,0,0,0,426.361,0,-202.035,0
"MtrElec",9,17,22,"",311.417,0,0,0,0,0,0,0,0,0,0,0,0,0,0,0,0,0,0,0,0,311.417,0,0,0
"MtrElec",9,17,23,"",249.86,0,0,0,0,0,0,0,0,0,0,0,0,0,0,0,0,0,0,0,0,249.86,0,0,0
"MtrElec",9,17,24,"",204.51,0,0,0,0,0,0,0,0,0,0,0,0,0,0,0,0,0,0,0,0,204.51,0,0,0
"MtrElec",9,18,1,"",158.098,0,0,0,0,0,0,0,0,0,0,0,0,0,0,0,0,0,0,0,0,158.098,0,0,0
"MtrElec",9,18,2,"",152.526,0,0,0,0,0,0,0,0,0,0,0,0,0,0,0,0,0,0,0,0,152.526,0,0,0
"MtrElec",9,18,3,"",149.892,0,0,0,0,0,0,0,0,0,0,0,0,0,0,0,0,0,0,0,0,149.892,0,0,0
"MtrElec",9,18,4,"",148.656,0,0,0,0,0,0,0,0,0,0,0,0,0,0,0,0,0,0,0,0,148.656,0,0,0
"MtrElec",9,18,5,"",148.941,0,0,0,0,0,0,0,0,0,0,0,0,0,0,0,0,0,0,0,0,148.941,0,0,0
"MtrElec",9,18,6,"",186.661,0,0,0,0,0,0,0,0,0,0,0,0,0,0,0,0,0,0,0,0,186.661,0,0,0
"MtrElec",9,18,7,"",219.551,0,0,0,0,0,0,0,0,0,0,0,0,0,0,0,0,0,0,0,0,219.551,0,0,0
"MtrElec",9,18,8,"",229.185,0,0,0,0,0,0,0,0,0,0,0,0,0,0,0,0,0,0,0,0,314.474,0,0,-85.2896
"MtrElec",9,18,9,"",75.2529,0,0,0,0,0,0,0,0,0,0,0,0,0,0,0,0,0,0,0,0,354.354,0,0,-279.101
"MtrElec",9,18,10,"",93.6606,0,0,0,0,0,0,0,0,0,0,0,0,0,0,0,0,0,0,0,0,494.013,0,0,-400.352
"MtrElec",9,18,11,"",0.108813,0,0,0,0,0,0,0,0,0,0,0,0,0,0,0,0,0,0,0,0,492.713,0,0,-492.604
"MtrElec",9,18,12,"",0,0,0,0,0,0,0,0,0,0,0,0,0,0,0,0,0,0,0,0,0,540.626,0,58.1509,-598.777
"MtrElec",9,18,13,"",0.0000010,0,0,0,0,0,0,0,0,0,0,0,0,0,0,0,0,0,0,0,0,618.515,0,13.0233,-631.539
"MtrElec",9,18,14,"",0,0,0,0,0,0,0,0,0,0,0,0,0,0,0,0,0,0,0,0,0,501.25,0,117.761,-619.011
"MtrElec",9,18,15,"",0,0,0,0,0,0,0,0,0,0,0,0,0,0,0,0,0,0,0,0,0,557.513,0,38.9756,-596.489
"MtrElec",9,18,16,"",42.0563,0,0,0,0,0,0,0,0,0,0,0,0,0,0,0,0,0,0,0,0,547.205,0,0,-505.149
"MtrElec",9,18,17,"",225.222,0,0,0,0,0,0,0,0,0,0,0,0,0,0,0,0,0,0,0,0,578.474,0,0,-353.252
"MtrElec",9,18,18,"",413.146,0,0,0,0,0,0,0,0,0,0,0,0,0,0,0,0,0,0,0,0,580.784,0,0,-167.638
"MtrElec",9,18,19,"",293.972,0,0,0,0,0,0,0,0,0,0,0,0,0,0,0,0,0,0,0,0,517.175,0,-205.69,-17.5135
"MtrElec",9,18,20,"",490.577,0,0,0,0,0,0,0,0,0,0,0,0,0,0,0,0,0,0,0,0,490.577,0,0,0
"MtrElec",9,18,21,"",469.944,0,0,0,0,0,0,0,0,0,0,0,0,0,0,0,0,0,0,0,0,469.944,0,0,0
"MtrElec",9,18,22,"",315.677,0,0,0,0,0,0,0,0,0,0,0,0,0,0,0,0,0,0,0,0,315.677,0,0,0
"MtrElec",9,18,23,"",293.798,0,0,0,0,0,0,0,0,0,0,0,0,0,0,0,0,0,0,0,0,293.798,0,0,0
"MtrElec",9,18,24,"",271.03,0,0,0,0,0,0,0,0,0,0,0,0,0,0,0,0,0,0,0,0,271.03,0,0,0
"MtrElec",9,19,1,"",163.787,0,0,0,0,0,0,0,0,0,0,0,0,0,0,0,0,0,0,0,0,163.787,0,0,0
"MtrElec",9,19,2,"",150.355,0,0,0,0,0,0,0,0,0,0,0,0,0,0,0,0,0,0,0,0,150.355,0,0,0
"MtrElec",9,19,3,"",149.537,0,0,0,0,0,0,0,0,0,0,0,0,0,0,0,0,0,0,0,0,149.537,0,0,0
"MtrElec",9,19,4,"",149.425,0,0,0,0,0,0,0,0,0,0,0,0,0,0,0,0,0,0,0,0,149.425,0,0,0
"MtrElec",9,19,5,"",143.502,0,0,0,0,0,0,0,0,0,0,0,0,0,0,0,0,0,0,0,0,143.502,0,0,0
"MtrElec",9,19,6,"",153.304,0,0,0,0,0,0,0,0,0,0,0,0,0,0,0,0,0,0,0,0,153.304,0,0,0
"MtrElec",9,19,7,"",214.874,0,0,0,0,0,0,0,0,0,0,0,0,0,0,0,0,0,0,0,0,214.874,0,0,0
"MtrElec",9,19,8,"",204.23,0,0,0,0,0,0,0,0,0,0,0,0,0,0,0,0,0,0,0,0,248.173,0,0,-43.9427
"MtrElec",9,19,9,"",183.189,0,0,0,0,0,0,0,0,0,0,0,0,0,0,0,0,0,0,0,0,306.88,0,0,-123.691
"MtrElec",9,19,10,"",175.687,0,0,0,0,0,0,0,0,0,0,0,0,0,0,0,0,0,0,0,0,417.465,0,0,-241.778
"MtrElec",9,19,11,"",64.0478,0,0,0,0,0,0,0,0,0,0,0,0,0,0,0,0,0,0,0,0,483.186,0,0,-419.139
"MtrElec",9,19,12,"",25.5736,0,0,0,0,0,0,0,0,0,0,0,0,0,0,0,0,0,0,0,0,560.942,0,0,-535.369
"MtrElec",9,19,13,"",146.886,0,0,0,0,0,0,0,0,0,0,0,0,0,0,0,0,0,0,0,0,620.341,0,0,-473.454
"MtrElec",9,19,14,"",462.67,0,0,0,0,0,0,0,0,0,0,0,0,0,0,0,0,0,0,0,0,527.507,0,0,-64.837
"MtrElec",9,19,15,"",331.581,0,0,0,0,0,0,0,0,0,0,0,0,0,0,0,0,0,0,0,0,517.564,0,0,-185.983
"MtrElec",9,19,16,"",153.468,0,0,0,0,0,0,0,0,0,0,0,0,0,0,0,0,0,0,0,0,503.059,0,0,-349.591
"MtrElec",9,19,17,"",403.542,0,0,0,0,0,0,0,0,0,0,0,0,0,0,0,0,0,0,0,0,467.528,0,0,-63.9859
"MtrElec",9,19,18,"",477.225,0,0,0,0,0,0,0,0,0,0,0,0,0,0,0,0,0,0,0,0,511.685,0,0,-34.4591
"MtrElec",9,19,19,"",573.023,0,0,0,0,0,0,0,0,0,0,0,0,0,0,0,0,0,0,0,0,576.119,0,0,-3.0964
"MtrElec",9,19,20,"",462.761,0,0,0,0,0,0,0,0,0,0,0,0,0,0,0,0,0,0,0,0,462.761,0,0,0
"MtrElec",9,19,21,"",353.498,0,0,0,0,0,0,0,0,0,0,0,0,0,0,0,0,0,0,0,0,353.498,0,0,0
"MtrElec",9,19,22,"",374.499,0,0,0,0,0,0,0,0,0,0,0,0,0,0,0,0,0,0,0,0,374.499,0,0,0
"MtrElec",9,19,23,"",289.147,0,0,0,0,0,0,0,0,0,0,0,0,0,0,0,0,0,0,0,0,289.147,0,0,0
"MtrElec",9,19,24,"",230.47,0,0,0,0,0,0,0,0,0,0,0,0,0,0,0,0,0,0,0,0,230.47,0,0,0
"MtrElec",9,20,1,"",182.151,0,0,0,0,0,0,0,0,0,0,0,0,0,0,0,0,0,0,0,0,182.151,0,0,0
"MtrElec",9,20,2,"",167.584,0,0,0,0,0,0,0,0,0,0,0,0,0,0,0,0,0,0,0,0,167.584,0,0,0
"MtrElec",9,20,3,"",164.653,0,0,0,0,0,0,0,0,0,0,0,0,0,0,0,0,0,0,0,0,164.653,0,0,0
"MtrElec",9,20,4,"",198.288,0,0,0,0,0,0,0,0,0,0,0,0,0,0,0,0,0,0,0,0,198.288,0,0,0
"MtrElec",9,20,5,"",204.943,0,0,0,0,0,0,0,0,0,0,0,0,0,0,0,0,0,0,0,0,204.943,0,0,0
"MtrElec",9,20,6,"",166.522,0,0,0,0,0,0,0,0,0,0,0,0,0,0,0,0,0,0,0,0,166.522,0,0,0
"MtrElec",9,20,7,"",182.505,0,0,0,0,0,0,0,0,0,0,0,0,0,0,0,0,0,0,0,0,182.505,0,0,0
"MtrElec",9,20,8,"",189.796,0,0,0,0,0,0,0,0,0,0,0,0,0,0,0,0,0,0,0,0,251.609,0,0,-61.8128
"MtrElec",9,20,9,"",153.811,0,0,0,0,0,0,0,0,0,0,0,0,0,0,0,0,0,0,0,0,349.632,0,0,-195.821
"MtrElec",9,20,10,"",56.0445,0,0,0,0,0,0,0,0,0,0,0,0,0,0,0,0,0,0,0,0,461.908,0,0,-405.864
"MtrElec",9,20,11,"",64.3681,0,0,0,0,0,0,0,0,0,0,0,0,0,0,0,0,0,0,0,0,582.988,0,0,-518.62
"MtrElec",9,20,12,"",16.9689,0,0,0,0,0,0,0,0,0,0,0,0,0,0,0,0,0,0,0,0,559.297,0,0,-542.329
"MtrElec",9,20,13,"",124.716,0,0,0,0,0,0,0,0,0,0,0,0,0,0,0,0,0,0,0,0,558.632,0,0,-433.916
"MtrElec",9,20,14,"",109.047,0,0,0,0,0,0,0,0,0,0,0,0,0,0,0,0,0,0,0,0,488.322,0,0,-379.275
"MtrElec",9,20,15,"",100.945,0,0,0,0,0,0,0,0,0,0,0,0,0,0,0,0,0,0,0,0,475.564,0,0,-374.619
"MtrElec",9,20,16,"",182.709,0,0,0,0,0,0,0,0,0,0,0,0,0,0,0,0,0,0,0,0,486.097,0,0,-303.387
"MtrElec",9,20,17,"",271.724,0,0,0,0,0,0,0,0,0,0,0,0,0,0,0,0,0,0,0,0,460.479,0,0,-188.754
"MtrElec",9,20,18,"",422.661,0,0,0,0,0,0,0,0,0,0,0,0,0,0,0,0,0,0,0,0,455.323,0,0,-32.6615
"MtrElec",9,20,19,"",494.49,0,0,0,0,0,0,0,0,0,0,0,0,0,0,0,0,0,0,0,0,496.105,0,0,-1.61502
"MtrElec",9,20,20,"",368.702,0,0,0,0,0,0,0,0,0,0,0,0,0,0,0,0,0,0,0,0,368.702,0,0,0
"MtrElec",9,20,21,"",313.268,0,0,0,0,0,0,0,0,0,0,0,0,0,0,0,0,0,0,0,0,313.268,0,0,0
"MtrElec",9,20,22,"",358.722,0,0,0,0,0,0,0,0,0,0,0,0,0,0,0,0,0,0,0,0,358.722,0,0,0
"MtrElec",9,20,23,"",271.028,0,0,0,0,0,0,0,0,0,0,0,0,0,0,0,0,0,0,0,0,271.028,0,0,0
"MtrElec",9,20,24,"",258.771,0,0,0,0,0,0,0,0,0,0,0,0,0,0,0,0,0,0,0,0,258.771,0,0,0
"MtrElec",9,21,1,"",194.738,0,0,0,0,0,0,0,0,0,0,0,0,0,0,0,0,0,0,0,0,194.738,0,0,0
"MtrElec",9,21,2,"",177.444,0,0,0,0,0,0,0,0,0,0,0,0,0,0,0,0,0,0,0,0,177.444,0,0,0
"MtrElec",9,21,3,"",166.326,0,0,0,0,0,0,0,0,0,0,0,0,0,0,0,0,0,0,0,0,166.326,0,0,0
"MtrElec",9,21,4,"",167.005,0,0,0,0,0,0,0,0,0,0,0,0,0,0,0,0,0,0,0,0,167.005,0,0,0
"MtrElec",9,21,5,"",162.975,0,0,0,0,0,0,0,0,0,0,0,0,0,0,0,0,0,0,0,0,162.975,0,0,0
"MtrElec",9,21,6,"",200.594,0,0,0,0,0,0,0,0,0,0,0,0,0,0,0,0,0,0,0,0,200.594,0,0,0
"MtrElec",9,21,7,"",307.87,0,0,0,0,0,0,0,0,0,0,0,0,0,0,0,0,0,0,0,0,307.87,0,0,0
"MtrElec",9,21,8,"",296.531,0,0,0,0,0,0,0,0,0,0,0,0,0,0,0,0,0,0,0,0,368.381,0,0,-71.8504
"MtrElec",9,21,9,"",229.733,0,0,0,0,0,0,0,0,0,0,0,0,0,0,0,0,0,0,0,0,473.881,0,0,-244.148
"MtrElec",9,21,10,"",162.122,0,0,0,0,0,0,0,0,0,0,0,0,0,0,0,0,0,0,0,0,565.774,0,0,-403.651
"MtrElec",9,21,11,"",81.9285,0,0,0,0,0,0,0,0,0,0,0,0,0,0,0,0,0,0,0,0,602.154,0,0,-520.226
"MtrElec",9,21,12,"",0,0,0,0,0,0,0,0,0,0,0,0,0,0,0,0,0,0,0,0,0,559.56,0,20.7516,-580.312
"MtrElec",9,21,13,"",0.0000039,0,0,0,0,0,0,0,0,0,0,0,0,0,0,0,0,0,0,0,0,564.446,0,47.8078,-612.254
"MtrElec",9,21,14,"",0.0000078,0,0,0,0,0,0,0,0,0,0,0,0,0,0,0,0,0,0,0,0,526.95,0,71.8076,-598.758
"MtrElec",9,21,15,"",0,0,0,0,0,0,0,0,0,0,0,0,0,0,0,0,0,0,0,0,0,504.092,0,67.7765,-571.869
"MtrElec",9,21,16,"",64.8286,0,0,0,0,0,0,0,0,0,0,0,0,0,0,0,0,0,0,0,0,541.981,0,0,-477.152
"MtrElec",9,21,17,"",230.742,0,0,0,0,0,0,0,0,0,0,0,0,0,0,0,0,0,0,0,0,555.786,0,0,-325.045
"MtrElec",9,21,18,"",438.858,0,0,0,0,0,0,0,0,0,0,0,0,0,0,0,0,0,0,0,0,587.98,0,0,-149.122
"MtrElec",9,21,19,"",332.165,0,0,0,0,0,0,0,0,0,0,0,0,0,0,0,0,0,0,0,0,535.256,0,-187.849,-15.2412
"MtrElec",9,21,20,"",503.352,0,0,0,0,0,0,0,0,0,0,0,0,0,0,0,0,0,0,0,0,503.352,0,0,0
"MtrElec",9,21,21,"",491.594,0,0,0,0,0,0,0,0,0,0,0,0,0,0,0,0,0,0,0,0,491.594,0,0,0
"MtrElec",9,21,22,"",366.331,0,0,0,0,0,0,0,0,0,0,0,0,0,0,0,0,0,0,0,0,366.331,0,0,0
"MtrElec",9,21,23,"",306.624,0,0,0,0,0,0,0,0,0,0,0,0,0,0,0,0,0,0,0,0,306.624,0,0,0
"MtrElec",9,21,24,"",271.669,0,0,0,0,0,0,0,0,0,0,0,0,0,0,0,0,0,0,0,0,271.669,0,0,0
"MtrElec",9,22,1,"",178.862,0,0,0,0,0,0,0,0,0,0,0,0,0,0,0,0,0,0,0,0,178.862,0,0,0
"MtrElec",9,22,2,"",155.313,0,0,0,0,0,0,0,0,0,0,0,0,0,0,0,0,0,0,0,0,155.313,0,0,0
"MtrElec",9,22,3,"",150.209,0,0,0,0,0,0,0,0,0,0,0,0,0,0,0,0,0,0,0,0,150.209,0,0,0
"MtrElec",9,22,4,"",149.833,0,0,0,0,0,0,0,0,0,0,0,0,0,0,0,0,0,0,0,0,149.833,0,0,0
"MtrElec",9,22,5,"",148.824,0,0,0,0,0,0,0,0,0,0,0,0,0,0,0,0,0,0,0,0,148.824,0,0,0
"MtrElec",9,22,6,"",202.432,0,0,0,0,0,0,0,0,0,0,0,0,0,0,0,0,0,0,0,0,202.432,0,0,0
"MtrElec",9,22,7,"",234.948,0,0,0,0,0,0,0,0,0,0,0,0,0,0,0,0,0,0,0,0,234.948,0,0,0
"MtrElec",9,22,8,"",257.39,0,0,0,0,0,0,0,0,0,0,0,0,0,0,0,0,0,0,0,0,332.135,0,0,-74.7451
"MtrElec",9,22,9,"",129.238,0,0,0,0,0,0,0,0,0,0,0,0,0,0,0,0,0,0,0,0,353.238,0,0,-224.001
"MtrElec",9,22,10,"",195.822,0,0,0,0,0,0,0,0,0,0,0,0,0,0,0,0,0,0,0,0,437.624,0,0,-241.802
"MtrElec",9,22,11,"",116.543,0,0,0,0,0,0,0,0,0,0,0,0,0,0,0,0,0,0,0,0,478.942,0,0,-362.398
"MtrElec",9,22,12,"",44.9673,0,0,0,0,0,0,0,0,0,0,0,0,0,0,0,0,0,0,0,0,479.791,0,0,-434.824
"MtrElec",9,22,13,"",0,0,0,0,0,0,0,0,0,0,0,0,0,0,0,0,0,0,0,0,0,480.078,0,169.911,-649.989
"MtrElec",9,22,14,"",-24.7722,0,0,0,0,0,0,0,0,0,0,0,0,0,0,0,0,0,0,0,0,442.633,0,223.217,-690.622
"MtrElec",9,22,15,"",0,0,0,0,0,0,0,0,0,0,0,0,0,0,0,0,0,0,0,0,0,455.07,0,181.363,-636.433
"MtrElec",9,22,16,"",0,0,0,0,0,0,0,0,0,0,0,0,0,0,0,0,0,0,0,0,0,490.768,0,36.6837,-527.452
"MtrElec",9,22,17,"",132.455,0,0,0,0,0,0,0,0,0,0,0,0,0,0,0,0,0,0,0,0,504.458,0,0,-372.002
"MtrElec",9,22,18,"",356.388,0,0,0,0,0,0,0,0,0,0,0,0,0,0,0,0,0,0,0,0,530.595,0,0,-174.206
"MtrElec",9,22,19,"",256.84,0,0,0,0,0,0,0,0,0,0,0,0,0,0,0,0,0,0,0,0,494.491,0,-223.217,-14.4335
"MtrElec",9,22,20,"",239.65,0,0,0,0,0,0,0,0,0,0,0,0,0,0,0,0,0,0,0,0,462.867,0,-223.217,0
"MtrElec",9,22,21,"",343.343,0,0,0,0,0,0,0,0,0,0,0,0,0,0,0,0,0,0,0,0,448.495,0,-105.152,0
"MtrElec",9,22,22,"",305.68,0,0,0,0,0,0,0,0,0,0,0,0,0,0,0,0,0,0,0,0,305.68,0,0,0
"MtrElec",9,22,23,"",257.05,0,0,0,0,0,0,0,0,0,0,0,0,0,0,0,0,0,0,0,0,257.05,0,0,0
"MtrElec",9,22,24,"",229.234,0,0,0,0,0,0,0,0,0,0,0,0,0,0,0,0,0,0,0,0,229.234,0,0,0
"MtrElec",9,23,1,"",188.515,0,0,0,0,0,0,0,0,0,0,0,0,0,0,0,0,0,0,0,0,188.515,0,0,0
"MtrElec",9,23,2,"",153.582,0,0,0,0,0,0,0,0,0,0,0,0,0,0,0,0,0,0,0,0,153.582,0,0,0
"MtrElec",9,23,3,"",146.311,0,0,0,0,0,0,0,0,0,0,0,0,0,0,0,0,0,0,0,0,146.311,0,0,0
"MtrElec",9,23,4,"",149.144,0,0,0,0,0,0,0,0,0,0,0,0,0,0,0,0,0,0,0,0,149.144,0,0,0
"MtrElec",9,23,5,"",146.605,0,0,0,0,0,0,0,0,0,0,0,0,0,0,0,0,0,0,0,0,146.605,0,0,0
"MtrElec",9,23,6,"",162.249,0,0,0,0,0,0,0,0,0,0,0,0,0,0,0,0,0,0,0,0,162.249,0,0,0
"MtrElec",9,23,7,"",229.373,0,0,0,0,0,0,0,0,0,0,0,0,0,0,0,0,0,0,0,0,229.373,0,0,0
"MtrElec",9,23,8,"",222.045,0,0,0,0,0,0,0,0,0,0,0,0,0,0,0,0,0,0,0,0,304.106,0,0,-82.0606
"MtrElec",9,23,9,"",98.4652,0,0,0,0,0,0,0,0,0,0,0,0,0,0,0,0,0,0,0,0,377.028,0,0,-278.563
"MtrElec",9,23,10,"",-30.7246,0,0,0,0,0,0,0,0,0,0,0,0,0,0,0,0,0,0,0,0,427.787,0,0,-458.511
"MtrElec",9,23,11,"",0.0000078,0,0,0,0,0,0,0,0,0,0,0,0,0,0,0,0,0,0,0,0,454.483,0,122.048,-576.531
"MtrElec",9,23,12,"",0,0,0,0,0,0,0,0,0,0,0,0,0,0,0,0,0,0,0,0,0,499.517,0,142.35,-641.867
"MtrElec",9,23,13,"",0.0000156,0,0,0,0,0,0,0,0,0,0,0,0,0,0,0,0,0,0,0,0,510.91,0,174.384,-685.294
"MtrElec",9,23,14,"",-9.66084,0,0,0,0,0,0,0,0,0,0,0,0,0,0,0,0,0,0,0,0,454.78,0,223.217,-687.658
"MtrElec",9,23,15,"",-46.6392,0,0,0,0,0,0,0,0,0,0,0,0,0,0,0,0,0,0,0,0,443.24,0,136.883,-626.763
"MtrElec",9,23,16,"",-60.6854,0,0,0,0,0,0,0,0,0,0,0,0,0,0,0,0,0,0,0,0,455.121,0,0,-515.807
"MtrElec",9,23,17,"",134.573,0,0,0,0,0,0,0,0,0,0,0,0,0,0,0,0,0,0,0,0,492.689,0,0,-358.116
"MtrElec",9,23,18,"",348.61,0,0,0,0,0,0,0,0,0,0,0,0,0,0,0,0,0,0,0,0,511.149,0,0,-162.539
"MtrElec",9,23,19,"",247.669,0,0,0,0,0,0,0,0,0,0,0,0,0,0,0,0,0,0,0,0,484.845,0,-223.217,-13.9592
"MtrElec",9,23,20,"",250.494,0,0,0,0,0,0,0,0,0,0,0,0,0,0,0,0,0,0,0,0,473.711,0,-223.217,0
"MtrElec",9,23,21,"",223.364,0,0,0,0,0,0,0,0,0,0,0,0,0,0,0,0,0,0,0,0,446.581,0,-223.217,0
"MtrElec",9,23,22,"",298.381,0,0,0,0,0,0,0,0,0,0,0,0,0,0,0,0,0,0,0,0,349.72,0,-51.3398,0
"MtrElec",9,23,23,"",296.273,0,0,0,0,0,0,0,0,0,0,0,0,0,0,0,0,0,0,0,0,296.273,0,0,0
"MtrElec",9,23,24,"",213.828,0,0,0,0,0,0,0,0,0,0,0,0,0,0,0,0,0,0,0,0,213.828,0,0,0
"MtrElec",9,24,1,"",185.991,0,0,0,0,0,0,0,0,0,0,0,0,0,0,0,0,0,0,0,0,185.991,0,0,0
"MtrElec",9,24,2,"",155.318,0,0,0,0,0,0,0,0,0,0,0,0,0,0,0,0,0,0,0,0,155.318,0,0,0
"MtrElec",9,24,3,"",153.038,0,0,0,0,0,0,0,0,0,0,0,0,0,0,0,0,0,0,0,0,153.038,0,0,0
"MtrElec",9,24,4,"",154.442,0,0,0,0,0,0,0,0,0,0,0,0,0,0,0,0,0,0,0,0,154.442,0,0,0
"MtrElec",9,24,5,"",149.098,0,0,0,0,0,0,0,0,0,0,0,0,0,0,0,0,0,0,0,0,149.098,0,0,0
"MtrElec",9,24,6,"",176.795,0,0,0,0,0,0,0,0,0,0,0,0,0,0,0,0,0,0,0,0,176.795,0,0,0
"MtrElec",9,24,7,"",255.291,0,0,0,0,0,0,0,0,0,0,0,0,0,0,0,0,0,0,0,0,255.291,0,0,0
"MtrElec",9,24,8,"",216.282,0,0,0,0,0,0,0,0,0,0,0,0,0,0,0,0,0,0,0,0,295.111,0,0,-78.8289
"MtrElec",9,24,9,"",85.0427,0,0,0,0,0,0,0,0,0,0,0,0,0,0,0,0,0,0,0,0,354.139,0,0,-269.096
"MtrElec",9,24,10,"",43.8858,0,0,0,0,0,0,0,0,0,0,0,0,0,0,0,0,0,0,0,0,476.99,0,0,-433.104
"MtrElec",9,24,11,"",0,0,0,0,0,0,0,0,0,0,0,0,0,0,0,0,0,0,0,0,0,541.141,0,6.20806,-547.35
"MtrElec",9,24,12,"",0,0,0,0,0,0,0,0,0,0,0,0,0,0,0,0,0,0,0,0,0,499.145,0,134.161,-633.306
"MtrElec",9,24,13,"",0,0,0,0,0,0,0,0,0,0,0,0,0,0,0,0,0,0,0,0,0,535.119,0,140.705,-675.824
"MtrElec",9,24,14,"",0.0000156,0,0,0,0,0,0,0,0,0,0,0,0,0,0,0,0,0,0,0,0,473.277,0,194.49,-667.768
"MtrElec",9,24,15,"",0,0,0,0,0,0,0,0,0,0,0,0,0,0,0,0,0,0,0,0,0,468.859,0,137.299,-606.158
"MtrElec",9,24,16,"",34.7056,0,0,0,0,0,0,0,0,0,0,0,0,0,0,0,0,0,0,0,0,536.023,0,0,-501.318
"MtrElec",9,24,17,"",202.807,0,0,0,0,0,0,0,0,0,0,0,0,0,0,0,0,0,0,0,0,551.207,0,0,-348.4
"MtrElec",9,24,18,"",390.259,0,0,0,0,0,0,0,0,0,0,0,0,0,0,0,0,0,0,0,0,547.669,0,0,-157.41
"MtrElec",9,24,19,"",293.239,0,0,0,0,0,0,0,0,0,0,0,0,0,0,0,0,0,0,0,0,528.25,0,-223.217,-11.7943
"MtrElec",9,24,20,"",233.324,0,0,0,0,0,0,0,0,0,0,0,0,0,0,0,0,0,0,0,0,456.541,0,-223.217,0
"MtrElec",9,24,21,"",326.445,0,0,0,0,0,0,0,0,0,0,0,0,0,0,0,0,0,0,0,0,433.12,0,-106.675,0
"MtrElec",9,24,22,"",325.695,0,0,0,0,0,0,0,0,0,0,0,0,0,0,0,0,0,0,0,0,325.695,0,0,0
"MtrElec",9,24,23,"",248.855,0,0,0,0,0,0,0,0,0,0,0,0,0,0,0,0,0,0,0,0,248.855,0,0,0
"MtrElec",9,24,24,"",246.415,0,0,0,0,0,0,0,0,0,0,0,0,0,0,0,0,0,0,0,0,246.415,0,0,0
"MtrElec",9,25,1,"",164.206,0,0,0,0,0,0,0,0,0,0,0,0,0,0,0,0,0,0,0,0,164.206,0,0,0
"MtrElec",9,25,2,"",165.467,0,0,0,0,0,0,0,0,0,0,0,0,0,0,0,0,0,0,0,0,165.467,0,0,0
"MtrElec",9,25,3,"",152.895,0,0,0,0,0,0,0,0,0,0,0,0,0,0,0,0,0,0,0,0,152.895,0,0,0
"MtrElec",9,25,4,"",146.793,0,0,0,0,0,0,0,0,0,0,0,0,0,0,0,0,0,0,0,0,146.793,0,0,0
"MtrElec",9,25,5,"",144.443,0,0,0,0,0,0,0,0,0,0,0,0,0,0,0,0,0,0,0,0,144.443,0,0,0
"MtrElec",9,25,6,"",159.653,0,0,0,0,0,0,0,0,0,0,0,0,0,0,0,0,0,0,0,0,159.653,0,0,0
"MtrElec",9,25,7,"",236.972,0,0,0,0,0,0,0,0,0,0,0,0,0,0,0,0,0,0,0,0,236.972,0,0,0
"MtrElec",9,25,8,"",245.324,0,0,0,0,0,0,0,0,0,0,0,0,0,0,0,0,0,0,0,0,324.356,0,0,-79.0312
"MtrElec",9,25,9,"",97.7617,0,0,0,0,0,0,0,0,0,0,0,0,0,0,0,0,0,0,0,0,367.972,0,0,-270.21
"MtrElec",9,25,10,"",101.598,0,0,0,0,0,0,0,0,0,0,0,0,0,0,0,0,0,0,0,0,534.778,0,0,-433.18
"MtrElec",9,25,11,"",3.44031,0,0,0,0,0,0,0,0,0,0,0,0,0,0,0,0,0,0,0,0,549.105,0,0,-545.665
"MtrElec",9,25,12,"",0,0,0,0,0,0,0,0,0,0,0,0,0,0,0,0,0,0,0,0,0,536.112,0,80.2581,-616.37
"MtrElec",9,25,13,"",0,0,0,0,0,0,0,0,0,0,0,0,0,0,0,0,0,0,0,0,0,630.809,0,23.1706,-653.98
"MtrElec",9,25,14,"",0,0,0,0,0,0,0,0,0,0,0,0,0,0,0,0,0,0,0,0,0,542.356,0,110.653,-653.009
"MtrElec",9,25,15,"",0,0,0,0,0,0,0,0,0,0,0,0,0,0,0,0,0,0,0,0,0,589.635,0,5.549,-595.184
"MtrElec",9,25,16,"",63.5065,0,0,0,0,0,0,0,0,0,0,0,0,0,0,0,0,0,0,0,0,549.989,0,0,-486.483
"MtrElec",9,25,17,"",283.866,0,0,0,0,0,0,0,0,0,0,0,0,0,0,0,0,0,0,0,0,617.86,0,0,-333.994
"MtrElec",9,25,18,"",438.992,0,0,0,0,0,0,0,0,0,0,0,0,0,0,0,0,0,0,0,0,586.383,0,0,-147.391
"MtrElec",9,25,19,"",358.106,0,0,0,0,0,0,0,0,0,0,0,0,0,0,0,0,0,0,0,0,566.644,0,-198.217,-10.3205
"MtrElec",9,25,20,"",497.439,0,0,0,0,0,0,0,0,0,0,0,0,0,0,0,0,0,0,0,0,497.439,0,0,0
"MtrElec",9,25,21,"",470.906,0,0,0,0,0,0,0,0,0,0,0,0,0,0,0,0,0,0,0,0,470.906,0,0,0
"MtrElec",9,25,22,"",350.038,0,0,0,0,0,0,0,0,0,0,0,0,0,0,0,0,0,0,0,0,350.038,0,0,0
"MtrElec",9,25,23,"",301.626,0,0,0,0,0,0,0,0,0,0,0,0,0,0,0,0,0,0,0,0,301.626,0,0,0
"MtrElec",9,25,24,"",226.991,0,0,0,0,0,0,0,0,0,0,0,0,0,0,0,0,0,0,0,0,226.991,0,0,0
"MtrElec",9,26,1,"",179.881,0,0,0,0,0,0,0,0,0,0,0,0,0,0,0,0,0,0,0,0,179.881,0,0,0
"MtrElec",9,26,2,"",164.465,0,0,0,0,0,0,0,0,0,0,0,0,0,0,0,0,0,0,0,0,164.465,0,0,0
"MtrElec",9,26,3,"",200.076,0,0,0,0,0,0,0,0,0,0,0,0,0,0,0,0,0,0,0,0,200.076,0,0,0
"MtrElec",9,26,4,"",162.769,0,0,0,0,0,0,0,0,0,0,0,0,0,0,0,0,0,0,0,0,162.769,0,0,0
"MtrElec",9,26,5,"",184.038,0,0,0,0,0,0,0,0,0,0,0,0,0,0,0,0,0,0,0,0,184.038,0,0,0
"MtrElec",9,26,6,"",164.06,0,0,0,0,0,0,0,0,0,0,0,0,0,0,0,0,0,0,0,0,164.06,0,0,0
"MtrElec",9,26,7,"",249.213,0,0,0,0,0,0,0,0,0,0,0,0,0,0,0,0,0,0,0,0,249.213,0,0,0
"MtrElec",9,26,8,"",192.926,0,0,0,0,0,0,0,0,0,0,0,0,0,0,0,0,0,0,0,0,272.15,0,0,-79.2239
"MtrElec",9,26,9,"",110.831,0,0,0,0,0,0,0,0,0,0,0,0,0,0,0,0,0,0,0,0,382.006,0,0,-271.175
"MtrElec",9,26,10,"",93.1499,0,0,0,0,0,0,0,0,0,0,0,0,0,0,0,0,0,0,0,0,528.807,0,0,-435.657
"MtrElec",9,26,11,"",154.983,0,0,0,0,0,0,0,0,0,0,0,0,0,0,0,0,0,0,0,0,703.901,0,0,-548.918
"MtrElec",9,26,12,"",81.0346,0,0,0,0,0,0,0,0,0,0,0,0,0,0,0,0,0,0,0,0,692.084,0,0,-611.05
"MtrElec",9,26,13,"",126.209,0,0,0,0,0,0,0,0,0,0,0,0,0,0,0,0,0,0,0,0,765.534,0,0,-639.325
"MtrElec",9,26,14,"",62.3467,0,0,0,0,0,0,0,0,0,0,0,0,0,0,0,0,0,0,0,0,693.651,0,0,-631.304
"MtrElec",9,26,15,"",135.275,0,0,0,0,0,0,0,0,0,0,0,0,0,0,0,0,0,0,0,0,710.541,0,0,-575.265
"MtrElec",9,26,16,"",252.63,0,0,0,0,0,0,0,0,0,0,0,0,0,0,0,0,0,0,0,0,665.78,0,0,-413.15
"MtrElec",9,26,17,"",382.987,0,0,0,0,0,0,0,0,0,0,0,0,0,0,0,0,0,0,0,0,660.771,0,0,-277.784
"MtrElec",9,26,18,"",545.47,0,0,0,0,0,0,0,0,0,0,0,0,0,0,0,0,0,0,0,0,677.183,0,0,-131.714
"MtrElec",9,26,19,"",689.331,0,0,0,0,0,0,0,0,0,0,0,0,0,0,0,0,0,0,0,0,698.26,0,0,-8.92909
"MtrElec",9,26,20,"",547.741,0,0,0,0,0,0,0,0,0,0,0,0,0,0,0,0,0,0,0,0,547.741,0,0,0
"MtrElec",9,26,21,"",487.858,0,0,0,0,0,0,0,0,0,0,0,0,0,0,0,0,0,0,0,0,487.858,0,0,0
"MtrElec",9,26,22,"",424.535,0,0,0,0,0,0,0,0,0,0,0,0,0,0,0,0,0,0,0,0,424.535,0,0,0
"MtrElec",9,26,23,"",307.138,0,0,0,0,0,0,0,0,0,0,0,0,0,0,0,0,0,0,0,0,307.138,0,0,0
"MtrElec",9,26,24,"",249.876,0,0,0,0,0,0,0,0,0,0,0,0,0,0,0,0,0,0,0,0,249.876,0,0,0
"MtrElec",9,27,1,"",197.741,0,0,0,0,0,0,0,0,0,0,0,0,0,0,0,0,0,0,0,0,197.741,0,0,0
"MtrElec",9,27,2,"",175.561,0,0,0,0,0,0,0,0,0,0,0,0,0,0,0,0,0,0,0,0,175.561,0,0,0
"MtrElec",9,27,3,"",174.469,0,0,0,0,0,0,0,0,0,0,0,0,0,0,0,0,0,0,0,0,174.469,0,0,0
"MtrElec",9,27,4,"",210.083,0,0,0,0,0,0,0,0,0,0,0,0,0,0,0,0,0,0,0,0,210.083,0,0,0
"MtrElec",9,27,5,"",192.781,0,0,0,0,0,0,0,0,0,0,0,0,0,0,0,0,0,0,0,0,192.781,0,0,0
"MtrElec",9,27,6,"",169.034,0,0,0,0,0,0,0,0,0,0,0,0,0,0,0,0,0,0,0,0,169.034,0,0,0
"MtrElec",9,27,7,"",183.383,0,0,0,0,0,0,0,0,0,0,0,0,0,0,0,0,0,0,0,0,183.383,0,0,0
"MtrElec",9,27,8,"",191.14,0,0,0,0,0,0,0,0,0,0,0,0,0,0,0,0,0,0,0,0,261.611,0,0,-70.4712
"MtrElec",9,27,9,"",115.124,0,0,0,0,0,0,0,0,0,0,0,0,0,0,0,0,0,0,0,0,362.639,0,0,-247.515
"MtrElec",9,27,10,"",7.63428,0,0,0,0,0,0,0,0,0,0,0,0,0,0,0,0,0,0,0,0,416.656,0,0,-409.022
"MtrElec",9,27,11,"",51.3061,0,0,0,0,0,0,0,0,0,0,0,0,0,0,0,0,0,0,0,0,581.862,0,0,-530.556
"MtrElec",9,27,12,"",0.0000039,0,0,0,0,0,0,0,0,0,0,0,0,0,0,0,0,0,0,0,0,543.301,0,53.4874,-596.789
"MtrElec",9,27,13,"",0,0,0,0,0,0,0,0,0,0,0,0,0,0,0,0,0,0,0,0,0,554.125,0,35.2875,-589.412
"MtrElec",9,27,14,"",0,0,0,0,0,0,0,0,0,0,0,0,0,0,0,0,0,0,0,0,0,565.054,0,26.9122,-591.966
"MtrElec",9,27,15,"",11.7297,0,0,0,0,0,0,0,0,0,0,0,0,0,0,0,0,0,0,0,0,582.34,0,0,-570.61
"MtrElec",9,27,16,"",76.3493,0,0,0,0,0,0,0,0,0,0,0,0,0,0,0,0,0,0,0,0,537.122,0,0,-460.773
"MtrElec",9,27,17,"",192.479,0,0,0,0,0,0,0,0,0,0,0,0,0,0,0,0,0,0,0,0,491.109,0,0,-298.63
"MtrElec",9,27,18,"",374.554,0,0,0,0,0,0,0,0,0,0,0,0,0,0,0,0,0,0,0,0,504.27,0,0,-129.716
"MtrElec",9,27,19,"",410.573,0,0,0,0,0,0,0,0,0,0,0,0,0,0,0,0,0,0,0,0,523.514,0,-104.408,-8.53398
"MtrElec",9,27,20,"",457.739,0,0,0,0,0,0,0,0,0,0,0,0,0,0,0,0,0,0,0,0,457.739,0,0,0
"MtrElec",9,27,21,"",356.234,0,0,0,0,0,0,0,0,0,0,0,0,0,0,0,0,0,0,0,0,356.234,0,0,0
"MtrElec",9,27,22,"",350.806,0,0,0,0,0,0,0,0,0,0,0,0,0,0,0,0,0,0,0,0,350.806,0,0,0
"MtrElec",9,27,23,"",294.788,0,0,0,0,0,0,0,0,0,0,0,0,0,0,0,0,0,0,0,0,294.788,0,0,0
"MtrElec",9,27,24,"",235.598,0,0,0,0,0,0,0,0,0,0,0,0,0,0,0,0,0,0,0,0,235.598,0,0,0
"MtrElec",9,28,1,"",205.653,0,0,0,0,0,0,0,0,0,0,0,0,0,0,0,0,0,0,0,0,205.653,0,0,0
"MtrElec",9,28,2,"",181.649,0,0,0,0,0,0,0,0,0,0,0,0,0,0,0,0,0,0,0,0,181.649,0,0,0
"MtrElec",9,28,3,"",170.134,0,0,0,0,0,0,0,0,0,0,0,0,0,0,0,0,0,0,0,0,170.134,0,0,0
"MtrElec",9,28,4,"",167.484,0,0,0,0,0,0,0,0,0,0,0,0,0,0,0,0,0,0,0,0,167.484,0,0,0
"MtrElec",9,28,5,"",162.472,0,0,0,0,0,0,0,0,0,0,0,0,0,0,0,0,0,0,0,0,162.472,0,0,0
"MtrElec",9,28,6,"",211.579,0,0,0,0,0,0,0,0,0,0,0,0,0,0,0,0,0,0,0,0,211.579,0,0,0
"MtrElec",9,28,7,"",293.299,0,0,0,0,0,0,0,0,0,0,0,0,0,0,0,0,0,0,0,0,293.299,0,0,0
"MtrElec",9,28,8,"",276.89,0,0,0,0,0,0,0,0,0,0,0,0,0,0,0,0,0,0,0,0,345.012,0,0,-68.1217
"MtrElec",9,28,9,"",227.893,0,0,0,0,0,0,0,0,0,0,0,0,0,0,0,0,0,0,0,0,470.244,0,0,-242.352
"MtrElec",9,28,10,"",137.917,0,0,0,0,0,0,0,0,0,0,0,0,0,0,0,0,0,0,0,0,538.265,0,0,-400.348
"MtrElec",9,28,11,"",53.6911,0,0,0,0,0,0,0,0,0,0,0,0,0,0,0,0,0,0,0,0,568.428,0,0,-514.737
"MtrElec",9,28,12,"",0,0,0,0,0,0,0,0,0,0,0,0,0,0,0,0,0,0,0,0,0,579.995,0,11.4154,-591.411
"MtrElec",9,28,13,"",0.0000039,0,0,0,0,0,0,0,0,0,0,0,0,0,0,0,0,0,0,0,0,580.903,0,46.9624,-627.866
"MtrElec",9,28,14,"",0,0,0,0,0,0,0,0,0,0,0,0,0,0,0,0,0,0,0,0,0,521.573,0,101.622,-623.195
"MtrElec",9,28,15,"",0,0,0,0,0,0,0,0,0,0,0,0,0,0,0,0,0,0,0,0,0,550.73,0,5.06812,-555.798
"MtrElec",9,28,16,"",94.3521,0,0,0,0,0,0,0,0,0,0,0,0,0,0,0,0,0,0,0,0,539.76,0,0,-445.408
"MtrElec",9,28,17,"",294.699,0,0,0,0,0,0,0,0,0,0,0,0,0,0,0,0,0,0,0,0,589.099,0,0,-294.4
"MtrElec",9,28,18,"",475.861,0,0,0,0,0,0,0,0,0,0,0,0,0,0,0,0,0,0,0,0,595.726,0,0,-119.865
"MtrElec",9,28,19,"",404.368,0,0,0,0,0,0,0,0,0,0,0,0,0,0,0,0,0,0,0,0,561.611,0,-148.974,-8.26869
"MtrElec",9,28,20,"",552.985,0,0,0,0,0,0,0,0,0,0,0,0,0,0,0,0,0,0,0,0,552.985,0,0,0
"MtrElec",9,28,21,"",519.915,0,0,0,0,0,0,0,0,0,0,0,0,0,0,0,0,0,0,0,0,519.915,0,0,0
"MtrElec",9,28,22,"",361.745,0,0,0,0,0,0,0,0,0,0,0,0,0,0,0,0,0,0,0,0,361.745,0,0,0
"MtrElec",9,28,23,"",310.851,0,0,0,0,0,0,0,0,0,0,0,0,0,0,0,0,0,0,0,0,310.851,0,0,0
"MtrElec",9,28,24,"",226.269,0,0,0,0,0,0,0,0,0,0,0,0,0,0,0,0,0,0,0,0,226.269,0,0,0
"MtrElec",9,29,1,"",188.322,0,0,0,0,0,0,0,0,0,0,0,0,0,0,0,0,0,0,0,0,188.322,0,0,0
"MtrElec",9,29,2,"",174.616,0,0,0,0,0,0,0,0,0,0,0,0,0,0,0,0,0,0,0,0,174.616,0,0,0
"MtrElec",9,29,3,"",198.995,0,0,0,0,0,0,0,0,0,0,0,0,0,0,0,0,0,0,0,0,198.995,0,0,0
"MtrElec",9,29,4,"",166.903,0,0,0,0,0,0,0,0,0,0,0,0,0,0,0,0,0,0,0,0,166.903,0,0,0
"MtrElec",9,29,5,"",159.632,0,0,0,0,0,0,0,0,0,0,0,0,0,0,0,0,0,0,0,0,159.632,0,0,0
"MtrElec",9,29,6,"",165.943,0,0,0,0,0,0,0,0,0,0,0,0,0,0,0,0,0,0,0,0,165.943,0,0,0
"MtrElec",9,29,7,"",298.528,0,0,0,0,0,0,0,0,0,0,0,0,0,0,0,0,0,0,0,0,298.528,0,0,0
"MtrElec",9,29,8,"",289.192,0,0,0,0,0,0,0,0,0,0,0,0,0,0,0,0,0,0,0,0,356.886,0,0,-67.694
"MtrElec",9,29,9,"",220.481,0,0,0,0,0,0,0,0,0,0,0,0,0,0,0,0,0,0,0,0,461.502,0,0,-241.021
"MtrElec",9,29,10,"",189.608,0,0,0,0,0,0,0,0,0,0,0,0,0,0,0,0,0,0,0,0,588.495,0,0,-398.887
"MtrElec",9,29,11,"",148.595,0,0,0,0,0,0,0,0,0,0,0,0,0,0,0,0,0,0,0,0,662.402,0,0,-513.807
"MtrElec",9,29,12,"",44.4656,0,0,0,0,0,0,0,0,0,0,0,0,0,0,0,0,0,0,0,0,634.815,0,0,-590.349
"MtrElec",9,29,13,"",3.50975,0,0,0,0,0,0,0,0,0,0,0,0,0,0,0,0,0,0,0,0,638.326,0,0,-634.816
"MtrElec",9,29,14,"",0.0000078,0,0,0,0,0,0,0,0,0,0,0,0,0,0,0,0,0,0,0,0,535.133,0,96.9194,-632.052
"MtrElec",9,29,15,"",0.0000039,0,0,0,0,0,0,0,0,0,0,0,0,0,0,0,0,0,0,0,0,530.414,0,40.1389,-570.553
"MtrElec",9,29,16,"",121.635,0,0,0,0,0,0,0,0,0,0,0,0,0,0,0,0,0,0,0,0,580.425,0,0,-458.79
"MtrElec",9,29,17,"",287.394,0,0,0,0,0,0,0,0,0,0,0,0,0,0,0,0,0,0,0,0,596.193,0,0,-308.799
"MtrElec",9,29,18,"",436.268,0,0,0,0,0,0,0,0,0,0,0,0,0,0,0,0,0,0,0,0,564.89,0,0,-128.622
"MtrElec",9,29,19,"",376.586,0,0,0,0,0,0,0,0,0,0,0,0,0,0,0,0,0,0,0,0,507.45,0,-123.695,-7.16913
"MtrElec",9,29,20,"",521.856,0,0,0,0,0,0,0,0,0,0,0,0,0,0,0,0,0,0,0,0,521.856,0,0,0
"MtrElec",9,29,21,"",459.561,0,0,0,0,0,0,0,0,0,0,0,0,0,0,0,0,0,0,0,0,459.561,0,0,0
"MtrElec",9,29,22,"",350.157,0,0,0,0,0,0,0,0,0,0,0,0,0,0,0,0,0,0,0,0,350.157,0,0,0
"MtrElec",9,29,23,"",302.193,0,0,0,0,0,0,0,0,0,0,0,0,0,0,0,0,0,0,0,0,302.193,0,0,0
"MtrElec",9,29,24,"",222.345,0,0,0,0,0,0,0,0,0,0,0,0,0,0,0,0,0,0,0,0,222.345,0,0,0
"MtrElec",9,30,1,"",168.179,0,0,0,0,0,0,0,0,0,0,0,0,0,0,0,0,0,0,0,0,168.179,0,0,0
"MtrElec",9,30,2,"",160.672,0,0,0,0,0,0,0,0,0,0,0,0,0,0,0,0,0,0,0,0,160.672,0,0,0
"MtrElec",9,30,3,"",153.653,0,0,0,0,0,0,0,0,0,0,0,0,0,0,0,0,0,0,0,0,153.653,0,0,0
"MtrElec",9,30,4,"",152.077,0,0,0,0,0,0,0,0,0,0,0,0,0,0,0,0,0,0,0,0,152.077,0,0,0
"MtrElec",9,30,5,"",148.639,0,0,0,0,0,0,0,0,0,0,0,0,0,0,0,0,0,0,0,0,148.639,0,0,0
"MtrElec",9,30,6,"",202.724,0,0,0,0,0,0,0,0,0,0,0,0,0,0,0,0,0,0,0,0,202.724,0,0,0
"MtrElec",9,30,7,"",237.085,0,0,0,0,0,0,0,0,0,0,0,0,0,0,0,0,0,0,0,0,237.085,0,0,0
"MtrElec",9,30,8,"",285.123,0,0,0,0,0,0,0,0,0,0,0,0,0,0,0,0,0,0,0,0,360.319,0,0,-75.1951
"MtrElec",9,30,9,"",168.497,0,0,0,0,0,0,0,0,0,0,0,0,0,0,0,0,0,0,0,0,427.224,0,0,-258.727
"MtrElec",9,30,10,"",125.008,0,0,0,0,0,0,0,0,0,0,0,0,0,0,0,0,0,0,0,0,545.263,0,0,-420.255
"MtrElec",9,30,11,"",59.9651,0,0,0,0,0,0,0,0,0,0,0,0,0,0,0,0,0,0,0,0,593.487,0,0,-533.522
"MtrElec",9,30,12,"",0,0,0,0,0,0,0,0,0,0,0,0,0,0,0,0,0,0,0,0,0,584.042,0,20.2991,-604.341
"MtrElec",9,30,13,"",0,0,0,0,0,0,0,0,0,0,0,0,0,0,0,0,0,0,0,0,0,579.293,0,63.3377,-642.63
"MtrElec",9,30,14,"",0,0,0,0,0,0,0,0,0,0,0,0,0,0,0,0,0,0,0,0,0,533.928,0,112.711,-646.639
"MtrElec",9,30,15,"",0,0,0,0,0,0,0,0,0,0,0,0,0,0,0,0,0,0,0,0,0,499.486,0,91.6007,-591.087
"MtrElec",9,30,16,"",70.5411,0,0,0,0,0,0,0,0,0,0,0,0,0,0,0,0,0,0,0,0,550.136,0,0,-479.595
"MtrElec",9,30,17,"",286.274,0,0,0,0,0,0,0,0,0,0,0,0,0,0,0,0,0,0,0,0,611.179,0,0,-324.905
"MtrElec",9,30,18,"",401.154,0,0,0,0,0,0,0,0,0,0,0,0,0,0,0,0,0,0,0,0,538.736,0,0,-137.582
"MtrElec",9,30,19,"",281.692,0,0,0,0,0,0,0,0,0,0,0,0,0,0,0,0,0,0,0,0,507.201,0,-223.217,-2.29254
"MtrElec",9,30,20,"",462.802,0,0,0,0,0,0,0,0,0,0,0,0,0,0,0,0,0,0,0,0,499.459,0,-36.6569,0
"MtrElec",9,30,21,"",458.793,0,0,0,0,0,0,0,0,0,0,0,0,0,0,0,0,0,0,0,0,458.793,0,0,0
"MtrElec",9,30,22,"",348.079,0,0,0,0,0,0,0,0,0,0,0,0,0,0,0,0,0,0,0,0,348.079,0,0,0
"MtrElec",9,30,23,"",285.493,0,0,0,0,0,0,0,0,0,0,0,0,0,0,0,0,0,0,0,0,285.493,0,0,0
"MtrElec",9,30,24,"",221.499,0,0,0,0,0,0,0,0,0,0,0,0,0,0,0,0,0,0,0,0,221.499,0,0,0
"MtrElec",10,1,1,"",184.983,0,0,0,0,0,0,0,0,0,0,0,0,0,0,0,0,0,0,0,0,184.983,0,0,0
"MtrElec",10,1,2,"",166.745,0,0,0,0,0,0,0,0,0,0,0,0,0,0,0,0,0,0,0,0,166.745,0,0,0
"MtrElec",10,1,3,"",155.556,0,0,0,0,0,0,0,0,0,0,0,0,0,0,0,0,0,0,0,0,155.556,0,0,0
"MtrElec",10,1,4,"",161.789,0,0,0,0,0,0,0,0,0,0,0,0,0,0,0,0,0,0,0,0,161.789,0,0,0
"MtrElec",10,1,5,"",150.152,0,0,0,0,0,0,0,0,0,0,0,0,0,0,0,0,0,0,0,0,150.152,0,0,0
"MtrElec",10,1,6,"",192.195,0,0,0,0,0,0,0,0,0,0,0,0,0,0,0,0,0,0,0,0,192.195,0,0,0
"MtrElec",10,1,7,"",273.604,0,0,0,0,0,0,0,0,0,0,0,0,0,0,0,0,0,0,0,0,273.604,0,0,0
"MtrElec",10,1,8,"",263.844,0,0,0,0,0,0,0,0,0,0,0,0,0,0,0,0,0,0,0,0,336.369,0,0,-72.5246
"MtrElec",10,1,9,"",113.204,0,0,0,0,0,0,0,0,0,0,0,0,0,0,0,0,0,0,0,0,372.722,0,0,-259.517
"MtrElec",10,1,10,"",78.9492,0,0,0,0,0,0,0,0,0,0,0,0,0,0,0,0,0,0,0,0,500.684,0,0,-421.734
"MtrElec",10,1,11,"",70.4402,0,0,0,0,0,0,0,0,0,0,0,0,0,0,0,0,0,0,0,0,605.638,0,0,-535.198
"MtrElec",10,1,12,"",23.8279,0,0,0,0,0,0,0,0,0,0,0,0,0,0,0,0,0,0,0,0,627.537,0,0,-603.709
"MtrElec",10,1,13,"",0.0000039,0,0,0,0,0,0,0,0,0,0,0,0,0,0,0,0,0,0,0,0,600.898,0,45.6204,-646.519
"MtrElec",10,1,14,"",0.0000020,0,0,0,0,0,0,0,0,0,0,0,0,0,0,0,0,0,0,0,0,612.421,0,30.9334,-643.355
"MtrElec",10,1,15,"",0,0,0,0,0,0,0,0,0,0,0,0,0,0,0,0,0,0,0,0,0,584.247,0,1.20156,-585.449
"MtrElec",10,1,16,"",162.751,0,0,0,0,0,0,0,0,0,0,0,0,0,0,0,0,0,0,0,0,635.269,0,0,-472.518
"MtrElec",10,1,17,"",293.885,0,0,0,0,0,0,0,0,0,0,0,0,0,0,0,0,0,0,0,0,611.776,0,0,-317.892
"MtrElec",10,1,18,"",498.457,0,0,0,0,0,0,0,0,0,0,0,0,0,0,0,0,0,0,0,0,630.379,0,0,-131.922
"MtrElec",10,1,19,"",494.5,0,0,0,0,0,0,0,0,0,0,0,0,0,0,0,0,0,0,0,0,567.442,0,-70.1743,-2.76762
"MtrElec",10,1,20,"",525.487,0,0,0,0,0,0,0,0,0,0,0,0,0,0,0,0,0,0,0,0,525.487,0,0,0
"MtrElec",10,1,21,"",510.572,0,0,0,0,0,0,0,0,0,0,0,0,0,0,0,0,0,0,0,0,510.572,0,0,0
"MtrElec",10,1,22,"",366.788,0,0,0,0,0,0,0,0,0,0,0,0,0,0,0,0,0,0,0,0,366.788,0,0,0
"MtrElec",10,1,23,"",309.389,0,0,0,0,0,0,0,0,0,0,0,0,0,0,0,0,0,0,0,0,309.389,0,0,0
"MtrElec",10,1,24,"",239.177,0,0,0,0,0,0,0,0,0,0,0,0,0,0,0,0,0,0,0,0,239.177,0,0,0
"MtrElec",10,2,1,"",232.723,0,0,0,0,0,0,0,0,0,0,0,0,0,0,0,0,0,0,0,0,232.723,0,0,0
"MtrElec",10,2,2,"",184.16,0,0,0,0,0,0,0,0,0,0,0,0,0,0,0,0,0,0,0,0,184.16,0,0,0
"MtrElec",10,2,3,"",172.072,0,0,0,0,0,0,0,0,0,0,0,0,0,0,0,0,0,0,0,0,172.072,0,0,0
"MtrElec",10,2,4,"",169.074,0,0,0,0,0,0,0,0,0,0,0,0,0,0,0,0,0,0,0,0,169.074,0,0,0
"MtrElec",10,2,5,"",162.815,0,0,0,0,0,0,0,0,0,0,0,0,0,0,0,0,0,0,0,0,162.815,0,0,0
"MtrElec",10,2,6,"",176.754,0,0,0,0,0,0,0,0,0,0,0,0,0,0,0,0,0,0,0,0,176.754,0,0,0
"MtrElec",10,2,7,"",271.368,0,0,0,0,0,0,0,0,0,0,0,0,0,0,0,0,0,0,0,0,271.368,0,0,0
"MtrElec",10,2,8,"",303.44,0,0,0,0,0,0,0,0,0,0,0,0,0,0,0,0,0,0,0,0,377.533,0,0,-74.0932
"MtrElec",10,2,9,"",191.553,0,0,0,0,0,0,0,0,0,0,0,0,0,0,0,0,0,0,0,0,451.034,0,0,-259.48
"MtrElec",10,2,10,"",122.049,0,0,0,0,0,0,0,0,0,0,0,0,0,0,0,0,0,0,0,0,544.195,0,0,-422.146
"MtrElec",10,2,11,"",49.7123,0,0,0,0,0,0,0,0,0,0,0,0,0,0,0,0,0,0,0,0,583.285,0,0,-533.573
"MtrElec",10,2,12,"",2.28588,0,0,0,0,0,0,0,0,0,0,0,0,0,0,0,0,0,0,0,0,604.774,0,0,-602.489
"MtrElec",10,2,13,"",56.3664,0,0,0,0,0,0,0,0,0,0,0,0,0,0,0,0,0,0,0,0,684.66,0,0,-628.293
"MtrElec",10,2,14,"",0,0,0,0,0,0,0,0,0,0,0,0,0,0,0,0,0,0,0,0,0,559.175,0,57.4916,-616.666
"MtrElec",10,2,15,"",40.7299,0,0,0,0,0,0,0,0,0,0,0,0,0,0,0,0,0,0,0,0,605.187,0,0,-564.458
"MtrElec",10,2,16,"",146.557,0,0,0,0,0,0,0,0,0,0,0,0,0,0,0,0,0,0,0,0,611.452,0,0,-464.896
"MtrElec",10,2,17,"",301.664,0,0,0,0,0,0,0,0,0,0,0,0,0,0,0,0,0,0,0,0,612.854,0,0,-311.191
"MtrElec",10,2,18,"",480.514,0,0,0,0,0,0,0,0,0,0,0,0,0,0,0,0,0,0,0,0,605.651,0,0,-125.138
"MtrElec",10,2,19,"",515.337,0,0,0,0,0,0,0,0,0,0,0,0,0,0,0,0,0,0,0,0,569.749,0,-51.8861,-2.52586
"MtrElec",10,2,20,"",509.501,0,0,0,0,0,0,0,0,0,0,0,0,0,0,0,0,0,0,0,0,509.501,0,0,0
"MtrElec",10,2,21,"",514.841,0,0,0,0,0,0,0,0,0,0,0,0,0,0,0,0,0,0,0,0,514.841,0,0,0
"MtrElec",10,2,22,"",367.04,0,0,0,0,0,0,0,0,0,0,0,0,0,0,0,0,0,0,0,0,367.04,0,0,0
"MtrElec",10,2,23,"",372.067,0,0,0,0,0,0,0,0,0,0,0,0,0,0,0,0,0,0,0,0,372.067,0,0,0
"MtrElec",10,2,24,"",244.919,0,0,0,0,0,0,0,0,0,0,0,0,0,0,0,0,0,0,0,0,244.919,0,0,0
"MtrElec",10,3,1,"",185.598,0,0,0,0,0,0,0,0,0,0,0,0,0,0,0,0,0,0,0,0,185.598,0,0,0
"MtrElec",10,3,2,"",190.441,0,0,0,0,0,0,0,0,0,0,0,0,0,0,0,0,0,0,0,0,190.441,0,0,0
"MtrElec",10,3,3,"",171.474,0,0,0,0,0,0,0,0,0,0,0,0,0,0,0,0,0,0,0,0,171.474,0,0,0
"MtrElec",10,3,4,"",157.857,0,0,0,0,0,0,0,0,0,0,0,0,0,0,0,0,0,0,0,0,157.857,0,0,0
"MtrElec",10,3,5,"",173.271,0,0,0,0,0,0,0,0,0,0,0,0,0,0,0,0,0,0,0,0,173.271,0,0,0
"MtrElec",10,3,6,"",155.81,0,0,0,0,0,0,0,0,0,0,0,0,0,0,0,0,0,0,0,0,155.81,0,0,0
"MtrElec",10,3,7,"",224.884,0,0,0,0,0,0,0,0,0,0,0,0,0,0,0,0,0,0,0,0,224.884,0,0,0
"MtrElec",10,3,8,"",185.667,0,0,0,0,0,0,0,0,0,0,0,0,0,0,0,0,0,0,0,0,260.54,0,0,-74.8727
"MtrElec",10,3,9,"",80.2808,0,0,0,0,0,0,0,0,0,0,0,0,0,0,0,0,0,0,0,0,342.606,0,0,-262.325
"MtrElec",10,3,10,"",-19.4315,0,0,0,0,0,0,0,0,0,0,0,0,0,0,0,0,0,0,0,0,411.453,0,0,-430.884
"MtrElec",10,3,11,"",0,0,0,0,0,0,0,0,0,0,0,0,0,0,0,0,0,0,0,0,0,545.922,0,5.41975,-551.342
"MtrElec",10,3,12,"",0.0000039,0,0,0,0,0,0,0,0,0,0,0,0,0,0,0,0,0,0,0,0,562.577,0,56.4788,-619.055
"MtrElec",10,3,13,"",0,0,0,0,0,0,0,0,0,0,0,0,0,0,0,0,0,0,0,0,0,593.48,0,50.1676,-643.648
"MtrElec",10,3,14,"",0,0,0,0,0,0,0,0,0,0,0,0,0,0,0,0,0,0,0,0,0,565.368,0,61.4447,-626.812
"MtrElec",10,3,15,"",0,0,0,0,0,0,0,0,0,0,0,0,0,0,0,0,0,0,0,0,0,551.958,0,16.885,-568.843
"MtrElec",10,3,16,"",84.9003,0,0,0,0,0,0,0,0,0,0,0,0,0,0,0,0,0,0,0,0,557.032,0,0,-472.132
"MtrElec",10,3,17,"",264.265,0,0,0,0,0,0,0,0,0,0,0,0,0,0,0,0,0,0,0,0,558.632,0,0,-294.368
"MtrElec",10,3,18,"",440.079,0,0,0,0,0,0,0,0,0,0,0,0,0,0,0,0,0,0,0,0,562.594,0,0,-122.515
"MtrElec",10,3,19,"",406.102,0,0,0,0,0,0,0,0,0,0,0,0,0,0,0,0,0,0,0,0,580.101,0,-171.832,-2.16727
"MtrElec",10,3,20,"",480.105,0,0,0,0,0,0,0,0,0,0,0,0,0,0,0,0,0,0,0,0,480.105,0,0,0
"MtrElec",10,3,21,"",424.225,0,0,0,0,0,0,0,0,0,0,0,0,0,0,0,0,0,0,0,0,424.225,0,0,0
"MtrElec",10,3,22,"",364.529,0,0,0,0,0,0,0,0,0,0,0,0,0,0,0,0,0,0,0,0,364.529,0,0,0
"MtrElec",10,3,23,"",243.197,0,0,0,0,0,0,0,0,0,0,0,0,0,0,0,0,0,0,0,0,243.197,0,0,0
"MtrElec",10,3,24,"",260.378,0,0,0,0,0,0,0,0,0,0,0,0,0,0,0,0,0,0,0,0,260.378,0,0,0
"MtrElec",10,4,1,"",181.755,0,0,0,0,0,0,0,0,0,0,0,0,0,0,0,0,0,0,0,0,181.755,0,0,0
"MtrElec",10,4,2,"",155.204,0,0,0,0,0,0,0,0,0,0,0,0,0,0,0,0,0,0,0,0,155.204,0,0,0
"MtrElec",10,4,3,"",150.458,0,0,0,0,0,0,0,0,0,0,0,0,0,0,0,0,0,0,0,0,150.458,0,0,0
"MtrElec",10,4,4,"",151.104,0,0,0,0,0,0,0,0,0,0,0,0,0,0,0,0,0,0,0,0,151.104,0,0,0
"MtrElec",10,4,5,"",155.256,0,0,0,0,0,0,0,0,0,0,0,0,0,0,0,0,0,0,0,0,155.256,0,0,0
"MtrElec",10,4,6,"",155.739,0,0,0,0,0,0,0,0,0,0,0,0,0,0,0,0,0,0,0,0,155.739,0,0,0
"MtrElec",10,4,7,"",184.25,0,0,0,0,0,0,0,0,0,0,0,0,0,0,0,0,0,0,0,0,184.25,0,0,0
"MtrElec",10,4,8,"",157.199,0,0,0,0,0,0,0,0,0,0,0,0,0,0,0,0,0,0,0,0,198.104,0,0,-40.9049
"MtrElec",10,4,9,"",102.34,0,0,0,0,0,0,0,0,0,0,0,0,0,0,0,0,0,0,0,0,267.572,0,0,-165.232
"MtrElec",10,4,10,"",-114.236,0,0,0,0,0,0,0,0,0,0,0,0,0,0,0,0,0,0,0,0,320.203,0,0,-434.439
"MtrElec",10,4,11,"",0,0,0,0,0,0,0,0,0,0,0,0,0,0,0,0,0,0,0,0,0,407.072,0,147.782,-554.853
"MtrElec",10,4,12,"",0.0000156,0,0,0,0,0,0,0,0,0,0,0,0,0,0,0,0,0,0,0,0,432.025,0,190.726,-622.75
"MtrElec",10,4,13,"",0,0,0,0,0,0,0,0,0,0,0,0,0,0,0,0,0,0,0,0,0,449.358,0,217.191,-666.549
"MtrElec",10,4,14,"",-20.9985,0,0,0,0,0,0,0,0,0,0,0,0,0,0,0,0,0,0,0,0,418.922,0,223.217,-663.137
"MtrElec",10,4,15,"",-181.689,0,0,0,0,0,0,0,0,0,0,0,0,0,0,0,0,0,0,0,0,394.679,0,19.9661,-596.333
"MtrElec",10,4,16,"",-56.1685,0,0,0,0,0,0,0,0,0,0,0,0,0,0,0,0,0,0,0,0,418.352,0,0,-474.521
"MtrElec",10,4,17,"",66.7192,0,0,0,0,0,0,0,0,0,0,0,0,0,0,0,0,0,0,0,0,386.111,0,0,-319.392
"MtrElec",10,4,18,"",322.762,0,0,0,0,0,0,0,0,0,0,0,0,0,0,0,0,0,0,0,0,450.242,0,0,-127.481
"MtrElec",10,4,19,"",197.107,0,0,0,0,0,0,0,0,0,0,0,0,0,0,0,0,0,0,0,0,422.365,0,-223.217,-2.0411
"MtrElec",10,4,20,"",96.6293,0,0,0,0,0,0,0,0,0,0,0,0,0,0,0,0,0,0,0,0,319.846,0,-223.217,0
"MtrElec",10,4,21,"",105.75,0,0,0,0,0,0,0,0,0,0,0,0,0,0,0,0,0,0,0,0,328.967,0,-223.217,0
"MtrElec",10,4,22,"",247.393,0,0,0,0,0,0,0,0,0,0,0,0,0,0,0,0,0,0,0,0,298.733,0,-51.3398,0
"MtrElec",10,4,23,"",258.145,0,0,0,0,0,0,0,0,0,0,0,0,0,0,0,0,0,0,0,0,258.145,0,0,0
"MtrElec",10,4,24,"",234.251,0,0,0,0,0,0,0,0,0,0,0,0,0,0,0,0,0,0,0,0,234.251,0,0,0
"MtrElec",10,5,1,"",179.258,0,0,0,0,0,0,0,0,0,0,0,0,0,0,0,0,0,0,0,0,179.258,0,0,0
"MtrElec",10,5,2,"",159.283,0,0,0,0,0,0,0,0,0,0,0,0,0,0,0,0,0,0,0,0,159.283,0,0,0
"MtrElec",10,5,3,"",154.167,0,0,0,0,0,0,0,0,0,0,0,0,0,0,0,0,0,0,0,0,154.167,0,0,0
"MtrElec",10,5,4,"",189.797,0,0,0,0,0,0,0,0,0,0,0,0,0,0,0,0,0,0,0,0,189.797,0,0,0
"MtrElec",10,5,5,"",153.935,0,0,0,0,0,0,0,0,0,0,0,0,0,0,0,0,0,0,0,0,153.935,0,0,0
"MtrElec",10,5,6,"",154.573,0,0,0,0,0,0,0,0,0,0,0,0,0,0,0,0,0,0,0,0,154.573,0,0,0
"MtrElec",10,5,7,"",279.32,0,0,0,0,0,0,0,0,0,0,0,0,0,0,0,0,0,0,0,0,279.32,0,0,0
"MtrElec",10,5,8,"",272.5,0,0,0,0,0,0,0,0,0,0,0,0,0,0,0,0,0,0,0,0,280.293,0,0,-7.79294
"MtrElec",10,5,9,"",306.875,0,0,0,0,0,0,0,0,0,0,0,0,0,0,0,0,0,0,0,0,343.254,0,0,-36.3796
"MtrElec",10,5,10,"",257.342,0,0,0,0,0,0,0,0,0,0,0,0,0,0,0,0,0,0,0,0,389.271,0,0,-131.929
"MtrElec",10,5,11,"",0,0,0,0,0,0,0,0,0,0,0,0,0,0,0,0,0,0,0,0,0,406.672,0,78.1182,-484.791
"MtrElec",10,5,12,"",0,0,0,0,0,0,0,0,0,0,0,0,0,0,0,0,0,0,0,0,0,452.822,0,107.829,-560.65
"MtrElec",10,5,13,"",-16.406,0,0,0,0,0,0,0,0,0,0,0,0,0,0,0,0,0,0,0,0,421.983,0,223.217,-661.606
"MtrElec",10,5,14,"",0,0,0,0,0,0,0,0,0,0,0,0,0,0,0,0,0,0,0,0,0,456.923,0,164.166,-621.089
"MtrElec",10,5,15,"",0.0000078,0,0,0,0,0,0,0,0,0,0,0,0,0,0,0,0,0,0,0,0,444.319,0,113.617,-557.936
"MtrElec",10,5,16,"",40.849,0,0,0,0,0,0,0,0,0,0,0,0,0,0,0,0,0,0,0,0,497.702,0,0,-456.853
"MtrElec",10,5,17,"",251.141,0,0,0,0,0,0,0,0,0,0,0,0,0,0,0,0,0,0,0,0,559.031,0,0,-307.89
"MtrElec",10,5,18,"",410.325,0,0,0,0,0,0,0,0,0,0,0,0,0,0,0,0,0,0,0,0,530.728,0,0,-120.403
"MtrElec",10,5,19,"",245.879,0,0,0,0,0,0,0,0,0,0,0,0,0,0,0,0,0,0,0,0,470.927,0,-223.217,-1.83099
"MtrElec",10,5,20,"",246.546,0,0,0,0,0,0,0,0,0,0,0,0,0,0,0,0,0,0,0,0,469.763,0,-223.217,0
"MtrElec",10,5,21,"",254.285,0,0,0,0,0,0,0,0,0,0,0,0,0,0,0,0,0,0,0,0,427.821,0,-173.536,0
"MtrElec",10,5,22,"",309.133,0,0,0,0,0,0,0,0,0,0,0,0,0,0,0,0,0,0,0,0,309.133,0,0,0
"MtrElec",10,5,23,"",244.116,0,0,0,0,0,0,0,0,0,0,0,0,0,0,0,0,0,0,0,0,244.116,0,0,0
"MtrElec",10,5,24,"",254.507,0,0,0,0,0,0,0,0,0,0,0,0,0,0,0,0,0,0,0,0,254.507,0,0,0
"MtrElec",10,6,1,"",178.86,0,0,0,0,0,0,0,0,0,0,0,0,0,0,0,0,0,0,0,0,178.86,0,0,0
"MtrElec",10,6,2,"",153.866,0,0,0,0,0,0,0,0,0,0,0,0,0,0,0,0,0,0,0,0,153.866,0,0,0
"MtrElec",10,6,3,"",153.624,0,0,0,0,0,0,0,0,0,0,0,0,0,0,0,0,0,0,0,0,153.624,0,0,0
"MtrElec",10,6,4,"",155.334,0,0,0,0,0,0,0,0,0,0,0,0,0,0,0,0,0,0,0,0,155.334,0,0,0
"MtrElec",10,6,5,"",154.661,0,0,0,0,0,0,0,0,0,0,0,0,0,0,0,0,0,0,0,0,154.661,0,0,0
"MtrElec",10,6,6,"",192.462,0,0,0,0,0,0,0,0,0,0,0,0,0,0,0,0,0,0,0,0,192.462,0,0,0
"MtrElec",10,6,7,"",253.305,0,0,0,0,0,0,0,0,0,0,0,0,0,0,0,0,0,0,0,0,253.305,0,0,0
"MtrElec",10,6,8,"",271.457,0,0,0,0,0,0,0,0,0,0,0,0,0,0,0,0,0,0,0,0,302.56,0,0,-31.1028
"MtrElec",10,6,9,"",227.319,0,0,0,0,0,0,0,0,0,0,0,0,0,0,0,0,0,0,0,0,358.097,0,0,-130.778
"MtrElec",10,6,10,"",154.192,0,0,0,0,0,0,0,0,0,0,0,0,0,0,0,0,0,0,0,0,457.52,0,0,-303.328
"MtrElec",10,6,11,"",89.0399,0,0,0,0,0,0,0,0,0,0,0,0,0,0,0,0,0,0,0,0,487.503,0,0,-398.463
"MtrElec",10,6,12,"",0,0,0,0,0,0,0,0,0,0,0,0,0,0,0,0,0,0,0,0,0,460.762,0,58.8268,-519.589
"MtrElec",10,6,13,"",0,0,0,0,0,0,0,0,0,0,0,0,0,0,0,0,0,0,0,0,0,502.902,0,8.195,-511.097
"MtrElec",10,6,14,"",0.0000078,0,0,0,0,0,0,0,0,0,0,0,0,0,0,0,0,0,0,0,0,456.456,0,65.7143,-522.17
"MtrElec",10,6,15,"",25.218,0,0,0,0,0,0,0,0,0,0,0,0,0,0,0,0,0,0,0,0,507.791,0,0,-482.573
"MtrElec",10,6,16,"",121.786,0,0,0,0,0,0,0,0,0,0,0,0,0,0,0,0,0,0,0,0,494.177,0,0,-372.391
"MtrElec",10,6,17,"",319.695,0,0,0,0,0,0,0,0,0,0,0,0,0,0,0,0,0,0,0,0,543.844,0,0,-224.149
"MtrElec",10,6,18,"",439.653,0,0,0,0,0,0,0,0,0,0,0,0,0,0,0,0,0,0,0,0,506.481,0,0,-66.8282
"MtrElec",10,6,19,"",354.389,0,0,0,0,0,0,0,0,0,0,0,0,0,0,0,0,0,0,0,0,474.823,0,-119.794,-0.639554
"MtrElec",10,6,20,"",467.644,0,0,0,0,0,0,0,0,0,0,0,0,0,0,0,0,0,0,0,0,467.644,0,0,0
"MtrElec",10,6,21,"",422.829,0,0,0,0,0,0,0,0,0,0,0,0,0,0,0,0,0,0,0,0,422.829,0,0,0
"MtrElec",10,6,22,"",325.78,0,0,0,0,0,0,0,0,0,0,0,0,0,0,0,0,0,0,0,0,325.78,0,0,0
"MtrElec",10,6,23,"",308.674,0,0,0,0,0,0,0,0,0,0,0,0,0,0,0,0,0,0,0,0,308.674,0,0,0
"MtrElec",10,6,24,"",234.089,0,0,0,0,0,0,0,0,0,0,0,0,0,0,0,0,0,0,0,0,234.089,0,0,0
"MtrElec",10,7,1,"",178.723,0,0,0,0,0,0,0,0,0,0,0,0,0,0,0,0,0,0,0,0,178.723,0,0,0
"MtrElec",10,7,2,"",160.868,0,0,0,0,0,0,0,0,0,0,0,0,0,0,0,0,0,0,0,0,160.868,0,0,0
"MtrElec",10,7,3,"",153.378,0,0,0,0,0,0,0,0,0,0,0,0,0,0,0,0,0,0,0,0,153.378,0,0,0
"MtrElec",10,7,4,"",154.126,0,0,0,0,0,0,0,0,0,0,0,0,0,0,0,0,0,0,0,0,154.126,0,0,0
"MtrElec",10,7,5,"",184.57,0,0,0,0,0,0,0,0,0,0,0,0,0,0,0,0,0,0,0,0,184.57,0,0,0
"MtrElec",10,7,6,"",155.102,0,0,0,0,0,0,0,0,0,0,0,0,0,0,0,0,0,0,0,0,155.102,0,0,0
"MtrElec",10,7,7,"",243.613,0,0,0,0,0,0,0,0,0,0,0,0,0,0,0,0,0,0,0,0,243.613,0,0,0
"MtrElec",10,7,8,"",208.547,0,0,0,0,0,0,0,0,0,0,0,0,0,0,0,0,0,0,0,0,277.891,0,0,-69.3438
"MtrElec",10,7,9,"",146.767,0,0,0,0,0,0,0,0,0,0,0,0,0,0,0,0,0,0,0,0,403.318,0,0,-256.551
"MtrElec",10,7,10,"",49.5395,0,0,0,0,0,0,0,0,0,0,0,0,0,0,0,0,0,0,0,0,478.573,0,0,-429.034
"MtrElec",10,7,11,"",0,0,0,0,0,0,0,0,0,0,0,0,0,0,0,0,0,0,0,0,0,547.515,0,3.6985,-551.214
"MtrElec",10,7,12,"",0,0,0,0,0,0,0,0,0,0,0,0,0,0,0,0,0,0,0,0,0,531.492,0,85.5631,-617.055
"MtrElec",10,7,13,"",0,0,0,0,0,0,0,0,0,0,0,0,0,0,0,0,0,0,0,0,0,573.008,0,69.1428,-642.15
"MtrElec",10,7,14,"",0,0,0,0,0,0,0,0,0,0,0,0,0,0,0,0,0,0,0,0,0,466.382,0,157.432,-623.813
"MtrElec",10,7,15,"",0,0,0,0,0,0,0,0,0,0,0,0,0,0,0,0,0,0,0,0,0,512.094,0,48.6734,-560.767
"MtrElec",10,7,16,"",102.653,0,0,0,0,0,0,0,0,0,0,0,0,0,0,0,0,0,0,0,0,556.588,0,0,-453.936
"MtrElec",10,7,17,"",236.102,0,0,0,0,0,0,0,0,0,0,0,0,0,0,0,0,0,0,0,0,541.626,0,0,-305.524
"MtrElec",10,7,18,"",420.638,0,0,0,0,0,0,0,0,0,0,0,0,0,0,0,0,0,0,0,0,537.064,0,0,-116.426
"MtrElec",10,7,19,"",295.669,0,0,0,0,0,0,0,0,0,0,0,0,0,0,0,0,0,0,0,0,519.84,0,-223.217,-0.953637
"MtrElec",10,7,20,"",369.896,0,0,0,0,0,0,0,0,0,0,0,0,0,0,0,0,0,0,0,0,475.649,0,-105.753,0
"MtrElec",10,7,21,"",467.719,0,0,0,0,0,0,0,0,0,0,0,0,0,0,0,0,0,0,0,0,467.719,0,0,0
"MtrElec",10,7,22,"",343.121,0,0,0,0,0,0,0,0,0,0,0,0,0,0,0,0,0,0,0,0,343.121,0,0,0
"MtrElec",10,7,23,"",277.955,0,0,0,0,0,0,0,0,0,0,0,0,0,0,0,0,0,0,0,0,277.955,0,0,0
"MtrElec",10,7,24,"",213.716,0,0,0,0,0,0,0,0,0,0,0,0,0,0,0,0,0,0,0,0,213.716,0,0,0
"MtrElec",10,8,1,"",179.871,0,0,0,0,0,0,0,0,0,0,0,0,0,0,0,0,0,0,0,0,179.871,0,0,0
"MtrElec",10,8,2,"",155.699,0,0,0,0,0,0,0,0,0,0,0,0,0,0,0,0,0,0,0,0,155.699,0,0,0
"MtrElec",10,8,3,"",150.036,0,0,0,0,0,0,0,0,0,0,0,0,0,0,0,0,0,0,0,0,150.036,0,0,0
"MtrElec",10,8,4,"",150.435,0,0,0,0,0,0,0,0,0,0,0,0,0,0,0,0,0,0,0,0,150.435,0,0,0
"MtrElec",10,8,5,"",146.329,0,0,0,0,0,0,0,0,0,0,0,0,0,0,0,0,0,0,0,0,146.329,0,0,0
"MtrElec",10,8,6,"",190.389,0,0,0,0,0,0,0,0,0,0,0,0,0,0,0,0,0,0,0,0,190.389,0,0,0
"MtrElec",10,8,7,"",233.691,0,0,0,0,0,0,0,0,0,0,0,0,0,0,0,0,0,0,0,0,233.691,0,0,0
"MtrElec",10,8,8,"",315.05,0,0,0,0,0,0,0,0,0,0,0,0,0,0,0,0,0,0,0,0,325.048,0,0,-9.99755
"MtrElec",10,8,9,"",301.271,0,0,0,0,0,0,0,0,0,0,0,0,0,0,0,0,0,0,0,0,350.737,0,0,-49.4658
"MtrElec",10,8,10,"",312.423,0,0,0,0,0,0,0,0,0,0,0,0,0,0,0,0,0,0,0,0,405.659,0,0,-93.2361
"MtrElec",10,8,11,"",188.886,0,0,0,0,0,0,0,0,0,0,0,0,0,0,0,0,0,0,0,0,410.631,0,0,-221.744
"MtrElec",10,8,12,"",0,0,0,0,0,0,0,0,0,0,0,0,0,0,0,0,0,0,0,0,0,451.696,0,47.7605,-499.456
"MtrElec",10,8,13,"",0,0,0,0,0,0,0,0,0,0,0,0,0,0,0,0,0,0,0,0,0,450.788,0,208.403,-659.191
"MtrElec",10,8,14,"",0,0,0,0,0,0,0,0,0,0,0,0,0,0,0,0,0,0,0,0,0,463.092,0,170.988,-634.081
"MtrElec",10,8,15,"",0,0,0,0,0,0,0,0,0,0,0,0,0,0,0,0,0,0,0,0,0,447.509,0,127.767,-575.276
"MtrElec",10,8,16,"",58.2252,0,0,0,0,0,0,0,0,0,0,0,0,0,0,0,0,0,0,0,0,528.141,0,0,-469.916
"MtrElec",10,8,17,"",235.008,0,0,0,0,0,0,0,0,0,0,0,0,0,0,0,0,0,0,0,0,543.533,0,0,-308.525
"MtrElec",10,8,18,"",400.609,0,0,0,0,0,0,0,0,0,0,0,0,0,0,0,0,0,0,0,0,516.39,0,0,-115.781
"MtrElec",10,8,19,"",213.851,0,0,0,0,0,0,0,0,0,0,0,0,0,0,0,0,0,0,0,0,438.098,0,-223.217,-1.03068
"MtrElec",10,8,20,"",185.138,0,0,0,0,0,0,0,0,0,0,0,0,0,0,0,0,0,0,0,0,408.355,0,-223.217,0
"MtrElec",10,8,21,"",351.149,0,0,0,0,0,0,0,0,0,0,0,0,0,0,0,0,0,0,0,0,405.529,0,-54.3802,0
"MtrElec",10,8,22,"",289.67,0,0,0,0,0,0,0,0,0,0,0,0,0,0,0,0,0,0,0,0,289.67,0,0,0
"MtrElec",10,8,23,"",264.954,0,0,0,0,0,0,0,0,0,0,0,0,0,0,0,0,0,0,0,0,264.954,0,0,0
"MtrElec",10,8,24,"",211.616,0,0,0,0,0,0,0,0,0,0,0,0,0,0,0,0,0,0,0,0,211.616,0,0,0
"MtrElec",10,9,1,"",198.428,0,0,0,0,0,0,0,0,0,0,0,0,0,0,0,0,0,0,0,0,198.428,0,0,0
"MtrElec",10,9,2,"",154.216,0,0,0,0,0,0,0,0,0,0,0,0,0,0,0,0,0,0,0,0,154.216,0,0,0
"MtrElec",10,9,3,"",148.707,0,0,0,0,0,0,0,0,0,0,0,0,0,0,0,0,0,0,0,0,148.707,0,0,0
"MtrElec",10,9,4,"",149.766,0,0,0,0,0,0,0,0,0,0,0,0,0,0,0,0,0,0,0,0,149.766,0,0,0
"MtrElec",10,9,5,"",144.71,0,0,0,0,0,0,0,0,0,0,0,0,0,0,0,0,0,0,0,0,144.71,0,0,0
"MtrElec",10,9,6,"",159.451,0,0,0,0,0,0,0,0,0,0,0,0,0,0,0,0,0,0,0,0,159.451,0,0,0
"MtrElec",10,9,7,"",275.091,0,0,0,0,0,0,0,0,0,0,0,0,0,0,0,0,0,0,0,0,275.091,0,0,0
"MtrElec",10,9,8,"",252.43,0,0,0,0,0,0,0,0,0,0,0,0,0,0,0,0,0,0,0,0,288.756,0,0,-36.3254
"MtrElec",10,9,9,"",195.645,0,0,0,0,0,0,0,0,0,0,0,0,0,0,0,0,0,0,0,0,356.21,0,0,-160.565
"MtrElec",10,9,10,"",-38.2628,0,0,0,0,0,0,0,0,0,0,0,0,0,0,0,0,0,0,0,0,382.054,0,0,-420.317
"MtrElec",10,9,11,"",0,0,0,0,0,0,0,0,0,0,0,0,0,0,0,0,0,0,0,0,0,474.124,0,67.7242,-541.848
"MtrElec",10,9,12,"",0,0,0,0,0,0,0,0,0,0,0,0,0,0,0,0,0,0,0,0,0,459.827,0,165.182,-625.009
"MtrElec",10,9,13,"",0,0,0,0,0,0,0,0,0,0,0,0,0,0,0,0,0,0,0,0,0,438.446,0,42.2057,-480.652
"MtrElec",10,9,14,"",0,0,0,0,0,0,0,0,0,0,0,0,0,0,0,0,0,0,0,0,0,452.095,0,8.06616,-460.161
"MtrElec",10,9,15,"",0,0,0,0,0,0,0,0,0,0,0,0,0,0,0,0,0,0,0,0,0,438.334,0,95.6703,-534.004
"MtrElec",10,9,16,"",68.8457,0,0,0,0,0,0,0,0,0,0,0,0,0,0,0,0,0,0,0,0,487.308,0,0,-418.462
"MtrElec",10,9,17,"",307.841,0,0,0,0,0,0,0,0,0,0,0,0,0,0,0,0,0,0,0,0,478.31,0,0,-170.469
"MtrElec",10,9,18,"",458.023,0,0,0,0,0,0,0,0,0,0,0,0,0,0,0,0,0,0,0,0,487.322,0,0,-29.299
"MtrElec",10,9,19,"",216.219,0,0,0,0,0,0,0,0,0,0,0,0,0,0,0,0,0,0,0,0,439.436,0,-223.217,0
"MtrElec",10,9,20,"",337.772,0,0,0,0,0,0,0,0,0,0,0,0,0,0,0,0,0,0,0,0,456.466,0,-118.694,0
"MtrElec",10,9,21,"",483.139,0,0,0,0,0,0,0,0,0,0,0,0,0,0,0,0,0,0,0,0,483.139,0,0,0
"MtrElec",10,9,22,"",300.872,0,0,0,0,0,0,0,0,0,0,0,0,0,0,0,0,0,0,0,0,300.872,0,0,0
"MtrElec",10,9,23,"",298.351,0,0,0,0,0,0,0,0,0,0,0,0,0,0,0,0,0,0,0,0,298.351,0,0,0
"MtrElec",10,9,24,"",218.316,0,0,0,0,0,0,0,0,0,0,0,0,0,0,0,0,0,0,0,0,218.316,0,0,0
"MtrElec",10,10,1,"",164.828,0,0,0,0,0,0,0,0,0,0,0,0,0,0,0,0,0,0,0,0,164.828,0,0,0
"MtrElec",10,10,2,"",157.309,0,0,0,0,0,0,0,0,0,0,0,0,0,0,0,0,0,0,0,0,157.309,0,0,0
"MtrElec",10,10,3,"",176.362,0,0,0,0,0,0,0,0,0,0,0,0,0,0,0,0,0,0,0,0,176.362,0,0,0
"MtrElec",10,10,4,"",152.081,0,0,0,0,0,0,0,0,0,0,0,0,0,0,0,0,0,0,0,0,152.081,0,0,0
"MtrElec",10,10,5,"",192.456,0,0,0,0,0,0,0,0,0,0,0,0,0,0,0,0,0,0,0,0,192.456,0,0,0
"MtrElec",10,10,6,"",151.972,0,0,0,0,0,0,0,0,0,0,0,0,0,0,0,0,0,0,0,0,151.972,0,0,0
"MtrElec",10,10,7,"",207.639,0,0,0,0,0,0,0,0,0,0,0,0,0,0,0,0,0,0,0,0,207.639,0,0,0
"MtrElec",10,10,8,"",167.467,0,0,0,0,0,0,0,0,0,0,0,0,0,0,0,0,0,0,0,0,233.95,0,0,-66.4826
"MtrElec",10,10,9,"",74.1438,0,0,0,0,0,0,0,0,0,0,0,0,0,0,0,0,0,0,0,0,334.232,0,0,-260.088
"MtrElec",10,10,10,"",-23.8338,0,0,0,0,0,0,0,0,0,0,0,0,0,0,0,0,0,0,0,0,413.309,0,0,-437.143
"MtrElec",10,10,11,"",0,0,0,0,0,0,0,0,0,0,0,0,0,0,0,0,0,0,0,0,0,493.283,0,66.0497,-559.333
"MtrElec",10,10,12,"",11.4669,0,0,0,0,0,0,0,0,0,0,0,0,0,0,0,0,0,0,0,0,475.949,0,0,-464.482
"MtrElec",10,10,13,"",172.55,0,0,0,0,0,0,0,0,0,0,0,0,0,0,0,0,0,0,0,0,519.846,0,0,-347.296
"MtrElec",10,10,14,"",-7.28378,0,0,0,0,0,0,0,0,0,0,0,0,0,0,0,0,0,0,0,0,428.524,0,223.217,-659.024
"MtrElec",10,10,15,"",0.0000078,0,0,0,0,0,0,0,0,0,0,0,0,0,0,0,0,0,0,0,0,484.551,0,106.929,-591.48
"MtrElec",10,10,16,"",0.0000039,0,0,0,0,0,0,0,0,0,0,0,0,0,0,0,0,0,0,0,0,424.75,0,52.5946,-477.345
"MtrElec",10,10,17,"",156.964,0,0,0,0,0,0,0,0,0,0,0,0,0,0,0,0,0,0,0,0,467.214,0,0,-310.25
"MtrElec",10,10,18,"",392.177,0,0,0,0,0,0,0,0,0,0,0,0,0,0,0,0,0,0,0,0,505.546,0,0,-113.369
"MtrElec",10,10,19,"",294.018,0,0,0,0,0,0,0,0,0,0,0,0,0,0,0,0,0,0,0,0,517.567,0,-223.217,-0.332078
"MtrElec",10,10,20,"",202.265,0,0,0,0,0,0,0,0,0,0,0,0,0,0,0,0,0,0,0,0,384.081,0,-181.816,0
"MtrElec",10,10,21,"",401.09,0,0,0,0,0,0,0,0,0,0,0,0,0,0,0,0,0,0,0,0,401.09,0,0,0
"MtrElec",10,10,22,"",377.478,0,0,0,0,0,0,0,0,0,0,0,0,0,0,0,0,0,0,0,0,377.478,0,0,0
"MtrElec",10,10,23,"",198.961,0,0,0,0,0,0,0,0,0,0,0,0,0,0,0,0,0,0,0,0,198.961,0,0,0
"MtrElec",10,10,24,"",204.719,0,0,0,0,0,0,0,0,0,0,0,0,0,0,0,0,0,0,0,0,204.719,0,0,0
"MtrElec",10,11,1,"",158.336,0,0,0,0,0,0,0,0,0,0,0,0,0,0,0,0,0,0,0,0,158.336,0,0,0
"MtrElec",10,11,2,"",152.95,0,0,0,0,0,0,0,0,0,0,0,0,0,0,0,0,0,0,0,0,152.95,0,0,0
"MtrElec",10,11,3,"",187.798,0,0,0,0,0,0,0,0,0,0,0,0,0,0,0,0,0,0,0,0,187.798,0,0,0
"MtrElec",10,11,4,"",152.989,0,0,0,0,0,0,0,0,0,0,0,0,0,0,0,0,0,0,0,0,152.989,0,0,0
"MtrElec",10,11,5,"",183.943,0,0,0,0,0,0,0,0,0,0,0,0,0,0,0,0,0,0,0,0,183.943,0,0,0
"MtrElec",10,11,6,"",156.671,0,0,0,0,0,0,0,0,0,0,0,0,0,0,0,0,0,0,0,0,156.671,0,0,0
"MtrElec",10,11,7,"",183.728,0,0,0,0,0,0,0,0,0,0,0,0,0,0,0,0,0,0,0,0,183.728,0,0,0
"MtrElec",10,11,8,"",178.614,0,0,0,0,0,0,0,0,0,0,0,0,0,0,0,0,0,0,0,0,214.943,0,0,-36.329
"MtrElec",10,11,9,"",133.806,0,0,0,0,0,0,0,0,0,0,0,0,0,0,0,0,0,0,0,0,257.513,0,0,-123.707
"MtrElec",10,11,10,"",108.661,0,0,0,0,0,0,0,0,0,0,0,0,0,0,0,0,0,0,0,0,330.806,0,0,-222.144
"MtrElec",10,11,11,"",0,0,0,0,0,0,0,0,0,0,0,0,0,0,0,0,0,0,0,0,0,395.6,0,68.019,-463.619
"MtrElec",10,11,12,"",0.0000078,0,0,0,0,0,0,0,0,0,0,0,0,0,0,0,0,0,0,0,0,382.788,0,129.993,-512.781
"MtrElec",10,11,13,"",0,0,0,0,0,0,0,0,0,0,0,0,0,0,0,0,0,0,0,0,0,375.062,0,114.938,-490
"MtrElec",10,11,14,"",77.398,0,0,0,0,0,0,0,0,0,0,0,0,0,0,0,0,0,0,0,0,372.343,0,0,-294.945
"MtrElec",10,11,15,"",43.2018,0,0,0,0,0,0,0,0,0,0,0,0,0,0,0,0,0,0,0,0,334.144,0,0,-290.943
"MtrElec",10,11,16,"",202.014,0,0,0,0,0,0,0,0,0,0,0,0,0,0,0,0,0,0,0,0,318.099,0,0,-116.085
"MtrElec",10,11,17,"",292.686,0,0,0,0,0,0,0,0,0,0,0,0,0,0,0,0,0,0,0,0,295.984,0,0,-3.29803
"MtrElec",10,11,18,"",319.818,0,0,0,0,0,0,0,0,0,0,0,0,0,0,0,0,0,0,0,0,319.818,0,0,0
"MtrElec",10,11,19,"",168.65,0,0,0,0,0,0,0,0,0,0,0,0,0,0,0,0,0,0,0,0,391.867,0,-223.217,0
"MtrElec",10,11,20,"",230.925,0,0,0,0,0,0,0,0,0,0,0,0,0,0,0,0,0,0,0,0,290.146,0,-59.2205,0
"MtrElec",10,11,21,"",308.91,0,0,0,0,0,0,0,0,0,0,0,0,0,0,0,0,0,0,0,0,308.91,0,0,0
"MtrElec",10,11,22,"",309.627,0,0,0,0,0,0,0,0,0,0,0,0,0,0,0,0,0,0,0,0,309.627,0,0,0
"MtrElec",10,11,23,"",207.094,0,0,0,0,0,0,0,0,0,0,0,0,0,0,0,0,0,0,0,0,207.094,0,0,0
"MtrElec",10,11,24,"",239.828,0,0,0,0,0,0,0,0,0,0,0,0,0,0,0,0,0,0,0,0,239.828,0,0,0
"MtrElec",10,12,1,"",167.569,0,0,0,0,0,0,0,0,0,0,0,0,0,0,0,0,0,0,0,0,167.569,0,0,0
"MtrElec",10,12,2,"",155.509,0,0,0,0,0,0,0,0,0,0,0,0,0,0,0,0,0,0,0,0,155.509,0,0,0
"MtrElec",10,12,3,"",150.804,0,0,0,0,0,0,0,0,0,0,0,0,0,0,0,0,0,0,0,0,150.804,0,0,0
"MtrElec",10,12,4,"",163.336,0,0,0,0,0,0,0,0,0,0,0,0,0,0,0,0,0,0,0,0,163.336,0,0,0
"MtrElec",10,12,5,"",149.599,0,0,0,0,0,0,0,0,0,0,0,0,0,0,0,0,0,0,0,0,149.599,0,0,0
"MtrElec",10,12,6,"",195.4,0,0,0,0,0,0,0,0,0,0,0,0,0,0,0,0,0,0,0,0,195.4,0,0,0
"MtrElec",10,12,7,"",211.207,0,0,0,0,0,0,0,0,0,0,0,0,0,0,0,0,0,0,0,0,211.207,0,0,0
"MtrElec",10,12,8,"",229.763,0,0,0,0,0,0,0,0,0,0,0,0,0,0,0,0,0,0,0,0,291.337,0,0,-61.5739
"MtrElec",10,12,9,"",168.904,0,0,0,0,0,0,0,0,0,0,0,0,0,0,0,0,0,0,0,0,347.462,0,0,-178.558
"MtrElec",10,12,10,"",247.217,0,0,0,0,0,0,0,0,0,0,0,0,0,0,0,0,0,0,0,0,351.348,0,0,-104.131
"MtrElec",10,12,11,"",179.643,0,0,0,0,0,0,0,0,0,0,0,0,0,0,0,0,0,0,0,0,338.286,0,0,-158.643
"MtrElec",10,12,12,"",0,0,0,0,0,0,0,0,0,0,0,0,0,0,0,0,0,0,0,0,0,379.587,0,99.3607,-478.948
"MtrElec",10,12,13,"",0,0,0,0,0,0,0,0,0,0,0,0,0,0,0,0,0,0,0,0,0,403.458,0,184.368,-587.826
"MtrElec",10,12,14,"",-92.2857,0,0,0,0,0,0,0,0,0,0,0,0,0,0,0,0,0,0,0,0,309.361,0,223.217,-624.864
"MtrElec",10,12,15,"",-33.0595,0,0,0,0,0,0,0,0,0,0,0,0,0,0,0,0,0,0,0,0,298.829,0,223.217,-555.105
"MtrElec",10,12,16,"",0,0,0,0,0,0,0,0,0,0,0,0,0,0,0,0,0,0,0,0,0,328.602,0,53.277,-381.879
"MtrElec",10,12,17,"",265.594,0,0,0,0,0,0,0,0,0,0,0,0,0,0,0,0,0,0,0,0,336.535,0,0,-70.9413
"MtrElec",10,12,18,"",301.44,0,0,0,0,0,0,0,0,0,0,0,0,0,0,0,0,0,0,0,0,357.268,0,0,-55.8283
"MtrElec",10,12,19,"",157.752,0,0,0,0,0,0,0,0,0,0,0,0,0,0,0,0,0,0,0,0,380.969,0,-223.217,0
"MtrElec",10,12,20,"",116.406,0,0,0,0,0,0,0,0,0,0,0,0,0,0,0,0,0,0,0,0,339.623,0,-223.217,0
"MtrElec",10,12,21,"",125.466,0,0,0,0,0,0,0,0,0,0,0,0,0,0,0,0,0,0,0,0,348.683,0,-223.217,0
"MtrElec",10,12,22,"",254.786,0,0,0,0,0,0,0,0,0,0,0,0,0,0,0,0,0,0,0,0,292.189,0,-37.4034,0
"MtrElec",10,12,23,"",302.792,0,0,0,0,0,0,0,0,0,0,0,0,0,0,0,0,0,0,0,0,302.792,0,0,0
"MtrElec",10,12,24,"",202.904,0,0,0,0,0,0,0,0,0,0,0,0,0,0,0,0,0,0,0,0,202.904,0,0,0
"MtrElec",10,13,1,"",201.436,0,0,0,0,0,0,0,0,0,0,0,0,0,0,0,0,0,0,0,0,201.436,0,0,0
"MtrElec",10,13,2,"",153.93,0,0,0,0,0,0,0,0,0,0,0,0,0,0,0,0,0,0,0,0,153.93,0,0,0
"MtrElec",10,13,3,"",148.599,0,0,0,0,0,0,0,0,0,0,0,0,0,0,0,0,0,0,0,0,148.599,0,0,0
"MtrElec",10,13,4,"",149.533,0,0,0,0,0,0,0,0,0,0,0,0,0,0,0,0,0,0,0,0,149.533,0,0,0
"MtrElec",10,13,5,"",146.576,0,0,0,0,0,0,0,0,0,0,0,0,0,0,0,0,0,0,0,0,146.576,0,0,0
"MtrElec",10,13,6,"",193.238,0,0,0,0,0,0,0,0,0,0,0,0,0,0,0,0,0,0,0,0,193.238,0,0,0
"MtrElec",10,13,7,"",232.788,0,0,0,0,0,0,0,0,0,0,0,0,0,0,0,0,0,0,0,0,232.788,0,0,0
"MtrElec",10,13,8,"",236.363,0,0,0,0,0,0,0,0,0,0,0,0,0,0,0,0,0,0,0,0,300.608,0,0,-64.2451
"MtrElec",10,13,9,"",85.4003,0,0,0,0,0,0,0,0,0,0,0,0,0,0,0,0,0,0,0,0,334.621,0,0,-249.22
"MtrElec",10,13,10,"",-51.2292,0,0,0,0,0,0,0,0,0,0,0,0,0,0,0,0,0,0,0,0,365.43,0,0,-416.659
"MtrElec",10,13,11,"",0.0000078,0,0,0,0,0,0,0,0,0,0,0,0,0,0,0,0,0,0,0,0,441.548,0,97.4565,-539.005
"MtrElec",10,13,12,"",0,0,0,0,0,0,0,0,0,0,0,0,0,0,0,0,0,0,0,0,0,406.434,0,205.842,-612.276
"MtrElec",10,13,13,"",0,0,0,0,0,0,0,0,0,0,0,0,0,0,0,0,0,0,0,0,0,421.14,0,214.558,-635.698
"MtrElec",10,13,14,"",0,0,0,0,0,0,0,0,0,0,0,0,0,0,0,0,0,0,0,0,0,408.3,0,132.78,-541.08
"MtrElec",10,13,15,"",-23.1485,0,0,0,0,0,0,0,0,0,0,0,0,0,0,0,0,0,0,0,0,371.428,0,148.245,-542.822
"MtrElec",10,13,16,"",-14.8722,0,0,0,0,0,0,0,0,0,0,0,0,0,0,0,0,0,0,0,0,435.024,0,0,-449.896
"MtrElec",10,13,17,"",150.939,0,0,0,0,0,0,0,0,0,0,0,0,0,0,0,0,0,0,0,0,444.111,0,0,-293.171
"MtrElec",10,13,18,"",373.965,0,0,0,0,0,0,0,0,0,0,0,0,0,0,0,0,0,0,0,0,475.441,0,0,-101.476
"MtrElec",10,13,19,"",208.006,0,0,0,0,0,0,0,0,0,0,0,0,0,0,0,0,0,0,0,0,431.223,0,-223.217,0
"MtrElec",10,13,20,"",182.896,0,0,0,0,0,0,0,0,0,0,0,0,0,0,0,0,0,0,0,0,406.113,0,-223.217,0
"MtrElec",10,13,21,"",197.166,0,0,0,0,0,0,0,0,0,0,0,0,0,0,0,0,0,0,0,0,420.382,0,-223.217,0
"MtrElec",10,13,22,"",238.121,0,0,0,0,0,0,0,0,0,0,0,0,0,0,0,0,0,0,0,0,289.461,0,-51.3398,0
"MtrElec",10,13,23,"",267.047,0,0,0,0,0,0,0,0,0,0,0,0,0,0,0,0,0,0,0,0,267.047,0,0,0
"MtrElec",10,13,24,"",207.323,0,0,0,0,0,0,0,0,0,0,0,0,0,0,0,0,0,0,0,0,207.323,0,0,0
"MtrElec",10,14,1,"",155.576,0,0,0,0,0,0,0,0,0,0,0,0,0,0,0,0,0,0,0,0,155.576,0,0,0
"MtrElec",10,14,2,"",155.973,0,0,0,0,0,0,0,0,0,0,0,0,0,0,0,0,0,0,0,0,155.973,0,0,0
"MtrElec",10,14,3,"",149.927,0,0,0,0,0,0,0,0,0,0,0,0,0,0,0,0,0,0,0,0,149.927,0,0,0
"MtrElec",10,14,4,"",148.285,0,0,0,0,0,0,0,0,0,0,0,0,0,0,0,0,0,0,0,0,148.285,0,0,0
"MtrElec",10,14,5,"",162.417,0,0,0,0,0,0,0,0,0,0,0,0,0,0,0,0,0,0,0,0,162.417,0,0,0
"MtrElec",10,14,6,"",170.999,0,0,0,0,0,0,0,0,0,0,0,0,0,0,0,0,0,0,0,0,170.999,0,0,0
"MtrElec",10,14,7,"",250.355,0,0,0,0,0,0,0,0,0,0,0,0,0,0,0,0,0,0,0,0,250.355,0,0,0
"MtrElec",10,14,8,"",208.845,0,0,0,0,0,0,0,0,0,0,0,0,0,0,0,0,0,0,0,0,272.513,0,0,-63.6676
"MtrElec",10,14,9,"",98.5403,0,0,0,0,0,0,0,0,0,0,0,0,0,0,0,0,0,0,0,0,351.283,0,0,-252.743
"MtrElec",10,14,10,"",36.8106,0,0,0,0,0,0,0,0,0,0,0,0,0,0,0,0,0,0,0,0,454.668,0,0,-417.857
"MtrElec",10,14,11,"",0,0,0,0,0,0,0,0,0,0,0,0,0,0,0,0,0,0,0,0,0,492.795,0,39.4777,-532.273
"MtrElec",10,14,12,"",0,0,0,0,0,0,0,0,0,0,0,0,0,0,0,0,0,0,0,0,0,501.714,0,103.703,-605.418
"MtrElec",10,14,13,"",0,0,0,0,0,0,0,0,0,0,0,0,0,0,0,0,0,0,0,0,0,532.645,0,94.7301,-627.375
"MtrElec",10,14,14,"",0,0,0,0,0,0,0,0,0,0,0,0,0,0,0,0,0,0,0,0,0,471.203,0,134.356,-605.559
"MtrElec",10,14,15,"",0,0,0,0,0,0,0,0,0,0,0,0,0,0,0,0,0,0,0,0,0,498.039,0,54.2497,-552.289
"MtrElec",10,14,16,"",60.678,0,0,0,0,0,0,0,0,0,0,0,0,0,0,0,0,0,0,0,0,510.698,0,0,-450.02
"MtrElec",10,14,17,"",246.814,0,0,0,0,0,0,0,0,0,0,0,0,0,0,0,0,0,0,0,0,537.961,0,0,-291.147
"MtrElec",10,14,18,"",428.688,0,0,0,0,0,0,0,0,0,0,0,0,0,0,0,0,0,0,0,0,526.828,0,0,-98.1391
"MtrElec",10,14,19,"",305.757,0,0,0,0,0,0,0,0,0,0,0,0,0,0,0,0,0,0,0,0,528.974,0,-223.217,0
"MtrElec",10,14,20,"",308.27,0,0,0,0,0,0,0,0,0,0,0,0,0,0,0,0,0,0,0,0,469.985,0,-161.715,0
"MtrElec",10,14,21,"",505.672,0,0,0,0,0,0,0,0,0,0,0,0,0,0,0,0,0,0,0,0,505.672,0,0,0
"MtrElec",10,14,22,"",346.922,0,0,0,0,0,0,0,0,0,0,0,0,0,0,0,0,0,0,0,0,346.922,0,0,0
"MtrElec",10,14,23,"",287.344,0,0,0,0,0,0,0,0,0,0,0,0,0,0,0,0,0,0,0,0,287.344,0,0,0
"MtrElec",10,14,24,"",213.991,0,0,0,0,0,0,0,0,0,0,0,0,0,0,0,0,0,0,0,0,213.991,0,0,0
"MtrElec",10,15,1,"",184.283,0,0,0,0,0,0,0,0,0,0,0,0,0,0,0,0,0,0,0,0,184.283,0,0,0
"MtrElec",10,15,2,"",164.638,0,0,0,0,0,0,0,0,0,0,0,0,0,0,0,0,0,0,0,0,164.638,0,0,0
"MtrElec",10,15,3,"",186.986,0,0,0,0,0,0,0,0,0,0,0,0,0,0,0,0,0,0,0,0,186.986,0,0,0
"MtrElec",10,15,4,"",153.898,0,0,0,0,0,0,0,0,0,0,0,0,0,0,0,0,0,0,0,0,153.898,0,0,0
"MtrElec",10,15,5,"",148.183,0,0,0,0,0,0,0,0,0,0,0,0,0,0,0,0,0,0,0,0,148.183,0,0,0
"MtrElec",10,15,6,"",156.065,0,0,0,0,0,0,0,0,0,0,0,0,0,0,0,0,0,0,0,0,156.065,0,0,0
"MtrElec",10,15,7,"",264.024,0,0,0,0,0,0,0,0,0,0,0,0,0,0,0,0,0,0,0,0,264.024,0,0,0
"MtrElec",10,15,8,"",260.542,0,0,0,0,0,0,0,0,0,0,0,0,0,0,0,0,0,0,0,0,323.585,0,0,-63.0429
"MtrElec",10,15,9,"",147.885,0,0,0,0,0,0,0,0,0,0,0,0,0,0,0,0,0,0,0,0,392.751,0,0,-244.866
"MtrElec",10,15,10,"",94.0836,0,0,0,0,0,0,0,0,0,0,0,0,0,0,0,0,0,0,0,0,502.895,0,0,-408.811
"MtrElec",10,15,11,"",116.015,0,0,0,0,0,0,0,0,0,0,0,0,0,0,0,0,0,0,0,0,578.535,0,0,-462.52
"MtrElec",10,15,12,"",0.0000020,0,0,0,0,0,0,0,0,0,0,0,0,0,0,0,0,0,0,0,0,555.077,0,32.653,-587.73
"MtrElec",10,15,13,"",0,0,0,0,0,0,0,0,0,0,0,0,0,0,0,0,0,0,0,0,0,536.59,0,94.3898,-630.979
"MtrElec",10,15,14,"",0,0,0,0,0,0,0,0,0,0,0,0,0,0,0,0,0,0,0,0,0,545.321,0,82.5094,-627.831
"MtrElec",10,15,15,"",0.0000039,0,0,0,0,0,0,0,0,0,0,0,0,0,0,0,0,0,0,0,0,512.916,0,55.217,-568.133
"MtrElec",10,15,16,"",101.878,0,0,0,0,0,0,0,0,0,0,0,0,0,0,0,0,0,0,0,0,553.644,0,0,-451.766
"MtrElec",10,15,17,"",261.519,0,0,0,0,0,0,0,0,0,0,0,0,0,0,0,0,0,0,0,0,551.477,0,0,-289.957
"MtrElec",10,15,18,"",458.488,0,0,0,0,0,0,0,0,0,0,0,0,0,0,0,0,0,0,0,0,554.923,0,0,-96.4348
"MtrElec",10,15,19,"",285.503,0,0,0,0,0,0,0,0,0,0,0,0,0,0,0,0,0,0,0,0,508.719,0,-223.217,0
"MtrElec",10,15,20,"",438.804,0,0,0,0,0,0,0,0,0,0,0,0,0,0,0,0,0,0,0,0,454.541,0,-15.7374,0
"MtrElec",10,15,21,"",480.068,0,0,0,0,0,0,0,0,0,0,0,0,0,0,0,0,0,0,0,0,480.068,0,0,0
"MtrElec",10,15,22,"",344.913,0,0,0,0,0,0,0,0,0,0,0,0,0,0,0,0,0,0,0,0,344.913,0,0,0
"MtrElec",10,15,23,"",263.672,0,0,0,0,0,0,0,0,0,0,0,0,0,0,0,0,0,0,0,0,263.672,0,0,0
"MtrElec",10,15,24,"",243.085,0,0,0,0,0,0,0,0,0,0,0,0,0,0,0,0,0,0,0,0,243.085,0,0,0
"MtrElec",10,16,1,"",175.454,0,0,0,0,0,0,0,0,0,0,0,0,0,0,0,0,0,0,0,0,175.454,0,0,0
"MtrElec",10,16,2,"",161.315,0,0,0,0,0,0,0,0,0,0,0,0,0,0,0,0,0,0,0,0,161.315,0,0,0
"MtrElec",10,16,3,"",149.938,0,0,0,0,0,0,0,0,0,0,0,0,0,0,0,0,0,0,0,0,149.938,0,0,0
"MtrElec",10,16,4,"",150.456,0,0,0,0,0,0,0,0,0,0,0,0,0,0,0,0,0,0,0,0,150.456,0,0,0
"MtrElec",10,16,5,"",177.694,0,0,0,0,0,0,0,0,0,0,0,0,0,0,0,0,0,0,0,0,177.694,0,0,0
"MtrElec",10,16,6,"",157.647,0,0,0,0,0,0,0,0,0,0,0,0,0,0,0,0,0,0,0,0,157.647,0,0,0
"MtrElec",10,16,7,"",275.475,0,0,0,0,0,0,0,0,0,0,0,0,0,0,0,0,0,0,0,0,275.475,0,0,0
"MtrElec",10,16,8,"",226.473,0,0,0,0,0,0,0,0,0,0,0,0,0,0,0,0,0,0,0,0,291.831,0,0,-65.3582
"MtrElec",10,16,9,"",122.799,0,0,0,0,0,0,0,0,0,0,0,0,0,0,0,0,0,0,0,0,374.636,0,0,-251.837
"MtrElec",10,16,10,"",49.1394,0,0,0,0,0,0,0,0,0,0,0,0,0,0,0,0,0,0,0,0,469.186,0,0,-420.047
"MtrElec",10,16,11,"",0,0,0,0,0,0,0,0,0,0,0,0,0,0,0,0,0,0,0,0,0,507.662,0,26.3845,-534.046
"MtrElec",10,16,12,"",0,0,0,0,0,0,0,0,0,0,0,0,0,0,0,0,0,0,0,0,0,494.45,0,105.507,-599.957
"MtrElec",10,16,13,"",0.0000020,0,0,0,0,0,0,0,0,0,0,0,0,0,0,0,0,0,0,0,0,589.567,0,30.3634,-619.93
"MtrElec",10,16,14,"",0,0,0,0,0,0,0,0,0,0,0,0,0,0,0,0,0,0,0,0,0,527.735,0,85.5706,-613.306
"MtrElec",10,16,15,"",0.0000039,0,0,0,0,0,0,0,0,0,0,0,0,0,0,0,0,0,0,0,0,511.985,0,50.3045,-562.289
"MtrElec",10,16,16,"",81.5637,0,0,0,0,0,0,0,0,0,0,0,0,0,0,0,0,0,0,0,0,528.465,0,0,-446.902
"MtrElec",10,16,17,"",274.734,0,0,0,0,0,0,0,0,0,0,0,0,0,0,0,0,0,0,0,0,558.172,0,0,-283.437
"MtrElec",10,16,18,"",434.412,0,0,0,0,0,0,0,0,0,0,0,0,0,0,0,0,0,0,0,0,526.258,0,0,-91.8454
"MtrElec",10,16,19,"",277.678,0,0,0,0,0,0,0,0,0,0,0,0,0,0,0,0,0,0,0,0,500.895,0,-223.217,0
"MtrElec",10,16,20,"",427.207,0,0,0,0,0,0,0,0,0,0,0,0,0,0,0,0,0,0,0,0,473.052,0,-45.8456,0
"MtrElec",10,16,21,"",440.927,0,0,0,0,0,0,0,0,0,0,0,0,0,0,0,0,0,0,0,0,440.927,0,0,0
"MtrElec",10,16,22,"",340.966,0,0,0,0,0,0,0,0,0,0,0,0,0,0,0,0,0,0,0,0,340.966,0,0,0
"MtrElec",10,16,23,"",280.45,0,0,0,0,0,0,0,0,0,0,0,0,0,0,0,0,0,0,0,0,280.45,0,0,0
"MtrElec",10,16,24,"",286.329,0,0,0,0,0,0,0,0,0,0,0,0,0,0,0,0,0,0,0,0,286.329,0,0,0
"MtrElec",10,17,1,"",172.849,0,0,0,0,0,0,0,0,0,0,0,0,0,0,0,0,0,0,0,0,172.849,0,0,0
"MtrElec",10,17,2,"",159.243,0,0,0,0,0,0,0,0,0,0,0,0,0,0,0,0,0,0,0,0,159.243,0,0,0
"MtrElec",10,17,3,"",153.627,0,0,0,0,0,0,0,0,0,0,0,0,0,0,0,0,0,0,0,0,153.627,0,0,0
"MtrElec",10,17,4,"",154.216,0,0,0,0,0,0,0,0,0,0,0,0,0,0,0,0,0,0,0,0,154.216,0,0,0
"MtrElec",10,17,5,"",155.875,0,0,0,0,0,0,0,0,0,0,0,0,0,0,0,0,0,0,0,0,155.875,0,0,0
"MtrElec",10,17,6,"",187.36,0,0,0,0,0,0,0,0,0,0,0,0,0,0,0,0,0,0,0,0,187.36,0,0,0
"MtrElec",10,17,7,"",185.827,0,0,0,0,0,0,0,0,0,0,0,0,0,0,0,0,0,0,0,0,185.827,0,0,0
"MtrElec",10,17,8,"",187.304,0,0,0,0,0,0,0,0,0,0,0,0,0,0,0,0,0,0,0,0,252.191,0,0,-64.887
"MtrElec",10,17,9,"",63.094,0,0,0,0,0,0,0,0,0,0,0,0,0,0,0,0,0,0,0,0,311.945,0,0,-248.851
"MtrElec",10,17,10,"",49.1267,0,0,0,0,0,0,0,0,0,0,0,0,0,0,0,0,0,0,0,0,462.089,0,0,-412.962
"MtrElec",10,17,11,"",35.982,0,0,0,0,0,0,0,0,0,0,0,0,0,0,0,0,0,0,0,0,559.478,0,0,-523.496
"MtrElec",10,17,12,"",108.208,0,0,0,0,0,0,0,0,0,0,0,0,0,0,0,0,0,0,0,0,697.721,0,0,-589.513
"MtrElec",10,17,13,"",21.2704,0,0,0,0,0,0,0,0,0,0,0,0,0,0,0,0,0,0,0,0,632.099,0,0,-610.828
"MtrElec",10,17,14,"",47.4854,0,0,0,0,0,0,0,0,0,0,0,0,0,0,0,0,0,0,0,0,638.381,0,0,-590.895
"MtrElec",10,17,15,"",88.5229,0,0,0,0,0,0,0,0,0,0,0,0,0,0,0,0,0,0,0,0,626.411,0,0,-537.888
"MtrElec",10,17,16,"",199.842,0,0,0,0,0,0,0,0,0,0,0,0,0,0,0,0,0,0,0,0,628.332,0,0,-428.49
"MtrElec",10,17,17,"",365.214,0,0,0,0,0,0,0,0,0,0,0,0,0,0,0,0,0,0,0,0,634.054,0,0,-268.84
"MtrElec",10,17,18,"",529.682,0,0,0,0,0,0,0,0,0,0,0,0,0,0,0,0,0,0,0,0,617.041,0,0,-87.3591
"MtrElec",10,17,19,"",608.709,0,0,0,0,0,0,0,0,0,0,0,0,0,0,0,0,0,0,0,0,608.709,0,0,0
"MtrElec",10,17,20,"",502.994,0,0,0,0,0,0,0,0,0,0,0,0,0,0,0,0,0,0,0,0,502.994,0,0,0
"MtrElec",10,17,21,"",446.373,0,0,0,0,0,0,0,0,0,0,0,0,0,0,0,0,0,0,0,0,446.373,0,0,0
"MtrElec",10,17,22,"",443.384,0,0,0,0,0,0,0,0,0,0,0,0,0,0,0,0,0,0,0,0,443.384,0,0,0
"MtrElec",10,17,23,"",297.614,0,0,0,0,0,0,0,0,0,0,0,0,0,0,0,0,0,0,0,0,297.614,0,0,0
"MtrElec",10,17,24,"",253.216,0,0,0,0,0,0,0,0,0,0,0,0,0,0,0,0,0,0,0,0,253.216,0,0,0
"MtrElec",10,18,1,"",185.975,0,0,0,0,0,0,0,0,0,0,0,0,0,0,0,0,0,0,0,0,185.975,0,0,0
"MtrElec",10,18,2,"",168.335,0,0,0,0,0,0,0,0,0,0,0,0,0,0,0,0,0,0,0,0,168.335,0,0,0
"MtrElec",10,18,3,"",168.866,0,0,0,0,0,0,0,0,0,0,0,0,0,0,0,0,0,0,0,0,168.866,0,0,0
"MtrElec",10,18,4,"",200.094,0,0,0,0,0,0,0,0,0,0,0,0,0,0,0,0,0,0,0,0,200.094,0,0,0
"MtrElec",10,18,5,"",176.517,0,0,0,0,0,0,0,0,0,0,0,0,0,0,0,0,0,0,0,0,176.517,0,0,0
"MtrElec",10,18,6,"",174.75,0,0,0,0,0,0,0,0,0,0,0,0,0,0,0,0,0,0,0,0,174.75,0,0,0
"MtrElec",10,18,7,"",192.584,0,0,0,0,0,0,0,0,0,0,0,0,0,0,0,0,0,0,0,0,192.584,0,0,0
"MtrElec",10,18,8,"",261.145,0,0,0,0,0,0,0,0,0,0,0,0,0,0,0,0,0,0,0,0,261.145,0,0,0
"MtrElec",10,18,9,"",313.583,0,0,0,0,0,0,0,0,0,0,0,0,0,0,0,0,0,0,0,0,325.429,0,0,-11.8459
"MtrElec",10,18,10,"",172.644,0,0,0,0,0,0,0,0,0,0,0,0,0,0,0,0,0,0,0,0,364.71,0,0,-192.066
"MtrElec",10,18,11,"",284.795,0,0,0,0,0,0,0,0,0,0,0,0,0,0,0,0,0,0,0,0,439.641,0,0,-154.845
"MtrElec",10,18,12,"",175.565,0,0,0,0,0,0,0,0,0,0,0,0,0,0,0,0,0,0,0,0,443.292,0,0,-267.727
"MtrElec",10,18,13,"",95.3934,0,0,0,0,0,0,0,0,0,0,0,0,0,0,0,0,0,0,0,0,470.978,0,0,-375.584
"MtrElec",10,18,14,"",16.2917,0,0,0,0,0,0,0,0,0,0,0,0,0,0,0,0,0,0,0,0,457.319,0,0,-441.027
"MtrElec",10,18,15,"",0,0,0,0,0,0,0,0,0,0,0,0,0,0,0,0,0,0,0,0,0,456.053,0,70.6014,-526.654
"MtrElec",10,18,16,"",65.2409,0,0,0,0,0,0,0,0,0,0,0,0,0,0,0,0,0,0,0,0,477.451,0,0,-412.21
"MtrElec",10,18,17,"",238.179,0,0,0,0,0,0,0,0,0,0,0,0,0,0,0,0,0,0,0,0,446.472,0,0,-208.293
"MtrElec",10,18,18,"",378.597,0,0,0,0,0,0,0,0,0,0,0,0,0,0,0,0,0,0,0,0,451.771,0,0,-73.1737
"MtrElec",10,18,19,"",423.365,0,0,0,0,0,0,0,0,0,0,0,0,0,0,0,0,0,0,0,0,487.083,0,-63.7177,0
"MtrElec",10,18,20,"",396.392,0,0,0,0,0,0,0,0,0,0,0,0,0,0,0,0,0,0,0,0,396.392,0,0,0
"MtrElec",10,18,21,"",408.846,0,0,0,0,0,0,0,0,0,0,0,0,0,0,0,0,0,0,0,0,408.846,0,0,0
"MtrElec",10,18,22,"",396.709,0,0,0,0,0,0,0,0,0,0,0,0,0,0,0,0,0,0,0,0,396.709,0,0,0
"MtrElec",10,18,23,"",269.564,0,0,0,0,0,0,0,0,0,0,0,0,0,0,0,0,0,0,0,0,269.564,0,0,0
"MtrElec",10,18,24,"",221.387,0,0,0,0,0,0,0,0,0,0,0,0,0,0,0,0,0,0,0,0,221.387,0,0,0
"MtrElec",10,19,1,"",186.274,0,0,0,0,0,0,0,0,0,0,0,0,0,0,0,0,0,0,0,0,186.274,0,0,0
"MtrElec",10,19,2,"",160.121,0,0,0,0,0,0,0,0,0,0,0,0,0,0,0,0,0,0,0,0,160.121,0,0,0
"MtrElec",10,19,3,"",151.338,0,0,0,0,0,0,0,0,0,0,0,0,0,0,0,0,0,0,0,0,151.338,0,0,0
"MtrElec",10,19,4,"",150.228,0,0,0,0,0,0,0,0,0,0,0,0,0,0,0,0,0,0,0,0,150.228,0,0,0
"MtrElec",10,19,5,"",148.693,0,0,0,0,0,0,0,0,0,0,0,0,0,0,0,0,0,0,0,0,148.693,0,0,0
"MtrElec",10,19,6,"",193.561,0,0,0,0,0,0,0,0,0,0,0,0,0,0,0,0,0,0,0,0,193.561,0,0,0
"MtrElec",10,19,7,"",247.627,0,0,0,0,0,0,0,0,0,0,0,0,0,0,0,0,0,0,0,0,247.627,0,0,0
"MtrElec",10,19,8,"",285.181,0,0,0,0,0,0,0,0,0,0,0,0,0,0,0,0,0,0,0,0,342.159,0,0,-56.9779
"MtrElec",10,19,9,"",195.896,0,0,0,0,0,0,0,0,0,0,0,0,0,0,0,0,0,0,0,0,429.332,0,0,-233.437
"MtrElec",10,19,10,"",120.086,0,0,0,0,0,0,0,0,0,0,0,0,0,0,0,0,0,0,0,0,523.931,0,0,-403.844
"MtrElec",10,19,11,"",0,0,0,0,0,0,0,0,0,0,0,0,0,0,0,0,0,0,0,0,0,523.439,0,3.07013,-526.509
"MtrElec",10,19,12,"",0,0,0,0,0,0,0,0,0,0,0,0,0,0,0,0,0,0,0,0,0,517.867,0,84.0836,-601.951
"MtrElec",10,19,13,"",0,0,0,0,0,0,0,0,0,0,0,0,0,0,0,0,0,0,0,0,0,556.762,0,71.1514,-627.914
"MtrElec",10,19,14,"",0,0,0,0,0,0,0,0,0,0,0,0,0,0,0,0,0,0,0,0,0,444.65,0,177.541,-622.19
"MtrElec",10,19,15,"",0,0,0,0,0,0,0,0,0,0,0,0,0,0,0,0,0,0,0,0,0,499.179,0,63.7758,-562.955
"MtrElec",10,19,16,"",98.5641,0,0,0,0,0,0,0,0,0,0,0,0,0,0,0,0,0,0,0,0,496.405,0,0,-397.841
"MtrElec",10,19,17,"",400.374,0,0,0,0,0,0,0,0,0,0,0,0,0,0,0,0,0,0,0,0,501.022,0,0,-100.647
"MtrElec",10,19,18,"",496.267,0,0,0,0,0,0,0,0,0,0,0,0,0,0,0,0,0,0,0,0,517.741,0,0,-21.4737
"MtrElec",10,19,19,"",264.456,0,0,0,0,0,0,0,0,0,0,0,0,0,0,0,0,0,0,0,0,487.673,0,-223.217,0
"MtrElec",10,19,20,"",304.799,0,0,0,0,0,0,0,0,0,0,0,0,0,0,0,0,0,0,0,0,442.241,0,-137.442,0
"MtrElec",10,19,21,"",447.69,0,0,0,0,0,0,0,0,0,0,0,0,0,0,0,0,0,0,0,0,447.69,0,0,0
"MtrElec",10,19,22,"",338.769,0,0,0,0,0,0,0,0,0,0,0,0,0,0,0,0,0,0,0,0,338.769,0,0,0
"MtrElec",10,19,23,"",298.786,0,0,0,0,0,0,0,0,0,0,0,0,0,0,0,0,0,0,0,0,298.786,0,0,0
"MtrElec",10,19,24,"",213.555,0,0,0,0,0,0,0,0,0,0,0,0,0,0,0,0,0,0,0,0,213.555,0,0,0
"MtrElec",10,20,1,"",176.949,0,0,0,0,0,0,0,0,0,0,0,0,0,0,0,0,0,0,0,0,176.949,0,0,0
"MtrElec",10,20,2,"",158.886,0,0,0,0,0,0,0,0,0,0,0,0,0,0,0,0,0,0,0,0,158.886,0,0,0
"MtrElec",10,20,3,"",153.475,0,0,0,0,0,0,0,0,0,0,0,0,0,0,0,0,0,0,0,0,153.475,0,0,0
"MtrElec",10,20,4,"",154.684,0,0,0,0,0,0,0,0,0,0,0,0,0,0,0,0,0,0,0,0,154.684,0,0,0
"MtrElec",10,20,5,"",149.665,0,0,0,0,0,0,0,0,0,0,0,0,0,0,0,0,0,0,0,0,149.665,0,0,0
"MtrElec",10,20,6,"",181.707,0,0,0,0,0,0,0,0,0,0,0,0,0,0,0,0,0,0,0,0,181.707,0,0,0
"MtrElec",10,20,7,"",297.119,0,0,0,0,0,0,0,0,0,0,0,0,0,0,0,0,0,0,0,0,297.119,0,0,0
"MtrElec",10,20,8,"",285.562,0,0,0,0,0,0,0,0,0,0,0,0,0,0,0,0,0,0,0,0,285.562,0,0,0
"MtrElec",10,20,9,"",336.375,0,0,0,0,0,0,0,0,0,0,0,0,0,0,0,0,0,0,0,0,348.465,0,0,-12.0901
"MtrElec",10,20,10,"",392.526,0,0,0,0,0,0,0,0,0,0,0,0,0,0,0,0,0,0,0,0,426.558,0,0,-34.0322
"MtrElec",10,20,11,"",379.913,0,0,0,0,0,0,0,0,0,0,0,0,0,0,0,0,0,0,0,0,467.197,0,0,-87.2837
"MtrElec",10,20,12,"",270.655,0,0,0,0,0,0,0,0,0,0,0,0,0,0,0,0,0,0,0,0,439.958,0,0,-169.303
"MtrElec",10,20,13,"",134.562,0,0,0,0,0,0,0,0,0,0,0,0,0,0,0,0,0,0,0,0,442.998,0,0,-308.436
"MtrElec",10,20,14,"",122.995,0,0,0,0,0,0,0,0,0,0,0,0,0,0,0,0,0,0,0,0,408.597,0,0,-285.602
"MtrElec",10,20,15,"",198.147,0,0,0,0,0,0,0,0,0,0,0,0,0,0,0,0,0,0,0,0,412.159,0,0,-214.012
"MtrElec",10,20,16,"",363.315,0,0,0,0,0,0,0,0,0,0,0,0,0,0,0,0,0,0,0,0,436.225,0,0,-72.9099
"MtrElec",10,20,17,"",447.003,0,0,0,0,0,0,0,0,0,0,0,0,0,0,0,0,0,0,0,0,472.012,0,0,-25.009
"MtrElec",10,20,18,"",428.012,0,0,0,0,0,0,0,0,0,0,0,0,0,0,0,0,0,0,0,0,438.556,0,0,-10.5437
"MtrElec",10,20,19,"",480.17,0,0,0,0,0,0,0,0,0,0,0,0,0,0,0,0,0,0,0,0,480.17,0,0,0
"MtrElec",10,20,20,"",440.115,0,0,0,0,0,0,0,0,0,0,0,0,0,0,0,0,0,0,0,0,440.115,0,0,0
"MtrElec",10,20,21,"",425.886,0,0,0,0,0,0,0,0,0,0,0,0,0,0,0,0,0,0,0,0,425.886,0,0,0
"MtrElec",10,20,22,"",331.824,0,0,0,0,0,0,0,0,0,0,0,0,0,0,0,0,0,0,0,0,331.824,0,0,0
"MtrElec",10,20,23,"",252.434,0,0,0,0,0,0,0,0,0,0,0,0,0,0,0,0,0,0,0,0,252.434,0,0,0
"MtrElec",10,20,24,"",236.564,0,0,0,0,0,0,0,0,0,0,0,0,0,0,0,0,0,0,0,0,236.564,0,0,0
"MtrElec",10,21,1,"",166.481,0,0,0,0,0,0,0,0,0,0,0,0,0,0,0,0,0,0,0,0,166.481,0,0,0
"MtrElec",10,21,2,"",155.488,0,0,0,0,0,0,0,0,0,0,0,0,0,0,0,0,0,0,0,0,155.488,0,0,0
"MtrElec",10,21,3,"",151.183,0,0,0,0,0,0,0,0,0,0,0,0,0,0,0,0,0,0,0,0,151.183,0,0,0
"MtrElec",10,21,4,"",151.212,0,0,0,0,0,0,0,0,0,0,0,0,0,0,0,0,0,0,0,0,151.212,0,0,0
"MtrElec",10,21,5,"",148.116,0,0,0,0,0,0,0,0,0,0,0,0,0,0,0,0,0,0,0,0,148.116,0,0,0
"MtrElec",10,21,6,"",187.89,0,0,0,0,0,0,0,0,0,0,0,0,0,0,0,0,0,0,0,0,187.89,0,0,0
"MtrElec",10,21,7,"",242.044,0,0,0,0,0,0,0,0,0,0,0,0,0,0,0,0,0,0,0,0,242.044,0,0,0
"MtrElec",10,21,8,"",313.823,0,0,0,0,0,0,0,0,0,0,0,0,0,0,0,0,0,0,0,0,317.909,0,0,-4.08548
"MtrElec",10,21,9,"",349.81,0,0,0,0,0,0,0,0,0,0,0,0,0,0,0,0,0,0,0,0,392.229,0,0,-42.4184
"MtrElec",10,21,10,"",344.007,0,0,0,0,0,0,0,0,0,0,0,0,0,0,0,0,0,0,0,0,476.799,0,0,-132.792
"MtrElec",10,21,11,"",142.171,0,0,0,0,0,0,0,0,0,0,0,0,0,0,0,0,0,0,0,0,421.734,0,0,-279.563
"MtrElec",10,21,12,"",97.4313,0,0,0,0,0,0,0,0,0,0,0,0,0,0,0,0,0,0,0,0,494.46,0,0,-397.029
"MtrElec",10,21,13,"",61.4991,0,0,0,0,0,0,0,0,0,0,0,0,0,0,0,0,0,0,0,0,537.617,0,0,-476.118
"MtrElec",10,21,14,"",0.0000156,0,0,0,0,0,0,0,0,0,0,0,0,0,0,0,0,0,0,0,0,404.577,0,138.098,-542.675
"MtrElec",10,21,15,"",231.464,0,0,0,0,0,0,0,0,0,0,0,0,0,0,0,0,0,0,0,0,449.498,0,0,-218.034
"MtrElec",10,21,16,"",93.9278,0,0,0,0,0,0,0,0,0,0,0,0,0,0,0,0,0,0,0,0,466.712,0,0,-372.785
"MtrElec",10,21,17,"",200.215,0,0,0,0,0,0,0,0,0,0,0,0,0,0,0,0,0,0,0,0,461.683,0,0,-261.468
"MtrElec",10,21,18,"",424.17,0,0,0,0,0,0,0,0,0,0,0,0,0,0,0,0,0,0,0,0,494.388,0,0,-70.2179
"MtrElec",10,21,19,"",294.841,0,0,0,0,0,0,0,0,0,0,0,0,0,0,0,0,0,0,0,0,419.475,0,-124.633,0
"MtrElec",10,21,20,"",487.486,0,0,0,0,0,0,0,0,0,0,0,0,0,0,0,0,0,0,0,0,487.486,0,0,0
"MtrElec",10,21,21,"",429.121,0,0,0,0,0,0,0,0,0,0,0,0,0,0,0,0,0,0,0,0,429.121,0,0,0
"MtrElec",10,21,22,"",297.771,0,0,0,0,0,0,0,0,0,0,0,0,0,0,0,0,0,0,0,0,297.771,0,0,0
"MtrElec",10,21,23,"",290.354,0,0,0,0,0,0,0,0,0,0,0,0,0,0,0,0,0,0,0,0,290.354,0,0,0
"MtrElec",10,21,24,"",218.214,0,0,0,0,0,0,0,0,0,0,0,0,0,0,0,0,0,0,0,0,218.214,0,0,0
"MtrElec",10,22,1,"",167.377,0,0,0,0,0,0,0,0,0,0,0,0,0,0,0,0,0,0,0,0,167.377,0,0,0
"MtrElec",10,22,2,"",154.246,0,0,0,0,0,0,0,0,0,0,0,0,0,0,0,0,0,0,0,0,154.246,0,0,0
"MtrElec",10,22,3,"",186.065,0,0,0,0,0,0,0,0,0,0,0,0,0,0,0,0,0,0,0,0,186.065,0,0,0
"MtrElec",10,22,4,"",160.016,0,0,0,0,0,0,0,0,0,0,0,0,0,0,0,0,0,0,0,0,160.016,0,0,0
"MtrElec",10,22,5,"",145.872,0,0,0,0,0,0,0,0,0,0,0,0,0,0,0,0,0,0,0,0,145.872,0,0,0
"MtrElec",10,22,6,"",156.985,0,0,0,0,0,0,0,0,0,0,0,0,0,0,0,0,0,0,0,0,156.985,0,0,0
"MtrElec",10,22,7,"",277.513,0,0,0,0,0,0,0,0,0,0,0,0,0,0,0,0,0,0,0,0,277.513,0,0,0
"MtrElec",10,22,8,"",270.167,0,0,0,0,0,0,0,0,0,0,0,0,0,0,0,0,0,0,0,0,279.763,0,0,-9.59649
"MtrElec",10,22,9,"",217.357,0,0,0,0,0,0,0,0,0,0,0,0,0,0,0,0,0,0,0,0,330.323,0,0,-112.966
"MtrElec",10,22,10,"",261.278,0,0,0,0,0,0,0,0,0,0,0,0,0,0,0,0,0,0,0,0,418.792,0,0,-157.515
"MtrElec",10,22,11,"",174.108,0,0,0,0,0,0,0,0,0,0,0,0,0,0,0,0,0,0,0,0,391.499,0,0,-217.39
"MtrElec",10,22,12,"",144.749,0,0,0,0,0,0,0,0,0,0,0,0,0,0,0,0,0,0,0,0,427.422,0,0,-282.673
"MtrElec",10,22,13,"",163.67,0,0,0,0,0,0,0,0,0,0,0,0,0,0,0,0,0,0,0,0,431.653,0,0,-267.982
"MtrElec",10,22,14,"",1.78734,0,0,0,0,0,0,0,0,0,0,0,0,0,0,0,0,0,0,0,0,383.931,0,0,-382.143
"MtrElec",10,22,15,"",0,0,0,0,0,0,0,0,0,0,0,0,0,0,0,0,0,0,0,0,0,421.034,0,135.636,-556.671
"MtrElec",10,22,16,"",0,0,0,0,0,0,0,0,0,0,0,0,0,0,0,0,0,0,0,0,0,398.384,0,39.7809,-438.165
"MtrElec",10,22,17,"",236.582,0,0,0,0,0,0,0,0,0,0,0,0,0,0,0,0,0,0,0,0,436.795,0,0,-200.213
"MtrElec",10,22,18,"",374.905,0,0,0,0,0,0,0,0,0,0,0,0,0,0,0,0,0,0,0,0,425.654,0,0,-50.7489
"MtrElec",10,22,19,"",300.939,0,0,0,0,0,0,0,0,0,0,0,0,0,0,0,0,0,0,0,0,459.254,0,-158.314,0
"MtrElec",10,22,20,"",405.922,0,0,0,0,0,0,0,0,0,0,0,0,0,0,0,0,0,0,0,0,405.922,0,0,0
"MtrElec",10,22,21,"",379.379,0,0,0,0,0,0,0,0,0,0,0,0,0,0,0,0,0,0,0,0,379.379,0,0,0
"MtrElec",10,22,22,"",332.411,0,0,0,0,0,0,0,0,0,0,0,0,0,0,0,0,0,0,0,0,332.411,0,0,0
"MtrElec",10,22,23,"",248.1,0,0,0,0,0,0,0,0,0,0,0,0,0,0,0,0,0,0,0,0,248.1,0,0,0
"MtrElec",10,22,24,"",247.39,0,0,0,0,0,0,0,0,0,0,0,0,0,0,0,0,0,0,0,0,247.39,0,0,0
"MtrElec",10,23,1,"",155.159,0,0,0,0,0,0,0,0,0,0,0,0,0,0,0,0,0,0,0,0,155.159,0,0,0
"MtrElec",10,23,2,"",155.594,0,0,0,0,0,0,0,0,0,0,0,0,0,0,0,0,0,0,0,0,155.594,0,0,0
"MtrElec",10,23,3,"",152.786,0,0,0,0,0,0,0,0,0,0,0,0,0,0,0,0,0,0,0,0,152.786,0,0,0
"MtrElec",10,23,4,"",153.015,0,0,0,0,0,0,0,0,0,0,0,0,0,0,0,0,0,0,0,0,153.015,0,0,0
"MtrElec",10,23,5,"",150.024,0,0,0,0,0,0,0,0,0,0,0,0,0,0,0,0,0,0,0,0,150.024,0,0,0
"MtrElec",10,23,6,"",186.598,0,0,0,0,0,0,0,0,0,0,0,0,0,0,0,0,0,0,0,0,186.598,0,0,0
"MtrElec",10,23,7,"",248.893,0,0,0,0,0,0,0,0,0,0,0,0,0,0,0,0,0,0,0,0,248.893,0,0,0
"MtrElec",10,23,8,"",295.017,0,0,0,0,0,0,0,0,0,0,0,0,0,0,0,0,0,0,0,0,308.809,0,0,-13.7923
"MtrElec",10,23,9,"",249.979,0,0,0,0,0,0,0,0,0,0,0,0,0,0,0,0,0,0,0,0,337.518,0,0,-87.5387
"MtrElec",10,23,10,"",89.1555,0,0,0,0,0,0,0,0,0,0,0,0,0,0,0,0,0,0,0,0,453.978,0,0,-364.823
"MtrElec",10,23,11,"",0,0,0,0,0,0,0,0,0,0,0,0,0,0,0,0,0,0,0,0,0,426.985,0,2.94691,-429.932
"MtrElec",10,23,12,"",0,0,0,0,0,0,0,0,0,0,0,0,0,0,0,0,0,0,0,0,0,461.304,0,158.881,-620.185
"MtrElec",10,23,13,"",0,0,0,0,0,0,0,0,0,0,0,0,0,0,0,0,0,0,0,0,0,469.371,0,172.929,-642.299
"MtrElec",10,23,14,"",-18.348,0,0,0,0,0,0,0,0,0,0,0,0,0,0,0,0,0,0,0,0,379.007,0,223.217,-620.572
"MtrElec",10,23,15,"",0,0,0,0,0,0,0,0,0,0,0,0,0,0,0,0,0,0,0,0,0,392.287,0,158.314,-550.601
"MtrElec",10,23,16,"",0.0000039,0,0,0,0,0,0,0,0,0,0,0,0,0,0,0,0,0,0,0,0,378.29,0,64.6843,-442.975
"MtrElec",10,23,17,"",112.224,0,0,0,0,0,0,0,0,0,0,0,0,0,0,0,0,0,0,0,0,389.625,0,0,-277.401
"MtrElec",10,23,18,"",377.987,0,0,0,0,0,0,0,0,0,0,0,0,0,0,0,0,0,0,0,0,450.594,0,0,-72.6068
"MtrElec",10,23,19,"",196.118,0,0,0,0,0,0,0,0,0,0,0,0,0,0,0,0,0,0,0,0,419.335,0,-223.217,0
"MtrElec",10,23,20,"",207.842,0,0,0,0,0,0,0,0,0,0,0,0,0,0,0,0,0,0,0,0,431.059,0,-223.217,0
"MtrElec",10,23,21,"",178.634,0,0,0,0,0,0,0,0,0,0,0,0,0,0,0,0,0,0,0,0,401.851,0,-223.217,0
"MtrElec",10,23,22,"",244.894,0,0,0,0,0,0,0,0,0,0,0,0,0,0,0,0,0,0,0,0,280.07,0,-35.1768,0
"MtrElec",10,23,23,"",254.906,0,0,0,0,0,0,0,0,0,0,0,0,0,0,0,0,0,0,0,0,254.906,0,0,0
"MtrElec",10,23,24,"",194.954,0,0,0,0,0,0,0,0,0,0,0,0,0,0,0,0,0,0,0,0,194.954,0,0,0
"MtrElec",10,24,1,"",185.463,0,0,0,0,0,0,0,0,0,0,0,0,0,0,0,0,0,0,0,0,185.463,0,0,0
"MtrElec",10,24,2,"",172.524,0,0,0,0,0,0,0,0,0,0,0,0,0,0,0,0,0,0,0,0,172.524,0,0,0
"MtrElec",10,24,3,"",156.102,0,0,0,0,0,0,0,0,0,0,0,0,0,0,0,0,0,0,0,0,156.102,0,0,0
"MtrElec",10,24,4,"",154.103,0,0,0,0,0,0,0,0,0,0,0,0,0,0,0,0,0,0,0,0,154.103,0,0,0
"MtrElec",10,24,5,"",161.867,0,0,0,0,0,0,0,0,0,0,0,0,0,0,0,0,0,0,0,0,161.867,0,0,0
"MtrElec",10,24,6,"",153.069,0,0,0,0,0,0,0,0,0,0,0,0,0,0,0,0,0,0,0,0,153.069,0,0,0
"MtrElec",10,24,7,"",186.975,0,0,0,0,0,0,0,0,0,0,0,0,0,0,0,0,0,0,0,0,186.975,0,0,0
"MtrElec",10,24,8,"",188.496,0,0,0,0,0,0,0,0,0,0,0,0,0,0,0,0,0,0,0,0,251.362,0,0,-62.8666
"MtrElec",10,24,9,"",57.9142,0,0,0,0,0,0,0,0,0,0,0,0,0,0,0,0,0,0,0,0,310.359,0,0,-252.445
"MtrElec",10,24,10,"",-25.15,0,0,0,0,0,0,0,0,0,0,0,0,0,0,0,0,0,0,0,0,401.09,0,0,-426.24
"MtrElec",10,24,11,"",0.0000078,0,0,0,0,0,0,0,0,0,0,0,0,0,0,0,0,0,0,0,0,434.092,0,114.297,-548.39
"MtrElec",10,24,12,"",0,0,0,0,0,0,0,0,0,0,0,0,0,0,0,0,0,0,0,0,0,540.285,0,78.3612,-618.646
"MtrElec",10,24,13,"",0,0,0,0,0,0,0,0,0,0,0,0,0,0,0,0,0,0,0,0,0,473.004,0,181.872,-654.877
"MtrElec",10,24,14,"",-4.13062,0,0,0,0,0,0,0,0,0,0,0,0,0,0,0,0,0,0,0,0,416.547,0,223.217,-643.895
"MtrElec",10,24,15,"",0,0,0,0,0,0,0,0,0,0,0,0,0,0,0,0,0,0,0,0,0,466.402,0,108.413,-574.815
"MtrElec",10,24,16,"",0,0,0,0,0,0,0,0,0,0,0,0,0,0,0,0,0,0,0,0,0,438.416,0,19.0491,-457.465
"MtrElec",10,24,17,"",147.131,0,0,0,0,0,0,0,0,0,0,0,0,0,0,0,0,0,0,0,0,429.486,0,0,-282.355
"MtrElec",10,24,18,"",371.131,0,0,0,0,0,0,0,0,0,0,0,0,0,0,0,0,0,0,0,0,443.663,0,0,-72.5322
"MtrElec",10,24,19,"",213.448,0,0,0,0,0,0,0,0,0,0,0,0,0,0,0,0,0,0,0,0,436.665,0,-223.217,0
"MtrElec",10,24,20,"",167.62,0,0,0,0,0,0,0,0,0,0,0,0,0,0,0,0,0,0,0,0,390.837,0,-223.217,0
"MtrElec",10,24,21,"",113.399,0,0,0,0,0,0,0,0,0,0,0,0,0,0,0,0,0,0,0,0,321.467,0,-208.068,0
"MtrElec",10,24,22,"",330.566,0,0,0,0,0,0,0,0,0,0,0,0,0,0,0,0,0,0,0,0,330.566,0,0,0
"MtrElec",10,24,23,"",202.953,0,0,0,0,0,0,0,0,0,0,0,0,0,0,0,0,0,0,0,0,202.953,0,0,0
"MtrElec",10,24,24,"",215.219,0,0,0,0,0,0,0,0,0,0,0,0,0,0,0,0,0,0,0,0,215.219,0,0,0
"MtrElec",10,25,1,"",170.805,0,0,0,0,0,0,0,0,0,0,0,0,0,0,0,0,0,0,0,0,170.805,0,0,0
"MtrElec",10,25,2,"",153.387,0,0,0,0,0,0,0,0,0,0,0,0,0,0,0,0,0,0,0,0,153.387,0,0,0
"MtrElec",10,25,3,"",152.003,0,0,0,0,0,0,0,0,0,0,0,0,0,0,0,0,0,0,0,0,152.003,0,0,0
"MtrElec",10,25,4,"",152.188,0,0,0,0,0,0,0,0,0,0,0,0,0,0,0,0,0,0,0,0,152.188,0,0,0
"MtrElec",10,25,5,"",162.398,0,0,0,0,0,0,0,0,0,0,0,0,0,0,0,0,0,0,0,0,162.398,0,0,0
"MtrElec",10,25,6,"",153.117,0,0,0,0,0,0,0,0,0,0,0,0,0,0,0,0,0,0,0,0,153.117,0,0,0
"MtrElec",10,25,7,"",204.301,0,0,0,0,0,0,0,0,0,0,0,0,0,0,0,0,0,0,0,0,204.301,0,0,0
"MtrElec",10,25,8,"",139.783,0,0,0,0,0,0,0,0,0,0,0,0,0,0,0,0,0,0,0,0,199.144,0,0,-59.3609
"MtrElec",10,25,9,"",70.9591,0,0,0,0,0,0,0,0,0,0,0,0,0,0,0,0,0,0,0,0,310.779,0,0,-239.82
"MtrElec",10,25,10,"",-76.9934,0,0,0,0,0,0,0,0,0,0,0,0,0,0,0,0,0,0,0,0,335.32,0,0,-412.314
"MtrElec",10,25,11,"",0,0,0,0,0,0,0,0,0,0,0,0,0,0,0,0,0,0,0,0,0,371.466,0,168.292,-539.758
"MtrElec",10,25,12,"",0,0,0,0,0,0,0,0,0,0,0,0,0,0,0,0,0,0,0,0,0,410.675,0,196.103,-606.778
"MtrElec",10,25,13,"",-3.78447,0,0,0,0,0,0,0,0,0,0,0,0,0,0,0,0,0,0,0,0,411.255,0,223.217,-638.256
"MtrElec",10,25,14,"",-14.7645,0,0,0,0,0,0,0,0,0,0,0,0,0,0,0,0,0,0,0,0,399.302,0,211.27,-625.337
"MtrElec",10,25,15,"",-149.514,0,0,0,0,0,0,0,0,0,0,0,0,0,0,0,0,0,0,0,0,400.599,0,0,-550.113
"MtrElec",10,25,16,"",-23.2548,0,0,0,0,0,0,0,0,0,0,0,0,0,0,0,0,0,0,0,0,405.448,0,0,-428.702
"MtrElec",10,25,17,"",174.182,0,0,0,0,0,0,0,0,0,0,0,0,0,0,0,0,0,0,0,0,436.716,0,0,-262.534
"MtrElec",10,25,18,"",334.176,0,0,0,0,0,0,0,0,0,0,0,0,0,0,0,0,0,0,0,0,401.22,0,0,-67.0443
"MtrElec",10,25,19,"",183.971,0,0,0,0,0,0,0,0,0,0,0,0,0,0,0,0,0,0,0,0,407.188,0,-223.217,0
"MtrElec",10,25,20,"",106.295,0,0,0,0,0,0,0,0,0,0,0,0,0,0,0,0,0,0,0,0,329.512,0,-223.217,0
"MtrElec",10,25,21,"",123.917,0,0,0,0,0,0,0,0,0,0,0,0,0,0,0,0,0,0,0,0,347.134,0,-223.217,0
"MtrElec",10,25,22,"",277.358,0,0,0,0,0,0,0,0,0,0,0,0,0,0,0,0,0,0,0,0,328.698,0,-51.3398,0
"MtrElec",10,25,23,"",256.709,0,0,0,0,0,0,0,0,0,0,0,0,0,0,0,0,0,0,0,0,256.709,0,0,0
"MtrElec",10,25,24,"",222.018,0,0,0,0,0,0,0,0,0,0,0,0,0,0,0,0,0,0,0,0,222.018,0,0,0
"MtrElec",10,26,1,"",169.074,0,0,0,0,0,0,0,0,0,0,0,0,0,0,0,0,0,0,0,0,169.074,0,0,0
"MtrElec",10,26,2,"",153.568,0,0,0,0,0,0,0,0,0,0,0,0,0,0,0,0,0,0,0,0,153.568,0,0,0
"MtrElec",10,26,3,"",151.493,0,0,0,0,0,0,0,0,0,0,0,0,0,0,0,0,0,0,0,0,151.493,0,0,0
"MtrElec",10,26,4,"",152.664,0,0,0,0,0,0,0,0,0,0,0,0,0,0,0,0,0,0,0,0,152.664,0,0,0
"MtrElec",10,26,5,"",151.635,0,0,0,0,0,0,0,0,0,0,0,0,0,0,0,0,0,0,0,0,151.635,0,0,0
"MtrElec",10,26,6,"",173.539,0,0,0,0,0,0,0,0,0,0,0,0,0,0,0,0,0,0,0,0,173.539,0,0,0
"MtrElec",10,26,7,"",213.716,0,0,0,0,0,0,0,0,0,0,0,0,0,0,0,0,0,0,0,0,213.716,0,0,0
"MtrElec",10,26,8,"",254.05,0,0,0,0,0,0,0,0,0,0,0,0,0,0,0,0,0,0,0,0,311.171,0,0,-57.1216
"MtrElec",10,26,9,"",138.823,0,0,0,0,0,0,0,0,0,0,0,0,0,0,0,0,0,0,0,0,380.129,0,0,-241.307
"MtrElec",10,26,10,"",-0.866781,0,0,0,0,0,0,0,0,0,0,0,0,0,0,0,0,0,0,0,0,410.491,0,0,-411.357
"MtrElec",10,26,11,"",0.0000039,0,0,0,0,0,0,0,0,0,0,0,0,0,0,0,0,0,0,0,0,468.5,0,60.746,-529.246
"MtrElec",10,26,12,"",0.0000078,0,0,0,0,0,0,0,0,0,0,0,0,0,0,0,0,0,0,0,0,482.391,0,117.083,-599.474
"MtrElec",10,26,13,"",0,0,0,0,0,0,0,0,0,0,0,0,0,0,0,0,0,0,0,0,0,536.702,0,82.3581,-619.06
"MtrElec",10,26,14,"",0,0,0,0,0,0,0,0,0,0,0,0,0,0,0,0,0,0,0,0,0,449.768,0,148.011,-597.779
"MtrElec",10,26,15,"",0,0,0,0,0,0,0,0,0,0,0,0,0,0,0,0,0,0,0,0,0,492.819,0,42.6891,-535.508
"MtrElec",10,26,16,"",94.9526,0,0,0,0,0,0,0,0,0,0,0,0,0,0,0,0,0,0,0,0,513.998,0,0,-419.045
"MtrElec",10,26,17,"",290.342,0,0,0,0,0,0,0,0,0,0,0,0,0,0,0,0,0,0,0,0,547.666,0,0,-257.324
"MtrElec",10,26,18,"",508.734,0,0,0,0,0,0,0,0,0,0,0,0,0,0,0,0,0,0,0,0,574.649,0,0,-65.9143
"MtrElec",10,26,19,"",297.407,0,0,0,0,0,0,0,0,0,0,0,0,0,0,0,0,0,0,0,0,520.624,0,-223.217,0
"MtrElec",10,26,20,"",260.292,0,0,0,0,0,0,0,0,0,0,0,0,0,0,0,0,0,0,0,0,444.001,0,-183.709,0
"MtrElec",10,26,21,"",428.094,0,0,0,0,0,0,0,0,0,0,0,0,0,0,0,0,0,0,0,0,428.094,0,0,0
"MtrElec",10,26,22,"",339.7,0,0,0,0,0,0,0,0,0,0,0,0,0,0,0,0,0,0,0,0,339.7,0,0,0
"MtrElec",10,26,23,"",219.874,0,0,0,0,0,0,0,0,0,0,0,0,0,0,0,0,0,0,0,0,219.874,0,0,0
"MtrElec",10,26,24,"",223.97,0,0,0,0,0,0,0,0,0,0,0,0,0,0,0,0,0,0,0,0,223.97,0,0,0
"MtrElec",10,27,1,"",162.243,0,0,0,0,0,0,0,0,0,0,0,0,0,0,0,0,0,0,0,0,162.243,0,0,0
"MtrElec",10,27,2,"",154.141,0,0,0,0,0,0,0,0,0,0,0,0,0,0,0,0,0,0,0,0,154.141,0,0,0
"MtrElec",10,27,3,"",147.533,0,0,0,0,0,0,0,0,0,0,0,0,0,0,0,0,0,0,0,0,147.533,0,0,0
"MtrElec",10,27,4,"",150.592,0,0,0,0,0,0,0,0,0,0,0,0,0,0,0,0,0,0,0,0,150.592,0,0,0
"MtrElec",10,27,5,"",145.154,0,0,0,0,0,0,0,0,0,0,0,0,0,0,0,0,0,0,0,0,145.154,0,0,0
"MtrElec",10,27,6,"",198.243,0,0,0,0,0,0,0,0,0,0,0,0,0,0,0,0,0,0,0,0,198.243,0,0,0
"MtrElec",10,27,7,"",204.409,0,0,0,0,0,0,0,0,0,0,0,0,0,0,0,0,0,0,0,0,204.409,0,0,0
"MtrElec",10,27,8,"",240.798,0,0,0,0,0,0,0,0,0,0,0,0,0,0,0,0,0,0,0,0,297.056,0,0,-56.2586
"MtrElec",10,27,9,"",106.041,0,0,0,0,0,0,0,0,0,0,0,0,0,0,0,0,0,0,0,0,343.278,0,0,-237.237
"MtrElec",10,27,10,"",42.3869,0,0,0,0,0,0,0,0,0,0,0,0,0,0,0,0,0,0,0,0,452.539,0,0,-410.152
"MtrElec",10,27,11,"",0,0,0,0,0,0,0,0,0,0,0,0,0,0,0,0,0,0,0,0,0,502.008,0,23.3693,-525.377
"MtrElec",10,27,12,"",0,0,0,0,0,0,0,0,0,0,0,0,0,0,0,0,0,0,0,0,0,526.974,0,66.0261,-593
"MtrElec",10,27,13,"",0.0000039,0,0,0,0,0,0,0,0,0,0,0,0,0,0,0,0,0,0,0,0,552.548,0,62.4616,-615.01
"MtrElec",10,27,14,"",0,0,0,0,0,0,0,0,0,0,0,0,0,0,0,0,0,0,0,0,0,468.156,0,123.808,-591.964
"MtrElec",10,27,15,"",9.57581,0,0,0,0,0,0,0,0,0,0,0,0,0,0,0,0,0,0,0,0,536.248,0,0,-526.673
"MtrElec",10,27,16,"",109.568,0,0,0,0,0,0,0,0,0,0,0,0,0,0,0,0,0,0,0,0,533.802,0,0,-424.234
"MtrElec",10,27,17,"",302.115,0,0,0,0,0,0,0,0,0,0,0,0,0,0,0,0,0,0,0,0,565.876,0,0,-263.761
"MtrElec",10,27,18,"",492.044,0,0,0,0,0,0,0,0,0,0,0,0,0,0,0,0,0,0,0,0,557.318,0,0,-65.2744
"MtrElec",10,27,19,"",239.609,0,0,0,0,0,0,0,0,0,0,0,0,0,0,0,0,0,0,0,0,462.826,0,-223.217,0
"MtrElec",10,27,20,"",452.531,0,0,0,0,0,0,0,0,0,0,0,0,0,0,0,0,0,0,0,0,478.102,0,-25.5712,0
"MtrElec",10,27,21,"",434.475,0,0,0,0,0,0,0,0,0,0,0,0,0,0,0,0,0,0,0,0,434.475,0,0,0
"MtrElec",10,27,22,"",334.282,0,0,0,0,0,0,0,0,0,0,0,0,0,0,0,0,0,0,0,0,334.282,0,0,0
"MtrElec",10,27,23,"",282.822,0,0,0,0,0,0,0,0,0,0,0,0,0,0,0,0,0,0,0,0,282.822,0,0,0
"MtrElec",10,27,24,"",235.954,0,0,0,0,0,0,0,0,0,0,0,0,0,0,0,0,0,0,0,0,235.954,0,0,0
"MtrElec",10,28,1,"",173.39,0,0,0,0,0,0,0,0,0,0,0,0,0,0,0,0,0,0,0,0,173.39,0,0,0
"MtrElec",10,28,2,"",159.831,0,0,0,0,0,0,0,0,0,0,0,0,0,0,0,0,0,0,0,0,159.831,0,0,0
"MtrElec",10,28,3,"",152.871,0,0,0,0,0,0,0,0,0,0,0,0,0,0,0,0,0,0,0,0,152.871,0,0,0
"MtrElec",10,28,4,"",152.766,0,0,0,0,0,0,0,0,0,0,0,0,0,0,0,0,0,0,0,0,152.766,0,0,0
"MtrElec",10,28,5,"",152.901,0,0,0,0,0,0,0,0,0,0,0,0,0,0,0,0,0,0,0,0,152.901,0,0,0
"MtrElec",10,28,6,"",175.262,0,0,0,0,0,0,0,0,0,0,0,0,0,0,0,0,0,0,0,0,175.262,0,0,0
"MtrElec",10,28,7,"",218.534,0,0,0,0,0,0,0,0,0,0,0,0,0,0,0,0,0,0,0,0,218.534,0,0,0
"MtrElec",10,28,8,"",232.242,0,0,0,0,0,0,0,0,0,0,0,0,0,0,0,0,0,0,0,0,288.142,0,0,-55.9004
"MtrElec",10,28,9,"",142.22,0,0,0,0,0,0,0,0,0,0,0,0,0,0,0,0,0,0,0,0,380.771,0,0,-238.551
"MtrElec",10,28,10,"",-11.4001,0,0,0,0,0,0,0,0,0,0,0,0,0,0,0,0,0,0,0,0,398.531,0,0,-409.931
"MtrElec",10,28,11,"",0,0,0,0,0,0,0,0,0,0,0,0,0,0,0,0,0,0,0,0,0,484.643,0,48.3853,-533.029
"MtrElec",10,28,12,"",0.0000078,0,0,0,0,0,0,0,0,0,0,0,0,0,0,0,0,0,0,0,0,491.027,0,113.604,-604.632
"MtrElec",10,28,13,"",0,0,0,0,0,0,0,0,0,0,0,0,0,0,0,0,0,0,0,0,0,483.968,0,143.752,-627.72
"MtrElec",10,28,14,"",0.0000078,0,0,0,0,0,0,0,0,0,0,0,0,0,0,0,0,0,0,0,0,486.223,0,127.345,-613.568
"MtrElec",10,28,15,"",0.0000078,0,0,0,0,0,0,0,0,0,0,0,0,0,0,0,0,0,0,0,0,447.277,0,92.6661,-539.943
"MtrElec",10,28,16,"",65.3678,0,0,0,0,0,0,0,0,0,0,0,0,0,0,0,0,0,0,0,0,485.121,0,0,-419.753
"MtrElec",10,28,17,"",215.439,0,0,0,0,0,0,0,0,0,0,0,0,0,0,0,0,0,0,0,0,478.184,0,0,-262.745
"MtrElec",10,28,18,"",449.33,0,0,0,0,0,0,0,0,0,0,0,0,0,0,0,0,0,0,0,0,514.697,0,0,-65.3677
"MtrElec",10,28,19,"",209.958,0,0,0,0,0,0,0,0,0,0,0,0,0,0,0,0,0,0,0,0,433.175,0,-223.217,0
"MtrElec",10,28,20,"",218.577,0,0,0,0,0,0,0,0,0,0,0,0,0,0,0,0,0,0,0,0,441.794,0,-223.217,0
"MtrElec",10,28,21,"",464.082,0,0,0,0,0,0,0,0,0,0,0,0,0,0,0,0,0,0,0,0,492.14,0,-28.0579,0
"MtrElec",10,28,22,"",305.129,0,0,0,0,0,0,0,0,0,0,0,0,0,0,0,0,0,0,0,0,305.129,0,0,0
"MtrElec",10,28,23,"",284.052,0,0,0,0,0,0,0,0,0,0,0,0,0,0,0,0,0,0,0,0,284.052,0,0,0
"MtrElec",10,28,24,"",205.954,0,0,0,0,0,0,0,0,0,0,0,0,0,0,0,0,0,0,0,0,205.954,0,0,0
"MtrElec",10,29,1,"",162.363,0,0,0,0,0,0,0,0,0,0,0,0,0,0,0,0,0,0,0,0,162.363,0,0,0
"MtrElec",10,29,2,"",153.053,0,0,0,0,0,0,0,0,0,0,0,0,0,0,0,0,0,0,0,0,153.053,0,0,0
"MtrElec",10,29,3,"",151.813,0,0,0,0,0,0,0,0,0,0,0,0,0,0,0,0,0,0,0,0,151.813,0,0,0
"MtrElec",10,29,4,"",155.082,0,0,0,0,0,0,0,0,0,0,0,0,0,0,0,0,0,0,0,0,155.082,0,0,0
"MtrElec",10,29,5,"",182.182,0,0,0,0,0,0,0,0,0,0,0,0,0,0,0,0,0,0,0,0,182.182,0,0,0
"MtrElec",10,29,6,"",153.603,0,0,0,0,0,0,0,0,0,0,0,0,0,0,0,0,0,0,0,0,153.603,0,0,0
"MtrElec",10,29,7,"",252.763,0,0,0,0,0,0,0,0,0,0,0,0,0,0,0,0,0,0,0,0,252.763,0,0,0
"MtrElec",10,29,8,"",256.953,0,0,0,0,0,0,0,0,0,0,0,0,0,0,0,0,0,0,0,0,312.255,0,0,-55.3023
"MtrElec",10,29,9,"",158.401,0,0,0,0,0,0,0,0,0,0,0,0,0,0,0,0,0,0,0,0,394.317,0,0,-235.916
"MtrElec",10,29,10,"",24.017,0,0,0,0,0,0,0,0,0,0,0,0,0,0,0,0,0,0,0,0,434.526,0,0,-410.509
"MtrElec",10,29,11,"",0.0000039,0,0,0,0,0,0,0,0,0,0,0,0,0,0,0,0,0,0,0,0,469.964,0,58.0372,-528.001
"MtrElec",10,29,12,"",0,0,0,0,0,0,0,0,0,0,0,0,0,0,0,0,0,0,0,0,0,472.691,0,127.743,-600.433
"MtrElec",10,29,13,"",0,0,0,0,0,0,0,0,0,0,0,0,0,0,0,0,0,0,0,0,0,512.735,0,109.653,-622.388
"MtrElec",10,29,14,"",0,0,0,0,0,0,0,0,0,0,0,0,0,0,0,0,0,0,0,0,0,464.495,0,134.71,-599.205
"MtrElec",10,29,15,"",0.0000078,0,0,0,0,0,0,0,0,0,0,0,0,0,0,0,0,0,0,0,0,460.867,0,82.2634,-543.131
"MtrElec",10,29,16,"",51.0281,0,0,0,0,0,0,0,0,0,0,0,0,0,0,0,0,0,0,0,0,483.541,0,0,-432.513
"MtrElec",10,29,17,"",209.981,0,0,0,0,0,0,0,0,0,0,0,0,0,0,0,0,0,0,0,0,475.1,0,0,-265.119
"MtrElec",10,29,18,"",436.414,0,0,0,0,0,0,0,0,0,0,0,0,0,0,0,0,0,0,0,0,501.093,0,0,-64.6795
"MtrElec",10,29,19,"",228.424,0,0,0,0,0,0,0,0,0,0,0,0,0,0,0,0,0,0,0,0,451.641,0,-223.217,0
"MtrElec",10,29,20,"",224.275,0,0,0,0,0,0,0,0,0,0,0,0,0,0,0,0,0,0,0,0,447.492,0,-223.217,0
"MtrElec",10,29,21,"",435.082,0,0,0,0,0,0,0,0,0,0,0,0,0,0,0,0,0,0,0,0,451.095,0,-16.013,0
"MtrElec",10,29,22,"",292.121,0,0,0,0,0,0,0,0,0,0,0,0,0,0,0,0,0,0,0,0,292.121,0,0,0
"MtrElec",10,29,23,"",240.204,0,0,0,0,0,0,0,0,0,0,0,0,0,0,0,0,0,0,0,0,240.204,0,0,0
"MtrElec",10,29,24,"",213.202,0,0,0,0,0,0,0,0,0,0,0,0,0,0,0,0,0,0,0,0,213.202,0,0,0
"MtrElec",10,30,1,"",193.916,0,0,0,0,0,0,0,0,0,0,0,0,0,0,0,0,0,0,0,0,193.916,0,0,0
"MtrElec",10,30,2,"",152.736,0,0,0,0,0,0,0,0,0,0,0,0,0,0,0,0,0,0,0,0,152.736,0,0,0
"MtrElec",10,30,3,"",151.018,0,0,0,0,0,0,0,0,0,0,0,0,0,0,0,0,0,0,0,0,151.018,0,0,0
"MtrElec",10,30,4,"",152.324,0,0,0,0,0,0,0,0,0,0,0,0,0,0,0,0,0,0,0,0,152.324,0,0,0
"MtrElec",10,30,5,"",149.195,0,0,0,0,0,0,0,0,0,0,0,0,0,0,0,0,0,0,0,0,149.195,0,0,0
"MtrElec",10,30,6,"",197.381,0,0,0,0,0,0,0,0,0,0,0,0,0,0,0,0,0,0,0,0,197.381,0,0,0
"MtrElec",10,30,7,"",217.972,0,0,0,0,0,0,0,0,0,0,0,0,0,0,0,0,0,0,0,0,217.972,0,0,0
"MtrElec",10,30,8,"",251.031,0,0,0,0,0,0,0,0,0,0,0,0,0,0,0,0,0,0,0,0,305.307,0,0,-54.2766
"MtrElec",10,30,9,"",130.871,0,0,0,0,0,0,0,0,0,0,0,0,0,0,0,0,0,0,0,0,366.351,0,0,-235.48
"MtrElec",10,30,10,"",32.7349,0,0,0,0,0,0,0,0,0,0,0,0,0,0,0,0,0,0,0,0,445.38,0,0,-412.645
"MtrElec",10,30,11,"",0.0000078,0,0,0,0,0,0,0,0,0,0,0,0,0,0,0,0,0,0,0,0,446.997,0,83.3149,-530.312
"MtrElec",10,30,12,"",0,0,0,0,0,0,0,0,0,0,0,0,0,0,0,0,0,0,0,0,0,442.752,0,158.92,-601.672
"MtrElec",10,30,13,"",0.0000156,0,0,0,0,0,0,0,0,0,0,0,0,0,0,0,0,0,0,0,0,471.114,0,170.812,-641.926
"MtrElec",10,30,14,"",-25.8584,0,0,0,0,0,0,0,0,0,0,0,0,0,0,0,0,0,0,0,0,377.123,0,223.217,-626.199
"MtrElec",10,30,15,"",0,0,0,0,0,0,0,0,0,0,0,0,0,0,0,0,0,0,0,0,0,441.603,0,115.332,-556.935
"MtrElec",10,30,16,"",0,0,0,0,0,0,0,0,0,0,0,0,0,0,0,0,0,0,0,0,0,406.393,0,31.7682,-438.161
"MtrElec",10,30,17,"",180.481,0,0,0,0,0,0,0,0,0,0,0,0,0,0,0,0,0,0,0,0,444.564,0,0,-264.083
"MtrElec",10,30,18,"",392.386,0,0,0,0,0,0,0,0,0,0,0,0,0,0,0,0,0,0,0,0,456.524,0,0,-64.138
"MtrElec",10,30,19,"",158.598,0,0,0,0,0,0,0,0,0,0,0,0,0,0,0,0,0,0,0,0,381.815,0,-223.217,0
"MtrElec",10,30,20,"",221.699,0,0,0,0,0,0,0,0,0,0,0,0,0,0,0,0,0,0,0,0,444.916,0,-223.217,0
"MtrElec",10,30,21,"",182.425,0,0,0,0,0,0,0,0,0,0,0,0,0,0,0,0,0,0,0,0,405.642,0,-223.217,0
"MtrElec",10,30,22,"",249.942,0,0,0,0,0,0,0,0,0,0,0,0,0,0,0,0,0,0,0,0,287.277,0,-37.3356,0
"MtrElec",10,30,23,"",277.961,0,0,0,0,0,0,0,0,0,0,0,0,0,0,0,0,0,0,0,0,277.961,0,0,0
"MtrElec",10,30,24,"",225.929,0,0,0,0,0,0,0,0,0,0,0,0,0,0,0,0,0,0,0,0,225.929,0,0,0
"MtrElec",10,31,1,"",169.391,0,0,0,0,0,0,0,0,0,0,0,0,0,0,0,0,0,0,0,0,169.391,0,0,0
"MtrElec",10,31,2,"",153.01,0,0,0,0,0,0,0,0,0,0,0,0,0,0,0,0,0,0,0,0,153.01,0,0,0
"MtrElec",10,31,3,"",148.604,0,0,0,0,0,0,0,0,0,0,0,0,0,0,0,0,0,0,0,0,148.604,0,0,0
"MtrElec",10,31,4,"",187.828,0,0,0,0,0,0,0,0,0,0,0,0,0,0,0,0,0,0,0,0,187.828,0,0,0
"MtrElec",10,31,5,"",178.871,0,0,0,0,0,0,0,0,0,0,0,0,0,0,0,0,0,0,0,0,178.871,0,0,0
"MtrElec",10,31,6,"",152.559,0,0,0,0,0,0,0,0,0,0,0,0,0,0,0,0,0,0,0,0,152.559,0,0,0
"MtrElec",10,31,7,"",170.19,0,0,0,0,0,0,0,0,0,0,0,0,0,0,0,0,0,0,0,0,170.19,0,0,0
"MtrElec",10,31,8,"",246.499,0,0,0,0,0,0,0,0,0,0,0,0,0,0,0,0,0,0,0,0,256.375,0,0,-9.87604
"MtrElec",10,31,9,"",206.602,0,0,0,0,0,0,0,0,0,0,0,0,0,0,0,0,0,0,0,0,282.329,0,0,-75.7269
"MtrElec",10,31,10,"",190.551,0,0,0,0,0,0,0,0,0,0,0,0,0,0,0,0,0,0,0,0,352.815,0,0,-162.264
"MtrElec",10,31,11,"",0,0,0,0,0,0,0,0,0,0,0,0,0,0,0,0,0,0,0,0,0,479.938,0,20.6205,-500.559
"MtrElec",10,31,12,"",0,0,0,0,0,0,0,0,0,0,0,0,0,0,0,0,0,0,0,0,0,448.116,0,171.102,-619.218
"MtrElec",10,31,13,"",0,0,0,0,0,0,0,0,0,0,0,0,0,0,0,0,0,0,0,0,0,480.975,0,148.602,-629.577
"MtrElec",10,31,14,"",0,0,0,0,0,0,0,0,0,0,0,0,0,0,0,0,0,0,0,0,0,461.949,0,112.528,-574.477
"MtrElec",10,31,15,"",0,0,0,0,0,0,0,0,0,0,0,0,0,0,0,0,0,0,0,0,0,457.169,0,20.4679,-477.637
"MtrElec",10,31,16,"",87.2352,0,0,0,0,0,0,0,0,0,0,0,0,0,0,0,0,0,0,0,0,455.869,0,0,-368.634
"MtrElec",10,31,17,"",226.063,0,0,0,0,0,0,0,0,0,0,0,0,0,0,0,0,0,0,0,0,431.793,0,0,-205.729
"MtrElec",10,31,18,"",387.009,0,0,0,0,0,0,0,0,0,0,0,0,0,0,0,0,0,0,0,0,443.81,0,0,-56.8014
"MtrElec",10,31,19,"",238.248,0,0,0,0,0,0,0,0,0,0,0,0,0,0,0,0,0,0,0,0,461.465,0,-223.217,0
"MtrElec",10,31,20,"",181.652,0,0,0,0,0,0,0,0,0,0,0,0,0,0,0,0,0,0,0,0,385.606,0,-203.954,0
"MtrElec",10,31,21,"",389.117,0,0,0,0,0,0,0,0,0,0,0,0,0,0,0,0,0,0,0,0,389.117,0,0,0
"MtrElec",10,31,22,"",322.131,0,0,0,0,0,0,0,0,0,0,0,0,0,0,0,0,0,0,0,0,322.131,0,0,0
"MtrElec",10,31,23,"",249.712,0,0,0,0,0,0,0,0,0,0,0,0,0,0,0,0,0,0,0,0,249.712,0,0,0
"MtrElec",10,31,24,"",238.098,0,0,0,0,0,0,0,0,0,0,0,0,0,0,0,0,0,0,0,0,238.098,0,0,0
"MtrElec",11,1,1,"",184.649,0,0,0,0,0,0,0,0,0,0,0,0,0,0,0,0,0,0,0,0,184.649,0,0,0
"MtrElec",11,1,2,"",154.366,0,0,0,0,0,0,0,0,0,0,0,0,0,0,0,0,0,0,0,0,154.366,0,0,0
"MtrElec",11,1,3,"",152.562,0,0,0,0,0,0,0,0,0,0,0,0,0,0,0,0,0,0,0,0,152.562,0,0,0
"MtrElec",11,1,3,"",153.062,0,0,0,0,0,0,0,0,0,0,0,0,0,0,0,0,0,0,0,0,153.062,0,0,0
"MtrElec",11,1,4,"",153.688,0,0,0,0,0,0,0,0,0,0,0,0,0,0,0,0,0,0,0,0,153.688,0,0,0
"MtrElec",11,1,5,"",164.203,0,0,0,0,0,0,0,0,0,0,0,0,0,0,0,0,0,0,0,0,164.203,0,0,0
"MtrElec",11,1,6,"",155.96,0,0,0,0,0,0,0,0,0,0,0,0,0,0,0,0,0,0,0,0,155.96,0,0,0
"MtrElec",11,1,7,"",184.8,0,0,0,0,0,0,0,0,0,0,0,0,0,0,0,0,0,0,0,0,200.731,0,0,-15.9313
"MtrElec",11,1,8,"",109.198,0,0,0,0,0,0,0,0,0,0,0,0,0,0,0,0,0,0,0,0,230.487,0,0,-121.289
"MtrElec",11,1,9,"",-55.1366,0,0,0,0,0,0,0,0,0,0,0,0,0,0,0,0,0,0,0,0,262.235,0,0,-317.371
"MtrElec",11,1,10,"",-120.489,0,0,0,0,0,0,0,0,0,0,0,0,0,0,0,0,0,0,0,0,388.824,0,0,-509.313
"MtrElec",11,1,11,"",0,0,0,0,0,0,0,0,0,0,0,0,0,0,0,0,0,0,0,0,0,429.176,0,163.672,-592.847
"MtrElec",11,1,12,"",0,0,0,0,0,0,0,0,0,0,0,0,0,0,0,0,0,0,0,0,0,506.863,0,93.7576,-600.621
"MtrElec",11,1,13,"",0,0,0,0,0,0,0,0,0,0,0,0,0,0,0,0,0,0,0,0,0,472.462,0,50.1265,-522.588
"MtrElec",11,1,14,"",17.8317,0,0,0,0,0,0,0,0,0,0,0,0,0,0,0,0,0,0,0,0,460.366,0,0,-442.534
"MtrElec",11,1,15,"",144.82,0,0,0,0,0,0,0,0,0,0,0,0,0,0,0,0,0,0,0,0,453.596,0,0,-308.776
"MtrElec",11,1,16,"",221.696,0,0,0,0,0,0,0,0,0,0,0,0,0,0,0,0,0,0,0,0,435.164,0,0,-213.468
"MtrElec",11,1,17,"",349.479,0,0,0,0,0,0,0,0,0,0,0,0,0,0,0,0,0,0,0,0,392.246,0,0,-42.7673
"MtrElec",11,1,18,"",340.906,0,0,0,0,0,0,0,0,0,0,0,0,0,0,0,0,0,0,0,0,340.906,0,0,0
"MtrElec",11,1,19,"",200.124,0,0,0,0,0,0,0,0,0,0,0,0,0,0,0,0,0,0,0,0,423.341,0,-223.217,0
"MtrElec",11,1,20,"",306.007,0,0,0,0,0,0,0,0,0,0,0,0,0,0,0,0,0,0,0,0,360.359,0,-54.3521,0
"MtrElec",11,1,21,"",348.85,0,0,0,0,0,0,0,0,0,0,0,0,0,0,0,0,0,0,0,0,348.85,0,0,0
"MtrElec",11,1,22,"",348.175,0,0,0,0,0,0,0,0,0,0,0,0,0,0,0,0,0,0,0,0,348.175,0,0,0
"MtrElec",11,1,23,"",252.43,0,0,0,0,0,0,0,0,0,0,0,0,0,0,0,0,0,0,0,0,252.43,0,0,0
"MtrElec",11,1,24,"",225.232,0,0,0,0,0,0,0,0,0,0,0,0,0,0,0,0,0,0,0,0,225.232,0,0,0
"MtrElec",11,2,1,"",182.54,0,0,0,0,0,0,0,0,0,0,0,0,0,0,0,0,0,0,0,0,182.54,0,0,0
"MtrElec",11,2,2,"",159.745,0,0,0,0,0,0,0,0,0,0,0,0,0,0,0,0,0,0,0,0,159.745,0,0,0
"MtrElec",11,2,3,"",151.876,0,0,0,0,0,0,0,0,0,0,0,0,0,0,0,0,0,0,0,0,151.876,0,0,0
"MtrElec",11,2,4,"",150.65,0,0,0,0,0,0,0,0,0,0,0,0,0,0,0,0,0,0,0,0,150.65,0,0,0
"MtrElec",11,2,5,"",147.487,0,0,0,0,0,0,0,0,0,0,0,0,0,0,0,0,0,0,0,0,147.487,0,0,0
"MtrElec",11,2,6,"",199.902,0,0,0,0,0,0,0,0,0,0,0,0,0,0,0,0,0,0,0,0,199.902,0,0,0
"MtrElec",11,2,7,"",208.727,0,0,0,0,0,0,0,0,0,0,0,0,0,0,0,0,0,0,0,0,220.272,0,0,-11.545
"MtrElec",11,2,8,"",187.416,0,0,0,0,0,0,0,0,0,0,0,0,0,0,0,0,0,0,0,0,296.461,0,0,-109.045
"MtrElec",11,2,9,"",12.0043,0,0,0,0,0,0,0,0,0,0,0,0,0,0,0,0,0,0,0,0,340.42,0,0,-328.415
"MtrElec",11,2,10,"",-63.206,0,0,0,0,0,0,0,0,0,0,0,0,0,0,0,0,0,0,0,0,414.896,0,0,-478.102
"MtrElec",11,2,11,"",0,0,0,0,0,0,0,0,0,0,0,0,0,0,0,0,0,0,0,0,0,477.215,0,33.2721,-510.487
"MtrElec",11,2,12,"",0,0,0,0,0,0,0,0,0,0,0,0,0,0,0,0,0,0,0,0,0,413.609,0,184.75,-598.359
"MtrElec",11,2,13,"",5.22006,0,0,0,0,0,0,0,0,0,0,0,0,0,0,0,0,0,0,0,0,444.025,0,0,-438.805
"MtrElec",11,2,14,"",28.1342,0,0,0,0,0,0,0,0,0,0,0,0,0,0,0,0,0,0,0,0,424.74,0,0,-396.606
"MtrElec",11,2,15,"",192.495,0,0,0,0,0,0,0,0,0,0,0,0,0,0,0,0,0,0,0,0,367.59,0,0,-175.094
"MtrElec",11,2,16,"",197.975,0,0,0,0,0,0,0,0,0,0,0,0,0,0,0,0,0,0,0,0,419.059,0,0,-221.084
"MtrElec",11,2,17,"",387.481,0,0,0,0,0,0,0,0,0,0,0,0,0,0,0,0,0,0,0,0,414.667,0,0,-27.1866
"MtrElec",11,2,18,"",433.697,0,0,0,0,0,0,0,0,0,0,0,0,0,0,0,0,0,0,0,0,433.697,0,0,0
"MtrElec",11,2,19,"",253.099,0,0,0,0,0,0,0,0,0,0,0,0,0,0,0,0,0,0,0,0,449.863,0,-196.765,0
"MtrElec",11,2,20,"",391.976,0,0,0,0,0,0,0,0,0,0,0,0,0,0,0,0,0,0,0,0,391.976,0,0,0
"MtrElec",11,2,21,"",420.082,0,0,0,0,0,0,0,0,0,0,0,0,0,0,0,0,0,0,0,0,420.082,0,0,0
"MtrElec",11,2,22,"",306.831,0,0,0,0,0,0,0,0,0,0,0,0,0,0,0,0,0,0,0,0,306.831,0,0,0
"MtrElec",11,2,23,"",286.724,0,0,0,0,0,0,0,0,0,0,0,0,0,0,0,0,0,0,0,0,286.724,0,0,0
"MtrElec",11,2,24,"",233.367,0,0,0,0,0,0,0,0,0,0,0,0,0,0,0,0,0,0,0,0,233.367,0,0,0
"MtrElec",11,3,1,"",169.047,0,0,0,0,0,0,0,0,0,0,0,0,0,0,0,0,0,0,0,0,169.047,0,0,0
"MtrElec",11,3,2,"",166.214,0,0,0,0,0,0,0,0,0,0,0,0,0,0,0,0,0,0,0,0,166.214,0,0,0
"MtrElec",11,3,3,"",174.281,0,0,0,0,0,0,0,0,0,0,0,0,0,0,0,0,0,0,0,0,174.281,0,0,0
"MtrElec",11,3,4,"",157.1,0,0,0,0,0,0,0,0,0,0,0,0,0,0,0,0,0,0,0,0,157.1,0,0,0
"MtrElec",11,3,5,"",151.893,0,0,0,0,0,0,0,0,0,0,0,0,0,0,0,0,0,0,0,0,151.893,0,0,0
"MtrElec",11,3,6,"",162.212,0,0,0,0,0,0,0,0,0,0,0,0,0,0,0,0,0,0,0,0,162.212,0,0,0
"MtrElec",11,3,7,"",216.804,0,0,0,0,0,0,0,0,0,0,0,0,0,0,0,0,0,0,0,0,225.029,0,0,-8.22517
"MtrElec",11,3,8,"",230.58,0,0,0,0,0,0,0,0,0,0,0,0,0,0,0,0,0,0,0,0,310.262,0,0,-79.6825
"MtrElec",11,3,9,"",137.397,0,0,0,0,0,0,0,0,0,0,0,0,0,0,0,0,0,0,0,0,327.326,0,0,-189.929
"MtrElec",11,3,10,"",-72.4351,0,0,0,0,0,0,0,0,0,0,0,0,0,0,0,0,0,0,0,0,395.945,0,0,-468.38
"MtrElec",11,3,11,"",0,0,0,0,0,0,0,0,0,0,0,0,0,0,0,0,0,0,0,0,0,438.296,0,163.086,-601.382
"MtrElec",11,3,12,"",-28.7718,0,0,0,0,0,0,0,0,0,0,0,0,0,0,0,0,0,0,0,0,382.088,0,223.217,-634.077
"MtrElec",11,3,13,"",0,0,0,0,0,0,0,0,0,0,0,0,0,0,0,0,0,0,0,0,0,418.625,0,193.778,-612.403
"MtrElec",11,3,14,"",0,0,0,0,0,0,0,0,0,0,0,0,0,0,0,0,0,0,0,0,0,375.066,0,169.846,-544.912
"MtrElec",11,3,15,"",-3.1056,0,0,0,0,0,0,0,0,0,0,0,0,0,0,0,0,0,0,0,0,368.996,0,48.9547,-421.056
"MtrElec",11,3,16,"",154.948,0,0,0,0,0,0,0,0,0,0,0,0,0,0,0,0,0,0,0,0,406.075,0,0,-251.127
"MtrElec",11,3,17,"",351.635,0,0,0,0,0,0,0,0,0,0,0,0,0,0,0,0,0,0,0,0,407.618,0,0,-55.9823
"MtrElec",11,3,18,"",437.61,0,0,0,0,0,0,0,0,0,0,0,0,0,0,0,0,0,0,0,0,437.61,0,0,0
"MtrElec",11,3,19,"",181.552,0,0,0,0,0,0,0,0,0,0,0,0,0,0,0,0,0,0,0,0,404.768,0,-223.217,0
"MtrElec",11,3,20,"",126.923,0,0,0,0,0,0,0,0,0,0,0,0,0,0,0,0,0,0,0,0,350.14,0,-223.217,0
"MtrElec",11,3,21,"",188.953,0,0,0,0,0,0,0,0,0,0,0,0,0,0,0,0,0,0,0,0,412.169,0,-223.217,0
"MtrElec",11,3,22,"",234.912,0,0,0,0,0,0,0,0,0,0,0,0,0,0,0,0,0,0,0,0,286.252,0,-51.3398,0
"MtrElec",11,3,23,"",263.398,0,0,0,0,0,0,0,0,0,0,0,0,0,0,0,0,0,0,0,0,263.398,0,0,0
"MtrElec",11,3,24,"",197.284,0,0,0,0,0,0,0,0,0,0,0,0,0,0,0,0,0,0,0,0,197.284,0,0,0
"MtrElec",11,4,1,"",184.789,0,0,0,0,0,0,0,0,0,0,0,0,0,0,0,0,0,0,0,0,184.789,0,0,0
"MtrElec",11,4,2,"",155.727,0,0,0,0,0,0,0,0,0,0,0,0,0,0,0,0,0,0,0,0,155.727,0,0,0
"MtrElec",11,4,3,"",151.893,0,0,0,0,0,0,0,0,0,0,0,0,0,0,0,0,0,0,0,0,151.893,0,0,0
"MtrElec",11,4,4,"",149.745,0,0,0,0,0,0,0,0,0,0,0,0,0,0,0,0,0,0,0,0,149.745,0,0,0
"MtrElec",11,4,5,"",186.228,0,0,0,0,0,0,0,0,0,0,0,0,0,0,0,0,0,0,0,0,186.228,0,0,0
"MtrElec",11,4,6,"",153.395,0,0,0,0,0,0,0,0,0,0,0,0,0,0,0,0,0,0,0,0,153.395,0,0,0
"MtrElec",11,4,7,"",203.51,0,0,0,0,0,0,0,0,0,0,0,0,0,0,0,0,0,0,0,0,251.077,0,0,-47.5672
"MtrElec",11,4,8,"",86.052,0,0,0,0,0,0,0,0,0,0,0,0,0,0,0,0,0,0,0,0,312.314,0,0,-226.262
"MtrElec",11,4,9,"",-12.7373,0,0,0,0,0,0,0,0,0,0,0,0,0,0,0,0,0,0,0,0,391.987,0,0,-404.724
"MtrElec",11,4,10,"",85.8031,0,0,0,0,0,0,0,0,0,0,0,0,0,0,0,0,0,0,0,0,425.733,0,0,-339.93
"MtrElec",11,4,11,"",0,0,0,0,0,0,0,0,0,0,0,0,0,0,0,0,0,0,0,0,0,463.051,0,122.134,-585.186
"MtrElec",11,4,12,"",0,0,0,0,0,0,0,0,0,0,0,0,0,0,0,0,0,0,0,0,0,432.885,0,213.399,-646.283
"MtrElec",11,4,13,"",0,0,0,0,0,0,0,0,0,0,0,0,0,0,0,0,0,0,0,0,0,463.386,0,167.564,-630.949
"MtrElec",11,4,14,"",0.0000156,0,0,0,0,0,0,0,0,0,0,0,0,0,0,0,0,0,0,0,0,357.575,0,202.344,-559.92
"MtrElec",11,4,15,"",0.0000020,0,0,0,0,0,0,0,0,0,0,0,0,0,0,0,0,0,0,0,0,405.338,0,25.3764,-430.715
"MtrElec",11,4,16,"",128.636,0,0,0,0,0,0,0,0,0,0,0,0,0,0,0,0,0,0,0,0,384.821,0,0,-256.185
"MtrElec",11,4,17,"",358.491,0,0,0,0,0,0,0,0,0,0,0,0,0,0,0,0,0,0,0,0,414.995,0,0,-56.5036
"MtrElec",11,4,18,"",393.409,0,0,0,0,0,0,0,0,0,0,0,0,0,0,0,0,0,0,0,0,393.409,0,0,0
"MtrElec",11,4,19,"",205.324,0,0,0,0,0,0,0,0,0,0,0,0,0,0,0,0,0,0,0,0,428.541,0,-223.217,0
"MtrElec",11,4,20,"",179.549,0,0,0,0,0,0,0,0,0,0,0,0,0,0,0,0,0,0,0,0,402.766,0,-223.217,0
"MtrElec",11,4,21,"",228.76,0,0,0,0,0,0,0,0,0,0,0,0,0,0,0,0,0,0,0,0,441.889,0,-213.129,0
"MtrElec",11,4,22,"",301.608,0,0,0,0,0,0,0,0,0,0,0,0,0,0,0,0,0,0,0,0,301.608,0,0,0
"MtrElec",11,4,23,"",244.429,0,0,0,0,0,0,0,0,0,0,0,0,0,0,0,0,0,0,0,0,244.429,0,0,0
"MtrElec",11,4,24,"",218.318,0,0,0,0,0,0,0,0,0,0,0,0,0,0,0,0,0,0,0,0,218.318,0,0,0
"MtrElec",11,5,1,"",166.855,0,0,0,0,0,0,0,0,0,0,0,0,0,0,0,0,0,0,0,0,166.855,0,0,0
"MtrElec",11,5,2,"",155.543,0,0,0,0,0,0,0,0,0,0,0,0,0,0,0,0,0,0,0,0,155.543,0,0,0
"MtrElec",11,5,3,"",150.31,0,0,0,0,0,0,0,0,0,0,0,0,0,0,0,0,0,0,0,0,150.31,0,0,0
"MtrElec",11,5,4,"",159.259,0,0,0,0,0,0,0,0,0,0,0,0,0,0,0,0,0,0,0,0,159.259,0,0,0
"MtrElec",11,5,5,"",147.736,0,0,0,0,0,0,0,0,0,0,0,0,0,0,0,0,0,0,0,0,147.736,0,0,0
"MtrElec",11,5,6,"",196.075,0,0,0,0,0,0,0,0,0,0,0,0,0,0,0,0,0,0,0,0,196.075,0,0,0
"MtrElec",11,5,7,"",170.42,0,0,0,0,0,0,0,0,0,0,0,0,0,0,0,0,0,0,0,0,218.966,0,0,-48.5458
"MtrElec",11,5,8,"",76.8864,0,0,0,0,0,0,0,0,0,0,0,0,0,0,0,0,0,0,0,0,303.546,0,0,-226.66
"MtrElec",11,5,9,"",-52.958,0,0,0,0,0,0,0,0,0,0,0,0,0,0,0,0,0,0,0,0,355.057,0,0,-408.015
"MtrElec",11,5,10,"",-192.662,0,0,0,0,0,0,0,0,0,0,0,0,0,0,0,0,0,0,0,0,331.962,0,0,-524.624
"MtrElec",11,5,11,"",0,0,0,0,0,0,0,0,0,0,0,0,0,0,0,0,0,0,0,0,0,377.482,0,218.713,-596.195
"MtrElec",11,5,12,"",0,0,0,0,0,0,0,0,0,0,0,0,0,0,0,0,0,0,0,0,0,415.404,0,204.644,-620.048
"MtrElec",11,5,13,"",-10.0417,0,0,0,0,0,0,0,0,0,0,0,0,0,0,0,0,0,0,0,0,362.519,0,223.217,-595.778
"MtrElec",11,5,14,"",0.0000156,0,0,0,0,0,0,0,0,0,0,0,0,0,0,0,0,0,0,0,0,403.277,0,135.308,-538.586
"MtrElec",11,5,15,"",-41.7854,0,0,0,0,0,0,0,0,0,0,0,0,0,0,0,0,0,0,0,0,364.417,0,16.9987,-423.201
"MtrElec",11,5,16,"",193.597,0,0,0,0,0,0,0,0,0,0,0,0,0,0,0,0,0,0,0,0,387.049,0,0,-193.452
"MtrElec",11,5,17,"",360.018,0,0,0,0,0,0,0,0,0,0,0,0,0,0,0,0,0,0,0,0,396.3,0,0,-36.282
"MtrElec",11,5,18,"",428.346,0,0,0,0,0,0,0,0,0,0,0,0,0,0,0,0,0,0,0,0,428.346,0,0,0
"MtrElec",11,5,19,"",195.262,0,0,0,0,0,0,0,0,0,0,0,0,0,0,0,0,0,0,0,0,418.478,0,-223.217,0
"MtrElec",11,5,20,"",184.309,0,0,0,0,0,0,0,0,0,0,0,0,0,0,0,0,0,0,0,0,407.526,0,-223.217,0
"MtrElec",11,5,21,"",183.285,0,0,0,0,0,0,0,0,0,0,0,0,0,0,0,0,0,0,0,0,406.502,0,-223.217,0
"MtrElec",11,5,22,"",239.303,0,0,0,0,0,0,0,0,0,0,0,0,0,0,0,0,0,0,0,0,290.643,0,-51.3398,0
"MtrElec",11,5,23,"",258.478,0,0,0,0,0,0,0,0,0,0,0,0,0,0,0,0,0,0,0,0,258.478,0,0,0
"MtrElec",11,5,24,"",201.902,0,0,0,0,0,0,0,0,0,0,0,0,0,0,0,0,0,0,0,0,201.902,0,0,0
"MtrElec",11,6,1,"",170.021,0,0,0,0,0,0,0,0,0,0,0,0,0,0,0,0,0,0,0,0,170.021,0,0,0
"MtrElec",11,6,2,"",189.9,0,0,0,0,0,0,0,0,0,0,0,0,0,0,0,0,0,0,0,0,189.9,0,0,0
"MtrElec",11,6,3,"",151.5,0,0,0,0,0,0,0,0,0,0,0,0,0,0,0,0,0,0,0,0,151.5,0,0,0
"MtrElec",11,6,4,"",151.445,0,0,0,0,0,0,0,0,0,0,0,0,0,0,0,0,0,0,0,0,151.445,0,0,0
"MtrElec",11,6,5,"",152.869,0,0,0,0,0,0,0,0,0,0,0,0,0,0,0,0,0,0,0,0,152.869,0,0,0
"MtrElec",11,6,6,"",155.931,0,0,0,0,0,0,0,0,0,0,0,0,0,0,0,0,0,0,0,0,155.931,0,0,0
"MtrElec",11,6,7,"",258.472,0,0,0,0,0,0,0,0,0,0,0,0,0,0,0,0,0,0,0,0,267.413,0,0,-8.94127
"MtrElec",11,6,8,"",236.144,0,0,0,0,0,0,0,0,0,0,0,0,0,0,0,0,0,0,0,0,302.925,0,0,-66.781
"MtrElec",11,6,9,"",225.76,0,0,0,0,0,0,0,0,0,0,0,0,0,0,0,0,0,0,0,0,368.17,0,0,-142.41
"MtrElec",11,6,10,"",-112.696,0,0,0,0,0,0,0,0,0,0,0,0,0,0,0,0,0,0,0,0,382.876,0,0,-495.572
"MtrElec",11,6,11,"",0,0,0,0,0,0,0,0,0,0,0,0,0,0,0,0,0,0,0,0,0,439.9,0,58.2821,-498.182
"MtrElec",11,6,12,"",0,0,0,0,0,0,0,0,0,0,0,0,0,0,0,0,0,0,0,0,0,399.913,0,174.355,-574.268
"MtrElec",11,6,13,"",117.691,0,0,0,0,0,0,0,0,0,0,0,0,0,0,0,0,0,0,0,0,478.774,0,0,-361.084
"MtrElec",11,6,14,"",109.526,0,0,0,0,0,0,0,0,0,0,0,0,0,0,0,0,0,0,0,0,351.454,0,0,-241.928
"MtrElec",11,6,15,"",110.67,0,0,0,0,0,0,0,0,0,0,0,0,0,0,0,0,0,0,0,0,370.033,0,0,-259.363
"MtrElec",11,6,16,"",233.344,0,0,0,0,0,0,0,0,0,0,0,0,0,0,0,0,0,0,0,0,390.973,0,0,-157.63
"MtrElec",11,6,17,"",393.933,0,0,0,0,0,0,0,0,0,0,0,0,0,0,0,0,0,0,0,0,408.269,0,0,-14.3367
"MtrElec",11,6,18,"",392.761,0,0,0,0,0,0,0,0,0,0,0,0,0,0,0,0,0,0,0,0,392.761,0,0,0
"MtrElec",11,6,19,"",181.025,0,0,0,0,0,0,0,0,0,0,0,0,0,0,0,0,0,0,0,0,390.98,0,-209.955,0
"MtrElec",11,6,20,"",393.061,0,0,0,0,0,0,0,0,0,0,0,0,0,0,0,0,0,0,0,0,393.061,0,0,0
"MtrElec",11,6,21,"",399.087,0,0,0,0,0,0,0,0,0,0,0,0,0,0,0,0,0,0,0,0,399.087,0,0,0
"MtrElec",11,6,22,"",278.147,0,0,0,0,0,0,0,0,0,0,0,0,0,0,0,0,0,0,0,0,278.147,0,0,0
"MtrElec",11,6,23,"",265.319,0,0,0,0,0,0,0,0,0,0,0,0,0,0,0,0,0,0,0,0,265.319,0,0,0
"MtrElec",11,6,24,"",196.414,0,0,0,0,0,0,0,0,0,0,0,0,0,0,0,0,0,0,0,0,196.414,0,0,0
"MtrElec",11,7,1,"",169.704,0,0,0,0,0,0,0,0,0,0,0,0,0,0,0,0,0,0,0,0,169.704,0,0,0
"MtrElec",11,7,2,"",155.137,0,0,0,0,0,0,0,0,0,0,0,0,0,0,0,0,0,0,0,0,155.137,0,0,0
"MtrElec",11,7,3,"",187.802,0,0,0,0,0,0,0,0,0,0,0,0,0,0,0,0,0,0,0,0,187.802,0,0,0
"MtrElec",11,7,4,"",153.406,0,0,0,0,0,0,0,0,0,0,0,0,0,0,0,0,0,0,0,0,153.406,0,0,0
"MtrElec",11,7,5,"",178.005,0,0,0,0,0,0,0,0,0,0,0,0,0,0,0,0,0,0,0,0,178.005,0,0,0
"MtrElec",11,7,6,"",155.214,0,0,0,0,0,0,0,0,0,0,0,0,0,0,0,0,0,0,0,0,155.214,0,0,0
"MtrElec",11,7,7,"",178.197,0,0,0,0,0,0,0,0,0,0,0,0,0,0,0,0,0,0,0,0,178.197,0,0,0
"MtrElec",11,7,8,"",197.369,0,0,0,0,0,0,0,0,0,0,0,0,0,0,0,0,0,0,0,0,256.98,0,0,-59.6105
"MtrElec",11,7,9,"",116.523,0,0,0,0,0,0,0,0,0,0,0,0,0,0,0,0,0,0,0,0,324.545,0,0,-208.022
"MtrElec",11,7,10,"",65.1302,0,0,0,0,0,0,0,0,0,0,0,0,0,0,0,0,0,0,0,0,381.484,0,0,-316.354
"MtrElec",11,7,11,"",0,0,0,0,0,0,0,0,0,0,0,0,0,0,0,0,0,0,0,0,0,467.521,0,107.382,-574.904
"MtrElec",11,7,12,"",0.0000078,0,0,0,0,0,0,0,0,0,0,0,0,0,0,0,0,0,0,0,0,494.801,0,113.87,-608.671
"MtrElec",11,7,13,"",0,0,0,0,0,0,0,0,0,0,0,0,0,0,0,0,0,0,0,0,0,426.872,0,167.016,-593.889
"MtrElec",11,7,14,"",0.0000039,0,0,0,0,0,0,0,0,0,0,0,0,0,0,0,0,0,0,0,0,452.893,0,61.6822,-514.576
"MtrElec",11,7,15,"",54.3618,0,0,0,0,0,0,0,0,0,0,0,0,0,0,0,0,0,0,0,0,442.456,0,0,-388.094
"MtrElec",11,7,16,"",214.756,0,0,0,0,0,0,0,0,0,0,0,0,0,0,0,0,0,0,0,0,385.657,0,0,-170.901
"MtrElec",11,7,17,"",434.122,0,0,0,0,0,0,0,0,0,0,0,0,0,0,0,0,0,0,0,0,464.733,0,0,-30.6111
"MtrElec",11,7,18,"",406.942,0,0,0,0,0,0,0,0,0,0,0,0,0,0,0,0,0,0,0,0,406.942,0,0,0
"MtrElec",11,7,19,"",179.781,0,0,0,0,0,0,0,0,0,0,0,0,0,0,0,0,0,0,0,0,402.998,0,-223.217,0
"MtrElec",11,7,20,"",164.516,0,0,0,0,0,0,0,0,0,0,0,0,0,0,0,0,0,0,0,0,347.38,0,-182.864,0
"MtrElec",11,7,21,"",329.64,0,0,0,0,0,0,0,0,0,0,0,0,0,0,0,0,0,0,0,0,329.64,0,0,0
"MtrElec",11,7,22,"",291.323,0,0,0,0,0,0,0,0,0,0,0,0,0,0,0,0,0,0,0,0,291.323,0,0,0
"MtrElec",11,7,23,"",243.002,0,0,0,0,0,0,0,0,0,0,0,0,0,0,0,0,0,0,0,0,243.002,0,0,0
"MtrElec",11,7,24,"",211.192,0,0,0,0,0,0,0,0,0,0,0,0,0,0,0,0,0,0,0,0,211.192,0,0,0
"MtrElec",11,8,1,"",164.487,0,0,0,0,0,0,0,0,0,0,0,0,0,0,0,0,0,0,0,0,164.487,0,0,0
"MtrElec",11,8,2,"",159.426,0,0,0,0,0,0,0,0,0,0,0,0,0,0,0,0,0,0,0,0,159.426,0,0,0
"MtrElec",11,8,3,"",187.249,0,0,0,0,0,0,0,0,0,0,0,0,0,0,0,0,0,0,0,0,187.249,0,0,0
"MtrElec",11,8,4,"",157.298,0,0,0,0,0,0,0,0,0,0,0,0,0,0,0,0,0,0,0,0,157.298,0,0,0
"MtrElec",11,8,5,"",176.902,0,0,0,0,0,0,0,0,0,0,0,0,0,0,0,0,0,0,0,0,176.902,0,0,0
"MtrElec",11,8,6,"",155.839,0,0,0,0,0,0,0,0,0,0,0,0,0,0,0,0,0,0,0,0,155.839,0,0,0
"MtrElec",11,8,7,"",197.178,0,0,0,0,0,0,0,0,0,0,0,0,0,0,0,0,0,0,0,0,201.241,0,0,-4.06305
"MtrElec",11,8,8,"",121.996,0,0,0,0,0,0,0,0,0,0,0,0,0,0,0,0,0,0,0,0,195.91,0,0,-73.9137
"MtrElec",11,8,9,"",128.149,0,0,0,0,0,0,0,0,0,0,0,0,0,0,0,0,0,0,0,0,296.599,0,0,-168.449
"MtrElec",11,8,10,"",17.7178,0,0,0,0,0,0,0,0,0,0,0,0,0,0,0,0,0,0,0,0,304.466,0,0,-286.748
"MtrElec",11,8,11,"",142.829,0,0,0,0,0,0,0,0,0,0,0,0,0,0,0,0,0,0,0,0,430.032,0,0,-287.203
"MtrElec",11,8,12,"",0,0,0,0,0,0,0,0,0,0,0,0,0,0,0,0,0,0,0,0,0,392.905,0,2.87866,-395.783
"MtrElec",11,8,13,"",29.2212,0,0,0,0,0,0,0,0,0,0,0,0,0,0,0,0,0,0,0,0,426.289,0,0,-397.068
"MtrElec",11,8,14,"",51.1012,0,0,0,0,0,0,0,0,0,0,0,0,0,0,0,0,0,0,0,0,355.419,0,0,-304.318
"MtrElec",11,8,15,"",164.523,0,0,0,0,0,0,0,0,0,0,0,0,0,0,0,0,0,0,0,0,366.266,0,0,-201.743
"MtrElec",11,8,16,"",276.177,0,0,0,0,0,0,0,0,0,0,0,0,0,0,0,0,0,0,0,0,352.399,0,0,-76.2222
"MtrElec",11,8,17,"",348.27,0,0,0,0,0,0,0,0,0,0,0,0,0,0,0,0,0,0,0,0,356.009,0,0,-7.73919
"MtrElec",11,8,18,"",346.138,0,0,0,0,0,0,0,0,0,0,0,0,0,0,0,0,0,0,0,0,346.138,0,0,0
"MtrElec",11,8,19,"",414.492,0,0,0,0,0,0,0,0,0,0,0,0,0,0,0,0,0,0,0,0,417.09,0,-2.59799,0
"MtrElec",11,8,20,"",321.133,0,0,0,0,0,0,0,0,0,0,0,0,0,0,0,0,0,0,0,0,321.133,0,0,0
"MtrElec",11,8,21,"",295.876,0,0,0,0,0,0,0,0,0,0,0,0,0,0,0,0,0,0,0,0,295.876,0,0,0
"MtrElec",11,8,22,"",316.305,0,0,0,0,0,0,0,0,0,0,0,0,0,0,0,0,0,0,0,0,316.305,0,0,0
"MtrElec",11,8,23,"",239.351,0,0,0,0,0,0,0,0,0,0,0,0,0,0,0,0,0,0,0,0,239.351,0,0,0
"MtrElec",11,8,24,"",204.618,0,0,0,0,0,0,0,0,0,0,0,0,0,0,0,0,0,0,0,0,204.618,0,0,0
"MtrElec",11,9,1,"",165.781,0,0,0,0,0,0,0,0,0,0,0,0,0,0,0,0,0,0,0,0,165.781,0,0,0
"MtrElec",11,9,2,"",155.881,0,0,0,0,0,0,0,0,0,0,0,0,0,0,0,0,0,0,0,0,155.881,0,0,0
"MtrElec",11,9,3,"",149.772,0,0,0,0,0,0,0,0,0,0,0,0,0,0,0,0,0,0,0,0,149.772,0,0,0
"MtrElec",11,9,4,"",150.696,0,0,0,0,0,0,0,0,0,0,0,0,0,0,0,0,0,0,0,0,150.696,0,0,0
"MtrElec",11,9,5,"",184.874,0,0,0,0,0,0,0,0,0,0,0,0,0,0,0,0,0,0,0,0,184.874,0,0,0
"MtrElec",11,9,6,"",153.722,0,0,0,0,0,0,0,0,0,0,0,0,0,0,0,0,0,0,0,0,153.722,0,0,0
"MtrElec",11,9,7,"",257.738,0,0,0,0,0,0,0,0,0,0,0,0,0,0,0,0,0,0,0,0,265.424,0,0,-7.68606
"MtrElec",11,9,8,"",206.721,0,0,0,0,0,0,0,0,0,0,0,0,0,0,0,0,0,0,0,0,309.333,0,0,-102.612
"MtrElec",11,9,9,"",250.144,0,0,0,0,0,0,0,0,0,0,0,0,0,0,0,0,0,0,0,0,320.28,0,0,-70.1362
"MtrElec",11,9,10,"",323.298,0,0,0,0,0,0,0,0,0,0,0,0,0,0,0,0,0,0,0,0,389.168,0,0,-65.8704
"MtrElec",11,9,11,"",263.579,0,0,0,0,0,0,0,0,0,0,0,0,0,0,0,0,0,0,0,0,387.121,0,0,-123.541
"MtrElec",11,9,12,"",295.777,0,0,0,0,0,0,0,0,0,0,0,0,0,0,0,0,0,0,0,0,389.325,0,0,-93.548
"MtrElec",11,9,13,"",213.716,0,0,0,0,0,0,0,0,0,0,0,0,0,0,0,0,0,0,0,0,341.148,0,0,-127.432
"MtrElec",11,9,14,"",221.443,0,0,0,0,0,0,0,0,0,0,0,0,0,0,0,0,0,0,0,0,365.798,0,0,-144.356
"MtrElec",11,9,15,"",238.762,0,0,0,0,0,0,0,0,0,0,0,0,0,0,0,0,0,0,0,0,335.858,0,0,-97.0959
"MtrElec",11,9,16,"",203.384,0,0,0,0,0,0,0,0,0,0,0,0,0,0,0,0,0,0,0,0,360.435,0,0,-157.05
"MtrElec",11,9,17,"",368.867,0,0,0,0,0,0,0,0,0,0,0,0,0,0,0,0,0,0,0,0,380.628,0,0,-11.7603
"MtrElec",11,9,18,"",442.961,0,0,0,0,0,0,0,0,0,0,0,0,0,0,0,0,0,0,0,0,442.961,0,0,0
"MtrElec",11,9,19,"",411.34,0,0,0,0,0,0,0,0,0,0,0,0,0,0,0,0,0,0,0,0,411.34,0,0,0
"MtrElec",11,9,20,"",386.043,0,0,0,0,0,0,0,0,0,0,0,0,0,0,0,0,0,0,0,0,386.043,0,0,0
"MtrElec",11,9,21,"",416.465,0,0,0,0,0,0,0,0,0,0,0,0,0,0,0,0,0,0,0,0,416.465,0,0,0
"MtrElec",11,9,22,"",280.692,0,0,0,0,0,0,0,0,0,0,0,0,0,0,0,0,0,0,0,0,280.692,0,0,0
"MtrElec",11,9,23,"",286.161,0,0,0,0,0,0,0,0,0,0,0,0,0,0,0,0,0,0,0,0,286.161,0,0,0
"MtrElec",11,9,24,"",221.188,0,0,0,0,0,0,0,0,0,0,0,0,0,0,0,0,0,0,0,0,221.188,0,0,0
"MtrElec",11,10,1,"",192.562,0,0,0,0,0,0,0,0,0,0,0,0,0,0,0,0,0,0,0,0,192.562,0,0,0
"MtrElec",11,10,2,"",154.998,0,0,0,0,0,0,0,0,0,0,0,0,0,0,0,0,0,0,0,0,154.998,0,0,0
"MtrElec",11,10,3,"",184.236,0,0,0,0,0,0,0,0,0,0,0,0,0,0,0,0,0,0,0,0,184.236,0,0,0
"MtrElec",11,10,4,"",150.729,0,0,0,0,0,0,0,0,0,0,0,0,0,0,0,0,0,0,0,0,150.729,0,0,0
"MtrElec",11,10,5,"",148.14,0,0,0,0,0,0,0,0,0,0,0,0,0,0,0,0,0,0,0,0,148.14,0,0,0
"MtrElec",11,10,6,"",155.539,0,0,0,0,0,0,0,0,0,0,0,0,0,0,0,0,0,0,0,0,155.539,0,0,0
"MtrElec",11,10,7,"",251.035,0,0,0,0,0,0,0,0,0,0,0,0,0,0,0,0,0,0,0,0,251.035,0,0,0
"MtrElec",11,10,8,"",277.251,0,0,0,0,0,0,0,0,0,0,0,0,0,0,0,0,0,0,0,0,277.251,0,0,0
"MtrElec",11,10,9,"",305.925,0,0,0,0,0,0,0,0,0,0,0,0,0,0,0,0,0,0,0,0,357.654,0,0,-51.7291
"MtrElec",11,10,10,"",232.462,0,0,0,0,0,0,0,0,0,0,0,0,0,0,0,0,0,0,0,0,438.382,0,0,-205.919
"MtrElec",11,10,11,"",138.999,0,0,0,0,0,0,0,0,0,0,0,0,0,0,0,0,0,0,0,0,429.585,0,0,-290.586
"MtrElec",11,10,12,"",235.482,0,0,0,0,0,0,0,0,0,0,0,0,0,0,0,0,0,0,0,0,415.718,0,0,-180.236
"MtrElec",11,10,13,"",207.427,0,0,0,0,0,0,0,0,0,0,0,0,0,0,0,0,0,0,0,0,369.596,0,0,-162.169
"MtrElec",11,10,14,"",204.143,0,0,0,0,0,0,0,0,0,0,0,0,0,0,0,0,0,0,0,0,359.24,0,0,-155.097
"MtrElec",11,10,15,"",115.324,0,0,0,0,0,0,0,0,0,0,0,0,0,0,0,0,0,0,0,0,368.764,0,0,-253.44
"MtrElec",11,10,16,"",242.586,0,0,0,0,0,0,0,0,0,0,0,0,0,0,0,0,0,0,0,0,351.256,0,0,-108.669
"MtrElec",11,10,17,"",372.694,0,0,0,0,0,0,0,0,0,0,0,0,0,0,0,0,0,0,0,0,383.685,0,0,-10.9904
"MtrElec",11,10,18,"",406.222,0,0,0,0,0,0,0,0,0,0,0,0,0,0,0,0,0,0,0,0,406.222,0,0,0
"MtrElec",11,10,19,"",391.243,0,0,0,0,0,0,0,0,0,0,0,0,0,0,0,0,0,0,0,0,391.243,0,0,0
"MtrElec",11,10,20,"",413.79,0,0,0,0,0,0,0,0,0,0,0,0,0,0,0,0,0,0,0,0,413.79,0,0,0
"MtrElec",11,10,21,"",426.811,0,0,0,0,0,0,0,0,0,0,0,0,0,0,0,0,0,0,0,0,426.811,0,0,0
"MtrElec",11,10,22,"",295.921,0,0,0,0,0,0,0,0,0,0,0,0,0,0,0,0,0,0,0,0,295.921,0,0,0
"MtrElec",11,10,23,"",284.929,0,0,0,0,0,0,0,0,0,0,0,0,0,0,0,0,0,0,0,0,284.929,0,0,0
"MtrElec",11,10,24,"",251.743,0,0,0,0,0,0,0,0,0,0,0,0,0,0,0,0,0,0,0,0,251.743,0,0,0
"MtrElec",11,11,1,"",175.076,0,0,0,0,0,0,0,0,0,0,0,0,0,0,0,0,0,0,0,0,175.076,0,0,0
"MtrElec",11,11,2,"",152.812,0,0,0,0,0,0,0,0,0,0,0,0,0,0,0,0,0,0,0,0,152.812,0,0,0
"MtrElec",11,11,3,"",150.496,0,0,0,0,0,0,0,0,0,0,0,0,0,0,0,0,0,0,0,0,150.496,0,0,0
"MtrElec",11,11,4,"",152.471,0,0,0,0,0,0,0,0,0,0,0,0,0,0,0,0,0,0,0,0,152.471,0,0,0
"MtrElec",11,11,5,"",148.731,0,0,0,0,0,0,0,0,0,0,0,0,0,0,0,0,0,0,0,0,148.731,0,0,0
"MtrElec",11,11,6,"",173.863,0,0,0,0,0,0,0,0,0,0,0,0,0,0,0,0,0,0,0,0,173.863,0,0,0
"MtrElec",11,11,7,"",191.387,0,0,0,0,0,0,0,0,0,0,0,0,0,0,0,0,0,0,0,0,203.826,0,0,-12.4382
"MtrElec",11,11,8,"",96.6143,0,0,0,0,0,0,0,0,0,0,0,0,0,0,0,0,0,0,0,0,274.423,0,0,-177.809
"MtrElec",11,11,9,"",-33.0643,0,0,0,0,0,0,0,0,0,0,0,0,0,0,0,0,0,0,0,0,322.584,0,0,-355.649
"MtrElec",11,11,10,"",-71.8593,0,0,0,0,0,0,0,0,0,0,0,0,0,0,0,0,0,0,0,0,414.619,0,0,-486.479
"MtrElec",11,11,11,"",0,0,0,0,0,0,0,0,0,0,0,0,0,0,0,0,0,0,0,0,0,399.036,0,171.326,-570.362
"MtrElec",11,11,12,"",-12.4688,0,0,0,0,0,0,0,0,0,0,0,0,0,0,0,0,0,0,0,0,375.738,0,223.217,-611.424
"MtrElec",11,11,13,"",0,0,0,0,0,0,0,0,0,0,0,0,0,0,0,0,0,0,0,0,0,423.43,0,173.32,-596.749
"MtrElec",11,11,14,"",0,0,0,0,0,0,0,0,0,0,0,0,0,0,0,0,0,0,0,0,0,396.511,0,132.012,-528.523
"MtrElec",11,11,15,"",0,0,0,0,0,0,0,0,0,0,0,0,0,0,0,0,0,0,0,0,0,366.15,0,39.3927,-405.543
"MtrElec",11,11,16,"",140.024,0,0,0,0,0,0,0,0,0,0,0,0,0,0,0,0,0,0,0,0,371.452,0,0,-231.429
"MtrElec",11,11,17,"",289.299,0,0,0,0,0,0,0,0,0,0,0,0,0,0,0,0,0,0,0,0,335.335,0,0,-46.0356
"MtrElec",11,11,18,"",406.584,0,0,0,0,0,0,0,0,0,0,0,0,0,0,0,0,0,0,0,0,406.584,0,0,0
"MtrElec",11,11,19,"",167.818,0,0,0,0,0,0,0,0,0,0,0,0,0,0,0,0,0,0,0,0,391.035,0,-223.217,0
"MtrElec",11,11,20,"",66.7734,0,0,0,0,0,0,0,0,0,0,0,0,0,0,0,0,0,0,0,0,289.99,0,-223.217,0
"MtrElec",11,11,21,"",115.02,0,0,0,0,0,0,0,0,0,0,0,0,0,0,0,0,0,0,0,0,335.775,0,-220.755,0
"MtrElec",11,11,22,"",236.376,0,0,0,0,0,0,0,0,0,0,0,0,0,0,0,0,0,0,0,0,236.376,0,0,0
"MtrElec",11,11,23,"",250.163,0,0,0,0,0,0,0,0,0,0,0,0,0,0,0,0,0,0,0,0,250.163,0,0,0
"MtrElec",11,11,24,"",188.973,0,0,0,0,0,0,0,0,0,0,0,0,0,0,0,0,0,0,0,0,188.973,0,0,0
"MtrElec",11,12,1,"",156.396,0,0,0,0,0,0,0,0,0,0,0,0,0,0,0,0,0,0,0,0,156.396,0,0,0
"MtrElec",11,12,2,"",155.83,0,0,0,0,0,0,0,0,0,0,0,0,0,0,0,0,0,0,0,0,155.83,0,0,0
"MtrElec",11,12,3,"",149.021,0,0,0,0,0,0,0,0,0,0,0,0,0,0,0,0,0,0,0,0,149.021,0,0,0
"MtrElec",11,12,4,"",154.234,0,0,0,0,0,0,0,0,0,0,0,0,0,0,0,0,0,0,0,0,154.234,0,0,0
"MtrElec",11,12,5,"",168.117,0,0,0,0,0,0,0,0,0,0,0,0,0,0,0,0,0,0,0,0,168.117,0,0,0
"MtrElec",11,12,6,"",170.914,0,0,0,0,0,0,0,0,0,0,0,0,0,0,0,0,0,0,0,0,170.914,0,0,0
"MtrElec",11,12,7,"",221.19,0,0,0,0,0,0,0,0,0,0,0,0,0,0,0,0,0,0,0,0,236.929,0,0,-15.7386
"MtrElec",11,12,8,"",107.393,0,0,0,0,0,0,0,0,0,0,0,0,0,0,0,0,0,0,0,0,310.947,0,0,-203.555
"MtrElec",11,12,9,"",-67.01,0,0,0,0,0,0,0,0,0,0,0,0,0,0,0,0,0,0,0,0,319.048,0,0,-386.058
"MtrElec",11,12,10,"",-77.2144,0,0,0,0,0,0,0,0,0,0,0,0,0,0,0,0,0,0,0,0,446.267,0,0,-523.481
"MtrElec",11,12,11,"",0,0,0,0,0,0,0,0,0,0,0,0,0,0,0,0,0,0,0,0,0,396.248,0,203.573,-599.821
"MtrElec",11,12,12,"",0,0,0,0,0,0,0,0,0,0,0,0,0,0,0,0,0,0,0,0,0,404.496,0,209.662,-614.157
"MtrElec",11,12,13,"",0,0,0,0,0,0,0,0,0,0,0,0,0,0,0,0,0,0,0,0,0,389.625,0,200.201,-589.826
"MtrElec",11,12,14,"",0,0,0,0,0,0,0,0,0,0,0,0,0,0,0,0,0,0,0,0,0,398.023,0,131.281,-529.304
"MtrElec",11,12,15,"",0.0000039,0,0,0,0,0,0,0,0,0,0,0,0,0,0,0,0,0,0,0,0,369.149,0,44.7557,-413.905
"MtrElec",11,12,16,"",148.466,0,0,0,0,0,0,0,0,0,0,0,0,0,0,0,0,0,0,0,0,385.326,0,0,-236.86
"MtrElec",11,12,17,"",319.556,0,0,0,0,0,0,0,0,0,0,0,0,0,0,0,0,0,0,0,0,365.679,0,0,-46.1229
"MtrElec",11,12,18,"",425.19,0,0,0,0,0,0,0,0,0,0,0,0,0,0,0,0,0,0,0,0,425.19,0,0,0
"MtrElec",11,12,19,"",178.501,0,0,0,0,0,0,0,0,0,0,0,0,0,0,0,0,0,0,0,0,401.718,0,-223.217,0
"MtrElec",11,12,20,"",174.41,0,0,0,0,0,0,0,0,0,0,0,0,0,0,0,0,0,0,0,0,397.627,0,-223.217,0
"MtrElec",11,12,21,"",171.264,0,0,0,0,0,0,0,0,0,0,0,0,0,0,0,0,0,0,0,0,394.481,0,-223.217,0
"MtrElec",11,12,22,"",264.238,0,0,0,0,0,0,0,0,0,0,0,0,0,0,0,0,0,0,0,0,307.086,0,-42.8479,0
"MtrElec",11,12,23,"",271.899,0,0,0,0,0,0,0,0,0,0,0,0,0,0,0,0,0,0,0,0,271.899,0,0,0
"MtrElec",11,12,24,"",211.793,0,0,0,0,0,0,0,0,0,0,0,0,0,0,0,0,0,0,0,0,211.793,0,0,0
"MtrElec",11,13,1,"",162.125,0,0,0,0,0,0,0,0,0,0,0,0,0,0,0,0,0,0,0,0,162.125,0,0,0
"MtrElec",11,13,2,"",153.522,0,0,0,0,0,0,0,0,0,0,0,0,0,0,0,0,0,0,0,0,153.522,0,0,0
"MtrElec",11,13,3,"",188.568,0,0,0,0,0,0,0,0,0,0,0,0,0,0,0,0,0,0,0,0,188.568,0,0,0
"MtrElec",11,13,4,"",149.501,0,0,0,0,0,0,0,0,0,0,0,0,0,0,0,0,0,0,0,0,149.501,0,0,0
"MtrElec",11,13,5,"",148.599,0,0,0,0,0,0,0,0,0,0,0,0,0,0,0,0,0,0,0,0,148.599,0,0,0
"MtrElec",11,13,6,"",156.661,0,0,0,0,0,0,0,0,0,0,0,0,0,0,0,0,0,0,0,0,156.661,0,0,0
"MtrElec",11,13,7,"",211.569,0,0,0,0,0,0,0,0,0,0,0,0,0,0,0,0,0,0,0,0,228.24,0,0,-16.6713
"MtrElec",11,13,8,"",88.868,0,0,0,0,0,0,0,0,0,0,0,0,0,0,0,0,0,0,0,0,292.056,0,0,-203.188
"MtrElec",11,13,9,"",-29.1483,0,0,0,0,0,0,0,0,0,0,0,0,0,0,0,0,0,0,0,0,353.689,0,0,-382.837
"MtrElec",11,13,10,"",-51.1137,0,0,0,0,0,0,0,0,0,0,0,0,0,0,0,0,0,0,0,0,454.702,0,0,-505.815
"MtrElec",11,13,11,"",0,0,0,0,0,0,0,0,0,0,0,0,0,0,0,0,0,0,0,0,0,405.983,0,165.587,-571.57
"MtrElec",11,13,12,"",0,0,0,0,0,0,0,0,0,0,0,0,0,0,0,0,0,0,0,0,0,436.993,0,156.163,-593.155
"MtrElec",11,13,13,"",0,0,0,0,0,0,0,0,0,0,0,0,0,0,0,0,0,0,0,0,0,489.26,0,83.0237,-572.284
"MtrElec",11,13,14,"",0,0,0,0,0,0,0,0,0,0,0,0,0,0,0,0,0,0,0,0,0,402.745,0,115.418,-518.163
"MtrElec",11,13,15,"",0,0,0,0,0,0,0,0,0,0,0,0,0,0,0,0,0,0,0,0,0,394.73,0,12.2156,-406.946
"MtrElec",11,13,16,"",212.934,0,0,0,0,0,0,0,0,0,0,0,0,0,0,0,0,0,0,0,0,421.604,0,0,-208.67
"MtrElec",11,13,17,"",418.801,0,0,0,0,0,0,0,0,0,0,0,0,0,0,0,0,0,0,0,0,436.525,0,0,-17.7242
"MtrElec",11,13,18,"",422.256,0,0,0,0,0,0,0,0,0,0,0,0,0,0,0,0,0,0,0,0,422.256,0,0,0
"MtrElec",11,13,19,"",196.398,0,0,0,0,0,0,0,0,0,0,0,0,0,0,0,0,0,0,0,0,419.615,0,-223.217,0
"MtrElec",11,13,20,"",184.288,0,0,0,0,0,0,0,0,0,0,0,0,0,0,0,0,0,0,0,0,407.505,0,-223.217,0
"MtrElec",11,13,21,"",425.617,0,0,0,0,0,0,0,0,0,0,0,0,0,0,0,0,0,0,0,0,459.68,0,-34.0633,0
"MtrElec",11,13,22,"",285.505,0,0,0,0,0,0,0,0,0,0,0,0,0,0,0,0,0,0,0,0,285.505,0,0,0
"MtrElec",11,13,23,"",234.687,0,0,0,0,0,0,0,0,0,0,0,0,0,0,0,0,0,0,0,0,234.687,0,0,0
"MtrElec",11,13,24,"",233.186,0,0,0,0,0,0,0,0,0,0,0,0,0,0,0,0,0,0,0,0,233.186,0,0,0
"MtrElec",11,14,1,"",178.834,0,0,0,0,0,0,0,0,0,0,0,0,0,0,0,0,0,0,0,0,178.834,0,0,0
"MtrElec",11,14,2,"",156.092,0,0,0,0,0,0,0,0,0,0,0,0,0,0,0,0,0,0,0,0,156.092,0,0,0
"MtrElec",11,14,3,"",152.216,0,0,0,0,0,0,0,0,0,0,0,0,0,0,0,0,0,0,0,0,152.216,0,0,0
"MtrElec",11,14,4,"",154.043,0,0,0,0,0,0,0,0,0,0,0,0,0,0,0,0,0,0,0,0,154.043,0,0,0
"MtrElec",11,14,5,"",178.175,0,0,0,0,0,0,0,0,0,0,0,0,0,0,0,0,0,0,0,0,178.175,0,0,0
"MtrElec",11,14,6,"",196.72,0,0,0,0,0,0,0,0,0,0,0,0,0,0,0,0,0,0,0,0,196.72,0,0,0
"MtrElec",11,14,7,"",153.7,0,0,0,0,0,0,0,0,0,0,0,0,0,0,0,0,0,0,0,0,170.362,0,0,-16.6624
"MtrElec",11,14,8,"",42.0173,0,0,0,0,0,0,0,0,0,0,0,0,0,0,0,0,0,0,0,0,243.516,0,0,-201.499
"MtrElec",11,14,9,"",-56.3399,0,0,0,0,0,0,0,0,0,0,0,0,0,0,0,0,0,0,0,0,324.302,0,0,-380.642
"MtrElec",11,14,10,"",-85.8098,0,0,0,0,0,0,0,0,0,0,0,0,0,0,0,0,0,0,0,0,412.487,0,0,-498.297
"MtrElec",11,14,11,"",0,0,0,0,0,0,0,0,0,0,0,0,0,0,0,0,0,0,0,0,0,518.928,0,47.8607,-566.789
"MtrElec",11,14,12,"",0,0,0,0,0,0,0,0,0,0,0,0,0,0,0,0,0,0,0,0,0,510.869,0,77.3057,-588.175
"MtrElec",11,14,13,"",0,0,0,0,0,0,0,0,0,0,0,0,0,0,0,0,0,0,0,0,0,504.034,0,72.2233,-576.258
"MtrElec",11,14,14,"",0,0,0,0,0,0,0,0,0,0,0,0,0,0,0,0,0,0,0,0,0,465.225,0,52.7929,-518.018
"MtrElec",11,14,15,"",43.7947,0,0,0,0,0,0,0,0,0,0,0,0,0,0,0,0,0,0,0,0,443.346,0,0,-399.552
"MtrElec",11,14,16,"",197.772,0,0,0,0,0,0,0,0,0,0,0,0,0,0,0,0,0,0,0,0,422.379,0,0,-224.606
"MtrElec",11,14,17,"",334.691,0,0,0,0,0,0,0,0,0,0,0,0,0,0,0,0,0,0,0,0,377.806,0,0,-43.1148
"MtrElec",11,14,18,"",431.718,0,0,0,0,0,0,0,0,0,0,0,0,0,0,0,0,0,0,0,0,431.718,0,0,0
"MtrElec",11,14,19,"",246,0,0,0,0,0,0,0,0,0,0,0,0,0,0,0,0,0,0,0,0,469.217,0,-223.217,0
"MtrElec",11,14,20,"",338.259,0,0,0,0,0,0,0,0,0,0,0,0,0,0,0,0,0,0,0,0,340.832,0,-2.57298,0
"MtrElec",11,14,21,"",371.398,0,0,0,0,0,0,0,0,0,0,0,0,0,0,0,0,0,0,0,0,371.398,0,0,0
"MtrElec",11,14,22,"",306.128,0,0,0,0,0,0,0,0,0,0,0,0,0,0,0,0,0,0,0,0,306.128,0,0,0
"MtrElec",11,14,23,"",271.039,0,0,0,0,0,0,0,0,0,0,0,0,0,0,0,0,0,0,0,0,271.039,0,0,0
"MtrElec",11,14,24,"",220.862,0,0,0,0,0,0,0,0,0,0,0,0,0,0,0,0,0,0,0,0,220.862,0,0,0
"MtrElec",11,15,1,"",161.398,0,0,0,0,0,0,0,0,0,0,0,0,0,0,0,0,0,0,0,0,161.398,0,0,0
"MtrElec",11,15,2,"",158.646,0,0,0,0,0,0,0,0,0,0,0,0,0,0,0,0,0,0,0,0,158.646,0,0,0
"MtrElec",11,15,3,"",151.619,0,0,0,0,0,0,0,0,0,0,0,0,0,0,0,0,0,0,0,0,151.619,0,0,0
"MtrElec",11,15,4,"",152.372,0,0,0,0,0,0,0,0,0,0,0,0,0,0,0,0,0,0,0,0,152.372,0,0,0
"MtrElec",11,15,5,"",148.362,0,0,0,0,0,0,0,0,0,0,0,0,0,0,0,0,0,0,0,0,148.362,0,0,0
"MtrElec",11,15,6,"",194.329,0,0,0,0,0,0,0,0,0,0,0,0,0,0,0,0,0,0,0,0,194.329,0,0,0
"MtrElec",11,15,7,"",147.867,0,0,0,0,0,0,0,0,0,0,0,0,0,0,0,0,0,0,0,0,162.747,0,0,-14.8797
"MtrElec",11,15,8,"",63.8868,0,0,0,0,0,0,0,0,0,0,0,0,0,0,0,0,0,0,0,0,260.892,0,0,-197.005
"MtrElec",11,15,9,"",-85.5762,0,0,0,0,0,0,0,0,0,0,0,0,0,0,0,0,0,0,0,0,289.337,0,0,-374.913
"MtrElec",11,15,10,"",-149.489,0,0,0,0,0,0,0,0,0,0,0,0,0,0,0,0,0,0,0,0,349.052,0,0,-498.541
"MtrElec",11,15,11,"",0,0,0,0,0,0,0,0,0,0,0,0,0,0,0,0,0,0,0,0,0,376.195,0,190.021,-566.216
"MtrElec",11,15,12,"",0,0,0,0,0,0,0,0,0,0,0,0,0,0,0,0,0,0,0,0,0,443.817,0,155.524,-599.341
"MtrElec",11,15,13,"",0,0,0,0,0,0,0,0,0,0,0,0,0,0,0,0,0,0,0,0,0,424.791,0,154.138,-578.929
"MtrElec",11,15,14,"",0,0,0,0,0,0,0,0,0,0,0,0,0,0,0,0,0,0,0,0,0,396.999,0,116.754,-513.753
"MtrElec",11,15,15,"",33.8509,0,0,0,0,0,0,0,0,0,0,0,0,0,0,0,0,0,0,0,0,437.972,0,0,-404.121
"MtrElec",11,15,16,"",157.427,0,0,0,0,0,0,0,0,0,0,0,0,0,0,0,0,0,0,0,0,389.813,0,0,-232.387
"MtrElec",11,15,17,"",332.116,0,0,0,0,0,0,0,0,0,0,0,0,0,0,0,0,0,0,0,0,376.328,0,0,-44.2124
"MtrElec",11,15,18,"",377.11,0,0,0,0,0,0,0,0,0,0,0,0,0,0,0,0,0,0,0,0,377.11,0,0,0
"MtrElec",11,15,19,"",192.416,0,0,0,0,0,0,0,0,0,0,0,0,0,0,0,0,0,0,0,0,415.633,0,-223.217,0
"MtrElec",11,15,20,"",145.779,0,0,0,0,0,0,0,0,0,0,0,0,0,0,0,0,0,0,0,0,368.996,0,-223.217,0
"MtrElec",11,15,21,"",171.944,0,0,0,0,0,0,0,0,0,0,0,0,0,0,0,0,0,0,0,0,281.845,0,-109.901,0
"MtrElec",11,15,22,"",266.691,0,0,0,0,0,0,0,0,0,0,0,0,0,0,0,0,0,0,0,0,266.691,0,0,0
"MtrElec",11,15,23,"",250.409,0,0,0,0,0,0,0,0,0,0,0,0,0,0,0,0,0,0,0,0,250.409,0,0,0
"MtrElec",11,15,24,"",226.124,0,0,0,0,0,0,0,0,0,0,0,0,0,0,0,0,0,0,0,0,226.124,0,0,0
"MtrElec",11,16,1,"",173.741,0,0,0,0,0,0,0,0,0,0,0,0,0,0,0,0,0,0,0,0,173.741,0,0,0
"MtrElec",11,16,2,"",155.517,0,0,0,0,0,0,0,0,0,0,0,0,0,0,0,0,0,0,0,0,155.517,0,0,0
"MtrElec",11,16,3,"",150.931,0,0,0,0,0,0,0,0,0,0,0,0,0,0,0,0,0,0,0,0,150.931,0,0,0
"MtrElec",11,16,4,"",151.194,0,0,0,0,0,0,0,0,0,0,0,0,0,0,0,0,0,0,0,0,151.194,0,0,0
"MtrElec",11,16,5,"",149.514,0,0,0,0,0,0,0,0,0,0,0,0,0,0,0,0,0,0,0,0,149.514,0,0,0
"MtrElec",11,16,6,"",163.804,0,0,0,0,0,0,0,0,0,0,0,0,0,0,0,0,0,0,0,0,163.804,0,0,0
"MtrElec",11,16,7,"",228.047,0,0,0,0,0,0,0,0,0,0,0,0,0,0,0,0,0,0,0,0,245.828,0,0,-17.7807
"MtrElec",11,16,8,"",92.4198,0,0,0,0,0,0,0,0,0,0,0,0,0,0,0,0,0,0,0,0,302.708,0,0,-210.288
"MtrElec",11,16,9,"",-20.772,0,0,0,0,0,0,0,0,0,0,0,0,0,0,0,0,0,0,0,0,370.361,0,0,-391.133
"MtrElec",11,16,10,"",-58.408,0,0,0,0,0,0,0,0,0,0,0,0,0,0,0,0,0,0,0,0,458.776,0,0,-517.184
"MtrElec",11,16,11,"",0,0,0,0,0,0,0,0,0,0,0,0,0,0,0,0,0,0,0,0,0,458.813,0,132.092,-590.905
"MtrElec",11,16,12,"",0,0,0,0,0,0,0,0,0,0,0,0,0,0,0,0,0,0,0,0,0,457.547,0,146.157,-603.705
"MtrElec",11,16,13,"",0.0000156,0,0,0,0,0,0,0,0,0,0,0,0,0,0,0,0,0,0,0,0,444.387,0,147.274,-591.661
"MtrElec",11,16,14,"",0.0000078,0,0,0,0,0,0,0,0,0,0,0,0,0,0,0,0,0,0,0,0,429.469,0,99.8555,-529.325
"MtrElec",11,16,15,"",0,0,0,0,0,0,0,0,0,0,0,0,0,0,0,0,0,0,0,0,0,394.747,0,14.6794,-409.427
"MtrElec",11,16,16,"",203.641,0,0,0,0,0,0,0,0,0,0,0,0,0,0,0,0,0,0,0,0,440.814,0,0,-237.173
"MtrElec",11,16,17,"",380.424,0,0,0,0,0,0,0,0,0,0,0,0,0,0,0,0,0,0,0,0,426.214,0,0,-45.79
"MtrElec",11,16,18,"",453.569,0,0,0,0,0,0,0,0,0,0,0,0,0,0,0,0,0,0,0,0,453.569,0,0,0
"MtrElec",11,16,19,"",204.106,0,0,0,0,0,0,0,0,0,0,0,0,0,0,0,0,0,0,0,0,427.323,0,-223.217,0
"MtrElec",11,16,20,"",200.475,0,0,0,0,0,0,0,0,0,0,0,0,0,0,0,0,0,0,0,0,423.692,0,-223.217,0
"MtrElec",11,16,21,"",381.629,0,0,0,0,0,0,0,0,0,0,0,0,0,0,0,0,0,0,0,0,422.597,0,-40.9684,0
"MtrElec",11,16,22,"",312.695,0,0,0,0,0,0,0,0,0,0,0,0,0,0,0,0,0,0,0,0,312.695,0,0,0
"MtrElec",11,16,23,"",258.677,0,0,0,0,0,0,0,0,0,0,0,0,0,0,0,0,0,0,0,0,258.677,0,0,0
"MtrElec",11,16,24,"",213.024,0,0,0,0,0,0,0,0,0,0,0,0,0,0,0,0,0,0,0,0,213.024,0,0,0
"MtrElec",11,17,1,"",168.465,0,0,0,0,0,0,0,0,0,0,0,0,0,0,0,0,0,0,0,0,168.465,0,0,0
"MtrElec",11,17,2,"",157.461,0,0,0,0,0,0,0,0,0,0,0,0,0,0,0,0,0,0,0,0,157.461,0,0,0
"MtrElec",11,17,3,"",151.536,0,0,0,0,0,0,0,0,0,0,0,0,0,0,0,0,0,0,0,0,151.536,0,0,0
"MtrElec",11,17,4,"",150.298,0,0,0,0,0,0,0,0,0,0,0,0,0,0,0,0,0,0,0,0,150.298,0,0,0
"MtrElec",11,17,5,"",186.853,0,0,0,0,0,0,0,0,0,0,0,0,0,0,0,0,0,0,0,0,186.853,0,0,0
"MtrElec",11,17,6,"",157.901,0,0,0,0,0,0,0,0,0,0,0,0,0,0,0,0,0,0,0,0,157.901,0,0,0
"MtrElec",11,17,7,"",211.107,0,0,0,0,0,0,0,0,0,0,0,0,0,0,0,0,0,0,0,0,227.022,0,0,-15.9151
"MtrElec",11,17,8,"",79.8534,0,0,0,0,0,0,0,0,0,0,0,0,0,0,0,0,0,0,0,0,275.761,0,0,-195.908
"MtrElec",11,17,9,"",-40.5415,0,0,0,0,0,0,0,0,0,0,0,0,0,0,0,0,0,0,0,0,338.056,0,0,-378.597
"MtrElec",11,17,10,"",-54.5119,0,0,0,0,0,0,0,0,0,0,0,0,0,0,0,0,0,0,0,0,444.742,0,0,-499.254
"MtrElec",11,17,11,"",0,0,0,0,0,0,0,0,0,0,0,0,0,0,0,0,0,0,0,0,0,431.342,0,128.49,-559.833
"MtrElec",11,17,12,"",0,0,0,0,0,0,0,0,0,0,0,0,0,0,0,0,0,0,0,0,0,416.738,0,128.841,-545.579
"MtrElec",11,17,13,"",0,0,0,0,0,0,0,0,0,0,0,0,0,0,0,0,0,0,0,0,0,506.669,0,67.0488,-573.718
"MtrElec",11,17,14,"",0,0,0,0,0,0,0,0,0,0,0,0,0,0,0,0,0,0,0,0,0,429.356,0,84.7448,-514.101
"MtrElec",11,17,15,"",47.3254,0,0,0,0,0,0,0,0,0,0,0,0,0,0,0,0,0,0,0,0,449.505,0,0,-402.18
"MtrElec",11,17,16,"",175.521,0,0,0,0,0,0,0,0,0,0,0,0,0,0,0,0,0,0,0,0,407.471,0,0,-231.95
"MtrElec",11,17,17,"",398.104,0,0,0,0,0,0,0,0,0,0,0,0,0,0,0,0,0,0,0,0,442.005,0,0,-43.9011
"MtrElec",11,17,18,"",446.318,0,0,0,0,0,0,0,0,0,0,0,0,0,0,0,0,0,0,0,0,446.318,0,0,0
"MtrElec",11,17,19,"",223.808,0,0,0,0,0,0,0,0,0,0,0,0,0,0,0,0,0,0,0,0,447.024,0,-223.217,0
"MtrElec",11,17,20,"",261.661,0,0,0,0,0,0,0,0,0,0,0,0,0,0,0,0,0,0,0,0,407.679,0,-146.018,0
"MtrElec",11,17,21,"",433.857,0,0,0,0,0,0,0,0,0,0,0,0,0,0,0,0,0,0,0,0,433.857,0,0,0
"MtrElec",11,17,22,"",306.695,0,0,0,0,0,0,0,0,0,0,0,0,0,0,0,0,0,0,0,0,306.695,0,0,0
"MtrElec",11,17,23,"",254.999,0,0,0,0,0,0,0,0,0,0,0,0,0,0,0,0,0,0,0,0,254.999,0,0,0
"MtrElec",11,17,24,"",187.739,0,0,0,0,0,0,0,0,0,0,0,0,0,0,0,0,0,0,0,0,187.739,0,0,0
"MtrElec",11,18,1,"",171.044,0,0,0,0,0,0,0,0,0,0,0,0,0,0,0,0,0,0,0,0,171.044,0,0,0
"MtrElec",11,18,2,"",154.858,0,0,0,0,0,0,0,0,0,0,0,0,0,0,0,0,0,0,0,0,154.858,0,0,0
"MtrElec",11,18,3,"",152.056,0,0,0,0,0,0,0,0,0,0,0,0,0,0,0,0,0,0,0,0,152.056,0,0,0
"MtrElec",11,18,4,"",154.524,0,0,0,0,0,0,0,0,0,0,0,0,0,0,0,0,0,0,0,0,154.524,0,0,0
"MtrElec",11,18,5,"",184.955,0,0,0,0,0,0,0,0,0,0,0,0,0,0,0,0,0,0,0,0,184.955,0,0,0
"MtrElec",11,18,6,"",155.989,0,0,0,0,0,0,0,0,0,0,0,0,0,0,0,0,0,0,0,0,155.989,0,0,0
"MtrElec",11,18,7,"",254.086,0,0,0,0,0,0,0,0,0,0,0,0,0,0,0,0,0,0,0,0,256.213,0,0,-2.1277
"MtrElec",11,18,8,"",219.739,0,0,0,0,0,0,0,0,0,0,0,0,0,0,0,0,0,0,0,0,319.751,0,0,-100.012
"MtrElec",11,18,9,"",98.3674,0,0,0,0,0,0,0,0,0,0,0,0,0,0,0,0,0,0,0,0,386.193,0,0,-287.825
"MtrElec",11,18,10,"",-49.7007,0,0,0,0,0,0,0,0,0,0,0,0,0,0,0,0,0,0,0,0,457.824,0,0,-507.525
"MtrElec",11,18,11,"",0,0,0,0,0,0,0,0,0,0,0,0,0,0,0,0,0,0,0,0,0,417.322,0,157.283,-574.605
"MtrElec",11,18,12,"",0.0000078,0,0,0,0,0,0,0,0,0,0,0,0,0,0,0,0,0,0,0,0,474.97,0,123.336,-598.306
"MtrElec",11,18,13,"",0,0,0,0,0,0,0,0,0,0,0,0,0,0,0,0,0,0,0,0,0,501.933,0,74.2065,-576.139
"MtrElec",11,18,14,"",0.0000039,0,0,0,0,0,0,0,0,0,0,0,0,0,0,0,0,0,0,0,0,455.183,0,61.8658,-517.049
"MtrElec",11,18,15,"",64.0712,0,0,0,0,0,0,0,0,0,0,0,0,0,0,0,0,0,0,0,0,468.101,0,0,-404.03
"MtrElec",11,18,16,"",215.392,0,0,0,0,0,0,0,0,0,0,0,0,0,0,0,0,0,0,0,0,447.468,0,0,-232.076
"MtrElec",11,18,17,"",384.429,0,0,0,0,0,0,0,0,0,0,0,0,0,0,0,0,0,0,0,0,428.309,0,0,-43.8795
"MtrElec",11,18,18,"",471.322,0,0,0,0,0,0,0,0,0,0,0,0,0,0,0,0,0,0,0,0,471.322,0,0,0
"MtrElec",11,18,19,"",224.111,0,0,0,0,0,0,0,0,0,0,0,0,0,0,0,0,0,0,0,0,447.328,0,-223.217,0
"MtrElec",11,18,20,"",275.311,0,0,0,0,0,0,0,0,0,0,0,0,0,0,0,0,0,0,0,0,428.159,0,-152.847,0
"MtrElec",11,18,21,"",419.751,0,0,0,0,0,0,0,0,0,0,0,0,0,0,0,0,0,0,0,0,419.751,0,0,0
"MtrElec",11,18,22,"",321.765,0,0,0,0,0,0,0,0,0,0,0,0,0,0,0,0,0,0,0,0,321.765,0,0,0
"MtrElec",11,18,23,"",242.527,0,0,0,0,0,0,0,0,0,0,0,0,0,0,0,0,0,0,0,0,242.527,0,0,0
"MtrElec",11,18,24,"",250.84,0,0,0,0,0,0,0,0,0,0,0,0,0,0,0,0,0,0,0,0,250.84,0,0,0
"MtrElec",11,19,1,"",172.068,0,0,0,0,0,0,0,0,0,0,0,0,0,0,0,0,0,0,0,0,172.068,0,0,0
"MtrElec",11,19,2,"",154.727,0,0,0,0,0,0,0,0,0,0,0,0,0,0,0,0,0,0,0,0,154.727,0,0,0
"MtrElec",11,19,3,"",149.312,0,0,0,0,0,0,0,0,0,0,0,0,0,0,0,0,0,0,0,0,149.312,0,0,0
"MtrElec",11,19,4,"",150.234,0,0,0,0,0,0,0,0,0,0,0,0,0,0,0,0,0,0,0,0,150.234,0,0,0
"MtrElec",11,19,5,"",149.19,0,0,0,0,0,0,0,0,0,0,0,0,0,0,0,0,0,0,0,0,149.19,0,0,0
"MtrElec",11,19,6,"",166.332,0,0,0,0,0,0,0,0,0,0,0,0,0,0,0,0,0,0,0,0,166.332,0,0,0
"MtrElec",11,19,7,"",244.959,0,0,0,0,0,0,0,0,0,0,0,0,0,0,0,0,0,0,0,0,261.158,0,0,-16.1994
"MtrElec",11,19,8,"",105.498,0,0,0,0,0,0,0,0,0,0,0,0,0,0,0,0,0,0,0,0,308.774,0,0,-203.276
"MtrElec",11,19,9,"",-58.424,0,0,0,0,0,0,0,0,0,0,0,0,0,0,0,0,0,0,0,0,341.35,0,0,-399.774
"MtrElec",11,19,10,"",-100.442,0,0,0,0,0,0,0,0,0,0,0,0,0,0,0,0,0,0,0,0,422.498,0,0,-522.94
"MtrElec",11,19,11,"",0,0,0,0,0,0,0,0,0,0,0,0,0,0,0,0,0,0,0,0,0,494.378,0,92.4563,-586.834
"MtrElec",11,19,12,"",0,0,0,0,0,0,0,0,0,0,0,0,0,0,0,0,0,0,0,0,0,449.7,0,159.627,-609.326
"MtrElec",11,19,13,"",0.0000078,0,0,0,0,0,0,0,0,0,0,0,0,0,0,0,0,0,0,0,0,522.631,0,76.3833,-599.014
"MtrElec",11,19,14,"",0,0,0,0,0,0,0,0,0,0,0,0,0,0,0,0,0,0,0,0,0,442.261,0,89.8745,-532.136
"MtrElec",11,19,15,"",16.4854,0,0,0,0,0,0,0,0,0,0,0,0,0,0,0,0,0,0,0,0,427.121,0,0,-410.636
"MtrElec",11,19,16,"",216.242,0,0,0,0,0,0,0,0,0,0,0,0,0,0,0,0,0,0,0,0,453.828,0,0,-237.586
"MtrElec",11,19,17,"",378.829,0,0,0,0,0,0,0,0,0,0,0,0,0,0,0,0,0,0,0,0,424.136,0,0,-45.3069
"MtrElec",11,19,18,"",453.9,0,0,0,0,0,0,0,0,0,0,0,0,0,0,0,0,0,0,0,0,453.9,0,0,0
"MtrElec",11,19,19,"",171.421,0,0,0,0,0,0,0,0,0,0,0,0,0,0,0,0,0,0,0,0,394.638,0,-223.217,0
"MtrElec",11,19,20,"",272.646,0,0,0,0,0,0,0,0,0,0,0,0,0,0,0,0,0,0,0,0,426.982,0,-154.336,0
"MtrElec",11,19,21,"",439.583,0,0,0,0,0,0,0,0,0,0,0,0,0,0,0,0,0,0,0,0,439.583,0,0,0
"MtrElec",11,19,22,"",279.55,0,0,0,0,0,0,0,0,0,0,0,0,0,0,0,0,0,0,0,0,279.55,0,0,0
"MtrElec",11,19,23,"",295.28,0,0,0,0,0,0,0,0,0,0,0,0,0,0,0,0,0,0,0,0,295.28,0,0,0
"MtrElec",11,19,24,"",206.988,0,0,0,0,0,0,0,0,0,0,0,0,0,0,0,0,0,0,0,0,206.988,0,0,0
"MtrElec",11,20,1,"",166.389,0,0,0,0,0,0,0,0,0,0,0,0,0,0,0,0,0,0,0,0,166.389,0,0,0
"MtrElec",11,20,2,"",156.012,0,0,0,0,0,0,0,0,0,0,0,0,0,0,0,0,0,0,0,0,156.012,0,0,0
"MtrElec",11,20,3,"",151.045,0,0,0,0,0,0,0,0,0,0,0,0,0,0,0,0,0,0,0,0,151.045,0,0,0
"MtrElec",11,20,4,"",151.836,0,0,0,0,0,0,0,0,0,0,0,0,0,0,0,0,0,0,0,0,151.836,0,0,0
"MtrElec",11,20,5,"",184.867,0,0,0,0,0,0,0,0,0,0,0,0,0,0,0,0,0,0,0,0,184.867,0,0,0
"MtrElec",11,20,6,"",155.284,0,0,0,0,0,0,0,0,0,0,0,0,0,0,0,0,0,0,0,0,155.284,0,0,0
"MtrElec",11,20,7,"",255.856,0,0,0,0,0,0,0,0,0,0,0,0,0,0,0,0,0,0,0,0,269.018,0,0,-13.1624
"MtrElec",11,20,8,"",129.998,0,0,0,0,0,0,0,0,0,0,0,0,0,0,0,0,0,0,0,0,317.498,0,0,-187.499
"MtrElec",11,20,9,"",-13.3385,0,0,0,0,0,0,0,0,0,0,0,0,0,0,0,0,0,0,0,0,356.869,0,0,-370.207
"MtrElec",11,20,10,"",-44.4723,0,0,0,0,0,0,0,0,0,0,0,0,0,0,0,0,0,0,0,0,444.796,0,0,-489.269
"MtrElec",11,20,11,"",0,0,0,0,0,0,0,0,0,0,0,0,0,0,0,0,0,0,0,0,0,459.294,0,95.0469,-554.341
"MtrElec",11,20,12,"",0,0,0,0,0,0,0,0,0,0,0,0,0,0,0,0,0,0,0,0,0,460.076,0,119.736,-579.811
"MtrElec",11,20,13,"",0,0,0,0,0,0,0,0,0,0,0,0,0,0,0,0,0,0,0,0,0,491.734,0,66.8706,-558.604
"MtrElec",11,20,14,"",0,0,0,0,0,0,0,0,0,0,0,0,0,0,0,0,0,0,0,0,0,479.853,0,13.2612,-493.114
"MtrElec",11,20,15,"",63.2101,0,0,0,0,0,0,0,0,0,0,0,0,0,0,0,0,0,0,0,0,446.226,0,0,-383.016
"MtrElec",11,20,16,"",263.971,0,0,0,0,0,0,0,0,0,0,0,0,0,0,0,0,0,0,0,0,484.002,0,0,-220.031
"MtrElec",11,20,17,"",413.132,0,0,0,0,0,0,0,0,0,0,0,0,0,0,0,0,0,0,0,0,444.694,0,0,-31.5623
"MtrElec",11,20,18,"",490.362,0,0,0,0,0,0,0,0,0,0,0,0,0,0,0,0,0,0,0,0,490.362,0,0,0
"MtrElec",11,20,19,"",222.108,0,0,0,0,0,0,0,0,0,0,0,0,0,0,0,0,0,0,0,0,445.325,0,-223.217,0
"MtrElec",11,20,20,"",356.427,0,0,0,0,0,0,0,0,0,0,0,0,0,0,0,0,0,0,0,0,399.371,0,-42.9433,0
"MtrElec",11,20,21,"",461.212,0,0,0,0,0,0,0,0,0,0,0,0,0,0,0,0,0,0,0,0,461.212,0,0,0
"MtrElec",11,20,22,"",299.274,0,0,0,0,0,0,0,0,0,0,0,0,0,0,0,0,0,0,0,0,299.274,0,0,0
"MtrElec",11,20,23,"",287.248,0,0,0,0,0,0,0,0,0,0,0,0,0,0,0,0,0,0,0,0,287.248,0,0,0
"MtrElec",11,20,24,"",204.857,0,0,0,0,0,0,0,0,0,0,0,0,0,0,0,0,0,0,0,0,204.857,0,0,0
"MtrElec",11,21,1,"",166.263,0,0,0,0,0,0,0,0,0,0,0,0,0,0,0,0,0,0,0,0,166.263,0,0,0
"MtrElec",11,21,2,"",173.426,0,0,0,0,0,0,0,0,0,0,0,0,0,0,0,0,0,0,0,0,173.426,0,0,0
"MtrElec",11,21,3,"",170.092,0,0,0,0,0,0,0,0,0,0,0,0,0,0,0,0,0,0,0,0,170.092,0,0,0
"MtrElec",11,21,4,"",152.597,0,0,0,0,0,0,0,0,0,0,0,0,0,0,0,0,0,0,0,0,152.597,0,0,0
"MtrElec",11,21,5,"",166.843,0,0,0,0,0,0,0,0,0,0,0,0,0,0,0,0,0,0,0,0,166.843,0,0,0
"MtrElec",11,21,6,"",158.613,0,0,0,0,0,0,0,0,0,0,0,0,0,0,0,0,0,0,0,0,158.613,0,0,0
"MtrElec",11,21,7,"",181.641,0,0,0,0,0,0,0,0,0,0,0,0,0,0,0,0,0,0,0,0,193.413,0,0,-11.772
"MtrElec",11,21,8,"",49.9598,0,0,0,0,0,0,0,0,0,0,0,0,0,0,0,0,0,0,0,0,229.97,0,0,-180.01
"MtrElec",11,21,9,"",-60.7586,0,0,0,0,0,0,0,0,0,0,0,0,0,0,0,0,0,0,0,0,304.958,0,0,-365.717
"MtrElec",11,21,10,"",-91.1303,0,0,0,0,0,0,0,0,0,0,0,0,0,0,0,0,0,0,0,0,400.998,0,0,-492.128
"MtrElec",11,21,11,"",0,0,0,0,0,0,0,0,0,0,0,0,0,0,0,0,0,0,0,0,0,504.772,0,56.9101,-561.682
"MtrElec",11,21,12,"",0.0000020,0,0,0,0,0,0,0,0,0,0,0,0,0,0,0,0,0,0,0,0,562.577,0,23.724,-586.301
"MtrElec",11,21,13,"",0,0,0,0,0,0,0,0,0,0,0,0,0,0,0,0,0,0,0,0,0,524.78,0,31.2749,-556.055
"MtrElec",11,21,14,"",19.0822,0,0,0,0,0,0,0,0,0,0,0,0,0,0,0,0,0,0,0,0,507.597,0,0,-488.515
"MtrElec",11,21,15,"",118.85,0,0,0,0,0,0,0,0,0,0,0,0,0,0,0,0,0,0,0,0,494.753,0,0,-375.903
"MtrElec",11,21,16,"",349.013,0,0,0,0,0,0,0,0,0,0,0,0,0,0,0,0,0,0,0,0,478.222,0,0,-129.208
"MtrElec",11,21,17,"",453.353,0,0,0,0,0,0,0,0,0,0,0,0,0,0,0,0,0,0,0,0,483.913,0,0,-30.5596
"MtrElec",11,21,18,"",482.139,0,0,0,0,0,0,0,0,0,0,0,0,0,0,0,0,0,0,0,0,482.139,0,0,0
"MtrElec",11,21,19,"",390.726,0,0,0,0,0,0,0,0,0,0,0,0,0,0,0,0,0,0,0,0,491.723,0,-100.998,0
"MtrElec",11,21,20,"",399.299,0,0,0,0,0,0,0,0,0,0,0,0,0,0,0,0,0,0,0,0,399.299,0,0,0
"MtrElec",11,21,21,"",322.116,0,0,0,0,0,0,0,0,0,0,0,0,0,0,0,0,0,0,0,0,322.116,0,0,0
"MtrElec",11,21,22,"",318.164,0,0,0,0,0,0,0,0,0,0,0,0,0,0,0,0,0,0,0,0,318.164,0,0,0
"MtrElec",11,21,23,"",225.818,0,0,0,0,0,0,0,0,0,0,0,0,0,0,0,0,0,0,0,0,225.818,0,0,0
"MtrElec",11,21,24,"",219.909,0,0,0,0,0,0,0,0,0,0,0,0,0,0,0,0,0,0,0,0,219.909,0,0,0
"MtrElec",11,22,1,"",163.286,0,0,0,0,0,0,0,0,0,0,0,0,0,0,0,0,0,0,0,0,163.286,0,0,0
"MtrElec",11,22,2,"",155.746,0,0,0,0,0,0,0,0,0,0,0,0,0,0,0,0,0,0,0,0,155.746,0,0,0
"MtrElec",11,22,3,"",156.26,0,0,0,0,0,0,0,0,0,0,0,0,0,0,0,0,0,0,0,0,156.26,0,0,0
"MtrElec",11,22,4,"",199.705,0,0,0,0,0,0,0,0,0,0,0,0,0,0,0,0,0,0,0,0,199.705,0,0,0
"MtrElec",11,22,5,"",184.691,0,0,0,0,0,0,0,0,0,0,0,0,0,0,0,0,0,0,0,0,184.691,0,0,0
"MtrElec",11,22,6,"",152.807,0,0,0,0,0,0,0,0,0,0,0,0,0,0,0,0,0,0,0,0,152.807,0,0,0
"MtrElec",11,22,7,"",155.636,0,0,0,0,0,0,0,0,0,0,0,0,0,0,0,0,0,0,0,0,166.437,0,0,-10.8006
"MtrElec",11,22,8,"",61.5947,0,0,0,0,0,0,0,0,0,0,0,0,0,0,0,0,0,0,0,0,233.246,0,0,-171.651
"MtrElec",11,22,9,"",-37.9054,0,0,0,0,0,0,0,0,0,0,0,0,0,0,0,0,0,0,0,0,291.044,0,0,-328.949
"MtrElec",11,22,10,"",-116.724,0,0,0,0,0,0,0,0,0,0,0,0,0,0,0,0,0,0,0,0,360.25,0,0,-476.975
"MtrElec",11,22,11,"",0.0000078,0,0,0,0,0,0,0,0,0,0,0,0,0,0,0,0,0,0,0,0,419.024,0,73.0442,-492.069
"MtrElec",11,22,12,"",0.0000156,0,0,0,0,0,0,0,0,0,0,0,0,0,0,0,0,0,0,0,0,395.586,0,132.896,-528.482
"MtrElec",11,22,13,"",0,0,0,0,0,0,0,0,0,0,0,0,0,0,0,0,0,0,0,0,0,456.889,0,102.716,-559.605
"MtrElec",11,22,14,"",0,0,0,0,0,0,0,0,0,0,0,0,0,0,0,0,0,0,0,0,0,433.56,0,70.651,-504.211
"MtrElec",11,22,15,"",25.7228,0,0,0,0,0,0,0,0,0,0,0,0,0,0,0,0,0,0,0,0,413.176,0,0,-387.453
"MtrElec",11,22,16,"",209.684,0,0,0,0,0,0,0,0,0,0,0,0,0,0,0,0,0,0,0,0,426.62,0,0,-216.936
"MtrElec",11,22,17,"",332.185,0,0,0,0,0,0,0,0,0,0,0,0,0,0,0,0,0,0,0,0,371.265,0,0,-39.0799
"MtrElec",11,22,18,"",377.645,0,0,0,0,0,0,0,0,0,0,0,0,0,0,0,0,0,0,0,0,377.645,0,0,0
"MtrElec",11,22,19,"",177.972,0,0,0,0,0,0,0,0,0,0,0,0,0,0,0,0,0,0,0,0,401.189,0,-223.217,0
"MtrElec",11,22,20,"",234.475,0,0,0,0,0,0,0,0,0,0,0,0,0,0,0,0,0,0,0,0,353.583,0,-119.108,0
"MtrElec",11,22,21,"",382.487,0,0,0,0,0,0,0,0,0,0,0,0,0,0,0,0,0,0,0,0,382.487,0,0,0
"MtrElec",11,22,22,"",308.842,0,0,0,0,0,0,0,0,0,0,0,0,0,0,0,0,0,0,0,0,308.842,0,0,0
"MtrElec",11,22,23,"",256.923,0,0,0,0,0,0,0,0,0,0,0,0,0,0,0,0,0,0,0,0,256.923,0,0,0
"MtrElec",11,22,24,"",211.104,0,0,0,0,0,0,0,0,0,0,0,0,0,0,0,0,0,0,0,0,211.104,0,0,0
"MtrElec",11,23,1,"",171.792,0,0,0,0,0,0,0,0,0,0,0,0,0,0,0,0,0,0,0,0,171.792,0,0,0
"MtrElec",11,23,2,"",158.801,0,0,0,0,0,0,0,0,0,0,0,0,0,0,0,0,0,0,0,0,158.801,0,0,0
"MtrElec",11,23,3,"",150.508,0,0,0,0,0,0,0,0,0,0,0,0,0,0,0,0,0,0,0,0,150.508,0,0,0
"MtrElec",11,23,4,"",152.097,0,0,0,0,0,0,0,0,0,0,0,0,0,0,0,0,0,0,0,0,152.097,0,0,0
"MtrElec",11,23,5,"",183.415,0,0,0,0,0,0,0,0,0,0,0,0,0,0,0,0,0,0,0,0,183.415,0,0,0
"MtrElec",11,23,6,"",155.714,0,0,0,0,0,0,0,0,0,0,0,0,0,0,0,0,0,0,0,0,155.714,0,0,0
"MtrElec",11,23,7,"",251.153,0,0,0,0,0,0,0,0,0,0,0,0,0,0,0,0,0,0,0,0,251.153,0,0,0
"MtrElec",11,23,8,"",270.99,0,0,0,0,0,0,0,0,0,0,0,0,0,0,0,0,0,0,0,0,318.14,0,0,-47.1504
"MtrElec",11,23,9,"",125.042,0,0,0,0,0,0,0,0,0,0,0,0,0,0,0,0,0,0,0,0,343.613,0,0,-218.571
"MtrElec",11,23,10,"",231.265,0,0,0,0,0,0,0,0,0,0,0,0,0,0,0,0,0,0,0,0,436.87,0,0,-205.605
"MtrElec",11,23,11,"",229.388,0,0,0,0,0,0,0,0,0,0,0,0,0,0,0,0,0,0,0,0,403.448,0,0,-174.06
"MtrElec",11,23,12,"",210.397,0,0,0,0,0,0,0,0,0,0,0,0,0,0,0,0,0,0,0,0,431.049,0,0,-220.652
"MtrElec",11,23,13,"",52.1558,0,0,0,0,0,0,0,0,0,0,0,0,0,0,0,0,0,0,0,0,426.381,0,0,-374.225
"MtrElec",11,23,14,"",62.0701,0,0,0,0,0,0,0,0,0,0,0,0,0,0,0,0,0,0,0,0,399.736,0,0,-337.665
"MtrElec",11,23,15,"",71.6219,0,0,0,0,0,0,0,0,0,0,0,0,0,0,0,0,0,0,0,0,371.712,0,0,-300.09
"MtrElec",11,23,16,"",309.535,0,0,0,0,0,0,0,0,0,0,0,0,0,0,0,0,0,0,0,0,382.866,0,0,-73.3307
"MtrElec",11,23,17,"",392.221,0,0,0,0,0,0,0,0,0,0,0,0,0,0,0,0,0,0,0,0,393.266,0,0,-1.04506
"MtrElec",11,23,18,"",422.481,0,0,0,0,0,0,0,0,0,0,0,0,0,0,0,0,0,0,0,0,422.481,0,0,0
"MtrElec",11,23,19,"",392.457,0,0,0,0,0,0,0,0,0,0,0,0,0,0,0,0,0,0,0,0,392.457,0,0,0
"MtrElec",11,23,20,"",428.616,0,0,0,0,0,0,0,0,0,0,0,0,0,0,0,0,0,0,0,0,428.616,0,0,0
"MtrElec",11,23,21,"",370.292,0,0,0,0,0,0,0,0,0,0,0,0,0,0,0,0,0,0,0,0,370.292,0,0,0
"MtrElec",11,23,22,"",305.552,0,0,0,0,0,0,0,0,0,0,0,0,0,0,0,0,0,0,0,0,305.552,0,0,0
"MtrElec",11,23,23,"",259.318,0,0,0,0,0,0,0,0,0,0,0,0,0,0,0,0,0,0,0,0,259.318,0,0,0
"MtrElec",11,23,24,"",207.051,0,0,0,0,0,0,0,0,0,0,0,0,0,0,0,0,0,0,0,0,207.051,0,0,0
"MtrElec",11,24,1,"",165.352,0,0,0,0,0,0,0,0,0,0,0,0,0,0,0,0,0,0,0,0,165.352,0,0,0
"MtrElec",11,24,2,"",159.169,0,0,0,0,0,0,0,0,0,0,0,0,0,0,0,0,0,0,0,0,159.169,0,0,0
"MtrElec",11,24,3,"",152.904,0,0,0,0,0,0,0,0,0,0,0,0,0,0,0,0,0,0,0,0,152.904,0,0,0
"MtrElec",11,24,4,"",150.343,0,0,0,0,0,0,0,0,0,0,0,0,0,0,0,0,0,0,0,0,150.343,0,0,0
"MtrElec",11,24,5,"",149.787,0,0,0,0,0,0,0,0,0,0,0,0,0,0,0,0,0,0,0,0,149.787,0,0,0
"MtrElec",11,24,6,"",193.174,0,0,0,0,0,0,0,0,0,0,0,0,0,0,0,0,0,0,0,0,193.174,0,0,0
"MtrElec",11,24,7,"",230.036,0,0,0,0,0,0,0,0,0,0,0,0,0,0,0,0,0,0,0,0,238.317,0,0,-8.28126
"MtrElec",11,24,8,"",127.247,0,0,0,0,0,0,0,0,0,0,0,0,0,0,0,0,0,0,0,0,283.976,0,0,-156.728
"MtrElec",11,24,9,"",6.55575,0,0,0,0,0,0,0,0,0,0,0,0,0,0,0,0,0,0,0,0,347.305,0,0,-340.749
"MtrElec",11,24,10,"",-80.7856,0,0,0,0,0,0,0,0,0,0,0,0,0,0,0,0,0,0,0,0,390.141,0,0,-470.926
"MtrElec",11,24,11,"",0.0000156,0,0,0,0,0,0,0,0,0,0,0,0,0,0,0,0,0,0,0,0,409.603,0,143.649,-553.252
"MtrElec",11,24,12,"",0,0,0,0,0,0,0,0,0,0,0,0,0,0,0,0,0,0,0,0,0,431.622,0,155.328,-586.95
"MtrElec",11,24,13,"",0.0000156,0,0,0,0,0,0,0,0,0,0,0,0,0,0,0,0,0,0,0,0,399.371,0,175.449,-574.819
"MtrElec",11,24,14,"",0,0,0,0,0,0,0,0,0,0,0,0,0,0,0,0,0,0,0,0,0,425.91,0,76.1508,-502.061
"MtrElec",11,24,15,"",10.8236,0,0,0,0,0,0,0,0,0,0,0,0,0,0,0,0,0,0,0,0,394.89,0,0,-384.067
"MtrElec",11,24,16,"",195.631,0,0,0,0,0,0,0,0,0,0,0,0,0,0,0,0,0,0,0,0,411.449,0,0,-215.819
"MtrElec",11,24,17,"",386.216,0,0,0,0,0,0,0,0,0,0,0,0,0,0,0,0,0,0,0,0,424.368,0,0,-38.1522
"MtrElec",11,24,18,"",419.591,0,0,0,0,0,0,0,0,0,0,0,0,0,0,0,0,0,0,0,0,419.591,0,0,0
"MtrElec",11,24,19,"",203.997,0,0,0,0,0,0,0,0,0,0,0,0,0,0,0,0,0,0,0,0,427.214,0,-223.217,0
"MtrElec",11,24,20,"",154.555,0,0,0,0,0,0,0,0,0,0,0,0,0,0,0,0,0,0,0,0,377.772,0,-223.217,0
"MtrElec",11,24,21,"",341.416,0,0,0,0,0,0,0,0,0,0,0,0,0,0,0,0,0,0,0,0,391.877,0,-50.4616,0
"MtrElec",11,24,22,"",288.939,0,0,0,0,0,0,0,0,0,0,0,0,0,0,0,0,0,0,0,0,288.939,0,0,0
"MtrElec",11,24,23,"",259.518,0,0,0,0,0,0,0,0,0,0,0,0,0,0,0,0,0,0,0,0,259.518,0,0,0
"MtrElec",11,24,24,"",200.911,0,0,0,0,0,0,0,0,0,0,0,0,0,0,0,0,0,0,0,0,200.911,0,0,0
"MtrElec",11,25,1,"",163.711,0,0,0,0,0,0,0,0,0,0,0,0,0,0,0,0,0,0,0,0,163.711,0,0,0
"MtrElec",11,25,2,"",155.964,0,0,0,0,0,0,0,0,0,0,0,0,0,0,0,0,0,0,0,0,155.964,0,0,0
"MtrElec",11,25,3,"",185.815,0,0,0,0,0,0,0,0,0,0,0,0,0,0,0,0,0,0,0,0,185.815,0,0,0
"MtrElec",11,25,4,"",151.539,0,0,0,0,0,0,0,0,0,0,0,0,0,0,0,0,0,0,0,0,151.539,0,0,0
"MtrElec",11,25,5,"",147.186,0,0,0,0,0,0,0,0,0,0,0,0,0,0,0,0,0,0,0,0,147.186,0,0,0
"MtrElec",11,25,6,"",160.988,0,0,0,0,0,0,0,0,0,0,0,0,0,0,0,0,0,0,0,0,160.988,0,0,0
"MtrElec",11,25,7,"",239.126,0,0,0,0,0,0,0,0,0,0,0,0,0,0,0,0,0,0,0,0,239.126,0,0,0
"MtrElec",11,25,8,"",282.067,0,0,0,0,0,0,0,0,0,0,0,0,0,0,0,0,0,0,0,0,293.836,0,0,-11.7689
"MtrElec",11,25,9,"",316.873,0,0,0,0,0,0,0,0,0,0,0,0,0,0,0,0,0,0,0,0,385.8,0,0,-68.9273
"MtrElec",11,25,10,"",87.6532,0,0,0,0,0,0,0,0,0,0,0,0,0,0,0,0,0,0,0,0,418.301,0,0,-330.648
"MtrElec",11,25,11,"",0.0000039,0,0,0,0,0,0,0,0,0,0,0,0,0,0,0,0,0,0,0,0,481.518,0,59.7453,-541.263
"MtrElec",11,25,12,"",0,0,0,0,0,0,0,0,0,0,0,0,0,0,0,0,0,0,0,0,0,393.706,0,175.244,-568.951
"MtrElec",11,25,13,"",0.0000078,0,0,0,0,0,0,0,0,0,0,0,0,0,0,0,0,0,0,0,0,462.369,0,100.791,-563.16
"MtrElec",11,25,14,"",0,0,0,0,0,0,0,0,0,0,0,0,0,0,0,0,0,0,0,0,0,356.562,0,76.9732,-433.535
"MtrElec",11,25,15,"",23.7722,0,0,0,0,0,0,0,0,0,0,0,0,0,0,0,0,0,0,0,0,384.2,0,0,-360.428
"MtrElec",11,25,16,"",180.701,0,0,0,0,0,0,0,0,0,0,0,0,0,0,0,0,0,0,0,0,390.922,0,0,-210.221
"MtrElec",11,25,17,"",380.162,0,0,0,0,0,0,0,0,0,0,0,0,0,0,0,0,0,0,0,0,417.837,0,0,-37.6753
"MtrElec",11,25,18,"",433.615,0,0,0,0,0,0,0,0,0,0,0,0,0,0,0,0,0,0,0,0,433.615,0,0,0
"MtrElec",11,25,19,"",155.821,0,0,0,0,0,0,0,0,0,0,0,0,0,0,0,0,0,0,0,0,379.038,0,-223.217,0
"MtrElec",11,25,20,"",274.02,0,0,0,0,0,0,0,0,0,0,0,0,0,0,0,0,0,0,0,0,423.313,0,-149.294,0
"MtrElec",11,25,21,"",436.232,0,0,0,0,0,0,0,0,0,0,0,0,0,0,0,0,0,0,0,0,436.232,0,0,0
"MtrElec",11,25,22,"",312.472,0,0,0,0,0,0,0,0,0,0,0,0,0,0,0,0,0,0,0,0,312.472,0,0,0
"MtrElec",11,25,23,"",248.93,0,0,0,0,0,0,0,0,0,0,0,0,0,0,0,0,0,0,0,0,248.93,0,0,0
"MtrElec",11,25,24,"",234.781,0,0,0,0,0,0,0,0,0,0,0,0,0,0,0,0,0,0,0,0,234.781,0,0,0
"MtrElec",11,26,1,"",183.171,0,0,0,0,0,0,0,0,0,0,0,0,0,0,0,0,0,0,0,0,183.171,0,0,0
"MtrElec",11,26,2,"",161.493,0,0,0,0,0,0,0,0,0,0,0,0,0,0,0,0,0,0,0,0,161.493,0,0,0
"MtrElec",11,26,3,"",151.028,0,0,0,0,0,0,0,0,0,0,0,0,0,0,0,0,0,0,0,0,151.028,0,0,0
"MtrElec",11,26,4,"",152.488,0,0,0,0,0,0,0,0,0,0,0,0,0,0,0,0,0,0,0,0,152.488,0,0,0
"MtrElec",11,26,5,"",147.213,0,0,0,0,0,0,0,0,0,0,0,0,0,0,0,0,0,0,0,0,147.213,0,0,0
"MtrElec",11,26,6,"",200.958,0,0,0,0,0,0,0,0,0,0,0,0,0,0,0,0,0,0,0,0,200.958,0,0,0
"MtrElec",11,26,7,"",220.671,0,0,0,0,0,0,0,0,0,0,0,0,0,0,0,0,0,0,0,0,220.701,0,0,-0.0295566
"MtrElec",11,26,8,"",149.006,0,0,0,0,0,0,0,0,0,0,0,0,0,0,0,0,0,0,0,0,261.808,0,0,-112.802
"MtrElec",11,26,9,"",-46.6121,0,0,0,0,0,0,0,0,0,0,0,0,0,0,0,0,0,0,0,0,323.943,0,0,-370.555
"MtrElec",11,26,10,"",-58.9173,0,0,0,0,0,0,0,0,0,0,0,0,0,0,0,0,0,0,0,0,450.747,0,0,-509.664
"MtrElec",11,26,11,"",0,0,0,0,0,0,0,0,0,0,0,0,0,0,0,0,0,0,0,0,0,458.885,0,134.033,-592.918
"MtrElec",11,26,12,"",0,0,0,0,0,0,0,0,0,0,0,0,0,0,0,0,0,0,0,0,0,449.7,0,180.713,-630.412
"MtrElec",11,26,13,"",0,0,0,0,0,0,0,0,0,0,0,0,0,0,0,0,0,0,0,0,0,422.495,0,192.728,-615.223
"MtrElec",11,26,14,"",0,0,0,0,0,0,0,0,0,0,0,0,0,0,0,0,0,0,0,0,0,344.49,0,193.411,-537.901
"MtrElec",11,26,15,"",0,0,0,0,0,0,0,0,0,0,0,0,0,0,0,0,0,0,0,0,0,352.29,0,63.484,-415.774
"MtrElec",11,26,16,"",86.7632,0,0,0,0,0,0,0,0,0,0,0,0,0,0,0,0,0,0,0,0,329.426,0,0,-242.663
"MtrElec",11,26,17,"",329.801,0,0,0,0,0,0,0,0,0,0,0,0,0,0,0,0,0,0,0,0,375.745,0,0,-45.9435
"MtrElec",11,26,18,"",423.262,0,0,0,0,0,0,0,0,0,0,0,0,0,0,0,0,0,0,0,0,423.262,0,0,0
"MtrElec",11,26,19,"",219.106,0,0,0,0,0,0,0,0,0,0,0,0,0,0,0,0,0,0,0,0,442.323,0,-223.217,0
"MtrElec",11,26,20,"",33.7658,0,0,0,0,0,0,0,0,0,0,0,0,0,0,0,0,0,0,0,0,256.983,0,-223.217,0
"MtrElec",11,26,21,"",89.8269,0,0,0,0,0,0,0,0,0,0,0,0,0,0,0,0,0,0,0,0,313.044,0,-223.217,0
"MtrElec",11,26,22,"",264.976,0,0,0,0,0,0,0,0,0,0,0,0,0,0,0,0,0,0,0,0,285.168,0,-20.1922,0
"MtrElec",11,26,23,"",233.721,0,0,0,0,0,0,0,0,0,0,0,0,0,0,0,0,0,0,0,0,233.721,0,0,0
"MtrElec",11,26,24,"",237.972,0,0,0,0,0,0,0,0,0,0,0,0,0,0,0,0,0,0,0,0,237.972,0,0,0
"MtrElec",11,27,1,"",156.675,0,0,0,0,0,0,0,0,0,0,0,0,0,0,0,0,0,0,0,0,156.675,0,0,0
"MtrElec",11,27,2,"",155.093,0,0,0,0,0,0,0,0,0,0,0,0,0,0,0,0,0,0,0,0,155.093,0,0,0
"MtrElec",11,27,3,"",152.234,0,0,0,0,0,0,0,0,0,0,0,0,0,0,0,0,0,0,0,0,152.234,0,0,0
"MtrElec",11,27,4,"",152.914,0,0,0,0,0,0,0,0,0,0,0,0,0,0,0,0,0,0,0,0,152.914,0,0,0
"MtrElec",11,27,5,"",147.984,0,0,0,0,0,0,0,0,0,0,0,0,0,0,0,0,0,0,0,0,147.984,0,0,0
"MtrElec",11,27,6,"",230.749,0,0,0,0,0,0,0,0,0,0,0,0,0,0,0,0,0,0,0,0,230.749,0,0,0
"MtrElec",11,27,7,"",197.752,0,0,0,0,0,0,0,0,0,0,0,0,0,0,0,0,0,0,0,0,210.513,0,0,-12.7608
"MtrElec",11,27,8,"",130.346,0,0,0,0,0,0,0,0,0,0,0,0,0,0,0,0,0,0,0,0,307.98,0,0,-177.635
"MtrElec",11,27,9,"",17.9121,0,0,0,0,0,0,0,0,0,0,0,0,0,0,0,0,0,0,0,0,386.63,0,0,-368.717
"MtrElec",11,27,10,"",-64.1827,0,0,0,0,0,0,0,0,0,0,0,0,0,0,0,0,0,0,0,0,429.684,0,0,-493.867
"MtrElec",11,27,11,"",0,0,0,0,0,0,0,0,0,0,0,0,0,0,0,0,0,0,0,0,0,559.758,0,10.229,-569.987
"MtrElec",11,27,12,"",0,0,0,0,0,0,0,0,0,0,0,0,0,0,0,0,0,0,0,0,0,459.445,0,137.542,-596.987
"MtrElec",11,27,13,"",0,0,0,0,0,0,0,0,0,0,0,0,0,0,0,0,0,0,0,0,0,517.826,0,68.0269,-585.853
"MtrElec",11,27,14,"",0,0,0,0,0,0,0,0,0,0,0,0,0,0,0,0,0,0,0,0,0,475.741,0,45.6325,-521.374
"MtrElec",11,27,15,"",65.3744,0,0,0,0,0,0,0,0,0,0,0,0,0,0,0,0,0,0,0,0,467.699,0,0,-402.324
"MtrElec",11,27,16,"",133.26,0,0,0,0,0,0,0,0,0,0,0,0,0,0,0,0,0,0,0,0,362.356,0,0,-229.096
"MtrElec",11,27,17,"",408.599,0,0,0,0,0,0,0,0,0,0,0,0,0,0,0,0,0,0,0,0,451.522,0,0,-42.9223
"MtrElec",11,27,18,"",512.486,0,0,0,0,0,0,0,0,0,0,0,0,0,0,0,0,0,0,0,0,512.486,0,0,0
"MtrElec",11,27,19,"",251.849,0,0,0,0,0,0,0,0,0,0,0,0,0,0,0,0,0,0,0,0,475.065,0,-223.217,0
"MtrElec",11,27,20,"",387.418,0,0,0,0,0,0,0,0,0,0,0,0,0,0,0,0,0,0,0,0,400.142,0,-12.7241,0
"MtrElec",11,27,21,"",395.3,0,0,0,0,0,0,0,0,0,0,0,0,0,0,0,0,0,0,0,0,395.3,0,0,0
"MtrElec",11,27,22,"",316.982,0,0,0,0,0,0,0,0,0,0,0,0,0,0,0,0,0,0,0,0,316.982,0,0,0
"MtrElec",11,27,23,"",269.844,0,0,0,0,0,0,0,0,0,0,0,0,0,0,0,0,0,0,0,0,269.844,0,0,0
"MtrElec",11,27,24,"",208.979,0,0,0,0,0,0,0,0,0,0,0,0,0,0,0,0,0,0,0,0,208.979,0,0,0
"MtrElec",11,28,1,"",161.288,0,0,0,0,0,0,0,0,0,0,0,0,0,0,0,0,0,0,0,0,161.288,0,0,0
"MtrElec",11,28,2,"",152.692,0,0,0,0,0,0,0,0,0,0,0,0,0,0,0,0,0,0,0,0,152.692,0,0,0
"MtrElec",11,28,3,"",191.363,0,0,0,0,0,0,0,0,0,0,0,0,0,0,0,0,0,0,0,0,191.363,0,0,0
"MtrElec",11,28,4,"",158.724,0,0,0,0,0,0,0,0,0,0,0,0,0,0,0,0,0,0,0,0,158.724,0,0,0
"MtrElec",11,28,5,"",165.468,0,0,0,0,0,0,0,0,0,0,0,0,0,0,0,0,0,0,0,0,165.468,0,0,0
"MtrElec",11,28,6,"",158.554,0,0,0,0,0,0,0,0,0,0,0,0,0,0,0,0,0,0,0,0,158.554,0,0,0
"MtrElec",11,28,7,"",195.965,0,0,0,0,0,0,0,0,0,0,0,0,0,0,0,0,0,0,0,0,205.5,0,0,-9.5354
"MtrElec",11,28,8,"",99.7659,0,0,0,0,0,0,0,0,0,0,0,0,0,0,0,0,0,0,0,0,264.393,0,0,-164.627
"MtrElec",11,28,9,"",-51.6724,0,0,0,0,0,0,0,0,0,0,0,0,0,0,0,0,0,0,0,0,301.868,0,0,-353.54
"MtrElec",11,28,10,"",-93.8274,0,0,0,0,0,0,0,0,0,0,0,0,0,0,0,0,0,0,0,0,398.702,0,0,-492.529
"MtrElec",11,28,11,"",0.0000078,0,0,0,0,0,0,0,0,0,0,0,0,0,0,0,0,0,0,0,0,463.901,0,109.202,-573.103
"MtrElec",11,28,12,"",0,0,0,0,0,0,0,0,0,0,0,0,0,0,0,0,0,0,0,0,0,475.431,0,121.966,-597.397
"MtrElec",11,28,13,"",0,0,0,0,0,0,0,0,0,0,0,0,0,0,0,0,0,0,0,0,0,490.079,0,72.3875,-562.466
"MtrElec",11,28,14,"",0,0,0,0,0,0,0,0,0,0,0,0,0,0,0,0,0,0,0,0,0,434.516,0,69.2546,-503.77
"MtrElec",11,28,15,"",72.1243,0,0,0,0,0,0,0,0,0,0,0,0,0,0,0,0,0,0,0,0,467.067,0,0,-394.943
"MtrElec",11,28,16,"",186.305,0,0,0,0,0,0,0,0,0,0,0,0,0,0,0,0,0,0,0,0,409.211,0,0,-222.906
"MtrElec",11,28,17,"",314.136,0,0,0,0,0,0,0,0,0,0,0,0,0,0,0,0,0,0,0,0,354.723,0,0,-40.5863
"MtrElec",11,28,18,"",416.087,0,0,0,0,0,0,0,0,0,0,0,0,0,0,0,0,0,0,0,0,416.087,0,0,0
"MtrElec",11,28,19,"",223.337,0,0,0,0,0,0,0,0,0,0,0,0,0,0,0,0,0,0,0,0,446.554,0,-223.217,0
"MtrElec",11,28,20,"",270.771,0,0,0,0,0,0,0,0,0,0,0,0,0,0,0,0,0,0,0,0,384.016,0,-113.244,0
"MtrElec",11,28,21,"",347.973,0,0,0,0,0,0,0,0,0,0,0,0,0,0,0,0,0,0,0,0,347.973,0,0,0
"MtrElec",11,28,22,"",288.782,0,0,0,0,0,0,0,0,0,0,0,0,0,0,0,0,0,0,0,0,288.782,0,0,0
"MtrElec",11,28,23,"",256.909,0,0,0,0,0,0,0,0,0,0,0,0,0,0,0,0,0,0,0,0,256.909,0,0,0
"MtrElec",11,28,24,"",260.576,0,0,0,0,0,0,0,0,0,0,0,0,0,0,0,0,0,0,0,0,260.576,0,0,0
"MtrElec",11,29,1,"",192.249,0,0,0,0,0,0,0,0,0,0,0,0,0,0,0,0,0,0,0,0,192.249,0,0,0
"MtrElec",11,29,2,"",158.86,0,0,0,0,0,0,0,0,0,0,0,0,0,0,0,0,0,0,0,0,158.86,0,0,0
"MtrElec",11,29,3,"",158.067,0,0,0,0,0,0,0,0,0,0,0,0,0,0,0,0,0,0,0,0,158.067,0,0,0
"MtrElec",11,29,4,"",160.627,0,0,0,0,0,0,0,0,0,0,0,0,0,0,0,0,0,0,0,0,160.627,0,0,0
"MtrElec",11,29,5,"",170.925,0,0,0,0,0,0,0,0,0,0,0,0,0,0,0,0,0,0,0,0,170.925,0,0,0
"MtrElec",11,29,6,"",206.042,0,0,0,0,0,0,0,0,0,0,0,0,0,0,0,0,0,0,0,0,206.042,0,0,0
"MtrElec",11,29,7,"",166.788,0,0,0,0,0,0,0,0,0,0,0,0,0,0,0,0,0,0,0,0,174.121,0,0,-7.33315
"MtrElec",11,29,8,"",38.7028,0,0,0,0,0,0,0,0,0,0,0,0,0,0,0,0,0,0,0,0,191.425,0,0,-152.722
"MtrElec",11,29,9,"",-47.2684,0,0,0,0,0,0,0,0,0,0,0,0,0,0,0,0,0,0,0,0,286.379,0,0,-333.647
"MtrElec",11,29,10,"",-153.843,0,0,0,0,0,0,0,0,0,0,0,0,0,0,0,0,0,0,0,0,308.723,0,0,-462.565
"MtrElec",11,29,11,"",0,0,0,0,0,0,0,0,0,0,0,0,0,0,0,0,0,0,0,0,0,377.625,0,169.475,-547.1
"MtrElec",11,29,12,"",-17.7906,0,0,0,0,0,0,0,0,0,0,0,0,0,0,0,0,0,0,0,0,342.784,0,223.217,-583.791
"MtrElec",11,29,13,"",0,0,0,0,0,0,0,0,0,0,0,0,0,0,0,0,0,0,0,0,0,375.752,0,193.044,-568.795
"MtrElec",11,29,14,"",0,0,0,0,0,0,0,0,0,0,0,0,0,0,0,0,0,0,0,0,0,346.435,0,153.186,-499.621
"MtrElec",11,29,15,"",-14.9856,0,0,0,0,0,0,0,0,0,0,0,0,0,0,0,0,0,0,0,0,306.243,0,59.9593,-381.188
"MtrElec",11,29,16,"",111.041,0,0,0,0,0,0,0,0,0,0,0,0,0,0,0,0,0,0,0,0,323.332,0,0,-212.29
"MtrElec",11,29,17,"",253.161,0,0,0,0,0,0,0,0,0,0,0,0,0,0,0,0,0,0,0,0,289.821,0,0,-36.6605
"MtrElec",11,29,18,"",341.419,0,0,0,0,0,0,0,0,0,0,0,0,0,0,0,0,0,0,0,0,341.419,0,0,0
"MtrElec",11,29,19,"",151.477,0,0,0,0,0,0,0,0,0,0,0,0,0,0,0,0,0,0,0,0,374.694,0,-223.217,0
"MtrElec",11,29,20,"",150.488,0,0,0,0,0,0,0,0,0,0,0,0,0,0,0,0,0,0,0,0,373.704,0,-223.217,0
"MtrElec",11,29,21,"",88.218,0,0,0,0,0,0,0,0,0,0,0,0,0,0,0,0,0,0,0,0,311.435,0,-223.217,0
"MtrElec",11,29,22,"",301.209,0,0,0,0,0,0,0,0,0,0,0,0,0,0,0,0,0,0,0,0,352.549,0,-51.3398,0
"MtrElec",11,29,23,"",238.527,0,0,0,0,0,0,0,0,0,0,0,0,0,0,0,0,0,0,0,0,238.527,0,0,0
"MtrElec",11,29,24,"",219.395,0,0,0,0,0,0,0,0,0,0,0,0,0,0,0,0,0,0,0,0,219.395,0,0,0
"MtrElec",11,30,1,"",168.916,0,0,0,0,0,0,0,0,0,0,0,0,0,0,0,0,0,0,0,0,168.916,0,0,0
"MtrElec",11,30,2,"",157.193,0,0,0,0,0,0,0,0,0,0,0,0,0,0,0,0,0,0,0,0,157.193,0,0,0
"MtrElec",11,30,3,"",152.389,0,0,0,0,0,0,0,0,0,0,0,0,0,0,0,0,0,0,0,0,152.389,0,0,0
"MtrElec",11,30,4,"",151.764,0,0,0,0,0,0,0,0,0,0,0,0,0,0,0,0,0,0,0,0,151.764,0,0,0
"MtrElec",11,30,5,"",147.554,0,0,0,0,0,0,0,0,0,0,0,0,0,0,0,0,0,0,0,0,147.554,0,0,0
"MtrElec",11,30,6,"",226.484,0,0,0,0,0,0,0,0,0,0,0,0,0,0,0,0,0,0,0,0,226.484,0,0,0
"MtrElec",11,30,7,"",204.175,0,0,0,0,0,0,0,0,0,0,0,0,0,0,0,0,0,0,0,0,210.521,0,0,-6.34614
"MtrElec",11,30,8,"",156.729,0,0,0,0,0,0,0,0,0,0,0,0,0,0,0,0,0,0,0,0,303.186,0,0,-146.457
"MtrElec",11,30,9,"",24.5535,0,0,0,0,0,0,0,0,0,0,0,0,0,0,0,0,0,0,0,0,362.468,0,0,-337.915
"MtrElec",11,30,10,"",-28.5177,0,0,0,0,0,0,0,0,0,0,0,0,0,0,0,0,0,0,0,0,448.812,0,0,-477.33
"MtrElec",11,30,11,"",0,0,0,0,0,0,0,0,0,0,0,0,0,0,0,0,0,0,0,0,0,466.883,0,78.3055,-545.189
"MtrElec",11,30,12,"",0.0000156,0,0,0,0,0,0,0,0,0,0,0,0,0,0,0,0,0,0,0,0,392.028,0,182.176,-574.204
"MtrElec",11,30,13,"",0,0,0,0,0,0,0,0,0,0,0,0,0,0,0,0,0,0,0,0,0,467.6,0,87.5861,-555.186
"MtrElec",11,30,14,"",0,0,0,0,0,0,0,0,0,0,0,0,0,0,0,0,0,0,0,0,0,381.965,0,115.585,-497.55
"MtrElec",11,30,15,"",0,0,0,0,0,0,0,0,0,0,0,0,0,0,0,0,0,0,0,0,0,349.915,0,39.0922,-389.007
"MtrElec",11,30,16,"",173.315,0,0,0,0,0,0,0,0,0,0,0,0,0,0,0,0,0,0,0,0,389.82,0,0,-216.505
"MtrElec",11,30,17,"",336.634,0,0,0,0,0,0,0,0,0,0,0,0,0,0,0,0,0,0,0,0,373.619,0,0,-36.9849
"MtrElec",11,30,18,"",435.444,0,0,0,0,0,0,0,0,0,0,0,0,0,0,0,0,0,0,0,0,435.444,0,0,0
"MtrElec",11,30,19,"",201.973,0,0,0,0,0,0,0,0,0,0,0,0,0,0,0,0,0,0,0,0,425.19,0,-223.217,0
"MtrElec",11,30,20,"",205.969,0,0,0,0,0,0,0,0,0,0,0,0,0,0,0,0,0,0,0,0,429.186,0,-223.217,0
"MtrElec",11,30,21,"",355.42,0,0,0,0,0,0,0,0,0,0,0,0,0,0,0,0,0,0,0,0,362.714,0,-7.29345,0
"MtrElec",11,30,22,"",326.003,0,0,0,0,0,0,0,0,0,0,0,0,0,0,0,0,0,0,0,0,326.003,0,0,0
"MtrElec",11,30,23,"",305.45,0,0,0,0,0,0,0,0,0,0,0,0,0,0,0,0,0,0,0,0,305.45,0,0,0
"MtrElec",11,30,24,"",191.131,0,0,0,0,0,0,0,0,0,0,0,0,0,0,0,0,0,0,0,0,191.131,0,0,0
"MtrElec",12,1,1,"",183.423,0,0,0,0,0,0,0,0,0,0,0,0,0,0,0,0,0,0,0,0,183.423,0,0,0
"MtrElec",12,1,2,"",164.682,0,0,0,0,0,0,0,0,0,0,0,0,0,0,0,0,0,0,0,0,164.682,0,0,0
"MtrElec",12,1,3,"",162.346,0,0,0,0,0,0,0,0,0,0,0,0,0,0,0,0,0,0,0,0,162.346,0,0,0
"MtrElec",12,1,4,"",165.304,0,0,0,0,0,0,0,0,0,0,0,0,0,0,0,0,0,0,0,0,165.304,0,0,0
"MtrElec",12,1,5,"",210.25,0,0,0,0,0,0,0,0,0,0,0,0,0,0,0,0,0,0,0,0,210.25,0,0,0
"MtrElec",12,1,6,"",175.505,0,0,0,0,0,0,0,0,0,0,0,0,0,0,0,0,0,0,0,0,175.505,0,0,0
"MtrElec",12,1,7,"",261.583,0,0,0,0,0,0,0,0,0,0,0,0,0,0,0,0,0,0,0,0,269.559,0,0,-7.9757
"MtrElec",12,1,8,"",158.701,0,0,0,0,0,0,0,0,0,0,0,0,0,0,0,0,0,0,0,0,322.49,0,0,-163.789
"MtrElec",12,1,9,"",-28.9188,0,0,0,0,0,0,0,0,0,0,0,0,0,0,0,0,0,0,0,0,335.492,0,0,-364.411
"MtrElec",12,1,10,"",-117.477,0,0,0,0,0,0,0,0,0,0,0,0,0,0,0,0,0,0,0,0,383.569,0,0,-501.046
"MtrElec",12,1,11,"",0,0,0,0,0,0,0,0,0,0,0,0,0,0,0,0,0,0,0,0,0,403.428,0,178.494,-581.922
"MtrElec",12,1,12,"",0.0000156,0,0,0,0,0,0,0,0,0,0,0,0,0,0,0,0,0,0,0,0,401.462,0,210.72,-612.182
"MtrElec",12,1,13,"",0.0000156,0,0,0,0,0,0,0,0,0,0,0,0,0,0,0,0,0,0,0,0,401.292,0,190.052,-591.343
"MtrElec",12,1,14,"",0.0000156,0,0,0,0,0,0,0,0,0,0,0,0,0,0,0,0,0,0,0,0,360.148,0,161.372,-521.52
"MtrElec",12,1,15,"",-21.0037,0,0,0,0,0,0,0,0,0,0,0,0,0,0,0,0,0,0,0,0,325.684,0,58.2435,-404.931
"MtrElec",12,1,16,"",150.837,0,0,0,0,0,0,0,0,0,0,0,0,0,0,0,0,0,0,0,0,380.614,0,0,-229.777
"MtrElec",12,1,17,"",325.191,0,0,0,0,0,0,0,0,0,0,0,0,0,0,0,0,0,0,0,0,366.327,0,0,-41.1361
"MtrElec",12,1,18,"",436.426,0,0,0,0,0,0,0,0,0,0,0,0,0,0,0,0,0,0,0,0,436.426,0,0,0
"MtrElec",12,1,19,"",179.177,0,0,0,0,0,0,0,0,0,0,0,0,0,0,0,0,0,0,0,0,402.394,0,-223.217,0
"MtrElec",12,1,20,"",205.641,0,0,0,0,0,0,0,0,0,0,0,0,0,0,0,0,0,0,0,0,428.858,0,-223.217,0
"MtrElec",12,1,21,"",187.151,0,0,0,0,0,0,0,0,0,0,0,0,0,0,0,0,0,0,0,0,410.368,0,-223.217,0
"MtrElec",12,1,22,"",234.519,0,0,0,0,0,0,0,0,0,0,0,0,0,0,0,0,0,0,0,0,285.859,0,-51.3398,0
"MtrElec",12,1,23,"",272.298,0,0,0,0,0,0,0,0,0,0,0,0,0,0,0,0,0,0,0,0,272.298,0,0,0
"MtrElec",12,1,24,"",196.037,0,0,0,0,0,0,0,0,0,0,0,0,0,0,0,0,0,0,0,0,196.037,0,0,0
"MtrElec",12,2,1,"",193.14,0,0,0,0,0,0,0,0,0,0,0,0,0,0,0,0,0,0,0,0,193.14,0,0,0
"MtrElec",12,2,2,"",168.861,0,0,0,0,0,0,0,0,0,0,0,0,0,0,0,0,0,0,0,0,168.861,0,0,0
"MtrElec",12,2,3,"",203.148,0,0,0,0,0,0,0,0,0,0,0,0,0,0,0,0,0,0,0,0,203.148,0,0,0
"MtrElec",12,2,4,"",185.104,0,0,0,0,0,0,0,0,0,0,0,0,0,0,0,0,0,0,0,0,185.104,0,0,0
"MtrElec",12,2,5,"",172.506,0,0,0,0,0,0,0,0,0,0,0,0,0,0,0,0,0,0,0,0,172.506,0,0,0
"MtrElec",12,2,6,"",188.256,0,0,0,0,0,0,0,0,0,0,0,0,0,0,0,0,0,0,0,0,188.256,0,0,0
"MtrElec",12,2,7,"",275.172,0,0,0,0,0,0,0,0,0,0,0,0,0,0,0,0,0,0,0,0,281.134,0,0,-5.9622
"MtrElec",12,2,8,"",162.788,0,0,0,0,0,0,0,0,0,0,0,0,0,0,0,0,0,0,0,0,315.264,0,0,-152.476
"MtrElec",12,2,9,"",42.3063,0,0,0,0,0,0,0,0,0,0,0,0,0,0,0,0,0,0,0,0,388.308,0,0,-346.002
"MtrElec",12,2,10,"",-43.9485,0,0,0,0,0,0,0,0,0,0,0,0,0,0,0,0,0,0,0,0,440.586,0,0,-484.534
"MtrElec",12,2,11,"",0.0000156,0,0,0,0,0,0,0,0,0,0,0,0,0,0,0,0,0,0,0,0,415.841,0,149.057,-564.898
"MtrElec",12,2,12,"",0.0000156,0,0,0,0,0,0,0,0,0,0,0,0,0,0,0,0,0,0,0,0,435.624,0,161.597,-597.221
"MtrElec",12,2,13,"",0,0,0,0,0,0,0,0,0,0,0,0,0,0,0,0,0,0,0,0,0,412.538,0,166.042,-578.58
"MtrElec",12,2,14,"",0,0,0,0,0,0,0,0,0,0,0,0,0,0,0,0,0,0,0,0,0,386.206,0,124.459,-510.665
"MtrElec",12,2,15,"",0.0000039,0,0,0,0,0,0,0,0,0,0,0,0,0,0,0,0,0,0,0,0,335.807,0,58.7249,-394.532
"MtrElec",12,2,16,"",176.736,0,0,0,0,0,0,0,0,0,0,0,0,0,0,0,0,0,0,0,0,400.834,0,0,-224.099
"MtrElec",12,2,17,"",352.105,0,0,0,0,0,0,0,0,0,0,0,0,0,0,0,0,0,0,0,0,392.086,0,0,-39.9801
"MtrElec",12,2,18,"",442.483,0,0,0,0,0,0,0,0,0,0,0,0,0,0,0,0,0,0,0,0,442.483,0,0,0
"MtrElec",12,2,19,"",192.904,0,0,0,0,0,0,0,0,0,0,0,0,0,0,0,0,0,0,0,0,416.121,0,-223.217,0
"MtrElec",12,2,20,"",181.535,0,0,0,0,0,0,0,0,0,0,0,0,0,0,0,0,0,0,0,0,404.751,0,-223.217,0
"MtrElec",12,2,21,"",254.16,0,0,0,0,0,0,0,0,0,0,0,0,0,0,0,0,0,0,0,0,403.267,0,-149.107,0
"MtrElec",12,2,22,"",290.345,0,0,0,0,0,0,0,0,0,0,0,0,0,0,0,0,0,0,0,0,290.345,0,0,0
"MtrElec",12,2,23,"",300.772,0,0,0,0,0,0,0,0,0,0,0,0,0,0,0,0,0,0,0,0,300.772,0,0,0
"MtrElec",12,2,24,"",232.194,0,0,0,0,0,0,0,0,0,0,0,0,0,0,0,0,0,0,0,0,232.194,0,0,0
"MtrElec",12,3,1,"",235.695,0,0,0,0,0,0,0,0,0,0,0,0,0,0,0,0,0,0,0,0,235.695,0,0,0
"MtrElec",12,3,2,"",184.542,0,0,0,0,0,0,0,0,0,0,0,0,0,0,0,0,0,0,0,0,184.542,0,0,0
"MtrElec",12,3,3,"",169.678,0,0,0,0,0,0,0,0,0,0,0,0,0,0,0,0,0,0,0,0,169.678,0,0,0
"MtrElec",12,3,4,"",176.204,0,0,0,0,0,0,0,0,0,0,0,0,0,0,0,0,0,0,0,0,176.204,0,0,0
"MtrElec",12,3,5,"",175.717,0,0,0,0,0,0,0,0,0,0,0,0,0,0,0,0,0,0,0,0,175.717,0,0,0
"MtrElec",12,3,6,"",187.305,0,0,0,0,0,0,0,0,0,0,0,0,0,0,0,0,0,0,0,0,187.305,0,0,0
"MtrElec",12,3,7,"",373.169,0,0,0,0,0,0,0,0,0,0,0,0,0,0,0,0,0,0,0,0,373.169,0,0,0
"MtrElec",12,3,8,"",165.417,0,0,0,0,0,0,0,0,0,0,0,0,0,0,0,0,0,0,0,0,324.841,0,0,-159.423
"MtrElec",12,3,9,"",29.9769,0,0,0,0,0,0,0,0,0,0,0,0,0,0,0,0,0,0,0,0,381.999,0,0,-352.022
"MtrElec",12,3,10,"",-53.9039,0,0,0,0,0,0,0,0,0,0,0,0,0,0,0,0,0,0,0,0,433.082,0,0,-486.986
"MtrElec",12,3,11,"",0,0,0,0,0,0,0,0,0,0,0,0,0,0,0,0,0,0,0,0,0,452.709,0,113.007,-565.716
"MtrElec",12,3,12,"",0.0000156,0,0,0,0,0,0,0,0,0,0,0,0,0,0,0,0,0,0,0,0,395.003,0,199.804,-594.807
"MtrElec",12,3,13,"",0,0,0,0,0,0,0,0,0,0,0,0,0,0,0,0,0,0,0,0,0,454.292,0,131.041,-585.333
"MtrElec",12,3,14,"",0,0,0,0,0,0,0,0,0,0,0,0,0,0,0,0,0,0,0,0,0,341.378,0,183.656,-525.034
"MtrElec",12,3,15,"",0,0,0,0,0,0,0,0,0,0,0,0,0,0,0,0,0,0,0,0,0,379.396,0,22.3267,-401.723
"MtrElec",12,3,16,"",114.352,0,0,0,0,0,0,0,0,0,0,0,0,0,0,0,0,0,0,0,0,340.803,0,0,-226.451
"MtrElec",12,3,17,"",376.624,0,0,0,0,0,0,0,0,0,0,0,0,0,0,0,0,0,0,0,0,418.049,0,0,-41.425
"MtrElec",12,3,18,"",391.311,0,0,0,0,0,0,0,0,0,0,0,0,0,0,0,0,0,0,0,0,391.311,0,0,0
"MtrElec",12,3,19,"",178.9,0,0,0,0,0,0,0,0,0,0,0,0,0,0,0,0,0,0,0,0,402.117,0,-223.217,0
"MtrElec",12,3,20,"",244.26,0,0,0,0,0,0,0,0,0,0,0,0,0,0,0,0,0,0,0,0,467.477,0,-223.217,0
"MtrElec",12,3,21,"",260.229,0,0,0,0,0,0,0,0,0,0,0,0,0,0,0,0,0,0,0,0,400.271,0,-140.043,0
"MtrElec",12,3,22,"",341.333,0,0,0,0,0,0,0,0,0,0,0,0,0,0,0,0,0,0,0,0,341.333,0,0,0
"MtrElec",12,3,23,"",294.719,0,0,0,0,0,0,0,0,0,0,0,0,0,0,0,0,0,0,0,0,294.719,0,0,0
"MtrElec",12,3,24,"",277.963,0,0,0,0,0,0,0,0,0,0,0,0,0,0,0,0,0,0,0,0,277.963,0,0,0
"MtrElec",12,4,1,"",173.889,0,0,0,0,0,0,0,0,0,0,0,0,0,0,0,0,0,0,0,0,173.889,0,0,0
"MtrElec",12,4,2,"",172.453,0,0,0,0,0,0,0,0,0,0,0,0,0,0,0,0,0,0,0,0,172.453,0,0,0
"MtrElec",12,4,3,"",167.909,0,0,0,0,0,0,0,0,0,0,0,0,0,0,0,0,0,0,0,0,167.909,0,0,0
"MtrElec",12,4,4,"",182.808,0,0,0,0,0,0,0,0,0,0,0,0,0,0,0,0,0,0,0,0,182.808,0,0,0
"MtrElec",12,4,5,"",170.456,0,0,0,0,0,0,0,0,0,0,0,0,0,0,0,0,0,0,0,0,170.456,0,0,0
"MtrElec",12,4,6,"",178.754,0,0,0,0,0,0,0,0,0,0,0,0,0,0,0,0,0,0,0,0,178.754,0,0,0
"MtrElec",12,4,7,"",287.784,0,0,0,0,0,0,0,0,0,0,0,0,0,0,0,0,0,0,0,0,287.784,0,0,0
"MtrElec",12,4,8,"",180.897,0,0,0,0,0,0,0,0,0,0,0,0,0,0,0,0,0,0,0,0,321.27,0,0,-140.373
"MtrElec",12,4,9,"",66.8992,0,0,0,0,0,0,0,0,0,0,0,0,0,0,0,0,0,0,0,0,404.1,0,0,-337.201
"MtrElec",12,4,10,"",-15.5789,0,0,0,0,0,0,0,0,0,0,0,0,0,0,0,0,0,0,0,0,461.458,0,0,-477.037
"MtrElec",12,4,11,"",0.0000078,0,0,0,0,0,0,0,0,0,0,0,0,0,0,0,0,0,0,0,0,474.502,0,92.4056,-566.908
"MtrElec",12,4,12,"",45.7867,0,0,0,0,0,0,0,0,0,0,0,0,0,0,0,0,0,0,0,0,423.982,0,0,-378.196
"MtrElec",12,4,13,"",138.331,0,0,0,0,0,0,0,0,0,0,0,0,0,0,0,0,0,0,0,0,403.462,0,0,-265.13
"MtrElec",12,4,14,"",201.675,0,0,0,0,0,0,0,0,0,0,0,0,0,0,0,0,0,0,0,0,326.837,0,0,-125.161
"MtrElec",12,4,15,"",197.768,0,0,0,0,0,0,0,0,0,0,0,0,0,0,0,0,0,0,0,0,307.222,0,0,-109.454
"MtrElec",12,4,16,"",199.838,0,0,0,0,0,0,0,0,0,0,0,0,0,0,0,0,0,0,0,0,373.428,0,0,-173.59
"MtrElec",12,4,17,"",326.979,0,0,0,0,0,0,0,0,0,0,0,0,0,0,0,0,0,0,0,0,354.863,0,0,-27.8834
"MtrElec",12,4,18,"",417.564,0,0,0,0,0,0,0,0,0,0,0,0,0,0,0,0,0,0,0,0,417.564,0,0,0
"MtrElec",12,4,19,"",298.989,0,0,0,0,0,0,0,0,0,0,0,0,0,0,0,0,0,0,0,0,382.385,0,-83.3961,0
"MtrElec",12,4,20,"",425.617,0,0,0,0,0,0,0,0,0,0,0,0,0,0,0,0,0,0,0,0,425.617,0,0,0
"MtrElec",12,4,21,"",445.765,0,0,0,0,0,0,0,0,0,0,0,0,0,0,0,0,0,0,0,0,445.765,0,0,0
"MtrElec",12,4,22,"",294.109,0,0,0,0,0,0,0,0,0,0,0,0,0,0,0,0,0,0,0,0,294.109,0,0,0
"MtrElec",12,4,23,"",292.812,0,0,0,0,0,0,0,0,0,0,0,0,0,0,0,0,0,0,0,0,292.812,0,0,0
"MtrElec",12,4,24,"",224.675,0,0,0,0,0,0,0,0,0,0,0,0,0,0,0,0,0,0,0,0,224.675,0,0,0
"MtrElec",12,5,1,"",167.731,0,0,0,0,0,0,0,0,0,0,0,0,0,0,0,0,0,0,0,0,167.731,0,0,0
"MtrElec",12,5,2,"",193.504,0,0,0,0,0,0,0,0,0,0,0,0,0,0,0,0,0,0,0,0,193.504,0,0,0
"MtrElec",12,5,3,"",158.829,0,0,0,0,0,0,0,0,0,0,0,0,0,0,0,0,0,0,0,0,158.829,0,0,0
"MtrElec",12,5,4,"",197.57,0,0,0,0,0,0,0,0,0,0,0,0,0,0,0,0,0,0,0,0,197.57,0,0,0
"MtrElec",12,5,5,"",185.182,0,0,0,0,0,0,0,0,0,0,0,0,0,0,0,0,0,0,0,0,185.182,0,0,0
"MtrElec",12,5,6,"",157.45,0,0,0,0,0,0,0,0,0,0,0,0,0,0,0,0,0,0,0,0,157.45,0,0,0
"MtrElec",12,5,7,"",242.485,0,0,0,0,0,0,0,0,0,0,0,0,0,0,0,0,0,0,0,0,242.485,0,0,0
"MtrElec",12,5,8,"",225.313,0,0,0,0,0,0,0,0,0,0,0,0,0,0,0,0,0,0,0,0,225.833,0,0,-0.520185
"MtrElec",12,5,9,"",277.612,0,0,0,0,0,0,0,0,0,0,0,0,0,0,0,0,0,0,0,0,331.789,0,0,-54.1773
"MtrElec",12,5,10,"",358.267,0,0,0,0,0,0,0,0,0,0,0,0,0,0,0,0,0,0,0,0,394.89,0,0,-36.6233
"MtrElec",12,5,11,"",477.187,0,0,0,0,0,0,0,0,0,0,0,0,0,0,0,0,0,0,0,0,509.286,0,0,-32.0988
"MtrElec",12,5,12,"",440.15,0,0,0,0,0,0,0,0,0,0,0,0,0,0,0,0,0,0,0,0,467.852,0,0,-27.7026
"MtrElec",12,5,13,"",402.924,0,0,0,0,0,0,0,0,0,0,0,0,0,0,0,0,0,0,0,0,463.921,0,0,-60.9974
"MtrElec",12,5,14,"",352.403,0,0,0,0,0,0,0,0,0,0,0,0,0,0,0,0,0,0,0,0,403.506,0,0,-51.1033
"MtrElec",12,5,15,"",380.822,0,0,0,0,0,0,0,0,0,0,0,0,0,0,0,0,0,0,0,0,389.683,0,0,-8.86173
"MtrElec",12,5,16,"",347.333,0,0,0,0,0,0,0,0,0,0,0,0,0,0,0,0,0,0,0,0,357.725,0,0,-10.3927
"MtrElec",12,5,17,"",431.55,0,0,0,0,0,0,0,0,0,0,0,0,0,0,0,0,0,0,0,0,431.55,0,0,0
"MtrElec",12,5,18,"",418.509,0,0,0,0,0,0,0,0,0,0,0,0,0,0,0,0,0,0,0,0,418.509,0,0,0
"MtrElec",12,5,19,"",447.383,0,0,0,0,0,0,0,0,0,0,0,0,0,0,0,0,0,0,0,0,447.383,0,0,0
"MtrElec",12,5,20,"",418.199,0,0,0,0,0,0,0,0,0,0,0,0,0,0,0,0,0,0,0,0,418.199,0,0,0
"MtrElec",12,5,21,"",373.053,0,0,0,0,0,0,0,0,0,0,0,0,0,0,0,0,0,0,0,0,373.053,0,0,0
"MtrElec",12,5,22,"",376.625,0,0,0,0,0,0,0,0,0,0,0,0,0,0,0,0,0,0,0,0,376.625,0,0,0
"MtrElec",12,5,23,"",263.813,0,0,0,0,0,0,0,0,0,0,0,0,0,0,0,0,0,0,0,0,263.813,0,0,0
"MtrElec",12,5,24,"",276.861,0,0,0,0,0,0,0,0,0,0,0,0,0,0,0,0,0,0,0,0,276.861,0,0,0
"MtrElec",12,6,1,"",253.276,0,0,0,0,0,0,0,0,0,0,0,0,0,0,0,0,0,0,0,0,253.276,0,0,0
"MtrElec",12,6,2,"",178.429,0,0,0,0,0,0,0,0,0,0,0,0,0,0,0,0,0,0,0,0,178.429,0,0,0
"MtrElec",12,6,3,"",176.961,0,0,0,0,0,0,0,0,0,0,0,0,0,0,0,0,0,0,0,0,176.961,0,0,0
"MtrElec",12,6,4,"",184.039,0,0,0,0,0,0,0,0,0,0,0,0,0,0,0,0,0,0,0,0,184.039,0,0,0
"MtrElec",12,6,5,"",194.388,0,0,0,0,0,0,0,0,0,0,0,0,0,0,0,0,0,0,0,0,194.388,0,0,0
"MtrElec",12,6,6,"",182.537,0,0,0,0,0,0,0,0,0,0,0,0,0,0,0,0,0,0,0,0,182.537,0,0,0
"MtrElec",12,6,7,"",261.943,0,0,0,0,0,0,0,0,0,0,0,0,0,0,0,0,0,0,0,0,261.943,0,0,0
"MtrElec",12,6,8,"",144.936,0,0,0,0,0,0,0,0,0,0,0,0,0,0,0,0,0,0,0,0,253.726,0,0,-108.791
"MtrElec",12,6,9,"",261.754,0,0,0,0,0,0,0,0,0,0,0,0,0,0,0,0,0,0,0,0,343.633,0,0,-81.8793
"MtrElec",12,6,10,"",279.155,0,0,0,0,0,0,0,0,0,0,0,0,0,0,0,0,0,0,0,0,355.04,0,0,-75.8845
"MtrElec",12,6,11,"",274.207,0,0,0,0,0,0,0,0,0,0,0,0,0,0,0,0,0,0,0,0,371.016,0,0,-96.8084
"MtrElec",12,6,12,"",135.359,0,0,0,0,0,0,0,0,0,0,0,0,0,0,0,0,0,0,0,0,390.008,0,0,-254.649
"MtrElec",12,6,13,"",0,0,0,0,0,0,0,0,0,0,0,0,0,0,0,0,0,0,0,0,0,381,0,192.644,-573.643
"MtrElec",12,6,14,"",0,0,0,0,0,0,0,0,0,0,0,0,0,0,0,0,0,0,0,0,0,350.652,0,6.32234,-356.974
"MtrElec",12,6,15,"",120.511,0,0,0,0,0,0,0,0,0,0,0,0,0,0,0,0,0,0,0,0,356.214,0,0,-235.703
"MtrElec",12,6,16,"",183.467,0,0,0,0,0,0,0,0,0,0,0,0,0,0,0,0,0,0,0,0,337.845,0,0,-154.378
"MtrElec",12,6,17,"",309.336,0,0,0,0,0,0,0,0,0,0,0,0,0,0,0,0,0,0,0,0,327.671,0,0,-18.3348
"MtrElec",12,6,18,"",371.34,0,0,0,0,0,0,0,0,0,0,0,0,0,0,0,0,0,0,0,0,371.34,0,0,0
"MtrElec",12,6,19,"",250.189,0,0,0,0,0,0,0,0,0,0,0,0,0,0,0,0,0,0,0,0,429.756,0,-179.567,0
"MtrElec",12,6,20,"",348.318,0,0,0,0,0,0,0,0,0,0,0,0,0,0,0,0,0,0,0,0,348.318,0,0,0
"MtrElec",12,6,21,"",365.328,0,0,0,0,0,0,0,0,0,0,0,0,0,0,0,0,0,0,0,0,365.328,0,0,0
"MtrElec",12,6,22,"",333.849,0,0,0,0,0,0,0,0,0,0,0,0,0,0,0,0,0,0,0,0,333.849,0,0,0
"MtrElec",12,6,23,"",228.304,0,0,0,0,0,0,0,0,0,0,0,0,0,0,0,0,0,0,0,0,228.304,0,0,0
"MtrElec",12,6,24,"",227.785,0,0,0,0,0,0,0,0,0,0,0,0,0,0,0,0,0,0,0,0,227.785,0,0,0
"MtrElec",12,7,1,"",171.998,0,0,0,0,0,0,0,0,0,0,0,0,0,0,0,0,0,0,0,0,171.998,0,0,0
"MtrElec",12,7,2,"",165.242,0,0,0,0,0,0,0,0,0,0,0,0,0,0,0,0,0,0,0,0,165.242,0,0,0
"MtrElec",12,7,3,"",161.487,0,0,0,0,0,0,0,0,0,0,0,0,0,0,0,0,0,0,0,0,161.487,0,0,0
"MtrElec",12,7,4,"",167.11,0,0,0,0,0,0,0,0,0,0,0,0,0,0,0,0,0,0,0,0,167.11,0,0,0
"MtrElec",12,7,5,"",161.396,0,0,0,0,0,0,0,0,0,0,0,0,0,0,0,0,0,0,0,0,161.396,0,0,0
"MtrElec",12,7,6,"",208.356,0,0,0,0,0,0,0,0,0,0,0,0,0,0,0,0,0,0,0,0,208.356,0,0,0
"MtrElec",12,7,7,"",220.75,0,0,0,0,0,0,0,0,0,0,0,0,0,0,0,0,0,0,0,0,220.75,0,0,0
"MtrElec",12,7,8,"",206.145,0,0,0,0,0,0,0,0,0,0,0,0,0,0,0,0,0,0,0,0,322.624,0,0,-116.479
"MtrElec",12,7,9,"",196.457,0,0,0,0,0,0,0,0,0,0,0,0,0,0,0,0,0,0,0,0,389.786,0,0,-193.329
"MtrElec",12,7,10,"",262.056,0,0,0,0,0,0,0,0,0,0,0,0,0,0,0,0,0,0,0,0,434.137,0,0,-172.081
"MtrElec",12,7,11,"",262.103,0,0,0,0,0,0,0,0,0,0,0,0,0,0,0,0,0,0,0,0,408.126,0,0,-146.023
"MtrElec",12,7,12,"",189.707,0,0,0,0,0,0,0,0,0,0,0,0,0,0,0,0,0,0,0,0,417.363,0,0,-227.656
"MtrElec",12,7,13,"",325.226,0,0,0,0,0,0,0,0,0,0,0,0,0,0,0,0,0,0,0,0,427.766,0,0,-102.54
"MtrElec",12,7,14,"",311.661,0,0,0,0,0,0,0,0,0,0,0,0,0,0,0,0,0,0,0,0,370.337,0,0,-58.676
"MtrElec",12,7,15,"",271.703,0,0,0,0,0,0,0,0,0,0,0,0,0,0,0,0,0,0,0,0,315.493,0,0,-43.7904
"MtrElec",12,7,16,"",364.482,0,0,0,0,0,0,0,0,0,0,0,0,0,0,0,0,0,0,0,0,369.449,0,0,-4.96739
"MtrElec",12,7,17,"",374.203,0,0,0,0,0,0,0,0,0,0,0,0,0,0,0,0,0,0,0,0,374.203,0,0,0
"MtrElec",12,7,18,"",396.883,0,0,0,0,0,0,0,0,0,0,0,0,0,0,0,0,0,0,0,0,396.883,0,0,0
"MtrElec",12,7,19,"",391.335,0,0,0,0,0,0,0,0,0,0,0,0,0,0,0,0,0,0,0,0,391.335,0,0,0
"MtrElec",12,7,20,"",443.418,0,0,0,0,0,0,0,0,0,0,0,0,0,0,0,0,0,0,0,0,443.418,0,0,0
"MtrElec",12,7,21,"",389.496,0,0,0,0,0,0,0,0,0,0,0,0,0,0,0,0,0,0,0,0,389.496,0,0,0
"MtrElec",12,7,22,"",347.656,0,0,0,0,0,0,0,0,0,0,0,0,0,0,0,0,0,0,0,0,347.656,0,0,0
"MtrElec",12,7,23,"",239.65,0,0,0,0,0,0,0,0,0,0,0,0,0,0,0,0,0,0,0,0,239.65,0,0,0
"MtrElec",12,7,24,"",245.405,0,0,0,0,0,0,0,0,0,0,0,0,0,0,0,0,0,0,0,0,245.405,0,0,0
"MtrElec",12,8,1,"",184.314,0,0,0,0,0,0,0,0,0,0,0,0,0,0,0,0,0,0,0,0,184.314,0,0,0
"MtrElec",12,8,2,"",166.218,0,0,0,0,0,0,0,0,0,0,0,0,0,0,0,0,0,0,0,0,166.218,0,0,0
"MtrElec",12,8,3,"",159.477,0,0,0,0,0,0,0,0,0,0,0,0,0,0,0,0,0,0,0,0,159.477,0,0,0
"MtrElec",12,8,4,"",159.644,0,0,0,0,0,0,0,0,0,0,0,0,0,0,0,0,0,0,0,0,159.644,0,0,0
"MtrElec",12,8,5,"",155.513,0,0,0,0,0,0,0,0,0,0,0,0,0,0,0,0,0,0,0,0,155.513,0,0,0
"MtrElec",12,8,6,"",209.866,0,0,0,0,0,0,0,0,0,0,0,0,0,0,0,0,0,0,0,0,209.866,0,0,0
"MtrElec",12,8,7,"",233.155,0,0,0,0,0,0,0,0,0,0,0,0,0,0,0,0,0,0,0,0,233.155,0,0,0
"MtrElec",12,8,8,"",233.52,0,0,0,0,0,0,0,0,0,0,0,0,0,0,0,0,0,0,0,0,316.411,0,0,-82.8904
"MtrElec",12,8,9,"",346.472,0,0,0,0,0,0,0,0,0,0,0,0,0,0,0,0,0,0,0,0,385.572,0,0,-39.1
"MtrElec",12,8,10,"",333.538,0,0,0,0,0,0,0,0,0,0,0,0,0,0,0,0,0,0,0,0,453.166,0,0,-119.629
"MtrElec",12,8,11,"",106.191,0,0,0,0,0,0,0,0,0,0,0,0,0,0,0,0,0,0,0,0,387.865,0,0,-281.674
"MtrElec",12,8,12,"",148.002,0,0,0,0,0,0,0,0,0,0,0,0,0,0,0,0,0,0,0,0,393.529,0,0,-245.527
"MtrElec",12,8,13,"",0,0,0,0,0,0,0,0,0,0,0,0,0,0,0,0,0,0,0,0,0,359.141,0,126.547,-485.688
"MtrElec",12,8,14,"",0,0,0,0,0,0,0,0,0,0,0,0,0,0,0,0,0,0,0,0,0,377.362,0,47.8356,-425.198
"MtrElec",12,8,15,"",93.2892,0,0,0,0,0,0,0,0,0,0,0,0,0,0,0,0,0,0,0,0,354.921,0,0,-261.631
"MtrElec",12,8,16,"",291.169,0,0,0,0,0,0,0,0,0,0,0,0,0,0,0,0,0,0,0,0,384.647,0,0,-93.4776
"MtrElec",12,8,17,"",383.164,0,0,0,0,0,0,0,0,0,0,0,0,0,0,0,0,0,0,0,0,410.006,0,0,-26.8421
"MtrElec",12,8,18,"",420.301,0,0,0,0,0,0,0,0,0,0,0,0,0,0,0,0,0,0,0,0,420.301,0,0,0
"MtrElec",12,8,19,"",276.705,0,0,0,0,0,0,0,0,0,0,0,0,0,0,0,0,0,0,0,0,434.086,0,-157.38,0
"MtrElec",12,8,20,"",413.005,0,0,0,0,0,0,0,0,0,0,0,0,0,0,0,0,0,0,0,0,413.005,0,0,0
"MtrElec",12,8,21,"",432.332,0,0,0,0,0,0,0,0,0,0,0,0,0,0,0,0,0,0,0,0,432.332,0,0,0
"MtrElec",12,8,22,"",285.594,0,0,0,0,0,0,0,0,0,0,0,0,0,0,0,0,0,0,0,0,285.594,0,0,0
"MtrElec",12,8,23,"",311.097,0,0,0,0,0,0,0,0,0,0,0,0,0,0,0,0,0,0,0,0,311.097,0,0,0
"MtrElec",12,8,24,"",223.315,0,0,0,0,0,0,0,0,0,0,0,0,0,0,0,0,0,0,0,0,223.315,0,0,0
"MtrElec",12,9,1,"",168.263,0,0,0,0,0,0,0,0,0,0,0,0,0,0,0,0,0,0,0,0,168.263,0,0,0
"MtrElec",12,9,2,"",163.388,0,0,0,0,0,0,0,0,0,0,0,0,0,0,0,0,0,0,0,0,163.388,0,0,0
"MtrElec",12,9,3,"",167.674,0,0,0,0,0,0,0,0,0,0,0,0,0,0,0,0,0,0,0,0,167.674,0,0,0
"MtrElec",12,9,4,"",178.339,0,0,0,0,0,0,0,0,0,0,0,0,0,0,0,0,0,0,0,0,178.339,0,0,0
"MtrElec",12,9,5,"",212.408,0,0,0,0,0,0,0,0,0,0,0,0,0,0,0,0,0,0,0,0,212.408,0,0,0
"MtrElec",12,9,6,"",167.508,0,0,0,0,0,0,0,0,0,0,0,0,0,0,0,0,0,0,0,0,167.508,0,0,0
"MtrElec",12,9,7,"",258.864,0,0,0,0,0,0,0,0,0,0,0,0,0,0,0,0,0,0,0,0,258.864,0,0,0
"MtrElec",12,9,8,"",193.99,0,0,0,0,0,0,0,0,0,0,0,0,0,0,0,0,0,0,0,0,314.51,0,0,-120.52
"MtrElec",12,9,9,"",38.8608,0,0,0,0,0,0,0,0,0,0,0,0,0,0,0,0,0,0,0,0,355.306,0,0,-316.445
"MtrElec",12,9,10,"",-128.13,0,0,0,0,0,0,0,0,0,0,0,0,0,0,0,0,0,0,0,0,340.108,0,0,-468.238
"MtrElec",12,9,11,"",0,0,0,0,0,0,0,0,0,0,0,0,0,0,0,0,0,0,0,0,0,403.854,0,147.932,-551.786
"MtrElec",12,9,12,"",0,0,0,0,0,0,0,0,0,0,0,0,0,0,0,0,0,0,0,0,0,388.735,0,187.372,-576.107
"MtrElec",12,9,13,"",-6.18906,0,0,0,0,0,0,0,0,0,0,0,0,0,0,0,0,0,0,0,0,339.78,0,223.217,-569.186
"MtrElec",12,9,14,"",0,0,0,0,0,0,0,0,0,0,0,0,0,0,0,0,0,0,0,0,0,387.066,0,114.791,-501.857
"MtrElec",12,9,15,"",0.0000039,0,0,0,0,0,0,0,0,0,0,0,0,0,0,0,0,0,0,0,0,333.586,0,48.5137,-382.1
"MtrElec",12,9,16,"",184.301,0,0,0,0,0,0,0,0,0,0,0,0,0,0,0,0,0,0,0,0,401.472,0,0,-217.171
"MtrElec",12,9,17,"",332.61,0,0,0,0,0,0,0,0,0,0,0,0,0,0,0,0,0,0,0,0,373.851,0,0,-41.2415
"MtrElec",12,9,18,"",448.461,0,0,0,0,0,0,0,0,0,0,0,0,0,0,0,0,0,0,0,0,448.461,0,0,0
"MtrElec",12,9,19,"",189.133,0,0,0,0,0,0,0,0,0,0,0,0,0,0,0,0,0,0,0,0,412.35,0,-223.217,0
"MtrElec",12,9,20,"",173.308,0,0,0,0,0,0,0,0,0,0,0,0,0,0,0,0,0,0,0,0,396.525,0,-223.217,0
"MtrElec",12,9,21,"",264.197,0,0,0,0,0,0,0,0,0,0,0,0,0,0,0,0,0,0,0,0,469.21,0,-205.013,0
"MtrElec",12,9,22,"",300.751,0,0,0,0,0,0,0,0,0,0,0,0,0,0,0,0,0,0,0,0,300.751,0,0,0
"MtrElec",12,9,23,"",294.609,0,0,0,0,0,0,0,0,0,0,0,0,0,0,0,0,0,0,0,0,294.609,0,0,0
"MtrElec",12,9,24,"",209.686,0,0,0,0,0,0,0,0,0,0,0,0,0,0,0,0,0,0,0,0,209.686,0,0,0
"MtrElec",12,10,1,"",171.15,0,0,0,0,0,0,0,0,0,0,0,0,0,0,0,0,0,0,0,0,171.15,0,0,0
"MtrElec",12,10,2,"",159.819,0,0,0,0,0,0,0,0,0,0,0,0,0,0,0,0,0,0,0,0,159.819,0,0,0
"MtrElec",12,10,3,"",198.734,0,0,0,0,0,0,0,0,0,0,0,0,0,0,0,0,0,0,0,0,198.734,0,0,0
"MtrElec",12,10,4,"",164.208,0,0,0,0,0,0,0,0,0,0,0,0,0,0,0,0,0,0,0,0,164.208,0,0,0
"MtrElec",12,10,5,"",155.003,0,0,0,0,0,0,0,0,0,0,0,0,0,0,0,0,0,0,0,0,155.003,0,0,0
"MtrElec",12,10,6,"",169.385,0,0,0,0,0,0,0,0,0,0,0,0,0,0,0,0,0,0,0,0,169.385,0,0,0
"MtrElec",12,10,7,"",283.85,0,0,0,0,0,0,0,0,0,0,0,0,0,0,0,0,0,0,0,0,283.85,0,0,0
"MtrElec",12,10,8,"",180.908,0,0,0,0,0,0,0,0,0,0,0,0,0,0,0,0,0,0,0,0,310.926,0,0,-130.018
"MtrElec",12,10,9,"",55.2042,0,0,0,0,0,0,0,0,0,0,0,0,0,0,0,0,0,0,0,0,377.127,0,0,-321.923
"MtrElec",12,10,10,"",-35.8007,0,0,0,0,0,0,0,0,0,0,0,0,0,0,0,0,0,0,0,0,429.455,0,0,-465.256
"MtrElec",12,10,11,"",0.0000078,0,0,0,0,0,0,0,0,0,0,0,0,0,0,0,0,0,0,0,0,462.144,0,87.9763,-550.12
"MtrElec",12,10,12,"",0.0000078,0,0,0,0,0,0,0,0,0,0,0,0,0,0,0,0,0,0,0,0,457.312,0,122.777,-580.089
"MtrElec",12,10,13,"",0,0,0,0,0,0,0,0,0,0,0,0,0,0,0,0,0,0,0,0,0,513.367,0,41.6859,-555.053
"MtrElec",12,10,14,"",0.0000039,0,0,0,0,0,0,0,0,0,0,0,0,0,0,0,0,0,0,0,0,424.685,0,56.3429,-481.028
"MtrElec",12,10,15,"",46.3175,0,0,0,0,0,0,0,0,0,0,0,0,0,0,0,0,0,0,0,0,424.716,0,0,-378.398
"MtrElec",12,10,16,"",208.104,0,0,0,0,0,0,0,0,0,0,0,0,0,0,0,0,0,0,0,0,429.251,0,0,-221.146
"MtrElec",12,10,17,"",449.908,0,0,0,0,0,0,0,0,0,0,0,0,0,0,0,0,0,0,0,0,492.065,0,0,-42.1568
"MtrElec",12,10,18,"",427.234,0,0,0,0,0,0,0,0,0,0,0,0,0,0,0,0,0,0,0,0,427.234,0,0,0
"MtrElec",12,10,19,"",263.348,0,0,0,0,0,0,0,0,0,0,0,0,0,0,0,0,0,0,0,0,486.564,0,-223.217,0
"MtrElec",12,10,20,"",360.023,0,0,0,0,0,0,0,0,0,0,0,0,0,0,0,0,0,0,0,0,415.483,0,-55.4593,0
"MtrElec",12,10,21,"",454.558,0,0,0,0,0,0,0,0,0,0,0,0,0,0,0,0,0,0,0,0,454.558,0,0,0
"MtrElec",12,10,22,"",286.216,0,0,0,0,0,0,0,0,0,0,0,0,0,0,0,0,0,0,0,0,286.216,0,0,0
"MtrElec",12,10,23,"",305.099,0,0,0,0,0,0,0,0,0,0,0,0,0,0,0,0,0,0,0,0,305.099,0,0,0
"MtrElec",12,10,24,"",205.415,0,0,0,0,0,0,0,0,0,0,0,0,0,0,0,0,0,0,0,0,205.415,0,0,0
"MtrElec",12,11,1,"",162.991,0,0,0,0,0,0,0,0,0,0,0,0,0,0,0,0,0,0,0,0,162.991,0,0,0
"MtrElec",12,11,2,"",161.104,0,0,0,0,0,0,0,0,0,0,0,0,0,0,0,0,0,0,0,0,161.104,0,0,0
"MtrElec",12,11,3,"",155.489,0,0,0,0,0,0,0,0,0,0,0,0,0,0,0,0,0,0,0,0,155.489,0,0,0
"MtrElec",12,11,4,"",157.34,0,0,0,0,0,0,0,0,0,0,0,0,0,0,0,0,0,0,0,0,157.34,0,0,0
"MtrElec",12,11,5,"",190.377,0,0,0,0,0,0,0,0,0,0,0,0,0,0,0,0,0,0,0,0,190.377,0,0,0
"MtrElec",12,11,6,"",156.832,0,0,0,0,0,0,0,0,0,0,0,0,0,0,0,0,0,0,0,0,156.832,0,0,0
"MtrElec",12,11,7,"",261.351,0,0,0,0,0,0,0,0,0,0,0,0,0,0,0,0,0,0,0,0,261.351,0,0,0
"MtrElec",12,11,8,"",198.886,0,0,0,0,0,0,0,0,0,0,0,0,0,0,0,0,0,0,0,0,329.303,0,0,-130.417
"MtrElec",12,11,9,"",51.453,0,0,0,0,0,0,0,0,0,0,0,0,0,0,0,0,0,0,0,0,371.36,0,0,-319.907
"MtrElec",12,11,10,"",-36.8149,0,0,0,0,0,0,0,0,0,0,0,0,0,0,0,0,0,0,0,0,413.098,0,0,-449.912
"MtrElec",12,11,11,"",0,0,0,0,0,0,0,0,0,0,0,0,0,0,0,0,0,0,0,0,0,433.209,0,104.4,-537.609
"MtrElec",12,11,12,"",0,0,0,0,0,0,0,0,0,0,0,0,0,0,0,0,0,0,0,0,0,442.834,0,132.096,-574.931
"MtrElec",12,11,13,"",0,0,0,0,0,0,0,0,0,0,0,0,0,0,0,0,0,0,0,0,0,392.905,0,163.349,-556.254
"MtrElec",12,11,14,"",0,0,0,0,0,0,0,0,0,0,0,0,0,0,0,0,0,0,0,0,0,456.162,0,34.7302,-490.892
"MtrElec",12,11,15,"",32.9491,0,0,0,0,0,0,0,0,0,0,0,0,0,0,0,0,0,0,0,0,415.65,0,0,-382.701
"MtrElec",12,11,16,"",233.679,0,0,0,0,0,0,0,0,0,0,0,0,0,0,0,0,0,0,0,0,455.115,0,0,-221.436
"MtrElec",12,11,17,"",409.151,0,0,0,0,0,0,0,0,0,0,0,0,0,0,0,0,0,0,0,0,450.894,0,0,-41.7429
"MtrElec",12,11,18,"",481.965,0,0,0,0,0,0,0,0,0,0,0,0,0,0,0,0,0,0,0,0,481.965,0,0,0
"MtrElec",12,11,19,"",184.111,0,0,0,0,0,0,0,0,0,0,0,0,0,0,0,0,0,0,0,0,407.328,0,-223.217,0
"MtrElec",12,11,20,"",220.323,0,0,0,0,0,0,0,0,0,0,0,0,0,0,0,0,0,0,0,0,389.311,0,-168.988,0
"MtrElec",12,11,21,"",465.3,0,0,0,0,0,0,0,0,0,0,0,0,0,0,0,0,0,0,0,0,465.3,0,0,0
"MtrElec",12,11,22,"",307.107,0,0,0,0,0,0,0,0,0,0,0,0,0,0,0,0,0,0,0,0,307.107,0,0,0
"MtrElec",12,11,23,"",277.636,0,0,0,0,0,0,0,0,0,0,0,0,0,0,0,0,0,0,0,0,277.636,0,0,0
"MtrElec",12,11,24,"",223.119,0,0,0,0,0,0,0,0,0,0,0,0,0,0,0,0,0,0,0,0,223.119,0,0,0
"MtrElec",12,12,1,"",179.504,0,0,0,0,0,0,0,0,0,0,0,0,0,0,0,0,0,0,0,0,179.504,0,0,0
"MtrElec",12,12,2,"",157.14,0,0,0,0,0,0,0,0,0,0,0,0,0,0,0,0,0,0,0,0,157.14,0,0,0
"MtrElec",12,12,3,"",157.128,0,0,0,0,0,0,0,0,0,0,0,0,0,0,0,0,0,0,0,0,157.128,0,0,0
"MtrElec",12,12,4,"",202.346,0,0,0,0,0,0,0,0,0,0,0,0,0,0,0,0,0,0,0,0,202.346,0,0,0
"MtrElec",12,12,5,"",179.048,0,0,0,0,0,0,0,0,0,0,0,0,0,0,0,0,0,0,0,0,179.048,0,0,0
"MtrElec",12,12,6,"",156.525,0,0,0,0,0,0,0,0,0,0,0,0,0,0,0,0,0,0,0,0,156.525,0,0,0
"MtrElec",12,12,7,"",173.989,0,0,0,0,0,0,0,0,0,0,0,0,0,0,0,0,0,0,0,0,173.989,0,0,0
"MtrElec",12,12,8,"",165.859,0,0,0,0,0,0,0,0,0,0,0,0,0,0,0,0,0,0,0,0,250.302,0,0,-84.4426
"MtrElec",12,12,9,"",271.515,0,0,0,0,0,0,0,0,0,0,0,0,0,0,0,0,0,0,0,0,305.908,0,0,-34.3935
"MtrElec",12,12,10,"",269.275,0,0,0,0,0,0,0,0,0,0,0,0,0,0,0,0,0,0,0,0,352.634,0,0,-83.3595
"MtrElec",12,12,11,"",345.236,0,0,0,0,0,0,0,0,0,0,0,0,0,0,0,0,0,0,0,0,458.339,0,0,-113.103
"MtrElec",12,12,12,"",232.184,0,0,0,0,0,0,0,0,0,0,0,0,0,0,0,0,0,0,0,0,394.689,0,0,-162.505
"MtrElec",12,12,13,"",0,0,0,0,0,0,0,0,0,0,0,0,0,0,0,0,0,0,0,0,0,469.988,0,40.9691,-510.957
"MtrElec",12,12,14,"",0,0,0,0,0,0,0,0,0,0,0,0,0,0,0,0,0,0,0,0,0,404.168,0,98.9685,-503.137
"MtrElec",12,12,15,"",46.6291,0,0,0,0,0,0,0,0,0,0,0,0,0,0,0,0,0,0,0,0,430.237,0,0,-383.608
"MtrElec",12,12,16,"",131.234,0,0,0,0,0,0,0,0,0,0,0,0,0,0,0,0,0,0,0,0,349.407,0,0,-218.172
"MtrElec",12,12,17,"",358.438,0,0,0,0,0,0,0,0,0,0,0,0,0,0,0,0,0,0,0,0,400.923,0,0,-42.4848
"MtrElec",12,12,18,"",385.633,0,0,0,0,0,0,0,0,0,0,0,0,0,0,0,0,0,0,0,0,385.633,0,0,0
"MtrElec",12,12,19,"",315.094,0,0,0,0,0,0,0,0,0,0,0,0,0,0,0,0,0,0,0,0,441.388,0,-126.294,0
"MtrElec",12,12,20,"",333.615,0,0,0,0,0,0,0,0,0,0,0,0,0,0,0,0,0,0,0,0,333.615,0,0,0
"MtrElec",12,12,21,"",353.958,0,0,0,0,0,0,0,0,0,0,0,0,0,0,0,0,0,0,0,0,353.958,0,0,0
"MtrElec",12,12,22,"",290.382,0,0,0,0,0,0,0,0,0,0,0,0,0,0,0,0,0,0,0,0,290.382,0,0,0
"MtrElec",12,12,23,"",274.884,0,0,0,0,0,0,0,0,0,0,0,0,0,0,0,0,0,0,0,0,274.884,0,0,0
"MtrElec",12,12,24,"",216.892,0,0,0,0,0,0,0,0,0,0,0,0,0,0,0,0,0,0,0,0,216.892,0,0,0
"MtrElec",12,13,1,"",170.726,0,0,0,0,0,0,0,0,0,0,0,0,0,0,0,0,0,0,0,0,170.726,0,0,0
"MtrElec",12,13,2,"",156.373,0,0,0,0,0,0,0,0,0,0,0,0,0,0,0,0,0,0,0,0,156.373,0,0,0
"MtrElec",12,13,3,"",157.665,0,0,0,0,0,0,0,0,0,0,0,0,0,0,0,0,0,0,0,0,157.665,0,0,0
"MtrElec",12,13,4,"",154.778,0,0,0,0,0,0,0,0,0,0,0,0,0,0,0,0,0,0,0,0,154.778,0,0,0
"MtrElec",12,13,5,"",193.044,0,0,0,0,0,0,0,0,0,0,0,0,0,0,0,0,0,0,0,0,193.044,0,0,0
"MtrElec",12,13,6,"",156.782,0,0,0,0,0,0,0,0,0,0,0,0,0,0,0,0,0,0,0,0,156.782,0,0,0
"MtrElec",12,13,7,"",165.288,0,0,0,0,0,0,0,0,0,0,0,0,0,0,0,0,0,0,0,0,165.288,0,0,0
"MtrElec",12,13,8,"",154.328,0,0,0,0,0,0,0,0,0,0,0,0,0,0,0,0,0,0,0,0,269.02,0,0,-114.692
"MtrElec",12,13,9,"",-78.9166,0,0,0,0,0,0,0,0,0,0,0,0,0,0,0,0,0,0,0,0,236.137,0,0,-315.054
"MtrElec",12,13,10,"",-155.635,0,0,0,0,0,0,0,0,0,0,0,0,0,0,0,0,0,0,0,0,302.022,0,0,-457.657
"MtrElec",12,13,11,"",0,0,0,0,0,0,0,0,0,0,0,0,0,0,0,0,0,0,0,0,0,386.879,0,170.654,-557.532
"MtrElec",12,13,12,"",0,0,0,0,0,0,0,0,0,0,0,0,0,0,0,0,0,0,0,0,0,396.16,0,200.045,-596.205
"MtrElec",12,13,13,"",0.0000156,0,0,0,0,0,0,0,0,0,0,0,0,0,0,0,0,0,0,0,0,434.263,0,145.383,-579.646
"MtrElec",12,13,14,"",0,0,0,0,0,0,0,0,0,0,0,0,0,0,0,0,0,0,0,0,0,368.992,0,142.953,-511.945
"MtrElec",12,13,15,"",33.4846,0,0,0,0,0,0,0,0,0,0,0,0,0,0,0,0,0,0,0,0,432.741,0,0,-399.257
"MtrElec",12,13,16,"",103.515,0,0,0,0,0,0,0,0,0,0,0,0,0,0,0,0,0,0,0,0,333.435,0,0,-229.92
"MtrElec",12,13,17,"",365.332,0,0,0,0,0,0,0,0,0,0,0,0,0,0,0,0,0,0,0,0,411.6,0,0,-46.2673
"MtrElec",12,13,18,"",333.847,0,0,0,0,0,0,0,0,0,0,0,0,0,0,0,0,0,0,0,0,333.847,0,0,0
"MtrElec",12,13,19,"",199.046,0,0,0,0,0,0,0,0,0,0,0,0,0,0,0,0,0,0,0,0,422.263,0,-223.217,0
"MtrElec",12,13,20,"",108.249,0,0,0,0,0,0,0,0,0,0,0,0,0,0,0,0,0,0,0,0,331.466,0,-223.217,0
"MtrElec",12,13,21,"",195.738,0,0,0,0,0,0,0,0,0,0,0,0,0,0,0,0,0,0,0,0,344.084,0,-148.345,0
"MtrElec",12,13,22,"",338.462,0,0,0,0,0,0,0,0,0,0,0,0,0,0,0,0,0,0,0,0,338.462,0,0,0
"MtrElec",12,13,23,"",216.366,0,0,0,0,0,0,0,0,0,0,0,0,0,0,0,0,0,0,0,0,216.366,0,0,0
"MtrElec",12,13,24,"",209.541,0,0,0,0,0,0,0,0,0,0,0,0,0,0,0,0,0,0,0,0,209.541,0,0,0
"MtrElec",12,14,1,"",178.869,0,0,0,0,0,0,0,0,0,0,0,0,0,0,0,0,0,0,0,0,178.869,0,0,0
"MtrElec",12,14,2,"",158.622,0,0,0,0,0,0,0,0,0,0,0,0,0,0,0,0,0,0,0,0,158.622,0,0,0
"MtrElec",12,14,3,"",154.525,0,0,0,0,0,0,0,0,0,0,0,0,0,0,0,0,0,0,0,0,154.525,0,0,0
"MtrElec",12,14,4,"",157.323,0,0,0,0,0,0,0,0,0,0,0,0,0,0,0,0,0,0,0,0,157.323,0,0,0
"MtrElec",12,14,5,"",154.047,0,0,0,0,0,0,0,0,0,0,0,0,0,0,0,0,0,0,0,0,154.047,0,0,0
"MtrElec",12,14,6,"",176.063,0,0,0,0,0,0,0,0,0,0,0,0,0,0,0,0,0,0,0,0,176.063,0,0,0
"MtrElec",12,14,7,"",270.554,0,0,0,0,0,0,0,0,0,0,0,0,0,0,0,0,0,0,0,0,270.554,0,0,0
"MtrElec",12,14,8,"",196.902,0,0,0,0,0,0,0,0,0,0,0,0,0,0,0,0,0,0,0,0,315.239,0,0,-118.337
"MtrElec",12,14,9,"",90.9818,0,0,0,0,0,0,0,0,0,0,0,0,0,0,0,0,0,0,0,0,410.723,0,0,-319.741
"MtrElec",12,14,10,"",-29.6978,0,0,0,0,0,0,0,0,0,0,0,0,0,0,0,0,0,0,0,0,432.632,0,0,-462.33
"MtrElec",12,14,11,"",0,0,0,0,0,0,0,0,0,0,0,0,0,0,0,0,0,0,0,0,0,444.598,0,94.8559,-539.454
"MtrElec",12,14,12,"",0,0,0,0,0,0,0,0,0,0,0,0,0,0,0,0,0,0,0,0,0,430.339,0,132.893,-563.232
"MtrElec",12,14,13,"",0.0000020,0,0,0,0,0,0,0,0,0,0,0,0,0,0,0,0,0,0,0,0,520.061,0,28.4287,-548.49
"MtrElec",12,14,14,"",0.0000039,0,0,0,0,0,0,0,0,0,0,0,0,0,0,0,0,0,0,0,0,422.72,0,63.9041,-486.624
"MtrElec",12,14,15,"",59.8985,0,0,0,0,0,0,0,0,0,0,0,0,0,0,0,0,0,0,0,0,438.279,0,0,-378.381
"MtrElec",12,14,16,"",213.265,0,0,0,0,0,0,0,0,0,0,0,0,0,0,0,0,0,0,0,0,437.174,0,0,-223.908
"MtrElec",12,14,17,"",422.733,0,0,0,0,0,0,0,0,0,0,0,0,0,0,0,0,0,0,0,0,469.118,0,0,-46.3851
"MtrElec",12,14,18,"",418.066,0,0,0,0,0,0,0,0,0,0,0,0,0,0,0,0,0,0,0,0,418.066,0,0,0
"MtrElec",12,14,19,"",218.799,0,0,0,0,0,0,0,0,0,0,0,0,0,0,0,0,0,0,0,0,442.015,0,-223.217,0
"MtrElec",12,14,20,"",314.333,0,0,0,0,0,0,0,0,0,0,0,0,0,0,0,0,0,0,0,0,379.99,0,-65.657,0
"MtrElec",12,14,21,"",433.932,0,0,0,0,0,0,0,0,0,0,0,0,0,0,0,0,0,0,0,0,433.932,0,0,0
"MtrElec",12,14,22,"",295.987,0,0,0,0,0,0,0,0,0,0,0,0,0,0,0,0,0,0,0,0,295.987,0,0,0
"MtrElec",12,14,23,"",281.119,0,0,0,0,0,0,0,0,0,0,0,0,0,0,0,0,0,0,0,0,281.119,0,0,0
"MtrElec",12,14,24,"",201.225,0,0,0,0,0,0,0,0,0,0,0,0,0,0,0,0,0,0,0,0,201.225,0,0,0
"MtrElec",12,15,1,"",173.541,0,0,0,0,0,0,0,0,0,0,0,0,0,0,0,0,0,0,0,0,173.541,0,0,0
"MtrElec",12,15,2,"",155.797,0,0,0,0,0,0,0,0,0,0,0,0,0,0,0,0,0,0,0,0,155.797,0,0,0
"MtrElec",12,15,3,"",151.865,0,0,0,0,0,0,0,0,0,0,0,0,0,0,0,0,0,0,0,0,151.865,0,0,0
"MtrElec",12,15,4,"",156.284,0,0,0,0,0,0,0,0,0,0,0,0,0,0,0,0,0,0,0,0,156.284,0,0,0
"MtrElec",12,15,5,"",183.429,0,0,0,0,0,0,0,0,0,0,0,0,0,0,0,0,0,0,0,0,183.429,0,0,0
"MtrElec",12,15,6,"",156.995,0,0,0,0,0,0,0,0,0,0,0,0,0,0,0,0,0,0,0,0,156.995,0,0,0
"MtrElec",12,15,7,"",258.919,0,0,0,0,0,0,0,0,0,0,0,0,0,0,0,0,0,0,0,0,258.919,0,0,0
"MtrElec",12,15,8,"",176.487,0,0,0,0,0,0,0,0,0,0,0,0,0,0,0,0,0,0,0,0,294.012,0,0,-117.524
"MtrElec",12,15,9,"",30.2324,0,0,0,0,0,0,0,0,0,0,0,0,0,0,0,0,0,0,0,0,353.324,0,0,-323.091
"MtrElec",12,15,10,"",-46.2787,0,0,0,0,0,0,0,0,0,0,0,0,0,0,0,0,0,0,0,0,417.294,0,0,-463.573
"MtrElec",12,15,11,"",0,0,0,0,0,0,0,0,0,0,0,0,0,0,0,0,0,0,0,0,0,394.662,0,139.364,-534.026
"MtrElec",12,15,12,"",0.0000078,0,0,0,0,0,0,0,0,0,0,0,0,0,0,0,0,0,0,0,0,450.88,0,114.983,-565.864
"MtrElec",12,15,13,"",0,0,0,0,0,0,0,0,0,0,0,0,0,0,0,0,0,0,0,0,0,462.028,0,89.4201,-551.448
"MtrElec",12,15,14,"",0,0,0,0,0,0,0,0,0,0,0,0,0,0,0,0,0,0,0,0,0,414.015,0,90.2587,-504.274
"MtrElec",12,15,15,"",0,0,0,0,0,0,0,0,0,0,0,0,0,0,0,0,0,0,0,0,0,389.67,0,7.80431,-397.474
"MtrElec",12,15,16,"",200.599,0,0,0,0,0,0,0,0,0,0,0,0,0,0,0,0,0,0,0,0,431.216,0,0,-230.617
"MtrElec",12,15,17,"",384.307,0,0,0,0,0,0,0,0,0,0,0,0,0,0,0,0,0,0,0,0,432.059,0,0,-47.7521
"MtrElec",12,15,18,"",446.148,0,0,0,0,0,0,0,0,0,0,0,0,0,0,0,0,0,0,0,0,446.148,0,0,0
"MtrElec",12,15,19,"",228.322,0,0,0,0,0,0,0,0,0,0,0,0,0,0,0,0,0,0,0,0,451.539,0,-223.217,0
"MtrElec",12,15,20,"",225.265,0,0,0,0,0,0,0,0,0,0,0,0,0,0,0,0,0,0,0,0,400.8,0,-175.535,0
"MtrElec",12,15,21,"",440.354,0,0,0,0,0,0,0,0,0,0,0,0,0,0,0,0,0,0,0,0,440.354,0,0,0
"MtrElec",12,15,22,"",314.855,0,0,0,0,0,0,0,0,0,0,0,0,0,0,0,0,0,0,0,0,314.855,0,0,0
"MtrElec",12,15,23,"",289.132,0,0,0,0,0,0,0,0,0,0,0,0,0,0,0,0,0,0,0,0,289.132,0,0,0
"MtrElec",12,15,24,"",227.231,0,0,0,0,0,0,0,0,0,0,0,0,0,0,0,0,0,0,0,0,227.231,0,0,0
"MtrElec",12,16,1,"",176.783,0,0,0,0,0,0,0,0,0,0,0,0,0,0,0,0,0,0,0,0,176.783,0,0,0
"MtrElec",12,16,2,"",159.141,0,0,0,0,0,0,0,0,0,0,0,0,0,0,0,0,0,0,0,0,159.141,0,0,0
"MtrElec",12,16,3,"",155.578,0,0,0,0,0,0,0,0,0,0,0,0,0,0,0,0,0,0,0,0,155.578,0,0,0
"MtrElec",12,16,4,"",155.181,0,0,0,0,0,0,0,0,0,0,0,0,0,0,0,0,0,0,0,0,155.181,0,0,0
"MtrElec",12,16,5,"",202.373,0,0,0,0,0,0,0,0,0,0,0,0,0,0,0,0,0,0,0,0,202.373,0,0,0
"MtrElec",12,16,6,"",154.247,0,0,0,0,0,0,0,0,0,0,0,0,0,0,0,0,0,0,0,0,154.247,0,0,0
"MtrElec",12,16,7,"",246.685,0,0,0,0,0,0,0,0,0,0,0,0,0,0,0,0,0,0,0,0,246.685,0,0,0
"MtrElec",12,16,8,"",185.844,0,0,0,0,0,0,0,0,0,0,0,0,0,0,0,0,0,0,0,0,306.538,0,0,-120.693
"MtrElec",12,16,9,"",50.8753,0,0,0,0,0,0,0,0,0,0,0,0,0,0,0,0,0,0,0,0,377.942,0,0,-327.067
"MtrElec",12,16,10,"",-43.9689,0,0,0,0,0,0,0,0,0,0,0,0,0,0,0,0,0,0,0,0,418.366,0,0,-462.335
"MtrElec",12,16,11,"",0,0,0,0,0,0,0,0,0,0,0,0,0,0,0,0,0,0,0,0,0,459.4,0,84.2576,-543.658
"MtrElec",12,16,12,"",0,0,0,0,0,0,0,0,0,0,0,0,0,0,0,0,0,0,0,0,0,449.747,0,137.071,-586.819
"MtrElec",12,16,13,"",0.0000078,0,0,0,0,0,0,0,0,0,0,0,0,0,0,0,0,0,0,0,0,471.356,0,108.232,-579.589
"MtrElec",12,16,14,"",0,0,0,0,0,0,0,0,0,0,0,0,0,0,0,0,0,0,0,0,0,418.936,0,20.7218,-439.658
"MtrElec",12,16,15,"",64.4691,0,0,0,0,0,0,0,0,0,0,0,0,0,0,0,0,0,0,0,0,392.362,0,0,-327.893
"MtrElec",12,16,16,"",301.33,0,0,0,0,0,0,0,0,0,0,0,0,0,0,0,0,0,0,0,0,412.487,0,0,-111.157
"MtrElec",12,16,17,"",420.545,0,0,0,0,0,0,0,0,0,0,0,0,0,0,0,0,0,0,0,0,429.592,0,0,-9.04691
"MtrElec",12,16,18,"",454.255,0,0,0,0,0,0,0,0,0,0,0,0,0,0,0,0,0,0,0,0,454.255,0,0,0
"MtrElec",12,16,19,"",226.298,0,0,0,0,0,0,0,0,0,0,0,0,0,0,0,0,0,0,0,0,449.515,0,-223.217,0
"MtrElec",12,16,20,"",298.09,0,0,0,0,0,0,0,0,0,0,0,0,0,0,0,0,0,0,0,0,391.004,0,-92.9137,0
"MtrElec",12,16,21,"",449.43,0,0,0,0,0,0,0,0,0,0,0,0,0,0,0,0,0,0,0,0,449.43,0,0,0
"MtrElec",12,16,22,"",299.74,0,0,0,0,0,0,0,0,0,0,0,0,0,0,0,0,0,0,0,0,299.74,0,0,0
"MtrElec",12,16,23,"",268.971,0,0,0,0,0,0,0,0,0,0,0,0,0,0,0,0,0,0,0,0,268.971,0,0,0
"MtrElec",12,16,24,"",194.095,0,0,0,0,0,0,0,0,0,0,0,0,0,0,0,0,0,0,0,0,194.095,0,0,0
"MtrElec",12,17,1,"",182.375,0,0,0,0,0,0,0,0,0,0,0,0,0,0,0,0,0,0,0,0,182.375,0,0,0
"MtrElec",12,17,2,"",158.658,0,0,0,0,0,0,0,0,0,0,0,0,0,0,0,0,0,0,0,0,158.658,0,0,0
"MtrElec",12,17,3,"",168.937,0,0,0,0,0,0,0,0,0,0,0,0,0,0,0,0,0,0,0,0,168.937,0,0,0
"MtrElec",12,17,4,"",195.084,0,0,0,0,0,0,0,0,0,0,0,0,0,0,0,0,0,0,0,0,195.084,0,0,0
"MtrElec",12,17,5,"",164.878,0,0,0,0,0,0,0,0,0,0,0,0,0,0,0,0,0,0,0,0,164.878,0,0,0
"MtrElec",12,17,6,"",163.64,0,0,0,0,0,0,0,0,0,0,0,0,0,0,0,0,0,0,0,0,163.64,0,0,0
"MtrElec",12,17,7,"",254.534,0,0,0,0,0,0,0,0,0,0,0,0,0,0,0,0,0,0,0,0,254.534,0,0,0
"MtrElec",12,17,8,"",194.251,0,0,0,0,0,0,0,0,0,0,0,0,0,0,0,0,0,0,0,0,317.866,0,0,-123.615
"MtrElec",12,17,9,"",38.0098,0,0,0,0,0,0,0,0,0,0,0,0,0,0,0,0,0,0,0,0,370.166,0,0,-332.156
"MtrElec",12,17,10,"",-54.133,0,0,0,0,0,0,0,0,0,0,0,0,0,0,0,0,0,0,0,0,414.295,0,0,-468.428
"MtrElec",12,17,11,"",0,0,0,0,0,0,0,0,0,0,0,0,0,0,0,0,0,0,0,0,0,414.787,0,135.813,-550.6
"MtrElec",12,17,12,"",0,0,0,0,0,0,0,0,0,0,0,0,0,0,0,0,0,0,0,0,0,469.968,0,123.813,-593.78
"MtrElec",12,17,13,"",0,0,0,0,0,0,0,0,0,0,0,0,0,0,0,0,0,0,0,0,0,406.632,0,170.887,-577.519
"MtrElec",12,17,14,"",0.0000078,0,0,0,0,0,0,0,0,0,0,0,0,0,0,0,0,0,0,0,0,418.642,0,96.228,-514.87
"MtrElec",12,17,15,"",0,0,0,0,0,0,0,0,0,0,0,0,0,0,0,0,0,0,0,0,0,391.639,0,15.3017,-406.94
"MtrElec",12,17,16,"",177.208,0,0,0,0,0,0,0,0,0,0,0,0,0,0,0,0,0,0,0,0,421.123,0,0,-243.914
"MtrElec",12,17,17,"",361.453,0,0,0,0,0,0,0,0,0,0,0,0,0,0,0,0,0,0,0,0,413.944,0,0,-52.4912
"MtrElec",12,17,18,"",452.975,0,0,0,0,0,0,0,0,0,0,0,0,0,0,0,0,0,0,0,0,452.975,0,0,0
"MtrElec",12,17,19,"",182.558,0,0,0,0,0,0,0,0,0,0,0,0,0,0,0,0,0,0,0,0,405.775,0,-223.217,0
"MtrElec",12,17,20,"",219.478,0,0,0,0,0,0,0,0,0,0,0,0,0,0,0,0,0,0,0,0,442.694,0,-223.217,0
"MtrElec",12,17,21,"",378.08,0,0,0,0,0,0,0,0,0,0,0,0,0,0,0,0,0,0,0,0,420.84,0,-42.7598,0
"MtrElec",12,17,22,"",318.402,0,0,0,0,0,0,0,0,0,0,0,0,0,0,0,0,0,0,0,0,318.402,0,0,0
"MtrElec",12,17,23,"",235.616,0,0,0,0,0,0,0,0,0,0,0,0,0,0,0,0,0,0,0,0,235.616,0,0,0
"MtrElec",12,17,24,"",250.431,0,0,0,0,0,0,0,0,0,0,0,0,0,0,0,0,0,0,0,0,250.431,0,0,0
"MtrElec",12,18,1,"",171.583,0,0,0,0,0,0,0,0,0,0,0,0,0,0,0,0,0,0,0,0,171.583,0,0,0
"MtrElec",12,18,2,"",155.761,0,0,0,0,0,0,0,0,0,0,0,0,0,0,0,0,0,0,0,0,155.761,0,0,0
"MtrElec",12,18,3,"",149.08,0,0,0,0,0,0,0,0,0,0,0,0,0,0,0,0,0,0,0,0,149.08,0,0,0
"MtrElec",12,18,4,"",151.19,0,0,0,0,0,0,0,0,0,0,0,0,0,0,0,0,0,0,0,0,151.19,0,0,0
"MtrElec",12,18,5,"",154.798,0,0,0,0,0,0,0,0,0,0,0,0,0,0,0,0,0,0,0,0,154.798,0,0,0
"MtrElec",12,18,6,"",209.047,0,0,0,0,0,0,0,0,0,0,0,0,0,0,0,0,0,0,0,0,209.047,0,0,0
"MtrElec",12,18,7,"",202.522,0,0,0,0,0,0,0,0,0,0,0,0,0,0,0,0,0,0,0,0,202.522,0,0,0
"MtrElec",12,18,8,"",179.492,0,0,0,0,0,0,0,0,0,0,0,0,0,0,0,0,0,0,0,0,300.972,0,0,-121.48
"MtrElec",12,18,9,"",23.2651,0,0,0,0,0,0,0,0,0,0,0,0,0,0,0,0,0,0,0,0,358.346,0,0,-335.081
"MtrElec",12,18,10,"",21.4529,0,0,0,0,0,0,0,0,0,0,0,0,0,0,0,0,0,0,0,0,489.895,0,0,-468.442
"MtrElec",12,18,11,"",0,0,0,0,0,0,0,0,0,0,0,0,0,0,0,0,0,0,0,0,0,489.669,0,56.335,-546.004
"MtrElec",12,18,12,"",0.0000078,0,0,0,0,0,0,0,0,0,0,0,0,0,0,0,0,0,0,0,0,459.117,0,115.856,-574.973
"MtrElec",12,18,13,"",0,0,0,0,0,0,0,0,0,0,0,0,0,0,0,0,0,0,0,0,0,393.467,0,163.933,-557.401
"MtrElec",12,18,14,"",0,0,0,0,0,0,0,0,0,0,0,0,0,0,0,0,0,0,0,0,0,424.832,0,75.745,-500.577
"MtrElec",12,18,15,"",18.5011,0,0,0,0,0,0,0,0,0,0,0,0,0,0,0,0,0,0,0,0,413.34,0,0,-394.839
"MtrElec",12,18,16,"",206.687,0,0,0,0,0,0,0,0,0,0,0,0,0,0,0,0,0,0,0,0,438.289,0,0,-231.603
"MtrElec",12,18,17,"",425.128,0,0,0,0,0,0,0,0,0,0,0,0,0,0,0,0,0,0,0,0,473.445,0,0,-48.3163
"MtrElec",12,18,18,"",406.758,0,0,0,0,0,0,0,0,0,0,0,0,0,0,0,0,0,0,0,0,406.758,0,0,0
"MtrElec",12,18,19,"",210.91,0,0,0,0,0,0,0,0,0,0,0,0,0,0,0,0,0,0,0,0,434.127,0,-223.217,0
"MtrElec",12,18,20,"",260.931,0,0,0,0,0,0,0,0,0,0,0,0,0,0,0,0,0,0,0,0,409.426,0,-148.495,0
"MtrElec",12,18,21,"",430.575,0,0,0,0,0,0,0,0,0,0,0,0,0,0,0,0,0,0,0,0,430.575,0,0,0
"MtrElec",12,18,22,"",304.349,0,0,0,0,0,0,0,0,0,0,0,0,0,0,0,0,0,0,0,0,304.349,0,0,0
"MtrElec",12,18,23,"",331.744,0,0,0,0,0,0,0,0,0,0,0,0,0,0,0,0,0,0,0,0,331.744,0,0,0
"MtrElec",12,18,24,"",216.63,0,0,0,0,0,0,0,0,0,0,0,0,0,0,0,0,0,0,0,0,216.63,0,0,0
"MtrElec",12,19,1,"",194.042,0,0,0,0,0,0,0,0,0,0,0,0,0,0,0,0,0,0,0,0,194.042,0,0,0
"MtrElec",12,19,2,"",179.694,0,0,0,0,0,0,0,0,0,0,0,0,0,0,0,0,0,0,0,0,179.694,0,0,0
"MtrElec",12,19,3,"",156.628,0,0,0,0,0,0,0,0,0,0,0,0,0,0,0,0,0,0,0,0,156.628,0,0,0
"MtrElec",12,19,4,"",155.797,0,0,0,0,0,0,0,0,0,0,0,0,0,0,0,0,0,0,0,0,155.797,0,0,0
"MtrElec",12,19,5,"",171.886,0,0,0,0,0,0,0,0,0,0,0,0,0,0,0,0,0,0,0,0,171.886,0,0,0
"MtrElec",12,19,6,"",161.122,0,0,0,0,0,0,0,0,0,0,0,0,0,0,0,0,0,0,0,0,161.122,0,0,0
"MtrElec",12,19,7,"",231.331,0,0,0,0,0,0,0,0,0,0,0,0,0,0,0,0,0,0,0,0,231.331,0,0,0
"MtrElec",12,19,8,"",133.477,0,0,0,0,0,0,0,0,0,0,0,0,0,0,0,0,0,0,0,0,246.947,0,0,-113.47
"MtrElec",12,19,9,"",19.8163,0,0,0,0,0,0,0,0,0,0,0,0,0,0,0,0,0,0,0,0,337.494,0,0,-317.677
"MtrElec",12,19,10,"",-33.4909,0,0,0,0,0,0,0,0,0,0,0,0,0,0,0,0,0,0,0,0,417.305,0,0,-450.796
"MtrElec",12,19,11,"",0.0000039,0,0,0,0,0,0,0,0,0,0,0,0,0,0,0,0,0,0,0,0,495.538,0,39.7008,-535.239
"MtrElec",12,19,12,"",0,0,0,0,0,0,0,0,0,0,0,0,0,0,0,0,0,0,0,0,0,490.574,0,77.8262,-568.4
"MtrElec",12,19,13,"",0,0,0,0,0,0,0,0,0,0,0,0,0,0,0,0,0,0,0,0,0,498.65,0,55.9365,-554.587
"MtrElec",12,19,14,"",0,0,0,0,0,0,0,0,0,0,0,0,0,0,0,0,0,0,0,0,0,471.148,0,31.2538,-502.402
"MtrElec",12,19,15,"",60.0907,0,0,0,0,0,0,0,0,0,0,0,0,0,0,0,0,0,0,0,0,455.046,0,0,-394.956
"MtrElec",12,19,16,"",235.982,0,0,0,0,0,0,0,0,0,0,0,0,0,0,0,0,0,0,0,0,470.855,0,0,-234.873
"MtrElec",12,19,17,"",411.859,0,0,0,0,0,0,0,0,0,0,0,0,0,0,0,0,0,0,0,0,462.13,0,0,-50.2712
"MtrElec",12,19,18,"",414.029,0,0,0,0,0,0,0,0,0,0,0,0,0,0,0,0,0,0,0,0,414.029,0,0,0
"MtrElec",12,19,19,"",258.589,0,0,0,0,0,0,0,0,0,0,0,0,0,0,0,0,0,0,0,0,443.346,0,-184.757,0
"MtrElec",12,19,20,"",387.199,0,0,0,0,0,0,0,0,0,0,0,0,0,0,0,0,0,0,0,0,387.199,0,0,0
"MtrElec",12,19,21,"",338.837,0,0,0,0,0,0,0,0,0,0,0,0,0,0,0,0,0,0,0,0,338.837,0,0,0
"MtrElec",12,19,22,"",300.929,0,0,0,0,0,0,0,0,0,0,0,0,0,0,0,0,0,0,0,0,300.929,0,0,0
"MtrElec",12,19,23,"",226.031,0,0,0,0,0,0,0,0,0,0,0,0,0,0,0,0,0,0,0,0,226.031,0,0,0
"MtrElec",12,19,24,"",240.268,0,0,0,0,0,0,0,0,0,0,0,0,0,0,0,0,0,0,0,0,240.268,0,0,0
"MtrElec",12,20,1,"",189.93,0,0,0,0,0,0,0,0,0,0,0,0,0,0,0,0,0,0,0,0,189.93,0,0,0
"MtrElec",12,20,2,"",160.376,0,0,0,0,0,0,0,0,0,0,0,0,0,0,0,0,0,0,0,0,160.376,0,0,0
"MtrElec",12,20,3,"",158.88,0,0,0,0,0,0,0,0,0,0,0,0,0,0,0,0,0,0,0,0,158.88,0,0,0
"MtrElec",12,20,4,"",157.924,0,0,0,0,0,0,0,0,0,0,0,0,0,0,0,0,0,0,0,0,157.924,0,0,0
"MtrElec",12,20,5,"",171.532,0,0,0,0,0,0,0,0,0,0,0,0,0,0,0,0,0,0,0,0,171.532,0,0,0
"MtrElec",12,20,6,"",200.79,0,0,0,0,0,0,0,0,0,0,0,0,0,0,0,0,0,0,0,0,200.79,0,0,0
"MtrElec",12,20,7,"",162.949,0,0,0,0,0,0,0,0,0,0,0,0,0,0,0,0,0,0,0,0,162.949,0,0,0
"MtrElec",12,20,8,"",124.596,0,0,0,0,0,0,0,0,0,0,0,0,0,0,0,0,0,0,0,0,235.288,0,0,-110.693
"MtrElec",12,20,9,"",-33.7952,0,0,0,0,0,0,0,0,0,0,0,0,0,0,0,0,0,0,0,0,273.673,0,0,-307.468
"MtrElec",12,20,10,"",-136.089,0,0,0,0,0,0,0,0,0,0,0,0,0,0,0,0,0,0,0,0,320.92,0,0,-457.009
"MtrElec",12,20,11,"",0,0,0,0,0,0,0,0,0,0,0,0,0,0,0,0,0,0,0,0,0,459.636,0,87.2381,-546.874
"MtrElec",12,20,12,"",0.0000156,0,0,0,0,0,0,0,0,0,0,0,0,0,0,0,0,0,0,0,0,384.425,0,198.495,-582.92
"MtrElec",12,20,13,"",0.0000078,0,0,0,0,0,0,0,0,0,0,0,0,0,0,0,0,0,0,0,0,462.079,0,101.233,-563.311
"MtrElec",12,20,14,"",0,0,0,0,0,0,0,0,0,0,0,0,0,0,0,0,0,0,0,0,0,344.343,0,149.814,-494.157
"MtrElec",12,20,15,"",0,0,0,0,0,0,0,0,0,0,0,0,0,0,0,0,0,0,0,0,0,367.058,0,26.0844,-393.142
"MtrElec",12,20,16,"",83.5604,0,0,0,0,0,0,0,0,0,0,0,0,0,0,0,0,0,0,0,0,316.344,0,0,-232.784
"MtrElec",12,20,17,"",332.053,0,0,0,0,0,0,0,0,0,0,0,0,0,0,0,0,0,0,0,0,380.59,0,0,-48.5366
"MtrElec",12,20,18,"",353.491,0,0,0,0,0,0,0,0,0,0,0,0,0,0,0,0,0,0,0,0,353.491,0,0,0
"MtrElec",12,20,19,"",201.38,0,0,0,0,0,0,0,0,0,0,0,0,0,0,0,0,0,0,0,0,424.596,0,-223.217,0
"MtrElec",12,20,20,"",133.011,0,0,0,0,0,0,0,0,0,0,0,0,0,0,0,0,0,0,0,0,356.227,0,-223.217,0
"MtrElec",12,20,21,"",252.578,0,0,0,0,0,0,0,0,0,0,0,0,0,0,0,0,0,0,0,0,314.129,0,-61.5512,0
"MtrElec",12,20,22,"",337.27,0,0,0,0,0,0,0,0,0,0,0,0,0,0,0,0,0,0,0,0,337.27,0,0,0
"MtrElec",12,20,23,"",242.656,0,0,0,0,0,0,0,0,0,0,0,0,0,0,0,0,0,0,0,0,242.656,0,0,0
"MtrElec",12,20,24,"",208.423,0,0,0,0,0,0,0,0,0,0,0,0,0,0,0,0,0,0,0,0,208.423,0,0,0
"MtrElec",12,21,1,"",159.777,0,0,0,0,0,0,0,0,0,0,0,0,0,0,0,0,0,0,0,0,159.777,0,0,0
"MtrElec",12,21,2,"",155.133,0,0,0,0,0,0,0,0,0,0,0,0,0,0,0,0,0,0,0,0,155.133,0,0,0
"MtrElec",12,21,3,"",151.959,0,0,0,0,0,0,0,0,0,0,0,0,0,0,0,0,0,0,0,0,151.959,0,0,0
"MtrElec",12,21,4,"",152.029,0,0,0,0,0,0,0,0,0,0,0,0,0,0,0,0,0,0,0,0,152.029,0,0,0
"MtrElec",12,21,5,"",148.436,0,0,0,0,0,0,0,0,0,0,0,0,0,0,0,0,0,0,0,0,148.436,0,0,0
"MtrElec",12,21,6,"",195.335,0,0,0,0,0,0,0,0,0,0,0,0,0,0,0,0,0,0,0,0,195.335,0,0,0
"MtrElec",12,21,7,"",230.423,0,0,0,0,0,0,0,0,0,0,0,0,0,0,0,0,0,0,0,0,230.423,0,0,0
"MtrElec",12,21,8,"",212.873,0,0,0,0,0,0,0,0,0,0,0,0,0,0,0,0,0,0,0,0,311.603,0,0,-98.7299
"MtrElec",12,21,9,"",64.2932,0,0,0,0,0,0,0,0,0,0,0,0,0,0,0,0,0,0,0,0,360.199,0,0,-295.906
"MtrElec",12,21,10,"",14.3248,0,0,0,0,0,0,0,0,0,0,0,0,0,0,0,0,0,0,0,0,463.181,0,0,-448.856
"MtrElec",12,21,11,"",0,0,0,0,0,0,0,0,0,0,0,0,0,0,0,0,0,0,0,0,0,408.215,0,142.505,-550.72
"MtrElec",12,21,12,"",0,0,0,0,0,0,0,0,0,0,0,0,0,0,0,0,0,0,0,0,0,411.531,0,180.696,-592.228
"MtrElec",12,21,13,"",0,0,0,0,0,0,0,0,0,0,0,0,0,0,0,0,0,0,0,0,0,425.47,0,156.162,-581.632
"MtrElec",12,21,14,"",0,0,0,0,0,0,0,0,0,0,0,0,0,0,0,0,0,0,0,0,0,373.162,0,152.048,-525.21
"MtrElec",12,21,15,"",0,0,0,0,0,0,0,0,0,0,0,0,0,0,0,0,0,0,0,0,0,347.083,0,67.0909,-414.174
"MtrElec",12,21,16,"",141.784,0,0,0,0,0,0,0,0,0,0,0,0,0,0,0,0,0,0,0,0,382.33,0,0,-240.546
"MtrElec",12,21,17,"",388.187,0,0,0,0,0,0,0,0,0,0,0,0,0,0,0,0,0,0,0,0,438.75,0,0,-50.5631
"MtrElec",12,21,18,"",402.206,0,0,0,0,0,0,0,0,0,0,0,0,0,0,0,0,0,0,0,0,402.206,0,0,0
"MtrElec",12,21,19,"",215.264,0,0,0,0,0,0,0,0,0,0,0,0,0,0,0,0,0,0,0,0,438.48,0,-223.217,0
"MtrElec",12,21,20,"",161.243,0,0,0,0,0,0,0,0,0,0,0,0,0,0,0,0,0,0,0,0,384.459,0,-223.217,0
"MtrElec",12,21,21,"",242.987,0,0,0,0,0,0,0,0,0,0,0,0,0,0,0,0,0,0,0,0,426.951,0,-183.964,0
"MtrElec",12,21,22,"",322.655,0,0,0,0,0,0,0,0,0,0,0,0,0,0,0,0,0,0,0,0,322.655,0,0,0
"MtrElec",12,21,23,"",248.336,0,0,0,0,0,0,0,0,0,0,0,0,0,0,0,0,0,0,0,0,248.336,0,0,0
"MtrElec",12,21,24,"",211.468,0,0,0,0,0,0,0,0,0,0,0,0,0,0,0,0,0,0,0,0,211.468,0,0,0
"MtrElec",12,22,1,"",177.905,0,0,0,0,0,0,0,0,0,0,0,0,0,0,0,0,0,0,0,0,177.905,0,0,0
"MtrElec",12,22,2,"",158.693,0,0,0,0,0,0,0,0,0,0,0,0,0,0,0,0,0,0,0,0,158.693,0,0,0
"MtrElec",12,22,3,"",161.791,0,0,0,0,0,0,0,0,0,0,0,0,0,0,0,0,0,0,0,0,161.791,0,0,0
"MtrElec",12,22,4,"",159.901,0,0,0,0,0,0,0,0,0,0,0,0,0,0,0,0,0,0,0,0,159.901,0,0,0
"MtrElec",12,22,5,"",156.741,0,0,0,0,0,0,0,0,0,0,0,0,0,0,0,0,0,0,0,0,156.741,0,0,0
"MtrElec",12,22,6,"",185.623,0,0,0,0,0,0,0,0,0,0,0,0,0,0,0,0,0,0,0,0,185.623,0,0,0
"MtrElec",12,22,7,"",275.215,0,0,0,0,0,0,0,0,0,0,0,0,0,0,0,0,0,0,0,0,275.215,0,0,0
"MtrElec",12,22,8,"",272.48,0,0,0,0,0,0,0,0,0,0,0,0,0,0,0,0,0,0,0,0,307.618,0,0,-35.1375
"MtrElec",12,22,9,"",221.03,0,0,0,0,0,0,0,0,0,0,0,0,0,0,0,0,0,0,0,0,353.876,0,0,-132.847
"MtrElec",12,22,10,"",142.184,0,0,0,0,0,0,0,0,0,0,0,0,0,0,0,0,0,0,0,0,393.423,0,0,-251.24
"MtrElec",12,22,11,"",140.95,0,0,0,0,0,0,0,0,0,0,0,0,0,0,0,0,0,0,0,0,485.527,0,0,-344.577
"MtrElec",12,22,12,"",0,0,0,0,0,0,0,0,0,0,0,0,0,0,0,0,0,0,0,0,0,387.913,0,1.04522,-388.958
"MtrElec",12,22,13,"",0.0000039,0,0,0,0,0,0,0,0,0,0,0,0,0,0,0,0,0,0,0,0,374.523,0,40.8215,-415.345
"MtrElec",12,22,14,"",10.2538,0,0,0,0,0,0,0,0,0,0,0,0,0,0,0,0,0,0,0,0,368.501,0,0,-358.247
"MtrElec",12,22,15,"",42.8659,0,0,0,0,0,0,0,0,0,0,0,0,0,0,0,0,0,0,0,0,336.691,0,0,-293.825
"MtrElec",12,22,16,"",179.802,0,0,0,0,0,0,0,0,0,0,0,0,0,0,0,0,0,0,0,0,379.809,0,0,-200.007
"MtrElec",12,22,17,"",328.093,0,0,0,0,0,0,0,0,0,0,0,0,0,0,0,0,0,0,0,0,381.74,0,0,-53.6472
"MtrElec",12,22,18,"",413.5,0,0,0,0,0,0,0,0,0,0,0,0,0,0,0,0,0,0,0,0,413.5,0,0,0
"MtrElec",12,22,19,"",358.73,0,0,0,0,0,0,0,0,0,0,0,0,0,0,0,0,0,0,0,0,396.515,0,-37.7847,0
"MtrElec",12,22,20,"",434.44,0,0,0,0,0,0,0,0,0,0,0,0,0,0,0,0,0,0,0,0,434.44,0,0,0
"MtrElec",12,22,21,"",356.309,0,0,0,0,0,0,0,0,0,0,0,0,0,0,0,0,0,0,0,0,356.309,0,0,0
"MtrElec",12,22,22,"",342.48,0,0,0,0,0,0,0,0,0,0,0,0,0,0,0,0,0,0,0,0,342.48,0,0,0
"MtrElec",12,22,23,"",273.877,0,0,0,0,0,0,0,0,0,0,0,0,0,0,0,0,0,0,0,0,273.877,0,0,0
"MtrElec",12,22,24,"",223.976,0,0,0,0,0,0,0,0,0,0,0,0,0,0,0,0,0,0,0,0,223.976,0,0,0
"MtrElec",12,23,1,"",180.015,0,0,0,0,0,0,0,0,0,0,0,0,0,0,0,0,0,0,0,0,180.015,0,0,0
"MtrElec",12,23,2,"",168.632,0,0,0,0,0,0,0,0,0,0,0,0,0,0,0,0,0,0,0,0,168.632,0,0,0
"MtrElec",12,23,3,"",170.427,0,0,0,0,0,0,0,0,0,0,0,0,0,0,0,0,0,0,0,0,170.427,0,0,0
"MtrElec",12,23,4,"",174.343,0,0,0,0,0,0,0,0,0,0,0,0,0,0,0,0,0,0,0,0,174.343,0,0,0
"MtrElec",12,23,5,"",174.237,0,0,0,0,0,0,0,0,0,0,0,0,0,0,0,0,0,0,0,0,174.237,0,0,0
"MtrElec",12,23,6,"",227.837,0,0,0,0,0,0,0,0,0,0,0,0,0,0,0,0,0,0,0,0,227.837,0,0,0
"MtrElec",12,23,7,"",298.93,0,0,0,0,0,0,0,0,0,0,0,0,0,0,0,0,0,0,0,0,298.93,0,0,0
"MtrElec",12,23,8,"",226.57,0,0,0,0,0,0,0,0,0,0,0,0,0,0,0,0,0,0,0,0,342.732,0,0,-116.162
"MtrElec",12,23,9,"",59.6217,0,0,0,0,0,0,0,0,0,0,0,0,0,0,0,0,0,0,0,0,382.562,0,0,-322.941
"MtrElec",12,23,10,"",-36.4798,0,0,0,0,0,0,0,0,0,0,0,0,0,0,0,0,0,0,0,0,427.893,0,0,-464.372
"MtrElec",12,23,11,"",0.0000078,0,0,0,0,0,0,0,0,0,0,0,0,0,0,0,0,0,0,0,0,434.178,0,116.965,-551.142
"MtrElec",12,23,12,"",0.0000156,0,0,0,0,0,0,0,0,0,0,0,0,0,0,0,0,0,0,0,0,392.703,0,209.245,-601.948
"MtrElec",12,23,13,"",0,0,0,0,0,0,0,0,0,0,0,0,0,0,0,0,0,0,0,0,0,430.663,0,159.023,-589.686
"MtrElec",12,23,14,"",0,0,0,0,0,0,0,0,0,0,0,0,0,0,0,0,0,0,0,0,0,388.472,0,135.001,-523.473
"MtrElec",12,23,15,"",0,0,0,0,0,0,0,0,0,0,0,0,0,0,0,0,0,0,0,0,0,337.772,0,83.0406,-420.813
"MtrElec",12,23,16,"",138.545,0,0,0,0,0,0,0,0,0,0,0,0,0,0,0,0,0,0,0,0,391.386,0,0,-252.841
"MtrElec",12,23,17,"",318.21,0,0,0,0,0,0,0,0,0,0,0,0,0,0,0,0,0,0,0,0,376.693,0,0,-58.4835
"MtrElec",12,23,18,"",423.307,0,0,0,0,0,0,0,0,0,0,0,0,0,0,0,0,0,0,0,0,423.307,0,0,0
"MtrElec",12,23,19,"",174.369,0,0,0,0,0,0,0,0,0,0,0,0,0,0,0,0,0,0,0,0,397.586,0,-223.217,0
"MtrElec",12,23,20,"",214.097,0,0,0,0,0,0,0,0,0,0,0,0,0,0,0,0,0,0,0,0,437.314,0,-223.217,0
"MtrElec",12,23,21,"",169.15,0,0,0,0,0,0,0,0,0,0,0,0,0,0,0,0,0,0,0,0,357.422,0,-188.271,0
"MtrElec",12,23,22,"",329.328,0,0,0,0,0,0,0,0,0,0,0,0,0,0,0,0,0,0,0,0,329.328,0,0,0
"MtrElec",12,23,23,"",232.034,0,0,0,0,0,0,0,0,0,0,0,0,0,0,0,0,0,0,0,0,232.034,0,0,0
"MtrElec",12,23,24,"",251.182,0,0,0,0,0,0,0,0,0,0,0,0,0,0,0,0,0,0,0,0,251.182,0,0,0
"MtrElec",12,24,1,"",173.078,0,0,0,0,0,0,0,0,0,0,0,0,0,0,0,0,0,0,0,0,173.078,0,0,0
"MtrElec",12,24,2,"",169.925,0,0,0,0,0,0,0,0,0,0,0,0,0,0,0,0,0,0,0,0,169.925,0,0,0
"MtrElec",12,24,3,"",175.378,0,0,0,0,0,0,0,0,0,0,0,0,0,0,0,0,0,0,0,0,175.378,0,0,0
"MtrElec",12,24,4,"",170.852,0,0,0,0,0,0,0,0,0,0,0,0,0,0,0,0,0,0,0,0,170.852,0,0,0
"MtrElec",12,24,5,"",172.102,0,0,0,0,0,0,0,0,0,0,0,0,0,0,0,0,0,0,0,0,172.102,0,0,0
"MtrElec",12,24,6,"",243.727,0,0,0,0,0,0,0,0,0,0,0,0,0,0,0,0,0,0,0,0,243.727,0,0,0
"MtrElec",12,24,7,"",215.962,0,0,0,0,0,0,0,0,0,0,0,0,0,0,0,0,0,0,0,0,215.962,0,0,0
"MtrElec",12,24,8,"",209.79,0,0,0,0,0,0,0,0,0,0,0,0,0,0,0,0,0,0,0,0,322.587,0,0,-112.798
"MtrElec",12,24,9,"",60.1396,0,0,0,0,0,0,0,0,0,0,0,0,0,0,0,0,0,0,0,0,376.345,0,0,-316.206
"MtrElec",12,24,10,"",-53.527,0,0,0,0,0,0,0,0,0,0,0,0,0,0,0,0,0,0,0,0,403.598,0,0,-457.125
"MtrElec",12,24,11,"",0.0000156,0,0,0,0,0,0,0,0,0,0,0,0,0,0,0,0,0,0,0,0,324.513,0,220.167,-544.68
"MtrElec",12,24,12,"",0,0,0,0,0,0,0,0,0,0,0,0,0,0,0,0,0,0,0,0,0,405.523,0,186.93,-592.453
"MtrElec",12,24,13,"",0,0,0,0,0,0,0,0,0,0,0,0,0,0,0,0,0,0,0,0,0,362.205,0,220.205,-582.41
"MtrElec",12,24,14,"",0,0,0,0,0,0,0,0,0,0,0,0,0,0,0,0,0,0,0,0,0,381.945,0,142.641,-524.586
"MtrElec",12,24,15,"",-24.5371,0,0,0,0,0,0,0,0,0,0,0,0,0,0,0,0,0,0,0,0,364.628,0,28.9387,-418.104
"MtrElec",12,24,16,"",156.643,0,0,0,0,0,0,0,0,0,0,0,0,0,0,0,0,0,0,0,0,407.433,0,0,-250.791
"MtrElec",12,24,17,"",379.882,0,0,0,0,0,0,0,0,0,0,0,0,0,0,0,0,0,0,0,0,435.71,0,0,-55.8274
"MtrElec",12,24,18,"",393.491,0,0,0,0,0,0,0,0,0,0,0,0,0,0,0,0,0,0,0,0,393.491,0,0,0
"MtrElec",12,24,19,"",198.732,0,0,0,0,0,0,0,0,0,0,0,0,0,0,0,0,0,0,0,0,421.949,0,-223.217,0
"MtrElec",12,24,20,"",200.322,0,0,0,0,0,0,0,0,0,0,0,0,0,0,0,0,0,0,0,0,423.539,0,-223.217,0
"MtrElec",12,24,21,"",192.535,0,0,0,0,0,0,0,0,0,0,0,0,0,0,0,0,0,0,0,0,415.752,0,-223.217,0
"MtrElec",12,24,22,"",259.277,0,0,0,0,0,0,0,0,0,0,0,0,0,0,0,0,0,0,0,0,310.617,0,-51.3398,0
"MtrElec",12,24,23,"",262.027,0,0,0,0,0,0,0,0,0,0,0,0,0,0,0,0,0,0,0,0,262.027,0,0,0
"MtrElec",12,24,24,"",234.534,0,0,0,0,0,0,0,0,0,0,0,0,0,0,0,0,0,0,0,0,234.534,0,0,0
"MtrElec",12,25,1,"",184.727,0,0,0,0,0,0,0,0,0,0,0,0,0,0,0,0,0,0,0,0,184.727,0,0,0
"MtrElec",12,25,2,"",170.325,0,0,0,0,0,0,0,0,0,0,0,0,0,0,0,0,0,0,0,0,170.325,0,0,0
"MtrElec",12,25,3,"",165.683,0,0,0,0,0,0,0,0,0,0,0,0,0,0,0,0,0,0,0,0,165.683,0,0,0
"MtrElec",12,25,4,"",168.492,0,0,0,0,0,0,0,0,0,0,0,0,0,0,0,0,0,0,0,0,168.492,0,0,0
"MtrElec",12,25,5,"",167.207,0,0,0,0,0,0,0,0,0,0,0,0,0,0,0,0,0,0,0,0,167.207,0,0,0
"MtrElec",12,25,6,"",249.378,0,0,0,0,0,0,0,0,0,0,0,0,0,0,0,0,0,0,0,0,249.378,0,0,0
"MtrElec",12,25,7,"",236.429,0,0,0,0,0,0,0,0,0,0,0,0,0,0,0,0,0,0,0,0,236.429,0,0,0
"MtrElec",12,25,8,"",178.631,0,0,0,0,0,0,0,0,0,0,0,0,0,0,0,0,0,0,0,0,289.532,0,0,-110.902
"MtrElec",12,25,9,"",12.3317,0,0,0,0,0,0,0,0,0,0,0,0,0,0,0,0,0,0,0,0,329.279,0,0,-316.947
"MtrElec",12,25,10,"",-37.6026,0,0,0,0,0,0,0,0,0,0,0,0,0,0,0,0,0,0,0,0,421.154,0,0,-458.756
"MtrElec",12,25,11,"",0,0,0,0,0,0,0,0,0,0,0,0,0,0,0,0,0,0,0,0,0,454.463,0,101.574,-556.037
"MtrElec",12,25,12,"",0,0,0,0,0,0,0,0,0,0,0,0,0,0,0,0,0,0,0,0,0,450.191,0,144.586,-594.777
"MtrElec",12,25,13,"",-1.52828,0,0,0,0,0,0,0,0,0,0,0,0,0,0,0,0,0,0,0,0,345.612,0,223.217,-570.357
"MtrElec",12,25,14,"",0,0,0,0,0,0,0,0,0,0,0,0,0,0,0,0,0,0,0,0,0,347.902,0,164.344,-512.246
"MtrElec",12,25,15,"",0,0,0,0,0,0,0,0,0,0,0,0,0,0,0,0,0,0,0,0,0,351.263,0,59.5956,-410.858
"MtrElec",12,25,16,"",53.7261,0,0,0,0,0,0,0,0,0,0,0,0,0,0,0,0,0,0,0,0,303.816,0,0,-250.09
"MtrElec",12,25,17,"",304.197,0,0,0,0,0,0,0,0,0,0,0,0,0,0,0,0,0,0,0,0,347.82,0,0,-43.6228
"MtrElec",12,25,18,"",395.699,0,0,0,0,0,0,0,0,0,0,0,0,0,0,0,0,0,0,0,0,395.699,0,0,0
"MtrElec",12,25,19,"",150.573,0,0,0,0,0,0,0,0,0,0,0,0,0,0,0,0,0,0,0,0,373.79,0,-223.217,0
"MtrElec",12,25,20,"",63.6534,0,0,0,0,0,0,0,0,0,0,0,0,0,0,0,0,0,0,0,0,286.87,0,-223.217,0
"MtrElec",12,25,21,"",142.232,0,0,0,0,0,0,0,0,0,0,0,0,0,0,0,0,0,0,0,0,321.516,0,-179.284,0
"MtrElec",12,25,22,"",278.165,0,0,0,0,0,0,0,0,0,0,0,0,0,0,0,0,0,0,0,0,278.165,0,0,0
"MtrElec",12,25,23,"",209.92,0,0,0,0,0,0,0,0,0,0,0,0,0,0,0,0,0,0,0,0,209.92,0,0,0
"MtrElec",12,25,24,"",230.756,0,0,0,0,0,0,0,0,0,0,0,0,0,0,0,0,0,0,0,0,230.756,0,0,0
"MtrElec",12,26,1,"",190.265,0,0,0,0,0,0,0,0,0,0,0,0,0,0,0,0,0,0,0,0,190.265,0,0,0
"MtrElec",12,26,2,"",169.066,0,0,0,0,0,0,0,0,0,0,0,0,0,0,0,0,0,0,0,0,169.066,0,0,0
"MtrElec",12,26,3,"",165.466,0,0,0,0,0,0,0,0,0,0,0,0,0,0,0,0,0,0,0,0,165.466,0,0,0
"MtrElec",12,26,4,"",170.27,0,0,0,0,0,0,0,0,0,0,0,0,0,0,0,0,0,0,0,0,170.27,0,0,0
"MtrElec",12,26,5,"",187.698,0,0,0,0,0,0,0,0,0,0,0,0,0,0,0,0,0,0,0,0,187.698,0,0,0
"MtrElec",12,26,6,"",171.395,0,0,0,0,0,0,0,0,0,0,0,0,0,0,0,0,0,0,0,0,171.395,0,0,0
"MtrElec",12,26,7,"",191.461,0,0,0,0,0,0,0,0,0,0,0,0,0,0,0,0,0,0,0,0,191.461,0,0,0
"MtrElec",12,26,8,"",275.028,0,0,0,0,0,0,0,0,0,0,0,0,0,0,0,0,0,0,0,0,278.688,0,0,-3.65981
"MtrElec",12,26,9,"",187.359,0,0,0,0,0,0,0,0,0,0,0,0,0,0,0,0,0,0,0,0,297.277,0,0,-109.918
"MtrElec",12,26,10,"",255.19,0,0,0,0,0,0,0,0,0,0,0,0,0,0,0,0,0,0,0,0,374.66,0,0,-119.47
"MtrElec",12,26,11,"",233.748,0,0,0,0,0,0,0,0,0,0,0,0,0,0,0,0,0,0,0,0,435.669,0,0,-201.921
"MtrElec",12,26,12,"",124.423,0,0,0,0,0,0,0,0,0,0,0,0,0,0,0,0,0,0,0,0,419.007,0,0,-294.584
"MtrElec",12,26,13,"",250.723,0,0,0,0,0,0,0,0,0,0,0,0,0,0,0,0,0,0,0,0,443.988,0,0,-193.265
"MtrElec",12,26,14,"",140.298,0,0,0,0,0,0,0,0,0,0,0,0,0,0,0,0,0,0,0,0,361.26,0,0,-220.963
"MtrElec",12,26,15,"",306.366,0,0,0,0,0,0,0,0,0,0,0,0,0,0,0,0,0,0,0,0,415.353,0,0,-108.987
"MtrElec",12,26,16,"",301.163,0,0,0,0,0,0,0,0,0,0,0,0,0,0,0,0,0,0,0,0,380.474,0,0,-79.3111
"MtrElec",12,26,17,"",321.413,0,0,0,0,0,0,0,0,0,0,0,0,0,0,0,0,0,0,0,0,333.093,0,0,-11.6802
"MtrElec",12,26,18,"",424.177,0,0,0,0,0,0,0,0,0,0,0,0,0,0,0,0,0,0,0,0,424.177,0,0,0
"MtrElec",12,26,19,"",406.734,0,0,0,0,0,0,0,0,0,0,0,0,0,0,0,0,0,0,0,0,406.734,0,0,0
"MtrElec",12,26,20,"",362.635,0,0,0,0,0,0,0,0,0,0,0,0,0,0,0,0,0,0,0,0,362.635,0,0,0
"MtrElec",12,26,21,"",356.954,0,0,0,0,0,0,0,0,0,0,0,0,0,0,0,0,0,0,0,0,356.954,0,0,0
"MtrElec",12,26,22,"",331.391,0,0,0,0,0,0,0,0,0,0,0,0,0,0,0,0,0,0,0,0,331.391,0,0,0
"MtrElec",12,26,23,"",214.414,0,0,0,0,0,0,0,0,0,0,0,0,0,0,0,0,0,0,0,0,214.414,0,0,0
"MtrElec",12,26,24,"",255.82,0,0,0,0,0,0,0,0,0,0,0,0,0,0,0,0,0,0,0,0,255.82,0,0,0
"MtrElec",12,27,1,"",178.672,0,0,0,0,0,0,0,0,0,0,0,0,0,0,0,0,0,0,0,0,178.672,0,0,0
"MtrElec",12,27,2,"",161.078,0,0,0,0,0,0,0,0,0,0,0,0,0,0,0,0,0,0,0,0,161.078,0,0,0
"MtrElec",12,27,3,"",157.963,0,0,0,0,0,0,0,0,0,0,0,0,0,0,0,0,0,0,0,0,157.963,0,0,0
"MtrElec",12,27,4,"",159.949,0,0,0,0,0,0,0,0,0,0,0,0,0,0,0,0,0,0,0,0,159.949,0,0,0
"MtrElec",12,27,5,"",164.335,0,0,0,0,0,0,0,0,0,0,0,0,0,0,0,0,0,0,0,0,164.335,0,0,0
"MtrElec",12,27,6,"",160.638,0,0,0,0,0,0,0,0,0,0,0,0,0,0,0,0,0,0,0,0,160.638,0,0,0
"MtrElec",12,27,7,"",205.638,0,0,0,0,0,0,0,0,0,0,0,0,0,0,0,0,0,0,0,0,205.638,0,0,0
"MtrElec",12,27,8,"",281.458,0,0,0,0,0,0,0,0,0,0,0,0,0,0,0,0,0,0,0,0,281.458,0,0,0
"MtrElec",12,27,9,"",229.435,0,0,0,0,0,0,0,0,0,0,0,0,0,0,0,0,0,0,0,0,284.522,0,0,-55.0871
"MtrElec",12,27,10,"",182.808,0,0,0,0,0,0,0,0,0,0,0,0,0,0,0,0,0,0,0,0,349.362,0,0,-166.554
"MtrElec",12,27,11,"",178.375,0,0,0,0,0,0,0,0,0,0,0,0,0,0,0,0,0,0,0,0,384.152,0,0,-205.777
"MtrElec",12,27,12,"",210.667,0,0,0,0,0,0,0,0,0,0,0,0,0,0,0,0,0,0,0,0,403.127,0,0,-192.46
"MtrElec",12,27,13,"",269.534,0,0,0,0,0,0,0,0,0,0,0,0,0,0,0,0,0,0,0,0,399.142,0,0,-129.608
"MtrElec",12,27,14,"",165.264,0,0,0,0,0,0,0,0,0,0,0,0,0,0,0,0,0,0,0,0,306.923,0,0,-141.659
"MtrElec",12,27,15,"",315.019,0,0,0,0,0,0,0,0,0,0,0,0,0,0,0,0,0,0,0,0,385.053,0,0,-70.0342
"MtrElec",12,27,16,"",296.868,0,0,0,0,0,0,0,0,0,0,0,0,0,0,0,0,0,0,0,0,337.716,0,0,-40.8482
"MtrElec",12,27,17,"",320.09,0,0,0,0,0,0,0,0,0,0,0,0,0,0,0,0,0,0,0,0,320.501,0,0,-0.410399
"MtrElec",12,27,18,"",348.021,0,0,0,0,0,0,0,0,0,0,0,0,0,0,0,0,0,0,0,0,348.021,0,0,0
"MtrElec",12,27,19,"",408.836,0,0,0,0,0,0,0,0,0,0,0,0,0,0,0,0,0,0,0,0,408.836,0,0,0
"MtrElec",12,27,20,"",314.366,0,0,0,0,0,0,0,0,0,0,0,0,0,0,0,0,0,0,0,0,314.366,0,0,0
"MtrElec",12,27,21,"",320.653,0,0,0,0,0,0,0,0,0,0,0,0,0,0,0,0,0,0,0,0,320.653,0,0,0
"MtrElec",12,27,22,"",266.34,0,0,0,0,0,0,0,0,0,0,0,0,0,0,0,0,0,0,0,0,266.34,0,0,0
"MtrElec",12,27,23,"",243.498,0,0,0,0,0,0,0,0,0,0,0,0,0,0,0,0,0,0,0,0,243.498,0,0,0
"MtrElec",12,27,24,"",203.731,0,0,0,0,0,0,0,0,0,0,0,0,0,0,0,0,0,0,0,0,203.731,0,0,0
"MtrElec",12,28,1,"",164.835,0,0,0,0,0,0,0,0,0,0,0,0,0,0,0,0,0,0,0,0,164.835,0,0,0
"MtrElec",12,28,2,"",161.91,0,0,0,0,0,0,0,0,0,0,0,0,0,0,0,0,0,0,0,0,161.91,0,0,0
"MtrElec",12,28,3,"",194.049,0,0,0,0,0,0,0,0,0,0,0,0,0,0,0,0,0,0,0,0,194.049,0,0,0
"MtrElec",12,28,4,"",167.763,0,0,0,0,0,0,0,0,0,0,0,0,0,0,0,0,0,0,0,0,167.763,0,0,0
"MtrElec",12,28,5,"",161.487,0,0,0,0,0,0,0,0,0,0,0,0,0,0,0,0,0,0,0,0,161.487,0,0,0
"MtrElec",12,28,6,"",161.1,0,0,0,0,0,0,0,0,0,0,0,0,0,0,0,0,0,0,0,0,161.1,0,0,0
"MtrElec",12,28,7,"",264.349,0,0,0,0,0,0,0,0,0,0,0,0,0,0,0,0,0,0,0,0,264.349,0,0,0
"MtrElec",12,28,8,"",318.993,0,0,0,0,0,0,0,0,0,0,0,0,0,0,0,0,0,0,0,0,318.993,0,0,0
"MtrElec",12,28,9,"",364.797,0,0,0,0,0,0,0,0,0,0,0,0,0,0,0,0,0,0,0,0,367.545,0,0,-2.74849
"MtrElec",12,28,10,"",297.992,0,0,0,0,0,0,0,0,0,0,0,0,0,0,0,0,0,0,0,0,430.315,0,0,-132.324
"MtrElec",12,28,11,"",84.8137,0,0,0,0,0,0,0,0,0,0,0,0,0,0,0,0,0,0,0,0,379.795,0,0,-294.981
"MtrElec",12,28,12,"",0.0000010,0,0,0,0,0,0,0,0,0,0,0,0,0,0,0,0,0,0,0,0,390.069,0,9.96253,-400.032
"MtrElec",12,28,13,"",0.0000005,0,0,0,0,0,0,0,0,0,0,0,0,0,0,0,0,0,0,0,0,318.667,0,7.35819,-326.025
"MtrElec",12,28,14,"",163.098,0,0,0,0,0,0,0,0,0,0,0,0,0,0,0,0,0,0,0,0,369.965,0,0,-206.867
"MtrElec",12,28,15,"",253.494,0,0,0,0,0,0,0,0,0,0,0,0,0,0,0,0,0,0,0,0,321.973,0,0,-68.4796
"MtrElec",12,28,16,"",370.398,0,0,0,0,0,0,0,0,0,0,0,0,0,0,0,0,0,0,0,0,381.252,0,0,-10.8539
"MtrElec",12,28,17,"",388.571,0,0,0,0,0,0,0,0,0,0,0,0,0,0,0,0,0,0,0,0,388.571,0,0,0
"MtrElec",12,28,18,"",439.371,0,0,0,0,0,0,0,0,0,0,0,0,0,0,0,0,0,0,0,0,439.371,0,0,0
"MtrElec",12,28,19,"",396.65,0,0,0,0,0,0,0,0,0,0,0,0,0,0,0,0,0,0,0,0,412.282,0,-15.632,0
"MtrElec",12,28,20,"",404.571,0,0,0,0,0,0,0,0,0,0,0,0,0,0,0,0,0,0,0,0,404.571,0,0,0
"MtrElec",12,28,21,"",409.709,0,0,0,0,0,0,0,0,0,0,0,0,0,0,0,0,0,0,0,0,409.709,0,0,0
"MtrElec",12,28,22,"",264.836,0,0,0,0,0,0,0,0,0,0,0,0,0,0,0,0,0,0,0,0,264.836,0,0,0
"MtrElec",12,28,23,"",329.629,0,0,0,0,0,0,0,0,0,0,0,0,0,0,0,0,0,0,0,0,329.629,0,0,0
"MtrElec",12,28,24,"",226.521,0,0,0,0,0,0,0,0,0,0,0,0,0,0,0,0,0,0,0,0,226.521,0,0,0
"MtrElec",12,29,1,"",172.639,0,0,0,0,0,0,0,0,0,0,0,0,0,0,0,0,0,0,0,0,172.639,0,0,0
"MtrElec",12,29,2,"",159.136,0,0,0,0,0,0,0,0,0,0,0,0,0,0,0,0,0,0,0,0,159.136,0,0,0
"MtrElec",12,29,3,"",155.803,0,0,0,0,0,0,0,0,0,0,0,0,0,0,0,0,0,0,0,0,155.803,0,0,0
"MtrElec",12,29,4,"",199.377,0,0,0,0,0,0,0,0,0,0,0,0,0,0,0,0,0,0,0,0,199.377,0,0,0
"MtrElec",12,29,5,"",155.355,0,0,0,0,0,0,0,0,0,0,0,0,0,0,0,0,0,0,0,0,155.355,0,0,0
"MtrElec",12,29,6,"",161.431,0,0,0,0,0,0,0,0,0,0,0,0,0,0,0,0,0,0,0,0,161.431,0,0,0
"MtrElec",12,29,7,"",259.901,0,0,0,0,0,0,0,0,0,0,0,0,0,0,0,0,0,0,0,0,259.901,0,0,0
"MtrElec",12,29,8,"",306.524,0,0,0,0,0,0,0,0,0,0,0,0,0,0,0,0,0,0,0,0,314.662,0,0,-8.13783
"MtrElec",12,29,9,"",363.589,0,0,0,0,0,0,0,0,0,0,0,0,0,0,0,0,0,0,0,0,370.193,0,0,-6.60414
"MtrElec",12,29,10,"",302.71,0,0,0,0,0,0,0,0,0,0,0,0,0,0,0,0,0,0,0,0,433.14,0,0,-130.431
"MtrElec",12,29,11,"",158.487,0,0,0,0,0,0,0,0,0,0,0,0,0,0,0,0,0,0,0,0,415.797,0,0,-257.31
"MtrElec",12,29,12,"",26.7288,0,0,0,0,0,0,0,0,0,0,0,0,0,0,0,0,0,0,0,0,398.709,0,0,-371.98
"MtrElec",12,29,13,"",246.797,0,0,0,0,0,0,0,0,0,0,0,0,0,0,0,0,0,0,0,0,417.557,0,0,-170.76
"MtrElec",12,29,14,"",240.991,0,0,0,0,0,0,0,0,0,0,0,0,0,0,0,0,0,0,0,0,307.148,0,0,-66.1572
"MtrElec",12,29,15,"",240.396,0,0,0,0,0,0,0,0,0,0,0,0,0,0,0,0,0,0,0,0,363.161,0,0,-122.765
"MtrElec",12,29,16,"",115.192,0,0,0,0,0,0,0,0,0,0,0,0,0,0,0,0,0,0,0,0,317.761,0,0,-202.57
"MtrElec",12,29,17,"",353.621,0,0,0,0,0,0,0,0,0,0,0,0,0,0,0,0,0,0,0,0,398.081,0,0,-44.4599
"MtrElec",12,29,18,"",397.166,0,0,0,0,0,0,0,0,0,0,0,0,0,0,0,0,0,0,0,0,397.166,0,0,0
"MtrElec",12,29,19,"",436.744,0,0,0,0,0,0,0,0,0,0,0,0,0,0,0,0,0,0,0,0,436.744,0,0,0
"MtrElec",12,29,20,"",380.013,0,0,0,0,0,0,0,0,0,0,0,0,0,0,0,0,0,0,0,0,380.013,0,0,0
"MtrElec",12,29,21,"",446.796,0,0,0,0,0,0,0,0,0,0,0,0,0,0,0,0,0,0,0,0,446.796,0,0,0
"MtrElec",12,29,22,"",307.332,0,0,0,0,0,0,0,0,0,0,0,0,0,0,0,0,0,0,0,0,307.332,0,0,0
"MtrElec",12,29,23,"",291.851,0,0,0,0,0,0,0,0,0,0,0,0,0,0,0,0,0,0,0,0,291.851,0,0,0
"MtrElec",12,29,24,"",237.044,0,0,0,0,0,0,0,0,0,0,0,0,0,0,0,0,0,0,0,0,237.044,0,0,0
"MtrElec",12,30,1,"",212.84,0,0,0,0,0,0,0,0,0,0,0,0,0,0,0,0,0,0,0,0,212.84,0,0,0
"MtrElec",12,30,2,"",159.597,0,0,0,0,0,0,0,0,0,0,0,0,0,0,0,0,0,0,0,0,159.597,0,0,0
"MtrElec",12,30,3,"",156.631,0,0,0,0,0,0,0,0,0,0,0,0,0,0,0,0,0,0,0,0,156.631,0,0,0
"MtrElec",12,30,4,"",157.563,0,0,0,0,0,0,0,0,0,0,0,0,0,0,0,0,0,0,0,0,157.563,0,0,0
"MtrElec",12,30,5,"",155.666,0,0,0,0,0,0,0,0,0,0,0,0,0,0,0,0,0,0,0,0,155.666,0,0,0
"MtrElec",12,30,6,"",172.172,0,0,0,0,0,0,0,0,0,0,0,0,0,0,0,0,0,0,0,0,172.172,0,0,0
"MtrElec",12,30,7,"",277.567,0,0,0,0,0,0,0,0,0,0,0,0,0,0,0,0,0,0,0,0,277.567,0,0,0
"MtrElec",12,30,8,"",231.106,0,0,0,0,0,0,0,0,0,0,0,0,0,0,0,0,0,0,0,0,329.844,0,0,-98.7378
"MtrElec",12,30,9,"",89.8146,0,0,0,0,0,0,0,0,0,0,0,0,0,0,0,0,0,0,0,0,386.022,0,0,-296.208
"MtrElec",12,30,10,"",-22.0863,0,0,0,0,0,0,0,0,0,0,0,0,0,0,0,0,0,0,0,0,434.27,0,0,-456.356
"MtrElec",12,30,11,"",0.0000078,0,0,0,0,0,0,0,0,0,0,0,0,0,0,0,0,0,0,0,0,464.208,0,92.9666,-557.175
"MtrElec",12,30,12,"",0,0,0,0,0,0,0,0,0,0,0,0,0,0,0,0,0,0,0,0,0,416.916,0,124.329,-541.245
"MtrElec",12,30,13,"",211.596,0,0,0,0,0,0,0,0,0,0,0,0,0,0,0,0,0,0,0,0,455.538,0,0,-243.942
"MtrElec",12,30,14,"",313.928,0,0,0,0,0,0,0,0,0,0,0,0,0,0,0,0,0,0,0,0,327.703,0,0,-13.7746
"MtrElec",12,30,15,"",263.815,0,0,0,0,0,0,0,0,0,0,0,0,0,0,0,0,0,0,0,0,339.212,0,0,-75.3978
"MtrElec",12,30,16,"",181.282,0,0,0,0,0,0,0,0,0,0,0,0,0,0,0,0,0,0,0,0,351.945,0,0,-170.663
"MtrElec",12,30,17,"",354.581,0,0,0,0,0,0,0,0,0,0,0,0,0,0,0,0,0,0,0,0,411.972,0,0,-57.391
"MtrElec",12,30,18,"",429.547,0,0,0,0,0,0,0,0,0,0,0,0,0,0,0,0,0,0,0,0,429.547,0,0,0
"MtrElec",12,30,19,"",192.608,0,0,0,0,0,0,0,0,0,0,0,0,0,0,0,0,0,0,0,0,388.718,0,-196.11,0
"MtrElec",12,30,20,"",419.362,0,0,0,0,0,0,0,0,0,0,0,0,0,0,0,0,0,0,0,0,419.362,0,0,0
"MtrElec",12,30,21,"",467.006,0,0,0,0,0,0,0,0,0,0,0,0,0,0,0,0,0,0,0,0,467.006,0,0,0
"MtrElec",12,30,22,"",277.899,0,0,0,0,0,0,0,0,0,0,0,0,0,0,0,0,0,0,0,0,277.899,0,0,0
"MtrElec",12,30,23,"",314.595,0,0,0,0,0,0,0,0,0,0,0,0,0,0,0,0,0,0,0,0,314.595,0,0,0
"MtrElec",12,30,24,"",268.266,0,0,0,0,0,0,0,0,0,0,0,0,0,0,0,0,0,0,0,0,268.266,0,0,0
"MtrElec",12,31,1,"",167.825,0,0,0,0,0,0,0,0,0,0,0,0,0,0,0,0,0,0,0,0,167.825,0,0,0
"MtrElec",12,31,2,"",161.527,0,0,0,0,0,0,0,0,0,0,0,0,0,0,0,0,0,0,0,0,161.527,0,0,0
"MtrElec",12,31,3,"",155.283,0,0,0,0,0,0,0,0,0,0,0,0,0,0,0,0,0,0,0,0,155.283,0,0,0
"MtrElec",12,31,4,"",163.001,0,0,0,0,0,0,0,0,0,0,0,0,0,0,0,0,0,0,0,0,163.001,0,0,0
"MtrElec",12,31,5,"",196.888,0,0,0,0,0,0,0,0,0,0,0,0,0,0,0,0,0,0,0,0,196.888,0,0,0
"MtrElec",12,31,6,"",164.608,0,0,0,0,0,0,0,0,0,0,0,0,0,0,0,0,0,0,0,0,164.608,0,0,0
"MtrElec",12,31,7,"",251.377,0,0,0,0,0,0,0,0,0,0,0,0,0,0,0,0,0,0,0,0,251.377,0,0,0
"MtrElec",12,31,8,"",309.936,0,0,0,0,0,0,0,0,0,0,0,0,0,0,0,0,0,0,0,0,309.936,0,0,0
"MtrElec",12,31,9,"",379.021,0,0,0,0,0,0,0,0,0,0,0,0,0,0,0,0,0,0,0,0,400.002,0,0,-20.981
"MtrElec",12,31,10,"",436.664,0,0,0,0,0,0,0,0,0,0,0,0,0,0,0,0,0,0,0,0,460.649,0,0,-23.9853
"MtrElec",12,31,11,"",369.962,0,0,0,0,0,0,0,0,0,0,0,0,0,0,0,0,0,0,0,0,452.467,0,0,-82.5049
"MtrElec",12,31,12,"",110.167,0,0,0,0,0,0,0,0,0,0,0,0,0,0,0,0,0,0,0,0,404.837,0,0,-294.67
"MtrElec",12,31,13,"",317.909,0,0,0,0,0,0,0,0,0,0,0,0,0,0,0,0,0,0,0,0,390.717,0,0,-72.8081
"MtrElec",12,31,14,"",242.032,0,0,0,0,0,0,0,0,0,0,0,0,0,0,0,0,0,0,0,0,356.012,0,0,-113.98
"MtrElec",12,31,15,"",161.22,0,0,0,0,0,0,0,0,0,0,0,0,0,0,0,0,0,0,0,0,362.086,0,0,-200.866
"MtrElec",12,31,16,"",96.8792,0,0,0,0,0,0,0,0,0,0,0,0,0,0,0,0,0,0,0,0,361.741,0,0,-264.862
"MtrElec",12,31,17,"",318.138,0,0,0,0,0,0,0,0,0,0,0,0,0,0,0,0,0,0,0,0,382.706,0,0,-64.5676
"MtrElec",12,31,18,"",449.723,0,0,0,0,0,0,0,0,0,0,0,0,0,0,0,0,0,0,0,0,449.723,0,0,0
"MtrElec",12,31,19,"",402.186,0,0,0,0,0,0,0,0,0,0,0,0,0,0,0,0,0,0,0,0,402.186,0,0,0
"MtrElec",12,31,20,"",456.94,0,0,0,0,0,0,0,0,0,0,0,0,0,0,0,0,0,0,0,0,456.94,0,0,0
"MtrElec",12,31,21,"",404.301,0,0,0,0,0,0,0,0,0,0,0,0,0,0,0,0,0,0,0,0,404.301,0,0,0
"MtrElec",12,31,22,"",352.611,0,0,0,0,0,0,0,0,0,0,0,0,0,0,0,0,0,0,0,0,352.611,0,0,0
"MtrElec",12,31,23,"",319.845,0,0,0,0,0,0,0,0,0,0,0,0,0,0,0,0,0,0,0,0,319.845,0,0,0
"MtrElec",12,31,24,"",228.541,0,0,0,0,0,0,0,0,0,0,0,0,0,0,0,0,0,0,0,0,228.541,0,0,0

