"MF88 Central Supply + Individual Exhaust (SZHP)  /  Standard (PV-Batt only)  /  EX01b_MF88_CSUP_IEXH_SZHP_CZ09.cibd25x",001
"Wed 23-Sep-26   1:33:12 pm"
"Energy Use","Hour"
"Meter","Mon","Day","Hr","Subhr","Tot","Clg","Htg","HPBU","Dhw","DhwBU","DhwMFL","FanC","FanH","FanV","Fan","Aux","Proc","Lit","Rcp","Ext","Refr","Dish","Dry","Wash","Cook","User1","User2","BT","PV"
"MtrElec",1,1,1,"",232.082,0,0,0,0,0,0,0,0,0,0,0,0,0,0,0,0,0,0,0,0,232.082,0,0,0
"MtrElec",1,1,2,"",175.081,0,0,0,0,0,0,0,0,0,0,0,0,0,0,0,0,0,0,0,0,175.081,0,0,0
"MtrElec",1,1,3,"",169.434,0,0,0,0,0,0,0,0,0,0,0,0,0,0,0,0,0,0,0,0,169.434,0,0,0
"MtrElec",1,1,4,"",172.263,0,0,0,0,0,0,0,0,0,0,0,0,0,0,0,0,0,0,0,0,172.263,0,0,0
"MtrElec",1,1,5,"",170.309,0,0,0,0,0,0,0,0,0,0,0,0,0,0,0,0,0,0,0,0,170.309,0,0,0
"MtrElec",1,1,6,"",192.767,0,0,0,0,0,0,0,0,0,0,0,0,0,0,0,0,0,0,0,0,192.767,0,0,0
"MtrElec",1,1,7,"",264.534,0,0,0,0,0,0,0,0,0,0,0,0,0,0,0,0,0,0,0,0,264.534,0,0,0
"MtrElec",1,1,8,"",196.274,0,0,0,0,0,0,0,0,0,0,0,0,0,0,0,0,0,0,0,0,294.97,0,0,-98.6962
"MtrElec",1,1,9,"",40.4938,0,0,0,0,0,0,0,0,0,0,0,0,0,0,0,0,0,0,0,0,340.06,0,0,-299.566
"MtrElec",1,1,10,"",-86.0193,0,0,0,0,0,0,0,0,0,0,0,0,0,0,0,0,0,0,0,0,373.776,0,0,-459.795
"MtrElec",1,1,11,"",0.0000078,0,0,0,0,0,0,0,0,0,0,0,0,0,0,0,0,0,0,0,0,492.365,0,67.5562,-559.921
"MtrElec",1,1,12,"",0,0,0,0,0,0,0,0,0,0,0,0,0,0,0,0,0,0,0,0,0,458.452,0,138.895,-597.347
"MtrElec",1,1,13,"",0,0,0,0,0,0,0,0,0,0,0,0,0,0,0,0,0,0,0,0,0,444.008,0,136.883,-580.891
"MtrElec",1,1,14,"",0.0000020,0,0,0,0,0,0,0,0,0,0,0,0,0,0,0,0,0,0,0,0,328.172,0,28.0737,-356.245
"MtrElec",1,1,15,"",55.5208,0,0,0,0,0,0,0,0,0,0,0,0,0,0,0,0,0,0,0,0,347.615,0,0,-292.094
"MtrElec",1,1,16,"",116.756,0,0,0,0,0,0,0,0,0,0,0,0,0,0,0,0,0,0,0,0,295.44,0,0,-178.684
"MtrElec",1,1,17,"",366.065,0,0,0,0,0,0,0,0,0,0,0,0,0,0,0,0,0,0,0,0,387.773,0,0,-21.7079
"MtrElec",1,1,18,"",435.604,0,0,0,0,0,0,0,0,0,0,0,0,0,0,0,0,0,0,0,0,435.604,0,0,0
"MtrElec",1,1,19,"",215.854,0,0,0,0,0,0,0,0,0,0,0,0,0,0,0,0,0,0,0,0,439.071,0,-223.217,0
"MtrElec",1,1,20,"",233.739,0,0,0,0,0,0,0,0,0,0,0,0,0,0,0,0,0,0,0,0,345.718,0,-111.979,0
"MtrElec",1,1,21,"",295.513,0,0,0,0,0,0,0,0,0,0,0,0,0,0,0,0,0,0,0,0,295.513,0,0,0
"MtrElec",1,1,22,"",329.065,0,0,0,0,0,0,0,0,0,0,0,0,0,0,0,0,0,0,0,0,329.065,0,0,0
"MtrElec",1,1,23,"",261.774,0,0,0,0,0,0,0,0,0,0,0,0,0,0,0,0,0,0,0,0,261.774,0,0,0
"MtrElec",1,1,24,"",205.701,0,0,0,0,0,0,0,0,0,0,0,0,0,0,0,0,0,0,0,0,205.701,0,0,0
"MtrElec",1,2,1,"",173.726,0,0,0,0,0,0,0,0,0,0,0,0,0,0,0,0,0,0,0,0,173.726,0,0,0
"MtrElec",1,2,2,"",171.364,0,0,0,0,0,0,0,0,0,0,0,0,0,0,0,0,0,0,0,0,171.364,0,0,0
"MtrElec",1,2,3,"",214.203,0,0,0,0,0,0,0,0,0,0,0,0,0,0,0,0,0,0,0,0,214.203,0,0,0
"MtrElec",1,2,4,"",170.178,0,0,0,0,0,0,0,0,0,0,0,0,0,0,0,0,0,0,0,0,170.178,0,0,0
"MtrElec",1,2,5,"",170.959,0,0,0,0,0,0,0,0,0,0,0,0,0,0,0,0,0,0,0,0,170.959,0,0,0
"MtrElec",1,2,6,"",173.757,0,0,0,0,0,0,0,0,0,0,0,0,0,0,0,0,0,0,0,0,173.757,0,0,0
"MtrElec",1,2,7,"",271.09,0,0,0,0,0,0,0,0,0,0,0,0,0,0,0,0,0,0,0,0,271.09,0,0,0
"MtrElec",1,2,8,"",312.943,0,0,0,0,0,0,0,0,0,0,0,0,0,0,0,0,0,0,0,0,315.021,0,0,-2.07862
"MtrElec",1,2,9,"",344.021,0,0,0,0,0,0,0,0,0,0,0,0,0,0,0,0,0,0,0,0,393.232,0,0,-49.211
"MtrElec",1,2,10,"",368.608,0,0,0,0,0,0,0,0,0,0,0,0,0,0,0,0,0,0,0,0,420.826,0,0,-52.2181
"MtrElec",1,2,11,"",371.546,0,0,0,0,0,0,0,0,0,0,0,0,0,0,0,0,0,0,0,0,441.319,0,0,-69.7738
"MtrElec",1,2,12,"",348.598,0,0,0,0,0,0,0,0,0,0,0,0,0,0,0,0,0,0,0,0,433.85,0,0,-85.2517
"MtrElec",1,2,13,"",246.672,0,0,0,0,0,0,0,0,0,0,0,0,0,0,0,0,0,0,0,0,337.357,0,0,-90.6851
"MtrElec",1,2,14,"",317.75,0,0,0,0,0,0,0,0,0,0,0,0,0,0,0,0,0,0,0,0,362.816,0,0,-45.0658
"MtrElec",1,2,15,"",287.288,0,0,0,0,0,0,0,0,0,0,0,0,0,0,0,0,0,0,0,0,337.766,0,0,-50.4776
"MtrElec",1,2,16,"",356.652,0,0,0,0,0,0,0,0,0,0,0,0,0,0,0,0,0,0,0,0,376.949,0,0,-20.2978
"MtrElec",1,2,17,"",370.353,0,0,0,0,0,0,0,0,0,0,0,0,0,0,0,0,0,0,0,0,371.674,0,0,-1.32139
"MtrElec",1,2,18,"",468.654,0,0,0,0,0,0,0,0,0,0,0,0,0,0,0,0,0,0,0,0,468.654,0,0,0
"MtrElec",1,2,19,"",388.888,0,0,0,0,0,0,0,0,0,0,0,0,0,0,0,0,0,0,0,0,388.888,0,0,0
"MtrElec",1,2,20,"",429.268,0,0,0,0,0,0,0,0,0,0,0,0,0,0,0,0,0,0,0,0,429.268,0,0,0
"MtrElec",1,2,21,"",465.522,0,0,0,0,0,0,0,0,0,0,0,0,0,0,0,0,0,0,0,0,465.522,0,0,0
"MtrElec",1,2,22,"",348.601,0,0,0,0,0,0,0,0,0,0,0,0,0,0,0,0,0,0,0,0,348.601,0,0,0
"MtrElec",1,2,23,"",323.274,0,0,0,0,0,0,0,0,0,0,0,0,0,0,0,0,0,0,0,0,323.274,0,0,0
"MtrElec",1,2,24,"",268.586,0,0,0,0,0,0,0,0,0,0,0,0,0,0,0,0,0,0,0,0,268.586,0,0,0
"MtrElec",1,3,1,"",194.611,0,0,0,0,0,0,0,0,0,0,0,0,0,0,0,0,0,0,0,0,194.611,0,0,0
"MtrElec",1,3,2,"",178.295,0,0,0,0,0,0,0,0,0,0,0,0,0,0,0,0,0,0,0,0,178.295,0,0,0
"MtrElec",1,3,3,"",174.756,0,0,0,0,0,0,0,0,0,0,0,0,0,0,0,0,0,0,0,0,174.756,0,0,0
"MtrElec",1,3,4,"",212.197,0,0,0,0,0,0,0,0,0,0,0,0,0,0,0,0,0,0,0,0,212.197,0,0,0
"MtrElec",1,3,5,"",220.549,0,0,0,0,0,0,0,0,0,0,0,0,0,0,0,0,0,0,0,0,220.549,0,0,0
"MtrElec",1,3,6,"",179.718,0,0,0,0,0,0,0,0,0,0,0,0,0,0,0,0,0,0,0,0,179.718,0,0,0
"MtrElec",1,3,7,"",212.028,0,0,0,0,0,0,0,0,0,0,0,0,0,0,0,0,0,0,0,0,212.028,0,0,0
"MtrElec",1,3,8,"",323.13,0,0,0,0,0,0,0,0,0,0,0,0,0,0,0,0,0,0,0,0,323.13,0,0,0
"MtrElec",1,3,9,"",274.913,0,0,0,0,0,0,0,0,0,0,0,0,0,0,0,0,0,0,0,0,295.493,0,0,-20.5803
"MtrElec",1,3,10,"",347.993,0,0,0,0,0,0,0,0,0,0,0,0,0,0,0,0,0,0,0,0,402.298,0,0,-54.3055
"MtrElec",1,3,11,"",327.382,0,0,0,0,0,0,0,0,0,0,0,0,0,0,0,0,0,0,0,0,490.123,0,0,-162.741
"MtrElec",1,3,12,"",218.771,0,0,0,0,0,0,0,0,0,0,0,0,0,0,0,0,0,0,0,0,441.678,0,0,-222.906
"MtrElec",1,3,13,"",210.916,0,0,0,0,0,0,0,0,0,0,0,0,0,0,0,0,0,0,0,0,467.637,0,0,-256.721
"MtrElec",1,3,14,"",72.352,0,0,0,0,0,0,0,0,0,0,0,0,0,0,0,0,0,0,0,0,435.478,0,0,-363.126
"MtrElec",1,3,15,"",156.263,0,0,0,0,0,0,0,0,0,0,0,0,0,0,0,0,0,0,0,0,469.647,0,0,-313.384
"MtrElec",1,3,16,"",252.358,0,0,0,0,0,0,0,0,0,0,0,0,0,0,0,0,0,0,0,0,350.546,0,0,-98.1877
"MtrElec",1,3,17,"",400.885,0,0,0,0,0,0,0,0,0,0,0,0,0,0,0,0,0,0,0,0,411.821,0,0,-10.9367
"MtrElec",1,3,18,"",405.98,0,0,0,0,0,0,0,0,0,0,0,0,0,0,0,0,0,0,0,0,405.98,0,0,0
"MtrElec",1,3,19,"",469.173,0,0,0,0,0,0,0,0,0,0,0,0,0,0,0,0,0,0,0,0,469.173,0,0,0
"MtrElec",1,3,20,"",421.471,0,0,0,0,0,0,0,0,0,0,0,0,0,0,0,0,0,0,0,0,421.471,0,0,0
"MtrElec",1,3,21,"",339.036,0,0,0,0,0,0,0,0,0,0,0,0,0,0,0,0,0,0,0,0,339.036,0,0,0
"MtrElec",1,3,22,"",370.289,0,0,0,0,0,0,0,0,0,0,0,0,0,0,0,0,0,0,0,0,370.289,0,0,0
"MtrElec",1,3,23,"",233.837,0,0,0,0,0,0,0,0,0,0,0,0,0,0,0,0,0,0,0,0,233.837,0,0,0
"MtrElec",1,3,24,"",277.911,0,0,0,0,0,0,0,0,0,0,0,0,0,0,0,0,0,0,0,0,277.911,0,0,0
"MtrElec",1,4,1,"",184.134,0,0,0,0,0,0,0,0,0,0,0,0,0,0,0,0,0,0,0,0,184.134,0,0,0
"MtrElec",1,4,2,"",182.767,0,0,0,0,0,0,0,0,0,0,0,0,0,0,0,0,0,0,0,0,182.767,0,0,0
"MtrElec",1,4,3,"",179.086,0,0,0,0,0,0,0,0,0,0,0,0,0,0,0,0,0,0,0,0,179.086,0,0,0
"MtrElec",1,4,4,"",185.408,0,0,0,0,0,0,0,0,0,0,0,0,0,0,0,0,0,0,0,0,185.408,0,0,0
"MtrElec",1,4,5,"",209.983,0,0,0,0,0,0,0,0,0,0,0,0,0,0,0,0,0,0,0,0,209.983,0,0,0
"MtrElec",1,4,6,"",189.674,0,0,0,0,0,0,0,0,0,0,0,0,0,0,0,0,0,0,0,0,189.674,0,0,0
"MtrElec",1,4,7,"",264.135,0,0,0,0,0,0,0,0,0,0,0,0,0,0,0,0,0,0,0,0,264.135,0,0,0
"MtrElec",1,4,8,"",137.938,0,0,0,0,0,0,0,0,0,0,0,0,0,0,0,0,0,0,0,0,240.532,0,0,-102.593
"MtrElec",1,4,9,"",11.7226,0,0,0,0,0,0,0,0,0,0,0,0,0,0,0,0,0,0,0,0,310.565,0,0,-298.843
"MtrElec",1,4,10,"",-102.221,0,0,0,0,0,0,0,0,0,0,0,0,0,0,0,0,0,0,0,0,348.557,0,0,-450.778
"MtrElec",1,4,11,"",0.0000078,0,0,0,0,0,0,0,0,0,0,0,0,0,0,0,0,0,0,0,0,418.721,0,124.072,-542.793
"MtrElec",1,4,12,"",0,0,0,0,0,0,0,0,0,0,0,0,0,0,0,0,0,0,0,0,0,420.799,0,177.914,-598.713
"MtrElec",1,4,13,"",0,0,0,0,0,0,0,0,0,0,0,0,0,0,0,0,0,0,0,0,0,438.497,0,159.561,-598.059
"MtrElec",1,4,14,"",0,0,0,0,0,0,0,0,0,0,0,0,0,0,0,0,0,0,0,0,0,408.416,0,122.764,-531.18
"MtrElec",1,4,15,"",0,0,0,0,0,0,0,0,0,0,0,0,0,0,0,0,0,0,0,0,0,406.202,0,13.7312,-419.933
"MtrElec",1,4,16,"",84.7547,0,0,0,0,0,0,0,0,0,0,0,0,0,0,0,0,0,0,0,0,348.441,0,0,-263.686
"MtrElec",1,4,17,"",278.749,0,0,0,0,0,0,0,0,0,0,0,0,0,0,0,0,0,0,0,0,349.144,0,0,-70.3947
"MtrElec",1,4,18,"",356.995,0,0,0,0,0,0,0,0,0,0,0,0,0,0,0,0,0,0,0,0,356.995,0,0,0
"MtrElec",1,4,19,"",217.42,0,0,0,0,0,0,0,0,0,0,0,0,0,0,0,0,0,0,0,0,440.637,0,-223.217,0
"MtrElec",1,4,20,"",128.674,0,0,0,0,0,0,0,0,0,0,0,0,0,0,0,0,0,0,0,0,351.891,0,-223.217,0
"MtrElec",1,4,21,"",203.064,0,0,0,0,0,0,0,0,0,0,0,0,0,0,0,0,0,0,0,0,296.364,0,-93.3,0
"MtrElec",1,4,22,"",305.276,0,0,0,0,0,0,0,0,0,0,0,0,0,0,0,0,0,0,0,0,305.276,0,0,0
"MtrElec",1,4,23,"",214.08,0,0,0,0,0,0,0,0,0,0,0,0,0,0,0,0,0,0,0,0,214.08,0,0,0
"MtrElec",1,4,24,"",245.577,0,0,0,0,0,0,0,0,0,0,0,0,0,0,0,0,0,0,0,0,245.577,0,0,0
"MtrElec",1,5,1,"",178.843,0,0,0,0,0,0,0,0,0,0,0,0,0,0,0,0,0,0,0,0,178.843,0,0,0
"MtrElec",1,5,2,"",170.435,0,0,0,0,0,0,0,0,0,0,0,0,0,0,0,0,0,0,0,0,170.435,0,0,0
"MtrElec",1,5,3,"",172.666,0,0,0,0,0,0,0,0,0,0,0,0,0,0,0,0,0,0,0,0,172.666,0,0,0
"MtrElec",1,5,4,"",177.881,0,0,0,0,0,0,0,0,0,0,0,0,0,0,0,0,0,0,0,0,177.881,0,0,0
"MtrElec",1,5,5,"",182.612,0,0,0,0,0,0,0,0,0,0,0,0,0,0,0,0,0,0,0,0,182.612,0,0,0
"MtrElec",1,5,6,"",233.802,0,0,0,0,0,0,0,0,0,0,0,0,0,0,0,0,0,0,0,0,233.802,0,0,0
"MtrElec",1,5,7,"",247.026,0,0,0,0,0,0,0,0,0,0,0,0,0,0,0,0,0,0,0,0,247.026,0,0,0
"MtrElec",1,5,8,"",305.591,0,0,0,0,0,0,0,0,0,0,0,0,0,0,0,0,0,0,0,0,327.542,0,0,-21.9508
"MtrElec",1,5,9,"",165.275,0,0,0,0,0,0,0,0,0,0,0,0,0,0,0,0,0,0,0,0,389.95,0,0,-224.674
"MtrElec",1,5,10,"",55.4968,0,0,0,0,0,0,0,0,0,0,0,0,0,0,0,0,0,0,0,0,451.975,0,0,-396.479
"MtrElec",1,5,11,"",30.0282,0,0,0,0,0,0,0,0,0,0,0,0,0,0,0,0,0,0,0,0,508.89,0,0,-478.862
"MtrElec",1,5,12,"",44.6327,0,0,0,0,0,0,0,0,0,0,0,0,0,0,0,0,0,0,0,0,453.531,0,0,-408.899
"MtrElec",1,5,13,"",136.901,0,0,0,0,0,0,0,0,0,0,0,0,0,0,0,0,0,0,0,0,460.85,0,0,-323.949
"MtrElec",1,5,14,"",0,0,0,0,0,0,0,0,0,0,0,0,0,0,0,0,0,0,0,0,0,369.576,0,33.7875,-403.363
"MtrElec",1,5,15,"",184.087,0,0,0,0,0,0,0,0,0,0,0,0,0,0,0,0,0,0,0,0,396.842,0,0,-212.756
"MtrElec",1,5,16,"",265.197,0,0,0,0,0,0,0,0,0,0,0,0,0,0,0,0,0,0,0,0,387.96,0,0,-122.763
"MtrElec",1,5,17,"",390.191,0,0,0,0,0,0,0,0,0,0,0,0,0,0,0,0,0,0,0,0,438.392,0,0,-48.2002
"MtrElec",1,5,18,"",394.157,0,0,0,0,0,0,0,0,0,0,0,0,0,0,0,0,0,0,0,0,394.157,0,0,0
"MtrElec",1,5,19,"",387.77,0,0,0,0,0,0,0,0,0,0,0,0,0,0,0,0,0,0,0,0,418.264,0,-30.4932,0
"MtrElec",1,5,20,"",376.188,0,0,0,0,0,0,0,0,0,0,0,0,0,0,0,0,0,0,0,0,376.188,0,0,0
"MtrElec",1,5,21,"",454.521,0,0,0,0,0,0,0,0,0,0,0,0,0,0,0,0,0,0,0,0,454.521,0,0,0
"MtrElec",1,5,22,"",287.367,0,0,0,0,0,0,0,0,0,0,0,0,0,0,0,0,0,0,0,0,287.367,0,0,0
"MtrElec",1,5,23,"",285.705,0,0,0,0,0,0,0,0,0,0,0,0,0,0,0,0,0,0,0,0,285.705,0,0,0
"MtrElec",1,5,24,"",233.004,0,0,0,0,0,0,0,0,0,0,0,0,0,0,0,0,0,0,0,0,233.004,0,0,0
"MtrElec",1,6,1,"",192.134,0,0,0,0,0,0,0,0,0,0,0,0,0,0,0,0,0,0,0,0,192.134,0,0,0
"MtrElec",1,6,2,"",161.077,0,0,0,0,0,0,0,0,0,0,0,0,0,0,0,0,0,0,0,0,161.077,0,0,0
"MtrElec",1,6,3,"",157.436,0,0,0,0,0,0,0,0,0,0,0,0,0,0,0,0,0,0,0,0,157.436,0,0,0
"MtrElec",1,6,4,"",157.389,0,0,0,0,0,0,0,0,0,0,0,0,0,0,0,0,0,0,0,0,157.389,0,0,0
"MtrElec",1,6,5,"",154.879,0,0,0,0,0,0,0,0,0,0,0,0,0,0,0,0,0,0,0,0,154.879,0,0,0
"MtrElec",1,6,6,"",197.197,0,0,0,0,0,0,0,0,0,0,0,0,0,0,0,0,0,0,0,0,197.197,0,0,0
"MtrElec",1,6,7,"",273.106,0,0,0,0,0,0,0,0,0,0,0,0,0,0,0,0,0,0,0,0,273.106,0,0,0
"MtrElec",1,6,8,"",258.823,0,0,0,0,0,0,0,0,0,0,0,0,0,0,0,0,0,0,0,0,309.453,0,0,-50.6301
"MtrElec",1,6,9,"",242.881,0,0,0,0,0,0,0,0,0,0,0,0,0,0,0,0,0,0,0,0,385.19,0,0,-142.309
"MtrElec",1,6,10,"",-2.81,0,0,0,0,0,0,0,0,0,0,0,0,0,0,0,0,0,0,0,0,428.415,0,0,-431.225
"MtrElec",1,6,11,"",0,0,0,0,0,0,0,0,0,0,0,0,0,0,0,0,0,0,0,0,0,435.256,0,100.56,-535.816
"MtrElec",1,6,12,"",13.6689,0,0,0,0,0,0,0,0,0,0,0,0,0,0,0,0,0,0,0,0,478.471,0,0,-464.802
"MtrElec",1,6,13,"",166.523,0,0,0,0,0,0,0,0,0,0,0,0,0,0,0,0,0,0,0,0,426.347,0,0,-259.824
"MtrElec",1,6,14,"",0,0,0,0,0,0,0,0,0,0,0,0,0,0,0,0,0,0,0,0,0,364.986,0,4.16959,-369.156
"MtrElec",1,6,15,"",161.85,0,0,0,0,0,0,0,0,0,0,0,0,0,0,0,0,0,0,0,0,378.696,0,0,-216.847
"MtrElec",1,6,16,"",177.685,0,0,0,0,0,0,0,0,0,0,0,0,0,0,0,0,0,0,0,0,392.509,0,0,-214.823
"MtrElec",1,6,17,"",371.468,0,0,0,0,0,0,0,0,0,0,0,0,0,0,0,0,0,0,0,0,433.731,0,0,-62.2631
"MtrElec",1,6,18,"",411.084,0,0,0,0,0,0,0,0,0,0,0,0,0,0,0,0,0,0,0,0,411.084,0,0,0
"MtrElec",1,6,19,"",334.62,0,0,0,0,0,0,0,0,0,0,0,0,0,0,0,0,0,0,0,0,429.138,0,-94.5183,0
"MtrElec",1,6,20,"",401.513,0,0,0,0,0,0,0,0,0,0,0,0,0,0,0,0,0,0,0,0,401.513,0,0,0
"MtrElec",1,6,21,"",469.572,0,0,0,0,0,0,0,0,0,0,0,0,0,0,0,0,0,0,0,0,469.572,0,0,0
"MtrElec",1,6,22,"",292.12,0,0,0,0,0,0,0,0,0,0,0,0,0,0,0,0,0,0,0,0,292.12,0,0,0
"MtrElec",1,6,23,"",302.21,0,0,0,0,0,0,0,0,0,0,0,0,0,0,0,0,0,0,0,0,302.21,0,0,0
"MtrElec",1,6,24,"",209.787,0,0,0,0,0,0,0,0,0,0,0,0,0,0,0,0,0,0,0,0,209.787,0,0,0
"MtrElec",1,7,1,"",183.187,0,0,0,0,0,0,0,0,0,0,0,0,0,0,0,0,0,0,0,0,183.187,0,0,0
"MtrElec",1,7,2,"",160.158,0,0,0,0,0,0,0,0,0,0,0,0,0,0,0,0,0,0,0,0,160.158,0,0,0
"MtrElec",1,7,3,"",157.821,0,0,0,0,0,0,0,0,0,0,0,0,0,0,0,0,0,0,0,0,157.821,0,0,0
"MtrElec",1,7,4,"",167.268,0,0,0,0,0,0,0,0,0,0,0,0,0,0,0,0,0,0,0,0,167.268,0,0,0
"MtrElec",1,7,5,"",172.788,0,0,0,0,0,0,0,0,0,0,0,0,0,0,0,0,0,0,0,0,172.788,0,0,0
"MtrElec",1,7,6,"",185.374,0,0,0,0,0,0,0,0,0,0,0,0,0,0,0,0,0,0,0,0,185.374,0,0,0
"MtrElec",1,7,7,"",262.144,0,0,0,0,0,0,0,0,0,0,0,0,0,0,0,0,0,0,0,0,262.144,0,0,0
"MtrElec",1,7,8,"",260.623,0,0,0,0,0,0,0,0,0,0,0,0,0,0,0,0,0,0,0,0,312.51,0,0,-51.8871
"MtrElec",1,7,9,"",112.281,0,0,0,0,0,0,0,0,0,0,0,0,0,0,0,0,0,0,0,0,314.717,0,0,-202.436
"MtrElec",1,7,10,"",119.381,0,0,0,0,0,0,0,0,0,0,0,0,0,0,0,0,0,0,0,0,409.696,0,0,-290.314
"MtrElec",1,7,11,"",0,0,0,0,0,0,0,0,0,0,0,0,0,0,0,0,0,0,0,0,0,376.502,0,39.5014,-416.004
"MtrElec",1,7,12,"",132.402,0,0,0,0,0,0,0,0,0,0,0,0,0,0,0,0,0,0,0,0,409.699,0,0,-277.297
"MtrElec",1,7,13,"",0,0,0,0,0,0,0,0,0,0,0,0,0,0,0,0,0,0,0,0,0,352.706,0,27.5577,-380.264
"MtrElec",1,7,14,"",0,0,0,0,0,0,0,0,0,0,0,0,0,0,0,0,0,0,0,0,0,362.144,0,146.14,-508.284
"MtrElec",1,7,15,"",25.0335,0,0,0,0,0,0,0,0,0,0,0,0,0,0,0,0,0,0,0,0,377.748,0,0,-352.714
"MtrElec",1,7,16,"",149.229,0,0,0,0,0,0,0,0,0,0,0,0,0,0,0,0,0,0,0,0,379.996,0,0,-230.767
"MtrElec",1,7,17,"",338.126,0,0,0,0,0,0,0,0,0,0,0,0,0,0,0,0,0,0,0,0,392.785,0,0,-54.6587
"MtrElec",1,7,18,"",404.557,0,0,0,0,0,0,0,0,0,0,0,0,0,0,0,0,0,0,0,0,404.557,0,0,0
"MtrElec",1,7,19,"",201.215,0,0,0,0,0,0,0,0,0,0,0,0,0,0,0,0,0,0,0,0,393.628,0,-192.412,0
"MtrElec",1,7,20,"",416.141,0,0,0,0,0,0,0,0,0,0,0,0,0,0,0,0,0,0,0,0,416.141,0,0,0
"MtrElec",1,7,21,"",425.122,0,0,0,0,0,0,0,0,0,0,0,0,0,0,0,0,0,0,0,0,425.122,0,0,0
"MtrElec",1,7,22,"",292.816,0,0,0,0,0,0,0,0,0,0,0,0,0,0,0,0,0,0,0,0,292.816,0,0,0
"MtrElec",1,7,23,"",264.595,0,0,0,0,0,0,0,0,0,0,0,0,0,0,0,0,0,0,0,0,264.595,0,0,0
"MtrElec",1,7,24,"",183.648,0,0,0,0,0,0,0,0,0,0,0,0,0,0,0,0,0,0,0,0,183.648,0,0,0
"MtrElec",1,8,1,"",169.452,0,0,0,0,0,0,0,0,0,0,0,0,0,0,0,0,0,0,0,0,169.452,0,0,0
"MtrElec",1,8,2,"",161.459,0,0,0,0,0,0,0,0,0,0,0,0,0,0,0,0,0,0,0,0,161.459,0,0,0
"MtrElec",1,8,3,"",159.62,0,0,0,0,0,0,0,0,0,0,0,0,0,0,0,0,0,0,0,0,159.62,0,0,0
"MtrElec",1,8,4,"",164.119,0,0,0,0,0,0,0,0,0,0,0,0,0,0,0,0,0,0,0,0,164.119,0,0,0
"MtrElec",1,8,5,"",203.185,0,0,0,0,0,0,0,0,0,0,0,0,0,0,0,0,0,0,0,0,203.185,0,0,0
"MtrElec",1,8,6,"",163.626,0,0,0,0,0,0,0,0,0,0,0,0,0,0,0,0,0,0,0,0,163.626,0,0,0
"MtrElec",1,8,7,"",213.88,0,0,0,0,0,0,0,0,0,0,0,0,0,0,0,0,0,0,0,0,213.88,0,0,0
"MtrElec",1,8,8,"",262.303,0,0,0,0,0,0,0,0,0,0,0,0,0,0,0,0,0,0,0,0,324.459,0,0,-62.1568
"MtrElec",1,8,9,"",369.401,0,0,0,0,0,0,0,0,0,0,0,0,0,0,0,0,0,0,0,0,415.943,0,0,-46.542
"MtrElec",1,8,10,"",322.342,0,0,0,0,0,0,0,0,0,0,0,0,0,0,0,0,0,0,0,0,447.809,0,0,-125.467
"MtrElec",1,8,11,"",45.8889,0,0,0,0,0,0,0,0,0,0,0,0,0,0,0,0,0,0,0,0,392.898,0,0,-347.009
"MtrElec",1,8,12,"",223.108,0,0,0,0,0,0,0,0,0,0,0,0,0,0,0,0,0,0,0,0,445.073,0,0,-221.965
"MtrElec",1,8,13,"",158.816,0,0,0,0,0,0,0,0,0,0,0,0,0,0,0,0,0,0,0,0,363.458,0,0,-204.642
"MtrElec",1,8,14,"",102.048,0,0,0,0,0,0,0,0,0,0,0,0,0,0,0,0,0,0,0,0,340.519,0,0,-238.471
"MtrElec",1,8,15,"",239.853,0,0,0,0,0,0,0,0,0,0,0,0,0,0,0,0,0,0,0,0,335.128,0,0,-95.2754
"MtrElec",1,8,16,"",278.769,0,0,0,0,0,0,0,0,0,0,0,0,0,0,0,0,0,0,0,0,383.395,0,0,-104.626
"MtrElec",1,8,17,"",319.001,0,0,0,0,0,0,0,0,0,0,0,0,0,0,0,0,0,0,0,0,368.934,0,0,-49.9332
"MtrElec",1,8,18,"",424.832,0,0,0,0,0,0,0,0,0,0,0,0,0,0,0,0,0,0,0,0,424.832,0,0,0
"MtrElec",1,8,19,"",350.15,0,0,0,0,0,0,0,0,0,0,0,0,0,0,0,0,0,0,0,0,350.15,0,0,0
"MtrElec",1,8,20,"",436.87,0,0,0,0,0,0,0,0,0,0,0,0,0,0,0,0,0,0,0,0,436.87,0,0,0
"MtrElec",1,8,21,"",425.449,0,0,0,0,0,0,0,0,0,0,0,0,0,0,0,0,0,0,0,0,425.449,0,0,0
"MtrElec",1,8,22,"",278.815,0,0,0,0,0,0,0,0,0,0,0,0,0,0,0,0,0,0,0,0,278.815,0,0,0
"MtrElec",1,8,23,"",271.929,0,0,0,0,0,0,0,0,0,0,0,0,0,0,0,0,0,0,0,0,271.929,0,0,0
"MtrElec",1,8,24,"",191.63,0,0,0,0,0,0,0,0,0,0,0,0,0,0,0,0,0,0,0,0,191.63,0,0,0
"MtrElec",1,9,1,"",229.425,0,0,0,0,0,0,0,0,0,0,0,0,0,0,0,0,0,0,0,0,229.425,0,0,0
"MtrElec",1,9,2,"",178.404,0,0,0,0,0,0,0,0,0,0,0,0,0,0,0,0,0,0,0,0,178.404,0,0,0
"MtrElec",1,9,3,"",156.243,0,0,0,0,0,0,0,0,0,0,0,0,0,0,0,0,0,0,0,0,156.243,0,0,0
"MtrElec",1,9,4,"",158.464,0,0,0,0,0,0,0,0,0,0,0,0,0,0,0,0,0,0,0,0,158.464,0,0,0
"MtrElec",1,9,5,"",156.164,0,0,0,0,0,0,0,0,0,0,0,0,0,0,0,0,0,0,0,0,156.164,0,0,0
"MtrElec",1,9,6,"",169.77,0,0,0,0,0,0,0,0,0,0,0,0,0,0,0,0,0,0,0,0,169.77,0,0,0
"MtrElec",1,9,7,"",270.771,0,0,0,0,0,0,0,0,0,0,0,0,0,0,0,0,0,0,0,0,270.771,0,0,0
"MtrElec",1,9,8,"",305.008,0,0,0,0,0,0,0,0,0,0,0,0,0,0,0,0,0,0,0,0,310.881,0,0,-5.87339
"MtrElec",1,9,9,"",321.132,0,0,0,0,0,0,0,0,0,0,0,0,0,0,0,0,0,0,0,0,394.604,0,0,-73.4714
"MtrElec",1,9,10,"",225.183,0,0,0,0,0,0,0,0,0,0,0,0,0,0,0,0,0,0,0,0,453.859,0,0,-228.676
"MtrElec",1,9,11,"",0,0,0,0,0,0,0,0,0,0,0,0,0,0,0,0,0,0,0,0,0,448.509,0,60.1595,-508.668
"MtrElec",1,9,12,"",75.2159,0,0,0,0,0,0,0,0,0,0,0,0,0,0,0,0,0,0,0,0,448.563,0,0,-373.347
"MtrElec",1,9,13,"",0,0,0,0,0,0,0,0,0,0,0,0,0,0,0,0,0,0,0,0,0,415.138,0,104.944,-520.082
"MtrElec",1,9,14,"",0,0,0,0,0,0,0,0,0,0,0,0,0,0,0,0,0,0,0,0,0,357.66,0,80.3851,-438.046
"MtrElec",1,9,15,"",0,0,0,0,0,0,0,0,0,0,0,0,0,0,0,0,0,0,0,0,0,343.606,0,52.8682,-396.474
"MtrElec",1,9,16,"",119.241,0,0,0,0,0,0,0,0,0,0,0,0,0,0,0,0,0,0,0,0,383.415,0,0,-264.174
"MtrElec",1,9,17,"",346.519,0,0,0,0,0,0,0,0,0,0,0,0,0,0,0,0,0,0,0,0,421.038,0,0,-74.5181
"MtrElec",1,9,18,"",396.818,0,0,0,0,0,0,0,0,0,0,0,0,0,0,0,0,0,0,0,0,396.818,0,0,0
"MtrElec",1,9,19,"",181.166,0,0,0,0,0,0,0,0,0,0,0,0,0,0,0,0,0,0,0,0,404.383,0,-223.217,0
"MtrElec",1,9,20,"",401.779,0,0,0,0,0,0,0,0,0,0,0,0,0,0,0,0,0,0,0,0,447.83,0,-46.0503,0
"MtrElec",1,9,21,"",463.986,0,0,0,0,0,0,0,0,0,0,0,0,0,0,0,0,0,0,0,0,463.986,0,0,0
"MtrElec",1,9,22,"",288.794,0,0,0,0,0,0,0,0,0,0,0,0,0,0,0,0,0,0,0,0,288.794,0,0,0
"MtrElec",1,9,23,"",327.047,0,0,0,0,0,0,0,0,0,0,0,0,0,0,0,0,0,0,0,0,327.047,0,0,0
"MtrElec",1,9,24,"",273.242,0,0,0,0,0,0,0,0,0,0,0,0,0,0,0,0,0,0,0,0,273.242,0,0,0
"MtrElec",1,10,1,"",183.64,0,0,0,0,0,0,0,0,0,0,0,0,0,0,0,0,0,0,0,0,183.64,0,0,0
"MtrElec",1,10,2,"",170.551,0,0,0,0,0,0,0,0,0,0,0,0,0,0,0,0,0,0,0,0,170.551,0,0,0
"MtrElec",1,10,3,"",170.406,0,0,0,0,0,0,0,0,0,0,0,0,0,0,0,0,0,0,0,0,170.406,0,0,0
"MtrElec",1,10,4,"",211.045,0,0,0,0,0,0,0,0,0,0,0,0,0,0,0,0,0,0,0,0,211.045,0,0,0
"MtrElec",1,10,5,"",199.36,0,0,0,0,0,0,0,0,0,0,0,0,0,0,0,0,0,0,0,0,199.36,0,0,0
"MtrElec",1,10,6,"",172.906,0,0,0,0,0,0,0,0,0,0,0,0,0,0,0,0,0,0,0,0,172.906,0,0,0
"MtrElec",1,10,7,"",228.597,0,0,0,0,0,0,0,0,0,0,0,0,0,0,0,0,0,0,0,0,228.597,0,0,0
"MtrElec",1,10,8,"",164.42,0,0,0,0,0,0,0,0,0,0,0,0,0,0,0,0,0,0,0,0,266.021,0,0,-101.601
"MtrElec",1,10,9,"",16.2022,0,0,0,0,0,0,0,0,0,0,0,0,0,0,0,0,0,0,0,0,319.598,0,0,-303.396
"MtrElec",1,10,10,"",-63.5138,0,0,0,0,0,0,0,0,0,0,0,0,0,0,0,0,0,0,0,0,397.071,0,0,-460.585
"MtrElec",1,10,11,"",0.0000039,0,0,0,0,0,0,0,0,0,0,0,0,0,0,0,0,0,0,0,0,485.636,0,60.1944,-545.831
"MtrElec",1,10,12,"",0,0,0,0,0,0,0,0,0,0,0,0,0,0,0,0,0,0,0,0,0,505.055,0,88.3667,-593.421
"MtrElec",1,10,13,"",0,0,0,0,0,0,0,0,0,0,0,0,0,0,0,0,0,0,0,0,0,508.467,0,81.3998,-589.867
"MtrElec",1,10,14,"",0.0000078,0,0,0,0,0,0,0,0,0,0,0,0,0,0,0,0,0,0,0,0,441.876,0,92.0041,-533.88
"MtrElec",1,10,15,"",0,0,0,0,0,0,0,0,0,0,0,0,0,0,0,0,0,0,0,0,0,390.516,0,43.096,-433.612
"MtrElec",1,10,16,"",138.604,0,0,0,0,0,0,0,0,0,0,0,0,0,0,0,0,0,0,0,0,416.871,0,0,-278.267
"MtrElec",1,10,17,"",322.617,0,0,0,0,0,0,0,0,0,0,0,0,0,0,0,0,0,0,0,0,403.059,0,0,-80.4417
"MtrElec",1,10,18,"",466.177,0,0,0,0,0,0,0,0,0,0,0,0,0,0,0,0,0,0,0,0,466.177,0,0,0
"MtrElec",1,10,19,"",261.024,0,0,0,0,0,0,0,0,0,0,0,0,0,0,0,0,0,0,0,0,484.241,0,-223.217,0
"MtrElec",1,10,20,"",287.022,0,0,0,0,0,0,0,0,0,0,0,0,0,0,0,0,0,0,0,0,393.273,0,-106.251,0
"MtrElec",1,10,21,"",367.491,0,0,0,0,0,0,0,0,0,0,0,0,0,0,0,0,0,0,0,0,367.491,0,0,0
"MtrElec",1,10,22,"",328.157,0,0,0,0,0,0,0,0,0,0,0,0,0,0,0,0,0,0,0,0,328.157,0,0,0
"MtrElec",1,10,23,"",268.27,0,0,0,0,0,0,0,0,0,0,0,0,0,0,0,0,0,0,0,0,268.27,0,0,0
"MtrElec",1,10,24,"",232.289,0,0,0,0,0,0,0,0,0,0,0,0,0,0,0,0,0,0,0,0,232.289,0,0,0
"MtrElec",1,11,1,"",173.972,0,0,0,0,0,0,0,0,0,0,0,0,0,0,0,0,0,0,0,0,173.972,0,0,0
"MtrElec",1,11,2,"",161.555,0,0,0,0,0,0,0,0,0,0,0,0,0,0,0,0,0,0,0,0,161.555,0,0,0
"MtrElec",1,11,3,"",156.842,0,0,0,0,0,0,0,0,0,0,0,0,0,0,0,0,0,0,0,0,156.842,0,0,0
"MtrElec",1,11,4,"",161.356,0,0,0,0,0,0,0,0,0,0,0,0,0,0,0,0,0,0,0,0,161.356,0,0,0
"MtrElec",1,11,5,"",207.872,0,0,0,0,0,0,0,0,0,0,0,0,0,0,0,0,0,0,0,0,207.872,0,0,0
"MtrElec",1,11,6,"",186.873,0,0,0,0,0,0,0,0,0,0,0,0,0,0,0,0,0,0,0,0,186.873,0,0,0
"MtrElec",1,11,7,"",171.515,0,0,0,0,0,0,0,0,0,0,0,0,0,0,0,0,0,0,0,0,171.515,0,0,0
"MtrElec",1,11,8,"",194.445,0,0,0,0,0,0,0,0,0,0,0,0,0,0,0,0,0,0,0,0,232.12,0,0,-37.6753
"MtrElec",1,11,9,"",110.9,0,0,0,0,0,0,0,0,0,0,0,0,0,0,0,0,0,0,0,0,256.579,0,0,-145.679
"MtrElec",1,11,10,"",15.8192,0,0,0,0,0,0,0,0,0,0,0,0,0,0,0,0,0,0,0,0,298.484,0,0,-282.665
"MtrElec",1,11,11,"",54.9043,0,0,0,0,0,0,0,0,0,0,0,0,0,0,0,0,0,0,0,0,385.609,0,0,-330.705
"MtrElec",1,11,12,"",81.0785,0,0,0,0,0,0,0,0,0,0,0,0,0,0,0,0,0,0,0,0,372.275,0,0,-291.196
"MtrElec",1,11,13,"",139.794,0,0,0,0,0,0,0,0,0,0,0,0,0,0,0,0,0,0,0,0,437.586,0,0,-297.793
"MtrElec",1,11,14,"",162.957,0,0,0,0,0,0,0,0,0,0,0,0,0,0,0,0,0,0,0,0,365.427,0,0,-202.47
"MtrElec",1,11,15,"",265.028,0,0,0,0,0,0,0,0,0,0,0,0,0,0,0,0,0,0,0,0,402.458,0,0,-137.431
"MtrElec",1,11,16,"",267.887,0,0,0,0,0,0,0,0,0,0,0,0,0,0,0,0,0,0,0,0,351.119,0,0,-83.232
"MtrElec",1,11,17,"",286.44,0,0,0,0,0,0,0,0,0,0,0,0,0,0,0,0,0,0,0,0,310.138,0,0,-23.698
"MtrElec",1,11,18,"",348.489,0,0,0,0,0,0,0,0,0,0,0,0,0,0,0,0,0,0,0,0,348.489,0,0,0
"MtrElec",1,11,19,"",422.249,0,0,0,0,0,0,0,0,0,0,0,0,0,0,0,0,0,0,0,0,422.249,0,0,0
"MtrElec",1,11,20,"",320.437,0,0,0,0,0,0,0,0,0,0,0,0,0,0,0,0,0,0,0,0,320.437,0,0,0
"MtrElec",1,11,21,"",306.025,0,0,0,0,0,0,0,0,0,0,0,0,0,0,0,0,0,0,0,0,306.025,0,0,0
"MtrElec",1,11,22,"",259.62,0,0,0,0,0,0,0,0,0,0,0,0,0,0,0,0,0,0,0,0,259.62,0,0,0
"MtrElec",1,11,23,"",271.071,0,0,0,0,0,0,0,0,0,0,0,0,0,0,0,0,0,0,0,0,271.071,0,0,0
"MtrElec",1,11,24,"",211.718,0,0,0,0,0,0,0,0,0,0,0,0,0,0,0,0,0,0,0,0,211.718,0,0,0
"MtrElec",1,12,1,"",174.344,0,0,0,0,0,0,0,0,0,0,0,0,0,0,0,0,0,0,0,0,174.344,0,0,0
"MtrElec",1,12,2,"",162.418,0,0,0,0,0,0,0,0,0,0,0,0,0,0,0,0,0,0,0,0,162.418,0,0,0
"MtrElec",1,12,3,"",160.911,0,0,0,0,0,0,0,0,0,0,0,0,0,0,0,0,0,0,0,0,160.911,0,0,0
"MtrElec",1,12,4,"",199.174,0,0,0,0,0,0,0,0,0,0,0,0,0,0,0,0,0,0,0,0,199.174,0,0,0
"MtrElec",1,12,5,"",159.067,0,0,0,0,0,0,0,0,0,0,0,0,0,0,0,0,0,0,0,0,159.067,0,0,0
"MtrElec",1,12,6,"",172.525,0,0,0,0,0,0,0,0,0,0,0,0,0,0,0,0,0,0,0,0,172.525,0,0,0
"MtrElec",1,12,7,"",271.194,0,0,0,0,0,0,0,0,0,0,0,0,0,0,0,0,0,0,0,0,271.194,0,0,0
"MtrElec",1,12,8,"",206.148,0,0,0,0,0,0,0,0,0,0,0,0,0,0,0,0,0,0,0,0,304.396,0,0,-98.2479
"MtrElec",1,12,9,"",64.1643,0,0,0,0,0,0,0,0,0,0,0,0,0,0,0,0,0,0,0,0,361.41,0,0,-297.246
"MtrElec",1,12,10,"",-1.70034,0,0,0,0,0,0,0,0,0,0,0,0,0,0,0,0,0,0,0,0,448.901,0,0,-450.601
"MtrElec",1,12,11,"",0,0,0,0,0,0,0,0,0,0,0,0,0,0,0,0,0,0,0,0,0,460.407,0,78.1468,-538.554
"MtrElec",1,12,12,"",0,0,0,0,0,0,0,0,0,0,0,0,0,0,0,0,0,0,0,0,0,437.644,0,137.072,-574.716
"MtrElec",1,12,13,"",0,0,0,0,0,0,0,0,0,0,0,0,0,0,0,0,0,0,0,0,0,393.713,0,178.24,-571.953
"MtrElec",1,12,14,"",0.0000078,0,0,0,0,0,0,0,0,0,0,0,0,0,0,0,0,0,0,0,0,403.506,0,117.317,-520.823
"MtrElec",1,12,15,"",0,0,0,0,0,0,0,0,0,0,0,0,0,0,0,0,0,0,0,0,0,373.479,0,51.9648,-425.444
"MtrElec",1,12,16,"",99.767,0,0,0,0,0,0,0,0,0,0,0,0,0,0,0,0,0,0,0,0,380.59,0,0,-280.823
"MtrElec",1,12,17,"",348.445,0,0,0,0,0,0,0,0,0,0,0,0,0,0,0,0,0,0,0,0,432.946,0,0,-84.5008
"MtrElec",1,12,18,"",421.409,0,0,0,0,0,0,0,0,0,0,0,0,0,0,0,0,0,0,0,0,421.409,0,0,0
"MtrElec",1,12,19,"",228.956,0,0,0,0,0,0,0,0,0,0,0,0,0,0,0,0,0,0,0,0,452.173,0,-223.217,0
"MtrElec",1,12,20,"",189.058,0,0,0,0,0,0,0,0,0,0,0,0,0,0,0,0,0,0,0,0,412.275,0,-223.217,0
"MtrElec",1,12,21,"",379.054,0,0,0,0,0,0,0,0,0,0,0,0,0,0,0,0,0,0,0,0,440.494,0,-61.4393,0
"MtrElec",1,12,22,"",301.043,0,0,0,0,0,0,0,0,0,0,0,0,0,0,0,0,0,0,0,0,301.043,0,0,0
"MtrElec",1,12,23,"",311.298,0,0,0,0,0,0,0,0,0,0,0,0,0,0,0,0,0,0,0,0,311.298,0,0,0
"MtrElec",1,12,24,"",247.168,0,0,0,0,0,0,0,0,0,0,0,0,0,0,0,0,0,0,0,0,247.168,0,0,0
"MtrElec",1,13,1,"",184.87,0,0,0,0,0,0,0,0,0,0,0,0,0,0,0,0,0,0,0,0,184.87,0,0,0
"MtrElec",1,13,2,"",159.201,0,0,0,0,0,0,0,0,0,0,0,0,0,0,0,0,0,0,0,0,159.201,0,0,0
"MtrElec",1,13,3,"",195.658,0,0,0,0,0,0,0,0,0,0,0,0,0,0,0,0,0,0,0,0,195.658,0,0,0
"MtrElec",1,13,4,"",159.583,0,0,0,0,0,0,0,0,0,0,0,0,0,0,0,0,0,0,0,0,159.583,0,0,0
"MtrElec",1,13,5,"",158.226,0,0,0,0,0,0,0,0,0,0,0,0,0,0,0,0,0,0,0,0,158.226,0,0,0
"MtrElec",1,13,6,"",165.435,0,0,0,0,0,0,0,0,0,0,0,0,0,0,0,0,0,0,0,0,165.435,0,0,0
"MtrElec",1,13,7,"",263.594,0,0,0,0,0,0,0,0,0,0,0,0,0,0,0,0,0,0,0,0,263.594,0,0,0
"MtrElec",1,13,8,"",207.021,0,0,0,0,0,0,0,0,0,0,0,0,0,0,0,0,0,0,0,0,304.873,0,0,-97.8521
"MtrElec",1,13,9,"",74.1732,0,0,0,0,0,0,0,0,0,0,0,0,0,0,0,0,0,0,0,0,373.329,0,0,-299.156
"MtrElec",1,13,10,"",17.5253,0,0,0,0,0,0,0,0,0,0,0,0,0,0,0,0,0,0,0,0,460.386,0,0,-442.861
"MtrElec",1,13,11,"",0.0000078,0,0,0,0,0,0,0,0,0,0,0,0,0,0,0,0,0,0,0,0,410.385,0,119.01,-529.395
"MtrElec",1,13,12,"",0,0,0,0,0,0,0,0,0,0,0,0,0,0,0,0,0,0,0,0,0,432.663,0,138.638,-571.3
"MtrElec",1,13,13,"",0,0,0,0,0,0,0,0,0,0,0,0,0,0,0,0,0,0,0,0,0,394.471,0,184.617,-579.088
"MtrElec",1,13,14,"",0,0,0,0,0,0,0,0,0,0,0,0,0,0,0,0,0,0,0,0,0,408.29,0,118.559,-526.849
"MtrElec",1,13,15,"",0,0,0,0,0,0,0,0,0,0,0,0,0,0,0,0,0,0,0,0,0,387.206,0,43.9893,-431.195
"MtrElec",1,13,16,"",178.042,0,0,0,0,0,0,0,0,0,0,0,0,0,0,0,0,0,0,0,0,405.666,0,0,-227.624
"MtrElec",1,13,17,"",331.621,0,0,0,0,0,0,0,0,0,0,0,0,0,0,0,0,0,0,0,0,412.954,0,0,-81.3328
"MtrElec",1,13,18,"",428.213,0,0,0,0,0,0,0,0,0,0,0,0,0,0,0,0,0,0,0,0,428.213,0,0,0
"MtrElec",1,13,19,"",192.672,0,0,0,0,0,0,0,0,0,0,0,0,0,0,0,0,0,0,0,0,415.889,0,-223.217,0
"MtrElec",1,13,20,"",225.053,0,0,0,0,0,0,0,0,0,0,0,0,0,0,0,0,0,0,0,0,448.27,0,-223.217,0
"MtrElec",1,13,21,"",281.265,0,0,0,0,0,0,0,0,0,0,0,0,0,0,0,0,0,0,0,0,380.675,0,-99.41,0
"MtrElec",1,13,22,"",311.961,0,0,0,0,0,0,0,0,0,0,0,0,0,0,0,0,0,0,0,0,311.961,0,0,0
"MtrElec",1,13,23,"",318.089,0,0,0,0,0,0,0,0,0,0,0,0,0,0,0,0,0,0,0,0,318.089,0,0,0
"MtrElec",1,13,24,"",212.543,0,0,0,0,0,0,0,0,0,0,0,0,0,0,0,0,0,0,0,0,212.543,0,0,0
"MtrElec",1,14,1,"",178.622,0,0,0,0,0,0,0,0,0,0,0,0,0,0,0,0,0,0,0,0,178.622,0,0,0
"MtrElec",1,14,2,"",159.283,0,0,0,0,0,0,0,0,0,0,0,0,0,0,0,0,0,0,0,0,159.283,0,0,0
"MtrElec",1,14,3,"",203.149,0,0,0,0,0,0,0,0,0,0,0,0,0,0,0,0,0,0,0,0,203.149,0,0,0
"MtrElec",1,14,4,"",159.596,0,0,0,0,0,0,0,0,0,0,0,0,0,0,0,0,0,0,0,0,159.596,0,0,0
"MtrElec",1,14,5,"",154.787,0,0,0,0,0,0,0,0,0,0,0,0,0,0,0,0,0,0,0,0,154.787,0,0,0
"MtrElec",1,14,6,"",168.304,0,0,0,0,0,0,0,0,0,0,0,0,0,0,0,0,0,0,0,0,168.304,0,0,0
"MtrElec",1,14,7,"",263.152,0,0,0,0,0,0,0,0,0,0,0,0,0,0,0,0,0,0,0,0,263.152,0,0,0
"MtrElec",1,14,8,"",218.101,0,0,0,0,0,0,0,0,0,0,0,0,0,0,0,0,0,0,0,0,317.396,0,0,-99.2953
"MtrElec",1,14,9,"",99.3452,0,0,0,0,0,0,0,0,0,0,0,0,0,0,0,0,0,0,0,0,371.012,0,0,-271.667
"MtrElec",1,14,10,"",23.0354,0,0,0,0,0,0,0,0,0,0,0,0,0,0,0,0,0,0,0,0,432.096,0,0,-409.061
"MtrElec",1,14,11,"",0,0,0,0,0,0,0,0,0,0,0,0,0,0,0,0,0,0,0,0,0,442.104,0,90.5082,-532.612
"MtrElec",1,14,12,"",0,0,0,0,0,0,0,0,0,0,0,0,0,0,0,0,0,0,0,0,0,425.624,0,150.236,-575.859
"MtrElec",1,14,13,"",0,0,0,0,0,0,0,0,0,0,0,0,0,0,0,0,0,0,0,0,0,436.123,0,135.044,-571.167
"MtrElec",1,14,14,"",0,0,0,0,0,0,0,0,0,0,0,0,0,0,0,0,0,0,0,0,0,420.785,0,98.8399,-519.625
"MtrElec",1,14,15,"",0,0,0,0,0,0,0,0,0,0,0,0,0,0,0,0,0,0,0,0,0,406.284,0,20.4367,-426.72
"MtrElec",1,14,16,"",191.861,0,0,0,0,0,0,0,0,0,0,0,0,0,0,0,0,0,0,0,0,457.107,0,0,-265.247
"MtrElec",1,14,17,"",392.276,0,0,0,0,0,0,0,0,0,0,0,0,0,0,0,0,0,0,0,0,459.045,0,0,-66.7699
"MtrElec",1,14,18,"",484.118,0,0,0,0,0,0,0,0,0,0,0,0,0,0,0,0,0,0,0,0,484.118,0,0,0
"MtrElec",1,14,19,"",206.034,0,0,0,0,0,0,0,0,0,0,0,0,0,0,0,0,0,0,0,0,429.251,0,-223.217,0
"MtrElec",1,14,20,"",194.235,0,0,0,0,0,0,0,0,0,0,0,0,0,0,0,0,0,0,0,0,417.451,0,-223.217,0
"MtrElec",1,14,21,"",408.15,0,0,0,0,0,0,0,0,0,0,0,0,0,0,0,0,0,0,0,0,408.512,0,-0.361764,0
"MtrElec",1,14,22,"",310.249,0,0,0,0,0,0,0,0,0,0,0,0,0,0,0,0,0,0,0,0,310.249,0,0,0
"MtrElec",1,14,23,"",315.1,0,0,0,0,0,0,0,0,0,0,0,0,0,0,0,0,0,0,0,0,315.1,0,0,0
"MtrElec",1,14,24,"",197.236,0,0,0,0,0,0,0,0,0,0,0,0,0,0,0,0,0,0,0,0,197.236,0,0,0
"MtrElec",1,15,1,"",176.801,0,0,0,0,0,0,0,0,0,0,0,0,0,0,0,0,0,0,0,0,176.801,0,0,0
"MtrElec",1,15,2,"",184.526,0,0,0,0,0,0,0,0,0,0,0,0,0,0,0,0,0,0,0,0,184.526,0,0,0
"MtrElec",1,15,3,"",172.605,0,0,0,0,0,0,0,0,0,0,0,0,0,0,0,0,0,0,0,0,172.605,0,0,0
"MtrElec",1,15,4,"",161.333,0,0,0,0,0,0,0,0,0,0,0,0,0,0,0,0,0,0,0,0,161.333,0,0,0
"MtrElec",1,15,5,"",157.872,0,0,0,0,0,0,0,0,0,0,0,0,0,0,0,0,0,0,0,0,157.872,0,0,0
"MtrElec",1,15,6,"",173.411,0,0,0,0,0,0,0,0,0,0,0,0,0,0,0,0,0,0,0,0,173.411,0,0,0
"MtrElec",1,15,7,"",269.173,0,0,0,0,0,0,0,0,0,0,0,0,0,0,0,0,0,0,0,0,269.173,0,0,0
"MtrElec",1,15,8,"",179.695,0,0,0,0,0,0,0,0,0,0,0,0,0,0,0,0,0,0,0,0,280.32,0,0,-100.625
"MtrElec",1,15,9,"",49.5538,0,0,0,0,0,0,0,0,0,0,0,0,0,0,0,0,0,0,0,0,346.387,0,0,-296.833
"MtrElec",1,15,10,"",-20.1651,0,0,0,0,0,0,0,0,0,0,0,0,0,0,0,0,0,0,0,0,418.782,0,0,-438.947
"MtrElec",1,15,11,"",0.0000078,0,0,0,0,0,0,0,0,0,0,0,0,0,0,0,0,0,0,0,0,425.733,0,100.823,-526.555
"MtrElec",1,15,12,"",0,0,0,0,0,0,0,0,0,0,0,0,0,0,0,0,0,0,0,0,0,439.446,0,127.677,-567.123
"MtrElec",1,15,13,"",0,0,0,0,0,0,0,0,0,0,0,0,0,0,0,0,0,0,0,0,0,436.43,0,125.902,-562.332
"MtrElec",1,15,14,"",0,0,0,0,0,0,0,0,0,0,0,0,0,0,0,0,0,0,0,0,0,433.987,0,90.9715,-524.958
"MtrElec",1,15,15,"",104.188,0,0,0,0,0,0,0,0,0,0,0,0,0,0,0,0,0,0,0,0,440.889,0,0,-336.701
"MtrElec",1,15,16,"",172.415,0,0,0,0,0,0,0,0,0,0,0,0,0,0,0,0,0,0,0,0,449.396,0,0,-276.981
"MtrElec",1,15,17,"",360.901,0,0,0,0,0,0,0,0,0,0,0,0,0,0,0,0,0,0,0,0,446.291,0,0,-85.3897
"MtrElec",1,15,18,"",439.156,0,0,0,0,0,0,0,0,0,0,0,0,0,0,0,0,0,0,0,0,439.156,0,0,0
"MtrElec",1,15,19,"",190.816,0,0,0,0,0,0,0,0,0,0,0,0,0,0,0,0,0,0,0,0,414.032,0,-223.217,0
"MtrElec",1,15,20,"",275.229,0,0,0,0,0,0,0,0,0,0,0,0,0,0,0,0,0,0,0,0,453.961,0,-178.733,0
"MtrElec",1,15,21,"",389.195,0,0,0,0,0,0,0,0,0,0,0,0,0,0,0,0,0,0,0,0,389.195,0,0,0
"MtrElec",1,15,22,"",318.301,0,0,0,0,0,0,0,0,0,0,0,0,0,0,0,0,0,0,0,0,318.301,0,0,0
"MtrElec",1,15,23,"",266.414,0,0,0,0,0,0,0,0,0,0,0,0,0,0,0,0,0,0,0,0,266.414,0,0,0
"MtrElec",1,15,24,"",200.025,0,0,0,0,0,0,0,0,0,0,0,0,0,0,0,0,0,0,0,0,200.025,0,0,0
"MtrElec",1,16,1,"",170.36,0,0,0,0,0,0,0,0,0,0,0,0,0,0,0,0,0,0,0,0,170.36,0,0,0
"MtrElec",1,16,2,"",157.604,0,0,0,0,0,0,0,0,0,0,0,0,0,0,0,0,0,0,0,0,157.604,0,0,0
"MtrElec",1,16,3,"",153.793,0,0,0,0,0,0,0,0,0,0,0,0,0,0,0,0,0,0,0,0,153.793,0,0,0
"MtrElec",1,16,4,"",213.69,0,0,0,0,0,0,0,0,0,0,0,0,0,0,0,0,0,0,0,0,213.69,0,0,0
"MtrElec",1,16,5,"",154.302,0,0,0,0,0,0,0,0,0,0,0,0,0,0,0,0,0,0,0,0,154.302,0,0,0
"MtrElec",1,16,6,"",162.19,0,0,0,0,0,0,0,0,0,0,0,0,0,0,0,0,0,0,0,0,162.19,0,0,0
"MtrElec",1,16,7,"",269.848,0,0,0,0,0,0,0,0,0,0,0,0,0,0,0,0,0,0,0,0,269.848,0,0,0
"MtrElec",1,16,8,"",194.734,0,0,0,0,0,0,0,0,0,0,0,0,0,0,0,0,0,0,0,0,275.116,0,0,-80.3829
"MtrElec",1,16,9,"",194.42,0,0,0,0,0,0,0,0,0,0,0,0,0,0,0,0,0,0,0,0,363.495,0,0,-169.076
"MtrElec",1,16,10,"",65.8876,0,0,0,0,0,0,0,0,0,0,0,0,0,0,0,0,0,0,0,0,450.573,0,0,-384.685
"MtrElec",1,16,11,"",0,0,0,0,0,0,0,0,0,0,0,0,0,0,0,0,0,0,0,0,0,432.27,0,27.244,-459.514
"MtrElec",1,16,12,"",0,0,0,0,0,0,0,0,0,0,0,0,0,0,0,0,0,0,0,0,0,435.133,0,36.2469,-471.38
"MtrElec",1,16,13,"",0.0000005,0,0,0,0,0,0,0,0,0,0,0,0,0,0,0,0,0,0,0,0,461.117,0,8.00856,-469.125
"MtrElec",1,16,14,"",0,0,0,0,0,0,0,0,0,0,0,0,0,0,0,0,0,0,0,0,0,424.235,0,3.62269,-427.857
"MtrElec",1,16,15,"",72.2962,0,0,0,0,0,0,0,0,0,0,0,0,0,0,0,0,0,0,0,0,416.714,0,0,-344.418
"MtrElec",1,16,16,"",212.422,0,0,0,0,0,0,0,0,0,0,0,0,0,0,0,0,0,0,0,0,425.265,0,0,-212.844
"MtrElec",1,16,17,"",383.705,0,0,0,0,0,0,0,0,0,0,0,0,0,0,0,0,0,0,0,0,452.975,0,0,-69.2702
"MtrElec",1,16,18,"",444.718,0,0,0,0,0,0,0,0,0,0,0,0,0,0,0,0,0,0,0,0,444.718,0,0,0
"MtrElec",1,16,19,"",371.403,0,0,0,0,0,0,0,0,0,0,0,0,0,0,0,0,0,0,0,0,439.2,0,-67.7978,0
"MtrElec",1,16,20,"",419.082,0,0,0,0,0,0,0,0,0,0,0,0,0,0,0,0,0,0,0,0,419.082,0,0,0
"MtrElec",1,16,21,"",432.284,0,0,0,0,0,0,0,0,0,0,0,0,0,0,0,0,0,0,0,0,432.284,0,0,0
"MtrElec",1,16,22,"",269.68,0,0,0,0,0,0,0,0,0,0,0,0,0,0,0,0,0,0,0,0,269.68,0,0,0
"MtrElec",1,16,23,"",287.61,0,0,0,0,0,0,0,0,0,0,0,0,0,0,0,0,0,0,0,0,287.61,0,0,0
"MtrElec",1,16,24,"",221.208,0,0,0,0,0,0,0,0,0,0,0,0,0,0,0,0,0,0,0,0,221.208,0,0,0
"MtrElec",1,17,1,"",167.884,0,0,0,0,0,0,0,0,0,0,0,0,0,0,0,0,0,0,0,0,167.884,0,0,0
"MtrElec",1,17,2,"",158.832,0,0,0,0,0,0,0,0,0,0,0,0,0,0,0,0,0,0,0,0,158.832,0,0,0
"MtrElec",1,17,3,"",195.312,0,0,0,0,0,0,0,0,0,0,0,0,0,0,0,0,0,0,0,0,195.312,0,0,0
"MtrElec",1,17,4,"",160.184,0,0,0,0,0,0,0,0,0,0,0,0,0,0,0,0,0,0,0,0,160.184,0,0,0
"MtrElec",1,17,5,"",173.703,0,0,0,0,0,0,0,0,0,0,0,0,0,0,0,0,0,0,0,0,173.703,0,0,0
"MtrElec",1,17,6,"",157.875,0,0,0,0,0,0,0,0,0,0,0,0,0,0,0,0,0,0,0,0,157.875,0,0,0
"MtrElec",1,17,7,"",205.82,0,0,0,0,0,0,0,0,0,0,0,0,0,0,0,0,0,0,0,0,205.82,0,0,0
"MtrElec",1,17,8,"",132.921,0,0,0,0,0,0,0,0,0,0,0,0,0,0,0,0,0,0,0,0,230.193,0,0,-97.2716
"MtrElec",1,17,9,"",38.8518,0,0,0,0,0,0,0,0,0,0,0,0,0,0,0,0,0,0,0,0,328.149,0,0,-289.297
"MtrElec",1,17,10,"",-10.8091,0,0,0,0,0,0,0,0,0,0,0,0,0,0,0,0,0,0,0,0,420.249,0,0,-431.059
"MtrElec",1,17,11,"",0,0,0,0,0,0,0,0,0,0,0,0,0,0,0,0,0,0,0,0,0,502.69,0,20.2579,-522.948
"MtrElec",1,17,12,"",0,0,0,0,0,0,0,0,0,0,0,0,0,0,0,0,0,0,0,0,0,515.291,0,50.864,-566.155
"MtrElec",1,17,13,"",20.9321,0,0,0,0,0,0,0,0,0,0,0,0,0,0,0,0,0,0,0,0,583.213,0,0,-562.281
"MtrElec",1,17,14,"",0,0,0,0,0,0,0,0,0,0,0,0,0,0,0,0,0,0,0,0,0,506.648,0,6.90884,-513.557
"MtrElec",1,17,15,"",89.1091,0,0,0,0,0,0,0,0,0,0,0,0,0,0,0,0,0,0,0,0,515.506,0,0,-426.397
"MtrElec",1,17,16,"",169.552,0,0,0,0,0,0,0,0,0,0,0,0,0,0,0,0,0,0,0,0,456.155,0,0,-286.603
"MtrElec",1,17,17,"",407.091,0,0,0,0,0,0,0,0,0,0,0,0,0,0,0,0,0,0,0,0,496.582,0,0,-89.4911
"MtrElec",1,17,18,"",471.5,0,0,0,0,0,0,0,0,0,0,0,0,0,0,0,0,0,0,0,0,471.5,0,0,0
"MtrElec",1,17,19,"",420.335,0,0,0,0,0,0,0,0,0,0,0,0,0,0,0,0,0,0,0,0,490.758,0,-70.4228,0
"MtrElec",1,17,20,"",409,0,0,0,0,0,0,0,0,0,0,0,0,0,0,0,0,0,0,0,0,409,0,0,0
"MtrElec",1,17,21,"",412.982,0,0,0,0,0,0,0,0,0,0,0,0,0,0,0,0,0,0,0,0,412.982,0,0,0
"MtrElec",1,17,22,"",322.05,0,0,0,0,0,0,0,0,0,0,0,0,0,0,0,0,0,0,0,0,322.05,0,0,0
"MtrElec",1,17,23,"",264.953,0,0,0,0,0,0,0,0,0,0,0,0,0,0,0,0,0,0,0,0,264.953,0,0,0
"MtrElec",1,17,24,"",193.796,0,0,0,0,0,0,0,0,0,0,0,0,0,0,0,0,0,0,0,0,193.796,0,0,0
"MtrElec",1,18,1,"",169.772,0,0,0,0,0,0,0,0,0,0,0,0,0,0,0,0,0,0,0,0,169.772,0,0,0
"MtrElec",1,18,2,"",157.759,0,0,0,0,0,0,0,0,0,0,0,0,0,0,0,0,0,0,0,0,157.759,0,0,0
"MtrElec",1,18,3,"",158.97,0,0,0,0,0,0,0,0,0,0,0,0,0,0,0,0,0,0,0,0,158.97,0,0,0
"MtrElec",1,18,4,"",202.787,0,0,0,0,0,0,0,0,0,0,0,0,0,0,0,0,0,0,0,0,202.787,0,0,0
"MtrElec",1,18,5,"",174.446,0,0,0,0,0,0,0,0,0,0,0,0,0,0,0,0,0,0,0,0,174.446,0,0,0
"MtrElec",1,18,6,"",161.242,0,0,0,0,0,0,0,0,0,0,0,0,0,0,0,0,0,0,0,0,161.242,0,0,0
"MtrElec",1,18,7,"",170.536,0,0,0,0,0,0,0,0,0,0,0,0,0,0,0,0,0,0,0,0,170.536,0,0,0
"MtrElec",1,18,8,"",205.378,0,0,0,0,0,0,0,0,0,0,0,0,0,0,0,0,0,0,0,0,305.483,0,0,-100.105
"MtrElec",1,18,9,"",46.6308,0,0,0,0,0,0,0,0,0,0,0,0,0,0,0,0,0,0,0,0,344.445,0,0,-297.815
"MtrElec",1,18,10,"",-53.5641,0,0,0,0,0,0,0,0,0,0,0,0,0,0,0,0,0,0,0,0,393.618,0,0,-447.182
"MtrElec",1,18,11,"",0,0,0,0,0,0,0,0,0,0,0,0,0,0,0,0,0,0,0,0,0,399.336,0,140.904,-540.24
"MtrElec",1,18,12,"",0,0,0,0,0,0,0,0,0,0,0,0,0,0,0,0,0,0,0,0,0,408.559,0,170.173,-578.733
"MtrElec",1,18,13,"",0,0,0,0,0,0,0,0,0,0,0,0,0,0,0,0,0,0,0,0,0,415.51,0,149.67,-565.18
"MtrElec",1,18,14,"",0,0,0,0,0,0,0,0,0,0,0,0,0,0,0,0,0,0,0,0,0,422.283,0,93.014,-515.297
"MtrElec",1,18,15,"",22.6577,0,0,0,0,0,0,0,0,0,0,0,0,0,0,0,0,0,0,0,0,453.729,0,0,-431.072
"MtrElec",1,18,16,"",90.4839,0,0,0,0,0,0,0,0,0,0,0,0,0,0,0,0,0,0,0,0,377.581,0,0,-287.097
"MtrElec",1,18,17,"",326.056,0,0,0,0,0,0,0,0,0,0,0,0,0,0,0,0,0,0,0,0,422.699,0,0,-96.6429
"MtrElec",1,18,18,"",360.032,0,0,0,0,0,0,0,0,0,0,0,0,0,0,0,0,0,0,0,0,360.032,0,0,0
"MtrElec",1,18,19,"",150.034,0,0,0,0,0,0,0,0,0,0,0,0,0,0,0,0,0,0,0,0,373.251,0,-223.217,0
"MtrElec",1,18,20,"",78.5463,0,0,0,0,0,0,0,0,0,0,0,0,0,0,0,0,0,0,0,0,301.763,0,-223.217,0
"MtrElec",1,18,21,"",240.188,0,0,0,0,0,0,0,0,0,0,0,0,0,0,0,0,0,0,0,0,293.524,0,-53.336,0
"MtrElec",1,18,22,"",295.296,0,0,0,0,0,0,0,0,0,0,0,0,0,0,0,0,0,0,0,0,295.296,0,0,0
"MtrElec",1,18,23,"",224.359,0,0,0,0,0,0,0,0,0,0,0,0,0,0,0,0,0,0,0,0,224.359,0,0,0
"MtrElec",1,18,24,"",202.008,0,0,0,0,0,0,0,0,0,0,0,0,0,0,0,0,0,0,0,0,202.008,0,0,0
"MtrElec",1,19,1,"",210.072,0,0,0,0,0,0,0,0,0,0,0,0,0,0,0,0,0,0,0,0,210.072,0,0,0
"MtrElec",1,19,2,"",166.212,0,0,0,0,0,0,0,0,0,0,0,0,0,0,0,0,0,0,0,0,166.212,0,0,0
"MtrElec",1,19,3,"",155.87,0,0,0,0,0,0,0,0,0,0,0,0,0,0,0,0,0,0,0,0,155.87,0,0,0
"MtrElec",1,19,4,"",154.985,0,0,0,0,0,0,0,0,0,0,0,0,0,0,0,0,0,0,0,0,154.985,0,0,0
"MtrElec",1,19,5,"",151.182,0,0,0,0,0,0,0,0,0,0,0,0,0,0,0,0,0,0,0,0,151.182,0,0,0
"MtrElec",1,19,6,"",178.363,0,0,0,0,0,0,0,0,0,0,0,0,0,0,0,0,0,0,0,0,178.363,0,0,0
"MtrElec",1,19,7,"",211.99,0,0,0,0,0,0,0,0,0,0,0,0,0,0,0,0,0,0,0,0,211.99,0,0,0
"MtrElec",1,19,8,"",175.459,0,0,0,0,0,0,0,0,0,0,0,0,0,0,0,0,0,0,0,0,265.415,0,0,-89.956
"MtrElec",1,19,9,"",37.194,0,0,0,0,0,0,0,0,0,0,0,0,0,0,0,0,0,0,0,0,324.804,0,0,-287.61
"MtrElec",1,19,10,"",-12.0637,0,0,0,0,0,0,0,0,0,0,0,0,0,0,0,0,0,0,0,0,412.79,0,0,-424.854
"MtrElec",1,19,11,"",0,0,0,0,0,0,0,0,0,0,0,0,0,0,0,0,0,0,0,0,0,379.897,0,98.5327,-478.43
"MtrElec",1,19,12,"",0.0000078,0,0,0,0,0,0,0,0,0,0,0,0,0,0,0,0,0,0,0,0,460.574,0,123.513,-584.087
"MtrElec",1,19,13,"",0,0,0,0,0,0,0,0,0,0,0,0,0,0,0,0,0,0,0,0,0,451.617,0,129.031,-580.648
"MtrElec",1,19,14,"",0,0,0,0,0,0,0,0,0,0,0,0,0,0,0,0,0,0,0,0,0,356.79,0,176.149,-532.939
"MtrElec",1,19,15,"",0,0,0,0,0,0,0,0,0,0,0,0,0,0,0,0,0,0,0,0,0,363.516,0,77.0459,-440.562
"MtrElec",1,19,16,"",46.0712,0,0,0,0,0,0,0,0,0,0,0,0,0,0,0,0,0,0,0,0,341.982,0,0,-295.911
"MtrElec",1,19,17,"",312.766,0,0,0,0,0,0,0,0,0,0,0,0,0,0,0,0,0,0,0,0,413.858,0,0,-101.093
"MtrElec",1,19,18,"",424.573,0,0,0,0,0,0,0,0,0,0,0,0,0,0,0,0,0,0,0,0,424.573,0,0,0
"MtrElec",1,19,19,"",165.904,0,0,0,0,0,0,0,0,0,0,0,0,0,0,0,0,0,0,0,0,389.12,0,-223.217,0
"MtrElec",1,19,20,"",87.5615,0,0,0,0,0,0,0,0,0,0,0,0,0,0,0,0,0,0,0,0,310.778,0,-223.217,0
"MtrElec",1,19,21,"",215.165,0,0,0,0,0,0,0,0,0,0,0,0,0,0,0,0,0,0,0,0,314.086,0,-98.9206,0
"MtrElec",1,19,22,"",289.103,0,0,0,0,0,0,0,0,0,0,0,0,0,0,0,0,0,0,0,0,289.103,0,0,0
"MtrElec",1,19,23,"",225.44,0,0,0,0,0,0,0,0,0,0,0,0,0,0,0,0,0,0,0,0,225.44,0,0,0
"MtrElec",1,19,24,"",234.542,0,0,0,0,0,0,0,0,0,0,0,0,0,0,0,0,0,0,0,0,234.542,0,0,0
"MtrElec",1,20,1,"",161.586,0,0,0,0,0,0,0,0,0,0,0,0,0,0,0,0,0,0,0,0,161.586,0,0,0
"MtrElec",1,20,2,"",157.715,0,0,0,0,0,0,0,0,0,0,0,0,0,0,0,0,0,0,0,0,157.715,0,0,0
"MtrElec",1,20,3,"",152.817,0,0,0,0,0,0,0,0,0,0,0,0,0,0,0,0,0,0,0,0,152.817,0,0,0
"MtrElec",1,20,4,"",156.26,0,0,0,0,0,0,0,0,0,0,0,0,0,0,0,0,0,0,0,0,156.26,0,0,0
"MtrElec",1,20,5,"",154.821,0,0,0,0,0,0,0,0,0,0,0,0,0,0,0,0,0,0,0,0,154.821,0,0,0
"MtrElec",1,20,6,"",187.139,0,0,0,0,0,0,0,0,0,0,0,0,0,0,0,0,0,0,0,0,187.139,0,0,0
"MtrElec",1,20,7,"",262.908,0,0,0,0,0,0,0,0,0,0,0,0,0,0,0,0,0,0,0,0,262.908,0,0,0
"MtrElec",1,20,8,"",209.618,0,0,0,0,0,0,0,0,0,0,0,0,0,0,0,0,0,0,0,0,316.295,0,0,-106.677
"MtrElec",1,20,9,"",69.5498,0,0,0,0,0,0,0,0,0,0,0,0,0,0,0,0,0,0,0,0,388.605,0,0,-319.055
"MtrElec",1,20,10,"",-68.17,0,0,0,0,0,0,0,0,0,0,0,0,0,0,0,0,0,0,0,0,400.537,0,0,-468.707
"MtrElec",1,20,11,"",0,0,0,0,0,0,0,0,0,0,0,0,0,0,0,0,0,0,0,0,0,455.272,0,105.783,-561.055
"MtrElec",1,20,12,"",0.0000156,0,0,0,0,0,0,0,0,0,0,0,0,0,0,0,0,0,0,0,0,452.163,0,152.942,-605.106
"MtrElec",1,20,13,"",0.0000156,0,0,0,0,0,0,0,0,0,0,0,0,0,0,0,0,0,0,0,0,474.479,0,138.155,-612.633
"MtrElec",1,20,14,"",0.0000156,0,0,0,0,0,0,0,0,0,0,0,0,0,0,0,0,0,0,0,0,418.049,0,141.956,-560.004
"MtrElec",1,20,15,"",0,0,0,0,0,0,0,0,0,0,0,0,0,0,0,0,0,0,0,0,0,413.411,0,38.644,-452.055
"MtrElec",1,20,16,"",117.623,0,0,0,0,0,0,0,0,0,0,0,0,0,0,0,0,0,0,0,0,425.74,0,0,-308.116
"MtrElec",1,20,17,"",354.322,0,0,0,0,0,0,0,0,0,0,0,0,0,0,0,0,0,0,0,0,469.77,0,0,-115.448
"MtrElec",1,20,18,"",442.29,0,0,0,0,0,0,0,0,0,0,0,0,0,0,0,0,0,0,0,0,442.831,0,0,-0.540778
"MtrElec",1,20,19,"",206.477,0,0,0,0,0,0,0,0,0,0,0,0,0,0,0,0,0,0,0,0,429.694,0,-223.217,0
"MtrElec",1,20,20,"",186.772,0,0,0,0,0,0,0,0,0,0,0,0,0,0,0,0,0,0,0,0,409.989,0,-223.217,0
"MtrElec",1,20,21,"",371.784,0,0,0,0,0,0,0,0,0,0,0,0,0,0,0,0,0,0,0,0,446.526,0,-74.7421,0
"MtrElec",1,20,22,"",274.191,0,0,0,0,0,0,0,0,0,0,0,0,0,0,0,0,0,0,0,0,274.191,0,0,0
"MtrElec",1,20,23,"",325.052,0,0,0,0,0,0,0,0,0,0,0,0,0,0,0,0,0,0,0,0,325.052,0,0,0
"MtrElec",1,20,24,"",216.789,0,0,0,0,0,0,0,0,0,0,0,0,0,0,0,0,0,0,0,0,216.789,0,0,0
"MtrElec",1,21,1,"",167.436,0,0,0,0,0,0,0,0,0,0,0,0,0,0,0,0,0,0,0,0,167.436,0,0,0
"MtrElec",1,21,2,"",159.301,0,0,0,0,0,0,0,0,0,0,0,0,0,0,0,0,0,0,0,0,159.301,0,0,0
"MtrElec",1,21,3,"",151.054,0,0,0,0,0,0,0,0,0,0,0,0,0,0,0,0,0,0,0,0,151.054,0,0,0
"MtrElec",1,21,4,"",157.349,0,0,0,0,0,0,0,0,0,0,0,0,0,0,0,0,0,0,0,0,157.349,0,0,0
"MtrElec",1,21,5,"",194.06,0,0,0,0,0,0,0,0,0,0,0,0,0,0,0,0,0,0,0,0,194.06,0,0,0
"MtrElec",1,21,6,"",158.772,0,0,0,0,0,0,0,0,0,0,0,0,0,0,0,0,0,0,0,0,158.772,0,0,0
"MtrElec",1,21,7,"",245.572,0,0,0,0,0,0,0,0,0,0,0,0,0,0,0,0,0,0,0,0,245.572,0,0,0
"MtrElec",1,21,8,"",196.733,0,0,0,0,0,0,0,0,0,0,0,0,0,0,0,0,0,0,0,0,304.425,0,0,-107.693
"MtrElec",1,21,9,"",37.0709,0,0,0,0,0,0,0,0,0,0,0,0,0,0,0,0,0,0,0,0,351.959,0,0,-314.888
"MtrElec",1,21,10,"",-96.1595,0,0,0,0,0,0,0,0,0,0,0,0,0,0,0,0,0,0,0,0,368.88,0,0,-465.039
"MtrElec",1,21,11,"",0.0000078,0,0,0,0,0,0,0,0,0,0,0,0,0,0,0,0,0,0,0,0,452.59,0,99.4679,-552.058
"MtrElec",1,21,12,"",-7.5815,0,0,0,0,0,0,0,0,0,0,0,0,0,0,0,0,0,0,0,0,366.576,0,223.217,-597.375
"MtrElec",1,21,13,"",0,0,0,0,0,0,0,0,0,0,0,0,0,0,0,0,0,0,0,0,0,481.197,0,113.632,-594.83
"MtrElec",1,21,14,"",0,0,0,0,0,0,0,0,0,0,0,0,0,0,0,0,0,0,0,0,0,376.932,0,168.86,-545.793
"MtrElec",1,21,15,"",0.0000020,0,0,0,0,0,0,0,0,0,0,0,0,0,0,0,0,0,0,0,0,434.406,0,29.1432,-463.55
"MtrElec",1,21,16,"",80.5783,0,0,0,0,0,0,0,0,0,0,0,0,0,0,0,0,0,0,0,0,396.385,0,0,-315.807
"MtrElec",1,21,17,"",313.495,0,0,0,0,0,0,0,0,0,0,0,0,0,0,0,0,0,0,0,0,432.062,0,0,-118.568
"MtrElec",1,21,18,"",402.472,0,0,0,0,0,0,0,0,0,0,0,0,0,0,0,0,0,0,0,0,403.233,0,0,-0.760987
"MtrElec",1,21,19,"",224.688,0,0,0,0,0,0,0,0,0,0,0,0,0,0,0,0,0,0,0,0,447.905,0,-223.217,0
"MtrElec",1,21,20,"",146.789,0,0,0,0,0,0,0,0,0,0,0,0,0,0,0,0,0,0,0,0,370.006,0,-223.217,0
"MtrElec",1,21,21,"",254.276,0,0,0,0,0,0,0,0,0,0,0,0,0,0,0,0,0,0,0,0,380.317,0,-126.041,0
"MtrElec",1,21,22,"",275.977,0,0,0,0,0,0,0,0,0,0,0,0,0,0,0,0,0,0,0,0,275.977,0,0,0
"MtrElec",1,21,23,"",327.914,0,0,0,0,0,0,0,0,0,0,0,0,0,0,0,0,0,0,0,0,327.914,0,0,0
"MtrElec",1,21,24,"",237.46,0,0,0,0,0,0,0,0,0,0,0,0,0,0,0,0,0,0,0,0,237.46,0,0,0
"MtrElec",1,22,1,"",159.24,0,0,0,0,0,0,0,0,0,0,0,0,0,0,0,0,0,0,0,0,159.24,0,0,0
"MtrElec",1,22,2,"",164.538,0,0,0,0,0,0,0,0,0,0,0,0,0,0,0,0,0,0,0,0,164.538,0,0,0
"MtrElec",1,22,3,"",196.544,0,0,0,0,0,0,0,0,0,0,0,0,0,0,0,0,0,0,0,0,196.544,0,0,0
"MtrElec",1,22,4,"",153.549,0,0,0,0,0,0,0,0,0,0,0,0,0,0,0,0,0,0,0,0,153.549,0,0,0
"MtrElec",1,22,5,"",151.033,0,0,0,0,0,0,0,0,0,0,0,0,0,0,0,0,0,0,0,0,151.033,0,0,0
"MtrElec",1,22,6,"",162.893,0,0,0,0,0,0,0,0,0,0,0,0,0,0,0,0,0,0,0,0,162.893,0,0,0
"MtrElec",1,22,7,"",284.297,0,0,0,0,0,0,0,0,0,0,0,0,0,0,0,0,0,0,0,0,284.297,0,0,0
"MtrElec",1,22,8,"",214.244,0,0,0,0,0,0,0,0,0,0,0,0,0,0,0,0,0,0,0,0,317.452,0,0,-103.208
"MtrElec",1,22,9,"",55.9216,0,0,0,0,0,0,0,0,0,0,0,0,0,0,0,0,0,0,0,0,361.441,0,0,-305.52
"MtrElec",1,22,10,"",-24.0774,0,0,0,0,0,0,0,0,0,0,0,0,0,0,0,0,0,0,0,0,442.374,0,0,-466.451
"MtrElec",1,22,11,"",0,0,0,0,0,0,0,0,0,0,0,0,0,0,0,0,0,0,0,0,0,444.759,0,120.188,-564.946
"MtrElec",1,22,12,"",0,0,0,0,0,0,0,0,0,0,0,0,0,0,0,0,0,0,0,0,0,388.694,0,216.016,-604.71
"MtrElec",1,22,13,"",0,0,0,0,0,0,0,0,0,0,0,0,0,0,0,0,0,0,0,0,0,378.785,0,213.647,-592.432
"MtrElec",1,22,14,"",0,0,0,0,0,0,0,0,0,0,0,0,0,0,0,0,0,0,0,0,0,412.593,0,129.521,-542.114
"MtrElec",1,22,15,"",0,0,0,0,0,0,0,0,0,0,0,0,0,0,0,0,0,0,0,0,0,360.725,0,83.3877,-444.112
"MtrElec",1,22,16,"",104.671,0,0,0,0,0,0,0,0,0,0,0,0,0,0,0,0,0,0,0,0,403.837,0,0,-299.166
"MtrElec",1,22,17,"",268.431,0,0,0,0,0,0,0,0,0,0,0,0,0,0,0,0,0,0,0,0,378.225,0,0,-109.794
"MtrElec",1,22,18,"",435.737,0,0,0,0,0,0,0,0,0,0,0,0,0,0,0,0,0,0,0,0,435.737,0,0,0
"MtrElec",1,22,19,"",174.304,0,0,0,0,0,0,0,0,0,0,0,0,0,0,0,0,0,0,0,0,397.521,0,-223.217,0
"MtrElec",1,22,20,"",193.6,0,0,0,0,0,0,0,0,0,0,0,0,0,0,0,0,0,0,0,0,416.817,0,-223.217,0
"MtrElec",1,22,21,"",136.76,0,0,0,0,0,0,0,0,0,0,0,0,0,0,0,0,0,0,0,0,359.977,0,-223.217,0
"MtrElec",1,22,22,"",296.794,0,0,0,0,0,0,0,0,0,0,0,0,0,0,0,0,0,0,0,0,315.535,0,-18.7404,0
"MtrElec",1,22,23,"",301.059,0,0,0,0,0,0,0,0,0,0,0,0,0,0,0,0,0,0,0,0,301.059,0,0,0
"MtrElec",1,22,24,"",207.343,0,0,0,0,0,0,0,0,0,0,0,0,0,0,0,0,0,0,0,0,207.343,0,0,0
"MtrElec",1,23,1,"",183.001,0,0,0,0,0,0,0,0,0,0,0,0,0,0,0,0,0,0,0,0,183.001,0,0,0
"MtrElec",1,23,2,"",157.359,0,0,0,0,0,0,0,0,0,0,0,0,0,0,0,0,0,0,0,0,157.359,0,0,0
"MtrElec",1,23,3,"",153.491,0,0,0,0,0,0,0,0,0,0,0,0,0,0,0,0,0,0,0,0,153.491,0,0,0
"MtrElec",1,23,4,"",153.946,0,0,0,0,0,0,0,0,0,0,0,0,0,0,0,0,0,0,0,0,153.946,0,0,0
"MtrElec",1,23,5,"",198.805,0,0,0,0,0,0,0,0,0,0,0,0,0,0,0,0,0,0,0,0,198.805,0,0,0
"MtrElec",1,23,6,"",165.811,0,0,0,0,0,0,0,0,0,0,0,0,0,0,0,0,0,0,0,0,165.811,0,0,0
"MtrElec",1,23,7,"",266.536,0,0,0,0,0,0,0,0,0,0,0,0,0,0,0,0,0,0,0,0,266.536,0,0,0
"MtrElec",1,23,8,"",214.726,0,0,0,0,0,0,0,0,0,0,0,0,0,0,0,0,0,0,0,0,325.506,0,0,-110.78
"MtrElec",1,23,9,"",74.7523,0,0,0,0,0,0,0,0,0,0,0,0,0,0,0,0,0,0,0,0,399.957,0,0,-325.205
"MtrElec",1,23,10,"",-23.3393,0,0,0,0,0,0,0,0,0,0,0,0,0,0,0,0,0,0,0,0,456.51,0,0,-479.849
"MtrElec",1,23,11,"",0.0000078,0,0,0,0,0,0,0,0,0,0,0,0,0,0,0,0,0,0,0,0,459.875,0,119.369,-579.243
"MtrElec",1,23,12,"",0,0,0,0,0,0,0,0,0,0,0,0,0,0,0,0,0,0,0,0,0,409.085,0,216.327,-625.412
"MtrElec",1,23,13,"",0,0,0,0,0,0,0,0,0,0,0,0,0,0,0,0,0,0,0,0,0,535.314,0,87.6356,-622.949
"MtrElec",1,23,14,"",0,0,0,0,0,0,0,0,0,0,0,0,0,0,0,0,0,0,0,0,0,370.002,0,208.334,-578.336
"MtrElec",1,23,15,"",0,0,0,0,0,0,0,0,0,0,0,0,0,0,0,0,0,0,0,0,0,435.164,0,43.5394,-478.703
"MtrElec",1,23,16,"",111.701,0,0,0,0,0,0,0,0,0,0,0,0,0,0,0,0,0,0,0,0,412.231,0,0,-300.53
"MtrElec",1,23,17,"",364.659,0,0,0,0,0,0,0,0,0,0,0,0,0,0,0,0,0,0,0,0,442.848,0,0,-78.1892
"MtrElec",1,23,18,"",480.712,0,0,0,0,0,0,0,0,0,0,0,0,0,0,0,0,0,0,0,0,480.712,0,0,0
"MtrElec",1,23,19,"",203.301,0,0,0,0,0,0,0,0,0,0,0,0,0,0,0,0,0,0,0,0,426.517,0,-223.217,0
"MtrElec",1,23,20,"",248.269,0,0,0,0,0,0,0,0,0,0,0,0,0,0,0,0,0,0,0,0,471.486,0,-223.217,0
"MtrElec",1,23,21,"",266.367,0,0,0,0,0,0,0,0,0,0,0,0,0,0,0,0,0,0,0,0,429.305,0,-162.939,0
"MtrElec",1,23,22,"",310.589,0,0,0,0,0,0,0,0,0,0,0,0,0,0,0,0,0,0,0,0,310.589,0,0,0
"MtrElec",1,23,23,"",295.351,0,0,0,0,0,0,0,0,0,0,0,0,0,0,0,0,0,0,0,0,295.351,0,0,0
"MtrElec",1,23,24,"",197.194,0,0,0,0,0,0,0,0,0,0,0,0,0,0,0,0,0,0,0,0,197.194,0,0,0
"MtrElec",1,24,1,"",165.155,0,0,0,0,0,0,0,0,0,0,0,0,0,0,0,0,0,0,0,0,165.155,0,0,0
"MtrElec",1,24,2,"",158.193,0,0,0,0,0,0,0,0,0,0,0,0,0,0,0,0,0,0,0,0,158.193,0,0,0
"MtrElec",1,24,3,"",154.045,0,0,0,0,0,0,0,0,0,0,0,0,0,0,0,0,0,0,0,0,154.045,0,0,0
"MtrElec",1,24,4,"",160.153,0,0,0,0,0,0,0,0,0,0,0,0,0,0,0,0,0,0,0,0,160.153,0,0,0
"MtrElec",1,24,5,"",213.449,0,0,0,0,0,0,0,0,0,0,0,0,0,0,0,0,0,0,0,0,213.449,0,0,0
"MtrElec",1,24,6,"",163.585,0,0,0,0,0,0,0,0,0,0,0,0,0,0,0,0,0,0,0,0,163.585,0,0,0
"MtrElec",1,24,7,"",181.571,0,0,0,0,0,0,0,0,0,0,0,0,0,0,0,0,0,0,0,0,181.571,0,0,0
"MtrElec",1,24,8,"",172.518,0,0,0,0,0,0,0,0,0,0,0,0,0,0,0,0,0,0,0,0,278.585,0,0,-106.067
"MtrElec",1,24,9,"",-31.7729,0,0,0,0,0,0,0,0,0,0,0,0,0,0,0,0,0,0,0,0,275.671,0,0,-307.443
"MtrElec",1,24,10,"",-62.0489,0,0,0,0,0,0,0,0,0,0,0,0,0,0,0,0,0,0,0,0,395.545,0,0,-457.594
"MtrElec",1,24,11,"",0.0000039,0,0,0,0,0,0,0,0,0,0,0,0,0,0,0,0,0,0,0,0,487.892,0,60.869,-548.761
"MtrElec",1,24,12,"",0,0,0,0,0,0,0,0,0,0,0,0,0,0,0,0,0,0,0,0,0,510.487,0,82.5179,-593.005
"MtrElec",1,24,13,"",0,0,0,0,0,0,0,0,0,0,0,0,0,0,0,0,0,0,0,0,0,498.449,0,92.468,-590.917
"MtrElec",1,24,14,"",0.0000078,0,0,0,0,0,0,0,0,0,0,0,0,0,0,0,0,0,0,0,0,450.553,0,100.537,-551.089
"MtrElec",1,24,15,"",5.23238,0,0,0,0,0,0,0,0,0,0,0,0,0,0,0,0,0,0,0,0,459.24,0,0,-454.008
"MtrElec",1,24,16,"",230.495,0,0,0,0,0,0,0,0,0,0,0,0,0,0,0,0,0,0,0,0,470.299,0,0,-239.803
"MtrElec",1,24,17,"",285.562,0,0,0,0,0,0,0,0,0,0,0,0,0,0,0,0,0,0,0,0,404.011,0,0,-118.449
"MtrElec",1,24,18,"",462.723,0,0,0,0,0,0,0,0,0,0,0,0,0,0,0,0,0,0,0,0,463.655,0,0,-0.932468
"MtrElec",1,24,19,"",172.868,0,0,0,0,0,0,0,0,0,0,0,0,0,0,0,0,0,0,0,0,396.085,0,-223.217,0
"MtrElec",1,24,20,"",309.692,0,0,0,0,0,0,0,0,0,0,0,0,0,0,0,0,0,0,0,0,390.069,0,-80.3767,0
"MtrElec",1,24,21,"",349.727,0,0,0,0,0,0,0,0,0,0,0,0,0,0,0,0,0,0,0,0,349.727,0,0,0
"MtrElec",1,24,22,"",285.055,0,0,0,0,0,0,0,0,0,0,0,0,0,0,0,0,0,0,0,0,285.055,0,0,0
"MtrElec",1,24,23,"",277.927,0,0,0,0,0,0,0,0,0,0,0,0,0,0,0,0,0,0,0,0,277.927,0,0,0
"MtrElec",1,24,24,"",251.35,0,0,0,0,0,0,0,0,0,0,0,0,0,0,0,0,0,0,0,0,251.35,0,0,0
"MtrElec",1,25,1,"",172.935,0,0,0,0,0,0,0,0,0,0,0,0,0,0,0,0,0,0,0,0,172.935,0,0,0
"MtrElec",1,25,2,"",155.183,0,0,0,0,0,0,0,0,0,0,0,0,0,0,0,0,0,0,0,0,155.183,0,0,0
"MtrElec",1,25,3,"",153.531,0,0,0,0,0,0,0,0,0,0,0,0,0,0,0,0,0,0,0,0,153.531,0,0,0
"MtrElec",1,25,4,"",203.637,0,0,0,0,0,0,0,0,0,0,0,0,0,0,0,0,0,0,0,0,203.637,0,0,0
"MtrElec",1,25,5,"",172.132,0,0,0,0,0,0,0,0,0,0,0,0,0,0,0,0,0,0,0,0,172.132,0,0,0
"MtrElec",1,25,6,"",157.627,0,0,0,0,0,0,0,0,0,0,0,0,0,0,0,0,0,0,0,0,157.627,0,0,0
"MtrElec",1,25,7,"",196.455,0,0,0,0,0,0,0,0,0,0,0,0,0,0,0,0,0,0,0,0,196.455,0,0,0
"MtrElec",1,25,8,"",197.038,0,0,0,0,0,0,0,0,0,0,0,0,0,0,0,0,0,0,0,0,234.05,0,0,-37.0116
"MtrElec",1,25,9,"",19.5491,0,0,0,0,0,0,0,0,0,0,0,0,0,0,0,0,0,0,0,0,251.871,0,0,-232.321
"MtrElec",1,25,10,"",-27.0267,0,0,0,0,0,0,0,0,0,0,0,0,0,0,0,0,0,0,0,0,317.792,0,0,-344.818
"MtrElec",1,25,11,"",0,0,0,0,0,0,0,0,0,0,0,0,0,0,0,0,0,0,0,0,0,468.654,0,32.7839,-501.438
"MtrElec",1,25,12,"",0.0000156,0,0,0,0,0,0,0,0,0,0,0,0,0,0,0,0,0,0,0,0,376.018,0,193.716,-569.734
"MtrElec",1,25,13,"",0,0,0,0,0,0,0,0,0,0,0,0,0,0,0,0,0,0,0,0,0,401.588,0,146.182,-547.77
"MtrElec",1,25,14,"",0,0,0,0,0,0,0,0,0,0,0,0,0,0,0,0,0,0,0,0,0,368.33,0,181.986,-550.316
"MtrElec",1,25,15,"",0,0,0,0,0,0,0,0,0,0,0,0,0,0,0,0,0,0,0,0,0,377.441,0,83.8001,-461.241
"MtrElec",1,25,16,"",64.4578,0,0,0,0,0,0,0,0,0,0,0,0,0,0,0,0,0,0,0,0,375.035,0,0,-310.577
"MtrElec",1,25,17,"",206.252,0,0,0,0,0,0,0,0,0,0,0,0,0,0,0,0,0,0,0,0,321.949,0,0,-115.697
"MtrElec",1,25,18,"",357.225,0,0,0,0,0,0,0,0,0,0,0,0,0,0,0,0,0,0,0,0,357.824,0,0,-0.599148
"MtrElec",1,25,19,"",174.366,0,0,0,0,0,0,0,0,0,0,0,0,0,0,0,0,0,0,0,0,397.583,0,-223.217,0
"MtrElec",1,25,20,"",102.546,0,0,0,0,0,0,0,0,0,0,0,0,0,0,0,0,0,0,0,0,325.762,0,-223.217,0
"MtrElec",1,25,21,"",188.577,0,0,0,0,0,0,0,0,0,0,0,0,0,0,0,0,0,0,0,0,318.36,0,-129.784,0
"MtrElec",1,25,22,"",315.814,0,0,0,0,0,0,0,0,0,0,0,0,0,0,0,0,0,0,0,0,315.814,0,0,0
"MtrElec",1,25,23,"",252.419,0,0,0,0,0,0,0,0,0,0,0,0,0,0,0,0,0,0,0,0,252.419,0,0,0
"MtrElec",1,25,24,"",237.824,0,0,0,0,0,0,0,0,0,0,0,0,0,0,0,0,0,0,0,0,237.824,0,0,0
"MtrElec",1,26,1,"",171.024,0,0,0,0,0,0,0,0,0,0,0,0,0,0,0,0,0,0,0,0,171.024,0,0,0
"MtrElec",1,26,2,"",163.306,0,0,0,0,0,0,0,0,0,0,0,0,0,0,0,0,0,0,0,0,163.306,0,0,0
"MtrElec",1,26,3,"",153.66,0,0,0,0,0,0,0,0,0,0,0,0,0,0,0,0,0,0,0,0,153.66,0,0,0
"MtrElec",1,26,4,"",161.151,0,0,0,0,0,0,0,0,0,0,0,0,0,0,0,0,0,0,0,0,161.151,0,0,0
"MtrElec",1,26,5,"",157.86,0,0,0,0,0,0,0,0,0,0,0,0,0,0,0,0,0,0,0,0,157.86,0,0,0
"MtrElec",1,26,6,"",186.99,0,0,0,0,0,0,0,0,0,0,0,0,0,0,0,0,0,0,0,0,186.99,0,0,0
"MtrElec",1,26,7,"",267.965,0,0,0,0,0,0,0,0,0,0,0,0,0,0,0,0,0,0,0,0,267.965,0,0,0
"MtrElec",1,26,8,"",259.509,0,0,0,0,0,0,0,0,0,0,0,0,0,0,0,0,0,0,0,0,321.735,0,0,-62.2259
"MtrElec",1,26,9,"",114.681,0,0,0,0,0,0,0,0,0,0,0,0,0,0,0,0,0,0,0,0,392.724,0,0,-278.042
"MtrElec",1,26,10,"",61.689,0,0,0,0,0,0,0,0,0,0,0,0,0,0,0,0,0,0,0,0,448.765,0,0,-387.076
"MtrElec",1,26,11,"",14.4843,0,0,0,0,0,0,0,0,0,0,0,0,0,0,0,0,0,0,0,0,457.247,0,0,-442.763
"MtrElec",1,26,12,"",0,0,0,0,0,0,0,0,0,0,0,0,0,0,0,0,0,0,0,0,0,415.745,0,136.788,-552.534
"MtrElec",1,26,13,"",25.3935,0,0,0,0,0,0,0,0,0,0,0,0,0,0,0,0,0,0,0,0,505.741,0,0,-480.347
"MtrElec",1,26,14,"",0,0,0,0,0,0,0,0,0,0,0,0,0,0,0,0,0,0,0,0,0,396.927,0,81.0156,-477.943
"MtrElec",1,26,15,"",0,0,0,0,0,0,0,0,0,0,0,0,0,0,0,0,0,0,0,0,0,403.062,0,50.6647,-453.727
"MtrElec",1,26,16,"",107.904,0,0,0,0,0,0,0,0,0,0,0,0,0,0,0,0,0,0,0,0,430.919,0,0,-323.015
"MtrElec",1,26,17,"",319.295,0,0,0,0,0,0,0,0,0,0,0,0,0,0,0,0,0,0,0,0,445.929,0,0,-126.634
"MtrElec",1,26,18,"",457.835,0,0,0,0,0,0,0,0,0,0,0,0,0,0,0,0,0,0,0,0,459.192,0,0,-1.35698
"MtrElec",1,26,19,"",178.958,0,0,0,0,0,0,0,0,0,0,0,0,0,0,0,0,0,0,0,0,402.175,0,-223.217,0
"MtrElec",1,26,20,"",450.257,0,0,0,0,0,0,0,0,0,0,0,0,0,0,0,0,0,0,0,0,469.333,0,-19.076,0
"MtrElec",1,26,21,"",428.896,0,0,0,0,0,0,0,0,0,0,0,0,0,0,0,0,0,0,0,0,428.896,0,0,0
"MtrElec",1,26,22,"",283.385,0,0,0,0,0,0,0,0,0,0,0,0,0,0,0,0,0,0,0,0,283.385,0,0,0
"MtrElec",1,26,23,"",260.955,0,0,0,0,0,0,0,0,0,0,0,0,0,0,0,0,0,0,0,0,260.955,0,0,0
"MtrElec",1,26,24,"",242.867,0,0,0,0,0,0,0,0,0,0,0,0,0,0,0,0,0,0,0,0,242.867,0,0,0
"MtrElec",1,27,1,"",163.206,0,0,0,0,0,0,0,0,0,0,0,0,0,0,0,0,0,0,0,0,163.206,0,0,0
"MtrElec",1,27,2,"",160.606,0,0,0,0,0,0,0,0,0,0,0,0,0,0,0,0,0,0,0,0,160.606,0,0,0
"MtrElec",1,27,3,"",152.844,0,0,0,0,0,0,0,0,0,0,0,0,0,0,0,0,0,0,0,0,152.844,0,0,0
"MtrElec",1,27,4,"",160.481,0,0,0,0,0,0,0,0,0,0,0,0,0,0,0,0,0,0,0,0,160.481,0,0,0
"MtrElec",1,27,5,"",157.379,0,0,0,0,0,0,0,0,0,0,0,0,0,0,0,0,0,0,0,0,157.379,0,0,0
"MtrElec",1,27,6,"",178.779,0,0,0,0,0,0,0,0,0,0,0,0,0,0,0,0,0,0,0,0,178.779,0,0,0
"MtrElec",1,27,7,"",273.809,0,0,0,0,0,0,0,0,0,0,0,0,0,0,0,0,0,0,0,0,273.809,0,0,0
"MtrElec",1,27,8,"",193.238,0,0,0,0,0,0,0,0,0,0,0,0,0,0,0,0,0,0,0,0,304.104,0,0,-110.866
"MtrElec",1,27,9,"",38.7547,0,0,0,0,0,0,0,0,0,0,0,0,0,0,0,0,0,0,0,0,353.573,0,0,-314.818
"MtrElec",1,27,10,"",-4.66272,0,0,0,0,0,0,0,0,0,0,0,0,0,0,0,0,0,0,0,0,455.742,0,0,-460.405
"MtrElec",1,27,11,"",0,0,0,0,0,0,0,0,0,0,0,0,0,0,0,0,0,0,0,0,0,436.136,0,124.551,-560.687
"MtrElec",1,27,12,"",0,0,0,0,0,0,0,0,0,0,0,0,0,0,0,0,0,0,0,0,0,431.465,0,174.529,-605.994
"MtrElec",1,27,13,"",0,0,0,0,0,0,0,0,0,0,0,0,0,0,0,0,0,0,0,0,0,427.183,0,178.422,-605.605
"MtrElec",1,27,14,"",0,0,0,0,0,0,0,0,0,0,0,0,0,0,0,0,0,0,0,0,0,420.727,0,136.505,-557.232
"MtrElec",1,27,15,"",0,0,0,0,0,0,0,0,0,0,0,0,0,0,0,0,0,0,0,0,0,395.624,0,64.5488,-460.173
"MtrElec",1,27,16,"",120.897,0,0,0,0,0,0,0,0,0,0,0,0,0,0,0,0,0,0,0,0,444.264,0,0,-323.367
"MtrElec",1,27,17,"",328.16,0,0,0,0,0,0,0,0,0,0,0,0,0,0,0,0,0,0,0,0,455.459,0,0,-127.299
"MtrElec",1,27,18,"",429.924,0,0,0,0,0,0,0,0,0,0,0,0,0,0,0,0,0,0,0,0,431.376,0,0,-1.45208
"MtrElec",1,27,19,"",201.81,0,0,0,0,0,0,0,0,0,0,0,0,0,0,0,0,0,0,0,0,425.026,0,-223.217,0
"MtrElec",1,27,20,"",189.768,0,0,0,0,0,0,0,0,0,0,0,0,0,0,0,0,0,0,0,0,412.985,0,-223.217,0
"MtrElec",1,27,21,"",281.74,0,0,0,0,0,0,0,0,0,0,0,0,0,0,0,0,0,0,0,0,447.703,0,-165.963,0
"MtrElec",1,27,22,"",301.177,0,0,0,0,0,0,0,0,0,0,0,0,0,0,0,0,0,0,0,0,301.177,0,0,0
"MtrElec",1,27,23,"",313.952,0,0,0,0,0,0,0,0,0,0,0,0,0,0,0,0,0,0,0,0,313.952,0,0,0
"MtrElec",1,27,24,"",224.068,0,0,0,0,0,0,0,0,0,0,0,0,0,0,0,0,0,0,0,0,224.068,0,0,0
"MtrElec",1,28,1,"",176.857,0,0,0,0,0,0,0,0,0,0,0,0,0,0,0,0,0,0,0,0,176.857,0,0,0
"MtrElec",1,28,2,"",159.349,0,0,0,0,0,0,0,0,0,0,0,0,0,0,0,0,0,0,0,0,159.349,0,0,0
"MtrElec",1,28,3,"",155.843,0,0,0,0,0,0,0,0,0,0,0,0,0,0,0,0,0,0,0,0,155.843,0,0,0
"MtrElec",1,28,4,"",157.341,0,0,0,0,0,0,0,0,0,0,0,0,0,0,0,0,0,0,0,0,157.341,0,0,0
"MtrElec",1,28,5,"",150.623,0,0,0,0,0,0,0,0,0,0,0,0,0,0,0,0,0,0,0,0,150.623,0,0,0
"MtrElec",1,28,6,"",178.118,0,0,0,0,0,0,0,0,0,0,0,0,0,0,0,0,0,0,0,0,178.118,0,0,0
"MtrElec",1,28,7,"",272.665,0,0,0,0,0,0,0,0,0,0,0,0,0,0,0,0,0,0,0,0,272.665,0,0,0
"MtrElec",1,28,8,"",191.05,0,0,0,0,0,0,0,0,0,0,0,0,0,0,0,0,0,0,0,0,299.595,0,0,-108.545
"MtrElec",1,28,9,"",32.9533,0,0,0,0,0,0,0,0,0,0,0,0,0,0,0,0,0,0,0,0,348.014,0,0,-315.061
"MtrElec",1,28,10,"",-18.9228,0,0,0,0,0,0,0,0,0,0,0,0,0,0,0,0,0,0,0,0,451.375,0,0,-470.298
"MtrElec",1,28,11,"",0,0,0,0,0,0,0,0,0,0,0,0,0,0,0,0,0,0,0,0,0,435.771,0,137.08,-572.851
"MtrElec",1,28,12,"",0,0,0,0,0,0,0,0,0,0,0,0,0,0,0,0,0,0,0,0,0,447.758,0,166.434,-614.193
"MtrElec",1,28,13,"",0,0,0,0,0,0,0,0,0,0,0,0,0,0,0,0,0,0,0,0,0,438.634,0,165.093,-603.727
"MtrElec",1,28,14,"",0,0,0,0,0,0,0,0,0,0,0,0,0,0,0,0,0,0,0,0,0,403.605,0,153.012,-556.617
"MtrElec",1,28,15,"",0,0,0,0,0,0,0,0,0,0,0,0,0,0,0,0,0,0,0,0,0,385.783,0,78.0994,-463.883
"MtrElec",1,28,16,"",98.8025,0,0,0,0,0,0,0,0,0,0,0,0,0,0,0,0,0,0,0,0,421.751,0,0,-322.948
"MtrElec",1,28,17,"",289.784,0,0,0,0,0,0,0,0,0,0,0,0,0,0,0,0,0,0,0,0,420.526,0,0,-130.742
"MtrElec",1,28,18,"",421.712,0,0,0,0,0,0,0,0,0,0,0,0,0,0,0,0,0,0,0,0,424.9,0,0,-3.18779
"MtrElec",1,28,19,"",181.582,0,0,0,0,0,0,0,0,0,0,0,0,0,0,0,0,0,0,0,0,404.799,0,-223.217,0
"MtrElec",1,28,20,"",170.036,0,0,0,0,0,0,0,0,0,0,0,0,0,0,0,0,0,0,0,0,393.253,0,-223.217,0
"MtrElec",1,28,21,"",245.264,0,0,0,0,0,0,0,0,0,0,0,0,0,0,0,0,0,0,0,0,430.325,0,-185.062,0
"MtrElec",1,28,22,"",283.458,0,0,0,0,0,0,0,0,0,0,0,0,0,0,0,0,0,0,0,0,283.458,0,0,0
"MtrElec",1,28,23,"",275.741,0,0,0,0,0,0,0,0,0,0,0,0,0,0,0,0,0,0,0,0,275.741,0,0,0
"MtrElec",1,28,24,"",199.089,0,0,0,0,0,0,0,0,0,0,0,0,0,0,0,0,0,0,0,0,199.089,0,0,0
"MtrElec",1,29,1,"",172.965,0,0,0,0,0,0,0,0,0,0,0,0,0,0,0,0,0,0,0,0,172.965,0,0,0
"MtrElec",1,29,2,"",159.209,0,0,0,0,0,0,0,0,0,0,0,0,0,0,0,0,0,0,0,0,159.209,0,0,0
"MtrElec",1,29,3,"",201.819,0,0,0,0,0,0,0,0,0,0,0,0,0,0,0,0,0,0,0,0,201.819,0,0,0
"MtrElec",1,29,4,"",178.216,0,0,0,0,0,0,0,0,0,0,0,0,0,0,0,0,0,0,0,0,178.216,0,0,0
"MtrElec",1,29,5,"",158.402,0,0,0,0,0,0,0,0,0,0,0,0,0,0,0,0,0,0,0,0,158.402,0,0,0
"MtrElec",1,29,6,"",167.414,0,0,0,0,0,0,0,0,0,0,0,0,0,0,0,0,0,0,0,0,167.414,0,0,0
"MtrElec",1,29,7,"",277.107,0,0,0,0,0,0,0,0,0,0,0,0,0,0,0,0,0,0,0,0,277.107,0,0,0
"MtrElec",1,29,8,"",208.599,0,0,0,0,0,0,0,0,0,0,0,0,0,0,0,0,0,0,0,0,314.358,0,0,-105.759
"MtrElec",1,29,9,"",57.8746,0,0,0,0,0,0,0,0,0,0,0,0,0,0,0,0,0,0,0,0,371.889,0,0,-314.015
"MtrElec",1,29,10,"",-48.3194,0,0,0,0,0,0,0,0,0,0,0,0,0,0,0,0,0,0,0,0,421.42,0,0,-469.739
"MtrElec",1,29,11,"",0,0,0,0,0,0,0,0,0,0,0,0,0,0,0,0,0,0,0,0,0,427.807,0,146.382,-574.189
"MtrElec",1,29,12,"",0.0000156,0,0,0,0,0,0,0,0,0,0,0,0,0,0,0,0,0,0,0,0,437.139,0,182.273,-619.413
"MtrElec",1,29,13,"",0,0,0,0,0,0,0,0,0,0,0,0,0,0,0,0,0,0,0,0,0,470.756,0,153.284,-624.04
"MtrElec",1,29,14,"",0,0,0,0,0,0,0,0,0,0,0,0,0,0,0,0,0,0,0,0,0,376.192,0,204.52,-580.711
"MtrElec",1,29,15,"",-30.9406,0,0,0,0,0,0,0,0,0,0,0,0,0,0,0,0,0,0,0,0,335.069,0,112.423,-478.433
"MtrElec",1,29,16,"",125.411,0,0,0,0,0,0,0,0,0,0,0,0,0,0,0,0,0,0,0,0,410.296,0,0,-284.885
"MtrElec",1,29,17,"",320.99,0,0,0,0,0,0,0,0,0,0,0,0,0,0,0,0,0,0,0,0,379.137,0,0,-58.1465
"MtrElec",1,29,18,"",448.669,0,0,0,0,0,0,0,0,0,0,0,0,0,0,0,0,0,0,0,0,448.669,0,0,0
"MtrElec",1,29,19,"",163.488,0,0,0,0,0,0,0,0,0,0,0,0,0,0,0,0,0,0,0,0,386.705,0,-223.217,0
"MtrElec",1,29,20,"",173.83,0,0,0,0,0,0,0,0,0,0,0,0,0,0,0,0,0,0,0,0,397.047,0,-223.217,0
"MtrElec",1,29,21,"",248.529,0,0,0,0,0,0,0,0,0,0,0,0,0,0,0,0,0,0,0,0,471.745,0,-223.217,0
"MtrElec",1,29,22,"",236.515,0,0,0,0,0,0,0,0,0,0,0,0,0,0,0,0,0,0,0,0,287.855,0,-51.3398,0
"MtrElec",1,29,23,"",283.159,0,0,0,0,0,0,0,0,0,0,0,0,0,0,0,0,0,0,0,0,283.159,0,0,0
"MtrElec",1,29,24,"",188.498,0,0,0,0,0,0,0,0,0,0,0,0,0,0,0,0,0,0,0,0,188.498,0,0,0
"MtrElec",1,30,1,"",161.437,0,0,0,0,0,0,0,0,0,0,0,0,0,0,0,0,0,0,0,0,161.437,0,0,0
"MtrElec",1,30,2,"",159.51,0,0,0,0,0,0,0,0,0,0,0,0,0,0,0,0,0,0,0,0,159.51,0,0,0
"MtrElec",1,30,3,"",153.748,0,0,0,0,0,0,0,0,0,0,0,0,0,0,0,0,0,0,0,0,153.748,0,0,0
"MtrElec",1,30,4,"",160.747,0,0,0,0,0,0,0,0,0,0,0,0,0,0,0,0,0,0,0,0,160.747,0,0,0
"MtrElec",1,30,5,"",189.133,0,0,0,0,0,0,0,0,0,0,0,0,0,0,0,0,0,0,0,0,189.133,0,0,0
"MtrElec",1,30,6,"",162.833,0,0,0,0,0,0,0,0,0,0,0,0,0,0,0,0,0,0,0,0,162.833,0,0,0
"MtrElec",1,30,7,"",267.093,0,0,0,0,0,0,0,0,0,0,0,0,0,0,0,0,0,0,0,0,267.093,0,0,0
"MtrElec",1,30,8,"",298.213,0,0,0,0,0,0,0,0,0,0,0,0,0,0,0,0,0,0,0,0,300.993,0,0,-2.77998
"MtrElec",1,30,9,"",305.681,0,0,0,0,0,0,0,0,0,0,0,0,0,0,0,0,0,0,0,0,370.763,0,0,-65.082
"MtrElec",1,30,10,"",368.311,0,0,0,0,0,0,0,0,0,0,0,0,0,0,0,0,0,0,0,0,447.018,0,0,-78.7066
"MtrElec",1,30,11,"",364.91,0,0,0,0,0,0,0,0,0,0,0,0,0,0,0,0,0,0,0,0,393.911,0,0,-29.0015
"MtrElec",1,30,12,"",285.829,0,0,0,0,0,0,0,0,0,0,0,0,0,0,0,0,0,0,0,0,434.765,0,0,-148.935
"MtrElec",1,30,13,"",325.868,0,0,0,0,0,0,0,0,0,0,0,0,0,0,0,0,0,0,0,0,414.643,0,0,-88.7748
"MtrElec",1,30,14,"",291.632,0,0,0,0,0,0,0,0,0,0,0,0,0,0,0,0,0,0,0,0,366.836,0,0,-75.2034
"MtrElec",1,30,15,"",234.753,0,0,0,0,0,0,0,0,0,0,0,0,0,0,0,0,0,0,0,0,321.108,0,0,-86.3553
"MtrElec",1,30,16,"",163.096,0,0,0,0,0,0,0,0,0,0,0,0,0,0,0,0,0,0,0,0,366.194,0,0,-203.098
"MtrElec",1,30,17,"",283.366,0,0,0,0,0,0,0,0,0,0,0,0,0,0,0,0,0,0,0,0,353.225,0,0,-69.8591
"MtrElec",1,30,18,"",447.642,0,0,0,0,0,0,0,0,0,0,0,0,0,0,0,0,0,0,0,0,451.075,0,0,-3.43238
"MtrElec",1,30,19,"",391.864,0,0,0,0,0,0,0,0,0,0,0,0,0,0,0,0,0,0,0,0,391.864,0,0,0
"MtrElec",1,30,20,"",402.882,0,0,0,0,0,0,0,0,0,0,0,0,0,0,0,0,0,0,0,0,402.882,0,0,0
"MtrElec",1,30,21,"",428.108,0,0,0,0,0,0,0,0,0,0,0,0,0,0,0,0,0,0,0,0,428.108,0,0,0
"MtrElec",1,30,22,"",319.576,0,0,0,0,0,0,0,0,0,0,0,0,0,0,0,0,0,0,0,0,319.576,0,0,0
"MtrElec",1,30,23,"",290.409,0,0,0,0,0,0,0,0,0,0,0,0,0,0,0,0,0,0,0,0,290.409,0,0,0
"MtrElec",1,30,24,"",203.292,0,0,0,0,0,0,0,0,0,0,0,0,0,0,0,0,0,0,0,0,203.292,0,0,0
"MtrElec",1,31,1,"",173.806,0,0,0,0,0,0,0,0,0,0,0,0,0,0,0,0,0,0,0,0,173.806,0,0,0
"MtrElec",1,31,2,"",166.208,0,0,0,0,0,0,0,0,0,0,0,0,0,0,0,0,0,0,0,0,166.208,0,0,0
"MtrElec",1,31,3,"",166.47,0,0,0,0,0,0,0,0,0,0,0,0,0,0,0,0,0,0,0,0,166.47,0,0,0
"MtrElec",1,31,4,"",166.285,0,0,0,0,0,0,0,0,0,0,0,0,0,0,0,0,0,0,0,0,166.285,0,0,0
"MtrElec",1,31,5,"",165.325,0,0,0,0,0,0,0,0,0,0,0,0,0,0,0,0,0,0,0,0,165.325,0,0,0
"MtrElec",1,31,6,"",172.387,0,0,0,0,0,0,0,0,0,0,0,0,0,0,0,0,0,0,0,0,172.387,0,0,0
"MtrElec",1,31,7,"",237.478,0,0,0,0,0,0,0,0,0,0,0,0,0,0,0,0,0,0,0,0,237.478,0,0,0
"MtrElec",1,31,8,"",136.788,0,0,0,0,0,0,0,0,0,0,0,0,0,0,0,0,0,0,0,0,250.077,0,0,-113.289
"MtrElec",1,31,9,"",-5.00616,0,0,0,0,0,0,0,0,0,0,0,0,0,0,0,0,0,0,0,0,316.96,0,0,-321.966
"MtrElec",1,31,10,"",-121.009,0,0,0,0,0,0,0,0,0,0,0,0,0,0,0,0,0,0,0,0,358.363,0,0,-479.372
"MtrElec",1,31,11,"",0,0,0,0,0,0,0,0,0,0,0,0,0,0,0,0,0,0,0,0,0,476.638,0,80.4449,-557.083
"MtrElec",1,31,12,"",0.0000078,0,0,0,0,0,0,0,0,0,0,0,0,0,0,0,0,0,0,0,0,491.955,0,121.319,-613.274
"MtrElec",1,31,13,"",-50.7871,0,0,0,0,0,0,0,0,0,0,0,0,0,0,0,0,0,0,0,0,358.909,0,223.217,-632.913
"MtrElec",1,31,14,"",0,0,0,0,0,0,0,0,0,0,0,0,0,0,0,0,0,0,0,0,0,428.101,0,154.734,-582.834
"MtrElec",1,31,15,"",0.0000039,0,0,0,0,0,0,0,0,0,0,0,0,0,0,0,0,0,0,0,0,426.047,0,59.5796,-485.626
"MtrElec",1,31,16,"",100.356,0,0,0,0,0,0,0,0,0,0,0,0,0,0,0,0,0,0,0,0,429.077,0,0,-328.72
"MtrElec",1,31,17,"",225.251,0,0,0,0,0,0,0,0,0,0,0,0,0,0,0,0,0,0,0,0,362.308,0,0,-137.057
"MtrElec",1,31,18,"",458.577,0,0,0,0,0,0,0,0,0,0,0,0,0,0,0,0,0,0,0,0,463.84,0,0,-5.26272
"MtrElec",1,31,19,"",187.485,0,0,0,0,0,0,0,0,0,0,0,0,0,0,0,0,0,0,0,0,410.702,0,-223.217,0
"MtrElec",1,31,20,"",131.98,0,0,0,0,0,0,0,0,0,0,0,0,0,0,0,0,0,0,0,0,355.197,0,-223.217,0
"MtrElec",1,31,21,"",198.97,0,0,0,0,0,0,0,0,0,0,0,0,0,0,0,0,0,0,0,0,329.499,0,-130.529,0
"MtrElec",1,31,22,"",284.446,0,0,0,0,0,0,0,0,0,0,0,0,0,0,0,0,0,0,0,0,284.446,0,0,0
"MtrElec",1,31,23,"",254.388,0,0,0,0,0,0,0,0,0,0,0,0,0,0,0,0,0,0,0,0,254.388,0,0,0
"MtrElec",1,31,24,"",236.109,0,0,0,0,0,0,0,0,0,0,0,0,0,0,0,0,0,0,0,0,236.109,0,0,0
"MtrElec",2,1,1,"",172.193,0,0,0,0,0,0,0,0,0,0,0,0,0,0,0,0,0,0,0,0,172.193,0,0,0
"MtrElec",2,1,2,"",164.803,0,0,0,0,0,0,0,0,0,0,0,0,0,0,0,0,0,0,0,0,164.803,0,0,0
"MtrElec",2,1,3,"",164.117,0,0,0,0,0,0,0,0,0,0,0,0,0,0,0,0,0,0,0,0,164.117,0,0,0
"MtrElec",2,1,4,"",203.758,0,0,0,0,0,0,0,0,0,0,0,0,0,0,0,0,0,0,0,0,203.758,0,0,0
"MtrElec",2,1,5,"",195.371,0,0,0,0,0,0,0,0,0,0,0,0,0,0,0,0,0,0,0,0,195.371,0,0,0
"MtrElec",2,1,6,"",172.157,0,0,0,0,0,0,0,0,0,0,0,0,0,0,0,0,0,0,0,0,172.157,0,0,0
"MtrElec",2,1,7,"",177.748,0,0,0,0,0,0,0,0,0,0,0,0,0,0,0,0,0,0,0,0,177.748,0,0,0
"MtrElec",2,1,8,"",124.794,0,0,0,0,0,0,0,0,0,0,0,0,0,0,0,0,0,0,0,0,230.484,0,0,-105.689
"MtrElec",2,1,9,"",-7.73041,0,0,0,0,0,0,0,0,0,0,0,0,0,0,0,0,0,0,0,0,300.766,0,0,-308.496
"MtrElec",2,1,10,"",-175.987,0,0,0,0,0,0,0,0,0,0,0,0,0,0,0,0,0,0,0,0,294.685,0,0,-470.672
"MtrElec",2,1,11,"",-4.63884,0,0,0,0,0,0,0,0,0,0,0,0,0,0,0,0,0,0,0,0,354.702,0,223.217,-582.558
"MtrElec",2,1,12,"",-83.4482,0,0,0,0,0,0,0,0,0,0,0,0,0,0,0,0,0,0,0,0,329.414,0,223.217,-636.079
"MtrElec",2,1,13,"",-22.372,0,0,0,0,0,0,0,0,0,0,0,0,0,0,0,0,0,0,0,0,386.708,0,223.217,-632.297
"MtrElec",2,1,14,"",-141.835,0,0,0,0,0,0,0,0,0,0,0,0,0,0,0,0,0,0,0,0,300.46,0,129.231,-571.525
"MtrElec",2,1,15,"",-122.441,0,0,0,0,0,0,0,0,0,0,0,0,0,0,0,0,0,0,0,0,354.958,0,0,-477.4
"MtrElec",2,1,16,"",-22.3453,0,0,0,0,0,0,0,0,0,0,0,0,0,0,0,0,0,0,0,0,302.321,0,0,-324.666
"MtrElec",2,1,17,"",176.553,0,0,0,0,0,0,0,0,0,0,0,0,0,0,0,0,0,0,0,0,304.033,0,0,-127.48
"MtrElec",2,1,18,"",304.796,0,0,0,0,0,0,0,0,0,0,0,0,0,0,0,0,0,0,0,0,307.907,0,0,-3.11118
"MtrElec",2,1,19,"",142.592,0,0,0,0,0,0,0,0,0,0,0,0,0,0,0,0,0,0,0,0,365.809,0,-223.217,0
"MtrElec",2,1,20,"",52.468,0,0,0,0,0,0,0,0,0,0,0,0,0,0,0,0,0,0,0,0,275.685,0,-223.217,0
"MtrElec",2,1,21,"",95.4746,0,0,0,0,0,0,0,0,0,0,0,0,0,0,0,0,0,0,0,0,318.691,0,-223.217,0
"MtrElec",2,1,22,"",218.917,0,0,0,0,0,0,0,0,0,0,0,0,0,0,0,0,0,0,0,0,270.257,0,-51.3398,0
"MtrElec",2,1,23,"",275.156,0,0,0,0,0,0,0,0,0,0,0,0,0,0,0,0,0,0,0,0,275.156,0,0,0
"MtrElec",2,1,24,"",203.046,0,0,0,0,0,0,0,0,0,0,0,0,0,0,0,0,0,0,0,0,203.046,0,0,0
"MtrElec",2,2,1,"",167.033,0,0,0,0,0,0,0,0,0,0,0,0,0,0,0,0,0,0,0,0,167.033,0,0,0
"MtrElec",2,2,2,"",156.909,0,0,0,0,0,0,0,0,0,0,0,0,0,0,0,0,0,0,0,0,156.909,0,0,0
"MtrElec",2,2,3,"",152.179,0,0,0,0,0,0,0,0,0,0,0,0,0,0,0,0,0,0,0,0,152.179,0,0,0
"MtrElec",2,2,4,"",155.064,0,0,0,0,0,0,0,0,0,0,0,0,0,0,0,0,0,0,0,0,155.064,0,0,0
"MtrElec",2,2,5,"",159.204,0,0,0,0,0,0,0,0,0,0,0,0,0,0,0,0,0,0,0,0,159.204,0,0,0
"MtrElec",2,2,6,"",230.578,0,0,0,0,0,0,0,0,0,0,0,0,0,0,0,0,0,0,0,0,230.578,0,0,0
"MtrElec",2,2,7,"",277.474,0,0,0,0,0,0,0,0,0,0,0,0,0,0,0,0,0,0,0,0,277.474,0,0,0
"MtrElec",2,2,8,"",233.777,0,0,0,0,0,0,0,0,0,0,0,0,0,0,0,0,0,0,0,0,320.157,0,0,-86.38
"MtrElec",2,2,9,"",175.135,0,0,0,0,0,0,0,0,0,0,0,0,0,0,0,0,0,0,0,0,358.237,0,0,-183.102
"MtrElec",2,2,10,"",106.695,0,0,0,0,0,0,0,0,0,0,0,0,0,0,0,0,0,0,0,0,434.792,0,0,-328.097
"MtrElec",2,2,11,"",0,0,0,0,0,0,0,0,0,0,0,0,0,0,0,0,0,0,0,0,0,374.226,0,34.2457,-408.472
"MtrElec",2,2,12,"",0,0,0,0,0,0,0,0,0,0,0,0,0,0,0,0,0,0,0,0,0,402.141,0,202.176,-604.317
"MtrElec",2,2,13,"",0,0,0,0,0,0,0,0,0,0,0,0,0,0,0,0,0,0,0,0,0,335.394,0,209.99,-545.384
"MtrElec",2,2,14,"",0,0,0,0,0,0,0,0,0,0,0,0,0,0,0,0,0,0,0,0,0,367.904,0,141.597,-509.501
"MtrElec",2,2,15,"",0,0,0,0,0,0,0,0,0,0,0,0,0,0,0,0,0,0,0,0,0,318.799,0,166.806,-485.605
"MtrElec",2,2,16,"",55.2211,0,0,0,0,0,0,0,0,0,0,0,0,0,0,0,0,0,0,0,0,383.767,0,0,-328.546
"MtrElec",2,2,17,"",236.406,0,0,0,0,0,0,0,0,0,0,0,0,0,0,0,0,0,0,0,0,370.749,0,0,-134.343
"MtrElec",2,2,18,"",424.303,0,0,0,0,0,0,0,0,0,0,0,0,0,0,0,0,0,0,0,0,429.056,0,0,-4.75277
"MtrElec",2,2,19,"",169.896,0,0,0,0,0,0,0,0,0,0,0,0,0,0,0,0,0,0,0,0,393.113,0,-223.217,0
"MtrElec",2,2,20,"",230.976,0,0,0,0,0,0,0,0,0,0,0,0,0,0,0,0,0,0,0,0,454.193,0,-223.217,0
"MtrElec",2,2,21,"",202.625,0,0,0,0,0,0,0,0,0,0,0,0,0,0,0,0,0,0,0,0,425.842,0,-223.217,0
"MtrElec",2,2,22,"",308.868,0,0,0,0,0,0,0,0,0,0,0,0,0,0,0,0,0,0,0,0,320.438,0,-11.5701,0
"MtrElec",2,2,23,"",330.741,0,0,0,0,0,0,0,0,0,0,0,0,0,0,0,0,0,0,0,0,330.741,0,0,0
"MtrElec",2,2,24,"",251.036,0,0,0,0,0,0,0,0,0,0,0,0,0,0,0,0,0,0,0,0,251.036,0,0,0
"MtrElec",2,3,1,"",173.58,0,0,0,0,0,0,0,0,0,0,0,0,0,0,0,0,0,0,0,0,173.58,0,0,0
"MtrElec",2,3,2,"",159.273,0,0,0,0,0,0,0,0,0,0,0,0,0,0,0,0,0,0,0,0,159.273,0,0,0
"MtrElec",2,3,3,"",161.258,0,0,0,0,0,0,0,0,0,0,0,0,0,0,0,0,0,0,0,0,161.258,0,0,0
"MtrElec",2,3,4,"",163.544,0,0,0,0,0,0,0,0,0,0,0,0,0,0,0,0,0,0,0,0,163.544,0,0,0
"MtrElec",2,3,5,"",158.127,0,0,0,0,0,0,0,0,0,0,0,0,0,0,0,0,0,0,0,0,158.127,0,0,0
"MtrElec",2,3,6,"",182.827,0,0,0,0,0,0,0,0,0,0,0,0,0,0,0,0,0,0,0,0,182.827,0,0,0
"MtrElec",2,3,7,"",272.853,0,0,0,0,0,0,0,0,0,0,0,0,0,0,0,0,0,0,0,0,272.853,0,0,0
"MtrElec",2,3,8,"",293.589,0,0,0,0,0,0,0,0,0,0,0,0,0,0,0,0,0,0,0,0,304.812,0,0,-11.2221
"MtrElec",2,3,9,"",330.786,0,0,0,0,0,0,0,0,0,0,0,0,0,0,0,0,0,0,0,0,366.29,0,0,-35.5033
"MtrElec",2,3,10,"",364.142,0,0,0,0,0,0,0,0,0,0,0,0,0,0,0,0,0,0,0,0,417.724,0,0,-53.5821
"MtrElec",2,3,11,"",337.719,0,0,0,0,0,0,0,0,0,0,0,0,0,0,0,0,0,0,0,0,448.383,0,0,-110.663
"MtrElec",2,3,12,"",276.149,0,0,0,0,0,0,0,0,0,0,0,0,0,0,0,0,0,0,0,0,448.099,0,0,-171.951
"MtrElec",2,3,13,"",372.882,0,0,0,0,0,0,0,0,0,0,0,0,0,0,0,0,0,0,0,0,488.305,0,0,-115.422
"MtrElec",2,3,14,"",113.427,0,0,0,0,0,0,0,0,0,0,0,0,0,0,0,0,0,0,0,0,357.094,0,0,-243.667
"MtrElec",2,3,15,"",0.0000001,0,0,0,0,0,0,0,0,0,0,0,0,0,0,0,0,0,0,0,0,344.933,0,1.78431,-346.718
"MtrElec",2,3,16,"",46.2217,0,0,0,0,0,0,0,0,0,0,0,0,0,0,0,0,0,0,0,0,392.29,0,0,-346.069
"MtrElec",2,3,17,"",280.234,0,0,0,0,0,0,0,0,0,0,0,0,0,0,0,0,0,0,0,0,373.363,0,0,-93.1292
"MtrElec",2,3,18,"",435.027,0,0,0,0,0,0,0,0,0,0,0,0,0,0,0,0,0,0,0,0,440.302,0,0,-5.27586
"MtrElec",2,3,19,"",396.307,0,0,0,0,0,0,0,0,0,0,0,0,0,0,0,0,0,0,0,0,397.917,0,-1.61034,0
"MtrElec",2,3,20,"",445.492,0,0,0,0,0,0,0,0,0,0,0,0,0,0,0,0,0,0,0,0,445.492,0,0,0
"MtrElec",2,3,21,"",369.89,0,0,0,0,0,0,0,0,0,0,0,0,0,0,0,0,0,0,0,0,369.89,0,0,0
"MtrElec",2,3,22,"",326.437,0,0,0,0,0,0,0,0,0,0,0,0,0,0,0,0,0,0,0,0,326.437,0,0,0
"MtrElec",2,3,23,"",266.432,0,0,0,0,0,0,0,0,0,0,0,0,0,0,0,0,0,0,0,0,266.432,0,0,0
"MtrElec",2,3,24,"",259.975,0,0,0,0,0,0,0,0,0,0,0,0,0,0,0,0,0,0,0,0,259.975,0,0,0
"MtrElec",2,4,1,"",186.023,0,0,0,0,0,0,0,0,0,0,0,0,0,0,0,0,0,0,0,0,186.023,0,0,0
"MtrElec",2,4,2,"",172.397,0,0,0,0,0,0,0,0,0,0,0,0,0,0,0,0,0,0,0,0,172.397,0,0,0
"MtrElec",2,4,3,"",167.076,0,0,0,0,0,0,0,0,0,0,0,0,0,0,0,0,0,0,0,0,167.076,0,0,0
"MtrElec",2,4,4,"",163.572,0,0,0,0,0,0,0,0,0,0,0,0,0,0,0,0,0,0,0,0,163.572,0,0,0
"MtrElec",2,4,5,"",158.744,0,0,0,0,0,0,0,0,0,0,0,0,0,0,0,0,0,0,0,0,158.744,0,0,0
"MtrElec",2,4,6,"",182.581,0,0,0,0,0,0,0,0,0,0,0,0,0,0,0,0,0,0,0,0,182.581,0,0,0
"MtrElec",2,4,7,"",283.248,0,0,0,0,0,0,0,0,0,0,0,0,0,0,0,0,0,0,0,0,283.248,0,0,0
"MtrElec",2,4,8,"",186.105,0,0,0,0,0,0,0,0,0,0,0,0,0,0,0,0,0,0,0,0,308.692,0,0,-122.587
"MtrElec",2,4,9,"",30.4052,0,0,0,0,0,0,0,0,0,0,0,0,0,0,0,0,0,0,0,0,353.648,0,0,-323.243
"MtrElec",2,4,10,"",-73.7078,0,0,0,0,0,0,0,0,0,0,0,0,0,0,0,0,0,0,0,0,414.411,0,0,-488.119
"MtrElec",2,4,11,"",0,0,0,0,0,0,0,0,0,0,0,0,0,0,0,0,0,0,0,0,0,382.876,0,210.899,-593.775
"MtrElec",2,4,12,"",-1.26441,0,0,0,0,0,0,0,0,0,0,0,0,0,0,0,0,0,0,0,0,425.624,0,223.217,-650.105
"MtrElec",2,4,13,"",-59.9777,0,0,0,0,0,0,0,0,0,0,0,0,0,0,0,0,0,0,0,0,370.009,0,223.217,-653.204
"MtrElec",2,4,14,"",-104.209,0,0,0,0,0,0,0,0,0,0,0,0,0,0,0,0,0,0,0,0,359.384,0,141.549,-605.141
"MtrElec",2,4,15,"",-159.943,0,0,0,0,0,0,0,0,0,0,0,0,0,0,0,0,0,0,0,0,345.462,0,0,-505.405
"MtrElec",2,4,16,"",42.8806,0,0,0,0,0,0,0,0,0,0,0,0,0,0,0,0,0,0,0,0,393.242,0,0,-350.362
"MtrElec",2,4,17,"",242.272,0,0,0,0,0,0,0,0,0,0,0,0,0,0,0,0,0,0,0,0,393.604,0,0,-151.332
"MtrElec",2,4,18,"",427.631,0,0,0,0,0,0,0,0,0,0,0,0,0,0,0,0,0,0,0,0,433.915,0,0,-6.28413
"MtrElec",2,4,19,"",158.776,0,0,0,0,0,0,0,0,0,0,0,0,0,0,0,0,0,0,0,0,381.992,0,-223.217,0
"MtrElec",2,4,20,"",157.018,0,0,0,0,0,0,0,0,0,0,0,0,0,0,0,0,0,0,0,0,380.235,0,-223.217,0
"MtrElec",2,4,21,"",198.107,0,0,0,0,0,0,0,0,0,0,0,0,0,0,0,0,0,0,0,0,421.324,0,-223.217,0
"MtrElec",2,4,22,"",257.5,0,0,0,0,0,0,0,0,0,0,0,0,0,0,0,0,0,0,0,0,308.84,0,-51.3398,0
"MtrElec",2,4,23,"",268.755,0,0,0,0,0,0,0,0,0,0,0,0,0,0,0,0,0,0,0,0,268.755,0,0,0
"MtrElec",2,4,24,"",206.789,0,0,0,0,0,0,0,0,0,0,0,0,0,0,0,0,0,0,0,0,206.789,0,0,0
"MtrElec",2,5,1,"",186.134,0,0,0,0,0,0,0,0,0,0,0,0,0,0,0,0,0,0,0,0,186.134,0,0,0
"MtrElec",2,5,2,"",167.783,0,0,0,0,0,0,0,0,0,0,0,0,0,0,0,0,0,0,0,0,167.783,0,0,0
"MtrElec",2,5,3,"",174.408,0,0,0,0,0,0,0,0,0,0,0,0,0,0,0,0,0,0,0,0,174.408,0,0,0
"MtrElec",2,5,4,"",219.482,0,0,0,0,0,0,0,0,0,0,0,0,0,0,0,0,0,0,0,0,219.482,0,0,0
"MtrElec",2,5,5,"",173.576,0,0,0,0,0,0,0,0,0,0,0,0,0,0,0,0,0,0,0,0,173.576,0,0,0
"MtrElec",2,5,6,"",177.964,0,0,0,0,0,0,0,0,0,0,0,0,0,0,0,0,0,0,0,0,177.964,0,0,0
"MtrElec",2,5,7,"",267.408,0,0,0,0,0,0,0,0,0,0,0,0,0,0,0,0,0,0,0,0,267.408,0,0,0
"MtrElec",2,5,8,"",182.702,0,0,0,0,0,0,0,0,0,0,0,0,0,0,0,0,0,0,0,0,317.609,0,0,-134.906
"MtrElec",2,5,9,"",33.3936,0,0,0,0,0,0,0,0,0,0,0,0,0,0,0,0,0,0,0,0,373.213,0,0,-339.819
"MtrElec",2,5,10,"",-86.1879,0,0,0,0,0,0,0,0,0,0,0,0,0,0,0,0,0,0,0,0,407.389,0,0,-493.577
"MtrElec",2,5,11,"",-2.02228,0,0,0,0,0,0,0,0,0,0,0,0,0,0,0,0,0,0,0,0,369.958,0,223.217,-595.197
"MtrElec",2,5,12,"",-21.5848,0,0,0,0,0,0,0,0,0,0,0,0,0,0,0,0,0,0,0,0,399.142,0,223.217,-643.943
"MtrElec",2,5,13,"",-35.218,0,0,0,0,0,0,0,0,0,0,0,0,0,0,0,0,0,0,0,0,385.087,0,223.217,-643.522
"MtrElec",2,5,14,"",-118.512,0,0,0,0,0,0,0,0,0,0,0,0,0,0,0,0,0,0,0,0,357.207,0,129.231,-604.949
"MtrElec",2,5,15,"",-169.413,0,0,0,0,0,0,0,0,0,0,0,0,0,0,0,0,0,0,0,0,344.049,0,0,-513.463
"MtrElec",2,5,16,"",31.1539,0,0,0,0,0,0,0,0,0,0,0,0,0,0,0,0,0,0,0,0,392.843,0,0,-361.689
"MtrElec",2,5,17,"",236.903,0,0,0,0,0,0,0,0,0,0,0,0,0,0,0,0,0,0,0,0,393.375,0,0,-156.472
"MtrElec",2,5,18,"",420.746,0,0,0,0,0,0,0,0,0,0,0,0,0,0,0,0,0,0,0,0,427.203,0,0,-6.45777
"MtrElec",2,5,19,"",160.666,0,0,0,0,0,0,0,0,0,0,0,0,0,0,0,0,0,0,0,0,383.883,0,-223.217,0
"MtrElec",2,5,20,"",165.317,0,0,0,0,0,0,0,0,0,0,0,0,0,0,0,0,0,0,0,0,388.534,0,-223.217,0
"MtrElec",2,5,21,"",232.884,0,0,0,0,0,0,0,0,0,0,0,0,0,0,0,0,0,0,0,0,456.101,0,-223.217,0
"MtrElec",2,5,22,"",247.765,0,0,0,0,0,0,0,0,0,0,0,0,0,0,0,0,0,0,0,0,299.105,0,-51.3398,0
"MtrElec",2,5,23,"",285.054,0,0,0,0,0,0,0,0,0,0,0,0,0,0,0,0,0,0,0,0,285.054,0,0,0
"MtrElec",2,5,24,"",203.114,0,0,0,0,0,0,0,0,0,0,0,0,0,0,0,0,0,0,0,0,203.114,0,0,0
"MtrElec",2,6,1,"",187.659,0,0,0,0,0,0,0,0,0,0,0,0,0,0,0,0,0,0,0,0,187.659,0,0,0
"MtrElec",2,6,2,"",170.639,0,0,0,0,0,0,0,0,0,0,0,0,0,0,0,0,0,0,0,0,170.639,0,0,0
"MtrElec",2,6,3,"",178.459,0,0,0,0,0,0,0,0,0,0,0,0,0,0,0,0,0,0,0,0,178.459,0,0,0
"MtrElec",2,6,4,"",233.536,0,0,0,0,0,0,0,0,0,0,0,0,0,0,0,0,0,0,0,0,233.536,0,0,0
"MtrElec",2,6,5,"",174.035,0,0,0,0,0,0,0,0,0,0,0,0,0,0,0,0,0,0,0,0,174.035,0,0,0
"MtrElec",2,6,6,"",178.629,0,0,0,0,0,0,0,0,0,0,0,0,0,0,0,0,0,0,0,0,178.629,0,0,0
"MtrElec",2,6,7,"",251.492,0,0,0,0,0,0,0,0,0,0,0,0,0,0,0,0,0,0,0,0,251.492,0,0,0
"MtrElec",2,6,8,"",223.835,0,0,0,0,0,0,0,0,0,0,0,0,0,0,0,0,0,0,0,0,313.856,0,0,-90.0216
"MtrElec",2,6,9,"",81.4523,0,0,0,0,0,0,0,0,0,0,0,0,0,0,0,0,0,0,0,0,343.289,0,0,-261.836
"MtrElec",2,6,10,"",-99.3033,0,0,0,0,0,0,0,0,0,0,0,0,0,0,0,0,0,0,0,0,371.002,0,0,-470.305
"MtrElec",2,6,11,"",0.0000039,0,0,0,0,0,0,0,0,0,0,0,0,0,0,0,0,0,0,0,0,457.872,0,60.9062,-518.778
"MtrElec",2,6,12,"",-21.7223,0,0,0,0,0,0,0,0,0,0,0,0,0,0,0,0,0,0,0,0,381.945,0,223.217,-626.884
"MtrElec",2,6,13,"",-71.3914,0,0,0,0,0,0,0,0,0,0,0,0,0,0,0,0,0,0,0,0,333.164,0,223.217,-627.772
"MtrElec",2,6,14,"",0,0,0,0,0,0,0,0,0,0,0,0,0,0,0,0,0,0,0,0,0,367.689,0,211.007,-578.696
"MtrElec",2,6,15,"",-66.3069,0,0,0,0,0,0,0,0,0,0,0,0,0,0,0,0,0,0,0,0,345.506,0,80.5341,-492.347
"MtrElec",2,6,16,"",39.7384,0,0,0,0,0,0,0,0,0,0,0,0,0,0,0,0,0,0,0,0,384.34,0,0,-344.602
"MtrElec",2,6,17,"",226.682,0,0,0,0,0,0,0,0,0,0,0,0,0,0,0,0,0,0,0,0,371.135,0,0,-144.453
"MtrElec",2,6,18,"",458.151,0,0,0,0,0,0,0,0,0,0,0,0,0,0,0,0,0,0,0,0,464.31,0,0,-6.15899
"MtrElec",2,6,19,"",158.994,0,0,0,0,0,0,0,0,0,0,0,0,0,0,0,0,0,0,0,0,382.211,0,-223.217,0
"MtrElec",2,6,20,"",143.308,0,0,0,0,0,0,0,0,0,0,0,0,0,0,0,0,0,0,0,0,366.525,0,-223.217,0
"MtrElec",2,6,21,"",158.987,0,0,0,0,0,0,0,0,0,0,0,0,0,0,0,0,0,0,0,0,382.204,0,-223.217,0
"MtrElec",2,6,22,"",239.232,0,0,0,0,0,0,0,0,0,0,0,0,0,0,0,0,0,0,0,0,290.572,0,-51.3398,0
"MtrElec",2,6,23,"",263.492,0,0,0,0,0,0,0,0,0,0,0,0,0,0,0,0,0,0,0,0,263.492,0,0,0
"MtrElec",2,6,24,"",234.953,0,0,0,0,0,0,0,0,0,0,0,0,0,0,0,0,0,0,0,0,234.953,0,0,0
"MtrElec",2,7,1,"",230.973,0,0,0,0,0,0,0,0,0,0,0,0,0,0,0,0,0,0,0,0,230.973,0,0,0
"MtrElec",2,7,2,"",171.125,0,0,0,0,0,0,0,0,0,0,0,0,0,0,0,0,0,0,0,0,171.125,0,0,0
"MtrElec",2,7,3,"",169.188,0,0,0,0,0,0,0,0,0,0,0,0,0,0,0,0,0,0,0,0,169.188,0,0,0
"MtrElec",2,7,4,"",171.747,0,0,0,0,0,0,0,0,0,0,0,0,0,0,0,0,0,0,0,0,171.747,0,0,0
"MtrElec",2,7,5,"",176.29,0,0,0,0,0,0,0,0,0,0,0,0,0,0,0,0,0,0,0,0,176.29,0,0,0
"MtrElec",2,7,6,"",186.537,0,0,0,0,0,0,0,0,0,0,0,0,0,0,0,0,0,0,0,0,186.537,0,0,0
"MtrElec",2,7,7,"",204.365,0,0,0,0,0,0,0,0,0,0,0,0,0,0,0,0,0,0,0,0,204.365,0,0,0
"MtrElec",2,7,8,"",156.096,0,0,0,0,0,0,0,0,0,0,0,0,0,0,0,0,0,0,0,0,268.068,0,0,-111.972
"MtrElec",2,7,9,"",-8.83512,0,0,0,0,0,0,0,0,0,0,0,0,0,0,0,0,0,0,0,0,305.339,0,0,-314.175
"MtrElec",2,7,10,"",-90.0048,0,0,0,0,0,0,0,0,0,0,0,0,0,0,0,0,0,0,0,0,380.529,0,0,-470.534
"MtrElec",2,7,11,"",0,0,0,0,0,0,0,0,0,0,0,0,0,0,0,0,0,0,0,0,0,465.556,0,107.969,-573.525
"MtrElec",2,7,12,"",0,0,0,0,0,0,0,0,0,0,0,0,0,0,0,0,0,0,0,0,0,455.473,0,163.133,-618.605
"MtrElec",2,7,13,"",0,0,0,0,0,0,0,0,0,0,0,0,0,0,0,0,0,0,0,0,0,490.031,0,127.503,-617.534
"MtrElec",2,7,14,"",0.0000156,0,0,0,0,0,0,0,0,0,0,0,0,0,0,0,0,0,0,0,0,393.655,0,191.196,-584.851
"MtrElec",2,7,15,"",0,0,0,0,0,0,0,0,0,0,0,0,0,0,0,0,0,0,0,0,0,445.953,0,52.0473,-498
"MtrElec",2,7,16,"",49.1803,0,0,0,0,0,0,0,0,0,0,0,0,0,0,0,0,0,0,0,0,395.603,0,0,-346.423
"MtrElec",2,7,17,"",220.026,0,0,0,0,0,0,0,0,0,0,0,0,0,0,0,0,0,0,0,0,370.937,0,0,-150.911
"MtrElec",2,7,18,"",390.055,0,0,0,0,0,0,0,0,0,0,0,0,0,0,0,0,0,0,0,0,396.9,0,0,-6.84492
"MtrElec",2,7,19,"",246.362,0,0,0,0,0,0,0,0,0,0,0,0,0,0,0,0,0,0,0,0,469.579,0,-223.217,0
"MtrElec",2,7,20,"",147.202,0,0,0,0,0,0,0,0,0,0,0,0,0,0,0,0,0,0,0,0,370.418,0,-223.217,0
"MtrElec",2,7,21,"",228.703,0,0,0,0,0,0,0,0,0,0,0,0,0,0,0,0,0,0,0,0,361.537,0,-132.834,0
"MtrElec",2,7,22,"",275.419,0,0,0,0,0,0,0,0,0,0,0,0,0,0,0,0,0,0,0,0,275.419,0,0,0
"MtrElec",2,7,23,"",269.593,0,0,0,0,0,0,0,0,0,0,0,0,0,0,0,0,0,0,0,0,269.593,0,0,0
"MtrElec",2,7,24,"",194.895,0,0,0,0,0,0,0,0,0,0,0,0,0,0,0,0,0,0,0,0,194.895,0,0,0
"MtrElec",2,8,1,"",169.355,0,0,0,0,0,0,0,0,0,0,0,0,0,0,0,0,0,0,0,0,169.355,0,0,0
"MtrElec",2,8,2,"",157.981,0,0,0,0,0,0,0,0,0,0,0,0,0,0,0,0,0,0,0,0,157.981,0,0,0
"MtrElec",2,8,3,"",156.682,0,0,0,0,0,0,0,0,0,0,0,0,0,0,0,0,0,0,0,0,156.682,0,0,0
"MtrElec",2,8,4,"",158.956,0,0,0,0,0,0,0,0,0,0,0,0,0,0,0,0,0,0,0,0,158.956,0,0,0
"MtrElec",2,8,5,"",224.215,0,0,0,0,0,0,0,0,0,0,0,0,0,0,0,0,0,0,0,0,224.215,0,0,0
"MtrElec",2,8,6,"",172.132,0,0,0,0,0,0,0,0,0,0,0,0,0,0,0,0,0,0,0,0,172.132,0,0,0
"MtrElec",2,8,7,"",174.271,0,0,0,0,0,0,0,0,0,0,0,0,0,0,0,0,0,0,0,0,174.271,0,0,0
"MtrElec",2,8,8,"",143.814,0,0,0,0,0,0,0,0,0,0,0,0,0,0,0,0,0,0,0,0,267.948,0,0,-124.134
"MtrElec",2,8,9,"",-72.2156,0,0,0,0,0,0,0,0,0,0,0,0,0,0,0,0,0,0,0,0,252.128,0,0,-324.344
"MtrElec",2,8,10,"",-165.457,0,0,0,0,0,0,0,0,0,0,0,0,0,0,0,0,0,0,0,0,310.167,0,0,-475.624
"MtrElec",2,8,11,"",0.0000156,0,0,0,0,0,0,0,0,0,0,0,0,0,0,0,0,0,0,0,0,396.709,0,174.975,-571.684
"MtrElec",2,8,12,"",0.0000156,0,0,0,0,0,0,0,0,0,0,0,0,0,0,0,0,0,0,0,0,422.119,0,195.958,-618.077
"MtrElec",2,8,13,"",-9.14844,0,0,0,0,0,0,0,0,0,0,0,0,0,0,0,0,0,0,0,0,384.473,0,223.217,-616.838
"MtrElec",2,8,14,"",0,0,0,0,0,0,0,0,0,0,0,0,0,0,0,0,0,0,0,0,0,389.407,0,182.901,-572.308
"MtrElec",2,8,15,"",-82.9679,0,0,0,0,0,0,0,0,0,0,0,0,0,0,0,0,0,0,0,0,385.411,0,21.8308,-490.21
"MtrElec",2,8,16,"",25.7057,0,0,0,0,0,0,0,0,0,0,0,0,0,0,0,0,0,0,0,0,377.772,0,0,-352.066
"MtrElec",2,8,17,"",220.011,0,0,0,0,0,0,0,0,0,0,0,0,0,0,0,0,0,0,0,0,375.165,0,0,-155.153
"MtrElec",2,8,18,"",353.216,0,0,0,0,0,0,0,0,0,0,0,0,0,0,0,0,0,0,0,0,360.411,0,0,-7.19495
"MtrElec",2,8,19,"",206.242,0,0,0,0,0,0,0,0,0,0,0,0,0,0,0,0,0,0,0,0,429.459,0,-223.217,0
"MtrElec",2,8,20,"",134.082,0,0,0,0,0,0,0,0,0,0,0,0,0,0,0,0,0,0,0,0,357.299,0,-223.217,0
"MtrElec",2,8,21,"",96.3222,0,0,0,0,0,0,0,0,0,0,0,0,0,0,0,0,0,0,0,0,319.539,0,-223.217,0
"MtrElec",2,8,22,"",271.556,0,0,0,0,0,0,0,0,0,0,0,0,0,0,0,0,0,0,0,0,322.896,0,-51.3398,0
"MtrElec",2,8,23,"",255.107,0,0,0,0,0,0,0,0,0,0,0,0,0,0,0,0,0,0,0,0,255.107,0,0,0
"MtrElec",2,8,24,"",204.905,0,0,0,0,0,0,0,0,0,0,0,0,0,0,0,0,0,0,0,0,204.905,0,0,0
"MtrElec",2,9,1,"",171.253,0,0,0,0,0,0,0,0,0,0,0,0,0,0,0,0,0,0,0,0,171.253,0,0,0
"MtrElec",2,9,2,"",154.249,0,0,0,0,0,0,0,0,0,0,0,0,0,0,0,0,0,0,0,0,154.249,0,0,0
"MtrElec",2,9,3,"",150.736,0,0,0,0,0,0,0,0,0,0,0,0,0,0,0,0,0,0,0,0,150.736,0,0,0
"MtrElec",2,9,4,"",196.582,0,0,0,0,0,0,0,0,0,0,0,0,0,0,0,0,0,0,0,0,196.582,0,0,0
"MtrElec",2,9,5,"",155.524,0,0,0,0,0,0,0,0,0,0,0,0,0,0,0,0,0,0,0,0,155.524,0,0,0
"MtrElec",2,9,6,"",157.638,0,0,0,0,0,0,0,0,0,0,0,0,0,0,0,0,0,0,0,0,157.638,0,0,0
"MtrElec",2,9,7,"",269.867,0,0,0,0,0,0,0,0,0,0,0,0,0,0,0,0,0,0,0,0,269.867,0,0,0
"MtrElec",2,9,8,"",183.481,0,0,0,0,0,0,0,0,0,0,0,0,0,0,0,0,0,0,0,0,312.641,0,0,-129.16
"MtrElec",2,9,9,"",32.3761,0,0,0,0,0,0,0,0,0,0,0,0,0,0,0,0,0,0,0,0,362.107,0,0,-329.73
"MtrElec",2,9,10,"",-30.5088,0,0,0,0,0,0,0,0,0,0,0,0,0,0,0,0,0,0,0,0,451.269,0,0,-481.778
"MtrElec",2,9,11,"",0,0,0,0,0,0,0,0,0,0,0,0,0,0,0,0,0,0,0,0,0,423.924,0,162.319,-586.243
"MtrElec",2,9,12,"",0.0000156,0,0,0,0,0,0,0,0,0,0,0,0,0,0,0,0,0,0,0,0,421.952,0,211.492,-633.444
"MtrElec",2,9,13,"",0.0000078,0,0,0,0,0,0,0,0,0,0,0,0,0,0,0,0,0,0,0,0,500.247,0,121.432,-621.679
"MtrElec",2,9,14,"",0,0,0,0,0,0,0,0,0,0,0,0,0,0,0,0,0,0,0,0,0,383.118,0,192.102,-575.221
"MtrElec",2,9,15,"",0,0,0,0,0,0,0,0,0,0,0,0,0,0,0,0,0,0,0,0,0,450.276,0,32.7686,-483.045
"MtrElec",2,9,16,"",54.5364,0,0,0,0,0,0,0,0,0,0,0,0,0,0,0,0,0,0,0,0,405.604,0,0,-351.068
"MtrElec",2,9,17,"",291.364,0,0,0,0,0,0,0,0,0,0,0,0,0,0,0,0,0,0,0,0,451.883,0,0,-160.519
"MtrElec",2,9,18,"",428.961,0,0,0,0,0,0,0,0,0,0,0,0,0,0,0,0,0,0,0,0,436.59,0,0,-7.62912
"MtrElec",2,9,19,"",154.531,0,0,0,0,0,0,0,0,0,0,0,0,0,0,0,0,0,0,0,0,377.748,0,-223.217,0
"MtrElec",2,9,20,"",218.109,0,0,0,0,0,0,0,0,0,0,0,0,0,0,0,0,0,0,0,0,441.326,0,-223.217,0
"MtrElec",2,9,21,"",179.322,0,0,0,0,0,0,0,0,0,0,0,0,0,0,0,0,0,0,0,0,382.791,0,-203.469,0
"MtrElec",2,9,22,"",304.772,0,0,0,0,0,0,0,0,0,0,0,0,0,0,0,0,0,0,0,0,304.772,0,0,0
"MtrElec",2,9,23,"",277.273,0,0,0,0,0,0,0,0,0,0,0,0,0,0,0,0,0,0,0,0,277.273,0,0,0
"MtrElec",2,9,24,"",242.005,0,0,0,0,0,0,0,0,0,0,0,0,0,0,0,0,0,0,0,0,242.005,0,0,0
"MtrElec",2,10,1,"",191.215,0,0,0,0,0,0,0,0,0,0,0,0,0,0,0,0,0,0,0,0,191.215,0,0,0
"MtrElec",2,10,2,"",153.857,0,0,0,0,0,0,0,0,0,0,0,0,0,0,0,0,0,0,0,0,153.857,0,0,0
"MtrElec",2,10,3,"",148.94,0,0,0,0,0,0,0,0,0,0,0,0,0,0,0,0,0,0,0,0,148.94,0,0,0
"MtrElec",2,10,4,"",150.595,0,0,0,0,0,0,0,0,0,0,0,0,0,0,0,0,0,0,0,0,150.595,0,0,0
"MtrElec",2,10,5,"",185.624,0,0,0,0,0,0,0,0,0,0,0,0,0,0,0,0,0,0,0,0,185.624,0,0,0
"MtrElec",2,10,6,"",153.856,0,0,0,0,0,0,0,0,0,0,0,0,0,0,0,0,0,0,0,0,153.856,0,0,0
"MtrElec",2,10,7,"",258.578,0,0,0,0,0,0,0,0,0,0,0,0,0,0,0,0,0,0,0,0,258.578,0,0,0
"MtrElec",2,10,8,"",174.899,0,0,0,0,0,0,0,0,0,0,0,0,0,0,0,0,0,0,0,0,306.092,0,0,-131.193
"MtrElec",2,10,9,"",84.1089,0,0,0,0,0,0,0,0,0,0,0,0,0,0,0,0,0,0,0,0,393.461,0,0,-309.352
"MtrElec",2,10,10,"",84.1048,0,0,0,0,0,0,0,0,0,0,0,0,0,0,0,0,0,0,0,0,462.877,0,0,-378.772
"MtrElec",2,10,11,"",0,0,0,0,0,0,0,0,0,0,0,0,0,0,0,0,0,0,0,0,0,438.579,0,132.933,-571.512
"MtrElec",2,10,12,"",0,0,0,0,0,0,0,0,0,0,0,0,0,0,0,0,0,0,0,0,0,464.392,0,152.123,-616.516
"MtrElec",2,10,13,"",0,0,0,0,0,0,0,0,0,0,0,0,0,0,0,0,0,0,0,0,0,477.427,0,139.147,-616.573
"MtrElec",2,10,14,"",0,0,0,0,0,0,0,0,0,0,0,0,0,0,0,0,0,0,0,0,0,441.811,0,140.788,-582.599
"MtrElec",2,10,15,"",0,0,0,0,0,0,0,0,0,0,0,0,0,0,0,0,0,0,0,0,0,389.52,0,108.665,-498.185
"MtrElec",2,10,16,"",103.083,0,0,0,0,0,0,0,0,0,0,0,0,0,0,0,0,0,0,0,0,429.377,0,0,-326.294
"MtrElec",2,10,17,"",343.618,0,0,0,0,0,0,0,0,0,0,0,0,0,0,0,0,0,0,0,0,454.951,0,0,-111.333
"MtrElec",2,10,18,"",435.498,0,0,0,0,0,0,0,0,0,0,0,0,0,0,0,0,0,0,0,0,440.115,0,0,-4.61675
"MtrElec",2,10,19,"",187.363,0,0,0,0,0,0,0,0,0,0,0,0,0,0,0,0,0,0,0,0,410.579,0,-223.217,0
"MtrElec",2,10,20,"",213.233,0,0,0,0,0,0,0,0,0,0,0,0,0,0,0,0,0,0,0,0,436.45,0,-223.217,0
"MtrElec",2,10,21,"",257.282,0,0,0,0,0,0,0,0,0,0,0,0,0,0,0,0,0,0,0,0,418.823,0,-161.541,0
"MtrElec",2,10,22,"",292.919,0,0,0,0,0,0,0,0,0,0,0,0,0,0,0,0,0,0,0,0,292.919,0,0,0
"MtrElec",2,10,23,"",248.073,0,0,0,0,0,0,0,0,0,0,0,0,0,0,0,0,0,0,0,0,248.073,0,0,0
"MtrElec",2,10,24,"",220.789,0,0,0,0,0,0,0,0,0,0,0,0,0,0,0,0,0,0,0,0,220.789,0,0,0
"MtrElec",2,11,1,"",176.816,0,0,0,0,0,0,0,0,0,0,0,0,0,0,0,0,0,0,0,0,176.816,0,0,0
"MtrElec",2,11,2,"",156.748,0,0,0,0,0,0,0,0,0,0,0,0,0,0,0,0,0,0,0,0,156.748,0,0,0
"MtrElec",2,11,3,"",151.036,0,0,0,0,0,0,0,0,0,0,0,0,0,0,0,0,0,0,0,0,151.036,0,0,0
"MtrElec",2,11,4,"",149.919,0,0,0,0,0,0,0,0,0,0,0,0,0,0,0,0,0,0,0,0,149.919,0,0,0
"MtrElec",2,11,5,"",150.029,0,0,0,0,0,0,0,0,0,0,0,0,0,0,0,0,0,0,0,0,150.029,0,0,0
"MtrElec",2,11,6,"",169.182,0,0,0,0,0,0,0,0,0,0,0,0,0,0,0,0,0,0,0,0,169.182,0,0,0
"MtrElec",2,11,7,"",261.565,0,0,0,0,0,0,0,0,0,0,0,0,0,0,0,0,0,0,0,0,261.565,0,0,0
"MtrElec",2,11,8,"",169.269,0,0,0,0,0,0,0,0,0,0,0,0,0,0,0,0,0,0,0,0,291.45,0,0,-122.181
"MtrElec",2,11,9,"",29.4474,0,0,0,0,0,0,0,0,0,0,0,0,0,0,0,0,0,0,0,0,357.237,0,0,-327.79
"MtrElec",2,11,10,"",-7.56038,0,0,0,0,0,0,0,0,0,0,0,0,0,0,0,0,0,0,0,0,473.513,0,0,-481.073
"MtrElec",2,11,11,"",0,0,0,0,0,0,0,0,0,0,0,0,0,0,0,0,0,0,0,0,0,447.158,0,127.828,-574.986
"MtrElec",2,11,12,"",0,0,0,0,0,0,0,0,0,0,0,0,0,0,0,0,0,0,0,0,0,452.48,0,167.204,-619.684
"MtrElec",2,11,13,"",0.0000078,0,0,0,0,0,0,0,0,0,0,0,0,0,0,0,0,0,0,0,0,485.397,0,101.706,-587.104
"MtrElec",2,11,14,"",0,0,0,0,0,0,0,0,0,0,0,0,0,0,0,0,0,0,0,0,0,377.376,0,82.4101,-459.786
"MtrElec",2,11,15,"",0.0000039,0,0,0,0,0,0,0,0,0,0,0,0,0,0,0,0,0,0,0,0,422.515,0,53.5749,-476.09
"MtrElec",2,11,16,"",65.6787,0,0,0,0,0,0,0,0,0,0,0,0,0,0,0,0,0,0,0,0,410.535,0,0,-344.856
"MtrElec",2,11,17,"",282.763,0,0,0,0,0,0,0,0,0,0,0,0,0,0,0,0,0,0,0,0,444.001,0,0,-161.238
"MtrElec",2,11,18,"",446.622,0,0,0,0,0,0,0,0,0,0,0,0,0,0,0,0,0,0,0,0,455.135,0,0,-8.51355
"MtrElec",2,11,19,"",226.602,0,0,0,0,0,0,0,0,0,0,0,0,0,0,0,0,0,0,0,0,449.819,0,-223.217,0
"MtrElec",2,11,20,"",161.229,0,0,0,0,0,0,0,0,0,0,0,0,0,0,0,0,0,0,0,0,384.446,0,-223.217,0
"MtrElec",2,11,21,"",392.52,0,0,0,0,0,0,0,0,0,0,0,0,0,0,0,0,0,0,0,0,426.869,0,-34.3489,0
"MtrElec",2,11,22,"",287.258,0,0,0,0,0,0,0,0,0,0,0,0,0,0,0,0,0,0,0,0,287.258,0,0,0
"MtrElec",2,11,23,"",299.258,0,0,0,0,0,0,0,0,0,0,0,0,0,0,0,0,0,0,0,0,299.258,0,0,0
"MtrElec",2,11,24,"",224.858,0,0,0,0,0,0,0,0,0,0,0,0,0,0,0,0,0,0,0,0,224.858,0,0,0
"MtrElec",2,12,1,"",162.967,0,0,0,0,0,0,0,0,0,0,0,0,0,0,0,0,0,0,0,0,162.967,0,0,0
"MtrElec",2,12,2,"",179.893,0,0,0,0,0,0,0,0,0,0,0,0,0,0,0,0,0,0,0,0,179.893,0,0,0
"MtrElec",2,12,3,"",167.085,0,0,0,0,0,0,0,0,0,0,0,0,0,0,0,0,0,0,0,0,167.085,0,0,0
"MtrElec",2,12,4,"",156.583,0,0,0,0,0,0,0,0,0,0,0,0,0,0,0,0,0,0,0,0,156.583,0,0,0
"MtrElec",2,12,5,"",154.081,0,0,0,0,0,0,0,0,0,0,0,0,0,0,0,0,0,0,0,0,154.081,0,0,0
"MtrElec",2,12,6,"",167.647,0,0,0,0,0,0,0,0,0,0,0,0,0,0,0,0,0,0,0,0,167.647,0,0,0
"MtrElec",2,12,7,"",264.241,0,0,0,0,0,0,0,0,0,0,0,0,0,0,0,0,0,0,0,0,267.888,0,0,-3.64741
"MtrElec",2,12,8,"",196.186,0,0,0,0,0,0,0,0,0,0,0,0,0,0,0,0,0,0,0,0,323.504,0,0,-127.317
"MtrElec",2,12,9,"",63.635,0,0,0,0,0,0,0,0,0,0,0,0,0,0,0,0,0,0,0,0,393.406,0,0,-329.771
"MtrElec",2,12,10,"",-44.3813,0,0,0,0,0,0,0,0,0,0,0,0,0,0,0,0,0,0,0,0,436.082,0,0,-480.463
"MtrElec",2,12,11,"",0.0000078,0,0,0,0,0,0,0,0,0,0,0,0,0,0,0,0,0,0,0,0,471.95,0,101.806,-573.756
"MtrElec",2,12,12,"",0.0000078,0,0,0,0,0,0,0,0,0,0,0,0,0,0,0,0,0,0,0,0,495.31,0,123.806,-619.115
"MtrElec",2,12,13,"",0.0000078,0,0,0,0,0,0,0,0,0,0,0,0,0,0,0,0,0,0,0,0,504.505,0,113.522,-618.027
"MtrElec",2,12,14,"",0,0,0,0,0,0,0,0,0,0,0,0,0,0,0,0,0,0,0,0,0,434.106,0,150.298,-584.404
"MtrElec",2,12,15,"",0,0,0,0,0,0,0,0,0,0,0,0,0,0,0,0,0,0,0,0,0,424.556,0,77.3903,-501.946
"MtrElec",2,12,16,"",74.8377,0,0,0,0,0,0,0,0,0,0,0,0,0,0,0,0,0,0,0,0,434.096,0,0,-359.258
"MtrElec",2,12,17,"",246.917,0,0,0,0,0,0,0,0,0,0,0,0,0,0,0,0,0,0,0,0,412.033,0,0,-165.116
"MtrElec",2,12,18,"",430.08,0,0,0,0,0,0,0,0,0,0,0,0,0,0,0,0,0,0,0,0,438.767,0,0,-8.6868
"MtrElec",2,12,19,"",170.401,0,0,0,0,0,0,0,0,0,0,0,0,0,0,0,0,0,0,0,0,393.618,0,-223.217,0
"MtrElec",2,12,20,"",148.727,0,0,0,0,0,0,0,0,0,0,0,0,0,0,0,0,0,0,0,0,371.944,0,-223.217,0
"MtrElec",2,12,21,"",326.392,0,0,0,0,0,0,0,0,0,0,0,0,0,0,0,0,0,0,0,0,391.516,0,-65.1236,0
"MtrElec",2,12,22,"",283.227,0,0,0,0,0,0,0,0,0,0,0,0,0,0,0,0,0,0,0,0,283.227,0,0,0
"MtrElec",2,12,23,"",250.252,0,0,0,0,0,0,0,0,0,0,0,0,0,0,0,0,0,0,0,0,250.252,0,0,0
"MtrElec",2,12,24,"",220.162,0,0,0,0,0,0,0,0,0,0,0,0,0,0,0,0,0,0,0,0,220.162,0,0,0
"MtrElec",2,13,1,"",160.044,0,0,0,0,0,0,0,0,0,0,0,0,0,0,0,0,0,0,0,0,160.044,0,0,0
"MtrElec",2,13,2,"",154.086,0,0,0,0,0,0,0,0,0,0,0,0,0,0,0,0,0,0,0,0,154.086,0,0,0
"MtrElec",2,13,3,"",153.628,0,0,0,0,0,0,0,0,0,0,0,0,0,0,0,0,0,0,0,0,153.628,0,0,0
"MtrElec",2,13,4,"",155.162,0,0,0,0,0,0,0,0,0,0,0,0,0,0,0,0,0,0,0,0,155.162,0,0,0
"MtrElec",2,13,5,"",156.847,0,0,0,0,0,0,0,0,0,0,0,0,0,0,0,0,0,0,0,0,156.847,0,0,0
"MtrElec",2,13,6,"",163.01,0,0,0,0,0,0,0,0,0,0,0,0,0,0,0,0,0,0,0,0,163.01,0,0,0
"MtrElec",2,13,7,"",252.789,0,0,0,0,0,0,0,0,0,0,0,0,0,0,0,0,0,0,0,0,256.046,0,0,-3.2571
"MtrElec",2,13,8,"",182.794,0,0,0,0,0,0,0,0,0,0,0,0,0,0,0,0,0,0,0,0,300.926,0,0,-118.131
"MtrElec",2,13,9,"",198.565,0,0,0,0,0,0,0,0,0,0,0,0,0,0,0,0,0,0,0,0,382.59,0,0,-184.025
"MtrElec",2,13,10,"",81.7241,0,0,0,0,0,0,0,0,0,0,0,0,0,0,0,0,0,0,0,0,405.526,0,0,-323.802
"MtrElec",2,13,11,"",127.749,0,0,0,0,0,0,0,0,0,0,0,0,0,0,0,0,0,0,0,0,399.964,0,0,-272.215
"MtrElec",2,13,12,"",204.657,0,0,0,0,0,0,0,0,0,0,0,0,0,0,0,0,0,0,0,0,378.635,0,0,-173.978
"MtrElec",2,13,13,"",98.5884,0,0,0,0,0,0,0,0,0,0,0,0,0,0,0,0,0,0,0,0,408.239,0,0,-309.65
"MtrElec",2,13,14,"",0.0000020,0,0,0,0,0,0,0,0,0,0,0,0,0,0,0,0,0,0,0,0,344.322,0,29.2224,-373.545
"MtrElec",2,13,15,"",116.507,0,0,0,0,0,0,0,0,0,0,0,0,0,0,0,0,0,0,0,0,346.363,0,0,-229.856
"MtrElec",2,13,16,"",240.077,0,0,0,0,0,0,0,0,0,0,0,0,0,0,0,0,0,0,0,0,348.444,0,0,-108.367
"MtrElec",2,13,17,"",309.778,0,0,0,0,0,0,0,0,0,0,0,0,0,0,0,0,0,0,0,0,353.545,0,0,-43.7673
"MtrElec",2,13,18,"",437.344,0,0,0,0,0,0,0,0,0,0,0,0,0,0,0,0,0,0,0,0,437.344,0,0,0
"MtrElec",2,13,19,"",358.305,0,0,0,0,0,0,0,0,0,0,0,0,0,0,0,0,0,0,0,0,384.678,0,-26.3732,0
"MtrElec",2,13,20,"",431.557,0,0,0,0,0,0,0,0,0,0,0,0,0,0,0,0,0,0,0,0,431.557,0,0,0
"MtrElec",2,13,21,"",356.466,0,0,0,0,0,0,0,0,0,0,0,0,0,0,0,0,0,0,0,0,356.466,0,0,0
"MtrElec",2,13,22,"",320.611,0,0,0,0,0,0,0,0,0,0,0,0,0,0,0,0,0,0,0,0,320.611,0,0,0
"MtrElec",2,13,23,"",267.912,0,0,0,0,0,0,0,0,0,0,0,0,0,0,0,0,0,0,0,0,267.912,0,0,0
"MtrElec",2,13,24,"",245.098,0,0,0,0,0,0,0,0,0,0,0,0,0,0,0,0,0,0,0,0,245.098,0,0,0
"MtrElec",2,14,1,"",176.357,0,0,0,0,0,0,0,0,0,0,0,0,0,0,0,0,0,0,0,0,176.357,0,0,0
"MtrElec",2,14,2,"",153.449,0,0,0,0,0,0,0,0,0,0,0,0,0,0,0,0,0,0,0,0,153.449,0,0,0
"MtrElec",2,14,3,"",151.727,0,0,0,0,0,0,0,0,0,0,0,0,0,0,0,0,0,0,0,0,151.727,0,0,0
"MtrElec",2,14,4,"",153.408,0,0,0,0,0,0,0,0,0,0,0,0,0,0,0,0,0,0,0,0,153.408,0,0,0
"MtrElec",2,14,5,"",209.616,0,0,0,0,0,0,0,0,0,0,0,0,0,0,0,0,0,0,0,0,209.616,0,0,0
"MtrElec",2,14,6,"",152.714,0,0,0,0,0,0,0,0,0,0,0,0,0,0,0,0,0,0,0,0,152.714,0,0,0
"MtrElec",2,14,7,"",179.809,0,0,0,0,0,0,0,0,0,0,0,0,0,0,0,0,0,0,0,0,179.809,0,0,0
"MtrElec",2,14,8,"",280.25,0,0,0,0,0,0,0,0,0,0,0,0,0,0,0,0,0,0,0,0,283.82,0,0,-3.56937
"MtrElec",2,14,9,"",256.454,0,0,0,0,0,0,0,0,0,0,0,0,0,0,0,0,0,0,0,0,267.564,0,0,-11.1102
"MtrElec",2,14,10,"",344.115,0,0,0,0,0,0,0,0,0,0,0,0,0,0,0,0,0,0,0,0,380.791,0,0,-36.6769
"MtrElec",2,14,11,"",306.051,0,0,0,0,0,0,0,0,0,0,0,0,0,0,0,0,0,0,0,0,504.359,0,0,-198.308
"MtrElec",2,14,12,"",0.0000039,0,0,0,0,0,0,0,0,0,0,0,0,0,0,0,0,0,0,0,0,473.544,0,63.3098,-536.853
"MtrElec",2,14,13,"",0.0000156,0,0,0,0,0,0,0,0,0,0,0,0,0,0,0,0,0,0,0,0,465.682,0,215.791,-681.473
"MtrElec",2,14,14,"",-23.0352,0,0,0,0,0,0,0,0,0,0,0,0,0,0,0,0,0,0,0,0,385.783,0,223.217,-632.035
"MtrElec",2,14,15,"",42.7399,0,0,0,0,0,0,0,0,0,0,0,0,0,0,0,0,0,0,0,0,440.026,0,0,-397.286
"MtrElec",2,14,16,"",57.17,0,0,0,0,0,0,0,0,0,0,0,0,0,0,0,0,0,0,0,0,411.245,0,0,-354.075
"MtrElec",2,14,17,"",192.705,0,0,0,0,0,0,0,0,0,0,0,0,0,0,0,0,0,0,0,0,373.599,0,0,-180.893
"MtrElec",2,14,18,"",452.25,0,0,0,0,0,0,0,0,0,0,0,0,0,0,0,0,0,0,0,0,461.7,0,0,-9.45048
"MtrElec",2,14,19,"",261.706,0,0,0,0,0,0,0,0,0,0,0,0,0,0,0,0,0,0,0,0,484.923,0,-223.217,0
"MtrElec",2,14,20,"",109.283,0,0,0,0,0,0,0,0,0,0,0,0,0,0,0,0,0,0,0,0,332.499,0,-223.217,0
"MtrElec",2,14,21,"",356.765,0,0,0,0,0,0,0,0,0,0,0,0,0,0,0,0,0,0,0,0,363.673,0,-6.90795,0
"MtrElec",2,14,22,"",334.091,0,0,0,0,0,0,0,0,0,0,0,0,0,0,0,0,0,0,0,0,334.091,0,0,0
"MtrElec",2,14,23,"",205.809,0,0,0,0,0,0,0,0,0,0,0,0,0,0,0,0,0,0,0,0,205.809,0,0,0
"MtrElec",2,14,24,"",222.999,0,0,0,0,0,0,0,0,0,0,0,0,0,0,0,0,0,0,0,0,222.999,0,0,0
"MtrElec",2,15,1,"",190.118,0,0,0,0,0,0,0,0,0,0,0,0,0,0,0,0,0,0,0,0,190.118,0,0,0
"MtrElec",2,15,2,"",169.784,0,0,0,0,0,0,0,0,0,0,0,0,0,0,0,0,0,0,0,0,169.784,0,0,0
"MtrElec",2,15,3,"",156.328,0,0,0,0,0,0,0,0,0,0,0,0,0,0,0,0,0,0,0,0,156.328,0,0,0
"MtrElec",2,15,4,"",158.388,0,0,0,0,0,0,0,0,0,0,0,0,0,0,0,0,0,0,0,0,158.388,0,0,0
"MtrElec",2,15,5,"",189.546,0,0,0,0,0,0,0,0,0,0,0,0,0,0,0,0,0,0,0,0,189.546,0,0,0
"MtrElec",2,15,6,"",156.076,0,0,0,0,0,0,0,0,0,0,0,0,0,0,0,0,0,0,0,0,156.076,0,0,0
"MtrElec",2,15,7,"",201.917,0,0,0,0,0,0,0,0,0,0,0,0,0,0,0,0,0,0,0,0,208.055,0,0,-6.1381
"MtrElec",2,15,8,"",92.8535,0,0,0,0,0,0,0,0,0,0,0,0,0,0,0,0,0,0,0,0,239.451,0,0,-146.598
"MtrElec",2,15,9,"",-35.8146,0,0,0,0,0,0,0,0,0,0,0,0,0,0,0,0,0,0,0,0,313.65,0,0,-349.464
"MtrElec",2,15,10,"",-155.951,0,0,0,0,0,0,0,0,0,0,0,0,0,0,0,0,0,0,0,0,353.812,0,0,-509.763
"MtrElec",2,15,11,"",0.0000156,0,0,0,0,0,0,0,0,0,0,0,0,0,0,0,0,0,0,0,0,447.151,0,170.66,-617.81
"MtrElec",2,15,12,"",-68.7068,0,0,0,0,0,0,0,0,0,0,0,0,0,0,0,0,0,0,0,0,383.371,0,223.217,-675.295
"MtrElec",2,15,13,"",-47.2357,0,0,0,0,0,0,0,0,0,0,0,0,0,0,0,0,0,0,0,0,410.849,0,223.217,-681.301
"MtrElec",2,15,14,"",-82.7676,0,0,0,0,0,0,0,0,0,0,0,0,0,0,0,0,0,0,0,0,363.939,0,181.788,-628.494
"MtrElec",2,15,15,"",-173.159,0,0,0,0,0,0,0,0,0,0,0,0,0,0,0,0,0,0,0,0,345.687,0,0,-518.846
"MtrElec",2,15,16,"",-16.9992,0,0,0,0,0,0,0,0,0,0,0,0,0,0,0,0,0,0,0,0,347.503,0,0,-364.502
"MtrElec",2,15,17,"",146.627,0,0,0,0,0,0,0,0,0,0,0,0,0,0,0,0,0,0,0,0,320.221,0,0,-173.593
"MtrElec",2,15,18,"",342.065,0,0,0,0,0,0,0,0,0,0,0,0,0,0,0,0,0,0,0,0,351.853,0,0,-9.78805
"MtrElec",2,15,19,"",155.166,0,0,0,0,0,0,0,0,0,0,0,0,0,0,0,0,0,0,0,0,378.382,0,-223.217,0
"MtrElec",2,15,20,"",89.6498,0,0,0,0,0,0,0,0,0,0,0,0,0,0,0,0,0,0,0,0,312.867,0,-223.217,0
"MtrElec",2,15,21,"",56.2391,0,0,0,0,0,0,0,0,0,0,0,0,0,0,0,0,0,0,0,0,279.456,0,-223.217,0
"MtrElec",2,15,22,"",263.614,0,0,0,0,0,0,0,0,0,0,0,0,0,0,0,0,0,0,0,0,314.954,0,-51.3398,0
"MtrElec",2,15,23,"",197.623,0,0,0,0,0,0,0,0,0,0,0,0,0,0,0,0,0,0,0,0,197.623,0,0,0
"MtrElec",2,15,24,"",243.356,0,0,0,0,0,0,0,0,0,0,0,0,0,0,0,0,0,0,0,0,243.356,0,0,0
"MtrElec",2,16,1,"",170.112,0,0,0,0,0,0,0,0,0,0,0,0,0,0,0,0,0,0,0,0,170.112,0,0,0
"MtrElec",2,16,2,"",156.221,0,0,0,0,0,0,0,0,0,0,0,0,0,0,0,0,0,0,0,0,156.221,0,0,0
"MtrElec",2,16,3,"",158.551,0,0,0,0,0,0,0,0,0,0,0,0,0,0,0,0,0,0,0,0,158.551,0,0,0
"MtrElec",2,16,4,"",160.042,0,0,0,0,0,0,0,0,0,0,0,0,0,0,0,0,0,0,0,0,160.042,0,0,0
"MtrElec",2,16,5,"",158.997,0,0,0,0,0,0,0,0,0,0,0,0,0,0,0,0,0,0,0,0,158.997,0,0,0
"MtrElec",2,16,6,"",192.127,0,0,0,0,0,0,0,0,0,0,0,0,0,0,0,0,0,0,0,0,192.127,0,0,0
"MtrElec",2,16,7,"",253.45,0,0,0,0,0,0,0,0,0,0,0,0,0,0,0,0,0,0,0,0,258.961,0,0,-5.51042
"MtrElec",2,16,8,"",138.843,0,0,0,0,0,0,0,0,0,0,0,0,0,0,0,0,0,0,0,0,279.309,0,0,-140.466
"MtrElec",2,16,9,"",-27.7322,0,0,0,0,0,0,0,0,0,0,0,0,0,0,0,0,0,0,0,0,320.889,0,0,-348.621
"MtrElec",2,16,10,"",-93.427,0,0,0,0,0,0,0,0,0,0,0,0,0,0,0,0,0,0,0,0,420.434,0,0,-513.861
"MtrElec",2,16,11,"",0.0000078,0,0,0,0,0,0,0,0,0,0,0,0,0,0,0,0,0,0,0,0,512.295,0,104.978,-617.273
"MtrElec",2,16,12,"",0,0,0,0,0,0,0,0,0,0,0,0,0,0,0,0,0,0,0,0,0,454.91,0,210.762,-665.672
"MtrElec",2,16,13,"",0,0,0,0,0,0,0,0,0,0,0,0,0,0,0,0,0,0,0,0,0,487.803,0,170.435,-658.238
"MtrElec",2,16,14,"",0,0,0,0,0,0,0,0,0,0,0,0,0,0,0,0,0,0,0,0,0,449.386,0,160.42,-609.805
"MtrElec",2,16,15,"",0,0,0,0,0,0,0,0,0,0,0,0,0,0,0,0,0,0,0,0,0,433.021,0,90.7998,-523.821
"MtrElec",2,16,16,"",0,0,0,0,0,0,0,0,0,0,0,0,0,0,0,0,0,0,0,0,0,366.406,0,9.05728,-375.463
"MtrElec",2,16,17,"",135.573,0,0,0,0,0,0,0,0,0,0,0,0,0,0,0,0,0,0,0,0,311.927,0,0,-176.355
"MtrElec",2,16,18,"",371.542,0,0,0,0,0,0,0,0,0,0,0,0,0,0,0,0,0,0,0,0,381.208,0,0,-9.66536
"MtrElec",2,16,19,"",108.441,0,0,0,0,0,0,0,0,0,0,0,0,0,0,0,0,0,0,0,0,331.658,0,-223.217,0
"MtrElec",2,16,20,"",84.0259,0,0,0,0,0,0,0,0,0,0,0,0,0,0,0,0,0,0,0,0,307.243,0,-223.217,0
"MtrElec",2,16,21,"",44.3918,0,0,0,0,0,0,0,0,0,0,0,0,0,0,0,0,0,0,0,0,267.609,0,-223.217,0
"MtrElec",2,16,22,"",293.705,0,0,0,0,0,0,0,0,0,0,0,0,0,0,0,0,0,0,0,0,297.728,0,-4.02249,0
"MtrElec",2,16,23,"",227.383,0,0,0,0,0,0,0,0,0,0,0,0,0,0,0,0,0,0,0,0,227.383,0,0,0
"MtrElec",2,16,24,"",242.539,0,0,0,0,0,0,0,0,0,0,0,0,0,0,0,0,0,0,0,0,242.539,0,0,0
"MtrElec",2,17,1,"",156.76,0,0,0,0,0,0,0,0,0,0,0,0,0,0,0,0,0,0,0,0,156.76,0,0,0
"MtrElec",2,17,2,"",166.328,0,0,0,0,0,0,0,0,0,0,0,0,0,0,0,0,0,0,0,0,166.328,0,0,0
"MtrElec",2,17,3,"",161.036,0,0,0,0,0,0,0,0,0,0,0,0,0,0,0,0,0,0,0,0,161.036,0,0,0
"MtrElec",2,17,4,"",163.398,0,0,0,0,0,0,0,0,0,0,0,0,0,0,0,0,0,0,0,0,163.398,0,0,0
"MtrElec",2,17,5,"",153.397,0,0,0,0,0,0,0,0,0,0,0,0,0,0,0,0,0,0,0,0,153.397,0,0,0
"MtrElec",2,17,6,"",167.586,0,0,0,0,0,0,0,0,0,0,0,0,0,0,0,0,0,0,0,0,167.586,0,0,0
"MtrElec",2,17,7,"",243.793,0,0,0,0,0,0,0,0,0,0,0,0,0,0,0,0,0,0,0,0,243.793,0,0,0
"MtrElec",2,17,8,"",306.082,0,0,0,0,0,0,0,0,0,0,0,0,0,0,0,0,0,0,0,0,306.597,0,0,-0.514787
"MtrElec",2,17,9,"",313.978,0,0,0,0,0,0,0,0,0,0,0,0,0,0,0,0,0,0,0,0,364.87,0,0,-50.8928
"MtrElec",2,17,10,"",232.994,0,0,0,0,0,0,0,0,0,0,0,0,0,0,0,0,0,0,0,0,423.716,0,0,-190.722
"MtrElec",2,17,11,"",0,0,0,0,0,0,0,0,0,0,0,0,0,0,0,0,0,0,0,0,0,434.744,0,143.347,-578.091
"MtrElec",2,17,12,"",-55.9788,0,0,0,0,0,0,0,0,0,0,0,0,0,0,0,0,0,0,0,0,377.946,0,223.217,-657.141
"MtrElec",2,17,13,"",-44.4105,0,0,0,0,0,0,0,0,0,0,0,0,0,0,0,0,0,0,0,0,376.96,0,223.217,-644.587
"MtrElec",2,17,14,"",-33.6157,0,0,0,0,0,0,0,0,0,0,0,0,0,0,0,0,0,0,0,0,372.217,0,209.1,-614.933
"MtrElec",2,17,15,"",-194.849,0,0,0,0,0,0,0,0,0,0,0,0,0,0,0,0,0,0,0,0,328.276,0,0,-523.125
"MtrElec",2,17,16,"",-10.935,0,0,0,0,0,0,0,0,0,0,0,0,0,0,0,0,0,0,0,0,356.231,0,0,-367.166
"MtrElec",2,17,17,"",196.196,0,0,0,0,0,0,0,0,0,0,0,0,0,0,0,0,0,0,0,0,364.792,0,0,-168.596
"MtrElec",2,17,18,"",382.551,0,0,0,0,0,0,0,0,0,0,0,0,0,0,0,0,0,0,0,0,392.144,0,0,-9.59271
"MtrElec",2,17,19,"",148.024,0,0,0,0,0,0,0,0,0,0,0,0,0,0,0,0,0,0,0,0,371.241,0,-223.217,0
"MtrElec",2,17,20,"",202.106,0,0,0,0,0,0,0,0,0,0,0,0,0,0,0,0,0,0,0,0,425.323,0,-223.217,0
"MtrElec",2,17,21,"",177.658,0,0,0,0,0,0,0,0,0,0,0,0,0,0,0,0,0,0,0,0,400.875,0,-223.217,0
"MtrElec",2,17,22,"",286.011,0,0,0,0,0,0,0,0,0,0,0,0,0,0,0,0,0,0,0,0,337.351,0,-51.3398,0
"MtrElec",2,17,23,"",249.571,0,0,0,0,0,0,0,0,0,0,0,0,0,0,0,0,0,0,0,0,249.571,0,0,0
"MtrElec",2,17,24,"",232.123,0,0,0,0,0,0,0,0,0,0,0,0,0,0,0,0,0,0,0,0,232.123,0,0,0
"MtrElec",2,18,1,"",164.023,0,0,0,0,0,0,0,0,0,0,0,0,0,0,0,0,0,0,0,0,164.023,0,0,0
"MtrElec",2,18,2,"",158.191,0,0,0,0,0,0,0,0,0,0,0,0,0,0,0,0,0,0,0,0,158.191,0,0,0
"MtrElec",2,18,3,"",155.227,0,0,0,0,0,0,0,0,0,0,0,0,0,0,0,0,0,0,0,0,155.227,0,0,0
"MtrElec",2,18,4,"",154.076,0,0,0,0,0,0,0,0,0,0,0,0,0,0,0,0,0,0,0,0,154.076,0,0,0
"MtrElec",2,18,5,"",155.754,0,0,0,0,0,0,0,0,0,0,0,0,0,0,0,0,0,0,0,0,155.754,0,0,0
"MtrElec",2,18,6,"",195.742,0,0,0,0,0,0,0,0,0,0,0,0,0,0,0,0,0,0,0,0,195.742,0,0,0
"MtrElec",2,18,7,"",274.267,0,0,0,0,0,0,0,0,0,0,0,0,0,0,0,0,0,0,0,0,274.267,0,0,0
"MtrElec",2,18,8,"",221.018,0,0,0,0,0,0,0,0,0,0,0,0,0,0,0,0,0,0,0,0,309.45,0,0,-88.4317
"MtrElec",2,18,9,"",34.1589,0,0,0,0,0,0,0,0,0,0,0,0,0,0,0,0,0,0,0,0,335.99,0,0,-301.831
"MtrElec",2,18,10,"",213.773,0,0,0,0,0,0,0,0,0,0,0,0,0,0,0,0,0,0,0,0,440.241,0,0,-226.469
"MtrElec",2,18,11,"",0,0,0,0,0,0,0,0,0,0,0,0,0,0,0,0,0,0,0,0,0,445.69,0,118.295,-563.985
"MtrElec",2,18,12,"",0.0000156,0,0,0,0,0,0,0,0,0,0,0,0,0,0,0,0,0,0,0,0,428.121,0,214.297,-642.418
"MtrElec",2,18,13,"",-30.9513,0,0,0,0,0,0,0,0,0,0,0,0,0,0,0,0,0,0,0,0,383.934,0,223.217,-638.102
"MtrElec",2,18,14,"",0,0,0,0,0,0,0,0,0,0,0,0,0,0,0,0,0,0,0,0,0,356.859,0,223.076,-579.935
"MtrElec",2,18,15,"",-71.152,0,0,0,0,0,0,0,0,0,0,0,0,0,0,0,0,0,0,0,0,334.703,0,19.9965,-425.851
"MtrElec",2,18,16,"",151.16,0,0,0,0,0,0,0,0,0,0,0,0,0,0,0,0,0,0,0,0,369.931,0,0,-218.77
"MtrElec",2,18,17,"",339.723,0,0,0,0,0,0,0,0,0,0,0,0,0,0,0,0,0,0,0,0,381.607,0,0,-41.8835
"MtrElec",2,18,18,"",401.83,0,0,0,0,0,0,0,0,0,0,0,0,0,0,0,0,0,0,0,0,413.596,0,0,-11.766
"MtrElec",2,18,19,"",157.967,0,0,0,0,0,0,0,0,0,0,0,0,0,0,0,0,0,0,0,0,381.184,0,-223.217,0
"MtrElec",2,18,20,"",166.634,0,0,0,0,0,0,0,0,0,0,0,0,0,0,0,0,0,0,0,0,389.851,0,-223.217,0
"MtrElec",2,18,21,"",216.956,0,0,0,0,0,0,0,0,0,0,0,0,0,0,0,0,0,0,0,0,440.173,0,-223.217,0
"MtrElec",2,18,22,"",243.605,0,0,0,0,0,0,0,0,0,0,0,0,0,0,0,0,0,0,0,0,294.945,0,-51.3398,0
"MtrElec",2,18,23,"",260.769,0,0,0,0,0,0,0,0,0,0,0,0,0,0,0,0,0,0,0,0,260.769,0,0,0
"MtrElec",2,18,24,"",183.26,0,0,0,0,0,0,0,0,0,0,0,0,0,0,0,0,0,0,0,0,183.26,0,0,0
"MtrElec",2,19,1,"",168.07,0,0,0,0,0,0,0,0,0,0,0,0,0,0,0,0,0,0,0,0,168.07,0,0,0
"MtrElec",2,19,2,"",158.227,0,0,0,0,0,0,0,0,0,0,0,0,0,0,0,0,0,0,0,0,158.227,0,0,0
"MtrElec",2,19,3,"",156.077,0,0,0,0,0,0,0,0,0,0,0,0,0,0,0,0,0,0,0,0,156.077,0,0,0
"MtrElec",2,19,4,"",155.817,0,0,0,0,0,0,0,0,0,0,0,0,0,0,0,0,0,0,0,0,155.817,0,0,0
"MtrElec",2,19,5,"",192.881,0,0,0,0,0,0,0,0,0,0,0,0,0,0,0,0,0,0,0,0,192.881,0,0,0
"MtrElec",2,19,6,"",155.628,0,0,0,0,0,0,0,0,0,0,0,0,0,0,0,0,0,0,0,0,155.628,0,0,0
"MtrElec",2,19,7,"",217.07,0,0,0,0,0,0,0,0,0,0,0,0,0,0,0,0,0,0,0,0,217.07,0,0,0
"MtrElec",2,19,8,"",257.067,0,0,0,0,0,0,0,0,0,0,0,0,0,0,0,0,0,0,0,0,309.646,0,0,-52.5785
"MtrElec",2,19,9,"",326.469,0,0,0,0,0,0,0,0,0,0,0,0,0,0,0,0,0,0,0,0,371.814,0,0,-45.3451
"MtrElec",2,19,10,"",323.735,0,0,0,0,0,0,0,0,0,0,0,0,0,0,0,0,0,0,0,0,364.676,0,0,-40.9404
"MtrElec",2,19,11,"",325.445,0,0,0,0,0,0,0,0,0,0,0,0,0,0,0,0,0,0,0,0,439.221,0,0,-113.776
"MtrElec",2,19,12,"",270.429,0,0,0,0,0,0,0,0,0,0,0,0,0,0,0,0,0,0,0,0,423.122,0,0,-152.694
"MtrElec",2,19,13,"",233.863,0,0,0,0,0,0,0,0,0,0,0,0,0,0,0,0,0,0,0,0,402.179,0,0,-168.316
"MtrElec",2,19,14,"",134.019,0,0,0,0,0,0,0,0,0,0,0,0,0,0,0,0,0,0,0,0,371.893,0,0,-237.874
"MtrElec",2,19,15,"",82.7209,0,0,0,0,0,0,0,0,0,0,0,0,0,0,0,0,0,0,0,0,323.85,0,0,-241.129
"MtrElec",2,19,16,"",273.716,0,0,0,0,0,0,0,0,0,0,0,0,0,0,0,0,0,0,0,0,372.056,0,0,-98.3407
"MtrElec",2,19,17,"",341.546,0,0,0,0,0,0,0,0,0,0,0,0,0,0,0,0,0,0,0,0,374.486,0,0,-32.9398
"MtrElec",2,19,18,"",466.283,0,0,0,0,0,0,0,0,0,0,0,0,0,0,0,0,0,0,0,0,466.283,0,0,0
"MtrElec",2,19,19,"",383.054,0,0,0,0,0,0,0,0,0,0,0,0,0,0,0,0,0,0,0,0,383.054,0,0,0
"MtrElec",2,19,20,"",440.227,0,0,0,0,0,0,0,0,0,0,0,0,0,0,0,0,0,0,0,0,440.227,0,0,0
"MtrElec",2,19,21,"",392.69,0,0,0,0,0,0,0,0,0,0,0,0,0,0,0,0,0,0,0,0,392.69,0,0,0
"MtrElec",2,19,22,"",336.836,0,0,0,0,0,0,0,0,0,0,0,0,0,0,0,0,0,0,0,0,336.836,0,0,0
"MtrElec",2,19,23,"",233.492,0,0,0,0,0,0,0,0,0,0,0,0,0,0,0,0,0,0,0,0,233.492,0,0,0
"MtrElec",2,19,24,"",198.265,0,0,0,0,0,0,0,0,0,0,0,0,0,0,0,0,0,0,0,0,198.265,0,0,0
"MtrElec",2,20,1,"",200.768,0,0,0,0,0,0,0,0,0,0,0,0,0,0,0,0,0,0,0,0,200.768,0,0,0
"MtrElec",2,20,2,"",156.515,0,0,0,0,0,0,0,0,0,0,0,0,0,0,0,0,0,0,0,0,156.515,0,0,0
"MtrElec",2,20,3,"",154.725,0,0,0,0,0,0,0,0,0,0,0,0,0,0,0,0,0,0,0,0,154.725,0,0,0
"MtrElec",2,20,4,"",152.806,0,0,0,0,0,0,0,0,0,0,0,0,0,0,0,0,0,0,0,0,152.806,0,0,0
"MtrElec",2,20,5,"",145.836,0,0,0,0,0,0,0,0,0,0,0,0,0,0,0,0,0,0,0,0,145.836,0,0,0
"MtrElec",2,20,6,"",206.675,0,0,0,0,0,0,0,0,0,0,0,0,0,0,0,0,0,0,0,0,206.675,0,0,0
"MtrElec",2,20,7,"",213.305,0,0,0,0,0,0,0,0,0,0,0,0,0,0,0,0,0,0,0,0,213.305,0,0,0
"MtrElec",2,20,8,"",277.183,0,0,0,0,0,0,0,0,0,0,0,0,0,0,0,0,0,0,0,0,297.602,0,0,-20.4193
"MtrElec",2,20,9,"",276.487,0,0,0,0,0,0,0,0,0,0,0,0,0,0,0,0,0,0,0,0,386.343,0,0,-109.856
"MtrElec",2,20,10,"",369.428,0,0,0,0,0,0,0,0,0,0,0,0,0,0,0,0,0,0,0,0,458.032,0,0,-88.6037
"MtrElec",2,20,11,"",335.281,0,0,0,0,0,0,0,0,0,0,0,0,0,0,0,0,0,0,0,0,480.085,0,0,-144.804
"MtrElec",2,20,12,"",309.634,0,0,0,0,0,0,0,0,0,0,0,0,0,0,0,0,0,0,0,0,416.411,0,0,-106.777
"MtrElec",2,20,13,"",183.381,0,0,0,0,0,0,0,0,0,0,0,0,0,0,0,0,0,0,0,0,384.422,0,0,-201.041
"MtrElec",2,20,14,"",7.28519,0,0,0,0,0,0,0,0,0,0,0,0,0,0,0,0,0,0,0,0,308.405,0,0,-301.12
"MtrElec",2,20,15,"",126.799,0,0,0,0,0,0,0,0,0,0,0,0,0,0,0,0,0,0,0,0,377.154,0,0,-250.355
"MtrElec",2,20,16,"",119.439,0,0,0,0,0,0,0,0,0,0,0,0,0,0,0,0,0,0,0,0,400.647,0,0,-281.207
"MtrElec",2,20,17,"",237.585,0,0,0,0,0,0,0,0,0,0,0,0,0,0,0,0,0,0,0,0,419.475,0,0,-181.89
"MtrElec",2,20,18,"",404.023,0,0,0,0,0,0,0,0,0,0,0,0,0,0,0,0,0,0,0,0,423.167,0,0,-19.1439
"MtrElec",2,20,19,"",391.158,0,0,0,0,0,0,0,0,0,0,0,0,0,0,0,0,0,0,0,0,391.158,0,0,0
"MtrElec",2,20,20,"",432.567,0,0,0,0,0,0,0,0,0,0,0,0,0,0,0,0,0,0,0,0,432.567,0,0,0
"MtrElec",2,20,21,"",383.712,0,0,0,0,0,0,0,0,0,0,0,0,0,0,0,0,0,0,0,0,383.712,0,0,0
"MtrElec",2,20,22,"",341.634,0,0,0,0,0,0,0,0,0,0,0,0,0,0,0,0,0,0,0,0,341.634,0,0,0
"MtrElec",2,20,23,"",279.681,0,0,0,0,0,0,0,0,0,0,0,0,0,0,0,0,0,0,0,0,279.681,0,0,0
"MtrElec",2,20,24,"",211.527,0,0,0,0,0,0,0,0,0,0,0,0,0,0,0,0,0,0,0,0,211.527,0,0,0
"MtrElec",2,21,1,"",220.216,0,0,0,0,0,0,0,0,0,0,0,0,0,0,0,0,0,0,0,0,220.216,0,0,0
"MtrElec",2,21,2,"",156.446,0,0,0,0,0,0,0,0,0,0,0,0,0,0,0,0,0,0,0,0,156.446,0,0,0
"MtrElec",2,21,3,"",158.382,0,0,0,0,0,0,0,0,0,0,0,0,0,0,0,0,0,0,0,0,158.382,0,0,0
"MtrElec",2,21,4,"",159.719,0,0,0,0,0,0,0,0,0,0,0,0,0,0,0,0,0,0,0,0,159.719,0,0,0
"MtrElec",2,21,5,"",175.175,0,0,0,0,0,0,0,0,0,0,0,0,0,0,0,0,0,0,0,0,175.175,0,0,0
"MtrElec",2,21,6,"",159.662,0,0,0,0,0,0,0,0,0,0,0,0,0,0,0,0,0,0,0,0,159.662,0,0,0
"MtrElec",2,21,7,"",235.42,0,0,0,0,0,0,0,0,0,0,0,0,0,0,0,0,0,0,0,0,235.42,0,0,0
"MtrElec",2,21,8,"",239.771,0,0,0,0,0,0,0,0,0,0,0,0,0,0,0,0,0,0,0,0,245.572,0,0,-5.80114
"MtrElec",2,21,9,"",81.469,0,0,0,0,0,0,0,0,0,0,0,0,0,0,0,0,0,0,0,0,291.676,0,0,-210.207
"MtrElec",2,21,10,"",-21.5208,0,0,0,0,0,0,0,0,0,0,0,0,0,0,0,0,0,0,0,0,384.842,0,0,-406.362
"MtrElec",2,21,11,"",162.731,0,0,0,0,0,0,0,0,0,0,0,0,0,0,0,0,0,0,0,0,499.691,0,0,-336.96
"MtrElec",2,21,12,"",112.024,0,0,0,0,0,0,0,0,0,0,0,0,0,0,0,0,0,0,0,0,503.591,0,0,-391.567
"MtrElec",2,21,13,"",103.164,0,0,0,0,0,0,0,0,0,0,0,0,0,0,0,0,0,0,0,0,461.97,0,0,-358.806
"MtrElec",2,21,14,"",161.093,0,0,0,0,0,0,0,0,0,0,0,0,0,0,0,0,0,0,0,0,418.932,0,0,-257.839
"MtrElec",2,21,15,"",252.034,0,0,0,0,0,0,0,0,0,0,0,0,0,0,0,0,0,0,0,0,417.018,0,0,-164.984
"MtrElec",2,21,16,"",266.6,0,0,0,0,0,0,0,0,0,0,0,0,0,0,0,0,0,0,0,0,409.528,0,0,-142.929
"MtrElec",2,21,17,"",404.405,0,0,0,0,0,0,0,0,0,0,0,0,0,0,0,0,0,0,0,0,413.78,0,0,-9.37533
"MtrElec",2,21,18,"",422.583,0,0,0,0,0,0,0,0,0,0,0,0,0,0,0,0,0,0,0,0,422.583,0,0,0
"MtrElec",2,21,19,"",516.062,0,0,0,0,0,0,0,0,0,0,0,0,0,0,0,0,0,0,0,0,516.062,0,0,0
"MtrElec",2,21,20,"",431.677,0,0,0,0,0,0,0,0,0,0,0,0,0,0,0,0,0,0,0,0,431.677,0,0,0
"MtrElec",2,21,21,"",281.608,0,0,0,0,0,0,0,0,0,0,0,0,0,0,0,0,0,0,0,0,281.608,0,0,0
"MtrElec",2,21,22,"",333.462,0,0,0,0,0,0,0,0,0,0,0,0,0,0,0,0,0,0,0,0,333.462,0,0,0
"MtrElec",2,21,23,"",226.854,0,0,0,0,0,0,0,0,0,0,0,0,0,0,0,0,0,0,0,0,226.854,0,0,0
"MtrElec",2,21,24,"",263.967,0,0,0,0,0,0,0,0,0,0,0,0,0,0,0,0,0,0,0,0,263.967,0,0,0
"MtrElec",2,22,1,"",193.55,0,0,0,0,0,0,0,0,0,0,0,0,0,0,0,0,0,0,0,0,193.55,0,0,0
"MtrElec",2,22,2,"",164.912,0,0,0,0,0,0,0,0,0,0,0,0,0,0,0,0,0,0,0,0,164.912,0,0,0
"MtrElec",2,22,3,"",163.099,0,0,0,0,0,0,0,0,0,0,0,0,0,0,0,0,0,0,0,0,163.099,0,0,0
"MtrElec",2,22,4,"",166.078,0,0,0,0,0,0,0,0,0,0,0,0,0,0,0,0,0,0,0,0,166.078,0,0,0
"MtrElec",2,22,5,"",176.801,0,0,0,0,0,0,0,0,0,0,0,0,0,0,0,0,0,0,0,0,176.801,0,0,0
"MtrElec",2,22,6,"",160.901,0,0,0,0,0,0,0,0,0,0,0,0,0,0,0,0,0,0,0,0,160.901,0,0,0
"MtrElec",2,22,7,"",191.51,0,0,0,0,0,0,0,0,0,0,0,0,0,0,0,0,0,0,0,0,191.738,0,0,-0.227777
"MtrElec",2,22,8,"",150.606,0,0,0,0,0,0,0,0,0,0,0,0,0,0,0,0,0,0,0,0,223.154,0,0,-72.5478
"MtrElec",2,22,9,"",182.108,0,0,0,0,0,0,0,0,0,0,0,0,0,0,0,0,0,0,0,0,279.886,0,0,-97.778
"MtrElec",2,22,10,"",161.875,0,0,0,0,0,0,0,0,0,0,0,0,0,0,0,0,0,0,0,0,287.802,0,0,-125.927
"MtrElec",2,22,11,"",244.221,0,0,0,0,0,0,0,0,0,0,0,0,0,0,0,0,0,0,0,0,353.279,0,0,-109.058
"MtrElec",2,22,12,"",314.643,0,0,0,0,0,0,0,0,0,0,0,0,0,0,0,0,0,0,0,0,389.578,0,0,-74.9345
"MtrElec",2,22,13,"",63.8622,0,0,0,0,0,0,0,0,0,0,0,0,0,0,0,0,0,0,0,0,386.217,0,0,-322.354
"MtrElec",2,22,14,"",0,0,0,0,0,0,0,0,0,0,0,0,0,0,0,0,0,0,0,0,0,316.47,0,106.327,-422.796
"MtrElec",2,22,15,"",203.064,0,0,0,0,0,0,0,0,0,0,0,0,0,0,0,0,0,0,0,0,367.481,0,0,-164.417
"MtrElec",2,22,16,"",25.9745,0,0,0,0,0,0,0,0,0,0,0,0,0,0,0,0,0,0,0,0,282.546,0,0,-256.571
"MtrElec",2,22,17,"",200.181,0,0,0,0,0,0,0,0,0,0,0,0,0,0,0,0,0,0,0,0,360.203,0,0,-160.021
"MtrElec",2,22,18,"",311.447,0,0,0,0,0,0,0,0,0,0,0,0,0,0,0,0,0,0,0,0,331.986,0,0,-20.5389
"MtrElec",2,22,19,"",322.799,0,0,0,0,0,0,0,0,0,0,0,0,0,0,0,0,0,0,0,0,418.758,0,-95.9597,0
"MtrElec",2,22,20,"",379.577,0,0,0,0,0,0,0,0,0,0,0,0,0,0,0,0,0,0,0,0,379.577,0,0,0
"MtrElec",2,22,21,"",320.176,0,0,0,0,0,0,0,0,0,0,0,0,0,0,0,0,0,0,0,0,320.176,0,0,0
"MtrElec",2,22,22,"",366.822,0,0,0,0,0,0,0,0,0,0,0,0,0,0,0,0,0,0,0,0,366.822,0,0,0
"MtrElec",2,22,23,"",208.787,0,0,0,0,0,0,0,0,0,0,0,0,0,0,0,0,0,0,0,0,208.787,0,0,0
"MtrElec",2,22,24,"",252.887,0,0,0,0,0,0,0,0,0,0,0,0,0,0,0,0,0,0,0,0,252.887,0,0,0
"MtrElec",2,23,1,"",176.049,0,0,0,0,0,0,0,0,0,0,0,0,0,0,0,0,0,0,0,0,176.049,0,0,0
"MtrElec",2,23,2,"",164.8,0,0,0,0,0,0,0,0,0,0,0,0,0,0,0,0,0,0,0,0,164.8,0,0,0
"MtrElec",2,23,3,"",159.703,0,0,0,0,0,0,0,0,0,0,0,0,0,0,0,0,0,0,0,0,159.703,0,0,0
"MtrElec",2,23,4,"",163.923,0,0,0,0,0,0,0,0,0,0,0,0,0,0,0,0,0,0,0,0,163.923,0,0,0
"MtrElec",2,23,5,"",162.608,0,0,0,0,0,0,0,0,0,0,0,0,0,0,0,0,0,0,0,0,162.608,0,0,0
"MtrElec",2,23,6,"",185.757,0,0,0,0,0,0,0,0,0,0,0,0,0,0,0,0,0,0,0,0,185.757,0,0,0
"MtrElec",2,23,7,"",286.519,0,0,0,0,0,0,0,0,0,0,0,0,0,0,0,0,0,0,0,0,288.629,0,0,-2.11028
"MtrElec",2,23,8,"",237.538,0,0,0,0,0,0,0,0,0,0,0,0,0,0,0,0,0,0,0,0,324.376,0,0,-86.8387
"MtrElec",2,23,9,"",136.275,0,0,0,0,0,0,0,0,0,0,0,0,0,0,0,0,0,0,0,0,365.986,0,0,-229.711
"MtrElec",2,23,10,"",-5.39919,0,0,0,0,0,0,0,0,0,0,0,0,0,0,0,0,0,0,0,0,468.354,0,0,-473.753
"MtrElec",2,23,11,"",0.0000078,0,0,0,0,0,0,0,0,0,0,0,0,0,0,0,0,0,0,0,0,456.933,0,70.9671,-527.9
"MtrElec",2,23,12,"",-28.6481,0,0,0,0,0,0,0,0,0,0,0,0,0,0,0,0,0,0,0,0,424.33,0,223.217,-676.195
"MtrElec",2,23,13,"",0,0,0,0,0,0,0,0,0,0,0,0,0,0,0,0,0,0,0,0,0,384.702,0,10.173,-394.875
"MtrElec",2,23,14,"",264.565,0,0,0,0,0,0,0,0,0,0,0,0,0,0,0,0,0,0,0,0,373.5,0,0,-108.934
"MtrElec",2,23,15,"",213.793,0,0,0,0,0,0,0,0,0,0,0,0,0,0,0,0,0,0,0,0,340.46,0,0,-126.667
"MtrElec",2,23,16,"",245.373,0,0,0,0,0,0,0,0,0,0,0,0,0,0,0,0,0,0,0,0,378.792,0,0,-133.418
"MtrElec",2,23,17,"",338.532,0,0,0,0,0,0,0,0,0,0,0,0,0,0,0,0,0,0,0,0,353.952,0,0,-15.4198
"MtrElec",2,23,18,"",439.559,0,0,0,0,0,0,0,0,0,0,0,0,0,0,0,0,0,0,0,0,439.559,0,0,0
"MtrElec",2,23,19,"",178.351,0,0,0,0,0,0,0,0,0,0,0,0,0,0,0,0,0,0,0,0,401.568,0,-223.217,0
"MtrElec",2,23,20,"",394.365,0,0,0,0,0,0,0,0,0,0,0,0,0,0,0,0,0,0,0,0,445.83,0,-51.4653,0
"MtrElec",2,23,21,"",396.685,0,0,0,0,0,0,0,0,0,0,0,0,0,0,0,0,0,0,0,0,396.685,0,0,0
"MtrElec",2,23,22,"",338.323,0,0,0,0,0,0,0,0,0,0,0,0,0,0,0,0,0,0,0,0,338.323,0,0,0
"MtrElec",2,23,23,"",246.493,0,0,0,0,0,0,0,0,0,0,0,0,0,0,0,0,0,0,0,0,246.493,0,0,0
"MtrElec",2,23,24,"",227.771,0,0,0,0,0,0,0,0,0,0,0,0,0,0,0,0,0,0,0,0,227.771,0,0,0
"MtrElec",2,24,1,"",157.549,0,0,0,0,0,0,0,0,0,0,0,0,0,0,0,0,0,0,0,0,157.549,0,0,0
"MtrElec",2,24,2,"",160.557,0,0,0,0,0,0,0,0,0,0,0,0,0,0,0,0,0,0,0,0,160.557,0,0,0
"MtrElec",2,24,3,"",159.459,0,0,0,0,0,0,0,0,0,0,0,0,0,0,0,0,0,0,0,0,159.459,0,0,0
"MtrElec",2,24,4,"",165.445,0,0,0,0,0,0,0,0,0,0,0,0,0,0,0,0,0,0,0,0,165.445,0,0,0
"MtrElec",2,24,5,"",204.495,0,0,0,0,0,0,0,0,0,0,0,0,0,0,0,0,0,0,0,0,204.495,0,0,0
"MtrElec",2,24,6,"",166.436,0,0,0,0,0,0,0,0,0,0,0,0,0,0,0,0,0,0,0,0,166.436,0,0,0
"MtrElec",2,24,7,"",272.892,0,0,0,0,0,0,0,0,0,0,0,0,0,0,0,0,0,0,0,0,272.892,0,0,0
"MtrElec",2,24,8,"",273.486,0,0,0,0,0,0,0,0,0,0,0,0,0,0,0,0,0,0,0,0,320.9,0,0,-47.4139
"MtrElec",2,24,9,"",261.81,0,0,0,0,0,0,0,0,0,0,0,0,0,0,0,0,0,0,0,0,377.376,0,0,-115.566
"MtrElec",2,24,10,"",164.537,0,0,0,0,0,0,0,0,0,0,0,0,0,0,0,0,0,0,0,0,433.407,0,0,-268.87
"MtrElec",2,24,11,"",239.572,0,0,0,0,0,0,0,0,0,0,0,0,0,0,0,0,0,0,0,0,448.403,0,0,-208.831
"MtrElec",2,24,12,"",122.678,0,0,0,0,0,0,0,0,0,0,0,0,0,0,0,0,0,0,0,0,430.537,0,0,-307.859
"MtrElec",2,24,13,"",1.63556,0,0,0,0,0,0,0,0,0,0,0,0,0,0,0,0,0,0,0,0,395.825,0,0,-394.19
"MtrElec",2,24,14,"",71.3155,0,0,0,0,0,0,0,0,0,0,0,0,0,0,0,0,0,0,0,0,369.221,0,0,-297.905
"MtrElec",2,24,15,"",84.2005,0,0,0,0,0,0,0,0,0,0,0,0,0,0,0,0,0,0,0,0,328.794,0,0,-244.593
"MtrElec",2,24,16,"",177.995,0,0,0,0,0,0,0,0,0,0,0,0,0,0,0,0,0,0,0,0,367.928,0,0,-189.932
"MtrElec",2,24,17,"",263.198,0,0,0,0,0,0,0,0,0,0,0,0,0,0,0,0,0,0,0,0,369.596,0,0,-106.398
"MtrElec",2,24,18,"",428.31,0,0,0,0,0,0,0,0,0,0,0,0,0,0,0,0,0,0,0,0,445.206,0,0,-16.8954
"MtrElec",2,24,19,"",374.39,0,0,0,0,0,0,0,0,0,0,0,0,0,0,0,0,0,0,0,0,374.39,0,0,0
"MtrElec",2,24,20,"",429.199,0,0,0,0,0,0,0,0,0,0,0,0,0,0,0,0,0,0,0,0,429.199,0,0,0
"MtrElec",2,24,21,"",455.234,0,0,0,0,0,0,0,0,0,0,0,0,0,0,0,0,0,0,0,0,455.234,0,0,0
"MtrElec",2,24,22,"",276.373,0,0,0,0,0,0,0,0,0,0,0,0,0,0,0,0,0,0,0,0,276.373,0,0,0
"MtrElec",2,24,23,"",320.573,0,0,0,0,0,0,0,0,0,0,0,0,0,0,0,0,0,0,0,0,320.573,0,0,0
"MtrElec",2,24,24,"",194.657,0,0,0,0,0,0,0,0,0,0,0,0,0,0,0,0,0,0,0,0,194.657,0,0,0
"MtrElec",2,25,1,"",182.284,0,0,0,0,0,0,0,0,0,0,0,0,0,0,0,0,0,0,0,0,182.284,0,0,0
"MtrElec",2,25,2,"",160.942,0,0,0,0,0,0,0,0,0,0,0,0,0,0,0,0,0,0,0,0,160.942,0,0,0
"MtrElec",2,25,3,"",191.594,0,0,0,0,0,0,0,0,0,0,0,0,0,0,0,0,0,0,0,0,191.594,0,0,0
"MtrElec",2,25,4,"",177.299,0,0,0,0,0,0,0,0,0,0,0,0,0,0,0,0,0,0,0,0,177.299,0,0,0
"MtrElec",2,25,5,"",164.885,0,0,0,0,0,0,0,0,0,0,0,0,0,0,0,0,0,0,0,0,164.885,0,0,0
"MtrElec",2,25,6,"",169.63,0,0,0,0,0,0,0,0,0,0,0,0,0,0,0,0,0,0,0,0,169.63,0,0,0
"MtrElec",2,25,7,"",252.154,0,0,0,0,0,0,0,0,0,0,0,0,0,0,0,0,0,0,0,0,261.56,0,0,-9.40648
"MtrElec",2,25,8,"",142.709,0,0,0,0,0,0,0,0,0,0,0,0,0,0,0,0,0,0,0,0,310.931,0,0,-168.222
"MtrElec",2,25,9,"",-8.41844,0,0,0,0,0,0,0,0,0,0,0,0,0,0,0,0,0,0,0,0,362.83,0,0,-371.248
"MtrElec",2,25,10,"",-13.9046,0,0,0,0,0,0,0,0,0,0,0,0,0,0,0,0,0,0,0,0,395.972,0,0,-409.877
"MtrElec",2,25,11,"",0.0000156,0,0,0,0,0,0,0,0,0,0,0,0,0,0,0,0,0,0,0,0,400.114,0,185.854,-585.969
"MtrElec",2,25,12,"",-54.7276,0,0,0,0,0,0,0,0,0,0,0,0,0,0,0,0,0,0,0,0,414.046,0,223.217,-691.991
"MtrElec",2,25,13,"",-116.037,0,0,0,0,0,0,0,0,0,0,0,0,0,0,0,0,0,0,0,0,340.742,0,223.217,-679.996
"MtrElec",2,25,14,"",-71.8743,0,0,0,0,0,0,0,0,0,0,0,0,0,0,0,0,0,0,0,0,387.486,0,166.593,-625.953
"MtrElec",2,25,15,"",-205.544,0,0,0,0,0,0,0,0,0,0,0,0,0,0,0,0,0,0,0,0,336.553,0,0,-542.097
"MtrElec",2,25,16,"",-2.71603,0,0,0,0,0,0,0,0,0,0,0,0,0,0,0,0,0,0,0,0,392.178,0,0,-394.894
"MtrElec",2,25,17,"",181.397,0,0,0,0,0,0,0,0,0,0,0,0,0,0,0,0,0,0,0,0,378.321,0,0,-196.924
"MtrElec",2,25,18,"",404.815,0,0,0,0,0,0,0,0,0,0,0,0,0,0,0,0,0,0,0,0,428.476,0,0,-23.6612
"MtrElec",2,25,19,"",158.376,0,0,0,0,0,0,0,0,0,0,0,0,0,0,0,0,0,0,0,0,381.593,0,-223.217,0
"MtrElec",2,25,20,"",201.509,0,0,0,0,0,0,0,0,0,0,0,0,0,0,0,0,0,0,0,0,424.726,0,-223.217,0
"MtrElec",2,25,21,"",155.111,0,0,0,0,0,0,0,0,0,0,0,0,0,0,0,0,0,0,0,0,378.328,0,-223.217,0
"MtrElec",2,25,22,"",280.515,0,0,0,0,0,0,0,0,0,0,0,0,0,0,0,0,0,0,0,0,331.855,0,-51.3398,0
"MtrElec",2,25,23,"",298.936,0,0,0,0,0,0,0,0,0,0,0,0,0,0,0,0,0,0,0,0,298.936,0,0,0
"MtrElec",2,25,24,"",215.538,0,0,0,0,0,0,0,0,0,0,0,0,0,0,0,0,0,0,0,0,215.538,0,0,0
"MtrElec",2,26,1,"",169.299,0,0,0,0,0,0,0,0,0,0,0,0,0,0,0,0,0,0,0,0,169.299,0,0,0
"MtrElec",2,26,2,"",157.811,0,0,0,0,0,0,0,0,0,0,0,0,0,0,0,0,0,0,0,0,157.811,0,0,0
"MtrElec",2,26,3,"",154.634,0,0,0,0,0,0,0,0,0,0,0,0,0,0,0,0,0,0,0,0,154.634,0,0,0
"MtrElec",2,26,4,"",197.689,0,0,0,0,0,0,0,0,0,0,0,0,0,0,0,0,0,0,0,0,197.689,0,0,0
"MtrElec",2,26,5,"",161.621,0,0,0,0,0,0,0,0,0,0,0,0,0,0,0,0,0,0,0,0,161.621,0,0,0
"MtrElec",2,26,6,"",169.613,0,0,0,0,0,0,0,0,0,0,0,0,0,0,0,0,0,0,0,0,169.613,0,0,0
"MtrElec",2,26,7,"",251.184,0,0,0,0,0,0,0,0,0,0,0,0,0,0,0,0,0,0,0,0,261.513,0,0,-10.3288
"MtrElec",2,26,8,"",146.595,0,0,0,0,0,0,0,0,0,0,0,0,0,0,0,0,0,0,0,0,320.492,0,0,-173.897
"MtrElec",2,26,9,"",12.3833,0,0,0,0,0,0,0,0,0,0,0,0,0,0,0,0,0,0,0,0,384.446,0,0,-372.062
"MtrElec",2,26,10,"",-47.0336,0,0,0,0,0,0,0,0,0,0,0,0,0,0,0,0,0,0,0,0,467.402,0,0,-514.435
"MtrElec",2,26,11,"",0,0,0,0,0,0,0,0,0,0,0,0,0,0,0,0,0,0,0,0,0,481.272,0,134.765,-616.037
"MtrElec",2,26,12,"",0,0,0,0,0,0,0,0,0,0,0,0,0,0,0,0,0,0,0,0,0,458.728,0,205.323,-664.052
"MtrElec",2,26,13,"",0,0,0,0,0,0,0,0,0,0,0,0,0,0,0,0,0,0,0,0,0,459.455,0,190.239,-649.694
"MtrElec",2,26,14,"",0,0,0,0,0,0,0,0,0,0,0,0,0,0,0,0,0,0,0,0,0,397.173,0,204.11,-601.283
"MtrElec",2,26,15,"",-62.0796,0,0,0,0,0,0,0,0,0,0,0,0,0,0,0,0,0,0,0,0,381.573,0,64.444,-508.096
"MtrElec",2,26,16,"",68.8559,0,0,0,0,0,0,0,0,0,0,0,0,0,0,0,0,0,0,0,0,439.664,0,0,-370.809
"MtrElec",2,26,17,"",241.058,0,0,0,0,0,0,0,0,0,0,0,0,0,0,0,0,0,0,0,0,430.486,0,0,-189.428
"MtrElec",2,26,18,"",416.343,0,0,0,0,0,0,0,0,0,0,0,0,0,0,0,0,0,0,0,0,439.528,0,0,-23.1848
"MtrElec",2,26,19,"",216.536,0,0,0,0,0,0,0,0,0,0,0,0,0,0,0,0,0,0,0,0,439.753,0,-223.217,0
"MtrElec",2,26,20,"",231.055,0,0,0,0,0,0,0,0,0,0,0,0,0,0,0,0,0,0,0,0,454.272,0,-223.217,0
"MtrElec",2,26,21,"",164.436,0,0,0,0,0,0,0,0,0,0,0,0,0,0,0,0,0,0,0,0,387.653,0,-223.217,0
"MtrElec",2,26,22,"",256.327,0,0,0,0,0,0,0,0,0,0,0,0,0,0,0,0,0,0,0,0,307.667,0,-51.3398,0
"MtrElec",2,26,23,"",311.206,0,0,0,0,0,0,0,0,0,0,0,0,0,0,0,0,0,0,0,0,311.206,0,0,0
"MtrElec",2,26,24,"",228.072,0,0,0,0,0,0,0,0,0,0,0,0,0,0,0,0,0,0,0,0,228.072,0,0,0
"MtrElec",2,27,1,"",153.589,0,0,0,0,0,0,0,0,0,0,0,0,0,0,0,0,0,0,0,0,153.589,0,0,0
"MtrElec",2,27,2,"",153.316,0,0,0,0,0,0,0,0,0,0,0,0,0,0,0,0,0,0,0,0,153.316,0,0,0
"MtrElec",2,27,3,"",148.658,0,0,0,0,0,0,0,0,0,0,0,0,0,0,0,0,0,0,0,0,148.658,0,0,0
"MtrElec",2,27,4,"",149.51,0,0,0,0,0,0,0,0,0,0,0,0,0,0,0,0,0,0,0,0,149.51,0,0,0
"MtrElec",2,27,5,"",188.28,0,0,0,0,0,0,0,0,0,0,0,0,0,0,0,0,0,0,0,0,188.28,0,0,0
"MtrElec",2,27,6,"",161.242,0,0,0,0,0,0,0,0,0,0,0,0,0,0,0,0,0,0,0,0,161.242,0,0,0
"MtrElec",2,27,7,"",259.485,0,0,0,0,0,0,0,0,0,0,0,0,0,0,0,0,0,0,0,0,269.38,0,0,-9.89457
"MtrElec",2,27,8,"",134.268,0,0,0,0,0,0,0,0,0,0,0,0,0,0,0,0,0,0,0,0,303.441,0,0,-169.173
"MtrElec",2,27,9,"",17.6836,0,0,0,0,0,0,0,0,0,0,0,0,0,0,0,0,0,0,0,0,380.385,0,0,-362.702
"MtrElec",2,27,10,"",-48.7305,0,0,0,0,0,0,0,0,0,0,0,0,0,0,0,0,0,0,0,0,461.881,0,0,-510.611
"MtrElec",2,27,11,"",0.0000156,0,0,0,0,0,0,0,0,0,0,0,0,0,0,0,0,0,0,0,0,408.385,0,197.337,-605.722
"MtrElec",2,27,12,"",0,0,0,0,0,0,0,0,0,0,0,0,0,0,0,0,0,0,0,0,0,445.028,0,204.406,-649.434
"MtrElec",2,27,13,"",0,0,0,0,0,0,0,0,0,0,0,0,0,0,0,0,0,0,0,0,0,515.134,0,150.17,-665.304
"MtrElec",2,27,14,"",-13.3176,0,0,0,0,0,0,0,0,0,0,0,0,0,0,0,0,0,0,0,0,390.564,0,223.217,-627.098
"MtrElec",2,27,15,"",-79.2075,0,0,0,0,0,0,0,0,0,0,0,0,0,0,0,0,0,0,0,0,432.598,0,23.7516,-535.557
"MtrElec",2,27,16,"",-0.918187,0,0,0,0,0,0,0,0,0,0,0,0,0,0,0,0,0,0,0,0,390.478,0,0,-391.397
"MtrElec",2,27,17,"",269.416,0,0,0,0,0,0,0,0,0,0,0,0,0,0,0,0,0,0,0,0,466.733,0,0,-197.317
"MtrElec",2,27,18,"",415.842,0,0,0,0,0,0,0,0,0,0,0,0,0,0,0,0,0,0,0,0,439.702,0,0,-23.86
"MtrElec",2,27,19,"",190.15,0,0,0,0,0,0,0,0,0,0,0,0,0,0,0,0,0,0,0,0,413.367,0,-223.217,0
"MtrElec",2,27,20,"",233.962,0,0,0,0,0,0,0,0,0,0,0,0,0,0,0,0,0,0,0,0,457.179,0,-223.217,0
"MtrElec",2,27,21,"",147.748,0,0,0,0,0,0,0,0,0,0,0,0,0,0,0,0,0,0,0,0,370.964,0,-223.217,0
"MtrElec",2,27,22,"",255.797,0,0,0,0,0,0,0,0,0,0,0,0,0,0,0,0,0,0,0,0,307.137,0,-51.3398,0
"MtrElec",2,27,23,"",322.294,0,0,0,0,0,0,0,0,0,0,0,0,0,0,0,0,0,0,0,0,322.294,0,0,0
"MtrElec",2,27,24,"",257.646,0,0,0,0,0,0,0,0,0,0,0,0,0,0,0,0,0,0,0,0,257.646,0,0,0
"MtrElec",2,28,1,"",168.066,0,0,0,0,0,0,0,0,0,0,0,0,0,0,0,0,0,0,0,0,168.066,0,0,0
"MtrElec",2,28,2,"",153.213,0,0,0,0,0,0,0,0,0,0,0,0,0,0,0,0,0,0,0,0,153.213,0,0,0
"MtrElec",2,28,3,"",154.446,0,0,0,0,0,0,0,0,0,0,0,0,0,0,0,0,0,0,0,0,154.446,0,0,0
"MtrElec",2,28,4,"",171.848,0,0,0,0,0,0,0,0,0,0,0,0,0,0,0,0,0,0,0,0,171.848,0,0,0
"MtrElec",2,28,5,"",182.276,0,0,0,0,0,0,0,0,0,0,0,0,0,0,0,0,0,0,0,0,182.276,0,0,0
"MtrElec",2,28,6,"",153.97,0,0,0,0,0,0,0,0,0,0,0,0,0,0,0,0,0,0,0,0,153.97,0,0,0
"MtrElec",2,28,7,"",165.706,0,0,0,0,0,0,0,0,0,0,0,0,0,0,0,0,0,0,0,0,170.444,0,0,-4.73842
"MtrElec",2,28,8,"",147.908,0,0,0,0,0,0,0,0,0,0,0,0,0,0,0,0,0,0,0,0,269.126,0,0,-121.218
"MtrElec",2,28,9,"",-67.6058,0,0,0,0,0,0,0,0,0,0,0,0,0,0,0,0,0,0,0,0,298.611,0,0,-366.216
"MtrElec",2,28,10,"",-127.048,0,0,0,0,0,0,0,0,0,0,0,0,0,0,0,0,0,0,0,0,380.699,0,0,-507.747
"MtrElec",2,28,11,"",0,0,0,0,0,0,0,0,0,0,0,0,0,0,0,0,0,0,0,0,0,496.948,0,102.513,-599.46
"MtrElec",2,28,12,"",0,0,0,0,0,0,0,0,0,0,0,0,0,0,0,0,0,0,0,0,0,528.953,0,116.311,-645.265
"MtrElec",2,28,13,"",0,0,0,0,0,0,0,0,0,0,0,0,0,0,0,0,0,0,0,0,0,508.818,0,148.156,-656.974
"MtrElec",2,28,14,"",0,0,0,0,0,0,0,0,0,0,0,0,0,0,0,0,0,0,0,0,0,460.584,0,161.842,-622.426
"MtrElec",2,28,15,"",0,0,0,0,0,0,0,0,0,0,0,0,0,0,0,0,0,0,0,0,0,444.209,0,79.6034,-523.813
"MtrElec",2,28,16,"",65.8092,0,0,0,0,0,0,0,0,0,0,0,0,0,0,0,0,0,0,0,0,442.572,0,0,-376.762
"MtrElec",2,28,17,"",234.859,0,0,0,0,0,0,0,0,0,0,0,0,0,0,0,0,0,0,0,0,428.77,0,0,-193.911
"MtrElec",2,28,18,"",395.921,0,0,0,0,0,0,0,0,0,0,0,0,0,0,0,0,0,0,0,0,419.533,0,0,-23.6121
"MtrElec",2,28,19,"",249.426,0,0,0,0,0,0,0,0,0,0,0,0,0,0,0,0,0,0,0,0,472.643,0,-223.217,0
"MtrElec",2,28,20,"",179.794,0,0,0,0,0,0,0,0,0,0,0,0,0,0,0,0,0,0,0,0,403.011,0,-223.217,0
"MtrElec",2,28,21,"",221.19,0,0,0,0,0,0,0,0,0,0,0,0,0,0,0,0,0,0,0,0,323.86,0,-102.67,0
"MtrElec",2,28,22,"",323.356,0,0,0,0,0,0,0,0,0,0,0,0,0,0,0,0,0,0,0,0,323.356,0,0,0
"MtrElec",2,28,23,"",262.639,0,0,0,0,0,0,0,0,0,0,0,0,0,0,0,0,0,0,0,0,262.639,0,0,0
"MtrElec",2,28,24,"",227.821,0,0,0,0,0,0,0,0,0,0,0,0,0,0,0,0,0,0,0,0,227.821,0,0,0
"MtrElec",3,1,1,"",170.436,0,0,0,0,0,0,0,0,0,0,0,0,0,0,0,0,0,0,0,0,170.436,0,0,0
"MtrElec",3,1,2,"",153.34,0,0,0,0,0,0,0,0,0,0,0,0,0,0,0,0,0,0,0,0,153.34,0,0,0
"MtrElec",3,1,3,"",152.275,0,0,0,0,0,0,0,0,0,0,0,0,0,0,0,0,0,0,0,0,152.275,0,0,0
"MtrElec",3,1,4,"",150.874,0,0,0,0,0,0,0,0,0,0,0,0,0,0,0,0,0,0,0,0,150.874,0,0,0
"MtrElec",3,1,5,"",201.445,0,0,0,0,0,0,0,0,0,0,0,0,0,0,0,0,0,0,0,0,201.445,0,0,0
"MtrElec",3,1,6,"",158.405,0,0,0,0,0,0,0,0,0,0,0,0,0,0,0,0,0,0,0,0,158.405,0,0,0
"MtrElec",3,1,7,"",163.014,0,0,0,0,0,0,0,0,0,0,0,0,0,0,0,0,0,0,0,0,168.668,0,0,-5.65406
"MtrElec",3,1,8,"",152.199,0,0,0,0,0,0,0,0,0,0,0,0,0,0,0,0,0,0,0,0,268.141,0,0,-115.942
"MtrElec",3,1,9,"",-76.405,0,0,0,0,0,0,0,0,0,0,0,0,0,0,0,0,0,0,0,0,277.973,0,0,-354.378
"MtrElec",3,1,10,"",-214.915,0,0,0,0,0,0,0,0,0,0,0,0,0,0,0,0,0,0,0,0,315.253,0,0,-530.168
"MtrElec",3,1,11,"",-34.6318,0,0,0,0,0,0,0,0,0,0,0,0,0,0,0,0,0,0,0,0,377.929,0,223.217,-635.777
"MtrElec",3,1,12,"",-41.1087,0,0,0,0,0,0,0,0,0,0,0,0,0,0,0,0,0,0,0,0,421.126,0,223.217,-685.452
"MtrElec",3,1,13,"",-29.502,0,0,0,0,0,0,0,0,0,0,0,0,0,0,0,0,0,0,0,0,440.139,0,223.217,-692.858
"MtrElec",3,1,14,"",-206.372,0,0,0,0,0,0,0,0,0,0,0,0,0,0,0,0,0,0,0,0,322.348,0,129.231,-657.951
"MtrElec",3,1,15,"",-186.971,0,0,0,0,0,0,0,0,0,0,0,0,0,0,0,0,0,0,0,0,370.139,0,0,-557.11
"MtrElec",3,1,16,"",-83.2896,0,0,0,0,0,0,0,0,0,0,0,0,0,0,0,0,0,0,0,0,320.832,0,0,-404.122
"MtrElec",3,1,17,"",142.106,0,0,0,0,0,0,0,0,0,0,0,0,0,0,0,0,0,0,0,0,333.67,0,0,-191.564
"MtrElec",3,1,18,"",341.495,0,0,0,0,0,0,0,0,0,0,0,0,0,0,0,0,0,0,0,0,360.107,0,0,-18.6118
"MtrElec",3,1,19,"",214.158,0,0,0,0,0,0,0,0,0,0,0,0,0,0,0,0,0,0,0,0,437.375,0,-223.217,0
"MtrElec",3,1,20,"",152.009,0,0,0,0,0,0,0,0,0,0,0,0,0,0,0,0,0,0,0,0,375.226,0,-223.217,0
"MtrElec",3,1,21,"",125.579,0,0,0,0,0,0,0,0,0,0,0,0,0,0,0,0,0,0,0,0,348.796,0,-223.217,0
"MtrElec",3,1,22,"",307.194,0,0,0,0,0,0,0,0,0,0,0,0,0,0,0,0,0,0,0,0,358.534,0,-51.3398,0
"MtrElec",3,1,23,"",209.86,0,0,0,0,0,0,0,0,0,0,0,0,0,0,0,0,0,0,0,0,209.86,0,0,0
"MtrElec",3,1,24,"",192.005,0,0,0,0,0,0,0,0,0,0,0,0,0,0,0,0,0,0,0,0,192.005,0,0,0
"MtrElec",3,2,1,"",161.803,0,0,0,0,0,0,0,0,0,0,0,0,0,0,0,0,0,0,0,0,161.803,0,0,0
"MtrElec",3,2,2,"",161.975,0,0,0,0,0,0,0,0,0,0,0,0,0,0,0,0,0,0,0,0,161.975,0,0,0
"MtrElec",3,2,3,"",155.981,0,0,0,0,0,0,0,0,0,0,0,0,0,0,0,0,0,0,0,0,155.981,0,0,0
"MtrElec",3,2,4,"",155.704,0,0,0,0,0,0,0,0,0,0,0,0,0,0,0,0,0,0,0,0,155.704,0,0,0
"MtrElec",3,2,5,"",198.025,0,0,0,0,0,0,0,0,0,0,0,0,0,0,0,0,0,0,0,0,198.025,0,0,0
"MtrElec",3,2,6,"",161.363,0,0,0,0,0,0,0,0,0,0,0,0,0,0,0,0,0,0,0,0,161.363,0,0,0
"MtrElec",3,2,7,"",253.419,0,0,0,0,0,0,0,0,0,0,0,0,0,0,0,0,0,0,0,0,275.189,0,0,-21.7701
"MtrElec",3,2,8,"",122.403,0,0,0,0,0,0,0,0,0,0,0,0,0,0,0,0,0,0,0,0,304.934,0,0,-182.532
"MtrElec",3,2,9,"",-10.5822,0,0,0,0,0,0,0,0,0,0,0,0,0,0,0,0,0,0,0,0,369.501,0,0,-380.083
"MtrElec",3,2,10,"",-125.302,0,0,0,0,0,0,0,0,0,0,0,0,0,0,0,0,0,0,0,0,408.259,0,0,-533.561
"MtrElec",3,2,11,"",-6.19763,0,0,0,0,0,0,0,0,0,0,0,0,0,0,0,0,0,0,0,0,401.302,0,223.217,-630.716
"MtrElec",3,2,12,"",-30.0189,0,0,0,0,0,0,0,0,0,0,0,0,0,0,0,0,0,0,0,0,425.972,0,223.217,-679.207
"MtrElec",3,2,13,"",-120.271,0,0,0,0,0,0,0,0,0,0,0,0,0,0,0,0,0,0,0,0,344.336,0,223.217,-687.824
"MtrElec",3,2,14,"",-146.566,0,0,0,0,0,0,0,0,0,0,0,0,0,0,0,0,0,0,0,0,366.904,0,129.231,-642.701
"MtrElec",3,2,15,"",-225.714,0,0,0,0,0,0,0,0,0,0,0,0,0,0,0,0,0,0,0,0,316.821,0,0,-542.535
"MtrElec",3,2,16,"",-24.018,0,0,0,0,0,0,0,0,0,0,0,0,0,0,0,0,0,0,0,0,368.027,0,0,-392.045
"MtrElec",3,2,17,"",213.612,0,0,0,0,0,0,0,0,0,0,0,0,0,0,0,0,0,0,0,0,343.254,0,0,-129.643
"MtrElec",3,2,18,"",422.054,0,0,0,0,0,0,0,0,0,0,0,0,0,0,0,0,0,0,0,0,432.124,0,0,-10.07
"MtrElec",3,2,19,"",162.399,0,0,0,0,0,0,0,0,0,0,0,0,0,0,0,0,0,0,0,0,385.616,0,-223.217,0
"MtrElec",3,2,20,"",205.027,0,0,0,0,0,0,0,0,0,0,0,0,0,0,0,0,0,0,0,0,428.244,0,-223.217,0
"MtrElec",3,2,21,"",154.394,0,0,0,0,0,0,0,0,0,0,0,0,0,0,0,0,0,0,0,0,377.611,0,-223.217,0
"MtrElec",3,2,22,"",255.311,0,0,0,0,0,0,0,0,0,0,0,0,0,0,0,0,0,0,0,0,306.65,0,-51.3398,0
"MtrElec",3,2,23,"",251.225,0,0,0,0,0,0,0,0,0,0,0,0,0,0,0,0,0,0,0,0,251.225,0,0,0
"MtrElec",3,2,24,"",247.634,0,0,0,0,0,0,0,0,0,0,0,0,0,0,0,0,0,0,0,0,247.634,0,0,0
"MtrElec",3,3,1,"",184.761,0,0,0,0,0,0,0,0,0,0,0,0,0,0,0,0,0,0,0,0,184.761,0,0,0
"MtrElec",3,3,2,"",154.281,0,0,0,0,0,0,0,0,0,0,0,0,0,0,0,0,0,0,0,0,154.281,0,0,0
"MtrElec",3,3,3,"",148.422,0,0,0,0,0,0,0,0,0,0,0,0,0,0,0,0,0,0,0,0,148.422,0,0,0
"MtrElec",3,3,4,"",148.945,0,0,0,0,0,0,0,0,0,0,0,0,0,0,0,0,0,0,0,0,148.945,0,0,0
"MtrElec",3,3,5,"",143.98,0,0,0,0,0,0,0,0,0,0,0,0,0,0,0,0,0,0,0,0,143.98,0,0,0
"MtrElec",3,3,6,"",216.727,0,0,0,0,0,0,0,0,0,0,0,0,0,0,0,0,0,0,0,0,216.727,0,0,0
"MtrElec",3,3,7,"",209.411,0,0,0,0,0,0,0,0,0,0,0,0,0,0,0,0,0,0,0,0,212.493,0,0,-3.08251
"MtrElec",3,3,8,"",258.563,0,0,0,0,0,0,0,0,0,0,0,0,0,0,0,0,0,0,0,0,293.149,0,0,-34.5863
"MtrElec",3,3,9,"",269.129,0,0,0,0,0,0,0,0,0,0,0,0,0,0,0,0,0,0,0,0,355.948,0,0,-86.8182
"MtrElec",3,3,10,"",179.308,0,0,0,0,0,0,0,0,0,0,0,0,0,0,0,0,0,0,0,0,410.037,0,0,-230.729
"MtrElec",3,3,11,"",272.991,0,0,0,0,0,0,0,0,0,0,0,0,0,0,0,0,0,0,0,0,384.709,0,0,-111.718
"MtrElec",3,3,12,"",232.107,0,0,0,0,0,0,0,0,0,0,0,0,0,0,0,0,0,0,0,0,388.81,0,0,-156.703
"MtrElec",3,3,13,"",59.0261,0,0,0,0,0,0,0,0,0,0,0,0,0,0,0,0,0,0,0,0,395.825,0,0,-336.799
"MtrElec",3,3,14,"",217.051,0,0,0,0,0,0,0,0,0,0,0,0,0,0,0,0,0,0,0,0,345.691,0,0,-128.64
"MtrElec",3,3,15,"",173.533,0,0,0,0,0,0,0,0,0,0,0,0,0,0,0,0,0,0,0,0,310.601,0,0,-137.068
"MtrElec",3,3,16,"",254.852,0,0,0,0,0,0,0,0,0,0,0,0,0,0,0,0,0,0,0,0,369.409,0,0,-114.556
"MtrElec",3,3,17,"",320.212,0,0,0,0,0,0,0,0,0,0,0,0,0,0,0,0,0,0,0,0,353.249,0,0,-33.0368
"MtrElec",3,3,18,"",399.814,0,0,0,0,0,0,0,0,0,0,0,0,0,0,0,0,0,0,0,0,399.814,0,0,0
"MtrElec",3,3,19,"",423.969,0,0,0,0,0,0,0,0,0,0,0,0,0,0,0,0,0,0,0,0,423.969,0,0,0
"MtrElec",3,3,20,"",367.897,0,0,0,0,0,0,0,0,0,0,0,0,0,0,0,0,0,0,0,0,367.897,0,0,0
"MtrElec",3,3,21,"",419.881,0,0,0,0,0,0,0,0,0,0,0,0,0,0,0,0,0,0,0,0,419.881,0,0,0
"MtrElec",3,3,22,"",329.227,0,0,0,0,0,0,0,0,0,0,0,0,0,0,0,0,0,0,0,0,329.227,0,0,0
"MtrElec",3,3,23,"",268.868,0,0,0,0,0,0,0,0,0,0,0,0,0,0,0,0,0,0,0,0,268.868,0,0,0
"MtrElec",3,3,24,"",239.718,0,0,0,0,0,0,0,0,0,0,0,0,0,0,0,0,0,0,0,0,239.718,0,0,0
"MtrElec",3,4,1,"",183.925,0,0,0,0,0,0,0,0,0,0,0,0,0,0,0,0,0,0,0,0,183.925,0,0,0
"MtrElec",3,4,2,"",165.218,0,0,0,0,0,0,0,0,0,0,0,0,0,0,0,0,0,0,0,0,165.218,0,0,0
"MtrElec",3,4,3,"",158.059,0,0,0,0,0,0,0,0,0,0,0,0,0,0,0,0,0,0,0,0,158.059,0,0,0
"MtrElec",3,4,4,"",157.511,0,0,0,0,0,0,0,0,0,0,0,0,0,0,0,0,0,0,0,0,157.511,0,0,0
"MtrElec",3,4,5,"",154.265,0,0,0,0,0,0,0,0,0,0,0,0,0,0,0,0,0,0,0,0,154.265,0,0,0
"MtrElec",3,4,6,"",188.432,0,0,0,0,0,0,0,0,0,0,0,0,0,0,0,0,0,0,0,0,188.432,0,0,0
"MtrElec",3,4,7,"",260.741,0,0,0,0,0,0,0,0,0,0,0,0,0,0,0,0,0,0,0,0,260.741,0,0,0
"MtrElec",3,4,8,"",244.202,0,0,0,0,0,0,0,0,0,0,0,0,0,0,0,0,0,0,0,0,293.784,0,0,-49.5812
"MtrElec",3,4,9,"",92.7373,0,0,0,0,0,0,0,0,0,0,0,0,0,0,0,0,0,0,0,0,363.867,0,0,-271.13
"MtrElec",3,4,10,"",124.473,0,0,0,0,0,0,0,0,0,0,0,0,0,0,0,0,0,0,0,0,426.002,0,0,-301.529
"MtrElec",3,4,11,"",55.6307,0,0,0,0,0,0,0,0,0,0,0,0,0,0,0,0,0,0,0,0,397.808,0,0,-342.177
"MtrElec",3,4,12,"",226.767,0,0,0,0,0,0,0,0,0,0,0,0,0,0,0,0,0,0,0,0,420.103,0,0,-193.336
"MtrElec",3,4,13,"",269.142,0,0,0,0,0,0,0,0,0,0,0,0,0,0,0,0,0,0,0,0,376.062,0,0,-106.92
"MtrElec",3,4,14,"",271.104,0,0,0,0,0,0,0,0,0,0,0,0,0,0,0,0,0,0,0,0,355.398,0,0,-84.2946
"MtrElec",3,4,15,"",187.496,0,0,0,0,0,0,0,0,0,0,0,0,0,0,0,0,0,0,0,0,313.453,0,0,-125.957
"MtrElec",3,4,16,"",276.408,0,0,0,0,0,0,0,0,0,0,0,0,0,0,0,0,0,0,0,0,365.887,0,0,-89.4789
"MtrElec",3,4,17,"",350.346,0,0,0,0,0,0,0,0,0,0,0,0,0,0,0,0,0,0,0,0,362.028,0,0,-11.6819
"MtrElec",3,4,18,"",401.711,0,0,0,0,0,0,0,0,0,0,0,0,0,0,0,0,0,0,0,0,405.932,0,0,-4.22132
"MtrElec",3,4,19,"",379.048,0,0,0,0,0,0,0,0,0,0,0,0,0,0,0,0,0,0,0,0,379.048,0,0,0
"MtrElec",3,4,20,"",425.405,0,0,0,0,0,0,0,0,0,0,0,0,0,0,0,0,0,0,0,0,425.405,0,0,0
"MtrElec",3,4,21,"",442.995,0,0,0,0,0,0,0,0,0,0,0,0,0,0,0,0,0,0,0,0,442.995,0,0,0
"MtrElec",3,4,22,"",275.334,0,0,0,0,0,0,0,0,0,0,0,0,0,0,0,0,0,0,0,0,275.334,0,0,0
"MtrElec",3,4,23,"",319.193,0,0,0,0,0,0,0,0,0,0,0,0,0,0,0,0,0,0,0,0,319.193,0,0,0
"MtrElec",3,4,24,"",214.608,0,0,0,0,0,0,0,0,0,0,0,0,0,0,0,0,0,0,0,0,214.608,0,0,0
"MtrElec",3,5,1,"",169.171,0,0,0,0,0,0,0,0,0,0,0,0,0,0,0,0,0,0,0,0,169.171,0,0,0
"MtrElec",3,5,2,"",166.136,0,0,0,0,0,0,0,0,0,0,0,0,0,0,0,0,0,0,0,0,166.136,0,0,0
"MtrElec",3,5,3,"",178.915,0,0,0,0,0,0,0,0,0,0,0,0,0,0,0,0,0,0,0,0,178.915,0,0,0
"MtrElec",3,5,4,"",181.624,0,0,0,0,0,0,0,0,0,0,0,0,0,0,0,0,0,0,0,0,181.624,0,0,0
"MtrElec",3,5,5,"",160.323,0,0,0,0,0,0,0,0,0,0,0,0,0,0,0,0,0,0,0,0,160.323,0,0,0
"MtrElec",3,5,6,"",162.511,0,0,0,0,0,0,0,0,0,0,0,0,0,0,0,0,0,0,0,0,162.511,0,0,0
"MtrElec",3,5,7,"",249.059,0,0,0,0,0,0,0,0,0,0,0,0,0,0,0,0,0,0,0,0,249.059,0,0,0
"MtrElec",3,5,8,"",306.628,0,0,0,0,0,0,0,0,0,0,0,0,0,0,0,0,0,0,0,0,306.628,0,0,0
"MtrElec",3,5,9,"",393.392,0,0,0,0,0,0,0,0,0,0,0,0,0,0,0,0,0,0,0,0,398.511,0,0,-5.11815
"MtrElec",3,5,10,"",424.304,0,0,0,0,0,0,0,0,0,0,0,0,0,0,0,0,0,0,0,0,475.591,0,0,-51.2869
"MtrElec",3,5,11,"",109.003,0,0,0,0,0,0,0,0,0,0,0,0,0,0,0,0,0,0,0,0,432.253,0,0,-323.25
"MtrElec",3,5,12,"",306.706,0,0,0,0,0,0,0,0,0,0,0,0,0,0,0,0,0,0,0,0,395.18,0,0,-88.4745
"MtrElec",3,5,13,"",48.7658,0,0,0,0,0,0,0,0,0,0,0,0,0,0,0,0,0,0,0,0,413.459,0,0,-364.693
"MtrElec",3,5,14,"",173.265,0,0,0,0,0,0,0,0,0,0,0,0,0,0,0,0,0,0,0,0,352.795,0,0,-179.53
"MtrElec",3,5,15,"",179.498,0,0,0,0,0,0,0,0,0,0,0,0,0,0,0,0,0,0,0,0,348.816,0,0,-169.318
"MtrElec",3,5,16,"",148.961,0,0,0,0,0,0,0,0,0,0,0,0,0,0,0,0,0,0,0,0,348.908,0,0,-199.948
"MtrElec",3,5,17,"",203.857,0,0,0,0,0,0,0,0,0,0,0,0,0,0,0,0,0,0,0,0,392.239,0,0,-188.383
"MtrElec",3,5,18,"",431.937,0,0,0,0,0,0,0,0,0,0,0,0,0,0,0,0,0,0,0,0,458.551,0,0,-26.6138
"MtrElec",3,5,19,"",411.047,0,0,0,0,0,0,0,0,0,0,0,0,0,0,0,0,0,0,0,0,411.047,0,0,0
"MtrElec",3,5,20,"",426.862,0,0,0,0,0,0,0,0,0,0,0,0,0,0,0,0,0,0,0,0,426.862,0,0,0
"MtrElec",3,5,21,"",370.05,0,0,0,0,0,0,0,0,0,0,0,0,0,0,0,0,0,0,0,0,370.05,0,0,0
"MtrElec",3,5,22,"",351.225,0,0,0,0,0,0,0,0,0,0,0,0,0,0,0,0,0,0,0,0,351.225,0,0,0
"MtrElec",3,5,23,"",292.609,0,0,0,0,0,0,0,0,0,0,0,0,0,0,0,0,0,0,0,0,292.609,0,0,0
"MtrElec",3,5,24,"",236.404,0,0,0,0,0,0,0,0,0,0,0,0,0,0,0,0,0,0,0,0,236.404,0,0,0
"MtrElec",3,6,1,"",177.024,0,0,0,0,0,0,0,0,0,0,0,0,0,0,0,0,0,0,0,0,177.024,0,0,0
"MtrElec",3,6,2,"",168.694,0,0,0,0,0,0,0,0,0,0,0,0,0,0,0,0,0,0,0,0,168.694,0,0,0
"MtrElec",3,6,3,"",167.136,0,0,0,0,0,0,0,0,0,0,0,0,0,0,0,0,0,0,0,0,167.136,0,0,0
"MtrElec",3,6,4,"",174.336,0,0,0,0,0,0,0,0,0,0,0,0,0,0,0,0,0,0,0,0,174.336,0,0,0
"MtrElec",3,6,5,"",224.537,0,0,0,0,0,0,0,0,0,0,0,0,0,0,0,0,0,0,0,0,224.537,0,0,0
"MtrElec",3,6,6,"",170.866,0,0,0,0,0,0,0,0,0,0,0,0,0,0,0,0,0,0,0,0,170.866,0,0,0
"MtrElec",3,6,7,"",247.512,0,0,0,0,0,0,0,0,0,0,0,0,0,0,0,0,0,0,0,0,267.051,0,0,-19.5394
"MtrElec",3,6,8,"",157.476,0,0,0,0,0,0,0,0,0,0,0,0,0,0,0,0,0,0,0,0,312.026,0,0,-154.55
"MtrElec",3,6,9,"",101.688,0,0,0,0,0,0,0,0,0,0,0,0,0,0,0,0,0,0,0,0,371.002,0,0,-269.314
"MtrElec",3,6,10,"",102.248,0,0,0,0,0,0,0,0,0,0,0,0,0,0,0,0,0,0,0,0,442.5,0,0,-340.252
"MtrElec",3,6,11,"",19.5291,0,0,0,0,0,0,0,0,0,0,0,0,0,0,0,0,0,0,0,0,459.486,0,0,-439.957
"MtrElec",3,6,12,"",0,0,0,0,0,0,0,0,0,0,0,0,0,0,0,0,0,0,0,0,0,393.669,0,76.5433,-470.212
"MtrElec",3,6,13,"",325.843,0,0,0,0,0,0,0,0,0,0,0,0,0,0,0,0,0,0,0,0,413.248,0,0,-87.4051
"MtrElec",3,6,14,"",282.913,0,0,0,0,0,0,0,0,0,0,0,0,0,0,0,0,0,0,0,0,352.914,0,0,-70.0017
"MtrElec",3,6,15,"",84.1703,0,0,0,0,0,0,0,0,0,0,0,0,0,0,0,0,0,0,0,0,326.406,0,0,-242.236
"MtrElec",3,6,16,"",124.959,0,0,0,0,0,0,0,0,0,0,0,0,0,0,0,0,0,0,0,0,380.976,0,0,-256.017
"MtrElec",3,6,17,"",149.095,0,0,0,0,0,0,0,0,0,0,0,0,0,0,0,0,0,0,0,0,353.866,0,0,-204.771
"MtrElec",3,6,18,"",402.951,0,0,0,0,0,0,0,0,0,0,0,0,0,0,0,0,0,0,0,0,432.103,0,0,-29.152
"MtrElec",3,6,19,"",337.824,0,0,0,0,0,0,0,0,0,0,0,0,0,0,0,0,0,0,0,0,406.905,0,-69.0803,0
"MtrElec",3,6,20,"",425.661,0,0,0,0,0,0,0,0,0,0,0,0,0,0,0,0,0,0,0,0,425.661,0,0,0
"MtrElec",3,6,21,"",470.479,0,0,0,0,0,0,0,0,0,0,0,0,0,0,0,0,0,0,0,0,470.479,0,0,0
"MtrElec",3,6,22,"",298.601,0,0,0,0,0,0,0,0,0,0,0,0,0,0,0,0,0,0,0,0,298.601,0,0,0
"MtrElec",3,6,23,"",319.279,0,0,0,0,0,0,0,0,0,0,0,0,0,0,0,0,0,0,0,0,319.279,0,0,0
"MtrElec",3,6,24,"",243.441,0,0,0,0,0,0,0,0,0,0,0,0,0,0,0,0,0,0,0,0,243.441,0,0,0
"MtrElec",3,7,1,"",173.724,0,0,0,0,0,0,0,0,0,0,0,0,0,0,0,0,0,0,0,0,173.724,0,0,0
"MtrElec",3,7,2,"",176.215,0,0,0,0,0,0,0,0,0,0,0,0,0,0,0,0,0,0,0,0,176.215,0,0,0
"MtrElec",3,7,3,"",172.483,0,0,0,0,0,0,0,0,0,0,0,0,0,0,0,0,0,0,0,0,172.483,0,0,0
"MtrElec",3,7,4,"",170.037,0,0,0,0,0,0,0,0,0,0,0,0,0,0,0,0,0,0,0,0,170.037,0,0,0
"MtrElec",3,7,5,"",220.239,0,0,0,0,0,0,0,0,0,0,0,0,0,0,0,0,0,0,0,0,220.239,0,0,0
"MtrElec",3,7,6,"",174.411,0,0,0,0,0,0,0,0,0,0,0,0,0,0,0,0,0,0,0,0,174.411,0,0,0
"MtrElec",3,7,7,"",174.672,0,0,0,0,0,0,0,0,0,0,0,0,0,0,0,0,0,0,0,0,184.576,0,0,-9.90415
"MtrElec",3,7,8,"",151.353,0,0,0,0,0,0,0,0,0,0,0,0,0,0,0,0,0,0,0,0,268.284,0,0,-116.93
"MtrElec",3,7,9,"",-110.436,0,0,0,0,0,0,0,0,0,0,0,0,0,0,0,0,0,0,0,0,280.705,0,0,-391.141
"MtrElec",3,7,10,"",-56.4792,0,0,0,0,0,0,0,0,0,0,0,0,0,0,0,0,0,0,0,0,365.133,0,0,-421.612
"MtrElec",3,7,11,"",47.2957,0,0,0,0,0,0,0,0,0,0,0,0,0,0,0,0,0,0,0,0,450.884,0,0,-403.588
"MtrElec",3,7,12,"",235.876,0,0,0,0,0,0,0,0,0,0,0,0,0,0,0,0,0,0,0,0,476.045,0,0,-240.169
"MtrElec",3,7,13,"",233.793,0,0,0,0,0,0,0,0,0,0,0,0,0,0,0,0,0,0,0,0,451.764,0,0,-217.971
"MtrElec",3,7,14,"",302.292,0,0,0,0,0,0,0,0,0,0,0,0,0,0,0,0,0,0,0,0,456.456,0,0,-154.164
"MtrElec",3,7,15,"",319.964,0,0,0,0,0,0,0,0,0,0,0,0,0,0,0,0,0,0,0,0,380.812,0,0,-60.8477
"MtrElec",3,7,16,"",324.711,0,0,0,0,0,0,0,0,0,0,0,0,0,0,0,0,0,0,0,0,390.127,0,0,-65.4159
"MtrElec",3,7,17,"",281.857,0,0,0,0,0,0,0,0,0,0,0,0,0,0,0,0,0,0,0,0,352.116,0,0,-70.2591
"MtrElec",3,7,18,"",406.483,0,0,0,0,0,0,0,0,0,0,0,0,0,0,0,0,0,0,0,0,411.439,0,0,-4.95666
"MtrElec",3,7,19,"",425.784,0,0,0,0,0,0,0,0,0,0,0,0,0,0,0,0,0,0,0,0,425.784,0,0,0
"MtrElec",3,7,20,"",411.156,0,0,0,0,0,0,0,0,0,0,0,0,0,0,0,0,0,0,0,0,411.156,0,0,0
"MtrElec",3,7,21,"",352.941,0,0,0,0,0,0,0,0,0,0,0,0,0,0,0,0,0,0,0,0,352.941,0,0,0
"MtrElec",3,7,22,"",314.372,0,0,0,0,0,0,0,0,0,0,0,0,0,0,0,0,0,0,0,0,314.372,0,0,0
"MtrElec",3,7,23,"",246.058,0,0,0,0,0,0,0,0,0,0,0,0,0,0,0,0,0,0,0,0,246.058,0,0,0
"MtrElec",3,7,24,"",208.252,0,0,0,0,0,0,0,0,0,0,0,0,0,0,0,0,0,0,0,0,208.252,0,0,0
"MtrElec",3,8,1,"",218.14,0,0,0,0,0,0,0,0,0,0,0,0,0,0,0,0,0,0,0,0,218.14,0,0,0
"MtrElec",3,8,2,"",155.972,0,0,0,0,0,0,0,0,0,0,0,0,0,0,0,0,0,0,0,0,155.972,0,0,0
"MtrElec",3,8,4,"",156.014,0,0,0,0,0,0,0,0,0,0,0,0,0,0,0,0,0,0,0,0,156.014,0,0,0
"MtrElec",3,8,5,"",153.683,0,0,0,0,0,0,0,0,0,0,0,0,0,0,0,0,0,0,0,0,153.683,0,0,0
"MtrElec",3,8,6,"",160.274,0,0,0,0,0,0,0,0,0,0,0,0,0,0,0,0,0,0,0,0,160.274,0,0,0
"MtrElec",3,8,7,"",183.651,0,0,0,0,0,0,0,0,0,0,0,0,0,0,0,0,0,0,0,0,183.651,0,0,0
"MtrElec",3,8,8,"",278.972,0,0,0,0,0,0,0,0,0,0,0,0,0,0,0,0,0,0,0,0,280.271,0,0,-1.29889
"MtrElec",3,8,9,"",270.365,0,0,0,0,0,0,0,0,0,0,0,0,0,0,0,0,0,0,0,0,289.864,0,0,-19.4989
"MtrElec",3,8,10,"",298.27,0,0,0,0,0,0,0,0,0,0,0,0,0,0,0,0,0,0,0,0,311.684,0,0,-13.414
"MtrElec",3,8,11,"",324.35,0,0,0,0,0,0,0,0,0,0,0,0,0,0,0,0,0,0,0,0,370.241,0,0,-45.8909
"MtrElec",3,8,12,"",315.756,0,0,0,0,0,0,0,0,0,0,0,0,0,0,0,0,0,0,0,0,391.85,0,0,-76.0942
"MtrElec",3,8,13,"",255.384,0,0,0,0,0,0,0,0,0,0,0,0,0,0,0,0,0,0,0,0,388.725,0,0,-133.34
"MtrElec",3,8,14,"",136.012,0,0,0,0,0,0,0,0,0,0,0,0,0,0,0,0,0,0,0,0,365.229,0,0,-229.216
"MtrElec",3,8,15,"",22.0514,0,0,0,0,0,0,0,0,0,0,0,0,0,0,0,0,0,0,0,0,381.747,0,0,-359.695
"MtrElec",3,8,16,"",96.074,0,0,0,0,0,0,0,0,0,0,0,0,0,0,0,0,0,0,0,0,292.815,0,0,-196.741
"MtrElec",3,8,17,"",48.0126,0,0,0,0,0,0,0,0,0,0,0,0,0,0,0,0,0,0,0,0,386.415,0,0,-338.402
"MtrElec",3,8,18,"",131.286,0,0,0,0,0,0,0,0,0,0,0,0,0,0,0,0,0,0,0,0,347.219,0,0,-215.933
"MtrElec",3,8,19,"",345.162,0,0,0,0,0,0,0,0,0,0,0,0,0,0,0,0,0,0,0,0,375.707,0,0,-30.5458
"MtrElec",3,8,20,"",353.74,0,0,0,0,0,0,0,0,0,0,0,0,0,0,0,0,0,0,0,0,353.74,0,0,0
"MtrElec",3,8,21,"",280.79,0,0,0,0,0,0,0,0,0,0,0,0,0,0,0,0,0,0,0,0,280.79,0,0,0
"MtrElec",3,8,22,"",331.262,0,0,0,0,0,0,0,0,0,0,0,0,0,0,0,0,0,0,0,0,331.262,0,0,0
"MtrElec",3,8,23,"",236.39,0,0,0,0,0,0,0,0,0,0,0,0,0,0,0,0,0,0,0,0,236.39,0,0,0
"MtrElec",3,8,24,"",227.558,0,0,0,0,0,0,0,0,0,0,0,0,0,0,0,0,0,0,0,0,227.558,0,0,0
"MtrElec",3,9,1,"",164.89,0,0,0,0,0,0,0,0,0,0,0,0,0,0,0,0,0,0,0,0,164.89,0,0,0
"MtrElec",3,9,2,"",163.042,0,0,0,0,0,0,0,0,0,0,0,0,0,0,0,0,0,0,0,0,163.042,0,0,0
"MtrElec",3,9,3,"",158.405,0,0,0,0,0,0,0,0,0,0,0,0,0,0,0,0,0,0,0,0,158.405,0,0,0
"MtrElec",3,9,4,"",170.437,0,0,0,0,0,0,0,0,0,0,0,0,0,0,0,0,0,0,0,0,170.437,0,0,0
"MtrElec",3,9,5,"",218.455,0,0,0,0,0,0,0,0,0,0,0,0,0,0,0,0,0,0,0,0,218.455,0,0,0
"MtrElec",3,9,6,"",166.98,0,0,0,0,0,0,0,0,0,0,0,0,0,0,0,0,0,0,0,0,166.98,0,0,0
"MtrElec",3,9,7,"",247.704,0,0,0,0,0,0,0,0,0,0,0,0,0,0,0,0,0,0,0,0,247.704,0,0,0
"MtrElec",3,9,8,"",288.053,0,0,0,0,0,0,0,0,0,0,0,0,0,0,0,0,0,0,0,0,321.509,0,0,-33.4562
"MtrElec",3,9,9,"",207.848,0,0,0,0,0,0,0,0,0,0,0,0,0,0,0,0,0,0,0,0,364.724,0,0,-156.875
"MtrElec",3,9,10,"",172.288,0,0,0,0,0,0,0,0,0,0,0,0,0,0,0,0,0,0,0,0,406.846,0,0,-234.558
"MtrElec",3,9,11,"",0,0,0,0,0,0,0,0,0,0,0,0,0,0,0,0,0,0,0,0,0,355.934,0,72.7338,-428.668
"MtrElec",3,9,12,"",0,0,0,0,0,0,0,0,0,0,0,0,0,0,0,0,0,0,0,0,0,383.934,0,67.0612,-450.995
"MtrElec",3,9,13,"",-1.3625,0,0,0,0,0,0,0,0,0,0,0,0,0,0,0,0,0,0,0,0,351.945,0,223.217,-576.524
"MtrElec",3,9,14,"",-110.028,0,0,0,0,0,0,0,0,0,0,0,0,0,0,0,0,0,0,0,0,375.789,0,223.217,-709.034
"MtrElec",3,9,15,"",-102.502,0,0,0,0,0,0,0,0,0,0,0,0,0,0,0,0,0,0,0,0,341.582,0,212.653,-656.737
"MtrElec",3,9,16,"",-172.398,0,0,0,0,0,0,0,0,0,0,0,0,0,0,0,0,0,0,0,0,386.909,0,0,-559.308
"MtrElec",3,9,17,"",-34.8909,0,0,0,0,0,0,0,0,0,0,0,0,0,0,0,0,0,0,0,0,351.85,0,0,-386.741
"MtrElec",3,9,18,"",301.77,0,0,0,0,0,0,0,0,0,0,0,0,0,0,0,0,0,0,0,0,465.842,0,0,-164.072
"MtrElec",3,9,19,"",150.755,0,0,0,0,0,0,0,0,0,0,0,0,0,0,0,0,0,0,0,0,398.337,0,-223.217,-24.3645
"MtrElec",3,9,20,"",143.626,0,0,0,0,0,0,0,0,0,0,0,0,0,0,0,0,0,0,0,0,366.843,0,-223.217,0
"MtrElec",3,9,21,"",161.372,0,0,0,0,0,0,0,0,0,0,0,0,0,0,0,0,0,0,0,0,384.589,0,-223.217,0
"MtrElec",3,9,22,"",228.225,0,0,0,0,0,0,0,0,0,0,0,0,0,0,0,0,0,0,0,0,279.565,0,-51.3398,0
"MtrElec",3,9,23,"",261.83,0,0,0,0,0,0,0,0,0,0,0,0,0,0,0,0,0,0,0,0,261.83,0,0,0
"MtrElec",3,9,24,"",252.378,0,0,0,0,0,0,0,0,0,0,0,0,0,0,0,0,0,0,0,0,252.378,0,0,0
"MtrElec",3,10,1,"",217.897,0,0,0,0,0,0,0,0,0,0,0,0,0,0,0,0,0,0,0,0,217.897,0,0,0
"MtrElec",3,10,2,"",157.774,0,0,0,0,0,0,0,0,0,0,0,0,0,0,0,0,0,0,0,0,157.774,0,0,0
"MtrElec",3,10,3,"",158.257,0,0,0,0,0,0,0,0,0,0,0,0,0,0,0,0,0,0,0,0,158.257,0,0,0
"MtrElec",3,10,4,"",159.78,0,0,0,0,0,0,0,0,0,0,0,0,0,0,0,0,0,0,0,0,159.78,0,0,0
"MtrElec",3,10,5,"",157.813,0,0,0,0,0,0,0,0,0,0,0,0,0,0,0,0,0,0,0,0,157.813,0,0,0
"MtrElec",3,10,6,"",169.346,0,0,0,0,0,0,0,0,0,0,0,0,0,0,0,0,0,0,0,0,169.346,0,0,0
"MtrElec",3,10,7,"",266.843,0,0,0,0,0,0,0,0,0,0,0,0,0,0,0,0,0,0,0,0,266.843,0,0,0
"MtrElec",3,10,8,"",283.878,0,0,0,0,0,0,0,0,0,0,0,0,0,0,0,0,0,0,0,0,321.514,0,0,-37.6364
"MtrElec",3,10,9,"",169.18,0,0,0,0,0,0,0,0,0,0,0,0,0,0,0,0,0,0,0,0,380.617,0,0,-211.437
"MtrElec",3,10,10,"",18.0311,0,0,0,0,0,0,0,0,0,0,0,0,0,0,0,0,0,0,0,0,424.767,0,0,-406.736
"MtrElec",3,10,11,"",0.0000078,0,0,0,0,0,0,0,0,0,0,0,0,0,0,0,0,0,0,0,0,447.407,0,98.667,-546.074
"MtrElec",3,10,12,"",0.0000156,0,0,0,0,0,0,0,0,0,0,0,0,0,0,0,0,0,0,0,0,426.129,0,218.97,-645.099
"MtrElec",3,10,13,"",-20.9059,0,0,0,0,0,0,0,0,0,0,0,0,0,0,0,0,0,0,0,0,444.725,0,223.217,-688.847
"MtrElec",3,10,14,"",-103.969,0,0,0,0,0,0,0,0,0,0,0,0,0,0,0,0,0,0,0,0,344.81,0,223.217,-671.996
"MtrElec",3,10,15,"",-214.214,0,0,0,0,0,0,0,0,0,0,0,0,0,0,0,0,0,0,0,0,397.767,0,34.8107,-646.791
"MtrElec",3,10,16,"",-204.098,0,0,0,0,0,0,0,0,0,0,0,0,0,0,0,0,0,0,0,0,354.975,0,0,-559.073
"MtrElec",3,10,17,"",1.15784,0,0,0,0,0,0,0,0,0,0,0,0,0,0,0,0,0,0,0,0,411.084,0,0,-409.927
"MtrElec",3,10,18,"",223.753,0,0,0,0,0,0,0,0,0,0,0,0,0,0,0,0,0,0,0,0,438.648,0,0,-214.895
"MtrElec",3,10,19,"",124.164,0,0,0,0,0,0,0,0,0,0,0,0,0,0,0,0,0,0,0,0,378.123,0,-223.217,-30.7419
"MtrElec",3,10,20,"",210.876,0,0,0,0,0,0,0,0,0,0,0,0,0,0,0,0,0,0,0,0,434.092,0,-223.217,0
"MtrElec",3,10,21,"",174.291,0,0,0,0,0,0,0,0,0,0,0,0,0,0,0,0,0,0,0,0,397.507,0,-223.217,0
"MtrElec",3,10,22,"",277.987,0,0,0,0,0,0,0,0,0,0,0,0,0,0,0,0,0,0,0,0,329.326,0,-51.3398,0
"MtrElec",3,10,23,"",250.697,0,0,0,0,0,0,0,0,0,0,0,0,0,0,0,0,0,0,0,0,250.697,0,0,0
"MtrElec",3,10,24,"",240.513,0,0,0,0,0,0,0,0,0,0,0,0,0,0,0,0,0,0,0,0,240.513,0,0,0
"MtrElec",3,11,1,"",162.341,0,0,0,0,0,0,0,0,0,0,0,0,0,0,0,0,0,0,0,0,162.341,0,0,0
"MtrElec",3,11,2,"",155.351,0,0,0,0,0,0,0,0,0,0,0,0,0,0,0,0,0,0,0,0,155.351,0,0,0
"MtrElec",3,11,3,"",147.773,0,0,0,0,0,0,0,0,0,0,0,0,0,0,0,0,0,0,0,0,147.773,0,0,0
"MtrElec",3,11,4,"",150.172,0,0,0,0,0,0,0,0,0,0,0,0,0,0,0,0,0,0,0,0,150.172,0,0,0
"MtrElec",3,11,5,"",146.673,0,0,0,0,0,0,0,0,0,0,0,0,0,0,0,0,0,0,0,0,146.673,0,0,0
"MtrElec",3,11,6,"",177.573,0,0,0,0,0,0,0,0,0,0,0,0,0,0,0,0,0,0,0,0,177.573,0,0,0
"MtrElec",3,11,7,"",271.927,0,0,0,0,0,0,0,0,0,0,0,0,0,0,0,0,0,0,0,0,271.927,0,0,0
"MtrElec",3,11,8,"",274.452,0,0,0,0,0,0,0,0,0,0,0,0,0,0,0,0,0,0,0,0,304.972,0,0,-30.5193
"MtrElec",3,11,9,"",208.002,0,0,0,0,0,0,0,0,0,0,0,0,0,0,0,0,0,0,0,0,376.403,0,0,-168.402
"MtrElec",3,11,10,"",31.9713,0,0,0,0,0,0,0,0,0,0,0,0,0,0,0,0,0,0,0,0,435.471,0,0,-403.5
"MtrElec",3,11,11,"",0,0,0,0,0,0,0,0,0,0,0,0,0,0,0,0,0,0,0,0,0,393.914,0,159.882,-553.796
"MtrElec",3,11,12,"",0.0000156,0,0,0,0,0,0,0,0,0,0,0,0,0,0,0,0,0,0,0,0,434.969,0,200.635,-635.605
"MtrElec",3,11,13,"",-3.26262,0,0,0,0,0,0,0,0,0,0,0,0,0,0,0,0,0,0,0,0,451.276,0,223.217,-677.755
"MtrElec",3,11,14,"",-81.1358,0,0,0,0,0,0,0,0,0,0,0,0,0,0,0,0,0,0,0,0,394.02,0,215.148,-690.304
"MtrElec",3,11,15,"",-277.177,0,0,0,0,0,0,0,0,0,0,0,0,0,0,0,0,0,0,0,0,371.029,0,0,-648.206
"MtrElec",3,11,16,"",-146.999,0,0,0,0,0,0,0,0,0,0,0,0,0,0,0,0,0,0,0,0,402.967,0,0,-549.966
"MtrElec",3,11,17,"",-12.6582,0,0,0,0,0,0,0,0,0,0,0,0,0,0,0,0,0,0,0,0,386.81,0,0,-399.469
"MtrElec",3,11,18,"",269.469,0,0,0,0,0,0,0,0,0,0,0,0,0,0,0,0,0,0,0,0,477.488,0,0,-208.019
"MtrElec",3,11,19,"",184.209,0,0,0,0,0,0,0,0,0,0,0,0,0,0,0,0,0,0,0,0,437.952,0,-223.217,-30.526
"MtrElec",3,11,20,"",176.311,0,0,0,0,0,0,0,0,0,0,0,0,0,0,0,0,0,0,0,0,399.527,0,-223.217,0
"MtrElec",3,11,21,"",159.915,0,0,0,0,0,0,0,0,0,0,0,0,0,0,0,0,0,0,0,0,383.132,0,-223.217,0
"MtrElec",3,11,22,"",213.721,0,0,0,0,0,0,0,0,0,0,0,0,0,0,0,0,0,0,0,0,265.061,0,-51.3398,0
"MtrElec",3,11,23,"",273.294,0,0,0,0,0,0,0,0,0,0,0,0,0,0,0,0,0,0,0,0,273.294,0,0,0
"MtrElec",3,11,24,"",198.851,0,0,0,0,0,0,0,0,0,0,0,0,0,0,0,0,0,0,0,0,198.851,0,0,0
"MtrElec",3,12,1,"",212.429,0,0,0,0,0,0,0,0,0,0,0,0,0,0,0,0,0,0,0,0,212.429,0,0,0
"MtrElec",3,12,2,"",160.082,0,0,0,0,0,0,0,0,0,0,0,0,0,0,0,0,0,0,0,0,160.082,0,0,0
"MtrElec",3,12,3,"",146.997,0,0,0,0,0,0,0,0,0,0,0,0,0,0,0,0,0,0,0,0,146.997,0,0,0
"MtrElec",3,12,4,"",147.482,0,0,0,0,0,0,0,0,0,0,0,0,0,0,0,0,0,0,0,0,147.482,0,0,0
"MtrElec",3,12,5,"",143.498,0,0,0,0,0,0,0,0,0,0,0,0,0,0,0,0,0,0,0,0,143.498,0,0,0
"MtrElec",3,12,6,"",159.991,0,0,0,0,0,0,0,0,0,0,0,0,0,0,0,0,0,0,0,0,159.991,0,0,0
"MtrElec",3,12,7,"",254.266,0,0,0,0,0,0,0,0,0,0,0,0,0,0,0,0,0,0,0,0,254.266,0,0,0
"MtrElec",3,12,8,"",255.298,0,0,0,0,0,0,0,0,0,0,0,0,0,0,0,0,0,0,0,0,296.139,0,0,-40.8407
"MtrElec",3,12,9,"",155.327,0,0,0,0,0,0,0,0,0,0,0,0,0,0,0,0,0,0,0,0,362.533,0,0,-207.206
"MtrElec",3,12,10,"",-0.884594,0,0,0,0,0,0,0,0,0,0,0,0,0,0,0,0,0,0,0,0,403.178,0,0,-404.063
"MtrElec",3,12,11,"",0,0,0,0,0,0,0,0,0,0,0,0,0,0,0,0,0,0,0,0,0,442.131,0,81.1329,-523.264
"MtrElec",3,12,12,"",0.0000156,0,0,0,0,0,0,0,0,0,0,0,0,0,0,0,0,0,0,0,0,380.437,0,192.295,-572.731
"MtrElec",3,12,13,"",-19.1603,0,0,0,0,0,0,0,0,0,0,0,0,0,0,0,0,0,0,0,0,383.658,0,223.217,-626.035
"MtrElec",3,12,14,"",0,0,0,0,0,0,0,0,0,0,0,0,0,0,0,0,0,0,0,0,0,411.856,0,156.967,-568.822
"MtrElec",3,12,15,"",-30.5422,0,0,0,0,0,0,0,0,0,0,0,0,0,0,0,0,0,0,0,0,368.661,0,145.27,-544.473
"MtrElec",3,12,16,"",-89.9963,0,0,0,0,0,0,0,0,0,0,0,0,0,0,0,0,0,0,0,0,424.828,0,0,-514.825
"MtrElec",3,12,17,"",85.2213,0,0,0,0,0,0,0,0,0,0,0,0,0,0,0,0,0,0,0,0,423.539,0,0,-338.317
"MtrElec",3,12,18,"",317.453,0,0,0,0,0,0,0,0,0,0,0,0,0,0,0,0,0,0,0,0,441.927,0,0,-124.474
"MtrElec",3,12,19,"",144.46,0,0,0,0,0,0,0,0,0,0,0,0,0,0,0,0,0,0,0,0,395.876,0,-223.217,-28.1997
"MtrElec",3,12,20,"",233.894,0,0,0,0,0,0,0,0,0,0,0,0,0,0,0,0,0,0,0,0,457.111,0,-223.217,0
"MtrElec",3,12,21,"",158.018,0,0,0,0,0,0,0,0,0,0,0,0,0,0,0,0,0,0,0,0,381.235,0,-223.217,0
"MtrElec",3,12,22,"",238.672,0,0,0,0,0,0,0,0,0,0,0,0,0,0,0,0,0,0,0,0,290.012,0,-51.3398,0
"MtrElec",3,12,23,"",262.59,0,0,0,0,0,0,0,0,0,0,0,0,0,0,0,0,0,0,0,0,262.59,0,0,0
"MtrElec",3,12,24,"",209.543,0,0,0,0,0,0,0,0,0,0,0,0,0,0,0,0,0,0,0,0,209.543,0,0,0
"MtrElec",3,13,1,"",165.784,0,0,0,0,0,0,0,0,0,0,0,0,0,0,0,0,0,0,0,0,165.784,0,0,0
"MtrElec",3,13,2,"",152.774,0,0,0,0,0,0,0,0,0,0,0,0,0,0,0,0,0,0,0,0,152.774,0,0,0
"MtrElec",3,13,3,"",149.918,0,0,0,0,0,0,0,0,0,0,0,0,0,0,0,0,0,0,0,0,149.918,0,0,0
"MtrElec",3,13,4,"",150.824,0,0,0,0,0,0,0,0,0,0,0,0,0,0,0,0,0,0,0,0,150.824,0,0,0
"MtrElec",3,13,5,"",147.736,0,0,0,0,0,0,0,0,0,0,0,0,0,0,0,0,0,0,0,0,147.736,0,0,0
"MtrElec",3,13,6,"",193.062,0,0,0,0,0,0,0,0,0,0,0,0,0,0,0,0,0,0,0,0,193.062,0,0,0
"MtrElec",3,13,7,"",225.342,0,0,0,0,0,0,0,0,0,0,0,0,0,0,0,0,0,0,0,0,225.342,0,0,0
"MtrElec",3,13,8,"",283.223,0,0,0,0,0,0,0,0,0,0,0,0,0,0,0,0,0,0,0,0,295.78,0,0,-12.5574
"MtrElec",3,13,9,"",253.307,0,0,0,0,0,0,0,0,0,0,0,0,0,0,0,0,0,0,0,0,345.96,0,0,-92.6529
"MtrElec",3,13,10,"",44.7892,0,0,0,0,0,0,0,0,0,0,0,0,0,0,0,0,0,0,0,0,394.993,0,0,-350.204
"MtrElec",3,13,11,"",0,0,0,0,0,0,0,0,0,0,0,0,0,0,0,0,0,0,0,0,0,363.963,0,168.135,-532.098
"MtrElec",3,13,12,"",0,0,0,0,0,0,0,0,0,0,0,0,0,0,0,0,0,0,0,0,0,416.854,0,209.561,-626.416
"MtrElec",3,13,13,"",-61.5015,0,0,0,0,0,0,0,0,0,0,0,0,0,0,0,0,0,0,0,0,405.761,0,223.217,-690.48
"MtrElec",3,13,14,"",-127.401,0,0,0,0,0,0,0,0,0,0,0,0,0,0,0,0,0,0,0,0,369.852,0,197.968,-695.221
"MtrElec",3,13,15,"",-304.759,0,0,0,0,0,0,0,0,0,0,0,0,0,0,0,0,0,0,0,0,337.615,0,0,-642.374
"MtrElec",3,13,16,"",-157.009,0,0,0,0,0,0,0,0,0,0,0,0,0,0,0,0,0,0,0,0,386.09,0,0,-543.099
"MtrElec",3,13,17,"",-5.44616,0,0,0,0,0,0,0,0,0,0,0,0,0,0,0,0,0,0,0,0,391.925,0,0,-397.371
"MtrElec",3,13,18,"",204.921,0,0,0,0,0,0,0,0,0,0,0,0,0,0,0,0,0,0,0,0,415.817,0,0,-210.896
"MtrElec",3,13,19,"",131.674,0,0,0,0,0,0,0,0,0,0,0,0,0,0,0,0,0,0,0,0,387.165,0,-223.217,-32.2748
"MtrElec",3,13,20,"",215.325,0,0,0,0,0,0,0,0,0,0,0,0,0,0,0,0,0,0,0,0,438.542,0,-223.217,0
"MtrElec",3,13,21,"",161.492,0,0,0,0,0,0,0,0,0,0,0,0,0,0,0,0,0,0,0,0,384.709,0,-223.217,0
"MtrElec",3,13,22,"",241.739,0,0,0,0,0,0,0,0,0,0,0,0,0,0,0,0,0,0,0,0,293.079,0,-51.3398,0
"MtrElec",3,13,23,"",288.518,0,0,0,0,0,0,0,0,0,0,0,0,0,0,0,0,0,0,0,0,288.518,0,0,0
"MtrElec",3,13,24,"",203.827,0,0,0,0,0,0,0,0,0,0,0,0,0,0,0,0,0,0,0,0,203.827,0,0,0
"MtrElec",3,14,1,"",167.868,0,0,0,0,0,0,0,0,0,0,0,0,0,0,0,0,0,0,0,0,167.868,0,0,0
"MtrElec",3,14,2,"",157.579,0,0,0,0,0,0,0,0,0,0,0,0,0,0,0,0,0,0,0,0,157.579,0,0,0
"MtrElec",3,14,3,"",191.567,0,0,0,0,0,0,0,0,0,0,0,0,0,0,0,0,0,0,0,0,191.567,0,0,0
"MtrElec",3,14,4,"",150.103,0,0,0,0,0,0,0,0,0,0,0,0,0,0,0,0,0,0,0,0,150.103,0,0,0
"MtrElec",3,14,5,"",153.7,0,0,0,0,0,0,0,0,0,0,0,0,0,0,0,0,0,0,0,0,153.7,0,0,0
"MtrElec",3,14,6,"",152.967,0,0,0,0,0,0,0,0,0,0,0,0,0,0,0,0,0,0,0,0,152.967,0,0,0
"MtrElec",3,14,7,"",192.035,0,0,0,0,0,0,0,0,0,0,0,0,0,0,0,0,0,0,0,0,192.035,0,0,0
"MtrElec",3,14,8,"",234.798,0,0,0,0,0,0,0,0,0,0,0,0,0,0,0,0,0,0,0,0,275.702,0,0,-40.9046
"MtrElec",3,14,9,"",77.5167,0,0,0,0,0,0,0,0,0,0,0,0,0,0,0,0,0,0,0,0,287.751,0,0,-210.234
"MtrElec",3,14,10,"",-17.7052,0,0,0,0,0,0,0,0,0,0,0,0,0,0,0,0,0,0,0,0,380.013,0,0,-397.719
"MtrElec",3,14,11,"",0,0,0,0,0,0,0,0,0,0,0,0,0,0,0,0,0,0,0,0,0,456.111,0,79.8337,-535.945
"MtrElec",3,14,12,"",0.0000156,0,0,0,0,0,0,0,0,0,0,0,0,0,0,0,0,0,0,0,0,471.892,0,148.506,-620.399
"MtrElec",3,14,13,"",0.0000078,0,0,0,0,0,0,0,0,0,0,0,0,0,0,0,0,0,0,0,0,549.976,0,129.667,-679.643
"MtrElec",3,14,14,"",0.0000156,0,0,0,0,0,0,0,0,0,0,0,0,0,0,0,0,0,0,0,0,469.988,0,218.224,-688.212
"MtrElec",3,14,15,"",0.0000078,0,0,0,0,0,0,0,0,0,0,0,0,0,0,0,0,0,0,0,0,537.941,0,104.594,-642.535
"MtrElec",3,14,16,"",0.0000078,0,0,0,0,0,0,0,0,0,0,0,0,0,0,0,0,0,0,0,0,471.203,0,75.0549,-546.258
"MtrElec",3,14,17,"",33.6708,0,0,0,0,0,0,0,0,0,0,0,0,0,0,0,0,0,0,0,0,430.868,0,0,-397.197
"MtrElec",3,14,18,"",293,0,0,0,0,0,0,0,0,0,0,0,0,0,0,0,0,0,0,0,0,502.885,0,0,-209.885
"MtrElec",3,14,19,"",236.924,0,0,0,0,0,0,0,0,0,0,0,0,0,0,0,0,0,0,0,0,492.911,0,-223.217,-32.7698
"MtrElec",3,14,20,"",153.449,0,0,0,0,0,0,0,0,0,0,0,0,0,0,0,0,0,0,0,0,376.666,0,-223.217,0
"MtrElec",3,14,21,"",62.5212,0,0,0,0,0,0,0,0,0,0,0,0,0,0,0,0,0,0,0,0,285.738,0,-223.217,0
"MtrElec",3,14,22,"",287.95,0,0,0,0,0,0,0,0,0,0,0,0,0,0,0,0,0,0,0,0,300.481,0,-12.5314,0
"MtrElec",3,14,23,"",236.727,0,0,0,0,0,0,0,0,0,0,0,0,0,0,0,0,0,0,0,0,236.727,0,0,0
"MtrElec",3,14,24,"",190.406,0,0,0,0,0,0,0,0,0,0,0,0,0,0,0,0,0,0,0,0,190.406,0,0,0
"MtrElec",3,15,1,"",155.986,0,0,0,0,0,0,0,0,0,0,0,0,0,0,0,0,0,0,0,0,155.986,0,0,0
"MtrElec",3,15,2,"",154.303,0,0,0,0,0,0,0,0,0,0,0,0,0,0,0,0,0,0,0,0,154.303,0,0,0
"MtrElec",3,15,3,"",149.353,0,0,0,0,0,0,0,0,0,0,0,0,0,0,0,0,0,0,0,0,149.353,0,0,0
"MtrElec",3,15,4,"",150.869,0,0,0,0,0,0,0,0,0,0,0,0,0,0,0,0,0,0,0,0,150.869,0,0,0
"MtrElec",3,15,5,"",161.106,0,0,0,0,0,0,0,0,0,0,0,0,0,0,0,0,0,0,0,0,161.106,0,0,0
"MtrElec",3,15,6,"",151.873,0,0,0,0,0,0,0,0,0,0,0,0,0,0,0,0,0,0,0,0,151.873,0,0,0
"MtrElec",3,15,7,"",209.269,0,0,0,0,0,0,0,0,0,0,0,0,0,0,0,0,0,0,0,0,209.269,0,0,0
"MtrElec",3,15,8,"",189.986,0,0,0,0,0,0,0,0,0,0,0,0,0,0,0,0,0,0,0,0,198.874,0,0,-8.88736
"MtrElec",3,15,9,"",229.991,0,0,0,0,0,0,0,0,0,0,0,0,0,0,0,0,0,0,0,0,292.339,0,0,-62.348
"MtrElec",3,15,10,"",40.0767,0,0,0,0,0,0,0,0,0,0,0,0,0,0,0,0,0,0,0,0,298.829,0,0,-258.752
"MtrElec",3,15,11,"",0,0,0,0,0,0,0,0,0,0,0,0,0,0,0,0,0,0,0,0,0,360.213,0,199.036,-559.248
"MtrElec",3,15,12,"",-46.9547,0,0,0,0,0,0,0,0,0,0,0,0,0,0,0,0,0,0,0,0,381.634,0,223.217,-651.806
"MtrElec",3,15,13,"",-71.4017,0,0,0,0,0,0,0,0,0,0,0,0,0,0,0,0,0,0,0,0,403.274,0,223.217,-697.893
"MtrElec",3,15,14,"",-181.842,0,0,0,0,0,0,0,0,0,0,0,0,0,0,0,0,0,0,0,0,359.609,0,153.412,-694.863
"MtrElec",3,15,15,"",-297.458,0,0,0,0,0,0,0,0,0,0,0,0,0,0,0,0,0,0,0,0,346.779,0,0,-644.237
"MtrElec",3,15,16,"",-186.728,0,0,0,0,0,0,0,0,0,0,0,0,0,0,0,0,0,0,0,0,366.88,0,0,-553.608
"MtrElec",3,15,17,"",-76.1055,0,0,0,0,0,0,0,0,0,0,0,0,0,0,0,0,0,0,0,0,329.443,0,0,-405.549
"MtrElec",3,15,18,"",117.794,0,0,0,0,0,0,0,0,0,0,0,0,0,0,0,0,0,0,0,0,333.211,0,0,-215.417
"MtrElec",3,15,19,"",129.277,0,0,0,0,0,0,0,0,0,0,0,0,0,0,0,0,0,0,0,0,385.783,0,-223.217,-33.2896
"MtrElec",3,15,20,"",122.58,0,0,0,0,0,0,0,0,0,0,0,0,0,0,0,0,0,0,0,0,345.797,0,-223.217,0
"MtrElec",3,15,21,"",116.041,0,0,0,0,0,0,0,0,0,0,0,0,0,0,0,0,0,0,0,0,339.258,0,-223.217,0
"MtrElec",3,15,22,"",233.806,0,0,0,0,0,0,0,0,0,0,0,0,0,0,0,0,0,0,0,0,285.146,0,-51.3398,0
"MtrElec",3,15,23,"",254.52,0,0,0,0,0,0,0,0,0,0,0,0,0,0,0,0,0,0,0,0,254.52,0,0,0
"MtrElec",3,15,24,"",213.748,0,0,0,0,0,0,0,0,0,0,0,0,0,0,0,0,0,0,0,0,213.748,0,0,0
"MtrElec",3,16,1,"",173.651,0,0,0,0,0,0,0,0,0,0,0,0,0,0,0,0,0,0,0,0,173.651,0,0,0
"MtrElec",3,16,2,"",153.12,0,0,0,0,0,0,0,0,0,0,0,0,0,0,0,0,0,0,0,0,153.12,0,0,0
"MtrElec",3,16,3,"",146.703,0,0,0,0,0,0,0,0,0,0,0,0,0,0,0,0,0,0,0,0,146.703,0,0,0
"MtrElec",3,16,4,"",184.303,0,0,0,0,0,0,0,0,0,0,0,0,0,0,0,0,0,0,0,0,184.303,0,0,0
"MtrElec",3,16,5,"",145.11,0,0,0,0,0,0,0,0,0,0,0,0,0,0,0,0,0,0,0,0,145.11,0,0,0
"MtrElec",3,16,6,"",152.371,0,0,0,0,0,0,0,0,0,0,0,0,0,0,0,0,0,0,0,0,152.371,0,0,0
"MtrElec",3,16,7,"",225.52,0,0,0,0,0,0,0,0,0,0,0,0,0,0,0,0,0,0,0,0,225.52,0,0,0
"MtrElec",3,16,8,"",290.796,0,0,0,0,0,0,0,0,0,0,0,0,0,0,0,0,0,0,0,0,306.658,0,0,-15.8628
"MtrElec",3,16,9,"",265.058,0,0,0,0,0,0,0,0,0,0,0,0,0,0,0,0,0,0,0,0,351.515,0,0,-86.4569
"MtrElec",3,16,10,"",176.847,0,0,0,0,0,0,0,0,0,0,0,0,0,0,0,0,0,0,0,0,445.721,0,0,-268.874
"MtrElec",3,16,11,"",0,0,0,0,0,0,0,0,0,0,0,0,0,0,0,0,0,0,0,0,0,448.707,0,99.9683,-548.675
"MtrElec",3,16,12,"",-60.3674,0,0,0,0,0,0,0,0,0,0,0,0,0,0,0,0,0,0,0,0,367.337,0,223.217,-650.922
"MtrElec",3,16,13,"",-22.3242,0,0,0,0,0,0,0,0,0,0,0,0,0,0,0,0,0,0,0,0,460.24,0,223.217,-705.781
"MtrElec",3,16,14,"",-93.5872,0,0,0,0,0,0,0,0,0,0,0,0,0,0,0,0,0,0,0,0,397.681,0,223.217,-714.486
"MtrElec",3,16,15,"",-292.672,0,0,0,0,0,0,0,0,0,0,0,0,0,0,0,0,0,0,0,0,347.813,0,29.2625,-669.748
"MtrElec",3,16,16,"",-184.635,0,0,0,0,0,0,0,0,0,0,0,0,0,0,0,0,0,0,0,0,378.075,0,0,-562.71
"MtrElec",3,16,17,"",-14.5905,0,0,0,0,0,0,0,0,0,0,0,0,0,0,0,0,0,0,0,0,394.744,0,0,-409.334
"MtrElec",3,16,18,"",225.07,0,0,0,0,0,0,0,0,0,0,0,0,0,0,0,0,0,0,0,0,438.351,0,0,-213.281
"MtrElec",3,16,19,"",160.381,0,0,0,0,0,0,0,0,0,0,0,0,0,0,0,0,0,0,0,0,417.533,0,-223.217,-33.9355
"MtrElec",3,16,20,"",161.526,0,0,0,0,0,0,0,0,0,0,0,0,0,0,0,0,0,0,0,0,384.743,0,-223.217,0
"MtrElec",3,16,21,"",188.959,0,0,0,0,0,0,0,0,0,0,0,0,0,0,0,0,0,0,0,0,412.176,0,-223.217,0
"MtrElec",3,16,22,"",248.123,0,0,0,0,0,0,0,0,0,0,0,0,0,0,0,0,0,0,0,0,299.463,0,-51.3398,0
"MtrElec",3,16,23,"",309.085,0,0,0,0,0,0,0,0,0,0,0,0,0,0,0,0,0,0,0,0,309.085,0,0,0
"MtrElec",3,16,24,"",217.659,0,0,0,0,0,0,0,0,0,0,0,0,0,0,0,0,0,0,0,0,217.659,0,0,0
"MtrElec",3,17,1,"",172.269,0,0,0,0,0,0,0,0,0,0,0,0,0,0,0,0,0,0,0,0,172.269,0,0,0
"MtrElec",3,17,2,"",152.085,0,0,0,0,0,0,0,0,0,0,0,0,0,0,0,0,0,0,0,0,152.085,0,0,0
"MtrElec",3,17,3,"",149.795,0,0,0,0,0,0,0,0,0,0,0,0,0,0,0,0,0,0,0,0,149.795,0,0,0
"MtrElec",3,17,4,"",151.115,0,0,0,0,0,0,0,0,0,0,0,0,0,0,0,0,0,0,0,0,151.115,0,0,0
"MtrElec",3,17,5,"",148.127,0,0,0,0,0,0,0,0,0,0,0,0,0,0,0,0,0,0,0,0,148.127,0,0,0
"MtrElec",3,17,6,"",190.205,0,0,0,0,0,0,0,0,0,0,0,0,0,0,0,0,0,0,0,0,190.205,0,0,0
"MtrElec",3,17,7,"",231.497,0,0,0,0,0,0,0,0,0,0,0,0,0,0,0,0,0,0,0,0,231.497,0,0,0
"MtrElec",3,17,8,"",272.46,0,0,0,0,0,0,0,0,0,0,0,0,0,0,0,0,0,0,0,0,304.764,0,0,-32.3037
"MtrElec",3,17,9,"",197.247,0,0,0,0,0,0,0,0,0,0,0,0,0,0,0,0,0,0,0,0,355.681,0,0,-158.435
"MtrElec",3,17,10,"",12.6551,0,0,0,0,0,0,0,0,0,0,0,0,0,0,0,0,0,0,0,0,428.705,0,0,-416.05
"MtrElec",3,17,11,"",0,0,0,0,0,0,0,0,0,0,0,0,0,0,0,0,0,0,0,0,0,383.739,0,187.713,-571.452
"MtrElec",3,17,12,"",-33.4684,0,0,0,0,0,0,0,0,0,0,0,0,0,0,0,0,0,0,0,0,412.323,0,223.217,-669.008
"MtrElec",3,17,13,"",-40.235,0,0,0,0,0,0,0,0,0,0,0,0,0,0,0,0,0,0,0,0,453.897,0,223.217,-717.348
"MtrElec",3,17,14,"",-179.963,0,0,0,0,0,0,0,0,0,0,0,0,0,0,0,0,0,0,0,0,374.882,0,164.735,-719.58
"MtrElec",3,17,15,"",-314.68,0,0,0,0,0,0,0,0,0,0,0,0,0,0,0,0,0,0,0,0,352.389,0,0,-667.068
"MtrElec",3,17,16,"",-175.404,0,0,0,0,0,0,0,0,0,0,0,0,0,0,0,0,0,0,0,0,393.897,0,0,-569.302
"MtrElec",3,17,17,"",-11.9768,0,0,0,0,0,0,0,0,0,0,0,0,0,0,0,0,0,0,0,0,401.947,0,0,-413.923
"MtrElec",3,17,18,"",242.58,0,0,0,0,0,0,0,0,0,0,0,0,0,0,0,0,0,0,0,0,457.698,0,0,-215.117
"MtrElec",3,17,19,"",143.248,0,0,0,0,0,0,0,0,0,0,0,0,0,0,0,0,0,0,0,0,402.711,0,-223.217,-36.2462
"MtrElec",3,17,20,"",221.856,0,0,0,0,0,0,0,0,0,0,0,0,0,0,0,0,0,0,0,0,445.073,0,-223.217,0
"MtrElec",3,17,21,"",158.776,0,0,0,0,0,0,0,0,0,0,0,0,0,0,0,0,0,0,0,0,381.992,0,-223.217,0
"MtrElec",3,17,22,"",237.049,0,0,0,0,0,0,0,0,0,0,0,0,0,0,0,0,0,0,0,0,288.389,0,-51.3398,0
"MtrElec",3,17,23,"",206.609,0,0,0,0,0,0,0,0,0,0,0,0,0,0,0,0,0,0,0,0,206.609,0,0,0
"MtrElec",3,17,24,"",215.486,0,0,0,0,0,0,0,0,0,0,0,0,0,0,0,0,0,0,0,0,215.486,0,0,0
"MtrElec",3,18,1,"",157.862,0,0,0,0,0,0,0,0,0,0,0,0,0,0,0,0,0,0,0,0,157.862,0,0,0
"MtrElec",3,18,2,"",150.778,0,0,0,0,0,0,0,0,0,0,0,0,0,0,0,0,0,0,0,0,150.778,0,0,0
"MtrElec",3,18,3,"",147.007,0,0,0,0,0,0,0,0,0,0,0,0,0,0,0,0,0,0,0,0,147.007,0,0,0
"MtrElec",3,18,4,"",147.722,0,0,0,0,0,0,0,0,0,0,0,0,0,0,0,0,0,0,0,0,147.722,0,0,0
"MtrElec",3,18,5,"",145.71,0,0,0,0,0,0,0,0,0,0,0,0,0,0,0,0,0,0,0,0,145.71,0,0,0
"MtrElec",3,18,6,"",197.699,0,0,0,0,0,0,0,0,0,0,0,0,0,0,0,0,0,0,0,0,197.699,0,0,0
"MtrElec",3,18,7,"",210.956,0,0,0,0,0,0,0,0,0,0,0,0,0,0,0,0,0,0,0,0,210.956,0,0,0
"MtrElec",3,18,8,"",257.083,0,0,0,0,0,0,0,0,0,0,0,0,0,0,0,0,0,0,0,0,304.294,0,0,-47.2105
"MtrElec",3,18,9,"",147.683,0,0,0,0,0,0,0,0,0,0,0,0,0,0,0,0,0,0,0,0,371.657,0,0,-223.974
"MtrElec",3,18,10,"",53.1292,0,0,0,0,0,0,0,0,0,0,0,0,0,0,0,0,0,0,0,0,470.531,0,0,-417.401
"MtrElec",3,18,11,"",0,0,0,0,0,0,0,0,0,0,0,0,0,0,0,0,0,0,0,0,0,472.332,0,97.9577,-570.29
"MtrElec",3,18,12,"",-6.54962,0,0,0,0,0,0,0,0,0,0,0,0,0,0,0,0,0,0,0,0,431.817,0,223.217,-661.583
"MtrElec",3,18,13,"",-22.443,0,0,0,0,0,0,0,0,0,0,0,0,0,0,0,0,0,0,0,0,443.728,0,223.217,-689.388
"MtrElec",3,18,14,"",-32.7316,0,0,0,0,0,0,0,0,0,0,0,0,0,0,0,0,0,0,0,0,411.729,0,223.217,-667.678
"MtrElec",3,18,15,"",-197.86,0,0,0,0,0,0,0,0,0,0,0,0,0,0,0,0,0,0,0,0,406.048,0,31.2732,-635.181
"MtrElec",3,18,16,"",-139.381,0,0,0,0,0,0,0,0,0,0,0,0,0,0,0,0,0,0,0,0,411.74,0,0,-551.121
"MtrElec",3,18,17,"",17.5088,0,0,0,0,0,0,0,0,0,0,0,0,0,0,0,0,0,0,0,0,423.917,0,0,-406.409
"MtrElec",3,18,18,"",252.121,0,0,0,0,0,0,0,0,0,0,0,0,0,0,0,0,0,0,0,0,465.921,0,0,-213.8
"MtrElec",3,18,19,"",188.279,0,0,0,0,0,0,0,0,0,0,0,0,0,0,0,0,0,0,0,0,446.246,0,-223.217,-34.7505
"MtrElec",3,18,20,"",196.746,0,0,0,0,0,0,0,0,0,0,0,0,0,0,0,0,0,0,0,0,419.963,0,-223.217,0
"MtrElec",3,18,21,"",153.071,0,0,0,0,0,0,0,0,0,0,0,0,0,0,0,0,0,0,0,0,376.287,0,-223.217,0
"MtrElec",3,18,22,"",270.425,0,0,0,0,0,0,0,0,0,0,0,0,0,0,0,0,0,0,0,0,321.765,0,-51.3398,0
"MtrElec",3,18,23,"",358.466,0,0,0,0,0,0,0,0,0,0,0,0,0,0,0,0,0,0,0,0,358.466,0,0,0
"MtrElec",3,18,24,"",231.431,0,0,0,0,0,0,0,0,0,0,0,0,0,0,0,0,0,0,0,0,231.431,0,0,0
"MtrElec",3,19,1,"",158.909,0,0,0,0,0,0,0,0,0,0,0,0,0,0,0,0,0,0,0,0,158.909,0,0,0
"MtrElec",3,19,2,"",152.693,0,0,0,0,0,0,0,0,0,0,0,0,0,0,0,0,0,0,0,0,152.693,0,0,0
"MtrElec",3,19,3,"",146.48,0,0,0,0,0,0,0,0,0,0,0,0,0,0,0,0,0,0,0,0,146.48,0,0,0
"MtrElec",3,19,4,"",147.935,0,0,0,0,0,0,0,0,0,0,0,0,0,0,0,0,0,0,0,0,147.935,0,0,0
"MtrElec",3,19,5,"",188.595,0,0,0,0,0,0,0,0,0,0,0,0,0,0,0,0,0,0,0,0,188.595,0,0,0
"MtrElec",3,19,6,"",152.362,0,0,0,0,0,0,0,0,0,0,0,0,0,0,0,0,0,0,0,0,152.362,0,0,0
"MtrElec",3,19,7,"",258.74,0,0,0,0,0,0,0,0,0,0,0,0,0,0,0,0,0,0,0,0,258.74,0,0,0
"MtrElec",3,19,8,"",246.729,0,0,0,0,0,0,0,0,0,0,0,0,0,0,0,0,0,0,0,0,295.233,0,0,-48.5039
"MtrElec",3,19,9,"",155.09,0,0,0,0,0,0,0,0,0,0,0,0,0,0,0,0,0,0,0,0,378.901,0,0,-223.811
"MtrElec",3,19,10,"",15.797,0,0,0,0,0,0,0,0,0,0,0,0,0,0,0,0,0,0,0,0,420.454,0,0,-404.657
"MtrElec",3,19,11,"",0.0000078,0,0,0,0,0,0,0,0,0,0,0,0,0,0,0,0,0,0,0,0,424.658,0,124.592,-549.25
"MtrElec",3,19,12,"",-0.348687,0,0,0,0,0,0,0,0,0,0,0,0,0,0,0,0,0,0,0,0,408.986,0,223.217,-632.551
"MtrElec",3,19,13,"",-8.71278,0,0,0,0,0,0,0,0,0,0,0,0,0,0,0,0,0,0,0,0,453.299,0,223.217,-685.229
"MtrElec",3,19,14,"",-34.1822,0,0,0,0,0,0,0,0,0,0,0,0,0,0,0,0,0,0,0,0,364.894,0,223.217,-622.293
"MtrElec",3,19,15,"",3.44291,0,0,0,0,0,0,0,0,0,0,0,0,0,0,0,0,0,0,0,0,427.804,0,0,-424.361
"MtrElec",3,19,16,"",-149.722,0,0,0,0,0,0,0,0,0,0,0,0,0,0,0,0,0,0,0,0,376.161,0,4.63885,-530.522
"MtrElec",3,19,17,"",53.558,0,0,0,0,0,0,0,0,0,0,0,0,0,0,0,0,0,0,0,0,453.931,0,0,-400.373
"MtrElec",3,19,18,"",227.491,0,0,0,0,0,0,0,0,0,0,0,0,0,0,0,0,0,0,0,0,438.832,0,0,-211.341
"MtrElec",3,19,19,"",179.666,0,0,0,0,0,0,0,0,0,0,0,0,0,0,0,0,0,0,0,0,437.518,0,-223.217,-34.6351
"MtrElec",3,19,20,"",166.398,0,0,0,0,0,0,0,0,0,0,0,0,0,0,0,0,0,0,0,0,389.615,0,-223.217,0
"MtrElec",3,19,21,"",210.48,0,0,0,0,0,0,0,0,0,0,0,0,0,0,0,0,0,0,0,0,433.697,0,-223.217,0
"MtrElec",3,19,22,"",232.497,0,0,0,0,0,0,0,0,0,0,0,0,0,0,0,0,0,0,0,0,283.837,0,-51.3398,0
"MtrElec",3,19,23,"",291.366,0,0,0,0,0,0,0,0,0,0,0,0,0,0,0,0,0,0,0,0,291.366,0,0,0
"MtrElec",3,19,24,"",204.313,0,0,0,0,0,0,0,0,0,0,0,0,0,0,0,0,0,0,0,0,204.313,0,0,0
"MtrElec",3,20,1,"",158.144,0,0,0,0,0,0,0,0,0,0,0,0,0,0,0,0,0,0,0,0,158.144,0,0,0
"MtrElec",3,20,2,"",174.233,0,0,0,0,0,0,0,0,0,0,0,0,0,0,0,0,0,0,0,0,174.233,0,0,0
"MtrElec",3,20,3,"",165.5,0,0,0,0,0,0,0,0,0,0,0,0,0,0,0,0,0,0,0,0,165.5,0,0,0
"MtrElec",3,20,4,"",149.635,0,0,0,0,0,0,0,0,0,0,0,0,0,0,0,0,0,0,0,0,149.635,0,0,0
"MtrElec",3,20,5,"",147.177,0,0,0,0,0,0,0,0,0,0,0,0,0,0,0,0,0,0,0,0,147.177,0,0,0
"MtrElec",3,20,6,"",162.829,0,0,0,0,0,0,0,0,0,0,0,0,0,0,0,0,0,0,0,0,162.829,0,0,0
"MtrElec",3,20,7,"",272.652,0,0,0,0,0,0,0,0,0,0,0,0,0,0,0,0,0,0,0,0,272.652,0,0,0
"MtrElec",3,20,8,"",262.25,0,0,0,0,0,0,0,0,0,0,0,0,0,0,0,0,0,0,0,0,304.709,0,0,-42.4592
"MtrElec",3,20,9,"",195.592,0,0,0,0,0,0,0,0,0,0,0,0,0,0,0,0,0,0,0,0,374.441,0,0,-178.85
"MtrElec",3,20,10,"",-28.1704,0,0,0,0,0,0,0,0,0,0,0,0,0,0,0,0,0,0,0,0,417.878,0,0,-446.048
"MtrElec",3,20,11,"",0,0,0,0,0,0,0,0,0,0,0,0,0,0,0,0,0,0,0,0,0,385.428,0,219.124,-604.553
"MtrElec",3,20,12,"",-47.8898,0,0,0,0,0,0,0,0,0,0,0,0,0,0,0,0,0,0,0,0,435.853,0,223.217,-706.96
"MtrElec",3,20,13,"",-99.2897,0,0,0,0,0,0,0,0,0,0,0,0,0,0,0,0,0,0,0,0,425.422,0,223.217,-747.929
"MtrElec",3,20,14,"",-235.678,0,0,0,0,0,0,0,0,0,0,0,0,0,0,0,0,0,0,0,0,379.14,0,133.324,-748.141
"MtrElec",3,20,15,"",-277.129,0,0,0,0,0,0,0,0,0,0,0,0,0,0,0,0,0,0,0,0,409.412,0,0,-686.541
"MtrElec",3,20,16,"",-159.265,0,0,0,0,0,0,0,0,0,0,0,0,0,0,0,0,0,0,0,0,416.544,0,0,-575.809
"MtrElec",3,20,17,"",19.1183,0,0,0,0,0,0,0,0,0,0,0,0,0,0,0,0,0,0,0,0,444.54,0,0,-425.422
"MtrElec",3,20,18,"",190.054,0,0,0,0,0,0,0,0,0,0,0,0,0,0,0,0,0,0,0,0,418.093,0,0,-228.039
"MtrElec",3,20,19,"",196.217,0,0,0,0,0,0,0,0,0,0,0,0,0,0,0,0,0,0,0,0,456.374,0,-223.217,-36.9397
"MtrElec",3,20,20,"",170.585,0,0,0,0,0,0,0,0,0,0,0,0,0,0,0,0,0,0,0,0,393.802,0,-223.217,0
"MtrElec",3,20,21,"",236.637,0,0,0,0,0,0,0,0,0,0,0,0,0,0,0,0,0,0,0,0,459.854,0,-223.217,0
"MtrElec",3,20,22,"",234.525,0,0,0,0,0,0,0,0,0,0,0,0,0,0,0,0,0,0,0,0,285.865,0,-51.3398,0
"MtrElec",3,20,23,"",278.046,0,0,0,0,0,0,0,0,0,0,0,0,0,0,0,0,0,0,0,0,278.046,0,0,0
"MtrElec",3,20,24,"",199.392,0,0,0,0,0,0,0,0,0,0,0,0,0,0,0,0,0,0,0,0,199.392,0,0,0
"MtrElec",3,21,1,"",156.077,0,0,0,0,0,0,0,0,0,0,0,0,0,0,0,0,0,0,0,0,156.077,0,0,0
"MtrElec",3,21,2,"",153.851,0,0,0,0,0,0,0,0,0,0,0,0,0,0,0,0,0,0,0,0,153.851,0,0,0
"MtrElec",3,21,3,"",148.953,0,0,0,0,0,0,0,0,0,0,0,0,0,0,0,0,0,0,0,0,148.953,0,0,0
"MtrElec",3,21,4,"",149.682,0,0,0,0,0,0,0,0,0,0,0,0,0,0,0,0,0,0,0,0,149.682,0,0,0
"MtrElec",3,21,5,"",191.855,0,0,0,0,0,0,0,0,0,0,0,0,0,0,0,0,0,0,0,0,191.855,0,0,0
"MtrElec",3,21,6,"",176.391,0,0,0,0,0,0,0,0,0,0,0,0,0,0,0,0,0,0,0,0,176.391,0,0,0
"MtrElec",3,21,7,"",167.546,0,0,0,0,0,0,0,0,0,0,0,0,0,0,0,0,0,0,0,0,167.546,0,0,0
"MtrElec",3,21,8,"",210.302,0,0,0,0,0,0,0,0,0,0,0,0,0,0,0,0,0,0,0,0,261.593,0,0,-51.2909
"MtrElec",3,21,9,"",87.8895,0,0,0,0,0,0,0,0,0,0,0,0,0,0,0,0,0,0,0,0,284.933,0,0,-197.043
"MtrElec",3,21,10,"",-80.4989,0,0,0,0,0,0,0,0,0,0,0,0,0,0,0,0,0,0,0,0,361.298,0,0,-441.797
"MtrElec",3,21,11,"",0,0,0,0,0,0,0,0,0,0,0,0,0,0,0,0,0,0,0,0,0,460.103,0,133.873,-593.976
"MtrElec",3,21,12,"",-40.1554,0,0,0,0,0,0,0,0,0,0,0,0,0,0,0,0,0,0,0,0,426.108,0,223.217,-689.48
"MtrElec",3,21,13,"",-36.4459,0,0,0,0,0,0,0,0,0,0,0,0,0,0,0,0,0,0,0,0,472.093,0,223.217,-731.756
"MtrElec",3,21,14,"",-117.354,0,0,0,0,0,0,0,0,0,0,0,0,0,0,0,0,0,0,0,0,386.483,0,218.575,-722.411
"MtrElec",3,21,15,"",-246.958,0,0,0,0,0,0,0,0,0,0,0,0,0,0,0,0,0,0,0,0,423.689,0,0,-670.646
"MtrElec",3,21,16,"",-146.748,0,0,0,0,0,0,0,0,0,0,0,0,0,0,0,0,0,0,0,0,424.491,0,0,-571.239
"MtrElec",3,21,17,"",-21.546,0,0,0,0,0,0,0,0,0,0,0,0,0,0,0,0,0,0,0,0,398.354,0,0,-419.9
"MtrElec",3,21,18,"",201.111,0,0,0,0,0,0,0,0,0,0,0,0,0,0,0,0,0,0,0,0,426.262,0,0,-225.151
"MtrElec",3,21,19,"",229.984,0,0,0,0,0,0,0,0,0,0,0,0,0,0,0,0,0,0,0,0,491.423,0,-223.217,-38.2222
"MtrElec",3,21,20,"",114.534,0,0,0,0,0,0,0,0,0,0,0,0,0,0,0,0,0,0,0,0,337.751,0,-223.217,0
"MtrElec",3,21,21,"",135.044,0,0,0,0,0,0,0,0,0,0,0,0,0,0,0,0,0,0,0,0,358.261,0,-223.217,0
"MtrElec",3,21,22,"",237.412,0,0,0,0,0,0,0,0,0,0,0,0,0,0,0,0,0,0,0,0,288.752,0,-51.3398,0
"MtrElec",3,21,23,"",254.504,0,0,0,0,0,0,0,0,0,0,0,0,0,0,0,0,0,0,0,0,254.504,0,0,0
"MtrElec",3,21,24,"",198.028,0,0,0,0,0,0,0,0,0,0,0,0,0,0,0,0,0,0,0,0,198.028,0,0,0
"MtrElec",3,22,1,"",157.728,0,0,0,0,0,0,0,0,0,0,0,0,0,0,0,0,0,0,0,0,157.728,0,0,0
"MtrElec",3,22,2,"",151.828,0,0,0,0,0,0,0,0,0,0,0,0,0,0,0,0,0,0,0,0,151.828,0,0,0
"MtrElec",3,22,3,"",147.426,0,0,0,0,0,0,0,0,0,0,0,0,0,0,0,0,0,0,0,0,147.426,0,0,0
"MtrElec",3,22,4,"",149.935,0,0,0,0,0,0,0,0,0,0,0,0,0,0,0,0,0,0,0,0,149.935,0,0,0
"MtrElec",3,22,5,"",152.935,0,0,0,0,0,0,0,0,0,0,0,0,0,0,0,0,0,0,0,0,152.935,0,0,0
"MtrElec",3,22,6,"",192.932,0,0,0,0,0,0,0,0,0,0,0,0,0,0,0,0,0,0,0,0,192.932,0,0,0
"MtrElec",3,22,7,"",161.874,0,0,0,0,0,0,0,0,0,0,0,0,0,0,0,0,0,0,0,0,161.874,0,0,0
"MtrElec",3,22,8,"",202.217,0,0,0,0,0,0,0,0,0,0,0,0,0,0,0,0,0,0,0,0,256.305,0,0,-54.0881
"MtrElec",3,22,9,"",57.3336,0,0,0,0,0,0,0,0,0,0,0,0,0,0,0,0,0,0,0,0,300.437,0,0,-243.103
"MtrElec",3,22,10,"",-89.2414,0,0,0,0,0,0,0,0,0,0,0,0,0,0,0,0,0,0,0,0,345.851,0,0,-435.093
"MtrElec",3,22,11,"",0.0000156,0,0,0,0,0,0,0,0,0,0,0,0,0,0,0,0,0,0,0,0,366.232,0,213.897,-580.129
"MtrElec",3,22,12,"",-6.12022,0,0,0,0,0,0,0,0,0,0,0,0,0,0,0,0,0,0,0,0,431.636,0,223.217,-660.973
"MtrElec",3,22,13,"",-97.7739,0,0,0,0,0,0,0,0,0,0,0,0,0,0,0,0,0,0,0,0,393.195,0,223.217,-714.185
"MtrElec",3,22,14,"",-218.999,0,0,0,0,0,0,0,0,0,0,0,0,0,0,0,0,0,0,0,0,371.749,0,138.551,-729.299
"MtrElec",3,22,15,"",-326.202,0,0,0,0,0,0,0,0,0,0,0,0,0,0,0,0,0,0,0,0,347.642,0,0,-673.844
"MtrElec",3,22,16,"",-211.538,0,0,0,0,0,0,0,0,0,0,0,0,0,0,0,0,0,0,0,0,355.815,0,0,-567.353
"MtrElec",3,22,17,"",-61.2691,0,0,0,0,0,0,0,0,0,0,0,0,0,0,0,0,0,0,0,0,355.644,0,0,-416.913
"MtrElec",3,22,18,"",120.147,0,0,0,0,0,0,0,0,0,0,0,0,0,0,0,0,0,0,0,0,342.03,0,0,-221.883
"MtrElec",3,22,19,"",129.499,0,0,0,0,0,0,0,0,0,0,0,0,0,0,0,0,0,0,0,0,390.301,0,-223.217,-37.5848
"MtrElec",3,22,20,"",76.5332,0,0,0,0,0,0,0,0,0,0,0,0,0,0,0,0,0,0,0,0,299.75,0,-223.217,0
"MtrElec",3,22,21,"",122.119,0,0,0,0,0,0,0,0,0,0,0,0,0,0,0,0,0,0,0,0,345.336,0,-223.217,0
"MtrElec",3,22,22,"",250.111,0,0,0,0,0,0,0,0,0,0,0,0,0,0,0,0,0,0,0,0,301.451,0,-51.3398,0
"MtrElec",3,22,23,"",253.991,0,0,0,0,0,0,0,0,0,0,0,0,0,0,0,0,0,0,0,0,253.991,0,0,0
"MtrElec",3,22,24,"",212.212,0,0,0,0,0,0,0,0,0,0,0,0,0,0,0,0,0,0,0,0,212.212,0,0,0
"MtrElec",3,23,1,"",170.768,0,0,0,0,0,0,0,0,0,0,0,0,0,0,0,0,0,0,0,0,170.768,0,0,0
"MtrElec",3,23,2,"",157.849,0,0,0,0,0,0,0,0,0,0,0,0,0,0,0,0,0,0,0,0,157.849,0,0,0
"MtrElec",3,23,3,"",152.366,0,0,0,0,0,0,0,0,0,0,0,0,0,0,0,0,0,0,0,0,152.366,0,0,0
"MtrElec",3,23,4,"",152.746,0,0,0,0,0,0,0,0,0,0,0,0,0,0,0,0,0,0,0,0,152.746,0,0,0
"MtrElec",3,23,5,"",154.913,0,0,0,0,0,0,0,0,0,0,0,0,0,0,0,0,0,0,0,0,154.913,0,0,0
"MtrElec",3,23,6,"",205.315,0,0,0,0,0,0,0,0,0,0,0,0,0,0,0,0,0,0,0,0,205.315,0,0,0
"MtrElec",3,23,7,"",215.388,0,0,0,0,0,0,0,0,0,0,0,0,0,0,0,0,0,0,0,0,215.388,0,0,0
"MtrElec",3,23,8,"",247.794,0,0,0,0,0,0,0,0,0,0,0,0,0,0,0,0,0,0,0,0,301.983,0,0,-54.1894
"MtrElec",3,23,9,"",131.892,0,0,0,0,0,0,0,0,0,0,0,0,0,0,0,0,0,0,0,0,358.049,0,0,-226.157
"MtrElec",3,23,10,"",33.3178,0,0,0,0,0,0,0,0,0,0,0,0,0,0,0,0,0,0,0,0,417.223,0,0,-383.905
"MtrElec",3,23,11,"",0,0,0,0,0,0,0,0,0,0,0,0,0,0,0,0,0,0,0,0,0,431.042,0,71.3589,-502.401
"MtrElec",3,23,12,"",0,0,0,0,0,0,0,0,0,0,0,0,0,0,0,0,0,0,0,0,0,399.063,0,176.449,-575.512
"MtrElec",3,23,13,"",0,0,0,0,0,0,0,0,0,0,0,0,0,0,0,0,0,0,0,0,0,445.547,0,211.508,-657.055
"MtrElec",3,23,14,"",-110.146,0,0,0,0,0,0,0,0,0,0,0,0,0,0,0,0,0,0,0,0,380.174,0,223.217,-713.537
"MtrElec",3,23,15,"",-196.583,0,0,0,0,0,0,0,0,0,0,0,0,0,0,0,0,0,0,0,0,345.831,0,116.349,-658.762
"MtrElec",3,23,16,"",-153.619,0,0,0,0,0,0,0,0,0,0,0,0,0,0,0,0,0,0,0,0,403.23,0,0,-556.849
"MtrElec",3,23,17,"",4.80309,0,0,0,0,0,0,0,0,0,0,0,0,0,0,0,0,0,0,0,0,414.097,0,0,-409.294
"MtrElec",3,23,18,"",236.231,0,0,0,0,0,0,0,0,0,0,0,0,0,0,0,0,0,0,0,0,456.094,0,0,-219.863
"MtrElec",3,23,19,"",140.773,0,0,0,0,0,0,0,0,0,0,0,0,0,0,0,0,0,0,0,0,401.718,0,-223.217,-37.7282
"MtrElec",3,23,20,"",179.866,0,0,0,0,0,0,0,0,0,0,0,0,0,0,0,0,0,0,0,0,403.083,0,-223.217,0
"MtrElec",3,23,21,"",203.017,0,0,0,0,0,0,0,0,0,0,0,0,0,0,0,0,0,0,0,0,426.234,0,-223.217,0
"MtrElec",3,23,22,"",260.935,0,0,0,0,0,0,0,0,0,0,0,0,0,0,0,0,0,0,0,0,312.275,0,-51.3398,0
"MtrElec",3,23,23,"",255.171,0,0,0,0,0,0,0,0,0,0,0,0,0,0,0,0,0,0,0,0,255.171,0,0,0
"MtrElec",3,23,24,"",212.149,0,0,0,0,0,0,0,0,0,0,0,0,0,0,0,0,0,0,0,0,212.149,0,0,0
"MtrElec",3,24,1,"",177.855,0,0,0,0,0,0,0,0,0,0,0,0,0,0,0,0,0,0,0,0,177.855,0,0,0
"MtrElec",3,24,2,"",154.756,0,0,0,0,0,0,0,0,0,0,0,0,0,0,0,0,0,0,0,0,154.756,0,0,0
"MtrElec",3,24,3,"",170.221,0,0,0,0,0,0,0,0,0,0,0,0,0,0,0,0,0,0,0,0,170.221,0,0,0
"MtrElec",3,24,4,"",162.476,0,0,0,0,0,0,0,0,0,0,0,0,0,0,0,0,0,0,0,0,162.476,0,0,0
"MtrElec",3,24,5,"",142.258,0,0,0,0,0,0,0,0,0,0,0,0,0,0,0,0,0,0,0,0,142.258,0,0,0
"MtrElec",3,24,6,"",157.746,0,0,0,0,0,0,0,0,0,0,0,0,0,0,0,0,0,0,0,0,157.746,0,0,0
"MtrElec",3,24,7,"",257.504,0,0,0,0,0,0,0,0,0,0,0,0,0,0,0,0,0,0,0,0,257.504,0,0,0
"MtrElec",3,24,8,"",230.893,0,0,0,0,0,0,0,0,0,0,0,0,0,0,0,0,0,0,0,0,288.373,0,0,-57.4802
"MtrElec",3,24,9,"",161.049,0,0,0,0,0,0,0,0,0,0,0,0,0,0,0,0,0,0,0,0,362.13,0,0,-201.082
"MtrElec",3,24,10,"",106.737,0,0,0,0,0,0,0,0,0,0,0,0,0,0,0,0,0,0,0,0,444.441,0,0,-337.705
"MtrElec",3,24,11,"",0,0,0,0,0,0,0,0,0,0,0,0,0,0,0,0,0,0,0,0,0,411.426,0,74.7164,-486.142
"MtrElec",3,24,12,"",0,0,0,0,0,0,0,0,0,0,0,0,0,0,0,0,0,0,0,0,0,398.152,0,187.325,-585.477
"MtrElec",3,24,13,"",0,0,0,0,0,0,0,0,0,0,0,0,0,0,0,0,0,0,0,0,0,449.068,0,193.702,-642.771
"MtrElec",3,24,14,"",-72.3703,0,0,0,0,0,0,0,0,0,0,0,0,0,0,0,0,0,0,0,0,401.575,0,223.217,-697.162
"MtrElec",3,24,15,"",-211.366,0,0,0,0,0,0,0,0,0,0,0,0,0,0,0,0,0,0,0,0,334.35,0,119.921,-665.637
"MtrElec",3,24,16,"",-162.901,0,0,0,0,0,0,0,0,0,0,0,0,0,0,0,0,0,0,0,0,382.361,0,0,-545.262
"MtrElec",3,24,17,"",16.8433,0,0,0,0,0,0,0,0,0,0,0,0,0,0,0,0,0,0,0,0,368.999,0,0,-352.156
"MtrElec",3,24,18,"",252.343,0,0,0,0,0,0,0,0,0,0,0,0,0,0,0,0,0,0,0,0,440.565,0,0,-188.223
"MtrElec",3,24,19,"",140.269,0,0,0,0,0,0,0,0,0,0,0,0,0,0,0,0,0,0,0,0,398.381,0,-223.217,-34.8947
"MtrElec",3,24,20,"",212.701,0,0,0,0,0,0,0,0,0,0,0,0,0,0,0,0,0,0,0,0,435.918,0,-223.217,0
"MtrElec",3,24,21,"",194.644,0,0,0,0,0,0,0,0,0,0,0,0,0,0,0,0,0,0,0,0,417.861,0,-223.217,0
"MtrElec",3,24,22,"",242.508,0,0,0,0,0,0,0,0,0,0,0,0,0,0,0,0,0,0,0,0,293.848,0,-51.3398,0
"MtrElec",3,24,23,"",262.646,0,0,0,0,0,0,0,0,0,0,0,0,0,0,0,0,0,0,0,0,262.646,0,0,0
"MtrElec",3,24,24,"",167.015,0,0,0,0,0,0,0,0,0,0,0,0,0,0,0,0,0,0,0,0,167.015,0,0,0
"MtrElec",3,25,1,"",157.709,0,0,0,0,0,0,0,0,0,0,0,0,0,0,0,0,0,0,0,0,157.709,0,0,0
"MtrElec",3,25,2,"",153.052,0,0,0,0,0,0,0,0,0,0,0,0,0,0,0,0,0,0,0,0,153.052,0,0,0
"MtrElec",3,25,3,"",196.537,0,0,0,0,0,0,0,0,0,0,0,0,0,0,0,0,0,0,0,0,196.537,0,0,0
"MtrElec",3,25,4,"",153.556,0,0,0,0,0,0,0,0,0,0,0,0,0,0,0,0,0,0,0,0,153.556,0,0,0
"MtrElec",3,25,5,"",145.254,0,0,0,0,0,0,0,0,0,0,0,0,0,0,0,0,0,0,0,0,145.254,0,0,0
"MtrElec",3,25,6,"",151.029,0,0,0,0,0,0,0,0,0,0,0,0,0,0,0,0,0,0,0,0,151.029,0,0,0
"MtrElec",3,25,7,"",244.215,0,0,0,0,0,0,0,0,0,0,0,0,0,0,0,0,0,0,0,0,244.215,0,0,0
"MtrElec",3,25,8,"",277.678,0,0,0,0,0,0,0,0,0,0,0,0,0,0,0,0,0,0,0,0,298.987,0,0,-21.3088
"MtrElec",3,25,9,"",300.103,0,0,0,0,0,0,0,0,0,0,0,0,0,0,0,0,0,0,0,0,379.194,0,0,-79.0912
"MtrElec",3,25,10,"",248.136,0,0,0,0,0,0,0,0,0,0,0,0,0,0,0,0,0,0,0,0,439.211,0,0,-191.074
"MtrElec",3,25,11,"",0.0000078,0,0,0,0,0,0,0,0,0,0,0,0,0,0,0,0,0,0,0,0,438.358,0,84.9532,-523.311
"MtrElec",3,25,12,"",-22.126,0,0,0,0,0,0,0,0,0,0,0,0,0,0,0,0,0,0,0,0,419.758,0,223.217,-665.101
"MtrElec",3,25,13,"",-26.6241,0,0,0,0,0,0,0,0,0,0,0,0,0,0,0,0,0,0,0,0,462.529,0,223.217,-712.37
"MtrElec",3,25,14,"",-39.405,0,0,0,0,0,0,0,0,0,0,0,0,0,0,0,0,0,0,0,0,345.268,0,223.217,-607.89
"MtrElec",3,25,15,"",-92.8802,0,0,0,0,0,0,0,0,0,0,0,0,0,0,0,0,0,0,0,0,387.5,0,44.2777,-524.658
"MtrElec",3,25,16,"",-141.289,0,0,0,0,0,0,0,0,0,0,0,0,0,0,0,0,0,0,0,0,374.53,0,0,-515.819
"MtrElec",3,25,17,"",28.4453,0,0,0,0,0,0,0,0,0,0,0,0,0,0,0,0,0,0,0,0,446.455,0,0,-418.009
"MtrElec",3,25,18,"",166.459,0,0,0,0,0,0,0,0,0,0,0,0,0,0,0,0,0,0,0,0,393.29,0,0,-226.831
"MtrElec",3,25,19,"",142.5,0,0,0,0,0,0,0,0,0,0,0,0,0,0,0,0,0,0,0,0,407.693,0,-223.217,-41.9756
"MtrElec",3,25,20,"",156.742,0,0,0,0,0,0,0,0,0,0,0,0,0,0,0,0,0,0,0,0,379.959,0,-223.217,0
"MtrElec",3,25,21,"",173.335,0,0,0,0,0,0,0,0,0,0,0,0,0,0,0,0,0,0,0,0,396.552,0,-223.217,0
"MtrElec",3,25,22,"",244.385,0,0,0,0,0,0,0,0,0,0,0,0,0,0,0,0,0,0,0,0,295.725,0,-51.3398,0
"MtrElec",3,25,23,"",314.459,0,0,0,0,0,0,0,0,0,0,0,0,0,0,0,0,0,0,0,0,314.459,0,0,0
"MtrElec",3,25,24,"",208.945,0,0,0,0,0,0,0,0,0,0,0,0,0,0,0,0,0,0,0,0,208.945,0,0,0
"MtrElec",3,26,1,"",169.22,0,0,0,0,0,0,0,0,0,0,0,0,0,0,0,0,0,0,0,0,169.22,0,0,0
"MtrElec",3,26,2,"",152.329,0,0,0,0,0,0,0,0,0,0,0,0,0,0,0,0,0,0,0,0,152.329,0,0,0
"MtrElec",3,26,3,"",146.305,0,0,0,0,0,0,0,0,0,0,0,0,0,0,0,0,0,0,0,0,146.305,0,0,0
"MtrElec",3,26,4,"",155.197,0,0,0,0,0,0,0,0,0,0,0,0,0,0,0,0,0,0,0,0,155.197,0,0,0
"MtrElec",3,26,5,"",163.936,0,0,0,0,0,0,0,0,0,0,0,0,0,0,0,0,0,0,0,0,163.936,0,0,0
"MtrElec",3,26,6,"",183.523,0,0,0,0,0,0,0,0,0,0,0,0,0,0,0,0,0,0,0,0,183.523,0,0,0
"MtrElec",3,26,7,"",233.473,0,0,0,0,0,0,0,0,0,0,0,0,0,0,0,0,0,0,0,0,233.473,0,0,0
"MtrElec",3,26,8,"",245.041,0,0,0,0,0,0,0,0,0,0,0,0,0,0,0,0,0,0,0,0,306.122,0,0,-61.0815
"MtrElec",3,26,9,"",110.05,0,0,0,0,0,0,0,0,0,0,0,0,0,0,0,0,0,0,0,0,364.799,0,0,-254.749
"MtrElec",3,26,10,"",15.9251,0,0,0,0,0,0,0,0,0,0,0,0,0,0,0,0,0,0,0,0,460.905,0,0,-444.98
"MtrElec",3,26,11,"",0,0,0,0,0,0,0,0,0,0,0,0,0,0,0,0,0,0,0,0,0,438.651,0,140.235,-578.886
"MtrElec",3,26,12,"",-33.9757,0,0,0,0,0,0,0,0,0,0,0,0,0,0,0,0,0,0,0,0,410.467,0,223.217,-667.659
"MtrElec",3,26,13,"",-78.5343,0,0,0,0,0,0,0,0,0,0,0,0,0,0,0,0,0,0,0,0,420.041,0,223.217,-721.792
"MtrElec",3,26,14,"",-124.559,0,0,0,0,0,0,0,0,0,0,0,0,0,0,0,0,0,0,0,0,389.748,0,212.212,-726.52
"MtrElec",3,26,15,"",-333.821,0,0,0,0,0,0,0,0,0,0,0,0,0,0,0,0,0,0,0,0,341.63,0,0,-675.451
"MtrElec",3,26,16,"",-186.441,0,0,0,0,0,0,0,0,0,0,0,0,0,0,0,0,0,0,0,0,386.749,0,0,-573.19
"MtrElec",3,26,17,"",-45.3198,0,0,0,0,0,0,0,0,0,0,0,0,0,0,0,0,0,0,0,0,378.236,0,0,-423.556
"MtrElec",3,26,18,"",210.755,0,0,0,0,0,0,0,0,0,0,0,0,0,0,0,0,0,0,0,0,438.02,0,0,-227.265
"MtrElec",3,26,19,"",124.717,0,0,0,0,0,0,0,0,0,0,0,0,0,0,0,0,0,0,0,0,390.052,0,-223.217,-42.1182
"MtrElec",3,26,20,"",182.565,0,0,0,0,0,0,0,0,0,0,0,0,0,0,0,0,0,0,0,0,405.782,0,-223.217,0
"MtrElec",3,26,21,"",198.346,0,0,0,0,0,0,0,0,0,0,0,0,0,0,0,0,0,0,0,0,421.563,0,-223.217,0
"MtrElec",3,26,22,"",249.485,0,0,0,0,0,0,0,0,0,0,0,0,0,0,0,0,0,0,0,0,300.825,0,-51.3398,0
"MtrElec",3,26,23,"",271.401,0,0,0,0,0,0,0,0,0,0,0,0,0,0,0,0,0,0,0,0,271.401,0,0,0
"MtrElec",3,26,24,"",188.94,0,0,0,0,0,0,0,0,0,0,0,0,0,0,0,0,0,0,0,0,188.94,0,0,0
"MtrElec",3,27,1,"",161.497,0,0,0,0,0,0,0,0,0,0,0,0,0,0,0,0,0,0,0,0,161.497,0,0,0
"MtrElec",3,27,2,"",151.848,0,0,0,0,0,0,0,0,0,0,0,0,0,0,0,0,0,0,0,0,151.848,0,0,0
"MtrElec",3,27,3,"",149.99,0,0,0,0,0,0,0,0,0,0,0,0,0,0,0,0,0,0,0,0,149.99,0,0,0
"MtrElec",3,27,4,"",153.689,0,0,0,0,0,0,0,0,0,0,0,0,0,0,0,0,0,0,0,0,153.689,0,0,0
"MtrElec",3,27,5,"",144.239,0,0,0,0,0,0,0,0,0,0,0,0,0,0,0,0,0,0,0,0,144.239,0,0,0
"MtrElec",3,27,6,"",192.378,0,0,0,0,0,0,0,0,0,0,0,0,0,0,0,0,0,0,0,0,192.378,0,0,0
"MtrElec",3,27,7,"",194.968,0,0,0,0,0,0,0,0,0,0,0,0,0,0,0,0,0,0,0,0,194.968,0,0,0
"MtrElec",3,27,8,"",241.551,0,0,0,0,0,0,0,0,0,0,0,0,0,0,0,0,0,0,0,0,290.441,0,0,-48.8903
"MtrElec",3,27,9,"",205.571,0,0,0,0,0,0,0,0,0,0,0,0,0,0,0,0,0,0,0,0,362.765,0,0,-157.194
"MtrElec",3,27,10,"",179.285,0,0,0,0,0,0,0,0,0,0,0,0,0,0,0,0,0,0,0,0,451.44,0,0,-272.155
"MtrElec",3,27,11,"",12.3336,0,0,0,0,0,0,0,0,0,0,0,0,0,0,0,0,0,0,0,0,436.365,0,0,-424.031
"MtrElec",3,27,12,"",0,0,0,0,0,0,0,0,0,0,0,0,0,0,0,0,0,0,0,0,0,426.46,0,50.1296,-476.589
"MtrElec",3,27,13,"",0.0000078,0,0,0,0,0,0,0,0,0,0,0,0,0,0,0,0,0,0,0,0,431.103,0,126.274,-557.377
"MtrElec",3,27,14,"",0,0,0,0,0,0,0,0,0,0,0,0,0,0,0,0,0,0,0,0,0,371.272,0,188.198,-559.47
"MtrElec",3,27,15,"",0.0000078,0,0,0,0,0,0,0,0,0,0,0,0,0,0,0,0,0,0,0,0,372.183,0,126.657,-498.84
"MtrElec",3,27,16,"",0,0,0,0,0,0,0,0,0,0,0,0,0,0,0,0,0,0,0,0,0,370.436,0,78.4957,-448.931
"MtrElec",3,27,17,"",44.808,0,0,0,0,0,0,0,0,0,0,0,0,0,0,0,0,0,0,0,0,397.692,0,0,-352.884
"MtrElec",3,27,18,"",267.972,0,0,0,0,0,0,0,0,0,0,0,0,0,0,0,0,0,0,0,0,423.801,0,0,-155.83
"MtrElec",3,27,19,"",139.127,0,0,0,0,0,0,0,0,0,0,0,0,0,0,0,0,0,0,0,0,400.783,0,-223.217,-38.439
"MtrElec",3,27,20,"",150.505,0,0,0,0,0,0,0,0,0,0,0,0,0,0,0,0,0,0,0,0,373.721,0,-223.217,0
"MtrElec",3,27,21,"",350.258,0,0,0,0,0,0,0,0,0,0,0,0,0,0,0,0,0,0,0,0,418.028,0,-67.7697,0
"MtrElec",3,27,22,"",283.56,0,0,0,0,0,0,0,0,0,0,0,0,0,0,0,0,0,0,0,0,283.56,0,0,0
"MtrElec",3,27,23,"",295.624,0,0,0,0,0,0,0,0,0,0,0,0,0,0,0,0,0,0,0,0,295.624,0,0,0
"MtrElec",3,27,24,"",200.693,0,0,0,0,0,0,0,0,0,0,0,0,0,0,0,0,0,0,0,0,200.693,0,0,0
"MtrElec",3,28,1,"",166.917,0,0,0,0,0,0,0,0,0,0,0,0,0,0,0,0,0,0,0,0,166.917,0,0,0
"MtrElec",3,28,2,"",152.772,0,0,0,0,0,0,0,0,0,0,0,0,0,0,0,0,0,0,0,0,152.772,0,0,0
"MtrElec",3,28,3,"",189.775,0,0,0,0,0,0,0,0,0,0,0,0,0,0,0,0,0,0,0,0,189.775,0,0,0
"MtrElec",3,28,4,"",149.379,0,0,0,0,0,0,0,0,0,0,0,0,0,0,0,0,0,0,0,0,149.379,0,0,0
"MtrElec",3,28,5,"",168.72,0,0,0,0,0,0,0,0,0,0,0,0,0,0,0,0,0,0,0,0,168.72,0,0,0
"MtrElec",3,28,6,"",151.976,0,0,0,0,0,0,0,0,0,0,0,0,0,0,0,0,0,0,0,0,151.976,0,0,0
"MtrElec",3,28,7,"",169.417,0,0,0,0,0,0,0,0,0,0,0,0,0,0,0,0,0,0,0,0,169.417,0,0,0
"MtrElec",3,28,8,"",219.587,0,0,0,0,0,0,0,0,0,0,0,0,0,0,0,0,0,0,0,0,258.072,0,0,-38.4857
"MtrElec",3,28,9,"",163.727,0,0,0,0,0,0,0,0,0,0,0,0,0,0,0,0,0,0,0,0,291.635,0,0,-127.908
"MtrElec",3,28,10,"",204.914,0,0,0,0,0,0,0,0,0,0,0,0,0,0,0,0,0,0,0,0,389.578,0,0,-184.664
"MtrElec",3,28,11,"",133.684,0,0,0,0,0,0,0,0,0,0,0,0,0,0,0,0,0,0,0,0,447.468,0,0,-313.784
"MtrElec",3,28,12,"",154.839,0,0,0,0,0,0,0,0,0,0,0,0,0,0,0,0,0,0,0,0,523.644,0,0,-368.805
"MtrElec",3,28,13,"",0,0,0,0,0,0,0,0,0,0,0,0,0,0,0,0,0,0,0,0,0,410.644,0,94.0081,-504.652
"MtrElec",3,28,14,"",106.15,0,0,0,0,0,0,0,0,0,0,0,0,0,0,0,0,0,0,0,0,405.574,0,0,-299.423
"MtrElec",3,28,15,"",187.636,0,0,0,0,0,0,0,0,0,0,0,0,0,0,0,0,0,0,0,0,407.621,0,0,-219.985
"MtrElec",3,28,16,"",73.2426,0,0,0,0,0,0,0,0,0,0,0,0,0,0,0,0,0,0,0,0,348.994,0,0,-275.751
"MtrElec",3,28,17,"",139.403,0,0,0,0,0,0,0,0,0,0,0,0,0,0,0,0,0,0,0,0,421.805,0,0,-282.402
"MtrElec",3,28,18,"",295.133,0,0,0,0,0,0,0,0,0,0,0,0,0,0,0,0,0,0,0,0,402.435,0,0,-107.301
"MtrElec",3,28,19,"",287.482,0,0,0,0,0,0,0,0,0,0,0,0,0,0,0,0,0,0,0,0,397.982,0,-84.8423,-25.6572
"MtrElec",3,28,20,"",346.107,0,0,0,0,0,0,0,0,0,0,0,0,0,0,0,0,0,0,0,0,346.107,0,0,0
"MtrElec",3,28,21,"",342.152,0,0,0,0,0,0,0,0,0,0,0,0,0,0,0,0,0,0,0,0,342.152,0,0,0
"MtrElec",3,28,22,"",309.945,0,0,0,0,0,0,0,0,0,0,0,0,0,0,0,0,0,0,0,0,309.945,0,0,0
"MtrElec",3,28,23,"",195.863,0,0,0,0,0,0,0,0,0,0,0,0,0,0,0,0,0,0,0,0,195.863,0,0,0
"MtrElec",3,28,24,"",251.185,0,0,0,0,0,0,0,0,0,0,0,0,0,0,0,0,0,0,0,0,251.185,0,0,0
"MtrElec",3,29,1,"",161.916,0,0,0,0,0,0,0,0,0,0,0,0,0,0,0,0,0,0,0,0,161.916,0,0,0
"MtrElec",3,29,2,"",151.149,0,0,0,0,0,0,0,0,0,0,0,0,0,0,0,0,0,0,0,0,151.149,0,0,0
"MtrElec",3,29,3,"",155.764,0,0,0,0,0,0,0,0,0,0,0,0,0,0,0,0,0,0,0,0,155.764,0,0,0
"MtrElec",3,29,4,"",154.877,0,0,0,0,0,0,0,0,0,0,0,0,0,0,0,0,0,0,0,0,154.877,0,0,0
"MtrElec",3,29,5,"",168.188,0,0,0,0,0,0,0,0,0,0,0,0,0,0,0,0,0,0,0,0,168.188,0,0,0
"MtrElec",3,29,6,"",150.731,0,0,0,0,0,0,0,0,0,0,0,0,0,0,0,0,0,0,0,0,150.731,0,0,0
"MtrElec",3,29,7,"",213.667,0,0,0,0,0,0,0,0,0,0,0,0,0,0,0,0,0,0,0,0,213.667,0,0,0
"MtrElec",3,29,8,"",158.678,0,0,0,0,0,0,0,0,0,0,0,0,0,0,0,0,0,0,0,0,214.732,0,0,-56.0542
"MtrElec",3,29,9,"",136.14,0,0,0,0,0,0,0,0,0,0,0,0,0,0,0,0,0,0,0,0,294.485,0,0,-158.346
"MtrElec",3,29,10,"",98.8444,0,0,0,0,0,0,0,0,0,0,0,0,0,0,0,0,0,0,0,0,319.017,0,0,-220.173
"MtrElec",3,29,11,"",117.906,0,0,0,0,0,0,0,0,0,0,0,0,0,0,0,0,0,0,0,0,385.998,0,0,-268.093
"MtrElec",3,29,12,"",0.0000078,0,0,0,0,0,0,0,0,0,0,0,0,0,0,0,0,0,0,0,0,377.601,0,92.6699,-470.271
"MtrElec",3,29,13,"",0.0000039,0,0,0,0,0,0,0,0,0,0,0,0,0,0,0,0,0,0,0,0,397.972,0,63.0317,-461.003
"MtrElec",3,29,14,"",-60.9046,0,0,0,0,0,0,0,0,0,0,0,0,0,0,0,0,0,0,0,0,308.59,0,223.217,-592.712
"MtrElec",3,29,15,"",0,0,0,0,0,0,0,0,0,0,0,0,0,0,0,0,0,0,0,0,0,310.08,0,83.8142,-393.894
"MtrElec",3,29,16,"",21.0162,0,0,0,0,0,0,0,0,0,0,0,0,0,0,0,0,0,0,0,0,289.944,0,0,-268.928
"MtrElec",3,29,17,"",98.7437,0,0,0,0,0,0,0,0,0,0,0,0,0,0,0,0,0,0,0,0,327.857,0,0,-229.113
"MtrElec",3,29,18,"",99.6586,0,0,0,0,0,0,0,0,0,0,0,0,0,0,0,0,0,0,0,0,319.138,0,0,-219.479
"MtrElec",3,29,19,"",94.5567,0,0,0,0,0,0,0,0,0,0,0,0,0,0,0,0,0,0,0,0,360.646,0,-223.217,-42.8726
"MtrElec",3,29,20,"",82.8603,0,0,0,0,0,0,0,0,0,0,0,0,0,0,0,0,0,0,0,0,277.26,0,-194.399,0
"MtrElec",3,29,21,"",284.863,0,0,0,0,0,0,0,0,0,0,0,0,0,0,0,0,0,0,0,0,284.863,0,0,0
"MtrElec",3,29,22,"",228.658,0,0,0,0,0,0,0,0,0,0,0,0,0,0,0,0,0,0,0,0,228.658,0,0,0
"MtrElec",3,29,23,"",268.259,0,0,0,0,0,0,0,0,0,0,0,0,0,0,0,0,0,0,0,0,268.259,0,0,0
"MtrElec",3,29,24,"",192.898,0,0,0,0,0,0,0,0,0,0,0,0,0,0,0,0,0,0,0,0,192.898,0,0,0
"MtrElec",3,30,1,"",160.74,0,0,0,0,0,0,0,0,0,0,0,0,0,0,0,0,0,0,0,0,160.74,0,0,0
"MtrElec",3,30,2,"",153.431,0,0,0,0,0,0,0,0,0,0,0,0,0,0,0,0,0,0,0,0,153.431,0,0,0
"MtrElec",3,30,3,"",150.163,0,0,0,0,0,0,0,0,0,0,0,0,0,0,0,0,0,0,0,0,150.163,0,0,0
"MtrElec",3,30,4,"",148.552,0,0,0,0,0,0,0,0,0,0,0,0,0,0,0,0,0,0,0,0,148.552,0,0,0
"MtrElec",3,30,5,"",148.028,0,0,0,0,0,0,0,0,0,0,0,0,0,0,0,0,0,0,0,0,148.028,0,0,0
"MtrElec",3,30,6,"",195.907,0,0,0,0,0,0,0,0,0,0,0,0,0,0,0,0,0,0,0,0,195.907,0,0,0
"MtrElec",3,30,7,"",235.605,0,0,0,0,0,0,0,0,0,0,0,0,0,0,0,0,0,0,0,0,235.605,0,0,0
"MtrElec",3,30,8,"",247.11,0,0,0,0,0,0,0,0,0,0,0,0,0,0,0,0,0,0,0,0,312.483,0,0,-65.3729
"MtrElec",3,30,9,"",148.6,0,0,0,0,0,0,0,0,0,0,0,0,0,0,0,0,0,0,0,0,389.127,0,0,-240.527
"MtrElec",3,30,10,"",88.1755,0,0,0,0,0,0,0,0,0,0,0,0,0,0,0,0,0,0,0,0,436.246,0,0,-348.07
"MtrElec",3,30,11,"",21.7092,0,0,0,0,0,0,0,0,0,0,0,0,0,0,0,0,0,0,0,0,496.726,0,0,-475.017
"MtrElec",3,30,12,"",-27.9908,0,0,0,0,0,0,0,0,0,0,0,0,0,0,0,0,0,0,0,0,420.973,0,223.217,-672.18
"MtrElec",3,30,13,"",-55.4468,0,0,0,0,0,0,0,0,0,0,0,0,0,0,0,0,0,0,0,0,438.876,0,223.217,-717.54
"MtrElec",3,30,14,"",-126.392,0,0,0,0,0,0,0,0,0,0,0,0,0,0,0,0,0,0,0,0,368.262,0,223.217,-717.871
"MtrElec",3,30,15,"",-183.382,0,0,0,0,0,0,0,0,0,0,0,0,0,0,0,0,0,0,0,0,352.512,0,129.231,-665.124
"MtrElec",3,30,16,"",-139.624,0,0,0,0,0,0,0,0,0,0,0,0,0,0,0,0,0,0,0,0,421.488,0,0,-561.112
"MtrElec",3,30,17,"",3.22566,0,0,0,0,0,0,0,0,0,0,0,0,0,0,0,0,0,0,0,0,413.674,0,0,-410.449
"MtrElec",3,30,18,"",204.215,0,0,0,0,0,0,0,0,0,0,0,0,0,0,0,0,0,0,0,0,426.528,0,0,-222.313
"MtrElec",3,30,19,"",109.479,0,0,0,0,0,0,0,0,0,0,0,0,0,0,0,0,0,0,0,0,377.874,0,-223.217,-45.1783
"MtrElec",3,30,20,"",140.463,0,0,0,0,0,0,0,0,0,0,0,0,0,0,0,0,0,0,0,0,363.68,0,-223.217,0
"MtrElec",3,30,21,"",188.386,0,0,0,0,0,0,0,0,0,0,0,0,0,0,0,0,0,0,0,0,411.603,0,-223.217,0
"MtrElec",3,30,22,"",265.264,0,0,0,0,0,0,0,0,0,0,0,0,0,0,0,0,0,0,0,0,316.604,0,-51.3398,0
"MtrElec",3,30,23,"",289.872,0,0,0,0,0,0,0,0,0,0,0,0,0,0,0,0,0,0,0,0,289.872,0,0,0
"MtrElec",3,30,24,"",209.939,0,0,0,0,0,0,0,0,0,0,0,0,0,0,0,0,0,0,0,0,209.939,0,0,0
"MtrElec",3,31,1,"",176.236,0,0,0,0,0,0,0,0,0,0,0,0,0,0,0,0,0,0,0,0,176.236,0,0,0
"MtrElec",3,31,2,"",188.561,0,0,0,0,0,0,0,0,0,0,0,0,0,0,0,0,0,0,0,0,188.561,0,0,0
"MtrElec",3,31,3,"",147.807,0,0,0,0,0,0,0,0,0,0,0,0,0,0,0,0,0,0,0,0,147.807,0,0,0
"MtrElec",3,31,4,"",151.817,0,0,0,0,0,0,0,0,0,0,0,0,0,0,0,0,0,0,0,0,151.817,0,0,0
"MtrElec",3,31,5,"",146.5,0,0,0,0,0,0,0,0,0,0,0,0,0,0,0,0,0,0,0,0,146.5,0,0,0
"MtrElec",3,31,6,"",168.937,0,0,0,0,0,0,0,0,0,0,0,0,0,0,0,0,0,0,0,0,168.937,0,0,0
"MtrElec",3,31,7,"",232.622,0,0,0,0,0,0,0,0,0,0,0,0,0,0,0,0,0,0,0,0,232.622,0,0,0
"MtrElec",3,31,8,"",214.377,0,0,0,0,0,0,0,0,0,0,0,0,0,0,0,0,0,0,0,0,285.28,0,0,-70.9032
"MtrElec",3,31,9,"",91.3453,0,0,0,0,0,0,0,0,0,0,0,0,0,0,0,0,0,0,0,0,361.786,0,0,-270.44
"MtrElec",3,31,10,"",64.2334,0,0,0,0,0,0,0,0,0,0,0,0,0,0,0,0,0,0,0,0,526.179,0,0,-461.946
"MtrElec",3,31,11,"",0,0,0,0,0,0,0,0,0,0,0,0,0,0,0,0,0,0,0,0,0,500.353,0,107.114,-607.467
"MtrElec",3,31,12,"",0,0,0,0,0,0,0,0,0,0,0,0,0,0,0,0,0,0,0,0,0,507.423,0,190.491,-697.914
"MtrElec",3,31,13,"",-19.4185,0,0,0,0,0,0,0,0,0,0,0,0,0,0,0,0,0,0,0,0,497.592,0,223.217,-740.228
"MtrElec",3,31,14,"",-64.9409,0,0,0,0,0,0,0,0,0,0,0,0,0,0,0,0,0,0,0,0,452.883,0,223.217,-741.041
"MtrElec",3,31,15,"",-153.805,0,0,0,0,0,0,0,0,0,0,0,0,0,0,0,0,0,0,0,0,477.969,0,54.8429,-686.617
"MtrElec",3,31,16,"",-96.4532,0,0,0,0,0,0,0,0,0,0,0,0,0,0,0,0,0,0,0,0,479.17,0,0,-575.623
"MtrElec",3,31,17,"",49.2463,0,0,0,0,0,0,0,0,0,0,0,0,0,0,0,0,0,0,0,0,471.838,0,0,-422.591
"MtrElec",3,31,18,"",275.941,0,0,0,0,0,0,0,0,0,0,0,0,0,0,0,0,0,0,0,0,502.301,0,0,-226.361
"MtrElec",3,31,19,"",252.027,0,0,0,0,0,0,0,0,0,0,0,0,0,0,0,0,0,0,0,0,519.717,0,-223.217,-44.473
"MtrElec",3,31,20,"",157.953,0,0,0,0,0,0,0,0,0,0,0,0,0,0,0,0,0,0,0,0,381.17,0,-223.217,0
"MtrElec",3,31,21,"",137.187,0,0,0,0,0,0,0,0,0,0,0,0,0,0,0,0,0,0,0,0,360.404,0,-223.217,0
"MtrElec",3,31,22,"",214.142,0,0,0,0,0,0,0,0,0,0,0,0,0,0,0,0,0,0,0,0,265.482,0,-51.3398,0
"MtrElec",3,31,23,"",245.727,0,0,0,0,0,0,0,0,0,0,0,0,0,0,0,0,0,0,0,0,245.727,0,0,0
"MtrElec",3,31,24,"",201.567,0,0,0,0,0,0,0,0,0,0,0,0,0,0,0,0,0,0,0,0,201.567,0,0,0
"MtrElec",4,1,1,"",151.47,0,0,0,0,0,0,0,0,0,0,0,0,0,0,0,0,0,0,0,0,151.47,0,0,0
"MtrElec",4,1,2,"",154.812,0,0,0,0,0,0,0,0,0,0,0,0,0,0,0,0,0,0,0,0,154.812,0,0,0
"MtrElec",4,1,3,"",148.593,0,0,0,0,0,0,0,0,0,0,0,0,0,0,0,0,0,0,0,0,148.593,0,0,0
"MtrElec",4,1,4,"",147.132,0,0,0,0,0,0,0,0,0,0,0,0,0,0,0,0,0,0,0,0,147.132,0,0,0
"MtrElec",4,1,5,"",180.848,0,0,0,0,0,0,0,0,0,0,0,0,0,0,0,0,0,0,0,0,180.848,0,0,0
"MtrElec",4,1,6,"",154.517,0,0,0,0,0,0,0,0,0,0,0,0,0,0,0,0,0,0,0,0,154.517,0,0,0
"MtrElec",4,1,7,"",259.395,0,0,0,0,0,0,0,0,0,0,0,0,0,0,0,0,0,0,0,0,259.395,0,0,0
"MtrElec",4,1,8,"",257.785,0,0,0,0,0,0,0,0,0,0,0,0,0,0,0,0,0,0,0,0,294.551,0,0,-36.7664
"MtrElec",4,1,9,"",238.24,0,0,0,0,0,0,0,0,0,0,0,0,0,0,0,0,0,0,0,0,364.273,0,0,-126.033
"MtrElec",4,1,10,"",85.5539,0,0,0,0,0,0,0,0,0,0,0,0,0,0,0,0,0,0,0,0,398.889,0,0,-313.335
"MtrElec",4,1,11,"",0.0000020,0,0,0,0,0,0,0,0,0,0,0,0,0,0,0,0,0,0,0,0,424.074,0,28.2222,-452.297
"MtrElec",4,1,12,"",0,0,0,0,0,0,0,0,0,0,0,0,0,0,0,0,0,0,0,0,0,408.464,0,153.133,-561.597
"MtrElec",4,1,13,"",-9.12366,0,0,0,0,0,0,0,0,0,0,0,0,0,0,0,0,0,0,0,0,389.851,0,223.217,-622.191
"MtrElec",4,1,14,"",-8.20644,0,0,0,0,0,0,0,0,0,0,0,0,0,0,0,0,0,0,0,0,387.292,0,223.217,-618.715
"MtrElec",4,1,15,"",-22.3937,0,0,0,0,0,0,0,0,0,0,0,0,0,0,0,0,0,0,0,0,342.538,0,171.092,-536.024
"MtrElec",4,1,16,"",70.4127,0,0,0,0,0,0,0,0,0,0,0,0,0,0,0,0,0,0,0,0,394.136,0,0,-323.724
"MtrElec",4,1,17,"",122.934,0,0,0,0,0,0,0,0,0,0,0,0,0,0,0,0,0,0,0,0,369.409,0,0,-246.474
"MtrElec",4,1,18,"",253.519,0,0,0,0,0,0,0,0,0,0,0,0,0,0,0,0,0,0,0,0,413.135,0,0,-159.616
"MtrElec",4,1,19,"",82.1775,0,0,0,0,0,0,0,0,0,0,0,0,0,0,0,0,0,0,0,0,346.667,0,-223.217,-41.2722
"MtrElec",4,1,20,"",183.067,0,0,0,0,0,0,0,0,0,0,0,0,0,0,0,0,0,0,0,0,406.284,0,-223.217,0
"MtrElec",4,1,21,"",129.51,0,0,0,0,0,0,0,0,0,0,0,0,0,0,0,0,0,0,0,0,352.727,0,-223.217,0
"MtrElec",4,1,22,"",280.176,0,0,0,0,0,0,0,0,0,0,0,0,0,0,0,0,0,0,0,0,331.516,0,-51.3398,0
"MtrElec",4,1,23,"",301.557,0,0,0,0,0,0,0,0,0,0,0,0,0,0,0,0,0,0,0,0,301.557,0,0,0
"MtrElec",4,1,24,"",242.02,0,0,0,0,0,0,0,0,0,0,0,0,0,0,0,0,0,0,0,0,242.02,0,0,0
"MtrElec",4,2,1,"",157.125,0,0,0,0,0,0,0,0,0,0,0,0,0,0,0,0,0,0,0,0,157.125,0,0,0
"MtrElec",4,2,2,"",150.826,0,0,0,0,0,0,0,0,0,0,0,0,0,0,0,0,0,0,0,0,150.826,0,0,0
"MtrElec",4,2,3,"",147.128,0,0,0,0,0,0,0,0,0,0,0,0,0,0,0,0,0,0,0,0,147.128,0,0,0
"MtrElec",4,2,4,"",145.874,0,0,0,0,0,0,0,0,0,0,0,0,0,0,0,0,0,0,0,0,145.874,0,0,0
"MtrElec",4,2,5,"",146.004,0,0,0,0,0,0,0,0,0,0,0,0,0,0,0,0,0,0,0,0,146.004,0,0,0
"MtrElec",4,2,6,"",172.652,0,0,0,0,0,0,0,0,0,0,0,0,0,0,0,0,0,0,0,0,172.652,0,0,0
"MtrElec",4,2,7,"",230.084,0,0,0,0,0,0,0,0,0,0,0,0,0,0,0,0,0,0,0,0,230.084,0,0,0
"MtrElec",4,2,8,"",298.758,0,0,0,0,0,0,0,0,0,0,0,0,0,0,0,0,0,0,0,0,305.929,0,0,-7.17153
"MtrElec",4,2,9,"",346.106,0,0,0,0,0,0,0,0,0,0,0,0,0,0,0,0,0,0,0,0,380.761,0,0,-34.6547
"MtrElec",4,2,10,"",324.548,0,0,0,0,0,0,0,0,0,0,0,0,0,0,0,0,0,0,0,0,424.354,0,0,-99.8057
"MtrElec",4,2,11,"",250.547,0,0,0,0,0,0,0,0,0,0,0,0,0,0,0,0,0,0,0,0,452.968,0,0,-202.422
"MtrElec",4,2,12,"",0,0,0,0,0,0,0,0,0,0,0,0,0,0,0,0,0,0,0,0,0,387.974,0,73.3132,-461.287
"MtrElec",4,2,13,"",0.0000156,0,0,0,0,0,0,0,0,0,0,0,0,0,0,0,0,0,0,0,0,443.933,0,184.375,-628.308
"MtrElec",4,2,14,"",-92.8007,0,0,0,0,0,0,0,0,0,0,0,0,0,0,0,0,0,0,0,0,350.454,0,223.217,-666.472
"MtrElec",4,2,15,"",0,0,0,0,0,0,0,0,0,0,0,0,0,0,0,0,0,0,0,0,0,392.782,0,211.164,-603.945
"MtrElec",4,2,16,"",-35.8581,0,0,0,0,0,0,0,0,0,0,0,0,0,0,0,0,0,0,0,0,375.646,0,106.812,-518.317
"MtrElec",4,2,17,"",28.2301,0,0,0,0,0,0,0,0,0,0,0,0,0,0,0,0,0,0,0,0,417.465,0,0,-389.235
"MtrElec",4,2,18,"",188.165,0,0,0,0,0,0,0,0,0,0,0,0,0,0,0,0,0,0,0,0,393.519,0,0,-205.354
"MtrElec",4,2,19,"",98.2837,0,0,0,0,0,0,0,0,0,0,0,0,0,0,0,0,0,0,0,0,370.862,0,-223.217,-49.3615
"MtrElec",4,2,20,"",157.278,0,0,0,0,0,0,0,0,0,0,0,0,0,0,0,0,0,0,0,0,380.495,0,-223.217,0
"MtrElec",4,2,21,"",128.988,0,0,0,0,0,0,0,0,0,0,0,0,0,0,0,0,0,0,0,0,352.204,0,-223.217,0
"MtrElec",4,2,22,"",231.909,0,0,0,0,0,0,0,0,0,0,0,0,0,0,0,0,0,0,0,0,283.249,0,-51.3398,0
"MtrElec",4,2,23,"",257.098,0,0,0,0,0,0,0,0,0,0,0,0,0,0,0,0,0,0,0,0,257.098,0,0,0
"MtrElec",4,2,24,"",199.447,0,0,0,0,0,0,0,0,0,0,0,0,0,0,0,0,0,0,0,0,199.447,0,0,0
"MtrElec",4,3,1,"",164.35,0,0,0,0,0,0,0,0,0,0,0,0,0,0,0,0,0,0,0,0,164.35,0,0,0
"MtrElec",4,3,2,"",156.463,0,0,0,0,0,0,0,0,0,0,0,0,0,0,0,0,0,0,0,0,156.463,0,0,0
"MtrElec",4,3,3,"",184.724,0,0,0,0,0,0,0,0,0,0,0,0,0,0,0,0,0,0,0,0,184.724,0,0,0
"MtrElec",4,3,4,"",163.4,0,0,0,0,0,0,0,0,0,0,0,0,0,0,0,0,0,0,0,0,163.4,0,0,0
"MtrElec",4,3,5,"",144.556,0,0,0,0,0,0,0,0,0,0,0,0,0,0,0,0,0,0,0,0,144.556,0,0,0
"MtrElec",4,3,6,"",150.119,0,0,0,0,0,0,0,0,0,0,0,0,0,0,0,0,0,0,0,0,150.119,0,0,0
"MtrElec",4,3,7,"",250.096,0,0,0,0,0,0,0,0,0,0,0,0,0,0,0,0,0,0,0,0,250.096,0,0,0
"MtrElec",4,3,8,"",218.871,0,0,0,0,0,0,0,0,0,0,0,0,0,0,0,0,0,0,0,0,291.643,0,0,-72.7726
"MtrElec",4,3,9,"",147.76,0,0,0,0,0,0,0,0,0,0,0,0,0,0,0,0,0,0,0,0,358.046,0,0,-210.286
"MtrElec",4,3,10,"",62.9596,0,0,0,0,0,0,0,0,0,0,0,0,0,0,0,0,0,0,0,0,432.127,0,0,-369.167
"MtrElec",4,3,11,"",0,0,0,0,0,0,0,0,0,0,0,0,0,0,0,0,0,0,0,0,0,396.276,0,94.272,-490.548
"MtrElec",4,3,12,"",-9.515,0,0,0,0,0,0,0,0,0,0,0,0,0,0,0,0,0,0,0,0,402.315,0,223.217,-635.047
"MtrElec",4,3,13,"",-1.42206,0,0,0,0,0,0,0,0,0,0,0,0,0,0,0,0,0,0,0,0,466.46,0,223.217,-691.099
"MtrElec",4,3,14,"",-67.7768,0,0,0,0,0,0,0,0,0,0,0,0,0,0,0,0,0,0,0,0,375.851,0,223.217,-666.844
"MtrElec",4,3,15,"",-197.934,0,0,0,0,0,0,0,0,0,0,0,0,0,0,0,0,0,0,0,0,382.59,0,34.9589,-615.482
"MtrElec",4,3,16,"",-165.783,0,0,0,0,0,0,0,0,0,0,0,0,0,0,0,0,0,0,0,0,381.211,0,0,-546.994
"MtrElec",4,3,17,"",9.13453,0,0,0,0,0,0,0,0,0,0,0,0,0,0,0,0,0,0,0,0,412.34,0,0,-403.206
"MtrElec",4,3,18,"",193.865,0,0,0,0,0,0,0,0,0,0,0,0,0,0,0,0,0,0,0,0,413.899,0,0,-220.034
"MtrElec",4,3,19,"",152.978,0,0,0,0,0,0,0,0,0,0,0,0,0,0,0,0,0,0,0,0,423.556,0,-223.217,-47.3609
"MtrElec",4,3,20,"",164.689,0,0,0,0,0,0,0,0,0,0,0,0,0,0,0,0,0,0,0,0,387.906,0,-223.217,0
"MtrElec",4,3,21,"",177.795,0,0,0,0,0,0,0,0,0,0,0,0,0,0,0,0,0,0,0,0,401.012,0,-223.217,0
"MtrElec",4,3,22,"",253.661,0,0,0,0,0,0,0,0,0,0,0,0,0,0,0,0,0,0,0,0,305.001,0,-51.3398,0
"MtrElec",4,3,23,"",272.82,0,0,0,0,0,0,0,0,0,0,0,0,0,0,0,0,0,0,0,0,272.82,0,0,0
"MtrElec",4,3,24,"",205.54,0,0,0,0,0,0,0,0,0,0,0,0,0,0,0,0,0,0,0,0,205.54,0,0,0
"MtrElec",4,4,1,"",197.191,0,0,0,0,0,0,0,0,0,0,0,0,0,0,0,0,0,0,0,0,197.191,0,0,0
"MtrElec",4,4,2,"",157.582,0,0,0,0,0,0,0,0,0,0,0,0,0,0,0,0,0,0,0,0,157.582,0,0,0
"MtrElec",4,4,3,"",148.974,0,0,0,0,0,0,0,0,0,0,0,0,0,0,0,0,0,0,0,0,148.974,0,0,0
"MtrElec",4,4,4,"",148.589,0,0,0,0,0,0,0,0,0,0,0,0,0,0,0,0,0,0,0,0,148.589,0,0,0
"MtrElec",4,4,5,"",150.659,0,0,0,0,0,0,0,0,0,0,0,0,0,0,0,0,0,0,0,0,150.659,0,0,0
"MtrElec",4,4,6,"",189.994,0,0,0,0,0,0,0,0,0,0,0,0,0,0,0,0,0,0,0,0,189.994,0,0,0
"MtrElec",4,4,7,"",169.117,0,0,0,0,0,0,0,0,0,0,0,0,0,0,0,0,0,0,0,0,169.117,0,0,0
"MtrElec",4,4,8,"",232.955,0,0,0,0,0,0,0,0,0,0,0,0,0,0,0,0,0,0,0,0,267.953,0,0,-34.9975
"MtrElec",4,4,9,"",181.11,0,0,0,0,0,0,0,0,0,0,0,0,0,0,0,0,0,0,0,0,308.616,0,0,-127.506
"MtrElec",4,4,10,"",72.2753,0,0,0,0,0,0,0,0,0,0,0,0,0,0,0,0,0,0,0,0,384.48,0,0,-312.205
"MtrElec",4,4,11,"",34.294,0,0,0,0,0,0,0,0,0,0,0,0,0,0,0,0,0,0,0,0,463.549,0,0,-429.255
"MtrElec",4,4,12,"",0,0,0,0,0,0,0,0,0,0,0,0,0,0,0,0,0,0,0,0,0,405.734,0,156.93,-562.664
"MtrElec",4,4,13,"",0,0,0,0,0,0,0,0,0,0,0,0,0,0,0,0,0,0,0,0,0,444.974,0,202.894,-647.868
"MtrElec",4,4,14,"",-83.4676,0,0,0,0,0,0,0,0,0,0,0,0,0,0,0,0,0,0,0,0,387.165,0,223.217,-693.85
"MtrElec",4,4,15,"",-18.1606,0,0,0,0,0,0,0,0,0,0,0,0,0,0,0,0,0,0,0,0,417.912,0,215.84,-651.912
"MtrElec",4,4,16,"",-144.515,0,0,0,0,0,0,0,0,0,0,0,0,0,0,0,0,0,0,0,0,409.72,0,0,-554.235
"MtrElec",4,4,17,"",9.35928,0,0,0,0,0,0,0,0,0,0,0,0,0,0,0,0,0,0,0,0,411.569,0,0,-402.21
"MtrElec",4,4,18,"",188.244,0,0,0,0,0,0,0,0,0,0,0,0,0,0,0,0,0,0,0,0,410.569,0,0,-222.325
"MtrElec",4,4,19,"",145.568,0,0,0,0,0,0,0,0,0,0,0,0,0,0,0,0,0,0,0,0,412.825,0,-223.217,-44.0398
"MtrElec",4,4,20,"",192.552,0,0,0,0,0,0,0,0,0,0,0,0,0,0,0,0,0,0,0,0,415.769,0,-223.217,0
"MtrElec",4,4,21,"",152.965,0,0,0,0,0,0,0,0,0,0,0,0,0,0,0,0,0,0,0,0,376.182,0,-223.217,0
"MtrElec",4,4,22,"",298.824,0,0,0,0,0,0,0,0,0,0,0,0,0,0,0,0,0,0,0,0,350.164,0,-51.3398,0
"MtrElec",4,4,23,"",239.858,0,0,0,0,0,0,0,0,0,0,0,0,0,0,0,0,0,0,0,0,239.858,0,0,0
"MtrElec",4,4,24,"",247.654,0,0,0,0,0,0,0,0,0,0,0,0,0,0,0,0,0,0,0,0,247.654,0,0,0
"MtrElec",4,5,1,"",170.164,0,0,0,0,0,0,0,0,0,0,0,0,0,0,0,0,0,0,0,0,170.164,0,0,0
"MtrElec",4,5,2,"",148.858,0,0,0,0,0,0,0,0,0,0,0,0,0,0,0,0,0,0,0,0,148.858,0,0,0
"MtrElec",4,5,3,"",151.135,0,0,0,0,0,0,0,0,0,0,0,0,0,0,0,0,0,0,0,0,151.135,0,0,0
"MtrElec",4,5,4,"",147.006,0,0,0,0,0,0,0,0,0,0,0,0,0,0,0,0,0,0,0,0,147.006,0,0,0
"MtrElec",4,5,5,"",160.107,0,0,0,0,0,0,0,0,0,0,0,0,0,0,0,0,0,0,0,0,160.107,0,0,0
"MtrElec",4,5,6,"",187.522,0,0,0,0,0,0,0,0,0,0,0,0,0,0,0,0,0,0,0,0,187.522,0,0,0
"MtrElec",4,5,7,"",155.671,0,0,0,0,0,0,0,0,0,0,0,0,0,0,0,0,0,0,0,0,155.671,0,0,0
"MtrElec",4,5,8,"",229.091,0,0,0,0,0,0,0,0,0,0,0,0,0,0,0,0,0,0,0,0,262.954,0,0,-33.8632
"MtrElec",4,5,9,"",216.046,0,0,0,0,0,0,0,0,0,0,0,0,0,0,0,0,0,0,0,0,314.51,0,0,-98.4641
"MtrElec",4,5,10,"",183.571,0,0,0,0,0,0,0,0,0,0,0,0,0,0,0,0,0,0,0,0,329.513,0,0,-145.942
"MtrElec",4,5,11,"",38.102,0,0,0,0,0,0,0,0,0,0,0,0,0,0,0,0,0,0,0,0,387.926,0,0,-349.824
"MtrElec",4,5,12,"",0,0,0,0,0,0,0,0,0,0,0,0,0,0,0,0,0,0,0,0,0,405.591,0,161.419,-567.01
"MtrElec",4,5,13,"",0,0,0,0,0,0,0,0,0,0,0,0,0,0,0,0,0,0,0,0,0,416.861,0,198.808,-615.669
"MtrElec",4,5,14,"",-54.5909,0,0,0,0,0,0,0,0,0,0,0,0,0,0,0,0,0,0,0,0,362.564,0,223.217,-640.372
"MtrElec",4,5,15,"",-44.2879,0,0,0,0,0,0,0,0,0,0,0,0,0,0,0,0,0,0,0,0,362.086,0,215.437,-621.811
"MtrElec",4,5,16,"",-160.372,0,0,0,0,0,0,0,0,0,0,0,0,0,0,0,0,0,0,0,0,344.319,0,0,-504.691
"MtrElec",4,5,17,"",-23.4893,0,0,0,0,0,0,0,0,0,0,0,0,0,0,0,0,0,0,0,0,342.906,0,0,-366.396
"MtrElec",4,5,18,"",102.157,0,0,0,0,0,0,0,0,0,0,0,0,0,0,0,0,0,0,0,0,306.622,0,0,-204.465
"MtrElec",4,5,19,"",100.434,0,0,0,0,0,0,0,0,0,0,0,0,0,0,0,0,0,0,0,0,368.327,0,-223.217,-44.6764
"MtrElec",4,5,20,"",149.727,0,0,0,0,0,0,0,0,0,0,0,0,0,0,0,0,0,0,0,0,372.944,0,-223.217,0
"MtrElec",4,5,21,"",41.3646,0,0,0,0,0,0,0,0,0,0,0,0,0,0,0,0,0,0,0,0,264.581,0,-223.217,0
"MtrElec",4,5,22,"",274.991,0,0,0,0,0,0,0,0,0,0,0,0,0,0,0,0,0,0,0,0,326.331,0,-51.3398,0
"MtrElec",4,5,23,"",215.642,0,0,0,0,0,0,0,0,0,0,0,0,0,0,0,0,0,0,0,0,215.642,0,0,0
"MtrElec",4,5,24,"",254.269,0,0,0,0,0,0,0,0,0,0,0,0,0,0,0,0,0,0,0,0,254.269,0,0,0
"MtrElec",4,6,1,"",165.142,0,0,0,0,0,0,0,0,0,0,0,0,0,0,0,0,0,0,0,0,165.142,0,0,0
"MtrElec",4,6,2,"",150.613,0,0,0,0,0,0,0,0,0,0,0,0,0,0,0,0,0,0,0,0,150.613,0,0,0
"MtrElec",4,6,3,"",147.607,0,0,0,0,0,0,0,0,0,0,0,0,0,0,0,0,0,0,0,0,147.607,0,0,0
"MtrElec",4,6,4,"",148.28,0,0,0,0,0,0,0,0,0,0,0,0,0,0,0,0,0,0,0,0,148.28,0,0,0
"MtrElec",4,6,5,"",146.88,0,0,0,0,0,0,0,0,0,0,0,0,0,0,0,0,0,0,0,0,146.88,0,0,0
"MtrElec",4,6,6,"",185.355,0,0,0,0,0,0,0,0,0,0,0,0,0,0,0,0,0,0,0,0,185.355,0,0,0
"MtrElec",4,6,7,"",193.308,0,0,0,0,0,0,0,0,0,0,0,0,0,0,0,0,0,0,0,0,194.214,0,0,-0.905227
"MtrElec",4,6,8,"",236.109,0,0,0,0,0,0,0,0,0,0,0,0,0,0,0,0,0,0,0,0,315.434,0,0,-79.325
"MtrElec",4,6,9,"",148.022,0,0,0,0,0,0,0,0,0,0,0,0,0,0,0,0,0,0,0,0,383.047,0,0,-235.025
"MtrElec",4,6,10,"",106.066,0,0,0,0,0,0,0,0,0,0,0,0,0,0,0,0,0,0,0,0,449.993,0,0,-343.927
"MtrElec",4,6,11,"",0,0,0,0,0,0,0,0,0,0,0,0,0,0,0,0,0,0,0,0,0,466.876,0,17.9263,-484.803
"MtrElec",4,6,12,"",0,0,0,0,0,0,0,0,0,0,0,0,0,0,0,0,0,0,0,0,0,422.498,0,132.136,-554.634
"MtrElec",4,6,13,"",0,0,0,0,0,0,0,0,0,0,0,0,0,0,0,0,0,0,0,0,0,462.376,0,114.276,-576.652
"MtrElec",4,6,14,"",-17.3053,0,0,0,0,0,0,0,0,0,0,0,0,0,0,0,0,0,0,0,0,386.039,0,223.217,-626.561
"MtrElec",4,6,15,"",0.0000156,0,0,0,0,0,0,0,0,0,0,0,0,0,0,0,0,0,0,0,0,352.843,0,217.979,-570.822
"MtrElec",4,6,16,"",0,0,0,0,0,0,0,0,0,0,0,0,0,0,0,0,0,0,0,0,0,392,0,86.4269,-478.427
"MtrElec",4,6,17,"",53.6491,0,0,0,0,0,0,0,0,0,0,0,0,0,0,0,0,0,0,0,0,387.107,0,0,-333.458
"MtrElec",4,6,18,"",273.097,0,0,0,0,0,0,0,0,0,0,0,0,0,0,0,0,0,0,0,0,433.666,0,0,-160.569
"MtrElec",4,6,19,"",114.698,0,0,0,0,0,0,0,0,0,0,0,0,0,0,0,0,0,0,0,0,381.133,0,-223.217,-43.2181
"MtrElec",4,6,20,"",234.566,0,0,0,0,0,0,0,0,0,0,0,0,0,0,0,0,0,0,0,0,457.783,0,-223.217,0
"MtrElec",4,6,21,"",139.258,0,0,0,0,0,0,0,0,0,0,0,0,0,0,0,0,0,0,0,0,362.475,0,-223.217,0
"MtrElec",4,6,22,"",251.582,0,0,0,0,0,0,0,0,0,0,0,0,0,0,0,0,0,0,0,0,296.677,0,-45.0948,0
"MtrElec",4,6,23,"",281.818,0,0,0,0,0,0,0,0,0,0,0,0,0,0,0,0,0,0,0,0,281.818,0,0,0
"MtrElec",4,6,24,"",189.669,0,0,0,0,0,0,0,0,0,0,0,0,0,0,0,0,0,0,0,0,189.669,0,0,0
"MtrElec",4,7,1,"",169.312,0,0,0,0,0,0,0,0,0,0,0,0,0,0,0,0,0,0,0,0,169.312,0,0,0
"MtrElec",4,7,2,"",150.046,0,0,0,0,0,0,0,0,0,0,0,0,0,0,0,0,0,0,0,0,150.046,0,0,0
"MtrElec",4,7,3,"",185.848,0,0,0,0,0,0,0,0,0,0,0,0,0,0,0,0,0,0,0,0,185.848,0,0,0
"MtrElec",4,7,4,"",153.094,0,0,0,0,0,0,0,0,0,0,0,0,0,0,0,0,0,0,0,0,153.094,0,0,0
"MtrElec",4,7,5,"",142.878,0,0,0,0,0,0,0,0,0,0,0,0,0,0,0,0,0,0,0,0,142.878,0,0,0
"MtrElec",4,7,6,"",162.291,0,0,0,0,0,0,0,0,0,0,0,0,0,0,0,0,0,0,0,0,162.291,0,0,0
"MtrElec",4,7,7,"",269.773,0,0,0,0,0,0,0,0,0,0,0,0,0,0,0,0,0,0,0,0,271.249,0,0,-1.47644
"MtrElec",4,7,8,"",224.275,0,0,0,0,0,0,0,0,0,0,0,0,0,0,0,0,0,0,0,0,296.07,0,0,-71.7942
"MtrElec",4,7,9,"",188.066,0,0,0,0,0,0,0,0,0,0,0,0,0,0,0,0,0,0,0,0,368.047,0,0,-179.981
"MtrElec",4,7,10,"",167.476,0,0,0,0,0,0,0,0,0,0,0,0,0,0,0,0,0,0,0,0,445.417,0,0,-277.941
"MtrElec",4,7,11,"",15.9949,0,0,0,0,0,0,0,0,0,0,0,0,0,0,0,0,0,0,0,0,493.041,0,0,-477.046
"MtrElec",4,7,12,"",0,0,0,0,0,0,0,0,0,0,0,0,0,0,0,0,0,0,0,0,0,432.629,0,105.898,-538.526
"MtrElec",4,7,13,"",0,0,0,0,0,0,0,0,0,0,0,0,0,0,0,0,0,0,0,0,0,491.628,0,85.6394,-577.267
"MtrElec",4,7,14,"",-76.6256,0,0,0,0,0,0,0,0,0,0,0,0,0,0,0,0,0,0,0,0,368.163,0,223.217,-668.005
"MtrElec",4,7,15,"",0,0,0,0,0,0,0,0,0,0,0,0,0,0,0,0,0,0,0,0,0,371.319,0,42.2192,-413.539
"MtrElec",4,7,16,"",93.4213,0,0,0,0,0,0,0,0,0,0,0,0,0,0,0,0,0,0,0,0,391.325,0,0,-297.903
"MtrElec",4,7,17,"",77.7408,0,0,0,0,0,0,0,0,0,0,0,0,0,0,0,0,0,0,0,0,389.97,0,0,-312.229
"MtrElec",4,7,18,"",313.643,0,0,0,0,0,0,0,0,0,0,0,0,0,0,0,0,0,0,0,0,428.896,0,0,-115.253
"MtrElec",4,7,19,"",133.416,0,0,0,0,0,0,0,0,0,0,0,0,0,0,0,0,0,0,0,0,400.92,0,-223.217,-44.2865
"MtrElec",4,7,20,"",202.901,0,0,0,0,0,0,0,0,0,0,0,0,0,0,0,0,0,0,0,0,392.103,0,-189.201,0
"MtrElec",4,7,21,"",427.589,0,0,0,0,0,0,0,0,0,0,0,0,0,0,0,0,0,0,0,0,427.589,0,0,0
"MtrElec",4,7,22,"",262.88,0,0,0,0,0,0,0,0,0,0,0,0,0,0,0,0,0,0,0,0,262.88,0,0,0
"MtrElec",4,7,23,"",311.704,0,0,0,0,0,0,0,0,0,0,0,0,0,0,0,0,0,0,0,0,311.704,0,0,0
"MtrElec",4,7,24,"",210.028,0,0,0,0,0,0,0,0,0,0,0,0,0,0,0,0,0,0,0,0,210.028,0,0,0
"MtrElec",4,8,1,"",205.936,0,0,0,0,0,0,0,0,0,0,0,0,0,0,0,0,0,0,0,0,205.936,0,0,0
"MtrElec",4,8,2,"",152.121,0,0,0,0,0,0,0,0,0,0,0,0,0,0,0,0,0,0,0,0,152.121,0,0,0
"MtrElec",4,8,3,"",148.01,0,0,0,0,0,0,0,0,0,0,0,0,0,0,0,0,0,0,0,0,148.01,0,0,0
"MtrElec",4,8,4,"",149.189,0,0,0,0,0,0,0,0,0,0,0,0,0,0,0,0,0,0,0,0,149.189,0,0,0
"MtrElec",4,8,5,"",147.949,0,0,0,0,0,0,0,0,0,0,0,0,0,0,0,0,0,0,0,0,147.949,0,0,0
"MtrElec",4,8,6,"",165.301,0,0,0,0,0,0,0,0,0,0,0,0,0,0,0,0,0,0,0,0,165.301,0,0,0
"MtrElec",4,8,7,"",250.176,0,0,0,0,0,0,0,0,0,0,0,0,0,0,0,0,0,0,0,0,252.692,0,0,-2.51666
"MtrElec",4,8,8,"",213.352,0,0,0,0,0,0,0,0,0,0,0,0,0,0,0,0,0,0,0,0,302.117,0,0,-88.7654
"MtrElec",4,8,9,"",92.5051,0,0,0,0,0,0,0,0,0,0,0,0,0,0,0,0,0,0,0,0,373.827,0,0,-281.322
"MtrElec",4,8,10,"",-64.4051,0,0,0,0,0,0,0,0,0,0,0,0,0,0,0,0,0,0,0,0,402.076,0,0,-466.481
"MtrElec",4,8,11,"",0,0,0,0,0,0,0,0,0,0,0,0,0,0,0,0,0,0,0,0,0,488.096,0,105.511,-593.608
"MtrElec",4,8,12,"",-16.7316,0,0,0,0,0,0,0,0,0,0,0,0,0,0,0,0,0,0,0,0,418.373,0,223.217,-658.321
"MtrElec",4,8,13,"",0,0,0,0,0,0,0,0,0,0,0,0,0,0,0,0,0,0,0,0,0,466.549,0,221.476,-688.025
"MtrElec",4,8,14,"",-24.2817,0,0,0,0,0,0,0,0,0,0,0,0,0,0,0,0,0,0,0,0,407.096,0,223.217,-654.594
"MtrElec",4,8,15,"",-248.502,0,0,0,0,0,0,0,0,0,0,0,0,0,0,0,0,0,0,0,0,361.039,0,25.4604,-635.001
"MtrElec",4,8,16,"",-127.46,0,0,0,0,0,0,0,0,0,0,0,0,0,0,0,0,0,0,0,0,423.385,0,0,-550.845
"MtrElec",4,8,17,"",-6.81047,0,0,0,0,0,0,0,0,0,0,0,0,0,0,0,0,0,0,0,0,402.517,0,0,-409.327
"MtrElec",4,8,18,"",219.979,0,0,0,0,0,0,0,0,0,0,0,0,0,0,0,0,0,0,0,0,440.326,0,0,-220.347
"MtrElec",4,8,19,"",127.166,0,0,0,0,0,0,0,0,0,0,0,0,0,0,0,0,0,0,0,0,400.288,0,-223.217,-49.9054
"MtrElec",4,8,20,"",175.604,0,0,0,0,0,0,0,0,0,0,0,0,0,0,0,0,0,0,0,0,398.821,0,-223.217,0
"MtrElec",4,8,21,"",216.079,0,0,0,0,0,0,0,0,0,0,0,0,0,0,0,0,0,0,0,0,439.296,0,-223.217,0
"MtrElec",4,8,22,"",224.237,0,0,0,0,0,0,0,0,0,0,0,0,0,0,0,0,0,0,0,0,275.577,0,-51.3398,0
"MtrElec",4,8,23,"",281.938,0,0,0,0,0,0,0,0,0,0,0,0,0,0,0,0,0,0,0,0,281.938,0,0,0
"MtrElec",4,8,24,"",212.768,0,0,0,0,0,0,0,0,0,0,0,0,0,0,0,0,0,0,0,0,212.768,0,0,0
"MtrElec",4,9,1,"",154.074,0,0,0,0,0,0,0,0,0,0,0,0,0,0,0,0,0,0,0,0,154.074,0,0,0
"MtrElec",4,9,2,"",150.203,0,0,0,0,0,0,0,0,0,0,0,0,0,0,0,0,0,0,0,0,150.203,0,0,0
"MtrElec",4,9,3,"",187.263,0,0,0,0,0,0,0,0,0,0,0,0,0,0,0,0,0,0,0,0,187.263,0,0,0
"MtrElec",4,9,4,"",146.891,0,0,0,0,0,0,0,0,0,0,0,0,0,0,0,0,0,0,0,0,146.891,0,0,0
"MtrElec",4,9,5,"",142.618,0,0,0,0,0,0,0,0,0,0,0,0,0,0,0,0,0,0,0,0,142.618,0,0,0
"MtrElec",4,9,6,"",155.14,0,0,0,0,0,0,0,0,0,0,0,0,0,0,0,0,0,0,0,0,155.14,0,0,0
"MtrElec",4,9,7,"",220.445,0,0,0,0,0,0,0,0,0,0,0,0,0,0,0,0,0,0,0,0,222.947,0,0,-2.50152
"MtrElec",4,9,8,"",201.475,0,0,0,0,0,0,0,0,0,0,0,0,0,0,0,0,0,0,0,0,290.496,0,0,-89.0202
"MtrElec",4,9,9,"",93.8388,0,0,0,0,0,0,0,0,0,0,0,0,0,0,0,0,0,0,0,0,362.526,0,0,-268.687
"MtrElec",4,9,10,"",-10.1361,0,0,0,0,0,0,0,0,0,0,0,0,0,0,0,0,0,0,0,0,429.264,0,0,-439.4
"MtrElec",4,9,11,"",0,0,0,0,0,0,0,0,0,0,0,0,0,0,0,0,0,0,0,0,0,444.315,0,102.724,-547.04
"MtrElec",4,9,12,"",0,0,0,0,0,0,0,0,0,0,0,0,0,0,0,0,0,0,0,0,0,481.361,0,101.586,-582.947
"MtrElec",4,9,13,"",0,0,0,0,0,0,0,0,0,0,0,0,0,0,0,0,0,0,0,0,0,505.454,0,153.889,-659.343
"MtrElec",4,9,14,"",-8.35606,0,0,0,0,0,0,0,0,0,0,0,0,0,0,0,0,0,0,0,0,422.341,0,223.217,-653.914
"MtrElec",4,9,15,"",0,0,0,0,0,0,0,0,0,0,0,0,0,0,0,0,0,0,0,0,0,481.531,0,140.19,-621.722
"MtrElec",4,9,16,"",0.0000020,0,0,0,0,0,0,0,0,0,0,0,0,0,0,0,0,0,0,0,0,494.883,0,31.6408,-526.524
"MtrElec",4,9,17,"",115.964,0,0,0,0,0,0,0,0,0,0,0,0,0,0,0,0,0,0,0,0,514.001,0,0,-398.037
"MtrElec",4,9,18,"",327.851,0,0,0,0,0,0,0,0,0,0,0,0,0,0,0,0,0,0,0,0,546.188,0,0,-218.337
"MtrElec",4,9,19,"",277.098,0,0,0,0,0,0,0,0,0,0,0,0,0,0,0,0,0,0,0,0,550.307,0,-223.217,-49.992
"MtrElec",4,9,20,"",261.194,0,0,0,0,0,0,0,0,0,0,0,0,0,0,0,0,0,0,0,0,484.411,0,-223.217,0
"MtrElec",4,9,21,"",251.582,0,0,0,0,0,0,0,0,0,0,0,0,0,0,0,0,0,0,0,0,474.799,0,-223.217,0
"MtrElec",4,9,22,"",287.45,0,0,0,0,0,0,0,0,0,0,0,0,0,0,0,0,0,0,0,0,297.606,0,-10.1556,0
"MtrElec",4,9,23,"",299.016,0,0,0,0,0,0,0,0,0,0,0,0,0,0,0,0,0,0,0,0,299.016,0,0,0
"MtrElec",4,9,24,"",256.484,0,0,0,0,0,0,0,0,0,0,0,0,0,0,0,0,0,0,0,0,256.484,0,0,0
"MtrElec",4,10,1,"",192.398,0,0,0,0,0,0,0,0,0,0,0,0,0,0,0,0,0,0,0,0,192.398,0,0,0
"MtrElec",4,10,2,"",150.186,0,0,0,0,0,0,0,0,0,0,0,0,0,0,0,0,0,0,0,0,150.186,0,0,0
"MtrElec",4,10,3,"",146.59,0,0,0,0,0,0,0,0,0,0,0,0,0,0,0,0,0,0,0,0,146.59,0,0,0
"MtrElec",4,10,4,"",147.315,0,0,0,0,0,0,0,0,0,0,0,0,0,0,0,0,0,0,0,0,147.315,0,0,0
"MtrElec",4,10,5,"",147.119,0,0,0,0,0,0,0,0,0,0,0,0,0,0,0,0,0,0,0,0,147.119,0,0,0
"MtrElec",4,10,6,"",159.433,0,0,0,0,0,0,0,0,0,0,0,0,0,0,0,0,0,0,0,0,159.433,0,0,0
"MtrElec",4,10,7,"",223.369,0,0,0,0,0,0,0,0,0,0,0,0,0,0,0,0,0,0,0,0,226.445,0,0,-3.07591
"MtrElec",4,10,8,"",219.603,0,0,0,0,0,0,0,0,0,0,0,0,0,0,0,0,0,0,0,0,309.326,0,0,-89.7229
"MtrElec",4,10,9,"",163.034,0,0,0,0,0,0,0,0,0,0,0,0,0,0,0,0,0,0,0,0,410.88,0,0,-247.846
"MtrElec",4,10,10,"",116.803,0,0,0,0,0,0,0,0,0,0,0,0,0,0,0,0,0,0,0,0,530.305,0,0,-413.502
"MtrElec",4,10,11,"",0,0,0,0,0,0,0,0,0,0,0,0,0,0,0,0,0,0,0,0,0,513.96,0,41.9538,-555.914
"MtrElec",4,10,12,"",0.0000078,0,0,0,0,0,0,0,0,0,0,0,0,0,0,0,0,0,0,0,0,514.025,0,121.333,-635.358
"MtrElec",4,10,13,"",0,0,0,0,0,0,0,0,0,0,0,0,0,0,0,0,0,0,0,0,0,600.67,0,65.9214,-666.591
"MtrElec",4,10,14,"",0,0,0,0,0,0,0,0,0,0,0,0,0,0,0,0,0,0,0,0,0,473.462,0,199.268,-672.729
"MtrElec",4,10,15,"",0,0,0,0,0,0,0,0,0,0,0,0,0,0,0,0,0,0,0,0,0,509.562,0,126.829,-636.391
"MtrElec",4,10,16,"",0,0,0,0,0,0,0,0,0,0,0,0,0,0,0,0,0,0,0,0,0,480.221,0,58.1492,-538.37
"MtrElec",4,10,17,"",159.845,0,0,0,0,0,0,0,0,0,0,0,0,0,0,0,0,0,0,0,0,560.273,0,0,-400.428
"MtrElec",4,10,18,"",323.409,0,0,0,0,0,0,0,0,0,0,0,0,0,0,0,0,0,0,0,0,541.684,0,0,-218.275
"MtrElec",4,10,19,"",229.06,0,0,0,0,0,0,0,0,0,0,0,0,0,0,0,0,0,0,0,0,502.635,0,-223.217,-50.3587
"MtrElec",4,10,20,"",277.484,0,0,0,0,0,0,0,0,0,0,0,0,0,0,0,0,0,0,0,0,500.701,0,-223.217,0
"MtrElec",4,10,21,"",356.396,0,0,0,0,0,0,0,0,0,0,0,0,0,0,0,0,0,0,0,0,463.604,0,-107.208,0
"MtrElec",4,10,22,"",298.901,0,0,0,0,0,0,0,0,0,0,0,0,0,0,0,0,0,0,0,0,298.901,0,0,0
"MtrElec",4,10,23,"",279.629,0,0,0,0,0,0,0,0,0,0,0,0,0,0,0,0,0,0,0,0,279.629,0,0,0
"MtrElec",4,10,24,"",200.681,0,0,0,0,0,0,0,0,0,0,0,0,0,0,0,0,0,0,0,0,200.681,0,0,0
"MtrElec",4,11,1,"",160.373,0,0,0,0,0,0,0,0,0,0,0,0,0,0,0,0,0,0,0,0,160.373,0,0,0
"MtrElec",4,11,2,"",153.062,0,0,0,0,0,0,0,0,0,0,0,0,0,0,0,0,0,0,0,0,153.062,0,0,0
"MtrElec",4,11,3,"",151.263,0,0,0,0,0,0,0,0,0,0,0,0,0,0,0,0,0,0,0,0,151.263,0,0,0
"MtrElec",4,11,4,"",148.669,0,0,0,0,0,0,0,0,0,0,0,0,0,0,0,0,0,0,0,0,148.669,0,0,0
"MtrElec",4,11,5,"",159.77,0,0,0,0,0,0,0,0,0,0,0,0,0,0,0,0,0,0,0,0,159.77,0,0,0
"MtrElec",4,11,6,"",188.819,0,0,0,0,0,0,0,0,0,0,0,0,0,0,0,0,0,0,0,0,188.819,0,0,0
"MtrElec",4,11,7,"",166.511,0,0,0,0,0,0,0,0,0,0,0,0,0,0,0,0,0,0,0,0,169.008,0,0,-2.49688
"MtrElec",4,11,8,"",184.803,0,0,0,0,0,0,0,0,0,0,0,0,0,0,0,0,0,0,0,0,275.088,0,0,-90.2849
"MtrElec",4,11,9,"",27.2,0,0,0,0,0,0,0,0,0,0,0,0,0,0,0,0,0,0,0,0,304.401,0,0,-277.201
"MtrElec",4,11,10,"",-36.8967,0,0,0,0,0,0,0,0,0,0,0,0,0,0,0,0,0,0,0,0,416.779,0,0,-453.676
"MtrElec",4,11,11,"",0.0000078,0,0,0,0,0,0,0,0,0,0,0,0,0,0,0,0,0,0,0,0,502.407,0,75.3132,-577.72
"MtrElec",4,11,12,"",0,0,0,0,0,0,0,0,0,0,0,0,0,0,0,0,0,0,0,0,0,489.789,0,171.679,-661.467
"MtrElec",4,11,13,"",0,0,0,0,0,0,0,0,0,0,0,0,0,0,0,0,0,0,0,0,0,507.846,0,194.066,-701.912
"MtrElec",4,11,14,"",0,0,0,0,0,0,0,0,0,0,0,0,0,0,0,0,0,0,0,0,0,480.682,0,208.438,-689.12
"MtrElec",4,11,15,"",0.0000156,0,0,0,0,0,0,0,0,0,0,0,0,0,0,0,0,0,0,0,0,485.708,0,148.638,-634.345
"MtrElec",4,11,16,"",-41.8955,0,0,0,0,0,0,0,0,0,0,0,0,0,0,0,0,0,0,0,0,507.563,0,0.748016,-550.206
"MtrElec",4,11,17,"",94.0409,0,0,0,0,0,0,0,0,0,0,0,0,0,0,0,0,0,0,0,0,503.966,0,0,-409.925
"MtrElec",4,11,18,"",255.628,0,0,0,0,0,0,0,0,0,0,0,0,0,0,0,0,0,0,0,0,483.49,0,0,-227.862
"MtrElec",4,11,19,"",214.768,0,0,0,0,0,0,0,0,0,0,0,0,0,0,0,0,0,0,0,0,490.84,0,-223.217,-52.8549
"MtrElec",4,11,20,"",191.201,0,0,0,0,0,0,0,0,0,0,0,0,0,0,0,0,0,0,0,0,414.418,0,-223.217,0
"MtrElec",4,11,21,"",111.17,0,0,0,0,0,0,0,0,0,0,0,0,0,0,0,0,0,0,0,0,334.387,0,-223.217,0
"MtrElec",4,11,22,"",257.353,0,0,0,0,0,0,0,0,0,0,0,0,0,0,0,0,0,0,0,0,308.693,0,-51.3398,0
"MtrElec",4,11,23,"",233.988,0,0,0,0,0,0,0,0,0,0,0,0,0,0,0,0,0,0,0,0,233.988,0,0,0
"MtrElec",4,11,24,"",218.647,0,0,0,0,0,0,0,0,0,0,0,0,0,0,0,0,0,0,0,0,218.647,0,0,0
"MtrElec",4,12,1,"",166.186,0,0,0,0,0,0,0,0,0,0,0,0,0,0,0,0,0,0,0,0,166.186,0,0,0
"MtrElec",4,12,2,"",149.112,0,0,0,0,0,0,0,0,0,0,0,0,0,0,0,0,0,0,0,0,149.112,0,0,0
"MtrElec",4,12,3,"",149.991,0,0,0,0,0,0,0,0,0,0,0,0,0,0,0,0,0,0,0,0,149.991,0,0,0
"MtrElec",4,12,4,"",161.422,0,0,0,0,0,0,0,0,0,0,0,0,0,0,0,0,0,0,0,0,161.422,0,0,0
"MtrElec",4,12,5,"",196.541,0,0,0,0,0,0,0,0,0,0,0,0,0,0,0,0,0,0,0,0,196.541,0,0,0
"MtrElec",4,12,6,"",148.794,0,0,0,0,0,0,0,0,0,0,0,0,0,0,0,0,0,0,0,0,148.794,0,0,0
"MtrElec",4,12,7,"",150.679,0,0,0,0,0,0,0,0,0,0,0,0,0,0,0,0,0,0,0,0,154.736,0,0,-4.05704
"MtrElec",4,12,8,"",143.625,0,0,0,0,0,0,0,0,0,0,0,0,0,0,0,0,0,0,0,0,238.629,0,0,-95.0043
"MtrElec",4,12,9,"",-5.73209,0,0,0,0,0,0,0,0,0,0,0,0,0,0,0,0,0,0,0,0,279.792,0,0,-285.525
"MtrElec",4,12,10,"",-163.903,0,0,0,0,0,0,0,0,0,0,0,0,0,0,0,0,0,0,0,0,310.335,0,0,-474.238
"MtrElec",4,12,11,"",-34.9509,0,0,0,0,0,0,0,0,0,0,0,0,0,0,0,0,0,0,0,0,361.185,0,223.217,-619.353
"MtrElec",4,12,12,"",-139.951,0,0,0,0,0,0,0,0,0,0,0,0,0,0,0,0,0,0,0,0,355.835,0,223.217,-719.003
"MtrElec",4,12,13,"",-128.477,0,0,0,0,0,0,0,0,0,0,0,0,0,0,0,0,0,0,0,0,411.436,0,223.217,-763.129
"MtrElec",4,12,14,"",-291.311,0,0,0,0,0,0,0,0,0,0,0,0,0,0,0,0,0,0,0,0,324.047,0,129.231,-744.589
"MtrElec",4,12,15,"",-324.103,0,0,0,0,0,0,0,0,0,0,0,0,0,0,0,0,0,0,0,0,361.946,0,0,-686.049
"MtrElec",4,12,16,"",-260.142,0,0,0,0,0,0,0,0,0,0,0,0,0,0,0,0,0,0,0,0,310.711,0,0,-570.852
"MtrElec",4,12,17,"",-73.8501,0,0,0,0,0,0,0,0,0,0,0,0,0,0,0,0,0,0,0,0,340.971,0,0,-414.821
"MtrElec",4,12,18,"",99.9676,0,0,0,0,0,0,0,0,0,0,0,0,0,0,0,0,0,0,0,0,317.147,0,0,-217.18
"MtrElec",4,12,19,"",100.029,0,0,0,0,0,0,0,0,0,0,0,0,0,0,0,0,0,0,0,0,379.935,0,-223.217,-56.6892
"MtrElec",4,12,20,"",82.7627,0,0,0,0,0,0,0,0,0,0,0,0,0,0,0,0,0,0,0,0,305.98,0,-223.217,0
"MtrElec",4,12,21,"",96.8886,0,0,0,0,0,0,0,0,0,0,0,0,0,0,0,0,0,0,0,0,320.105,0,-223.217,0
"MtrElec",4,12,22,"",204.753,0,0,0,0,0,0,0,0,0,0,0,0,0,0,0,0,0,0,0,0,256.093,0,-51.3398,0
"MtrElec",4,12,23,"",260.178,0,0,0,0,0,0,0,0,0,0,0,0,0,0,0,0,0,0,0,0,260.178,0,0,0
"MtrElec",4,12,24,"",209.786,0,0,0,0,0,0,0,0,0,0,0,0,0,0,0,0,0,0,0,0,209.786,0,0,0
"MtrElec",4,13,1,"",174.636,0,0,0,0,0,0,0,0,0,0,0,0,0,0,0,0,0,0,0,0,174.636,0,0,0
"MtrElec",4,13,2,"",149.447,0,0,0,0,0,0,0,0,0,0,0,0,0,0,0,0,0,0,0,0,149.447,0,0,0
"MtrElec",4,13,3,"",146.299,0,0,0,0,0,0,0,0,0,0,0,0,0,0,0,0,0,0,0,0,146.299,0,0,0
"MtrElec",4,13,4,"",146.329,0,0,0,0,0,0,0,0,0,0,0,0,0,0,0,0,0,0,0,0,146.329,0,0,0
"MtrElec",4,13,5,"",180.57,0,0,0,0,0,0,0,0,0,0,0,0,0,0,0,0,0,0,0,0,180.57,0,0,0
"MtrElec",4,13,6,"",153.982,0,0,0,0,0,0,0,0,0,0,0,0,0,0,0,0,0,0,0,0,153.982,0,0,0
"MtrElec",4,13,7,"",261.941,0,0,0,0,0,0,0,0,0,0,0,0,0,0,0,0,0,0,0,0,268.288,0,0,-6.34711
"MtrElec",4,13,8,"",205.034,0,0,0,0,0,0,0,0,0,0,0,0,0,0,0,0,0,0,0,0,303.525,0,0,-98.4903
"MtrElec",4,13,9,"",111.839,0,0,0,0,0,0,0,0,0,0,0,0,0,0,0,0,0,0,0,0,392.263,0,0,-280.424
"MtrElec",4,13,10,"",-65.0707,0,0,0,0,0,0,0,0,0,0,0,0,0,0,0,0,0,0,0,0,387.329,0,0,-452.4
"MtrElec",4,13,11,"",0,0,0,0,0,0,0,0,0,0,0,0,0,0,0,0,0,0,0,0,0,418.229,0,173.837,-592.067
"MtrElec",4,13,12,"",-64.7699,0,0,0,0,0,0,0,0,0,0,0,0,0,0,0,0,0,0,0,0,388.547,0,223.217,-676.534
"MtrElec",4,13,13,"",-72.3148,0,0,0,0,0,0,0,0,0,0,0,0,0,0,0,0,0,0,0,0,404.349,0,223.217,-699.88
"MtrElec",4,13,14,"",-172.402,0,0,0,0,0,0,0,0,0,0,0,0,0,0,0,0,0,0,0,0,360.742,0,178.61,-711.754
"MtrElec",4,13,15,"",-254.985,0,0,0,0,0,0,0,0,0,0,0,0,0,0,0,0,0,0,0,0,408.815,0,0,-663.8
"MtrElec",4,13,16,"",-176.441,0,0,0,0,0,0,0,0,0,0,0,0,0,0,0,0,0,0,0,0,379.669,0,0,-556.11
"MtrElec",4,13,17,"",8.95031,0,0,0,0,0,0,0,0,0,0,0,0,0,0,0,0,0,0,0,0,418.68,0,0,-409.729
"MtrElec",4,13,18,"",218.233,0,0,0,0,0,0,0,0,0,0,0,0,0,0,0,0,0,0,0,0,442.633,0,0,-224.4
"MtrElec",4,13,19,"",140.112,0,0,0,0,0,0,0,0,0,0,0,0,0,0,0,0,0,0,0,0,418.281,0,-223.217,-54.9519
"MtrElec",4,13,20,"",206.068,0,0,0,0,0,0,0,0,0,0,0,0,0,0,0,0,0,0,0,0,429.285,0,-223.217,0
"MtrElec",4,13,21,"",229.646,0,0,0,0,0,0,0,0,0,0,0,0,0,0,0,0,0,0,0,0,452.863,0,-223.217,0
"MtrElec",4,13,22,"",200.184,0,0,0,0,0,0,0,0,0,0,0,0,0,0,0,0,0,0,0,0,251.524,0,-51.3398,0
"MtrElec",4,13,23,"",262.859,0,0,0,0,0,0,0,0,0,0,0,0,0,0,0,0,0,0,0,0,262.859,0,0,0
"MtrElec",4,13,24,"",181.398,0,0,0,0,0,0,0,0,0,0,0,0,0,0,0,0,0,0,0,0,181.398,0,0,0
"MtrElec",4,14,1,"",181.41,0,0,0,0,0,0,0,0,0,0,0,0,0,0,0,0,0,0,0,0,181.41,0,0,0
"MtrElec",4,14,2,"",157.852,0,0,0,0,0,0,0,0,0,0,0,0,0,0,0,0,0,0,0,0,157.852,0,0,0
"MtrElec",4,14,3,"",151.123,0,0,0,0,0,0,0,0,0,0,0,0,0,0,0,0,0,0,0,0,151.123,0,0,0
"MtrElec",4,14,4,"",154.815,0,0,0,0,0,0,0,0,0,0,0,0,0,0,0,0,0,0,0,0,154.815,0,0,0
"MtrElec",4,14,5,"",152.615,0,0,0,0,0,0,0,0,0,0,0,0,0,0,0,0,0,0,0,0,152.615,0,0,0
"MtrElec",4,14,6,"",168.742,0,0,0,0,0,0,0,0,0,0,0,0,0,0,0,0,0,0,0,0,168.742,0,0,0
"MtrElec",4,14,7,"",260.962,0,0,0,0,0,0,0,0,0,0,0,0,0,0,0,0,0,0,0,0,268.412,0,0,-7.45024
"MtrElec",4,14,8,"",207.016,0,0,0,0,0,0,0,0,0,0,0,0,0,0,0,0,0,0,0,0,307.68,0,0,-100.663
"MtrElec",4,14,9,"",108.159,0,0,0,0,0,0,0,0,0,0,0,0,0,0,0,0,0,0,0,0,395.832,0,0,-287.673
"MtrElec",4,14,10,"",-6.58041,0,0,0,0,0,0,0,0,0,0,0,0,0,0,0,0,0,0,0,0,446.141,0,0,-452.721
"MtrElec",4,14,11,"",0,0,0,0,0,0,0,0,0,0,0,0,0,0,0,0,0,0,0,0,0,512.466,0,62.7202,-575.186
"MtrElec",4,14,12,"",0,0,0,0,0,0,0,0,0,0,0,0,0,0,0,0,0,0,0,0,0,502.24,0,149.881,-652.121
"MtrElec",4,14,13,"",-30.7856,0,0,0,0,0,0,0,0,0,0,0,0,0,0,0,0,0,0,0,0,449.225,0,223.217,-703.228
"MtrElec",4,14,14,"",-53.2347,0,0,0,0,0,0,0,0,0,0,0,0,0,0,0,0,0,0,0,0,436.273,0,223.217,-712.724
"MtrElec",4,14,15,"",-97.2254,0,0,0,0,0,0,0,0,0,0,0,0,0,0,0,0,0,0,0,0,423.887,0,139.846,-660.958
"MtrElec",4,14,16,"",-61.2288,0,0,0,0,0,0,0,0,0,0,0,0,0,0,0,0,0,0,0,0,489.642,0,0,-550.871
"MtrElec",4,14,17,"",94.2198,0,0,0,0,0,0,0,0,0,0,0,0,0,0,0,0,0,0,0,0,506.658,0,0,-412.439
"MtrElec",4,14,18,"",297.975,0,0,0,0,0,0,0,0,0,0,0,0,0,0,0,0,0,0,0,0,529.554,0,0,-231.579
"MtrElec",4,14,19,"",184.899,0,0,0,0,0,0,0,0,0,0,0,0,0,0,0,0,0,0,0,0,463.42,0,-223.217,-55.3036
"MtrElec",4,14,20,"",277.542,0,0,0,0,0,0,0,0,0,0,0,0,0,0,0,0,0,0,0,0,500.759,0,-223.217,0
"MtrElec",4,14,21,"",259.686,0,0,0,0,0,0,0,0,0,0,0,0,0,0,0,0,0,0,0,0,482.903,0,-223.217,0
"MtrElec",4,14,22,"",244.986,0,0,0,0,0,0,0,0,0,0,0,0,0,0,0,0,0,0,0,0,296.326,0,-51.3398,0
"MtrElec",4,14,23,"",247.253,0,0,0,0,0,0,0,0,0,0,0,0,0,0,0,0,0,0,0,0,247.253,0,0,0
"MtrElec",4,14,24,"",234.695,0,0,0,0,0,0,0,0,0,0,0,0,0,0,0,0,0,0,0,0,234.695,0,0,0
"MtrElec",4,15,1,"",170.469,0,0,0,0,0,0,0,0,0,0,0,0,0,0,0,0,0,0,0,0,170.469,0,0,0
"MtrElec",4,15,2,"",153.203,0,0,0,0,0,0,0,0,0,0,0,0,0,0,0,0,0,0,0,0,153.203,0,0,0
"MtrElec",4,15,3,"",146.594,0,0,0,0,0,0,0,0,0,0,0,0,0,0,0,0,0,0,0,0,146.594,0,0,0
"MtrElec",4,15,4,"",154.617,0,0,0,0,0,0,0,0,0,0,0,0,0,0,0,0,0,0,0,0,154.617,0,0,0
"MtrElec",4,15,5,"",144.766,0,0,0,0,0,0,0,0,0,0,0,0,0,0,0,0,0,0,0,0,144.766,0,0,0
"MtrElec",4,15,6,"",182.063,0,0,0,0,0,0,0,0,0,0,0,0,0,0,0,0,0,0,0,0,182.063,0,0,0
"MtrElec",4,15,7,"",263.99,0,0,0,0,0,0,0,0,0,0,0,0,0,0,0,0,0,0,0,0,273.577,0,0,-9.58718
"MtrElec",4,15,8,"",198.519,0,0,0,0,0,0,0,0,0,0,0,0,0,0,0,0,0,0,0,0,302.072,0,0,-103.552
"MtrElec",4,15,9,"",57.7535,0,0,0,0,0,0,0,0,0,0,0,0,0,0,0,0,0,0,0,0,319.1,0,0,-261.347
"MtrElec",4,15,10,"",29.1626,0,0,0,0,0,0,0,0,0,0,0,0,0,0,0,0,0,0,0,0,468.729,0,0,-439.566
"MtrElec",4,15,11,"",0,0,0,0,0,0,0,0,0,0,0,0,0,0,0,0,0,0,0,0,0,432.39,0,105.682,-538.072
"MtrElec",4,15,12,"",0,0,0,0,0,0,0,0,0,0,0,0,0,0,0,0,0,0,0,0,0,455.053,0,65.8406,-520.894
"MtrElec",4,15,13,"",0.0000078,0,0,0,0,0,0,0,0,0,0,0,0,0,0,0,0,0,0,0,0,503.117,0,73.789,-576.906
"MtrElec",4,15,14,"",0.0000078,0,0,0,0,0,0,0,0,0,0,0,0,0,0,0,0,0,0,0,0,430.042,0,97.0683,-527.11
"MtrElec",4,15,15,"",0,0,0,0,0,0,0,0,0,0,0,0,0,0,0,0,0,0,0,0,0,417.871,0,63.5934,-481.465
"MtrElec",4,15,16,"",131.963,0,0,0,0,0,0,0,0,0,0,0,0,0,0,0,0,0,0,0,0,436.877,0,0,-304.914
"MtrElec",4,15,17,"",282.591,0,0,0,0,0,0,0,0,0,0,0,0,0,0,0,0,0,0,0,0,464.914,0,0,-182.323
"MtrElec",4,15,18,"",276.993,0,0,0,0,0,0,0,0,0,0,0,0,0,0,0,0,0,0,0,0,419.229,0,0,-142.236
"MtrElec",4,15,19,"",160.567,0,0,0,0,0,0,0,0,0,0,0,0,0,0,0,0,0,0,0,0,426.364,0,-223.217,-42.5805
"MtrElec",4,15,20,"",237.361,0,0,0,0,0,0,0,0,0,0,0,0,0,0,0,0,0,0,0,0,380.535,0,-143.174,0
"MtrElec",4,15,21,"",387.015,0,0,0,0,0,0,0,0,0,0,0,0,0,0,0,0,0,0,0,0,387.015,0,0,0
"MtrElec",4,15,22,"",285.528,0,0,0,0,0,0,0,0,0,0,0,0,0,0,0,0,0,0,0,0,285.528,0,0,0
"MtrElec",4,15,23,"",273.291,0,0,0,0,0,0,0,0,0,0,0,0,0,0,0,0,0,0,0,0,273.291,0,0,0
"MtrElec",4,15,24,"",242.787,0,0,0,0,0,0,0,0,0,0,0,0,0,0,0,0,0,0,0,0,242.787,0,0,0
"MtrElec",4,16,1,"",193.009,0,0,0,0,0,0,0,0,0,0,0,0,0,0,0,0,0,0,0,0,193.009,0,0,0
"MtrElec",4,16,2,"",150.645,0,0,0,0,0,0,0,0,0,0,0,0,0,0,0,0,0,0,0,0,150.645,0,0,0
"MtrElec",4,16,3,"",145.154,0,0,0,0,0,0,0,0,0,0,0,0,0,0,0,0,0,0,0,0,145.154,0,0,0
"MtrElec",4,16,4,"",152.764,0,0,0,0,0,0,0,0,0,0,0,0,0,0,0,0,0,0,0,0,152.764,0,0,0
"MtrElec",4,16,5,"",146.269,0,0,0,0,0,0,0,0,0,0,0,0,0,0,0,0,0,0,0,0,146.269,0,0,0
"MtrElec",4,16,6,"",151.917,0,0,0,0,0,0,0,0,0,0,0,0,0,0,0,0,0,0,0,0,151.917,0,0,0
"MtrElec",4,16,7,"",250.172,0,0,0,0,0,0,0,0,0,0,0,0,0,0,0,0,0,0,0,0,259.178,0,0,-9.0055
"MtrElec",4,16,8,"",170.128,0,0,0,0,0,0,0,0,0,0,0,0,0,0,0,0,0,0,0,0,271.842,0,0,-101.713
"MtrElec",4,16,9,"",23.5392,0,0,0,0,0,0,0,0,0,0,0,0,0,0,0,0,0,0,0,0,315.003,0,0,-291.464
"MtrElec",4,16,10,"",-29.0408,0,0,0,0,0,0,0,0,0,0,0,0,0,0,0,0,0,0,0,0,428.787,0,0,-457.827
"MtrElec",4,16,11,"",0,0,0,0,0,0,0,0,0,0,0,0,0,0,0,0,0,0,0,0,0,414.073,0,174.258,-588.331
"MtrElec",4,16,12,"",0,0,0,0,0,0,0,0,0,0,0,0,0,0,0,0,0,0,0,0,0,457.851,0,216.328,-674.179
"MtrElec",4,16,13,"",-110.888,0,0,0,0,0,0,0,0,0,0,0,0,0,0,0,0,0,0,0,0,396.538,0,223.217,-730.643
"MtrElec",4,16,14,"",-171.928,0,0,0,0,0,0,0,0,0,0,0,0,0,0,0,0,0,0,0,0,382.559,0,185.079,-739.566
"MtrElec",4,16,15,"",-308.562,0,0,0,0,0,0,0,0,0,0,0,0,0,0,0,0,0,0,0,0,374.646,0,0,-683.208
"MtrElec",4,16,16,"",-207.622,0,0,0,0,0,0,0,0,0,0,0,0,0,0,0,0,0,0,0,0,370.511,0,0,-578.133
"MtrElec",4,16,17,"",-44.1481,0,0,0,0,0,0,0,0,0,0,0,0,0,0,0,0,0,0,0,0,383.313,0,0,-427.461
"MtrElec",4,16,18,"",178.688,0,0,0,0,0,0,0,0,0,0,0,0,0,0,0,0,0,0,0,0,416.36,0,0,-237.671
"MtrElec",4,16,19,"",120.054,0,0,0,0,0,0,0,0,0,0,0,0,0,0,0,0,0,0,0,0,399.988,0,-223.217,-56.7169
"MtrElec",4,16,20,"",170.926,0,0,0,0,0,0,0,0,0,0,0,0,0,0,0,0,0,0,0,0,394.143,0,-223.217,0
"MtrElec",4,16,21,"",161.359,0,0,0,0,0,0,0,0,0,0,0,0,0,0,0,0,0,0,0,0,384.575,0,-223.217,0
"MtrElec",4,16,22,"",230.359,0,0,0,0,0,0,0,0,0,0,0,0,0,0,0,0,0,0,0,0,281.699,0,-51.3398,0
"MtrElec",4,16,23,"",278.204,0,0,0,0,0,0,0,0,0,0,0,0,0,0,0,0,0,0,0,0,278.204,0,0,0
"MtrElec",4,16,24,"",216.536,0,0,0,0,0,0,0,0,0,0,0,0,0,0,0,0,0,0,0,0,216.536,0,0,0
"MtrElec",4,17,1,"",196.085,0,0,0,0,0,0,0,0,0,0,0,0,0,0,0,0,0,0,0,0,196.085,0,0,0
"MtrElec",4,17,2,"",150.311,0,0,0,0,0,0,0,0,0,0,0,0,0,0,0,0,0,0,0,0,150.311,0,0,0
"MtrElec",4,17,3,"",145.428,0,0,0,0,0,0,0,0,0,0,0,0,0,0,0,0,0,0,0,0,145.428,0,0,0
"MtrElec",4,17,4,"",145.214,0,0,0,0,0,0,0,0,0,0,0,0,0,0,0,0,0,0,0,0,145.214,0,0,0
"MtrElec",4,17,5,"",141.538,0,0,0,0,0,0,0,0,0,0,0,0,0,0,0,0,0,0,0,0,141.538,0,0,0
"MtrElec",4,17,6,"",168.481,0,0,0,0,0,0,0,0,0,0,0,0,0,0,0,0,0,0,0,0,168.481,0,0,0
"MtrElec",4,17,7,"",243.684,0,0,0,0,0,0,0,0,0,0,0,0,0,0,0,0,0,0,0,0,252.989,0,0,-9.30454
"MtrElec",4,17,8,"",202.716,0,0,0,0,0,0,0,0,0,0,0,0,0,0,0,0,0,0,0,0,311.806,0,0,-109.09
"MtrElec",4,17,9,"",82.0319,0,0,0,0,0,0,0,0,0,0,0,0,0,0,0,0,0,0,0,0,390.41,0,0,-308.378
"MtrElec",4,17,10,"",-116.154,0,0,0,0,0,0,0,0,0,0,0,0,0,0,0,0,0,0,0,0,375.366,0,0,-491.52
"MtrElec",4,17,11,"",0.0000156,0,0,0,0,0,0,0,0,0,0,0,0,0,0,0,0,0,0,0,0,411.668,0,204.448,-616.116
"MtrElec",4,17,12,"",-106.667,0,0,0,0,0,0,0,0,0,0,0,0,0,0,0,0,0,0,0,0,347.253,0,223.217,-677.138
"MtrElec",4,17,13,"",-51.1249,0,0,0,0,0,0,0,0,0,0,0,0,0,0,0,0,0,0,0,0,453.183,0,223.217,-727.525
"MtrElec",4,17,14,"",-256.7,0,0,0,0,0,0,0,0,0,0,0,0,0,0,0,0,0,0,0,0,325.86,0,148,-730.559
"MtrElec",4,17,15,"",-295.735,0,0,0,0,0,0,0,0,0,0,0,0,0,0,0,0,0,0,0,0,369.757,0,0,-665.492
"MtrElec",4,17,16,"",-196.863,0,0,0,0,0,0,0,0,0,0,0,0,0,0,0,0,0,0,0,0,371.869,0,0,-568.731
"MtrElec",4,17,17,"",-8.27375,0,0,0,0,0,0,0,0,0,0,0,0,0,0,0,0,0,0,0,0,418.977,0,0,-427.25
"MtrElec",4,17,18,"",155.765,0,0,0,0,0,0,0,0,0,0,0,0,0,0,0,0,0,0,0,0,391.615,0,0,-235.85
"MtrElec",4,17,19,"",146.568,0,0,0,0,0,0,0,0,0,0,0,0,0,0,0,0,0,0,0,0,425.613,0,-223.217,-55.8286
"MtrElec",4,17,20,"",145.936,0,0,0,0,0,0,0,0,0,0,0,0,0,0,0,0,0,0,0,0,369.153,0,-223.217,0
"MtrElec",4,17,21,"",176.532,0,0,0,0,0,0,0,0,0,0,0,0,0,0,0,0,0,0,0,0,399.749,0,-223.217,0
"MtrElec",4,17,22,"",234.346,0,0,0,0,0,0,0,0,0,0,0,0,0,0,0,0,0,0,0,0,285.686,0,-51.3398,0
"MtrElec",4,17,23,"",261.29,0,0,0,0,0,0,0,0,0,0,0,0,0,0,0,0,0,0,0,0,261.29,0,0,0
"MtrElec",4,17,24,"",187.134,0,0,0,0,0,0,0,0,0,0,0,0,0,0,0,0,0,0,0,0,187.134,0,0,0
"MtrElec",4,18,1,"",163.583,0,0,0,0,0,0,0,0,0,0,0,0,0,0,0,0,0,0,0,0,163.583,0,0,0
"MtrElec",4,18,2,"",159.044,0,0,0,0,0,0,0,0,0,0,0,0,0,0,0,0,0,0,0,0,159.044,0,0,0
"MtrElec",4,18,3,"",186.556,0,0,0,0,0,0,0,0,0,0,0,0,0,0,0,0,0,0,0,0,186.556,0,0,0
"MtrElec",4,18,4,"",150.041,0,0,0,0,0,0,0,0,0,0,0,0,0,0,0,0,0,0,0,0,150.041,0,0,0
"MtrElec",4,18,5,"",165.051,0,0,0,0,0,0,0,0,0,0,0,0,0,0,0,0,0,0,0,0,165.051,0,0,0
"MtrElec",4,18,6,"",150.203,0,0,0,0,0,0,0,0,0,0,0,0,0,0,0,0,0,0,0,0,150.203,0,0,0
"MtrElec",4,18,7,"",199.957,0,0,0,0,0,0,0,0,0,0,0,0,0,0,0,0,0,0,0,0,210.61,0,0,-10.653
"MtrElec",4,18,8,"",90.0479,0,0,0,0,0,0,0,0,0,0,0,0,0,0,0,0,0,0,0,0,198.394,0,0,-108.346
"MtrElec",4,18,9,"",-23.9037,0,0,0,0,0,0,0,0,0,0,0,0,0,0,0,0,0,0,0,0,270.953,0,0,-294.857
"MtrElec",4,18,10,"",-98.1897,0,0,0,0,0,0,0,0,0,0,0,0,0,0,0,0,0,0,0,0,366.911,0,0,-465.101
"MtrElec",4,18,11,"",0,0,0,0,0,0,0,0,0,0,0,0,0,0,0,0,0,0,0,0,0,501.093,0,89.9949,-591.088
"MtrElec",4,18,12,"",0,0,0,0,0,0,0,0,0,0,0,0,0,0,0,0,0,0,0,0,0,523.972,0,145.457,-669.429
"MtrElec",4,18,13,"",0,0,0,0,0,0,0,0,0,0,0,0,0,0,0,0,0,0,0,0,0,534.232,0,181.212,-715.444
"MtrElec",4,18,14,"",-18.7363,0,0,0,0,0,0,0,0,0,0,0,0,0,0,0,0,0,0,0,0,462.082,0,223.217,-704.035
"MtrElec",4,18,15,"",-92.9001,0,0,0,0,0,0,0,0,0,0,0,0,0,0,0,0,0,0,0,0,410.757,0,159.001,-662.658
"MtrElec",4,18,16,"",-148.187,0,0,0,0,0,0,0,0,0,0,0,0,0,0,0,0,0,0,0,0,418.161,0,0,-566.348
"MtrElec",4,18,17,"",28.7342,0,0,0,0,0,0,0,0,0,0,0,0,0,0,0,0,0,0,0,0,443.919,0,0,-415.185
"MtrElec",4,18,18,"",199.986,0,0,0,0,0,0,0,0,0,0,0,0,0,0,0,0,0,0,0,0,428.619,0,0,-228.634
"MtrElec",4,18,19,"",219.523,0,0,0,0,0,0,0,0,0,0,0,0,0,0,0,0,0,0,0,0,501.564,0,-223.217,-58.8246
"MtrElec",4,18,20,"",200.82,0,0,0,0,0,0,0,0,0,0,0,0,0,0,0,0,0,0,0,0,424.037,0,-223.217,0
"MtrElec",4,18,21,"",140.62,0,0,0,0,0,0,0,0,0,0,0,0,0,0,0,0,0,0,0,0,363.836,0,-223.217,0
"MtrElec",4,18,22,"",299.913,0,0,0,0,0,0,0,0,0,0,0,0,0,0,0,0,0,0,0,0,351.253,0,-51.3398,0
"MtrElec",4,18,23,"",246.641,0,0,0,0,0,0,0,0,0,0,0,0,0,0,0,0,0,0,0,0,246.641,0,0,0
"MtrElec",4,18,24,"",208.141,0,0,0,0,0,0,0,0,0,0,0,0,0,0,0,0,0,0,0,0,208.141,0,0,0
"MtrElec",4,19,1,"",161.988,0,0,0,0,0,0,0,0,0,0,0,0,0,0,0,0,0,0,0,0,161.988,0,0,0
"MtrElec",4,19,2,"",148.738,0,0,0,0,0,0,0,0,0,0,0,0,0,0,0,0,0,0,0,0,148.738,0,0,0
"MtrElec",4,19,3,"",149.451,0,0,0,0,0,0,0,0,0,0,0,0,0,0,0,0,0,0,0,0,149.451,0,0,0
"MtrElec",4,19,4,"",168.78,0,0,0,0,0,0,0,0,0,0,0,0,0,0,0,0,0,0,0,0,168.78,0,0,0
"MtrElec",4,19,5,"",172.418,0,0,0,0,0,0,0,0,0,0,0,0,0,0,0,0,0,0,0,0,172.418,0,0,0
"MtrElec",4,19,6,"",144.416,0,0,0,0,0,0,0,0,0,0,0,0,0,0,0,0,0,0,0,0,144.416,0,0,0
"MtrElec",4,19,7,"",142.099,0,0,0,0,0,0,0,0,0,0,0,0,0,0,0,0,0,0,0,0,154.948,0,0,-12.8483
"MtrElec",4,19,8,"",148.48,0,0,0,0,0,0,0,0,0,0,0,0,0,0,0,0,0,0,0,0,259.192,0,0,-110.712
"MtrElec",4,19,9,"",-18.3298,0,0,0,0,0,0,0,0,0,0,0,0,0,0,0,0,0,0,0,0,218.89,0,0,-237.22
"MtrElec",4,19,10,"",-27.9048,0,0,0,0,0,0,0,0,0,0,0,0,0,0,0,0,0,0,0,0,289.855,0,0,-317.76
"MtrElec",4,19,11,"",39.5444,0,0,0,0,0,0,0,0,0,0,0,0,0,0,0,0,0,0,0,0,423.924,0,0,-384.38
"MtrElec",4,19,12,"",-8.28419,0,0,0,0,0,0,0,0,0,0,0,0,0,0,0,0,0,0,0,0,374.953,0,223.217,-606.454
"MtrElec",4,19,13,"",-97.8151,0,0,0,0,0,0,0,0,0,0,0,0,0,0,0,0,0,0,0,0,379.826,0,223.217,-700.858
"MtrElec",4,19,14,"",-154.27,0,0,0,0,0,0,0,0,0,0,0,0,0,0,0,0,0,0,0,0,322.286,0,223.217,-699.773
"MtrElec",4,19,15,"",-166.292,0,0,0,0,0,0,0,0,0,0,0,0,0,0,0,0,0,0,0,0,377.171,0,129.231,-672.694
"MtrElec",4,19,16,"",-243.091,0,0,0,0,0,0,0,0,0,0,0,0,0,0,0,0,0,0,0,0,327.428,0,0,-570.519
"MtrElec",4,19,17,"",-98.4088,0,0,0,0,0,0,0,0,0,0,0,0,0,0,0,0,0,0,0,0,327.633,0,0,-426.042
"MtrElec",4,19,18,"",92.3946,0,0,0,0,0,0,0,0,0,0,0,0,0,0,0,0,0,0,0,0,331.03,0,0,-238.636
"MtrElec",4,19,19,"",91.2549,0,0,0,0,0,0,0,0,0,0,0,0,0,0,0,0,0,0,0,0,371.804,0,-223.217,-57.332
"MtrElec",4,19,20,"",78.721,0,0,0,0,0,0,0,0,0,0,0,0,0,0,0,0,0,0,0,0,301.938,0,-223.217,0
"MtrElec",4,19,21,"",101.217,0,0,0,0,0,0,0,0,0,0,0,0,0,0,0,0,0,0,0,0,324.433,0,-223.217,0
"MtrElec",4,19,22,"",216.68,0,0,0,0,0,0,0,0,0,0,0,0,0,0,0,0,0,0,0,0,268.02,0,-51.3398,0
"MtrElec",4,19,23,"",258.07,0,0,0,0,0,0,0,0,0,0,0,0,0,0,0,0,0,0,0,0,258.07,0,0,0
"MtrElec",4,19,24,"",214.743,0,0,0,0,0,0,0,0,0,0,0,0,0,0,0,0,0,0,0,0,214.743,0,0,0
"MtrElec",4,20,1,"",167.655,0,0,0,0,0,0,0,0,0,0,0,0,0,0,0,0,0,0,0,0,167.655,0,0,0
"MtrElec",4,20,2,"",149.516,0,0,0,0,0,0,0,0,0,0,0,0,0,0,0,0,0,0,0,0,149.516,0,0,0
"MtrElec",4,20,3,"",168.056,0,0,0,0,0,0,0,0,0,0,0,0,0,0,0,0,0,0,0,0,168.056,0,0,0
"MtrElec",4,20,4,"",162.341,0,0,0,0,0,0,0,0,0,0,0,0,0,0,0,0,0,0,0,0,162.341,0,0,0
"MtrElec",4,20,5,"",143.047,0,0,0,0,0,0,0,0,0,0,0,0,0,0,0,0,0,0,0,0,143.047,0,0,0
"MtrElec",4,20,6,"",149.878,0,0,0,0,0,0,0,0,0,0,0,0,0,0,0,0,0,0,0,0,149.878,0,0,0
"MtrElec",4,20,7,"",222.555,0,0,0,0,0,0,0,0,0,0,0,0,0,0,0,0,0,0,0,0,232.993,0,0,-10.4379
"MtrElec",4,20,8,"",195.456,0,0,0,0,0,0,0,0,0,0,0,0,0,0,0,0,0,0,0,0,289.092,0,0,-93.6356
"MtrElec",4,20,9,"",136.928,0,0,0,0,0,0,0,0,0,0,0,0,0,0,0,0,0,0,0,0,350.669,0,0,-213.741
"MtrElec",4,20,10,"",-48.8379,0,0,0,0,0,0,0,0,0,0,0,0,0,0,0,0,0,0,0,0,398.603,0,0,-447.441
"MtrElec",4,20,11,"",0,0,0,0,0,0,0,0,0,0,0,0,0,0,0,0,0,0,0,0,0,388.104,0,201.625,-589.728
"MtrElec",4,20,12,"",-69.6365,0,0,0,0,0,0,0,0,0,0,0,0,0,0,0,0,0,0,0,0,387.817,0,223.217,-680.67
"MtrElec",4,20,13,"",-67.9005,0,0,0,0,0,0,0,0,0,0,0,0,0,0,0,0,0,0,0,0,418.577,0,223.217,-709.695
"MtrElec",4,20,14,"",-173.259,0,0,0,0,0,0,0,0,0,0,0,0,0,0,0,0,0,0,0,0,390.97,0,150.823,-715.052
"MtrElec",4,20,15,"",-274.497,0,0,0,0,0,0,0,0,0,0,0,0,0,0,0,0,0,0,0,0,396.538,0,0,-671.035
"MtrElec",4,20,16,"",-162.841,0,0,0,0,0,0,0,0,0,0,0,0,0,0,0,0,0,0,0,0,398.541,0,0,-561.382
"MtrElec",4,20,17,"",0.289844,0,0,0,0,0,0,0,0,0,0,0,0,0,0,0,0,0,0,0,0,421.242,0,0,-420.952
"MtrElec",4,20,18,"",148.73,0,0,0,0,0,0,0,0,0,0,0,0,0,0,0,0,0,0,0,0,383.716,0,0,-234.985
"MtrElec",4,20,19,"",114.308,0,0,0,0,0,0,0,0,0,0,0,0,0,0,0,0,0,0,0,0,392.823,0,-223.217,-55.2975
"MtrElec",4,20,20,"",135.894,0,0,0,0,0,0,0,0,0,0,0,0,0,0,0,0,0,0,0,0,359.111,0,-223.217,0
"MtrElec",4,20,21,"",200.95,0,0,0,0,0,0,0,0,0,0,0,0,0,0,0,0,0,0,0,0,424.167,0,-223.217,0
"MtrElec",4,20,22,"",209.763,0,0,0,0,0,0,0,0,0,0,0,0,0,0,0,0,0,0,0,0,261.103,0,-51.3398,0
"MtrElec",4,20,23,"",293.625,0,0,0,0,0,0,0,0,0,0,0,0,0,0,0,0,0,0,0,0,293.625,0,0,0
"MtrElec",4,20,24,"",216.699,0,0,0,0,0,0,0,0,0,0,0,0,0,0,0,0,0,0,0,0,216.699,0,0,0
"MtrElec",4,21,1,"",191.743,0,0,0,0,0,0,0,0,0,0,0,0,0,0,0,0,0,0,0,0,191.743,0,0,0
"MtrElec",4,21,2,"",150.482,0,0,0,0,0,0,0,0,0,0,0,0,0,0,0,0,0,0,0,0,150.482,0,0,0
"MtrElec",4,21,3,"",143.135,0,0,0,0,0,0,0,0,0,0,0,0,0,0,0,0,0,0,0,0,143.135,0,0,0
"MtrElec",4,21,4,"",143.902,0,0,0,0,0,0,0,0,0,0,0,0,0,0,0,0,0,0,0,0,143.902,0,0,0
"MtrElec",4,21,5,"",142.541,0,0,0,0,0,0,0,0,0,0,0,0,0,0,0,0,0,0,0,0,142.541,0,0,0
"MtrElec",4,21,6,"",210.571,0,0,0,0,0,0,0,0,0,0,0,0,0,0,0,0,0,0,0,0,210.571,0,0,0
"MtrElec",4,21,7,"",180.517,0,0,0,0,0,0,0,0,0,0,0,0,0,0,0,0,0,0,0,0,191.37,0,0,-10.8528
"MtrElec",4,21,8,"",188.541,0,0,0,0,0,0,0,0,0,0,0,0,0,0,0,0,0,0,0,0,301.427,0,0,-112.886
"MtrElec",4,21,9,"",63.9506,0,0,0,0,0,0,0,0,0,0,0,0,0,0,0,0,0,0,0,0,362.577,0,0,-298.627
"MtrElec",4,21,10,"",-59.4299,0,0,0,0,0,0,0,0,0,0,0,0,0,0,0,0,0,0,0,0,401.025,0,0,-460.455
"MtrElec",4,21,11,"",0,0,0,0,0,0,0,0,0,0,0,0,0,0,0,0,0,0,0,0,0,424.61,0,152.843,-577.453
"MtrElec",4,21,12,"",0,0,0,0,0,0,0,0,0,0,0,0,0,0,0,0,0,0,0,0,0,428.415,0,217.714,-646.129
"MtrElec",4,21,13,"",0,0,0,0,0,0,0,0,0,0,0,0,0,0,0,0,0,0,0,0,0,495.944,0,187.182,-683.126
"MtrElec",4,21,14,"",-113.797,0,0,0,0,0,0,0,0,0,0,0,0,0,0,0,0,0,0,0,0,360.885,0,223.217,-697.899
"MtrElec",4,21,15,"",-224.971,0,0,0,0,0,0,0,0,0,0,0,0,0,0,0,0,0,0,0,0,399.845,0,17.925,-642.74
"MtrElec",4,21,16,"",-77.0589,0,0,0,0,0,0,0,0,0,0,0,0,0,0,0,0,0,0,0,0,367.972,0,0,-445.031
"MtrElec",4,21,17,"",152.48,0,0,0,0,0,0,0,0,0,0,0,0,0,0,0,0,0,0,0,0,415.919,0,0,-263.439
"MtrElec",4,21,18,"",258.266,0,0,0,0,0,0,0,0,0,0,0,0,0,0,0,0,0,0,0,0,442.425,0,0,-184.159
"MtrElec",4,21,19,"",130.551,0,0,0,0,0,0,0,0,0,0,0,0,0,0,0,0,0,0,0,0,406.867,0,-223.217,-53.0987
"MtrElec",4,21,20,"",211.37,0,0,0,0,0,0,0,0,0,0,0,0,0,0,0,0,0,0,0,0,434.587,0,-223.217,0
"MtrElec",4,21,21,"",130.898,0,0,0,0,0,0,0,0,0,0,0,0,0,0,0,0,0,0,0,0,354.115,0,-223.217,0
"MtrElec",4,21,22,"",258.387,0,0,0,0,0,0,0,0,0,0,0,0,0,0,0,0,0,0,0,0,309.727,0,-51.3398,0
"MtrElec",4,21,23,"",290.802,0,0,0,0,0,0,0,0,0,0,0,0,0,0,0,0,0,0,0,0,290.802,0,0,0
"MtrElec",4,21,24,"",198.01,0,0,0,0,0,0,0,0,0,0,0,0,0,0,0,0,0,0,0,0,198.01,0,0,0
"MtrElec",4,22,1,"",163.448,0,0,0,0,0,0,0,0,0,0,0,0,0,0,0,0,0,0,0,0,163.448,0,0,0
"MtrElec",4,22,2,"",163.778,0,0,0,0,0,0,0,0,0,0,0,0,0,0,0,0,0,0,0,0,163.778,0,0,0
"MtrElec",4,22,3,"",177.016,0,0,0,0,0,0,0,0,0,0,0,0,0,0,0,0,0,0,0,0,177.016,0,0,0
"MtrElec",4,22,4,"",155.626,0,0,0,0,0,0,0,0,0,0,0,0,0,0,0,0,0,0,0,0,155.626,0,0,0
"MtrElec",4,22,5,"",146.681,0,0,0,0,0,0,0,0,0,0,0,0,0,0,0,0,0,0,0,0,146.681,0,0,0
"MtrElec",4,22,6,"",151.506,0,0,0,0,0,0,0,0,0,0,0,0,0,0,0,0,0,0,0,0,151.506,0,0,0
"MtrElec",4,22,7,"",247.348,0,0,0,0,0,0,0,0,0,0,0,0,0,0,0,0,0,0,0,0,258.03,0,0,-10.6826
"MtrElec",4,22,8,"",198.024,0,0,0,0,0,0,0,0,0,0,0,0,0,0,0,0,0,0,0,0,309.906,0,0,-111.882
"MtrElec",4,22,9,"",43.1358,0,0,0,0,0,0,0,0,0,0,0,0,0,0,0,0,0,0,0,0,336.72,0,0,-293.584
"MtrElec",4,22,10,"",-42.3806,0,0,0,0,0,0,0,0,0,0,0,0,0,0,0,0,0,0,0,0,410.177,0,0,-452.557
"MtrElec",4,22,11,"",0.0000156,0,0,0,0,0,0,0,0,0,0,0,0,0,0,0,0,0,0,0,0,419.72,0,149.524,-569.245
"MtrElec",4,22,12,"",-38.3337,0,0,0,0,0,0,0,0,0,0,0,0,0,0,0,0,0,0,0,0,398.906,0,223.217,-660.457
"MtrElec",4,22,13,"",-47.2875,0,0,0,0,0,0,0,0,0,0,0,0,0,0,0,0,0,0,0,0,426.316,0,223.217,-696.821
"MtrElec",4,22,14,"",-86.0094,0,0,0,0,0,0,0,0,0,0,0,0,0,0,0,0,0,0,0,0,389.022,0,202.924,-677.955
"MtrElec",4,22,15,"",-253.383,0,0,0,0,0,0,0,0,0,0,0,0,0,0,0,0,0,0,0,0,385.923,0,0,-639.306
"MtrElec",4,22,16,"",-147.841,0,0,0,0,0,0,0,0,0,0,0,0,0,0,0,0,0,0,0,0,403.994,0,0,-551.835
"MtrElec",4,22,17,"",8.371,0,0,0,0,0,0,0,0,0,0,0,0,0,0,0,0,0,0,0,0,420,0,0,-411.629
"MtrElec",4,22,18,"",213.898,0,0,0,0,0,0,0,0,0,0,0,0,0,0,0,0,0,0,0,0,445.735,0,0,-231.837
"MtrElec",4,22,19,"",176.162,0,0,0,0,0,0,0,0,0,0,0,0,0,0,0,0,0,0,0,0,453.61,0,-223.217,-54.2313
"MtrElec",4,22,20,"",176.891,0,0,0,0,0,0,0,0,0,0,0,0,0,0,0,0,0,0,0,0,400.108,0,-223.217,0
"MtrElec",4,22,21,"",211.462,0,0,0,0,0,0,0,0,0,0,0,0,0,0,0,0,0,0,0,0,434.679,0,-223.217,0
"MtrElec",4,22,22,"",215.346,0,0,0,0,0,0,0,0,0,0,0,0,0,0,0,0,0,0,0,0,266.685,0,-51.3398,0
"MtrElec",4,22,23,"",274.744,0,0,0,0,0,0,0,0,0,0,0,0,0,0,0,0,0,0,0,0,274.744,0,0,0
"MtrElec",4,22,24,"",186.524,0,0,0,0,0,0,0,0,0,0,0,0,0,0,0,0,0,0,0,0,186.524,0,0,0
"MtrElec",4,23,1,"",154.906,0,0,0,0,0,0,0,0,0,0,0,0,0,0,0,0,0,0,0,0,154.906,0,0,0
"MtrElec",4,23,2,"",150.32,0,0,0,0,0,0,0,0,0,0,0,0,0,0,0,0,0,0,0,0,150.32,0,0,0
"MtrElec",4,23,3,"",166.854,0,0,0,0,0,0,0,0,0,0,0,0,0,0,0,0,0,0,0,0,166.854,0,0,0
"MtrElec",4,23,4,"",172.334,0,0,0,0,0,0,0,0,0,0,0,0,0,0,0,0,0,0,0,0,172.334,0,0,0
"MtrElec",4,23,5,"",141.594,0,0,0,0,0,0,0,0,0,0,0,0,0,0,0,0,0,0,0,0,141.594,0,0,0
"MtrElec",4,23,6,"",154.381,0,0,0,0,0,0,0,0,0,0,0,0,0,0,0,0,0,0,0,0,154.381,0,0,0
"MtrElec",4,23,7,"",262.141,0,0,0,0,0,0,0,0,0,0,0,0,0,0,0,0,0,0,0,0,265.631,0,0,-3.48975
"MtrElec",4,23,8,"",256.919,0,0,0,0,0,0,0,0,0,0,0,0,0,0,0,0,0,0,0,0,295.591,0,0,-38.6721
"MtrElec",4,23,9,"",272.518,0,0,0,0,0,0,0,0,0,0,0,0,0,0,0,0,0,0,0,0,367.924,0,0,-95.406
"MtrElec",4,23,10,"",104.669,0,0,0,0,0,0,0,0,0,0,0,0,0,0,0,0,0,0,0,0,450.406,0,0,-345.737
"MtrElec",4,23,11,"",0,0,0,0,0,0,0,0,0,0,0,0,0,0,0,0,0,0,0,0,0,432.53,0,157.512,-590.042
"MtrElec",4,23,12,"",0.0000156,0,0,0,0,0,0,0,0,0,0,0,0,0,0,0,0,0,0,0,0,440.442,0,217.609,-658.051
"MtrElec",4,23,13,"",-37.5742,0,0,0,0,0,0,0,0,0,0,0,0,0,0,0,0,0,0,0,0,438.859,0,223.217,-699.65
"MtrElec",4,23,14,"",-74.6997,0,0,0,0,0,0,0,0,0,0,0,0,0,0,0,0,0,0,0,0,414.711,0,200.543,-689.954
"MtrElec",4,23,15,"",-282.987,0,0,0,0,0,0,0,0,0,0,0,0,0,0,0,0,0,0,0,0,364.693,0,0,-647.68
"MtrElec",4,23,16,"",-131.782,0,0,0,0,0,0,0,0,0,0,0,0,0,0,0,0,0,0,0,0,416.206,0,0,-547.988
"MtrElec",4,23,17,"",-9.28578,0,0,0,0,0,0,0,0,0,0,0,0,0,0,0,0,0,0,0,0,388.762,0,0,-398.048
"MtrElec",4,23,18,"",214.522,0,0,0,0,0,0,0,0,0,0,0,0,0,0,0,0,0,0,0,0,433.98,0,0,-219.458
"MtrElec",4,23,19,"",108.666,0,0,0,0,0,0,0,0,0,0,0,0,0,0,0,0,0,0,0,0,387.687,0,-223.217,-55.8042
"MtrElec",4,23,20,"",203.082,0,0,0,0,0,0,0,0,0,0,0,0,0,0,0,0,0,0,0,0,426.299,0,-223.217,0
"MtrElec",4,23,21,"",163.048,0,0,0,0,0,0,0,0,0,0,0,0,0,0,0,0,0,0,0,0,386.264,0,-223.217,0
"MtrElec",4,23,22,"",270.913,0,0,0,0,0,0,0,0,0,0,0,0,0,0,0,0,0,0,0,0,322.252,0,-51.3398,0
"MtrElec",4,23,23,"",270.993,0,0,0,0,0,0,0,0,0,0,0,0,0,0,0,0,0,0,0,0,270.993,0,0,0
"MtrElec",4,23,24,"",234.046,0,0,0,0,0,0,0,0,0,0,0,0,0,0,0,0,0,0,0,0,234.046,0,0,0
"MtrElec",4,24,1,"",174.463,0,0,0,0,0,0,0,0,0,0,0,0,0,0,0,0,0,0,0,0,174.463,0,0,0
"MtrElec",4,24,2,"",150.026,0,0,0,0,0,0,0,0,0,0,0,0,0,0,0,0,0,0,0,0,150.026,0,0,0
"MtrElec",4,24,3,"",145.835,0,0,0,0,0,0,0,0,0,0,0,0,0,0,0,0,0,0,0,0,145.835,0,0,0
"MtrElec",4,24,4,"",145.861,0,0,0,0,0,0,0,0,0,0,0,0,0,0,0,0,0,0,0,0,145.861,0,0,0
"MtrElec",4,24,5,"",144.069,0,0,0,0,0,0,0,0,0,0,0,0,0,0,0,0,0,0,0,0,144.069,0,0,0
"MtrElec",4,24,6,"",191.869,0,0,0,0,0,0,0,0,0,0,0,0,0,0,0,0,0,0,0,0,191.869,0,0,0
"MtrElec",4,24,7,"",220.916,0,0,0,0,0,0,0,0,0,0,0,0,0,0,0,0,0,0,0,0,232.325,0,0,-11.4095
"MtrElec",4,24,8,"",235.362,0,0,0,0,0,0,0,0,0,0,0,0,0,0,0,0,0,0,0,0,316.624,0,0,-81.2624
"MtrElec",4,24,9,"",176.333,0,0,0,0,0,0,0,0,0,0,0,0,0,0,0,0,0,0,0,0,364.898,0,0,-188.564
"MtrElec",4,24,10,"",5.00591,0,0,0,0,0,0,0,0,0,0,0,0,0,0,0,0,0,0,0,0,426.371,0,0,-421.365
"MtrElec",4,24,11,"",0,0,0,0,0,0,0,0,0,0,0,0,0,0,0,0,0,0,0,0,0,428.926,0,139.544,-568.47
"MtrElec",4,24,12,"",0.0000156,0,0,0,0,0,0,0,0,0,0,0,0,0,0,0,0,0,0,0,0,416.653,0,218.69,-635.343
"MtrElec",4,24,13,"",-57.4999,0,0,0,0,0,0,0,0,0,0,0,0,0,0,0,0,0,0,0,0,407.488,0,223.217,-688.205
"MtrElec",4,24,14,"",-91.4803,0,0,0,0,0,0,0,0,0,0,0,0,0,0,0,0,0,0,0,0,389.786,0,217.431,-698.697
"MtrElec",4,24,15,"",-296.72,0,0,0,0,0,0,0,0,0,0,0,0,0,0,0,0,0,0,0,0,374.223,0,0,-670.943
"MtrElec",4,24,16,"",-176.063,0,0,0,0,0,0,0,0,0,0,0,0,0,0,0,0,0,0,0,0,391.144,0,0,-567.206
"MtrElec",4,24,17,"",-16.6515,0,0,0,0,0,0,0,0,0,0,0,0,0,0,0,0,0,0,0,0,400.271,0,0,-416.923
"MtrElec",4,24,18,"",217.334,0,0,0,0,0,0,0,0,0,0,0,0,0,0,0,0,0,0,0,0,438.887,0,0,-221.552
"MtrElec",4,24,19,"",140.317,0,0,0,0,0,0,0,0,0,0,0,0,0,0,0,0,0,0,0,0,418.847,0,-223.217,-55.3134
"MtrElec",4,24,20,"",145.864,0,0,0,0,0,0,0,0,0,0,0,0,0,0,0,0,0,0,0,0,369.081,0,-223.217,0
"MtrElec",4,24,21,"",200.069,0,0,0,0,0,0,0,0,0,0,0,0,0,0,0,0,0,0,0,0,423.286,0,-223.217,0
"MtrElec",4,24,22,"",235.501,0,0,0,0,0,0,0,0,0,0,0,0,0,0,0,0,0,0,0,0,286.841,0,-51.3398,0
"MtrElec",4,24,23,"",197.223,0,0,0,0,0,0,0,0,0,0,0,0,0,0,0,0,0,0,0,0,197.223,0,0,0
"MtrElec",4,24,24,"",232.02,0,0,0,0,0,0,0,0,0,0,0,0,0,0,0,0,0,0,0,0,232.02,0,0,0
"MtrElec",4,25,1,"",181.175,0,0,0,0,0,0,0,0,0,0,0,0,0,0,0,0,0,0,0,0,181.175,0,0,0
"MtrElec",4,25,2,"",149.845,0,0,0,0,0,0,0,0,0,0,0,0,0,0,0,0,0,0,0,0,149.845,0,0,0
"MtrElec",4,25,3,"",146.784,0,0,0,0,0,0,0,0,0,0,0,0,0,0,0,0,0,0,0,0,146.784,0,0,0
"MtrElec",4,25,4,"",148.226,0,0,0,0,0,0,0,0,0,0,0,0,0,0,0,0,0,0,0,0,148.226,0,0,0
"MtrElec",4,25,5,"",150.698,0,0,0,0,0,0,0,0,0,0,0,0,0,0,0,0,0,0,0,0,150.698,0,0,0
"MtrElec",4,25,6,"",151.756,0,0,0,0,0,0,0,0,0,0,0,0,0,0,0,0,0,0,0,0,151.756,0,0,0
"MtrElec",4,25,7,"",199.196,0,0,0,0,0,0,0,0,0,0,0,0,0,0,0,0,0,0,0,0,212.081,0,0,-12.8849
"MtrElec",4,25,8,"",97.0182,0,0,0,0,0,0,0,0,0,0,0,0,0,0,0,0,0,0,0,0,216.145,0,0,-119.127
"MtrElec",4,25,9,"",-15.5039,0,0,0,0,0,0,0,0,0,0,0,0,0,0,0,0,0,0,0,0,288.513,0,0,-304.017
"MtrElec",4,25,10,"",-90.5418,0,0,0,0,0,0,0,0,0,0,0,0,0,0,0,0,0,0,0,0,369.924,0,0,-460.466
"MtrElec",4,25,11,"",0.0000078,0,0,0,0,0,0,0,0,0,0,0,0,0,0,0,0,0,0,0,0,491.195,0,102.961,-594.156
"MtrElec",4,25,12,"",-17.1254,0,0,0,0,0,0,0,0,0,0,0,0,0,0,0,0,0,0,0,0,430.329,0,223.217,-670.671
"MtrElec",4,25,13,"",-36.7622,0,0,0,0,0,0,0,0,0,0,0,0,0,0,0,0,0,0,0,0,445.383,0,223.217,-705.362
"MtrElec",4,25,14,"",-62.859,0,0,0,0,0,0,0,0,0,0,0,0,0,0,0,0,0,0,0,0,409.16,0,223.217,-695.236
"MtrElec",4,25,15,"",-233.052,0,0,0,0,0,0,0,0,0,0,0,0,0,0,0,0,0,0,0,0,382.303,0,26.2697,-641.624
"MtrElec",4,25,16,"",-140.21,0,0,0,0,0,0,0,0,0,0,0,0,0,0,0,0,0,0,0,0,409.805,0,0,-550.015
"MtrElec",4,25,17,"",-2.13206,0,0,0,0,0,0,0,0,0,0,0,0,0,0,0,0,0,0,0,0,406.301,0,0,-408.433
"MtrElec",4,25,18,"",187.751,0,0,0,0,0,0,0,0,0,0,0,0,0,0,0,0,0,0,0,0,417.469,0,0,-229.718
"MtrElec",4,25,19,"",178.886,0,0,0,0,0,0,0,0,0,0,0,0,0,0,0,0,0,0,0,0,460.895,0,-223.217,-58.792
"MtrElec",4,25,20,"",173.12,0,0,0,0,0,0,0,0,0,0,0,0,0,0,0,0,0,0,0,0,396.337,0,-223.217,0
"MtrElec",4,25,21,"",139.893,0,0,0,0,0,0,0,0,0,0,0,0,0,0,0,0,0,0,0,0,363.11,0,-223.217,0
"MtrElec",4,25,22,"",334.017,0,0,0,0,0,0,0,0,0,0,0,0,0,0,0,0,0,0,0,0,385.357,0,-51.3398,0
"MtrElec",4,25,23,"",204.934,0,0,0,0,0,0,0,0,0,0,0,0,0,0,0,0,0,0,0,0,204.934,0,0,0
"MtrElec",4,25,24,"",237.619,0,0,0,0,0,0,0,0,0,0,0,0,0,0,0,0,0,0,0,0,237.619,0,0,0
"MtrElec",4,26,1,"",154.416,0,0,0,0,0,0,0,0,0,0,0,0,0,0,0,0,0,0,0,0,154.416,0,0,0
"MtrElec",4,26,2,"",152.691,0,0,0,0,0,0,0,0,0,0,0,0,0,0,0,0,0,0,0,0,152.691,0,0,0
"MtrElec",4,26,3,"",148.814,0,0,0,0,0,0,0,0,0,0,0,0,0,0,0,0,0,0,0,0,148.814,0,0,0
"MtrElec",4,26,4,"",192.016,0,0,0,0,0,0,0,0,0,0,0,0,0,0,0,0,0,0,0,0,192.016,0,0,0
"MtrElec",4,26,5,"",159.114,0,0,0,0,0,0,0,0,0,0,0,0,0,0,0,0,0,0,0,0,159.114,0,0,0
"MtrElec",4,26,6,"",147.329,0,0,0,0,0,0,0,0,0,0,0,0,0,0,0,0,0,0,0,0,147.329,0,0,0
"MtrElec",4,26,7,"",142.086,0,0,0,0,0,0,0,0,0,0,0,0,0,0,0,0,0,0,0,0,155.398,0,0,-13.3115
"MtrElec",4,26,8,"",167.389,0,0,0,0,0,0,0,0,0,0,0,0,0,0,0,0,0,0,0,0,257.732,0,0,-90.3431
"MtrElec",4,26,9,"",52.313,0,0,0,0,0,0,0,0,0,0,0,0,0,0,0,0,0,0,0,0,253.65,0,0,-201.337
"MtrElec",4,26,10,"",-134.699,0,0,0,0,0,0,0,0,0,0,0,0,0,0,0,0,0,0,0,0,307.115,0,0,-441.814
"MtrElec",4,26,11,"",0.0000156,0,0,0,0,0,0,0,0,0,0,0,0,0,0,0,0,0,0,0,0,412.558,0,166.304,-578.862
"MtrElec",4,26,12,"",-33.0876,0,0,0,0,0,0,0,0,0,0,0,0,0,0,0,0,0,0,0,0,395.894,0,223.217,-652.198
"MtrElec",4,26,13,"",-100.379,0,0,0,0,0,0,0,0,0,0,0,0,0,0,0,0,0,0,0,0,384.132,0,223.217,-707.727
"MtrElec",4,26,14,"",-172.475,0,0,0,0,0,0,0,0,0,0,0,0,0,0,0,0,0,0,0,0,353.532,0,186.144,-712.151
"MtrElec",4,26,15,"",-287.721,0,0,0,0,0,0,0,0,0,0,0,0,0,0,0,0,0,0,0,0,365.382,0,0,-653.103
"MtrElec",4,26,16,"",-178.606,0,0,0,0,0,0,0,0,0,0,0,0,0,0,0,0,0,0,0,0,364.628,0,0,-543.234
"MtrElec",4,26,17,"",-53.0595,0,0,0,0,0,0,0,0,0,0,0,0,0,0,0,0,0,0,0,0,353.924,0,0,-406.984
"MtrElec",4,26,18,"",100.094,0,0,0,0,0,0,0,0,0,0,0,0,0,0,0,0,0,0,0,0,331.619,0,0,-231.525
"MtrElec",4,26,19,"",107.857,0,0,0,0,0,0,0,0,0,0,0,0,0,0,0,0,0,0,0,0,390.004,0,-223.217,-58.9303
"MtrElec",4,26,20,"",106.32,0,0,0,0,0,0,0,0,0,0,0,0,0,0,0,0,0,0,0,0,330.053,0,-223.217,-0.516003
"MtrElec",4,26,21,"",102.727,0,0,0,0,0,0,0,0,0,0,0,0,0,0,0,0,0,0,0,0,325.944,0,-223.217,0
"MtrElec",4,26,22,"",286.554,0,0,0,0,0,0,0,0,0,0,0,0,0,0,0,0,0,0,0,0,337.894,0,-51.3398,0
"MtrElec",4,26,23,"",196.668,0,0,0,0,0,0,0,0,0,0,0,0,0,0,0,0,0,0,0,0,196.668,0,0,0
"MtrElec",4,26,24,"",198.334,0,0,0,0,0,0,0,0,0,0,0,0,0,0,0,0,0,0,0,0,198.334,0,0,0
"MtrElec",4,27,1,"",192.879,0,0,0,0,0,0,0,0,0,0,0,0,0,0,0,0,0,0,0,0,192.879,0,0,0
"MtrElec",4,27,2,"",151.658,0,0,0,0,0,0,0,0,0,0,0,0,0,0,0,0,0,0,0,0,151.658,0,0,0
"MtrElec",4,27,3,"",146.119,0,0,0,0,0,0,0,0,0,0,0,0,0,0,0,0,0,0,0,0,146.119,0,0,0
"MtrElec",4,27,4,"",155.564,0,0,0,0,0,0,0,0,0,0,0,0,0,0,0,0,0,0,0,0,155.564,0,0,0
"MtrElec",4,27,5,"",149.248,0,0,0,0,0,0,0,0,0,0,0,0,0,0,0,0,0,0,0,0,149.248,0,0,0
"MtrElec",4,27,6,"",162.772,0,0,0,0,0,0,0,0,0,0,0,0,0,0,0,0,0,0,0,0,162.772,0,0,0
"MtrElec",4,27,7,"",254.911,0,0,0,0,0,0,0,0,0,0,0,0,0,0,0,0,0,0,0,0,256.147,0,0,-1.23586
"MtrElec",4,27,8,"",264.388,0,0,0,0,0,0,0,0,0,0,0,0,0,0,0,0,0,0,0,0,291.75,0,0,-27.3623
"MtrElec",4,27,9,"",278.4,0,0,0,0,0,0,0,0,0,0,0,0,0,0,0,0,0,0,0,0,346.11,0,0,-67.71
"MtrElec",4,27,10,"",138.694,0,0,0,0,0,0,0,0,0,0,0,0,0,0,0,0,0,0,0,0,376.332,0,0,-237.637
"MtrElec",4,27,11,"",0,0,0,0,0,0,0,0,0,0,0,0,0,0,0,0,0,0,0,0,0,399.272,0,166.951,-566.223
"MtrElec",4,27,12,"",-75.6886,0,0,0,0,0,0,0,0,0,0,0,0,0,0,0,0,0,0,0,0,369.763,0,223.217,-668.669
"MtrElec",4,27,13,"",-111.994,0,0,0,0,0,0,0,0,0,0,0,0,0,0,0,0,0,0,0,0,382.873,0,223.217,-718.084
"MtrElec",4,27,14,"",-183.43,0,0,0,0,0,0,0,0,0,0,0,0,0,0,0,0,0,0,0,0,348.584,0,185.497,-717.511
"MtrElec",4,27,15,"",-306.974,0,0,0,0,0,0,0,0,0,0,0,0,0,0,0,0,0,0,0,0,351.341,0,0,-658.315
"MtrElec",4,27,16,"",-166.27,0,0,0,0,0,0,0,0,0,0,0,0,0,0,0,0,0,0,0,0,392.635,0,0,-558.905
"MtrElec",4,27,17,"",-0.553187,0,0,0,0,0,0,0,0,0,0,0,0,0,0,0,0,0,0,0,0,409.661,0,0,-410.215
"MtrElec",4,27,18,"",180.73,0,0,0,0,0,0,0,0,0,0,0,0,0,0,0,0,0,0,0,0,411.931,0,0,-231.201
"MtrElec",4,27,19,"",133.671,0,0,0,0,0,0,0,0,0,0,0,0,0,0,0,0,0,0,0,0,419.516,0,-223.217,-62.6275
"MtrElec",4,27,20,"",200.815,0,0,0,0,0,0,0,0,0,0,0,0,0,0,0,0,0,0,0,0,425.108,0,-223.217,-1.07616
"MtrElec",4,27,21,"",201.014,0,0,0,0,0,0,0,0,0,0,0,0,0,0,0,0,0,0,0,0,424.231,0,-223.217,0
"MtrElec",4,27,22,"",186.352,0,0,0,0,0,0,0,0,0,0,0,0,0,0,0,0,0,0,0,0,237.692,0,-51.3398,0
"MtrElec",4,27,23,"",262.786,0,0,0,0,0,0,0,0,0,0,0,0,0,0,0,0,0,0,0,0,262.786,0,0,0
"MtrElec",4,27,24,"",181.783,0,0,0,0,0,0,0,0,0,0,0,0,0,0,0,0,0,0,0,0,181.783,0,0,0
"MtrElec",4,28,1,"",169.705,0,0,0,0,0,0,0,0,0,0,0,0,0,0,0,0,0,0,0,0,169.705,0,0,0
"MtrElec",4,28,2,"",189.619,0,0,0,0,0,0,0,0,0,0,0,0,0,0,0,0,0,0,0,0,189.619,0,0,0
"MtrElec",4,28,3,"",148.711,0,0,0,0,0,0,0,0,0,0,0,0,0,0,0,0,0,0,0,0,148.711,0,0,0
"MtrElec",4,28,4,"",155.974,0,0,0,0,0,0,0,0,0,0,0,0,0,0,0,0,0,0,0,0,155.974,0,0,0
"MtrElec",4,28,5,"",150.423,0,0,0,0,0,0,0,0,0,0,0,0,0,0,0,0,0,0,0,0,150.423,0,0,0
"MtrElec",4,28,6,"",181.785,0,0,0,0,0,0,0,0,0,0,0,0,0,0,0,0,0,0,0,0,181.785,0,0,0
"MtrElec",4,28,7,"",207.721,0,0,0,0,0,0,0,0,0,0,0,0,0,0,0,0,0,0,0,0,224.229,0,0,-16.508
"MtrElec",4,28,8,"",192.739,0,0,0,0,0,0,0,0,0,0,0,0,0,0,0,0,0,0,0,0,316.868,0,0,-124.129
"MtrElec",4,28,9,"",55.0152,0,0,0,0,0,0,0,0,0,0,0,0,0,0,0,0,0,0,0,0,364.304,0,0,-309.289
"MtrElec",4,28,10,"",-40.2884,0,0,0,0,0,0,0,0,0,0,0,0,0,0,0,0,0,0,0,0,436.689,0,0,-476.978
"MtrElec",4,28,11,"",0,0,0,0,0,0,0,0,0,0,0,0,0,0,0,0,0,0,0,0,0,416.66,0,184.368,-601.028
"MtrElec",4,28,12,"",-2.28134,0,0,0,0,0,0,0,0,0,0,0,0,0,0,0,0,0,0,0,0,435.952,0,223.217,-661.45
"MtrElec",4,28,13,"",-97.4077,0,0,0,0,0,0,0,0,0,0,0,0,0,0,0,0,0,0,0,0,386.224,0,223.217,-706.848
"MtrElec",4,28,14,"",-169.78,0,0,0,0,0,0,0,0,0,0,0,0,0,0,0,0,0,0,0,0,376.84,0,168.08,-714.7
"MtrElec",4,28,15,"",-309.957,0,0,0,0,0,0,0,0,0,0,0,0,0,0,0,0,0,0,0,0,357.312,0,0,-667.269
"MtrElec",4,28,16,"",-185.969,0,0,0,0,0,0,0,0,0,0,0,0,0,0,0,0,0,0,0,0,381.146,0,0,-567.115
"MtrElec",4,28,17,"",-51.7684,0,0,0,0,0,0,0,0,0,0,0,0,0,0,0,0,0,0,0,0,368.484,0,0,-420.252
"MtrElec",4,28,18,"",191.604,0,0,0,0,0,0,0,0,0,0,0,0,0,0,0,0,0,0,0,0,427.746,0,0,-236.142
"MtrElec",4,28,19,"",117.665,0,0,0,0,0,0,0,0,0,0,0,0,0,0,0,0,0,0,0,0,402.411,0,-223.217,-61.5291
"MtrElec",4,28,20,"",152.57,0,0,0,0,0,0,0,0,0,0,0,0,0,0,0,0,0,0,0,0,377.468,0,-223.217,-1.68087
"MtrElec",4,28,21,"",157.227,0,0,0,0,0,0,0,0,0,0,0,0,0,0,0,0,0,0,0,0,380.443,0,-223.217,0
"MtrElec",4,28,22,"",212.432,0,0,0,0,0,0,0,0,0,0,0,0,0,0,0,0,0,0,0,0,263.772,0,-51.3398,0
"MtrElec",4,28,23,"",296.972,0,0,0,0,0,0,0,0,0,0,0,0,0,0,0,0,0,0,0,0,296.972,0,0,0
"MtrElec",4,28,24,"",236.563,0,0,0,0,0,0,0,0,0,0,0,0,0,0,0,0,0,0,0,0,236.563,0,0,0
"MtrElec",4,29,1,"",189.436,0,0,0,0,0,0,0,0,0,0,0,0,0,0,0,0,0,0,0,0,189.436,0,0,0
"MtrElec",4,29,2,"",149.846,0,0,0,0,0,0,0,0,0,0,0,0,0,0,0,0,0,0,0,0,149.846,0,0,0
"MtrElec",4,29,3,"",146.066,0,0,0,0,0,0,0,0,0,0,0,0,0,0,0,0,0,0,0,0,146.066,0,0,0
"MtrElec",4,29,4,"",152.303,0,0,0,0,0,0,0,0,0,0,0,0,0,0,0,0,0,0,0,0,152.303,0,0,0
"MtrElec",4,29,5,"",143.375,0,0,0,0,0,0,0,0,0,0,0,0,0,0,0,0,0,0,0,0,143.375,0,0,0
"MtrElec",4,29,6,"",158.429,0,0,0,0,0,0,0,0,0,0,0,0,0,0,0,0,0,0,0,0,158.429,0,0,0
"MtrElec",4,29,7,"",244.557,0,0,0,0,0,0,0,0,0,0,0,0,0,0,0,0,0,0,0,0,259.272,0,0,-14.7157
"MtrElec",4,29,8,"",221.428,0,0,0,0,0,0,0,0,0,0,0,0,0,0,0,0,0,0,0,0,311.464,0,0,-90.036
"MtrElec",4,29,9,"",191.775,0,0,0,0,0,0,0,0,0,0,0,0,0,0,0,0,0,0,0,0,384.152,0,0,-192.377
"MtrElec",4,29,10,"",81.382,0,0,0,0,0,0,0,0,0,0,0,0,0,0,0,0,0,0,0,0,428.926,0,0,-347.544
"MtrElec",4,29,11,"",0,0,0,0,0,0,0,0,0,0,0,0,0,0,0,0,0,0,0,0,0,428.63,0,56.0449,-484.675
"MtrElec",4,29,12,"",0,0,0,0,0,0,0,0,0,0,0,0,0,0,0,0,0,0,0,0,0,420.113,0,179.578,-599.69
"MtrElec",4,29,13,"",-94.8894,0,0,0,0,0,0,0,0,0,0,0,0,0,0,0,0,0,0,0,0,385.084,0,223.217,-703.19
"MtrElec",4,29,14,"",-116.649,0,0,0,0,0,0,0,0,0,0,0,0,0,0,0,0,0,0,0,0,369.385,0,223.217,-709.25
"MtrElec",4,29,15,"",-179.69,0,0,0,0,0,0,0,0,0,0,0,0,0,0,0,0,0,0,0,0,363.454,0,116.825,-659.97
"MtrElec",4,29,16,"",-156.684,0,0,0,0,0,0,0,0,0,0,0,0,0,0,0,0,0,0,0,0,404.724,0,0,-561.408
"MtrElec",4,29,17,"",11.1754,0,0,0,0,0,0,0,0,0,0,0,0,0,0,0,0,0,0,0,0,423.153,0,0,-411.978
"MtrElec",4,29,18,"",147.344,0,0,0,0,0,0,0,0,0,0,0,0,0,0,0,0,0,0,0,0,378.017,0,0,-230.673
"MtrElec",4,29,19,"",105.864,0,0,0,0,0,0,0,0,0,0,0,0,0,0,0,0,0,0,0,0,390.721,0,-223.217,-61.6401
"MtrElec",4,29,20,"",157.235,0,0,0,0,0,0,0,0,0,0,0,0,0,0,0,0,0,0,0,0,382.753,0,-223.217,-2.30147
"MtrElec",4,29,21,"",183.797,0,0,0,0,0,0,0,0,0,0,0,0,0,0,0,0,0,0,0,0,407.014,0,-223.217,0
"MtrElec",4,29,22,"",248.59,0,0,0,0,0,0,0,0,0,0,0,0,0,0,0,0,0,0,0,0,299.93,0,-51.3398,0
"MtrElec",4,29,23,"",264.642,0,0,0,0,0,0,0,0,0,0,0,0,0,0,0,0,0,0,0,0,264.642,0,0,0
"MtrElec",4,29,24,"",230.18,0,0,0,0,0,0,0,0,0,0,0,0,0,0,0,0,0,0,0,0,230.18,0,0,0
"MtrElec",4,30,1,"",148.189,0,0,0,0,0,0,0,0,0,0,0,0,0,0,0,0,0,0,0,0,148.189,0,0,0
"MtrElec",4,30,2,"",151.009,0,0,0,0,0,0,0,0,0,0,0,0,0,0,0,0,0,0,0,0,151.009,0,0,0
"MtrElec",4,30,3,"",145.696,0,0,0,0,0,0,0,0,0,0,0,0,0,0,0,0,0,0,0,0,145.696,0,0,0
"MtrElec",4,30,4,"",145.129,0,0,0,0,0,0,0,0,0,0,0,0,0,0,0,0,0,0,0,0,145.129,0,0,0
"MtrElec",4,30,5,"",145.823,0,0,0,0,0,0,0,0,0,0,0,0,0,0,0,0,0,0,0,0,145.823,0,0,0
"MtrElec",4,30,6,"",149.422,0,0,0,0,0,0,0,0,0,0,0,0,0,0,0,0,0,0,0,0,149.422,0,0,0
"MtrElec",4,30,7,"",234.463,0,0,0,0,0,0,0,0,0,0,0,0,0,0,0,0,0,0,0,0,247.236,0,0,-12.7731
"MtrElec",4,30,8,"",213.62,0,0,0,0,0,0,0,0,0,0,0,0,0,0,0,0,0,0,0,0,288.698,0,0,-75.0784
"MtrElec",4,30,9,"",215.436,0,0,0,0,0,0,0,0,0,0,0,0,0,0,0,0,0,0,0,0,364.198,0,0,-148.762
"MtrElec",4,30,10,"",206.812,0,0,0,0,0,0,0,0,0,0,0,0,0,0,0,0,0,0,0,0,419.577,0,0,-212.765
"MtrElec",4,30,11,"",162.108,0,0,0,0,0,0,0,0,0,0,0,0,0,0,0,0,0,0,0,0,414.705,0,0,-252.596
"MtrElec",4,30,12,"",0.0000039,0,0,0,0,0,0,0,0,0,0,0,0,0,0,0,0,0,0,0,0,378.949,0,63.646,-442.595
"MtrElec",4,30,13,"",84.7046,0,0,0,0,0,0,0,0,0,0,0,0,0,0,0,0,0,0,0,0,519.253,0,0,-434.548
"MtrElec",4,30,14,"",0.0000039,0,0,0,0,0,0,0,0,0,0,0,0,0,0,0,0,0,0,0,0,350.263,0,46.0618,-396.325
"MtrElec",4,30,15,"",12.047,0,0,0,0,0,0,0,0,0,0,0,0,0,0,0,0,0,0,0,0,400.251,0,0,-388.204
"MtrElec",4,30,16,"",59.9111,0,0,0,0,0,0,0,0,0,0,0,0,0,0,0,0,0,0,0,0,336.065,0,0,-276.154
"MtrElec",4,30,17,"",144.237,0,0,0,0,0,0,0,0,0,0,0,0,0,0,0,0,0,0,0,0,377.362,0,0,-233.126
"MtrElec",4,30,18,"",246.998,0,0,0,0,0,0,0,0,0,0,0,0,0,0,0,0,0,0,0,0,414.592,0,0,-167.594
"MtrElec",4,30,19,"",227.911,0,0,0,0,0,0,0,0,0,0,0,0,0,0,0,0,0,0,0,0,388.005,0,-99.0113,-61.082
"MtrElec",4,30,20,"",393.39,0,0,0,0,0,0,0,0,0,0,0,0,0,0,0,0,0,0,0,0,398.067,0,0,-4.67751
"MtrElec",4,30,21,"",409.099,0,0,0,0,0,0,0,0,0,0,0,0,0,0,0,0,0,0,0,0,409.099,0,0,0
"MtrElec",4,30,22,"",290.631,0,0,0,0,0,0,0,0,0,0,0,0,0,0,0,0,0,0,0,0,290.631,0,0,0
"MtrElec",4,30,23,"",259.65,0,0,0,0,0,0,0,0,0,0,0,0,0,0,0,0,0,0,0,0,259.65,0,0,0
"MtrElec",4,30,24,"",209.563,0,0,0,0,0,0,0,0,0,0,0,0,0,0,0,0,0,0,0,0,209.563,0,0,0
"MtrElec",5,1,1,"",171.688,0,0,0,0,0,0,0,0,0,0,0,0,0,0,0,0,0,0,0,0,171.688,0,0,0
"MtrElec",5,1,2,"",188.252,0,0,0,0,0,0,0,0,0,0,0,0,0,0,0,0,0,0,0,0,188.252,0,0,0
"MtrElec",5,1,3,"",149.826,0,0,0,0,0,0,0,0,0,0,0,0,0,0,0,0,0,0,0,0,149.826,0,0,0
"MtrElec",5,1,4,"",143.51,0,0,0,0,0,0,0,0,0,0,0,0,0,0,0,0,0,0,0,0,143.51,0,0,0
"MtrElec",5,1,5,"",140.932,0,0,0,0,0,0,0,0,0,0,0,0,0,0,0,0,0,0,0,0,140.932,0,0,0
"MtrElec",5,1,6,"",142.758,0,0,0,0,0,0,0,0,0,0,0,0,0,0,0,0,0,0,0,0,142.758,0,0,0
"MtrElec",5,1,7,"",214.88,0,0,0,0,0,0,0,0,0,0,0,0,0,0,0,0,0,0,0,0,229.403,0,0,-14.5232
"MtrElec",5,1,8,"",168.092,0,0,0,0,0,0,0,0,0,0,0,0,0,0,0,0,0,0,0,0,291.435,0,0,-123.343
"MtrElec",5,1,9,"",70.3398,0,0,0,0,0,0,0,0,0,0,0,0,0,0,0,0,0,0,0,0,374.346,0,0,-304.006
"MtrElec",5,1,10,"",26.0541,0,0,0,0,0,0,0,0,0,0,0,0,0,0,0,0,0,0,0,0,484.752,0,0,-458.698
"MtrElec",5,1,11,"",0.0000078,0,0,0,0,0,0,0,0,0,0,0,0,0,0,0,0,0,0,0,0,472.353,0,108.87,-581.222
"MtrElec",5,1,12,"",0,0,0,0,0,0,0,0,0,0,0,0,0,0,0,0,0,0,0,0,0,477.208,0,177.776,-654.984
"MtrElec",5,1,13,"",-20.1743,0,0,0,0,0,0,0,0,0,0,0,0,0,0,0,0,0,0,0,0,447.284,0,223.217,-690.675
"MtrElec",5,1,14,"",-103.799,0,0,0,0,0,0,0,0,0,0,0,0,0,0,0,0,0,0,0,0,363.929,0,223.217,-690.945
"MtrElec",5,1,15,"",-165,0,0,0,0,0,0,0,0,0,0,0,0,0,0,0,0,0,0,0,0,412.828,0,65.8018,-643.63
"MtrElec",5,1,16,"",-167.555,0,0,0,0,0,0,0,0,0,0,0,0,0,0,0,0,0,0,0,0,377.209,0,0,-544.764
"MtrElec",5,1,17,"",24.3,0,0,0,0,0,0,0,0,0,0,0,0,0,0,0,0,0,0,0,0,424.692,0,0,-400.392
"MtrElec",5,1,18,"",229.725,0,0,0,0,0,0,0,0,0,0,0,0,0,0,0,0,0,0,0,0,455.384,0,0,-225.659
"MtrElec",5,1,19,"",143.75,0,0,0,0,0,0,0,0,0,0,0,0,0,0,0,0,0,0,0,0,426.545,0,-223.217,-59.5782
"MtrElec",5,1,20,"",190.873,0,0,0,0,0,0,0,0,0,0,0,0,0,0,0,0,0,0,0,0,414.408,0,-223.217,-0.318384
"MtrElec",5,1,21,"",257.267,0,0,0,0,0,0,0,0,0,0,0,0,0,0,0,0,0,0,0,0,480.484,0,-223.217,0
"MtrElec",5,1,22,"",188.327,0,0,0,0,0,0,0,0,0,0,0,0,0,0,0,0,0,0,0,0,239.667,0,-51.3398,0
"MtrElec",5,1,23,"",272.505,0,0,0,0,0,0,0,0,0,0,0,0,0,0,0,0,0,0,0,0,272.505,0,0,0
"MtrElec",5,1,24,"",211.318,0,0,0,0,0,0,0,0,0,0,0,0,0,0,0,0,0,0,0,0,211.318,0,0,0
"MtrElec",5,2,1,"",168.233,0,0,0,0,0,0,0,0,0,0,0,0,0,0,0,0,0,0,0,0,168.233,0,0,0
"MtrElec",5,2,2,"",168.53,0,0,0,0,0,0,0,0,0,0,0,0,0,0,0,0,0,0,0,0,168.53,0,0,0
"MtrElec",5,2,3,"",160.012,0,0,0,0,0,0,0,0,0,0,0,0,0,0,0,0,0,0,0,0,160.012,0,0,0
"MtrElec",5,2,4,"",146.964,0,0,0,0,0,0,0,0,0,0,0,0,0,0,0,0,0,0,0,0,146.964,0,0,0
"MtrElec",5,2,5,"",170.821,0,0,0,0,0,0,0,0,0,0,0,0,0,0,0,0,0,0,0,0,170.821,0,0,0
"MtrElec",5,2,6,"",144.058,0,0,0,0,0,0,0,0,0,0,0,0,0,0,0,0,0,0,0,0,144.058,0,0,0
"MtrElec",5,2,7,"",189.061,0,0,0,0,0,0,0,0,0,0,0,0,0,0,0,0,0,0,0,0,203.336,0,0,-14.2743
"MtrElec",5,2,8,"",112.341,0,0,0,0,0,0,0,0,0,0,0,0,0,0,0,0,0,0,0,0,234.345,0,0,-122.004
"MtrElec",5,2,9,"",6.50931,0,0,0,0,0,0,0,0,0,0,0,0,0,0,0,0,0,0,0,0,306.513,0,0,-300.003
"MtrElec",5,2,10,"",-75.4729,0,0,0,0,0,0,0,0,0,0,0,0,0,0,0,0,0,0,0,0,378.307,0,0,-453.78
"MtrElec",5,2,11,"",0.0000039,0,0,0,0,0,0,0,0,0,0,0,0,0,0,0,0,0,0,0,0,511.408,0,51.8653,-563.273
"MtrElec",5,2,12,"",0.0000078,0,0,0,0,0,0,0,0,0,0,0,0,0,0,0,0,0,0,0,0,506.764,0,128.206,-634.97
"MtrElec",5,2,13,"",0,0,0,0,0,0,0,0,0,0,0,0,0,0,0,0,0,0,0,0,0,490.673,0,108.08,-598.753
"MtrElec",5,2,14,"",0,0,0,0,0,0,0,0,0,0,0,0,0,0,0,0,0,0,0,0,0,427.94,0,204.165,-632.105
"MtrElec",5,2,15,"",0,0,0,0,0,0,0,0,0,0,0,0,0,0,0,0,0,0,0,0,0,493.153,0,148.05,-641.203
"MtrElec",5,2,16,"",0.0000039,0,0,0,0,0,0,0,0,0,0,0,0,0,0,0,0,0,0,0,0,487.26,0,52.715,-539.975
"MtrElec",5,2,17,"",45.1113,0,0,0,0,0,0,0,0,0,0,0,0,0,0,0,0,0,0,0,0,445.677,0,0,-400.565
"MtrElec",5,2,18,"",278.793,0,0,0,0,0,0,0,0,0,0,0,0,0,0,0,0,0,0,0,0,503.738,0,0,-224.945
"MtrElec",5,2,19,"",252.146,0,0,0,0,0,0,0,0,0,0,0,0,0,0,0,0,0,0,0,0,534.167,0,-223.217,-58.804
"MtrElec",5,2,20,"",158.086,0,0,0,0,0,0,0,0,0,0,0,0,0,0,0,0,0,0,0,0,381.644,0,-223.217,-0.341656
"MtrElec",5,2,21,"",166.127,0,0,0,0,0,0,0,0,0,0,0,0,0,0,0,0,0,0,0,0,345.199,0,-179.072,0
"MtrElec",5,2,22,"",291.569,0,0,0,0,0,0,0,0,0,0,0,0,0,0,0,0,0,0,0,0,291.569,0,0,0
"MtrElec",5,2,23,"",225.739,0,0,0,0,0,0,0,0,0,0,0,0,0,0,0,0,0,0,0,0,225.739,0,0,0
"MtrElec",5,2,24,"",218.318,0,0,0,0,0,0,0,0,0,0,0,0,0,0,0,0,0,0,0,0,218.318,0,0,0
"MtrElec",5,3,1,"",161.322,0,0,0,0,0,0,0,0,0,0,0,0,0,0,0,0,0,0,0,0,161.322,0,0,0
"MtrElec",5,3,2,"",146.646,0,0,0,0,0,0,0,0,0,0,0,0,0,0,0,0,0,0,0,0,146.646,0,0,0
"MtrElec",5,3,3,"",148.875,0,0,0,0,0,0,0,0,0,0,0,0,0,0,0,0,0,0,0,0,148.875,0,0,0
"MtrElec",5,3,4,"",149.127,0,0,0,0,0,0,0,0,0,0,0,0,0,0,0,0,0,0,0,0,149.127,0,0,0
"MtrElec",5,3,5,"",190.97,0,0,0,0,0,0,0,0,0,0,0,0,0,0,0,0,0,0,0,0,190.97,0,0,0
"MtrElec",5,3,6,"",147.365,0,0,0,0,0,0,0,0,0,0,0,0,0,0,0,0,0,0,0,0,147.365,0,0,0
"MtrElec",5,3,7,"",139.214,0,0,0,0,0,0,0,0,0,0,0,0,0,0,0,0,0,0,0,0,154.147,0,0,-14.9336
"MtrElec",5,3,8,"",109.951,0,0,0,0,0,0,0,0,0,0,0,0,0,0,0,0,0,0,0,0,231.78,0,0,-121.829
"MtrElec",5,3,9,"",-57.725,0,0,0,0,0,0,0,0,0,0,0,0,0,0,0,0,0,0,0,0,240.647,0,0,-298.372
"MtrElec",5,3,10,"",-108.044,0,0,0,0,0,0,0,0,0,0,0,0,0,0,0,0,0,0,0,0,330.702,0,0,-438.745
"MtrElec",5,3,11,"",0,0,0,0,0,0,0,0,0,0,0,0,0,0,0,0,0,0,0,0,0,460.492,0,82.3212,-542.813
"MtrElec",5,3,12,"",0.0000156,0,0,0,0,0,0,0,0,0,0,0,0,0,0,0,0,0,0,0,0,448.638,0,194.11,-642.749
"MtrElec",5,3,13,"",0,0,0,0,0,0,0,0,0,0,0,0,0,0,0,0,0,0,0,0,0,486.745,0,196.528,-683.273
"MtrElec",5,3,14,"",-16.965,0,0,0,0,0,0,0,0,0,0,0,0,0,0,0,0,0,0,0,0,422.522,0,223.217,-662.704
"MtrElec",5,3,15,"",-48.9016,0,0,0,0,0,0,0,0,0,0,0,0,0,0,0,0,0,0,0,0,462.857,0,102.705,-614.463
"MtrElec",5,3,16,"",-107.34,0,0,0,0,0,0,0,0,0,0,0,0,0,0,0,0,0,0,0,0,420.655,0,0,-527.996
"MtrElec",5,3,17,"",33.0822,0,0,0,0,0,0,0,0,0,0,0,0,0,0,0,0,0,0,0,0,426.077,0,0,-392.995
"MtrElec",5,3,18,"",208.316,0,0,0,0,0,0,0,0,0,0,0,0,0,0,0,0,0,0,0,0,431.602,0,0,-223.285
"MtrElec",5,3,19,"",224.416,0,0,0,0,0,0,0,0,0,0,0,0,0,0,0,0,0,0,0,0,507.488,0,-223.217,-59.8545
"MtrElec",5,3,20,"",105.723,0,0,0,0,0,0,0,0,0,0,0,0,0,0,0,0,0,0,0,0,329.289,0,-223.217,-0.348553
"MtrElec",5,3,21,"",105.728,0,0,0,0,0,0,0,0,0,0,0,0,0,0,0,0,0,0,0,0,328.945,0,-223.217,0
"MtrElec",5,3,22,"",271.741,0,0,0,0,0,0,0,0,0,0,0,0,0,0,0,0,0,0,0,0,323.081,0,-51.3398,0
"MtrElec",5,3,23,"",195.979,0,0,0,0,0,0,0,0,0,0,0,0,0,0,0,0,0,0,0,0,195.979,0,0,0
"MtrElec",5,3,24,"",215.627,0,0,0,0,0,0,0,0,0,0,0,0,0,0,0,0,0,0,0,0,215.627,0,0,0
"MtrElec",5,4,1,"",152.641,0,0,0,0,0,0,0,0,0,0,0,0,0,0,0,0,0,0,0,0,152.641,0,0,0
"MtrElec",5,4,2,"",149.458,0,0,0,0,0,0,0,0,0,0,0,0,0,0,0,0,0,0,0,0,149.458,0,0,0
"MtrElec",5,4,3,"",144.498,0,0,0,0,0,0,0,0,0,0,0,0,0,0,0,0,0,0,0,0,144.498,0,0,0
"MtrElec",5,4,4,"",149.186,0,0,0,0,0,0,0,0,0,0,0,0,0,0,0,0,0,0,0,0,149.186,0,0,0
"MtrElec",5,4,5,"",177.092,0,0,0,0,0,0,0,0,0,0,0,0,0,0,0,0,0,0,0,0,177.092,0,0,0
"MtrElec",5,4,6,"",152.603,0,0,0,0,0,0,0,0,0,0,0,0,0,0,0,0,0,0,0,0,152.603,0,0,0
"MtrElec",5,4,7,"",229.08,0,0,0,0,0,0,0,0,0,0,0,0,0,0,0,0,0,0,0,0,245.536,0,0,-16.4555
"MtrElec",5,4,8,"",175.142,0,0,0,0,0,0,0,0,0,0,0,0,0,0,0,0,0,0,0,0,300.467,0,0,-125.326
"MtrElec",5,4,9,"",87.9854,0,0,0,0,0,0,0,0,0,0,0,0,0,0,0,0,0,0,0,0,388.551,0,0,-300.565
"MtrElec",5,4,10,"",5.59153,0,0,0,0,0,0,0,0,0,0,0,0,0,0,0,0,0,0,0,0,458.731,0,0,-453.14
"MtrElec",5,4,11,"",0,0,0,0,0,0,0,0,0,0,0,0,0,0,0,0,0,0,0,0,0,522.416,0,53.674,-576.09
"MtrElec",5,4,12,"",0.0000156,0,0,0,0,0,0,0,0,0,0,0,0,0,0,0,0,0,0,0,0,496.316,0,162.87,-659.186
"MtrElec",5,4,13,"",-4.36981,0,0,0,0,0,0,0,0,0,0,0,0,0,0,0,0,0,0,0,0,471.681,0,223.217,-699.267
"MtrElec",5,4,14,"",-41.8066,0,0,0,0,0,0,0,0,0,0,0,0,0,0,0,0,0,0,0,0,427.534,0,223.217,-692.558
"MtrElec",5,4,15,"",-94.5696,0,0,0,0,0,0,0,0,0,0,0,0,0,0,0,0,0,0,0,0,409.494,0,135.904,-639.968
"MtrElec",5,4,16,"",-97.2404,0,0,0,0,0,0,0,0,0,0,0,0,0,0,0,0,0,0,0,0,447.857,0,0,-545.097
"MtrElec",5,4,17,"",50.4301,0,0,0,0,0,0,0,0,0,0,0,0,0,0,0,0,0,0,0,0,455.63,0,0,-405.2
"MtrElec",5,4,18,"",222.453,0,0,0,0,0,0,0,0,0,0,0,0,0,0,0,0,0,0,0,0,452.197,0,0,-229.744
"MtrElec",5,4,19,"",145.029,0,0,0,0,0,0,0,0,0,0,0,0,0,0,0,0,0,0,0,0,430.165,0,-223.217,-61.9195
"MtrElec",5,4,20,"",155.82,0,0,0,0,0,0,0,0,0,0,0,0,0,0,0,0,0,0,0,0,381.897,0,-223.217,-2.85957
"MtrElec",5,4,21,"",217.744,0,0,0,0,0,0,0,0,0,0,0,0,0,0,0,0,0,0,0,0,440.961,0,-223.217,0
"MtrElec",5,4,22,"",235.858,0,0,0,0,0,0,0,0,0,0,0,0,0,0,0,0,0,0,0,0,287.197,0,-51.3398,0
"MtrElec",5,4,23,"",299.434,0,0,0,0,0,0,0,0,0,0,0,0,0,0,0,0,0,0,0,0,299.434,0,0,0
"MtrElec",5,4,24,"",197.589,0,0,0,0,0,0,0,0,0,0,0,0,0,0,0,0,0,0,0,0,197.589,0,0,0
"MtrElec",5,5,1,"",151.62,0,0,0,0,0,0,0,0,0,0,0,0,0,0,0,0,0,0,0,0,151.62,0,0,0
"MtrElec",5,5,2,"",149.768,0,0,0,0,0,0,0,0,0,0,0,0,0,0,0,0,0,0,0,0,149.768,0,0,0
"MtrElec",5,5,3,"",147.22,0,0,0,0,0,0,0,0,0,0,0,0,0,0,0,0,0,0,0,0,147.22,0,0,0
"MtrElec",5,5,4,"",143.708,0,0,0,0,0,0,0,0,0,0,0,0,0,0,0,0,0,0,0,0,143.708,0,0,0
"MtrElec",5,5,5,"",142.744,0,0,0,0,0,0,0,0,0,0,0,0,0,0,0,0,0,0,0,0,142.744,0,0,0
"MtrElec",5,5,6,"",165.109,0,0,0,0,0,0,0,0,0,0,0,0,0,0,0,0,0,0,0,0,165.109,0,0,0
"MtrElec",5,5,7,"",203.865,0,0,0,0,0,0,0,0,0,0,0,0,0,0,0,0,0,0,0,0,216.68,0,0,-12.815
"MtrElec",5,5,8,"",221.773,0,0,0,0,0,0,0,0,0,0,0,0,0,0,0,0,0,0,0,0,292.918,0,0,-71.1446
"MtrElec",5,5,9,"",229.799,0,0,0,0,0,0,0,0,0,0,0,0,0,0,0,0,0,0,0,0,368.569,0,0,-138.77
"MtrElec",5,5,10,"",151.084,0,0,0,0,0,0,0,0,0,0,0,0,0,0,0,0,0,0,0,0,352.143,0,0,-201.059
"MtrElec",5,5,11,"",41.5464,0,0,0,0,0,0,0,0,0,0,0,0,0,0,0,0,0,0,0,0,389.625,0,0,-348.079
"MtrElec",5,5,12,"",0.0000078,0,0,0,0,0,0,0,0,0,0,0,0,0,0,0,0,0,0,0,0,411.886,0,120.643,-532.53
"MtrElec",5,5,13,"",0,0,0,0,0,0,0,0,0,0,0,0,0,0,0,0,0,0,0,0,0,426.876,0,166.717,-593.593
"MtrElec",5,5,14,"",-56.3642,0,0,0,0,0,0,0,0,0,0,0,0,0,0,0,0,0,0,0,0,398.801,0,223.217,-678.382
"MtrElec",5,5,15,"",-34.2112,0,0,0,0,0,0,0,0,0,0,0,0,0,0,0,0,0,0,0,0,376.584,0,223.217,-634.012
"MtrElec",5,5,16,"",-50.7828,0,0,0,0,0,0,0,0,0,0,0,0,0,0,0,0,0,0,0,0,378.017,0,65.0875,-493.888
"MtrElec",5,5,17,"",55.1841,0,0,0,0,0,0,0,0,0,0,0,0,0,0,0,0,0,0,0,0,418.939,0,0,-363.755
"MtrElec",5,5,18,"",214.21,0,0,0,0,0,0,0,0,0,0,0,0,0,0,0,0,0,0,0,0,437.262,0,0,-223.052
"MtrElec",5,5,19,"",154.352,0,0,0,0,0,0,0,0,0,0,0,0,0,0,0,0,0,0,0,0,440.712,0,-223.217,-63.1427
"MtrElec",5,5,20,"",153.391,0,0,0,0,0,0,0,0,0,0,0,0,0,0,0,0,0,0,0,0,380.116,0,-223.217,-3.50828
"MtrElec",5,5,21,"",151.088,0,0,0,0,0,0,0,0,0,0,0,0,0,0,0,0,0,0,0,0,374.305,0,-223.217,0
"MtrElec",5,5,22,"",218.094,0,0,0,0,0,0,0,0,0,0,0,0,0,0,0,0,0,0,0,0,269.434,0,-51.3398,0
"MtrElec",5,5,23,"",241.876,0,0,0,0,0,0,0,0,0,0,0,0,0,0,0,0,0,0,0,0,241.876,0,0,0
"MtrElec",5,5,24,"",179.026,0,0,0,0,0,0,0,0,0,0,0,0,0,0,0,0,0,0,0,0,179.026,0,0,0
"MtrElec",5,6,1,"",156.311,0,0,0,0,0,0,0,0,0,0,0,0,0,0,0,0,0,0,0,0,156.311,0,0,0
"MtrElec",5,6,2,"",160.296,0,0,0,0,0,0,0,0,0,0,0,0,0,0,0,0,0,0,0,0,160.296,0,0,0
"MtrElec",5,6,3,"",170.052,0,0,0,0,0,0,0,0,0,0,0,0,0,0,0,0,0,0,0,0,170.052,0,0,0
"MtrElec",5,6,4,"",143.513,0,0,0,0,0,0,0,0,0,0,0,0,0,0,0,0,0,0,0,0,143.513,0,0,0
"MtrElec",5,6,5,"",142.136,0,0,0,0,0,0,0,0,0,0,0,0,0,0,0,0,0,0,0,0,142.136,0,0,0
"MtrElec",5,6,6,"",145.85,0,0,0,0,0,0,0,0,0,0,0,0,0,0,0,0,0,0,0,0,145.85,0,0,0
"MtrElec",5,6,7,"",231.813,0,0,0,0,0,0,0,0,0,0,0,0,0,0,0,0,0,0,0,0,249.186,0,0,-17.3724
"MtrElec",5,6,8,"",195.794,0,0,0,0,0,0,0,0,0,0,0,0,0,0,0,0,0,0,0,0,289.743,0,0,-93.9497
"MtrElec",5,6,9,"",184.121,0,0,0,0,0,0,0,0,0,0,0,0,0,0,0,0,0,0,0,0,334.178,0,0,-150.057
"MtrElec",5,6,10,"",209.113,0,0,0,0,0,0,0,0,0,0,0,0,0,0,0,0,0,0,0,0,423.47,0,0,-214.357
"MtrElec",5,6,11,"",224.52,0,0,0,0,0,0,0,0,0,0,0,0,0,0,0,0,0,0,0,0,423.805,0,0,-199.285
"MtrElec",5,6,12,"",273.263,0,0,0,0,0,0,0,0,0,0,0,0,0,0,0,0,0,0,0,0,446.844,0,0,-173.581
"MtrElec",5,6,13,"",313.037,0,0,0,0,0,0,0,0,0,0,0,0,0,0,0,0,0,0,0,0,418.513,0,0,-105.475
"MtrElec",5,6,14,"",0,0,0,0,0,0,0,0,0,0,0,0,0,0,0,0,0,0,0,0,0,362.68,0,41.4403,-404.12
"MtrElec",5,6,15,"",0,0,0,0,0,0,0,0,0,0,0,0,0,0,0,0,0,0,0,0,0,354.839,0,49.5239,-404.363
"MtrElec",5,6,16,"",92.4914,0,0,0,0,0,0,0,0,0,0,0,0,0,0,0,0,0,0,0,0,370.2,0,0,-277.709
"MtrElec",5,6,17,"",176.822,0,0,0,0,0,0,0,0,0,0,0,0,0,0,0,0,0,0,0,0,413.517,0,0,-236.695
"MtrElec",5,6,18,"",155.44,0,0,0,0,0,0,0,0,0,0,0,0,0,0,0,0,0,0,0,0,373.571,0,0,-218.132
"MtrElec",5,6,19,"",205.45,0,0,0,0,0,0,0,0,0,0,0,0,0,0,0,0,0,0,0,0,358.466,0,-82.0952,-70.9201
"MtrElec",5,6,20,"",381.333,0,0,0,0,0,0,0,0,0,0,0,0,0,0,0,0,0,0,0,0,387.919,0,0,-6.58636
"MtrElec",5,6,21,"",367.225,0,0,0,0,0,0,0,0,0,0,0,0,0,0,0,0,0,0,0,0,367.225,0,0,0
"MtrElec",5,6,22,"",286.929,0,0,0,0,0,0,0,0,0,0,0,0,0,0,0,0,0,0,0,0,286.929,0,0,0
"MtrElec",5,6,23,"",252.575,0,0,0,0,0,0,0,0,0,0,0,0,0,0,0,0,0,0,0,0,252.575,0,0,0
"MtrElec",5,6,24,"",179.666,0,0,0,0,0,0,0,0,0,0,0,0,0,0,0,0,0,0,0,0,179.666,0,0,0
"MtrElec",5,7,1,"",174.558,0,0,0,0,0,0,0,0,0,0,0,0,0,0,0,0,0,0,0,0,174.558,0,0,0
"MtrElec",5,7,2,"",146.299,0,0,0,0,0,0,0,0,0,0,0,0,0,0,0,0,0,0,0,0,146.299,0,0,0
"MtrElec",5,7,3,"",183.864,0,0,0,0,0,0,0,0,0,0,0,0,0,0,0,0,0,0,0,0,183.864,0,0,0
"MtrElec",5,7,4,"",148.812,0,0,0,0,0,0,0,0,0,0,0,0,0,0,0,0,0,0,0,0,148.812,0,0,0
"MtrElec",5,7,5,"",144.17,0,0,0,0,0,0,0,0,0,0,0,0,0,0,0,0,0,0,0,0,144.17,0,0,0
"MtrElec",5,7,6,"",146.174,0,0,0,0,0,0,0,0,0,0,0,0,0,0,0,0,0,0,0,0,146.174,0,0,0
"MtrElec",5,7,7,"",224.004,0,0,0,0,0,0,0,0,0,0,0,0,0,0,0,0,0,0,0,0,246.143,0,0,-22.139
"MtrElec",5,7,8,"",191.163,0,0,0,0,0,0,0,0,0,0,0,0,0,0,0,0,0,0,0,0,308.837,0,0,-117.674
"MtrElec",5,7,9,"",123.87,0,0,0,0,0,0,0,0,0,0,0,0,0,0,0,0,0,0,0,0,375.898,0,0,-252.028
"MtrElec",5,7,10,"",-46.1938,0,0,0,0,0,0,0,0,0,0,0,0,0,0,0,0,0,0,0,0,408.935,0,0,-455.129
"MtrElec",5,7,11,"",0,0,0,0,0,0,0,0,0,0,0,0,0,0,0,0,0,0,0,0,0,380.931,0,106.879,-487.811
"MtrElec",5,7,12,"",0,0,0,0,0,0,0,0,0,0,0,0,0,0,0,0,0,0,0,0,0,377.813,0,166.673,-544.486
"MtrElec",5,7,13,"",59.9215,0,0,0,0,0,0,0,0,0,0,0,0,0,0,0,0,0,0,0,0,478.948,0,0,-419.027
"MtrElec",5,7,14,"",68.8786,0,0,0,0,0,0,0,0,0,0,0,0,0,0,0,0,0,0,0,0,331.463,0,0,-262.584
"MtrElec",5,7,15,"",24.1519,0,0,0,0,0,0,0,0,0,0,0,0,0,0,0,0,0,0,0,0,382.692,0,0,-358.54
"MtrElec",5,7,16,"",0,0,0,0,0,0,0,0,0,0,0,0,0,0,0,0,0,0,0,0,0,325.632,0,40.4046,-366.037
"MtrElec",5,7,17,"",165.185,0,0,0,0,0,0,0,0,0,0,0,0,0,0,0,0,0,0,0,0,384.163,0,0,-218.978
"MtrElec",5,7,18,"",370.918,0,0,0,0,0,0,0,0,0,0,0,0,0,0,0,0,0,0,0,0,383.313,0,0,-12.3952
"MtrElec",5,7,19,"",74.0994,0,0,0,0,0,0,0,0,0,0,0,0,0,0,0,0,0,0,0,0,346.008,0,-223.217,-48.6918
"MtrElec",5,7,20,"",336.541,0,0,0,0,0,0,0,0,0,0,0,0,0,0,0,0,0,0,0,0,401.534,0,-60.1296,-4.86351
"MtrElec",5,7,21,"",388.711,0,0,0,0,0,0,0,0,0,0,0,0,0,0,0,0,0,0,0,0,388.711,0,0,0
"MtrElec",5,7,22,"",251.585,0,0,0,0,0,0,0,0,0,0,0,0,0,0,0,0,0,0,0,0,251.585,0,0,0
"MtrElec",5,7,23,"",266.74,0,0,0,0,0,0,0,0,0,0,0,0,0,0,0,0,0,0,0,0,266.74,0,0,0
"MtrElec",5,7,24,"",213.208,0,0,0,0,0,0,0,0,0,0,0,0,0,0,0,0,0,0,0,0,213.208,0,0,0
"MtrElec",5,8,1,"",149.326,0,0,0,0,0,0,0,0,0,0,0,0,0,0,0,0,0,0,0,0,149.326,0,0,0
"MtrElec",5,8,2,"",145.687,0,0,0,0,0,0,0,0,0,0,0,0,0,0,0,0,0,0,0,0,145.687,0,0,0
"MtrElec",5,8,3,"",146.847,0,0,0,0,0,0,0,0,0,0,0,0,0,0,0,0,0,0,0,0,146.847,0,0,0
"MtrElec",5,8,4,"",143.434,0,0,0,0,0,0,0,0,0,0,0,0,0,0,0,0,0,0,0,0,143.434,0,0,0
"MtrElec",5,8,5,"",179.294,0,0,0,0,0,0,0,0,0,0,0,0,0,0,0,0,0,0,0,0,179.294,0,0,0
"MtrElec",5,8,6,"",143.248,0,0,0,0,0,0,0,0,0,0,0,0,0,0,0,0,0,0,0,0,143.248,0,0,0
"MtrElec",5,8,7,"",217.422,0,0,0,0,0,0,0,0,0,0,0,0,0,0,0,0,0,0,0,0,235.22,0,0,-17.7976
"MtrElec",5,8,8,"",121.13,0,0,0,0,0,0,0,0,0,0,0,0,0,0,0,0,0,0,0,0,256.115,0,0,-134.985
"MtrElec",5,8,9,"",29.4715,0,0,0,0,0,0,0,0,0,0,0,0,0,0,0,0,0,0,0,0,346.83,0,0,-317.359
"MtrElec",5,8,10,"",-105.365,0,0,0,0,0,0,0,0,0,0,0,0,0,0,0,0,0,0,0,0,375.718,0,0,-481.082
"MtrElec",5,8,11,"",0,0,0,0,0,0,0,0,0,0,0,0,0,0,0,0,0,0,0,0,0,441.244,0,157.52,-598.764
"MtrElec",5,8,12,"",-31.6679,0,0,0,0,0,0,0,0,0,0,0,0,0,0,0,0,0,0,0,0,413.732,0,223.217,-668.617
"MtrElec",5,8,13,"",-83.9909,0,0,0,0,0,0,0,0,0,0,0,0,0,0,0,0,0,0,0,0,402.574,0,223.217,-709.782
"MtrElec",5,8,14,"",-117.368,0,0,0,0,0,0,0,0,0,0,0,0,0,0,0,0,0,0,0,0,373.524,0,194.928,-685.819
"MtrElec",5,8,15,"",-198.095,0,0,0,0,0,0,0,0,0,0,0,0,0,0,0,0,0,0,0,0,334.006,0,0,-532.101
"MtrElec",5,8,16,"",-59.5397,0,0,0,0,0,0,0,0,0,0,0,0,0,0,0,0,0,0,0,0,392.109,0,0,-451.649
"MtrElec",5,8,17,"",34.6995,0,0,0,0,0,0,0,0,0,0,0,0,0,0,0,0,0,0,0,0,412.398,0,0,-377.699
"MtrElec",5,8,18,"",194.849,0,0,0,0,0,0,0,0,0,0,0,0,0,0,0,0,0,0,0,0,424.303,0,0,-229.454
"MtrElec",5,8,19,"",90.077,0,0,0,0,0,0,0,0,0,0,0,0,0,0,0,0,0,0,0,0,379.877,0,-223.217,-66.5831
"MtrElec",5,8,20,"",135.615,0,0,0,0,0,0,0,0,0,0,0,0,0,0,0,0,0,0,0,0,365.324,0,-223.217,-6.49274
"MtrElec",5,8,21,"",147.509,0,0,0,0,0,0,0,0,0,0,0,0,0,0,0,0,0,0,0,0,370.726,0,-223.217,0
"MtrElec",5,8,22,"",199.099,0,0,0,0,0,0,0,0,0,0,0,0,0,0,0,0,0,0,0,0,250.438,0,-51.3398,0
"MtrElec",5,8,23,"",238.049,0,0,0,0,0,0,0,0,0,0,0,0,0,0,0,0,0,0,0,0,238.049,0,0,0
"MtrElec",5,8,24,"",176.127,0,0,0,0,0,0,0,0,0,0,0,0,0,0,0,0,0,0,0,0,176.127,0,0,0
"MtrElec",5,9,1,"",210.116,0,0,0,0,0,0,0,0,0,0,0,0,0,0,0,0,0,0,0,0,210.116,0,0,0
"MtrElec",5,9,2,"",147.215,0,0,0,0,0,0,0,0,0,0,0,0,0,0,0,0,0,0,0,0,147.215,0,0,0
"MtrElec",5,9,3,"",147.827,0,0,0,0,0,0,0,0,0,0,0,0,0,0,0,0,0,0,0,0,147.827,0,0,0
"MtrElec",5,9,4,"",150.853,0,0,0,0,0,0,0,0,0,0,0,0,0,0,0,0,0,0,0,0,150.853,0,0,0
"MtrElec",5,9,5,"",178.102,0,0,0,0,0,0,0,0,0,0,0,0,0,0,0,0,0,0,0,0,178.102,0,0,0
"MtrElec",5,9,6,"",182.365,0,0,0,0,0,0,0,0,0,0,0,0,0,0,0,0,0,0,0,0,182.365,0,0,0
"MtrElec",5,9,7,"",151.731,0,0,0,0,0,0,0,0,0,0,0,0,0,0,0,0,0,0,0,0,162.561,0,0,-10.8299
"MtrElec",5,9,8,"",195.131,0,0,0,0,0,0,0,0,0,0,0,0,0,0,0,0,0,0,0,0,253.273,0,0,-58.1413
"MtrElec",5,9,9,"",203.072,0,0,0,0,0,0,0,0,0,0,0,0,0,0,0,0,0,0,0,0,308.667,0,0,-105.596
"MtrElec",5,9,10,"",308.316,0,0,0,0,0,0,0,0,0,0,0,0,0,0,0,0,0,0,0,0,407.648,0,0,-99.3321
"MtrElec",5,9,11,"",222.698,0,0,0,0,0,0,0,0,0,0,0,0,0,0,0,0,0,0,0,0,509.487,0,0,-286.789
"MtrElec",5,9,12,"",157.953,0,0,0,0,0,0,0,0,0,0,0,0,0,0,0,0,0,0,0,0,439.159,0,0,-281.206
"MtrElec",5,9,13,"",145.979,0,0,0,0,0,0,0,0,0,0,0,0,0,0,0,0,0,0,0,0,469.296,0,0,-323.317
"MtrElec",5,9,14,"",55.3645,0,0,0,0,0,0,0,0,0,0,0,0,0,0,0,0,0,0,0,0,426.787,0,0,-371.423
"MtrElec",5,9,15,"",0.0000156,0,0,0,0,0,0,0,0,0,0,0,0,0,0,0,0,0,0,0,0,391.884,0,193.485,-585.369
"MtrElec",5,9,16,"",0,0,0,0,0,0,0,0,0,0,0,0,0,0,0,0,0,0,0,0,0,411.194,0,120.73,-531.923
"MtrElec",5,9,17,"",0.0000010,0,0,0,0,0,0,0,0,0,0,0,0,0,0,0,0,0,0,0,0,380.102,0,10.7489,-390.851
"MtrElec",5,9,18,"",221.604,0,0,0,0,0,0,0,0,0,0,0,0,0,0,0,0,0,0,0,0,444.322,0,0,-222.718
"MtrElec",5,9,19,"",97.3066,0,0,0,0,0,0,0,0,0,0,0,0,0,0,0,0,0,0,0,0,391.905,0,-223.217,-71.3813
"MtrElec",5,9,20,"",283.518,0,0,0,0,0,0,0,0,0,0,0,0,0,0,0,0,0,0,0,0,360.035,0,-70.0626,-6.45441
"MtrElec",5,9,21,"",309.891,0,0,0,0,0,0,0,0,0,0,0,0,0,0,0,0,0,0,0,0,309.891,0,0,0
"MtrElec",5,9,22,"",275.216,0,0,0,0,0,0,0,0,0,0,0,0,0,0,0,0,0,0,0,0,275.216,0,0,0
"MtrElec",5,9,23,"",203.166,0,0,0,0,0,0,0,0,0,0,0,0,0,0,0,0,0,0,0,0,203.166,0,0,0
"MtrElec",5,9,24,"",212.125,0,0,0,0,0,0,0,0,0,0,0,0,0,0,0,0,0,0,0,0,212.125,0,0,0
"MtrElec",5,10,1,"",164.258,0,0,0,0,0,0,0,0,0,0,0,0,0,0,0,0,0,0,0,0,164.258,0,0,0
"MtrElec",5,10,2,"",145.044,0,0,0,0,0,0,0,0,0,0,0,0,0,0,0,0,0,0,0,0,145.044,0,0,0
"MtrElec",5,10,3,"",142.57,0,0,0,0,0,0,0,0,0,0,0,0,0,0,0,0,0,0,0,0,142.57,0,0,0
"MtrElec",5,10,4,"",144.001,0,0,0,0,0,0,0,0,0,0,0,0,0,0,0,0,0,0,0,0,144.001,0,0,0
"MtrElec",5,10,5,"",173.845,0,0,0,0,0,0,0,0,0,0,0,0,0,0,0,0,0,0,0,0,173.845,0,0,0
"MtrElec",5,10,6,"",160.52,0,0,0,0,0,0,0,0,0,0,0,0,0,0,0,0,0,0,0,0,160.52,0,0,0
"MtrElec",5,10,7,"",145.545,0,0,0,0,0,0,0,0,0,0,0,0,0,0,0,0,0,0,0,0,151.9,0,0,-6.35418
"MtrElec",5,10,8,"",188.647,0,0,0,0,0,0,0,0,0,0,0,0,0,0,0,0,0,0,0,0,230.304,0,0,-41.6567
"MtrElec",5,10,9,"",176.129,0,0,0,0,0,0,0,0,0,0,0,0,0,0,0,0,0,0,0,0,249.848,0,0,-73.7193
"MtrElec",5,10,10,"",218.942,0,0,0,0,0,0,0,0,0,0,0,0,0,0,0,0,0,0,0,0,305.757,0,0,-86.8148
"MtrElec",5,10,11,"",224.525,0,0,0,0,0,0,0,0,0,0,0,0,0,0,0,0,0,0,0,0,370.698,0,0,-146.174
"MtrElec",5,10,12,"",249.471,0,0,0,0,0,0,0,0,0,0,0,0,0,0,0,0,0,0,0,0,320.278,0,0,-70.8074
"MtrElec",5,10,13,"",322.419,0,0,0,0,0,0,0,0,0,0,0,0,0,0,0,0,0,0,0,0,417.769,0,0,-95.3492
"MtrElec",5,10,14,"",116.085,0,0,0,0,0,0,0,0,0,0,0,0,0,0,0,0,0,0,0,0,326.724,0,0,-210.639
"MtrElec",5,10,15,"",68.7643,0,0,0,0,0,0,0,0,0,0,0,0,0,0,0,0,0,0,0,0,392.864,0,0,-324.099
"MtrElec",5,10,16,"",141.294,0,0,0,0,0,0,0,0,0,0,0,0,0,0,0,0,0,0,0,0,342.48,0,0,-201.186
"MtrElec",5,10,17,"",164.751,0,0,0,0,0,0,0,0,0,0,0,0,0,0,0,0,0,0,0,0,310.681,0,0,-145.93
"MtrElec",5,10,18,"",272.191,0,0,0,0,0,0,0,0,0,0,0,0,0,0,0,0,0,0,0,0,350.304,0,0,-78.1131
"MtrElec",5,10,19,"",384.05,0,0,0,0,0,0,0,0,0,0,0,0,0,0,0,0,0,0,0,0,444.274,0,0,-60.2246
"MtrElec",5,10,20,"",318.825,0,0,0,0,0,0,0,0,0,0,0,0,0,0,0,0,0,0,0,0,325.915,0,0,-7.09074
"MtrElec",5,10,21,"",309.012,0,0,0,0,0,0,0,0,0,0,0,0,0,0,0,0,0,0,0,0,309.012,0,0,0
"MtrElec",5,10,22,"",277.376,0,0,0,0,0,0,0,0,0,0,0,0,0,0,0,0,0,0,0,0,277.376,0,0,0
"MtrElec",5,10,23,"",250.171,0,0,0,0,0,0,0,0,0,0,0,0,0,0,0,0,0,0,0,0,250.171,0,0,0
"MtrElec",5,10,24,"",205.788,0,0,0,0,0,0,0,0,0,0,0,0,0,0,0,0,0,0,0,0,205.788,0,0,0
"MtrElec",5,11,1,"",151.385,0,0,0,0,0,0,0,0,0,0,0,0,0,0,0,0,0,0,0,0,151.385,0,0,0
"MtrElec",5,11,2,"",151.339,0,0,0,0,0,0,0,0,0,0,0,0,0,0,0,0,0,0,0,0,151.339,0,0,0
"MtrElec",5,11,3,"",144.009,0,0,0,0,0,0,0,0,0,0,0,0,0,0,0,0,0,0,0,0,144.009,0,0,0
"MtrElec",5,11,4,"",144.406,0,0,0,0,0,0,0,0,0,0,0,0,0,0,0,0,0,0,0,0,144.406,0,0,0
"MtrElec",5,11,5,"",141.12,0,0,0,0,0,0,0,0,0,0,0,0,0,0,0,0,0,0,0,0,141.12,0,0,0
"MtrElec",5,11,6,"",161.624,0,0,0,0,0,0,0,0,0,0,0,0,0,0,0,0,0,0,0,0,161.624,0,0,0
"MtrElec",5,11,7,"",198.393,0,0,0,0,0,0,0,0,0,0,0,0,0,0,0,0,0,0,0,0,221.149,0,0,-22.756
"MtrElec",5,11,8,"",169.349,0,0,0,0,0,0,0,0,0,0,0,0,0,0,0,0,0,0,0,0,304.748,0,0,-135.399
"MtrElec",5,11,9,"",63.5746,0,0,0,0,0,0,0,0,0,0,0,0,0,0,0,0,0,0,0,0,370.999,0,0,-307.424
"MtrElec",5,11,10,"",-60.8081,0,0,0,0,0,0,0,0,0,0,0,0,0,0,0,0,0,0,0,0,410.33,0,0,-471.138
"MtrElec",5,11,11,"",0,0,0,0,0,0,0,0,0,0,0,0,0,0,0,0,0,0,0,0,0,444.752,0,153.313,-598.065
"MtrElec",5,11,12,"",-52.0756,0,0,0,0,0,0,0,0,0,0,0,0,0,0,0,0,0,0,0,0,402.714,0,223.217,-678.007
"MtrElec",5,11,13,"",-70.9209,0,0,0,0,0,0,0,0,0,0,0,0,0,0,0,0,0,0,0,0,417.161,0,223.217,-711.299
"MtrElec",5,11,14,"",-103.929,0,0,0,0,0,0,0,0,0,0,0,0,0,0,0,0,0,0,0,0,397.774,0,199.135,-700.837
"MtrElec",5,11,15,"",-294.654,0,0,0,0,0,0,0,0,0,0,0,0,0,0,0,0,0,0,0,0,356.831,0,0,-651.485
"MtrElec",5,11,16,"",-143.203,0,0,0,0,0,0,0,0,0,0,0,0,0,0,0,0,0,0,0,0,411.671,0,0,-554.875
"MtrElec",5,11,17,"",17.4645,0,0,0,0,0,0,0,0,0,0,0,0,0,0,0,0,0,0,0,0,430.639,0,0,-413.175
"MtrElec",5,11,18,"",194.091,0,0,0,0,0,0,0,0,0,0,0,0,0,0,0,0,0,0,0,0,431.687,0,0,-237.596
"MtrElec",5,11,19,"",98.8137,0,0,0,0,0,0,0,0,0,0,0,0,0,0,0,0,0,0,0,0,389.097,0,-223.217,-67.066
"MtrElec",5,11,20,"",158.937,0,0,0,0,0,0,0,0,0,0,0,0,0,0,0,0,0,0,0,0,388.046,0,-223.217,-5.89143
"MtrElec",5,11,21,"",131.328,0,0,0,0,0,0,0,0,0,0,0,0,0,0,0,0,0,0,0,0,354.545,0,-223.217,0
"MtrElec",5,11,22,"",215.198,0,0,0,0,0,0,0,0,0,0,0,0,0,0,0,0,0,0,0,0,266.538,0,-51.3398,0
"MtrElec",5,11,23,"",257.843,0,0,0,0,0,0,0,0,0,0,0,0,0,0,0,0,0,0,0,0,257.843,0,0,0
"MtrElec",5,11,24,"",175.453,0,0,0,0,0,0,0,0,0,0,0,0,0,0,0,0,0,0,0,0,175.453,0,0,0
"MtrElec",5,12,1,"",153.187,0,0,0,0,0,0,0,0,0,0,0,0,0,0,0,0,0,0,0,0,153.187,0,0,0
"MtrElec",5,12,2,"",160.965,0,0,0,0,0,0,0,0,0,0,0,0,0,0,0,0,0,0,0,0,160.965,0,0,0
"MtrElec",5,12,3,"",170.774,0,0,0,0,0,0,0,0,0,0,0,0,0,0,0,0,0,0,0,0,170.774,0,0,0
"MtrElec",5,12,4,"",150.014,0,0,0,0,0,0,0,0,0,0,0,0,0,0,0,0,0,0,0,0,150.014,0,0,0
"MtrElec",5,12,5,"",139.612,0,0,0,0,0,0,0,0,0,0,0,0,0,0,0,0,0,0,0,0,139.612,0,0,0
"MtrElec",5,12,6,"",157.84,0,0,0,0,0,0,0,0,0,0,0,0,0,0,0,0,0,0,0,0,157.84,0,0,0
"MtrElec",5,12,7,"",238.647,0,0,0,0,0,0,0,0,0,0,0,0,0,0,0,0,0,0,0,0,258.965,0,0,-20.3176
"MtrElec",5,12,8,"",213.214,0,0,0,0,0,0,0,0,0,0,0,0,0,0,0,0,0,0,0,0,305.006,0,0,-91.7924
"MtrElec",5,12,9,"",185.949,0,0,0,0,0,0,0,0,0,0,0,0,0,0,0,0,0,0,0,0,367.911,0,0,-181.962
"MtrElec",5,12,10,"",10.2122,0,0,0,0,0,0,0,0,0,0,0,0,0,0,0,0,0,0,0,0,395.658,0,0,-385.446
"MtrElec",5,12,11,"",0,0,0,0,0,0,0,0,0,0,0,0,0,0,0,0,0,0,0,0,0,451.962,0,131.188,-583.149
"MtrElec",5,12,12,"",-67.5677,0,0,0,0,0,0,0,0,0,0,0,0,0,0,0,0,0,0,0,0,379.976,0,223.217,-670.76
"MtrElec",5,12,13,"",-59.3525,0,0,0,0,0,0,0,0,0,0,0,0,0,0,0,0,0,0,0,0,417.533,0,223.217,-700.103
"MtrElec",5,12,14,"",-70.2157,0,0,0,0,0,0,0,0,0,0,0,0,0,0,0,0,0,0,0,0,393.816,0,221.26,-685.291
"MtrElec",5,12,15,"",-275.8,0,0,0,0,0,0,0,0,0,0,0,0,0,0,0,0,0,0,0,0,357.749,0,0,-633.549
"MtrElec",5,12,16,"",-142.279,0,0,0,0,0,0,0,0,0,0,0,0,0,0,0,0,0,0,0,0,403.223,0,0,-545.502
"MtrElec",5,12,17,"",-13.7696,0,0,0,0,0,0,0,0,0,0,0,0,0,0,0,0,0,0,0,0,399.787,0,0,-413.556
"MtrElec",5,12,18,"",176.367,0,0,0,0,0,0,0,0,0,0,0,0,0,0,0,0,0,0,0,0,413.65,0,0,-237.283
"MtrElec",5,12,19,"",124.082,0,0,0,0,0,0,0,0,0,0,0,0,0,0,0,0,0,0,0,0,413.988,0,-223.217,-66.6897
"MtrElec",5,12,20,"",168.208,0,0,0,0,0,0,0,0,0,0,0,0,0,0,0,0,0,0,0,0,397.91,0,-223.217,-6.48477
"MtrElec",5,12,21,"",180.685,0,0,0,0,0,0,0,0,0,0,0,0,0,0,0,0,0,0,0,0,403.902,0,-223.217,0
"MtrElec",5,12,22,"",231.934,0,0,0,0,0,0,0,0,0,0,0,0,0,0,0,0,0,0,0,0,283.274,0,-51.3398,0
"MtrElec",5,12,23,"",236.188,0,0,0,0,0,0,0,0,0,0,0,0,0,0,0,0,0,0,0,0,236.188,0,0,0
"MtrElec",5,12,24,"",212.833,0,0,0,0,0,0,0,0,0,0,0,0,0,0,0,0,0,0,0,0,212.833,0,0,0
"MtrElec",5,13,1,"",152.636,0,0,0,0,0,0,0,0,0,0,0,0,0,0,0,0,0,0,0,0,152.636,0,0,0
"MtrElec",5,13,2,"",148.868,0,0,0,0,0,0,0,0,0,0,0,0,0,0,0,0,0,0,0,0,148.868,0,0,0
"MtrElec",5,13,3,"",146.88,0,0,0,0,0,0,0,0,0,0,0,0,0,0,0,0,0,0,0,0,146.88,0,0,0
"MtrElec",5,13,4,"",152.827,0,0,0,0,0,0,0,0,0,0,0,0,0,0,0,0,0,0,0,0,152.827,0,0,0
"MtrElec",5,13,5,"",182.529,0,0,0,0,0,0,0,0,0,0,0,0,0,0,0,0,0,0,0,0,182.529,0,0,0
"MtrElec",5,13,6,"",148.9,0,0,0,0,0,0,0,0,0,0,0,0,0,0,0,0,0,0,0,0,148.9,0,0,0
"MtrElec",5,13,7,"",232.338,0,0,0,0,0,0,0,0,0,0,0,0,0,0,0,0,0,0,0,0,251.898,0,0,-19.5598
"MtrElec",5,13,8,"",183.409,0,0,0,0,0,0,0,0,0,0,0,0,0,0,0,0,0,0,0,0,326.19,0,0,-142.781
"MtrElec",5,13,9,"",43.783,0,0,0,0,0,0,0,0,0,0,0,0,0,0,0,0,0,0,0,0,376.335,0,0,-332.552
"MtrElec",5,13,10,"",-121.846,0,0,0,0,0,0,0,0,0,0,0,0,0,0,0,0,0,0,0,0,369.862,0,0,-491.708
"MtrElec",5,13,11,"",0,0,0,0,0,0,0,0,0,0,0,0,0,0,0,0,0,0,0,0,0,414.937,0,199.145,-614.082
"MtrElec",5,13,12,"",-35.8304,0,0,0,0,0,0,0,0,0,0,0,0,0,0,0,0,0,0,0,0,434.011,0,223.217,-693.058
"MtrElec",5,13,13,"",-35.8111,0,0,0,0,0,0,0,0,0,0,0,0,0,0,0,0,0,0,0,0,467.893,0,223.217,-726.921
"MtrElec",5,13,14,"",-195.781,0,0,0,0,0,0,0,0,0,0,0,0,0,0,0,0,0,0,0,0,374.67,0,153.302,-723.753
"MtrElec",5,13,15,"",-324.635,0,0,0,0,0,0,0,0,0,0,0,0,0,0,0,0,0,0,0,0,342.03,0,0,-666.665
"MtrElec",5,13,16,"",-147.778,0,0,0,0,0,0,0,0,0,0,0,0,0,0,0,0,0,0,0,0,412.34,0,0,-560.118
"MtrElec",5,13,17,"",-26.9922,0,0,0,0,0,0,0,0,0,0,0,0,0,0,0,0,0,0,0,0,395.269,0,0,-422.261
"MtrElec",5,13,18,"",173.307,0,0,0,0,0,0,0,0,0,0,0,0,0,0,0,0,0,0,0,0,416.148,0,0,-242.841
"MtrElec",5,13,19,"",123.366,0,0,0,0,0,0,0,0,0,0,0,0,0,0,0,0,0,0,0,0,416.673,0,-223.217,-70.0908
"MtrElec",5,13,20,"",151.76,0,0,0,0,0,0,0,0,0,0,0,0,0,0,0,0,0,0,0,0,382.085,0,-223.217,-7.10823
"MtrElec",5,13,21,"",132.134,0,0,0,0,0,0,0,0,0,0,0,0,0,0,0,0,0,0,0,0,355.35,0,-223.217,0
"MtrElec",5,13,22,"",234.474,0,0,0,0,0,0,0,0,0,0,0,0,0,0,0,0,0,0,0,0,285.813,0,-51.3398,0
"MtrElec",5,13,23,"",240.576,0,0,0,0,0,0,0,0,0,0,0,0,0,0,0,0,0,0,0,0,240.576,0,0,0
"MtrElec",5,13,24,"",250.433,0,0,0,0,0,0,0,0,0,0,0,0,0,0,0,0,0,0,0,0,250.433,0,0,0
"MtrElec",5,14,1,"",170.945,0,0,0,0,0,0,0,0,0,0,0,0,0,0,0,0,0,0,0,0,170.945,0,0,0
"MtrElec",5,14,2,"",151.584,0,0,0,0,0,0,0,0,0,0,0,0,0,0,0,0,0,0,0,0,151.584,0,0,0
"MtrElec",5,14,3,"",143.905,0,0,0,0,0,0,0,0,0,0,0,0,0,0,0,0,0,0,0,0,143.905,0,0,0
"MtrElec",5,14,4,"",147.965,0,0,0,0,0,0,0,0,0,0,0,0,0,0,0,0,0,0,0,0,147.965,0,0,0
"MtrElec",5,14,5,"",144.921,0,0,0,0,0,0,0,0,0,0,0,0,0,0,0,0,0,0,0,0,144.921,0,0,0
"MtrElec",5,14,6,"",184.878,0,0,0,0,0,0,0,0,0,0,0,0,0,0,0,0,0,0,0,0,184.878,0,0,0
"MtrElec",5,14,7,"",175.163,0,0,0,0,0,0,0,0,0,0,0,0,0,0,0,0,0,0,0,0,202.68,0,0,-27.5177
"MtrElec",5,14,8,"",167.088,0,0,0,0,0,0,0,0,0,0,0,0,0,0,0,0,0,0,0,0,297.65,0,0,-130.562
"MtrElec",5,14,9,"",140.998,0,0,0,0,0,0,0,0,0,0,0,0,0,0,0,0,0,0,0,0,379.642,0,0,-238.644
"MtrElec",5,14,10,"",106.772,0,0,0,0,0,0,0,0,0,0,0,0,0,0,0,0,0,0,0,0,409.18,0,0,-302.408
"MtrElec",5,14,11,"",0.0000005,0,0,0,0,0,0,0,0,0,0,0,0,0,0,0,0,0,0,0,0,431.782,0,6.57391,-438.356
"MtrElec",5,14,12,"",0,0,0,0,0,0,0,0,0,0,0,0,0,0,0,0,0,0,0,0,0,400.892,0,148.495,-549.387
"MtrElec",5,14,13,"",0,0,0,0,0,0,0,0,0,0,0,0,0,0,0,0,0,0,0,0,0,457.145,0,119.684,-576.828
"MtrElec",5,14,14,"",-104.817,0,0,0,0,0,0,0,0,0,0,0,0,0,0,0,0,0,0,0,0,350.017,0,223.217,-678.051
"MtrElec",5,14,15,"",-24.7286,0,0,0,0,0,0,0,0,0,0,0,0,0,0,0,0,0,0,0,0,395.552,0,223.217,-643.498
"MtrElec",5,14,16,"",-79.8696,0,0,0,0,0,0,0,0,0,0,0,0,0,0,0,0,0,0,0,0,385.957,0,77.6955,-543.522
"MtrElec",5,14,17,"",-31.5553,0,0,0,0,0,0,0,0,0,0,0,0,0,0,0,0,0,0,0,0,377.912,0,0,-409.467
"MtrElec",5,14,18,"",219.757,0,0,0,0,0,0,0,0,0,0,0,0,0,0,0,0,0,0,0,0,457.926,0,0,-238.169
"MtrElec",5,14,19,"",119.333,0,0,0,0,0,0,0,0,0,0,0,0,0,0,0,0,0,0,0,0,414.555,0,-223.217,-72.0051
"MtrElec",5,14,20,"",135.771,0,0,0,0,0,0,0,0,0,0,0,0,0,0,0,0,0,0,0,0,366.727,0,-223.217,-7.73876
"MtrElec",5,14,21,"",194.525,0,0,0,0,0,0,0,0,0,0,0,0,0,0,0,0,0,0,0,0,417.741,0,-223.217,0
"MtrElec",5,14,22,"",218.927,0,0,0,0,0,0,0,0,0,0,0,0,0,0,0,0,0,0,0,0,270.266,0,-51.3398,0
"MtrElec",5,14,23,"",273.718,0,0,0,0,0,0,0,0,0,0,0,0,0,0,0,0,0,0,0,0,273.718,0,0,0
"MtrElec",5,14,24,"",183.577,0,0,0,0,0,0,0,0,0,0,0,0,0,0,0,0,0,0,0,0,183.577,0,0,0
"MtrElec",5,15,1,"",164.885,0,0,0,0,0,0,0,0,0,0,0,0,0,0,0,0,0,0,0,0,164.885,0,0,0
"MtrElec",5,15,2,"",149.99,0,0,0,0,0,0,0,0,0,0,0,0,0,0,0,0,0,0,0,0,149.99,0,0,0
"MtrElec",5,15,3,"",144.928,0,0,0,0,0,0,0,0,0,0,0,0,0,0,0,0,0,0,0,0,144.928,0,0,0
"MtrElec",5,15,4,"",177.721,0,0,0,0,0,0,0,0,0,0,0,0,0,0,0,0,0,0,0,0,177.721,0,0,0
"MtrElec",5,15,5,"",141.282,0,0,0,0,0,0,0,0,0,0,0,0,0,0,0,0,0,0,0,0,141.282,0,0,0
"MtrElec",5,15,6,"",144.999,0,0,0,0,0,0,0,0,0,0,0,0,0,0,0,0,0,0,0,0,144.999,0,0,0
"MtrElec",5,15,7,"",218.798,0,0,0,0,0,0,0,0,0,0,0,0,0,0,0,0,0,0,0,0,245.449,0,0,-26.6507
"MtrElec",5,15,8,"",154.827,0,0,0,0,0,0,0,0,0,0,0,0,0,0,0,0,0,0,0,0,296.225,0,0,-141.398
"MtrElec",5,15,9,"",64.7083,0,0,0,0,0,0,0,0,0,0,0,0,0,0,0,0,0,0,0,0,361.028,0,0,-296.32
"MtrElec",5,15,10,"",91.24,0,0,0,0,0,0,0,0,0,0,0,0,0,0,0,0,0,0,0,0,409.716,0,0,-318.476
"MtrElec",5,15,11,"",0,0,0,0,0,0,0,0,0,0,0,0,0,0,0,0,0,0,0,0,0,391.949,0,183.163,-575.112
"MtrElec",5,15,12,"",0,0,0,0,0,0,0,0,0,0,0,0,0,0,0,0,0,0,0,0,0,421.812,0,157.15,-578.962
"MtrElec",5,15,13,"",-101.157,0,0,0,0,0,0,0,0,0,0,0,0,0,0,0,0,0,0,0,0,353.975,0,223.217,-678.349
"MtrElec",5,15,14,"",-115.887,0,0,0,0,0,0,0,0,0,0,0,0,0,0,0,0,0,0,0,0,365.239,0,223.217,-704.343
"MtrElec",5,15,15,"",-318.538,0,0,0,0,0,0,0,0,0,0,0,0,0,0,0,0,0,0,0,0,325.506,0,12.1351,-656.179
"MtrElec",5,15,16,"",-177.601,0,0,0,0,0,0,0,0,0,0,0,0,0,0,0,0,0,0,0,0,371.057,0,0,-548.657
"MtrElec",5,15,17,"",-41.1091,0,0,0,0,0,0,0,0,0,0,0,0,0,0,0,0,0,0,0,0,367.87,0,0,-408.979
"MtrElec",5,15,18,"",185.955,0,0,0,0,0,0,0,0,0,0,0,0,0,0,0,0,0,0,0,0,421.041,0,0,-235.086
"MtrElec",5,15,19,"",86.0127,0,0,0,0,0,0,0,0,0,0,0,0,0,0,0,0,0,0,0,0,382.59,0,-223.217,-73.36
"MtrElec",5,15,20,"",139.627,0,0,0,0,0,0,0,0,0,0,0,0,0,0,0,0,0,0,0,0,373.193,0,-223.217,-10.3489
"MtrElec",5,15,21,"",175.481,0,0,0,0,0,0,0,0,0,0,0,0,0,0,0,0,0,0,0,0,398.698,0,-223.217,0
"MtrElec",5,15,22,"",208.497,0,0,0,0,0,0,0,0,0,0,0,0,0,0,0,0,0,0,0,0,259.837,0,-51.3398,0
"MtrElec",5,15,23,"",292.218,0,0,0,0,0,0,0,0,0,0,0,0,0,0,0,0,0,0,0,0,292.218,0,0,0
"MtrElec",5,15,24,"",204.187,0,0,0,0,0,0,0,0,0,0,0,0,0,0,0,0,0,0,0,0,204.187,0,0,0
"MtrElec",5,16,1,"",149.249,0,0,0,0,0,0,0,0,0,0,0,0,0,0,0,0,0,0,0,0,149.249,0,0,0
"MtrElec",5,16,2,"",159.648,0,0,0,0,0,0,0,0,0,0,0,0,0,0,0,0,0,0,0,0,159.648,0,0,0
"MtrElec",5,16,3,"",168.384,0,0,0,0,0,0,0,0,0,0,0,0,0,0,0,0,0,0,0,0,168.384,0,0,0
"MtrElec",5,16,4,"",145.943,0,0,0,0,0,0,0,0,0,0,0,0,0,0,0,0,0,0,0,0,145.943,0,0,0
"MtrElec",5,16,5,"",156.769,0,0,0,0,0,0,0,0,0,0,0,0,0,0,0,0,0,0,0,0,156.769,0,0,0
"MtrElec",5,16,6,"",147.712,0,0,0,0,0,0,0,0,0,0,0,0,0,0,0,0,0,0,0,0,147.712,0,0,0
"MtrElec",5,16,7,"",154.678,0,0,0,0,0,0,0,0,0,0,0,0,0,0,0,0,0,0,0,0,183.166,0,0,-28.4879
"MtrElec",5,16,8,"",87.6884,0,0,0,0,0,0,0,0,0,0,0,0,0,0,0,0,0,0,0,0,222.493,0,0,-134.804
"MtrElec",5,16,9,"",53.5493,0,0,0,0,0,0,0,0,0,0,0,0,0,0,0,0,0,0,0,0,304.666,0,0,-251.116
"MtrElec",5,16,10,"",50.8537,0,0,0,0,0,0,0,0,0,0,0,0,0,0,0,0,0,0,0,0,373.141,0,0,-322.288
"MtrElec",5,16,11,"",0.0000078,0,0,0,0,0,0,0,0,0,0,0,0,0,0,0,0,0,0,0,0,497.606,0,78.3256,-575.932
"MtrElec",5,16,12,"",24.1093,0,0,0,0,0,0,0,0,0,0,0,0,0,0,0,0,0,0,0,0,471.677,0,0,-447.568
"MtrElec",5,16,13,"",83.684,0,0,0,0,0,0,0,0,0,0,0,0,0,0,0,0,0,0,0,0,474.12,0,0,-390.436
"MtrElec",5,16,14,"",0,0,0,0,0,0,0,0,0,0,0,0,0,0,0,0,0,0,0,0,0,446.124,0,180.414,-626.538
"MtrElec",5,16,15,"",0,0,0,0,0,0,0,0,0,0,0,0,0,0,0,0,0,0,0,0,0,454.316,0,180.373,-634.689
"MtrElec",5,16,16,"",0.0000078,0,0,0,0,0,0,0,0,0,0,0,0,0,0,0,0,0,0,0,0,417.523,0,123.704,-541.227
"MtrElec",5,16,17,"",33.3149,0,0,0,0,0,0,0,0,0,0,0,0,0,0,0,0,0,0,0,0,418.318,0,0,-385.003
"MtrElec",5,16,18,"",171.16,0,0,0,0,0,0,0,0,0,0,0,0,0,0,0,0,0,0,0,0,376.052,0,0,-204.892
"MtrElec",5,16,19,"",123.937,0,0,0,0,0,0,0,0,0,0,0,0,0,0,0,0,0,0,0,0,420.154,0,-223.217,-72.9995
"MtrElec",5,16,20,"",79.5638,0,0,0,0,0,0,0,0,0,0,0,0,0,0,0,0,0,0,0,0,313.109,0,-223.217,-10.3283
"MtrElec",5,16,21,"",280.777,0,0,0,0,0,0,0,0,0,0,0,0,0,0,0,0,0,0,0,0,342.285,0,-61.5081,0
"MtrElec",5,16,22,"",256.105,0,0,0,0,0,0,0,0,0,0,0,0,0,0,0,0,0,0,0,0,256.105,0,0,0
"MtrElec",5,16,23,"",230.722,0,0,0,0,0,0,0,0,0,0,0,0,0,0,0,0,0,0,0,0,230.722,0,0,0
"MtrElec",5,16,24,"",196.849,0,0,0,0,0,0,0,0,0,0,0,0,0,0,0,0,0,0,0,0,196.849,0,0,0
"MtrElec",5,17,1,"",162.886,0,0,0,0,0,0,0,0,0,0,0,0,0,0,0,0,0,0,0,0,162.886,0,0,0
"MtrElec",5,17,2,"",150.789,0,0,0,0,0,0,0,0,0,0,0,0,0,0,0,0,0,0,0,0,150.789,0,0,0
"MtrElec",5,17,3,"",146.742,0,0,0,0,0,0,0,0,0,0,0,0,0,0,0,0,0,0,0,0,146.742,0,0,0
"MtrElec",5,17,4,"",156.968,0,0,0,0,0,0,0,0,0,0,0,0,0,0,0,0,0,0,0,0,156.968,0,0,0
"MtrElec",5,17,5,"",165.336,0,0,0,0,0,0,0,0,0,0,0,0,0,0,0,0,0,0,0,0,165.336,0,0,0
"MtrElec",5,17,6,"",148.164,0,0,0,0,0,0,0,0,0,0,0,0,0,0,0,0,0,0,0,0,148.164,0,0,0
"MtrElec",5,17,7,"",135.115,0,0,0,0,0,0,0,0,0,0,0,0,0,0,0,0,0,0,0,0,149.57,0,0,-14.4557
"MtrElec",5,17,8,"",146.237,0,0,0,0,0,0,0,0,0,0,0,0,0,0,0,0,0,0,0,0,210.173,0,0,-63.9364
"MtrElec",5,17,9,"",123.233,0,0,0,0,0,0,0,0,0,0,0,0,0,0,0,0,0,0,0,0,233.231,0,0,-109.999
"MtrElec",5,17,10,"",94.0463,0,0,0,0,0,0,0,0,0,0,0,0,0,0,0,0,0,0,0,0,306.709,0,0,-212.663
"MtrElec",5,17,11,"",0.0000039,0,0,0,0,0,0,0,0,0,0,0,0,0,0,0,0,0,0,0,0,403.936,0,60.6003,-464.536
"MtrElec",5,17,12,"",102.975,0,0,0,0,0,0,0,0,0,0,0,0,0,0,0,0,0,0,0,0,397.688,0,0,-294.713
"MtrElec",5,17,13,"",-6.62887,0,0,0,0,0,0,0,0,0,0,0,0,0,0,0,0,0,0,0,0,344.428,0,223.217,-574.274
"MtrElec",5,17,14,"",0,0,0,0,0,0,0,0,0,0,0,0,0,0,0,0,0,0,0,0,0,390.25,0,193.47,-583.719
"MtrElec",5,17,15,"",42.4504,0,0,0,0,0,0,0,0,0,0,0,0,0,0,0,0,0,0,0,0,321.93,0,0,-279.479
"MtrElec",5,17,16,"",0,0,0,0,0,0,0,0,0,0,0,0,0,0,0,0,0,0,0,0,0,381.29,0,155.313,-536.602
"MtrElec",5,17,17,"",0.0000039,0,0,0,0,0,0,0,0,0,0,0,0,0,0,0,0,0,0,0,0,353.511,0,61.7385,-415.25
"MtrElec",5,17,18,"",86.8982,0,0,0,0,0,0,0,0,0,0,0,0,0,0,0,0,0,0,0,0,329.075,0,0,-242.177
"MtrElec",5,17,19,"",80.1701,0,0,0,0,0,0,0,0,0,0,0,0,0,0,0,0,0,0,0,0,375.076,0,-223.217,-71.6891
"MtrElec",5,17,20,"",73.2003,0,0,0,0,0,0,0,0,0,0,0,0,0,0,0,0,0,0,0,0,304.146,0,-223.217,-7.72903
"MtrElec",5,17,21,"",85.3299,0,0,0,0,0,0,0,0,0,0,0,0,0,0,0,0,0,0,0,0,265.536,0,-180.206,0
"MtrElec",5,17,22,"",249.361,0,0,0,0,0,0,0,0,0,0,0,0,0,0,0,0,0,0,0,0,249.361,0,0,0
"MtrElec",5,17,23,"",222.616,0,0,0,0,0,0,0,0,0,0,0,0,0,0,0,0,0,0,0,0,222.616,0,0,0
"MtrElec",5,17,24,"",239.485,0,0,0,0,0,0,0,0,0,0,0,0,0,0,0,0,0,0,0,0,239.485,0,0,0
"MtrElec",5,18,1,"",172.608,0,0,0,0,0,0,0,0,0,0,0,0,0,0,0,0,0,0,0,0,172.608,0,0,0
"MtrElec",5,18,2,"",151.334,0,0,0,0,0,0,0,0,0,0,0,0,0,0,0,0,0,0,0,0,151.334,0,0,0
"MtrElec",5,18,3,"",143.649,0,0,0,0,0,0,0,0,0,0,0,0,0,0,0,0,0,0,0,0,143.649,0,0,0
"MtrElec",5,18,4,"",143.596,0,0,0,0,0,0,0,0,0,0,0,0,0,0,0,0,0,0,0,0,143.596,0,0,0
"MtrElec",5,18,5,"",140.265,0,0,0,0,0,0,0,0,0,0,0,0,0,0,0,0,0,0,0,0,140.265,0,0,0
"MtrElec",5,18,6,"",151.133,0,0,0,0,0,0,0,0,0,0,0,0,0,0,0,0,0,0,0,0,151.133,0,0,0
"MtrElec",5,18,7,"",238.302,0,0,0,0,0,0,0,0,0,0,0,0,0,0,0,0,0,0,0,0,260.233,0,0,-21.9315
"MtrElec",5,18,8,"",152.445,0,0,0,0,0,0,0,0,0,0,0,0,0,0,0,0,0,0,0,0,291.25,0,0,-138.805
"MtrElec",5,18,9,"",2.82891,0,0,0,0,0,0,0,0,0,0,0,0,0,0,0,0,0,0,0,0,323.886,0,0,-321.057
"MtrElec",5,18,10,"",-76.8042,0,0,0,0,0,0,0,0,0,0,0,0,0,0,0,0,0,0,0,0,398.514,0,0,-475.318
"MtrElec",5,18,11,"",0,0,0,0,0,0,0,0,0,0,0,0,0,0,0,0,0,0,0,0,0,438.948,0,139.127,-578.075
"MtrElec",5,18,12,"",-53.8479,0,0,0,0,0,0,0,0,0,0,0,0,0,0,0,0,0,0,0,0,389.465,0,223.217,-666.53
"MtrElec",5,18,13,"",-32.497,0,0,0,0,0,0,0,0,0,0,0,0,0,0,0,0,0,0,0,0,443.421,0,223.217,-699.135
"MtrElec",5,18,14,"",-125.709,0,0,0,0,0,0,0,0,0,0,0,0,0,0,0,0,0,0,0,0,351.935,0,213.32,-690.964
"MtrElec",5,18,15,"",-253.003,0,0,0,0,0,0,0,0,0,0,0,0,0,0,0,0,0,0,0,0,403.056,0,0,-656.059
"MtrElec",5,18,16,"",-190.115,0,0,0,0,0,0,0,0,0,0,0,0,0,0,0,0,0,0,0,0,367.859,0,0,-557.974
"MtrElec",5,18,17,"",22.7291,0,0,0,0,0,0,0,0,0,0,0,0,0,0,0,0,0,0,0,0,436.955,0,0,-414.226
"MtrElec",5,18,18,"",170.66,0,0,0,0,0,0,0,0,0,0,0,0,0,0,0,0,0,0,0,0,411.91,0,0,-241.25
"MtrElec",5,18,19,"",186.776,0,0,0,0,0,0,0,0,0,0,0,0,0,0,0,0,0,0,0,0,479.747,0,-223.217,-69.7544
"MtrElec",5,18,20,"",148.651,0,0,0,0,0,0,0,0,0,0,0,0,0,0,0,0,0,0,0,0,378.485,0,-223.217,-6.6169
"MtrElec",5,18,21,"",205.897,0,0,0,0,0,0,0,0,0,0,0,0,0,0,0,0,0,0,0,0,429.114,0,-223.217,0
"MtrElec",5,18,22,"",218.152,0,0,0,0,0,0,0,0,0,0,0,0,0,0,0,0,0,0,0,0,269.492,0,-51.3398,0
"MtrElec",5,18,23,"",265.659,0,0,0,0,0,0,0,0,0,0,0,0,0,0,0,0,0,0,0,0,265.659,0,0,0
"MtrElec",5,18,24,"",192.674,0,0,0,0,0,0,0,0,0,0,0,0,0,0,0,0,0,0,0,0,192.674,0,0,0
"MtrElec",5,19,1,"",154.792,0,0,0,0,0,0,0,0,0,0,0,0,0,0,0,0,0,0,0,0,154.792,0,0,0
"MtrElec",5,19,2,"",152.09,0,0,0,0,0,0,0,0,0,0,0,0,0,0,0,0,0,0,0,0,152.09,0,0,0
"MtrElec",5,19,3,"",180.108,0,0,0,0,0,0,0,0,0,0,0,0,0,0,0,0,0,0,0,0,180.108,0,0,0
"MtrElec",5,19,4,"",143.516,0,0,0,0,0,0,0,0,0,0,0,0,0,0,0,0,0,0,0,0,143.516,0,0,0
"MtrElec",5,19,5,"",142.015,0,0,0,0,0,0,0,0,0,0,0,0,0,0,0,0,0,0,0,0,142.015,0,0,0
"MtrElec",5,19,6,"",147.877,0,0,0,0,0,0,0,0,0,0,0,0,0,0,0,0,0,0,0,0,147.877,0,0,0
"MtrElec",5,19,7,"",242.154,0,0,0,0,0,0,0,0,0,0,0,0,0,0,0,0,0,0,0,0,264.482,0,0,-22.3282
"MtrElec",5,19,8,"",135.457,0,0,0,0,0,0,0,0,0,0,0,0,0,0,0,0,0,0,0,0,275.533,0,0,-140.076
"MtrElec",5,19,9,"",41.2892,0,0,0,0,0,0,0,0,0,0,0,0,0,0,0,0,0,0,0,0,358.473,0,0,-317.183
"MtrElec",5,19,10,"",-69.1531,0,0,0,0,0,0,0,0,0,0,0,0,0,0,0,0,0,0,0,0,402.776,0,0,-471.929
"MtrElec",5,19,11,"",0,0,0,0,0,0,0,0,0,0,0,0,0,0,0,0,0,0,0,0,0,439.132,0,149.609,-588.741
"MtrElec",5,19,12,"",0,0,0,0,0,0,0,0,0,0,0,0,0,0,0,0,0,0,0,0,0,444.271,0,207.305,-651.575
"MtrElec",5,19,13,"",-31.133,0,0,0,0,0,0,0,0,0,0,0,0,0,0,0,0,0,0,0,0,434.379,0,223.217,-688.729
"MtrElec",5,19,14,"",-54.7365,0,0,0,0,0,0,0,0,0,0,0,0,0,0,0,0,0,0,0,0,416.694,0,218.751,-690.182
"MtrElec",5,19,15,"",-222.143,0,0,0,0,0,0,0,0,0,0,0,0,0,0,0,0,0,0,0,0,423.569,0,0,-645.712
"MtrElec",5,19,16,"",-136.413,0,0,0,0,0,0,0,0,0,0,0,0,0,0,0,0,0,0,0,0,412.927,0,0,-549.34
"MtrElec",5,19,17,"",84.7087,0,0,0,0,0,0,0,0,0,0,0,0,0,0,0,0,0,0,0,0,491.805,0,0,-407.097
"MtrElec",5,19,18,"",253.094,0,0,0,0,0,0,0,0,0,0,0,0,0,0,0,0,0,0,0,0,491.556,0,0,-238.463
"MtrElec",5,19,19,"",204.486,0,0,0,0,0,0,0,0,0,0,0,0,0,0,0,0,0,0,0,0,497.009,0,-223.217,-69.3064
"MtrElec",5,19,20,"",231.668,0,0,0,0,0,0,0,0,0,0,0,0,0,0,0,0,0,0,0,0,462.304,0,-223.217,-7.41941
"MtrElec",5,19,21,"",241.885,0,0,0,0,0,0,0,0,0,0,0,0,0,0,0,0,0,0,0,0,465.102,0,-223.217,0
"MtrElec",5,19,22,"",283.761,0,0,0,0,0,0,0,0,0,0,0,0,0,0,0,0,0,0,0,0,335.1,0,-51.3398,0
"MtrElec",5,19,23,"",229.621,0,0,0,0,0,0,0,0,0,0,0,0,0,0,0,0,0,0,0,0,229.621,0,0,0
"MtrElec",5,19,24,"",235.689,0,0,0,0,0,0,0,0,0,0,0,0,0,0,0,0,0,0,0,0,235.689,0,0,0
"MtrElec",5,20,1,"",162.743,0,0,0,0,0,0,0,0,0,0,0,0,0,0,0,0,0,0,0,0,162.743,0,0,0
"MtrElec",5,20,2,"",151.514,0,0,0,0,0,0,0,0,0,0,0,0,0,0,0,0,0,0,0,0,151.514,0,0,0
"MtrElec",5,20,3,"",150.158,0,0,0,0,0,0,0,0,0,0,0,0,0,0,0,0,0,0,0,0,150.158,0,0,0
"MtrElec",5,20,4,"",151.646,0,0,0,0,0,0,0,0,0,0,0,0,0,0,0,0,0,0,0,0,151.646,0,0,0
"MtrElec",5,20,5,"",139.751,0,0,0,0,0,0,0,0,0,0,0,0,0,0,0,0,0,0,0,0,139.751,0,0,0
"MtrElec",5,20,6,"",184.62,0,0,0,0,0,0,0,0,0,0,0,0,0,0,0,0,0,0,0,0,184.62,0,0,0
"MtrElec",5,20,7,"",176.57,0,0,0,0,0,0,0,0,0,0,0,0,0,0,0,0,0,0,0,0,199.421,0,0,-22.8503
"MtrElec",5,20,8,"",162.885,0,0,0,0,0,0,0,0,0,0,0,0,0,0,0,0,0,0,0,0,300.472,0,0,-137.587
"MtrElec",5,20,9,"",91.2216,0,0,0,0,0,0,0,0,0,0,0,0,0,0,0,0,0,0,0,0,406.304,0,0,-315.082
"MtrElec",5,20,10,"",6.42781,0,0,0,0,0,0,0,0,0,0,0,0,0,0,0,0,0,0,0,0,476.765,0,0,-470.337
"MtrElec",5,20,11,"",0.0000020,0,0,0,0,0,0,0,0,0,0,0,0,0,0,0,0,0,0,0,0,553.306,0,24.1084,-577.414
"MtrElec",5,20,12,"",0.0000078,0,0,0,0,0,0,0,0,0,0,0,0,0,0,0,0,0,0,0,0,566.975,0,79.9185,-646.893
"MtrElec",5,20,13,"",0,0,0,0,0,0,0,0,0,0,0,0,0,0,0,0,0,0,0,0,0,572.543,0,102.79,-675.333
"MtrElec",5,20,14,"",0,0,0,0,0,0,0,0,0,0,0,0,0,0,0,0,0,0,0,0,0,483.79,0,191.367,-675.158
"MtrElec",5,20,15,"",0,0,0,0,0,0,0,0,0,0,0,0,0,0,0,0,0,0,0,0,0,491.628,0,139.831,-631.459
"MtrElec",5,20,16,"",0,0,0,0,0,0,0,0,0,0,0,0,0,0,0,0,0,0,0,0,0,507.085,0,33.0527,-540.138
"MtrElec",5,20,17,"",115.626,0,0,0,0,0,0,0,0,0,0,0,0,0,0,0,0,0,0,0,0,520.061,0,0,-404.436
"MtrElec",5,20,18,"",329.2,0,0,0,0,0,0,0,0,0,0,0,0,0,0,0,0,0,0,0,0,562.672,0,0,-233.472
"MtrElec",5,20,19,"",258.624,0,0,0,0,0,0,0,0,0,0,0,0,0,0,0,0,0,0,0,0,551.071,0,-223.217,-69.2301
"MtrElec",5,20,20,"",258.636,0,0,0,0,0,0,0,0,0,0,0,0,0,0,0,0,0,0,0,0,490.28,0,-223.217,-8.42757
"MtrElec",5,20,21,"",374.828,0,0,0,0,0,0,0,0,0,0,0,0,0,0,0,0,0,0,0,0,443.783,0,-68.9552,0
"MtrElec",5,20,22,"",351.416,0,0,0,0,0,0,0,0,0,0,0,0,0,0,0,0,0,0,0,0,351.416,0,0,0
"MtrElec",5,20,23,"",259.638,0,0,0,0,0,0,0,0,0,0,0,0,0,0,0,0,0,0,0,0,259.638,0,0,0
"MtrElec",5,20,24,"",276.825,0,0,0,0,0,0,0,0,0,0,0,0,0,0,0,0,0,0,0,0,276.825,0,0,0
"MtrElec",5,21,1,"",183.191,0,0,0,0,0,0,0,0,0,0,0,0,0,0,0,0,0,0,0,0,183.191,0,0,0
"MtrElec",5,21,2,"",164.511,0,0,0,0,0,0,0,0,0,0,0,0,0,0,0,0,0,0,0,0,164.511,0,0,0
"MtrElec",5,21,3,"",153.006,0,0,0,0,0,0,0,0,0,0,0,0,0,0,0,0,0,0,0,0,153.006,0,0,0
"MtrElec",5,21,4,"",147.339,0,0,0,0,0,0,0,0,0,0,0,0,0,0,0,0,0,0,0,0,147.339,0,0,0
"MtrElec",5,21,5,"",143.353,0,0,0,0,0,0,0,0,0,0,0,0,0,0,0,0,0,0,0,0,143.353,0,0,0
"MtrElec",5,21,6,"",158.995,0,0,0,0,0,0,0,0,0,0,0,0,0,0,0,0,0,0,0,0,158.995,0,0,0
"MtrElec",5,21,7,"",239.686,0,0,0,0,0,0,0,0,0,0,0,0,0,0,0,0,0,0,0,0,261.752,0,0,-22.0662
"MtrElec",5,21,8,"",174.759,0,0,0,0,0,0,0,0,0,0,0,0,0,0,0,0,0,0,0,0,311.26,0,0,-136.502
"MtrElec",5,21,9,"",72.3052,0,0,0,0,0,0,0,0,0,0,0,0,0,0,0,0,0,0,0,0,380.768,0,0,-308.462
"MtrElec",5,21,10,"",32.1738,0,0,0,0,0,0,0,0,0,0,0,0,0,0,0,0,0,0,0,0,487.042,0,0,-454.868
"MtrElec",5,21,11,"",0.0000005,0,0,0,0,0,0,0,0,0,0,0,0,0,0,0,0,0,0,0,0,551.927,0,7.99988,-559.927
"MtrElec",5,21,12,"",0,0,0,0,0,0,0,0,0,0,0,0,0,0,0,0,0,0,0,0,0,553.442,0,90.5447,-643.987
"MtrElec",5,21,13,"",0,0,0,0,0,0,0,0,0,0,0,0,0,0,0,0,0,0,0,0,0,549.692,0,135.097,-684.789
"MtrElec",5,21,14,"",0,0,0,0,0,0,0,0,0,0,0,0,0,0,0,0,0,0,0,0,0,517.393,0,161.117,-678.51
"MtrElec",5,21,15,"",0,0,0,0,0,0,0,0,0,0,0,0,0,0,0,0,0,0,0,0,0,485.141,0,147.141,-632.282
"MtrElec",5,21,16,"",0.0000010,0,0,0,0,0,0,0,0,0,0,0,0,0,0,0,0,0,0,0,0,525.736,0,14.0267,-539.762
"MtrElec",5,21,17,"",123.424,0,0,0,0,0,0,0,0,0,0,0,0,0,0,0,0,0,0,0,0,531.39,0,0,-407.966
"MtrElec",5,21,18,"",304.584,0,0,0,0,0,0,0,0,0,0,0,0,0,0,0,0,0,0,0,0,545.093,0,0,-240.509
"MtrElec",5,21,19,"",242.408,0,0,0,0,0,0,0,0,0,0,0,0,0,0,0,0,0,0,0,0,535.208,0,-223.217,-69.5835
"MtrElec",5,21,20,"",251.314,0,0,0,0,0,0,0,0,0,0,0,0,0,0,0,0,0,0,0,0,481.62,0,-223.217,-7.08964
"MtrElec",5,21,21,"",400.459,0,0,0,0,0,0,0,0,0,0,0,0,0,0,0,0,0,0,0,0,455.749,0,-55.2899,0
"MtrElec",5,21,22,"",279.726,0,0,0,0,0,0,0,0,0,0,0,0,0,0,0,0,0,0,0,0,279.726,0,0,0
"MtrElec",5,21,23,"",284.568,0,0,0,0,0,0,0,0,0,0,0,0,0,0,0,0,0,0,0,0,284.568,0,0,0
"MtrElec",5,21,24,"",198.41,0,0,0,0,0,0,0,0,0,0,0,0,0,0,0,0,0,0,0,0,198.41,0,0,0
"MtrElec",5,22,1,"",154.866,0,0,0,0,0,0,0,0,0,0,0,0,0,0,0,0,0,0,0,0,154.866,0,0,0
"MtrElec",5,22,2,"",184.609,0,0,0,0,0,0,0,0,0,0,0,0,0,0,0,0,0,0,0,0,184.609,0,0,0
"MtrElec",5,22,3,"",142.617,0,0,0,0,0,0,0,0,0,0,0,0,0,0,0,0,0,0,0,0,142.617,0,0,0
"MtrElec",5,22,4,"",143.361,0,0,0,0,0,0,0,0,0,0,0,0,0,0,0,0,0,0,0,0,143.361,0,0,0
"MtrElec",5,22,5,"",142.693,0,0,0,0,0,0,0,0,0,0,0,0,0,0,0,0,0,0,0,0,142.693,0,0,0
"MtrElec",5,22,6,"",148.931,0,0,0,0,0,0,0,0,0,0,0,0,0,0,0,0,0,0,0,0,148.931,0,0,0
"MtrElec",5,22,7,"",195.915,0,0,0,0,0,0,0,0,0,0,0,0,0,0,0,0,0,0,0,0,226.937,0,0,-31.0228
"MtrElec",5,22,8,"",178.557,0,0,0,0,0,0,0,0,0,0,0,0,0,0,0,0,0,0,0,0,303.528,0,0,-124.97
"MtrElec",5,22,9,"",103.887,0,0,0,0,0,0,0,0,0,0,0,0,0,0,0,0,0,0,0,0,351.764,0,0,-247.877
"MtrElec",5,22,10,"",-42.8603,0,0,0,0,0,0,0,0,0,0,0,0,0,0,0,0,0,0,0,0,429.766,0,0,-472.626
"MtrElec",5,22,11,"",0,0,0,0,0,0,0,0,0,0,0,0,0,0,0,0,0,0,0,0,0,479.122,0,97.0292,-576.152
"MtrElec",5,22,12,"",0,0,0,0,0,0,0,0,0,0,0,0,0,0,0,0,0,0,0,0,0,472.38,0,168.407,-640.787
"MtrElec",5,22,13,"",0,0,0,0,0,0,0,0,0,0,0,0,0,0,0,0,0,0,0,0,0,465.259,0,201.907,-667.166
"MtrElec",5,22,14,"",0.0000156,0,0,0,0,0,0,0,0,0,0,0,0,0,0,0,0,0,0,0,0,456.036,0,219.483,-675.519
"MtrElec",5,22,15,"",-93.0836,0,0,0,0,0,0,0,0,0,0,0,0,0,0,0,0,0,0,0,0,433.915,0,112.054,-639.053
"MtrElec",5,22,16,"",-90.878,0,0,0,0,0,0,0,0,0,0,0,0,0,0,0,0,0,0,0,0,455.626,0,0,-546.505
"MtrElec",5,22,17,"",119.203,0,0,0,0,0,0,0,0,0,0,0,0,0,0,0,0,0,0,0,0,527.909,0,0,-408.706
"MtrElec",5,22,18,"",225.791,0,0,0,0,0,0,0,0,0,0,0,0,0,0,0,0,0,0,0,0,465.109,0,0,-239.318
"MtrElec",5,22,19,"",202.814,0,0,0,0,0,0,0,0,0,0,0,0,0,0,0,0,0,0,0,0,498.459,0,-223.217,-72.4282
"MtrElec",5,22,20,"",209.779,0,0,0,0,0,0,0,0,0,0,0,0,0,0,0,0,0,0,0,0,441.838,0,-223.217,-8.8421
"MtrElec",5,22,21,"",215.56,0,0,0,0,0,0,0,0,0,0,0,0,0,0,0,0,0,0,0,0,438.777,0,-223.217,0
"MtrElec",5,22,22,"",257.393,0,0,0,0,0,0,0,0,0,0,0,0,0,0,0,0,0,0,0,0,308.733,0,-51.3398,0
"MtrElec",5,22,23,"",249.949,0,0,0,0,0,0,0,0,0,0,0,0,0,0,0,0,0,0,0,0,249.949,0,0,0
"MtrElec",5,22,24,"",198.971,0,0,0,0,0,0,0,0,0,0,0,0,0,0,0,0,0,0,0,0,198.971,0,0,0
"MtrElec",5,23,1,"",170.781,0,0,0,0,0,0,0,0,0,0,0,0,0,0,0,0,0,0,0,0,170.781,0,0,0
"MtrElec",5,23,2,"",170.662,0,0,0,0,0,0,0,0,0,0,0,0,0,0,0,0,0,0,0,0,170.662,0,0,0
"MtrElec",5,23,3,"",160.275,0,0,0,0,0,0,0,0,0,0,0,0,0,0,0,0,0,0,0,0,160.275,0,0,0
"MtrElec",5,23,4,"",146.759,0,0,0,0,0,0,0,0,0,0,0,0,0,0,0,0,0,0,0,0,146.759,0,0,0
"MtrElec",5,23,5,"",141.682,0,0,0,0,0,0,0,0,0,0,0,0,0,0,0,0,0,0,0,0,141.682,0,0,0
"MtrElec",5,23,6,"",146.132,0,0,0,0,0,0,0,0,0,0,0,0,0,0,0,0,0,0,0,0,146.132,0,0,0
"MtrElec",5,23,7,"",155.578,0,0,0,0,0,0,0,0,0,0,0,0,0,0,0,0,0,0,0,0,179.05,0,0,-23.4719
"MtrElec",5,23,8,"",104.467,0,0,0,0,0,0,0,0,0,0,0,0,0,0,0,0,0,0,0,0,244.512,0,0,-140.046
"MtrElec",5,23,9,"",5.81872,0,0,0,0,0,0,0,0,0,0,0,0,0,0,0,0,0,0,0,0,314.923,0,0,-309.104
"MtrElec",5,23,10,"",-45.7347,0,0,0,0,0,0,0,0,0,0,0,0,0,0,0,0,0,0,0,0,376.165,0,0,-421.899
"MtrElec",5,23,11,"",0,0,0,0,0,0,0,0,0,0,0,0,0,0,0,0,0,0,0,0,0,515.407,0,67.6924,-583.099
"MtrElec",5,23,12,"",0,0,0,0,0,0,0,0,0,0,0,0,0,0,0,0,0,0,0,0,0,478.222,0,205.283,-683.504
"MtrElec",5,23,13,"",-23.2605,0,0,0,0,0,0,0,0,0,0,0,0,0,0,0,0,0,0,0,0,475.482,0,223.217,-721.959
"MtrElec",5,23,14,"",-6.09116,0,0,0,0,0,0,0,0,0,0,0,0,0,0,0,0,0,0,0,0,467.729,0,223.217,-697.037
"MtrElec",5,23,15,"",-86.2858,0,0,0,0,0,0,0,0,0,0,0,0,0,0,0,0,0,0,0,0,462.666,0,79.4727,-628.424
"MtrElec",5,23,16,"",-55.6835,0,0,0,0,0,0,0,0,0,0,0,0,0,0,0,0,0,0,0,0,475.062,0,0,-530.745
"MtrElec",5,23,17,"",62.2654,0,0,0,0,0,0,0,0,0,0,0,0,0,0,0,0,0,0,0,0,464.211,0,0,-401.946
"MtrElec",5,23,18,"",252.132,0,0,0,0,0,0,0,0,0,0,0,0,0,0,0,0,0,0,0,0,494.985,0,0,-242.854
"MtrElec",5,23,19,"",237.996,0,0,0,0,0,0,0,0,0,0,0,0,0,0,0,0,0,0,0,0,533.242,0,-223.217,-72.0298
"MtrElec",5,23,20,"",166.91,0,0,0,0,0,0,0,0,0,0,0,0,0,0,0,0,0,0,0,0,397.31,0,-223.217,-7.18269
"MtrElec",5,23,21,"",131.035,0,0,0,0,0,0,0,0,0,0,0,0,0,0,0,0,0,0,0,0,354.252,0,-223.217,0
"MtrElec",5,23,22,"",235.806,0,0,0,0,0,0,0,0,0,0,0,0,0,0,0,0,0,0,0,0,287.146,0,-51.3398,0
"MtrElec",5,23,23,"",226.861,0,0,0,0,0,0,0,0,0,0,0,0,0,0,0,0,0,0,0,0,226.861,0,0,0
"MtrElec",5,23,24,"",191.362,0,0,0,0,0,0,0,0,0,0,0,0,0,0,0,0,0,0,0,0,191.362,0,0,0
"MtrElec",5,24,1,"",159.474,0,0,0,0,0,0,0,0,0,0,0,0,0,0,0,0,0,0,0,0,159.474,0,0,0
"MtrElec",5,24,2,"",172.787,0,0,0,0,0,0,0,0,0,0,0,0,0,0,0,0,0,0,0,0,172.787,0,0,0
"MtrElec",5,24,3,"",156.939,0,0,0,0,0,0,0,0,0,0,0,0,0,0,0,0,0,0,0,0,156.939,0,0,0
"MtrElec",5,24,4,"",145.368,0,0,0,0,0,0,0,0,0,0,0,0,0,0,0,0,0,0,0,0,145.368,0,0,0
"MtrElec",5,24,5,"",171.58,0,0,0,0,0,0,0,0,0,0,0,0,0,0,0,0,0,0,0,0,171.58,0,0,0
"MtrElec",5,24,6,"",144.687,0,0,0,0,0,0,0,0,0,0,0,0,0,0,0,0,0,0,0,0,144.687,0,0,0
"MtrElec",5,24,7,"",190.439,0,0,0,0,0,0,0,0,0,0,0,0,0,0,0,0,0,0,0,0,205.531,0,0,-15.0913
"MtrElec",5,24,8,"",151.534,0,0,0,0,0,0,0,0,0,0,0,0,0,0,0,0,0,0,0,0,210.085,0,0,-58.5511
"MtrElec",5,24,9,"",183.396,0,0,0,0,0,0,0,0,0,0,0,0,0,0,0,0,0,0,0,0,304.091,0,0,-120.695
"MtrElec",5,24,10,"",76.9135,0,0,0,0,0,0,0,0,0,0,0,0,0,0,0,0,0,0,0,0,327.226,0,0,-250.313
"MtrElec",5,24,11,"",0,0,0,0,0,0,0,0,0,0,0,0,0,0,0,0,0,0,0,0,0,358.612,0,130.807,-489.419
"MtrElec",5,24,12,"",0.0000156,0,0,0,0,0,0,0,0,0,0,0,0,0,0,0,0,0,0,0,0,404.717,0,196.629,-601.347
"MtrElec",5,24,13,"",0,0,0,0,0,0,0,0,0,0,0,0,0,0,0,0,0,0,0,0,0,408.594,0,214.796,-623.389
"MtrElec",5,24,14,"",-43.459,0,0,0,0,0,0,0,0,0,0,0,0,0,0,0,0,0,0,0,0,380.051,0,223.217,-646.727
"MtrElec",5,24,15,"",-237.629,0,0,0,0,0,0,0,0,0,0,0,0,0,0,0,0,0,0,0,0,355.108,0,33.4327,-626.17
"MtrElec",5,24,16,"",-193.751,0,0,0,0,0,0,0,0,0,0,0,0,0,0,0,0,0,0,0,0,357.091,0,0,-550.842
"MtrElec",5,24,17,"",-48.907,0,0,0,0,0,0,0,0,0,0,0,0,0,0,0,0,0,0,0,0,367.126,0,0,-416.033
"MtrElec",5,24,18,"",107.742,0,0,0,0,0,0,0,0,0,0,0,0,0,0,0,0,0,0,0,0,354.648,0,0,-246.905
"MtrElec",5,24,19,"",116.528,0,0,0,0,0,0,0,0,0,0,0,0,0,0,0,0,0,0,0,0,414.94,0,-223.217,-75.1955
"MtrElec",5,24,20,"",60.3218,0,0,0,0,0,0,0,0,0,0,0,0,0,0,0,0,0,0,0,0,293.698,0,-223.217,-10.159
"MtrElec",5,24,21,"",111.59,0,0,0,0,0,0,0,0,0,0,0,0,0,0,0,0,0,0,0,0,334.807,0,-223.217,0
"MtrElec",5,24,22,"",267.869,0,0,0,0,0,0,0,0,0,0,0,0,0,0,0,0,0,0,0,0,319.208,0,-51.3398,0
"MtrElec",5,24,23,"",191.257,0,0,0,0,0,0,0,0,0,0,0,0,0,0,0,0,0,0,0,0,191.257,0,0,0
"MtrElec",5,24,24,"",178.609,0,0,0,0,0,0,0,0,0,0,0,0,0,0,0,0,0,0,0,0,178.609,0,0,0
"MtrElec",5,25,1,"",190.845,0,0,0,0,0,0,0,0,0,0,0,0,0,0,0,0,0,0,0,0,190.845,0,0,0
"MtrElec",5,25,2,"",148.557,0,0,0,0,0,0,0,0,0,0,0,0,0,0,0,0,0,0,0,0,148.557,0,0,0
"MtrElec",5,25,3,"",144.691,0,0,0,0,0,0,0,0,0,0,0,0,0,0,0,0,0,0,0,0,144.691,0,0,0
"MtrElec",5,25,4,"",148.736,0,0,0,0,0,0,0,0,0,0,0,0,0,0,0,0,0,0,0,0,148.736,0,0,0
"MtrElec",5,25,5,"",143.23,0,0,0,0,0,0,0,0,0,0,0,0,0,0,0,0,0,0,0,0,143.23,0,0,0
"MtrElec",5,25,6,"",166.783,0,0,0,0,0,0,0,0,0,0,0,0,0,0,0,0,0,0,0,0,166.783,0,0,0
"MtrElec",5,25,7,"",191.532,0,0,0,0,0,0,0,0,0,0,0,0,0,0,0,0,0,0,0,0,205.948,0,0,-14.4164
"MtrElec",5,25,8,"",204.189,0,0,0,0,0,0,0,0,0,0,0,0,0,0,0,0,0,0,0,0,261.891,0,0,-57.7016
"MtrElec",5,25,9,"",217.807,0,0,0,0,0,0,0,0,0,0,0,0,0,0,0,0,0,0,0,0,319.884,0,0,-102.078
"MtrElec",5,25,10,"",302.841,0,0,0,0,0,0,0,0,0,0,0,0,0,0,0,0,0,0,0,0,424.354,0,0,-121.513
"MtrElec",5,25,11,"",272.44,0,0,0,0,0,0,0,0,0,0,0,0,0,0,0,0,0,0,0,0,418.649,0,0,-146.21
"MtrElec",5,25,12,"",261.047,0,0,0,0,0,0,0,0,0,0,0,0,0,0,0,0,0,0,0,0,427.579,0,0,-166.531
"MtrElec",5,25,13,"",0,0,0,0,0,0,0,0,0,0,0,0,0,0,0,0,0,0,0,0,0,411.924,0,29.0253,-440.949
"MtrElec",5,25,14,"",0,0,0,0,0,0,0,0,0,0,0,0,0,0,0,0,0,0,0,0,0,343.544,0,36.8718,-380.416
"MtrElec",5,25,15,"",45.7327,0,0,0,0,0,0,0,0,0,0,0,0,0,0,0,0,0,0,0,0,367.037,0,0,-321.304
"MtrElec",5,25,16,"",0,0,0,0,0,0,0,0,0,0,0,0,0,0,0,0,0,0,0,0,0,338.965,0,17.8292,-356.795
"MtrElec",5,25,17,"",0,0,0,0,0,0,0,0,0,0,0,0,0,0,0,0,0,0,0,0,0,377.997,0,37.2982,-415.295
"MtrElec",5,25,18,"",175.104,0,0,0,0,0,0,0,0,0,0,0,0,0,0,0,0,0,0,0,0,420.744,0,0,-245.64
"MtrElec",5,25,19,"",214.175,0,0,0,0,0,0,0,0,0,0,0,0,0,0,0,0,0,0,0,0,397.763,0,-109.225,-74.3635
"MtrElec",5,25,20,"",245.946,0,0,0,0,0,0,0,0,0,0,0,0,0,0,0,0,0,0,0,0,254.397,0,0,-8.45128
"MtrElec",5,25,21,"",289.395,0,0,0,0,0,0,0,0,0,0,0,0,0,0,0,0,0,0,0,0,289.395,0,0,0
"MtrElec",5,25,22,"",252.032,0,0,0,0,0,0,0,0,0,0,0,0,0,0,0,0,0,0,0,0,252.032,0,0,0
"MtrElec",5,25,23,"",248.37,0,0,0,0,0,0,0,0,0,0,0,0,0,0,0,0,0,0,0,0,248.37,0,0,0
"MtrElec",5,25,24,"",193.823,0,0,0,0,0,0,0,0,0,0,0,0,0,0,0,0,0,0,0,0,193.823,0,0,0
"MtrElec",5,26,1,"",149.705,0,0,0,0,0,0,0,0,0,0,0,0,0,0,0,0,0,0,0,0,149.705,0,0,0
"MtrElec",5,26,2,"",148.929,0,0,0,0,0,0,0,0,0,0,0,0,0,0,0,0,0,0,0,0,148.929,0,0,0
"MtrElec",5,26,3,"",142.373,0,0,0,0,0,0,0,0,0,0,0,0,0,0,0,0,0,0,0,0,142.373,0,0,0
"MtrElec",5,26,4,"",145.008,0,0,0,0,0,0,0,0,0,0,0,0,0,0,0,0,0,0,0,0,145.008,0,0,0
"MtrElec",5,26,5,"",141.909,0,0,0,0,0,0,0,0,0,0,0,0,0,0,0,0,0,0,0,0,141.909,0,0,0
"MtrElec",5,26,6,"",168.176,0,0,0,0,0,0,0,0,0,0,0,0,0,0,0,0,0,0,0,0,168.176,0,0,0
"MtrElec",5,26,7,"",188.08,0,0,0,0,0,0,0,0,0,0,0,0,0,0,0,0,0,0,0,0,212.218,0,0,-24.1381
"MtrElec",5,26,8,"",205.876,0,0,0,0,0,0,0,0,0,0,0,0,0,0,0,0,0,0,0,0,297.325,0,0,-91.4489
"MtrElec",5,26,9,"",196.937,0,0,0,0,0,0,0,0,0,0,0,0,0,0,0,0,0,0,0,0,364.304,0,0,-167.367
"MtrElec",5,26,10,"",135.993,0,0,0,0,0,0,0,0,0,0,0,0,0,0,0,0,0,0,0,0,403.677,0,0,-267.684
"MtrElec",5,26,11,"",237.824,0,0,0,0,0,0,0,0,0,0,0,0,0,0,0,0,0,0,0,0,430.09,0,0,-192.266
"MtrElec",5,26,12,"",178.15,0,0,0,0,0,0,0,0,0,0,0,0,0,0,0,0,0,0,0,0,431.219,0,0,-253.069
"MtrElec",5,26,13,"",213.629,0,0,0,0,0,0,0,0,0,0,0,0,0,0,0,0,0,0,0,0,422.498,0,0,-208.869
"MtrElec",5,26,14,"",166.299,0,0,0,0,0,0,0,0,0,0,0,0,0,0,0,0,0,0,0,0,374.363,0,0,-208.064
"MtrElec",5,26,15,"",197.357,0,0,0,0,0,0,0,0,0,0,0,0,0,0,0,0,0,0,0,0,348.496,0,0,-151.139
"MtrElec",5,26,16,"",204.545,0,0,0,0,0,0,0,0,0,0,0,0,0,0,0,0,0,0,0,0,403.707,0,0,-199.162
"MtrElec",5,26,17,"",93.0491,0,0,0,0,0,0,0,0,0,0,0,0,0,0,0,0,0,0,0,0,401.015,0,0,-307.966
"MtrElec",5,26,18,"",213.871,0,0,0,0,0,0,0,0,0,0,0,0,0,0,0,0,0,0,0,0,420.986,0,0,-207.115
"MtrElec",5,26,19,"",317.041,0,0,0,0,0,0,0,0,0,0,0,0,0,0,0,0,0,0,0,0,393.618,0,0,-76.5769
"MtrElec",5,26,20,"",390.556,0,0,0,0,0,0,0,0,0,0,0,0,0,0,0,0,0,0,0,0,400.585,0,0,-10.029
"MtrElec",5,26,21,"",434.12,0,0,0,0,0,0,0,0,0,0,0,0,0,0,0,0,0,0,0,0,434.12,0,0,0
"MtrElec",5,26,22,"",263.788,0,0,0,0,0,0,0,0,0,0,0,0,0,0,0,0,0,0,0,0,263.788,0,0,0
"MtrElec",5,26,23,"",252.639,0,0,0,0,0,0,0,0,0,0,0,0,0,0,0,0,0,0,0,0,252.639,0,0,0
"MtrElec",5,26,24,"",187.677,0,0,0,0,0,0,0,0,0,0,0,0,0,0,0,0,0,0,0,0,187.677,0,0,0
"MtrElec",5,27,1,"",146.712,0,0,0,0,0,0,0,0,0,0,0,0,0,0,0,0,0,0,0,0,146.712,0,0,0
"MtrElec",5,27,2,"",147.417,0,0,0,0,0,0,0,0,0,0,0,0,0,0,0,0,0,0,0,0,147.417,0,0,0
"MtrElec",5,27,3,"",145.827,0,0,0,0,0,0,0,0,0,0,0,0,0,0,0,0,0,0,0,0,145.827,0,0,0
"MtrElec",5,27,4,"",174.792,0,0,0,0,0,0,0,0,0,0,0,0,0,0,0,0,0,0,0,0,174.792,0,0,0
"MtrElec",5,27,5,"",141.038,0,0,0,0,0,0,0,0,0,0,0,0,0,0,0,0,0,0,0,0,141.038,0,0,0
"MtrElec",5,27,6,"",147.524,0,0,0,0,0,0,0,0,0,0,0,0,0,0,0,0,0,0,0,0,147.524,0,0,0
"MtrElec",5,27,7,"",241.477,0,0,0,0,0,0,0,0,0,0,0,0,0,0,0,0,0,0,0,0,275.621,0,0,-34.1449
"MtrElec",5,27,8,"",169.86,0,0,0,0,0,0,0,0,0,0,0,0,0,0,0,0,0,0,0,0,314.597,0,0,-144.738
"MtrElec",5,27,9,"",64.2344,0,0,0,0,0,0,0,0,0,0,0,0,0,0,0,0,0,0,0,0,355.576,0,0,-291.341
"MtrElec",5,27,10,"",28.5133,0,0,0,0,0,0,0,0,0,0,0,0,0,0,0,0,0,0,0,0,466.661,0,0,-438.148
"MtrElec",5,27,11,"",67.7853,0,0,0,0,0,0,0,0,0,0,0,0,0,0,0,0,0,0,0,0,454.77,0,0,-386.985
"MtrElec",5,27,12,"",0,0,0,0,0,0,0,0,0,0,0,0,0,0,0,0,0,0,0,0,0,436.242,0,187.815,-624.058
"MtrElec",5,27,13,"",-70.9857,0,0,0,0,0,0,0,0,0,0,0,0,0,0,0,0,0,0,0,0,415.285,0,223.217,-709.487
"MtrElec",5,27,14,"",-100.842,0,0,0,0,0,0,0,0,0,0,0,0,0,0,0,0,0,0,0,0,377.372,0,223.217,-701.431
"MtrElec",5,27,15,"",-140.984,0,0,0,0,0,0,0,0,0,0,0,0,0,0,0,0,0,0,0,0,340.695,0,164.632,-646.312
"MtrElec",5,27,16,"",-169.616,0,0,0,0,0,0,0,0,0,0,0,0,0,0,0,0,0,0,0,0,380.058,0,0,-549.674
"MtrElec",5,27,17,"",-7.53359,0,0,0,0,0,0,0,0,0,0,0,0,0,0,0,0,0,0,0,0,408.263,0,0,-415.796
"MtrElec",5,27,18,"",213.394,0,0,0,0,0,0,0,0,0,0,0,0,0,0,0,0,0,0,0,0,458.622,0,0,-245.228
"MtrElec",5,27,19,"",99.8248,0,0,0,0,0,0,0,0,0,0,0,0,0,0,0,0,0,0,0,0,399.865,0,-223.217,-76.8236
"MtrElec",5,27,20,"",202.652,0,0,0,0,0,0,0,0,0,0,0,0,0,0,0,0,0,0,0,0,436.467,0,-223.217,-10.5988
"MtrElec",5,27,21,"",215.393,0,0,0,0,0,0,0,0,0,0,0,0,0,0,0,0,0,0,0,0,438.61,0,-223.217,0
"MtrElec",5,27,22,"",216.54,0,0,0,0,0,0,0,0,0,0,0,0,0,0,0,0,0,0,0,0,267.88,0,-51.3398,0
"MtrElec",5,27,23,"",246.488,0,0,0,0,0,0,0,0,0,0,0,0,0,0,0,0,0,0,0,0,246.488,0,0,0
"MtrElec",5,27,24,"",202.848,0,0,0,0,0,0,0,0,0,0,0,0,0,0,0,0,0,0,0,0,202.848,0,0,0
"MtrElec",5,28,1,"",154.314,0,0,0,0,0,0,0,0,0,0,0,0,0,0,0,0,0,0,0,0,154.314,0,0,0
"MtrElec",5,28,2,"",148.236,0,0,0,0,0,0,0,0,0,0,0,0,0,0,0,0,0,0,0,0,148.236,0,0,0
"MtrElec",5,28,3,"",186.082,0,0,0,0,0,0,0,0,0,0,0,0,0,0,0,0,0,0,0,0,186.082,0,0,0
"MtrElec",5,28,4,"",149.059,0,0,0,0,0,0,0,0,0,0,0,0,0,0,0,0,0,0,0,0,149.059,0,0,0
"MtrElec",5,28,5,"",148.196,0,0,0,0,0,0,0,0,0,0,0,0,0,0,0,0,0,0,0,0,148.196,0,0,0
"MtrElec",5,28,6,"",152.719,0,0,0,0,0,0,0,0,0,0,0,0,0,0,0,0,0,0,0,0,152.719,0,0,0
"MtrElec",5,28,7,"",242.521,0,0,0,0,0,0,0,0,0,0,0,0,0,0,0,0,0,0,0,0,269.285,0,0,-26.7644
"MtrElec",5,28,8,"",171.897,0,0,0,0,0,0,0,0,0,0,0,0,0,0,0,0,0,0,0,0,312.478,0,0,-140.581
"MtrElec",5,28,9,"",23.045,0,0,0,0,0,0,0,0,0,0,0,0,0,0,0,0,0,0,0,0,332.858,0,0,-309.813
"MtrElec",5,28,10,"",-48.3529,0,0,0,0,0,0,0,0,0,0,0,0,0,0,0,0,0,0,0,0,408.563,0,0,-456.916
"MtrElec",5,28,11,"",0,0,0,0,0,0,0,0,0,0,0,0,0,0,0,0,0,0,0,0,0,459.465,0,108.279,-567.744
"MtrElec",5,28,12,"",0,0,0,0,0,0,0,0,0,0,0,0,0,0,0,0,0,0,0,0,0,441.405,0,208.183,-649.587
"MtrElec",5,28,13,"",-60.178,0,0,0,0,0,0,0,0,0,0,0,0,0,0,0,0,0,0,0,0,417.301,0,223.217,-700.696
"MtrElec",5,28,14,"",-88.2459,0,0,0,0,0,0,0,0,0,0,0,0,0,0,0,0,0,0,0,0,382.341,0,223.217,-693.803
"MtrElec",5,28,15,"",-175.624,0,0,0,0,0,0,0,0,0,0,0,0,0,0,0,0,0,0,0,0,429.807,0,35.9859,-641.417
"MtrElec",5,28,16,"",-139.848,0,0,0,0,0,0,0,0,0,0,0,0,0,0,0,0,0,0,0,0,410.211,0,0,-550.059
"MtrElec",5,28,17,"",88.7195,0,0,0,0,0,0,0,0,0,0,0,0,0,0,0,0,0,0,0,0,501.772,0,0,-413.053
"MtrElec",5,28,18,"",208.267,0,0,0,0,0,0,0,0,0,0,0,0,0,0,0,0,0,0,0,0,450.849,0,0,-242.583
"MtrElec",5,28,19,"",134.464,0,0,0,0,0,0,0,0,0,0,0,0,0,0,0,0,0,0,0,0,435.423,0,-223.217,-77.742
"MtrElec",5,28,20,"",214.022,0,0,0,0,0,0,0,0,0,0,0,0,0,0,0,0,0,0,0,0,448.44,0,-223.217,-11.2021
"MtrElec",5,28,21,"",149.372,0,0,0,0,0,0,0,0,0,0,0,0,0,0,0,0,0,0,0,0,372.589,0,-223.217,0
"MtrElec",5,28,22,"",260.729,0,0,0,0,0,0,0,0,0,0,0,0,0,0,0,0,0,0,0,0,312.069,0,-51.3398,0
"MtrElec",5,28,23,"",264.127,0,0,0,0,0,0,0,0,0,0,0,0,0,0,0,0,0,0,0,0,264.127,0,0,0
"MtrElec",5,28,24,"",233.071,0,0,0,0,0,0,0,0,0,0,0,0,0,0,0,0,0,0,0,0,233.071,0,0,0
"MtrElec",5,29,1,"",151.544,0,0,0,0,0,0,0,0,0,0,0,0,0,0,0,0,0,0,0,0,151.544,0,0,0
"MtrElec",5,29,2,"",146.654,0,0,0,0,0,0,0,0,0,0,0,0,0,0,0,0,0,0,0,0,146.654,0,0,0
"MtrElec",5,29,3,"",142.297,0,0,0,0,0,0,0,0,0,0,0,0,0,0,0,0,0,0,0,0,142.297,0,0,0
"MtrElec",5,29,4,"",155.117,0,0,0,0,0,0,0,0,0,0,0,0,0,0,0,0,0,0,0,0,155.117,0,0,0
"MtrElec",5,29,5,"",139.917,0,0,0,0,0,0,0,0,0,0,0,0,0,0,0,0,0,0,0,0,139.917,0,0,0
"MtrElec",5,29,6,"",184.628,0,0,0,0,0,0,0,0,0,0,0,0,0,0,0,0,0,0,0,0,184.628,0,0,0
"MtrElec",5,29,7,"",180.309,0,0,0,0,0,0,0,0,0,0,0,0,0,0,0,0,0,0,0,0,202.004,0,0,-21.6955
"MtrElec",5,29,8,"",213.74,0,0,0,0,0,0,0,0,0,0,0,0,0,0,0,0,0,0,0,0,293.33,0,0,-79.5899
"MtrElec",5,29,9,"",243.928,0,0,0,0,0,0,0,0,0,0,0,0,0,0,0,0,0,0,0,0,390.188,0,0,-146.26
"MtrElec",5,29,10,"",303.673,0,0,0,0,0,0,0,0,0,0,0,0,0,0,0,0,0,0,0,0,507.426,0,0,-203.753
"MtrElec",5,29,11,"",222.975,0,0,0,0,0,0,0,0,0,0,0,0,0,0,0,0,0,0,0,0,494.689,0,0,-271.714
"MtrElec",5,29,12,"",0,0,0,0,0,0,0,0,0,0,0,0,0,0,0,0,0,0,0,0,0,433.035,0,152.747,-585.782
"MtrElec",5,29,13,"",0,0,0,0,0,0,0,0,0,0,0,0,0,0,0,0,0,0,0,0,0,451.467,0,208.715,-660.182
"MtrElec",5,29,14,"",0.0000156,0,0,0,0,0,0,0,0,0,0,0,0,0,0,0,0,0,0,0,0,373.227,0,218.912,-592.138
"MtrElec",5,29,15,"",0,0,0,0,0,0,0,0,0,0,0,0,0,0,0,0,0,0,0,0,0,385.033,0,182.434,-567.467
"MtrElec",5,29,16,"",-16.787,0,0,0,0,0,0,0,0,0,0,0,0,0,0,0,0,0,0,0,0,418.021,0,36.0741,-470.882
"MtrElec",5,29,17,"",75.5673,0,0,0,0,0,0,0,0,0,0,0,0,0,0,0,0,0,0,0,0,475.424,0,0,-399.856
"MtrElec",5,29,18,"",173.837,0,0,0,0,0,0,0,0,0,0,0,0,0,0,0,0,0,0,0,0,413.572,0,0,-239.734
"MtrElec",5,29,19,"",148.433,0,0,0,0,0,0,0,0,0,0,0,0,0,0,0,0,0,0,0,0,452.457,0,-223.217,-80.807
"MtrElec",5,29,20,"",159.167,0,0,0,0,0,0,0,0,0,0,0,0,0,0,0,0,0,0,0,0,394.884,0,-223.217,-12.4997
"MtrElec",5,29,21,"",162.628,0,0,0,0,0,0,0,0,0,0,0,0,0,0,0,0,0,0,0,0,385.845,0,-223.217,0
"MtrElec",5,29,22,"",246.259,0,0,0,0,0,0,0,0,0,0,0,0,0,0,0,0,0,0,0,0,297.599,0,-51.3398,0
"MtrElec",5,29,23,"",255.571,0,0,0,0,0,0,0,0,0,0,0,0,0,0,0,0,0,0,0,0,255.571,0,0,0
"MtrElec",5,29,24,"",245.244,0,0,0,0,0,0,0,0,0,0,0,0,0,0,0,0,0,0,0,0,245.244,0,0,0
"MtrElec",5,30,1,"",158.425,0,0,0,0,0,0,0,0,0,0,0,0,0,0,0,0,0,0,0,0,158.425,0,0,0
"MtrElec",5,30,2,"",149.765,0,0,0,0,0,0,0,0,0,0,0,0,0,0,0,0,0,0,0,0,149.765,0,0,0
"MtrElec",5,30,3,"",145.532,0,0,0,0,0,0,0,0,0,0,0,0,0,0,0,0,0,0,0,0,145.532,0,0,0
"MtrElec",5,30,4,"",145.32,0,0,0,0,0,0,0,0,0,0,0,0,0,0,0,0,0,0,0,0,145.32,0,0,0
"MtrElec",5,30,5,"",149.083,0,0,0,0,0,0,0,0,0,0,0,0,0,0,0,0,0,0,0,0,149.083,0,0,0
"MtrElec",5,30,6,"",144.284,0,0,0,0,0,0,0,0,0,0,0,0,0,0,0,0,0,0,0,0,144.284,0,0,0
"MtrElec",5,30,7,"",192.882,0,0,0,0,0,0,0,0,0,0,0,0,0,0,0,0,0,0,0,0,213.27,0,0,-20.3874
"MtrElec",5,30,8,"",194.406,0,0,0,0,0,0,0,0,0,0,0,0,0,0,0,0,0,0,0,0,271.538,0,0,-77.1324
"MtrElec",5,30,9,"",184.659,0,0,0,0,0,0,0,0,0,0,0,0,0,0,0,0,0,0,0,0,317.475,0,0,-132.816
"MtrElec",5,30,10,"",191.613,0,0,0,0,0,0,0,0,0,0,0,0,0,0,0,0,0,0,0,0,404.137,0,0,-212.524
"MtrElec",5,30,11,"",210.822,0,0,0,0,0,0,0,0,0,0,0,0,0,0,0,0,0,0,0,0,454.03,0,0,-243.207
"MtrElec",5,30,12,"",62.3813,0,0,0,0,0,0,0,0,0,0,0,0,0,0,0,0,0,0,0,0,497.879,0,0,-435.498
"MtrElec",5,30,13,"",0,0,0,0,0,0,0,0,0,0,0,0,0,0,0,0,0,0,0,0,0,477.242,0,221.373,-698.615
"MtrElec",5,30,14,"",0.0000156,0,0,0,0,0,0,0,0,0,0,0,0,0,0,0,0,0,0,0,0,459.414,0,218.891,-678.305
"MtrElec",5,30,15,"",0,0,0,0,0,0,0,0,0,0,0,0,0,0,0,0,0,0,0,0,0,450.143,0,154.761,-604.904
"MtrElec",5,30,16,"",0.0000078,0,0,0,0,0,0,0,0,0,0,0,0,0,0,0,0,0,0,0,0,442.927,0,75.778,-518.705
"MtrElec",5,30,17,"",57.9443,0,0,0,0,0,0,0,0,0,0,0,0,0,0,0,0,0,0,0,0,440.562,0,0,-382.617
"MtrElec",5,30,18,"",251.546,0,0,0,0,0,0,0,0,0,0,0,0,0,0,0,0,0,0,0,0,418.922,0,0,-167.377
"MtrElec",5,30,19,"",187.305,0,0,0,0,0,0,0,0,0,0,0,0,0,0,0,0,0,0,0,0,451.788,0,-223.217,-41.2657
"MtrElec",5,30,20,"",90.2082,0,0,0,0,0,0,0,0,0,0,0,0,0,0,0,0,0,0,0,0,318.2,0,-223.217,-4.77547
"MtrElec",5,30,21,"",198.954,0,0,0,0,0,0,0,0,0,0,0,0,0,0,0,0,0,0,0,0,357.92,0,-158.966,0
"MtrElec",5,30,22,"",345.257,0,0,0,0,0,0,0,0,0,0,0,0,0,0,0,0,0,0,0,0,345.257,0,0,0
"MtrElec",5,30,23,"",195.103,0,0,0,0,0,0,0,0,0,0,0,0,0,0,0,0,0,0,0,0,195.103,0,0,0
"MtrElec",5,30,24,"",184.414,0,0,0,0,0,0,0,0,0,0,0,0,0,0,0,0,0,0,0,0,184.414,0,0,0
"MtrElec",5,31,1,"",151.474,0,0,0,0,0,0,0,0,0,0,0,0,0,0,0,0,0,0,0,0,151.474,0,0,0
"MtrElec",5,31,2,"",182.668,0,0,0,0,0,0,0,0,0,0,0,0,0,0,0,0,0,0,0,0,182.668,0,0,0
"MtrElec",5,31,3,"",144.345,0,0,0,0,0,0,0,0,0,0,0,0,0,0,0,0,0,0,0,0,144.345,0,0,0
"MtrElec",5,31,4,"",146.335,0,0,0,0,0,0,0,0,0,0,0,0,0,0,0,0,0,0,0,0,146.335,0,0,0
"MtrElec",5,31,5,"",177.71,0,0,0,0,0,0,0,0,0,0,0,0,0,0,0,0,0,0,0,0,177.71,0,0,0
"MtrElec",5,31,6,"",146.577,0,0,0,0,0,0,0,0,0,0,0,0,0,0,0,0,0,0,0,0,146.577,0,0,0
"MtrElec",5,31,7,"",183.575,0,0,0,0,0,0,0,0,0,0,0,0,0,0,0,0,0,0,0,0,197.965,0,0,-14.3894
"MtrElec",5,31,8,"",144.739,0,0,0,0,0,0,0,0,0,0,0,0,0,0,0,0,0,0,0,0,201.634,0,0,-56.8951
"MtrElec",5,31,9,"",218.159,0,0,0,0,0,0,0,0,0,0,0,0,0,0,0,0,0,0,0,0,304.749,0,0,-86.5893
"MtrElec",5,31,10,"",188.408,0,0,0,0,0,0,0,0,0,0,0,0,0,0,0,0,0,0,0,0,311.183,0,0,-122.774
"MtrElec",5,31,11,"",304.31,0,0,0,0,0,0,0,0,0,0,0,0,0,0,0,0,0,0,0,0,376.438,0,0,-72.1278
"MtrElec",5,31,12,"",173.234,0,0,0,0,0,0,0,0,0,0,0,0,0,0,0,0,0,0,0,0,377.71,0,0,-204.476
"MtrElec",5,31,13,"",134.623,0,0,0,0,0,0,0,0,0,0,0,0,0,0,0,0,0,0,0,0,432.103,0,0,-297.481
"MtrElec",5,31,14,"",180.176,0,0,0,0,0,0,0,0,0,0,0,0,0,0,0,0,0,0,0,0,350.983,0,0,-170.807
"MtrElec",5,31,15,"",82.9684,0,0,0,0,0,0,0,0,0,0,0,0,0,0,0,0,0,0,0,0,335.16,0,0,-252.191
"MtrElec",5,31,16,"",129.572,0,0,0,0,0,0,0,0,0,0,0,0,0,0,0,0,0,0,0,0,361.697,0,0,-232.125
"MtrElec",5,31,17,"",121.65,0,0,0,0,0,0,0,0,0,0,0,0,0,0,0,0,0,0,0,0,317.494,0,0,-195.844
"MtrElec",5,31,18,"",168.634,0,0,0,0,0,0,0,0,0,0,0,0,0,0,0,0,0,0,0,0,347.096,0,0,-178.463
"MtrElec",5,31,19,"",353.746,0,0,0,0,0,0,0,0,0,0,0,0,0,0,0,0,0,0,0,0,433.154,0,0,-79.4082
"MtrElec",5,31,20,"",300.776,0,0,0,0,0,0,0,0,0,0,0,0,0,0,0,0,0,0,0,0,313.223,0,0,-12.4467
"MtrElec",5,31,21,"",285.56,0,0,0,0,0,0,0,0,0,0,0,0,0,0,0,0,0,0,0,0,285.56,0,0,0
"MtrElec",5,31,22,"",276.395,0,0,0,0,0,0,0,0,0,0,0,0,0,0,0,0,0,0,0,0,276.395,0,0,0
"MtrElec",5,31,23,"",229.829,0,0,0,0,0,0,0,0,0,0,0,0,0,0,0,0,0,0,0,0,229.829,0,0,0
"MtrElec",5,31,24,"",190.068,0,0,0,0,0,0,0,0,0,0,0,0,0,0,0,0,0,0,0,0,190.068,0,0,0
"MtrElec",6,1,1,"",157.369,0,0,0,0,0,0,0,0,0,0,0,0,0,0,0,0,0,0,0,0,157.369,0,0,0
"MtrElec",6,1,2,"",143.916,0,0,0,0,0,0,0,0,0,0,0,0,0,0,0,0,0,0,0,0,143.916,0,0,0
"MtrElec",6,1,3,"",140.628,0,0,0,0,0,0,0,0,0,0,0,0,0,0,0,0,0,0,0,0,140.628,0,0,0
"MtrElec",6,1,4,"",143.132,0,0,0,0,0,0,0,0,0,0,0,0,0,0,0,0,0,0,0,0,143.132,0,0,0
"MtrElec",6,1,5,"",138.262,0,0,0,0,0,0,0,0,0,0,0,0,0,0,0,0,0,0,0,0,138.262,0,0,0
"MtrElec",6,1,6,"",185.57,0,0,0,0,0,0,0,0,0,0,0,0,0,0,0,0,0,0,0,0,185.57,0,0,0
"MtrElec",6,1,7,"",215.381,0,0,0,0,0,0,0,0,0,0,0,0,0,0,0,0,0,0,0,0,223.171,0,0,-7.7908
"MtrElec",6,1,8,"",285.265,0,0,0,0,0,0,0,0,0,0,0,0,0,0,0,0,0,0,0,0,320.302,0,0,-35.0367
"MtrElec",6,1,9,"",312.456,0,0,0,0,0,0,0,0,0,0,0,0,0,0,0,0,0,0,0,0,382.289,0,0,-69.8336
"MtrElec",6,1,10,"",236.928,0,0,0,0,0,0,0,0,0,0,0,0,0,0,0,0,0,0,0,0,362.768,0,0,-125.841
"MtrElec",6,1,11,"",245.865,0,0,0,0,0,0,0,0,0,0,0,0,0,0,0,0,0,0,0,0,423.375,0,0,-177.51
"MtrElec",6,1,12,"",67.5185,0,0,0,0,0,0,0,0,0,0,0,0,0,0,0,0,0,0,0,0,414.752,0,0,-347.234
"MtrElec",6,1,13,"",-1.26462,0,0,0,0,0,0,0,0,0,0,0,0,0,0,0,0,0,0,0,0,388.731,0,223.217,-613.213
"MtrElec",6,1,14,"",-25.3612,0,0,0,0,0,0,0,0,0,0,0,0,0,0,0,0,0,0,0,0,409.245,0,223.217,-657.823
"MtrElec",6,1,15,"",0,0,0,0,0,0,0,0,0,0,0,0,0,0,0,0,0,0,0,0,0,404.612,0,217.62,-622.232
"MtrElec",6,1,16,"",0,0,0,0,0,0,0,0,0,0,0,0,0,0,0,0,0,0,0,0,0,427.343,0,106.382,-533.726
"MtrElec",6,1,17,"",47.046,0,0,0,0,0,0,0,0,0,0,0,0,0,0,0,0,0,0,0,0,459.213,0,0,-412.167
"MtrElec",6,1,18,"",203.935,0,0,0,0,0,0,0,0,0,0,0,0,0,0,0,0,0,0,0,0,452.184,0,0,-248.248
"MtrElec",6,1,19,"",130.628,0,0,0,0,0,0,0,0,0,0,0,0,0,0,0,0,0,0,0,0,435.584,0,-223.217,-81.7387
"MtrElec",6,1,20,"",144.44,0,0,0,0,0,0,0,0,0,0,0,0,0,0,0,0,0,0,0,0,380.054,0,-223.217,-12.3972
"MtrElec",6,1,21,"",142.138,0,0,0,0,0,0,0,0,0,0,0,0,0,0,0,0,0,0,0,0,365.355,0,-223.217,0
"MtrElec",6,1,22,"",247.74,0,0,0,0,0,0,0,0,0,0,0,0,0,0,0,0,0,0,0,0,273.408,0,-25.6682,0
"MtrElec",6,1,23,"",244.558,0,0,0,0,0,0,0,0,0,0,0,0,0,0,0,0,0,0,0,0,244.558,0,0,0
"MtrElec",6,1,24,"",235.47,0,0,0,0,0,0,0,0,0,0,0,0,0,0,0,0,0,0,0,0,235.47,0,0,0
"MtrElec",6,2,1,"",178.749,0,0,0,0,0,0,0,0,0,0,0,0,0,0,0,0,0,0,0,0,178.749,0,0,0
"MtrElec",6,2,2,"",146.89,0,0,0,0,0,0,0,0,0,0,0,0,0,0,0,0,0,0,0,0,146.89,0,0,0
"MtrElec",6,2,3,"",146.567,0,0,0,0,0,0,0,0,0,0,0,0,0,0,0,0,0,0,0,0,146.567,0,0,0
"MtrElec",6,2,4,"",142.859,0,0,0,0,0,0,0,0,0,0,0,0,0,0,0,0,0,0,0,0,142.859,0,0,0
"MtrElec",6,2,5,"",140.103,0,0,0,0,0,0,0,0,0,0,0,0,0,0,0,0,0,0,0,0,140.103,0,0,0
"MtrElec",6,2,6,"",153.331,0,0,0,0,0,0,0,0,0,0,0,0,0,0,0,0,0,0,0,0,153.331,0,0,0
"MtrElec",6,2,7,"",246.06,0,0,0,0,0,0,0,0,0,0,0,0,0,0,0,0,0,0,0,0,272.224,0,0,-26.1639
"MtrElec",6,2,8,"",175.014,0,0,0,0,0,0,0,0,0,0,0,0,0,0,0,0,0,0,0,0,315.007,0,0,-139.994
"MtrElec",6,2,9,"",40.0291,0,0,0,0,0,0,0,0,0,0,0,0,0,0,0,0,0,0,0,0,349.857,0,0,-309.828
"MtrElec",6,2,10,"",-2.79369,0,0,0,0,0,0,0,0,0,0,0,0,0,0,0,0,0,0,0,0,457.203,0,0,-459.997
"MtrElec",6,2,11,"",0,0,0,0,0,0,0,0,0,0,0,0,0,0,0,0,0,0,0,0,0,492.443,0,81.0817,-573.525
"MtrElec",6,2,12,"",0,0,0,0,0,0,0,0,0,0,0,0,0,0,0,0,0,0,0,0,0,493.505,0,150.631,-644.135
"MtrElec",6,2,13,"",0,0,0,0,0,0,0,0,0,0,0,0,0,0,0,0,0,0,0,0,0,511.173,0,163.359,-674.532
"MtrElec",6,2,14,"",-34.6087,0,0,0,0,0,0,0,0,0,0,0,0,0,0,0,0,0,0,0,0,425.941,0,223.217,-683.766
"MtrElec",6,2,15,"",-26.1966,0,0,0,0,0,0,0,0,0,0,0,0,0,0,0,0,0,0,0,0,435.744,0,180.593,-642.534
"MtrElec",6,2,16,"",-111.693,0,0,0,0,0,0,0,0,0,0,0,0,0,0,0,0,0,0,0,0,438.378,0,0,-550.071
"MtrElec",6,2,17,"",40.6336,0,0,0,0,0,0,0,0,0,0,0,0,0,0,0,0,0,0,0,0,457.425,0,0,-416.791
"MtrElec",6,2,18,"",259.171,0,0,0,0,0,0,0,0,0,0,0,0,0,0,0,0,0,0,0,0,509.235,0,0,-250.064
"MtrElec",6,2,19,"",189.208,0,0,0,0,0,0,0,0,0,0,0,0,0,0,0,0,0,0,0,0,491.509,0,-223.217,-79.0837
"MtrElec",6,2,20,"",209.821,0,0,0,0,0,0,0,0,0,0,0,0,0,0,0,0,0,0,0,0,443.053,0,-223.217,-10.0148
"MtrElec",6,2,21,"",200.206,0,0,0,0,0,0,0,0,0,0,0,0,0,0,0,0,0,0,0,0,423.423,0,-223.217,0
"MtrElec",6,2,22,"",196.362,0,0,0,0,0,0,0,0,0,0,0,0,0,0,0,0,0,0,0,0,247.702,0,-51.3398,0
"MtrElec",6,2,23,"",257.995,0,0,0,0,0,0,0,0,0,0,0,0,0,0,0,0,0,0,0,0,257.995,0,0,0
"MtrElec",6,2,24,"",175.779,0,0,0,0,0,0,0,0,0,0,0,0,0,0,0,0,0,0,0,0,175.779,0,0,0
"MtrElec",6,3,1,"",158.02,0,0,0,0,0,0,0,0,0,0,0,0,0,0,0,0,0,0,0,0,158.02,0,0,0
"MtrElec",6,3,2,"",146.688,0,0,0,0,0,0,0,0,0,0,0,0,0,0,0,0,0,0,0,0,146.688,0,0,0
"MtrElec",6,3,3,"",180.604,0,0,0,0,0,0,0,0,0,0,0,0,0,0,0,0,0,0,0,0,180.604,0,0,0
"MtrElec",6,3,4,"",145.488,0,0,0,0,0,0,0,0,0,0,0,0,0,0,0,0,0,0,0,0,145.488,0,0,0
"MtrElec",6,3,5,"",144.394,0,0,0,0,0,0,0,0,0,0,0,0,0,0,0,0,0,0,0,0,144.394,0,0,0
"MtrElec",6,3,6,"",145.293,0,0,0,0,0,0,0,0,0,0,0,0,0,0,0,0,0,0,0,0,145.293,0,0,0
"MtrElec",6,3,7,"",218.807,0,0,0,0,0,0,0,0,0,0,0,0,0,0,0,0,0,0,0,0,242.917,0,0,-24.1095
"MtrElec",6,3,8,"",148.427,0,0,0,0,0,0,0,0,0,0,0,0,0,0,0,0,0,0,0,0,290.404,0,0,-141.977
"MtrElec",6,3,9,"",57.8822,0,0,0,0,0,0,0,0,0,0,0,0,0,0,0,0,0,0,0,0,375.714,0,0,-317.832
"MtrElec",6,3,10,"",-2.38328,0,0,0,0,0,0,0,0,0,0,0,0,0,0,0,0,0,0,0,0,463.665,0,0,-466.049
"MtrElec",6,3,11,"",0,0,0,0,0,0,0,0,0,0,0,0,0,0,0,0,0,0,0,0,0,435.133,0,146.068,-581.202
"MtrElec",6,3,12,"",0,0,0,0,0,0,0,0,0,0,0,0,0,0,0,0,0,0,0,0,0,461.495,0,184.419,-645.914
"MtrElec",6,3,13,"",0,0,0,0,0,0,0,0,0,0,0,0,0,0,0,0,0,0,0,0,0,530.755,0,143.032,-673.787
"MtrElec",6,3,14,"",-19.2732,0,0,0,0,0,0,0,0,0,0,0,0,0,0,0,0,0,0,0,0,430.974,0,223.217,-673.464
"MtrElec",6,3,15,"",-83.4162,0,0,0,0,0,0,0,0,0,0,0,0,0,0,0,0,0,0,0,0,441.074,0,102.146,-626.635
"MtrElec",6,3,16,"",-59.0045,0,0,0,0,0,0,0,0,0,0,0,0,0,0,0,0,0,0,0,0,471.152,0,0,-530.156
"MtrElec",6,3,17,"",146.852,0,0,0,0,0,0,0,0,0,0,0,0,0,0,0,0,0,0,0,0,539.937,0,0,-393.085
"MtrElec",6,3,18,"",332.459,0,0,0,0,0,0,0,0,0,0,0,0,0,0,0,0,0,0,0,0,572.393,0,0,-239.934
"MtrElec",6,3,19,"",215.236,0,0,0,0,0,0,0,0,0,0,0,0,0,0,0,0,0,0,0,0,519.27,0,-223.217,-80.8173
"MtrElec",6,3,20,"",216.619,0,0,0,0,0,0,0,0,0,0,0,0,0,0,0,0,0,0,0,0,451.539,0,-223.217,-11.7033
"MtrElec",6,3,21,"",203.307,0,0,0,0,0,0,0,0,0,0,0,0,0,0,0,0,0,0,0,0,426.524,0,-223.217,0
"MtrElec",6,3,22,"",230.22,0,0,0,0,0,0,0,0,0,0,0,0,0,0,0,0,0,0,0,0,281.56,0,-51.3398,0
"MtrElec",6,3,23,"",270.634,0,0,0,0,0,0,0,0,0,0,0,0,0,0,0,0,0,0,0,0,270.634,0,0,0
"MtrElec",6,3,24,"",192.419,0,0,0,0,0,0,0,0,0,0,0,0,0,0,0,0,0,0,0,0,192.419,0,0,0
"MtrElec",6,4,1,"",148.047,0,0,0,0,0,0,0,0,0,0,0,0,0,0,0,0,0,0,0,0,148.047,0,0,0
"MtrElec",6,4,2,"",146.02,0,0,0,0,0,0,0,0,0,0,0,0,0,0,0,0,0,0,0,0,146.02,0,0,0
"MtrElec",6,4,3,"",140.933,0,0,0,0,0,0,0,0,0,0,0,0,0,0,0,0,0,0,0,0,140.933,0,0,0
"MtrElec",6,4,4,"",142.394,0,0,0,0,0,0,0,0,0,0,0,0,0,0,0,0,0,0,0,0,142.394,0,0,0
"MtrElec",6,4,5,"",173.391,0,0,0,0,0,0,0,0,0,0,0,0,0,0,0,0,0,0,0,0,173.391,0,0,0
"MtrElec",6,4,6,"",143.724,0,0,0,0,0,0,0,0,0,0,0,0,0,0,0,0,0,0,0,0,143.724,0,0,0
"MtrElec",6,4,7,"",200.202,0,0,0,0,0,0,0,0,0,0,0,0,0,0,0,0,0,0,0,0,236.793,0,0,-36.5908
"MtrElec",6,4,8,"",149.844,0,0,0,0,0,0,0,0,0,0,0,0,0,0,0,0,0,0,0,0,291.145,0,0,-141.301
"MtrElec",6,4,9,"",62.0588,0,0,0,0,0,0,0,0,0,0,0,0,0,0,0,0,0,0,0,0,332.702,0,0,-270.643
"MtrElec",6,4,10,"",-6.60413,0,0,0,0,0,0,0,0,0,0,0,0,0,0,0,0,0,0,0,0,442.108,0,0,-448.712
"MtrElec",6,4,11,"",0,0,0,0,0,0,0,0,0,0,0,0,0,0,0,0,0,0,0,0,0,430.319,0,158.559,-588.878
"MtrElec",6,4,12,"",-9.77597,0,0,0,0,0,0,0,0,0,0,0,0,0,0,0,0,0,0,0,0,439.61,0,223.217,-672.603
"MtrElec",6,4,13,"",0.0000156,0,0,0,0,0,0,0,0,0,0,0,0,0,0,0,0,0,0,0,0,483.074,0,217.852,-700.926
"MtrElec",6,4,14,"",-95.5928,0,0,0,0,0,0,0,0,0,0,0,0,0,0,0,0,0,0,0,0,397.234,0,199.253,-692.08
"MtrElec",6,4,15,"",-264.51,0,0,0,0,0,0,0,0,0,0,0,0,0,0,0,0,0,0,0,0,386.653,0,0,-651.163
"MtrElec",6,4,16,"",-98.4042,0,0,0,0,0,0,0,0,0,0,0,0,0,0,0,0,0,0,0,0,455.456,0,0,-553.86
"MtrElec",6,4,17,"",47.2582,0,0,0,0,0,0,0,0,0,0,0,0,0,0,0,0,0,0,0,0,460.485,0,0,-413.227
"MtrElec",6,4,18,"",270.305,0,0,0,0,0,0,0,0,0,0,0,0,0,0,0,0,0,0,0,0,520.57,0,0,-250.265
"MtrElec",6,4,19,"",169.755,0,0,0,0,0,0,0,0,0,0,0,0,0,0,0,0,0,0,0,0,474.011,0,-223.217,-81.0395
"MtrElec",6,4,20,"",148.08,0,0,0,0,0,0,0,0,0,0,0,0,0,0,0,0,0,0,0,0,380.682,0,-223.217,-9.38511
"MtrElec",6,4,21,"",169.773,0,0,0,0,0,0,0,0,0,0,0,0,0,0,0,0,0,0,0,0,392.99,0,-223.217,0
"MtrElec",6,4,22,"",188.927,0,0,0,0,0,0,0,0,0,0,0,0,0,0,0,0,0,0,0,0,240.267,0,-51.3398,0
"MtrElec",6,4,23,"",265.511,0,0,0,0,0,0,0,0,0,0,0,0,0,0,0,0,0,0,0,0,265.511,0,0,0
"MtrElec",6,4,24,"",170.744,0,0,0,0,0,0,0,0,0,0,0,0,0,0,0,0,0,0,0,0,170.744,0,0,0
"MtrElec",6,5,1,"",155.065,0,0,0,0,0,0,0,0,0,0,0,0,0,0,0,0,0,0,0,0,155.065,0,0,0
"MtrElec",6,5,2,"",147.383,0,0,0,0,0,0,0,0,0,0,0,0,0,0,0,0,0,0,0,0,147.383,0,0,0
"MtrElec",6,5,3,"",140.279,0,0,0,0,0,0,0,0,0,0,0,0,0,0,0,0,0,0,0,0,140.279,0,0,0
"MtrElec",6,5,4,"",142.447,0,0,0,0,0,0,0,0,0,0,0,0,0,0,0,0,0,0,0,0,142.447,0,0,0
"MtrElec",6,5,5,"",140.117,0,0,0,0,0,0,0,0,0,0,0,0,0,0,0,0,0,0,0,0,140.117,0,0,0
"MtrElec",6,5,6,"",186.642,0,0,0,0,0,0,0,0,0,0,0,0,0,0,0,0,0,0,0,0,186.642,0,0,0
"MtrElec",6,5,7,"",212.732,0,0,0,0,0,0,0,0,0,0,0,0,0,0,0,0,0,0,0,0,245.568,0,0,-32.8357
"MtrElec",6,5,8,"",186.846,0,0,0,0,0,0,0,0,0,0,0,0,0,0,0,0,0,0,0,0,305.509,0,0,-118.664
"MtrElec",6,5,9,"",134.559,0,0,0,0,0,0,0,0,0,0,0,0,0,0,0,0,0,0,0,0,329.814,0,0,-195.255
"MtrElec",6,5,10,"",90.0659,0,0,0,0,0,0,0,0,0,0,0,0,0,0,0,0,0,0,0,0,424.19,0,0,-334.125
"MtrElec",6,5,11,"",0,0,0,0,0,0,0,0,0,0,0,0,0,0,0,0,0,0,0,0,0,363.874,0,192.692,-556.566
"MtrElec",6,5,12,"",-42.9928,0,0,0,0,0,0,0,0,0,0,0,0,0,0,0,0,0,0,0,0,394.682,0,223.217,-660.892
"MtrElec",6,5,13,"",-125.317,0,0,0,0,0,0,0,0,0,0,0,0,0,0,0,0,0,0,0,0,360.052,0,223.217,-708.587
"MtrElec",6,5,14,"",-178.813,0,0,0,0,0,0,0,0,0,0,0,0,0,0,0,0,0,0,0,0,354.214,0,159.756,-692.783
"MtrElec",6,5,15,"",-278.862,0,0,0,0,0,0,0,0,0,0,0,0,0,0,0,0,0,0,0,0,367.505,0,0,-646.366
"MtrElec",6,5,16,"",-171.519,0,0,0,0,0,0,0,0,0,0,0,0,0,0,0,0,0,0,0,0,389.885,0,0,-561.404
"MtrElec",6,5,17,"",0.370969,0,0,0,0,0,0,0,0,0,0,0,0,0,0,0,0,0,0,0,0,425.081,0,0,-424.71
"MtrElec",6,5,18,"",149.62,0,0,0,0,0,0,0,0,0,0,0,0,0,0,0,0,0,0,0,0,407.457,0,0,-257.838
"MtrElec",6,5,19,"",95.2863,0,0,0,0,0,0,0,0,0,0,0,0,0,0,0,0,0,0,0,0,399.964,0,-223.217,-81.461
"MtrElec",6,5,20,"",156.963,0,0,0,0,0,0,0,0,0,0,0,0,0,0,0,0,0,0,0,0,389.615,0,-223.217,-9.43527
"MtrElec",6,5,21,"",184.827,0,0,0,0,0,0,0,0,0,0,0,0,0,0,0,0,0,0,0,0,408.044,0,-223.217,0
"MtrElec",6,5,22,"",231.985,0,0,0,0,0,0,0,0,0,0,0,0,0,0,0,0,0,0,0,0,283.325,0,-51.3398,0
"MtrElec",6,5,23,"",251.07,0,0,0,0,0,0,0,0,0,0,0,0,0,0,0,0,0,0,0,0,251.07,0,0,0
"MtrElec",6,5,24,"",202.63,0,0,0,0,0,0,0,0,0,0,0,0,0,0,0,0,0,0,0,0,202.63,0,0,0
"MtrElec",6,6,1,"",161.883,0,0,0,0,0,0,0,0,0,0,0,0,0,0,0,0,0,0,0,0,161.883,0,0,0
"MtrElec",6,6,2,"",145.949,0,0,0,0,0,0,0,0,0,0,0,0,0,0,0,0,0,0,0,0,145.949,0,0,0
"MtrElec",6,6,3,"",182.523,0,0,0,0,0,0,0,0,0,0,0,0,0,0,0,0,0,0,0,0,182.523,0,0,0
"MtrElec",6,6,4,"",148.966,0,0,0,0,0,0,0,0,0,0,0,0,0,0,0,0,0,0,0,0,148.966,0,0,0
"MtrElec",6,6,5,"",163.908,0,0,0,0,0,0,0,0,0,0,0,0,0,0,0,0,0,0,0,0,163.908,0,0,0
"MtrElec",6,6,6,"",143.904,0,0,0,0,0,0,0,0,0,0,0,0,0,0,0,0,0,0,0,0,143.904,0,0,0
"MtrElec",6,6,7,"",166.19,0,0,0,0,0,0,0,0,0,0,0,0,0,0,0,0,0,0,0,0,182.815,0,0,-16.625
"MtrElec",6,6,8,"",179.061,0,0,0,0,0,0,0,0,0,0,0,0,0,0,0,0,0,0,0,0,239.936,0,0,-60.8748
"MtrElec",6,6,9,"",196.263,0,0,0,0,0,0,0,0,0,0,0,0,0,0,0,0,0,0,0,0,303.936,0,0,-107.672
"MtrElec",6,6,10,"",223.235,0,0,0,0,0,0,0,0,0,0,0,0,0,0,0,0,0,0,0,0,394.143,0,0,-170.909
"MtrElec",6,6,11,"",235.753,0,0,0,0,0,0,0,0,0,0,0,0,0,0,0,0,0,0,0,0,493.515,0,0,-257.762
"MtrElec",6,6,12,"",0,0,0,0,0,0,0,0,0,0,0,0,0,0,0,0,0,0,0,0,0,526.466,0,15.5781,-542.044
"MtrElec",6,6,13,"",0.0000156,0,0,0,0,0,0,0,0,0,0,0,0,0,0,0,0,0,0,0,0,481.535,0,196.857,-678.392
"MtrElec",6,6,14,"",0.0000156,0,0,0,0,0,0,0,0,0,0,0,0,0,0,0,0,0,0,0,0,458.636,0,222.814,-681.45
"MtrElec",6,6,15,"",0,0,0,0,0,0,0,0,0,0,0,0,0,0,0,0,0,0,0,0,0,452.624,0,174.143,-626.767
"MtrElec",6,6,16,"",0.0000078,0,0,0,0,0,0,0,0,0,0,0,0,0,0,0,0,0,0,0,0,425.746,0,122.702,-548.448
"MtrElec",6,6,17,"",0,0,0,0,0,0,0,0,0,0,0,0,0,0,0,0,0,0,0,0,0,416.755,0,4.28806,-421.043
"MtrElec",6,6,18,"",181.442,0,0,0,0,0,0,0,0,0,0,0,0,0,0,0,0,0,0,0,0,433.41,0,0,-251.968
"MtrElec",6,6,19,"",194.457,0,0,0,0,0,0,0,0,0,0,0,0,0,0,0,0,0,0,0,0,499.247,0,-223.217,-81.573
"MtrElec",6,6,20,"",104.213,0,0,0,0,0,0,0,0,0,0,0,0,0,0,0,0,0,0,0,0,338.028,0,-223.217,-10.5978
"MtrElec",6,6,21,"",107.573,0,0,0,0,0,0,0,0,0,0,0,0,0,0,0,0,0,0,0,0,325.724,0,-218.151,0
"MtrElec",6,6,22,"",303.413,0,0,0,0,0,0,0,0,0,0,0,0,0,0,0,0,0,0,0,0,303.413,0,0,0
"MtrElec",6,6,23,"",221.329,0,0,0,0,0,0,0,0,0,0,0,0,0,0,0,0,0,0,0,0,221.329,0,0,0
"MtrElec",6,6,24,"",223.343,0,0,0,0,0,0,0,0,0,0,0,0,0,0,0,0,0,0,0,0,223.343,0,0,0
"MtrElec",6,7,1,"",155.96,0,0,0,0,0,0,0,0,0,0,0,0,0,0,0,0,0,0,0,0,155.96,0,0,0
"MtrElec",6,7,2,"",144.98,0,0,0,0,0,0,0,0,0,0,0,0,0,0,0,0,0,0,0,0,144.98,0,0,0
"MtrElec",6,7,3,"",144.811,0,0,0,0,0,0,0,0,0,0,0,0,0,0,0,0,0,0,0,0,144.811,0,0,0
"MtrElec",6,7,4,"",145.411,0,0,0,0,0,0,0,0,0,0,0,0,0,0,0,0,0,0,0,0,145.411,0,0,0
"MtrElec",6,7,5,"",170.431,0,0,0,0,0,0,0,0,0,0,0,0,0,0,0,0,0,0,0,0,170.431,0,0,0
"MtrElec",6,7,6,"",178.685,0,0,0,0,0,0,0,0,0,0,0,0,0,0,0,0,0,0,0,0,178.685,0,0,0
"MtrElec",6,7,7,"",122.356,0,0,0,0,0,0,0,0,0,0,0,0,0,0,0,0,0,0,0,0,149.684,0,0,-27.3286
"MtrElec",6,7,8,"",135.487,0,0,0,0,0,0,0,0,0,0,0,0,0,0,0,0,0,0,0,0,230.235,0,0,-94.7477
"MtrElec",6,7,9,"",66.3122,0,0,0,0,0,0,0,0,0,0,0,0,0,0,0,0,0,0,0,0,237.486,0,0,-171.174
"MtrElec",6,7,10,"",107.079,0,0,0,0,0,0,0,0,0,0,0,0,0,0,0,0,0,0,0,0,333.339,0,0,-226.26
"MtrElec",6,7,11,"",43.613,0,0,0,0,0,0,0,0,0,0,0,0,0,0,0,0,0,0,0,0,435.468,0,0,-391.855
"MtrElec",6,7,12,"",0.0000156,0,0,0,0,0,0,0,0,0,0,0,0,0,0,0,0,0,0,0,0,421.399,0,165.786,-587.185
"MtrElec",6,7,13,"",-99.7997,0,0,0,0,0,0,0,0,0,0,0,0,0,0,0,0,0,0,0,0,339.138,0,223.217,-662.155
"MtrElec",6,7,14,"",-76.3048,0,0,0,0,0,0,0,0,0,0,0,0,0,0,0,0,0,0,0,0,361.243,0,223.217,-660.765
"MtrElec",6,7,15,"",-82.5216,0,0,0,0,0,0,0,0,0,0,0,0,0,0,0,0,0,0,0,0,354.17,0,186.662,-623.353
"MtrElec",6,7,16,"",-179.634,0,0,0,0,0,0,0,0,0,0,0,0,0,0,0,0,0,0,0,0,355.961,0,0,-535.595
"MtrElec",6,7,17,"",-46.8333,0,0,0,0,0,0,0,0,0,0,0,0,0,0,0,0,0,0,0,0,361.922,0,0,-408.756
"MtrElec",6,7,18,"",108.284,0,0,0,0,0,0,0,0,0,0,0,0,0,0,0,0,0,0,0,0,357.118,0,0,-248.834
"MtrElec",6,7,19,"",92.6696,0,0,0,0,0,0,0,0,0,0,0,0,0,0,0,0,0,0,0,0,397.722,0,-223.217,-81.836
"MtrElec",6,7,20,"",63.3927,0,0,0,0,0,0,0,0,0,0,0,0,0,0,0,0,0,0,0,0,297.201,0,-223.217,-10.5912
"MtrElec",6,7,21,"",53.7391,0,0,0,0,0,0,0,0,0,0,0,0,0,0,0,0,0,0,0,0,276.956,0,-223.217,0
"MtrElec",6,7,22,"",232.172,0,0,0,0,0,0,0,0,0,0,0,0,0,0,0,0,0,0,0,0,283.512,0,-51.3398,0
"MtrElec",6,7,23,"",200.024,0,0,0,0,0,0,0,0,0,0,0,0,0,0,0,0,0,0,0,0,200.024,0,0,0
"MtrElec",6,7,24,"",250.701,0,0,0,0,0,0,0,0,0,0,0,0,0,0,0,0,0,0,0,0,250.701,0,0,0
"MtrElec",6,8,1,"",165.475,0,0,0,0,0,0,0,0,0,0,0,0,0,0,0,0,0,0,0,0,165.475,0,0,0
"MtrElec",6,8,2,"",146.195,0,0,0,0,0,0,0,0,0,0,0,0,0,0,0,0,0,0,0,0,146.195,0,0,0
"MtrElec",6,8,3,"",143.138,0,0,0,0,0,0,0,0,0,0,0,0,0,0,0,0,0,0,0,0,143.138,0,0,0
"MtrElec",6,8,4,"",145.385,0,0,0,0,0,0,0,0,0,0,0,0,0,0,0,0,0,0,0,0,145.385,0,0,0
"MtrElec",6,8,5,"",144.279,0,0,0,0,0,0,0,0,0,0,0,0,0,0,0,0,0,0,0,0,144.279,0,0,0
"MtrElec",6,8,6,"",176.758,0,0,0,0,0,0,0,0,0,0,0,0,0,0,0,0,0,0,0,0,176.758,0,0,0
"MtrElec",6,8,7,"",177.994,0,0,0,0,0,0,0,0,0,0,0,0,0,0,0,0,0,0,0,0,208.235,0,0,-30.2407
"MtrElec",6,8,8,"",192.89,0,0,0,0,0,0,0,0,0,0,0,0,0,0,0,0,0,0,0,0,300.277,0,0,-107.387
"MtrElec",6,8,9,"",117.892,0,0,0,0,0,0,0,0,0,0,0,0,0,0,0,0,0,0,0,0,312.35,0,0,-194.458
"MtrElec",6,8,10,"",48.1357,0,0,0,0,0,0,0,0,0,0,0,0,0,0,0,0,0,0,0,0,411.627,0,0,-363.491
"MtrElec",6,8,11,"",0.0000078,0,0,0,0,0,0,0,0,0,0,0,0,0,0,0,0,0,0,0,0,442.23,0,100.999,-543.229
"MtrElec",6,8,12,"",-35.4758,0,0,0,0,0,0,0,0,0,0,0,0,0,0,0,0,0,0,0,0,393.28,0,223.217,-651.972
"MtrElec",6,8,13,"",0,0,0,0,0,0,0,0,0,0,0,0,0,0,0,0,0,0,0,0,0,463.983,0,218.286,-682.269
"MtrElec",6,8,14,"",-55.9913,0,0,0,0,0,0,0,0,0,0,0,0,0,0,0,0,0,0,0,0,375.622,0,223.217,-654.83
"MtrElec",6,8,15,"",-175.815,0,0,0,0,0,0,0,0,0,0,0,0,0,0,0,0,0,0,0,0,416.902,0,33.1629,-625.88
"MtrElec",6,8,16,"",-163.388,0,0,0,0,0,0,0,0,0,0,0,0,0,0,0,0,0,0,0,0,381.61,0,0,-544.998
"MtrElec",6,8,17,"",-2.51128,0,0,0,0,0,0,0,0,0,0,0,0,0,0,0,0,0,0,0,0,414.51,0,0,-417.021
"MtrElec",6,8,18,"",219.61,0,0,0,0,0,0,0,0,0,0,0,0,0,0,0,0,0,0,0,0,472.506,0,0,-252.896
"MtrElec",6,8,19,"",131.236,0,0,0,0,0,0,0,0,0,0,0,0,0,0,0,0,0,0,0,0,438.126,0,-223.217,-83.6729
"MtrElec",6,8,20,"",188.939,0,0,0,0,0,0,0,0,0,0,0,0,0,0,0,0,0,0,0,0,423.375,0,-223.217,-11.2192
"MtrElec",6,8,21,"",169.981,0,0,0,0,0,0,0,0,0,0,0,0,0,0,0,0,0,0,0,0,393.198,0,-223.217,0
"MtrElec",6,8,22,"",236.285,0,0,0,0,0,0,0,0,0,0,0,0,0,0,0,0,0,0,0,0,287.625,0,-51.3398,0
"MtrElec",6,8,23,"",199.564,0,0,0,0,0,0,0,0,0,0,0,0,0,0,0,0,0,0,0,0,199.564,0,0,0
"MtrElec",6,8,24,"",222.397,0,0,0,0,0,0,0,0,0,0,0,0,0,0,0,0,0,0,0,0,222.397,0,0,0
"MtrElec",6,9,1,"",171.143,0,0,0,0,0,0,0,0,0,0,0,0,0,0,0,0,0,0,0,0,171.143,0,0,0
"MtrElec",6,9,2,"",145.505,0,0,0,0,0,0,0,0,0,0,0,0,0,0,0,0,0,0,0,0,145.505,0,0,0
"MtrElec",6,9,3,"",142.626,0,0,0,0,0,0,0,0,0,0,0,0,0,0,0,0,0,0,0,0,142.626,0,0,0
"MtrElec",6,9,4,"",145.264,0,0,0,0,0,0,0,0,0,0,0,0,0,0,0,0,0,0,0,0,145.264,0,0,0
"MtrElec",6,9,5,"",144.09,0,0,0,0,0,0,0,0,0,0,0,0,0,0,0,0,0,0,0,0,144.09,0,0,0
"MtrElec",6,9,6,"",168.405,0,0,0,0,0,0,0,0,0,0,0,0,0,0,0,0,0,0,0,0,168.405,0,0,0
"MtrElec",6,9,7,"",207.209,0,0,0,0,0,0,0,0,0,0,0,0,0,0,0,0,0,0,0,0,241.141,0,0,-33.9326
"MtrElec",6,9,8,"",179.127,0,0,0,0,0,0,0,0,0,0,0,0,0,0,0,0,0,0,0,0,305.55,0,0,-126.423
"MtrElec",6,9,9,"",118.123,0,0,0,0,0,0,0,0,0,0,0,0,0,0,0,0,0,0,0,0,304.783,0,0,-186.66
"MtrElec",6,9,10,"",322.333,0,0,0,0,0,0,0,0,0,0,0,0,0,0,0,0,0,0,0,0,432.741,0,0,-110.408
"MtrElec",6,9,11,"",205.847,0,0,0,0,0,0,0,0,0,0,0,0,0,0,0,0,0,0,0,0,417.799,0,0,-211.953
"MtrElec",6,9,12,"",68.0505,0,0,0,0,0,0,0,0,0,0,0,0,0,0,0,0,0,0,0,0,392.171,0,0,-324.12
"MtrElec",6,9,13,"",0.0000010,0,0,0,0,0,0,0,0,0,0,0,0,0,0,0,0,0,0,0,0,409.73,0,13.871,-423.601
"MtrElec",6,9,14,"",0,0,0,0,0,0,0,0,0,0,0,0,0,0,0,0,0,0,0,0,0,366.989,0,218.93,-585.919
"MtrElec",6,9,15,"",0,0,0,0,0,0,0,0,0,0,0,0,0,0,0,0,0,0,0,0,0,408.617,0,133.147,-541.764
"MtrElec",6,9,16,"",0,0,0,0,0,0,0,0,0,0,0,0,0,0,0,0,0,0,0,0,0,387.936,0,80.2152,-468.152
"MtrElec",6,9,17,"",128.83,0,0,0,0,0,0,0,0,0,0,0,0,0,0,0,0,0,0,0,0,438.521,0,0,-309.691
"MtrElec",6,9,18,"",376.331,0,0,0,0,0,0,0,0,0,0,0,0,0,0,0,0,0,0,0,0,482.197,0,0,-105.866
"MtrElec",6,9,19,"",113.745,0,0,0,0,0,0,0,0,0,0,0,0,0,0,0,0,0,0,0,0,417.847,0,-223.217,-80.8854
"MtrElec",6,9,20,"",222.409,0,0,0,0,0,0,0,0,0,0,0,0,0,0,0,0,0,0,0,0,414.807,0,-179.445,-12.9528
"MtrElec",6,9,21,"",433.625,0,0,0,0,0,0,0,0,0,0,0,0,0,0,0,0,0,0,0,0,433.625,0,0,0
"MtrElec",6,9,22,"",270.124,0,0,0,0,0,0,0,0,0,0,0,0,0,0,0,0,0,0,0,0,270.124,0,0,0
"MtrElec",6,9,23,"",226.5,0,0,0,0,0,0,0,0,0,0,0,0,0,0,0,0,0,0,0,0,226.5,0,0,0
"MtrElec",6,9,24,"",176.551,0,0,0,0,0,0,0,0,0,0,0,0,0,0,0,0,0,0,0,0,176.551,0,0,0
"MtrElec",6,10,1,"",152.639,0,0,0,0,0,0,0,0,0,0,0,0,0,0,0,0,0,0,0,0,152.639,0,0,0
"MtrElec",6,10,2,"",150.875,0,0,0,0,0,0,0,0,0,0,0,0,0,0,0,0,0,0,0,0,150.875,0,0,0
"MtrElec",6,10,3,"",181.539,0,0,0,0,0,0,0,0,0,0,0,0,0,0,0,0,0,0,0,0,181.539,0,0,0
"MtrElec",6,10,4,"",148.122,0,0,0,0,0,0,0,0,0,0,0,0,0,0,0,0,0,0,0,0,148.122,0,0,0
"MtrElec",6,10,5,"",140.736,0,0,0,0,0,0,0,0,0,0,0,0,0,0,0,0,0,0,0,0,140.736,0,0,0
"MtrElec",6,10,6,"",145.61,0,0,0,0,0,0,0,0,0,0,0,0,0,0,0,0,0,0,0,0,145.61,0,0,0
"MtrElec",6,10,7,"",234.949,0,0,0,0,0,0,0,0,0,0,0,0,0,0,0,0,0,0,0,0,238.324,0,0,-3.3751
"MtrElec",6,10,8,"",268.463,0,0,0,0,0,0,0,0,0,0,0,0,0,0,0,0,0,0,0,0,290.212,0,0,-21.7488
"MtrElec",6,10,9,"",286.087,0,0,0,0,0,0,0,0,0,0,0,0,0,0,0,0,0,0,0,0,344.029,0,0,-57.9422
"MtrElec",6,10,10,"",252.449,0,0,0,0,0,0,0,0,0,0,0,0,0,0,0,0,0,0,0,0,379.232,0,0,-126.783
"MtrElec",6,10,11,"",124.981,0,0,0,0,0,0,0,0,0,0,0,0,0,0,0,0,0,0,0,0,420.195,0,0,-295.214
"MtrElec",6,10,12,"",0.0000039,0,0,0,0,0,0,0,0,0,0,0,0,0,0,0,0,0,0,0,0,451.767,0,63.5521,-515.319
"MtrElec",6,10,13,"",0.0000078,0,0,0,0,0,0,0,0,0,0,0,0,0,0,0,0,0,0,0,0,440.913,0,123.961,-564.875
"MtrElec",6,10,14,"",0,0,0,0,0,0,0,0,0,0,0,0,0,0,0,0,0,0,0,0,0,414.534,0,177.908,-592.442
"MtrElec",6,10,15,"",0,0,0,0,0,0,0,0,0,0,0,0,0,0,0,0,0,0,0,0,0,395.126,0,172.309,-567.435
"MtrElec",6,10,16,"",0,0,0,0,0,0,0,0,0,0,0,0,0,0,0,0,0,0,0,0,0,454.886,0,65.5932,-520.479
"MtrElec",6,10,17,"",115.119,0,0,0,0,0,0,0,0,0,0,0,0,0,0,0,0,0,0,0,0,491.539,0,0,-376.421
"MtrElec",6,10,18,"",245.328,0,0,0,0,0,0,0,0,0,0,0,0,0,0,0,0,0,0,0,0,460.151,0,0,-214.823
"MtrElec",6,10,19,"",127.724,0,0,0,0,0,0,0,0,0,0,0,0,0,0,0,0,0,0,0,0,437.464,0,-223.217,-86.5227
"MtrElec",6,10,20,"",214.831,0,0,0,0,0,0,0,0,0,0,0,0,0,0,0,0,0,0,0,0,450.88,0,-223.217,-12.8328
"MtrElec",6,10,21,"",326.203,0,0,0,0,0,0,0,0,0,0,0,0,0,0,0,0,0,0,0,0,424.269,0,-98.0661,0
"MtrElec",6,10,22,"",286.373,0,0,0,0,0,0,0,0,0,0,0,0,0,0,0,0,0,0,0,0,286.373,0,0,0
"MtrElec",6,10,23,"",295.783,0,0,0,0,0,0,0,0,0,0,0,0,0,0,0,0,0,0,0,0,295.783,0,0,0
"MtrElec",6,10,24,"",212.252,0,0,0,0,0,0,0,0,0,0,0,0,0,0,0,0,0,0,0,0,212.252,0,0,0
"MtrElec",6,11,1,"",164.383,0,0,0,0,0,0,0,0,0,0,0,0,0,0,0,0,0,0,0,0,164.383,0,0,0
"MtrElec",6,11,2,"",170.807,0,0,0,0,0,0,0,0,0,0,0,0,0,0,0,0,0,0,0,0,170.807,0,0,0
"MtrElec",6,11,3,"",149.775,0,0,0,0,0,0,0,0,0,0,0,0,0,0,0,0,0,0,0,0,149.775,0,0,0
"MtrElec",6,11,4,"",141.283,0,0,0,0,0,0,0,0,0,0,0,0,0,0,0,0,0,0,0,0,141.283,0,0,0
"MtrElec",6,11,5,"",139.211,0,0,0,0,0,0,0,0,0,0,0,0,0,0,0,0,0,0,0,0,139.211,0,0,0
"MtrElec",6,11,6,"",155.612,0,0,0,0,0,0,0,0,0,0,0,0,0,0,0,0,0,0,0,0,155.612,0,0,0
"MtrElec",6,11,7,"",239.149,0,0,0,0,0,0,0,0,0,0,0,0,0,0,0,0,0,0,0,0,260.172,0,0,-21.0225
"MtrElec",6,11,8,"",228.285,0,0,0,0,0,0,0,0,0,0,0,0,0,0,0,0,0,0,0,0,303.163,0,0,-74.878
"MtrElec",6,11,9,"",231.212,0,0,0,0,0,0,0,0,0,0,0,0,0,0,0,0,0,0,0,0,368.695,0,0,-137.483
"MtrElec",6,11,10,"",310.48,0,0,0,0,0,0,0,0,0,0,0,0,0,0,0,0,0,0,0,0,441.367,0,0,-130.888
"MtrElec",6,11,11,"",321.833,0,0,0,0,0,0,0,0,0,0,0,0,0,0,0,0,0,0,0,0,409,0,0,-87.1663
"MtrElec",6,11,12,"",287.112,0,0,0,0,0,0,0,0,0,0,0,0,0,0,0,0,0,0,0,0,398.968,0,0,-111.856
"MtrElec",6,11,13,"",349.813,0,0,0,0,0,0,0,0,0,0,0,0,0,0,0,0,0,0,0,0,451.419,0,0,-101.607
"MtrElec",6,11,14,"",295.289,0,0,0,0,0,0,0,0,0,0,0,0,0,0,0,0,0,0,0,0,385.357,0,0,-90.0681
"MtrElec",6,11,15,"",269.832,0,0,0,0,0,0,0,0,0,0,0,0,0,0,0,0,0,0,0,0,368.678,0,0,-98.8461
"MtrElec",6,11,16,"",307.723,0,0,0,0,0,0,0,0,0,0,0,0,0,0,0,0,0,0,0,0,388.554,0,0,-80.8309
"MtrElec",6,11,17,"",333.94,0,0,0,0,0,0,0,0,0,0,0,0,0,0,0,0,0,0,0,0,395.481,0,0,-61.5407
"MtrElec",6,11,18,"",341.667,0,0,0,0,0,0,0,0,0,0,0,0,0,0,0,0,0,0,0,0,417.312,0,0,-75.645
"MtrElec",6,11,19,"",341.125,0,0,0,0,0,0,0,0,0,0,0,0,0,0,0,0,0,0,0,0,417.96,0,0,-76.8353
"MtrElec",6,11,20,"",402.681,0,0,0,0,0,0,0,0,0,0,0,0,0,0,0,0,0,0,0,0,416.206,0,0,-13.5248
"MtrElec",6,11,21,"",469.841,0,0,0,0,0,0,0,0,0,0,0,0,0,0,0,0,0,0,0,0,469.841,0,0,0
"MtrElec",6,11,22,"",257.79,0,0,0,0,0,0,0,0,0,0,0,0,0,0,0,0,0,0,0,0,257.79,0,0,0
"MtrElec",6,11,23,"",299.706,0,0,0,0,0,0,0,0,0,0,0,0,0,0,0,0,0,0,0,0,299.706,0,0,0
"MtrElec",6,11,24,"",219.829,0,0,0,0,0,0,0,0,0,0,0,0,0,0,0,0,0,0,0,0,219.829,0,0,0
"MtrElec",6,12,1,"",208.253,0,0,0,0,0,0,0,0,0,0,0,0,0,0,0,0,0,0,0,0,208.253,0,0,0
"MtrElec",6,12,2,"",151.286,0,0,0,0,0,0,0,0,0,0,0,0,0,0,0,0,0,0,0,0,151.286,0,0,0
"MtrElec",6,12,3,"",141.647,0,0,0,0,0,0,0,0,0,0,0,0,0,0,0,0,0,0,0,0,141.647,0,0,0
"MtrElec",6,12,4,"",142.272,0,0,0,0,0,0,0,0,0,0,0,0,0,0,0,0,0,0,0,0,142.272,0,0,0
"MtrElec",6,12,5,"",138.347,0,0,0,0,0,0,0,0,0,0,0,0,0,0,0,0,0,0,0,0,138.347,0,0,0
"MtrElec",6,12,6,"",164.165,0,0,0,0,0,0,0,0,0,0,0,0,0,0,0,0,0,0,0,0,164.165,0,0,0
"MtrElec",6,12,7,"",210.959,0,0,0,0,0,0,0,0,0,0,0,0,0,0,0,0,0,0,0,0,217.293,0,0,-6.33413
"MtrElec",6,12,8,"",277.233,0,0,0,0,0,0,0,0,0,0,0,0,0,0,0,0,0,0,0,0,307.171,0,0,-29.9382
"MtrElec",6,12,9,"",304.246,0,0,0,0,0,0,0,0,0,0,0,0,0,0,0,0,0,0,0,0,361.134,0,0,-56.8878
"MtrElec",6,12,10,"",288.398,0,0,0,0,0,0,0,0,0,0,0,0,0,0,0,0,0,0,0,0,393.133,0,0,-104.735
"MtrElec",6,12,11,"",215.303,0,0,0,0,0,0,0,0,0,0,0,0,0,0,0,0,0,0,0,0,368.156,0,0,-152.853
"MtrElec",6,12,12,"",214.364,0,0,0,0,0,0,0,0,0,0,0,0,0,0,0,0,0,0,0,0,395.972,0,0,-181.608
"MtrElec",6,12,13,"",33.1972,0,0,0,0,0,0,0,0,0,0,0,0,0,0,0,0,0,0,0,0,425.852,0,0,-392.655
"MtrElec",6,12,14,"",0,0,0,0,0,0,0,0,0,0,0,0,0,0,0,0,0,0,0,0,0,375.55,0,12.2968,-387.847
"MtrElec",6,12,15,"",0,0,0,0,0,0,0,0,0,0,0,0,0,0,0,0,0,0,0,0,0,383.327,0,80.6388,-463.965
"MtrElec",6,12,16,"",0,0,0,0,0,0,0,0,0,0,0,0,0,0,0,0,0,0,0,0,0,368.774,0,148.958,-517.732
"MtrElec",6,12,17,"",0,0,0,0,0,0,0,0,0,0,0,0,0,0,0,0,0,0,0,0,0,396.842,0,17.4194,-414.262
"MtrElec",6,12,18,"",217.274,0,0,0,0,0,0,0,0,0,0,0,0,0,0,0,0,0,0,0,0,459.312,0,0,-242.037
"MtrElec",6,12,19,"",143.389,0,0,0,0,0,0,0,0,0,0,0,0,0,0,0,0,0,0,0,0,450.273,0,-223.217,-83.6667
"MtrElec",6,12,20,"",377.209,0,0,0,0,0,0,0,0,0,0,0,0,0,0,0,0,0,0,0,0,398.473,0,-10.8131,-10.4513
"MtrElec",6,12,21,"",377.557,0,0,0,0,0,0,0,0,0,0,0,0,0,0,0,0,0,0,0,0,377.557,0,0,0
"MtrElec",6,12,22,"",256.82,0,0,0,0,0,0,0,0,0,0,0,0,0,0,0,0,0,0,0,0,256.82,0,0,0
"MtrElec",6,12,23,"",299.602,0,0,0,0,0,0,0,0,0,0,0,0,0,0,0,0,0,0,0,0,299.602,0,0,0
"MtrElec",6,12,24,"",207.301,0,0,0,0,0,0,0,0,0,0,0,0,0,0,0,0,0,0,0,0,207.301,0,0,0
"MtrElec",6,13,1,"",153.094,0,0,0,0,0,0,0,0,0,0,0,0,0,0,0,0,0,0,0,0,153.094,0,0,0
"MtrElec",6,13,2,"",147.496,0,0,0,0,0,0,0,0,0,0,0,0,0,0,0,0,0,0,0,0,147.496,0,0,0
"MtrElec",6,13,3,"",144.422,0,0,0,0,0,0,0,0,0,0,0,0,0,0,0,0,0,0,0,0,144.422,0,0,0
"MtrElec",6,13,4,"",183.076,0,0,0,0,0,0,0,0,0,0,0,0,0,0,0,0,0,0,0,0,183.076,0,0,0
"MtrElec",6,13,5,"",172.915,0,0,0,0,0,0,0,0,0,0,0,0,0,0,0,0,0,0,0,0,172.915,0,0,0
"MtrElec",6,13,6,"",147.357,0,0,0,0,0,0,0,0,0,0,0,0,0,0,0,0,0,0,0,0,147.357,0,0,0
"MtrElec",6,13,7,"",144.543,0,0,0,0,0,0,0,0,0,0,0,0,0,0,0,0,0,0,0,0,168.181,0,0,-23.6375
"MtrElec",6,13,8,"",176.574,0,0,0,0,0,0,0,0,0,0,0,0,0,0,0,0,0,0,0,0,260.264,0,0,-83.6899
"MtrElec",6,13,9,"",119.193,0,0,0,0,0,0,0,0,0,0,0,0,0,0,0,0,0,0,0,0,275.322,0,0,-156.13
"MtrElec",6,13,10,"",169.774,0,0,0,0,0,0,0,0,0,0,0,0,0,0,0,0,0,0,0,0,383.463,0,0,-213.689
"MtrElec",6,13,11,"",175.486,0,0,0,0,0,0,0,0,0,0,0,0,0,0,0,0,0,0,0,0,448.243,0,0,-272.757
"MtrElec",6,13,12,"",80.6019,0,0,0,0,0,0,0,0,0,0,0,0,0,0,0,0,0,0,0,0,497.398,0,0,-416.796
"MtrElec",6,13,13,"",0.0000039,0,0,0,0,0,0,0,0,0,0,0,0,0,0,0,0,0,0,0,0,476.775,0,60.307,-537.082
"MtrElec",6,13,14,"",-37.7949,0,0,0,0,0,0,0,0,0,0,0,0,0,0,0,0,0,0,0,0,410.968,0,223.217,-671.98
"MtrElec",6,13,15,"",0.0000156,0,0,0,0,0,0,0,0,0,0,0,0,0,0,0,0,0,0,0,0,440.084,0,187.983,-628.067
"MtrElec",6,13,16,"",0,0,0,0,0,0,0,0,0,0,0,0,0,0,0,0,0,0,0,0,0,444.431,0,98.9918,-543.423
"MtrElec",6,13,17,"",2.18178,0,0,0,0,0,0,0,0,0,0,0,0,0,0,0,0,0,0,0,0,419.659,0,0,-417.477
"MtrElec",6,13,18,"",195.722,0,0,0,0,0,0,0,0,0,0,0,0,0,0,0,0,0,0,0,0,448.847,0,0,-253.125
"MtrElec",6,13,19,"",195.155,0,0,0,0,0,0,0,0,0,0,0,0,0,0,0,0,0,0,0,0,505.648,0,-223.217,-87.2761
"MtrElec",6,13,20,"",148.369,0,0,0,0,0,0,0,0,0,0,0,0,0,0,0,0,0,0,0,0,384.651,0,-223.217,-13.0649
"MtrElec",6,13,21,"",270.282,0,0,0,0,0,0,0,0,0,0,0,0,0,0,0,0,0,0,0,0,338.724,0,-68.4416,0
"MtrElec",6,13,22,"",296.86,0,0,0,0,0,0,0,0,0,0,0,0,0,0,0,0,0,0,0,0,296.86,0,0,0
"MtrElec",6,13,23,"",236.13,0,0,0,0,0,0,0,0,0,0,0,0,0,0,0,0,0,0,0,0,236.13,0,0,0
"MtrElec",6,13,24,"",195.292,0,0,0,0,0,0,0,0,0,0,0,0,0,0,0,0,0,0,0,0,195.292,0,0,0
"MtrElec",6,14,1,"",164.354,0,0,0,0,0,0,0,0,0,0,0,0,0,0,0,0,0,0,0,0,164.354,0,0,0
"MtrElec",6,14,2,"",146.056,0,0,0,0,0,0,0,0,0,0,0,0,0,0,0,0,0,0,0,0,146.056,0,0,0
"MtrElec",6,14,3,"",149.604,0,0,0,0,0,0,0,0,0,0,0,0,0,0,0,0,0,0,0,0,149.604,0,0,0
"MtrElec",6,14,4,"",145.419,0,0,0,0,0,0,0,0,0,0,0,0,0,0,0,0,0,0,0,0,145.419,0,0,0
"MtrElec",6,14,5,"",162.917,0,0,0,0,0,0,0,0,0,0,0,0,0,0,0,0,0,0,0,0,162.917,0,0,0
"MtrElec",6,14,6,"",146.174,0,0,0,0,0,0,0,0,0,0,0,0,0,0,0,0,0,0,0,0,146.174,0,0,0
"MtrElec",6,14,7,"",170.413,0,0,0,0,0,0,0,0,0,0,0,0,0,0,0,0,0,0,0,0,179.73,0,0,-9.31767
"MtrElec",6,14,8,"",166.897,0,0,0,0,0,0,0,0,0,0,0,0,0,0,0,0,0,0,0,0,205.024,0,0,-38.1274
"MtrElec",6,14,9,"",196.274,0,0,0,0,0,0,0,0,0,0,0,0,0,0,0,0,0,0,0,0,267.347,0,0,-71.0724
"MtrElec",6,14,10,"",187.818,0,0,0,0,0,0,0,0,0,0,0,0,0,0,0,0,0,0,0,0,298.95,0,0,-111.131
"MtrElec",6,14,11,"",255.9,0,0,0,0,0,0,0,0,0,0,0,0,0,0,0,0,0,0,0,0,415.745,0,0,-159.846
"MtrElec",6,14,12,"",60.2506,0,0,0,0,0,0,0,0,0,0,0,0,0,0,0,0,0,0,0,0,313.741,0,0,-253.491
"MtrElec",6,14,13,"",0.0000078,0,0,0,0,0,0,0,0,0,0,0,0,0,0,0,0,0,0,0,0,376.864,0,70.7235,-447.587
"MtrElec",6,14,14,"",-121.988,0,0,0,0,0,0,0,0,0,0,0,0,0,0,0,0,0,0,0,0,312.414,0,223.217,-657.619
"MtrElec",6,14,15,"",-93.8519,0,0,0,0,0,0,0,0,0,0,0,0,0,0,0,0,0,0,0,0,327.934,0,223.217,-645.003
"MtrElec",6,14,16,"",0.0000156,0,0,0,0,0,0,0,0,0,0,0,0,0,0,0,0,0,0,0,0,324.329,0,221.531,-545.86
"MtrElec",6,14,17,"",-69.3038,0,0,0,0,0,0,0,0,0,0,0,0,0,0,0,0,0,0,0,0,297.115,0,60.1928,-426.612
"MtrElec",6,14,18,"",113.002,0,0,0,0,0,0,0,0,0,0,0,0,0,0,0,0,0,0,0,0,373.916,0,0,-260.914
"MtrElec",6,14,19,"",87.5377,0,0,0,0,0,0,0,0,0,0,0,0,0,0,0,0,0,0,0,0,398.401,0,-223.217,-87.6469
"MtrElec",6,14,20,"",53.3181,0,0,0,0,0,0,0,0,0,0,0,0,0,0,0,0,0,0,0,0,288.935,0,-223.217,-12.3999
"MtrElec",6,14,21,"",27.8709,0,0,0,0,0,0,0,0,0,0,0,0,0,0,0,0,0,0,0,0,251.088,0,-223.217,0
"MtrElec",6,14,22,"",176.76,0,0,0,0,0,0,0,0,0,0,0,0,0,0,0,0,0,0,0,0,228.1,0,-51.3398,0
"MtrElec",6,14,23,"",224.061,0,0,0,0,0,0,0,0,0,0,0,0,0,0,0,0,0,0,0,0,224.061,0,0,0
"MtrElec",6,14,24,"",191.64,0,0,0,0,0,0,0,0,0,0,0,0,0,0,0,0,0,0,0,0,191.64,0,0,0
"MtrElec",6,15,1,"",153.75,0,0,0,0,0,0,0,0,0,0,0,0,0,0,0,0,0,0,0,0,153.75,0,0,0
"MtrElec",6,15,2,"",148.942,0,0,0,0,0,0,0,0,0,0,0,0,0,0,0,0,0,0,0,0,148.942,0,0,0
"MtrElec",6,15,3,"",177.408,0,0,0,0,0,0,0,0,0,0,0,0,0,0,0,0,0,0,0,0,177.408,0,0,0
"MtrElec",6,15,4,"",142.46,0,0,0,0,0,0,0,0,0,0,0,0,0,0,0,0,0,0,0,0,142.46,0,0,0
"MtrElec",6,15,5,"",137.678,0,0,0,0,0,0,0,0,0,0,0,0,0,0,0,0,0,0,0,0,137.678,0,0,0
"MtrElec",6,15,6,"",155.503,0,0,0,0,0,0,0,0,0,0,0,0,0,0,0,0,0,0,0,0,155.503,0,0,0
"MtrElec",6,15,7,"",219.726,0,0,0,0,0,0,0,0,0,0,0,0,0,0,0,0,0,0,0,0,233.457,0,0,-13.7302
"MtrElec",6,15,8,"",245.243,0,0,0,0,0,0,0,0,0,0,0,0,0,0,0,0,0,0,0,0,295.445,0,0,-50.2019
"MtrElec",6,15,9,"",295.078,0,0,0,0,0,0,0,0,0,0,0,0,0,0,0,0,0,0,0,0,382.235,0,0,-87.1566
"MtrElec",6,15,10,"",336.37,0,0,0,0,0,0,0,0,0,0,0,0,0,0,0,0,0,0,0,0,447.079,0,0,-110.709
"MtrElec",6,15,11,"",160.602,0,0,0,0,0,0,0,0,0,0,0,0,0,0,0,0,0,0,0,0,387.281,0,0,-226.679
"MtrElec",6,15,12,"",182.898,0,0,0,0,0,0,0,0,0,0,0,0,0,0,0,0,0,0,0,0,447.042,0,0,-264.144
"MtrElec",6,15,13,"",153.73,0,0,0,0,0,0,0,0,0,0,0,0,0,0,0,0,0,0,0,0,464.447,0,0,-310.717
"MtrElec",6,15,14,"",0.0000156,0,0,0,0,0,0,0,0,0,0,0,0,0,0,0,0,0,0,0,0,393.877,0,216.904,-610.781
"MtrElec",6,15,15,"",-31.3704,0,0,0,0,0,0,0,0,0,0,0,0,0,0,0,0,0,0,0,0,383.088,0,223.217,-637.675
"MtrElec",6,15,16,"",0,0,0,0,0,0,0,0,0,0,0,0,0,0,0,0,0,0,0,0,0,409.935,0,132.197,-542.131
"MtrElec",6,15,17,"",0.0000010,0,0,0,0,0,0,0,0,0,0,0,0,0,0,0,0,0,0,0,0,407.409,0,10.8119,-418.221
"MtrElec",6,15,18,"",202.332,0,0,0,0,0,0,0,0,0,0,0,0,0,0,0,0,0,0,0,0,458.653,0,0,-256.321
"MtrElec",6,15,19,"",122.363,0,0,0,0,0,0,0,0,0,0,0,0,0,0,0,0,0,0,0,0,431.912,0,-223.217,-86.3319
"MtrElec",6,15,20,"",160.699,0,0,0,0,0,0,0,0,0,0,0,0,0,0,0,0,0,0,0,0,394.924,0,-223.217,-11.009
"MtrElec",6,15,21,"",353.9,0,0,0,0,0,0,0,0,0,0,0,0,0,0,0,0,0,0,0,0,433.741,0,-79.8408,0
"MtrElec",6,15,22,"",293.283,0,0,0,0,0,0,0,0,0,0,0,0,0,0,0,0,0,0,0,0,293.283,0,0,0
"MtrElec",6,15,23,"",281.506,0,0,0,0,0,0,0,0,0,0,0,0,0,0,0,0,0,0,0,0,281.506,0,0,0
"MtrElec",6,15,24,"",183.66,0,0,0,0,0,0,0,0,0,0,0,0,0,0,0,0,0,0,0,0,183.66,0,0,0
"MtrElec",6,16,1,"",167.945,0,0,0,0,0,0,0,0,0,0,0,0,0,0,0,0,0,0,0,0,167.945,0,0,0
"MtrElec",6,16,2,"",147.269,0,0,0,0,0,0,0,0,0,0,0,0,0,0,0,0,0,0,0,0,147.269,0,0,0
"MtrElec",6,16,3,"",141.97,0,0,0,0,0,0,0,0,0,0,0,0,0,0,0,0,0,0,0,0,141.97,0,0,0
"MtrElec",6,16,4,"",142.686,0,0,0,0,0,0,0,0,0,0,0,0,0,0,0,0,0,0,0,0,142.686,0,0,0
"MtrElec",6,16,5,"",141.908,0,0,0,0,0,0,0,0,0,0,0,0,0,0,0,0,0,0,0,0,141.908,0,0,0
"MtrElec",6,16,6,"",164.629,0,0,0,0,0,0,0,0,0,0,0,0,0,0,0,0,0,0,0,0,164.629,0,0,0
"MtrElec",6,16,7,"",184.933,0,0,0,0,0,0,0,0,0,0,0,0,0,0,0,0,0,0,0,0,209.022,0,0,-24.0891
"MtrElec",6,16,8,"",139.646,0,0,0,0,0,0,0,0,0,0,0,0,0,0,0,0,0,0,0,0,274.095,0,0,-134.448
"MtrElec",6,16,9,"",48.7733,0,0,0,0,0,0,0,0,0,0,0,0,0,0,0,0,0,0,0,0,356.357,0,0,-307.584
"MtrElec",6,16,10,"",-23.7532,0,0,0,0,0,0,0,0,0,0,0,0,0,0,0,0,0,0,0,0,427.343,0,0,-451.096
"MtrElec",6,16,11,"",0.0000078,0,0,0,0,0,0,0,0,0,0,0,0,0,0,0,0,0,0,0,0,449.751,0,110.173,-559.924
"MtrElec",6,16,12,"",-3.87928,0,0,0,0,0,0,0,0,0,0,0,0,0,0,0,0,0,0,0,0,420.065,0,223.217,-647.161
"MtrElec",6,16,13,"",-54.8056,0,0,0,0,0,0,0,0,0,0,0,0,0,0,0,0,0,0,0,0,411.999,0,223.217,-690.021
"MtrElec",6,16,14,"",-69.3263,0,0,0,0,0,0,0,0,0,0,0,0,0,0,0,0,0,0,0,0,394.75,0,223.217,-687.294
"MtrElec",6,16,15,"",-242.516,0,0,0,0,0,0,0,0,0,0,0,0,0,0,0,0,0,0,0,0,377.666,0,19.0581,-639.24
"MtrElec",6,16,16,"",-121.686,0,0,0,0,0,0,0,0,0,0,0,0,0,0,0,0,0,0,0,0,424.989,0,0,-546.675
"MtrElec",6,16,17,"",47.1787,0,0,0,0,0,0,0,0,0,0,0,0,0,0,0,0,0,0,0,0,460.625,0,0,-413.447
"MtrElec",6,16,18,"",183.176,0,0,0,0,0,0,0,0,0,0,0,0,0,0,0,0,0,0,0,0,432.049,0,0,-248.872
"MtrElec",6,16,19,"",169.212,0,0,0,0,0,0,0,0,0,0,0,0,0,0,0,0,0,0,0,0,482.763,0,-223.217,-90.3341
"MtrElec",6,16,20,"",163.055,0,0,0,0,0,0,0,0,0,0,0,0,0,0,0,0,0,0,0,0,401.384,0,-223.217,-15.1116
"MtrElec",6,16,21,"",203.884,0,0,0,0,0,0,0,0,0,0,0,0,0,0,0,0,0,0,0,0,427.101,0,-223.217,0
"MtrElec",6,16,22,"",234.792,0,0,0,0,0,0,0,0,0,0,0,0,0,0,0,0,0,0,0,0,286.132,0,-51.3398,0
"MtrElec",6,16,23,"",229.762,0,0,0,0,0,0,0,0,0,0,0,0,0,0,0,0,0,0,0,0,229.762,0,0,0
"MtrElec",6,16,24,"",177.293,0,0,0,0,0,0,0,0,0,0,0,0,0,0,0,0,0,0,0,0,177.293,0,0,0
"MtrElec",6,17,1,"",159.501,0,0,0,0,0,0,0,0,0,0,0,0,0,0,0,0,0,0,0,0,159.501,0,0,0
"MtrElec",6,17,2,"",147.585,0,0,0,0,0,0,0,0,0,0,0,0,0,0,0,0,0,0,0,0,147.585,0,0,0
"MtrElec",6,17,3,"",175.811,0,0,0,0,0,0,0,0,0,0,0,0,0,0,0,0,0,0,0,0,175.811,0,0,0
"MtrElec",6,17,4,"",149.843,0,0,0,0,0,0,0,0,0,0,0,0,0,0,0,0,0,0,0,0,149.843,0,0,0
"MtrElec",6,17,5,"",140.639,0,0,0,0,0,0,0,0,0,0,0,0,0,0,0,0,0,0,0,0,140.639,0,0,0
"MtrElec",6,17,6,"",149.763,0,0,0,0,0,0,0,0,0,0,0,0,0,0,0,0,0,0,0,0,149.763,0,0,0
"MtrElec",6,17,7,"",205.865,0,0,0,0,0,0,0,0,0,0,0,0,0,0,0,0,0,0,0,0,231.604,0,0,-25.739
"MtrElec",6,17,8,"",175.299,0,0,0,0,0,0,0,0,0,0,0,0,0,0,0,0,0,0,0,0,309,0,0,-133.701
"MtrElec",6,17,9,"",87.9691,0,0,0,0,0,0,0,0,0,0,0,0,0,0,0,0,0,0,0,0,384.35,0,0,-296.381
"MtrElec",6,17,10,"",14.2393,0,0,0,0,0,0,0,0,0,0,0,0,0,0,0,0,0,0,0,0,455.2,0,0,-440.961
"MtrElec",6,17,11,"",0,0,0,0,0,0,0,0,0,0,0,0,0,0,0,0,0,0,0,0,0,478.546,0,78.7387,-557.284
"MtrElec",6,17,12,"",0,0,0,0,0,0,0,0,0,0,0,0,0,0,0,0,0,0,0,0,0,498.616,0,133.763,-632.379
"MtrElec",6,17,13,"",0,0,0,0,0,0,0,0,0,0,0,0,0,0,0,0,0,0,0,0,0,555.302,0,96.8629,-652.165
"MtrElec",6,17,14,"",0,0,0,0,0,0,0,0,0,0,0,0,0,0,0,0,0,0,0,0,0,445.66,0,213.794,-659.453
"MtrElec",6,17,15,"",0,0,0,0,0,0,0,0,0,0,0,0,0,0,0,0,0,0,0,0,0,417.329,0,212.422,-629.751
"MtrElec",6,17,16,"",0,0,0,0,0,0,0,0,0,0,0,0,0,0,0,0,0,0,0,0,0,500.383,0,47.9327,-548.316
"MtrElec",6,17,17,"",86.1731,0,0,0,0,0,0,0,0,0,0,0,0,0,0,0,0,0,0,0,0,506.478,0,0,-420.305
"MtrElec",6,17,18,"",283.237,0,0,0,0,0,0,0,0,0,0,0,0,0,0,0,0,0,0,0,0,539.899,0,0,-256.662
"MtrElec",6,17,19,"",233.807,0,0,0,0,0,0,0,0,0,0,0,0,0,0,0,0,0,0,0,0,544.243,0,-223.217,-87.2198
"MtrElec",6,17,20,"",240.277,0,0,0,0,0,0,0,0,0,0,0,0,0,0,0,0,0,0,0,0,476.12,0,-223.217,-12.6265
"MtrElec",6,17,21,"",212.476,0,0,0,0,0,0,0,0,0,0,0,0,0,0,0,0,0,0,0,0,435.693,0,-223.217,0
"MtrElec",6,17,22,"",298.773,0,0,0,0,0,0,0,0,0,0,0,0,0,0,0,0,0,0,0,0,336.243,0,-37.4702,0
"MtrElec",6,17,23,"",270.511,0,0,0,0,0,0,0,0,0,0,0,0,0,0,0,0,0,0,0,0,270.511,0,0,0
"MtrElec",6,17,24,"",233.893,0,0,0,0,0,0,0,0,0,0,0,0,0,0,0,0,0,0,0,0,233.893,0,0,0
"MtrElec",6,18,1,"",155.163,0,0,0,0,0,0,0,0,0,0,0,0,0,0,0,0,0,0,0,0,155.163,0,0,0
"MtrElec",6,18,2,"",147.323,0,0,0,0,0,0,0,0,0,0,0,0,0,0,0,0,0,0,0,0,147.323,0,0,0
"MtrElec",6,18,3,"",143.177,0,0,0,0,0,0,0,0,0,0,0,0,0,0,0,0,0,0,0,0,143.177,0,0,0
"MtrElec",6,18,4,"",146.497,0,0,0,0,0,0,0,0,0,0,0,0,0,0,0,0,0,0,0,0,146.497,0,0,0
"MtrElec",6,18,5,"",140.461,0,0,0,0,0,0,0,0,0,0,0,0,0,0,0,0,0,0,0,0,140.461,0,0,0
"MtrElec",6,18,6,"",153.574,0,0,0,0,0,0,0,0,0,0,0,0,0,0,0,0,0,0,0,0,153.574,0,0,0
"MtrElec",6,18,7,"",208.918,0,0,0,0,0,0,0,0,0,0,0,0,0,0,0,0,0,0,0,0,232.604,0,0,-23.6857
"MtrElec",6,18,8,"",200.515,0,0,0,0,0,0,0,0,0,0,0,0,0,0,0,0,0,0,0,0,334.413,0,0,-133.898
"MtrElec",6,18,9,"",87.7368,0,0,0,0,0,0,0,0,0,0,0,0,0,0,0,0,0,0,0,0,387.257,0,0,-299.521
"MtrElec",6,18,10,"",39.3882,0,0,0,0,0,0,0,0,0,0,0,0,0,0,0,0,0,0,0,0,490.256,0,0,-450.868
"MtrElec",6,18,11,"",0,0,0,0,0,0,0,0,0,0,0,0,0,0,0,0,0,0,0,0,0,545.018,0,14.0404,-559.058
"MtrElec",6,18,12,"",0,0,0,0,0,0,0,0,0,0,0,0,0,0,0,0,0,0,0,0,0,551.511,0,88.0417,-639.553
"MtrElec",6,18,13,"",0.0000078,0,0,0,0,0,0,0,0,0,0,0,0,0,0,0,0,0,0,0,0,560.427,0,119.204,-679.631
"MtrElec",6,18,14,"",0,0,0,0,0,0,0,0,0,0,0,0,0,0,0,0,0,0,0,0,0,490.185,0,182.988,-673.172
"MtrElec",6,18,15,"",0,0,0,0,0,0,0,0,0,0,0,0,0,0,0,0,0,0,0,0,0,511.558,0,120.447,-632.005
"MtrElec",6,18,16,"",0.0000039,0,0,0,0,0,0,0,0,0,0,0,0,0,0,0,0,0,0,0,0,480.767,0,59.4595,-540.227
"MtrElec",6,18,17,"",136.723,0,0,0,0,0,0,0,0,0,0,0,0,0,0,0,0,0,0,0,0,547.355,0,0,-410.632
"MtrElec",6,18,18,"",286.235,0,0,0,0,0,0,0,0,0,0,0,0,0,0,0,0,0,0,0,0,537.279,0,0,-251.044
"MtrElec",6,18,19,"",251.941,0,0,0,0,0,0,0,0,0,0,0,0,0,0,0,0,0,0,0,0,559.925,0,-223.217,-84.768
"MtrElec",6,18,20,"",290.379,0,0,0,0,0,0,0,0,0,0,0,0,0,0,0,0,0,0,0,0,524.101,0,-223.217,-10.5056
"MtrElec",6,18,21,"",388.691,0,0,0,0,0,0,0,0,0,0,0,0,0,0,0,0,0,0,0,0,469.48,0,-80.789,0
"MtrElec",6,18,22,"",345.271,0,0,0,0,0,0,0,0,0,0,0,0,0,0,0,0,0,0,0,0,345.271,0,0,0
"MtrElec",6,18,23,"",286.311,0,0,0,0,0,0,0,0,0,0,0,0,0,0,0,0,0,0,0,0,286.311,0,0,0
"MtrElec",6,18,24,"",199.481,0,0,0,0,0,0,0,0,0,0,0,0,0,0,0,0,0,0,0,0,199.481,0,0,0
"MtrElec",6,19,1,"",177.988,0,0,0,0,0,0,0,0,0,0,0,0,0,0,0,0,0,0,0,0,177.988,0,0,0
"MtrElec",6,19,2,"",163.978,0,0,0,0,0,0,0,0,0,0,0,0,0,0,0,0,0,0,0,0,163.978,0,0,0
"MtrElec",6,19,3,"",178.746,0,0,0,0,0,0,0,0,0,0,0,0,0,0,0,0,0,0,0,0,178.746,0,0,0
"MtrElec",6,19,4,"",170.165,0,0,0,0,0,0,0,0,0,0,0,0,0,0,0,0,0,0,0,0,170.165,0,0,0
"MtrElec",6,19,5,"",145.538,0,0,0,0,0,0,0,0,0,0,0,0,0,0,0,0,0,0,0,0,145.538,0,0,0
"MtrElec",6,19,6,"",150.299,0,0,0,0,0,0,0,0,0,0,0,0,0,0,0,0,0,0,0,0,150.299,0,0,0
"MtrElec",6,19,7,"",245.864,0,0,0,0,0,0,0,0,0,0,0,0,0,0,0,0,0,0,0,0,265.73,0,0,-19.8668
"MtrElec",6,19,8,"",194.84,0,0,0,0,0,0,0,0,0,0,0,0,0,0,0,0,0,0,0,0,321.403,0,0,-126.563
"MtrElec",6,19,9,"",141.303,0,0,0,0,0,0,0,0,0,0,0,0,0,0,0,0,0,0,0,0,432.086,0,0,-290.784
"MtrElec",6,19,10,"",166.224,0,0,0,0,0,0,0,0,0,0,0,0,0,0,0,0,0,0,0,0,593.729,0,0,-427.506
"MtrElec",6,19,11,"",118.233,0,0,0,0,0,0,0,0,0,0,0,0,0,0,0,0,0,0,0,0,658.277,0,0,-540.044
"MtrElec",6,19,12,"",0,0,0,0,0,0,0,0,0,0,0,0,0,0,0,0,0,0,0,0,0,597.971,0,12.388,-610.359
"MtrElec",6,19,13,"",0,0,0,0,0,0,0,0,0,0,0,0,0,0,0,0,0,0,0,0,0,618.901,0,35.1222,-654.023
"MtrElec",6,19,14,"",0.0000078,0,0,0,0,0,0,0,0,0,0,0,0,0,0,0,0,0,0,0,0,541.37,0,112.189,-653.559
"MtrElec",6,19,15,"",0,0,0,0,0,0,0,0,0,0,0,0,0,0,0,0,0,0,0,0,0,576.443,0,25.7484,-602.192
"MtrElec",6,19,16,"",96.0222,0,0,0,0,0,0,0,0,0,0,0,0,0,0,0,0,0,0,0,0,617.843,0,0,-521.821
"MtrElec",6,19,17,"",218.145,0,0,0,0,0,0,0,0,0,0,0,0,0,0,0,0,0,0,0,0,618.556,0,0,-400.411
"MtrElec",6,19,18,"",415.317,0,0,0,0,0,0,0,0,0,0,0,0,0,0,0,0,0,0,0,0,658.761,0,0,-243.444
"MtrElec",6,19,19,"",371.731,0,0,0,0,0,0,0,0,0,0,0,0,0,0,0,0,0,0,0,0,621.839,0,-167.366,-82.7409
"MtrElec",6,19,20,"",539.285,0,0,0,0,0,0,0,0,0,0,0,0,0,0,0,0,0,0,0,0,550.078,0,0,-10.7932
"MtrElec",6,19,21,"",527.111,0,0,0,0,0,0,0,0,0,0,0,0,0,0,0,0,0,0,0,0,527.111,0,0,0
"MtrElec",6,19,22,"",363.997,0,0,0,0,0,0,0,0,0,0,0,0,0,0,0,0,0,0,0,0,363.997,0,0,0
"MtrElec",6,19,23,"",307.199,0,0,0,0,0,0,0,0,0,0,0,0,0,0,0,0,0,0,0,0,307.199,0,0,0
"MtrElec",6,19,24,"",231.422,0,0,0,0,0,0,0,0,0,0,0,0,0,0,0,0,0,0,0,0,231.422,0,0,0
"MtrElec",6,20,1,"",184.557,0,0,0,0,0,0,0,0,0,0,0,0,0,0,0,0,0,0,0,0,184.557,0,0,0
"MtrElec",6,20,2,"",185.214,0,0,0,0,0,0,0,0,0,0,0,0,0,0,0,0,0,0,0,0,185.214,0,0,0
"MtrElec",6,20,3,"",175.459,0,0,0,0,0,0,0,0,0,0,0,0,0,0,0,0,0,0,0,0,175.459,0,0,0
"MtrElec",6,20,4,"",166.415,0,0,0,0,0,0,0,0,0,0,0,0,0,0,0,0,0,0,0,0,166.415,0,0,0
"MtrElec",6,20,5,"",168.824,0,0,0,0,0,0,0,0,0,0,0,0,0,0,0,0,0,0,0,0,168.824,0,0,0
"MtrElec",6,20,6,"",159.587,0,0,0,0,0,0,0,0,0,0,0,0,0,0,0,0,0,0,0,0,159.587,0,0,0
"MtrElec",6,20,7,"",240.34,0,0,0,0,0,0,0,0,0,0,0,0,0,0,0,0,0,0,0,0,263.92,0,0,-23.5805
"MtrElec",6,20,8,"",175.45,0,0,0,0,0,0,0,0,0,0,0,0,0,0,0,0,0,0,0,0,301.023,0,0,-125.573
"MtrElec",6,20,9,"",156.722,0,0,0,0,0,0,0,0,0,0,0,0,0,0,0,0,0,0,0,0,435.072,0,0,-278.35
"MtrElec",6,20,10,"",155.639,0,0,0,0,0,0,0,0,0,0,0,0,0,0,0,0,0,0,0,0,566.907,0,0,-411.267
"MtrElec",6,20,11,"",144.136,0,0,0,0,0,0,0,0,0,0,0,0,0,0,0,0,0,0,0,0,672.236,0,0,-528.1
"MtrElec",6,20,12,"",31.5718,0,0,0,0,0,0,0,0,0,0,0,0,0,0,0,0,0,0,0,0,640.766,0,0,-609.194
"MtrElec",6,20,13,"",16.9936,0,0,0,0,0,0,0,0,0,0,0,0,0,0,0,0,0,0,0,0,660.768,0,0,-643.774
"MtrElec",6,20,14,"",0,0,0,0,0,0,0,0,0,0,0,0,0,0,0,0,0,0,0,0,0,606.45,0,31.7944,-638.244
"MtrElec",6,20,15,"",47.9965,0,0,0,0,0,0,0,0,0,0,0,0,0,0,0,0,0,0,0,0,639.711,0,0,-591.715
"MtrElec",6,20,16,"",134.631,0,0,0,0,0,0,0,0,0,0,0,0,0,0,0,0,0,0,0,0,636.487,0,0,-501.855
"MtrElec",6,20,17,"",287.021,0,0,0,0,0,0,0,0,0,0,0,0,0,0,0,0,0,0,0,0,668.332,0,0,-381.311
"MtrElec",6,20,18,"",466.839,0,0,0,0,0,0,0,0,0,0,0,0,0,0,0,0,0,0,0,0,699.878,0,0,-233.039
"MtrElec",6,20,19,"",583.307,0,0,0,0,0,0,0,0,0,0,0,0,0,0,0,0,0,0,0,0,697.742,0,-28.6945,-85.7401
"MtrElec",6,20,20,"",579.977,0,0,0,0,0,0,0,0,0,0,0,0,0,0,0,0,0,0,0,0,593.583,0,0,-13.6061
"MtrElec",6,20,21,"",482.139,0,0,0,0,0,0,0,0,0,0,0,0,0,0,0,0,0,0,0,0,482.139,0,0,0
"MtrElec",6,20,22,"",398.726,0,0,0,0,0,0,0,0,0,0,0,0,0,0,0,0,0,0,0,0,398.726,0,0,0
"MtrElec",6,20,23,"",291.941,0,0,0,0,0,0,0,0,0,0,0,0,0,0,0,0,0,0,0,0,291.941,0,0,0
"MtrElec",6,20,24,"",275.865,0,0,0,0,0,0,0,0,0,0,0,0,0,0,0,0,0,0,0,0,275.865,0,0,0
"MtrElec",6,21,1,"",206.361,0,0,0,0,0,0,0,0,0,0,0,0,0,0,0,0,0,0,0,0,206.361,0,0,0
"MtrElec",6,21,2,"",166.129,0,0,0,0,0,0,0,0,0,0,0,0,0,0,0,0,0,0,0,0,166.129,0,0,0
"MtrElec",6,21,3,"",166.225,0,0,0,0,0,0,0,0,0,0,0,0,0,0,0,0,0,0,0,0,166.225,0,0,0
"MtrElec",6,21,4,"",165.771,0,0,0,0,0,0,0,0,0,0,0,0,0,0,0,0,0,0,0,0,165.771,0,0,0
"MtrElec",6,21,5,"",168.326,0,0,0,0,0,0,0,0,0,0,0,0,0,0,0,0,0,0,0,0,168.326,0,0,0
"MtrElec",6,21,6,"",156.478,0,0,0,0,0,0,0,0,0,0,0,0,0,0,0,0,0,0,0,0,156.478,0,0,0
"MtrElec",6,21,7,"",193.983,0,0,0,0,0,0,0,0,0,0,0,0,0,0,0,0,0,0,0,0,220.853,0,0,-26.8706
"MtrElec",6,21,8,"",128.059,0,0,0,0,0,0,0,0,0,0,0,0,0,0,0,0,0,0,0,0,256.873,0,0,-128.814
"MtrElec",6,21,9,"",99.1141,0,0,0,0,0,0,0,0,0,0,0,0,0,0,0,0,0,0,0,0,387.541,0,0,-288.427
"MtrElec",6,21,10,"",2.35778,0,0,0,0,0,0,0,0,0,0,0,0,0,0,0,0,0,0,0,0,437.01,0,0,-434.652
"MtrElec",6,21,11,"",0.0000020,0,0,0,0,0,0,0,0,0,0,0,0,0,0,0,0,0,0,0,0,520.495,0,26.6618,-547.156
"MtrElec",6,21,12,"",0,0,0,0,0,0,0,0,0,0,0,0,0,0,0,0,0,0,0,0,0,531.615,0,79.0726,-610.687
"MtrElec",6,21,13,"",0,0,0,0,0,0,0,0,0,0,0,0,0,0,0,0,0,0,0,0,0,473.738,0,160.943,-634.681
"MtrElec",6,21,14,"",0.0000156,0,0,0,0,0,0,0,0,0,0,0,0,0,0,0,0,0,0,0,0,506.877,0,137.419,-644.296
"MtrElec",6,21,15,"",0,0,0,0,0,0,0,0,0,0,0,0,0,0,0,0,0,0,0,0,0,486.237,0,115.971,-602.208
"MtrElec",6,21,16,"",0,0,0,0,0,0,0,0,0,0,0,0,0,0,0,0,0,0,0,0,0,439.258,0,75.1738,-514.432
"MtrElec",6,21,17,"",111.526,0,0,0,0,0,0,0,0,0,0,0,0,0,0,0,0,0,0,0,0,500.994,0,0,-389.469
"MtrElec",6,21,18,"",242.217,0,0,0,0,0,0,0,0,0,0,0,0,0,0,0,0,0,0,0,0,482.432,0,0,-240.215
"MtrElec",6,21,19,"",173.82,0,0,0,0,0,0,0,0,0,0,0,0,0,0,0,0,0,0,0,0,490.14,0,-223.217,-93.1032
"MtrElec",6,21,20,"",134.667,0,0,0,0,0,0,0,0,0,0,0,0,0,0,0,0,0,0,0,0,374.588,0,-223.217,-16.704
"MtrElec",6,21,21,"",230.366,0,0,0,0,0,0,0,0,0,0,0,0,0,0,0,0,0,0,0,0,321.137,0,-90.771,0
"MtrElec",6,21,22,"",336.242,0,0,0,0,0,0,0,0,0,0,0,0,0,0,0,0,0,0,0,0,336.242,0,0,0
"MtrElec",6,21,23,"",259.836,0,0,0,0,0,0,0,0,0,0,0,0,0,0,0,0,0,0,0,0,259.836,0,0,0
"MtrElec",6,21,24,"",243.457,0,0,0,0,0,0,0,0,0,0,0,0,0,0,0,0,0,0,0,0,243.457,0,0,0
"MtrElec",6,22,1,"",179.26,0,0,0,0,0,0,0,0,0,0,0,0,0,0,0,0,0,0,0,0,179.26,0,0,0
"MtrElec",6,22,2,"",153.045,0,0,0,0,0,0,0,0,0,0,0,0,0,0,0,0,0,0,0,0,153.045,0,0,0
"MtrElec",6,22,3,"",140.278,0,0,0,0,0,0,0,0,0,0,0,0,0,0,0,0,0,0,0,0,140.278,0,0,0
"MtrElec",6,22,4,"",145.927,0,0,0,0,0,0,0,0,0,0,0,0,0,0,0,0,0,0,0,0,145.927,0,0,0
"MtrElec",6,22,5,"",162.218,0,0,0,0,0,0,0,0,0,0,0,0,0,0,0,0,0,0,0,0,162.218,0,0,0
"MtrElec",6,22,6,"",159.648,0,0,0,0,0,0,0,0,0,0,0,0,0,0,0,0,0,0,0,0,159.648,0,0,0
"MtrElec",6,22,7,"",203.508,0,0,0,0,0,0,0,0,0,0,0,0,0,0,0,0,0,0,0,0,228.871,0,0,-25.3626
"MtrElec",6,22,8,"",189.24,0,0,0,0,0,0,0,0,0,0,0,0,0,0,0,0,0,0,0,0,318.18,0,0,-128.94
"MtrElec",6,22,9,"",78.4385,0,0,0,0,0,0,0,0,0,0,0,0,0,0,0,0,0,0,0,0,369.016,0,0,-290.578
"MtrElec",6,22,10,"",89.4238,0,0,0,0,0,0,0,0,0,0,0,0,0,0,0,0,0,0,0,0,523.856,0,0,-434.432
"MtrElec",6,22,11,"",12.4198,0,0,0,0,0,0,0,0,0,0,0,0,0,0,0,0,0,0,0,0,554.043,0,0,-541.623
"MtrElec",6,22,12,"",0,0,0,0,0,0,0,0,0,0,0,0,0,0,0,0,0,0,0,0,0,536.47,0,79.4498,-615.92
"MtrElec",6,22,13,"",0,0,0,0,0,0,0,0,0,0,0,0,0,0,0,0,0,0,0,0,0,510.541,0,146.586,-657.127
"MtrElec",6,22,14,"",0,0,0,0,0,0,0,0,0,0,0,0,0,0,0,0,0,0,0,0,0,511.237,0,144.312,-655.55
"MtrElec",6,22,15,"",0,0,0,0,0,0,0,0,0,0,0,0,0,0,0,0,0,0,0,0,0,478.979,0,138.94,-617.919
"MtrElec",6,22,16,"",0,0,0,0,0,0,0,0,0,0,0,0,0,0,0,0,0,0,0,0,0,531.243,0,1.29831,-532.541
"MtrElec",6,22,17,"",105.633,0,0,0,0,0,0,0,0,0,0,0,0,0,0,0,0,0,0,0,0,514.179,0,0,-408.546
"MtrElec",6,22,18,"",311.357,0,0,0,0,0,0,0,0,0,0,0,0,0,0,0,0,0,0,0,0,566.773,0,0,-255.416
"MtrElec",6,22,19,"",212.467,0,0,0,0,0,0,0,0,0,0,0,0,0,0,0,0,0,0,0,0,526.64,0,-223.217,-90.9556
"MtrElec",6,22,20,"",226.858,0,0,0,0,0,0,0,0,0,0,0,0,0,0,0,0,0,0,0,0,462.84,0,-223.217,-12.765
"MtrElec",6,22,21,"",405.742,0,0,0,0,0,0,0,0,0,0,0,0,0,0,0,0,0,0,0,0,420.113,0,-14.3704,0
"MtrElec",6,22,22,"",316.885,0,0,0,0,0,0,0,0,0,0,0,0,0,0,0,0,0,0,0,0,316.885,0,0,0
"MtrElec",6,22,23,"",232.265,0,0,0,0,0,0,0,0,0,0,0,0,0,0,0,0,0,0,0,0,232.265,0,0,0
"MtrElec",6,22,24,"",267.034,0,0,0,0,0,0,0,0,0,0,0,0,0,0,0,0,0,0,0,0,267.034,0,0,0
"MtrElec",6,23,1,"",160.276,0,0,0,0,0,0,0,0,0,0,0,0,0,0,0,0,0,0,0,0,160.276,0,0,0
"MtrElec",6,23,2,"",150.695,0,0,0,0,0,0,0,0,0,0,0,0,0,0,0,0,0,0,0,0,150.695,0,0,0
"MtrElec",6,23,3,"",148.799,0,0,0,0,0,0,0,0,0,0,0,0,0,0,0,0,0,0,0,0,148.799,0,0,0
"MtrElec",6,23,4,"",150.917,0,0,0,0,0,0,0,0,0,0,0,0,0,0,0,0,0,0,0,0,150.917,0,0,0
"MtrElec",6,23,5,"",146.18,0,0,0,0,0,0,0,0,0,0,0,0,0,0,0,0,0,0,0,0,146.18,0,0,0
"MtrElec",6,23,6,"",182.464,0,0,0,0,0,0,0,0,0,0,0,0,0,0,0,0,0,0,0,0,182.464,0,0,0
"MtrElec",6,23,7,"",261.042,0,0,0,0,0,0,0,0,0,0,0,0,0,0,0,0,0,0,0,0,283.88,0,0,-22.8378
"MtrElec",6,23,8,"",205.9,0,0,0,0,0,0,0,0,0,0,0,0,0,0,0,0,0,0,0,0,335.229,0,0,-129.329
"MtrElec",6,23,9,"",158.549,0,0,0,0,0,0,0,0,0,0,0,0,0,0,0,0,0,0,0,0,457.36,0,0,-298.811
"MtrElec",6,23,10,"",49.0257,0,0,0,0,0,0,0,0,0,0,0,0,0,0,0,0,0,0,0,0,500.844,0,0,-451.819
"MtrElec",6,23,11,"",0.0000020,0,0,0,0,0,0,0,0,0,0,0,0,0,0,0,0,0,0,0,0,541.319,0,20.2055,-561.524
"MtrElec",6,23,12,"",0,0,0,0,0,0,0,0,0,0,0,0,0,0,0,0,0,0,0,0,0,494.15,0,130.491,-624.641
"MtrElec",6,23,13,"",0,0,0,0,0,0,0,0,0,0,0,0,0,0,0,0,0,0,0,0,0,537.354,0,132.856,-670.21
"MtrElec",6,23,14,"",0.0000156,0,0,0,0,0,0,0,0,0,0,0,0,0,0,0,0,0,0,0,0,463.027,0,215.892,-678.919
"MtrElec",6,23,15,"",0,0,0,0,0,0,0,0,0,0,0,0,0,0,0,0,0,0,0,0,0,498.428,0,142.132,-640.561
"MtrElec",6,23,16,"",0,0,0,0,0,0,0,0,0,0,0,0,0,0,0,0,0,0,0,0,0,469.377,0,80.4217,-549.799
"MtrElec",6,23,17,"",118.864,0,0,0,0,0,0,0,0,0,0,0,0,0,0,0,0,0,0,0,0,541.503,0,0,-422.64
"MtrElec",6,23,18,"",270.172,0,0,0,0,0,0,0,0,0,0,0,0,0,0,0,0,0,0,0,0,533.778,0,0,-263.606
"MtrElec",6,23,19,"",186.458,0,0,0,0,0,0,0,0,0,0,0,0,0,0,0,0,0,0,0,0,500.875,0,-223.217,-91.2003
"MtrElec",6,23,20,"",293.017,0,0,0,0,0,0,0,0,0,0,0,0,0,0,0,0,0,0,0,0,527.728,0,-223.217,-11.4943
"MtrElec",6,23,21,"",216.13,0,0,0,0,0,0,0,0,0,0,0,0,0,0,0,0,0,0,0,0,421.3,0,-205.17,0
"MtrElec",6,23,22,"",290.126,0,0,0,0,0,0,0,0,0,0,0,0,0,0,0,0,0,0,0,0,290.126,0,0,0
"MtrElec",6,23,23,"",224.031,0,0,0,0,0,0,0,0,0,0,0,0,0,0,0,0,0,0,0,0,224.031,0,0,0
"MtrElec",6,23,24,"",190.238,0,0,0,0,0,0,0,0,0,0,0,0,0,0,0,0,0,0,0,0,190.238,0,0,0
"MtrElec",6,24,1,"",148.381,0,0,0,0,0,0,0,0,0,0,0,0,0,0,0,0,0,0,0,0,148.381,0,0,0
"MtrElec",6,24,2,"",178.837,0,0,0,0,0,0,0,0,0,0,0,0,0,0,0,0,0,0,0,0,178.837,0,0,0
"MtrElec",6,24,3,"",147.385,0,0,0,0,0,0,0,0,0,0,0,0,0,0,0,0,0,0,0,0,147.385,0,0,0
"MtrElec",6,24,4,"",156.982,0,0,0,0,0,0,0,0,0,0,0,0,0,0,0,0,0,0,0,0,156.982,0,0,0
"MtrElec",6,24,5,"",148.538,0,0,0,0,0,0,0,0,0,0,0,0,0,0,0,0,0,0,0,0,148.538,0,0,0
"MtrElec",6,24,6,"",156.718,0,0,0,0,0,0,0,0,0,0,0,0,0,0,0,0,0,0,0,0,156.718,0,0,0
"MtrElec",6,24,7,"",210.269,0,0,0,0,0,0,0,0,0,0,0,0,0,0,0,0,0,0,0,0,235.967,0,0,-25.6978
"MtrElec",6,24,8,"",228.821,0,0,0,0,0,0,0,0,0,0,0,0,0,0,0,0,0,0,0,0,318.861,0,0,-90.0402
"MtrElec",6,24,9,"",224.675,0,0,0,0,0,0,0,0,0,0,0,0,0,0,0,0,0,0,0,0,382.422,0,0,-157.748
"MtrElec",6,24,10,"",160.517,0,0,0,0,0,0,0,0,0,0,0,0,0,0,0,0,0,0,0,0,447.905,0,0,-287.388
"MtrElec",6,24,11,"",97.6367,0,0,0,0,0,0,0,0,0,0,0,0,0,0,0,0,0,0,0,0,483.132,0,0,-385.495
"MtrElec",6,24,12,"",0.0000156,0,0,0,0,0,0,0,0,0,0,0,0,0,0,0,0,0,0,0,0,453.361,0,202.533,-655.894
"MtrElec",6,24,13,"",0,0,0,0,0,0,0,0,0,0,0,0,0,0,0,0,0,0,0,0,0,470.288,0,206.902,-677.191
"MtrElec",6,24,14,"",-3.79669,0,0,0,0,0,0,0,0,0,0,0,0,0,0,0,0,0,0,0,0,454.32,0,223.217,-681.333
"MtrElec",6,24,15,"",-6.01883,0,0,0,0,0,0,0,0,0,0,0,0,0,0,0,0,0,0,0,0,466.361,0,166.229,-638.609
"MtrElec",6,24,16,"",-78.5608,0,0,0,0,0,0,0,0,0,0,0,0,0,0,0,0,0,0,0,0,477.102,0,0,-555.663
"MtrElec",6,24,17,"",86.8575,0,0,0,0,0,0,0,0,0,0,0,0,0,0,0,0,0,0,0,0,512.026,0,0,-425.168
"MtrElec",6,24,18,"",253.585,0,0,0,0,0,0,0,0,0,0,0,0,0,0,0,0,0,0,0,0,511.442,0,0,-257.858
"MtrElec",6,24,19,"",193.28,0,0,0,0,0,0,0,0,0,0,0,0,0,0,0,0,0,0,0,0,509.429,0,-223.217,-92.9319
"MtrElec",6,24,20,"",249.954,0,0,0,0,0,0,0,0,0,0,0,0,0,0,0,0,0,0,0,0,486.527,0,-223.217,-13.3555
"MtrElec",6,24,21,"",213.083,0,0,0,0,0,0,0,0,0,0,0,0,0,0,0,0,0,0,0,0,436.3,0,-223.217,0
"MtrElec",6,24,22,"",282.213,0,0,0,0,0,0,0,0,0,0,0,0,0,0,0,0,0,0,0,0,333.552,0,-51.3398,0
"MtrElec",6,24,23,"",218.795,0,0,0,0,0,0,0,0,0,0,0,0,0,0,0,0,0,0,0,0,218.795,0,0,0
"MtrElec",6,24,24,"",241.936,0,0,0,0,0,0,0,0,0,0,0,0,0,0,0,0,0,0,0,0,241.936,0,0,0
"MtrElec",6,25,1,"",165.123,0,0,0,0,0,0,0,0,0,0,0,0,0,0,0,0,0,0,0,0,165.123,0,0,0
"MtrElec",6,25,2,"",153.998,0,0,0,0,0,0,0,0,0,0,0,0,0,0,0,0,0,0,0,0,153.998,0,0,0
"MtrElec",6,25,3,"",151.249,0,0,0,0,0,0,0,0,0,0,0,0,0,0,0,0,0,0,0,0,151.249,0,0,0
"MtrElec",6,25,4,"",156.357,0,0,0,0,0,0,0,0,0,0,0,0,0,0,0,0,0,0,0,0,156.357,0,0,0
"MtrElec",6,25,5,"",179.553,0,0,0,0,0,0,0,0,0,0,0,0,0,0,0,0,0,0,0,0,179.553,0,0,0
"MtrElec",6,25,6,"",146.244,0,0,0,0,0,0,0,0,0,0,0,0,0,0,0,0,0,0,0,0,146.244,0,0,0
"MtrElec",6,25,7,"",244.377,0,0,0,0,0,0,0,0,0,0,0,0,0,0,0,0,0,0,0,0,267.595,0,0,-23.2186
"MtrElec",6,25,8,"",187.251,0,0,0,0,0,0,0,0,0,0,0,0,0,0,0,0,0,0,0,0,316.806,0,0,-129.555
"MtrElec",6,25,9,"",78.7609,0,0,0,0,0,0,0,0,0,0,0,0,0,0,0,0,0,0,0,0,371.797,0,0,-293.036
"MtrElec",6,25,10,"",19.3478,0,0,0,0,0,0,0,0,0,0,0,0,0,0,0,0,0,0,0,0,458.083,0,0,-438.735
"MtrElec",6,25,11,"",0,0,0,0,0,0,0,0,0,0,0,0,0,0,0,0,0,0,0,0,0,496.736,0,50.4583,-547.194
"MtrElec",6,25,12,"",0,0,0,0,0,0,0,0,0,0,0,0,0,0,0,0,0,0,0,0,0,494.702,0,137.09,-631.792
"MtrElec",6,25,13,"",0.0000156,0,0,0,0,0,0,0,0,0,0,0,0,0,0,0,0,0,0,0,0,511.548,0,161.068,-672.616
"MtrElec",6,25,14,"",0.0000156,0,0,0,0,0,0,0,0,0,0,0,0,0,0,0,0,0,0,0,0,457.022,0,212.211,-669.233
"MtrElec",6,25,15,"",0,0,0,0,0,0,0,0,0,0,0,0,0,0,0,0,0,0,0,0,0,471.82,0,155.083,-626.904
"MtrElec",6,25,16,"",0,0,0,0,0,0,0,0,0,0,0,0,0,0,0,0,0,0,0,0,0,491.171,0,47.3112,-538.482
"MtrElec",6,25,17,"",111.397,0,0,0,0,0,0,0,0,0,0,0,0,0,0,0,0,0,0,0,0,525.186,0,0,-413.789
"MtrElec",6,25,18,"",275.569,0,0,0,0,0,0,0,0,0,0,0,0,0,0,0,0,0,0,0,0,529.626,0,0,-254.057
"MtrElec",6,25,19,"",222.148,0,0,0,0,0,0,0,0,0,0,0,0,0,0,0,0,0,0,0,0,538.03,0,-223.217,-92.6646
"MtrElec",6,25,20,"",249.943,0,0,0,0,0,0,0,0,0,0,0,0,0,0,0,0,0,0,0,0,487.622,0,-223.217,-14.4621
"MtrElec",6,25,21,"",253.974,0,0,0,0,0,0,0,0,0,0,0,0,0,0,0,0,0,0,0,0,477.191,0,-223.217,0
"MtrElec",6,25,22,"",269.566,0,0,0,0,0,0,0,0,0,0,0,0,0,0,0,0,0,0,0,0,288.723,0,-19.1571,0
"MtrElec",6,25,23,"",261.111,0,0,0,0,0,0,0,0,0,0,0,0,0,0,0,0,0,0,0,0,261.111,0,0,0
"MtrElec",6,25,24,"",193.377,0,0,0,0,0,0,0,0,0,0,0,0,0,0,0,0,0,0,0,0,193.377,0,0,0
"MtrElec",6,26,1,"",156.369,0,0,0,0,0,0,0,0,0,0,0,0,0,0,0,0,0,0,0,0,156.369,0,0,0
"MtrElec",6,26,2,"",155.901,0,0,0,0,0,0,0,0,0,0,0,0,0,0,0,0,0,0,0,0,155.901,0,0,0
"MtrElec",6,26,3,"",143.071,0,0,0,0,0,0,0,0,0,0,0,0,0,0,0,0,0,0,0,0,143.071,0,0,0
"MtrElec",6,26,4,"",151.77,0,0,0,0,0,0,0,0,0,0,0,0,0,0,0,0,0,0,0,0,151.77,0,0,0
"MtrElec",6,26,5,"",175.89,0,0,0,0,0,0,0,0,0,0,0,0,0,0,0,0,0,0,0,0,175.89,0,0,0
"MtrElec",6,26,6,"",145.662,0,0,0,0,0,0,0,0,0,0,0,0,0,0,0,0,0,0,0,0,145.662,0,0,0
"MtrElec",6,26,7,"",214.288,0,0,0,0,0,0,0,0,0,0,0,0,0,0,0,0,0,0,0,0,237.394,0,0,-23.1058
"MtrElec",6,26,8,"",202.758,0,0,0,0,0,0,0,0,0,0,0,0,0,0,0,0,0,0,0,0,331.243,0,0,-128.485
"MtrElec",6,26,9,"",93.2951,0,0,0,0,0,0,0,0,0,0,0,0,0,0,0,0,0,0,0,0,381.716,0,0,-288.421
"MtrElec",6,26,10,"",61.5705,0,0,0,0,0,0,0,0,0,0,0,0,0,0,0,0,0,0,0,0,501.237,0,0,-439.666
"MtrElec",6,26,11,"",0.0000020,0,0,0,0,0,0,0,0,0,0,0,0,0,0,0,0,0,0,0,0,535.194,0,24.6858,-559.88
"MtrElec",6,26,12,"",0,0,0,0,0,0,0,0,0,0,0,0,0,0,0,0,0,0,0,0,0,532.075,0,93.6297,-625.705
"MtrElec",6,26,13,"",0,0,0,0,0,0,0,0,0,0,0,0,0,0,0,0,0,0,0,0,0,493.863,0,163.084,-656.947
"MtrElec",6,26,14,"",0,0,0,0,0,0,0,0,0,0,0,0,0,0,0,0,0,0,0,0,0,487.445,0,175.571,-663.015
"MtrElec",6,26,15,"",0,0,0,0,0,0,0,0,0,0,0,0,0,0,0,0,0,0,0,0,0,482.04,0,132.851,-614.891
"MtrElec",6,26,16,"",0,0,0,0,0,0,0,0,0,0,0,0,0,0,0,0,0,0,0,0,0,498.169,0,32.7196,-530.889
"MtrElec",6,26,17,"",122.309,0,0,0,0,0,0,0,0,0,0,0,0,0,0,0,0,0,0,0,0,528.912,0,0,-406.603
"MtrElec",6,26,18,"",299.432,0,0,0,0,0,0,0,0,0,0,0,0,0,0,0,0,0,0,0,0,549.464,0,0,-250.032
"MtrElec",6,26,19,"",222.961,0,0,0,0,0,0,0,0,0,0,0,0,0,0,0,0,0,0,0,0,538.92,0,-223.217,-92.7426
"MtrElec",6,26,20,"",225.233,0,0,0,0,0,0,0,0,0,0,0,0,0,0,0,0,0,0,0,0,464.208,0,-223.217,-15.7584
"MtrElec",6,26,21,"",309.256,0,0,0,0,0,0,0,0,0,0,0,0,0,0,0,0,0,0,0,0,424.665,0,-115.409,0
"MtrElec",6,26,22,"",307.037,0,0,0,0,0,0,0,0,0,0,0,0,0,0,0,0,0,0,0,0,307.037,0,0,0
"MtrElec",6,26,23,"",277.522,0,0,0,0,0,0,0,0,0,0,0,0,0,0,0,0,0,0,0,0,277.522,0,0,0
"MtrElec",6,26,24,"",262.295,0,0,0,0,0,0,0,0,0,0,0,0,0,0,0,0,0,0,0,0,262.295,0,0,0
"MtrElec",6,27,1,"",168.335,0,0,0,0,0,0,0,0,0,0,0,0,0,0,0,0,0,0,0,0,168.335,0,0,0
"MtrElec",6,27,2,"",150.452,0,0,0,0,0,0,0,0,0,0,0,0,0,0,0,0,0,0,0,0,150.452,0,0,0
"MtrElec",6,27,3,"",145.728,0,0,0,0,0,0,0,0,0,0,0,0,0,0,0,0,0,0,0,0,145.728,0,0,0
"MtrElec",6,27,4,"",146.752,0,0,0,0,0,0,0,0,0,0,0,0,0,0,0,0,0,0,0,0,146.752,0,0,0
"MtrElec",6,27,5,"",165.738,0,0,0,0,0,0,0,0,0,0,0,0,0,0,0,0,0,0,0,0,165.738,0,0,0
"MtrElec",6,27,6,"",147.524,0,0,0,0,0,0,0,0,0,0,0,0,0,0,0,0,0,0,0,0,147.524,0,0,0
"MtrElec",6,27,7,"",197.883,0,0,0,0,0,0,0,0,0,0,0,0,0,0,0,0,0,0,0,0,222.902,0,0,-25.0191
"MtrElec",6,27,8,"",142.143,0,0,0,0,0,0,0,0,0,0,0,0,0,0,0,0,0,0,0,0,266.726,0,0,-124.583
"MtrElec",6,27,9,"",28.9105,0,0,0,0,0,0,0,0,0,0,0,0,0,0,0,0,0,0,0,0,308.734,0,0,-279.823
"MtrElec",6,27,10,"",-10.2117,0,0,0,0,0,0,0,0,0,0,0,0,0,0,0,0,0,0,0,0,409.842,0,0,-420.054
"MtrElec",6,27,11,"",87.6079,0,0,0,0,0,0,0,0,0,0,0,0,0,0,0,0,0,0,0,0,613.81,0,0,-526.202
"MtrElec",6,27,12,"",33.0498,0,0,0,0,0,0,0,0,0,0,0,0,0,0,0,0,0,0,0,0,627.656,0,0,-594.607
"MtrElec",6,27,13,"",69.8554,0,0,0,0,0,0,0,0,0,0,0,0,0,0,0,0,0,0,0,0,688.457,0,0,-618.602
"MtrElec",6,27,14,"",0,0,0,0,0,0,0,0,0,0,0,0,0,0,0,0,0,0,0,0,0,592.706,0,21.5074,-614.213
"MtrElec",6,27,15,"",45.2897,0,0,0,0,0,0,0,0,0,0,0,0,0,0,0,0,0,0,0,0,619.041,0,0,-573.751
"MtrElec",6,27,16,"",85.0776,0,0,0,0,0,0,0,0,0,0,0,0,0,0,0,0,0,0,0,0,594.599,0,0,-509.522
"MtrElec",6,27,17,"",333.976,0,0,0,0,0,0,0,0,0,0,0,0,0,0,0,0,0,0,0,0,657.833,0,0,-323.858
"MtrElec",6,27,18,"",510.658,0,0,0,0,0,0,0,0,0,0,0,0,0,0,0,0,0,0,0,0,602.413,0,0,-91.7556
"MtrElec",6,27,19,"",532.662,0,0,0,0,0,0,0,0,0,0,0,0,0,0,0,0,0,0,0,0,612.588,0,-19.4105,-60.5154
"MtrElec",6,27,20,"",485.211,0,0,0,0,0,0,0,0,0,0,0,0,0,0,0,0,0,0,0,0,498.391,0,0,-13.1801
"MtrElec",6,27,21,"",340.771,0,0,0,0,0,0,0,0,0,0,0,0,0,0,0,0,0,0,0,0,340.771,0,0,0
"MtrElec",6,27,22,"",323.229,0,0,0,0,0,0,0,0,0,0,0,0,0,0,0,0,0,0,0,0,323.229,0,0,0
"MtrElec",6,27,23,"",253.794,0,0,0,0,0,0,0,0,0,0,0,0,0,0,0,0,0,0,0,0,253.794,0,0,0
"MtrElec",6,27,24,"",197.03,0,0,0,0,0,0,0,0,0,0,0,0,0,0,0,0,0,0,0,0,197.03,0,0,0
"MtrElec",6,28,1,"",171.222,0,0,0,0,0,0,0,0,0,0,0,0,0,0,0,0,0,0,0,0,171.222,0,0,0
"MtrElec",6,28,2,"",154.348,0,0,0,0,0,0,0,0,0,0,0,0,0,0,0,0,0,0,0,0,154.348,0,0,0
"MtrElec",6,28,3,"",148.737,0,0,0,0,0,0,0,0,0,0,0,0,0,0,0,0,0,0,0,0,148.737,0,0,0
"MtrElec",6,28,4,"",150.229,0,0,0,0,0,0,0,0,0,0,0,0,0,0,0,0,0,0,0,0,150.229,0,0,0
"MtrElec",6,28,5,"",182.212,0,0,0,0,0,0,0,0,0,0,0,0,0,0,0,0,0,0,0,0,182.212,0,0,0
"MtrElec",6,28,6,"",179.706,0,0,0,0,0,0,0,0,0,0,0,0,0,0,0,0,0,0,0,0,179.706,0,0,0
"MtrElec",6,28,7,"",136.318,0,0,0,0,0,0,0,0,0,0,0,0,0,0,0,0,0,0,0,0,156.669,0,0,-20.3518
"MtrElec",6,28,8,"",123.714,0,0,0,0,0,0,0,0,0,0,0,0,0,0,0,0,0,0,0,0,245.41,0,0,-121.696
"MtrElec",6,28,9,"",29.612,0,0,0,0,0,0,0,0,0,0,0,0,0,0,0,0,0,0,0,0,313.554,0,0,-283.942
"MtrElec",6,28,10,"",48.5132,0,0,0,0,0,0,0,0,0,0,0,0,0,0,0,0,0,0,0,0,442.527,0,0,-394.014
"MtrElec",6,28,11,"",88.8759,0,0,0,0,0,0,0,0,0,0,0,0,0,0,0,0,0,0,0,0,528.517,0,0,-439.641
"MtrElec",6,28,12,"",0,0,0,0,0,0,0,0,0,0,0,0,0,0,0,0,0,0,0,0,0,499.957,0,40.6865,-540.643
"MtrElec",6,28,13,"",21.4428,0,0,0,0,0,0,0,0,0,0,0,0,0,0,0,0,0,0,0,0,484.404,0,0,-462.962
"MtrElec",6,28,14,"",0,0,0,0,0,0,0,0,0,0,0,0,0,0,0,0,0,0,0,0,0,486.39,0,42.4396,-528.83
"MtrElec",6,28,15,"",0,0,0,0,0,0,0,0,0,0,0,0,0,0,0,0,0,0,0,0,0,497.695,0,111.706,-609.401
"MtrElec",6,28,16,"",0,0,0,0,0,0,0,0,0,0,0,0,0,0,0,0,0,0,0,0,0,482.364,0,28.0165,-510.381
"MtrElec",6,28,17,"",147.173,0,0,0,0,0,0,0,0,0,0,0,0,0,0,0,0,0,0,0,0,503.536,0,0,-356.363
"MtrElec",6,28,18,"",218.787,0,0,0,0,0,0,0,0,0,0,0,0,0,0,0,0,0,0,0,0,435.126,0,0,-216.339
"MtrElec",6,28,19,"",172.3,0,0,0,0,0,0,0,0,0,0,0,0,0,0,0,0,0,0,0,0,466.989,0,-201.121,-93.5683
"MtrElec",6,28,20,"",343.385,0,0,0,0,0,0,0,0,0,0,0,0,0,0,0,0,0,0,0,0,359.111,0,0,-15.7261
"MtrElec",6,28,21,"",321.659,0,0,0,0,0,0,0,0,0,0,0,0,0,0,0,0,0,0,0,0,321.659,0,0,0
"MtrElec",6,28,22,"",330.511,0,0,0,0,0,0,0,0,0,0,0,0,0,0,0,0,0,0,0,0,330.511,0,0,0
"MtrElec",6,28,23,"",207.707,0,0,0,0,0,0,0,0,0,0,0,0,0,0,0,0,0,0,0,0,207.707,0,0,0
"MtrElec",6,28,24,"",254.366,0,0,0,0,0,0,0,0,0,0,0,0,0,0,0,0,0,0,0,0,254.366,0,0,0
"MtrElec",6,29,1,"",159.792,0,0,0,0,0,0,0,0,0,0,0,0,0,0,0,0,0,0,0,0,159.792,0,0,0
"MtrElec",6,29,2,"",150.621,0,0,0,0,0,0,0,0,0,0,0,0,0,0,0,0,0,0,0,0,150.621,0,0,0
"MtrElec",6,29,3,"",143.318,0,0,0,0,0,0,0,0,0,0,0,0,0,0,0,0,0,0,0,0,143.318,0,0,0
"MtrElec",6,29,4,"",147.429,0,0,0,0,0,0,0,0,0,0,0,0,0,0,0,0,0,0,0,0,147.429,0,0,0
"MtrElec",6,29,5,"",146.932,0,0,0,0,0,0,0,0,0,0,0,0,0,0,0,0,0,0,0,0,146.932,0,0,0
"MtrElec",6,29,6,"",179.418,0,0,0,0,0,0,0,0,0,0,0,0,0,0,0,0,0,0,0,0,179.418,0,0,0
"MtrElec",6,29,7,"",222.882,0,0,0,0,0,0,0,0,0,0,0,0,0,0,0,0,0,0,0,0,247.089,0,0,-24.2079
"MtrElec",6,29,8,"",230.633,0,0,0,0,0,0,0,0,0,0,0,0,0,0,0,0,0,0,0,0,353.006,0,0,-122.373
"MtrElec",6,29,9,"",102.973,0,0,0,0,0,0,0,0,0,0,0,0,0,0,0,0,0,0,0,0,386.183,0,0,-283.209
"MtrElec",6,29,10,"",95.7477,0,0,0,0,0,0,0,0,0,0,0,0,0,0,0,0,0,0,0,0,524.009,0,0,-428.261
"MtrElec",6,29,11,"",16.183,0,0,0,0,0,0,0,0,0,0,0,0,0,0,0,0,0,0,0,0,544.909,0,0,-528.726
"MtrElec",6,29,12,"",0,0,0,0,0,0,0,0,0,0,0,0,0,0,0,0,0,0,0,0,0,565.426,0,49.0834,-614.509
"MtrElec",6,29,13,"",0,0,0,0,0,0,0,0,0,0,0,0,0,0,0,0,0,0,0,0,0,585.383,0,71.1964,-656.58
"MtrElec",6,29,14,"",0,0,0,0,0,0,0,0,0,0,0,0,0,0,0,0,0,0,0,0,0,510.937,0,142.307,-653.244
"MtrElec",6,29,15,"",0.0000078,0,0,0,0,0,0,0,0,0,0,0,0,0,0,0,0,0,0,0,0,496.043,0,117.556,-613.599
"MtrElec",6,29,16,"",0,0,0,0,0,0,0,0,0,0,0,0,0,0,0,0,0,0,0,0,0,500.851,0,30.6237,-531.475
"MtrElec",6,29,17,"",146.766,0,0,0,0,0,0,0,0,0,0,0,0,0,0,0,0,0,0,0,0,554.735,0,0,-407.969
"MtrElec",6,29,18,"",287.773,0,0,0,0,0,0,0,0,0,0,0,0,0,0,0,0,0,0,0,0,539.473,0,0,-251.7
"MtrElec",6,29,19,"",243.381,0,0,0,0,0,0,0,0,0,0,0,0,0,0,0,0,0,0,0,0,560.83,0,-223.217,-94.2321
"MtrElec",6,29,20,"",352.734,0,0,0,0,0,0,0,0,0,0,0,0,0,0,0,0,0,0,0,0,515.902,0,-147.5,-15.6679
"MtrElec",6,29,21,"",402.489,0,0,0,0,0,0,0,0,0,0,0,0,0,0,0,0,0,0,0,0,402.489,0,0,0
"MtrElec",6,29,22,"",320.964,0,0,0,0,0,0,0,0,0,0,0,0,0,0,0,0,0,0,0,0,320.964,0,0,0
"MtrElec",6,29,23,"",284.544,0,0,0,0,0,0,0,0,0,0,0,0,0,0,0,0,0,0,0,0,284.544,0,0,0
"MtrElec",6,29,24,"",211.491,0,0,0,0,0,0,0,0,0,0,0,0,0,0,0,0,0,0,0,0,211.491,0,0,0
"MtrElec",6,30,1,"",149.518,0,0,0,0,0,0,0,0,0,0,0,0,0,0,0,0,0,0,0,0,149.518,0,0,0
"MtrElec",6,30,2,"",147.128,0,0,0,0,0,0,0,0,0,0,0,0,0,0,0,0,0,0,0,0,147.128,0,0,0
"MtrElec",6,30,3,"",141.394,0,0,0,0,0,0,0,0,0,0,0,0,0,0,0,0,0,0,0,0,141.394,0,0,0
"MtrElec",6,30,4,"",145.417,0,0,0,0,0,0,0,0,0,0,0,0,0,0,0,0,0,0,0,0,145.417,0,0,0
"MtrElec",6,30,5,"",172.579,0,0,0,0,0,0,0,0,0,0,0,0,0,0,0,0,0,0,0,0,172.579,0,0,0
"MtrElec",6,30,6,"",146.816,0,0,0,0,0,0,0,0,0,0,0,0,0,0,0,0,0,0,0,0,146.816,0,0,0
"MtrElec",6,30,7,"",234.996,0,0,0,0,0,0,0,0,0,0,0,0,0,0,0,0,0,0,0,0,256.626,0,0,-21.6305
"MtrElec",6,30,8,"",239.405,0,0,0,0,0,0,0,0,0,0,0,0,0,0,0,0,0,0,0,0,362.11,0,0,-122.705
"MtrElec",6,30,9,"",155.007,0,0,0,0,0,0,0,0,0,0,0,0,0,0,0,0,0,0,0,0,440.924,0,0,-285.916
"MtrElec",6,30,10,"",157.98,0,0,0,0,0,0,0,0,0,0,0,0,0,0,0,0,0,0,0,0,590.703,0,0,-432.723
"MtrElec",6,30,11,"",4.15063,0,0,0,0,0,0,0,0,0,0,0,0,0,0,0,0,0,0,0,0,555.691,0,0,-551.54
"MtrElec",6,30,12,"",0,0,0,0,0,0,0,0,0,0,0,0,0,0,0,0,0,0,0,0,0,546.464,0,76.6858,-623.15
"MtrElec",6,30,13,"",0,0,0,0,0,0,0,0,0,0,0,0,0,0,0,0,0,0,0,0,0,611.93,0,51.3831,-663.313
"MtrElec",6,30,14,"",0.0000156,0,0,0,0,0,0,0,0,0,0,0,0,0,0,0,0,0,0,0,0,488.632,0,185.779,-674.411
"MtrElec",6,30,15,"",0.0000156,0,0,0,0,0,0,0,0,0,0,0,0,0,0,0,0,0,0,0,0,480.665,0,149.478,-630.142
"MtrElec",6,30,16,"",0,0,0,0,0,0,0,0,0,0,0,0,0,0,0,0,0,0,0,0,0,503.444,0,38.1748,-541.619
"MtrElec",6,30,17,"",132.94,0,0,0,0,0,0,0,0,0,0,0,0,0,0,0,0,0,0,0,0,546.26,0,0,-413.32
"MtrElec",6,30,18,"",294.182,0,0,0,0,0,0,0,0,0,0,0,0,0,0,0,0,0,0,0,0,553.057,0,0,-258.874
"MtrElec",6,30,19,"",234.777,0,0,0,0,0,0,0,0,0,0,0,0,0,0,0,0,0,0,0,0,551.351,0,-223.217,-93.3571
"MtrElec",6,30,20,"",246.031,0,0,0,0,0,0,0,0,0,0,0,0,0,0,0,0,0,0,0,0,481.992,0,-223.217,-12.7439
"MtrElec",6,30,21,"",502.809,0,0,0,0,0,0,0,0,0,0,0,0,0,0,0,0,0,0,0,0,508.979,0,-6.17017,0
"MtrElec",6,30,22,"",320.256,0,0,0,0,0,0,0,0,0,0,0,0,0,0,0,0,0,0,0,0,320.256,0,0,0
"MtrElec",6,30,23,"",296.812,0,0,0,0,0,0,0,0,0,0,0,0,0,0,0,0,0,0,0,0,296.812,0,0,0
"MtrElec",6,30,24,"",262.846,0,0,0,0,0,0,0,0,0,0,0,0,0,0,0,0,0,0,0,0,262.846,0,0,0
"MtrElec",7,1,1,"",165.638,0,0,0,0,0,0,0,0,0,0,0,0,0,0,0,0,0,0,0,0,165.638,0,0,0
"MtrElec",7,1,2,"",157.818,0,0,0,0,0,0,0,0,0,0,0,0,0,0,0,0,0,0,0,0,157.818,0,0,0
"MtrElec",7,1,3,"",153.63,0,0,0,0,0,0,0,0,0,0,0,0,0,0,0,0,0,0,0,0,153.63,0,0,0
"MtrElec",7,1,4,"",152.838,0,0,0,0,0,0,0,0,0,0,0,0,0,0,0,0,0,0,0,0,152.838,0,0,0
"MtrElec",7,1,5,"",149.614,0,0,0,0,0,0,0,0,0,0,0,0,0,0,0,0,0,0,0,0,149.614,0,0,0
"MtrElec",7,1,6,"",183.118,0,0,0,0,0,0,0,0,0,0,0,0,0,0,0,0,0,0,0,0,183.118,0,0,0
"MtrElec",7,1,7,"",243.681,0,0,0,0,0,0,0,0,0,0,0,0,0,0,0,0,0,0,0,0,261.144,0,0,-17.4626
"MtrElec",7,1,8,"",193.426,0,0,0,0,0,0,0,0,0,0,0,0,0,0,0,0,0,0,0,0,319.713,0,0,-126.287
"MtrElec",7,1,9,"",123.517,0,0,0,0,0,0,0,0,0,0,0,0,0,0,0,0,0,0,0,0,426.531,0,0,-303.014
"MtrElec",7,1,10,"",38.7027,0,0,0,0,0,0,0,0,0,0,0,0,0,0,0,0,0,0,0,0,499.135,0,0,-460.432
"MtrElec",7,1,11,"",0,0,0,0,0,0,0,0,0,0,0,0,0,0,0,0,0,0,0,0,0,538.524,0,34.4979,-573.022
"MtrElec",7,1,12,"",0.0000078,0,0,0,0,0,0,0,0,0,0,0,0,0,0,0,0,0,0,0,0,550.402,0,79.5466,-629.949
"MtrElec",7,1,13,"",0.0000078,0,0,0,0,0,0,0,0,0,0,0,0,0,0,0,0,0,0,0,0,557.366,0,128.771,-686.138
"MtrElec",7,1,14,"",0,0,0,0,0,0,0,0,0,0,0,0,0,0,0,0,0,0,0,0,0,527.237,0,167.047,-694.284
"MtrElec",7,1,15,"",0,0,0,0,0,0,0,0,0,0,0,0,0,0,0,0,0,0,0,0,0,532.782,0,115.733,-648.515
"MtrElec",7,1,16,"",0,0,0,0,0,0,0,0,0,0,0,0,0,0,0,0,0,0,0,0,0,544.898,0,14.2268,-559.125
"MtrElec",7,1,17,"",178.129,0,0,0,0,0,0,0,0,0,0,0,0,0,0,0,0,0,0,0,0,610.193,0,0,-432.064
"MtrElec",7,1,18,"",289.71,0,0,0,0,0,0,0,0,0,0,0,0,0,0,0,0,0,0,0,0,558.922,0,0,-269.212
"MtrElec",7,1,19,"",222.481,0,0,0,0,0,0,0,0,0,0,0,0,0,0,0,0,0,0,0,0,540.65,0,-223.217,-94.9528
"MtrElec",7,1,20,"",304.47,0,0,0,0,0,0,0,0,0,0,0,0,0,0,0,0,0,0,0,0,538.364,0,-223.217,-10.6776
"MtrElec",7,1,21,"",459.549,0,0,0,0,0,0,0,0,0,0,0,0,0,0,0,0,0,0,0,0,500.305,0,-40.7562,0
"MtrElec",7,1,22,"",353.197,0,0,0,0,0,0,0,0,0,0,0,0,0,0,0,0,0,0,0,0,353.197,0,0,0
"MtrElec",7,1,23,"",289.928,0,0,0,0,0,0,0,0,0,0,0,0,0,0,0,0,0,0,0,0,289.928,0,0,0
"MtrElec",7,1,24,"",210.27,0,0,0,0,0,0,0,0,0,0,0,0,0,0,0,0,0,0,0,0,210.27,0,0,0
"MtrElec",7,2,1,"",170.423,0,0,0,0,0,0,0,0,0,0,0,0,0,0,0,0,0,0,0,0,170.423,0,0,0
"MtrElec",7,2,2,"",157.034,0,0,0,0,0,0,0,0,0,0,0,0,0,0,0,0,0,0,0,0,157.034,0,0,0
"MtrElec",7,2,3,"",148.253,0,0,0,0,0,0,0,0,0,0,0,0,0,0,0,0,0,0,0,0,148.253,0,0,0
"MtrElec",7,2,4,"",146.133,0,0,0,0,0,0,0,0,0,0,0,0,0,0,0,0,0,0,0,0,146.133,0,0,0
"MtrElec",7,2,5,"",148.965,0,0,0,0,0,0,0,0,0,0,0,0,0,0,0,0,0,0,0,0,148.965,0,0,0
"MtrElec",7,2,6,"",173.669,0,0,0,0,0,0,0,0,0,0,0,0,0,0,0,0,0,0,0,0,173.669,0,0,0
"MtrElec",7,2,7,"",260.13,0,0,0,0,0,0,0,0,0,0,0,0,0,0,0,0,0,0,0,0,278.315,0,0,-18.1848
"MtrElec",7,2,8,"",188.369,0,0,0,0,0,0,0,0,0,0,0,0,0,0,0,0,0,0,0,0,314.834,0,0,-126.465
"MtrElec",7,2,9,"",83.6725,0,0,0,0,0,0,0,0,0,0,0,0,0,0,0,0,0,0,0,0,388.83,0,0,-305.158
"MtrElec",7,2,10,"",56.3688,0,0,0,0,0,0,0,0,0,0,0,0,0,0,0,0,0,0,0,0,514.196,0,0,-457.827
"MtrElec",7,2,11,"",0,0,0,0,0,0,0,0,0,0,0,0,0,0,0,0,0,0,0,0,0,540.606,0,27.8838,-568.49
"MtrElec",7,2,12,"",0,0,0,0,0,0,0,0,0,0,0,0,0,0,0,0,0,0,0,0,0,556.875,0,93.598,-650.473
"MtrElec",7,2,13,"",0.0000156,0,0,0,0,0,0,0,0,0,0,0,0,0,0,0,0,0,0,0,0,503.42,0,181.039,-684.459
"MtrElec",7,2,14,"",0,0,0,0,0,0,0,0,0,0,0,0,0,0,0,0,0,0,0,0,0,526.381,0,156.604,-682.985
"MtrElec",7,2,15,"",0.0000078,0,0,0,0,0,0,0,0,0,0,0,0,0,0,0,0,0,0,0,0,516.728,0,127.451,-644.178
"MtrElec",7,2,16,"",2.21712,0,0,0,0,0,0,0,0,0,0,0,0,0,0,0,0,0,0,0,0,559.919,0,0,-557.701
"MtrElec",7,2,17,"",155.32,0,0,0,0,0,0,0,0,0,0,0,0,0,0,0,0,0,0,0,0,589.638,0,0,-434.318
"MtrElec",7,2,18,"",330.51,0,0,0,0,0,0,0,0,0,0,0,0,0,0,0,0,0,0,0,0,604.321,0,0,-273.811
"MtrElec",7,2,19,"",266.795,0,0,0,0,0,0,0,0,0,0,0,0,0,0,0,0,0,0,0,0,586.045,0,-223.217,-96.0338
"MtrElec",7,2,20,"",308.267,0,0,0,0,0,0,0,0,0,0,0,0,0,0,0,0,0,0,0,0,541.571,0,-223.217,-10.0879
"MtrElec",7,2,21,"",431.191,0,0,0,0,0,0,0,0,0,0,0,0,0,0,0,0,0,0,0,0,514.141,0,-82.9505,0
"MtrElec",7,2,22,"",367.777,0,0,0,0,0,0,0,0,0,0,0,0,0,0,0,0,0,0,0,0,367.777,0,0,0
"MtrElec",7,2,23,"",297.058,0,0,0,0,0,0,0,0,0,0,0,0,0,0,0,0,0,0,0,0,297.058,0,0,0
"MtrElec",7,2,24,"",220.46,0,0,0,0,0,0,0,0,0,0,0,0,0,0,0,0,0,0,0,0,220.46,0,0,0
"MtrElec",7,3,1,"",164.329,0,0,0,0,0,0,0,0,0,0,0,0,0,0,0,0,0,0,0,0,164.329,0,0,0
"MtrElec",7,3,2,"",158.098,0,0,0,0,0,0,0,0,0,0,0,0,0,0,0,0,0,0,0,0,158.098,0,0,0
"MtrElec",7,3,3,"",151.069,0,0,0,0,0,0,0,0,0,0,0,0,0,0,0,0,0,0,0,0,151.069,0,0,0
"MtrElec",7,3,4,"",149.271,0,0,0,0,0,0,0,0,0,0,0,0,0,0,0,0,0,0,0,0,149.271,0,0,0
"MtrElec",7,3,5,"",144.615,0,0,0,0,0,0,0,0,0,0,0,0,0,0,0,0,0,0,0,0,144.615,0,0,0
"MtrElec",7,3,6,"",178.348,0,0,0,0,0,0,0,0,0,0,0,0,0,0,0,0,0,0,0,0,178.348,0,0,0
"MtrElec",7,3,7,"",208.697,0,0,0,0,0,0,0,0,0,0,0,0,0,0,0,0,0,0,0,0,227.529,0,0,-18.8318
"MtrElec",7,3,8,"",229.616,0,0,0,0,0,0,0,0,0,0,0,0,0,0,0,0,0,0,0,0,356.053,0,0,-126.438
"MtrElec",7,3,9,"",127.125,0,0,0,0,0,0,0,0,0,0,0,0,0,0,0,0,0,0,0,0,429.104,0,0,-301.979
"MtrElec",7,3,10,"",177.684,0,0,0,0,0,0,0,0,0,0,0,0,0,0,0,0,0,0,0,0,635.426,0,0,-457.742
"MtrElec",7,3,11,"",62.5144,0,0,0,0,0,0,0,0,0,0,0,0,0,0,0,0,0,0,0,0,632.147,0,0,-569.632
"MtrElec",7,3,12,"",49.6138,0,0,0,0,0,0,0,0,0,0,0,0,0,0,0,0,0,0,0,0,690.774,0,0,-641.16
"MtrElec",7,3,13,"",0.0000078,0,0,0,0,0,0,0,0,0,0,0,0,0,0,0,0,0,0,0,0,612.172,0,71.3096,-683.482
"MtrElec",7,3,14,"",0.0000078,0,0,0,0,0,0,0,0,0,0,0,0,0,0,0,0,0,0,0,0,554.101,0,124.883,-678.984
"MtrElec",7,3,15,"",0.0000039,0,0,0,0,0,0,0,0,0,0,0,0,0,0,0,0,0,0,0,0,575.103,0,58.3964,-633.499
"MtrElec",7,3,16,"",0,0,0,0,0,0,0,0,0,0,0,0,0,0,0,0,0,0,0,0,0,552.773,0,2.59188,-555.365
"MtrElec",7,3,17,"",184.499,0,0,0,0,0,0,0,0,0,0,0,0,0,0,0,0,0,0,0,0,614.769,0,0,-430.269
"MtrElec",7,3,18,"",384.956,0,0,0,0,0,0,0,0,0,0,0,0,0,0,0,0,0,0,0,0,650.473,0,0,-265.517
"MtrElec",7,3,19,"",284.274,0,0,0,0,0,0,0,0,0,0,0,0,0,0,0,0,0,0,0,0,601.646,0,-223.217,-94.1545
"MtrElec",7,3,20,"",479.014,0,0,0,0,0,0,0,0,0,0,0,0,0,0,0,0,0,0,0,0,497.896,0,-8.88902,-9.99321
"MtrElec",7,3,21,"",454.088,0,0,0,0,0,0,0,0,0,0,0,0,0,0,0,0,0,0,0,0,454.088,0,0,0
"MtrElec",7,3,22,"",317.532,0,0,0,0,0,0,0,0,0,0,0,0,0,0,0,0,0,0,0,0,317.532,0,0,0
"MtrElec",7,3,23,"",232.975,0,0,0,0,0,0,0,0,0,0,0,0,0,0,0,0,0,0,0,0,232.975,0,0,0
"MtrElec",7,3,24,"",213.37,0,0,0,0,0,0,0,0,0,0,0,0,0,0,0,0,0,0,0,0,213.37,0,0,0
"MtrElec",7,4,1,"",199.683,0,0,0,0,0,0,0,0,0,0,0,0,0,0,0,0,0,0,0,0,199.683,0,0,0
"MtrElec",7,4,2,"",159.374,0,0,0,0,0,0,0,0,0,0,0,0,0,0,0,0,0,0,0,0,159.374,0,0,0
"MtrElec",7,4,3,"",156.613,0,0,0,0,0,0,0,0,0,0,0,0,0,0,0,0,0,0,0,0,156.613,0,0,0
"MtrElec",7,4,4,"",155.634,0,0,0,0,0,0,0,0,0,0,0,0,0,0,0,0,0,0,0,0,155.634,0,0,0
"MtrElec",7,4,5,"",183.959,0,0,0,0,0,0,0,0,0,0,0,0,0,0,0,0,0,0,0,0,183.959,0,0,0
"MtrElec",7,4,6,"",148.804,0,0,0,0,0,0,0,0,0,0,0,0,0,0,0,0,0,0,0,0,148.804,0,0,0
"MtrElec",7,4,7,"",215.177,0,0,0,0,0,0,0,0,0,0,0,0,0,0,0,0,0,0,0,0,235.513,0,0,-20.3364
"MtrElec",7,4,8,"",159.008,0,0,0,0,0,0,0,0,0,0,0,0,0,0,0,0,0,0,0,0,282.135,0,0,-123.127
"MtrElec",7,4,9,"",32.4553,0,0,0,0,0,0,0,0,0,0,0,0,0,0,0,0,0,0,0,0,325.337,0,0,-292.882
"MtrElec",7,4,10,"",66.8658,0,0,0,0,0,0,0,0,0,0,0,0,0,0,0,0,0,0,0,0,496.146,0,0,-429.28
"MtrElec",7,4,11,"",198.997,0,0,0,0,0,0,0,0,0,0,0,0,0,0,0,0,0,0,0,0,689.058,0,0,-490.061
"MtrElec",7,4,12,"",88.9054,0,0,0,0,0,0,0,0,0,0,0,0,0,0,0,0,0,0,0,0,642.666,0,0,-553.761
"MtrElec",7,4,13,"",29.3443,0,0,0,0,0,0,0,0,0,0,0,0,0,0,0,0,0,0,0,0,606.661,0,0,-577.317
"MtrElec",7,4,14,"",8.30912,0,0,0,0,0,0,0,0,0,0,0,0,0,0,0,0,0,0,0,0,589.495,0,0,-581.186
"MtrElec",7,4,15,"",18.2697,0,0,0,0,0,0,0,0,0,0,0,0,0,0,0,0,0,0,0,0,562.334,0,0,-544.065
"MtrElec",7,4,16,"",87.4006,0,0,0,0,0,0,0,0,0,0,0,0,0,0,0,0,0,0,0,0,554.244,0,0,-466.844
"MtrElec",7,4,17,"",132.991,0,0,0,0,0,0,0,0,0,0,0,0,0,0,0,0,0,0,0,0,500.977,0,0,-367.986
"MtrElec",7,4,18,"",345.521,0,0,0,0,0,0,0,0,0,0,0,0,0,0,0,0,0,0,0,0,568.329,0,0,-222.809
"MtrElec",7,4,19,"",453.171,0,0,0,0,0,0,0,0,0,0,0,0,0,0,0,0,0,0,0,0,541.046,0,0,-87.8751
"MtrElec",7,4,20,"",440.648,0,0,0,0,0,0,0,0,0,0,0,0,0,0,0,0,0,0,0,0,459.769,0,0,-19.1208
"MtrElec",7,4,21,"",387.899,0,0,0,0,0,0,0,0,0,0,0,0,0,0,0,0,0,0,0,0,387.899,0,0,0
"MtrElec",7,4,22,"",308.079,0,0,0,0,0,0,0,0,0,0,0,0,0,0,0,0,0,0,0,0,308.079,0,0,0
"MtrElec",7,4,23,"",273.293,0,0,0,0,0,0,0,0,0,0,0,0,0,0,0,0,0,0,0,0,273.293,0,0,0
"MtrElec",7,4,24,"",284.155,0,0,0,0,0,0,0,0,0,0,0,0,0,0,0,0,0,0,0,0,284.155,0,0,0
"MtrElec",7,5,1,"",184.629,0,0,0,0,0,0,0,0,0,0,0,0,0,0,0,0,0,0,0,0,184.629,0,0,0
"MtrElec",7,5,2,"",151.515,0,0,0,0,0,0,0,0,0,0,0,0,0,0,0,0,0,0,0,0,151.515,0,0,0
"MtrElec",7,5,3,"",151.118,0,0,0,0,0,0,0,0,0,0,0,0,0,0,0,0,0,0,0,0,151.118,0,0,0
"MtrElec",7,5,4,"",149.396,0,0,0,0,0,0,0,0,0,0,0,0,0,0,0,0,0,0,0,0,149.396,0,0,0
"MtrElec",7,5,5,"",165.463,0,0,0,0,0,0,0,0,0,0,0,0,0,0,0,0,0,0,0,0,165.463,0,0,0
"MtrElec",7,5,6,"",147.403,0,0,0,0,0,0,0,0,0,0,0,0,0,0,0,0,0,0,0,0,147.403,0,0,0
"MtrElec",7,5,7,"",165.385,0,0,0,0,0,0,0,0,0,0,0,0,0,0,0,0,0,0,0,0,193.902,0,0,-28.5169
"MtrElec",7,5,8,"",81.5742,0,0,0,0,0,0,0,0,0,0,0,0,0,0,0,0,0,0,0,0,202.947,0,0,-121.372
"MtrElec",7,5,9,"",49.1468,0,0,0,0,0,0,0,0,0,0,0,0,0,0,0,0,0,0,0,0,297.541,0,0,-248.394
"MtrElec",7,5,10,"",-39.347,0,0,0,0,0,0,0,0,0,0,0,0,0,0,0,0,0,0,0,0,392.864,0,0,-432.211
"MtrElec",7,5,11,"",0.0000039,0,0,0,0,0,0,0,0,0,0,0,0,0,0,0,0,0,0,0,0,476.778,0,54.0905,-530.869
"MtrElec",7,5,12,"",0,0,0,0,0,0,0,0,0,0,0,0,0,0,0,0,0,0,0,0,0,503.308,0,104.204,-607.511
"MtrElec",7,5,13,"",0,0,0,0,0,0,0,0,0,0,0,0,0,0,0,0,0,0,0,0,0,514.684,0,93.2825,-607.966
"MtrElec",7,5,14,"",0,0,0,0,0,0,0,0,0,0,0,0,0,0,0,0,0,0,0,0,0,462.945,0,189.045,-651.99
"MtrElec",7,5,15,"",0,0,0,0,0,0,0,0,0,0,0,0,0,0,0,0,0,0,0,0,0,449.113,0,166.599,-615.711
"MtrElec",7,5,16,"",0,0,0,0,0,0,0,0,0,0,0,0,0,0,0,0,0,0,0,0,0,469.981,0,65.2741,-535.255
"MtrElec",7,5,17,"",84.96,0,0,0,0,0,0,0,0,0,0,0,0,0,0,0,0,0,0,0,0,490.447,0,0,-405.487
"MtrElec",7,5,18,"",228.798,0,0,0,0,0,0,0,0,0,0,0,0,0,0,0,0,0,0,0,0,480.023,0,0,-251.225
"MtrElec",7,5,19,"",177.195,0,0,0,0,0,0,0,0,0,0,0,0,0,0,0,0,0,0,0,0,500.397,0,-223.217,-99.9849
"MtrElec",7,5,20,"",158.715,0,0,0,0,0,0,0,0,0,0,0,0,0,0,0,0,0,0,0,0,403.298,0,-223.217,-21.3663
"MtrElec",7,5,21,"",165.944,0,0,0,0,0,0,0,0,0,0,0,0,0,0,0,0,0,0,0,0,326.436,0,-160.492,0
"MtrElec",7,5,22,"",332.454,0,0,0,0,0,0,0,0,0,0,0,0,0,0,0,0,0,0,0,0,332.454,0,0,0
"MtrElec",7,5,23,"",213.201,0,0,0,0,0,0,0,0,0,0,0,0,0,0,0,0,0,0,0,0,213.201,0,0,0
"MtrElec",7,5,24,"",243.346,0,0,0,0,0,0,0,0,0,0,0,0,0,0,0,0,0,0,0,0,243.346,0,0,0
"MtrElec",7,6,1,"",167.334,0,0,0,0,0,0,0,0,0,0,0,0,0,0,0,0,0,0,0,0,167.334,0,0,0
"MtrElec",7,6,2,"",155.919,0,0,0,0,0,0,0,0,0,0,0,0,0,0,0,0,0,0,0,0,155.919,0,0,0
"MtrElec",7,6,3,"",150.381,0,0,0,0,0,0,0,0,0,0,0,0,0,0,0,0,0,0,0,0,150.381,0,0,0
"MtrElec",7,6,4,"",148.184,0,0,0,0,0,0,0,0,0,0,0,0,0,0,0,0,0,0,0,0,148.184,0,0,0
"MtrElec",7,6,5,"",147.705,0,0,0,0,0,0,0,0,0,0,0,0,0,0,0,0,0,0,0,0,147.705,0,0,0
"MtrElec",7,6,6,"",178.108,0,0,0,0,0,0,0,0,0,0,0,0,0,0,0,0,0,0,0,0,178.108,0,0,0
"MtrElec",7,6,7,"",192.209,0,0,0,0,0,0,0,0,0,0,0,0,0,0,0,0,0,0,0,0,216.38,0,0,-24.1711
"MtrElec",7,6,8,"",188.959,0,0,0,0,0,0,0,0,0,0,0,0,0,0,0,0,0,0,0,0,291.27,0,0,-102.312
"MtrElec",7,6,9,"",120.129,0,0,0,0,0,0,0,0,0,0,0,0,0,0,0,0,0,0,0,0,339.131,0,0,-219.003
"MtrElec",7,6,10,"",-74.7978,0,0,0,0,0,0,0,0,0,0,0,0,0,0,0,0,0,0,0,0,357.507,0,0,-432.305
"MtrElec",7,6,11,"",0,0,0,0,0,0,0,0,0,0,0,0,0,0,0,0,0,0,0,0,0,441.275,0,90.3477,-531.623
"MtrElec",7,6,12,"",0.0000156,0,0,0,0,0,0,0,0,0,0,0,0,0,0,0,0,0,0,0,0,451.665,0,153.474,-605.139
"MtrElec",7,6,13,"",0,0,0,0,0,0,0,0,0,0,0,0,0,0,0,0,0,0,0,0,0,493.344,0,152.992,-646.336
"MtrElec",7,6,14,"",0.0000156,0,0,0,0,0,0,0,0,0,0,0,0,0,0,0,0,0,0,0,0,426.691,0,217.747,-644.439
"MtrElec",7,6,15,"",0,0,0,0,0,0,0,0,0,0,0,0,0,0,0,0,0,0,0,0,0,434.802,0,173.119,-607.921
"MtrElec",7,6,16,"",-86.6353,0,0,0,0,0,0,0,0,0,0,0,0,0,0,0,0,0,0,0,0,428.961,0,11.2024,-526.798
"MtrElec",7,6,17,"",85.8704,0,0,0,0,0,0,0,0,0,0,0,0,0,0,0,0,0,0,0,0,491.553,0,0,-405.682
"MtrElec",7,6,18,"",192.122,0,0,0,0,0,0,0,0,0,0,0,0,0,0,0,0,0,0,0,0,446.765,0,0,-254.643
"MtrElec",7,6,19,"",116.005,0,0,0,0,0,0,0,0,0,0,0,0,0,0,0,0,0,0,0,0,439.405,0,-223.217,-100.183
"MtrElec",7,6,20,"",120.113,0,0,0,0,0,0,0,0,0,0,0,0,0,0,0,0,0,0,0,0,363.642,0,-223.217,-20.3118
"MtrElec",7,6,21,"",96.6068,0,0,0,0,0,0,0,0,0,0,0,0,0,0,0,0,0,0,0,0,319.824,0,-223.217,0
"MtrElec",7,6,22,"",217.053,0,0,0,0,0,0,0,0,0,0,0,0,0,0,0,0,0,0,0,0,268.393,0,-51.3398,0
"MtrElec",7,6,23,"",264.166,0,0,0,0,0,0,0,0,0,0,0,0,0,0,0,0,0,0,0,0,264.166,0,0,0
"MtrElec",7,6,24,"",208.757,0,0,0,0,0,0,0,0,0,0,0,0,0,0,0,0,0,0,0,0,208.757,0,0,0
"MtrElec",7,7,1,"",158.642,0,0,0,0,0,0,0,0,0,0,0,0,0,0,0,0,0,0,0,0,158.642,0,0,0
"MtrElec",7,7,2,"",148.589,0,0,0,0,0,0,0,0,0,0,0,0,0,0,0,0,0,0,0,0,148.589,0,0,0
"MtrElec",7,7,3,"",144.769,0,0,0,0,0,0,0,0,0,0,0,0,0,0,0,0,0,0,0,0,144.769,0,0,0
"MtrElec",7,7,4,"",144.052,0,0,0,0,0,0,0,0,0,0,0,0,0,0,0,0,0,0,0,0,144.052,0,0,0
"MtrElec",7,7,5,"",173.534,0,0,0,0,0,0,0,0,0,0,0,0,0,0,0,0,0,0,0,0,173.534,0,0,0
"MtrElec",7,7,6,"",147.714,0,0,0,0,0,0,0,0,0,0,0,0,0,0,0,0,0,0,0,0,147.714,0,0,0
"MtrElec",7,7,7,"",231.893,0,0,0,0,0,0,0,0,0,0,0,0,0,0,0,0,0,0,0,0,257.728,0,0,-25.835
"MtrElec",7,7,8,"",184.949,0,0,0,0,0,0,0,0,0,0,0,0,0,0,0,0,0,0,0,0,293.874,0,0,-108.925
"MtrElec",7,7,9,"",131.982,0,0,0,0,0,0,0,0,0,0,0,0,0,0,0,0,0,0,0,0,357.695,0,0,-225.713
"MtrElec",7,7,10,"",38.4492,0,0,0,0,0,0,0,0,0,0,0,0,0,0,0,0,0,0,0,0,476.229,0,0,-437.78
"MtrElec",7,7,11,"",0,0,0,0,0,0,0,0,0,0,0,0,0,0,0,0,0,0,0,0,0,514.493,0,40.1271,-554.62
"MtrElec",7,7,12,"",0,0,0,0,0,0,0,0,0,0,0,0,0,0,0,0,0,0,0,0,0,500.414,0,136.361,-636.775
"MtrElec",7,7,13,"",0,0,0,0,0,0,0,0,0,0,0,0,0,0,0,0,0,0,0,0,0,505.41,0,172.751,-678.16
"MtrElec",7,7,14,"",-17.0532,0,0,0,0,0,0,0,0,0,0,0,0,0,0,0,0,0,0,0,0,438.934,0,223.217,-679.204
"MtrElec",7,7,15,"",0.0000156,0,0,0,0,0,0,0,0,0,0,0,0,0,0,0,0,0,0,0,0,467.296,0,172.181,-639.477
"MtrElec",7,7,16,"",-27.7181,0,0,0,0,0,0,0,0,0,0,0,0,0,0,0,0,0,0,0,0,475.533,0,54.2448,-557.496
"MtrElec",7,7,17,"",92.791,0,0,0,0,0,0,0,0,0,0,0,0,0,0,0,0,0,0,0,0,519.631,0,0,-426.84
"MtrElec",7,7,18,"",237.076,0,0,0,0,0,0,0,0,0,0,0,0,0,0,0,0,0,0,0,0,502.356,0,0,-265.279
"MtrElec",7,7,19,"",229.371,0,0,0,0,0,0,0,0,0,0,0,0,0,0,0,0,0,0,0,0,547.618,0,-223.217,-95.0296
"MtrElec",7,7,20,"",239.378,0,0,0,0,0,0,0,0,0,0,0,0,0,0,0,0,0,0,0,0,474.168,0,-223.217,-11.5734
"MtrElec",7,7,21,"",205.136,0,0,0,0,0,0,0,0,0,0,0,0,0,0,0,0,0,0,0,0,428.353,0,-223.217,0
"MtrElec",7,7,22,"",291.447,0,0,0,0,0,0,0,0,0,0,0,0,0,0,0,0,0,0,0,0,342.787,0,-51.3398,0
"MtrElec",7,7,23,"",251.385,0,0,0,0,0,0,0,0,0,0,0,0,0,0,0,0,0,0,0,0,251.385,0,0,0
"MtrElec",7,7,24,"",220.216,0,0,0,0,0,0,0,0,0,0,0,0,0,0,0,0,0,0,0,0,220.216,0,0,0
"MtrElec",7,8,1,"",150.4,0,0,0,0,0,0,0,0,0,0,0,0,0,0,0,0,0,0,0,0,150.4,0,0,0
"MtrElec",7,8,2,"",148.866,0,0,0,0,0,0,0,0,0,0,0,0,0,0,0,0,0,0,0,0,148.866,0,0,0
"MtrElec",7,8,3,"",149.123,0,0,0,0,0,0,0,0,0,0,0,0,0,0,0,0,0,0,0,0,149.123,0,0,0
"MtrElec",7,8,4,"",157.024,0,0,0,0,0,0,0,0,0,0,0,0,0,0,0,0,0,0,0,0,157.024,0,0,0
"MtrElec",7,8,5,"",148.543,0,0,0,0,0,0,0,0,0,0,0,0,0,0,0,0,0,0,0,0,148.543,0,0,0
"MtrElec",7,8,6,"",186.341,0,0,0,0,0,0,0,0,0,0,0,0,0,0,0,0,0,0,0,0,186.341,0,0,0
"MtrElec",7,8,7,"",202.979,0,0,0,0,0,0,0,0,0,0,0,0,0,0,0,0,0,0,0,0,225.223,0,0,-22.2435
"MtrElec",7,8,8,"",254.325,0,0,0,0,0,0,0,0,0,0,0,0,0,0,0,0,0,0,0,0,342.575,0,0,-88.2504
"MtrElec",7,8,9,"",249.872,0,0,0,0,0,0,0,0,0,0,0,0,0,0,0,0,0,0,0,0,425.265,0,0,-175.393
"MtrElec",7,8,10,"",62.4197,0,0,0,0,0,0,0,0,0,0,0,0,0,0,0,0,0,0,0,0,474.076,0,0,-411.656
"MtrElec",7,8,11,"",0,0,0,0,0,0,0,0,0,0,0,0,0,0,0,0,0,0,0,0,0,496.03,0,66.4307,-562.46
"MtrElec",7,8,12,"",0,0,0,0,0,0,0,0,0,0,0,0,0,0,0,0,0,0,0,0,0,561.287,0,69.8824,-631.169
"MtrElec",7,8,13,"",0,0,0,0,0,0,0,0,0,0,0,0,0,0,0,0,0,0,0,0,0,583.145,0,83.8896,-667.035
"MtrElec",7,8,14,"",0,0,0,0,0,0,0,0,0,0,0,0,0,0,0,0,0,0,0,0,0,469.609,0,210.434,-680.044
"MtrElec",7,8,15,"",0.0000078,0,0,0,0,0,0,0,0,0,0,0,0,0,0,0,0,0,0,0,0,526.841,0,108.89,-635.732
"MtrElec",7,8,16,"",0.0000078,0,0,0,0,0,0,0,0,0,0,0,0,0,0,0,0,0,0,0,0,472.117,0,81.2674,-553.385
"MtrElec",7,8,17,"",96.113,0,0,0,0,0,0,0,0,0,0,0,0,0,0,0,0,0,0,0,0,523.248,0,0,-427.135
"MtrElec",7,8,18,"",267.1,0,0,0,0,0,0,0,0,0,0,0,0,0,0,0,0,0,0,0,0,533.549,0,0,-266.45
"MtrElec",7,8,19,"",219.175,0,0,0,0,0,0,0,0,0,0,0,0,0,0,0,0,0,0,0,0,537.357,0,-223.217,-94.9653
"MtrElec",7,8,20,"",266.901,0,0,0,0,0,0,0,0,0,0,0,0,0,0,0,0,0,0,0,0,501.701,0,-223.217,-11.5825
"MtrElec",7,8,21,"",297.735,0,0,0,0,0,0,0,0,0,0,0,0,0,0,0,0,0,0,0,0,411.569,0,-113.833,0
"MtrElec",7,8,22,"",335.878,0,0,0,0,0,0,0,0,0,0,0,0,0,0,0,0,0,0,0,0,335.878,0,0,0
"MtrElec",7,8,23,"",236.85,0,0,0,0,0,0,0,0,0,0,0,0,0,0,0,0,0,0,0,0,236.85,0,0,0
"MtrElec",7,8,24,"",237.863,0,0,0,0,0,0,0,0,0,0,0,0,0,0,0,0,0,0,0,0,237.863,0,0,0
"MtrElec",7,9,1,"",196.685,0,0,0,0,0,0,0,0,0,0,0,0,0,0,0,0,0,0,0,0,196.685,0,0,0
"MtrElec",7,9,2,"",155.92,0,0,0,0,0,0,0,0,0,0,0,0,0,0,0,0,0,0,0,0,155.92,0,0,0
"MtrElec",7,9,3,"",147.84,0,0,0,0,0,0,0,0,0,0,0,0,0,0,0,0,0,0,0,0,147.84,0,0,0
"MtrElec",7,9,4,"",156.454,0,0,0,0,0,0,0,0,0,0,0,0,0,0,0,0,0,0,0,0,156.454,0,0,0
"MtrElec",7,9,5,"",144.12,0,0,0,0,0,0,0,0,0,0,0,0,0,0,0,0,0,0,0,0,144.12,0,0,0
"MtrElec",7,9,6,"",168.43,0,0,0,0,0,0,0,0,0,0,0,0,0,0,0,0,0,0,0,0,168.43,0,0,0
"MtrElec",7,9,7,"",218.624,0,0,0,0,0,0,0,0,0,0,0,0,0,0,0,0,0,0,0,0,237.17,0,0,-18.5457
"MtrElec",7,9,8,"",245.794,0,0,0,0,0,0,0,0,0,0,0,0,0,0,0,0,0,0,0,0,321.735,0,0,-75.9411
"MtrElec",7,9,9,"",181.612,0,0,0,0,0,0,0,0,0,0,0,0,0,0,0,0,0,0,0,0,342.159,0,0,-160.547
"MtrElec",7,9,10,"",62.7499,0,0,0,0,0,0,0,0,0,0,0,0,0,0,0,0,0,0,0,0,468.903,0,0,-406.153
"MtrElec",7,9,11,"",0.0000039,0,0,0,0,0,0,0,0,0,0,0,0,0,0,0,0,0,0,0,0,490.949,0,58.2729,-549.222
"MtrElec",7,9,12,"",0,0,0,0,0,0,0,0,0,0,0,0,0,0,0,0,0,0,0,0,0,498.657,0,117.049,-615.706
"MtrElec",7,9,13,"",0.0000156,0,0,0,0,0,0,0,0,0,0,0,0,0,0,0,0,0,0,0,0,484.735,0,182.005,-666.741
"MtrElec",7,9,14,"",0.0000156,0,0,0,0,0,0,0,0,0,0,0,0,0,0,0,0,0,0,0,0,468.504,0,200.441,-668.945
"MtrElec",7,9,15,"",0.0000156,0,0,0,0,0,0,0,0,0,0,0,0,0,0,0,0,0,0,0,0,458.138,0,163.544,-621.682
"MtrElec",7,9,16,"",0,0,0,0,0,0,0,0,0,0,0,0,0,0,0,0,0,0,0,0,0,504.635,0,27.7887,-532.424
"MtrElec",7,9,17,"",112.575,0,0,0,0,0,0,0,0,0,0,0,0,0,0,0,0,0,0,0,0,523.204,0,0,-410.628
"MtrElec",7,9,18,"",258.458,0,0,0,0,0,0,0,0,0,0,0,0,0,0,0,0,0,0,0,0,514.213,0,0,-255.755
"MtrElec",7,9,19,"",213.83,0,0,0,0,0,0,0,0,0,0,0,0,0,0,0,0,0,0,0,0,536.934,0,-223.217,-99.8875
"MtrElec",7,9,20,"",228.778,0,0,0,0,0,0,0,0,0,0,0,0,0,0,0,0,0,0,0,0,471.66,0,-223.217,-19.6649
"MtrElec",7,9,21,"",208.374,0,0,0,0,0,0,0,0,0,0,0,0,0,0,0,0,0,0,0,0,431.591,0,-223.217,0
"MtrElec",7,9,22,"",298.721,0,0,0,0,0,0,0,0,0,0,0,0,0,0,0,0,0,0,0,0,305.135,0,-6.41343,0
"MtrElec",7,9,23,"",199.725,0,0,0,0,0,0,0,0,0,0,0,0,0,0,0,0,0,0,0,0,199.725,0,0,0
"MtrElec",7,9,24,"",236.342,0,0,0,0,0,0,0,0,0,0,0,0,0,0,0,0,0,0,0,0,236.342,0,0,0
"MtrElec",7,10,1,"",163.289,0,0,0,0,0,0,0,0,0,0,0,0,0,0,0,0,0,0,0,0,163.289,0,0,0
"MtrElec",7,10,2,"",151.012,0,0,0,0,0,0,0,0,0,0,0,0,0,0,0,0,0,0,0,0,151.012,0,0,0
"MtrElec",7,10,3,"",148.341,0,0,0,0,0,0,0,0,0,0,0,0,0,0,0,0,0,0,0,0,148.341,0,0,0
"MtrElec",7,10,4,"",156.769,0,0,0,0,0,0,0,0,0,0,0,0,0,0,0,0,0,0,0,0,156.769,0,0,0
"MtrElec",7,10,5,"",178.687,0,0,0,0,0,0,0,0,0,0,0,0,0,0,0,0,0,0,0,0,178.687,0,0,0
"MtrElec",7,10,6,"",153.266,0,0,0,0,0,0,0,0,0,0,0,0,0,0,0,0,0,0,0,0,153.266,0,0,0
"MtrElec",7,10,7,"",251.151,0,0,0,0,0,0,0,0,0,0,0,0,0,0,0,0,0,0,0,0,267.78,0,0,-16.6287
"MtrElec",7,10,8,"",243.853,0,0,0,0,0,0,0,0,0,0,0,0,0,0,0,0,0,0,0,0,318.43,0,0,-74.5773
"MtrElec",7,10,9,"",225.398,0,0,0,0,0,0,0,0,0,0,0,0,0,0,0,0,0,0,0,0,348.492,0,0,-123.094
"MtrElec",7,10,10,"",315.807,0,0,0,0,0,0,0,0,0,0,0,0,0,0,0,0,0,0,0,0,451.965,0,0,-136.158
"MtrElec",7,10,11,"",62.5701,0,0,0,0,0,0,0,0,0,0,0,0,0,0,0,0,0,0,0,0,480.221,0,0,-417.651
"MtrElec",7,10,12,"",0.441375,0,0,0,0,0,0,0,0,0,0,0,0,0,0,0,0,0,0,0,0,495.521,0,0,-495.08
"MtrElec",7,10,13,"",13.2376,0,0,0,0,0,0,0,0,0,0,0,0,0,0,0,0,0,0,0,0,491.024,0,0,-477.786
"MtrElec",7,10,14,"",126.822,0,0,0,0,0,0,0,0,0,0,0,0,0,0,0,0,0,0,0,0,489.158,0,0,-362.335
"MtrElec",7,10,15,"",91.1162,0,0,0,0,0,0,0,0,0,0,0,0,0,0,0,0,0,0,0,0,425.821,0,0,-334.705
"MtrElec",7,10,16,"",2.8115,0,0,0,0,0,0,0,0,0,0,0,0,0,0,0,0,0,0,0,0,495.173,0,0,-492.362
"MtrElec",7,10,17,"",141.745,0,0,0,0,0,0,0,0,0,0,0,0,0,0,0,0,0,0,0,0,530.363,0,0,-388.618
"MtrElec",7,10,18,"",279.78,0,0,0,0,0,0,0,0,0,0,0,0,0,0,0,0,0,0,0,0,513.855,0,0,-234.075
"MtrElec",7,10,19,"",391.112,0,0,0,0,0,0,0,0,0,0,0,0,0,0,0,0,0,0,0,0,488.39,0,0,-97.2776
"MtrElec",7,10,20,"",385.101,0,0,0,0,0,0,0,0,0,0,0,0,0,0,0,0,0,0,0,0,404.83,0,0,-19.729
"MtrElec",7,10,21,"",440.238,0,0,0,0,0,0,0,0,0,0,0,0,0,0,0,0,0,0,0,0,440.238,0,0,0
"MtrElec",7,10,22,"",305.934,0,0,0,0,0,0,0,0,0,0,0,0,0,0,0,0,0,0,0,0,305.934,0,0,0
"MtrElec",7,10,23,"",231.738,0,0,0,0,0,0,0,0,0,0,0,0,0,0,0,0,0,0,0,0,231.738,0,0,0
"MtrElec",7,10,24,"",230.089,0,0,0,0,0,0,0,0,0,0,0,0,0,0,0,0,0,0,0,0,230.089,0,0,0
"MtrElec",7,11,1,"",168.937,0,0,0,0,0,0,0,0,0,0,0,0,0,0,0,0,0,0,0,0,168.937,0,0,0
"MtrElec",7,11,2,"",150.416,0,0,0,0,0,0,0,0,0,0,0,0,0,0,0,0,0,0,0,0,150.416,0,0,0
"MtrElec",7,11,3,"",149.189,0,0,0,0,0,0,0,0,0,0,0,0,0,0,0,0,0,0,0,0,149.189,0,0,0
"MtrElec",7,11,4,"",147.25,0,0,0,0,0,0,0,0,0,0,0,0,0,0,0,0,0,0,0,0,147.25,0,0,0
"MtrElec",7,11,5,"",144.05,0,0,0,0,0,0,0,0,0,0,0,0,0,0,0,0,0,0,0,0,144.05,0,0,0
"MtrElec",7,11,6,"",150.99,0,0,0,0,0,0,0,0,0,0,0,0,0,0,0,0,0,0,0,0,150.99,0,0,0
"MtrElec",7,11,7,"",204.846,0,0,0,0,0,0,0,0,0,0,0,0,0,0,0,0,0,0,0,0,214.802,0,0,-9.95597
"MtrElec",7,11,8,"",154.525,0,0,0,0,0,0,0,0,0,0,0,0,0,0,0,0,0,0,0,0,205.794,0,0,-51.2693
"MtrElec",7,11,9,"",192.028,0,0,0,0,0,0,0,0,0,0,0,0,0,0,0,0,0,0,0,0,292.395,0,0,-100.367
"MtrElec",7,11,10,"",185.987,0,0,0,0,0,0,0,0,0,0,0,0,0,0,0,0,0,0,0,0,382.412,0,0,-196.425
"MtrElec",7,11,11,"",67.8544,0,0,0,0,0,0,0,0,0,0,0,0,0,0,0,0,0,0,0,0,481.579,0,0,-413.725
"MtrElec",7,11,12,"",0.0000156,0,0,0,0,0,0,0,0,0,0,0,0,0,0,0,0,0,0,0,0,506.822,0,138.551,-645.373
"MtrElec",7,11,13,"",0,0,0,0,0,0,0,0,0,0,0,0,0,0,0,0,0,0,0,0,0,493.662,0,204.543,-698.205
"MtrElec",7,11,14,"",0,0,0,0,0,0,0,0,0,0,0,0,0,0,0,0,0,0,0,0,0,488.113,0,207.687,-695.801
"MtrElec",7,11,15,"",0.0000156,0,0,0,0,0,0,0,0,0,0,0,0,0,0,0,0,0,0,0,0,482.361,0,168.325,-650.685
"MtrElec",7,11,16,"",0.0000078,0,0,0,0,0,0,0,0,0,0,0,0,0,0,0,0,0,0,0,0,490.529,0,75.2139,-565.743
"MtrElec",7,11,17,"",26.7239,0,0,0,0,0,0,0,0,0,0,0,0,0,0,0,0,0,0,0,0,464.778,0,0,-438.054
"MtrElec",7,11,18,"",253.747,0,0,0,0,0,0,0,0,0,0,0,0,0,0,0,0,0,0,0,0,528.428,0,0,-274.68
"MtrElec",7,11,19,"",191.836,0,0,0,0,0,0,0,0,0,0,0,0,0,0,0,0,0,0,0,0,511.654,0,-223.217,-96.6005
"MtrElec",7,11,20,"",171.047,0,0,0,0,0,0,0,0,0,0,0,0,0,0,0,0,0,0,0,0,403.475,0,-223.217,-9.21148
"MtrElec",7,11,21,"",92.7617,0,0,0,0,0,0,0,0,0,0,0,0,0,0,0,0,0,0,0,0,315.978,0,-223.217,0
"MtrElec",7,11,22,"",263.886,0,0,0,0,0,0,0,0,0,0,0,0,0,0,0,0,0,0,0,0,311.11,0,-47.2236,0
"MtrElec",7,11,23,"",219.724,0,0,0,0,0,0,0,0,0,0,0,0,0,0,0,0,0,0,0,0,219.724,0,0,0
"MtrElec",7,11,24,"",225.457,0,0,0,0,0,0,0,0,0,0,0,0,0,0,0,0,0,0,0,0,225.457,0,0,0
"MtrElec",7,12,1,"",159.744,0,0,0,0,0,0,0,0,0,0,0,0,0,0,0,0,0,0,0,0,159.744,0,0,0
"MtrElec",7,12,2,"",147.388,0,0,0,0,0,0,0,0,0,0,0,0,0,0,0,0,0,0,0,0,147.388,0,0,0
"MtrElec",7,12,3,"",148.885,0,0,0,0,0,0,0,0,0,0,0,0,0,0,0,0,0,0,0,0,148.885,0,0,0
"MtrElec",7,12,4,"",148.09,0,0,0,0,0,0,0,0,0,0,0,0,0,0,0,0,0,0,0,0,148.09,0,0,0
"MtrElec",7,12,5,"",173.098,0,0,0,0,0,0,0,0,0,0,0,0,0,0,0,0,0,0,0,0,173.098,0,0,0
"MtrElec",7,12,6,"",150.779,0,0,0,0,0,0,0,0,0,0,0,0,0,0,0,0,0,0,0,0,150.779,0,0,0
"MtrElec",7,12,7,"",174.053,0,0,0,0,0,0,0,0,0,0,0,0,0,0,0,0,0,0,0,0,189.817,0,0,-15.7642
"MtrElec",7,12,8,"",102.059,0,0,0,0,0,0,0,0,0,0,0,0,0,0,0,0,0,0,0,0,218.89,0,0,-116.831
"MtrElec",7,12,9,"",-31.1275,0,0,0,0,0,0,0,0,0,0,0,0,0,0,0,0,0,0,0,0,261.471,0,0,-292.598
"MtrElec",7,12,10,"",-67.3652,0,0,0,0,0,0,0,0,0,0,0,0,0,0,0,0,0,0,0,0,387.844,0,0,-455.209
"MtrElec",7,12,11,"",0,0,0,0,0,0,0,0,0,0,0,0,0,0,0,0,0,0,0,0,0,470.251,0,102.334,-572.585
"MtrElec",7,12,12,"",0,0,0,0,0,0,0,0,0,0,0,0,0,0,0,0,0,0,0,0,0,463.768,0,180.159,-643.927
"MtrElec",7,12,13,"",-38.4402,0,0,0,0,0,0,0,0,0,0,0,0,0,0,0,0,0,0,0,0,432.274,0,223.217,-693.931
"MtrElec",7,12,14,"",-55.4894,0,0,0,0,0,0,0,0,0,0,0,0,0,0,0,0,0,0,0,0,411.252,0,223.217,-689.958
"MtrElec",7,12,15,"",-145.607,0,0,0,0,0,0,0,0,0,0,0,0,0,0,0,0,0,0,0,0,436.054,0,69.9546,-651.616
"MtrElec",7,12,16,"",-132.052,0,0,0,0,0,0,0,0,0,0,0,0,0,0,0,0,0,0,0,0,434.915,0,0,-566.967
"MtrElec",7,12,17,"",-10.9038,0,0,0,0,0,0,0,0,0,0,0,0,0,0,0,0,0,0,0,0,426.78,0,0,-437.684
"MtrElec",7,12,18,"",196.705,0,0,0,0,0,0,0,0,0,0,0,0,0,0,0,0,0,0,0,0,471.964,0,0,-275.259
"MtrElec",7,12,19,"",110.129,0,0,0,0,0,0,0,0,0,0,0,0,0,0,0,0,0,0,0,0,429.268,0,-223.217,-95.9222
"MtrElec",7,12,20,"",135.918,0,0,0,0,0,0,0,0,0,0,0,0,0,0,0,0,0,0,0,0,367.702,0,-223.217,-8.56792
"MtrElec",7,12,21,"",116.518,0,0,0,0,0,0,0,0,0,0,0,0,0,0,0,0,0,0,0,0,339.735,0,-223.217,0
"MtrElec",7,12,22,"",266.501,0,0,0,0,0,0,0,0,0,0,0,0,0,0,0,0,0,0,0,0,317.841,0,-51.3398,0
"MtrElec",7,12,23,"",200.617,0,0,0,0,0,0,0,0,0,0,0,0,0,0,0,0,0,0,0,0,200.617,0,0,0
"MtrElec",7,12,24,"",230.596,0,0,0,0,0,0,0,0,0,0,0,0,0,0,0,0,0,0,0,0,230.596,0,0,0
"MtrElec",7,13,1,"",160.986,0,0,0,0,0,0,0,0,0,0,0,0,0,0,0,0,0,0,0,0,160.986,0,0,0
"MtrElec",7,13,2,"",149.76,0,0,0,0,0,0,0,0,0,0,0,0,0,0,0,0,0,0,0,0,149.76,0,0,0
"MtrElec",7,13,3,"",143.136,0,0,0,0,0,0,0,0,0,0,0,0,0,0,0,0,0,0,0,0,143.136,0,0,0
"MtrElec",7,13,4,"",151.038,0,0,0,0,0,0,0,0,0,0,0,0,0,0,0,0,0,0,0,0,151.038,0,0,0
"MtrElec",7,13,5,"",163.689,0,0,0,0,0,0,0,0,0,0,0,0,0,0,0,0,0,0,0,0,163.689,0,0,0
"MtrElec",7,13,6,"",159.182,0,0,0,0,0,0,0,0,0,0,0,0,0,0,0,0,0,0,0,0,159.182,0,0,0
"MtrElec",7,13,7,"",220.181,0,0,0,0,0,0,0,0,0,0,0,0,0,0,0,0,0,0,0,0,234.35,0,0,-14.1686
"MtrElec",7,13,8,"",234.379,0,0,0,0,0,0,0,0,0,0,0,0,0,0,0,0,0,0,0,0,348.854,0,0,-114.475
"MtrElec",7,13,9,"",154.806,0,0,0,0,0,0,0,0,0,0,0,0,0,0,0,0,0,0,0,0,442.828,0,0,-288.022
"MtrElec",7,13,10,"",71.5491,0,0,0,0,0,0,0,0,0,0,0,0,0,0,0,0,0,0,0,0,507.597,0,0,-436.048
"MtrElec",7,13,11,"",1.65787,0,0,0,0,0,0,0,0,0,0,0,0,0,0,0,0,0,0,0,0,546.567,0,0,-544.909
"MtrElec",7,13,12,"",0,0,0,0,0,0,0,0,0,0,0,0,0,0,0,0,0,0,0,0,0,560.212,0,70.0082,-630.22
"MtrElec",7,13,13,"",0,0,0,0,0,0,0,0,0,0,0,0,0,0,0,0,0,0,0,0,0,552.371,0,122.861,-675.232
"MtrElec",7,13,14,"",0,0,0,0,0,0,0,0,0,0,0,0,0,0,0,0,0,0,0,0,0,497.596,0,170.755,-668.35
"MtrElec",7,13,15,"",0.0000078,0,0,0,0,0,0,0,0,0,0,0,0,0,0,0,0,0,0,0,0,496.511,0,125.714,-622.224
"MtrElec",7,13,16,"",0,0,0,0,0,0,0,0,0,0,0,0,0,0,0,0,0,0,0,0,0,522.975,0,20.7745,-543.75
"MtrElec",7,13,17,"",116.353,0,0,0,0,0,0,0,0,0,0,0,0,0,0,0,0,0,0,0,0,538.825,0,0,-422.472
"MtrElec",7,13,18,"",300.372,0,0,0,0,0,0,0,0,0,0,0,0,0,0,0,0,0,0,0,0,563.416,0,0,-263.044
"MtrElec",7,13,19,"",210.201,0,0,0,0,0,0,0,0,0,0,0,0,0,0,0,0,0,0,0,0,525.899,0,-223.217,-92.4812
"MtrElec",7,13,20,"",259.334,0,0,0,0,0,0,0,0,0,0,0,0,0,0,0,0,0,0,0,0,492.785,0,-223.217,-10.2339
"MtrElec",7,13,21,"",445.342,0,0,0,0,0,0,0,0,0,0,0,0,0,0,0,0,0,0,0,0,459.284,0,-13.9422,0
"MtrElec",7,13,22,"",335.238,0,0,0,0,0,0,0,0,0,0,0,0,0,0,0,0,0,0,0,0,335.238,0,0,0
"MtrElec",7,13,23,"",299.702,0,0,0,0,0,0,0,0,0,0,0,0,0,0,0,0,0,0,0,0,299.702,0,0,0
"MtrElec",7,13,24,"",236.309,0,0,0,0,0,0,0,0,0,0,0,0,0,0,0,0,0,0,0,0,236.309,0,0,0
"MtrElec",7,14,1,"",200.115,0,0,0,0,0,0,0,0,0,0,0,0,0,0,0,0,0,0,0,0,200.115,0,0,0
"MtrElec",7,14,2,"",153.029,0,0,0,0,0,0,0,0,0,0,0,0,0,0,0,0,0,0,0,0,153.029,0,0,0
"MtrElec",7,14,3,"",147.966,0,0,0,0,0,0,0,0,0,0,0,0,0,0,0,0,0,0,0,0,147.966,0,0,0
"MtrElec",7,14,4,"",153.15,0,0,0,0,0,0,0,0,0,0,0,0,0,0,0,0,0,0,0,0,153.15,0,0,0
"MtrElec",7,14,5,"",177.087,0,0,0,0,0,0,0,0,0,0,0,0,0,0,0,0,0,0,0,0,177.087,0,0,0
"MtrElec",7,14,6,"",150.489,0,0,0,0,0,0,0,0,0,0,0,0,0,0,0,0,0,0,0,0,150.489,0,0,0
"MtrElec",7,14,7,"",237.985,0,0,0,0,0,0,0,0,0,0,0,0,0,0,0,0,0,0,0,0,261.015,0,0,-23.03
"MtrElec",7,14,8,"",217.876,0,0,0,0,0,0,0,0,0,0,0,0,0,0,0,0,0,0,0,0,331.32,0,0,-113.445
"MtrElec",7,14,9,"",172.489,0,0,0,0,0,0,0,0,0,0,0,0,0,0,0,0,0,0,0,0,404.424,0,0,-231.934
"MtrElec",7,14,10,"",132.001,0,0,0,0,0,0,0,0,0,0,0,0,0,0,0,0,0,0,0,0,488.032,0,0,-356.031
"MtrElec",7,14,11,"",57.1991,0,0,0,0,0,0,0,0,0,0,0,0,0,0,0,0,0,0,0,0,546.369,0,0,-489.17
"MtrElec",7,14,12,"",9.24125,0,0,0,0,0,0,0,0,0,0,0,0,0,0,0,0,0,0,0,0,546.27,0,0,-537.029
"MtrElec",7,14,13,"",0,0,0,0,0,0,0,0,0,0,0,0,0,0,0,0,0,0,0,0,0,527.998,0,80.4279,-608.426
"MtrElec",7,14,14,"",0,0,0,0,0,0,0,0,0,0,0,0,0,0,0,0,0,0,0,0,0,508.706,0,145.997,-654.703
"MtrElec",7,14,15,"",0.0000039,0,0,0,0,0,0,0,0,0,0,0,0,0,0,0,0,0,0,0,0,547.222,0,65.0634,-612.285
"MtrElec",7,14,16,"",1.41475,0,0,0,0,0,0,0,0,0,0,0,0,0,0,0,0,0,0,0,0,530.315,0,0,-528.9
"MtrElec",7,14,17,"",172.013,0,0,0,0,0,0,0,0,0,0,0,0,0,0,0,0,0,0,0,0,583.432,0,0,-411.419
"MtrElec",7,14,18,"",297.786,0,0,0,0,0,0,0,0,0,0,0,0,0,0,0,0,0,0,0,0,552.657,0,0,-254.871
"MtrElec",7,14,19,"",177.528,0,0,0,0,0,0,0,0,0,0,0,0,0,0,0,0,0,0,0,0,482.685,0,-223.217,-81.9395
"MtrElec",7,14,20,"",437.61,0,0,0,0,0,0,0,0,0,0,0,0,0,0,0,0,0,0,0,0,487.81,0,-39.8513,-10.3488
"MtrElec",7,14,21,"",462.328,0,0,0,0,0,0,0,0,0,0,0,0,0,0,0,0,0,0,0,0,462.328,0,0,0
"MtrElec",7,14,22,"",321.124,0,0,0,0,0,0,0,0,0,0,0,0,0,0,0,0,0,0,0,0,321.124,0,0,0
"MtrElec",7,14,23,"",259.362,0,0,0,0,0,0,0,0,0,0,0,0,0,0,0,0,0,0,0,0,259.362,0,0,0
"MtrElec",7,14,24,"",259.446,0,0,0,0,0,0,0,0,0,0,0,0,0,0,0,0,0,0,0,0,259.446,0,0,0
"MtrElec",7,15,1,"",170.451,0,0,0,0,0,0,0,0,0,0,0,0,0,0,0,0,0,0,0,0,170.451,0,0,0
"MtrElec",7,15,2,"",156.166,0,0,0,0,0,0,0,0,0,0,0,0,0,0,0,0,0,0,0,0,156.166,0,0,0
"MtrElec",7,15,3,"",150.448,0,0,0,0,0,0,0,0,0,0,0,0,0,0,0,0,0,0,0,0,150.448,0,0,0
"MtrElec",7,15,4,"",147.882,0,0,0,0,0,0,0,0,0,0,0,0,0,0,0,0,0,0,0,0,147.882,0,0,0
"MtrElec",7,15,5,"",143.634,0,0,0,0,0,0,0,0,0,0,0,0,0,0,0,0,0,0,0,0,143.634,0,0,0
"MtrElec",7,15,6,"",170.357,0,0,0,0,0,0,0,0,0,0,0,0,0,0,0,0,0,0,0,0,170.357,0,0,0
"MtrElec",7,15,7,"",233.124,0,0,0,0,0,0,0,0,0,0,0,0,0,0,0,0,0,0,0,0,251.01,0,0,-17.8857
"MtrElec",7,15,8,"",256.277,0,0,0,0,0,0,0,0,0,0,0,0,0,0,0,0,0,0,0,0,365.723,0,0,-109.446
"MtrElec",7,15,9,"",224.85,0,0,0,0,0,0,0,0,0,0,0,0,0,0,0,0,0,0,0,0,495.194,0,0,-270.344
"MtrElec",7,15,10,"",85.8597,0,0,0,0,0,0,0,0,0,0,0,0,0,0,0,0,0,0,0,0,502.267,0,0,-416.407
"MtrElec",7,15,11,"",0,0,0,0,0,0,0,0,0,0,0,0,0,0,0,0,0,0,0,0,0,528.769,0,7.13956,-535.909
"MtrElec",7,15,12,"",0,0,0,0,0,0,0,0,0,0,0,0,0,0,0,0,0,0,0,0,0,551.415,0,57.6683,-609.084
"MtrElec",7,15,13,"",0.0000078,0,0,0,0,0,0,0,0,0,0,0,0,0,0,0,0,0,0,0,0,539.394,0,107.971,-647.366
"MtrElec",7,15,14,"",0.0000156,0,0,0,0,0,0,0,0,0,0,0,0,0,0,0,0,0,0,0,0,498.95,0,156.964,-655.914
"MtrElec",7,15,15,"",0,0,0,0,0,0,0,0,0,0,0,0,0,0,0,0,0,0,0,0,0,461.888,0,140.93,-602.818
"MtrElec",7,15,16,"",4.06388,0,0,0,0,0,0,0,0,0,0,0,0,0,0,0,0,0,0,0,0,521.692,0,0,-517.628
"MtrElec",7,15,17,"",116.134,0,0,0,0,0,0,0,0,0,0,0,0,0,0,0,0,0,0,0,0,521.419,0,0,-405.285
"MtrElec",7,15,18,"",307.451,0,0,0,0,0,0,0,0,0,0,0,0,0,0,0,0,0,0,0,0,560.737,0,0,-253.286
"MtrElec",7,15,19,"",227.3,0,0,0,0,0,0,0,0,0,0,0,0,0,0,0,0,0,0,0,0,543.523,0,-223.217,-93.0067
"MtrElec",7,15,20,"",300.202,0,0,0,0,0,0,0,0,0,0,0,0,0,0,0,0,0,0,0,0,514.622,0,-201.566,-12.8543
"MtrElec",7,15,21,"",497.388,0,0,0,0,0,0,0,0,0,0,0,0,0,0,0,0,0,0,0,0,497.388,0,0,0
"MtrElec",7,15,22,"",373.943,0,0,0,0,0,0,0,0,0,0,0,0,0,0,0,0,0,0,0,0,373.943,0,0,0
"MtrElec",7,15,23,"",242.767,0,0,0,0,0,0,0,0,0,0,0,0,0,0,0,0,0,0,0,0,242.767,0,0,0
"MtrElec",7,15,24,"",240.563,0,0,0,0,0,0,0,0,0,0,0,0,0,0,0,0,0,0,0,0,240.563,0,0,0
"MtrElec",7,16,1,"",159.102,0,0,0,0,0,0,0,0,0,0,0,0,0,0,0,0,0,0,0,0,159.102,0,0,0
"MtrElec",7,16,2,"",149.171,0,0,0,0,0,0,0,0,0,0,0,0,0,0,0,0,0,0,0,0,149.171,0,0,0
"MtrElec",7,16,3,"",144.164,0,0,0,0,0,0,0,0,0,0,0,0,0,0,0,0,0,0,0,0,144.164,0,0,0
"MtrElec",7,16,4,"",163.132,0,0,0,0,0,0,0,0,0,0,0,0,0,0,0,0,0,0,0,0,163.132,0,0,0
"MtrElec",7,16,5,"",142.801,0,0,0,0,0,0,0,0,0,0,0,0,0,0,0,0,0,0,0,0,142.801,0,0,0
"MtrElec",7,16,6,"",186.697,0,0,0,0,0,0,0,0,0,0,0,0,0,0,0,0,0,0,0,0,186.697,0,0,0
"MtrElec",7,16,7,"",250.895,0,0,0,0,0,0,0,0,0,0,0,0,0,0,0,0,0,0,0,0,260.821,0,0,-9.92615
"MtrElec",7,16,8,"",284.898,0,0,0,0,0,0,0,0,0,0,0,0,0,0,0,0,0,0,0,0,336.666,0,0,-51.7687
"MtrElec",7,16,9,"",321.063,0,0,0,0,0,0,0,0,0,0,0,0,0,0,0,0,0,0,0,0,434.103,0,0,-113.039
"MtrElec",7,16,10,"",149.43,0,0,0,0,0,0,0,0,0,0,0,0,0,0,0,0,0,0,0,0,466.395,0,0,-316.965
"MtrElec",7,16,11,"",0.0000039,0,0,0,0,0,0,0,0,0,0,0,0,0,0,0,0,0,0,0,0,482.422,0,60.4944,-542.916
"MtrElec",7,16,12,"",0,0,0,0,0,0,0,0,0,0,0,0,0,0,0,0,0,0,0,0,0,517.721,0,104.458,-622.179
"MtrElec",7,16,13,"",0.0000078,0,0,0,0,0,0,0,0,0,0,0,0,0,0,0,0,0,0,0,0,551.248,0,119.184,-670.432
"MtrElec",7,16,14,"",-7.91147,0,0,0,0,0,0,0,0,0,0,0,0,0,0,0,0,0,0,0,0,441.712,0,223.217,-672.84
"MtrElec",7,16,15,"",0,0,0,0,0,0,0,0,0,0,0,0,0,0,0,0,0,0,0,0,0,485.984,0,142.635,-628.619
"MtrElec",7,16,16,"",0,0,0,0,0,0,0,0,0,0,0,0,0,0,0,0,0,0,0,0,0,499.281,0,45.0426,-544.324
"MtrElec",7,16,17,"",75.5404,0,0,0,0,0,0,0,0,0,0,0,0,0,0,0,0,0,0,0,0,499.363,0,0,-423.823
"MtrElec",7,16,18,"",289.324,0,0,0,0,0,0,0,0,0,0,0,0,0,0,0,0,0,0,0,0,555.281,0,0,-265.957
"MtrElec",7,16,19,"",227.76,0,0,0,0,0,0,0,0,0,0,0,0,0,0,0,0,0,0,0,0,545.202,0,-223.217,-94.225
"MtrElec",7,16,20,"",232.177,0,0,0,0,0,0,0,0,0,0,0,0,0,0,0,0,0,0,0,0,465.904,0,-223.217,-10.5099
"MtrElec",7,16,21,"",278.183,0,0,0,0,0,0,0,0,0,0,0,0,0,0,0,0,0,0,0,0,459.015,0,-180.832,0
"MtrElec",7,16,22,"",293.955,0,0,0,0,0,0,0,0,0,0,0,0,0,0,0,0,0,0,0,0,293.955,0,0,0
"MtrElec",7,16,23,"",264.298,0,0,0,0,0,0,0,0,0,0,0,0,0,0,0,0,0,0,0,0,264.298,0,0,0
"MtrElec",7,16,24,"",190.498,0,0,0,0,0,0,0,0,0,0,0,0,0,0,0,0,0,0,0,0,190.498,0,0,0
"MtrElec",7,17,1,"",158.149,0,0,0,0,0,0,0,0,0,0,0,0,0,0,0,0,0,0,0,0,158.149,0,0,0
"MtrElec",7,17,2,"",149.334,0,0,0,0,0,0,0,0,0,0,0,0,0,0,0,0,0,0,0,0,149.334,0,0,0
"MtrElec",7,17,3,"",164.773,0,0,0,0,0,0,0,0,0,0,0,0,0,0,0,0,0,0,0,0,164.773,0,0,0
"MtrElec",7,17,4,"",156.944,0,0,0,0,0,0,0,0,0,0,0,0,0,0,0,0,0,0,0,0,156.944,0,0,0
"MtrElec",7,17,5,"",141.363,0,0,0,0,0,0,0,0,0,0,0,0,0,0,0,0,0,0,0,0,141.363,0,0,0
"MtrElec",7,17,6,"",146.935,0,0,0,0,0,0,0,0,0,0,0,0,0,0,0,0,0,0,0,0,146.935,0,0,0
"MtrElec",7,17,7,"",229.095,0,0,0,0,0,0,0,0,0,0,0,0,0,0,0,0,0,0,0,0,249.007,0,0,-19.9113
"MtrElec",7,17,8,"",194.434,0,0,0,0,0,0,0,0,0,0,0,0,0,0,0,0,0,0,0,0,286.395,0,0,-91.9602
"MtrElec",7,17,9,"",120.94,0,0,0,0,0,0,0,0,0,0,0,0,0,0,0,0,0,0,0,0,313.575,0,0,-192.635
"MtrElec",7,17,10,"",28.5801,0,0,0,0,0,0,0,0,0,0,0,0,0,0,0,0,0,0,0,0,406.905,0,0,-378.324
"MtrElec",7,17,11,"",0,0,0,0,0,0,0,0,0,0,0,0,0,0,0,0,0,0,0,0,0,446.349,0,113.48,-559.829
"MtrElec",7,17,12,"",0,0,0,0,0,0,0,0,0,0,0,0,0,0,0,0,0,0,0,0,0,450.051,0,165.08,-615.131
"MtrElec",7,17,13,"",0.0000156,0,0,0,0,0,0,0,0,0,0,0,0,0,0,0,0,0,0,0,0,476.215,0,189.604,-665.82
"MtrElec",7,17,14,"",0,0,0,0,0,0,0,0,0,0,0,0,0,0,0,0,0,0,0,0,0,467.985,0,206.056,-674.041
"MtrElec",7,17,15,"",-53.6088,0,0,0,0,0,0,0,0,0,0,0,0,0,0,0,0,0,0,0,0,455.07,0,124.661,-633.34
"MtrElec",7,17,16,"",-67.0688,0,0,0,0,0,0,0,0,0,0,0,0,0,0,0,0,0,0,0,0,478.887,0,0,-545.956
"MtrElec",7,17,17,"",57.4742,0,0,0,0,0,0,0,0,0,0,0,0,0,0,0,0,0,0,0,0,482.292,0,0,-424.818
"MtrElec",7,17,18,"",281.827,0,0,0,0,0,0,0,0,0,0,0,0,0,0,0,0,0,0,0,0,546.171,0,0,-264.344
"MtrElec",7,17,19,"",203.528,0,0,0,0,0,0,0,0,0,0,0,0,0,0,0,0,0,0,0,0,519.662,0,-223.217,-92.9173
"MtrElec",7,17,20,"",236.324,0,0,0,0,0,0,0,0,0,0,0,0,0,0,0,0,0,0,0,0,470.033,0,-223.217,-10.4918
"MtrElec",7,17,21,"",234.679,0,0,0,0,0,0,0,0,0,0,0,0,0,0,0,0,0,0,0,0,457.896,0,-223.217,0
"MtrElec",7,17,22,"",230.653,0,0,0,0,0,0,0,0,0,0,0,0,0,0,0,0,0,0,0,0,281.993,0,-51.3398,0
"MtrElec",7,17,23,"",261.351,0,0,0,0,0,0,0,0,0,0,0,0,0,0,0,0,0,0,0,0,261.351,0,0,0
"MtrElec",7,17,24,"",219.172,0,0,0,0,0,0,0,0,0,0,0,0,0,0,0,0,0,0,0,0,219.172,0,0,0
"MtrElec",7,18,1,"",174.957,0,0,0,0,0,0,0,0,0,0,0,0,0,0,0,0,0,0,0,0,174.957,0,0,0
"MtrElec",7,18,2,"",178.086,0,0,0,0,0,0,0,0,0,0,0,0,0,0,0,0,0,0,0,0,178.086,0,0,0
"MtrElec",7,18,3,"",160.206,0,0,0,0,0,0,0,0,0,0,0,0,0,0,0,0,0,0,0,0,160.206,0,0,0
"MtrElec",7,18,4,"",146.262,0,0,0,0,0,0,0,0,0,0,0,0,0,0,0,0,0,0,0,0,146.262,0,0,0
"MtrElec",7,18,5,"",150.288,0,0,0,0,0,0,0,0,0,0,0,0,0,0,0,0,0,0,0,0,150.288,0,0,0
"MtrElec",7,18,6,"",143.022,0,0,0,0,0,0,0,0,0,0,0,0,0,0,0,0,0,0,0,0,143.022,0,0,0
"MtrElec",7,18,7,"",205.605,0,0,0,0,0,0,0,0,0,0,0,0,0,0,0,0,0,0,0,0,219.726,0,0,-14.121
"MtrElec",7,18,8,"",138.11,0,0,0,0,0,0,0,0,0,0,0,0,0,0,0,0,0,0,0,0,248.427,0,0,-110.318
"MtrElec",7,18,9,"",46.0033,0,0,0,0,0,0,0,0,0,0,0,0,0,0,0,0,0,0,0,0,330.901,0,0,-284.897
"MtrElec",7,18,10,"",6.72394,0,0,0,0,0,0,0,0,0,0,0,0,0,0,0,0,0,0,0,0,443.616,0,0,-436.892
"MtrElec",7,18,11,"",18.6478,0,0,0,0,0,0,0,0,0,0,0,0,0,0,0,0,0,0,0,0,569.339,0,0,-550.692
"MtrElec",7,18,12,"",0,0,0,0,0,0,0,0,0,0,0,0,0,0,0,0,0,0,0,0,0,583.432,0,55.469,-638.901
"MtrElec",7,18,13,"",0,0,0,0,0,0,0,0,0,0,0,0,0,0,0,0,0,0,0,0,0,591.402,0,95.1891,-686.591
"MtrElec",7,18,14,"",0,0,0,0,0,0,0,0,0,0,0,0,0,0,0,0,0,0,0,0,0,554.183,0,131.414,-685.597
"MtrElec",7,18,15,"",0,0,0,0,0,0,0,0,0,0,0,0,0,0,0,0,0,0,0,0,0,496.275,0,147.644,-643.919
"MtrElec",7,18,16,"",0,0,0,0,0,0,0,0,0,0,0,0,0,0,0,0,0,0,0,0,0,514.807,0,42.9553,-557.762
"MtrElec",7,18,17,"",95.1127,0,0,0,0,0,0,0,0,0,0,0,0,0,0,0,0,0,0,0,0,523.787,0,0,-428.675
"MtrElec",7,18,18,"",286.768,0,0,0,0,0,0,0,0,0,0,0,0,0,0,0,0,0,0,0,0,552.872,0,0,-266.104
"MtrElec",7,18,19,"",276.857,0,0,0,0,0,0,0,0,0,0,0,0,0,0,0,0,0,0,0,0,592.866,0,-223.217,-92.7925
"MtrElec",7,18,20,"",250.073,0,0,0,0,0,0,0,0,0,0,0,0,0,0,0,0,0,0,0,0,462.021,0,-203.37,-8.57868
"MtrElec",7,18,21,"",362.796,0,0,0,0,0,0,0,0,0,0,0,0,0,0,0,0,0,0,0,0,362.796,0,0,0
"MtrElec",7,18,22,"",334.635,0,0,0,0,0,0,0,0,0,0,0,0,0,0,0,0,0,0,0,0,334.635,0,0,0
"MtrElec",7,18,23,"",289.374,0,0,0,0,0,0,0,0,0,0,0,0,0,0,0,0,0,0,0,0,289.374,0,0,0
"MtrElec",7,18,24,"",257.628,0,0,0,0,0,0,0,0,0,0,0,0,0,0,0,0,0,0,0,0,257.628,0,0,0
"MtrElec",7,19,1,"",175.133,0,0,0,0,0,0,0,0,0,0,0,0,0,0,0,0,0,0,0,0,175.133,0,0,0
"MtrElec",7,19,2,"",154.021,0,0,0,0,0,0,0,0,0,0,0,0,0,0,0,0,0,0,0,0,154.021,0,0,0
"MtrElec",7,19,3,"",147.028,0,0,0,0,0,0,0,0,0,0,0,0,0,0,0,0,0,0,0,0,147.028,0,0,0
"MtrElec",7,19,4,"",148.066,0,0,0,0,0,0,0,0,0,0,0,0,0,0,0,0,0,0,0,0,148.066,0,0,0
"MtrElec",7,19,5,"",174.545,0,0,0,0,0,0,0,0,0,0,0,0,0,0,0,0,0,0,0,0,174.545,0,0,0
"MtrElec",7,19,6,"",166.71,0,0,0,0,0,0,0,0,0,0,0,0,0,0,0,0,0,0,0,0,166.71,0,0,0
"MtrElec",7,19,7,"",140.793,0,0,0,0,0,0,0,0,0,0,0,0,0,0,0,0,0,0,0,0,154.117,0,0,-13.3245
"MtrElec",7,19,8,"",126.034,0,0,0,0,0,0,0,0,0,0,0,0,0,0,0,0,0,0,0,0,234.698,0,0,-108.664
"MtrElec",7,19,9,"",62.0196,0,0,0,0,0,0,0,0,0,0,0,0,0,0,0,0,0,0,0,0,345.895,0,0,-283.876
"MtrElec",7,19,10,"",-57.1688,0,0,0,0,0,0,0,0,0,0,0,0,0,0,0,0,0,0,0,0,384.825,0,0,-441.993
"MtrElec",7,19,11,"",0.0000078,0,0,0,0,0,0,0,0,0,0,0,0,0,0,0,0,0,0,0,0,447.639,0,117.829,-565.468
"MtrElec",7,19,12,"",0,0,0,0,0,0,0,0,0,0,0,0,0,0,0,0,0,0,0,0,0,501.898,0,131.783,-633.682
"MtrElec",7,19,13,"",0,0,0,0,0,0,0,0,0,0,0,0,0,0,0,0,0,0,0,0,0,503.697,0,172.143,-675.84
"MtrElec",7,19,14,"",0,0,0,0,0,0,0,0,0,0,0,0,0,0,0,0,0,0,0,0,0,468.21,0,214.378,-682.589
"MtrElec",7,19,15,"",-4.28778,0,0,0,0,0,0,0,0,0,0,0,0,0,0,0,0,0,0,0,0,474.086,0,162.748,-641.121
"MtrElec",7,19,16,"",-68.9254,0,0,0,0,0,0,0,0,0,0,0,0,0,0,0,0,0,0,0,0,486.933,0,0,-555.858
"MtrElec",7,19,17,"",62.6992,0,0,0,0,0,0,0,0,0,0,0,0,0,0,0,0,0,0,0,0,487.421,0,0,-424.722
"MtrElec",7,19,18,"",189.328,0,0,0,0,0,0,0,0,0,0,0,0,0,0,0,0,0,0,0,0,460.618,0,0,-271.291
"MtrElec",7,19,19,"",221.436,0,0,0,0,0,0,0,0,0,0,0,0,0,0,0,0,0,0,0,0,538.975,0,-223.217,-94.3215
"MtrElec",7,19,20,"",174.103,0,0,0,0,0,0,0,0,0,0,0,0,0,0,0,0,0,0,0,0,405.294,0,-223.217,-7.97442
"MtrElec",7,19,21,"",119.536,0,0,0,0,0,0,0,0,0,0,0,0,0,0,0,0,0,0,0,0,342.753,0,-223.217,0
"MtrElec",7,19,22,"",299.51,0,0,0,0,0,0,0,0,0,0,0,0,0,0,0,0,0,0,0,0,350.85,0,-51.3398,0
"MtrElec",7,19,23,"",269.379,0,0,0,0,0,0,0,0,0,0,0,0,0,0,0,0,0,0,0,0,269.379,0,0,0
"MtrElec",7,19,24,"",228.92,0,0,0,0,0,0,0,0,0,0,0,0,0,0,0,0,0,0,0,0,228.92,0,0,0
"MtrElec",7,20,1,"",165.616,0,0,0,0,0,0,0,0,0,0,0,0,0,0,0,0,0,0,0,0,165.616,0,0,0
"MtrElec",7,20,2,"",150.947,0,0,0,0,0,0,0,0,0,0,0,0,0,0,0,0,0,0,0,0,150.947,0,0,0
"MtrElec",7,20,3,"",148.362,0,0,0,0,0,0,0,0,0,0,0,0,0,0,0,0,0,0,0,0,148.362,0,0,0
"MtrElec",7,20,4,"",146.337,0,0,0,0,0,0,0,0,0,0,0,0,0,0,0,0,0,0,0,0,146.337,0,0,0
"MtrElec",7,20,5,"",164.225,0,0,0,0,0,0,0,0,0,0,0,0,0,0,0,0,0,0,0,0,164.225,0,0,0
"MtrElec",7,20,6,"",159.157,0,0,0,0,0,0,0,0,0,0,0,0,0,0,0,0,0,0,0,0,159.157,0,0,0
"MtrElec",7,20,7,"",263.146,0,0,0,0,0,0,0,0,0,0,0,0,0,0,0,0,0,0,0,0,275.695,0,0,-12.5486
"MtrElec",7,20,8,"",203.28,0,0,0,0,0,0,0,0,0,0,0,0,0,0,0,0,0,0,0,0,313.942,0,0,-110.662
"MtrElec",7,20,9,"",140.129,0,0,0,0,0,0,0,0,0,0,0,0,0,0,0,0,0,0,0,0,428.551,0,0,-288.422
"MtrElec",7,20,10,"",52.9436,0,0,0,0,0,0,0,0,0,0,0,0,0,0,0,0,0,0,0,0,496.176,0,0,-443.233
"MtrElec",7,20,11,"",0,0,0,0,0,0,0,0,0,0,0,0,0,0,0,0,0,0,0,0,0,513.653,0,43.3259,-556.979
"MtrElec",7,20,12,"",0.0000078,0,0,0,0,0,0,0,0,0,0,0,0,0,0,0,0,0,0,0,0,550.6,0,87.2545,-637.854
"MtrElec",7,20,13,"",0,0,0,0,0,0,0,0,0,0,0,0,0,0,0,0,0,0,0,0,0,519.454,0,160.368,-679.822
"MtrElec",7,20,14,"",0,0,0,0,0,0,0,0,0,0,0,0,0,0,0,0,0,0,0,0,0,464.106,0,213.314,-677.419
"MtrElec",7,20,15,"",0,0,0,0,0,0,0,0,0,0,0,0,0,0,0,0,0,0,0,0,0,489.584,0,149.949,-639.533
"MtrElec",7,20,16,"",0,0,0,0,0,0,0,0,0,0,0,0,0,0,0,0,0,0,0,0,0,494.955,0,55.1351,-550.09
"MtrElec",7,20,17,"",124.594,0,0,0,0,0,0,0,0,0,0,0,0,0,0,0,0,0,0,0,0,550.494,0,0,-425.901
"MtrElec",7,20,18,"",249.794,0,0,0,0,0,0,0,0,0,0,0,0,0,0,0,0,0,0,0,0,520.43,0,0,-270.636
"MtrElec",7,20,19,"",227.057,0,0,0,0,0,0,0,0,0,0,0,0,0,0,0,0,0,0,0,0,545.468,0,-223.217,-95.1939
"MtrElec",7,20,20,"",222.334,0,0,0,0,0,0,0,0,0,0,0,0,0,0,0,0,0,0,0,0,454.852,0,-223.217,-9.30121
"MtrElec",7,20,21,"",271.979,0,0,0,0,0,0,0,0,0,0,0,0,0,0,0,0,0,0,0,0,465.73,0,-193.751,0
"MtrElec",7,20,22,"",291.214,0,0,0,0,0,0,0,0,0,0,0,0,0,0,0,0,0,0,0,0,291.214,0,0,0
"MtrElec",7,20,23,"",249.942,0,0,0,0,0,0,0,0,0,0,0,0,0,0,0,0,0,0,0,0,249.942,0,0,0
"MtrElec",7,20,24,"",233.238,0,0,0,0,0,0,0,0,0,0,0,0,0,0,0,0,0,0,0,0,233.238,0,0,0
"MtrElec",7,21,1,"",179.547,0,0,0,0,0,0,0,0,0,0,0,0,0,0,0,0,0,0,0,0,179.547,0,0,0
"MtrElec",7,21,2,"",154.464,0,0,0,0,0,0,0,0,0,0,0,0,0,0,0,0,0,0,0,0,154.464,0,0,0
"MtrElec",7,21,3,"",148.614,0,0,0,0,0,0,0,0,0,0,0,0,0,0,0,0,0,0,0,0,148.614,0,0,0
"MtrElec",7,21,4,"",149.535,0,0,0,0,0,0,0,0,0,0,0,0,0,0,0,0,0,0,0,0,149.535,0,0,0
"MtrElec",7,21,5,"",146.211,0,0,0,0,0,0,0,0,0,0,0,0,0,0,0,0,0,0,0,0,146.211,0,0,0
"MtrElec",7,21,6,"",184.312,0,0,0,0,0,0,0,0,0,0,0,0,0,0,0,0,0,0,0,0,184.312,0,0,0
"MtrElec",7,21,7,"",217.235,0,0,0,0,0,0,0,0,0,0,0,0,0,0,0,0,0,0,0,0,226.408,0,0,-9.17322
"MtrElec",7,21,8,"",266.418,0,0,0,0,0,0,0,0,0,0,0,0,0,0,0,0,0,0,0,0,316.96,0,0,-50.5424
"MtrElec",7,21,9,"",227.426,0,0,0,0,0,0,0,0,0,0,0,0,0,0,0,0,0,0,0,0,335.09,0,0,-107.664
"MtrElec",7,21,10,"",95.6288,0,0,0,0,0,0,0,0,0,0,0,0,0,0,0,0,0,0,0,0,397.211,0,0,-301.582
"MtrElec",7,21,11,"",0.0000078,0,0,0,0,0,0,0,0,0,0,0,0,0,0,0,0,0,0,0,0,452.876,0,117.948,-570.825
"MtrElec",7,21,12,"",0,0,0,0,0,0,0,0,0,0,0,0,0,0,0,0,0,0,0,0,0,485.257,0,149.864,-635.121
"MtrElec",7,21,13,"",0.0000156,0,0,0,0,0,0,0,0,0,0,0,0,0,0,0,0,0,0,0,0,504.632,0,157.327,-661.958
"MtrElec",7,21,14,"",0.0000156,0,0,0,0,0,0,0,0,0,0,0,0,0,0,0,0,0,0,0,0,476.546,0,191.789,-668.336
"MtrElec",7,21,15,"",0,0,0,0,0,0,0,0,0,0,0,0,0,0,0,0,0,0,0,0,0,450.648,0,175.498,-626.147
"MtrElec",7,21,16,"",-23.6082,0,0,0,0,0,0,0,0,0,0,0,0,0,0,0,0,0,0,0,0,509.518,0,6.45463,-539.581
"MtrElec",7,21,17,"",97.1912,0,0,0,0,0,0,0,0,0,0,0,0,0,0,0,0,0,0,0,0,516.987,0,0,-419.796
"MtrElec",7,21,18,"",291.477,0,0,0,0,0,0,0,0,0,0,0,0,0,0,0,0,0,0,0,0,554.674,0,0,-263.197
"MtrElec",7,21,19,"",200.113,0,0,0,0,0,0,0,0,0,0,0,0,0,0,0,0,0,0,0,0,515.922,0,-223.217,-92.5923
"MtrElec",7,21,20,"",214.498,0,0,0,0,0,0,0,0,0,0,0,0,0,0,0,0,0,0,0,0,448.956,0,-223.217,-11.241
"MtrElec",7,21,21,"",209.105,0,0,0,0,0,0,0,0,0,0,0,0,0,0,0,0,0,0,0,0,432.322,0,-223.217,0
"MtrElec",7,21,22,"",266.123,0,0,0,0,0,0,0,0,0,0,0,0,0,0,0,0,0,0,0,0,317.463,0,-51.3398,0
"MtrElec",7,21,23,"",271.081,0,0,0,0,0,0,0,0,0,0,0,0,0,0,0,0,0,0,0,0,271.081,0,0,0
"MtrElec",7,21,24,"",208.044,0,0,0,0,0,0,0,0,0,0,0,0,0,0,0,0,0,0,0,0,208.044,0,0,0
"MtrElec",7,22,1,"",163.995,0,0,0,0,0,0,0,0,0,0,0,0,0,0,0,0,0,0,0,0,163.995,0,0,0
"MtrElec",7,22,2,"",152.272,0,0,0,0,0,0,0,0,0,0,0,0,0,0,0,0,0,0,0,0,152.272,0,0,0
"MtrElec",7,22,3,"",149.176,0,0,0,0,0,0,0,0,0,0,0,0,0,0,0,0,0,0,0,0,149.176,0,0,0
"MtrElec",7,22,4,"",166.55,0,0,0,0,0,0,0,0,0,0,0,0,0,0,0,0,0,0,0,0,166.55,0,0,0
"MtrElec",7,22,5,"",163.234,0,0,0,0,0,0,0,0,0,0,0,0,0,0,0,0,0,0,0,0,163.234,0,0,0
"MtrElec",7,22,6,"",152.36,0,0,0,0,0,0,0,0,0,0,0,0,0,0,0,0,0,0,0,0,152.36,0,0,0
"MtrElec",7,22,7,"",244.788,0,0,0,0,0,0,0,0,0,0,0,0,0,0,0,0,0,0,0,0,259.213,0,0,-14.4258
"MtrElec",7,22,8,"",236.929,0,0,0,0,0,0,0,0,0,0,0,0,0,0,0,0,0,0,0,0,343.306,0,0,-106.376
"MtrElec",7,22,9,"",135.707,0,0,0,0,0,0,0,0,0,0,0,0,0,0,0,0,0,0,0,0,405.372,0,0,-269.666
"MtrElec",7,22,10,"",83.2223,0,0,0,0,0,0,0,0,0,0,0,0,0,0,0,0,0,0,0,0,500.786,0,0,-417.564
"MtrElec",7,22,11,"",35.1957,0,0,0,0,0,0,0,0,0,0,0,0,0,0,0,0,0,0,0,0,562.938,0,0,-527.743
"MtrElec",7,22,12,"",0,0,0,0,0,0,0,0,0,0,0,0,0,0,0,0,0,0,0,0,0,553.111,0,56.4366,-609.548
"MtrElec",7,22,13,"",0,0,0,0,0,0,0,0,0,0,0,0,0,0,0,0,0,0,0,0,0,578.849,0,74.3654,-653.214
"MtrElec",7,22,14,"",0,0,0,0,0,0,0,0,0,0,0,0,0,0,0,0,0,0,0,0,0,495.607,0,165.718,-661.325
"MtrElec",7,22,15,"",0,0,0,0,0,0,0,0,0,0,0,0,0,0,0,0,0,0,0,0,0,465.467,0,148.825,-614.292
"MtrElec",7,22,16,"",8.01028,0,0,0,0,0,0,0,0,0,0,0,0,0,0,0,0,0,0,0,0,512.391,0,0,-504.381
"MtrElec",7,22,17,"",339.033,0,0,0,0,0,0,0,0,0,0,0,0,0,0,0,0,0,0,0,0,540.78,0,0,-201.747
"MtrElec",7,22,18,"",367.858,0,0,0,0,0,0,0,0,0,0,0,0,0,0,0,0,0,0,0,0,536.208,0,0,-168.349
"MtrElec",7,22,19,"",210.417,0,0,0,0,0,0,0,0,0,0,0,0,0,0,0,0,0,0,0,0,520.31,0,-223.217,-86.6762
"MtrElec",7,22,20,"",249.986,0,0,0,0,0,0,0,0,0,0,0,0,0,0,0,0,0,0,0,0,445.277,0,-178.707,-16.5841
"MtrElec",7,22,21,"",402.592,0,0,0,0,0,0,0,0,0,0,0,0,0,0,0,0,0,0,0,0,402.592,0,0,0
"MtrElec",7,22,22,"",317.663,0,0,0,0,0,0,0,0,0,0,0,0,0,0,0,0,0,0,0,0,317.663,0,0,0
"MtrElec",7,22,23,"",228.685,0,0,0,0,0,0,0,0,0,0,0,0,0,0,0,0,0,0,0,0,228.685,0,0,0
"MtrElec",7,22,24,"",250.266,0,0,0,0,0,0,0,0,0,0,0,0,0,0,0,0,0,0,0,0,250.266,0,0,0
"MtrElec",7,23,1,"",171.361,0,0,0,0,0,0,0,0,0,0,0,0,0,0,0,0,0,0,0,0,171.361,0,0,0
"MtrElec",7,23,2,"",151.167,0,0,0,0,0,0,0,0,0,0,0,0,0,0,0,0,0,0,0,0,151.167,0,0,0
"MtrElec",7,23,3,"",147.403,0,0,0,0,0,0,0,0,0,0,0,0,0,0,0,0,0,0,0,0,147.403,0,0,0
"MtrElec",7,23,4,"",145.696,0,0,0,0,0,0,0,0,0,0,0,0,0,0,0,0,0,0,0,0,145.696,0,0,0
"MtrElec",7,23,5,"",143.72,0,0,0,0,0,0,0,0,0,0,0,0,0,0,0,0,0,0,0,0,143.72,0,0,0
"MtrElec",7,23,6,"",162.266,0,0,0,0,0,0,0,0,0,0,0,0,0,0,0,0,0,0,0,0,162.266,0,0,0
"MtrElec",7,23,7,"",237.574,0,0,0,0,0,0,0,0,0,0,0,0,0,0,0,0,0,0,0,0,256.776,0,0,-19.202
"MtrElec",7,23,8,"",226.505,0,0,0,0,0,0,0,0,0,0,0,0,0,0,0,0,0,0,0,0,334.018,0,0,-107.513
"MtrElec",7,23,9,"",205.061,0,0,0,0,0,0,0,0,0,0,0,0,0,0,0,0,0,0,0,0,426.371,0,0,-221.31
"MtrElec",7,23,10,"",134.019,0,0,0,0,0,0,0,0,0,0,0,0,0,0,0,0,0,0,0,0,469.562,0,0,-335.543
"MtrElec",7,23,11,"",72.8258,0,0,0,0,0,0,0,0,0,0,0,0,0,0,0,0,0,0,0,0,541.718,0,0,-468.892
"MtrElec",7,23,12,"",0,0,0,0,0,0,0,0,0,0,0,0,0,0,0,0,0,0,0,0,0,542.933,0,65.6334,-608.566
"MtrElec",7,23,13,"",0,0,0,0,0,0,0,0,0,0,0,0,0,0,0,0,0,0,0,0,0,505.983,0,133.834,-639.817
"MtrElec",7,23,14,"",0,0,0,0,0,0,0,0,0,0,0,0,0,0,0,0,0,0,0,0,0,528.38,0,101.07,-629.45
"MtrElec",7,23,15,"",0,0,0,0,0,0,0,0,0,0,0,0,0,0,0,0,0,0,0,0,0,510.927,0,90.325,-601.252
"MtrElec",7,23,16,"",40.4767,0,0,0,0,0,0,0,0,0,0,0,0,0,0,0,0,0,0,0,0,558.335,0,0,-517.859
"MtrElec",7,23,17,"",162.813,0,0,0,0,0,0,0,0,0,0,0,0,0,0,0,0,0,0,0,0,559.734,0,0,-396.921
"MtrElec",7,23,18,"",350.604,0,0,0,0,0,0,0,0,0,0,0,0,0,0,0,0,0,0,0,0,596.159,0,0,-245.555
"MtrElec",7,23,19,"",234.047,0,0,0,0,0,0,0,0,0,0,0,0,0,0,0,0,0,0,0,0,549.672,0,-223.217,-92.4076
"MtrElec",7,23,20,"",348.345,0,0,0,0,0,0,0,0,0,0,0,0,0,0,0,0,0,0,0,0,491.28,0,-129.537,-13.3985
"MtrElec",7,23,21,"",469.012,0,0,0,0,0,0,0,0,0,0,0,0,0,0,0,0,0,0,0,0,469.012,0,0,0
"MtrElec",7,23,22,"",344.145,0,0,0,0,0,0,0,0,0,0,0,0,0,0,0,0,0,0,0,0,344.145,0,0,0
"MtrElec",7,23,23,"",250.18,0,0,0,0,0,0,0,0,0,0,0,0,0,0,0,0,0,0,0,0,250.18,0,0,0
"MtrElec",7,23,24,"",264.634,0,0,0,0,0,0,0,0,0,0,0,0,0,0,0,0,0,0,0,0,264.634,0,0,0
"MtrElec",7,24,1,"",180.893,0,0,0,0,0,0,0,0,0,0,0,0,0,0,0,0,0,0,0,0,180.893,0,0,0
"MtrElec",7,24,2,"",161.159,0,0,0,0,0,0,0,0,0,0,0,0,0,0,0,0,0,0,0,0,161.159,0,0,0
"MtrElec",7,24,3,"",155.194,0,0,0,0,0,0,0,0,0,0,0,0,0,0,0,0,0,0,0,0,155.194,0,0,0
"MtrElec",7,24,4,"",151.009,0,0,0,0,0,0,0,0,0,0,0,0,0,0,0,0,0,0,0,0,151.009,0,0,0
"MtrElec",7,24,5,"",145.209,0,0,0,0,0,0,0,0,0,0,0,0,0,0,0,0,0,0,0,0,145.209,0,0,0
"MtrElec",7,24,6,"",191.476,0,0,0,0,0,0,0,0,0,0,0,0,0,0,0,0,0,0,0,0,191.476,0,0,0
"MtrElec",7,24,7,"",249.754,0,0,0,0,0,0,0,0,0,0,0,0,0,0,0,0,0,0,0,0,264.156,0,0,-14.4024
"MtrElec",7,24,8,"",227.591,0,0,0,0,0,0,0,0,0,0,0,0,0,0,0,0,0,0,0,0,331.127,0,0,-103.536
"MtrElec",7,24,9,"",161.122,0,0,0,0,0,0,0,0,0,0,0,0,0,0,0,0,0,0,0,0,428.845,0,0,-267.722
"MtrElec",7,24,10,"",113.254,0,0,0,0,0,0,0,0,0,0,0,0,0,0,0,0,0,0,0,0,529.619,0,0,-416.364
"MtrElec",7,24,11,"",0.0000010,0,0,0,0,0,0,0,0,0,0,0,0,0,0,0,0,0,0,0,0,521.208,0,14.7444,-535.952
"MtrElec",7,24,12,"",0,0,0,0,0,0,0,0,0,0,0,0,0,0,0,0,0,0,0,0,0,520.583,0,102.205,-622.789
"MtrElec",7,24,13,"",0.0000078,0,0,0,0,0,0,0,0,0,0,0,0,0,0,0,0,0,0,0,0,578.764,0,89.6633,-668.427
"MtrElec",7,24,14,"",0,0,0,0,0,0,0,0,0,0,0,0,0,0,0,0,0,0,0,0,0,484.251,0,179.194,-663.445
"MtrElec",7,24,15,"",0.0000078,0,0,0,0,0,0,0,0,0,0,0,0,0,0,0,0,0,0,0,0,498.251,0,122.824,-621.075
"MtrElec",7,24,16,"",0.0000039,0,0,0,0,0,0,0,0,0,0,0,0,0,0,0,0,0,0,0,0,501.687,0,38.2413,-539.928
"MtrElec",7,24,17,"",133.328,0,0,0,0,0,0,0,0,0,0,0,0,0,0,0,0,0,0,0,0,550.283,0,0,-416.955
"MtrElec",7,24,18,"",279.56,0,0,0,0,0,0,0,0,0,0,0,0,0,0,0,0,0,0,0,0,539.255,0,0,-259.694
"MtrElec",7,24,19,"",243.283,0,0,0,0,0,0,0,0,0,0,0,0,0,0,0,0,0,0,0,0,556.759,0,-223.217,-90.2586
"MtrElec",7,24,20,"",274.644,0,0,0,0,0,0,0,0,0,0,0,0,0,0,0,0,0,0,0,0,507.866,0,-223.217,-10.0055
"MtrElec",7,24,21,"",447.737,0,0,0,0,0,0,0,0,0,0,0,0,0,0,0,0,0,0,0,0,494.856,0,-47.1183,0
"MtrElec",7,24,22,"",330.849,0,0,0,0,0,0,0,0,0,0,0,0,0,0,0,0,0,0,0,0,330.849,0,0,0
"MtrElec",7,24,23,"",310.005,0,0,0,0,0,0,0,0,0,0,0,0,0,0,0,0,0,0,0,0,310.005,0,0,0
"MtrElec",7,24,24,"",233.398,0,0,0,0,0,0,0,0,0,0,0,0,0,0,0,0,0,0,0,0,233.398,0,0,0
"MtrElec",7,25,1,"",186.203,0,0,0,0,0,0,0,0,0,0,0,0,0,0,0,0,0,0,0,0,186.203,0,0,0
"MtrElec",7,25,2,"",154.642,0,0,0,0,0,0,0,0,0,0,0,0,0,0,0,0,0,0,0,0,154.642,0,0,0
"MtrElec",7,25,3,"",186.94,0,0,0,0,0,0,0,0,0,0,0,0,0,0,0,0,0,0,0,0,186.94,0,0,0
"MtrElec",7,25,4,"",154.164,0,0,0,0,0,0,0,0,0,0,0,0,0,0,0,0,0,0,0,0,154.164,0,0,0
"MtrElec",7,25,5,"",151.137,0,0,0,0,0,0,0,0,0,0,0,0,0,0,0,0,0,0,0,0,151.137,0,0,0
"MtrElec",7,25,6,"",149.687,0,0,0,0,0,0,0,0,0,0,0,0,0,0,0,0,0,0,0,0,149.687,0,0,0
"MtrElec",7,25,7,"",207.731,0,0,0,0,0,0,0,0,0,0,0,0,0,0,0,0,0,0,0,0,220.226,0,0,-12.4947
"MtrElec",7,25,8,"",172.352,0,0,0,0,0,0,0,0,0,0,0,0,0,0,0,0,0,0,0,0,276.459,0,0,-104.107
"MtrElec",7,25,9,"",107.816,0,0,0,0,0,0,0,0,0,0,0,0,0,0,0,0,0,0,0,0,381.064,0,0,-273.249
"MtrElec",7,25,10,"",21.7215,0,0,0,0,0,0,0,0,0,0,0,0,0,0,0,0,0,0,0,0,444.578,0,0,-422.856
"MtrElec",7,25,11,"",111.383,0,0,0,0,0,0,0,0,0,0,0,0,0,0,0,0,0,0,0,0,644.342,0,0,-532.959
"MtrElec",7,25,12,"",0,0,0,0,0,0,0,0,0,0,0,0,0,0,0,0,0,0,0,0,0,601.089,0,2.90762,-603.997
"MtrElec",7,25,13,"",0,0,0,0,0,0,0,0,0,0,0,0,0,0,0,0,0,0,0,0,0,594.627,0,54.4096,-649.036
"MtrElec",7,25,14,"",0,0,0,0,0,0,0,0,0,0,0,0,0,0,0,0,0,0,0,0,0,604.948,0,51.2585,-656.207
"MtrElec",7,25,15,"",0,0,0,0,0,0,0,0,0,0,0,0,0,0,0,0,0,0,0,0,0,548.966,0,66.2034,-615.169
"MtrElec",7,25,16,"",12.2912,0,0,0,0,0,0,0,0,0,0,0,0,0,0,0,0,0,0,0,0,548.815,0,0,-536.524
"MtrElec",7,25,17,"",102.34,0,0,0,0,0,0,0,0,0,0,0,0,0,0,0,0,0,0,0,0,519.43,0,0,-417.09
"MtrElec",7,25,18,"",312.24,0,0,0,0,0,0,0,0,0,0,0,0,0,0,0,0,0,0,0,0,569.111,0,0,-256.87
"MtrElec",7,25,19,"",341.105,0,0,0,0,0,0,0,0,0,0,0,0,0,0,0,0,0,0,0,0,587.727,0,-157.738,-88.8839
"MtrElec",7,25,20,"",446.207,0,0,0,0,0,0,0,0,0,0,0,0,0,0,0,0,0,0,0,0,455.524,0,0,-9.31681
"MtrElec",7,25,21,"",397.801,0,0,0,0,0,0,0,0,0,0,0,0,0,0,0,0,0,0,0,0,397.801,0,0,0
"MtrElec",7,25,22,"",402.854,0,0,0,0,0,0,0,0,0,0,0,0,0,0,0,0,0,0,0,0,402.854,0,0,0
"MtrElec",7,25,23,"",254.873,0,0,0,0,0,0,0,0,0,0,0,0,0,0,0,0,0,0,0,0,254.873,0,0,0
"MtrElec",7,25,24,"",214.893,0,0,0,0,0,0,0,0,0,0,0,0,0,0,0,0,0,0,0,0,214.893,0,0,0
"MtrElec",7,26,1,"",178.839,0,0,0,0,0,0,0,0,0,0,0,0,0,0,0,0,0,0,0,0,178.839,0,0,0
"MtrElec",7,26,2,"",152.263,0,0,0,0,0,0,0,0,0,0,0,0,0,0,0,0,0,0,0,0,152.263,0,0,0
"MtrElec",7,26,3,"",151.128,0,0,0,0,0,0,0,0,0,0,0,0,0,0,0,0,0,0,0,0,151.128,0,0,0
"MtrElec",7,26,4,"",149.946,0,0,0,0,0,0,0,0,0,0,0,0,0,0,0,0,0,0,0,0,149.946,0,0,0
"MtrElec",7,26,5,"",175.668,0,0,0,0,0,0,0,0,0,0,0,0,0,0,0,0,0,0,0,0,175.668,0,0,0
"MtrElec",7,26,6,"",150.696,0,0,0,0,0,0,0,0,0,0,0,0,0,0,0,0,0,0,0,0,150.696,0,0,0
"MtrElec",7,26,7,"",145.922,0,0,0,0,0,0,0,0,0,0,0,0,0,0,0,0,0,0,0,0,159.219,0,0,-13.297
"MtrElec",7,26,8,"",141.387,0,0,0,0,0,0,0,0,0,0,0,0,0,0,0,0,0,0,0,0,245.947,0,0,-104.56
"MtrElec",7,26,9,"",75.4289,0,0,0,0,0,0,0,0,0,0,0,0,0,0,0,0,0,0,0,0,348.458,0,0,-273.029
"MtrElec",7,26,10,"",-14.0667,0,0,0,0,0,0,0,0,0,0,0,0,0,0,0,0,0,0,0,0,409.273,0,0,-423.339
"MtrElec",7,26,11,"",0.0000078,0,0,0,0,0,0,0,0,0,0,0,0,0,0,0,0,0,0,0,0,439.832,0,93.0334,-532.865
"MtrElec",7,26,12,"",0,0,0,0,0,0,0,0,0,0,0,0,0,0,0,0,0,0,0,0,0,501.366,0,120.612,-621.978
"MtrElec",7,26,13,"",0,0,0,0,0,0,0,0,0,0,0,0,0,0,0,0,0,0,0,0,0,597.401,0,70.5882,-667.989
"MtrElec",7,26,14,"",0,0,0,0,0,0,0,0,0,0,0,0,0,0,0,0,0,0,0,0,0,473.97,0,187.221,-661.191
"MtrElec",7,26,15,"",0.0000156,0,0,0,0,0,0,0,0,0,0,0,0,0,0,0,0,0,0,0,0,484.288,0,140.231,-624.519
"MtrElec",7,26,16,"",0,0,0,0,0,0,0,0,0,0,0,0,0,0,0,0,0,0,0,0,0,493.931,0,46.6464,-540.578
"MtrElec",7,26,17,"",62.0401,0,0,0,0,0,0,0,0,0,0,0,0,0,0,0,0,0,0,0,0,478.464,0,0,-416.424
"MtrElec",7,26,18,"",255.057,0,0,0,0,0,0,0,0,0,0,0,0,0,0,0,0,0,0,0,0,513.66,0,0,-258.603
"MtrElec",7,26,19,"",258.256,0,0,0,0,0,0,0,0,0,0,0,0,0,0,0,0,0,0,0,0,569.571,0,-223.217,-88.0988
"MtrElec",7,26,20,"",181.017,0,0,0,0,0,0,0,0,0,0,0,0,0,0,0,0,0,0,0,0,412.804,0,-223.217,-8.56998
"MtrElec",7,26,21,"",193.107,0,0,0,0,0,0,0,0,0,0,0,0,0,0,0,0,0,0,0,0,340.818,0,-147.711,0
"MtrElec",7,26,22,"",288.745,0,0,0,0,0,0,0,0,0,0,0,0,0,0,0,0,0,0,0,0,288.745,0,0,0
"MtrElec",7,26,23,"",260.123,0,0,0,0,0,0,0,0,0,0,0,0,0,0,0,0,0,0,0,0,260.123,0,0,0
"MtrElec",7,26,24,"",205.433,0,0,0,0,0,0,0,0,0,0,0,0,0,0,0,0,0,0,0,0,205.433,0,0,0
"MtrElec",7,27,1,"",173.914,0,0,0,0,0,0,0,0,0,0,0,0,0,0,0,0,0,0,0,0,173.914,0,0,0
"MtrElec",7,27,2,"",158.155,0,0,0,0,0,0,0,0,0,0,0,0,0,0,0,0,0,0,0,0,158.155,0,0,0
"MtrElec",7,27,3,"",154.023,0,0,0,0,0,0,0,0,0,0,0,0,0,0,0,0,0,0,0,0,154.023,0,0,0
"MtrElec",7,27,4,"",151.829,0,0,0,0,0,0,0,0,0,0,0,0,0,0,0,0,0,0,0,0,151.829,0,0,0
"MtrElec",7,27,5,"",179.239,0,0,0,0,0,0,0,0,0,0,0,0,0,0,0,0,0,0,0,0,179.239,0,0,0
"MtrElec",7,27,6,"",152.564,0,0,0,0,0,0,0,0,0,0,0,0,0,0,0,0,0,0,0,0,152.564,0,0,0
"MtrElec",7,27,7,"",277.22,0,0,0,0,0,0,0,0,0,0,0,0,0,0,0,0,0,0,0,0,289.704,0,0,-12.4845
"MtrElec",7,27,8,"",252.678,0,0,0,0,0,0,0,0,0,0,0,0,0,0,0,0,0,0,0,0,355.975,0,0,-103.297
"MtrElec",7,27,9,"",170.94,0,0,0,0,0,0,0,0,0,0,0,0,0,0,0,0,0,0,0,0,440.654,0,0,-269.714
"MtrElec",7,27,10,"",125.775,0,0,0,0,0,0,0,0,0,0,0,0,0,0,0,0,0,0,0,0,545.263,0,0,-419.488
"MtrElec",7,27,11,"",45.8865,0,0,0,0,0,0,0,0,0,0,0,0,0,0,0,0,0,0,0,0,583.698,0,0,-537.811
"MtrElec",7,27,12,"",0.0000010,0,0,0,0,0,0,0,0,0,0,0,0,0,0,0,0,0,0,0,0,597.271,0,14.4108,-611.682
"MtrElec",7,27,13,"",0,0,0,0,0,0,0,0,0,0,0,0,0,0,0,0,0,0,0,0,0,585.561,0,60.1539,-645.715
"MtrElec",7,27,14,"",0,0,0,0,0,0,0,0,0,0,0,0,0,0,0,0,0,0,0,0,0,566.995,0,94.1121,-661.107
"MtrElec",7,27,15,"",0.0000078,0,0,0,0,0,0,0,0,0,0,0,0,0,0,0,0,0,0,0,0,507.023,0,115.657,-622.681
"MtrElec",7,27,16,"",20.0242,0,0,0,0,0,0,0,0,0,0,0,0,0,0,0,0,0,0,0,0,555.172,0,0,-535.148
"MtrElec",7,27,17,"",174.954,0,0,0,0,0,0,0,0,0,0,0,0,0,0,0,0,0,0,0,0,586.158,0,0,-411.204
"MtrElec",7,27,18,"",313.102,0,0,0,0,0,0,0,0,0,0,0,0,0,0,0,0,0,0,0,0,567.528,0,0,-254.426
"MtrElec",7,27,19,"",224.412,0,0,0,0,0,0,0,0,0,0,0,0,0,0,0,0,0,0,0,0,534.826,0,-223.217,-87.1964
"MtrElec",7,27,20,"",524.809,0,0,0,0,0,0,0,0,0,0,0,0,0,0,0,0,0,0,0,0,567.51,0,-33.3947,-9.30715
"MtrElec",7,27,21,"",503.775,0,0,0,0,0,0,0,0,0,0,0,0,0,0,0,0,0,0,0,0,503.775,0,0,0
"MtrElec",7,27,22,"",314.855,0,0,0,0,0,0,0,0,0,0,0,0,0,0,0,0,0,0,0,0,314.855,0,0,0
"MtrElec",7,27,23,"",314.453,0,0,0,0,0,0,0,0,0,0,0,0,0,0,0,0,0,0,0,0,314.453,0,0,0
"MtrElec",7,27,24,"",250.863,0,0,0,0,0,0,0,0,0,0,0,0,0,0,0,0,0,0,0,0,250.863,0,0,0
"MtrElec",7,28,1,"",191.818,0,0,0,0,0,0,0,0,0,0,0,0,0,0,0,0,0,0,0,0,191.818,0,0,0
"MtrElec",7,28,2,"",159.227,0,0,0,0,0,0,0,0,0,0,0,0,0,0,0,0,0,0,0,0,159.227,0,0,0
"MtrElec",7,28,3,"",150.845,0,0,0,0,0,0,0,0,0,0,0,0,0,0,0,0,0,0,0,0,150.845,0,0,0
"MtrElec",7,28,4,"",149.844,0,0,0,0,0,0,0,0,0,0,0,0,0,0,0,0,0,0,0,0,149.844,0,0,0
"MtrElec",7,28,5,"",146.848,0,0,0,0,0,0,0,0,0,0,0,0,0,0,0,0,0,0,0,0,146.848,0,0,0
"MtrElec",7,28,6,"",157.271,0,0,0,0,0,0,0,0,0,0,0,0,0,0,0,0,0,0,0,0,157.271,0,0,0
"MtrElec",7,28,7,"",235.678,0,0,0,0,0,0,0,0,0,0,0,0,0,0,0,0,0,0,0,0,248.093,0,0,-12.4158
"MtrElec",7,28,8,"",252.18,0,0,0,0,0,0,0,0,0,0,0,0,0,0,0,0,0,0,0,0,355.125,0,0,-102.945
"MtrElec",7,28,9,"",145.928,0,0,0,0,0,0,0,0,0,0,0,0,0,0,0,0,0,0,0,0,411.886,0,0,-265.959
"MtrElec",7,28,10,"",94.4423,0,0,0,0,0,0,0,0,0,0,0,0,0,0,0,0,0,0,0,0,517.161,0,0,-422.719
"MtrElec",7,28,11,"",29.1184,0,0,0,0,0,0,0,0,0,0,0,0,0,0,0,0,0,0,0,0,569.452,0,0,-540.334
"MtrElec",7,28,12,"",0,0,0,0,0,0,0,0,0,0,0,0,0,0,0,0,0,0,0,0,0,556.455,0,44.7889,-601.244
"MtrElec",7,28,13,"",0,0,0,0,0,0,0,0,0,0,0,0,0,0,0,0,0,0,0,0,0,571.51,0,87.2931,-658.803
"MtrElec",7,28,14,"",0,0,0,0,0,0,0,0,0,0,0,0,0,0,0,0,0,0,0,0,0,527.288,0,135.091,-662.379
"MtrElec",7,28,15,"",0.0000078,0,0,0,0,0,0,0,0,0,0,0,0,0,0,0,0,0,0,0,0,488.502,0,129.36,-617.862
"MtrElec",7,28,16,"",0,0,0,0,0,0,0,0,0,0,0,0,0,0,0,0,0,0,0,0,0,501.871,0,34.2472,-536.118
"MtrElec",7,28,17,"",132.279,0,0,0,0,0,0,0,0,0,0,0,0,0,0,0,0,0,0,0,0,544.434,0,0,-412.155
"MtrElec",7,28,18,"",316.632,0,0,0,0,0,0,0,0,0,0,0,0,0,0,0,0,0,0,0,0,568.463,0,0,-251.831
"MtrElec",7,28,19,"",199.598,0,0,0,0,0,0,0,0,0,0,0,0,0,0,0,0,0,0,0,0,510.129,0,-223.217,-87.3141
"MtrElec",7,28,20,"",349.858,0,0,0,0,0,0,0,0,0,0,0,0,0,0,0,0,0,0,0,0,525.34,0,-165.562,-9.91952
"MtrElec",7,28,21,"",504.778,0,0,0,0,0,0,0,0,0,0,0,0,0,0,0,0,0,0,0,0,504.778,0,0,0
"MtrElec",7,28,22,"",274.43,0,0,0,0,0,0,0,0,0,0,0,0,0,0,0,0,0,0,0,0,274.43,0,0,0
"MtrElec",7,28,23,"",272.702,0,0,0,0,0,0,0,0,0,0,0,0,0,0,0,0,0,0,0,0,272.702,0,0,0
"MtrElec",7,28,24,"",202.609,0,0,0,0,0,0,0,0,0,0,0,0,0,0,0,0,0,0,0,0,202.609,0,0,0
"MtrElec",7,29,1,"",176.608,0,0,0,0,0,0,0,0,0,0,0,0,0,0,0,0,0,0,0,0,176.608,0,0,0
"MtrElec",7,29,2,"",150.09,0,0,0,0,0,0,0,0,0,0,0,0,0,0,0,0,0,0,0,0,150.09,0,0,0
"MtrElec",7,29,3,"",177.854,0,0,0,0,0,0,0,0,0,0,0,0,0,0,0,0,0,0,0,0,177.854,0,0,0
"MtrElec",7,29,4,"",151.998,0,0,0,0,0,0,0,0,0,0,0,0,0,0,0,0,0,0,0,0,151.998,0,0,0
"MtrElec",7,29,5,"",142.428,0,0,0,0,0,0,0,0,0,0,0,0,0,0,0,0,0,0,0,0,142.428,0,0,0
"MtrElec",7,29,6,"",149.092,0,0,0,0,0,0,0,0,0,0,0,0,0,0,0,0,0,0,0,0,149.092,0,0,0
"MtrElec",7,29,7,"",266.95,0,0,0,0,0,0,0,0,0,0,0,0,0,0,0,0,0,0,0,0,279.46,0,0,-12.5093
"MtrElec",7,29,8,"",256.157,0,0,0,0,0,0,0,0,0,0,0,0,0,0,0,0,0,0,0,0,358.237,0,0,-102.081
"MtrElec",7,29,9,"",174.116,0,0,0,0,0,0,0,0,0,0,0,0,0,0,0,0,0,0,0,0,443.073,0,0,-268.957
"MtrElec",7,29,10,"",73.0641,0,0,0,0,0,0,0,0,0,0,0,0,0,0,0,0,0,0,0,0,499.111,0,0,-426.047
"MtrElec",7,29,11,"",0,0,0,0,0,0,0,0,0,0,0,0,0,0,0,0,0,0,0,0,0,522.436,0,27.0652,-549.501
"MtrElec",7,29,12,"",0.0000078,0,0,0,0,0,0,0,0,0,0,0,0,0,0,0,0,0,0,0,0,525.923,0,92.3968,-618.32
"MtrElec",7,29,13,"",0.0000156,0,0,0,0,0,0,0,0,0,0,0,0,0,0,0,0,0,0,0,0,492.536,0,161.948,-654.483
"MtrElec",7,29,14,"",0,0,0,0,0,0,0,0,0,0,0,0,0,0,0,0,0,0,0,0,0,475.601,0,193.401,-669.003
"MtrElec",7,29,15,"",0,0,0,0,0,0,0,0,0,0,0,0,0,0,0,0,0,0,0,0,0,458.912,0,163.176,-622.089
"MtrElec",7,29,16,"",0,0,0,0,0,0,0,0,0,0,0,0,0,0,0,0,0,0,0,0,0,518.935,0,18.161,-537.096
"MtrElec",7,29,17,"",121.118,0,0,0,0,0,0,0,0,0,0,0,0,0,0,0,0,0,0,0,0,533.253,0,0,-412.135
"MtrElec",7,29,18,"",301.991,0,0,0,0,0,0,0,0,0,0,0,0,0,0,0,0,0,0,0,0,553.558,0,0,-251.567
"MtrElec",7,29,19,"",230.792,0,0,0,0,0,0,0,0,0,0,0,0,0,0,0,0,0,0,0,0,540.712,0,-223.217,-86.7026
"MtrElec",7,29,20,"",265.105,0,0,0,0,0,0,0,0,0,0,0,0,0,0,0,0,0,0,0,0,497.104,0,-223.217,-8.78292
"MtrElec",7,29,21,"",371.991,0,0,0,0,0,0,0,0,0,0,0,0,0,0,0,0,0,0,0,0,517.731,0,-145.74,0
"MtrElec",7,29,22,"",300.376,0,0,0,0,0,0,0,0,0,0,0,0,0,0,0,0,0,0,0,0,300.376,0,0,0
"MtrElec",7,29,23,"",290.352,0,0,0,0,0,0,0,0,0,0,0,0,0,0,0,0,0,0,0,0,290.352,0,0,0
"MtrElec",7,29,24,"",209.228,0,0,0,0,0,0,0,0,0,0,0,0,0,0,0,0,0,0,0,0,209.228,0,0,0
"MtrElec",7,30,1,"",156.454,0,0,0,0,0,0,0,0,0,0,0,0,0,0,0,0,0,0,0,0,156.454,0,0,0
"MtrElec",7,30,2,"",166.54,0,0,0,0,0,0,0,0,0,0,0,0,0,0,0,0,0,0,0,0,166.54,0,0,0
"MtrElec",7,30,3,"",175.632,0,0,0,0,0,0,0,0,0,0,0,0,0,0,0,0,0,0,0,0,175.632,0,0,0
"MtrElec",7,30,4,"",153.528,0,0,0,0,0,0,0,0,0,0,0,0,0,0,0,0,0,0,0,0,153.528,0,0,0
"MtrElec",7,30,5,"",152.758,0,0,0,0,0,0,0,0,0,0,0,0,0,0,0,0,0,0,0,0,152.758,0,0,0
"MtrElec",7,30,6,"",186.35,0,0,0,0,0,0,0,0,0,0,0,0,0,0,0,0,0,0,0,0,186.35,0,0,0
"MtrElec",7,30,7,"",231.951,0,0,0,0,0,0,0,0,0,0,0,0,0,0,0,0,0,0,0,0,245.042,0,0,-13.0911
"MtrElec",7,30,8,"",252.107,0,0,0,0,0,0,0,0,0,0,0,0,0,0,0,0,0,0,0,0,354.491,0,0,-102.383
"MtrElec",7,30,9,"",146.442,0,0,0,0,0,0,0,0,0,0,0,0,0,0,0,0,0,0,0,0,415.38,0,0,-268.938
"MtrElec",7,30,10,"",49.8969,0,0,0,0,0,0,0,0,0,0,0,0,0,0,0,0,0,0,0,0,474.578,0,0,-424.681
"MtrElec",7,30,11,"",0,0,0,0,0,0,0,0,0,0,0,0,0,0,0,0,0,0,0,0,0,514.049,0,27.3406,-541.39
"MtrElec",7,30,12,"",0,0,0,0,0,0,0,0,0,0,0,0,0,0,0,0,0,0,0,0,0,472.063,0,148.28,-620.343
"MtrElec",7,30,13,"",0.0000078,0,0,0,0,0,0,0,0,0,0,0,0,0,0,0,0,0,0,0,0,555.261,0,109.778,-665.039
"MtrElec",7,30,14,"",0,0,0,0,0,0,0,0,0,0,0,0,0,0,0,0,0,0,0,0,0,491.955,0,167.808,-659.763
"MtrElec",7,30,15,"",0.0000078,0,0,0,0,0,0,0,0,0,0,0,0,0,0,0,0,0,0,0,0,494.839,0,125.632,-620.47
"MtrElec",7,30,16,"",0.0000010,0,0,0,0,0,0,0,0,0,0,0,0,0,0,0,0,0,0,0,0,521.037,0,16.1215,-537.159
"MtrElec",7,30,17,"",98.2484,0,0,0,0,0,0,0,0,0,0,0,0,0,0,0,0,0,0,0,0,511.139,0,0,-412.89
"MtrElec",7,30,18,"",306.527,0,0,0,0,0,0,0,0,0,0,0,0,0,0,0,0,0,0,0,0,559.618,0,0,-253.091
"MtrElec",7,30,19,"",251.683,0,0,0,0,0,0,0,0,0,0,0,0,0,0,0,0,0,0,0,0,562.181,0,-223.217,-87.2806
"MtrElec",7,30,20,"",240.189,0,0,0,0,0,0,0,0,0,0,0,0,0,0,0,0,0,0,0,0,473.4,0,-223.217,-9.99416
"MtrElec",7,30,21,"",337.798,0,0,0,0,0,0,0,0,0,0,0,0,0,0,0,0,0,0,0,0,428.316,0,-90.5174,0
"MtrElec",7,30,22,"",320.406,0,0,0,0,0,0,0,0,0,0,0,0,0,0,0,0,0,0,0,0,320.406,0,0,0
"MtrElec",7,30,23,"",284.436,0,0,0,0,0,0,0,0,0,0,0,0,0,0,0,0,0,0,0,0,284.436,0,0,0
"MtrElec",7,30,24,"",224.058,0,0,0,0,0,0,0,0,0,0,0,0,0,0,0,0,0,0,0,0,224.058,0,0,0
"MtrElec",7,31,1,"",172.873,0,0,0,0,0,0,0,0,0,0,0,0,0,0,0,0,0,0,0,0,172.873,0,0,0
"MtrElec",7,31,2,"",155.895,0,0,0,0,0,0,0,0,0,0,0,0,0,0,0,0,0,0,0,0,155.895,0,0,0
"MtrElec",7,31,3,"",148.894,0,0,0,0,0,0,0,0,0,0,0,0,0,0,0,0,0,0,0,0,148.894,0,0,0
"MtrElec",7,31,4,"",148.884,0,0,0,0,0,0,0,0,0,0,0,0,0,0,0,0,0,0,0,0,148.884,0,0,0
"MtrElec",7,31,5,"",178.311,0,0,0,0,0,0,0,0,0,0,0,0,0,0,0,0,0,0,0,0,178.311,0,0,0
"MtrElec",7,31,6,"",157.246,0,0,0,0,0,0,0,0,0,0,0,0,0,0,0,0,0,0,0,0,157.246,0,0,0
"MtrElec",7,31,7,"",229.942,0,0,0,0,0,0,0,0,0,0,0,0,0,0,0,0,0,0,0,0,242.701,0,0,-12.7592
"MtrElec",7,31,8,"",244.395,0,0,0,0,0,0,0,0,0,0,0,0,0,0,0,0,0,0,0,0,325.195,0,0,-80.8
"MtrElec",7,31,9,"",202.302,0,0,0,0,0,0,0,0,0,0,0,0,0,0,0,0,0,0,0,0,368.74,0,0,-166.438
"MtrElec",7,31,10,"",197.519,0,0,0,0,0,0,0,0,0,0,0,0,0,0,0,0,0,0,0,0,481.92,0,0,-284.401
"MtrElec",7,31,11,"",12.1438,0,0,0,0,0,0,0,0,0,0,0,0,0,0,0,0,0,0,0,0,507.672,0,0,-495.528
"MtrElec",7,31,12,"",0,0,0,0,0,0,0,0,0,0,0,0,0,0,0,0,0,0,0,0,0,526.558,0,78.2573,-604.815
"MtrElec",7,31,13,"",0,0,0,0,0,0,0,0,0,0,0,0,0,0,0,0,0,0,0,0,0,547.805,0,89.5127,-637.318
"MtrElec",7,31,14,"",0,0,0,0,0,0,0,0,0,0,0,0,0,0,0,0,0,0,0,0,0,487.967,0,154.893,-642.86
"MtrElec",7,31,15,"",0,0,0,0,0,0,0,0,0,0,0,0,0,0,0,0,0,0,0,0,0,478.174,0,127.069,-605.243
"MtrElec",7,31,16,"",0,0,0,0,0,0,0,0,0,0,0,0,0,0,0,0,0,0,0,0,0,509.78,0,9.73406,-519.515
"MtrElec",7,31,17,"",113.445,0,0,0,0,0,0,0,0,0,0,0,0,0,0,0,0,0,0,0,0,506.682,0,0,-393.237
"MtrElec",7,31,18,"",309.342,0,0,0,0,0,0,0,0,0,0,0,0,0,0,0,0,0,0,0,0,555.182,0,0,-245.841
"MtrElec",7,31,19,"",207.109,0,0,0,0,0,0,0,0,0,0,0,0,0,0,0,0,0,0,0,0,517.837,0,-223.217,-87.5112
"MtrElec",7,31,20,"",284.646,0,0,0,0,0,0,0,0,0,0,0,0,0,0,0,0,0,0,0,0,486.073,0,-191.451,-9.97592
"MtrElec",7,31,21,"",462.447,0,0,0,0,0,0,0,0,0,0,0,0,0,0,0,0,0,0,0,0,462.447,0,0,0
"MtrElec",7,31,22,"",345.042,0,0,0,0,0,0,0,0,0,0,0,0,0,0,0,0,0,0,0,0,345.042,0,0,0
"MtrElec",7,31,23,"",282.703,0,0,0,0,0,0,0,0,0,0,0,0,0,0,0,0,0,0,0,0,282.703,0,0,0
"MtrElec",7,31,24,"",271.735,0,0,0,0,0,0,0,0,0,0,0,0,0,0,0,0,0,0,0,0,271.735,0,0,0
"MtrElec",8,1,1,"",160.798,0,0,0,0,0,0,0,0,0,0,0,0,0,0,0,0,0,0,0,0,160.798,0,0,0
"MtrElec",8,1,2,"",154.035,0,0,0,0,0,0,0,0,0,0,0,0,0,0,0,0,0,0,0,0,154.035,0,0,0
"MtrElec",8,1,3,"",150.916,0,0,0,0,0,0,0,0,0,0,0,0,0,0,0,0,0,0,0,0,150.916,0,0,0
"MtrElec",8,1,4,"",151.39,0,0,0,0,0,0,0,0,0,0,0,0,0,0,0,0,0,0,0,0,151.39,0,0,0
"MtrElec",8,1,5,"",167.315,0,0,0,0,0,0,0,0,0,0,0,0,0,0,0,0,0,0,0,0,167.315,0,0,0
"MtrElec",8,1,6,"",153.796,0,0,0,0,0,0,0,0,0,0,0,0,0,0,0,0,0,0,0,0,153.796,0,0,0
"MtrElec",8,1,7,"",206.211,0,0,0,0,0,0,0,0,0,0,0,0,0,0,0,0,0,0,0,0,219.703,0,0,-13.4917
"MtrElec",8,1,8,"",138.275,0,0,0,0,0,0,0,0,0,0,0,0,0,0,0,0,0,0,0,0,222.758,0,0,-84.4828
"MtrElec",8,1,9,"",134.375,0,0,0,0,0,0,0,0,0,0,0,0,0,0,0,0,0,0,0,0,318.461,0,0,-184.086
"MtrElec",8,1,10,"",35.2066,0,0,0,0,0,0,0,0,0,0,0,0,0,0,0,0,0,0,0,0,435.949,0,0,-400.742
"MtrElec",8,1,11,"",32.1613,0,0,0,0,0,0,0,0,0,0,0,0,0,0,0,0,0,0,0,0,571.861,0,0,-539.7
"MtrElec",8,1,12,"",0,0,0,0,0,0,0,0,0,0,0,0,0,0,0,0,0,0,0,0,0,607.132,0,5.34619,-612.479
"MtrElec",8,1,13,"",0,0,0,0,0,0,0,0,0,0,0,0,0,0,0,0,0,0,0,0,0,587.004,0,80.5286,-667.533
"MtrElec",8,1,14,"",0,0,0,0,0,0,0,0,0,0,0,0,0,0,0,0,0,0,0,0,0,511.582,0,171.479,-683.061
"MtrElec",8,1,15,"",0,0,0,0,0,0,0,0,0,0,0,0,0,0,0,0,0,0,0,0,0,537.235,0,101.748,-638.982
"MtrElec",8,1,16,"",0,0,0,0,0,0,0,0,0,0,0,0,0,0,0,0,0,0,0,0,0,533.027,0,20.1324,-553.16
"MtrElec",8,1,17,"",75.8135,0,0,0,0,0,0,0,0,0,0,0,0,0,0,0,0,0,0,0,0,505.423,0,0,-429.61
"MtrElec",8,1,18,"",265.508,0,0,0,0,0,0,0,0,0,0,0,0,0,0,0,0,0,0,0,0,528.639,0,0,-263.131
"MtrElec",8,1,19,"",203.727,0,0,0,0,0,0,0,0,0,0,0,0,0,0,0,0,0,0,0,0,515.226,0,-223.217,-88.282
"MtrElec",8,1,20,"",293.311,0,0,0,0,0,0,0,0,0,0,0,0,0,0,0,0,0,0,0,0,420.853,0,-119.042,-8.50102
"MtrElec",8,1,21,"",324.385,0,0,0,0,0,0,0,0,0,0,0,0,0,0,0,0,0,0,0,0,324.385,0,0,0
"MtrElec",8,1,22,"",327.977,0,0,0,0,0,0,0,0,0,0,0,0,0,0,0,0,0,0,0,0,327.977,0,0,0
"MtrElec",8,1,23,"",229.85,0,0,0,0,0,0,0,0,0,0,0,0,0,0,0,0,0,0,0,0,229.85,0,0,0
"MtrElec",8,1,24,"",188.214,0,0,0,0,0,0,0,0,0,0,0,0,0,0,0,0,0,0,0,0,188.214,0,0,0
"MtrElec",8,2,1,"",161.331,0,0,0,0,0,0,0,0,0,0,0,0,0,0,0,0,0,0,0,0,161.331,0,0,0
"MtrElec",8,2,2,"",149.116,0,0,0,0,0,0,0,0,0,0,0,0,0,0,0,0,0,0,0,0,149.116,0,0,0
"MtrElec",8,2,3,"",149.894,0,0,0,0,0,0,0,0,0,0,0,0,0,0,0,0,0,0,0,0,149.894,0,0,0
"MtrElec",8,2,4,"",148.944,0,0,0,0,0,0,0,0,0,0,0,0,0,0,0,0,0,0,0,0,148.944,0,0,0
"MtrElec",8,2,5,"",184.714,0,0,0,0,0,0,0,0,0,0,0,0,0,0,0,0,0,0,0,0,184.714,0,0,0
"MtrElec",8,2,6,"",148.766,0,0,0,0,0,0,0,0,0,0,0,0,0,0,0,0,0,0,0,0,148.766,0,0,0
"MtrElec",8,2,7,"",144.47,0,0,0,0,0,0,0,0,0,0,0,0,0,0,0,0,0,0,0,0,154.987,0,0,-10.5166
"MtrElec",8,2,8,"",168.028,0,0,0,0,0,0,0,0,0,0,0,0,0,0,0,0,0,0,0,0,239.183,0,0,-71.1552
"MtrElec",8,2,9,"",114.681,0,0,0,0,0,0,0,0,0,0,0,0,0,0,0,0,0,0,0,0,268.067,0,0,-153.386
"MtrElec",8,2,10,"",-7.04275,0,0,0,0,0,0,0,0,0,0,0,0,0,0,0,0,0,0,0,0,331.777,0,0,-338.82
"MtrElec",8,2,11,"",0,0,0,0,0,0,0,0,0,0,0,0,0,0,0,0,0,0,0,0,0,408.249,0,146.261,-554.51
"MtrElec",8,2,12,"",0,0,0,0,0,0,0,0,0,0,0,0,0,0,0,0,0,0,0,0,0,511.743,0,116.101,-627.844
"MtrElec",8,2,13,"",0,0,0,0,0,0,0,0,0,0,0,0,0,0,0,0,0,0,0,0,0,446.311,0,222.814,-669.125
"MtrElec",8,2,14,"",-11.8421,0,0,0,0,0,0,0,0,0,0,0,0,0,0,0,0,0,0,0,0,443.312,0,223.217,-678.371
"MtrElec",8,2,15,"",-67.5623,0,0,0,0,0,0,0,0,0,0,0,0,0,0,0,0,0,0,0,0,479.645,0,90.4875,-637.694
"MtrElec",8,2,16,"",-139.677,0,0,0,0,0,0,0,0,0,0,0,0,0,0,0,0,0,0,0,0,413.626,0,0,-553.304
"MtrElec",8,2,17,"",22.3871,0,0,0,0,0,0,0,0,0,0,0,0,0,0,0,0,0,0,0,0,448.475,0,0,-426.087
"MtrElec",8,2,18,"",184.965,0,0,0,0,0,0,0,0,0,0,0,0,0,0,0,0,0,0,0,0,442.606,0,0,-257.641
"MtrElec",8,2,19,"",145.366,0,0,0,0,0,0,0,0,0,0,0,0,0,0,0,0,0,0,0,0,455.729,0,-223.217,-87.1461
"MtrElec",8,2,20,"",133.595,0,0,0,0,0,0,0,0,0,0,0,0,0,0,0,0,0,0,0,0,365.768,0,-223.217,-8.95628
"MtrElec",8,2,21,"",125.19,0,0,0,0,0,0,0,0,0,0,0,0,0,0,0,0,0,0,0,0,348.407,0,-223.217,0
"MtrElec",8,2,22,"",298.101,0,0,0,0,0,0,0,0,0,0,0,0,0,0,0,0,0,0,0,0,349.441,0,-51.3398,0
"MtrElec",8,2,23,"",211.397,0,0,0,0,0,0,0,0,0,0,0,0,0,0,0,0,0,0,0,0,211.397,0,0,0
"MtrElec",8,2,24,"",216.493,0,0,0,0,0,0,0,0,0,0,0,0,0,0,0,0,0,0,0,0,216.493,0,0,0
"MtrElec",8,3,1,"",167.826,0,0,0,0,0,0,0,0,0,0,0,0,0,0,0,0,0,0,0,0,167.826,0,0,0
"MtrElec",8,3,2,"",150.413,0,0,0,0,0,0,0,0,0,0,0,0,0,0,0,0,0,0,0,0,150.413,0,0,0
"MtrElec",8,3,3,"",148.343,0,0,0,0,0,0,0,0,0,0,0,0,0,0,0,0,0,0,0,0,148.343,0,0,0
"MtrElec",8,3,4,"",147.614,0,0,0,0,0,0,0,0,0,0,0,0,0,0,0,0,0,0,0,0,147.614,0,0,0
"MtrElec",8,3,5,"",141.293,0,0,0,0,0,0,0,0,0,0,0,0,0,0,0,0,0,0,0,0,141.293,0,0,0
"MtrElec",8,3,6,"",196.451,0,0,0,0,0,0,0,0,0,0,0,0,0,0,0,0,0,0,0,0,196.451,0,0,0
"MtrElec",8,3,7,"",201.103,0,0,0,0,0,0,0,0,0,0,0,0,0,0,0,0,0,0,0,0,211.632,0,0,-10.5284
"MtrElec",8,3,8,"",212.45,0,0,0,0,0,0,0,0,0,0,0,0,0,0,0,0,0,0,0,0,312.904,0,0,-100.453
"MtrElec",8,3,9,"",92.2751,0,0,0,0,0,0,0,0,0,0,0,0,0,0,0,0,0,0,0,0,361.097,0,0,-268.821
"MtrElec",8,3,10,"",46.9403,0,0,0,0,0,0,0,0,0,0,0,0,0,0,0,0,0,0,0,0,477.416,0,0,-430.476
"MtrElec",8,3,11,"",0.0000039,0,0,0,0,0,0,0,0,0,0,0,0,0,0,0,0,0,0,0,0,521.525,0,33.3231,-554.848
"MtrElec",8,3,12,"",0,0,0,0,0,0,0,0,0,0,0,0,0,0,0,0,0,0,0,0,0,529.472,0,105.796,-635.268
"MtrElec",8,3,13,"",0.0000078,0,0,0,0,0,0,0,0,0,0,0,0,0,0,0,0,0,0,0,0,556.858,0,123.596,-680.454
"MtrElec",8,3,14,"",0.0000156,0,0,0,0,0,0,0,0,0,0,0,0,0,0,0,0,0,0,0,0,469.439,0,208.869,-678.308
"MtrElec",8,3,15,"",0,0,0,0,0,0,0,0,0,0,0,0,0,0,0,0,0,0,0,0,0,499.718,0,133.46,-633.178
"MtrElec",8,3,16,"",0,0,0,0,0,0,0,0,0,0,0,0,0,0,0,0,0,0,0,0,0,502.496,0,44.3063,-546.802
"MtrElec",8,3,17,"",132.067,0,0,0,0,0,0,0,0,0,0,0,0,0,0,0,0,0,0,0,0,550.341,0,0,-418.274
"MtrElec",8,3,18,"",294.192,0,0,0,0,0,0,0,0,0,0,0,0,0,0,0,0,0,0,0,0,546.881,0,0,-252.688
"MtrElec",8,3,19,"",191.817,0,0,0,0,0,0,0,0,0,0,0,0,0,0,0,0,0,0,0,0,499.759,0,-223.217,-84.7256
"MtrElec",8,3,20,"",298.01,0,0,0,0,0,0,0,0,0,0,0,0,0,0,0,0,0,0,0,0,529.465,0,-223.217,-8.23797
"MtrElec",8,3,21,"",308.583,0,0,0,0,0,0,0,0,0,0,0,0,0,0,0,0,0,0,0,0,448.188,0,-139.605,0
"MtrElec",8,3,22,"",323.539,0,0,0,0,0,0,0,0,0,0,0,0,0,0,0,0,0,0,0,0,323.539,0,0,0
"MtrElec",8,3,23,"",246.821,0,0,0,0,0,0,0,0,0,0,0,0,0,0,0,0,0,0,0,0,246.821,0,0,0
"MtrElec",8,3,24,"",209.01,0,0,0,0,0,0,0,0,0,0,0,0,0,0,0,0,0,0,0,0,209.01,0,0,0
"MtrElec",8,4,1,"",174.776,0,0,0,0,0,0,0,0,0,0,0,0,0,0,0,0,0,0,0,0,174.776,0,0,0
"MtrElec",8,4,2,"",154.626,0,0,0,0,0,0,0,0,0,0,0,0,0,0,0,0,0,0,0,0,154.626,0,0,0
"MtrElec",8,4,3,"",146.549,0,0,0,0,0,0,0,0,0,0,0,0,0,0,0,0,0,0,0,0,146.549,0,0,0
"MtrElec",8,4,4,"",145.899,0,0,0,0,0,0,0,0,0,0,0,0,0,0,0,0,0,0,0,0,145.899,0,0,0
"MtrElec",8,4,5,"",140.088,0,0,0,0,0,0,0,0,0,0,0,0,0,0,0,0,0,0,0,0,140.088,0,0,0
"MtrElec",8,4,6,"",183.125,0,0,0,0,0,0,0,0,0,0,0,0,0,0,0,0,0,0,0,0,183.125,0,0,0
"MtrElec",8,4,7,"",256.228,0,0,0,0,0,0,0,0,0,0,0,0,0,0,0,0,0,0,0,0,267.465,0,0,-11.2376
"MtrElec",8,4,8,"",222.811,0,0,0,0,0,0,0,0,0,0,0,0,0,0,0,0,0,0,0,0,323.009,0,0,-100.199
"MtrElec",8,4,9,"",118.952,0,0,0,0,0,0,0,0,0,0,0,0,0,0,0,0,0,0,0,0,384.207,0,0,-265.255
"MtrElec",8,4,10,"",73.7728,0,0,0,0,0,0,0,0,0,0,0,0,0,0,0,0,0,0,0,0,490.379,0,0,-416.606
"MtrElec",8,4,11,"",0.0000039,0,0,0,0,0,0,0,0,0,0,0,0,0,0,0,0,0,0,0,0,487.929,0,57.9151,-545.844
"MtrElec",8,4,12,"",0,0,0,0,0,0,0,0,0,0,0,0,0,0,0,0,0,0,0,0,0,491.102,0,137.363,-628.465
"MtrElec",8,4,13,"",0,0,0,0,0,0,0,0,0,0,0,0,0,0,0,0,0,0,0,0,0,532.27,0,135.618,-667.888
"MtrElec",8,4,14,"",0.0000156,0,0,0,0,0,0,0,0,0,0,0,0,0,0,0,0,0,0,0,0,489.475,0,179.454,-668.929
"MtrElec",8,4,15,"",0,0,0,0,0,0,0,0,0,0,0,0,0,0,0,0,0,0,0,0,0,468.78,0,153.981,-622.761
"MtrElec",8,4,16,"",0,0,0,0,0,0,0,0,0,0,0,0,0,0,0,0,0,0,0,0,0,504.226,0,29.4336,-533.659
"MtrElec",8,4,17,"",114.81,0,0,0,0,0,0,0,0,0,0,0,0,0,0,0,0,0,0,0,0,520.771,0,0,-405.961
"MtrElec",8,4,18,"",278.073,0,0,0,0,0,0,0,0,0,0,0,0,0,0,0,0,0,0,0,0,522.767,0,0,-244.694
"MtrElec",8,4,19,"",245.688,0,0,0,0,0,0,0,0,0,0,0,0,0,0,0,0,0,0,0,0,547.246,0,-223.217,-78.3407
"MtrElec",8,4,20,"",250.497,0,0,0,0,0,0,0,0,0,0,0,0,0,0,0,0,0,0,0,0,483.688,0,-223.217,-9.9745
"MtrElec",8,4,21,"",282.916,0,0,0,0,0,0,0,0,0,0,0,0,0,0,0,0,0,0,0,0,462.604,0,-179.688,0
"MtrElec",8,4,22,"",322.124,0,0,0,0,0,0,0,0,0,0,0,0,0,0,0,0,0,0,0,0,322.124,0,0,0
"MtrElec",8,4,23,"",246.369,0,0,0,0,0,0,0,0,0,0,0,0,0,0,0,0,0,0,0,0,246.369,0,0,0
"MtrElec",8,4,24,"",228.017,0,0,0,0,0,0,0,0,0,0,0,0,0,0,0,0,0,0,0,0,228.017,0,0,0
"MtrElec",8,5,1,"",163.175,0,0,0,0,0,0,0,0,0,0,0,0,0,0,0,0,0,0,0,0,163.175,0,0,0
"MtrElec",8,5,2,"",153.564,0,0,0,0,0,0,0,0,0,0,0,0,0,0,0,0,0,0,0,0,153.564,0,0,0
"MtrElec",8,5,3,"",147.645,0,0,0,0,0,0,0,0,0,0,0,0,0,0,0,0,0,0,0,0,147.645,0,0,0
"MtrElec",8,5,4,"",146.361,0,0,0,0,0,0,0,0,0,0,0,0,0,0,0,0,0,0,0,0,146.361,0,0,0
"MtrElec",8,5,5,"",142.986,0,0,0,0,0,0,0,0,0,0,0,0,0,0,0,0,0,0,0,0,142.986,0,0,0
"MtrElec",8,5,6,"",167.787,0,0,0,0,0,0,0,0,0,0,0,0,0,0,0,0,0,0,0,0,167.787,0,0,0
"MtrElec",8,5,7,"",247.505,0,0,0,0,0,0,0,0,0,0,0,0,0,0,0,0,0,0,0,0,260.28,0,0,-12.775
"MtrElec",8,5,8,"",226.561,0,0,0,0,0,0,0,0,0,0,0,0,0,0,0,0,0,0,0,0,319.072,0,0,-92.5102
"MtrElec",8,5,9,"",159.054,0,0,0,0,0,0,0,0,0,0,0,0,0,0,0,0,0,0,0,0,374.035,0,0,-214.981
"MtrElec",8,5,10,"",66.6189,0,0,0,0,0,0,0,0,0,0,0,0,0,0,0,0,0,0,0,0,474.301,0,0,-407.682
"MtrElec",8,5,11,"",0,0,0,0,0,0,0,0,0,0,0,0,0,0,0,0,0,0,0,0,0,513.65,0,7.1415,-520.791
"MtrElec",8,5,12,"",0,0,0,0,0,0,0,0,0,0,0,0,0,0,0,0,0,0,0,0,0,514.472,0,93.2002,-607.672
"MtrElec",8,5,13,"",0,0,0,0,0,0,0,0,0,0,0,0,0,0,0,0,0,0,0,0,0,585.796,0,69.2204,-655.017
"MtrElec",8,5,14,"",0.0000156,0,0,0,0,0,0,0,0,0,0,0,0,0,0,0,0,0,0,0,0,462.29,0,195.833,-658.123
"MtrElec",8,5,15,"",0,0,0,0,0,0,0,0,0,0,0,0,0,0,0,0,0,0,0,0,0,477.857,0,136.94,-614.797
"MtrElec",8,5,16,"",0,0,0,0,0,0,0,0,0,0,0,0,0,0,0,0,0,0,0,0,0,505.099,0,17.6665,-522.766
"MtrElec",8,5,17,"",164.514,0,0,0,0,0,0,0,0,0,0,0,0,0,0,0,0,0,0,0,0,558.264,0,0,-393.75
"MtrElec",8,5,18,"",294.925,0,0,0,0,0,0,0,0,0,0,0,0,0,0,0,0,0,0,0,0,530.615,0,0,-235.69
"MtrElec",8,5,19,"",249.674,0,0,0,0,0,0,0,0,0,0,0,0,0,0,0,0,0,0,0,0,556.5,0,-223.217,-83.6083
"MtrElec",8,5,20,"",251.979,0,0,0,0,0,0,0,0,0,0,0,0,0,0,0,0,0,0,0,0,485.319,0,-223.217,-10.1235
"MtrElec",8,5,21,"",435.874,0,0,0,0,0,0,0,0,0,0,0,0,0,0,0,0,0,0,0,0,458.742,0,-22.8679,0
"MtrElec",8,5,22,"",332.456,0,0,0,0,0,0,0,0,0,0,0,0,0,0,0,0,0,0,0,0,332.456,0,0,0
"MtrElec",8,5,23,"",255.671,0,0,0,0,0,0,0,0,0,0,0,0,0,0,0,0,0,0,0,0,255.671,0,0,0
"MtrElec",8,5,24,"",219.691,0,0,0,0,0,0,0,0,0,0,0,0,0,0,0,0,0,0,0,0,219.691,0,0,0
"MtrElec",8,6,1,"",166.155,0,0,0,0,0,0,0,0,0,0,0,0,0,0,0,0,0,0,0,0,166.155,0,0,0
"MtrElec",8,6,2,"",155.548,0,0,0,0,0,0,0,0,0,0,0,0,0,0,0,0,0,0,0,0,155.548,0,0,0
"MtrElec",8,6,3,"",147.724,0,0,0,0,0,0,0,0,0,0,0,0,0,0,0,0,0,0,0,0,147.724,0,0,0
"MtrElec",8,6,4,"",147.729,0,0,0,0,0,0,0,0,0,0,0,0,0,0,0,0,0,0,0,0,147.729,0,0,0
"MtrElec",8,6,5,"",150.499,0,0,0,0,0,0,0,0,0,0,0,0,0,0,0,0,0,0,0,0,150.499,0,0,0
"MtrElec",8,6,6,"",179.065,0,0,0,0,0,0,0,0,0,0,0,0,0,0,0,0,0,0,0,0,179.065,0,0,0
"MtrElec",8,6,7,"",253.93,0,0,0,0,0,0,0,0,0,0,0,0,0,0,0,0,0,0,0,0,265.462,0,0,-11.5323
"MtrElec",8,6,8,"",180.656,0,0,0,0,0,0,0,0,0,0,0,0,0,0,0,0,0,0,0,0,279.895,0,0,-99.2393
"MtrElec",8,6,9,"",128.622,0,0,0,0,0,0,0,0,0,0,0,0,0,0,0,0,0,0,0,0,380.351,0,0,-251.73
"MtrElec",8,6,10,"",41.2595,0,0,0,0,0,0,0,0,0,0,0,0,0,0,0,0,0,0,0,0,445.55,0,0,-404.291
"MtrElec",8,6,11,"",0,0,0,0,0,0,0,0,0,0,0,0,0,0,0,0,0,0,0,0,0,491.918,0,37.4824,-529.4
"MtrElec",8,6,12,"",0,0,0,0,0,0,0,0,0,0,0,0,0,0,0,0,0,0,0,0,0,530.148,0,83.2767,-613.424
"MtrElec",8,6,13,"",0,0,0,0,0,0,0,0,0,0,0,0,0,0,0,0,0,0,0,0,0,483.07,0,168.769,-651.84
"MtrElec",8,6,14,"",0.0000156,0,0,0,0,0,0,0,0,0,0,0,0,0,0,0,0,0,0,0,0,504.669,0,148.788,-653.457
"MtrElec",8,6,15,"",0,0,0,0,0,0,0,0,0,0,0,0,0,0,0,0,0,0,0,0,0,464.532,0,144.903,-609.436
"MtrElec",8,6,16,"",1.64216,0,0,0,0,0,0,0,0,0,0,0,0,0,0,0,0,0,0,0,0,525.456,0,0,-523.814
"MtrElec",8,6,17,"",134.218,0,0,0,0,0,0,0,0,0,0,0,0,0,0,0,0,0,0,0,0,530.547,0,0,-396.329
"MtrElec",8,6,18,"",306.35,0,0,0,0,0,0,0,0,0,0,0,0,0,0,0,0,0,0,0,0,543.001,0,0,-236.651
"MtrElec",8,6,19,"",229.602,0,0,0,0,0,0,0,0,0,0,0,0,0,0,0,0,0,0,0,0,530.769,0,-223.217,-77.9494
"MtrElec",8,6,20,"",262.921,0,0,0,0,0,0,0,0,0,0,0,0,0,0,0,0,0,0,0,0,494.375,0,-223.217,-8.23734
"MtrElec",8,6,21,"",382.917,0,0,0,0,0,0,0,0,0,0,0,0,0,0,0,0,0,0,0,0,462.84,0,-79.9223,0
"MtrElec",8,6,22,"",316.306,0,0,0,0,0,0,0,0,0,0,0,0,0,0,0,0,0,0,0,0,316.306,0,0,0
"MtrElec",8,6,23,"",291.342,0,0,0,0,0,0,0,0,0,0,0,0,0,0,0,0,0,0,0,0,291.342,0,0,0
"MtrElec",8,6,24,"",204.484,0,0,0,0,0,0,0,0,0,0,0,0,0,0,0,0,0,0,0,0,204.484,0,0,0
"MtrElec",8,7,1,"",171.259,0,0,0,0,0,0,0,0,0,0,0,0,0,0,0,0,0,0,0,0,171.259,0,0,0
"MtrElec",8,7,2,"",154.993,0,0,0,0,0,0,0,0,0,0,0,0,0,0,0,0,0,0,0,0,154.993,0,0,0
"MtrElec",8,7,3,"",149.054,0,0,0,0,0,0,0,0,0,0,0,0,0,0,0,0,0,0,0,0,149.054,0,0,0
"MtrElec",8,7,4,"",147.674,0,0,0,0,0,0,0,0,0,0,0,0,0,0,0,0,0,0,0,0,147.674,0,0,0
"MtrElec",8,7,5,"",175.199,0,0,0,0,0,0,0,0,0,0,0,0,0,0,0,0,0,0,0,0,175.199,0,0,0
"MtrElec",8,7,6,"",155.901,0,0,0,0,0,0,0,0,0,0,0,0,0,0,0,0,0,0,0,0,155.901,0,0,0
"MtrElec",8,7,7,"",228.867,0,0,0,0,0,0,0,0,0,0,0,0,0,0,0,0,0,0,0,0,240.382,0,0,-11.5149
"MtrElec",8,7,8,"",206.93,0,0,0,0,0,0,0,0,0,0,0,0,0,0,0,0,0,0,0,0,305.198,0,0,-98.2687
"MtrElec",8,7,9,"",98.5448,0,0,0,0,0,0,0,0,0,0,0,0,0,0,0,0,0,0,0,0,354.143,0,0,-255.598
"MtrElec",8,7,10,"",39.9534,0,0,0,0,0,0,0,0,0,0,0,0,0,0,0,0,0,0,0,0,449.266,0,0,-409.313
"MtrElec",8,7,11,"",0.0000020,0,0,0,0,0,0,0,0,0,0,0,0,0,0,0,0,0,0,0,0,511.872,0,24.3153,-536.187
"MtrElec",8,7,12,"",0,0,0,0,0,0,0,0,0,0,0,0,0,0,0,0,0,0,0,0,0,511.074,0,114.713,-625.787
"MtrElec",8,7,13,"",0,0,0,0,0,0,0,0,0,0,0,0,0,0,0,0,0,0,0,0,0,493.566,0,166.254,-659.82
"MtrElec",8,7,14,"",0,0,0,0,0,0,0,0,0,0,0,0,0,0,0,0,0,0,0,0,0,473.049,0,185.561,-658.61
"MtrElec",8,7,15,"",0.0000156,0,0,0,0,0,0,0,0,0,0,0,0,0,0,0,0,0,0,0,0,475.533,0,142.991,-618.524
"MtrElec",8,7,16,"",0,0,0,0,0,0,0,0,0,0,0,0,0,0,0,0,0,0,0,0,0,494.709,0,33.3757,-528.085
"MtrElec",8,7,17,"",109.468,0,0,0,0,0,0,0,0,0,0,0,0,0,0,0,0,0,0,0,0,509.026,0,0,-399.559
"MtrElec",8,7,18,"",288.645,0,0,0,0,0,0,0,0,0,0,0,0,0,0,0,0,0,0,0,0,528.841,0,0,-240.196
"MtrElec",8,7,19,"",221.115,0,0,0,0,0,0,0,0,0,0,0,0,0,0,0,0,0,0,0,0,524.872,0,-223.217,-80.541
"MtrElec",8,7,20,"",238.393,0,0,0,0,0,0,0,0,0,0,0,0,0,0,0,0,0,0,0,0,468.671,0,-223.217,-7.0613
"MtrElec",8,7,21,"",307.266,0,0,0,0,0,0,0,0,0,0,0,0,0,0,0,0,0,0,0,0,462.99,0,-155.724,0
"MtrElec",8,7,22,"",299.512,0,0,0,0,0,0,0,0,0,0,0,0,0,0,0,0,0,0,0,0,299.512,0,0,0
"MtrElec",8,7,23,"",250.177,0,0,0,0,0,0,0,0,0,0,0,0,0,0,0,0,0,0,0,0,250.177,0,0,0
"MtrElec",8,7,24,"",195.063,0,0,0,0,0,0,0,0,0,0,0,0,0,0,0,0,0,0,0,0,195.063,0,0,0
"MtrElec",8,8,1,"",195.638,0,0,0,0,0,0,0,0,0,0,0,0,0,0,0,0,0,0,0,0,195.638,0,0,0
"MtrElec",8,8,2,"",153.988,0,0,0,0,0,0,0,0,0,0,0,0,0,0,0,0,0,0,0,0,153.988,0,0,0
"MtrElec",8,8,3,"",152.482,0,0,0,0,0,0,0,0,0,0,0,0,0,0,0,0,0,0,0,0,152.482,0,0,0
"MtrElec",8,8,4,"",149.374,0,0,0,0,0,0,0,0,0,0,0,0,0,0,0,0,0,0,0,0,149.374,0,0,0
"MtrElec",8,8,5,"",154.184,0,0,0,0,0,0,0,0,0,0,0,0,0,0,0,0,0,0,0,0,154.184,0,0,0
"MtrElec",8,8,6,"",148.158,0,0,0,0,0,0,0,0,0,0,0,0,0,0,0,0,0,0,0,0,148.158,0,0,0
"MtrElec",8,8,7,"",200.047,0,0,0,0,0,0,0,0,0,0,0,0,0,0,0,0,0,0,0,0,209.293,0,0,-9.24671
"MtrElec",8,8,8,"",161.433,0,0,0,0,0,0,0,0,0,0,0,0,0,0,0,0,0,0,0,0,257.75,0,0,-96.3165
"MtrElec",8,8,9,"",78.7002,0,0,0,0,0,0,0,0,0,0,0,0,0,0,0,0,0,0,0,0,342.343,0,0,-263.643
"MtrElec",8,8,10,"",20.2297,0,0,0,0,0,0,0,0,0,0,0,0,0,0,0,0,0,0,0,0,433.246,0,0,-413.017
"MtrElec",8,8,11,"",0,0,0,0,0,0,0,0,0,0,0,0,0,0,0,0,0,0,0,0,0,528.148,0,5.51625,-533.664
"MtrElec",8,8,12,"",0,0,0,0,0,0,0,0,0,0,0,0,0,0,0,0,0,0,0,0,0,575.73,0,26.6016,-602.332
"MtrElec",8,8,13,"",0,0,0,0,0,0,0,0,0,0,0,0,0,0,0,0,0,0,0,0,0,556.779,0,36.4878,-593.267
"MtrElec",8,8,14,"",0,0,0,0,0,0,0,0,0,0,0,0,0,0,0,0,0,0,0,0,0,527.367,0,75.2971,-602.664
"MtrElec",8,8,15,"",0,0,0,0,0,0,0,0,0,0,0,0,0,0,0,0,0,0,0,0,0,526.241,0,77.3191,-603.56
"MtrElec",8,8,16,"",9.14662,0,0,0,0,0,0,0,0,0,0,0,0,0,0,0,0,0,0,0,0,532.034,0,0,-522.888
"MtrElec",8,8,17,"",158.437,0,0,0,0,0,0,0,0,0,0,0,0,0,0,0,0,0,0,0,0,553.282,0,0,-394.845
"MtrElec",8,8,18,"",299.076,0,0,0,0,0,0,0,0,0,0,0,0,0,0,0,0,0,0,0,0,537.477,0,0,-238.401
"MtrElec",8,8,19,"",277.608,0,0,0,0,0,0,0,0,0,0,0,0,0,0,0,0,0,0,0,0,551.89,0,-199.653,-74.6295
"MtrElec",8,8,20,"",420.749,0,0,0,0,0,0,0,0,0,0,0,0,0,0,0,0,0,0,0,0,428.009,0,0,-7.26002
"MtrElec",8,8,21,"",401.892,0,0,0,0,0,0,0,0,0,0,0,0,0,0,0,0,0,0,0,0,401.892,0,0,0
"MtrElec",8,8,22,"",373.292,0,0,0,0,0,0,0,0,0,0,0,0,0,0,0,0,0,0,0,0,373.292,0,0,0
"MtrElec",8,8,23,"",236.171,0,0,0,0,0,0,0,0,0,0,0,0,0,0,0,0,0,0,0,0,236.171,0,0,0
"MtrElec",8,8,24,"",255.135,0,0,0,0,0,0,0,0,0,0,0,0,0,0,0,0,0,0,0,0,255.135,0,0,0
"MtrElec",8,9,1,"",168.753,0,0,0,0,0,0,0,0,0,0,0,0,0,0,0,0,0,0,0,0,168.753,0,0,0
"MtrElec",8,9,2,"",152.09,0,0,0,0,0,0,0,0,0,0,0,0,0,0,0,0,0,0,0,0,152.09,0,0,0
"MtrElec",8,9,3,"",149.688,0,0,0,0,0,0,0,0,0,0,0,0,0,0,0,0,0,0,0,0,149.688,0,0,0
"MtrElec",8,9,4,"",152.951,0,0,0,0,0,0,0,0,0,0,0,0,0,0,0,0,0,0,0,0,152.951,0,0,0
"MtrElec",8,9,5,"",166.631,0,0,0,0,0,0,0,0,0,0,0,0,0,0,0,0,0,0,0,0,166.631,0,0,0
"MtrElec",8,9,6,"",152.041,0,0,0,0,0,0,0,0,0,0,0,0,0,0,0,0,0,0,0,0,152.041,0,0,0
"MtrElec",8,9,7,"",186.844,0,0,0,0,0,0,0,0,0,0,0,0,0,0,0,0,0,0,0,0,197.755,0,0,-10.9109
"MtrElec",8,9,8,"",100.845,0,0,0,0,0,0,0,0,0,0,0,0,0,0,0,0,0,0,0,0,198.768,0,0,-97.923
"MtrElec",8,9,9,"",62.3628,0,0,0,0,0,0,0,0,0,0,0,0,0,0,0,0,0,0,0,0,316.446,0,0,-254.084
"MtrElec",8,9,10,"",-4.31778,0,0,0,0,0,0,0,0,0,0,0,0,0,0,0,0,0,0,0,0,399.869,0,0,-404.186
"MtrElec",8,9,11,"",0.0000078,0,0,0,0,0,0,0,0,0,0,0,0,0,0,0,0,0,0,0,0,451.133,0,78.2646,-529.397
"MtrElec",8,9,12,"",0,0,0,0,0,0,0,0,0,0,0,0,0,0,0,0,0,0,0,0,0,475.645,0,142.197,-617.842
"MtrElec",8,9,13,"",0,0,0,0,0,0,0,0,0,0,0,0,0,0,0,0,0,0,0,0,0,521.259,0,129.82,-651.079
"MtrElec",8,9,14,"",0.0000156,0,0,0,0,0,0,0,0,0,0,0,0,0,0,0,0,0,0,0,0,480.747,0,171.846,-652.593
"MtrElec",8,9,15,"",0,0,0,0,0,0,0,0,0,0,0,0,0,0,0,0,0,0,0,0,0,455.094,0,164.883,-619.977
"MtrElec",8,9,16,"",0,0,0,0,0,0,0,0,0,0,0,0,0,0,0,0,0,0,0,0,0,461.065,0,66.14,-527.205
"MtrElec",8,9,17,"",68.9072,0,0,0,0,0,0,0,0,0,0,0,0,0,0,0,0,0,0,0,0,464.737,0,0,-395.83
"MtrElec",8,9,18,"",203.706,0,0,0,0,0,0,0,0,0,0,0,0,0,0,0,0,0,0,0,0,439.368,0,0,-235.662
"MtrElec",8,9,19,"",170.462,0,0,0,0,0,0,0,0,0,0,0,0,0,0,0,0,0,0,0,0,471.981,0,-223.217,-78.3024
"MtrElec",8,9,20,"",120.516,0,0,0,0,0,0,0,0,0,0,0,0,0,0,0,0,0,0,0,0,351.362,0,-223.217,-7.62928
"MtrElec",8,9,21,"",131.813,0,0,0,0,0,0,0,0,0,0,0,0,0,0,0,0,0,0,0,0,355.03,0,-223.217,0
"MtrElec",8,9,22,"",341.737,0,0,0,0,0,0,0,0,0,0,0,0,0,0,0,0,0,0,0,0,351.805,0,-10.0681,0
"MtrElec",8,9,23,"",209.941,0,0,0,0,0,0,0,0,0,0,0,0,0,0,0,0,0,0,0,0,209.941,0,0,0
"MtrElec",8,9,24,"",235.699,0,0,0,0,0,0,0,0,0,0,0,0,0,0,0,0,0,0,0,0,235.699,0,0,0
"MtrElec",8,10,1,"",165.443,0,0,0,0,0,0,0,0,0,0,0,0,0,0,0,0,0,0,0,0,165.443,0,0,0
"MtrElec",8,10,2,"",156.072,0,0,0,0,0,0,0,0,0,0,0,0,0,0,0,0,0,0,0,0,156.072,0,0,0
"MtrElec",8,10,3,"",151.067,0,0,0,0,0,0,0,0,0,0,0,0,0,0,0,0,0,0,0,0,151.067,0,0,0
"MtrElec",8,10,4,"",148.104,0,0,0,0,0,0,0,0,0,0,0,0,0,0,0,0,0,0,0,0,148.104,0,0,0
"MtrElec",8,10,5,"",142.85,0,0,0,0,0,0,0,0,0,0,0,0,0,0,0,0,0,0,0,0,142.85,0,0,0
"MtrElec",8,10,6,"",175.776,0,0,0,0,0,0,0,0,0,0,0,0,0,0,0,0,0,0,0,0,175.776,0,0,0
"MtrElec",8,10,7,"",223.938,0,0,0,0,0,0,0,0,0,0,0,0,0,0,0,0,0,0,0,0,235.053,0,0,-11.115
"MtrElec",8,10,8,"",212.301,0,0,0,0,0,0,0,0,0,0,0,0,0,0,0,0,0,0,0,0,307.116,0,0,-94.8152
"MtrElec",8,10,9,"",125.112,0,0,0,0,0,0,0,0,0,0,0,0,0,0,0,0,0,0,0,0,352.972,0,0,-227.86
"MtrElec",8,10,10,"",73.3787,0,0,0,0,0,0,0,0,0,0,0,0,0,0,0,0,0,0,0,0,488.82,0,0,-415.441
"MtrElec",8,10,11,"",0,0,0,0,0,0,0,0,0,0,0,0,0,0,0,0,0,0,0,0,0,498.78,0,33.7823,-532.562
"MtrElec",8,10,12,"",0,0,0,0,0,0,0,0,0,0,0,0,0,0,0,0,0,0,0,0,0,493.952,0,133.607,-627.559
"MtrElec",8,10,13,"",0,0,0,0,0,0,0,0,0,0,0,0,0,0,0,0,0,0,0,0,0,517.724,0,146.299,-664.023
"MtrElec",8,10,14,"",0,0,0,0,0,0,0,0,0,0,0,0,0,0,0,0,0,0,0,0,0,484.005,0,177.517,-661.522
"MtrElec",8,10,15,"",0,0,0,0,0,0,0,0,0,0,0,0,0,0,0,0,0,0,0,0,0,507.136,0,107.466,-614.602
"MtrElec",8,10,16,"",0,0,0,0,0,0,0,0,0,0,0,0,0,0,0,0,0,0,0,0,0,479.136,0,47.1783,-526.314
"MtrElec",8,10,17,"",152.929,0,0,0,0,0,0,0,0,0,0,0,0,0,0,0,0,0,0,0,0,549.198,0,0,-396.269
"MtrElec",8,10,18,"",298.773,0,0,0,0,0,0,0,0,0,0,0,0,0,0,0,0,0,0,0,0,534.529,0,0,-235.756
"MtrElec",8,10,19,"",248.29,0,0,0,0,0,0,0,0,0,0,0,0,0,0,0,0,0,0,0,0,548.955,0,-223.217,-77.4481
"MtrElec",8,10,20,"",272.473,0,0,0,0,0,0,0,0,0,0,0,0,0,0,0,0,0,0,0,0,501.486,0,-223.217,-5.79603
"MtrElec",8,10,21,"",349.992,0,0,0,0,0,0,0,0,0,0,0,0,0,0,0,0,0,0,0,0,486.438,0,-136.446,0
"MtrElec",8,10,22,"",333.182,0,0,0,0,0,0,0,0,0,0,0,0,0,0,0,0,0,0,0,0,333.182,0,0,0
"MtrElec",8,10,23,"",300.704,0,0,0,0,0,0,0,0,0,0,0,0,0,0,0,0,0,0,0,0,300.704,0,0,0
"MtrElec",8,10,24,"",223.126,0,0,0,0,0,0,0,0,0,0,0,0,0,0,0,0,0,0,0,0,223.126,0,0,0
"MtrElec",8,11,1,"",165.364,0,0,0,0,0,0,0,0,0,0,0,0,0,0,0,0,0,0,0,0,165.364,0,0,0
"MtrElec",8,11,2,"",150.757,0,0,0,0,0,0,0,0,0,0,0,0,0,0,0,0,0,0,0,0,150.757,0,0,0
"MtrElec",8,11,3,"",154.461,0,0,0,0,0,0,0,0,0,0,0,0,0,0,0,0,0,0,0,0,154.461,0,0,0
"MtrElec",8,11,4,"",154.497,0,0,0,0,0,0,0,0,0,0,0,0,0,0,0,0,0,0,0,0,154.497,0,0,0
"MtrElec",8,11,5,"",184.479,0,0,0,0,0,0,0,0,0,0,0,0,0,0,0,0,0,0,0,0,184.479,0,0,0
"MtrElec",8,11,6,"",149.9,0,0,0,0,0,0,0,0,0,0,0,0,0,0,0,0,0,0,0,0,149.9,0,0,0
"MtrElec",8,11,7,"",229.184,0,0,0,0,0,0,0,0,0,0,0,0,0,0,0,0,0,0,0,0,239.31,0,0,-10.1256
"MtrElec",8,11,8,"",244.007,0,0,0,0,0,0,0,0,0,0,0,0,0,0,0,0,0,0,0,0,329.86,0,0,-85.8535
"MtrElec",8,11,9,"",180.687,0,0,0,0,0,0,0,0,0,0,0,0,0,0,0,0,0,0,0,0,387.097,0,0,-206.41
"MtrElec",8,11,10,"",47.5122,0,0,0,0,0,0,0,0,0,0,0,0,0,0,0,0,0,0,0,0,478.385,0,0,-430.873
"MtrElec",8,11,11,"",0,0,0,0,0,0,0,0,0,0,0,0,0,0,0,0,0,0,0,0,0,530.861,0,26.7948,-557.656
"MtrElec",8,11,12,"",0,0,0,0,0,0,0,0,0,0,0,0,0,0,0,0,0,0,0,0,0,544.223,0,99.1339,-643.357
"MtrElec",8,11,13,"",0,0,0,0,0,0,0,0,0,0,0,0,0,0,0,0,0,0,0,0,0,546.911,0,131.432,-678.344
"MtrElec",8,11,14,"",0.0000156,0,0,0,0,0,0,0,0,0,0,0,0,0,0,0,0,0,0,0,0,509.484,0,162.146,-671.63
"MtrElec",8,11,15,"",0,0,0,0,0,0,0,0,0,0,0,0,0,0,0,0,0,0,0,0,0,492.884,0,136.96,-629.844
"MtrElec",8,11,16,"",0,0,0,0,0,0,0,0,0,0,0,0,0,0,0,0,0,0,0,0,0,510.238,0,31.7602,-541.998
"MtrElec",8,11,17,"",152.574,0,0,0,0,0,0,0,0,0,0,0,0,0,0,0,0,0,0,0,0,565.811,0,0,-413.237
"MtrElec",8,11,18,"",301.987,0,0,0,0,0,0,0,0,0,0,0,0,0,0,0,0,0,0,0,0,547.587,0,0,-245.6
"MtrElec",8,11,19,"",200.39,0,0,0,0,0,0,0,0,0,0,0,0,0,0,0,0,0,0,0,0,500.766,0,-223.217,-77.1587
"MtrElec",8,11,20,"",276.352,0,0,0,0,0,0,0,0,0,0,0,0,0,0,0,0,0,0,0,0,504.816,0,-223.217,-5.24719
"MtrElec",8,11,21,"",329.29,0,0,0,0,0,0,0,0,0,0,0,0,0,0,0,0,0,0,0,0,413.732,0,-84.4417,0
"MtrElec",8,11,22,"",289.782,0,0,0,0,0,0,0,0,0,0,0,0,0,0,0,0,0,0,0,0,289.782,0,0,0
"MtrElec",8,11,23,"",240.525,0,0,0,0,0,0,0,0,0,0,0,0,0,0,0,0,0,0,0,0,240.525,0,0,0
"MtrElec",8,11,24,"",191.089,0,0,0,0,0,0,0,0,0,0,0,0,0,0,0,0,0,0,0,0,191.089,0,0,0
"MtrElec",8,12,1,"",151.53,0,0,0,0,0,0,0,0,0,0,0,0,0,0,0,0,0,0,0,0,151.53,0,0,0
"MtrElec",8,12,2,"",156.281,0,0,0,0,0,0,0,0,0,0,0,0,0,0,0,0,0,0,0,0,156.281,0,0,0
"MtrElec",8,12,3,"",144.495,0,0,0,0,0,0,0,0,0,0,0,0,0,0,0,0,0,0,0,0,144.495,0,0,0
"MtrElec",8,12,4,"",147.172,0,0,0,0,0,0,0,0,0,0,0,0,0,0,0,0,0,0,0,0,147.172,0,0,0
"MtrElec",8,12,5,"",173.151,0,0,0,0,0,0,0,0,0,0,0,0,0,0,0,0,0,0,0,0,173.151,0,0,0
"MtrElec",8,12,6,"",150.165,0,0,0,0,0,0,0,0,0,0,0,0,0,0,0,0,0,0,0,0,150.165,0,0,0
"MtrElec",8,12,7,"",257.903,0,0,0,0,0,0,0,0,0,0,0,0,0,0,0,0,0,0,0,0,261.966,0,0,-4.06291
"MtrElec",8,12,8,"",288.767,0,0,0,0,0,0,0,0,0,0,0,0,0,0,0,0,0,0,0,0,334.627,0,0,-45.8604
"MtrElec",8,12,9,"",252.575,0,0,0,0,0,0,0,0,0,0,0,0,0,0,0,0,0,0,0,0,353.29,0,0,-100.714
"MtrElec",8,12,10,"",242.35,0,0,0,0,0,0,0,0,0,0,0,0,0,0,0,0,0,0,0,0,416.278,0,0,-173.927
"MtrElec",8,12,11,"",162.004,0,0,0,0,0,0,0,0,0,0,0,0,0,0,0,0,0,0,0,0,477.222,0,0,-315.218
"MtrElec",8,12,12,"",0,0,0,0,0,0,0,0,0,0,0,0,0,0,0,0,0,0,0,0,0,457.118,0,24.9443,-482.062
"MtrElec",8,12,13,"",-4.51694,0,0,0,0,0,0,0,0,0,0,0,0,0,0,0,0,0,0,0,0,465.747,0,223.217,-693.481
"MtrElec",8,12,14,"",0.0000156,0,0,0,0,0,0,0,0,0,0,0,0,0,0,0,0,0,0,0,0,486.418,0,199.876,-686.294
"MtrElec",8,12,15,"",0,0,0,0,0,0,0,0,0,0,0,0,0,0,0,0,0,0,0,0,0,465.249,0,170.886,-636.135
"MtrElec",8,12,16,"",0,0,0,0,0,0,0,0,0,0,0,0,0,0,0,0,0,0,0,0,0,511.483,0,39.7829,-551.266
"MtrElec",8,12,17,"",96.6359,0,0,0,0,0,0,0,0,0,0,0,0,0,0,0,0,0,0,0,0,515.902,0,0,-419.266
"MtrElec",8,12,18,"",303.492,0,0,0,0,0,0,0,0,0,0,0,0,0,0,0,0,0,0,0,0,554.203,0,0,-250.711
"MtrElec",8,12,19,"",212.837,0,0,0,0,0,0,0,0,0,0,0,0,0,0,0,0,0,0,0,0,513.036,0,-223.217,-76.9815
"MtrElec",8,12,20,"",218.343,0,0,0,0,0,0,0,0,0,0,0,0,0,0,0,0,0,0,0,0,446.827,0,-223.217,-5.26691
"MtrElec",8,12,21,"",281.993,0,0,0,0,0,0,0,0,0,0,0,0,0,0,0,0,0,0,0,0,430.042,0,-148.049,0
"MtrElec",8,12,22,"",312.071,0,0,0,0,0,0,0,0,0,0,0,0,0,0,0,0,0,0,0,0,312.071,0,0,0
"MtrElec",8,12,23,"",264.505,0,0,0,0,0,0,0,0,0,0,0,0,0,0,0,0,0,0,0,0,264.505,0,0,0
"MtrElec",8,12,24,"",246.84,0,0,0,0,0,0,0,0,0,0,0,0,0,0,0,0,0,0,0,0,246.84,0,0,0
"MtrElec",8,13,1,"",183.064,0,0,0,0,0,0,0,0,0,0,0,0,0,0,0,0,0,0,0,0,183.064,0,0,0
"MtrElec",8,13,2,"",161.262,0,0,0,0,0,0,0,0,0,0,0,0,0,0,0,0,0,0,0,0,161.262,0,0,0
"MtrElec",8,13,3,"",153.322,0,0,0,0,0,0,0,0,0,0,0,0,0,0,0,0,0,0,0,0,153.322,0,0,0
"MtrElec",8,13,4,"",148.728,0,0,0,0,0,0,0,0,0,0,0,0,0,0,0,0,0,0,0,0,148.728,0,0,0
"MtrElec",8,13,5,"",146.93,0,0,0,0,0,0,0,0,0,0,0,0,0,0,0,0,0,0,0,0,146.93,0,0,0
"MtrElec",8,13,6,"",173.786,0,0,0,0,0,0,0,0,0,0,0,0,0,0,0,0,0,0,0,0,173.786,0,0,0
"MtrElec",8,13,7,"",253.628,0,0,0,0,0,0,0,0,0,0,0,0,0,0,0,0,0,0,0,0,253.628,0,0,0
"MtrElec",8,13,8,"",297.041,0,0,0,0,0,0,0,0,0,0,0,0,0,0,0,0,0,0,0,0,314.914,0,0,-17.8727
"MtrElec",8,13,9,"",375.474,0,0,0,0,0,0,0,0,0,0,0,0,0,0,0,0,0,0,0,0,423.917,0,0,-48.4435
"MtrElec",8,13,10,"",337.392,0,0,0,0,0,0,0,0,0,0,0,0,0,0,0,0,0,0,0,0,444.458,0,0,-107.067
"MtrElec",8,13,11,"",210.958,0,0,0,0,0,0,0,0,0,0,0,0,0,0,0,0,0,0,0,0,427.166,0,0,-216.208
"MtrElec",8,13,12,"",117.953,0,0,0,0,0,0,0,0,0,0,0,0,0,0,0,0,0,0,0,0,514.714,0,0,-396.761
"MtrElec",8,13,13,"",0.0000020,0,0,0,0,0,0,0,0,0,0,0,0,0,0,0,0,0,0,0,0,539.227,0,23.0881,-562.315
"MtrElec",8,13,14,"",-26.3558,0,0,0,0,0,0,0,0,0,0,0,0,0,0,0,0,0,0,0,0,440.282,0,223.217,-689.855
"MtrElec",8,13,15,"",0,0,0,0,0,0,0,0,0,0,0,0,0,0,0,0,0,0,0,0,0,445.909,0,201.895,-647.804
"MtrElec",8,13,16,"",0,0,0,0,0,0,0,0,0,0,0,0,0,0,0,0,0,0,0,0,0,498.462,0,58.4044,-556.867
"MtrElec",8,13,17,"",103.606,0,0,0,0,0,0,0,0,0,0,0,0,0,0,0,0,0,0,0,0,525.401,0,0,-421.795
"MtrElec",8,13,18,"",260.93,0,0,0,0,0,0,0,0,0,0,0,0,0,0,0,0,0,0,0,0,511.145,0,0,-250.215
"MtrElec",8,13,19,"",221.625,0,0,0,0,0,0,0,0,0,0,0,0,0,0,0,0,0,0,0,0,520.327,0,-223.217,-75.4854
"MtrElec",8,13,20,"",238.426,0,0,0,0,0,0,0,0,0,0,0,0,0,0,0,0,0,0,0,0,465.699,0,-223.217,-4.0567
"MtrElec",8,13,21,"",442.372,0,0,0,0,0,0,0,0,0,0,0,0,0,0,0,0,0,0,0,0,453.149,0,-10.7772,0
"MtrElec",8,13,22,"",297.206,0,0,0,0,0,0,0,0,0,0,0,0,0,0,0,0,0,0,0,0,297.206,0,0,0
"MtrElec",8,13,23,"",233.946,0,0,0,0,0,0,0,0,0,0,0,0,0,0,0,0,0,0,0,0,233.946,0,0,0
"MtrElec",8,13,24,"",251.851,0,0,0,0,0,0,0,0,0,0,0,0,0,0,0,0,0,0,0,0,251.851,0,0,0
"MtrElec",8,14,1,"",168.416,0,0,0,0,0,0,0,0,0,0,0,0,0,0,0,0,0,0,0,0,168.416,0,0,0
"MtrElec",8,14,2,"",153.212,0,0,0,0,0,0,0,0,0,0,0,0,0,0,0,0,0,0,0,0,153.212,0,0,0
"MtrElec",8,14,3,"",147.569,0,0,0,0,0,0,0,0,0,0,0,0,0,0,0,0,0,0,0,0,147.569,0,0,0
"MtrElec",8,14,4,"",147.204,0,0,0,0,0,0,0,0,0,0,0,0,0,0,0,0,0,0,0,0,147.204,0,0,0
"MtrElec",8,14,5,"",146.044,0,0,0,0,0,0,0,0,0,0,0,0,0,0,0,0,0,0,0,0,146.044,0,0,0
"MtrElec",8,14,6,"",167.703,0,0,0,0,0,0,0,0,0,0,0,0,0,0,0,0,0,0,0,0,167.703,0,0,0
"MtrElec",8,14,7,"",244.169,0,0,0,0,0,0,0,0,0,0,0,0,0,0,0,0,0,0,0,0,244.169,0,0,0
"MtrElec",8,14,8,"",296.323,0,0,0,0,0,0,0,0,0,0,0,0,0,0,0,0,0,0,0,0,310.645,0,0,-14.3225
"MtrElec",8,14,9,"",312.679,0,0,0,0,0,0,0,0,0,0,0,0,0,0,0,0,0,0,0,0,352.501,0,0,-39.8227
"MtrElec",8,14,10,"",325.394,0,0,0,0,0,0,0,0,0,0,0,0,0,0,0,0,0,0,0,0,417.67,0,0,-92.2763
"MtrElec",8,14,11,"",251.807,0,0,0,0,0,0,0,0,0,0,0,0,0,0,0,0,0,0,0,0,391.717,0,0,-139.91
"MtrElec",8,14,12,"",213.143,0,0,0,0,0,0,0,0,0,0,0,0,0,0,0,0,0,0,0,0,445.281,0,0,-232.138
"MtrElec",8,14,13,"",116.325,0,0,0,0,0,0,0,0,0,0,0,0,0,0,0,0,0,0,0,0,496.733,0,0,-380.407
"MtrElec",8,14,14,"",0,0,0,0,0,0,0,0,0,0,0,0,0,0,0,0,0,0,0,0,0,425.937,0,196.298,-622.235
"MtrElec",8,14,15,"",0.0000156,0,0,0,0,0,0,0,0,0,0,0,0,0,0,0,0,0,0,0,0,435.703,0,203.12,-638.823
"MtrElec",8,14,16,"",0,0,0,0,0,0,0,0,0,0,0,0,0,0,0,0,0,0,0,0,0,449.553,0,99.5781,-549.131
"MtrElec",8,14,17,"",58.5285,0,0,0,0,0,0,0,0,0,0,0,0,0,0,0,0,0,0,0,0,474.97,0,0,-416.441
"MtrElec",8,14,18,"",265.077,0,0,0,0,0,0,0,0,0,0,0,0,0,0,0,0,0,0,0,0,509.879,0,0,-244.802
"MtrElec",8,14,19,"",182.587,0,0,0,0,0,0,0,0,0,0,0,0,0,0,0,0,0,0,0,0,478.536,0,-223.217,-72.7317
"MtrElec",8,14,20,"",212.698,0,0,0,0,0,0,0,0,0,0,0,0,0,0,0,0,0,0,0,0,439.364,0,-223.217,-3.44923
"MtrElec",8,14,21,"",438.467,0,0,0,0,0,0,0,0,0,0,0,0,0,0,0,0,0,0,0,0,442.377,0,-3.91046,0
"MtrElec",8,14,22,"",310.045,0,0,0,0,0,0,0,0,0,0,0,0,0,0,0,0,0,0,0,0,310.045,0,0,0
"MtrElec",8,14,23,"",310.508,0,0,0,0,0,0,0,0,0,0,0,0,0,0,0,0,0,0,0,0,310.508,0,0,0
"MtrElec",8,14,24,"",218.608,0,0,0,0,0,0,0,0,0,0,0,0,0,0,0,0,0,0,0,0,218.608,0,0,0
"MtrElec",8,15,1,"",171.013,0,0,0,0,0,0,0,0,0,0,0,0,0,0,0,0,0,0,0,0,171.013,0,0,0
"MtrElec",8,15,2,"",150.042,0,0,0,0,0,0,0,0,0,0,0,0,0,0,0,0,0,0,0,0,150.042,0,0,0
"MtrElec",8,15,3,"",147.636,0,0,0,0,0,0,0,0,0,0,0,0,0,0,0,0,0,0,0,0,147.636,0,0,0
"MtrElec",8,15,4,"",178.224,0,0,0,0,0,0,0,0,0,0,0,0,0,0,0,0,0,0,0,0,178.224,0,0,0
"MtrElec",8,15,5,"",151.087,0,0,0,0,0,0,0,0,0,0,0,0,0,0,0,0,0,0,0,0,151.087,0,0,0
"MtrElec",8,15,6,"",148.939,0,0,0,0,0,0,0,0,0,0,0,0,0,0,0,0,0,0,0,0,148.939,0,0,0
"MtrElec",8,15,7,"",185.233,0,0,0,0,0,0,0,0,0,0,0,0,0,0,0,0,0,0,0,0,185.233,0,0,0
"MtrElec",8,15,8,"",249.653,0,0,0,0,0,0,0,0,0,0,0,0,0,0,0,0,0,0,0,0,269.797,0,0,-20.1434
"MtrElec",8,15,9,"",255.104,0,0,0,0,0,0,0,0,0,0,0,0,0,0,0,0,0,0,0,0,305.79,0,0,-50.6855
"MtrElec",8,15,10,"",316.669,0,0,0,0,0,0,0,0,0,0,0,0,0,0,0,0,0,0,0,0,411.934,0,0,-95.265
"MtrElec",8,15,11,"",243.296,0,0,0,0,0,0,0,0,0,0,0,0,0,0,0,0,0,0,0,0,383.187,0,0,-139.891
"MtrElec",8,15,12,"",262.2,0,0,0,0,0,0,0,0,0,0,0,0,0,0,0,0,0,0,0,0,499.507,0,0,-237.307
"MtrElec",8,15,13,"",50.0592,0,0,0,0,0,0,0,0,0,0,0,0,0,0,0,0,0,0,0,0,506.853,0,0,-456.794
"MtrElec",8,15,14,"",0,0,0,0,0,0,0,0,0,0,0,0,0,0,0,0,0,0,0,0,0,485.128,0,199.864,-684.992
"MtrElec",8,15,15,"",0,0,0,0,0,0,0,0,0,0,0,0,0,0,0,0,0,0,0,0,0,499.763,0,95.3338,-595.096
"MtrElec",8,15,16,"",0.000000,0,0,0,0,0,0,0,0,0,0,0,0,0,0,0,0,0,0,0,0,502.417,0,0.409406,-502.827
"MtrElec",8,15,17,"",71.1397,0,0,0,0,0,0,0,0,0,0,0,0,0,0,0,0,0,0,0,0,486.933,0,0,-415.793
"MtrElec",8,15,18,"",278.865,0,0,0,0,0,0,0,0,0,0,0,0,0,0,0,0,0,0,0,0,510.193,0,0,-231.328
"MtrElec",8,15,19,"",242.34,0,0,0,0,0,0,0,0,0,0,0,0,0,0,0,0,0,0,0,0,516.84,0,-223.217,-51.2831
"MtrElec",8,15,20,"",375.98,0,0,0,0,0,0,0,0,0,0,0,0,0,0,0,0,0,0,0,0,421.314,0,-43.5684,-1.76516
"MtrElec",8,15,21,"",427.504,0,0,0,0,0,0,0,0,0,0,0,0,0,0,0,0,0,0,0,0,427.504,0,0,0
"MtrElec",8,15,22,"",384.695,0,0,0,0,0,0,0,0,0,0,0,0,0,0,0,0,0,0,0,0,384.695,0,0,0
"MtrElec",8,15,23,"",224.334,0,0,0,0,0,0,0,0,0,0,0,0,0,0,0,0,0,0,0,0,224.334,0,0,0
"MtrElec",8,15,24,"",251.88,0,0,0,0,0,0,0,0,0,0,0,0,0,0,0,0,0,0,0,0,251.88,0,0,0
"MtrElec",8,16,1,"",165.037,0,0,0,0,0,0,0,0,0,0,0,0,0,0,0,0,0,0,0,0,165.037,0,0,0
"MtrElec",8,16,2,"",147.816,0,0,0,0,0,0,0,0,0,0,0,0,0,0,0,0,0,0,0,0,147.816,0,0,0
"MtrElec",8,16,3,"",149.069,0,0,0,0,0,0,0,0,0,0,0,0,0,0,0,0,0,0,0,0,149.069,0,0,0
"MtrElec",8,16,4,"",150.964,0,0,0,0,0,0,0,0,0,0,0,0,0,0,0,0,0,0,0,0,150.964,0,0,0
"MtrElec",8,16,5,"",198.401,0,0,0,0,0,0,0,0,0,0,0,0,0,0,0,0,0,0,0,0,198.401,0,0,0
"MtrElec",8,16,6,"",148.131,0,0,0,0,0,0,0,0,0,0,0,0,0,0,0,0,0,0,0,0,148.131,0,0,0
"MtrElec",8,16,7,"",156.533,0,0,0,0,0,0,0,0,0,0,0,0,0,0,0,0,0,0,0,0,157.667,0,0,-1.13387
"MtrElec",8,16,8,"",187.394,0,0,0,0,0,0,0,0,0,0,0,0,0,0,0,0,0,0,0,0,224.645,0,0,-37.2508
"MtrElec",8,16,9,"",201.135,0,0,0,0,0,0,0,0,0,0,0,0,0,0,0,0,0,0,0,0,282.571,0,0,-81.436
"MtrElec",8,16,10,"",156.892,0,0,0,0,0,0,0,0,0,0,0,0,0,0,0,0,0,0,0,0,283.482,0,0,-126.59
"MtrElec",8,16,11,"",159.753,0,0,0,0,0,0,0,0,0,0,0,0,0,0,0,0,0,0,0,0,347.141,0,0,-187.388
"MtrElec",8,16,12,"",88.024,0,0,0,0,0,0,0,0,0,0,0,0,0,0,0,0,0,0,0,0,397.763,0,0,-309.739
"MtrElec",8,16,13,"",0,0,0,0,0,0,0,0,0,0,0,0,0,0,0,0,0,0,0,0,0,450.884,0,189.236,-640.12
"MtrElec",8,16,14,"",-108.175,0,0,0,0,0,0,0,0,0,0,0,0,0,0,0,0,0,0,0,0,363.106,0,223.217,-694.499
"MtrElec",8,16,15,"",-9.52837,0,0,0,0,0,0,0,0,0,0,0,0,0,0,0,0,0,0,0,0,418.949,0,223.217,-651.695
"MtrElec",8,16,16,"",0,0,0,0,0,0,0,0,0,0,0,0,0,0,0,0,0,0,0,0,0,411.101,0,149.622,-560.723
"MtrElec",8,16,17,"",5.87841,0,0,0,0,0,0,0,0,0,0,0,0,0,0,0,0,0,0,0,0,432.844,0,0,-426.965
"MtrElec",8,16,18,"",185.086,0,0,0,0,0,0,0,0,0,0,0,0,0,0,0,0,0,0,0,0,437.02,0,0,-251.934
"MtrElec",8,16,19,"",204.413,0,0,0,0,0,0,0,0,0,0,0,0,0,0,0,0,0,0,0,0,498.8,0,-223.217,-71.1702
"MtrElec",8,16,20,"",115.235,0,0,0,0,0,0,0,0,0,0,0,0,0,0,0,0,0,0,0,0,338.452,0,-223.217,0
"MtrElec",8,16,21,"",54.042,0,0,0,0,0,0,0,0,0,0,0,0,0,0,0,0,0,0,0,0,277.259,0,-223.217,0
"MtrElec",8,16,22,"",241.575,0,0,0,0,0,0,0,0,0,0,0,0,0,0,0,0,0,0,0,0,280.65,0,-39.0752,0
"MtrElec",8,16,23,"",201.707,0,0,0,0,0,0,0,0,0,0,0,0,0,0,0,0,0,0,0,0,201.707,0,0,0
"MtrElec",8,16,24,"",229.551,0,0,0,0,0,0,0,0,0,0,0,0,0,0,0,0,0,0,0,0,229.551,0,0,0
"MtrElec",8,17,1,"",162.252,0,0,0,0,0,0,0,0,0,0,0,0,0,0,0,0,0,0,0,0,162.252,0,0,0
"MtrElec",8,17,2,"",150.973,0,0,0,0,0,0,0,0,0,0,0,0,0,0,0,0,0,0,0,0,150.973,0,0,0
"MtrElec",8,17,3,"",144.827,0,0,0,0,0,0,0,0,0,0,0,0,0,0,0,0,0,0,0,0,144.827,0,0,0
"MtrElec",8,17,4,"",152.477,0,0,0,0,0,0,0,0,0,0,0,0,0,0,0,0,0,0,0,0,152.477,0,0,0
"MtrElec",8,17,5,"",144.086,0,0,0,0,0,0,0,0,0,0,0,0,0,0,0,0,0,0,0,0,144.086,0,0,0
"MtrElec",8,17,6,"",181.993,0,0,0,0,0,0,0,0,0,0,0,0,0,0,0,0,0,0,0,0,181.993,0,0,0
"MtrElec",8,17,7,"",209.18,0,0,0,0,0,0,0,0,0,0,0,0,0,0,0,0,0,0,0,0,212.59,0,0,-3.40996
"MtrElec",8,17,8,"",255.853,0,0,0,0,0,0,0,0,0,0,0,0,0,0,0,0,0,0,0,0,302.22,0,0,-46.3669
"MtrElec",8,17,9,"",244.169,0,0,0,0,0,0,0,0,0,0,0,0,0,0,0,0,0,0,0,0,365.307,0,0,-121.139
"MtrElec",8,17,10,"",109.197,0,0,0,0,0,0,0,0,0,0,0,0,0,0,0,0,0,0,0,0,382.18,0,0,-272.983
"MtrElec",8,17,11,"",0,0,0,0,0,0,0,0,0,0,0,0,0,0,0,0,0,0,0,0,0,450.338,0,90.5817,-540.919
"MtrElec",8,17,12,"",0,0,0,0,0,0,0,0,0,0,0,0,0,0,0,0,0,0,0,0,0,491.392,0,174.247,-665.64
"MtrElec",8,17,13,"",-3.07572,0,0,0,0,0,0,0,0,0,0,0,0,0,0,0,0,0,0,0,0,480.661,0,223.217,-706.954
"MtrElec",8,17,14,"",-67.075,0,0,0,0,0,0,0,0,0,0,0,0,0,0,0,0,0,0,0,0,414.681,0,223.217,-704.973
"MtrElec",8,17,15,"",-174.263,0,0,0,0,0,0,0,0,0,0,0,0,0,0,0,0,0,0,0,0,395.552,0,87.6186,-657.433
"MtrElec",8,17,16,"",-105.871,0,0,0,0,0,0,0,0,0,0,0,0,0,0,0,0,0,0,0,0,458.998,0,0,-564.868
"MtrElec",8,17,17,"",52.2694,0,0,0,0,0,0,0,0,0,0,0,0,0,0,0,0,0,0,0,0,479.924,0,0,-427.655
"MtrElec",8,17,18,"",273.407,0,0,0,0,0,0,0,0,0,0,0,0,0,0,0,0,0,0,0,0,524.657,0,0,-251.251
"MtrElec",8,17,19,"",231.314,0,0,0,0,0,0,0,0,0,0,0,0,0,0,0,0,0,0,0,0,524.596,0,-223.217,-70.0647
"MtrElec",8,17,20,"",219.815,0,0,0,0,0,0,0,0,0,0,0,0,0,0,0,0,0,0,0,0,443.032,0,-223.217,0
"MtrElec",8,17,21,"",205.491,0,0,0,0,0,0,0,0,0,0,0,0,0,0,0,0,0,0,0,0,428.708,0,-223.217,0
"MtrElec",8,17,22,"",272.283,0,0,0,0,0,0,0,0,0,0,0,0,0,0,0,0,0,0,0,0,323.623,0,-51.3398,0
"MtrElec",8,17,23,"",250.086,0,0,0,0,0,0,0,0,0,0,0,0,0,0,0,0,0,0,0,0,250.086,0,0,0
"MtrElec",8,17,24,"",215.47,0,0,0,0,0,0,0,0,0,0,0,0,0,0,0,0,0,0,0,0,215.47,0,0,0
"MtrElec",8,18,1,"",163.382,0,0,0,0,0,0,0,0,0,0,0,0,0,0,0,0,0,0,0,0,163.382,0,0,0
"MtrElec",8,18,2,"",149.046,0,0,0,0,0,0,0,0,0,0,0,0,0,0,0,0,0,0,0,0,149.046,0,0,0
"MtrElec",8,18,3,"",147.972,0,0,0,0,0,0,0,0,0,0,0,0,0,0,0,0,0,0,0,0,147.972,0,0,0
"MtrElec",8,18,4,"",159.577,0,0,0,0,0,0,0,0,0,0,0,0,0,0,0,0,0,0,0,0,159.577,0,0,0
"MtrElec",8,18,5,"",183.283,0,0,0,0,0,0,0,0,0,0,0,0,0,0,0,0,0,0,0,0,183.283,0,0,0
"MtrElec",8,18,6,"",152.252,0,0,0,0,0,0,0,0,0,0,0,0,0,0,0,0,0,0,0,0,152.252,0,0,0
"MtrElec",8,18,7,"",223.034,0,0,0,0,0,0,0,0,0,0,0,0,0,0,0,0,0,0,0,0,226.392,0,0,-3.35793
"MtrElec",8,18,8,"",265.886,0,0,0,0,0,0,0,0,0,0,0,0,0,0,0,0,0,0,0,0,314.501,0,0,-48.6148
"MtrElec",8,18,9,"",207.89,0,0,0,0,0,0,0,0,0,0,0,0,0,0,0,0,0,0,0,0,321.708,0,0,-113.818
"MtrElec",8,18,10,"",178.581,0,0,0,0,0,0,0,0,0,0,0,0,0,0,0,0,0,0,0,0,418.219,0,0,-239.638
"MtrElec",8,18,11,"",0,0,0,0,0,0,0,0,0,0,0,0,0,0,0,0,0,0,0,0,0,443.315,0,79.6821,-522.998
"MtrElec",8,18,12,"",-26.0801,0,0,0,0,0,0,0,0,0,0,0,0,0,0,0,0,0,0,0,0,418.066,0,223.217,-667.363
"MtrElec",8,18,13,"",-26.2002,0,0,0,0,0,0,0,0,0,0,0,0,0,0,0,0,0,0,0,0,460.7,0,223.217,-710.117
"MtrElec",8,18,14,"",-43.9707,0,0,0,0,0,0,0,0,0,0,0,0,0,0,0,0,0,0,0,0,444.998,0,223.217,-712.185
"MtrElec",8,18,15,"",-174.637,0,0,0,0,0,0,0,0,0,0,0,0,0,0,0,0,0,0,0,0,439.197,0,49.5487,-663.383
"MtrElec",8,18,16,"",-81.6052,0,0,0,0,0,0,0,0,0,0,0,0,0,0,0,0,0,0,0,0,483.296,0,0,-564.901
"MtrElec",8,18,17,"",117.871,0,0,0,0,0,0,0,0,0,0,0,0,0,0,0,0,0,0,0,0,544.059,0,0,-426.188
"MtrElec",8,18,18,"",219.524,0,0,0,0,0,0,0,0,0,0,0,0,0,0,0,0,0,0,0,0,468.681,0,0,-249.157
"MtrElec",8,18,19,"",192.883,0,0,0,0,0,0,0,0,0,0,0,0,0,0,0,0,0,0,0,0,483.592,0,-223.217,-67.4929
"MtrElec",8,18,20,"",233.734,0,0,0,0,0,0,0,0,0,0,0,0,0,0,0,0,0,0,0,0,456.95,0,-223.217,0
"MtrElec",8,18,21,"",225.735,0,0,0,0,0,0,0,0,0,0,0,0,0,0,0,0,0,0,0,0,448.952,0,-223.217,0
"MtrElec",8,18,22,"",222.671,0,0,0,0,0,0,0,0,0,0,0,0,0,0,0,0,0,0,0,0,274.011,0,-51.3398,0
"MtrElec",8,18,23,"",269.673,0,0,0,0,0,0,0,0,0,0,0,0,0,0,0,0,0,0,0,0,269.673,0,0,0
"MtrElec",8,18,24,"",261.633,0,0,0,0,0,0,0,0,0,0,0,0,0,0,0,0,0,0,0,0,261.633,0,0,0
"MtrElec",8,19,1,"",148.057,0,0,0,0,0,0,0,0,0,0,0,0,0,0,0,0,0,0,0,0,148.057,0,0,0
"MtrElec",8,19,2,"",148.866,0,0,0,0,0,0,0,0,0,0,0,0,0,0,0,0,0,0,0,0,148.866,0,0,0
"MtrElec",8,19,3,"",145.36,0,0,0,0,0,0,0,0,0,0,0,0,0,0,0,0,0,0,0,0,145.36,0,0,0
"MtrElec",8,19,4,"",148.144,0,0,0,0,0,0,0,0,0,0,0,0,0,0,0,0,0,0,0,0,148.144,0,0,0
"MtrElec",8,19,5,"",143.225,0,0,0,0,0,0,0,0,0,0,0,0,0,0,0,0,0,0,0,0,143.225,0,0,0
"MtrElec",8,19,6,"",165.717,0,0,0,0,0,0,0,0,0,0,0,0,0,0,0,0,0,0,0,0,165.717,0,0,0
"MtrElec",8,19,7,"",211.316,0,0,0,0,0,0,0,0,0,0,0,0,0,0,0,0,0,0,0,0,216.847,0,0,-5.53082
"MtrElec",8,19,8,"",197.976,0,0,0,0,0,0,0,0,0,0,0,0,0,0,0,0,0,0,0,0,295.508,0,0,-97.5323
"MtrElec",8,19,9,"",86.0847,0,0,0,0,0,0,0,0,0,0,0,0,0,0,0,0,0,0,0,0,367.477,0,0,-281.392
"MtrElec",8,19,10,"",-37.158,0,0,0,0,0,0,0,0,0,0,0,0,0,0,0,0,0,0,0,0,414.544,0,0,-451.702
"MtrElec",8,19,11,"",0.0000078,0,0,0,0,0,0,0,0,0,0,0,0,0,0,0,0,0,0,0,0,490.83,0,80.167,-570.997
"MtrElec",8,19,12,"",0,0,0,0,0,0,0,0,0,0,0,0,0,0,0,0,0,0,0,0,0,484.879,0,179.076,-663.955
"MtrElec",8,19,13,"",-54.9246,0,0,0,0,0,0,0,0,0,0,0,0,0,0,0,0,0,0,0,0,437.157,0,223.217,-715.298
"MtrElec",8,19,14,"",-33.7039,0,0,0,0,0,0,0,0,0,0,0,0,0,0,0,0,0,0,0,0,451.88,0,223.217,-708.801
"MtrElec",8,19,15,"",-121.909,0,0,0,0,0,0,0,0,0,0,0,0,0,0,0,0,0,0,0,0,445.346,0,93.2043,-660.459
"MtrElec",8,19,16,"",-82.9211,0,0,0,0,0,0,0,0,0,0,0,0,0,0,0,0,0,0,0,0,484.384,0,0,-567.305
"MtrElec",8,19,17,"",108.392,0,0,0,0,0,0,0,0,0,0,0,0,0,0,0,0,0,0,0,0,535.894,0,0,-427.502
"MtrElec",8,19,18,"",274.12,0,0,0,0,0,0,0,0,0,0,0,0,0,0,0,0,0,0,0,0,523.897,0,0,-249.776
"MtrElec",8,19,19,"",208.233,0,0,0,0,0,0,0,0,0,0,0,0,0,0,0,0,0,0,0,0,498.855,0,-223.217,-67.4052
"MtrElec",8,19,20,"",202.772,0,0,0,0,0,0,0,0,0,0,0,0,0,0,0,0,0,0,0,0,425.989,0,-223.217,0
"MtrElec",8,19,21,"",214.121,0,0,0,0,0,0,0,0,0,0,0,0,0,0,0,0,0,0,0,0,437.337,0,-223.217,0
"MtrElec",8,19,22,"",242.847,0,0,0,0,0,0,0,0,0,0,0,0,0,0,0,0,0,0,0,0,294.187,0,-51.3398,0
"MtrElec",8,19,23,"",238.158,0,0,0,0,0,0,0,0,0,0,0,0,0,0,0,0,0,0,0,0,238.158,0,0,0
"MtrElec",8,19,24,"",228.081,0,0,0,0,0,0,0,0,0,0,0,0,0,0,0,0,0,0,0,0,228.081,0,0,0
"MtrElec",8,20,1,"",160.444,0,0,0,0,0,0,0,0,0,0,0,0,0,0,0,0,0,0,0,0,160.444,0,0,0
"MtrElec",8,20,2,"",150.439,0,0,0,0,0,0,0,0,0,0,0,0,0,0,0,0,0,0,0,0,150.439,0,0,0
"MtrElec",8,20,3,"",148.607,0,0,0,0,0,0,0,0,0,0,0,0,0,0,0,0,0,0,0,0,148.607,0,0,0
"MtrElec",8,20,4,"",144.839,0,0,0,0,0,0,0,0,0,0,0,0,0,0,0,0,0,0,0,0,144.839,0,0,0
"MtrElec",8,20,5,"",142.206,0,0,0,0,0,0,0,0,0,0,0,0,0,0,0,0,0,0,0,0,142.206,0,0,0
"MtrElec",8,20,6,"",165.911,0,0,0,0,0,0,0,0,0,0,0,0,0,0,0,0,0,0,0,0,165.911,0,0,0
"MtrElec",8,20,7,"",254.659,0,0,0,0,0,0,0,0,0,0,0,0,0,0,0,0,0,0,0,0,258.328,0,0,-3.66912
"MtrElec",8,20,8,"",230.833,0,0,0,0,0,0,0,0,0,0,0,0,0,0,0,0,0,0,0,0,282.763,0,0,-51.9294
"MtrElec",8,20,9,"",241.676,0,0,0,0,0,0,0,0,0,0,0,0,0,0,0,0,0,0,0,0,377.779,0,0,-136.103
"MtrElec",8,20,10,"",-37.2598,0,0,0,0,0,0,0,0,0,0,0,0,0,0,0,0,0,0,0,0,375.407,0,0,-412.667
"MtrElec",8,20,11,"",0,0,0,0,0,0,0,0,0,0,0,0,0,0,0,0,0,0,0,0,0,446.304,0,134.138,-580.443
"MtrElec",8,20,12,"",0.0000156,0,0,0,0,0,0,0,0,0,0,0,0,0,0,0,0,0,0,0,0,492.396,0,179.32,-671.715
"MtrElec",8,20,13,"",0,0,0,0,0,0,0,0,0,0,0,0,0,0,0,0,0,0,0,0,0,493.559,0,221.445,-715.005
"MtrElec",8,20,14,"",-60.5168,0,0,0,0,0,0,0,0,0,0,0,0,0,0,0,0,0,0,0,0,429.94,0,223.217,-713.673
"MtrElec",8,20,15,"",-186.974,0,0,0,0,0,0,0,0,0,0,0,0,0,0,0,0,0,0,0,0,440.023,0,40.7614,-667.758
"MtrElec",8,20,16,"",-88.46,0,0,0,0,0,0,0,0,0,0,0,0,0,0,0,0,0,0,0,0,482.681,0,0,-571.141
"MtrElec",8,20,17,"",71.7711,0,0,0,0,0,0,0,0,0,0,0,0,0,0,0,0,0,0,0,0,501.936,0,0,-430.165
"MtrElec",8,20,18,"",265.415,0,0,0,0,0,0,0,0,0,0,0,0,0,0,0,0,0,0,0,0,515.953,0,0,-250.538
"MtrElec",8,20,19,"",236.329,0,0,0,0,0,0,0,0,0,0,0,0,0,0,0,0,0,0,0,0,526.254,0,-223.217,-66.7084
"MtrElec",8,20,20,"",249.661,0,0,0,0,0,0,0,0,0,0,0,0,0,0,0,0,0,0,0,0,472.878,0,-223.217,0
"MtrElec",8,20,21,"",213.994,0,0,0,0,0,0,0,0,0,0,0,0,0,0,0,0,0,0,0,0,437.211,0,-223.217,0
"MtrElec",8,20,22,"",247.637,0,0,0,0,0,0,0,0,0,0,0,0,0,0,0,0,0,0,0,0,298.977,0,-51.3398,0
"MtrElec",8,20,23,"",261.672,0,0,0,0,0,0,0,0,0,0,0,0,0,0,0,0,0,0,0,0,261.672,0,0,0
"MtrElec",8,20,24,"",205.275,0,0,0,0,0,0,0,0,0,0,0,0,0,0,0,0,0,0,0,0,205.275,0,0,0
"MtrElec",8,21,1,"",163.232,0,0,0,0,0,0,0,0,0,0,0,0,0,0,0,0,0,0,0,0,163.232,0,0,0
"MtrElec",8,21,2,"",148.959,0,0,0,0,0,0,0,0,0,0,0,0,0,0,0,0,0,0,0,0,148.959,0,0,0
"MtrElec",8,21,3,"",145.104,0,0,0,0,0,0,0,0,0,0,0,0,0,0,0,0,0,0,0,0,145.104,0,0,0
"MtrElec",8,21,4,"",145.18,0,0,0,0,0,0,0,0,0,0,0,0,0,0,0,0,0,0,0,0,145.18,0,0,0
"MtrElec",8,21,5,"",142.956,0,0,0,0,0,0,0,0,0,0,0,0,0,0,0,0,0,0,0,0,142.956,0,0,0
"MtrElec",8,21,6,"",166.794,0,0,0,0,0,0,0,0,0,0,0,0,0,0,0,0,0,0,0,0,166.794,0,0,0
"MtrElec",8,21,7,"",209.242,0,0,0,0,0,0,0,0,0,0,0,0,0,0,0,0,0,0,0,0,212.182,0,0,-2.9399
"MtrElec",8,21,8,"",250.749,0,0,0,0,0,0,0,0,0,0,0,0,0,0,0,0,0,0,0,0,299.756,0,0,-49.0075
"MtrElec",8,21,9,"",255.521,0,0,0,0,0,0,0,0,0,0,0,0,0,0,0,0,0,0,0,0,369.61,0,0,-114.089
"MtrElec",8,21,10,"",191.337,0,0,0,0,0,0,0,0,0,0,0,0,0,0,0,0,0,0,0,0,425.269,0,0,-233.932
"MtrElec",8,21,11,"",0,0,0,0,0,0,0,0,0,0,0,0,0,0,0,0,0,0,0,0,0,437.76,0,118.204,-555.965
"MtrElec",8,21,12,"",0,0,0,0,0,0,0,0,0,0,0,0,0,0,0,0,0,0,0,0,0,442.964,0,223.086,-666.05
"MtrElec",8,21,13,"",-3.98684,0,0,0,0,0,0,0,0,0,0,0,0,0,0,0,0,0,0,0,0,468.006,0,223.217,-695.209
"MtrElec",8,21,14,"",-57.6116,0,0,0,0,0,0,0,0,0,0,0,0,0,0,0,0,0,0,0,0,421.659,0,223.217,-702.487
"MtrElec",8,21,15,"",-186.184,0,0,0,0,0,0,0,0,0,0,0,0,0,0,0,0,0,0,0,0,458.24,0,11.1577,-655.582
"MtrElec",8,21,16,"",-97.8686,0,0,0,0,0,0,0,0,0,0,0,0,0,0,0,0,0,0,0,0,462.502,0,0,-560.371
"MtrElec",8,21,17,"",118.988,0,0,0,0,0,0,0,0,0,0,0,0,0,0,0,0,0,0,0,0,542.957,0,0,-423.968
"MtrElec",8,21,18,"",338.922,0,0,0,0,0,0,0,0,0,0,0,0,0,0,0,0,0,0,0,0,589.058,0,0,-250.137
"MtrElec",8,21,19,"",252.975,0,0,0,0,0,0,0,0,0,0,0,0,0,0,0,0,0,0,0,0,541.397,0,-223.217,-65.2059
"MtrElec",8,21,20,"",247.747,0,0,0,0,0,0,0,0,0,0,0,0,0,0,0,0,0,0,0,0,470.964,0,-223.217,0
"MtrElec",8,21,21,"",210.104,0,0,0,0,0,0,0,0,0,0,0,0,0,0,0,0,0,0,0,0,433.321,0,-223.217,0
"MtrElec",8,21,22,"",268.851,0,0,0,0,0,0,0,0,0,0,0,0,0,0,0,0,0,0,0,0,320.191,0,-51.3398,0
"MtrElec",8,21,23,"",222.681,0,0,0,0,0,0,0,0,0,0,0,0,0,0,0,0,0,0,0,0,222.681,0,0,0
"MtrElec",8,21,24,"",235.732,0,0,0,0,0,0,0,0,0,0,0,0,0,0,0,0,0,0,0,0,235.732,0,0,0
"MtrElec",8,22,1,"",181.916,0,0,0,0,0,0,0,0,0,0,0,0,0,0,0,0,0,0,0,0,181.916,0,0,0
"MtrElec",8,22,2,"",148.494,0,0,0,0,0,0,0,0,0,0,0,0,0,0,0,0,0,0,0,0,148.494,0,0,0
"MtrElec",8,22,3,"",146.322,0,0,0,0,0,0,0,0,0,0,0,0,0,0,0,0,0,0,0,0,146.322,0,0,0
"MtrElec",8,22,4,"",147.333,0,0,0,0,0,0,0,0,0,0,0,0,0,0,0,0,0,0,0,0,147.333,0,0,0
"MtrElec",8,22,5,"",159.315,0,0,0,0,0,0,0,0,0,0,0,0,0,0,0,0,0,0,0,0,159.315,0,0,0
"MtrElec",8,22,6,"",179.832,0,0,0,0,0,0,0,0,0,0,0,0,0,0,0,0,0,0,0,0,179.832,0,0,0
"MtrElec",8,22,7,"",169.5,0,0,0,0,0,0,0,0,0,0,0,0,0,0,0,0,0,0,0,0,178.654,0,0,-9.15314
"MtrElec",8,22,8,"",178.821,0,0,0,0,0,0,0,0,0,0,0,0,0,0,0,0,0,0,0,0,274.668,0,0,-95.8472
"MtrElec",8,22,9,"",104.799,0,0,0,0,0,0,0,0,0,0,0,0,0,0,0,0,0,0,0,0,342.156,0,0,-237.357
"MtrElec",8,22,10,"",-35.0587,0,0,0,0,0,0,0,0,0,0,0,0,0,0,0,0,0,0,0,0,424.085,0,0,-459.143
"MtrElec",8,22,11,"",0,0,0,0,0,0,0,0,0,0,0,0,0,0,0,0,0,0,0,0,0,501.492,0,76.4033,-577.896
"MtrElec",8,22,12,"",0,0,0,0,0,0,0,0,0,0,0,0,0,0,0,0,0,0,0,0,0,527.646,0,138.527,-666.173
"MtrElec",8,22,13,"",0,0,0,0,0,0,0,0,0,0,0,0,0,0,0,0,0,0,0,0,0,566.077,0,144.651,-710.729
"MtrElec",8,22,14,"",0.0000156,0,0,0,0,0,0,0,0,0,0,0,0,0,0,0,0,0,0,0,0,503.383,0,205.826,-709.209
"MtrElec",8,22,15,"",0.0000156,0,0,0,0,0,0,0,0,0,0,0,0,0,0,0,0,0,0,0,0,479.917,0,183.624,-663.541
"MtrElec",8,22,16,"",-9.58837,0,0,0,0,0,0,0,0,0,0,0,0,0,0,0,0,0,0,0,0,507.174,0,49.85,-566.612
"MtrElec",8,22,17,"",106.168,0,0,0,0,0,0,0,0,0,0,0,0,0,0,0,0,0,0,0,0,528.964,0,0,-422.796
"MtrElec",8,22,18,"",310.218,0,0,0,0,0,0,0,0,0,0,0,0,0,0,0,0,0,0,0,0,555.578,0,0,-245.36
"MtrElec",8,22,19,"",309.725,0,0,0,0,0,0,0,0,0,0,0,0,0,0,0,0,0,0,0,0,595.609,0,-223.217,-62.6674
"MtrElec",8,22,20,"",212.036,0,0,0,0,0,0,0,0,0,0,0,0,0,0,0,0,0,0,0,0,435.253,0,-223.217,0
"MtrElec",8,22,21,"",139.115,0,0,0,0,0,0,0,0,0,0,0,0,0,0,0,0,0,0,0,0,362.332,0,-223.217,0
"MtrElec",8,22,22,"",298.053,0,0,0,0,0,0,0,0,0,0,0,0,0,0,0,0,0,0,0,0,349.393,0,-51.3398,0
"MtrElec",8,22,23,"",205.225,0,0,0,0,0,0,0,0,0,0,0,0,0,0,0,0,0,0,0,0,205.225,0,0,0
"MtrElec",8,22,24,"",252.86,0,0,0,0,0,0,0,0,0,0,0,0,0,0,0,0,0,0,0,0,252.86,0,0,0
"MtrElec",8,23,1,"",168.556,0,0,0,0,0,0,0,0,0,0,0,0,0,0,0,0,0,0,0,0,168.556,0,0,0
"MtrElec",8,23,2,"",150.613,0,0,0,0,0,0,0,0,0,0,0,0,0,0,0,0,0,0,0,0,150.613,0,0,0
"MtrElec",8,23,3,"",151.897,0,0,0,0,0,0,0,0,0,0,0,0,0,0,0,0,0,0,0,0,151.897,0,0,0
"MtrElec",8,23,4,"",154.7,0,0,0,0,0,0,0,0,0,0,0,0,0,0,0,0,0,0,0,0,154.7,0,0,0
"MtrElec",8,23,5,"",181.488,0,0,0,0,0,0,0,0,0,0,0,0,0,0,0,0,0,0,0,0,181.488,0,0,0
"MtrElec",8,23,6,"",179.592,0,0,0,0,0,0,0,0,0,0,0,0,0,0,0,0,0,0,0,0,179.592,0,0,0
"MtrElec",8,23,7,"",155.049,0,0,0,0,0,0,0,0,0,0,0,0,0,0,0,0,0,0,0,0,157.922,0,0,-2.87333
"MtrElec",8,23,8,"",197.583,0,0,0,0,0,0,0,0,0,0,0,0,0,0,0,0,0,0,0,0,247.853,0,0,-50.2697
"MtrElec",8,23,9,"",164.824,0,0,0,0,0,0,0,0,0,0,0,0,0,0,0,0,0,0,0,0,296.073,0,0,-131.249
"MtrElec",8,23,10,"",-21.9806,0,0,0,0,0,0,0,0,0,0,0,0,0,0,0,0,0,0,0,0,329.457,0,0,-351.438
"MtrElec",8,23,11,"",0,0,0,0,0,0,0,0,0,0,0,0,0,0,0,0,0,0,0,0,0,428.51,0,157.298,-585.808
"MtrElec",8,23,12,"",-14.3372,0,0,0,0,0,0,0,0,0,0,0,0,0,0,0,0,0,0,0,0,425.149,0,223.217,-662.703
"MtrElec",8,23,13,"",0,0,0,0,0,0,0,0,0,0,0,0,0,0,0,0,0,0,0,0,0,483.695,0,214.826,-698.52
"MtrElec",8,23,14,"",-50.3381,0,0,0,0,0,0,0,0,0,0,0,0,0,0,0,0,0,0,0,0,455.763,0,203.541,-709.642
"MtrElec",8,23,15,"",-184.056,0,0,0,0,0,0,0,0,0,0,0,0,0,0,0,0,0,0,0,0,480.467,0,0,-664.523
"MtrElec",8,23,16,"",-144.624,0,0,0,0,0,0,0,0,0,0,0,0,0,0,0,0,0,0,0,0,419.942,0,0,-564.566
"MtrElec",8,23,17,"",23.8252,0,0,0,0,0,0,0,0,0,0,0,0,0,0,0,0,0,0,0,0,445.219,0,0,-421.394
"MtrElec",8,23,18,"",219.583,0,0,0,0,0,0,0,0,0,0,0,0,0,0,0,0,0,0,0,0,461.332,0,0,-241.748
"MtrElec",8,23,19,"",170.463,0,0,0,0,0,0,0,0,0,0,0,0,0,0,0,0,0,0,0,0,455.452,0,-223.217,-61.7725
"MtrElec",8,23,20,"",159.823,0,0,0,0,0,0,0,0,0,0,0,0,0,0,0,0,0,0,0,0,383.04,0,-223.217,0
"MtrElec",8,23,21,"",88.0952,0,0,0,0,0,0,0,0,0,0,0,0,0,0,0,0,0,0,0,0,311.312,0,-223.217,0
"MtrElec",8,23,22,"",221.153,0,0,0,0,0,0,0,0,0,0,0,0,0,0,0,0,0,0,0,0,272.493,0,-51.3398,0
"MtrElec",8,23,23,"",227.174,0,0,0,0,0,0,0,0,0,0,0,0,0,0,0,0,0,0,0,0,227.174,0,0,0
"MtrElec",8,23,24,"",242.427,0,0,0,0,0,0,0,0,0,0,0,0,0,0,0,0,0,0,0,0,242.427,0,0,0
"MtrElec",8,24,1,"",185.478,0,0,0,0,0,0,0,0,0,0,0,0,0,0,0,0,0,0,0,0,185.478,0,0,0
"MtrElec",8,24,2,"",152.645,0,0,0,0,0,0,0,0,0,0,0,0,0,0,0,0,0,0,0,0,152.645,0,0,0
"MtrElec",8,24,3,"",149.809,0,0,0,0,0,0,0,0,0,0,0,0,0,0,0,0,0,0,0,0,149.809,0,0,0
"MtrElec",8,24,4,"",149.315,0,0,0,0,0,0,0,0,0,0,0,0,0,0,0,0,0,0,0,0,149.315,0,0,0
"MtrElec",8,24,5,"",146.802,0,0,0,0,0,0,0,0,0,0,0,0,0,0,0,0,0,0,0,0,146.802,0,0,0
"MtrElec",8,24,6,"",194.817,0,0,0,0,0,0,0,0,0,0,0,0,0,0,0,0,0,0,0,0,194.817,0,0,0
"MtrElec",8,24,7,"",212.644,0,0,0,0,0,0,0,0,0,0,0,0,0,0,0,0,0,0,0,0,213.575,0,0,-0.930978
"MtrElec",8,24,8,"",223.872,0,0,0,0,0,0,0,0,0,0,0,0,0,0,0,0,0,0,0,0,318.641,0,0,-94.7686
"MtrElec",8,24,9,"",84.6633,0,0,0,0,0,0,0,0,0,0,0,0,0,0,0,0,0,0,0,0,363.676,0,0,-279.013
"MtrElec",8,24,10,"",18.8189,0,0,0,0,0,0,0,0,0,0,0,0,0,0,0,0,0,0,0,0,461.181,0,0,-442.363
"MtrElec",8,24,11,"",0,0,0,0,0,0,0,0,0,0,0,0,0,0,0,0,0,0,0,0,0,493.341,0,81.805,-575.146
"MtrElec",8,24,12,"",0,0,0,0,0,0,0,0,0,0,0,0,0,0,0,0,0,0,0,0,0,474.687,0,186.323,-661.01
"MtrElec",8,24,13,"",0,0,0,0,0,0,0,0,0,0,0,0,0,0,0,0,0,0,0,0,0,555.234,0,143.774,-699.008
"MtrElec",8,24,14,"",0,0,0,0,0,0,0,0,0,0,0,0,0,0,0,0,0,0,0,0,0,502.509,0,190.001,-692.51
"MtrElec",8,24,15,"",0.0000156,0,0,0,0,0,0,0,0,0,0,0,0,0,0,0,0,0,0,0,0,502.656,0,131.441,-634.097
"MtrElec",8,24,16,"",0.0000020,0,0,0,0,0,0,0,0,0,0,0,0,0,0,0,0,0,0,0,0,517.178,0,21.6924,-538.87
"MtrElec",8,24,17,"",124.488,0,0,0,0,0,0,0,0,0,0,0,0,0,0,0,0,0,0,0,0,529.465,0,0,-404.977
"MtrElec",8,24,18,"",314.313,0,0,0,0,0,0,0,0,0,0,0,0,0,0,0,0,0,0,0,0,546.007,0,0,-231.694
"MtrElec",8,24,19,"",252.016,0,0,0,0,0,0,0,0,0,0,0,0,0,0,0,0,0,0,0,0,531.154,0,-223.217,-55.921
"MtrElec",8,24,20,"",275.56,0,0,0,0,0,0,0,0,0,0,0,0,0,0,0,0,0,0,0,0,498.776,0,-223.217,0
"MtrElec",8,24,21,"",246.935,0,0,0,0,0,0,0,0,0,0,0,0,0,0,0,0,0,0,0,0,470.152,0,-223.217,0
"MtrElec",8,24,22,"",307.717,0,0,0,0,0,0,0,0,0,0,0,0,0,0,0,0,0,0,0,0,319.488,0,-11.7702,0
"MtrElec",8,24,23,"",259.151,0,0,0,0,0,0,0,0,0,0,0,0,0,0,0,0,0,0,0,0,259.151,0,0,0
"MtrElec",8,24,24,"",243.629,0,0,0,0,0,0,0,0,0,0,0,0,0,0,0,0,0,0,0,0,243.629,0,0,0
"MtrElec",8,25,1,"",176.457,0,0,0,0,0,0,0,0,0,0,0,0,0,0,0,0,0,0,0,0,176.457,0,0,0
"MtrElec",8,25,2,"",151.232,0,0,0,0,0,0,0,0,0,0,0,0,0,0,0,0,0,0,0,0,151.232,0,0,0
"MtrElec",8,25,3,"",146.773,0,0,0,0,0,0,0,0,0,0,0,0,0,0,0,0,0,0,0,0,146.773,0,0,0
"MtrElec",8,25,4,"",149.218,0,0,0,0,0,0,0,0,0,0,0,0,0,0,0,0,0,0,0,0,149.218,0,0,0
"MtrElec",8,25,5,"",146.947,0,0,0,0,0,0,0,0,0,0,0,0,0,0,0,0,0,0,0,0,146.947,0,0,0
"MtrElec",8,25,6,"",162.646,0,0,0,0,0,0,0,0,0,0,0,0,0,0,0,0,0,0,0,0,162.646,0,0,0
"MtrElec",8,25,7,"",241.759,0,0,0,0,0,0,0,0,0,0,0,0,0,0,0,0,0,0,0,0,242.661,0,0,-0.902247
"MtrElec",8,25,8,"",247.179,0,0,0,0,0,0,0,0,0,0,0,0,0,0,0,0,0,0,0,0,336.053,0,0,-88.8744
"MtrElec",8,25,9,"",160.569,0,0,0,0,0,0,0,0,0,0,0,0,0,0,0,0,0,0,0,0,427.65,0,0,-267.082
"MtrElec",8,25,10,"",95.175,0,0,0,0,0,0,0,0,0,0,0,0,0,0,0,0,0,0,0,0,514.452,0,0,-419.277
"MtrElec",8,25,11,"",37.5464,0,0,0,0,0,0,0,0,0,0,0,0,0,0,0,0,0,0,0,0,568.37,0,0,-530.824
"MtrElec",8,25,12,"",0,0,0,0,0,0,0,0,0,0,0,0,0,0,0,0,0,0,0,0,0,550.9,0,49.8301,-600.73
"MtrElec",8,25,13,"",0,0,0,0,0,0,0,0,0,0,0,0,0,0,0,0,0,0,0,0,0,561.229,0,94.2085,-655.437
"MtrElec",8,25,14,"",0,0,0,0,0,0,0,0,0,0,0,0,0,0,0,0,0,0,0,0,0,550.307,0,108.314,-658.621
"MtrElec",8,25,15,"",0,0,0,0,0,0,0,0,0,0,0,0,0,0,0,0,0,0,0,0,0,534.983,0,74.4469,-609.429
"MtrElec",8,25,16,"",49.977,0,0,0,0,0,0,0,0,0,0,0,0,0,0,0,0,0,0,0,0,569.875,0,0,-519.898
"MtrElec",8,25,17,"",185.5,0,0,0,0,0,0,0,0,0,0,0,0,0,0,0,0,0,0,0,0,572.813,0,0,-387.313
"MtrElec",8,25,18,"",337.036,0,0,0,0,0,0,0,0,0,0,0,0,0,0,0,0,0,0,0,0,556.448,0,0,-219.412
"MtrElec",8,25,19,"",257.8,0,0,0,0,0,0,0,0,0,0,0,0,0,0,0,0,0,0,0,0,532.041,0,-223.217,-51.024
"MtrElec",8,25,20,"",439.487,0,0,0,0,0,0,0,0,0,0,0,0,0,0,0,0,0,0,0,0,511.207,0,-71.7198,0
"MtrElec",8,25,21,"",451.815,0,0,0,0,0,0,0,0,0,0,0,0,0,0,0,0,0,0,0,0,451.815,0,0,0
"MtrElec",8,25,22,"",341.405,0,0,0,0,0,0,0,0,0,0,0,0,0,0,0,0,0,0,0,0,341.405,0,0,0
"MtrElec",8,25,23,"",318.113,0,0,0,0,0,0,0,0,0,0,0,0,0,0,0,0,0,0,0,0,318.113,0,0,0
"MtrElec",8,25,24,"",236.942,0,0,0,0,0,0,0,0,0,0,0,0,0,0,0,0,0,0,0,0,236.942,0,0,0
"MtrElec",8,26,1,"",180.306,0,0,0,0,0,0,0,0,0,0,0,0,0,0,0,0,0,0,0,0,180.306,0,0,0
"MtrElec",8,26,2,"",167.306,0,0,0,0,0,0,0,0,0,0,0,0,0,0,0,0,0,0,0,0,167.306,0,0,0
"MtrElec",8,26,3,"",161.831,0,0,0,0,0,0,0,0,0,0,0,0,0,0,0,0,0,0,0,0,161.831,0,0,0
"MtrElec",8,26,4,"",191.215,0,0,0,0,0,0,0,0,0,0,0,0,0,0,0,0,0,0,0,0,191.215,0,0,0
"MtrElec",8,26,5,"",156.583,0,0,0,0,0,0,0,0,0,0,0,0,0,0,0,0,0,0,0,0,156.583,0,0,0
"MtrElec",8,26,6,"",158.186,0,0,0,0,0,0,0,0,0,0,0,0,0,0,0,0,0,0,0,0,158.186,0,0,0
"MtrElec",8,26,7,"",257.223,0,0,0,0,0,0,0,0,0,0,0,0,0,0,0,0,0,0,0,0,258.042,0,0,-0.818629
"MtrElec",8,26,8,"",245.865,0,0,0,0,0,0,0,0,0,0,0,0,0,0,0,0,0,0,0,0,333.332,0,0,-87.4666
"MtrElec",8,26,9,"",128.444,0,0,0,0,0,0,0,0,0,0,0,0,0,0,0,0,0,0,0,0,395.269,0,0,-266.825
"MtrElec",8,26,10,"",68.9114,0,0,0,0,0,0,0,0,0,0,0,0,0,0,0,0,0,0,0,0,492.515,0,0,-423.604
"MtrElec",8,26,11,"",42.1457,0,0,0,0,0,0,0,0,0,0,0,0,0,0,0,0,0,0,0,0,572.902,0,0,-530.756
"MtrElec",8,26,12,"",0,0,0,0,0,0,0,0,0,0,0,0,0,0,0,0,0,0,0,0,0,581.688,0,38.6103,-620.298
"MtrElec",8,26,13,"",0,0,0,0,0,0,0,0,0,0,0,0,0,0,0,0,0,0,0,0,0,622.965,0,42.0796,-665.044
"MtrElec",8,26,14,"",0,0,0,0,0,0,0,0,0,0,0,0,0,0,0,0,0,0,0,0,0,530.137,0,129.221,-659.359
"MtrElec",8,26,15,"",0,0,0,0,0,0,0,0,0,0,0,0,0,0,0,0,0,0,0,0,0,567.169,0,46.0146,-613.184
"MtrElec",8,26,16,"",6.11513,0,0,0,0,0,0,0,0,0,0,0,0,0,0,0,0,0,0,0,0,529.127,0,0,-523.012
"MtrElec",8,26,17,"",197.008,0,0,0,0,0,0,0,0,0,0,0,0,0,0,0,0,0,0,0,0,588.174,0,0,-391.166
"MtrElec",8,26,18,"",365.718,0,0,0,0,0,0,0,0,0,0,0,0,0,0,0,0,0,0,0,0,586.919,0,0,-221.201
"MtrElec",8,26,19,"",251.76,0,0,0,0,0,0,0,0,0,0,0,0,0,0,0,0,0,0,0,0,525.777,0,-223.217,-50.8001
"MtrElec",8,26,20,"",465.381,0,0,0,0,0,0,0,0,0,0,0,0,0,0,0,0,0,0,0,0,473.138,0,-7.75637,0
"MtrElec",8,26,21,"",499.67,0,0,0,0,0,0,0,0,0,0,0,0,0,0,0,0,0,0,0,0,499.67,0,0,0
"MtrElec",8,26,22,"",339.658,0,0,0,0,0,0,0,0,0,0,0,0,0,0,0,0,0,0,0,0,339.658,0,0,0
"MtrElec",8,26,23,"",313.528,0,0,0,0,0,0,0,0,0,0,0,0,0,0,0,0,0,0,0,0,313.528,0,0,0
"MtrElec",8,26,24,"",253.611,0,0,0,0,0,0,0,0,0,0,0,0,0,0,0,0,0,0,0,0,253.611,0,0,0
"MtrElec",8,27,1,"",197.492,0,0,0,0,0,0,0,0,0,0,0,0,0,0,0,0,0,0,0,0,197.492,0,0,0
"MtrElec",8,27,2,"",169.057,0,0,0,0,0,0,0,0,0,0,0,0,0,0,0,0,0,0,0,0,169.057,0,0,0
"MtrElec",8,27,3,"",159.652,0,0,0,0,0,0,0,0,0,0,0,0,0,0,0,0,0,0,0,0,159.652,0,0,0
"MtrElec",8,27,4,"",155.931,0,0,0,0,0,0,0,0,0,0,0,0,0,0,0,0,0,0,0,0,155.931,0,0,0
"MtrElec",8,27,5,"",152.052,0,0,0,0,0,0,0,0,0,0,0,0,0,0,0,0,0,0,0,0,152.052,0,0,0
"MtrElec",8,27,6,"",192.938,0,0,0,0,0,0,0,0,0,0,0,0,0,0,0,0,0,0,0,0,192.938,0,0,0
"MtrElec",8,27,7,"",288.116,0,0,0,0,0,0,0,0,0,0,0,0,0,0,0,0,0,0,0,0,288.982,0,0,-0.866432
"MtrElec",8,27,8,"",265.225,0,0,0,0,0,0,0,0,0,0,0,0,0,0,0,0,0,0,0,0,353.542,0,0,-88.3168
"MtrElec",8,27,9,"",188.542,0,0,0,0,0,0,0,0,0,0,0,0,0,0,0,0,0,0,0,0,455.029,0,0,-266.487
"MtrElec",8,27,10,"",113.106,0,0,0,0,0,0,0,0,0,0,0,0,0,0,0,0,0,0,0,0,534.461,0,0,-421.354
"MtrElec",8,27,11,"",31.0703,0,0,0,0,0,0,0,0,0,0,0,0,0,0,0,0,0,0,0,0,580.166,0,0,-549.096
"MtrElec",8,27,12,"",12.5033,0,0,0,0,0,0,0,0,0,0,0,0,0,0,0,0,0,0,0,0,637.674,0,0,-625.171
"MtrElec",8,27,13,"",0,0,0,0,0,0,0,0,0,0,0,0,0,0,0,0,0,0,0,0,0,601.526,0,58.4294,-659.956
"MtrElec",8,27,14,"",0,0,0,0,0,0,0,0,0,0,0,0,0,0,0,0,0,0,0,0,0,577.614,0,93.8527,-671.467
"MtrElec",8,27,15,"",0,0,0,0,0,0,0,0,0,0,0,0,0,0,0,0,0,0,0,0,0,562.935,0,65.0459,-627.981
"MtrElec",8,27,16,"",43.9931,0,0,0,0,0,0,0,0,0,0,0,0,0,0,0,0,0,0,0,0,578.733,0,0,-534.74
"MtrElec",8,27,17,"",161.894,0,0,0,0,0,0,0,0,0,0,0,0,0,0,0,0,0,0,0,0,559.628,0,0,-397.735
"MtrElec",8,27,18,"",349.252,0,0,0,0,0,0,0,0,0,0,0,0,0,0,0,0,0,0,0,0,572.956,0,0,-223.704
"MtrElec",8,27,19,"",295.613,0,0,0,0,0,0,0,0,0,0,0,0,0,0,0,0,0,0,0,0,542.421,0,-196.139,-50.6693
"MtrElec",8,27,20,"",483.275,0,0,0,0,0,0,0,0,0,0,0,0,0,0,0,0,0,0,0,0,483.275,0,0,0
"MtrElec",8,27,21,"",492.948,0,0,0,0,0,0,0,0,0,0,0,0,0,0,0,0,0,0,0,0,492.948,0,0,0
"MtrElec",8,27,22,"",334.435,0,0,0,0,0,0,0,0,0,0,0,0,0,0,0,0,0,0,0,0,334.435,0,0,0
"MtrElec",8,27,23,"",303.392,0,0,0,0,0,0,0,0,0,0,0,0,0,0,0,0,0,0,0,0,303.392,0,0,0
"MtrElec",8,27,24,"",297.352,0,0,0,0,0,0,0,0,0,0,0,0,0,0,0,0,0,0,0,0,297.352,0,0,0
"MtrElec",8,28,1,"",213.153,0,0,0,0,0,0,0,0,0,0,0,0,0,0,0,0,0,0,0,0,213.153,0,0,0
"MtrElec",8,28,2,"",170.668,0,0,0,0,0,0,0,0,0,0,0,0,0,0,0,0,0,0,0,0,170.668,0,0,0
"MtrElec",8,28,3,"",161.934,0,0,0,0,0,0,0,0,0,0,0,0,0,0,0,0,0,0,0,0,161.934,0,0,0
"MtrElec",8,28,4,"",157.564,0,0,0,0,0,0,0,0,0,0,0,0,0,0,0,0,0,0,0,0,157.564,0,0,0
"MtrElec",8,28,5,"",150.104,0,0,0,0,0,0,0,0,0,0,0,0,0,0,0,0,0,0,0,0,150.104,0,0,0
"MtrElec",8,28,6,"",171.028,0,0,0,0,0,0,0,0,0,0,0,0,0,0,0,0,0,0,0,0,171.028,0,0,0
"MtrElec",8,28,7,"",237.291,0,0,0,0,0,0,0,0,0,0,0,0,0,0,0,0,0,0,0,0,238.193,0,0,-0.902324
"MtrElec",8,28,8,"",259.536,0,0,0,0,0,0,0,0,0,0,0,0,0,0,0,0,0,0,0,0,350.161,0,0,-90.6247
"MtrElec",8,28,9,"",179.488,0,0,0,0,0,0,0,0,0,0,0,0,0,0,0,0,0,0,0,0,451.242,0,0,-271.754
"MtrElec",8,28,10,"",100.066,0,0,0,0,0,0,0,0,0,0,0,0,0,0,0,0,0,0,0,0,531.188,0,0,-431.123
"MtrElec",8,28,11,"",43.6362,0,0,0,0,0,0,0,0,0,0,0,0,0,0,0,0,0,0,0,0,599.346,0,0,-555.71
"MtrElec",8,28,12,"",0,0,0,0,0,0,0,0,0,0,0,0,0,0,0,0,0,0,0,0,0,595.429,0,36.2191,-631.648
"MtrElec",8,28,13,"",0,0,0,0,0,0,0,0,0,0,0,0,0,0,0,0,0,0,0,0,0,670.762,0,2.71606,-673.478
"MtrElec",8,28,14,"",0,0,0,0,0,0,0,0,0,0,0,0,0,0,0,0,0,0,0,0,0,532.853,0,144.897,-677.751
"MtrElec",8,28,15,"",0,0,0,0,0,0,0,0,0,0,0,0,0,0,0,0,0,0,0,0,0,578.238,0,50.4721,-628.71
"MtrElec",8,28,16,"",15.7284,0,0,0,0,0,0,0,0,0,0,0,0,0,0,0,0,0,0,0,0,551.258,0,0,-535.53
"MtrElec",8,28,17,"",193.222,0,0,0,0,0,0,0,0,0,0,0,0,0,0,0,0,0,0,0,0,591.877,0,0,-398.654
"MtrElec",8,28,18,"",348.022,0,0,0,0,0,0,0,0,0,0,0,0,0,0,0,0,0,0,0,0,571.851,0,0,-223.829
"MtrElec",8,28,19,"",277.72,0,0,0,0,0,0,0,0,0,0,0,0,0,0,0,0,0,0,0,0,538.893,0,-211.46,-49.713
"MtrElec",8,28,20,"",513.384,0,0,0,0,0,0,0,0,0,0,0,0,0,0,0,0,0,0,0,0,513.384,0,0,0
"MtrElec",8,28,21,"",467.804,0,0,0,0,0,0,0,0,0,0,0,0,0,0,0,0,0,0,0,0,467.804,0,0,0
"MtrElec",8,28,22,"",310.023,0,0,0,0,0,0,0,0,0,0,0,0,0,0,0,0,0,0,0,0,310.023,0,0,0
"MtrElec",8,28,23,"",304.351,0,0,0,0,0,0,0,0,0,0,0,0,0,0,0,0,0,0,0,0,304.351,0,0,0
"MtrElec",8,28,24,"",217.719,0,0,0,0,0,0,0,0,0,0,0,0,0,0,0,0,0,0,0,0,217.719,0,0,0
"MtrElec",8,29,1,"",163.833,0,0,0,0,0,0,0,0,0,0,0,0,0,0,0,0,0,0,0,0,163.833,0,0,0
"MtrElec",8,29,2,"",155.646,0,0,0,0,0,0,0,0,0,0,0,0,0,0,0,0,0,0,0,0,155.646,0,0,0
"MtrElec",8,29,3,"",155.9,0,0,0,0,0,0,0,0,0,0,0,0,0,0,0,0,0,0,0,0,155.9,0,0,0
"MtrElec",8,29,4,"",188.468,0,0,0,0,0,0,0,0,0,0,0,0,0,0,0,0,0,0,0,0,188.468,0,0,0
"MtrElec",8,29,5,"",169.388,0,0,0,0,0,0,0,0,0,0,0,0,0,0,0,0,0,0,0,0,169.388,0,0,0
"MtrElec",8,29,6,"",152.926,0,0,0,0,0,0,0,0,0,0,0,0,0,0,0,0,0,0,0,0,152.926,0,0,0
"MtrElec",8,29,7,"",186.503,0,0,0,0,0,0,0,0,0,0,0,0,0,0,0,0,0,0,0,0,187.422,0,0,-0.918632
"MtrElec",8,29,8,"",199.693,0,0,0,0,0,0,0,0,0,0,0,0,0,0,0,0,0,0,0,0,290.003,0,0,-90.3101
"MtrElec",8,29,9,"",102.521,0,0,0,0,0,0,0,0,0,0,0,0,0,0,0,0,0,0,0,0,372.316,0,0,-269.795
"MtrElec",8,29,10,"",90.0245,0,0,0,0,0,0,0,0,0,0,0,0,0,0,0,0,0,0,0,0,526.241,0,0,-436.216
"MtrElec",8,29,11,"",51.006,0,0,0,0,0,0,0,0,0,0,0,0,0,0,0,0,0,0,0,0,607.958,0,0,-556.952
"MtrElec",8,29,12,"",3.4025,0,0,0,0,0,0,0,0,0,0,0,0,0,0,0,0,0,0,0,0,626.813,0,0,-623.411
"MtrElec",8,29,13,"",0,0,0,0,0,0,0,0,0,0,0,0,0,0,0,0,0,0,0,0,0,667.415,0,0.725875,-668.14
"MtrElec",8,29,14,"",0.0000039,0,0,0,0,0,0,0,0,0,0,0,0,0,0,0,0,0,0,0,0,621.149,0,56.348,-677.497
"MtrElec",8,29,15,"",30.4453,0,0,0,0,0,0,0,0,0,0,0,0,0,0,0,0,0,0,0,0,662.334,0,0,-631.889
"MtrElec",8,29,16,"",74.9946,0,0,0,0,0,0,0,0,0,0,0,0,0,0,0,0,0,0,0,0,612.943,0,0,-537.949
"MtrElec",8,29,17,"",177.15,0,0,0,0,0,0,0,0,0,0,0,0,0,0,0,0,0,0,0,0,575.59,0,0,-398.441
"MtrElec",8,29,18,"",378.998,0,0,0,0,0,0,0,0,0,0,0,0,0,0,0,0,0,0,0,0,599.841,0,0,-220.842
"MtrElec",8,29,19,"",456.758,0,0,0,0,0,0,0,0,0,0,0,0,0,0,0,0,0,0,0,0,555.984,0,-51.5092,-47.7169
"MtrElec",8,29,20,"",483.729,0,0,0,0,0,0,0,0,0,0,0,0,0,0,0,0,0,0,0,0,483.729,0,0,0
"MtrElec",8,29,21,"",371.575,0,0,0,0,0,0,0,0,0,0,0,0,0,0,0,0,0,0,0,0,371.575,0,0,0
"MtrElec",8,29,22,"",331.75,0,0,0,0,0,0,0,0,0,0,0,0,0,0,0,0,0,0,0,0,331.75,0,0,0
"MtrElec",8,29,23,"",285.389,0,0,0,0,0,0,0,0,0,0,0,0,0,0,0,0,0,0,0,0,285.389,0,0,0
"MtrElec",8,29,24,"",243.119,0,0,0,0,0,0,0,0,0,0,0,0,0,0,0,0,0,0,0,0,243.119,0,0,0
"MtrElec",8,30,1,"",191.886,0,0,0,0,0,0,0,0,0,0,0,0,0,0,0,0,0,0,0,0,191.886,0,0,0
"MtrElec",8,30,2,"",159.492,0,0,0,0,0,0,0,0,0,0,0,0,0,0,0,0,0,0,0,0,159.492,0,0,0
"MtrElec",8,30,3,"",151.153,0,0,0,0,0,0,0,0,0,0,0,0,0,0,0,0,0,0,0,0,151.153,0,0,0
"MtrElec",8,30,4,"",150.966,0,0,0,0,0,0,0,0,0,0,0,0,0,0,0,0,0,0,0,0,150.966,0,0,0
"MtrElec",8,30,5,"",169.385,0,0,0,0,0,0,0,0,0,0,0,0,0,0,0,0,0,0,0,0,169.385,0,0,0
"MtrElec",8,30,6,"",154.942,0,0,0,0,0,0,0,0,0,0,0,0,0,0,0,0,0,0,0,0,154.942,0,0,0
"MtrElec",8,30,7,"",196.134,0,0,0,0,0,0,0,0,0,0,0,0,0,0,0,0,0,0,0,0,197.09,0,0,-0.956441
"MtrElec",8,30,8,"",157.833,0,0,0,0,0,0,0,0,0,0,0,0,0,0,0,0,0,0,0,0,249.984,0,0,-92.1511
"MtrElec",8,30,9,"",56.8964,0,0,0,0,0,0,0,0,0,0,0,0,0,0,0,0,0,0,0,0,336.871,0,0,-279.975
"MtrElec",8,30,10,"",-36.7888,0,0,0,0,0,0,0,0,0,0,0,0,0,0,0,0,0,0,0,0,411.33,0,0,-448.119
"MtrElec",8,30,11,"",0,0,0,0,0,0,0,0,0,0,0,0,0,0,0,0,0,0,0,0,0,466.419,0,99.6209,-566.04
"MtrElec",8,30,12,"",0,0,0,0,0,0,0,0,0,0,0,0,0,0,0,0,0,0,0,0,0,520.911,0,127.117,-648.028
"MtrElec",8,30,13,"",0.0000156,0,0,0,0,0,0,0,0,0,0,0,0,0,0,0,0,0,0,0,0,547.164,0,146.924,-694.088
"MtrElec",8,30,14,"",0.0000156,0,0,0,0,0,0,0,0,0,0,0,0,0,0,0,0,0,0,0,0,514.534,0,173.996,-688.529
"MtrElec",8,30,15,"",0.0000078,0,0,0,0,0,0,0,0,0,0,0,0,0,0,0,0,0,0,0,0,534.109,0,102.348,-636.457
"MtrElec",8,30,16,"",0,0,0,0,0,0,0,0,0,0,0,0,0,0,0,0,0,0,0,0,0,508.088,0,30.0553,-538.143
"MtrElec",8,30,17,"",89.7032,0,0,0,0,0,0,0,0,0,0,0,0,0,0,0,0,0,0,0,0,490.147,0,0,-400.444
"MtrElec",8,30,18,"",254.795,0,0,0,0,0,0,0,0,0,0,0,0,0,0,0,0,0,0,0,0,479.184,0,0,-224.388
"MtrElec",8,30,19,"",240.573,0,0,0,0,0,0,0,0,0,0,0,0,0,0,0,0,0,0,0,0,513.162,0,-223.217,-49.3718
"MtrElec",8,30,20,"",186.974,0,0,0,0,0,0,0,0,0,0,0,0,0,0,0,0,0,0,0,0,410.19,0,-223.217,0
"MtrElec",8,30,21,"",139.665,0,0,0,0,0,0,0,0,0,0,0,0,0,0,0,0,0,0,0,0,306.987,0,-167.322,0
"MtrElec",8,30,22,"",340.97,0,0,0,0,0,0,0,0,0,0,0,0,0,0,0,0,0,0,0,0,340.97,0,0,0
"MtrElec",8,30,23,"",254.932,0,0,0,0,0,0,0,0,0,0,0,0,0,0,0,0,0,0,0,0,254.932,0,0,0
"MtrElec",8,30,24,"",210.784,0,0,0,0,0,0,0,0,0,0,0,0,0,0,0,0,0,0,0,0,210.784,0,0,0
"MtrElec",8,31,1,"",170.201,0,0,0,0,0,0,0,0,0,0,0,0,0,0,0,0,0,0,0,0,170.201,0,0,0
"MtrElec",8,31,2,"",157.392,0,0,0,0,0,0,0,0,0,0,0,0,0,0,0,0,0,0,0,0,157.392,0,0,0
"MtrElec",8,31,3,"",150.517,0,0,0,0,0,0,0,0,0,0,0,0,0,0,0,0,0,0,0,0,150.517,0,0,0
"MtrElec",8,31,4,"",148.272,0,0,0,0,0,0,0,0,0,0,0,0,0,0,0,0,0,0,0,0,148.272,0,0,0
"MtrElec",8,31,5,"",143.923,0,0,0,0,0,0,0,0,0,0,0,0,0,0,0,0,0,0,0,0,143.923,0,0,0
"MtrElec",8,31,6,"",189.132,0,0,0,0,0,0,0,0,0,0,0,0,0,0,0,0,0,0,0,0,189.132,0,0,0
"MtrElec",8,31,7,"",218.871,0,0,0,0,0,0,0,0,0,0,0,0,0,0,0,0,0,0,0,0,220.989,0,0,-2.11717
"MtrElec",8,31,8,"",251.918,0,0,0,0,0,0,0,0,0,0,0,0,0,0,0,0,0,0,0,0,328.379,0,0,-76.4617
"MtrElec",8,31,9,"",169.527,0,0,0,0,0,0,0,0,0,0,0,0,0,0,0,0,0,0,0,0,377.294,0,0,-207.767
"MtrElec",8,31,10,"",4.14712,0,0,0,0,0,0,0,0,0,0,0,0,0,0,0,0,0,0,0,0,468.47,0,0,-464.323
"MtrElec",8,31,11,"",0,0,0,0,0,0,0,0,0,0,0,0,0,0,0,0,0,0,0,0,0,506.048,0,79.3891,-585.437
"MtrElec",8,31,12,"",0.0000078,0,0,0,0,0,0,0,0,0,0,0,0,0,0,0,0,0,0,0,0,543.895,0,121.888,-665.783
"MtrElec",8,31,13,"",0,0,0,0,0,0,0,0,0,0,0,0,0,0,0,0,0,0,0,0,0,578.01,0,135.574,-713.584
"MtrElec",8,31,14,"",0,0,0,0,0,0,0,0,0,0,0,0,0,0,0,0,0,0,0,0,0,489.137,0,216.872,-706.009
"MtrElec",8,31,15,"",0,0,0,0,0,0,0,0,0,0,0,0,0,0,0,0,0,0,0,0,0,475.625,0,179.143,-654.768
"MtrElec",8,31,16,"",0,0,0,0,0,0,0,0,0,0,0,0,0,0,0,0,0,0,0,0,0,508.139,0,47.3589,-555.498
"MtrElec",8,31,17,"",122.683,0,0,0,0,0,0,0,0,0,0,0,0,0,0,0,0,0,0,0,0,530.997,0,0,-408.315
"MtrElec",8,31,18,"",321.038,0,0,0,0,0,0,0,0,0,0,0,0,0,0,0,0,0,0,0,0,547.082,0,0,-226.044
"MtrElec",8,31,19,"",242.456,0,0,0,0,0,0,0,0,0,0,0,0,0,0,0,0,0,0,0,0,512.613,0,-223.217,-46.9397
"MtrElec",8,31,20,"",225.718,0,0,0,0,0,0,0,0,0,0,0,0,0,0,0,0,0,0,0,0,448.935,0,-223.217,0
"MtrElec",8,31,21,"",219.536,0,0,0,0,0,0,0,0,0,0,0,0,0,0,0,0,0,0,0,0,442.752,0,-223.217,0
"MtrElec",8,31,22,"",280.199,0,0,0,0,0,0,0,0,0,0,0,0,0,0,0,0,0,0,0,0,314.702,0,-34.503,0
"MtrElec",8,31,23,"",262.007,0,0,0,0,0,0,0,0,0,0,0,0,0,0,0,0,0,0,0,0,262.007,0,0,0
"MtrElec",8,31,24,"",200.473,0,0,0,0,0,0,0,0,0,0,0,0,0,0,0,0,0,0,0,0,200.473,0,0,0
"MtrElec",9,1,1,"",166.607,0,0,0,0,0,0,0,0,0,0,0,0,0,0,0,0,0,0,0,0,166.607,0,0,0
"MtrElec",9,1,2,"",161.687,0,0,0,0,0,0,0,0,0,0,0,0,0,0,0,0,0,0,0,0,161.687,0,0,0
"MtrElec",9,1,3,"",167.447,0,0,0,0,0,0,0,0,0,0,0,0,0,0,0,0,0,0,0,0,167.447,0,0,0
"MtrElec",9,1,4,"",163.302,0,0,0,0,0,0,0,0,0,0,0,0,0,0,0,0,0,0,0,0,163.302,0,0,0
"MtrElec",9,1,5,"",146.971,0,0,0,0,0,0,0,0,0,0,0,0,0,0,0,0,0,0,0,0,146.971,0,0,0
"MtrElec",9,1,6,"",155.346,0,0,0,0,0,0,0,0,0,0,0,0,0,0,0,0,0,0,0,0,155.346,0,0,0
"MtrElec",9,1,7,"",250.902,0,0,0,0,0,0,0,0,0,0,0,0,0,0,0,0,0,0,0,0,251.907,0,0,-1.0048
"MtrElec",9,1,8,"",236.469,0,0,0,0,0,0,0,0,0,0,0,0,0,0,0,0,0,0,0,0,326.476,0,0,-90.0069
"MtrElec",9,1,9,"",74.9107,0,0,0,0,0,0,0,0,0,0,0,0,0,0,0,0,0,0,0,0,350.58,0,0,-275.67
"MtrElec",9,1,10,"",60.3419,0,0,0,0,0,0,0,0,0,0,0,0,0,0,0,0,0,0,0,0,497.401,0,0,-437.059
"MtrElec",9,1,11,"",0,0,0,0,0,0,0,0,0,0,0,0,0,0,0,0,0,0,0,0,0,550.344,0,13.5666,-563.911
"MtrElec",9,1,12,"",0,0,0,0,0,0,0,0,0,0,0,0,0,0,0,0,0,0,0,0,0,559.956,0,92.8814,-652.837
"MtrElec",9,1,13,"",0.0000078,0,0,0,0,0,0,0,0,0,0,0,0,0,0,0,0,0,0,0,0,580.671,0,107.592,-688.263
"MtrElec",9,1,14,"",0,0,0,0,0,0,0,0,0,0,0,0,0,0,0,0,0,0,0,0,0,520.611,0,164.418,-685.029
"MtrElec",9,1,15,"",0.0000078,0,0,0,0,0,0,0,0,0,0,0,0,0,0,0,0,0,0,0,0,544.26,0,94.5509,-638.811
"MtrElec",9,1,16,"",0,0,0,0,0,0,0,0,0,0,0,0,0,0,0,0,0,0,0,0,0,527.165,0,17.6176,-544.783
"MtrElec",9,1,17,"",181.155,0,0,0,0,0,0,0,0,0,0,0,0,0,0,0,0,0,0,0,0,583.182,0,0,-402.028
"MtrElec",9,1,18,"",317.469,0,0,0,0,0,0,0,0,0,0,0,0,0,0,0,0,0,0,0,0,537.678,0,0,-220.209
"MtrElec",9,1,19,"",298.72,0,0,0,0,0,0,0,0,0,0,0,0,0,0,0,0,0,0,0,0,566.231,0,-223.217,-44.2945
"MtrElec",9,1,20,"",240.096,0,0,0,0,0,0,0,0,0,0,0,0,0,0,0,0,0,0,0,0,459.67,0,-219.574,0
"MtrElec",9,1,21,"",426.302,0,0,0,0,0,0,0,0,0,0,0,0,0,0,0,0,0,0,0,0,426.302,0,0,0
"MtrElec",9,1,22,"",355.016,0,0,0,0,0,0,0,0,0,0,0,0,0,0,0,0,0,0,0,0,355.016,0,0,0
"MtrElec",9,1,23,"",271.826,0,0,0,0,0,0,0,0,0,0,0,0,0,0,0,0,0,0,0,0,271.826,0,0,0
"MtrElec",9,1,24,"",222.859,0,0,0,0,0,0,0,0,0,0,0,0,0,0,0,0,0,0,0,0,222.859,0,0,0
"MtrElec",9,2,1,"",170.708,0,0,0,0,0,0,0,0,0,0,0,0,0,0,0,0,0,0,0,0,170.708,0,0,0
"MtrElec",9,2,2,"",156.827,0,0,0,0,0,0,0,0,0,0,0,0,0,0,0,0,0,0,0,0,156.827,0,0,0
"MtrElec",9,2,3,"",149.965,0,0,0,0,0,0,0,0,0,0,0,0,0,0,0,0,0,0,0,0,149.965,0,0,0
"MtrElec",9,2,4,"",152.003,0,0,0,0,0,0,0,0,0,0,0,0,0,0,0,0,0,0,0,0,152.003,0,0,0
"MtrElec",9,2,5,"",151.986,0,0,0,0,0,0,0,0,0,0,0,0,0,0,0,0,0,0,0,0,151.986,0,0,0
"MtrElec",9,2,6,"",165.901,0,0,0,0,0,0,0,0,0,0,0,0,0,0,0,0,0,0,0,0,165.901,0,0,0
"MtrElec",9,2,7,"",269.291,0,0,0,0,0,0,0,0,0,0,0,0,0,0,0,0,0,0,0,0,269.836,0,0,-0.545953
"MtrElec",9,2,8,"",278.534,0,0,0,0,0,0,0,0,0,0,0,0,0,0,0,0,0,0,0,0,332.485,0,0,-53.9515
"MtrElec",9,2,9,"",212.217,0,0,0,0,0,0,0,0,0,0,0,0,0,0,0,0,0,0,0,0,358.22,0,0,-146.003
"MtrElec",9,2,10,"",90.2494,0,0,0,0,0,0,0,0,0,0,0,0,0,0,0,0,0,0,0,0,499.554,0,0,-409.305
"MtrElec",9,2,11,"",0,0,0,0,0,0,0,0,0,0,0,0,0,0,0,0,0,0,0,0,0,562.894,0,16.9699,-579.864
"MtrElec",9,2,12,"",0,0,0,0,0,0,0,0,0,0,0,0,0,0,0,0,0,0,0,0,0,511.852,0,158.243,-670.094
"MtrElec",9,2,13,"",0,0,0,0,0,0,0,0,0,0,0,0,0,0,0,0,0,0,0,0,0,574.734,0,131.925,-706.659
"MtrElec",9,2,14,"",-18.6867,0,0,0,0,0,0,0,0,0,0,0,0,0,0,0,0,0,0,0,0,462.911,0,223.217,-704.815
"MtrElec",9,2,15,"",0.0000156,0,0,0,0,0,0,0,0,0,0,0,0,0,0,0,0,0,0,0,0,503.71,0,149.962,-653.673
"MtrElec",9,2,16,"",0,0,0,0,0,0,0,0,0,0,0,0,0,0,0,0,0,0,0,0,0,493.447,0,58.4706,-551.917
"MtrElec",9,2,17,"",166.264,0,0,0,0,0,0,0,0,0,0,0,0,0,0,0,0,0,0,0,0,572.909,0,0,-406.645
"MtrElec",9,2,18,"",312.496,0,0,0,0,0,0,0,0,0,0,0,0,0,0,0,0,0,0,0,0,536.951,0,0,-224.455
"MtrElec",9,2,19,"",272.119,0,0,0,0,0,0,0,0,0,0,0,0,0,0,0,0,0,0,0,0,538.637,0,-223.217,-43.3012
"MtrElec",9,2,20,"",265.733,0,0,0,0,0,0,0,0,0,0,0,0,0,0,0,0,0,0,0,0,488.949,0,-223.217,0
"MtrElec",9,2,21,"",193.083,0,0,0,0,0,0,0,0,0,0,0,0,0,0,0,0,0,0,0,0,413.405,0,-220.322,0
"MtrElec",9,2,22,"",327.099,0,0,0,0,0,0,0,0,0,0,0,0,0,0,0,0,0,0,0,0,327.099,0,0,0
"MtrElec",9,2,23,"",303.641,0,0,0,0,0,0,0,0,0,0,0,0,0,0,0,0,0,0,0,0,303.641,0,0,0
"MtrElec",9,2,24,"",234.632,0,0,0,0,0,0,0,0,0,0,0,0,0,0,0,0,0,0,0,0,234.632,0,0,0
"MtrElec",9,3,1,"",180.251,0,0,0,0,0,0,0,0,0,0,0,0,0,0,0,0,0,0,0,0,180.251,0,0,0
"MtrElec",9,3,2,"",163.599,0,0,0,0,0,0,0,0,0,0,0,0,0,0,0,0,0,0,0,0,163.599,0,0,0
"MtrElec",9,3,3,"",186.375,0,0,0,0,0,0,0,0,0,0,0,0,0,0,0,0,0,0,0,0,186.375,0,0,0
"MtrElec",9,3,4,"",155.93,0,0,0,0,0,0,0,0,0,0,0,0,0,0,0,0,0,0,0,0,155.93,0,0,0
"MtrElec",9,3,5,"",148.681,0,0,0,0,0,0,0,0,0,0,0,0,0,0,0,0,0,0,0,0,148.681,0,0,0
"MtrElec",9,3,6,"",166.669,0,0,0,0,0,0,0,0,0,0,0,0,0,0,0,0,0,0,0,0,166.669,0,0,0
"MtrElec",9,3,7,"",254.189,0,0,0,0,0,0,0,0,0,0,0,0,0,0,0,0,0,0,0,0,254.189,0,0,0
"MtrElec",9,3,8,"",303.031,0,0,0,0,0,0,0,0,0,0,0,0,0,0,0,0,0,0,0,0,336.081,0,0,-33.0503
"MtrElec",9,3,9,"",328.521,0,0,0,0,0,0,0,0,0,0,0,0,0,0,0,0,0,0,0,0,419.724,0,0,-91.2031
"MtrElec",9,3,10,"",281.354,0,0,0,0,0,0,0,0,0,0,0,0,0,0,0,0,0,0,0,0,477.587,0,0,-196.233
"MtrElec",9,3,11,"",0,0,0,0,0,0,0,0,0,0,0,0,0,0,0,0,0,0,0,0,0,502.226,0,1.43613,-503.662
"MtrElec",9,3,12,"",0,0,0,0,0,0,0,0,0,0,0,0,0,0,0,0,0,0,0,0,0,514.95,0,142.494,-657.443
"MtrElec",9,3,13,"",0,0,0,0,0,0,0,0,0,0,0,0,0,0,0,0,0,0,0,0,0,519.246,0,184.29,-703.536
"MtrElec",9,3,14,"",-41.7891,0,0,0,0,0,0,0,0,0,0,0,0,0,0,0,0,0,0,0,0,435.324,0,223.217,-700.33
"MtrElec",9,3,15,"",0,0,0,0,0,0,0,0,0,0,0,0,0,0,0,0,0,0,0,0,0,477.904,0,162.504,-640.408
"MtrElec",9,3,16,"",0,0,0,0,0,0,0,0,0,0,0,0,0,0,0,0,0,0,0,0,0,456.261,0,69.856,-526.117
"MtrElec",9,3,17,"",129.691,0,0,0,0,0,0,0,0,0,0,0,0,0,0,0,0,0,0,0,0,512.913,0,0,-383.222
"MtrElec",9,3,18,"",292.396,0,0,0,0,0,0,0,0,0,0,0,0,0,0,0,0,0,0,0,0,498.295,0,0,-205.899
"MtrElec",9,3,19,"",253.101,0,0,0,0,0,0,0,0,0,0,0,0,0,0,0,0,0,0,0,0,517.417,0,-223.217,-41.0995
"MtrElec",9,3,20,"",265.961,0,0,0,0,0,0,0,0,0,0,0,0,0,0,0,0,0,0,0,0,489.178,0,-223.217,0
"MtrElec",9,3,21,"",224.551,0,0,0,0,0,0,0,0,0,0,0,0,0,0,0,0,0,0,0,0,447.768,0,-223.217,0
"MtrElec",9,3,22,"",295.578,0,0,0,0,0,0,0,0,0,0,0,0,0,0,0,0,0,0,0,0,333.303,0,-37.7255,0
"MtrElec",9,3,23,"",274.166,0,0,0,0,0,0,0,0,0,0,0,0,0,0,0,0,0,0,0,0,274.166,0,0,0
"MtrElec",9,3,24,"",204.149,0,0,0,0,0,0,0,0,0,0,0,0,0,0,0,0,0,0,0,0,204.149,0,0,0
"MtrElec",9,4,1,"",161.406,0,0,0,0,0,0,0,0,0,0,0,0,0,0,0,0,0,0,0,0,161.406,0,0,0
"MtrElec",9,4,2,"",169.002,0,0,0,0,0,0,0,0,0,0,0,0,0,0,0,0,0,0,0,0,169.002,0,0,0
"MtrElec",9,4,3,"",173.302,0,0,0,0,0,0,0,0,0,0,0,0,0,0,0,0,0,0,0,0,173.302,0,0,0
"MtrElec",9,4,4,"",157.071,0,0,0,0,0,0,0,0,0,0,0,0,0,0,0,0,0,0,0,0,157.071,0,0,0
"MtrElec",9,4,5,"",148.095,0,0,0,0,0,0,0,0,0,0,0,0,0,0,0,0,0,0,0,0,148.095,0,0,0
"MtrElec",9,4,6,"",158.218,0,0,0,0,0,0,0,0,0,0,0,0,0,0,0,0,0,0,0,0,158.218,0,0,0
"MtrElec",9,4,7,"",247.504,0,0,0,0,0,0,0,0,0,0,0,0,0,0,0,0,0,0,0,0,247.504,0,0,0
"MtrElec",9,4,8,"",251.04,0,0,0,0,0,0,0,0,0,0,0,0,0,0,0,0,0,0,0,0,285.848,0,0,-34.8075
"MtrElec",9,4,9,"",293.538,0,0,0,0,0,0,0,0,0,0,0,0,0,0,0,0,0,0,0,0,388.885,0,0,-95.3472
"MtrElec",9,4,10,"",303.816,0,0,0,0,0,0,0,0,0,0,0,0,0,0,0,0,0,0,0,0,493.587,0,0,-189.771
"MtrElec",9,4,11,"",42.95,0,0,0,0,0,0,0,0,0,0,0,0,0,0,0,0,0,0,0,0,480.699,0,0,-437.749
"MtrElec",9,4,12,"",0,0,0,0,0,0,0,0,0,0,0,0,0,0,0,0,0,0,0,0,0,480.556,0,133.623,-614.178
"MtrElec",9,4,13,"",0,0,0,0,0,0,0,0,0,0,0,0,0,0,0,0,0,0,0,0,0,541.186,0,139.07,-680.256
"MtrElec",9,4,14,"",-21.1111,0,0,0,0,0,0,0,0,0,0,0,0,0,0,0,0,0,0,0,0,441.869,0,223.217,-686.197
"MtrElec",9,4,15,"",0,0,0,0,0,0,0,0,0,0,0,0,0,0,0,0,0,0,0,0,0,456.479,0,187.44,-643.919
"MtrElec",9,4,16,"",0,0,0,0,0,0,0,0,0,0,0,0,0,0,0,0,0,0,0,0,0,463.12,0,80.5949,-543.714
"MtrElec",9,4,17,"",117.465,0,0,0,0,0,0,0,0,0,0,0,0,0,0,0,0,0,0,0,0,514.854,0,0,-397.389
"MtrElec",9,4,18,"",272.781,0,0,0,0,0,0,0,0,0,0,0,0,0,0,0,0,0,0,0,0,484.152,0,0,-211.371
"MtrElec",9,4,19,"",229.024,0,0,0,0,0,0,0,0,0,0,0,0,0,0,0,0,0,0,0,0,492.075,0,-223.217,-39.8342
"MtrElec",9,4,20,"",183.903,0,0,0,0,0,0,0,0,0,0,0,0,0,0,0,0,0,0,0,0,407.119,0,-223.217,0
"MtrElec",9,4,21,"",212.425,0,0,0,0,0,0,0,0,0,0,0,0,0,0,0,0,0,0,0,0,435.642,0,-223.217,0
"MtrElec",9,4,22,"",288.537,0,0,0,0,0,0,0,0,0,0,0,0,0,0,0,0,0,0,0,0,308.346,0,-19.8094,0
"MtrElec",9,4,23,"",241.014,0,0,0,0,0,0,0,0,0,0,0,0,0,0,0,0,0,0,0,0,241.014,0,0,0
"MtrElec",9,4,24,"",257.348,0,0,0,0,0,0,0,0,0,0,0,0,0,0,0,0,0,0,0,0,257.348,0,0,0
"MtrElec",9,5,1,"",171.517,0,0,0,0,0,0,0,0,0,0,0,0,0,0,0,0,0,0,0,0,171.517,0,0,0
"MtrElec",9,5,2,"",151.754,0,0,0,0,0,0,0,0,0,0,0,0,0,0,0,0,0,0,0,0,151.754,0,0,0
"MtrElec",9,5,3,"",147.106,0,0,0,0,0,0,0,0,0,0,0,0,0,0,0,0,0,0,0,0,147.106,0,0,0
"MtrElec",9,5,4,"",149.178,0,0,0,0,0,0,0,0,0,0,0,0,0,0,0,0,0,0,0,0,149.178,0,0,0
"MtrElec",9,5,5,"",188.909,0,0,0,0,0,0,0,0,0,0,0,0,0,0,0,0,0,0,0,0,188.909,0,0,0
"MtrElec",9,5,6,"",151.165,0,0,0,0,0,0,0,0,0,0,0,0,0,0,0,0,0,0,0,0,151.165,0,0,0
"MtrElec",9,5,7,"",188.464,0,0,0,0,0,0,0,0,0,0,0,0,0,0,0,0,0,0,0,0,189.088,0,0,-0.623733
"MtrElec",9,5,8,"",197.721,0,0,0,0,0,0,0,0,0,0,0,0,0,0,0,0,0,0,0,0,267.614,0,0,-69.8937
"MtrElec",9,5,9,"",136.374,0,0,0,0,0,0,0,0,0,0,0,0,0,0,0,0,0,0,0,0,315.608,0,0,-179.234
"MtrElec",9,5,10,"",99.4887,0,0,0,0,0,0,0,0,0,0,0,0,0,0,0,0,0,0,0,0,382.743,0,0,-283.254
"MtrElec",9,5,11,"",116.443,0,0,0,0,0,0,0,0,0,0,0,0,0,0,0,0,0,0,0,0,451.245,0,0,-334.803
"MtrElec",9,5,12,"",0,0,0,0,0,0,0,0,0,0,0,0,0,0,0,0,0,0,0,0,0,494.074,0,90.4477,-584.522
"MtrElec",9,5,13,"",0,0,0,0,0,0,0,0,0,0,0,0,0,0,0,0,0,0,0,0,0,499.261,0,186.128,-685.389
"MtrElec",9,5,14,"",0,0,0,0,0,0,0,0,0,0,0,0,0,0,0,0,0,0,0,0,0,479.218,0,205.943,-685.161
"MtrElec",9,5,15,"",0.0000078,0,0,0,0,0,0,0,0,0,0,0,0,0,0,0,0,0,0,0,0,504.461,0,124.954,-629.415
"MtrElec",9,5,16,"",0,0,0,0,0,0,0,0,0,0,0,0,0,0,0,0,0,0,0,0,0,458.421,0,71.1555,-529.576
"MtrElec",9,5,17,"",138.938,0,0,0,0,0,0,0,0,0,0,0,0,0,0,0,0,0,0,0,0,520.051,0,0,-381.113
"MtrElec",9,5,18,"",308.031,0,0,0,0,0,0,0,0,0,0,0,0,0,0,0,0,0,0,0,0,508.771,0,0,-200.74
"MtrElec",9,5,19,"",251.936,0,0,0,0,0,0,0,0,0,0,0,0,0,0,0,0,0,0,0,0,513.466,0,-223.217,-38.3125
"MtrElec",9,5,20,"",140.702,0,0,0,0,0,0,0,0,0,0,0,0,0,0,0,0,0,0,0,0,363.918,0,-223.217,0
"MtrElec",9,5,21,"",196.004,0,0,0,0,0,0,0,0,0,0,0,0,0,0,0,0,0,0,0,0,362.031,0,-166.028,0
"MtrElec",9,5,22,"",324.257,0,0,0,0,0,0,0,0,0,0,0,0,0,0,0,0,0,0,0,0,324.257,0,0,0
"MtrElec",9,5,23,"",206.249,0,0,0,0,0,0,0,0,0,0,0,0,0,0,0,0,0,0,0,0,206.249,0,0,0
"MtrElec",9,5,24,"",244.903,0,0,0,0,0,0,0,0,0,0,0,0,0,0,0,0,0,0,0,0,244.903,0,0,0
"MtrElec",9,6,1,"",161.851,0,0,0,0,0,0,0,0,0,0,0,0,0,0,0,0,0,0,0,0,161.851,0,0,0
"MtrElec",9,6,2,"",153.622,0,0,0,0,0,0,0,0,0,0,0,0,0,0,0,0,0,0,0,0,153.622,0,0,0
"MtrElec",9,6,3,"",149.417,0,0,0,0,0,0,0,0,0,0,0,0,0,0,0,0,0,0,0,0,149.417,0,0,0
"MtrElec",9,6,4,"",154.49,0,0,0,0,0,0,0,0,0,0,0,0,0,0,0,0,0,0,0,0,154.49,0,0,0
"MtrElec",9,6,5,"",153.184,0,0,0,0,0,0,0,0,0,0,0,0,0,0,0,0,0,0,0,0,153.184,0,0,0
"MtrElec",9,6,6,"",153.671,0,0,0,0,0,0,0,0,0,0,0,0,0,0,0,0,0,0,0,0,153.671,0,0,0
"MtrElec",9,6,7,"",196.131,0,0,0,0,0,0,0,0,0,0,0,0,0,0,0,0,0,0,0,0,197.108,0,0,-0.976489
"MtrElec",9,6,8,"",105.126,0,0,0,0,0,0,0,0,0,0,0,0,0,0,0,0,0,0,0,0,192.695,0,0,-87.5691
"MtrElec",9,6,9,"",9.21659,0,0,0,0,0,0,0,0,0,0,0,0,0,0,0,0,0,0,0,0,281.206,0,0,-271.99
"MtrElec",9,6,10,"",-102.788,0,0,0,0,0,0,0,0,0,0,0,0,0,0,0,0,0,0,0,0,338.522,0,0,-441.31
"MtrElec",9,6,11,"",0,0,0,0,0,0,0,0,0,0,0,0,0,0,0,0,0,0,0,0,0,423.245,0,140.432,-563.677
"MtrElec",9,6,12,"",0,0,0,0,0,0,0,0,0,0,0,0,0,0,0,0,0,0,0,0,0,471.964,0,167.683,-639.647
"MtrElec",9,6,13,"",0,0,0,0,0,0,0,0,0,0,0,0,0,0,0,0,0,0,0,0,0,505.792,0,182.639,-688.43
"MtrElec",9,6,14,"",-37.1255,0,0,0,0,0,0,0,0,0,0,0,0,0,0,0,0,0,0,0,0,434.065,0,223.217,-694.407
"MtrElec",9,6,15,"",-116.784,0,0,0,0,0,0,0,0,0,0,0,0,0,0,0,0,0,0,0,0,441.667,0,84.9114,-643.363
"MtrElec",9,6,16,"",-99.4723,0,0,0,0,0,0,0,0,0,0,0,0,0,0,0,0,0,0,0,0,436.795,0,0,-536.267
"MtrElec",9,6,17,"",72.4061,0,0,0,0,0,0,0,0,0,0,0,0,0,0,0,0,0,0,0,0,463.055,0,0,-390.649
"MtrElec",9,6,18,"",237.004,0,0,0,0,0,0,0,0,0,0,0,0,0,0,0,0,0,0,0,0,441.93,0,0,-204.926
"MtrElec",9,6,19,"",239.905,0,0,0,0,0,0,0,0,0,0,0,0,0,0,0,0,0,0,0,0,499.913,0,-223.217,-36.7904
"MtrElec",9,6,20,"",150.747,0,0,0,0,0,0,0,0,0,0,0,0,0,0,0,0,0,0,0,0,373.964,0,-223.217,0
"MtrElec",9,6,21,"",86.7914,0,0,0,0,0,0,0,0,0,0,0,0,0,0,0,0,0,0,0,0,310.008,0,-223.217,0
"MtrElec",9,6,22,"",285.547,0,0,0,0,0,0,0,0,0,0,0,0,0,0,0,0,0,0,0,0,336.886,0,-51.3398,0
"MtrElec",9,6,23,"",260.431,0,0,0,0,0,0,0,0,0,0,0,0,0,0,0,0,0,0,0,0,260.431,0,0,0
"MtrElec",9,6,24,"",215.448,0,0,0,0,0,0,0,0,0,0,0,0,0,0,0,0,0,0,0,0,215.448,0,0,0
"MtrElec",9,7,1,"",201.62,0,0,0,0,0,0,0,0,0,0,0,0,0,0,0,0,0,0,0,0,201.62,0,0,0
"MtrElec",9,7,2,"",155.467,0,0,0,0,0,0,0,0,0,0,0,0,0,0,0,0,0,0,0,0,155.467,0,0,0
"MtrElec",9,7,3,"",150.641,0,0,0,0,0,0,0,0,0,0,0,0,0,0,0,0,0,0,0,0,150.641,0,0,0
"MtrElec",9,7,4,"",150.824,0,0,0,0,0,0,0,0,0,0,0,0,0,0,0,0,0,0,0,0,150.824,0,0,0
"MtrElec",9,7,5,"",147.141,0,0,0,0,0,0,0,0,0,0,0,0,0,0,0,0,0,0,0,0,147.141,0,0,0
"MtrElec",9,7,6,"",210.796,0,0,0,0,0,0,0,0,0,0,0,0,0,0,0,0,0,0,0,0,210.796,0,0,0
"MtrElec",9,7,7,"",190.346,0,0,0,0,0,0,0,0,0,0,0,0,0,0,0,0,0,0,0,0,190.697,0,0,-0.350809
"MtrElec",9,7,8,"",192.328,0,0,0,0,0,0,0,0,0,0,0,0,0,0,0,0,0,0,0,0,279.486,0,0,-87.158
"MtrElec",9,7,9,"",104.777,0,0,0,0,0,0,0,0,0,0,0,0,0,0,0,0,0,0,0,0,377.263,0,0,-272.486
"MtrElec",9,7,10,"",-21.5543,0,0,0,0,0,0,0,0,0,0,0,0,0,0,0,0,0,0,0,0,418.734,0,0,-440.289
"MtrElec",9,7,11,"",0,0,0,0,0,0,0,0,0,0,0,0,0,0,0,0,0,0,0,0,0,425.054,0,139.467,-564.521
"MtrElec",9,7,12,"",0.0000156,0,0,0,0,0,0,0,0,0,0,0,0,0,0,0,0,0,0,0,0,501.54,0,150.778,-652.319
"MtrElec",9,7,13,"",0,0,0,0,0,0,0,0,0,0,0,0,0,0,0,0,0,0,0,0,0,534.413,0,156.921,-691.334
"MtrElec",9,7,14,"",0,0,0,0,0,0,0,0,0,0,0,0,0,0,0,0,0,0,0,0,0,501.69,0,186.783,-688.474
"MtrElec",9,7,15,"",-16.2488,0,0,0,0,0,0,0,0,0,0,0,0,0,0,0,0,0,0,0,0,452.484,0,164.931,-633.664
"MtrElec",9,7,16,"",-67.1523,0,0,0,0,0,0,0,0,0,0,0,0,0,0,0,0,0,0,0,0,456.568,0,0,-523.721
"MtrElec",9,7,17,"",160.576,0,0,0,0,0,0,0,0,0,0,0,0,0,0,0,0,0,0,0,0,539.405,0,0,-378.829
"MtrElec",9,7,18,"",346.736,0,0,0,0,0,0,0,0,0,0,0,0,0,0,0,0,0,0,0,0,546.608,0,0,-199.872
"MtrElec",9,7,19,"",227.923,0,0,0,0,0,0,0,0,0,0,0,0,0,0,0,0,0,0,0,0,484.52,0,-223.217,-33.3808
"MtrElec",9,7,20,"",111.067,0,0,0,0,0,0,0,0,0,0,0,0,0,0,0,0,0,0,0,0,334.284,0,-223.217,0
"MtrElec",9,7,21,"",128.759,0,0,0,0,0,0,0,0,0,0,0,0,0,0,0,0,0,0,0,0,351.976,0,-223.217,0
"MtrElec",9,7,22,"",233.451,0,0,0,0,0,0,0,0,0,0,0,0,0,0,0,0,0,0,0,0,284.791,0,-51.3398,0
"MtrElec",9,7,23,"",262.543,0,0,0,0,0,0,0,0,0,0,0,0,0,0,0,0,0,0,0,0,262.543,0,0,0
"MtrElec",9,7,24,"",211.14,0,0,0,0,0,0,0,0,0,0,0,0,0,0,0,0,0,0,0,0,211.14,0,0,0
"MtrElec",9,8,1,"",205.889,0,0,0,0,0,0,0,0,0,0,0,0,0,0,0,0,0,0,0,0,205.889,0,0,0
"MtrElec",9,8,2,"",158.381,0,0,0,0,0,0,0,0,0,0,0,0,0,0,0,0,0,0,0,0,158.381,0,0,0
"MtrElec",9,8,3,"",151.5,0,0,0,0,0,0,0,0,0,0,0,0,0,0,0,0,0,0,0,0,151.5,0,0,0
"MtrElec",9,8,4,"",153.019,0,0,0,0,0,0,0,0,0,0,0,0,0,0,0,0,0,0,0,0,153.019,0,0,0
"MtrElec",9,8,5,"",146.908,0,0,0,0,0,0,0,0,0,0,0,0,0,0,0,0,0,0,0,0,146.908,0,0,0
"MtrElec",9,8,6,"",165.029,0,0,0,0,0,0,0,0,0,0,0,0,0,0,0,0,0,0,0,0,165.029,0,0,0
"MtrElec",9,8,7,"",237.223,0,0,0,0,0,0,0,0,0,0,0,0,0,0,0,0,0,0,0,0,237.551,0,0,-0.327985
"MtrElec",9,8,8,"",248.851,0,0,0,0,0,0,0,0,0,0,0,0,0,0,0,0,0,0,0,0,333.272,0,0,-84.4201
"MtrElec",9,8,9,"",162.657,0,0,0,0,0,0,0,0,0,0,0,0,0,0,0,0,0,0,0,0,428.548,0,0,-265.891
"MtrElec",9,8,10,"",90.4128,0,0,0,0,0,0,0,0,0,0,0,0,0,0,0,0,0,0,0,0,525.258,0,0,-434.845
"MtrElec",9,8,11,"",0,0,0,0,0,0,0,0,0,0,0,0,0,0,0,0,0,0,0,0,0,509.866,0,45.475,-555.341
"MtrElec",9,8,12,"",0,0,0,0,0,0,0,0,0,0,0,0,0,0,0,0,0,0,0,0,0,540.695,0,79.4576,-620.152
"MtrElec",9,8,13,"",0,0,0,0,0,0,0,0,0,0,0,0,0,0,0,0,0,0,0,0,0,532.372,0,133.877,-666.249
"MtrElec",9,8,14,"",-0.687437,0,0,0,0,0,0,0,0,0,0,0,0,0,0,0,0,0,0,0,0,451.747,0,223.217,-675.651
"MtrElec",9,8,15,"",0.0000078,0,0,0,0,0,0,0,0,0,0,0,0,0,0,0,0,0,0,0,0,496.596,0,129.924,-626.519
"MtrElec",9,8,16,"",0,0,0,0,0,0,0,0,0,0,0,0,0,0,0,0,0,0,0,0,0,501.632,0,24.6077,-526.24
"MtrElec",9,8,17,"",150.113,0,0,0,0,0,0,0,0,0,0,0,0,0,0,0,0,0,0,0,0,532.481,0,0,-382.369
"MtrElec",9,8,18,"",372.137,0,0,0,0,0,0,0,0,0,0,0,0,0,0,0,0,0,0,0,0,570.858,0,0,-198.721
"MtrElec",9,8,19,"",274.275,0,0,0,0,0,0,0,0,0,0,0,0,0,0,0,0,0,0,0,0,527.333,0,-223.217,-29.8405
"MtrElec",9,8,20,"",266.381,0,0,0,0,0,0,0,0,0,0,0,0,0,0,0,0,0,0,0,0,489.598,0,-223.217,0
"MtrElec",9,8,21,"",336.012,0,0,0,0,0,0,0,0,0,0,0,0,0,0,0,0,0,0,0,0,464.072,0,-128.059,0
"MtrElec",9,8,22,"",341.395,0,0,0,0,0,0,0,0,0,0,0,0,0,0,0,0,0,0,0,0,341.395,0,0,0
"MtrElec",9,8,23,"",312.412,0,0,0,0,0,0,0,0,0,0,0,0,0,0,0,0,0,0,0,0,312.412,0,0,0
"MtrElec",9,8,24,"",236.683,0,0,0,0,0,0,0,0,0,0,0,0,0,0,0,0,0,0,0,0,236.683,0,0,0
"MtrElec",9,9,1,"",167.978,0,0,0,0,0,0,0,0,0,0,0,0,0,0,0,0,0,0,0,0,167.978,0,0,0
"MtrElec",9,9,2,"",184.595,0,0,0,0,0,0,0,0,0,0,0,0,0,0,0,0,0,0,0,0,184.595,0,0,0
"MtrElec",9,9,3,"",149.63,0,0,0,0,0,0,0,0,0,0,0,0,0,0,0,0,0,0,0,0,149.63,0,0,0
"MtrElec",9,9,4,"",149.053,0,0,0,0,0,0,0,0,0,0,0,0,0,0,0,0,0,0,0,0,149.053,0,0,0
"MtrElec",9,9,5,"",144.334,0,0,0,0,0,0,0,0,0,0,0,0,0,0,0,0,0,0,0,0,144.334,0,0,0
"MtrElec",9,9,6,"",164.519,0,0,0,0,0,0,0,0,0,0,0,0,0,0,0,0,0,0,0,0,164.519,0,0,0
"MtrElec",9,9,7,"",240.168,0,0,0,0,0,0,0,0,0,0,0,0,0,0,0,0,0,0,0,0,240.168,0,0,0
"MtrElec",9,9,8,"",273.686,0,0,0,0,0,0,0,0,0,0,0,0,0,0,0,0,0,0,0,0,326.353,0,0,-52.6662
"MtrElec",9,9,9,"",289.703,0,0,0,0,0,0,0,0,0,0,0,0,0,0,0,0,0,0,0,0,427.224,0,0,-137.521
"MtrElec",9,9,10,"",64.9929,0,0,0,0,0,0,0,0,0,0,0,0,0,0,0,0,0,0,0,0,459.748,0,0,-394.755
"MtrElec",9,9,11,"",0,0,0,0,0,0,0,0,0,0,0,0,0,0,0,0,0,0,0,0,0,507.153,0,49.0988,-556.252
"MtrElec",9,9,12,"",0.0000078,0,0,0,0,0,0,0,0,0,0,0,0,0,0,0,0,0,0,0,0,519.628,0,127.113,-646.741
"MtrElec",9,9,13,"",0,0,0,0,0,0,0,0,0,0,0,0,0,0,0,0,0,0,0,0,0,535.911,0,143.92,-679.831
"MtrElec",9,9,14,"",0,0,0,0,0,0,0,0,0,0,0,0,0,0,0,0,0,0,0,0,0,473.339,0,207.138,-680.477
"MtrElec",9,9,15,"",0,0,0,0,0,0,0,0,0,0,0,0,0,0,0,0,0,0,0,0,0,453.494,0,182.947,-636.441
"MtrElec",9,9,16,"",0,0,0,0,0,0,0,0,0,0,0,0,0,0,0,0,0,0,0,0,0,483.282,0,49.1231,-532.405
"MtrElec",9,9,17,"",110.99,0,0,0,0,0,0,0,0,0,0,0,0,0,0,0,0,0,0,0,0,494.194,0,0,-383.203
"MtrElec",9,9,18,"",345.849,0,0,0,0,0,0,0,0,0,0,0,0,0,0,0,0,0,0,0,0,543.629,0,0,-197.78
"MtrElec",9,9,19,"",246.924,0,0,0,0,0,0,0,0,0,0,0,0,0,0,0,0,0,0,0,0,498.773,0,-223.217,-28.632
"MtrElec",9,9,20,"",252.78,0,0,0,0,0,0,0,0,0,0,0,0,0,0,0,0,0,0,0,0,475.997,0,-223.217,0
"MtrElec",9,9,21,"",241.871,0,0,0,0,0,0,0,0,0,0,0,0,0,0,0,0,0,0,0,0,465.088,0,-223.217,0
"MtrElec",9,9,22,"",290.269,0,0,0,0,0,0,0,0,0,0,0,0,0,0,0,0,0,0,0,0,305.923,0,-15.6543,0
"MtrElec",9,9,23,"",302.233,0,0,0,0,0,0,0,0,0,0,0,0,0,0,0,0,0,0,0,0,302.233,0,0,0
"MtrElec",9,9,24,"",219.231,0,0,0,0,0,0,0,0,0,0,0,0,0,0,0,0,0,0,0,0,219.231,0,0,0
"MtrElec",9,10,1,"",163.955,0,0,0,0,0,0,0,0,0,0,0,0,0,0,0,0,0,0,0,0,163.955,0,0,0
"MtrElec",9,10,2,"",156.241,0,0,0,0,0,0,0,0,0,0,0,0,0,0,0,0,0,0,0,0,156.241,0,0,0
"MtrElec",9,10,3,"",189.74,0,0,0,0,0,0,0,0,0,0,0,0,0,0,0,0,0,0,0,0,189.74,0,0,0
"MtrElec",9,10,4,"",154.696,0,0,0,0,0,0,0,0,0,0,0,0,0,0,0,0,0,0,0,0,154.696,0,0,0
"MtrElec",9,10,5,"",151.614,0,0,0,0,0,0,0,0,0,0,0,0,0,0,0,0,0,0,0,0,151.614,0,0,0
"MtrElec",9,10,6,"",156.257,0,0,0,0,0,0,0,0,0,0,0,0,0,0,0,0,0,0,0,0,156.257,0,0,0
"MtrElec",9,10,7,"",229.627,0,0,0,0,0,0,0,0,0,0,0,0,0,0,0,0,0,0,0,0,229.627,0,0,0
"MtrElec",9,10,8,"",246.802,0,0,0,0,0,0,0,0,0,0,0,0,0,0,0,0,0,0,0,0,334.715,0,0,-87.9126
"MtrElec",9,10,9,"",110.004,0,0,0,0,0,0,0,0,0,0,0,0,0,0,0,0,0,0,0,0,386.848,0,0,-276.844
"MtrElec",9,10,10,"",36.1623,0,0,0,0,0,0,0,0,0,0,0,0,0,0,0,0,0,0,0,0,484.998,0,0,-448.836
"MtrElec",9,10,11,"",0,0,0,0,0,0,0,0,0,0,0,0,0,0,0,0,0,0,0,0,0,517.751,0,53.2316,-570.983
"MtrElec",9,10,12,"",0,0,0,0,0,0,0,0,0,0,0,0,0,0,0,0,0,0,0,0,0,507.187,0,148.305,-655.493
"MtrElec",9,10,13,"",0.0000156,0,0,0,0,0,0,0,0,0,0,0,0,0,0,0,0,0,0,0,0,494.156,0,194.931,-689.087
"MtrElec",9,10,14,"",0.0000156,0,0,0,0,0,0,0,0,0,0,0,0,0,0,0,0,0,0,0,0,479.204,0,200.489,-679.693
"MtrElec",9,10,15,"",0.0000156,0,0,0,0,0,0,0,0,0,0,0,0,0,0,0,0,0,0,0,0,463.932,0,179.101,-643.032
"MtrElec",9,10,16,"",0.0000010,0,0,0,0,0,0,0,0,0,0,0,0,0,0,0,0,0,0,0,0,527.483,0,13.3539,-540.837
"MtrElec",9,10,17,"",135.511,0,0,0,0,0,0,0,0,0,0,0,0,0,0,0,0,0,0,0,0,523.501,0,0,-387.99
"MtrElec",9,10,18,"",355.803,0,0,0,0,0,0,0,0,0,0,0,0,0,0,0,0,0,0,0,0,556.94,0,0,-201.136
"MtrElec",9,10,19,"",245.164,0,0,0,0,0,0,0,0,0,0,0,0,0,0,0,0,0,0,0,0,494.924,0,-223.217,-26.5437
"MtrElec",9,10,20,"",223.576,0,0,0,0,0,0,0,0,0,0,0,0,0,0,0,0,0,0,0,0,446.792,0,-223.217,0
"MtrElec",9,10,21,"",228.51,0,0,0,0,0,0,0,0,0,0,0,0,0,0,0,0,0,0,0,0,451.726,0,-223.217,0
"MtrElec",9,10,22,"",295.024,0,0,0,0,0,0,0,0,0,0,0,0,0,0,0,0,0,0,0,0,337.817,0,-42.7928,0
"MtrElec",9,10,23,"",264.851,0,0,0,0,0,0,0,0,0,0,0,0,0,0,0,0,0,0,0,0,264.851,0,0,0
"MtrElec",9,10,24,"",241.799,0,0,0,0,0,0,0,0,0,0,0,0,0,0,0,0,0,0,0,0,241.799,0,0,0
"MtrElec",9,11,1,"",159.242,0,0,0,0,0,0,0,0,0,0,0,0,0,0,0,0,0,0,0,0,159.242,0,0,0
"MtrElec",9,11,2,"",154.905,0,0,0,0,0,0,0,0,0,0,0,0,0,0,0,0,0,0,0,0,154.905,0,0,0
"MtrElec",9,11,3,"",151.197,0,0,0,0,0,0,0,0,0,0,0,0,0,0,0,0,0,0,0,0,151.197,0,0,0
"MtrElec",9,11,4,"",152.202,0,0,0,0,0,0,0,0,0,0,0,0,0,0,0,0,0,0,0,0,152.202,0,0,0
"MtrElec",9,11,5,"",150.73,0,0,0,0,0,0,0,0,0,0,0,0,0,0,0,0,0,0,0,0,150.73,0,0,0
"MtrElec",9,11,6,"",190.249,0,0,0,0,0,0,0,0,0,0,0,0,0,0,0,0,0,0,0,0,190.249,0,0,0
"MtrElec",9,11,7,"",218.386,0,0,0,0,0,0,0,0,0,0,0,0,0,0,0,0,0,0,0,0,218.386,0,0,0
"MtrElec",9,11,8,"",264.006,0,0,0,0,0,0,0,0,0,0,0,0,0,0,0,0,0,0,0,0,332.66,0,0,-68.6537
"MtrElec",9,11,9,"",212.112,0,0,0,0,0,0,0,0,0,0,0,0,0,0,0,0,0,0,0,0,411.89,0,0,-199.778
"MtrElec",9,11,10,"",-25.1629,0,0,0,0,0,0,0,0,0,0,0,0,0,0,0,0,0,0,0,0,422.447,0,0,-447.61
"MtrElec",9,11,11,"",0,0,0,0,0,0,0,0,0,0,0,0,0,0,0,0,0,0,0,0,0,509.999,0,54.3513,-564.35
"MtrElec",9,11,12,"",0,0,0,0,0,0,0,0,0,0,0,0,0,0,0,0,0,0,0,0,0,531.929,0,119.277,-651.206
"MtrElec",9,11,13,"",0,0,0,0,0,0,0,0,0,0,0,0,0,0,0,0,0,0,0,0,0,523.04,0,173.533,-696.573
"MtrElec",9,11,14,"",0,0,0,0,0,0,0,0,0,0,0,0,0,0,0,0,0,0,0,0,0,469.255,0,222.928,-692.182
"MtrElec",9,11,15,"",0,0,0,0,0,0,0,0,0,0,0,0,0,0,0,0,0,0,0,0,0,440.002,0,195.847,-635.85
"MtrElec",9,11,16,"",-13.8974,0,0,0,0,0,0,0,0,0,0,0,0,0,0,0,0,0,0,0,0,489.997,0,32.9451,-536.839
"MtrElec",9,11,17,"",104.387,0,0,0,0,0,0,0,0,0,0,0,0,0,0,0,0,0,0,0,0,491.44,0,0,-387.053
"MtrElec",9,11,18,"",337.151,0,0,0,0,0,0,0,0,0,0,0,0,0,0,0,0,0,0,0,0,533.846,0,0,-196.695
"MtrElec",9,11,19,"",221.258,0,0,0,0,0,0,0,0,0,0,0,0,0,0,0,0,0,0,0,0,469.978,0,-223.217,-25.503
"MtrElec",9,11,20,"",199.711,0,0,0,0,0,0,0,0,0,0,0,0,0,0,0,0,0,0,0,0,422.928,0,-223.217,0
"MtrElec",9,11,21,"",231.161,0,0,0,0,0,0,0,0,0,0,0,0,0,0,0,0,0,0,0,0,454.378,0,-223.217,0
"MtrElec",9,11,22,"",235.583,0,0,0,0,0,0,0,0,0,0,0,0,0,0,0,0,0,0,0,0,286.923,0,-51.3398,0
"MtrElec",9,11,23,"",250.976,0,0,0,0,0,0,0,0,0,0,0,0,0,0,0,0,0,0,0,0,250.976,0,0,0
"MtrElec",9,11,24,"",233.603,0,0,0,0,0,0,0,0,0,0,0,0,0,0,0,0,0,0,0,0,233.603,0,0,0
"MtrElec",9,12,1,"",170.698,0,0,0,0,0,0,0,0,0,0,0,0,0,0,0,0,0,0,0,0,170.698,0,0,0
"MtrElec",9,12,2,"",153.63,0,0,0,0,0,0,0,0,0,0,0,0,0,0,0,0,0,0,0,0,153.63,0,0,0
"MtrElec",9,12,3,"",150.557,0,0,0,0,0,0,0,0,0,0,0,0,0,0,0,0,0,0,0,0,150.557,0,0,0
"MtrElec",9,12,4,"",151.949,0,0,0,0,0,0,0,0,0,0,0,0,0,0,0,0,0,0,0,0,151.949,0,0,0
"MtrElec",9,12,5,"",162.667,0,0,0,0,0,0,0,0,0,0,0,0,0,0,0,0,0,0,0,0,162.667,0,0,0
"MtrElec",9,12,6,"",153.82,0,0,0,0,0,0,0,0,0,0,0,0,0,0,0,0,0,0,0,0,153.82,0,0,0
"MtrElec",9,12,7,"",227.375,0,0,0,0,0,0,0,0,0,0,0,0,0,0,0,0,0,0,0,0,227.375,0,0,0
"MtrElec",9,12,8,"",239.513,0,0,0,0,0,0,0,0,0,0,0,0,0,0,0,0,0,0,0,0,259.067,0,0,-19.5549
"MtrElec",9,12,9,"",322.017,0,0,0,0,0,0,0,0,0,0,0,0,0,0,0,0,0,0,0,0,379.764,0,0,-57.7475
"MtrElec",9,12,10,"",277.873,0,0,0,0,0,0,0,0,0,0,0,0,0,0,0,0,0,0,0,0,397.122,0,0,-119.249
"MtrElec",9,12,11,"",262.937,0,0,0,0,0,0,0,0,0,0,0,0,0,0,0,0,0,0,0,0,468.698,0,0,-205.762
"MtrElec",9,12,12,"",145.176,0,0,0,0,0,0,0,0,0,0,0,0,0,0,0,0,0,0,0,0,482.971,0,0,-337.796
"MtrElec",9,12,13,"",134.756,0,0,0,0,0,0,0,0,0,0,0,0,0,0,0,0,0,0,0,0,523.654,0,0,-388.898
"MtrElec",9,12,14,"",105.536,0,0,0,0,0,0,0,0,0,0,0,0,0,0,0,0,0,0,0,0,490.215,0,0,-384.679
"MtrElec",9,12,15,"",208.437,0,0,0,0,0,0,0,0,0,0,0,0,0,0,0,0,0,0,0,0,524.391,0,0,-315.955
"MtrElec",9,12,16,"",218.393,0,0,0,0,0,0,0,0,0,0,0,0,0,0,0,0,0,0,0,0,471.568,0,0,-253.175
"MtrElec",9,12,17,"",334.977,0,0,0,0,0,0,0,0,0,0,0,0,0,0,0,0,0,0,0,0,514.517,0,0,-179.54
"MtrElec",9,12,18,"",355.252,0,0,0,0,0,0,0,0,0,0,0,0,0,0,0,0,0,0,0,0,471.336,0,0,-116.084
"MtrElec",9,12,19,"",450.297,0,0,0,0,0,0,0,0,0,0,0,0,0,0,0,0,0,0,0,0,477.392,0,0,-27.0959
"MtrElec",9,12,20,"",402.373,0,0,0,0,0,0,0,0,0,0,0,0,0,0,0,0,0,0,0,0,402.373,0,0,0
"MtrElec",9,12,21,"",380.167,0,0,0,0,0,0,0,0,0,0,0,0,0,0,0,0,0,0,0,0,380.167,0,0,0
"MtrElec",9,12,22,"",333.112,0,0,0,0,0,0,0,0,0,0,0,0,0,0,0,0,0,0,0,0,333.112,0,0,0
"MtrElec",9,12,23,"",252.659,0,0,0,0,0,0,0,0,0,0,0,0,0,0,0,0,0,0,0,0,252.659,0,0,0
"MtrElec",9,12,24,"",213.538,0,0,0,0,0,0,0,0,0,0,0,0,0,0,0,0,0,0,0,0,213.538,0,0,0
"MtrElec",9,13,1,"",173.488,0,0,0,0,0,0,0,0,0,0,0,0,0,0,0,0,0,0,0,0,173.488,0,0,0
"MtrElec",9,13,2,"",155.464,0,0,0,0,0,0,0,0,0,0,0,0,0,0,0,0,0,0,0,0,155.464,0,0,0
"MtrElec",9,13,3,"",155.445,0,0,0,0,0,0,0,0,0,0,0,0,0,0,0,0,0,0,0,0,155.445,0,0,0
"MtrElec",9,13,4,"",187.74,0,0,0,0,0,0,0,0,0,0,0,0,0,0,0,0,0,0,0,0,187.74,0,0,0
"MtrElec",9,13,5,"",185.639,0,0,0,0,0,0,0,0,0,0,0,0,0,0,0,0,0,0,0,0,185.639,0,0,0
"MtrElec",9,13,6,"",155.694,0,0,0,0,0,0,0,0,0,0,0,0,0,0,0,0,0,0,0,0,155.694,0,0,0
"MtrElec",9,13,7,"",158.836,0,0,0,0,0,0,0,0,0,0,0,0,0,0,0,0,0,0,0,0,158.836,0,0,0
"MtrElec",9,13,8,"",201.164,0,0,0,0,0,0,0,0,0,0,0,0,0,0,0,0,0,0,0,0,223.881,0,0,-22.7173
"MtrElec",9,13,9,"",208.177,0,0,0,0,0,0,0,0,0,0,0,0,0,0,0,0,0,0,0,0,288.245,0,0,-80.0675
"MtrElec",9,13,10,"",207.48,0,0,0,0,0,0,0,0,0,0,0,0,0,0,0,0,0,0,0,0,344.148,0,0,-136.668
"MtrElec",9,13,11,"",259.143,0,0,0,0,0,0,0,0,0,0,0,0,0,0,0,0,0,0,0,0,478.641,0,0,-219.499
"MtrElec",9,13,12,"",78.8431,0,0,0,0,0,0,0,0,0,0,0,0,0,0,0,0,0,0,0,0,375.042,0,0,-296.199
"MtrElec",9,13,13,"",65.2252,0,0,0,0,0,0,0,0,0,0,0,0,0,0,0,0,0,0,0,0,408.921,0,0,-343.696
"MtrElec",9,13,14,"",47.6166,0,0,0,0,0,0,0,0,0,0,0,0,0,0,0,0,0,0,0,0,386.821,0,0,-339.204
"MtrElec",9,13,15,"",0,0,0,0,0,0,0,0,0,0,0,0,0,0,0,0,0,0,0,0,0,392.754,0,30.5837,-423.338
"MtrElec",9,13,16,"",12.3868,0,0,0,0,0,0,0,0,0,0,0,0,0,0,0,0,0,0,0,0,393.096,0,0,-380.709
"MtrElec",9,13,17,"",37.2445,0,0,0,0,0,0,0,0,0,0,0,0,0,0,0,0,0,0,0,0,398.405,0,0,-361.16
"MtrElec",9,13,18,"",192.749,0,0,0,0,0,0,0,0,0,0,0,0,0,0,0,0,0,0,0,0,385.053,0,0,-192.304
"MtrElec",9,13,19,"",359.866,0,0,0,0,0,0,0,0,0,0,0,0,0,0,0,0,0,0,0,0,411.518,0,-27.6018,-24.0503
"MtrElec",9,13,20,"",341.337,0,0,0,0,0,0,0,0,0,0,0,0,0,0,0,0,0,0,0,0,341.337,0,0,0
"MtrElec",9,13,21,"",339.68,0,0,0,0,0,0,0,0,0,0,0,0,0,0,0,0,0,0,0,0,339.68,0,0,0
"MtrElec",9,13,22,"",337.657,0,0,0,0,0,0,0,0,0,0,0,0,0,0,0,0,0,0,0,0,337.657,0,0,0
"MtrElec",9,13,23,"",193.591,0,0,0,0,0,0,0,0,0,0,0,0,0,0,0,0,0,0,0,0,193.591,0,0,0
"MtrElec",9,13,24,"",214.46,0,0,0,0,0,0,0,0,0,0,0,0,0,0,0,0,0,0,0,0,214.46,0,0,0
"MtrElec",9,14,1,"",164.385,0,0,0,0,0,0,0,0,0,0,0,0,0,0,0,0,0,0,0,0,164.385,0,0,0
"MtrElec",9,14,2,"",155.583,0,0,0,0,0,0,0,0,0,0,0,0,0,0,0,0,0,0,0,0,155.583,0,0,0
"MtrElec",9,14,3,"",151.499,0,0,0,0,0,0,0,0,0,0,0,0,0,0,0,0,0,0,0,0,151.499,0,0,0
"MtrElec",9,14,4,"",149.632,0,0,0,0,0,0,0,0,0,0,0,0,0,0,0,0,0,0,0,0,149.632,0,0,0
"MtrElec",9,14,5,"",145.657,0,0,0,0,0,0,0,0,0,0,0,0,0,0,0,0,0,0,0,0,145.657,0,0,0
"MtrElec",9,14,6,"",166.49,0,0,0,0,0,0,0,0,0,0,0,0,0,0,0,0,0,0,0,0,166.49,0,0,0
"MtrElec",9,14,7,"",218.849,0,0,0,0,0,0,0,0,0,0,0,0,0,0,0,0,0,0,0,0,218.929,0,0,-0.0807552
"MtrElec",9,14,8,"",213.974,0,0,0,0,0,0,0,0,0,0,0,0,0,0,0,0,0,0,0,0,291.967,0,0,-77.993
"MtrElec",9,14,9,"",140.037,0,0,0,0,0,0,0,0,0,0,0,0,0,0,0,0,0,0,0,0,367.702,0,0,-227.665
"MtrElec",9,14,10,"",1.47769,0,0,0,0,0,0,0,0,0,0,0,0,0,0,0,0,0,0,0,0,456.613,0,0,-455.135
"MtrElec",9,14,11,"",0,0,0,0,0,0,0,0,0,0,0,0,0,0,0,0,0,0,0,0,0,458.223,0,122.142,-580.366
"MtrElec",9,14,12,"",0,0,0,0,0,0,0,0,0,0,0,0,0,0,0,0,0,0,0,0,0,460.455,0,192.298,-652.752
"MtrElec",9,14,13,"",-21.9019,0,0,0,0,0,0,0,0,0,0,0,0,0,0,0,0,0,0,0,0,447.994,0,223.217,-693.112
"MtrElec",9,14,14,"",-8.95431,0,0,0,0,0,0,0,0,0,0,0,0,0,0,0,0,0,0,0,0,406.734,0,223.217,-638.905
"MtrElec",9,14,15,"",-163.239,0,0,0,0,0,0,0,0,0,0,0,0,0,0,0,0,0,0,0,0,377.731,0,38.0077,-578.977
"MtrElec",9,14,16,"",-60.6406,0,0,0,0,0,0,0,0,0,0,0,0,0,0,0,0,0,0,0,0,424.378,0,0,-485.019
"MtrElec",9,14,17,"",53.3513,0,0,0,0,0,0,0,0,0,0,0,0,0,0,0,0,0,0,0,0,428.814,0,0,-375.463
"MtrElec",9,14,18,"",269.832,0,0,0,0,0,0,0,0,0,0,0,0,0,0,0,0,0,0,0,0,461.181,0,0,-191.35
"MtrElec",9,14,19,"",186.924,0,0,0,0,0,0,0,0,0,0,0,0,0,0,0,0,0,0,0,0,433.676,0,-223.217,-23.5352
"MtrElec",9,14,20,"",203.461,0,0,0,0,0,0,0,0,0,0,0,0,0,0,0,0,0,0,0,0,426.678,0,-223.217,0
"MtrElec",9,14,21,"",173.052,0,0,0,0,0,0,0,0,0,0,0,0,0,0,0,0,0,0,0,0,396.269,0,-223.217,0
"MtrElec",9,14,22,"",254.85,0,0,0,0,0,0,0,0,0,0,0,0,0,0,0,0,0,0,0,0,306.189,0,-51.3398,0
"MtrElec",9,14,23,"",278.467,0,0,0,0,0,0,0,0,0,0,0,0,0,0,0,0,0,0,0,0,278.467,0,0,0
"MtrElec",9,14,24,"",200.233,0,0,0,0,0,0,0,0,0,0,0,0,0,0,0,0,0,0,0,0,200.233,0,0,0
"MtrElec",9,15,1,"",162.38,0,0,0,0,0,0,0,0,0,0,0,0,0,0,0,0,0,0,0,0,162.38,0,0,0
"MtrElec",9,15,2,"",153.992,0,0,0,0,0,0,0,0,0,0,0,0,0,0,0,0,0,0,0,0,153.992,0,0,0
"MtrElec",9,15,3,"",147.004,0,0,0,0,0,0,0,0,0,0,0,0,0,0,0,0,0,0,0,0,147.004,0,0,0
"MtrElec",9,15,4,"",148.77,0,0,0,0,0,0,0,0,0,0,0,0,0,0,0,0,0,0,0,0,148.77,0,0,0
"MtrElec",9,15,5,"",145.997,0,0,0,0,0,0,0,0,0,0,0,0,0,0,0,0,0,0,0,0,145.997,0,0,0
"MtrElec",9,15,6,"",196.11,0,0,0,0,0,0,0,0,0,0,0,0,0,0,0,0,0,0,0,0,196.11,0,0,0
"MtrElec",9,15,7,"",210.961,0,0,0,0,0,0,0,0,0,0,0,0,0,0,0,0,0,0,0,0,210.981,0,0,-0.020161
"MtrElec",9,15,8,"",226.278,0,0,0,0,0,0,0,0,0,0,0,0,0,0,0,0,0,0,0,0,314.045,0,0,-87.7668
"MtrElec",9,15,9,"",88.1261,0,0,0,0,0,0,0,0,0,0,0,0,0,0,0,0,0,0,0,0,369.06,0,0,-280.934
"MtrElec",9,15,10,"",17.5753,0,0,0,0,0,0,0,0,0,0,0,0,0,0,0,0,0,0,0,0,468.698,0,0,-451.123
"MtrElec",9,15,11,"",0,0,0,0,0,0,0,0,0,0,0,0,0,0,0,0,0,0,0,0,0,470.589,0,101.772,-572.361
"MtrElec",9,15,12,"",0.0000156,0,0,0,0,0,0,0,0,0,0,0,0,0,0,0,0,0,0,0,0,472.888,0,176.625,-649.513
"MtrElec",9,15,13,"",0,0,0,0,0,0,0,0,0,0,0,0,0,0,0,0,0,0,0,0,0,553.016,0,124.846,-677.862
"MtrElec",9,15,14,"",-40.6296,0,0,0,0,0,0,0,0,0,0,0,0,0,0,0,0,0,0,0,0,416.203,0,223.217,-680.049
"MtrElec",9,15,15,"",0,0,0,0,0,0,0,0,0,0,0,0,0,0,0,0,0,0,0,0,0,470.401,0,166.587,-636.988
"MtrElec",9,15,16,"",-90.4696,0,0,0,0,0,0,0,0,0,0,0,0,0,0,0,0,0,0,0,0,437.447,0,5.8339,-533.75
"MtrElec",9,15,17,"",107.261,0,0,0,0,0,0,0,0,0,0,0,0,0,0,0,0,0,0,0,0,487.011,0,0,-379.75
"MtrElec",9,15,18,"",307.386,0,0,0,0,0,0,0,0,0,0,0,0,0,0,0,0,0,0,0,0,494.709,0,0,-187.323
"MtrElec",9,15,19,"",216.138,0,0,0,0,0,0,0,0,0,0,0,0,0,0,0,0,0,0,0,0,461.345,0,-223.217,-21.99
"MtrElec",9,15,20,"",216.959,0,0,0,0,0,0,0,0,0,0,0,0,0,0,0,0,0,0,0,0,440.176,0,-223.217,0
"MtrElec",9,15,21,"",222.276,0,0,0,0,0,0,0,0,0,0,0,0,0,0,0,0,0,0,0,0,445.492,0,-223.217,0
"MtrElec",9,15,22,"",276.571,0,0,0,0,0,0,0,0,0,0,0,0,0,0,0,0,0,0,0,0,327.911,0,-51.3398,0
"MtrElec",9,15,23,"",279.34,0,0,0,0,0,0,0,0,0,0,0,0,0,0,0,0,0,0,0,0,279.34,0,0,0
"MtrElec",9,15,24,"",216.519,0,0,0,0,0,0,0,0,0,0,0,0,0,0,0,0,0,0,0,0,216.519,0,0,0
"MtrElec",9,16,1,"",163.257,0,0,0,0,0,0,0,0,0,0,0,0,0,0,0,0,0,0,0,0,163.257,0,0,0
"MtrElec",9,16,2,"",153.212,0,0,0,0,0,0,0,0,0,0,0,0,0,0,0,0,0,0,0,0,153.212,0,0,0
"MtrElec",9,16,3,"",147.995,0,0,0,0,0,0,0,0,0,0,0,0,0,0,0,0,0,0,0,0,147.995,0,0,0
"MtrElec",9,16,4,"",149.534,0,0,0,0,0,0,0,0,0,0,0,0,0,0,0,0,0,0,0,0,149.534,0,0,0
"MtrElec",9,16,5,"",145.471,0,0,0,0,0,0,0,0,0,0,0,0,0,0,0,0,0,0,0,0,145.471,0,0,0
"MtrElec",9,16,6,"",185.25,0,0,0,0,0,0,0,0,0,0,0,0,0,0,0,0,0,0,0,0,185.25,0,0,0
"MtrElec",9,16,7,"",256.634,0,0,0,0,0,0,0,0,0,0,0,0,0,0,0,0,0,0,0,0,256.682,0,0,-0.0482312
"MtrElec",9,16,8,"",211.607,0,0,0,0,0,0,0,0,0,0,0,0,0,0,0,0,0,0,0,0,298.544,0,0,-86.9363
"MtrElec",9,16,9,"",91.2511,0,0,0,0,0,0,0,0,0,0,0,0,0,0,0,0,0,0,0,0,372.206,0,0,-280.955
"MtrElec",9,16,10,"",3.34272,0,0,0,0,0,0,0,0,0,0,0,0,0,0,0,0,0,0,0,0,454.105,0,0,-450.762
"MtrElec",9,16,11,"",0.0000078,0,0,0,0,0,0,0,0,0,0,0,0,0,0,0,0,0,0,0,0,488.704,0,81.8773,-570.581
"MtrElec",9,16,12,"",0.0000156,0,0,0,0,0,0,0,0,0,0,0,0,0,0,0,0,0,0,0,0,505.276,0,155.391,-660.667
"MtrElec",9,16,13,"",0,0,0,0,0,0,0,0,0,0,0,0,0,0,0,0,0,0,0,0,0,553.698,0,157.039,-710.737
"MtrElec",9,16,14,"",-39.8978,0,0,0,0,0,0,0,0,0,0,0,0,0,0,0,0,0,0,0,0,446.025,0,223.217,-709.139
"MtrElec",9,16,15,"",-53.8193,0,0,0,0,0,0,0,0,0,0,0,0,0,0,0,0,0,0,0,0,413.449,0,181.358,-648.626
"MtrElec",9,16,16,"",-84.225,0,0,0,0,0,0,0,0,0,0,0,0,0,0,0,0,0,0,0,0,447.151,0,0,-531.376
"MtrElec",9,16,17,"",114.723,0,0,0,0,0,0,0,0,0,0,0,0,0,0,0,0,0,0,0,0,488.779,0,0,-374.056
"MtrElec",9,16,18,"",361.947,0,0,0,0,0,0,0,0,0,0,0,0,0,0,0,0,0,0,0,0,543.769,0,0,-181.822
"MtrElec",9,16,19,"",208.904,0,0,0,0,0,0,0,0,0,0,0,0,0,0,0,0,0,0,0,0,453.054,0,-223.217,-20.9331
"MtrElec",9,16,20,"",231.127,0,0,0,0,0,0,0,0,0,0,0,0,0,0,0,0,0,0,0,0,454.343,0,-223.217,0
"MtrElec",9,16,21,"",236.999,0,0,0,0,0,0,0,0,0,0,0,0,0,0,0,0,0,0,0,0,460.216,0,-223.217,0
"MtrElec",9,16,22,"",245.83,0,0,0,0,0,0,0,0,0,0,0,0,0,0,0,0,0,0,0,0,297.169,0,-51.3398,0
"MtrElec",9,16,23,"",254.113,0,0,0,0,0,0,0,0,0,0,0,0,0,0,0,0,0,0,0,0,254.113,0,0,0
"MtrElec",9,16,24,"",208.881,0,0,0,0,0,0,0,0,0,0,0,0,0,0,0,0,0,0,0,0,208.881,0,0,0
"MtrElec",9,17,1,"",211.365,0,0,0,0,0,0,0,0,0,0,0,0,0,0,0,0,0,0,0,0,211.365,0,0,0
"MtrElec",9,17,2,"",155.78,0,0,0,0,0,0,0,0,0,0,0,0,0,0,0,0,0,0,0,0,155.78,0,0,0
"MtrElec",9,17,3,"",147.285,0,0,0,0,0,0,0,0,0,0,0,0,0,0,0,0,0,0,0,0,147.285,0,0,0
"MtrElec",9,17,4,"",148.675,0,0,0,0,0,0,0,0,0,0,0,0,0,0,0,0,0,0,0,0,148.675,0,0,0
"MtrElec",9,17,5,"",144.15,0,0,0,0,0,0,0,0,0,0,0,0,0,0,0,0,0,0,0,0,144.15,0,0,0
"MtrElec",9,17,6,"",168.654,0,0,0,0,0,0,0,0,0,0,0,0,0,0,0,0,0,0,0,0,168.654,0,0,0
"MtrElec",9,17,7,"",227.017,0,0,0,0,0,0,0,0,0,0,0,0,0,0,0,0,0,0,0,0,227.017,0,0,0
"MtrElec",9,17,8,"",225.328,0,0,0,0,0,0,0,0,0,0,0,0,0,0,0,0,0,0,0,0,308.154,0,0,-82.8261
"MtrElec",9,17,9,"",116.522,0,0,0,0,0,0,0,0,0,0,0,0,0,0,0,0,0,0,0,0,388.428,0,0,-271.905
"MtrElec",9,17,10,"",-18.6293,0,0,0,0,0,0,0,0,0,0,0,0,0,0,0,0,0,0,0,0,418.895,0,0,-437.524
"MtrElec",9,17,11,"",0,0,0,0,0,0,0,0,0,0,0,0,0,0,0,0,0,0,0,0,0,479.372,0,84.5887,-563.96
"MtrElec",9,17,12,"",0,0,0,0,0,0,0,0,0,0,0,0,0,0,0,0,0,0,0,0,0,515.752,0,127.18,-642.932
"MtrElec",9,17,13,"",0,0,0,0,0,0,0,0,0,0,0,0,0,0,0,0,0,0,0,0,0,550.723,0,114.681,-665.404
"MtrElec",9,17,14,"",0,0,0,0,0,0,0,0,0,0,0,0,0,0,0,0,0,0,0,0,0,457.203,0,210.278,-667.481
"MtrElec",9,17,15,"",0,0,0,0,0,0,0,0,0,0,0,0,0,0,0,0,0,0,0,0,0,469.091,0,158.299,-627.39
"MtrElec",9,17,16,"",0.0000005,0,0,0,0,0,0,0,0,0,0,0,0,0,0,0,0,0,0,0,0,515.578,0,6.81931,-522.397
"MtrElec",9,17,17,"",201.983,0,0,0,0,0,0,0,0,0,0,0,0,0,0,0,0,0,0,0,0,570.005,0,0,-368.022
"MtrElec",9,17,18,"",347.968,0,0,0,0,0,0,0,0,0,0,0,0,0,0,0,0,0,0,0,0,526.271,0,0,-178.303
"MtrElec",9,17,19,"",293.899,0,0,0,0,0,0,0,0,0,0,0,0,0,0,0,0,0,0,0,0,536.221,0,-223.217,-19.1053
"MtrElec",9,17,20,"",236.91,0,0,0,0,0,0,0,0,0,0,0,0,0,0,0,0,0,0,0,0,460.127,0,-223.217,0
"MtrElec",9,17,21,"",241.661,0,0,0,0,0,0,0,0,0,0,0,0,0,0,0,0,0,0,0,0,428.643,0,-186.982,0
"MtrElec",9,17,22,"",313.738,0,0,0,0,0,0,0,0,0,0,0,0,0,0,0,0,0,0,0,0,313.738,0,0,0
"MtrElec",9,17,23,"",252.199,0,0,0,0,0,0,0,0,0,0,0,0,0,0,0,0,0,0,0,0,252.199,0,0,0
"MtrElec",9,17,24,"",206.743,0,0,0,0,0,0,0,0,0,0,0,0,0,0,0,0,0,0,0,0,206.743,0,0,0
"MtrElec",9,18,1,"",160.245,0,0,0,0,0,0,0,0,0,0,0,0,0,0,0,0,0,0,0,0,160.245,0,0,0
"MtrElec",9,18,2,"",154.601,0,0,0,0,0,0,0,0,0,0,0,0,0,0,0,0,0,0,0,0,154.601,0,0,0
"MtrElec",9,18,3,"",151.916,0,0,0,0,0,0,0,0,0,0,0,0,0,0,0,0,0,0,0,0,151.916,0,0,0
"MtrElec",9,18,4,"",150.626,0,0,0,0,0,0,0,0,0,0,0,0,0,0,0,0,0,0,0,0,150.626,0,0,0
"MtrElec",9,18,5,"",150.883,0,0,0,0,0,0,0,0,0,0,0,0,0,0,0,0,0,0,0,0,150.883,0,0,0
"MtrElec",9,18,6,"",188.089,0,0,0,0,0,0,0,0,0,0,0,0,0,0,0,0,0,0,0,0,188.089,0,0,0
"MtrElec",9,18,7,"",222.046,0,0,0,0,0,0,0,0,0,0,0,0,0,0,0,0,0,0,0,0,222.046,0,0,0
"MtrElec",9,18,8,"",231.214,0,0,0,0,0,0,0,0,0,0,0,0,0,0,0,0,0,0,0,0,316.503,0,0,-85.2896
"MtrElec",9,18,9,"",77.4469,0,0,0,0,0,0,0,0,0,0,0,0,0,0,0,0,0,0,0,0,356.548,0,0,-279.101
"MtrElec",9,18,10,"",96.2606,0,0,0,0,0,0,0,0,0,0,0,0,0,0,0,0,0,0,0,0,496.613,0,0,-400.352
"MtrElec",9,18,11,"",2.90337,0,0,0,0,0,0,0,0,0,0,0,0,0,0,0,0,0,0,0,0,495.508,0,0,-492.604
"MtrElec",9,18,12,"",0.0000039,0,0,0,0,0,0,0,0,0,0,0,0,0,0,0,0,0,0,0,0,543.636,0,55.1413,-598.777
"MtrElec",9,18,13,"",0,0,0,0,0,0,0,0,0,0,0,0,0,0,0,0,0,0,0,0,0,621.439,0,10.0991,-631.539
"MtrElec",9,18,14,"",0,0,0,0,0,0,0,0,0,0,0,0,0,0,0,0,0,0,0,0,0,504.086,0,114.926,-619.011
"MtrElec",9,18,15,"",0,0,0,0,0,0,0,0,0,0,0,0,0,0,0,0,0,0,0,0,0,560.277,0,36.2118,-596.489
"MtrElec",9,18,16,"",44.6529,0,0,0,0,0,0,0,0,0,0,0,0,0,0,0,0,0,0,0,0,549.802,0,0,-505.149
"MtrElec",9,18,17,"",227.29,0,0,0,0,0,0,0,0,0,0,0,0,0,0,0,0,0,0,0,0,580.542,0,0,-353.252
"MtrElec",9,18,18,"",415.988,0,0,0,0,0,0,0,0,0,0,0,0,0,0,0,0,0,0,0,0,583.626,0,0,-167.638
"MtrElec",9,18,19,"",306.711,0,0,0,0,0,0,0,0,0,0,0,0,0,0,0,0,0,0,0,0,519.505,0,-195.281,-17.5135
"MtrElec",9,18,20,"",493.017,0,0,0,0,0,0,0,0,0,0,0,0,0,0,0,0,0,0,0,0,493.017,0,0,0
"MtrElec",9,18,21,"",472.424,0,0,0,0,0,0,0,0,0,0,0,0,0,0,0,0,0,0,0,0,472.424,0,0,0
"MtrElec",9,18,22,"",317.836,0,0,0,0,0,0,0,0,0,0,0,0,0,0,0,0,0,0,0,0,317.836,0,0,0
"MtrElec",9,18,23,"",295.909,0,0,0,0,0,0,0,0,0,0,0,0,0,0,0,0,0,0,0,0,295.909,0,0,0
"MtrElec",9,18,24,"",273.258,0,0,0,0,0,0,0,0,0,0,0,0,0,0,0,0,0,0,0,0,273.258,0,0,0
"MtrElec",9,19,1,"",165.935,0,0,0,0,0,0,0,0,0,0,0,0,0,0,0,0,0,0,0,0,165.935,0,0,0
"MtrElec",9,19,2,"",152.457,0,0,0,0,0,0,0,0,0,0,0,0,0,0,0,0,0,0,0,0,152.457,0,0,0
"MtrElec",9,19,3,"",151.575,0,0,0,0,0,0,0,0,0,0,0,0,0,0,0,0,0,0,0,0,151.575,0,0,0
"MtrElec",9,19,4,"",150.852,0,0,0,0,0,0,0,0,0,0,0,0,0,0,0,0,0,0,0,0,150.852,0,0,0
"MtrElec",9,19,5,"",146.037,0,0,0,0,0,0,0,0,0,0,0,0,0,0,0,0,0,0,0,0,146.037,0,0,0
"MtrElec",9,19,6,"",155.329,0,0,0,0,0,0,0,0,0,0,0,0,0,0,0,0,0,0,0,0,155.329,0,0,0
"MtrElec",9,19,7,"",216.826,0,0,0,0,0,0,0,0,0,0,0,0,0,0,0,0,0,0,0,0,216.826,0,0,0
"MtrElec",9,19,8,"",206.185,0,0,0,0,0,0,0,0,0,0,0,0,0,0,0,0,0,0,0,0,250.128,0,0,-43.9427
"MtrElec",9,19,9,"",185.373,0,0,0,0,0,0,0,0,0,0,0,0,0,0,0,0,0,0,0,0,309.064,0,0,-123.691
"MtrElec",9,19,10,"",178.28,0,0,0,0,0,0,0,0,0,0,0,0,0,0,0,0,0,0,0,0,420.058,0,0,-241.778
"MtrElec",9,19,11,"",66.9106,0,0,0,0,0,0,0,0,0,0,0,0,0,0,0,0,0,0,0,0,486.049,0,0,-419.139
"MtrElec",9,19,12,"",28.6583,0,0,0,0,0,0,0,0,0,0,0,0,0,0,0,0,0,0,0,0,564.027,0,0,-535.369
"MtrElec",9,19,13,"",149.811,0,0,0,0,0,0,0,0,0,0,0,0,0,0,0,0,0,0,0,0,623.265,0,0,-473.454
"MtrElec",9,19,14,"",465.393,0,0,0,0,0,0,0,0,0,0,0,0,0,0,0,0,0,0,0,0,530.229,0,0,-64.837
"MtrElec",9,19,15,"",333.649,0,0,0,0,0,0,0,0,0,0,0,0,0,0,0,0,0,0,0,0,519.631,0,0,-185.983
"MtrElec",9,19,16,"",156.454,0,0,0,0,0,0,0,0,0,0,0,0,0,0,0,0,0,0,0,0,506.044,0,0,-349.591
"MtrElec",9,19,17,"",406.009,0,0,0,0,0,0,0,0,0,0,0,0,0,0,0,0,0,0,0,0,469.995,0,0,-63.9859
"MtrElec",9,19,18,"",479.638,0,0,0,0,0,0,0,0,0,0,0,0,0,0,0,0,0,0,0,0,514.097,0,0,-34.4591
"MtrElec",9,19,19,"",575.391,0,0,0,0,0,0,0,0,0,0,0,0,0,0,0,0,0,0,0,0,578.487,0,0,-3.0964
"MtrElec",9,19,20,"",465.102,0,0,0,0,0,0,0,0,0,0,0,0,0,0,0,0,0,0,0,0,465.102,0,0,0
"MtrElec",9,19,21,"",355.832,0,0,0,0,0,0,0,0,0,0,0,0,0,0,0,0,0,0,0,0,355.832,0,0,0
"MtrElec",9,19,22,"",376.83,0,0,0,0,0,0,0,0,0,0,0,0,0,0,0,0,0,0,0,0,376.83,0,0,0
"MtrElec",9,19,23,"",291.469,0,0,0,0,0,0,0,0,0,0,0,0,0,0,0,0,0,0,0,0,291.469,0,0,0
"MtrElec",9,19,24,"",232.79,0,0,0,0,0,0,0,0,0,0,0,0,0,0,0,0,0,0,0,0,232.79,0,0,0
"MtrElec",9,20,1,"",184.47,0,0,0,0,0,0,0,0,0,0,0,0,0,0,0,0,0,0,0,0,184.47,0,0,0
"MtrElec",9,20,2,"",169.22,0,0,0,0,0,0,0,0,0,0,0,0,0,0,0,0,0,0,0,0,169.22,0,0,0
"MtrElec",9,20,3,"",167.614,0,0,0,0,0,0,0,0,0,0,0,0,0,0,0,0,0,0,0,0,167.614,0,0,0
"MtrElec",9,20,4,"",200.567,0,0,0,0,0,0,0,0,0,0,0,0,0,0,0,0,0,0,0,0,200.567,0,0,0
"MtrElec",9,20,5,"",207.206,0,0,0,0,0,0,0,0,0,0,0,0,0,0,0,0,0,0,0,0,207.206,0,0,0
"MtrElec",9,20,6,"",168.818,0,0,0,0,0,0,0,0,0,0,0,0,0,0,0,0,0,0,0,0,168.818,0,0,0
"MtrElec",9,20,7,"",184.765,0,0,0,0,0,0,0,0,0,0,0,0,0,0,0,0,0,0,0,0,184.765,0,0,0
"MtrElec",9,20,8,"",192.15,0,0,0,0,0,0,0,0,0,0,0,0,0,0,0,0,0,0,0,0,253.963,0,0,-61.8128
"MtrElec",9,20,9,"",156.206,0,0,0,0,0,0,0,0,0,0,0,0,0,0,0,0,0,0,0,0,352.027,0,0,-195.821
"MtrElec",9,20,10,"",58.4159,0,0,0,0,0,0,0,0,0,0,0,0,0,0,0,0,0,0,0,0,464.28,0,0,-405.864
"MtrElec",9,20,11,"",66.7225,0,0,0,0,0,0,0,0,0,0,0,0,0,0,0,0,0,0,0,0,585.342,0,0,-518.62
"MtrElec",9,20,12,"",19.3164,0,0,0,0,0,0,0,0,0,0,0,0,0,0,0,0,0,0,0,0,561.645,0,0,-542.329
"MtrElec",9,20,13,"",127.06,0,0,0,0,0,0,0,0,0,0,0,0,0,0,0,0,0,0,0,0,560.976,0,0,-433.916
"MtrElec",9,20,14,"",111.381,0,0,0,0,0,0,0,0,0,0,0,0,0,0,0,0,0,0,0,0,490.655,0,0,-379.275
"MtrElec",9,20,15,"",103.269,0,0,0,0,0,0,0,0,0,0,0,0,0,0,0,0,0,0,0,0,477.887,0,0,-374.619
"MtrElec",9,20,16,"",185.043,0,0,0,0,0,0,0,0,0,0,0,0,0,0,0,0,0,0,0,0,488.431,0,0,-303.387
"MtrElec",9,20,17,"",274.048,0,0,0,0,0,0,0,0,0,0,0,0,0,0,0,0,0,0,0,0,462.802,0,0,-188.754
"MtrElec",9,20,18,"",424.985,0,0,0,0,0,0,0,0,0,0,0,0,0,0,0,0,0,0,0,0,457.646,0,0,-32.6615
"MtrElec",9,20,19,"",496.796,0,0,0,0,0,0,0,0,0,0,0,0,0,0,0,0,0,0,0,0,498.411,0,0,-1.61502
"MtrElec",9,20,20,"",370.999,0,0,0,0,0,0,0,0,0,0,0,0,0,0,0,0,0,0,0,0,370.999,0,0,0
"MtrElec",9,20,21,"",315.562,0,0,0,0,0,0,0,0,0,0,0,0,0,0,0,0,0,0,0,0,315.562,0,0,0
"MtrElec",9,20,22,"",361.018,0,0,0,0,0,0,0,0,0,0,0,0,0,0,0,0,0,0,0,0,361.018,0,0,0
"MtrElec",9,20,23,"",273.334,0,0,0,0,0,0,0,0,0,0,0,0,0,0,0,0,0,0,0,0,273.334,0,0,0
"MtrElec",9,20,24,"",261.087,0,0,0,0,0,0,0,0,0,0,0,0,0,0,0,0,0,0,0,0,261.087,0,0,0
"MtrElec",9,21,1,"",196.868,0,0,0,0,0,0,0,0,0,0,0,0,0,0,0,0,0,0,0,0,196.868,0,0,0
"MtrElec",9,21,2,"",179.952,0,0,0,0,0,0,0,0,0,0,0,0,0,0,0,0,0,0,0,0,179.952,0,0,0
"MtrElec",9,21,3,"",168.647,0,0,0,0,0,0,0,0,0,0,0,0,0,0,0,0,0,0,0,0,168.647,0,0,0
"MtrElec",9,21,4,"",169.33,0,0,0,0,0,0,0,0,0,0,0,0,0,0,0,0,0,0,0,0,169.33,0,0,0
"MtrElec",9,21,5,"",165.297,0,0,0,0,0,0,0,0,0,0,0,0,0,0,0,0,0,0,0,0,165.297,0,0,0
"MtrElec",9,21,6,"",202.922,0,0,0,0,0,0,0,0,0,0,0,0,0,0,0,0,0,0,0,0,202.922,0,0,0
"MtrElec",9,21,7,"",310.279,0,0,0,0,0,0,0,0,0,0,0,0,0,0,0,0,0,0,0,0,310.279,0,0,0
"MtrElec",9,21,8,"",298.879,0,0,0,0,0,0,0,0,0,0,0,0,0,0,0,0,0,0,0,0,370.729,0,0,-71.8504
"MtrElec",9,21,9,"",232.091,0,0,0,0,0,0,0,0,0,0,0,0,0,0,0,0,0,0,0,0,476.239,0,0,-244.148
"MtrElec",9,21,10,"",164.467,0,0,0,0,0,0,0,0,0,0,0,0,0,0,0,0,0,0,0,0,568.118,0,0,-403.651
"MtrElec",9,21,11,"",84.2794,0,0,0,0,0,0,0,0,0,0,0,0,0,0,0,0,0,0,0,0,604.505,0,0,-520.226
"MtrElec",9,21,12,"",0,0,0,0,0,0,0,0,0,0,0,0,0,0,0,0,0,0,0,0,0,561.918,0,18.3938,-580.312
"MtrElec",9,21,13,"",0.0000039,0,0,0,0,0,0,0,0,0,0,0,0,0,0,0,0,0,0,0,0,566.026,0,46.2279,-612.254
"MtrElec",9,21,14,"",0,0,0,0,0,0,0,0,0,0,0,0,0,0,0,0,0,0,0,0,0,530.076,0,68.6821,-598.758
"MtrElec",9,21,15,"",0.0000039,0,0,0,0,0,0,0,0,0,0,0,0,0,0,0,0,0,0,0,0,506.416,0,65.4529,-571.869
"MtrElec",9,21,16,"",67.1387,0,0,0,0,0,0,0,0,0,0,0,0,0,0,0,0,0,0,0,0,544.291,0,0,-477.152
"MtrElec",9,21,17,"",233.038,0,0,0,0,0,0,0,0,0,0,0,0,0,0,0,0,0,0,0,0,558.083,0,0,-325.045
"MtrElec",9,21,18,"",441.137,0,0,0,0,0,0,0,0,0,0,0,0,0,0,0,0,0,0,0,0,590.259,0,0,-149.122
"MtrElec",9,21,19,"",342.906,0,0,0,0,0,0,0,0,0,0,0,0,0,0,0,0,0,0,0,0,537.525,0,-179.378,-15.2412
"MtrElec",9,21,20,"",505.614,0,0,0,0,0,0,0,0,0,0,0,0,0,0,0,0,0,0,0,0,505.614,0,0,0
"MtrElec",9,21,21,"",493.935,0,0,0,0,0,0,0,0,0,0,0,0,0,0,0,0,0,0,0,0,493.935,0,0,0
"MtrElec",9,21,22,"",368.712,0,0,0,0,0,0,0,0,0,0,0,0,0,0,0,0,0,0,0,0,368.712,0,0,0
"MtrElec",9,21,23,"",308.789,0,0,0,0,0,0,0,0,0,0,0,0,0,0,0,0,0,0,0,0,308.789,0,0,0
"MtrElec",9,21,24,"",273.961,0,0,0,0,0,0,0,0,0,0,0,0,0,0,0,0,0,0,0,0,273.961,0,0,0
"MtrElec",9,22,1,"",180.977,0,0,0,0,0,0,0,0,0,0,0,0,0,0,0,0,0,0,0,0,180.977,0,0,0
"MtrElec",9,22,2,"",157.552,0,0,0,0,0,0,0,0,0,0,0,0,0,0,0,0,0,0,0,0,157.552,0,0,0
"MtrElec",9,22,3,"",152.318,0,0,0,0,0,0,0,0,0,0,0,0,0,0,0,0,0,0,0,0,152.318,0,0,0
"MtrElec",9,22,4,"",151.943,0,0,0,0,0,0,0,0,0,0,0,0,0,0,0,0,0,0,0,0,151.943,0,0,0
"MtrElec",9,22,5,"",150.94,0,0,0,0,0,0,0,0,0,0,0,0,0,0,0,0,0,0,0,0,150.94,0,0,0
"MtrElec",9,22,6,"",204.629,0,0,0,0,0,0,0,0,0,0,0,0,0,0,0,0,0,0,0,0,204.629,0,0,0
"MtrElec",9,22,7,"",237.078,0,0,0,0,0,0,0,0,0,0,0,0,0,0,0,0,0,0,0,0,237.078,0,0,0
"MtrElec",9,22,8,"",259.736,0,0,0,0,0,0,0,0,0,0,0,0,0,0,0,0,0,0,0,0,334.481,0,0,-74.7451
"MtrElec",9,22,9,"",131.8,0,0,0,0,0,0,0,0,0,0,0,0,0,0,0,0,0,0,0,0,355.801,0,0,-224.001
"MtrElec",9,22,10,"",198.323,0,0,0,0,0,0,0,0,0,0,0,0,0,0,0,0,0,0,0,0,440.125,0,0,-241.802
"MtrElec",9,22,11,"",119.205,0,0,0,0,0,0,0,0,0,0,0,0,0,0,0,0,0,0,0,0,481.603,0,0,-362.398
"MtrElec",9,22,12,"",46.8269,0,0,0,0,0,0,0,0,0,0,0,0,0,0,0,0,0,0,0,0,481.651,0,0,-434.824
"MtrElec",9,22,13,"",0.0000156,0,0,0,0,0,0,0,0,0,0,0,0,0,0,0,0,0,0,0,0,483.268,0,166.721,-649.989
"MtrElec",9,22,14,"",-22.3462,0,0,0,0,0,0,0,0,0,0,0,0,0,0,0,0,0,0,0,0,445.059,0,223.217,-690.622
"MtrElec",9,22,15,"",0,0,0,0,0,0,0,0,0,0,0,0,0,0,0,0,0,0,0,0,0,457.449,0,178.985,-636.433
"MtrElec",9,22,16,"",0.0000039,0,0,0,0,0,0,0,0,0,0,0,0,0,0,0,0,0,0,0,0,493.109,0,34.343,-527.452
"MtrElec",9,22,17,"",134.752,0,0,0,0,0,0,0,0,0,0,0,0,0,0,0,0,0,0,0,0,506.754,0,0,-372.002
"MtrElec",9,22,18,"",358.698,0,0,0,0,0,0,0,0,0,0,0,0,0,0,0,0,0,0,0,0,532.905,0,0,-174.206
"MtrElec",9,22,19,"",259.14,0,0,0,0,0,0,0,0,0,0,0,0,0,0,0,0,0,0,0,0,496.79,0,-223.217,-14.4335
"MtrElec",9,22,20,"",241.858,0,0,0,0,0,0,0,0,0,0,0,0,0,0,0,0,0,0,0,0,465.075,0,-223.217,0
"MtrElec",9,22,21,"",352.737,0,0,0,0,0,0,0,0,0,0,0,0,0,0,0,0,0,0,0,0,450.751,0,-98.0136,0
"MtrElec",9,22,22,"",307.854,0,0,0,0,0,0,0,0,0,0,0,0,0,0,0,0,0,0,0,0,307.854,0,0,0
"MtrElec",9,22,23,"",259.183,0,0,0,0,0,0,0,0,0,0,0,0,0,0,0,0,0,0,0,0,259.183,0,0,0
"MtrElec",9,22,24,"",231.656,0,0,0,0,0,0,0,0,0,0,0,0,0,0,0,0,0,0,0,0,231.656,0,0,0
"MtrElec",9,23,1,"",190.706,0,0,0,0,0,0,0,0,0,0,0,0,0,0,0,0,0,0,0,0,190.706,0,0,0
"MtrElec",9,23,2,"",155.672,0,0,0,0,0,0,0,0,0,0,0,0,0,0,0,0,0,0,0,0,155.672,0,0,0
"MtrElec",9,23,3,"",148.296,0,0,0,0,0,0,0,0,0,0,0,0,0,0,0,0,0,0,0,0,148.296,0,0,0
"MtrElec",9,23,4,"",151.091,0,0,0,0,0,0,0,0,0,0,0,0,0,0,0,0,0,0,0,0,151.091,0,0,0
"MtrElec",9,23,5,"",148.554,0,0,0,0,0,0,0,0,0,0,0,0,0,0,0,0,0,0,0,0,148.554,0,0,0
"MtrElec",9,23,6,"",164.253,0,0,0,0,0,0,0,0,0,0,0,0,0,0,0,0,0,0,0,0,164.253,0,0,0
"MtrElec",9,23,7,"",231.324,0,0,0,0,0,0,0,0,0,0,0,0,0,0,0,0,0,0,0,0,231.324,0,0,0
"MtrElec",9,23,8,"",224.042,0,0,0,0,0,0,0,0,0,0,0,0,0,0,0,0,0,0,0,0,306.103,0,0,-82.0606
"MtrElec",9,23,9,"",100.608,0,0,0,0,0,0,0,0,0,0,0,0,0,0,0,0,0,0,0,0,379.171,0,0,-278.563
"MtrElec",9,23,10,"",-28.3975,0,0,0,0,0,0,0,0,0,0,0,0,0,0,0,0,0,0,0,0,430.114,0,0,-458.511
"MtrElec",9,23,11,"",0.0000078,0,0,0,0,0,0,0,0,0,0,0,0,0,0,0,0,0,0,0,0,457.138,0,119.393,-576.531
"MtrElec",9,23,12,"",0,0,0,0,0,0,0,0,0,0,0,0,0,0,0,0,0,0,0,0,0,502.066,0,139.801,-641.867
"MtrElec",9,23,13,"",0,0,0,0,0,0,0,0,0,0,0,0,0,0,0,0,0,0,0,0,0,513.493,0,171.801,-685.294
"MtrElec",9,23,14,"",-7.17344,0,0,0,0,0,0,0,0,0,0,0,0,0,0,0,0,0,0,0,0,457.268,0,223.217,-687.658
"MtrElec",9,23,15,"",-36.2969,0,0,0,0,0,0,0,0,0,0,0,0,0,0,0,0,0,0,0,0,445.796,0,144.67,-626.763
"MtrElec",9,23,16,"",-58.1127,0,0,0,0,0,0,0,0,0,0,0,0,0,0,0,0,0,0,0,0,457.694,0,0,-515.807
"MtrElec",9,23,17,"",137.166,0,0,0,0,0,0,0,0,0,0,0,0,0,0,0,0,0,0,0,0,495.282,0,0,-358.116
"MtrElec",9,23,18,"",351.022,0,0,0,0,0,0,0,0,0,0,0,0,0,0,0,0,0,0,0,0,513.561,0,0,-162.539
"MtrElec",9,23,19,"",250.016,0,0,0,0,0,0,0,0,0,0,0,0,0,0,0,0,0,0,0,0,487.192,0,-223.217,-13.9592
"MtrElec",9,23,20,"",252.859,0,0,0,0,0,0,0,0,0,0,0,0,0,0,0,0,0,0,0,0,476.075,0,-223.217,0
"MtrElec",9,23,21,"",225.729,0,0,0,0,0,0,0,0,0,0,0,0,0,0,0,0,0,0,0,0,448.945,0,-223.217,0
"MtrElec",9,23,22,"",300.397,0,0,0,0,0,0,0,0,0,0,0,0,0,0,0,0,0,0,0,0,351.737,0,-51.3398,0
"MtrElec",9,23,23,"",298.823,0,0,0,0,0,0,0,0,0,0,0,0,0,0,0,0,0,0,0,0,298.823,0,0,0
"MtrElec",9,23,24,"",216.039,0,0,0,0,0,0,0,0,0,0,0,0,0,0,0,0,0,0,0,0,216.039,0,0,0
"MtrElec",9,24,1,"",188.123,0,0,0,0,0,0,0,0,0,0,0,0,0,0,0,0,0,0,0,0,188.123,0,0,0
"MtrElec",9,24,2,"",157.401,0,0,0,0,0,0,0,0,0,0,0,0,0,0,0,0,0,0,0,0,157.401,0,0,0
"MtrElec",9,24,3,"",155.045,0,0,0,0,0,0,0,0,0,0,0,0,0,0,0,0,0,0,0,0,155.045,0,0,0
"MtrElec",9,24,4,"",156.425,0,0,0,0,0,0,0,0,0,0,0,0,0,0,0,0,0,0,0,0,156.425,0,0,0
"MtrElec",9,24,5,"",151.055,0,0,0,0,0,0,0,0,0,0,0,0,0,0,0,0,0,0,0,0,151.055,0,0,0
"MtrElec",9,24,6,"",178.827,0,0,0,0,0,0,0,0,0,0,0,0,0,0,0,0,0,0,0,0,178.827,0,0,0
"MtrElec",9,24,7,"",257.241,0,0,0,0,0,0,0,0,0,0,0,0,0,0,0,0,0,0,0,0,257.241,0,0,0
"MtrElec",9,24,8,"",218.266,0,0,0,0,0,0,0,0,0,0,0,0,0,0,0,0,0,0,0,0,297.095,0,0,-78.8289
"MtrElec",9,24,9,"",86.701,0,0,0,0,0,0,0,0,0,0,0,0,0,0,0,0,0,0,0,0,355.797,0,0,-269.096
"MtrElec",9,24,10,"",47.0147,0,0,0,0,0,0,0,0,0,0,0,0,0,0,0,0,0,0,0,0,480.119,0,0,-433.104
"MtrElec",9,24,11,"",0,0,0,0,0,0,0,0,0,0,0,0,0,0,0,0,0,0,0,0,0,543.823,0,3.52612,-547.35
"MtrElec",9,24,12,"",0,0,0,0,0,0,0,0,0,0,0,0,0,0,0,0,0,0,0,0,0,501.885,0,131.421,-633.306
"MtrElec",9,24,13,"",0.0000156,0,0,0,0,0,0,0,0,0,0,0,0,0,0,0,0,0,0,0,0,537.777,0,138.047,-675.824
"MtrElec",9,24,14,"",0,0,0,0,0,0,0,0,0,0,0,0,0,0,0,0,0,0,0,0,0,475.891,0,191.876,-667.768
"MtrElec",9,24,15,"",0,0,0,0,0,0,0,0,0,0,0,0,0,0,0,0,0,0,0,0,0,471.38,0,134.778,-606.158
"MtrElec",9,24,16,"",37.1349,0,0,0,0,0,0,0,0,0,0,0,0,0,0,0,0,0,0,0,0,538.453,0,0,-501.318
"MtrElec",9,24,17,"",205.209,0,0,0,0,0,0,0,0,0,0,0,0,0,0,0,0,0,0,0,0,553.609,0,0,-348.4
"MtrElec",9,24,18,"",392.61,0,0,0,0,0,0,0,0,0,0,0,0,0,0,0,0,0,0,0,0,550.02,0,0,-157.41
"MtrElec",9,24,19,"",295.543,0,0,0,0,0,0,0,0,0,0,0,0,0,0,0,0,0,0,0,0,530.554,0,-223.217,-11.7943
"MtrElec",9,24,20,"",235.597,0,0,0,0,0,0,0,0,0,0,0,0,0,0,0,0,0,0,0,0,458.813,0,-223.217,0
"MtrElec",9,24,21,"",340.623,0,0,0,0,0,0,0,0,0,0,0,0,0,0,0,0,0,0,0,0,435.372,0,-94.7486,0
"MtrElec",9,24,22,"",328.002,0,0,0,0,0,0,0,0,0,0,0,0,0,0,0,0,0,0,0,0,328.002,0,0,0
"MtrElec",9,24,23,"",251.235,0,0,0,0,0,0,0,0,0,0,0,0,0,0,0,0,0,0,0,0,251.235,0,0,0
"MtrElec",9,24,24,"",248.67,0,0,0,0,0,0,0,0,0,0,0,0,0,0,0,0,0,0,0,0,248.67,0,0,0
"MtrElec",9,25,1,"",166.41,0,0,0,0,0,0,0,0,0,0,0,0,0,0,0,0,0,0,0,0,166.41,0,0,0
"MtrElec",9,25,2,"",167.625,0,0,0,0,0,0,0,0,0,0,0,0,0,0,0,0,0,0,0,0,167.625,0,0,0
"MtrElec",9,25,3,"",154.976,0,0,0,0,0,0,0,0,0,0,0,0,0,0,0,0,0,0,0,0,154.976,0,0,0
"MtrElec",9,25,4,"",148.78,0,0,0,0,0,0,0,0,0,0,0,0,0,0,0,0,0,0,0,0,148.78,0,0,0
"MtrElec",9,25,5,"",146.425,0,0,0,0,0,0,0,0,0,0,0,0,0,0,0,0,0,0,0,0,146.425,0,0,0
"MtrElec",9,25,6,"",161.64,0,0,0,0,0,0,0,0,0,0,0,0,0,0,0,0,0,0,0,0,161.64,0,0,0
"MtrElec",9,25,7,"",238.917,0,0,0,0,0,0,0,0,0,0,0,0,0,0,0,0,0,0,0,0,238.917,0,0,0
"MtrElec",9,25,8,"",246.879,0,0,0,0,0,0,0,0,0,0,0,0,0,0,0,0,0,0,0,0,325.91,0,0,-79.0312
"MtrElec",9,25,9,"",100.621,0,0,0,0,0,0,0,0,0,0,0,0,0,0,0,0,0,0,0,0,370.831,0,0,-270.21
"MtrElec",9,25,10,"",104.273,0,0,0,0,0,0,0,0,0,0,0,0,0,0,0,0,0,0,0,0,537.453,0,0,-433.18
"MtrElec",9,25,11,"",6.20756,0,0,0,0,0,0,0,0,0,0,0,0,0,0,0,0,0,0,0,0,551.873,0,0,-545.665
"MtrElec",9,25,12,"",0,0,0,0,0,0,0,0,0,0,0,0,0,0,0,0,0,0,0,0,0,538.808,0,77.5626,-616.37
"MtrElec",9,25,13,"",0,0,0,0,0,0,0,0,0,0,0,0,0,0,0,0,0,0,0,0,0,633.44,0,20.5399,-653.98
"MtrElec",9,25,14,"",0,0,0,0,0,0,0,0,0,0,0,0,0,0,0,0,0,0,0,0,0,544.905,0,108.104,-653.009
"MtrElec",9,25,15,"",0,0,0,0,0,0,0,0,0,0,0,0,0,0,0,0,0,0,0,0,0,592.109,0,3.07519,-595.184
"MtrElec",9,25,16,"",65.9462,0,0,0,0,0,0,0,0,0,0,0,0,0,0,0,0,0,0,0,0,552.429,0,0,-486.483
"MtrElec",9,25,17,"",286.255,0,0,0,0,0,0,0,0,0,0,0,0,0,0,0,0,0,0,0,0,620.248,0,0,-333.994
"MtrElec",9,25,18,"",441.395,0,0,0,0,0,0,0,0,0,0,0,0,0,0,0,0,0,0,0,0,588.785,0,0,-147.391
"MtrElec",9,25,19,"",369.777,0,0,0,0,0,0,0,0,0,0,0,0,0,0,0,0,0,0,0,0,568.974,0,-188.877,-10.3205
"MtrElec",9,25,20,"",499.07,0,0,0,0,0,0,0,0,0,0,0,0,0,0,0,0,0,0,0,0,499.07,0,0,0
"MtrElec",9,25,21,"",473.851,0,0,0,0,0,0,0,0,0,0,0,0,0,0,0,0,0,0,0,0,473.851,0,0,0
"MtrElec",9,25,22,"",352.3,0,0,0,0,0,0,0,0,0,0,0,0,0,0,0,0,0,0,0,0,352.3,0,0,0
"MtrElec",9,25,23,"",303.894,0,0,0,0,0,0,0,0,0,0,0,0,0,0,0,0,0,0,0,0,303.894,0,0,0
"MtrElec",9,25,24,"",229.246,0,0,0,0,0,0,0,0,0,0,0,0,0,0,0,0,0,0,0,0,229.246,0,0,0
"MtrElec",9,26,1,"",182.122,0,0,0,0,0,0,0,0,0,0,0,0,0,0,0,0,0,0,0,0,182.122,0,0,0
"MtrElec",9,26,2,"",166.698,0,0,0,0,0,0,0,0,0,0,0,0,0,0,0,0,0,0,0,0,166.698,0,0,0
"MtrElec",9,26,3,"",202.289,0,0,0,0,0,0,0,0,0,0,0,0,0,0,0,0,0,0,0,0,202.289,0,0,0
"MtrElec",9,26,4,"",164.963,0,0,0,0,0,0,0,0,0,0,0,0,0,0,0,0,0,0,0,0,164.963,0,0,0
"MtrElec",9,26,5,"",186.243,0,0,0,0,0,0,0,0,0,0,0,0,0,0,0,0,0,0,0,0,186.243,0,0,0
"MtrElec",9,26,6,"",166.295,0,0,0,0,0,0,0,0,0,0,0,0,0,0,0,0,0,0,0,0,166.295,0,0,0
"MtrElec",9,26,7,"",251.483,0,0,0,0,0,0,0,0,0,0,0,0,0,0,0,0,0,0,0,0,251.483,0,0,0
"MtrElec",9,26,8,"",194.575,0,0,0,0,0,0,0,0,0,0,0,0,0,0,0,0,0,0,0,0,273.799,0,0,-79.2239
"MtrElec",9,26,9,"",113.755,0,0,0,0,0,0,0,0,0,0,0,0,0,0,0,0,0,0,0,0,384.93,0,0,-271.175
"MtrElec",9,26,10,"",95.5111,0,0,0,0,0,0,0,0,0,0,0,0,0,0,0,0,0,0,0,0,531.168,0,0,-435.657
"MtrElec",9,26,11,"",157.378,0,0,0,0,0,0,0,0,0,0,0,0,0,0,0,0,0,0,0,0,706.296,0,0,-548.918
"MtrElec",9,26,12,"",83.4504,0,0,0,0,0,0,0,0,0,0,0,0,0,0,0,0,0,0,0,0,694.5,0,0,-611.05
"MtrElec",9,26,13,"",128.649,0,0,0,0,0,0,0,0,0,0,0,0,0,0,0,0,0,0,0,0,767.974,0,0,-639.325
"MtrElec",9,26,14,"",64.7831,0,0,0,0,0,0,0,0,0,0,0,0,0,0,0,0,0,0,0,0,696.087,0,0,-631.304
"MtrElec",9,26,15,"",137.698,0,0,0,0,0,0,0,0,0,0,0,0,0,0,0,0,0,0,0,0,712.963,0,0,-575.265
"MtrElec",9,26,16,"",255.05,0,0,0,0,0,0,0,0,0,0,0,0,0,0,0,0,0,0,0,0,668.199,0,0,-413.15
"MtrElec",9,26,17,"",385.386,0,0,0,0,0,0,0,0,0,0,0,0,0,0,0,0,0,0,0,0,663.17,0,0,-277.784
"MtrElec",9,26,18,"",547.831,0,0,0,0,0,0,0,0,0,0,0,0,0,0,0,0,0,0,0,0,679.545,0,0,-131.714
"MtrElec",9,26,19,"",691.658,0,0,0,0,0,0,0,0,0,0,0,0,0,0,0,0,0,0,0,0,700.587,0,0,-8.92909
"MtrElec",9,26,20,"",550.047,0,0,0,0,0,0,0,0,0,0,0,0,0,0,0,0,0,0,0,0,550.047,0,0,0
"MtrElec",9,26,21,"",489.895,0,0,0,0,0,0,0,0,0,0,0,0,0,0,0,0,0,0,0,0,489.895,0,0,0
"MtrElec",9,26,22,"",427.087,0,0,0,0,0,0,0,0,0,0,0,0,0,0,0,0,0,0,0,0,427.087,0,0,0
"MtrElec",9,26,23,"",309.407,0,0,0,0,0,0,0,0,0,0,0,0,0,0,0,0,0,0,0,0,309.407,0,0,0
"MtrElec",9,26,24,"",252.132,0,0,0,0,0,0,0,0,0,0,0,0,0,0,0,0,0,0,0,0,252.132,0,0,0
"MtrElec",9,27,1,"",199.995,0,0,0,0,0,0,0,0,0,0,0,0,0,0,0,0,0,0,0,0,199.995,0,0,0
"MtrElec",9,27,2,"",177.814,0,0,0,0,0,0,0,0,0,0,0,0,0,0,0,0,0,0,0,0,177.814,0,0,0
"MtrElec",9,27,3,"",176.723,0,0,0,0,0,0,0,0,0,0,0,0,0,0,0,0,0,0,0,0,176.723,0,0,0
"MtrElec",9,27,4,"",212.352,0,0,0,0,0,0,0,0,0,0,0,0,0,0,0,0,0,0,0,0,212.352,0,0,0
"MtrElec",9,27,5,"",195.051,0,0,0,0,0,0,0,0,0,0,0,0,0,0,0,0,0,0,0,0,195.051,0,0,0
"MtrElec",9,27,6,"",171.282,0,0,0,0,0,0,0,0,0,0,0,0,0,0,0,0,0,0,0,0,171.282,0,0,0
"MtrElec",9,27,7,"",185.659,0,0,0,0,0,0,0,0,0,0,0,0,0,0,0,0,0,0,0,0,185.659,0,0,0
"MtrElec",9,27,8,"",193.412,0,0,0,0,0,0,0,0,0,0,0,0,0,0,0,0,0,0,0,0,263.883,0,0,-70.4712
"MtrElec",9,27,9,"",117.342,0,0,0,0,0,0,0,0,0,0,0,0,0,0,0,0,0,0,0,0,364.857,0,0,-247.515
"MtrElec",9,27,10,"",10.0262,0,0,0,0,0,0,0,0,0,0,0,0,0,0,0,0,0,0,0,0,419.048,0,0,-409.022
"MtrElec",9,27,11,"",53.6742,0,0,0,0,0,0,0,0,0,0,0,0,0,0,0,0,0,0,0,0,584.23,0,0,-530.556
"MtrElec",9,27,12,"",0,0,0,0,0,0,0,0,0,0,0,0,0,0,0,0,0,0,0,0,0,545.71,0,51.0784,-596.789
"MtrElec",9,27,13,"",0,0,0,0,0,0,0,0,0,0,0,0,0,0,0,0,0,0,0,0,0,556.52,0,32.8921,-589.412
"MtrElec",9,27,14,"",0,0,0,0,0,0,0,0,0,0,0,0,0,0,0,0,0,0,0,0,0,567.442,0,24.5237,-591.966
"MtrElec",9,27,15,"",14.1046,0,0,0,0,0,0,0,0,0,0,0,0,0,0,0,0,0,0,0,0,584.715,0,0,-570.61
"MtrElec",9,27,16,"",78.7037,0,0,0,0,0,0,0,0,0,0,0,0,0,0,0,0,0,0,0,0,539.476,0,0,-460.773
"MtrElec",9,27,17,"",194.806,0,0,0,0,0,0,0,0,0,0,0,0,0,0,0,0,0,0,0,0,493.436,0,0,-298.63
"MtrElec",9,27,18,"",376.871,0,0,0,0,0,0,0,0,0,0,0,0,0,0,0,0,0,0,0,0,506.587,0,0,-129.716
"MtrElec",9,27,19,"",419.368,0,0,0,0,0,0,0,0,0,0,0,0,0,0,0,0,0,0,0,0,525.818,0,-97.916,-8.53398
"MtrElec",9,27,20,"",460.025,0,0,0,0,0,0,0,0,0,0,0,0,0,0,0,0,0,0,0,0,460.025,0,0,0
"MtrElec",9,27,21,"",358.517,0,0,0,0,0,0,0,0,0,0,0,0,0,0,0,0,0,0,0,0,358.517,0,0,0
"MtrElec",9,27,22,"",352.559,0,0,0,0,0,0,0,0,0,0,0,0,0,0,0,0,0,0,0,0,352.559,0,0,0
"MtrElec",9,27,23,"",297.596,0,0,0,0,0,0,0,0,0,0,0,0,0,0,0,0,0,0,0,0,297.596,0,0,0
"MtrElec",9,27,24,"",237.877,0,0,0,0,0,0,0,0,0,0,0,0,0,0,0,0,0,0,0,0,237.877,0,0,0
"MtrElec",9,28,1,"",207.931,0,0,0,0,0,0,0,0,0,0,0,0,0,0,0,0,0,0,0,0,207.931,0,0,0
"MtrElec",9,28,2,"",183.923,0,0,0,0,0,0,0,0,0,0,0,0,0,0,0,0,0,0,0,0,183.923,0,0,0
"MtrElec",9,28,3,"",172.401,0,0,0,0,0,0,0,0,0,0,0,0,0,0,0,0,0,0,0,0,172.401,0,0,0
"MtrElec",9,28,4,"",169.75,0,0,0,0,0,0,0,0,0,0,0,0,0,0,0,0,0,0,0,0,169.75,0,0,0
"MtrElec",9,28,5,"",164.739,0,0,0,0,0,0,0,0,0,0,0,0,0,0,0,0,0,0,0,0,164.739,0,0,0
"MtrElec",9,28,6,"",213.843,0,0,0,0,0,0,0,0,0,0,0,0,0,0,0,0,0,0,0,0,213.843,0,0,0
"MtrElec",9,28,7,"",295.635,0,0,0,0,0,0,0,0,0,0,0,0,0,0,0,0,0,0,0,0,295.635,0,0,0
"MtrElec",9,28,8,"",279.207,0,0,0,0,0,0,0,0,0,0,0,0,0,0,0,0,0,0,0,0,347.329,0,0,-68.1217
"MtrElec",9,28,9,"",230.196,0,0,0,0,0,0,0,0,0,0,0,0,0,0,0,0,0,0,0,0,472.547,0,0,-242.352
"MtrElec",9,28,10,"",140.248,0,0,0,0,0,0,0,0,0,0,0,0,0,0,0,0,0,0,0,0,540.596,0,0,-400.348
"MtrElec",9,28,11,"",56.0489,0,0,0,0,0,0,0,0,0,0,0,0,0,0,0,0,0,0,0,0,570.786,0,0,-514.737
"MtrElec",9,28,12,"",0,0,0,0,0,0,0,0,0,0,0,0,0,0,0,0,0,0,0,0,0,582.357,0,9.05419,-591.411
"MtrElec",9,28,13,"",0,0,0,0,0,0,0,0,0,0,0,0,0,0,0,0,0,0,0,0,0,583.261,0,44.6046,-627.866
"MtrElec",9,28,14,"",0,0,0,0,0,0,0,0,0,0,0,0,0,0,0,0,0,0,0,0,0,523.927,0,99.2681,-623.195
"MtrElec",9,28,15,"",0,0,0,0,0,0,0,0,0,0,0,0,0,0,0,0,0,0,0,0,0,553.081,0,2.71719,-555.798
"MtrElec",9,28,16,"",96.6859,0,0,0,0,0,0,0,0,0,0,0,0,0,0,0,0,0,0,0,0,542.093,0,0,-445.408
"MtrElec",9,28,17,"",297.023,0,0,0,0,0,0,0,0,0,0,0,0,0,0,0,0,0,0,0,0,591.423,0,0,-294.4
"MtrElec",9,28,18,"",478.181,0,0,0,0,0,0,0,0,0,0,0,0,0,0,0,0,0,0,0,0,598.046,0,0,-119.865
"MtrElec",9,28,19,"",415.166,0,0,0,0,0,0,0,0,0,0,0,0,0,0,0,0,0,0,0,0,563.904,0,-140.469,-8.26869
"MtrElec",9,28,20,"",555.275,0,0,0,0,0,0,0,0,0,0,0,0,0,0,0,0,0,0,0,0,555.275,0,0,0
"MtrElec",9,28,21,"",522.187,0,0,0,0,0,0,0,0,0,0,0,0,0,0,0,0,0,0,0,0,522.187,0,0,0
"MtrElec",9,28,22,"",364.017,0,0,0,0,0,0,0,0,0,0,0,0,0,0,0,0,0,0,0,0,364.017,0,0,0
"MtrElec",9,28,23,"",312.832,0,0,0,0,0,0,0,0,0,0,0,0,0,0,0,0,0,0,0,0,312.832,0,0,0
"MtrElec",9,28,24,"",228.828,0,0,0,0,0,0,0,0,0,0,0,0,0,0,0,0,0,0,0,0,228.828,0,0,0
"MtrElec",9,29,1,"",190.598,0,0,0,0,0,0,0,0,0,0,0,0,0,0,0,0,0,0,0,0,190.598,0,0,0
"MtrElec",9,29,2,"",176.9,0,0,0,0,0,0,0,0,0,0,0,0,0,0,0,0,0,0,0,0,176.9,0,0,0
"MtrElec",9,29,3,"",201.281,0,0,0,0,0,0,0,0,0,0,0,0,0,0,0,0,0,0,0,0,201.281,0,0,0
"MtrElec",9,29,4,"",169.183,0,0,0,0,0,0,0,0,0,0,0,0,0,0,0,0,0,0,0,0,169.183,0,0,0
"MtrElec",9,29,5,"",161.894,0,0,0,0,0,0,0,0,0,0,0,0,0,0,0,0,0,0,0,0,161.894,0,0,0
"MtrElec",9,29,6,"",168.219,0,0,0,0,0,0,0,0,0,0,0,0,0,0,0,0,0,0,0,0,168.219,0,0,0
"MtrElec",9,29,7,"",300.734,0,0,0,0,0,0,0,0,0,0,0,0,0,0,0,0,0,0,0,0,300.734,0,0,0
"MtrElec",9,29,8,"",291.587,0,0,0,0,0,0,0,0,0,0,0,0,0,0,0,0,0,0,0,0,359.281,0,0,-67.694
"MtrElec",9,29,9,"",222.866,0,0,0,0,0,0,0,0,0,0,0,0,0,0,0,0,0,0,0,0,463.887,0,0,-241.021
"MtrElec",9,29,10,"",191.987,0,0,0,0,0,0,0,0,0,0,0,0,0,0,0,0,0,0,0,0,590.873,0,0,-398.887
"MtrElec",9,29,11,"",150.987,0,0,0,0,0,0,0,0,0,0,0,0,0,0,0,0,0,0,0,0,664.794,0,0,-513.807
"MtrElec",9,29,12,"",46.8609,0,0,0,0,0,0,0,0,0,0,0,0,0,0,0,0,0,0,0,0,637.21,0,0,-590.349
"MtrElec",9,29,13,"",5.888,0,0,0,0,0,0,0,0,0,0,0,0,0,0,0,0,0,0,0,0,640.704,0,0,-634.816
"MtrElec",9,29,14,"",0,0,0,0,0,0,0,0,0,0,0,0,0,0,0,0,0,0,0,0,0,537.497,0,94.5548,-632.052
"MtrElec",9,29,15,"",0,0,0,0,0,0,0,0,0,0,0,0,0,0,0,0,0,0,0,0,0,532.768,0,37.7845,-570.553
"MtrElec",9,29,16,"",123.969,0,0,0,0,0,0,0,0,0,0,0,0,0,0,0,0,0,0,0,0,582.759,0,0,-458.79
"MtrElec",9,29,17,"",289.711,0,0,0,0,0,0,0,0,0,0,0,0,0,0,0,0,0,0,0,0,598.51,0,0,-308.799
"MtrElec",9,29,18,"",438.575,0,0,0,0,0,0,0,0,0,0,0,0,0,0,0,0,0,0,0,0,567.197,0,0,-128.622
"MtrElec",9,29,19,"",383.138,0,0,0,0,0,0,0,0,0,0,0,0,0,0,0,0,0,0,0,0,509.743,0,-119.436,-7.16913
"MtrElec",9,29,20,"",524.125,0,0,0,0,0,0,0,0,0,0,0,0,0,0,0,0,0,0,0,0,524.125,0,0,0
"MtrElec",9,29,21,"",461.83,0,0,0,0,0,0,0,0,0,0,0,0,0,0,0,0,0,0,0,0,461.83,0,0,0
"MtrElec",9,29,22,"",352.423,0,0,0,0,0,0,0,0,0,0,0,0,0,0,0,0,0,0,0,0,352.423,0,0,0
"MtrElec",9,29,23,"",304.543,0,0,0,0,0,0,0,0,0,0,0,0,0,0,0,0,0,0,0,0,304.543,0,0,0
"MtrElec",9,29,24,"",224.105,0,0,0,0,0,0,0,0,0,0,0,0,0,0,0,0,0,0,0,0,224.105,0,0,0
"MtrElec",9,30,1,"",170.957,0,0,0,0,0,0,0,0,0,0,0,0,0,0,0,0,0,0,0,0,170.957,0,0,0
"MtrElec",9,30,2,"",162.904,0,0,0,0,0,0,0,0,0,0,0,0,0,0,0,0,0,0,0,0,162.904,0,0,0
"MtrElec",9,30,3,"",155.853,0,0,0,0,0,0,0,0,0,0,0,0,0,0,0,0,0,0,0,0,155.853,0,0,0
"MtrElec",9,30,4,"",154.229,0,0,0,0,0,0,0,0,0,0,0,0,0,0,0,0,0,0,0,0,154.229,0,0,0
"MtrElec",9,30,5,"",150.752,0,0,0,0,0,0,0,0,0,0,0,0,0,0,0,0,0,0,0,0,150.752,0,0,0
"MtrElec",9,30,6,"",204.876,0,0,0,0,0,0,0,0,0,0,0,0,0,0,0,0,0,0,0,0,204.876,0,0,0
"MtrElec",9,30,7,"",239.514,0,0,0,0,0,0,0,0,0,0,0,0,0,0,0,0,0,0,0,0,239.514,0,0,0
"MtrElec",9,30,8,"",287.734,0,0,0,0,0,0,0,0,0,0,0,0,0,0,0,0,0,0,0,0,362.929,0,0,-75.1951
"MtrElec",9,30,9,"",170.926,0,0,0,0,0,0,0,0,0,0,0,0,0,0,0,0,0,0,0,0,429.653,0,0,-258.727
"MtrElec",9,30,10,"",127.523,0,0,0,0,0,0,0,0,0,0,0,0,0,0,0,0,0,0,0,0,547.778,0,0,-420.255
"MtrElec",9,30,11,"",62.4457,0,0,0,0,0,0,0,0,0,0,0,0,0,0,0,0,0,0,0,0,595.968,0,0,-533.522
"MtrElec",9,30,12,"",0,0,0,0,0,0,0,0,0,0,0,0,0,0,0,0,0,0,0,0,0,586.151,0,18.1904,-604.341
"MtrElec",9,30,13,"",0,0,0,0,0,0,0,0,0,0,0,0,0,0,0,0,0,0,0,0,0,582.132,0,60.4988,-642.63
"MtrElec",9,30,14,"",0,0,0,0,0,0,0,0,0,0,0,0,0,0,0,0,0,0,0,0,0,536.337,0,110.302,-646.639
"MtrElec",9,30,15,"",0,0,0,0,0,0,0,0,0,0,0,0,0,0,0,0,0,0,0,0,0,501.858,0,89.2293,-591.087
"MtrElec",9,30,16,"",72.8818,0,0,0,0,0,0,0,0,0,0,0,0,0,0,0,0,0,0,0,0,552.477,0,0,-479.595
"MtrElec",9,30,17,"",288.581,0,0,0,0,0,0,0,0,0,0,0,0,0,0,0,0,0,0,0,0,613.486,0,0,-324.905
"MtrElec",9,30,18,"",403.44,0,0,0,0,0,0,0,0,0,0,0,0,0,0,0,0,0,0,0,0,541.022,0,0,-137.582
"MtrElec",9,30,19,"",283.961,0,0,0,0,0,0,0,0,0,0,0,0,0,0,0,0,0,0,0,0,509.47,0,-223.217,-2.29254
"MtrElec",9,30,20,"",473.84,0,0,0,0,0,0,0,0,0,0,0,0,0,0,0,0,0,0,0,0,501.718,0,-27.8774,0
"MtrElec",9,30,21,"",461.045,0,0,0,0,0,0,0,0,0,0,0,0,0,0,0,0,0,0,0,0,461.045,0,0,0
"MtrElec",9,30,22,"",350.335,0,0,0,0,0,0,0,0,0,0,0,0,0,0,0,0,0,0,0,0,350.335,0,0,0
"MtrElec",9,30,23,"",287.828,0,0,0,0,0,0,0,0,0,0,0,0,0,0,0,0,0,0,0,0,287.828,0,0,0
"MtrElec",9,30,24,"",223.748,0,0,0,0,0,0,0,0,0,0,0,0,0,0,0,0,0,0,0,0,223.748,0,0,0
"MtrElec",10,1,1,"",187.283,0,0,0,0,0,0,0,0,0,0,0,0,0,0,0,0,0,0,0,0,187.283,0,0,0
"MtrElec",10,1,2,"",168.997,0,0,0,0,0,0,0,0,0,0,0,0,0,0,0,0,0,0,0,0,168.997,0,0,0
"MtrElec",10,1,3,"",157.776,0,0,0,0,0,0,0,0,0,0,0,0,0,0,0,0,0,0,0,0,157.776,0,0,0
"MtrElec",10,1,4,"",163.918,0,0,0,0,0,0,0,0,0,0,0,0,0,0,0,0,0,0,0,0,163.918,0,0,0
"MtrElec",10,1,5,"",152.251,0,0,0,0,0,0,0,0,0,0,0,0,0,0,0,0,0,0,0,0,152.251,0,0,0
"MtrElec",10,1,6,"",194.333,0,0,0,0,0,0,0,0,0,0,0,0,0,0,0,0,0,0,0,0,194.333,0,0,0
"MtrElec",10,1,7,"",275.566,0,0,0,0,0,0,0,0,0,0,0,0,0,0,0,0,0,0,0,0,275.566,0,0,0
"MtrElec",10,1,8,"",266.102,0,0,0,0,0,0,0,0,0,0,0,0,0,0,0,0,0,0,0,0,338.626,0,0,-72.5246
"MtrElec",10,1,9,"",115.654,0,0,0,0,0,0,0,0,0,0,0,0,0,0,0,0,0,0,0,0,375.172,0,0,-259.517
"MtrElec",10,1,10,"",81.5152,0,0,0,0,0,0,0,0,0,0,0,0,0,0,0,0,0,0,0,0,503.25,0,0,-421.734
"MtrElec",10,1,11,"",73.0573,0,0,0,0,0,0,0,0,0,0,0,0,0,0,0,0,0,0,0,0,608.255,0,0,-535.198
"MtrElec",10,1,12,"",26.4314,0,0,0,0,0,0,0,0,0,0,0,0,0,0,0,0,0,0,0,0,630.14,0,0,-603.709
"MtrElec",10,1,13,"",0.0000039,0,0,0,0,0,0,0,0,0,0,0,0,0,0,0,0,0,0,0,0,603.461,0,43.0579,-646.519
"MtrElec",10,1,14,"",0.0000020,0,0,0,0,0,0,0,0,0,0,0,0,0,0,0,0,0,0,0,0,614.936,0,28.4187,-643.355
"MtrElec",10,1,15,"",1.25519,0,0,0,0,0,0,0,0,0,0,0,0,0,0,0,0,0,0,0,0,586.704,0,0,-585.449
"MtrElec",10,1,16,"",165.16,0,0,0,0,0,0,0,0,0,0,0,0,0,0,0,0,0,0,0,0,637.678,0,0,-472.518
"MtrElec",10,1,17,"",296.215,0,0,0,0,0,0,0,0,0,0,0,0,0,0,0,0,0,0,0,0,614.107,0,0,-317.892
"MtrElec",10,1,18,"",500.73,0,0,0,0,0,0,0,0,0,0,0,0,0,0,0,0,0,0,0,0,632.652,0,0,-131.922
"MtrElec",10,1,19,"",502.446,0,0,0,0,0,0,0,0,0,0,0,0,0,0,0,0,0,0,0,0,569.722,0,-64.5077,-2.76762
"MtrElec",10,1,20,"",527.756,0,0,0,0,0,0,0,0,0,0,0,0,0,0,0,0,0,0,0,0,527.756,0,0,0
"MtrElec",10,1,21,"",512.848,0,0,0,0,0,0,0,0,0,0,0,0,0,0,0,0,0,0,0,0,512.848,0,0,0
"MtrElec",10,1,22,"",369.06,0,0,0,0,0,0,0,0,0,0,0,0,0,0,0,0,0,0,0,0,369.06,0,0,0
"MtrElec",10,1,23,"",311.67,0,0,0,0,0,0,0,0,0,0,0,0,0,0,0,0,0,0,0,0,311.67,0,0,0
"MtrElec",10,1,24,"",241.469,0,0,0,0,0,0,0,0,0,0,0,0,0,0,0,0,0,0,0,0,241.469,0,0,0
"MtrElec",10,2,1,"",234.657,0,0,0,0,0,0,0,0,0,0,0,0,0,0,0,0,0,0,0,0,234.657,0,0,0
"MtrElec",10,2,2,"",186.824,0,0,0,0,0,0,0,0,0,0,0,0,0,0,0,0,0,0,0,0,186.824,0,0,0
"MtrElec",10,2,3,"",174.372,0,0,0,0,0,0,0,0,0,0,0,0,0,0,0,0,0,0,0,0,174.372,0,0,0
"MtrElec",10,2,4,"",171.367,0,0,0,0,0,0,0,0,0,0,0,0,0,0,0,0,0,0,0,0,171.367,0,0,0
"MtrElec",10,2,5,"",165.092,0,0,0,0,0,0,0,0,0,0,0,0,0,0,0,0,0,0,0,0,165.092,0,0,0
"MtrElec",10,2,6,"",179.021,0,0,0,0,0,0,0,0,0,0,0,0,0,0,0,0,0,0,0,0,179.021,0,0,0
"MtrElec",10,2,7,"",273.862,0,0,0,0,0,0,0,0,0,0,0,0,0,0,0,0,0,0,0,0,273.862,0,0,0
"MtrElec",10,2,8,"",305.828,0,0,0,0,0,0,0,0,0,0,0,0,0,0,0,0,0,0,0,0,379.921,0,0,-74.0932
"MtrElec",10,2,9,"",193.874,0,0,0,0,0,0,0,0,0,0,0,0,0,0,0,0,0,0,0,0,453.354,0,0,-259.48
"MtrElec",10,2,10,"",124.41,0,0,0,0,0,0,0,0,0,0,0,0,0,0,0,0,0,0,0,0,546.557,0,0,-422.146
"MtrElec",10,2,11,"",52.0906,0,0,0,0,0,0,0,0,0,0,0,0,0,0,0,0,0,0,0,0,585.663,0,0,-533.573
"MtrElec",10,2,12,"",4.69144,0,0,0,0,0,0,0,0,0,0,0,0,0,0,0,0,0,0,0,0,607.18,0,0,-602.489
"MtrElec",10,2,13,"",58.5331,0,0,0,0,0,0,0,0,0,0,0,0,0,0,0,0,0,0,0,0,686.826,0,0,-628.293
"MtrElec",10,2,14,"",0.0000039,0,0,0,0,0,0,0,0,0,0,0,0,0,0,0,0,0,0,0,0,561.826,0,54.8404,-616.666
"MtrElec",10,2,15,"",43.1081,0,0,0,0,0,0,0,0,0,0,0,0,0,0,0,0,0,0,0,0,607.566,0,0,-564.458
"MtrElec",10,2,16,"",148.897,0,0,0,0,0,0,0,0,0,0,0,0,0,0,0,0,0,0,0,0,613.793,0,0,-464.896
"MtrElec",10,2,17,"",303.922,0,0,0,0,0,0,0,0,0,0,0,0,0,0,0,0,0,0,0,0,615.113,0,0,-311.191
"MtrElec",10,2,18,"",482.793,0,0,0,0,0,0,0,0,0,0,0,0,0,0,0,0,0,0,0,0,607.931,0,0,-125.138
"MtrElec",10,2,19,"",520.005,0,0,0,0,0,0,0,0,0,0,0,0,0,0,0,0,0,0,0,0,572.025,0,-49.4934,-2.52586
"MtrElec",10,2,20,"",511.77,0,0,0,0,0,0,0,0,0,0,0,0,0,0,0,0,0,0,0,0,511.77,0,0,0
"MtrElec",10,2,21,"",517.1,0,0,0,0,0,0,0,0,0,0,0,0,0,0,0,0,0,0,0,0,517.1,0,0,0
"MtrElec",10,2,22,"",369.303,0,0,0,0,0,0,0,0,0,0,0,0,0,0,0,0,0,0,0,0,369.303,0,0,0
"MtrElec",10,2,23,"",374.332,0,0,0,0,0,0,0,0,0,0,0,0,0,0,0,0,0,0,0,0,374.332,0,0,0
"MtrElec",10,2,24,"",247.19,0,0,0,0,0,0,0,0,0,0,0,0,0,0,0,0,0,0,0,0,247.19,0,0,0
"MtrElec",10,3,1,"",187.869,0,0,0,0,0,0,0,0,0,0,0,0,0,0,0,0,0,0,0,0,187.869,0,0,0
"MtrElec",10,3,2,"",192.569,0,0,0,0,0,0,0,0,0,0,0,0,0,0,0,0,0,0,0,0,192.569,0,0,0
"MtrElec",10,3,3,"",173.834,0,0,0,0,0,0,0,0,0,0,0,0,0,0,0,0,0,0,0,0,173.834,0,0,0
"MtrElec",10,3,4,"",160.036,0,0,0,0,0,0,0,0,0,0,0,0,0,0,0,0,0,0,0,0,160.036,0,0,0
"MtrElec",10,3,5,"",175.385,0,0,0,0,0,0,0,0,0,0,0,0,0,0,0,0,0,0,0,0,175.385,0,0,0
"MtrElec",10,3,6,"",157.951,0,0,0,0,0,0,0,0,0,0,0,0,0,0,0,0,0,0,0,0,157.951,0,0,0
"MtrElec",10,3,7,"",226.845,0,0,0,0,0,0,0,0,0,0,0,0,0,0,0,0,0,0,0,0,226.845,0,0,0
"MtrElec",10,3,8,"",187.932,0,0,0,0,0,0,0,0,0,0,0,0,0,0,0,0,0,0,0,0,262.805,0,0,-74.8727
"MtrElec",10,3,9,"",82.8536,0,0,0,0,0,0,0,0,0,0,0,0,0,0,0,0,0,0,0,0,345.179,0,0,-262.325
"MtrElec",10,3,10,"",-17.1112,0,0,0,0,0,0,0,0,0,0,0,0,0,0,0,0,0,0,0,0,413.773,0,0,-430.884
"MtrElec",10,3,11,"",0.0000002,0,0,0,0,0,0,0,0,0,0,0,0,0,0,0,0,0,0,0,0,548.423,0,2.91869,-551.342
"MtrElec",10,3,12,"",0.0000039,0,0,0,0,0,0,0,0,0,0,0,0,0,0,0,0,0,0,0,0,565.081,0,53.9743,-619.055
"MtrElec",10,3,13,"",0.0000039,0,0,0,0,0,0,0,0,0,0,0,0,0,0,0,0,0,0,0,0,595.978,0,47.6699,-643.648
"MtrElec",10,3,14,"",0.0000039,0,0,0,0,0,0,0,0,0,0,0,0,0,0,0,0,0,0,0,0,567.804,0,59.0084,-626.812
"MtrElec",10,3,15,"",0,0,0,0,0,0,0,0,0,0,0,0,0,0,0,0,0,0,0,0,0,554.353,0,14.4897,-568.843
"MtrElec",10,3,16,"",87.2444,0,0,0,0,0,0,0,0,0,0,0,0,0,0,0,0,0,0,0,0,559.376,0,0,-472.132
"MtrElec",10,3,17,"",266.581,0,0,0,0,0,0,0,0,0,0,0,0,0,0,0,0,0,0,0,0,560.949,0,0,-294.368
"MtrElec",10,3,18,"",442.368,0,0,0,0,0,0,0,0,0,0,0,0,0,0,0,0,0,0,0,0,564.883,0,0,-122.515
"MtrElec",10,3,19,"",419.544,0,0,0,0,0,0,0,0,0,0,0,0,0,0,0,0,0,0,0,0,582.411,0,-160.7,-2.16727
"MtrElec",10,3,20,"",482.32,0,0,0,0,0,0,0,0,0,0,0,0,0,0,0,0,0,0,0,0,482.32,0,0,0
"MtrElec",10,3,21,"",426.698,0,0,0,0,0,0,0,0,0,0,0,0,0,0,0,0,0,0,0,0,426.698,0,0,0
"MtrElec",10,3,22,"",366.764,0,0,0,0,0,0,0,0,0,0,0,0,0,0,0,0,0,0,0,0,366.764,0,0,0
"MtrElec",10,3,23,"",245.459,0,0,0,0,0,0,0,0,0,0,0,0,0,0,0,0,0,0,0,0,245.459,0,0,0
"MtrElec",10,3,24,"",262.61,0,0,0,0,0,0,0,0,0,0,0,0,0,0,0,0,0,0,0,0,262.61,0,0,0
"MtrElec",10,4,1,"",183.889,0,0,0,0,0,0,0,0,0,0,0,0,0,0,0,0,0,0,0,0,183.889,0,0,0
"MtrElec",10,4,2,"",157.215,0,0,0,0,0,0,0,0,0,0,0,0,0,0,0,0,0,0,0,0,157.215,0,0,0
"MtrElec",10,4,3,"",152.45,0,0,0,0,0,0,0,0,0,0,0,0,0,0,0,0,0,0,0,0,152.45,0,0,0
"MtrElec",10,4,4,"",153.111,0,0,0,0,0,0,0,0,0,0,0,0,0,0,0,0,0,0,0,0,153.111,0,0,0
"MtrElec",10,4,5,"",157.263,0,0,0,0,0,0,0,0,0,0,0,0,0,0,0,0,0,0,0,0,157.263,0,0,0
"MtrElec",10,4,6,"",157.893,0,0,0,0,0,0,0,0,0,0,0,0,0,0,0,0,0,0,0,0,157.893,0,0,0
"MtrElec",10,4,7,"",186.22,0,0,0,0,0,0,0,0,0,0,0,0,0,0,0,0,0,0,0,0,186.22,0,0,0
"MtrElec",10,4,8,"",159.16,0,0,0,0,0,0,0,0,0,0,0,0,0,0,0,0,0,0,0,0,200.065,0,0,-40.9049
"MtrElec",10,4,9,"",104.327,0,0,0,0,0,0,0,0,0,0,0,0,0,0,0,0,0,0,0,0,269.559,0,0,-165.232
"MtrElec",10,4,10,"",-111.776,0,0,0,0,0,0,0,0,0,0,0,0,0,0,0,0,0,0,0,0,322.663,0,0,-434.439
"MtrElec",10,4,11,"",0,0,0,0,0,0,0,0,0,0,0,0,0,0,0,0,0,0,0,0,0,409.518,0,145.335,-554.853
"MtrElec",10,4,12,"",0,0,0,0,0,0,0,0,0,0,0,0,0,0,0,0,0,0,0,0,0,434.707,0,188.044,-622.75
"MtrElec",10,4,13,"",0.0000156,0,0,0,0,0,0,0,0,0,0,0,0,0,0,0,0,0,0,0,0,451.709,0,214.84,-666.549
"MtrElec",10,4,14,"",-18.0914,0,0,0,0,0,0,0,0,0,0,0,0,0,0,0,0,0,0,0,0,421.829,0,223.217,-663.137
"MtrElec",10,4,15,"",-171.657,0,0,0,0,0,0,0,0,0,0,0,0,0,0,0,0,0,0,0,0,397.231,0,27.4454,-596.333
"MtrElec",10,4,16,"",-53.6094,0,0,0,0,0,0,0,0,0,0,0,0,0,0,0,0,0,0,0,0,420.911,0,0,-474.521
"MtrElec",10,4,17,"",69.1316,0,0,0,0,0,0,0,0,0,0,0,0,0,0,0,0,0,0,0,0,388.523,0,0,-319.392
"MtrElec",10,4,18,"",325.143,0,0,0,0,0,0,0,0,0,0,0,0,0,0,0,0,0,0,0,0,452.624,0,0,-127.481
"MtrElec",10,4,19,"",199.352,0,0,0,0,0,0,0,0,0,0,0,0,0,0,0,0,0,0,0,0,424.61,0,-223.217,-2.0411
"MtrElec",10,4,20,"",98.8806,0,0,0,0,0,0,0,0,0,0,0,0,0,0,0,0,0,0,0,0,322.097,0,-223.217,0
"MtrElec",10,4,21,"",108.059,0,0,0,0,0,0,0,0,0,0,0,0,0,0,0,0,0,0,0,0,331.276,0,-223.217,0
"MtrElec",10,4,22,"",249.823,0,0,0,0,0,0,0,0,0,0,0,0,0,0,0,0,0,0,0,0,301.163,0,-51.3398,0
"MtrElec",10,4,23,"",260.118,0,0,0,0,0,0,0,0,0,0,0,0,0,0,0,0,0,0,0,0,260.118,0,0,0
"MtrElec",10,4,24,"",236.394,0,0,0,0,0,0,0,0,0,0,0,0,0,0,0,0,0,0,0,0,236.394,0,0,0
"MtrElec",10,5,1,"",181.319,0,0,0,0,0,0,0,0,0,0,0,0,0,0,0,0,0,0,0,0,181.319,0,0,0
"MtrElec",10,5,2,"",161.295,0,0,0,0,0,0,0,0,0,0,0,0,0,0,0,0,0,0,0,0,161.295,0,0,0
"MtrElec",10,5,3,"",156.161,0,0,0,0,0,0,0,0,0,0,0,0,0,0,0,0,0,0,0,0,156.161,0,0,0
"MtrElec",10,5,4,"",191.791,0,0,0,0,0,0,0,0,0,0,0,0,0,0,0,0,0,0,0,0,191.791,0,0,0
"MtrElec",10,5,5,"",155.931,0,0,0,0,0,0,0,0,0,0,0,0,0,0,0,0,0,0,0,0,155.931,0,0,0
"MtrElec",10,5,6,"",156.57,0,0,0,0,0,0,0,0,0,0,0,0,0,0,0,0,0,0,0,0,156.57,0,0,0
"MtrElec",10,5,7,"",281.576,0,0,0,0,0,0,0,0,0,0,0,0,0,0,0,0,0,0,0,0,281.576,0,0,0
"MtrElec",10,5,8,"",274.456,0,0,0,0,0,0,0,0,0,0,0,0,0,0,0,0,0,0,0,0,282.248,0,0,-7.79294
"MtrElec",10,5,9,"",308.833,0,0,0,0,0,0,0,0,0,0,0,0,0,0,0,0,0,0,0,0,345.213,0,0,-36.3796
"MtrElec",10,5,10,"",259.348,0,0,0,0,0,0,0,0,0,0,0,0,0,0,0,0,0,0,0,0,391.277,0,0,-131.929
"MtrElec",10,5,11,"",0,0,0,0,0,0,0,0,0,0,0,0,0,0,0,0,0,0,0,0,0,408.911,0,75.8798,-484.791
"MtrElec",10,5,12,"",0,0,0,0,0,0,0,0,0,0,0,0,0,0,0,0,0,0,0,0,0,455.309,0,105.341,-560.65
"MtrElec",10,5,13,"",-13.4409,0,0,0,0,0,0,0,0,0,0,0,0,0,0,0,0,0,0,0,0,424.948,0,223.217,-661.606
"MtrElec",10,5,14,"",0,0,0,0,0,0,0,0,0,0,0,0,0,0,0,0,0,0,0,0,0,459.561,0,161.529,-621.089
"MtrElec",10,5,15,"",0,0,0,0,0,0,0,0,0,0,0,0,0,0,0,0,0,0,0,0,0,447.035,0,110.901,-557.936
"MtrElec",10,5,16,"",43.5275,0,0,0,0,0,0,0,0,0,0,0,0,0,0,0,0,0,0,0,0,500.38,0,0,-456.853
"MtrElec",10,5,17,"",253.741,0,0,0,0,0,0,0,0,0,0,0,0,0,0,0,0,0,0,0,0,561.631,0,0,-307.89
"MtrElec",10,5,18,"",412.829,0,0,0,0,0,0,0,0,0,0,0,0,0,0,0,0,0,0,0,0,533.232,0,0,-120.403
"MtrElec",10,5,19,"",248.271,0,0,0,0,0,0,0,0,0,0,0,0,0,0,0,0,0,0,0,0,473.318,0,-223.217,-1.83099
"MtrElec",10,5,20,"",248.815,0,0,0,0,0,0,0,0,0,0,0,0,0,0,0,0,0,0,0,0,472.032,0,-223.217,0
"MtrElec",10,5,21,"",265.671,0,0,0,0,0,0,0,0,0,0,0,0,0,0,0,0,0,0,0,0,430.11,0,-164.44,0
"MtrElec",10,5,22,"",311.604,0,0,0,0,0,0,0,0,0,0,0,0,0,0,0,0,0,0,0,0,311.604,0,0,0
"MtrElec",10,5,23,"",246.191,0,0,0,0,0,0,0,0,0,0,0,0,0,0,0,0,0,0,0,0,246.191,0,0,0
"MtrElec",10,5,24,"",257.002,0,0,0,0,0,0,0,0,0,0,0,0,0,0,0,0,0,0,0,0,257.002,0,0,0
"MtrElec",10,6,1,"",181.008,0,0,0,0,0,0,0,0,0,0,0,0,0,0,0,0,0,0,0,0,181.008,0,0,0
"MtrElec",10,6,2,"",155.973,0,0,0,0,0,0,0,0,0,0,0,0,0,0,0,0,0,0,0,0,155.973,0,0,0
"MtrElec",10,6,3,"",155.669,0,0,0,0,0,0,0,0,0,0,0,0,0,0,0,0,0,0,0,0,155.669,0,0,0
"MtrElec",10,6,4,"",157.346,0,0,0,0,0,0,0,0,0,0,0,0,0,0,0,0,0,0,0,0,157.346,0,0,0
"MtrElec",10,6,5,"",156.655,0,0,0,0,0,0,0,0,0,0,0,0,0,0,0,0,0,0,0,0,156.655,0,0,0
"MtrElec",10,6,6,"",194.494,0,0,0,0,0,0,0,0,0,0,0,0,0,0,0,0,0,0,0,0,194.494,0,0,0
"MtrElec",10,6,7,"",255.43,0,0,0,0,0,0,0,0,0,0,0,0,0,0,0,0,0,0,0,0,255.43,0,0,0
"MtrElec",10,6,8,"",273.408,0,0,0,0,0,0,0,0,0,0,0,0,0,0,0,0,0,0,0,0,304.51,0,0,-31.1028
"MtrElec",10,6,9,"",229.288,0,0,0,0,0,0,0,0,0,0,0,0,0,0,0,0,0,0,0,0,360.066,0,0,-130.778
"MtrElec",10,6,10,"",156.55,0,0,0,0,0,0,0,0,0,0,0,0,0,0,0,0,0,0,0,0,459.878,0,0,-303.328
"MtrElec",10,6,11,"",91.7151,0,0,0,0,0,0,0,0,0,0,0,0,0,0,0,0,0,0,0,0,490.178,0,0,-398.463
"MtrElec",10,6,12,"",0.0000039,0,0,0,0,0,0,0,0,0,0,0,0,0,0,0,0,0,0,0,0,463.481,0,56.1074,-519.589
"MtrElec",10,6,13,"",0,0,0,0,0,0,0,0,0,0,0,0,0,0,0,0,0,0,0,0,0,505.7,0,5.39706,-511.097
"MtrElec",10,6,14,"",0,0,0,0,0,0,0,0,0,0,0,0,0,0,0,0,0,0,0,0,0,459.356,0,62.814,-522.17
"MtrElec",10,6,15,"",27.9716,0,0,0,0,0,0,0,0,0,0,0,0,0,0,0,0,0,0,0,0,510.545,0,0,-482.573
"MtrElec",10,6,16,"",124.424,0,0,0,0,0,0,0,0,0,0,0,0,0,0,0,0,0,0,0,0,496.814,0,0,-372.391
"MtrElec",10,6,17,"",322.209,0,0,0,0,0,0,0,0,0,0,0,0,0,0,0,0,0,0,0,0,546.359,0,0,-224.149
"MtrElec",10,6,18,"",442.106,0,0,0,0,0,0,0,0,0,0,0,0,0,0,0,0,0,0,0,0,508.934,0,0,-66.8282
"MtrElec",10,6,19,"",364.463,0,0,0,0,0,0,0,0,0,0,0,0,0,0,0,0,0,0,0,0,477.3,0,-112.197,-0.639554
"MtrElec",10,6,20,"",470.087,0,0,0,0,0,0,0,0,0,0,0,0,0,0,0,0,0,0,0,0,470.087,0,0,0
"MtrElec",10,6,21,"",425.296,0,0,0,0,0,0,0,0,0,0,0,0,0,0,0,0,0,0,0,0,425.296,0,0,0
"MtrElec",10,6,22,"",327.904,0,0,0,0,0,0,0,0,0,0,0,0,0,0,0,0,0,0,0,0,327.904,0,0,0
"MtrElec",10,6,23,"",311.288,0,0,0,0,0,0,0,0,0,0,0,0,0,0,0,0,0,0,0,0,311.288,0,0,0
"MtrElec",10,6,24,"",236.36,0,0,0,0,0,0,0,0,0,0,0,0,0,0,0,0,0,0,0,0,236.36,0,0,0
"MtrElec",10,7,1,"",180.961,0,0,0,0,0,0,0,0,0,0,0,0,0,0,0,0,0,0,0,0,180.961,0,0,0
"MtrElec",10,7,2,"",163.058,0,0,0,0,0,0,0,0,0,0,0,0,0,0,0,0,0,0,0,0,163.058,0,0,0
"MtrElec",10,7,3,"",155.512,0,0,0,0,0,0,0,0,0,0,0,0,0,0,0,0,0,0,0,0,155.512,0,0,0
"MtrElec",10,7,4,"",156.238,0,0,0,0,0,0,0,0,0,0,0,0,0,0,0,0,0,0,0,0,156.238,0,0,0
"MtrElec",10,7,5,"",186.674,0,0,0,0,0,0,0,0,0,0,0,0,0,0,0,0,0,0,0,0,186.674,0,0,0
"MtrElec",10,7,6,"",157.218,0,0,0,0,0,0,0,0,0,0,0,0,0,0,0,0,0,0,0,0,157.218,0,0,0
"MtrElec",10,7,7,"",245.789,0,0,0,0,0,0,0,0,0,0,0,0,0,0,0,0,0,0,0,0,245.789,0,0,0
"MtrElec",10,7,8,"",210.694,0,0,0,0,0,0,0,0,0,0,0,0,0,0,0,0,0,0,0,0,280.038,0,0,-69.3438
"MtrElec",10,7,9,"",149.149,0,0,0,0,0,0,0,0,0,0,0,0,0,0,0,0,0,0,0,0,405.7,0,0,-256.551
"MtrElec",10,7,10,"",51.9553,0,0,0,0,0,0,0,0,0,0,0,0,0,0,0,0,0,0,0,0,480.989,0,0,-429.034
"MtrElec",10,7,11,"",0,0,0,0,0,0,0,0,0,0,0,0,0,0,0,0,0,0,0,0,0,550.139,0,1.07456,-551.214
"MtrElec",10,7,12,"",0,0,0,0,0,0,0,0,0,0,0,0,0,0,0,0,0,0,0,0,0,534.024,0,83.0312,-617.055
"MtrElec",10,7,13,"",0,0,0,0,0,0,0,0,0,0,0,0,0,0,0,0,0,0,0,0,0,575.628,0,66.5223,-642.15
"MtrElec",10,7,14,"",0,0,0,0,0,0,0,0,0,0,0,0,0,0,0,0,0,0,0,0,0,468.903,0,154.91,-623.813
"MtrElec",10,7,15,"",0,0,0,0,0,0,0,0,0,0,0,0,0,0,0,0,0,0,0,0,0,514.578,0,46.1894,-560.767
"MtrElec",10,7,16,"",105.058,0,0,0,0,0,0,0,0,0,0,0,0,0,0,0,0,0,0,0,0,558.994,0,0,-453.936
"MtrElec",10,7,17,"",238.45,0,0,0,0,0,0,0,0,0,0,0,0,0,0,0,0,0,0,0,0,543.974,0,0,-305.524
"MtrElec",10,7,18,"",422.941,0,0,0,0,0,0,0,0,0,0,0,0,0,0,0,0,0,0,0,0,539.367,0,0,-116.426
"MtrElec",10,7,19,"",297.945,0,0,0,0,0,0,0,0,0,0,0,0,0,0,0,0,0,0,0,0,522.115,0,-223.217,-0.953637
"MtrElec",10,7,20,"",383.66,0,0,0,0,0,0,0,0,0,0,0,0,0,0,0,0,0,0,0,0,477.877,0,-94.2174,0
"MtrElec",10,7,21,"",469.678,0,0,0,0,0,0,0,0,0,0,0,0,0,0,0,0,0,0,0,0,469.678,0,0,0
"MtrElec",10,7,22,"",345.875,0,0,0,0,0,0,0,0,0,0,0,0,0,0,0,0,0,0,0,0,345.875,0,0,0
"MtrElec",10,7,23,"",280.26,0,0,0,0,0,0,0,0,0,0,0,0,0,0,0,0,0,0,0,0,280.26,0,0,0
"MtrElec",10,7,24,"",215.959,0,0,0,0,0,0,0,0,0,0,0,0,0,0,0,0,0,0,0,0,215.959,0,0,0
"MtrElec",10,8,1,"",182.025,0,0,0,0,0,0,0,0,0,0,0,0,0,0,0,0,0,0,0,0,182.025,0,0,0
"MtrElec",10,8,2,"",157.799,0,0,0,0,0,0,0,0,0,0,0,0,0,0,0,0,0,0,0,0,157.799,0,0,0
"MtrElec",10,8,3,"",152.112,0,0,0,0,0,0,0,0,0,0,0,0,0,0,0,0,0,0,0,0,152.112,0,0,0
"MtrElec",10,8,4,"",152.468,0,0,0,0,0,0,0,0,0,0,0,0,0,0,0,0,0,0,0,0,152.468,0,0,0
"MtrElec",10,8,5,"",148.326,0,0,0,0,0,0,0,0,0,0,0,0,0,0,0,0,0,0,0,0,148.326,0,0,0
"MtrElec",10,8,6,"",192.494,0,0,0,0,0,0,0,0,0,0,0,0,0,0,0,0,0,0,0,0,192.494,0,0,0
"MtrElec",10,8,7,"",235.862,0,0,0,0,0,0,0,0,0,0,0,0,0,0,0,0,0,0,0,0,235.862,0,0,0
"MtrElec",10,8,8,"",317.023,0,0,0,0,0,0,0,0,0,0,0,0,0,0,0,0,0,0,0,0,327.02,0,0,-9.99755
"MtrElec",10,8,9,"",303.339,0,0,0,0,0,0,0,0,0,0,0,0,0,0,0,0,0,0,0,0,352.805,0,0,-49.4658
"MtrElec",10,8,10,"",314.638,0,0,0,0,0,0,0,0,0,0,0,0,0,0,0,0,0,0,0,0,407.874,0,0,-93.2361
"MtrElec",10,8,11,"",190.982,0,0,0,0,0,0,0,0,0,0,0,0,0,0,0,0,0,0,0,0,412.726,0,0,-221.744
"MtrElec",10,8,12,"",0.0000039,0,0,0,0,0,0,0,0,0,0,0,0,0,0,0,0,0,0,0,0,454.265,0,45.1911,-499.456
"MtrElec",10,8,13,"",0,0,0,0,0,0,0,0,0,0,0,0,0,0,0,0,0,0,0,0,0,453.501,0,205.69,-659.191
"MtrElec",10,8,14,"",0,0,0,0,0,0,0,0,0,0,0,0,0,0,0,0,0,0,0,0,0,465.798,0,168.283,-634.081
"MtrElec",10,8,15,"",0.0000078,0,0,0,0,0,0,0,0,0,0,0,0,0,0,0,0,0,0,0,0,450.188,0,125.088,-575.276
"MtrElec",10,8,16,"",60.9855,0,0,0,0,0,0,0,0,0,0,0,0,0,0,0,0,0,0,0,0,530.902,0,0,-469.916
"MtrElec",10,8,17,"",237.567,0,0,0,0,0,0,0,0,0,0,0,0,0,0,0,0,0,0,0,0,546.093,0,0,-308.525
"MtrElec",10,8,18,"",403.066,0,0,0,0,0,0,0,0,0,0,0,0,0,0,0,0,0,0,0,0,518.847,0,0,-115.781
"MtrElec",10,8,19,"",216.273,0,0,0,0,0,0,0,0,0,0,0,0,0,0,0,0,0,0,0,0,440.521,0,-223.217,-1.03068
"MtrElec",10,8,20,"",187.642,0,0,0,0,0,0,0,0,0,0,0,0,0,0,0,0,0,0,0,0,410.859,0,-223.217,0
"MtrElec",10,8,21,"",363.4,0,0,0,0,0,0,0,0,0,0,0,0,0,0,0,0,0,0,0,0,408.153,0,-44.7538,0
"MtrElec",10,8,22,"",292.071,0,0,0,0,0,0,0,0,0,0,0,0,0,0,0,0,0,0,0,0,292.071,0,0,0
"MtrElec",10,8,23,"",267.076,0,0,0,0,0,0,0,0,0,0,0,0,0,0,0,0,0,0,0,0,267.076,0,0,0
"MtrElec",10,8,24,"",213.793,0,0,0,0,0,0,0,0,0,0,0,0,0,0,0,0,0,0,0,0,213.793,0,0,0
"MtrElec",10,9,1,"",200.531,0,0,0,0,0,0,0,0,0,0,0,0,0,0,0,0,0,0,0,0,200.531,0,0,0
"MtrElec",10,9,2,"",156.262,0,0,0,0,0,0,0,0,0,0,0,0,0,0,0,0,0,0,0,0,156.262,0,0,0
"MtrElec",10,9,3,"",150.703,0,0,0,0,0,0,0,0,0,0,0,0,0,0,0,0,0,0,0,0,150.703,0,0,0
"MtrElec",10,9,4,"",151.76,0,0,0,0,0,0,0,0,0,0,0,0,0,0,0,0,0,0,0,0,151.76,0,0,0
"MtrElec",10,9,5,"",146.667,0,0,0,0,0,0,0,0,0,0,0,0,0,0,0,0,0,0,0,0,146.667,0,0,0
"MtrElec",10,9,6,"",161.475,0,0,0,0,0,0,0,0,0,0,0,0,0,0,0,0,0,0,0,0,161.475,0,0,0
"MtrElec",10,9,7,"",276.983,0,0,0,0,0,0,0,0,0,0,0,0,0,0,0,0,0,0,0,0,276.983,0,0,0
"MtrElec",10,9,8,"",254.674,0,0,0,0,0,0,0,0,0,0,0,0,0,0,0,0,0,0,0,0,291,0,0,-36.3254
"MtrElec",10,9,9,"",197.747,0,0,0,0,0,0,0,0,0,0,0,0,0,0,0,0,0,0,0,0,358.312,0,0,-160.565
"MtrElec",10,9,10,"",-35.6662,0,0,0,0,0,0,0,0,0,0,0,0,0,0,0,0,0,0,0,0,384.651,0,0,-420.317
"MtrElec",10,9,11,"",0,0,0,0,0,0,0,0,0,0,0,0,0,0,0,0,0,0,0,0,0,476.567,0,65.2811,-541.848
"MtrElec",10,9,12,"",0,0,0,0,0,0,0,0,0,0,0,0,0,0,0,0,0,0,0,0,0,462.652,0,162.357,-625.009
"MtrElec",10,9,13,"",0,0,0,0,0,0,0,0,0,0,0,0,0,0,0,0,0,0,0,0,0,441.118,0,39.5339,-480.652
"MtrElec",10,9,14,"",0,0,0,0,0,0,0,0,0,0,0,0,0,0,0,0,0,0,0,0,0,454.797,0,5.36378,-460.161
"MtrElec",10,9,15,"",0,0,0,0,0,0,0,0,0,0,0,0,0,0,0,0,0,0,0,0,0,441.046,0,92.9577,-534.004
"MtrElec",10,9,16,"",71.7528,0,0,0,0,0,0,0,0,0,0,0,0,0,0,0,0,0,0,0,0,490.215,0,0,-418.462
"MtrElec",10,9,17,"",310.574,0,0,0,0,0,0,0,0,0,0,0,0,0,0,0,0,0,0,0,0,481.043,0,0,-170.469
"MtrElec",10,9,18,"",460.183,0,0,0,0,0,0,0,0,0,0,0,0,0,0,0,0,0,0,0,0,489.482,0,0,-29.299
"MtrElec",10,9,19,"",219.106,0,0,0,0,0,0,0,0,0,0,0,0,0,0,0,0,0,0,0,0,442.323,0,-223.217,0
"MtrElec",10,9,20,"",352.019,0,0,0,0,0,0,0,0,0,0,0,0,0,0,0,0,0,0,0,0,458.66,0,-106.641,0
"MtrElec",10,9,21,"",485.466,0,0,0,0,0,0,0,0,0,0,0,0,0,0,0,0,0,0,0,0,485.466,0,0,0
"MtrElec",10,9,22,"",303.092,0,0,0,0,0,0,0,0,0,0,0,0,0,0,0,0,0,0,0,0,303.092,0,0,0
"MtrElec",10,9,23,"",300.666,0,0,0,0,0,0,0,0,0,0,0,0,0,0,0,0,0,0,0,0,300.666,0,0,0
"MtrElec",10,9,24,"",220.48,0,0,0,0,0,0,0,0,0,0,0,0,0,0,0,0,0,0,0,0,220.48,0,0,0
"MtrElec",10,10,1,"",166.866,0,0,0,0,0,0,0,0,0,0,0,0,0,0,0,0,0,0,0,0,166.866,0,0,0
"MtrElec",10,10,2,"",159.304,0,0,0,0,0,0,0,0,0,0,0,0,0,0,0,0,0,0,0,0,159.304,0,0,0
"MtrElec",10,10,3,"",178.354,0,0,0,0,0,0,0,0,0,0,0,0,0,0,0,0,0,0,0,0,178.354,0,0,0
"MtrElec",10,10,4,"",154.08,0,0,0,0,0,0,0,0,0,0,0,0,0,0,0,0,0,0,0,0,154.08,0,0,0
"MtrElec",10,10,5,"",194.091,0,0,0,0,0,0,0,0,0,0,0,0,0,0,0,0,0,0,0,0,194.091,0,0,0
"MtrElec",10,10,6,"",154.312,0,0,0,0,0,0,0,0,0,0,0,0,0,0,0,0,0,0,0,0,154.312,0,0,0
"MtrElec",10,10,7,"",209.688,0,0,0,0,0,0,0,0,0,0,0,0,0,0,0,0,0,0,0,0,209.688,0,0,0
"MtrElec",10,10,8,"",169.596,0,0,0,0,0,0,0,0,0,0,0,0,0,0,0,0,0,0,0,0,236.078,0,0,-66.4826
"MtrElec",10,10,9,"",76.2576,0,0,0,0,0,0,0,0,0,0,0,0,0,0,0,0,0,0,0,0,336.346,0,0,-260.088
"MtrElec",10,10,10,"",-21.5306,0,0,0,0,0,0,0,0,0,0,0,0,0,0,0,0,0,0,0,0,415.612,0,0,-437.143
"MtrElec",10,10,11,"",0.0000039,0,0,0,0,0,0,0,0,0,0,0,0,0,0,0,0,0,0,0,0,495.661,0,63.6714,-559.333
"MtrElec",10,10,12,"",13.9441,0,0,0,0,0,0,0,0,0,0,0,0,0,0,0,0,0,0,0,0,478.426,0,0,-464.482
"MtrElec",10,10,13,"",174.955,0,0,0,0,0,0,0,0,0,0,0,0,0,0,0,0,0,0,0,0,522.252,0,0,-347.296
"MtrElec",10,10,14,"",-4.48241,0,0,0,0,0,0,0,0,0,0,0,0,0,0,0,0,0,0,0,0,431.325,0,223.217,-659.024
"MtrElec",10,10,15,"",0.0000078,0,0,0,0,0,0,0,0,0,0,0,0,0,0,0,0,0,0,0,0,487.151,0,104.329,-591.48
"MtrElec",10,10,16,"",0.0000039,0,0,0,0,0,0,0,0,0,0,0,0,0,0,0,0,0,0,0,0,426.835,0,50.5098,-477.345
"MtrElec",10,10,17,"",159.953,0,0,0,0,0,0,0,0,0,0,0,0,0,0,0,0,0,0,0,0,470.203,0,0,-310.25
"MtrElec",10,10,18,"",394.678,0,0,0,0,0,0,0,0,0,0,0,0,0,0,0,0,0,0,0,0,508.047,0,0,-113.369
"MtrElec",10,10,19,"",296.396,0,0,0,0,0,0,0,0,0,0,0,0,0,0,0,0,0,0,0,0,519.945,0,-223.217,-0.332078
"MtrElec",10,10,20,"",211.052,0,0,0,0,0,0,0,0,0,0,0,0,0,0,0,0,0,0,0,0,386.493,0,-175.441,0
"MtrElec",10,10,21,"",403.363,0,0,0,0,0,0,0,0,0,0,0,0,0,0,0,0,0,0,0,0,403.363,0,0,0
"MtrElec",10,10,22,"",380.208,0,0,0,0,0,0,0,0,0,0,0,0,0,0,0,0,0,0,0,0,380.208,0,0,0
"MtrElec",10,10,23,"",200.927,0,0,0,0,0,0,0,0,0,0,0,0,0,0,0,0,0,0,0,0,200.927,0,0,0
"MtrElec",10,10,24,"",206.81,0,0,0,0,0,0,0,0,0,0,0,0,0,0,0,0,0,0,0,0,206.81,0,0,0
"MtrElec",10,11,1,"",160.341,0,0,0,0,0,0,0,0,0,0,0,0,0,0,0,0,0,0,0,0,160.341,0,0,0
"MtrElec",10,11,2,"",154.915,0,0,0,0,0,0,0,0,0,0,0,0,0,0,0,0,0,0,0,0,154.915,0,0,0
"MtrElec",10,11,3,"",189.46,0,0,0,0,0,0,0,0,0,0,0,0,0,0,0,0,0,0,0,0,189.46,0,0,0
"MtrElec",10,11,4,"",155.204,0,0,0,0,0,0,0,0,0,0,0,0,0,0,0,0,0,0,0,0,155.204,0,0,0
"MtrElec",10,11,5,"",185.877,0,0,0,0,0,0,0,0,0,0,0,0,0,0,0,0,0,0,0,0,185.877,0,0,0
"MtrElec",10,11,6,"",158.597,0,0,0,0,0,0,0,0,0,0,0,0,0,0,0,0,0,0,0,0,158.597,0,0,0
"MtrElec",10,11,7,"",185.708,0,0,0,0,0,0,0,0,0,0,0,0,0,0,0,0,0,0,0,0,185.708,0,0,0
"MtrElec",10,11,8,"",180.572,0,0,0,0,0,0,0,0,0,0,0,0,0,0,0,0,0,0,0,0,216.901,0,0,-36.329
"MtrElec",10,11,9,"",135.761,0,0,0,0,0,0,0,0,0,0,0,0,0,0,0,0,0,0,0,0,259.468,0,0,-123.707
"MtrElec",10,11,10,"",110.619,0,0,0,0,0,0,0,0,0,0,0,0,0,0,0,0,0,0,0,0,332.763,0,0,-222.144
"MtrElec",10,11,11,"",0,0,0,0,0,0,0,0,0,0,0,0,0,0,0,0,0,0,0,0,0,397.613,0,66.0059,-463.619
"MtrElec",10,11,12,"",0.0000078,0,0,0,0,0,0,0,0,0,0,0,0,0,0,0,0,0,0,0,0,385.043,0,127.738,-512.781
"MtrElec",10,11,13,"",0,0,0,0,0,0,0,0,0,0,0,0,0,0,0,0,0,0,0,0,0,377.523,0,112.478,-490
"MtrElec",10,11,14,"",79.8718,0,0,0,0,0,0,0,0,0,0,0,0,0,0,0,0,0,0,0,0,374.817,0,0,-294.945
"MtrElec",10,11,15,"",45.7947,0,0,0,0,0,0,0,0,0,0,0,0,0,0,0,0,0,0,0,0,336.737,0,0,-290.943
"MtrElec",10,11,16,"",204.106,0,0,0,0,0,0,0,0,0,0,0,0,0,0,0,0,0,0,0,0,320.191,0,0,-116.085
"MtrElec",10,11,17,"",294.667,0,0,0,0,0,0,0,0,0,0,0,0,0,0,0,0,0,0,0,0,297.965,0,0,-3.29803
"MtrElec",10,11,18,"",321.782,0,0,0,0,0,0,0,0,0,0,0,0,0,0,0,0,0,0,0,0,321.782,0,0,0
"MtrElec",10,11,19,"",170.619,0,0,0,0,0,0,0,0,0,0,0,0,0,0,0,0,0,0,0,0,393.836,0,-223.217,0
"MtrElec",10,11,20,"",238.958,0,0,0,0,0,0,0,0,0,0,0,0,0,0,0,0,0,0,0,0,292.105,0,-53.1478,0
"MtrElec",10,11,21,"",310.87,0,0,0,0,0,0,0,0,0,0,0,0,0,0,0,0,0,0,0,0,310.87,0,0,0
"MtrElec",10,11,22,"",311.587,0,0,0,0,0,0,0,0,0,0,0,0,0,0,0,0,0,0,0,0,311.587,0,0,0
"MtrElec",10,11,23,"",209.048,0,0,0,0,0,0,0,0,0,0,0,0,0,0,0,0,0,0,0,0,209.048,0,0,0
"MtrElec",10,11,24,"",241.44,0,0,0,0,0,0,0,0,0,0,0,0,0,0,0,0,0,0,0,0,241.44,0,0,0
"MtrElec",10,12,1,"",169.83,0,0,0,0,0,0,0,0,0,0,0,0,0,0,0,0,0,0,0,0,169.83,0,0,0
"MtrElec",10,12,2,"",157.436,0,0,0,0,0,0,0,0,0,0,0,0,0,0,0,0,0,0,0,0,157.436,0,0,0
"MtrElec",10,12,3,"",152.732,0,0,0,0,0,0,0,0,0,0,0,0,0,0,0,0,0,0,0,0,152.732,0,0,0
"MtrElec",10,12,4,"",165.264,0,0,0,0,0,0,0,0,0,0,0,0,0,0,0,0,0,0,0,0,165.264,0,0,0
"MtrElec",10,12,5,"",151.528,0,0,0,0,0,0,0,0,0,0,0,0,0,0,0,0,0,0,0,0,151.528,0,0,0
"MtrElec",10,12,6,"",197.331,0,0,0,0,0,0,0,0,0,0,0,0,0,0,0,0,0,0,0,0,197.331,0,0,0
"MtrElec",10,12,7,"",213.136,0,0,0,0,0,0,0,0,0,0,0,0,0,0,0,0,0,0,0,0,213.136,0,0,0
"MtrElec",10,12,8,"",231.69,0,0,0,0,0,0,0,0,0,0,0,0,0,0,0,0,0,0,0,0,293.264,0,0,-61.5739
"MtrElec",10,12,9,"",170.832,0,0,0,0,0,0,0,0,0,0,0,0,0,0,0,0,0,0,0,0,349.389,0,0,-178.558
"MtrElec",10,12,10,"",249.145,0,0,0,0,0,0,0,0,0,0,0,0,0,0,0,0,0,0,0,0,353.276,0,0,-104.131
"MtrElec",10,12,11,"",181.545,0,0,0,0,0,0,0,0,0,0,0,0,0,0,0,0,0,0,0,0,340.187,0,0,-158.643
"MtrElec",10,12,12,"",0.0000078,0,0,0,0,0,0,0,0,0,0,0,0,0,0,0,0,0,0,0,0,381.545,0,97.4022,-478.948
"MtrElec",10,12,13,"",0.0000156,0,0,0,0,0,0,0,0,0,0,0,0,0,0,0,0,0,0,0,0,405.54,0,182.286,-587.826
"MtrElec",10,12,14,"",-90.2289,0,0,0,0,0,0,0,0,0,0,0,0,0,0,0,0,0,0,0,0,311.418,0,223.217,-624.864
"MtrElec",10,12,15,"",-30.8208,0,0,0,0,0,0,0,0,0,0,0,0,0,0,0,0,0,0,0,0,301.067,0,223.217,-555.105
"MtrElec",10,12,16,"",0,0,0,0,0,0,0,0,0,0,0,0,0,0,0,0,0,0,0,0,0,330.678,0,51.2007,-381.879
"MtrElec",10,12,17,"",268.208,0,0,0,0,0,0,0,0,0,0,0,0,0,0,0,0,0,0,0,0,339.15,0,0,-70.9413
"MtrElec",10,12,18,"",303.801,0,0,0,0,0,0,0,0,0,0,0,0,0,0,0,0,0,0,0,0,359.629,0,0,-55.8283
"MtrElec",10,12,19,"",159.82,0,0,0,0,0,0,0,0,0,0,0,0,0,0,0,0,0,0,0,0,383.037,0,-223.217,0
"MtrElec",10,12,20,"",118.492,0,0,0,0,0,0,0,0,0,0,0,0,0,0,0,0,0,0,0,0,341.709,0,-223.217,0
"MtrElec",10,12,21,"",127.442,0,0,0,0,0,0,0,0,0,0,0,0,0,0,0,0,0,0,0,0,350.659,0,-223.217,0
"MtrElec",10,12,22,"",262.443,0,0,0,0,0,0,0,0,0,0,0,0,0,0,0,0,0,0,0,0,294.326,0,-31.8835,0
"MtrElec",10,12,23,"",304.766,0,0,0,0,0,0,0,0,0,0,0,0,0,0,0,0,0,0,0,0,304.766,0,0,0
"MtrElec",10,12,24,"",204.898,0,0,0,0,0,0,0,0,0,0,0,0,0,0,0,0,0,0,0,0,204.898,0,0,0
"MtrElec",10,13,1,"",203.379,0,0,0,0,0,0,0,0,0,0,0,0,0,0,0,0,0,0,0,0,203.379,0,0,0
"MtrElec",10,13,2,"",155.86,0,0,0,0,0,0,0,0,0,0,0,0,0,0,0,0,0,0,0,0,155.86,0,0,0
"MtrElec",10,13,3,"",150.529,0,0,0,0,0,0,0,0,0,0,0,0,0,0,0,0,0,0,0,0,150.529,0,0,0
"MtrElec",10,13,4,"",151.463,0,0,0,0,0,0,0,0,0,0,0,0,0,0,0,0,0,0,0,0,151.463,0,0,0
"MtrElec",10,13,5,"",148.507,0,0,0,0,0,0,0,0,0,0,0,0,0,0,0,0,0,0,0,0,148.507,0,0,0
"MtrElec",10,13,6,"",195.172,0,0,0,0,0,0,0,0,0,0,0,0,0,0,0,0,0,0,0,0,195.172,0,0,0
"MtrElec",10,13,7,"",234.719,0,0,0,0,0,0,0,0,0,0,0,0,0,0,0,0,0,0,0,0,234.719,0,0,0
"MtrElec",10,13,8,"",237.985,0,0,0,0,0,0,0,0,0,0,0,0,0,0,0,0,0,0,0,0,302.23,0,0,-64.2451
"MtrElec",10,13,9,"",87.6243,0,0,0,0,0,0,0,0,0,0,0,0,0,0,0,0,0,0,0,0,336.845,0,0,-249.22
"MtrElec",10,13,10,"",-49.2979,0,0,0,0,0,0,0,0,0,0,0,0,0,0,0,0,0,0,0,0,367.361,0,0,-416.659
"MtrElec",10,13,11,"",0.0000078,0,0,0,0,0,0,0,0,0,0,0,0,0,0,0,0,0,0,0,0,443.79,0,95.2148,-539.005
"MtrElec",10,13,12,"",0,0,0,0,0,0,0,0,0,0,0,0,0,0,0,0,0,0,0,0,0,408.59,0,203.686,-612.276
"MtrElec",10,13,13,"",0.0000156,0,0,0,0,0,0,0,0,0,0,0,0,0,0,0,0,0,0,0,0,423.484,0,212.213,-635.698
"MtrElec",10,13,14,"",0.0000078,0,0,0,0,0,0,0,0,0,0,0,0,0,0,0,0,0,0,0,0,410.518,0,130.562,-541.08
"MtrElec",10,13,15,"",-12.0079,0,0,0,0,0,0,0,0,0,0,0,0,0,0,0,0,0,0,0,0,373.609,0,157.206,-542.822
"MtrElec",10,13,16,"",-12.5314,0,0,0,0,0,0,0,0,0,0,0,0,0,0,0,0,0,0,0,0,437.365,0,0,-449.896
"MtrElec",10,13,17,"",153.939,0,0,0,0,0,0,0,0,0,0,0,0,0,0,0,0,0,0,0,0,447.11,0,0,-293.171
"MtrElec",10,13,18,"",377.223,0,0,0,0,0,0,0,0,0,0,0,0,0,0,0,0,0,0,0,0,478.699,0,0,-101.476
"MtrElec",10,13,19,"",211.224,0,0,0,0,0,0,0,0,0,0,0,0,0,0,0,0,0,0,0,0,434.44,0,-223.217,0
"MtrElec",10,13,20,"",185.796,0,0,0,0,0,0,0,0,0,0,0,0,0,0,0,0,0,0,0,0,409.013,0,-223.217,0
"MtrElec",10,13,21,"",199.424,0,0,0,0,0,0,0,0,0,0,0,0,0,0,0,0,0,0,0,0,422.641,0,-223.217,0
"MtrElec",10,13,22,"",240.196,0,0,0,0,0,0,0,0,0,0,0,0,0,0,0,0,0,0,0,0,291.536,0,-51.3398,0
"MtrElec",10,13,23,"",269.224,0,0,0,0,0,0,0,0,0,0,0,0,0,0,0,0,0,0,0,0,269.224,0,0,0
"MtrElec",10,13,24,"",209.412,0,0,0,0,0,0,0,0,0,0,0,0,0,0,0,0,0,0,0,0,209.412,0,0,0
"MtrElec",10,14,1,"",157.591,0,0,0,0,0,0,0,0,0,0,0,0,0,0,0,0,0,0,0,0,157.591,0,0,0
"MtrElec",10,14,2,"",157.98,0,0,0,0,0,0,0,0,0,0,0,0,0,0,0,0,0,0,0,0,157.98,0,0,0
"MtrElec",10,14,3,"",151.874,0,0,0,0,0,0,0,0,0,0,0,0,0,0,0,0,0,0,0,0,151.874,0,0,0
"MtrElec",10,14,4,"",150.214,0,0,0,0,0,0,0,0,0,0,0,0,0,0,0,0,0,0,0,0,150.214,0,0,0
"MtrElec",10,14,5,"",164.347,0,0,0,0,0,0,0,0,0,0,0,0,0,0,0,0,0,0,0,0,164.347,0,0,0
"MtrElec",10,14,6,"",172.971,0,0,0,0,0,0,0,0,0,0,0,0,0,0,0,0,0,0,0,0,172.971,0,0,0
"MtrElec",10,14,7,"",252.352,0,0,0,0,0,0,0,0,0,0,0,0,0,0,0,0,0,0,0,0,252.352,0,0,0
"MtrElec",10,14,8,"",210.789,0,0,0,0,0,0,0,0,0,0,0,0,0,0,0,0,0,0,0,0,274.457,0,0,-63.6676
"MtrElec",10,14,9,"",100.598,0,0,0,0,0,0,0,0,0,0,0,0,0,0,0,0,0,0,0,0,353.341,0,0,-252.743
"MtrElec",10,14,10,"",39.745,0,0,0,0,0,0,0,0,0,0,0,0,0,0,0,0,0,0,0,0,457.602,0,0,-417.857
"MtrElec",10,14,11,"",0,0,0,0,0,0,0,0,0,0,0,0,0,0,0,0,0,0,0,0,0,495.975,0,36.2975,-532.273
"MtrElec",10,14,12,"",0.0000078,0,0,0,0,0,0,0,0,0,0,0,0,0,0,0,0,0,0,0,0,504.928,0,100.489,-605.418
"MtrElec",10,14,13,"",0,0,0,0,0,0,0,0,0,0,0,0,0,0,0,0,0,0,0,0,0,536.388,0,90.9869,-627.375
"MtrElec",10,14,14,"",0.0000078,0,0,0,0,0,0,0,0,0,0,0,0,0,0,0,0,0,0,0,0,474.557,0,131.002,-605.559
"MtrElec",10,14,15,"",0,0,0,0,0,0,0,0,0,0,0,0,0,0,0,0,0,0,0,0,0,501.373,0,50.916,-552.289
"MtrElec",10,14,16,"",63.5066,0,0,0,0,0,0,0,0,0,0,0,0,0,0,0,0,0,0,0,0,513.527,0,0,-450.02
"MtrElec",10,14,17,"",250.424,0,0,0,0,0,0,0,0,0,0,0,0,0,0,0,0,0,0,0,0,541.571,0,0,-291.147
"MtrElec",10,14,18,"",431.951,0,0,0,0,0,0,0,0,0,0,0,0,0,0,0,0,0,0,0,0,530.09,0,0,-98.1391
"MtrElec",10,14,19,"",308.63,0,0,0,0,0,0,0,0,0,0,0,0,0,0,0,0,0,0,0,0,531.847,0,-223.217,0
"MtrElec",10,14,20,"",326.188,0,0,0,0,0,0,0,0,0,0,0,0,0,0,0,0,0,0,0,0,472.718,0,-146.53,0
"MtrElec",10,14,21,"",508.324,0,0,0,0,0,0,0,0,0,0,0,0,0,0,0,0,0,0,0,0,508.324,0,0,0
"MtrElec",10,14,22,"",349.434,0,0,0,0,0,0,0,0,0,0,0,0,0,0,0,0,0,0,0,0,349.434,0,0,0
"MtrElec",10,14,23,"",289.677,0,0,0,0,0,0,0,0,0,0,0,0,0,0,0,0,0,0,0,0,289.677,0,0,0
"MtrElec",10,14,24,"",216.304,0,0,0,0,0,0,0,0,0,0,0,0,0,0,0,0,0,0,0,0,216.304,0,0,0
"MtrElec",10,15,1,"",186.563,0,0,0,0,0,0,0,0,0,0,0,0,0,0,0,0,0,0,0,0,186.563,0,0,0
"MtrElec",10,15,2,"",166.865,0,0,0,0,0,0,0,0,0,0,0,0,0,0,0,0,0,0,0,0,166.865,0,0,0
"MtrElec",10,15,3,"",189.161,0,0,0,0,0,0,0,0,0,0,0,0,0,0,0,0,0,0,0,0,189.161,0,0,0
"MtrElec",10,15,4,"",156.006,0,0,0,0,0,0,0,0,0,0,0,0,0,0,0,0,0,0,0,0,156.006,0,0,0
"MtrElec",10,15,5,"",150.275,0,0,0,0,0,0,0,0,0,0,0,0,0,0,0,0,0,0,0,0,150.275,0,0,0
"MtrElec",10,15,6,"",158.22,0,0,0,0,0,0,0,0,0,0,0,0,0,0,0,0,0,0,0,0,158.22,0,0,0
"MtrElec",10,15,7,"",266.235,0,0,0,0,0,0,0,0,0,0,0,0,0,0,0,0,0,0,0,0,266.235,0,0,0
"MtrElec",10,15,8,"",262.974,0,0,0,0,0,0,0,0,0,0,0,0,0,0,0,0,0,0,0,0,326.017,0,0,-63.0429
"MtrElec",10,15,9,"",150.41,0,0,0,0,0,0,0,0,0,0,0,0,0,0,0,0,0,0,0,0,395.276,0,0,-244.866
"MtrElec",10,15,10,"",96.67,0,0,0,0,0,0,0,0,0,0,0,0,0,0,0,0,0,0,0,0,505.481,0,0,-408.811
"MtrElec",10,15,11,"",118.694,0,0,0,0,0,0,0,0,0,0,0,0,0,0,0,0,0,0,0,0,581.214,0,0,-462.52
"MtrElec",10,15,12,"",0,0,0,0,0,0,0,0,0,0,0,0,0,0,0,0,0,0,0,0,0,557.742,0,29.9881,-587.73
"MtrElec",10,15,13,"",0,0,0,0,0,0,0,0,0,0,0,0,0,0,0,0,0,0,0,0,0,539.169,0,91.8102,-630.979
"MtrElec",10,15,14,"",0,0,0,0,0,0,0,0,0,0,0,0,0,0,0,0,0,0,0,0,0,547.846,0,79.9844,-627.831
"MtrElec",10,15,15,"",0.0000039,0,0,0,0,0,0,0,0,0,0,0,0,0,0,0,0,0,0,0,0,515.38,0,52.7534,-568.133
"MtrElec",10,15,16,"",104.27,0,0,0,0,0,0,0,0,0,0,0,0,0,0,0,0,0,0,0,0,556.035,0,0,-451.766
"MtrElec",10,15,17,"",263.867,0,0,0,0,0,0,0,0,0,0,0,0,0,0,0,0,0,0,0,0,553.824,0,0,-289.957
"MtrElec",10,15,18,"",460.798,0,0,0,0,0,0,0,0,0,0,0,0,0,0,0,0,0,0,0,0,557.233,0,0,-96.4348
"MtrElec",10,15,19,"",287.789,0,0,0,0,0,0,0,0,0,0,0,0,0,0,0,0,0,0,0,0,511.005,0,-223.217,0
"MtrElec",10,15,20,"",450.305,0,0,0,0,0,0,0,0,0,0,0,0,0,0,0,0,0,0,0,0,456.807,0,-6.50204,0
"MtrElec",10,15,21,"",482.323,0,0,0,0,0,0,0,0,0,0,0,0,0,0,0,0,0,0,0,0,482.323,0,0,0
"MtrElec",10,15,22,"",347.165,0,0,0,0,0,0,0,0,0,0,0,0,0,0,0,0,0,0,0,0,347.165,0,0,0
"MtrElec",10,15,23,"",266.025,0,0,0,0,0,0,0,0,0,0,0,0,0,0,0,0,0,0,0,0,266.025,0,0,0
"MtrElec",10,15,24,"",245.34,0,0,0,0,0,0,0,0,0,0,0,0,0,0,0,0,0,0,0,0,245.34,0,0,0
"MtrElec",10,16,1,"",177.655,0,0,0,0,0,0,0,0,0,0,0,0,0,0,0,0,0,0,0,0,177.655,0,0,0
"MtrElec",10,16,2,"",163.249,0,0,0,0,0,0,0,0,0,0,0,0,0,0,0,0,0,0,0,0,163.249,0,0,0
"MtrElec",10,16,3,"",152.18,0,0,0,0,0,0,0,0,0,0,0,0,0,0,0,0,0,0,0,0,152.18,0,0,0
"MtrElec",10,16,4,"",152.448,0,0,0,0,0,0,0,0,0,0,0,0,0,0,0,0,0,0,0,0,152.448,0,0,0
"MtrElec",10,16,5,"",179.68,0,0,0,0,0,0,0,0,0,0,0,0,0,0,0,0,0,0,0,0,179.68,0,0,0
"MtrElec",10,16,6,"",159.65,0,0,0,0,0,0,0,0,0,0,0,0,0,0,0,0,0,0,0,0,159.65,0,0,0
"MtrElec",10,16,7,"",277.648,0,0,0,0,0,0,0,0,0,0,0,0,0,0,0,0,0,0,0,0,277.648,0,0,0
"MtrElec",10,16,8,"",228.472,0,0,0,0,0,0,0,0,0,0,0,0,0,0,0,0,0,0,0,0,293.83,0,0,-65.3582
"MtrElec",10,16,9,"",125.061,0,0,0,0,0,0,0,0,0,0,0,0,0,0,0,0,0,0,0,0,376.898,0,0,-251.837
"MtrElec",10,16,10,"",51.5279,0,0,0,0,0,0,0,0,0,0,0,0,0,0,0,0,0,0,0,0,471.575,0,0,-420.047
"MtrElec",10,16,11,"",0,0,0,0,0,0,0,0,0,0,0,0,0,0,0,0,0,0,0,0,0,510.279,0,23.7673,-534.046
"MtrElec",10,16,12,"",0.0000078,0,0,0,0,0,0,0,0,0,0,0,0,0,0,0,0,0,0,0,0,497.094,0,102.863,-599.957
"MtrElec",10,16,13,"",0,0,0,0,0,0,0,0,0,0,0,0,0,0,0,0,0,0,0,0,0,592.208,0,27.7224,-619.93
"MtrElec",10,16,14,"",0,0,0,0,0,0,0,0,0,0,0,0,0,0,0,0,0,0,0,0,0,530.287,0,83.0183,-613.306
"MtrElec",10,16,15,"",0,0,0,0,0,0,0,0,0,0,0,0,0,0,0,0,0,0,0,0,0,514.448,0,47.841,-562.289
"MtrElec",10,16,16,"",83.9761,0,0,0,0,0,0,0,0,0,0,0,0,0,0,0,0,0,0,0,0,530.878,0,0,-446.902
"MtrElec",10,16,17,"",277.106,0,0,0,0,0,0,0,0,0,0,0,0,0,0,0,0,0,0,0,0,560.543,0,0,-283.437
"MtrElec",10,16,18,"",436.743,0,0,0,0,0,0,0,0,0,0,0,0,0,0,0,0,0,0,0,0,528.588,0,0,-91.8454
"MtrElec",10,16,19,"",279.961,0,0,0,0,0,0,0,0,0,0,0,0,0,0,0,0,0,0,0,0,503.178,0,-223.217,0
"MtrElec",10,16,20,"",441.124,0,0,0,0,0,0,0,0,0,0,0,0,0,0,0,0,0,0,0,0,475.311,0,-34.1867,0
"MtrElec",10,16,21,"",443.247,0,0,0,0,0,0,0,0,0,0,0,0,0,0,0,0,0,0,0,0,443.247,0,0,0
"MtrElec",10,16,22,"",343.2,0,0,0,0,0,0,0,0,0,0,0,0,0,0,0,0,0,0,0,0,343.2,0,0,0
"MtrElec",10,16,23,"",282.703,0,0,0,0,0,0,0,0,0,0,0,0,0,0,0,0,0,0,0,0,282.703,0,0,0
"MtrElec",10,16,24,"",288.601,0,0,0,0,0,0,0,0,0,0,0,0,0,0,0,0,0,0,0,0,288.601,0,0,0
"MtrElec",10,17,1,"",174.81,0,0,0,0,0,0,0,0,0,0,0,0,0,0,0,0,0,0,0,0,174.81,0,0,0
"MtrElec",10,17,2,"",161.651,0,0,0,0,0,0,0,0,0,0,0,0,0,0,0,0,0,0,0,0,161.651,0,0,0
"MtrElec",10,17,3,"",155.722,0,0,0,0,0,0,0,0,0,0,0,0,0,0,0,0,0,0,0,0,155.722,0,0,0
"MtrElec",10,17,4,"",156.292,0,0,0,0,0,0,0,0,0,0,0,0,0,0,0,0,0,0,0,0,156.292,0,0,0
"MtrElec",10,17,5,"",157.879,0,0,0,0,0,0,0,0,0,0,0,0,0,0,0,0,0,0,0,0,157.879,0,0,0
"MtrElec",10,17,6,"",189.451,0,0,0,0,0,0,0,0,0,0,0,0,0,0,0,0,0,0,0,0,189.451,0,0,0
"MtrElec",10,17,7,"",187.943,0,0,0,0,0,0,0,0,0,0,0,0,0,0,0,0,0,0,0,0,187.943,0,0,0
"MtrElec",10,17,8,"",189.327,0,0,0,0,0,0,0,0,0,0,0,0,0,0,0,0,0,0,0,0,254.214,0,0,-64.887
"MtrElec",10,17,9,"",65.5576,0,0,0,0,0,0,0,0,0,0,0,0,0,0,0,0,0,0,0,0,314.408,0,0,-248.851
"MtrElec",10,17,10,"",51.6789,0,0,0,0,0,0,0,0,0,0,0,0,0,0,0,0,0,0,0,0,464.641,0,0,-412.962
"MtrElec",10,17,11,"",38.6982,0,0,0,0,0,0,0,0,0,0,0,0,0,0,0,0,0,0,0,0,562.194,0,0,-523.496
"MtrElec",10,17,12,"",110.589,0,0,0,0,0,0,0,0,0,0,0,0,0,0,0,0,0,0,0,0,700.103,0,0,-589.513
"MtrElec",10,17,13,"",24.1127,0,0,0,0,0,0,0,0,0,0,0,0,0,0,0,0,0,0,0,0,634.941,0,0,-610.828
"MtrElec",10,17,14,"",50.0309,0,0,0,0,0,0,0,0,0,0,0,0,0,0,0,0,0,0,0,0,640.926,0,0,-590.895
"MtrElec",10,17,15,"",91.0172,0,0,0,0,0,0,0,0,0,0,0,0,0,0,0,0,0,0,0,0,628.905,0,0,-537.888
"MtrElec",10,17,16,"",202.296,0,0,0,0,0,0,0,0,0,0,0,0,0,0,0,0,0,0,0,0,630.785,0,0,-428.49
"MtrElec",10,17,17,"",367.544,0,0,0,0,0,0,0,0,0,0,0,0,0,0,0,0,0,0,0,0,636.385,0,0,-268.84
"MtrElec",10,17,18,"",532.04,0,0,0,0,0,0,0,0,0,0,0,0,0,0,0,0,0,0,0,0,619.399,0,0,-87.3591
"MtrElec",10,17,19,"",611.026,0,0,0,0,0,0,0,0,0,0,0,0,0,0,0,0,0,0,0,0,611.026,0,0,0
"MtrElec",10,17,20,"",505.28,0,0,0,0,0,0,0,0,0,0,0,0,0,0,0,0,0,0,0,0,505.28,0,0,0
"MtrElec",10,17,21,"",448.642,0,0,0,0,0,0,0,0,0,0,0,0,0,0,0,0,0,0,0,0,448.642,0,0,0
"MtrElec",10,17,22,"",445.649,0,0,0,0,0,0,0,0,0,0,0,0,0,0,0,0,0,0,0,0,445.649,0,0,0
"MtrElec",10,17,23,"",299.886,0,0,0,0,0,0,0,0,0,0,0,0,0,0,0,0,0,0,0,0,299.886,0,0,0
"MtrElec",10,17,24,"",255.293,0,0,0,0,0,0,0,0,0,0,0,0,0,0,0,0,0,0,0,0,255.293,0,0,0
"MtrElec",10,18,1,"",188.43,0,0,0,0,0,0,0,0,0,0,0,0,0,0,0,0,0,0,0,0,188.43,0,0,0
"MtrElec",10,18,2,"",170.591,0,0,0,0,0,0,0,0,0,0,0,0,0,0,0,0,0,0,0,0,170.591,0,0,0
"MtrElec",10,18,3,"",171.12,0,0,0,0,0,0,0,0,0,0,0,0,0,0,0,0,0,0,0,0,171.12,0,0,0
"MtrElec",10,18,4,"",202.358,0,0,0,0,0,0,0,0,0,0,0,0,0,0,0,0,0,0,0,0,202.358,0,0,0
"MtrElec",10,18,5,"",178.771,0,0,0,0,0,0,0,0,0,0,0,0,0,0,0,0,0,0,0,0,178.771,0,0,0
"MtrElec",10,18,6,"",177.035,0,0,0,0,0,0,0,0,0,0,0,0,0,0,0,0,0,0,0,0,177.035,0,0,0
"MtrElec",10,18,7,"",194.866,0,0,0,0,0,0,0,0,0,0,0,0,0,0,0,0,0,0,0,0,194.866,0,0,0
"MtrElec",10,18,8,"",263.478,0,0,0,0,0,0,0,0,0,0,0,0,0,0,0,0,0,0,0,0,263.478,0,0,0
"MtrElec",10,18,9,"",315.932,0,0,0,0,0,0,0,0,0,0,0,0,0,0,0,0,0,0,0,0,327.778,0,0,-11.8459
"MtrElec",10,18,10,"",174.971,0,0,0,0,0,0,0,0,0,0,0,0,0,0,0,0,0,0,0,0,367.037,0,0,-192.066
"MtrElec",10,18,11,"",287.095,0,0,0,0,0,0,0,0,0,0,0,0,0,0,0,0,0,0,0,0,441.94,0,0,-154.845
"MtrElec",10,18,12,"",177.599,0,0,0,0,0,0,0,0,0,0,0,0,0,0,0,0,0,0,0,0,445.325,0,0,-267.727
"MtrElec",10,18,13,"",97.9696,0,0,0,0,0,0,0,0,0,0,0,0,0,0,0,0,0,0,0,0,473.554,0,0,-375.584
"MtrElec",10,18,14,"",18.6052,0,0,0,0,0,0,0,0,0,0,0,0,0,0,0,0,0,0,0,0,459.632,0,0,-441.027
"MtrElec",10,18,15,"",0,0,0,0,0,0,0,0,0,0,0,0,0,0,0,0,0,0,0,0,0,458.36,0,68.2948,-526.654
"MtrElec",10,18,16,"",67.5338,0,0,0,0,0,0,0,0,0,0,0,0,0,0,0,0,0,0,0,0,479.743,0,0,-412.21
"MtrElec",10,18,17,"",240.468,0,0,0,0,0,0,0,0,0,0,0,0,0,0,0,0,0,0,0,0,448.761,0,0,-208.293
"MtrElec",10,18,18,"",380.876,0,0,0,0,0,0,0,0,0,0,0,0,0,0,0,0,0,0,0,0,454.05,0,0,-73.1737
"MtrElec",10,18,19,"",427.706,0,0,0,0,0,0,0,0,0,0,0,0,0,0,0,0,0,0,0,0,489.342,0,-61.636,0
"MtrElec",10,18,20,"",398.637,0,0,0,0,0,0,0,0,0,0,0,0,0,0,0,0,0,0,0,0,398.637,0,0,0
"MtrElec",10,18,21,"",411.122,0,0,0,0,0,0,0,0,0,0,0,0,0,0,0,0,0,0,0,0,411.122,0,0,0
"MtrElec",10,18,22,"",399.118,0,0,0,0,0,0,0,0,0,0,0,0,0,0,0,0,0,0,0,0,399.118,0,0,0
"MtrElec",10,18,23,"",271.879,0,0,0,0,0,0,0,0,0,0,0,0,0,0,0,0,0,0,0,0,271.879,0,0,0
"MtrElec",10,18,24,"",223.638,0,0,0,0,0,0,0,0,0,0,0,0,0,0,0,0,0,0,0,0,223.638,0,0,0
"MtrElec",10,19,1,"",188.49,0,0,0,0,0,0,0,0,0,0,0,0,0,0,0,0,0,0,0,0,188.49,0,0,0
"MtrElec",10,19,2,"",162.285,0,0,0,0,0,0,0,0,0,0,0,0,0,0,0,0,0,0,0,0,162.285,0,0,0
"MtrElec",10,19,3,"",153.443,0,0,0,0,0,0,0,0,0,0,0,0,0,0,0,0,0,0,0,0,153.443,0,0,0
"MtrElec",10,19,4,"",152.305,0,0,0,0,0,0,0,0,0,0,0,0,0,0,0,0,0,0,0,0,152.305,0,0,0
"MtrElec",10,19,5,"",150.707,0,0,0,0,0,0,0,0,0,0,0,0,0,0,0,0,0,0,0,0,150.707,0,0,0
"MtrElec",10,19,6,"",195.694,0,0,0,0,0,0,0,0,0,0,0,0,0,0,0,0,0,0,0,0,195.694,0,0,0
"MtrElec",10,19,7,"",249.82,0,0,0,0,0,0,0,0,0,0,0,0,0,0,0,0,0,0,0,0,249.82,0,0,0
"MtrElec",10,19,8,"",287.167,0,0,0,0,0,0,0,0,0,0,0,0,0,0,0,0,0,0,0,0,344.145,0,0,-56.9779
"MtrElec",10,19,9,"",198.226,0,0,0,0,0,0,0,0,0,0,0,0,0,0,0,0,0,0,0,0,431.663,0,0,-233.437
"MtrElec",10,19,10,"",122.686,0,0,0,0,0,0,0,0,0,0,0,0,0,0,0,0,0,0,0,0,526.531,0,0,-403.844
"MtrElec",10,19,11,"",0.0000001,0,0,0,0,0,0,0,0,0,0,0,0,0,0,0,0,0,0,0,0,525.674,0,0.835188,-526.509
"MtrElec",10,19,12,"",0,0,0,0,0,0,0,0,0,0,0,0,0,0,0,0,0,0,0,0,0,520.641,0,81.3096,-601.951
"MtrElec",10,19,13,"",0.0000078,0,0,0,0,0,0,0,0,0,0,0,0,0,0,0,0,0,0,0,0,559.263,0,68.6503,-627.914
"MtrElec",10,19,14,"",0,0,0,0,0,0,0,0,0,0,0,0,0,0,0,0,0,0,0,0,0,447.065,0,175.125,-622.19
"MtrElec",10,19,15,"",0.0000039,0,0,0,0,0,0,0,0,0,0,0,0,0,0,0,0,0,0,0,0,501.84,0,61.1143,-562.955
"MtrElec",10,19,16,"",101.082,0,0,0,0,0,0,0,0,0,0,0,0,0,0,0,0,0,0,0,0,498.923,0,0,-397.841
"MtrElec",10,19,17,"",402.93,0,0,0,0,0,0,0,0,0,0,0,0,0,0,0,0,0,0,0,0,503.577,0,0,-100.647
"MtrElec",10,19,18,"",498.751,0,0,0,0,0,0,0,0,0,0,0,0,0,0,0,0,0,0,0,0,520.225,0,0,-21.4737
"MtrElec",10,19,19,"",266.838,0,0,0,0,0,0,0,0,0,0,0,0,0,0,0,0,0,0,0,0,490.055,0,-223.217,0
"MtrElec",10,19,20,"",318.445,0,0,0,0,0,0,0,0,0,0,0,0,0,0,0,0,0,0,0,0,444.527,0,-126.081,0
"MtrElec",10,19,21,"",449.979,0,0,0,0,0,0,0,0,0,0,0,0,0,0,0,0,0,0,0,0,449.979,0,0,0
"MtrElec",10,19,22,"",341.415,0,0,0,0,0,0,0,0,0,0,0,0,0,0,0,0,0,0,0,0,341.415,0,0,0
"MtrElec",10,19,23,"",301.298,0,0,0,0,0,0,0,0,0,0,0,0,0,0,0,0,0,0,0,0,301.298,0,0,0
"MtrElec",10,19,24,"",215.794,0,0,0,0,0,0,0,0,0,0,0,0,0,0,0,0,0,0,0,0,215.794,0,0,0
"MtrElec",10,20,1,"",179.165,0,0,0,0,0,0,0,0,0,0,0,0,0,0,0,0,0,0,0,0,179.165,0,0,0
"MtrElec",10,20,2,"",161.084,0,0,0,0,0,0,0,0,0,0,0,0,0,0,0,0,0,0,0,0,161.084,0,0,0
"MtrElec",10,20,3,"",155.641,0,0,0,0,0,0,0,0,0,0,0,0,0,0,0,0,0,0,0,0,155.641,0,0,0
"MtrElec",10,20,4,"",156.834,0,0,0,0,0,0,0,0,0,0,0,0,0,0,0,0,0,0,0,0,156.834,0,0,0
"MtrElec",10,20,5,"",151.808,0,0,0,0,0,0,0,0,0,0,0,0,0,0,0,0,0,0,0,0,151.808,0,0,0
"MtrElec",10,20,6,"",183.993,0,0,0,0,0,0,0,0,0,0,0,0,0,0,0,0,0,0,0,0,183.993,0,0,0
"MtrElec",10,20,7,"",299.431,0,0,0,0,0,0,0,0,0,0,0,0,0,0,0,0,0,0,0,0,299.431,0,0,0
"MtrElec",10,20,8,"",287.563,0,0,0,0,0,0,0,0,0,0,0,0,0,0,0,0,0,0,0,0,287.563,0,0,0
"MtrElec",10,20,9,"",338.35,0,0,0,0,0,0,0,0,0,0,0,0,0,0,0,0,0,0,0,0,350.44,0,0,-12.0901
"MtrElec",10,20,10,"",394.526,0,0,0,0,0,0,0,0,0,0,0,0,0,0,0,0,0,0,0,0,428.558,0,0,-34.0322
"MtrElec",10,20,11,"",382.159,0,0,0,0,0,0,0,0,0,0,0,0,0,0,0,0,0,0,0,0,469.442,0,0,-87.2837
"MtrElec",10,20,12,"",272.804,0,0,0,0,0,0,0,0,0,0,0,0,0,0,0,0,0,0,0,0,442.108,0,0,-169.303
"MtrElec",10,20,13,"",137.384,0,0,0,0,0,0,0,0,0,0,0,0,0,0,0,0,0,0,0,0,445.82,0,0,-308.436
"MtrElec",10,20,14,"",125.506,0,0,0,0,0,0,0,0,0,0,0,0,0,0,0,0,0,0,0,0,411.108,0,0,-285.602
"MtrElec",10,20,15,"",200.801,0,0,0,0,0,0,0,0,0,0,0,0,0,0,0,0,0,0,0,0,414.814,0,0,-214.012
"MtrElec",10,20,16,"",365.632,0,0,0,0,0,0,0,0,0,0,0,0,0,0,0,0,0,0,0,0,438.542,0,0,-72.9099
"MtrElec",10,20,17,"",449.275,0,0,0,0,0,0,0,0,0,0,0,0,0,0,0,0,0,0,0,0,474.284,0,0,-25.009
"MtrElec",10,20,18,"",430.243,0,0,0,0,0,0,0,0,0,0,0,0,0,0,0,0,0,0,0,0,440.787,0,0,-10.5437
"MtrElec",10,20,19,"",482.378,0,0,0,0,0,0,0,0,0,0,0,0,0,0,0,0,0,0,0,0,482.378,0,0,0
"MtrElec",10,20,20,"",442.302,0,0,0,0,0,0,0,0,0,0,0,0,0,0,0,0,0,0,0,0,442.302,0,0,0
"MtrElec",10,20,21,"",428.067,0,0,0,0,0,0,0,0,0,0,0,0,0,0,0,0,0,0,0,0,428.067,0,0,0
"MtrElec",10,20,22,"",334.261,0,0,0,0,0,0,0,0,0,0,0,0,0,0,0,0,0,0,0,0,334.261,0,0,0
"MtrElec",10,20,23,"",254.511,0,0,0,0,0,0,0,0,0,0,0,0,0,0,0,0,0,0,0,0,254.511,0,0,0
"MtrElec",10,20,24,"",238.821,0,0,0,0,0,0,0,0,0,0,0,0,0,0,0,0,0,0,0,0,238.821,0,0,0
"MtrElec",10,21,1,"",168.665,0,0,0,0,0,0,0,0,0,0,0,0,0,0,0,0,0,0,0,0,168.665,0,0,0
"MtrElec",10,21,2,"",157.648,0,0,0,0,0,0,0,0,0,0,0,0,0,0,0,0,0,0,0,0,157.648,0,0,0
"MtrElec",10,21,3,"",153.341,0,0,0,0,0,0,0,0,0,0,0,0,0,0,0,0,0,0,0,0,153.341,0,0,0
"MtrElec",10,21,4,"",153.328,0,0,0,0,0,0,0,0,0,0,0,0,0,0,0,0,0,0,0,0,153.328,0,0,0
"MtrElec",10,21,5,"",150.146,0,0,0,0,0,0,0,0,0,0,0,0,0,0,0,0,0,0,0,0,150.146,0,0,0
"MtrElec",10,21,6,"",190.064,0,0,0,0,0,0,0,0,0,0,0,0,0,0,0,0,0,0,0,0,190.064,0,0,0
"MtrElec",10,21,7,"",244.241,0,0,0,0,0,0,0,0,0,0,0,0,0,0,0,0,0,0,0,0,244.241,0,0,0
"MtrElec",10,21,8,"",315.805,0,0,0,0,0,0,0,0,0,0,0,0,0,0,0,0,0,0,0,0,319.891,0,0,-4.08548
"MtrElec",10,21,9,"",351.83,0,0,0,0,0,0,0,0,0,0,0,0,0,0,0,0,0,0,0,0,394.249,0,0,-42.4184
"MtrElec",10,21,10,"",346.047,0,0,0,0,0,0,0,0,0,0,0,0,0,0,0,0,0,0,0,0,478.839,0,0,-132.792
"MtrElec",10,21,11,"",144.334,0,0,0,0,0,0,0,0,0,0,0,0,0,0,0,0,0,0,0,0,423.897,0,0,-279.563
"MtrElec",10,21,12,"",100.076,0,0,0,0,0,0,0,0,0,0,0,0,0,0,0,0,0,0,0,0,497.104,0,0,-397.029
"MtrElec",10,21,13,"",64.1333,0,0,0,0,0,0,0,0,0,0,0,0,0,0,0,0,0,0,0,0,540.251,0,0,-476.118
"MtrElec",10,21,14,"",0,0,0,0,0,0,0,0,0,0,0,0,0,0,0,0,0,0,0,0,0,407.454,0,135.221,-542.675
"MtrElec",10,21,15,"",234.163,0,0,0,0,0,0,0,0,0,0,0,0,0,0,0,0,0,0,0,0,452.197,0,0,-218.034
"MtrElec",10,21,16,"",96.5552,0,0,0,0,0,0,0,0,0,0,0,0,0,0,0,0,0,0,0,0,469.34,0,0,-372.785
"MtrElec",10,21,17,"",202.794,0,0,0,0,0,0,0,0,0,0,0,0,0,0,0,0,0,0,0,0,464.263,0,0,-261.468
"MtrElec",10,21,18,"",426.661,0,0,0,0,0,0,0,0,0,0,0,0,0,0,0,0,0,0,0,0,496.879,0,0,-70.2179
"MtrElec",10,21,19,"",299.928,0,0,0,0,0,0,0,0,0,0,0,0,0,0,0,0,0,0,0,0,421.966,0,-122.037,0
"MtrElec",10,21,20,"",490.075,0,0,0,0,0,0,0,0,0,0,0,0,0,0,0,0,0,0,0,0,490.075,0,0,0
"MtrElec",10,21,21,"",431.585,0,0,0,0,0,0,0,0,0,0,0,0,0,0,0,0,0,0,0,0,431.585,0,0,0
"MtrElec",10,21,22,"",299.798,0,0,0,0,0,0,0,0,0,0,0,0,0,0,0,0,0,0,0,0,299.798,0,0,0
"MtrElec",10,21,23,"",292.74,0,0,0,0,0,0,0,0,0,0,0,0,0,0,0,0,0,0,0,0,292.74,0,0,0
"MtrElec",10,21,24,"",220.406,0,0,0,0,0,0,0,0,0,0,0,0,0,0,0,0,0,0,0,0,220.406,0,0,0
"MtrElec",10,22,1,"",169.507,0,0,0,0,0,0,0,0,0,0,0,0,0,0,0,0,0,0,0,0,169.507,0,0,0
"MtrElec",10,22,2,"",156.282,0,0,0,0,0,0,0,0,0,0,0,0,0,0,0,0,0,0,0,0,156.282,0,0,0
"MtrElec",10,22,3,"",188.067,0,0,0,0,0,0,0,0,0,0,0,0,0,0,0,0,0,0,0,0,188.067,0,0,0
"MtrElec",10,22,4,"",162.014,0,0,0,0,0,0,0,0,0,0,0,0,0,0,0,0,0,0,0,0,162.014,0,0,0
"MtrElec",10,22,5,"",147.866,0,0,0,0,0,0,0,0,0,0,0,0,0,0,0,0,0,0,0,0,147.866,0,0,0
"MtrElec",10,22,6,"",158.991,0,0,0,0,0,0,0,0,0,0,0,0,0,0,0,0,0,0,0,0,158.991,0,0,0
"MtrElec",10,22,7,"",279.747,0,0,0,0,0,0,0,0,0,0,0,0,0,0,0,0,0,0,0,0,279.747,0,0,0
"MtrElec",10,22,8,"",272.134,0,0,0,0,0,0,0,0,0,0,0,0,0,0,0,0,0,0,0,0,281.731,0,0,-9.59649
"MtrElec",10,22,9,"",219.324,0,0,0,0,0,0,0,0,0,0,0,0,0,0,0,0,0,0,0,0,332.291,0,0,-112.966
"MtrElec",10,22,10,"",263.246,0,0,0,0,0,0,0,0,0,0,0,0,0,0,0,0,0,0,0,0,420.761,0,0,-157.515
"MtrElec",10,22,11,"",176.456,0,0,0,0,0,0,0,0,0,0,0,0,0,0,0,0,0,0,0,0,393.846,0,0,-217.39
"MtrElec",10,22,12,"",146.83,0,0,0,0,0,0,0,0,0,0,0,0,0,0,0,0,0,0,0,0,429.503,0,0,-282.673
"MtrElec",10,22,13,"",166.195,0,0,0,0,0,0,0,0,0,0,0,0,0,0,0,0,0,0,0,0,434.178,0,0,-267.982
"MtrElec",10,22,14,"",4.41469,0,0,0,0,0,0,0,0,0,0,0,0,0,0,0,0,0,0,0,0,386.558,0,0,-382.143
"MtrElec",10,22,15,"",0,0,0,0,0,0,0,0,0,0,0,0,0,0,0,0,0,0,0,0,0,423.88,0,132.791,-556.671
"MtrElec",10,22,16,"",0,0,0,0,0,0,0,0,0,0,0,0,0,0,0,0,0,0,0,0,0,400.612,0,37.5528,-438.165
"MtrElec",10,22,17,"",239.243,0,0,0,0,0,0,0,0,0,0,0,0,0,0,0,0,0,0,0,0,439.456,0,0,-200.213
"MtrElec",10,22,18,"",377.372,0,0,0,0,0,0,0,0,0,0,0,0,0,0,0,0,0,0,0,0,428.121,0,0,-50.7489
"MtrElec",10,22,19,"",308.013,0,0,0,0,0,0,0,0,0,0,0,0,0,0,0,0,0,0,0,0,461.748,0,-153.735,0
"MtrElec",10,22,20,"",408.164,0,0,0,0,0,0,0,0,0,0,0,0,0,0,0,0,0,0,0,0,408.164,0,0,0
"MtrElec",10,22,21,"",381.617,0,0,0,0,0,0,0,0,0,0,0,0,0,0,0,0,0,0,0,0,381.617,0,0,0
"MtrElec",10,22,22,"",334.615,0,0,0,0,0,0,0,0,0,0,0,0,0,0,0,0,0,0,0,0,334.615,0,0,0
"MtrElec",10,22,23,"",250.063,0,0,0,0,0,0,0,0,0,0,0,0,0,0,0,0,0,0,0,0,250.063,0,0,0
"MtrElec",10,22,24,"",249.465,0,0,0,0,0,0,0,0,0,0,0,0,0,0,0,0,0,0,0,0,249.465,0,0,0
"MtrElec",10,23,1,"",157.186,0,0,0,0,0,0,0,0,0,0,0,0,0,0,0,0,0,0,0,0,157.186,0,0,0
"MtrElec",10,23,2,"",157.63,0,0,0,0,0,0,0,0,0,0,0,0,0,0,0,0,0,0,0,0,157.63,0,0,0
"MtrElec",10,23,3,"",154.547,0,0,0,0,0,0,0,0,0,0,0,0,0,0,0,0,0,0,0,0,154.547,0,0,0
"MtrElec",10,23,4,"",155.151,0,0,0,0,0,0,0,0,0,0,0,0,0,0,0,0,0,0,0,0,155.151,0,0,0
"MtrElec",10,23,5,"",151.95,0,0,0,0,0,0,0,0,0,0,0,0,0,0,0,0,0,0,0,0,151.95,0,0,0
"MtrElec",10,23,6,"",188.556,0,0,0,0,0,0,0,0,0,0,0,0,0,0,0,0,0,0,0,0,188.556,0,0,0
"MtrElec",10,23,7,"",250.979,0,0,0,0,0,0,0,0,0,0,0,0,0,0,0,0,0,0,0,0,250.979,0,0,0
"MtrElec",10,23,8,"",296.963,0,0,0,0,0,0,0,0,0,0,0,0,0,0,0,0,0,0,0,0,310.756,0,0,-13.7923
"MtrElec",10,23,9,"",251.915,0,0,0,0,0,0,0,0,0,0,0,0,0,0,0,0,0,0,0,0,339.454,0,0,-87.5387
"MtrElec",10,23,10,"",91.1209,0,0,0,0,0,0,0,0,0,0,0,0,0,0,0,0,0,0,0,0,455.944,0,0,-364.823
"MtrElec",10,23,11,"",0,0,0,0,0,0,0,0,0,0,0,0,0,0,0,0,0,0,0,0,0,429.285,0,0.647156,-429.932
"MtrElec",10,23,12,"",0,0,0,0,0,0,0,0,0,0,0,0,0,0,0,0,0,0,0,0,0,463.723,0,156.462,-620.185
"MtrElec",10,23,13,"",0,0,0,0,0,0,0,0,0,0,0,0,0,0,0,0,0,0,0,0,0,471.561,0,170.738,-642.299
"MtrElec",10,23,14,"",-16.2222,0,0,0,0,0,0,0,0,0,0,0,0,0,0,0,0,0,0,0,0,381.133,0,223.217,-620.572
"MtrElec",10,23,15,"",0,0,0,0,0,0,0,0,0,0,0,0,0,0,0,0,0,0,0,0,0,394.423,0,156.178,-550.601
"MtrElec",10,23,16,"",0.0000039,0,0,0,0,0,0,0,0,0,0,0,0,0,0,0,0,0,0,0,0,380.839,0,62.1354,-442.975
"MtrElec",10,23,17,"",114.964,0,0,0,0,0,0,0,0,0,0,0,0,0,0,0,0,0,0,0,0,392.365,0,0,-277.401
"MtrElec",10,23,18,"",380.542,0,0,0,0,0,0,0,0,0,0,0,0,0,0,0,0,0,0,0,0,453.149,0,0,-72.6068
"MtrElec",10,23,19,"",198.565,0,0,0,0,0,0,0,0,0,0,0,0,0,0,0,0,0,0,0,0,421.781,0,-223.217,0
"MtrElec",10,23,20,"",210.374,0,0,0,0,0,0,0,0,0,0,0,0,0,0,0,0,0,0,0,0,433.591,0,-223.217,0
"MtrElec",10,23,21,"",180.688,0,0,0,0,0,0,0,0,0,0,0,0,0,0,0,0,0,0,0,0,403.905,0,-223.217,0
"MtrElec",10,23,22,"",257.326,0,0,0,0,0,0,0,0,0,0,0,0,0,0,0,0,0,0,0,0,282.039,0,-24.7129,0
"MtrElec",10,23,23,"",256.87,0,0,0,0,0,0,0,0,0,0,0,0,0,0,0,0,0,0,0,0,256.87,0,0,0
"MtrElec",10,23,24,"",196.694,0,0,0,0,0,0,0,0,0,0,0,0,0,0,0,0,0,0,0,0,196.694,0,0,0
"MtrElec",10,24,1,"",187.619,0,0,0,0,0,0,0,0,0,0,0,0,0,0,0,0,0,0,0,0,187.619,0,0,0
"MtrElec",10,24,2,"",174.45,0,0,0,0,0,0,0,0,0,0,0,0,0,0,0,0,0,0,0,0,174.45,0,0,0
"MtrElec",10,24,3,"",158.029,0,0,0,0,0,0,0,0,0,0,0,0,0,0,0,0,0,0,0,0,158.029,0,0,0
"MtrElec",10,24,4,"",156.03,0,0,0,0,0,0,0,0,0,0,0,0,0,0,0,0,0,0,0,0,156.03,0,0,0
"MtrElec",10,24,5,"",163.795,0,0,0,0,0,0,0,0,0,0,0,0,0,0,0,0,0,0,0,0,163.795,0,0,0
"MtrElec",10,24,6,"",154.998,0,0,0,0,0,0,0,0,0,0,0,0,0,0,0,0,0,0,0,0,154.998,0,0,0
"MtrElec",10,24,7,"",188.906,0,0,0,0,0,0,0,0,0,0,0,0,0,0,0,0,0,0,0,0,188.906,0,0,0
"MtrElec",10,24,8,"",190.426,0,0,0,0,0,0,0,0,0,0,0,0,0,0,0,0,0,0,0,0,253.292,0,0,-62.8666
"MtrElec",10,24,9,"",59.8411,0,0,0,0,0,0,0,0,0,0,0,0,0,0,0,0,0,0,0,0,312.286,0,0,-252.445
"MtrElec",10,24,10,"",-23.2051,0,0,0,0,0,0,0,0,0,0,0,0,0,0,0,0,0,0,0,0,403.035,0,0,-426.24
"MtrElec",10,24,11,"",0,0,0,0,0,0,0,0,0,0,0,0,0,0,0,0,0,0,0,0,0,436.873,0,111.516,-548.39
"MtrElec",10,24,12,"",0.0000078,0,0,0,0,0,0,0,0,0,0,0,0,0,0,0,0,0,0,0,0,543.032,0,75.6144,-618.646
"MtrElec",10,24,13,"",0,0,0,0,0,0,0,0,0,0,0,0,0,0,0,0,0,0,0,0,0,475.628,0,179.249,-654.877
"MtrElec",10,24,14,"",-1.592,0,0,0,0,0,0,0,0,0,0,0,0,0,0,0,0,0,0,0,0,419.086,0,223.217,-643.895
"MtrElec",10,24,15,"",0,0,0,0,0,0,0,0,0,0,0,0,0,0,0,0,0,0,0,0,0,468.954,0,105.861,-574.815
"MtrElec",10,24,16,"",0,0,0,0,0,0,0,0,0,0,0,0,0,0,0,0,0,0,0,0,0,440.958,0,16.5071,-457.465
"MtrElec",10,24,17,"",150.213,0,0,0,0,0,0,0,0,0,0,0,0,0,0,0,0,0,0,0,0,432.567,0,0,-282.355
"MtrElec",10,24,18,"",374.114,0,0,0,0,0,0,0,0,0,0,0,0,0,0,0,0,0,0,0,0,446.646,0,0,-72.5322
"MtrElec",10,24,19,"",216.4,0,0,0,0,0,0,0,0,0,0,0,0,0,0,0,0,0,0,0,0,439.617,0,-223.217,0
"MtrElec",10,24,20,"",170.333,0,0,0,0,0,0,0,0,0,0,0,0,0,0,0,0,0,0,0,0,393.549,0,-223.217,0
"MtrElec",10,24,21,"",127.543,0,0,0,0,0,0,0,0,0,0,0,0,0,0,0,0,0,0,0,0,323.656,0,-196.114,0
"MtrElec",10,24,22,"",333.013,0,0,0,0,0,0,0,0,0,0,0,0,0,0,0,0,0,0,0,0,333.013,0,0,0
"MtrElec",10,24,23,"",204.965,0,0,0,0,0,0,0,0,0,0,0,0,0,0,0,0,0,0,0,0,204.965,0,0,0
"MtrElec",10,24,24,"",217.254,0,0,0,0,0,0,0,0,0,0,0,0,0,0,0,0,0,0,0,0,217.254,0,0,0
"MtrElec",10,25,1,"",172.801,0,0,0,0,0,0,0,0,0,0,0,0,0,0,0,0,0,0,0,0,172.801,0,0,0
"MtrElec",10,25,2,"",155.374,0,0,0,0,0,0,0,0,0,0,0,0,0,0,0,0,0,0,0,0,155.374,0,0,0
"MtrElec",10,25,3,"",153.978,0,0,0,0,0,0,0,0,0,0,0,0,0,0,0,0,0,0,0,0,153.978,0,0,0
"MtrElec",10,25,4,"",154.157,0,0,0,0,0,0,0,0,0,0,0,0,0,0,0,0,0,0,0,0,154.157,0,0,0
"MtrElec",10,25,5,"",164.344,0,0,0,0,0,0,0,0,0,0,0,0,0,0,0,0,0,0,0,0,164.344,0,0,0
"MtrElec",10,25,6,"",155.136,0,0,0,0,0,0,0,0,0,0,0,0,0,0,0,0,0,0,0,0,155.136,0,0,0
"MtrElec",10,25,7,"",206.321,0,0,0,0,0,0,0,0,0,0,0,0,0,0,0,0,0,0,0,0,206.321,0,0,0
"MtrElec",10,25,8,"",141.522,0,0,0,0,0,0,0,0,0,0,0,0,0,0,0,0,0,0,0,0,200.883,0,0,-59.3609
"MtrElec",10,25,9,"",73.3626,0,0,0,0,0,0,0,0,0,0,0,0,0,0,0,0,0,0,0,0,313.183,0,0,-239.82
"MtrElec",10,25,10,"",-74.4398,0,0,0,0,0,0,0,0,0,0,0,0,0,0,0,0,0,0,0,0,337.874,0,0,-412.314
"MtrElec",10,25,11,"",0,0,0,0,0,0,0,0,0,0,0,0,0,0,0,0,0,0,0,0,0,373.998,0,165.76,-539.758
"MtrElec",10,25,12,"",0,0,0,0,0,0,0,0,0,0,0,0,0,0,0,0,0,0,0,0,0,413.357,0,193.421,-606.778
"MtrElec",10,25,13,"",-0.972875,0,0,0,0,0,0,0,0,0,0,0,0,0,0,0,0,0,0,0,0,414.067,0,223.217,-638.256
"MtrElec",10,25,14,"",-6.82789,0,0,0,0,0,0,0,0,0,0,0,0,0,0,0,0,0,0,0,0,402.025,0,216.484,-625.337
"MtrElec",10,25,15,"",-146.785,0,0,0,0,0,0,0,0,0,0,0,0,0,0,0,0,0,0,0,0,403.329,0,0,-550.113
"MtrElec",10,25,16,"",-20.6582,0,0,0,0,0,0,0,0,0,0,0,0,0,0,0,0,0,0,0,0,408.044,0,0,-428.702
"MtrElec",10,25,17,"",176.874,0,0,0,0,0,0,0,0,0,0,0,0,0,0,0,0,0,0,0,0,439.409,0,0,-262.534
"MtrElec",10,25,18,"",336.919,0,0,0,0,0,0,0,0,0,0,0,0,0,0,0,0,0,0,0,0,403.963,0,0,-67.0443
"MtrElec",10,25,19,"",186.438,0,0,0,0,0,0,0,0,0,0,0,0,0,0,0,0,0,0,0,0,409.655,0,-223.217,0
"MtrElec",10,25,20,"",109.06,0,0,0,0,0,0,0,0,0,0,0,0,0,0,0,0,0,0,0,0,332.277,0,-223.217,0
"MtrElec",10,25,21,"",126.203,0,0,0,0,0,0,0,0,0,0,0,0,0,0,0,0,0,0,0,0,349.42,0,-223.217,0
"MtrElec",10,25,22,"",279.582,0,0,0,0,0,0,0,0,0,0,0,0,0,0,0,0,0,0,0,0,330.922,0,-51.3398,0
"MtrElec",10,25,23,"",258.94,0,0,0,0,0,0,0,0,0,0,0,0,0,0,0,0,0,0,0,0,258.94,0,0,0
"MtrElec",10,25,24,"",224.211,0,0,0,0,0,0,0,0,0,0,0,0,0,0,0,0,0,0,0,0,224.211,0,0,0
"MtrElec",10,26,1,"",171.162,0,0,0,0,0,0,0,0,0,0,0,0,0,0,0,0,0,0,0,0,171.162,0,0,0
"MtrElec",10,26,2,"",155.577,0,0,0,0,0,0,0,0,0,0,0,0,0,0,0,0,0,0,0,0,155.577,0,0,0
"MtrElec",10,26,3,"",153.466,0,0,0,0,0,0,0,0,0,0,0,0,0,0,0,0,0,0,0,0,153.466,0,0,0
"MtrElec",10,26,4,"",154.6,0,0,0,0,0,0,0,0,0,0,0,0,0,0,0,0,0,0,0,0,154.6,0,0,0
"MtrElec",10,26,5,"",153.56,0,0,0,0,0,0,0,0,0,0,0,0,0,0,0,0,0,0,0,0,153.56,0,0,0
"MtrElec",10,26,6,"",175.289,0,0,0,0,0,0,0,0,0,0,0,0,0,0,0,0,0,0,0,0,175.289,0,0,0
"MtrElec",10,26,7,"",215.854,0,0,0,0,0,0,0,0,0,0,0,0,0,0,0,0,0,0,0,0,215.854,0,0,0
"MtrElec",10,26,8,"",255.981,0,0,0,0,0,0,0,0,0,0,0,0,0,0,0,0,0,0,0,0,313.103,0,0,-57.1216
"MtrElec",10,26,9,"",140.993,0,0,0,0,0,0,0,0,0,0,0,0,0,0,0,0,0,0,0,0,382.3,0,0,-241.307
"MtrElec",10,26,10,"",1.57972,0,0,0,0,0,0,0,0,0,0,0,0,0,0,0,0,0,0,0,0,412.937,0,0,-411.357
"MtrElec",10,26,11,"",0.0000039,0,0,0,0,0,0,0,0,0,0,0,0,0,0,0,0,0,0,0,0,470.998,0,58.2483,-529.246
"MtrElec",10,26,12,"",0.0000078,0,0,0,0,0,0,0,0,0,0,0,0,0,0,0,0,0,0,0,0,485.114,0,114.36,-599.474
"MtrElec",10,26,13,"",0,0,0,0,0,0,0,0,0,0,0,0,0,0,0,0,0,0,0,0,0,539.429,0,79.6318,-619.06
"MtrElec",10,26,14,"",0,0,0,0,0,0,0,0,0,0,0,0,0,0,0,0,0,0,0,0,0,452.409,0,145.37,-597.779
"MtrElec",10,26,15,"",0,0,0,0,0,0,0,0,0,0,0,0,0,0,0,0,0,0,0,0,0,495.538,0,39.9696,-535.508
"MtrElec",10,26,16,"",97.6482,0,0,0,0,0,0,0,0,0,0,0,0,0,0,0,0,0,0,0,0,516.693,0,0,-419.045
"MtrElec",10,26,17,"",292.812,0,0,0,0,0,0,0,0,0,0,0,0,0,0,0,0,0,0,0,0,550.136,0,0,-257.324
"MtrElec",10,26,18,"",511.358,0,0,0,0,0,0,0,0,0,0,0,0,0,0,0,0,0,0,0,0,577.273,0,0,-65.9143
"MtrElec",10,26,19,"",299.803,0,0,0,0,0,0,0,0,0,0,0,0,0,0,0,0,0,0,0,0,523.02,0,-223.217,0
"MtrElec",10,26,20,"",274.633,0,0,0,0,0,0,0,0,0,0,0,0,0,0,0,0,0,0,0,0,446.332,0,-171.699,0
"MtrElec",10,26,21,"",430.377,0,0,0,0,0,0,0,0,0,0,0,0,0,0,0,0,0,0,0,0,430.377,0,0,0
"MtrElec",10,26,22,"",341.924,0,0,0,0,0,0,0,0,0,0,0,0,0,0,0,0,0,0,0,0,341.924,0,0,0
"MtrElec",10,26,23,"",222.083,0,0,0,0,0,0,0,0,0,0,0,0,0,0,0,0,0,0,0,0,222.083,0,0,0
"MtrElec",10,26,24,"",226.109,0,0,0,0,0,0,0,0,0,0,0,0,0,0,0,0,0,0,0,0,226.109,0,0,0
"MtrElec",10,27,1,"",164.292,0,0,0,0,0,0,0,0,0,0,0,0,0,0,0,0,0,0,0,0,164.292,0,0,0
"MtrElec",10,27,2,"",156.122,0,0,0,0,0,0,0,0,0,0,0,0,0,0,0,0,0,0,0,0,156.122,0,0,0
"MtrElec",10,27,3,"",149.486,0,0,0,0,0,0,0,0,0,0,0,0,0,0,0,0,0,0,0,0,149.486,0,0,0
"MtrElec",10,27,4,"",152.299,0,0,0,0,0,0,0,0,0,0,0,0,0,0,0,0,0,0,0,0,152.299,0,0,0
"MtrElec",10,27,5,"",147.292,0,0,0,0,0,0,0,0,0,0,0,0,0,0,0,0,0,0,0,0,147.292,0,0,0
"MtrElec",10,27,6,"",200.207,0,0,0,0,0,0,0,0,0,0,0,0,0,0,0,0,0,0,0,0,200.207,0,0,0
"MtrElec",10,27,7,"",206.43,0,0,0,0,0,0,0,0,0,0,0,0,0,0,0,0,0,0,0,0,206.43,0,0,0
"MtrElec",10,27,8,"",242.744,0,0,0,0,0,0,0,0,0,0,0,0,0,0,0,0,0,0,0,0,299.003,0,0,-56.2586
"MtrElec",10,27,9,"",108.112,0,0,0,0,0,0,0,0,0,0,0,0,0,0,0,0,0,0,0,0,345.349,0,0,-237.237
"MtrElec",10,27,10,"",44.8402,0,0,0,0,0,0,0,0,0,0,0,0,0,0,0,0,0,0,0,0,454.992,0,0,-410.152
"MtrElec",10,27,11,"",0.0000020,0,0,0,0,0,0,0,0,0,0,0,0,0,0,0,0,0,0,0,0,504.563,0,20.8136,-525.377
"MtrElec",10,27,12,"",0,0,0,0,0,0,0,0,0,0,0,0,0,0,0,0,0,0,0,0,0,529.632,0,63.368,-593
"MtrElec",10,27,13,"",0,0,0,0,0,0,0,0,0,0,0,0,0,0,0,0,0,0,0,0,0,555.2,0,59.8104,-615.01
"MtrElec",10,27,14,"",0.0000078,0,0,0,0,0,0,0,0,0,0,0,0,0,0,0,0,0,0,0,0,470.855,0,121.109,-591.964
"MtrElec",10,27,15,"",11.9541,0,0,0,0,0,0,0,0,0,0,0,0,0,0,0,0,0,0,0,0,538.627,0,0,-526.673
"MtrElec",10,27,16,"",112.356,0,0,0,0,0,0,0,0,0,0,0,0,0,0,0,0,0,0,0,0,536.59,0,0,-424.234
"MtrElec",10,27,17,"",304.582,0,0,0,0,0,0,0,0,0,0,0,0,0,0,0,0,0,0,0,0,568.343,0,0,-263.761
"MtrElec",10,27,18,"",494.409,0,0,0,0,0,0,0,0,0,0,0,0,0,0,0,0,0,0,0,0,559.683,0,0,-65.2744
"MtrElec",10,27,19,"",241.909,0,0,0,0,0,0,0,0,0,0,0,0,0,0,0,0,0,0,0,0,465.126,0,-223.217,0
"MtrElec",10,27,20,"",464.314,0,0,0,0,0,0,0,0,0,0,0,0,0,0,0,0,0,0,0,0,480.351,0,-16.0371,0
"MtrElec",10,27,21,"",436.713,0,0,0,0,0,0,0,0,0,0,0,0,0,0,0,0,0,0,0,0,436.713,0,0,0
"MtrElec",10,27,22,"",336.433,0,0,0,0,0,0,0,0,0,0,0,0,0,0,0,0,0,0,0,0,336.433,0,0,0
"MtrElec",10,27,23,"",285.03,0,0,0,0,0,0,0,0,0,0,0,0,0,0,0,0,0,0,0,0,285.03,0,0,0
"MtrElec",10,27,24,"",238.107,0,0,0,0,0,0,0,0,0,0,0,0,0,0,0,0,0,0,0,0,238.107,0,0,0
"MtrElec",10,28,1,"",175.477,0,0,0,0,0,0,0,0,0,0,0,0,0,0,0,0,0,0,0,0,175.477,0,0,0
"MtrElec",10,28,2,"",161.739,0,0,0,0,0,0,0,0,0,0,0,0,0,0,0,0,0,0,0,0,161.739,0,0,0
"MtrElec",10,28,3,"",154.975,0,0,0,0,0,0,0,0,0,0,0,0,0,0,0,0,0,0,0,0,154.975,0,0,0
"MtrElec",10,28,4,"",154.738,0,0,0,0,0,0,0,0,0,0,0,0,0,0,0,0,0,0,0,0,154.738,0,0,0
"MtrElec",10,28,5,"",154.827,0,0,0,0,0,0,0,0,0,0,0,0,0,0,0,0,0,0,0,0,154.827,0,0,0
"MtrElec",10,28,6,"",177.202,0,0,0,0,0,0,0,0,0,0,0,0,0,0,0,0,0,0,0,0,177.202,0,0,0
"MtrElec",10,28,7,"",220.522,0,0,0,0,0,0,0,0,0,0,0,0,0,0,0,0,0,0,0,0,220.522,0,0,0
"MtrElec",10,28,8,"",234.171,0,0,0,0,0,0,0,0,0,0,0,0,0,0,0,0,0,0,0,0,290.072,0,0,-55.9004
"MtrElec",10,28,9,"",144.257,0,0,0,0,0,0,0,0,0,0,0,0,0,0,0,0,0,0,0,0,382.808,0,0,-238.551
"MtrElec",10,28,10,"",-9.04566,0,0,0,0,0,0,0,0,0,0,0,0,0,0,0,0,0,0,0,0,400.885,0,0,-409.931
"MtrElec",10,28,11,"",0.0000039,0,0,0,0,0,0,0,0,0,0,0,0,0,0,0,0,0,0,0,0,487.182,0,45.8466,-533.029
"MtrElec",10,28,12,"",0,0,0,0,0,0,0,0,0,0,0,0,0,0,0,0,0,0,0,0,0,493.569,0,111.062,-604.632
"MtrElec",10,28,13,"",0,0,0,0,0,0,0,0,0,0,0,0,0,0,0,0,0,0,0,0,0,486.288,0,141.432,-627.72
"MtrElec",10,28,14,"",0,0,0,0,0,0,0,0,0,0,0,0,0,0,0,0,0,0,0,0,0,489.123,0,124.444,-613.568
"MtrElec",10,28,15,"",0,0,0,0,0,0,0,0,0,0,0,0,0,0,0,0,0,0,0,0,0,449.809,0,90.1342,-539.943
"MtrElec",10,28,16,"",67.8348,0,0,0,0,0,0,0,0,0,0,0,0,0,0,0,0,0,0,0,0,487.588,0,0,-419.753
"MtrElec",10,28,17,"",217.841,0,0,0,0,0,0,0,0,0,0,0,0,0,0,0,0,0,0,0,0,480.586,0,0,-262.745
"MtrElec",10,28,18,"",451.657,0,0,0,0,0,0,0,0,0,0,0,0,0,0,0,0,0,0,0,0,517.024,0,0,-65.3677
"MtrElec",10,28,19,"",212.247,0,0,0,0,0,0,0,0,0,0,0,0,0,0,0,0,0,0,0,0,435.464,0,-223.217,0
"MtrElec",10,28,20,"",220.911,0,0,0,0,0,0,0,0,0,0,0,0,0,0,0,0,0,0,0,0,444.128,0,-223.217,0
"MtrElec",10,28,21,"",477.81,0,0,0,0,0,0,0,0,0,0,0,0,0,0,0,0,0,0,0,0,494.286,0,-16.476,0
"MtrElec",10,28,22,"",307.214,0,0,0,0,0,0,0,0,0,0,0,0,0,0,0,0,0,0,0,0,307.214,0,0,0
"MtrElec",10,28,23,"",286.075,0,0,0,0,0,0,0,0,0,0,0,0,0,0,0,0,0,0,0,0,286.075,0,0,0
"MtrElec",10,28,24,"",208.09,0,0,0,0,0,0,0,0,0,0,0,0,0,0,0,0,0,0,0,0,208.09,0,0,0
"MtrElec",10,29,1,"",164.398,0,0,0,0,0,0,0,0,0,0,0,0,0,0,0,0,0,0,0,0,164.398,0,0,0
"MtrElec",10,29,2,"",155.032,0,0,0,0,0,0,0,0,0,0,0,0,0,0,0,0,0,0,0,0,155.032,0,0,0
"MtrElec",10,29,3,"",153.745,0,0,0,0,0,0,0,0,0,0,0,0,0,0,0,0,0,0,0,0,153.745,0,0,0
"MtrElec",10,29,4,"",157.006,0,0,0,0,0,0,0,0,0,0,0,0,0,0,0,0,0,0,0,0,157.006,0,0,0
"MtrElec",10,29,5,"",184.106,0,0,0,0,0,0,0,0,0,0,0,0,0,0,0,0,0,0,0,0,184.106,0,0,0
"MtrElec",10,29,6,"",155.528,0,0,0,0,0,0,0,0,0,0,0,0,0,0,0,0,0,0,0,0,155.528,0,0,0
"MtrElec",10,29,7,"",254.703,0,0,0,0,0,0,0,0,0,0,0,0,0,0,0,0,0,0,0,0,254.703,0,0,0
"MtrElec",10,29,8,"",258.886,0,0,0,0,0,0,0,0,0,0,0,0,0,0,0,0,0,0,0,0,314.188,0,0,-55.3023
"MtrElec",10,29,9,"",160.442,0,0,0,0,0,0,0,0,0,0,0,0,0,0,0,0,0,0,0,0,396.358,0,0,-235.916
"MtrElec",10,29,10,"",26.3236,0,0,0,0,0,0,0,0,0,0,0,0,0,0,0,0,0,0,0,0,436.832,0,0,-410.509
"MtrElec",10,29,11,"",0.0000039,0,0,0,0,0,0,0,0,0,0,0,0,0,0,0,0,0,0,0,0,472.322,0,55.6794,-528.001
"MtrElec",10,29,12,"",0,0,0,0,0,0,0,0,0,0,0,0,0,0,0,0,0,0,0,0,0,475.226,0,125.208,-600.433
"MtrElec",10,29,13,"",0.0000078,0,0,0,0,0,0,0,0,0,0,0,0,0,0,0,0,0,0,0,0,515.339,0,107.05,-622.388
"MtrElec",10,29,14,"",0,0,0,0,0,0,0,0,0,0,0,0,0,0,0,0,0,0,0,0,0,467.146,0,132.059,-599.205
"MtrElec",10,29,15,"",0,0,0,0,0,0,0,0,0,0,0,0,0,0,0,0,0,0,0,0,0,463.481,0,79.6497,-543.131
"MtrElec",10,29,16,"",53.5974,0,0,0,0,0,0,0,0,0,0,0,0,0,0,0,0,0,0,0,0,486.111,0,0,-432.513
"MtrElec",10,29,17,"",212.489,0,0,0,0,0,0,0,0,0,0,0,0,0,0,0,0,0,0,0,0,477.607,0,0,-265.119
"MtrElec",10,29,18,"",438.85,0,0,0,0,0,0,0,0,0,0,0,0,0,0,0,0,0,0,0,0,503.53,0,0,-64.6795
"MtrElec",10,29,19,"",230.741,0,0,0,0,0,0,0,0,0,0,0,0,0,0,0,0,0,0,0,0,453.958,0,-223.217,0
"MtrElec",10,29,20,"",226.377,0,0,0,0,0,0,0,0,0,0,0,0,0,0,0,0,0,0,0,0,449.594,0,-223.217,0
"MtrElec",10,29,21,"",448.708,0,0,0,0,0,0,0,0,0,0,0,0,0,0,0,0,0,0,0,0,453.204,0,-4.49604,0
"MtrElec",10,29,22,"",294.352,0,0,0,0,0,0,0,0,0,0,0,0,0,0,0,0,0,0,0,0,294.352,0,0,0
"MtrElec",10,29,23,"",242.187,0,0,0,0,0,0,0,0,0,0,0,0,0,0,0,0,0,0,0,0,242.187,0,0,0
"MtrElec",10,29,24,"",215.195,0,0,0,0,0,0,0,0,0,0,0,0,0,0,0,0,0,0,0,0,215.195,0,0,0
"MtrElec",10,30,1,"",195.871,0,0,0,0,0,0,0,0,0,0,0,0,0,0,0,0,0,0,0,0,195.871,0,0,0
"MtrElec",10,30,2,"",154.66,0,0,0,0,0,0,0,0,0,0,0,0,0,0,0,0,0,0,0,0,154.66,0,0,0
"MtrElec",10,30,3,"",152.942,0,0,0,0,0,0,0,0,0,0,0,0,0,0,0,0,0,0,0,0,152.942,0,0,0
"MtrElec",10,30,4,"",154.249,0,0,0,0,0,0,0,0,0,0,0,0,0,0,0,0,0,0,0,0,154.249,0,0,0
"MtrElec",10,30,5,"",151.12,0,0,0,0,0,0,0,0,0,0,0,0,0,0,0,0,0,0,0,0,151.12,0,0,0
"MtrElec",10,30,6,"",199.307,0,0,0,0,0,0,0,0,0,0,0,0,0,0,0,0,0,0,0,0,199.307,0,0,0
"MtrElec",10,30,7,"",219.897,0,0,0,0,0,0,0,0,0,0,0,0,0,0,0,0,0,0,0,0,219.897,0,0,0
"MtrElec",10,30,8,"",252.955,0,0,0,0,0,0,0,0,0,0,0,0,0,0,0,0,0,0,0,0,307.232,0,0,-54.2766
"MtrElec",10,30,9,"",132.615,0,0,0,0,0,0,0,0,0,0,0,0,0,0,0,0,0,0,0,0,368.095,0,0,-235.48
"MtrElec",10,30,10,"",34.9324,0,0,0,0,0,0,0,0,0,0,0,0,0,0,0,0,0,0,0,0,447.577,0,0,-412.645
"MtrElec",10,30,11,"",0,0,0,0,0,0,0,0,0,0,0,0,0,0,0,0,0,0,0,0,0,449.283,0,81.0288,-530.312
"MtrElec",10,30,12,"",0,0,0,0,0,0,0,0,0,0,0,0,0,0,0,0,0,0,0,0,0,445.138,0,156.535,-601.672
"MtrElec",10,30,13,"",0.0000156,0,0,0,0,0,0,0,0,0,0,0,0,0,0,0,0,0,0,0,0,473.612,0,168.314,-641.926
"MtrElec",10,30,14,"",-23.4665,0,0,0,0,0,0,0,0,0,0,0,0,0,0,0,0,0,0,0,0,379.515,0,223.217,-626.199
"MtrElec",10,30,15,"",0,0,0,0,0,0,0,0,0,0,0,0,0,0,0,0,0,0,0,0,0,444.138,0,112.797,-556.935
"MtrElec",10,30,16,"",0,0,0,0,0,0,0,0,0,0,0,0,0,0,0,0,0,0,0,0,0,409.197,0,28.9634,-438.161
"MtrElec",10,30,17,"",183.129,0,0,0,0,0,0,0,0,0,0,0,0,0,0,0,0,0,0,0,0,447.212,0,0,-264.083
"MtrElec",10,30,18,"",395.071,0,0,0,0,0,0,0,0,0,0,0,0,0,0,0,0,0,0,0,0,459.209,0,0,-64.138
"MtrElec",10,30,19,"",160.768,0,0,0,0,0,0,0,0,0,0,0,0,0,0,0,0,0,0,0,0,383.985,0,-223.217,0
"MtrElec",10,30,20,"",224.009,0,0,0,0,0,0,0,0,0,0,0,0,0,0,0,0,0,0,0,0,447.226,0,-223.217,0
"MtrElec",10,30,21,"",185.018,0,0,0,0,0,0,0,0,0,0,0,0,0,0,0,0,0,0,0,0,408.235,0,-223.217,0
"MtrElec",10,30,22,"",263.199,0,0,0,0,0,0,0,0,0,0,0,0,0,0,0,0,0,0,0,0,289.245,0,-26.0462,0
"MtrElec",10,30,23,"",279.926,0,0,0,0,0,0,0,0,0,0,0,0,0,0,0,0,0,0,0,0,279.926,0,0,0
"MtrElec",10,30,24,"",227.89,0,0,0,0,0,0,0,0,0,0,0,0,0,0,0,0,0,0,0,0,227.89,0,0,0
"MtrElec",10,31,1,"",171.348,0,0,0,0,0,0,0,0,0,0,0,0,0,0,0,0,0,0,0,0,171.348,0,0,0
"MtrElec",10,31,2,"",154.935,0,0,0,0,0,0,0,0,0,0,0,0,0,0,0,0,0,0,0,0,154.935,0,0,0
"MtrElec",10,31,3,"",150.529,0,0,0,0,0,0,0,0,0,0,0,0,0,0,0,0,0,0,0,0,150.529,0,0,0
"MtrElec",10,31,4,"",189.753,0,0,0,0,0,0,0,0,0,0,0,0,0,0,0,0,0,0,0,0,189.753,0,0,0
"MtrElec",10,31,5,"",180.818,0,0,0,0,0,0,0,0,0,0,0,0,0,0,0,0,0,0,0,0,180.818,0,0,0
"MtrElec",10,31,6,"",154.486,0,0,0,0,0,0,0,0,0,0,0,0,0,0,0,0,0,0,0,0,154.486,0,0,0
"MtrElec",10,31,7,"",172.125,0,0,0,0,0,0,0,0,0,0,0,0,0,0,0,0,0,0,0,0,172.125,0,0,0
"MtrElec",10,31,8,"",248.427,0,0,0,0,0,0,0,0,0,0,0,0,0,0,0,0,0,0,0,0,258.303,0,0,-9.87604
"MtrElec",10,31,9,"",208.528,0,0,0,0,0,0,0,0,0,0,0,0,0,0,0,0,0,0,0,0,284.255,0,0,-75.7269
"MtrElec",10,31,10,"",192.479,0,0,0,0,0,0,0,0,0,0,0,0,0,0,0,0,0,0,0,0,354.743,0,0,-162.264
"MtrElec",10,31,11,"",0,0,0,0,0,0,0,0,0,0,0,0,0,0,0,0,0,0,0,0,0,481.866,0,18.6927,-500.559
"MtrElec",10,31,12,"",0.0000156,0,0,0,0,0,0,0,0,0,0,0,0,0,0,0,0,0,0,0,0,450.044,0,169.174,-619.218
"MtrElec",10,31,13,"",0,0,0,0,0,0,0,0,0,0,0,0,0,0,0,0,0,0,0,0,0,483.268,0,146.309,-629.577
"MtrElec",10,31,14,"",0.0000078,0,0,0,0,0,0,0,0,0,0,0,0,0,0,0,0,0,0,0,0,464.078,0,110.399,-574.477
"MtrElec",10,31,15,"",0,0,0,0,0,0,0,0,0,0,0,0,0,0,0,0,0,0,0,0,0,459.513,0,18.1238,-477.637
"MtrElec",10,31,16,"",89.3643,0,0,0,0,0,0,0,0,0,0,0,0,0,0,0,0,0,0,0,0,457.998,0,0,-368.634
"MtrElec",10,31,17,"",228.305,0,0,0,0,0,0,0,0,0,0,0,0,0,0,0,0,0,0,0,0,434.034,0,0,-205.729
"MtrElec",10,31,18,"",389.073,0,0,0,0,0,0,0,0,0,0,0,0,0,0,0,0,0,0,0,0,445.875,0,0,-56.8014
"MtrElec",10,31,19,"",240.312,0,0,0,0,0,0,0,0,0,0,0,0,0,0,0,0,0,0,0,0,463.529,0,-223.217,0
"MtrElec",10,31,20,"",193.514,0,0,0,0,0,0,0,0,0,0,0,0,0,0,0,0,0,0,0,0,387.882,0,-194.368,0
"MtrElec",10,31,21,"",391.123,0,0,0,0,0,0,0,0,0,0,0,0,0,0,0,0,0,0,0,0,391.123,0,0,0
"MtrElec",10,31,22,"",324.133,0,0,0,0,0,0,0,0,0,0,0,0,0,0,0,0,0,0,0,0,324.133,0,0,0
"MtrElec",10,31,23,"",251.696,0,0,0,0,0,0,0,0,0,0,0,0,0,0,0,0,0,0,0,0,251.696,0,0,0
"MtrElec",10,31,24,"",240.081,0,0,0,0,0,0,0,0,0,0,0,0,0,0,0,0,0,0,0,0,240.081,0,0,0
"MtrElec",11,1,1,"",186.579,0,0,0,0,0,0,0,0,0,0,0,0,0,0,0,0,0,0,0,0,186.579,0,0,0
"MtrElec",11,1,2,"",156.293,0,0,0,0,0,0,0,0,0,0,0,0,0,0,0,0,0,0,0,0,156.293,0,0,0
"MtrElec",11,1,3,"",154.336,0,0,0,0,0,0,0,0,0,0,0,0,0,0,0,0,0,0,0,0,154.336,0,0,0
"MtrElec",11,1,3,"",155.138,0,0,0,0,0,0,0,0,0,0,0,0,0,0,0,0,0,0,0,0,155.138,0,0,0
"MtrElec",11,1,4,"",155.616,0,0,0,0,0,0,0,0,0,0,0,0,0,0,0,0,0,0,0,0,155.616,0,0,0
"MtrElec",11,1,5,"",166.133,0,0,0,0,0,0,0,0,0,0,0,0,0,0,0,0,0,0,0,0,166.133,0,0,0
"MtrElec",11,1,6,"",157.89,0,0,0,0,0,0,0,0,0,0,0,0,0,0,0,0,0,0,0,0,157.89,0,0,0
"MtrElec",11,1,7,"",186.856,0,0,0,0,0,0,0,0,0,0,0,0,0,0,0,0,0,0,0,0,202.787,0,0,-15.9313
"MtrElec",11,1,8,"",111.17,0,0,0,0,0,0,0,0,0,0,0,0,0,0,0,0,0,0,0,0,232.459,0,0,-121.289
"MtrElec",11,1,9,"",-52.8774,0,0,0,0,0,0,0,0,0,0,0,0,0,0,0,0,0,0,0,0,264.494,0,0,-317.371
"MtrElec",11,1,10,"",-118.056,0,0,0,0,0,0,0,0,0,0,0,0,0,0,0,0,0,0,0,0,391.256,0,0,-509.313
"MtrElec",11,1,11,"",0.0000156,0,0,0,0,0,0,0,0,0,0,0,0,0,0,0,0,0,0,0,0,432.035,0,160.812,-592.847
"MtrElec",11,1,12,"",0,0,0,0,0,0,0,0,0,0,0,0,0,0,0,0,0,0,0,0,0,509.89,0,90.731,-600.621
"MtrElec",11,1,13,"",0.0000039,0,0,0,0,0,0,0,0,0,0,0,0,0,0,0,0,0,0,0,0,475.639,0,46.9498,-522.588
"MtrElec",11,1,14,"",21.2029,0,0,0,0,0,0,0,0,0,0,0,0,0,0,0,0,0,0,0,0,463.737,0,0,-442.534
"MtrElec",11,1,15,"",147.983,0,0,0,0,0,0,0,0,0,0,0,0,0,0,0,0,0,0,0,0,456.759,0,0,-308.776
"MtrElec",11,1,16,"",224.603,0,0,0,0,0,0,0,0,0,0,0,0,0,0,0,0,0,0,0,0,438.071,0,0,-213.468
"MtrElec",11,1,17,"",352.208,0,0,0,0,0,0,0,0,0,0,0,0,0,0,0,0,0,0,0,0,394.976,0,0,-42.7673
"MtrElec",11,1,18,"",343.466,0,0,0,0,0,0,0,0,0,0,0,0,0,0,0,0,0,0,0,0,343.466,0,0,0
"MtrElec",11,1,19,"",202.71,0,0,0,0,0,0,0,0,0,0,0,0,0,0,0,0,0,0,0,0,425.927,0,-223.217,0
"MtrElec",11,1,20,"",316.851,0,0,0,0,0,0,0,0,0,0,0,0,0,0,0,0,0,0,0,0,363.024,0,-46.1731,0
"MtrElec",11,1,21,"",351.184,0,0,0,0,0,0,0,0,0,0,0,0,0,0,0,0,0,0,0,0,351.184,0,0,0
"MtrElec",11,1,22,"",350.485,0,0,0,0,0,0,0,0,0,0,0,0,0,0,0,0,0,0,0,0,350.485,0,0,0
"MtrElec",11,1,23,"",254.452,0,0,0,0,0,0,0,0,0,0,0,0,0,0,0,0,0,0,0,0,254.452,0,0,0
"MtrElec",11,1,24,"",227.391,0,0,0,0,0,0,0,0,0,0,0,0,0,0,0,0,0,0,0,0,227.391,0,0,0
"MtrElec",11,2,1,"",184.57,0,0,0,0,0,0,0,0,0,0,0,0,0,0,0,0,0,0,0,0,184.57,0,0,0
"MtrElec",11,2,2,"",161.742,0,0,0,0,0,0,0,0,0,0,0,0,0,0,0,0,0,0,0,0,161.742,0,0,0
"MtrElec",11,2,3,"",153.853,0,0,0,0,0,0,0,0,0,0,0,0,0,0,0,0,0,0,0,0,153.853,0,0,0
"MtrElec",11,2,4,"",152.589,0,0,0,0,0,0,0,0,0,0,0,0,0,0,0,0,0,0,0,0,152.589,0,0,0
"MtrElec",11,2,5,"",149.413,0,0,0,0,0,0,0,0,0,0,0,0,0,0,0,0,0,0,0,0,149.413,0,0,0
"MtrElec",11,2,6,"",201.83,0,0,0,0,0,0,0,0,0,0,0,0,0,0,0,0,0,0,0,0,201.83,0,0,0
"MtrElec",11,2,7,"",210.654,0,0,0,0,0,0,0,0,0,0,0,0,0,0,0,0,0,0,0,0,222.199,0,0,-11.545
"MtrElec",11,2,8,"",189.389,0,0,0,0,0,0,0,0,0,0,0,0,0,0,0,0,0,0,0,0,298.434,0,0,-109.045
"MtrElec",11,2,9,"",13.9792,0,0,0,0,0,0,0,0,0,0,0,0,0,0,0,0,0,0,0,0,342.395,0,0,-328.415
"MtrElec",11,2,10,"",-60.722,0,0,0,0,0,0,0,0,0,0,0,0,0,0,0,0,0,0,0,0,417.38,0,0,-478.102
"MtrElec",11,2,11,"",0.0000020,0,0,0,0,0,0,0,0,0,0,0,0,0,0,0,0,0,0,0,0,479.563,0,30.9245,-510.487
"MtrElec",11,2,12,"",0,0,0,0,0,0,0,0,0,0,0,0,0,0,0,0,0,0,0,0,0,415.919,0,182.44,-598.359
"MtrElec",11,2,13,"",7.54719,0,0,0,0,0,0,0,0,0,0,0,0,0,0,0,0,0,0,0,0,446.352,0,0,-438.805
"MtrElec",11,2,14,"",30.649,0,0,0,0,0,0,0,0,0,0,0,0,0,0,0,0,0,0,0,0,427.255,0,0,-396.606
"MtrElec",11,2,15,"",194.693,0,0,0,0,0,0,0,0,0,0,0,0,0,0,0,0,0,0,0,0,369.787,0,0,-175.094
"MtrElec",11,2,16,"",200.216,0,0,0,0,0,0,0,0,0,0,0,0,0,0,0,0,0,0,0,0,421.3,0,0,-221.084
"MtrElec",11,2,17,"",389.849,0,0,0,0,0,0,0,0,0,0,0,0,0,0,0,0,0,0,0,0,417.035,0,0,-27.1866
"MtrElec",11,2,18,"",435.928,0,0,0,0,0,0,0,0,0,0,0,0,0,0,0,0,0,0,0,0,435.928,0,0,0
"MtrElec",11,2,19,"",259.302,0,0,0,0,0,0,0,0,0,0,0,0,0,0,0,0,0,0,0,0,451.863,0,-192.561,0
"MtrElec",11,2,20,"",393.945,0,0,0,0,0,0,0,0,0,0,0,0,0,0,0,0,0,0,0,0,393.945,0,0,0
"MtrElec",11,2,21,"",421.874,0,0,0,0,0,0,0,0,0,0,0,0,0,0,0,0,0,0,0,0,421.874,0,0,0
"MtrElec",11,2,22,"",308.978,0,0,0,0,0,0,0,0,0,0,0,0,0,0,0,0,0,0,0,0,308.978,0,0,0
"MtrElec",11,2,23,"",288.689,0,0,0,0,0,0,0,0,0,0,0,0,0,0,0,0,0,0,0,0,288.689,0,0,0
"MtrElec",11,2,24,"",235.332,0,0,0,0,0,0,0,0,0,0,0,0,0,0,0,0,0,0,0,0,235.332,0,0,0
"MtrElec",11,3,1,"",170.992,0,0,0,0,0,0,0,0,0,0,0,0,0,0,0,0,0,0,0,0,170.992,0,0,0
"MtrElec",11,3,2,"",168.152,0,0,0,0,0,0,0,0,0,0,0,0,0,0,0,0,0,0,0,0,168.152,0,0,0
"MtrElec",11,3,3,"",176.208,0,0,0,0,0,0,0,0,0,0,0,0,0,0,0,0,0,0,0,0,176.208,0,0,0
"MtrElec",11,3,4,"",159.028,0,0,0,0,0,0,0,0,0,0,0,0,0,0,0,0,0,0,0,0,159.028,0,0,0
"MtrElec",11,3,5,"",153.822,0,0,0,0,0,0,0,0,0,0,0,0,0,0,0,0,0,0,0,0,153.822,0,0,0
"MtrElec",11,3,6,"",164.143,0,0,0,0,0,0,0,0,0,0,0,0,0,0,0,0,0,0,0,0,164.143,0,0,0
"MtrElec",11,3,7,"",218.733,0,0,0,0,0,0,0,0,0,0,0,0,0,0,0,0,0,0,0,0,226.958,0,0,-8.22517
"MtrElec",11,3,8,"",232.51,0,0,0,0,0,0,0,0,0,0,0,0,0,0,0,0,0,0,0,0,312.193,0,0,-79.6825
"MtrElec",11,3,9,"",139.325,0,0,0,0,0,0,0,0,0,0,0,0,0,0,0,0,0,0,0,0,329.253,0,0,-189.929
"MtrElec",11,3,10,"",-70.5072,0,0,0,0,0,0,0,0,0,0,0,0,0,0,0,0,0,0,0,0,397.873,0,0,-468.38
"MtrElec",11,3,11,"",0,0,0,0,0,0,0,0,0,0,0,0,0,0,0,0,0,0,0,0,0,440.623,0,160.758,-601.382
"MtrElec",11,3,12,"",-26.5846,0,0,0,0,0,0,0,0,0,0,0,0,0,0,0,0,0,0,0,0,384.275,0,223.217,-634.077
"MtrElec",11,3,13,"",0,0,0,0,0,0,0,0,0,0,0,0,0,0,0,0,0,0,0,0,0,420.864,0,191.539,-612.403
"MtrElec",11,3,14,"",0,0,0,0,0,0,0,0,0,0,0,0,0,0,0,0,0,0,0,0,0,377.192,0,167.721,-544.912
"MtrElec",11,3,15,"",0,0,0,0,0,0,0,0,0,0,0,0,0,0,0,0,0,0,0,0,0,371.08,0,49.9755,-421.056
"MtrElec",11,3,16,"",157.04,0,0,0,0,0,0,0,0,0,0,0,0,0,0,0,0,0,0,0,0,408.167,0,0,-251.127
"MtrElec",11,3,17,"",353.686,0,0,0,0,0,0,0,0,0,0,0,0,0,0,0,0,0,0,0,0,409.668,0,0,-55.9823
"MtrElec",11,3,18,"",440.081,0,0,0,0,0,0,0,0,0,0,0,0,0,0,0,0,0,0,0,0,440.081,0,0,0
"MtrElec",11,3,19,"",183.742,0,0,0,0,0,0,0,0,0,0,0,0,0,0,0,0,0,0,0,0,406.959,0,-223.217,0
"MtrElec",11,3,20,"",128.936,0,0,0,0,0,0,0,0,0,0,0,0,0,0,0,0,0,0,0,0,352.153,0,-223.217,0
"MtrElec",11,3,21,"",190.952,0,0,0,0,0,0,0,0,0,0,0,0,0,0,0,0,0,0,0,0,414.169,0,-223.217,0
"MtrElec",11,3,22,"",241.997,0,0,0,0,0,0,0,0,0,0,0,0,0,0,0,0,0,0,0,0,288.219,0,-46.2223,0
"MtrElec",11,3,23,"",265.396,0,0,0,0,0,0,0,0,0,0,0,0,0,0,0,0,0,0,0,0,265.396,0,0,0
"MtrElec",11,3,24,"",199.248,0,0,0,0,0,0,0,0,0,0,0,0,0,0,0,0,0,0,0,0,199.248,0,0,0
"MtrElec",11,4,1,"",186.729,0,0,0,0,0,0,0,0,0,0,0,0,0,0,0,0,0,0,0,0,186.729,0,0,0
"MtrElec",11,4,2,"",157.655,0,0,0,0,0,0,0,0,0,0,0,0,0,0,0,0,0,0,0,0,157.655,0,0,0
"MtrElec",11,4,3,"",153.822,0,0,0,0,0,0,0,0,0,0,0,0,0,0,0,0,0,0,0,0,153.822,0,0,0
"MtrElec",11,4,4,"",151.675,0,0,0,0,0,0,0,0,0,0,0,0,0,0,0,0,0,0,0,0,151.675,0,0,0
"MtrElec",11,4,5,"",188.155,0,0,0,0,0,0,0,0,0,0,0,0,0,0,0,0,0,0,0,0,188.155,0,0,0
"MtrElec",11,4,6,"",155.328,0,0,0,0,0,0,0,0,0,0,0,0,0,0,0,0,0,0,0,0,155.328,0,0,0
"MtrElec",11,4,7,"",205.441,0,0,0,0,0,0,0,0,0,0,0,0,0,0,0,0,0,0,0,0,253.008,0,0,-47.5672
"MtrElec",11,4,8,"",87.9806,0,0,0,0,0,0,0,0,0,0,0,0,0,0,0,0,0,0,0,0,314.243,0,0,-226.262
"MtrElec",11,4,9,"",-10.8094,0,0,0,0,0,0,0,0,0,0,0,0,0,0,0,0,0,0,0,0,393.914,0,0,-404.724
"MtrElec",11,4,10,"",87.7344,0,0,0,0,0,0,0,0,0,0,0,0,0,0,0,0,0,0,0,0,427.664,0,0,-339.93
"MtrElec",11,4,11,"",0,0,0,0,0,0,0,0,0,0,0,0,0,0,0,0,0,0,0,0,0,464.983,0,120.203,-585.186
"MtrElec",11,4,12,"",0,0,0,0,0,0,0,0,0,0,0,0,0,0,0,0,0,0,0,0,0,435.188,0,211.096,-646.283
"MtrElec",11,4,13,"",0,0,0,0,0,0,0,0,0,0,0,0,0,0,0,0,0,0,0,0,0,465.488,0,165.462,-630.949
"MtrElec",11,4,14,"",0.0000156,0,0,0,0,0,0,0,0,0,0,0,0,0,0,0,0,0,0,0,0,359.889,0,200.031,-559.92
"MtrElec",11,4,15,"",0,0,0,0,0,0,0,0,0,0,0,0,0,0,0,0,0,0,0,0,0,407.444,0,23.2711,-430.715
"MtrElec",11,4,16,"",130.704,0,0,0,0,0,0,0,0,0,0,0,0,0,0,0,0,0,0,0,0,386.889,0,0,-256.185
"MtrElec",11,4,17,"",360.501,0,0,0,0,0,0,0,0,0,0,0,0,0,0,0,0,0,0,0,0,417.004,0,0,-56.5036
"MtrElec",11,4,18,"",395.58,0,0,0,0,0,0,0,0,0,0,0,0,0,0,0,0,0,0,0,0,395.58,0,0,0
"MtrElec",11,4,19,"",207.255,0,0,0,0,0,0,0,0,0,0,0,0,0,0,0,0,0,0,0,0,430.472,0,-223.217,0
"MtrElec",11,4,20,"",181.477,0,0,0,0,0,0,0,0,0,0,0,0,0,0,0,0,0,0,0,0,404.693,0,-223.217,0
"MtrElec",11,4,21,"",240.582,0,0,0,0,0,0,0,0,0,0,0,0,0,0,0,0,0,0,0,0,444.005,0,-203.423,0
"MtrElec",11,4,22,"",303.539,0,0,0,0,0,0,0,0,0,0,0,0,0,0,0,0,0,0,0,0,303.539,0,0,0
"MtrElec",11,4,23,"",246.36,0,0,0,0,0,0,0,0,0,0,0,0,0,0,0,0,0,0,0,0,246.36,0,0,0
"MtrElec",11,4,24,"",220.252,0,0,0,0,0,0,0,0,0,0,0,0,0,0,0,0,0,0,0,0,220.252,0,0,0
"MtrElec",11,5,1,"",168.782,0,0,0,0,0,0,0,0,0,0,0,0,0,0,0,0,0,0,0,0,168.782,0,0,0
"MtrElec",11,5,2,"",157.474,0,0,0,0,0,0,0,0,0,0,0,0,0,0,0,0,0,0,0,0,157.474,0,0,0
"MtrElec",11,5,3,"",152.241,0,0,0,0,0,0,0,0,0,0,0,0,0,0,0,0,0,0,0,0,152.241,0,0,0
"MtrElec",11,5,4,"",161.19,0,0,0,0,0,0,0,0,0,0,0,0,0,0,0,0,0,0,0,0,161.19,0,0,0
"MtrElec",11,5,5,"",149.668,0,0,0,0,0,0,0,0,0,0,0,0,0,0,0,0,0,0,0,0,149.668,0,0,0
"MtrElec",11,5,6,"",198.01,0,0,0,0,0,0,0,0,0,0,0,0,0,0,0,0,0,0,0,0,198.01,0,0,0
"MtrElec",11,5,7,"",172.352,0,0,0,0,0,0,0,0,0,0,0,0,0,0,0,0,0,0,0,0,220.898,0,0,-48.5458
"MtrElec",11,5,8,"",78.816,0,0,0,0,0,0,0,0,0,0,0,0,0,0,0,0,0,0,0,0,305.476,0,0,-226.66
"MtrElec",11,5,9,"",-51.0267,0,0,0,0,0,0,0,0,0,0,0,0,0,0,0,0,0,0,0,0,356.988,0,0,-408.015
"MtrElec",11,5,10,"",-190.729,0,0,0,0,0,0,0,0,0,0,0,0,0,0,0,0,0,0,0,0,333.895,0,0,-524.624
"MtrElec",11,5,11,"",0.0000156,0,0,0,0,0,0,0,0,0,0,0,0,0,0,0,0,0,0,0,0,379.416,0,216.779,-596.195
"MtrElec",11,5,12,"",0.0000156,0,0,0,0,0,0,0,0,0,0,0,0,0,0,0,0,0,0,0,0,417.41,0,202.638,-620.048
"MtrElec",11,5,13,"",-7.81022,0,0,0,0,0,0,0,0,0,0,0,0,0,0,0,0,0,0,0,0,364.751,0,223.217,-595.778
"MtrElec",11,5,14,"",0,0,0,0,0,0,0,0,0,0,0,0,0,0,0,0,0,0,0,0,0,405.386,0,133.2,-538.586
"MtrElec",11,5,15,"",-33.5314,0,0,0,0,0,0,0,0,0,0,0,0,0,0,0,0,0,0,0,0,366.621,0,23.0484,-423.201
"MtrElec",11,5,16,"",195.706,0,0,0,0,0,0,0,0,0,0,0,0,0,0,0,0,0,0,0,0,389.158,0,0,-193.452
"MtrElec",11,5,17,"",362.307,0,0,0,0,0,0,0,0,0,0,0,0,0,0,0,0,0,0,0,0,398.589,0,0,-36.282
"MtrElec",11,5,18,"",430.281,0,0,0,0,0,0,0,0,0,0,0,0,0,0,0,0,0,0,0,0,430.281,0,0,0
"MtrElec",11,5,19,"",197.196,0,0,0,0,0,0,0,0,0,0,0,0,0,0,0,0,0,0,0,0,420.413,0,-223.217,0
"MtrElec",11,5,20,"",186.24,0,0,0,0,0,0,0,0,0,0,0,0,0,0,0,0,0,0,0,0,409.457,0,-223.217,0
"MtrElec",11,5,21,"",185.063,0,0,0,0,0,0,0,0,0,0,0,0,0,0,0,0,0,0,0,0,408.28,0,-223.217,0
"MtrElec",11,5,22,"",241.389,0,0,0,0,0,0,0,0,0,0,0,0,0,0,0,0,0,0,0,0,292.728,0,-51.3398,0
"MtrElec",11,5,23,"",260.411,0,0,0,0,0,0,0,0,0,0,0,0,0,0,0,0,0,0,0,0,260.411,0,0,0
"MtrElec",11,5,24,"",203.837,0,0,0,0,0,0,0,0,0,0,0,0,0,0,0,0,0,0,0,0,203.837,0,0,0
"MtrElec",11,6,1,"",171.955,0,0,0,0,0,0,0,0,0,0,0,0,0,0,0,0,0,0,0,0,171.955,0,0,0
"MtrElec",11,6,2,"",191.832,0,0,0,0,0,0,0,0,0,0,0,0,0,0,0,0,0,0,0,0,191.832,0,0,0
"MtrElec",11,6,3,"",153.433,0,0,0,0,0,0,0,0,0,0,0,0,0,0,0,0,0,0,0,0,153.433,0,0,0
"MtrElec",11,6,4,"",153.378,0,0,0,0,0,0,0,0,0,0,0,0,0,0,0,0,0,0,0,0,153.378,0,0,0
"MtrElec",11,6,5,"",154.804,0,0,0,0,0,0,0,0,0,0,0,0,0,0,0,0,0,0,0,0,154.804,0,0,0
"MtrElec",11,6,6,"",157.868,0,0,0,0,0,0,0,0,0,0,0,0,0,0,0,0,0,0,0,0,157.868,0,0,0
"MtrElec",11,6,7,"",260.255,0,0,0,0,0,0,0,0,0,0,0,0,0,0,0,0,0,0,0,0,269.197,0,0,-8.94127
"MtrElec",11,6,8,"",238.224,0,0,0,0,0,0,0,0,0,0,0,0,0,0,0,0,0,0,0,0,305.005,0,0,-66.781
"MtrElec",11,6,9,"",227.692,0,0,0,0,0,0,0,0,0,0,0,0,0,0,0,0,0,0,0,0,370.101,0,0,-142.41
"MtrElec",11,6,10,"",-110.761,0,0,0,0,0,0,0,0,0,0,0,0,0,0,0,0,0,0,0,0,384.811,0,0,-495.572
"MtrElec",11,6,11,"",0.0000039,0,0,0,0,0,0,0,0,0,0,0,0,0,0,0,0,0,0,0,0,441.835,0,56.3474,-498.182
"MtrElec",11,6,12,"",0,0,0,0,0,0,0,0,0,0,0,0,0,0,0,0,0,0,0,0,0,401.923,0,172.346,-574.268
"MtrElec",11,6,13,"",119.7,0,0,0,0,0,0,0,0,0,0,0,0,0,0,0,0,0,0,0,0,480.784,0,0,-361.084
"MtrElec",11,6,14,"",111.522,0,0,0,0,0,0,0,0,0,0,0,0,0,0,0,0,0,0,0,0,353.45,0,0,-241.928
"MtrElec",11,6,15,"",112.652,0,0,0,0,0,0,0,0,0,0,0,0,0,0,0,0,0,0,0,0,372.015,0,0,-259.363
"MtrElec",11,6,16,"",235.439,0,0,0,0,0,0,0,0,0,0,0,0,0,0,0,0,0,0,0,0,393.068,0,0,-157.63
"MtrElec",11,6,17,"",395.683,0,0,0,0,0,0,0,0,0,0,0,0,0,0,0,0,0,0,0,0,410.02,0,0,-14.3367
"MtrElec",11,6,18,"",394.884,0,0,0,0,0,0,0,0,0,0,0,0,0,0,0,0,0,0,0,0,394.884,0,0,0
"MtrElec",11,6,19,"",186.519,0,0,0,0,0,0,0,0,0,0,0,0,0,0,0,0,0,0,0,0,392.915,0,-206.395,0
"MtrElec",11,6,20,"",394.993,0,0,0,0,0,0,0,0,0,0,0,0,0,0,0,0,0,0,0,0,394.993,0,0,0
"MtrElec",11,6,21,"",401.022,0,0,0,0,0,0,0,0,0,0,0,0,0,0,0,0,0,0,0,0,401.022,0,0,0
"MtrElec",11,6,22,"",280.082,0,0,0,0,0,0,0,0,0,0,0,0,0,0,0,0,0,0,0,0,280.082,0,0,0
"MtrElec",11,6,23,"",267.254,0,0,0,0,0,0,0,0,0,0,0,0,0,0,0,0,0,0,0,0,267.254,0,0,0
"MtrElec",11,6,24,"",198.352,0,0,0,0,0,0,0,0,0,0,0,0,0,0,0,0,0,0,0,0,198.352,0,0,0
"MtrElec",11,7,1,"",171.638,0,0,0,0,0,0,0,0,0,0,0,0,0,0,0,0,0,0,0,0,171.638,0,0,0
"MtrElec",11,7,2,"",157.071,0,0,0,0,0,0,0,0,0,0,0,0,0,0,0,0,0,0,0,0,157.071,0,0,0
"MtrElec",11,7,3,"",189.553,0,0,0,0,0,0,0,0,0,0,0,0,0,0,0,0,0,0,0,0,189.553,0,0,0
"MtrElec",11,7,4,"",155.519,0,0,0,0,0,0,0,0,0,0,0,0,0,0,0,0,0,0,0,0,155.519,0,0,0
"MtrElec",11,7,5,"",179.94,0,0,0,0,0,0,0,0,0,0,0,0,0,0,0,0,0,0,0,0,179.94,0,0,0
"MtrElec",11,7,6,"",157.151,0,0,0,0,0,0,0,0,0,0,0,0,0,0,0,0,0,0,0,0,157.151,0,0,0
"MtrElec",11,7,7,"",180.137,0,0,0,0,0,0,0,0,0,0,0,0,0,0,0,0,0,0,0,0,180.137,0,0,0
"MtrElec",11,7,8,"",199.307,0,0,0,0,0,0,0,0,0,0,0,0,0,0,0,0,0,0,0,0,258.918,0,0,-59.6105
"MtrElec",11,7,9,"",118.455,0,0,0,0,0,0,0,0,0,0,0,0,0,0,0,0,0,0,0,0,326.477,0,0,-208.022
"MtrElec",11,7,10,"",67.0649,0,0,0,0,0,0,0,0,0,0,0,0,0,0,0,0,0,0,0,0,383.419,0,0,-316.354
"MtrElec",11,7,11,"",0,0,0,0,0,0,0,0,0,0,0,0,0,0,0,0,0,0,0,0,0,469.456,0,105.448,-574.904
"MtrElec",11,7,12,"",0.0000078,0,0,0,0,0,0,0,0,0,0,0,0,0,0,0,0,0,0,0,0,496.948,0,111.723,-608.671
"MtrElec",11,7,13,"",0,0,0,0,0,0,0,0,0,0,0,0,0,0,0,0,0,0,0,0,0,429.261,0,164.628,-593.889
"MtrElec",11,7,14,"",0,0,0,0,0,0,0,0,0,0,0,0,0,0,0,0,0,0,0,0,0,455.333,0,59.2425,-514.576
"MtrElec",11,7,15,"",56.5387,0,0,0,0,0,0,0,0,0,0,0,0,0,0,0,0,0,0,0,0,444.633,0,0,-388.094
"MtrElec",11,7,16,"",216.879,0,0,0,0,0,0,0,0,0,0,0,0,0,0,0,0,0,0,0,0,387.779,0,0,-170.901
"MtrElec",11,7,17,"",436.125,0,0,0,0,0,0,0,0,0,0,0,0,0,0,0,0,0,0,0,0,466.736,0,0,-30.6111
"MtrElec",11,7,18,"",408.877,0,0,0,0,0,0,0,0,0,0,0,0,0,0,0,0,0,0,0,0,408.877,0,0,0
"MtrElec",11,7,19,"",181.712,0,0,0,0,0,0,0,0,0,0,0,0,0,0,0,0,0,0,0,0,404.929,0,-223.217,0
"MtrElec",11,7,20,"",174.488,0,0,0,0,0,0,0,0,0,0,0,0,0,0,0,0,0,0,0,0,349.311,0,-174.823,0
"MtrElec",11,7,21,"",331.573,0,0,0,0,0,0,0,0,0,0,0,0,0,0,0,0,0,0,0,0,331.573,0,0,0
"MtrElec",11,7,22,"",293.256,0,0,0,0,0,0,0,0,0,0,0,0,0,0,0,0,0,0,0,0,293.256,0,0,0
"MtrElec",11,7,23,"",244.757,0,0,0,0,0,0,0,0,0,0,0,0,0,0,0,0,0,0,0,0,244.757,0,0,0
"MtrElec",11,7,24,"",213.305,0,0,0,0,0,0,0,0,0,0,0,0,0,0,0,0,0,0,0,0,213.305,0,0,0
"MtrElec",11,8,1,"",166.422,0,0,0,0,0,0,0,0,0,0,0,0,0,0,0,0,0,0,0,0,166.422,0,0,0
"MtrElec",11,8,2,"",161.36,0,0,0,0,0,0,0,0,0,0,0,0,0,0,0,0,0,0,0,0,161.36,0,0,0
"MtrElec",11,8,3,"",189.183,0,0,0,0,0,0,0,0,0,0,0,0,0,0,0,0,0,0,0,0,189.183,0,0,0
"MtrElec",11,8,4,"",159.232,0,0,0,0,0,0,0,0,0,0,0,0,0,0,0,0,0,0,0,0,159.232,0,0,0
"MtrElec",11,8,5,"",178.838,0,0,0,0,0,0,0,0,0,0,0,0,0,0,0,0,0,0,0,0,178.838,0,0,0
"MtrElec",11,8,6,"",157.776,0,0,0,0,0,0,0,0,0,0,0,0,0,0,0,0,0,0,0,0,157.776,0,0,0
"MtrElec",11,8,7,"",199.118,0,0,0,0,0,0,0,0,0,0,0,0,0,0,0,0,0,0,0,0,203.181,0,0,-4.06305
"MtrElec",11,8,8,"",123.935,0,0,0,0,0,0,0,0,0,0,0,0,0,0,0,0,0,0,0,0,197.848,0,0,-73.9137
"MtrElec",11,8,9,"",130.081,0,0,0,0,0,0,0,0,0,0,0,0,0,0,0,0,0,0,0,0,298.53,0,0,-168.449
"MtrElec",11,8,10,"",19.6558,0,0,0,0,0,0,0,0,0,0,0,0,0,0,0,0,0,0,0,0,306.404,0,0,-286.748
"MtrElec",11,8,11,"",144.764,0,0,0,0,0,0,0,0,0,0,0,0,0,0,0,0,0,0,0,0,431.967,0,0,-287.203
"MtrElec",11,8,12,"",0,0,0,0,0,0,0,0,0,0,0,0,0,0,0,0,0,0,0,0,0,394.839,0,0.943969,-395.783
"MtrElec",11,8,13,"",31.1593,0,0,0,0,0,0,0,0,0,0,0,0,0,0,0,0,0,0,0,0,428.227,0,0,-397.068
"MtrElec",11,8,14,"",53.0392,0,0,0,0,0,0,0,0,0,0,0,0,0,0,0,0,0,0,0,0,357.357,0,0,-304.318
"MtrElec",11,8,15,"",166.461,0,0,0,0,0,0,0,0,0,0,0,0,0,0,0,0,0,0,0,0,368.204,0,0,-201.743
"MtrElec",11,8,16,"",278.111,0,0,0,0,0,0,0,0,0,0,0,0,0,0,0,0,0,0,0,0,354.334,0,0,-76.2222
"MtrElec",11,8,17,"",350.208,0,0,0,0,0,0,0,0,0,0,0,0,0,0,0,0,0,0,0,0,357.947,0,0,-7.73919
"MtrElec",11,8,18,"",348.076,0,0,0,0,0,0,0,0,0,0,0,0,0,0,0,0,0,0,0,0,348.076,0,0,0
"MtrElec",11,8,19,"",418.169,0,0,0,0,0,0,0,0,0,0,0,0,0,0,0,0,0,0,0,0,419.021,0,-0.851932,0
"MtrElec",11,8,20,"",323.064,0,0,0,0,0,0,0,0,0,0,0,0,0,0,0,0,0,0,0,0,323.064,0,0,0
"MtrElec",11,8,21,"",297.81,0,0,0,0,0,0,0,0,0,0,0,0,0,0,0,0,0,0,0,0,297.81,0,0,0
"MtrElec",11,8,22,"",318.239,0,0,0,0,0,0,0,0,0,0,0,0,0,0,0,0,0,0,0,0,318.239,0,0,0
"MtrElec",11,8,23,"",241.289,0,0,0,0,0,0,0,0,0,0,0,0,0,0,0,0,0,0,0,0,241.289,0,0,0
"MtrElec",11,8,24,"",206.55,0,0,0,0,0,0,0,0,0,0,0,0,0,0,0,0,0,0,0,0,206.55,0,0,0
"MtrElec",11,9,1,"",167.719,0,0,0,0,0,0,0,0,0,0,0,0,0,0,0,0,0,0,0,0,167.719,0,0,0
"MtrElec",11,9,2,"",157.818,0,0,0,0,0,0,0,0,0,0,0,0,0,0,0,0,0,0,0,0,157.818,0,0,0
"MtrElec",11,9,3,"",151.709,0,0,0,0,0,0,0,0,0,0,0,0,0,0,0,0,0,0,0,0,151.709,0,0,0
"MtrElec",11,9,4,"",152.633,0,0,0,0,0,0,0,0,0,0,0,0,0,0,0,0,0,0,0,0,152.633,0,0,0
"MtrElec",11,9,5,"",186.812,0,0,0,0,0,0,0,0,0,0,0,0,0,0,0,0,0,0,0,0,186.812,0,0,0
"MtrElec",11,9,6,"",155.663,0,0,0,0,0,0,0,0,0,0,0,0,0,0,0,0,0,0,0,0,155.663,0,0,0
"MtrElec",11,9,7,"",259.676,0,0,0,0,0,0,0,0,0,0,0,0,0,0,0,0,0,0,0,0,267.362,0,0,-7.68606
"MtrElec",11,9,8,"",208.655,0,0,0,0,0,0,0,0,0,0,0,0,0,0,0,0,0,0,0,0,311.267,0,0,-102.612
"MtrElec",11,9,9,"",252.079,0,0,0,0,0,0,0,0,0,0,0,0,0,0,0,0,0,0,0,0,322.215,0,0,-70.1362
"MtrElec",11,9,10,"",325.236,0,0,0,0,0,0,0,0,0,0,0,0,0,0,0,0,0,0,0,0,391.106,0,0,-65.8704
"MtrElec",11,9,11,"",265.518,0,0,0,0,0,0,0,0,0,0,0,0,0,0,0,0,0,0,0,0,389.059,0,0,-123.541
"MtrElec",11,9,12,"",297.715,0,0,0,0,0,0,0,0,0,0,0,0,0,0,0,0,0,0,0,0,391.263,0,0,-93.548
"MtrElec",11,9,13,"",215.652,0,0,0,0,0,0,0,0,0,0,0,0,0,0,0,0,0,0,0,0,343.084,0,0,-127.432
"MtrElec",11,9,14,"",223.377,0,0,0,0,0,0,0,0,0,0,0,0,0,0,0,0,0,0,0,0,367.733,0,0,-144.356
"MtrElec",11,9,15,"",240.696,0,0,0,0,0,0,0,0,0,0,0,0,0,0,0,0,0,0,0,0,337.792,0,0,-97.0959
"MtrElec",11,9,16,"",205.322,0,0,0,0,0,0,0,0,0,0,0,0,0,0,0,0,0,0,0,0,362.373,0,0,-157.05
"MtrElec",11,9,17,"",370.805,0,0,0,0,0,0,0,0,0,0,0,0,0,0,0,0,0,0,0,0,382.566,0,0,-11.7603
"MtrElec",11,9,18,"",444.899,0,0,0,0,0,0,0,0,0,0,0,0,0,0,0,0,0,0,0,0,444.899,0,0,0
"MtrElec",11,9,19,"",413.278,0,0,0,0,0,0,0,0,0,0,0,0,0,0,0,0,0,0,0,0,413.278,0,0,0
"MtrElec",11,9,20,"",387.974,0,0,0,0,0,0,0,0,0,0,0,0,0,0,0,0,0,0,0,0,387.974,0,0,0
"MtrElec",11,9,21,"",418.403,0,0,0,0,0,0,0,0,0,0,0,0,0,0,0,0,0,0,0,0,418.403,0,0,0
"MtrElec",11,9,22,"",282.63,0,0,0,0,0,0,0,0,0,0,0,0,0,0,0,0,0,0,0,0,282.63,0,0,0
"MtrElec",11,9,23,"",288.1,0,0,0,0,0,0,0,0,0,0,0,0,0,0,0,0,0,0,0,0,288.1,0,0,0
"MtrElec",11,9,24,"",223.13,0,0,0,0,0,0,0,0,0,0,0,0,0,0,0,0,0,0,0,0,223.13,0,0,0
"MtrElec",11,10,1,"",194.502,0,0,0,0,0,0,0,0,0,0,0,0,0,0,0,0,0,0,0,0,194.502,0,0,0
"MtrElec",11,10,2,"",156.931,0,0,0,0,0,0,0,0,0,0,0,0,0,0,0,0,0,0,0,0,156.931,0,0,0
"MtrElec",11,10,3,"",186.174,0,0,0,0,0,0,0,0,0,0,0,0,0,0,0,0,0,0,0,0,186.174,0,0,0
"MtrElec",11,10,4,"",152.667,0,0,0,0,0,0,0,0,0,0,0,0,0,0,0,0,0,0,0,0,152.667,0,0,0
"MtrElec",11,10,5,"",150.08,0,0,0,0,0,0,0,0,0,0,0,0,0,0,0,0,0,0,0,0,150.08,0,0,0
"MtrElec",11,10,6,"",157.483,0,0,0,0,0,0,0,0,0,0,0,0,0,0,0,0,0,0,0,0,157.483,0,0,0
"MtrElec",11,10,7,"",252.974,0,0,0,0,0,0,0,0,0,0,0,0,0,0,0,0,0,0,0,0,252.974,0,0,0
"MtrElec",11,10,8,"",279.186,0,0,0,0,0,0,0,0,0,0,0,0,0,0,0,0,0,0,0,0,279.186,0,0,0
"MtrElec",11,10,9,"",307.859,0,0,0,0,0,0,0,0,0,0,0,0,0,0,0,0,0,0,0,0,359.588,0,0,-51.7291
"MtrElec",11,10,10,"",234.4,0,0,0,0,0,0,0,0,0,0,0,0,0,0,0,0,0,0,0,0,440.32,0,0,-205.919
"MtrElec",11,10,11,"",140.937,0,0,0,0,0,0,0,0,0,0,0,0,0,0,0,0,0,0,0,0,431.523,0,0,-290.586
"MtrElec",11,10,12,"",237.424,0,0,0,0,0,0,0,0,0,0,0,0,0,0,0,0,0,0,0,0,417.66,0,0,-180.236
"MtrElec",11,10,13,"",209.361,0,0,0,0,0,0,0,0,0,0,0,0,0,0,0,0,0,0,0,0,371.531,0,0,-162.169
"MtrElec",11,10,14,"",206.081,0,0,0,0,0,0,0,0,0,0,0,0,0,0,0,0,0,0,0,0,361.178,0,0,-155.097
"MtrElec",11,10,15,"",117.258,0,0,0,0,0,0,0,0,0,0,0,0,0,0,0,0,0,0,0,0,370.698,0,0,-253.44
"MtrElec",11,10,16,"",244.521,0,0,0,0,0,0,0,0,0,0,0,0,0,0,0,0,0,0,0,0,353.191,0,0,-108.669
"MtrElec",11,10,17,"",374.633,0,0,0,0,0,0,0,0,0,0,0,0,0,0,0,0,0,0,0,0,385.623,0,0,-10.9904
"MtrElec",11,10,18,"",408.164,0,0,0,0,0,0,0,0,0,0,0,0,0,0,0,0,0,0,0,0,408.164,0,0,0
"MtrElec",11,10,19,"",393.181,0,0,0,0,0,0,0,0,0,0,0,0,0,0,0,0,0,0,0,0,393.181,0,0,0
"MtrElec",11,10,20,"",415.725,0,0,0,0,0,0,0,0,0,0,0,0,0,0,0,0,0,0,0,0,415.725,0,0,0
"MtrElec",11,10,21,"",428.746,0,0,0,0,0,0,0,0,0,0,0,0,0,0,0,0,0,0,0,0,428.746,0,0,0
"MtrElec",11,10,22,"",297.86,0,0,0,0,0,0,0,0,0,0,0,0,0,0,0,0,0,0,0,0,297.86,0,0,0
"MtrElec",11,10,23,"",286.869,0,0,0,0,0,0,0,0,0,0,0,0,0,0,0,0,0,0,0,0,286.869,0,0,0
"MtrElec",11,10,24,"",253.686,0,0,0,0,0,0,0,0,0,0,0,0,0,0,0,0,0,0,0,0,253.686,0,0,0
"MtrElec",11,11,1,"",177.014,0,0,0,0,0,0,0,0,0,0,0,0,0,0,0,0,0,0,0,0,177.014,0,0,0
"MtrElec",11,11,2,"",154.749,0,0,0,0,0,0,0,0,0,0,0,0,0,0,0,0,0,0,0,0,154.749,0,0,0
"MtrElec",11,11,3,"",152.433,0,0,0,0,0,0,0,0,0,0,0,0,0,0,0,0,0,0,0,0,152.433,0,0,0
"MtrElec",11,11,4,"",154.408,0,0,0,0,0,0,0,0,0,0,0,0,0,0,0,0,0,0,0,0,154.408,0,0,0
"MtrElec",11,11,5,"",150.67,0,0,0,0,0,0,0,0,0,0,0,0,0,0,0,0,0,0,0,0,150.67,0,0,0
"MtrElec",11,11,6,"",175.804,0,0,0,0,0,0,0,0,0,0,0,0,0,0,0,0,0,0,0,0,175.804,0,0,0
"MtrElec",11,11,7,"",193.331,0,0,0,0,0,0,0,0,0,0,0,0,0,0,0,0,0,0,0,0,205.769,0,0,-12.4382
"MtrElec",11,11,8,"",98.5602,0,0,0,0,0,0,0,0,0,0,0,0,0,0,0,0,0,0,0,0,276.369,0,0,-177.809
"MtrElec",11,11,9,"",-31.13,0,0,0,0,0,0,0,0,0,0,0,0,0,0,0,0,0,0,0,0,324.519,0,0,-355.649
"MtrElec",11,11,10,"",-69.9212,0,0,0,0,0,0,0,0,0,0,0,0,0,0,0,0,0,0,0,0,416.557,0,0,-486.479
"MtrElec",11,11,11,"",0,0,0,0,0,0,0,0,0,0,0,0,0,0,0,0,0,0,0,0,0,400.974,0,169.388,-570.362
"MtrElec",11,11,12,"",-10.5307,0,0,0,0,0,0,0,0,0,0,0,0,0,0,0,0,0,0,0,0,377.676,0,223.217,-611.424
"MtrElec",11,11,13,"",0,0,0,0,0,0,0,0,0,0,0,0,0,0,0,0,0,0,0,0,0,425.368,0,171.382,-596.749
"MtrElec",11,11,14,"",0.0000078,0,0,0,0,0,0,0,0,0,0,0,0,0,0,0,0,0,0,0,0,398.453,0,130.07,-528.523
"MtrElec",11,11,15,"",0,0,0,0,0,0,0,0,0,0,0,0,0,0,0,0,0,0,0,0,0,368.091,0,37.4512,-405.543
"MtrElec",11,11,16,"",141.958,0,0,0,0,0,0,0,0,0,0,0,0,0,0,0,0,0,0,0,0,373.387,0,0,-231.429
"MtrElec",11,11,17,"",291.149,0,0,0,0,0,0,0,0,0,0,0,0,0,0,0,0,0,0,0,0,337.185,0,0,-46.0356
"MtrElec",11,11,18,"",408.617,0,0,0,0,0,0,0,0,0,0,0,0,0,0,0,0,0,0,0,0,408.617,0,0,0
"MtrElec",11,11,19,"",169.749,0,0,0,0,0,0,0,0,0,0,0,0,0,0,0,0,0,0,0,0,392.966,0,-223.217,0
"MtrElec",11,11,20,"",68.7081,0,0,0,0,0,0,0,0,0,0,0,0,0,0,0,0,0,0,0,0,291.925,0,-223.217,0
"MtrElec",11,11,21,"",123.96,0,0,0,0,0,0,0,0,0,0,0,0,0,0,0,0,0,0,0,0,337.711,0,-213.752,0
"MtrElec",11,11,22,"",238.312,0,0,0,0,0,0,0,0,0,0,0,0,0,0,0,0,0,0,0,0,238.312,0,0,0
"MtrElec",11,11,23,"",252.104,0,0,0,0,0,0,0,0,0,0,0,0,0,0,0,0,0,0,0,0,252.104,0,0,0
"MtrElec",11,11,24,"",190.906,0,0,0,0,0,0,0,0,0,0,0,0,0,0,0,0,0,0,0,0,190.906,0,0,0
"MtrElec",11,12,1,"",158.337,0,0,0,0,0,0,0,0,0,0,0,0,0,0,0,0,0,0,0,0,158.337,0,0,0
"MtrElec",11,12,2,"",157.769,0,0,0,0,0,0,0,0,0,0,0,0,0,0,0,0,0,0,0,0,157.769,0,0,0
"MtrElec",11,12,3,"",150.723,0,0,0,0,0,0,0,0,0,0,0,0,0,0,0,0,0,0,0,0,150.723,0,0,0
"MtrElec",11,12,4,"",156.406,0,0,0,0,0,0,0,0,0,0,0,0,0,0,0,0,0,0,0,0,156.406,0,0,0
"MtrElec",11,12,5,"",170.054,0,0,0,0,0,0,0,0,0,0,0,0,0,0,0,0,0,0,0,0,170.054,0,0,0
"MtrElec",11,12,6,"",172.854,0,0,0,0,0,0,0,0,0,0,0,0,0,0,0,0,0,0,0,0,172.854,0,0,0
"MtrElec",11,12,7,"",223.127,0,0,0,0,0,0,0,0,0,0,0,0,0,0,0,0,0,0,0,0,238.866,0,0,-15.7386
"MtrElec",11,12,8,"",109.326,0,0,0,0,0,0,0,0,0,0,0,0,0,0,0,0,0,0,0,0,312.881,0,0,-203.555
"MtrElec",11,12,9,"",-65.0736,0,0,0,0,0,0,0,0,0,0,0,0,0,0,0,0,0,0,0,0,320.985,0,0,-386.058
"MtrElec",11,12,10,"",-75.2763,0,0,0,0,0,0,0,0,0,0,0,0,0,0,0,0,0,0,0,0,448.205,0,0,-523.481
"MtrElec",11,12,11,"",0.0000156,0,0,0,0,0,0,0,0,0,0,0,0,0,0,0,0,0,0,0,0,398.186,0,201.635,-599.821
"MtrElec",11,12,12,"",0,0,0,0,0,0,0,0,0,0,0,0,0,0,0,0,0,0,0,0,0,406.434,0,207.724,-614.157
"MtrElec",11,12,13,"",0,0,0,0,0,0,0,0,0,0,0,0,0,0,0,0,0,0,0,0,0,391.448,0,198.379,-589.826
"MtrElec",11,12,14,"",0,0,0,0,0,0,0,0,0,0,0,0,0,0,0,0,0,0,0,0,0,400.073,0,129.23,-529.304
"MtrElec",11,12,15,"",0,0,0,0,0,0,0,0,0,0,0,0,0,0,0,0,0,0,0,0,0,371.087,0,42.8176,-413.905
"MtrElec",11,12,16,"",150.401,0,0,0,0,0,0,0,0,0,0,0,0,0,0,0,0,0,0,0,0,387.261,0,0,-236.86
"MtrElec",11,12,17,"",321.498,0,0,0,0,0,0,0,0,0,0,0,0,0,0,0,0,0,0,0,0,367.621,0,0,-46.1229
"MtrElec",11,12,18,"",427.132,0,0,0,0,0,0,0,0,0,0,0,0,0,0,0,0,0,0,0,0,427.132,0,0,0
"MtrElec",11,12,19,"",180.443,0,0,0,0,0,0,0,0,0,0,0,0,0,0,0,0,0,0,0,0,403.66,0,-223.217,0
"MtrElec",11,12,20,"",176.345,0,0,0,0,0,0,0,0,0,0,0,0,0,0,0,0,0,0,0,0,399.562,0,-223.217,0
"MtrElec",11,12,21,"",173.202,0,0,0,0,0,0,0,0,0,0,0,0,0,0,0,0,0,0,0,0,396.419,0,-223.217,0
"MtrElec",11,12,22,"",274.92,0,0,0,0,0,0,0,0,0,0,0,0,0,0,0,0,0,0,0,0,309.026,0,-34.1054,0
"MtrElec",11,12,23,"",273.837,0,0,0,0,0,0,0,0,0,0,0,0,0,0,0,0,0,0,0,0,273.837,0,0,0
"MtrElec",11,12,24,"",213.737,0,0,0,0,0,0,0,0,0,0,0,0,0,0,0,0,0,0,0,0,213.737,0,0,0
"MtrElec",11,13,1,"",164.067,0,0,0,0,0,0,0,0,0,0,0,0,0,0,0,0,0,0,0,0,164.067,0,0,0
"MtrElec",11,13,2,"",155.461,0,0,0,0,0,0,0,0,0,0,0,0,0,0,0,0,0,0,0,0,155.461,0,0,0
"MtrElec",11,13,3,"",190.507,0,0,0,0,0,0,0,0,0,0,0,0,0,0,0,0,0,0,0,0,190.507,0,0,0
"MtrElec",11,13,4,"",151.439,0,0,0,0,0,0,0,0,0,0,0,0,0,0,0,0,0,0,0,0,151.439,0,0,0
"MtrElec",11,13,5,"",150.533,0,0,0,0,0,0,0,0,0,0,0,0,0,0,0,0,0,0,0,0,150.533,0,0,0
"MtrElec",11,13,6,"",158.603,0,0,0,0,0,0,0,0,0,0,0,0,0,0,0,0,0,0,0,0,158.603,0,0,0
"MtrElec",11,13,7,"",213.507,0,0,0,0,0,0,0,0,0,0,0,0,0,0,0,0,0,0,0,0,230.179,0,0,-16.6713
"MtrElec",11,13,8,"",90.801,0,0,0,0,0,0,0,0,0,0,0,0,0,0,0,0,0,0,0,0,293.989,0,0,-203.188
"MtrElec",11,13,9,"",-27.2102,0,0,0,0,0,0,0,0,0,0,0,0,0,0,0,0,0,0,0,0,355.627,0,0,-382.837
"MtrElec",11,13,10,"",-49.1722,0,0,0,0,0,0,0,0,0,0,0,0,0,0,0,0,0,0,0,0,456.643,0,0,-505.815
"MtrElec",11,13,11,"",0,0,0,0,0,0,0,0,0,0,0,0,0,0,0,0,0,0,0,0,0,407.925,0,163.645,-571.57
"MtrElec",11,13,12,"",0.0000156,0,0,0,0,0,0,0,0,0,0,0,0,0,0,0,0,0,0,0,0,438.931,0,154.224,-593.155
"MtrElec",11,13,13,"",0,0,0,0,0,0,0,0,0,0,0,0,0,0,0,0,0,0,0,0,0,491.659,0,80.6249,-572.284
"MtrElec",11,13,14,"",0.0000078,0,0,0,0,0,0,0,0,0,0,0,0,0,0,0,0,0,0,0,0,405.287,0,112.876,-518.163
"MtrElec",11,13,15,"",0,0,0,0,0,0,0,0,0,0,0,0,0,0,0,0,0,0,0,0,0,397.112,0,9.83391,-406.946
"MtrElec",11,13,16,"",215.528,0,0,0,0,0,0,0,0,0,0,0,0,0,0,0,0,0,0,0,0,424.197,0,0,-208.67
"MtrElec",11,13,17,"",420.739,0,0,0,0,0,0,0,0,0,0,0,0,0,0,0,0,0,0,0,0,438.463,0,0,-17.7242
"MtrElec",11,13,18,"",424.105,0,0,0,0,0,0,0,0,0,0,0,0,0,0,0,0,0,0,0,0,424.105,0,0,0
"MtrElec",11,13,19,"",198.432,0,0,0,0,0,0,0,0,0,0,0,0,0,0,0,0,0,0,0,0,421.648,0,-223.217,0
"MtrElec",11,13,20,"",186.223,0,0,0,0,0,0,0,0,0,0,0,0,0,0,0,0,0,0,0,0,409.44,0,-223.217,0
"MtrElec",11,13,21,"",437.661,0,0,0,0,0,0,0,0,0,0,0,0,0,0,0,0,0,0,0,0,461.615,0,-23.9535,0
"MtrElec",11,13,22,"",287.444,0,0,0,0,0,0,0,0,0,0,0,0,0,0,0,0,0,0,0,0,287.444,0,0,0
"MtrElec",11,13,23,"",236.626,0,0,0,0,0,0,0,0,0,0,0,0,0,0,0,0,0,0,0,0,236.626,0,0,0
"MtrElec",11,13,24,"",235.129,0,0,0,0,0,0,0,0,0,0,0,0,0,0,0,0,0,0,0,0,235.129,0,0,0
"MtrElec",11,14,1,"",180.772,0,0,0,0,0,0,0,0,0,0,0,0,0,0,0,0,0,0,0,0,180.772,0,0,0
"MtrElec",11,14,2,"",158.029,0,0,0,0,0,0,0,0,0,0,0,0,0,0,0,0,0,0,0,0,158.029,0,0,0
"MtrElec",11,14,3,"",154.153,0,0,0,0,0,0,0,0,0,0,0,0,0,0,0,0,0,0,0,0,154.153,0,0,0
"MtrElec",11,14,4,"",155.803,0,0,0,0,0,0,0,0,0,0,0,0,0,0,0,0,0,0,0,0,155.803,0,0,0
"MtrElec",11,14,5,"",180.288,0,0,0,0,0,0,0,0,0,0,0,0,0,0,0,0,0,0,0,0,180.288,0,0,0
"MtrElec",11,14,6,"",198.66,0,0,0,0,0,0,0,0,0,0,0,0,0,0,0,0,0,0,0,0,198.66,0,0,0
"MtrElec",11,14,7,"",155.636,0,0,0,0,0,0,0,0,0,0,0,0,0,0,0,0,0,0,0,0,172.298,0,0,-16.6624
"MtrElec",11,14,8,"",43.9578,0,0,0,0,0,0,0,0,0,0,0,0,0,0,0,0,0,0,0,0,245.456,0,0,-201.499
"MtrElec",11,14,9,"",-54.4063,0,0,0,0,0,0,0,0,0,0,0,0,0,0,0,0,0,0,0,0,326.236,0,0,-380.642
"MtrElec",11,14,10,"",-83.8717,0,0,0,0,0,0,0,0,0,0,0,0,0,0,0,0,0,0,0,0,414.425,0,0,-498.297
"MtrElec",11,14,11,"",0,0,0,0,0,0,0,0,0,0,0,0,0,0,0,0,0,0,0,0,0,520.867,0,45.9226,-566.789
"MtrElec",11,14,12,"",0,0,0,0,0,0,0,0,0,0,0,0,0,0,0,0,0,0,0,0,0,513.141,0,75.0332,-588.175
"MtrElec",11,14,13,"",0,0,0,0,0,0,0,0,0,0,0,0,0,0,0,0,0,0,0,0,0,506.498,0,69.7597,-576.258
"MtrElec",11,14,14,"",0,0,0,0,0,0,0,0,0,0,0,0,0,0,0,0,0,0,0,0,0,467.194,0,50.8241,-518.018
"MtrElec",11,14,15,"",46.2889,0,0,0,0,0,0,0,0,0,0,0,0,0,0,0,0,0,0,0,0,445.84,0,0,-399.552
"MtrElec",11,14,16,"",200.505,0,0,0,0,0,0,0,0,0,0,0,0,0,0,0,0,0,0,0,0,425.112,0,0,-224.606
"MtrElec",11,14,17,"",336.796,0,0,0,0,0,0,0,0,0,0,0,0,0,0,0,0,0,0,0,0,379.911,0,0,-43.1148
"MtrElec",11,14,18,"",433.881,0,0,0,0,0,0,0,0,0,0,0,0,0,0,0,0,0,0,0,0,433.881,0,0,0
"MtrElec",11,14,19,"",253.189,0,0,0,0,0,0,0,0,0,0,0,0,0,0,0,0,0,0,0,0,471.179,0,-217.99,0
"MtrElec",11,14,20,"",342.763,0,0,0,0,0,0,0,0,0,0,0,0,0,0,0,0,0,0,0,0,342.763,0,0,0
"MtrElec",11,14,21,"",373.332,0,0,0,0,0,0,0,0,0,0,0,0,0,0,0,0,0,0,0,0,373.332,0,0,0
"MtrElec",11,14,22,"",308.062,0,0,0,0,0,0,0,0,0,0,0,0,0,0,0,0,0,0,0,0,308.062,0,0,0
"MtrElec",11,14,23,"",272.978,0,0,0,0,0,0,0,0,0,0,0,0,0,0,0,0,0,0,0,0,272.978,0,0,0
"MtrElec",11,14,24,"",222.52,0,0,0,0,0,0,0,0,0,0,0,0,0,0,0,0,0,0,0,0,222.52,0,0,0
"MtrElec",11,15,1,"",163.605,0,0,0,0,0,0,0,0,0,0,0,0,0,0,0,0,0,0,0,0,163.605,0,0,0
"MtrElec",11,15,2,"",160.582,0,0,0,0,0,0,0,0,0,0,0,0,0,0,0,0,0,0,0,0,160.582,0,0,0
"MtrElec",11,15,3,"",153.555,0,0,0,0,0,0,0,0,0,0,0,0,0,0,0,0,0,0,0,0,153.555,0,0,0
"MtrElec",11,15,4,"",154.308,0,0,0,0,0,0,0,0,0,0,0,0,0,0,0,0,0,0,0,0,154.308,0,0,0
"MtrElec",11,15,5,"",150.3,0,0,0,0,0,0,0,0,0,0,0,0,0,0,0,0,0,0,0,0,150.3,0,0,0
"MtrElec",11,15,6,"",196.268,0,0,0,0,0,0,0,0,0,0,0,0,0,0,0,0,0,0,0,0,196.268,0,0,0
"MtrElec",11,15,7,"",149.81,0,0,0,0,0,0,0,0,0,0,0,0,0,0,0,0,0,0,0,0,164.689,0,0,-14.8797
"MtrElec",11,15,8,"",65.8273,0,0,0,0,0,0,0,0,0,0,0,0,0,0,0,0,0,0,0,0,262.832,0,0,-197.005
"MtrElec",11,15,9,"",-83.6425,0,0,0,0,0,0,0,0,0,0,0,0,0,0,0,0,0,0,0,0,291.271,0,0,-374.913
"MtrElec",11,15,10,"",-147.602,0,0,0,0,0,0,0,0,0,0,0,0,0,0,0,0,0,0,0,0,350.939,0,0,-498.541
"MtrElec",11,15,11,"",0,0,0,0,0,0,0,0,0,0,0,0,0,0,0,0,0,0,0,0,0,378.642,0,187.574,-566.216
"MtrElec",11,15,12,"",0,0,0,0,0,0,0,0,0,0,0,0,0,0,0,0,0,0,0,0,0,446.328,0,153.013,-599.341
"MtrElec",11,15,13,"",0.0000156,0,0,0,0,0,0,0,0,0,0,0,0,0,0,0,0,0,0,0,0,427.179,0,151.75,-578.929
"MtrElec",11,15,14,"",0,0,0,0,0,0,0,0,0,0,0,0,0,0,0,0,0,0,0,0,0,399.302,0,114.451,-513.753
"MtrElec",11,15,15,"",36.2292,0,0,0,0,0,0,0,0,0,0,0,0,0,0,0,0,0,0,0,0,440.35,0,0,-404.121
"MtrElec",11,15,16,"",159.812,0,0,0,0,0,0,0,0,0,0,0,0,0,0,0,0,0,0,0,0,392.198,0,0,-232.387
"MtrElec",11,15,17,"",334.45,0,0,0,0,0,0,0,0,0,0,0,0,0,0,0,0,0,0,0,0,378.662,0,0,-44.2124
"MtrElec",11,15,18,"",379.287,0,0,0,0,0,0,0,0,0,0,0,0,0,0,0,0,0,0,0,0,379.287,0,0,0
"MtrElec",11,15,19,"",194.624,0,0,0,0,0,0,0,0,0,0,0,0,0,0,0,0,0,0,0,0,417.84,0,-223.217,0
"MtrElec",11,15,20,"",147.57,0,0,0,0,0,0,0,0,0,0,0,0,0,0,0,0,0,0,0,0,370.787,0,-223.217,0
"MtrElec",11,15,21,"",182.942,0,0,0,0,0,0,0,0,0,0,0,0,0,0,0,0,0,0,0,0,284.134,0,-101.192,0
"MtrElec",11,15,22,"",268.858,0,0,0,0,0,0,0,0,0,0,0,0,0,0,0,0,0,0,0,0,268.858,0,0,0
"MtrElec",11,15,23,"",252.347,0,0,0,0,0,0,0,0,0,0,0,0,0,0,0,0,0,0,0,0,252.347,0,0,0
"MtrElec",11,15,24,"",228.077,0,0,0,0,0,0,0,0,0,0,0,0,0,0,0,0,0,0,0,0,228.077,0,0,0
"MtrElec",11,16,1,"",175.679,0,0,0,0,0,0,0,0,0,0,0,0,0,0,0,0,0,0,0,0,175.679,0,0,0
"MtrElec",11,16,2,"",157.453,0,0,0,0,0,0,0,0,0,0,0,0,0,0,0,0,0,0,0,0,157.453,0,0,0
"MtrElec",11,16,3,"",152.867,0,0,0,0,0,0,0,0,0,0,0,0,0,0,0,0,0,0,0,0,152.867,0,0,0
"MtrElec",11,16,4,"",153.13,0,0,0,0,0,0,0,0,0,0,0,0,0,0,0,0,0,0,0,0,153.13,0,0,0
"MtrElec",11,16,5,"",151.453,0,0,0,0,0,0,0,0,0,0,0,0,0,0,0,0,0,0,0,0,151.453,0,0,0
"MtrElec",11,16,6,"",165.746,0,0,0,0,0,0,0,0,0,0,0,0,0,0,0,0,0,0,0,0,165.746,0,0,0
"MtrElec",11,16,7,"",229.992,0,0,0,0,0,0,0,0,0,0,0,0,0,0,0,0,0,0,0,0,247.773,0,0,-17.7807
"MtrElec",11,16,8,"",94.3535,0,0,0,0,0,0,0,0,0,0,0,0,0,0,0,0,0,0,0,0,304.642,0,0,-210.288
"MtrElec",11,16,9,"",-18.8373,0,0,0,0,0,0,0,0,0,0,0,0,0,0,0,0,0,0,0,0,372.295,0,0,-391.133
"MtrElec",11,16,10,"",-56.2617,0,0,0,0,0,0,0,0,0,0,0,0,0,0,0,0,0,0,0,0,460.922,0,0,-517.184
"MtrElec",11,16,11,"",0,0,0,0,0,0,0,0,0,0,0,0,0,0,0,0,0,0,0,0,0,461.072,0,129.833,-590.905
"MtrElec",11,16,12,"",0,0,0,0,0,0,0,0,0,0,0,0,0,0,0,0,0,0,0,0,0,459.915,0,143.789,-603.705
"MtrElec",11,16,13,"",0,0,0,0,0,0,0,0,0,0,0,0,0,0,0,0,0,0,0,0,0,446.656,0,145.005,-591.661
"MtrElec",11,16,14,"",0.0000078,0,0,0,0,0,0,0,0,0,0,0,0,0,0,0,0,0,0,0,0,432.011,0,97.3135,-529.325
"MtrElec",11,16,15,"",0,0,0,0,0,0,0,0,0,0,0,0,0,0,0,0,0,0,0,0,0,397.146,0,12.2807,-409.427
"MtrElec",11,16,16,"",206.091,0,0,0,0,0,0,0,0,0,0,0,0,0,0,0,0,0,0,0,0,443.264,0,0,-237.173
"MtrElec",11,16,17,"",382.707,0,0,0,0,0,0,0,0,0,0,0,0,0,0,0,0,0,0,0,0,428.497,0,0,-45.79
"MtrElec",11,16,18,"",455.708,0,0,0,0,0,0,0,0,0,0,0,0,0,0,0,0,0,0,0,0,455.708,0,0,0
"MtrElec",11,16,19,"",206.129,0,0,0,0,0,0,0,0,0,0,0,0,0,0,0,0,0,0,0,0,429.346,0,-223.217,0
"MtrElec",11,16,20,"",202.628,0,0,0,0,0,0,0,0,0,0,0,0,0,0,0,0,0,0,0,0,425.845,0,-223.217,0
"MtrElec",11,16,21,"",394.529,0,0,0,0,0,0,0,0,0,0,0,0,0,0,0,0,0,0,0,0,424.815,0,-30.2858,0
"MtrElec",11,16,22,"",314.765,0,0,0,0,0,0,0,0,0,0,0,0,0,0,0,0,0,0,0,0,314.765,0,0,0
"MtrElec",11,16,23,"",260.612,0,0,0,0,0,0,0,0,0,0,0,0,0,0,0,0,0,0,0,0,260.612,0,0,0
"MtrElec",11,16,24,"",214.963,0,0,0,0,0,0,0,0,0,0,0,0,0,0,0,0,0,0,0,0,214.963,0,0,0
"MtrElec",11,17,1,"",170.401,0,0,0,0,0,0,0,0,0,0,0,0,0,0,0,0,0,0,0,0,170.401,0,0,0
"MtrElec",11,17,2,"",159.395,0,0,0,0,0,0,0,0,0,0,0,0,0,0,0,0,0,0,0,0,159.395,0,0,0
"MtrElec",11,17,3,"",153.318,0,0,0,0,0,0,0,0,0,0,0,0,0,0,0,0,0,0,0,0,153.318,0,0,0
"MtrElec",11,17,4,"",152.382,0,0,0,0,0,0,0,0,0,0,0,0,0,0,0,0,0,0,0,0,152.382,0,0,0
"MtrElec",11,17,5,"",188.79,0,0,0,0,0,0,0,0,0,0,0,0,0,0,0,0,0,0,0,0,188.79,0,0,0
"MtrElec",11,17,6,"",159.842,0,0,0,0,0,0,0,0,0,0,0,0,0,0,0,0,0,0,0,0,159.842,0,0,0
"MtrElec",11,17,7,"",213.044,0,0,0,0,0,0,0,0,0,0,0,0,0,0,0,0,0,0,0,0,228.959,0,0,-15.9151
"MtrElec",11,17,8,"",81.7864,0,0,0,0,0,0,0,0,0,0,0,0,0,0,0,0,0,0,0,0,277.694,0,0,-195.908
"MtrElec",11,17,9,"",-38.6075,0,0,0,0,0,0,0,0,0,0,0,0,0,0,0,0,0,0,0,0,339.99,0,0,-378.597
"MtrElec",11,17,10,"",-52.3145,0,0,0,0,0,0,0,0,0,0,0,0,0,0,0,0,0,0,0,0,446.939,0,0,-499.254
"MtrElec",11,17,11,"",0,0,0,0,0,0,0,0,0,0,0,0,0,0,0,0,0,0,0,0,0,433.738,0,126.095,-559.833
"MtrElec",11,17,12,"",0,0,0,0,0,0,0,0,0,0,0,0,0,0,0,0,0,0,0,0,0,419.137,0,126.442,-545.579
"MtrElec",11,17,13,"",0.0000039,0,0,0,0,0,0,0,0,0,0,0,0,0,0,0,0,0,0,0,0,509.231,0,64.4864,-573.718
"MtrElec",11,17,14,"",0,0,0,0,0,0,0,0,0,0,0,0,0,0,0,0,0,0,0,0,0,432.035,0,82.0663,-514.101
"MtrElec",11,17,15,"",49.8845,0,0,0,0,0,0,0,0,0,0,0,0,0,0,0,0,0,0,0,0,452.064,0,0,-402.18
"MtrElec",11,17,16,"",178.428,0,0,0,0,0,0,0,0,0,0,0,0,0,0,0,0,0,0,0,0,410.378,0,0,-231.95
"MtrElec",11,17,17,"",400.786,0,0,0,0,0,0,0,0,0,0,0,0,0,0,0,0,0,0,0,0,444.687,0,0,-43.9011
"MtrElec",11,17,18,"",448.795,0,0,0,0,0,0,0,0,0,0,0,0,0,0,0,0,0,0,0,0,448.795,0,0,0
"MtrElec",11,17,19,"",225.93,0,0,0,0,0,0,0,0,0,0,0,0,0,0,0,0,0,0,0,0,449.147,0,-223.217,0
"MtrElec",11,17,20,"",272.956,0,0,0,0,0,0,0,0,0,0,0,0,0,0,0,0,0,0,0,0,409.917,0,-136.962,0
"MtrElec",11,17,21,"",436.119,0,0,0,0,0,0,0,0,0,0,0,0,0,0,0,0,0,0,0,0,436.119,0,0,0
"MtrElec",11,17,22,"",308.928,0,0,0,0,0,0,0,0,0,0,0,0,0,0,0,0,0,0,0,0,308.928,0,0,0
"MtrElec",11,17,23,"",256.761,0,0,0,0,0,0,0,0,0,0,0,0,0,0,0,0,0,0,0,0,256.761,0,0,0
"MtrElec",11,17,24,"",189.918,0,0,0,0,0,0,0,0,0,0,0,0,0,0,0,0,0,0,0,0,189.918,0,0,0
"MtrElec",11,18,1,"",172.978,0,0,0,0,0,0,0,0,0,0,0,0,0,0,0,0,0,0,0,0,172.978,0,0,0
"MtrElec",11,18,2,"",156.791,0,0,0,0,0,0,0,0,0,0,0,0,0,0,0,0,0,0,0,0,156.791,0,0,0
"MtrElec",11,18,3,"",153.989,0,0,0,0,0,0,0,0,0,0,0,0,0,0,0,0,0,0,0,0,153.989,0,0,0
"MtrElec",11,18,4,"",156.457,0,0,0,0,0,0,0,0,0,0,0,0,0,0,0,0,0,0,0,0,156.457,0,0,0
"MtrElec",11,18,5,"",186.89,0,0,0,0,0,0,0,0,0,0,0,0,0,0,0,0,0,0,0,0,186.89,0,0,0
"MtrElec",11,18,6,"",157.926,0,0,0,0,0,0,0,0,0,0,0,0,0,0,0,0,0,0,0,0,157.926,0,0,0
"MtrElec",11,18,7,"",256.02,0,0,0,0,0,0,0,0,0,0,0,0,0,0,0,0,0,0,0,0,258.148,0,0,-2.1277
"MtrElec",11,18,8,"",221.67,0,0,0,0,0,0,0,0,0,0,0,0,0,0,0,0,0,0,0,0,321.682,0,0,-100.012
"MtrElec",11,18,9,"",100.203,0,0,0,0,0,0,0,0,0,0,0,0,0,0,0,0,0,0,0,0,388.029,0,0,-287.825
"MtrElec",11,18,10,"",-47.5067,0,0,0,0,0,0,0,0,0,0,0,0,0,0,0,0,0,0,0,0,460.018,0,0,-507.525
"MtrElec",11,18,11,"",0.0000156,0,0,0,0,0,0,0,0,0,0,0,0,0,0,0,0,0,0,0,0,419.553,0,155.051,-574.605
"MtrElec",11,18,12,"",0.0000078,0,0,0,0,0,0,0,0,0,0,0,0,0,0,0,0,0,0,0,0,477.464,0,120.842,-598.306
"MtrElec",11,18,13,"",0,0,0,0,0,0,0,0,0,0,0,0,0,0,0,0,0,0,0,0,0,504.608,0,71.5314,-576.139
"MtrElec",11,18,14,"",0.0000039,0,0,0,0,0,0,0,0,0,0,0,0,0,0,0,0,0,0,0,0,458.148,0,58.9006,-517.049
"MtrElec",11,18,15,"",67.3333,0,0,0,0,0,0,0,0,0,0,0,0,0,0,0,0,0,0,0,0,471.363,0,0,-404.03
"MtrElec",11,18,16,"",218.777,0,0,0,0,0,0,0,0,0,0,0,0,0,0,0,0,0,0,0,0,450.853,0,0,-232.076
"MtrElec",11,18,17,"",387.47,0,0,0,0,0,0,0,0,0,0,0,0,0,0,0,0,0,0,0,0,431.349,0,0,-43.8795
"MtrElec",11,18,18,"",474.059,0,0,0,0,0,0,0,0,0,0,0,0,0,0,0,0,0,0,0,0,474.059,0,0,0
"MtrElec",11,18,19,"",226.493,0,0,0,0,0,0,0,0,0,0,0,0,0,0,0,0,0,0,0,0,449.71,0,-223.217,0
"MtrElec",11,18,20,"",286.489,0,0,0,0,0,0,0,0,0,0,0,0,0,0,0,0,0,0,0,0,429.981,0,-143.492,0
"MtrElec",11,18,21,"",422.484,0,0,0,0,0,0,0,0,0,0,0,0,0,0,0,0,0,0,0,0,422.484,0,0,0
"MtrElec",11,18,22,"",323.961,0,0,0,0,0,0,0,0,0,0,0,0,0,0,0,0,0,0,0,0,323.961,0,0,0
"MtrElec",11,18,23,"",244.491,0,0,0,0,0,0,0,0,0,0,0,0,0,0,0,0,0,0,0,0,244.491,0,0,0
"MtrElec",11,18,24,"",252.824,0,0,0,0,0,0,0,0,0,0,0,0,0,0,0,0,0,0,0,0,252.824,0,0,0
"MtrElec",11,19,1,"",174.053,0,0,0,0,0,0,0,0,0,0,0,0,0,0,0,0,0,0,0,0,174.053,0,0,0
"MtrElec",11,19,2,"",156.666,0,0,0,0,0,0,0,0,0,0,0,0,0,0,0,0,0,0,0,0,156.666,0,0,0
"MtrElec",11,19,3,"",151.242,0,0,0,0,0,0,0,0,0,0,0,0,0,0,0,0,0,0,0,0,151.242,0,0,0
"MtrElec",11,19,4,"",152.164,0,0,0,0,0,0,0,0,0,0,0,0,0,0,0,0,0,0,0,0,152.164,0,0,0
"MtrElec",11,19,5,"",151.121,0,0,0,0,0,0,0,0,0,0,0,0,0,0,0,0,0,0,0,0,151.121,0,0,0
"MtrElec",11,19,6,"",168.026,0,0,0,0,0,0,0,0,0,0,0,0,0,0,0,0,0,0,0,0,168.026,0,0,0
"MtrElec",11,19,7,"",247.136,0,0,0,0,0,0,0,0,0,0,0,0,0,0,0,0,0,0,0,0,263.336,0,0,-16.1994
"MtrElec",11,19,8,"",107.427,0,0,0,0,0,0,0,0,0,0,0,0,0,0,0,0,0,0,0,0,310.703,0,0,-203.276
"MtrElec",11,19,9,"",-56.3767,0,0,0,0,0,0,0,0,0,0,0,0,0,0,0,0,0,0,0,0,343.398,0,0,-399.774
"MtrElec",11,19,10,"",-97.9582,0,0,0,0,0,0,0,0,0,0,0,0,0,0,0,0,0,0,0,0,424.982,0,0,-522.94
"MtrElec",11,19,11,"",0,0,0,0,0,0,0,0,0,0,0,0,0,0,0,0,0,0,0,0,0,496.971,0,89.8631,-586.834
"MtrElec",11,19,12,"",0,0,0,0,0,0,0,0,0,0,0,0,0,0,0,0,0,0,0,0,0,452.306,0,157.02,-609.326
"MtrElec",11,19,13,"",0,0,0,0,0,0,0,0,0,0,0,0,0,0,0,0,0,0,0,0,0,525.313,0,73.7013,-599.014
"MtrElec",11,19,14,"",0,0,0,0,0,0,0,0,0,0,0,0,0,0,0,0,0,0,0,0,0,444.865,0,87.271,-532.136
"MtrElec",11,19,15,"",19.3891,0,0,0,0,0,0,0,0,0,0,0,0,0,0,0,0,0,0,0,0,430.025,0,0,-410.636
"MtrElec",11,19,16,"",219.071,0,0,0,0,0,0,0,0,0,0,0,0,0,0,0,0,0,0,0,0,456.657,0,0,-237.586
"MtrElec",11,19,17,"",381.402,0,0,0,0,0,0,0,0,0,0,0,0,0,0,0,0,0,0,0,0,426.709,0,0,-45.3069
"MtrElec",11,19,18,"",456.404,0,0,0,0,0,0,0,0,0,0,0,0,0,0,0,0,0,0,0,0,456.404,0,0,0
"MtrElec",11,19,19,"",173.461,0,0,0,0,0,0,0,0,0,0,0,0,0,0,0,0,0,0,0,0,396.678,0,-223.217,0
"MtrElec",11,19,20,"",284.122,0,0,0,0,0,0,0,0,0,0,0,0,0,0,0,0,0,0,0,0,428.995,0,-144.872,0
"MtrElec",11,19,21,"",441.572,0,0,0,0,0,0,0,0,0,0,0,0,0,0,0,0,0,0,0,0,441.572,0,0,0
"MtrElec",11,19,22,"",281.512,0,0,0,0,0,0,0,0,0,0,0,0,0,0,0,0,0,0,0,0,281.512,0,0,0
"MtrElec",11,19,23,"",297.238,0,0,0,0,0,0,0,0,0,0,0,0,0,0,0,0,0,0,0,0,297.238,0,0,0
"MtrElec",11,19,24,"",208.931,0,0,0,0,0,0,0,0,0,0,0,0,0,0,0,0,0,0,0,0,208.931,0,0,0
"MtrElec",11,20,1,"",168.317,0,0,0,0,0,0,0,0,0,0,0,0,0,0,0,0,0,0,0,0,168.317,0,0,0
"MtrElec",11,20,2,"",157.939,0,0,0,0,0,0,0,0,0,0,0,0,0,0,0,0,0,0,0,0,157.939,0,0,0
"MtrElec",11,20,3,"",152.723,0,0,0,0,0,0,0,0,0,0,0,0,0,0,0,0,0,0,0,0,152.723,0,0,0
"MtrElec",11,20,4,"",154.009,0,0,0,0,0,0,0,0,0,0,0,0,0,0,0,0,0,0,0,0,154.009,0,0,0
"MtrElec",11,20,5,"",186.797,0,0,0,0,0,0,0,0,0,0,0,0,0,0,0,0,0,0,0,0,186.797,0,0,0
"MtrElec",11,20,6,"",157.215,0,0,0,0,0,0,0,0,0,0,0,0,0,0,0,0,0,0,0,0,157.215,0,0,0
"MtrElec",11,20,7,"",257.786,0,0,0,0,0,0,0,0,0,0,0,0,0,0,0,0,0,0,0,0,270.948,0,0,-13.1624
"MtrElec",11,20,8,"",131.926,0,0,0,0,0,0,0,0,0,0,0,0,0,0,0,0,0,0,0,0,319.425,0,0,-187.499
"MtrElec",11,20,9,"",-11.2844,0,0,0,0,0,0,0,0,0,0,0,0,0,0,0,0,0,0,0,0,358.923,0,0,-370.207
"MtrElec",11,20,10,"",-41.9814,0,0,0,0,0,0,0,0,0,0,0,0,0,0,0,0,0,0,0,0,447.287,0,0,-489.269
"MtrElec",11,20,11,"",0.0000078,0,0,0,0,0,0,0,0,0,0,0,0,0,0,0,0,0,0,0,0,461.816,0,92.5254,-554.341
"MtrElec",11,20,12,"",0,0,0,0,0,0,0,0,0,0,0,0,0,0,0,0,0,0,0,0,0,462.761,0,117.05,-579.811
"MtrElec",11,20,13,"",0,0,0,0,0,0,0,0,0,0,0,0,0,0,0,0,0,0,0,0,0,494.057,0,64.547,-558.604
"MtrElec",11,20,14,"",0,0,0,0,0,0,0,0,0,0,0,0,0,0,0,0,0,0,0,0,0,483.186,0,9.92756,-493.114
"MtrElec",11,20,15,"",66.0831,0,0,0,0,0,0,0,0,0,0,0,0,0,0,0,0,0,0,0,0,449.099,0,0,-383.016
"MtrElec",11,20,16,"",266.786,0,0,0,0,0,0,0,0,0,0,0,0,0,0,0,0,0,0,0,0,486.817,0,0,-220.031
"MtrElec",11,20,17,"",415.698,0,0,0,0,0,0,0,0,0,0,0,0,0,0,0,0,0,0,0,0,447.26,0,0,-31.5623
"MtrElec",11,20,18,"",492.785,0,0,0,0,0,0,0,0,0,0,0,0,0,0,0,0,0,0,0,0,492.785,0,0,0
"MtrElec",11,20,19,"",224.517,0,0,0,0,0,0,0,0,0,0,0,0,0,0,0,0,0,0,0,0,447.734,0,-223.217,0
"MtrElec",11,20,20,"",368.975,0,0,0,0,0,0,0,0,0,0,0,0,0,0,0,0,0,0,0,0,402.114,0,-33.1384,0
"MtrElec",11,20,21,"",463.42,0,0,0,0,0,0,0,0,0,0,0,0,0,0,0,0,0,0,0,0,463.42,0,0,0
"MtrElec",11,20,22,"",301.469,0,0,0,0,0,0,0,0,0,0,0,0,0,0,0,0,0,0,0,0,301.469,0,0,0
"MtrElec",11,20,23,"",289.372,0,0,0,0,0,0,0,0,0,0,0,0,0,0,0,0,0,0,0,0,289.372,0,0,0
"MtrElec",11,20,24,"",206.783,0,0,0,0,0,0,0,0,0,0,0,0,0,0,0,0,0,0,0,0,206.783,0,0,0
"MtrElec",11,21,1,"",168.329,0,0,0,0,0,0,0,0,0,0,0,0,0,0,0,0,0,0,0,0,168.329,0,0,0
"MtrElec",11,21,2,"",175.375,0,0,0,0,0,0,0,0,0,0,0,0,0,0,0,0,0,0,0,0,175.375,0,0,0
"MtrElec",11,21,3,"",172.023,0,0,0,0,0,0,0,0,0,0,0,0,0,0,0,0,0,0,0,0,172.023,0,0,0
"MtrElec",11,21,4,"",154.526,0,0,0,0,0,0,0,0,0,0,0,0,0,0,0,0,0,0,0,0,154.526,0,0,0
"MtrElec",11,21,5,"",168.77,0,0,0,0,0,0,0,0,0,0,0,0,0,0,0,0,0,0,0,0,168.77,0,0,0
"MtrElec",11,21,6,"",160.541,0,0,0,0,0,0,0,0,0,0,0,0,0,0,0,0,0,0,0,0,160.541,0,0,0
"MtrElec",11,21,7,"",183.57,0,0,0,0,0,0,0,0,0,0,0,0,0,0,0,0,0,0,0,0,195.342,0,0,-11.772
"MtrElec",11,21,8,"",51.8884,0,0,0,0,0,0,0,0,0,0,0,0,0,0,0,0,0,0,0,0,231.899,0,0,-180.01
"MtrElec",11,21,9,"",-58.4267,0,0,0,0,0,0,0,0,0,0,0,0,0,0,0,0,0,0,0,0,307.29,0,0,-365.717
"MtrElec",11,21,10,"",-89.1035,0,0,0,0,0,0,0,0,0,0,0,0,0,0,0,0,0,0,0,0,403.025,0,0,-492.128
"MtrElec",11,21,11,"",0.0000039,0,0,0,0,0,0,0,0,0,0,0,0,0,0,0,0,0,0,0,0,507.453,0,54.2282,-561.682
"MtrElec",11,21,12,"",0,0,0,0,0,0,0,0,0,0,0,0,0,0,0,0,0,0,0,0,0,565.136,0,21.1649,-586.301
"MtrElec",11,21,13,"",0,0,0,0,0,0,0,0,0,0,0,0,0,0,0,0,0,0,0,0,0,527.384,0,28.6715,-556.055
"MtrElec",11,21,14,"",21.7539,0,0,0,0,0,0,0,0,0,0,0,0,0,0,0,0,0,0,0,0,510.268,0,0,-488.515
"MtrElec",11,21,15,"",121.485,0,0,0,0,0,0,0,0,0,0,0,0,0,0,0,0,0,0,0,0,497.388,0,0,-375.903
"MtrElec",11,21,16,"",351.491,0,0,0,0,0,0,0,0,0,0,0,0,0,0,0,0,0,0,0,0,480.699,0,0,-129.208
"MtrElec",11,21,17,"",455.718,0,0,0,0,0,0,0,0,0,0,0,0,0,0,0,0,0,0,0,0,486.278,0,0,-30.5596
"MtrElec",11,21,18,"",484.442,0,0,0,0,0,0,0,0,0,0,0,0,0,0,0,0,0,0,0,0,484.442,0,0,0
"MtrElec",11,21,19,"",400.119,0,0,0,0,0,0,0,0,0,0,0,0,0,0,0,0,0,0,0,0,494.037,0,-93.9183,0
"MtrElec",11,21,20,"",401.541,0,0,0,0,0,0,0,0,0,0,0,0,0,0,0,0,0,0,0,0,401.541,0,0,0
"MtrElec",11,21,21,"",323.988,0,0,0,0,0,0,0,0,0,0,0,0,0,0,0,0,0,0,0,0,323.988,0,0,0
"MtrElec",11,21,22,"",320.6,0,0,0,0,0,0,0,0,0,0,0,0,0,0,0,0,0,0,0,0,320.6,0,0,0
"MtrElec",11,21,23,"",227.95,0,0,0,0,0,0,0,0,0,0,0,0,0,0,0,0,0,0,0,0,227.95,0,0,0
"MtrElec",11,21,24,"",221.949,0,0,0,0,0,0,0,0,0,0,0,0,0,0,0,0,0,0,0,0,221.949,0,0,0
"MtrElec",11,22,1,"",165.273,0,0,0,0,0,0,0,0,0,0,0,0,0,0,0,0,0,0,0,0,165.273,0,0,0
"MtrElec",11,22,2,"",157.727,0,0,0,0,0,0,0,0,0,0,0,0,0,0,0,0,0,0,0,0,157.727,0,0,0
"MtrElec",11,22,3,"",158.237,0,0,0,0,0,0,0,0,0,0,0,0,0,0,0,0,0,0,0,0,158.237,0,0,0
"MtrElec",11,22,4,"",201.666,0,0,0,0,0,0,0,0,0,0,0,0,0,0,0,0,0,0,0,0,201.666,0,0,0
"MtrElec",11,22,5,"",186.627,0,0,0,0,0,0,0,0,0,0,0,0,0,0,0,0,0,0,0,0,186.627,0,0,0
"MtrElec",11,22,6,"",154.749,0,0,0,0,0,0,0,0,0,0,0,0,0,0,0,0,0,0,0,0,154.749,0,0,0
"MtrElec",11,22,7,"",157.611,0,0,0,0,0,0,0,0,0,0,0,0,0,0,0,0,0,0,0,0,168.412,0,0,-10.8006
"MtrElec",11,22,8,"",63.5642,0,0,0,0,0,0,0,0,0,0,0,0,0,0,0,0,0,0,0,0,235.215,0,0,-171.651
"MtrElec",11,22,9,"",-35.4637,0,0,0,0,0,0,0,0,0,0,0,0,0,0,0,0,0,0,0,0,293.486,0,0,-328.949
"MtrElec",11,22,10,"",-114.332,0,0,0,0,0,0,0,0,0,0,0,0,0,0,0,0,0,0,0,0,362.642,0,0,-476.975
"MtrElec",11,22,11,"",0.0000078,0,0,0,0,0,0,0,0,0,0,0,0,0,0,0,0,0,0,0,0,421.526,0,70.5431,-492.069
"MtrElec",11,22,12,"",0,0,0,0,0,0,0,0,0,0,0,0,0,0,0,0,0,0,0,0,0,398.173,0,130.309,-528.482
"MtrElec",11,22,13,"",0.0000078,0,0,0,0,0,0,0,0,0,0,0,0,0,0,0,0,0,0,0,0,459.465,0,100.14,-559.605
"MtrElec",11,22,14,"",0,0,0,0,0,0,0,0,0,0,0,0,0,0,0,0,0,0,0,0,0,436.133,0,68.0782,-504.211
"MtrElec",11,22,15,"",28.2853,0,0,0,0,0,0,0,0,0,0,0,0,0,0,0,0,0,0,0,0,415.739,0,0,-387.453
"MtrElec",11,22,16,"",212.328,0,0,0,0,0,0,0,0,0,0,0,0,0,0,0,0,0,0,0,0,429.264,0,0,-216.936
"MtrElec",11,22,17,"",334.676,0,0,0,0,0,0,0,0,0,0,0,0,0,0,0,0,0,0,0,0,373.756,0,0,-39.0799
"MtrElec",11,22,18,"",379.686,0,0,0,0,0,0,0,0,0,0,0,0,0,0,0,0,0,0,0,0,379.686,0,0,0
"MtrElec",11,22,19,"",180.688,0,0,0,0,0,0,0,0,0,0,0,0,0,0,0,0,0,0,0,0,403.905,0,-223.217,0
"MtrElec",11,22,20,"",245.966,0,0,0,0,0,0,0,0,0,0,0,0,0,0,0,0,0,0,0,0,355.835,0,-109.869,0
"MtrElec",11,22,21,"",384.5,0,0,0,0,0,0,0,0,0,0,0,0,0,0,0,0,0,0,0,0,384.5,0,0,0
"MtrElec",11,22,22,"",310.814,0,0,0,0,0,0,0,0,0,0,0,0,0,0,0,0,0,0,0,0,310.814,0,0,0
"MtrElec",11,22,23,"",258.882,0,0,0,0,0,0,0,0,0,0,0,0,0,0,0,0,0,0,0,0,258.882,0,0,0
"MtrElec",11,22,24,"",213.121,0,0,0,0,0,0,0,0,0,0,0,0,0,0,0,0,0,0,0,0,213.121,0,0,0
"MtrElec",11,23,1,"",173.752,0,0,0,0,0,0,0,0,0,0,0,0,0,0,0,0,0,0,0,0,173.752,0,0,0
"MtrElec",11,23,2,"",160.758,0,0,0,0,0,0,0,0,0,0,0,0,0,0,0,0,0,0,0,0,160.758,0,0,0
"MtrElec",11,23,3,"",152.434,0,0,0,0,0,0,0,0,0,0,0,0,0,0,0,0,0,0,0,0,152.434,0,0,0
"MtrElec",11,23,4,"",154.022,0,0,0,0,0,0,0,0,0,0,0,0,0,0,0,0,0,0,0,0,154.022,0,0,0
"MtrElec",11,23,5,"",185.334,0,0,0,0,0,0,0,0,0,0,0,0,0,0,0,0,0,0,0,0,185.334,0,0,0
"MtrElec",11,23,6,"",157.648,0,0,0,0,0,0,0,0,0,0,0,0,0,0,0,0,0,0,0,0,157.648,0,0,0
"MtrElec",11,23,7,"",253.08,0,0,0,0,0,0,0,0,0,0,0,0,0,0,0,0,0,0,0,0,253.08,0,0,0
"MtrElec",11,23,8,"",272.915,0,0,0,0,0,0,0,0,0,0,0,0,0,0,0,0,0,0,0,0,320.066,0,0,-47.1504
"MtrElec",11,23,9,"",126.966,0,0,0,0,0,0,0,0,0,0,0,0,0,0,0,0,0,0,0,0,345.537,0,0,-218.571
"MtrElec",11,23,10,"",233.261,0,0,0,0,0,0,0,0,0,0,0,0,0,0,0,0,0,0,0,0,438.866,0,0,-205.605
"MtrElec",11,23,11,"",231.347,0,0,0,0,0,0,0,0,0,0,0,0,0,0,0,0,0,0,0,0,405.407,0,0,-174.06
"MtrElec",11,23,12,"",212.519,0,0,0,0,0,0,0,0,0,0,0,0,0,0,0,0,0,0,0,0,433.171,0,0,-220.652
"MtrElec",11,23,13,"",54.3771,0,0,0,0,0,0,0,0,0,0,0,0,0,0,0,0,0,0,0,0,428.602,0,0,-374.225
"MtrElec",11,23,14,"",64.1652,0,0,0,0,0,0,0,0,0,0,0,0,0,0,0,0,0,0,0,0,401.831,0,0,-337.665
"MtrElec",11,23,15,"",73.6009,0,0,0,0,0,0,0,0,0,0,0,0,0,0,0,0,0,0,0,0,373.691,0,0,-300.09
"MtrElec",11,23,16,"",312.04,0,0,0,0,0,0,0,0,0,0,0,0,0,0,0,0,0,0,0,0,385.371,0,0,-73.3307
"MtrElec",11,23,17,"",394.391,0,0,0,0,0,0,0,0,0,0,0,0,0,0,0,0,0,0,0,0,395.436,0,0,-1.04506
"MtrElec",11,23,18,"",424.934,0,0,0,0,0,0,0,0,0,0,0,0,0,0,0,0,0,0,0,0,424.934,0,0,0
"MtrElec",11,23,19,"",394.945,0,0,0,0,0,0,0,0,0,0,0,0,0,0,0,0,0,0,0,0,394.945,0,0,0
"MtrElec",11,23,20,"",430.936,0,0,0,0,0,0,0,0,0,0,0,0,0,0,0,0,0,0,0,0,430.936,0,0,0
"MtrElec",11,23,21,"",372.479,0,0,0,0,0,0,0,0,0,0,0,0,0,0,0,0,0,0,0,0,372.479,0,0,0
"MtrElec",11,23,22,"",307.739,0,0,0,0,0,0,0,0,0,0,0,0,0,0,0,0,0,0,0,0,307.739,0,0,0
"MtrElec",11,23,23,"",261.295,0,0,0,0,0,0,0,0,0,0,0,0,0,0,0,0,0,0,0,0,261.295,0,0,0
"MtrElec",11,23,24,"",209.049,0,0,0,0,0,0,0,0,0,0,0,0,0,0,0,0,0,0,0,0,209.049,0,0,0
"MtrElec",11,24,1,"",167.019,0,0,0,0,0,0,0,0,0,0,0,0,0,0,0,0,0,0,0,0,167.019,0,0,0
"MtrElec",11,24,2,"",161.378,0,0,0,0,0,0,0,0,0,0,0,0,0,0,0,0,0,0,0,0,161.378,0,0,0
"MtrElec",11,24,3,"",154.833,0,0,0,0,0,0,0,0,0,0,0,0,0,0,0,0,0,0,0,0,154.833,0,0,0
"MtrElec",11,24,4,"",152.272,0,0,0,0,0,0,0,0,0,0,0,0,0,0,0,0,0,0,0,0,152.272,0,0,0
"MtrElec",11,24,5,"",151.717,0,0,0,0,0,0,0,0,0,0,0,0,0,0,0,0,0,0,0,0,151.717,0,0,0
"MtrElec",11,24,6,"",195.106,0,0,0,0,0,0,0,0,0,0,0,0,0,0,0,0,0,0,0,0,195.106,0,0,0
"MtrElec",11,24,7,"",231.965,0,0,0,0,0,0,0,0,0,0,0,0,0,0,0,0,0,0,0,0,240.247,0,0,-8.28126
"MtrElec",11,24,8,"",129.175,0,0,0,0,0,0,0,0,0,0,0,0,0,0,0,0,0,0,0,0,285.904,0,0,-156.728
"MtrElec",11,24,9,"",8.48359,0,0,0,0,0,0,0,0,0,0,0,0,0,0,0,0,0,0,0,0,349.233,0,0,-340.749
"MtrElec",11,24,10,"",-78.8543,0,0,0,0,0,0,0,0,0,0,0,0,0,0,0,0,0,0,0,0,392.072,0,0,-470.926
"MtrElec",11,24,11,"",0,0,0,0,0,0,0,0,0,0,0,0,0,0,0,0,0,0,0,0,0,411.774,0,141.479,-553.252
"MtrElec",11,24,12,"",0.0000156,0,0,0,0,0,0,0,0,0,0,0,0,0,0,0,0,0,0,0,0,433.724,0,153.226,-586.95
"MtrElec",11,24,13,"",0.0000156,0,0,0,0,0,0,0,0,0,0,0,0,0,0,0,0,0,0,0,0,401.565,0,173.255,-574.819
"MtrElec",11,24,14,"",0,0,0,0,0,0,0,0,0,0,0,0,0,0,0,0,0,0,0,0,0,428.06,0,74.0011,-502.061
"MtrElec",11,24,15,"",13.0142,0,0,0,0,0,0,0,0,0,0,0,0,0,0,0,0,0,0,0,0,397.081,0,0,-384.067
"MtrElec",11,24,16,"",197.732,0,0,0,0,0,0,0,0,0,0,0,0,0,0,0,0,0,0,0,0,413.551,0,0,-215.819
"MtrElec",11,24,17,"",388.444,0,0,0,0,0,0,0,0,0,0,0,0,0,0,0,0,0,0,0,0,426.596,0,0,-38.1522
"MtrElec",11,24,18,"",421.601,0,0,0,0,0,0,0,0,0,0,0,0,0,0,0,0,0,0,0,0,421.601,0,0,0
"MtrElec",11,24,19,"",206.01,0,0,0,0,0,0,0,0,0,0,0,0,0,0,0,0,0,0,0,0,429.227,0,-223.217,0
"MtrElec",11,24,20,"",156.524,0,0,0,0,0,0,0,0,0,0,0,0,0,0,0,0,0,0,0,0,379.74,0,-223.217,0
"MtrElec",11,24,21,"",351.16,0,0,0,0,0,0,0,0,0,0,0,0,0,0,0,0,0,0,0,0,393.846,0,-42.686,0
"MtrElec",11,24,22,"",290.946,0,0,0,0,0,0,0,0,0,0,0,0,0,0,0,0,0,0,0,0,290.946,0,0,0
"MtrElec",11,24,23,"",261.458,0,0,0,0,0,0,0,0,0,0,0,0,0,0,0,0,0,0,0,0,261.458,0,0,0
"MtrElec",11,24,24,"",202.853,0,0,0,0,0,0,0,0,0,0,0,0,0,0,0,0,0,0,0,0,202.853,0,0,0
"MtrElec",11,25,1,"",165.642,0,0,0,0,0,0,0,0,0,0,0,0,0,0,0,0,0,0,0,0,165.642,0,0,0
"MtrElec",11,25,2,"",157.894,0,0,0,0,0,0,0,0,0,0,0,0,0,0,0,0,0,0,0,0,157.894,0,0,0
"MtrElec",11,25,3,"",187.746,0,0,0,0,0,0,0,0,0,0,0,0,0,0,0,0,0,0,0,0,187.746,0,0,0
"MtrElec",11,25,4,"",153.47,0,0,0,0,0,0,0,0,0,0,0,0,0,0,0,0,0,0,0,0,153.47,0,0,0
"MtrElec",11,25,5,"",149.118,0,0,0,0,0,0,0,0,0,0,0,0,0,0,0,0,0,0,0,0,149.118,0,0,0
"MtrElec",11,25,6,"",162.923,0,0,0,0,0,0,0,0,0,0,0,0,0,0,0,0,0,0,0,0,162.923,0,0,0
"MtrElec",11,25,7,"",241.058,0,0,0,0,0,0,0,0,0,0,0,0,0,0,0,0,0,0,0,0,241.058,0,0,0
"MtrElec",11,25,8,"",283.751,0,0,0,0,0,0,0,0,0,0,0,0,0,0,0,0,0,0,0,0,295.52,0,0,-11.7689
"MtrElec",11,25,9,"",319.047,0,0,0,0,0,0,0,0,0,0,0,0,0,0,0,0,0,0,0,0,387.974,0,0,-68.9273
"MtrElec",11,25,10,"",89.5844,0,0,0,0,0,0,0,0,0,0,0,0,0,0,0,0,0,0,0,0,420.232,0,0,-330.648
"MtrElec",11,25,11,"",0,0,0,0,0,0,0,0,0,0,0,0,0,0,0,0,0,0,0,0,0,483.449,0,57.8141,-541.263
"MtrElec",11,25,12,"",0,0,0,0,0,0,0,0,0,0,0,0,0,0,0,0,0,0,0,0,0,395.638,0,173.313,-568.951
"MtrElec",11,25,13,"",0,0,0,0,0,0,0,0,0,0,0,0,0,0,0,0,0,0,0,0,0,464.399,0,98.761,-563.16
"MtrElec",11,25,14,"",0.0000078,0,0,0,0,0,0,0,0,0,0,0,0,0,0,0,0,0,0,0,0,358.93,0,74.6052,-433.535
"MtrElec",11,25,15,"",26.4303,0,0,0,0,0,0,0,0,0,0,0,0,0,0,0,0,0,0,0,0,386.858,0,0,-360.428
"MtrElec",11,25,16,"",183.103,0,0,0,0,0,0,0,0,0,0,0,0,0,0,0,0,0,0,0,0,393.324,0,0,-210.221
"MtrElec",11,25,17,"",382.096,0,0,0,0,0,0,0,0,0,0,0,0,0,0,0,0,0,0,0,0,419.772,0,0,-37.6753
"MtrElec",11,25,18,"",435.297,0,0,0,0,0,0,0,0,0,0,0,0,0,0,0,0,0,0,0,0,435.297,0,0,0
"MtrElec",11,25,19,"",157.994,0,0,0,0,0,0,0,0,0,0,0,0,0,0,0,0,0,0,0,0,381.211,0,-223.217,0
"MtrElec",11,25,20,"",283.403,0,0,0,0,0,0,0,0,0,0,0,0,0,0,0,0,0,0,0,0,425.241,0,-141.838,0
"MtrElec",11,25,21,"",438.16,0,0,0,0,0,0,0,0,0,0,0,0,0,0,0,0,0,0,0,0,438.16,0,0,0
"MtrElec",11,25,22,"",314.404,0,0,0,0,0,0,0,0,0,0,0,0,0,0,0,0,0,0,0,0,314.404,0,0,0
"MtrElec",11,25,23,"",250.862,0,0,0,0,0,0,0,0,0,0,0,0,0,0,0,0,0,0,0,0,250.862,0,0,0
"MtrElec",11,25,24,"",236.717,0,0,0,0,0,0,0,0,0,0,0,0,0,0,0,0,0,0,0,0,236.717,0,0,0
"MtrElec",11,26,1,"",185.103,0,0,0,0,0,0,0,0,0,0,0,0,0,0,0,0,0,0,0,0,185.103,0,0,0
"MtrElec",11,26,2,"",163.425,0,0,0,0,0,0,0,0,0,0,0,0,0,0,0,0,0,0,0,0,163.425,0,0,0
"MtrElec",11,26,3,"",152.96,0,0,0,0,0,0,0,0,0,0,0,0,0,0,0,0,0,0,0,0,152.96,0,0,0
"MtrElec",11,26,4,"",154.173,0,0,0,0,0,0,0,0,0,0,0,0,0,0,0,0,0,0,0,0,154.173,0,0,0
"MtrElec",11,26,5,"",149.396,0,0,0,0,0,0,0,0,0,0,0,0,0,0,0,0,0,0,0,0,149.396,0,0,0
"MtrElec",11,26,6,"",202.892,0,0,0,0,0,0,0,0,0,0,0,0,0,0,0,0,0,0,0,0,202.892,0,0,0
"MtrElec",11,26,7,"",222.608,0,0,0,0,0,0,0,0,0,0,0,0,0,0,0,0,0,0,0,0,222.637,0,0,-0.0295566
"MtrElec",11,26,8,"",150.941,0,0,0,0,0,0,0,0,0,0,0,0,0,0,0,0,0,0,0,0,263.743,0,0,-112.802
"MtrElec",11,26,9,"",-44.6819,0,0,0,0,0,0,0,0,0,0,0,0,0,0,0,0,0,0,0,0,325.873,0,0,-370.555
"MtrElec",11,26,10,"",-56.9826,0,0,0,0,0,0,0,0,0,0,0,0,0,0,0,0,0,0,0,0,452.682,0,0,-509.664
"MtrElec",11,26,11,"",0,0,0,0,0,0,0,0,0,0,0,0,0,0,0,0,0,0,0,0,0,461.181,0,131.736,-592.918
"MtrElec",11,26,12,"",0,0,0,0,0,0,0,0,0,0,0,0,0,0,0,0,0,0,0,0,0,451.89,0,178.522,-630.412
"MtrElec",11,26,13,"",0,0,0,0,0,0,0,0,0,0,0,0,0,0,0,0,0,0,0,0,0,424.62,0,190.603,-615.223
"MtrElec",11,26,14,"",0,0,0,0,0,0,0,0,0,0,0,0,0,0,0,0,0,0,0,0,0,346.615,0,191.285,-537.901
"MtrElec",11,26,15,"",0,0,0,0,0,0,0,0,0,0,0,0,0,0,0,0,0,0,0,0,0,354.845,0,60.9283,-415.774
"MtrElec",11,26,16,"",88.7814,0,0,0,0,0,0,0,0,0,0,0,0,0,0,0,0,0,0,0,0,331.445,0,0,-242.663
"MtrElec",11,26,17,"",331.739,0,0,0,0,0,0,0,0,0,0,0,0,0,0,0,0,0,0,0,0,377.683,0,0,-45.9435
"MtrElec",11,26,18,"",425.194,0,0,0,0,0,0,0,0,0,0,0,0,0,0,0,0,0,0,0,0,425.194,0,0,0
"MtrElec",11,26,19,"",221.034,0,0,0,0,0,0,0,0,0,0,0,0,0,0,0,0,0,0,0,0,444.25,0,-223.217,0
"MtrElec",11,26,20,"",35.6953,0,0,0,0,0,0,0,0,0,0,0,0,0,0,0,0,0,0,0,0,258.912,0,-223.217,0
"MtrElec",11,26,21,"",91.7574,0,0,0,0,0,0,0,0,0,0,0,0,0,0,0,0,0,0,0,0,314.974,0,-223.217,0
"MtrElec",11,26,22,"",277.099,0,0,0,0,0,0,0,0,0,0,0,0,0,0,0,0,0,0,0,0,287.098,0,-9.99917,0
"MtrElec",11,26,23,"",235.655,0,0,0,0,0,0,0,0,0,0,0,0,0,0,0,0,0,0,0,0,235.655,0,0,0
"MtrElec",11,26,24,"",239.722,0,0,0,0,0,0,0,0,0,0,0,0,0,0,0,0,0,0,0,0,239.722,0,0,0
"MtrElec",11,27,1,"",158.778,0,0,0,0,0,0,0,0,0,0,0,0,0,0,0,0,0,0,0,0,158.778,0,0,0
"MtrElec",11,27,2,"",157.025,0,0,0,0,0,0,0,0,0,0,0,0,0,0,0,0,0,0,0,0,157.025,0,0,0
"MtrElec",11,27,3,"",154.166,0,0,0,0,0,0,0,0,0,0,0,0,0,0,0,0,0,0,0,0,154.166,0,0,0
"MtrElec",11,27,4,"",154.846,0,0,0,0,0,0,0,0,0,0,0,0,0,0,0,0,0,0,0,0,154.846,0,0,0
"MtrElec",11,27,5,"",149.918,0,0,0,0,0,0,0,0,0,0,0,0,0,0,0,0,0,0,0,0,149.918,0,0,0
"MtrElec",11,27,6,"",232.681,0,0,0,0,0,0,0,0,0,0,0,0,0,0,0,0,0,0,0,0,232.681,0,0,0
"MtrElec",11,27,7,"",199.685,0,0,0,0,0,0,0,0,0,0,0,0,0,0,0,0,0,0,0,0,212.446,0,0,-12.7608
"MtrElec",11,27,8,"",132.278,0,0,0,0,0,0,0,0,0,0,0,0,0,0,0,0,0,0,0,0,309.912,0,0,-177.635
"MtrElec",11,27,9,"",19.84,0,0,0,0,0,0,0,0,0,0,0,0,0,0,0,0,0,0,0,0,388.557,0,0,-368.717
"MtrElec",11,27,10,"",-62.2446,0,0,0,0,0,0,0,0,0,0,0,0,0,0,0,0,0,0,0,0,431.622,0,0,-493.867
"MtrElec",11,27,11,"",0,0,0,0,0,0,0,0,0,0,0,0,0,0,0,0,0,0,0,0,0,561.689,0,8.29769,-569.987
"MtrElec",11,27,12,"",0,0,0,0,0,0,0,0,0,0,0,0,0,0,0,0,0,0,0,0,0,461.379,0,135.607,-596.987
"MtrElec",11,27,13,"",0,0,0,0,0,0,0,0,0,0,0,0,0,0,0,0,0,0,0,0,0,519.761,0,66.0922,-585.853
"MtrElec",11,27,14,"",0.0000039,0,0,0,0,0,0,0,0,0,0,0,0,0,0,0,0,0,0,0,0,477.676,0,43.6978,-521.374
"MtrElec",11,27,15,"",67.7049,0,0,0,0,0,0,0,0,0,0,0,0,0,0,0,0,0,0,0,0,470.029,0,0,-402.324
"MtrElec",11,27,16,"",135.645,0,0,0,0,0,0,0,0,0,0,0,0,0,0,0,0,0,0,0,0,364.741,0,0,-229.096
"MtrElec",11,27,17,"",410.647,0,0,0,0,0,0,0,0,0,0,0,0,0,0,0,0,0,0,0,0,453.569,0,0,-42.9223
"MtrElec",11,27,18,"",514.421,0,0,0,0,0,0,0,0,0,0,0,0,0,0,0,0,0,0,0,0,514.421,0,0,0
"MtrElec",11,27,19,"",253.776,0,0,0,0,0,0,0,0,0,0,0,0,0,0,0,0,0,0,0,0,476.993,0,-223.217,0
"MtrElec",11,27,20,"",396.327,0,0,0,0,0,0,0,0,0,0,0,0,0,0,0,0,0,0,0,0,402.069,0,-5.74295,0
"MtrElec",11,27,21,"",397.231,0,0,0,0,0,0,0,0,0,0,0,0,0,0,0,0,0,0,0,0,397.231,0,0,0
"MtrElec",11,27,22,"",318.914,0,0,0,0,0,0,0,0,0,0,0,0,0,0,0,0,0,0,0,0,318.914,0,0,0
"MtrElec",11,27,23,"",271.78,0,0,0,0,0,0,0,0,0,0,0,0,0,0,0,0,0,0,0,0,271.78,0,0,0
"MtrElec",11,27,24,"",210.909,0,0,0,0,0,0,0,0,0,0,0,0,0,0,0,0,0,0,0,0,210.909,0,0,0
"MtrElec",11,28,1,"",163.222,0,0,0,0,0,0,0,0,0,0,0,0,0,0,0,0,0,0,0,0,163.222,0,0,0
"MtrElec",11,28,2,"",154.625,0,0,0,0,0,0,0,0,0,0,0,0,0,0,0,0,0,0,0,0,154.625,0,0,0
"MtrElec",11,28,3,"",193.297,0,0,0,0,0,0,0,0,0,0,0,0,0,0,0,0,0,0,0,0,193.297,0,0,0
"MtrElec",11,28,4,"",160.653,0,0,0,0,0,0,0,0,0,0,0,0,0,0,0,0,0,0,0,0,160.653,0,0,0
"MtrElec",11,28,5,"",167.199,0,0,0,0,0,0,0,0,0,0,0,0,0,0,0,0,0,0,0,0,167.199,0,0,0
"MtrElec",11,28,6,"",160.669,0,0,0,0,0,0,0,0,0,0,0,0,0,0,0,0,0,0,0,0,160.669,0,0,0
"MtrElec",11,28,7,"",197.888,0,0,0,0,0,0,0,0,0,0,0,0,0,0,0,0,0,0,0,0,207.423,0,0,-9.5354
"MtrElec",11,28,8,"",101.69,0,0,0,0,0,0,0,0,0,0,0,0,0,0,0,0,0,0,0,0,266.318,0,0,-164.627
"MtrElec",11,28,9,"",-49.7418,0,0,0,0,0,0,0,0,0,0,0,0,0,0,0,0,0,0,0,0,303.798,0,0,-353.54
"MtrElec",11,28,10,"",-91.8927,0,0,0,0,0,0,0,0,0,0,0,0,0,0,0,0,0,0,0,0,400.636,0,0,-492.529
"MtrElec",11,28,11,"",0,0,0,0,0,0,0,0,0,0,0,0,0,0,0,0,0,0,0,0,0,465.832,0,107.271,-573.103
"MtrElec",11,28,12,"",0,0,0,0,0,0,0,0,0,0,0,0,0,0,0,0,0,0,0,0,0,477.365,0,120.032,-597.397
"MtrElec",11,28,13,"",0.0000078,0,0,0,0,0,0,0,0,0,0,0,0,0,0,0,0,0,0,0,0,492.017,0,70.4495,-562.466
"MtrElec",11,28,14,"",0,0,0,0,0,0,0,0,0,0,0,0,0,0,0,0,0,0,0,0,0,436.45,0,67.3199,-503.77
"MtrElec",11,28,15,"",73.8678,0,0,0,0,0,0,0,0,0,0,0,0,0,0,0,0,0,0,0,0,468.811,0,0,-394.943
"MtrElec",11,28,16,"",188.444,0,0,0,0,0,0,0,0,0,0,0,0,0,0,0,0,0,0,0,0,411.351,0,0,-222.906
"MtrElec",11,28,17,"",316.074,0,0,0,0,0,0,0,0,0,0,0,0,0,0,0,0,0,0,0,0,356.661,0,0,-40.5863
"MtrElec",11,28,18,"",418.021,0,0,0,0,0,0,0,0,0,0,0,0,0,0,0,0,0,0,0,0,418.021,0,0,0
"MtrElec",11,28,19,"",225.268,0,0,0,0,0,0,0,0,0,0,0,0,0,0,0,0,0,0,0,0,448.485,0,-223.217,0
"MtrElec",11,28,20,"",279.687,0,0,0,0,0,0,0,0,0,0,0,0,0,0,0,0,0,0,0,0,385.947,0,-106.26,0
"MtrElec",11,28,21,"",349.908,0,0,0,0,0,0,0,0,0,0,0,0,0,0,0,0,0,0,0,0,349.908,0,0,0
"MtrElec",11,28,22,"",290.715,0,0,0,0,0,0,0,0,0,0,0,0,0,0,0,0,0,0,0,0,290.715,0,0,0
"MtrElec",11,28,23,"",258.846,0,0,0,0,0,0,0,0,0,0,0,0,0,0,0,0,0,0,0,0,258.846,0,0,0
"MtrElec",11,28,24,"",262.507,0,0,0,0,0,0,0,0,0,0,0,0,0,0,0,0,0,0,0,0,262.507,0,0,0
"MtrElec",11,29,1,"",194.175,0,0,0,0,0,0,0,0,0,0,0,0,0,0,0,0,0,0,0,0,194.175,0,0,0
"MtrElec",11,29,2,"",160.787,0,0,0,0,0,0,0,0,0,0,0,0,0,0,0,0,0,0,0,0,160.787,0,0,0
"MtrElec",11,29,3,"",159.996,0,0,0,0,0,0,0,0,0,0,0,0,0,0,0,0,0,0,0,0,159.996,0,0,0
"MtrElec",11,29,4,"",162.53,0,0,0,0,0,0,0,0,0,0,0,0,0,0,0,0,0,0,0,0,162.53,0,0,0
"MtrElec",11,29,5,"",172.816,0,0,0,0,0,0,0,0,0,0,0,0,0,0,0,0,0,0,0,0,172.816,0,0,0
"MtrElec",11,29,6,"",207.946,0,0,0,0,0,0,0,0,0,0,0,0,0,0,0,0,0,0,0,0,207.946,0,0,0
"MtrElec",11,29,7,"",168.702,0,0,0,0,0,0,0,0,0,0,0,0,0,0,0,0,0,0,0,0,176.035,0,0,-7.33315
"MtrElec",11,29,8,"",40.6163,0,0,0,0,0,0,0,0,0,0,0,0,0,0,0,0,0,0,0,0,193.338,0,0,-152.722
"MtrElec",11,29,9,"",-45.3504,0,0,0,0,0,0,0,0,0,0,0,0,0,0,0,0,0,0,0,0,288.296,0,0,-333.647
"MtrElec",11,29,10,"",-152.191,0,0,0,0,0,0,0,0,0,0,0,0,0,0,0,0,0,0,0,0,310.375,0,0,-462.565
"MtrElec",11,29,11,"",0,0,0,0,0,0,0,0,0,0,0,0,0,0,0,0,0,0,0,0,0,379.833,0,167.267,-547.1
"MtrElec",11,29,12,"",-15.8559,0,0,0,0,0,0,0,0,0,0,0,0,0,0,0,0,0,0,0,0,344.718,0,223.217,-583.791
"MtrElec",11,29,13,"",0,0,0,0,0,0,0,0,0,0,0,0,0,0,0,0,0,0,0,0,0,377.686,0,191.109,-568.795
"MtrElec",11,29,14,"",0.0000156,0,0,0,0,0,0,0,0,0,0,0,0,0,0,0,0,0,0,0,0,348.373,0,151.248,-499.621
"MtrElec",11,29,15,"",-6.96947,0,0,0,0,0,0,0,0,0,0,0,0,0,0,0,0,0,0,0,0,308.179,0,66.0398,-381.188
"MtrElec",11,29,16,"",112.974,0,0,0,0,0,0,0,0,0,0,0,0,0,0,0,0,0,0,0,0,325.264,0,0,-212.29
"MtrElec",11,29,17,"",255.098,0,0,0,0,0,0,0,0,0,0,0,0,0,0,0,0,0,0,0,0,291.758,0,0,-36.6605
"MtrElec",11,29,18,"",343.353,0,0,0,0,0,0,0,0,0,0,0,0,0,0,0,0,0,0,0,0,343.353,0,0,0
"MtrElec",11,29,19,"",153.408,0,0,0,0,0,0,0,0,0,0,0,0,0,0,0,0,0,0,0,0,376.625,0,-223.217,0
"MtrElec",11,29,20,"",152.405,0,0,0,0,0,0,0,0,0,0,0,0,0,0,0,0,0,0,0,0,375.622,0,-223.217,0
"MtrElec",11,29,21,"",90.1561,0,0,0,0,0,0,0,0,0,0,0,0,0,0,0,0,0,0,0,0,313.373,0,-223.217,0
"MtrElec",11,29,22,"",303.141,0,0,0,0,0,0,0,0,0,0,0,0,0,0,0,0,0,0,0,0,354.48,0,-51.3398,0
"MtrElec",11,29,23,"",240.45,0,0,0,0,0,0,0,0,0,0,0,0,0,0,0,0,0,0,0,0,240.45,0,0,0
"MtrElec",11,29,24,"",221.317,0,0,0,0,0,0,0,0,0,0,0,0,0,0,0,0,0,0,0,0,221.317,0,0,0
"MtrElec",11,30,1,"",170.743,0,0,0,0,0,0,0,0,0,0,0,0,0,0,0,0,0,0,0,0,170.743,0,0,0
"MtrElec",11,30,2,"",159.011,0,0,0,0,0,0,0,0,0,0,0,0,0,0,0,0,0,0,0,0,159.011,0,0,0
"MtrElec",11,30,3,"",154.225,0,0,0,0,0,0,0,0,0,0,0,0,0,0,0,0,0,0,0,0,154.225,0,0,0
"MtrElec",11,30,4,"",153.593,0,0,0,0,0,0,0,0,0,0,0,0,0,0,0,0,0,0,0,0,153.593,0,0,0
"MtrElec",11,30,5,"",149.181,0,0,0,0,0,0,0,0,0,0,0,0,0,0,0,0,0,0,0,0,149.181,0,0,0
"MtrElec",11,30,6,"",228.492,0,0,0,0,0,0,0,0,0,0,0,0,0,0,0,0,0,0,0,0,228.492,0,0,0
"MtrElec",11,30,7,"",206.045,0,0,0,0,0,0,0,0,0,0,0,0,0,0,0,0,0,0,0,0,212.391,0,0,-6.34614
"MtrElec",11,30,8,"",158.619,0,0,0,0,0,0,0,0,0,0,0,0,0,0,0,0,0,0,0,0,305.075,0,0,-146.457
"MtrElec",11,30,9,"",26.4677,0,0,0,0,0,0,0,0,0,0,0,0,0,0,0,0,0,0,0,0,364.382,0,0,-337.915
"MtrElec",11,30,10,"",-26.583,0,0,0,0,0,0,0,0,0,0,0,0,0,0,0,0,0,0,0,0,450.747,0,0,-477.33
"MtrElec",11,30,11,"",0,0,0,0,0,0,0,0,0,0,0,0,0,0,0,0,0,0,0,0,0,468.821,0,76.3674,-545.189
"MtrElec",11,30,12,"",0,0,0,0,0,0,0,0,0,0,0,0,0,0,0,0,0,0,0,0,0,393.966,0,180.238,-574.204
"MtrElec",11,30,13,"",0.0000078,0,0,0,0,0,0,0,0,0,0,0,0,0,0,0,0,0,0,0,0,469.534,0,85.6514,-555.186
"MtrElec",11,30,14,"",0,0,0,0,0,0,0,0,0,0,0,0,0,0,0,0,0,0,0,0,0,383.9,0,113.65,-497.55
"MtrElec",11,30,15,"",0,0,0,0,0,0,0,0,0,0,0,0,0,0,0,0,0,0,0,0,0,351.856,0,37.1507,-389.007
"MtrElec",11,30,16,"",175.249,0,0,0,0,0,0,0,0,0,0,0,0,0,0,0,0,0,0,0,0,391.755,0,0,-216.505
"MtrElec",11,30,17,"",338.572,0,0,0,0,0,0,0,0,0,0,0,0,0,0,0,0,0,0,0,0,375.557,0,0,-36.9849
"MtrElec",11,30,18,"",437.385,0,0,0,0,0,0,0,0,0,0,0,0,0,0,0,0,0,0,0,0,437.385,0,0,0
"MtrElec",11,30,19,"",203.911,0,0,0,0,0,0,0,0,0,0,0,0,0,0,0,0,0,0,0,0,427.128,0,-223.217,0
"MtrElec",11,30,20,"",209.353,0,0,0,0,0,0,0,0,0,0,0,0,0,0,0,0,0,0,0,0,431.12,0,-221.768,0
"MtrElec",11,30,21,"",364.649,0,0,0,0,0,0,0,0,0,0,0,0,0,0,0,0,0,0,0,0,364.649,0,0,0
"MtrElec",11,30,22,"",327.94,0,0,0,0,0,0,0,0,0,0,0,0,0,0,0,0,0,0,0,0,327.94,0,0,0
"MtrElec",11,30,23,"",307.387,0,0,0,0,0,0,0,0,0,0,0,0,0,0,0,0,0,0,0,0,307.387,0,0,0
"MtrElec",11,30,24,"",192.811,0,0,0,0,0,0,0,0,0,0,0,0,0,0,0,0,0,0,0,0,192.811,0,0,0
"MtrElec",12,1,1,"",185.612,0,0,0,0,0,0,0,0,0,0,0,0,0,0,0,0,0,0,0,0,185.612,0,0,0
"MtrElec",12,1,2,"",166.608,0,0,0,0,0,0,0,0,0,0,0,0,0,0,0,0,0,0,0,0,166.608,0,0,0
"MtrElec",12,1,3,"",164.228,0,0,0,0,0,0,0,0,0,0,0,0,0,0,0,0,0,0,0,0,164.228,0,0,0
"MtrElec",12,1,4,"",167.186,0,0,0,0,0,0,0,0,0,0,0,0,0,0,0,0,0,0,0,0,167.186,0,0,0
"MtrElec",12,1,5,"",212.077,0,0,0,0,0,0,0,0,0,0,0,0,0,0,0,0,0,0,0,0,212.077,0,0,0
"MtrElec",12,1,6,"",177.369,0,0,0,0,0,0,0,0,0,0,0,0,0,0,0,0,0,0,0,0,177.369,0,0,0
"MtrElec",12,1,7,"",263.422,0,0,0,0,0,0,0,0,0,0,0,0,0,0,0,0,0,0,0,0,271.398,0,0,-7.9757
"MtrElec",12,1,8,"",160.552,0,0,0,0,0,0,0,0,0,0,0,0,0,0,0,0,0,0,0,0,324.341,0,0,-163.789
"MtrElec",12,1,9,"",-27.0745,0,0,0,0,0,0,0,0,0,0,0,0,0,0,0,0,0,0,0,0,337.336,0,0,-364.411
"MtrElec",12,1,10,"",-115.621,0,0,0,0,0,0,0,0,0,0,0,0,0,0,0,0,0,0,0,0,385.425,0,0,-501.046
"MtrElec",12,1,11,"",0,0,0,0,0,0,0,0,0,0,0,0,0,0,0,0,0,0,0,0,0,405.372,0,176.55,-581.922
"MtrElec",12,1,12,"",0.0000156,0,0,0,0,0,0,0,0,0,0,0,0,0,0,0,0,0,0,0,0,403.397,0,208.785,-612.182
"MtrElec",12,1,13,"",0.0000156,0,0,0,0,0,0,0,0,0,0,0,0,0,0,0,0,0,0,0,0,403.23,0,188.114,-591.343
"MtrElec",12,1,14,"",0.0000156,0,0,0,0,0,0,0,0,0,0,0,0,0,0,0,0,0,0,0,0,362.086,0,159.434,-521.52
"MtrElec",12,1,15,"",-11.3135,0,0,0,0,0,0,0,0,0,0,0,0,0,0,0,0,0,0,0,0,327.618,0,65.9993,-404.931
"MtrElec",12,1,16,"",152.772,0,0,0,0,0,0,0,0,0,0,0,0,0,0,0,0,0,0,0,0,382.549,0,0,-229.777
"MtrElec",12,1,17,"",327.133,0,0,0,0,0,0,0,0,0,0,0,0,0,0,0,0,0,0,0,0,368.269,0,0,-41.1361
"MtrElec",12,1,18,"",438.364,0,0,0,0,0,0,0,0,0,0,0,0,0,0,0,0,0,0,0,0,438.364,0,0,0
"MtrElec",12,1,19,"",180.856,0,0,0,0,0,0,0,0,0,0,0,0,0,0,0,0,0,0,0,0,404.072,0,-223.217,0
"MtrElec",12,1,20,"",207.794,0,0,0,0,0,0,0,0,0,0,0,0,0,0,0,0,0,0,0,0,431.011,0,-223.217,0
"MtrElec",12,1,21,"",189.075,0,0,0,0,0,0,0,0,0,0,0,0,0,0,0,0,0,0,0,0,412.292,0,-223.217,0
"MtrElec",12,1,22,"",236.449,0,0,0,0,0,0,0,0,0,0,0,0,0,0,0,0,0,0,0,0,287.788,0,-51.3398,0
"MtrElec",12,1,23,"",274.213,0,0,0,0,0,0,0,0,0,0,0,0,0,0,0,0,0,0,0,0,274.213,0,0,0
"MtrElec",12,1,24,"",197.95,0,0,0,0,0,0,0,0,0,0,0,0,0,0,0,0,0,0,0,0,197.95,0,0,0
"MtrElec",12,2,1,"",195.011,0,0,0,0,0,0,0,0,0,0,0,0,0,0,0,0,0,0,0,0,195.011,0,0,0
"MtrElec",12,2,2,"",170.7,0,0,0,0,0,0,0,0,0,0,0,0,0,0,0,0,0,0,0,0,170.7,0,0,0
"MtrElec",12,2,3,"",204.998,0,0,0,0,0,0,0,0,0,0,0,0,0,0,0,0,0,0,0,0,204.998,0,0,0
"MtrElec",12,2,4,"",186.807,0,0,0,0,0,0,0,0,0,0,0,0,0,0,0,0,0,0,0,0,186.807,0,0,0
"MtrElec",12,2,5,"",174.274,0,0,0,0,0,0,0,0,0,0,0,0,0,0,0,0,0,0,0,0,174.274,0,0,0
"MtrElec",12,2,6,"",189.962,0,0,0,0,0,0,0,0,0,0,0,0,0,0,0,0,0,0,0,0,189.962,0,0,0
"MtrElec",12,2,7,"",276.908,0,0,0,0,0,0,0,0,0,0,0,0,0,0,0,0,0,0,0,0,282.871,0,0,-5.9622
"MtrElec",12,2,8,"",164.599,0,0,0,0,0,0,0,0,0,0,0,0,0,0,0,0,0,0,0,0,317.074,0,0,-152.476
"MtrElec",12,2,9,"",44.1727,0,0,0,0,0,0,0,0,0,0,0,0,0,0,0,0,0,0,0,0,390.175,0,0,-346.002
"MtrElec",12,2,10,"",-42.0411,0,0,0,0,0,0,0,0,0,0,0,0,0,0,0,0,0,0,0,0,442.493,0,0,-484.534
"MtrElec",12,2,11,"",0,0,0,0,0,0,0,0,0,0,0,0,0,0,0,0,0,0,0,0,0,417.752,0,147.146,-564.898
"MtrElec",12,2,12,"",0,0,0,0,0,0,0,0,0,0,0,0,0,0,0,0,0,0,0,0,0,437.542,0,159.679,-597.221
"MtrElec",12,2,13,"",0.0000156,0,0,0,0,0,0,0,0,0,0,0,0,0,0,0,0,0,0,0,0,414.224,0,164.356,-578.58
"MtrElec",12,2,14,"",0.0000078,0,0,0,0,0,0,0,0,0,0,0,0,0,0,0,0,0,0,0,0,388.39,0,122.275,-510.665
"MtrElec",12,2,15,"",0,0,0,0,0,0,0,0,0,0,0,0,0,0,0,0,0,0,0,0,0,337.742,0,56.7899,-394.532
"MtrElec",12,2,16,"",178.67,0,0,0,0,0,0,0,0,0,0,0,0,0,0,0,0,0,0,0,0,402.769,0,0,-224.099
"MtrElec",12,2,17,"",354.047,0,0,0,0,0,0,0,0,0,0,0,0,0,0,0,0,0,0,0,0,394.027,0,0,-39.9801
"MtrElec",12,2,18,"",444.411,0,0,0,0,0,0,0,0,0,0,0,0,0,0,0,0,0,0,0,0,444.411,0,0,0
"MtrElec",12,2,19,"",194.835,0,0,0,0,0,0,0,0,0,0,0,0,0,0,0,0,0,0,0,0,418.052,0,-223.217,0
"MtrElec",12,2,20,"",183.462,0,0,0,0,0,0,0,0,0,0,0,0,0,0,0,0,0,0,0,0,406.679,0,-223.217,0
"MtrElec",12,2,21,"",264.782,0,0,0,0,0,0,0,0,0,0,0,0,0,0,0,0,0,0,0,0,405.195,0,-140.413,0
"MtrElec",12,2,22,"",292.04,0,0,0,0,0,0,0,0,0,0,0,0,0,0,0,0,0,0,0,0,292.04,0,0,0
"MtrElec",12,2,23,"",302.928,0,0,0,0,0,0,0,0,0,0,0,0,0,0,0,0,0,0,0,0,302.928,0,0,0
"MtrElec",12,2,24,"",234.108,0,0,0,0,0,0,0,0,0,0,0,0,0,0,0,0,0,0,0,0,234.108,0,0,0
"MtrElec",12,3,1,"",237.523,0,0,0,0,0,0,0,0,0,0,0,0,0,0,0,0,0,0,0,0,237.523,0,0,0
"MtrElec",12,3,2,"",186.385,0,0,0,0,0,0,0,0,0,0,0,0,0,0,0,0,0,0,0,0,186.385,0,0,0
"MtrElec",12,3,3,"",171.451,0,0,0,0,0,0,0,0,0,0,0,0,0,0,0,0,0,0,0,0,171.451,0,0,0
"MtrElec",12,3,4,"",177.924,0,0,0,0,0,0,0,0,0,0,0,0,0,0,0,0,0,0,0,0,177.924,0,0,0
"MtrElec",12,3,5,"",177.475,0,0,0,0,0,0,0,0,0,0,0,0,0,0,0,0,0,0,0,0,177.475,0,0,0
"MtrElec",12,3,6,"",188.995,0,0,0,0,0,0,0,0,0,0,0,0,0,0,0,0,0,0,0,0,188.995,0,0,0
"MtrElec",12,3,7,"",374.824,0,0,0,0,0,0,0,0,0,0,0,0,0,0,0,0,0,0,0,0,374.824,0,0,0
"MtrElec",12,3,8,"",167.274,0,0,0,0,0,0,0,0,0,0,0,0,0,0,0,0,0,0,0,0,326.697,0,0,-159.423
"MtrElec",12,3,9,"",31.857,0,0,0,0,0,0,0,0,0,0,0,0,0,0,0,0,0,0,0,0,383.879,0,0,-352.022
"MtrElec",12,3,10,"",-51.9965,0,0,0,0,0,0,0,0,0,0,0,0,0,0,0,0,0,0,0,0,434.99,0,0,-486.986
"MtrElec",12,3,11,"",0,0,0,0,0,0,0,0,0,0,0,0,0,0,0,0,0,0,0,0,0,454.623,0,111.093,-565.716
"MtrElec",12,3,12,"",0,0,0,0,0,0,0,0,0,0,0,0,0,0,0,0,0,0,0,0,0,396.934,0,197.873,-594.807
"MtrElec",12,3,13,"",0.0000078,0,0,0,0,0,0,0,0,0,0,0,0,0,0,0,0,0,0,0,0,456.23,0,129.103,-585.333
"MtrElec",12,3,14,"",0.0000156,0,0,0,0,0,0,0,0,0,0,0,0,0,0,0,0,0,0,0,0,343.319,0,181.715,-525.034
"MtrElec",12,3,15,"",0,0,0,0,0,0,0,0,0,0,0,0,0,0,0,0,0,0,0,0,0,381.331,0,20.392,-401.723
"MtrElec",12,3,16,"",116.288,0,0,0,0,0,0,0,0,0,0,0,0,0,0,0,0,0,0,0,0,342.739,0,0,-226.451
"MtrElec",12,3,17,"",378.364,0,0,0,0,0,0,0,0,0,0,0,0,0,0,0,0,0,0,0,0,419.789,0,0,-41.425
"MtrElec",12,3,18,"",393.464,0,0,0,0,0,0,0,0,0,0,0,0,0,0,0,0,0,0,0,0,393.464,0,0,0
"MtrElec",12,3,19,"",180.828,0,0,0,0,0,0,0,0,0,0,0,0,0,0,0,0,0,0,0,0,404.045,0,-223.217,0
"MtrElec",12,3,20,"",246.184,0,0,0,0,0,0,0,0,0,0,0,0,0,0,0,0,0,0,0,0,469.401,0,-223.217,0
"MtrElec",12,3,21,"",270.874,0,0,0,0,0,0,0,0,0,0,0,0,0,0,0,0,0,0,0,0,402.199,0,-131.325,0
"MtrElec",12,3,22,"",343.265,0,0,0,0,0,0,0,0,0,0,0,0,0,0,0,0,0,0,0,0,343.265,0,0,0
"MtrElec",12,3,23,"",296.636,0,0,0,0,0,0,0,0,0,0,0,0,0,0,0,0,0,0,0,0,296.636,0,0,0
"MtrElec",12,3,24,"",279.888,0,0,0,0,0,0,0,0,0,0,0,0,0,0,0,0,0,0,0,0,279.888,0,0,0
"MtrElec",12,4,1,"",175.804,0,0,0,0,0,0,0,0,0,0,0,0,0,0,0,0,0,0,0,0,175.804,0,0,0
"MtrElec",12,4,2,"",174.271,0,0,0,0,0,0,0,0,0,0,0,0,0,0,0,0,0,0,0,0,174.271,0,0,0
"MtrElec",12,4,3,"",169.671,0,0,0,0,0,0,0,0,0,0,0,0,0,0,0,0,0,0,0,0,169.671,0,0,0
"MtrElec",12,4,4,"",184.539,0,0,0,0,0,0,0,0,0,0,0,0,0,0,0,0,0,0,0,0,184.539,0,0,0
"MtrElec",12,4,5,"",172.248,0,0,0,0,0,0,0,0,0,0,0,0,0,0,0,0,0,0,0,0,172.248,0,0,0
"MtrElec",12,4,6,"",180.516,0,0,0,0,0,0,0,0,0,0,0,0,0,0,0,0,0,0,0,0,180.516,0,0,0
"MtrElec",12,4,7,"",289.574,0,0,0,0,0,0,0,0,0,0,0,0,0,0,0,0,0,0,0,0,289.574,0,0,0
"MtrElec",12,4,8,"",182.683,0,0,0,0,0,0,0,0,0,0,0,0,0,0,0,0,0,0,0,0,323.056,0,0,-140.373
"MtrElec",12,4,9,"",68.7656,0,0,0,0,0,0,0,0,0,0,0,0,0,0,0,0,0,0,0,0,405.966,0,0,-337.201
"MtrElec",12,4,10,"",-13.6477,0,0,0,0,0,0,0,0,0,0,0,0,0,0,0,0,0,0,0,0,463.389,0,0,-477.037
"MtrElec",12,4,11,"",0.0000078,0,0,0,0,0,0,0,0,0,0,0,0,0,0,0,0,0,0,0,0,476.417,0,90.4915,-566.908
"MtrElec",12,4,12,"",47.7146,0,0,0,0,0,0,0,0,0,0,0,0,0,0,0,0,0,0,0,0,425.91,0,0,-378.196
"MtrElec",12,4,13,"",140.266,0,0,0,0,0,0,0,0,0,0,0,0,0,0,0,0,0,0,0,0,405.396,0,0,-265.13
"MtrElec",12,4,14,"",203.612,0,0,0,0,0,0,0,0,0,0,0,0,0,0,0,0,0,0,0,0,328.773,0,0,-125.161
"MtrElec",12,4,15,"",199.702,0,0,0,0,0,0,0,0,0,0,0,0,0,0,0,0,0,0,0,0,309.155,0,0,-109.454
"MtrElec",12,4,16,"",201.772,0,0,0,0,0,0,0,0,0,0,0,0,0,0,0,0,0,0,0,0,375.363,0,0,-173.59
"MtrElec",12,4,17,"",328.921,0,0,0,0,0,0,0,0,0,0,0,0,0,0,0,0,0,0,0,0,356.804,0,0,-27.8834
"MtrElec",12,4,18,"",419.492,0,0,0,0,0,0,0,0,0,0,0,0,0,0,0,0,0,0,0,0,419.492,0,0,0
"MtrElec",12,4,19,"",302.654,0,0,0,0,0,0,0,0,0,0,0,0,0,0,0,0,0,0,0,0,384.323,0,-81.6686,0
"MtrElec",12,4,20,"",427.449,0,0,0,0,0,0,0,0,0,0,0,0,0,0,0,0,0,0,0,0,427.449,0,0,0
"MtrElec",12,4,21,"",447.792,0,0,0,0,0,0,0,0,0,0,0,0,0,0,0,0,0,0,0,0,447.792,0,0,0
"MtrElec",12,4,22,"",296.04,0,0,0,0,0,0,0,0,0,0,0,0,0,0,0,0,0,0,0,0,296.04,0,0,0
"MtrElec",12,4,23,"",294.736,0,0,0,0,0,0,0,0,0,0,0,0,0,0,0,0,0,0,0,0,294.736,0,0,0
"MtrElec",12,4,24,"",226.607,0,0,0,0,0,0,0,0,0,0,0,0,0,0,0,0,0,0,0,0,226.607,0,0,0
"MtrElec",12,5,1,"",169.637,0,0,0,0,0,0,0,0,0,0,0,0,0,0,0,0,0,0,0,0,169.637,0,0,0
"MtrElec",12,5,2,"",195.404,0,0,0,0,0,0,0,0,0,0,0,0,0,0,0,0,0,0,0,0,195.404,0,0,0
"MtrElec",12,5,3,"",160.715,0,0,0,0,0,0,0,0,0,0,0,0,0,0,0,0,0,0,0,0,160.715,0,0,0
"MtrElec",12,5,4,"",199.381,0,0,0,0,0,0,0,0,0,0,0,0,0,0,0,0,0,0,0,0,199.381,0,0,0
"MtrElec",12,5,5,"",186.687,0,0,0,0,0,0,0,0,0,0,0,0,0,0,0,0,0,0,0,0,186.687,0,0,0
"MtrElec",12,5,6,"",159.589,0,0,0,0,0,0,0,0,0,0,0,0,0,0,0,0,0,0,0,0,159.589,0,0,0
"MtrElec",12,5,7,"",244.346,0,0,0,0,0,0,0,0,0,0,0,0,0,0,0,0,0,0,0,0,244.346,0,0,0
"MtrElec",12,5,8,"",227.182,0,0,0,0,0,0,0,0,0,0,0,0,0,0,0,0,0,0,0,0,227.703,0,0,-0.520185
"MtrElec",12,5,9,"",279.476,0,0,0,0,0,0,0,0,0,0,0,0,0,0,0,0,0,0,0,0,333.653,0,0,-54.1773
"MtrElec",12,5,10,"",360.154,0,0,0,0,0,0,0,0,0,0,0,0,0,0,0,0,0,0,0,0,396.777,0,0,-36.6233
"MtrElec",12,5,11,"",479.07,0,0,0,0,0,0,0,0,0,0,0,0,0,0,0,0,0,0,0,0,511.169,0,0,-32.0988
"MtrElec",12,5,12,"",442.043,0,0,0,0,0,0,0,0,0,0,0,0,0,0,0,0,0,0,0,0,469.746,0,0,-27.7026
"MtrElec",12,5,13,"",404.821,0,0,0,0,0,0,0,0,0,0,0,0,0,0,0,0,0,0,0,0,465.819,0,0,-60.9974
"MtrElec",12,5,14,"",354.037,0,0,0,0,0,0,0,0,0,0,0,0,0,0,0,0,0,0,0,0,405.14,0,0,-51.1033
"MtrElec",12,5,15,"",382.9,0,0,0,0,0,0,0,0,0,0,0,0,0,0,0,0,0,0,0,0,391.761,0,0,-8.86173
"MtrElec",12,5,16,"",349.158,0,0,0,0,0,0,0,0,0,0,0,0,0,0,0,0,0,0,0,0,359.551,0,0,-10.3927
"MtrElec",12,5,17,"",433.42,0,0,0,0,0,0,0,0,0,0,0,0,0,0,0,0,0,0,0,0,433.42,0,0,0
"MtrElec",12,5,18,"",420.379,0,0,0,0,0,0,0,0,0,0,0,0,0,0,0,0,0,0,0,0,420.379,0,0,0
"MtrElec",12,5,19,"",449.283,0,0,0,0,0,0,0,0,0,0,0,0,0,0,0,0,0,0,0,0,449.283,0,0,0
"MtrElec",12,5,20,"",420.072,0,0,0,0,0,0,0,0,0,0,0,0,0,0,0,0,0,0,0,0,420.072,0,0,0
"MtrElec",12,5,21,"",374.888,0,0,0,0,0,0,0,0,0,0,0,0,0,0,0,0,0,0,0,0,374.888,0,0,0
"MtrElec",12,5,22,"",378.468,0,0,0,0,0,0,0,0,0,0,0,0,0,0,0,0,0,0,0,0,378.468,0,0,0
"MtrElec",12,5,23,"",265.386,0,0,0,0,0,0,0,0,0,0,0,0,0,0,0,0,0,0,0,0,265.386,0,0,0
"MtrElec",12,5,24,"",278.817,0,0,0,0,0,0,0,0,0,0,0,0,0,0,0,0,0,0,0,0,278.817,0,0,0
"MtrElec",12,6,1,"",254.843,0,0,0,0,0,0,0,0,0,0,0,0,0,0,0,0,0,0,0,0,254.843,0,0,0
"MtrElec",12,6,2,"",180.1,0,0,0,0,0,0,0,0,0,0,0,0,0,0,0,0,0,0,0,0,180.1,0,0,0
"MtrElec",12,6,3,"",178.529,0,0,0,0,0,0,0,0,0,0,0,0,0,0,0,0,0,0,0,0,178.529,0,0,0
"MtrElec",12,6,4,"",185.627,0,0,0,0,0,0,0,0,0,0,0,0,0,0,0,0,0,0,0,0,185.627,0,0,0
"MtrElec",12,6,5,"",195.858,0,0,0,0,0,0,0,0,0,0,0,0,0,0,0,0,0,0,0,0,195.858,0,0,0
"MtrElec",12,6,6,"",184.113,0,0,0,0,0,0,0,0,0,0,0,0,0,0,0,0,0,0,0,0,184.113,0,0,0
"MtrElec",12,6,7,"",263.552,0,0,0,0,0,0,0,0,0,0,0,0,0,0,0,0,0,0,0,0,263.552,0,0,0
"MtrElec",12,6,8,"",146.344,0,0,0,0,0,0,0,0,0,0,0,0,0,0,0,0,0,0,0,0,255.135,0,0,-108.791
"MtrElec",12,6,9,"",263.757,0,0,0,0,0,0,0,0,0,0,0,0,0,0,0,0,0,0,0,0,345.636,0,0,-81.8793
"MtrElec",12,6,10,"",280.841,0,0,0,0,0,0,0,0,0,0,0,0,0,0,0,0,0,0,0,0,356.726,0,0,-75.8845
"MtrElec",12,6,11,"",276.043,0,0,0,0,0,0,0,0,0,0,0,0,0,0,0,0,0,0,0,0,372.851,0,0,-96.8084
"MtrElec",12,6,12,"",137.263,0,0,0,0,0,0,0,0,0,0,0,0,0,0,0,0,0,0,0,0,391.912,0,0,-254.649
"MtrElec",12,6,13,"",0.0000156,0,0,0,0,0,0,0,0,0,0,0,0,0,0,0,0,0,0,0,0,382.91,0,190.733,-573.643
"MtrElec",12,6,14,"",0,0,0,0,0,0,0,0,0,0,0,0,0,0,0,0,0,0,0,0,0,352.576,0,4.39791,-356.974
"MtrElec",12,6,15,"",122.432,0,0,0,0,0,0,0,0,0,0,0,0,0,0,0,0,0,0,0,0,358.135,0,0,-235.703
"MtrElec",12,6,16,"",185.381,0,0,0,0,0,0,0,0,0,0,0,0,0,0,0,0,0,0,0,0,339.759,0,0,-154.378
"MtrElec",12,6,17,"",311.183,0,0,0,0,0,0,0,0,0,0,0,0,0,0,0,0,0,0,0,0,329.517,0,0,-18.3348
"MtrElec",12,6,18,"",373.36,0,0,0,0,0,0,0,0,0,0,0,0,0,0,0,0,0,0,0,0,373.36,0,0,0
"MtrElec",12,6,19,"",255.575,0,0,0,0,0,0,0,0,0,0,0,0,0,0,0,0,0,0,0,0,431.68,0,-176.105,0
"MtrElec",12,6,20,"",350.243,0,0,0,0,0,0,0,0,0,0,0,0,0,0,0,0,0,0,0,0,350.243,0,0,0
"MtrElec",12,6,21,"",367.255,0,0,0,0,0,0,0,0,0,0,0,0,0,0,0,0,0,0,0,0,367.255,0,0,0
"MtrElec",12,6,22,"",335.776,0,0,0,0,0,0,0,0,0,0,0,0,0,0,0,0,0,0,0,0,335.776,0,0,0
"MtrElec",12,6,23,"",230.234,0,0,0,0,0,0,0,0,0,0,0,0,0,0,0,0,0,0,0,0,230.234,0,0,0
"MtrElec",12,6,24,"",229.633,0,0,0,0,0,0,0,0,0,0,0,0,0,0,0,0,0,0,0,0,229.633,0,0,0
"MtrElec",12,7,1,"",173.849,0,0,0,0,0,0,0,0,0,0,0,0,0,0,0,0,0,0,0,0,173.849,0,0,0
"MtrElec",12,7,2,"",167.038,0,0,0,0,0,0,0,0,0,0,0,0,0,0,0,0,0,0,0,0,167.038,0,0,0
"MtrElec",12,7,3,"",163.328,0,0,0,0,0,0,0,0,0,0,0,0,0,0,0,0,0,0,0,0,163.328,0,0,0
"MtrElec",12,7,4,"",168.898,0,0,0,0,0,0,0,0,0,0,0,0,0,0,0,0,0,0,0,0,168.898,0,0,0
"MtrElec",12,7,5,"",163.194,0,0,0,0,0,0,0,0,0,0,0,0,0,0,0,0,0,0,0,0,163.194,0,0,0
"MtrElec",12,7,6,"",210.158,0,0,0,0,0,0,0,0,0,0,0,0,0,0,0,0,0,0,0,0,210.158,0,0,0
"MtrElec",12,7,7,"",222.561,0,0,0,0,0,0,0,0,0,0,0,0,0,0,0,0,0,0,0,0,222.561,0,0,0
"MtrElec",12,7,8,"",207.968,0,0,0,0,0,0,0,0,0,0,0,0,0,0,0,0,0,0,0,0,324.447,0,0,-116.479
"MtrElec",12,7,9,"",198.296,0,0,0,0,0,0,0,0,0,0,0,0,0,0,0,0,0,0,0,0,391.625,0,0,-193.329
"MtrElec",12,7,10,"",263.946,0,0,0,0,0,0,0,0,0,0,0,0,0,0,0,0,0,0,0,0,436.027,0,0,-172.081
"MtrElec",12,7,11,"",264.007,0,0,0,0,0,0,0,0,0,0,0,0,0,0,0,0,0,0,0,0,410.03,0,0,-146.023
"MtrElec",12,7,12,"",191.631,0,0,0,0,0,0,0,0,0,0,0,0,0,0,0,0,0,0,0,0,419.287,0,0,-227.656
"MtrElec",12,7,13,"",327.147,0,0,0,0,0,0,0,0,0,0,0,0,0,0,0,0,0,0,0,0,429.687,0,0,-102.54
"MtrElec",12,7,14,"",313.578,0,0,0,0,0,0,0,0,0,0,0,0,0,0,0,0,0,0,0,0,372.254,0,0,-58.676
"MtrElec",12,7,15,"",273.611,0,0,0,0,0,0,0,0,0,0,0,0,0,0,0,0,0,0,0,0,317.401,0,0,-43.7904
"MtrElec",12,7,16,"",366.389,0,0,0,0,0,0,0,0,0,0,0,0,0,0,0,0,0,0,0,0,371.357,0,0,-4.96739
"MtrElec",12,7,17,"",376.12,0,0,0,0,0,0,0,0,0,0,0,0,0,0,0,0,0,0,0,0,376.12,0,0,0
"MtrElec",12,7,18,"",398.821,0,0,0,0,0,0,0,0,0,0,0,0,0,0,0,0,0,0,0,0,398.821,0,0,0
"MtrElec",12,7,19,"",393.263,0,0,0,0,0,0,0,0,0,0,0,0,0,0,0,0,0,0,0,0,393.263,0,0,0
"MtrElec",12,7,20,"",445.209,0,0,0,0,0,0,0,0,0,0,0,0,0,0,0,0,0,0,0,0,445.209,0,0,0
"MtrElec",12,7,21,"",391.557,0,0,0,0,0,0,0,0,0,0,0,0,0,0,0,0,0,0,0,0,391.557,0,0,0
"MtrElec",12,7,22,"",349.584,0,0,0,0,0,0,0,0,0,0,0,0,0,0,0,0,0,0,0,0,349.584,0,0,0
"MtrElec",12,7,23,"",241.579,0,0,0,0,0,0,0,0,0,0,0,0,0,0,0,0,0,0,0,0,241.579,0,0,0
"MtrElec",12,7,24,"",247.271,0,0,0,0,0,0,0,0,0,0,0,0,0,0,0,0,0,0,0,0,247.271,0,0,0
"MtrElec",12,8,1,"",186.177,0,0,0,0,0,0,0,0,0,0,0,0,0,0,0,0,0,0,0,0,186.177,0,0,0
"MtrElec",12,8,2,"",167.986,0,0,0,0,0,0,0,0,0,0,0,0,0,0,0,0,0,0,0,0,167.986,0,0,0
"MtrElec",12,8,3,"",161.302,0,0,0,0,0,0,0,0,0,0,0,0,0,0,0,0,0,0,0,0,161.302,0,0,0
"MtrElec",12,8,4,"",161.478,0,0,0,0,0,0,0,0,0,0,0,0,0,0,0,0,0,0,0,0,161.478,0,0,0
"MtrElec",12,8,5,"",157.311,0,0,0,0,0,0,0,0,0,0,0,0,0,0,0,0,0,0,0,0,157.311,0,0,0
"MtrElec",12,8,6,"",211.788,0,0,0,0,0,0,0,0,0,0,0,0,0,0,0,0,0,0,0,0,211.788,0,0,0
"MtrElec",12,8,7,"",235.017,0,0,0,0,0,0,0,0,0,0,0,0,0,0,0,0,0,0,0,0,235.017,0,0,0
"MtrElec",12,8,8,"",235.425,0,0,0,0,0,0,0,0,0,0,0,0,0,0,0,0,0,0,0,0,318.315,0,0,-82.8904
"MtrElec",12,8,9,"",348.369,0,0,0,0,0,0,0,0,0,0,0,0,0,0,0,0,0,0,0,0,387.469,0,0,-39.1
"MtrElec",12,8,10,"",335.455,0,0,0,0,0,0,0,0,0,0,0,0,0,0,0,0,0,0,0,0,455.084,0,0,-119.629
"MtrElec",12,8,11,"",108.126,0,0,0,0,0,0,0,0,0,0,0,0,0,0,0,0,0,0,0,0,389.799,0,0,-281.674
"MtrElec",12,8,12,"",149.944,0,0,0,0,0,0,0,0,0,0,0,0,0,0,0,0,0,0,0,0,395.47,0,0,-245.527
"MtrElec",12,8,13,"",0.0000078,0,0,0,0,0,0,0,0,0,0,0,0,0,0,0,0,0,0,0,0,361.083,0,124.605,-485.688
"MtrElec",12,8,14,"",0,0,0,0,0,0,0,0,0,0,0,0,0,0,0,0,0,0,0,0,0,379.307,0,45.8907,-425.198
"MtrElec",12,8,15,"",95.2273,0,0,0,0,0,0,0,0,0,0,0,0,0,0,0,0,0,0,0,0,356.859,0,0,-261.631
"MtrElec",12,8,16,"",293.108,0,0,0,0,0,0,0,0,0,0,0,0,0,0,0,0,0,0,0,0,386.585,0,0,-93.4776
"MtrElec",12,8,17,"",385.109,0,0,0,0,0,0,0,0,0,0,0,0,0,0,0,0,0,0,0,0,411.951,0,0,-26.8421
"MtrElec",12,8,18,"",422.249,0,0,0,0,0,0,0,0,0,0,0,0,0,0,0,0,0,0,0,0,422.249,0,0,0
"MtrElec",12,8,19,"",282.154,0,0,0,0,0,0,0,0,0,0,0,0,0,0,0,0,0,0,0,0,436.027,0,-153.873,0
"MtrElec",12,8,20,"",414.944,0,0,0,0,0,0,0,0,0,0,0,0,0,0,0,0,0,0,0,0,414.944,0,0,0
"MtrElec",12,8,21,"",434.27,0,0,0,0,0,0,0,0,0,0,0,0,0,0,0,0,0,0,0,0,434.27,0,0,0
"MtrElec",12,8,22,"",287.523,0,0,0,0,0,0,0,0,0,0,0,0,0,0,0,0,0,0,0,0,287.523,0,0,0
"MtrElec",12,8,23,"",312.866,0,0,0,0,0,0,0,0,0,0,0,0,0,0,0,0,0,0,0,0,312.866,0,0,0
"MtrElec",12,8,24,"",225.394,0,0,0,0,0,0,0,0,0,0,0,0,0,0,0,0,0,0,0,0,225.394,0,0,0
"MtrElec",12,9,1,"",170.184,0,0,0,0,0,0,0,0,0,0,0,0,0,0,0,0,0,0,0,0,170.184,0,0,0
"MtrElec",12,9,2,"",165.29,0,0,0,0,0,0,0,0,0,0,0,0,0,0,0,0,0,0,0,0,165.29,0,0,0
"MtrElec",12,9,3,"",169.508,0,0,0,0,0,0,0,0,0,0,0,0,0,0,0,0,0,0,0,0,169.508,0,0,0
"MtrElec",12,9,4,"",180.117,0,0,0,0,0,0,0,0,0,0,0,0,0,0,0,0,0,0,0,0,180.117,0,0,0
"MtrElec",12,9,5,"",214.241,0,0,0,0,0,0,0,0,0,0,0,0,0,0,0,0,0,0,0,0,214.241,0,0,0
"MtrElec",12,9,6,"",169.322,0,0,0,0,0,0,0,0,0,0,0,0,0,0,0,0,0,0,0,0,169.322,0,0,0
"MtrElec",12,9,7,"",260.667,0,0,0,0,0,0,0,0,0,0,0,0,0,0,0,0,0,0,0,0,260.667,0,0,0
"MtrElec",12,9,8,"",195.598,0,0,0,0,0,0,0,0,0,0,0,0,0,0,0,0,0,0,0,0,316.118,0,0,-120.52
"MtrElec",12,9,9,"",40.9729,0,0,0,0,0,0,0,0,0,0,0,0,0,0,0,0,0,0,0,0,357.418,0,0,-316.445
"MtrElec",12,9,10,"",-126.195,0,0,0,0,0,0,0,0,0,0,0,0,0,0,0,0,0,0,0,0,342.043,0,0,-468.238
"MtrElec",12,9,11,"",0,0,0,0,0,0,0,0,0,0,0,0,0,0,0,0,0,0,0,0,0,405.789,0,145.997,-551.786
"MtrElec",12,9,12,"",0,0,0,0,0,0,0,0,0,0,0,0,0,0,0,0,0,0,0,0,0,390.676,0,185.431,-576.107
"MtrElec",12,9,13,"",-4.25028,0,0,0,0,0,0,0,0,0,0,0,0,0,0,0,0,0,0,0,0,341.719,0,223.217,-569.186
"MtrElec",12,9,14,"",0,0,0,0,0,0,0,0,0,0,0,0,0,0,0,0,0,0,0,0,0,389.004,0,112.853,-501.857
"MtrElec",12,9,15,"",0.0000039,0,0,0,0,0,0,0,0,0,0,0,0,0,0,0,0,0,0,0,0,335.527,0,46.5732,-382.1
"MtrElec",12,9,16,"",186.243,0,0,0,0,0,0,0,0,0,0,0,0,0,0,0,0,0,0,0,0,403.414,0,0,-217.171
"MtrElec",12,9,17,"",334.312,0,0,0,0,0,0,0,0,0,0,0,0,0,0,0,0,0,0,0,0,375.554,0,0,-41.2415
"MtrElec",12,9,18,"",450.658,0,0,0,0,0,0,0,0,0,0,0,0,0,0,0,0,0,0,0,0,450.658,0,0,0
"MtrElec",12,9,19,"",191.068,0,0,0,0,0,0,0,0,0,0,0,0,0,0,0,0,0,0,0,0,414.285,0,-223.217,0
"MtrElec",12,9,20,"",175.239,0,0,0,0,0,0,0,0,0,0,0,0,0,0,0,0,0,0,0,0,398.456,0,-223.217,0
"MtrElec",12,9,21,"",273.13,0,0,0,0,0,0,0,0,0,0,0,0,0,0,0,0,0,0,0,0,471.145,0,-198.015,0
"MtrElec",12,9,22,"",302.69,0,0,0,0,0,0,0,0,0,0,0,0,0,0,0,0,0,0,0,0,302.69,0,0,0
"MtrElec",12,9,23,"",296.537,0,0,0,0,0,0,0,0,0,0,0,0,0,0,0,0,0,0,0,0,296.537,0,0,0
"MtrElec",12,9,24,"",211.623,0,0,0,0,0,0,0,0,0,0,0,0,0,0,0,0,0,0,0,0,211.623,0,0,0
"MtrElec",12,10,1,"",173.081,0,0,0,0,0,0,0,0,0,0,0,0,0,0,0,0,0,0,0,0,173.081,0,0,0
"MtrElec",12,10,2,"",161.475,0,0,0,0,0,0,0,0,0,0,0,0,0,0,0,0,0,0,0,0,161.475,0,0,0
"MtrElec",12,10,3,"",200.92,0,0,0,0,0,0,0,0,0,0,0,0,0,0,0,0,0,0,0,0,200.92,0,0,0
"MtrElec",12,10,4,"",166.104,0,0,0,0,0,0,0,0,0,0,0,0,0,0,0,0,0,0,0,0,166.104,0,0,0
"MtrElec",12,10,5,"",156.894,0,0,0,0,0,0,0,0,0,0,0,0,0,0,0,0,0,0,0,0,156.894,0,0,0
"MtrElec",12,10,6,"",171.291,0,0,0,0,0,0,0,0,0,0,0,0,0,0,0,0,0,0,0,0,171.291,0,0,0
"MtrElec",12,10,7,"",285.735,0,0,0,0,0,0,0,0,0,0,0,0,0,0,0,0,0,0,0,0,285.735,0,0,0
"MtrElec",12,10,8,"",182.821,0,0,0,0,0,0,0,0,0,0,0,0,0,0,0,0,0,0,0,0,312.839,0,0,-130.018
"MtrElec",12,10,9,"",57.1423,0,0,0,0,0,0,0,0,0,0,0,0,0,0,0,0,0,0,0,0,379.065,0,0,-321.923
"MtrElec",12,10,10,"",-33.8523,0,0,0,0,0,0,0,0,0,0,0,0,0,0,0,0,0,0,0,0,431.404,0,0,-465.256
"MtrElec",12,10,11,"",0.0000078,0,0,0,0,0,0,0,0,0,0,0,0,0,0,0,0,0,0,0,0,463.805,0,86.3146,-550.12
"MtrElec",12,10,12,"",0.0000078,0,0,0,0,0,0,0,0,0,0,0,0,0,0,0,0,0,0,0,0,459.544,0,120.546,-580.089
"MtrElec",12,10,13,"",0.0000039,0,0,0,0,0,0,0,0,0,0,0,0,0,0,0,0,0,0,0,0,516.404,0,38.6491,-555.053
"MtrElec",12,10,14,"",0.0000039,0,0,0,0,0,0,0,0,0,0,0,0,0,0,0,0,0,0,0,0,427.429,0,53.5996,-481.028
"MtrElec",12,10,15,"",48.9517,0,0,0,0,0,0,0,0,0,0,0,0,0,0,0,0,0,0,0,0,427.35,0,0,-378.398
"MtrElec",12,10,16,"",210.557,0,0,0,0,0,0,0,0,0,0,0,0,0,0,0,0,0,0,0,0,431.704,0,0,-221.146
"MtrElec",12,10,17,"",452.204,0,0,0,0,0,0,0,0,0,0,0,0,0,0,0,0,0,0,0,0,494.361,0,0,-42.1568
"MtrElec",12,10,18,"",429.527,0,0,0,0,0,0,0,0,0,0,0,0,0,0,0,0,0,0,0,0,429.527,0,0,0
"MtrElec",12,10,19,"",266.272,0,0,0,0,0,0,0,0,0,0,0,0,0,0,0,0,0,0,0,0,489.489,0,-223.217,0
"MtrElec",12,10,20,"",371.227,0,0,0,0,0,0,0,0,0,0,0,0,0,0,0,0,0,0,0,0,417.956,0,-46.729,0
"MtrElec",12,10,21,"",457.21,0,0,0,0,0,0,0,0,0,0,0,0,0,0,0,0,0,0,0,0,457.21,0,0,0
"MtrElec",12,10,22,"",288.647,0,0,0,0,0,0,0,0,0,0,0,0,0,0,0,0,0,0,0,0,288.647,0,0,0
"MtrElec",12,10,23,"",307.045,0,0,0,0,0,0,0,0,0,0,0,0,0,0,0,0,0,0,0,0,307.045,0,0,0
"MtrElec",12,10,24,"",207.367,0,0,0,0,0,0,0,0,0,0,0,0,0,0,0,0,0,0,0,0,207.367,0,0,0
"MtrElec",12,11,1,"",164.939,0,0,0,0,0,0,0,0,0,0,0,0,0,0,0,0,0,0,0,0,164.939,0,0,0
"MtrElec",12,11,2,"",163.048,0,0,0,0,0,0,0,0,0,0,0,0,0,0,0,0,0,0,0,0,163.048,0,0,0
"MtrElec",12,11,3,"",157.434,0,0,0,0,0,0,0,0,0,0,0,0,0,0,0,0,0,0,0,0,157.434,0,0,0
"MtrElec",12,11,4,"",159.285,0,0,0,0,0,0,0,0,0,0,0,0,0,0,0,0,0,0,0,0,159.285,0,0,0
"MtrElec",12,11,5,"",192.324,0,0,0,0,0,0,0,0,0,0,0,0,0,0,0,0,0,0,0,0,192.324,0,0,0
"MtrElec",12,11,6,"",158.784,0,0,0,0,0,0,0,0,0,0,0,0,0,0,0,0,0,0,0,0,158.784,0,0,0
"MtrElec",12,11,7,"",263.305,0,0,0,0,0,0,0,0,0,0,0,0,0,0,0,0,0,0,0,0,263.305,0,0,0
"MtrElec",12,11,8,"",200.827,0,0,0,0,0,0,0,0,0,0,0,0,0,0,0,0,0,0,0,0,331.244,0,0,-130.417
"MtrElec",12,11,9,"",53.3979,0,0,0,0,0,0,0,0,0,0,0,0,0,0,0,0,0,0,0,0,373.305,0,0,-319.907
"MtrElec",12,11,10,"",-34.3923,0,0,0,0,0,0,0,0,0,0,0,0,0,0,0,0,0,0,0,0,415.52,0,0,-449.912
"MtrElec",12,11,11,"",0.0000078,0,0,0,0,0,0,0,0,0,0,0,0,0,0,0,0,0,0,0,0,435.932,0,101.678,-537.609
"MtrElec",12,11,12,"",0,0,0,0,0,0,0,0,0,0,0,0,0,0,0,0,0,0,0,0,0,445.585,0,129.346,-574.931
"MtrElec",12,11,13,"",0,0,0,0,0,0,0,0,0,0,0,0,0,0,0,0,0,0,0,0,0,395.511,0,160.742,-556.254
"MtrElec",12,11,14,"",0,0,0,0,0,0,0,0,0,0,0,0,0,0,0,0,0,0,0,0,0,459.329,0,31.5637,-490.892
"MtrElec",12,11,15,"",35.8391,0,0,0,0,0,0,0,0,0,0,0,0,0,0,0,0,0,0,0,0,418.54,0,0,-382.701
"MtrElec",12,11,16,"",236.313,0,0,0,0,0,0,0,0,0,0,0,0,0,0,0,0,0,0,0,0,457.749,0,0,-221.436
"MtrElec",12,11,17,"",411.638,0,0,0,0,0,0,0,0,0,0,0,0,0,0,0,0,0,0,0,0,453.381,0,0,-41.7429
"MtrElec",12,11,18,"",484.292,0,0,0,0,0,0,0,0,0,0,0,0,0,0,0,0,0,0,0,0,484.292,0,0,0
"MtrElec",12,11,19,"",186.148,0,0,0,0,0,0,0,0,0,0,0,0,0,0,0,0,0,0,0,0,409.365,0,-223.217,0
"MtrElec",12,11,20,"",232.49,0,0,0,0,0,0,0,0,0,0,0,0,0,0,0,0,0,0,0,0,391.328,0,-158.838,0
"MtrElec",12,11,21,"",467.279,0,0,0,0,0,0,0,0,0,0,0,0,0,0,0,0,0,0,0,0,467.279,0,0,0
"MtrElec",12,11,22,"",309.047,0,0,0,0,0,0,0,0,0,0,0,0,0,0,0,0,0,0,0,0,309.047,0,0,0
"MtrElec",12,11,23,"",279.576,0,0,0,0,0,0,0,0,0,0,0,0,0,0,0,0,0,0,0,0,279.576,0,0,0
"MtrElec",12,11,24,"",225.065,0,0,0,0,0,0,0,0,0,0,0,0,0,0,0,0,0,0,0,0,225.065,0,0,0
"MtrElec",12,12,1,"",181.444,0,0,0,0,0,0,0,0,0,0,0,0,0,0,0,0,0,0,0,0,181.444,0,0,0
"MtrElec",12,12,2,"",158.811,0,0,0,0,0,0,0,0,0,0,0,0,0,0,0,0,0,0,0,0,158.811,0,0,0
"MtrElec",12,12,3,"",159.33,0,0,0,0,0,0,0,0,0,0,0,0,0,0,0,0,0,0,0,0,159.33,0,0,0
"MtrElec",12,12,4,"",204.284,0,0,0,0,0,0,0,0,0,0,0,0,0,0,0,0,0,0,0,0,204.284,0,0,0
"MtrElec",12,12,5,"",180.989,0,0,0,0,0,0,0,0,0,0,0,0,0,0,0,0,0,0,0,0,180.989,0,0,0
"MtrElec",12,12,6,"",158.468,0,0,0,0,0,0,0,0,0,0,0,0,0,0,0,0,0,0,0,0,158.468,0,0,0
"MtrElec",12,12,7,"",175.935,0,0,0,0,0,0,0,0,0,0,0,0,0,0,0,0,0,0,0,0,175.935,0,0,0
"MtrElec",12,12,8,"",167.803,0,0,0,0,0,0,0,0,0,0,0,0,0,0,0,0,0,0,0,0,252.246,0,0,-84.4426
"MtrElec",12,12,9,"",273.45,0,0,0,0,0,0,0,0,0,0,0,0,0,0,0,0,0,0,0,0,307.844,0,0,-34.3935
"MtrElec",12,12,10,"",271.213,0,0,0,0,0,0,0,0,0,0,0,0,0,0,0,0,0,0,0,0,354.573,0,0,-83.3595
"MtrElec",12,12,11,"",347.178,0,0,0,0,0,0,0,0,0,0,0,0,0,0,0,0,0,0,0,0,460.281,0,0,-113.103
"MtrElec",12,12,12,"",234.006,0,0,0,0,0,0,0,0,0,0,0,0,0,0,0,0,0,0,0,0,396.511,0,0,-162.505
"MtrElec",12,12,13,"",0,0,0,0,0,0,0,0,0,0,0,0,0,0,0,0,0,0,0,0,0,472.046,0,38.9116,-510.957
"MtrElec",12,12,14,"",0,0,0,0,0,0,0,0,0,0,0,0,0,0,0,0,0,0,0,0,0,406.106,0,97.0304,-503.137
"MtrElec",12,12,15,"",48.5706,0,0,0,0,0,0,0,0,0,0,0,0,0,0,0,0,0,0,0,0,432.178,0,0,-383.608
"MtrElec",12,12,16,"",133.172,0,0,0,0,0,0,0,0,0,0,0,0,0,0,0,0,0,0,0,0,351.345,0,0,-218.172
"MtrElec",12,12,17,"",360.383,0,0,0,0,0,0,0,0,0,0,0,0,0,0,0,0,0,0,0,0,402.868,0,0,-42.4848
"MtrElec",12,12,18,"",387.575,0,0,0,0,0,0,0,0,0,0,0,0,0,0,0,0,0,0,0,0,387.575,0,0,0
"MtrElec",12,12,19,"",320.635,0,0,0,0,0,0,0,0,0,0,0,0,0,0,0,0,0,0,0,0,443.322,0,-122.688,0
"MtrElec",12,12,20,"",335.551,0,0,0,0,0,0,0,0,0,0,0,0,0,0,0,0,0,0,0,0,335.551,0,0,0
"MtrElec",12,12,21,"",355.623,0,0,0,0,0,0,0,0,0,0,0,0,0,0,0,0,0,0,0,0,355.623,0,0,0
"MtrElec",12,12,22,"",292.589,0,0,0,0,0,0,0,0,0,0,0,0,0,0,0,0,0,0,0,0,292.589,0,0,0
"MtrElec",12,12,23,"",276.826,0,0,0,0,0,0,0,0,0,0,0,0,0,0,0,0,0,0,0,0,276.826,0,0,0
"MtrElec",12,12,24,"",218.826,0,0,0,0,0,0,0,0,0,0,0,0,0,0,0,0,0,0,0,0,218.826,0,0,0
"MtrElec",12,13,1,"",172.666,0,0,0,0,0,0,0,0,0,0,0,0,0,0,0,0,0,0,0,0,172.666,0,0,0
"MtrElec",12,13,2,"",158.312,0,0,0,0,0,0,0,0,0,0,0,0,0,0,0,0,0,0,0,0,158.312,0,0,0
"MtrElec",12,13,3,"",159.603,0,0,0,0,0,0,0,0,0,0,0,0,0,0,0,0,0,0,0,0,159.603,0,0,0
"MtrElec",12,13,4,"",156.717,0,0,0,0,0,0,0,0,0,0,0,0,0,0,0,0,0,0,0,0,156.717,0,0,0
"MtrElec",12,13,5,"",194.984,0,0,0,0,0,0,0,0,0,0,0,0,0,0,0,0,0,0,0,0,194.984,0,0,0
"MtrElec",12,13,6,"",158.716,0,0,0,0,0,0,0,0,0,0,0,0,0,0,0,0,0,0,0,0,158.716,0,0,0
"MtrElec",12,13,7,"",167.193,0,0,0,0,0,0,0,0,0,0,0,0,0,0,0,0,0,0,0,0,167.193,0,0,0
"MtrElec",12,13,8,"",156.312,0,0,0,0,0,0,0,0,0,0,0,0,0,0,0,0,0,0,0,0,271.004,0,0,-114.692
"MtrElec",12,13,9,"",-76.9809,0,0,0,0,0,0,0,0,0,0,0,0,0,0,0,0,0,0,0,0,238.073,0,0,-315.054
"MtrElec",12,13,10,"",-153.694,0,0,0,0,0,0,0,0,0,0,0,0,0,0,0,0,0,0,0,0,303.963,0,0,-457.657
"MtrElec",12,13,11,"",0.0000156,0,0,0,0,0,0,0,0,0,0,0,0,0,0,0,0,0,0,0,0,388.817,0,168.716,-557.532
"MtrElec",12,13,12,"",0,0,0,0,0,0,0,0,0,0,0,0,0,0,0,0,0,0,0,0,0,398.101,0,198.104,-596.205
"MtrElec",12,13,13,"",0,0,0,0,0,0,0,0,0,0,0,0,0,0,0,0,0,0,0,0,0,436.778,0,142.868,-579.646
"MtrElec",12,13,14,"",0,0,0,0,0,0,0,0,0,0,0,0,0,0,0,0,0,0,0,0,0,371.053,0,140.892,-511.945
"MtrElec",12,13,15,"",35.8185,0,0,0,0,0,0,0,0,0,0,0,0,0,0,0,0,0,0,0,0,435.075,0,0,-399.257
"MtrElec",12,13,16,"",105.232,0,0,0,0,0,0,0,0,0,0,0,0,0,0,0,0,0,0,0,0,335.152,0,0,-229.92
"MtrElec",12,13,17,"",367.85,0,0,0,0,0,0,0,0,0,0,0,0,0,0,0,0,0,0,0,0,414.118,0,0,-46.2673
"MtrElec",12,13,18,"",335.785,0,0,0,0,0,0,0,0,0,0,0,0,0,0,0,0,0,0,0,0,335.785,0,0,0
"MtrElec",12,13,19,"",200.98,0,0,0,0,0,0,0,0,0,0,0,0,0,0,0,0,0,0,0,0,424.197,0,-223.217,0
"MtrElec",12,13,20,"",110.183,0,0,0,0,0,0,0,0,0,0,0,0,0,0,0,0,0,0,0,0,333.4,0,-223.217,0
"MtrElec",12,13,21,"",205.307,0,0,0,0,0,0,0,0,0,0,0,0,0,0,0,0,0,0,0,0,346.022,0,-140.714,0
"MtrElec",12,13,22,"",340.397,0,0,0,0,0,0,0,0,0,0,0,0,0,0,0,0,0,0,0,0,340.397,0,0,0
"MtrElec",12,13,23,"",218.306,0,0,0,0,0,0,0,0,0,0,0,0,0,0,0,0,0,0,0,0,218.306,0,0,0
"MtrElec",12,13,24,"",211.474,0,0,0,0,0,0,0,0,0,0,0,0,0,0,0,0,0,0,0,0,211.474,0,0,0
"MtrElec",12,14,1,"",180.68,0,0,0,0,0,0,0,0,0,0,0,0,0,0,0,0,0,0,0,0,180.68,0,0,0
"MtrElec",12,14,2,"",160.635,0,0,0,0,0,0,0,0,0,0,0,0,0,0,0,0,0,0,0,0,160.635,0,0,0
"MtrElec",12,14,3,"",156.426,0,0,0,0,0,0,0,0,0,0,0,0,0,0,0,0,0,0,0,0,156.426,0,0,0
"MtrElec",12,14,4,"",159.237,0,0,0,0,0,0,0,0,0,0,0,0,0,0,0,0,0,0,0,0,159.237,0,0,0
"MtrElec",12,14,5,"",155.964,0,0,0,0,0,0,0,0,0,0,0,0,0,0,0,0,0,0,0,0,155.964,0,0,0
"MtrElec",12,14,6,"",177.987,0,0,0,0,0,0,0,0,0,0,0,0,0,0,0,0,0,0,0,0,177.987,0,0,0
"MtrElec",12,14,7,"",272.478,0,0,0,0,0,0,0,0,0,0,0,0,0,0,0,0,0,0,0,0,272.478,0,0,0
"MtrElec",12,14,8,"",198.825,0,0,0,0,0,0,0,0,0,0,0,0,0,0,0,0,0,0,0,0,317.162,0,0,-118.337
"MtrElec",12,14,9,"",92.9165,0,0,0,0,0,0,0,0,0,0,0,0,0,0,0,0,0,0,0,0,412.657,0,0,-319.741
"MtrElec",12,14,10,"",-27.7563,0,0,0,0,0,0,0,0,0,0,0,0,0,0,0,0,0,0,0,0,434.574,0,0,-462.33
"MtrElec",12,14,11,"",0.0000078,0,0,0,0,0,0,0,0,0,0,0,0,0,0,0,0,0,0,0,0,446.796,0,92.6585,-539.454
"MtrElec",12,14,12,"",0,0,0,0,0,0,0,0,0,0,0,0,0,0,0,0,0,0,0,0,0,432.635,0,130.597,-563.232
"MtrElec",12,14,13,"",0,0,0,0,0,0,0,0,0,0,0,0,0,0,0,0,0,0,0,0,0,522.289,0,26.2006,-548.49
"MtrElec",12,14,14,"",0.0000039,0,0,0,0,0,0,0,0,0,0,0,0,0,0,0,0,0,0,0,0,425.132,0,61.4917,-486.624
"MtrElec",12,14,15,"",62.2562,0,0,0,0,0,0,0,0,0,0,0,0,0,0,0,0,0,0,0,0,440.637,0,0,-378.381
"MtrElec",12,14,16,"",215.62,0,0,0,0,0,0,0,0,0,0,0,0,0,0,0,0,0,0,0,0,439.528,0,0,-223.908
"MtrElec",12,14,17,"",424.961,0,0,0,0,0,0,0,0,0,0,0,0,0,0,0,0,0,0,0,0,471.346,0,0,-46.3851
"MtrElec",12,14,18,"",420.116,0,0,0,0,0,0,0,0,0,0,0,0,0,0,0,0,0,0,0,0,420.116,0,0,0
"MtrElec",12,14,19,"",221.167,0,0,0,0,0,0,0,0,0,0,0,0,0,0,0,0,0,0,0,0,444.383,0,-223.217,0
"MtrElec",12,14,20,"",324.521,0,0,0,0,0,0,0,0,0,0,0,0,0,0,0,0,0,0,0,0,381.934,0,-57.4133,0
"MtrElec",12,14,21,"",435.863,0,0,0,0,0,0,0,0,0,0,0,0,0,0,0,0,0,0,0,0,435.863,0,0,0
"MtrElec",12,14,22,"",297.919,0,0,0,0,0,0,0,0,0,0,0,0,0,0,0,0,0,0,0,0,297.919,0,0,0
"MtrElec",12,14,23,"",283.051,0,0,0,0,0,0,0,0,0,0,0,0,0,0,0,0,0,0,0,0,283.051,0,0,0
"MtrElec",12,14,24,"",203.161,0,0,0,0,0,0,0,0,0,0,0,0,0,0,0,0,0,0,0,0,203.161,0,0,0
"MtrElec",12,15,1,"",175.476,0,0,0,0,0,0,0,0,0,0,0,0,0,0,0,0,0,0,0,0,175.476,0,0,0
"MtrElec",12,15,2,"",157.731,0,0,0,0,0,0,0,0,0,0,0,0,0,0,0,0,0,0,0,0,157.731,0,0,0
"MtrElec",12,15,3,"",153.8,0,0,0,0,0,0,0,0,0,0,0,0,0,0,0,0,0,0,0,0,153.8,0,0,0
"MtrElec",12,15,4,"",158.219,0,0,0,0,0,0,0,0,0,0,0,0,0,0,0,0,0,0,0,0,158.219,0,0,0
"MtrElec",12,15,5,"",185.366,0,0,0,0,0,0,0,0,0,0,0,0,0,0,0,0,0,0,0,0,185.366,0,0,0
"MtrElec",12,15,6,"",158.727,0,0,0,0,0,0,0,0,0,0,0,0,0,0,0,0,0,0,0,0,158.727,0,0,0
"MtrElec",12,15,7,"",261.08,0,0,0,0,0,0,0,0,0,0,0,0,0,0,0,0,0,0,0,0,261.08,0,0,0
"MtrElec",12,15,8,"",178.42,0,0,0,0,0,0,0,0,0,0,0,0,0,0,0,0,0,0,0,0,295.945,0,0,-117.524
"MtrElec",12,15,9,"",32.1671,0,0,0,0,0,0,0,0,0,0,0,0,0,0,0,0,0,0,0,0,355.258,0,0,-323.091
"MtrElec",12,15,10,"",-44.344,0,0,0,0,0,0,0,0,0,0,0,0,0,0,0,0,0,0,0,0,419.229,0,0,-463.573
"MtrElec",12,15,11,"",0,0,0,0,0,0,0,0,0,0,0,0,0,0,0,0,0,0,0,0,0,396.951,0,137.075,-534.026
"MtrElec",12,15,12,"",0,0,0,0,0,0,0,0,0,0,0,0,0,0,0,0,0,0,0,0,0,453.146,0,112.718,-565.864
"MtrElec",12,15,13,"",0,0,0,0,0,0,0,0,0,0,0,0,0,0,0,0,0,0,0,0,0,464.273,0,87.1749,-551.448
"MtrElec",12,15,14,"",0.0000078,0,0,0,0,0,0,0,0,0,0,0,0,0,0,0,0,0,0,0,0,416.192,0,88.0817,-504.274
"MtrElec",12,15,15,"",0,0,0,0,0,0,0,0,0,0,0,0,0,0,0,0,0,0,0,0,0,391.963,0,5.51134,-397.474
"MtrElec",12,15,16,"",202.462,0,0,0,0,0,0,0,0,0,0,0,0,0,0,0,0,0,0,0,0,433.079,0,0,-230.617
"MtrElec",12,15,17,"",386.729,0,0,0,0,0,0,0,0,0,0,0,0,0,0,0,0,0,0,0,0,434.481,0,0,-47.7521
"MtrElec",12,15,18,"",448.328,0,0,0,0,0,0,0,0,0,0,0,0,0,0,0,0,0,0,0,0,448.328,0,0,0
"MtrElec",12,15,19,"",230.475,0,0,0,0,0,0,0,0,0,0,0,0,0,0,0,0,0,0,0,0,453.692,0,-223.217,0
"MtrElec",12,15,20,"",237.368,0,0,0,0,0,0,0,0,0,0,0,0,0,0,0,0,0,0,0,0,402.731,0,-165.364,0
"MtrElec",12,15,21,"",442.285,0,0,0,0,0,0,0,0,0,0,0,0,0,0,0,0,0,0,0,0,442.285,0,0,0
"MtrElec",12,15,22,"",316.79,0,0,0,0,0,0,0,0,0,0,0,0,0,0,0,0,0,0,0,0,316.79,0,0,0
"MtrElec",12,15,23,"",291.067,0,0,0,0,0,0,0,0,0,0,0,0,0,0,0,0,0,0,0,0,291.067,0,0,0
"MtrElec",12,15,24,"",229.17,0,0,0,0,0,0,0,0,0,0,0,0,0,0,0,0,0,0,0,0,229.17,0,0,0
"MtrElec",12,16,1,"",178.719,0,0,0,0,0,0,0,0,0,0,0,0,0,0,0,0,0,0,0,0,178.719,0,0,0
"MtrElec",12,16,2,"",161.063,0,0,0,0,0,0,0,0,0,0,0,0,0,0,0,0,0,0,0,0,161.063,0,0,0
"MtrElec",12,16,3,"",157.513,0,0,0,0,0,0,0,0,0,0,0,0,0,0,0,0,0,0,0,0,157.513,0,0,0
"MtrElec",12,16,4,"",157.117,0,0,0,0,0,0,0,0,0,0,0,0,0,0,0,0,0,0,0,0,157.117,0,0,0
"MtrElec",12,16,5,"",204.31,0,0,0,0,0,0,0,0,0,0,0,0,0,0,0,0,0,0,0,0,204.31,0,0,0
"MtrElec",12,16,6,"",156.178,0,0,0,0,0,0,0,0,0,0,0,0,0,0,0,0,0,0,0,0,156.178,0,0,0
"MtrElec",12,16,7,"",248.618,0,0,0,0,0,0,0,0,0,0,0,0,0,0,0,0,0,0,0,0,248.618,0,0,0
"MtrElec",12,16,8,"",187.774,0,0,0,0,0,0,0,0,0,0,0,0,0,0,0,0,0,0,0,0,308.467,0,0,-120.693
"MtrElec",12,16,9,"",52.81,0,0,0,0,0,0,0,0,0,0,0,0,0,0,0,0,0,0,0,0,379.877,0,0,-327.067
"MtrElec",12,16,10,"",-42.0308,0,0,0,0,0,0,0,0,0,0,0,0,0,0,0,0,0,0,0,0,420.304,0,0,-462.335
"MtrElec",12,16,11,"",0,0,0,0,0,0,0,0,0,0,0,0,0,0,0,0,0,0,0,0,0,461.089,0,82.5686,-543.658
"MtrElec",12,16,12,"",0,0,0,0,0,0,0,0,0,0,0,0,0,0,0,0,0,0,0,0,0,452.255,0,134.563,-586.819
"MtrElec",12,16,13,"",0.0000078,0,0,0,0,0,0,0,0,0,0,0,0,0,0,0,0,0,0,0,0,473.557,0,106.032,-579.589
"MtrElec",12,16,14,"",0.0000020,0,0,0,0,0,0,0,0,0,0,0,0,0,0,0,0,0,0,0,0,421.089,0,18.5688,-439.658
"MtrElec",12,16,15,"",66.5847,0,0,0,0,0,0,0,0,0,0,0,0,0,0,0,0,0,0,0,0,394.478,0,0,-327.893
"MtrElec",12,16,16,"",303.404,0,0,0,0,0,0,0,0,0,0,0,0,0,0,0,0,0,0,0,0,414.561,0,0,-111.157
"MtrElec",12,16,17,"",422.585,0,0,0,0,0,0,0,0,0,0,0,0,0,0,0,0,0,0,0,0,431.632,0,0,-9.04691
"MtrElec",12,16,18,"",456.258,0,0,0,0,0,0,0,0,0,0,0,0,0,0,0,0,0,0,0,0,456.258,0,0,0
"MtrElec",12,16,19,"",228.26,0,0,0,0,0,0,0,0,0,0,0,0,0,0,0,0,0,0,0,0,451.477,0,-223.217,0
"MtrElec",12,16,20,"",307.739,0,0,0,0,0,0,0,0,0,0,0,0,0,0,0,0,0,0,0,0,392.935,0,-85.1966,0
"MtrElec",12,16,21,"",451.112,0,0,0,0,0,0,0,0,0,0,0,0,0,0,0,0,0,0,0,0,451.112,0,0,0
"MtrElec",12,16,22,"",301.933,0,0,0,0,0,0,0,0,0,0,0,0,0,0,0,0,0,0,0,0,301.933,0,0,0
"MtrElec",12,16,23,"",270.907,0,0,0,0,0,0,0,0,0,0,0,0,0,0,0,0,0,0,0,0,270.907,0,0,0
"MtrElec",12,16,24,"",196.035,0,0,0,0,0,0,0,0,0,0,0,0,0,0,0,0,0,0,0,0,196.035,0,0,0
"MtrElec",12,17,1,"",184.312,0,0,0,0,0,0,0,0,0,0,0,0,0,0,0,0,0,0,0,0,184.312,0,0,0
"MtrElec",12,17,2,"",160.593,0,0,0,0,0,0,0,0,0,0,0,0,0,0,0,0,0,0,0,0,160.593,0,0,0
"MtrElec",12,17,3,"",170.873,0,0,0,0,0,0,0,0,0,0,0,0,0,0,0,0,0,0,0,0,170.873,0,0,0
"MtrElec",12,17,4,"",197.021,0,0,0,0,0,0,0,0,0,0,0,0,0,0,0,0,0,0,0,0,197.021,0,0,0
"MtrElec",12,17,5,"",166.81,0,0,0,0,0,0,0,0,0,0,0,0,0,0,0,0,0,0,0,0,166.81,0,0,0
"MtrElec",12,17,6,"",164.617,0,0,0,0,0,0,0,0,0,0,0,0,0,0,0,0,0,0,0,0,164.617,0,0,0
"MtrElec",12,17,7,"",256.36,0,0,0,0,0,0,0,0,0,0,0,0,0,0,0,0,0,0,0,0,256.36,0,0,0
"MtrElec",12,17,8,"",196.167,0,0,0,0,0,0,0,0,0,0,0,0,0,0,0,0,0,0,0,0,319.782,0,0,-123.615
"MtrElec",12,17,9,"",39.9411,0,0,0,0,0,0,0,0,0,0,0,0,0,0,0,0,0,0,0,0,372.097,0,0,-332.156
"MtrElec",12,17,10,"",-52.1949,0,0,0,0,0,0,0,0,0,0,0,0,0,0,0,0,0,0,0,0,416.233,0,0,-468.428
"MtrElec",12,17,11,"",0,0,0,0,0,0,0,0,0,0,0,0,0,0,0,0,0,0,0,0,0,416.725,0,133.875,-550.6
"MtrElec",12,17,12,"",0.0000078,0,0,0,0,0,0,0,0,0,0,0,0,0,0,0,0,0,0,0,0,472.206,0,121.574,-593.78
"MtrElec",12,17,13,"",0,0,0,0,0,0,0,0,0,0,0,0,0,0,0,0,0,0,0,0,0,408.771,0,168.748,-577.519
"MtrElec",12,17,14,"",0,0,0,0,0,0,0,0,0,0,0,0,0,0,0,0,0,0,0,0,0,420.73,0,94.1397,-514.87
"MtrElec",12,17,15,"",0.0000010,0,0,0,0,0,0,0,0,0,0,0,0,0,0,0,0,0,0,0,0,393.433,0,13.5069,-406.94
"MtrElec",12,17,16,"",179.645,0,0,0,0,0,0,0,0,0,0,0,0,0,0,0,0,0,0,0,0,423.559,0,0,-243.914
"MtrElec",12,17,17,"",363.623,0,0,0,0,0,0,0,0,0,0,0,0,0,0,0,0,0,0,0,0,416.114,0,0,-52.4912
"MtrElec",12,17,18,"",454.947,0,0,0,0,0,0,0,0,0,0,0,0,0,0,0,0,0,0,0,0,454.947,0,0,0
"MtrElec",12,17,19,"",184.496,0,0,0,0,0,0,0,0,0,0,0,0,0,0,0,0,0,0,0,0,407.713,0,-223.217,0
"MtrElec",12,17,20,"",221.409,0,0,0,0,0,0,0,0,0,0,0,0,0,0,0,0,0,0,0,0,444.626,0,-223.217,0
"MtrElec",12,17,21,"",389.219,0,0,0,0,0,0,0,0,0,0,0,0,0,0,0,0,0,0,0,0,422.774,0,-33.5553,0
"MtrElec",12,17,22,"",320.338,0,0,0,0,0,0,0,0,0,0,0,0,0,0,0,0,0,0,0,0,320.338,0,0,0
"MtrElec",12,17,23,"",237.552,0,0,0,0,0,0,0,0,0,0,0,0,0,0,0,0,0,0,0,0,237.552,0,0,0
"MtrElec",12,17,24,"",252.37,0,0,0,0,0,0,0,0,0,0,0,0,0,0,0,0,0,0,0,0,252.37,0,0,0
"MtrElec",12,18,1,"",172.348,0,0,0,0,0,0,0,0,0,0,0,0,0,0,0,0,0,0,0,0,172.348,0,0,0
"MtrElec",12,18,2,"",158.814,0,0,0,0,0,0,0,0,0,0,0,0,0,0,0,0,0,0,0,0,158.814,0,0,0
"MtrElec",12,18,3,"",151.016,0,0,0,0,0,0,0,0,0,0,0,0,0,0,0,0,0,0,0,0,151.016,0,0,0
"MtrElec",12,18,4,"",153.119,0,0,0,0,0,0,0,0,0,0,0,0,0,0,0,0,0,0,0,0,153.119,0,0,0
"MtrElec",12,18,5,"",156.734,0,0,0,0,0,0,0,0,0,0,0,0,0,0,0,0,0,0,0,0,156.734,0,0,0
"MtrElec",12,18,6,"",210.961,0,0,0,0,0,0,0,0,0,0,0,0,0,0,0,0,0,0,0,0,210.961,0,0,0
"MtrElec",12,18,7,"",204.446,0,0,0,0,0,0,0,0,0,0,0,0,0,0,0,0,0,0,0,0,204.446,0,0,0
"MtrElec",12,18,8,"",181.4,0,0,0,0,0,0,0,0,0,0,0,0,0,0,0,0,0,0,0,0,302.88,0,0,-121.48
"MtrElec",12,18,9,"",25.1964,0,0,0,0,0,0,0,0,0,0,0,0,0,0,0,0,0,0,0,0,360.278,0,0,-335.081
"MtrElec",12,18,10,"",22.9167,0,0,0,0,0,0,0,0,0,0,0,0,0,0,0,0,0,0,0,0,491.358,0,0,-468.442
"MtrElec",12,18,11,"",0,0,0,0,0,0,0,0,0,0,0,0,0,0,0,0,0,0,0,0,0,492.051,0,53.9533,-546.004
"MtrElec",12,18,12,"",0.0000078,0,0,0,0,0,0,0,0,0,0,0,0,0,0,0,0,0,0,0,0,461.362,0,113.611,-574.973
"MtrElec",12,18,13,"",0,0,0,0,0,0,0,0,0,0,0,0,0,0,0,0,0,0,0,0,0,395.61,0,161.79,-557.401
"MtrElec",12,18,14,"",0,0,0,0,0,0,0,0,0,0,0,0,0,0,0,0,0,0,0,0,0,427.06,0,73.5169,-500.577
"MtrElec",12,18,15,"",20.6712,0,0,0,0,0,0,0,0,0,0,0,0,0,0,0,0,0,0,0,0,415.51,0,0,-394.839
"MtrElec",12,18,16,"",208.819,0,0,0,0,0,0,0,0,0,0,0,0,0,0,0,0,0,0,0,0,440.422,0,0,-231.603
"MtrElec",12,18,17,"",427.21,0,0,0,0,0,0,0,0,0,0,0,0,0,0,0,0,0,0,0,0,475.526,0,0,-48.3163
"MtrElec",12,18,18,"",408.771,0,0,0,0,0,0,0,0,0,0,0,0,0,0,0,0,0,0,0,0,408.771,0,0,0
"MtrElec",12,18,19,"",213.001,0,0,0,0,0,0,0,0,0,0,0,0,0,0,0,0,0,0,0,0,436.218,0,-223.217,0
"MtrElec",12,18,20,"",270.229,0,0,0,0,0,0,0,0,0,0,0,0,0,0,0,0,0,0,0,0,410.603,0,-140.374,0
"MtrElec",12,18,21,"",433.277,0,0,0,0,0,0,0,0,0,0,0,0,0,0,0,0,0,0,0,0,433.277,0,0,0
"MtrElec",12,18,22,"",306.286,0,0,0,0,0,0,0,0,0,0,0,0,0,0,0,0,0,0,0,0,306.286,0,0,0
"MtrElec",12,18,23,"",333.681,0,0,0,0,0,0,0,0,0,0,0,0,0,0,0,0,0,0,0,0,333.681,0,0,0
"MtrElec",12,18,24,"",218.57,0,0,0,0,0,0,0,0,0,0,0,0,0,0,0,0,0,0,0,0,218.57,0,0,0
"MtrElec",12,19,1,"",195.977,0,0,0,0,0,0,0,0,0,0,0,0,0,0,0,0,0,0,0,0,195.977,0,0,0
"MtrElec",12,19,2,"",181.629,0,0,0,0,0,0,0,0,0,0,0,0,0,0,0,0,0,0,0,0,181.629,0,0,0
"MtrElec",12,19,3,"",158.563,0,0,0,0,0,0,0,0,0,0,0,0,0,0,0,0,0,0,0,0,158.563,0,0,0
"MtrElec",12,19,4,"",157.732,0,0,0,0,0,0,0,0,0,0,0,0,0,0,0,0,0,0,0,0,157.732,0,0,0
"MtrElec",12,19,5,"",173.823,0,0,0,0,0,0,0,0,0,0,0,0,0,0,0,0,0,0,0,0,173.823,0,0,0
"MtrElec",12,19,6,"",162.137,0,0,0,0,0,0,0,0,0,0,0,0,0,0,0,0,0,0,0,0,162.137,0,0,0
"MtrElec",12,19,7,"",234.291,0,0,0,0,0,0,0,0,0,0,0,0,0,0,0,0,0,0,0,0,234.291,0,0,0
"MtrElec",12,19,8,"",135.418,0,0,0,0,0,0,0,0,0,0,0,0,0,0,0,0,0,0,0,0,248.887,0,0,-113.47
"MtrElec",12,19,9,"",21.7497,0,0,0,0,0,0,0,0,0,0,0,0,0,0,0,0,0,0,0,0,339.427,0,0,-317.677
"MtrElec",12,19,10,"",-31.5528,0,0,0,0,0,0,0,0,0,0,0,0,0,0,0,0,0,0,0,0,419.243,0,0,-450.796
"MtrElec",12,19,11,"",0.0000039,0,0,0,0,0,0,0,0,0,0,0,0,0,0,0,0,0,0,0,0,497.807,0,37.4317,-535.239
"MtrElec",12,19,12,"",0,0,0,0,0,0,0,0,0,0,0,0,0,0,0,0,0,0,0,0,0,492.768,0,75.6322,-568.4
"MtrElec",12,19,13,"",0,0,0,0,0,0,0,0,0,0,0,0,0,0,0,0,0,0,0,0,0,500.834,0,53.7528,-554.587
"MtrElec",12,19,14,"",0.0000020,0,0,0,0,0,0,0,0,0,0,0,0,0,0,0,0,0,0,0,0,473.305,0,29.0973,-502.402
"MtrElec",12,19,15,"",62.3496,0,0,0,0,0,0,0,0,0,0,0,0,0,0,0,0,0,0,0,0,457.305,0,0,-394.956
"MtrElec",12,19,16,"",237.77,0,0,0,0,0,0,0,0,0,0,0,0,0,0,0,0,0,0,0,0,472.643,0,0,-234.873
"MtrElec",12,19,17,"",414.561,0,0,0,0,0,0,0,0,0,0,0,0,0,0,0,0,0,0,0,0,464.832,0,0,-50.2712
"MtrElec",12,19,18,"",416.199,0,0,0,0,0,0,0,0,0,0,0,0,0,0,0,0,0,0,0,0,416.199,0,0,0
"MtrElec",12,19,19,"",268.486,0,0,0,0,0,0,0,0,0,0,0,0,0,0,0,0,0,0,0,0,445.298,0,-176.812,0
"MtrElec",12,19,20,"",389.131,0,0,0,0,0,0,0,0,0,0,0,0,0,0,0,0,0,0,0,0,389.131,0,0,0
"MtrElec",12,19,21,"",340.77,0,0,0,0,0,0,0,0,0,0,0,0,0,0,0,0,0,0,0,0,340.77,0,0,0
"MtrElec",12,19,22,"",302.862,0,0,0,0,0,0,0,0,0,0,0,0,0,0,0,0,0,0,0,0,302.862,0,0,0
"MtrElec",12,19,23,"",227.969,0,0,0,0,0,0,0,0,0,0,0,0,0,0,0,0,0,0,0,0,227.969,0,0,0
"MtrElec",12,19,24,"",242.199,0,0,0,0,0,0,0,0,0,0,0,0,0,0,0,0,0,0,0,0,242.199,0,0,0
"MtrElec",12,20,1,"",191.384,0,0,0,0,0,0,0,0,0,0,0,0,0,0,0,0,0,0,0,0,191.384,0,0,0
"MtrElec",12,20,2,"",162.469,0,0,0,0,0,0,0,0,0,0,0,0,0,0,0,0,0,0,0,0,162.469,0,0,0
"MtrElec",12,20,3,"",161.111,0,0,0,0,0,0,0,0,0,0,0,0,0,0,0,0,0,0,0,0,161.111,0,0,0
"MtrElec",12,20,4,"",159.859,0,0,0,0,0,0,0,0,0,0,0,0,0,0,0,0,0,0,0,0,159.859,0,0,0
"MtrElec",12,20,5,"",173.469,0,0,0,0,0,0,0,0,0,0,0,0,0,0,0,0,0,0,0,0,173.469,0,0,0
"MtrElec",12,20,6,"",202.729,0,0,0,0,0,0,0,0,0,0,0,0,0,0,0,0,0,0,0,0,202.729,0,0,0
"MtrElec",12,20,7,"",164.89,0,0,0,0,0,0,0,0,0,0,0,0,0,0,0,0,0,0,0,0,164.89,0,0,0
"MtrElec",12,20,8,"",126.536,0,0,0,0,0,0,0,0,0,0,0,0,0,0,0,0,0,0,0,0,237.229,0,0,-110.693
"MtrElec",12,20,9,"",-31.8622,0,0,0,0,0,0,0,0,0,0,0,0,0,0,0,0,0,0,0,0,275.606,0,0,-307.468
"MtrElec",12,20,10,"",-134.152,0,0,0,0,0,0,0,0,0,0,0,0,0,0,0,0,0,0,0,0,322.857,0,0,-457.009
"MtrElec",12,20,11,"",0,0,0,0,0,0,0,0,0,0,0,0,0,0,0,0,0,0,0,0,0,460.796,0,86.0779,-546.874
"MtrElec",12,20,12,"",0,0,0,0,0,0,0,0,0,0,0,0,0,0,0,0,0,0,0,0,0,387.629,0,195.291,-582.92
"MtrElec",12,20,13,"",0,0,0,0,0,0,0,0,0,0,0,0,0,0,0,0,0,0,0,0,0,464.167,0,99.1443,-563.311
"MtrElec",12,20,14,"",0,0,0,0,0,0,0,0,0,0,0,0,0,0,0,0,0,0,0,0,0,346.568,0,147.59,-494.157
"MtrElec",12,20,15,"",0,0,0,0,0,0,0,0,0,0,0,0,0,0,0,0,0,0,0,0,0,369.166,0,23.9757,-393.142
"MtrElec",12,20,16,"",85.6333,0,0,0,0,0,0,0,0,0,0,0,0,0,0,0,0,0,0,0,0,318.417,0,0,-232.784
"MtrElec",12,20,17,"",334.056,0,0,0,0,0,0,0,0,0,0,0,0,0,0,0,0,0,0,0,0,382.593,0,0,-48.5366
"MtrElec",12,20,18,"",355.439,0,0,0,0,0,0,0,0,0,0,0,0,0,0,0,0,0,0,0,0,355.439,0,0,0
"MtrElec",12,20,19,"",203.311,0,0,0,0,0,0,0,0,0,0,0,0,0,0,0,0,0,0,0,0,426.528,0,-223.217,0
"MtrElec",12,20,20,"",134.942,0,0,0,0,0,0,0,0,0,0,0,0,0,0,0,0,0,0,0,0,358.159,0,-223.217,0
"MtrElec",12,20,21,"",263.37,0,0,0,0,0,0,0,0,0,0,0,0,0,0,0,0,0,0,0,0,315.188,0,-51.8171,0
"MtrElec",12,20,22,"",340.073,0,0,0,0,0,0,0,0,0,0,0,0,0,0,0,0,0,0,0,0,340.073,0,0,0
"MtrElec",12,20,23,"",244.594,0,0,0,0,0,0,0,0,0,0,0,0,0,0,0,0,0,0,0,0,244.594,0,0,0
"MtrElec",12,20,24,"",210.354,0,0,0,0,0,0,0,0,0,0,0,0,0,0,0,0,0,0,0,0,210.354,0,0,0
"MtrElec",12,21,1,"",161.715,0,0,0,0,0,0,0,0,0,0,0,0,0,0,0,0,0,0,0,0,161.715,0,0,0
"MtrElec",12,21,2,"",157.069,0,0,0,0,0,0,0,0,0,0,0,0,0,0,0,0,0,0,0,0,157.069,0,0,0
"MtrElec",12,21,3,"",153.895,0,0,0,0,0,0,0,0,0,0,0,0,0,0,0,0,0,0,0,0,153.895,0,0,0
"MtrElec",12,21,4,"",153.965,0,0,0,0,0,0,0,0,0,0,0,0,0,0,0,0,0,0,0,0,153.965,0,0,0
"MtrElec",12,21,5,"",150.373,0,0,0,0,0,0,0,0,0,0,0,0,0,0,0,0,0,0,0,0,150.373,0,0,0
"MtrElec",12,21,6,"",196.945,0,0,0,0,0,0,0,0,0,0,0,0,0,0,0,0,0,0,0,0,196.945,0,0,0
"MtrElec",12,21,7,"",232.478,0,0,0,0,0,0,0,0,0,0,0,0,0,0,0,0,0,0,0,0,232.478,0,0,0
"MtrElec",12,21,8,"",215.071,0,0,0,0,0,0,0,0,0,0,0,0,0,0,0,0,0,0,0,0,313.801,0,0,-98.7299
"MtrElec",12,21,9,"",66.2278,0,0,0,0,0,0,0,0,0,0,0,0,0,0,0,0,0,0,0,0,362.134,0,0,-295.906
"MtrElec",12,21,10,"",16.2629,0,0,0,0,0,0,0,0,0,0,0,0,0,0,0,0,0,0,0,0,465.119,0,0,-448.856
"MtrElec",12,21,11,"",0,0,0,0,0,0,0,0,0,0,0,0,0,0,0,0,0,0,0,0,0,410.153,0,140.567,-550.72
"MtrElec",12,21,12,"",0,0,0,0,0,0,0,0,0,0,0,0,0,0,0,0,0,0,0,0,0,413.555,0,178.673,-592.228
"MtrElec",12,21,13,"",0,0,0,0,0,0,0,0,0,0,0,0,0,0,0,0,0,0,0,0,0,427.715,0,153.917,-581.632
"MtrElec",12,21,14,"",0,0,0,0,0,0,0,0,0,0,0,0,0,0,0,0,0,0,0,0,0,375.267,0,149.942,-525.21
"MtrElec",12,21,15,"",0.0000039,0,0,0,0,0,0,0,0,0,0,0,0,0,0,0,0,0,0,0,0,349.151,0,65.0232,-414.174
"MtrElec",12,21,16,"",142.695,0,0,0,0,0,0,0,0,0,0,0,0,0,0,0,0,0,0,0,0,383.241,0,0,-240.546
"MtrElec",12,21,17,"",391.275,0,0,0,0,0,0,0,0,0,0,0,0,0,0,0,0,0,0,0,0,441.838,0,0,-50.5631
"MtrElec",12,21,18,"",404.144,0,0,0,0,0,0,0,0,0,0,0,0,0,0,0,0,0,0,0,0,404.144,0,0,0
"MtrElec",12,21,19,"",217.202,0,0,0,0,0,0,0,0,0,0,0,0,0,0,0,0,0,0,0,0,440.419,0,-223.217,0
"MtrElec",12,21,20,"",163.174,0,0,0,0,0,0,0,0,0,0,0,0,0,0,0,0,0,0,0,0,386.391,0,-223.217,0
"MtrElec",12,21,21,"",254.289,0,0,0,0,0,0,0,0,0,0,0,0,0,0,0,0,0,0,0,0,428.885,0,-174.596,0
"MtrElec",12,21,22,"",324.592,0,0,0,0,0,0,0,0,0,0,0,0,0,0,0,0,0,0,0,0,324.592,0,0,0
"MtrElec",12,21,23,"",250.273,0,0,0,0,0,0,0,0,0,0,0,0,0,0,0,0,0,0,0,0,250.273,0,0,0
"MtrElec",12,21,24,"",213.408,0,0,0,0,0,0,0,0,0,0,0,0,0,0,0,0,0,0,0,0,213.408,0,0,0
"MtrElec",12,22,1,"",179.258,0,0,0,0,0,0,0,0,0,0,0,0,0,0,0,0,0,0,0,0,179.258,0,0,0
"MtrElec",12,22,2,"",160.839,0,0,0,0,0,0,0,0,0,0,0,0,0,0,0,0,0,0,0,0,160.839,0,0,0
"MtrElec",12,22,3,"",164.057,0,0,0,0,0,0,0,0,0,0,0,0,0,0,0,0,0,0,0,0,164.057,0,0,0
"MtrElec",12,22,4,"",161.812,0,0,0,0,0,0,0,0,0,0,0,0,0,0,0,0,0,0,0,0,161.812,0,0,0
"MtrElec",12,22,5,"",158.66,0,0,0,0,0,0,0,0,0,0,0,0,0,0,0,0,0,0,0,0,158.66,0,0,0
"MtrElec",12,22,6,"",187.539,0,0,0,0,0,0,0,0,0,0,0,0,0,0,0,0,0,0,0,0,187.539,0,0,0
"MtrElec",12,22,7,"",277.135,0,0,0,0,0,0,0,0,0,0,0,0,0,0,0,0,0,0,0,0,277.135,0,0,0
"MtrElec",12,22,8,"",274.398,0,0,0,0,0,0,0,0,0,0,0,0,0,0,0,0,0,0,0,0,309.536,0,0,-35.1375
"MtrElec",12,22,9,"",222.954,0,0,0,0,0,0,0,0,0,0,0,0,0,0,0,0,0,0,0,0,355.801,0,0,-132.847
"MtrElec",12,22,10,"",144.118,0,0,0,0,0,0,0,0,0,0,0,0,0,0,0,0,0,0,0,0,395.358,0,0,-251.24
"MtrElec",12,22,11,"",142.052,0,0,0,0,0,0,0,0,0,0,0,0,0,0,0,0,0,0,0,0,486.629,0,0,-344.577
"MtrElec",12,22,12,"",1.71181,0,0,0,0,0,0,0,0,0,0,0,0,0,0,0,0,0,0,0,0,390.67,0,0,-388.958
"MtrElec",12,22,13,"",0,0,0,0,0,0,0,0,0,0,0,0,0,0,0,0,0,0,0,0,0,376.458,0,38.8868,-415.345
"MtrElec",12,22,14,"",12.1885,0,0,0,0,0,0,0,0,0,0,0,0,0,0,0,0,0,0,0,0,370.436,0,0,-358.247
"MtrElec",12,22,15,"",44.7988,0,0,0,0,0,0,0,0,0,0,0,0,0,0,0,0,0,0,0,0,338.624,0,0,-293.825
"MtrElec",12,22,16,"",181.737,0,0,0,0,0,0,0,0,0,0,0,0,0,0,0,0,0,0,0,0,381.743,0,0,-200.007
"MtrElec",12,22,17,"",330.031,0,0,0,0,0,0,0,0,0,0,0,0,0,0,0,0,0,0,0,0,383.678,0,0,-53.6472
"MtrElec",12,22,18,"",415.438,0,0,0,0,0,0,0,0,0,0,0,0,0,0,0,0,0,0,0,0,415.438,0,0,0
"MtrElec",12,22,19,"",363.357,0,0,0,0,0,0,0,0,0,0,0,0,0,0,0,0,0,0,0,0,398.453,0,-35.0953,0
"MtrElec",12,22,20,"",435.515,0,0,0,0,0,0,0,0,0,0,0,0,0,0,0,0,0,0,0,0,435.515,0,0,0
"MtrElec",12,22,21,"",359.087,0,0,0,0,0,0,0,0,0,0,0,0,0,0,0,0,0,0,0,0,359.087,0,0,0
"MtrElec",12,22,22,"",344.415,0,0,0,0,0,0,0,0,0,0,0,0,0,0,0,0,0,0,0,0,344.415,0,0,0
"MtrElec",12,22,23,"",275.808,0,0,0,0,0,0,0,0,0,0,0,0,0,0,0,0,0,0,0,0,275.808,0,0,0
"MtrElec",12,22,24,"",225.908,0,0,0,0,0,0,0,0,0,0,0,0,0,0,0,0,0,0,0,0,225.908,0,0,0
"MtrElec",12,23,1,"",181.696,0,0,0,0,0,0,0,0,0,0,0,0,0,0,0,0,0,0,0,0,181.696,0,0,0
"MtrElec",12,23,2,"",170.413,0,0,0,0,0,0,0,0,0,0,0,0,0,0,0,0,0,0,0,0,170.413,0,0,0
"MtrElec",12,23,3,"",172.176,0,0,0,0,0,0,0,0,0,0,0,0,0,0,0,0,0,0,0,0,172.176,0,0,0
"MtrElec",12,23,4,"",175.977,0,0,0,0,0,0,0,0,0,0,0,0,0,0,0,0,0,0,0,0,175.977,0,0,0
"MtrElec",12,23,5,"",174.712,0,0,0,0,0,0,0,0,0,0,0,0,0,0,0,0,0,0,0,0,174.712,0,0,0
"MtrElec",12,23,6,"",230.675,0,0,0,0,0,0,0,0,0,0,0,0,0,0,0,0,0,0,0,0,230.675,0,0,0
"MtrElec",12,23,7,"",300.649,0,0,0,0,0,0,0,0,0,0,0,0,0,0,0,0,0,0,0,0,300.649,0,0,0
"MtrElec",12,23,8,"",228.331,0,0,0,0,0,0,0,0,0,0,0,0,0,0,0,0,0,0,0,0,344.493,0,0,-116.162
"MtrElec",12,23,9,"",61.4779,0,0,0,0,0,0,0,0,0,0,0,0,0,0,0,0,0,0,0,0,384.418,0,0,-322.941
"MtrElec",12,23,10,"",-34.5793,0,0,0,0,0,0,0,0,0,0,0,0,0,0,0,0,0,0,0,0,429.793,0,0,-464.372
"MtrElec",12,23,11,"",0,0,0,0,0,0,0,0,0,0,0,0,0,0,0,0,0,0,0,0,0,436.099,0,115.043,-551.142
"MtrElec",12,23,12,"",0,0,0,0,0,0,0,0,0,0,0,0,0,0,0,0,0,0,0,0,0,394.634,0,207.314,-601.948
"MtrElec",12,23,13,"",0,0,0,0,0,0,0,0,0,0,0,0,0,0,0,0,0,0,0,0,0,432.598,0,157.088,-589.686
"MtrElec",12,23,14,"",0.0000156,0,0,0,0,0,0,0,0,0,0,0,0,0,0,0,0,0,0,0,0,389.472,0,134.001,-523.473
"MtrElec",12,23,15,"",0,0,0,0,0,0,0,0,0,0,0,0,0,0,0,0,0,0,0,0,0,340.667,0,80.1464,-420.813
"MtrElec",12,23,16,"",140.48,0,0,0,0,0,0,0,0,0,0,0,0,0,0,0,0,0,0,0,0,393.321,0,0,-252.841
"MtrElec",12,23,17,"",320.148,0,0,0,0,0,0,0,0,0,0,0,0,0,0,0,0,0,0,0,0,378.632,0,0,-58.4835
"MtrElec",12,23,18,"",425.245,0,0,0,0,0,0,0,0,0,0,0,0,0,0,0,0,0,0,0,0,425.245,0,0,0
"MtrElec",12,23,19,"",176.307,0,0,0,0,0,0,0,0,0,0,0,0,0,0,0,0,0,0,0,0,399.524,0,-223.217,0
"MtrElec",12,23,20,"",216.031,0,0,0,0,0,0,0,0,0,0,0,0,0,0,0,0,0,0,0,0,439.248,0,-223.217,0
"MtrElec",12,23,21,"",179.826,0,0,0,0,0,0,0,0,0,0,0,0,0,0,0,0,0,0,0,0,359.36,0,-179.534,0
"MtrElec",12,23,22,"",331.263,0,0,0,0,0,0,0,0,0,0,0,0,0,0,0,0,0,0,0,0,331.263,0,0,0
"MtrElec",12,23,23,"",233.566,0,0,0,0,0,0,0,0,0,0,0,0,0,0,0,0,0,0,0,0,233.566,0,0,0
"MtrElec",12,23,24,"",252.973,0,0,0,0,0,0,0,0,0,0,0,0,0,0,0,0,0,0,0,0,252.973,0,0,0
"MtrElec",12,24,1,"",175.464,0,0,0,0,0,0,0,0,0,0,0,0,0,0,0,0,0,0,0,0,175.464,0,0,0
"MtrElec",12,24,2,"",171.807,0,0,0,0,0,0,0,0,0,0,0,0,0,0,0,0,0,0,0,0,171.807,0,0,0
"MtrElec",12,24,3,"",177.235,0,0,0,0,0,0,0,0,0,0,0,0,0,0,0,0,0,0,0,0,177.235,0,0,0
"MtrElec",12,24,4,"",172.664,0,0,0,0,0,0,0,0,0,0,0,0,0,0,0,0,0,0,0,0,172.664,0,0,0
"MtrElec",12,24,5,"",173.889,0,0,0,0,0,0,0,0,0,0,0,0,0,0,0,0,0,0,0,0,173.889,0,0,0
"MtrElec",12,24,6,"",245.429,0,0,0,0,0,0,0,0,0,0,0,0,0,0,0,0,0,0,0,0,245.429,0,0,0
"MtrElec",12,24,7,"",217.72,0,0,0,0,0,0,0,0,0,0,0,0,0,0,0,0,0,0,0,0,217.72,0,0,0
"MtrElec",12,24,8,"",211.593,0,0,0,0,0,0,0,0,0,0,0,0,0,0,0,0,0,0,0,0,324.39,0,0,-112.798
"MtrElec",12,24,9,"",61.2178,0,0,0,0,0,0,0,0,0,0,0,0,0,0,0,0,0,0,0,0,377.424,0,0,-316.206
"MtrElec",12,24,10,"",-50.869,0,0,0,0,0,0,0,0,0,0,0,0,0,0,0,0,0,0,0,0,406.256,0,0,-457.125
"MtrElec",12,24,11,"",0,0,0,0,0,0,0,0,0,0,0,0,0,0,0,0,0,0,0,0,0,326.426,0,218.254,-544.68
"MtrElec",12,24,12,"",0,0,0,0,0,0,0,0,0,0,0,0,0,0,0,0,0,0,0,0,0,407.457,0,184.995,-592.453
"MtrElec",12,24,13,"",0,0,0,0,0,0,0,0,0,0,0,0,0,0,0,0,0,0,0,0,0,364.144,0,218.267,-582.41
"MtrElec",12,24,14,"",0,0,0,0,0,0,0,0,0,0,0,0,0,0,0,0,0,0,0,0,0,383.883,0,140.703,-524.586
"MtrElec",12,24,15,"",-14.879,0,0,0,0,0,0,0,0,0,0,0,0,0,0,0,0,0,0,0,0,366.563,0,36.6622,-418.104
"MtrElec",12,24,16,"",158.581,0,0,0,0,0,0,0,0,0,0,0,0,0,0,0,0,0,0,0,0,409.371,0,0,-250.791
"MtrElec",12,24,17,"",381.824,0,0,0,0,0,0,0,0,0,0,0,0,0,0,0,0,0,0,0,0,437.651,0,0,-55.8274
"MtrElec",12,24,18,"",394.222,0,0,0,0,0,0,0,0,0,0,0,0,0,0,0,0,0,0,0,0,394.222,0,0,0
"MtrElec",12,24,19,"",201.908,0,0,0,0,0,0,0,0,0,0,0,0,0,0,0,0,0,0,0,0,425.125,0,-223.217,0
"MtrElec",12,24,20,"",202.243,0,0,0,0,0,0,0,0,0,0,0,0,0,0,0,0,0,0,0,0,425.46,0,-223.217,0
"MtrElec",12,24,21,"",194.463,0,0,0,0,0,0,0,0,0,0,0,0,0,0,0,0,0,0,0,0,417.68,0,-223.217,0
"MtrElec",12,24,22,"",261.208,0,0,0,0,0,0,0,0,0,0,0,0,0,0,0,0,0,0,0,0,312.548,0,-51.3398,0
"MtrElec",12,24,23,"",263.944,0,0,0,0,0,0,0,0,0,0,0,0,0,0,0,0,0,0,0,0,263.944,0,0,0
"MtrElec",12,24,24,"",236.457,0,0,0,0,0,0,0,0,0,0,0,0,0,0,0,0,0,0,0,0,236.457,0,0,0
"MtrElec",12,25,1,"",186.612,0,0,0,0,0,0,0,0,0,0,0,0,0,0,0,0,0,0,0,0,186.612,0,0,0
"MtrElec",12,25,2,"",172.152,0,0,0,0,0,0,0,0,0,0,0,0,0,0,0,0,0,0,0,0,172.152,0,0,0
"MtrElec",12,25,3,"",166.757,0,0,0,0,0,0,0,0,0,0,0,0,0,0,0,0,0,0,0,0,166.757,0,0,0
"MtrElec",12,25,4,"",171.018,0,0,0,0,0,0,0,0,0,0,0,0,0,0,0,0,0,0,0,0,171.018,0,0,0
"MtrElec",12,25,5,"",169.005,0,0,0,0,0,0,0,0,0,0,0,0,0,0,0,0,0,0,0,0,169.005,0,0,0
"MtrElec",12,25,6,"",251.165,0,0,0,0,0,0,0,0,0,0,0,0,0,0,0,0,0,0,0,0,251.165,0,0,0
"MtrElec",12,25,7,"",238.238,0,0,0,0,0,0,0,0,0,0,0,0,0,0,0,0,0,0,0,0,238.238,0,0,0
"MtrElec",12,25,8,"",180.434,0,0,0,0,0,0,0,0,0,0,0,0,0,0,0,0,0,0,0,0,291.335,0,0,-110.902
"MtrElec",12,25,9,"",14.1958,0,0,0,0,0,0,0,0,0,0,0,0,0,0,0,0,0,0,0,0,331.143,0,0,-316.947
"MtrElec",12,25,10,"",-35.6952,0,0,0,0,0,0,0,0,0,0,0,0,0,0,0,0,0,0,0,0,423.061,0,0,-458.756
"MtrElec",12,25,11,"",0,0,0,0,0,0,0,0,0,0,0,0,0,0,0,0,0,0,0,0,0,456.377,0,99.6597,-556.037
"MtrElec",12,25,12,"",0.0000156,0,0,0,0,0,0,0,0,0,0,0,0,0,0,0,0,0,0,0,0,451.245,0,143.531,-594.777
"MtrElec",12,25,13,"",0.0000156,0,0,0,0,0,0,0,0,0,0,0,0,0,0,0,0,0,0,0,0,348.434,0,221.923,-570.357
"MtrElec",12,25,14,"",0,0,0,0,0,0,0,0,0,0,0,0,0,0,0,0,0,0,0,0,0,349.84,0,162.406,-512.246
"MtrElec",12,25,15,"",0.0000039,0,0,0,0,0,0,0,0,0,0,0,0,0,0,0,0,0,0,0,0,353.392,0,57.4664,-410.858
"MtrElec",12,25,16,"",55.6594,0,0,0,0,0,0,0,0,0,0,0,0,0,0,0,0,0,0,0,0,305.75,0,0,-250.09
"MtrElec",12,25,17,"",306.121,0,0,0,0,0,0,0,0,0,0,0,0,0,0,0,0,0,0,0,0,349.744,0,0,-43.6228
"MtrElec",12,25,18,"",397.627,0,0,0,0,0,0,0,0,0,0,0,0,0,0,0,0,0,0,0,0,397.627,0,0,0
"MtrElec",12,25,19,"",152.487,0,0,0,0,0,0,0,0,0,0,0,0,0,0,0,0,0,0,0,0,375.704,0,-223.217,0
"MtrElec",12,25,20,"",65.5727,0,0,0,0,0,0,0,0,0,0,0,0,0,0,0,0,0,0,0,0,288.79,0,-223.217,0
"MtrElec",12,25,21,"",151.176,0,0,0,0,0,0,0,0,0,0,0,0,0,0,0,0,0,0,0,0,322.943,0,-171.766,0
"MtrElec",12,25,22,"",280.138,0,0,0,0,0,0,0,0,0,0,0,0,0,0,0,0,0,0,0,0,280.138,0,0,0
"MtrElec",12,25,23,"",212.3,0,0,0,0,0,0,0,0,0,0,0,0,0,0,0,0,0,0,0,0,212.3,0,0,0
"MtrElec",12,25,24,"",232.669,0,0,0,0,0,0,0,0,0,0,0,0,0,0,0,0,0,0,0,0,232.669,0,0,0
"MtrElec",12,26,1,"",192.185,0,0,0,0,0,0,0,0,0,0,0,0,0,0,0,0,0,0,0,0,192.185,0,0,0
"MtrElec",12,26,2,"",170.975,0,0,0,0,0,0,0,0,0,0,0,0,0,0,0,0,0,0,0,0,170.975,0,0,0
"MtrElec",12,26,3,"",167.319,0,0,0,0,0,0,0,0,0,0,0,0,0,0,0,0,0,0,0,0,167.319,0,0,0
"MtrElec",12,26,4,"",172.123,0,0,0,0,0,0,0,0,0,0,0,0,0,0,0,0,0,0,0,0,172.123,0,0,0
"MtrElec",12,26,5,"",189.567,0,0,0,0,0,0,0,0,0,0,0,0,0,0,0,0,0,0,0,0,189.567,0,0,0
"MtrElec",12,26,6,"",173.276,0,0,0,0,0,0,0,0,0,0,0,0,0,0,0,0,0,0,0,0,173.276,0,0,0
"MtrElec",12,26,7,"",192.405,0,0,0,0,0,0,0,0,0,0,0,0,0,0,0,0,0,0,0,0,192.405,0,0,0
"MtrElec",12,26,8,"",277.64,0,0,0,0,0,0,0,0,0,0,0,0,0,0,0,0,0,0,0,0,281.3,0,0,-3.65981
"MtrElec",12,26,9,"",189.166,0,0,0,0,0,0,0,0,0,0,0,0,0,0,0,0,0,0,0,0,299.085,0,0,-109.918
"MtrElec",12,26,10,"",257.06,0,0,0,0,0,0,0,0,0,0,0,0,0,0,0,0,0,0,0,0,376.53,0,0,-119.47
"MtrElec",12,26,11,"",235.638,0,0,0,0,0,0,0,0,0,0,0,0,0,0,0,0,0,0,0,0,437.559,0,0,-201.921
"MtrElec",12,26,12,"",126.355,0,0,0,0,0,0,0,0,0,0,0,0,0,0,0,0,0,0,0,0,420.939,0,0,-294.584
"MtrElec",12,26,13,"",252.661,0,0,0,0,0,0,0,0,0,0,0,0,0,0,0,0,0,0,0,0,445.926,0,0,-193.265
"MtrElec",12,26,14,"",142.232,0,0,0,0,0,0,0,0,0,0,0,0,0,0,0,0,0,0,0,0,363.195,0,0,-220.963
"MtrElec",12,26,15,"",308.212,0,0,0,0,0,0,0,0,0,0,0,0,0,0,0,0,0,0,0,0,417.199,0,0,-108.987
"MtrElec",12,26,16,"",302.313,0,0,0,0,0,0,0,0,0,0,0,0,0,0,0,0,0,0,0,0,381.624,0,0,-79.3111
"MtrElec",12,26,17,"",324.237,0,0,0,0,0,0,0,0,0,0,0,0,0,0,0,0,0,0,0,0,335.917,0,0,-11.6802
"MtrElec",12,26,18,"",426.105,0,0,0,0,0,0,0,0,0,0,0,0,0,0,0,0,0,0,0,0,426.105,0,0,0
"MtrElec",12,26,19,"",408.669,0,0,0,0,0,0,0,0,0,0,0,0,0,0,0,0,0,0,0,0,408.669,0,0,0
"MtrElec",12,26,20,"",364.563,0,0,0,0,0,0,0,0,0,0,0,0,0,0,0,0,0,0,0,0,364.563,0,0,0
"MtrElec",12,26,21,"",358.879,0,0,0,0,0,0,0,0,0,0,0,0,0,0,0,0,0,0,0,0,358.879,0,0,0
"MtrElec",12,26,22,"",333.315,0,0,0,0,0,0,0,0,0,0,0,0,0,0,0,0,0,0,0,0,333.315,0,0,0
"MtrElec",12,26,23,"",216.345,0,0,0,0,0,0,0,0,0,0,0,0,0,0,0,0,0,0,0,0,216.345,0,0,0
"MtrElec",12,26,24,"",257.735,0,0,0,0,0,0,0,0,0,0,0,0,0,0,0,0,0,0,0,0,257.735,0,0,0
"MtrElec",12,27,1,"",179.486,0,0,0,0,0,0,0,0,0,0,0,0,0,0,0,0,0,0,0,0,179.486,0,0,0
"MtrElec",12,27,2,"",164.074,0,0,0,0,0,0,0,0,0,0,0,0,0,0,0,0,0,0,0,0,164.074,0,0,0
"MtrElec",12,27,3,"",159.846,0,0,0,0,0,0,0,0,0,0,0,0,0,0,0,0,0,0,0,0,159.846,0,0,0
"MtrElec",12,27,4,"",161.844,0,0,0,0,0,0,0,0,0,0,0,0,0,0,0,0,0,0,0,0,161.844,0,0,0
"MtrElec",12,27,5,"",166.206,0,0,0,0,0,0,0,0,0,0,0,0,0,0,0,0,0,0,0,0,166.206,0,0,0
"MtrElec",12,27,6,"",162.492,0,0,0,0,0,0,0,0,0,0,0,0,0,0,0,0,0,0,0,0,162.492,0,0,0
"MtrElec",12,27,7,"",207.536,0,0,0,0,0,0,0,0,0,0,0,0,0,0,0,0,0,0,0,0,207.536,0,0,0
"MtrElec",12,27,8,"",283.335,0,0,0,0,0,0,0,0,0,0,0,0,0,0,0,0,0,0,0,0,283.335,0,0,0
"MtrElec",12,27,9,"",231.321,0,0,0,0,0,0,0,0,0,0,0,0,0,0,0,0,0,0,0,0,286.408,0,0,-55.0871
"MtrElec",12,27,10,"",183.651,0,0,0,0,0,0,0,0,0,0,0,0,0,0,0,0,0,0,0,0,350.205,0,0,-166.554
"MtrElec",12,27,11,"",181.361,0,0,0,0,0,0,0,0,0,0,0,0,0,0,0,0,0,0,0,0,387.138,0,0,-205.777
"MtrElec",12,27,12,"",212.598,0,0,0,0,0,0,0,0,0,0,0,0,0,0,0,0,0,0,0,0,405.059,0,0,-192.46
"MtrElec",12,27,13,"",271.472,0,0,0,0,0,0,0,0,0,0,0,0,0,0,0,0,0,0,0,0,401.08,0,0,-129.608
"MtrElec",12,27,14,"",167.2,0,0,0,0,0,0,0,0,0,0,0,0,0,0,0,0,0,0,0,0,308.859,0,0,-141.659
"MtrElec",12,27,15,"",316.957,0,0,0,0,0,0,0,0,0,0,0,0,0,0,0,0,0,0,0,0,386.991,0,0,-70.0342
"MtrElec",12,27,16,"",298.8,0,0,0,0,0,0,0,0,0,0,0,0,0,0,0,0,0,0,0,0,339.648,0,0,-40.8482
"MtrElec",12,27,17,"",322.03,0,0,0,0,0,0,0,0,0,0,0,0,0,0,0,0,0,0,0,0,322.44,0,0,-0.410399
"MtrElec",12,27,18,"",349.952,0,0,0,0,0,0,0,0,0,0,0,0,0,0,0,0,0,0,0,0,349.952,0,0,0
"MtrElec",12,27,19,"",410.01,0,0,0,0,0,0,0,0,0,0,0,0,0,0,0,0,0,0,0,0,410.01,0,0,0
"MtrElec",12,27,20,"",316.862,0,0,0,0,0,0,0,0,0,0,0,0,0,0,0,0,0,0,0,0,316.862,0,0,0
"MtrElec",12,27,21,"",322.749,0,0,0,0,0,0,0,0,0,0,0,0,0,0,0,0,0,0,0,0,322.749,0,0,0
"MtrElec",12,27,22,"",268.268,0,0,0,0,0,0,0,0,0,0,0,0,0,0,0,0,0,0,0,0,268.268,0,0,0
"MtrElec",12,27,23,"",245.434,0,0,0,0,0,0,0,0,0,0,0,0,0,0,0,0,0,0,0,0,245.434,0,0,0
"MtrElec",12,27,24,"",205.655,0,0,0,0,0,0,0,0,0,0,0,0,0,0,0,0,0,0,0,0,205.655,0,0,0
"MtrElec",12,28,1,"",166.769,0,0,0,0,0,0,0,0,0,0,0,0,0,0,0,0,0,0,0,0,166.769,0,0,0
"MtrElec",12,28,2,"",163.835,0,0,0,0,0,0,0,0,0,0,0,0,0,0,0,0,0,0,0,0,163.835,0,0,0
"MtrElec",12,28,3,"",195.974,0,0,0,0,0,0,0,0,0,0,0,0,0,0,0,0,0,0,0,0,195.974,0,0,0
"MtrElec",12,28,4,"",169.572,0,0,0,0,0,0,0,0,0,0,0,0,0,0,0,0,0,0,0,0,169.572,0,0,0
"MtrElec",12,28,5,"",162.879,0,0,0,0,0,0,0,0,0,0,0,0,0,0,0,0,0,0,0,0,162.879,0,0,0
"MtrElec",12,28,6,"",163.635,0,0,0,0,0,0,0,0,0,0,0,0,0,0,0,0,0,0,0,0,163.635,0,0,0
"MtrElec",12,28,7,"",266.259,0,0,0,0,0,0,0,0,0,0,0,0,0,0,0,0,0,0,0,0,266.259,0,0,0
"MtrElec",12,28,8,"",320.894,0,0,0,0,0,0,0,0,0,0,0,0,0,0,0,0,0,0,0,0,320.894,0,0,0
"MtrElec",12,28,9,"",366.718,0,0,0,0,0,0,0,0,0,0,0,0,0,0,0,0,0,0,0,0,369.466,0,0,-2.74849
"MtrElec",12,28,10,"",299.926,0,0,0,0,0,0,0,0,0,0,0,0,0,0,0,0,0,0,0,0,432.25,0,0,-132.324
"MtrElec",12,28,11,"",86.7483,0,0,0,0,0,0,0,0,0,0,0,0,0,0,0,0,0,0,0,0,381.73,0,0,-294.981
"MtrElec",12,28,12,"",0,0,0,0,0,0,0,0,0,0,0,0,0,0,0,0,0,0,0,0,0,392.011,0,8.021,-400.032
"MtrElec",12,28,13,"",0.0000005,0,0,0,0,0,0,0,0,0,0,0,0,0,0,0,0,0,0,0,0,320.544,0,5.48047,-326.025
"MtrElec",12,28,14,"",164.357,0,0,0,0,0,0,0,0,0,0,0,0,0,0,0,0,0,0,0,0,371.224,0,0,-206.867
"MtrElec",12,28,15,"",256.184,0,0,0,0,0,0,0,0,0,0,0,0,0,0,0,0,0,0,0,0,324.663,0,0,-68.4796
"MtrElec",12,28,16,"",372.333,0,0,0,0,0,0,0,0,0,0,0,0,0,0,0,0,0,0,0,0,383.187,0,0,-10.8539
"MtrElec",12,28,17,"",390.513,0,0,0,0,0,0,0,0,0,0,0,0,0,0,0,0,0,0,0,0,390.513,0,0,0
"MtrElec",12,28,18,"",441.313,0,0,0,0,0,0,0,0,0,0,0,0,0,0,0,0,0,0,0,0,441.313,0,0,0
"MtrElec",12,28,19,"",402.039,0,0,0,0,0,0,0,0,0,0,0,0,0,0,0,0,0,0,0,0,414.224,0,-12.1851,0
"MtrElec",12,28,20,"",406.509,0,0,0,0,0,0,0,0,0,0,0,0,0,0,0,0,0,0,0,0,406.509,0,0,0
"MtrElec",12,28,21,"",411.647,0,0,0,0,0,0,0,0,0,0,0,0,0,0,0,0,0,0,0,0,411.647,0,0,0
"MtrElec",12,28,22,"",266.764,0,0,0,0,0,0,0,0,0,0,0,0,0,0,0,0,0,0,0,0,266.764,0,0,0
"MtrElec",12,28,23,"",330.508,0,0,0,0,0,0,0,0,0,0,0,0,0,0,0,0,0,0,0,0,330.508,0,0,0
"MtrElec",12,28,24,"",229.49,0,0,0,0,0,0,0,0,0,0,0,0,0,0,0,0,0,0,0,0,229.49,0,0,0
"MtrElec",12,29,1,"",174.562,0,0,0,0,0,0,0,0,0,0,0,0,0,0,0,0,0,0,0,0,174.562,0,0,0
"MtrElec",12,29,2,"",161.057,0,0,0,0,0,0,0,0,0,0,0,0,0,0,0,0,0,0,0,0,161.057,0,0,0
"MtrElec",12,29,3,"",157.728,0,0,0,0,0,0,0,0,0,0,0,0,0,0,0,0,0,0,0,0,157.728,0,0,0
"MtrElec",12,29,4,"",201.292,0,0,0,0,0,0,0,0,0,0,0,0,0,0,0,0,0,0,0,0,201.292,0,0,0
"MtrElec",12,29,5,"",157.268,0,0,0,0,0,0,0,0,0,0,0,0,0,0,0,0,0,0,0,0,157.268,0,0,0
"MtrElec",12,29,6,"",163.331,0,0,0,0,0,0,0,0,0,0,0,0,0,0,0,0,0,0,0,0,163.331,0,0,0
"MtrElec",12,29,7,"",261.808,0,0,0,0,0,0,0,0,0,0,0,0,0,0,0,0,0,0,0,0,261.808,0,0,0
"MtrElec",12,29,8,"",307.487,0,0,0,0,0,0,0,0,0,0,0,0,0,0,0,0,0,0,0,0,315.625,0,0,-8.13783
"MtrElec",12,29,9,"",366.483,0,0,0,0,0,0,0,0,0,0,0,0,0,0,0,0,0,0,0,0,373.087,0,0,-6.60414
"MtrElec",12,29,10,"",304.641,0,0,0,0,0,0,0,0,0,0,0,0,0,0,0,0,0,0,0,0,435.072,0,0,-130.431
"MtrElec",12,29,11,"",160.421,0,0,0,0,0,0,0,0,0,0,0,0,0,0,0,0,0,0,0,0,417.731,0,0,-257.31
"MtrElec",12,29,12,"",28.6737,0,0,0,0,0,0,0,0,0,0,0,0,0,0,0,0,0,0,0,0,400.653,0,0,-371.98
"MtrElec",12,29,13,"",248.738,0,0,0,0,0,0,0,0,0,0,0,0,0,0,0,0,0,0,0,0,419.499,0,0,-170.76
"MtrElec",12,29,14,"",242.933,0,0,0,0,0,0,0,0,0,0,0,0,0,0,0,0,0,0,0,0,309.09,0,0,-66.1572
"MtrElec",12,29,15,"",242.334,0,0,0,0,0,0,0,0,0,0,0,0,0,0,0,0,0,0,0,0,365.099,0,0,-122.765
"MtrElec",12,29,16,"",117.13,0,0,0,0,0,0,0,0,0,0,0,0,0,0,0,0,0,0,0,0,319.699,0,0,-202.57
"MtrElec",12,29,17,"",354.849,0,0,0,0,0,0,0,0,0,0,0,0,0,0,0,0,0,0,0,0,399.309,0,0,-44.4599
"MtrElec",12,29,18,"",399.633,0,0,0,0,0,0,0,0,0,0,0,0,0,0,0,0,0,0,0,0,399.633,0,0,0
"MtrElec",12,29,19,"",438.924,0,0,0,0,0,0,0,0,0,0,0,0,0,0,0,0,0,0,0,0,438.924,0,0,0
"MtrElec",12,29,20,"",381.948,0,0,0,0,0,0,0,0,0,0,0,0,0,0,0,0,0,0,0,0,381.948,0,0,0
"MtrElec",12,29,21,"",448.734,0,0,0,0,0,0,0,0,0,0,0,0,0,0,0,0,0,0,0,0,448.734,0,0,0
"MtrElec",12,29,22,"",309.262,0,0,0,0,0,0,0,0,0,0,0,0,0,0,0,0,0,0,0,0,309.262,0,0,0
"MtrElec",12,29,23,"",293.782,0,0,0,0,0,0,0,0,0,0,0,0,0,0,0,0,0,0,0,0,293.782,0,0,0
"MtrElec",12,29,24,"",238.977,0,0,0,0,0,0,0,0,0,0,0,0,0,0,0,0,0,0,0,0,238.977,0,0,0
"MtrElec",12,30,1,"",214.764,0,0,0,0,0,0,0,0,0,0,0,0,0,0,0,0,0,0,0,0,214.764,0,0,0
"MtrElec",12,30,2,"",161.103,0,0,0,0,0,0,0,0,0,0,0,0,0,0,0,0,0,0,0,0,161.103,0,0,0
"MtrElec",12,30,3,"",158.433,0,0,0,0,0,0,0,0,0,0,0,0,0,0,0,0,0,0,0,0,158.433,0,0,0
"MtrElec",12,30,4,"",159.931,0,0,0,0,0,0,0,0,0,0,0,0,0,0,0,0,0,0,0,0,159.931,0,0,0
"MtrElec",12,30,5,"",157.574,0,0,0,0,0,0,0,0,0,0,0,0,0,0,0,0,0,0,0,0,157.574,0,0,0
"MtrElec",12,30,6,"",174.091,0,0,0,0,0,0,0,0,0,0,0,0,0,0,0,0,0,0,0,0,174.091,0,0,0
"MtrElec",12,30,7,"",279.484,0,0,0,0,0,0,0,0,0,0,0,0,0,0,0,0,0,0,0,0,279.484,0,0,0
"MtrElec",12,30,8,"",233.024,0,0,0,0,0,0,0,0,0,0,0,0,0,0,0,0,0,0,0,0,331.762,0,0,-98.7378
"MtrElec",12,30,9,"",91.7356,0,0,0,0,0,0,0,0,0,0,0,0,0,0,0,0,0,0,0,0,387.943,0,0,-296.208
"MtrElec",12,30,10,"",-20.1448,0,0,0,0,0,0,0,0,0,0,0,0,0,0,0,0,0,0,0,0,436.211,0,0,-456.356
"MtrElec",12,30,11,"",0,0,0,0,0,0,0,0,0,0,0,0,0,0,0,0,0,0,0,0,0,465.825,0,91.3492,-557.175
"MtrElec",12,30,12,"",0.0000078,0,0,0,0,0,0,0,0,0,0,0,0,0,0,0,0,0,0,0,0,418.724,0,122.521,-541.245
"MtrElec",12,30,13,"",214.005,0,0,0,0,0,0,0,0,0,0,0,0,0,0,0,0,0,0,0,0,457.947,0,0,-243.942
"MtrElec",12,30,14,"",315.87,0,0,0,0,0,0,0,0,0,0,0,0,0,0,0,0,0,0,0,0,329.644,0,0,-13.7746
"MtrElec",12,30,15,"",265.751,0,0,0,0,0,0,0,0,0,0,0,0,0,0,0,0,0,0,0,0,341.149,0,0,-75.3978
"MtrElec",12,30,16,"",183.22,0,0,0,0,0,0,0,0,0,0,0,0,0,0,0,0,0,0,0,0,353.883,0,0,-170.663
"MtrElec",12,30,17,"",356.525,0,0,0,0,0,0,0,0,0,0,0,0,0,0,0,0,0,0,0,0,413.916,0,0,-57.391
"MtrElec",12,30,18,"",431.492,0,0,0,0,0,0,0,0,0,0,0,0,0,0,0,0,0,0,0,0,431.492,0,0,0
"MtrElec",12,30,19,"",197.648,0,0,0,0,0,0,0,0,0,0,0,0,0,0,0,0,0,0,0,0,390.666,0,-193.018,0
"MtrElec",12,30,20,"",421.154,0,0,0,0,0,0,0,0,0,0,0,0,0,0,0,0,0,0,0,0,421.154,0,0,0
"MtrElec",12,30,21,"",468.326,0,0,0,0,0,0,0,0,0,0,0,0,0,0,0,0,0,0,0,0,468.326,0,0,0
"MtrElec",12,30,22,"",280.595,0,0,0,0,0,0,0,0,0,0,0,0,0,0,0,0,0,0,0,0,280.595,0,0,0
"MtrElec",12,30,23,"",316.528,0,0,0,0,0,0,0,0,0,0,0,0,0,0,0,0,0,0,0,0,316.528,0,0,0
"MtrElec",12,30,24,"",270.202,0,0,0,0,0,0,0,0,0,0,0,0,0,0,0,0,0,0,0,0,270.202,0,0,0
"MtrElec",12,31,1,"",169.747,0,0,0,0,0,0,0,0,0,0,0,0,0,0,0,0,0,0,0,0,169.747,0,0,0
"MtrElec",12,31,2,"",163.44,0,0,0,0,0,0,0,0,0,0,0,0,0,0,0,0,0,0,0,0,163.44,0,0,0
"MtrElec",12,31,3,"",157.193,0,0,0,0,0,0,0,0,0,0,0,0,0,0,0,0,0,0,0,0,157.193,0,0,0
"MtrElec",12,31,4,"",164.894,0,0,0,0,0,0,0,0,0,0,0,0,0,0,0,0,0,0,0,0,164.894,0,0,0
"MtrElec",12,31,5,"",198.794,0,0,0,0,0,0,0,0,0,0,0,0,0,0,0,0,0,0,0,0,198.794,0,0,0
"MtrElec",12,31,6,"",165.519,0,0,0,0,0,0,0,0,0,0,0,0,0,0,0,0,0,0,0,0,165.519,0,0,0
"MtrElec",12,31,7,"",254.338,0,0,0,0,0,0,0,0,0,0,0,0,0,0,0,0,0,0,0,0,254.338,0,0,0
"MtrElec",12,31,8,"",311.846,0,0,0,0,0,0,0,0,0,0,0,0,0,0,0,0,0,0,0,0,311.846,0,0,0
"MtrElec",12,31,9,"",380.935,0,0,0,0,0,0,0,0,0,0,0,0,0,0,0,0,0,0,0,0,401.916,0,0,-20.981
"MtrElec",12,31,10,"",438.592,0,0,0,0,0,0,0,0,0,0,0,0,0,0,0,0,0,0,0,0,462.577,0,0,-23.9853
"MtrElec",12,31,11,"",371.89,0,0,0,0,0,0,0,0,0,0,0,0,0,0,0,0,0,0,0,0,454.395,0,0,-82.5049
"MtrElec",12,31,12,"",112.111,0,0,0,0,0,0,0,0,0,0,0,0,0,0,0,0,0,0,0,0,406.782,0,0,-294.67
"MtrElec",12,31,13,"",319.844,0,0,0,0,0,0,0,0,0,0,0,0,0,0,0,0,0,0,0,0,392.652,0,0,-72.8081
"MtrElec",12,31,14,"",243.967,0,0,0,0,0,0,0,0,0,0,0,0,0,0,0,0,0,0,0,0,357.947,0,0,-113.98
"MtrElec",12,31,15,"",162.223,0,0,0,0,0,0,0,0,0,0,0,0,0,0,0,0,0,0,0,0,363.089,0,0,-200.866
"MtrElec",12,31,16,"",99.7693,0,0,0,0,0,0,0,0,0,0,0,0,0,0,0,0,0,0,0,0,364.632,0,0,-264.862
"MtrElec",12,31,17,"",320.079,0,0,0,0,0,0,0,0,0,0,0,0,0,0,0,0,0,0,0,0,384.647,0,0,-64.5676
"MtrElec",12,31,18,"",451.668,0,0,0,0,0,0,0,0,0,0,0,0,0,0,0,0,0,0,0,0,451.668,0,0,0
"MtrElec",12,31,19,"",404.124,0,0,0,0,0,0,0,0,0,0,0,0,0,0,0,0,0,0,0,0,404.124,0,0,0
"MtrElec",12,31,20,"",458.861,0,0,0,0,0,0,0,0,0,0,0,0,0,0,0,0,0,0,0,0,458.861,0,0,0
"MtrElec",12,31,21,"",406.229,0,0,0,0,0,0,0,0,0,0,0,0,0,0,0,0,0,0,0,0,406.229,0,0,0
"MtrElec",12,31,22,"",354.538,0,0,0,0,0,0,0,0,0,0,0,0,0,0,0,0,0,0,0,0,354.538,0,0,0
"MtrElec",12,31,23,"",321.685,0,0,0,0,0,0,0,0,0,0,0,0,0,0,0,0,0,0,0,0,321.685,0,0,0
"MtrElec",12,31,24,"",229.586,0,0,0,0,0,0,0,0,0,0,0,0,0,0,0,0,0,0,0,0,229.586,0,0,0

