"MF88 Central Supply + Individual Exhaust (SZHP)  /  Proposed (PV-Batt only)  /  EX01b_MF88_CSUP_IEXH_SZHP_CZ09.cibd25x",001
"Wed 23-Sep-26   1:33:12 pm"
"Energy Use","Hour"
"Meter","Mon","Day","Hr","Subhr","Tot","Clg","Htg","HPBU","Dhw","DhwBU","DhwMFL","FanC","FanH","FanV","Fan","Aux","Proc","Lit","Rcp","Ext","Refr","Dish","Dry","Wash","Cook","User1","User2","BT","PV"
"MtrElec",1,1,1,"",240.213,0,0,0,0,0,0,0,0,0,0,0,0,0,0,0,0,0,0,0,0,240.213,0,0,0
"MtrElec",1,1,2,"",173.256,0,0,0,0,0,0,0,0,0,0,0,0,0,0,0,0,0,0,0,0,173.256,0,0,0
"MtrElec",1,1,3,"",168.526,0,0,0,0,0,0,0,0,0,0,0,0,0,0,0,0,0,0,0,0,168.526,0,0,0
"MtrElec",1,1,4,"",170.704,0,0,0,0,0,0,0,0,0,0,0,0,0,0,0,0,0,0,0,0,170.704,0,0,0
"MtrElec",1,1,5,"",170.577,0,0,0,0,0,0,0,0,0,0,0,0,0,0,0,0,0,0,0,0,170.577,0,0,0
"MtrElec",1,1,6,"",234.539,0,0,0,0,0,0,0,0,0,0,0,0,0,0,0,0,0,0,0,0,234.539,0,0,0
"MtrElec",1,1,7,"",216.536,0,0,0,0,0,0,0,0,0,0,0,0,0,0,0,0,0,0,0,0,216.536,0,0,0
"MtrElec",1,1,8,"",194.035,0,0,0,0,0,0,0,0,0,0,0,0,0,0,0,0,0,0,0,0,292.748,0,0,-98.7123
"MtrElec",1,1,9,"",110.368,0,0,0,0,0,0,0,0,0,0,0,0,0,0,0,0,0,0,0,0,409.982,0,0,-299.615
"MtrElec",1,1,10,"",-40.8151,0,0,0,0,0,0,0,0,0,0,0,0,0,0,0,0,0,0,0,0,419.055,0,0,-459.87
"MtrElec",1,1,11,"",0.0000078,0,0,0,0,0,0,0,0,0,0,0,0,0,0,0,0,0,0,0,0,443.152,0,116.861,-560.012
"MtrElec",1,1,12,"",0.0000078,0,0,0,0,0,0,0,0,0,0,0,0,0,0,0,0,0,0,0,0,516.67,0,80.7744,-597.444
"MtrElec",1,1,13,"",0,0,0,0,0,0,0,0,0,0,0,0,0,0,0,0,0,0,0,0,0,441.961,0,139.025,-580.986
"MtrElec",1,1,14,"",0,0,0,0,0,0,0,0,0,0,0,0,0,0,0,0,0,0,0,0,0,342.255,0,14.0488,-356.303
"MtrElec",1,1,15,"",63.3519,0,0,0,0,0,0,0,0,0,0,0,0,0,0,0,0,0,0,0,0,355.494,0,0,-292.142
"MtrElec",1,1,16,"",152.669,0,0,0,0,0,0,0,0,0,0,0,0,0,0,0,0,0,0,0,0,331.382,0,0,-178.713
"MtrElec",1,1,17,"",367.484,0,0,0,0,0,0,0,0,0,0,0,0,0,0,0,0,0,0,0,0,389.195,0,0,-21.7115
"MtrElec",1,1,18,"",428.606,0,0,0,0,0,0,0,0,0,0,0,0,0,0,0,0,0,0,0,0,428.606,0,0,0
"MtrElec",1,1,19,"",243.357,0,0,0,0,0,0,0,0,0,0,0,0,0,0,0,0,0,0,0,0,466.579,0,-223.222,0
"MtrElec",1,1,20,"",264.538,0,0,0,0,0,0,0,0,0,0,0,0,0,0,0,0,0,0,0,0,357.831,0,-93.2928,0
"MtrElec",1,1,21,"",336.551,0,0,0,0,0,0,0,0,0,0,0,0,0,0,0,0,0,0,0,0,336.551,0,0,0
"MtrElec",1,1,22,"",297.486,0,0,0,0,0,0,0,0,0,0,0,0,0,0,0,0,0,0,0,0,297.486,0,0,0
"MtrElec",1,1,23,"",234.67,0,0,0,0,0,0,0,0,0,0,0,0,0,0,0,0,0,0,0,0,234.67,0,0,0
"MtrElec",1,1,24,"",262.156,0,0,0,0,0,0,0,0,0,0,0,0,0,0,0,0,0,0,0,0,262.156,0,0,0
"MtrElec",1,2,1,"",174.935,0,0,0,0,0,0,0,0,0,0,0,0,0,0,0,0,0,0,0,0,174.935,0,0,0
"MtrElec",1,2,2,"",172.964,0,0,0,0,0,0,0,0,0,0,0,0,0,0,0,0,0,0,0,0,172.964,0,0,0
"MtrElec",1,2,3,"",169.771,0,0,0,0,0,0,0,0,0,0,0,0,0,0,0,0,0,0,0,0,169.771,0,0,0
"MtrElec",1,2,4,"",174.317,0,0,0,0,0,0,0,0,0,0,0,0,0,0,0,0,0,0,0,0,174.317,0,0,0
"MtrElec",1,2,5,"",176.257,0,0,0,0,0,0,0,0,0,0,0,0,0,0,0,0,0,0,0,0,176.257,0,0,0
"MtrElec",1,2,6,"",220.17,0,0,0,0,0,0,0,0,0,0,0,0,0,0,0,0,0,0,0,0,220.17,0,0,0
"MtrElec",1,2,7,"",276.181,0,0,0,0,0,0,0,0,0,0,0,0,0,0,0,0,0,0,0,0,276.181,0,0,0
"MtrElec",1,2,8,"",371.035,0,0,0,0,0,0,0,0,0,0,0,0,0,0,0,0,0,0,0,0,373.114,0,0,-2.07896
"MtrElec",1,2,9,"",355.109,0,0,0,0,0,0,0,0,0,0,0,0,0,0,0,0,0,0,0,0,404.328,0,0,-49.219
"MtrElec",1,2,10,"",381.108,0,0,0,0,0,0,0,0,0,0,0,0,0,0,0,0,0,0,0,0,433.335,0,0,-52.2267
"MtrElec",1,2,11,"",428.435,0,0,0,0,0,0,0,0,0,0,0,0,0,0,0,0,0,0,0,0,498.22,0,0,-69.7852
"MtrElec",1,2,12,"",296.607,0,0,0,0,0,0,0,0,0,0,0,0,0,0,0,0,0,0,0,0,381.873,0,0,-85.2656
"MtrElec",1,2,13,"",295.384,0,0,0,0,0,0,0,0,0,0,0,0,0,0,0,0,0,0,0,0,386.084,0,0,-90.6999
"MtrElec",1,2,14,"",322.786,0,0,0,0,0,0,0,0,0,0,0,0,0,0,0,0,0,0,0,0,367.859,0,0,-45.0732
"MtrElec",1,2,15,"",293.574,0,0,0,0,0,0,0,0,0,0,0,0,0,0,0,0,0,0,0,0,344.06,0,0,-50.4859
"MtrElec",1,2,16,"",351.336,0,0,0,0,0,0,0,0,0,0,0,0,0,0,0,0,0,0,0,0,371.637,0,0,-20.3011
"MtrElec",1,2,17,"",417.563,0,0,0,0,0,0,0,0,0,0,0,0,0,0,0,0,0,0,0,0,418.885,0,0,-1.3216
"MtrElec",1,2,18,"",411.903,0,0,0,0,0,0,0,0,0,0,0,0,0,0,0,0,0,0,0,0,411.903,0,0,0
"MtrElec",1,2,19,"",448.069,0,0,0,0,0,0,0,0,0,0,0,0,0,0,0,0,0,0,0,0,448.069,0,0,0
"MtrElec",1,2,20,"",443.442,0,0,0,0,0,0,0,0,0,0,0,0,0,0,0,0,0,0,0,0,443.442,0,0,0
"MtrElec",1,2,21,"",467.19,0,0,0,0,0,0,0,0,0,0,0,0,0,0,0,0,0,0,0,0,467.19,0,0,0
"MtrElec",1,2,22,"",367.945,0,0,0,0,0,0,0,0,0,0,0,0,0,0,0,0,0,0,0,0,367.945,0,0,0
"MtrElec",1,2,23,"",321.468,0,0,0,0,0,0,0,0,0,0,0,0,0,0,0,0,0,0,0,0,321.468,0,0,0
"MtrElec",1,2,24,"",226.805,0,0,0,0,0,0,0,0,0,0,0,0,0,0,0,0,0,0,0,0,226.805,0,0,0
"MtrElec",1,3,1,"",243.588,0,0,0,0,0,0,0,0,0,0,0,0,0,0,0,0,0,0,0,0,243.588,0,0,0
"MtrElec",1,3,2,"",178.905,0,0,0,0,0,0,0,0,0,0,0,0,0,0,0,0,0,0,0,0,178.905,0,0,0
"MtrElec",1,3,3,"",175.603,0,0,0,0,0,0,0,0,0,0,0,0,0,0,0,0,0,0,0,0,175.603,0,0,0
"MtrElec",1,3,4,"",179.217,0,0,0,0,0,0,0,0,0,0,0,0,0,0,0,0,0,0,0,0,179.217,0,0,0
"MtrElec",1,3,5,"",212.192,0,0,0,0,0,0,0,0,0,0,0,0,0,0,0,0,0,0,0,0,212.192,0,0,0
"MtrElec",1,3,6,"",233.934,0,0,0,0,0,0,0,0,0,0,0,0,0,0,0,0,0,0,0,0,233.934,0,0,0
"MtrElec",1,3,7,"",210.289,0,0,0,0,0,0,0,0,0,0,0,0,0,0,0,0,0,0,0,0,210.289,0,0,0
"MtrElec",1,3,8,"",306.096,0,0,0,0,0,0,0,0,0,0,0,0,0,0,0,0,0,0,0,0,306.096,0,0,0
"MtrElec",1,3,9,"",327.072,0,0,0,0,0,0,0,0,0,0,0,0,0,0,0,0,0,0,0,0,347.656,0,0,-20.5837
"MtrElec",1,3,10,"",402.441,0,0,0,0,0,0,0,0,0,0,0,0,0,0,0,0,0,0,0,0,456.756,0,0,-54.3144
"MtrElec",1,3,11,"",353.939,0,0,0,0,0,0,0,0,0,0,0,0,0,0,0,0,0,0,0,0,516.707,0,0,-162.768
"MtrElec",1,3,12,"",233.728,0,0,0,0,0,0,0,0,0,0,0,0,0,0,0,0,0,0,0,0,456.671,0,0,-222.943
"MtrElec",1,3,13,"",196.26,0,0,0,0,0,0,0,0,0,0,0,0,0,0,0,0,0,0,0,0,453.023,0,0,-256.763
"MtrElec",1,3,14,"",66.8368,0,0,0,0,0,0,0,0,0,0,0,0,0,0,0,0,0,0,0,0,430.022,0,0,-363.185
"MtrElec",1,3,15,"",128.665,0,0,0,0,0,0,0,0,0,0,0,0,0,0,0,0,0,0,0,0,442.101,0,0,-313.435
"MtrElec",1,3,16,"",298.802,0,0,0,0,0,0,0,0,0,0,0,0,0,0,0,0,0,0,0,0,397.006,0,0,-98.2037
"MtrElec",1,3,17,"",355.109,0,0,0,0,0,0,0,0,0,0,0,0,0,0,0,0,0,0,0,0,366.048,0,0,-10.9384
"MtrElec",1,3,18,"",445.387,0,0,0,0,0,0,0,0,0,0,0,0,0,0,0,0,0,0,0,0,445.387,0,0,0
"MtrElec",1,3,19,"",524.449,0,0,0,0,0,0,0,0,0,0,0,0,0,0,0,0,0,0,0,0,524.449,0,0,0
"MtrElec",1,3,20,"",385.592,0,0,0,0,0,0,0,0,0,0,0,0,0,0,0,0,0,0,0,0,385.592,0,0,0
"MtrElec",1,3,21,"",358.107,0,0,0,0,0,0,0,0,0,0,0,0,0,0,0,0,0,0,0,0,358.107,0,0,0
"MtrElec",1,3,22,"",373.663,0,0,0,0,0,0,0,0,0,0,0,0,0,0,0,0,0,0,0,0,373.663,0,0,0
"MtrElec",1,3,23,"",289.569,0,0,0,0,0,0,0,0,0,0,0,0,0,0,0,0,0,0,0,0,289.569,0,0,0
"MtrElec",1,3,24,"",234.864,0,0,0,0,0,0,0,0,0,0,0,0,0,0,0,0,0,0,0,0,234.864,0,0,0
"MtrElec",1,4,1,"",183.785,0,0,0,0,0,0,0,0,0,0,0,0,0,0,0,0,0,0,0,0,183.785,0,0,0
"MtrElec",1,4,2,"",178.21,0,0,0,0,0,0,0,0,0,0,0,0,0,0,0,0,0,0,0,0,178.21,0,0,0
"MtrElec",1,4,3,"",178.285,0,0,0,0,0,0,0,0,0,0,0,0,0,0,0,0,0,0,0,0,178.285,0,0,0
"MtrElec",1,4,4,"",233.319,0,0,0,0,0,0,0,0,0,0,0,0,0,0,0,0,0,0,0,0,233.319,0,0,0
"MtrElec",1,4,5,"",209.962,0,0,0,0,0,0,0,0,0,0,0,0,0,0,0,0,0,0,0,0,209.962,0,0,0
"MtrElec",1,4,6,"",188.772,0,0,0,0,0,0,0,0,0,0,0,0,0,0,0,0,0,0,0,0,188.772,0,0,0
"MtrElec",1,4,7,"",249.825,0,0,0,0,0,0,0,0,0,0,0,0,0,0,0,0,0,0,0,0,249.825,0,0,0
"MtrElec",1,4,8,"",164.147,0,0,0,0,0,0,0,0,0,0,0,0,0,0,0,0,0,0,0,0,266.758,0,0,-102.61
"MtrElec",1,4,9,"",31.6752,0,0,0,0,0,0,0,0,0,0,0,0,0,0,0,0,0,0,0,0,330.567,0,0,-298.892
"MtrElec",1,4,10,"",-19.5434,0,0,0,0,0,0,0,0,0,0,0,0,0,0,0,0,0,0,0,0,431.308,0,0,-450.852
"MtrElec",1,4,11,"",0.0000078,0,0,0,0,0,0,0,0,0,0,0,0,0,0,0,0,0,0,0,0,443.019,0,99.8627,-542.881
"MtrElec",1,4,12,"",0,0,0,0,0,0,0,0,0,0,0,0,0,0,0,0,0,0,0,0,0,413.893,0,184.918,-598.811
"MtrElec",1,4,13,"",0,0,0,0,0,0,0,0,0,0,0,0,0,0,0,0,0,0,0,0,0,466.392,0,131.765,-598.157
"MtrElec",1,4,14,"",0,0,0,0,0,0,0,0,0,0,0,0,0,0,0,0,0,0,0,0,0,409.143,0,122.124,-531.266
"MtrElec",1,4,15,"",0,0,0,0,0,0,0,0,0,0,0,0,0,0,0,0,0,0,0,0,0,406.983,0,13.0182,-420.001
"MtrElec",1,4,16,"",104.147,0,0,0,0,0,0,0,0,0,0,0,0,0,0,0,0,0,0,0,0,367.876,0,0,-263.729
"MtrElec",1,4,17,"",320.451,0,0,0,0,0,0,0,0,0,0,0,0,0,0,0,0,0,0,0,0,390.857,0,0,-70.4062
"MtrElec",1,4,18,"",379.478,0,0,0,0,0,0,0,0,0,0,0,0,0,0,0,0,0,0,0,0,379.478,0,0,0
"MtrElec",1,4,19,"",207.369,0,0,0,0,0,0,0,0,0,0,0,0,0,0,0,0,0,0,0,0,430.592,0,-223.222,0
"MtrElec",1,4,20,"",132.48,0,0,0,0,0,0,0,0,0,0,0,0,0,0,0,0,0,0,0,0,355.702,0,-223.222,0
"MtrElec",1,4,21,"",274.458,0,0,0,0,0,0,0,0,0,0,0,0,0,0,0,0,0,0,0,0,325.911,0,-51.4531,0
"MtrElec",1,4,22,"",293.689,0,0,0,0,0,0,0,0,0,0,0,0,0,0,0,0,0,0,0,0,293.689,0,0,0
"MtrElec",1,4,23,"",224.83,0,0,0,0,0,0,0,0,0,0,0,0,0,0,0,0,0,0,0,0,224.83,0,0,0
"MtrElec",1,4,24,"",202.38,0,0,0,0,0,0,0,0,0,0,0,0,0,0,0,0,0,0,0,0,202.38,0,0,0
"MtrElec",1,5,1,"",229.631,0,0,0,0,0,0,0,0,0,0,0,0,0,0,0,0,0,0,0,0,229.631,0,0,0
"MtrElec",1,5,2,"",175.156,0,0,0,0,0,0,0,0,0,0,0,0,0,0,0,0,0,0,0,0,175.156,0,0,0
"MtrElec",1,5,3,"",174.159,0,0,0,0,0,0,0,0,0,0,0,0,0,0,0,0,0,0,0,0,174.159,0,0,0
"MtrElec",1,5,4,"",177.386,0,0,0,0,0,0,0,0,0,0,0,0,0,0,0,0,0,0,0,0,177.386,0,0,0
"MtrElec",1,5,5,"",178.5,0,0,0,0,0,0,0,0,0,0,0,0,0,0,0,0,0,0,0,0,178.5,0,0,0
"MtrElec",1,5,6,"",203.686,0,0,0,0,0,0,0,0,0,0,0,0,0,0,0,0,0,0,0,0,203.686,0,0,0
"MtrElec",1,5,7,"",331.981,0,0,0,0,0,0,0,0,0,0,0,0,0,0,0,0,0,0,0,0,331.981,0,0,0
"MtrElec",1,5,8,"",335.815,0,0,0,0,0,0,0,0,0,0,0,0,0,0,0,0,0,0,0,0,357.77,0,0,-21.9544
"MtrElec",1,5,9,"",167.948,0,0,0,0,0,0,0,0,0,0,0,0,0,0,0,0,0,0,0,0,392.659,0,0,-224.711
"MtrElec",1,5,10,"",47.7549,0,0,0,0,0,0,0,0,0,0,0,0,0,0,0,0,0,0,0,0,444.298,0,0,-396.543
"MtrElec",1,5,11,"",21.2526,0,0,0,0,0,0,0,0,0,0,0,0,0,0,0,0,0,0,0,0,500.192,0,0,-478.94
"MtrElec",1,5,12,"",59.3918,0,0,0,0,0,0,0,0,0,0,0,0,0,0,0,0,0,0,0,0,468.357,0,0,-408.965
"MtrElec",1,5,13,"",160.28,0,0,0,0,0,0,0,0,0,0,0,0,0,0,0,0,0,0,0,0,484.282,0,0,-324.002
"MtrElec",1,5,14,"",0,0,0,0,0,0,0,0,0,0,0,0,0,0,0,0,0,0,0,0,0,335.651,0,67.7781,-403.429
"MtrElec",1,5,15,"",192.053,0,0,0,0,0,0,0,0,0,0,0,0,0,0,0,0,0,0,0,0,404.844,0,0,-212.79
"MtrElec",1,5,16,"",285.807,0,0,0,0,0,0,0,0,0,0,0,0,0,0,0,0,0,0,0,0,408.59,0,0,-122.783
"MtrElec",1,5,17,"",393.408,0,0,0,0,0,0,0,0,0,0,0,0,0,0,0,0,0,0,0,0,441.616,0,0,-48.2081
"MtrElec",1,5,18,"",442.186,0,0,0,0,0,0,0,0,0,0,0,0,0,0,0,0,0,0,0,0,442.186,0,0,0
"MtrElec",1,5,19,"",345.117,0,0,0,0,0,0,0,0,0,0,0,0,0,0,0,0,0,0,0,0,406.287,0,-61.1697,0
"MtrElec",1,5,20,"",434.911,0,0,0,0,0,0,0,0,0,0,0,0,0,0,0,0,0,0,0,0,434.911,0,0,0
"MtrElec",1,5,21,"",412.146,0,0,0,0,0,0,0,0,0,0,0,0,0,0,0,0,0,0,0,0,412.146,0,0,0
"MtrElec",1,5,22,"",303.794,0,0,0,0,0,0,0,0,0,0,0,0,0,0,0,0,0,0,0,0,303.794,0,0,0
"MtrElec",1,5,23,"",282.166,0,0,0,0,0,0,0,0,0,0,0,0,0,0,0,0,0,0,0,0,282.166,0,0,0
"MtrElec",1,5,24,"",208.706,0,0,0,0,0,0,0,0,0,0,0,0,0,0,0,0,0,0,0,0,208.706,0,0,0
"MtrElec",1,6,1,"",240.581,0,0,0,0,0,0,0,0,0,0,0,0,0,0,0,0,0,0,0,0,240.581,0,0,0
"MtrElec",1,6,2,"",162.263,0,0,0,0,0,0,0,0,0,0,0,0,0,0,0,0,0,0,0,0,162.263,0,0,0
"MtrElec",1,6,3,"",158.501,0,0,0,0,0,0,0,0,0,0,0,0,0,0,0,0,0,0,0,0,158.501,0,0,0
"MtrElec",1,6,4,"",158.477,0,0,0,0,0,0,0,0,0,0,0,0,0,0,0,0,0,0,0,0,158.477,0,0,0
"MtrElec",1,6,5,"",155.653,0,0,0,0,0,0,0,0,0,0,0,0,0,0,0,0,0,0,0,0,155.653,0,0,0
"MtrElec",1,6,6,"",178.124,0,0,0,0,0,0,0,0,0,0,0,0,0,0,0,0,0,0,0,0,178.124,0,0,0
"MtrElec",1,6,7,"",267.704,0,0,0,0,0,0,0,0,0,0,0,0,0,0,0,0,0,0,0,0,267.704,0,0,0
"MtrElec",1,6,8,"",298.768,0,0,0,0,0,0,0,0,0,0,0,0,0,0,0,0,0,0,0,0,349.407,0,0,-50.6383
"MtrElec",1,6,9,"",277.921,0,0,0,0,0,0,0,0,0,0,0,0,0,0,0,0,0,0,0,0,420.253,0,0,-142.332
"MtrElec",1,6,10,"",11.6111,0,0,0,0,0,0,0,0,0,0,0,0,0,0,0,0,0,0,0,0,442.906,0,0,-431.295
"MtrElec",1,6,11,"",0.0000039,0,0,0,0,0,0,0,0,0,0,0,0,0,0,0,0,0,0,0,0,473.022,0,62.8815,-535.903
"MtrElec",1,6,12,"",0,0,0,0,0,0,0,0,0,0,0,0,0,0,0,0,0,0,0,0,0,457.923,0,6.95478,-464.878
"MtrElec",1,6,13,"",192.883,0,0,0,0,0,0,0,0,0,0,0,0,0,0,0,0,0,0,0,0,452.75,0,0,-259.867
"MtrElec",1,6,14,"",0.0000039,0,0,0,0,0,0,0,0,0,0,0,0,0,0,0,0,0,0,0,0,335.772,0,33.4442,-369.216
"MtrElec",1,6,15,"",177.667,0,0,0,0,0,0,0,0,0,0,0,0,0,0,0,0,0,0,0,0,394.549,0,0,-216.882
"MtrElec",1,6,16,"",193.96,0,0,0,0,0,0,0,0,0,0,0,0,0,0,0,0,0,0,0,0,408.819,0,0,-214.858
"MtrElec",1,6,17,"",349.487,0,0,0,0,0,0,0,0,0,0,0,0,0,0,0,0,0,0,0,0,411.76,0,0,-62.2733
"MtrElec",1,6,18,"",422.106,0,0,0,0,0,0,0,0,0,0,0,0,0,0,0,0,0,0,0,0,422.106,0,0,0
"MtrElec",1,6,19,"",330.151,0,0,0,0,0,0,0,0,0,0,0,0,0,0,0,0,0,0,0,0,423.361,0,-93.2106,0
"MtrElec",1,6,20,"",454.77,0,0,0,0,0,0,0,0,0,0,0,0,0,0,0,0,0,0,0,0,454.77,0,0,0
"MtrElec",1,6,21,"",450.102,0,0,0,0,0,0,0,0,0,0,0,0,0,0,0,0,0,0,0,0,450.102,0,0,0
"MtrElec",1,6,22,"",325.122,0,0,0,0,0,0,0,0,0,0,0,0,0,0,0,0,0,0,0,0,325.122,0,0,0
"MtrElec",1,6,23,"",311.211,0,0,0,0,0,0,0,0,0,0,0,0,0,0,0,0,0,0,0,0,311.211,0,0,0
"MtrElec",1,6,24,"",229.017,0,0,0,0,0,0,0,0,0,0,0,0,0,0,0,0,0,0,0,0,229.017,0,0,0
"MtrElec",1,7,1,"",199.691,0,0,0,0,0,0,0,0,0,0,0,0,0,0,0,0,0,0,0,0,199.691,0,0,0
"MtrElec",1,7,2,"",160.305,0,0,0,0,0,0,0,0,0,0,0,0,0,0,0,0,0,0,0,0,160.305,0,0,0
"MtrElec",1,7,3,"",199.817,0,0,0,0,0,0,0,0,0,0,0,0,0,0,0,0,0,0,0,0,199.817,0,0,0
"MtrElec",1,7,4,"",163.691,0,0,0,0,0,0,0,0,0,0,0,0,0,0,0,0,0,0,0,0,163.691,0,0,0
"MtrElec",1,7,5,"",154.797,0,0,0,0,0,0,0,0,0,0,0,0,0,0,0,0,0,0,0,0,154.797,0,0,0
"MtrElec",1,7,6,"",160.21,0,0,0,0,0,0,0,0,0,0,0,0,0,0,0,0,0,0,0,0,160.21,0,0,0
"MtrElec",1,7,7,"",277.659,0,0,0,0,0,0,0,0,0,0,0,0,0,0,0,0,0,0,0,0,277.659,0,0,0
"MtrElec",1,7,8,"",272.407,0,0,0,0,0,0,0,0,0,0,0,0,0,0,0,0,0,0,0,0,324.303,0,0,-51.8955
"MtrElec",1,7,9,"",159.382,0,0,0,0,0,0,0,0,0,0,0,0,0,0,0,0,0,0,0,0,361.851,0,0,-202.469
"MtrElec",1,7,10,"",91.3477,0,0,0,0,0,0,0,0,0,0,0,0,0,0,0,0,0,0,0,0,381.709,0,0,-290.362
"MtrElec",1,7,11,"",0.0000001,0,0,0,0,0,0,0,0,0,0,0,0,0,0,0,0,0,0,0,0,415.332,0,0.739125,-416.072
"MtrElec",1,7,12,"",129.859,0,0,0,0,0,0,0,0,0,0,0,0,0,0,0,0,0,0,0,0,407.201,0,0,-277.342
"MtrElec",1,7,13,"",1.47219,0,0,0,0,0,0,0,0,0,0,0,0,0,0,0,0,0,0,0,0,381.798,0,0,-380.326
"MtrElec",1,7,14,"",0,0,0,0,0,0,0,0,0,0,0,0,0,0,0,0,0,0,0,0,0,332.516,0,175.851,-508.367
"MtrElec",1,7,15,"",48.1445,0,0,0,0,0,0,0,0,0,0,0,0,0,0,0,0,0,0,0,0,400.916,0,0,-352.772
"MtrElec",1,7,16,"",170.896,0,0,0,0,0,0,0,0,0,0,0,0,0,0,0,0,0,0,0,0,401.701,0,0,-230.805
"MtrElec",1,7,17,"",314.881,0,0,0,0,0,0,0,0,0,0,0,0,0,0,0,0,0,0,0,0,369.548,0,0,-54.6676
"MtrElec",1,7,18,"",428.411,0,0,0,0,0,0,0,0,0,0,0,0,0,0,0,0,0,0,0,0,428.411,0,0,0
"MtrElec",1,7,19,"",260.136,0,0,0,0,0,0,0,0,0,0,0,0,0,0,0,0,0,0,0,0,419.509,0,-159.373,0
"MtrElec",1,7,20,"",434.086,0,0,0,0,0,0,0,0,0,0,0,0,0,0,0,0,0,0,0,0,434.086,0,0,0
"MtrElec",1,7,21,"",411.624,0,0,0,0,0,0,0,0,0,0,0,0,0,0,0,0,0,0,0,0,411.624,0,0,0
"MtrElec",1,7,22,"",286.226,0,0,0,0,0,0,0,0,0,0,0,0,0,0,0,0,0,0,0,0,286.226,0,0,0
"MtrElec",1,7,23,"",268.318,0,0,0,0,0,0,0,0,0,0,0,0,0,0,0,0,0,0,0,0,268.318,0,0,0
"MtrElec",1,7,24,"",185.478,0,0,0,0,0,0,0,0,0,0,0,0,0,0,0,0,0,0,0,0,185.478,0,0,0
"MtrElec",1,8,1,"",170.196,0,0,0,0,0,0,0,0,0,0,0,0,0,0,0,0,0,0,0,0,170.196,0,0,0
"MtrElec",1,8,2,"",162.174,0,0,0,0,0,0,0,0,0,0,0,0,0,0,0,0,0,0,0,0,162.174,0,0,0
"MtrElec",1,8,3,"",206.406,0,0,0,0,0,0,0,0,0,0,0,0,0,0,0,0,0,0,0,0,206.406,0,0,0
"MtrElec",1,8,4,"",164.981,0,0,0,0,0,0,0,0,0,0,0,0,0,0,0,0,0,0,0,0,164.981,0,0,0
"MtrElec",1,8,5,"",167.1,0,0,0,0,0,0,0,0,0,0,0,0,0,0,0,0,0,0,0,0,167.1,0,0,0
"MtrElec",1,8,6,"",162.802,0,0,0,0,0,0,0,0,0,0,0,0,0,0,0,0,0,0,0,0,162.802,0,0,0
"MtrElec",1,8,7,"",271.95,0,0,0,0,0,0,0,0,0,0,0,0,0,0,0,0,0,0,0,0,271.95,0,0,0
"MtrElec",1,8,8,"",286.735,0,0,0,0,0,0,0,0,0,0,0,0,0,0,0,0,0,0,0,0,348.902,0,0,-62.1669
"MtrElec",1,8,9,"",382.551,0,0,0,0,0,0,0,0,0,0,0,0,0,0,0,0,0,0,0,0,429.1,0,0,-46.5496
"MtrElec",1,8,10,"",302.187,0,0,0,0,0,0,0,0,0,0,0,0,0,0,0,0,0,0,0,0,427.674,0,0,-125.488
"MtrElec",1,8,11,"",79.8685,0,0,0,0,0,0,0,0,0,0,0,0,0,0,0,0,0,0,0,0,426.934,0,0,-347.065
"MtrElec",1,8,12,"",220.673,0,0,0,0,0,0,0,0,0,0,0,0,0,0,0,0,0,0,0,0,442.674,0,0,-222.001
"MtrElec",1,8,13,"",190.938,0,0,0,0,0,0,0,0,0,0,0,0,0,0,0,0,0,0,0,0,395.614,0,0,-204.675
"MtrElec",1,8,14,"",75.887,0,0,0,0,0,0,0,0,0,0,0,0,0,0,0,0,0,0,0,0,314.397,0,0,-238.51
"MtrElec",1,8,15,"",276.803,0,0,0,0,0,0,0,0,0,0,0,0,0,0,0,0,0,0,0,0,372.094,0,0,-95.2909
"MtrElec",1,8,16,"",234.176,0,0,0,0,0,0,0,0,0,0,0,0,0,0,0,0,0,0,0,0,338.819,0,0,-104.643
"MtrElec",1,8,17,"",367.773,0,0,0,0,0,0,0,0,0,0,0,0,0,0,0,0,0,0,0,0,417.714,0,0,-49.9413
"MtrElec",1,8,18,"",375.892,0,0,0,0,0,0,0,0,0,0,0,0,0,0,0,0,0,0,0,0,375.892,0,0,0
"MtrElec",1,8,19,"",413.312,0,0,0,0,0,0,0,0,0,0,0,0,0,0,0,0,0,0,0,0,413.312,0,0,0
"MtrElec",1,8,20,"",445.762,0,0,0,0,0,0,0,0,0,0,0,0,0,0,0,0,0,0,0,0,445.762,0,0,0
"MtrElec",1,8,21,"",441.377,0,0,0,0,0,0,0,0,0,0,0,0,0,0,0,0,0,0,0,0,441.377,0,0,0
"MtrElec",1,8,22,"",307.415,0,0,0,0,0,0,0,0,0,0,0,0,0,0,0,0,0,0,0,0,307.415,0,0,0
"MtrElec",1,8,23,"",219.333,0,0,0,0,0,0,0,0,0,0,0,0,0,0,0,0,0,0,0,0,219.333,0,0,0
"MtrElec",1,8,24,"",246.325,0,0,0,0,0,0,0,0,0,0,0,0,0,0,0,0,0,0,0,0,246.325,0,0,0
"MtrElec",1,9,1,"",195.552,0,0,0,0,0,0,0,0,0,0,0,0,0,0,0,0,0,0,0,0,195.552,0,0,0
"MtrElec",1,9,2,"",162.264,0,0,0,0,0,0,0,0,0,0,0,0,0,0,0,0,0,0,0,0,162.264,0,0,0
"MtrElec",1,9,3,"",158.196,0,0,0,0,0,0,0,0,0,0,0,0,0,0,0,0,0,0,0,0,158.196,0,0,0
"MtrElec",1,9,4,"",159.505,0,0,0,0,0,0,0,0,0,0,0,0,0,0,0,0,0,0,0,0,159.505,0,0,0
"MtrElec",1,9,5,"",156.305,0,0,0,0,0,0,0,0,0,0,0,0,0,0,0,0,0,0,0,0,156.305,0,0,0
"MtrElec",1,9,6,"",210.564,0,0,0,0,0,0,0,0,0,0,0,0,0,0,0,0,0,0,0,0,210.564,0,0,0
"MtrElec",1,9,7,"",263.938,0,0,0,0,0,0,0,0,0,0,0,0,0,0,0,0,0,0,0,0,263.938,0,0,0
"MtrElec",1,9,8,"",380.185,0,0,0,0,0,0,0,0,0,0,0,0,0,0,0,0,0,0,0,0,386.06,0,0,-5.87434
"MtrElec",1,9,9,"",360.445,0,0,0,0,0,0,0,0,0,0,0,0,0,0,0,0,0,0,0,0,433.929,0,0,-73.4833
"MtrElec",1,9,10,"",256.684,0,0,0,0,0,0,0,0,0,0,0,0,0,0,0,0,0,0,0,0,485.397,0,0,-228.713
"MtrElec",1,9,11,"",0.0000078,0,0,0,0,0,0,0,0,0,0,0,0,0,0,0,0,0,0,0,0,442.35,0,66.4013,-508.751
"MtrElec",1,9,12,"",54.2318,0,0,0,0,0,0,0,0,0,0,0,0,0,0,0,0,0,0,0,0,427.64,0,0,-373.408
"MtrElec",1,9,13,"",0,0,0,0,0,0,0,0,0,0,0,0,0,0,0,0,0,0,0,0,0,457.698,0,62.4692,-520.167
"MtrElec",1,9,14,"",0,0,0,0,0,0,0,0,0,0,0,0,0,0,0,0,0,0,0,0,0,314.46,0,123.657,-438.117
"MtrElec",1,9,15,"",0,0,0,0,0,0,0,0,0,0,0,0,0,0,0,0,0,0,0,0,0,376.847,0,19.6917,-396.539
"MtrElec",1,9,16,"",121.795,0,0,0,0,0,0,0,0,0,0,0,0,0,0,0,0,0,0,0,0,386.012,0,0,-264.217
"MtrElec",1,9,17,"",310.721,0,0,0,0,0,0,0,0,0,0,0,0,0,0,0,0,0,0,0,0,385.251,0,0,-74.5303
"MtrElec",1,9,18,"",430.226,0,0,0,0,0,0,0,0,0,0,0,0,0,0,0,0,0,0,0,0,430.226,0,0,0
"MtrElec",1,9,19,"",216.299,0,0,0,0,0,0,0,0,0,0,0,0,0,0,0,0,0,0,0,0,439.521,0,-223.222,0
"MtrElec",1,9,20,"",419.806,0,0,0,0,0,0,0,0,0,0,0,0,0,0,0,0,0,0,0,0,442.261,0,-22.4551,0
"MtrElec",1,9,21,"",456.357,0,0,0,0,0,0,0,0,0,0,0,0,0,0,0,0,0,0,0,0,456.357,0,0,0
"MtrElec",1,9,22,"",328.237,0,0,0,0,0,0,0,0,0,0,0,0,0,0,0,0,0,0,0,0,328.237,0,0,0
"MtrElec",1,9,23,"",315.519,0,0,0,0,0,0,0,0,0,0,0,0,0,0,0,0,0,0,0,0,315.519,0,0,0
"MtrElec",1,9,24,"",289.484,0,0,0,0,0,0,0,0,0,0,0,0,0,0,0,0,0,0,0,0,289.484,0,0,0
"MtrElec",1,10,1,"",185.01,0,0,0,0,0,0,0,0,0,0,0,0,0,0,0,0,0,0,0,0,185.01,0,0,0
"MtrElec",1,10,2,"",169.751,0,0,0,0,0,0,0,0,0,0,0,0,0,0,0,0,0,0,0,0,169.751,0,0,0
"MtrElec",1,10,3,"",169.101,0,0,0,0,0,0,0,0,0,0,0,0,0,0,0,0,0,0,0,0,169.101,0,0,0
"MtrElec",1,10,4,"",172.122,0,0,0,0,0,0,0,0,0,0,0,0,0,0,0,0,0,0,0,0,172.122,0,0,0
"MtrElec",1,10,5,"",236.022,0,0,0,0,0,0,0,0,0,0,0,0,0,0,0,0,0,0,0,0,236.022,0,0,0
"MtrElec",1,10,6,"",173.679,0,0,0,0,0,0,0,0,0,0,0,0,0,0,0,0,0,0,0,0,173.679,0,0,0
"MtrElec",1,10,7,"",205.41,0,0,0,0,0,0,0,0,0,0,0,0,0,0,0,0,0,0,0,0,205.41,0,0,0
"MtrElec",1,10,8,"",207.534,0,0,0,0,0,0,0,0,0,0,0,0,0,0,0,0,0,0,0,0,309.151,0,0,-101.617
"MtrElec",1,10,9,"",40.3277,0,0,0,0,0,0,0,0,0,0,0,0,0,0,0,0,0,0,0,0,343.773,0,0,-303.445
"MtrElec",1,10,10,"",10.2703,0,0,0,0,0,0,0,0,0,0,0,0,0,0,0,0,0,0,0,0,470.93,0,0,-460.66
"MtrElec",1,10,11,"",0,0,0,0,0,0,0,0,0,0,0,0,0,0,0,0,0,0,0,0,0,471.588,0,74.3313,-545.92
"MtrElec",1,10,12,"",0,0,0,0,0,0,0,0,0,0,0,0,0,0,0,0,0,0,0,0,0,490.775,0,102.743,-593.518
"MtrElec",1,10,13,"",0.0000078,0,0,0,0,0,0,0,0,0,0,0,0,0,0,0,0,0,0,0,0,518.171,0,71.7918,-589.963
"MtrElec",1,10,14,"",0.0000078,0,0,0,0,0,0,0,0,0,0,0,0,0,0,0,0,0,0,0,0,412.033,0,121.934,-533.967
"MtrElec",1,10,15,"",0,0,0,0,0,0,0,0,0,0,0,0,0,0,0,0,0,0,0,0,0,432.39,0,1.29281,-433.683
"MtrElec",1,10,16,"",127.916,0,0,0,0,0,0,0,0,0,0,0,0,0,0,0,0,0,0,0,0,406.229,0,0,-278.313
"MtrElec",1,10,17,"",359.738,0,0,0,0,0,0,0,0,0,0,0,0,0,0,0,0,0,0,0,0,440.193,0,0,-80.4549
"MtrElec",1,10,18,"",455.023,0,0,0,0,0,0,0,0,0,0,0,0,0,0,0,0,0,0,0,0,455.023,0,0,0
"MtrElec",1,10,19,"",263.315,0,0,0,0,0,0,0,0,0,0,0,0,0,0,0,0,0,0,0,0,486.537,0,-223.222,0
"MtrElec",1,10,20,"",303.284,0,0,0,0,0,0,0,0,0,0,0,0,0,0,0,0,0,0,0,0,415.875,0,-112.591,0
"MtrElec",1,10,21,"",376.799,0,0,0,0,0,0,0,0,0,0,0,0,0,0,0,0,0,0,0,0,376.799,0,0,0
"MtrElec",1,10,22,"",336.553,0,0,0,0,0,0,0,0,0,0,0,0,0,0,0,0,0,0,0,0,336.553,0,0,0
"MtrElec",1,10,23,"",280.973,0,0,0,0,0,0,0,0,0,0,0,0,0,0,0,0,0,0,0,0,280.973,0,0,0
"MtrElec",1,10,24,"",230.11,0,0,0,0,0,0,0,0,0,0,0,0,0,0,0,0,0,0,0,0,230.11,0,0,0
"MtrElec",1,11,1,"",175.281,0,0,0,0,0,0,0,0,0,0,0,0,0,0,0,0,0,0,0,0,175.281,0,0,0
"MtrElec",1,11,2,"",161.771,0,0,0,0,0,0,0,0,0,0,0,0,0,0,0,0,0,0,0,0,161.771,0,0,0
"MtrElec",1,11,3,"",158.992,0,0,0,0,0,0,0,0,0,0,0,0,0,0,0,0,0,0,0,0,158.992,0,0,0
"MtrElec",1,11,4,"",208.116,0,0,0,0,0,0,0,0,0,0,0,0,0,0,0,0,0,0,0,0,208.116,0,0,0
"MtrElec",1,11,5,"",188.54,0,0,0,0,0,0,0,0,0,0,0,0,0,0,0,0,0,0,0,0,188.54,0,0,0
"MtrElec",1,11,6,"",168.164,0,0,0,0,0,0,0,0,0,0,0,0,0,0,0,0,0,0,0,0,168.164,0,0,0
"MtrElec",1,11,7,"",173.253,0,0,0,0,0,0,0,0,0,0,0,0,0,0,0,0,0,0,0,0,173.253,0,0,0
"MtrElec",1,11,8,"",209.312,0,0,0,0,0,0,0,0,0,0,0,0,0,0,0,0,0,0,0,0,246.994,0,0,-37.6814
"MtrElec",1,11,9,"",121.533,0,0,0,0,0,0,0,0,0,0,0,0,0,0,0,0,0,0,0,0,267.236,0,0,-145.702
"MtrElec",1,11,10,"",66.1731,0,0,0,0,0,0,0,0,0,0,0,0,0,0,0,0,0,0,0,0,348.884,0,0,-282.711
"MtrElec",1,11,11,"",55.3349,0,0,0,0,0,0,0,0,0,0,0,0,0,0,0,0,0,0,0,0,386.094,0,0,-330.759
"MtrElec",1,11,12,"",117.224,0,0,0,0,0,0,0,0,0,0,0,0,0,0,0,0,0,0,0,0,408.467,0,0,-291.244
"MtrElec",1,11,13,"",149.511,0,0,0,0,0,0,0,0,0,0,0,0,0,0,0,0,0,0,0,0,447.352,0,0,-297.841
"MtrElec",1,11,14,"",181.837,0,0,0,0,0,0,0,0,0,0,0,0,0,0,0,0,0,0,0,0,384.34,0,0,-202.503
"MtrElec",1,11,15,"",284.297,0,0,0,0,0,0,0,0,0,0,0,0,0,0,0,0,0,0,0,0,421.751,0,0,-137.453
"MtrElec",1,11,16,"",287.623,0,0,0,0,0,0,0,0,0,0,0,0,0,0,0,0,0,0,0,0,370.869,0,0,-83.2456
"MtrElec",1,11,17,"",319.215,0,0,0,0,0,0,0,0,0,0,0,0,0,0,0,0,0,0,0,0,342.917,0,0,-23.7018
"MtrElec",1,11,18,"",391.83,0,0,0,0,0,0,0,0,0,0,0,0,0,0,0,0,0,0,0,0,391.83,0,0,0
"MtrElec",1,11,19,"",410.136,0,0,0,0,0,0,0,0,0,0,0,0,0,0,0,0,0,0,0,0,410.136,0,0,0
"MtrElec",1,11,20,"",361.653,0,0,0,0,0,0,0,0,0,0,0,0,0,0,0,0,0,0,0,0,361.653,0,0,0
"MtrElec",1,11,21,"",277.232,0,0,0,0,0,0,0,0,0,0,0,0,0,0,0,0,0,0,0,0,277.232,0,0,0
"MtrElec",1,11,22,"",313.034,0,0,0,0,0,0,0,0,0,0,0,0,0,0,0,0,0,0,0,0,313.034,0,0,0
"MtrElec",1,11,23,"",265.903,0,0,0,0,0,0,0,0,0,0,0,0,0,0,0,0,0,0,0,0,265.903,0,0,0
"MtrElec",1,11,24,"",214.769,0,0,0,0,0,0,0,0,0,0,0,0,0,0,0,0,0,0,0,0,214.769,0,0,0
"MtrElec",1,12,1,"",173.412,0,0,0,0,0,0,0,0,0,0,0,0,0,0,0,0,0,0,0,0,173.412,0,0,0
"MtrElec",1,12,2,"",162.394,0,0,0,0,0,0,0,0,0,0,0,0,0,0,0,0,0,0,0,0,162.394,0,0,0
"MtrElec",1,12,3,"",158.269,0,0,0,0,0,0,0,0,0,0,0,0,0,0,0,0,0,0,0,0,158.269,0,0,0
"MtrElec",1,12,4,"",161.383,0,0,0,0,0,0,0,0,0,0,0,0,0,0,0,0,0,0,0,0,161.383,0,0,0
"MtrElec",1,12,5,"",206.076,0,0,0,0,0,0,0,0,0,0,0,0,0,0,0,0,0,0,0,0,206.076,0,0,0
"MtrElec",1,12,6,"",167.759,0,0,0,0,0,0,0,0,0,0,0,0,0,0,0,0,0,0,0,0,167.759,0,0,0
"MtrElec",1,12,7,"",275.279,0,0,0,0,0,0,0,0,0,0,0,0,0,0,0,0,0,0,0,0,275.279,0,0,0
"MtrElec",1,12,8,"",283.961,0,0,0,0,0,0,0,0,0,0,0,0,0,0,0,0,0,0,0,0,382.224,0,0,-98.2639
"MtrElec",1,12,9,"",88.6765,0,0,0,0,0,0,0,0,0,0,0,0,0,0,0,0,0,0,0,0,385.971,0,0,-297.295
"MtrElec",1,12,10,"",-10.5293,0,0,0,0,0,0,0,0,0,0,0,0,0,0,0,0,0,0,0,0,440.146,0,0,-450.675
"MtrElec",1,12,11,"",0,0,0,0,0,0,0,0,0,0,0,0,0,0,0,0,0,0,0,0,0,464.15,0,74.4915,-538.641
"MtrElec",1,12,12,"",0,0,0,0,0,0,0,0,0,0,0,0,0,0,0,0,0,0,0,0,0,435.345,0,139.465,-574.81
"MtrElec",1,12,13,"",0.0000156,0,0,0,0,0,0,0,0,0,0,0,0,0,0,0,0,0,0,0,0,439.142,0,132.904,-572.046
"MtrElec",1,12,14,"",0,0,0,0,0,0,0,0,0,0,0,0,0,0,0,0,0,0,0,0,0,360.281,0,160.627,-520.908
"MtrElec",1,12,15,"",0,0,0,0,0,0,0,0,0,0,0,0,0,0,0,0,0,0,0,0,0,407.983,0,17.5306,-425.513
"MtrElec",1,12,16,"",71.2981,0,0,0,0,0,0,0,0,0,0,0,0,0,0,0,0,0,0,0,0,352.167,0,0,-280.869
"MtrElec",1,12,17,"",348.319,0,0,0,0,0,0,0,0,0,0,0,0,0,0,0,0,0,0,0,0,432.833,0,0,-84.5146
"MtrElec",1,12,18,"",458.598,0,0,0,0,0,0,0,0,0,0,0,0,0,0,0,0,0,0,0,0,458.598,0,0,0
"MtrElec",1,12,19,"",244.036,0,0,0,0,0,0,0,0,0,0,0,0,0,0,0,0,0,0,0,0,467.258,0,-223.222,0
"MtrElec",1,12,20,"",222.724,0,0,0,0,0,0,0,0,0,0,0,0,0,0,0,0,0,0,0,0,445.946,0,-223.222,0
"MtrElec",1,12,21,"",406.913,0,0,0,0,0,0,0,0,0,0,0,0,0,0,0,0,0,0,0,0,434.297,0,-27.384,0
"MtrElec",1,12,22,"",337.517,0,0,0,0,0,0,0,0,0,0,0,0,0,0,0,0,0,0,0,0,337.517,0,0,0
"MtrElec",1,12,23,"",292.77,0,0,0,0,0,0,0,0,0,0,0,0,0,0,0,0,0,0,0,0,292.77,0,0,0
"MtrElec",1,12,24,"",239.197,0,0,0,0,0,0,0,0,0,0,0,0,0,0,0,0,0,0,0,0,239.197,0,0,0
"MtrElec",1,13,1,"",188.229,0,0,0,0,0,0,0,0,0,0,0,0,0,0,0,0,0,0,0,0,188.229,0,0,0
"MtrElec",1,13,2,"",207.356,0,0,0,0,0,0,0,0,0,0,0,0,0,0,0,0,0,0,0,0,207.356,0,0,0
"MtrElec",1,13,3,"",161.879,0,0,0,0,0,0,0,0,0,0,0,0,0,0,0,0,0,0,0,0,161.879,0,0,0
"MtrElec",1,13,4,"",160.192,0,0,0,0,0,0,0,0,0,0,0,0,0,0,0,0,0,0,0,0,160.192,0,0,0
"MtrElec",1,13,5,"",157.311,0,0,0,0,0,0,0,0,0,0,0,0,0,0,0,0,0,0,0,0,157.311,0,0,0
"MtrElec",1,13,6,"",192.411,0,0,0,0,0,0,0,0,0,0,0,0,0,0,0,0,0,0,0,0,192.411,0,0,0
"MtrElec",1,13,7,"",266.776,0,0,0,0,0,0,0,0,0,0,0,0,0,0,0,0,0,0,0,0,266.776,0,0,0
"MtrElec",1,13,8,"",260.178,0,0,0,0,0,0,0,0,0,0,0,0,0,0,0,0,0,0,0,0,358.046,0,0,-97.868
"MtrElec",1,13,9,"",87.9333,0,0,0,0,0,0,0,0,0,0,0,0,0,0,0,0,0,0,0,0,387.138,0,0,-299.205
"MtrElec",1,13,10,"",6.83112,0,0,0,0,0,0,0,0,0,0,0,0,0,0,0,0,0,0,0,0,449.764,0,0,-442.933
"MtrElec",1,13,11,"",0.0000078,0,0,0,0,0,0,0,0,0,0,0,0,0,0,0,0,0,0,0,0,461.086,0,68.3954,-529.481
"MtrElec",1,13,12,"",0.0000156,0,0,0,0,0,0,0,0,0,0,0,0,0,0,0,0,0,0,0,0,405.905,0,165.489,-571.393
"MtrElec",1,13,13,"",0,0,0,0,0,0,0,0,0,0,0,0,0,0,0,0,0,0,0,0,0,387.831,0,191.352,-579.182
"MtrElec",1,13,14,"",0,0,0,0,0,0,0,0,0,0,0,0,0,0,0,0,0,0,0,0,0,427.91,0,99.0247,-526.934
"MtrElec",1,13,15,"",0,0,0,0,0,0,0,0,0,0,0,0,0,0,0,0,0,0,0,0,0,413.043,0,18.2228,-431.266
"MtrElec",1,13,16,"",140.076,0,0,0,0,0,0,0,0,0,0,0,0,0,0,0,0,0,0,0,0,367.737,0,0,-227.661
"MtrElec",1,13,17,"",362.481,0,0,0,0,0,0,0,0,0,0,0,0,0,0,0,0,0,0,0,0,443.827,0,0,-81.346
"MtrElec",1,13,18,"",406.823,0,0,0,0,0,0,0,0,0,0,0,0,0,0,0,0,0,0,0,0,406.823,0,0,0
"MtrElec",1,13,19,"",216.657,0,0,0,0,0,0,0,0,0,0,0,0,0,0,0,0,0,0,0,0,439.879,0,-223.222,0
"MtrElec",1,13,20,"",240.552,0,0,0,0,0,0,0,0,0,0,0,0,0,0,0,0,0,0,0,0,463.775,0,-223.222,0
"MtrElec",1,13,21,"",372.258,0,0,0,0,0,0,0,0,0,0,0,0,0,0,0,0,0,0,0,0,415.404,0,-43.1466,0
"MtrElec",1,13,22,"",308.983,0,0,0,0,0,0,0,0,0,0,0,0,0,0,0,0,0,0,0,0,308.983,0,0,0
"MtrElec",1,13,23,"",315.323,0,0,0,0,0,0,0,0,0,0,0,0,0,0,0,0,0,0,0,0,315.323,0,0,0
"MtrElec",1,13,24,"",215.277,0,0,0,0,0,0,0,0,0,0,0,0,0,0,0,0,0,0,0,0,215.277,0,0,0
"MtrElec",1,14,1,"",229.982,0,0,0,0,0,0,0,0,0,0,0,0,0,0,0,0,0,0,0,0,229.982,0,0,0
"MtrElec",1,14,2,"",163.429,0,0,0,0,0,0,0,0,0,0,0,0,0,0,0,0,0,0,0,0,163.429,0,0,0
"MtrElec",1,14,3,"",161.811,0,0,0,0,0,0,0,0,0,0,0,0,0,0,0,0,0,0,0,0,161.811,0,0,0
"MtrElec",1,14,4,"",163.763,0,0,0,0,0,0,0,0,0,0,0,0,0,0,0,0,0,0,0,0,163.763,0,0,0
"MtrElec",1,14,5,"",158.419,0,0,0,0,0,0,0,0,0,0,0,0,0,0,0,0,0,0,0,0,158.419,0,0,0
"MtrElec",1,14,6,"",206.002,0,0,0,0,0,0,0,0,0,0,0,0,0,0,0,0,0,0,0,0,206.002,0,0,0
"MtrElec",1,14,7,"",275.307,0,0,0,0,0,0,0,0,0,0,0,0,0,0,0,0,0,0,0,0,275.307,0,0,0
"MtrElec",1,14,8,"",250.88,0,0,0,0,0,0,0,0,0,0,0,0,0,0,0,0,0,0,0,0,350.191,0,0,-99.3115
"MtrElec",1,14,9,"",92.8179,0,0,0,0,0,0,0,0,0,0,0,0,0,0,0,0,0,0,0,0,364.529,0,0,-271.711
"MtrElec",1,14,10,"",65.2554,0,0,0,0,0,0,0,0,0,0,0,0,0,0,0,0,0,0,0,0,474.383,0,0,-409.128
"MtrElec",1,14,11,"",0,0,0,0,0,0,0,0,0,0,0,0,0,0,0,0,0,0,0,0,0,456.336,0,76.363,-532.699
"MtrElec",1,14,12,"",0,0,0,0,0,0,0,0,0,0,0,0,0,0,0,0,0,0,0,0,0,451.433,0,124.52,-575.953
"MtrElec",1,14,13,"",0.0000156,0,0,0,0,0,0,0,0,0,0,0,0,0,0,0,0,0,0,0,0,421.621,0,149.639,-571.26
"MtrElec",1,14,14,"",0,0,0,0,0,0,0,0,0,0,0,0,0,0,0,0,0,0,0,0,0,433.953,0,85.7572,-519.71
"MtrElec",1,14,15,"",8.64709,0,0,0,0,0,0,0,0,0,0,0,0,0,0,0,0,0,0,0,0,435.437,0,0,-426.79
"MtrElec",1,14,16,"",142.546,0,0,0,0,0,0,0,0,0,0,0,0,0,0,0,0,0,0,0,0,407.836,0,0,-265.29
"MtrElec",1,14,17,"",413.628,0,0,0,0,0,0,0,0,0,0,0,0,0,0,0,0,0,0,0,0,480.409,0,0,-66.7808
"MtrElec",1,14,18,"",473.131,0,0,0,0,0,0,0,0,0,0,0,0,0,0,0,0,0,0,0,0,473.131,0,0,0
"MtrElec",1,14,19,"",230.077,0,0,0,0,0,0,0,0,0,0,0,0,0,0,0,0,0,0,0,0,453.299,0,-223.222,0
"MtrElec",1,14,20,"",274.724,0,0,0,0,0,0,0,0,0,0,0,0,0,0,0,0,0,0,0,0,445.243,0,-170.519,0
"MtrElec",1,14,21,"",413.698,0,0,0,0,0,0,0,0,0,0,0,0,0,0,0,0,0,0,0,0,413.698,0,0,0
"MtrElec",1,14,22,"",342.422,0,0,0,0,0,0,0,0,0,0,0,0,0,0,0,0,0,0,0,0,342.422,0,0,0
"MtrElec",1,14,23,"",316.7,0,0,0,0,0,0,0,0,0,0,0,0,0,0,0,0,0,0,0,0,316.7,0,0,0
"MtrElec",1,14,24,"",200.923,0,0,0,0,0,0,0,0,0,0,0,0,0,0,0,0,0,0,0,0,200.923,0,0,0
"MtrElec",1,15,1,"",227.298,0,0,0,0,0,0,0,0,0,0,0,0,0,0,0,0,0,0,0,0,227.298,0,0,0
"MtrElec",1,15,2,"",162.986,0,0,0,0,0,0,0,0,0,0,0,0,0,0,0,0,0,0,0,0,162.986,0,0,0
"MtrElec",1,15,3,"",163.762,0,0,0,0,0,0,0,0,0,0,0,0,0,0,0,0,0,0,0,0,163.762,0,0,0
"MtrElec",1,15,4,"",164.035,0,0,0,0,0,0,0,0,0,0,0,0,0,0,0,0,0,0,0,0,164.035,0,0,0
"MtrElec",1,15,5,"",161.46,0,0,0,0,0,0,0,0,0,0,0,0,0,0,0,0,0,0,0,0,161.46,0,0,0
"MtrElec",1,15,6,"",205.783,0,0,0,0,0,0,0,0,0,0,0,0,0,0,0,0,0,0,0,0,205.783,0,0,0
"MtrElec",1,15,7,"",245.376,0,0,0,0,0,0,0,0,0,0,0,0,0,0,0,0,0,0,0,0,245.376,0,0,0
"MtrElec",1,15,8,"",207.069,0,0,0,0,0,0,0,0,0,0,0,0,0,0,0,0,0,0,0,0,307.711,0,0,-100.641
"MtrElec",1,15,9,"",91.1028,0,0,0,0,0,0,0,0,0,0,0,0,0,0,0,0,0,0,0,0,387.984,0,0,-296.881
"MtrElec",1,15,10,"",2.15719,0,0,0,0,0,0,0,0,0,0,0,0,0,0,0,0,0,0,0,0,441.176,0,0,-439.019
"MtrElec",1,15,11,"",0,0,0,0,0,0,0,0,0,0,0,0,0,0,0,0,0,0,0,0,0,455.357,0,71.2844,-526.641
"MtrElec",1,15,12,"",0,0,0,0,0,0,0,0,0,0,0,0,0,0,0,0,0,0,0,0,0,412.415,0,154.8,-567.215
"MtrElec",1,15,13,"",0.0000078,0,0,0,0,0,0,0,0,0,0,0,0,0,0,0,0,0,0,0,0,451.863,0,110.561,-562.424
"MtrElec",1,15,14,"",0,0,0,0,0,0,0,0,0,0,0,0,0,0,0,0,0,0,0,0,0,437.412,0,87.6314,-525.044
"MtrElec",1,15,15,"",117.485,0,0,0,0,0,0,0,0,0,0,0,0,0,0,0,0,0,0,0,0,454.241,0,0,-336.756
"MtrElec",1,15,16,"",143.513,0,0,0,0,0,0,0,0,0,0,0,0,0,0,0,0,0,0,0,0,420.539,0,0,-277.026
"MtrElec",1,15,17,"",392.149,0,0,0,0,0,0,0,0,0,0,0,0,0,0,0,0,0,0,0,0,477.553,0,0,-85.4036
"MtrElec",1,15,18,"",419.676,0,0,0,0,0,0,0,0,0,0,0,0,0,0,0,0,0,0,0,0,419.676,0,0,0
"MtrElec",1,15,19,"",242.153,0,0,0,0,0,0,0,0,0,0,0,0,0,0,0,0,0,0,0,0,465.375,0,-223.222,0
"MtrElec",1,15,20,"",286.211,0,0,0,0,0,0,0,0,0,0,0,0,0,0,0,0,0,0,0,0,445.898,0,-159.688,0
"MtrElec",1,15,21,"",440.074,0,0,0,0,0,0,0,0,0,0,0,0,0,0,0,0,0,0,0,0,440.074,0,0,0
"MtrElec",1,15,22,"",274.77,0,0,0,0,0,0,0,0,0,0,0,0,0,0,0,0,0,0,0,0,274.77,0,0,0
"MtrElec",1,15,23,"",282.427,0,0,0,0,0,0,0,0,0,0,0,0,0,0,0,0,0,0,0,0,282.427,0,0,0
"MtrElec",1,15,24,"",202.774,0,0,0,0,0,0,0,0,0,0,0,0,0,0,0,0,0,0,0,0,202.774,0,0,0
"MtrElec",1,16,1,"",218.105,0,0,0,0,0,0,0,0,0,0,0,0,0,0,0,0,0,0,0,0,218.105,0,0,0
"MtrElec",1,16,2,"",160.446,0,0,0,0,0,0,0,0,0,0,0,0,0,0,0,0,0,0,0,0,160.446,0,0,0
"MtrElec",1,16,3,"",158.058,0,0,0,0,0,0,0,0,0,0,0,0,0,0,0,0,0,0,0,0,158.058,0,0,0
"MtrElec",1,16,4,"",174.979,0,0,0,0,0,0,0,0,0,0,0,0,0,0,0,0,0,0,0,0,174.979,0,0,0
"MtrElec",1,16,5,"",157.908,0,0,0,0,0,0,0,0,0,0,0,0,0,0,0,0,0,0,0,0,157.908,0,0,0
"MtrElec",1,16,6,"",202.667,0,0,0,0,0,0,0,0,0,0,0,0,0,0,0,0,0,0,0,0,202.667,0,0,0
"MtrElec",1,16,7,"",237.995,0,0,0,0,0,0,0,0,0,0,0,0,0,0,0,0,0,0,0,0,237.995,0,0,0
"MtrElec",1,16,8,"",274.705,0,0,0,0,0,0,0,0,0,0,0,0,0,0,0,0,0,0,0,0,355.101,0,0,-80.396
"MtrElec",1,16,9,"",205.945,0,0,0,0,0,0,0,0,0,0,0,0,0,0,0,0,0,0,0,0,375.049,0,0,-169.103
"MtrElec",1,16,10,"",61.4915,0,0,0,0,0,0,0,0,0,0,0,0,0,0,0,0,0,0,0,0,446.24,0,0,-384.748
"MtrElec",1,16,11,"",1.99141,0,0,0,0,0,0,0,0,0,0,0,0,0,0,0,0,0,0,0,0,461.581,0,0,-459.589
"MtrElec",1,16,12,"",0.0000039,0,0,0,0,0,0,0,0,0,0,0,0,0,0,0,0,0,0,0,0,432.84,0,38.6168,-471.457
"MtrElec",1,16,13,"",6.53594,0,0,0,0,0,0,0,0,0,0,0,0,0,0,0,0,0,0,0,0,475.738,0,0,-469.202
"MtrElec",1,16,14,"",0.0000005,0,0,0,0,0,0,0,0,0,0,0,0,0,0,0,0,0,0,0,0,420.464,0,7.46288,-427.927
"MtrElec",1,16,15,"",62.2357,0,0,0,0,0,0,0,0,0,0,0,0,0,0,0,0,0,0,0,0,406.71,0,0,-344.474
"MtrElec",1,16,16,"",219.576,0,0,0,0,0,0,0,0,0,0,0,0,0,0,0,0,0,0,0,0,432.455,0,0,-212.878
"MtrElec",1,16,17,"",401.317,0,0,0,0,0,0,0,0,0,0,0,0,0,0,0,0,0,0,0,0,470.599,0,0,-69.2815
"MtrElec",1,16,18,"",429.251,0,0,0,0,0,0,0,0,0,0,0,0,0,0,0,0,0,0,0,0,429.251,0,0,0
"MtrElec",1,16,19,"",420.741,0,0,0,0,0,0,0,0,0,0,0,0,0,0,0,0,0,0,0,0,462.328,0,-41.5869,0
"MtrElec",1,16,20,"",463.024,0,0,0,0,0,0,0,0,0,0,0,0,0,0,0,0,0,0,0,0,463.024,0,0,0
"MtrElec",1,16,21,"",427.084,0,0,0,0,0,0,0,0,0,0,0,0,0,0,0,0,0,0,0,0,427.084,0,0,0
"MtrElec",1,16,22,"",317.878,0,0,0,0,0,0,0,0,0,0,0,0,0,0,0,0,0,0,0,0,317.878,0,0,0
"MtrElec",1,16,23,"",277.932,0,0,0,0,0,0,0,0,0,0,0,0,0,0,0,0,0,0,0,0,277.932,0,0,0
"MtrElec",1,16,24,"",221.678,0,0,0,0,0,0,0,0,0,0,0,0,0,0,0,0,0,0,0,0,221.678,0,0,0
"MtrElec",1,17,1,"",171.683,0,0,0,0,0,0,0,0,0,0,0,0,0,0,0,0,0,0,0,0,171.683,0,0,0
"MtrElec",1,17,2,"",178.093,0,0,0,0,0,0,0,0,0,0,0,0,0,0,0,0,0,0,0,0,178.093,0,0,0
"MtrElec",1,17,3,"",190.571,0,0,0,0,0,0,0,0,0,0,0,0,0,0,0,0,0,0,0,0,190.571,0,0,0
"MtrElec",1,17,4,"",164.029,0,0,0,0,0,0,0,0,0,0,0,0,0,0,0,0,0,0,0,0,164.029,0,0,0
"MtrElec",1,17,5,"",177.392,0,0,0,0,0,0,0,0,0,0,0,0,0,0,0,0,0,0,0,0,177.392,0,0,0
"MtrElec",1,17,6,"",161.984,0,0,0,0,0,0,0,0,0,0,0,0,0,0,0,0,0,0,0,0,161.984,0,0,0
"MtrElec",1,17,7,"",235.005,0,0,0,0,0,0,0,0,0,0,0,0,0,0,0,0,0,0,0,0,235.005,0,0,0
"MtrElec",1,17,8,"",147.58,0,0,0,0,0,0,0,0,0,0,0,0,0,0,0,0,0,0,0,0,244.868,0,0,-97.2874
"MtrElec",1,17,9,"",62.8844,0,0,0,0,0,0,0,0,0,0,0,0,0,0,0,0,0,0,0,0,352.228,0,0,-289.344
"MtrElec",1,17,10,"",54.4871,0,0,0,0,0,0,0,0,0,0,0,0,0,0,0,0,0,0,0,0,485.616,0,0,-431.129
"MtrElec",1,17,11,"",0.0000002,0,0,0,0,0,0,0,0,0,0,0,0,0,0,0,0,0,0,0,0,520.351,0,2.68203,-523.033
"MtrElec",1,17,12,"",0.0000020,0,0,0,0,0,0,0,0,0,0,0,0,0,0,0,0,0,0,0,0,535.583,0,30.6643,-566.247
"MtrElec",1,17,13,"",6.94969,0,0,0,0,0,0,0,0,0,0,0,0,0,0,0,0,0,0,0,0,569.322,0,0,-562.373
"MtrElec",1,17,14,"",0,0,0,0,0,0,0,0,0,0,0,0,0,0,0,0,0,0,0,0,0,509.207,0,4.43344,-513.641
"MtrElec",1,17,15,"",96.2324,0,0,0,0,0,0,0,0,0,0,0,0,0,0,0,0,0,0,0,0,522.699,0,0,-426.466
"MtrElec",1,17,16,"",209.216,0,0,0,0,0,0,0,0,0,0,0,0,0,0,0,0,0,0,0,0,495.866,0,0,-286.65
"MtrElec",1,17,17,"",410.977,0,0,0,0,0,0,0,0,0,0,0,0,0,0,0,0,0,0,0,0,500.482,0,0,-89.5057
"MtrElec",1,17,18,"",505.201,0,0,0,0,0,0,0,0,0,0,0,0,0,0,0,0,0,0,0,0,505.201,0,0,0
"MtrElec",1,17,19,"",472.371,0,0,0,0,0,0,0,0,0,0,0,0,0,0,0,0,0,0,0,0,506.467,0,-34.0963,0
"MtrElec",1,17,20,"",456.804,0,0,0,0,0,0,0,0,0,0,0,0,0,0,0,0,0,0,0,0,456.804,0,0,0
"MtrElec",1,17,21,"",433.57,0,0,0,0,0,0,0,0,0,0,0,0,0,0,0,0,0,0,0,0,433.57,0,0,0
"MtrElec",1,17,22,"",358.923,0,0,0,0,0,0,0,0,0,0,0,0,0,0,0,0,0,0,0,0,358.923,0,0,0
"MtrElec",1,17,23,"",253.508,0,0,0,0,0,0,0,0,0,0,0,0,0,0,0,0,0,0,0,0,253.508,0,0,0
"MtrElec",1,17,24,"",199.035,0,0,0,0,0,0,0,0,0,0,0,0,0,0,0,0,0,0,0,0,199.035,0,0,0
"MtrElec",1,18,1,"",217.54,0,0,0,0,0,0,0,0,0,0,0,0,0,0,0,0,0,0,0,0,217.54,0,0,0
"MtrElec",1,18,2,"",161.319,0,0,0,0,0,0,0,0,0,0,0,0,0,0,0,0,0,0,0,0,161.319,0,0,0
"MtrElec",1,18,3,"",163.701,0,0,0,0,0,0,0,0,0,0,0,0,0,0,0,0,0,0,0,0,163.701,0,0,0
"MtrElec",1,18,4,"",162.415,0,0,0,0,0,0,0,0,0,0,0,0,0,0,0,0,0,0,0,0,162.415,0,0,0
"MtrElec",1,18,5,"",178.996,0,0,0,0,0,0,0,0,0,0,0,0,0,0,0,0,0,0,0,0,178.996,0,0,0
"MtrElec",1,18,6,"",162.298,0,0,0,0,0,0,0,0,0,0,0,0,0,0,0,0,0,0,0,0,162.298,0,0,0
"MtrElec",1,18,7,"",228.724,0,0,0,0,0,0,0,0,0,0,0,0,0,0,0,0,0,0,0,0,228.724,0,0,0
"MtrElec",1,18,8,"",193.005,0,0,0,0,0,0,0,0,0,0,0,0,0,0,0,0,0,0,0,0,293.127,0,0,-100.121
"MtrElec",1,18,9,"",57.1053,0,0,0,0,0,0,0,0,0,0,0,0,0,0,0,0,0,0,0,0,354.968,0,0,-297.863
"MtrElec",1,18,10,"",-37.7876,0,0,0,0,0,0,0,0,0,0,0,0,0,0,0,0,0,0,0,0,409.467,0,0,-447.255
"MtrElec",1,18,11,"",0.0000078,0,0,0,0,0,0,0,0,0,0,0,0,0,0,0,0,0,0,0,0,469.381,0,70.9475,-540.328
"MtrElec",1,18,12,"",0,0,0,0,0,0,0,0,0,0,0,0,0,0,0,0,0,0,0,0,0,420.065,0,158.762,-578.827
"MtrElec",1,18,13,"",0.0000078,0,0,0,0,0,0,0,0,0,0,0,0,0,0,0,0,0,0,0,0,435.29,0,129.982,-565.272
"MtrElec",1,18,14,"",0,0,0,0,0,0,0,0,0,0,0,0,0,0,0,0,0,0,0,0,0,489.751,0,25.6297,-515.381
"MtrElec",1,18,15,"",2.34666,0,0,0,0,0,0,0,0,0,0,0,0,0,0,0,0,0,0,0,0,433.488,0,0,-431.142
"MtrElec",1,18,16,"",150.952,0,0,0,0,0,0,0,0,0,0,0,0,0,0,0,0,0,0,0,0,438.095,0,0,-287.143
"MtrElec",1,18,17,"",336.407,0,0,0,0,0,0,0,0,0,0,0,0,0,0,0,0,0,0,0,0,433.065,0,0,-96.6586
"MtrElec",1,18,18,"",422.201,0,0,0,0,0,0,0,0,0,0,0,0,0,0,0,0,0,0,0,0,422.201,0,0,0
"MtrElec",1,18,19,"",172.931,0,0,0,0,0,0,0,0,0,0,0,0,0,0,0,0,0,0,0,0,396.153,0,-223.222,0
"MtrElec",1,18,20,"",178.152,0,0,0,0,0,0,0,0,0,0,0,0,0,0,0,0,0,0,0,0,302.682,0,-124.53,0
"MtrElec",1,18,21,"",287.941,0,0,0,0,0,0,0,0,0,0,0,0,0,0,0,0,0,0,0,0,287.941,0,0,0
"MtrElec",1,18,22,"",298.171,0,0,0,0,0,0,0,0,0,0,0,0,0,0,0,0,0,0,0,0,298.171,0,0,0
"MtrElec",1,18,23,"",262.142,0,0,0,0,0,0,0,0,0,0,0,0,0,0,0,0,0,0,0,0,262.142,0,0,0
"MtrElec",1,18,24,"",205.345,0,0,0,0,0,0,0,0,0,0,0,0,0,0,0,0,0,0,0,0,205.345,0,0,0
"MtrElec",1,19,1,"",182.01,0,0,0,0,0,0,0,0,0,0,0,0,0,0,0,0,0,0,0,0,182.01,0,0,0
"MtrElec",1,19,2,"",161.14,0,0,0,0,0,0,0,0,0,0,0,0,0,0,0,0,0,0,0,0,161.14,0,0,0
"MtrElec",1,19,3,"",158.91,0,0,0,0,0,0,0,0,0,0,0,0,0,0,0,0,0,0,0,0,158.91,0,0,0
"MtrElec",1,19,4,"",158.291,0,0,0,0,0,0,0,0,0,0,0,0,0,0,0,0,0,0,0,0,158.291,0,0,0
"MtrElec",1,19,5,"",205.765,0,0,0,0,0,0,0,0,0,0,0,0,0,0,0,0,0,0,0,0,205.765,0,0,0
"MtrElec",1,19,6,"",157.746,0,0,0,0,0,0,0,0,0,0,0,0,0,0,0,0,0,0,0,0,157.746,0,0,0
"MtrElec",1,19,7,"",224.847,0,0,0,0,0,0,0,0,0,0,0,0,0,0,0,0,0,0,0,0,224.847,0,0,0
"MtrElec",1,19,8,"",174.562,0,0,0,0,0,0,0,0,0,0,0,0,0,0,0,0,0,0,0,0,264.532,0,0,-89.9707
"MtrElec",1,19,9,"",113.495,0,0,0,0,0,0,0,0,0,0,0,0,0,0,0,0,0,0,0,0,401.152,0,0,-287.657
"MtrElec",1,19,10,"",-10.5599,0,0,0,0,0,0,0,0,0,0,0,0,0,0,0,0,0,0,0,0,414.363,0,0,-424.923
"MtrElec",1,19,11,"",0,0,0,0,0,0,0,0,0,0,0,0,0,0,0,0,0,0,0,0,0,404.977,0,73.5315,-478.508
"MtrElec",1,19,12,"",0,0,0,0,0,0,0,0,0,0,0,0,0,0,0,0,0,0,0,0,0,478.607,0,105.575,-584.182
"MtrElec",1,19,13,"",0,0,0,0,0,0,0,0,0,0,0,0,0,0,0,0,0,0,0,0,0,479.723,0,101.019,-580.742
"MtrElec",1,19,14,"",0,0,0,0,0,0,0,0,0,0,0,0,0,0,0,0,0,0,0,0,0,428.148,0,104.878,-533.026
"MtrElec",1,19,15,"",0.0000078,0,0,0,0,0,0,0,0,0,0,0,0,0,0,0,0,0,0,0,0,329.886,0,110.748,-440.633
"MtrElec",1,19,16,"",106.998,0,0,0,0,0,0,0,0,0,0,0,0,0,0,0,0,0,0,0,0,402.957,0,0,-295.959
"MtrElec",1,19,17,"",328.848,0,0,0,0,0,0,0,0,0,0,0,0,0,0,0,0,0,0,0,0,429.957,0,0,-101.109
"MtrElec",1,19,18,"",437.89,0,0,0,0,0,0,0,0,0,0,0,0,0,0,0,0,0,0,0,0,437.89,0,0,0
"MtrElec",1,19,19,"",193.202,0,0,0,0,0,0,0,0,0,0,0,0,0,0,0,0,0,0,0,0,416.424,0,-223.222,0
"MtrElec",1,19,20,"",118.95,0,0,0,0,0,0,0,0,0,0,0,0,0,0,0,0,0,0,0,0,342.173,0,-223.222,0
"MtrElec",1,19,21,"",340.52,0,0,0,0,0,0,0,0,0,0,0,0,0,0,0,0,0,0,0,0,341.49,0,-0.970591,0
"MtrElec",1,19,22,"",285.271,0,0,0,0,0,0,0,0,0,0,0,0,0,0,0,0,0,0,0,0,285.271,0,0,0
"MtrElec",1,19,23,"",221.34,0,0,0,0,0,0,0,0,0,0,0,0,0,0,0,0,0,0,0,0,221.34,0,0,0
"MtrElec",1,19,24,"",246.629,0,0,0,0,0,0,0,0,0,0,0,0,0,0,0,0,0,0,0,0,246.629,0,0,0
"MtrElec",1,20,1,"",163.591,0,0,0,0,0,0,0,0,0,0,0,0,0,0,0,0,0,0,0,0,163.591,0,0,0
"MtrElec",1,20,2,"",161.053,0,0,0,0,0,0,0,0,0,0,0,0,0,0,0,0,0,0,0,0,161.053,0,0,0
"MtrElec",1,20,3,"",156.666,0,0,0,0,0,0,0,0,0,0,0,0,0,0,0,0,0,0,0,0,156.666,0,0,0
"MtrElec",1,20,4,"",160.603,0,0,0,0,0,0,0,0,0,0,0,0,0,0,0,0,0,0,0,0,160.603,0,0,0
"MtrElec",1,20,5,"",157.946,0,0,0,0,0,0,0,0,0,0,0,0,0,0,0,0,0,0,0,0,157.946,0,0,0
"MtrElec",1,20,6,"",223.541,0,0,0,0,0,0,0,0,0,0,0,0,0,0,0,0,0,0,0,0,223.541,0,0,0
"MtrElec",1,20,7,"",264.326,0,0,0,0,0,0,0,0,0,0,0,0,0,0,0,0,0,0,0,0,264.326,0,0,0
"MtrElec",1,20,8,"",244.022,0,0,0,0,0,0,0,0,0,0,0,0,0,0,0,0,0,0,0,0,350.717,0,0,-106.694
"MtrElec",1,20,9,"",60.1076,0,0,0,0,0,0,0,0,0,0,0,0,0,0,0,0,0,0,0,0,379.215,0,0,-319.107
"MtrElec",1,20,10,"",-22.6262,0,0,0,0,0,0,0,0,0,0,0,0,0,0,0,0,0,0,0,0,446.158,0,0,-468.784
"MtrElec",1,20,11,"",0,0,0,0,0,0,0,0,0,0,0,0,0,0,0,0,0,0,0,0,0,459.663,0,101.483,-561.146
"MtrElec",1,20,12,"",0,0,0,0,0,0,0,0,0,0,0,0,0,0,0,0,0,0,0,0,0,448.973,0,156.232,-605.204
"MtrElec",1,20,13,"",0,0,0,0,0,0,0,0,0,0,0,0,0,0,0,0,0,0,0,0,0,503.478,0,109.255,-612.733
"MtrElec",1,20,14,"",0,0,0,0,0,0,0,0,0,0,0,0,0,0,0,0,0,0,0,0,0,389.721,0,170.374,-560.095
"MtrElec",1,20,15,"",0,0,0,0,0,0,0,0,0,0,0,0,0,0,0,0,0,0,0,0,0,435.764,0,16.3648,-452.129
"MtrElec",1,20,16,"",128.458,0,0,0,0,0,0,0,0,0,0,0,0,0,0,0,0,0,0,0,0,436.624,0,0,-308.167
"MtrElec",1,20,17,"",324.986,0,0,0,0,0,0,0,0,0,0,0,0,0,0,0,0,0,0,0,0,440.453,0,0,-115.467
"MtrElec",1,20,18,"",468.43,0,0,0,0,0,0,0,0,0,0,0,0,0,0,0,0,0,0,0,0,468.971,0,0,-0.540866
"MtrElec",1,20,19,"",213.095,0,0,0,0,0,0,0,0,0,0,0,0,0,0,0,0,0,0,0,0,436.317,0,-223.222,0
"MtrElec",1,20,20,"",226.477,0,0,0,0,0,0,0,0,0,0,0,0,0,0,0,0,0,0,0,0,449.7,0,-223.222,0
"MtrElec",1,20,21,"",377.662,0,0,0,0,0,0,0,0,0,0,0,0,0,0,0,0,0,0,0,0,430.94,0,-53.2776,0
"MtrElec",1,20,22,"",336.004,0,0,0,0,0,0,0,0,0,0,0,0,0,0,0,0,0,0,0,0,336.004,0,0,0
"MtrElec",1,20,23,"",263.123,0,0,0,0,0,0,0,0,0,0,0,0,0,0,0,0,0,0,0,0,263.123,0,0,0
"MtrElec",1,20,24,"",268.982,0,0,0,0,0,0,0,0,0,0,0,0,0,0,0,0,0,0,0,0,268.982,0,0,0
"MtrElec",1,21,1,"",170.412,0,0,0,0,0,0,0,0,0,0,0,0,0,0,0,0,0,0,0,0,170.412,0,0,0
"MtrElec",1,21,2,"",162.513,0,0,0,0,0,0,0,0,0,0,0,0,0,0,0,0,0,0,0,0,162.513,0,0,0
"MtrElec",1,21,3,"",156.065,0,0,0,0,0,0,0,0,0,0,0,0,0,0,0,0,0,0,0,0,156.065,0,0,0
"MtrElec",1,21,4,"",160.748,0,0,0,0,0,0,0,0,0,0,0,0,0,0,0,0,0,0,0,0,160.748,0,0,0
"MtrElec",1,21,5,"",152.123,0,0,0,0,0,0,0,0,0,0,0,0,0,0,0,0,0,0,0,0,152.123,0,0,0
"MtrElec",1,21,6,"",207.513,0,0,0,0,0,0,0,0,0,0,0,0,0,0,0,0,0,0,0,0,207.513,0,0,0
"MtrElec",1,21,7,"",263.375,0,0,0,0,0,0,0,0,0,0,0,0,0,0,0,0,0,0,0,0,263.375,0,0,0
"MtrElec",1,21,8,"",199.709,0,0,0,0,0,0,0,0,0,0,0,0,0,0,0,0,0,0,0,0,307.419,0,0,-107.71
"MtrElec",1,21,9,"",51.1526,0,0,0,0,0,0,0,0,0,0,0,0,0,0,0,0,0,0,0,0,366.092,0,0,-314.939
"MtrElec",1,21,10,"",-59.2238,0,0,0,0,0,0,0,0,0,0,0,0,0,0,0,0,0,0,0,0,405.891,0,0,-465.115
"MtrElec",1,21,11,"",0,0,0,0,0,0,0,0,0,0,0,0,0,0,0,0,0,0,0,0,0,445.168,0,106.979,-552.148
"MtrElec",1,21,12,"",0,0,0,0,0,0,0,0,0,0,0,0,0,0,0,0,0,0,0,0,0,412.712,0,184.76,-597.472
"MtrElec",1,21,13,"",0,0,0,0,0,0,0,0,0,0,0,0,0,0,0,0,0,0,0,0,0,446.499,0,148.428,-594.927
"MtrElec",1,21,14,"",0.0000078,0,0,0,0,0,0,0,0,0,0,0,0,0,0,0,0,0,0,0,0,415.663,0,130.218,-545.882
"MtrElec",1,21,15,"",0.0000039,0,0,0,0,0,0,0,0,0,0,0,0,0,0,0,0,0,0,0,0,407.689,0,55.9358,-463.625
"MtrElec",1,21,16,"",88.0438,0,0,0,0,0,0,0,0,0,0,0,0,0,0,0,0,0,0,0,0,403.902,0,0,-315.858
"MtrElec",1,21,17,"",323.681,0,0,0,0,0,0,0,0,0,0,0,0,0,0,0,0,0,0,0,0,442.268,0,0,-118.587
"MtrElec",1,21,18,"",392.925,0,0,0,0,0,0,0,0,0,0,0,0,0,0,0,0,0,0,0,0,393.686,0,0,-0.761111
"MtrElec",1,21,19,"",219.909,0,0,0,0,0,0,0,0,0,0,0,0,0,0,0,0,0,0,0,0,443.131,0,-223.222,0
"MtrElec",1,21,20,"",218.534,0,0,0,0,0,0,0,0,0,0,0,0,0,0,0,0,0,0,0,0,441.756,0,-223.222,0
"MtrElec",1,21,21,"",241.471,0,0,0,0,0,0,0,0,0,0,0,0,0,0,0,0,0,0,0,0,360.281,0,-118.81,0
"MtrElec",1,21,22,"",327.609,0,0,0,0,0,0,0,0,0,0,0,0,0,0,0,0,0,0,0,0,327.609,0,0,0
"MtrElec",1,21,23,"",309.042,0,0,0,0,0,0,0,0,0,0,0,0,0,0,0,0,0,0,0,0,309.042,0,0,0
"MtrElec",1,21,24,"",238.4,0,0,0,0,0,0,0,0,0,0,0,0,0,0,0,0,0,0,0,0,238.4,0,0,0
"MtrElec",1,22,1,"",161.858,0,0,0,0,0,0,0,0,0,0,0,0,0,0,0,0,0,0,0,0,161.858,0,0,0
"MtrElec",1,22,2,"",166.612,0,0,0,0,0,0,0,0,0,0,0,0,0,0,0,0,0,0,0,0,166.612,0,0,0
"MtrElec",1,22,3,"",157.727,0,0,0,0,0,0,0,0,0,0,0,0,0,0,0,0,0,0,0,0,157.727,0,0,0
"MtrElec",1,22,4,"",158.501,0,0,0,0,0,0,0,0,0,0,0,0,0,0,0,0,0,0,0,0,158.501,0,0,0
"MtrElec",1,22,5,"",200.599,0,0,0,0,0,0,0,0,0,0,0,0,0,0,0,0,0,0,0,0,200.599,0,0,0
"MtrElec",1,22,6,"",169.682,0,0,0,0,0,0,0,0,0,0,0,0,0,0,0,0,0,0,0,0,169.682,0,0,0
"MtrElec",1,22,7,"",294.419,0,0,0,0,0,0,0,0,0,0,0,0,0,0,0,0,0,0,0,0,294.419,0,0,0
"MtrElec",1,22,8,"",272.612,0,0,0,0,0,0,0,0,0,0,0,0,0,0,0,0,0,0,0,0,375.837,0,0,-103.225
"MtrElec",1,22,9,"",86.4513,0,0,0,0,0,0,0,0,0,0,0,0,0,0,0,0,0,0,0,0,392.021,0,0,-305.569
"MtrElec",1,22,10,"",-24.6448,0,0,0,0,0,0,0,0,0,0,0,0,0,0,0,0,0,0,0,0,441.882,0,0,-466.527
"MtrElec",1,22,11,"",0,0,0,0,0,0,0,0,0,0,0,0,0,0,0,0,0,0,0,0,0,464.966,0,100.073,-565.038
"MtrElec",1,22,12,"",0,0,0,0,0,0,0,0,0,0,0,0,0,0,0,0,0,0,0,0,0,414.346,0,190.462,-604.809
"MtrElec",1,22,13,"",0.0000156,0,0,0,0,0,0,0,0,0,0,0,0,0,0,0,0,0,0,0,0,382.788,0,209.741,-592.529
"MtrElec",1,22,14,"",0,0,0,0,0,0,0,0,0,0,0,0,0,0,0,0,0,0,0,0,0,419.615,0,122.588,-542.202
"MtrElec",1,22,15,"",0,0,0,0,0,0,0,0,0,0,0,0,0,0,0,0,0,0,0,0,0,359.834,0,84.3507,-444.185
"MtrElec",1,22,16,"",108.383,0,0,0,0,0,0,0,0,0,0,0,0,0,0,0,0,0,0,0,0,407.597,0,0,-299.215
"MtrElec",1,22,17,"",284.955,0,0,0,0,0,0,0,0,0,0,0,0,0,0,0,0,0,0,0,0,394.768,0,0,-109.812
"MtrElec",1,22,18,"",419.089,0,0,0,0,0,0,0,0,0,0,0,0,0,0,0,0,0,0,0,0,419.089,0,0,0
"MtrElec",1,22,19,"",190.377,0,0,0,0,0,0,0,0,0,0,0,0,0,0,0,0,0,0,0,0,413.599,0,-223.222,0
"MtrElec",1,22,20,"",225.409,0,0,0,0,0,0,0,0,0,0,0,0,0,0,0,0,0,0,0,0,448.632,0,-223.222,0
"MtrElec",1,22,21,"",197.683,0,0,0,0,0,0,0,0,0,0,0,0,0,0,0,0,0,0,0,0,389.499,0,-191.817,0
"MtrElec",1,22,22,"",291.061,0,0,0,0,0,0,0,0,0,0,0,0,0,0,0,0,0,0,0,0,291.061,0,0,0
"MtrElec",1,22,23,"",316.429,0,0,0,0,0,0,0,0,0,0,0,0,0,0,0,0,0,0,0,0,316.429,0,0,0
"MtrElec",1,22,24,"",211.032,0,0,0,0,0,0,0,0,0,0,0,0,0,0,0,0,0,0,0,0,211.032,0,0,0
"MtrElec",1,23,1,"",188.77,0,0,0,0,0,0,0,0,0,0,0,0,0,0,0,0,0,0,0,0,188.77,0,0,0
"MtrElec",1,23,2,"",163.957,0,0,0,0,0,0,0,0,0,0,0,0,0,0,0,0,0,0,0,0,163.957,0,0,0
"MtrElec",1,23,3,"",201.276,0,0,0,0,0,0,0,0,0,0,0,0,0,0,0,0,0,0,0,0,201.276,0,0,0
"MtrElec",1,23,4,"",157.059,0,0,0,0,0,0,0,0,0,0,0,0,0,0,0,0,0,0,0,0,157.059,0,0,0
"MtrElec",1,23,5,"",160.791,0,0,0,0,0,0,0,0,0,0,0,0,0,0,0,0,0,0,0,0,160.791,0,0,0
"MtrElec",1,23,6,"",164.779,0,0,0,0,0,0,0,0,0,0,0,0,0,0,0,0,0,0,0,0,164.779,0,0,0
"MtrElec",1,23,7,"",336.745,0,0,0,0,0,0,0,0,0,0,0,0,0,0,0,0,0,0,0,0,336.745,0,0,0
"MtrElec",1,23,8,"",267.861,0,0,0,0,0,0,0,0,0,0,0,0,0,0,0,0,0,0,0,0,378.659,0,0,-110.798
"MtrElec",1,23,9,"",109.776,0,0,0,0,0,0,0,0,0,0,0,0,0,0,0,0,0,0,0,0,435.034,0,0,-325.258
"MtrElec",1,23,10,"",-40.1063,0,0,0,0,0,0,0,0,0,0,0,0,0,0,0,0,0,0,0,0,439.821,0,0,-479.928
"MtrElec",1,23,11,"",0,0,0,0,0,0,0,0,0,0,0,0,0,0,0,0,0,0,0,0,0,433.632,0,145.706,-579.338
"MtrElec",1,23,12,"",0.0000156,0,0,0,0,0,0,0,0,0,0,0,0,0,0,0,0,0,0,0,0,442.128,0,183.386,-625.514
"MtrElec",1,23,13,"",0,0,0,0,0,0,0,0,0,0,0,0,0,0,0,0,0,0,0,0,0,533.072,0,89.9788,-623.051
"MtrElec",1,23,14,"",0,0,0,0,0,0,0,0,0,0,0,0,0,0,0,0,0,0,0,0,0,367.685,0,210.745,-578.431
"MtrElec",1,23,15,"",0,0,0,0,0,0,0,0,0,0,0,0,0,0,0,0,0,0,0,0,0,430.51,0,48.2716,-478.781
"MtrElec",1,23,16,"",124.85,0,0,0,0,0,0,0,0,0,0,0,0,0,0,0,0,0,0,0,0,425.429,0,0,-300.579
"MtrElec",1,23,17,"",350.516,0,0,0,0,0,0,0,0,0,0,0,0,0,0,0,0,0,0,0,0,428.718,0,0,-78.202
"MtrElec",1,23,18,"",466.979,0,0,0,0,0,0,0,0,0,0,0,0,0,0,0,0,0,0,0,0,466.979,0,0,0
"MtrElec",1,23,19,"",287.63,0,0,0,0,0,0,0,0,0,0,0,0,0,0,0,0,0,0,0,0,510.852,0,-223.222,0
"MtrElec",1,23,20,"",218.752,0,0,0,0,0,0,0,0,0,0,0,0,0,0,0,0,0,0,0,0,441.974,0,-223.222,0
"MtrElec",1,23,21,"",306.895,0,0,0,0,0,0,0,0,0,0,0,0,0,0,0,0,0,0,0,0,472.424,0,-165.529,0
"MtrElec",1,23,22,"",286.592,0,0,0,0,0,0,0,0,0,0,0,0,0,0,0,0,0,0,0,0,286.592,0,0,0
"MtrElec",1,23,23,"",295.421,0,0,0,0,0,0,0,0,0,0,0,0,0,0,0,0,0,0,0,0,295.421,0,0,0
"MtrElec",1,23,24,"",200.593,0,0,0,0,0,0,0,0,0,0,0,0,0,0,0,0,0,0,0,0,200.593,0,0,0
"MtrElec",1,24,1,"",209.953,0,0,0,0,0,0,0,0,0,0,0,0,0,0,0,0,0,0,0,0,209.953,0,0,0
"MtrElec",1,24,2,"",161.007,0,0,0,0,0,0,0,0,0,0,0,0,0,0,0,0,0,0,0,0,161.007,0,0,0
"MtrElec",1,24,3,"",156.901,0,0,0,0,0,0,0,0,0,0,0,0,0,0,0,0,0,0,0,0,156.901,0,0,0
"MtrElec",1,24,4,"",165.056,0,0,0,0,0,0,0,0,0,0,0,0,0,0,0,0,0,0,0,0,165.056,0,0,0
"MtrElec",1,24,5,"",175.922,0,0,0,0,0,0,0,0,0,0,0,0,0,0,0,0,0,0,0,0,175.922,0,0,0
"MtrElec",1,24,6,"",167.201,0,0,0,0,0,0,0,0,0,0,0,0,0,0,0,0,0,0,0,0,167.201,0,0,0
"MtrElec",1,24,7,"",248.615,0,0,0,0,0,0,0,0,0,0,0,0,0,0,0,0,0,0,0,0,248.615,0,0,0
"MtrElec",1,24,8,"",119.988,0,0,0,0,0,0,0,0,0,0,0,0,0,0,0,0,0,0,0,0,226.072,0,0,-106.084
"MtrElec",1,24,9,"",39.7633,0,0,0,0,0,0,0,0,0,0,0,0,0,0,0,0,0,0,0,0,347.257,0,0,-307.494
"MtrElec",1,24,10,"",-13.9304,0,0,0,0,0,0,0,0,0,0,0,0,0,0,0,0,0,0,0,0,443.739,0,0,-457.669
"MtrElec",1,24,11,"",0,0,0,0,0,0,0,0,0,0,0,0,0,0,0,0,0,0,0,0,0,492.761,0,56.0893,-548.85
"MtrElec",1,24,12,"",0,0,0,0,0,0,0,0,0,0,0,0,0,0,0,0,0,0,0,0,0,532.229,0,60.8724,-593.101
"MtrElec",1,24,13,"",0,0,0,0,0,0,0,0,0,0,0,0,0,0,0,0,0,0,0,0,0,451.621,0,139.393,-591.013
"MtrElec",1,24,14,"",0,0,0,0,0,0,0,0,0,0,0,0,0,0,0,0,0,0,0,0,0,455.521,0,95.6586,-551.179
"MtrElec",1,24,15,"",25.3923,0,0,0,0,0,0,0,0,0,0,0,0,0,0,0,0,0,0,0,0,479.474,0,0,-454.082
"MtrElec",1,24,16,"",208.345,0,0,0,0,0,0,0,0,0,0,0,0,0,0,0,0,0,0,0,0,448.188,0,0,-239.842
"MtrElec",1,24,17,"",331.184,0,0,0,0,0,0,0,0,0,0,0,0,0,0,0,0,0,0,0,0,449.652,0,0,-118.468
"MtrElec",1,24,18,"",452.681,0,0,0,0,0,0,0,0,0,0,0,0,0,0,0,0,0,0,0,0,453.613,0,0,-0.93262
"MtrElec",1,24,19,"",210.495,0,0,0,0,0,0,0,0,0,0,0,0,0,0,0,0,0,0,0,0,433.717,0,-223.222,0
"MtrElec",1,24,20,"",327.343,0,0,0,0,0,0,0,0,0,0,0,0,0,0,0,0,0,0,0,0,421.812,0,-94.4693,0
"MtrElec",1,24,21,"",323.402,0,0,0,0,0,0,0,0,0,0,0,0,0,0,0,0,0,0,0,0,323.402,0,0,0
"MtrElec",1,24,22,"",338.476,0,0,0,0,0,0,0,0,0,0,0,0,0,0,0,0,0,0,0,0,338.476,0,0,0
"MtrElec",1,24,23,"",282.988,0,0,0,0,0,0,0,0,0,0,0,0,0,0,0,0,0,0,0,0,282.988,0,0,0
"MtrElec",1,24,24,"",239.389,0,0,0,0,0,0,0,0,0,0,0,0,0,0,0,0,0,0,0,0,239.389,0,0,0
"MtrElec",1,25,1,"",213.592,0,0,0,0,0,0,0,0,0,0,0,0,0,0,0,0,0,0,0,0,213.592,0,0,0
"MtrElec",1,25,2,"",168.874,0,0,0,0,0,0,0,0,0,0,0,0,0,0,0,0,0,0,0,0,168.874,0,0,0
"MtrElec",1,25,3,"",157.061,0,0,0,0,0,0,0,0,0,0,0,0,0,0,0,0,0,0,0,0,157.061,0,0,0
"MtrElec",1,25,4,"",160.529,0,0,0,0,0,0,0,0,0,0,0,0,0,0,0,0,0,0,0,0,160.529,0,0,0
"MtrElec",1,25,5,"",175.28,0,0,0,0,0,0,0,0,0,0,0,0,0,0,0,0,0,0,0,0,175.28,0,0,0
"MtrElec",1,25,6,"",205.409,0,0,0,0,0,0,0,0,0,0,0,0,0,0,0,0,0,0,0,0,205.409,0,0,0
"MtrElec",1,25,7,"",177.142,0,0,0,0,0,0,0,0,0,0,0,0,0,0,0,0,0,0,0,0,177.142,0,0,0
"MtrElec",1,25,8,"",199.4,0,0,0,0,0,0,0,0,0,0,0,0,0,0,0,0,0,0,0,0,236.417,0,0,-37.0176
"MtrElec",1,25,9,"",38.4858,0,0,0,0,0,0,0,0,0,0,0,0,0,0,0,0,0,0,0,0,270.845,0,0,-232.359
"MtrElec",1,25,10,"",20.9785,0,0,0,0,0,0,0,0,0,0,0,0,0,0,0,0,0,0,0,0,365.853,0,0,-344.875
"MtrElec",1,25,11,"",12.0006,0,0,0,0,0,0,0,0,0,0,0,0,0,0,0,0,0,0,0,0,513.52,0,0,-501.52
"MtrElec",1,25,12,"",0,0,0,0,0,0,0,0,0,0,0,0,0,0,0,0,0,0,0,0,0,404.397,0,165.43,-569.827
"MtrElec",1,25,13,"",0,0,0,0,0,0,0,0,0,0,0,0,0,0,0,0,0,0,0,0,0,388.424,0,159.435,-547.859
"MtrElec",1,25,14,"",0,0,0,0,0,0,0,0,0,0,0,0,0,0,0,0,0,0,0,0,0,398.903,0,151.503,-550.406
"MtrElec",1,25,15,"",0,0,0,0,0,0,0,0,0,0,0,0,0,0,0,0,0,0,0,0,0,416.957,0,44.3592,-461.316
"MtrElec",1,25,16,"",73.1934,0,0,0,0,0,0,0,0,0,0,0,0,0,0,0,0,0,0,0,0,383.821,0,0,-310.628
"MtrElec",1,25,17,"",248.237,0,0,0,0,0,0,0,0,0,0,0,0,0,0,0,0,0,0,0,0,363.953,0,0,-115.716
"MtrElec",1,25,18,"",382.178,0,0,0,0,0,0,0,0,0,0,0,0,0,0,0,0,0,0,0,0,382.777,0,0,-0.599246
"MtrElec",1,25,19,"",190.878,0,0,0,0,0,0,0,0,0,0,0,0,0,0,0,0,0,0,0,0,414.101,0,-223.222,0
"MtrElec",1,25,20,"",137.823,0,0,0,0,0,0,0,0,0,0,0,0,0,0,0,0,0,0,0,0,361.045,0,-223.222,0
"MtrElec",1,25,21,"",261.453,0,0,0,0,0,0,0,0,0,0,0,0,0,0,0,0,0,0,0,0,284.965,0,-23.5118,0
"MtrElec",1,25,22,"",331.829,0,0,0,0,0,0,0,0,0,0,0,0,0,0,0,0,0,0,0,0,331.829,0,0,0
"MtrElec",1,25,23,"",270.557,0,0,0,0,0,0,0,0,0,0,0,0,0,0,0,0,0,0,0,0,270.557,0,0,0
"MtrElec",1,25,24,"",226.361,0,0,0,0,0,0,0,0,0,0,0,0,0,0,0,0,0,0,0,0,226.361,0,0,0
"MtrElec",1,26,1,"",174.128,0,0,0,0,0,0,0,0,0,0,0,0,0,0,0,0,0,0,0,0,174.128,0,0,0
"MtrElec",1,26,2,"",162.644,0,0,0,0,0,0,0,0,0,0,0,0,0,0,0,0,0,0,0,0,162.644,0,0,0
"MtrElec",1,26,3,"",157.135,0,0,0,0,0,0,0,0,0,0,0,0,0,0,0,0,0,0,0,0,157.135,0,0,0
"MtrElec",1,26,4,"",164.01,0,0,0,0,0,0,0,0,0,0,0,0,0,0,0,0,0,0,0,0,164.01,0,0,0
"MtrElec",1,26,5,"",205.657,0,0,0,0,0,0,0,0,0,0,0,0,0,0,0,0,0,0,0,0,205.657,0,0,0
"MtrElec",1,26,6,"",165.974,0,0,0,0,0,0,0,0,0,0,0,0,0,0,0,0,0,0,0,0,165.974,0,0,0
"MtrElec",1,26,7,"",332.966,0,0,0,0,0,0,0,0,0,0,0,0,0,0,0,0,0,0,0,0,332.966,0,0,0
"MtrElec",1,26,8,"",281.578,0,0,0,0,0,0,0,0,0,0,0,0,0,0,0,0,0,0,0,0,343.814,0,0,-62.236
"MtrElec",1,26,9,"",164.064,0,0,0,0,0,0,0,0,0,0,0,0,0,0,0,0,0,0,0,0,442.152,0,0,-278.088
"MtrElec",1,26,10,"",53.8496,0,0,0,0,0,0,0,0,0,0,0,0,0,0,0,0,0,0,0,0,440.988,0,0,-387.139
"MtrElec",1,26,11,"",0.82825,0,0,0,0,0,0,0,0,0,0,0,0,0,0,0,0,0,0,0,0,443.663,0,0,-442.835
"MtrElec",1,26,12,"",0,0,0,0,0,0,0,0,0,0,0,0,0,0,0,0,0,0,0,0,0,440.862,0,111.762,-552.624
"MtrElec",1,26,13,"",0.0000010,0,0,0,0,0,0,0,0,0,0,0,0,0,0,0,0,0,0,0,0,470.763,0,9.66266,-480.425
"MtrElec",1,26,14,"",0.0000039,0,0,0,0,0,0,0,0,0,0,0,0,0,0,0,0,0,0,0,0,413.135,0,64.8858,-478.021
"MtrElec",1,26,15,"",0.0000020,0,0,0,0,0,0,0,0,0,0,0,0,0,0,0,0,0,0,0,0,424.904,0,28.8976,-453.801
"MtrElec",1,26,16,"",64.173,0,0,0,0,0,0,0,0,0,0,0,0,0,0,0,0,0,0,0,0,387.24,0,0,-323.067
"MtrElec",1,26,17,"",340.481,0,0,0,0,0,0,0,0,0,0,0,0,0,0,0,0,0,0,0,0,467.136,0,0,-126.654
"MtrElec",1,26,18,"",458.473,0,0,0,0,0,0,0,0,0,0,0,0,0,0,0,0,0,0,0,0,459.83,0,0,-1.3572
"MtrElec",1,26,19,"",244.982,0,0,0,0,0,0,0,0,0,0,0,0,0,0,0,0,0,0,0,0,439.207,0,-194.225,0
"MtrElec",1,26,20,"",480.013,0,0,0,0,0,0,0,0,0,0,0,0,0,0,0,0,0,0,0,0,480.013,0,0,0
"MtrElec",1,26,21,"",446.427,0,0,0,0,0,0,0,0,0,0,0,0,0,0,0,0,0,0,0,0,446.427,0,0,0
"MtrElec",1,26,22,"",303.426,0,0,0,0,0,0,0,0,0,0,0,0,0,0,0,0,0,0,0,0,303.426,0,0,0
"MtrElec",1,26,23,"",278.906,0,0,0,0,0,0,0,0,0,0,0,0,0,0,0,0,0,0,0,0,278.906,0,0,0
"MtrElec",1,26,24,"",216.805,0,0,0,0,0,0,0,0,0,0,0,0,0,0,0,0,0,0,0,0,216.805,0,0,0
"MtrElec",1,27,1,"",167.517,0,0,0,0,0,0,0,0,0,0,0,0,0,0,0,0,0,0,0,0,167.517,0,0,0
"MtrElec",1,27,2,"",164.768,0,0,0,0,0,0,0,0,0,0,0,0,0,0,0,0,0,0,0,0,164.768,0,0,0
"MtrElec",1,27,3,"",156.722,0,0,0,0,0,0,0,0,0,0,0,0,0,0,0,0,0,0,0,0,156.722,0,0,0
"MtrElec",1,27,4,"",163.107,0,0,0,0,0,0,0,0,0,0,0,0,0,0,0,0,0,0,0,0,163.107,0,0,0
"MtrElec",1,27,5,"",188.801,0,0,0,0,0,0,0,0,0,0,0,0,0,0,0,0,0,0,0,0,188.801,0,0,0
"MtrElec",1,27,6,"",184.568,0,0,0,0,0,0,0,0,0,0,0,0,0,0,0,0,0,0,0,0,184.568,0,0,0
"MtrElec",1,27,7,"",267.885,0,0,0,0,0,0,0,0,0,0,0,0,0,0,0,0,0,0,0,0,267.885,0,0,0
"MtrElec",1,27,8,"",230.566,0,0,0,0,0,0,0,0,0,0,0,0,0,0,0,0,0,0,0,0,341.449,0,0,-110.884
"MtrElec",1,27,9,"",53.8942,0,0,0,0,0,0,0,0,0,0,0,0,0,0,0,0,0,0,0,0,368.764,0,0,-314.869
"MtrElec",1,27,10,"",37.6956,0,0,0,0,0,0,0,0,0,0,0,0,0,0,0,0,0,0,0,0,498.176,0,0,-460.48
"MtrElec",1,27,11,"",0,0,0,0,0,0,0,0,0,0,0,0,0,0,0,0,0,0,0,0,0,482.593,0,78.1858,-560.778
"MtrElec",1,27,12,"",0,0,0,0,0,0,0,0,0,0,0,0,0,0,0,0,0,0,0,0,0,386.865,0,219.228,-606.093
"MtrElec",1,27,13,"",0,0,0,0,0,0,0,0,0,0,0,0,0,0,0,0,0,0,0,0,0,459.554,0,146.15,-605.704
"MtrElec",1,27,14,"",0,0,0,0,0,0,0,0,0,0,0,0,0,0,0,0,0,0,0,0,0,423.064,0,134.258,-557.323
"MtrElec",1,27,15,"",0,0,0,0,0,0,0,0,0,0,0,0,0,0,0,0,0,0,0,0,0,389.465,0,70.7828,-460.248
"MtrElec",1,27,16,"",118.486,0,0,0,0,0,0,0,0,0,0,0,0,0,0,0,0,0,0,0,0,441.906,0,0,-323.42
"MtrElec",1,27,17,"",351.574,0,0,0,0,0,0,0,0,0,0,0,0,0,0,0,0,0,0,0,0,478.894,0,0,-127.32
"MtrElec",1,27,18,"",403.736,0,0,0,0,0,0,0,0,0,0,0,0,0,0,0,0,0,0,0,0,405.188,0,0,-1.45232
"MtrElec",1,27,19,"",215.49,0,0,0,0,0,0,0,0,0,0,0,0,0,0,0,0,0,0,0,0,438.712,0,-223.222,0
"MtrElec",1,27,20,"",226.965,0,0,0,0,0,0,0,0,0,0,0,0,0,0,0,0,0,0,0,0,450.188,0,-223.222,0
"MtrElec",1,27,21,"",292.782,0,0,0,0,0,0,0,0,0,0,0,0,0,0,0,0,0,0,0,0,431.704,0,-138.921,0
"MtrElec",1,27,22,"",339.013,0,0,0,0,0,0,0,0,0,0,0,0,0,0,0,0,0,0,0,0,339.013,0,0,0
"MtrElec",1,27,23,"",313.646,0,0,0,0,0,0,0,0,0,0,0,0,0,0,0,0,0,0,0,0,313.646,0,0,0
"MtrElec",1,27,24,"",213.677,0,0,0,0,0,0,0,0,0,0,0,0,0,0,0,0,0,0,0,0,213.677,0,0,0
"MtrElec",1,28,1,"",223.225,0,0,0,0,0,0,0,0,0,0,0,0,0,0,0,0,0,0,0,0,223.225,0,0,0
"MtrElec",1,28,2,"",163.144,0,0,0,0,0,0,0,0,0,0,0,0,0,0,0,0,0,0,0,0,163.144,0,0,0
"MtrElec",1,28,3,"",158.557,0,0,0,0,0,0,0,0,0,0,0,0,0,0,0,0,0,0,0,0,158.557,0,0,0
"MtrElec",1,28,4,"",156.722,0,0,0,0,0,0,0,0,0,0,0,0,0,0,0,0,0,0,0,0,156.722,0,0,0
"MtrElec",1,28,5,"",155.721,0,0,0,0,0,0,0,0,0,0,0,0,0,0,0,0,0,0,0,0,155.721,0,0,0
"MtrElec",1,28,6,"",170.9,0,0,0,0,0,0,0,0,0,0,0,0,0,0,0,0,0,0,0,0,170.9,0,0,0
"MtrElec",1,28,7,"",265.626,0,0,0,0,0,0,0,0,0,0,0,0,0,0,0,0,0,0,0,0,265.626,0,0,0
"MtrElec",1,28,8,"",202.604,0,0,0,0,0,0,0,0,0,0,0,0,0,0,0,0,0,0,0,0,311.167,0,0,-108.563
"MtrElec",1,28,9,"",105.198,0,0,0,0,0,0,0,0,0,0,0,0,0,0,0,0,0,0,0,0,420.311,0,0,-315.112
"MtrElec",1,28,10,"",-0.239594,0,0,0,0,0,0,0,0,0,0,0,0,0,0,0,0,0,0,0,0,470.135,0,0,-470.374
"MtrElec",1,28,11,"",0,0,0,0,0,0,0,0,0,0,0,0,0,0,0,0,0,0,0,0,0,473.213,0,99.7319,-572.945
"MtrElec",1,28,12,"",0.0000156,0,0,0,0,0,0,0,0,0,0,0,0,0,0,0,0,0,0,0,0,393.351,0,220.941,-614.293
"MtrElec",1,28,13,"",0,0,0,0,0,0,0,0,0,0,0,0,0,0,0,0,0,0,0,0,0,465.201,0,138.624,-603.825
"MtrElec",1,28,14,"",0,0,0,0,0,0,0,0,0,0,0,0,0,0,0,0,0,0,0,0,0,407.01,0,149.697,-556.708
"MtrElec",1,28,15,"",0,0,0,0,0,0,0,0,0,0,0,0,0,0,0,0,0,0,0,0,0,379.897,0,84.0609,-463.958
"MtrElec",1,28,16,"",97.252,0,0,0,0,0,0,0,0,0,0,0,0,0,0,0,0,0,0,0,0,420.253,0,0,-323.001
"MtrElec",1,28,17,"",315.978,0,0,0,0,0,0,0,0,0,0,0,0,0,0,0,0,0,0,0,0,446.741,0,0,-130.763
"MtrElec",1,28,18,"",397.786,0,0,0,0,0,0,0,0,0,0,0,0,0,0,0,0,0,0,0,0,400.974,0,0,-3.18831
"MtrElec",1,28,19,"",218.124,0,0,0,0,0,0,0,0,0,0,0,0,0,0,0,0,0,0,0,0,441.347,0,-223.222,0
"MtrElec",1,28,20,"",212.348,0,0,0,0,0,0,0,0,0,0,0,0,0,0,0,0,0,0,0,0,435.57,0,-223.222,0
"MtrElec",1,28,21,"",217.825,0,0,0,0,0,0,0,0,0,0,0,0,0,0,0,0,0,0,0,0,396.863,0,-179.038,0
"MtrElec",1,28,22,"",311.541,0,0,0,0,0,0,0,0,0,0,0,0,0,0,0,0,0,0,0,0,311.541,0,0,0
"MtrElec",1,28,23,"",270.228,0,0,0,0,0,0,0,0,0,0,0,0,0,0,0,0,0,0,0,0,270.228,0,0,0
"MtrElec",1,28,24,"",202.167,0,0,0,0,0,0,0,0,0,0,0,0,0,0,0,0,0,0,0,0,202.167,0,0,0
"MtrElec",1,29,1,"",176.805,0,0,0,0,0,0,0,0,0,0,0,0,0,0,0,0,0,0,0,0,176.805,0,0,0
"MtrElec",1,29,2,"",163.386,0,0,0,0,0,0,0,0,0,0,0,0,0,0,0,0,0,0,0,0,163.386,0,0,0
"MtrElec",1,29,3,"",216.738,0,0,0,0,0,0,0,0,0,0,0,0,0,0,0,0,0,0,0,0,216.738,0,0,0
"MtrElec",1,29,4,"",174.11,0,0,0,0,0,0,0,0,0,0,0,0,0,0,0,0,0,0,0,0,174.11,0,0,0
"MtrElec",1,29,5,"",161.916,0,0,0,0,0,0,0,0,0,0,0,0,0,0,0,0,0,0,0,0,161.916,0,0,0
"MtrElec",1,29,6,"",168.528,0,0,0,0,0,0,0,0,0,0,0,0,0,0,0,0,0,0,0,0,168.528,0,0,0
"MtrElec",1,29,7,"",333.215,0,0,0,0,0,0,0,0,0,0,0,0,0,0,0,0,0,0,0,0,333.215,0,0,0
"MtrElec",1,29,8,"",238.72,0,0,0,0,0,0,0,0,0,0,0,0,0,0,0,0,0,0,0,0,344.496,0,0,-105.776
"MtrElec",1,29,9,"",62.812,0,0,0,0,0,0,0,0,0,0,0,0,0,0,0,0,0,0,0,0,376.878,0,0,-314.066
"MtrElec",1,29,10,"",-53.4186,0,0,0,0,0,0,0,0,0,0,0,0,0,0,0,0,0,0,0,0,416.397,0,0,-469.816
"MtrElec",1,29,11,"",0,0,0,0,0,0,0,0,0,0,0,0,0,0,0,0,0,0,0,0,0,442.462,0,131.82,-574.283
"MtrElec",1,29,12,"",0,0,0,0,0,0,0,0,0,0,0,0,0,0,0,0,0,0,0,0,0,429.049,0,190.464,-619.513
"MtrElec",1,29,13,"",0,0,0,0,0,0,0,0,0,0,0,0,0,0,0,0,0,0,0,0,0,507.679,0,116.463,-624.141
"MtrElec",1,29,14,"",-10.6408,0,0,0,0,0,0,0,0,0,0,0,0,0,0,0,0,0,0,0,0,346.943,0,223.222,-580.806
"MtrElec",1,29,15,"",0.0000078,0,0,0,0,0,0,0,0,0,0,0,0,0,0,0,0,0,0,0,0,382.668,0,95.8427,-478.511
"MtrElec",1,29,16,"",114.753,0,0,0,0,0,0,0,0,0,0,0,0,0,0,0,0,0,0,0,0,399.684,0,0,-284.932
"MtrElec",1,29,17,"",324.434,0,0,0,0,0,0,0,0,0,0,0,0,0,0,0,0,0,0,0,0,382.59,0,0,-58.156
"MtrElec",1,29,18,"",441.231,0,0,0,0,0,0,0,0,0,0,0,0,0,0,0,0,0,0,0,0,441.231,0,0,0
"MtrElec",1,29,19,"",206.864,0,0,0,0,0,0,0,0,0,0,0,0,0,0,0,0,0,0,0,0,430.087,0,-223.222,0
"MtrElec",1,29,20,"",214.06,0,0,0,0,0,0,0,0,0,0,0,0,0,0,0,0,0,0,0,0,437.283,0,-223.222,0
"MtrElec",1,29,21,"",236.001,0,0,0,0,0,0,0,0,0,0,0,0,0,0,0,0,0,0,0,0,459.223,0,-223.222,0
"MtrElec",1,29,22,"",249.658,0,0,0,0,0,0,0,0,0,0,0,0,0,0,0,0,0,0,0,0,263.917,0,-14.2587,0
"MtrElec",1,29,23,"",316.327,0,0,0,0,0,0,0,0,0,0,0,0,0,0,0,0,0,0,0,0,316.327,0,0,0
"MtrElec",1,29,24,"",208.192,0,0,0,0,0,0,0,0,0,0,0,0,0,0,0,0,0,0,0,0,208.192,0,0,0
"MtrElec",1,30,1,"",162.839,0,0,0,0,0,0,0,0,0,0,0,0,0,0,0,0,0,0,0,0,162.839,0,0,0
"MtrElec",1,30,2,"",162.426,0,0,0,0,0,0,0,0,0,0,0,0,0,0,0,0,0,0,0,0,162.426,0,0,0
"MtrElec",1,30,3,"",202.312,0,0,0,0,0,0,0,0,0,0,0,0,0,0,0,0,0,0,0,0,202.312,0,0,0
"MtrElec",1,30,4,"",163.938,0,0,0,0,0,0,0,0,0,0,0,0,0,0,0,0,0,0,0,0,163.938,0,0,0
"MtrElec",1,30,5,"",156.148,0,0,0,0,0,0,0,0,0,0,0,0,0,0,0,0,0,0,0,0,156.148,0,0,0
"MtrElec",1,30,6,"",185.126,0,0,0,0,0,0,0,0,0,0,0,0,0,0,0,0,0,0,0,0,185.126,0,0,0
"MtrElec",1,30,7,"",298.437,0,0,0,0,0,0,0,0,0,0,0,0,0,0,0,0,0,0,0,0,298.437,0,0,0
"MtrElec",1,30,8,"",321.422,0,0,0,0,0,0,0,0,0,0,0,0,0,0,0,0,0,0,0,0,324.203,0,0,-2.78043
"MtrElec",1,30,9,"",321.69,0,0,0,0,0,0,0,0,0,0,0,0,0,0,0,0,0,0,0,0,386.783,0,0,-65.0926
"MtrElec",1,30,10,"",371.85,0,0,0,0,0,0,0,0,0,0,0,0,0,0,0,0,0,0,0,0,450.57,0,0,-78.7195
"MtrElec",1,30,11,"",404.039,0,0,0,0,0,0,0,0,0,0,0,0,0,0,0,0,0,0,0,0,433.045,0,0,-29.0063
"MtrElec",1,30,12,"",243.955,0,0,0,0,0,0,0,0,0,0,0,0,0,0,0,0,0,0,0,0,392.915,0,0,-148.959
"MtrElec",1,30,13,"",382.632,0,0,0,0,0,0,0,0,0,0,0,0,0,0,0,0,0,0,0,0,471.421,0,0,-88.7893
"MtrElec",1,30,14,"",256.243,0,0,0,0,0,0,0,0,0,0,0,0,0,0,0,0,0,0,0,0,331.459,0,0,-75.2157
"MtrElec",1,30,15,"",287.345,0,0,0,0,0,0,0,0,0,0,0,0,0,0,0,0,0,0,0,0,373.715,0,0,-86.3693
"MtrElec",1,30,16,"",135.831,0,0,0,0,0,0,0,0,0,0,0,0,0,0,0,0,0,0,0,0,338.962,0,0,-203.132
"MtrElec",1,30,17,"",314.265,0,0,0,0,0,0,0,0,0,0,0,0,0,0,0,0,0,0,0,0,384.135,0,0,-69.8705
"MtrElec",1,30,18,"",438.269,0,0,0,0,0,0,0,0,0,0,0,0,0,0,0,0,0,0,0,0,441.702,0,0,-3.43294
"MtrElec",1,30,19,"",444.595,0,0,0,0,0,0,0,0,0,0,0,0,0,0,0,0,0,0,0,0,444.595,0,0,0
"MtrElec",1,30,20,"",390.281,0,0,0,0,0,0,0,0,0,0,0,0,0,0,0,0,0,0,0,0,390.281,0,0,0
"MtrElec",1,30,21,"",434.744,0,0,0,0,0,0,0,0,0,0,0,0,0,0,0,0,0,0,0,0,434.744,0,0,0
"MtrElec",1,30,22,"",333.729,0,0,0,0,0,0,0,0,0,0,0,0,0,0,0,0,0,0,0,0,333.729,0,0,0
"MtrElec",1,30,23,"",292.803,0,0,0,0,0,0,0,0,0,0,0,0,0,0,0,0,0,0,0,0,292.803,0,0,0
"MtrElec",1,30,24,"",201.686,0,0,0,0,0,0,0,0,0,0,0,0,0,0,0,0,0,0,0,0,201.686,0,0,0
"MtrElec",1,31,1,"",175.259,0,0,0,0,0,0,0,0,0,0,0,0,0,0,0,0,0,0,0,0,175.259,0,0,0
"MtrElec",1,31,2,"",166.999,0,0,0,0,0,0,0,0,0,0,0,0,0,0,0,0,0,0,0,0,166.999,0,0,0
"MtrElec",1,31,3,"",166.281,0,0,0,0,0,0,0,0,0,0,0,0,0,0,0,0,0,0,0,0,166.281,0,0,0
"MtrElec",1,31,4,"",165.505,0,0,0,0,0,0,0,0,0,0,0,0,0,0,0,0,0,0,0,0,165.505,0,0,0
"MtrElec",1,31,5,"",163.166,0,0,0,0,0,0,0,0,0,0,0,0,0,0,0,0,0,0,0,0,163.166,0,0,0
"MtrElec",1,31,6,"",215.721,0,0,0,0,0,0,0,0,0,0,0,0,0,0,0,0,0,0,0,0,215.721,0,0,0
"MtrElec",1,31,7,"",199.847,0,0,0,0,0,0,0,0,0,0,0,0,0,0,0,0,0,0,0,0,199.847,0,0,0
"MtrElec",1,31,8,"",172.824,0,0,0,0,0,0,0,0,0,0,0,0,0,0,0,0,0,0,0,0,286.131,0,0,-113.308
"MtrElec",1,31,9,"",-9.35759,0,0,0,0,0,0,0,0,0,0,0,0,0,0,0,0,0,0,0,0,312.661,0,0,-322.018
"MtrElec",1,31,10,"",-78.3365,0,0,0,0,0,0,0,0,0,0,0,0,0,0,0,0,0,0,0,0,401.114,0,0,-479.451
"MtrElec",1,31,11,"",0.0000078,0,0,0,0,0,0,0,0,0,0,0,0,0,0,0,0,0,0,0,0,481.419,0,75.7553,-557.174
"MtrElec",1,31,12,"",0,0,0,0,0,0,0,0,0,0,0,0,0,0,0,0,0,0,0,0,0,483.002,0,130.372,-613.374
"MtrElec",1,31,13,"",-1.57586,0,0,0,0,0,0,0,0,0,0,0,0,0,0,0,0,0,0,0,0,408.218,0,223.222,-633.016
"MtrElec",1,31,14,"",0.0000156,0,0,0,0,0,0,0,0,0,0,0,0,0,0,0,0,0,0,0,0,415.814,0,167.116,-582.929
"MtrElec",1,31,15,"",0,0,0,0,0,0,0,0,0,0,0,0,0,0,0,0,0,0,0,0,0,433.987,0,51.7188,-485.705
"MtrElec",1,31,16,"",91.6599,0,0,0,0,0,0,0,0,0,0,0,0,0,0,0,0,0,0,0,0,420.434,0,0,-328.774
"MtrElec",1,31,17,"",272.63,0,0,0,0,0,0,0,0,0,0,0,0,0,0,0,0,0,0,0,0,409.709,0,0,-137.079
"MtrElec",1,31,18,"",395.673,0,0,0,0,0,0,0,0,0,0,0,0,0,0,0,0,0,0,0,0,400.937,0,0,-5.26358
"MtrElec",1,31,19,"",216.572,0,0,0,0,0,0,0,0,0,0,0,0,0,0,0,0,0,0,0,0,439.794,0,-223.222,0
"MtrElec",1,31,20,"",187.889,0,0,0,0,0,0,0,0,0,0,0,0,0,0,0,0,0,0,0,0,411.112,0,-223.222,0
"MtrElec",1,31,21,"",215.096,0,0,0,0,0,0,0,0,0,0,0,0,0,0,0,0,0,0,0,0,353.638,0,-138.541,0
"MtrElec",1,31,22,"",308.546,0,0,0,0,0,0,0,0,0,0,0,0,0,0,0,0,0,0,0,0,308.546,0,0,0
"MtrElec",1,31,23,"",235.351,0,0,0,0,0,0,0,0,0,0,0,0,0,0,0,0,0,0,0,0,235.351,0,0,0
"MtrElec",1,31,24,"",282.816,0,0,0,0,0,0,0,0,0,0,0,0,0,0,0,0,0,0,0,0,282.816,0,0,0
"MtrElec",2,1,1,"",176.138,0,0,0,0,0,0,0,0,0,0,0,0,0,0,0,0,0,0,0,0,176.138,0,0,0
"MtrElec",2,1,2,"",164.001,0,0,0,0,0,0,0,0,0,0,0,0,0,0,0,0,0,0,0,0,164.001,0,0,0
"MtrElec",2,1,3,"",162.443,0,0,0,0,0,0,0,0,0,0,0,0,0,0,0,0,0,0,0,0,162.443,0,0,0
"MtrElec",2,1,4,"",162.697,0,0,0,0,0,0,0,0,0,0,0,0,0,0,0,0,0,0,0,0,162.697,0,0,0
"MtrElec",2,1,5,"",183.006,0,0,0,0,0,0,0,0,0,0,0,0,0,0,0,0,0,0,0,0,183.006,0,0,0
"MtrElec",2,1,6,"",169.407,0,0,0,0,0,0,0,0,0,0,0,0,0,0,0,0,0,0,0,0,169.407,0,0,0
"MtrElec",2,1,7,"",185.356,0,0,0,0,0,0,0,0,0,0,0,0,0,0,0,0,0,0,0,0,185.356,0,0,0
"MtrElec",2,1,8,"",139.176,0,0,0,0,0,0,0,0,0,0,0,0,0,0,0,0,0,0,0,0,244.882,0,0,-105.707
"MtrElec",2,1,9,"",-3.29744,0,0,0,0,0,0,0,0,0,0,0,0,0,0,0,0,0,0,0,0,305.249,0,0,-308.546
"MtrElec",2,1,10,"",-97.8494,0,0,0,0,0,0,0,0,0,0,0,0,0,0,0,0,0,0,0,0,372.899,0,0,-470.749
"MtrElec",2,1,11,"",-44.3482,0,0,0,0,0,0,0,0,0,0,0,0,0,0,0,0,0,0,0,0,315.082,0,223.222,-582.653
"MtrElec",2,1,12,"",-48.6392,0,0,0,0,0,0,0,0,0,0,0,0,0,0,0,0,0,0,0,0,364.321,0,223.222,-636.183
"MtrElec",2,1,13,"",-32.723,0,0,0,0,0,0,0,0,0,0,0,0,0,0,0,0,0,0,0,0,376.455,0,223.222,-632.4
"MtrElec",2,1,14,"",-92.1388,0,0,0,0,0,0,0,0,0,0,0,0,0,0,0,0,0,0,0,0,350.185,0,129.295,-571.618
"MtrElec",2,1,15,"",-121.854,0,0,0,0,0,0,0,0,0,0,0,0,0,0,0,0,0,0,0,0,355.623,0,0,-477.477
"MtrElec",2,1,16,"",7.55587,0,0,0,0,0,0,0,0,0,0,0,0,0,0,0,0,0,0,0,0,332.275,0,0,-324.719
"MtrElec",2,1,17,"",175.667,0,0,0,0,0,0,0,0,0,0,0,0,0,0,0,0,0,0,0,0,303.167,0,0,-127.501
"MtrElec",2,1,18,"",316.708,0,0,0,0,0,0,0,0,0,0,0,0,0,0,0,0,0,0,0,0,319.82,0,0,-3.11168
"MtrElec",2,1,19,"",136.281,0,0,0,0,0,0,0,0,0,0,0,0,0,0,0,0,0,0,0,0,359.503,0,-223.222,0
"MtrElec",2,1,20,"",105.725,0,0,0,0,0,0,0,0,0,0,0,0,0,0,0,0,0,0,0,0,328.947,0,-223.222,0
"MtrElec",2,1,21,"",88.793,0,0,0,0,0,0,0,0,0,0,0,0,0,0,0,0,0,0,0,0,312.015,0,-223.222,0
"MtrElec",2,1,22,"",234.974,0,0,0,0,0,0,0,0,0,0,0,0,0,0,0,0,0,0,0,0,286.371,0,-51.3963,0
"MtrElec",2,1,23,"",240.105,0,0,0,0,0,0,0,0,0,0,0,0,0,0,0,0,0,0,0,0,240.105,0,0,0
"MtrElec",2,1,24,"",203.217,0,0,0,0,0,0,0,0,0,0,0,0,0,0,0,0,0,0,0,0,203.217,0,0,0
"MtrElec",2,2,1,"",213.503,0,0,0,0,0,0,0,0,0,0,0,0,0,0,0,0,0,0,0,0,213.503,0,0,0
"MtrElec",2,2,2,"",157.759,0,0,0,0,0,0,0,0,0,0,0,0,0,0,0,0,0,0,0,0,157.759,0,0,0
"MtrElec",2,2,3,"",151.767,0,0,0,0,0,0,0,0,0,0,0,0,0,0,0,0,0,0,0,0,151.767,0,0,0
"MtrElec",2,2,4,"",155.958,0,0,0,0,0,0,0,0,0,0,0,0,0,0,0,0,0,0,0,0,155.958,0,0,0
"MtrElec",2,2,5,"",160.116,0,0,0,0,0,0,0,0,0,0,0,0,0,0,0,0,0,0,0,0,160.116,0,0,0
"MtrElec",2,2,6,"",206.113,0,0,0,0,0,0,0,0,0,0,0,0,0,0,0,0,0,0,0,0,206.113,0,0,0
"MtrElec",2,2,7,"",276.226,0,0,0,0,0,0,0,0,0,0,0,0,0,0,0,0,0,0,0,0,276.226,0,0,0
"MtrElec",2,2,8,"",315.928,0,0,0,0,0,0,0,0,0,0,0,0,0,0,0,0,0,0,0,0,402.322,0,0,-86.394
"MtrElec",2,2,9,"",176.515,0,0,0,0,0,0,0,0,0,0,0,0,0,0,0,0,0,0,0,0,359.646,0,0,-183.132
"MtrElec",2,2,10,"",89.5674,0,0,0,0,0,0,0,0,0,0,0,0,0,0,0,0,0,0,0,0,417.718,0,0,-328.15
"MtrElec",2,2,11,"",13.7203,0,0,0,0,0,0,0,0,0,0,0,0,0,0,0,0,0,0,0,0,422.259,0,0,-408.539
"MtrElec",2,2,12,"",0.0000156,0,0,0,0,0,0,0,0,0,0,0,0,0,0,0,0,0,0,0,0,382.385,0,222.031,-604.416
"MtrElec",2,2,13,"",0.0000156,0,0,0,0,0,0,0,0,0,0,0,0,0,0,0,0,0,0,0,0,337.719,0,207.754,-545.473
"MtrElec",2,2,14,"",0,0,0,0,0,0,0,0,0,0,0,0,0,0,0,0,0,0,0,0,0,370.251,0,139.332,-509.584
"MtrElec",2,2,15,"",0,0,0,0,0,0,0,0,0,0,0,0,0,0,0,0,0,0,0,0,0,322.329,0,163.356,-485.685
"MtrElec",2,2,16,"",57.5151,0,0,0,0,0,0,0,0,0,0,0,0,0,0,0,0,0,0,0,0,386.114,0,0,-328.599
"MtrElec",2,2,17,"",259.764,0,0,0,0,0,0,0,0,0,0,0,0,0,0,0,0,0,0,0,0,394.129,0,0,-134.365
"MtrElec",2,2,18,"",384.534,0,0,0,0,0,0,0,0,0,0,0,0,0,0,0,0,0,0,0,0,389.288,0,0,-4.75355
"MtrElec",2,2,19,"",226.317,0,0,0,0,0,0,0,0,0,0,0,0,0,0,0,0,0,0,0,0,449.539,0,-223.222,0
"MtrElec",2,2,20,"",263.233,0,0,0,0,0,0,0,0,0,0,0,0,0,0,0,0,0,0,0,0,486.455,0,-223.222,0
"MtrElec",2,2,21,"",188.73,0,0,0,0,0,0,0,0,0,0,0,0,0,0,0,0,0,0,0,0,403.342,0,-214.612,0
"MtrElec",2,2,22,"",323.576,0,0,0,0,0,0,0,0,0,0,0,0,0,0,0,0,0,0,0,0,323.576,0,0,0
"MtrElec",2,2,23,"",334.505,0,0,0,0,0,0,0,0,0,0,0,0,0,0,0,0,0,0,0,0,334.505,0,0,0
"MtrElec",2,2,24,"",268.735,0,0,0,0,0,0,0,0,0,0,0,0,0,0,0,0,0,0,0,0,268.735,0,0,0
"MtrElec",2,3,1,"",164.328,0,0,0,0,0,0,0,0,0,0,0,0,0,0,0,0,0,0,0,0,164.328,0,0,0
"MtrElec",2,3,2,"",156.998,0,0,0,0,0,0,0,0,0,0,0,0,0,0,0,0,0,0,0,0,156.998,0,0,0
"MtrElec",2,3,3,"",173.433,0,0,0,0,0,0,0,0,0,0,0,0,0,0,0,0,0,0,0,0,173.433,0,0,0
"MtrElec",2,3,4,"",181.224,0,0,0,0,0,0,0,0,0,0,0,0,0,0,0,0,0,0,0,0,181.224,0,0,0
"MtrElec",2,3,5,"",160.616,0,0,0,0,0,0,0,0,0,0,0,0,0,0,0,0,0,0,0,0,160.616,0,0,0
"MtrElec",2,3,6,"",218.848,0,0,0,0,0,0,0,0,0,0,0,0,0,0,0,0,0,0,0,0,218.848,0,0,0
"MtrElec",2,3,7,"",265.519,0,0,0,0,0,0,0,0,0,0,0,0,0,0,0,0,0,0,0,0,265.519,0,0,0
"MtrElec",2,3,8,"",367.507,0,0,0,0,0,0,0,0,0,0,0,0,0,0,0,0,0,0,0,0,378.73,0,0,-11.2239
"MtrElec",2,3,9,"",357.549,0,0,0,0,0,0,0,0,0,0,0,0,0,0,0,0,0,0,0,0,393.058,0,0,-35.5091
"MtrElec",2,3,10,"",402.67,0,0,0,0,0,0,0,0,0,0,0,0,0,0,0,0,0,0,0,0,456.261,0,0,-53.5908
"MtrElec",2,3,11,"",310.609,0,0,0,0,0,0,0,0,0,0,0,0,0,0,0,0,0,0,0,0,421.29,0,0,-110.681
"MtrElec",2,3,12,"",295.092,0,0,0,0,0,0,0,0,0,0,0,0,0,0,0,0,0,0,0,0,467.071,0,0,-171.979
"MtrElec",2,3,13,"",341.325,0,0,0,0,0,0,0,0,0,0,0,0,0,0,0,0,0,0,0,0,456.766,0,0,-115.441
"MtrElec",2,3,14,"",128.749,0,0,0,0,0,0,0,0,0,0,0,0,0,0,0,0,0,0,0,0,372.456,0,0,-243.707
"MtrElec",2,3,15,"",48.0515,0,0,0,0,0,0,0,0,0,0,0,0,0,0,0,0,0,0,0,0,394.826,0,0,-346.774
"MtrElec",2,3,16,"",0,0,0,0,0,0,0,0,0,0,0,0,0,0,0,0,0,0,0,0,0,333.194,0,12.9306,-346.125
"MtrElec",2,3,17,"",327.944,0,0,0,0,0,0,0,0,0,0,0,0,0,0,0,0,0,0,0,0,421.089,0,0,-93.1444
"MtrElec",2,3,18,"",426.519,0,0,0,0,0,0,0,0,0,0,0,0,0,0,0,0,0,0,0,0,431.796,0,0,-5.27672
"MtrElec",2,3,19,"",423.859,0,0,0,0,0,0,0,0,0,0,0,0,0,0,0,0,0,0,0,0,435.529,0,-11.6699,0
"MtrElec",2,3,20,"",440.637,0,0,0,0,0,0,0,0,0,0,0,0,0,0,0,0,0,0,0,0,440.637,0,0,0
"MtrElec",2,3,21,"",359.67,0,0,0,0,0,0,0,0,0,0,0,0,0,0,0,0,0,0,0,0,359.67,0,0,0
"MtrElec",2,3,22,"",326.662,0,0,0,0,0,0,0,0,0,0,0,0,0,0,0,0,0,0,0,0,326.662,0,0,0
"MtrElec",2,3,23,"",305.932,0,0,0,0,0,0,0,0,0,0,0,0,0,0,0,0,0,0,0,0,305.932,0,0,0
"MtrElec",2,3,24,"",214.377,0,0,0,0,0,0,0,0,0,0,0,0,0,0,0,0,0,0,0,0,214.377,0,0,0
"MtrElec",2,4,1,"",183.119,0,0,0,0,0,0,0,0,0,0,0,0,0,0,0,0,0,0,0,0,183.119,0,0,0
"MtrElec",2,4,2,"",172.507,0,0,0,0,0,0,0,0,0,0,0,0,0,0,0,0,0,0,0,0,172.507,0,0,0
"MtrElec",2,4,3,"",212.89,0,0,0,0,0,0,0,0,0,0,0,0,0,0,0,0,0,0,0,0,212.89,0,0,0
"MtrElec",2,4,4,"",165.248,0,0,0,0,0,0,0,0,0,0,0,0,0,0,0,0,0,0,0,0,165.248,0,0,0
"MtrElec",2,4,5,"",160.306,0,0,0,0,0,0,0,0,0,0,0,0,0,0,0,0,0,0,0,0,160.306,0,0,0
"MtrElec",2,4,6,"",169.241,0,0,0,0,0,0,0,0,0,0,0,0,0,0,0,0,0,0,0,0,169.241,0,0,0
"MtrElec",2,4,7,"",274.966,0,0,0,0,0,0,0,0,0,0,0,0,0,0,0,0,0,0,0,0,274.966,0,0,0
"MtrElec",2,4,8,"",211.899,0,0,0,0,0,0,0,0,0,0,0,0,0,0,0,0,0,0,0,0,334.506,0,0,-122.607
"MtrElec",2,4,9,"",76.396,0,0,0,0,0,0,0,0,0,0,0,0,0,0,0,0,0,0,0,0,399.691,0,0,-323.295
"MtrElec",2,4,10,"",-69.3141,0,0,0,0,0,0,0,0,0,0,0,0,0,0,0,0,0,0,0,0,418.885,0,0,-488.199
"MtrElec",2,4,11,"",0,0,0,0,0,0,0,0,0,0,0,0,0,0,0,0,0,0,0,0,0,424.276,0,169.596,-593.872
"MtrElec",2,4,12,"",-16.2487,0,0,0,0,0,0,0,0,0,0,0,0,0,0,0,0,0,0,0,0,410.74,0,223.222,-650.211
"MtrElec",2,4,13,"",-67.2136,0,0,0,0,0,0,0,0,0,0,0,0,0,0,0,0,0,0,0,0,362.874,0,223.222,-653.31
"MtrElec",2,4,14,"",-49.972,0,0,0,0,0,0,0,0,0,0,0,0,0,0,0,0,0,0,0,0,372.346,0,182.921,-605.24
"MtrElec",2,4,15,"",-122.086,0,0,0,0,0,0,0,0,0,0,0,0,0,0,0,0,0,0,0,0,383.402,0,0,-505.487
"MtrElec",2,4,16,"",-3.27794,0,0,0,0,0,0,0,0,0,0,0,0,0,0,0,0,0,0,0,0,347.141,0,0,-350.419
"MtrElec",2,4,17,"",273.785,0,0,0,0,0,0,0,0,0,0,0,0,0,0,0,0,0,0,0,0,425.142,0,0,-151.357
"MtrElec",2,4,18,"",431.284,0,0,0,0,0,0,0,0,0,0,0,0,0,0,0,0,0,0,0,0,437.569,0,0,-6.28516
"MtrElec",2,4,19,"",182.88,0,0,0,0,0,0,0,0,0,0,0,0,0,0,0,0,0,0,0,0,406.103,0,-223.222,0
"MtrElec",2,4,20,"",165.796,0,0,0,0,0,0,0,0,0,0,0,0,0,0,0,0,0,0,0,0,389.018,0,-223.222,0
"MtrElec",2,4,21,"",206.281,0,0,0,0,0,0,0,0,0,0,0,0,0,0,0,0,0,0,0,0,429.503,0,-223.222,0
"MtrElec",2,4,22,"",244.361,0,0,0,0,0,0,0,0,0,0,0,0,0,0,0,0,0,0,0,0,295.757,0,-51.3963,0
"MtrElec",2,4,23,"",277.678,0,0,0,0,0,0,0,0,0,0,0,0,0,0,0,0,0,0,0,0,277.678,0,0,0
"MtrElec",2,4,24,"",204.516,0,0,0,0,0,0,0,0,0,0,0,0,0,0,0,0,0,0,0,0,204.516,0,0,0
"MtrElec",2,5,1,"",184.63,0,0,0,0,0,0,0,0,0,0,0,0,0,0,0,0,0,0,0,0,184.63,0,0,0
"MtrElec",2,5,2,"",216.624,0,0,0,0,0,0,0,0,0,0,0,0,0,0,0,0,0,0,0,0,216.624,0,0,0
"MtrElec",2,5,3,"",170.064,0,0,0,0,0,0,0,0,0,0,0,0,0,0,0,0,0,0,0,0,170.064,0,0,0
"MtrElec",2,5,4,"",178.097,0,0,0,0,0,0,0,0,0,0,0,0,0,0,0,0,0,0,0,0,178.097,0,0,0
"MtrElec",2,5,5,"",172.345,0,0,0,0,0,0,0,0,0,0,0,0,0,0,0,0,0,0,0,0,172.345,0,0,0
"MtrElec",2,5,6,"",176.409,0,0,0,0,0,0,0,0,0,0,0,0,0,0,0,0,0,0,0,0,176.409,0,0,0
"MtrElec",2,5,7,"",283.382,0,0,0,0,0,0,0,0,0,0,0,0,0,0,0,0,0,0,0,0,283.382,0,0,0
"MtrElec",2,5,8,"",203.704,0,0,0,0,0,0,0,0,0,0,0,0,0,0,0,0,0,0,0,0,338.633,0,0,-134.928
"MtrElec",2,5,9,"",46.5159,0,0,0,0,0,0,0,0,0,0,0,0,0,0,0,0,0,0,0,0,386.391,0,0,-339.875
"MtrElec",2,5,10,"",-73.872,0,0,0,0,0,0,0,0,0,0,0,0,0,0,0,0,0,0,0,0,419.785,0,0,-493.657
"MtrElec",2,5,11,"",0,0,0,0,0,0,0,0,0,0,0,0,0,0,0,0,0,0,0,0,0,414.469,0,180.825,-595.294
"MtrElec",2,5,12,"",-15.3718,0,0,0,0,0,0,0,0,0,0,0,0,0,0,0,0,0,0,0,0,405.454,0,223.222,-644.048
"MtrElec",2,5,13,"",0,0,0,0,0,0,0,0,0,0,0,0,0,0,0,0,0,0,0,0,0,422.911,0,220.716,-643.627
"MtrElec",2,5,14,"",-106.999,0,0,0,0,0,0,0,0,0,0,0,0,0,0,0,0,0,0,0,0,323.85,0,174.199,-605.048
"MtrElec",2,5,15,"",-141.869,0,0,0,0,0,0,0,0,0,0,0,0,0,0,0,0,0,0,0,0,371.678,0,0,-513.546
"MtrElec",2,5,16,"",34.7186,0,0,0,0,0,0,0,0,0,0,0,0,0,0,0,0,0,0,0,0,396.467,0,0,-361.748
"MtrElec",2,5,17,"",216.023,0,0,0,0,0,0,0,0,0,0,0,0,0,0,0,0,0,0,0,0,372.52,0,0,-156.497
"MtrElec",2,5,18,"",433.042,0,0,0,0,0,0,0,0,0,0,0,0,0,0,0,0,0,0,0,0,439.501,0,0,-6.45882
"MtrElec",2,5,19,"",190.506,0,0,0,0,0,0,0,0,0,0,0,0,0,0,0,0,0,0,0,0,413.729,0,-223.222,0
"MtrElec",2,5,20,"",187.746,0,0,0,0,0,0,0,0,0,0,0,0,0,0,0,0,0,0,0,0,410.968,0,-223.222,0
"MtrElec",2,5,21,"",191.81,0,0,0,0,0,0,0,0,0,0,0,0,0,0,0,0,0,0,0,0,415.032,0,-223.222,0
"MtrElec",2,5,22,"",284.734,0,0,0,0,0,0,0,0,0,0,0,0,0,0,0,0,0,0,0,0,336.13,0,-51.3963,0
"MtrElec",2,5,23,"",282.223,0,0,0,0,0,0,0,0,0,0,0,0,0,0,0,0,0,0,0,0,282.223,0,0,0
"MtrElec",2,5,24,"",202.212,0,0,0,0,0,0,0,0,0,0,0,0,0,0,0,0,0,0,0,0,202.212,0,0,0
"MtrElec",2,6,1,"",187.286,0,0,0,0,0,0,0,0,0,0,0,0,0,0,0,0,0,0,0,0,187.286,0,0,0
"MtrElec",2,6,2,"",170.955,0,0,0,0,0,0,0,0,0,0,0,0,0,0,0,0,0,0,0,0,170.955,0,0,0
"MtrElec",2,6,3,"",220.188,0,0,0,0,0,0,0,0,0,0,0,0,0,0,0,0,0,0,0,0,220.188,0,0,0
"MtrElec",2,6,4,"",186.87,0,0,0,0,0,0,0,0,0,0,0,0,0,0,0,0,0,0,0,0,186.87,0,0,0
"MtrElec",2,6,5,"",172.975,0,0,0,0,0,0,0,0,0,0,0,0,0,0,0,0,0,0,0,0,172.975,0,0,0
"MtrElec",2,6,6,"",176.561,0,0,0,0,0,0,0,0,0,0,0,0,0,0,0,0,0,0,0,0,176.561,0,0,0
"MtrElec",2,6,7,"",273.646,0,0,0,0,0,0,0,0,0,0,0,0,0,0,0,0,0,0,0,0,273.646,0,0,0
"MtrElec",2,6,8,"",234.74,0,0,0,0,0,0,0,0,0,0,0,0,0,0,0,0,0,0,0,0,324.777,0,0,-90.0363
"MtrElec",2,6,9,"",92.076,0,0,0,0,0,0,0,0,0,0,0,0,0,0,0,0,0,0,0,0,353.955,0,0,-261.879
"MtrElec",2,6,10,"",-73.7139,0,0,0,0,0,0,0,0,0,0,0,0,0,0,0,0,0,0,0,0,396.668,0,0,-470.382
"MtrElec",2,6,11,"",0,0,0,0,0,0,0,0,0,0,0,0,0,0,0,0,0,0,0,0,0,458.977,0,59.8852,-518.862
"MtrElec",2,6,12,"",-21.1707,0,0,0,0,0,0,0,0,0,0,0,0,0,0,0,0,0,0,0,0,382.593,0,223.222,-626.986
"MtrElec",2,6,13,"",-18.2306,0,0,0,0,0,0,0,0,0,0,0,0,0,0,0,0,0,0,0,0,386.421,0,223.222,-627.874
"MtrElec",2,6,14,"",-38.3323,0,0,0,0,0,0,0,0,0,0,0,0,0,0,0,0,0,0,0,0,317.236,0,223.222,-578.791
"MtrElec",2,6,15,"",-36.0573,0,0,0,0,0,0,0,0,0,0,0,0,0,0,0,0,0,0,0,0,386.961,0,69.4099,-492.428
"MtrElec",2,6,16,"",31.377,0,0,0,0,0,0,0,0,0,0,0,0,0,0,0,0,0,0,0,0,376.035,0,0,-344.658
"MtrElec",2,6,17,"",233.493,0,0,0,0,0,0,0,0,0,0,0,0,0,0,0,0,0,0,0,0,377.97,0,0,-144.476
"MtrElec",2,6,18,"",418.276,0,0,0,0,0,0,0,0,0,0,0,0,0,0,0,0,0,0,0,0,424.436,0,0,-6.15999
"MtrElec",2,6,19,"",201.818,0,0,0,0,0,0,0,0,0,0,0,0,0,0,0,0,0,0,0,0,425.04,0,-223.222,0
"MtrElec",2,6,20,"",180.71,0,0,0,0,0,0,0,0,0,0,0,0,0,0,0,0,0,0,0,0,403.933,0,-223.222,0
"MtrElec",2,6,21,"",159.422,0,0,0,0,0,0,0,0,0,0,0,0,0,0,0,0,0,0,0,0,382.644,0,-223.222,0
"MtrElec",2,6,22,"",269.554,0,0,0,0,0,0,0,0,0,0,0,0,0,0,0,0,0,0,0,0,320.95,0,-51.3963,0
"MtrElec",2,6,23,"",221.44,0,0,0,0,0,0,0,0,0,0,0,0,0,0,0,0,0,0,0,0,221.44,0,0,0
"MtrElec",2,6,24,"",261.476,0,0,0,0,0,0,0,0,0,0,0,0,0,0,0,0,0,0,0,0,261.476,0,0,0
"MtrElec",2,7,1,"",223.231,0,0,0,0,0,0,0,0,0,0,0,0,0,0,0,0,0,0,0,0,223.231,0,0,0
"MtrElec",2,7,2,"",170.447,0,0,0,0,0,0,0,0,0,0,0,0,0,0,0,0,0,0,0,0,170.447,0,0,0
"MtrElec",2,7,3,"",167.735,0,0,0,0,0,0,0,0,0,0,0,0,0,0,0,0,0,0,0,0,167.735,0,0,0
"MtrElec",2,7,4,"",172.269,0,0,0,0,0,0,0,0,0,0,0,0,0,0,0,0,0,0,0,0,172.269,0,0,0
"MtrElec",2,7,5,"",177.061,0,0,0,0,0,0,0,0,0,0,0,0,0,0,0,0,0,0,0,0,177.061,0,0,0
"MtrElec",2,7,6,"",176.395,0,0,0,0,0,0,0,0,0,0,0,0,0,0,0,0,0,0,0,0,176.395,0,0,0
"MtrElec",2,7,7,"",259.483,0,0,0,0,0,0,0,0,0,0,0,0,0,0,0,0,0,0,0,0,259.483,0,0,0
"MtrElec",2,7,8,"",118.205,0,0,0,0,0,0,0,0,0,0,0,0,0,0,0,0,0,0,0,0,230.195,0,0,-111.99
"MtrElec",2,7,9,"",17.5936,0,0,0,0,0,0,0,0,0,0,0,0,0,0,0,0,0,0,0,0,331.819,0,0,-314.226
"MtrElec",2,7,10,"",-36.7942,0,0,0,0,0,0,0,0,0,0,0,0,0,0,0,0,0,0,0,0,433.816,0,0,-470.61
"MtrElec",2,7,11,"",0.0000156,0,0,0,0,0,0,0,0,0,0,0,0,0,0,0,0,0,0,0,0,440.248,0,133.371,-573.619
"MtrElec",2,7,12,"",0,0,0,0,0,0,0,0,0,0,0,0,0,0,0,0,0,0,0,0,0,519.044,0,99.6617,-618.706
"MtrElec",2,7,13,"",0.0000156,0,0,0,0,0,0,0,0,0,0,0,0,0,0,0,0,0,0,0,0,465.399,0,152.236,-617.634
"MtrElec",2,7,14,"",0,0,0,0,0,0,0,0,0,0,0,0,0,0,0,0,0,0,0,0,0,423.047,0,161.899,-584.946
"MtrElec",2,7,15,"",0,0,0,0,0,0,0,0,0,0,0,0,0,0,0,0,0,0,0,0,0,398.623,0,99.4583,-498.081
"MtrElec",2,7,16,"",62.9055,0,0,0,0,0,0,0,0,0,0,0,0,0,0,0,0,0,0,0,0,409.385,0,0,-346.48
"MtrElec",2,7,17,"",240.321,0,0,0,0,0,0,0,0,0,0,0,0,0,0,0,0,0,0,0,0,391.256,0,0,-150.936
"MtrElec",2,7,18,"",416.877,0,0,0,0,0,0,0,0,0,0,0,0,0,0,0,0,0,0,0,0,423.723,0,0,-6.84604
"MtrElec",2,7,19,"",238.208,0,0,0,0,0,0,0,0,0,0,0,0,0,0,0,0,0,0,0,0,461.43,0,-223.222,0
"MtrElec",2,7,20,"",182.57,0,0,0,0,0,0,0,0,0,0,0,0,0,0,0,0,0,0,0,0,405.792,0,-223.222,0
"MtrElec",2,7,21,"",234.905,0,0,0,0,0,0,0,0,0,0,0,0,0,0,0,0,0,0,0,0,372.039,0,-137.135,0
"MtrElec",2,7,22,"",337.478,0,0,0,0,0,0,0,0,0,0,0,0,0,0,0,0,0,0,0,0,337.478,0,0,0
"MtrElec",2,7,23,"",201.111,0,0,0,0,0,0,0,0,0,0,0,0,0,0,0,0,0,0,0,0,201.111,0,0,0
"MtrElec",2,7,24,"",241.906,0,0,0,0,0,0,0,0,0,0,0,0,0,0,0,0,0,0,0,0,241.906,0,0,0
"MtrElec",2,8,1,"",168.96,0,0,0,0,0,0,0,0,0,0,0,0,0,0,0,0,0,0,0,0,168.96,0,0,0
"MtrElec",2,8,2,"",156.328,0,0,0,0,0,0,0,0,0,0,0,0,0,0,0,0,0,0,0,0,156.328,0,0,0
"MtrElec",2,8,3,"",157.301,0,0,0,0,0,0,0,0,0,0,0,0,0,0,0,0,0,0,0,0,157.301,0,0,0
"MtrElec",2,8,4,"",161.141,0,0,0,0,0,0,0,0,0,0,0,0,0,0,0,0,0,0,0,0,161.141,0,0,0
"MtrElec",2,8,5,"",191.469,0,0,0,0,0,0,0,0,0,0,0,0,0,0,0,0,0,0,0,0,191.469,0,0,0
"MtrElec",2,8,6,"",165.838,0,0,0,0,0,0,0,0,0,0,0,0,0,0,0,0,0,0,0,0,165.838,0,0,0
"MtrElec",2,8,7,"",225.912,0,0,0,0,0,0,0,0,0,0,0,0,0,0,0,0,0,0,0,0,225.912,0,0,0
"MtrElec",2,8,8,"",126.454,0,0,0,0,0,0,0,0,0,0,0,0,0,0,0,0,0,0,0,0,250.608,0,0,-124.154
"MtrElec",2,8,9,"",11.0044,0,0,0,0,0,0,0,0,0,0,0,0,0,0,0,0,0,0,0,0,335.401,0,0,-324.397
"MtrElec",2,8,10,"",-153.479,0,0,0,0,0,0,0,0,0,0,0,0,0,0,0,0,0,0,0,0,322.223,0,0,-475.701
"MtrElec",2,8,11,"",0.0000156,0,0,0,0,0,0,0,0,0,0,0,0,0,0,0,0,0,0,0,0,409.76,0,162.017,-571.777
"MtrElec",2,8,12,"",0,0,0,0,0,0,0,0,0,0,0,0,0,0,0,0,0,0,0,0,0,422.051,0,196.127,-618.178
"MtrElec",2,8,13,"",0,0,0,0,0,0,0,0,0,0,0,0,0,0,0,0,0,0,0,0,0,420.277,0,196.662,-616.939
"MtrElec",2,8,14,"",0.0000156,0,0,0,0,0,0,0,0,0,0,0,0,0,0,0,0,0,0,0,0,404.154,0,168.247,-572.401
"MtrElec",2,8,15,"",0,0,0,0,0,0,0,0,0,0,0,0,0,0,0,0,0,0,0,0,0,423.385,0,66.9048,-490.29
"MtrElec",2,8,16,"",30.6573,0,0,0,0,0,0,0,0,0,0,0,0,0,0,0,0,0,0,0,0,382.781,0,0,-352.123
"MtrElec",2,8,17,"",257.213,0,0,0,0,0,0,0,0,0,0,0,0,0,0,0,0,0,0,0,0,412.391,0,0,-155.179
"MtrElec",2,8,18,"",419.284,0,0,0,0,0,0,0,0,0,0,0,0,0,0,0,0,0,0,0,0,426.48,0,0,-7.19612
"MtrElec",2,8,19,"",213.272,0,0,0,0,0,0,0,0,0,0,0,0,0,0,0,0,0,0,0,0,436.495,0,-223.222,0
"MtrElec",2,8,20,"",131.019,0,0,0,0,0,0,0,0,0,0,0,0,0,0,0,0,0,0,0,0,354.242,0,-223.222,0
"MtrElec",2,8,21,"",106.467,0,0,0,0,0,0,0,0,0,0,0,0,0,0,0,0,0,0,0,0,329.689,0,-223.222,0
"MtrElec",2,8,22,"",292.997,0,0,0,0,0,0,0,0,0,0,0,0,0,0,0,0,0,0,0,0,336.266,0,-43.2696,0
"MtrElec",2,8,23,"",258.776,0,0,0,0,0,0,0,0,0,0,0,0,0,0,0,0,0,0,0,0,258.776,0,0,0
"MtrElec",2,8,24,"",201.62,0,0,0,0,0,0,0,0,0,0,0,0,0,0,0,0,0,0,0,0,201.62,0,0,0
"MtrElec",2,9,1,"",173.342,0,0,0,0,0,0,0,0,0,0,0,0,0,0,0,0,0,0,0,0,173.342,0,0,0
"MtrElec",2,9,2,"",156.563,0,0,0,0,0,0,0,0,0,0,0,0,0,0,0,0,0,0,0,0,156.563,0,0,0
"MtrElec",2,9,3,"",196.499,0,0,0,0,0,0,0,0,0,0,0,0,0,0,0,0,0,0,0,0,196.499,0,0,0
"MtrElec",2,9,4,"",154.982,0,0,0,0,0,0,0,0,0,0,0,0,0,0,0,0,0,0,0,0,154.982,0,0,0
"MtrElec",2,9,5,"",155.732,0,0,0,0,0,0,0,0,0,0,0,0,0,0,0,0,0,0,0,0,155.732,0,0,0
"MtrElec",2,9,6,"",156.764,0,0,0,0,0,0,0,0,0,0,0,0,0,0,0,0,0,0,0,0,156.764,0,0,0
"MtrElec",2,9,7,"",305.547,0,0,0,0,0,0,0,0,0,0,0,0,0,0,0,0,0,0,0,0,305.547,0,0,0
"MtrElec",2,9,8,"",223.426,0,0,0,0,0,0,0,0,0,0,0,0,0,0,0,0,0,0,0,0,352.607,0,0,-129.181
"MtrElec",2,9,9,"",33.7964,0,0,0,0,0,0,0,0,0,0,0,0,0,0,0,0,0,0,0,0,363.581,0,0,-329.784
"MtrElec",2,9,10,"",-26.3768,0,0,0,0,0,0,0,0,0,0,0,0,0,0,0,0,0,0,0,0,455.48,0,0,-481.857
"MtrElec",2,9,11,"",0,0,0,0,0,0,0,0,0,0,0,0,0,0,0,0,0,0,0,0,0,451.215,0,135.124,-586.339
"MtrElec",2,9,12,"",0,0,0,0,0,0,0,0,0,0,0,0,0,0,0,0,0,0,0,0,0,439.791,0,193.757,-633.548
"MtrElec",2,9,13,"",0,0,0,0,0,0,0,0,0,0,0,0,0,0,0,0,0,0,0,0,0,464.873,0,156.907,-621.78
"MtrElec",2,9,14,"",0,0,0,0,0,0,0,0,0,0,0,0,0,0,0,0,0,0,0,0,0,413.992,0,161.323,-575.314
"MtrElec",2,9,15,"",0,0,0,0,0,0,0,0,0,0,0,0,0,0,0,0,0,0,0,0,0,449.488,0,33.6356,-483.124
"MtrElec",2,9,16,"",49.3882,0,0,0,0,0,0,0,0,0,0,0,0,0,0,0,0,0,0,0,0,400.514,0,0,-351.125
"MtrElec",2,9,17,"",287.847,0,0,0,0,0,0,0,0,0,0,0,0,0,0,0,0,0,0,0,0,448.393,0,0,-160.545
"MtrElec",2,9,18,"",402.246,0,0,0,0,0,0,0,0,0,0,0,0,0,0,0,0,0,0,0,0,409.876,0,0,-7.63036
"MtrElec",2,9,19,"",188.725,0,0,0,0,0,0,0,0,0,0,0,0,0,0,0,0,0,0,0,0,411.948,0,-223.222,0
"MtrElec",2,9,20,"",229.316,0,0,0,0,0,0,0,0,0,0,0,0,0,0,0,0,0,0,0,0,452.539,0,-223.222,0
"MtrElec",2,9,21,"",248.42,0,0,0,0,0,0,0,0,0,0,0,0,0,0,0,0,0,0,0,0,416.349,0,-167.929,0
"MtrElec",2,9,22,"",305.871,0,0,0,0,0,0,0,0,0,0,0,0,0,0,0,0,0,0,0,0,305.871,0,0,0
"MtrElec",2,9,23,"",277.245,0,0,0,0,0,0,0,0,0,0,0,0,0,0,0,0,0,0,0,0,277.245,0,0,0
"MtrElec",2,9,24,"",234.137,0,0,0,0,0,0,0,0,0,0,0,0,0,0,0,0,0,0,0,0,234.137,0,0,0
"MtrElec",2,10,1,"",237.895,0,0,0,0,0,0,0,0,0,0,0,0,0,0,0,0,0,0,0,0,237.895,0,0,0
"MtrElec",2,10,2,"",158.031,0,0,0,0,0,0,0,0,0,0,0,0,0,0,0,0,0,0,0,0,158.031,0,0,0
"MtrElec",2,10,3,"",153.039,0,0,0,0,0,0,0,0,0,0,0,0,0,0,0,0,0,0,0,0,153.039,0,0,0
"MtrElec",2,10,4,"",156.709,0,0,0,0,0,0,0,0,0,0,0,0,0,0,0,0,0,0,0,0,156.709,0,0,0
"MtrElec",2,10,5,"",149.789,0,0,0,0,0,0,0,0,0,0,0,0,0,0,0,0,0,0,0,0,149.789,0,0,0
"MtrElec",2,10,6,"",188.858,0,0,0,0,0,0,0,0,0,0,0,0,0,0,0,0,0,0,0,0,188.858,0,0,0
"MtrElec",2,10,7,"",254.264,0,0,0,0,0,0,0,0,0,0,0,0,0,0,0,0,0,0,0,0,254.264,0,0,0
"MtrElec",2,10,8,"",256.47,0,0,0,0,0,0,0,0,0,0,0,0,0,0,0,0,0,0,0,0,387.684,0,0,-131.214
"MtrElec",2,10,9,"",106.282,0,0,0,0,0,0,0,0,0,0,0,0,0,0,0,0,0,0,0,0,415.684,0,0,-309.402
"MtrElec",2,10,10,"",74.0796,0,0,0,0,0,0,0,0,0,0,0,0,0,0,0,0,0,0,0,0,452.914,0,0,-378.834
"MtrElec",2,10,11,"",0.0000078,0,0,0,0,0,0,0,0,0,0,0,0,0,0,0,0,0,0,0,0,456.909,0,114.696,-571.605
"MtrElec",2,10,12,"",0,0,0,0,0,0,0,0,0,0,0,0,0,0,0,0,0,0,0,0,0,468.354,0,148.262,-616.616
"MtrElec",2,10,13,"",0,0,0,0,0,0,0,0,0,0,0,0,0,0,0,0,0,0,0,0,0,511.046,0,105.627,-616.674
"MtrElec",2,10,14,"",0.0000078,0,0,0,0,0,0,0,0,0,0,0,0,0,0,0,0,0,0,0,0,452.051,0,130.643,-582.694
"MtrElec",2,10,15,"",0.0000078,0,0,0,0,0,0,0,0,0,0,0,0,0,0,0,0,0,0,0,0,386.046,0,112.22,-498.266
"MtrElec",2,10,16,"",96.1748,0,0,0,0,0,0,0,0,0,0,0,0,0,0,0,0,0,0,0,0,422.522,0,0,-326.347
"MtrElec",2,10,17,"",357.774,0,0,0,0,0,0,0,0,0,0,0,0,0,0,0,0,0,0,0,0,469.125,0,0,-111.351
"MtrElec",2,10,18,"",411.336,0,0,0,0,0,0,0,0,0,0,0,0,0,0,0,0,0,0,0,0,415.953,0,0,-4.6175
"MtrElec",2,10,19,"",219.656,0,0,0,0,0,0,0,0,0,0,0,0,0,0,0,0,0,0,0,0,442.879,0,-223.222,0
"MtrElec",2,10,20,"",259.537,0,0,0,0,0,0,0,0,0,0,0,0,0,0,0,0,0,0,0,0,482.76,0,-223.222,0
"MtrElec",2,10,21,"",319.652,0,0,0,0,0,0,0,0,0,0,0,0,0,0,0,0,0,0,0,0,425.04,0,-105.388,0
"MtrElec",2,10,22,"",301.538,0,0,0,0,0,0,0,0,0,0,0,0,0,0,0,0,0,0,0,0,301.538,0,0,0
"MtrElec",2,10,23,"",222.344,0,0,0,0,0,0,0,0,0,0,0,0,0,0,0,0,0,0,0,0,222.344,0,0,0
"MtrElec",2,10,24,"",254.793,0,0,0,0,0,0,0,0,0,0,0,0,0,0,0,0,0,0,0,0,254.793,0,0,0
"MtrElec",2,11,1,"",163.457,0,0,0,0,0,0,0,0,0,0,0,0,0,0,0,0,0,0,0,0,163.457,0,0,0
"MtrElec",2,11,2,"",159.676,0,0,0,0,0,0,0,0,0,0,0,0,0,0,0,0,0,0,0,0,159.676,0,0,0
"MtrElec",2,11,3,"",153.922,0,0,0,0,0,0,0,0,0,0,0,0,0,0,0,0,0,0,0,0,153.922,0,0,0
"MtrElec",2,11,4,"",154.169,0,0,0,0,0,0,0,0,0,0,0,0,0,0,0,0,0,0,0,0,154.169,0,0,0
"MtrElec",2,11,5,"",148.835,0,0,0,0,0,0,0,0,0,0,0,0,0,0,0,0,0,0,0,0,148.835,0,0,0
"MtrElec",2,11,6,"",203.577,0,0,0,0,0,0,0,0,0,0,0,0,0,0,0,0,0,0,0,0,203.577,0,0,0
"MtrElec",2,11,7,"",264.899,0,0,0,0,0,0,0,0,0,0,0,0,0,0,0,0,0,0,0,0,264.899,0,0,0
"MtrElec",2,11,8,"",191.921,0,0,0,0,0,0,0,0,0,0,0,0,0,0,0,0,0,0,0,0,314.122,0,0,-122.201
"MtrElec",2,11,9,"",49.3789,0,0,0,0,0,0,0,0,0,0,0,0,0,0,0,0,0,0,0,0,377.222,0,0,-327.843
"MtrElec",2,11,10,"",32.0991,0,0,0,0,0,0,0,0,0,0,0,0,0,0,0,0,0,0,0,0,513.251,0,0,-481.152
"MtrElec",2,11,11,"",0.0000078,0,0,0,0,0,0,0,0,0,0,0,0,0,0,0,0,0,0,0,0,467.402,0,107.678,-575.08
"MtrElec",2,11,12,"",0,0,0,0,0,0,0,0,0,0,0,0,0,0,0,0,0,0,0,0,0,451.754,0,168.031,-619.785
"MtrElec",2,11,13,"",0,0,0,0,0,0,0,0,0,0,0,0,0,0,0,0,0,0,0,0,0,475.052,0,112.147,-587.199
"MtrElec",2,11,14,"",0,0,0,0,0,0,0,0,0,0,0,0,0,0,0,0,0,0,0,0,0,373.762,0,86.0984,-459.861
"MtrElec",2,11,15,"",0,0,0,0,0,0,0,0,0,0,0,0,0,0,0,0,0,0,0,0,0,423.105,0,53.0622,-476.168
"MtrElec",2,11,16,"",91.4319,0,0,0,0,0,0,0,0,0,0,0,0,0,0,0,0,0,0,0,0,436.344,0,0,-344.913
"MtrElec",2,11,17,"",260.947,0,0,0,0,0,0,0,0,0,0,0,0,0,0,0,0,0,0,0,0,422.211,0,0,-161.264
"MtrElec",2,11,18,"",453.243,0,0,0,0,0,0,0,0,0,0,0,0,0,0,0,0,0,0,0,0,461.758,0,0,-8.51494
"MtrElec",2,11,19,"",228.722,0,0,0,0,0,0,0,0,0,0,0,0,0,0,0,0,0,0,0,0,451.945,0,-223.222,0
"MtrElec",2,11,20,"",206.909,0,0,0,0,0,0,0,0,0,0,0,0,0,0,0,0,0,0,0,0,430.131,0,-223.222,0
"MtrElec",2,11,21,"",391.481,0,0,0,0,0,0,0,0,0,0,0,0,0,0,0,0,0,0,0,0,420.669,0,-29.1886,0
"MtrElec",2,11,22,"",317.685,0,0,0,0,0,0,0,0,0,0,0,0,0,0,0,0,0,0,0,0,317.685,0,0,0
"MtrElec",2,11,23,"",308.177,0,0,0,0,0,0,0,0,0,0,0,0,0,0,0,0,0,0,0,0,308.177,0,0,0
"MtrElec",2,11,24,"",225.263,0,0,0,0,0,0,0,0,0,0,0,0,0,0,0,0,0,0,0,0,225.263,0,0,0
"MtrElec",2,12,1,"",208.527,0,0,0,0,0,0,0,0,0,0,0,0,0,0,0,0,0,0,0,0,208.527,0,0,0
"MtrElec",2,12,2,"",158.139,0,0,0,0,0,0,0,0,0,0,0,0,0,0,0,0,0,0,0,0,158.139,0,0,0
"MtrElec",2,12,3,"",160.378,0,0,0,0,0,0,0,0,0,0,0,0,0,0,0,0,0,0,0,0,160.378,0,0,0
"MtrElec",2,12,4,"",160.985,0,0,0,0,0,0,0,0,0,0,0,0,0,0,0,0,0,0,0,0,160.985,0,0,0
"MtrElec",2,12,5,"",157.248,0,0,0,0,0,0,0,0,0,0,0,0,0,0,0,0,0,0,0,0,157.248,0,0,0
"MtrElec",2,12,6,"",211.791,0,0,0,0,0,0,0,0,0,0,0,0,0,0,0,0,0,0,0,0,211.791,0,0,0
"MtrElec",2,12,7,"",247.693,0,0,0,0,0,0,0,0,0,0,0,0,0,0,0,0,0,0,0,0,251.341,0,0,-3.64801
"MtrElec",2,12,8,"",228.794,0,0,0,0,0,0,0,0,0,0,0,0,0,0,0,0,0,0,0,0,356.132,0,0,-127.338
"MtrElec",2,12,9,"",59.1831,0,0,0,0,0,0,0,0,0,0,0,0,0,0,0,0,0,0,0,0,389.008,0,0,-329.825
"MtrElec",2,12,10,"",-8.43428,0,0,0,0,0,0,0,0,0,0,0,0,0,0,0,0,0,0,0,0,472.107,0,0,-480.541
"MtrElec",2,12,11,"",0.0000078,0,0,0,0,0,0,0,0,0,0,0,0,0,0,0,0,0,0,0,0,489.454,0,84.3954,-573.85
"MtrElec",2,12,12,"",0.0000078,0,0,0,0,0,0,0,0,0,0,0,0,0,0,0,0,0,0,0,0,492.604,0,126.612,-619.216
"MtrElec",2,12,13,"",0,0,0,0,0,0,0,0,0,0,0,0,0,0,0,0,0,0,0,0,0,540.381,0,77.7476,-618.128
"MtrElec",2,12,14,"",0,0,0,0,0,0,0,0,0,0,0,0,0,0,0,0,0,0,0,0,0,395.87,0,188.63,-584.5
"MtrElec",2,12,15,"",0.0000039,0,0,0,0,0,0,0,0,0,0,0,0,0,0,0,0,0,0,0,0,451.689,0,50.3389,-502.028
"MtrElec",2,12,16,"",85.0498,0,0,0,0,0,0,0,0,0,0,0,0,0,0,0,0,0,0,0,0,444.366,0,0,-359.317
"MtrElec",2,12,17,"",242.154,0,0,0,0,0,0,0,0,0,0,0,0,0,0,0,0,0,0,0,0,407.297,0,0,-165.143
"MtrElec",2,12,18,"",431.795,0,0,0,0,0,0,0,0,0,0,0,0,0,0,0,0,0,0,0,0,440.483,0,0,-8.68821
"MtrElec",2,12,19,"",206.745,0,0,0,0,0,0,0,0,0,0,0,0,0,0,0,0,0,0,0,0,429.967,0,-223.222,0
"MtrElec",2,12,20,"",172.753,0,0,0,0,0,0,0,0,0,0,0,0,0,0,0,0,0,0,0,0,395.975,0,-223.222,0
"MtrElec",2,12,21,"",336.504,0,0,0,0,0,0,0,0,0,0,0,0,0,0,0,0,0,0,0,0,366.331,0,-29.8265,0
"MtrElec",2,12,22,"",306.791,0,0,0,0,0,0,0,0,0,0,0,0,0,0,0,0,0,0,0,0,306.791,0,0,0
"MtrElec",2,12,23,"",264.498,0,0,0,0,0,0,0,0,0,0,0,0,0,0,0,0,0,0,0,0,264.498,0,0,0
"MtrElec",2,12,24,"",181.943,0,0,0,0,0,0,0,0,0,0,0,0,0,0,0,0,0,0,0,0,181.943,0,0,0
"MtrElec",2,13,1,"",213.931,0,0,0,0,0,0,0,0,0,0,0,0,0,0,0,0,0,0,0,0,213.931,0,0,0
"MtrElec",2,13,2,"",156.419,0,0,0,0,0,0,0,0,0,0,0,0,0,0,0,0,0,0,0,0,156.419,0,0,0
"MtrElec",2,13,3,"",155.937,0,0,0,0,0,0,0,0,0,0,0,0,0,0,0,0,0,0,0,0,155.937,0,0,0
"MtrElec",2,13,4,"",160.187,0,0,0,0,0,0,0,0,0,0,0,0,0,0,0,0,0,0,0,0,160.187,0,0,0
"MtrElec",2,13,5,"",169.592,0,0,0,0,0,0,0,0,0,0,0,0,0,0,0,0,0,0,0,0,169.592,0,0,0
"MtrElec",2,13,6,"",176.913,0,0,0,0,0,0,0,0,0,0,0,0,0,0,0,0,0,0,0,0,176.913,0,0,0
"MtrElec",2,13,7,"",264.019,0,0,0,0,0,0,0,0,0,0,0,0,0,0,0,0,0,0,0,0,267.277,0,0,-3.25763
"MtrElec",2,13,8,"",241.496,0,0,0,0,0,0,0,0,0,0,0,0,0,0,0,0,0,0,0,0,359.646,0,0,-118.151
"MtrElec",2,13,9,"",203.203,0,0,0,0,0,0,0,0,0,0,0,0,0,0,0,0,0,0,0,0,387.257,0,0,-184.055
"MtrElec",2,13,10,"",86.9089,0,0,0,0,0,0,0,0,0,0,0,0,0,0,0,0,0,0,0,0,410.764,0,0,-323.855
"MtrElec",2,13,11,"",150.791,0,0,0,0,0,0,0,0,0,0,0,0,0,0,0,0,0,0,0,0,423.051,0,0,-272.26
"MtrElec",2,13,12,"",219.601,0,0,0,0,0,0,0,0,0,0,0,0,0,0,0,0,0,0,0,0,393.607,0,0,-174.006
"MtrElec",2,13,13,"",68.1801,0,0,0,0,0,0,0,0,0,0,0,0,0,0,0,0,0,0,0,0,377.881,0,0,-309.701
"MtrElec",2,13,14,"",0,0,0,0,0,0,0,0,0,0,0,0,0,0,0,0,0,0,0,0,0,369.118,0,4.48728,-373.606
"MtrElec",2,13,15,"",132.79,0,0,0,0,0,0,0,0,0,0,0,0,0,0,0,0,0,0,0,0,362.683,0,0,-229.893
"MtrElec",2,13,16,"",218.276,0,0,0,0,0,0,0,0,0,0,0,0,0,0,0,0,0,0,0,0,326.661,0,0,-108.384
"MtrElec",2,13,17,"",357.097,0,0,0,0,0,0,0,0,0,0,0,0,0,0,0,0,0,0,0,0,400.872,0,0,-43.7745
"MtrElec",2,13,18,"",403.41,0,0,0,0,0,0,0,0,0,0,0,0,0,0,0,0,0,0,0,0,403.41,0,0,0
"MtrElec",2,13,19,"",394.488,0,0,0,0,0,0,0,0,0,0,0,0,0,0,0,0,0,0,0,0,398.538,0,-4.04977,0
"MtrElec",2,13,20,"",440.296,0,0,0,0,0,0,0,0,0,0,0,0,0,0,0,0,0,0,0,0,440.296,0,0,0
"MtrElec",2,13,21,"",397.784,0,0,0,0,0,0,0,0,0,0,0,0,0,0,0,0,0,0,0,0,397.784,0,0,0
"MtrElec",2,13,22,"",314.801,0,0,0,0,0,0,0,0,0,0,0,0,0,0,0,0,0,0,0,0,314.801,0,0,0
"MtrElec",2,13,23,"",291.485,0,0,0,0,0,0,0,0,0,0,0,0,0,0,0,0,0,0,0,0,291.485,0,0,0
"MtrElec",2,13,24,"",222.219,0,0,0,0,0,0,0,0,0,0,0,0,0,0,0,0,0,0,0,0,222.219,0,0,0
"MtrElec",2,14,1,"",179.92,0,0,0,0,0,0,0,0,0,0,0,0,0,0,0,0,0,0,0,0,179.92,0,0,0
"MtrElec",2,14,2,"",207.297,0,0,0,0,0,0,0,0,0,0,0,0,0,0,0,0,0,0,0,0,207.297,0,0,0
"MtrElec",2,14,3,"",155.143,0,0,0,0,0,0,0,0,0,0,0,0,0,0,0,0,0,0,0,0,155.143,0,0,0
"MtrElec",2,14,4,"",156.036,0,0,0,0,0,0,0,0,0,0,0,0,0,0,0,0,0,0,0,0,156.036,0,0,0
"MtrElec",2,14,5,"",173.545,0,0,0,0,0,0,0,0,0,0,0,0,0,0,0,0,0,0,0,0,173.545,0,0,0
"MtrElec",2,14,6,"",154.786,0,0,0,0,0,0,0,0,0,0,0,0,0,0,0,0,0,0,0,0,154.786,0,0,0
"MtrElec",2,14,7,"",243.703,0,0,0,0,0,0,0,0,0,0,0,0,0,0,0,0,0,0,0,0,243.703,0,0,0
"MtrElec",2,14,8,"",244.481,0,0,0,0,0,0,0,0,0,0,0,0,0,0,0,0,0,0,0,0,248.051,0,0,-3.56995
"MtrElec",2,14,9,"",315.93,0,0,0,0,0,0,0,0,0,0,0,0,0,0,0,0,0,0,0,0,327.042,0,0,-11.1121
"MtrElec",2,14,10,"",425.154,0,0,0,0,0,0,0,0,0,0,0,0,0,0,0,0,0,0,0,0,461.837,0,0,-36.6829
"MtrElec",2,14,11,"",307.598,0,0,0,0,0,0,0,0,0,0,0,0,0,0,0,0,0,0,0,0,505.938,0,0,-198.34
"MtrElec",2,14,12,"",0,0,0,0,0,0,0,0,0,0,0,0,0,0,0,0,0,0,0,0,0,465.641,0,71.2998,-536.941
"MtrElec",2,14,13,"",-36.7987,0,0,0,0,0,0,0,0,0,0,0,0,0,0,0,0,0,0,0,0,421.563,0,223.222,-681.584
"MtrElec",2,14,14,"",0,0,0,0,0,0,0,0,0,0,0,0,0,0,0,0,0,0,0,0,0,418.98,0,213.158,-632.138
"MtrElec",2,14,15,"",16.2925,0,0,0,0,0,0,0,0,0,0,0,0,0,0,0,0,0,0,0,0,413.643,0,0,-397.351
"MtrElec",2,14,16,"",53.1508,0,0,0,0,0,0,0,0,0,0,0,0,0,0,0,0,0,0,0,0,407.283,0,0,-354.132
"MtrElec",2,14,17,"",218.956,0,0,0,0,0,0,0,0,0,0,0,0,0,0,0,0,0,0,0,0,399.879,0,0,-180.923
"MtrElec",2,14,18,"",455.442,0,0,0,0,0,0,0,0,0,0,0,0,0,0,0,0,0,0,0,0,464.894,0,0,-9.45202
"MtrElec",2,14,19,"",281.385,0,0,0,0,0,0,0,0,0,0,0,0,0,0,0,0,0,0,0,0,504.608,0,-223.222,0
"MtrElec",2,14,20,"",159.405,0,0,0,0,0,0,0,0,0,0,0,0,0,0,0,0,0,0,0,0,382.627,0,-223.222,0
"MtrElec",2,14,21,"",355.689,0,0,0,0,0,0,0,0,0,0,0,0,0,0,0,0,0,0,0,0,367.426,0,-11.737,0
"MtrElec",2,14,22,"",304.783,0,0,0,0,0,0,0,0,0,0,0,0,0,0,0,0,0,0,0,0,304.783,0,0,0
"MtrElec",2,14,23,"",273.461,0,0,0,0,0,0,0,0,0,0,0,0,0,0,0,0,0,0,0,0,273.461,0,0,0
"MtrElec",2,14,24,"",226.488,0,0,0,0,0,0,0,0,0,0,0,0,0,0,0,0,0,0,0,0,226.488,0,0,0
"MtrElec",2,15,1,"",161.898,0,0,0,0,0,0,0,0,0,0,0,0,0,0,0,0,0,0,0,0,161.898,0,0,0
"MtrElec",2,15,2,"",157.641,0,0,0,0,0,0,0,0,0,0,0,0,0,0,0,0,0,0,0,0,157.641,0,0,0
"MtrElec",2,15,3,"",157.189,0,0,0,0,0,0,0,0,0,0,0,0,0,0,0,0,0,0,0,0,157.189,0,0,0
"MtrElec",2,15,4,"",203.849,0,0,0,0,0,0,0,0,0,0,0,0,0,0,0,0,0,0,0,0,203.849,0,0,0
"MtrElec",2,15,5,"",189.219,0,0,0,0,0,0,0,0,0,0,0,0,0,0,0,0,0,0,0,0,189.219,0,0,0
"MtrElec",2,15,6,"",157.685,0,0,0,0,0,0,0,0,0,0,0,0,0,0,0,0,0,0,0,0,157.685,0,0,0
"MtrElec",2,15,7,"",163.766,0,0,0,0,0,0,0,0,0,0,0,0,0,0,0,0,0,0,0,0,169.905,0,0,-6.1391
"MtrElec",2,15,8,"",117.579,0,0,0,0,0,0,0,0,0,0,0,0,0,0,0,0,0,0,0,0,264.2,0,0,-146.621
"MtrElec",2,15,9,"",-6.74444,0,0,0,0,0,0,0,0,0,0,0,0,0,0,0,0,0,0,0,0,342.777,0,0,-349.521
"MtrElec",2,15,10,"",-97.9154,0,0,0,0,0,0,0,0,0,0,0,0,0,0,0,0,0,0,0,0,411.931,0,0,-509.846
"MtrElec",2,15,11,"",0,0,0,0,0,0,0,0,0,0,0,0,0,0,0,0,0,0,0,0,0,447.475,0,170.436,-617.911
"MtrElec",2,15,12,"",-43.9471,0,0,0,0,0,0,0,0,0,0,0,0,0,0,0,0,0,0,0,0,408.235,0,223.222,-675.405
"MtrElec",2,15,13,"",-19.6755,0,0,0,0,0,0,0,0,0,0,0,0,0,0,0,0,0,0,0,0,438.515,0,223.222,-681.412
"MtrElec",2,15,14,"",-64.0386,0,0,0,0,0,0,0,0,0,0,0,0,0,0,0,0,0,0,0,0,382.477,0,182.081,-628.597
"MtrElec",2,15,15,"",-123.191,0,0,0,0,0,0,0,0,0,0,0,0,0,0,0,0,0,0,0,0,395.74,0,0,-518.931
"MtrElec",2,15,16,"",-15.5743,0,0,0,0,0,0,0,0,0,0,0,0,0,0,0,0,0,0,0,0,348.987,0,0,-364.561
"MtrElec",2,15,17,"",179.804,0,0,0,0,0,0,0,0,0,0,0,0,0,0,0,0,0,0,0,0,353.426,0,0,-173.622
"MtrElec",2,15,18,"",357.937,0,0,0,0,0,0,0,0,0,0,0,0,0,0,0,0,0,0,0,0,367.726,0,0,-9.78964
"MtrElec",2,15,19,"",168.444,0,0,0,0,0,0,0,0,0,0,0,0,0,0,0,0,0,0,0,0,391.666,0,-223.222,0
"MtrElec",2,15,20,"",101.569,0,0,0,0,0,0,0,0,0,0,0,0,0,0,0,0,0,0,0,0,324.791,0,-223.222,0
"MtrElec",2,15,21,"",77.9737,0,0,0,0,0,0,0,0,0,0,0,0,0,0,0,0,0,0,0,0,301.196,0,-223.222,0
"MtrElec",2,15,22,"",253.326,0,0,0,0,0,0,0,0,0,0,0,0,0,0,0,0,0,0,0,0,304.722,0,-51.3963,0
"MtrElec",2,15,23,"",201.924,0,0,0,0,0,0,0,0,0,0,0,0,0,0,0,0,0,0,0,0,201.924,0,0,0
"MtrElec",2,15,24,"",247.776,0,0,0,0,0,0,0,0,0,0,0,0,0,0,0,0,0,0,0,0,247.776,0,0,0
"MtrElec",2,16,1,"",170.202,0,0,0,0,0,0,0,0,0,0,0,0,0,0,0,0,0,0,0,0,170.202,0,0,0
"MtrElec",2,16,2,"",155.681,0,0,0,0,0,0,0,0,0,0,0,0,0,0,0,0,0,0,0,0,155.681,0,0,0
"MtrElec",2,16,3,"",160.415,0,0,0,0,0,0,0,0,0,0,0,0,0,0,0,0,0,0,0,0,160.415,0,0,0
"MtrElec",2,16,4,"",160.412,0,0,0,0,0,0,0,0,0,0,0,0,0,0,0,0,0,0,0,0,160.412,0,0,0
"MtrElec",2,16,5,"",156.434,0,0,0,0,0,0,0,0,0,0,0,0,0,0,0,0,0,0,0,0,156.434,0,0,0
"MtrElec",2,16,6,"",237.259,0,0,0,0,0,0,0,0,0,0,0,0,0,0,0,0,0,0,0,0,237.259,0,0,0
"MtrElec",2,16,7,"",214.097,0,0,0,0,0,0,0,0,0,0,0,0,0,0,0,0,0,0,0,0,219.609,0,0,-5.51131
"MtrElec",2,16,8,"",179.576,0,0,0,0,0,0,0,0,0,0,0,0,0,0,0,0,0,0,0,0,320.065,0,0,-140.488
"MtrElec",2,16,9,"",4.41719,0,0,0,0,0,0,0,0,0,0,0,0,0,0,0,0,0,0,0,0,353.095,0,0,-348.678
"MtrElec",2,16,10,"",-22.5588,0,0,0,0,0,0,0,0,0,0,0,0,0,0,0,0,0,0,0,0,491.386,0,0,-513.944
"MtrElec",2,16,11,"",0.0000078,0,0,0,0,0,0,0,0,0,0,0,0,0,0,0,0,0,0,0,0,503.581,0,113.793,-617.374
"MtrElec",2,16,12,"",0,0,0,0,0,0,0,0,0,0,0,0,0,0,0,0,0,0,0,0,0,469.644,0,196.137,-665.781
"MtrElec",2,16,13,"",0,0,0,0,0,0,0,0,0,0,0,0,0,0,0,0,0,0,0,0,0,488.055,0,170.29,-658.345
"MtrElec",2,16,14,"",0.0000156,0,0,0,0,0,0,0,0,0,0,0,0,0,0,0,0,0,0,0,0,462.355,0,147.549,-609.905
"MtrElec",2,16,15,"",0.0000078,0,0,0,0,0,0,0,0,0,0,0,0,0,0,0,0,0,0,0,0,439.982,0,83.9244,-523.906
"MtrElec",2,16,16,"",29.3397,0,0,0,0,0,0,0,0,0,0,0,0,0,0,0,0,0,0,0,0,404.864,0,0,-375.524
"MtrElec",2,16,17,"",143.433,0,0,0,0,0,0,0,0,0,0,0,0,0,0,0,0,0,0,0,0,319.816,0,0,-176.383
"MtrElec",2,16,18,"",361.332,0,0,0,0,0,0,0,0,0,0,0,0,0,0,0,0,0,0,0,0,370.999,0,0,-9.66693
"MtrElec",2,16,19,"",157.013,0,0,0,0,0,0,0,0,0,0,0,0,0,0,0,0,0,0,0,0,380.235,0,-223.222,0
"MtrElec",2,16,20,"",78.1665,0,0,0,0,0,0,0,0,0,0,0,0,0,0,0,0,0,0,0,0,301.389,0,-223.222,0
"MtrElec",2,16,21,"",107.587,0,0,0,0,0,0,0,0,0,0,0,0,0,0,0,0,0,0,0,0,303.447,0,-195.859,0
"MtrElec",2,16,22,"",279.163,0,0,0,0,0,0,0,0,0,0,0,0,0,0,0,0,0,0,0,0,279.163,0,0,0
"MtrElec",2,16,23,"",259.592,0,0,0,0,0,0,0,0,0,0,0,0,0,0,0,0,0,0,0,0,259.592,0,0,0
"MtrElec",2,16,24,"",218.235,0,0,0,0,0,0,0,0,0,0,0,0,0,0,0,0,0,0,0,0,218.235,0,0,0
"MtrElec",2,17,1,"",155.426,0,0,0,0,0,0,0,0,0,0,0,0,0,0,0,0,0,0,0,0,155.426,0,0,0
"MtrElec",2,17,2,"",164.926,0,0,0,0,0,0,0,0,0,0,0,0,0,0,0,0,0,0,0,0,164.926,0,0,0
"MtrElec",2,17,3,"",163.555,0,0,0,0,0,0,0,0,0,0,0,0,0,0,0,0,0,0,0,0,163.555,0,0,0
"MtrElec",2,17,4,"",160.832,0,0,0,0,0,0,0,0,0,0,0,0,0,0,0,0,0,0,0,0,160.832,0,0,0
"MtrElec",2,17,5,"",155.362,0,0,0,0,0,0,0,0,0,0,0,0,0,0,0,0,0,0,0,0,155.362,0,0,0
"MtrElec",2,17,6,"",203.386,0,0,0,0,0,0,0,0,0,0,0,0,0,0,0,0,0,0,0,0,203.386,0,0,0
"MtrElec",2,17,7,"",222.563,0,0,0,0,0,0,0,0,0,0,0,0,0,0,0,0,0,0,0,0,222.563,0,0,0
"MtrElec",2,17,8,"",401.841,0,0,0,0,0,0,0,0,0,0,0,0,0,0,0,0,0,0,0,0,402.356,0,0,-0.51487
"MtrElec",2,17,9,"",343.832,0,0,0,0,0,0,0,0,0,0,0,0,0,0,0,0,0,0,0,0,394.733,0,0,-50.9011
"MtrElec",2,17,10,"",221.01,0,0,0,0,0,0,0,0,0,0,0,0,0,0,0,0,0,0,0,0,411.763,0,0,-190.753
"MtrElec",2,17,11,"",0.0000156,0,0,0,0,0,0,0,0,0,0,0,0,0,0,0,0,0,0,0,0,409.975,0,168.21,-578.186
"MtrElec",2,17,12,"",-43.0938,0,0,0,0,0,0,0,0,0,0,0,0,0,0,0,0,0,0,0,0,390.932,0,223.222,-657.248
"MtrElec",2,17,13,"",0.0000156,0,0,0,0,0,0,0,0,0,0,0,0,0,0,0,0,0,0,0,0,424.846,0,219.846,-644.692
"MtrElec",2,17,14,"",-84.1229,0,0,0,0,0,0,0,0,0,0,0,0,0,0,0,0,0,0,0,0,343.227,0,187.683,-615.033
"MtrElec",2,17,15,"",-155.562,0,0,0,0,0,0,0,0,0,0,0,0,0,0,0,0,0,0,0,0,367.648,0,0,-523.21
"MtrElec",2,17,16,"",-41.1262,0,0,0,0,0,0,0,0,0,0,0,0,0,0,0,0,0,0,0,0,326.1,0,0,-367.226
"MtrElec",2,17,17,"",229.911,0,0,0,0,0,0,0,0,0,0,0,0,0,0,0,0,0,0,0,0,398.535,0,0,-168.623
"MtrElec",2,17,18,"",355.856,0,0,0,0,0,0,0,0,0,0,0,0,0,0,0,0,0,0,0,0,365.45,0,0,-9.59428
"MtrElec",2,17,19,"",190.81,0,0,0,0,0,0,0,0,0,0,0,0,0,0,0,0,0,0,0,0,414.032,0,-223.222,0
"MtrElec",2,17,20,"",200.716,0,0,0,0,0,0,0,0,0,0,0,0,0,0,0,0,0,0,0,0,423.938,0,-223.222,0
"MtrElec",2,17,21,"",220.093,0,0,0,0,0,0,0,0,0,0,0,0,0,0,0,0,0,0,0,0,443.315,0,-223.222,0
"MtrElec",2,17,22,"",263.189,0,0,0,0,0,0,0,0,0,0,0,0,0,0,0,0,0,0,0,0,314.586,0,-51.3963,0
"MtrElec",2,17,23,"",251.805,0,0,0,0,0,0,0,0,0,0,0,0,0,0,0,0,0,0,0,0,251.805,0,0,0
"MtrElec",2,17,24,"",220.743,0,0,0,0,0,0,0,0,0,0,0,0,0,0,0,0,0,0,0,0,220.743,0,0,0
"MtrElec",2,18,1,"",181.604,0,0,0,0,0,0,0,0,0,0,0,0,0,0,0,0,0,0,0,0,181.604,0,0,0
"MtrElec",2,18,2,"",158.156,0,0,0,0,0,0,0,0,0,0,0,0,0,0,0,0,0,0,0,0,158.156,0,0,0
"MtrElec",2,18,3,"",154.164,0,0,0,0,0,0,0,0,0,0,0,0,0,0,0,0,0,0,0,0,154.164,0,0,0
"MtrElec",2,18,4,"",154.554,0,0,0,0,0,0,0,0,0,0,0,0,0,0,0,0,0,0,0,0,154.554,0,0,0
"MtrElec",2,18,5,"",154.027,0,0,0,0,0,0,0,0,0,0,0,0,0,0,0,0,0,0,0,0,154.027,0,0,0
"MtrElec",2,18,6,"",199.898,0,0,0,0,0,0,0,0,0,0,0,0,0,0,0,0,0,0,0,0,199.898,0,0,0
"MtrElec",2,18,7,"",274.03,0,0,0,0,0,0,0,0,0,0,0,0,0,0,0,0,0,0,0,0,274.03,0,0,0
"MtrElec",2,18,8,"",247.989,0,0,0,0,0,0,0,0,0,0,0,0,0,0,0,0,0,0,0,0,336.435,0,0,-88.4461
"MtrElec",2,18,9,"",89.3143,0,0,0,0,0,0,0,0,0,0,0,0,0,0,0,0,0,0,0,0,391.195,0,0,-301.881
"MtrElec",2,18,10,"",207.519,0,0,0,0,0,0,0,0,0,0,0,0,0,0,0,0,0,0,0,0,434.024,0,0,-226.505
"MtrElec",2,18,11,"",0,0,0,0,0,0,0,0,0,0,0,0,0,0,0,0,0,0,0,0,0,457.5,0,106.578,-564.077
"MtrElec",2,18,12,"",0.0000156,0,0,0,0,0,0,0,0,0,0,0,0,0,0,0,0,0,0,0,0,428.114,0,214.408,-642.523
"MtrElec",2,18,13,"",0,0,0,0,0,0,0,0,0,0,0,0,0,0,0,0,0,0,0,0,0,420.546,0,217.66,-638.206
"MtrElec",2,18,14,"",-38.7554,0,0,0,0,0,0,0,0,0,0,0,0,0,0,0,0,0,0,0,0,318.051,0,223.222,-580.029
"MtrElec",2,18,15,"",-11.8196,0,0,0,0,0,0,0,0,0,0,0,0,0,0,0,0,0,0,0,0,377.007,0,37.0939,-425.921
"MtrElec",2,18,16,"",108.267,0,0,0,0,0,0,0,0,0,0,0,0,0,0,0,0,0,0,0,0,327.073,0,0,-218.806
"MtrElec",2,18,17,"",368.396,0,0,0,0,0,0,0,0,0,0,0,0,0,0,0,0,0,0,0,0,410.286,0,0,-41.8903
"MtrElec",2,18,18,"",417.241,0,0,0,0,0,0,0,0,0,0,0,0,0,0,0,0,0,0,0,0,429.008,0,0,-11.7679
"MtrElec",2,18,19,"",175.333,0,0,0,0,0,0,0,0,0,0,0,0,0,0,0,0,0,0,0,0,398.555,0,-223.222,0
"MtrElec",2,18,20,"",173.678,0,0,0,0,0,0,0,0,0,0,0,0,0,0,0,0,0,0,0,0,396.9,0,-223.222,0
"MtrElec",2,18,21,"",232.438,0,0,0,0,0,0,0,0,0,0,0,0,0,0,0,0,0,0,0,0,455.661,0,-223.222,0
"MtrElec",2,18,22,"",223.349,0,0,0,0,0,0,0,0,0,0,0,0,0,0,0,0,0,0,0,0,274.745,0,-51.3963,0
"MtrElec",2,18,23,"",271.867,0,0,0,0,0,0,0,0,0,0,0,0,0,0,0,0,0,0,0,0,271.867,0,0,0
"MtrElec",2,18,24,"",183.134,0,0,0,0,0,0,0,0,0,0,0,0,0,0,0,0,0,0,0,0,183.134,0,0,0
"MtrElec",2,19,1,"",170.242,0,0,0,0,0,0,0,0,0,0,0,0,0,0,0,0,0,0,0,0,170.242,0,0,0
"MtrElec",2,19,2,"",158.052,0,0,0,0,0,0,0,0,0,0,0,0,0,0,0,0,0,0,0,0,158.052,0,0,0
"MtrElec",2,19,3,"",198.736,0,0,0,0,0,0,0,0,0,0,0,0,0,0,0,0,0,0,0,0,198.736,0,0,0
"MtrElec",2,19,4,"",156.102,0,0,0,0,0,0,0,0,0,0,0,0,0,0,0,0,0,0,0,0,156.102,0,0,0
"MtrElec",2,19,5,"",154.571,0,0,0,0,0,0,0,0,0,0,0,0,0,0,0,0,0,0,0,0,154.571,0,0,0
"MtrElec",2,19,6,"",154.909,0,0,0,0,0,0,0,0,0,0,0,0,0,0,0,0,0,0,0,0,154.909,0,0,0
"MtrElec",2,19,7,"",243.627,0,0,0,0,0,0,0,0,0,0,0,0,0,0,0,0,0,0,0,0,243.627,0,0,0
"MtrElec",2,19,8,"",258.6,0,0,0,0,0,0,0,0,0,0,0,0,0,0,0,0,0,0,0,0,311.187,0,0,-52.587
"MtrElec",2,19,9,"",382.912,0,0,0,0,0,0,0,0,0,0,0,0,0,0,0,0,0,0,0,0,428.264,0,0,-45.3525
"MtrElec",2,19,10,"",357.673,0,0,0,0,0,0,0,0,0,0,0,0,0,0,0,0,0,0,0,0,398.62,0,0,-40.9471
"MtrElec",2,19,11,"",325.361,0,0,0,0,0,0,0,0,0,0,0,0,0,0,0,0,0,0,0,0,439.156,0,0,-113.795
"MtrElec",2,19,12,"",225.63,0,0,0,0,0,0,0,0,0,0,0,0,0,0,0,0,0,0,0,0,378.348,0,0,-152.719
"MtrElec",2,19,13,"",293.381,0,0,0,0,0,0,0,0,0,0,0,0,0,0,0,0,0,0,0,0,461.724,0,0,-168.343
"MtrElec",2,19,14,"",92.4216,0,0,0,0,0,0,0,0,0,0,0,0,0,0,0,0,0,0,0,0,330.334,0,0,-237.912
"MtrElec",2,19,15,"",133.676,0,0,0,0,0,0,0,0,0,0,0,0,0,0,0,0,0,0,0,0,374.844,0,0,-241.168
"MtrElec",2,19,16,"",288.201,0,0,0,0,0,0,0,0,0,0,0,0,0,0,0,0,0,0,0,0,386.558,0,0,-98.3567
"MtrElec",2,19,17,"",325.169,0,0,0,0,0,0,0,0,0,0,0,0,0,0,0,0,0,0,0,0,358.114,0,0,-32.9452
"MtrElec",2,19,18,"",447.181,0,0,0,0,0,0,0,0,0,0,0,0,0,0,0,0,0,0,0,0,447.181,0,0,0
"MtrElec",2,19,19,"",418.031,0,0,0,0,0,0,0,0,0,0,0,0,0,0,0,0,0,0,0,0,418.031,0,0,0
"MtrElec",2,19,20,"",451.317,0,0,0,0,0,0,0,0,0,0,0,0,0,0,0,0,0,0,0,0,451.317,0,0,0
"MtrElec",2,19,21,"",432.427,0,0,0,0,0,0,0,0,0,0,0,0,0,0,0,0,0,0,0,0,432.427,0,0,0
"MtrElec",2,19,22,"",332.243,0,0,0,0,0,0,0,0,0,0,0,0,0,0,0,0,0,0,0,0,332.243,0,0,0
"MtrElec",2,19,23,"",288.534,0,0,0,0,0,0,0,0,0,0,0,0,0,0,0,0,0,0,0,0,288.534,0,0,0
"MtrElec",2,19,24,"",197.926,0,0,0,0,0,0,0,0,0,0,0,0,0,0,0,0,0,0,0,0,197.926,0,0,0
"MtrElec",2,20,1,"",158.809,0,0,0,0,0,0,0,0,0,0,0,0,0,0,0,0,0,0,0,0,158.809,0,0,0
"MtrElec",2,20,2,"",157.783,0,0,0,0,0,0,0,0,0,0,0,0,0,0,0,0,0,0,0,0,157.783,0,0,0
"MtrElec",2,20,3,"",196.81,0,0,0,0,0,0,0,0,0,0,0,0,0,0,0,0,0,0,0,0,196.81,0,0,0
"MtrElec",2,20,4,"",153.095,0,0,0,0,0,0,0,0,0,0,0,0,0,0,0,0,0,0,0,0,153.095,0,0,0
"MtrElec",2,20,5,"",150.69,0,0,0,0,0,0,0,0,0,0,0,0,0,0,0,0,0,0,0,0,150.69,0,0,0
"MtrElec",2,20,6,"",192.087,0,0,0,0,0,0,0,0,0,0,0,0,0,0,0,0,0,0,0,0,192.087,0,0,0
"MtrElec",2,20,7,"",216.034,0,0,0,0,0,0,0,0,0,0,0,0,0,0,0,0,0,0,0,0,216.034,0,0,0
"MtrElec",2,20,8,"",326.92,0,0,0,0,0,0,0,0,0,0,0,0,0,0,0,0,0,0,0,0,347.342,0,0,-20.4226
"MtrElec",2,20,9,"",327.6,0,0,0,0,0,0,0,0,0,0,0,0,0,0,0,0,0,0,0,0,437.474,0,0,-109.873
"MtrElec",2,20,10,"",402.849,0,0,0,0,0,0,0,0,0,0,0,0,0,0,0,0,0,0,0,0,491.468,0,0,-88.6182
"MtrElec",2,20,11,"",327.887,0,0,0,0,0,0,0,0,0,0,0,0,0,0,0,0,0,0,0,0,472.714,0,0,-144.827
"MtrElec",2,20,12,"",279.453,0,0,0,0,0,0,0,0,0,0,0,0,0,0,0,0,0,0,0,0,386.247,0,0,-106.795
"MtrElec",2,20,13,"",197.318,0,0,0,0,0,0,0,0,0,0,0,0,0,0,0,0,0,0,0,0,398.391,0,0,-201.073
"MtrElec",2,20,14,"",8.06287,0,0,0,0,0,0,0,0,0,0,0,0,0,0,0,0,0,0,0,0,309.232,0,0,-301.169
"MtrElec",2,20,15,"",161.023,0,0,0,0,0,0,0,0,0,0,0,0,0,0,0,0,0,0,0,0,411.419,0,0,-250.396
"MtrElec",2,20,16,"",90.2879,0,0,0,0,0,0,0,0,0,0,0,0,0,0,0,0,0,0,0,0,371.541,0,0,-281.253
"MtrElec",2,20,17,"",265.313,0,0,0,0,0,0,0,0,0,0,0,0,0,0,0,0,0,0,0,0,447.233,0,0,-181.92
"MtrElec",2,20,18,"",405.514,0,0,0,0,0,0,0,0,0,0,0,0,0,0,0,0,0,0,0,0,424.661,0,0,-19.1471
"MtrElec",2,20,19,"",434.246,0,0,0,0,0,0,0,0,0,0,0,0,0,0,0,0,0,0,0,0,434.246,0,0,0
"MtrElec",2,20,20,"",409.477,0,0,0,0,0,0,0,0,0,0,0,0,0,0,0,0,0,0,0,0,409.477,0,0,0
"MtrElec",2,20,21,"",412.234,0,0,0,0,0,0,0,0,0,0,0,0,0,0,0,0,0,0,0,0,412.234,0,0,0
"MtrElec",2,20,22,"",316.574,0,0,0,0,0,0,0,0,0,0,0,0,0,0,0,0,0,0,0,0,316.574,0,0,0
"MtrElec",2,20,23,"",311.455,0,0,0,0,0,0,0,0,0,0,0,0,0,0,0,0,0,0,0,0,311.455,0,0,0
"MtrElec",2,20,24,"",200.747,0,0,0,0,0,0,0,0,0,0,0,0,0,0,0,0,0,0,0,0,200.747,0,0,0
"MtrElec",2,21,1,"",231.743,0,0,0,0,0,0,0,0,0,0,0,0,0,0,0,0,0,0,0,0,231.743,0,0,0
"MtrElec",2,21,2,"",158.346,0,0,0,0,0,0,0,0,0,0,0,0,0,0,0,0,0,0,0,0,158.346,0,0,0
"MtrElec",2,21,3,"",159.203,0,0,0,0,0,0,0,0,0,0,0,0,0,0,0,0,0,0,0,0,159.203,0,0,0
"MtrElec",2,21,4,"",159.224,0,0,0,0,0,0,0,0,0,0,0,0,0,0,0,0,0,0,0,0,159.224,0,0,0
"MtrElec",2,21,5,"",175.338,0,0,0,0,0,0,0,0,0,0,0,0,0,0,0,0,0,0,0,0,175.338,0,0,0
"MtrElec",2,21,6,"",159.281,0,0,0,0,0,0,0,0,0,0,0,0,0,0,0,0,0,0,0,0,159.281,0,0,0
"MtrElec",2,21,7,"",240.26,0,0,0,0,0,0,0,0,0,0,0,0,0,0,0,0,0,0,0,0,240.26,0,0,0
"MtrElec",2,21,8,"",276.492,0,0,0,0,0,0,0,0,0,0,0,0,0,0,0,0,0,0,0,0,282.295,0,0,-5.80208
"MtrElec",2,21,9,"",104.085,0,0,0,0,0,0,0,0,0,0,0,0,0,0,0,0,0,0,0,0,314.326,0,0,-210.241
"MtrElec",2,21,10,"",19.171,0,0,0,0,0,0,0,0,0,0,0,0,0,0,0,0,0,0,0,0,425.6,0,0,-406.429
"MtrElec",2,21,11,"",160.885,0,0,0,0,0,0,0,0,0,0,0,0,0,0,0,0,0,0,0,0,497.899,0,0,-337.015
"MtrElec",2,21,12,"",109.159,0,0,0,0,0,0,0,0,0,0,0,0,0,0,0,0,0,0,0,0,500.79,0,0,-391.631
"MtrElec",2,21,13,"",103.699,0,0,0,0,0,0,0,0,0,0,0,0,0,0,0,0,0,0,0,0,462.563,0,0,-358.864
"MtrElec",2,21,14,"",146.454,0,0,0,0,0,0,0,0,0,0,0,0,0,0,0,0,0,0,0,0,404.335,0,0,-257.881
"MtrElec",2,21,15,"",274.868,0,0,0,0,0,0,0,0,0,0,0,0,0,0,0,0,0,0,0,0,439.879,0,0,-165.011
"MtrElec",2,21,16,"",275.325,0,0,0,0,0,0,0,0,0,0,0,0,0,0,0,0,0,0,0,0,418.277,0,0,-142.952
"MtrElec",2,21,17,"",422.331,0,0,0,0,0,0,0,0,0,0,0,0,0,0,0,0,0,0,0,0,431.707,0,0,-9.37685
"MtrElec",2,21,18,"",457.991,0,0,0,0,0,0,0,0,0,0,0,0,0,0,0,0,0,0,0,0,457.991,0,0,0
"MtrElec",2,21,19,"",511.405,0,0,0,0,0,0,0,0,0,0,0,0,0,0,0,0,0,0,0,0,511.405,0,0,0
"MtrElec",2,21,20,"",431.486,0,0,0,0,0,0,0,0,0,0,0,0,0,0,0,0,0,0,0,0,431.486,0,0,0
"MtrElec",2,21,21,"",365.809,0,0,0,0,0,0,0,0,0,0,0,0,0,0,0,0,0,0,0,0,365.809,0,0,0
"MtrElec",2,21,22,"",313.424,0,0,0,0,0,0,0,0,0,0,0,0,0,0,0,0,0,0,0,0,313.424,0,0,0
"MtrElec",2,21,23,"",274.485,0,0,0,0,0,0,0,0,0,0,0,0,0,0,0,0,0,0,0,0,274.485,0,0,0
"MtrElec",2,21,24,"",210.38,0,0,0,0,0,0,0,0,0,0,0,0,0,0,0,0,0,0,0,0,210.38,0,0,0
"MtrElec",2,22,1,"",193.679,0,0,0,0,0,0,0,0,0,0,0,0,0,0,0,0,0,0,0,0,193.679,0,0,0
"MtrElec",2,22,2,"",166.324,0,0,0,0,0,0,0,0,0,0,0,0,0,0,0,0,0,0,0,0,166.324,0,0,0
"MtrElec",2,22,3,"",163.194,0,0,0,0,0,0,0,0,0,0,0,0,0,0,0,0,0,0,0,0,163.194,0,0,0
"MtrElec",2,22,4,"",165.956,0,0,0,0,0,0,0,0,0,0,0,0,0,0,0,0,0,0,0,0,165.956,0,0,0
"MtrElec",2,22,5,"",221.806,0,0,0,0,0,0,0,0,0,0,0,0,0,0,0,0,0,0,0,0,221.806,0,0,0
"MtrElec",2,22,6,"",161.587,0,0,0,0,0,0,0,0,0,0,0,0,0,0,0,0,0,0,0,0,161.587,0,0,0
"MtrElec",2,22,7,"",172.334,0,0,0,0,0,0,0,0,0,0,0,0,0,0,0,0,0,0,0,0,172.561,0,0,-0.227814
"MtrElec",2,22,8,"",166.725,0,0,0,0,0,0,0,0,0,0,0,0,0,0,0,0,0,0,0,0,239.284,0,0,-72.5596
"MtrElec",2,22,9,"",183.865,0,0,0,0,0,0,0,0,0,0,0,0,0,0,0,0,0,0,0,0,281.659,0,0,-97.7939
"MtrElec",2,22,10,"",188.85,0,0,0,0,0,0,0,0,0,0,0,0,0,0,0,0,0,0,0,0,314.798,0,0,-125.947
"MtrElec",2,22,11,"",272.797,0,0,0,0,0,0,0,0,0,0,0,0,0,0,0,0,0,0,0,0,381.873,0,0,-109.076
"MtrElec",2,22,12,"",296.219,0,0,0,0,0,0,0,0,0,0,0,0,0,0,0,0,0,0,0,0,371.166,0,0,-74.9467
"MtrElec",2,22,13,"",111.023,0,0,0,0,0,0,0,0,0,0,0,0,0,0,0,0,0,0,0,0,433.431,0,0,-322.407
"MtrElec",2,22,14,"",0,0,0,0,0,0,0,0,0,0,0,0,0,0,0,0,0,0,0,0,0,332.879,0,89.9862,-422.865
"MtrElec",2,22,15,"",187.593,0,0,0,0,0,0,0,0,0,0,0,0,0,0,0,0,0,0,0,0,352.037,0,0,-164.444
"MtrElec",2,22,16,"",83.8801,0,0,0,0,0,0,0,0,0,0,0,0,0,0,0,0,0,0,0,0,340.493,0,0,-256.613
"MtrElec",2,22,17,"",180.362,0,0,0,0,0,0,0,0,0,0,0,0,0,0,0,0,0,0,0,0,340.409,0,0,-160.047
"MtrElec",2,22,18,"",370.574,0,0,0,0,0,0,0,0,0,0,0,0,0,0,0,0,0,0,0,0,391.117,0,0,-20.5423
"MtrElec",2,22,19,"",349.348,0,0,0,0,0,0,0,0,0,0,0,0,0,0,0,0,0,0,0,0,430.561,0,-81.2125,0
"MtrElec",2,22,20,"",370.893,0,0,0,0,0,0,0,0,0,0,0,0,0,0,0,0,0,0,0,0,370.893,0,0,0
"MtrElec",2,22,21,"",332.877,0,0,0,0,0,0,0,0,0,0,0,0,0,0,0,0,0,0,0,0,332.877,0,0,0
"MtrElec",2,22,22,"",314.832,0,0,0,0,0,0,0,0,0,0,0,0,0,0,0,0,0,0,0,0,314.832,0,0,0
"MtrElec",2,22,23,"",262.853,0,0,0,0,0,0,0,0,0,0,0,0,0,0,0,0,0,0,0,0,262.853,0,0,0
"MtrElec",2,22,24,"",205.584,0,0,0,0,0,0,0,0,0,0,0,0,0,0,0,0,0,0,0,0,205.584,0,0,0
"MtrElec",2,23,1,"",175.536,0,0,0,0,0,0,0,0,0,0,0,0,0,0,0,0,0,0,0,0,175.536,0,0,0
"MtrElec",2,23,2,"",213.719,0,0,0,0,0,0,0,0,0,0,0,0,0,0,0,0,0,0,0,0,213.719,0,0,0
"MtrElec",2,23,3,"",160.259,0,0,0,0,0,0,0,0,0,0,0,0,0,0,0,0,0,0,0,0,160.259,0,0,0
"MtrElec",2,23,4,"",163.698,0,0,0,0,0,0,0,0,0,0,0,0,0,0,0,0,0,0,0,0,163.698,0,0,0
"MtrElec",2,23,5,"",164.474,0,0,0,0,0,0,0,0,0,0,0,0,0,0,0,0,0,0,0,0,164.474,0,0,0
"MtrElec",2,23,6,"",174.985,0,0,0,0,0,0,0,0,0,0,0,0,0,0,0,0,0,0,0,0,174.985,0,0,0
"MtrElec",2,23,7,"",323.586,0,0,0,0,0,0,0,0,0,0,0,0,0,0,0,0,0,0,0,0,325.696,0,0,-2.11062
"MtrElec",2,23,8,"",256.808,0,0,0,0,0,0,0,0,0,0,0,0,0,0,0,0,0,0,0,0,343.66,0,0,-86.8529
"MtrElec",2,23,9,"",182.94,0,0,0,0,0,0,0,0,0,0,0,0,0,0,0,0,0,0,0,0,412.688,0,0,-229.749
"MtrElec",2,23,10,"",-14.1194,0,0,0,0,0,0,0,0,0,0,0,0,0,0,0,0,0,0,0,0,459.711,0,0,-473.83
"MtrElec",2,23,11,"",0,0,0,0,0,0,0,0,0,0,0,0,0,0,0,0,0,0,0,0,0,481.105,0,46.8815,-527.986
"MtrElec",2,23,12,"",-45.619,0,0,0,0,0,0,0,0,0,0,0,0,0,0,0,0,0,0,0,0,407.464,0,223.222,-676.305
"MtrElec",2,23,13,"",8.05509,0,0,0,0,0,0,0,0,0,0,0,0,0,0,0,0,0,0,0,0,402.994,0,0,-394.939
"MtrElec",2,23,14,"",243.839,0,0,0,0,0,0,0,0,0,0,0,0,0,0,0,0,0,0,0,0,352.791,0,0,-108.952
"MtrElec",2,23,15,"",246.481,0,0,0,0,0,0,0,0,0,0,0,0,0,0,0,0,0,0,0,0,373.169,0,0,-126.687
"MtrElec",2,23,16,"",231.461,0,0,0,0,0,0,0,0,0,0,0,0,0,0,0,0,0,0,0,0,364.901,0,0,-133.44
"MtrElec",2,23,17,"",385.6,0,0,0,0,0,0,0,0,0,0,0,0,0,0,0,0,0,0,0,0,401.022,0,0,-15.4224
"MtrElec",2,23,18,"",389.247,0,0,0,0,0,0,0,0,0,0,0,0,0,0,0,0,0,0,0,0,389.247,0,0,0
"MtrElec",2,23,19,"",238.515,0,0,0,0,0,0,0,0,0,0,0,0,0,0,0,0,0,0,0,0,461.738,0,-223.222,0
"MtrElec",2,23,20,"",419.988,0,0,0,0,0,0,0,0,0,0,0,0,0,0,0,0,0,0,0,0,440.535,0,-20.5464,0
"MtrElec",2,23,21,"",432.765,0,0,0,0,0,0,0,0,0,0,0,0,0,0,0,0,0,0,0,0,432.765,0,0,0
"MtrElec",2,23,22,"",304.312,0,0,0,0,0,0,0,0,0,0,0,0,0,0,0,0,0,0,0,0,304.312,0,0,0
"MtrElec",2,23,23,"",306.754,0,0,0,0,0,0,0,0,0,0,0,0,0,0,0,0,0,0,0,0,306.754,0,0,0
"MtrElec",2,23,24,"",183.85,0,0,0,0,0,0,0,0,0,0,0,0,0,0,0,0,0,0,0,0,183.85,0,0,0
"MtrElec",2,24,1,"",157.126,0,0,0,0,0,0,0,0,0,0,0,0,0,0,0,0,0,0,0,0,157.126,0,0,0
"MtrElec",2,24,2,"",160.723,0,0,0,0,0,0,0,0,0,0,0,0,0,0,0,0,0,0,0,0,160.723,0,0,0
"MtrElec",2,24,3,"",210.068,0,0,0,0,0,0,0,0,0,0,0,0,0,0,0,0,0,0,0,0,210.068,0,0,0
"MtrElec",2,24,4,"",184.626,0,0,0,0,0,0,0,0,0,0,0,0,0,0,0,0,0,0,0,0,184.626,0,0,0
"MtrElec",2,24,5,"",170.663,0,0,0,0,0,0,0,0,0,0,0,0,0,0,0,0,0,0,0,0,170.663,0,0,0
"MtrElec",2,24,6,"",167.387,0,0,0,0,0,0,0,0,0,0,0,0,0,0,0,0,0,0,0,0,167.387,0,0,0
"MtrElec",2,24,7,"",308.373,0,0,0,0,0,0,0,0,0,0,0,0,0,0,0,0,0,0,0,0,308.373,0,0,0
"MtrElec",2,24,8,"",331.647,0,0,0,0,0,0,0,0,0,0,0,0,0,0,0,0,0,0,0,0,379.068,0,0,-47.4216
"MtrElec",2,24,9,"",302.552,0,0,0,0,0,0,0,0,0,0,0,0,0,0,0,0,0,0,0,0,418.137,0,0,-115.585
"MtrElec",2,24,10,"",172.487,0,0,0,0,0,0,0,0,0,0,0,0,0,0,0,0,0,0,0,0,441.401,0,0,-268.914
"MtrElec",2,24,11,"",221.177,0,0,0,0,0,0,0,0,0,0,0,0,0,0,0,0,0,0,0,0,430.042,0,0,-208.865
"MtrElec",2,24,12,"",108.846,0,0,0,0,0,0,0,0,0,0,0,0,0,0,0,0,0,0,0,0,416.755,0,0,-307.909
"MtrElec",2,24,13,"",53.8828,0,0,0,0,0,0,0,0,0,0,0,0,0,0,0,0,0,0,0,0,448.137,0,0,-394.254
"MtrElec",2,24,14,"",24.9441,0,0,0,0,0,0,0,0,0,0,0,0,0,0,0,0,0,0,0,0,322.898,0,0,-297.954
"MtrElec",2,24,15,"",136.302,0,0,0,0,0,0,0,0,0,0,0,0,0,0,0,0,0,0,0,0,380.935,0,0,-244.633
"MtrElec",2,24,16,"",131.265,0,0,0,0,0,0,0,0,0,0,0,0,0,0,0,0,0,0,0,0,321.229,0,0,-189.963
"MtrElec",2,24,17,"",317.652,0,0,0,0,0,0,0,0,0,0,0,0,0,0,0,0,0,0,0,0,424.068,0,0,-106.415
"MtrElec",2,24,18,"",411.598,0,0,0,0,0,0,0,0,0,0,0,0,0,0,0,0,0,0,0,0,428.497,0,0,-16.8982
"MtrElec",2,24,19,"",425.173,0,0,0,0,0,0,0,0,0,0,0,0,0,0,0,0,0,0,0,0,425.173,0,0,0
"MtrElec",2,24,20,"",418.144,0,0,0,0,0,0,0,0,0,0,0,0,0,0,0,0,0,0,0,0,418.144,0,0,0
"MtrElec",2,24,21,"",463.635,0,0,0,0,0,0,0,0,0,0,0,0,0,0,0,0,0,0,0,0,463.635,0,0,0
"MtrElec",2,24,22,"",308.834,0,0,0,0,0,0,0,0,0,0,0,0,0,0,0,0,0,0,0,0,308.834,0,0,0
"MtrElec",2,24,23,"",251.615,0,0,0,0,0,0,0,0,0,0,0,0,0,0,0,0,0,0,0,0,251.615,0,0,0
"MtrElec",2,24,24,"",249.627,0,0,0,0,0,0,0,0,0,0,0,0,0,0,0,0,0,0,0,0,249.627,0,0,0
"MtrElec",2,25,1,"",184.616,0,0,0,0,0,0,0,0,0,0,0,0,0,0,0,0,0,0,0,0,184.616,0,0,0
"MtrElec",2,25,2,"",161.128,0,0,0,0,0,0,0,0,0,0,0,0,0,0,0,0,0,0,0,0,161.128,0,0,0
"MtrElec",2,25,3,"",162.869,0,0,0,0,0,0,0,0,0,0,0,0,0,0,0,0,0,0,0,0,162.869,0,0,0
"MtrElec",2,25,4,"",166.526,0,0,0,0,0,0,0,0,0,0,0,0,0,0,0,0,0,0,0,0,166.526,0,0,0
"MtrElec",2,25,5,"",165.366,0,0,0,0,0,0,0,0,0,0,0,0,0,0,0,0,0,0,0,0,165.366,0,0,0
"MtrElec",2,25,6,"",215.393,0,0,0,0,0,0,0,0,0,0,0,0,0,0,0,0,0,0,0,0,215.393,0,0,0
"MtrElec",2,25,7,"",277.461,0,0,0,0,0,0,0,0,0,0,0,0,0,0,0,0,0,0,0,0,286.87,0,0,-9.40801
"MtrElec",2,25,8,"",162.292,0,0,0,0,0,0,0,0,0,0,0,0,0,0,0,0,0,0,0,0,330.542,0,0,-168.25
"MtrElec",2,25,9,"",-6.16553,0,0,0,0,0,0,0,0,0,0,0,0,0,0,0,0,0,0,0,0,365.143,0,0,-371.309
"MtrElec",2,25,10,"",-9.06816,0,0,0,0,0,0,0,0,0,0,0,0,0,0,0,0,0,0,0,0,400.875,0,0,-409.943
"MtrElec",2,25,11,"",0,0,0,0,0,0,0,0,0,0,0,0,0,0,0,0,0,0,0,0,0,434.615,0,151.45,-586.064
"MtrElec",2,25,12,"",-93.2761,0,0,0,0,0,0,0,0,0,0,0,0,0,0,0,0,0,0,0,0,375.605,0,223.222,-692.103
"MtrElec",2,25,13,"",-59.5307,0,0,0,0,0,0,0,0,0,0,0,0,0,0,0,0,0,0,0,0,397.354,0,223.222,-680.107
"MtrElec",2,25,14,"",-57.3025,0,0,0,0,0,0,0,0,0,0,0,0,0,0,0,0,0,0,0,0,367.685,0,201.068,-626.055
"MtrElec",2,25,15,"",-198.378,0,0,0,0,0,0,0,0,0,0,0,0,0,0,0,0,0,0,0,0,343.807,0,0,-542.185
"MtrElec",2,25,16,"",-8.16816,0,0,0,0,0,0,0,0,0,0,0,0,0,0,0,0,0,0,0,0,386.79,0,0,-394.958
"MtrElec",2,25,17,"",181.126,0,0,0,0,0,0,0,0,0,0,0,0,0,0,0,0,0,0,0,0,378.082,0,0,-196.956
"MtrElec",2,25,18,"",410.946,0,0,0,0,0,0,0,0,0,0,0,0,0,0,0,0,0,0,0,0,434.611,0,0,-23.6651
"MtrElec",2,25,19,"",206.472,0,0,0,0,0,0,0,0,0,0,0,0,0,0,0,0,0,0,0,0,429.694,0,-223.222,0
"MtrElec",2,25,20,"",201.292,0,0,0,0,0,0,0,0,0,0,0,0,0,0,0,0,0,0,0,0,424.515,0,-223.222,0
"MtrElec",2,25,21,"",158.197,0,0,0,0,0,0,0,0,0,0,0,0,0,0,0,0,0,0,0,0,381.419,0,-223.222,0
"MtrElec",2,25,22,"",268.502,0,0,0,0,0,0,0,0,0,0,0,0,0,0,0,0,0,0,0,0,319.898,0,-51.3963,0
"MtrElec",2,25,23,"",325.223,0,0,0,0,0,0,0,0,0,0,0,0,0,0,0,0,0,0,0,0,325.223,0,0,0
"MtrElec",2,25,24,"",219.745,0,0,0,0,0,0,0,0,0,0,0,0,0,0,0,0,0,0,0,0,219.745,0,0,0
"MtrElec",2,26,1,"",166.278,0,0,0,0,0,0,0,0,0,0,0,0,0,0,0,0,0,0,0,0,166.278,0,0,0
"MtrElec",2,26,2,"",157.644,0,0,0,0,0,0,0,0,0,0,0,0,0,0,0,0,0,0,0,0,157.644,0,0,0
"MtrElec",2,26,3,"",200.395,0,0,0,0,0,0,0,0,0,0,0,0,0,0,0,0,0,0,0,0,200.395,0,0,0
"MtrElec",2,26,4,"",158.017,0,0,0,0,0,0,0,0,0,0,0,0,0,0,0,0,0,0,0,0,158.017,0,0,0
"MtrElec",2,26,5,"",161.435,0,0,0,0,0,0,0,0,0,0,0,0,0,0,0,0,0,0,0,0,161.435,0,0,0
"MtrElec",2,26,6,"",176.582,0,0,0,0,0,0,0,0,0,0,0,0,0,0,0,0,0,0,0,0,176.582,0,0,0
"MtrElec",2,26,7,"",268.503,0,0,0,0,0,0,0,0,0,0,0,0,0,0,0,0,0,0,0,0,278.834,0,0,-10.3305
"MtrElec",2,26,8,"",210.991,0,0,0,0,0,0,0,0,0,0,0,0,0,0,0,0,0,0,0,0,384.917,0,0,-173.926
"MtrElec",2,26,9,"",32.3451,0,0,0,0,0,0,0,0,0,0,0,0,0,0,0,0,0,0,0,0,404.468,0,0,-372.123
"MtrElec",2,26,10,"",-63.2058,0,0,0,0,0,0,0,0,0,0,0,0,0,0,0,0,0,0,0,0,451.314,0,0,-514.519
"MtrElec",2,26,11,"",0,0,0,0,0,0,0,0,0,0,0,0,0,0,0,0,0,0,0,0,0,486.708,0,129.43,-616.138
"MtrElec",2,26,12,"",0,0,0,0,0,0,0,0,0,0,0,0,0,0,0,0,0,0,0,0,0,469.449,0,194.711,-664.16
"MtrElec",2,26,13,"",0,0,0,0,0,0,0,0,0,0,0,0,0,0,0,0,0,0,0,0,0,499.374,0,150.426,-649.799
"MtrElec",2,26,14,"",0,0,0,0,0,0,0,0,0,0,0,0,0,0,0,0,0,0,0,0,0,406.174,0,195.207,-601.381
"MtrElec",2,26,15,"",-1.14734,0,0,0,0,0,0,0,0,0,0,0,0,0,0,0,0,0,0,0,0,377.843,0,129.189,-508.179
"MtrElec",2,26,16,"",65.7484,0,0,0,0,0,0,0,0,0,0,0,0,0,0,0,0,0,0,0,0,436.617,0,0,-370.869
"MtrElec",2,26,17,"",225.761,0,0,0,0,0,0,0,0,0,0,0,0,0,0,0,0,0,0,0,0,415.22,0,0,-189.459
"MtrElec",2,26,18,"",434.195,0,0,0,0,0,0,0,0,0,0,0,0,0,0,0,0,0,0,0,0,457.384,0,0,-23.1885
"MtrElec",2,26,19,"",244.087,0,0,0,0,0,0,0,0,0,0,0,0,0,0,0,0,0,0,0,0,467.31,0,-223.222,0
"MtrElec",2,26,20,"",219.046,0,0,0,0,0,0,0,0,0,0,0,0,0,0,0,0,0,0,0,0,442.268,0,-223.222,0
"MtrElec",2,26,21,"",211.501,0,0,0,0,0,0,0,0,0,0,0,0,0,0,0,0,0,0,0,0,434.724,0,-223.222,0
"MtrElec",2,26,22,"",264.967,0,0,0,0,0,0,0,0,0,0,0,0,0,0,0,0,0,0,0,0,316.363,0,-51.3963,0
"MtrElec",2,26,23,"",309.666,0,0,0,0,0,0,0,0,0,0,0,0,0,0,0,0,0,0,0,0,309.666,0,0,0
"MtrElec",2,26,24,"",221.971,0,0,0,0,0,0,0,0,0,0,0,0,0,0,0,0,0,0,0,0,221.971,0,0,0
"MtrElec",2,27,1,"",207.855,0,0,0,0,0,0,0,0,0,0,0,0,0,0,0,0,0,0,0,0,207.855,0,0,0
"MtrElec",2,27,2,"",155.937,0,0,0,0,0,0,0,0,0,0,0,0,0,0,0,0,0,0,0,0,155.937,0,0,0
"MtrElec",2,27,3,"",152.451,0,0,0,0,0,0,0,0,0,0,0,0,0,0,0,0,0,0,0,0,152.451,0,0,0
"MtrElec",2,27,4,"",153.746,0,0,0,0,0,0,0,0,0,0,0,0,0,0,0,0,0,0,0,0,153.746,0,0,0
"MtrElec",2,27,5,"",150.362,0,0,0,0,0,0,0,0,0,0,0,0,0,0,0,0,0,0,0,0,150.362,0,0,0
"MtrElec",2,27,6,"",189.54,0,0,0,0,0,0,0,0,0,0,0,0,0,0,0,0,0,0,0,0,189.54,0,0,0
"MtrElec",2,27,7,"",229.889,0,0,0,0,0,0,0,0,0,0,0,0,0,0,0,0,0,0,0,0,239.785,0,0,-9.89618
"MtrElec",2,27,8,"",214.488,0,0,0,0,0,0,0,0,0,0,0,0,0,0,0,0,0,0,0,0,383.688,0,0,-169.2
"MtrElec",2,27,9,"",21.3914,0,0,0,0,0,0,0,0,0,0,0,0,0,0,0,0,0,0,0,0,384.152,0,0,-362.761
"MtrElec",2,27,10,"",-54.4745,0,0,0,0,0,0,0,0,0,0,0,0,0,0,0,0,0,0,0,0,456.22,0,0,-510.695
"MtrElec",2,27,11,"",0,0,0,0,0,0,0,0,0,0,0,0,0,0,0,0,0,0,0,0,0,445.82,0,160.001,-605.821
"MtrElec",2,27,12,"",0,0,0,0,0,0,0,0,0,0,0,0,0,0,0,0,0,0,0,0,0,450.976,0,198.565,-649.54
"MtrElec",2,27,13,"",0,0,0,0,0,0,0,0,0,0,0,0,0,0,0,0,0,0,0,0,0,514.203,0,151.21,-665.412
"MtrElec",2,27,14,"",0.0000156,0,0,0,0,0,0,0,0,0,0,0,0,0,0,0,0,0,0,0,0,423.511,0,203.689,-627.2
"MtrElec",2,27,15,"",-61.5246,0,0,0,0,0,0,0,0,0,0,0,0,0,0,0,0,0,0,0,0,388.622,0,85.4976,-535.644
"MtrElec",2,27,16,"",38.3395,0,0,0,0,0,0,0,0,0,0,0,0,0,0,0,0,0,0,0,0,429.8,0,0,-391.46
"MtrElec",2,27,17,"",234.225,0,0,0,0,0,0,0,0,0,0,0,0,0,0,0,0,0,0,0,0,431.574,0,0,-197.349
"MtrElec",2,27,18,"",438.191,0,0,0,0,0,0,0,0,0,0,0,0,0,0,0,0,0,0,0,0,462.055,0,0,-23.8639
"MtrElec",2,27,19,"",233.435,0,0,0,0,0,0,0,0,0,0,0,0,0,0,0,0,0,0,0,0,456.657,0,-223.222,0
"MtrElec",2,27,20,"",230.606,0,0,0,0,0,0,0,0,0,0,0,0,0,0,0,0,0,0,0,0,453.828,0,-223.222,0
"MtrElec",2,27,21,"",187.637,0,0,0,0,0,0,0,0,0,0,0,0,0,0,0,0,0,0,0,0,410.859,0,-223.222,0
"MtrElec",2,27,22,"",220.916,0,0,0,0,0,0,0,0,0,0,0,0,0,0,0,0,0,0,0,0,272.313,0,-51.3963,0
"MtrElec",2,27,23,"",335.524,0,0,0,0,0,0,0,0,0,0,0,0,0,0,0,0,0,0,0,0,335.524,0,0,0
"MtrElec",2,27,24,"",263.913,0,0,0,0,0,0,0,0,0,0,0,0,0,0,0,0,0,0,0,0,263.913,0,0,0
"MtrElec",2,28,1,"",196.921,0,0,0,0,0,0,0,0,0,0,0,0,0,0,0,0,0,0,0,0,196.921,0,0,0
"MtrElec",2,28,2,"",156.395,0,0,0,0,0,0,0,0,0,0,0,0,0,0,0,0,0,0,0,0,156.395,0,0,0
"MtrElec",2,28,3,"",156.706,0,0,0,0,0,0,0,0,0,0,0,0,0,0,0,0,0,0,0,0,156.706,0,0,0
"MtrElec",2,28,4,"",157.154,0,0,0,0,0,0,0,0,0,0,0,0,0,0,0,0,0,0,0,0,157.154,0,0,0
"MtrElec",2,28,5,"",166.203,0,0,0,0,0,0,0,0,0,0,0,0,0,0,0,0,0,0,0,0,166.203,0,0,0
"MtrElec",2,28,6,"",156.796,0,0,0,0,0,0,0,0,0,0,0,0,0,0,0,0,0,0,0,0,156.796,0,0,0
"MtrElec",2,28,7,"",232.198,0,0,0,0,0,0,0,0,0,0,0,0,0,0,0,0,0,0,0,0,236.938,0,0,-4.73919
"MtrElec",2,28,8,"",155.232,0,0,0,0,0,0,0,0,0,0,0,0,0,0,0,0,0,0,0,0,276.47,0,0,-121.238
"MtrElec",2,28,9,"",-6.34312,0,0,0,0,0,0,0,0,0,0,0,0,0,0,0,0,0,0,0,0,359.933,0,0,-366.276
"MtrElec",2,28,10,"",-112.468,0,0,0,0,0,0,0,0,0,0,0,0,0,0,0,0,0,0,0,0,395.361,0,0,-507.83
"MtrElec",2,28,11,"",0.0000078,0,0,0,0,0,0,0,0,0,0,0,0,0,0,0,0,0,0,0,0,515.168,0,84.3897,-599.558
"MtrElec",2,28,12,"",0,0,0,0,0,0,0,0,0,0,0,0,0,0,0,0,0,0,0,0,0,535.416,0,109.954,-645.37
"MtrElec",2,28,13,"",0,0,0,0,0,0,0,0,0,0,0,0,0,0,0,0,0,0,0,0,0,498.476,0,158.605,-657.081
"MtrElec",2,28,14,"",0,0,0,0,0,0,0,0,0,0,0,0,0,0,0,0,0,0,0,0,0,467.733,0,154.795,-622.528
"MtrElec",2,28,15,"",0,0,0,0,0,0,0,0,0,0,0,0,0,0,0,0,0,0,0,0,0,461.458,0,62.4405,-523.898
"MtrElec",2,28,16,"",54.6208,0,0,0,0,0,0,0,0,0,0,0,0,0,0,0,0,0,0,0,0,431.445,0,0,-376.824
"MtrElec",2,28,17,"",242.945,0,0,0,0,0,0,0,0,0,0,0,0,0,0,0,0,0,0,0,0,436.887,0,0,-193.942
"MtrElec",2,28,18,"",451.46,0,0,0,0,0,0,0,0,0,0,0,0,0,0,0,0,0,0,0,0,475.076,0,0,-23.616
"MtrElec",2,28,19,"",234.496,0,0,0,0,0,0,0,0,0,0,0,0,0,0,0,0,0,0,0,0,457.718,0,-223.222,0
"MtrElec",2,28,20,"",194.43,0,0,0,0,0,0,0,0,0,0,0,0,0,0,0,0,0,0,0,0,417.653,0,-223.222,0
"MtrElec",2,28,21,"",311.416,0,0,0,0,0,0,0,0,0,0,0,0,0,0,0,0,0,0,0,0,379.563,0,-68.1466,0
"MtrElec",2,28,22,"",325.595,0,0,0,0,0,0,0,0,0,0,0,0,0,0,0,0,0,0,0,0,325.595,0,0,0
"MtrElec",2,28,23,"",271.725,0,0,0,0,0,0,0,0,0,0,0,0,0,0,0,0,0,0,0,0,271.725,0,0,0
"MtrElec",2,28,24,"",225.319,0,0,0,0,0,0,0,0,0,0,0,0,0,0,0,0,0,0,0,0,225.319,0,0,0
"MtrElec",3,1,1,"",173.93,0,0,0,0,0,0,0,0,0,0,0,0,0,0,0,0,0,0,0,0,173.93,0,0,0
"MtrElec",3,1,2,"",155.727,0,0,0,0,0,0,0,0,0,0,0,0,0,0,0,0,0,0,0,0,155.727,0,0,0
"MtrElec",3,1,3,"",155.33,0,0,0,0,0,0,0,0,0,0,0,0,0,0,0,0,0,0,0,0,155.33,0,0,0
"MtrElec",3,1,4,"",204.957,0,0,0,0,0,0,0,0,0,0,0,0,0,0,0,0,0,0,0,0,204.957,0,0,0
"MtrElec",3,1,5,"",163.704,0,0,0,0,0,0,0,0,0,0,0,0,0,0,0,0,0,0,0,0,163.704,0,0,0
"MtrElec",3,1,6,"",159.612,0,0,0,0,0,0,0,0,0,0,0,0,0,0,0,0,0,0,0,0,159.612,0,0,0
"MtrElec",3,1,7,"",166.495,0,0,0,0,0,0,0,0,0,0,0,0,0,0,0,0,0,0,0,0,172.15,0,0,-5.65498
"MtrElec",3,1,8,"",140.379,0,0,0,0,0,0,0,0,0,0,0,0,0,0,0,0,0,0,0,0,256.34,0,0,-115.961
"MtrElec",3,1,9,"",-34.621,0,0,0,0,0,0,0,0,0,0,0,0,0,0,0,0,0,0,0,0,319.814,0,0,-354.435
"MtrElec",3,1,10,"",-150.674,0,0,0,0,0,0,0,0,0,0,0,0,0,0,0,0,0,0,0,0,379.58,0,0,-530.254
"MtrElec",3,1,11,"",-40.3327,0,0,0,0,0,0,0,0,0,0,0,0,0,0,0,0,0,0,0,0,372.326,0,223.222,-635.881
"MtrElec",3,1,12,"",-34.2644,0,0,0,0,0,0,0,0,0,0,0,0,0,0,0,0,0,0,0,0,428.077,0,223.222,-685.564
"MtrElec",3,1,13,"",-12.3372,0,0,0,0,0,0,0,0,0,0,0,0,0,0,0,0,0,0,0,0,457.411,0,223.222,-692.971
"MtrElec",3,1,14,"",-146.405,0,0,0,0,0,0,0,0,0,0,0,0,0,0,0,0,0,0,0,0,382.358,0,129.295,-658.058
"MtrElec",3,1,15,"",-177.508,0,0,0,0,0,0,0,0,0,0,0,0,0,0,0,0,0,0,0,0,379.693,0,0,-557.201
"MtrElec",3,1,16,"",-70.5882,0,0,0,0,0,0,0,0,0,0,0,0,0,0,0,0,0,0,0,0,333.599,0,0,-404.188
"MtrElec",3,1,17,"",164.383,0,0,0,0,0,0,0,0,0,0,0,0,0,0,0,0,0,0,0,0,355.978,0,0,-191.595
"MtrElec",3,1,18,"",358.665,0,0,0,0,0,0,0,0,0,0,0,0,0,0,0,0,0,0,0,0,377.28,0,0,-18.6149
"MtrElec",3,1,19,"",241.02,0,0,0,0,0,0,0,0,0,0,0,0,0,0,0,0,0,0,0,0,464.242,0,-223.222,0
"MtrElec",3,1,20,"",141.573,0,0,0,0,0,0,0,0,0,0,0,0,0,0,0,0,0,0,0,0,364.795,0,-223.222,0
"MtrElec",3,1,21,"",131.415,0,0,0,0,0,0,0,0,0,0,0,0,0,0,0,0,0,0,0,0,354.637,0,-223.222,0
"MtrElec",3,1,22,"",317.801,0,0,0,0,0,0,0,0,0,0,0,0,0,0,0,0,0,0,0,0,369.197,0,-51.3963,0
"MtrElec",3,1,23,"",248.16,0,0,0,0,0,0,0,0,0,0,0,0,0,0,0,0,0,0,0,0,248.16,0,0,0
"MtrElec",3,1,24,"",200.18,0,0,0,0,0,0,0,0,0,0,0,0,0,0,0,0,0,0,0,0,200.18,0,0,0
"MtrElec",3,2,1,"",165.501,0,0,0,0,0,0,0,0,0,0,0,0,0,0,0,0,0,0,0,0,165.501,0,0,0
"MtrElec",3,2,2,"",160.681,0,0,0,0,0,0,0,0,0,0,0,0,0,0,0,0,0,0,0,0,160.681,0,0,0
"MtrElec",3,2,3,"",157.717,0,0,0,0,0,0,0,0,0,0,0,0,0,0,0,0,0,0,0,0,157.717,0,0,0
"MtrElec",3,2,4,"",158.661,0,0,0,0,0,0,0,0,0,0,0,0,0,0,0,0,0,0,0,0,158.661,0,0,0
"MtrElec",3,2,5,"",157.717,0,0,0,0,0,0,0,0,0,0,0,0,0,0,0,0,0,0,0,0,157.717,0,0,0
"MtrElec",3,2,6,"",210.258,0,0,0,0,0,0,0,0,0,0,0,0,0,0,0,0,0,0,0,0,210.258,0,0,0
"MtrElec",3,2,7,"",270.457,0,0,0,0,0,0,0,0,0,0,0,0,0,0,0,0,0,0,0,0,292.23,0,0,-21.7736
"MtrElec",3,2,8,"",178.559,0,0,0,0,0,0,0,0,0,0,0,0,0,0,0,0,0,0,0,0,361.12,0,0,-182.561
"MtrElec",3,2,9,"",-9.36469,0,0,0,0,0,0,0,0,0,0,0,0,0,0,0,0,0,0,0,0,370.78,0,0,-380.145
"MtrElec",3,2,10,"",-132.49,0,0,0,0,0,0,0,0,0,0,0,0,0,0,0,0,0,0,0,0,401.158,0,0,-533.648
"MtrElec",3,2,11,"",0,0,0,0,0,0,0,0,0,0,0,0,0,0,0,0,0,0,0,0,0,437.099,0,193.721,-630.819
"MtrElec",3,2,12,"",-71.4246,0,0,0,0,0,0,0,0,0,0,0,0,0,0,0,0,0,0,0,0,384.671,0,223.222,-679.318
"MtrElec",3,2,13,"",-90.8183,0,0,0,0,0,0,0,0,0,0,0,0,0,0,0,0,0,0,0,0,373.895,0,223.222,-687.936
"MtrElec",3,2,14,"",-105.715,0,0,0,0,0,0,0,0,0,0,0,0,0,0,0,0,0,0,0,0,378.294,0,158.797,-642.806
"MtrElec",3,2,15,"",-224.658,0,0,0,0,0,0,0,0,0,0,0,0,0,0,0,0,0,0,0,0,317.965,0,0,-542.623
"MtrElec",3,2,16,"",-20.8575,0,0,0,0,0,0,0,0,0,0,0,0,0,0,0,0,0,0,0,0,371.251,0,0,-392.109
"MtrElec",3,2,17,"",218.094,0,0,0,0,0,0,0,0,0,0,0,0,0,0,0,0,0,0,0,0,347.758,0,0,-129.664
"MtrElec",3,2,18,"",421.939,0,0,0,0,0,0,0,0,0,0,0,0,0,0,0,0,0,0,0,0,432.011,0,0,-10.0717
"MtrElec",3,2,19,"",210.734,0,0,0,0,0,0,0,0,0,0,0,0,0,0,0,0,0,0,0,0,433.956,0,-223.222,0
"MtrElec",3,2,20,"",200.849,0,0,0,0,0,0,0,0,0,0,0,0,0,0,0,0,0,0,0,0,424.071,0,-223.222,0
"MtrElec",3,2,21,"",197.263,0,0,0,0,0,0,0,0,0,0,0,0,0,0,0,0,0,0,0,0,420.485,0,-223.222,0
"MtrElec",3,2,22,"",206.444,0,0,0,0,0,0,0,0,0,0,0,0,0,0,0,0,0,0,0,0,257.84,0,-51.3963,0
"MtrElec",3,2,23,"",279.817,0,0,0,0,0,0,0,0,0,0,0,0,0,0,0,0,0,0,0,0,279.817,0,0,0
"MtrElec",3,2,24,"",222.743,0,0,0,0,0,0,0,0,0,0,0,0,0,0,0,0,0,0,0,0,222.743,0,0,0
"MtrElec",3,3,1,"",234.523,0,0,0,0,0,0,0,0,0,0,0,0,0,0,0,0,0,0,0,0,234.523,0,0,0
"MtrElec",3,3,2,"",157.493,0,0,0,0,0,0,0,0,0,0,0,0,0,0,0,0,0,0,0,0,157.493,0,0,0
"MtrElec",3,3,3,"",151.714,0,0,0,0,0,0,0,0,0,0,0,0,0,0,0,0,0,0,0,0,151.714,0,0,0
"MtrElec",3,3,4,"",151.845,0,0,0,0,0,0,0,0,0,0,0,0,0,0,0,0,0,0,0,0,151.845,0,0,0
"MtrElec",3,3,5,"",146.623,0,0,0,0,0,0,0,0,0,0,0,0,0,0,0,0,0,0,0,0,146.623,0,0,0
"MtrElec",3,3,6,"",197.404,0,0,0,0,0,0,0,0,0,0,0,0,0,0,0,0,0,0,0,0,197.404,0,0,0
"MtrElec",3,3,7,"",269.897,0,0,0,0,0,0,0,0,0,0,0,0,0,0,0,0,0,0,0,0,272.98,0,0,-3.08301
"MtrElec",3,3,8,"",294.137,0,0,0,0,0,0,0,0,0,0,0,0,0,0,0,0,0,0,0,0,328.729,0,0,-34.5919
"MtrElec",3,3,9,"",274.336,0,0,0,0,0,0,0,0,0,0,0,0,0,0,0,0,0,0,0,0,361.168,0,0,-86.8323
"MtrElec",3,3,10,"",170.484,0,0,0,0,0,0,0,0,0,0,0,0,0,0,0,0,0,0,0,0,401.251,0,0,-230.766
"MtrElec",3,3,11,"",317.259,0,0,0,0,0,0,0,0,0,0,0,0,0,0,0,0,0,0,0,0,428.995,0,0,-111.736
"MtrElec",3,3,12,"",253.052,0,0,0,0,0,0,0,0,0,0,0,0,0,0,0,0,0,0,0,0,409.781,0,0,-156.728
"MtrElec",3,3,13,"",89.9364,0,0,0,0,0,0,0,0,0,0,0,0,0,0,0,0,0,0,0,0,426.79,0,0,-336.854
"MtrElec",3,3,14,"",207.552,0,0,0,0,0,0,0,0,0,0,0,0,0,0,0,0,0,0,0,0,336.213,0,0,-128.661
"MtrElec",3,3,15,"",173.998,0,0,0,0,0,0,0,0,0,0,0,0,0,0,0,0,0,0,0,0,311.088,0,0,-137.09
"MtrElec",3,3,16,"",260.753,0,0,0,0,0,0,0,0,0,0,0,0,0,0,0,0,0,0,0,0,375.329,0,0,-114.575
"MtrElec",3,3,17,"",368.42,0,0,0,0,0,0,0,0,0,0,0,0,0,0,0,0,0,0,0,0,401.462,0,0,-33.0422
"MtrElec",3,3,18,"",365.119,0,0,0,0,0,0,0,0,0,0,0,0,0,0,0,0,0,0,0,0,365.119,0,0,0
"MtrElec",3,3,19,"",434.611,0,0,0,0,0,0,0,0,0,0,0,0,0,0,0,0,0,0,0,0,434.611,0,0,0
"MtrElec",3,3,20,"",399.91,0,0,0,0,0,0,0,0,0,0,0,0,0,0,0,0,0,0,0,0,399.91,0,0,0
"MtrElec",3,3,21,"",457.704,0,0,0,0,0,0,0,0,0,0,0,0,0,0,0,0,0,0,0,0,457.704,0,0,0
"MtrElec",3,3,22,"",302.672,0,0,0,0,0,0,0,0,0,0,0,0,0,0,0,0,0,0,0,0,302.672,0,0,0
"MtrElec",3,3,23,"",313.058,0,0,0,0,0,0,0,0,0,0,0,0,0,0,0,0,0,0,0,0,313.058,0,0,0
"MtrElec",3,3,24,"",197.283,0,0,0,0,0,0,0,0,0,0,0,0,0,0,0,0,0,0,0,0,197.283,0,0,0
"MtrElec",3,4,1,"",182.268,0,0,0,0,0,0,0,0,0,0,0,0,0,0,0,0,0,0,0,0,182.268,0,0,0
"MtrElec",3,4,2,"",215.668,0,0,0,0,0,0,0,0,0,0,0,0,0,0,0,0,0,0,0,0,215.668,0,0,0
"MtrElec",3,4,3,"",158.906,0,0,0,0,0,0,0,0,0,0,0,0,0,0,0,0,0,0,0,0,158.906,0,0,0
"MtrElec",3,4,4,"",157.591,0,0,0,0,0,0,0,0,0,0,0,0,0,0,0,0,0,0,0,0,157.591,0,0,0
"MtrElec",3,4,5,"",154.789,0,0,0,0,0,0,0,0,0,0,0,0,0,0,0,0,0,0,0,0,154.789,0,0,0
"MtrElec",3,4,6,"",178.373,0,0,0,0,0,0,0,0,0,0,0,0,0,0,0,0,0,0,0,0,178.373,0,0,0
"MtrElec",3,4,7,"",286.948,0,0,0,0,0,0,0,0,0,0,0,0,0,0,0,0,0,0,0,0,286.948,0,0,0
"MtrElec",3,4,8,"",295.184,0,0,0,0,0,0,0,0,0,0,0,0,0,0,0,0,0,0,0,0,344.773,0,0,-49.5893
"MtrElec",3,4,9,"",107.034,0,0,0,0,0,0,0,0,0,0,0,0,0,0,0,0,0,0,0,0,378.208,0,0,-271.174
"MtrElec",3,4,10,"",107.186,0,0,0,0,0,0,0,0,0,0,0,0,0,0,0,0,0,0,0,0,408.764,0,0,-301.578
"MtrElec",3,4,11,"",84.2676,0,0,0,0,0,0,0,0,0,0,0,0,0,0,0,0,0,0,0,0,426.5,0,0,-342.233
"MtrElec",3,4,12,"",174.829,0,0,0,0,0,0,0,0,0,0,0,0,0,0,0,0,0,0,0,0,368.197,0,0,-193.368
"MtrElec",3,4,13,"",328.434,0,0,0,0,0,0,0,0,0,0,0,0,0,0,0,0,0,0,0,0,435.372,0,0,-106.938
"MtrElec",3,4,14,"",227.518,0,0,0,0,0,0,0,0,0,0,0,0,0,0,0,0,0,0,0,0,311.827,0,0,-84.3083
"MtrElec",3,4,15,"",231.28,0,0,0,0,0,0,0,0,0,0,0,0,0,0,0,0,0,0,0,0,357.258,0,0,-125.978
"MtrElec",3,4,16,"",288.971,0,0,0,0,0,0,0,0,0,0,0,0,0,0,0,0,0,0,0,0,378.464,0,0,-89.4935
"MtrElec",3,4,17,"",355.967,0,0,0,0,0,0,0,0,0,0,0,0,0,0,0,0,0,0,0,0,367.651,0,0,-11.6838
"MtrElec",3,4,18,"",406.31,0,0,0,0,0,0,0,0,0,0,0,0,0,0,0,0,0,0,0,0,410.532,0,0,-4.22201
"MtrElec",3,4,19,"",419.523,0,0,0,0,0,0,0,0,0,0,0,0,0,0,0,0,0,0,0,0,419.523,0,0,0
"MtrElec",3,4,20,"",436.286,0,0,0,0,0,0,0,0,0,0,0,0,0,0,0,0,0,0,0,0,436.286,0,0,0
"MtrElec",3,4,21,"",433.731,0,0,0,0,0,0,0,0,0,0,0,0,0,0,0,0,0,0,0,0,433.731,0,0,0
"MtrElec",3,4,22,"",316.194,0,0,0,0,0,0,0,0,0,0,0,0,0,0,0,0,0,0,0,0,316.194,0,0,0
"MtrElec",3,4,23,"",297.909,0,0,0,0,0,0,0,0,0,0,0,0,0,0,0,0,0,0,0,0,297.909,0,0,0
"MtrElec",3,4,24,"",214.014,0,0,0,0,0,0,0,0,0,0,0,0,0,0,0,0,0,0,0,0,214.014,0,0,0
"MtrElec",3,5,1,"",169.238,0,0,0,0,0,0,0,0,0,0,0,0,0,0,0,0,0,0,0,0,169.238,0,0,0
"MtrElec",3,5,2,"",164.304,0,0,0,0,0,0,0,0,0,0,0,0,0,0,0,0,0,0,0,0,164.304,0,0,0
"MtrElec",3,5,3,"",156.322,0,0,0,0,0,0,0,0,0,0,0,0,0,0,0,0,0,0,0,0,156.322,0,0,0
"MtrElec",3,5,4,"",158.894,0,0,0,0,0,0,0,0,0,0,0,0,0,0,0,0,0,0,0,0,158.894,0,0,0
"MtrElec",3,5,5,"",205.369,0,0,0,0,0,0,0,0,0,0,0,0,0,0,0,0,0,0,0,0,205.369,0,0,0
"MtrElec",3,5,6,"",162.671,0,0,0,0,0,0,0,0,0,0,0,0,0,0,0,0,0,0,0,0,162.671,0,0,0
"MtrElec",3,5,7,"",270.266,0,0,0,0,0,0,0,0,0,0,0,0,0,0,0,0,0,0,0,0,270.266,0,0,0
"MtrElec",3,5,8,"",343.606,0,0,0,0,0,0,0,0,0,0,0,0,0,0,0,0,0,0,0,0,343.606,0,0,0
"MtrElec",3,5,9,"",424.333,0,0,0,0,0,0,0,0,0,0,0,0,0,0,0,0,0,0,0,0,429.452,0,0,-5.11898
"MtrElec",3,5,10,"",428.813,0,0,0,0,0,0,0,0,0,0,0,0,0,0,0,0,0,0,0,0,480.109,0,0,-51.2953
"MtrElec",3,5,11,"",94.4554,0,0,0,0,0,0,0,0,0,0,0,0,0,0,0,0,0,0,0,0,417.759,0,0,-323.303
"MtrElec",3,5,12,"",349.828,0,0,0,0,0,0,0,0,0,0,0,0,0,0,0,0,0,0,0,0,438.317,0,0,-88.489
"MtrElec",3,5,13,"",70.5134,0,0,0,0,0,0,0,0,0,0,0,0,0,0,0,0,0,0,0,0,435.266,0,0,-364.753
"MtrElec",3,5,14,"",192.783,0,0,0,0,0,0,0,0,0,0,0,0,0,0,0,0,0,0,0,0,372.343,0,0,-179.559
"MtrElec",3,5,15,"",165.369,0,0,0,0,0,0,0,0,0,0,0,0,0,0,0,0,0,0,0,0,334.715,0,0,-169.346
"MtrElec",3,5,16,"",170.374,0,0,0,0,0,0,0,0,0,0,0,0,0,0,0,0,0,0,0,0,370.354,0,0,-199.98
"MtrElec",3,5,17,"",235.712,0,0,0,0,0,0,0,0,0,0,0,0,0,0,0,0,0,0,0,0,424.126,0,0,-188.413
"MtrElec",3,5,18,"",421.949,0,0,0,0,0,0,0,0,0,0,0,0,0,0,0,0,0,0,0,0,448.567,0,0,-26.6182
"MtrElec",3,5,19,"",448.57,0,0,0,0,0,0,0,0,0,0,0,0,0,0,0,0,0,0,0,0,448.57,0,0,0
"MtrElec",3,5,20,"",411.507,0,0,0,0,0,0,0,0,0,0,0,0,0,0,0,0,0,0,0,0,411.507,0,0,0
"MtrElec",3,5,21,"",397.241,0,0,0,0,0,0,0,0,0,0,0,0,0,0,0,0,0,0,0,0,397.241,0,0,0
"MtrElec",3,5,22,"",306.145,0,0,0,0,0,0,0,0,0,0,0,0,0,0,0,0,0,0,0,0,306.145,0,0,0
"MtrElec",3,5,23,"",332.442,0,0,0,0,0,0,0,0,0,0,0,0,0,0,0,0,0,0,0,0,332.442,0,0,0
"MtrElec",3,5,24,"",224.667,0,0,0,0,0,0,0,0,0,0,0,0,0,0,0,0,0,0,0,0,224.667,0,0,0
"MtrElec",3,6,1,"",175.673,0,0,0,0,0,0,0,0,0,0,0,0,0,0,0,0,0,0,0,0,175.673,0,0,0
"MtrElec",3,6,2,"",169.255,0,0,0,0,0,0,0,0,0,0,0,0,0,0,0,0,0,0,0,0,169.255,0,0,0
"MtrElec",3,6,3,"",219.354,0,0,0,0,0,0,0,0,0,0,0,0,0,0,0,0,0,0,0,0,219.354,0,0,0
"MtrElec",3,6,4,"",172.192,0,0,0,0,0,0,0,0,0,0,0,0,0,0,0,0,0,0,0,0,172.192,0,0,0
"MtrElec",3,6,5,"",170.635,0,0,0,0,0,0,0,0,0,0,0,0,0,0,0,0,0,0,0,0,170.635,0,0,0
"MtrElec",3,6,6,"",184.545,0,0,0,0,0,0,0,0,0,0,0,0,0,0,0,0,0,0,0,0,184.545,0,0,0
"MtrElec",3,6,7,"",310.016,0,0,0,0,0,0,0,0,0,0,0,0,0,0,0,0,0,0,0,0,329.558,0,0,-19.5426
"MtrElec",3,6,8,"",218.185,0,0,0,0,0,0,0,0,0,0,0,0,0,0,0,0,0,0,0,0,372.759,0,0,-154.575
"MtrElec",3,6,9,"",113.945,0,0,0,0,0,0,0,0,0,0,0,0,0,0,0,0,0,0,0,0,383.303,0,0,-269.357
"MtrElec",3,6,10,"",88.7077,0,0,0,0,0,0,0,0,0,0,0,0,0,0,0,0,0,0,0,0,429.015,0,0,-340.307
"MtrElec",3,6,11,"",0,0,0,0,0,0,0,0,0,0,0,0,0,0,0,0,0,0,0,0,0,439.815,0,0.213594,-440.028
"MtrElec",3,6,12,"",0,0,0,0,0,0,0,0,0,0,0,0,0,0,0,0,0,0,0,0,0,398.466,0,71.8225,-470.289
"MtrElec",3,6,13,"",354.545,0,0,0,0,0,0,0,0,0,0,0,0,0,0,0,0,0,0,0,0,441.964,0,0,-87.4193
"MtrElec",3,6,14,"",256.103,0,0,0,0,0,0,0,0,0,0,0,0,0,0,0,0,0,0,0,0,326.116,0,0,-70.0131
"MtrElec",3,6,15,"",125.662,0,0,0,0,0,0,0,0,0,0,0,0,0,0,0,0,0,0,0,0,367.938,0,0,-242.276
"MtrElec",3,6,16,"",70.5841,0,0,0,0,0,0,0,0,0,0,0,0,0,0,0,0,0,0,0,0,326.642,0,0,-256.058
"MtrElec",3,6,17,"",196.528,0,0,0,0,0,0,0,0,0,0,0,0,0,0,0,0,0,0,0,0,401.332,0,0,-204.804
"MtrElec",3,6,18,"",400.759,0,0,0,0,0,0,0,0,0,0,0,0,0,0,0,0,0,0,0,0,429.916,0,0,-29.1568
"MtrElec",3,6,19,"",384.213,0,0,0,0,0,0,0,0,0,0,0,0,0,0,0,0,0,0,0,0,449.225,0,-65.0126,0
"MtrElec",3,6,20,"",455.609,0,0,0,0,0,0,0,0,0,0,0,0,0,0,0,0,0,0,0,0,455.609,0,0,0
"MtrElec",3,6,21,"",422.733,0,0,0,0,0,0,0,0,0,0,0,0,0,0,0,0,0,0,0,0,422.733,0,0,0
"MtrElec",3,6,22,"",312.262,0,0,0,0,0,0,0,0,0,0,0,0,0,0,0,0,0,0,0,0,312.262,0,0,0
"MtrElec",3,6,23,"",323.87,0,0,0,0,0,0,0,0,0,0,0,0,0,0,0,0,0,0,0,0,323.87,0,0,0
"MtrElec",3,6,24,"",225.4,0,0,0,0,0,0,0,0,0,0,0,0,0,0,0,0,0,0,0,0,225.4,0,0,0
"MtrElec",3,7,1,"",225.262,0,0,0,0,0,0,0,0,0,0,0,0,0,0,0,0,0,0,0,0,225.262,0,0,0
"MtrElec",3,7,2,"",168.513,0,0,0,0,0,0,0,0,0,0,0,0,0,0,0,0,0,0,0,0,168.513,0,0,0
"MtrElec",3,7,3,"",170.947,0,0,0,0,0,0,0,0,0,0,0,0,0,0,0,0,0,0,0,0,170.947,0,0,0
"MtrElec",3,7,4,"",170.991,0,0,0,0,0,0,0,0,0,0,0,0,0,0,0,0,0,0,0,0,170.991,0,0,0
"MtrElec",3,7,5,"",175.12,0,0,0,0,0,0,0,0,0,0,0,0,0,0,0,0,0,0,0,0,175.12,0,0,0
"MtrElec",3,7,6,"",173.117,0,0,0,0,0,0,0,0,0,0,0,0,0,0,0,0,0,0,0,0,173.117,0,0,0
"MtrElec",3,7,7,"",241.019,0,0,0,0,0,0,0,0,0,0,0,0,0,0,0,0,0,0,0,0,250.924,0,0,-9.90576
"MtrElec",3,7,8,"",144.819,0,0,0,0,0,0,0,0,0,0,0,0,0,0,0,0,0,0,0,0,261.768,0,0,-116.95
"MtrElec",3,7,9,"",-85.5482,0,0,0,0,0,0,0,0,0,0,0,0,0,0,0,0,0,0,0,0,305.657,0,0,-391.205
"MtrElec",3,7,10,"",-12.2481,0,0,0,0,0,0,0,0,0,0,0,0,0,0,0,0,0,0,0,0,409.433,0,0,-421.681
"MtrElec",3,7,11,"",62.663,0,0,0,0,0,0,0,0,0,0,0,0,0,0,0,0,0,0,0,0,466.317,0,0,-403.654
"MtrElec",3,7,12,"",232.134,0,0,0,0,0,0,0,0,0,0,0,0,0,0,0,0,0,0,0,0,472.342,0,0,-240.208
"MtrElec",3,7,13,"",213.711,0,0,0,0,0,0,0,0,0,0,0,0,0,0,0,0,0,0,0,0,431.718,0,0,-218.006
"MtrElec",3,7,14,"",301.844,0,0,0,0,0,0,0,0,0,0,0,0,0,0,0,0,0,0,0,0,456.032,0,0,-154.189
"MtrElec",3,7,15,"",324.615,0,0,0,0,0,0,0,0,0,0,0,0,0,0,0,0,0,0,0,0,385.473,0,0,-60.8576
"MtrElec",3,7,16,"",335.749,0,0,0,0,0,0,0,0,0,0,0,0,0,0,0,0,0,0,0,0,401.176,0,0,-65.4266
"MtrElec",3,7,17,"",331.062,0,0,0,0,0,0,0,0,0,0,0,0,0,0,0,0,0,0,0,0,401.332,0,0,-70.2706
"MtrElec",3,7,18,"",417.691,0,0,0,0,0,0,0,0,0,0,0,0,0,0,0,0,0,0,0,0,422.648,0,0,-4.95747
"MtrElec",3,7,19,"",442.114,0,0,0,0,0,0,0,0,0,0,0,0,0,0,0,0,0,0,0,0,442.114,0,0,0
"MtrElec",3,7,20,"",426.821,0,0,0,0,0,0,0,0,0,0,0,0,0,0,0,0,0,0,0,0,426.821,0,0,0
"MtrElec",3,7,21,"",375.936,0,0,0,0,0,0,0,0,0,0,0,0,0,0,0,0,0,0,0,0,375.936,0,0,0
"MtrElec",3,7,22,"",316.216,0,0,0,0,0,0,0,0,0,0,0,0,0,0,0,0,0,0,0,0,316.216,0,0,0
"MtrElec",3,7,23,"",269.176,0,0,0,0,0,0,0,0,0,0,0,0,0,0,0,0,0,0,0,0,269.176,0,0,0
"MtrElec",3,7,24,"",205.855,0,0,0,0,0,0,0,0,0,0,0,0,0,0,0,0,0,0,0,0,205.855,0,0,0
"MtrElec",3,8,1,"",179.87,0,0,0,0,0,0,0,0,0,0,0,0,0,0,0,0,0,0,0,0,179.87,0,0,0
"MtrElec",3,8,2,"",203.731,0,0,0,0,0,0,0,0,0,0,0,0,0,0,0,0,0,0,0,0,203.731,0,0,0
"MtrElec",3,8,4,"",155.87,0,0,0,0,0,0,0,0,0,0,0,0,0,0,0,0,0,0,0,0,155.87,0,0,0
"MtrElec",3,8,5,"",153.192,0,0,0,0,0,0,0,0,0,0,0,0,0,0,0,0,0,0,0,0,153.192,0,0,0
"MtrElec",3,8,6,"",160.997,0,0,0,0,0,0,0,0,0,0,0,0,0,0,0,0,0,0,0,0,160.997,0,0,0
"MtrElec",3,8,7,"",166.766,0,0,0,0,0,0,0,0,0,0,0,0,0,0,0,0,0,0,0,0,166.766,0,0,0
"MtrElec",3,8,8,"",302.155,0,0,0,0,0,0,0,0,0,0,0,0,0,0,0,0,0,0,0,0,303.454,0,0,-1.2991
"MtrElec",3,8,9,"",300.436,0,0,0,0,0,0,0,0,0,0,0,0,0,0,0,0,0,0,0,0,319.938,0,0,-19.502
"MtrElec",3,8,10,"",349.898,0,0,0,0,0,0,0,0,0,0,0,0,0,0,0,0,0,0,0,0,363.314,0,0,-13.4162
"MtrElec",3,8,11,"",370.785,0,0,0,0,0,0,0,0,0,0,0,0,0,0,0,0,0,0,0,0,416.684,0,0,-45.8984
"MtrElec",3,8,12,"",299.065,0,0,0,0,0,0,0,0,0,0,0,0,0,0,0,0,0,0,0,0,375.172,0,0,-76.1066
"MtrElec",3,8,13,"",234.098,0,0,0,0,0,0,0,0,0,0,0,0,0,0,0,0,0,0,0,0,367.46,0,0,-133.362
"MtrElec",3,8,14,"",146.542,0,0,0,0,0,0,0,0,0,0,0,0,0,0,0,0,0,0,0,0,375.796,0,0,-229.254
"MtrElec",3,8,15,"",32.0279,0,0,0,0,0,0,0,0,0,0,0,0,0,0,0,0,0,0,0,0,391.782,0,0,-359.754
"MtrElec",3,8,16,"",144.321,0,0,0,0,0,0,0,0,0,0,0,0,0,0,0,0,0,0,0,0,341.094,0,0,-196.773
"MtrElec",3,8,17,"",34.6262,0,0,0,0,0,0,0,0,0,0,0,0,0,0,0,0,0,0,0,0,373.083,0,0,-338.457
"MtrElec",3,8,18,"",188.52,0,0,0,0,0,0,0,0,0,0,0,0,0,0,0,0,0,0,0,0,404.489,0,0,-215.968
"MtrElec",3,8,19,"",357.897,0,0,0,0,0,0,0,0,0,0,0,0,0,0,0,0,0,0,0,0,388.448,0,0,-30.5508
"MtrElec",3,8,20,"",340.74,0,0,0,0,0,0,0,0,0,0,0,0,0,0,0,0,0,0,0,0,340.74,0,0,0
"MtrElec",3,8,21,"",291.759,0,0,0,0,0,0,0,0,0,0,0,0,0,0,0,0,0,0,0,0,291.759,0,0,0
"MtrElec",3,8,22,"",308.053,0,0,0,0,0,0,0,0,0,0,0,0,0,0,0,0,0,0,0,0,308.053,0,0,0
"MtrElec",3,8,23,"",264.711,0,0,0,0,0,0,0,0,0,0,0,0,0,0,0,0,0,0,0,0,264.711,0,0,0
"MtrElec",3,8,24,"",205.73,0,0,0,0,0,0,0,0,0,0,0,0,0,0,0,0,0,0,0,0,205.73,0,0,0
"MtrElec",3,9,1,"",166.601,0,0,0,0,0,0,0,0,0,0,0,0,0,0,0,0,0,0,0,0,166.601,0,0,0
"MtrElec",3,9,2,"",164.691,0,0,0,0,0,0,0,0,0,0,0,0,0,0,0,0,0,0,0,0,164.691,0,0,0
"MtrElec",3,9,3,"",208.367,0,0,0,0,0,0,0,0,0,0,0,0,0,0,0,0,0,0,0,0,208.367,0,0,0
"MtrElec",3,9,4,"",170.951,0,0,0,0,0,0,0,0,0,0,0,0,0,0,0,0,0,0,0,0,170.951,0,0,0
"MtrElec",3,9,5,"",171.531,0,0,0,0,0,0,0,0,0,0,0,0,0,0,0,0,0,0,0,0,171.531,0,0,0
"MtrElec",3,9,6,"",166.922,0,0,0,0,0,0,0,0,0,0,0,0,0,0,0,0,0,0,0,0,166.922,0,0,0
"MtrElec",3,9,7,"",283.462,0,0,0,0,0,0,0,0,0,0,0,0,0,0,0,0,0,0,0,0,283.462,0,0,0
"MtrElec",3,9,8,"",316.023,0,0,0,0,0,0,0,0,0,0,0,0,0,0,0,0,0,0,0,0,349.485,0,0,-33.4617
"MtrElec",3,9,9,"",239.371,0,0,0,0,0,0,0,0,0,0,0,0,0,0,0,0,0,0,0,0,396.272,0,0,-156.901
"MtrElec",3,9,10,"",170.824,0,0,0,0,0,0,0,0,0,0,0,0,0,0,0,0,0,0,0,0,405.42,0,0,-234.597
"MtrElec",3,9,11,"",0.0000039,0,0,0,0,0,0,0,0,0,0,0,0,0,0,0,0,0,0,0,0,388.554,0,40.1836,-428.738
"MtrElec",3,9,12,"",0,0,0,0,0,0,0,0,0,0,0,0,0,0,0,0,0,0,0,0,0,339.853,0,111.216,-451.069
"MtrElec",3,9,13,"",0,0,0,0,0,0,0,0,0,0,0,0,0,0,0,0,0,0,0,0,0,394.17,0,182.448,-576.619
"MtrElec",3,9,14,"",-114.635,0,0,0,0,0,0,0,0,0,0,0,0,0,0,0,0,0,0,0,0,371.292,0,223.222,-709.149
"MtrElec",3,9,15,"",-72.2897,0,0,0,0,0,0,0,0,0,0,0,0,0,0,0,0,0,0,0,0,361.332,0,223.222,-656.844
"MtrElec",3,9,16,"",-178.814,0,0,0,0,0,0,0,0,0,0,0,0,0,0,0,0,0,0,0,0,361.915,0,18.6695,-559.399
"MtrElec",3,9,17,"",11.3693,0,0,0,0,0,0,0,0,0,0,0,0,0,0,0,0,0,0,0,0,398.173,0,0,-386.804
"MtrElec",3,9,18,"",275.565,0,0,0,0,0,0,0,0,0,0,0,0,0,0,0,0,0,0,0,0,439.664,0,0,-164.099
"MtrElec",3,9,19,"",140.421,0,0,0,0,0,0,0,0,0,0,0,0,0,0,0,0,0,0,0,0,388.011,0,-223.222,-24.3685
"MtrElec",3,9,20,"",187.224,0,0,0,0,0,0,0,0,0,0,0,0,0,0,0,0,0,0,0,0,410.446,0,-223.222,0
"MtrElec",3,9,21,"",151.584,0,0,0,0,0,0,0,0,0,0,0,0,0,0,0,0,0,0,0,0,374.806,0,-223.222,0
"MtrElec",3,9,22,"",246.354,0,0,0,0,0,0,0,0,0,0,0,0,0,0,0,0,0,0,0,0,297.75,0,-51.3963,0
"MtrElec",3,9,23,"",281.713,0,0,0,0,0,0,0,0,0,0,0,0,0,0,0,0,0,0,0,0,281.713,0,0,0
"MtrElec",3,9,24,"",228.228,0,0,0,0,0,0,0,0,0,0,0,0,0,0,0,0,0,0,0,0,228.228,0,0,0
"MtrElec",3,10,1,"",196.66,0,0,0,0,0,0,0,0,0,0,0,0,0,0,0,0,0,0,0,0,196.66,0,0,0
"MtrElec",3,10,2,"",160.373,0,0,0,0,0,0,0,0,0,0,0,0,0,0,0,0,0,0,0,0,160.373,0,0,0
"MtrElec",3,10,3,"",203.18,0,0,0,0,0,0,0,0,0,0,0,0,0,0,0,0,0,0,0,0,203.18,0,0,0
"MtrElec",3,10,4,"",168.777,0,0,0,0,0,0,0,0,0,0,0,0,0,0,0,0,0,0,0,0,168.777,0,0,0
"MtrElec",3,10,5,"",177.315,0,0,0,0,0,0,0,0,0,0,0,0,0,0,0,0,0,0,0,0,177.315,0,0,0
"MtrElec",3,10,6,"",172.736,0,0,0,0,0,0,0,0,0,0,0,0,0,0,0,0,0,0,0,0,172.736,0,0,0
"MtrElec",3,10,7,"",283.427,0,0,0,0,0,0,0,0,0,0,0,0,0,0,0,0,0,0,0,0,283.427,0,0,0
"MtrElec",3,10,8,"",345.063,0,0,0,0,0,0,0,0,0,0,0,0,0,0,0,0,0,0,0,0,382.706,0,0,-37.6425
"MtrElec",3,10,9,"",204.98,0,0,0,0,0,0,0,0,0,0,0,0,0,0,0,0,0,0,0,0,416.452,0,0,-211.471
"MtrElec",3,10,10,"",6.92306,0,0,0,0,0,0,0,0,0,0,0,0,0,0,0,0,0,0,0,0,413.725,0,0,-406.802
"MtrElec",3,10,11,"",0,0,0,0,0,0,0,0,0,0,0,0,0,0,0,0,0,0,0,0,0,436.965,0,109.197,-546.163
"MtrElec",3,10,12,"",0.0000156,0,0,0,0,0,0,0,0,0,0,0,0,0,0,0,0,0,0,0,0,433.591,0,211.613,-645.204
"MtrElec",3,10,13,"",-12.6597,0,0,0,0,0,0,0,0,0,0,0,0,0,0,0,0,0,0,0,0,453.078,0,223.222,-688.96
"MtrElec",3,10,14,"",-102.79,0,0,0,0,0,0,0,0,0,0,0,0,0,0,0,0,0,0,0,0,346.093,0,223.222,-672.106
"MtrElec",3,10,15,"",-218.187,0,0,0,0,0,0,0,0,0,0,0,0,0,0,0,0,0,0,0,0,397.002,0,31.7074,-646.897
"MtrElec",3,10,16,"",-164.032,0,0,0,0,0,0,0,0,0,0,0,0,0,0,0,0,0,0,0,0,395.133,0,0,-559.164
"MtrElec",3,10,17,"",-29.9799,0,0,0,0,0,0,0,0,0,0,0,0,0,0,0,0,0,0,0,0,380.013,0,0,-409.993
"MtrElec",3,10,18,"",220.401,0,0,0,0,0,0,0,0,0,0,0,0,0,0,0,0,0,0,0,0,435.331,0,0,-214.93
"MtrElec",3,10,19,"",173.906,0,0,0,0,0,0,0,0,0,0,0,0,0,0,0,0,0,0,0,0,427.876,0,-223.222,-30.7469
"MtrElec",3,10,20,"",209.14,0,0,0,0,0,0,0,0,0,0,0,0,0,0,0,0,0,0,0,0,432.362,0,-223.222,0
"MtrElec",3,10,21,"",229.378,0,0,0,0,0,0,0,0,0,0,0,0,0,0,0,0,0,0,0,0,452.6,0,-223.222,0
"MtrElec",3,10,22,"",223.954,0,0,0,0,0,0,0,0,0,0,0,0,0,0,0,0,0,0,0,0,275.35,0,-51.3963,0
"MtrElec",3,10,23,"",319.948,0,0,0,0,0,0,0,0,0,0,0,0,0,0,0,0,0,0,0,0,319.948,0,0,0
"MtrElec",3,10,24,"",196.62,0,0,0,0,0,0,0,0,0,0,0,0,0,0,0,0,0,0,0,0,196.62,0,0,0
"MtrElec",3,11,1,"",164.851,0,0,0,0,0,0,0,0,0,0,0,0,0,0,0,0,0,0,0,0,164.851,0,0,0
"MtrElec",3,11,2,"",155.547,0,0,0,0,0,0,0,0,0,0,0,0,0,0,0,0,0,0,0,0,155.547,0,0,0
"MtrElec",3,11,3,"",195.592,0,0,0,0,0,0,0,0,0,0,0,0,0,0,0,0,0,0,0,0,195.592,0,0,0
"MtrElec",3,11,4,"",150.314,0,0,0,0,0,0,0,0,0,0,0,0,0,0,0,0,0,0,0,0,150.314,0,0,0
"MtrElec",3,11,5,"",148.595,0,0,0,0,0,0,0,0,0,0,0,0,0,0,0,0,0,0,0,0,148.595,0,0,0
"MtrElec",3,11,6,"",155.099,0,0,0,0,0,0,0,0,0,0,0,0,0,0,0,0,0,0,0,0,155.099,0,0,0
"MtrElec",3,11,7,"",291.542,0,0,0,0,0,0,0,0,0,0,0,0,0,0,0,0,0,0,0,0,291.542,0,0,0
"MtrElec",3,11,8,"",358.777,0,0,0,0,0,0,0,0,0,0,0,0,0,0,0,0,0,0,0,0,389.301,0,0,-30.5242
"MtrElec",3,11,9,"",190.473,0,0,0,0,0,0,0,0,0,0,0,0,0,0,0,0,0,0,0,0,358.903,0,0,-168.429
"MtrElec",3,11,10,"",21.9488,0,0,0,0,0,0,0,0,0,0,0,0,0,0,0,0,0,0,0,0,425.514,0,0,-403.565
"MtrElec",3,11,11,"",0,0,0,0,0,0,0,0,0,0,0,0,0,0,0,0,0,0,0,0,0,435.413,0,118.473,-553.886
"MtrElec",3,11,12,"",0,0,0,0,0,0,0,0,0,0,0,0,0,0,0,0,0,0,0,0,0,429.855,0,205.854,-635.708
"MtrElec",3,11,13,"",-13.6142,0,0,0,0,0,0,0,0,0,0,0,0,0,0,0,0,0,0,0,0,441.029,0,223.222,-677.866
"MtrElec",3,11,14,"",-65.9706,0,0,0,0,0,0,0,0,0,0,0,0,0,0,0,0,0,0,0,0,401.223,0,223.222,-690.416
"MtrElec",3,11,15,"",-243.599,0,0,0,0,0,0,0,0,0,0,0,0,0,0,0,0,0,0,0,0,376.523,0,28.1904,-648.312
"MtrElec",3,11,16,"",-156.07,0,0,0,0,0,0,0,0,0,0,0,0,0,0,0,0,0,0,0,0,393.986,0,0,-550.056
"MtrElec",3,11,17,"",-15.975,0,0,0,0,0,0,0,0,0,0,0,0,0,0,0,0,0,0,0,0,383.559,0,0,-399.534
"MtrElec",3,11,18,"",255.07,0,0,0,0,0,0,0,0,0,0,0,0,0,0,0,0,0,0,0,0,463.123,0,0,-208.053
"MtrElec",3,11,19,"",205.504,0,0,0,0,0,0,0,0,0,0,0,0,0,0,0,0,0,0,0,0,459.257,0,-223.222,-30.531
"MtrElec",3,11,20,"",224.01,0,0,0,0,0,0,0,0,0,0,0,0,0,0,0,0,0,0,0,0,447.233,0,-223.222,0
"MtrElec",3,11,21,"",171.518,0,0,0,0,0,0,0,0,0,0,0,0,0,0,0,0,0,0,0,0,394.74,0,-223.222,0
"MtrElec",3,11,22,"",250.246,0,0,0,0,0,0,0,0,0,0,0,0,0,0,0,0,0,0,0,0,301.642,0,-51.3963,0
"MtrElec",3,11,23,"",243.317,0,0,0,0,0,0,0,0,0,0,0,0,0,0,0,0,0,0,0,0,243.317,0,0,0
"MtrElec",3,11,24,"",241.889,0,0,0,0,0,0,0,0,0,0,0,0,0,0,0,0,0,0,0,0,241.889,0,0,0
"MtrElec",3,12,1,"",182.049,0,0,0,0,0,0,0,0,0,0,0,0,0,0,0,0,0,0,0,0,182.049,0,0,0
"MtrElec",3,12,2,"",154.541,0,0,0,0,0,0,0,0,0,0,0,0,0,0,0,0,0,0,0,0,154.541,0,0,0
"MtrElec",3,12,3,"",150.575,0,0,0,0,0,0,0,0,0,0,0,0,0,0,0,0,0,0,0,0,150.575,0,0,0
"MtrElec",3,12,4,"",150.795,0,0,0,0,0,0,0,0,0,0,0,0,0,0,0,0,0,0,0,0,150.795,0,0,0
"MtrElec",3,12,5,"",148.564,0,0,0,0,0,0,0,0,0,0,0,0,0,0,0,0,0,0,0,0,148.564,0,0,0
"MtrElec",3,12,6,"",203.468,0,0,0,0,0,0,0,0,0,0,0,0,0,0,0,0,0,0,0,0,203.468,0,0,0
"MtrElec",3,12,7,"",259.515,0,0,0,0,0,0,0,0,0,0,0,0,0,0,0,0,0,0,0,0,259.515,0,0,0
"MtrElec",3,12,8,"",262.339,0,0,0,0,0,0,0,0,0,0,0,0,0,0,0,0,0,0,0,0,303.186,0,0,-40.8474
"MtrElec",3,12,9,"",171.361,0,0,0,0,0,0,0,0,0,0,0,0,0,0,0,0,0,0,0,0,378.601,0,0,-207.24
"MtrElec",3,12,10,"",21.4263,0,0,0,0,0,0,0,0,0,0,0,0,0,0,0,0,0,0,0,0,425.555,0,0,-404.129
"MtrElec",3,12,11,"",0,0,0,0,0,0,0,0,0,0,0,0,0,0,0,0,0,0,0,0,0,449.256,0,74.0937,-523.35
"MtrElec",3,12,12,"",0,0,0,0,0,0,0,0,0,0,0,0,0,0,0,0,0,0,0,0,0,412.006,0,160.819,-572.825
"MtrElec",3,12,13,"",0,0,0,0,0,0,0,0,0,0,0,0,0,0,0,0,0,0,0,0,0,436.976,0,189.161,-626.137
"MtrElec",3,12,14,"",0,0,0,0,0,0,0,0,0,0,0,0,0,0,0,0,0,0,0,0,0,373.745,0,195.17,-568.915
"MtrElec",3,12,15,"",0,0,0,0,0,0,0,0,0,0,0,0,0,0,0,0,0,0,0,0,0,408.873,0,135.689,-544.562
"MtrElec",3,12,16,"",-87.361,0,0,0,0,0,0,0,0,0,0,0,0,0,0,0,0,0,0,0,0,383.518,0,44.0299,-514.909
"MtrElec",3,12,17,"",119.479,0,0,0,0,0,0,0,0,0,0,0,0,0,0,0,0,0,0,0,0,457.851,0,0,-338.373
"MtrElec",3,12,18,"",337.472,0,0,0,0,0,0,0,0,0,0,0,0,0,0,0,0,0,0,0,0,461.966,0,0,-124.494
"MtrElec",3,12,19,"",175.115,0,0,0,0,0,0,0,0,0,0,0,0,0,0,0,0,0,0,0,0,426.541,0,-223.222,-28.2043
"MtrElec",3,12,20,"",231.643,0,0,0,0,0,0,0,0,0,0,0,0,0,0,0,0,0,0,0,0,454.866,0,-223.222,0
"MtrElec",3,12,21,"",200.494,0,0,0,0,0,0,0,0,0,0,0,0,0,0,0,0,0,0,0,0,423.716,0,-223.222,0
"MtrElec",3,12,22,"",202.028,0,0,0,0,0,0,0,0,0,0,0,0,0,0,0,0,0,0,0,0,253.424,0,-51.3963,0
"MtrElec",3,12,23,"",271.826,0,0,0,0,0,0,0,0,0,0,0,0,0,0,0,0,0,0,0,0,271.826,0,0,0
"MtrElec",3,12,24,"",247.258,0,0,0,0,0,0,0,0,0,0,0,0,0,0,0,0,0,0,0,0,247.258,0,0,0
"MtrElec",3,13,1,"",168.336,0,0,0,0,0,0,0,0,0,0,0,0,0,0,0,0,0,0,0,0,168.336,0,0,0
"MtrElec",3,13,2,"",155.11,0,0,0,0,0,0,0,0,0,0,0,0,0,0,0,0,0,0,0,0,155.11,0,0,0
"MtrElec",3,13,3,"",152.6,0,0,0,0,0,0,0,0,0,0,0,0,0,0,0,0,0,0,0,0,152.6,0,0,0
"MtrElec",3,13,4,"",154.065,0,0,0,0,0,0,0,0,0,0,0,0,0,0,0,0,0,0,0,0,154.065,0,0,0
"MtrElec",3,13,5,"",152.721,0,0,0,0,0,0,0,0,0,0,0,0,0,0,0,0,0,0,0,0,152.721,0,0,0
"MtrElec",3,13,6,"",183.249,0,0,0,0,0,0,0,0,0,0,0,0,0,0,0,0,0,0,0,0,183.249,0,0,0
"MtrElec",3,13,7,"",238.301,0,0,0,0,0,0,0,0,0,0,0,0,0,0,0,0,0,0,0,0,238.301,0,0,0
"MtrElec",3,13,8,"",352.915,0,0,0,0,0,0,0,0,0,0,0,0,0,0,0,0,0,0,0,0,365.474,0,0,-12.5594
"MtrElec",3,13,9,"",252.685,0,0,0,0,0,0,0,0,0,0,0,0,0,0,0,0,0,0,0,0,345.353,0,0,-92.6681
"MtrElec",3,13,10,"",34.267,0,0,0,0,0,0,0,0,0,0,0,0,0,0,0,0,0,0,0,0,384.528,0,0,-350.261
"MtrElec",3,13,11,"",0,0,0,0,0,0,0,0,0,0,0,0,0,0,0,0,0,0,0,0,0,403.097,0,129.088,-532.185
"MtrElec",3,13,12,"",-33.689,0,0,0,0,0,0,0,0,0,0,0,0,0,0,0,0,0,0,0,0,369.606,0,223.222,-626.518
"MtrElec",3,13,13,"",-9.96248,0,0,0,0,0,0,0,0,0,0,0,0,0,0,0,0,0,0,0,0,457.408,0,223.222,-690.592
"MtrElec",3,13,14,"",-140.219,0,0,0,0,0,0,0,0,0,0,0,0,0,0,0,0,0,0,0,0,331.893,0,223.222,-695.334
"MtrElec",3,13,15,"",-263.469,0,0,0,0,0,0,0,0,0,0,0,0,0,0,0,0,0,0,0,0,378.802,0,0.206822,-642.478
"MtrElec",3,13,16,"",-151.013,0,0,0,0,0,0,0,0,0,0,0,0,0,0,0,0,0,0,0,0,392.174,0,0,-543.188
"MtrElec",3,13,17,"",-21.1112,0,0,0,0,0,0,0,0,0,0,0,0,0,0,0,0,0,0,0,0,376.325,0,0,-397.436
"MtrElec",3,13,18,"",214.984,0,0,0,0,0,0,0,0,0,0,0,0,0,0,0,0,0,0,0,0,425.914,0,0,-210.93
"MtrElec",3,13,19,"",168.418,0,0,0,0,0,0,0,0,0,0,0,0,0,0,0,0,0,0,0,0,423.921,0,-223.222,-32.2801
"MtrElec",3,13,20,"",215.453,0,0,0,0,0,0,0,0,0,0,0,0,0,0,0,0,0,0,0,0,438.675,0,-223.222,0
"MtrElec",3,13,21,"",179.731,0,0,0,0,0,0,0,0,0,0,0,0,0,0,0,0,0,0,0,0,402.953,0,-223.222,0
"MtrElec",3,13,22,"",272.178,0,0,0,0,0,0,0,0,0,0,0,0,0,0,0,0,0,0,0,0,323.575,0,-51.3963,0
"MtrElec",3,13,23,"",243.639,0,0,0,0,0,0,0,0,0,0,0,0,0,0,0,0,0,0,0,0,243.639,0,0,0
"MtrElec",3,13,24,"",258.929,0,0,0,0,0,0,0,0,0,0,0,0,0,0,0,0,0,0,0,0,258.929,0,0,0
"MtrElec",3,14,1,"",170.104,0,0,0,0,0,0,0,0,0,0,0,0,0,0,0,0,0,0,0,0,170.104,0,0,0
"MtrElec",3,14,2,"",156.35,0,0,0,0,0,0,0,0,0,0,0,0,0,0,0,0,0,0,0,0,156.35,0,0,0
"MtrElec",3,14,3,"",154.801,0,0,0,0,0,0,0,0,0,0,0,0,0,0,0,0,0,0,0,0,154.801,0,0,0
"MtrElec",3,14,4,"",154.168,0,0,0,0,0,0,0,0,0,0,0,0,0,0,0,0,0,0,0,0,154.168,0,0,0
"MtrElec",3,14,5,"",156.893,0,0,0,0,0,0,0,0,0,0,0,0,0,0,0,0,0,0,0,0,156.893,0,0,0
"MtrElec",3,14,6,"",155.337,0,0,0,0,0,0,0,0,0,0,0,0,0,0,0,0,0,0,0,0,155.337,0,0,0
"MtrElec",3,14,7,"",244.057,0,0,0,0,0,0,0,0,0,0,0,0,0,0,0,0,0,0,0,0,244.057,0,0,0
"MtrElec",3,14,8,"",228.158,0,0,0,0,0,0,0,0,0,0,0,0,0,0,0,0,0,0,0,0,269.069,0,0,-40.9113
"MtrElec",3,14,9,"",116.524,0,0,0,0,0,0,0,0,0,0,0,0,0,0,0,0,0,0,0,0,326.792,0,0,-210.268
"MtrElec",3,14,10,"",55.4033,0,0,0,0,0,0,0,0,0,0,0,0,0,0,0,0,0,0,0,0,453.187,0,0,-397.783
"MtrElec",3,14,11,"",0.0000078,0,0,0,0,0,0,0,0,0,0,0,0,0,0,0,0,0,0,0,0,452.01,0,84.0226,-536.032
"MtrElec",3,14,12,"",0,0,0,0,0,0,0,0,0,0,0,0,0,0,0,0,0,0,0,0,0,459.953,0,160.547,-620.5
"MtrElec",3,14,13,"",0,0,0,0,0,0,0,0,0,0,0,0,0,0,0,0,0,0,0,0,0,552.698,0,127.055,-679.754
"MtrElec",3,14,14,"",0,0,0,0,0,0,0,0,0,0,0,0,0,0,0,0,0,0,0,0,0,496.006,0,192.319,-688.324
"MtrElec",3,14,15,"",0.0000078,0,0,0,0,0,0,0,0,0,0,0,0,0,0,0,0,0,0,0,0,523.811,0,118.828,-642.64
"MtrElec",3,14,16,"",0,0,0,0,0,0,0,0,0,0,0,0,0,0,0,0,0,0,0,0,0,478.338,0,68.0091,-546.347
"MtrElec",3,14,17,"",76.9402,0,0,0,0,0,0,0,0,0,0,0,0,0,0,0,0,0,0,0,0,474.202,0,0,-397.262
"MtrElec",3,14,18,"",294.037,0,0,0,0,0,0,0,0,0,0,0,0,0,0,0,0,0,0,0,0,503.956,0,0,-209.919
"MtrElec",3,14,19,"",249.061,0,0,0,0,0,0,0,0,0,0,0,0,0,0,0,0,0,0,0,0,505.058,0,-223.222,-32.7751
"MtrElec",3,14,20,"",182.126,0,0,0,0,0,0,0,0,0,0,0,0,0,0,0,0,0,0,0,0,405.349,0,-223.222,0
"MtrElec",3,14,21,"",131.497,0,0,0,0,0,0,0,0,0,0,0,0,0,0,0,0,0,0,0,0,354.719,0,-223.222,0
"MtrElec",3,14,22,"",244.309,0,0,0,0,0,0,0,0,0,0,0,0,0,0,0,0,0,0,0,0,252.221,0,-7.91237,0
"MtrElec",3,14,23,"",261.865,0,0,0,0,0,0,0,0,0,0,0,0,0,0,0,0,0,0,0,0,261.865,0,0,0
"MtrElec",3,14,24,"",193.042,0,0,0,0,0,0,0,0,0,0,0,0,0,0,0,0,0,0,0,0,193.042,0,0,0
"MtrElec",3,15,1,"",158.883,0,0,0,0,0,0,0,0,0,0,0,0,0,0,0,0,0,0,0,0,158.883,0,0,0
"MtrElec",3,15,2,"",156.288,0,0,0,0,0,0,0,0,0,0,0,0,0,0,0,0,0,0,0,0,156.288,0,0,0
"MtrElec",3,15,3,"",153.336,0,0,0,0,0,0,0,0,0,0,0,0,0,0,0,0,0,0,0,0,153.336,0,0,0
"MtrElec",3,15,4,"",191.701,0,0,0,0,0,0,0,0,0,0,0,0,0,0,0,0,0,0,0,0,191.701,0,0,0
"MtrElec",3,15,5,"",170.276,0,0,0,0,0,0,0,0,0,0,0,0,0,0,0,0,0,0,0,0,170.276,0,0,0
"MtrElec",3,15,6,"",158.717,0,0,0,0,0,0,0,0,0,0,0,0,0,0,0,0,0,0,0,0,158.717,0,0,0
"MtrElec",3,15,7,"",170.059,0,0,0,0,0,0,0,0,0,0,0,0,0,0,0,0,0,0,0,0,170.059,0,0,0
"MtrElec",3,15,8,"",238.481,0,0,0,0,0,0,0,0,0,0,0,0,0,0,0,0,0,0,0,0,247.37,0,0,-8.8888
"MtrElec",3,15,9,"",222.651,0,0,0,0,0,0,0,0,0,0,0,0,0,0,0,0,0,0,0,0,285.009,0,0,-62.3581
"MtrElec",3,15,10,"",79.9265,0,0,0,0,0,0,0,0,0,0,0,0,0,0,0,0,0,0,0,0,338.721,0,0,-258.794
"MtrElec",3,15,11,"",0,0,0,0,0,0,0,0,0,0,0,0,0,0,0,0,0,0,0,0,0,352.037,0,207.302,-559.339
"MtrElec",3,15,12,"",0,0,0,0,0,0,0,0,0,0,0,0,0,0,0,0,0,0,0,0,0,444.145,0,207.767,-651.912
"MtrElec",3,15,13,"",-75.8194,0,0,0,0,0,0,0,0,0,0,0,0,0,0,0,0,0,0,0,0,398.964,0,223.222,-698.006
"MtrElec",3,15,14,"",-146.128,0,0,0,0,0,0,0,0,0,0,0,0,0,0,0,0,0,0,0,0,388.179,0,160.67,-694.977
"MtrElec",3,15,15,"",-235.455,0,0,0,0,0,0,0,0,0,0,0,0,0,0,0,0,0,0,0,0,408.887,0,0,-644.342
"MtrElec",3,15,16,"",-178.186,0,0,0,0,0,0,0,0,0,0,0,0,0,0,0,0,0,0,0,0,375.513,0,0,-553.699
"MtrElec",3,15,17,"",-35.8244,0,0,0,0,0,0,0,0,0,0,0,0,0,0,0,0,0,0,0,0,369.791,0,0,-405.615
"MtrElec",3,15,18,"",166.362,0,0,0,0,0,0,0,0,0,0,0,0,0,0,0,0,0,0,0,0,381.815,0,0,-215.453
"MtrElec",3,15,19,"",120.541,0,0,0,0,0,0,0,0,0,0,0,0,0,0,0,0,0,0,0,0,377.059,0,-223.222,-33.2951
"MtrElec",3,15,20,"",157.081,0,0,0,0,0,0,0,0,0,0,0,0,0,0,0,0,0,0,0,0,380.303,0,-223.222,0
"MtrElec",3,15,21,"",93.7,0,0,0,0,0,0,0,0,0,0,0,0,0,0,0,0,0,0,0,0,316.922,0,-223.222,0
"MtrElec",3,15,22,"",249.223,0,0,0,0,0,0,0,0,0,0,0,0,0,0,0,0,0,0,0,0,300.62,0,-51.3963,0
"MtrElec",3,15,23,"",226.126,0,0,0,0,0,0,0,0,0,0,0,0,0,0,0,0,0,0,0,0,226.126,0,0,0
"MtrElec",3,15,24,"",264.882,0,0,0,0,0,0,0,0,0,0,0,0,0,0,0,0,0,0,0,0,264.882,0,0,0
"MtrElec",3,16,1,"",177.425,0,0,0,0,0,0,0,0,0,0,0,0,0,0,0,0,0,0,0,0,177.425,0,0,0
"MtrElec",3,16,2,"",155.201,0,0,0,0,0,0,0,0,0,0,0,0,0,0,0,0,0,0,0,0,155.201,0,0,0
"MtrElec",3,16,3,"",148.97,0,0,0,0,0,0,0,0,0,0,0,0,0,0,0,0,0,0,0,0,148.97,0,0,0
"MtrElec",3,16,4,"",151.396,0,0,0,0,0,0,0,0,0,0,0,0,0,0,0,0,0,0,0,0,151.396,0,0,0
"MtrElec",3,16,5,"",148.604,0,0,0,0,0,0,0,0,0,0,0,0,0,0,0,0,0,0,0,0,148.604,0,0,0
"MtrElec",3,16,6,"",191.243,0,0,0,0,0,0,0,0,0,0,0,0,0,0,0,0,0,0,0,0,191.243,0,0,0
"MtrElec",3,16,7,"",255.041,0,0,0,0,0,0,0,0,0,0,0,0,0,0,0,0,0,0,0,0,255.041,0,0,0
"MtrElec",3,16,8,"",334.391,0,0,0,0,0,0,0,0,0,0,0,0,0,0,0,0,0,0,0,0,350.256,0,0,-15.8653
"MtrElec",3,16,9,"",267.938,0,0,0,0,0,0,0,0,0,0,0,0,0,0,0,0,0,0,0,0,354.409,0,0,-86.471
"MtrElec",3,16,10,"",186.886,0,0,0,0,0,0,0,0,0,0,0,0,0,0,0,0,0,0,0,0,455.804,0,0,-268.918
"MtrElec",3,16,11,"",0,0,0,0,0,0,0,0,0,0,0,0,0,0,0,0,0,0,0,0,0,408.433,0,140.331,-548.764
"MtrElec",3,16,12,"",-8.98564,0,0,0,0,0,0,0,0,0,0,0,0,0,0,0,0,0,0,0,0,418.82,0,223.222,-651.028
"MtrElec",3,16,13,"",-6.75498,0,0,0,0,0,0,0,0,0,0,0,0,0,0,0,0,0,0,0,0,475.918,0,223.222,-705.896
"MtrElec",3,16,14,"",-104.195,0,0,0,0,0,0,0,0,0,0,0,0,0,0,0,0,0,0,0,0,398.221,0,212.186,-714.602
"MtrElec",3,16,15,"",-320.014,0,0,0,0,0,0,0,0,0,0,0,0,0,0,0,0,0,0,0,0,349.843,0,0,-669.857
"MtrElec",3,16,16,"",-172.989,0,0,0,0,0,0,0,0,0,0,0,0,0,0,0,0,0,0,0,0,389.813,0,0,-562.802
"MtrElec",3,16,17,"",-34.8843,0,0,0,0,0,0,0,0,0,0,0,0,0,0,0,0,0,0,0,0,374.516,0,0,-409.401
"MtrElec",3,16,18,"",243.075,0,0,0,0,0,0,0,0,0,0,0,0,0,0,0,0,0,0,0,0,456.391,0,0,-213.316
"MtrElec",3,16,19,"",173.766,0,0,0,0,0,0,0,0,0,0,0,0,0,0,0,0,0,0,0,0,430.929,0,-223.222,-33.9411
"MtrElec",3,16,20,"",199.098,0,0,0,0,0,0,0,0,0,0,0,0,0,0,0,0,0,0,0,0,422.321,0,-223.222,0
"MtrElec",3,16,21,"",181.287,0,0,0,0,0,0,0,0,0,0,0,0,0,0,0,0,0,0,0,0,404.509,0,-223.222,0
"MtrElec",3,16,22,"",270.909,0,0,0,0,0,0,0,0,0,0,0,0,0,0,0,0,0,0,0,0,322.305,0,-51.3963,0
"MtrElec",3,16,23,"",299.236,0,0,0,0,0,0,0,0,0,0,0,0,0,0,0,0,0,0,0,0,299.236,0,0,0
"MtrElec",3,16,24,"",220.792,0,0,0,0,0,0,0,0,0,0,0,0,0,0,0,0,0,0,0,0,220.792,0,0,0
"MtrElec",3,17,1,"",175.15,0,0,0,0,0,0,0,0,0,0,0,0,0,0,0,0,0,0,0,0,175.15,0,0,0
"MtrElec",3,17,2,"",155.255,0,0,0,0,0,0,0,0,0,0,0,0,0,0,0,0,0,0,0,0,155.255,0,0,0
"MtrElec",3,17,3,"",153.945,0,0,0,0,0,0,0,0,0,0,0,0,0,0,0,0,0,0,0,0,153.945,0,0,0
"MtrElec",3,17,4,"",157.527,0,0,0,0,0,0,0,0,0,0,0,0,0,0,0,0,0,0,0,0,157.527,0,0,0
"MtrElec",3,17,5,"",199.374,0,0,0,0,0,0,0,0,0,0,0,0,0,0,0,0,0,0,0,0,199.374,0,0,0
"MtrElec",3,17,6,"",155.012,0,0,0,0,0,0,0,0,0,0,0,0,0,0,0,0,0,0,0,0,155.012,0,0,0
"MtrElec",3,17,7,"",253.578,0,0,0,0,0,0,0,0,0,0,0,0,0,0,0,0,0,0,0,0,253.578,0,0,0
"MtrElec",3,17,8,"",288.016,0,0,0,0,0,0,0,0,0,0,0,0,0,0,0,0,0,0,0,0,320.325,0,0,-32.3089
"MtrElec",3,17,9,"",248.488,0,0,0,0,0,0,0,0,0,0,0,0,0,0,0,0,0,0,0,0,406.949,0,0,-158.46
"MtrElec",3,17,10,"",2.93781,0,0,0,0,0,0,0,0,0,0,0,0,0,0,0,0,0,0,0,0,419.055,0,0,-416.117
"MtrElec",3,17,11,"",0.0000156,0,0,0,0,0,0,0,0,0,0,0,0,0,0,0,0,0,0,0,0,420.782,0,150.763,-571.545
"MtrElec",3,17,12,"",-18.3231,0,0,0,0,0,0,0,0,0,0,0,0,0,0,0,0,0,0,0,0,427.572,0,223.222,-669.117
"MtrElec",3,17,13,"",-2.4137,0,0,0,0,0,0,0,0,0,0,0,0,0,0,0,0,0,0,0,0,491.829,0,223.222,-717.465
"MtrElec",3,17,14,"",-171.774,0,0,0,0,0,0,0,0,0,0,0,0,0,0,0,0,0,0,0,0,346.168,0,201.754,-719.697
"MtrElec",3,17,15,"",-310.24,0,0,0,0,0,0,0,0,0,0,0,0,0,0,0,0,0,0,0,0,356.937,0,0,-667.177
"MtrElec",3,17,16,"",-158.86,0,0,0,0,0,0,0,0,0,0,0,0,0,0,0,0,0,0,0,0,410.535,0,0,-569.395
"MtrElec",3,17,17,"",19.4259,0,0,0,0,0,0,0,0,0,0,0,0,0,0,0,0,0,0,0,0,433.417,0,0,-413.991
"MtrElec",3,17,18,"",202.91,0,0,0,0,0,0,0,0,0,0,0,0,0,0,0,0,0,0,0,0,418.062,0,0,-215.153
"MtrElec",3,17,19,"",173.57,0,0,0,0,0,0,0,0,0,0,0,0,0,0,0,0,0,0,0,0,433.045,0,-223.222,-36.2521
"MtrElec",3,17,20,"",237.741,0,0,0,0,0,0,0,0,0,0,0,0,0,0,0,0,0,0,0,0,460.963,0,-223.222,0
"MtrElec",3,17,21,"",218.745,0,0,0,0,0,0,0,0,0,0,0,0,0,0,0,0,0,0,0,0,441.968,0,-223.222,0
"MtrElec",3,17,22,"",226.298,0,0,0,0,0,0,0,0,0,0,0,0,0,0,0,0,0,0,0,0,277.694,0,-51.3963,0
"MtrElec",3,17,23,"",209.727,0,0,0,0,0,0,0,0,0,0,0,0,0,0,0,0,0,0,0,0,209.727,0,0,0
"MtrElec",3,17,24,"",220.462,0,0,0,0,0,0,0,0,0,0,0,0,0,0,0,0,0,0,0,0,220.462,0,0,0
"MtrElec",3,18,1,"",162.843,0,0,0,0,0,0,0,0,0,0,0,0,0,0,0,0,0,0,0,0,162.843,0,0,0
"MtrElec",3,18,2,"",155.02,0,0,0,0,0,0,0,0,0,0,0,0,0,0,0,0,0,0,0,0,155.02,0,0,0
"MtrElec",3,18,3,"",147.265,0,0,0,0,0,0,0,0,0,0,0,0,0,0,0,0,0,0,0,0,147.265,0,0,0
"MtrElec",3,18,4,"",150.864,0,0,0,0,0,0,0,0,0,0,0,0,0,0,0,0,0,0,0,0,150.864,0,0,0
"MtrElec",3,18,5,"",148.883,0,0,0,0,0,0,0,0,0,0,0,0,0,0,0,0,0,0,0,0,148.883,0,0,0
"MtrElec",3,18,6,"",199.389,0,0,0,0,0,0,0,0,0,0,0,0,0,0,0,0,0,0,0,0,199.389,0,0,0
"MtrElec",3,18,7,"",245.474,0,0,0,0,0,0,0,0,0,0,0,0,0,0,0,0,0,0,0,0,245.474,0,0,0
"MtrElec",3,18,8,"",347.88,0,0,0,0,0,0,0,0,0,0,0,0,0,0,0,0,0,0,0,0,395.099,0,0,-47.2182
"MtrElec",3,18,9,"",163.346,0,0,0,0,0,0,0,0,0,0,0,0,0,0,0,0,0,0,0,0,387.356,0,0,-224.011
"MtrElec",3,18,10,"",51.3312,0,0,0,0,0,0,0,0,0,0,0,0,0,0,0,0,0,0,0,0,468.801,0,0,-417.47
"MtrElec",3,18,11,"",0,0,0,0,0,0,0,0,0,0,0,0,0,0,0,0,0,0,0,0,0,476.799,0,93.5841,-570.383
"MtrElec",3,18,12,"",-4.43064,0,0,0,0,0,0,0,0,0,0,0,0,0,0,0,0,0,0,0,0,434.038,0,223.222,-661.691
"MtrElec",3,18,13,"",0.0000156,0,0,0,0,0,0,0,0,0,0,0,0,0,0,0,0,0,0,0,0,467.651,0,221.85,-689.501
"MtrElec",3,18,14,"",-57.631,0,0,0,0,0,0,0,0,0,0,0,0,0,0,0,0,0,0,0,0,386.933,0,223.222,-667.787
"MtrElec",3,18,15,"",-164.105,0,0,0,0,0,0,0,0,0,0,0,0,0,0,0,0,0,0,0,0,434.096,0,37.0836,-635.285
"MtrElec",3,18,16,"",-156.969,0,0,0,0,0,0,0,0,0,0,0,0,0,0,0,0,0,0,0,0,394.242,0,0,-551.211
"MtrElec",3,18,17,"",46.0636,0,0,0,0,0,0,0,0,0,0,0,0,0,0,0,0,0,0,0,0,452.539,0,0,-406.475
"MtrElec",3,18,18,"",266.942,0,0,0,0,0,0,0,0,0,0,0,0,0,0,0,0,0,0,0,0,480.777,0,0,-213.835
"MtrElec",3,18,19,"",219.69,0,0,0,0,0,0,0,0,0,0,0,0,0,0,0,0,0,0,0,0,477.669,0,-223.222,-34.7561
"MtrElec",3,18,20,"",225.553,0,0,0,0,0,0,0,0,0,0,0,0,0,0,0,0,0,0,0,0,448.775,0,-223.222,0
"MtrElec",3,18,21,"",166.652,0,0,0,0,0,0,0,0,0,0,0,0,0,0,0,0,0,0,0,0,389.875,0,-223.222,0
"MtrElec",3,18,22,"",260.57,0,0,0,0,0,0,0,0,0,0,0,0,0,0,0,0,0,0,0,0,311.966,0,-51.3963,0
"MtrElec",3,18,23,"",354.869,0,0,0,0,0,0,0,0,0,0,0,0,0,0,0,0,0,0,0,0,354.869,0,0,0
"MtrElec",3,18,24,"",266.554,0,0,0,0,0,0,0,0,0,0,0,0,0,0,0,0,0,0,0,0,266.554,0,0,0
"MtrElec",3,19,1,"",175.088,0,0,0,0,0,0,0,0,0,0,0,0,0,0,0,0,0,0,0,0,175.088,0,0,0
"MtrElec",3,19,2,"",156.447,0,0,0,0,0,0,0,0,0,0,0,0,0,0,0,0,0,0,0,0,156.447,0,0,0
"MtrElec",3,19,3,"",149.95,0,0,0,0,0,0,0,0,0,0,0,0,0,0,0,0,0,0,0,0,149.95,0,0,0
"MtrElec",3,19,4,"",154.41,0,0,0,0,0,0,0,0,0,0,0,0,0,0,0,0,0,0,0,0,154.41,0,0,0
"MtrElec",3,19,5,"",146.595,0,0,0,0,0,0,0,0,0,0,0,0,0,0,0,0,0,0,0,0,146.595,0,0,0
"MtrElec",3,19,6,"",199.31,0,0,0,0,0,0,0,0,0,0,0,0,0,0,0,0,0,0,0,0,199.31,0,0,0
"MtrElec",3,19,7,"",244.22,0,0,0,0,0,0,0,0,0,0,0,0,0,0,0,0,0,0,0,0,244.22,0,0,0
"MtrElec",3,19,8,"",324.005,0,0,0,0,0,0,0,0,0,0,0,0,0,0,0,0,0,0,0,0,372.517,0,0,-48.5118
"MtrElec",3,19,9,"",148.427,0,0,0,0,0,0,0,0,0,0,0,0,0,0,0,0,0,0,0,0,372.275,0,0,-223.848
"MtrElec",3,19,10,"",14.2774,0,0,0,0,0,0,0,0,0,0,0,0,0,0,0,0,0,0,0,0,419.001,0,0,-404.723
"MtrElec",3,19,11,"",0,0,0,0,0,0,0,0,0,0,0,0,0,0,0,0,0,0,0,0,0,447.779,0,101.561,-549.339
"MtrElec",3,19,12,"",0,0,0,0,0,0,0,0,0,0,0,0,0,0,0,0,0,0,0,0,0,451.58,0,181.075,-632.655
"MtrElec",3,19,13,"",-44.5577,0,0,0,0,0,0,0,0,0,0,0,0,0,0,0,0,0,0,0,0,417.561,0,223.222,-685.341
"MtrElec",3,19,14,"",0,0,0,0,0,0,0,0,0,0,0,0,0,0,0,0,0,0,0,0,0,417.526,0,204.868,-622.395
"MtrElec",3,19,15,"",0,0,0,0,0,0,0,0,0,0,0,0,0,0,0,0,0,0,0,0,0,415.339,0,9.09078,-424.43
"MtrElec",3,19,16,"",-62.8716,0,0,0,0,0,0,0,0,0,0,0,0,0,0,0,0,0,0,0,0,388.592,0,79.1451,-530.608
"MtrElec",3,19,17,"",50.5243,0,0,0,0,0,0,0,0,0,0,0,0,0,0,0,0,0,0,0,0,450.962,0,0,-400.438
"MtrElec",3,19,18,"",249.878,0,0,0,0,0,0,0,0,0,0,0,0,0,0,0,0,0,0,0,0,461.253,0,0,-211.376
"MtrElec",3,19,19,"",183.896,0,0,0,0,0,0,0,0,0,0,0,0,0,0,0,0,0,0,0,0,441.759,0,-223.222,-34.6408
"MtrElec",3,19,20,"",218.848,0,0,0,0,0,0,0,0,0,0,0,0,0,0,0,0,0,0,0,0,442.07,0,-223.222,0
"MtrElec",3,19,21,"",202.214,0,0,0,0,0,0,0,0,0,0,0,0,0,0,0,0,0,0,0,0,425.436,0,-223.222,0
"MtrElec",3,19,22,"",259.776,0,0,0,0,0,0,0,0,0,0,0,0,0,0,0,0,0,0,0,0,311.172,0,-51.3963,0
"MtrElec",3,19,23,"",244.028,0,0,0,0,0,0,0,0,0,0,0,0,0,0,0,0,0,0,0,0,244.028,0,0,0
"MtrElec",3,19,24,"",263.577,0,0,0,0,0,0,0,0,0,0,0,0,0,0,0,0,0,0,0,0,263.577,0,0,0
"MtrElec",3,20,1,"",161.904,0,0,0,0,0,0,0,0,0,0,0,0,0,0,0,0,0,0,0,0,161.904,0,0,0
"MtrElec",3,20,2,"",157.695,0,0,0,0,0,0,0,0,0,0,0,0,0,0,0,0,0,0,0,0,157.695,0,0,0
"MtrElec",3,20,3,"",150.819,0,0,0,0,0,0,0,0,0,0,0,0,0,0,0,0,0,0,0,0,150.819,0,0,0
"MtrElec",3,20,4,"",151.215,0,0,0,0,0,0,0,0,0,0,0,0,0,0,0,0,0,0,0,0,151.215,0,0,0
"MtrElec",3,20,5,"",160.12,0,0,0,0,0,0,0,0,0,0,0,0,0,0,0,0,0,0,0,0,160.12,0,0,0
"MtrElec",3,20,6,"",219.307,0,0,0,0,0,0,0,0,0,0,0,0,0,0,0,0,0,0,0,0,219.307,0,0,0
"MtrElec",3,20,7,"",270.217,0,0,0,0,0,0,0,0,0,0,0,0,0,0,0,0,0,0,0,0,270.217,0,0,0
"MtrElec",3,20,8,"",302.15,0,0,0,0,0,0,0,0,0,0,0,0,0,0,0,0,0,0,0,0,344.616,0,0,-42.4661
"MtrElec",3,20,9,"",229.015,0,0,0,0,0,0,0,0,0,0,0,0,0,0,0,0,0,0,0,0,407.894,0,0,-178.879
"MtrElec",3,20,10,"",-35.7668,0,0,0,0,0,0,0,0,0,0,0,0,0,0,0,0,0,0,0,0,410.354,0,0,-446.121
"MtrElec",3,20,11,"",0.0000156,0,0,0,0,0,0,0,0,0,0,0,0,0,0,0,0,0,0,0,0,419.703,0,184.948,-604.651
"MtrElec",3,20,12,"",-47.3853,0,0,0,0,0,0,0,0,0,0,0,0,0,0,0,0,0,0,0,0,436.467,0,223.222,-707.075
"MtrElec",3,20,13,"",-70.0275,0,0,0,0,0,0,0,0,0,0,0,0,0,0,0,0,0,0,0,0,454.801,0,223.222,-748.051
"MtrElec",3,20,14,"",-235.207,0,0,0,0,0,0,0,0,0,0,0,0,0,0,0,0,0,0,0,0,345.486,0,167.57,-748.263
"MtrElec",3,20,15,"",-272.201,0,0,0,0,0,0,0,0,0,0,0,0,0,0,0,0,0,0,0,0,414.452,0,0,-686.653
"MtrElec",3,20,16,"",-143.063,0,0,0,0,0,0,0,0,0,0,0,0,0,0,0,0,0,0,0,0,432.84,0,0,-575.903
"MtrElec",3,20,17,"",26.8628,0,0,0,0,0,0,0,0,0,0,0,0,0,0,0,0,0,0,0,0,452.354,0,0,-425.491
"MtrElec",3,20,18,"",201.208,0,0,0,0,0,0,0,0,0,0,0,0,0,0,0,0,0,0,0,0,429.285,0,0,-228.076
"MtrElec",3,20,19,"",162.671,0,0,0,0,0,0,0,0,0,0,0,0,0,0,0,0,0,0,0,0,422.839,0,-223.222,-36.9457
"MtrElec",3,20,20,"",248.84,0,0,0,0,0,0,0,0,0,0,0,0,0,0,0,0,0,0,0,0,472.063,0,-223.222,0
"MtrElec",3,20,21,"",246.305,0,0,0,0,0,0,0,0,0,0,0,0,0,0,0,0,0,0,0,0,469.527,0,-223.222,0
"MtrElec",3,20,22,"",242.692,0,0,0,0,0,0,0,0,0,0,0,0,0,0,0,0,0,0,0,0,294.089,0,-51.3963,0
"MtrElec",3,20,23,"",247.474,0,0,0,0,0,0,0,0,0,0,0,0,0,0,0,0,0,0,0,0,247.474,0,0,0
"MtrElec",3,20,24,"",244.928,0,0,0,0,0,0,0,0,0,0,0,0,0,0,0,0,0,0,0,0,244.928,0,0,0
"MtrElec",3,21,1,"",158.223,0,0,0,0,0,0,0,0,0,0,0,0,0,0,0,0,0,0,0,0,158.223,0,0,0
"MtrElec",3,21,2,"",157.184,0,0,0,0,0,0,0,0,0,0,0,0,0,0,0,0,0,0,0,0,157.184,0,0,0
"MtrElec",3,21,3,"",154.424,0,0,0,0,0,0,0,0,0,0,0,0,0,0,0,0,0,0,0,0,154.424,0,0,0
"MtrElec",3,21,4,"",155.47,0,0,0,0,0,0,0,0,0,0,0,0,0,0,0,0,0,0,0,0,155.47,0,0,0
"MtrElec",3,21,5,"",179.077,0,0,0,0,0,0,0,0,0,0,0,0,0,0,0,0,0,0,0,0,179.077,0,0,0
"MtrElec",3,21,6,"",155.383,0,0,0,0,0,0,0,0,0,0,0,0,0,0,0,0,0,0,0,0,155.383,0,0,0
"MtrElec",3,21,7,"",229.669,0,0,0,0,0,0,0,0,0,0,0,0,0,0,0,0,0,0,0,0,229.669,0,0,0
"MtrElec",3,21,8,"",223.871,0,0,0,0,0,0,0,0,0,0,0,0,0,0,0,0,0,0,0,0,275.17,0,0,-51.2992
"MtrElec",3,21,9,"",133.839,0,0,0,0,0,0,0,0,0,0,0,0,0,0,0,0,0,0,0,0,330.914,0,0,-197.075
"MtrElec",3,21,10,"",-73.2588,0,0,0,0,0,0,0,0,0,0,0,0,0,0,0,0,0,0,0,0,368.61,0,0,-441.869
"MtrElec",3,21,11,"",0,0,0,0,0,0,0,0,0,0,0,0,0,0,0,0,0,0,0,0,0,444.261,0,149.812,-594.073
"MtrElec",3,21,12,"",-11.2182,0,0,0,0,0,0,0,0,0,0,0,0,0,0,0,0,0,0,0,0,455.152,0,223.222,-689.593
"MtrElec",3,21,13,"",-63.0038,0,0,0,0,0,0,0,0,0,0,0,0,0,0,0,0,0,0,0,0,445.649,0,223.222,-731.875
"MtrElec",3,21,14,"",-98.5919,0,0,0,0,0,0,0,0,0,0,0,0,0,0,0,0,0,0,0,0,421.232,0,202.705,-722.529
"MtrElec",3,21,15,"",-250.155,0,0,0,0,0,0,0,0,0,0,0,0,0,0,0,0,0,0,0,0,420.601,0,0,-670.756
"MtrElec",3,21,16,"",-156.17,0,0,0,0,0,0,0,0,0,0,0,0,0,0,0,0,0,0,0,0,415.162,0,0,-571.332
"MtrElec",3,21,17,"",2.14428,0,0,0,0,0,0,0,0,0,0,0,0,0,0,0,0,0,0,0,0,422.112,0,0,-419.968
"MtrElec",3,21,18,"",216.815,0,0,0,0,0,0,0,0,0,0,0,0,0,0,0,0,0,0,0,0,442.002,0,0,-225.187
"MtrElec",3,21,19,"",222.742,0,0,0,0,0,0,0,0,0,0,0,0,0,0,0,0,0,0,0,0,484.193,0,-223.222,-38.2284
"MtrElec",3,21,20,"",160.35,0,0,0,0,0,0,0,0,0,0,0,0,0,0,0,0,0,0,0,0,383.572,0,-223.222,0
"MtrElec",3,21,21,"",115.54,0,0,0,0,0,0,0,0,0,0,0,0,0,0,0,0,0,0,0,0,338.763,0,-223.222,0
"MtrElec",3,21,22,"",296.922,0,0,0,0,0,0,0,0,0,0,0,0,0,0,0,0,0,0,0,0,348.318,0,-51.3963,0
"MtrElec",3,21,23,"",200.124,0,0,0,0,0,0,0,0,0,0,0,0,0,0,0,0,0,0,0,0,200.124,0,0,0
"MtrElec",3,21,24,"",247.748,0,0,0,0,0,0,0,0,0,0,0,0,0,0,0,0,0,0,0,0,247.748,0,0,0
"MtrElec",3,22,1,"",159.951,0,0,0,0,0,0,0,0,0,0,0,0,0,0,0,0,0,0,0,0,159.951,0,0,0
"MtrElec",3,22,2,"",156.031,0,0,0,0,0,0,0,0,0,0,0,0,0,0,0,0,0,0,0,0,156.031,0,0,0
"MtrElec",3,22,3,"",151.504,0,0,0,0,0,0,0,0,0,0,0,0,0,0,0,0,0,0,0,0,151.504,0,0,0
"MtrElec",3,22,4,"",153.487,0,0,0,0,0,0,0,0,0,0,0,0,0,0,0,0,0,0,0,0,153.487,0,0,0
"MtrElec",3,22,5,"",156.298,0,0,0,0,0,0,0,0,0,0,0,0,0,0,0,0,0,0,0,0,156.298,0,0,0
"MtrElec",3,22,6,"",153.986,0,0,0,0,0,0,0,0,0,0,0,0,0,0,0,0,0,0,0,0,153.986,0,0,0
"MtrElec",3,22,7,"",214.649,0,0,0,0,0,0,0,0,0,0,0,0,0,0,0,0,0,0,0,0,214.649,0,0,0
"MtrElec",3,22,8,"",205.697,0,0,0,0,0,0,0,0,0,0,0,0,0,0,0,0,0,0,0,0,259.794,0,0,-54.0969
"MtrElec",3,22,9,"",56.1881,0,0,0,0,0,0,0,0,0,0,0,0,0,0,0,0,0,0,0,0,299.331,0,0,-243.143
"MtrElec",3,22,10,"",-37.3693,0,0,0,0,0,0,0,0,0,0,0,0,0,0,0,0,0,0,0,0,397.794,0,0,-435.163
"MtrElec",3,22,11,"",0,0,0,0,0,0,0,0,0,0,0,0,0,0,0,0,0,0,0,0,0,398.408,0,181.815,-580.223
"MtrElec",3,22,12,"",0,0,0,0,0,0,0,0,0,0,0,0,0,0,0,0,0,0,0,0,0,443.957,0,217.124,-661.081
"MtrElec",3,22,13,"",-60.5561,0,0,0,0,0,0,0,0,0,0,0,0,0,0,0,0,0,0,0,0,430.523,0,223.222,-714.302
"MtrElec",3,22,14,"",-163.131,0,0,0,0,0,0,0,0,0,0,0,0,0,0,0,0,0,0,0,0,389.486,0,176.801,-729.418
"MtrElec",3,22,15,"",-266.088,0,0,0,0,0,0,0,0,0,0,0,0,0,0,0,0,0,0,0,0,407.867,0,0,-673.954
"MtrElec",3,22,16,"",-204.854,0,0,0,0,0,0,0,0,0,0,0,0,0,0,0,0,0,0,0,0,362.591,0,0,-567.445
"MtrElec",3,22,17,"",-52.9739,0,0,0,0,0,0,0,0,0,0,0,0,0,0,0,0,0,0,0,0,364.007,0,0,-416.981
"MtrElec",3,22,18,"",174.326,0,0,0,0,0,0,0,0,0,0,0,0,0,0,0,0,0,0,0,0,396.245,0,0,-221.919
"MtrElec",3,22,19,"",126.959,0,0,0,0,0,0,0,0,0,0,0,0,0,0,0,0,0,0,0,0,387.773,0,-223.222,-37.5909
"MtrElec",3,22,20,"",151.652,0,0,0,0,0,0,0,0,0,0,0,0,0,0,0,0,0,0,0,0,374.875,0,-223.222,0
"MtrElec",3,22,21,"",111.278,0,0,0,0,0,0,0,0,0,0,0,0,0,0,0,0,0,0,0,0,334.5,0,-223.222,0
"MtrElec",3,22,22,"",255.17,0,0,0,0,0,0,0,0,0,0,0,0,0,0,0,0,0,0,0,0,306.566,0,-51.3963,0
"MtrElec",3,22,23,"",230.293,0,0,0,0,0,0,0,0,0,0,0,0,0,0,0,0,0,0,0,0,230.293,0,0,0
"MtrElec",3,22,24,"",254.253,0,0,0,0,0,0,0,0,0,0,0,0,0,0,0,0,0,0,0,0,254.253,0,0,0
"MtrElec",3,23,1,"",178.36,0,0,0,0,0,0,0,0,0,0,0,0,0,0,0,0,0,0,0,0,178.36,0,0,0
"MtrElec",3,23,2,"",160.474,0,0,0,0,0,0,0,0,0,0,0,0,0,0,0,0,0,0,0,0,160.474,0,0,0
"MtrElec",3,23,3,"",157.691,0,0,0,0,0,0,0,0,0,0,0,0,0,0,0,0,0,0,0,0,157.691,0,0,0
"MtrElec",3,23,4,"",156.85,0,0,0,0,0,0,0,0,0,0,0,0,0,0,0,0,0,0,0,0,156.85,0,0,0
"MtrElec",3,23,5,"",157.686,0,0,0,0,0,0,0,0,0,0,0,0,0,0,0,0,0,0,0,0,157.686,0,0,0
"MtrElec",3,23,6,"",200.412,0,0,0,0,0,0,0,0,0,0,0,0,0,0,0,0,0,0,0,0,200.412,0,0,0
"MtrElec",3,23,7,"",280.101,0,0,0,0,0,0,0,0,0,0,0,0,0,0,0,0,0,0,0,0,280.101,0,0,0
"MtrElec",3,23,8,"",251.843,0,0,0,0,0,0,0,0,0,0,0,0,0,0,0,0,0,0,0,0,306.041,0,0,-54.1982
"MtrElec",3,23,9,"",169.631,0,0,0,0,0,0,0,0,0,0,0,0,0,0,0,0,0,0,0,0,395.825,0,0,-226.194
"MtrElec",3,23,10,"",43.4814,0,0,0,0,0,0,0,0,0,0,0,0,0,0,0,0,0,0,0,0,427.449,0,0,-383.968
"MtrElec",3,23,11,"",0,0,0,0,0,0,0,0,0,0,0,0,0,0,0,0,0,0,0,0,0,424.153,0,78.3298,-502.483
"MtrElec",3,23,12,"",0,0,0,0,0,0,0,0,0,0,0,0,0,0,0,0,0,0,0,0,0,404.386,0,171.22,-575.606
"MtrElec",3,23,13,"",0,0,0,0,0,0,0,0,0,0,0,0,0,0,0,0,0,0,0,0,0,446.042,0,211.121,-657.163
"MtrElec",3,23,14,"",-107.968,0,0,0,0,0,0,0,0,0,0,0,0,0,0,0,0,0,0,0,0,382.463,0,223.222,-713.653
"MtrElec",3,23,15,"",-182.598,0,0,0,0,0,0,0,0,0,0,0,0,0,0,0,0,0,0,0,0,361.202,0,115.07,-658.869
"MtrElec",3,23,16,"",-161.125,0,0,0,0,0,0,0,0,0,0,0,0,0,0,0,0,0,0,0,0,395.815,0,0,-556.94
"MtrElec",3,23,17,"",34.1047,0,0,0,0,0,0,0,0,0,0,0,0,0,0,0,0,0,0,0,0,443.466,0,0,-409.361
"MtrElec",3,23,18,"",237.98,0,0,0,0,0,0,0,0,0,0,0,0,0,0,0,0,0,0,0,0,457.878,0,0,-219.899
"MtrElec",3,23,19,"",165.435,0,0,0,0,0,0,0,0,0,0,0,0,0,0,0,0,0,0,0,0,426.391,0,-223.222,-37.7344
"MtrElec",3,23,20,"",221.605,0,0,0,0,0,0,0,0,0,0,0,0,0,0,0,0,0,0,0,0,444.827,0,-223.222,0
"MtrElec",3,23,21,"",194.86,0,0,0,0,0,0,0,0,0,0,0,0,0,0,0,0,0,0,0,0,418.083,0,-223.222,0
"MtrElec",3,23,22,"",259.33,0,0,0,0,0,0,0,0,0,0,0,0,0,0,0,0,0,0,0,0,310.727,0,-51.3963,0
"MtrElec",3,23,23,"",228.163,0,0,0,0,0,0,0,0,0,0,0,0,0,0,0,0,0,0,0,0,228.163,0,0,0
"MtrElec",3,23,24,"",244.044,0,0,0,0,0,0,0,0,0,0,0,0,0,0,0,0,0,0,0,0,244.044,0,0,0
"MtrElec",3,24,1,"",180.56,0,0,0,0,0,0,0,0,0,0,0,0,0,0,0,0,0,0,0,0,180.56,0,0,0
"MtrElec",3,24,2,"",157.919,0,0,0,0,0,0,0,0,0,0,0,0,0,0,0,0,0,0,0,0,157.919,0,0,0
"MtrElec",3,24,3,"",152.332,0,0,0,0,0,0,0,0,0,0,0,0,0,0,0,0,0,0,0,0,152.332,0,0,0
"MtrElec",3,24,4,"",150.308,0,0,0,0,0,0,0,0,0,0,0,0,0,0,0,0,0,0,0,0,150.308,0,0,0
"MtrElec",3,24,5,"",200.372,0,0,0,0,0,0,0,0,0,0,0,0,0,0,0,0,0,0,0,0,200.372,0,0,0
"MtrElec",3,24,6,"",151.083,0,0,0,0,0,0,0,0,0,0,0,0,0,0,0,0,0,0,0,0,151.083,0,0,0
"MtrElec",3,24,7,"",272.192,0,0,0,0,0,0,0,0,0,0,0,0,0,0,0,0,0,0,0,0,272.192,0,0,0
"MtrElec",3,24,8,"",245.882,0,0,0,0,0,0,0,0,0,0,0,0,0,0,0,0,0,0,0,0,303.371,0,0,-57.4896
"MtrElec",3,24,9,"",209.24,0,0,0,0,0,0,0,0,0,0,0,0,0,0,0,0,0,0,0,0,410.354,0,0,-201.114
"MtrElec",3,24,10,"",135.043,0,0,0,0,0,0,0,0,0,0,0,0,0,0,0,0,0,0,0,0,472.803,0,0,-337.76
"MtrElec",3,24,11,"",0,0,0,0,0,0,0,0,0,0,0,0,0,0,0,0,0,0,0,0,0,388.407,0,97.814,-486.221
"MtrElec",3,24,12,"",0,0,0,0,0,0,0,0,0,0,0,0,0,0,0,0,0,0,0,0,0,425.142,0,160.43,-585.572
"MtrElec",3,24,13,"",0,0,0,0,0,0,0,0,0,0,0,0,0,0,0,0,0,0,0,0,0,445.748,0,197.127,-642.875
"MtrElec",3,24,14,"",-64.0437,0,0,0,0,0,0,0,0,0,0,0,0,0,0,0,0,0,0,0,0,410.01,0,223.222,-697.276
"MtrElec",3,24,15,"",-208.686,0,0,0,0,0,0,0,0,0,0,0,0,0,0,0,0,0,0,0,0,336.692,0,120.369,-665.746
"MtrElec",3,24,16,"",-160.656,0,0,0,0,0,0,0,0,0,0,0,0,0,0,0,0,0,0,0,0,384.695,0,0,-545.351
"MtrElec",3,24,17,"",13.4353,0,0,0,0,0,0,0,0,0,0,0,0,0,0,0,0,0,0,0,0,365.648,0,0,-352.213
"MtrElec",3,24,18,"",248.241,0,0,0,0,0,0,0,0,0,0,0,0,0,0,0,0,0,0,0,0,436.495,0,0,-188.253
"MtrElec",3,24,19,"",162.106,0,0,0,0,0,0,0,0,0,0,0,0,0,0,0,0,0,0,0,0,420.229,0,-223.222,-34.9004
"MtrElec",3,24,20,"",212.774,0,0,0,0,0,0,0,0,0,0,0,0,0,0,0,0,0,0,0,0,435.996,0,-223.222,0
"MtrElec",3,24,21,"",200.753,0,0,0,0,0,0,0,0,0,0,0,0,0,0,0,0,0,0,0,0,423.975,0,-223.222,0
"MtrElec",3,24,22,"",283.668,0,0,0,0,0,0,0,0,0,0,0,0,0,0,0,0,0,0,0,0,335.064,0,-51.3963,0
"MtrElec",3,24,23,"",272.282,0,0,0,0,0,0,0,0,0,0,0,0,0,0,0,0,0,0,0,0,272.282,0,0,0
"MtrElec",3,24,24,"",175.174,0,0,0,0,0,0,0,0,0,0,0,0,0,0,0,0,0,0,0,0,175.174,0,0,0
"MtrElec",3,25,1,"",161.392,0,0,0,0,0,0,0,0,0,0,0,0,0,0,0,0,0,0,0,0,161.392,0,0,0
"MtrElec",3,25,2,"",156.619,0,0,0,0,0,0,0,0,0,0,0,0,0,0,0,0,0,0,0,0,156.619,0,0,0
"MtrElec",3,25,3,"",200.104,0,0,0,0,0,0,0,0,0,0,0,0,0,0,0,0,0,0,0,0,200.104,0,0,0
"MtrElec",3,25,4,"",157.327,0,0,0,0,0,0,0,0,0,0,0,0,0,0,0,0,0,0,0,0,157.327,0,0,0
"MtrElec",3,25,5,"",148.409,0,0,0,0,0,0,0,0,0,0,0,0,0,0,0,0,0,0,0,0,148.409,0,0,0
"MtrElec",3,25,6,"",153.395,0,0,0,0,0,0,0,0,0,0,0,0,0,0,0,0,0,0,0,0,153.395,0,0,0
"MtrElec",3,25,7,"",275.781,0,0,0,0,0,0,0,0,0,0,0,0,0,0,0,0,0,0,0,0,275.781,0,0,0
"MtrElec",3,25,8,"",359.595,0,0,0,0,0,0,0,0,0,0,0,0,0,0,0,0,0,0,0,0,380.907,0,0,-21.3123
"MtrElec",3,25,9,"",297.968,0,0,0,0,0,0,0,0,0,0,0,0,0,0,0,0,0,0,0,0,377.072,0,0,-79.1041
"MtrElec",3,25,10,"",253.158,0,0,0,0,0,0,0,0,0,0,0,0,0,0,0,0,0,0,0,0,444.264,0,0,-191.106
"MtrElec",3,25,11,"",0,0,0,0,0,0,0,0,0,0,0,0,0,0,0,0,0,0,0,0,0,437.945,0,85.4513,-523.396
"MtrElec",3,25,12,"",-7.03127,0,0,0,0,0,0,0,0,0,0,0,0,0,0,0,0,0,0,0,0,434.956,0,223.222,-665.209
"MtrElec",3,25,13,"",-3.17039,0,0,0,0,0,0,0,0,0,0,0,0,0,0,0,0,0,0,0,0,486.093,0,223.222,-712.486
"MtrElec",3,25,14,"",-49.7453,0,0,0,0,0,0,0,0,0,0,0,0,0,0,0,0,0,0,0,0,335.021,0,223.222,-607.989
"MtrElec",3,25,15,"",-93.9831,0,0,0,0,0,0,0,0,0,0,0,0,0,0,0,0,0,0,0,0,386.916,0,43.8437,-524.743
"MtrElec",3,25,16,"",-115.833,0,0,0,0,0,0,0,0,0,0,0,0,0,0,0,0,0,0,0,0,400.07,0,0,-515.903
"MtrElec",3,25,17,"",24.7638,0,0,0,0,0,0,0,0,0,0,0,0,0,0,0,0,0,0,0,0,442.841,0,0,-418.077
"MtrElec",3,25,18,"",205.822,0,0,0,0,0,0,0,0,0,0,0,0,0,0,0,0,0,0,0,0,432.69,0,0,-226.868
"MtrElec",3,25,19,"",143.679,0,0,0,0,0,0,0,0,0,0,0,0,0,0,0,0,0,0,0,0,408.884,0,-223.222,-41.9825
"MtrElec",3,25,20,"",176.445,0,0,0,0,0,0,0,0,0,0,0,0,0,0,0,0,0,0,0,0,399.667,0,-223.222,0
"MtrElec",3,25,21,"",137.721,0,0,0,0,0,0,0,0,0,0,0,0,0,0,0,0,0,0,0,0,360.943,0,-223.222,0
"MtrElec",3,25,22,"",275.229,0,0,0,0,0,0,0,0,0,0,0,0,0,0,0,0,0,0,0,0,326.625,0,-51.3963,0
"MtrElec",3,25,23,"",313.899,0,0,0,0,0,0,0,0,0,0,0,0,0,0,0,0,0,0,0,0,313.899,0,0,0
"MtrElec",3,25,24,"",211.408,0,0,0,0,0,0,0,0,0,0,0,0,0,0,0,0,0,0,0,0,211.408,0,0,0
"MtrElec",3,26,1,"",173.379,0,0,0,0,0,0,0,0,0,0,0,0,0,0,0,0,0,0,0,0,173.379,0,0,0
"MtrElec",3,26,2,"",155.304,0,0,0,0,0,0,0,0,0,0,0,0,0,0,0,0,0,0,0,0,155.304,0,0,0
"MtrElec",3,26,3,"",195.187,0,0,0,0,0,0,0,0,0,0,0,0,0,0,0,0,0,0,0,0,195.187,0,0,0
"MtrElec",3,26,4,"",157.098,0,0,0,0,0,0,0,0,0,0,0,0,0,0,0,0,0,0,0,0,157.098,0,0,0
"MtrElec",3,26,5,"",148.849,0,0,0,0,0,0,0,0,0,0,0,0,0,0,0,0,0,0,0,0,148.849,0,0,0
"MtrElec",3,26,6,"",155.402,0,0,0,0,0,0,0,0,0,0,0,0,0,0,0,0,0,0,0,0,155.402,0,0,0
"MtrElec",3,26,7,"",253.692,0,0,0,0,0,0,0,0,0,0,0,0,0,0,0,0,0,0,0,0,253.692,0,0,0
"MtrElec",3,26,8,"",263.611,0,0,0,0,0,0,0,0,0,0,0,0,0,0,0,0,0,0,0,0,324.703,0,0,-61.0914
"MtrElec",3,26,9,"",160.484,0,0,0,0,0,0,0,0,0,0,0,0,0,0,0,0,0,0,0,0,415.275,0,0,-254.79
"MtrElec",3,26,10,"",46.4697,0,0,0,0,0,0,0,0,0,0,0,0,0,0,0,0,0,0,0,0,491.522,0,0,-445.052
"MtrElec",3,26,11,"",0.0000156,0,0,0,0,0,0,0,0,0,0,0,0,0,0,0,0,0,0,0,0,429.988,0,148.993,-578.981
"MtrElec",3,26,12,"",-57.9606,0,0,0,0,0,0,0,0,0,0,0,0,0,0,0,0,0,0,0,0,386.585,0,223.222,-667.768
"MtrElec",3,26,13,"",-30.6854,0,0,0,0,0,0,0,0,0,0,0,0,0,0,0,0,0,0,0,0,468.002,0,223.222,-721.91
"MtrElec",3,26,14,"",-122.068,0,0,0,0,0,0,0,0,0,0,0,0,0,0,0,0,0,0,0,0,401.046,0,203.524,-726.638
"MtrElec",3,26,15,"",-330.328,0,0,0,0,0,0,0,0,0,0,0,0,0,0,0,0,0,0,0,0,345.233,0,0,-675.561
"MtrElec",3,26,16,"",-187.145,0,0,0,0,0,0,0,0,0,0,0,0,0,0,0,0,0,0,0,0,386.138,0,0,-573.283
"MtrElec",3,26,17,"",-49.6028,0,0,0,0,0,0,0,0,0,0,0,0,0,0,0,0,0,0,0,0,374.022,0,0,-423.625
"MtrElec",3,26,18,"",215.604,0,0,0,0,0,0,0,0,0,0,0,0,0,0,0,0,0,0,0,0,442.906,0,0,-227.302
"MtrElec",3,26,19,"",159.604,0,0,0,0,0,0,0,0,0,0,0,0,0,0,0,0,0,0,0,0,424.951,0,-223.222,-42.1251
"MtrElec",3,26,20,"",200.675,0,0,0,0,0,0,0,0,0,0,0,0,0,0,0,0,0,0,0,0,423.897,0,-223.222,0
"MtrElec",3,26,21,"",208.147,0,0,0,0,0,0,0,0,0,0,0,0,0,0,0,0,0,0,0,0,431.37,0,-223.222,0
"MtrElec",3,26,22,"",280.944,0,0,0,0,0,0,0,0,0,0,0,0,0,0,0,0,0,0,0,0,332.341,0,-51.3963,0
"MtrElec",3,26,23,"",215.152,0,0,0,0,0,0,0,0,0,0,0,0,0,0,0,0,0,0,0,0,215.152,0,0,0
"MtrElec",3,26,24,"",239.544,0,0,0,0,0,0,0,0,0,0,0,0,0,0,0,0,0,0,0,0,239.544,0,0,0
"MtrElec",3,27,1,"",164.764,0,0,0,0,0,0,0,0,0,0,0,0,0,0,0,0,0,0,0,0,164.764,0,0,0
"MtrElec",3,27,2,"",155.275,0,0,0,0,0,0,0,0,0,0,0,0,0,0,0,0,0,0,0,0,155.275,0,0,0
"MtrElec",3,27,3,"",150.374,0,0,0,0,0,0,0,0,0,0,0,0,0,0,0,0,0,0,0,0,150.374,0,0,0
"MtrElec",3,27,4,"",157.341,0,0,0,0,0,0,0,0,0,0,0,0,0,0,0,0,0,0,0,0,157.341,0,0,0
"MtrElec",3,27,5,"",147.52,0,0,0,0,0,0,0,0,0,0,0,0,0,0,0,0,0,0,0,0,147.52,0,0,0
"MtrElec",3,27,6,"",201.143,0,0,0,0,0,0,0,0,0,0,0,0,0,0,0,0,0,0,0,0,201.143,0,0,0
"MtrElec",3,27,7,"",195.642,0,0,0,0,0,0,0,0,0,0,0,0,0,0,0,0,0,0,0,0,195.642,0,0,0
"MtrElec",3,27,8,"",290.112,0,0,0,0,0,0,0,0,0,0,0,0,0,0,0,0,0,0,0,0,339.01,0,0,-48.8983
"MtrElec",3,27,9,"",231.211,0,0,0,0,0,0,0,0,0,0,0,0,0,0,0,0,0,0,0,0,388.431,0,0,-157.22
"MtrElec",3,27,10,"",163.893,0,0,0,0,0,0,0,0,0,0,0,0,0,0,0,0,0,0,0,0,436.092,0,0,-272.199
"MtrElec",3,27,11,"",29.8608,0,0,0,0,0,0,0,0,0,0,0,0,0,0,0,0,0,0,0,0,453.961,0,0,-424.1
"MtrElec",3,27,12,"",0.0000039,0,0,0,0,0,0,0,0,0,0,0,0,0,0,0,0,0,0,0,0,433.297,0,43.3694,-476.667
"MtrElec",3,27,13,"",0,0,0,0,0,0,0,0,0,0,0,0,0,0,0,0,0,0,0,0,0,468.074,0,89.394,-557.468
"MtrElec",3,27,14,"",-2.07905,0,0,0,0,0,0,0,0,0,0,0,0,0,0,0,0,0,0,0,0,334.26,0,223.222,-559.561
"MtrElec",3,27,15,"",0,0,0,0,0,0,0,0,0,0,0,0,0,0,0,0,0,0,0,0,0,406.642,0,92.2793,-498.921
"MtrElec",3,27,16,"",0.0000078,0,0,0,0,0,0,0,0,0,0,0,0,0,0,0,0,0,0,0,0,340.689,0,108.315,-449.004
"MtrElec",3,27,17,"",61.3232,0,0,0,0,0,0,0,0,0,0,0,0,0,0,0,0,0,0,0,0,414.264,0,0,-352.941
"MtrElec",3,27,18,"",277.616,0,0,0,0,0,0,0,0,0,0,0,0,0,0,0,0,0,0,0,0,433.471,0,0,-155.855
"MtrElec",3,27,19,"",147.99,0,0,0,0,0,0,0,0,0,0,0,0,0,0,0,0,0,0,0,0,409.658,0,-223.222,-38.4453
"MtrElec",3,27,20,"",198.3,0,0,0,0,0,0,0,0,0,0,0,0,0,0,0,0,0,0,0,0,421.522,0,-223.222,0
"MtrElec",3,27,21,"",354.847,0,0,0,0,0,0,0,0,0,0,0,0,0,0,0,0,0,0,0,0,410.716,0,-55.8689,0
"MtrElec",3,27,22,"",315.764,0,0,0,0,0,0,0,0,0,0,0,0,0,0,0,0,0,0,0,0,315.764,0,0,0
"MtrElec",3,27,23,"",266.296,0,0,0,0,0,0,0,0,0,0,0,0,0,0,0,0,0,0,0,0,266.296,0,0,0
"MtrElec",3,27,24,"",259.797,0,0,0,0,0,0,0,0,0,0,0,0,0,0,0,0,0,0,0,0,259.797,0,0,0
"MtrElec",3,28,1,"",170.704,0,0,0,0,0,0,0,0,0,0,0,0,0,0,0,0,0,0,0,0,170.704,0,0,0
"MtrElec",3,28,2,"",156.651,0,0,0,0,0,0,0,0,0,0,0,0,0,0,0,0,0,0,0,0,156.651,0,0,0
"MtrElec",3,28,3,"",153.514,0,0,0,0,0,0,0,0,0,0,0,0,0,0,0,0,0,0,0,0,153.514,0,0,0
"MtrElec",3,28,4,"",156.463,0,0,0,0,0,0,0,0,0,0,0,0,0,0,0,0,0,0,0,0,156.463,0,0,0
"MtrElec",3,28,5,"",171.712,0,0,0,0,0,0,0,0,0,0,0,0,0,0,0,0,0,0,0,0,171.712,0,0,0
"MtrElec",3,28,6,"",154.829,0,0,0,0,0,0,0,0,0,0,0,0,0,0,0,0,0,0,0,0,154.829,0,0,0
"MtrElec",3,28,7,"",229.375,0,0,0,0,0,0,0,0,0,0,0,0,0,0,0,0,0,0,0,0,229.375,0,0,0
"MtrElec",3,28,8,"",200.624,0,0,0,0,0,0,0,0,0,0,0,0,0,0,0,0,0,0,0,0,239.116,0,0,-38.492
"MtrElec",3,28,9,"",231.649,0,0,0,0,0,0,0,0,0,0,0,0,0,0,0,0,0,0,0,0,359.578,0,0,-127.929
"MtrElec",3,28,10,"",265.572,0,0,0,0,0,0,0,0,0,0,0,0,0,0,0,0,0,0,0,0,450.266,0,0,-184.694
"MtrElec",3,28,11,"",119.565,0,0,0,0,0,0,0,0,0,0,0,0,0,0,0,0,0,0,0,0,433.4,0,0,-313.835
"MtrElec",3,28,12,"",129.433,0,0,0,0,0,0,0,0,0,0,0,0,0,0,0,0,0,0,0,0,498.299,0,0,-368.865
"MtrElec",3,28,13,"",0.0000078,0,0,0,0,0,0,0,0,0,0,0,0,0,0,0,0,0,0,0,0,429.5,0,75.2349,-504.735
"MtrElec",3,28,14,"",108.248,0,0,0,0,0,0,0,0,0,0,0,0,0,0,0,0,0,0,0,0,407.72,0,0,-299.472
"MtrElec",3,28,15,"",190.719,0,0,0,0,0,0,0,0,0,0,0,0,0,0,0,0,0,0,0,0,410.74,0,0,-220.021
"MtrElec",3,28,16,"",103.975,0,0,0,0,0,0,0,0,0,0,0,0,0,0,0,0,0,0,0,0,379.771,0,0,-275.796
"MtrElec",3,28,17,"",111.48,0,0,0,0,0,0,0,0,0,0,0,0,0,0,0,0,0,0,0,0,393.928,0,0,-282.448
"MtrElec",3,28,18,"",341.709,0,0,0,0,0,0,0,0,0,0,0,0,0,0,0,0,0,0,0,0,449.027,0,0,-107.319
"MtrElec",3,28,19,"",298.027,0,0,0,0,0,0,0,0,0,0,0,0,0,0,0,0,0,0,0,0,391.587,0,-67.8995,-25.6614
"MtrElec",3,28,20,"",390.185,0,0,0,0,0,0,0,0,0,0,0,0,0,0,0,0,0,0,0,0,390.185,0,0,0
"MtrElec",3,28,21,"",308.165,0,0,0,0,0,0,0,0,0,0,0,0,0,0,0,0,0,0,0,0,308.165,0,0,0
"MtrElec",3,28,22,"",341.029,0,0,0,0,0,0,0,0,0,0,0,0,0,0,0,0,0,0,0,0,341.029,0,0,0
"MtrElec",3,28,23,"",231.861,0,0,0,0,0,0,0,0,0,0,0,0,0,0,0,0,0,0,0,0,231.861,0,0,0
"MtrElec",3,28,24,"",213.497,0,0,0,0,0,0,0,0,0,0,0,0,0,0,0,0,0,0,0,0,213.497,0,0,0
"MtrElec",3,29,1,"",164.744,0,0,0,0,0,0,0,0,0,0,0,0,0,0,0,0,0,0,0,0,164.744,0,0,0
"MtrElec",3,29,2,"",155.3,0,0,0,0,0,0,0,0,0,0,0,0,0,0,0,0,0,0,0,0,155.3,0,0,0
"MtrElec",3,29,3,"",156.035,0,0,0,0,0,0,0,0,0,0,0,0,0,0,0,0,0,0,0,0,156.035,0,0,0
"MtrElec",3,29,4,"",208.186,0,0,0,0,0,0,0,0,0,0,0,0,0,0,0,0,0,0,0,0,208.186,0,0,0
"MtrElec",3,29,5,"",172.065,0,0,0,0,0,0,0,0,0,0,0,0,0,0,0,0,0,0,0,0,172.065,0,0,0
"MtrElec",3,29,6,"",157.884,0,0,0,0,0,0,0,0,0,0,0,0,0,0,0,0,0,0,0,0,157.884,0,0,0
"MtrElec",3,29,7,"",168.768,0,0,0,0,0,0,0,0,0,0,0,0,0,0,0,0,0,0,0,0,168.768,0,0,0
"MtrElec",3,29,8,"",185.378,0,0,0,0,0,0,0,0,0,0,0,0,0,0,0,0,0,0,0,0,241.442,0,0,-56.0634
"MtrElec",3,29,9,"",158.509,0,0,0,0,0,0,0,0,0,0,0,0,0,0,0,0,0,0,0,0,316.881,0,0,-158.371
"MtrElec",3,29,10,"",176.746,0,0,0,0,0,0,0,0,0,0,0,0,0,0,0,0,0,0,0,0,396.955,0,0,-220.209
"MtrElec",3,29,11,"",122.53,0,0,0,0,0,0,0,0,0,0,0,0,0,0,0,0,0,0,0,0,390.666,0,0,-268.137
"MtrElec",3,29,12,"",0,0,0,0,0,0,0,0,0,0,0,0,0,0,0,0,0,0,0,0,0,374.458,0,95.8892,-470.348
"MtrElec",3,29,13,"",0,0,0,0,0,0,0,0,0,0,0,0,0,0,0,0,0,0,0,0,0,421.59,0,39.4881,-461.078
"MtrElec",3,29,14,"",-24.6255,0,0,0,0,0,0,0,0,0,0,0,0,0,0,0,0,0,0,0,0,344.961,0,223.222,-592.808
"MtrElec",3,29,15,"",0.0000078,0,0,0,0,0,0,0,0,0,0,0,0,0,0,0,0,0,0,0,0,307.812,0,86.1468,-393.959
"MtrElec",3,29,16,"",63.1446,0,0,0,0,0,0,0,0,0,0,0,0,0,0,0,0,0,0,0,0,332.116,0,0,-268.972
"MtrElec",3,29,17,"",73.3982,0,0,0,0,0,0,0,0,0,0,0,0,0,0,0,0,0,0,0,0,302.549,0,0,-229.151
"MtrElec",3,29,18,"",141.08,0,0,0,0,0,0,0,0,0,0,0,0,0,0,0,0,0,0,0,0,360.595,0,0,-219.515
"MtrElec",3,29,19,"",111.387,0,0,0,0,0,0,0,0,0,0,0,0,0,0,0,0,0,0,0,0,377.488,0,-223.222,-42.8796
"MtrElec",3,29,20,"",132.745,0,0,0,0,0,0,0,0,0,0,0,0,0,0,0,0,0,0,0,0,310.906,0,-178.161,0
"MtrElec",3,29,21,"",304.249,0,0,0,0,0,0,0,0,0,0,0,0,0,0,0,0,0,0,0,0,304.249,0,0,0
"MtrElec",3,29,22,"",253.669,0,0,0,0,0,0,0,0,0,0,0,0,0,0,0,0,0,0,0,0,253.669,0,0,0
"MtrElec",3,29,23,"",231.547,0,0,0,0,0,0,0,0,0,0,0,0,0,0,0,0,0,0,0,0,231.547,0,0,0
"MtrElec",3,29,24,"",196.456,0,0,0,0,0,0,0,0,0,0,0,0,0,0,0,0,0,0,0,0,196.456,0,0,0
"MtrElec",3,30,1,"",210.297,0,0,0,0,0,0,0,0,0,0,0,0,0,0,0,0,0,0,0,0,210.297,0,0,0
"MtrElec",3,30,2,"",158.471,0,0,0,0,0,0,0,0,0,0,0,0,0,0,0,0,0,0,0,0,158.471,0,0,0
"MtrElec",3,30,3,"",151.898,0,0,0,0,0,0,0,0,0,0,0,0,0,0,0,0,0,0,0,0,151.898,0,0,0
"MtrElec",3,30,4,"",150.749,0,0,0,0,0,0,0,0,0,0,0,0,0,0,0,0,0,0,0,0,150.749,0,0,0
"MtrElec",3,30,5,"",149.828,0,0,0,0,0,0,0,0,0,0,0,0,0,0,0,0,0,0,0,0,149.828,0,0,0
"MtrElec",3,30,6,"",152.559,0,0,0,0,0,0,0,0,0,0,0,0,0,0,0,0,0,0,0,0,152.559,0,0,0
"MtrElec",3,30,7,"",270.514,0,0,0,0,0,0,0,0,0,0,0,0,0,0,0,0,0,0,0,0,270.514,0,0,0
"MtrElec",3,30,8,"",337.798,0,0,0,0,0,0,0,0,0,0,0,0,0,0,0,0,0,0,0,0,403.182,0,0,-65.3836
"MtrElec",3,30,9,"",133.359,0,0,0,0,0,0,0,0,0,0,0,0,0,0,0,0,0,0,0,0,373.926,0,0,-240.567
"MtrElec",3,30,10,"",87.8185,0,0,0,0,0,0,0,0,0,0,0,0,0,0,0,0,0,0,0,0,435.945,0,0,-348.127
"MtrElec",3,30,11,"",0,0,0,0,0,0,0,0,0,0,0,0,0,0,0,0,0,0,0,0,0,472.854,0,2.23966,-475.094
"MtrElec",3,30,12,"",0,0,0,0,0,0,0,0,0,0,0,0,0,0,0,0,0,0,0,0,0,459.124,0,213.166,-672.29
"MtrElec",3,30,13,"",-41.7425,0,0,0,0,0,0,0,0,0,0,0,0,0,0,0,0,0,0,0,0,452.692,0,223.222,-717.657
"MtrElec",3,30,14,"",-113.787,0,0,0,0,0,0,0,0,0,0,0,0,0,0,0,0,0,0,0,0,380.979,0,223.222,-717.988
"MtrElec",3,30,15,"",-175.356,0,0,0,0,0,0,0,0,0,0,0,0,0,0,0,0,0,0,0,0,352.764,0,137.112,-665.232
"MtrElec",3,30,16,"",-151.648,0,0,0,0,0,0,0,0,0,0,0,0,0,0,0,0,0,0,0,0,409.556,0,0,-561.203
"MtrElec",3,30,17,"",49.4616,0,0,0,0,0,0,0,0,0,0,0,0,0,0,0,0,0,0,0,0,459.977,0,0,-410.515
"MtrElec",3,30,18,"",159.957,0,0,0,0,0,0,0,0,0,0,0,0,0,0,0,0,0,0,0,0,382.306,0,0,-222.349
"MtrElec",3,30,19,"",136.538,0,0,0,0,0,0,0,0,0,0,0,0,0,0,0,0,0,0,0,0,404.946,0,-223.222,-45.1857
"MtrElec",3,30,20,"",180.151,0,0,0,0,0,0,0,0,0,0,0,0,0,0,0,0,0,0,0,0,403.373,0,-223.222,0
"MtrElec",3,30,21,"",177.817,0,0,0,0,0,0,0,0,0,0,0,0,0,0,0,0,0,0,0,0,401.039,0,-223.222,0
"MtrElec",3,30,22,"",287.929,0,0,0,0,0,0,0,0,0,0,0,0,0,0,0,0,0,0,0,0,339.325,0,-51.3963,0
"MtrElec",3,30,23,"",289.316,0,0,0,0,0,0,0,0,0,0,0,0,0,0,0,0,0,0,0,0,289.316,0,0,0
"MtrElec",3,30,24,"",261.707,0,0,0,0,0,0,0,0,0,0,0,0,0,0,0,0,0,0,0,0,261.707,0,0,0
"MtrElec",3,31,1,"",176.967,0,0,0,0,0,0,0,0,0,0,0,0,0,0,0,0,0,0,0,0,176.967,0,0,0
"MtrElec",3,31,2,"",154.58,0,0,0,0,0,0,0,0,0,0,0,0,0,0,0,0,0,0,0,0,154.58,0,0,0
"MtrElec",3,31,3,"",151.765,0,0,0,0,0,0,0,0,0,0,0,0,0,0,0,0,0,0,0,0,151.765,0,0,0
"MtrElec",3,31,4,"",151.07,0,0,0,0,0,0,0,0,0,0,0,0,0,0,0,0,0,0,0,0,151.07,0,0,0
"MtrElec",3,31,5,"",149.77,0,0,0,0,0,0,0,0,0,0,0,0,0,0,0,0,0,0,0,0,149.77,0,0,0
"MtrElec",3,31,6,"",220.725,0,0,0,0,0,0,0,0,0,0,0,0,0,0,0,0,0,0,0,0,220.725,0,0,0
"MtrElec",3,31,7,"",208.348,0,0,0,0,0,0,0,0,0,0,0,0,0,0,0,0,0,0,0,0,208.348,0,0,0
"MtrElec",3,31,8,"",233.45,0,0,0,0,0,0,0,0,0,0,0,0,0,0,0,0,0,0,0,0,304.365,0,0,-70.9148
"MtrElec",3,31,9,"",156.753,0,0,0,0,0,0,0,0,0,0,0,0,0,0,0,0,0,0,0,0,427.237,0,0,-270.485
"MtrElec",3,31,10,"",56.0918,0,0,0,0,0,0,0,0,0,0,0,0,0,0,0,0,0,0,0,0,518.113,0,0,-462.021
"MtrElec",3,31,11,"",0.0000078,0,0,0,0,0,0,0,0,0,0,0,0,0,0,0,0,0,0,0,0,519.372,0,88.1938,-607.566
"MtrElec",3,31,12,"",0.0000156,0,0,0,0,0,0,0,0,0,0,0,0,0,0,0,0,0,0,0,0,502.902,0,195.126,-698.027
"MtrElec",3,31,13,"",-9.15411,0,0,0,0,0,0,0,0,0,0,0,0,0,0,0,0,0,0,0,0,507.972,0,223.222,-740.349
"MtrElec",3,31,14,"",-45.9448,0,0,0,0,0,0,0,0,0,0,0,0,0,0,0,0,0,0,0,0,471.995,0,223.222,-741.162
"MtrElec",3,31,15,"",-124.887,0,0,0,0,0,0,0,0,0,0,0,0,0,0,0,0,0,0,0,0,492.645,0,69.1979,-686.729
"MtrElec",3,31,16,"",-122.339,0,0,0,0,0,0,0,0,0,0,0,0,0,0,0,0,0,0,0,0,453.378,0,0,-575.717
"MtrElec",3,31,17,"",42.2747,0,0,0,0,0,0,0,0,0,0,0,0,0,0,0,0,0,0,0,0,464.935,0,0,-422.66
"MtrElec",3,31,18,"",299.741,0,0,0,0,0,0,0,0,0,0,0,0,0,0,0,0,0,0,0,0,526.138,0,0,-226.397
"MtrElec",3,31,19,"",269.245,0,0,0,0,0,0,0,0,0,0,0,0,0,0,0,0,0,0,0,0,536.948,0,-223.222,-44.4802
"MtrElec",3,31,20,"",195.082,0,0,0,0,0,0,0,0,0,0,0,0,0,0,0,0,0,0,0,0,418.304,0,-223.222,0
"MtrElec",3,31,21,"",178.431,0,0,0,0,0,0,0,0,0,0,0,0,0,0,0,0,0,0,0,0,401.653,0,-223.222,0
"MtrElec",3,31,22,"",227.466,0,0,0,0,0,0,0,0,0,0,0,0,0,0,0,0,0,0,0,0,278.863,0,-51.3963,0
"MtrElec",3,31,23,"",223.414,0,0,0,0,0,0,0,0,0,0,0,0,0,0,0,0,0,0,0,0,223.414,0,0,0
"MtrElec",3,31,24,"",200.974,0,0,0,0,0,0,0,0,0,0,0,0,0,0,0,0,0,0,0,0,200.974,0,0,0
"MtrElec",4,1,1,"",157.358,0,0,0,0,0,0,0,0,0,0,0,0,0,0,0,0,0,0,0,0,157.358,0,0,0
"MtrElec",4,1,2,"",159.951,0,0,0,0,0,0,0,0,0,0,0,0,0,0,0,0,0,0,0,0,159.951,0,0,0
"MtrElec",4,1,3,"",193.754,0,0,0,0,0,0,0,0,0,0,0,0,0,0,0,0,0,0,0,0,193.754,0,0,0
"MtrElec",4,1,4,"",150.094,0,0,0,0,0,0,0,0,0,0,0,0,0,0,0,0,0,0,0,0,150.094,0,0,0
"MtrElec",4,1,5,"",147.416,0,0,0,0,0,0,0,0,0,0,0,0,0,0,0,0,0,0,0,0,147.416,0,0,0
"MtrElec",4,1,6,"",176.148,0,0,0,0,0,0,0,0,0,0,0,0,0,0,0,0,0,0,0,0,176.148,0,0,0
"MtrElec",4,1,7,"",232.274,0,0,0,0,0,0,0,0,0,0,0,0,0,0,0,0,0,0,0,0,232.274,0,0,0
"MtrElec",4,1,8,"",330.654,0,0,0,0,0,0,0,0,0,0,0,0,0,0,0,0,0,0,0,0,367.426,0,0,-36.7724
"MtrElec",4,1,9,"",223.807,0,0,0,0,0,0,0,0,0,0,0,0,0,0,0,0,0,0,0,0,349.86,0,0,-126.053
"MtrElec",4,1,10,"",114.11,0,0,0,0,0,0,0,0,0,0,0,0,0,0,0,0,0,0,0,0,427.497,0,0,-313.387
"MtrElec",4,1,11,"",13.8918,0,0,0,0,0,0,0,0,0,0,0,0,0,0,0,0,0,0,0,0,466.262,0,0,-452.37
"MtrElec",4,1,12,"",0,0,0,0,0,0,0,0,0,0,0,0,0,0,0,0,0,0,0,0,0,380.256,0,181.433,-561.688
"MtrElec",4,1,13,"",0,0,0,0,0,0,0,0,0,0,0,0,0,0,0,0,0,0,0,0,0,451.75,0,170.542,-622.293
"MtrElec",4,1,14,"",-15.4742,0,0,0,0,0,0,0,0,0,0,0,0,0,0,0,0,0,0,0,0,380.119,0,223.222,-618.816
"MtrElec",4,1,15,"",0.0000156,0,0,0,0,0,0,0,0,0,0,0,0,0,0,0,0,0,0,0,0,343.466,0,192.645,-536.111
"MtrElec",4,1,16,"",65.037,0,0,0,0,0,0,0,0,0,0,0,0,0,0,0,0,0,0,0,0,388.813,0,0,-323.776
"MtrElec",4,1,17,"",126.889,0,0,0,0,0,0,0,0,0,0,0,0,0,0,0,0,0,0,0,0,373.404,0,0,-246.515
"MtrElec",4,1,18,"",254.428,0,0,0,0,0,0,0,0,0,0,0,0,0,0,0,0,0,0,0,0,414.07,0,0,-159.642
"MtrElec",4,1,19,"",130.986,0,0,0,0,0,0,0,0,0,0,0,0,0,0,0,0,0,0,0,0,395.487,0,-223.222,-41.279
"MtrElec",4,1,20,"",181.635,0,0,0,0,0,0,0,0,0,0,0,0,0,0,0,0,0,0,0,0,404.857,0,-223.222,0
"MtrElec",4,1,21,"",152.526,0,0,0,0,0,0,0,0,0,0,0,0,0,0,0,0,0,0,0,0,375.748,0,-223.222,0
"MtrElec",4,1,22,"",275.008,0,0,0,0,0,0,0,0,0,0,0,0,0,0,0,0,0,0,0,0,298.319,0,-23.311,0
"MtrElec",4,1,23,"",328.916,0,0,0,0,0,0,0,0,0,0,0,0,0,0,0,0,0,0,0,0,328.916,0,0,0
"MtrElec",4,1,24,"",233.572,0,0,0,0,0,0,0,0,0,0,0,0,0,0,0,0,0,0,0,0,233.572,0,0,0
"MtrElec",4,2,1,"",160.854,0,0,0,0,0,0,0,0,0,0,0,0,0,0,0,0,0,0,0,0,160.854,0,0,0
"MtrElec",4,2,2,"",198.381,0,0,0,0,0,0,0,0,0,0,0,0,0,0,0,0,0,0,0,0,198.381,0,0,0
"MtrElec",4,2,3,"",151.301,0,0,0,0,0,0,0,0,0,0,0,0,0,0,0,0,0,0,0,0,151.301,0,0,0
"MtrElec",4,2,4,"",150.1,0,0,0,0,0,0,0,0,0,0,0,0,0,0,0,0,0,0,0,0,150.1,0,0,0
"MtrElec",4,2,5,"",149.313,0,0,0,0,0,0,0,0,0,0,0,0,0,0,0,0,0,0,0,0,149.313,0,0,0
"MtrElec",4,2,6,"",153.698,0,0,0,0,0,0,0,0,0,0,0,0,0,0,0,0,0,0,0,0,153.698,0,0,0
"MtrElec",4,2,7,"",252.55,0,0,0,0,0,0,0,0,0,0,0,0,0,0,0,0,0,0,0,0,252.55,0,0,0
"MtrElec",4,2,8,"",359.769,0,0,0,0,0,0,0,0,0,0,0,0,0,0,0,0,0,0,0,0,366.942,0,0,-7.1727
"MtrElec",4,2,9,"",367.959,0,0,0,0,0,0,0,0,0,0,0,0,0,0,0,0,0,0,0,0,402.619,0,0,-34.6603
"MtrElec",4,2,10,"",336.656,0,0,0,0,0,0,0,0,0,0,0,0,0,0,0,0,0,0,0,0,436.478,0,0,-99.822
"MtrElec",4,2,11,"",230.075,0,0,0,0,0,0,0,0,0,0,0,0,0,0,0,0,0,0,0,0,432.53,0,0,-202.455
"MtrElec",4,2,12,"",0.0000039,0,0,0,0,0,0,0,0,0,0,0,0,0,0,0,0,0,0,0,0,416.916,0,44.4467,-461.362
"MtrElec",4,2,13,"",0.0000156,0,0,0,0,0,0,0,0,0,0,0,0,0,0,0,0,0,0,0,0,458.042,0,170.368,-628.411
"MtrElec",4,2,14,"",-107.496,0,0,0,0,0,0,0,0,0,0,0,0,0,0,0,0,0,0,0,0,335.862,0,223.222,-666.58
"MtrElec",4,2,15,"",0,0,0,0,0,0,0,0,0,0,0,0,0,0,0,0,0,0,0,0,0,395.034,0,209.01,-604.044
"MtrElec",4,2,16,"",0.0000078,0,0,0,0,0,0,0,0,0,0,0,0,0,0,0,0,0,0,0,0,409.911,0,108.49,-518.401
"MtrElec",4,2,17,"",3.24434,0,0,0,0,0,0,0,0,0,0,0,0,0,0,0,0,0,0,0,0,392.543,0,0,-389.298
"MtrElec",4,2,18,"",214.705,0,0,0,0,0,0,0,0,0,0,0,0,0,0,0,0,0,0,0,0,420.092,0,0,-205.387
"MtrElec",4,2,19,"",129.785,0,0,0,0,0,0,0,0,0,0,0,0,0,0,0,0,0,0,0,0,402.377,0,-223.222,-49.3696
"MtrElec",4,2,20,"",129.955,0,0,0,0,0,0,0,0,0,0,0,0,0,0,0,0,0,0,0,0,353.177,0,-223.222,0
"MtrElec",4,2,21,"",152.396,0,0,0,0,0,0,0,0,0,0,0,0,0,0,0,0,0,0,0,0,375.619,0,-223.222,0
"MtrElec",4,2,22,"",299.827,0,0,0,0,0,0,0,0,0,0,0,0,0,0,0,0,0,0,0,0,312.033,0,-12.2059,0
"MtrElec",4,2,23,"",260.166,0,0,0,0,0,0,0,0,0,0,0,0,0,0,0,0,0,0,0,0,260.166,0,0,0
"MtrElec",4,2,24,"",204.143,0,0,0,0,0,0,0,0,0,0,0,0,0,0,0,0,0,0,0,0,204.143,0,0,0
"MtrElec",4,3,1,"",169.6,0,0,0,0,0,0,0,0,0,0,0,0,0,0,0,0,0,0,0,0,169.6,0,0,0
"MtrElec",4,3,2,"",156.544,0,0,0,0,0,0,0,0,0,0,0,0,0,0,0,0,0,0,0,0,156.544,0,0,0
"MtrElec",4,3,3,"",192.873,0,0,0,0,0,0,0,0,0,0,0,0,0,0,0,0,0,0,0,0,192.873,0,0,0
"MtrElec",4,3,4,"",164.157,0,0,0,0,0,0,0,0,0,0,0,0,0,0,0,0,0,0,0,0,164.157,0,0,0
"MtrElec",4,3,5,"",146.75,0,0,0,0,0,0,0,0,0,0,0,0,0,0,0,0,0,0,0,0,146.75,0,0,0
"MtrElec",4,3,6,"",154.097,0,0,0,0,0,0,0,0,0,0,0,0,0,0,0,0,0,0,0,0,154.097,0,0,0
"MtrElec",4,3,7,"",252.751,0,0,0,0,0,0,0,0,0,0,0,0,0,0,0,0,0,0,0,0,252.751,0,0,0
"MtrElec",4,3,8,"",302.674,0,0,0,0,0,0,0,0,0,0,0,0,0,0,0,0,0,0,0,0,375.458,0,0,-72.7845
"MtrElec",4,3,9,"",141.786,0,0,0,0,0,0,0,0,0,0,0,0,0,0,0,0,0,0,0,0,352.106,0,0,-210.32
"MtrElec",4,3,10,"",67.8504,0,0,0,0,0,0,0,0,0,0,0,0,0,0,0,0,0,0,0,0,437.078,0,0,-369.228
"MtrElec",4,3,11,"",0.0000039,0,0,0,0,0,0,0,0,0,0,0,0,0,0,0,0,0,0,0,0,425.19,0,65.4375,-490.628
"MtrElec",4,3,12,"",0,0,0,0,0,0,0,0,0,0,0,0,0,0,0,0,0,0,0,0,0,417.185,0,217.965,-635.151
"MtrElec",4,3,13,"",0.0000156,0,0,0,0,0,0,0,0,0,0,0,0,0,0,0,0,0,0,0,0,486.36,0,204.852,-691.212
"MtrElec",4,3,14,"",-95.9449,0,0,0,0,0,0,0,0,0,0,0,0,0,0,0,0,0,0,0,0,347.786,0,223.222,-666.953
"MtrElec",4,3,15,"",-127.864,0,0,0,0,0,0,0,0,0,0,0,0,0,0,0,0,0,0,0,0,400.234,0,87.485,-615.583
"MtrElec",4,3,16,"",-134.961,0,0,0,0,0,0,0,0,0,0,0,0,0,0,0,0,0,0,0,0,412.122,0,0,-547.083
"MtrElec",4,3,17,"",-10.9878,0,0,0,0,0,0,0,0,0,0,0,0,0,0,0,0,0,0,0,0,392.284,0,0,-403.271
"MtrElec",4,3,18,"",200.698,0,0,0,0,0,0,0,0,0,0,0,0,0,0,0,0,0,0,0,0,420.768,0,0,-220.07
"MtrElec",4,3,19,"",147.778,0,0,0,0,0,0,0,0,0,0,0,0,0,0,0,0,0,0,0,0,418.369,0,-223.222,-47.3687
"MtrElec",4,3,20,"",211.774,0,0,0,0,0,0,0,0,0,0,0,0,0,0,0,0,0,0,0,0,434.997,0,-223.222,0
"MtrElec",4,3,21,"",179.403,0,0,0,0,0,0,0,0,0,0,0,0,0,0,0,0,0,0,0,0,402.626,0,-223.222,0
"MtrElec",4,3,22,"",259.436,0,0,0,0,0,0,0,0,0,0,0,0,0,0,0,0,0,0,0,0,310.832,0,-51.3963,0
"MtrElec",4,3,23,"",298.785,0,0,0,0,0,0,0,0,0,0,0,0,0,0,0,0,0,0,0,0,298.785,0,0,0
"MtrElec",4,3,24,"",207.796,0,0,0,0,0,0,0,0,0,0,0,0,0,0,0,0,0,0,0,0,207.796,0,0,0
"MtrElec",4,4,1,"",204.894,0,0,0,0,0,0,0,0,0,0,0,0,0,0,0,0,0,0,0,0,204.894,0,0,0
"MtrElec",4,4,2,"",160.926,0,0,0,0,0,0,0,0,0,0,0,0,0,0,0,0,0,0,0,0,160.926,0,0,0
"MtrElec",4,4,3,"",152.295,0,0,0,0,0,0,0,0,0,0,0,0,0,0,0,0,0,0,0,0,152.295,0,0,0
"MtrElec",4,4,4,"",156.09,0,0,0,0,0,0,0,0,0,0,0,0,0,0,0,0,0,0,0,0,156.09,0,0,0
"MtrElec",4,4,5,"",170.826,0,0,0,0,0,0,0,0,0,0,0,0,0,0,0,0,0,0,0,0,170.826,0,0,0
"MtrElec",4,4,6,"",208.355,0,0,0,0,0,0,0,0,0,0,0,0,0,0,0,0,0,0,0,0,208.355,0,0,0
"MtrElec",4,4,7,"",185.583,0,0,0,0,0,0,0,0,0,0,0,0,0,0,0,0,0,0,0,0,185.583,0,0,0
"MtrElec",4,4,8,"",247.009,0,0,0,0,0,0,0,0,0,0,0,0,0,0,0,0,0,0,0,0,282.012,0,0,-35.0032
"MtrElec",4,4,9,"",203.664,0,0,0,0,0,0,0,0,0,0,0,0,0,0,0,0,0,0,0,0,331.191,0,0,-127.527
"MtrElec",4,4,10,"",95.9865,0,0,0,0,0,0,0,0,0,0,0,0,0,0,0,0,0,0,0,0,408.242,0,0,-312.256
"MtrElec",4,4,11,"",33.139,0,0,0,0,0,0,0,0,0,0,0,0,0,0,0,0,0,0,0,0,462.464,0,0,-429.325
"MtrElec",4,4,12,"",0,0,0,0,0,0,0,0,0,0,0,0,0,0,0,0,0,0,0,0,0,427.872,0,134.884,-562.756
"MtrElec",4,4,13,"",0,0,0,0,0,0,0,0,0,0,0,0,0,0,0,0,0,0,0,0,0,448.243,0,199.731,-647.974
"MtrElec",4,4,14,"",-54.2206,0,0,0,0,0,0,0,0,0,0,0,0,0,0,0,0,0,0,0,0,416.52,0,223.222,-693.963
"MtrElec",4,4,15,"",-21.4483,0,0,0,0,0,0,0,0,0,0,0,0,0,0,0,0,0,0,0,0,407.348,0,223.222,-652.019
"MtrElec",4,4,16,"",-147.019,0,0,0,0,0,0,0,0,0,0,0,0,0,0,0,0,0,0,0,0,389.404,0,17.9021,-554.325
"MtrElec",4,4,17,"",13.9206,0,0,0,0,0,0,0,0,0,0,0,0,0,0,0,0,0,0,0,0,416.196,0,0,-402.275
"MtrElec",4,4,18,"",211.076,0,0,0,0,0,0,0,0,0,0,0,0,0,0,0,0,0,0,0,0,433.437,0,0,-222.361
"MtrElec",4,4,19,"",203.05,0,0,0,0,0,0,0,0,0,0,0,0,0,0,0,0,0,0,0,0,470.319,0,-223.222,-44.047
"MtrElec",4,4,20,"",199.654,0,0,0,0,0,0,0,0,0,0,0,0,0,0,0,0,0,0,0,0,422.877,0,-223.222,0
"MtrElec",4,4,21,"",158.091,0,0,0,0,0,0,0,0,0,0,0,0,0,0,0,0,0,0,0,0,381.313,0,-223.222,0
"MtrElec",4,4,22,"",282.86,0,0,0,0,0,0,0,0,0,0,0,0,0,0,0,0,0,0,0,0,334.256,0,-51.3963,0
"MtrElec",4,4,23,"",258.687,0,0,0,0,0,0,0,0,0,0,0,0,0,0,0,0,0,0,0,0,258.687,0,0,0
"MtrElec",4,4,24,"",272.441,0,0,0,0,0,0,0,0,0,0,0,0,0,0,0,0,0,0,0,0,272.441,0,0,0
"MtrElec",4,5,1,"",173.825,0,0,0,0,0,0,0,0,0,0,0,0,0,0,0,0,0,0,0,0,173.825,0,0,0
"MtrElec",4,5,2,"",152.577,0,0,0,0,0,0,0,0,0,0,0,0,0,0,0,0,0,0,0,0,152.577,0,0,0
"MtrElec",4,5,3,"",150.442,0,0,0,0,0,0,0,0,0,0,0,0,0,0,0,0,0,0,0,0,150.442,0,0,0
"MtrElec",4,5,4,"",151.084,0,0,0,0,0,0,0,0,0,0,0,0,0,0,0,0,0,0,0,0,151.084,0,0,0
"MtrElec",4,5,5,"",162.666,0,0,0,0,0,0,0,0,0,0,0,0,0,0,0,0,0,0,0,0,162.666,0,0,0
"MtrElec",4,5,6,"",194.273,0,0,0,0,0,0,0,0,0,0,0,0,0,0,0,0,0,0,0,0,194.273,0,0,0
"MtrElec",4,5,7,"",166.308,0,0,0,0,0,0,0,0,0,0,0,0,0,0,0,0,0,0,0,0,166.308,0,0,0
"MtrElec",4,5,8,"",224.139,0,0,0,0,0,0,0,0,0,0,0,0,0,0,0,0,0,0,0,0,258.008,0,0,-33.8687
"MtrElec",4,5,9,"",249.428,0,0,0,0,0,0,0,0,0,0,0,0,0,0,0,0,0,0,0,0,347.909,0,0,-98.4802
"MtrElec",4,5,10,"",250.013,0,0,0,0,0,0,0,0,0,0,0,0,0,0,0,0,0,0,0,0,395.979,0,0,-145.966
"MtrElec",4,5,11,"",84.5593,0,0,0,0,0,0,0,0,0,0,0,0,0,0,0,0,0,0,0,0,434.44,0,0,-349.881
"MtrElec",4,5,12,"",0.0000156,0,0,0,0,0,0,0,0,0,0,0,0,0,0,0,0,0,0,0,0,397.647,0,169.455,-567.102
"MtrElec",4,5,13,"",0,0,0,0,0,0,0,0,0,0,0,0,0,0,0,0,0,0,0,0,0,437.023,0,178.746,-615.769
"MtrElec",4,5,14,"",-34.4115,0,0,0,0,0,0,0,0,0,0,0,0,0,0,0,0,0,0,0,0,382.842,0,223.222,-640.476
"MtrElec",4,5,15,"",0,0,0,0,0,0,0,0,0,0,0,0,0,0,0,0,0,0,0,0,0,403.503,0,218.41,-621.913
"MtrElec",4,5,16,"",-144.655,0,0,0,0,0,0,0,0,0,0,0,0,0,0,0,0,0,0,0,0,350.99,0,9.12873,-504.774
"MtrElec",4,5,17,"",-5.81266,0,0,0,0,0,0,0,0,0,0,0,0,0,0,0,0,0,0,0,0,360.643,0,0,-366.455
"MtrElec",4,5,18,"",167.428,0,0,0,0,0,0,0,0,0,0,0,0,0,0,0,0,0,0,0,0,371.927,0,0,-204.499
"MtrElec",4,5,19,"",110.674,0,0,0,0,0,0,0,0,0,0,0,0,0,0,0,0,0,0,0,0,378.58,0,-223.222,-44.6837
"MtrElec",4,5,20,"",122.008,0,0,0,0,0,0,0,0,0,0,0,0,0,0,0,0,0,0,0,0,345.23,0,-223.222,0
"MtrElec",4,5,21,"",83.9893,0,0,0,0,0,0,0,0,0,0,0,0,0,0,0,0,0,0,0,0,307.212,0,-223.222,0
"MtrElec",4,5,22,"",250.259,0,0,0,0,0,0,0,0,0,0,0,0,0,0,0,0,0,0,0,0,301.655,0,-51.3963,0
"MtrElec",4,5,23,"",260.411,0,0,0,0,0,0,0,0,0,0,0,0,0,0,0,0,0,0,0,0,260.411,0,0,0
"MtrElec",4,5,24,"",218.457,0,0,0,0,0,0,0,0,0,0,0,0,0,0,0,0,0,0,0,0,218.457,0,0,0
"MtrElec",4,6,1,"",172.183,0,0,0,0,0,0,0,0,0,0,0,0,0,0,0,0,0,0,0,0,172.183,0,0,0
"MtrElec",4,6,2,"",152.976,0,0,0,0,0,0,0,0,0,0,0,0,0,0,0,0,0,0,0,0,152.976,0,0,0
"MtrElec",4,6,3,"",151.231,0,0,0,0,0,0,0,0,0,0,0,0,0,0,0,0,0,0,0,0,151.231,0,0,0
"MtrElec",4,6,4,"",195.405,0,0,0,0,0,0,0,0,0,0,0,0,0,0,0,0,0,0,0,0,195.405,0,0,0
"MtrElec",4,6,5,"",150.717,0,0,0,0,0,0,0,0,0,0,0,0,0,0,0,0,0,0,0,0,150.717,0,0,0
"MtrElec",4,6,6,"",152.281,0,0,0,0,0,0,0,0,0,0,0,0,0,0,0,0,0,0,0,0,152.281,0,0,0
"MtrElec",4,6,7,"",251.567,0,0,0,0,0,0,0,0,0,0,0,0,0,0,0,0,0,0,0,0,252.472,0,0,-0.905376
"MtrElec",4,6,8,"",291.801,0,0,0,0,0,0,0,0,0,0,0,0,0,0,0,0,0,0,0,0,371.138,0,0,-79.3379
"MtrElec",4,6,9,"",185.763,0,0,0,0,0,0,0,0,0,0,0,0,0,0,0,0,0,0,0,0,420.826,0,0,-235.063
"MtrElec",4,6,10,"",102.195,0,0,0,0,0,0,0,0,0,0,0,0,0,0,0,0,0,0,0,0,446.178,0,0,-343.983
"MtrElec",4,6,11,"",0.0000039,0,0,0,0,0,0,0,0,0,0,0,0,0,0,0,0,0,0,0,0,442.456,0,42.426,-484.882
"MtrElec",4,6,12,"",0,0,0,0,0,0,0,0,0,0,0,0,0,0,0,0,0,0,0,0,0,444.353,0,110.372,-554.725
"MtrElec",4,6,13,"",0.0000078,0,0,0,0,0,0,0,0,0,0,0,0,0,0,0,0,0,0,0,0,499.483,0,77.2629,-576.746
"MtrElec",4,6,14,"",-13.7305,0,0,0,0,0,0,0,0,0,0,0,0,0,0,0,0,0,0,0,0,389.711,0,223.222,-626.664
"MtrElec",4,6,15,"",-3.51339,0,0,0,0,0,0,0,0,0,0,0,0,0,0,0,0,0,0,0,0,344.179,0,223.222,-570.915
"MtrElec",4,6,16,"",0,0,0,0,0,0,0,0,0,0,0,0,0,0,0,0,0,0,0,0,0,397.702,0,80.8032,-478.505
"MtrElec",4,6,17,"",50.4385,0,0,0,0,0,0,0,0,0,0,0,0,0,0,0,0,0,0,0,0,383.951,0,0,-333.513
"MtrElec",4,6,18,"",267.888,0,0,0,0,0,0,0,0,0,0,0,0,0,0,0,0,0,0,0,0,428.483,0,0,-160.595
"MtrElec",4,6,19,"",152.782,0,0,0,0,0,0,0,0,0,0,0,0,0,0,0,0,0,0,0,0,419.229,0,-223.222,-43.2252
"MtrElec",4,6,20,"",225.754,0,0,0,0,0,0,0,0,0,0,0,0,0,0,0,0,0,0,0,0,448.976,0,-223.222,0
"MtrElec",4,6,21,"",195.195,0,0,0,0,0,0,0,0,0,0,0,0,0,0,0,0,0,0,0,0,418.417,0,-223.222,0
"MtrElec",4,6,22,"",287.951,0,0,0,0,0,0,0,0,0,0,0,0,0,0,0,0,0,0,0,0,301.755,0,-13.8042,0
"MtrElec",4,6,23,"",279.086,0,0,0,0,0,0,0,0,0,0,0,0,0,0,0,0,0,0,0,0,279.086,0,0,0
"MtrElec",4,6,24,"",194.127,0,0,0,0,0,0,0,0,0,0,0,0,0,0,0,0,0,0,0,0,194.127,0,0,0
"MtrElec",4,7,1,"",214.329,0,0,0,0,0,0,0,0,0,0,0,0,0,0,0,0,0,0,0,0,214.329,0,0,0
"MtrElec",4,7,2,"",154.219,0,0,0,0,0,0,0,0,0,0,0,0,0,0,0,0,0,0,0,0,154.219,0,0,0
"MtrElec",4,7,3,"",149.425,0,0,0,0,0,0,0,0,0,0,0,0,0,0,0,0,0,0,0,0,149.425,0,0,0
"MtrElec",4,7,4,"",156.206,0,0,0,0,0,0,0,0,0,0,0,0,0,0,0,0,0,0,0,0,156.206,0,0,0
"MtrElec",4,7,5,"",144.532,0,0,0,0,0,0,0,0,0,0,0,0,0,0,0,0,0,0,0,0,144.532,0,0,0
"MtrElec",4,7,6,"",213.311,0,0,0,0,0,0,0,0,0,0,0,0,0,0,0,0,0,0,0,0,213.311,0,0,0
"MtrElec",4,7,7,"",270.194,0,0,0,0,0,0,0,0,0,0,0,0,0,0,0,0,0,0,0,0,271.671,0,0,-1.47668
"MtrElec",4,7,8,"",290.168,0,0,0,0,0,0,0,0,0,0,0,0,0,0,0,0,0,0,0,0,361.973,0,0,-71.8059
"MtrElec",4,7,9,"",218.991,0,0,0,0,0,0,0,0,0,0,0,0,0,0,0,0,0,0,0,0,399.002,0,0,-180.011
"MtrElec",4,7,10,"",173.965,0,0,0,0,0,0,0,0,0,0,0,0,0,0,0,0,0,0,0,0,451.952,0,0,-277.987
"MtrElec",4,7,11,"",14.4567,0,0,0,0,0,0,0,0,0,0,0,0,0,0,0,0,0,0,0,0,491.58,0,0,-477.123
"MtrElec",4,7,12,"",0,0,0,0,0,0,0,0,0,0,0,0,0,0,0,0,0,0,0,0,0,459.213,0,79.4014,-538.614
"MtrElec",4,7,13,"",0,0,0,0,0,0,0,0,0,0,0,0,0,0,0,0,0,0,0,0,0,481.719,0,95.6423,-577.361
"MtrElec",4,7,14,"",-80.6223,0,0,0,0,0,0,0,0,0,0,0,0,0,0,0,0,0,0,0,0,364.27,0,223.222,-668.114
"MtrElec",4,7,15,"",0.0000010,0,0,0,0,0,0,0,0,0,0,0,0,0,0,0,0,0,0,0,0,400.108,0,13.4984,-413.606
"MtrElec",4,7,16,"",104.902,0,0,0,0,0,0,0,0,0,0,0,0,0,0,0,0,0,0,0,0,402.854,0,0,-297.952
"MtrElec",4,7,17,"",75.7109,0,0,0,0,0,0,0,0,0,0,0,0,0,0,0,0,0,0,0,0,387.991,0,0,-312.28
"MtrElec",4,7,18,"",323.683,0,0,0,0,0,0,0,0,0,0,0,0,0,0,0,0,0,0,0,0,438.955,0,0,-115.272
"MtrElec",4,7,19,"",152.112,0,0,0,0,0,0,0,0,0,0,0,0,0,0,0,0,0,0,0,0,419.628,0,-223.222,-44.2937
"MtrElec",4,7,20,"",279.692,0,0,0,0,0,0,0,0,0,0,0,0,0,0,0,0,0,0,0,0,428.087,0,-148.395,0
"MtrElec",4,7,21,"",429.22,0,0,0,0,0,0,0,0,0,0,0,0,0,0,0,0,0,0,0,0,429.22,0,0,0
"MtrElec",4,7,22,"",299.522,0,0,0,0,0,0,0,0,0,0,0,0,0,0,0,0,0,0,0,0,299.522,0,0,0
"MtrElec",4,7,23,"",305.122,0,0,0,0,0,0,0,0,0,0,0,0,0,0,0,0,0,0,0,0,305.122,0,0,0
"MtrElec",4,7,24,"",213.082,0,0,0,0,0,0,0,0,0,0,0,0,0,0,0,0,0,0,0,0,213.082,0,0,0
"MtrElec",4,8,1,"",169.311,0,0,0,0,0,0,0,0,0,0,0,0,0,0,0,0,0,0,0,0,169.311,0,0,0
"MtrElec",4,8,2,"",155.96,0,0,0,0,0,0,0,0,0,0,0,0,0,0,0,0,0,0,0,0,155.96,0,0,0
"MtrElec",4,8,3,"",194.806,0,0,0,0,0,0,0,0,0,0,0,0,0,0,0,0,0,0,0,0,194.806,0,0,0
"MtrElec",4,8,4,"",152.467,0,0,0,0,0,0,0,0,0,0,0,0,0,0,0,0,0,0,0,0,152.467,0,0,0
"MtrElec",4,8,5,"",152.077,0,0,0,0,0,0,0,0,0,0,0,0,0,0,0,0,0,0,0,0,152.077,0,0,0
"MtrElec",4,8,6,"",164.514,0,0,0,0,0,0,0,0,0,0,0,0,0,0,0,0,0,0,0,0,164.514,0,0,0
"MtrElec",4,8,7,"",255.158,0,0,0,0,0,0,0,0,0,0,0,0,0,0,0,0,0,0,0,0,257.675,0,0,-2.51707
"MtrElec",4,8,8,"",216.349,0,0,0,0,0,0,0,0,0,0,0,0,0,0,0,0,0,0,0,0,305.129,0,0,-88.7799
"MtrElec",4,8,9,"",148.698,0,0,0,0,0,0,0,0,0,0,0,0,0,0,0,0,0,0,0,0,430.066,0,0,-281.368
"MtrElec",4,8,10,"",-18.9086,0,0,0,0,0,0,0,0,0,0,0,0,0,0,0,0,0,0,0,0,447.649,0,0,-466.557
"MtrElec",4,8,11,"",0,0,0,0,0,0,0,0,0,0,0,0,0,0,0,0,0,0,0,0,0,482.483,0,111.221,-593.704
"MtrElec",4,8,12,"",-19.4062,0,0,0,0,0,0,0,0,0,0,0,0,0,0,0,0,0,0,0,0,415.8,0,223.222,-658.429
"MtrElec",4,8,13,"",0,0,0,0,0,0,0,0,0,0,0,0,0,0,0,0,0,0,0,0,0,476.031,0,212.106,-688.137
"MtrElec",4,8,14,"",-18.265,0,0,0,0,0,0,0,0,0,0,0,0,0,0,0,0,0,0,0,0,413.214,0,223.222,-654.701
"MtrElec",4,8,15,"",-241.118,0,0,0,0,0,0,0,0,0,0,0,0,0,0,0,0,0,0,0,0,364.795,0,29.1905,-635.104
"MtrElec",4,8,16,"",-125.216,0,0,0,0,0,0,0,0,0,0,0,0,0,0,0,0,0,0,0,0,425.719,0,0,-550.935
"MtrElec",4,8,17,"",38.9137,0,0,0,0,0,0,0,0,0,0,0,0,0,0,0,0,0,0,0,0,448.307,0,0,-409.394
"MtrElec",4,8,18,"",170.751,0,0,0,0,0,0,0,0,0,0,0,0,0,0,0,0,0,0,0,0,391.134,0,0,-220.383
"MtrElec",4,8,19,"",188.568,0,0,0,0,0,0,0,0,0,0,0,0,0,0,0,0,0,0,0,0,461.703,0,-223.222,-49.9135
"MtrElec",4,8,20,"",212.252,0,0,0,0,0,0,0,0,0,0,0,0,0,0,0,0,0,0,0,0,435.474,0,-223.222,0
"MtrElec",4,8,21,"",169.382,0,0,0,0,0,0,0,0,0,0,0,0,0,0,0,0,0,0,0,0,392.604,0,-223.222,0
"MtrElec",4,8,22,"",269.592,0,0,0,0,0,0,0,0,0,0,0,0,0,0,0,0,0,0,0,0,320.988,0,-51.3963,0
"MtrElec",4,8,23,"",283.153,0,0,0,0,0,0,0,0,0,0,0,0,0,0,0,0,0,0,0,0,283.153,0,0,0
"MtrElec",4,8,24,"",215.069,0,0,0,0,0,0,0,0,0,0,0,0,0,0,0,0,0,0,0,0,215.069,0,0,0
"MtrElec",4,9,1,"",158.56,0,0,0,0,0,0,0,0,0,0,0,0,0,0,0,0,0,0,0,0,158.56,0,0,0
"MtrElec",4,9,2,"",196.229,0,0,0,0,0,0,0,0,0,0,0,0,0,0,0,0,0,0,0,0,196.229,0,0,0
"MtrElec",4,9,3,"",147.584,0,0,0,0,0,0,0,0,0,0,0,0,0,0,0,0,0,0,0,0,147.584,0,0,0
"MtrElec",4,9,4,"",149.915,0,0,0,0,0,0,0,0,0,0,0,0,0,0,0,0,0,0,0,0,149.915,0,0,0
"MtrElec",4,9,5,"",146.685,0,0,0,0,0,0,0,0,0,0,0,0,0,0,0,0,0,0,0,0,146.685,0,0,0
"MtrElec",4,9,6,"",206.674,0,0,0,0,0,0,0,0,0,0,0,0,0,0,0,0,0,0,0,0,206.674,0,0,0
"MtrElec",4,9,7,"",202.015,0,0,0,0,0,0,0,0,0,0,0,0,0,0,0,0,0,0,0,0,204.516,0,0,-2.50193
"MtrElec",4,9,8,"",262.784,0,0,0,0,0,0,0,0,0,0,0,0,0,0,0,0,0,0,0,0,351.819,0,0,-89.0347
"MtrElec",4,9,9,"",88.6153,0,0,0,0,0,0,0,0,0,0,0,0,0,0,0,0,0,0,0,0,357.347,0,0,-268.731
"MtrElec",4,9,10,"",24.3914,0,0,0,0,0,0,0,0,0,0,0,0,0,0,0,0,0,0,0,0,463.863,0,0,-439.472
"MtrElec",4,9,11,"",0,0,0,0,0,0,0,0,0,0,0,0,0,0,0,0,0,0,0,0,0,472.257,0,74.8716,-547.129
"MtrElec",4,9,12,"",0,0,0,0,0,0,0,0,0,0,0,0,0,0,0,0,0,0,0,0,0,483.841,0,99.2006,-583.042
"MtrElec",4,9,13,"",0,0,0,0,0,0,0,0,0,0,0,0,0,0,0,0,0,0,0,0,0,524.576,0,134.875,-659.451
"MtrElec",4,9,14,"",0,0,0,0,0,0,0,0,0,0,0,0,0,0,0,0,0,0,0,0,0,468.876,0,185.145,-654.021
"MtrElec",4,9,15,"",0,0,0,0,0,0,0,0,0,0,0,0,0,0,0,0,0,0,0,0,0,506.478,0,115.346,-621.823
"MtrElec",4,9,16,"",0,0,0,0,0,0,0,0,0,0,0,0,0,0,0,0,0,0,0,0,0,471.571,0,55.0384,-526.61
"MtrElec",4,9,17,"",165.426,0,0,0,0,0,0,0,0,0,0,0,0,0,0,0,0,0,0,0,0,563.529,0,0,-398.102
"MtrElec",4,9,18,"",337.492,0,0,0,0,0,0,0,0,0,0,0,0,0,0,0,0,0,0,0,0,555.865,0,0,-218.373
"MtrElec",4,9,19,"",307.688,0,0,0,0,0,0,0,0,0,0,0,0,0,0,0,0,0,0,0,0,580.91,0,-223.222,-50.0002
"MtrElec",4,9,20,"",318.506,0,0,0,0,0,0,0,0,0,0,0,0,0,0,0,0,0,0,0,0,541.728,0,-223.222,0
"MtrElec",4,9,21,"",334.384,0,0,0,0,0,0,0,0,0,0,0,0,0,0,0,0,0,0,0,0,487.629,0,-153.245,0
"MtrElec",4,9,22,"",282.167,0,0,0,0,0,0,0,0,0,0,0,0,0,0,0,0,0,0,0,0,282.167,0,0,0
"MtrElec",4,9,23,"",311.089,0,0,0,0,0,0,0,0,0,0,0,0,0,0,0,0,0,0,0,0,311.089,0,0,0
"MtrElec",4,9,24,"",270.242,0,0,0,0,0,0,0,0,0,0,0,0,0,0,0,0,0,0,0,0,270.242,0,0,0
"MtrElec",4,10,1,"",197.847,0,0,0,0,0,0,0,0,0,0,0,0,0,0,0,0,0,0,0,0,197.847,0,0,0
"MtrElec",4,10,2,"",155.045,0,0,0,0,0,0,0,0,0,0,0,0,0,0,0,0,0,0,0,0,155.045,0,0,0
"MtrElec",4,10,3,"",151.33,0,0,0,0,0,0,0,0,0,0,0,0,0,0,0,0,0,0,0,0,151.33,0,0,0
"MtrElec",4,10,4,"",151.04,0,0,0,0,0,0,0,0,0,0,0,0,0,0,0,0,0,0,0,0,151.04,0,0,0
"MtrElec",4,10,5,"",148.31,0,0,0,0,0,0,0,0,0,0,0,0,0,0,0,0,0,0,0,0,148.31,0,0,0
"MtrElec",4,10,6,"",193.59,0,0,0,0,0,0,0,0,0,0,0,0,0,0,0,0,0,0,0,0,193.59,0,0,0
"MtrElec",4,10,7,"",262.761,0,0,0,0,0,0,0,0,0,0,0,0,0,0,0,0,0,0,0,0,265.838,0,0,-3.07641
"MtrElec",4,10,8,"",225.503,0,0,0,0,0,0,0,0,0,0,0,0,0,0,0,0,0,0,0,0,315.24,0,0,-89.7375
"MtrElec",4,10,9,"",225.753,0,0,0,0,0,0,0,0,0,0,0,0,0,0,0,0,0,0,0,0,473.639,0,0,-247.886
"MtrElec",4,10,10,"",102.875,0,0,0,0,0,0,0,0,0,0,0,0,0,0,0,0,0,0,0,0,516.444,0,0,-413.569
"MtrElec",4,10,11,"",0,0,0,0,0,0,0,0,0,0,0,0,0,0,0,0,0,0,0,0,0,551.528,0,4.47669,-556.005
"MtrElec",4,10,12,"",0,0,0,0,0,0,0,0,0,0,0,0,0,0,0,0,0,0,0,0,0,527.483,0,107.979,-635.461
"MtrElec",4,10,13,"",0.0000039,0,0,0,0,0,0,0,0,0,0,0,0,0,0,0,0,0,0,0,0,604.031,0,62.6691,-666.7
"MtrElec",4,10,14,"",0,0,0,0,0,0,0,0,0,0,0,0,0,0,0,0,0,0,0,0,0,485.462,0,187.377,-672.839
"MtrElec",4,10,15,"",0,0,0,0,0,0,0,0,0,0,0,0,0,0,0,0,0,0,0,0,0,521.866,0,114.628,-636.495
"MtrElec",4,10,16,"",0.0000010,0,0,0,0,0,0,0,0,0,0,0,0,0,0,0,0,0,0,0,0,523.371,0,15.0871,-538.458
"MtrElec",4,10,17,"",138.6,0,0,0,0,0,0,0,0,0,0,0,0,0,0,0,0,0,0,0,0,539.094,0,0,-400.494
"MtrElec",4,10,18,"",347.087,0,0,0,0,0,0,0,0,0,0,0,0,0,0,0,0,0,0,0,0,565.398,0,0,-218.311
"MtrElec",4,10,19,"",265.072,0,0,0,0,0,0,0,0,0,0,0,0,0,0,0,0,0,0,0,0,538.661,0,-223.222,-50.3669
"MtrElec",4,10,20,"",284.328,0,0,0,0,0,0,0,0,0,0,0,0,0,0,0,0,0,0,0,0,505.331,0,-221.003,0
"MtrElec",4,10,21,"",496.558,0,0,0,0,0,0,0,0,0,0,0,0,0,0,0,0,0,0,0,0,496.558,0,0,0
"MtrElec",4,10,22,"",285.513,0,0,0,0,0,0,0,0,0,0,0,0,0,0,0,0,0,0,0,0,285.513,0,0,0
"MtrElec",4,10,23,"",285.168,0,0,0,0,0,0,0,0,0,0,0,0,0,0,0,0,0,0,0,0,285.168,0,0,0
"MtrElec",4,10,24,"",205.023,0,0,0,0,0,0,0,0,0,0,0,0,0,0,0,0,0,0,0,0,205.023,0,0,0
"MtrElec",4,11,1,"",164.605,0,0,0,0,0,0,0,0,0,0,0,0,0,0,0,0,0,0,0,0,164.605,0,0,0
"MtrElec",4,11,2,"",156.83,0,0,0,0,0,0,0,0,0,0,0,0,0,0,0,0,0,0,0,0,156.83,0,0,0
"MtrElec",4,11,3,"",194.094,0,0,0,0,0,0,0,0,0,0,0,0,0,0,0,0,0,0,0,0,194.094,0,0,0
"MtrElec",4,11,4,"",155.323,0,0,0,0,0,0,0,0,0,0,0,0,0,0,0,0,0,0,0,0,155.323,0,0,0
"MtrElec",4,11,5,"",164.055,0,0,0,0,0,0,0,0,0,0,0,0,0,0,0,0,0,0,0,0,164.055,0,0,0
"MtrElec",4,11,6,"",153.745,0,0,0,0,0,0,0,0,0,0,0,0,0,0,0,0,0,0,0,0,153.745,0,0,0
"MtrElec",4,11,7,"",184.402,0,0,0,0,0,0,0,0,0,0,0,0,0,0,0,0,0,0,0,0,186.899,0,0,-2.49728
"MtrElec",4,11,8,"",205.772,0,0,0,0,0,0,0,0,0,0,0,0,0,0,0,0,0,0,0,0,296.072,0,0,-90.2996
"MtrElec",4,11,9,"",80.3906,0,0,0,0,0,0,0,0,0,0,0,0,0,0,0,0,0,0,0,0,357.637,0,0,-277.246
"MtrElec",4,11,10,"",25.4544,0,0,0,0,0,0,0,0,0,0,0,0,0,0,0,0,0,0,0,0,479.204,0,0,-453.75
"MtrElec",4,11,11,"",0,0,0,0,0,0,0,0,0,0,0,0,0,0,0,0,0,0,0,0,0,494.412,0,83.402,-577.814
"MtrElec",4,11,12,"",0.0000156,0,0,0,0,0,0,0,0,0,0,0,0,0,0,0,0,0,0,0,0,516.868,0,144.708,-661.575
"MtrElec",4,11,13,"",0,0,0,0,0,0,0,0,0,0,0,0,0,0,0,0,0,0,0,0,0,505.092,0,196.934,-702.026
"MtrElec",4,11,14,"",0,0,0,0,0,0,0,0,0,0,0,0,0,0,0,0,0,0,0,0,0,478.918,0,210.314,-689.232
"MtrElec",4,11,15,"",0,0,0,0,0,0,0,0,0,0,0,0,0,0,0,0,0,0,0,0,0,530.349,0,104.1,-634.449
"MtrElec",4,11,16,"",0,0,0,0,0,0,0,0,0,0,0,0,0,0,0,0,0,0,0,0,0,496.787,0,53.5088,-550.296
"MtrElec",4,11,17,"",102.689,0,0,0,0,0,0,0,0,0,0,0,0,0,0,0,0,0,0,0,0,512.681,0,0,-409.992
"MtrElec",4,11,18,"",289.746,0,0,0,0,0,0,0,0,0,0,0,0,0,0,0,0,0,0,0,0,517.646,0,0,-227.899
"MtrElec",4,11,19,"",207.95,0,0,0,0,0,0,0,0,0,0,0,0,0,0,0,0,0,0,0,0,484.036,0,-223.222,-52.8635
"MtrElec",4,11,20,"",243.292,0,0,0,0,0,0,0,0,0,0,0,0,0,0,0,0,0,0,0,0,466.515,0,-223.222,0
"MtrElec",4,11,21,"",163.069,0,0,0,0,0,0,0,0,0,0,0,0,0,0,0,0,0,0,0,0,386.292,0,-223.222,0
"MtrElec",4,11,22,"",280.486,0,0,0,0,0,0,0,0,0,0,0,0,0,0,0,0,0,0,0,0,326.471,0,-45.9854,0
"MtrElec",4,11,23,"",245.785,0,0,0,0,0,0,0,0,0,0,0,0,0,0,0,0,0,0,0,0,245.785,0,0,0
"MtrElec",4,11,24,"",211.343,0,0,0,0,0,0,0,0,0,0,0,0,0,0,0,0,0,0,0,0,211.343,0,0,0
"MtrElec",4,12,1,"",170.75,0,0,0,0,0,0,0,0,0,0,0,0,0,0,0,0,0,0,0,0,170.75,0,0,0
"MtrElec",4,12,2,"",152.913,0,0,0,0,0,0,0,0,0,0,0,0,0,0,0,0,0,0,0,0,152.913,0,0,0
"MtrElec",4,12,3,"",153.364,0,0,0,0,0,0,0,0,0,0,0,0,0,0,0,0,0,0,0,0,153.364,0,0,0
"MtrElec",4,12,4,"",165.77,0,0,0,0,0,0,0,0,0,0,0,0,0,0,0,0,0,0,0,0,165.77,0,0,0
"MtrElec",4,12,5,"",203.704,0,0,0,0,0,0,0,0,0,0,0,0,0,0,0,0,0,0,0,0,203.704,0,0,0
"MtrElec",4,12,6,"",157.629,0,0,0,0,0,0,0,0,0,0,0,0,0,0,0,0,0,0,0,0,157.629,0,0,0
"MtrElec",4,12,7,"",157.809,0,0,0,0,0,0,0,0,0,0,0,0,0,0,0,0,0,0,0,0,161.866,0,0,-4.0577
"MtrElec",4,12,8,"",138.446,0,0,0,0,0,0,0,0,0,0,0,0,0,0,0,0,0,0,0,0,233.465,0,0,-95.0198
"MtrElec",4,12,9,"",32.1265,0,0,0,0,0,0,0,0,0,0,0,0,0,0,0,0,0,0,0,0,317.698,0,0,-285.571
"MtrElec",4,12,10,"",-122.701,0,0,0,0,0,0,0,0,0,0,0,0,0,0,0,0,0,0,0,0,351.614,0,0,-474.315
"MtrElec",4,12,11,"",0.0000156,0,0,0,0,0,0,0,0,0,0,0,0,0,0,0,0,0,0,0,0,405.587,0,213.866,-619.454
"MtrElec",4,12,12,"",-127.321,0,0,0,0,0,0,0,0,0,0,0,0,0,0,0,0,0,0,0,0,368.576,0,223.222,-719.12
"MtrElec",4,12,13,"",-112.159,0,0,0,0,0,0,0,0,0,0,0,0,0,0,0,0,0,0,0,0,427.872,0,223.222,-763.254
"MtrElec",4,12,14,"",-234.211,0,0,0,0,0,0,0,0,0,0,0,0,0,0,0,0,0,0,0,0,371.848,0,138.651,-744.71
"MtrElec",4,12,15,"",-347.41,0,0,0,0,0,0,0,0,0,0,0,0,0,0,0,0,0,0,0,0,338.751,0,0,-686.161
"MtrElec",4,12,16,"",-218.877,0,0,0,0,0,0,0,0,0,0,0,0,0,0,0,0,0,0,0,0,352.068,0,0,-570.945
"MtrElec",4,12,17,"",-47.459,0,0,0,0,0,0,0,0,0,0,0,0,0,0,0,0,0,0,0,0,367.429,0,0,-414.888
"MtrElec",4,12,18,"",153.766,0,0,0,0,0,0,0,0,0,0,0,0,0,0,0,0,0,0,0,0,370.982,0,0,-217.215
"MtrElec",4,12,19,"",98.6118,0,0,0,0,0,0,0,0,0,0,0,0,0,0,0,0,0,0,0,0,378.533,0,-223.222,-56.6985
"MtrElec",4,12,20,"",119.708,0,0,0,0,0,0,0,0,0,0,0,0,0,0,0,0,0,0,0,0,342.93,0,-223.222,0
"MtrElec",4,12,21,"",84.2046,0,0,0,0,0,0,0,0,0,0,0,0,0,0,0,0,0,0,0,0,307.427,0,-223.222,0
"MtrElec",4,12,22,"",199.252,0,0,0,0,0,0,0,0,0,0,0,0,0,0,0,0,0,0,0,0,250.648,0,-51.3963,0
"MtrElec",4,12,23,"",246.758,0,0,0,0,0,0,0,0,0,0,0,0,0,0,0,0,0,0,0,0,246.758,0,0,0
"MtrElec",4,12,24,"",255.642,0,0,0,0,0,0,0,0,0,0,0,0,0,0,0,0,0,0,0,0,255.642,0,0,0
"MtrElec",4,13,1,"",177.85,0,0,0,0,0,0,0,0,0,0,0,0,0,0,0,0,0,0,0,0,177.85,0,0,0
"MtrElec",4,13,2,"",153.689,0,0,0,0,0,0,0,0,0,0,0,0,0,0,0,0,0,0,0,0,153.689,0,0,0
"MtrElec",4,13,3,"",149.954,0,0,0,0,0,0,0,0,0,0,0,0,0,0,0,0,0,0,0,0,149.954,0,0,0
"MtrElec",4,13,4,"",153.511,0,0,0,0,0,0,0,0,0,0,0,0,0,0,0,0,0,0,0,0,153.511,0,0,0
"MtrElec",4,13,5,"",146.095,0,0,0,0,0,0,0,0,0,0,0,0,0,0,0,0,0,0,0,0,146.095,0,0,0
"MtrElec",4,13,6,"",196.593,0,0,0,0,0,0,0,0,0,0,0,0,0,0,0,0,0,0,0,0,196.593,0,0,0
"MtrElec",4,13,7,"",244.005,0,0,0,0,0,0,0,0,0,0,0,0,0,0,0,0,0,0,0,0,250.353,0,0,-6.34814
"MtrElec",4,13,8,"",274.604,0,0,0,0,0,0,0,0,0,0,0,0,0,0,0,0,0,0,0,0,373.111,0,0,-98.5064
"MtrElec",4,13,9,"",122.464,0,0,0,0,0,0,0,0,0,0,0,0,0,0,0,0,0,0,0,0,402.933,0,0,-280.469
"MtrElec",4,13,10,"",-45.7874,0,0,0,0,0,0,0,0,0,0,0,0,0,0,0,0,0,0,0,0,406.686,0,0,-452.474
"MtrElec",4,13,11,"",0,0,0,0,0,0,0,0,0,0,0,0,0,0,0,0,0,0,0,0,0,425.562,0,166.601,-592.163
"MtrElec",4,13,12,"",-59.3401,0,0,0,0,0,0,0,0,0,0,0,0,0,0,0,0,0,0,0,0,394.082,0,223.222,-676.644
"MtrElec",4,13,13,"",-78.1934,0,0,0,0,0,0,0,0,0,0,0,0,0,0,0,0,0,0,0,0,398.579,0,223.222,-699.995
"MtrElec",4,13,14,"",-124.809,0,0,0,0,0,0,0,0,0,0,0,0,0,0,0,0,0,0,0,0,401.145,0,185.916,-711.87
"MtrElec",4,13,15,"",-265.463,0,0,0,0,0,0,0,0,0,0,0,0,0,0,0,0,0,0,0,0,398.446,0,0,-663.908
"MtrElec",4,13,16,"",-188.212,0,0,0,0,0,0,0,0,0,0,0,0,0,0,0,0,0,0,0,0,367.989,0,0,-556.201
"MtrElec",4,13,17,"",33.3281,0,0,0,0,0,0,0,0,0,0,0,0,0,0,0,0,0,0,0,0,443.124,0,0,-409.796
"MtrElec",4,13,18,"",189.9,0,0,0,0,0,0,0,0,0,0,0,0,0,0,0,0,0,0,0,0,414.336,0,0,-224.436
"MtrElec",4,13,19,"",153.616,0,0,0,0,0,0,0,0,0,0,0,0,0,0,0,0,0,0,0,0,431.799,0,-223.222,-54.9609
"MtrElec",4,13,20,"",263.54,0,0,0,0,0,0,0,0,0,0,0,0,0,0,0,0,0,0,0,0,486.762,0,-223.222,0
"MtrElec",4,13,21,"",243.009,0,0,0,0,0,0,0,0,0,0,0,0,0,0,0,0,0,0,0,0,466.231,0,-223.222,0
"MtrElec",4,13,22,"",204.613,0,0,0,0,0,0,0,0,0,0,0,0,0,0,0,0,0,0,0,0,256.009,0,-51.3963,0
"MtrElec",4,13,23,"",263.585,0,0,0,0,0,0,0,0,0,0,0,0,0,0,0,0,0,0,0,0,263.585,0,0,0
"MtrElec",4,13,24,"",214.929,0,0,0,0,0,0,0,0,0,0,0,0,0,0,0,0,0,0,0,0,214.929,0,0,0
"MtrElec",4,14,1,"",168.407,0,0,0,0,0,0,0,0,0,0,0,0,0,0,0,0,0,0,0,0,168.407,0,0,0
"MtrElec",4,14,2,"",155.099,0,0,0,0,0,0,0,0,0,0,0,0,0,0,0,0,0,0,0,0,155.099,0,0,0
"MtrElec",4,14,3,"",154.381,0,0,0,0,0,0,0,0,0,0,0,0,0,0,0,0,0,0,0,0,154.381,0,0,0
"MtrElec",4,14,4,"",155.948,0,0,0,0,0,0,0,0,0,0,0,0,0,0,0,0,0,0,0,0,155.948,0,0,0
"MtrElec",4,14,5,"",156.494,0,0,0,0,0,0,0,0,0,0,0,0,0,0,0,0,0,0,0,0,156.494,0,0,0
"MtrElec",4,14,6,"",194.19,0,0,0,0,0,0,0,0,0,0,0,0,0,0,0,0,0,0,0,0,194.19,0,0,0
"MtrElec",4,14,7,"",264.035,0,0,0,0,0,0,0,0,0,0,0,0,0,0,0,0,0,0,0,0,271.486,0,0,-7.45146
"MtrElec",4,14,8,"",262.28,0,0,0,0,0,0,0,0,0,0,0,0,0,0,0,0,0,0,0,0,362.96,0,0,-100.68
"MtrElec",4,14,9,"",106.508,0,0,0,0,0,0,0,0,0,0,0,0,0,0,0,0,0,0,0,0,394.228,0,0,-287.72
"MtrElec",4,14,10,"",23.1372,0,0,0,0,0,0,0,0,0,0,0,0,0,0,0,0,0,0,0,0,475.932,0,0,-452.795
"MtrElec",4,14,11,"",0,0,0,0,0,0,0,0,0,0,0,0,0,0,0,0,0,0,0,0,0,533.457,0,41.8225,-575.28
"MtrElec",4,14,12,"",0,0,0,0,0,0,0,0,0,0,0,0,0,0,0,0,0,0,0,0,0,507.962,0,144.265,-652.227
"MtrElec",4,14,13,"",-0.284453,0,0,0,0,0,0,0,0,0,0,0,0,0,0,0,0,0,0,0,0,479.836,0,223.222,-703.342
"MtrElec",4,14,14,"",-32.8009,0,0,0,0,0,0,0,0,0,0,0,0,0,0,0,0,0,0,0,0,456.817,0,223.222,-712.841
"MtrElec",4,14,15,"",-70.108,0,0,0,0,0,0,0,0,0,0,0,0,0,0,0,0,0,0,0,0,424.528,0,166.43,-661.066
"MtrElec",4,14,16,"",-65.478,0,0,0,0,0,0,0,0,0,0,0,0,0,0,0,0,0,0,0,0,485.483,0,0,-550.961
"MtrElec",4,14,17,"",130.465,0,0,0,0,0,0,0,0,0,0,0,0,0,0,0,0,0,0,0,0,542.97,0,0,-412.506
"MtrElec",4,14,18,"",265.46,0,0,0,0,0,0,0,0,0,0,0,0,0,0,0,0,0,0,0,0,497.077,0,0,-231.617
"MtrElec",4,14,19,"",214.847,0,0,0,0,0,0,0,0,0,0,0,0,0,0,0,0,0,0,0,0,493.382,0,-223.222,-55.3126
"MtrElec",4,14,20,"",302.844,0,0,0,0,0,0,0,0,0,0,0,0,0,0,0,0,0,0,0,0,526.067,0,-223.222,0
"MtrElec",4,14,21,"",281.645,0,0,0,0,0,0,0,0,0,0,0,0,0,0,0,0,0,0,0,0,504.867,0,-223.222,0
"MtrElec",4,14,22,"",266.574,0,0,0,0,0,0,0,0,0,0,0,0,0,0,0,0,0,0,0,0,317.97,0,-51.3963,0
"MtrElec",4,14,23,"",254.85,0,0,0,0,0,0,0,0,0,0,0,0,0,0,0,0,0,0,0,0,254.85,0,0,0
"MtrElec",4,14,24,"",197.613,0,0,0,0,0,0,0,0,0,0,0,0,0,0,0,0,0,0,0,0,197.613,0,0,0
"MtrElec",4,15,1,"",174.85,0,0,0,0,0,0,0,0,0,0,0,0,0,0,0,0,0,0,0,0,174.85,0,0,0
"MtrElec",4,15,2,"",174.94,0,0,0,0,0,0,0,0,0,0,0,0,0,0,0,0,0,0,0,0,174.94,0,0,0
"MtrElec",4,15,3,"",170.557,0,0,0,0,0,0,0,0,0,0,0,0,0,0,0,0,0,0,0,0,170.557,0,0,0
"MtrElec",4,15,4,"",157.359,0,0,0,0,0,0,0,0,0,0,0,0,0,0,0,0,0,0,0,0,157.359,0,0,0
"MtrElec",4,15,5,"",147.883,0,0,0,0,0,0,0,0,0,0,0,0,0,0,0,0,0,0,0,0,147.883,0,0,0
"MtrElec",4,15,6,"",185.027,0,0,0,0,0,0,0,0,0,0,0,0,0,0,0,0,0,0,0,0,185.027,0,0,0
"MtrElec",4,15,7,"",259.462,0,0,0,0,0,0,0,0,0,0,0,0,0,0,0,0,0,0,0,0,269.051,0,0,-9.58874
"MtrElec",4,15,8,"",239.692,0,0,0,0,0,0,0,0,0,0,0,0,0,0,0,0,0,0,0,0,343.261,0,0,-103.569
"MtrElec",4,15,9,"",83.595,0,0,0,0,0,0,0,0,0,0,0,0,0,0,0,0,0,0,0,0,344.984,0,0,-261.389
"MtrElec",4,15,10,"",53.6892,0,0,0,0,0,0,0,0,0,0,0,0,0,0,0,0,0,0,0,0,493.327,0,0,-439.638
"MtrElec",4,15,11,"",0,0,0,0,0,0,0,0,0,0,0,0,0,0,0,0,0,0,0,0,0,457.67,0,80.4897,-538.16
"MtrElec",4,15,12,"",0,0,0,0,0,0,0,0,0,0,0,0,0,0,0,0,0,0,0,0,0,452.579,0,68.3994,-520.979
"MtrElec",4,15,13,"",0,0,0,0,0,0,0,0,0,0,0,0,0,0,0,0,0,0,0,0,0,504.379,0,72.6206,-577
"MtrElec",4,15,14,"",0.0000078,0,0,0,0,0,0,0,0,0,0,0,0,0,0,0,0,0,0,0,0,425.559,0,101.638,-527.196
"MtrElec",4,15,15,"",0,0,0,0,0,0,0,0,0,0,0,0,0,0,0,0,0,0,0,0,0,446.994,0,34.5493,-481.543
"MtrElec",4,15,16,"",148.735,0,0,0,0,0,0,0,0,0,0,0,0,0,0,0,0,0,0,0,0,453.699,0,0,-304.964
"MtrElec",4,15,17,"",245.717,0,0,0,0,0,0,0,0,0,0,0,0,0,0,0,0,0,0,0,0,428.07,0,0,-182.353
"MtrElec",4,15,18,"",308.532,0,0,0,0,0,0,0,0,0,0,0,0,0,0,0,0,0,0,0,0,450.791,0,0,-142.259
"MtrElec",4,15,19,"",164.922,0,0,0,0,0,0,0,0,0,0,0,0,0,0,0,0,0,0,0,0,430.731,0,-223.222,-42.5875
"MtrElec",4,15,20,"",337.885,0,0,0,0,0,0,0,0,0,0,0,0,0,0,0,0,0,0,0,0,437.484,0,-99.599,0
"MtrElec",4,15,21,"",373.783,0,0,0,0,0,0,0,0,0,0,0,0,0,0,0,0,0,0,0,0,373.783,0,0,0
"MtrElec",4,15,22,"",302.27,0,0,0,0,0,0,0,0,0,0,0,0,0,0,0,0,0,0,0,0,302.27,0,0,0
"MtrElec",4,15,23,"",296.405,0,0,0,0,0,0,0,0,0,0,0,0,0,0,0,0,0,0,0,0,296.405,0,0,0
"MtrElec",4,15,24,"",228.073,0,0,0,0,0,0,0,0,0,0,0,0,0,0,0,0,0,0,0,0,228.073,0,0,0
"MtrElec",4,16,1,"",173.931,0,0,0,0,0,0,0,0,0,0,0,0,0,0,0,0,0,0,0,0,173.931,0,0,0
"MtrElec",4,16,2,"",153.926,0,0,0,0,0,0,0,0,0,0,0,0,0,0,0,0,0,0,0,0,153.926,0,0,0
"MtrElec",4,16,3,"",194.676,0,0,0,0,0,0,0,0,0,0,0,0,0,0,0,0,0,0,0,0,194.676,0,0,0
"MtrElec",4,16,4,"",156.886,0,0,0,0,0,0,0,0,0,0,0,0,0,0,0,0,0,0,0,0,156.886,0,0,0
"MtrElec",4,16,5,"",149.431,0,0,0,0,0,0,0,0,0,0,0,0,0,0,0,0,0,0,0,0,149.431,0,0,0
"MtrElec",4,16,6,"",154.472,0,0,0,0,0,0,0,0,0,0,0,0,0,0,0,0,0,0,0,0,154.472,0,0,0
"MtrElec",4,16,7,"",248.691,0,0,0,0,0,0,0,0,0,0,0,0,0,0,0,0,0,0,0,0,257.698,0,0,-9.00697
"MtrElec",4,16,8,"",179.113,0,0,0,0,0,0,0,0,0,0,0,0,0,0,0,0,0,0,0,0,280.843,0,0,-101.73
"MtrElec",4,16,9,"",61.8906,0,0,0,0,0,0,0,0,0,0,0,0,0,0,0,0,0,0,0,0,353.402,0,0,-291.512
"MtrElec",4,16,10,"",-6.99106,0,0,0,0,0,0,0,0,0,0,0,0,0,0,0,0,0,0,0,0,450.911,0,0,-457.902
"MtrElec",4,16,11,"",0,0,0,0,0,0,0,0,0,0,0,0,0,0,0,0,0,0,0,0,0,462.826,0,125.601,-588.427
"MtrElec",4,16,12,"",-16.2234,0,0,0,0,0,0,0,0,0,0,0,0,0,0,0,0,0,0,0,0,434.843,0,223.222,-674.289
"MtrElec",4,16,13,"",-100.946,0,0,0,0,0,0,0,0,0,0,0,0,0,0,0,0,0,0,0,0,406.594,0,223.222,-730.762
"MtrElec",4,16,14,"",-143.046,0,0,0,0,0,0,0,0,0,0,0,0,0,0,0,0,0,0,0,0,373.418,0,223.222,-739.686
"MtrElec",4,16,15,"",-271.24,0,0,0,0,0,0,0,0,0,0,0,0,0,0,0,0,0,0,0,0,408.385,0,3.69412,-683.32
"MtrElec",4,16,16,"",-196.62,0,0,0,0,0,0,0,0,0,0,0,0,0,0,0,0,0,0,0,0,381.607,0,0,-578.227
"MtrElec",4,16,17,"",-65.0011,0,0,0,0,0,0,0,0,0,0,0,0,0,0,0,0,0,0,0,0,362.53,0,0,-427.531
"MtrElec",4,16,18,"",187.958,0,0,0,0,0,0,0,0,0,0,0,0,0,0,0,0,0,0,0,0,425.668,0,0,-237.71
"MtrElec",4,16,19,"",152.632,0,0,0,0,0,0,0,0,0,0,0,0,0,0,0,0,0,0,0,0,432.581,0,-223.222,-56.7262
"MtrElec",4,16,20,"",198.559,0,0,0,0,0,0,0,0,0,0,0,0,0,0,0,0,0,0,0,0,421.781,0,-223.222,0
"MtrElec",4,16,21,"",154.624,0,0,0,0,0,0,0,0,0,0,0,0,0,0,0,0,0,0,0,0,377.847,0,-223.222,0
"MtrElec",4,16,22,"",218.449,0,0,0,0,0,0,0,0,0,0,0,0,0,0,0,0,0,0,0,0,269.846,0,-51.3963,0
"MtrElec",4,16,23,"",285.457,0,0,0,0,0,0,0,0,0,0,0,0,0,0,0,0,0,0,0,0,285.457,0,0,0
"MtrElec",4,16,24,"",254.505,0,0,0,0,0,0,0,0,0,0,0,0,0,0,0,0,0,0,0,0,254.505,0,0,0
"MtrElec",4,17,1,"",171.754,0,0,0,0,0,0,0,0,0,0,0,0,0,0,0,0,0,0,0,0,171.754,0,0,0
"MtrElec",4,17,2,"",154.352,0,0,0,0,0,0,0,0,0,0,0,0,0,0,0,0,0,0,0,0,154.352,0,0,0
"MtrElec",4,17,3,"",148.527,0,0,0,0,0,0,0,0,0,0,0,0,0,0,0,0,0,0,0,0,148.527,0,0,0
"MtrElec",4,17,4,"",149.415,0,0,0,0,0,0,0,0,0,0,0,0,0,0,0,0,0,0,0,0,149.415,0,0,0
"MtrElec",4,17,5,"",149.776,0,0,0,0,0,0,0,0,0,0,0,0,0,0,0,0,0,0,0,0,149.776,0,0,0
"MtrElec",4,17,6,"",213.894,0,0,0,0,0,0,0,0,0,0,0,0,0,0,0,0,0,0,0,0,213.894,0,0,0
"MtrElec",4,17,7,"",256.131,0,0,0,0,0,0,0,0,0,0,0,0,0,0,0,0,0,0,0,0,265.437,0,0,-9.30606
"MtrElec",4,17,8,"",199,0,0,0,0,0,0,0,0,0,0,0,0,0,0,0,0,0,0,0,0,308.107,0,0,-109.107
"MtrElec",4,17,9,"",125.906,0,0,0,0,0,0,0,0,0,0,0,0,0,0,0,0,0,0,0,0,434.335,0,0,-308.429
"MtrElec",4,17,10,"",-83.6993,0,0,0,0,0,0,0,0,0,0,0,0,0,0,0,0,0,0,0,0,407.901,0,0,-491.6
"MtrElec",4,17,11,"",-9.04295,0,0,0,0,0,0,0,0,0,0,0,0,0,0,0,0,0,0,0,0,383.951,0,223.222,-616.216
"MtrElec",4,17,12,"",-66.526,0,0,0,0,0,0,0,0,0,0,0,0,0,0,0,0,0,0,0,0,387.5,0,223.222,-677.248
"MtrElec",4,17,13,"",-47.8395,0,0,0,0,0,0,0,0,0,0,0,0,0,0,0,0,0,0,0,0,456.582,0,223.222,-727.644
"MtrElec",4,17,14,"",-271.409,0,0,0,0,0,0,0,0,0,0,0,0,0,0,0,0,0,0,0,0,329.975,0,129.295,-730.678
"MtrElec",4,17,15,"",-288.552,0,0,0,0,0,0,0,0,0,0,0,0,0,0,0,0,0,0,0,0,377.048,0,0,-665.6
"MtrElec",4,17,16,"",-206.363,0,0,0,0,0,0,0,0,0,0,0,0,0,0,0,0,0,0,0,0,362.461,0,0,-568.824
"MtrElec",4,17,17,"",-27.1136,0,0,0,0,0,0,0,0,0,0,0,0,0,0,0,0,0,0,0,0,400.206,0,0,-427.32
"MtrElec",4,17,18,"",196.099,0,0,0,0,0,0,0,0,0,0,0,0,0,0,0,0,0,0,0,0,431.987,0,0,-235.889
"MtrElec",4,17,19,"",142.257,0,0,0,0,0,0,0,0,0,0,0,0,0,0,0,0,0,0,0,0,421.317,0,-223.222,-55.8377
"MtrElec",4,17,20,"",191.98,0,0,0,0,0,0,0,0,0,0,0,0,0,0,0,0,0,0,0,0,415.203,0,-223.222,0
"MtrElec",4,17,21,"",176.977,0,0,0,0,0,0,0,0,0,0,0,0,0,0,0,0,0,0,0,0,400.2,0,-223.222,0
"MtrElec",4,17,22,"",225.46,0,0,0,0,0,0,0,0,0,0,0,0,0,0,0,0,0,0,0,0,276.856,0,-51.3963,0
"MtrElec",4,17,23,"",286.909,0,0,0,0,0,0,0,0,0,0,0,0,0,0,0,0,0,0,0,0,286.909,0,0,0
"MtrElec",4,17,24,"",190.168,0,0,0,0,0,0,0,0,0,0,0,0,0,0,0,0,0,0,0,0,190.168,0,0,0
"MtrElec",4,18,1,"",167.213,0,0,0,0,0,0,0,0,0,0,0,0,0,0,0,0,0,0,0,0,167.213,0,0,0
"MtrElec",4,18,2,"",154.722,0,0,0,0,0,0,0,0,0,0,0,0,0,0,0,0,0,0,0,0,154.722,0,0,0
"MtrElec",4,18,3,"",195.565,0,0,0,0,0,0,0,0,0,0,0,0,0,0,0,0,0,0,0,0,195.565,0,0,0
"MtrElec",4,18,4,"",153.96,0,0,0,0,0,0,0,0,0,0,0,0,0,0,0,0,0,0,0,0,153.96,0,0,0
"MtrElec",4,18,5,"",168.881,0,0,0,0,0,0,0,0,0,0,0,0,0,0,0,0,0,0,0,0,168.881,0,0,0
"MtrElec",4,18,6,"",154.007,0,0,0,0,0,0,0,0,0,0,0,0,0,0,0,0,0,0,0,0,154.007,0,0,0
"MtrElec",4,18,7,"",216.886,0,0,0,0,0,0,0,0,0,0,0,0,0,0,0,0,0,0,0,0,227.54,0,0,-10.6547
"MtrElec",4,18,8,"",138.376,0,0,0,0,0,0,0,0,0,0,0,0,0,0,0,0,0,0,0,0,246.739,0,0,-108.364
"MtrElec",4,18,9,"",-14.2353,0,0,0,0,0,0,0,0,0,0,0,0,0,0,0,0,0,0,0,0,280.669,0,0,-294.905
"MtrElec",4,18,10,"",-40.9279,0,0,0,0,0,0,0,0,0,0,0,0,0,0,0,0,0,0,0,0,424.248,0,0,-465.176
"MtrElec",4,18,11,"",0.0000078,0,0,0,0,0,0,0,0,0,0,0,0,0,0,0,0,0,0,0,0,479.047,0,112.137,-591.185
"MtrElec",4,18,12,"",0,0,0,0,0,0,0,0,0,0,0,0,0,0,0,0,0,0,0,0,0,559.304,0,110.233,-669.538
"MtrElec",4,18,13,"",0,0,0,0,0,0,0,0,0,0,0,0,0,0,0,0,0,0,0,0,0,550.163,0,165.397,-715.56
"MtrElec",4,18,14,"",-59.2591,0,0,0,0,0,0,0,0,0,0,0,0,0,0,0,0,0,0,0,0,421.669,0,223.222,-704.15
"MtrElec",4,18,15,"",-23.4255,0,0,0,0,0,0,0,0,0,0,0,0,0,0,0,0,0,0,0,0,451.368,0,187.972,-662.766
"MtrElec",4,18,16,"",-144.962,0,0,0,0,0,0,0,0,0,0,0,0,0,0,0,0,0,0,0,0,421.478,0,0,-566.44
"MtrElec",4,18,17,"",23.5688,0,0,0,0,0,0,0,0,0,0,0,0,0,0,0,0,0,0,0,0,438.822,0,0,-415.253
"MtrElec",4,18,18,"",237.028,0,0,0,0,0,0,0,0,0,0,0,0,0,0,0,0,0,0,0,0,465.699,0,0,-228.671
"MtrElec",4,18,19,"",227.096,0,0,0,0,0,0,0,0,0,0,0,0,0,0,0,0,0,0,0,0,509.153,0,-223.222,-58.8342
"MtrElec",4,18,20,"",195.577,0,0,0,0,0,0,0,0,0,0,0,0,0,0,0,0,0,0,0,0,418.799,0,-223.222,0
"MtrElec",4,18,21,"",171.085,0,0,0,0,0,0,0,0,0,0,0,0,0,0,0,0,0,0,0,0,394.307,0,-223.222,0
"MtrElec",4,18,22,"",318.756,0,0,0,0,0,0,0,0,0,0,0,0,0,0,0,0,0,0,0,0,370.152,0,-51.3963,0
"MtrElec",4,18,23,"",256.672,0,0,0,0,0,0,0,0,0,0,0,0,0,0,0,0,0,0,0,0,256.672,0,0,0
"MtrElec",4,18,24,"",197.302,0,0,0,0,0,0,0,0,0,0,0,0,0,0,0,0,0,0,0,0,197.302,0,0,0
"MtrElec",4,19,1,"",165.464,0,0,0,0,0,0,0,0,0,0,0,0,0,0,0,0,0,0,0,0,165.464,0,0,0
"MtrElec",4,19,2,"",196.453,0,0,0,0,0,0,0,0,0,0,0,0,0,0,0,0,0,0,0,0,196.453,0,0,0
"MtrElec",4,19,3,"",153.257,0,0,0,0,0,0,0,0,0,0,0,0,0,0,0,0,0,0,0,0,153.257,0,0,0
"MtrElec",4,19,4,"",154.603,0,0,0,0,0,0,0,0,0,0,0,0,0,0,0,0,0,0,0,0,154.603,0,0,0
"MtrElec",4,19,5,"",155.858,0,0,0,0,0,0,0,0,0,0,0,0,0,0,0,0,0,0,0,0,155.858,0,0,0
"MtrElec",4,19,6,"",149.24,0,0,0,0,0,0,0,0,0,0,0,0,0,0,0,0,0,0,0,0,149.24,0,0,0
"MtrElec",4,19,7,"",195.256,0,0,0,0,0,0,0,0,0,0,0,0,0,0,0,0,0,0,0,0,208.107,0,0,-12.8504
"MtrElec",4,19,8,"",121.513,0,0,0,0,0,0,0,0,0,0,0,0,0,0,0,0,0,0,0,0,232.243,0,0,-110.73
"MtrElec",4,19,9,"",15.4441,0,0,0,0,0,0,0,0,0,0,0,0,0,0,0,0,0,0,0,0,252.703,0,0,-237.259
"MtrElec",4,19,10,"",38.8695,0,0,0,0,0,0,0,0,0,0,0,0,0,0,0,0,0,0,0,0,356.681,0,0,-317.812
"MtrElec",4,19,11,"",58.426,0,0,0,0,0,0,0,0,0,0,0,0,0,0,0,0,0,0,0,0,442.868,0,0,-384.443
"MtrElec",4,19,12,"",-31.4743,0,0,0,0,0,0,0,0,0,0,0,0,0,0,0,0,0,0,0,0,351.856,0,223.222,-606.553
"MtrElec",4,19,13,"",-120.383,0,0,0,0,0,0,0,0,0,0,0,0,0,0,0,0,0,0,0,0,357.367,0,223.222,-700.972
"MtrElec",4,19,14,"",-94.2111,0,0,0,0,0,0,0,0,0,0,0,0,0,0,0,0,0,0,0,0,382.453,0,223.222,-699.887
"MtrElec",4,19,15,"",-162.642,0,0,0,0,0,0,0,0,0,0,0,0,0,0,0,0,0,0,0,0,380.866,0,129.295,-672.804
"MtrElec",4,19,16,"",-204.458,0,0,0,0,0,0,0,0,0,0,0,0,0,0,0,0,0,0,0,0,366.153,0,0,-570.612
"MtrElec",4,19,17,"",-106.922,0,0,0,0,0,0,0,0,0,0,0,0,0,0,0,0,0,0,0,0,319.189,0,0,-426.111
"MtrElec",4,19,18,"",157.171,0,0,0,0,0,0,0,0,0,0,0,0,0,0,0,0,0,0,0,0,395.846,0,0,-238.674
"MtrElec",4,19,19,"",94.8911,0,0,0,0,0,0,0,0,0,0,0,0,0,0,0,0,0,0,0,0,375.455,0,-223.222,-57.3414
"MtrElec",4,19,20,"",125.594,0,0,0,0,0,0,0,0,0,0,0,0,0,0,0,0,0,0,0,0,348.816,0,-223.222,0
"MtrElec",4,19,21,"",103.535,0,0,0,0,0,0,0,0,0,0,0,0,0,0,0,0,0,0,0,0,326.758,0,-223.222,0
"MtrElec",4,19,22,"",230.892,0,0,0,0,0,0,0,0,0,0,0,0,0,0,0,0,0,0,0,0,282.289,0,-51.3963,0
"MtrElec",4,19,23,"",235.198,0,0,0,0,0,0,0,0,0,0,0,0,0,0,0,0,0,0,0,0,235.198,0,0,0
"MtrElec",4,19,24,"",217.639,0,0,0,0,0,0,0,0,0,0,0,0,0,0,0,0,0,0,0,0,217.639,0,0,0
"MtrElec",4,20,1,"",215.248,0,0,0,0,0,0,0,0,0,0,0,0,0,0,0,0,0,0,0,0,215.248,0,0,0
"MtrElec",4,20,2,"",152.872,0,0,0,0,0,0,0,0,0,0,0,0,0,0,0,0,0,0,0,0,152.872,0,0,0
"MtrElec",4,20,3,"",144.717,0,0,0,0,0,0,0,0,0,0,0,0,0,0,0,0,0,0,0,0,144.717,0,0,0
"MtrElec",4,20,4,"",148.779,0,0,0,0,0,0,0,0,0,0,0,0,0,0,0,0,0,0,0,0,148.779,0,0,0
"MtrElec",4,20,5,"",147.181,0,0,0,0,0,0,0,0,0,0,0,0,0,0,0,0,0,0,0,0,147.181,0,0,0
"MtrElec",4,20,6,"",165.106,0,0,0,0,0,0,0,0,0,0,0,0,0,0,0,0,0,0,0,0,165.106,0,0,0
"MtrElec",4,20,7,"",274.356,0,0,0,0,0,0,0,0,0,0,0,0,0,0,0,0,0,0,0,0,284.796,0,0,-10.4396
"MtrElec",4,20,8,"",252.163,0,0,0,0,0,0,0,0,0,0,0,0,0,0,0,0,0,0,0,0,345.814,0,0,-93.6509
"MtrElec",4,20,9,"",122.176,0,0,0,0,0,0,0,0,0,0,0,0,0,0,0,0,0,0,0,0,335.952,0,0,-213.775
"MtrElec",4,20,10,"",-61.0887,0,0,0,0,0,0,0,0,0,0,0,0,0,0,0,0,0,0,0,0,386.425,0,0,-447.514
"MtrElec",4,20,11,"",0.0000156,0,0,0,0,0,0,0,0,0,0,0,0,0,0,0,0,0,0,0,0,417.138,0,172.687,-589.824
"MtrElec",4,20,12,"",-41.9637,0,0,0,0,0,0,0,0,0,0,0,0,0,0,0,0,0,0,0,0,415.595,0,223.222,-680.781
"MtrElec",4,20,13,"",-83.2834,0,0,0,0,0,0,0,0,0,0,0,0,0,0,0,0,0,0,0,0,403.305,0,223.222,-709.81
"MtrElec",4,20,14,"",-127.328,0,0,0,0,0,0,0,0,0,0,0,0,0,0,0,0,0,0,0,0,408.01,0,179.831,-715.168
"MtrElec",4,20,15,"",-259.603,0,0,0,0,0,0,0,0,0,0,0,0,0,0,0,0,0,0,0,0,411.542,0,0,-671.145
"MtrElec",4,20,16,"",-143.718,0,0,0,0,0,0,0,0,0,0,0,0,0,0,0,0,0,0,0,0,417.755,0,0,-561.474
"MtrElec",4,20,17,"",-39.5917,0,0,0,0,0,0,0,0,0,0,0,0,0,0,0,0,0,0,0,0,381.429,0,0,-421.021
"MtrElec",4,20,18,"",189.976,0,0,0,0,0,0,0,0,0,0,0,0,0,0,0,0,0,0,0,0,424.999,0,0,-235.023
"MtrElec",4,20,19,"",118.272,0,0,0,0,0,0,0,0,0,0,0,0,0,0,0,0,0,0,0,0,396.801,0,-223.222,-55.3065
"MtrElec",4,20,20,"",189.858,0,0,0,0,0,0,0,0,0,0,0,0,0,0,0,0,0,0,0,0,413.08,0,-223.222,0
"MtrElec",4,20,21,"",160.766,0,0,0,0,0,0,0,0,0,0,0,0,0,0,0,0,0,0,0,0,383.989,0,-223.222,0
"MtrElec",4,20,22,"",228.343,0,0,0,0,0,0,0,0,0,0,0,0,0,0,0,0,0,0,0,0,279.739,0,-51.3963,0
"MtrElec",4,20,23,"",287.117,0,0,0,0,0,0,0,0,0,0,0,0,0,0,0,0,0,0,0,0,287.117,0,0,0
"MtrElec",4,20,24,"",259.872,0,0,0,0,0,0,0,0,0,0,0,0,0,0,0,0,0,0,0,0,259.872,0,0,0
"MtrElec",4,21,1,"",167.531,0,0,0,0,0,0,0,0,0,0,0,0,0,0,0,0,0,0,0,0,167.531,0,0,0
"MtrElec",4,21,2,"",157.365,0,0,0,0,0,0,0,0,0,0,0,0,0,0,0,0,0,0,0,0,157.365,0,0,0
"MtrElec",4,21,3,"",145.739,0,0,0,0,0,0,0,0,0,0,0,0,0,0,0,0,0,0,0,0,145.739,0,0,0
"MtrElec",4,21,4,"",148.067,0,0,0,0,0,0,0,0,0,0,0,0,0,0,0,0,0,0,0,0,148.067,0,0,0
"MtrElec",4,21,5,"",145.611,0,0,0,0,0,0,0,0,0,0,0,0,0,0,0,0,0,0,0,0,145.611,0,0,0
"MtrElec",4,21,6,"",201.057,0,0,0,0,0,0,0,0,0,0,0,0,0,0,0,0,0,0,0,0,201.057,0,0,0
"MtrElec",4,21,7,"",237.452,0,0,0,0,0,0,0,0,0,0,0,0,0,0,0,0,0,0,0,0,248.307,0,0,-10.8545
"MtrElec",4,21,8,"",196.913,0,0,0,0,0,0,0,0,0,0,0,0,0,0,0,0,0,0,0,0,309.817,0,0,-112.905
"MtrElec",4,21,9,"",111.757,0,0,0,0,0,0,0,0,0,0,0,0,0,0,0,0,0,0,0,0,410.433,0,0,-298.675
"MtrElec",4,21,10,"",-37.9778,0,0,0,0,0,0,0,0,0,0,0,0,0,0,0,0,0,0,0,0,422.553,0,0,-460.53
"MtrElec",4,21,11,"",0,0,0,0,0,0,0,0,0,0,0,0,0,0,0,0,0,0,0,0,0,426.439,0,151.109,-577.548
"MtrElec",4,21,12,"",0,0,0,0,0,0,0,0,0,0,0,0,0,0,0,0,0,0,0,0,0,441.51,0,204.724,-646.234
"MtrElec",4,21,13,"",0,0,0,0,0,0,0,0,0,0,0,0,0,0,0,0,0,0,0,0,0,500.213,0,183.024,-683.237
"MtrElec",4,21,14,"",-107.542,0,0,0,0,0,0,0,0,0,0,0,0,0,0,0,0,0,0,0,0,367.249,0,223.222,-698.013
"MtrElec",4,21,15,"",-199.802,0,0,0,0,0,0,0,0,0,0,0,0,0,0,0,0,0,0,0,0,406.161,0,36.8828,-642.845
"MtrElec",4,21,16,"",-49.5511,0,0,0,0,0,0,0,0,0,0,0,0,0,0,0,0,0,0,0,0,395.552,0,0,-445.103
"MtrElec",4,21,17,"",130.647,0,0,0,0,0,0,0,0,0,0,0,0,0,0,0,0,0,0,0,0,394.129,0,0,-263.482
"MtrElec",4,21,18,"",264.453,0,0,0,0,0,0,0,0,0,0,0,0,0,0,0,0,0,0,0,0,448.642,0,0,-184.189
"MtrElec",4,21,19,"",183.129,0,0,0,0,0,0,0,0,0,0,0,0,0,0,0,0,0,0,0,0,459.458,0,-223.222,-53.1073
"MtrElec",4,21,20,"",204.878,0,0,0,0,0,0,0,0,0,0,0,0,0,0,0,0,0,0,0,0,428.101,0,-223.222,0
"MtrElec",4,21,21,"",172.402,0,0,0,0,0,0,0,0,0,0,0,0,0,0,0,0,0,0,0,0,395.624,0,-223.222,0
"MtrElec",4,21,22,"",258.397,0,0,0,0,0,0,0,0,0,0,0,0,0,0,0,0,0,0,0,0,309.793,0,-51.3963,0
"MtrElec",4,21,23,"",287.05,0,0,0,0,0,0,0,0,0,0,0,0,0,0,0,0,0,0,0,0,287.05,0,0,0
"MtrElec",4,21,24,"",201.566,0,0,0,0,0,0,0,0,0,0,0,0,0,0,0,0,0,0,0,0,201.566,0,0,0
"MtrElec",4,22,1,"",166.493,0,0,0,0,0,0,0,0,0,0,0,0,0,0,0,0,0,0,0,0,166.493,0,0,0
"MtrElec",4,22,2,"",199.611,0,0,0,0,0,0,0,0,0,0,0,0,0,0,0,0,0,0,0,0,199.611,0,0,0
"MtrElec",4,22,3,"",153.739,0,0,0,0,0,0,0,0,0,0,0,0,0,0,0,0,0,0,0,0,153.739,0,0,0
"MtrElec",4,22,4,"",159.308,0,0,0,0,0,0,0,0,0,0,0,0,0,0,0,0,0,0,0,0,159.308,0,0,0
"MtrElec",4,22,5,"",150.222,0,0,0,0,0,0,0,0,0,0,0,0,0,0,0,0,0,0,0,0,150.222,0,0,0
"MtrElec",4,22,6,"",152.9,0,0,0,0,0,0,0,0,0,0,0,0,0,0,0,0,0,0,0,0,152.9,0,0,0
"MtrElec",4,22,7,"",250.355,0,0,0,0,0,0,0,0,0,0,0,0,0,0,0,0,0,0,0,0,261.04,0,0,-10.6844
"MtrElec",4,22,8,"",250.479,0,0,0,0,0,0,0,0,0,0,0,0,0,0,0,0,0,0,0,0,362.379,0,0,-111.901
"MtrElec",4,22,9,"",76.1455,0,0,0,0,0,0,0,0,0,0,0,0,0,0,0,0,0,0,0,0,369.777,0,0,-293.632
"MtrElec",4,22,10,"",-26.2262,0,0,0,0,0,0,0,0,0,0,0,0,0,0,0,0,0,0,0,0,426.405,0,0,-452.631
"MtrElec",4,22,11,"",0.0000078,0,0,0,0,0,0,0,0,0,0,0,0,0,0,0,0,0,0,0,0,439.835,0,129.502,-569.337
"MtrElec",4,22,12,"",0.0000156,0,0,0,0,0,0,0,0,0,0,0,0,0,0,0,0,0,0,0,0,443.431,0,217.133,-660.565
"MtrElec",4,22,13,"",-57.871,0,0,0,0,0,0,0,0,0,0,0,0,0,0,0,0,0,0,0,0,415.841,0,223.222,-696.934
"MtrElec",4,22,14,"",-29.8232,0,0,0,0,0,0,0,0,0,0,0,0,0,0,0,0,0,0,0,0,425.02,0,223.222,-678.065
"MtrElec",4,22,15,"",-255.46,0,0,0,0,0,0,0,0,0,0,0,0,0,0,0,0,0,0,0,0,378.069,0,5.88206,-639.41
"MtrElec",4,22,16,"",-128.181,0,0,0,0,0,0,0,0,0,0,0,0,0,0,0,0,0,0,0,0,423.743,0,0,-551.925
"MtrElec",4,22,17,"",30.4316,0,0,0,0,0,0,0,0,0,0,0,0,0,0,0,0,0,0,0,0,442.128,0,0,-411.696
"MtrElec",4,22,18,"",236.415,0,0,0,0,0,0,0,0,0,0,0,0,0,0,0,0,0,0,0,0,468.289,0,0,-231.874
"MtrElec",4,22,19,"",169.388,0,0,0,0,0,0,0,0,0,0,0,0,0,0,0,0,0,0,0,0,446.85,0,-223.222,-54.2401
"MtrElec",4,22,20,"",220.332,0,0,0,0,0,0,0,0,0,0,0,0,0,0,0,0,0,0,0,0,443.554,0,-223.222,0
"MtrElec",4,22,21,"",221.383,0,0,0,0,0,0,0,0,0,0,0,0,0,0,0,0,0,0,0,0,444.605,0,-223.222,0
"MtrElec",4,22,22,"",209.493,0,0,0,0,0,0,0,0,0,0,0,0,0,0,0,0,0,0,0,0,260.889,0,-51.3963,0
"MtrElec",4,22,23,"",285.233,0,0,0,0,0,0,0,0,0,0,0,0,0,0,0,0,0,0,0,0,285.233,0,0,0
"MtrElec",4,22,24,"",188.748,0,0,0,0,0,0,0,0,0,0,0,0,0,0,0,0,0,0,0,0,188.748,0,0,0
"MtrElec",4,23,1,"",201.974,0,0,0,0,0,0,0,0,0,0,0,0,0,0,0,0,0,0,0,0,201.974,0,0,0
"MtrElec",4,23,2,"",153.689,0,0,0,0,0,0,0,0,0,0,0,0,0,0,0,0,0,0,0,0,153.689,0,0,0
"MtrElec",4,23,3,"",152.734,0,0,0,0,0,0,0,0,0,0,0,0,0,0,0,0,0,0,0,0,152.734,0,0,0
"MtrElec",4,23,4,"",157.982,0,0,0,0,0,0,0,0,0,0,0,0,0,0,0,0,0,0,0,0,157.982,0,0,0
"MtrElec",4,23,5,"",144.616,0,0,0,0,0,0,0,0,0,0,0,0,0,0,0,0,0,0,0,0,144.616,0,0,0
"MtrElec",4,23,6,"",184.29,0,0,0,0,0,0,0,0,0,0,0,0,0,0,0,0,0,0,0,0,184.29,0,0,0
"MtrElec",4,23,7,"",280.055,0,0,0,0,0,0,0,0,0,0,0,0,0,0,0,0,0,0,0,0,283.545,0,0,-3.49032
"MtrElec",4,23,8,"",289.659,0,0,0,0,0,0,0,0,0,0,0,0,0,0,0,0,0,0,0,0,328.338,0,0,-38.6784
"MtrElec",4,23,9,"",290.812,0,0,0,0,0,0,0,0,0,0,0,0,0,0,0,0,0,0,0,0,386.234,0,0,-95.4216
"MtrElec",4,23,10,"",143.773,0,0,0,0,0,0,0,0,0,0,0,0,0,0,0,0,0,0,0,0,489.567,0,0,-345.794
"MtrElec",4,23,11,"",0,0,0,0,0,0,0,0,0,0,0,0,0,0,0,0,0,0,0,0,0,446.574,0,143.564,-590.138
"MtrElec",4,23,12,"",0,0,0,0,0,0,0,0,0,0,0,0,0,0,0,0,0,0,0,0,0,435.775,0,222.384,-658.159
"MtrElec",4,23,13,"",-28.8966,0,0,0,0,0,0,0,0,0,0,0,0,0,0,0,0,0,0,0,0,447.645,0,223.222,-699.764
"MtrElec",4,23,14,"",-53.4506,0,0,0,0,0,0,0,0,0,0,0,0,0,0,0,0,0,0,0,0,426.825,0,209.792,-690.067
"MtrElec",4,23,15,"",-278.487,0,0,0,0,0,0,0,0,0,0,0,0,0,0,0,0,0,0,0,0,369.299,0,0,-647.786
"MtrElec",4,23,16,"",-135.072,0,0,0,0,0,0,0,0,0,0,0,0,0,0,0,0,0,0,0,0,413.005,0,0,-548.077
"MtrElec",4,23,17,"",11.2279,0,0,0,0,0,0,0,0,0,0,0,0,0,0,0,0,0,0,0,0,409.341,0,0,-398.113
"MtrElec",4,23,18,"",193.051,0,0,0,0,0,0,0,0,0,0,0,0,0,0,0,0,0,0,0,0,412.545,0,0,-219.494
"MtrElec",4,23,19,"",143.657,0,0,0,0,0,0,0,0,0,0,0,0,0,0,0,0,0,0,0,0,422.692,0,-223.222,-55.8133
"MtrElec",4,23,20,"",212.262,0,0,0,0,0,0,0,0,0,0,0,0,0,0,0,0,0,0,0,0,435.485,0,-223.222,0
"MtrElec",4,23,21,"",195.904,0,0,0,0,0,0,0,0,0,0,0,0,0,0,0,0,0,0,0,0,419.127,0,-223.222,0
"MtrElec",4,23,22,"",252.241,0,0,0,0,0,0,0,0,0,0,0,0,0,0,0,0,0,0,0,0,303.637,0,-51.3963,0
"MtrElec",4,23,23,"",311.166,0,0,0,0,0,0,0,0,0,0,0,0,0,0,0,0,0,0,0,0,311.166,0,0,0
"MtrElec",4,23,24,"",203.039,0,0,0,0,0,0,0,0,0,0,0,0,0,0,0,0,0,0,0,0,203.039,0,0,0
"MtrElec",4,24,1,"",177.941,0,0,0,0,0,0,0,0,0,0,0,0,0,0,0,0,0,0,0,0,177.941,0,0,0
"MtrElec",4,24,2,"",196.804,0,0,0,0,0,0,0,0,0,0,0,0,0,0,0,0,0,0,0,0,196.804,0,0,0
"MtrElec",4,24,3,"",149.189,0,0,0,0,0,0,0,0,0,0,0,0,0,0,0,0,0,0,0,0,149.189,0,0,0
"MtrElec",4,24,4,"",149.718,0,0,0,0,0,0,0,0,0,0,0,0,0,0,0,0,0,0,0,0,149.718,0,0,0
"MtrElec",4,24,5,"",147.762,0,0,0,0,0,0,0,0,0,0,0,0,0,0,0,0,0,0,0,0,147.762,0,0,0
"MtrElec",4,24,6,"",151.698,0,0,0,0,0,0,0,0,0,0,0,0,0,0,0,0,0,0,0,0,151.698,0,0,0
"MtrElec",4,24,7,"",277.135,0,0,0,0,0,0,0,0,0,0,0,0,0,0,0,0,0,0,0,0,288.547,0,0,-11.4113
"MtrElec",4,24,8,"",262.576,0,0,0,0,0,0,0,0,0,0,0,0,0,0,0,0,0,0,0,0,343.852,0,0,-81.2756
"MtrElec",4,24,9,"",207.92,0,0,0,0,0,0,0,0,0,0,0,0,0,0,0,0,0,0,0,0,396.515,0,0,-188.595
"MtrElec",4,24,10,"",9.26372,0,0,0,0,0,0,0,0,0,0,0,0,0,0,0,0,0,0,0,0,430.697,0,0,-421.434
"MtrElec",4,24,11,"",0.0000078,0,0,0,0,0,0,0,0,0,0,0,0,0,0,0,0,0,0,0,0,453.978,0,114.585,-568.563
"MtrElec",4,24,12,"",0,0,0,0,0,0,0,0,0,0,0,0,0,0,0,0,0,0,0,0,0,420.065,0,215.381,-635.446
"MtrElec",4,24,13,"",-19.022,0,0,0,0,0,0,0,0,0,0,0,0,0,0,0,0,0,0,0,0,446.072,0,223.222,-688.317
"MtrElec",4,24,14,"",-122.326,0,0,0,0,0,0,0,0,0,0,0,0,0,0,0,0,0,0,0,0,353.262,0,223.222,-698.811
"MtrElec",4,24,15,"",-239.546,0,0,0,0,0,0,0,0,0,0,0,0,0,0,0,0,0,0,0,0,408.955,0,22.5516,-671.053
"MtrElec",4,24,16,"",-171.491,0,0,0,0,0,0,0,0,0,0,0,0,0,0,0,0,0,0,0,0,395.808,0,0,-567.299
"MtrElec",4,24,17,"",-34.5889,0,0,0,0,0,0,0,0,0,0,0,0,0,0,0,0,0,0,0,0,382.402,0,0,-416.991
"MtrElec",4,24,18,"",228.978,0,0,0,0,0,0,0,0,0,0,0,0,0,0,0,0,0,0,0,0,450.566,0,0,-221.588
"MtrElec",4,24,19,"",143.588,0,0,0,0,0,0,0,0,0,0,0,0,0,0,0,0,0,0,0,0,422.133,0,-223.222,-55.3224
"MtrElec",4,24,20,"",197.74,0,0,0,0,0,0,0,0,0,0,0,0,0,0,0,0,0,0,0,0,420.963,0,-223.222,0
"MtrElec",4,24,21,"",173.572,0,0,0,0,0,0,0,0,0,0,0,0,0,0,0,0,0,0,0,0,396.794,0,-223.222,0
"MtrElec",4,24,22,"",275.391,0,0,0,0,0,0,0,0,0,0,0,0,0,0,0,0,0,0,0,0,326.787,0,-51.3963,0
"MtrElec",4,24,23,"",199.977,0,0,0,0,0,0,0,0,0,0,0,0,0,0,0,0,0,0,0,0,199.977,0,0,0
"MtrElec",4,24,24,"",235.012,0,0,0,0,0,0,0,0,0,0,0,0,0,0,0,0,0,0,0,0,235.012,0,0,0
"MtrElec",4,25,1,"",184.621,0,0,0,0,0,0,0,0,0,0,0,0,0,0,0,0,0,0,0,0,184.621,0,0,0
"MtrElec",4,25,2,"",155.612,0,0,0,0,0,0,0,0,0,0,0,0,0,0,0,0,0,0,0,0,155.612,0,0,0
"MtrElec",4,25,3,"",151.384,0,0,0,0,0,0,0,0,0,0,0,0,0,0,0,0,0,0,0,0,151.384,0,0,0
"MtrElec",4,25,4,"",152.126,0,0,0,0,0,0,0,0,0,0,0,0,0,0,0,0,0,0,0,0,152.126,0,0,0
"MtrElec",4,25,5,"",154.793,0,0,0,0,0,0,0,0,0,0,0,0,0,0,0,0,0,0,0,0,154.793,0,0,0
"MtrElec",4,25,6,"",195.468,0,0,0,0,0,0,0,0,0,0,0,0,0,0,0,0,0,0,0,0,195.468,0,0,0
"MtrElec",4,25,7,"",185.859,0,0,0,0,0,0,0,0,0,0,0,0,0,0,0,0,0,0,0,0,198.746,0,0,-12.887
"MtrElec",4,25,8,"",159.989,0,0,0,0,0,0,0,0,0,0,0,0,0,0,0,0,0,0,0,0,279.135,0,0,-119.146
"MtrElec",4,25,9,"",12.5765,0,0,0,0,0,0,0,0,0,0,0,0,0,0,0,0,0,0,0,0,316.644,0,0,-304.067
"MtrElec",4,25,10,"",-87.5597,0,0,0,0,0,0,0,0,0,0,0,0,0,0,0,0,0,0,0,0,372.981,0,0,-460.541
"MtrElec",4,25,11,"",0.0000078,0,0,0,0,0,0,0,0,0,0,0,0,0,0,0,0,0,0,0,0,484.671,0,109.582,-594.253
"MtrElec",4,25,12,"",0,0,0,0,0,0,0,0,0,0,0,0,0,0,0,0,0,0,0,0,0,466.054,0,204.726,-670.78
"MtrElec",4,25,13,"",-31.6409,0,0,0,0,0,0,0,0,0,0,0,0,0,0,0,0,0,0,0,0,450.614,0,223.222,-705.477
"MtrElec",4,25,14,"",-54.2831,0,0,0,0,0,0,0,0,0,0,0,0,0,0,0,0,0,0,0,0,417.844,0,223.222,-695.349
"MtrElec",4,25,15,"",-196.806,0,0,0,0,0,0,0,0,0,0,0,0,0,0,0,0,0,0,0,0,406.713,0,38.209,-641.729
"MtrElec",4,25,16,"",-166.208,0,0,0,0,0,0,0,0,0,0,0,0,0,0,0,0,0,0,0,0,383.896,0,0,-550.104
"MtrElec",4,25,17,"",23.2422,0,0,0,0,0,0,0,0,0,0,0,0,0,0,0,0,0,0,0,0,431.741,0,0,-408.499
"MtrElec",4,25,18,"",222.927,0,0,0,0,0,0,0,0,0,0,0,0,0,0,0,0,0,0,0,0,452.682,0,0,-229.755
"MtrElec",4,25,19,"",202.544,0,0,0,0,0,0,0,0,0,0,0,0,0,0,0,0,0,0,0,0,484.568,0,-223.222,-58.8016
"MtrElec",4,25,20,"",168.935,0,0,0,0,0,0,0,0,0,0,0,0,0,0,0,0,0,0,0,0,392.157,0,-223.222,0
"MtrElec",4,25,21,"",172.463,0,0,0,0,0,0,0,0,0,0,0,0,0,0,0,0,0,0,0,0,395.685,0,-223.222,0
"MtrElec",4,25,22,"",344.944,0,0,0,0,0,0,0,0,0,0,0,0,0,0,0,0,0,0,0,0,396.341,0,-51.3963,0
"MtrElec",4,25,23,"",252.851,0,0,0,0,0,0,0,0,0,0,0,0,0,0,0,0,0,0,0,0,252.851,0,0,0
"MtrElec",4,25,24,"",204.092,0,0,0,0,0,0,0,0,0,0,0,0,0,0,0,0,0,0,0,0,204.092,0,0,0
"MtrElec",4,26,1,"",158.837,0,0,0,0,0,0,0,0,0,0,0,0,0,0,0,0,0,0,0,0,158.837,0,0,0
"MtrElec",4,26,2,"",152.167,0,0,0,0,0,0,0,0,0,0,0,0,0,0,0,0,0,0,0,0,152.167,0,0,0
"MtrElec",4,26,3,"",154.73,0,0,0,0,0,0,0,0,0,0,0,0,0,0,0,0,0,0,0,0,154.73,0,0,0
"MtrElec",4,26,4,"",204.995,0,0,0,0,0,0,0,0,0,0,0,0,0,0,0,0,0,0,0,0,204.995,0,0,0
"MtrElec",4,26,5,"",161.542,0,0,0,0,0,0,0,0,0,0,0,0,0,0,0,0,0,0,0,0,161.542,0,0,0
"MtrElec",4,26,6,"",152.175,0,0,0,0,0,0,0,0,0,0,0,0,0,0,0,0,0,0,0,0,152.175,0,0,0
"MtrElec",4,26,7,"",148.468,0,0,0,0,0,0,0,0,0,0,0,0,0,0,0,0,0,0,0,0,161.782,0,0,-13.3137
"MtrElec",4,26,8,"",151.528,0,0,0,0,0,0,0,0,0,0,0,0,0,0,0,0,0,0,0,0,241.886,0,0,-90.3578
"MtrElec",4,26,9,"",101.261,0,0,0,0,0,0,0,0,0,0,0,0,0,0,0,0,0,0,0,0,302.632,0,0,-201.37
"MtrElec",4,26,10,"",-84.0313,0,0,0,0,0,0,0,0,0,0,0,0,0,0,0,0,0,0,0,0,357.855,0,0,-441.886
"MtrElec",4,26,11,"",0.0000156,0,0,0,0,0,0,0,0,0,0,0,0,0,0,0,0,0,0,0,0,423.457,0,155.5,-578.957
"MtrElec",4,26,12,"",0,0,0,0,0,0,0,0,0,0,0,0,0,0,0,0,0,0,0,0,0,438.648,0,213.657,-652.304
"MtrElec",4,26,13,"",-75.4126,0,0,0,0,0,0,0,0,0,0,0,0,0,0,0,0,0,0,0,0,409.208,0,223.222,-707.843
"MtrElec",4,26,14,"",-131.887,0,0,0,0,0,0,0,0,0,0,0,0,0,0,0,0,0,0,0,0,373.797,0,206.583,-712.267
"MtrElec",4,26,15,"",-265.113,0,0,0,0,0,0,0,0,0,0,0,0,0,0,0,0,0,0,0,0,388.097,0,0,-653.209
"MtrElec",4,26,16,"",-173.02,0,0,0,0,0,0,0,0,0,0,0,0,0,0,0,0,0,0,0,0,370.302,0,0,-543.322
"MtrElec",4,26,17,"",-7.10281,0,0,0,0,0,0,0,0,0,0,0,0,0,0,0,0,0,0,0,0,399.947,0,0,-407.05
"MtrElec",4,26,18,"",155.842,0,0,0,0,0,0,0,0,0,0,0,0,0,0,0,0,0,0,0,0,387.404,0,0,-231.562
"MtrElec",4,26,19,"",132.099,0,0,0,0,0,0,0,0,0,0,0,0,0,0,0,0,0,0,0,0,414.261,0,-223.222,-58.9399
"MtrElec",4,26,20,"",102.526,0,0,0,0,0,0,0,0,0,0,0,0,0,0,0,0,0,0,0,0,326.264,0,-223.222,-0.516087
"MtrElec",4,26,21,"",105.069,0,0,0,0,0,0,0,0,0,0,0,0,0,0,0,0,0,0,0,0,328.291,0,-223.222,0
"MtrElec",4,26,22,"",292.315,0,0,0,0,0,0,0,0,0,0,0,0,0,0,0,0,0,0,0,0,343.712,0,-51.3963,0
"MtrElec",4,26,23,"",200.367,0,0,0,0,0,0,0,0,0,0,0,0,0,0,0,0,0,0,0,0,200.367,0,0,0
"MtrElec",4,26,24,"",194.033,0,0,0,0,0,0,0,0,0,0,0,0,0,0,0,0,0,0,0,0,194.033,0,0,0
"MtrElec",4,27,1,"",170.329,0,0,0,0,0,0,0,0,0,0,0,0,0,0,0,0,0,0,0,0,170.329,0,0,0
"MtrElec",4,27,2,"",159.389,0,0,0,0,0,0,0,0,0,0,0,0,0,0,0,0,0,0,0,0,159.389,0,0,0
"MtrElec",4,27,3,"",198.539,0,0,0,0,0,0,0,0,0,0,0,0,0,0,0,0,0,0,0,0,198.539,0,0,0
"MtrElec",4,27,4,"",160.229,0,0,0,0,0,0,0,0,0,0,0,0,0,0,0,0,0,0,0,0,160.229,0,0,0
"MtrElec",4,27,5,"",152.571,0,0,0,0,0,0,0,0,0,0,0,0,0,0,0,0,0,0,0,0,152.571,0,0,0
"MtrElec",4,27,6,"",175.559,0,0,0,0,0,0,0,0,0,0,0,0,0,0,0,0,0,0,0,0,175.559,0,0,0
"MtrElec",4,27,7,"",269.826,0,0,0,0,0,0,0,0,0,0,0,0,0,0,0,0,0,0,0,0,271.062,0,0,-1.23606
"MtrElec",4,27,8,"",279.085,0,0,0,0,0,0,0,0,0,0,0,0,0,0,0,0,0,0,0,0,306.452,0,0,-27.3668
"MtrElec",4,27,9,"",281.645,0,0,0,0,0,0,0,0,0,0,0,0,0,0,0,0,0,0,0,0,349.366,0,0,-67.721
"MtrElec",4,27,10,"",163.018,0,0,0,0,0,0,0,0,0,0,0,0,0,0,0,0,0,0,0,0,400.694,0,0,-237.676
"MtrElec",4,27,11,"",0.0000156,0,0,0,0,0,0,0,0,0,0,0,0,0,0,0,0,0,0,0,0,423.423,0,142.892,-566.315
"MtrElec",4,27,12,"",-80.1733,0,0,0,0,0,0,0,0,0,0,0,0,0,0,0,0,0,0,0,0,365.382,0,223.222,-668.778
"MtrElec",4,27,13,"",-77.636,0,0,0,0,0,0,0,0,0,0,0,0,0,0,0,0,0,0,0,0,417.342,0,223.222,-718.201
"MtrElec",4,27,14,"",-131.851,0,0,0,0,0,0,0,0,0,0,0,0,0,0,0,0,0,0,0,0,376.151,0,209.625,-717.628
"MtrElec",4,27,15,"",-318.589,0,0,0,0,0,0,0,0,0,0,0,0,0,0,0,0,0,0,0,0,339.834,0,0,-658.423
"MtrElec",4,27,16,"",-159.96,0,0,0,0,0,0,0,0,0,0,0,0,0,0,0,0,0,0,0,0,399.036,0,0,-558.996
"MtrElec",4,27,17,"",23.2206,0,0,0,0,0,0,0,0,0,0,0,0,0,0,0,0,0,0,0,0,433.502,0,0,-410.282
"MtrElec",4,27,18,"",202.055,0,0,0,0,0,0,0,0,0,0,0,0,0,0,0,0,0,0,0,0,433.294,0,0,-231.239
"MtrElec",4,27,19,"",149.294,0,0,0,0,0,0,0,0,0,0,0,0,0,0,0,0,0,0,0,0,435.154,0,-223.222,-62.6377
"MtrElec",4,27,20,"",226.152,0,0,0,0,0,0,0,0,0,0,0,0,0,0,0,0,0,0,0,0,450.45,0,-223.222,-1.07634
"MtrElec",4,27,21,"",193.414,0,0,0,0,0,0,0,0,0,0,0,0,0,0,0,0,0,0,0,0,416.636,0,-223.222,0
"MtrElec",4,27,22,"",183.453,0,0,0,0,0,0,0,0,0,0,0,0,0,0,0,0,0,0,0,0,234.85,0,-51.3963,0
"MtrElec",4,27,23,"",264.215,0,0,0,0,0,0,0,0,0,0,0,0,0,0,0,0,0,0,0,0,264.215,0,0,0
"MtrElec",4,27,24,"",186.249,0,0,0,0,0,0,0,0,0,0,0,0,0,0,0,0,0,0,0,0,186.249,0,0,0
"MtrElec",4,28,1,"",219.592,0,0,0,0,0,0,0,0,0,0,0,0,0,0,0,0,0,0,0,0,219.592,0,0,0
"MtrElec",4,28,2,"",157.3,0,0,0,0,0,0,0,0,0,0,0,0,0,0,0,0,0,0,0,0,157.3,0,0,0
"MtrElec",4,28,3,"",152.326,0,0,0,0,0,0,0,0,0,0,0,0,0,0,0,0,0,0,0,0,152.326,0,0,0
"MtrElec",4,28,4,"",159.274,0,0,0,0,0,0,0,0,0,0,0,0,0,0,0,0,0,0,0,0,159.274,0,0,0
"MtrElec",4,28,5,"",151.151,0,0,0,0,0,0,0,0,0,0,0,0,0,0,0,0,0,0,0,0,151.151,0,0,0
"MtrElec",4,28,6,"",195.897,0,0,0,0,0,0,0,0,0,0,0,0,0,0,0,0,0,0,0,0,195.897,0,0,0
"MtrElec",4,28,7,"",260.576,0,0,0,0,0,0,0,0,0,0,0,0,0,0,0,0,0,0,0,0,277.087,0,0,-16.5107
"MtrElec",4,28,8,"",212.148,0,0,0,0,0,0,0,0,0,0,0,0,0,0,0,0,0,0,0,0,336.297,0,0,-124.149
"MtrElec",4,28,9,"",61.9665,0,0,0,0,0,0,0,0,0,0,0,0,0,0,0,0,0,0,0,0,371.306,0,0,-309.339
"MtrElec",4,28,10,"",-45.9416,0,0,0,0,0,0,0,0,0,0,0,0,0,0,0,0,0,0,0,0,431.114,0,0,-477.055
"MtrElec",4,28,11,"",0,0,0,0,0,0,0,0,0,0,0,0,0,0,0,0,0,0,0,0,0,458.568,0,142.558,-601.126
"MtrElec",4,28,12,"",-8.29698,0,0,0,0,0,0,0,0,0,0,0,0,0,0,0,0,0,0,0,0,430.039,0,223.222,-661.558
"MtrElec",4,28,13,"",-54.0365,0,0,0,0,0,0,0,0,0,0,0,0,0,0,0,0,0,0,0,0,429.704,0,223.222,-706.963
"MtrElec",4,28,14,"",-164.787,0,0,0,0,0,0,0,0,0,0,0,0,0,0,0,0,0,0,0,0,340.07,0,209.959,-714.816
"MtrElec",4,28,15,"",-277.206,0,0,0,0,0,0,0,0,0,0,0,0,0,0,0,0,0,0,0,0,390.171,0,0,-667.378
"MtrElec",4,28,16,"",-215.337,0,0,0,0,0,0,0,0,0,0,0,0,0,0,0,0,0,0,0,0,351.87,0,0,-567.207
"MtrElec",4,28,17,"",-10.7957,0,0,0,0,0,0,0,0,0,0,0,0,0,0,0,0,0,0,0,0,409.525,0,0,-420.321
"MtrElec",4,28,18,"",191.88,0,0,0,0,0,0,0,0,0,0,0,0,0,0,0,0,0,0,0,0,428.06,0,0,-236.18
"MtrElec",4,28,19,"",138.395,0,0,0,0,0,0,0,0,0,0,0,0,0,0,0,0,0,0,0,0,423.157,0,-223.222,-61.5392
"MtrElec",4,28,20,"",181.858,0,0,0,0,0,0,0,0,0,0,0,0,0,0,0,0,0,0,0,0,406.761,0,-223.222,-1.68114
"MtrElec",4,28,21,"",138.54,0,0,0,0,0,0,0,0,0,0,0,0,0,0,0,0,0,0,0,0,361.762,0,-223.222,0
"MtrElec",4,28,22,"",231.863,0,0,0,0,0,0,0,0,0,0,0,0,0,0,0,0,0,0,0,0,283.259,0,-51.3963,0
"MtrElec",4,28,23,"",296.455,0,0,0,0,0,0,0,0,0,0,0,0,0,0,0,0,0,0,0,0,296.455,0,0,0
"MtrElec",4,28,24,"",253.232,0,0,0,0,0,0,0,0,0,0,0,0,0,0,0,0,0,0,0,0,253.232,0,0,0
"MtrElec",4,29,1,"",190.413,0,0,0,0,0,0,0,0,0,0,0,0,0,0,0,0,0,0,0,0,190.413,0,0,0
"MtrElec",4,29,2,"",152.957,0,0,0,0,0,0,0,0,0,0,0,0,0,0,0,0,0,0,0,0,152.957,0,0,0
"MtrElec",4,29,3,"",147.992,0,0,0,0,0,0,0,0,0,0,0,0,0,0,0,0,0,0,0,0,147.992,0,0,0
"MtrElec",4,29,4,"",156.521,0,0,0,0,0,0,0,0,0,0,0,0,0,0,0,0,0,0,0,0,156.521,0,0,0
"MtrElec",4,29,5,"",147.506,0,0,0,0,0,0,0,0,0,0,0,0,0,0,0,0,0,0,0,0,147.506,0,0,0
"MtrElec",4,29,6,"",188.972,0,0,0,0,0,0,0,0,0,0,0,0,0,0,0,0,0,0,0,0,188.972,0,0,0
"MtrElec",4,29,7,"",271.393,0,0,0,0,0,0,0,0,0,0,0,0,0,0,0,0,0,0,0,0,286.111,0,0,-14.7181
"MtrElec",4,29,8,"",278.3,0,0,0,0,0,0,0,0,0,0,0,0,0,0,0,0,0,0,0,0,368.351,0,0,-90.0507
"MtrElec",4,29,9,"",193.105,0,0,0,0,0,0,0,0,0,0,0,0,0,0,0,0,0,0,0,0,385.514,0,0,-192.408
"MtrElec",4,29,10,"",74.4124,0,0,0,0,0,0,0,0,0,0,0,0,0,0,0,0,0,0,0,0,422.013,0,0,-347.601
"MtrElec",4,29,11,"",0,0,0,0,0,0,0,0,0,0,0,0,0,0,0,0,0,0,0,0,0,451.634,0,33.1194,-484.754
"MtrElec",4,29,12,"",0.0000156,0,0,0,0,0,0,0,0,0,0,0,0,0,0,0,0,0,0,0,0,423.511,0,176.277,-599.788
"MtrElec",4,29,13,"",-67.3364,0,0,0,0,0,0,0,0,0,0,0,0,0,0,0,0,0,0,0,0,412.746,0,223.222,-703.305
"MtrElec",4,29,14,"",-137.355,0,0,0,0,0,0,0,0,0,0,0,0,0,0,0,0,0,0,0,0,348.789,0,223.222,-709.366
"MtrElec",4,29,15,"",-113.358,0,0,0,0,0,0,0,0,0,0,0,0,0,0,0,0,0,0,0,0,403.598,0,143.121,-660.077
"MtrElec",4,29,16,"",-188.392,0,0,0,0,0,0,0,0,0,0,0,0,0,0,0,0,0,0,0,0,373.107,0,0,-561.499
"MtrElec",4,29,17,"",16.9225,0,0,0,0,0,0,0,0,0,0,0,0,0,0,0,0,0,0,0,0,428.967,0,0,-412.045
"MtrElec",4,29,18,"",192.268,0,0,0,0,0,0,0,0,0,0,0,0,0,0,0,0,0,0,0,0,422.979,0,0,-230.711
"MtrElec",4,29,19,"",85.2935,0,0,0,0,0,0,0,0,0,0,0,0,0,0,0,0,0,0,0,0,370.166,0,-223.222,-61.6502
"MtrElec",4,29,20,"",217.341,0,0,0,0,0,0,0,0,0,0,0,0,0,0,0,0,0,0,0,0,442.865,0,-223.222,-2.30185
"MtrElec",4,29,21,"",165.946,0,0,0,0,0,0,0,0,0,0,0,0,0,0,0,0,0,0,0,0,389.168,0,-223.222,0
"MtrElec",4,29,22,"",228.846,0,0,0,0,0,0,0,0,0,0,0,0,0,0,0,0,0,0,0,0,280.242,0,-51.3963,0
"MtrElec",4,29,23,"",297.924,0,0,0,0,0,0,0,0,0,0,0,0,0,0,0,0,0,0,0,0,297.924,0,0,0
"MtrElec",4,29,24,"",238.807,0,0,0,0,0,0,0,0,0,0,0,0,0,0,0,0,0,0,0,0,238.807,0,0,0
"MtrElec",4,30,1,"",151.853,0,0,0,0,0,0,0,0,0,0,0,0,0,0,0,0,0,0,0,0,151.853,0,0,0
"MtrElec",4,30,2,"",154.313,0,0,0,0,0,0,0,0,0,0,0,0,0,0,0,0,0,0,0,0,154.313,0,0,0
"MtrElec",4,30,3,"",149.846,0,0,0,0,0,0,0,0,0,0,0,0,0,0,0,0,0,0,0,0,149.846,0,0,0
"MtrElec",4,30,4,"",149.373,0,0,0,0,0,0,0,0,0,0,0,0,0,0,0,0,0,0,0,0,149.373,0,0,0
"MtrElec",4,30,5,"",149.167,0,0,0,0,0,0,0,0,0,0,0,0,0,0,0,0,0,0,0,0,149.167,0,0,0
"MtrElec",4,30,6,"",154.326,0,0,0,0,0,0,0,0,0,0,0,0,0,0,0,0,0,0,0,0,154.326,0,0,0
"MtrElec",4,30,7,"",241.826,0,0,0,0,0,0,0,0,0,0,0,0,0,0,0,0,0,0,0,0,254.601,0,0,-12.7752
"MtrElec",4,30,8,"",249.995,0,0,0,0,0,0,0,0,0,0,0,0,0,0,0,0,0,0,0,0,325.086,0,0,-75.0906
"MtrElec",4,30,9,"",266.567,0,0,0,0,0,0,0,0,0,0,0,0,0,0,0,0,0,0,0,0,415.353,0,0,-148.786
"MtrElec",4,30,10,"",252.596,0,0,0,0,0,0,0,0,0,0,0,0,0,0,0,0,0,0,0,0,465.395,0,0,-212.8
"MtrElec",4,30,11,"",161.719,0,0,0,0,0,0,0,0,0,0,0,0,0,0,0,0,0,0,0,0,414.357,0,0,-252.638
"MtrElec",4,30,12,"",0,0,0,0,0,0,0,0,0,0,0,0,0,0,0,0,0,0,0,0,0,419.976,0,22.6906,-442.667
"MtrElec",4,30,13,"",48.1478,0,0,0,0,0,0,0,0,0,0,0,0,0,0,0,0,0,0,0,0,482.767,0,0,-434.619
"MtrElec",4,30,14,"",0,0,0,0,0,0,0,0,0,0,0,0,0,0,0,0,0,0,0,0,0,387.169,0,9.22072,-396.389
"MtrElec",4,30,15,"",2.45022,0,0,0,0,0,0,0,0,0,0,0,0,0,0,0,0,0,0,0,0,390.717,0,0,-388.267
"MtrElec",4,30,16,"",64.8495,0,0,0,0,0,0,0,0,0,0,0,0,0,0,0,0,0,0,0,0,341.048,0,0,-276.199
"MtrElec",4,30,17,"",146.007,0,0,0,0,0,0,0,0,0,0,0,0,0,0,0,0,0,0,0,0,379.171,0,0,-233.163
"MtrElec",4,30,18,"",230.664,0,0,0,0,0,0,0,0,0,0,0,0,0,0,0,0,0,0,0,0,398.285,0,0,-167.621
"MtrElec",4,30,19,"",317.006,0,0,0,0,0,0,0,0,0,0,0,0,0,0,0,0,0,0,0,0,406.898,0,-28.7999,-61.0919
"MtrElec",4,30,20,"",421.768,0,0,0,0,0,0,0,0,0,0,0,0,0,0,0,0,0,0,0,0,426.446,0,0,-4.67828
"MtrElec",4,30,21,"",408.6,0,0,0,0,0,0,0,0,0,0,0,0,0,0,0,0,0,0,0,0,408.6,0,0,0
"MtrElec",4,30,22,"",328.119,0,0,0,0,0,0,0,0,0,0,0,0,0,0,0,0,0,0,0,0,328.119,0,0,0
"MtrElec",4,30,23,"",261.662,0,0,0,0,0,0,0,0,0,0,0,0,0,0,0,0,0,0,0,0,261.662,0,0,0
"MtrElec",4,30,24,"",211.655,0,0,0,0,0,0,0,0,0,0,0,0,0,0,0,0,0,0,0,0,211.655,0,0,0
"MtrElec",5,1,1,"",204.589,0,0,0,0,0,0,0,0,0,0,0,0,0,0,0,0,0,0,0,0,204.589,0,0,0
"MtrElec",5,1,2,"",169.356,0,0,0,0,0,0,0,0,0,0,0,0,0,0,0,0,0,0,0,0,169.356,0,0,0
"MtrElec",5,1,3,"",149.57,0,0,0,0,0,0,0,0,0,0,0,0,0,0,0,0,0,0,0,0,149.57,0,0,0
"MtrElec",5,1,4,"",146.527,0,0,0,0,0,0,0,0,0,0,0,0,0,0,0,0,0,0,0,0,146.527,0,0,0
"MtrElec",5,1,5,"",144.173,0,0,0,0,0,0,0,0,0,0,0,0,0,0,0,0,0,0,0,0,144.173,0,0,0
"MtrElec",5,1,6,"",146.524,0,0,0,0,0,0,0,0,0,0,0,0,0,0,0,0,0,0,0,0,146.524,0,0,0
"MtrElec",5,1,7,"",232.12,0,0,0,0,0,0,0,0,0,0,0,0,0,0,0,0,0,0,0,0,246.645,0,0,-14.5255
"MtrElec",5,1,8,"",191.085,0,0,0,0,0,0,0,0,0,0,0,0,0,0,0,0,0,0,0,0,314.448,0,0,-123.364
"MtrElec",5,1,9,"",143.395,0,0,0,0,0,0,0,0,0,0,0,0,0,0,0,0,0,0,0,0,447.451,0,0,-304.056
"MtrElec",5,1,10,"",16.5414,0,0,0,0,0,0,0,0,0,0,0,0,0,0,0,0,0,0,0,0,475.314,0,0,-458.773
"MtrElec",5,1,11,"",0,0,0,0,0,0,0,0,0,0,0,0,0,0,0,0,0,0,0,0,0,489.755,0,91.5625,-581.317
"MtrElec",5,1,12,"",0,0,0,0,0,0,0,0,0,0,0,0,0,0,0,0,0,0,0,0,0,473.434,0,181.657,-655.091
"MtrElec",5,1,13,"",-14.5183,0,0,0,0,0,0,0,0,0,0,0,0,0,0,0,0,0,0,0,0,453.047,0,223.222,-690.787
"MtrElec",5,1,14,"",-59.3813,0,0,0,0,0,0,0,0,0,0,0,0,0,0,0,0,0,0,0,0,408.454,0,223.222,-691.057
"MtrElec",5,1,15,"",-147.053,0,0,0,0,0,0,0,0,0,0,0,0,0,0,0,0,0,0,0,0,417.383,0,79.2981,-643.734
"MtrElec",5,1,16,"",-170.418,0,0,0,0,0,0,0,0,0,0,0,0,0,0,0,0,0,0,0,0,374.435,0,0,-544.853
"MtrElec",5,1,17,"",43.8137,0,0,0,0,0,0,0,0,0,0,0,0,0,0,0,0,0,0,0,0,444.271,0,0,-400.457
"MtrElec",5,1,18,"",197.72,0,0,0,0,0,0,0,0,0,0,0,0,0,0,0,0,0,0,0,0,423.416,0,0,-225.696
"MtrElec",5,1,19,"",207.985,0,0,0,0,0,0,0,0,0,0,0,0,0,0,0,0,0,0,0,0,490.795,0,-223.222,-59.5879
"MtrElec",5,1,20,"",230.874,0,0,0,0,0,0,0,0,0,0,0,0,0,0,0,0,0,0,0,0,454.415,0,-223.222,-0.318436
"MtrElec",5,1,21,"",256.777,0,0,0,0,0,0,0,0,0,0,0,0,0,0,0,0,0,0,0,0,479.999,0,-223.222,0
"MtrElec",5,1,22,"",192.922,0,0,0,0,0,0,0,0,0,0,0,0,0,0,0,0,0,0,0,0,244.318,0,-51.3963,0
"MtrElec",5,1,23,"",273.025,0,0,0,0,0,0,0,0,0,0,0,0,0,0,0,0,0,0,0,0,273.025,0,0,0
"MtrElec",5,1,24,"",242.527,0,0,0,0,0,0,0,0,0,0,0,0,0,0,0,0,0,0,0,0,242.527,0,0,0
"MtrElec",5,2,1,"",181.892,0,0,0,0,0,0,0,0,0,0,0,0,0,0,0,0,0,0,0,0,181.892,0,0,0
"MtrElec",5,2,2,"",151.413,0,0,0,0,0,0,0,0,0,0,0,0,0,0,0,0,0,0,0,0,151.413,0,0,0
"MtrElec",5,2,3,"",147.535,0,0,0,0,0,0,0,0,0,0,0,0,0,0,0,0,0,0,0,0,147.535,0,0,0
"MtrElec",5,2,4,"",150.791,0,0,0,0,0,0,0,0,0,0,0,0,0,0,0,0,0,0,0,0,150.791,0,0,0
"MtrElec",5,2,5,"",175.343,0,0,0,0,0,0,0,0,0,0,0,0,0,0,0,0,0,0,0,0,175.343,0,0,0
"MtrElec",5,2,6,"",190.005,0,0,0,0,0,0,0,0,0,0,0,0,0,0,0,0,0,0,0,0,190.005,0,0,0
"MtrElec",5,2,7,"",188.631,0,0,0,0,0,0,0,0,0,0,0,0,0,0,0,0,0,0,0,0,202.908,0,0,-14.2766
"MtrElec",5,2,8,"",157.757,0,0,0,0,0,0,0,0,0,0,0,0,0,0,0,0,0,0,0,0,279.78,0,0,-122.024
"MtrElec",5,2,9,"",31.0691,0,0,0,0,0,0,0,0,0,0,0,0,0,0,0,0,0,0,0,0,331.121,0,0,-300.052
"MtrElec",5,2,10,"",-6.53294,0,0,0,0,0,0,0,0,0,0,0,0,0,0,0,0,0,0,0,0,447.321,0,0,-453.854
"MtrElec",5,2,11,"",0,0,0,0,0,0,0,0,0,0,0,0,0,0,0,0,0,0,0,0,0,518.365,0,44.9998,-563.365
"MtrElec",5,2,12,"",0,0,0,0,0,0,0,0,0,0,0,0,0,0,0,0,0,0,0,0,0,518.082,0,116.992,-635.074
"MtrElec",5,2,13,"",0,0,0,0,0,0,0,0,0,0,0,0,0,0,0,0,0,0,0,0,0,501.615,0,97.2352,-598.851
"MtrElec",5,2,14,"",0,0,0,0,0,0,0,0,0,0,0,0,0,0,0,0,0,0,0,0,0,466.494,0,165.714,-632.208
"MtrElec",5,2,15,"",0,0,0,0,0,0,0,0,0,0,0,0,0,0,0,0,0,0,0,0,0,497.214,0,144.094,-641.307
"MtrElec",5,2,16,"",0.0000039,0,0,0,0,0,0,0,0,0,0,0,0,0,0,0,0,0,0,0,0,492.321,0,47.7428,-540.063
"MtrElec",5,2,17,"",90.7823,0,0,0,0,0,0,0,0,0,0,0,0,0,0,0,0,0,0,0,0,491.413,0,0,-400.631
"MtrElec",5,2,18,"",297.397,0,0,0,0,0,0,0,0,0,0,0,0,0,0,0,0,0,0,0,0,522.378,0,0,-224.981
"MtrElec",5,2,19,"",242.683,0,0,0,0,0,0,0,0,0,0,0,0,0,0,0,0,0,0,0,0,524.719,0,-223.222,-58.8136
"MtrElec",5,2,20,"",238.368,0,0,0,0,0,0,0,0,0,0,0,0,0,0,0,0,0,0,0,0,461.932,0,-223.222,-0.341712
"MtrElec",5,2,21,"",244.666,0,0,0,0,0,0,0,0,0,0,0,0,0,0,0,0,0,0,0,0,354.863,0,-110.197,0
"MtrElec",5,2,22,"",339.614,0,0,0,0,0,0,0,0,0,0,0,0,0,0,0,0,0,0,0,0,339.614,0,0,0
"MtrElec",5,2,23,"",245.327,0,0,0,0,0,0,0,0,0,0,0,0,0,0,0,0,0,0,0,0,245.327,0,0,0
"MtrElec",5,2,24,"",205.935,0,0,0,0,0,0,0,0,0,0,0,0,0,0,0,0,0,0,0,0,205.935,0,0,0
"MtrElec",5,3,1,"",166.536,0,0,0,0,0,0,0,0,0,0,0,0,0,0,0,0,0,0,0,0,166.536,0,0,0
"MtrElec",5,3,2,"",150.348,0,0,0,0,0,0,0,0,0,0,0,0,0,0,0,0,0,0,0,0,150.348,0,0,0
"MtrElec",5,3,3,"",198.385,0,0,0,0,0,0,0,0,0,0,0,0,0,0,0,0,0,0,0,0,198.385,0,0,0
"MtrElec",5,3,4,"",154.707,0,0,0,0,0,0,0,0,0,0,0,0,0,0,0,0,0,0,0,0,154.707,0,0,0
"MtrElec",5,3,5,"",165.088,0,0,0,0,0,0,0,0,0,0,0,0,0,0,0,0,0,0,0,0,165.088,0,0,0
"MtrElec",5,3,6,"",151.875,0,0,0,0,0,0,0,0,0,0,0,0,0,0,0,0,0,0,0,0,151.875,0,0,0
"MtrElec",5,3,7,"",145.599,0,0,0,0,0,0,0,0,0,0,0,0,0,0,0,0,0,0,0,0,160.535,0,0,-14.936
"MtrElec",5,3,8,"",99.4151,0,0,0,0,0,0,0,0,0,0,0,0,0,0,0,0,0,0,0,0,221.264,0,0,-121.849
"MtrElec",5,3,9,"",2.25475,0,0,0,0,0,0,0,0,0,0,0,0,0,0,0,0,0,0,0,0,300.676,0,0,-298.421
"MtrElec",5,3,10,"",-43.4829,0,0,0,0,0,0,0,0,0,0,0,0,0,0,0,0,0,0,0,0,395.334,0,0,-438.817
"MtrElec",5,3,11,"",0,0,0,0,0,0,0,0,0,0,0,0,0,0,0,0,0,0,0,0,0,486.107,0,56.7948,-542.902
"MtrElec",5,3,12,"",0,0,0,0,0,0,0,0,0,0,0,0,0,0,0,0,0,0,0,0,0,481.89,0,160.964,-642.854
"MtrElec",5,3,13,"",0.0000156,0,0,0,0,0,0,0,0,0,0,0,0,0,0,0,0,0,0,0,0,501.759,0,181.626,-683.385
"MtrElec",5,3,14,"",0.0000156,0,0,0,0,0,0,0,0,0,0,0,0,0,0,0,0,0,0,0,0,468.412,0,194.4,-662.812
"MtrElec",5,3,15,"",0.0000078,0,0,0,0,0,0,0,0,0,0,0,0,0,0,0,0,0,0,0,0,491.034,0,123.529,-614.563
"MtrElec",5,3,16,"",-2.23071,0,0,0,0,0,0,0,0,0,0,0,0,0,0,0,0,0,0,0,0,444.203,0,81.6484,-528.082
"MtrElec",5,3,17,"",59.8888,0,0,0,0,0,0,0,0,0,0,0,0,0,0,0,0,0,0,0,0,452.948,0,0,-393.059
"MtrElec",5,3,18,"",275.499,0,0,0,0,0,0,0,0,0,0,0,0,0,0,0,0,0,0,0,0,498.821,0,0,-223.322
"MtrElec",5,3,19,"",218.375,0,0,0,0,0,0,0,0,0,0,0,0,0,0,0,0,0,0,0,0,501.462,0,-223.222,-59.8643
"MtrElec",5,3,20,"",138.611,0,0,0,0,0,0,0,0,0,0,0,0,0,0,0,0,0,0,0,0,362.182,0,-223.222,-0.34861
"MtrElec",5,3,21,"",110.649,0,0,0,0,0,0,0,0,0,0,0,0,0,0,0,0,0,0,0,0,333.872,0,-223.222,0
"MtrElec",5,3,22,"",271.753,0,0,0,0,0,0,0,0,0,0,0,0,0,0,0,0,0,0,0,0,323.149,0,-51.3963,0
"MtrElec",5,3,23,"",194.937,0,0,0,0,0,0,0,0,0,0,0,0,0,0,0,0,0,0,0,0,194.937,0,0,0
"MtrElec",5,3,24,"",230.729,0,0,0,0,0,0,0,0,0,0,0,0,0,0,0,0,0,0,0,0,230.729,0,0,0
"MtrElec",5,4,1,"",156.358,0,0,0,0,0,0,0,0,0,0,0,0,0,0,0,0,0,0,0,0,156.358,0,0,0
"MtrElec",5,4,2,"",153.942,0,0,0,0,0,0,0,0,0,0,0,0,0,0,0,0,0,0,0,0,153.942,0,0,0
"MtrElec",5,4,3,"",154.09,0,0,0,0,0,0,0,0,0,0,0,0,0,0,0,0,0,0,0,0,154.09,0,0,0
"MtrElec",5,4,4,"",153.838,0,0,0,0,0,0,0,0,0,0,0,0,0,0,0,0,0,0,0,0,153.838,0,0,0
"MtrElec",5,4,5,"",149.097,0,0,0,0,0,0,0,0,0,0,0,0,0,0,0,0,0,0,0,0,149.097,0,0,0
"MtrElec",5,4,6,"",191.043,0,0,0,0,0,0,0,0,0,0,0,0,0,0,0,0,0,0,0,0,191.043,0,0,0
"MtrElec",5,4,7,"",242.311,0,0,0,0,0,0,0,0,0,0,0,0,0,0,0,0,0,0,0,0,258.769,0,0,-16.4581
"MtrElec",5,4,8,"",240.661,0,0,0,0,0,0,0,0,0,0,0,0,0,0,0,0,0,0,0,0,366.007,0,0,-125.346
"MtrElec",5,4,9,"",95.6205,0,0,0,0,0,0,0,0,0,0,0,0,0,0,0,0,0,0,0,0,396.235,0,0,-300.614
"MtrElec",5,4,10,"",47.2175,0,0,0,0,0,0,0,0,0,0,0,0,0,0,0,0,0,0,0,0,500.431,0,0,-453.214
"MtrElec",5,4,11,"",0,0,0,0,0,0,0,0,0,0,0,0,0,0,0,0,0,0,0,0,0,541.227,0,34.9567,-576.184
"MtrElec",5,4,12,"",0,0,0,0,0,0,0,0,0,0,0,0,0,0,0,0,0,0,0,0,0,502.161,0,157.132,-659.293
"MtrElec",5,4,13,"",0.0000156,0,0,0,0,0,0,0,0,0,0,0,0,0,0,0,0,0,0,0,0,503.915,0,195.466,-699.381
"MtrElec",5,4,14,"",-65.6147,0,0,0,0,0,0,0,0,0,0,0,0,0,0,0,0,0,0,0,0,403.834,0,223.222,-692.671
"MtrElec",5,4,15,"",-12.8234,0,0,0,0,0,0,0,0,0,0,0,0,0,0,0,0,0,0,0,0,439.064,0,188.185,-640.072
"MtrElec",5,4,16,"",-85.2434,0,0,0,0,0,0,0,0,0,0,0,0,0,0,0,0,0,0,0,0,459.943,0,0,-545.186
"MtrElec",5,4,17,"",79.3911,0,0,0,0,0,0,0,0,0,0,0,0,0,0,0,0,0,0,0,0,484.657,0,0,-405.266
"MtrElec",5,4,18,"",204.761,0,0,0,0,0,0,0,0,0,0,0,0,0,0,0,0,0,0,0,0,434.543,0,0,-229.781
"MtrElec",5,4,19,"",152.373,0,0,0,0,0,0,0,0,0,0,0,0,0,0,0,0,0,0,0,0,437.525,0,-223.222,-61.9296
"MtrElec",5,4,20,"",206.655,0,0,0,0,0,0,0,0,0,0,0,0,0,0,0,0,0,0,0,0,432.738,0,-223.222,-2.86004
"MtrElec",5,4,21,"",205.953,0,0,0,0,0,0,0,0,0,0,0,0,0,0,0,0,0,0,0,0,429.176,0,-223.222,0
"MtrElec",5,4,22,"",278.697,0,0,0,0,0,0,0,0,0,0,0,0,0,0,0,0,0,0,0,0,330.093,0,-51.3963,0
"MtrElec",5,4,23,"",295.214,0,0,0,0,0,0,0,0,0,0,0,0,0,0,0,0,0,0,0,0,295.214,0,0,0
"MtrElec",5,4,24,"",201.671,0,0,0,0,0,0,0,0,0,0,0,0,0,0,0,0,0,0,0,0,201.671,0,0,0
"MtrElec",5,5,1,"",153.859,0,0,0,0,0,0,0,0,0,0,0,0,0,0,0,0,0,0,0,0,153.859,0,0,0
"MtrElec",5,5,2,"",153.487,0,0,0,0,0,0,0,0,0,0,0,0,0,0,0,0,0,0,0,0,153.487,0,0,0
"MtrElec",5,5,3,"",148.493,0,0,0,0,0,0,0,0,0,0,0,0,0,0,0,0,0,0,0,0,148.493,0,0,0
"MtrElec",5,5,4,"",148.771,0,0,0,0,0,0,0,0,0,0,0,0,0,0,0,0,0,0,0,0,148.771,0,0,0
"MtrElec",5,5,5,"",146.138,0,0,0,0,0,0,0,0,0,0,0,0,0,0,0,0,0,0,0,0,146.138,0,0,0
"MtrElec",5,5,6,"",208.353,0,0,0,0,0,0,0,0,0,0,0,0,0,0,0,0,0,0,0,0,208.353,0,0,0
"MtrElec",5,5,7,"",204.71,0,0,0,0,0,0,0,0,0,0,0,0,0,0,0,0,0,0,0,0,217.527,0,0,-12.8171
"MtrElec",5,5,8,"",255.927,0,0,0,0,0,0,0,0,0,0,0,0,0,0,0,0,0,0,0,0,327.083,0,0,-71.1562
"MtrElec",5,5,9,"",247.523,0,0,0,0,0,0,0,0,0,0,0,0,0,0,0,0,0,0,0,0,386.316,0,0,-138.793
"MtrElec",5,5,10,"",182.402,0,0,0,0,0,0,0,0,0,0,0,0,0,0,0,0,0,0,0,0,383.494,0,0,-201.092
"MtrElec",5,5,11,"",44.796,0,0,0,0,0,0,0,0,0,0,0,0,0,0,0,0,0,0,0,0,392.932,0,0,-348.136
"MtrElec",5,5,12,"",0,0,0,0,0,0,0,0,0,0,0,0,0,0,0,0,0,0,0,0,0,424.139,0,108.477,-532.616
"MtrElec",5,5,13,"",0,0,0,0,0,0,0,0,0,0,0,0,0,0,0,0,0,0,0,0,0,492.505,0,101.184,-593.689
"MtrElec",5,5,14,"",-86.479,0,0,0,0,0,0,0,0,0,0,0,0,0,0,0,0,0,0,0,0,368.791,0,223.222,-678.492
"MtrElec",5,5,15,"",-4.01602,0,0,0,0,0,0,0,0,0,0,0,0,0,0,0,0,0,0,0,0,406.877,0,223.222,-634.116
"MtrElec",5,5,16,"",0.0000078,0,0,0,0,0,0,0,0,0,0,0,0,0,0,0,0,0,0,0,0,371.456,0,122.512,-493.968
"MtrElec",5,5,17,"",62.1709,0,0,0,0,0,0,0,0,0,0,0,0,0,0,0,0,0,0,0,0,425.985,0,0,-363.814
"MtrElec",5,5,18,"",233.862,0,0,0,0,0,0,0,0,0,0,0,0,0,0,0,0,0,0,0,0,456.95,0,0,-223.089
"MtrElec",5,5,19,"",143.128,0,0,0,0,0,0,0,0,0,0,0,0,0,0,0,0,0,0,0,0,429.503,0,-223.222,-63.153
"MtrElec",5,5,20,"",208.791,0,0,0,0,0,0,0,0,0,0,0,0,0,0,0,0,0,0,0,0,435.522,0,-223.222,-3.50885
"MtrElec",5,5,21,"",160.452,0,0,0,0,0,0,0,0,0,0,0,0,0,0,0,0,0,0,0,0,383.675,0,-223.222,0
"MtrElec",5,5,22,"",251.42,0,0,0,0,0,0,0,0,0,0,0,0,0,0,0,0,0,0,0,0,284.456,0,-33.0362,0
"MtrElec",5,5,23,"",252.186,0,0,0,0,0,0,0,0,0,0,0,0,0,0,0,0,0,0,0,0,252.186,0,0,0
"MtrElec",5,5,24,"",203.975,0,0,0,0,0,0,0,0,0,0,0,0,0,0,0,0,0,0,0,0,203.975,0,0,0
"MtrElec",5,6,1,"",160.702,0,0,0,0,0,0,0,0,0,0,0,0,0,0,0,0,0,0,0,0,160.702,0,0,0
"MtrElec",5,6,2,"",153.153,0,0,0,0,0,0,0,0,0,0,0,0,0,0,0,0,0,0,0,0,153.153,0,0,0
"MtrElec",5,6,3,"",148.636,0,0,0,0,0,0,0,0,0,0,0,0,0,0,0,0,0,0,0,0,148.636,0,0,0
"MtrElec",5,6,4,"",148.564,0,0,0,0,0,0,0,0,0,0,0,0,0,0,0,0,0,0,0,0,148.564,0,0,0
"MtrElec",5,6,5,"",145.248,0,0,0,0,0,0,0,0,0,0,0,0,0,0,0,0,0,0,0,0,145.248,0,0,0
"MtrElec",5,6,6,"",192.451,0,0,0,0,0,0,0,0,0,0,0,0,0,0,0,0,0,0,0,0,192.451,0,0,0
"MtrElec",5,6,7,"",213.287,0,0,0,0,0,0,0,0,0,0,0,0,0,0,0,0,0,0,0,0,230.663,0,0,-17.3752
"MtrElec",5,6,8,"",257.55,0,0,0,0,0,0,0,0,0,0,0,0,0,0,0,0,0,0,0,0,351.515,0,0,-93.965
"MtrElec",5,6,9,"",205.559,0,0,0,0,0,0,0,0,0,0,0,0,0,0,0,0,0,0,0,0,355.641,0,0,-150.082
"MtrElec",5,6,10,"",217.919,0,0,0,0,0,0,0,0,0,0,0,0,0,0,0,0,0,0,0,0,432.311,0,0,-214.392
"MtrElec",5,6,11,"",262.294,0,0,0,0,0,0,0,0,0,0,0,0,0,0,0,0,0,0,0,0,461.611,0,0,-199.317
"MtrElec",5,6,12,"",277.452,0,0,0,0,0,0,0,0,0,0,0,0,0,0,0,0,0,0,0,0,451.061,0,0,-173.609
"MtrElec",5,6,13,"",324.273,0,0,0,0,0,0,0,0,0,0,0,0,0,0,0,0,0,0,0,0,429.766,0,0,-105.492
"MtrElec",5,6,14,"",0,0,0,0,0,0,0,0,0,0,0,0,0,0,0,0,0,0,0,0,0,380.597,0,23.589,-404.186
"MtrElec",5,6,15,"",0,0,0,0,0,0,0,0,0,0,0,0,0,0,0,0,0,0,0,0,0,385.306,0,19.1228,-404.428
"MtrElec",5,6,16,"",70.9837,0,0,0,0,0,0,0,0,0,0,0,0,0,0,0,0,0,0,0,0,348.738,0,0,-277.754
"MtrElec",5,6,17,"",179.22,0,0,0,0,0,0,0,0,0,0,0,0,0,0,0,0,0,0,0,0,415.953,0,0,-236.734
"MtrElec",5,6,18,"",167.36,0,0,0,0,0,0,0,0,0,0,0,0,0,0,0,0,0,0,0,0,385.527,0,0,-218.167
"MtrElec",5,6,19,"",261.772,0,0,0,0,0,0,0,0,0,0,0,0,0,0,0,0,0,0,0,0,371.251,0,-38.5474,-70.9317
"MtrElec",5,6,20,"",398.915,0,0,0,0,0,0,0,0,0,0,0,0,0,0,0,0,0,0,0,0,405.502,0,0,-6.58744
"MtrElec",5,6,21,"",364.359,0,0,0,0,0,0,0,0,0,0,0,0,0,0,0,0,0,0,0,0,364.359,0,0,0
"MtrElec",5,6,22,"",313.786,0,0,0,0,0,0,0,0,0,0,0,0,0,0,0,0,0,0,0,0,313.786,0,0,0
"MtrElec",5,6,23,"",251.724,0,0,0,0,0,0,0,0,0,0,0,0,0,0,0,0,0,0,0,0,251.724,0,0,0
"MtrElec",5,6,24,"",183.593,0,0,0,0,0,0,0,0,0,0,0,0,0,0,0,0,0,0,0,0,183.593,0,0,0
"MtrElec",5,7,1,"",177.799,0,0,0,0,0,0,0,0,0,0,0,0,0,0,0,0,0,0,0,0,177.799,0,0,0
"MtrElec",5,7,2,"",149.544,0,0,0,0,0,0,0,0,0,0,0,0,0,0,0,0,0,0,0,0,149.544,0,0,0
"MtrElec",5,7,3,"",196.108,0,0,0,0,0,0,0,0,0,0,0,0,0,0,0,0,0,0,0,0,196.108,0,0,0
"MtrElec",5,7,4,"",150.821,0,0,0,0,0,0,0,0,0,0,0,0,0,0,0,0,0,0,0,0,150.821,0,0,0
"MtrElec",5,7,5,"",150.243,0,0,0,0,0,0,0,0,0,0,0,0,0,0,0,0,0,0,0,0,150.243,0,0,0
"MtrElec",5,7,6,"",150.977,0,0,0,0,0,0,0,0,0,0,0,0,0,0,0,0,0,0,0,0,150.977,0,0,0
"MtrElec",5,7,7,"",233.843,0,0,0,0,0,0,0,0,0,0,0,0,0,0,0,0,0,0,0,0,255.986,0,0,-22.1426
"MtrElec",5,7,8,"",220.269,0,0,0,0,0,0,0,0,0,0,0,0,0,0,0,0,0,0,0,0,337.962,0,0,-117.693
"MtrElec",5,7,9,"",139.723,0,0,0,0,0,0,0,0,0,0,0,0,0,0,0,0,0,0,0,0,391.792,0,0,-252.069
"MtrElec",5,7,10,"",-30.4971,0,0,0,0,0,0,0,0,0,0,0,0,0,0,0,0,0,0,0,0,424.706,0,0,-455.203
"MtrElec",5,7,11,"",0.0000078,0,0,0,0,0,0,0,0,0,0,0,0,0,0,0,0,0,0,0,0,383.845,0,104.045,-487.89
"MtrElec",5,7,12,"",0.0000156,0,0,0,0,0,0,0,0,0,0,0,0,0,0,0,0,0,0,0,0,404.158,0,140.417,-544.575
"MtrElec",5,7,13,"",65.1045,0,0,0,0,0,0,0,0,0,0,0,0,0,0,0,0,0,0,0,0,484.2,0,0,-419.095
"MtrElec",5,7,14,"",117.185,0,0,0,0,0,0,0,0,0,0,0,0,0,0,0,0,0,0,0,0,379.812,0,0,-262.627
"MtrElec",5,7,15,"",0,0,0,0,0,0,0,0,0,0,0,0,0,0,0,0,0,0,0,0,0,339.235,0,19.364,-358.599
"MtrElec",5,7,16,"",1.55797,0,0,0,0,0,0,0,0,0,0,0,0,0,0,0,0,0,0,0,0,367.655,0,0,-366.097
"MtrElec",5,7,17,"",128.172,0,0,0,0,0,0,0,0,0,0,0,0,0,0,0,0,0,0,0,0,347.185,0,0,-219.013
"MtrElec",5,7,18,"",387.939,0,0,0,0,0,0,0,0,0,0,0,0,0,0,0,0,0,0,0,0,400.336,0,0,-12.3972
"MtrElec",5,7,19,"",114.94,0,0,0,0,0,0,0,0,0,0,0,0,0,0,0,0,0,0,0,0,386.862,0,-223.222,-48.6997
"MtrElec",5,7,20,"",397.73,0,0,0,0,0,0,0,0,0,0,0,0,0,0,0,0,0,0,0,0,417.475,0,-14.8805,-4.86431
"MtrElec",5,7,21,"",390.639,0,0,0,0,0,0,0,0,0,0,0,0,0,0,0,0,0,0,0,0,390.639,0,0,0
"MtrElec",5,7,22,"",245.163,0,0,0,0,0,0,0,0,0,0,0,0,0,0,0,0,0,0,0,0,245.163,0,0,0
"MtrElec",5,7,23,"",273.421,0,0,0,0,0,0,0,0,0,0,0,0,0,0,0,0,0,0,0,0,273.421,0,0,0
"MtrElec",5,7,24,"",217.315,0,0,0,0,0,0,0,0,0,0,0,0,0,0,0,0,0,0,0,0,217.315,0,0,0
"MtrElec",5,8,1,"",153.204,0,0,0,0,0,0,0,0,0,0,0,0,0,0,0,0,0,0,0,0,153.204,0,0,0
"MtrElec",5,8,2,"",192.051,0,0,0,0,0,0,0,0,0,0,0,0,0,0,0,0,0,0,0,0,192.051,0,0,0
"MtrElec",5,8,3,"",150.025,0,0,0,0,0,0,0,0,0,0,0,0,0,0,0,0,0,0,0,0,150.025,0,0,0
"MtrElec",5,8,4,"",164.429,0,0,0,0,0,0,0,0,0,0,0,0,0,0,0,0,0,0,0,0,164.429,0,0,0
"MtrElec",5,8,5,"",154.374,0,0,0,0,0,0,0,0,0,0,0,0,0,0,0,0,0,0,0,0,154.374,0,0,0
"MtrElec",5,8,6,"",146.699,0,0,0,0,0,0,0,0,0,0,0,0,0,0,0,0,0,0,0,0,146.699,0,0,0
"MtrElec",5,8,7,"",222.465,0,0,0,0,0,0,0,0,0,0,0,0,0,0,0,0,0,0,0,0,240.266,0,0,-17.8005
"MtrElec",5,8,8,"",172.049,0,0,0,0,0,0,0,0,0,0,0,0,0,0,0,0,0,0,0,0,307.056,0,0,-135.007
"MtrElec",5,8,9,"",44.6754,0,0,0,0,0,0,0,0,0,0,0,0,0,0,0,0,0,0,0,0,362.086,0,0,-317.411
"MtrElec",5,8,10,"",-72.9222,0,0,0,0,0,0,0,0,0,0,0,0,0,0,0,0,0,0,0,0,408.239,0,0,-481.161
"MtrElec",5,8,11,"",0,0,0,0,0,0,0,0,0,0,0,0,0,0,0,0,0,0,0,0,0,464.013,0,134.849,-598.862
"MtrElec",5,8,12,"",-30.7444,0,0,0,0,0,0,0,0,0,0,0,0,0,0,0,0,0,0,0,0,414.759,0,223.222,-668.726
"MtrElec",5,8,13,"",-92.6553,0,0,0,0,0,0,0,0,0,0,0,0,0,0,0,0,0,0,0,0,394.02,0,223.222,-709.898
"MtrElec",5,8,14,"",-74.1695,0,0,0,0,0,0,0,0,0,0,0,0,0,0,0,0,0,0,0,0,394.092,0,217.669,-685.93
"MtrElec",5,8,15,"",-196.952,0,0,0,0,0,0,0,0,0,0,0,0,0,0,0,0,0,0,0,0,335.236,0,0,-532.188
"MtrElec",5,8,16,"",-63.1142,0,0,0,0,0,0,0,0,0,0,0,0,0,0,0,0,0,0,0,0,388.609,0,0,-451.723
"MtrElec",5,8,17,"",66.6677,0,0,0,0,0,0,0,0,0,0,0,0,0,0,0,0,0,0,0,0,444.428,0,0,-377.76
"MtrElec",5,8,18,"",161.922,0,0,0,0,0,0,0,0,0,0,0,0,0,0,0,0,0,0,0,0,391.413,0,0,-229.491
"MtrElec",5,8,19,"",108.879,0,0,0,0,0,0,0,0,0,0,0,0,0,0,0,0,0,0,0,0,398.695,0,-223.222,-66.5939
"MtrElec",5,8,20,"",169.18,0,0,0,0,0,0,0,0,0,0,0,0,0,0,0,0,0,0,0,0,398.896,0,-223.222,-6.49379
"MtrElec",5,8,21,"",156.406,0,0,0,0,0,0,0,0,0,0,0,0,0,0,0,0,0,0,0,0,379.628,0,-223.222,0
"MtrElec",5,8,22,"",226.363,0,0,0,0,0,0,0,0,0,0,0,0,0,0,0,0,0,0,0,0,277.759,0,-51.3963,0
"MtrElec",5,8,23,"",257.648,0,0,0,0,0,0,0,0,0,0,0,0,0,0,0,0,0,0,0,0,257.648,0,0,0
"MtrElec",5,8,24,"",178.852,0,0,0,0,0,0,0,0,0,0,0,0,0,0,0,0,0,0,0,0,178.852,0,0,0
"MtrElec",5,9,1,"",177.639,0,0,0,0,0,0,0,0,0,0,0,0,0,0,0,0,0,0,0,0,177.639,0,0,0
"MtrElec",5,9,2,"",149.812,0,0,0,0,0,0,0,0,0,0,0,0,0,0,0,0,0,0,0,0,149.812,0,0,0
"MtrElec",5,9,3,"",155.814,0,0,0,0,0,0,0,0,0,0,0,0,0,0,0,0,0,0,0,0,155.814,0,0,0
"MtrElec",5,9,4,"",201.13,0,0,0,0,0,0,0,0,0,0,0,0,0,0,0,0,0,0,0,0,201.13,0,0,0
"MtrElec",5,9,5,"",181.521,0,0,0,0,0,0,0,0,0,0,0,0,0,0,0,0,0,0,0,0,181.521,0,0,0
"MtrElec",5,9,6,"",148.175,0,0,0,0,0,0,0,0,0,0,0,0,0,0,0,0,0,0,0,0,148.175,0,0,0
"MtrElec",5,9,7,"",172.403,0,0,0,0,0,0,0,0,0,0,0,0,0,0,0,0,0,0,0,0,183.235,0,0,-10.8317
"MtrElec",5,9,8,"",221.849,0,0,0,0,0,0,0,0,0,0,0,0,0,0,0,0,0,0,0,0,280,0,0,-58.1507
"MtrElec",5,9,9,"",242.889,0,0,0,0,0,0,0,0,0,0,0,0,0,0,0,0,0,0,0,0,348.502,0,0,-105.613
"MtrElec",5,9,10,"",350.034,0,0,0,0,0,0,0,0,0,0,0,0,0,0,0,0,0,0,0,0,449.382,0,0,-99.3483
"MtrElec",5,9,11,"",219.772,0,0,0,0,0,0,0,0,0,0,0,0,0,0,0,0,0,0,0,0,506.607,0,0,-286.836
"MtrElec",5,9,12,"",199.382,0,0,0,0,0,0,0,0,0,0,0,0,0,0,0,0,0,0,0,0,480.634,0,0,-281.252
"MtrElec",5,9,13,"",138.064,0,0,0,0,0,0,0,0,0,0,0,0,0,0,0,0,0,0,0,0,461.434,0,0,-323.37
"MtrElec",5,9,14,"",55.669,0,0,0,0,0,0,0,0,0,0,0,0,0,0,0,0,0,0,0,0,427.152,0,0,-371.483
"MtrElec",5,9,15,"",0.0000156,0,0,0,0,0,0,0,0,0,0,0,0,0,0,0,0,0,0,0,0,414.452,0,171.012,-585.464
"MtrElec",5,9,16,"",0.0000078,0,0,0,0,0,0,0,0,0,0,0,0,0,0,0,0,0,0,0,0,404.827,0,127.183,-532.01
"MtrElec",5,9,17,"",28.6693,0,0,0,0,0,0,0,0,0,0,0,0,0,0,0,0,0,0,0,0,419.584,0,0,-390.915
"MtrElec",5,9,18,"",210.857,0,0,0,0,0,0,0,0,0,0,0,0,0,0,0,0,0,0,0,0,433.611,0,0,-222.754
"MtrElec",5,9,19,"",121.751,0,0,0,0,0,0,0,0,0,0,0,0,0,0,0,0,0,0,0,0,416.366,0,-223.222,-71.3929
"MtrElec",5,9,20,"",344.388,0,0,0,0,0,0,0,0,0,0,0,0,0,0,0,0,0,0,0,0,396.743,0,-45.8993,-6.45546
"MtrElec",5,9,21,"",312.099,0,0,0,0,0,0,0,0,0,0,0,0,0,0,0,0,0,0,0,0,312.099,0,0,0
"MtrElec",5,9,22,"",311.731,0,0,0,0,0,0,0,0,0,0,0,0,0,0,0,0,0,0,0,0,311.731,0,0,0
"MtrElec",5,9,23,"",234.055,0,0,0,0,0,0,0,0,0,0,0,0,0,0,0,0,0,0,0,0,234.055,0,0,0
"MtrElec",5,9,24,"",189.798,0,0,0,0,0,0,0,0,0,0,0,0,0,0,0,0,0,0,0,0,189.798,0,0,0
"MtrElec",5,10,1,"",167.103,0,0,0,0,0,0,0,0,0,0,0,0,0,0,0,0,0,0,0,0,167.103,0,0,0
"MtrElec",5,10,2,"",149.312,0,0,0,0,0,0,0,0,0,0,0,0,0,0,0,0,0,0,0,0,149.312,0,0,0
"MtrElec",5,10,3,"",146.43,0,0,0,0,0,0,0,0,0,0,0,0,0,0,0,0,0,0,0,0,146.43,0,0,0
"MtrElec",5,10,4,"",187.839,0,0,0,0,0,0,0,0,0,0,0,0,0,0,0,0,0,0,0,0,187.839,0,0,0
"MtrElec",5,10,5,"",152.311,0,0,0,0,0,0,0,0,0,0,0,0,0,0,0,0,0,0,0,0,152.311,0,0,0
"MtrElec",5,10,6,"",146.936,0,0,0,0,0,0,0,0,0,0,0,0,0,0,0,0,0,0,0,0,146.936,0,0,0
"MtrElec",5,10,7,"",151.67,0,0,0,0,0,0,0,0,0,0,0,0,0,0,0,0,0,0,0,0,158.025,0,0,-6.35522
"MtrElec",5,10,8,"",191.27,0,0,0,0,0,0,0,0,0,0,0,0,0,0,0,0,0,0,0,0,232.933,0,0,-41.6635
"MtrElec",5,10,9,"",218.38,0,0,0,0,0,0,0,0,0,0,0,0,0,0,0,0,0,0,0,0,292.112,0,0,-73.7313
"MtrElec",5,10,10,"",258.261,0,0,0,0,0,0,0,0,0,0,0,0,0,0,0,0,0,0,0,0,345.09,0,0,-86.829
"MtrElec",5,10,11,"",262.904,0,0,0,0,0,0,0,0,0,0,0,0,0,0,0,0,0,0,0,0,409.102,0,0,-146.198
"MtrElec",5,10,12,"",304.82,0,0,0,0,0,0,0,0,0,0,0,0,0,0,0,0,0,0,0,0,375.639,0,0,-70.819
"MtrElec",5,10,13,"",334.367,0,0,0,0,0,0,0,0,0,0,0,0,0,0,0,0,0,0,0,0,429.732,0,0,-95.3648
"MtrElec",5,10,14,"",157.237,0,0,0,0,0,0,0,0,0,0,0,0,0,0,0,0,0,0,0,0,367.911,0,0,-210.673
"MtrElec",5,10,15,"",92.4054,0,0,0,0,0,0,0,0,0,0,0,0,0,0,0,0,0,0,0,0,416.557,0,0,-324.152
"MtrElec",5,10,16,"",164.757,0,0,0,0,0,0,0,0,0,0,0,0,0,0,0,0,0,0,0,0,365.976,0,0,-201.218
"MtrElec",5,10,17,"",222.748,0,0,0,0,0,0,0,0,0,0,0,0,0,0,0,0,0,0,0,0,368.702,0,0,-145.954
"MtrElec",5,10,18,"",307.862,0,0,0,0,0,0,0,0,0,0,0,0,0,0,0,0,0,0,0,0,385.988,0,0,-78.1258
"MtrElec",5,10,19,"",399.241,0,0,0,0,0,0,0,0,0,0,0,0,0,0,0,0,0,0,0,0,459.475,0,0,-60.2344
"MtrElec",5,10,20,"",338.63,0,0,0,0,0,0,0,0,0,0,0,0,0,0,0,0,0,0,0,0,345.721,0,0,-7.09189
"MtrElec",5,10,21,"",312.832,0,0,0,0,0,0,0,0,0,0,0,0,0,0,0,0,0,0,0,0,312.832,0,0,0
"MtrElec",5,10,22,"",309.292,0,0,0,0,0,0,0,0,0,0,0,0,0,0,0,0,0,0,0,0,309.292,0,0,0
"MtrElec",5,10,23,"",248.163,0,0,0,0,0,0,0,0,0,0,0,0,0,0,0,0,0,0,0,0,248.163,0,0,0
"MtrElec",5,10,24,"",209.525,0,0,0,0,0,0,0,0,0,0,0,0,0,0,0,0,0,0,0,0,209.525,0,0,0
"MtrElec",5,11,1,"",154.947,0,0,0,0,0,0,0,0,0,0,0,0,0,0,0,0,0,0,0,0,154.947,0,0,0
"MtrElec",5,11,2,"",151.637,0,0,0,0,0,0,0,0,0,0,0,0,0,0,0,0,0,0,0,0,151.637,0,0,0
"MtrElec",5,11,3,"",148.94,0,0,0,0,0,0,0,0,0,0,0,0,0,0,0,0,0,0,0,0,148.94,0,0,0
"MtrElec",5,11,4,"",148.633,0,0,0,0,0,0,0,0,0,0,0,0,0,0,0,0,0,0,0,0,148.633,0,0,0
"MtrElec",5,11,5,"",146.217,0,0,0,0,0,0,0,0,0,0,0,0,0,0,0,0,0,0,0,0,146.217,0,0,0
"MtrElec",5,11,6,"",198.142,0,0,0,0,0,0,0,0,0,0,0,0,0,0,0,0,0,0,0,0,198.142,0,0,0
"MtrElec",5,11,7,"",197.083,0,0,0,0,0,0,0,0,0,0,0,0,0,0,0,0,0,0,0,0,219.843,0,0,-22.7597
"MtrElec",5,11,8,"",235.377,0,0,0,0,0,0,0,0,0,0,0,0,0,0,0,0,0,0,0,0,370.797,0,0,-135.421
"MtrElec",5,11,9,"",62.0164,0,0,0,0,0,0,0,0,0,0,0,0,0,0,0,0,0,0,0,0,369.49,0,0,-307.474
"MtrElec",5,11,10,"",-40.5998,0,0,0,0,0,0,0,0,0,0,0,0,0,0,0,0,0,0,0,0,430.615,0,0,-471.215
"MtrElec",5,11,11,"",0,0,0,0,0,0,0,0,0,0,0,0,0,0,0,0,0,0,0,0,0,457.998,0,140.165,-598.163
"MtrElec",5,11,12,"",-32.4244,0,0,0,0,0,0,0,0,0,0,0,0,0,0,0,0,0,0,0,0,422.471,0,223.222,-678.117
"MtrElec",5,11,13,"",-70.8402,0,0,0,0,0,0,0,0,0,0,0,0,0,0,0,0,0,0,0,0,417.353,0,223.222,-711.415
"MtrElec",5,11,14,"",-79.6231,0,0,0,0,0,0,0,0,0,0,0,0,0,0,0,0,0,0,0,0,408.976,0,212.353,-700.951
"MtrElec",5,11,15,"",-261.976,0,0,0,0,0,0,0,0,0,0,0,0,0,0,0,0,0,0,0,0,389.615,0,0,-651.591
"MtrElec",5,11,16,"",-167.052,0,0,0,0,0,0,0,0,0,0,0,0,0,0,0,0,0,0,0,0,387.913,0,0,-554.965
"MtrElec",5,11,17,"",48.9868,0,0,0,0,0,0,0,0,0,0,0,0,0,0,0,0,0,0,0,0,462.229,0,0,-413.242
"MtrElec",5,11,18,"",197.297,0,0,0,0,0,0,0,0,0,0,0,0,0,0,0,0,0,0,0,0,434.932,0,0,-237.635
"MtrElec",5,11,19,"",132.707,0,0,0,0,0,0,0,0,0,0,0,0,0,0,0,0,0,0,0,0,423.006,0,-223.222,-67.0769
"MtrElec",5,11,20,"",160.398,0,0,0,0,0,0,0,0,0,0,0,0,0,0,0,0,0,0,0,0,389.513,0,-223.222,-5.89239
"MtrElec",5,11,21,"",137.113,0,0,0,0,0,0,0,0,0,0,0,0,0,0,0,0,0,0,0,0,360.336,0,-223.222,0
"MtrElec",5,11,22,"",232.51,0,0,0,0,0,0,0,0,0,0,0,0,0,0,0,0,0,0,0,0,283.906,0,-51.3963,0
"MtrElec",5,11,23,"",262.334,0,0,0,0,0,0,0,0,0,0,0,0,0,0,0,0,0,0,0,0,262.334,0,0,0
"MtrElec",5,11,24,"",177.583,0,0,0,0,0,0,0,0,0,0,0,0,0,0,0,0,0,0,0,0,177.583,0,0,0
"MtrElec",5,12,1,"",156.786,0,0,0,0,0,0,0,0,0,0,0,0,0,0,0,0,0,0,0,0,156.786,0,0,0
"MtrElec",5,12,2,"",154.316,0,0,0,0,0,0,0,0,0,0,0,0,0,0,0,0,0,0,0,0,154.316,0,0,0
"MtrElec",5,12,3,"",188.697,0,0,0,0,0,0,0,0,0,0,0,0,0,0,0,0,0,0,0,0,188.697,0,0,0
"MtrElec",5,12,4,"",153.794,0,0,0,0,0,0,0,0,0,0,0,0,0,0,0,0,0,0,0,0,153.794,0,0,0
"MtrElec",5,12,5,"",143.644,0,0,0,0,0,0,0,0,0,0,0,0,0,0,0,0,0,0,0,0,143.644,0,0,0
"MtrElec",5,12,6,"",177.824,0,0,0,0,0,0,0,0,0,0,0,0,0,0,0,0,0,0,0,0,177.824,0,0,0
"MtrElec",5,12,7,"",259.09,0,0,0,0,0,0,0,0,0,0,0,0,0,0,0,0,0,0,0,0,279.411,0,0,-20.3209
"MtrElec",5,12,8,"",220.664,0,0,0,0,0,0,0,0,0,0,0,0,0,0,0,0,0,0,0,0,312.471,0,0,-91.8074
"MtrElec",5,12,9,"",194.149,0,0,0,0,0,0,0,0,0,0,0,0,0,0,0,0,0,0,0,0,376.141,0,0,-181.992
"MtrElec",5,12,10,"",49.8769,0,0,0,0,0,0,0,0,0,0,0,0,0,0,0,0,0,0,0,0,435.386,0,0,-385.509
"MtrElec",5,12,11,"",0,0,0,0,0,0,0,0,0,0,0,0,0,0,0,0,0,0,0,0,0,449.792,0,133.453,-583.245
"MtrElec",5,12,12,"",-20.4509,0,0,0,0,0,0,0,0,0,0,0,0,0,0,0,0,0,0,0,0,427.197,0,223.222,-670.87
"MtrElec",5,12,13,"",-38.8996,0,0,0,0,0,0,0,0,0,0,0,0,0,0,0,0,0,0,0,0,438.095,0,223.222,-700.217
"MtrElec",5,12,14,"",-104.409,0,0,0,0,0,0,0,0,0,0,0,0,0,0,0,0,0,0,0,0,361.929,0,219.065,-685.403
"MtrElec",5,12,15,"",-227.417,0,0,0,0,0,0,0,0,0,0,0,0,0,0,0,0,0,0,0,0,406.236,0,0,-633.653
"MtrElec",5,12,16,"",-141.682,0,0,0,0,0,0,0,0,0,0,0,0,0,0,0,0,0,0,0,0,403.909,0,0,-545.591
"MtrElec",5,12,17,"",-18.8358,0,0,0,0,0,0,0,0,0,0,0,0,0,0,0,0,0,0,0,0,394.788,0,0,-413.624
"MtrElec",5,12,18,"",198.091,0,0,0,0,0,0,0,0,0,0,0,0,0,0,0,0,0,0,0,0,435.413,0,0,-237.322
"MtrElec",5,12,19,"",139.454,0,0,0,0,0,0,0,0,0,0,0,0,0,0,0,0,0,0,0,0,429.377,0,-223.222,-66.7005
"MtrElec",5,12,20,"",203.651,0,0,0,0,0,0,0,0,0,0,0,0,0,0,0,0,0,0,0,0,433.359,0,-223.222,-6.48583
"MtrElec",5,12,21,"",190.609,0,0,0,0,0,0,0,0,0,0,0,0,0,0,0,0,0,0,0,0,413.831,0,-223.222,0
"MtrElec",5,12,22,"",236.722,0,0,0,0,0,0,0,0,0,0,0,0,0,0,0,0,0,0,0,0,288.119,0,-51.3963,0
"MtrElec",5,12,23,"",261.021,0,0,0,0,0,0,0,0,0,0,0,0,0,0,0,0,0,0,0,0,261.021,0,0,0
"MtrElec",5,12,24,"",192.418,0,0,0,0,0,0,0,0,0,0,0,0,0,0,0,0,0,0,0,0,192.418,0,0,0
"MtrElec",5,13,1,"",156.469,0,0,0,0,0,0,0,0,0,0,0,0,0,0,0,0,0,0,0,0,156.469,0,0,0
"MtrElec",5,13,2,"",153.098,0,0,0,0,0,0,0,0,0,0,0,0,0,0,0,0,0,0,0,0,153.098,0,0,0
"MtrElec",5,13,3,"",152.129,0,0,0,0,0,0,0,0,0,0,0,0,0,0,0,0,0,0,0,0,152.129,0,0,0
"MtrElec",5,13,4,"",158.904,0,0,0,0,0,0,0,0,0,0,0,0,0,0,0,0,0,0,0,0,158.904,0,0,0
"MtrElec",5,13,5,"",192.67,0,0,0,0,0,0,0,0,0,0,0,0,0,0,0,0,0,0,0,0,192.67,0,0,0
"MtrElec",5,13,6,"",153.513,0,0,0,0,0,0,0,0,0,0,0,0,0,0,0,0,0,0,0,0,153.513,0,0,0
"MtrElec",5,13,7,"",257.885,0,0,0,0,0,0,0,0,0,0,0,0,0,0,0,0,0,0,0,0,277.448,0,0,-19.563
"MtrElec",5,13,8,"",201.519,0,0,0,0,0,0,0,0,0,0,0,0,0,0,0,0,0,0,0,0,344.322,0,0,-142.804
"MtrElec",5,13,9,"",72.3634,0,0,0,0,0,0,0,0,0,0,0,0,0,0,0,0,0,0,0,0,404.97,0,0,-332.606
"MtrElec",5,13,10,"",-97.8569,0,0,0,0,0,0,0,0,0,0,0,0,0,0,0,0,0,0,0,0,393.932,0,0,-491.788
"MtrElec",5,13,11,"",0,0,0,0,0,0,0,0,0,0,0,0,0,0,0,0,0,0,0,0,0,442.51,0,171.672,-614.182
"MtrElec",5,13,12,"",-26.8411,0,0,0,0,0,0,0,0,0,0,0,0,0,0,0,0,0,0,0,0,443.107,0,223.222,-693.171
"MtrElec",5,13,13,"",-23.6747,0,0,0,0,0,0,0,0,0,0,0,0,0,0,0,0,0,0,0,0,480.143,0,223.222,-727.04
"MtrElec",5,13,14,"",-151.227,0,0,0,0,0,0,0,0,0,0,0,0,0,0,0,0,0,0,0,0,391.799,0,180.845,-723.871
"MtrElec",5,13,15,"",-321.7,0,0,0,0,0,0,0,0,0,0,0,0,0,0,0,0,0,0,0,0,345.073,0,0,-666.774
"MtrElec",5,13,16,"",-155.942,0,0,0,0,0,0,0,0,0,0,0,0,0,0,0,0,0,0,0,0,404.267,0,0,-560.209
"MtrElec",5,13,17,"",-5.80337,0,0,0,0,0,0,0,0,0,0,0,0,0,0,0,0,0,0,0,0,416.527,0,0,-422.33
"MtrElec",5,13,18,"",198.634,0,0,0,0,0,0,0,0,0,0,0,0,0,0,0,0,0,0,0,0,441.514,0,0,-242.88
"MtrElec",5,13,19,"",117.729,0,0,0,0,0,0,0,0,0,0,0,0,0,0,0,0,0,0,0,0,411.054,0,-223.222,-70.1022
"MtrElec",5,13,20,"",193.62,0,0,0,0,0,0,0,0,0,0,0,0,0,0,0,0,0,0,0,0,423.952,0,-223.222,-7.10939
"MtrElec",5,13,21,"",143.617,0,0,0,0,0,0,0,0,0,0,0,0,0,0,0,0,0,0,0,0,366.839,0,-223.222,0
"MtrElec",5,13,22,"",220.198,0,0,0,0,0,0,0,0,0,0,0,0,0,0,0,0,0,0,0,0,271.594,0,-51.3963,0
"MtrElec",5,13,23,"",282.919,0,0,0,0,0,0,0,0,0,0,0,0,0,0,0,0,0,0,0,0,282.919,0,0,0
"MtrElec",5,13,24,"",210.535,0,0,0,0,0,0,0,0,0,0,0,0,0,0,0,0,0,0,0,0,210.535,0,0,0
"MtrElec",5,14,1,"",190.383,0,0,0,0,0,0,0,0,0,0,0,0,0,0,0,0,0,0,0,0,190.383,0,0,0
"MtrElec",5,14,2,"",176.488,0,0,0,0,0,0,0,0,0,0,0,0,0,0,0,0,0,0,0,0,176.488,0,0,0
"MtrElec",5,14,3,"",147.825,0,0,0,0,0,0,0,0,0,0,0,0,0,0,0,0,0,0,0,0,147.825,0,0,0
"MtrElec",5,14,4,"",150.144,0,0,0,0,0,0,0,0,0,0,0,0,0,0,0,0,0,0,0,0,150.144,0,0,0
"MtrElec",5,14,5,"",147.278,0,0,0,0,0,0,0,0,0,0,0,0,0,0,0,0,0,0,0,0,147.278,0,0,0
"MtrElec",5,14,6,"",191.53,0,0,0,0,0,0,0,0,0,0,0,0,0,0,0,0,0,0,0,0,191.53,0,0,0
"MtrElec",5,14,7,"",233.705,0,0,0,0,0,0,0,0,0,0,0,0,0,0,0,0,0,0,0,0,261.228,0,0,-27.5222
"MtrElec",5,14,8,"",172.838,0,0,0,0,0,0,0,0,0,0,0,0,0,0,0,0,0,0,0,0,303.421,0,0,-130.583
"MtrElec",5,14,9,"",150.909,0,0,0,0,0,0,0,0,0,0,0,0,0,0,0,0,0,0,0,0,389.591,0,0,-238.683
"MtrElec",5,14,10,"",127.895,0,0,0,0,0,0,0,0,0,0,0,0,0,0,0,0,0,0,0,0,430.353,0,0,-302.458
"MtrElec",5,14,11,"",0.0000010,0,0,0,0,0,0,0,0,0,0,0,0,0,0,0,0,0,0,0,0,428.217,0,10.211,-438.428
"MtrElec",5,14,12,"",0.0000078,0,0,0,0,0,0,0,0,0,0,0,0,0,0,0,0,0,0,0,0,451.31,0,98.1664,-549.477
"MtrElec",5,14,13,"",0.0000078,0,0,0,0,0,0,0,0,0,0,0,0,0,0,0,0,0,0,0,0,447.819,0,129.103,-576.922
"MtrElec",5,14,14,"",-101.275,0,0,0,0,0,0,0,0,0,0,0,0,0,0,0,0,0,0,0,0,353.665,0,223.222,-678.162
"MtrElec",5,14,15,"",-14.3254,0,0,0,0,0,0,0,0,0,0,0,0,0,0,0,0,0,0,0,0,406.055,0,223.222,-643.603
"MtrElec",5,14,16,"",-33.1343,0,0,0,0,0,0,0,0,0,0,0,0,0,0,0,0,0,0,0,0,395.44,0,115.037,-543.611
"MtrElec",5,14,17,"",-28.865,0,0,0,0,0,0,0,0,0,0,0,0,0,0,0,0,0,0,0,0,380.669,0,0,-409.534
"MtrElec",5,14,18,"",215.074,0,0,0,0,0,0,0,0,0,0,0,0,0,0,0,0,0,0,0,0,453.282,0,0,-238.208
"MtrElec",5,14,19,"",141.098,0,0,0,0,0,0,0,0,0,0,0,0,0,0,0,0,0,0,0,0,436.338,0,-223.222,-72.0168
"MtrElec",5,14,20,"",180.525,0,0,0,0,0,0,0,0,0,0,0,0,0,0,0,0,0,0,0,0,411.487,0,-223.222,-7.74003
"MtrElec",5,14,21,"",198.467,0,0,0,0,0,0,0,0,0,0,0,0,0,0,0,0,0,0,0,0,421.689,0,-223.222,0
"MtrElec",5,14,22,"",249.69,0,0,0,0,0,0,0,0,0,0,0,0,0,0,0,0,0,0,0,0,301.087,0,-51.3963,0
"MtrElec",5,14,23,"",269.058,0,0,0,0,0,0,0,0,0,0,0,0,0,0,0,0,0,0,0,0,269.058,0,0,0
"MtrElec",5,14,24,"",184.839,0,0,0,0,0,0,0,0,0,0,0,0,0,0,0,0,0,0,0,0,184.839,0,0,0
"MtrElec",5,15,1,"",169.074,0,0,0,0,0,0,0,0,0,0,0,0,0,0,0,0,0,0,0,0,169.074,0,0,0
"MtrElec",5,15,2,"",195.149,0,0,0,0,0,0,0,0,0,0,0,0,0,0,0,0,0,0,0,0,195.149,0,0,0
"MtrElec",5,15,3,"",149.119,0,0,0,0,0,0,0,0,0,0,0,0,0,0,0,0,0,0,0,0,149.119,0,0,0
"MtrElec",5,15,4,"",150.164,0,0,0,0,0,0,0,0,0,0,0,0,0,0,0,0,0,0,0,0,150.164,0,0,0
"MtrElec",5,15,5,"",145.518,0,0,0,0,0,0,0,0,0,0,0,0,0,0,0,0,0,0,0,0,145.518,0,0,0
"MtrElec",5,15,6,"",148.888,0,0,0,0,0,0,0,0,0,0,0,0,0,0,0,0,0,0,0,0,148.888,0,0,0
"MtrElec",5,15,7,"",226.737,0,0,0,0,0,0,0,0,0,0,0,0,0,0,0,0,0,0,0,0,253.392,0,0,-26.6551
"MtrElec",5,15,8,"",250.9,0,0,0,0,0,0,0,0,0,0,0,0,0,0,0,0,0,0,0,0,392.321,0,0,-141.421
"MtrElec",5,15,9,"",64.9637,0,0,0,0,0,0,0,0,0,0,0,0,0,0,0,0,0,0,0,0,361.332,0,0,-296.368
"MtrElec",5,15,10,"",71.2817,0,0,0,0,0,0,0,0,0,0,0,0,0,0,0,0,0,0,0,0,389.81,0,0,-318.528
"MtrElec",5,15,11,"",0.0000156,0,0,0,0,0,0,0,0,0,0,0,0,0,0,0,0,0,0,0,0,429.486,0,145.72,-575.206
"MtrElec",5,15,12,"",0.0000156,0,0,0,0,0,0,0,0,0,0,0,0,0,0,0,0,0,0,0,0,410.068,0,168.989,-579.056
"MtrElec",5,15,13,"",-59.4564,0,0,0,0,0,0,0,0,0,0,0,0,0,0,0,0,0,0,0,0,395.781,0,223.222,-678.46
"MtrElec",5,15,14,"",-147.921,0,0,0,0,0,0,0,0,0,0,0,0,0,0,0,0,0,0,0,0,333.315,0,223.222,-704.458
"MtrElec",5,15,15,"",-268.965,0,0,0,0,0,0,0,0,0,0,0,0,0,0,0,0,0,0,0,0,349.512,0,37.8091,-656.286
"MtrElec",5,15,16,"",-189.012,0,0,0,0,0,0,0,0,0,0,0,0,0,0,0,0,0,0,0,0,359.735,0,0,-548.747
"MtrElec",5,15,17,"",-9.78406,0,0,0,0,0,0,0,0,0,0,0,0,0,0,0,0,0,0,0,0,399.261,0,0,-409.045
"MtrElec",5,15,18,"",160.524,0,0,0,0,0,0,0,0,0,0,0,0,0,0,0,0,0,0,0,0,395.648,0,0,-235.124
"MtrElec",5,15,19,"",111.337,0,0,0,0,0,0,0,0,0,0,0,0,0,0,0,0,0,0,0,0,407.932,0,-223.222,-73.372
"MtrElec",5,15,20,"",168.851,0,0,0,0,0,0,0,0,0,0,0,0,0,0,0,0,0,0,0,0,402.424,0,-223.222,-10.3505
"MtrElec",5,15,21,"",162.281,0,0,0,0,0,0,0,0,0,0,0,0,0,0,0,0,0,0,0,0,385.504,0,-223.222,0
"MtrElec",5,15,22,"",245.081,0,0,0,0,0,0,0,0,0,0,0,0,0,0,0,0,0,0,0,0,296.477,0,-51.3963,0
"MtrElec",5,15,23,"",289.293,0,0,0,0,0,0,0,0,0,0,0,0,0,0,0,0,0,0,0,0,289.293,0,0,0
"MtrElec",5,15,24,"",207.377,0,0,0,0,0,0,0,0,0,0,0,0,0,0,0,0,0,0,0,0,207.377,0,0,0
"MtrElec",5,16,1,"",153.738,0,0,0,0,0,0,0,0,0,0,0,0,0,0,0,0,0,0,0,0,153.738,0,0,0
"MtrElec",5,16,2,"",194.692,0,0,0,0,0,0,0,0,0,0,0,0,0,0,0,0,0,0,0,0,194.692,0,0,0
"MtrElec",5,16,3,"",146.327,0,0,0,0,0,0,0,0,0,0,0,0,0,0,0,0,0,0,0,0,146.327,0,0,0
"MtrElec",5,16,4,"",149.331,0,0,0,0,0,0,0,0,0,0,0,0,0,0,0,0,0,0,0,0,149.331,0,0,0
"MtrElec",5,16,5,"",158.378,0,0,0,0,0,0,0,0,0,0,0,0,0,0,0,0,0,0,0,0,158.378,0,0,0
"MtrElec",5,16,6,"",148.816,0,0,0,0,0,0,0,0,0,0,0,0,0,0,0,0,0,0,0,0,148.816,0,0,0
"MtrElec",5,16,7,"",196.039,0,0,0,0,0,0,0,0,0,0,0,0,0,0,0,0,0,0,0,0,224.531,0,0,-28.4926
"MtrElec",5,16,8,"",91.4846,0,0,0,0,0,0,0,0,0,0,0,0,0,0,0,0,0,0,0,0,226.311,0,0,-134.826
"MtrElec",5,16,9,"",91.3194,0,0,0,0,0,0,0,0,0,0,0,0,0,0,0,0,0,0,0,0,342.477,0,0,-251.157
"MtrElec",5,16,10,"",117.331,0,0,0,0,0,0,0,0,0,0,0,0,0,0,0,0,0,0,0,0,439.671,0,0,-322.34
"MtrElec",5,16,11,"",0,0,0,0,0,0,0,0,0,0,0,0,0,0,0,0,0,0,0,0,0,482.961,0,93.0644,-576.026
"MtrElec",5,16,12,"",60.2153,0,0,0,0,0,0,0,0,0,0,0,0,0,0,0,0,0,0,0,0,507.856,0,0,-447.641
"MtrElec",5,16,13,"",57.3025,0,0,0,0,0,0,0,0,0,0,0,0,0,0,0,0,0,0,0,0,447.802,0,0,-390.5
"MtrElec",5,16,14,"",0,0,0,0,0,0,0,0,0,0,0,0,0,0,0,0,0,0,0,0,0,486.735,0,139.905,-626.64
"MtrElec",5,16,15,"",0,0,0,0,0,0,0,0,0,0,0,0,0,0,0,0,0,0,0,0,0,440.49,0,194.302,-634.792
"MtrElec",5,16,16,"",0.0000156,0,0,0,0,0,0,0,0,0,0,0,0,0,0,0,0,0,0,0,0,407.027,0,134.288,-541.315
"MtrElec",5,16,17,"",45.5256,0,0,0,0,0,0,0,0,0,0,0,0,0,0,0,0,0,0,0,0,430.592,0,0,-385.066
"MtrElec",5,16,18,"",223.284,0,0,0,0,0,0,0,0,0,0,0,0,0,0,0,0,0,0,0,0,428.21,0,0,-204.926
"MtrElec",5,16,19,"",111.179,0,0,0,0,0,0,0,0,0,0,0,0,0,0,0,0,0,0,0,0,407.413,0,-223.222,-73.0114
"MtrElec",5,16,20,"",126.019,0,0,0,0,0,0,0,0,0,0,0,0,0,0,0,0,0,0,0,0,359.571,0,-223.222,-10.33
"MtrElec",5,16,21,"",266.635,0,0,0,0,0,0,0,0,0,0,0,0,0,0,0,0,0,0,0,0,326.997,0,-60.3627,0
"MtrElec",5,16,22,"",317.907,0,0,0,0,0,0,0,0,0,0,0,0,0,0,0,0,0,0,0,0,317.907,0,0,0
"MtrElec",5,16,23,"",235.673,0,0,0,0,0,0,0,0,0,0,0,0,0,0,0,0,0,0,0,0,235.673,0,0,0
"MtrElec",5,16,24,"",202.173,0,0,0,0,0,0,0,0,0,0,0,0,0,0,0,0,0,0,0,0,202.173,0,0,0
"MtrElec",5,17,1,"",166.294,0,0,0,0,0,0,0,0,0,0,0,0,0,0,0,0,0,0,0,0,166.294,0,0,0
"MtrElec",5,17,2,"",149.973,0,0,0,0,0,0,0,0,0,0,0,0,0,0,0,0,0,0,0,0,149.973,0,0,0
"MtrElec",5,17,3,"",155.099,0,0,0,0,0,0,0,0,0,0,0,0,0,0,0,0,0,0,0,0,155.099,0,0,0
"MtrElec",5,17,4,"",153.497,0,0,0,0,0,0,0,0,0,0,0,0,0,0,0,0,0,0,0,0,153.497,0,0,0
"MtrElec",5,17,5,"",147.127,0,0,0,0,0,0,0,0,0,0,0,0,0,0,0,0,0,0,0,0,147.127,0,0,0
"MtrElec",5,17,6,"",151.469,0,0,0,0,0,0,0,0,0,0,0,0,0,0,0,0,0,0,0,0,151.469,0,0,0
"MtrElec",5,17,7,"",182.311,0,0,0,0,0,0,0,0,0,0,0,0,0,0,0,0,0,0,0,0,196.769,0,0,-14.458
"MtrElec",5,17,8,"",118.833,0,0,0,0,0,0,0,0,0,0,0,0,0,0,0,0,0,0,0,0,182.779,0,0,-63.9468
"MtrElec",5,17,9,"",168.821,0,0,0,0,0,0,0,0,0,0,0,0,0,0,0,0,0,0,0,0,278.837,0,0,-110.016
"MtrElec",5,17,10,"",172.243,0,0,0,0,0,0,0,0,0,0,0,0,0,0,0,0,0,0,0,0,384.941,0,0,-212.698
"MtrElec",5,17,11,"",0,0,0,0,0,0,0,0,0,0,0,0,0,0,0,0,0,0,0,0,0,410.231,0,54.3807,-464.612
"MtrElec",5,17,12,"",85.0678,0,0,0,0,0,0,0,0,0,0,0,0,0,0,0,0,0,0,0,0,379.829,0,0,-294.761
"MtrElec",5,17,13,"",0,0,0,0,0,0,0,0,0,0,0,0,0,0,0,0,0,0,0,0,0,396.624,0,177.744,-574.368
"MtrElec",5,17,14,"",0,0,0,0,0,0,0,0,0,0,0,0,0,0,0,0,0,0,0,0,0,403.537,0,180.278,-583.815
"MtrElec",5,17,15,"",101.301,0,0,0,0,0,0,0,0,0,0,0,0,0,0,0,0,0,0,0,0,380.826,0,0,-279.525
"MtrElec",5,17,16,"",0,0,0,0,0,0,0,0,0,0,0,0,0,0,0,0,0,0,0,0,0,381.641,0,155.049,-536.69
"MtrElec",5,17,17,"",0,0,0,0,0,0,0,0,0,0,0,0,0,0,0,0,0,0,0,0,0,397.586,0,17.7316,-415.318
"MtrElec",5,17,18,"",133.822,0,0,0,0,0,0,0,0,0,0,0,0,0,0,0,0,0,0,0,0,376.038,0,0,-242.217
"MtrElec",5,17,19,"",79.2829,0,0,0,0,0,0,0,0,0,0,0,0,0,0,0,0,0,0,0,0,374.206,0,-223.222,-71.7008
"MtrElec",5,17,20,"",107.962,0,0,0,0,0,0,0,0,0,0,0,0,0,0,0,0,0,0,0,0,338.915,0,-223.222,-7.73029
"MtrElec",5,17,21,"",147.92,0,0,0,0,0,0,0,0,0,0,0,0,0,0,0,0,0,0,0,0,229.603,0,-81.6828,0
"MtrElec",5,17,22,"",259.63,0,0,0,0,0,0,0,0,0,0,0,0,0,0,0,0,0,0,0,0,259.63,0,0,0
"MtrElec",5,17,23,"",245.007,0,0,0,0,0,0,0,0,0,0,0,0,0,0,0,0,0,0,0,0,245.007,0,0,0
"MtrElec",5,17,24,"",211.215,0,0,0,0,0,0,0,0,0,0,0,0,0,0,0,0,0,0,0,0,211.215,0,0,0
"MtrElec",5,18,1,"",211.46,0,0,0,0,0,0,0,0,0,0,0,0,0,0,0,0,0,0,0,0,211.46,0,0,0
"MtrElec",5,18,2,"",154.668,0,0,0,0,0,0,0,0,0,0,0,0,0,0,0,0,0,0,0,0,154.668,0,0,0
"MtrElec",5,18,3,"",151.791,0,0,0,0,0,0,0,0,0,0,0,0,0,0,0,0,0,0,0,0,151.791,0,0,0
"MtrElec",5,18,4,"",152.041,0,0,0,0,0,0,0,0,0,0,0,0,0,0,0,0,0,0,0,0,152.041,0,0,0
"MtrElec",5,18,5,"",143.983,0,0,0,0,0,0,0,0,0,0,0,0,0,0,0,0,0,0,0,0,143.983,0,0,0
"MtrElec",5,18,6,"",151.125,0,0,0,0,0,0,0,0,0,0,0,0,0,0,0,0,0,0,0,0,151.125,0,0,0
"MtrElec",5,18,7,"",240.022,0,0,0,0,0,0,0,0,0,0,0,0,0,0,0,0,0,0,0,0,261.957,0,0,-21.9351
"MtrElec",5,18,8,"",182.676,0,0,0,0,0,0,0,0,0,0,0,0,0,0,0,0,0,0,0,0,321.503,0,0,-138.827
"MtrElec",5,18,9,"",62.2788,0,0,0,0,0,0,0,0,0,0,0,0,0,0,0,0,0,0,0,0,383.388,0,0,-321.109
"MtrElec",5,18,10,"",-55.8936,0,0,0,0,0,0,0,0,0,0,0,0,0,0,0,0,0,0,0,0,419.502,0,0,-475.396
"MtrElec",5,18,11,"",0,0,0,0,0,0,0,0,0,0,0,0,0,0,0,0,0,0,0,0,0,452.16,0,126.01,-578.169
"MtrElec",5,18,12,"",-56.2373,0,0,0,0,0,0,0,0,0,0,0,0,0,0,0,0,0,0,0,0,387.179,0,223.222,-666.639
"MtrElec",5,18,13,"",-26.8866,0,0,0,0,0,0,0,0,0,0,0,0,0,0,0,0,0,0,0,0,449.14,0,223.222,-699.249
"MtrElec",5,18,14,"",-89.25,0,0,0,0,0,0,0,0,0,0,0,0,0,0,0,0,0,0,0,0,378.604,0,223.222,-691.076
"MtrElec",5,18,15,"",-272.949,0,0,0,0,0,0,0,0,0,0,0,0,0,0,0,0,0,0,0,0,379.932,0,3.28529,-656.166
"MtrElec",5,18,16,"",-147.68,0,0,0,0,0,0,0,0,0,0,0,0,0,0,0,0,0,0,0,0,410.385,0,0,-558.065
"MtrElec",5,18,17,"",-5.78203,0,0,0,0,0,0,0,0,0,0,0,0,0,0,0,0,0,0,0,0,408.512,0,0,-414.294
"MtrElec",5,18,18,"",202.426,0,0,0,0,0,0,0,0,0,0,0,0,0,0,0,0,0,0,0,0,443.715,0,0,-241.289
"MtrElec",5,18,19,"",209.593,0,0,0,0,0,0,0,0,0,0,0,0,0,0,0,0,0,0,0,0,502.581,0,-223.222,-69.7657
"MtrElec",5,18,20,"",204.436,0,0,0,0,0,0,0,0,0,0,0,0,0,0,0,0,0,0,0,0,434.277,0,-223.222,-6.61798
"MtrElec",5,18,21,"",174.606,0,0,0,0,0,0,0,0,0,0,0,0,0,0,0,0,0,0,0,0,397.828,0,-223.222,0
"MtrElec",5,18,22,"",246.015,0,0,0,0,0,0,0,0,0,0,0,0,0,0,0,0,0,0,0,0,297.412,0,-51.3963,0
"MtrElec",5,18,23,"",278.194,0,0,0,0,0,0,0,0,0,0,0,0,0,0,0,0,0,0,0,0,278.194,0,0,0
"MtrElec",5,18,24,"",196.816,0,0,0,0,0,0,0,0,0,0,0,0,0,0,0,0,0,0,0,0,196.816,0,0,0
"MtrElec",5,19,1,"",165.279,0,0,0,0,0,0,0,0,0,0,0,0,0,0,0,0,0,0,0,0,165.279,0,0,0
"MtrElec",5,19,2,"",170.971,0,0,0,0,0,0,0,0,0,0,0,0,0,0,0,0,0,0,0,0,170.971,0,0,0
"MtrElec",5,19,3,"",197.608,0,0,0,0,0,0,0,0,0,0,0,0,0,0,0,0,0,0,0,0,197.608,0,0,0
"MtrElec",5,19,4,"",148.946,0,0,0,0,0,0,0,0,0,0,0,0,0,0,0,0,0,0,0,0,148.946,0,0,0
"MtrElec",5,19,5,"",142.71,0,0,0,0,0,0,0,0,0,0,0,0,0,0,0,0,0,0,0,0,142.71,0,0,0
"MtrElec",5,19,6,"",150.42,0,0,0,0,0,0,0,0,0,0,0,0,0,0,0,0,0,0,0,0,150.42,0,0,0
"MtrElec",5,19,7,"",244.857,0,0,0,0,0,0,0,0,0,0,0,0,0,0,0,0,0,0,0,0,267.189,0,0,-22.3318
"MtrElec",5,19,8,"",228.692,0,0,0,0,0,0,0,0,0,0,0,0,0,0,0,0,0,0,0,0,368.791,0,0,-140.099
"MtrElec",5,19,9,"",37.9072,0,0,0,0,0,0,0,0,0,0,0,0,0,0,0,0,0,0,0,0,355.142,0,0,-317.235
"MtrElec",5,19,10,"",-40.9536,0,0,0,0,0,0,0,0,0,0,0,0,0,0,0,0,0,0,0,0,431.052,0,0,-472.006
"MtrElec",5,19,11,"",0,0,0,0,0,0,0,0,0,0,0,0,0,0,0,0,0,0,0,0,0,469.309,0,119.528,-588.837
"MtrElec",5,19,12,"",0.0000156,0,0,0,0,0,0,0,0,0,0,0,0,0,0,0,0,0,0,0,0,444.929,0,206.752,-651.682
"MtrElec",5,19,13,"",-10.9273,0,0,0,0,0,0,0,0,0,0,0,0,0,0,0,0,0,0,0,0,454.692,0,223.222,-688.841
"MtrElec",5,19,14,"",-55.4654,0,0,0,0,0,0,0,0,0,0,0,0,0,0,0,0,0,0,0,0,411.606,0,223.222,-690.294
"MtrElec",5,19,15,"",-187.419,0,0,0,0,0,0,0,0,0,0,0,0,0,0,0,0,0,0,0,0,432.161,0,26.2374,-645.817
"MtrElec",5,19,16,"",-93.1413,0,0,0,0,0,0,0,0,0,0,0,0,0,0,0,0,0,0,0,0,456.288,0,0,-549.43
"MtrElec",5,19,17,"",47.5626,0,0,0,0,0,0,0,0,0,0,0,0,0,0,0,0,0,0,0,0,454.726,0,0,-407.163
"MtrElec",5,19,18,"",286.705,0,0,0,0,0,0,0,0,0,0,0,0,0,0,0,0,0,0,0,0,525.207,0,0,-238.502
"MtrElec",5,19,19,"",234.588,0,0,0,0,0,0,0,0,0,0,0,0,0,0,0,0,0,0,0,0,527.128,0,-223.222,-69.3177
"MtrElec",5,19,20,"",255.345,0,0,0,0,0,0,0,0,0,0,0,0,0,0,0,0,0,0,0,0,485.988,0,-223.222,-7.42062
"MtrElec",5,19,21,"",264.836,0,0,0,0,0,0,0,0,0,0,0,0,0,0,0,0,0,0,0,0,488.059,0,-223.222,0
"MtrElec",5,19,22,"",285.316,0,0,0,0,0,0,0,0,0,0,0,0,0,0,0,0,0,0,0,0,336.712,0,-51.3963,0
"MtrElec",5,19,23,"",285.216,0,0,0,0,0,0,0,0,0,0,0,0,0,0,0,0,0,0,0,0,285.216,0,0,0
"MtrElec",5,19,24,"",193.369,0,0,0,0,0,0,0,0,0,0,0,0,0,0,0,0,0,0,0,0,193.369,0,0,0
"MtrElec",5,20,1,"",208.83,0,0,0,0,0,0,0,0,0,0,0,0,0,0,0,0,0,0,0,0,208.83,0,0,0
"MtrElec",5,20,2,"",156.006,0,0,0,0,0,0,0,0,0,0,0,0,0,0,0,0,0,0,0,0,156.006,0,0,0
"MtrElec",5,20,3,"",151.243,0,0,0,0,0,0,0,0,0,0,0,0,0,0,0,0,0,0,0,0,151.243,0,0,0
"MtrElec",5,20,4,"",156.557,0,0,0,0,0,0,0,0,0,0,0,0,0,0,0,0,0,0,0,0,156.557,0,0,0
"MtrElec",5,20,5,"",143.232,0,0,0,0,0,0,0,0,0,0,0,0,0,0,0,0,0,0,0,0,143.232,0,0,0
"MtrElec",5,20,6,"",164.178,0,0,0,0,0,0,0,0,0,0,0,0,0,0,0,0,0,0,0,0,164.178,0,0,0
"MtrElec",5,20,7,"",216.323,0,0,0,0,0,0,0,0,0,0,0,0,0,0,0,0,0,0,0,0,239.177,0,0,-22.854
"MtrElec",5,20,8,"",218.867,0,0,0,0,0,0,0,0,0,0,0,0,0,0,0,0,0,0,0,0,356.477,0,0,-137.609
"MtrElec",5,20,9,"",86.929,0,0,0,0,0,0,0,0,0,0,0,0,0,0,0,0,0,0,0,0,402.063,0,0,-315.134
"MtrElec",5,20,10,"",30.8776,0,0,0,0,0,0,0,0,0,0,0,0,0,0,0,0,0,0,0,0,501.291,0,0,-470.414
"MtrElec",5,20,11,"",9.37625,0,0,0,0,0,0,0,0,0,0,0,0,0,0,0,0,0,0,0,0,586.885,0,0,-577.508
"MtrElec",5,20,12,"",0,0,0,0,0,0,0,0,0,0,0,0,0,0,0,0,0,0,0,0,0,563.774,0,83.2245,-646.999
"MtrElec",5,20,13,"",0,0,0,0,0,0,0,0,0,0,0,0,0,0,0,0,0,0,0,0,0,588.526,0,86.9172,-675.443
"MtrElec",5,20,14,"",0,0,0,0,0,0,0,0,0,0,0,0,0,0,0,0,0,0,0,0,0,490.543,0,184.725,-675.268
"MtrElec",5,20,15,"",0,0,0,0,0,0,0,0,0,0,0,0,0,0,0,0,0,0,0,0,0,521.723,0,109.839,-631.562
"MtrElec",5,20,16,"",0,0,0,0,0,0,0,0,0,0,0,0,0,0,0,0,0,0,0,0,0,492.358,0,47.8676,-540.226
"MtrElec",5,20,17,"",140.246,0,0,0,0,0,0,0,0,0,0,0,0,0,0,0,0,0,0,0,0,544.748,0,0,-404.502
"MtrElec",5,20,18,"",353.122,0,0,0,0,0,0,0,0,0,0,0,0,0,0,0,0,0,0,0,0,586.632,0,0,-233.51
"MtrElec",5,20,19,"",262.418,0,0,0,0,0,0,0,0,0,0,0,0,0,0,0,0,0,0,0,0,554.882,0,-223.222,-69.2414
"MtrElec",5,20,20,"",293.805,0,0,0,0,0,0,0,0,0,0,0,0,0,0,0,0,0,0,0,0,525.456,0,-223.222,-8.42895
"MtrElec",5,20,21,"",439.371,0,0,0,0,0,0,0,0,0,0,0,0,0,0,0,0,0,0,0,0,455.524,0,-16.1529,0
"MtrElec",5,20,22,"",356.009,0,0,0,0,0,0,0,0,0,0,0,0,0,0,0,0,0,0,0,0,356.009,0,0,0
"MtrElec",5,20,23,"",302.385,0,0,0,0,0,0,0,0,0,0,0,0,0,0,0,0,0,0,0,0,302.385,0,0,0
"MtrElec",5,20,24,"",235.01,0,0,0,0,0,0,0,0,0,0,0,0,0,0,0,0,0,0,0,0,235.01,0,0,0
"MtrElec",5,21,1,"",187.733,0,0,0,0,0,0,0,0,0,0,0,0,0,0,0,0,0,0,0,0,187.733,0,0,0
"MtrElec",5,21,2,"",166.52,0,0,0,0,0,0,0,0,0,0,0,0,0,0,0,0,0,0,0,0,166.52,0,0,0
"MtrElec",5,21,3,"",195.489,0,0,0,0,0,0,0,0,0,0,0,0,0,0,0,0,0,0,0,0,195.489,0,0,0
"MtrElec",5,21,4,"",153.6,0,0,0,0,0,0,0,0,0,0,0,0,0,0,0,0,0,0,0,0,153.6,0,0,0
"MtrElec",5,21,5,"",147.438,0,0,0,0,0,0,0,0,0,0,0,0,0,0,0,0,0,0,0,0,147.438,0,0,0
"MtrElec",5,21,6,"",153.582,0,0,0,0,0,0,0,0,0,0,0,0,0,0,0,0,0,0,0,0,153.582,0,0,0
"MtrElec",5,21,7,"",245.989,0,0,0,0,0,0,0,0,0,0,0,0,0,0,0,0,0,0,0,0,268.058,0,0,-22.0698
"MtrElec",5,21,8,"",261.304,0,0,0,0,0,0,0,0,0,0,0,0,0,0,0,0,0,0,0,0,397.828,0,0,-136.524
"MtrElec",5,21,9,"",108.263,0,0,0,0,0,0,0,0,0,0,0,0,0,0,0,0,0,0,0,0,416.776,0,0,-308.513
"MtrElec",5,21,10,"",50.4399,0,0,0,0,0,0,0,0,0,0,0,0,0,0,0,0,0,0,0,0,505.382,0,0,-454.942
"MtrElec",5,21,11,"",0,0,0,0,0,0,0,0,0,0,0,0,0,0,0,0,0,0,0,0,0,551.968,0,8.05019,-560.018
"MtrElec",5,21,12,"",0,0,0,0,0,0,0,0,0,0,0,0,0,0,0,0,0,0,0,0,0,566.456,0,77.6358,-644.092
"MtrElec",5,21,13,"",0,0,0,0,0,0,0,0,0,0,0,0,0,0,0,0,0,0,0,0,0,596.572,0,88.3289,-684.901
"MtrElec",5,21,14,"",0,0,0,0,0,0,0,0,0,0,0,0,0,0,0,0,0,0,0,0,0,531.471,0,147.15,-678.621
"MtrElec",5,21,15,"",0,0,0,0,0,0,0,0,0,0,0,0,0,0,0,0,0,0,0,0,0,494.897,0,137.489,-632.385
"MtrElec",5,21,16,"",2.39319,0,0,0,0,0,0,0,0,0,0,0,0,0,0,0,0,0,0,0,0,542.244,0,0,-539.85
"MtrElec",5,21,17,"",133.836,0,0,0,0,0,0,0,0,0,0,0,0,0,0,0,0,0,0,0,0,541.868,0,0,-408.033
"MtrElec",5,21,18,"",308.025,0,0,0,0,0,0,0,0,0,0,0,0,0,0,0,0,0,0,0,0,548.573,0,0,-240.548
"MtrElec",5,21,19,"",247.076,0,0,0,0,0,0,0,0,0,0,0,0,0,0,0,0,0,0,0,0,539.893,0,-223.222,-69.5948
"MtrElec",5,21,20,"",329.008,0,0,0,0,0,0,0,0,0,0,0,0,0,0,0,0,0,0,0,0,526.811,0,-190.712,-7.0908
"MtrElec",5,21,21,"",466.811,0,0,0,0,0,0,0,0,0,0,0,0,0,0,0,0,0,0,0,0,466.811,0,0,0
"MtrElec",5,21,22,"",306.672,0,0,0,0,0,0,0,0,0,0,0,0,0,0,0,0,0,0,0,0,306.672,0,0,0
"MtrElec",5,21,23,"",294.459,0,0,0,0,0,0,0,0,0,0,0,0,0,0,0,0,0,0,0,0,294.459,0,0,0
"MtrElec",5,21,24,"",201.815,0,0,0,0,0,0,0,0,0,0,0,0,0,0,0,0,0,0,0,0,201.815,0,0,0
"MtrElec",5,22,1,"",196.431,0,0,0,0,0,0,0,0,0,0,0,0,0,0,0,0,0,0,0,0,196.431,0,0,0
"MtrElec",5,22,2,"",154.629,0,0,0,0,0,0,0,0,0,0,0,0,0,0,0,0,0,0,0,0,154.629,0,0,0
"MtrElec",5,22,3,"",147.217,0,0,0,0,0,0,0,0,0,0,0,0,0,0,0,0,0,0,0,0,147.217,0,0,0
"MtrElec",5,22,4,"",151.383,0,0,0,0,0,0,0,0,0,0,0,0,0,0,0,0,0,0,0,0,151.383,0,0,0
"MtrElec",5,22,5,"",147.094,0,0,0,0,0,0,0,0,0,0,0,0,0,0,0,0,0,0,0,0,147.094,0,0,0
"MtrElec",5,22,6,"",151.876,0,0,0,0,0,0,0,0,0,0,0,0,0,0,0,0,0,0,0,0,151.876,0,0,0
"MtrElec",5,22,7,"",214.42,0,0,0,0,0,0,0,0,0,0,0,0,0,0,0,0,0,0,0,0,245.448,0,0,-31.0278
"MtrElec",5,22,8,"",249.908,0,0,0,0,0,0,0,0,0,0,0,0,0,0,0,0,0,0,0,0,374.899,0,0,-124.991
"MtrElec",5,22,9,"",108.033,0,0,0,0,0,0,0,0,0,0,0,0,0,0,0,0,0,0,0,0,355.951,0,0,-247.918
"MtrElec",5,22,10,"",-9.36869,0,0,0,0,0,0,0,0,0,0,0,0,0,0,0,0,0,0,0,0,463.334,0,0,-472.703
"MtrElec",5,22,11,"",0,0,0,0,0,0,0,0,0,0,0,0,0,0,0,0,0,0,0,0,0,527.595,0,48.6502,-576.246
"MtrElec",5,22,12,"",0.0000156,0,0,0,0,0,0,0,0,0,0,0,0,0,0,0,0,0,0,0,0,482.415,0,158.477,-640.892
"MtrElec",5,22,13,"",0,0,0,0,0,0,0,0,0,0,0,0,0,0,0,0,0,0,0,0,0,479.733,0,187.542,-667.275
"MtrElec",5,22,14,"",0,0,0,0,0,0,0,0,0,0,0,0,0,0,0,0,0,0,0,0,0,464.815,0,210.814,-675.629
"MtrElec",5,22,15,"",0,0,0,0,0,0,0,0,0,0,0,0,0,0,0,0,0,0,0,0,0,465.238,0,173.918,-639.157
"MtrElec",5,22,16,"",-82.5947,0,0,0,0,0,0,0,0,0,0,0,0,0,0,0,0,0,0,0,0,444.438,0,19.5609,-546.594
"MtrElec",5,22,17,"",126.868,0,0,0,0,0,0,0,0,0,0,0,0,0,0,0,0,0,0,0,0,535.641,0,0,-408.773
"MtrElec",5,22,18,"",245.856,0,0,0,0,0,0,0,0,0,0,0,0,0,0,0,0,0,0,0,0,485.213,0,0,-239.357
"MtrElec",5,22,19,"",225.03,0,0,0,0,0,0,0,0,0,0,0,0,0,0,0,0,0,0,0,0,520.693,0,-223.222,-72.44
"MtrElec",5,22,20,"",273.078,0,0,0,0,0,0,0,0,0,0,0,0,0,0,0,0,0,0,0,0,505.143,0,-223.222,-8.84355
"MtrElec",5,22,21,"",180.57,0,0,0,0,0,0,0,0,0,0,0,0,0,0,0,0,0,0,0,0,403.793,0,-223.222,0
"MtrElec",5,22,22,"",268.99,0,0,0,0,0,0,0,0,0,0,0,0,0,0,0,0,0,0,0,0,320.386,0,-51.3963,0
"MtrElec",5,22,23,"",271.218,0,0,0,0,0,0,0,0,0,0,0,0,0,0,0,0,0,0,0,0,271.218,0,0,0
"MtrElec",5,22,24,"",203.407,0,0,0,0,0,0,0,0,0,0,0,0,0,0,0,0,0,0,0,0,203.407,0,0,0
"MtrElec",5,23,1,"",174.808,0,0,0,0,0,0,0,0,0,0,0,0,0,0,0,0,0,0,0,0,174.808,0,0,0
"MtrElec",5,23,2,"",191.852,0,0,0,0,0,0,0,0,0,0,0,0,0,0,0,0,0,0,0,0,191.852,0,0,0
"MtrElec",5,23,3,"",149.952,0,0,0,0,0,0,0,0,0,0,0,0,0,0,0,0,0,0,0,0,149.952,0,0,0
"MtrElec",5,23,4,"",149.078,0,0,0,0,0,0,0,0,0,0,0,0,0,0,0,0,0,0,0,0,149.078,0,0,0
"MtrElec",5,23,5,"",146.048,0,0,0,0,0,0,0,0,0,0,0,0,0,0,0,0,0,0,0,0,146.048,0,0,0
"MtrElec",5,23,6,"",150.506,0,0,0,0,0,0,0,0,0,0,0,0,0,0,0,0,0,0,0,0,150.506,0,0,0
"MtrElec",5,23,7,"",179.44,0,0,0,0,0,0,0,0,0,0,0,0,0,0,0,0,0,0,0,0,202.916,0,0,-23.4757
"MtrElec",5,23,8,"",132.844,0,0,0,0,0,0,0,0,0,0,0,0,0,0,0,0,0,0,0,0,272.913,0,0,-140.068
"MtrElec",5,23,9,"",25.6989,0,0,0,0,0,0,0,0,0,0,0,0,0,0,0,0,0,0,0,0,334.853,0,0,-309.155
"MtrElec",5,23,10,"",40.957,0,0,0,0,0,0,0,0,0,0,0,0,0,0,0,0,0,0,0,0,462.925,0,0,-421.968
"MtrElec",5,23,11,"",0.0000078,0,0,0,0,0,0,0,0,0,0,0,0,0,0,0,0,0,0,0,0,492.266,0,90.9286,-583.195
"MtrElec",5,23,12,"",0,0,0,0,0,0,0,0,0,0,0,0,0,0,0,0,0,0,0,0,0,507.805,0,175.811,-683.616
"MtrElec",5,23,13,"",-24.9969,0,0,0,0,0,0,0,0,0,0,0,0,0,0,0,0,0,0,0,0,473.858,0,223.222,-722.077
"MtrElec",5,23,14,"",-5.70114,0,0,0,0,0,0,0,0,0,0,0,0,0,0,0,0,0,0,0,0,468.227,0,223.222,-697.151
"MtrElec",5,23,15,"",-39.3759,0,0,0,0,0,0,0,0,0,0,0,0,0,0,0,0,0,0,0,0,503.373,0,85.7781,-628.527
"MtrElec",5,23,16,"",-43.2543,0,0,0,0,0,0,0,0,0,0,0,0,0,0,0,0,0,0,0,0,487.578,0,0,-530.832
"MtrElec",5,23,17,"",64.9193,0,0,0,0,0,0,0,0,0,0,0,0,0,0,0,0,0,0,0,0,466.931,0,0,-402.012
"MtrElec",5,23,18,"",269.563,0,0,0,0,0,0,0,0,0,0,0,0,0,0,0,0,0,0,0,0,512.456,0,0,-242.893
"MtrElec",5,23,19,"",246.993,0,0,0,0,0,0,0,0,0,0,0,0,0,0,0,0,0,0,0,0,542.257,0,-223.222,-72.0415
"MtrElec",5,23,20,"",216.222,0,0,0,0,0,0,0,0,0,0,0,0,0,0,0,0,0,0,0,0,446.629,0,-223.222,-7.18386
"MtrElec",5,23,21,"",145.934,0,0,0,0,0,0,0,0,0,0,0,0,0,0,0,0,0,0,0,0,369.156,0,-223.222,0
"MtrElec",5,23,22,"",277.781,0,0,0,0,0,0,0,0,0,0,0,0,0,0,0,0,0,0,0,0,329.177,0,-51.3963,0
"MtrElec",5,23,23,"",252.717,0,0,0,0,0,0,0,0,0,0,0,0,0,0,0,0,0,0,0,0,252.717,0,0,0
"MtrElec",5,23,24,"",194.708,0,0,0,0,0,0,0,0,0,0,0,0,0,0,0,0,0,0,0,0,194.708,0,0,0
"MtrElec",5,24,1,"",161.055,0,0,0,0,0,0,0,0,0,0,0,0,0,0,0,0,0,0,0,0,161.055,0,0,0
"MtrElec",5,24,2,"",150.833,0,0,0,0,0,0,0,0,0,0,0,0,0,0,0,0,0,0,0,0,150.833,0,0,0
"MtrElec",5,24,3,"",148.611,0,0,0,0,0,0,0,0,0,0,0,0,0,0,0,0,0,0,0,0,148.611,0,0,0
"MtrElec",5,24,4,"",190.903,0,0,0,0,0,0,0,0,0,0,0,0,0,0,0,0,0,0,0,0,190.903,0,0,0
"MtrElec",5,24,5,"",175.849,0,0,0,0,0,0,0,0,0,0,0,0,0,0,0,0,0,0,0,0,175.849,0,0,0
"MtrElec",5,24,6,"",149.841,0,0,0,0,0,0,0,0,0,0,0,0,0,0,0,0,0,0,0,0,149.841,0,0,0
"MtrElec",5,24,7,"",187.927,0,0,0,0,0,0,0,0,0,0,0,0,0,0,0,0,0,0,0,0,203.021,0,0,-15.0937
"MtrElec",5,24,8,"",186.617,0,0,0,0,0,0,0,0,0,0,0,0,0,0,0,0,0,0,0,0,245.178,0,0,-58.5606
"MtrElec",5,24,9,"",189.21,0,0,0,0,0,0,0,0,0,0,0,0,0,0,0,0,0,0,0,0,309.924,0,0,-120.714
"MtrElec",5,24,10,"",88.4262,0,0,0,0,0,0,0,0,0,0,0,0,0,0,0,0,0,0,0,0,338.78,0,0,-250.354
"MtrElec",5,24,11,"",0,0,0,0,0,0,0,0,0,0,0,0,0,0,0,0,0,0,0,0,0,401.752,0,87.7468,-489.499
"MtrElec",5,24,12,"",0.0000156,0,0,0,0,0,0,0,0,0,0,0,0,0,0,0,0,0,0,0,0,468.108,0,133.337,-601.445
"MtrElec",5,24,13,"",0,0,0,0,0,0,0,0,0,0,0,0,0,0,0,0,0,0,0,0,0,429.633,0,193.858,-623.491
"MtrElec",5,24,14,"",-13.9791,0,0,0,0,0,0,0,0,0,0,0,0,0,0,0,0,0,0,0,0,409.631,0,223.222,-646.832
"MtrElec",5,24,15,"",-85.1529,0,0,0,0,0,0,0,0,0,0,0,0,0,0,0,0,0,0,0,0,380.321,0,160.798,-626.272
"MtrElec",5,24,16,"",-169.301,0,0,0,0,0,0,0,0,0,0,0,0,0,0,0,0,0,0,0,0,381.631,0,0,-550.932
"MtrElec",5,24,17,"",-31.0509,0,0,0,0,0,0,0,0,0,0,0,0,0,0,0,0,0,0,0,0,385.05,0,0,-416.101
"MtrElec",5,24,18,"",168.274,0,0,0,0,0,0,0,0,0,0,0,0,0,0,0,0,0,0,0,0,415.22,0,0,-246.946
"MtrElec",5,24,19,"",126.948,0,0,0,0,0,0,0,0,0,0,0,0,0,0,0,0,0,0,0,0,425.378,0,-223.222,-75.2077
"MtrElec",5,24,20,"",98.9264,0,0,0,0,0,0,0,0,0,0,0,0,0,0,0,0,0,0,0,0,332.309,0,-223.222,-10.1606
"MtrElec",5,24,21,"",108.083,0,0,0,0,0,0,0,0,0,0,0,0,0,0,0,0,0,0,0,0,331.305,0,-223.222,0
"MtrElec",5,24,22,"",278.008,0,0,0,0,0,0,0,0,0,0,0,0,0,0,0,0,0,0,0,0,329.405,0,-51.3963,0
"MtrElec",5,24,23,"",198.414,0,0,0,0,0,0,0,0,0,0,0,0,0,0,0,0,0,0,0,0,198.414,0,0,0
"MtrElec",5,24,24,"",224.396,0,0,0,0,0,0,0,0,0,0,0,0,0,0,0,0,0,0,0,0,224.396,0,0,0
"MtrElec",5,25,1,"",159.169,0,0,0,0,0,0,0,0,0,0,0,0,0,0,0,0,0,0,0,0,159.169,0,0,0
"MtrElec",5,25,2,"",152.114,0,0,0,0,0,0,0,0,0,0,0,0,0,0,0,0,0,0,0,0,152.114,0,0,0
"MtrElec",5,25,3,"",149.121,0,0,0,0,0,0,0,0,0,0,0,0,0,0,0,0,0,0,0,0,149.121,0,0,0
"MtrElec",5,25,4,"",149.654,0,0,0,0,0,0,0,0,0,0,0,0,0,0,0,0,0,0,0,0,149.654,0,0,0
"MtrElec",5,25,5,"",146.712,0,0,0,0,0,0,0,0,0,0,0,0,0,0,0,0,0,0,0,0,146.712,0,0,0
"MtrElec",5,25,6,"",205.089,0,0,0,0,0,0,0,0,0,0,0,0,0,0,0,0,0,0,0,0,205.089,0,0,0
"MtrElec",5,25,7,"",184.856,0,0,0,0,0,0,0,0,0,0,0,0,0,0,0,0,0,0,0,0,199.274,0,0,-14.4187
"MtrElec",5,25,8,"",247.355,0,0,0,0,0,0,0,0,0,0,0,0,0,0,0,0,0,0,0,0,305.066,0,0,-57.711
"MtrElec",5,25,9,"",242.041,0,0,0,0,0,0,0,0,0,0,0,0,0,0,0,0,0,0,0,0,344.135,0,0,-102.094
"MtrElec",5,25,10,"",331.974,0,0,0,0,0,0,0,0,0,0,0,0,0,0,0,0,0,0,0,0,453.508,0,0,-121.533
"MtrElec",5,25,11,"",274.828,0,0,0,0,0,0,0,0,0,0,0,0,0,0,0,0,0,0,0,0,421.061,0,0,-146.233
"MtrElec",5,25,12,"",288.798,0,0,0,0,0,0,0,0,0,0,0,0,0,0,0,0,0,0,0,0,455.357,0,0,-166.559
"MtrElec",5,25,13,"",0.0000005,0,0,0,0,0,0,0,0,0,0,0,0,0,0,0,0,0,0,0,0,433.836,0,7.18447,-441.021
"MtrElec",5,25,14,"",34.2605,0,0,0,0,0,0,0,0,0,0,0,0,0,0,0,0,0,0,0,0,414.739,0,0,-380.478
"MtrElec",5,25,15,"",21.5257,0,0,0,0,0,0,0,0,0,0,0,0,0,0,0,0,0,0,0,0,342.883,0,0,-321.357
"MtrElec",5,25,16,"",38.1092,0,0,0,0,0,0,0,0,0,0,0,0,0,0,0,0,0,0,0,0,394.962,0,0,-356.853
"MtrElec",5,25,17,"",14.8193,0,0,0,0,0,0,0,0,0,0,0,0,0,0,0,0,0,0,0,0,430.182,0,0,-415.363
"MtrElec",5,25,18,"",170.768,0,0,0,0,0,0,0,0,0,0,0,0,0,0,0,0,0,0,0,0,416.448,0,0,-245.68
"MtrElec",5,25,19,"",349.08,0,0,0,0,0,0,0,0,0,0,0,0,0,0,0,0,0,0,0,0,429.94,0,-6.48398,-74.3756
"MtrElec",5,25,20,"",284.08,0,0,0,0,0,0,0,0,0,0,0,0,0,0,0,0,0,0,0,0,292.533,0,0,-8.45266
"MtrElec",5,25,21,"",299.834,0,0,0,0,0,0,0,0,0,0,0,0,0,0,0,0,0,0,0,0,299.834,0,0,0
"MtrElec",5,25,22,"",254.926,0,0,0,0,0,0,0,0,0,0,0,0,0,0,0,0,0,0,0,0,254.926,0,0,0
"MtrElec",5,25,23,"",210.12,0,0,0,0,0,0,0,0,0,0,0,0,0,0,0,0,0,0,0,0,210.12,0,0,0
"MtrElec",5,25,24,"",235.606,0,0,0,0,0,0,0,0,0,0,0,0,0,0,0,0,0,0,0,0,235.606,0,0,0
"MtrElec",5,26,1,"",150.339,0,0,0,0,0,0,0,0,0,0,0,0,0,0,0,0,0,0,0,0,150.339,0,0,0
"MtrElec",5,26,2,"",152.489,0,0,0,0,0,0,0,0,0,0,0,0,0,0,0,0,0,0,0,0,152.489,0,0,0
"MtrElec",5,26,3,"",150.04,0,0,0,0,0,0,0,0,0,0,0,0,0,0,0,0,0,0,0,0,150.04,0,0,0
"MtrElec",5,26,4,"",152.153,0,0,0,0,0,0,0,0,0,0,0,0,0,0,0,0,0,0,0,0,152.153,0,0,0
"MtrElec",5,26,5,"",144.565,0,0,0,0,0,0,0,0,0,0,0,0,0,0,0,0,0,0,0,0,144.565,0,0,0
"MtrElec",5,26,6,"",180.304,0,0,0,0,0,0,0,0,0,0,0,0,0,0,0,0,0,0,0,0,180.304,0,0,0
"MtrElec",5,26,7,"",212.865,0,0,0,0,0,0,0,0,0,0,0,0,0,0,0,0,0,0,0,0,237.007,0,0,-24.142
"MtrElec",5,26,8,"",253.019,0,0,0,0,0,0,0,0,0,0,0,0,0,0,0,0,0,0,0,0,344.483,0,0,-91.4638
"MtrElec",5,26,9,"",208.566,0,0,0,0,0,0,0,0,0,0,0,0,0,0,0,0,0,0,0,0,375.96,0,0,-167.394
"MtrElec",5,26,10,"",174.486,0,0,0,0,0,0,0,0,0,0,0,0,0,0,0,0,0,0,0,0,442.213,0,0,-267.728
"MtrElec",5,26,11,"",283.498,0,0,0,0,0,0,0,0,0,0,0,0,0,0,0,0,0,0,0,0,475.796,0,0,-192.297
"MtrElec",5,26,12,"",133.113,0,0,0,0,0,0,0,0,0,0,0,0,0,0,0,0,0,0,0,0,386.224,0,0,-253.11
"MtrElec",5,26,13,"",253.346,0,0,0,0,0,0,0,0,0,0,0,0,0,0,0,0,0,0,0,0,462.249,0,0,-208.903
"MtrElec",5,26,14,"",156.715,0,0,0,0,0,0,0,0,0,0,0,0,0,0,0,0,0,0,0,0,364.812,0,0,-208.098
"MtrElec",5,26,15,"",227.287,0,0,0,0,0,0,0,0,0,0,0,0,0,0,0,0,0,0,0,0,378.451,0,0,-151.163
"MtrElec",5,26,16,"",209.409,0,0,0,0,0,0,0,0,0,0,0,0,0,0,0,0,0,0,0,0,408.604,0,0,-199.195
"MtrElec",5,26,17,"",98.4789,0,0,0,0,0,0,0,0,0,0,0,0,0,0,0,0,0,0,0,0,406.495,0,0,-308.016
"MtrElec",5,26,18,"",224.153,0,0,0,0,0,0,0,0,0,0,0,0,0,0,0,0,0,0,0,0,431.301,0,0,-207.149
"MtrElec",5,26,19,"",350.317,0,0,0,0,0,0,0,0,0,0,0,0,0,0,0,0,0,0,0,0,426.906,0,0,-76.5894
"MtrElec",5,26,20,"",424.502,0,0,0,0,0,0,0,0,0,0,0,0,0,0,0,0,0,0,0,0,434.533,0,0,-10.0306
"MtrElec",5,26,21,"",414.234,0,0,0,0,0,0,0,0,0,0,0,0,0,0,0,0,0,0,0,0,414.234,0,0,0
"MtrElec",5,26,22,"",280.238,0,0,0,0,0,0,0,0,0,0,0,0,0,0,0,0,0,0,0,0,280.238,0,0,0
"MtrElec",5,26,23,"",263.859,0,0,0,0,0,0,0,0,0,0,0,0,0,0,0,0,0,0,0,0,263.859,0,0,0
"MtrElec",5,26,24,"",193.906,0,0,0,0,0,0,0,0,0,0,0,0,0,0,0,0,0,0,0,0,193.906,0,0,0
"MtrElec",5,27,1,"",150.002,0,0,0,0,0,0,0,0,0,0,0,0,0,0,0,0,0,0,0,0,150.002,0,0,0
"MtrElec",5,27,2,"",150.58,0,0,0,0,0,0,0,0,0,0,0,0,0,0,0,0,0,0,0,0,150.58,0,0,0
"MtrElec",5,27,3,"",186.895,0,0,0,0,0,0,0,0,0,0,0,0,0,0,0,0,0,0,0,0,186.895,0,0,0
"MtrElec",5,27,4,"",147.655,0,0,0,0,0,0,0,0,0,0,0,0,0,0,0,0,0,0,0,0,147.655,0,0,0
"MtrElec",5,27,5,"",145.587,0,0,0,0,0,0,0,0,0,0,0,0,0,0,0,0,0,0,0,0,145.587,0,0,0
"MtrElec",5,27,6,"",150.513,0,0,0,0,0,0,0,0,0,0,0,0,0,0,0,0,0,0,0,0,150.513,0,0,0
"MtrElec",5,27,7,"",241.22,0,0,0,0,0,0,0,0,0,0,0,0,0,0,0,0,0,0,0,0,275.371,0,0,-34.1505
"MtrElec",5,27,8,"",219.4,0,0,0,0,0,0,0,0,0,0,0,0,0,0,0,0,0,0,0,0,364.161,0,0,-144.761
"MtrElec",5,27,9,"",112.789,0,0,0,0,0,0,0,0,0,0,0,0,0,0,0,0,0,0,0,0,404.178,0,0,-291.389
"MtrElec",5,27,10,"",44.0832,0,0,0,0,0,0,0,0,0,0,0,0,0,0,0,0,0,0,0,0,482.303,0,0,-438.219
"MtrElec",5,27,11,"",81.8451,0,0,0,0,0,0,0,0,0,0,0,0,0,0,0,0,0,0,0,0,468.893,0,0,-387.048
"MtrElec",5,27,12,"",0,0,0,0,0,0,0,0,0,0,0,0,0,0,0,0,0,0,0,0,0,428.036,0,196.123,-624.159
"MtrElec",5,27,13,"",-0.771641,0,0,0,0,0,0,0,0,0,0,0,0,0,0,0,0,0,0,0,0,485.609,0,223.222,-709.603
"MtrElec",5,27,14,"",-129.715,0,0,0,0,0,0,0,0,0,0,0,0,0,0,0,0,0,0,0,0,348.608,0,223.222,-701.546
"MtrElec",5,27,15,"",-101.316,0,0,0,0,0,0,0,0,0,0,0,0,0,0,0,0,0,0,0,0,388.708,0,156.394,-646.417
"MtrElec",5,27,16,"",-191.376,0,0,0,0,0,0,0,0,0,0,0,0,0,0,0,0,0,0,0,0,358.387,0,0,-549.763
"MtrElec",5,27,17,"",27.2434,0,0,0,0,0,0,0,0,0,0,0,0,0,0,0,0,0,0,0,0,443.107,0,0,-415.864
"MtrElec",5,27,18,"",224.341,0,0,0,0,0,0,0,0,0,0,0,0,0,0,0,0,0,0,0,0,469.609,0,0,-245.268
"MtrElec",5,27,19,"",137.791,0,0,0,0,0,0,0,0,0,0,0,0,0,0,0,0,0,0,0,0,437.849,0,-223.222,-76.8361
"MtrElec",5,27,20,"",224.854,0,0,0,0,0,0,0,0,0,0,0,0,0,0,0,0,0,0,0,0,458.677,0,-223.222,-10.6005
"MtrElec",5,27,21,"",218.643,0,0,0,0,0,0,0,0,0,0,0,0,0,0,0,0,0,0,0,0,441.865,0,-223.222,0
"MtrElec",5,27,22,"",247.112,0,0,0,0,0,0,0,0,0,0,0,0,0,0,0,0,0,0,0,0,298.509,0,-51.3963,0
"MtrElec",5,27,23,"",204.977,0,0,0,0,0,0,0,0,0,0,0,0,0,0,0,0,0,0,0,0,204.977,0,0,0
"MtrElec",5,27,24,"",251.69,0,0,0,0,0,0,0,0,0,0,0,0,0,0,0,0,0,0,0,0,251.69,0,0,0
"MtrElec",5,28,1,"",158.606,0,0,0,0,0,0,0,0,0,0,0,0,0,0,0,0,0,0,0,0,158.606,0,0,0
"MtrElec",5,28,2,"",152.608,0,0,0,0,0,0,0,0,0,0,0,0,0,0,0,0,0,0,0,0,152.608,0,0,0
"MtrElec",5,28,3,"",152.906,0,0,0,0,0,0,0,0,0,0,0,0,0,0,0,0,0,0,0,0,152.906,0,0,0
"MtrElec",5,28,4,"",153.445,0,0,0,0,0,0,0,0,0,0,0,0,0,0,0,0,0,0,0,0,153.445,0,0,0
"MtrElec",5,28,5,"",152.425,0,0,0,0,0,0,0,0,0,0,0,0,0,0,0,0,0,0,0,0,152.425,0,0,0
"MtrElec",5,28,6,"",188.814,0,0,0,0,0,0,0,0,0,0,0,0,0,0,0,0,0,0,0,0,188.814,0,0,0
"MtrElec",5,28,7,"",234.49,0,0,0,0,0,0,0,0,0,0,0,0,0,0,0,0,0,0,0,0,261.258,0,0,-26.7687
"MtrElec",5,28,8,"",217.217,0,0,0,0,0,0,0,0,0,0,0,0,0,0,0,0,0,0,0,0,357.821,0,0,-140.604
"MtrElec",5,28,9,"",67.6008,0,0,0,0,0,0,0,0,0,0,0,0,0,0,0,0,0,0,0,0,377.465,0,0,-309.864
"MtrElec",5,28,10,"",-20.3011,0,0,0,0,0,0,0,0,0,0,0,0,0,0,0,0,0,0,0,0,436.689,0,0,-456.99
"MtrElec",5,28,11,"",0,0,0,0,0,0,0,0,0,0,0,0,0,0,0,0,0,0,0,0,0,475.304,0,92.5325,-567.837
"MtrElec",5,28,12,"",0,0,0,0,0,0,0,0,0,0,0,0,0,0,0,0,0,0,0,0,0,467.535,0,182.158,-649.693
"MtrElec",5,28,13,"",-86.2804,0,0,0,0,0,0,0,0,0,0,0,0,0,0,0,0,0,0,0,0,391.308,0,223.222,-700.81
"MtrElec",5,28,14,"",-43.4191,0,0,0,0,0,0,0,0,0,0,0,0,0,0,0,0,0,0,0,0,427.275,0,223.222,-693.916
"MtrElec",5,28,15,"",-126.746,0,0,0,0,0,0,0,0,0,0,0,0,0,0,0,0,0,0,0,0,436.948,0,77.8266,-641.521
"MtrElec",5,28,16,"",-116.073,0,0,0,0,0,0,0,0,0,0,0,0,0,0,0,0,0,0,0,0,434.075,0,0,-550.148
"MtrElec",5,28,17,"",61.6895,0,0,0,0,0,0,0,0,0,0,0,0,0,0,0,0,0,0,0,0,474.81,0,0,-413.12
"MtrElec",5,28,18,"",250.2,0,0,0,0,0,0,0,0,0,0,0,0,0,0,0,0,0,0,0,0,492.822,0,0,-242.622
"MtrElec",5,28,19,"",170.533,0,0,0,0,0,0,0,0,0,0,0,0,0,0,0,0,0,0,0,0,471.51,0,-223.222,-77.7547
"MtrElec",5,28,20,"",202.959,0,0,0,0,0,0,0,0,0,0,0,0,0,0,0,0,0,0,0,0,437.385,0,-223.222,-11.2039
"MtrElec",5,28,21,"",204.728,0,0,0,0,0,0,0,0,0,0,0,0,0,0,0,0,0,0,0,0,427.951,0,-223.222,0
"MtrElec",5,28,22,"",248.156,0,0,0,0,0,0,0,0,0,0,0,0,0,0,0,0,0,0,0,0,299.552,0,-51.3963,0
"MtrElec",5,28,23,"",285.808,0,0,0,0,0,0,0,0,0,0,0,0,0,0,0,0,0,0,0,0,285.808,0,0,0
"MtrElec",5,28,24,"",241.555,0,0,0,0,0,0,0,0,0,0,0,0,0,0,0,0,0,0,0,0,241.555,0,0,0
"MtrElec",5,29,1,"",158.193,0,0,0,0,0,0,0,0,0,0,0,0,0,0,0,0,0,0,0,0,158.193,0,0,0
"MtrElec",5,29,2,"",152.508,0,0,0,0,0,0,0,0,0,0,0,0,0,0,0,0,0,0,0,0,152.508,0,0,0
"MtrElec",5,29,3,"",146.062,0,0,0,0,0,0,0,0,0,0,0,0,0,0,0,0,0,0,0,0,146.062,0,0,0
"MtrElec",5,29,4,"",154.716,0,0,0,0,0,0,0,0,0,0,0,0,0,0,0,0,0,0,0,0,154.716,0,0,0
"MtrElec",5,29,5,"",143.672,0,0,0,0,0,0,0,0,0,0,0,0,0,0,0,0,0,0,0,0,143.672,0,0,0
"MtrElec",5,29,6,"",192.609,0,0,0,0,0,0,0,0,0,0,0,0,0,0,0,0,0,0,0,0,192.609,0,0,0
"MtrElec",5,29,7,"",228.998,0,0,0,0,0,0,0,0,0,0,0,0,0,0,0,0,0,0,0,0,250.697,0,0,-21.6991
"MtrElec",5,29,8,"",242.178,0,0,0,0,0,0,0,0,0,0,0,0,0,0,0,0,0,0,0,0,321.78,0,0,-79.6029
"MtrElec",5,29,9,"",258.6,0,0,0,0,0,0,0,0,0,0,0,0,0,0,0,0,0,0,0,0,404.885,0,0,-146.284
"MtrElec",5,29,10,"",313.764,0,0,0,0,0,0,0,0,0,0,0,0,0,0,0,0,0,0,0,0,517.55,0,0,-203.786
"MtrElec",5,29,11,"",244.178,0,0,0,0,0,0,0,0,0,0,0,0,0,0,0,0,0,0,0,0,515.936,0,0,-271.758
"MtrElec",5,29,12,"",0,0,0,0,0,0,0,0,0,0,0,0,0,0,0,0,0,0,0,0,0,446.704,0,139.174,-585.877
"MtrElec",5,29,13,"",0.0000156,0,0,0,0,0,0,0,0,0,0,0,0,0,0,0,0,0,0,0,0,471.848,0,188.442,-660.289
"MtrElec",5,29,14,"",0,0,0,0,0,0,0,0,0,0,0,0,0,0,0,0,0,0,0,0,0,398.03,0,194.205,-592.235
"MtrElec",5,29,15,"",0,0,0,0,0,0,0,0,0,0,0,0,0,0,0,0,0,0,0,0,0,365.601,0,201.958,-567.559
"MtrElec",5,29,16,"",0,0,0,0,0,0,0,0,0,0,0,0,0,0,0,0,0,0,0,0,0,433.291,0,37.6684,-470.959
"MtrElec",5,29,17,"",84.2237,0,0,0,0,0,0,0,0,0,0,0,0,0,0,0,0,0,0,0,0,484.145,0,0,-399.922
"MtrElec",5,29,18,"",214.539,0,0,0,0,0,0,0,0,0,0,0,0,0,0,0,0,0,0,0,0,454.313,0,0,-239.774
"MtrElec",5,29,19,"",147.162,0,0,0,0,0,0,0,0,0,0,0,0,0,0,0,0,0,0,0,0,451.204,0,-223.222,-80.8201
"MtrElec",5,29,20,"",207.724,0,0,0,0,0,0,0,0,0,0,0,0,0,0,0,0,0,0,0,0,443.449,0,-223.222,-12.5018
"MtrElec",5,29,21,"",149.707,0,0,0,0,0,0,0,0,0,0,0,0,0,0,0,0,0,0,0,0,372.93,0,-223.222,0
"MtrElec",5,29,22,"",268.435,0,0,0,0,0,0,0,0,0,0,0,0,0,0,0,0,0,0,0,0,285.974,0,-17.5391,0
"MtrElec",5,29,23,"",290.265,0,0,0,0,0,0,0,0,0,0,0,0,0,0,0,0,0,0,0,0,290.265,0,0,0
"MtrElec",5,29,24,"",250.651,0,0,0,0,0,0,0,0,0,0,0,0,0,0,0,0,0,0,0,0,250.651,0,0,0
"MtrElec",5,30,1,"",158.999,0,0,0,0,0,0,0,0,0,0,0,0,0,0,0,0,0,0,0,0,158.999,0,0,0
"MtrElec",5,30,2,"",153.208,0,0,0,0,0,0,0,0,0,0,0,0,0,0,0,0,0,0,0,0,153.208,0,0,0
"MtrElec",5,30,3,"",149.075,0,0,0,0,0,0,0,0,0,0,0,0,0,0,0,0,0,0,0,0,149.075,0,0,0
"MtrElec",5,30,4,"",150.116,0,0,0,0,0,0,0,0,0,0,0,0,0,0,0,0,0,0,0,0,150.116,0,0,0
"MtrElec",5,30,5,"",153.637,0,0,0,0,0,0,0,0,0,0,0,0,0,0,0,0,0,0,0,0,153.637,0,0,0
"MtrElec",5,30,6,"",148.476,0,0,0,0,0,0,0,0,0,0,0,0,0,0,0,0,0,0,0,0,148.476,0,0,0
"MtrElec",5,30,7,"",223.987,0,0,0,0,0,0,0,0,0,0,0,0,0,0,0,0,0,0,0,0,244.378,0,0,-20.3907
"MtrElec",5,30,8,"",220.953,0,0,0,0,0,0,0,0,0,0,0,0,0,0,0,0,0,0,0,0,298.098,0,0,-77.145
"MtrElec",5,30,9,"",242.252,0,0,0,0,0,0,0,0,0,0,0,0,0,0,0,0,0,0,0,0,375.09,0,0,-132.838
"MtrElec",5,30,10,"",249.653,0,0,0,0,0,0,0,0,0,0,0,0,0,0,0,0,0,0,0,0,462.212,0,0,-212.559
"MtrElec",5,30,11,"",216.863,0,0,0,0,0,0,0,0,0,0,0,0,0,0,0,0,0,0,0,0,460.11,0,0,-243.247
"MtrElec",5,30,12,"",109.893,0,0,0,0,0,0,0,0,0,0,0,0,0,0,0,0,0,0,0,0,545.461,0,0,-435.569
"MtrElec",5,30,13,"",-10.1798,0,0,0,0,0,0,0,0,0,0,0,0,0,0,0,0,0,0,0,0,465.327,0,223.222,-698.729
"MtrElec",5,30,14,"",0,0,0,0,0,0,0,0,0,0,0,0,0,0,0,0,0,0,0,0,0,458.527,0,219.889,-678.416
"MtrElec",5,30,15,"",0,0,0,0,0,0,0,0,0,0,0,0,0,0,0,0,0,0,0,0,0,484.722,0,120.281,-605.003
"MtrElec",5,30,16,"",0.0000078,0,0,0,0,0,0,0,0,0,0,0,0,0,0,0,0,0,0,0,0,436.191,0,82.5981,-518.789
"MtrElec",5,30,17,"",57.4759,0,0,0,0,0,0,0,0,0,0,0,0,0,0,0,0,0,0,0,0,440.156,0,0,-382.68
"MtrElec",5,30,18,"",291.539,0,0,0,0,0,0,0,0,0,0,0,0,0,0,0,0,0,0,0,0,458.943,0,0,-167.404
"MtrElec",5,30,19,"",186.826,0,0,0,0,0,0,0,0,0,0,0,0,0,0,0,0,0,0,0,0,451.32,0,-223.222,-41.2724
"MtrElec",5,30,20,"",152.185,0,0,0,0,0,0,0,0,0,0,0,0,0,0,0,0,0,0,0,0,380.184,0,-223.222,-4.77624
"MtrElec",5,30,21,"",242.882,0,0,0,0,0,0,0,0,0,0,0,0,0,0,0,0,0,0,0,0,379.444,0,-136.562,0
"MtrElec",5,30,22,"",358.52,0,0,0,0,0,0,0,0,0,0,0,0,0,0,0,0,0,0,0,0,358.52,0,0,0
"MtrElec",5,30,23,"",237.994,0,0,0,0,0,0,0,0,0,0,0,0,0,0,0,0,0,0,0,0,237.994,0,0,0
"MtrElec",5,30,24,"",187.495,0,0,0,0,0,0,0,0,0,0,0,0,0,0,0,0,0,0,0,0,187.495,0,0,0
"MtrElec",5,31,1,"",156.686,0,0,0,0,0,0,0,0,0,0,0,0,0,0,0,0,0,0,0,0,156.686,0,0,0
"MtrElec",5,31,2,"",152.072,0,0,0,0,0,0,0,0,0,0,0,0,0,0,0,0,0,0,0,0,152.072,0,0,0
"MtrElec",5,31,3,"",149.856,0,0,0,0,0,0,0,0,0,0,0,0,0,0,0,0,0,0,0,0,149.856,0,0,0
"MtrElec",5,31,4,"",150.426,0,0,0,0,0,0,0,0,0,0,0,0,0,0,0,0,0,0,0,0,150.426,0,0,0
"MtrElec",5,31,5,"",221.267,0,0,0,0,0,0,0,0,0,0,0,0,0,0,0,0,0,0,0,0,221.267,0,0,0
"MtrElec",5,31,6,"",151.05,0,0,0,0,0,0,0,0,0,0,0,0,0,0,0,0,0,0,0,0,151.05,0,0,0
"MtrElec",5,31,7,"",143.879,0,0,0,0,0,0,0,0,0,0,0,0,0,0,0,0,0,0,0,0,158.271,0,0,-14.3917
"MtrElec",5,31,8,"",178.884,0,0,0,0,0,0,0,0,0,0,0,0,0,0,0,0,0,0,0,0,235.788,0,0,-56.9044
"MtrElec",5,31,9,"",219.898,0,0,0,0,0,0,0,0,0,0,0,0,0,0,0,0,0,0,0,0,306.501,0,0,-86.6034
"MtrElec",5,31,10,"",246.498,0,0,0,0,0,0,0,0,0,0,0,0,0,0,0,0,0,0,0,0,369.292,0,0,-122.794
"MtrElec",5,31,11,"",348.27,0,0,0,0,0,0,0,0,0,0,0,0,0,0,0,0,0,0,0,0,420.41,0,0,-72.1395
"MtrElec",5,31,12,"",226.239,0,0,0,0,0,0,0,0,0,0,0,0,0,0,0,0,0,0,0,0,430.749,0,0,-204.51
"MtrElec",5,31,13,"",135.816,0,0,0,0,0,0,0,0,0,0,0,0,0,0,0,0,0,0,0,0,433.345,0,0,-297.529
"MtrElec",5,31,14,"",220.643,0,0,0,0,0,0,0,0,0,0,0,0,0,0,0,0,0,0,0,0,391.478,0,0,-170.835
"MtrElec",5,31,15,"",140.095,0,0,0,0,0,0,0,0,0,0,0,0,0,0,0,0,0,0,0,0,392.328,0,0,-252.233
"MtrElec",5,31,16,"",140.771,0,0,0,0,0,0,0,0,0,0,0,0,0,0,0,0,0,0,0,0,372.933,0,0,-232.163
"MtrElec",5,31,17,"",182.728,0,0,0,0,0,0,0,0,0,0,0,0,0,0,0,0,0,0,0,0,378.604,0,0,-195.876
"MtrElec",5,31,18,"",204.18,0,0,0,0,0,0,0,0,0,0,0,0,0,0,0,0,0,0,0,0,382.672,0,0,-178.492
"MtrElec",5,31,19,"",352.508,0,0,0,0,0,0,0,0,0,0,0,0,0,0,0,0,0,0,0,0,431.929,0,0,-79.4211
"MtrElec",5,31,20,"",319.155,0,0,0,0,0,0,0,0,0,0,0,0,0,0,0,0,0,0,0,0,331.604,0,0,-12.4487
"MtrElec",5,31,21,"",292.705,0,0,0,0,0,0,0,0,0,0,0,0,0,0,0,0,0,0,0,0,292.705,0,0,0
"MtrElec",5,31,22,"",280.939,0,0,0,0,0,0,0,0,0,0,0,0,0,0,0,0,0,0,0,0,280.939,0,0,0
"MtrElec",5,31,23,"",241.114,0,0,0,0,0,0,0,0,0,0,0,0,0,0,0,0,0,0,0,0,241.114,0,0,0
"MtrElec",5,31,24,"",189.593,0,0,0,0,0,0,0,0,0,0,0,0,0,0,0,0,0,0,0,0,189.593,0,0,0
"MtrElec",6,1,1,"",161.889,0,0,0,0,0,0,0,0,0,0,0,0,0,0,0,0,0,0,0,0,161.889,0,0,0
"MtrElec",6,1,2,"",148.686,0,0,0,0,0,0,0,0,0,0,0,0,0,0,0,0,0,0,0,0,148.686,0,0,0
"MtrElec",6,1,3,"",144.877,0,0,0,0,0,0,0,0,0,0,0,0,0,0,0,0,0,0,0,0,144.877,0,0,0
"MtrElec",6,1,4,"",146.952,0,0,0,0,0,0,0,0,0,0,0,0,0,0,0,0,0,0,0,0,146.952,0,0,0
"MtrElec",6,1,5,"",166.755,0,0,0,0,0,0,0,0,0,0,0,0,0,0,0,0,0,0,0,0,166.755,0,0,0
"MtrElec",6,1,6,"",160.496,0,0,0,0,0,0,0,0,0,0,0,0,0,0,0,0,0,0,0,0,160.496,0,0,0
"MtrElec",6,1,7,"",249.666,0,0,0,0,0,0,0,0,0,0,0,0,0,0,0,0,0,0,0,0,257.459,0,0,-7.79208
"MtrElec",6,1,8,"",355.17,0,0,0,0,0,0,0,0,0,0,0,0,0,0,0,0,0,0,0,0,390.212,0,0,-35.0424
"MtrElec",6,1,9,"",308.705,0,0,0,0,0,0,0,0,0,0,0,0,0,0,0,0,0,0,0,0,378.55,0,0,-69.845
"MtrElec",6,1,10,"",300.929,0,0,0,0,0,0,0,0,0,0,0,0,0,0,0,0,0,0,0,0,426.79,0,0,-125.861
"MtrElec",6,1,11,"",252.22,0,0,0,0,0,0,0,0,0,0,0,0,0,0,0,0,0,0,0,0,429.759,0,0,-177.539
"MtrElec",6,1,12,"",82.7687,0,0,0,0,0,0,0,0,0,0,0,0,0,0,0,0,0,0,0,0,430.059,0,0,-347.291
"MtrElec",6,1,13,"",0,0,0,0,0,0,0,0,0,0,0,0,0,0,0,0,0,0,0,0,0,422.157,0,191.156,-613.313
"MtrElec",6,1,14,"",-46.4682,0,0,0,0,0,0,0,0,0,0,0,0,0,0,0,0,0,0,0,0,388.24,0,223.222,-657.931
"MtrElec",6,1,15,"",0.0000156,0,0,0,0,0,0,0,0,0,0,0,0,0,0,0,0,0,0,0,0,435.645,0,186.688,-622.333
"MtrElec",6,1,16,"",0,0,0,0,0,0,0,0,0,0,0,0,0,0,0,0,0,0,0,0,0,436.246,0,97.5671,-533.813
"MtrElec",6,1,17,"",29.7168,0,0,0,0,0,0,0,0,0,0,0,0,0,0,0,0,0,0,0,0,441.951,0,0,-412.234
"MtrElec",6,1,18,"",226.896,0,0,0,0,0,0,0,0,0,0,0,0,0,0,0,0,0,0,0,0,475.185,0,0,-248.289
"MtrElec",6,1,19,"",141.794,0,0,0,0,0,0,0,0,0,0,0,0,0,0,0,0,0,0,0,0,446.769,0,-223.222,-81.752
"MtrElec",6,1,20,"",199.621,0,0,0,0,0,0,0,0,0,0,0,0,0,0,0,0,0,0,0,0,435.242,0,-223.222,-12.3992
"MtrElec",6,1,21,"",161.765,0,0,0,0,0,0,0,0,0,0,0,0,0,0,0,0,0,0,0,0,345.837,0,-184.072,0
"MtrElec",6,1,22,"",287.614,0,0,0,0,0,0,0,0,0,0,0,0,0,0,0,0,0,0,0,0,287.614,0,0,0
"MtrElec",6,1,23,"",286.072,0,0,0,0,0,0,0,0,0,0,0,0,0,0,0,0,0,0,0,0,286.072,0,0,0
"MtrElec",6,1,24,"",192.94,0,0,0,0,0,0,0,0,0,0,0,0,0,0,0,0,0,0,0,0,192.94,0,0,0
"MtrElec",6,2,1,"",183.486,0,0,0,0,0,0,0,0,0,0,0,0,0,0,0,0,0,0,0,0,183.486,0,0,0
"MtrElec",6,2,2,"",190.548,0,0,0,0,0,0,0,0,0,0,0,0,0,0,0,0,0,0,0,0,190.548,0,0,0
"MtrElec",6,2,3,"",150.294,0,0,0,0,0,0,0,0,0,0,0,0,0,0,0,0,0,0,0,0,150.294,0,0,0
"MtrElec",6,2,4,"",146.238,0,0,0,0,0,0,0,0,0,0,0,0,0,0,0,0,0,0,0,0,146.238,0,0,0
"MtrElec",6,2,5,"",144.804,0,0,0,0,0,0,0,0,0,0,0,0,0,0,0,0,0,0,0,0,144.804,0,0,0
"MtrElec",6,2,6,"",152.188,0,0,0,0,0,0,0,0,0,0,0,0,0,0,0,0,0,0,0,0,152.188,0,0,0
"MtrElec",6,2,7,"",279.344,0,0,0,0,0,0,0,0,0,0,0,0,0,0,0,0,0,0,0,0,305.512,0,0,-26.1682
"MtrElec",6,2,8,"",222.851,0,0,0,0,0,0,0,0,0,0,0,0,0,0,0,0,0,0,0,0,362.867,0,0,-140.017
"MtrElec",6,2,9,"",94.1531,0,0,0,0,0,0,0,0,0,0,0,0,0,0,0,0,0,0,0,0,404.031,0,0,-309.878
"MtrElec",6,2,10,"",14.0078,0,0,0,0,0,0,0,0,0,0,0,0,0,0,0,0,0,0,0,0,474.079,0,0,-460.072
"MtrElec",6,2,11,"",0,0,0,0,0,0,0,0,0,0,0,0,0,0,0,0,0,0,0,0,0,545.386,0,28.2324,-573.619
"MtrElec",6,2,12,"",0,0,0,0,0,0,0,0,0,0,0,0,0,0,0,0,0,0,0,0,0,509.552,0,134.688,-644.24
"MtrElec",6,2,13,"",0,0,0,0,0,0,0,0,0,0,0,0,0,0,0,0,0,0,0,0,0,528.435,0,146.207,-674.641
"MtrElec",6,2,14,"",-17.5005,0,0,0,0,0,0,0,0,0,0,0,0,0,0,0,0,0,0,0,0,443.155,0,223.222,-683.878
"MtrElec",6,2,15,"",-4.05611,0,0,0,0,0,0,0,0,0,0,0,0,0,0,0,0,0,0,0,0,415.36,0,223.222,-642.638
"MtrElec",6,2,16,"",-32.1561,0,0,0,0,0,0,0,0,0,0,0,0,0,0,0,0,0,0,0,0,474.615,0,43.3898,-550.161
"MtrElec",6,2,17,"",50.0275,0,0,0,0,0,0,0,0,0,0,0,0,0,0,0,0,0,0,0,0,466.887,0,0,-416.859
"MtrElec",6,2,18,"",267.5,0,0,0,0,0,0,0,0,0,0,0,0,0,0,0,0,0,0,0,0,517.605,0,0,-250.104
"MtrElec",6,2,19,"",220.257,0,0,0,0,0,0,0,0,0,0,0,0,0,0,0,0,0,0,0,0,522.576,0,-223.222,-79.0966
"MtrElec",6,2,20,"",261.221,0,0,0,0,0,0,0,0,0,0,0,0,0,0,0,0,0,0,0,0,494.46,0,-223.222,-10.0165
"MtrElec",6,2,21,"",202.923,0,0,0,0,0,0,0,0,0,0,0,0,0,0,0,0,0,0,0,0,426.146,0,-223.222,0
"MtrElec",6,2,22,"",188.094,0,0,0,0,0,0,0,0,0,0,0,0,0,0,0,0,0,0,0,0,239.49,0,-51.3963,0
"MtrElec",6,2,23,"",265.541,0,0,0,0,0,0,0,0,0,0,0,0,0,0,0,0,0,0,0,0,265.541,0,0,0
"MtrElec",6,2,24,"",178.864,0,0,0,0,0,0,0,0,0,0,0,0,0,0,0,0,0,0,0,0,178.864,0,0,0
"MtrElec",6,3,1,"",198.367,0,0,0,0,0,0,0,0,0,0,0,0,0,0,0,0,0,0,0,0,198.367,0,0,0
"MtrElec",6,3,2,"",150.302,0,0,0,0,0,0,0,0,0,0,0,0,0,0,0,0,0,0,0,0,150.302,0,0,0
"MtrElec",6,3,3,"",147.178,0,0,0,0,0,0,0,0,0,0,0,0,0,0,0,0,0,0,0,0,147.178,0,0,0
"MtrElec",6,3,4,"",149.874,0,0,0,0,0,0,0,0,0,0,0,0,0,0,0,0,0,0,0,0,149.874,0,0,0
"MtrElec",6,3,5,"",147.928,0,0,0,0,0,0,0,0,0,0,0,0,0,0,0,0,0,0,0,0,147.928,0,0,0
"MtrElec",6,3,6,"",173.861,0,0,0,0,0,0,0,0,0,0,0,0,0,0,0,0,0,0,0,0,173.861,0,0,0
"MtrElec",6,3,7,"",214.342,0,0,0,0,0,0,0,0,0,0,0,0,0,0,0,0,0,0,0,0,238.455,0,0,-24.1134
"MtrElec",6,3,8,"",227.664,0,0,0,0,0,0,0,0,0,0,0,0,0,0,0,0,0,0,0,0,369.664,0,0,-142
"MtrElec",6,3,9,"",73.5433,0,0,0,0,0,0,0,0,0,0,0,0,0,0,0,0,0,0,0,0,391.427,0,0,-317.884
"MtrElec",6,3,10,"",4.97578,0,0,0,0,0,0,0,0,0,0,0,0,0,0,0,0,0,0,0,0,471.1,0,0,-466.125
"MtrElec",6,3,11,"",0,0,0,0,0,0,0,0,0,0,0,0,0,0,0,0,0,0,0,0,0,480.129,0,101.167,-581.296
"MtrElec",6,3,12,"",0,0,0,0,0,0,0,0,0,0,0,0,0,0,0,0,0,0,0,0,0,470.845,0,175.175,-646.019
"MtrElec",6,3,13,"",0.0000078,0,0,0,0,0,0,0,0,0,0,0,0,0,0,0,0,0,0,0,0,550.03,0,123.867,-673.897
"MtrElec",6,3,14,"",-10.0042,0,0,0,0,0,0,0,0,0,0,0,0,0,0,0,0,0,0,0,0,440.347,0,223.222,-673.573
"MtrElec",6,3,15,"",0,0,0,0,0,0,0,0,0,0,0,0,0,0,0,0,0,0,0,0,0,473.523,0,153.214,-626.738
"MtrElec",6,3,16,"",-34.365,0,0,0,0,0,0,0,0,0,0,0,0,0,0,0,0,0,0,0,0,473.561,0,22.3169,-530.243
"MtrElec",6,3,17,"",185.427,0,0,0,0,0,0,0,0,0,0,0,0,0,0,0,0,0,0,0,0,578.576,0,0,-393.149
"MtrElec",6,3,18,"",334.01,0,0,0,0,0,0,0,0,0,0,0,0,0,0,0,0,0,0,0,0,573.983,0,0,-239.973
"MtrElec",6,3,19,"",238.116,0,0,0,0,0,0,0,0,0,0,0,0,0,0,0,0,0,0,0,0,542.169,0,-223.222,-80.8304
"MtrElec",6,3,20,"",244.683,0,0,0,0,0,0,0,0,0,0,0,0,0,0,0,0,0,0,0,0,479.61,0,-223.222,-11.7052
"MtrElec",6,3,21,"",207.84,0,0,0,0,0,0,0,0,0,0,0,0,0,0,0,0,0,0,0,0,431.062,0,-223.222,0
"MtrElec",6,3,22,"",257.07,0,0,0,0,0,0,0,0,0,0,0,0,0,0,0,0,0,0,0,0,308.467,0,-51.3963,0
"MtrElec",6,3,23,"",272.649,0,0,0,0,0,0,0,0,0,0,0,0,0,0,0,0,0,0,0,0,272.649,0,0,0
"MtrElec",6,3,24,"",196.091,0,0,0,0,0,0,0,0,0,0,0,0,0,0,0,0,0,0,0,0,196.091,0,0,0
"MtrElec",6,4,1,"",153.331,0,0,0,0,0,0,0,0,0,0,0,0,0,0,0,0,0,0,0,0,153.331,0,0,0
"MtrElec",6,4,2,"",149.963,0,0,0,0,0,0,0,0,0,0,0,0,0,0,0,0,0,0,0,0,149.963,0,0,0
"MtrElec",6,4,3,"",145.586,0,0,0,0,0,0,0,0,0,0,0,0,0,0,0,0,0,0,0,0,145.586,0,0,0
"MtrElec",6,4,4,"",146.444,0,0,0,0,0,0,0,0,0,0,0,0,0,0,0,0,0,0,0,0,146.444,0,0,0
"MtrElec",6,4,5,"",185.702,0,0,0,0,0,0,0,0,0,0,0,0,0,0,0,0,0,0,0,0,185.702,0,0,0
"MtrElec",6,4,6,"",149.861,0,0,0,0,0,0,0,0,0,0,0,0,0,0,0,0,0,0,0,0,149.861,0,0,0
"MtrElec",6,4,7,"",214.95,0,0,0,0,0,0,0,0,0,0,0,0,0,0,0,0,0,0,0,0,251.547,0,0,-36.5968
"MtrElec",6,4,8,"",161.252,0,0,0,0,0,0,0,0,0,0,0,0,0,0,0,0,0,0,0,0,302.577,0,0,-141.324
"MtrElec",6,4,9,"",163.358,0,0,0,0,0,0,0,0,0,0,0,0,0,0,0,0,0,0,0,0,434.045,0,0,-270.687
"MtrElec",6,4,10,"",-6.78312,0,0,0,0,0,0,0,0,0,0,0,0,0,0,0,0,0,0,0,0,442.002,0,0,-448.785
"MtrElec",6,4,11,"",0.0000078,0,0,0,0,0,0,0,0,0,0,0,0,0,0,0,0,0,0,0,0,468.221,0,120.753,-588.974
"MtrElec",6,4,12,"",-7.18452,0,0,0,0,0,0,0,0,0,0,0,0,0,0,0,0,0,0,0,0,442.305,0,223.222,-672.712
"MtrElec",6,4,13,"",0,0,0,0,0,0,0,0,0,0,0,0,0,0,0,0,0,0,0,0,0,479.907,0,221.133,-701.04
"MtrElec",6,4,14,"",-53.4233,0,0,0,0,0,0,0,0,0,0,0,0,0,0,0,0,0,0,0,0,415.547,0,223.222,-692.193
"MtrElec",6,4,15,"",-221.76,0,0,0,0,0,0,0,0,0,0,0,0,0,0,0,0,0,0,0,0,418.878,0,10.6313,-651.269
"MtrElec",6,4,16,"",-105.309,0,0,0,0,0,0,0,0,0,0,0,0,0,0,0,0,0,0,0,0,448.642,0,0,-553.95
"MtrElec",6,4,17,"",57.086,0,0,0,0,0,0,0,0,0,0,0,0,0,0,0,0,0,0,0,0,470.381,0,0,-413.295
"MtrElec",6,4,18,"",273.509,0,0,0,0,0,0,0,0,0,0,0,0,0,0,0,0,0,0,0,0,523.815,0,0,-250.306
"MtrElec",6,4,19,"",189.41,0,0,0,0,0,0,0,0,0,0,0,0,0,0,0,0,0,0,0,0,493.685,0,-223.222,-81.0527
"MtrElec",6,4,20,"",194.878,0,0,0,0,0,0,0,0,0,0,0,0,0,0,0,0,0,0,0,0,427.487,0,-223.222,-9.38664
"MtrElec",6,4,21,"",185.668,0,0,0,0,0,0,0,0,0,0,0,0,0,0,0,0,0,0,0,0,408.89,0,-223.222,0
"MtrElec",6,4,22,"",187.924,0,0,0,0,0,0,0,0,0,0,0,0,0,0,0,0,0,0,0,0,239.321,0,-51.3963,0
"MtrElec",6,4,23,"",271.42,0,0,0,0,0,0,0,0,0,0,0,0,0,0,0,0,0,0,0,0,271.42,0,0,0
"MtrElec",6,4,24,"",175.618,0,0,0,0,0,0,0,0,0,0,0,0,0,0,0,0,0,0,0,0,175.618,0,0,0
"MtrElec",6,5,1,"",158.403,0,0,0,0,0,0,0,0,0,0,0,0,0,0,0,0,0,0,0,0,158.403,0,0,0
"MtrElec",6,5,2,"",150.492,0,0,0,0,0,0,0,0,0,0,0,0,0,0,0,0,0,0,0,0,150.492,0,0,0
"MtrElec",6,5,3,"",184.344,0,0,0,0,0,0,0,0,0,0,0,0,0,0,0,0,0,0,0,0,184.344,0,0,0
"MtrElec",6,5,4,"",146.903,0,0,0,0,0,0,0,0,0,0,0,0,0,0,0,0,0,0,0,0,146.903,0,0,0
"MtrElec",6,5,5,"",143.418,0,0,0,0,0,0,0,0,0,0,0,0,0,0,0,0,0,0,0,0,143.418,0,0,0
"MtrElec",6,5,6,"",147.886,0,0,0,0,0,0,0,0,0,0,0,0,0,0,0,0,0,0,0,0,147.886,0,0,0
"MtrElec",6,5,7,"",250.239,0,0,0,0,0,0,0,0,0,0,0,0,0,0,0,0,0,0,0,0,283.08,0,0,-32.841
"MtrElec",6,5,8,"",202.122,0,0,0,0,0,0,0,0,0,0,0,0,0,0,0,0,0,0,0,0,320.805,0,0,-118.683
"MtrElec",6,5,9,"",165.015,0,0,0,0,0,0,0,0,0,0,0,0,0,0,0,0,0,0,0,0,360.302,0,0,-195.287
"MtrElec",6,5,10,"",105.591,0,0,0,0,0,0,0,0,0,0,0,0,0,0,0,0,0,0,0,0,439.77,0,0,-334.179
"MtrElec",6,5,11,"",0,0,0,0,0,0,0,0,0,0,0,0,0,0,0,0,0,0,0,0,0,427.207,0,129.45,-556.657
"MtrElec",6,5,12,"",-64.7246,0,0,0,0,0,0,0,0,0,0,0,0,0,0,0,0,0,0,0,0,373.053,0,223.222,-661
"MtrElec",6,5,13,"",-96.4687,0,0,0,0,0,0,0,0,0,0,0,0,0,0,0,0,0,0,0,0,389.011,0,223.222,-708.702
"MtrElec",6,5,14,"",-122.414,0,0,0,0,0,0,0,0,0,0,0,0,0,0,0,0,0,0,0,0,347.414,0,223.067,-692.896
"MtrElec",6,5,15,"",-254.082,0,0,0,0,0,0,0,0,0,0,0,0,0,0,0,0,0,0,0,0,392.389,0,0,-646.472
"MtrElec",6,5,16,"",-154.307,0,0,0,0,0,0,0,0,0,0,0,0,0,0,0,0,0,0,0,0,407.188,0,0,-561.495
"MtrElec",6,5,17,"",1.20938,0,0,0,0,0,0,0,0,0,0,0,0,0,0,0,0,0,0,0,0,425.989,0,0,-424.779
"MtrElec",6,5,18,"",141.696,0,0,0,0,0,0,0,0,0,0,0,0,0,0,0,0,0,0,0,0,399.575,0,0,-257.88
"MtrElec",6,5,19,"",125.369,0,0,0,0,0,0,0,0,0,0,0,0,0,0,0,0,0,0,0,0,430.066,0,-223.222,-81.4743
"MtrElec",6,5,20,"",195.742,0,0,0,0,0,0,0,0,0,0,0,0,0,0,0,0,0,0,0,0,428.401,0,-223.222,-9.43681
"MtrElec",6,5,21,"",189.148,0,0,0,0,0,0,0,0,0,0,0,0,0,0,0,0,0,0,0,0,412.371,0,-223.222,0
"MtrElec",6,5,22,"",215.359,0,0,0,0,0,0,0,0,0,0,0,0,0,0,0,0,0,0,0,0,266.755,0,-51.3963,0
"MtrElec",6,5,23,"",274.098,0,0,0,0,0,0,0,0,0,0,0,0,0,0,0,0,0,0,0,0,274.098,0,0,0
"MtrElec",6,5,24,"",205.714,0,0,0,0,0,0,0,0,0,0,0,0,0,0,0,0,0,0,0,0,205.714,0,0,0
"MtrElec",6,6,1,"",166.044,0,0,0,0,0,0,0,0,0,0,0,0,0,0,0,0,0,0,0,0,166.044,0,0,0
"MtrElec",6,6,2,"",148.956,0,0,0,0,0,0,0,0,0,0,0,0,0,0,0,0,0,0,0,0,148.956,0,0,0
"MtrElec",6,6,3,"",191.317,0,0,0,0,0,0,0,0,0,0,0,0,0,0,0,0,0,0,0,0,191.317,0,0,0
"MtrElec",6,6,4,"",148.883,0,0,0,0,0,0,0,0,0,0,0,0,0,0,0,0,0,0,0,0,148.883,0,0,0
"MtrElec",6,6,5,"",166.855,0,0,0,0,0,0,0,0,0,0,0,0,0,0,0,0,0,0,0,0,166.855,0,0,0
"MtrElec",6,6,6,"",148.041,0,0,0,0,0,0,0,0,0,0,0,0,0,0,0,0,0,0,0,0,148.041,0,0,0
"MtrElec",6,6,7,"",218.506,0,0,0,0,0,0,0,0,0,0,0,0,0,0,0,0,0,0,0,0,235.134,0,0,-16.6278
"MtrElec",6,6,8,"",200.352,0,0,0,0,0,0,0,0,0,0,0,0,0,0,0,0,0,0,0,0,261.237,0,0,-60.8848
"MtrElec",6,6,9,"",240.253,0,0,0,0,0,0,0,0,0,0,0,0,0,0,0,0,0,0,0,0,347.943,0,0,-107.69
"MtrElec",6,6,10,"",249.729,0,0,0,0,0,0,0,0,0,0,0,0,0,0,0,0,0,0,0,0,420.666,0,0,-170.936
"MtrElec",6,6,11,"",261.418,0,0,0,0,0,0,0,0,0,0,0,0,0,0,0,0,0,0,0,0,519.222,0,0,-257.804
"MtrElec",6,6,12,"",0,0,0,0,0,0,0,0,0,0,0,0,0,0,0,0,0,0,0,0,0,521.365,0,20.7677,-542.132
"MtrElec",6,6,13,"",0,0,0,0,0,0,0,0,0,0,0,0,0,0,0,0,0,0,0,0,0,490.836,0,187.666,-678.502
"MtrElec",6,6,14,"",0.0000156,0,0,0,0,0,0,0,0,0,0,0,0,0,0,0,0,0,0,0,0,462.212,0,219.35,-681.561
"MtrElec",6,6,15,"",0,0,0,0,0,0,0,0,0,0,0,0,0,0,0,0,0,0,0,0,0,471.261,0,155.608,-626.869
"MtrElec",6,6,16,"",0,0,0,0,0,0,0,0,0,0,0,0,0,0,0,0,0,0,0,0,0,424.467,0,124.07,-548.537
"MtrElec",6,6,17,"",0.0000010,0,0,0,0,0,0,0,0,0,0,0,0,0,0,0,0,0,0,0,0,410.003,0,11.1093,-421.112
"MtrElec",6,6,18,"",208.596,0,0,0,0,0,0,0,0,0,0,0,0,0,0,0,0,0,0,0,0,460.605,0,0,-252.009
"MtrElec",6,6,19,"",221.111,0,0,0,0,0,0,0,0,0,0,0,0,0,0,0,0,0,0,0,0,525.92,0,-223.222,-81.5863
"MtrElec",6,6,20,"",155.838,0,0,0,0,0,0,0,0,0,0,0,0,0,0,0,0,0,0,0,0,389.66,0,-223.222,-10.5996
"MtrElec",6,6,21,"",119.372,0,0,0,0,0,0,0,0,0,0,0,0,0,0,0,0,0,0,0,0,321.437,0,-202.065,0
"MtrElec",6,6,22,"",342.436,0,0,0,0,0,0,0,0,0,0,0,0,0,0,0,0,0,0,0,0,342.436,0,0,0
"MtrElec",6,6,23,"",251.846,0,0,0,0,0,0,0,0,0,0,0,0,0,0,0,0,0,0,0,0,251.846,0,0,0
"MtrElec",6,6,24,"",206.498,0,0,0,0,0,0,0,0,0,0,0,0,0,0,0,0,0,0,0,0,206.498,0,0,0
"MtrElec",6,7,1,"",155.786,0,0,0,0,0,0,0,0,0,0,0,0,0,0,0,0,0,0,0,0,155.786,0,0,0
"MtrElec",6,7,2,"",148.059,0,0,0,0,0,0,0,0,0,0,0,0,0,0,0,0,0,0,0,0,148.059,0,0,0
"MtrElec",6,7,3,"",149.222,0,0,0,0,0,0,0,0,0,0,0,0,0,0,0,0,0,0,0,0,149.222,0,0,0
"MtrElec",6,7,4,"",148.863,0,0,0,0,0,0,0,0,0,0,0,0,0,0,0,0,0,0,0,0,148.863,0,0,0
"MtrElec",6,7,5,"",212.819,0,0,0,0,0,0,0,0,0,0,0,0,0,0,0,0,0,0,0,0,212.819,0,0,0
"MtrElec",6,7,6,"",147.69,0,0,0,0,0,0,0,0,0,0,0,0,0,0,0,0,0,0,0,0,147.69,0,0,0
"MtrElec",6,7,7,"",129.912,0,0,0,0,0,0,0,0,0,0,0,0,0,0,0,0,0,0,0,0,157.245,0,0,-27.333
"MtrElec",6,7,8,"",129.41,0,0,0,0,0,0,0,0,0,0,0,0,0,0,0,0,0,0,0,0,224.173,0,0,-94.7632
"MtrElec",6,7,9,"",114.604,0,0,0,0,0,0,0,0,0,0,0,0,0,0,0,0,0,0,0,0,285.806,0,0,-171.202
"MtrElec",6,7,10,"",215.409,0,0,0,0,0,0,0,0,0,0,0,0,0,0,0,0,0,0,0,0,441.705,0,0,-226.296
"MtrElec",6,7,11,"",47.7085,0,0,0,0,0,0,0,0,0,0,0,0,0,0,0,0,0,0,0,0,439.627,0,0,-391.918
"MtrElec",6,7,12,"",0,0,0,0,0,0,0,0,0,0,0,0,0,0,0,0,0,0,0,0,0,431.799,0,155.481,-587.281
"MtrElec",6,7,13,"",-53.6872,0,0,0,0,0,0,0,0,0,0,0,0,0,0,0,0,0,0,0,0,385.353,0,223.222,-662.263
"MtrElec",6,7,14,"",-77.2361,0,0,0,0,0,0,0,0,0,0,0,0,0,0,0,0,0,0,0,0,360.414,0,223.222,-660.873
"MtrElec",6,7,15,"",-31.1462,0,0,0,0,0,0,0,0,0,0,0,0,0,0,0,0,0,0,0,0,395.273,0,197.036,-623.455
"MtrElec",6,7,16,"",-148.234,0,0,0,0,0,0,0,0,0,0,0,0,0,0,0,0,0,0,0,0,387.448,0,0,-535.682
"MtrElec",6,7,17,"",-27.6111,0,0,0,0,0,0,0,0,0,0,0,0,0,0,0,0,0,0,0,0,381.211,0,0,-408.822
"MtrElec",6,7,18,"",172.698,0,0,0,0,0,0,0,0,0,0,0,0,0,0,0,0,0,0,0,0,421.573,0,0,-248.875
"MtrElec",6,7,19,"",111.243,0,0,0,0,0,0,0,0,0,0,0,0,0,0,0,0,0,0,0,0,416.315,0,-223.222,-81.8494
"MtrElec",6,7,20,"",105.782,0,0,0,0,0,0,0,0,0,0,0,0,0,0,0,0,0,0,0,0,339.598,0,-223.222,-10.593
"MtrElec",6,7,21,"",29.3647,0,0,0,0,0,0,0,0,0,0,0,0,0,0,0,0,0,0,0,0,252.587,0,-223.222,0
"MtrElec",6,7,22,"",239.283,0,0,0,0,0,0,0,0,0,0,0,0,0,0,0,0,0,0,0,0,290.679,0,-51.3963,0
"MtrElec",6,7,23,"",245.718,0,0,0,0,0,0,0,0,0,0,0,0,0,0,0,0,0,0,0,0,245.718,0,0,0
"MtrElec",6,7,24,"",214.348,0,0,0,0,0,0,0,0,0,0,0,0,0,0,0,0,0,0,0,0,214.348,0,0,0
"MtrElec",6,8,1,"",166.14,0,0,0,0,0,0,0,0,0,0,0,0,0,0,0,0,0,0,0,0,166.14,0,0,0
"MtrElec",6,8,2,"",150.608,0,0,0,0,0,0,0,0,0,0,0,0,0,0,0,0,0,0,0,0,150.608,0,0,0
"MtrElec",6,8,3,"",187.249,0,0,0,0,0,0,0,0,0,0,0,0,0,0,0,0,0,0,0,0,187.249,0,0,0
"MtrElec",6,8,4,"",149.277,0,0,0,0,0,0,0,0,0,0,0,0,0,0,0,0,0,0,0,0,149.277,0,0,0
"MtrElec",6,8,5,"",148.193,0,0,0,0,0,0,0,0,0,0,0,0,0,0,0,0,0,0,0,0,148.193,0,0,0
"MtrElec",6,8,6,"",168.851,0,0,0,0,0,0,0,0,0,0,0,0,0,0,0,0,0,0,0,0,168.851,0,0,0
"MtrElec",6,8,7,"",204.794,0,0,0,0,0,0,0,0,0,0,0,0,0,0,0,0,0,0,0,0,235.04,0,0,-30.2456
"MtrElec",6,8,8,"",242.323,0,0,0,0,0,0,0,0,0,0,0,0,0,0,0,0,0,0,0,0,349.727,0,0,-107.404
"MtrElec",6,8,9,"",156.886,0,0,0,0,0,0,0,0,0,0,0,0,0,0,0,0,0,0,0,0,351.375,0,0,-194.49
"MtrElec",6,8,10,"",72.4937,0,0,0,0,0,0,0,0,0,0,0,0,0,0,0,0,0,0,0,0,436.044,0,0,-363.55
"MtrElec",6,8,11,"",0,0,0,0,0,0,0,0,0,0,0,0,0,0,0,0,0,0,0,0,0,460.666,0,82.6517,-543.318
"MtrElec",6,8,12,"",-0.223453,0,0,0,0,0,0,0,0,0,0,0,0,0,0,0,0,0,0,0,0,428.633,0,223.222,-652.079
"MtrElec",6,8,13,"",-28.3442,0,0,0,0,0,0,0,0,0,0,0,0,0,0,0,0,0,0,0,0,430.813,0,223.222,-682.38
"MtrElec",6,8,14,"",-13.3863,0,0,0,0,0,0,0,0,0,0,0,0,0,0,0,0,0,0,0,0,418.328,0,223.222,-654.937
"MtrElec",6,8,15,"",-182.257,0,0,0,0,0,0,0,0,0,0,0,0,0,0,0,0,0,0,0,0,397.081,0,46.6434,-625.982
"MtrElec",6,8,16,"",-143.724,0,0,0,0,0,0,0,0,0,0,0,0,0,0,0,0,0,0,0,0,401.363,0,0,-545.087
"MtrElec",6,8,17,"",0.570094,0,0,0,0,0,0,0,0,0,0,0,0,0,0,0,0,0,0,0,0,417.66,0,0,-417.089
"MtrElec",6,8,18,"",231.958,0,0,0,0,0,0,0,0,0,0,0,0,0,0,0,0,0,0,0,0,484.896,0,0,-252.938
"MtrElec",6,8,19,"",160.408,0,0,0,0,0,0,0,0,0,0,0,0,0,0,0,0,0,0,0,0,467.316,0,-223.222,-83.6865
"MtrElec",6,8,20,"",215.553,0,0,0,0,0,0,0,0,0,0,0,0,0,0,0,0,0,0,0,0,449.996,0,-223.222,-11.221
"MtrElec",6,8,21,"",183.382,0,0,0,0,0,0,0,0,0,0,0,0,0,0,0,0,0,0,0,0,406.604,0,-223.222,0
"MtrElec",6,8,22,"",243.485,0,0,0,0,0,0,0,0,0,0,0,0,0,0,0,0,0,0,0,0,294.881,0,-51.3963,0
"MtrElec",6,8,23,"",195.409,0,0,0,0,0,0,0,0,0,0,0,0,0,0,0,0,0,0,0,0,195.409,0,0,0
"MtrElec",6,8,24,"",234.813,0,0,0,0,0,0,0,0,0,0,0,0,0,0,0,0,0,0,0,0,234.813,0,0,0
"MtrElec",6,9,1,"",179.085,0,0,0,0,0,0,0,0,0,0,0,0,0,0,0,0,0,0,0,0,179.085,0,0,0
"MtrElec",6,9,2,"",149.388,0,0,0,0,0,0,0,0,0,0,0,0,0,0,0,0,0,0,0,0,149.388,0,0,0
"MtrElec",6,9,3,"",146.981,0,0,0,0,0,0,0,0,0,0,0,0,0,0,0,0,0,0,0,0,146.981,0,0,0
"MtrElec",6,9,4,"",149.042,0,0,0,0,0,0,0,0,0,0,0,0,0,0,0,0,0,0,0,0,149.042,0,0,0
"MtrElec",6,9,5,"",148.615,0,0,0,0,0,0,0,0,0,0,0,0,0,0,0,0,0,0,0,0,148.615,0,0,0
"MtrElec",6,9,6,"",187.871,0,0,0,0,0,0,0,0,0,0,0,0,0,0,0,0,0,0,0,0,187.871,0,0,0
"MtrElec",6,9,7,"",257.591,0,0,0,0,0,0,0,0,0,0,0,0,0,0,0,0,0,0,0,0,291.53,0,0,-33.9381
"MtrElec",6,9,8,"",179.961,0,0,0,0,0,0,0,0,0,0,0,0,0,0,0,0,0,0,0,0,306.404,0,0,-126.443
"MtrElec",6,9,9,"",174.157,0,0,0,0,0,0,0,0,0,0,0,0,0,0,0,0,0,0,0,0,360.847,0,0,-186.69
"MtrElec",6,9,10,"",321.582,0,0,0,0,0,0,0,0,0,0,0,0,0,0,0,0,0,0,0,0,432.008,0,0,-110.426
"MtrElec",6,9,11,"",245.509,0,0,0,0,0,0,0,0,0,0,0,0,0,0,0,0,0,0,0,0,457.496,0,0,-211.987
"MtrElec",6,9,12,"",65.6706,0,0,0,0,0,0,0,0,0,0,0,0,0,0,0,0,0,0,0,0,389.844,0,0,-324.173
"MtrElec",6,9,13,"",2.99103,0,0,0,0,0,0,0,0,0,0,0,0,0,0,0,0,0,0,0,0,426.661,0,0,-423.67
"MtrElec",6,9,14,"",0,0,0,0,0,0,0,0,0,0,0,0,0,0,0,0,0,0,0,0,0,407.928,0,178.087,-586.015
"MtrElec",6,9,15,"",0,0,0,0,0,0,0,0,0,0,0,0,0,0,0,0,0,0,0,0,0,378.471,0,163.381,-541.852
"MtrElec",6,9,16,"",0,0,0,0,0,0,0,0,0,0,0,0,0,0,0,0,0,0,0,0,0,418.301,0,49.9269,-468.228
"MtrElec",6,9,17,"",105.737,0,0,0,0,0,0,0,0,0,0,0,0,0,0,0,0,0,0,0,0,415.479,0,0,-309.742
"MtrElec",6,9,18,"",374.56,0,0,0,0,0,0,0,0,0,0,0,0,0,0,0,0,0,0,0,0,480.443,0,0,-105.883
"MtrElec",6,9,19,"",151.618,0,0,0,0,0,0,0,0,0,0,0,0,0,0,0,0,0,0,0,0,455.739,0,-223.222,-80.8986
"MtrElec",6,9,20,"",338.193,0,0,0,0,0,0,0,0,0,0,0,0,0,0,0,0,0,0,0,0,481.16,0,-130.012,-12.9549
"MtrElec",6,9,21,"",419.823,0,0,0,0,0,0,0,0,0,0,0,0,0,0,0,0,0,0,0,0,419.823,0,0,0
"MtrElec",6,9,22,"",306.942,0,0,0,0,0,0,0,0,0,0,0,0,0,0,0,0,0,0,0,0,306.942,0,0,0
"MtrElec",6,9,23,"",234.533,0,0,0,0,0,0,0,0,0,0,0,0,0,0,0,0,0,0,0,0,234.533,0,0,0
"MtrElec",6,9,24,"",181.269,0,0,0,0,0,0,0,0,0,0,0,0,0,0,0,0,0,0,0,0,181.269,0,0,0
"MtrElec",6,10,1,"",155.842,0,0,0,0,0,0,0,0,0,0,0,0,0,0,0,0,0,0,0,0,155.842,0,0,0
"MtrElec",6,10,2,"",155.678,0,0,0,0,0,0,0,0,0,0,0,0,0,0,0,0,0,0,0,0,155.678,0,0,0
"MtrElec",6,10,3,"",188.057,0,0,0,0,0,0,0,0,0,0,0,0,0,0,0,0,0,0,0,0,188.057,0,0,0
"MtrElec",6,10,4,"",147.191,0,0,0,0,0,0,0,0,0,0,0,0,0,0,0,0,0,0,0,0,147.191,0,0,0
"MtrElec",6,10,5,"",145.056,0,0,0,0,0,0,0,0,0,0,0,0,0,0,0,0,0,0,0,0,145.056,0,0,0
"MtrElec",6,10,6,"",150.07,0,0,0,0,0,0,0,0,0,0,0,0,0,0,0,0,0,0,0,0,150.07,0,0,0
"MtrElec",6,10,7,"",248.009,0,0,0,0,0,0,0,0,0,0,0,0,0,0,0,0,0,0,0,0,251.384,0,0,-3.37565
"MtrElec",6,10,8,"",350.249,0,0,0,0,0,0,0,0,0,0,0,0,0,0,0,0,0,0,0,0,372.002,0,0,-21.7524
"MtrElec",6,10,9,"",298.791,0,0,0,0,0,0,0,0,0,0,0,0,0,0,0,0,0,0,0,0,356.743,0,0,-57.9516
"MtrElec",6,10,10,"",290.381,0,0,0,0,0,0,0,0,0,0,0,0,0,0,0,0,0,0,0,0,417.185,0,0,-126.804
"MtrElec",6,10,11,"",167.619,0,0,0,0,0,0,0,0,0,0,0,0,0,0,0,0,0,0,0,0,462.881,0,0,-295.262
"MtrElec",6,10,12,"",0.0000039,0,0,0,0,0,0,0,0,0,0,0,0,0,0,0,0,0,0,0,0,459.39,0,56.0133,-515.403
"MtrElec",6,10,13,"",0,0,0,0,0,0,0,0,0,0,0,0,0,0,0,0,0,0,0,0,0,473.206,0,91.7609,-564.967
"MtrElec",6,10,14,"",0,0,0,0,0,0,0,0,0,0,0,0,0,0,0,0,0,0,0,0,0,403.718,0,188.821,-592.539
"MtrElec",6,10,15,"",0,0,0,0,0,0,0,0,0,0,0,0,0,0,0,0,0,0,0,0,0,431.724,0,135.803,-567.528
"MtrElec",6,10,16,"",0.0000039,0,0,0,0,0,0,0,0,0,0,0,0,0,0,0,0,0,0,0,0,462.686,0,57.8779,-520.564
"MtrElec",6,10,17,"",103.575,0,0,0,0,0,0,0,0,0,0,0,0,0,0,0,0,0,0,0,0,480.057,0,0,-376.482
"MtrElec",6,10,18,"",276.207,0,0,0,0,0,0,0,0,0,0,0,0,0,0,0,0,0,0,0,0,491.065,0,0,-214.858
"MtrElec",6,10,19,"",153.057,0,0,0,0,0,0,0,0,0,0,0,0,0,0,0,0,0,0,0,0,462.816,0,-223.222,-86.5368
"MtrElec",6,10,20,"",249.497,0,0,0,0,0,0,0,0,0,0,0,0,0,0,0,0,0,0,0,0,485.554,0,-223.222,-12.8349
"MtrElec",6,10,21,"",407.163,0,0,0,0,0,0,0,0,0,0,0,0,0,0,0,0,0,0,0,0,439.293,0,-32.1296,0
"MtrElec",6,10,22,"",312.475,0,0,0,0,0,0,0,0,0,0,0,0,0,0,0,0,0,0,0,0,312.475,0,0,0
"MtrElec",6,10,23,"",283.596,0,0,0,0,0,0,0,0,0,0,0,0,0,0,0,0,0,0,0,0,283.596,0,0,0
"MtrElec",6,10,24,"",215.966,0,0,0,0,0,0,0,0,0,0,0,0,0,0,0,0,0,0,0,0,215.966,0,0,0
"MtrElec",6,11,1,"",203.166,0,0,0,0,0,0,0,0,0,0,0,0,0,0,0,0,0,0,0,0,203.166,0,0,0
"MtrElec",6,11,2,"",152.818,0,0,0,0,0,0,0,0,0,0,0,0,0,0,0,0,0,0,0,0,152.818,0,0,0
"MtrElec",6,11,3,"",147.389,0,0,0,0,0,0,0,0,0,0,0,0,0,0,0,0,0,0,0,0,147.389,0,0,0
"MtrElec",6,11,4,"",146.046,0,0,0,0,0,0,0,0,0,0,0,0,0,0,0,0,0,0,0,0,146.046,0,0,0
"MtrElec",6,11,5,"",143.835,0,0,0,0,0,0,0,0,0,0,0,0,0,0,0,0,0,0,0,0,143.835,0,0,0
"MtrElec",6,11,6,"",180.903,0,0,0,0,0,0,0,0,0,0,0,0,0,0,0,0,0,0,0,0,180.903,0,0,0
"MtrElec",6,11,7,"",302.438,0,0,0,0,0,0,0,0,0,0,0,0,0,0,0,0,0,0,0,0,323.464,0,0,-21.026
"MtrElec",6,11,8,"",249.568,0,0,0,0,0,0,0,0,0,0,0,0,0,0,0,0,0,0,0,0,324.458,0,0,-74.8903
"MtrElec",6,11,9,"",232.947,0,0,0,0,0,0,0,0,0,0,0,0,0,0,0,0,0,0,0,0,370.453,0,0,-137.506
"MtrElec",6,11,10,"",325.178,0,0,0,0,0,0,0,0,0,0,0,0,0,0,0,0,0,0,0,0,456.087,0,0,-130.909
"MtrElec",6,11,11,"",340.736,0,0,0,0,0,0,0,0,0,0,0,0,0,0,0,0,0,0,0,0,427.916,0,0,-87.1805
"MtrElec",6,11,12,"",318.164,0,0,0,0,0,0,0,0,0,0,0,0,0,0,0,0,0,0,0,0,430.039,0,0,-111.874
"MtrElec",6,11,13,"",358.112,0,0,0,0,0,0,0,0,0,0,0,0,0,0,0,0,0,0,0,0,459.735,0,0,-101.623
"MtrElec",6,11,14,"",313.996,0,0,0,0,0,0,0,0,0,0,0,0,0,0,0,0,0,0,0,0,404.079,0,0,-90.0828
"MtrElec",6,11,15,"",309.615,0,0,0,0,0,0,0,0,0,0,0,0,0,0,0,0,0,0,0,0,408.478,0,0,-98.8622
"MtrElec",6,11,16,"",315.196,0,0,0,0,0,0,0,0,0,0,0,0,0,0,0,0,0,0,0,0,396.04,0,0,-80.8441
"MtrElec",6,11,17,"",333.343,0,0,0,0,0,0,0,0,0,0,0,0,0,0,0,0,0,0,0,0,394.894,0,0,-61.5508
"MtrElec",6,11,18,"",358.677,0,0,0,0,0,0,0,0,0,0,0,0,0,0,0,0,0,0,0,0,434.335,0,0,-75.6573
"MtrElec",6,11,19,"",351.959,0,0,0,0,0,0,0,0,0,0,0,0,0,0,0,0,0,0,0,0,428.807,0,0,-76.8479
"MtrElec",6,11,20,"",460.733,0,0,0,0,0,0,0,0,0,0,0,0,0,0,0,0,0,0,0,0,474.26,0,0,-13.5271
"MtrElec",6,11,21,"",451.822,0,0,0,0,0,0,0,0,0,0,0,0,0,0,0,0,0,0,0,0,451.822,0,0,0
"MtrElec",6,11,22,"",288.279,0,0,0,0,0,0,0,0,0,0,0,0,0,0,0,0,0,0,0,0,288.279,0,0,0
"MtrElec",6,11,23,"",305.433,0,0,0,0,0,0,0,0,0,0,0,0,0,0,0,0,0,0,0,0,305.433,0,0,0
"MtrElec",6,11,24,"",253.808,0,0,0,0,0,0,0,0,0,0,0,0,0,0,0,0,0,0,0,0,253.808,0,0,0
"MtrElec",6,12,1,"",188.625,0,0,0,0,0,0,0,0,0,0,0,0,0,0,0,0,0,0,0,0,188.625,0,0,0
"MtrElec",6,12,2,"",153.43,0,0,0,0,0,0,0,0,0,0,0,0,0,0,0,0,0,0,0,0,153.43,0,0,0
"MtrElec",6,12,3,"",146.52,0,0,0,0,0,0,0,0,0,0,0,0,0,0,0,0,0,0,0,0,146.52,0,0,0
"MtrElec",6,12,4,"",146.985,0,0,0,0,0,0,0,0,0,0,0,0,0,0,0,0,0,0,0,0,146.985,0,0,0
"MtrElec",6,12,5,"",142.011,0,0,0,0,0,0,0,0,0,0,0,0,0,0,0,0,0,0,0,0,142.011,0,0,0
"MtrElec",6,12,6,"",187.186,0,0,0,0,0,0,0,0,0,0,0,0,0,0,0,0,0,0,0,0,187.186,0,0,0
"MtrElec",6,12,7,"",265.048,0,0,0,0,0,0,0,0,0,0,0,0,0,0,0,0,0,0,0,0,271.383,0,0,-6.33516
"MtrElec",6,12,8,"",287.888,0,0,0,0,0,0,0,0,0,0,0,0,0,0,0,0,0,0,0,0,317.832,0,0,-29.9431
"MtrElec",6,12,9,"",338.413,0,0,0,0,0,0,0,0,0,0,0,0,0,0,0,0,0,0,0,0,395.31,0,0,-56.897
"MtrElec",6,12,10,"",325.792,0,0,0,0,0,0,0,0,0,0,0,0,0,0,0,0,0,0,0,0,430.544,0,0,-104.752
"MtrElec",6,12,11,"",218.824,0,0,0,0,0,0,0,0,0,0,0,0,0,0,0,0,0,0,0,0,371.701,0,0,-152.878
"MtrElec",6,12,12,"",234.207,0,0,0,0,0,0,0,0,0,0,0,0,0,0,0,0,0,0,0,0,415.844,0,0,-181.638
"MtrElec",6,12,13,"",56.8339,0,0,0,0,0,0,0,0,0,0,0,0,0,0,0,0,0,0,0,0,449.553,0,0,-392.719
"MtrElec",6,12,14,"",14.3775,0,0,0,0,0,0,0,0,0,0,0,0,0,0,0,0,0,0,0,0,402.288,0,0,-387.91
"MtrElec",6,12,15,"",0.0000078,0,0,0,0,0,0,0,0,0,0,0,0,0,0,0,0,0,0,0,0,352.808,0,111.233,-464.041
"MtrElec",6,12,16,"",0.0000078,0,0,0,0,0,0,0,0,0,0,0,0,0,0,0,0,0,0,0,0,397.995,0,119.821,-517.816
"MtrElec",6,12,17,"",0,0,0,0,0,0,0,0,0,0,0,0,0,0,0,0,0,0,0,0,0,400.261,0,14.0679,-414.329
"MtrElec",6,12,18,"",224.39,0,0,0,0,0,0,0,0,0,0,0,0,0,0,0,0,0,0,0,0,466.467,0,0,-242.077
"MtrElec",6,12,19,"",155.883,0,0,0,0,0,0,0,0,0,0,0,0,0,0,0,0,0,0,0,0,460.786,0,-221.222,-83.6804
"MtrElec",6,12,20,"",426.71,0,0,0,0,0,0,0,0,0,0,0,0,0,0,0,0,0,0,0,0,437.163,0,0,-10.453
"MtrElec",6,12,21,"",401.292,0,0,0,0,0,0,0,0,0,0,0,0,0,0,0,0,0,0,0,0,401.292,0,0,0
"MtrElec",6,12,22,"",284.166,0,0,0,0,0,0,0,0,0,0,0,0,0,0,0,0,0,0,0,0,284.166,0,0,0
"MtrElec",6,12,23,"",288.851,0,0,0,0,0,0,0,0,0,0,0,0,0,0,0,0,0,0,0,0,288.851,0,0,0
"MtrElec",6,12,24,"",210.321,0,0,0,0,0,0,0,0,0,0,0,0,0,0,0,0,0,0,0,0,210.321,0,0,0
"MtrElec",6,13,1,"",158.307,0,0,0,0,0,0,0,0,0,0,0,0,0,0,0,0,0,0,0,0,158.307,0,0,0
"MtrElec",6,13,2,"",150.081,0,0,0,0,0,0,0,0,0,0,0,0,0,0,0,0,0,0,0,0,150.081,0,0,0
"MtrElec",6,13,3,"",150.736,0,0,0,0,0,0,0,0,0,0,0,0,0,0,0,0,0,0,0,0,150.736,0,0,0
"MtrElec",6,13,4,"",192.4,0,0,0,0,0,0,0,0,0,0,0,0,0,0,0,0,0,0,0,0,192.4,0,0,0
"MtrElec",6,13,5,"",173.142,0,0,0,0,0,0,0,0,0,0,0,0,0,0,0,0,0,0,0,0,173.142,0,0,0
"MtrElec",6,13,6,"",149.939,0,0,0,0,0,0,0,0,0,0,0,0,0,0,0,0,0,0,0,0,149.939,0,0,0
"MtrElec",6,13,7,"",169.809,0,0,0,0,0,0,0,0,0,0,0,0,0,0,0,0,0,0,0,0,193.45,0,0,-23.6413
"MtrElec",6,13,8,"",176.29,0,0,0,0,0,0,0,0,0,0,0,0,0,0,0,0,0,0,0,0,259.993,0,0,-83.7035
"MtrElec",6,13,9,"",193.92,0,0,0,0,0,0,0,0,0,0,0,0,0,0,0,0,0,0,0,0,350.075,0,0,-156.155
"MtrElec",6,13,10,"",189.857,0,0,0,0,0,0,0,0,0,0,0,0,0,0,0,0,0,0,0,0,403.581,0,0,-213.724
"MtrElec",6,13,11,"",218.448,0,0,0,0,0,0,0,0,0,0,0,0,0,0,0,0,0,0,0,0,491.249,0,0,-272.801
"MtrElec",6,13,12,"",76.1392,0,0,0,0,0,0,0,0,0,0,0,0,0,0,0,0,0,0,0,0,493.003,0,0,-416.864
"MtrElec",6,13,13,"",0,0,0,0,0,0,0,0,0,0,0,0,0,0,0,0,0,0,0,0,0,499.565,0,37.6048,-537.169
"MtrElec",6,13,14,"",-34.8861,0,0,0,0,0,0,0,0,0,0,0,0,0,0,0,0,0,0,0,0,413.981,0,223.222,-672.09
"MtrElec",6,13,15,"",0,0,0,0,0,0,0,0,0,0,0,0,0,0,0,0,0,0,0,0,0,468.074,0,160.096,-628.17
"MtrElec",6,13,16,"",0,0,0,0,0,0,0,0,0,0,0,0,0,0,0,0,0,0,0,0,0,429.899,0,113.613,-543.512
"MtrElec",6,13,17,"",17.8335,0,0,0,0,0,0,0,0,0,0,0,0,0,0,0,0,0,0,0,0,435.379,0,0,-417.545
"MtrElec",6,13,18,"",208.128,0,0,0,0,0,0,0,0,0,0,0,0,0,0,0,0,0,0,0,0,461.294,0,0,-253.166
"MtrElec",6,13,19,"",235.884,0,0,0,0,0,0,0,0,0,0,0,0,0,0,0,0,0,0,0,0,546.396,0,-223.222,-87.2903
"MtrElec",6,13,20,"",213.26,0,0,0,0,0,0,0,0,0,0,0,0,0,0,0,0,0,0,0,0,449.549,0,-223.222,-13.067
"MtrElec",6,13,21,"",300.911,0,0,0,0,0,0,0,0,0,0,0,0,0,0,0,0,0,0,0,0,336.885,0,-35.9738,0
"MtrElec",6,13,22,"",293.514,0,0,0,0,0,0,0,0,0,0,0,0,0,0,0,0,0,0,0,0,293.514,0,0,0
"MtrElec",6,13,23,"",252.858,0,0,0,0,0,0,0,0,0,0,0,0,0,0,0,0,0,0,0,0,252.858,0,0,0
"MtrElec",6,13,24,"",189.192,0,0,0,0,0,0,0,0,0,0,0,0,0,0,0,0,0,0,0,0,189.192,0,0,0
"MtrElec",6,14,1,"",207.319,0,0,0,0,0,0,0,0,0,0,0,0,0,0,0,0,0,0,0,0,207.319,0,0,0
"MtrElec",6,14,2,"",149.067,0,0,0,0,0,0,0,0,0,0,0,0,0,0,0,0,0,0,0,0,149.067,0,0,0
"MtrElec",6,14,3,"",150.321,0,0,0,0,0,0,0,0,0,0,0,0,0,0,0,0,0,0,0,0,150.321,0,0,0
"MtrElec",6,14,4,"",149.44,0,0,0,0,0,0,0,0,0,0,0,0,0,0,0,0,0,0,0,0,149.44,0,0,0
"MtrElec",6,14,5,"",167.239,0,0,0,0,0,0,0,0,0,0,0,0,0,0,0,0,0,0,0,0,167.239,0,0,0
"MtrElec",6,14,6,"",149.389,0,0,0,0,0,0,0,0,0,0,0,0,0,0,0,0,0,0,0,0,149.389,0,0,0
"MtrElec",6,14,7,"",149.623,0,0,0,0,0,0,0,0,0,0,0,0,0,0,0,0,0,0,0,0,158.943,0,0,-9.31919
"MtrElec",6,14,8,"",192.3,0,0,0,0,0,0,0,0,0,0,0,0,0,0,0,0,0,0,0,0,230.433,0,0,-38.1336
"MtrElec",6,14,9,"",204.649,0,0,0,0,0,0,0,0,0,0,0,0,0,0,0,0,0,0,0,0,275.733,0,0,-71.084
"MtrElec",6,14,10,"",220.466,0,0,0,0,0,0,0,0,0,0,0,0,0,0,0,0,0,0,0,0,331.615,0,0,-111.149
"MtrElec",6,14,11,"",271.413,0,0,0,0,0,0,0,0,0,0,0,0,0,0,0,0,0,0,0,0,431.284,0,0,-159.872
"MtrElec",6,14,12,"",126.168,0,0,0,0,0,0,0,0,0,0,0,0,0,0,0,0,0,0,0,0,379.699,0,0,-253.532
"MtrElec",6,14,13,"",0,0,0,0,0,0,0,0,0,0,0,0,0,0,0,0,0,0,0,0,0,390.168,0,57.4925,-447.66
"MtrElec",6,14,14,"",-65.8255,0,0,0,0,0,0,0,0,0,0,0,0,0,0,0,0,0,0,0,0,368.678,0,223.222,-657.726
"MtrElec",6,14,15,"",-56.1011,0,0,0,0,0,0,0,0,0,0,0,0,0,0,0,0,0,0,0,0,365.785,0,223.222,-645.108
"MtrElec",6,14,16,"",0,0,0,0,0,0,0,0,0,0,0,0,0,0,0,0,0,0,0,0,0,353.979,0,191.971,-545.949
"MtrElec",6,14,17,"",-2.61563,0,0,0,0,0,0,0,0,0,0,0,0,0,0,0,0,0,0,0,0,321.012,0,103.054,-426.682
"MtrElec",6,14,18,"",167.465,0,0,0,0,0,0,0,0,0,0,0,0,0,0,0,0,0,0,0,0,428.421,0,0,-260.957
"MtrElec",6,14,19,"",86.6342,0,0,0,0,0,0,0,0,0,0,0,0,0,0,0,0,0,0,0,0,397.518,0,-223.222,-87.6612
"MtrElec",6,14,20,"",86.0972,0,0,0,0,0,0,0,0,0,0,0,0,0,0,0,0,0,0,0,0,321.721,0,-223.222,-12.402
"MtrElec",6,14,21,"",39.651,0,0,0,0,0,0,0,0,0,0,0,0,0,0,0,0,0,0,0,0,262.873,0,-223.222,0
"MtrElec",6,14,22,"",165.752,0,0,0,0,0,0,0,0,0,0,0,0,0,0,0,0,0,0,0,0,217.149,0,-51.3963,0
"MtrElec",6,14,23,"",236.029,0,0,0,0,0,0,0,0,0,0,0,0,0,0,0,0,0,0,0,0,236.029,0,0,0
"MtrElec",6,14,24,"",191.625,0,0,0,0,0,0,0,0,0,0,0,0,0,0,0,0,0,0,0,0,191.625,0,0,0
"MtrElec",6,15,1,"",195.327,0,0,0,0,0,0,0,0,0,0,0,0,0,0,0,0,0,0,0,0,195.327,0,0,0
"MtrElec",6,15,2,"",153.474,0,0,0,0,0,0,0,0,0,0,0,0,0,0,0,0,0,0,0,0,153.474,0,0,0
"MtrElec",6,15,3,"",146.026,0,0,0,0,0,0,0,0,0,0,0,0,0,0,0,0,0,0,0,0,146.026,0,0,0
"MtrElec",6,15,4,"",149.061,0,0,0,0,0,0,0,0,0,0,0,0,0,0,0,0,0,0,0,0,149.061,0,0,0
"MtrElec",6,15,5,"",142.264,0,0,0,0,0,0,0,0,0,0,0,0,0,0,0,0,0,0,0,0,142.264,0,0,0
"MtrElec",6,15,6,"",199.685,0,0,0,0,0,0,0,0,0,0,0,0,0,0,0,0,0,0,0,0,199.685,0,0,0
"MtrElec",6,15,7,"",223.953,0,0,0,0,0,0,0,0,0,0,0,0,0,0,0,0,0,0,0,0,237.686,0,0,-13.7324
"MtrElec",6,15,8,"",325.886,0,0,0,0,0,0,0,0,0,0,0,0,0,0,0,0,0,0,0,0,376.096,0,0,-50.2101
"MtrElec",6,15,9,"",299.923,0,0,0,0,0,0,0,0,0,0,0,0,0,0,0,0,0,0,0,0,387.094,0,0,-87.1708
"MtrElec",6,15,10,"",330.978,0,0,0,0,0,0,0,0,0,0,0,0,0,0,0,0,0,0,0,0,441.705,0,0,-110.727
"MtrElec",6,15,11,"",206.79,0,0,0,0,0,0,0,0,0,0,0,0,0,0,0,0,0,0,0,0,433.506,0,0,-226.716
"MtrElec",6,15,12,"",176.928,0,0,0,0,0,0,0,0,0,0,0,0,0,0,0,0,0,0,0,0,441.115,0,0,-264.187
"MtrElec",6,15,13,"",198.02,0,0,0,0,0,0,0,0,0,0,0,0,0,0,0,0,0,0,0,0,508.788,0,0,-310.768
"MtrElec",6,15,14,"",-25.6816,0,0,0,0,0,0,0,0,0,0,0,0,0,0,0,0,0,0,0,0,361.977,0,223.222,-610.881
"MtrElec",6,15,15,"",0,0,0,0,0,0,0,0,0,0,0,0,0,0,0,0,0,0,0,0,0,424.511,0,213.268,-637.779
"MtrElec",6,15,16,"",0,0,0,0,0,0,0,0,0,0,0,0,0,0,0,0,0,0,0,0,0,409.525,0,132.695,-542.22
"MtrElec",6,15,17,"",0,0,0,0,0,0,0,0,0,0,0,0,0,0,0,0,0,0,0,0,0,414.807,0,3.48253,-418.29
"MtrElec",6,15,18,"",203.662,0,0,0,0,0,0,0,0,0,0,0,0,0,0,0,0,0,0,0,0,460.025,0,0,-256.363
"MtrElec",6,15,19,"",130.001,0,0,0,0,0,0,0,0,0,0,0,0,0,0,0,0,0,0,0,0,439.569,0,-223.222,-86.346
"MtrElec",6,15,20,"",206.946,0,0,0,0,0,0,0,0,0,0,0,0,0,0,0,0,0,0,0,0,441.179,0,-223.222,-11.0108
"MtrElec",6,15,21,"",374.129,0,0,0,0,0,0,0,0,0,0,0,0,0,0,0,0,0,0,0,0,444.517,0,-70.3875,0
"MtrElec",6,15,22,"",313.336,0,0,0,0,0,0,0,0,0,0,0,0,0,0,0,0,0,0,0,0,313.336,0,0,0
"MtrElec",6,15,23,"",290.582,0,0,0,0,0,0,0,0,0,0,0,0,0,0,0,0,0,0,0,0,290.582,0,0,0
"MtrElec",6,15,24,"",186.696,0,0,0,0,0,0,0,0,0,0,0,0,0,0,0,0,0,0,0,0,186.696,0,0,0
"MtrElec",6,16,1,"",173.327,0,0,0,0,0,0,0,0,0,0,0,0,0,0,0,0,0,0,0,0,173.327,0,0,0
"MtrElec",6,16,2,"",151,0,0,0,0,0,0,0,0,0,0,0,0,0,0,0,0,0,0,0,0,151,0,0,0
"MtrElec",6,16,3,"",146.316,0,0,0,0,0,0,0,0,0,0,0,0,0,0,0,0,0,0,0,0,146.316,0,0,0
"MtrElec",6,16,4,"",145.864,0,0,0,0,0,0,0,0,0,0,0,0,0,0,0,0,0,0,0,0,145.864,0,0,0
"MtrElec",6,16,5,"",145.329,0,0,0,0,0,0,0,0,0,0,0,0,0,0,0,0,0,0,0,0,145.329,0,0,0
"MtrElec",6,16,6,"",185.068,0,0,0,0,0,0,0,0,0,0,0,0,0,0,0,0,0,0,0,0,185.068,0,0,0
"MtrElec",6,16,7,"",211.729,0,0,0,0,0,0,0,0,0,0,0,0,0,0,0,0,0,0,0,0,235.822,0,0,-24.093
"MtrElec",6,16,8,"",167.523,0,0,0,0,0,0,0,0,0,0,0,0,0,0,0,0,0,0,0,0,301.993,0,0,-134.47
"MtrElec",6,16,9,"",66.5345,0,0,0,0,0,0,0,0,0,0,0,0,0,0,0,0,0,0,0,0,374.168,0,0,-307.634
"MtrElec",6,16,10,"",50.0734,0,0,0,0,0,0,0,0,0,0,0,0,0,0,0,0,0,0,0,0,501.243,0,0,-451.17
"MtrElec",6,16,11,"",0,0,0,0,0,0,0,0,0,0,0,0,0,0,0,0,0,0,0,0,0,477.679,0,82.3357,-560.015
"MtrElec",6,16,12,"",-36.4696,0,0,0,0,0,0,0,0,0,0,0,0,0,0,0,0,0,0,0,0,387.575,0,223.222,-647.267
"MtrElec",6,16,13,"",-8.20723,0,0,0,0,0,0,0,0,0,0,0,0,0,0,0,0,0,0,0,0,458.704,0,223.222,-690.134
"MtrElec",6,16,14,"",-56.4087,0,0,0,0,0,0,0,0,0,0,0,0,0,0,0,0,0,0,0,0,407.775,0,223.222,-687.406
"MtrElec",6,16,15,"",-216.845,0,0,0,0,0,0,0,0,0,0,0,0,0,0,0,0,0,0,0,0,375.54,0,46.9594,-639.344
"MtrElec",6,16,16,"",-105.519,0,0,0,0,0,0,0,0,0,0,0,0,0,0,0,0,0,0,0,0,441.244,0,0,-546.764
"MtrElec",6,16,17,"",69.3379,0,0,0,0,0,0,0,0,0,0,0,0,0,0,0,0,0,0,0,0,482.852,0,0,-413.514
"MtrElec",6,16,18,"",181.634,0,0,0,0,0,0,0,0,0,0,0,0,0,0,0,0,0,0,0,0,430.547,0,0,-248.913
"MtrElec",6,16,19,"",161.842,0,0,0,0,0,0,0,0,0,0,0,0,0,0,0,0,0,0,0,0,475.413,0,-223.222,-90.3488
"MtrElec",6,16,20,"",235.009,0,0,0,0,0,0,0,0,0,0,0,0,0,0,0,0,0,0,0,0,473.346,0,-223.222,-15.114
"MtrElec",6,16,21,"",216.422,0,0,0,0,0,0,0,0,0,0,0,0,0,0,0,0,0,0,0,0,439.644,0,-223.222,0
"MtrElec",6,16,22,"",232.365,0,0,0,0,0,0,0,0,0,0,0,0,0,0,0,0,0,0,0,0,283.761,0,-51.3963,0
"MtrElec",6,16,23,"",251.141,0,0,0,0,0,0,0,0,0,0,0,0,0,0,0,0,0,0,0,0,251.141,0,0,0
"MtrElec",6,16,24,"",182.004,0,0,0,0,0,0,0,0,0,0,0,0,0,0,0,0,0,0,0,0,182.004,0,0,0
"MtrElec",6,17,1,"",161.889,0,0,0,0,0,0,0,0,0,0,0,0,0,0,0,0,0,0,0,0,161.889,0,0,0
"MtrElec",6,17,2,"",151.555,0,0,0,0,0,0,0,0,0,0,0,0,0,0,0,0,0,0,0,0,151.555,0,0,0
"MtrElec",6,17,3,"",184.845,0,0,0,0,0,0,0,0,0,0,0,0,0,0,0,0,0,0,0,0,184.845,0,0,0
"MtrElec",6,17,4,"",154.486,0,0,0,0,0,0,0,0,0,0,0,0,0,0,0,0,0,0,0,0,154.486,0,0,0
"MtrElec",6,17,5,"",144.01,0,0,0,0,0,0,0,0,0,0,0,0,0,0,0,0,0,0,0,0,144.01,0,0,0
"MtrElec",6,17,6,"",153.817,0,0,0,0,0,0,0,0,0,0,0,0,0,0,0,0,0,0,0,0,153.817,0,0,0
"MtrElec",6,17,7,"",218.652,0,0,0,0,0,0,0,0,0,0,0,0,0,0,0,0,0,0,0,0,244.396,0,0,-25.7432
"MtrElec",6,17,8,"",262.352,0,0,0,0,0,0,0,0,0,0,0,0,0,0,0,0,0,0,0,0,396.074,0,0,-133.723
"MtrElec",6,17,9,"",83.3622,0,0,0,0,0,0,0,0,0,0,0,0,0,0,0,0,0,0,0,0,379.792,0,0,-296.429
"MtrElec",6,17,10,"",61.7804,0,0,0,0,0,0,0,0,0,0,0,0,0,0,0,0,0,0,0,0,502.813,0,0,-441.033
"MtrElec",6,17,11,"",0,0,0,0,0,0,0,0,0,0,0,0,0,0,0,0,0,0,0,0,0,483.739,0,73.6363,-557.375
"MtrElec",6,17,12,"",0,0,0,0,0,0,0,0,0,0,0,0,0,0,0,0,0,0,0,0,0,523.252,0,109.23,-632.482
"MtrElec",6,17,13,"",0,0,0,0,0,0,0,0,0,0,0,0,0,0,0,0,0,0,0,0,0,567.92,0,84.3512,-652.271
"MtrElec",6,17,14,"",0,0,0,0,0,0,0,0,0,0,0,0,0,0,0,0,0,0,0,0,0,458.523,0,201.037,-659.561
"MtrElec",6,17,15,"",0,0,0,0,0,0,0,0,0,0,0,0,0,0,0,0,0,0,0,0,0,429.09,0,200.763,-629.854
"MtrElec",6,17,16,"",0.0000039,0,0,0,0,0,0,0,0,0,0,0,0,0,0,0,0,0,0,0,0,501.499,0,46.9063,-548.406
"MtrElec",6,17,17,"",124.986,0,0,0,0,0,0,0,0,0,0,0,0,0,0,0,0,0,0,0,0,545.359,0,0,-420.373
"MtrElec",6,17,18,"",275.74,0,0,0,0,0,0,0,0,0,0,0,0,0,0,0,0,0,0,0,0,532.444,0,0,-256.704
"MtrElec",6,17,19,"",257.126,0,0,0,0,0,0,0,0,0,0,0,0,0,0,0,0,0,0,0,0,567.582,0,-223.222,-87.234
"MtrElec",6,17,20,"",281.17,0,0,0,0,0,0,0,0,0,0,0,0,0,0,0,0,0,0,0,0,517.021,0,-223.222,-12.6285
"MtrElec",6,17,21,"",258.283,0,0,0,0,0,0,0,0,0,0,0,0,0,0,0,0,0,0,0,0,457.96,0,-199.677,0
"MtrElec",6,17,22,"",308.373,0,0,0,0,0,0,0,0,0,0,0,0,0,0,0,0,0,0,0,0,308.373,0,0,0
"MtrElec",6,17,23,"",307.133,0,0,0,0,0,0,0,0,0,0,0,0,0,0,0,0,0,0,0,0,307.133,0,0,0
"MtrElec",6,17,24,"",217.296,0,0,0,0,0,0,0,0,0,0,0,0,0,0,0,0,0,0,0,0,217.296,0,0,0
"MtrElec",6,18,1,"",199.446,0,0,0,0,0,0,0,0,0,0,0,0,0,0,0,0,0,0,0,0,199.446,0,0,0
"MtrElec",6,18,2,"",152.485,0,0,0,0,0,0,0,0,0,0,0,0,0,0,0,0,0,0,0,0,152.485,0,0,0
"MtrElec",6,18,3,"",148.033,0,0,0,0,0,0,0,0,0,0,0,0,0,0,0,0,0,0,0,0,148.033,0,0,0
"MtrElec",6,18,4,"",146.948,0,0,0,0,0,0,0,0,0,0,0,0,0,0,0,0,0,0,0,0,146.948,0,0,0
"MtrElec",6,18,5,"",144.868,0,0,0,0,0,0,0,0,0,0,0,0,0,0,0,0,0,0,0,0,144.868,0,0,0
"MtrElec",6,18,6,"",149.834,0,0,0,0,0,0,0,0,0,0,0,0,0,0,0,0,0,0,0,0,149.834,0,0,0
"MtrElec",6,18,7,"",237.772,0,0,0,0,0,0,0,0,0,0,0,0,0,0,0,0,0,0,0,0,261.462,0,0,-23.6896
"MtrElec",6,18,8,"",263.854,0,0,0,0,0,0,0,0,0,0,0,0,0,0,0,0,0,0,0,0,397.774,0,0,-133.92
"MtrElec",6,18,9,"",118.551,0,0,0,0,0,0,0,0,0,0,0,0,0,0,0,0,0,0,0,0,418.12,0,0,-299.569
"MtrElec",6,18,10,"",53.5365,0,0,0,0,0,0,0,0,0,0,0,0,0,0,0,0,0,0,0,0,504.478,0,0,-450.942
"MtrElec",6,18,11,"",0.0000001,0,0,0,0,0,0,0,0,0,0,0,0,0,0,0,0,0,0,0,0,557.308,0,1.84106,-559.149
"MtrElec",6,18,12,"",0,0,0,0,0,0,0,0,0,0,0,0,0,0,0,0,0,0,0,0,0,571.059,0,68.5977,-639.657
"MtrElec",6,18,13,"",0,0,0,0,0,0,0,0,0,0,0,0,0,0,0,0,0,0,0,0,0,596.463,0,83.2794,-679.742
"MtrElec",6,18,14,"",0.0000156,0,0,0,0,0,0,0,0,0,0,0,0,0,0,0,0,0,0,0,0,488.212,0,185.07,-673.282
"MtrElec",6,18,15,"",0.0000078,0,0,0,0,0,0,0,0,0,0,0,0,0,0,0,0,0,0,0,0,521.999,0,110.109,-632.108
"MtrElec",6,18,16,"",0,0,0,0,0,0,0,0,0,0,0,0,0,0,0,0,0,0,0,0,0,514.308,0,26.0063,-540.315
"MtrElec",6,18,17,"",127.873,0,0,0,0,0,0,0,0,0,0,0,0,0,0,0,0,0,0,0,0,538.572,0,0,-410.699
"MtrElec",6,18,18,"",334.667,0,0,0,0,0,0,0,0,0,0,0,0,0,0,0,0,0,0,0,0,585.752,0,0,-251.085
"MtrElec",6,18,19,"",259.332,0,0,0,0,0,0,0,0,0,0,0,0,0,0,0,0,0,0,0,0,567.336,0,-223.222,-84.7818
"MtrElec",6,18,20,"",333.719,0,0,0,0,0,0,0,0,0,0,0,0,0,0,0,0,0,0,0,0,549.604,0,-205.377,-10.5073
"MtrElec",6,18,21,"",519.246,0,0,0,0,0,0,0,0,0,0,0,0,0,0,0,0,0,0,0,0,519.246,0,0,0
"MtrElec",6,18,22,"",306.3,0,0,0,0,0,0,0,0,0,0,0,0,0,0,0,0,0,0,0,0,306.3,0,0,0
"MtrElec",6,18,23,"",300.579,0,0,0,0,0,0,0,0,0,0,0,0,0,0,0,0,0,0,0,0,300.579,0,0,0
"MtrElec",6,18,24,"",205.794,0,0,0,0,0,0,0,0,0,0,0,0,0,0,0,0,0,0,0,0,205.794,0,0,0
"MtrElec",6,19,1,"",218.604,0,0,0,0,0,0,0,0,0,0,0,0,0,0,0,0,0,0,0,0,218.604,0,0,0
"MtrElec",6,19,2,"",168.884,0,0,0,0,0,0,0,0,0,0,0,0,0,0,0,0,0,0,0,0,168.884,0,0,0
"MtrElec",6,19,3,"",159.932,0,0,0,0,0,0,0,0,0,0,0,0,0,0,0,0,0,0,0,0,159.932,0,0,0
"MtrElec",6,19,4,"",164.651,0,0,0,0,0,0,0,0,0,0,0,0,0,0,0,0,0,0,0,0,164.651,0,0,0
"MtrElec",6,19,5,"",150.751,0,0,0,0,0,0,0,0,0,0,0,0,0,0,0,0,0,0,0,0,150.751,0,0,0
"MtrElec",6,19,6,"",170.373,0,0,0,0,0,0,0,0,0,0,0,0,0,0,0,0,0,0,0,0,170.373,0,0,0
"MtrElec",6,19,7,"",255.751,0,0,0,0,0,0,0,0,0,0,0,0,0,0,0,0,0,0,0,0,275.621,0,0,-19.87
"MtrElec",6,19,8,"",261.943,0,0,0,0,0,0,0,0,0,0,0,0,0,0,0,0,0,0,0,0,388.527,0,0,-126.584
"MtrElec",6,19,9,"",167.914,0,0,0,0,0,0,0,0,0,0,0,0,0,0,0,0,0,0,0,0,458.745,0,0,-290.831
"MtrElec",6,19,10,"",195.184,0,0,0,0,0,0,0,0,0,0,0,0,0,0,0,0,0,0,0,0,622.76,0,0,-427.575
"MtrElec",6,19,11,"",126.146,0,0,0,0,0,0,0,0,0,0,0,0,0,0,0,0,0,0,0,0,666.278,0,0,-540.132
"MtrElec",6,19,12,"",0,0,0,0,0,0,0,0,0,0,0,0,0,0,0,0,0,0,0,0,0,607.583,0,2.8755,-610.458
"MtrElec",6,19,13,"",0,0,0,0,0,0,0,0,0,0,0,0,0,0,0,0,0,0,0,0,0,634.788,0,19.3419,-654.13
"MtrElec",6,19,14,"",0,0,0,0,0,0,0,0,0,0,0,0,0,0,0,0,0,0,0,0,0,595.367,0,58.2983,-653.666
"MtrElec",6,19,15,"",0,0,0,0,0,0,0,0,0,0,0,0,0,0,0,0,0,0,0,0,0,589.734,0,12.5562,-602.29
"MtrElec",6,19,16,"",70.5337,0,0,0,0,0,0,0,0,0,0,0,0,0,0,0,0,0,0,0,0,592.44,0,0,-521.906
"MtrElec",6,19,17,"",253.494,0,0,0,0,0,0,0,0,0,0,0,0,0,0,0,0,0,0,0,0,653.971,0,0,-400.477
"MtrElec",6,19,18,"",428.189,0,0,0,0,0,0,0,0,0,0,0,0,0,0,0,0,0,0,0,0,671.673,0,0,-243.484
"MtrElec",6,19,19,"",460.877,0,0,0,0,0,0,0,0,0,0,0,0,0,0,0,0,0,0,0,0,627.629,0,-83.9974,-82.7544
"MtrElec",6,19,20,"",569.375,0,0,0,0,0,0,0,0,0,0,0,0,0,0,0,0,0,0,0,0,580.17,0,0,-10.795
"MtrElec",6,19,21,"",563.645,0,0,0,0,0,0,0,0,0,0,0,0,0,0,0,0,0,0,0,0,563.645,0,0,0
"MtrElec",6,19,22,"",365.611,0,0,0,0,0,0,0,0,0,0,0,0,0,0,0,0,0,0,0,0,365.611,0,0,0
"MtrElec",6,19,23,"",310.826,0,0,0,0,0,0,0,0,0,0,0,0,0,0,0,0,0,0,0,0,310.826,0,0,0
"MtrElec",6,19,24,"",235.953,0,0,0,0,0,0,0,0,0,0,0,0,0,0,0,0,0,0,0,0,235.953,0,0,0
"MtrElec",6,20,1,"",178.254,0,0,0,0,0,0,0,0,0,0,0,0,0,0,0,0,0,0,0,0,178.254,0,0,0
"MtrElec",6,20,2,"",208.919,0,0,0,0,0,0,0,0,0,0,0,0,0,0,0,0,0,0,0,0,208.919,0,0,0
"MtrElec",6,20,3,"",179.123,0,0,0,0,0,0,0,0,0,0,0,0,0,0,0,0,0,0,0,0,179.123,0,0,0
"MtrElec",6,20,4,"",171.885,0,0,0,0,0,0,0,0,0,0,0,0,0,0,0,0,0,0,0,0,171.885,0,0,0
"MtrElec",6,20,5,"",173.064,0,0,0,0,0,0,0,0,0,0,0,0,0,0,0,0,0,0,0,0,173.064,0,0,0
"MtrElec",6,20,6,"",164.516,0,0,0,0,0,0,0,0,0,0,0,0,0,0,0,0,0,0,0,0,164.516,0,0,0
"MtrElec",6,20,7,"",239.326,0,0,0,0,0,0,0,0,0,0,0,0,0,0,0,0,0,0,0,0,262.91,0,0,-23.5844
"MtrElec",6,20,8,"",241.331,0,0,0,0,0,0,0,0,0,0,0,0,0,0,0,0,0,0,0,0,366.924,0,0,-125.593
"MtrElec",6,20,9,"",190.607,0,0,0,0,0,0,0,0,0,0,0,0,0,0,0,0,0,0,0,0,469.002,0,0,-278.395
"MtrElec",6,20,10,"",183.176,0,0,0,0,0,0,0,0,0,0,0,0,0,0,0,0,0,0,0,0,594.511,0,0,-411.335
"MtrElec",6,20,11,"",153.051,0,0,0,0,0,0,0,0,0,0,0,0,0,0,0,0,0,0,0,0,681.237,0,0,-528.186
"MtrElec",6,20,12,"",62.325,0,0,0,0,0,0,0,0,0,0,0,0,0,0,0,0,0,0,0,0,671.618,0,0,-609.293
"MtrElec",6,20,13,"",12.2141,0,0,0,0,0,0,0,0,0,0,0,0,0,0,0,0,0,0,0,0,656.093,0,0,-643.879
"MtrElec",6,20,14,"",0,0,0,0,0,0,0,0,0,0,0,0,0,0,0,0,0,0,0,0,0,620.47,0,17.8781,-638.348
"MtrElec",6,20,15,"",36.4421,0,0,0,0,0,0,0,0,0,0,0,0,0,0,0,0,0,0,0,0,628.253,0,0,-591.811
"MtrElec",6,20,16,"",146.298,0,0,0,0,0,0,0,0,0,0,0,0,0,0,0,0,0,0,0,0,648.235,0,0,-501.937
"MtrElec",6,20,17,"",287.28,0,0,0,0,0,0,0,0,0,0,0,0,0,0,0,0,0,0,0,0,668.653,0,0,-381.374
"MtrElec",6,20,18,"",472.383,0,0,0,0,0,0,0,0,0,0,0,0,0,0,0,0,0,0,0,0,705.46,0,0,-233.077
"MtrElec",6,20,19,"",609.771,0,0,0,0,0,0,0,0,0,0,0,0,0,0,0,0,0,0,0,0,711.66,0,-16.135,-85.7541
"MtrElec",6,20,20,"",609.534,0,0,0,0,0,0,0,0,0,0,0,0,0,0,0,0,0,0,0,0,623.142,0,0,-13.6084
"MtrElec",6,20,21,"",510.091,0,0,0,0,0,0,0,0,0,0,0,0,0,0,0,0,0,0,0,0,510.091,0,0,0
"MtrElec",6,20,22,"",450.938,0,0,0,0,0,0,0,0,0,0,0,0,0,0,0,0,0,0,0,0,450.938,0,0,0
"MtrElec",6,20,23,"",299.315,0,0,0,0,0,0,0,0,0,0,0,0,0,0,0,0,0,0,0,0,299.315,0,0,0
"MtrElec",6,20,24,"",257.627,0,0,0,0,0,0,0,0,0,0,0,0,0,0,0,0,0,0,0,0,257.627,0,0,0
"MtrElec",6,21,1,"",204.553,0,0,0,0,0,0,0,0,0,0,0,0,0,0,0,0,0,0,0,0,204.553,0,0,0
"MtrElec",6,21,2,"",199.594,0,0,0,0,0,0,0,0,0,0,0,0,0,0,0,0,0,0,0,0,199.594,0,0,0
"MtrElec",6,21,3,"",178.79,0,0,0,0,0,0,0,0,0,0,0,0,0,0,0,0,0,0,0,0,178.79,0,0,0
"MtrElec",6,21,4,"",167.16,0,0,0,0,0,0,0,0,0,0,0,0,0,0,0,0,0,0,0,0,167.16,0,0,0
"MtrElec",6,21,5,"",173.462,0,0,0,0,0,0,0,0,0,0,0,0,0,0,0,0,0,0,0,0,173.462,0,0,0
"MtrElec",6,21,6,"",160.218,0,0,0,0,0,0,0,0,0,0,0,0,0,0,0,0,0,0,0,0,160.218,0,0,0
"MtrElec",6,21,7,"",197.627,0,0,0,0,0,0,0,0,0,0,0,0,0,0,0,0,0,0,0,0,224.502,0,0,-26.875
"MtrElec",6,21,8,"",139.429,0,0,0,0,0,0,0,0,0,0,0,0,0,0,0,0,0,0,0,0,268.264,0,0,-128.835
"MtrElec",6,21,9,"",149.318,0,0,0,0,0,0,0,0,0,0,0,0,0,0,0,0,0,0,0,0,437.791,0,0,-288.474
"MtrElec",6,21,10,"",43.3862,0,0,0,0,0,0,0,0,0,0,0,0,0,0,0,0,0,0,0,0,478.109,0,0,-434.723
"MtrElec",6,21,11,"",0,0,0,0,0,0,0,0,0,0,0,0,0,0,0,0,0,0,0,0,0,517.69,0,29.5557,-547.246
"MtrElec",6,21,12,"",0.0000020,0,0,0,0,0,0,0,0,0,0,0,0,0,0,0,0,0,0,0,0,585.346,0,25.4411,-610.787
"MtrElec",6,21,13,"",0,0,0,0,0,0,0,0,0,0,0,0,0,0,0,0,0,0,0,0,0,507.672,0,127.112,-634.784
"MtrElec",6,21,14,"",0.0000078,0,0,0,0,0,0,0,0,0,0,0,0,0,0,0,0,0,0,0,0,532.843,0,111.557,-644.401
"MtrElec",6,21,15,"",0,0,0,0,0,0,0,0,0,0,0,0,0,0,0,0,0,0,0,0,0,508.525,0,93.7812,-602.306
"MtrElec",6,21,16,"",0,0,0,0,0,0,0,0,0,0,0,0,0,0,0,0,0,0,0,0,0,457.261,0,57.2552,-514.516
"MtrElec",6,21,17,"",124.575,0,0,0,0,0,0,0,0,0,0,0,0,0,0,0,0,0,0,0,0,514.107,0,0,-389.532
"MtrElec",6,21,18,"",282.495,0,0,0,0,0,0,0,0,0,0,0,0,0,0,0,0,0,0,0,0,522.75,0,0,-240.255
"MtrElec",6,21,19,"",211.265,0,0,0,0,0,0,0,0,0,0,0,0,0,0,0,0,0,0,0,0,527.606,0,-223.222,-93.1184
"MtrElec",6,21,20,"",203.528,0,0,0,0,0,0,0,0,0,0,0,0,0,0,0,0,0,0,0,0,398.357,0,-178.122,-16.7067
"MtrElec",6,21,21,"",306.939,0,0,0,0,0,0,0,0,0,0,0,0,0,0,0,0,0,0,0,0,306.939,0,0,0
"MtrElec",6,21,22,"",352.017,0,0,0,0,0,0,0,0,0,0,0,0,0,0,0,0,0,0,0,0,352.017,0,0,0
"MtrElec",6,21,23,"",267.863,0,0,0,0,0,0,0,0,0,0,0,0,0,0,0,0,0,0,0,0,267.863,0,0,0
"MtrElec",6,21,24,"",248.742,0,0,0,0,0,0,0,0,0,0,0,0,0,0,0,0,0,0,0,0,248.742,0,0,0
"MtrElec",6,22,1,"",183.86,0,0,0,0,0,0,0,0,0,0,0,0,0,0,0,0,0,0,0,0,183.86,0,0,0
"MtrElec",6,22,2,"",160.253,0,0,0,0,0,0,0,0,0,0,0,0,0,0,0,0,0,0,0,0,160.253,0,0,0
"MtrElec",6,22,3,"",146.381,0,0,0,0,0,0,0,0,0,0,0,0,0,0,0,0,0,0,0,0,146.381,0,0,0
"MtrElec",6,22,4,"",147.928,0,0,0,0,0,0,0,0,0,0,0,0,0,0,0,0,0,0,0,0,147.928,0,0,0
"MtrElec",6,22,5,"",184.753,0,0,0,0,0,0,0,0,0,0,0,0,0,0,0,0,0,0,0,0,184.753,0,0,0
"MtrElec",6,22,6,"",151.233,0,0,0,0,0,0,0,0,0,0,0,0,0,0,0,0,0,0,0,0,151.233,0,0,0
"MtrElec",6,22,7,"",247.064,0,0,0,0,0,0,0,0,0,0,0,0,0,0,0,0,0,0,0,0,272.431,0,0,-25.3667
"MtrElec",6,22,8,"",207.501,0,0,0,0,0,0,0,0,0,0,0,0,0,0,0,0,0,0,0,0,336.463,0,0,-128.962
"MtrElec",6,22,9,"",152.564,0,0,0,0,0,0,0,0,0,0,0,0,0,0,0,0,0,0,0,0,443.189,0,0,-290.625
"MtrElec",6,22,10,"",99.0776,0,0,0,0,0,0,0,0,0,0,0,0,0,0,0,0,0,0,0,0,533.58,0,0,-434.503
"MtrElec",6,22,11,"",37.9772,0,0,0,0,0,0,0,0,0,0,0,0,0,0,0,0,0,0,0,0,579.688,0,0,-541.711
"MtrElec",6,22,12,"",0,0,0,0,0,0,0,0,0,0,0,0,0,0,0,0,0,0,0,0,0,544.905,0,71.1153,-616.02
"MtrElec",6,22,13,"",0.0000078,0,0,0,0,0,0,0,0,0,0,0,0,0,0,0,0,0,0,0,0,528.462,0,128.772,-657.234
"MtrElec",6,22,14,"",0.0000156,0,0,0,0,0,0,0,0,0,0,0,0,0,0,0,0,0,0,0,0,517.659,0,137.997,-655.656
"MtrElec",6,22,15,"",0,0,0,0,0,0,0,0,0,0,0,0,0,0,0,0,0,0,0,0,0,508.596,0,109.424,-618.02
"MtrElec",6,22,16,"",0,0,0,0,0,0,0,0,0,0,0,0,0,0,0,0,0,0,0,0,0,526.091,0,6.53737,-532.628
"MtrElec",6,22,17,"",153.073,0,0,0,0,0,0,0,0,0,0,0,0,0,0,0,0,0,0,0,0,561.686,0,0,-408.613
"MtrElec",6,22,18,"",274.771,0,0,0,0,0,0,0,0,0,0,0,0,0,0,0,0,0,0,0,0,530.229,0,0,-255.458
"MtrElec",6,22,19,"",234.213,0,0,0,0,0,0,0,0,0,0,0,0,0,0,0,0,0,0,0,0,548.406,0,-223.222,-90.9705
"MtrElec",6,22,20,"",306.955,0,0,0,0,0,0,0,0,0,0,0,0,0,0,0,0,0,0,0,0,506.095,0,-186.374,-12.7671
"MtrElec",6,22,21,"",447.642,0,0,0,0,0,0,0,0,0,0,0,0,0,0,0,0,0,0,0,0,447.642,0,0,0
"MtrElec",6,22,22,"",314.338,0,0,0,0,0,0,0,0,0,0,0,0,0,0,0,0,0,0,0,0,314.338,0,0,0
"MtrElec",6,22,23,"",284.094,0,0,0,0,0,0,0,0,0,0,0,0,0,0,0,0,0,0,0,0,284.094,0,0,0
"MtrElec",6,22,24,"",217.585,0,0,0,0,0,0,0,0,0,0,0,0,0,0,0,0,0,0,0,0,217.585,0,0,0
"MtrElec",6,23,1,"",204.829,0,0,0,0,0,0,0,0,0,0,0,0,0,0,0,0,0,0,0,0,204.829,0,0,0
"MtrElec",6,23,2,"",161.703,0,0,0,0,0,0,0,0,0,0,0,0,0,0,0,0,0,0,0,0,161.703,0,0,0
"MtrElec",6,23,3,"",170.351,0,0,0,0,0,0,0,0,0,0,0,0,0,0,0,0,0,0,0,0,170.351,0,0,0
"MtrElec",6,23,4,"",157.783,0,0,0,0,0,0,0,0,0,0,0,0,0,0,0,0,0,0,0,0,157.783,0,0,0
"MtrElec",6,23,5,"",151.444,0,0,0,0,0,0,0,0,0,0,0,0,0,0,0,0,0,0,0,0,151.444,0,0,0
"MtrElec",6,23,6,"",210.611,0,0,0,0,0,0,0,0,0,0,0,0,0,0,0,0,0,0,0,0,210.611,0,0,0
"MtrElec",6,23,7,"",272.885,0,0,0,0,0,0,0,0,0,0,0,0,0,0,0,0,0,0,0,0,295.726,0,0,-22.8415
"MtrElec",6,23,8,"",255.87,0,0,0,0,0,0,0,0,0,0,0,0,0,0,0,0,0,0,0,0,385.22,0,0,-129.35
"MtrElec",6,23,9,"",188.305,0,0,0,0,0,0,0,0,0,0,0,0,0,0,0,0,0,0,0,0,487.165,0,0,-298.859
"MtrElec",6,23,10,"",68.8106,0,0,0,0,0,0,0,0,0,0,0,0,0,0,0,0,0,0,0,0,520.703,0,0,-451.892
"MtrElec",6,23,11,"",0,0,0,0,0,0,0,0,0,0,0,0,0,0,0,0,0,0,0,0,0,549.433,0,12.1829,-561.616
"MtrElec",6,23,12,"",0,0,0,0,0,0,0,0,0,0,0,0,0,0,0,0,0,0,0,0,0,537.842,0,86.9005,-624.742
"MtrElec",6,23,13,"",0.0000078,0,0,0,0,0,0,0,0,0,0,0,0,0,0,0,0,0,0,0,0,545.779,0,124.541,-670.319
"MtrElec",6,23,14,"",0,0,0,0,0,0,0,0,0,0,0,0,0,0,0,0,0,0,0,0,0,479.791,0,199.238,-679.03
"MtrElec",6,23,15,"",0,0,0,0,0,0,0,0,0,0,0,0,0,0,0,0,0,0,0,0,0,472.052,0,168.613,-640.665
"MtrElec",6,23,16,"",0.0000039,0,0,0,0,0,0,0,0,0,0,0,0,0,0,0,0,0,0,0,0,516.257,0,33.6318,-549.889
"MtrElec",6,23,17,"",124.312,0,0,0,0,0,0,0,0,0,0,0,0,0,0,0,0,0,0,0,0,547.021,0,0,-422.708
"MtrElec",6,23,18,"",256.801,0,0,0,0,0,0,0,0,0,0,0,0,0,0,0,0,0,0,0,0,520.45,0,0,-263.649
"MtrElec",6,23,19,"",219.832,0,0,0,0,0,0,0,0,0,0,0,0,0,0,0,0,0,0,0,0,534.269,0,-223.222,-91.2151
"MtrElec",6,23,20,"",337.108,0,0,0,0,0,0,0,0,0,0,0,0,0,0,0,0,0,0,0,0,571.827,0,-223.222,-11.4961
"MtrElec",6,23,21,"",312.191,0,0,0,0,0,0,0,0,0,0,0,0,0,0,0,0,0,0,0,0,429.906,0,-117.715,0
"MtrElec",6,23,22,"",296.016,0,0,0,0,0,0,0,0,0,0,0,0,0,0,0,0,0,0,0,0,296.016,0,0,0
"MtrElec",6,23,23,"",251.407,0,0,0,0,0,0,0,0,0,0,0,0,0,0,0,0,0,0,0,0,251.407,0,0,0
"MtrElec",6,23,24,"",195.047,0,0,0,0,0,0,0,0,0,0,0,0,0,0,0,0,0,0,0,0,195.047,0,0,0
"MtrElec",6,24,1,"",152.396,0,0,0,0,0,0,0,0,0,0,0,0,0,0,0,0,0,0,0,0,152.396,0,0,0
"MtrElec",6,24,2,"",150.651,0,0,0,0,0,0,0,0,0,0,0,0,0,0,0,0,0,0,0,0,150.651,0,0,0
"MtrElec",6,24,3,"",190.958,0,0,0,0,0,0,0,0,0,0,0,0,0,0,0,0,0,0,0,0,190.958,0,0,0
"MtrElec",6,24,4,"",160.575,0,0,0,0,0,0,0,0,0,0,0,0,0,0,0,0,0,0,0,0,160.575,0,0,0
"MtrElec",6,24,5,"",152.656,0,0,0,0,0,0,0,0,0,0,0,0,0,0,0,0,0,0,0,0,152.656,0,0,0
"MtrElec",6,24,6,"",154.479,0,0,0,0,0,0,0,0,0,0,0,0,0,0,0,0,0,0,0,0,154.479,0,0,0
"MtrElec",6,24,7,"",243.322,0,0,0,0,0,0,0,0,0,0,0,0,0,0,0,0,0,0,0,0,269.024,0,0,-25.702
"MtrElec",6,24,8,"",292.439,0,0,0,0,0,0,0,0,0,0,0,0,0,0,0,0,0,0,0,0,382.494,0,0,-90.0549
"MtrElec",6,24,9,"",237.912,0,0,0,0,0,0,0,0,0,0,0,0,0,0,0,0,0,0,0,0,395.685,0,0,-157.773
"MtrElec",6,24,10,"",191.926,0,0,0,0,0,0,0,0,0,0,0,0,0,0,0,0,0,0,0,0,479.361,0,0,-287.435
"MtrElec",6,24,11,"",126.761,0,0,0,0,0,0,0,0,0,0,0,0,0,0,0,0,0,0,0,0,512.319,0,0,-385.558
"MtrElec",6,24,12,"",0,0,0,0,0,0,0,0,0,0,0,0,0,0,0,0,0,0,0,0,0,479.781,0,176.219,-656
"MtrElec",6,24,13,"",0,0,0,0,0,0,0,0,0,0,0,0,0,0,0,0,0,0,0,0,0,475.659,0,201.642,-677.301
"MtrElec",6,24,14,"",0,0,0,0,0,0,0,0,0,0,0,0,0,0,0,0,0,0,0,0,0,468.429,0,213.015,-681.444
"MtrElec",6,24,15,"",0,0,0,0,0,0,0,0,0,0,0,0,0,0,0,0,0,0,0,0,0,487.561,0,151.153,-638.714
"MtrElec",6,24,16,"",-0.488484,0,0,0,0,0,0,0,0,0,0,0,0,0,0,0,0,0,0,0,0,498.333,0,56.9325,-555.754
"MtrElec",6,24,17,"",63.4627,0,0,0,0,0,0,0,0,0,0,0,0,0,0,0,0,0,0,0,0,488.7,0,0,-425.238
"MtrElec",6,24,18,"",284.163,0,0,0,0,0,0,0,0,0,0,0,0,0,0,0,0,0,0,0,0,542.063,0,0,-257.9
"MtrElec",6,24,19,"",216.715,0,0,0,0,0,0,0,0,0,0,0,0,0,0,0,0,0,0,0,0,532.884,0,-223.222,-92.9471
"MtrElec",6,24,20,"",275.821,0,0,0,0,0,0,0,0,0,0,0,0,0,0,0,0,0,0,0,0,512.401,0,-223.222,-13.3576
"MtrElec",6,24,21,"",236.007,0,0,0,0,0,0,0,0,0,0,0,0,0,0,0,0,0,0,0,0,459.23,0,-223.222,0
"MtrElec",6,24,22,"",273.028,0,0,0,0,0,0,0,0,0,0,0,0,0,0,0,0,0,0,0,0,324.424,0,-51.3963,0
"MtrElec",6,24,23,"",273.493,0,0,0,0,0,0,0,0,0,0,0,0,0,0,0,0,0,0,0,0,273.493,0,0,0
"MtrElec",6,24,24,"",199.195,0,0,0,0,0,0,0,0,0,0,0,0,0,0,0,0,0,0,0,0,199.195,0,0,0
"MtrElec",6,25,1,"",204.307,0,0,0,0,0,0,0,0,0,0,0,0,0,0,0,0,0,0,0,0,204.307,0,0,0
"MtrElec",6,25,2,"",160.925,0,0,0,0,0,0,0,0,0,0,0,0,0,0,0,0,0,0,0,0,160.925,0,0,0
"MtrElec",6,25,3,"",154.086,0,0,0,0,0,0,0,0,0,0,0,0,0,0,0,0,0,0,0,0,154.086,0,0,0
"MtrElec",6,25,4,"",160.973,0,0,0,0,0,0,0,0,0,0,0,0,0,0,0,0,0,0,0,0,160.973,0,0,0
"MtrElec",6,25,5,"",153.045,0,0,0,0,0,0,0,0,0,0,0,0,0,0,0,0,0,0,0,0,153.045,0,0,0
"MtrElec",6,25,6,"",187.18,0,0,0,0,0,0,0,0,0,0,0,0,0,0,0,0,0,0,0,0,187.18,0,0,0
"MtrElec",6,25,7,"",274.233,0,0,0,0,0,0,0,0,0,0,0,0,0,0,0,0,0,0,0,0,297.455,0,0,-23.2224
"MtrElec",6,25,8,"",205.866,0,0,0,0,0,0,0,0,0,0,0,0,0,0,0,0,0,0,0,0,335.442,0,0,-129.576
"MtrElec",6,25,9,"",128.663,0,0,0,0,0,0,0,0,0,0,0,0,0,0,0,0,0,0,0,0,421.747,0,0,-293.084
"MtrElec",6,25,10,"",59.1437,0,0,0,0,0,0,0,0,0,0,0,0,0,0,0,0,0,0,0,0,497.951,0,0,-438.807
"MtrElec",6,25,11,"",0,0,0,0,0,0,0,0,0,0,0,0,0,0,0,0,0,0,0,0,0,493.481,0,53.8027,-547.283
"MtrElec",6,25,12,"",0,0,0,0,0,0,0,0,0,0,0,0,0,0,0,0,0,0,0,0,0,526.353,0,105.542,-631.895
"MtrElec",6,25,13,"",0,0,0,0,0,0,0,0,0,0,0,0,0,0,0,0,0,0,0,0,0,530.915,0,141.81,-672.725
"MtrElec",6,25,14,"",0,0,0,0,0,0,0,0,0,0,0,0,0,0,0,0,0,0,0,0,0,451.866,0,217.476,-669.343
"MtrElec",6,25,15,"",0,0,0,0,0,0,0,0,0,0,0,0,0,0,0,0,0,0,0,0,0,486.793,0,140.213,-627.006
"MtrElec",6,25,16,"",0,0,0,0,0,0,0,0,0,0,0,0,0,0,0,0,0,0,0,0,0,522.753,0,15.8163,-538.57
"MtrElec",6,25,17,"",95.0094,0,0,0,0,0,0,0,0,0,0,0,0,0,0,0,0,0,0,0,0,508.866,0,0,-413.857
"MtrElec",6,25,18,"",311,0,0,0,0,0,0,0,0,0,0,0,0,0,0,0,0,0,0,0,0,565.098,0,0,-254.098
"MtrElec",6,25,19,"",248.821,0,0,0,0,0,0,0,0,0,0,0,0,0,0,0,0,0,0,0,0,564.723,0,-223.222,-92.6798
"MtrElec",6,25,20,"",285.34,0,0,0,0,0,0,0,0,0,0,0,0,0,0,0,0,0,0,0,0,523.026,0,-223.222,-14.4644
"MtrElec",6,25,21,"",323.804,0,0,0,0,0,0,0,0,0,0,0,0,0,0,0,0,0,0,0,0,486.24,0,-162.436,0
"MtrElec",6,25,22,"",289.277,0,0,0,0,0,0,0,0,0,0,0,0,0,0,0,0,0,0,0,0,289.277,0,0,0
"MtrElec",6,25,23,"",273.332,0,0,0,0,0,0,0,0,0,0,0,0,0,0,0,0,0,0,0,0,273.332,0,0,0
"MtrElec",6,25,24,"",199.274,0,0,0,0,0,0,0,0,0,0,0,0,0,0,0,0,0,0,0,0,199.274,0,0,0
"MtrElec",6,26,1,"",159.72,0,0,0,0,0,0,0,0,0,0,0,0,0,0,0,0,0,0,0,0,159.72,0,0,0
"MtrElec",6,26,2,"",157.813,0,0,0,0,0,0,0,0,0,0,0,0,0,0,0,0,0,0,0,0,157.813,0,0,0
"MtrElec",6,26,3,"",149.092,0,0,0,0,0,0,0,0,0,0,0,0,0,0,0,0,0,0,0,0,149.092,0,0,0
"MtrElec",6,26,4,"",156.402,0,0,0,0,0,0,0,0,0,0,0,0,0,0,0,0,0,0,0,0,156.402,0,0,0
"MtrElec",6,26,5,"",185.512,0,0,0,0,0,0,0,0,0,0,0,0,0,0,0,0,0,0,0,0,185.512,0,0,0
"MtrElec",6,26,6,"",150.382,0,0,0,0,0,0,0,0,0,0,0,0,0,0,0,0,0,0,0,0,150.382,0,0,0
"MtrElec",6,26,7,"",250.082,0,0,0,0,0,0,0,0,0,0,0,0,0,0,0,0,0,0,0,0,273.192,0,0,-23.1096
"MtrElec",6,26,8,"",250.067,0,0,0,0,0,0,0,0,0,0,0,0,0,0,0,0,0,0,0,0,378.573,0,0,-128.506
"MtrElec",6,26,9,"",136.582,0,0,0,0,0,0,0,0,0,0,0,0,0,0,0,0,0,0,0,0,425.05,0,0,-288.468
"MtrElec",6,26,10,"",89.0962,0,0,0,0,0,0,0,0,0,0,0,0,0,0,0,0,0,0,0,0,528.834,0,0,-439.738
"MtrElec",6,26,11,"",3.93263,0,0,0,0,0,0,0,0,0,0,0,0,0,0,0,0,0,0,0,0,563.904,0,0,-559.971
"MtrElec",6,26,12,"",0,0,0,0,0,0,0,0,0,0,0,0,0,0,0,0,0,0,0,0,0,551.995,0,73.8116,-625.807
"MtrElec",6,26,13,"",0.0000078,0,0,0,0,0,0,0,0,0,0,0,0,0,0,0,0,0,0,0,0,542.67,0,114.384,-657.054
"MtrElec",6,26,14,"",0,0,0,0,0,0,0,0,0,0,0,0,0,0,0,0,0,0,0,0,0,470.37,0,192.753,-663.124
"MtrElec",6,26,15,"",0.0000078,0,0,0,0,0,0,0,0,0,0,0,0,0,0,0,0,0,0,0,0,519.754,0,95.2367,-614.991
"MtrElec",6,26,16,"",0.0000005,0,0,0,0,0,0,0,0,0,0,0,0,0,0,0,0,0,0,0,0,523.821,0,7.15366,-530.975
"MtrElec",6,26,17,"",111.354,0,0,0,0,0,0,0,0,0,0,0,0,0,0,0,0,0,0,0,0,518.024,0,0,-406.67
"MtrElec",6,26,18,"",324.47,0,0,0,0,0,0,0,0,0,0,0,0,0,0,0,0,0,0,0,0,574.543,0,0,-250.073
"MtrElec",6,26,19,"",229.003,0,0,0,0,0,0,0,0,0,0,0,0,0,0,0,0,0,0,0,0,544.984,0,-223.222,-92.7578
"MtrElec",6,26,20,"",301.269,0,0,0,0,0,0,0,0,0,0,0,0,0,0,0,0,0,0,0,0,530.021,0,-212.991,-15.761
"MtrElec",6,26,21,"",424.078,0,0,0,0,0,0,0,0,0,0,0,0,0,0,0,0,0,0,0,0,424.078,0,0,0
"MtrElec",6,26,22,"",296.585,0,0,0,0,0,0,0,0,0,0,0,0,0,0,0,0,0,0,0,0,296.585,0,0,0
"MtrElec",6,26,23,"",323.888,0,0,0,0,0,0,0,0,0,0,0,0,0,0,0,0,0,0,0,0,323.888,0,0,0
"MtrElec",6,26,24,"",225.552,0,0,0,0,0,0,0,0,0,0,0,0,0,0,0,0,0,0,0,0,225.552,0,0,0
"MtrElec",6,27,1,"",170.713,0,0,0,0,0,0,0,0,0,0,0,0,0,0,0,0,0,0,0,0,170.713,0,0,0
"MtrElec",6,27,2,"",191.994,0,0,0,0,0,0,0,0,0,0,0,0,0,0,0,0,0,0,0,0,191.994,0,0,0
"MtrElec",6,27,3,"",151.935,0,0,0,0,0,0,0,0,0,0,0,0,0,0,0,0,0,0,0,0,151.935,0,0,0
"MtrElec",6,27,4,"",154.071,0,0,0,0,0,0,0,0,0,0,0,0,0,0,0,0,0,0,0,0,154.071,0,0,0
"MtrElec",6,27,5,"",170.132,0,0,0,0,0,0,0,0,0,0,0,0,0,0,0,0,0,0,0,0,170.132,0,0,0
"MtrElec",6,27,6,"",153.777,0,0,0,0,0,0,0,0,0,0,0,0,0,0,0,0,0,0,0,0,153.777,0,0,0
"MtrElec",6,27,7,"",243.288,0,0,0,0,0,0,0,0,0,0,0,0,0,0,0,0,0,0,0,0,268.311,0,0,-25.0232
"MtrElec",6,27,8,"",157.059,0,0,0,0,0,0,0,0,0,0,0,0,0,0,0,0,0,0,0,0,281.662,0,0,-124.603
"MtrElec",6,27,9,"",79.2588,0,0,0,0,0,0,0,0,0,0,0,0,0,0,0,0,0,0,0,0,359.128,0,0,-279.869
"MtrElec",6,27,10,"",68.1786,0,0,0,0,0,0,0,0,0,0,0,0,0,0,0,0,0,0,0,0,488.301,0,0,-420.122
"MtrElec",6,27,11,"",89.1599,0,0,0,0,0,0,0,0,0,0,0,0,0,0,0,0,0,0,0,0,615.448,0,0,-526.288
"MtrElec",6,27,12,"",80.1052,0,0,0,0,0,0,0,0,0,0,0,0,0,0,0,0,0,0,0,0,674.809,0,0,-594.703
"MtrElec",6,27,13,"",52.8986,0,0,0,0,0,0,0,0,0,0,0,0,0,0,0,0,0,0,0,0,671.601,0,0,-618.703
"MtrElec",6,27,14,"",0.0000005,0,0,0,0,0,0,0,0,0,0,0,0,0,0,0,0,0,0,0,0,606.764,0,7.5495,-614.313
"MtrElec",6,27,15,"",51.1162,0,0,0,0,0,0,0,0,0,0,0,0,0,0,0,0,0,0,0,0,624.961,0,0,-573.845
"MtrElec",6,27,16,"",117.915,0,0,0,0,0,0,0,0,0,0,0,0,0,0,0,0,0,0,0,0,627.52,0,0,-509.605
"MtrElec",6,27,17,"",331.749,0,0,0,0,0,0,0,0,0,0,0,0,0,0,0,0,0,0,0,0,655.66,0,0,-323.91
"MtrElec",6,27,18,"",528.85,0,0,0,0,0,0,0,0,0,0,0,0,0,0,0,0,0,0,0,0,620.62,0,0,-91.7705
"MtrElec",6,27,19,"",588.464,0,0,0,0,0,0,0,0,0,0,0,0,0,0,0,0,0,0,0,0,655.803,0,-6.81342,-60.5252
"MtrElec",6,27,20,"",497.441,0,0,0,0,0,0,0,0,0,0,0,0,0,0,0,0,0,0,0,0,510.623,0,0,-13.1822
"MtrElec",6,27,21,"",378.164,0,0,0,0,0,0,0,0,0,0,0,0,0,0,0,0,0,0,0,0,378.164,0,0,0
"MtrElec",6,27,22,"",387.595,0,0,0,0,0,0,0,0,0,0,0,0,0,0,0,0,0,0,0,0,387.595,0,0,0
"MtrElec",6,27,23,"",266.811,0,0,0,0,0,0,0,0,0,0,0,0,0,0,0,0,0,0,0,0,266.811,0,0,0
"MtrElec",6,27,24,"",201.244,0,0,0,0,0,0,0,0,0,0,0,0,0,0,0,0,0,0,0,0,201.244,0,0,0
"MtrElec",6,28,1,"",174.695,0,0,0,0,0,0,0,0,0,0,0,0,0,0,0,0,0,0,0,0,174.695,0,0,0
"MtrElec",6,28,2,"",158.298,0,0,0,0,0,0,0,0,0,0,0,0,0,0,0,0,0,0,0,0,158.298,0,0,0
"MtrElec",6,28,3,"",155.345,0,0,0,0,0,0,0,0,0,0,0,0,0,0,0,0,0,0,0,0,155.345,0,0,0
"MtrElec",6,28,4,"",155.728,0,0,0,0,0,0,0,0,0,0,0,0,0,0,0,0,0,0,0,0,155.728,0,0,0
"MtrElec",6,28,5,"",187.776,0,0,0,0,0,0,0,0,0,0,0,0,0,0,0,0,0,0,0,0,187.776,0,0,0
"MtrElec",6,28,6,"",188.003,0,0,0,0,0,0,0,0,0,0,0,0,0,0,0,0,0,0,0,0,188.003,0,0,0
"MtrElec",6,28,7,"",141.62,0,0,0,0,0,0,0,0,0,0,0,0,0,0,0,0,0,0,0,0,161.975,0,0,-20.3551
"MtrElec",6,28,8,"",122.651,0,0,0,0,0,0,0,0,0,0,0,0,0,0,0,0,0,0,0,0,244.367,0,0,-121.715
"MtrElec",6,28,9,"",97.2469,0,0,0,0,0,0,0,0,0,0,0,0,0,0,0,0,0,0,0,0,381.235,0,0,-283.988
"MtrElec",6,28,10,"",91.0939,0,0,0,0,0,0,0,0,0,0,0,0,0,0,0,0,0,0,0,0,485.172,0,0,-394.078
"MtrElec",6,28,11,"",94.151,0,0,0,0,0,0,0,0,0,0,0,0,0,0,0,0,0,0,0,0,533.863,0,0,-439.712
"MtrElec",6,28,12,"",6.08413,0,0,0,0,0,0,0,0,0,0,0,0,0,0,0,0,0,0,0,0,546.816,0,0,-540.732
"MtrElec",6,28,13,"",62.8042,0,0,0,0,0,0,0,0,0,0,0,0,0,0,0,0,0,0,0,0,525.841,0,0,-463.037
"MtrElec",6,28,14,"",0,0,0,0,0,0,0,0,0,0,0,0,0,0,0,0,0,0,0,0,0,504.519,0,24.397,-528.916
"MtrElec",6,28,15,"",0,0,0,0,0,0,0,0,0,0,0,0,0,0,0,0,0,0,0,0,0,553.971,0,55.5287,-609.5
"MtrElec",6,28,16,"",0.0000020,0,0,0,0,0,0,0,0,0,0,0,0,0,0,0,0,0,0,0,0,480.962,0,29.5021,-510.464
"MtrElec",6,28,17,"",146.473,0,0,0,0,0,0,0,0,0,0,0,0,0,0,0,0,0,0,0,0,502.895,0,0,-356.422
"MtrElec",6,28,18,"",275.066,0,0,0,0,0,0,0,0,0,0,0,0,0,0,0,0,0,0,0,0,491.44,0,0,-216.374
"MtrElec",6,28,19,"",294.471,0,0,0,0,0,0,0,0,0,0,0,0,0,0,0,0,0,0,0,0,486.813,0,-98.7586,-93.5836
"MtrElec",6,28,20,"",361.204,0,0,0,0,0,0,0,0,0,0,0,0,0,0,0,0,0,0,0,0,376.932,0,0,-15.7287
"MtrElec",6,28,21,"",346.213,0,0,0,0,0,0,0,0,0,0,0,0,0,0,0,0,0,0,0,0,346.213,0,0,0
"MtrElec",6,28,22,"",333.66,0,0,0,0,0,0,0,0,0,0,0,0,0,0,0,0,0,0,0,0,333.66,0,0,0
"MtrElec",6,28,23,"",212.702,0,0,0,0,0,0,0,0,0,0,0,0,0,0,0,0,0,0,0,0,212.702,0,0,0
"MtrElec",6,28,24,"",228.102,0,0,0,0,0,0,0,0,0,0,0,0,0,0,0,0,0,0,0,0,228.102,0,0,0
"MtrElec",6,29,1,"",200.315,0,0,0,0,0,0,0,0,0,0,0,0,0,0,0,0,0,0,0,0,200.315,0,0,0
"MtrElec",6,29,2,"",155.666,0,0,0,0,0,0,0,0,0,0,0,0,0,0,0,0,0,0,0,0,155.666,0,0,0
"MtrElec",6,29,3,"",149.39,0,0,0,0,0,0,0,0,0,0,0,0,0,0,0,0,0,0,0,0,149.39,0,0,0
"MtrElec",6,29,4,"",152.256,0,0,0,0,0,0,0,0,0,0,0,0,0,0,0,0,0,0,0,0,152.256,0,0,0
"MtrElec",6,29,5,"",151.145,0,0,0,0,0,0,0,0,0,0,0,0,0,0,0,0,0,0,0,0,151.145,0,0,0
"MtrElec",6,29,6,"",172.799,0,0,0,0,0,0,0,0,0,0,0,0,0,0,0,0,0,0,0,0,172.799,0,0,0
"MtrElec",6,29,7,"",300.574,0,0,0,0,0,0,0,0,0,0,0,0,0,0,0,0,0,0,0,0,324.786,0,0,-24.2119
"MtrElec",6,29,8,"",267.471,0,0,0,0,0,0,0,0,0,0,0,0,0,0,0,0,0,0,0,0,389.864,0,0,-122.393
"MtrElec",6,29,9,"",144.033,0,0,0,0,0,0,0,0,0,0,0,0,0,0,0,0,0,0,0,0,427.289,0,0,-283.255
"MtrElec",6,29,10,"",94.7498,0,0,0,0,0,0,0,0,0,0,0,0,0,0,0,0,0,0,0,0,523.081,0,0,-428.331
"MtrElec",6,29,11,"",53.2175,0,0,0,0,0,0,0,0,0,0,0,0,0,0,0,0,0,0,0,0,582.029,0,0,-528.812
"MtrElec",6,29,12,"",0,0,0,0,0,0,0,0,0,0,0,0,0,0,0,0,0,0,0,0,0,593.033,0,21.576,-614.609
"MtrElec",6,29,13,"",0,0,0,0,0,0,0,0,0,0,0,0,0,0,0,0,0,0,0,0,0,622.569,0,34.1179,-656.687
"MtrElec",6,29,14,"",0,0,0,0,0,0,0,0,0,0,0,0,0,0,0,0,0,0,0,0,0,508.689,0,144.662,-653.35
"MtrElec",6,29,15,"",0.0000078,0,0,0,0,0,0,0,0,0,0,0,0,0,0,0,0,0,0,0,0,517.963,0,95.7367,-613.7
"MtrElec",6,29,16,"",2.23719,0,0,0,0,0,0,0,0,0,0,0,0,0,0,0,0,0,0,0,0,533.799,0,0,-531.561
"MtrElec",6,29,17,"",138.316,0,0,0,0,0,0,0,0,0,0,0,0,0,0,0,0,0,0,0,0,546.352,0,0,-408.036
"MtrElec",6,29,18,"",320.028,0,0,0,0,0,0,0,0,0,0,0,0,0,0,0,0,0,0,0,0,571.769,0,0,-251.741
"MtrElec",6,29,19,"",256.322,0,0,0,0,0,0,0,0,0,0,0,0,0,0,0,0,0,0,0,0,573.792,0,-223.222,-94.2475
"MtrElec",6,29,20,"",460.653,0,0,0,0,0,0,0,0,0,0,0,0,0,0,0,0,0,0,0,0,520.324,0,-44.0009,-15.6705
"MtrElec",6,29,21,"",464.798,0,0,0,0,0,0,0,0,0,0,0,0,0,0,0,0,0,0,0,0,464.798,0,0,0
"MtrElec",6,29,22,"",321.934,0,0,0,0,0,0,0,0,0,0,0,0,0,0,0,0,0,0,0,0,321.934,0,0,0
"MtrElec",6,29,23,"",290.677,0,0,0,0,0,0,0,0,0,0,0,0,0,0,0,0,0,0,0,0,290.677,0,0,0
"MtrElec",6,29,24,"",212.229,0,0,0,0,0,0,0,0,0,0,0,0,0,0,0,0,0,0,0,0,212.229,0,0,0
"MtrElec",6,30,1,"",154.919,0,0,0,0,0,0,0,0,0,0,0,0,0,0,0,0,0,0,0,0,154.919,0,0,0
"MtrElec",6,30,2,"",152.633,0,0,0,0,0,0,0,0,0,0,0,0,0,0,0,0,0,0,0,0,152.633,0,0,0
"MtrElec",6,30,3,"",148.901,0,0,0,0,0,0,0,0,0,0,0,0,0,0,0,0,0,0,0,0,148.901,0,0,0
"MtrElec",6,30,4,"",149.416,0,0,0,0,0,0,0,0,0,0,0,0,0,0,0,0,0,0,0,0,149.416,0,0,0
"MtrElec",6,30,5,"",183.673,0,0,0,0,0,0,0,0,0,0,0,0,0,0,0,0,0,0,0,0,183.673,0,0,0
"MtrElec",6,30,6,"",152.053,0,0,0,0,0,0,0,0,0,0,0,0,0,0,0,0,0,0,0,0,152.053,0,0,0
"MtrElec",6,30,7,"",287.573,0,0,0,0,0,0,0,0,0,0,0,0,0,0,0,0,0,0,0,0,309.207,0,0,-21.6341
"MtrElec",6,30,8,"",292.642,0,0,0,0,0,0,0,0,0,0,0,0,0,0,0,0,0,0,0,0,415.367,0,0,-122.725
"MtrElec",6,30,9,"",195.766,0,0,0,0,0,0,0,0,0,0,0,0,0,0,0,0,0,0,0,0,481.729,0,0,-285.963
"MtrElec",6,30,10,"",157.571,0,0,0,0,0,0,0,0,0,0,0,0,0,0,0,0,0,0,0,0,590.365,0,0,-432.794
"MtrElec",6,30,11,"",20.6164,0,0,0,0,0,0,0,0,0,0,0,0,0,0,0,0,0,0,0,0,572.247,0,0,-551.63
"MtrElec",6,30,12,"",0,0,0,0,0,0,0,0,0,0,0,0,0,0,0,0,0,0,0,0,0,572.226,0,51.0256,-623.252
"MtrElec",6,30,13,"",0,0,0,0,0,0,0,0,0,0,0,0,0,0,0,0,0,0,0,0,0,626.384,0,37.0374,-663.421
"MtrElec",6,30,14,"",0,0,0,0,0,0,0,0,0,0,0,0,0,0,0,0,0,0,0,0,0,505.754,0,168.766,-674.521
"MtrElec",6,30,15,"",0,0,0,0,0,0,0,0,0,0,0,0,0,0,0,0,0,0,0,0,0,516.966,0,113.279,-630.245
"MtrElec",6,30,16,"",0.0000039,0,0,0,0,0,0,0,0,0,0,0,0,0,0,0,0,0,0,0,0,491.829,0,49.878,-541.707
"MtrElec",6,30,17,"",166.895,0,0,0,0,0,0,0,0,0,0,0,0,0,0,0,0,0,0,0,0,580.282,0,0,-413.387
"MtrElec",6,30,18,"",292.031,0,0,0,0,0,0,0,0,0,0,0,0,0,0,0,0,0,0,0,0,550.948,0,0,-258.917
"MtrElec",6,30,19,"",221.507,0,0,0,0,0,0,0,0,0,0,0,0,0,0,0,0,0,0,0,0,538.101,0,-223.222,-93.3723
"MtrElec",6,30,20,"",388.566,0,0,0,0,0,0,0,0,0,0,0,0,0,0,0,0,0,0,0,0,557.127,0,-155.815,-12.7459
"MtrElec",6,30,21,"",540.858,0,0,0,0,0,0,0,0,0,0,0,0,0,0,0,0,0,0,0,0,540.858,0,0,0
"MtrElec",6,30,22,"",293.457,0,0,0,0,0,0,0,0,0,0,0,0,0,0,0,0,0,0,0,0,293.457,0,0,0
"MtrElec",6,30,23,"",327.078,0,0,0,0,0,0,0,0,0,0,0,0,0,0,0,0,0,0,0,0,327.078,0,0,0
"MtrElec",6,30,24,"",271.308,0,0,0,0,0,0,0,0,0,0,0,0,0,0,0,0,0,0,0,0,271.308,0,0,0
"MtrElec",7,1,1,"",169.833,0,0,0,0,0,0,0,0,0,0,0,0,0,0,0,0,0,0,0,0,169.833,0,0,0
"MtrElec",7,1,2,"",162.672,0,0,0,0,0,0,0,0,0,0,0,0,0,0,0,0,0,0,0,0,162.672,0,0,0
"MtrElec",7,1,3,"",158.23,0,0,0,0,0,0,0,0,0,0,0,0,0,0,0,0,0,0,0,0,158.23,0,0,0
"MtrElec",7,1,4,"",157.296,0,0,0,0,0,0,0,0,0,0,0,0,0,0,0,0,0,0,0,0,157.296,0,0,0
"MtrElec",7,1,5,"",155.569,0,0,0,0,0,0,0,0,0,0,0,0,0,0,0,0,0,0,0,0,155.569,0,0,0
"MtrElec",7,1,6,"",189.819,0,0,0,0,0,0,0,0,0,0,0,0,0,0,0,0,0,0,0,0,189.819,0,0,0
"MtrElec",7,1,7,"",261.406,0,0,0,0,0,0,0,0,0,0,0,0,0,0,0,0,0,0,0,0,278.871,0,0,-17.4654
"MtrElec",7,1,8,"",261.557,0,0,0,0,0,0,0,0,0,0,0,0,0,0,0,0,0,0,0,0,387.865,0,0,-126.307
"MtrElec",7,1,9,"",167.248,0,0,0,0,0,0,0,0,0,0,0,0,0,0,0,0,0,0,0,0,470.312,0,0,-303.064
"MtrElec",7,1,10,"",59.1688,0,0,0,0,0,0,0,0,0,0,0,0,0,0,0,0,0,0,0,0,519.676,0,0,-460.507
"MtrElec",7,1,11,"",0,0,0,0,0,0,0,0,0,0,0,0,0,0,0,0,0,0,0,0,0,553.715,0,19.4004,-573.116
"MtrElec",7,1,12,"",0.0000078,0,0,0,0,0,0,0,0,0,0,0,0,0,0,0,0,0,0,0,0,562.3,0,67.7511,-630.051
"MtrElec",7,1,13,"",0,0,0,0,0,0,0,0,0,0,0,0,0,0,0,0,0,0,0,0,0,564.675,0,121.574,-686.249
"MtrElec",7,1,14,"",0,0,0,0,0,0,0,0,0,0,0,0,0,0,0,0,0,0,0,0,0,550.579,0,143.818,-694.397
"MtrElec",7,1,15,"",0,0,0,0,0,0,0,0,0,0,0,0,0,0,0,0,0,0,0,0,0,557.912,0,90.7081,-648.62
"MtrElec",7,1,16,"",15.0743,0,0,0,0,0,0,0,0,0,0,0,0,0,0,0,0,0,0,0,0,574.29,0,0,-559.216
"MtrElec",7,1,17,"",155.958,0,0,0,0,0,0,0,0,0,0,0,0,0,0,0,0,0,0,0,0,588.093,0,0,-432.134
"MtrElec",7,1,18,"",323.071,0,0,0,0,0,0,0,0,0,0,0,0,0,0,0,0,0,0,0,0,592.327,0,0,-269.256
"MtrElec",7,1,19,"",245.826,0,0,0,0,0,0,0,0,0,0,0,0,0,0,0,0,0,0,0,0,564.016,0,-223.222,-94.9683
"MtrElec",7,1,20,"",377.507,0,0,0,0,0,0,0,0,0,0,0,0,0,0,0,0,0,0,0,0,564.999,0,-176.812,-10.6794
"MtrElec",7,1,21,"",516.366,0,0,0,0,0,0,0,0,0,0,0,0,0,0,0,0,0,0,0,0,516.366,0,0,0
"MtrElec",7,1,22,"",354.596,0,0,0,0,0,0,0,0,0,0,0,0,0,0,0,0,0,0,0,0,354.596,0,0,0
"MtrElec",7,1,23,"",300.777,0,0,0,0,0,0,0,0,0,0,0,0,0,0,0,0,0,0,0,0,300.777,0,0,0
"MtrElec",7,1,24,"",215.227,0,0,0,0,0,0,0,0,0,0,0,0,0,0,0,0,0,0,0,0,215.227,0,0,0
"MtrElec",7,2,1,"",175.237,0,0,0,0,0,0,0,0,0,0,0,0,0,0,0,0,0,0,0,0,175.237,0,0,0
"MtrElec",7,2,2,"",160.666,0,0,0,0,0,0,0,0,0,0,0,0,0,0,0,0,0,0,0,0,160.666,0,0,0
"MtrElec",7,2,3,"",189.354,0,0,0,0,0,0,0,0,0,0,0,0,0,0,0,0,0,0,0,0,189.354,0,0,0
"MtrElec",7,2,4,"",152.602,0,0,0,0,0,0,0,0,0,0,0,0,0,0,0,0,0,0,0,0,152.602,0,0,0
"MtrElec",7,2,5,"",145.515,0,0,0,0,0,0,0,0,0,0,0,0,0,0,0,0,0,0,0,0,145.515,0,0,0
"MtrElec",7,2,6,"",158.419,0,0,0,0,0,0,0,0,0,0,0,0,0,0,0,0,0,0,0,0,158.419,0,0,0
"MtrElec",7,2,7,"",287.327,0,0,0,0,0,0,0,0,0,0,0,0,0,0,0,0,0,0,0,0,305.515,0,0,-18.1877
"MtrElec",7,2,8,"",269.718,0,0,0,0,0,0,0,0,0,0,0,0,0,0,0,0,0,0,0,0,396.204,0,0,-126.486
"MtrElec",7,2,9,"",105.269,0,0,0,0,0,0,0,0,0,0,0,0,0,0,0,0,0,0,0,0,410.477,0,0,-305.208
"MtrElec",7,2,10,"",57.2803,0,0,0,0,0,0,0,0,0,0,0,0,0,0,0,0,0,0,0,0,515.182,0,0,-457.902
"MtrElec",7,2,11,"",6.55425,0,0,0,0,0,0,0,0,0,0,0,0,0,0,0,0,0,0,0,0,575.137,0,0,-568.582
"MtrElec",7,2,12,"",0,0,0,0,0,0,0,0,0,0,0,0,0,0,0,0,0,0,0,0,0,579.511,0,71.0679,-650.579
"MtrElec",7,2,13,"",0.0000156,0,0,0,0,0,0,0,0,0,0,0,0,0,0,0,0,0,0,0,0,536.453,0,148.118,-684.571
"MtrElec",7,2,14,"",0.0000078,0,0,0,0,0,0,0,0,0,0,0,0,0,0,0,0,0,0,0,0,564.556,0,118.54,-683.096
"MtrElec",7,2,15,"",0.0000078,0,0,0,0,0,0,0,0,0,0,0,0,0,0,0,0,0,0,0,0,533.973,0,110.311,-644.283
"MtrElec",7,2,16,"",20.4972,0,0,0,0,0,0,0,0,0,0,0,0,0,0,0,0,0,0,0,0,578.289,0,0,-557.792
"MtrElec",7,2,17,"",188.798,0,0,0,0,0,0,0,0,0,0,0,0,0,0,0,0,0,0,0,0,623.186,0,0,-434.389
"MtrElec",7,2,18,"",352.043,0,0,0,0,0,0,0,0,0,0,0,0,0,0,0,0,0,0,0,0,625.899,0,0,-273.856
"MtrElec",7,2,19,"",260.174,0,0,0,0,0,0,0,0,0,0,0,0,0,0,0,0,0,0,0,0,579.446,0,-223.222,-96.0494
"MtrElec",7,2,20,"",371.271,0,0,0,0,0,0,0,0,0,0,0,0,0,0,0,0,0,0,0,0,562.491,0,-181.131,-10.0896
"MtrElec",7,2,21,"",559.263,0,0,0,0,0,0,0,0,0,0,0,0,0,0,0,0,0,0,0,0,559.263,0,0,0
"MtrElec",7,2,22,"",355.838,0,0,0,0,0,0,0,0,0,0,0,0,0,0,0,0,0,0,0,0,355.838,0,0,0
"MtrElec",7,2,23,"",306.458,0,0,0,0,0,0,0,0,0,0,0,0,0,0,0,0,0,0,0,0,306.458,0,0,0
"MtrElec",7,2,24,"",211.219,0,0,0,0,0,0,0,0,0,0,0,0,0,0,0,0,0,0,0,0,211.219,0,0,0
"MtrElec",7,3,1,"",206.858,0,0,0,0,0,0,0,0,0,0,0,0,0,0,0,0,0,0,0,0,206.858,0,0,0
"MtrElec",7,3,2,"",163.439,0,0,0,0,0,0,0,0,0,0,0,0,0,0,0,0,0,0,0,0,163.439,0,0,0
"MtrElec",7,3,3,"",156.332,0,0,0,0,0,0,0,0,0,0,0,0,0,0,0,0,0,0,0,0,156.332,0,0,0
"MtrElec",7,3,4,"",157.705,0,0,0,0,0,0,0,0,0,0,0,0,0,0,0,0,0,0,0,0,157.705,0,0,0
"MtrElec",7,3,5,"",149.088,0,0,0,0,0,0,0,0,0,0,0,0,0,0,0,0,0,0,0,0,149.088,0,0,0
"MtrElec",7,3,6,"",192.212,0,0,0,0,0,0,0,0,0,0,0,0,0,0,0,0,0,0,0,0,192.212,0,0,0
"MtrElec",7,3,7,"",235.091,0,0,0,0,0,0,0,0,0,0,0,0,0,0,0,0,0,0,0,0,253.926,0,0,-18.8349
"MtrElec",7,3,8,"",272.039,0,0,0,0,0,0,0,0,0,0,0,0,0,0,0,0,0,0,0,0,398.497,0,0,-126.458
"MtrElec",7,3,9,"",155.219,0,0,0,0,0,0,0,0,0,0,0,0,0,0,0,0,0,0,0,0,457.247,0,0,-302.028
"MtrElec",7,3,10,"",216.067,0,0,0,0,0,0,0,0,0,0,0,0,0,0,0,0,0,0,0,0,673.884,0,0,-457.817
"MtrElec",7,3,11,"",64.701,0,0,0,0,0,0,0,0,0,0,0,0,0,0,0,0,0,0,0,0,634.426,0,0,-569.725
"MtrElec",7,3,12,"",59.4249,0,0,0,0,0,0,0,0,0,0,0,0,0,0,0,0,0,0,0,0,700.69,0,0,-641.265
"MtrElec",7,3,13,"",0,0,0,0,0,0,0,0,0,0,0,0,0,0,0,0,0,0,0,0,0,629.745,0,53.8486,-683.593
"MtrElec",7,3,14,"",0,0,0,0,0,0,0,0,0,0,0,0,0,0,0,0,0,0,0,0,0,569.162,0,109.933,-679.095
"MtrElec",7,3,15,"",0,0,0,0,0,0,0,0,0,0,0,0,0,0,0,0,0,0,0,0,0,591.153,0,42.4489,-633.602
"MtrElec",7,3,16,"",45.3332,0,0,0,0,0,0,0,0,0,0,0,0,0,0,0,0,0,0,0,0,600.789,0,0,-555.456
"MtrElec",7,3,17,"",188.155,0,0,0,0,0,0,0,0,0,0,0,0,0,0,0,0,0,0,0,0,618.495,0,0,-430.339
"MtrElec",7,3,18,"",384.268,0,0,0,0,0,0,0,0,0,0,0,0,0,0,0,0,0,0,0,0,649.828,0,0,-265.56
"MtrElec",7,3,19,"",321.868,0,0,0,0,0,0,0,0,0,0,0,0,0,0,0,0,0,0,0,0,602.161,0,-186.123,-94.1698
"MtrElec",7,3,20,"",540.557,0,0,0,0,0,0,0,0,0,0,0,0,0,0,0,0,0,0,0,0,550.552,0,0,-9.99483
"MtrElec",7,3,21,"",464.812,0,0,0,0,0,0,0,0,0,0,0,0,0,0,0,0,0,0,0,0,464.812,0,0,0
"MtrElec",7,3,22,"",328.08,0,0,0,0,0,0,0,0,0,0,0,0,0,0,0,0,0,0,0,0,328.08,0,0,0
"MtrElec",7,3,23,"",238.44,0,0,0,0,0,0,0,0,0,0,0,0,0,0,0,0,0,0,0,0,238.44,0,0,0
"MtrElec",7,3,24,"",252.801,0,0,0,0,0,0,0,0,0,0,0,0,0,0,0,0,0,0,0,0,252.801,0,0,0
"MtrElec",7,4,1,"",175.184,0,0,0,0,0,0,0,0,0,0,0,0,0,0,0,0,0,0,0,0,175.184,0,0,0
"MtrElec",7,4,2,"",164.498,0,0,0,0,0,0,0,0,0,0,0,0,0,0,0,0,0,0,0,0,164.498,0,0,0
"MtrElec",7,4,3,"",162.585,0,0,0,0,0,0,0,0,0,0,0,0,0,0,0,0,0,0,0,0,162.585,0,0,0
"MtrElec",7,4,4,"",160.85,0,0,0,0,0,0,0,0,0,0,0,0,0,0,0,0,0,0,0,0,160.85,0,0,0
"MtrElec",7,4,5,"",225.399,0,0,0,0,0,0,0,0,0,0,0,0,0,0,0,0,0,0,0,0,225.399,0,0,0
"MtrElec",7,4,6,"",153.047,0,0,0,0,0,0,0,0,0,0,0,0,0,0,0,0,0,0,0,0,153.047,0,0,0
"MtrElec",7,4,7,"",214.137,0,0,0,0,0,0,0,0,0,0,0,0,0,0,0,0,0,0,0,0,234.476,0,0,-20.3397
"MtrElec",7,4,8,"",205.057,0,0,0,0,0,0,0,0,0,0,0,0,0,0,0,0,0,0,0,0,328.204,0,0,-123.147
"MtrElec",7,4,9,"",90.9736,0,0,0,0,0,0,0,0,0,0,0,0,0,0,0,0,0,0,0,0,383.903,0,0,-292.93
"MtrElec",7,4,10,"",98.5969,0,0,0,0,0,0,0,0,0,0,0,0,0,0,0,0,0,0,0,0,527.947,0,0,-429.35
"MtrElec",7,4,11,"",234.496,0,0,0,0,0,0,0,0,0,0,0,0,0,0,0,0,0,0,0,0,724.636,0,0,-490.14
"MtrElec",7,4,12,"",99.9762,0,0,0,0,0,0,0,0,0,0,0,0,0,0,0,0,0,0,0,0,653.827,0,0,-553.851
"MtrElec",7,4,13,"",24.2891,0,0,0,0,0,0,0,0,0,0,0,0,0,0,0,0,0,0,0,0,601.7,0,0,-577.411
"MtrElec",7,4,14,"",9.20044,0,0,0,0,0,0,0,0,0,0,0,0,0,0,0,0,0,0,0,0,590.481,0,0,-581.281
"MtrElec",7,4,15,"",38.1386,0,0,0,0,0,0,0,0,0,0,0,0,0,0,0,0,0,0,0,0,582.292,0,0,-544.153
"MtrElec",7,4,16,"",96.6806,0,0,0,0,0,0,0,0,0,0,0,0,0,0,0,0,0,0,0,0,563.6,0,0,-466.92
"MtrElec",7,4,17,"",145.218,0,0,0,0,0,0,0,0,0,0,0,0,0,0,0,0,0,0,0,0,513.264,0,0,-368.046
"MtrElec",7,4,18,"",335.838,0,0,0,0,0,0,0,0,0,0,0,0,0,0,0,0,0,0,0,0,558.683,0,0,-222.845
"MtrElec",7,4,19,"",490.786,0,0,0,0,0,0,0,0,0,0,0,0,0,0,0,0,0,0,0,0,578.675,0,0,-87.8895
"MtrElec",7,4,20,"",501.507,0,0,0,0,0,0,0,0,0,0,0,0,0,0,0,0,0,0,0,0,520.631,0,0,-19.1239
"MtrElec",7,4,21,"",428.756,0,0,0,0,0,0,0,0,0,0,0,0,0,0,0,0,0,0,0,0,428.756,0,0,0
"MtrElec",7,4,22,"",375.192,0,0,0,0,0,0,0,0,0,0,0,0,0,0,0,0,0,0,0,0,375.192,0,0,0
"MtrElec",7,4,23,"",294.41,0,0,0,0,0,0,0,0,0,0,0,0,0,0,0,0,0,0,0,0,294.41,0,0,0
"MtrElec",7,4,24,"",251.558,0,0,0,0,0,0,0,0,0,0,0,0,0,0,0,0,0,0,0,0,251.558,0,0,0
"MtrElec",7,5,1,"",185.628,0,0,0,0,0,0,0,0,0,0,0,0,0,0,0,0,0,0,0,0,185.628,0,0,0
"MtrElec",7,5,2,"",157.981,0,0,0,0,0,0,0,0,0,0,0,0,0,0,0,0,0,0,0,0,157.981,0,0,0
"MtrElec",7,5,3,"",192.976,0,0,0,0,0,0,0,0,0,0,0,0,0,0,0,0,0,0,0,0,192.976,0,0,0
"MtrElec",7,5,4,"",154.525,0,0,0,0,0,0,0,0,0,0,0,0,0,0,0,0,0,0,0,0,154.525,0,0,0
"MtrElec",7,5,5,"",170.986,0,0,0,0,0,0,0,0,0,0,0,0,0,0,0,0,0,0,0,0,170.986,0,0,0
"MtrElec",7,5,6,"",153.231,0,0,0,0,0,0,0,0,0,0,0,0,0,0,0,0,0,0,0,0,153.231,0,0,0
"MtrElec",7,5,7,"",151.032,0,0,0,0,0,0,0,0,0,0,0,0,0,0,0,0,0,0,0,0,179.554,0,0,-28.5216
"MtrElec",7,5,8,"",97.9275,0,0,0,0,0,0,0,0,0,0,0,0,0,0,0,0,0,0,0,0,219.32,0,0,-121.392
"MtrElec",7,5,9,"",117.855,0,0,0,0,0,0,0,0,0,0,0,0,0,0,0,0,0,0,0,0,366.29,0,0,-248.435
"MtrElec",7,5,10,"",-0.055,0,0,0,0,0,0,0,0,0,0,0,0,0,0,0,0,0,0,0,0,432.226,0,0,-432.281
"MtrElec",7,5,11,"",0,0,0,0,0,0,0,0,0,0,0,0,0,0,0,0,0,0,0,0,0,498.121,0,32.8342,-530.955
"MtrElec",7,5,12,"",0.0000020,0,0,0,0,0,0,0,0,0,0,0,0,0,0,0,0,0,0,0,0,576.826,0,30.7849,-607.611
"MtrElec",7,5,13,"",0,0,0,0,0,0,0,0,0,0,0,0,0,0,0,0,0,0,0,0,0,522.89,0,85.1755,-608.065
"MtrElec",7,5,14,"",0,0,0,0,0,0,0,0,0,0,0,0,0,0,0,0,0,0,0,0,0,489.891,0,162.205,-652.097
"MtrElec",7,5,15,"",0,0,0,0,0,0,0,0,0,0,0,0,0,0,0,0,0,0,0,0,0,472.885,0,142.927,-615.812
"MtrElec",7,5,16,"",0,0,0,0,0,0,0,0,0,0,0,0,0,0,0,0,0,0,0,0,0,483.237,0,52.1051,-535.343
"MtrElec",7,5,17,"",109.042,0,0,0,0,0,0,0,0,0,0,0,0,0,0,0,0,0,0,0,0,514.595,0,0,-405.553
"MtrElec",7,5,18,"",270.764,0,0,0,0,0,0,0,0,0,0,0,0,0,0,0,0,0,0,0,0,522.03,0,0,-251.266
"MtrElec",7,5,19,"",214.315,0,0,0,0,0,0,0,0,0,0,0,0,0,0,0,0,0,0,0,0,537.538,0,-223.222,-100.001
"MtrElec",7,5,20,"",191.411,0,0,0,0,0,0,0,0,0,0,0,0,0,0,0,0,0,0,0,0,436.003,0,-223.222,-21.3698
"MtrElec",7,5,21,"",341.167,0,0,0,0,0,0,0,0,0,0,0,0,0,0,0,0,0,0,0,0,351.416,0,-10.249,0
"MtrElec",7,5,22,"",324.13,0,0,0,0,0,0,0,0,0,0,0,0,0,0,0,0,0,0,0,0,324.13,0,0,0
"MtrElec",7,5,23,"",213.559,0,0,0,0,0,0,0,0,0,0,0,0,0,0,0,0,0,0,0,0,213.559,0,0,0
"MtrElec",7,5,24,"",253.975,0,0,0,0,0,0,0,0,0,0,0,0,0,0,0,0,0,0,0,0,253.975,0,0,0
"MtrElec",7,6,1,"",173.51,0,0,0,0,0,0,0,0,0,0,0,0,0,0,0,0,0,0,0,0,173.51,0,0,0
"MtrElec",7,6,2,"",161.271,0,0,0,0,0,0,0,0,0,0,0,0,0,0,0,0,0,0,0,0,161.271,0,0,0
"MtrElec",7,6,3,"",154.544,0,0,0,0,0,0,0,0,0,0,0,0,0,0,0,0,0,0,0,0,154.544,0,0,0
"MtrElec",7,6,4,"",156.813,0,0,0,0,0,0,0,0,0,0,0,0,0,0,0,0,0,0,0,0,156.813,0,0,0
"MtrElec",7,6,5,"",152.849,0,0,0,0,0,0,0,0,0,0,0,0,0,0,0,0,0,0,0,0,152.849,0,0,0
"MtrElec",7,6,6,"",201.957,0,0,0,0,0,0,0,0,0,0,0,0,0,0,0,0,0,0,0,0,201.957,0,0,0
"MtrElec",7,6,7,"",203.272,0,0,0,0,0,0,0,0,0,0,0,0,0,0,0,0,0,0,0,0,227.447,0,0,-24.175
"MtrElec",7,6,8,"",164.216,0,0,0,0,0,0,0,0,0,0,0,0,0,0,0,0,0,0,0,0,266.544,0,0,-102.328
"MtrElec",7,6,9,"",167.646,0,0,0,0,0,0,0,0,0,0,0,0,0,0,0,0,0,0,0,0,386.684,0,0,-219.038
"MtrElec",7,6,10,"",-30.142,0,0,0,0,0,0,0,0,0,0,0,0,0,0,0,0,0,0,0,0,402.233,0,0,-432.375
"MtrElec",7,6,11,"",0,0,0,0,0,0,0,0,0,0,0,0,0,0,0,0,0,0,0,0,0,471.657,0,60.0526,-531.709
"MtrElec",7,6,12,"",0,0,0,0,0,0,0,0,0,0,0,0,0,0,0,0,0,0,0,0,0,482.76,0,122.477,-605.237
"MtrElec",7,6,13,"",0.0000078,0,0,0,0,0,0,0,0,0,0,0,0,0,0,0,0,0,0,0,0,555.694,0,90.7472,-646.442
"MtrElec",7,6,14,"",-4.52858,0,0,0,0,0,0,0,0,0,0,0,0,0,0,0,0,0,0,0,0,416.793,0,223.222,-644.544
"MtrElec",7,6,15,"",0,0,0,0,0,0,0,0,0,0,0,0,0,0,0,0,0,0,0,0,0,474.206,0,133.814,-608.02
"MtrElec",7,6,16,"",0.0000039,0,0,0,0,0,0,0,0,0,0,0,0,0,0,0,0,0,0,0,0,473.673,0,53.2109,-526.884
"MtrElec",7,6,17,"",59.7083,0,0,0,0,0,0,0,0,0,0,0,0,0,0,0,0,0,0,0,0,465.457,0,0,-405.749
"MtrElec",7,6,18,"",252.145,0,0,0,0,0,0,0,0,0,0,0,0,0,0,0,0,0,0,0,0,506.829,0,0,-254.685
"MtrElec",7,6,19,"",143.598,0,0,0,0,0,0,0,0,0,0,0,0,0,0,0,0,0,0,0,0,467.02,0,-223.222,-100.2
"MtrElec",7,6,20,"",147.661,0,0,0,0,0,0,0,0,0,0,0,0,0,0,0,0,0,0,0,0,391.198,0,-223.222,-20.3151
"MtrElec",7,6,21,"",153.625,0,0,0,0,0,0,0,0,0,0,0,0,0,0,0,0,0,0,0,0,324.062,0,-170.436,0
"MtrElec",7,6,22,"",257.092,0,0,0,0,0,0,0,0,0,0,0,0,0,0,0,0,0,0,0,0,257.092,0,0,0
"MtrElec",7,6,23,"",272.473,0,0,0,0,0,0,0,0,0,0,0,0,0,0,0,0,0,0,0,0,272.473,0,0,0
"MtrElec",7,6,24,"",214.618,0,0,0,0,0,0,0,0,0,0,0,0,0,0,0,0,0,0,0,0,214.618,0,0,0
"MtrElec",7,7,1,"",201.24,0,0,0,0,0,0,0,0,0,0,0,0,0,0,0,0,0,0,0,0,201.24,0,0,0
"MtrElec",7,7,2,"",153.872,0,0,0,0,0,0,0,0,0,0,0,0,0,0,0,0,0,0,0,0,153.872,0,0,0
"MtrElec",7,7,3,"",149.885,0,0,0,0,0,0,0,0,0,0,0,0,0,0,0,0,0,0,0,0,149.885,0,0,0
"MtrElec",7,7,4,"",149.18,0,0,0,0,0,0,0,0,0,0,0,0,0,0,0,0,0,0,0,0,149.18,0,0,0
"MtrElec",7,7,5,"",144.637,0,0,0,0,0,0,0,0,0,0,0,0,0,0,0,0,0,0,0,0,144.637,0,0,0
"MtrElec",7,7,6,"",152.061,0,0,0,0,0,0,0,0,0,0,0,0,0,0,0,0,0,0,0,0,152.061,0,0,0
"MtrElec",7,7,7,"",255.818,0,0,0,0,0,0,0,0,0,0,0,0,0,0,0,0,0,0,0,0,281.657,0,0,-25.8392
"MtrElec",7,7,8,"",237.929,0,0,0,0,0,0,0,0,0,0,0,0,0,0,0,0,0,0,0,0,346.871,0,0,-108.943
"MtrElec",7,7,9,"",201.741,0,0,0,0,0,0,0,0,0,0,0,0,0,0,0,0,0,0,0,0,427.49,0,0,-225.749
"MtrElec",7,7,10,"",38.5518,0,0,0,0,0,0,0,0,0,0,0,0,0,0,0,0,0,0,0,0,476.403,0,0,-437.851
"MtrElec",7,7,11,"",0.0000005,0,0,0,0,0,0,0,0,0,0,0,0,0,0,0,0,0,0,0,0,547.706,0,7.00375,-554.71
"MtrElec",7,7,12,"",0.0000078,0,0,0,0,0,0,0,0,0,0,0,0,0,0,0,0,0,0,0,0,522.992,0,113.887,-636.879
"MtrElec",7,7,13,"",0.0000156,0,0,0,0,0,0,0,0,0,0,0,0,0,0,0,0,0,0,0,0,534.904,0,143.367,-678.271
"MtrElec",7,7,14,"",-36.9045,0,0,0,0,0,0,0,0,0,0,0,0,0,0,0,0,0,0,0,0,419.188,0,223.222,-679.315
"MtrElec",7,7,15,"",0.0000156,0,0,0,0,0,0,0,0,0,0,0,0,0,0,0,0,0,0,0,0,488.721,0,150.86,-639.581
"MtrElec",7,7,16,"",0.0000039,0,0,0,0,0,0,0,0,0,0,0,0,0,0,0,0,0,0,0,0,509.726,0,47.8607,-557.587
"MtrElec",7,7,17,"",61.1454,0,0,0,0,0,0,0,0,0,0,0,0,0,0,0,0,0,0,0,0,488.055,0,0,-426.91
"MtrElec",7,7,18,"",279.085,0,0,0,0,0,0,0,0,0,0,0,0,0,0,0,0,0,0,0,0,544.407,0,0,-265.322
"MtrElec",7,7,19,"",229.613,0,0,0,0,0,0,0,0,0,0,0,0,0,0,0,0,0,0,0,0,547.88,0,-223.222,-95.0451
"MtrElec",7,7,20,"",278.675,0,0,0,0,0,0,0,0,0,0,0,0,0,0,0,0,0,0,0,0,513.472,0,-223.222,-11.5753
"MtrElec",7,7,21,"",297.86,0,0,0,0,0,0,0,0,0,0,0,0,0,0,0,0,0,0,0,0,470.711,0,-172.851,0
"MtrElec",7,7,22,"",339.176,0,0,0,0,0,0,0,0,0,0,0,0,0,0,0,0,0,0,0,0,339.176,0,0,0
"MtrElec",7,7,23,"",244.867,0,0,0,0,0,0,0,0,0,0,0,0,0,0,0,0,0,0,0,0,244.867,0,0,0
"MtrElec",7,7,24,"",230.652,0,0,0,0,0,0,0,0,0,0,0,0,0,0,0,0,0,0,0,0,230.652,0,0,0
"MtrElec",7,8,1,"",154.463,0,0,0,0,0,0,0,0,0,0,0,0,0,0,0,0,0,0,0,0,154.463,0,0,0
"MtrElec",7,8,2,"",155.191,0,0,0,0,0,0,0,0,0,0,0,0,0,0,0,0,0,0,0,0,155.191,0,0,0
"MtrElec",7,8,3,"",154.275,0,0,0,0,0,0,0,0,0,0,0,0,0,0,0,0,0,0,0,0,154.275,0,0,0
"MtrElec",7,8,4,"",161.295,0,0,0,0,0,0,0,0,0,0,0,0,0,0,0,0,0,0,0,0,161.295,0,0,0
"MtrElec",7,8,5,"",153.726,0,0,0,0,0,0,0,0,0,0,0,0,0,0,0,0,0,0,0,0,153.726,0,0,0
"MtrElec",7,8,6,"",186.864,0,0,0,0,0,0,0,0,0,0,0,0,0,0,0,0,0,0,0,0,186.864,0,0,0
"MtrElec",7,8,7,"",263.934,0,0,0,0,0,0,0,0,0,0,0,0,0,0,0,0,0,0,0,0,286.181,0,0,-22.2471
"MtrElec",7,8,8,"",284.539,0,0,0,0,0,0,0,0,0,0,0,0,0,0,0,0,0,0,0,0,372.804,0,0,-88.2648
"MtrElec",7,8,9,"",287.128,0,0,0,0,0,0,0,0,0,0,0,0,0,0,0,0,0,0,0,0,462.55,0,0,-175.421
"MtrElec",7,8,10,"",89.9431,0,0,0,0,0,0,0,0,0,0,0,0,0,0,0,0,0,0,0,0,501.666,0,0,-411.723
"MtrElec",7,8,11,"",0.0000020,0,0,0,0,0,0,0,0,0,0,0,0,0,0,0,0,0,0,0,0,531.506,0,31.0464,-562.552
"MtrElec",7,8,12,"",0,0,0,0,0,0,0,0,0,0,0,0,0,0,0,0,0,0,0,0,0,558.516,0,72.7559,-631.272
"MtrElec",7,8,13,"",0.0000039,0,0,0,0,0,0,0,0,0,0,0,0,0,0,0,0,0,0,0,0,603.979,0,63.1639,-667.143
"MtrElec",7,8,14,"",0.0000156,0,0,0,0,0,0,0,0,0,0,0,0,0,0,0,0,0,0,0,0,468.279,0,211.876,-680.154
"MtrElec",7,8,15,"",0,0,0,0,0,0,0,0,0,0,0,0,0,0,0,0,0,0,0,0,0,537.965,0,97.8702,-635.835
"MtrElec",7,8,16,"",0.0000039,0,0,0,0,0,0,0,0,0,0,0,0,0,0,0,0,0,0,0,0,511.531,0,41.944,-553.475
"MtrElec",7,8,17,"",69.845,0,0,0,0,0,0,0,0,0,0,0,0,0,0,0,0,0,0,0,0,497.05,0,0,-427.205
"MtrElec",7,8,18,"",300.809,0,0,0,0,0,0,0,0,0,0,0,0,0,0,0,0,0,0,0,0,567.302,0,0,-266.493
"MtrElec",7,8,19,"",219.12,0,0,0,0,0,0,0,0,0,0,0,0,0,0,0,0,0,0,0,0,537.323,0,-223.222,-94.9808
"MtrElec",7,8,20,"",283.975,0,0,0,0,0,0,0,0,0,0,0,0,0,0,0,0,0,0,0,0,518.782,0,-223.222,-11.5843
"MtrElec",7,8,21,"",448.571,0,0,0,0,0,0,0,0,0,0,0,0,0,0,0,0,0,0,0,0,470.213,0,-21.6426,0
"MtrElec",7,8,22,"",323.975,0,0,0,0,0,0,0,0,0,0,0,0,0,0,0,0,0,0,0,0,323.975,0,0,0
"MtrElec",7,8,23,"",262.632,0,0,0,0,0,0,0,0,0,0,0,0,0,0,0,0,0,0,0,0,262.632,0,0,0
"MtrElec",7,8,24,"",249.21,0,0,0,0,0,0,0,0,0,0,0,0,0,0,0,0,0,0,0,0,249.21,0,0,0
"MtrElec",7,9,1,"",203.044,0,0,0,0,0,0,0,0,0,0,0,0,0,0,0,0,0,0,0,0,203.044,0,0,0
"MtrElec",7,9,2,"",162.514,0,0,0,0,0,0,0,0,0,0,0,0,0,0,0,0,0,0,0,0,162.514,0,0,0
"MtrElec",7,9,3,"",160.891,0,0,0,0,0,0,0,0,0,0,0,0,0,0,0,0,0,0,0,0,160.891,0,0,0
"MtrElec",7,9,4,"",176.211,0,0,0,0,0,0,0,0,0,0,0,0,0,0,0,0,0,0,0,0,176.211,0,0,0
"MtrElec",7,9,5,"",154.536,0,0,0,0,0,0,0,0,0,0,0,0,0,0,0,0,0,0,0,0,154.536,0,0,0
"MtrElec",7,9,6,"",177.434,0,0,0,0,0,0,0,0,0,0,0,0,0,0,0,0,0,0,0,0,177.434,0,0,0
"MtrElec",7,9,7,"",279.839,0,0,0,0,0,0,0,0,0,0,0,0,0,0,0,0,0,0,0,0,298.388,0,0,-18.5487
"MtrElec",7,9,8,"",251.286,0,0,0,0,0,0,0,0,0,0,0,0,0,0,0,0,0,0,0,0,327.239,0,0,-75.9535
"MtrElec",7,9,9,"",225.596,0,0,0,0,0,0,0,0,0,0,0,0,0,0,0,0,0,0,0,0,386.169,0,0,-160.573
"MtrElec",7,9,10,"",87.2785,0,0,0,0,0,0,0,0,0,0,0,0,0,0,0,0,0,0,0,0,493.498,0,0,-406.219
"MtrElec",7,9,11,"",0,0,0,0,0,0,0,0,0,0,0,0,0,0,0,0,0,0,0,0,0,502.994,0,46.3176,-549.311
"MtrElec",7,9,12,"",0,0,0,0,0,0,0,0,0,0,0,0,0,0,0,0,0,0,0,0,0,518.935,0,96.8715,-615.807
"MtrElec",7,9,13,"",0,0,0,0,0,0,0,0,0,0,0,0,0,0,0,0,0,0,0,0,0,514.701,0,152.149,-666.849
"MtrElec",7,9,14,"",0,0,0,0,0,0,0,0,0,0,0,0,0,0,0,0,0,0,0,0,0,451.743,0,217.31,-669.054
"MtrElec",7,9,15,"",0.0000078,0,0,0,0,0,0,0,0,0,0,0,0,0,0,0,0,0,0,0,0,498.592,0,123.191,-621.783
"MtrElec",7,9,16,"",0,0,0,0,0,0,0,0,0,0,0,0,0,0,0,0,0,0,0,0,0,504.239,0,28.2713,-532.511
"MtrElec",7,9,17,"",104.057,0,0,0,0,0,0,0,0,0,0,0,0,0,0,0,0,0,0,0,0,514.752,0,0,-410.695
"MtrElec",7,9,18,"",292.852,0,0,0,0,0,0,0,0,0,0,0,0,0,0,0,0,0,0,0,0,548.648,0,0,-255.796
"MtrElec",7,9,19,"",219.377,0,0,0,0,0,0,0,0,0,0,0,0,0,0,0,0,0,0,0,0,542.503,0,-223.222,-99.9038
"MtrElec",7,9,20,"",269.204,0,0,0,0,0,0,0,0,0,0,0,0,0,0,0,0,0,0,0,0,512.094,0,-223.222,-19.6681
"MtrElec",7,9,21,"",314.19,0,0,0,0,0,0,0,0,0,0,0,0,0,0,0,0,0,0,0,0,467.105,0,-152.915,0
"MtrElec",7,9,22,"",271.303,0,0,0,0,0,0,0,0,0,0,0,0,0,0,0,0,0,0,0,0,271.303,0,0,0
"MtrElec",7,9,23,"",237.934,0,0,0,0,0,0,0,0,0,0,0,0,0,0,0,0,0,0,0,0,237.934,0,0,0
"MtrElec",7,9,24,"",234.22,0,0,0,0,0,0,0,0,0,0,0,0,0,0,0,0,0,0,0,0,234.22,0,0,0
"MtrElec",7,10,1,"",168.248,0,0,0,0,0,0,0,0,0,0,0,0,0,0,0,0,0,0,0,0,168.248,0,0,0
"MtrElec",7,10,2,"",155.495,0,0,0,0,0,0,0,0,0,0,0,0,0,0,0,0,0,0,0,0,155.495,0,0,0
"MtrElec",7,10,3,"",152.045,0,0,0,0,0,0,0,0,0,0,0,0,0,0,0,0,0,0,0,0,152.045,0,0,0
"MtrElec",7,10,4,"",161.1,0,0,0,0,0,0,0,0,0,0,0,0,0,0,0,0,0,0,0,0,161.1,0,0,0
"MtrElec",7,10,5,"",190.487,0,0,0,0,0,0,0,0,0,0,0,0,0,0,0,0,0,0,0,0,190.487,0,0,0
"MtrElec",7,10,6,"",158.222,0,0,0,0,0,0,0,0,0,0,0,0,0,0,0,0,0,0,0,0,158.222,0,0,0
"MtrElec",7,10,7,"",280.189,0,0,0,0,0,0,0,0,0,0,0,0,0,0,0,0,0,0,0,0,296.82,0,0,-16.6314
"MtrElec",7,10,8,"",311.279,0,0,0,0,0,0,0,0,0,0,0,0,0,0,0,0,0,0,0,0,385.869,0,0,-74.5895
"MtrElec",7,10,9,"",262.635,0,0,0,0,0,0,0,0,0,0,0,0,0,0,0,0,0,0,0,0,385.749,0,0,-123.114
"MtrElec",7,10,10,"",317.515,0,0,0,0,0,0,0,0,0,0,0,0,0,0,0,0,0,0,0,0,453.695,0,0,-136.18
"MtrElec",7,10,11,"",103.54,0,0,0,0,0,0,0,0,0,0,0,0,0,0,0,0,0,0,0,0,521.259,0,0,-417.719
"MtrElec",7,10,12,"",11.2727,0,0,0,0,0,0,0,0,0,0,0,0,0,0,0,0,0,0,0,0,506.433,0,0,-495.161
"MtrElec",7,10,13,"",49.7208,0,0,0,0,0,0,0,0,0,0,0,0,0,0,0,0,0,0,0,0,527.585,0,0,-477.864
"MtrElec",7,10,14,"",92.1744,0,0,0,0,0,0,0,0,0,0,0,0,0,0,0,0,0,0,0,0,454.569,0,0,-362.394
"MtrElec",7,10,15,"",131.622,0,0,0,0,0,0,0,0,0,0,0,0,0,0,0,0,0,0,0,0,466.382,0,0,-334.76
"MtrElec",7,10,16,"",1.72803,0,0,0,0,0,0,0,0,0,0,0,0,0,0,0,0,0,0,0,0,494.17,0,0,-492.442
"MtrElec",7,10,17,"",131.769,0,0,0,0,0,0,0,0,0,0,0,0,0,0,0,0,0,0,0,0,520.45,0,0,-388.681
"MtrElec",7,10,18,"",293.608,0,0,0,0,0,0,0,0,0,0,0,0,0,0,0,0,0,0,0,0,527.722,0,0,-234.113
"MtrElec",7,10,19,"",388.633,0,0,0,0,0,0,0,0,0,0,0,0,0,0,0,0,0,0,0,0,485.926,0,0,-97.2934
"MtrElec",7,10,20,"",445.124,0,0,0,0,0,0,0,0,0,0,0,0,0,0,0,0,0,0,0,0,464.856,0,0,-19.7322
"MtrElec",7,10,21,"",452.665,0,0,0,0,0,0,0,0,0,0,0,0,0,0,0,0,0,0,0,0,452.665,0,0,0
"MtrElec",7,10,22,"",309.698,0,0,0,0,0,0,0,0,0,0,0,0,0,0,0,0,0,0,0,0,309.698,0,0,0
"MtrElec",7,10,23,"",277.611,0,0,0,0,0,0,0,0,0,0,0,0,0,0,0,0,0,0,0,0,277.611,0,0,0
"MtrElec",7,10,24,"",197.359,0,0,0,0,0,0,0,0,0,0,0,0,0,0,0,0,0,0,0,0,197.359,0,0,0
"MtrElec",7,11,1,"",172.549,0,0,0,0,0,0,0,0,0,0,0,0,0,0,0,0,0,0,0,0,172.549,0,0,0
"MtrElec",7,11,2,"",154.991,0,0,0,0,0,0,0,0,0,0,0,0,0,0,0,0,0,0,0,0,154.991,0,0,0
"MtrElec",7,11,3,"",153.595,0,0,0,0,0,0,0,0,0,0,0,0,0,0,0,0,0,0,0,0,153.595,0,0,0
"MtrElec",7,11,4,"",187.908,0,0,0,0,0,0,0,0,0,0,0,0,0,0,0,0,0,0,0,0,187.908,0,0,0
"MtrElec",7,11,5,"",150.857,0,0,0,0,0,0,0,0,0,0,0,0,0,0,0,0,0,0,0,0,150.857,0,0,0
"MtrElec",7,11,6,"",155.599,0,0,0,0,0,0,0,0,0,0,0,0,0,0,0,0,0,0,0,0,155.599,0,0,0
"MtrElec",7,11,7,"",206.32,0,0,0,0,0,0,0,0,0,0,0,0,0,0,0,0,0,0,0,0,216.278,0,0,-9.95759
"MtrElec",7,11,8,"",225.24,0,0,0,0,0,0,0,0,0,0,0,0,0,0,0,0,0,0,0,0,276.518,0,0,-51.2776
"MtrElec",7,11,9,"",215.734,0,0,0,0,0,0,0,0,0,0,0,0,0,0,0,0,0,0,0,0,316.117,0,0,-100.383
"MtrElec",7,11,10,"",260.22,0,0,0,0,0,0,0,0,0,0,0,0,0,0,0,0,0,0,0,0,456.677,0,0,-196.458
"MtrElec",7,11,11,"",50.9311,0,0,0,0,0,0,0,0,0,0,0,0,0,0,0,0,0,0,0,0,464.723,0,0,-413.792
"MtrElec",7,11,12,"",0,0,0,0,0,0,0,0,0,0,0,0,0,0,0,0,0,0,0,0,0,531.721,0,113.758,-645.478
"MtrElec",7,11,13,"",0,0,0,0,0,0,0,0,0,0,0,0,0,0,0,0,0,0,0,0,0,497.954,0,200.365,-698.319
"MtrElec",7,11,14,"",0,0,0,0,0,0,0,0,0,0,0,0,0,0,0,0,0,0,0,0,0,492.928,0,202.986,-695.914
"MtrElec",7,11,15,"",0,0,0,0,0,0,0,0,0,0,0,0,0,0,0,0,0,0,0,0,0,516.772,0,134.019,-650.791
"MtrElec",7,11,16,"",0,0,0,0,0,0,0,0,0,0,0,0,0,0,0,0,0,0,0,0,0,472.018,0,93.8169,-565.835
"MtrElec",7,11,17,"",64.0155,0,0,0,0,0,0,0,0,0,0,0,0,0,0,0,0,0,0,0,0,502.141,0,0,-438.125
"MtrElec",7,11,18,"",280.003,0,0,0,0,0,0,0,0,0,0,0,0,0,0,0,0,0,0,0,0,554.729,0,0,-274.725
"MtrElec",7,11,19,"",197.916,0,0,0,0,0,0,0,0,0,0,0,0,0,0,0,0,0,0,0,0,517.755,0,-223.222,-96.6162
"MtrElec",7,11,20,"",204.172,0,0,0,0,0,0,0,0,0,0,0,0,0,0,0,0,0,0,0,0,436.607,0,-223.222,-9.21298
"MtrElec",7,11,21,"",150.281,0,0,0,0,0,0,0,0,0,0,0,0,0,0,0,0,0,0,0,0,373.503,0,-223.222,0
"MtrElec",7,11,22,"",343.113,0,0,0,0,0,0,0,0,0,0,0,0,0,0,0,0,0,0,0,0,345.759,0,-2.64591,0
"MtrElec",7,11,23,"",245.885,0,0,0,0,0,0,0,0,0,0,0,0,0,0,0,0,0,0,0,0,245.885,0,0,0
"MtrElec",7,11,24,"",214.721,0,0,0,0,0,0,0,0,0,0,0,0,0,0,0,0,0,0,0,0,214.721,0,0,0
"MtrElec",7,12,1,"",163.664,0,0,0,0,0,0,0,0,0,0,0,0,0,0,0,0,0,0,0,0,163.664,0,0,0
"MtrElec",7,12,2,"",152.292,0,0,0,0,0,0,0,0,0,0,0,0,0,0,0,0,0,0,0,0,152.292,0,0,0
"MtrElec",7,12,3,"",152.179,0,0,0,0,0,0,0,0,0,0,0,0,0,0,0,0,0,0,0,0,152.179,0,0,0
"MtrElec",7,12,4,"",153.128,0,0,0,0,0,0,0,0,0,0,0,0,0,0,0,0,0,0,0,0,153.128,0,0,0
"MtrElec",7,12,5,"",176.854,0,0,0,0,0,0,0,0,0,0,0,0,0,0,0,0,0,0,0,0,176.854,0,0,0
"MtrElec",7,12,6,"",189.317,0,0,0,0,0,0,0,0,0,0,0,0,0,0,0,0,0,0,0,0,189.317,0,0,0
"MtrElec",7,12,7,"",140.424,0,0,0,0,0,0,0,0,0,0,0,0,0,0,0,0,0,0,0,0,156.191,0,0,-15.7667
"MtrElec",7,12,8,"",106.945,0,0,0,0,0,0,0,0,0,0,0,0,0,0,0,0,0,0,0,0,223.795,0,0,-116.85
"MtrElec",7,12,9,"",22.9959,0,0,0,0,0,0,0,0,0,0,0,0,0,0,0,0,0,0,0,0,315.642,0,0,-292.646
"MtrElec",7,12,10,"",-19.2361,0,0,0,0,0,0,0,0,0,0,0,0,0,0,0,0,0,0,0,0,436.048,0,0,-455.284
"MtrElec",7,12,11,"",0,0,0,0,0,0,0,0,0,0,0,0,0,0,0,0,0,0,0,0,0,511.067,0,61.6113,-572.678
"MtrElec",7,12,12,"",0,0,0,0,0,0,0,0,0,0,0,0,0,0,0,0,0,0,0,0,0,493.546,0,150.486,-644.032
"MtrElec",7,12,13,"",-24.7321,0,0,0,0,0,0,0,0,0,0,0,0,0,0,0,0,0,0,0,0,446.09,0,223.222,-694.044
"MtrElec",7,12,14,"",-25.1055,0,0,0,0,0,0,0,0,0,0,0,0,0,0,0,0,0,0,0,0,441.742,0,223.222,-690.07
"MtrElec",7,12,15,"",-45.9515,0,0,0,0,0,0,0,0,0,0,0,0,0,0,0,0,0,0,0,0,465.351,0,140.42,-651.722
"MtrElec",7,12,16,"",-92.5909,0,0,0,0,0,0,0,0,0,0,0,0,0,0,0,0,0,0,0,0,474.468,0,0,-567.059
"MtrElec",7,12,17,"",36.5492,0,0,0,0,0,0,0,0,0,0,0,0,0,0,0,0,0,0,0,0,474.305,0,0,-437.755
"MtrElec",7,12,18,"",208.224,0,0,0,0,0,0,0,0,0,0,0,0,0,0,0,0,0,0,0,0,483.527,0,0,-275.303
"MtrElec",7,12,19,"",155.602,0,0,0,0,0,0,0,0,0,0,0,0,0,0,0,0,0,0,0,0,474.762,0,-223.222,-95.9378
"MtrElec",7,12,20,"",162.048,0,0,0,0,0,0,0,0,0,0,0,0,0,0,0,0,0,0,0,0,393.839,0,-223.222,-8.56932
"MtrElec",7,12,21,"",108.723,0,0,0,0,0,0,0,0,0,0,0,0,0,0,0,0,0,0,0,0,331.946,0,-223.222,0
"MtrElec",7,12,22,"",242.122,0,0,0,0,0,0,0,0,0,0,0,0,0,0,0,0,0,0,0,0,293.518,0,-51.3963,0
"MtrElec",7,12,23,"",250.642,0,0,0,0,0,0,0,0,0,0,0,0,0,0,0,0,0,0,0,0,250.642,0,0,0
"MtrElec",7,12,24,"",203.087,0,0,0,0,0,0,0,0,0,0,0,0,0,0,0,0,0,0,0,0,203.087,0,0,0
"MtrElec",7,13,1,"",165.359,0,0,0,0,0,0,0,0,0,0,0,0,0,0,0,0,0,0,0,0,165.359,0,0,0
"MtrElec",7,13,2,"",154.685,0,0,0,0,0,0,0,0,0,0,0,0,0,0,0,0,0,0,0,0,154.685,0,0,0
"MtrElec",7,13,3,"",184.312,0,0,0,0,0,0,0,0,0,0,0,0,0,0,0,0,0,0,0,0,184.312,0,0,0
"MtrElec",7,13,4,"",155.608,0,0,0,0,0,0,0,0,0,0,0,0,0,0,0,0,0,0,0,0,155.608,0,0,0
"MtrElec",7,13,5,"",143.562,0,0,0,0,0,0,0,0,0,0,0,0,0,0,0,0,0,0,0,0,143.562,0,0,0
"MtrElec",7,13,6,"",151.452,0,0,0,0,0,0,0,0,0,0,0,0,0,0,0,0,0,0,0,0,151.452,0,0,0
"MtrElec",7,13,7,"",257.487,0,0,0,0,0,0,0,0,0,0,0,0,0,0,0,0,0,0,0,0,271.658,0,0,-14.1709
"MtrElec",7,13,8,"",287.986,0,0,0,0,0,0,0,0,0,0,0,0,0,0,0,0,0,0,0,0,402.479,0,0,-114.493
"MtrElec",7,13,9,"",192.439,0,0,0,0,0,0,0,0,0,0,0,0,0,0,0,0,0,0,0,0,480.508,0,0,-288.069
"MtrElec",7,13,10,"",101.775,0,0,0,0,0,0,0,0,0,0,0,0,0,0,0,0,0,0,0,0,537.893,0,0,-436.119
"MtrElec",7,13,11,"",18.2953,0,0,0,0,0,0,0,0,0,0,0,0,0,0,0,0,0,0,0,0,563.293,0,0,-544.998
"MtrElec",7,13,12,"",0,0,0,0,0,0,0,0,0,0,0,0,0,0,0,0,0,0,0,0,0,570.482,0,59.8404,-630.323
"MtrElec",7,13,13,"",0,0,0,0,0,0,0,0,0,0,0,0,0,0,0,0,0,0,0,0,0,590.031,0,85.3111,-675.342
"MtrElec",7,13,14,"",0,0,0,0,0,0,0,0,0,0,0,0,0,0,0,0,0,0,0,0,0,488.192,0,180.267,-668.459
"MtrElec",7,13,15,"",0,0,0,0,0,0,0,0,0,0,0,0,0,0,0,0,0,0,0,0,0,540.169,0,82.1568,-622.326
"MtrElec",7,13,16,"",0.0000039,0,0,0,0,0,0,0,0,0,0,0,0,0,0,0,0,0,0,0,0,501.144,0,42.694,-543.838
"MtrElec",7,13,17,"",151.466,0,0,0,0,0,0,0,0,0,0,0,0,0,0,0,0,0,0,0,0,574.007,0,0,-422.541
"MtrElec",7,13,18,"",279.396,0,0,0,0,0,0,0,0,0,0,0,0,0,0,0,0,0,0,0,0,542.482,0,0,-263.087
"MtrElec",7,13,19,"",221.939,0,0,0,0,0,0,0,0,0,0,0,0,0,0,0,0,0,0,0,0,537.658,0,-223.222,-92.4963
"MtrElec",7,13,20,"",335.678,0,0,0,0,0,0,0,0,0,0,0,0,0,0,0,0,0,0,0,0,529.059,0,-183.146,-10.2355
"MtrElec",7,13,21,"",492.068,0,0,0,0,0,0,0,0,0,0,0,0,0,0,0,0,0,0,0,0,492.068,0,0,0
"MtrElec",7,13,22,"",340.625,0,0,0,0,0,0,0,0,0,0,0,0,0,0,0,0,0,0,0,0,340.625,0,0,0
"MtrElec",7,13,23,"",309.292,0,0,0,0,0,0,0,0,0,0,0,0,0,0,0,0,0,0,0,0,309.292,0,0,0
"MtrElec",7,13,24,"",236.855,0,0,0,0,0,0,0,0,0,0,0,0,0,0,0,0,0,0,0,0,236.855,0,0,0
"MtrElec",7,14,1,"",205.242,0,0,0,0,0,0,0,0,0,0,0,0,0,0,0,0,0,0,0,0,205.242,0,0,0
"MtrElec",7,14,2,"",158.596,0,0,0,0,0,0,0,0,0,0,0,0,0,0,0,0,0,0,0,0,158.596,0,0,0
"MtrElec",7,14,3,"",191.353,0,0,0,0,0,0,0,0,0,0,0,0,0,0,0,0,0,0,0,0,191.353,0,0,0
"MtrElec",7,14,4,"",158.857,0,0,0,0,0,0,0,0,0,0,0,0,0,0,0,0,0,0,0,0,158.857,0,0,0
"MtrElec",7,14,5,"",149.036,0,0,0,0,0,0,0,0,0,0,0,0,0,0,0,0,0,0,0,0,149.036,0,0,0
"MtrElec",7,14,6,"",158.388,0,0,0,0,0,0,0,0,0,0,0,0,0,0,0,0,0,0,0,0,158.388,0,0,0
"MtrElec",7,14,7,"",275.677,0,0,0,0,0,0,0,0,0,0,0,0,0,0,0,0,0,0,0,0,298.711,0,0,-23.0338
"MtrElec",7,14,8,"",278.326,0,0,0,0,0,0,0,0,0,0,0,0,0,0,0,0,0,0,0,0,391.789,0,0,-113.463
"MtrElec",7,14,9,"",201.253,0,0,0,0,0,0,0,0,0,0,0,0,0,0,0,0,0,0,0,0,433.226,0,0,-231.972
"MtrElec",7,14,10,"",163.74,0,0,0,0,0,0,0,0,0,0,0,0,0,0,0,0,0,0,0,0,519.829,0,0,-356.089
"MtrElec",7,14,11,"",77.8652,0,0,0,0,0,0,0,0,0,0,0,0,0,0,0,0,0,0,0,0,567.115,0,0,-489.25
"MtrElec",7,14,12,"",12.4431,0,0,0,0,0,0,0,0,0,0,0,0,0,0,0,0,0,0,0,0,549.559,0,0,-537.116
"MtrElec",7,14,13,"",0,0,0,0,0,0,0,0,0,0,0,0,0,0,0,0,0,0,0,0,0,538.35,0,70.1746,-608.525
"MtrElec",7,14,14,"",0.0000156,0,0,0,0,0,0,0,0,0,0,0,0,0,0,0,0,0,0,0,0,521.529,0,133.281,-654.809
"MtrElec",7,14,15,"",0,0,0,0,0,0,0,0,0,0,0,0,0,0,0,0,0,0,0,0,0,570.38,0,42.0049,-612.385
"MtrElec",7,14,16,"",35.7058,0,0,0,0,0,0,0,0,0,0,0,0,0,0,0,0,0,0,0,0,564.692,0,0,-528.986
"MtrElec",7,14,17,"",153.694,0,0,0,0,0,0,0,0,0,0,0,0,0,0,0,0,0,0,0,0,565.18,0,0,-411.486
"MtrElec",7,14,18,"",317.061,0,0,0,0,0,0,0,0,0,0,0,0,0,0,0,0,0,0,0,0,571.974,0,0,-254.913
"MtrElec",7,14,19,"",218.945,0,0,0,0,0,0,0,0,0,0,0,0,0,0,0,0,0,0,0,0,522.426,0,-221.528,-81.9528
"MtrElec",7,14,20,"",500.611,0,0,0,0,0,0,0,0,0,0,0,0,0,0,0,0,0,0,0,0,510.961,0,0,-10.3504
"MtrElec",7,14,21,"",487.69,0,0,0,0,0,0,0,0,0,0,0,0,0,0,0,0,0,0,0,0,487.69,0,0,0
"MtrElec",7,14,22,"",324.31,0,0,0,0,0,0,0,0,0,0,0,0,0,0,0,0,0,0,0,0,324.31,0,0,0
"MtrElec",7,14,23,"",263.93,0,0,0,0,0,0,0,0,0,0,0,0,0,0,0,0,0,0,0,0,263.93,0,0,0
"MtrElec",7,14,24,"",265.659,0,0,0,0,0,0,0,0,0,0,0,0,0,0,0,0,0,0,0,0,265.659,0,0,0
"MtrElec",7,15,1,"",175.595,0,0,0,0,0,0,0,0,0,0,0,0,0,0,0,0,0,0,0,0,175.595,0,0,0
"MtrElec",7,15,2,"",161.452,0,0,0,0,0,0,0,0,0,0,0,0,0,0,0,0,0,0,0,0,161.452,0,0,0
"MtrElec",7,15,3,"",155.4,0,0,0,0,0,0,0,0,0,0,0,0,0,0,0,0,0,0,0,0,155.4,0,0,0
"MtrElec",7,15,4,"",151.848,0,0,0,0,0,0,0,0,0,0,0,0,0,0,0,0,0,0,0,0,151.848,0,0,0
"MtrElec",7,15,5,"",145.915,0,0,0,0,0,0,0,0,0,0,0,0,0,0,0,0,0,0,0,0,145.915,0,0,0
"MtrElec",7,15,6,"",202.406,0,0,0,0,0,0,0,0,0,0,0,0,0,0,0,0,0,0,0,0,202.406,0,0,0
"MtrElec",7,15,7,"",299.312,0,0,0,0,0,0,0,0,0,0,0,0,0,0,0,0,0,0,0,0,317.201,0,0,-17.8886
"MtrElec",7,15,8,"",308.574,0,0,0,0,0,0,0,0,0,0,0,0,0,0,0,0,0,0,0,0,418.038,0,0,-109.464
"MtrElec",7,15,9,"",261.777,0,0,0,0,0,0,0,0,0,0,0,0,0,0,0,0,0,0,0,0,532.164,0,0,-270.388
"MtrElec",7,15,10,"",112.594,0,0,0,0,0,0,0,0,0,0,0,0,0,0,0,0,0,0,0,0,529.069,0,0,-416.475
"MtrElec",7,15,11,"",9.19913,0,0,0,0,0,0,0,0,0,0,0,0,0,0,0,0,0,0,0,0,545.195,0,0,-535.996
"MtrElec",7,15,12,"",0,0,0,0,0,0,0,0,0,0,0,0,0,0,0,0,0,0,0,0,0,549.095,0,60.0879,-609.183
"MtrElec",7,15,13,"",0,0,0,0,0,0,0,0,0,0,0,0,0,0,0,0,0,0,0,0,0,554.401,0,93.0703,-647.471
"MtrElec",7,15,14,"",0,0,0,0,0,0,0,0,0,0,0,0,0,0,0,0,0,0,0,0,0,513.664,0,142.358,-656.021
"MtrElec",7,15,15,"",0,0,0,0,0,0,0,0,0,0,0,0,0,0,0,0,0,0,0,0,0,512.319,0,90.597,-602.916
"MtrElec",7,15,16,"",0.0000010,0,0,0,0,0,0,0,0,0,0,0,0,0,0,0,0,0,0,0,0,501.779,0,15.9337,-517.713
"MtrElec",7,15,17,"",157.338,0,0,0,0,0,0,0,0,0,0,0,0,0,0,0,0,0,0,0,0,562.689,0,0,-405.351
"MtrElec",7,15,18,"",323.764,0,0,0,0,0,0,0,0,0,0,0,0,0,0,0,0,0,0,0,0,577.092,0,0,-253.328
"MtrElec",7,15,19,"",224.44,0,0,0,0,0,0,0,0,0,0,0,0,0,0,0,0,0,0,0,0,540.684,0,-223.222,-93.0219
"MtrElec",7,15,20,"",383.942,0,0,0,0,0,0,0,0,0,0,0,0,0,0,0,0,0,0,0,0,536.423,0,-139.625,-12.8564
"MtrElec",7,15,21,"",554.254,0,0,0,0,0,0,0,0,0,0,0,0,0,0,0,0,0,0,0,0,554.254,0,0,0
"MtrElec",7,15,22,"",362.342,0,0,0,0,0,0,0,0,0,0,0,0,0,0,0,0,0,0,0,0,362.342,0,0,0
"MtrElec",7,15,23,"",247.883,0,0,0,0,0,0,0,0,0,0,0,0,0,0,0,0,0,0,0,0,247.883,0,0,0
"MtrElec",7,15,24,"",245.535,0,0,0,0,0,0,0,0,0,0,0,0,0,0,0,0,0,0,0,0,245.535,0,0,0
"MtrElec",7,16,1,"",164.19,0,0,0,0,0,0,0,0,0,0,0,0,0,0,0,0,0,0,0,0,164.19,0,0,0
"MtrElec",7,16,2,"",153.722,0,0,0,0,0,0,0,0,0,0,0,0,0,0,0,0,0,0,0,0,153.722,0,0,0
"MtrElec",7,16,3,"",148.378,0,0,0,0,0,0,0,0,0,0,0,0,0,0,0,0,0,0,0,0,148.378,0,0,0
"MtrElec",7,16,4,"",164.826,0,0,0,0,0,0,0,0,0,0,0,0,0,0,0,0,0,0,0,0,164.826,0,0,0
"MtrElec",7,16,5,"",183.105,0,0,0,0,0,0,0,0,0,0,0,0,0,0,0,0,0,0,0,0,183.105,0,0,0
"MtrElec",7,16,6,"",156.5,0,0,0,0,0,0,0,0,0,0,0,0,0,0,0,0,0,0,0,0,156.5,0,0,0
"MtrElec",7,16,7,"",295.5,0,0,0,0,0,0,0,0,0,0,0,0,0,0,0,0,0,0,0,0,305.428,0,0,-9.92777
"MtrElec",7,16,8,"",334.491,0,0,0,0,0,0,0,0,0,0,0,0,0,0,0,0,0,0,0,0,386.268,0,0,-51.7772
"MtrElec",7,16,9,"",361.414,0,0,0,0,0,0,0,0,0,0,0,0,0,0,0,0,0,0,0,0,474.472,0,0,-113.058
"MtrElec",7,16,10,"",206.102,0,0,0,0,0,0,0,0,0,0,0,0,0,0,0,0,0,0,0,0,523.119,0,0,-317.017
"MtrElec",7,16,11,"",0.0000020,0,0,0,0,0,0,0,0,0,0,0,0,0,0,0,0,0,0,0,0,512.892,0,30.1125,-543.005
"MtrElec",7,16,12,"",0.0000078,0,0,0,0,0,0,0,0,0,0,0,0,0,0,0,0,0,0,0,0,503.98,0,118.3,-622.28
"MtrElec",7,16,13,"",0,0,0,0,0,0,0,0,0,0,0,0,0,0,0,0,0,0,0,0,0,549.941,0,120.6,-670.541
"MtrElec",7,16,14,"",0.0000156,0,0,0,0,0,0,0,0,0,0,0,0,0,0,0,0,0,0,0,0,492.505,0,180.445,-672.95
"MtrElec",7,16,15,"",0,0,0,0,0,0,0,0,0,0,0,0,0,0,0,0,0,0,0,0,0,476.345,0,152.377,-628.722
"MtrElec",7,16,16,"",0.0000039,0,0,0,0,0,0,0,0,0,0,0,0,0,0,0,0,0,0,0,0,495.907,0,48.5059,-544.413
"MtrElec",7,16,17,"",115.288,0,0,0,0,0,0,0,0,0,0,0,0,0,0,0,0,0,0,0,0,539.18,0,0,-423.892
"MtrElec",7,16,18,"",293.471,0,0,0,0,0,0,0,0,0,0,0,0,0,0,0,0,0,0,0,0,559.471,0,0,-266.001
"MtrElec",7,16,19,"",236.413,0,0,0,0,0,0,0,0,0,0,0,0,0,0,0,0,0,0,0,0,553.876,0,-223.222,-94.2404
"MtrElec",7,16,20,"",272.535,0,0,0,0,0,0,0,0,0,0,0,0,0,0,0,0,0,0,0,0,506.269,0,-223.222,-10.5116
"MtrElec",7,16,21,"",342.02,0,0,0,0,0,0,0,0,0,0,0,0,0,0,0,0,0,0,0,0,482.507,0,-140.488,0
"MtrElec",7,16,22,"",315.478,0,0,0,0,0,0,0,0,0,0,0,0,0,0,0,0,0,0,0,0,315.478,0,0,0
"MtrElec",7,16,23,"",260.675,0,0,0,0,0,0,0,0,0,0,0,0,0,0,0,0,0,0,0,0,260.675,0,0,0
"MtrElec",7,16,24,"",202.327,0,0,0,0,0,0,0,0,0,0,0,0,0,0,0,0,0,0,0,0,202.327,0,0,0
"MtrElec",7,17,1,"",161.992,0,0,0,0,0,0,0,0,0,0,0,0,0,0,0,0,0,0,0,0,161.992,0,0,0
"MtrElec",7,17,2,"",156.406,0,0,0,0,0,0,0,0,0,0,0,0,0,0,0,0,0,0,0,0,156.406,0,0,0
"MtrElec",7,17,3,"",147.725,0,0,0,0,0,0,0,0,0,0,0,0,0,0,0,0,0,0,0,0,147.725,0,0,0
"MtrElec",7,17,4,"",148.621,0,0,0,0,0,0,0,0,0,0,0,0,0,0,0,0,0,0,0,0,148.621,0,0,0
"MtrElec",7,17,5,"",146.842,0,0,0,0,0,0,0,0,0,0,0,0,0,0,0,0,0,0,0,0,146.842,0,0,0
"MtrElec",7,17,6,"",187.156,0,0,0,0,0,0,0,0,0,0,0,0,0,0,0,0,0,0,0,0,187.156,0,0,0
"MtrElec",7,17,7,"",236.942,0,0,0,0,0,0,0,0,0,0,0,0,0,0,0,0,0,0,0,0,256.856,0,0,-19.9145
"MtrElec",7,17,8,"",220.254,0,0,0,0,0,0,0,0,0,0,0,0,0,0,0,0,0,0,0,0,312.229,0,0,-91.9752
"MtrElec",7,17,9,"",206.151,0,0,0,0,0,0,0,0,0,0,0,0,0,0,0,0,0,0,0,0,398.818,0,0,-192.666
"MtrElec",7,17,10,"",61.4114,0,0,0,0,0,0,0,0,0,0,0,0,0,0,0,0,0,0,0,0,439.798,0,0,-378.386
"MtrElec",7,17,11,"",0.0000078,0,0,0,0,0,0,0,0,0,0,0,0,0,0,0,0,0,0,0,0,433.799,0,126.121,-559.92
"MtrElec",7,17,12,"",0,0,0,0,0,0,0,0,0,0,0,0,0,0,0,0,0,0,0,0,0,468.954,0,146.277,-615.232
"MtrElec",7,17,13,"",0,0,0,0,0,0,0,0,0,0,0,0,0,0,0,0,0,0,0,0,0,520.693,0,145.236,-665.928
"MtrElec",7,17,14,"",-13.349,0,0,0,0,0,0,0,0,0,0,0,0,0,0,0,0,0,0,0,0,437.58,0,223.222,-674.151
"MtrElec",7,17,15,"",0,0,0,0,0,0,0,0,0,0,0,0,0,0,0,0,0,0,0,0,0,496.719,0,136.725,-633.443
"MtrElec",7,17,16,"",-70.5315,0,0,0,0,0,0,0,0,0,0,0,0,0,0,0,0,0,0,0,0,454.132,0,21.3814,-546.045
"MtrElec",7,17,17,"",100.35,0,0,0,0,0,0,0,0,0,0,0,0,0,0,0,0,0,0,0,0,525.238,0,0,-424.887
"MtrElec",7,17,18,"",249.648,0,0,0,0,0,0,0,0,0,0,0,0,0,0,0,0,0,0,0,0,514.035,0,0,-264.387
"MtrElec",7,17,19,"",226.433,0,0,0,0,0,0,0,0,0,0,0,0,0,0,0,0,0,0,0,0,542.588,0,-223.222,-92.9324
"MtrElec",7,17,20,"",309.968,0,0,0,0,0,0,0,0,0,0,0,0,0,0,0,0,0,0,0,0,543.684,0,-223.222,-10.4935
"MtrElec",7,17,21,"",236.267,0,0,0,0,0,0,0,0,0,0,0,0,0,0,0,0,0,0,0,0,459.489,0,-223.222,0
"MtrElec",7,17,22,"",255.424,0,0,0,0,0,0,0,0,0,0,0,0,0,0,0,0,0,0,0,0,306.82,0,-51.3963,0
"MtrElec",7,17,23,"",268.047,0,0,0,0,0,0,0,0,0,0,0,0,0,0,0,0,0,0,0,0,268.047,0,0,0
"MtrElec",7,17,24,"",222.999,0,0,0,0,0,0,0,0,0,0,0,0,0,0,0,0,0,0,0,0,222.999,0,0,0
"MtrElec",7,18,1,"",178.894,0,0,0,0,0,0,0,0,0,0,0,0,0,0,0,0,0,0,0,0,178.894,0,0,0
"MtrElec",7,18,2,"",168.461,0,0,0,0,0,0,0,0,0,0,0,0,0,0,0,0,0,0,0,0,168.461,0,0,0
"MtrElec",7,18,3,"",172.068,0,0,0,0,0,0,0,0,0,0,0,0,0,0,0,0,0,0,0,0,172.068,0,0,0
"MtrElec",7,18,4,"",151.031,0,0,0,0,0,0,0,0,0,0,0,0,0,0,0,0,0,0,0,0,151.031,0,0,0
"MtrElec",7,18,5,"",153.461,0,0,0,0,0,0,0,0,0,0,0,0,0,0,0,0,0,0,0,0,153.461,0,0,0
"MtrElec",7,18,6,"",147.672,0,0,0,0,0,0,0,0,0,0,0,0,0,0,0,0,0,0,0,0,147.672,0,0,0
"MtrElec",7,18,7,"",232.527,0,0,0,0,0,0,0,0,0,0,0,0,0,0,0,0,0,0,0,0,246.65,0,0,-14.1233
"MtrElec",7,18,8,"",197.508,0,0,0,0,0,0,0,0,0,0,0,0,0,0,0,0,0,0,0,0,307.843,0,0,-110.336
"MtrElec",7,18,9,"",83.5604,0,0,0,0,0,0,0,0,0,0,0,0,0,0,0,0,0,0,0,0,368.504,0,0,-284.944
"MtrElec",7,18,10,"",57.6847,0,0,0,0,0,0,0,0,0,0,0,0,0,0,0,0,0,0,0,0,494.648,0,0,-436.963
"MtrElec",7,18,11,"",9.54656,0,0,0,0,0,0,0,0,0,0,0,0,0,0,0,0,0,0,0,0,560.328,0,0,-550.781
"MtrElec",7,18,12,"",0.0000010,0,0,0,0,0,0,0,0,0,0,0,0,0,0,0,0,0,0,0,0,626.059,0,12.9454,-639.005
"MtrElec",7,18,13,"",0.0000078,0,0,0,0,0,0,0,0,0,0,0,0,0,0,0,0,0,0,0,0,598.916,0,87.7876,-686.703
"MtrElec",7,18,14,"",0.0000078,0,0,0,0,0,0,0,0,0,0,0,0,0,0,0,0,0,0,0,0,586.936,0,98.7729,-685.709
"MtrElec",7,18,15,"",0,0,0,0,0,0,0,0,0,0,0,0,0,0,0,0,0,0,0,0,0,503.434,0,140.59,-644.024
"MtrElec",7,18,16,"",0,0,0,0,0,0,0,0,0,0,0,0,0,0,0,0,0,0,0,0,0,517.874,0,39.9787,-557.853
"MtrElec",7,18,17,"",104.928,0,0,0,0,0,0,0,0,0,0,0,0,0,0,0,0,0,0,0,0,533.672,0,0,-428.745
"MtrElec",7,18,18,"",323.457,0,0,0,0,0,0,0,0,0,0,0,0,0,0,0,0,0,0,0,0,589.604,0,0,-266.147
"MtrElec",7,18,19,"",280.231,0,0,0,0,0,0,0,0,0,0,0,0,0,0,0,0,0,0,0,0,596.261,0,-223.222,-92.8076
"MtrElec",7,18,20,"",356.896,0,0,0,0,0,0,0,0,0,0,0,0,0,0,0,0,0,0,0,0,485.271,0,-119.795,-8.58008
"MtrElec",7,18,21,"",416.612,0,0,0,0,0,0,0,0,0,0,0,0,0,0,0,0,0,0,0,0,416.612,0,0,0
"MtrElec",7,18,22,"",380.812,0,0,0,0,0,0,0,0,0,0,0,0,0,0,0,0,0,0,0,0,380.812,0,0,0
"MtrElec",7,18,23,"",290.875,0,0,0,0,0,0,0,0,0,0,0,0,0,0,0,0,0,0,0,0,290.875,0,0,0
"MtrElec",7,18,24,"",262.72,0,0,0,0,0,0,0,0,0,0,0,0,0,0,0,0,0,0,0,0,262.72,0,0,0
"MtrElec",7,19,1,"",180.649,0,0,0,0,0,0,0,0,0,0,0,0,0,0,0,0,0,0,0,0,180.649,0,0,0
"MtrElec",7,19,2,"",192.495,0,0,0,0,0,0,0,0,0,0,0,0,0,0,0,0,0,0,0,0,192.495,0,0,0
"MtrElec",7,19,3,"",151.715,0,0,0,0,0,0,0,0,0,0,0,0,0,0,0,0,0,0,0,0,151.715,0,0,0
"MtrElec",7,19,4,"",151.653,0,0,0,0,0,0,0,0,0,0,0,0,0,0,0,0,0,0,0,0,151.653,0,0,0
"MtrElec",7,19,5,"",163.493,0,0,0,0,0,0,0,0,0,0,0,0,0,0,0,0,0,0,0,0,163.493,0,0,0
"MtrElec",7,19,6,"",153.606,0,0,0,0,0,0,0,0,0,0,0,0,0,0,0,0,0,0,0,0,153.606,0,0,0
"MtrElec",7,19,7,"",184.697,0,0,0,0,0,0,0,0,0,0,0,0,0,0,0,0,0,0,0,0,198.024,0,0,-13.3267
"MtrElec",7,19,8,"",121.816,0,0,0,0,0,0,0,0,0,0,0,0,0,0,0,0,0,0,0,0,230.497,0,0,-108.682
"MtrElec",7,19,9,"",91.5395,0,0,0,0,0,0,0,0,0,0,0,0,0,0,0,0,0,0,0,0,375.462,0,0,-283.922
"MtrElec",7,19,10,"",-22.4471,0,0,0,0,0,0,0,0,0,0,0,0,0,0,0,0,0,0,0,0,419.618,0,0,-442.065
"MtrElec",7,19,11,"",0.0000039,0,0,0,0,0,0,0,0,0,0,0,0,0,0,0,0,0,0,0,0,509.685,0,55.8747,-565.56
"MtrElec",7,19,12,"",0,0,0,0,0,0,0,0,0,0,0,0,0,0,0,0,0,0,0,0,0,543.561,0,90.2243,-633.785
"MtrElec",7,19,13,"",0,0,0,0,0,0,0,0,0,0,0,0,0,0,0,0,0,0,0,0,0,518.369,0,157.581,-675.95
"MtrElec",7,19,14,"",0.0000156,0,0,0,0,0,0,0,0,0,0,0,0,0,0,0,0,0,0,0,0,495.405,0,187.295,-682.7
"MtrElec",7,19,15,"",0,0,0,0,0,0,0,0,0,0,0,0,0,0,0,0,0,0,0,0,0,511.091,0,130.135,-641.226
"MtrElec",7,19,16,"",0,0,0,0,0,0,0,0,0,0,0,0,0,0,0,0,0,0,0,0,0,498.555,0,57.3942,-555.949
"MtrElec",7,19,17,"",75.876,0,0,0,0,0,0,0,0,0,0,0,0,0,0,0,0,0,0,0,0,500.667,0,0,-424.791
"MtrElec",7,19,18,"",252.026,0,0,0,0,0,0,0,0,0,0,0,0,0,0,0,0,0,0,0,0,523.361,0,0,-271.335
"MtrElec",7,19,19,"",228.138,0,0,0,0,0,0,0,0,0,0,0,0,0,0,0,0,0,0,0,0,545.697,0,-223.222,-94.3368
"MtrElec",7,19,20,"",193.729,0,0,0,0,0,0,0,0,0,0,0,0,0,0,0,0,0,0,0,0,424.927,0,-223.222,-7.97572
"MtrElec",7,19,21,"",186.002,0,0,0,0,0,0,0,0,0,0,0,0,0,0,0,0,0,0,0,0,351.908,0,-165.905,0
"MtrElec",7,19,22,"",353.685,0,0,0,0,0,0,0,0,0,0,0,0,0,0,0,0,0,0,0,0,353.685,0,0,0
"MtrElec",7,19,23,"",277.675,0,0,0,0,0,0,0,0,0,0,0,0,0,0,0,0,0,0,0,0,277.675,0,0,0
"MtrElec",7,19,24,"",235.553,0,0,0,0,0,0,0,0,0,0,0,0,0,0,0,0,0,0,0,0,235.553,0,0,0
"MtrElec",7,20,1,"",169.344,0,0,0,0,0,0,0,0,0,0,0,0,0,0,0,0,0,0,0,0,169.344,0,0,0
"MtrElec",7,20,2,"",156.292,0,0,0,0,0,0,0,0,0,0,0,0,0,0,0,0,0,0,0,0,156.292,0,0,0
"MtrElec",7,20,3,"",151.478,0,0,0,0,0,0,0,0,0,0,0,0,0,0,0,0,0,0,0,0,151.478,0,0,0
"MtrElec",7,20,4,"",151.856,0,0,0,0,0,0,0,0,0,0,0,0,0,0,0,0,0,0,0,0,151.856,0,0,0
"MtrElec",7,20,5,"",183.795,0,0,0,0,0,0,0,0,0,0,0,0,0,0,0,0,0,0,0,0,183.795,0,0,0
"MtrElec",7,20,6,"",154.273,0,0,0,0,0,0,0,0,0,0,0,0,0,0,0,0,0,0,0,0,154.273,0,0,0
"MtrElec",7,20,7,"",278.38,0,0,0,0,0,0,0,0,0,0,0,0,0,0,0,0,0,0,0,0,290.93,0,0,-12.5507
"MtrElec",7,20,8,"",287.035,0,0,0,0,0,0,0,0,0,0,0,0,0,0,0,0,0,0,0,0,397.716,0,0,-110.68
"MtrElec",7,20,9,"",164.967,0,0,0,0,0,0,0,0,0,0,0,0,0,0,0,0,0,0,0,0,453.436,0,0,-288.469
"MtrElec",7,20,10,"",65.4041,0,0,0,0,0,0,0,0,0,0,0,0,0,0,0,0,0,0,0,0,508.709,0,0,-443.305
"MtrElec",7,20,11,"",0,0,0,0,0,0,0,0,0,0,0,0,0,0,0,0,0,0,0,0,0,549.764,0,7.30606,-557.07
"MtrElec",7,20,12,"",0,0,0,0,0,0,0,0,0,0,0,0,0,0,0,0,0,0,0,0,0,564.658,0,73.3006,-637.959
"MtrElec",7,20,13,"",0,0,0,0,0,0,0,0,0,0,0,0,0,0,0,0,0,0,0,0,0,545.71,0,134.222,-679.932
"MtrElec",7,20,14,"",0.0000156,0,0,0,0,0,0,0,0,0,0,0,0,0,0,0,0,0,0,0,0,470.442,0,207.088,-677.53
"MtrElec",7,20,15,"",0,0,0,0,0,0,0,0,0,0,0,0,0,0,0,0,0,0,0,0,0,516.352,0,123.285,-639.638
"MtrElec",7,20,16,"",0.0000039,0,0,0,0,0,0,0,0,0,0,0,0,0,0,0,0,0,0,0,0,489.867,0,60.3123,-550.18
"MtrElec",7,20,17,"",137.828,0,0,0,0,0,0,0,0,0,0,0,0,0,0,0,0,0,0,0,0,563.798,0,0,-425.97
"MtrElec",7,20,18,"",261.74,0,0,0,0,0,0,0,0,0,0,0,0,0,0,0,0,0,0,0,0,532.42,0,0,-270.68
"MtrElec",7,20,19,"",224.556,0,0,0,0,0,0,0,0,0,0,0,0,0,0,0,0,0,0,0,0,542.987,0,-223.222,-95.2095
"MtrElec",7,20,20,"",304.604,0,0,0,0,0,0,0,0,0,0,0,0,0,0,0,0,0,0,0,0,537.129,0,-223.222,-9.30273
"MtrElec",7,20,21,"",367.172,0,0,0,0,0,0,0,0,0,0,0,0,0,0,0,0,0,0,0,0,467.204,0,-100.032,0
"MtrElec",7,20,22,"",304.867,0,0,0,0,0,0,0,0,0,0,0,0,0,0,0,0,0,0,0,0,304.867,0,0,0
"MtrElec",7,20,23,"",281.044,0,0,0,0,0,0,0,0,0,0,0,0,0,0,0,0,0,0,0,0,281.044,0,0,0
"MtrElec",7,20,24,"",228.407,0,0,0,0,0,0,0,0,0,0,0,0,0,0,0,0,0,0,0,0,228.407,0,0,0
"MtrElec",7,21,1,"",158.512,0,0,0,0,0,0,0,0,0,0,0,0,0,0,0,0,0,0,0,0,158.512,0,0,0
"MtrElec",7,21,2,"",159.259,0,0,0,0,0,0,0,0,0,0,0,0,0,0,0,0,0,0,0,0,159.259,0,0,0
"MtrElec",7,21,3,"",153.349,0,0,0,0,0,0,0,0,0,0,0,0,0,0,0,0,0,0,0,0,153.349,0,0,0
"MtrElec",7,21,4,"",153.904,0,0,0,0,0,0,0,0,0,0,0,0,0,0,0,0,0,0,0,0,153.904,0,0,0
"MtrElec",7,21,5,"",187.787,0,0,0,0,0,0,0,0,0,0,0,0,0,0,0,0,0,0,0,0,187.787,0,0,0
"MtrElec",7,21,6,"",155.383,0,0,0,0,0,0,0,0,0,0,0,0,0,0,0,0,0,0,0,0,155.383,0,0,0
"MtrElec",7,21,7,"",269.824,0,0,0,0,0,0,0,0,0,0,0,0,0,0,0,0,0,0,0,0,278.999,0,0,-9.17472
"MtrElec",7,21,8,"",286.937,0,0,0,0,0,0,0,0,0,0,0,0,0,0,0,0,0,0,0,0,337.487,0,0,-50.5506
"MtrElec",7,21,9,"",274.605,0,0,0,0,0,0,0,0,0,0,0,0,0,0,0,0,0,0,0,0,382.286,0,0,-107.681
"MtrElec",7,21,10,"",163.178,0,0,0,0,0,0,0,0,0,0,0,0,0,0,0,0,0,0,0,0,464.809,0,0,-301.631
"MtrElec",7,21,11,"",0,0,0,0,0,0,0,0,0,0,0,0,0,0,0,0,0,0,0,0,0,451.255,0,119.662,-570.918
"MtrElec",7,21,12,"",0.0000078,0,0,0,0,0,0,0,0,0,0,0,0,0,0,0,0,0,0,0,0,507.01,0,128.215,-635.225
"MtrElec",7,21,13,"",0,0,0,0,0,0,0,0,0,0,0,0,0,0,0,0,0,0,0,0,0,550.423,0,111.644,-662.066
"MtrElec",7,21,14,"",0,0,0,0,0,0,0,0,0,0,0,0,0,0,0,0,0,0,0,0,0,467.729,0,200.715,-668.444
"MtrElec",7,21,15,"",0,0,0,0,0,0,0,0,0,0,0,0,0,0,0,0,0,0,0,0,0,496.934,0,129.315,-626.249
"MtrElec",7,21,16,"",0.0000039,0,0,0,0,0,0,0,0,0,0,0,0,0,0,0,0,0,0,0,0,483.05,0,56.6187,-539.669
"MtrElec",7,21,17,"",140.764,0,0,0,0,0,0,0,0,0,0,0,0,0,0,0,0,0,0,0,0,560.628,0,0,-419.864
"MtrElec",7,21,18,"",295.904,0,0,0,0,0,0,0,0,0,0,0,0,0,0,0,0,0,0,0,0,559.144,0,0,-263.24
"MtrElec",7,21,19,"",213.496,0,0,0,0,0,0,0,0,0,0,0,0,0,0,0,0,0,0,0,0,529.325,0,-223.222,-92.6074
"MtrElec",7,21,20,"",264.485,0,0,0,0,0,0,0,0,0,0,0,0,0,0,0,0,0,0,0,0,498.95,0,-223.222,-11.2428
"MtrElec",7,21,21,"",236.082,0,0,0,0,0,0,0,0,0,0,0,0,0,0,0,0,0,0,0,0,459.305,0,-223.222,0
"MtrElec",7,21,22,"",285.146,0,0,0,0,0,0,0,0,0,0,0,0,0,0,0,0,0,0,0,0,288.897,0,-3.75089,0
"MtrElec",7,21,23,"",286.423,0,0,0,0,0,0,0,0,0,0,0,0,0,0,0,0,0,0,0,0,286.423,0,0,0
"MtrElec",7,21,24,"",210.118,0,0,0,0,0,0,0,0,0,0,0,0,0,0,0,0,0,0,0,0,210.118,0,0,0
"MtrElec",7,22,1,"",167.694,0,0,0,0,0,0,0,0,0,0,0,0,0,0,0,0,0,0,0,0,167.694,0,0,0
"MtrElec",7,22,2,"",157.661,0,0,0,0,0,0,0,0,0,0,0,0,0,0,0,0,0,0,0,0,157.661,0,0,0
"MtrElec",7,22,3,"",192.196,0,0,0,0,0,0,0,0,0,0,0,0,0,0,0,0,0,0,0,0,192.196,0,0,0
"MtrElec",7,22,4,"",156.526,0,0,0,0,0,0,0,0,0,0,0,0,0,0,0,0,0,0,0,0,156.526,0,0,0
"MtrElec",7,22,5,"",155.539,0,0,0,0,0,0,0,0,0,0,0,0,0,0,0,0,0,0,0,0,155.539,0,0,0
"MtrElec",7,22,6,"",156.629,0,0,0,0,0,0,0,0,0,0,0,0,0,0,0,0,0,0,0,0,156.629,0,0,0
"MtrElec",7,22,7,"",281.674,0,0,0,0,0,0,0,0,0,0,0,0,0,0,0,0,0,0,0,0,296.102,0,0,-14.4282
"MtrElec",7,22,8,"",301.999,0,0,0,0,0,0,0,0,0,0,0,0,0,0,0,0,0,0,0,0,408.392,0,0,-106.393
"MtrElec",7,22,9,"",171.261,0,0,0,0,0,0,0,0,0,0,0,0,0,0,0,0,0,0,0,0,440.971,0,0,-269.71
"MtrElec",7,22,10,"",107.807,0,0,0,0,0,0,0,0,0,0,0,0,0,0,0,0,0,0,0,0,525.439,0,0,-417.632
"MtrElec",7,22,11,"",38.6514,0,0,0,0,0,0,0,0,0,0,0,0,0,0,0,0,0,0,0,0,566.48,0,0,-527.829
"MtrElec",7,22,12,"",0,0,0,0,0,0,0,0,0,0,0,0,0,0,0,0,0,0,0,0,0,565.013,0,44.6345,-609.647
"MtrElec",7,22,13,"",0,0,0,0,0,0,0,0,0,0,0,0,0,0,0,0,0,0,0,0,0,607.201,0,46.1204,-653.321
"MtrElec",7,22,14,"",0,0,0,0,0,0,0,0,0,0,0,0,0,0,0,0,0,0,0,0,0,505.802,0,155.631,-661.433
"MtrElec",7,22,15,"",0,0,0,0,0,0,0,0,0,0,0,0,0,0,0,0,0,0,0,0,0,517.601,0,96.791,-614.392
"MtrElec",7,22,16,"",0,0,0,0,0,0,0,0,0,0,0,0,0,0,0,0,0,0,0,0,0,492.556,0,11.9067,-504.463
"MtrElec",7,22,17,"",356.129,0,0,0,0,0,0,0,0,0,0,0,0,0,0,0,0,0,0,0,0,557.909,0,0,-201.78
"MtrElec",7,22,18,"",396.234,0,0,0,0,0,0,0,0,0,0,0,0,0,0,0,0,0,0,0,0,564.61,0,0,-168.377
"MtrElec",7,22,19,"",218.754,0,0,0,0,0,0,0,0,0,0,0,0,0,0,0,0,0,0,0,0,528.667,0,-223.222,-86.6904
"MtrElec",7,22,20,"",364.514,0,0,0,0,0,0,0,0,0,0,0,0,0,0,0,0,0,0,0,0,478.341,0,-97.2404,-16.5868
"MtrElec",7,22,21,"",423.706,0,0,0,0,0,0,0,0,0,0,0,0,0,0,0,0,0,0,0,0,423.706,0,0,0
"MtrElec",7,22,22,"",323.675,0,0,0,0,0,0,0,0,0,0,0,0,0,0,0,0,0,0,0,0,323.675,0,0,0
"MtrElec",7,22,23,"",270.893,0,0,0,0,0,0,0,0,0,0,0,0,0,0,0,0,0,0,0,0,270.893,0,0,0
"MtrElec",7,22,24,"",220.704,0,0,0,0,0,0,0,0,0,0,0,0,0,0,0,0,0,0,0,0,220.704,0,0,0
"MtrElec",7,23,1,"",176.537,0,0,0,0,0,0,0,0,0,0,0,0,0,0,0,0,0,0,0,0,176.537,0,0,0
"MtrElec",7,23,2,"",156.01,0,0,0,0,0,0,0,0,0,0,0,0,0,0,0,0,0,0,0,0,156.01,0,0,0
"MtrElec",7,23,3,"",151.876,0,0,0,0,0,0,0,0,0,0,0,0,0,0,0,0,0,0,0,0,151.876,0,0,0
"MtrElec",7,23,4,"",151.071,0,0,0,0,0,0,0,0,0,0,0,0,0,0,0,0,0,0,0,0,151.071,0,0,0
"MtrElec",7,23,5,"",148.929,0,0,0,0,0,0,0,0,0,0,0,0,0,0,0,0,0,0,0,0,148.929,0,0,0
"MtrElec",7,23,6,"",209.555,0,0,0,0,0,0,0,0,0,0,0,0,0,0,0,0,0,0,0,0,209.555,0,0,0
"MtrElec",7,23,7,"",279.426,0,0,0,0,0,0,0,0,0,0,0,0,0,0,0,0,0,0,0,0,298.631,0,0,-19.2052
"MtrElec",7,23,8,"",257.995,0,0,0,0,0,0,0,0,0,0,0,0,0,0,0,0,0,0,0,0,365.526,0,0,-107.53
"MtrElec",7,23,9,"",233.516,0,0,0,0,0,0,0,0,0,0,0,0,0,0,0,0,0,0,0,0,454.862,0,0,-221.346
"MtrElec",7,23,10,"",180.342,0,0,0,0,0,0,0,0,0,0,0,0,0,0,0,0,0,0,0,0,515.939,0,0,-335.597
"MtrElec",7,23,11,"",101.272,0,0,0,0,0,0,0,0,0,0,0,0,0,0,0,0,0,0,0,0,570.24,0,0,-468.969
"MtrElec",7,23,12,"",0,0,0,0,0,0,0,0,0,0,0,0,0,0,0,0,0,0,0,0,0,523.016,0,85.6492,-608.666
"MtrElec",7,23,13,"",0.0000078,0,0,0,0,0,0,0,0,0,0,0,0,0,0,0,0,0,0,0,0,552.344,0,87.5778,-639.921
"MtrElec",7,23,14,"",0,0,0,0,0,0,0,0,0,0,0,0,0,0,0,0,0,0,0,0,0,527.237,0,102.316,-629.553
"MtrElec",7,23,15,"",0.0000039,0,0,0,0,0,0,0,0,0,0,0,0,0,0,0,0,0,0,0,0,537.941,0,63.4091,-601.35
"MtrElec",7,23,16,"",58.7463,0,0,0,0,0,0,0,0,0,0,0,0,0,0,0,0,0,0,0,0,576.689,0,0,-517.943
"MtrElec",7,23,17,"",165.847,0,0,0,0,0,0,0,0,0,0,0,0,0,0,0,0,0,0,0,0,562.832,0,0,-396.986
"MtrElec",7,23,18,"",371.01,0,0,0,0,0,0,0,0,0,0,0,0,0,0,0,0,0,0,0,0,616.604,0,0,-245.595
"MtrElec",7,23,19,"",249.416,0,0,0,0,0,0,0,0,0,0,0,0,0,0,0,0,0,0,0,0,565.061,0,-223.222,-92.4226
"MtrElec",7,23,20,"",439.989,0,0,0,0,0,0,0,0,0,0,0,0,0,0,0,0,0,0,0,0,536.071,0,-82.6816,-13.4007
"MtrElec",7,23,21,"",501.257,0,0,0,0,0,0,0,0,0,0,0,0,0,0,0,0,0,0,0,0,501.257,0,0,0
"MtrElec",7,23,22,"",332.148,0,0,0,0,0,0,0,0,0,0,0,0,0,0,0,0,0,0,0,0,332.148,0,0,0
"MtrElec",7,23,23,"",252.327,0,0,0,0,0,0,0,0,0,0,0,0,0,0,0,0,0,0,0,0,252.327,0,0,0
"MtrElec",7,23,24,"",265.073,0,0,0,0,0,0,0,0,0,0,0,0,0,0,0,0,0,0,0,0,265.073,0,0,0
"MtrElec",7,24,1,"",184.759,0,0,0,0,0,0,0,0,0,0,0,0,0,0,0,0,0,0,0,0,184.759,0,0,0
"MtrElec",7,24,2,"",166.604,0,0,0,0,0,0,0,0,0,0,0,0,0,0,0,0,0,0,0,0,166.604,0,0,0
"MtrElec",7,24,3,"",160.752,0,0,0,0,0,0,0,0,0,0,0,0,0,0,0,0,0,0,0,0,160.752,0,0,0
"MtrElec",7,24,4,"",156.587,0,0,0,0,0,0,0,0,0,0,0,0,0,0,0,0,0,0,0,0,156.587,0,0,0
"MtrElec",7,24,5,"",185.633,0,0,0,0,0,0,0,0,0,0,0,0,0,0,0,0,0,0,0,0,185.633,0,0,0
"MtrElec",7,24,6,"",157.472,0,0,0,0,0,0,0,0,0,0,0,0,0,0,0,0,0,0,0,0,157.472,0,0,0
"MtrElec",7,24,7,"",286.444,0,0,0,0,0,0,0,0,0,0,0,0,0,0,0,0,0,0,0,0,300.848,0,0,-14.4048
"MtrElec",7,24,8,"",318.925,0,0,0,0,0,0,0,0,0,0,0,0,0,0,0,0,0,0,0,0,422.478,0,0,-103.553
"MtrElec",7,24,9,"",181.149,0,0,0,0,0,0,0,0,0,0,0,0,0,0,0,0,0,0,0,0,448.915,0,0,-267.766
"MtrElec",7,24,10,"",118.049,0,0,0,0,0,0,0,0,0,0,0,0,0,0,0,0,0,0,0,0,534.481,0,0,-416.432
"MtrElec",7,24,11,"",16.6418,0,0,0,0,0,0,0,0,0,0,0,0,0,0,0,0,0,0,0,0,552.681,0,0,-536.04
"MtrElec",7,24,12,"",0,0,0,0,0,0,0,0,0,0,0,0,0,0,0,0,0,0,0,0,0,550.416,0,72.4744,-622.89
"MtrElec",7,24,13,"",0,0,0,0,0,0,0,0,0,0,0,0,0,0,0,0,0,0,0,0,0,589.737,0,78.7987,-668.536
"MtrElec",7,24,14,"",0.0000156,0,0,0,0,0,0,0,0,0,0,0,0,0,0,0,0,0,0,0,0,501.905,0,161.648,-663.553
"MtrElec",7,24,15,"",0.0000156,0,0,0,0,0,0,0,0,0,0,0,0,0,0,0,0,0,0,0,0,485.681,0,135.496,-621.176
"MtrElec",7,24,16,"",0.000000,0,0,0,0,0,0,0,0,0,0,0,0,0,0,0,0,0,0,0,0,539.848,0,0.167875,-540.016
"MtrElec",7,24,17,"",153.702,0,0,0,0,0,0,0,0,0,0,0,0,0,0,0,0,0,0,0,0,570.725,0,0,-417.023
"MtrElec",7,24,18,"",286.82,0,0,0,0,0,0,0,0,0,0,0,0,0,0,0,0,0,0,0,0,546.557,0,0,-259.737
"MtrElec",7,24,19,"",234.497,0,0,0,0,0,0,0,0,0,0,0,0,0,0,0,0,0,0,0,0,547.993,0,-223.222,-90.2733
"MtrElec",7,24,20,"",398.054,0,0,0,0,0,0,0,0,0,0,0,0,0,0,0,0,0,0,0,0,589.686,0,-181.625,-10.0072
"MtrElec",7,24,21,"",518.7,0,0,0,0,0,0,0,0,0,0,0,0,0,0,0,0,0,0,0,0,518.7,0,0,0
"MtrElec",7,24,22,"",300.367,0,0,0,0,0,0,0,0,0,0,0,0,0,0,0,0,0,0,0,0,300.367,0,0,0
"MtrElec",7,24,23,"",338.938,0,0,0,0,0,0,0,0,0,0,0,0,0,0,0,0,0,0,0,0,338.938,0,0,0
"MtrElec",7,24,24,"",253.66,0,0,0,0,0,0,0,0,0,0,0,0,0,0,0,0,0,0,0,0,253.66,0,0,0
"MtrElec",7,25,1,"",199.292,0,0,0,0,0,0,0,0,0,0,0,0,0,0,0,0,0,0,0,0,199.292,0,0,0
"MtrElec",7,25,2,"",195.573,0,0,0,0,0,0,0,0,0,0,0,0,0,0,0,0,0,0,0,0,195.573,0,0,0
"MtrElec",7,25,3,"",163.408,0,0,0,0,0,0,0,0,0,0,0,0,0,0,0,0,0,0,0,0,163.408,0,0,0
"MtrElec",7,25,4,"",161.986,0,0,0,0,0,0,0,0,0,0,0,0,0,0,0,0,0,0,0,0,161.986,0,0,0
"MtrElec",7,25,5,"",156.989,0,0,0,0,0,0,0,0,0,0,0,0,0,0,0,0,0,0,0,0,156.989,0,0,0
"MtrElec",7,25,6,"",154.272,0,0,0,0,0,0,0,0,0,0,0,0,0,0,0,0,0,0,0,0,154.272,0,0,0
"MtrElec",7,25,7,"",263.736,0,0,0,0,0,0,0,0,0,0,0,0,0,0,0,0,0,0,0,0,276.233,0,0,-12.4967
"MtrElec",7,25,8,"",199.771,0,0,0,0,0,0,0,0,0,0,0,0,0,0,0,0,0,0,0,0,303.895,0,0,-104.124
"MtrElec",7,25,9,"",138.699,0,0,0,0,0,0,0,0,0,0,0,0,0,0,0,0,0,0,0,0,411.992,0,0,-273.293
"MtrElec",7,25,10,"",85.8179,0,0,0,0,0,0,0,0,0,0,0,0,0,0,0,0,0,0,0,0,508.743,0,0,-422.925
"MtrElec",7,25,11,"",117.086,0,0,0,0,0,0,0,0,0,0,0,0,0,0,0,0,0,0,0,0,650.132,0,0,-533.046
"MtrElec",7,25,12,"",29.6311,0,0,0,0,0,0,0,0,0,0,0,0,0,0,0,0,0,0,0,0,633.727,0,0,-604.095
"MtrElec",7,25,13,"",0.0000039,0,0,0,0,0,0,0,0,0,0,0,0,0,0,0,0,0,0,0,0,595.811,0,53.3314,-649.142
"MtrElec",7,25,14,"",0,0,0,0,0,0,0,0,0,0,0,0,0,0,0,0,0,0,0,0,0,617.041,0,39.2728,-656.314
"MtrElec",7,25,15,"",0,0,0,0,0,0,0,0,0,0,0,0,0,0,0,0,0,0,0,0,0,577.03,0,38.2389,-615.269
"MtrElec",7,25,16,"",24.9856,0,0,0,0,0,0,0,0,0,0,0,0,0,0,0,0,0,0,0,0,561.597,0,0,-536.612
"MtrElec",7,25,17,"",99.8018,0,0,0,0,0,0,0,0,0,0,0,0,0,0,0,0,0,0,0,0,516.96,0,0,-417.158
"MtrElec",7,25,18,"",358.621,0,0,0,0,0,0,0,0,0,0,0,0,0,0,0,0,0,0,0,0,615.533,0,0,-256.912
"MtrElec",7,25,19,"",370.384,0,0,0,0,0,0,0,0,0,0,0,0,0,0,0,0,0,0,0,0,577.368,0,-118.086,-88.8984
"MtrElec",7,25,20,"",504.461,0,0,0,0,0,0,0,0,0,0,0,0,0,0,0,0,0,0,0,0,513.78,0,0,-9.31833
"MtrElec",7,25,21,"",456.735,0,0,0,0,0,0,0,0,0,0,0,0,0,0,0,0,0,0,0,0,456.735,0,0,0
"MtrElec",7,25,22,"",418.557,0,0,0,0,0,0,0,0,0,0,0,0,0,0,0,0,0,0,0,0,418.557,0,0,0
"MtrElec",7,25,23,"",268.946,0,0,0,0,0,0,0,0,0,0,0,0,0,0,0,0,0,0,0,0,268.946,0,0,0
"MtrElec",7,25,24,"",215.767,0,0,0,0,0,0,0,0,0,0,0,0,0,0,0,0,0,0,0,0,215.767,0,0,0
"MtrElec",7,26,1,"",183.945,0,0,0,0,0,0,0,0,0,0,0,0,0,0,0,0,0,0,0,0,183.945,0,0,0
"MtrElec",7,26,2,"",195.31,0,0,0,0,0,0,0,0,0,0,0,0,0,0,0,0,0,0,0,0,195.31,0,0,0
"MtrElec",7,26,3,"",155.399,0,0,0,0,0,0,0,0,0,0,0,0,0,0,0,0,0,0,0,0,155.399,0,0,0
"MtrElec",7,26,4,"",155.444,0,0,0,0,0,0,0,0,0,0,0,0,0,0,0,0,0,0,0,0,155.444,0,0,0
"MtrElec",7,26,5,"",150.575,0,0,0,0,0,0,0,0,0,0,0,0,0,0,0,0,0,0,0,0,150.575,0,0,0
"MtrElec",7,26,6,"",156.208,0,0,0,0,0,0,0,0,0,0,0,0,0,0,0,0,0,0,0,0,156.208,0,0,0
"MtrElec",7,26,7,"",189.226,0,0,0,0,0,0,0,0,0,0,0,0,0,0,0,0,0,0,0,0,202.525,0,0,-13.2992
"MtrElec",7,26,8,"",108.979,0,0,0,0,0,0,0,0,0,0,0,0,0,0,0,0,0,0,0,0,213.556,0,0,-104.577
"MtrElec",7,26,9,"",115.689,0,0,0,0,0,0,0,0,0,0,0,0,0,0,0,0,0,0,0,0,388.762,0,0,-273.074
"MtrElec",7,26,10,"",36.4869,0,0,0,0,0,0,0,0,0,0,0,0,0,0,0,0,0,0,0,0,459.895,0,0,-423.408
"MtrElec",7,26,11,"",0,0,0,0,0,0,0,0,0,0,0,0,0,0,0,0,0,0,0,0,0,488.253,0,44.6985,-532.952
"MtrElec",7,26,12,"",0,0,0,0,0,0,0,0,0,0,0,0,0,0,0,0,0,0,0,0,0,518.048,0,104.032,-622.08
"MtrElec",7,26,13,"",0,0,0,0,0,0,0,0,0,0,0,0,0,0,0,0,0,0,0,0,0,625.288,0,42.8096,-668.098
"MtrElec",7,26,14,"",0.0000156,0,0,0,0,0,0,0,0,0,0,0,0,0,0,0,0,0,0,0,0,497.36,0,163.939,-661.299
"MtrElec",7,26,15,"",0.0000078,0,0,0,0,0,0,0,0,0,0,0,0,0,0,0,0,0,0,0,0,525.261,0,99.3594,-624.621
"MtrElec",7,26,16,"",0,0,0,0,0,0,0,0,0,0,0,0,0,0,0,0,0,0,0,0,0,516.287,0,24.3781,-540.666
"MtrElec",7,26,17,"",71.765,0,0,0,0,0,0,0,0,0,0,0,0,0,0,0,0,0,0,0,0,488.257,0,0,-416.492
"MtrElec",7,26,18,"",311.438,0,0,0,0,0,0,0,0,0,0,0,0,0,0,0,0,0,0,0,0,570.083,0,0,-258.645
"MtrElec",7,26,19,"",280.8,0,0,0,0,0,0,0,0,0,0,0,0,0,0,0,0,0,0,0,0,592.136,0,-223.222,-88.1132
"MtrElec",7,26,20,"",193.154,0,0,0,0,0,0,0,0,0,0,0,0,0,0,0,0,0,0,0,0,410.996,0,-209.27,-8.57138
"MtrElec",7,26,21,"",345.738,0,0,0,0,0,0,0,0,0,0,0,0,0,0,0,0,0,0,0,0,345.738,0,0,0
"MtrElec",7,26,22,"",288.751,0,0,0,0,0,0,0,0,0,0,0,0,0,0,0,0,0,0,0,0,288.751,0,0,0
"MtrElec",7,26,23,"",261.845,0,0,0,0,0,0,0,0,0,0,0,0,0,0,0,0,0,0,0,0,261.845,0,0,0
"MtrElec",7,26,24,"",210.649,0,0,0,0,0,0,0,0,0,0,0,0,0,0,0,0,0,0,0,0,210.649,0,0,0
"MtrElec",7,27,1,"",215.925,0,0,0,0,0,0,0,0,0,0,0,0,0,0,0,0,0,0,0,0,215.925,0,0,0
"MtrElec",7,27,2,"",163.806,0,0,0,0,0,0,0,0,0,0,0,0,0,0,0,0,0,0,0,0,163.806,0,0,0
"MtrElec",7,27,3,"",158.408,0,0,0,0,0,0,0,0,0,0,0,0,0,0,0,0,0,0,0,0,158.408,0,0,0
"MtrElec",7,27,4,"",158.038,0,0,0,0,0,0,0,0,0,0,0,0,0,0,0,0,0,0,0,0,158.038,0,0,0
"MtrElec",7,27,5,"",153.806,0,0,0,0,0,0,0,0,0,0,0,0,0,0,0,0,0,0,0,0,153.806,0,0,0
"MtrElec",7,27,6,"",196.096,0,0,0,0,0,0,0,0,0,0,0,0,0,0,0,0,0,0,0,0,196.096,0,0,0
"MtrElec",7,27,7,"",298.825,0,0,0,0,0,0,0,0,0,0,0,0,0,0,0,0,0,0,0,0,311.312,0,0,-12.4865
"MtrElec",7,27,8,"",291.075,0,0,0,0,0,0,0,0,0,0,0,0,0,0,0,0,0,0,0,0,394.389,0,0,-103.314
"MtrElec",7,27,9,"",205.789,0,0,0,0,0,0,0,0,0,0,0,0,0,0,0,0,0,0,0,0,475.547,0,0,-269.758
"MtrElec",7,27,10,"",172.986,0,0,0,0,0,0,0,0,0,0,0,0,0,0,0,0,0,0,0,0,592.542,0,0,-419.556
"MtrElec",7,27,11,"",34.119,0,0,0,0,0,0,0,0,0,0,0,0,0,0,0,0,0,0,0,0,572.018,0,0,-537.899
"MtrElec",7,27,12,"",18.2698,0,0,0,0,0,0,0,0,0,0,0,0,0,0,0,0,0,0,0,0,630.052,0,0,-611.782
"MtrElec",7,27,13,"",0,0,0,0,0,0,0,0,0,0,0,0,0,0,0,0,0,0,0,0,0,599.667,0,46.1534,-645.82
"MtrElec",7,27,14,"",0,0,0,0,0,0,0,0,0,0,0,0,0,0,0,0,0,0,0,0,0,585.609,0,75.6065,-661.215
"MtrElec",7,27,15,"",0.0000078,0,0,0,0,0,0,0,0,0,0,0,0,0,0,0,0,0,0,0,0,554.094,0,68.6884,-622.782
"MtrElec",7,27,16,"",3.22425,0,0,0,0,0,0,0,0,0,0,0,0,0,0,0,0,0,0,0,0,538.46,0,0,-535.235
"MtrElec",7,27,17,"",196.158,0,0,0,0,0,0,0,0,0,0,0,0,0,0,0,0,0,0,0,0,607.429,0,0,-411.271
"MtrElec",7,27,18,"",351.041,0,0,0,0,0,0,0,0,0,0,0,0,0,0,0,0,0,0,0,0,605.508,0,0,-254.467
"MtrElec",7,27,19,"",289.954,0,0,0,0,0,0,0,0,0,0,0,0,0,0,0,0,0,0,0,0,549.044,0,-171.88,-87.2106
"MtrElec",7,27,20,"",545.065,0,0,0,0,0,0,0,0,0,0,0,0,0,0,0,0,0,0,0,0,554.374,0,0,-9.30867
"MtrElec",7,27,21,"",535.406,0,0,0,0,0,0,0,0,0,0,0,0,0,0,0,0,0,0,0,0,535.406,0,0,0
"MtrElec",7,27,22,"",334.365,0,0,0,0,0,0,0,0,0,0,0,0,0,0,0,0,0,0,0,0,334.365,0,0,0
"MtrElec",7,27,23,"",317.725,0,0,0,0,0,0,0,0,0,0,0,0,0,0,0,0,0,0,0,0,317.725,0,0,0
"MtrElec",7,27,24,"",269.155,0,0,0,0,0,0,0,0,0,0,0,0,0,0,0,0,0,0,0,0,269.155,0,0,0
"MtrElec",7,28,1,"",190.163,0,0,0,0,0,0,0,0,0,0,0,0,0,0,0,0,0,0,0,0,190.163,0,0,0
"MtrElec",7,28,2,"",164.848,0,0,0,0,0,0,0,0,0,0,0,0,0,0,0,0,0,0,0,0,164.848,0,0,0
"MtrElec",7,28,3,"",156.26,0,0,0,0,0,0,0,0,0,0,0,0,0,0,0,0,0,0,0,0,156.26,0,0,0
"MtrElec",7,28,4,"",155.345,0,0,0,0,0,0,0,0,0,0,0,0,0,0,0,0,0,0,0,0,155.345,0,0,0
"MtrElec",7,28,5,"",151.379,0,0,0,0,0,0,0,0,0,0,0,0,0,0,0,0,0,0,0,0,151.379,0,0,0
"MtrElec",7,28,6,"",174.015,0,0,0,0,0,0,0,0,0,0,0,0,0,0,0,0,0,0,0,0,174.015,0,0,0
"MtrElec",7,28,7,"",282.462,0,0,0,0,0,0,0,0,0,0,0,0,0,0,0,0,0,0,0,0,294.88,0,0,-12.4178
"MtrElec",7,28,8,"",281.842,0,0,0,0,0,0,0,0,0,0,0,0,0,0,0,0,0,0,0,0,384.804,0,0,-102.962
"MtrElec",7,28,9,"",188.157,0,0,0,0,0,0,0,0,0,0,0,0,0,0,0,0,0,0,0,0,454.159,0,0,-266.002
"MtrElec",7,28,10,"",127.574,0,0,0,0,0,0,0,0,0,0,0,0,0,0,0,0,0,0,0,0,550.361,0,0,-422.788
"MtrElec",7,28,11,"",38.482,0,0,0,0,0,0,0,0,0,0,0,0,0,0,0,0,0,0,0,0,578.904,0,0,-540.422
"MtrElec",7,28,12,"",0.0000020,0,0,0,0,0,0,0,0,0,0,0,0,0,0,0,0,0,0,0,0,576.652,0,24.6905,-601.342
"MtrElec",7,28,13,"",0.0000039,0,0,0,0,0,0,0,0,0,0,0,0,0,0,0,0,0,0,0,0,602.652,0,56.258,-658.91
"MtrElec",7,28,14,"",0,0,0,0,0,0,0,0,0,0,0,0,0,0,0,0,0,0,0,0,0,542.25,0,120.236,-662.487
"MtrElec",7,28,15,"",0.0000078,0,0,0,0,0,0,0,0,0,0,0,0,0,0,0,0,0,0,0,0,502.12,0,115.843,-617.963
"MtrElec",7,28,16,"",0,0,0,0,0,0,0,0,0,0,0,0,0,0,0,0,0,0,0,0,0,511.33,0,24.8762,-536.206
"MtrElec",7,28,17,"",153.585,0,0,0,0,0,0,0,0,0,0,0,0,0,0,0,0,0,0,0,0,565.808,0,0,-412.223
"MtrElec",7,28,18,"",335.357,0,0,0,0,0,0,0,0,0,0,0,0,0,0,0,0,0,0,0,0,587.229,0,0,-251.872
"MtrElec",7,28,19,"",229.762,0,0,0,0,0,0,0,0,0,0,0,0,0,0,0,0,0,0,0,0,540.312,0,-223.222,-87.3284
"MtrElec",7,28,20,"",447.041,0,0,0,0,0,0,0,0,0,0,0,0,0,0,0,0,0,0,0,0,542.308,0,-85.3461,-9.92113
"MtrElec",7,28,21,"",497.173,0,0,0,0,0,0,0,0,0,0,0,0,0,0,0,0,0,0,0,0,497.173,0,0,0
"MtrElec",7,28,22,"",324.406,0,0,0,0,0,0,0,0,0,0,0,0,0,0,0,0,0,0,0,0,324.406,0,0,0
"MtrElec",7,28,23,"",266.541,0,0,0,0,0,0,0,0,0,0,0,0,0,0,0,0,0,0,0,0,266.541,0,0,0
"MtrElec",7,28,24,"",209.505,0,0,0,0,0,0,0,0,0,0,0,0,0,0,0,0,0,0,0,0,209.505,0,0,0
"MtrElec",7,29,1,"",182.966,0,0,0,0,0,0,0,0,0,0,0,0,0,0,0,0,0,0,0,0,182.966,0,0,0
"MtrElec",7,29,2,"",155.573,0,0,0,0,0,0,0,0,0,0,0,0,0,0,0,0,0,0,0,0,155.573,0,0,0
"MtrElec",7,29,3,"",149.901,0,0,0,0,0,0,0,0,0,0,0,0,0,0,0,0,0,0,0,0,149.901,0,0,0
"MtrElec",7,29,4,"",157.453,0,0,0,0,0,0,0,0,0,0,0,0,0,0,0,0,0,0,0,0,157.453,0,0,0
"MtrElec",7,29,5,"",184.448,0,0,0,0,0,0,0,0,0,0,0,0,0,0,0,0,0,0,0,0,184.448,0,0,0
"MtrElec",7,29,6,"",151.503,0,0,0,0,0,0,0,0,0,0,0,0,0,0,0,0,0,0,0,0,151.503,0,0,0
"MtrElec",7,29,7,"",310.311,0,0,0,0,0,0,0,0,0,0,0,0,0,0,0,0,0,0,0,0,322.823,0,0,-12.5114
"MtrElec",7,29,8,"",291.879,0,0,0,0,0,0,0,0,0,0,0,0,0,0,0,0,0,0,0,0,393.976,0,0,-102.097
"MtrElec",7,29,9,"",213.602,0,0,0,0,0,0,0,0,0,0,0,0,0,0,0,0,0,0,0,0,482.603,0,0,-269.001
"MtrElec",7,29,10,"",105.164,0,0,0,0,0,0,0,0,0,0,0,0,0,0,0,0,0,0,0,0,531.28,0,0,-426.116
"MtrElec",7,29,11,"",0,0,0,0,0,0,0,0,0,0,0,0,0,0,0,0,0,0,0,0,0,531.867,0,17.7236,-549.591
"MtrElec",7,29,12,"",0,0,0,0,0,0,0,0,0,0,0,0,0,0,0,0,0,0,0,0,0,540.108,0,78.3132,-618.421
"MtrElec",7,29,13,"",0.0000078,0,0,0,0,0,0,0,0,0,0,0,0,0,0,0,0,0,0,0,0,526.463,0,128.127,-654.59
"MtrElec",7,29,14,"",0,0,0,0,0,0,0,0,0,0,0,0,0,0,0,0,0,0,0,0,0,475.079,0,194.033,-669.112
"MtrElec",7,29,15,"",0,0,0,0,0,0,0,0,0,0,0,0,0,0,0,0,0,0,0,0,0,473.711,0,148.479,-622.19
"MtrElec",7,29,16,"",0,0,0,0,0,0,0,0,0,0,0,0,0,0,0,0,0,0,0,0,0,536.023,0,1.16056,-537.184
"MtrElec",7,29,17,"",152.357,0,0,0,0,0,0,0,0,0,0,0,0,0,0,0,0,0,0,0,0,564.559,0,0,-412.202
"MtrElec",7,29,18,"",296.815,0,0,0,0,0,0,0,0,0,0,0,0,0,0,0,0,0,0,0,0,548.423,0,0,-251.608
"MtrElec",7,29,19,"",256.497,0,0,0,0,0,0,0,0,0,0,0,0,0,0,0,0,0,0,0,0,566.436,0,-223.222,-86.7167
"MtrElec",7,29,20,"",313.158,0,0,0,0,0,0,0,0,0,0,0,0,0,0,0,0,0,0,0,0,545.164,0,-223.222,-8.78435
"MtrElec",7,29,21,"",468.341,0,0,0,0,0,0,0,0,0,0,0,0,0,0,0,0,0,0,0,0,534.368,0,-66.0277,0
"MtrElec",7,29,22,"",290.58,0,0,0,0,0,0,0,0,0,0,0,0,0,0,0,0,0,0,0,0,290.58,0,0,0
"MtrElec",7,29,23,"",305.903,0,0,0,0,0,0,0,0,0,0,0,0,0,0,0,0,0,0,0,0,305.903,0,0,0
"MtrElec",7,29,24,"",214.356,0,0,0,0,0,0,0,0,0,0,0,0,0,0,0,0,0,0,0,0,214.356,0,0,0
"MtrElec",7,30,1,"",160.539,0,0,0,0,0,0,0,0,0,0,0,0,0,0,0,0,0,0,0,0,160.539,0,0,0
"MtrElec",7,30,2,"",161.657,0,0,0,0,0,0,0,0,0,0,0,0,0,0,0,0,0,0,0,0,161.657,0,0,0
"MtrElec",7,30,3,"",195.723,0,0,0,0,0,0,0,0,0,0,0,0,0,0,0,0,0,0,0,0,195.723,0,0,0
"MtrElec",7,30,4,"",157.714,0,0,0,0,0,0,0,0,0,0,0,0,0,0,0,0,0,0,0,0,157.714,0,0,0
"MtrElec",7,30,5,"",158.807,0,0,0,0,0,0,0,0,0,0,0,0,0,0,0,0,0,0,0,0,158.807,0,0,0
"MtrElec",7,30,6,"",192.17,0,0,0,0,0,0,0,0,0,0,0,0,0,0,0,0,0,0,0,0,192.17,0,0,0
"MtrElec",7,30,7,"",284.195,0,0,0,0,0,0,0,0,0,0,0,0,0,0,0,0,0,0,0,0,297.288,0,0,-13.0933
"MtrElec",7,30,8,"",278.334,0,0,0,0,0,0,0,0,0,0,0,0,0,0,0,0,0,0,0,0,380.733,0,0,-102.4
"MtrElec",7,30,9,"",178.48,0,0,0,0,0,0,0,0,0,0,0,0,0,0,0,0,0,0,0,0,447.461,0,0,-268.982
"MtrElec",7,30,10,"",78.9127,0,0,0,0,0,0,0,0,0,0,0,0,0,0,0,0,0,0,0,0,503.663,0,0,-424.75
"MtrElec",7,30,11,"",0,0,0,0,0,0,0,0,0,0,0,0,0,0,0,0,0,0,0,0,0,520.972,0,20.5056,-541.478
"MtrElec",7,30,12,"",0,0,0,0,0,0,0,0,0,0,0,0,0,0,0,0,0,0,0,0,0,519.062,0,101.382,-620.444
"MtrElec",7,30,13,"",0,0,0,0,0,0,0,0,0,0,0,0,0,0,0,0,0,0,0,0,0,530.946,0,134.202,-665.148
"MtrElec",7,30,14,"",0,0,0,0,0,0,0,0,0,0,0,0,0,0,0,0,0,0,0,0,0,510.152,0,149.718,-659.871
"MtrElec",7,30,15,"",0,0,0,0,0,0,0,0,0,0,0,0,0,0,0,0,0,0,0,0,0,543.144,0,77.4269,-620.571
"MtrElec",7,30,16,"",0,0,0,0,0,0,0,0,0,0,0,0,0,0,0,0,0,0,0,0,0,506.928,0,30.3183,-537.246
"MtrElec",7,30,17,"",125.284,0,0,0,0,0,0,0,0,0,0,0,0,0,0,0,0,0,0,0,0,538.241,0,0,-412.957
"MtrElec",7,30,18,"",323.024,0,0,0,0,0,0,0,0,0,0,0,0,0,0,0,0,0,0,0,0,576.157,0,0,-253.132
"MtrElec",7,30,19,"",245.894,0,0,0,0,0,0,0,0,0,0,0,0,0,0,0,0,0,0,0,0,556.411,0,-223.222,-87.2948
"MtrElec",7,30,20,"",278.33,0,0,0,0,0,0,0,0,0,0,0,0,0,0,0,0,0,0,0,0,511.548,0,-223.222,-9.99578
"MtrElec",7,30,21,"",468.166,0,0,0,0,0,0,0,0,0,0,0,0,0,0,0,0,0,0,0,0,485.203,0,-17.0372,0
"MtrElec",7,30,22,"",319.404,0,0,0,0,0,0,0,0,0,0,0,0,0,0,0,0,0,0,0,0,319.404,0,0,0
"MtrElec",7,30,23,"",253.235,0,0,0,0,0,0,0,0,0,0,0,0,0,0,0,0,0,0,0,0,253.235,0,0,0
"MtrElec",7,30,24,"",270.457,0,0,0,0,0,0,0,0,0,0,0,0,0,0,0,0,0,0,0,0,270.457,0,0,0
"MtrElec",7,31,1,"",177.093,0,0,0,0,0,0,0,0,0,0,0,0,0,0,0,0,0,0,0,0,177.093,0,0,0
"MtrElec",7,31,2,"",161.434,0,0,0,0,0,0,0,0,0,0,0,0,0,0,0,0,0,0,0,0,161.434,0,0,0
"MtrElec",7,31,3,"",154.901,0,0,0,0,0,0,0,0,0,0,0,0,0,0,0,0,0,0,0,0,154.901,0,0,0
"MtrElec",7,31,4,"",153.847,0,0,0,0,0,0,0,0,0,0,0,0,0,0,0,0,0,0,0,0,153.847,0,0,0
"MtrElec",7,31,5,"",150.401,0,0,0,0,0,0,0,0,0,0,0,0,0,0,0,0,0,0,0,0,150.401,0,0,0
"MtrElec",7,31,6,"",196.531,0,0,0,0,0,0,0,0,0,0,0,0,0,0,0,0,0,0,0,0,196.531,0,0,0
"MtrElec",7,31,7,"",263.883,0,0,0,0,0,0,0,0,0,0,0,0,0,0,0,0,0,0,0,0,276.645,0,0,-12.7612
"MtrElec",7,31,8,"",272.162,0,0,0,0,0,0,0,0,0,0,0,0,0,0,0,0,0,0,0,0,352.976,0,0,-80.8132
"MtrElec",7,31,9,"",288.384,0,0,0,0,0,0,0,0,0,0,0,0,0,0,0,0,0,0,0,0,454.848,0,0,-166.465
"MtrElec",7,31,10,"",214.138,0,0,0,0,0,0,0,0,0,0,0,0,0,0,0,0,0,0,0,0,498.585,0,0,-284.448
"MtrElec",7,31,11,"",0.0000005,0,0,0,0,0,0,0,0,0,0,0,0,0,0,0,0,0,0,0,0,491.126,0,4.48244,-495.609
"MtrElec",7,31,12,"",0.0000039,0,0,0,0,0,0,0,0,0,0,0,0,0,0,0,0,0,0,0,0,540.224,0,64.6904,-604.914
"MtrElec",7,31,13,"",0,0,0,0,0,0,0,0,0,0,0,0,0,0,0,0,0,0,0,0,0,617.403,0,20.0193,-637.422
"MtrElec",7,31,14,"",0,0,0,0,0,0,0,0,0,0,0,0,0,0,0,0,0,0,0,0,0,494.791,0,148.173,-642.964
"MtrElec",7,31,15,"",0,0,0,0,0,0,0,0,0,0,0,0,0,0,0,0,0,0,0,0,0,496.797,0,108.544,-605.342
"MtrElec",7,31,16,"",11.8177,0,0,0,0,0,0,0,0,0,0,0,0,0,0,0,0,0,0,0,0,531.417,0,0,-519.599
"MtrElec",7,31,17,"",124.337,0,0,0,0,0,0,0,0,0,0,0,0,0,0,0,0,0,0,0,0,517.639,0,0,-393.301
"MtrElec",7,31,18,"",314.734,0,0,0,0,0,0,0,0,0,0,0,0,0,0,0,0,0,0,0,0,560.615,0,0,-245.881
"MtrElec",7,31,19,"",228.166,0,0,0,0,0,0,0,0,0,0,0,0,0,0,0,0,0,0,0,0,538.913,0,-223.222,-87.5255
"MtrElec",7,31,20,"",424.408,0,0,0,0,0,0,0,0,0,0,0,0,0,0,0,0,0,0,0,0,523.347,0,-88.9613,-9.97755
"MtrElec",7,31,21,"",500.858,0,0,0,0,0,0,0,0,0,0,0,0,0,0,0,0,0,0,0,0,500.858,0,0,0
"MtrElec",7,31,22,"",309.89,0,0,0,0,0,0,0,0,0,0,0,0,0,0,0,0,0,0,0,0,309.89,0,0,0
"MtrElec",7,31,23,"",325.428,0,0,0,0,0,0,0,0,0,0,0,0,0,0,0,0,0,0,0,0,325.428,0,0,0
"MtrElec",7,31,24,"",275.363,0,0,0,0,0,0,0,0,0,0,0,0,0,0,0,0,0,0,0,0,275.363,0,0,0
"MtrElec",8,1,1,"",165.967,0,0,0,0,0,0,0,0,0,0,0,0,0,0,0,0,0,0,0,0,165.967,0,0,0
"MtrElec",8,1,2,"",159.462,0,0,0,0,0,0,0,0,0,0,0,0,0,0,0,0,0,0,0,0,159.462,0,0,0
"MtrElec",8,1,3,"",156.235,0,0,0,0,0,0,0,0,0,0,0,0,0,0,0,0,0,0,0,0,156.235,0,0,0
"MtrElec",8,1,4,"",155.232,0,0,0,0,0,0,0,0,0,0,0,0,0,0,0,0,0,0,0,0,155.232,0,0,0
"MtrElec",8,1,5,"",172.17,0,0,0,0,0,0,0,0,0,0,0,0,0,0,0,0,0,0,0,0,172.17,0,0,0
"MtrElec",8,1,6,"",156.922,0,0,0,0,0,0,0,0,0,0,0,0,0,0,0,0,0,0,0,0,156.922,0,0,0
"MtrElec",8,1,7,"",238.497,0,0,0,0,0,0,0,0,0,0,0,0,0,0,0,0,0,0,0,0,251.991,0,0,-13.4939
"MtrElec",8,1,8,"",180.764,0,0,0,0,0,0,0,0,0,0,0,0,0,0,0,0,0,0,0,0,265.26,0,0,-84.4965
"MtrElec",8,1,9,"",191.748,0,0,0,0,0,0,0,0,0,0,0,0,0,0,0,0,0,0,0,0,375.864,0,0,-184.116
"MtrElec",8,1,10,"",66.1677,0,0,0,0,0,0,0,0,0,0,0,0,0,0,0,0,0,0,0,0,466.975,0,0,-400.807
"MtrElec",8,1,11,"",45.814,0,0,0,0,0,0,0,0,0,0,0,0,0,0,0,0,0,0,0,0,585.602,0,0,-539.788
"MtrElec",8,1,12,"",18.5891,0,0,0,0,0,0,0,0,0,0,0,0,0,0,0,0,0,0,0,0,631.167,0,0,-612.578
"MtrElec",8,1,13,"",0,0,0,0,0,0,0,0,0,0,0,0,0,0,0,0,0,0,0,0,0,601.54,0,66.1016,-667.641
"MtrElec",8,1,14,"",0.0000156,0,0,0,0,0,0,0,0,0,0,0,0,0,0,0,0,0,0,0,0,548.679,0,134.493,-683.172
"MtrElec",8,1,15,"",0,0,0,0,0,0,0,0,0,0,0,0,0,0,0,0,0,0,0,0,0,520.744,0,118.343,-639.087
"MtrElec",8,1,16,"",0.0000010,0,0,0,0,0,0,0,0,0,0,0,0,0,0,0,0,0,0,0,0,542.476,0,10.7744,-553.25
"MtrElec",8,1,17,"",102.399,0,0,0,0,0,0,0,0,0,0,0,0,0,0,0,0,0,0,0,0,532.079,0,0,-429.68
"MtrElec",8,1,18,"",287.603,0,0,0,0,0,0,0,0,0,0,0,0,0,0,0,0,0,0,0,0,550.777,0,0,-263.174
"MtrElec",8,1,19,"",218.533,0,0,0,0,0,0,0,0,0,0,0,0,0,0,0,0,0,0,0,0,530.052,0,-223.222,-88.2964
"MtrElec",8,1,20,"",360.836,0,0,0,0,0,0,0,0,0,0,0,0,0,0,0,0,0,0,0,0,443.681,0,-74.3426,-8.50241
"MtrElec",8,1,21,"",395.965,0,0,0,0,0,0,0,0,0,0,0,0,0,0,0,0,0,0,0,0,395.965,0,0,0
"MtrElec",8,1,22,"",341.306,0,0,0,0,0,0,0,0,0,0,0,0,0,0,0,0,0,0,0,0,341.306,0,0,0
"MtrElec",8,1,23,"",217.584,0,0,0,0,0,0,0,0,0,0,0,0,0,0,0,0,0,0,0,0,217.584,0,0,0
"MtrElec",8,1,24,"",211.97,0,0,0,0,0,0,0,0,0,0,0,0,0,0,0,0,0,0,0,0,211.97,0,0,0
"MtrElec",8,2,1,"",166.215,0,0,0,0,0,0,0,0,0,0,0,0,0,0,0,0,0,0,0,0,166.215,0,0,0
"MtrElec",8,2,2,"",153.122,0,0,0,0,0,0,0,0,0,0,0,0,0,0,0,0,0,0,0,0,153.122,0,0,0
"MtrElec",8,2,3,"",154.205,0,0,0,0,0,0,0,0,0,0,0,0,0,0,0,0,0,0,0,0,154.205,0,0,0
"MtrElec",8,2,4,"",153.558,0,0,0,0,0,0,0,0,0,0,0,0,0,0,0,0,0,0,0,0,153.558,0,0,0
"MtrElec",8,2,5,"",154.801,0,0,0,0,0,0,0,0,0,0,0,0,0,0,0,0,0,0,0,0,154.801,0,0,0
"MtrElec",8,2,6,"",189.913,0,0,0,0,0,0,0,0,0,0,0,0,0,0,0,0,0,0,0,0,189.913,0,0,0
"MtrElec",8,2,7,"",149.036,0,0,0,0,0,0,0,0,0,0,0,0,0,0,0,0,0,0,0,0,159.555,0,0,-10.5183
"MtrElec",8,2,8,"",166.012,0,0,0,0,0,0,0,0,0,0,0,0,0,0,0,0,0,0,0,0,237.179,0,0,-71.1668
"MtrElec",8,2,9,"",168.279,0,0,0,0,0,0,0,0,0,0,0,0,0,0,0,0,0,0,0,0,321.69,0,0,-153.411
"MtrElec",8,2,10,"",49.5388,0,0,0,0,0,0,0,0,0,0,0,0,0,0,0,0,0,0,0,0,388.414,0,0,-338.875
"MtrElec",8,2,11,"",0.0000078,0,0,0,0,0,0,0,0,0,0,0,0,0,0,0,0,0,0,0,0,435.28,0,119.321,-554.601
"MtrElec",8,2,12,"",0,0,0,0,0,0,0,0,0,0,0,0,0,0,0,0,0,0,0,0,0,520.403,0,107.544,-627.946
"MtrElec",8,2,13,"",0,0,0,0,0,0,0,0,0,0,0,0,0,0,0,0,0,0,0,0,0,502.738,0,166.497,-669.234
"MtrElec",8,2,14,"",0.0000156,0,0,0,0,0,0,0,0,0,0,0,0,0,0,0,0,0,0,0,0,462.611,0,215.871,-678.482
"MtrElec",8,2,15,"",0,0,0,0,0,0,0,0,0,0,0,0,0,0,0,0,0,0,0,0,0,507.471,0,130.328,-637.798
"MtrElec",8,2,16,"",-36.2528,0,0,0,0,0,0,0,0,0,0,0,0,0,0,0,0,0,0,0,0,457.739,0,59.4025,-553.394
"MtrElec",8,2,17,"",39.1293,0,0,0,0,0,0,0,0,0,0,0,0,0,0,0,0,0,0,0,0,465.286,0,0,-426.157
"MtrElec",8,2,18,"",213.701,0,0,0,0,0,0,0,0,0,0,0,0,0,0,0,0,0,0,0,0,471.384,0,0,-257.683
"MtrElec",8,2,19,"",182.934,0,0,0,0,0,0,0,0,0,0,0,0,0,0,0,0,0,0,0,0,493.317,0,-223.222,-87.1604
"MtrElec",8,2,20,"",157.104,0,0,0,0,0,0,0,0,0,0,0,0,0,0,0,0,0,0,0,0,389.284,0,-223.222,-8.95774
"MtrElec",8,2,21,"",135.438,0,0,0,0,0,0,0,0,0,0,0,0,0,0,0,0,0,0,0,0,358.66,0,-223.222,0
"MtrElec",8,2,22,"",308.54,0,0,0,0,0,0,0,0,0,0,0,0,0,0,0,0,0,0,0,0,359.936,0,-51.3963,0
"MtrElec",8,2,23,"",238.376,0,0,0,0,0,0,0,0,0,0,0,0,0,0,0,0,0,0,0,0,238.376,0,0,0
"MtrElec",8,2,24,"",200.81,0,0,0,0,0,0,0,0,0,0,0,0,0,0,0,0,0,0,0,0,200.81,0,0,0
"MtrElec",8,3,1,"",172.448,0,0,0,0,0,0,0,0,0,0,0,0,0,0,0,0,0,0,0,0,172.448,0,0,0
"MtrElec",8,3,2,"",157.008,0,0,0,0,0,0,0,0,0,0,0,0,0,0,0,0,0,0,0,0,157.008,0,0,0
"MtrElec",8,3,3,"",152.736,0,0,0,0,0,0,0,0,0,0,0,0,0,0,0,0,0,0,0,0,152.736,0,0,0
"MtrElec",8,3,4,"",151.325,0,0,0,0,0,0,0,0,0,0,0,0,0,0,0,0,0,0,0,0,151.325,0,0,0
"MtrElec",8,3,5,"",146.146,0,0,0,0,0,0,0,0,0,0,0,0,0,0,0,0,0,0,0,0,146.146,0,0,0
"MtrElec",8,3,6,"",193.827,0,0,0,0,0,0,0,0,0,0,0,0,0,0,0,0,0,0,0,0,193.827,0,0,0
"MtrElec",8,3,7,"",274.287,0,0,0,0,0,0,0,0,0,0,0,0,0,0,0,0,0,0,0,0,284.817,0,0,-10.5301
"MtrElec",8,3,8,"",230.178,0,0,0,0,0,0,0,0,0,0,0,0,0,0,0,0,0,0,0,0,330.648,0,0,-100.47
"MtrElec",8,3,9,"",153.087,0,0,0,0,0,0,0,0,0,0,0,0,0,0,0,0,0,0,0,0,421.952,0,0,-268.865
"MtrElec",8,3,10,"",98.6902,0,0,0,0,0,0,0,0,0,0,0,0,0,0,0,0,0,0,0,0,529.237,0,0,-430.546
"MtrElec",8,3,11,"",0,0,0,0,0,0,0,0,0,0,0,0,0,0,0,0,0,0,0,0,0,509.511,0,45.4277,-554.939
"MtrElec",8,3,12,"",0,0,0,0,0,0,0,0,0,0,0,0,0,0,0,0,0,0,0,0,0,546.693,0,88.6784,-635.371
"MtrElec",8,3,13,"",0.0000078,0,0,0,0,0,0,0,0,0,0,0,0,0,0,0,0,0,0,0,0,590.901,0,89.6639,-680.565
"MtrElec",8,3,14,"",0.0000156,0,0,0,0,0,0,0,0,0,0,0,0,0,0,0,0,0,0,0,0,505.201,0,173.217,-678.418
"MtrElec",8,3,15,"",0,0,0,0,0,0,0,0,0,0,0,0,0,0,0,0,0,0,0,0,0,473.96,0,159.322,-633.282
"MtrElec",8,3,16,"",0,0,0,0,0,0,0,0,0,0,0,0,0,0,0,0,0,0,0,0,0,544.049,0,2.84231,-546.891
"MtrElec",8,3,17,"",149.769,0,0,0,0,0,0,0,0,0,0,0,0,0,0,0,0,0,0,0,0,568.111,0,0,-418.342
"MtrElec",8,3,18,"",275.418,0,0,0,0,0,0,0,0,0,0,0,0,0,0,0,0,0,0,0,0,528.148,0,0,-252.73
"MtrElec",8,3,19,"",228.908,0,0,0,0,0,0,0,0,0,0,0,0,0,0,0,0,0,0,0,0,536.87,0,-223.222,-84.7394
"MtrElec",8,3,20,"",305.394,0,0,0,0,0,0,0,0,0,0,0,0,0,0,0,0,0,0,0,0,536.856,0,-223.222,-8.23932
"MtrElec",8,3,21,"",437.704,0,0,0,0,0,0,0,0,0,0,0,0,0,0,0,0,0,0,0,0,495.893,0,-58.1891,0
"MtrElec",8,3,22,"",345.906,0,0,0,0,0,0,0,0,0,0,0,0,0,0,0,0,0,0,0,0,345.906,0,0,0
"MtrElec",8,3,23,"",229.742,0,0,0,0,0,0,0,0,0,0,0,0,0,0,0,0,0,0,0,0,229.742,0,0,0
"MtrElec",8,3,24,"",238.716,0,0,0,0,0,0,0,0,0,0,0,0,0,0,0,0,0,0,0,0,238.716,0,0,0
"MtrElec",8,4,1,"",179.1,0,0,0,0,0,0,0,0,0,0,0,0,0,0,0,0,0,0,0,0,179.1,0,0,0
"MtrElec",8,4,2,"",157.73,0,0,0,0,0,0,0,0,0,0,0,0,0,0,0,0,0,0,0,0,157.73,0,0,0
"MtrElec",8,4,3,"",151.351,0,0,0,0,0,0,0,0,0,0,0,0,0,0,0,0,0,0,0,0,151.351,0,0,0
"MtrElec",8,4,4,"",150.369,0,0,0,0,0,0,0,0,0,0,0,0,0,0,0,0,0,0,0,0,150.369,0,0,0
"MtrElec",8,4,5,"",144.537,0,0,0,0,0,0,0,0,0,0,0,0,0,0,0,0,0,0,0,0,144.537,0,0,0
"MtrElec",8,4,6,"",189.893,0,0,0,0,0,0,0,0,0,0,0,0,0,0,0,0,0,0,0,0,189.893,0,0,0
"MtrElec",8,4,7,"",285.064,0,0,0,0,0,0,0,0,0,0,0,0,0,0,0,0,0,0,0,0,296.304,0,0,-11.2394
"MtrElec",8,4,8,"",274.892,0,0,0,0,0,0,0,0,0,0,0,0,0,0,0,0,0,0,0,0,375.107,0,0,-100.215
"MtrElec",8,4,9,"",164.54,0,0,0,0,0,0,0,0,0,0,0,0,0,0,0,0,0,0,0,0,429.837,0,0,-265.298
"MtrElec",8,4,10,"",91.97,0,0,0,0,0,0,0,0,0,0,0,0,0,0,0,0,0,0,0,0,508.644,0,0,-416.674
"MtrElec",8,4,11,"",0,0,0,0,0,0,0,0,0,0,0,0,0,0,0,0,0,0,0,0,0,504.761,0,41.172,-545.933
"MtrElec",8,4,12,"",0,0,0,0,0,0,0,0,0,0,0,0,0,0,0,0,0,0,0,0,0,512.323,0,116.245,-628.568
"MtrElec",8,4,13,"",0,0,0,0,0,0,0,0,0,0,0,0,0,0,0,0,0,0,0,0,0,568.787,0,99.2097,-667.996
"MtrElec",8,4,14,"",0,0,0,0,0,0,0,0,0,0,0,0,0,0,0,0,0,0,0,0,0,470.872,0,198.166,-669.038
"MtrElec",8,4,15,"",0,0,0,0,0,0,0,0,0,0,0,0,0,0,0,0,0,0,0,0,0,512.869,0,109.994,-622.862
"MtrElec",8,4,16,"",0.0000039,0,0,0,0,0,0,0,0,0,0,0,0,0,0,0,0,0,0,0,0,484.353,0,49.3928,-533.746
"MtrElec",8,4,17,"",134.414,0,0,0,0,0,0,0,0,0,0,0,0,0,0,0,0,0,0,0,0,540.442,0,0,-406.028
"MtrElec",8,4,18,"",314.792,0,0,0,0,0,0,0,0,0,0,0,0,0,0,0,0,0,0,0,0,559.526,0,0,-244.734
"MtrElec",8,4,19,"",239.146,0,0,0,0,0,0,0,0,0,0,0,0,0,0,0,0,0,0,0,0,540.722,0,-223.222,-78.3535
"MtrElec",8,4,20,"",287.914,0,0,0,0,0,0,0,0,0,0,0,0,0,0,0,0,0,0,0,0,521.112,0,-223.222,-9.97612
"MtrElec",8,4,21,"",385.711,0,0,0,0,0,0,0,0,0,0,0,0,0,0,0,0,0,0,0,0,493.563,0,-107.852,0
"MtrElec",8,4,22,"",319.447,0,0,0,0,0,0,0,0,0,0,0,0,0,0,0,0,0,0,0,0,319.447,0,0,0
"MtrElec",8,4,23,"",277.696,0,0,0,0,0,0,0,0,0,0,0,0,0,0,0,0,0,0,0,0,277.696,0,0,0
"MtrElec",8,4,24,"",206.77,0,0,0,0,0,0,0,0,0,0,0,0,0,0,0,0,0,0,0,0,206.77,0,0,0
"MtrElec",8,5,1,"",167.475,0,0,0,0,0,0,0,0,0,0,0,0,0,0,0,0,0,0,0,0,167.475,0,0,0
"MtrElec",8,5,2,"",158.524,0,0,0,0,0,0,0,0,0,0,0,0,0,0,0,0,0,0,0,0,158.524,0,0,0
"MtrElec",8,5,3,"",152.229,0,0,0,0,0,0,0,0,0,0,0,0,0,0,0,0,0,0,0,0,152.229,0,0,0
"MtrElec",8,5,4,"",151.512,0,0,0,0,0,0,0,0,0,0,0,0,0,0,0,0,0,0,0,0,151.512,0,0,0
"MtrElec",8,5,5,"",147.987,0,0,0,0,0,0,0,0,0,0,0,0,0,0,0,0,0,0,0,0,147.987,0,0,0
"MtrElec",8,5,6,"",193.714,0,0,0,0,0,0,0,0,0,0,0,0,0,0,0,0,0,0,0,0,193.714,0,0,0
"MtrElec",8,5,7,"",266.726,0,0,0,0,0,0,0,0,0,0,0,0,0,0,0,0,0,0,0,0,279.503,0,0,-12.7771
"MtrElec",8,5,8,"",303.805,0,0,0,0,0,0,0,0,0,0,0,0,0,0,0,0,0,0,0,0,396.33,0,0,-92.5253
"MtrElec",8,5,9,"",188.626,0,0,0,0,0,0,0,0,0,0,0,0,0,0,0,0,0,0,0,0,403.642,0,0,-215.016
"MtrElec",8,5,10,"",83.5176,0,0,0,0,0,0,0,0,0,0,0,0,0,0,0,0,0,0,0,0,491.266,0,0,-407.749
"MtrElec",8,5,11,"",13.4273,0,0,0,0,0,0,0,0,0,0,0,0,0,0,0,0,0,0,0,0,534.304,0,0,-520.876
"MtrElec",8,5,12,"",0.0000039,0,0,0,0,0,0,0,0,0,0,0,0,0,0,0,0,0,0,0,0,547.29,0,60.4813,-607.771
"MtrElec",8,5,13,"",0.0000039,0,0,0,0,0,0,0,0,0,0,0,0,0,0,0,0,0,0,0,0,606.747,0,48.3765,-655.123
"MtrElec",8,5,14,"",0,0,0,0,0,0,0,0,0,0,0,0,0,0,0,0,0,0,0,0,0,476.976,0,181.255,-658.231
"MtrElec",8,5,15,"",0,0,0,0,0,0,0,0,0,0,0,0,0,0,0,0,0,0,0,0,0,477.451,0,137.446,-614.897
"MtrElec",8,5,16,"",10.8556,0,0,0,0,0,0,0,0,0,0,0,0,0,0,0,0,0,0,0,0,533.706,0,0,-522.851
"MtrElec",8,5,17,"",171.915,0,0,0,0,0,0,0,0,0,0,0,0,0,0,0,0,0,0,0,0,565.729,0,0,-393.814
"MtrElec",8,5,18,"",336.464,0,0,0,0,0,0,0,0,0,0,0,0,0,0,0,0,0,0,0,0,572.192,0,0,-235.728
"MtrElec",8,5,19,"",241.459,0,0,0,0,0,0,0,0,0,0,0,0,0,0,0,0,0,0,0,0,548.304,0,-223.222,-83.6219
"MtrElec",8,5,20,"",358.936,0,0,0,0,0,0,0,0,0,0,0,0,0,0,0,0,0,0,0,0,531.71,0,-162.649,-10.1252
"MtrElec",8,5,21,"",469.442,0,0,0,0,0,0,0,0,0,0,0,0,0,0,0,0,0,0,0,0,469.442,0,0,0
"MtrElec",8,5,22,"",344.834,0,0,0,0,0,0,0,0,0,0,0,0,0,0,0,0,0,0,0,0,344.834,0,0,0
"MtrElec",8,5,23,"",261.984,0,0,0,0,0,0,0,0,0,0,0,0,0,0,0,0,0,0,0,0,261.984,0,0,0
"MtrElec",8,5,24,"",228.04,0,0,0,0,0,0,0,0,0,0,0,0,0,0,0,0,0,0,0,0,228.04,0,0,0
"MtrElec",8,6,1,"",170.958,0,0,0,0,0,0,0,0,0,0,0,0,0,0,0,0,0,0,0,0,170.958,0,0,0
"MtrElec",8,6,2,"",161.06,0,0,0,0,0,0,0,0,0,0,0,0,0,0,0,0,0,0,0,0,161.06,0,0,0
"MtrElec",8,6,3,"",153.036,0,0,0,0,0,0,0,0,0,0,0,0,0,0,0,0,0,0,0,0,153.036,0,0,0
"MtrElec",8,6,4,"",152.138,0,0,0,0,0,0,0,0,0,0,0,0,0,0,0,0,0,0,0,0,152.138,0,0,0
"MtrElec",8,6,5,"",183.691,0,0,0,0,0,0,0,0,0,0,0,0,0,0,0,0,0,0,0,0,183.691,0,0,0
"MtrElec",8,6,6,"",155.636,0,0,0,0,0,0,0,0,0,0,0,0,0,0,0,0,0,0,0,0,155.636,0,0,0
"MtrElec",8,6,7,"",277.261,0,0,0,0,0,0,0,0,0,0,0,0,0,0,0,0,0,0,0,0,288.795,0,0,-11.5342
"MtrElec",8,6,8,"",264.23,0,0,0,0,0,0,0,0,0,0,0,0,0,0,0,0,0,0,0,0,363.485,0,0,-99.2555
"MtrElec",8,6,9,"",154.683,0,0,0,0,0,0,0,0,0,0,0,0,0,0,0,0,0,0,0,0,406.454,0,0,-251.771
"MtrElec",8,6,10,"",94.29,0,0,0,0,0,0,0,0,0,0,0,0,0,0,0,0,0,0,0,0,498.647,0,0,-404.357
"MtrElec",8,6,11,"",0,0,0,0,0,0,0,0,0,0,0,0,0,0,0,0,0,0,0,0,0,513.292,0,16.1951,-529.487
"MtrElec",8,6,12,"",0,0,0,0,0,0,0,0,0,0,0,0,0,0,0,0,0,0,0,0,0,504.304,0,109.22,-613.524
"MtrElec",8,6,13,"",0,0,0,0,0,0,0,0,0,0,0,0,0,0,0,0,0,0,0,0,0,547.758,0,104.188,-651.946
"MtrElec",8,6,14,"",0,0,0,0,0,0,0,0,0,0,0,0,0,0,0,0,0,0,0,0,0,522.487,0,131.076,-653.564
"MtrElec",8,6,15,"",0,0,0,0,0,0,0,0,0,0,0,0,0,0,0,0,0,0,0,0,0,476.928,0,132.607,-609.535
"MtrElec",8,6,16,"",17.5324,0,0,0,0,0,0,0,0,0,0,0,0,0,0,0,0,0,0,0,0,541.432,0,0,-523.899
"MtrElec",8,6,17,"",123.668,0,0,0,0,0,0,0,0,0,0,0,0,0,0,0,0,0,0,0,0,520.061,0,0,-396.393
"MtrElec",8,6,18,"",330.391,0,0,0,0,0,0,0,0,0,0,0,0,0,0,0,0,0,0,0,0,567.081,0,0,-236.69
"MtrElec",8,6,19,"",233.498,0,0,0,0,0,0,0,0,0,0,0,0,0,0,0,0,0,0,0,0,534.682,0,-223.222,-77.9621
"MtrElec",8,6,20,"",304.195,0,0,0,0,0,0,0,0,0,0,0,0,0,0,0,0,0,0,0,0,534.403,0,-221.969,-8.23869
"MtrElec",8,6,21,"",510.217,0,0,0,0,0,0,0,0,0,0,0,0,0,0,0,0,0,0,0,0,510.217,0,0,0
"MtrElec",8,6,22,"",322.235,0,0,0,0,0,0,0,0,0,0,0,0,0,0,0,0,0,0,0,0,322.235,0,0,0
"MtrElec",8,6,23,"",298.346,0,0,0,0,0,0,0,0,0,0,0,0,0,0,0,0,0,0,0,0,298.346,0,0,0
"MtrElec",8,6,24,"",209.583,0,0,0,0,0,0,0,0,0,0,0,0,0,0,0,0,0,0,0,0,209.583,0,0,0
"MtrElec",8,7,1,"",175.647,0,0,0,0,0,0,0,0,0,0,0,0,0,0,0,0,0,0,0,0,175.647,0,0,0
"MtrElec",8,7,2,"",160.537,0,0,0,0,0,0,0,0,0,0,0,0,0,0,0,0,0,0,0,0,160.537,0,0,0
"MtrElec",8,7,3,"",153.999,0,0,0,0,0,0,0,0,0,0,0,0,0,0,0,0,0,0,0,0,153.999,0,0,0
"MtrElec",8,7,4,"",153.061,0,0,0,0,0,0,0,0,0,0,0,0,0,0,0,0,0,0,0,0,153.061,0,0,0
"MtrElec",8,7,5,"",183.411,0,0,0,0,0,0,0,0,0,0,0,0,0,0,0,0,0,0,0,0,183.411,0,0,0
"MtrElec",8,7,6,"",154.341,0,0,0,0,0,0,0,0,0,0,0,0,0,0,0,0,0,0,0,0,154.341,0,0,0
"MtrElec",8,7,7,"",266.337,0,0,0,0,0,0,0,0,0,0,0,0,0,0,0,0,0,0,0,0,277.854,0,0,-11.5168
"MtrElec",8,7,8,"",272.127,0,0,0,0,0,0,0,0,0,0,0,0,0,0,0,0,0,0,0,0,370.412,0,0,-98.2847
"MtrElec",8,7,9,"",131.901,0,0,0,0,0,0,0,0,0,0,0,0,0,0,0,0,0,0,0,0,387.541,0,0,-255.639
"MtrElec",8,7,10,"",74.1036,0,0,0,0,0,0,0,0,0,0,0,0,0,0,0,0,0,0,0,0,483.483,0,0,-409.38
"MtrElec",8,7,11,"",0,0,0,0,0,0,0,0,0,0,0,0,0,0,0,0,0,0,0,0,0,526.329,0,9.94544,-536.275
"MtrElec",8,7,12,"",0,0,0,0,0,0,0,0,0,0,0,0,0,0,0,0,0,0,0,0,0,526.821,0,99.0684,-625.889
"MtrElec",8,7,13,"",0,0,0,0,0,0,0,0,0,0,0,0,0,0,0,0,0,0,0,0,0,502.847,0,157.081,-659.928
"MtrElec",8,7,14,"",0,0,0,0,0,0,0,0,0,0,0,0,0,0,0,0,0,0,0,0,0,489.018,0,169.7,-658.718
"MtrElec",8,7,15,"",0,0,0,0,0,0,0,0,0,0,0,0,0,0,0,0,0,0,0,0,0,501.956,0,116.668,-618.625
"MtrElec",8,7,16,"",0.0000039,0,0,0,0,0,0,0,0,0,0,0,0,0,0,0,0,0,0,0,0,492.897,0,35.2735,-528.171
"MtrElec",8,7,17,"",126.975,0,0,0,0,0,0,0,0,0,0,0,0,0,0,0,0,0,0,0,0,526.599,0,0,-399.624
"MtrElec",8,7,18,"",284.9,0,0,0,0,0,0,0,0,0,0,0,0,0,0,0,0,0,0,0,0,525.135,0,0,-240.235
"MtrElec",8,7,19,"",217.875,0,0,0,0,0,0,0,0,0,0,0,0,0,0,0,0,0,0,0,0,521.651,0,-223.222,-80.5541
"MtrElec",8,7,20,"",317.855,0,0,0,0,0,0,0,0,0,0,0,0,0,0,0,0,0,0,0,0,548.14,0,-223.222,-7.06245
"MtrElec",8,7,21,"",404.263,0,0,0,0,0,0,0,0,0,0,0,0,0,0,0,0,0,0,0,0,488.25,0,-83.9874,0
"MtrElec",8,7,22,"",289.871,0,0,0,0,0,0,0,0,0,0,0,0,0,0,0,0,0,0,0,0,289.871,0,0,0
"MtrElec",8,7,23,"",271.875,0,0,0,0,0,0,0,0,0,0,0,0,0,0,0,0,0,0,0,0,271.875,0,0,0
"MtrElec",8,7,24,"",199.516,0,0,0,0,0,0,0,0,0,0,0,0,0,0,0,0,0,0,0,0,199.516,0,0,0
"MtrElec",8,8,1,"",173.47,0,0,0,0,0,0,0,0,0,0,0,0,0,0,0,0,0,0,0,0,173.47,0,0,0
"MtrElec",8,8,2,"",154.488,0,0,0,0,0,0,0,0,0,0,0,0,0,0,0,0,0,0,0,0,154.488,0,0,0
"MtrElec",8,8,3,"",192.339,0,0,0,0,0,0,0,0,0,0,0,0,0,0,0,0,0,0,0,0,192.339,0,0,0
"MtrElec",8,8,4,"",157.043,0,0,0,0,0,0,0,0,0,0,0,0,0,0,0,0,0,0,0,0,157.043,0,0,0
"MtrElec",8,8,5,"",156.204,0,0,0,0,0,0,0,0,0,0,0,0,0,0,0,0,0,0,0,0,156.204,0,0,0
"MtrElec",8,8,6,"",153.042,0,0,0,0,0,0,0,0,0,0,0,0,0,0,0,0,0,0,0,0,153.042,0,0,0
"MtrElec",8,8,7,"",208.958,0,0,0,0,0,0,0,0,0,0,0,0,0,0,0,0,0,0,0,0,218.207,0,0,-9.24822
"MtrElec",8,8,8,"",221.237,0,0,0,0,0,0,0,0,0,0,0,0,0,0,0,0,0,0,0,0,317.569,0,0,-96.3322
"MtrElec",8,8,9,"",115.928,0,0,0,0,0,0,0,0,0,0,0,0,0,0,0,0,0,0,0,0,379.614,0,0,-263.686
"MtrElec",8,8,10,"",90.5786,0,0,0,0,0,0,0,0,0,0,0,0,0,0,0,0,0,0,0,0,503.663,0,0,-413.084
"MtrElec",8,8,11,"",0.262188,0,0,0,0,0,0,0,0,0,0,0,0,0,0,0,0,0,0,0,0,534.014,0,0,-533.751
"MtrElec",8,8,12,"",0,0,0,0,0,0,0,0,0,0,0,0,0,0,0,0,0,0,0,0,0,590.068,0,12.362,-602.43
"MtrElec",8,8,13,"",0.0000020,0,0,0,0,0,0,0,0,0,0,0,0,0,0,0,0,0,0,0,0,569.182,0,24.1813,-593.364
"MtrElec",8,8,14,"",0.0000039,0,0,0,0,0,0,0,0,0,0,0,0,0,0,0,0,0,0,0,0,538.187,0,64.5754,-602.762
"MtrElec",8,8,15,"",0.0000020,0,0,0,0,0,0,0,0,0,0,0,0,0,0,0,0,0,0,0,0,573.236,0,30.4221,-603.658
"MtrElec",8,8,16,"",0.0000020,0,0,0,0,0,0,0,0,0,0,0,0,0,0,0,0,0,0,0,0,504.84,0,18.1334,-522.973
"MtrElec",8,8,17,"",169.516,0,0,0,0,0,0,0,0,0,0,0,0,0,0,0,0,0,0,0,0,564.426,0,0,-394.91
"MtrElec",8,8,18,"",344.139,0,0,0,0,0,0,0,0,0,0,0,0,0,0,0,0,0,0,0,0,582.578,0,0,-238.44
"MtrElec",8,8,19,"",344.805,0,0,0,0,0,0,0,0,0,0,0,0,0,0,0,0,0,0,0,0,554.527,0,-135.081,-74.6417
"MtrElec",8,8,20,"",495.907,0,0,0,0,0,0,0,0,0,0,0,0,0,0,0,0,0,0,0,0,503.168,0,0,-7.26121
"MtrElec",8,8,21,"",441.541,0,0,0,0,0,0,0,0,0,0,0,0,0,0,0,0,0,0,0,0,441.541,0,0,0
"MtrElec",8,8,22,"",384.811,0,0,0,0,0,0,0,0,0,0,0,0,0,0,0,0,0,0,0,0,384.811,0,0,0
"MtrElec",8,8,23,"",268.77,0,0,0,0,0,0,0,0,0,0,0,0,0,0,0,0,0,0,0,0,268.77,0,0,0
"MtrElec",8,8,24,"",238.384,0,0,0,0,0,0,0,0,0,0,0,0,0,0,0,0,0,0,0,0,238.384,0,0,0
"MtrElec",8,9,1,"",172.403,0,0,0,0,0,0,0,0,0,0,0,0,0,0,0,0,0,0,0,0,172.403,0,0,0
"MtrElec",8,9,2,"",157.841,0,0,0,0,0,0,0,0,0,0,0,0,0,0,0,0,0,0,0,0,157.841,0,0,0
"MtrElec",8,9,3,"",190.346,0,0,0,0,0,0,0,0,0,0,0,0,0,0,0,0,0,0,0,0,190.346,0,0,0
"MtrElec",8,9,4,"",154.552,0,0,0,0,0,0,0,0,0,0,0,0,0,0,0,0,0,0,0,0,154.552,0,0,0
"MtrElec",8,9,5,"",171.517,0,0,0,0,0,0,0,0,0,0,0,0,0,0,0,0,0,0,0,0,171.517,0,0,0
"MtrElec",8,9,6,"",155.243,0,0,0,0,0,0,0,0,0,0,0,0,0,0,0,0,0,0,0,0,155.243,0,0,0
"MtrElec",8,9,7,"",155.883,0,0,0,0,0,0,0,0,0,0,0,0,0,0,0,0,0,0,0,0,166.796,0,0,-10.9126
"MtrElec",8,9,8,"",147.669,0,0,0,0,0,0,0,0,0,0,0,0,0,0,0,0,0,0,0,0,245.608,0,0,-97.939
"MtrElec",8,9,9,"",96.776,0,0,0,0,0,0,0,0,0,0,0,0,0,0,0,0,0,0,0,0,350.901,0,0,-254.125
"MtrElec",8,9,10,"",36.2924,0,0,0,0,0,0,0,0,0,0,0,0,0,0,0,0,0,0,0,0,440.545,0,0,-404.252
"MtrElec",8,9,11,"",0.0000039,0,0,0,0,0,0,0,0,0,0,0,0,0,0,0,0,0,0,0,0,490.471,0,39.0124,-529.484
"MtrElec",8,9,12,"",0.0000078,0,0,0,0,0,0,0,0,0,0,0,0,0,0,0,0,0,0,0,0,512.316,0,105.627,-617.943
"MtrElec",8,9,13,"",0,0,0,0,0,0,0,0,0,0,0,0,0,0,0,0,0,0,0,0,0,547.737,0,103.448,-651.185
"MtrElec",8,9,14,"",0,0,0,0,0,0,0,0,0,0,0,0,0,0,0,0,0,0,0,0,0,504.157,0,148.542,-652.699
"MtrElec",8,9,15,"",0,0,0,0,0,0,0,0,0,0,0,0,0,0,0,0,0,0,0,0,0,510.603,0,109.476,-620.079
"MtrElec",8,9,16,"",0.0000078,0,0,0,0,0,0,0,0,0,0,0,0,0,0,0,0,0,0,0,0,441.968,0,85.3238,-527.291
"MtrElec",8,9,17,"",92.5092,0,0,0,0,0,0,0,0,0,0,0,0,0,0,0,0,0,0,0,0,488.403,0,0,-395.894
"MtrElec",8,9,18,"",250.772,0,0,0,0,0,0,0,0,0,0,0,0,0,0,0,0,0,0,0,0,486.472,0,0,-235.701
"MtrElec",8,9,19,"",218.773,0,0,0,0,0,0,0,0,0,0,0,0,0,0,0,0,0,0,0,0,520.31,0,-223.222,-78.3152
"MtrElec",8,9,20,"",135.901,0,0,0,0,0,0,0,0,0,0,0,0,0,0,0,0,0,0,0,0,366.754,0,-223.222,-7.63052
"MtrElec",8,9,21,"",290.793,0,0,0,0,0,0,0,0,0,0,0,0,0,0,0,0,0,0,0,0,378.113,0,-87.32,0
"MtrElec",8,9,22,"",361.547,0,0,0,0,0,0,0,0,0,0,0,0,0,0,0,0,0,0,0,0,361.547,0,0,0
"MtrElec",8,9,23,"",213.873,0,0,0,0,0,0,0,0,0,0,0,0,0,0,0,0,0,0,0,0,213.873,0,0,0
"MtrElec",8,9,24,"",239.337,0,0,0,0,0,0,0,0,0,0,0,0,0,0,0,0,0,0,0,0,239.337,0,0,0
"MtrElec",8,10,1,"",170.81,0,0,0,0,0,0,0,0,0,0,0,0,0,0,0,0,0,0,0,0,170.81,0,0,0
"MtrElec",8,10,2,"",161.561,0,0,0,0,0,0,0,0,0,0,0,0,0,0,0,0,0,0,0,0,161.561,0,0,0
"MtrElec",8,10,3,"",153.848,0,0,0,0,0,0,0,0,0,0,0,0,0,0,0,0,0,0,0,0,153.848,0,0,0
"MtrElec",8,10,4,"",152.767,0,0,0,0,0,0,0,0,0,0,0,0,0,0,0,0,0,0,0,0,152.767,0,0,0
"MtrElec",8,10,5,"",171.563,0,0,0,0,0,0,0,0,0,0,0,0,0,0,0,0,0,0,0,0,171.563,0,0,0
"MtrElec",8,10,6,"",166.171,0,0,0,0,0,0,0,0,0,0,0,0,0,0,0,0,0,0,0,0,166.171,0,0,0
"MtrElec",8,10,7,"",259.487,0,0,0,0,0,0,0,0,0,0,0,0,0,0,0,0,0,0,0,0,270.603,0,0,-11.1168
"MtrElec",8,10,8,"",283.207,0,0,0,0,0,0,0,0,0,0,0,0,0,0,0,0,0,0,0,0,378.038,0,0,-94.8307
"MtrElec",8,10,9,"",179.181,0,0,0,0,0,0,0,0,0,0,0,0,0,0,0,0,0,0,0,0,407.079,0,0,-227.897
"MtrElec",8,10,10,"",86.6798,0,0,0,0,0,0,0,0,0,0,0,0,0,0,0,0,0,0,0,0,502.189,0,0,-415.509
"MtrElec",8,10,11,"",0.0000010,0,0,0,0,0,0,0,0,0,0,0,0,0,0,0,0,0,0,0,0,522.87,0,9.77938,-532.649
"MtrElec",8,10,12,"",0,0,0,0,0,0,0,0,0,0,0,0,0,0,0,0,0,0,0,0,0,485.664,0,141.997,-627.661
"MtrElec",8,10,13,"",0,0,0,0,0,0,0,0,0,0,0,0,0,0,0,0,0,0,0,0,0,538.511,0,125.621,-664.132
"MtrElec",8,10,14,"",0,0,0,0,0,0,0,0,0,0,0,0,0,0,0,0,0,0,0,0,0,532.325,0,129.306,-661.63
"MtrElec",8,10,15,"",0,0,0,0,0,0,0,0,0,0,0,0,0,0,0,0,0,0,0,0,0,480.818,0,133.884,-614.703
"MtrElec",8,10,16,"",0,0,0,0,0,0,0,0,0,0,0,0,0,0,0,0,0,0,0,0,0,524.9,0,1.5005,-526.4
"MtrElec",8,10,17,"",129.081,0,0,0,0,0,0,0,0,0,0,0,0,0,0,0,0,0,0,0,0,525.415,0,0,-396.334
"MtrElec",8,10,18,"",317.549,0,0,0,0,0,0,0,0,0,0,0,0,0,0,0,0,0,0,0,0,553.343,0,0,-235.794
"MtrElec",8,10,19,"",253.254,0,0,0,0,0,0,0,0,0,0,0,0,0,0,0,0,0,0,0,0,553.937,0,-223.222,-77.4607
"MtrElec",8,10,20,"",340.515,0,0,0,0,0,0,0,0,0,0,0,0,0,0,0,0,0,0,0,0,569.534,0,-223.222,-5.79697
"MtrElec",8,10,21,"",453.676,0,0,0,0,0,0,0,0,0,0,0,0,0,0,0,0,0,0,0,0,496.466,0,-42.7899,0
"MtrElec",8,10,22,"",327.791,0,0,0,0,0,0,0,0,0,0,0,0,0,0,0,0,0,0,0,0,327.791,0,0,0
"MtrElec",8,10,23,"",319.068,0,0,0,0,0,0,0,0,0,0,0,0,0,0,0,0,0,0,0,0,319.068,0,0,0
"MtrElec",8,10,24,"",227.279,0,0,0,0,0,0,0,0,0,0,0,0,0,0,0,0,0,0,0,0,227.279,0,0,0
"MtrElec",8,11,1,"",208.13,0,0,0,0,0,0,0,0,0,0,0,0,0,0,0,0,0,0,0,0,208.13,0,0,0
"MtrElec",8,11,2,"",157.131,0,0,0,0,0,0,0,0,0,0,0,0,0,0,0,0,0,0,0,0,157.131,0,0,0
"MtrElec",8,11,3,"",158.076,0,0,0,0,0,0,0,0,0,0,0,0,0,0,0,0,0,0,0,0,158.076,0,0,0
"MtrElec",8,11,4,"",158.157,0,0,0,0,0,0,0,0,0,0,0,0,0,0,0,0,0,0,0,0,158.157,0,0,0
"MtrElec",8,11,5,"",154.38,0,0,0,0,0,0,0,0,0,0,0,0,0,0,0,0,0,0,0,0,154.38,0,0,0
"MtrElec",8,11,6,"",154.851,0,0,0,0,0,0,0,0,0,0,0,0,0,0,0,0,0,0,0,0,154.851,0,0,0
"MtrElec",8,11,7,"",265.149,0,0,0,0,0,0,0,0,0,0,0,0,0,0,0,0,0,0,0,0,275.276,0,0,-10.1272
"MtrElec",8,11,8,"",314.496,0,0,0,0,0,0,0,0,0,0,0,0,0,0,0,0,0,0,0,0,400.363,0,0,-85.8675
"MtrElec",8,11,9,"",230.221,0,0,0,0,0,0,0,0,0,0,0,0,0,0,0,0,0,0,0,0,436.665,0,0,-206.444
"MtrElec",8,11,10,"",69.771,0,0,0,0,0,0,0,0,0,0,0,0,0,0,0,0,0,0,0,0,500.714,0,0,-430.943
"MtrElec",8,11,11,"",0,0,0,0,0,0,0,0,0,0,0,0,0,0,0,0,0,0,0,0,0,540.626,0,17.1203,-557.747
"MtrElec",8,11,12,"",0,0,0,0,0,0,0,0,0,0,0,0,0,0,0,0,0,0,0,0,0,552.013,0,91.4488,-643.461
"MtrElec",8,11,13,"",0,0,0,0,0,0,0,0,0,0,0,0,0,0,0,0,0,0,0,0,0,599.38,0,79.0746,-678.454
"MtrElec",8,11,14,"",0,0,0,0,0,0,0,0,0,0,0,0,0,0,0,0,0,0,0,0,0,490.976,0,180.763,-671.739
"MtrElec",8,11,15,"",0,0,0,0,0,0,0,0,0,0,0,0,0,0,0,0,0,0,0,0,0,520.286,0,109.66,-629.946
"MtrElec",8,11,16,"",1.64163,0,0,0,0,0,0,0,0,0,0,0,0,0,0,0,0,0,0,0,0,543.728,0,0,-542.086
"MtrElec",8,11,17,"",124.281,0,0,0,0,0,0,0,0,0,0,0,0,0,0,0,0,0,0,0,0,537.586,0,0,-413.305
"MtrElec",8,11,18,"",332.029,0,0,0,0,0,0,0,0,0,0,0,0,0,0,0,0,0,0,0,0,577.669,0,0,-245.64
"MtrElec",8,11,19,"",224.39,0,0,0,0,0,0,0,0,0,0,0,0,0,0,0,0,0,0,0,0,524.784,0,-223.222,-77.1712
"MtrElec",8,11,20,"",289.984,0,0,0,0,0,0,0,0,0,0,0,0,0,0,0,0,0,0,0,0,503.465,0,-208.233,-5.24804
"MtrElec",8,11,21,"",483.176,0,0,0,0,0,0,0,0,0,0,0,0,0,0,0,0,0,0,0,0,483.176,0,0,0
"MtrElec",8,11,22,"",298.995,0,0,0,0,0,0,0,0,0,0,0,0,0,0,0,0,0,0,0,0,298.995,0,0,0
"MtrElec",8,11,23,"",258.875,0,0,0,0,0,0,0,0,0,0,0,0,0,0,0,0,0,0,0,0,258.875,0,0,0
"MtrElec",8,11,24,"",178.704,0,0,0,0,0,0,0,0,0,0,0,0,0,0,0,0,0,0,0,0,178.704,0,0,0
"MtrElec",8,12,1,"",156.38,0,0,0,0,0,0,0,0,0,0,0,0,0,0,0,0,0,0,0,0,156.38,0,0,0
"MtrElec",8,12,2,"",156.852,0,0,0,0,0,0,0,0,0,0,0,0,0,0,0,0,0,0,0,0,156.852,0,0,0
"MtrElec",8,12,3,"",148.849,0,0,0,0,0,0,0,0,0,0,0,0,0,0,0,0,0,0,0,0,148.849,0,0,0
"MtrElec",8,12,4,"",186.976,0,0,0,0,0,0,0,0,0,0,0,0,0,0,0,0,0,0,0,0,186.976,0,0,0
"MtrElec",8,12,5,"",146.528,0,0,0,0,0,0,0,0,0,0,0,0,0,0,0,0,0,0,0,0,146.528,0,0,0
"MtrElec",8,12,6,"",154.457,0,0,0,0,0,0,0,0,0,0,0,0,0,0,0,0,0,0,0,0,154.457,0,0,0
"MtrElec",8,12,7,"",299.467,0,0,0,0,0,0,0,0,0,0,0,0,0,0,0,0,0,0,0,0,303.531,0,0,-4.06358
"MtrElec",8,12,8,"",345.573,0,0,0,0,0,0,0,0,0,0,0,0,0,0,0,0,0,0,0,0,391.441,0,0,-45.8678
"MtrElec",8,12,9,"",299.179,0,0,0,0,0,0,0,0,0,0,0,0,0,0,0,0,0,0,0,0,399.91,0,0,-100.731
"MtrElec",8,12,10,"",278.989,0,0,0,0,0,0,0,0,0,0,0,0,0,0,0,0,0,0,0,0,452.944,0,0,-173.956
"MtrElec",8,12,11,"",180.429,0,0,0,0,0,0,0,0,0,0,0,0,0,0,0,0,0,0,0,0,495.699,0,0,-315.27
"MtrElec",8,12,12,"",0.0000010,0,0,0,0,0,0,0,0,0,0,0,0,0,0,0,0,0,0,0,0,470.486,0,11.6541,-482.14
"MtrElec",8,12,13,"",0,0,0,0,0,0,0,0,0,0,0,0,0,0,0,0,0,0,0,0,0,471.947,0,221.647,-693.594
"MtrElec",8,12,14,"",0,0,0,0,0,0,0,0,0,0,0,0,0,0,0,0,0,0,0,0,0,499.827,0,186.578,-686.406
"MtrElec",8,12,15,"",0,0,0,0,0,0,0,0,0,0,0,0,0,0,0,0,0,0,0,0,0,478.013,0,158.225,-636.239
"MtrElec",8,12,16,"",0,0,0,0,0,0,0,0,0,0,0,0,0,0,0,0,0,0,0,0,0,525.627,0,25.7294,-551.356
"MtrElec",8,12,17,"",107.572,0,0,0,0,0,0,0,0,0,0,0,0,0,0,0,0,0,0,0,0,526.906,0,0,-419.334
"MtrElec",8,12,18,"",307.983,0,0,0,0,0,0,0,0,0,0,0,0,0,0,0,0,0,0,0,0,558.734,0,0,-250.752
"MtrElec",8,12,19,"",237.162,0,0,0,0,0,0,0,0,0,0,0,0,0,0,0,0,0,0,0,0,537.378,0,-223.222,-76.9941
"MtrElec",8,12,20,"",254.283,0,0,0,0,0,0,0,0,0,0,0,0,0,0,0,0,0,0,0,0,482.773,0,-223.222,-5.26777
"MtrElec",8,12,21,"",361.028,0,0,0,0,0,0,0,0,0,0,0,0,0,0,0,0,0,0,0,0,459.544,0,-98.5154,0
"MtrElec",8,12,22,"",317.27,0,0,0,0,0,0,0,0,0,0,0,0,0,0,0,0,0,0,0,0,317.27,0,0,0
"MtrElec",8,12,23,"",289.658,0,0,0,0,0,0,0,0,0,0,0,0,0,0,0,0,0,0,0,0,289.658,0,0,0
"MtrElec",8,12,24,"",214.925,0,0,0,0,0,0,0,0,0,0,0,0,0,0,0,0,0,0,0,0,214.925,0,0,0
"MtrElec",8,13,1,"",184.067,0,0,0,0,0,0,0,0,0,0,0,0,0,0,0,0,0,0,0,0,184.067,0,0,0
"MtrElec",8,13,2,"",202.518,0,0,0,0,0,0,0,0,0,0,0,0,0,0,0,0,0,0,0,0,202.518,0,0,0
"MtrElec",8,13,3,"",166.281,0,0,0,0,0,0,0,0,0,0,0,0,0,0,0,0,0,0,0,0,166.281,0,0,0
"MtrElec",8,13,4,"",170.786,0,0,0,0,0,0,0,0,0,0,0,0,0,0,0,0,0,0,0,0,170.786,0,0,0
"MtrElec",8,13,5,"",155.157,0,0,0,0,0,0,0,0,0,0,0,0,0,0,0,0,0,0,0,0,155.157,0,0,0
"MtrElec",8,13,6,"",181.004,0,0,0,0,0,0,0,0,0,0,0,0,0,0,0,0,0,0,0,0,181.004,0,0,0
"MtrElec",8,13,7,"",302.642,0,0,0,0,0,0,0,0,0,0,0,0,0,0,0,0,0,0,0,0,302.642,0,0,0
"MtrElec",8,13,8,"",348.165,0,0,0,0,0,0,0,0,0,0,0,0,0,0,0,0,0,0,0,0,366.041,0,0,-17.8756
"MtrElec",8,13,9,"",384.228,0,0,0,0,0,0,0,0,0,0,0,0,0,0,0,0,0,0,0,0,432.68,0,0,-48.4515
"MtrElec",8,13,10,"",376.03,0,0,0,0,0,0,0,0,0,0,0,0,0,0,0,0,0,0,0,0,483.115,0,0,-107.084
"MtrElec",8,13,11,"",259.406,0,0,0,0,0,0,0,0,0,0,0,0,0,0,0,0,0,0,0,0,475.649,0,0,-216.243
"MtrElec",8,13,12,"",116.179,0,0,0,0,0,0,0,0,0,0,0,0,0,0,0,0,0,0,0,0,513.005,0,0,-396.826
"MtrElec",8,13,13,"",0,0,0,0,0,0,0,0,0,0,0,0,0,0,0,0,0,0,0,0,0,551.18,0,11.2271,-562.407
"MtrElec",8,13,14,"",-27.4625,0,0,0,0,0,0,0,0,0,0,0,0,0,0,0,0,0,0,0,0,439.282,0,223.222,-689.967
"MtrElec",8,13,15,"",0,0,0,0,0,0,0,0,0,0,0,0,0,0,0,0,0,0,0,0,0,484.92,0,162.99,-647.91
"MtrElec",8,13,16,"",0.0000078,0,0,0,0,0,0,0,0,0,0,0,0,0,0,0,0,0,0,0,0,470.408,0,86.5497,-556.958
"MtrElec",8,13,17,"",119.636,0,0,0,0,0,0,0,0,0,0,0,0,0,0,0,0,0,0,0,0,541.5,0,0,-421.864
"MtrElec",8,13,18,"",290.21,0,0,0,0,0,0,0,0,0,0,0,0,0,0,0,0,0,0,0,0,540.466,0,0,-250.256
"MtrElec",8,13,19,"",227.797,0,0,0,0,0,0,0,0,0,0,0,0,0,0,0,0,0,0,0,0,526.517,0,-223.222,-75.4977
"MtrElec",8,13,20,"",284.673,0,0,0,0,0,0,0,0,0,0,0,0,0,0,0,0,0,0,0,0,502.308,0,-213.578,-4.05736
"MtrElec",8,13,21,"",500.827,0,0,0,0,0,0,0,0,0,0,0,0,0,0,0,0,0,0,0,0,500.827,0,0,0
"MtrElec",8,13,22,"",264.712,0,0,0,0,0,0,0,0,0,0,0,0,0,0,0,0,0,0,0,0,264.712,0,0,0
"MtrElec",8,13,23,"",259.859,0,0,0,0,0,0,0,0,0,0,0,0,0,0,0,0,0,0,0,0,259.859,0,0,0
"MtrElec",8,13,24,"",260.085,0,0,0,0,0,0,0,0,0,0,0,0,0,0,0,0,0,0,0,0,260.085,0,0,0
"MtrElec",8,14,1,"",173.369,0,0,0,0,0,0,0,0,0,0,0,0,0,0,0,0,0,0,0,0,173.369,0,0,0
"MtrElec",8,14,2,"",158.42,0,0,0,0,0,0,0,0,0,0,0,0,0,0,0,0,0,0,0,0,158.42,0,0,0
"MtrElec",8,14,3,"",150.537,0,0,0,0,0,0,0,0,0,0,0,0,0,0,0,0,0,0,0,0,150.537,0,0,0
"MtrElec",8,14,4,"",153.218,0,0,0,0,0,0,0,0,0,0,0,0,0,0,0,0,0,0,0,0,153.218,0,0,0
"MtrElec",8,14,5,"",151.262,0,0,0,0,0,0,0,0,0,0,0,0,0,0,0,0,0,0,0,0,151.262,0,0,0
"MtrElec",8,14,6,"",198.712,0,0,0,0,0,0,0,0,0,0,0,0,0,0,0,0,0,0,0,0,198.712,0,0,0
"MtrElec",8,14,7,"",270.621,0,0,0,0,0,0,0,0,0,0,0,0,0,0,0,0,0,0,0,0,270.621,0,0,0
"MtrElec",8,14,8,"",348.962,0,0,0,0,0,0,0,0,0,0,0,0,0,0,0,0,0,0,0,0,363.287,0,0,-14.3248
"MtrElec",8,14,9,"",334.742,0,0,0,0,0,0,0,0,0,0,0,0,0,0,0,0,0,0,0,0,374.571,0,0,-39.8292
"MtrElec",8,14,10,"",341.743,0,0,0,0,0,0,0,0,0,0,0,0,0,0,0,0,0,0,0,0,434.034,0,0,-92.2913
"MtrElec",8,14,11,"",307.262,0,0,0,0,0,0,0,0,0,0,0,0,0,0,0,0,0,0,0,0,447.195,0,0,-139.933
"MtrElec",8,14,12,"",210.843,0,0,0,0,0,0,0,0,0,0,0,0,0,0,0,0,0,0,0,0,443.019,0,0,-232.176
"MtrElec",8,14,13,"",143.12,0,0,0,0,0,0,0,0,0,0,0,0,0,0,0,0,0,0,0,0,523.589,0,0,-380.469
"MtrElec",8,14,14,"",0,0,0,0,0,0,0,0,0,0,0,0,0,0,0,0,0,0,0,0,0,401.957,0,220.38,-622.337
"MtrElec",8,14,15,"",0,0,0,0,0,0,0,0,0,0,0,0,0,0,0,0,0,0,0,0,0,460.41,0,178.517,-638.928
"MtrElec",8,14,16,"",0.0000078,0,0,0,0,0,0,0,0,0,0,0,0,0,0,0,0,0,0,0,0,444.728,0,104.493,-549.221
"MtrElec",8,14,17,"",100.249,0,0,0,0,0,0,0,0,0,0,0,0,0,0,0,0,0,0,0,0,516.758,0,0,-416.509
"MtrElec",8,14,18,"",257.353,0,0,0,0,0,0,0,0,0,0,0,0,0,0,0,0,0,0,0,0,502.195,0,0,-244.842
"MtrElec",8,14,19,"",178.949,0,0,0,0,0,0,0,0,0,0,0,0,0,0,0,0,0,0,0,0,474.915,0,-223.222,-72.7435
"MtrElec",8,14,20,"",263.526,0,0,0,0,0,0,0,0,0,0,0,0,0,0,0,0,0,0,0,0,490.198,0,-223.222,-3.44979
"MtrElec",8,14,21,"",458.698,0,0,0,0,0,0,0,0,0,0,0,0,0,0,0,0,0,0,0,0,466.562,0,-7.86434,0
"MtrElec",8,14,22,"",319.199,0,0,0,0,0,0,0,0,0,0,0,0,0,0,0,0,0,0,0,0,319.199,0,0,0
"MtrElec",8,14,23,"",313.587,0,0,0,0,0,0,0,0,0,0,0,0,0,0,0,0,0,0,0,0,313.587,0,0,0
"MtrElec",8,14,24,"",223.51,0,0,0,0,0,0,0,0,0,0,0,0,0,0,0,0,0,0,0,0,223.51,0,0,0
"MtrElec",8,15,1,"",174.386,0,0,0,0,0,0,0,0,0,0,0,0,0,0,0,0,0,0,0,0,174.386,0,0,0
"MtrElec",8,15,2,"",191.218,0,0,0,0,0,0,0,0,0,0,0,0,0,0,0,0,0,0,0,0,191.218,0,0,0
"MtrElec",8,15,3,"",152.698,0,0,0,0,0,0,0,0,0,0,0,0,0,0,0,0,0,0,0,0,152.698,0,0,0
"MtrElec",8,15,4,"",151.695,0,0,0,0,0,0,0,0,0,0,0,0,0,0,0,0,0,0,0,0,151.695,0,0,0
"MtrElec",8,15,5,"",155.849,0,0,0,0,0,0,0,0,0,0,0,0,0,0,0,0,0,0,0,0,155.849,0,0,0
"MtrElec",8,15,6,"",153.316,0,0,0,0,0,0,0,0,0,0,0,0,0,0,0,0,0,0,0,0,153.316,0,0,0
"MtrElec",8,15,7,"",234.036,0,0,0,0,0,0,0,0,0,0,0,0,0,0,0,0,0,0,0,0,234.036,0,0,0
"MtrElec",8,15,8,"",277.253,0,0,0,0,0,0,0,0,0,0,0,0,0,0,0,0,0,0,0,0,297.4,0,0,-20.1467
"MtrElec",8,15,9,"",307.195,0,0,0,0,0,0,0,0,0,0,0,0,0,0,0,0,0,0,0,0,357.889,0,0,-50.6938
"MtrElec",8,15,10,"",346.923,0,0,0,0,0,0,0,0,0,0,0,0,0,0,0,0,0,0,0,0,442.203,0,0,-95.2805
"MtrElec",8,15,11,"",281.687,0,0,0,0,0,0,0,0,0,0,0,0,0,0,0,0,0,0,0,0,421.601,0,0,-139.914
"MtrElec",8,15,12,"",273.991,0,0,0,0,0,0,0,0,0,0,0,0,0,0,0,0,0,0,0,0,511.336,0,0,-237.346
"MtrElec",8,15,13,"",48.0125,0,0,0,0,0,0,0,0,0,0,0,0,0,0,0,0,0,0,0,0,504.881,0,0,-456.868
"MtrElec",8,15,14,"",0.0000156,0,0,0,0,0,0,0,0,0,0,0,0,0,0,0,0,0,0,0,0,490.062,0,195.041,-685.103
"MtrElec",8,15,15,"",0.0000039,0,0,0,0,0,0,0,0,0,0,0,0,0,0,0,0,0,0,0,0,541.531,0,53.6628,-595.193
"MtrElec",8,15,16,"",0,0,0,0,0,0,0,0,0,0,0,0,0,0,0,0,0,0,0,0,0,493.238,0,9.67003,-502.909
"MtrElec",8,15,17,"",85.9215,0,0,0,0,0,0,0,0,0,0,0,0,0,0,0,0,0,0,0,0,501.782,0,0,-415.861
"MtrElec",8,15,18,"",311.656,0,0,0,0,0,0,0,0,0,0,0,0,0,0,0,0,0,0,0,0,543.022,0,0,-231.366
"MtrElec",8,15,19,"",243.306,0,0,0,0,0,0,0,0,0,0,0,0,0,0,0,0,0,0,0,0,517.82,0,-223.222,-51.2915
"MtrElec",8,15,20,"",480.509,0,0,0,0,0,0,0,0,0,0,0,0,0,0,0,0,0,0,0,0,492.235,0,-9.96044,-1.76545
"MtrElec",8,15,21,"",463.242,0,0,0,0,0,0,0,0,0,0,0,0,0,0,0,0,0,0,0,0,463.242,0,0,0
"MtrElec",8,15,22,"",421.914,0,0,0,0,0,0,0,0,0,0,0,0,0,0,0,0,0,0,0,0,421.914,0,0,0
"MtrElec",8,15,23,"",256.818,0,0,0,0,0,0,0,0,0,0,0,0,0,0,0,0,0,0,0,0,256.818,0,0,0
"MtrElec",8,15,24,"",229.96,0,0,0,0,0,0,0,0,0,0,0,0,0,0,0,0,0,0,0,0,229.96,0,0,0
"MtrElec",8,16,1,"",168.895,0,0,0,0,0,0,0,0,0,0,0,0,0,0,0,0,0,0,0,0,168.895,0,0,0
"MtrElec",8,16,2,"",155.259,0,0,0,0,0,0,0,0,0,0,0,0,0,0,0,0,0,0,0,0,155.259,0,0,0
"MtrElec",8,16,3,"",155.318,0,0,0,0,0,0,0,0,0,0,0,0,0,0,0,0,0,0,0,0,155.318,0,0,0
"MtrElec",8,16,4,"",192.498,0,0,0,0,0,0,0,0,0,0,0,0,0,0,0,0,0,0,0,0,192.498,0,0,0
"MtrElec",8,16,5,"",170.376,0,0,0,0,0,0,0,0,0,0,0,0,0,0,0,0,0,0,0,0,170.376,0,0,0
"MtrElec",8,16,6,"",152.062,0,0,0,0,0,0,0,0,0,0,0,0,0,0,0,0,0,0,0,0,152.062,0,0,0
"MtrElec",8,16,7,"",200.517,0,0,0,0,0,0,0,0,0,0,0,0,0,0,0,0,0,0,0,0,201.651,0,0,-1.13406
"MtrElec",8,16,8,"",151.828,0,0,0,0,0,0,0,0,0,0,0,0,0,0,0,0,0,0,0,0,189.085,0,0,-37.2568
"MtrElec",8,16,9,"",222.716,0,0,0,0,0,0,0,0,0,0,0,0,0,0,0,0,0,0,0,0,304.165,0,0,-81.4493
"MtrElec",8,16,10,"",236.741,0,0,0,0,0,0,0,0,0,0,0,0,0,0,0,0,0,0,0,0,363.352,0,0,-126.611
"MtrElec",8,16,11,"",214.999,0,0,0,0,0,0,0,0,0,0,0,0,0,0,0,0,0,0,0,0,402.418,0,0,-187.419
"MtrElec",8,16,12,"",135.31,0,0,0,0,0,0,0,0,0,0,0,0,0,0,0,0,0,0,0,0,445.1,0,0,-309.79
"MtrElec",8,16,13,"",0,0,0,0,0,0,0,0,0,0,0,0,0,0,0,0,0,0,0,0,0,466.388,0,173.836,-640.224
"MtrElec",8,16,14,"",-72.8549,0,0,0,0,0,0,0,0,0,0,0,0,0,0,0,0,0,0,0,0,398.535,0,223.222,-694.612
"MtrElec",8,16,15,"",0.0000156,0,0,0,0,0,0,0,0,0,0,0,0,0,0,0,0,0,0,0,0,441.029,0,210.771,-651.801
"MtrElec",8,16,16,"",0.0000078,0,0,0,0,0,0,0,0,0,0,0,0,0,0,0,0,0,0,0,0,436.563,0,124.252,-560.814
"MtrElec",8,16,17,"",28.8851,0,0,0,0,0,0,0,0,0,0,0,0,0,0,0,0,0,0,0,0,455.92,0,0,-427.035
"MtrElec",8,16,18,"",243.806,0,0,0,0,0,0,0,0,0,0,0,0,0,0,0,0,0,0,0,0,495.78,0,0,-251.975
"MtrElec",8,16,19,"",224.538,0,0,0,0,0,0,0,0,0,0,0,0,0,0,0,0,0,0,0,0,518.942,0,-223.222,-71.1818
"MtrElec",8,16,20,"",137.584,0,0,0,0,0,0,0,0,0,0,0,0,0,0,0,0,0,0,0,0,360.806,0,-223.222,0
"MtrElec",8,16,21,"",43.5239,0,0,0,0,0,0,0,0,0,0,0,0,0,0,0,0,0,0,0,0,257.783,0,-214.259,0
"MtrElec",8,16,22,"",294.076,0,0,0,0,0,0,0,0,0,0,0,0,0,0,0,0,0,0,0,0,294.076,0,0,0
"MtrElec",8,16,23,"",213.059,0,0,0,0,0,0,0,0,0,0,0,0,0,0,0,0,0,0,0,0,213.059,0,0,0
"MtrElec",8,16,24,"",235.189,0,0,0,0,0,0,0,0,0,0,0,0,0,0,0,0,0,0,0,0,235.189,0,0,0
"MtrElec",8,17,1,"",167.045,0,0,0,0,0,0,0,0,0,0,0,0,0,0,0,0,0,0,0,0,167.045,0,0,0
"MtrElec",8,17,2,"",155.212,0,0,0,0,0,0,0,0,0,0,0,0,0,0,0,0,0,0,0,0,155.212,0,0,0
"MtrElec",8,17,3,"",149.209,0,0,0,0,0,0,0,0,0,0,0,0,0,0,0,0,0,0,0,0,149.209,0,0,0
"MtrElec",8,17,4,"",160.776,0,0,0,0,0,0,0,0,0,0,0,0,0,0,0,0,0,0,0,0,160.776,0,0,0
"MtrElec",8,17,5,"",151.28,0,0,0,0,0,0,0,0,0,0,0,0,0,0,0,0,0,0,0,0,151.28,0,0,0
"MtrElec",8,17,6,"",188.093,0,0,0,0,0,0,0,0,0,0,0,0,0,0,0,0,0,0,0,0,188.093,0,0,0
"MtrElec",8,17,7,"",249.451,0,0,0,0,0,0,0,0,0,0,0,0,0,0,0,0,0,0,0,0,252.861,0,0,-3.41052
"MtrElec",8,17,8,"",318.339,0,0,0,0,0,0,0,0,0,0,0,0,0,0,0,0,0,0,0,0,364.713,0,0,-46.3745
"MtrElec",8,17,9,"",237.874,0,0,0,0,0,0,0,0,0,0,0,0,0,0,0,0,0,0,0,0,359.032,0,0,-121.158
"MtrElec",8,17,10,"",138.668,0,0,0,0,0,0,0,0,0,0,0,0,0,0,0,0,0,0,0,0,411.695,0,0,-273.027
"MtrElec",8,17,11,"",0,0,0,0,0,0,0,0,0,0,0,0,0,0,0,0,0,0,0,0,0,486.489,0,54.5182,-541.008
"MtrElec",8,17,12,"",0,0,0,0,0,0,0,0,0,0,0,0,0,0,0,0,0,0,0,0,0,483.971,0,181.777,-665.748
"MtrElec",8,17,13,"",0,0,0,0,0,0,0,0,0,0,0,0,0,0,0,0,0,0,0,0,0,528.779,0,178.29,-707.069
"MtrElec",8,17,14,"",-95.188,0,0,0,0,0,0,0,0,0,0,0,0,0,0,0,0,0,0,0,0,386.677,0,223.222,-705.088
"MtrElec",8,17,15,"",-56.4247,0,0,0,0,0,0,0,0,0,0,0,0,0,0,0,0,0,0,0,0,439.961,0,161.155,-657.541
"MtrElec",8,17,16,"",-131.854,0,0,0,0,0,0,0,0,0,0,0,0,0,0,0,0,0,0,0,0,433.106,0,0,-564.96
"MtrElec",8,17,17,"",81.2029,0,0,0,0,0,0,0,0,0,0,0,0,0,0,0,0,0,0,0,0,508.927,0,0,-427.725
"MtrElec",8,17,18,"",292.457,0,0,0,0,0,0,0,0,0,0,0,0,0,0,0,0,0,0,0,0,543.748,0,0,-251.292
"MtrElec",8,17,19,"",222.46,0,0,0,0,0,0,0,0,0,0,0,0,0,0,0,0,0,0,0,0,515.759,0,-223.222,-70.0761
"MtrElec",8,17,20,"",268.45,0,0,0,0,0,0,0,0,0,0,0,0,0,0,0,0,0,0,0,0,491.672,0,-223.222,0
"MtrElec",8,17,21,"",216.5,0,0,0,0,0,0,0,0,0,0,0,0,0,0,0,0,0,0,0,0,439.722,0,-223.222,0
"MtrElec",8,17,22,"",266.143,0,0,0,0,0,0,0,0,0,0,0,0,0,0,0,0,0,0,0,0,317.54,0,-51.3963,0
"MtrElec",8,17,23,"",286.741,0,0,0,0,0,0,0,0,0,0,0,0,0,0,0,0,0,0,0,0,286.741,0,0,0
"MtrElec",8,17,24,"",219.329,0,0,0,0,0,0,0,0,0,0,0,0,0,0,0,0,0,0,0,0,219.329,0,0,0
"MtrElec",8,18,1,"",167.88,0,0,0,0,0,0,0,0,0,0,0,0,0,0,0,0,0,0,0,0,167.88,0,0,0
"MtrElec",8,18,2,"",152.971,0,0,0,0,0,0,0,0,0,0,0,0,0,0,0,0,0,0,0,0,152.971,0,0,0
"MtrElec",8,18,3,"",152.481,0,0,0,0,0,0,0,0,0,0,0,0,0,0,0,0,0,0,0,0,152.481,0,0,0
"MtrElec",8,18,4,"",163.684,0,0,0,0,0,0,0,0,0,0,0,0,0,0,0,0,0,0,0,0,163.684,0,0,0
"MtrElec",8,18,5,"",157.779,0,0,0,0,0,0,0,0,0,0,0,0,0,0,0,0,0,0,0,0,157.779,0,0,0
"MtrElec",8,18,6,"",191.147,0,0,0,0,0,0,0,0,0,0,0,0,0,0,0,0,0,0,0,0,191.147,0,0,0
"MtrElec",8,18,7,"",256.764,0,0,0,0,0,0,0,0,0,0,0,0,0,0,0,0,0,0,0,0,260.123,0,0,-3.35848
"MtrElec",8,18,8,"",308.198,0,0,0,0,0,0,0,0,0,0,0,0,0,0,0,0,0,0,0,0,356.821,0,0,-48.6227
"MtrElec",8,18,9,"",252.447,0,0,0,0,0,0,0,0,0,0,0,0,0,0,0,0,0,0,0,0,366.283,0,0,-113.836
"MtrElec",8,18,10,"",200.901,0,0,0,0,0,0,0,0,0,0,0,0,0,0,0,0,0,0,0,0,440.579,0,0,-239.678
"MtrElec",8,18,11,"",0,0,0,0,0,0,0,0,0,0,0,0,0,0,0,0,0,0,0,0,0,455.261,0,67.8215,-523.083
"MtrElec",8,18,12,"",-30.6533,0,0,0,0,0,0,0,0,0,0,0,0,0,0,0,0,0,0,0,0,413.596,0,223.222,-667.471
"MtrElec",8,18,13,"",0,0,0,0,0,0,0,0,0,0,0,0,0,0,0,0,0,0,0,0,0,508.876,0,201.357,-710.233
"MtrElec",8,18,14,"",-20.8822,0,0,0,0,0,0,0,0,0,0,0,0,0,0,0,0,0,0,0,0,468.197,0,223.222,-712.301
"MtrElec",8,18,15,"",-114.344,0,0,0,0,0,0,0,0,0,0,0,0,0,0,0,0,0,0,0,0,465.808,0,83.339,-663.491
"MtrElec",8,18,16,"",-78.4865,0,0,0,0,0,0,0,0,0,0,0,0,0,0,0,0,0,0,0,0,486.506,0,0,-564.993
"MtrElec",8,18,17,"",94.398,0,0,0,0,0,0,0,0,0,0,0,0,0,0,0,0,0,0,0,0,520.655,0,0,-426.257
"MtrElec",8,18,18,"",270.355,0,0,0,0,0,0,0,0,0,0,0,0,0,0,0,0,0,0,0,0,519.553,0,0,-249.198
"MtrElec",8,18,19,"",212.684,0,0,0,0,0,0,0,0,0,0,0,0,0,0,0,0,0,0,0,0,503.41,0,-223.222,-67.5039
"MtrElec",8,18,20,"",262.223,0,0,0,0,0,0,0,0,0,0,0,0,0,0,0,0,0,0,0,0,485.445,0,-223.222,0
"MtrElec",8,18,21,"",238.137,0,0,0,0,0,0,0,0,0,0,0,0,0,0,0,0,0,0,0,0,461.359,0,-223.222,0
"MtrElec",8,18,22,"",250.084,0,0,0,0,0,0,0,0,0,0,0,0,0,0,0,0,0,0,0,0,301.48,0,-51.3963,0
"MtrElec",8,18,23,"",262.633,0,0,0,0,0,0,0,0,0,0,0,0,0,0,0,0,0,0,0,0,262.633,0,0,0
"MtrElec",8,18,24,"",257.315,0,0,0,0,0,0,0,0,0,0,0,0,0,0,0,0,0,0,0,0,257.315,0,0,0
"MtrElec",8,19,1,"",152.063,0,0,0,0,0,0,0,0,0,0,0,0,0,0,0,0,0,0,0,0,152.063,0,0,0
"MtrElec",8,19,2,"",152.658,0,0,0,0,0,0,0,0,0,0,0,0,0,0,0,0,0,0,0,0,152.658,0,0,0
"MtrElec",8,19,3,"",148.509,0,0,0,0,0,0,0,0,0,0,0,0,0,0,0,0,0,0,0,0,148.509,0,0,0
"MtrElec",8,19,4,"",150.388,0,0,0,0,0,0,0,0,0,0,0,0,0,0,0,0,0,0,0,0,150.388,0,0,0
"MtrElec",8,19,5,"",146.911,0,0,0,0,0,0,0,0,0,0,0,0,0,0,0,0,0,0,0,0,146.911,0,0,0
"MtrElec",8,19,6,"",188.935,0,0,0,0,0,0,0,0,0,0,0,0,0,0,0,0,0,0,0,0,188.935,0,0,0
"MtrElec",8,19,7,"",253.68,0,0,0,0,0,0,0,0,0,0,0,0,0,0,0,0,0,0,0,0,259.211,0,0,-5.53172
"MtrElec",8,19,8,"",223.658,0,0,0,0,0,0,0,0,0,0,0,0,0,0,0,0,0,0,0,0,321.206,0,0,-97.5482
"MtrElec",8,19,9,"",101.462,0,0,0,0,0,0,0,0,0,0,0,0,0,0,0,0,0,0,0,0,382.9,0,0,-281.438
"MtrElec",8,19,10,"",15.7452,0,0,0,0,0,0,0,0,0,0,0,0,0,0,0,0,0,0,0,0,467.521,0,0,-451.776
"MtrElec",8,19,11,"",0.0000039,0,0,0,0,0,0,0,0,0,0,0,0,0,0,0,0,0,0,0,0,510.381,0,60.7086,-571.09
"MtrElec",8,19,12,"",0.0000156,0,0,0,0,0,0,0,0,0,0,0,0,0,0,0,0,0,0,0,0,480.979,0,183.085,-664.063
"MtrElec",8,19,13,"",-45.683,0,0,0,0,0,0,0,0,0,0,0,0,0,0,0,0,0,0,0,0,446.509,0,223.222,-715.415
"MtrElec",8,19,14,"",-21.8986,0,0,0,0,0,0,0,0,0,0,0,0,0,0,0,0,0,0,0,0,463.795,0,223.222,-708.916
"MtrElec",8,19,15,"",-71.444,0,0,0,0,0,0,0,0,0,0,0,0,0,0,0,0,0,0,0,0,480.399,0,108.724,-660.567
"MtrElec",8,19,16,"",-100.979,0,0,0,0,0,0,0,0,0,0,0,0,0,0,0,0,0,0,0,0,466.419,0,0,-567.398
"MtrElec",8,19,17,"",134.217,0,0,0,0,0,0,0,0,0,0,0,0,0,0,0,0,0,0,0,0,561.788,0,0,-427.571
"MtrElec",8,19,18,"",300.643,0,0,0,0,0,0,0,0,0,0,0,0,0,0,0,0,0,0,0,0,550.46,0,0,-249.817
"MtrElec",8,19,19,"",211.383,0,0,0,0,0,0,0,0,0,0,0,0,0,0,0,0,0,0,0,0,502.021,0,-223.222,-67.4162
"MtrElec",8,19,20,"",248.868,0,0,0,0,0,0,0,0,0,0,0,0,0,0,0,0,0,0,0,0,472.09,0,-223.222,0
"MtrElec",8,19,21,"",214.886,0,0,0,0,0,0,0,0,0,0,0,0,0,0,0,0,0,0,0,0,438.109,0,-223.222,0
"MtrElec",8,19,22,"",255.493,0,0,0,0,0,0,0,0,0,0,0,0,0,0,0,0,0,0,0,0,306.889,0,-51.3963,0
"MtrElec",8,19,23,"",261.364,0,0,0,0,0,0,0,0,0,0,0,0,0,0,0,0,0,0,0,0,261.364,0,0,0
"MtrElec",8,19,24,"",194.288,0,0,0,0,0,0,0,0,0,0,0,0,0,0,0,0,0,0,0,0,194.288,0,0,0
"MtrElec",8,20,1,"",202.21,0,0,0,0,0,0,0,0,0,0,0,0,0,0,0,0,0,0,0,0,202.21,0,0,0
"MtrElec",8,20,2,"",155.404,0,0,0,0,0,0,0,0,0,0,0,0,0,0,0,0,0,0,0,0,155.404,0,0,0
"MtrElec",8,20,3,"",150.092,0,0,0,0,0,0,0,0,0,0,0,0,0,0,0,0,0,0,0,0,150.092,0,0,0
"MtrElec",8,20,4,"",149.673,0,0,0,0,0,0,0,0,0,0,0,0,0,0,0,0,0,0,0,0,149.673,0,0,0
"MtrElec",8,20,5,"",146.8,0,0,0,0,0,0,0,0,0,0,0,0,0,0,0,0,0,0,0,0,146.8,0,0,0
"MtrElec",8,20,6,"",163.063,0,0,0,0,0,0,0,0,0,0,0,0,0,0,0,0,0,0,0,0,163.063,0,0,0
"MtrElec",8,20,7,"",294.888,0,0,0,0,0,0,0,0,0,0,0,0,0,0,0,0,0,0,0,0,298.557,0,0,-3.66972
"MtrElec",8,20,8,"",271.361,0,0,0,0,0,0,0,0,0,0,0,0,0,0,0,0,0,0,0,0,323.299,0,0,-51.9379
"MtrElec",8,20,9,"",254.394,0,0,0,0,0,0,0,0,0,0,0,0,0,0,0,0,0,0,0,0,390.519,0,0,-136.125
"MtrElec",8,20,10,"",6.57694,0,0,0,0,0,0,0,0,0,0,0,0,0,0,0,0,0,0,0,0,419.311,0,0,-412.734
"MtrElec",8,20,11,"",0,0,0,0,0,0,0,0,0,0,0,0,0,0,0,0,0,0,0,0,0,478.948,0,101.589,-580.537
"MtrElec",8,20,12,"",0,0,0,0,0,0,0,0,0,0,0,0,0,0,0,0,0,0,0,0,0,477.839,0,193.985,-671.825
"MtrElec",8,20,13,"",0,0,0,0,0,0,0,0,0,0,0,0,0,0,0,0,0,0,0,0,0,524.19,0,190.931,-715.121
"MtrElec",8,20,14,"",-64.579,0,0,0,0,0,0,0,0,0,0,0,0,0,0,0,0,0,0,0,0,425.989,0,223.222,-713.79
"MtrElec",8,20,15,"",-101.697,0,0,0,0,0,0,0,0,0,0,0,0,0,0,0,0,0,0,0,0,476.935,0,89.2346,-667.867
"MtrElec",8,20,16,"",-80.7462,0,0,0,0,0,0,0,0,0,0,0,0,0,0,0,0,0,0,0,0,490.488,0,0,-571.234
"MtrElec",8,20,17,"",70.7866,0,0,0,0,0,0,0,0,0,0,0,0,0,0,0,0,0,0,0,0,501.022,0,0,-430.235
"MtrElec",8,20,18,"",296.738,0,0,0,0,0,0,0,0,0,0,0,0,0,0,0,0,0,0,0,0,547.318,0,0,-250.579
"MtrElec",8,20,19,"",245.427,0,0,0,0,0,0,0,0,0,0,0,0,0,0,0,0,0,0,0,0,535.368,0,-223.222,-66.7192
"MtrElec",8,20,20,"",282.989,0,0,0,0,0,0,0,0,0,0,0,0,0,0,0,0,0,0,0,0,506.211,0,-223.222,0
"MtrElec",8,20,21,"",261.68,0,0,0,0,0,0,0,0,0,0,0,0,0,0,0,0,0,0,0,0,484.903,0,-223.222,0
"MtrElec",8,20,22,"",250.005,0,0,0,0,0,0,0,0,0,0,0,0,0,0,0,0,0,0,0,0,301.401,0,-51.3963,0
"MtrElec",8,20,23,"",238.214,0,0,0,0,0,0,0,0,0,0,0,0,0,0,0,0,0,0,0,0,238.214,0,0,0
"MtrElec",8,20,24,"",238.351,0,0,0,0,0,0,0,0,0,0,0,0,0,0,0,0,0,0,0,0,238.351,0,0,0
"MtrElec",8,21,1,"",167.394,0,0,0,0,0,0,0,0,0,0,0,0,0,0,0,0,0,0,0,0,167.394,0,0,0
"MtrElec",8,21,2,"",154.015,0,0,0,0,0,0,0,0,0,0,0,0,0,0,0,0,0,0,0,0,154.015,0,0,0
"MtrElec",8,21,3,"",149.106,0,0,0,0,0,0,0,0,0,0,0,0,0,0,0,0,0,0,0,0,149.106,0,0,0
"MtrElec",8,21,4,"",150.86,0,0,0,0,0,0,0,0,0,0,0,0,0,0,0,0,0,0,0,0,150.86,0,0,0
"MtrElec",8,21,5,"",147.657,0,0,0,0,0,0,0,0,0,0,0,0,0,0,0,0,0,0,0,0,147.657,0,0,0
"MtrElec",8,21,6,"",169.497,0,0,0,0,0,0,0,0,0,0,0,0,0,0,0,0,0,0,0,0,169.497,0,0,0
"MtrElec",8,21,7,"",238.247,0,0,0,0,0,0,0,0,0,0,0,0,0,0,0,0,0,0,0,0,241.187,0,0,-2.94038
"MtrElec",8,21,8,"",284.667,0,0,0,0,0,0,0,0,0,0,0,0,0,0,0,0,0,0,0,0,333.682,0,0,-49.0155
"MtrElec",8,21,9,"",269.352,0,0,0,0,0,0,0,0,0,0,0,0,0,0,0,0,0,0,0,0,383.46,0,0,-114.108
"MtrElec",8,21,10,"",238.366,0,0,0,0,0,0,0,0,0,0,0,0,0,0,0,0,0,0,0,0,472.336,0,0,-233.97
"MtrElec",8,21,11,"",0,0,0,0,0,0,0,0,0,0,0,0,0,0,0,0,0,0,0,0,0,463.556,0,92.4993,-556.056
"MtrElec",8,21,12,"",0,0,0,0,0,0,0,0,0,0,0,0,0,0,0,0,0,0,0,0,0,462.662,0,203.496,-666.158
"MtrElec",8,21,13,"",0,0,0,0,0,0,0,0,0,0,0,0,0,0,0,0,0,0,0,0,0,497.882,0,197.44,-695.323
"MtrElec",8,21,14,"",-44.8296,0,0,0,0,0,0,0,0,0,0,0,0,0,0,0,0,0,0,0,0,434.55,0,223.222,-702.602
"MtrElec",8,21,15,"",-99.5372,0,0,0,0,0,0,0,0,0,0,0,0,0,0,0,0,0,0,0,0,473.847,0,82.3042,-655.689
"MtrElec",8,21,16,"",-66.8378,0,0,0,0,0,0,0,0,0,0,0,0,0,0,0,0,0,0,0,0,493.624,0,0,-560.462
"MtrElec",8,21,17,"",131.626,0,0,0,0,0,0,0,0,0,0,0,0,0,0,0,0,0,0,0,0,555.664,0,0,-424.038
"MtrElec",8,21,18,"",351.7,0,0,0,0,0,0,0,0,0,0,0,0,0,0,0,0,0,0,0,0,601.878,0,0,-250.177
"MtrElec",8,21,19,"",250.297,0,0,0,0,0,0,0,0,0,0,0,0,0,0,0,0,0,0,0,0,538.736,0,-223.222,-65.2165
"MtrElec",8,21,20,"",305.526,0,0,0,0,0,0,0,0,0,0,0,0,0,0,0,0,0,0,0,0,528.749,0,-223.222,0
"MtrElec",8,21,21,"",234.213,0,0,0,0,0,0,0,0,0,0,0,0,0,0,0,0,0,0,0,0,457.435,0,-223.222,0
"MtrElec",8,21,22,"",243.305,0,0,0,0,0,0,0,0,0,0,0,0,0,0,0,0,0,0,0,0,294.702,0,-51.3963,0
"MtrElec",8,21,23,"",248.762,0,0,0,0,0,0,0,0,0,0,0,0,0,0,0,0,0,0,0,0,248.762,0,0,0
"MtrElec",8,21,24,"",214.367,0,0,0,0,0,0,0,0,0,0,0,0,0,0,0,0,0,0,0,0,214.367,0,0,0
"MtrElec",8,22,1,"",216.485,0,0,0,0,0,0,0,0,0,0,0,0,0,0,0,0,0,0,0,0,216.485,0,0,0
"MtrElec",8,22,2,"",153.442,0,0,0,0,0,0,0,0,0,0,0,0,0,0,0,0,0,0,0,0,153.442,0,0,0
"MtrElec",8,22,3,"",150.705,0,0,0,0,0,0,0,0,0,0,0,0,0,0,0,0,0,0,0,0,150.705,0,0,0
"MtrElec",8,22,4,"",151.888,0,0,0,0,0,0,0,0,0,0,0,0,0,0,0,0,0,0,0,0,151.888,0,0,0
"MtrElec",8,22,5,"",162.865,0,0,0,0,0,0,0,0,0,0,0,0,0,0,0,0,0,0,0,0,162.865,0,0,0
"MtrElec",8,22,6,"",149.896,0,0,0,0,0,0,0,0,0,0,0,0,0,0,0,0,0,0,0,0,149.896,0,0,0
"MtrElec",8,22,7,"",241.838,0,0,0,0,0,0,0,0,0,0,0,0,0,0,0,0,0,0,0,0,250.993,0,0,-9.15463
"MtrElec",8,22,8,"",212.328,0,0,0,0,0,0,0,0,0,0,0,0,0,0,0,0,0,0,0,0,308.191,0,0,-95.8628
"MtrElec",8,22,9,"",137.442,0,0,0,0,0,0,0,0,0,0,0,0,0,0,0,0,0,0,0,0,374.837,0,0,-237.395
"MtrElec",8,22,10,"",14.3357,0,0,0,0,0,0,0,0,0,0,0,0,0,0,0,0,0,0,0,0,473.554,0,0,-459.218
"MtrElec",8,22,11,"",0,0,0,0,0,0,0,0,0,0,0,0,0,0,0,0,0,0,0,0,0,526.66,0,51.3297,-577.99
"MtrElec",8,22,12,"",0,0,0,0,0,0,0,0,0,0,0,0,0,0,0,0,0,0,0,0,0,559.123,0,107.158,-666.282
"MtrElec",8,22,13,"",0,0,0,0,0,0,0,0,0,0,0,0,0,0,0,0,0,0,0,0,0,544.38,0,166.465,-710.844
"MtrElec",8,22,14,"",0.0000156,0,0,0,0,0,0,0,0,0,0,0,0,0,0,0,0,0,0,0,0,510.098,0,199.227,-709.324
"MtrElec",8,22,15,"",0,0,0,0,0,0,0,0,0,0,0,0,0,0,0,0,0,0,0,0,0,522.545,0,141.104,-663.65
"MtrElec",8,22,16,"",0,0,0,0,0,0,0,0,0,0,0,0,0,0,0,0,0,0,0,0,0,520.225,0,46.4794,-566.704
"MtrElec",8,22,17,"",115.708,0,0,0,0,0,0,0,0,0,0,0,0,0,0,0,0,0,0,0,0,538.572,0,0,-422.865
"MtrElec",8,22,18,"",347.241,0,0,0,0,0,0,0,0,0,0,0,0,0,0,0,0,0,0,0,0,592.641,0,0,-245.4
"MtrElec",8,22,19,"",313.545,0,0,0,0,0,0,0,0,0,0,0,0,0,0,0,0,0,0,0,0,599.445,0,-223.222,-62.6776
"MtrElec",8,22,20,"",249.813,0,0,0,0,0,0,0,0,0,0,0,0,0,0,0,0,0,0,0,0,473.035,0,-223.222,0
"MtrElec",8,22,21,"",233.264,0,0,0,0,0,0,0,0,0,0,0,0,0,0,0,0,0,0,0,0,429.186,0,-195.921,0
"MtrElec",8,22,22,"",347.294,0,0,0,0,0,0,0,0,0,0,0,0,0,0,0,0,0,0,0,0,347.294,0,0,0
"MtrElec",8,22,23,"",253.793,0,0,0,0,0,0,0,0,0,0,0,0,0,0,0,0,0,0,0,0,253.793,0,0,0
"MtrElec",8,22,24,"",226.023,0,0,0,0,0,0,0,0,0,0,0,0,0,0,0,0,0,0,0,0,226.023,0,0,0
"MtrElec",8,23,1,"",172.804,0,0,0,0,0,0,0,0,0,0,0,0,0,0,0,0,0,0,0,0,172.804,0,0,0
"MtrElec",8,23,2,"",193.36,0,0,0,0,0,0,0,0,0,0,0,0,0,0,0,0,0,0,0,0,193.36,0,0,0
"MtrElec",8,23,3,"",157.148,0,0,0,0,0,0,0,0,0,0,0,0,0,0,0,0,0,0,0,0,157.148,0,0,0
"MtrElec",8,23,4,"",159.502,0,0,0,0,0,0,0,0,0,0,0,0,0,0,0,0,0,0,0,0,159.502,0,0,0
"MtrElec",8,23,5,"",180.972,0,0,0,0,0,0,0,0,0,0,0,0,0,0,0,0,0,0,0,0,180.972,0,0,0
"MtrElec",8,23,6,"",156.959,0,0,0,0,0,0,0,0,0,0,0,0,0,0,0,0,0,0,0,0,156.959,0,0,0
"MtrElec",8,23,7,"",201.81,0,0,0,0,0,0,0,0,0,0,0,0,0,0,0,0,0,0,0,0,204.683,0,0,-2.8738
"MtrElec",8,23,8,"",197.17,0,0,0,0,0,0,0,0,0,0,0,0,0,0,0,0,0,0,0,0,247.448,0,0,-50.2779
"MtrElec",8,23,9,"",197.431,0,0,0,0,0,0,0,0,0,0,0,0,0,0,0,0,0,0,0,0,328.701,0,0,-131.271
"MtrElec",8,23,10,"",19.7868,0,0,0,0,0,0,0,0,0,0,0,0,0,0,0,0,0,0,0,0,371.282,0,0,-351.495
"MtrElec",8,23,11,"",0,0,0,0,0,0,0,0,0,0,0,0,0,0,0,0,0,0,0,0,0,458.916,0,126.988,-585.904
"MtrElec",8,23,12,"",0,0,0,0,0,0,0,0,0,0,0,0,0,0,0,0,0,0,0,0,0,473.373,0,189.438,-662.811
"MtrElec",8,23,13,"",0,0,0,0,0,0,0,0,0,0,0,0,0,0,0,0,0,0,0,0,0,505.778,0,192.856,-698.634
"MtrElec",8,23,14,"",0,0,0,0,0,0,0,0,0,0,0,0,0,0,0,0,0,0,0,0,0,487.933,0,221.825,-709.757
"MtrElec",8,23,15,"",-86.8147,0,0,0,0,0,0,0,0,0,0,0,0,0,0,0,0,0,0,0,0,509.961,0,67.8547,-664.631
"MtrElec",8,23,16,"",-97.2733,0,0,0,0,0,0,0,0,0,0,0,0,0,0,0,0,0,0,0,0,467.385,0,0,-564.658
"MtrElec",8,23,17,"",58.4512,0,0,0,0,0,0,0,0,0,0,0,0,0,0,0,0,0,0,0,0,479.914,0,0,-421.463
"MtrElec",8,23,18,"",201.518,0,0,0,0,0,0,0,0,0,0,0,0,0,0,0,0,0,0,0,0,443.305,0,0,-241.788
"MtrElec",8,23,19,"",246.613,0,0,0,0,0,0,0,0,0,0,0,0,0,0,0,0,0,0,0,0,531.618,0,-223.222,-61.7826
"MtrElec",8,23,20,"",162.738,0,0,0,0,0,0,0,0,0,0,0,0,0,0,0,0,0,0,0,0,385.961,0,-223.222,0
"MtrElec",8,23,21,"",91.551,0,0,0,0,0,0,0,0,0,0,0,0,0,0,0,0,0,0,0,0,314.773,0,-223.222,0
"MtrElec",8,23,22,"",232.805,0,0,0,0,0,0,0,0,0,0,0,0,0,0,0,0,0,0,0,0,284.201,0,-51.3963,0
"MtrElec",8,23,23,"",259.774,0,0,0,0,0,0,0,0,0,0,0,0,0,0,0,0,0,0,0,0,259.774,0,0,0
"MtrElec",8,23,24,"",216.559,0,0,0,0,0,0,0,0,0,0,0,0,0,0,0,0,0,0,0,0,216.559,0,0,0
"MtrElec",8,24,1,"",189.419,0,0,0,0,0,0,0,0,0,0,0,0,0,0,0,0,0,0,0,0,189.419,0,0,0
"MtrElec",8,24,2,"",155.742,0,0,0,0,0,0,0,0,0,0,0,0,0,0,0,0,0,0,0,0,155.742,0,0,0
"MtrElec",8,24,3,"",154.419,0,0,0,0,0,0,0,0,0,0,0,0,0,0,0,0,0,0,0,0,154.419,0,0,0
"MtrElec",8,24,4,"",191.746,0,0,0,0,0,0,0,0,0,0,0,0,0,0,0,0,0,0,0,0,191.746,0,0,0
"MtrElec",8,24,5,"",155.763,0,0,0,0,0,0,0,0,0,0,0,0,0,0,0,0,0,0,0,0,155.763,0,0,0
"MtrElec",8,24,6,"",151.84,0,0,0,0,0,0,0,0,0,0,0,0,0,0,0,0,0,0,0,0,151.84,0,0,0
"MtrElec",8,24,7,"",274.568,0,0,0,0,0,0,0,0,0,0,0,0,0,0,0,0,0,0,0,0,275.499,0,0,-0.93113
"MtrElec",8,24,8,"",272.557,0,0,0,0,0,0,0,0,0,0,0,0,0,0,0,0,0,0,0,0,367.341,0,0,-94.7841
"MtrElec",8,24,9,"",130.893,0,0,0,0,0,0,0,0,0,0,0,0,0,0,0,0,0,0,0,0,409.952,0,0,-279.058
"MtrElec",8,24,10,"",31.7708,0,0,0,0,0,0,0,0,0,0,0,0,0,0,0,0,0,0,0,0,474.206,0,0,-442.435
"MtrElec",8,24,11,"",0,0,0,0,0,0,0,0,0,0,0,0,0,0,0,0,0,0,0,0,0,505.604,0,69.6355,-575.24
"MtrElec",8,24,12,"",0,0,0,0,0,0,0,0,0,0,0,0,0,0,0,0,0,0,0,0,0,520.911,0,140.207,-661.118
"MtrElec",8,24,13,"",0,0,0,0,0,0,0,0,0,0,0,0,0,0,0,0,0,0,0,0,0,594.787,0,104.334,-699.122
"MtrElec",8,24,14,"",0.0000156,0,0,0,0,0,0,0,0,0,0,0,0,0,0,0,0,0,0,0,0,477.225,0,215.398,-692.623
"MtrElec",8,24,15,"",0,0,0,0,0,0,0,0,0,0,0,0,0,0,0,0,0,0,0,0,0,542.602,0,91.5986,-634.201
"MtrElec",8,24,16,"",3.08744,0,0,0,0,0,0,0,0,0,0,0,0,0,0,0,0,0,0,0,0,542.046,0,0,-538.958
"MtrElec",8,24,17,"",124.197,0,0,0,0,0,0,0,0,0,0,0,0,0,0,0,0,0,0,0,0,529.24,0,0,-405.043
"MtrElec",8,24,18,"",338.683,0,0,0,0,0,0,0,0,0,0,0,0,0,0,0,0,0,0,0,0,570.414,0,0,-231.732
"MtrElec",8,24,19,"",255.724,0,0,0,0,0,0,0,0,0,0,0,0,0,0,0,0,0,0,0,0,534.877,0,-223.222,-55.9301
"MtrElec",8,24,20,"",309.757,0,0,0,0,0,0,0,0,0,0,0,0,0,0,0,0,0,0,0,0,532.98,0,-223.222,0
"MtrElec",8,24,21,"",393.818,0,0,0,0,0,0,0,0,0,0,0,0,0,0,0,0,0,0,0,0,507.982,0,-114.164,0
"MtrElec",8,24,22,"",327.951,0,0,0,0,0,0,0,0,0,0,0,0,0,0,0,0,0,0,0,0,327.951,0,0,0
"MtrElec",8,24,23,"",271.721,0,0,0,0,0,0,0,0,0,0,0,0,0,0,0,0,0,0,0,0,271.721,0,0,0
"MtrElec",8,24,24,"",253.654,0,0,0,0,0,0,0,0,0,0,0,0,0,0,0,0,0,0,0,0,253.654,0,0,0
"MtrElec",8,25,1,"",181.27,0,0,0,0,0,0,0,0,0,0,0,0,0,0,0,0,0,0,0,0,181.27,0,0,0
"MtrElec",8,25,2,"",155.826,0,0,0,0,0,0,0,0,0,0,0,0,0,0,0,0,0,0,0,0,155.826,0,0,0
"MtrElec",8,25,3,"",151.593,0,0,0,0,0,0,0,0,0,0,0,0,0,0,0,0,0,0,0,0,151.593,0,0,0
"MtrElec",8,25,4,"",154.216,0,0,0,0,0,0,0,0,0,0,0,0,0,0,0,0,0,0,0,0,154.216,0,0,0
"MtrElec",8,25,5,"",151.835,0,0,0,0,0,0,0,0,0,0,0,0,0,0,0,0,0,0,0,0,151.835,0,0,0
"MtrElec",8,25,6,"",161.395,0,0,0,0,0,0,0,0,0,0,0,0,0,0,0,0,0,0,0,0,161.395,0,0,0
"MtrElec",8,25,7,"",281.618,0,0,0,0,0,0,0,0,0,0,0,0,0,0,0,0,0,0,0,0,282.521,0,0,-0.902394
"MtrElec",8,25,8,"",318.493,0,0,0,0,0,0,0,0,0,0,0,0,0,0,0,0,0,0,0,0,407.382,0,0,-88.8889
"MtrElec",8,25,9,"",170.215,0,0,0,0,0,0,0,0,0,0,0,0,0,0,0,0,0,0,0,0,437.341,0,0,-267.125
"MtrElec",8,25,10,"",127.147,0,0,0,0,0,0,0,0,0,0,0,0,0,0,0,0,0,0,0,0,546.492,0,0,-419.345
"MtrElec",8,25,11,"",61.5768,0,0,0,0,0,0,0,0,0,0,0,0,0,0,0,0,0,0,0,0,592.487,0,0,-530.911
"MtrElec",8,25,12,"",0.0000039,0,0,0,0,0,0,0,0,0,0,0,0,0,0,0,0,0,0,0,0,558.427,0,42.4009,-600.828
"MtrElec",8,25,13,"",0,0,0,0,0,0,0,0,0,0,0,0,0,0,0,0,0,0,0,0,0,604.983,0,50.5615,-655.544
"MtrElec",8,25,14,"",0.0000078,0,0,0,0,0,0,0,0,0,0,0,0,0,0,0,0,0,0,0,0,530.448,0,128.28,-658.728
"MtrElec",8,25,15,"",0,0,0,0,0,0,0,0,0,0,0,0,0,0,0,0,0,0,0,0,0,572.468,0,37.0604,-609.529
"MtrElec",8,25,16,"",29.5525,0,0,0,0,0,0,0,0,0,0,0,0,0,0,0,0,0,0,0,0,549.535,0,0,-519.983
"MtrElec",8,25,17,"",210.547,0,0,0,0,0,0,0,0,0,0,0,0,0,0,0,0,0,0,0,0,597.923,0,0,-387.376
"MtrElec",8,25,18,"",332.783,0,0,0,0,0,0,0,0,0,0,0,0,0,0,0,0,0,0,0,0,552.231,0,0,-219.448
"MtrElec",8,25,19,"",263.987,0,0,0,0,0,0,0,0,0,0,0,0,0,0,0,0,0,0,0,0,538.241,0,-223.222,-51.0323
"MtrElec",8,25,20,"",525.342,0,0,0,0,0,0,0,0,0,0,0,0,0,0,0,0,0,0,0,0,535.239,0,-9.89619,0
"MtrElec",8,25,21,"",509.555,0,0,0,0,0,0,0,0,0,0,0,0,0,0,0,0,0,0,0,0,509.555,0,0,0
"MtrElec",8,25,22,"",338.924,0,0,0,0,0,0,0,0,0,0,0,0,0,0,0,0,0,0,0,0,338.924,0,0,0
"MtrElec",8,25,23,"",321.748,0,0,0,0,0,0,0,0,0,0,0,0,0,0,0,0,0,0,0,0,321.748,0,0,0
"MtrElec",8,25,24,"",241.942,0,0,0,0,0,0,0,0,0,0,0,0,0,0,0,0,0,0,0,0,241.942,0,0,0
"MtrElec",8,26,1,"",184.92,0,0,0,0,0,0,0,0,0,0,0,0,0,0,0,0,0,0,0,0,184.92,0,0,0
"MtrElec",8,26,2,"",173.69,0,0,0,0,0,0,0,0,0,0,0,0,0,0,0,0,0,0,0,0,173.69,0,0,0
"MtrElec",8,26,3,"",204.886,0,0,0,0,0,0,0,0,0,0,0,0,0,0,0,0,0,0,0,0,204.886,0,0,0
"MtrElec",8,26,4,"",167.014,0,0,0,0,0,0,0,0,0,0,0,0,0,0,0,0,0,0,0,0,167.014,0,0,0
"MtrElec",8,26,5,"",162.008,0,0,0,0,0,0,0,0,0,0,0,0,0,0,0,0,0,0,0,0,162.008,0,0,0
"MtrElec",8,26,6,"",162.381,0,0,0,0,0,0,0,0,0,0,0,0,0,0,0,0,0,0,0,0,162.381,0,0,0
"MtrElec",8,26,7,"",283.267,0,0,0,0,0,0,0,0,0,0,0,0,0,0,0,0,0,0,0,0,284.086,0,0,-0.818763
"MtrElec",8,26,8,"",311.122,0,0,0,0,0,0,0,0,0,0,0,0,0,0,0,0,0,0,0,0,398.603,0,0,-87.4808
"MtrElec",8,26,9,"",154.643,0,0,0,0,0,0,0,0,0,0,0,0,0,0,0,0,0,0,0,0,421.512,0,0,-266.869
"MtrElec",8,26,10,"",105.854,0,0,0,0,0,0,0,0,0,0,0,0,0,0,0,0,0,0,0,0,529.527,0,0,-423.673
"MtrElec",8,26,11,"",58.847,0,0,0,0,0,0,0,0,0,0,0,0,0,0,0,0,0,0,0,0,589.689,0,0,-530.842
"MtrElec",8,26,12,"",0,0,0,0,0,0,0,0,0,0,0,0,0,0,0,0,0,0,0,0,0,598.496,0,21.9032,-620.399
"MtrElec",8,26,13,"",0.0000010,0,0,0,0,0,0,0,0,0,0,0,0,0,0,0,0,0,0,0,0,652.961,0,12.1919,-665.153
"MtrElec",8,26,14,"",0,0,0,0,0,0,0,0,0,0,0,0,0,0,0,0,0,0,0,0,0,536.539,0,122.928,-659.466
"MtrElec",8,26,15,"",0,0,0,0,0,0,0,0,0,0,0,0,0,0,0,0,0,0,0,0,0,577.515,0,35.7689,-613.284
"MtrElec",8,26,16,"",57.2426,0,0,0,0,0,0,0,0,0,0,0,0,0,0,0,0,0,0,0,0,580.34,0,0,-523.097
"MtrElec",8,26,17,"",174.912,0,0,0,0,0,0,0,0,0,0,0,0,0,0,0,0,0,0,0,0,566.142,0,0,-391.23
"MtrElec",8,26,18,"",379.159,0,0,0,0,0,0,0,0,0,0,0,0,0,0,0,0,0,0,0,0,600.397,0,0,-221.237
"MtrElec",8,26,19,"",330.178,0,0,0,0,0,0,0,0,0,0,0,0,0,0,0,0,0,0,0,0,554.981,0,-173.995,-50.8084
"MtrElec",8,26,20,"",524.565,0,0,0,0,0,0,0,0,0,0,0,0,0,0,0,0,0,0,0,0,524.565,0,0,0
"MtrElec",8,26,21,"",507.566,0,0,0,0,0,0,0,0,0,0,0,0,0,0,0,0,0,0,0,0,507.566,0,0,0
"MtrElec",8,26,22,"",337.486,0,0,0,0,0,0,0,0,0,0,0,0,0,0,0,0,0,0,0,0,337.486,0,0,0
"MtrElec",8,26,23,"",320.681,0,0,0,0,0,0,0,0,0,0,0,0,0,0,0,0,0,0,0,0,320.681,0,0,0
"MtrElec",8,26,24,"",258.151,0,0,0,0,0,0,0,0,0,0,0,0,0,0,0,0,0,0,0,0,258.151,0,0,0
"MtrElec",8,27,1,"",202.177,0,0,0,0,0,0,0,0,0,0,0,0,0,0,0,0,0,0,0,0,202.177,0,0,0
"MtrElec",8,27,2,"",174.791,0,0,0,0,0,0,0,0,0,0,0,0,0,0,0,0,0,0,0,0,174.791,0,0,0
"MtrElec",8,27,3,"",200.13,0,0,0,0,0,0,0,0,0,0,0,0,0,0,0,0,0,0,0,0,200.13,0,0,0
"MtrElec",8,27,4,"",161.622,0,0,0,0,0,0,0,0,0,0,0,0,0,0,0,0,0,0,0,0,161.622,0,0,0
"MtrElec",8,27,5,"",157.117,0,0,0,0,0,0,0,0,0,0,0,0,0,0,0,0,0,0,0,0,157.117,0,0,0
"MtrElec",8,27,6,"",163.641,0,0,0,0,0,0,0,0,0,0,0,0,0,0,0,0,0,0,0,0,163.641,0,0,0
"MtrElec",8,27,7,"",352.368,0,0,0,0,0,0,0,0,0,0,0,0,0,0,0,0,0,0,0,0,353.235,0,0,-0.866573
"MtrElec",8,27,8,"",293.286,0,0,0,0,0,0,0,0,0,0,0,0,0,0,0,0,0,0,0,0,381.617,0,0,-88.3312
"MtrElec",8,27,9,"",215.553,0,0,0,0,0,0,0,0,0,0,0,0,0,0,0,0,0,0,0,0,482.084,0,0,-266.531
"MtrElec",8,27,10,"",134.736,0,0,0,0,0,0,0,0,0,0,0,0,0,0,0,0,0,0,0,0,556.158,0,0,-421.423
"MtrElec",8,27,11,"",72.1312,0,0,0,0,0,0,0,0,0,0,0,0,0,0,0,0,0,0,0,0,621.317,0,0,-549.185
"MtrElec",8,27,12,"",17.6629,0,0,0,0,0,0,0,0,0,0,0,0,0,0,0,0,0,0,0,0,642.936,0,0,-625.273
"MtrElec",8,27,13,"",0,0,0,0,0,0,0,0,0,0,0,0,0,0,0,0,0,0,0,0,0,633.58,0,26.4833,-660.063
"MtrElec",8,27,14,"",0,0,0,0,0,0,0,0,0,0,0,0,0,0,0,0,0,0,0,0,0,560.724,0,110.852,-671.576
"MtrElec",8,27,15,"",0.0000020,0,0,0,0,0,0,0,0,0,0,0,0,0,0,0,0,0,0,0,0,599.537,0,28.5463,-628.083
"MtrElec",8,27,16,"",54.1083,0,0,0,0,0,0,0,0,0,0,0,0,0,0,0,0,0,0,0,0,588.935,0,0,-534.827
"MtrElec",8,27,17,"",184.813,0,0,0,0,0,0,0,0,0,0,0,0,0,0,0,0,0,0,0,0,582.613,0,0,-397.8
"MtrElec",8,27,18,"",366.42,0,0,0,0,0,0,0,0,0,0,0,0,0,0,0,0,0,0,0,0,590.16,0,0,-223.741
"MtrElec",8,27,19,"",327.452,0,0,0,0,0,0,0,0,0,0,0,0,0,0,0,0,0,0,0,0,527.838,0,-149.708,-50.6776
"MtrElec",8,27,20,"",549.518,0,0,0,0,0,0,0,0,0,0,0,0,0,0,0,0,0,0,0,0,549.518,0,0,0
"MtrElec",8,27,21,"",488.383,0,0,0,0,0,0,0,0,0,0,0,0,0,0,0,0,0,0,0,0,488.383,0,0,0
"MtrElec",8,27,22,"",350.679,0,0,0,0,0,0,0,0,0,0,0,0,0,0,0,0,0,0,0,0,350.679,0,0,0
"MtrElec",8,27,23,"",322.139,0,0,0,0,0,0,0,0,0,0,0,0,0,0,0,0,0,0,0,0,322.139,0,0,0
"MtrElec",8,27,24,"",300.701,0,0,0,0,0,0,0,0,0,0,0,0,0,0,0,0,0,0,0,0,300.701,0,0,0
"MtrElec",8,28,1,"",218.667,0,0,0,0,0,0,0,0,0,0,0,0,0,0,0,0,0,0,0,0,218.667,0,0,0
"MtrElec",8,28,2,"",176.449,0,0,0,0,0,0,0,0,0,0,0,0,0,0,0,0,0,0,0,0,176.449,0,0,0
"MtrElec",8,28,3,"",166.541,0,0,0,0,0,0,0,0,0,0,0,0,0,0,0,0,0,0,0,0,166.541,0,0,0
"MtrElec",8,28,4,"",164.042,0,0,0,0,0,0,0,0,0,0,0,0,0,0,0,0,0,0,0,0,164.042,0,0,0
"MtrElec",8,28,5,"",155.483,0,0,0,0,0,0,0,0,0,0,0,0,0,0,0,0,0,0,0,0,155.483,0,0,0
"MtrElec",8,28,6,"",174.798,0,0,0,0,0,0,0,0,0,0,0,0,0,0,0,0,0,0,0,0,174.798,0,0,0
"MtrElec",8,28,7,"",301.483,0,0,0,0,0,0,0,0,0,0,0,0,0,0,0,0,0,0,0,0,302.385,0,0,-0.902472
"MtrElec",8,28,8,"",323.536,0,0,0,0,0,0,0,0,0,0,0,0,0,0,0,0,0,0,0,0,414.176,0,0,-90.6394
"MtrElec",8,28,9,"",180.993,0,0,0,0,0,0,0,0,0,0,0,0,0,0,0,0,0,0,0,0,452.791,0,0,-271.798
"MtrElec",8,28,10,"",145.145,0,0,0,0,0,0,0,0,0,0,0,0,0,0,0,0,0,0,0,0,576.338,0,0,-431.193
"MtrElec",8,28,11,"",81.2259,0,0,0,0,0,0,0,0,0,0,0,0,0,0,0,0,0,0,0,0,637.026,0,0,-555.8
"MtrElec",8,28,12,"",0,0,0,0,0,0,0,0,0,0,0,0,0,0,0,0,0,0,0,0,0,613.783,0,17.9682,-631.751
"MtrElec",8,28,13,"",4.63312,0,0,0,0,0,0,0,0,0,0,0,0,0,0,0,0,0,0,0,0,678.221,0,0,-673.588
"MtrElec",8,28,14,"",0.0000078,0,0,0,0,0,0,0,0,0,0,0,0,0,0,0,0,0,0,0,0,547.71,0,130.151,-677.861
"MtrElec",8,28,15,"",0.0000039,0,0,0,0,0,0,0,0,0,0,0,0,0,0,0,0,0,0,0,0,586.383,0,42.4296,-628.813
"MtrElec",8,28,16,"",31.999,0,0,0,0,0,0,0,0,0,0,0,0,0,0,0,0,0,0,0,0,567.616,0,0,-535.617
"MtrElec",8,28,17,"",215.347,0,0,0,0,0,0,0,0,0,0,0,0,0,0,0,0,0,0,0,0,614.066,0,0,-398.719
"MtrElec",8,28,18,"",382.226,0,0,0,0,0,0,0,0,0,0,0,0,0,0,0,0,0,0,0,0,606.092,0,0,-223.865
"MtrElec",8,28,19,"",320.869,0,0,0,0,0,0,0,0,0,0,0,0,0,0,0,0,0,0,0,0,542.561,0,-171.971,-49.7211
"MtrElec",8,28,20,"",505.092,0,0,0,0,0,0,0,0,0,0,0,0,0,0,0,0,0,0,0,0,505.092,0,0,0
"MtrElec",8,28,21,"",530.148,0,0,0,0,0,0,0,0,0,0,0,0,0,0,0,0,0,0,0,0,530.148,0,0,0
"MtrElec",8,28,22,"",336.358,0,0,0,0,0,0,0,0,0,0,0,0,0,0,0,0,0,0,0,0,336.358,0,0,0
"MtrElec",8,28,23,"",264.082,0,0,0,0,0,0,0,0,0,0,0,0,0,0,0,0,0,0,0,0,264.082,0,0,0
"MtrElec",8,28,24,"",261.489,0,0,0,0,0,0,0,0,0,0,0,0,0,0,0,0,0,0,0,0,261.489,0,0,0
"MtrElec",8,29,1,"",167.854,0,0,0,0,0,0,0,0,0,0,0,0,0,0,0,0,0,0,0,0,167.854,0,0,0
"MtrElec",8,29,2,"",161.084,0,0,0,0,0,0,0,0,0,0,0,0,0,0,0,0,0,0,0,0,161.084,0,0,0
"MtrElec",8,29,3,"",160.651,0,0,0,0,0,0,0,0,0,0,0,0,0,0,0,0,0,0,0,0,160.651,0,0,0
"MtrElec",8,29,4,"",160.071,0,0,0,0,0,0,0,0,0,0,0,0,0,0,0,0,0,0,0,0,160.071,0,0,0
"MtrElec",8,29,5,"",174.864,0,0,0,0,0,0,0,0,0,0,0,0,0,0,0,0,0,0,0,0,174.864,0,0,0
"MtrElec",8,29,6,"",160.981,0,0,0,0,0,0,0,0,0,0,0,0,0,0,0,0,0,0,0,0,160.981,0,0,0
"MtrElec",8,29,7,"",258.044,0,0,0,0,0,0,0,0,0,0,0,0,0,0,0,0,0,0,0,0,258.962,0,0,-0.918782
"MtrElec",8,29,8,"",221.276,0,0,0,0,0,0,0,0,0,0,0,0,0,0,0,0,0,0,0,0,311.6,0,0,-90.3248
"MtrElec",8,29,9,"",151.059,0,0,0,0,0,0,0,0,0,0,0,0,0,0,0,0,0,0,0,0,420.898,0,0,-269.839
"MtrElec",8,29,10,"",121.727,0,0,0,0,0,0,0,0,0,0,0,0,0,0,0,0,0,0,0,0,558.015,0,0,-436.287
"MtrElec",8,29,11,"",90.0729,0,0,0,0,0,0,0,0,0,0,0,0,0,0,0,0,0,0,0,0,647.116,0,0,-557.043
"MtrElec",8,29,12,"",32.3108,0,0,0,0,0,0,0,0,0,0,0,0,0,0,0,0,0,0,0,0,655.824,0,0,-623.513
"MtrElec",8,29,13,"",6.13275,0,0,0,0,0,0,0,0,0,0,0,0,0,0,0,0,0,0,0,0,674.382,0,0,-668.249
"MtrElec",8,29,14,"",0,0,0,0,0,0,0,0,0,0,0,0,0,0,0,0,0,0,0,0,0,642.189,0,35.4191,-677.608
"MtrElec",8,29,15,"",33.8194,0,0,0,0,0,0,0,0,0,0,0,0,0,0,0,0,0,0,0,0,665.811,0,0,-631.992
"MtrElec",8,29,16,"",85.4026,0,0,0,0,0,0,0,0,0,0,0,0,0,0,0,0,0,0,0,0,623.439,0,0,-538.036
"MtrElec",8,29,17,"",189.693,0,0,0,0,0,0,0,0,0,0,0,0,0,0,0,0,0,0,0,0,588.198,0,0,-398.505
"MtrElec",8,29,18,"",390.407,0,0,0,0,0,0,0,0,0,0,0,0,0,0,0,0,0,0,0,0,611.285,0,0,-220.878
"MtrElec",8,29,19,"",494.9,0,0,0,0,0,0,0,0,0,0,0,0,0,0,0,0,0,0,0,0,574.591,0,-31.9658,-47.7247
"MtrElec",8,29,20,"",519.683,0,0,0,0,0,0,0,0,0,0,0,0,0,0,0,0,0,0,0,0,519.683,0,0,0
"MtrElec",8,29,21,"",432.26,0,0,0,0,0,0,0,0,0,0,0,0,0,0,0,0,0,0,0,0,432.26,0,0,0
"MtrElec",8,29,22,"",332.236,0,0,0,0,0,0,0,0,0,0,0,0,0,0,0,0,0,0,0,0,332.236,0,0,0
"MtrElec",8,29,23,"",295.503,0,0,0,0,0,0,0,0,0,0,0,0,0,0,0,0,0,0,0,0,295.503,0,0,0
"MtrElec",8,29,24,"",248.789,0,0,0,0,0,0,0,0,0,0,0,0,0,0,0,0,0,0,0,0,248.789,0,0,0
"MtrElec",8,30,1,"",233.405,0,0,0,0,0,0,0,0,0,0,0,0,0,0,0,0,0,0,0,0,233.405,0,0,0
"MtrElec",8,30,2,"",166.036,0,0,0,0,0,0,0,0,0,0,0,0,0,0,0,0,0,0,0,0,166.036,0,0,0
"MtrElec",8,30,3,"",156.474,0,0,0,0,0,0,0,0,0,0,0,0,0,0,0,0,0,0,0,0,156.474,0,0,0
"MtrElec",8,30,4,"",156.203,0,0,0,0,0,0,0,0,0,0,0,0,0,0,0,0,0,0,0,0,156.203,0,0,0
"MtrElec",8,30,5,"",174.545,0,0,0,0,0,0,0,0,0,0,0,0,0,0,0,0,0,0,0,0,174.545,0,0,0
"MtrElec",8,30,6,"",158.902,0,0,0,0,0,0,0,0,0,0,0,0,0,0,0,0,0,0,0,0,158.902,0,0,0
"MtrElec",8,30,7,"",202.273,0,0,0,0,0,0,0,0,0,0,0,0,0,0,0,0,0,0,0,0,203.23,0,0,-0.956597
"MtrElec",8,30,8,"",143.961,0,0,0,0,0,0,0,0,0,0,0,0,0,0,0,0,0,0,0,0,236.128,0,0,-92.1661
"MtrElec",8,30,9,"",116.6,0,0,0,0,0,0,0,0,0,0,0,0,0,0,0,0,0,0,0,0,396.62,0,0,-280.02
"MtrElec",8,30,10,"",-14.5874,0,0,0,0,0,0,0,0,0,0,0,0,0,0,0,0,0,0,0,0,433.604,0,0,-448.192
"MtrElec",8,30,11,"",0.0000039,0,0,0,0,0,0,0,0,0,0,0,0,0,0,0,0,0,0,0,0,505.048,0,61.0844,-566.132
"MtrElec",8,30,12,"",0,0,0,0,0,0,0,0,0,0,0,0,0,0,0,0,0,0,0,0,0,588.202,0,59.9319,-648.134
"MtrElec",8,30,13,"",0,0,0,0,0,0,0,0,0,0,0,0,0,0,0,0,0,0,0,0,0,562.488,0,131.714,-694.201
"MtrElec",8,30,14,"",0,0,0,0,0,0,0,0,0,0,0,0,0,0,0,0,0,0,0,0,0,529.994,0,158.648,-688.642
"MtrElec",8,30,15,"",0,0,0,0,0,0,0,0,0,0,0,0,0,0,0,0,0,0,0,0,0,559.557,0,77.0042,-636.561
"MtrElec",8,30,16,"",0.0000010,0,0,0,0,0,0,0,0,0,0,0,0,0,0,0,0,0,0,0,0,523.497,0,14.7338,-538.231
"MtrElec",8,30,17,"",127.171,0,0,0,0,0,0,0,0,0,0,0,0,0,0,0,0,0,0,0,0,527.681,0,0,-400.509
"MtrElec",8,30,18,"",292.862,0,0,0,0,0,0,0,0,0,0,0,0,0,0,0,0,0,0,0,0,517.287,0,0,-224.425
"MtrElec",8,30,19,"",265.786,0,0,0,0,0,0,0,0,0,0,0,0,0,0,0,0,0,0,0,0,538.388,0,-223.222,-49.3798
"MtrElec",8,30,20,"",178.485,0,0,0,0,0,0,0,0,0,0,0,0,0,0,0,0,0,0,0,0,401.708,0,-223.222,0
"MtrElec",8,30,21,"",334.423,0,0,0,0,0,0,0,0,0,0,0,0,0,0,0,0,0,0,0,0,342.04,0,-7.61684,0
"MtrElec",8,30,22,"",338.856,0,0,0,0,0,0,0,0,0,0,0,0,0,0,0,0,0,0,0,0,338.856,0,0,0
"MtrElec",8,30,23,"",260.539,0,0,0,0,0,0,0,0,0,0,0,0,0,0,0,0,0,0,0,0,260.539,0,0,0
"MtrElec",8,30,24,"",215.125,0,0,0,0,0,0,0,0,0,0,0,0,0,0,0,0,0,0,0,0,215.125,0,0,0
"MtrElec",8,31,1,"",174.599,0,0,0,0,0,0,0,0,0,0,0,0,0,0,0,0,0,0,0,0,174.599,0,0,0
"MtrElec",8,31,2,"",162.974,0,0,0,0,0,0,0,0,0,0,0,0,0,0,0,0,0,0,0,0,162.974,0,0,0
"MtrElec",8,31,3,"",155.944,0,0,0,0,0,0,0,0,0,0,0,0,0,0,0,0,0,0,0,0,155.944,0,0,0
"MtrElec",8,31,4,"",153.789,0,0,0,0,0,0,0,0,0,0,0,0,0,0,0,0,0,0,0,0,153.789,0,0,0
"MtrElec",8,31,5,"",182.527,0,0,0,0,0,0,0,0,0,0,0,0,0,0,0,0,0,0,0,0,182.527,0,0,0
"MtrElec",8,31,6,"",156.886,0,0,0,0,0,0,0,0,0,0,0,0,0,0,0,0,0,0,0,0,156.886,0,0,0
"MtrElec",8,31,7,"",278.015,0,0,0,0,0,0,0,0,0,0,0,0,0,0,0,0,0,0,0,0,280.133,0,0,-2.11752
"MtrElec",8,31,8,"",260.307,0,0,0,0,0,0,0,0,0,0,0,0,0,0,0,0,0,0,0,0,336.781,0,0,-76.4741
"MtrElec",8,31,9,"",264.538,0,0,0,0,0,0,0,0,0,0,0,0,0,0,0,0,0,0,0,0,472.339,0,0,-207.801
"MtrElec",8,31,10,"",12.3971,0,0,0,0,0,0,0,0,0,0,0,0,0,0,0,0,0,0,0,0,476.795,0,0,-464.398
"MtrElec",8,31,11,"",0,0,0,0,0,0,0,0,0,0,0,0,0,0,0,0,0,0,0,0,0,512.681,0,72.8513,-585.532
"MtrElec",8,31,12,"",0.0000078,0,0,0,0,0,0,0,0,0,0,0,0,0,0,0,0,0,0,0,0,574.853,0,91.0381,-665.891
"MtrElec",8,31,13,"",0,0,0,0,0,0,0,0,0,0,0,0,0,0,0,0,0,0,0,0,0,604.126,0,109.574,-713.701
"MtrElec",8,31,14,"",0,0,0,0,0,0,0,0,0,0,0,0,0,0,0,0,0,0,0,0,0,517.035,0,189.089,-706.124
"MtrElec",8,31,15,"",0,0,0,0,0,0,0,0,0,0,0,0,0,0,0,0,0,0,0,0,0,463.829,0,191.046,-654.875
"MtrElec",8,31,16,"",0,0,0,0,0,0,0,0,0,0,0,0,0,0,0,0,0,0,0,0,0,533.676,0,21.9131,-555.589
"MtrElec",8,31,17,"",132.286,0,0,0,0,0,0,0,0,0,0,0,0,0,0,0,0,0,0,0,0,540.667,0,0,-408.381
"MtrElec",8,31,18,"",326.706,0,0,0,0,0,0,0,0,0,0,0,0,0,0,0,0,0,0,0,0,552.787,0,0,-226.081
"MtrElec",8,31,19,"",249.68,0,0,0,0,0,0,0,0,0,0,0,0,0,0,0,0,0,0,0,0,519.85,0,-223.222,-46.9473
"MtrElec",8,31,20,"",267.628,0,0,0,0,0,0,0,0,0,0,0,0,0,0,0,0,0,0,0,0,490.85,0,-223.222,0
"MtrElec",8,31,21,"",323.186,0,0,0,0,0,0,0,0,0,0,0,0,0,0,0,0,0,0,0,0,486.39,0,-163.205,0
"MtrElec",8,31,22,"",327.966,0,0,0,0,0,0,0,0,0,0,0,0,0,0,0,0,0,0,0,0,327.966,0,0,0
"MtrElec",8,31,23,"",237.864,0,0,0,0,0,0,0,0,0,0,0,0,0,0,0,0,0,0,0,0,237.864,0,0,0
"MtrElec",8,31,24,"",236.457,0,0,0,0,0,0,0,0,0,0,0,0,0,0,0,0,0,0,0,0,236.457,0,0,0
"MtrElec",9,1,1,"",172.351,0,0,0,0,0,0,0,0,0,0,0,0,0,0,0,0,0,0,0,0,172.351,0,0,0
"MtrElec",9,1,2,"",167.044,0,0,0,0,0,0,0,0,0,0,0,0,0,0,0,0,0,0,0,0,167.044,0,0,0
"MtrElec",9,1,3,"",154.791,0,0,0,0,0,0,0,0,0,0,0,0,0,0,0,0,0,0,0,0,154.791,0,0,0
"MtrElec",9,1,4,"",154.646,0,0,0,0,0,0,0,0,0,0,0,0,0,0,0,0,0,0,0,0,154.646,0,0,0
"MtrElec",9,1,5,"",153.344,0,0,0,0,0,0,0,0,0,0,0,0,0,0,0,0,0,0,0,0,153.344,0,0,0
"MtrElec",9,1,6,"",194.872,0,0,0,0,0,0,0,0,0,0,0,0,0,0,0,0,0,0,0,0,194.872,0,0,0
"MtrElec",9,1,7,"",283.372,0,0,0,0,0,0,0,0,0,0,0,0,0,0,0,0,0,0,0,0,284.377,0,0,-1.00496
"MtrElec",9,1,8,"",262.487,0,0,0,0,0,0,0,0,0,0,0,0,0,0,0,0,0,0,0,0,352.508,0,0,-90.0216
"MtrElec",9,1,9,"",137.267,0,0,0,0,0,0,0,0,0,0,0,0,0,0,0,0,0,0,0,0,412.982,0,0,-275.715
"MtrElec",9,1,10,"",82.743,0,0,0,0,0,0,0,0,0,0,0,0,0,0,0,0,0,0,0,0,519.874,0,0,-437.131
"MtrElec",9,1,11,"",8.93681,0,0,0,0,0,0,0,0,0,0,0,0,0,0,0,0,0,0,0,0,572.939,0,0,-564.002
"MtrElec",9,1,12,"",0,0,0,0,0,0,0,0,0,0,0,0,0,0,0,0,0,0,0,0,0,568.166,0,84.7783,-652.944
"MtrElec",9,1,13,"",0,0,0,0,0,0,0,0,0,0,0,0,0,0,0,0,0,0,0,0,0,609.824,0,78.5505,-688.375
"MtrElec",9,1,14,"",0.0000156,0,0,0,0,0,0,0,0,0,0,0,0,0,0,0,0,0,0,0,0,520.686,0,164.455,-685.141
"MtrElec",9,1,15,"",0,0,0,0,0,0,0,0,0,0,0,0,0,0,0,0,0,0,0,0,0,562.911,0,76.0042,-638.915
"MtrElec",9,1,16,"",0,0,0,0,0,0,0,0,0,0,0,0,0,0,0,0,0,0,0,0,0,541.326,0,3.54606,-544.872
"MtrElec",9,1,17,"",171.484,0,0,0,0,0,0,0,0,0,0,0,0,0,0,0,0,0,0,0,0,573.577,0,0,-402.093
"MtrElec",9,1,18,"",362.828,0,0,0,0,0,0,0,0,0,0,0,0,0,0,0,0,0,0,0,0,583.073,0,0,-220.245
"MtrElec",9,1,19,"",303.815,0,0,0,0,0,0,0,0,0,0,0,0,0,0,0,0,0,0,0,0,571.339,0,-223.222,-44.3017
"MtrElec",9,1,20,"",365.858,0,0,0,0,0,0,0,0,0,0,0,0,0,0,0,0,0,0,0,0,510.255,0,-144.396,0
"MtrElec",9,1,21,"",433.587,0,0,0,0,0,0,0,0,0,0,0,0,0,0,0,0,0,0,0,0,433.587,0,0,0
"MtrElec",9,1,22,"",361.465,0,0,0,0,0,0,0,0,0,0,0,0,0,0,0,0,0,0,0,0,361.465,0,0,0
"MtrElec",9,1,23,"",298.33,0,0,0,0,0,0,0,0,0,0,0,0,0,0,0,0,0,0,0,0,298.33,0,0,0
"MtrElec",9,1,24,"",211.682,0,0,0,0,0,0,0,0,0,0,0,0,0,0,0,0,0,0,0,0,211.682,0,0,0
"MtrElec",9,2,1,"",175.284,0,0,0,0,0,0,0,0,0,0,0,0,0,0,0,0,0,0,0,0,175.284,0,0,0
"MtrElec",9,2,2,"",162.044,0,0,0,0,0,0,0,0,0,0,0,0,0,0,0,0,0,0,0,0,162.044,0,0,0
"MtrElec",9,2,3,"",155.296,0,0,0,0,0,0,0,0,0,0,0,0,0,0,0,0,0,0,0,0,155.296,0,0,0
"MtrElec",9,2,4,"",157.523,0,0,0,0,0,0,0,0,0,0,0,0,0,0,0,0,0,0,0,0,157.523,0,0,0
"MtrElec",9,2,5,"",156.471,0,0,0,0,0,0,0,0,0,0,0,0,0,0,0,0,0,0,0,0,156.471,0,0,0
"MtrElec",9,2,6,"",201.328,0,0,0,0,0,0,0,0,0,0,0,0,0,0,0,0,0,0,0,0,201.328,0,0,0
"MtrElec",9,2,7,"",319.018,0,0,0,0,0,0,0,0,0,0,0,0,0,0,0,0,0,0,0,0,319.564,0,0,-0.546043
"MtrElec",9,2,8,"",295.276,0,0,0,0,0,0,0,0,0,0,0,0,0,0,0,0,0,0,0,0,349.236,0,0,-53.9603
"MtrElec",9,2,9,"",251.76,0,0,0,0,0,0,0,0,0,0,0,0,0,0,0,0,0,0,0,0,397.787,0,0,-146.027
"MtrElec",9,2,10,"",144.982,0,0,0,0,0,0,0,0,0,0,0,0,0,0,0,0,0,0,0,0,554.353,0,0,-409.372
"MtrElec",9,2,11,"",0,0,0,0,0,0,0,0,0,0,0,0,0,0,0,0,0,0,0,0,0,576.703,0,3.25544,-579.958
"MtrElec",9,2,12,"",0.0000156,0,0,0,0,0,0,0,0,0,0,0,0,0,0,0,0,0,0,0,0,511.729,0,158.475,-670.203
"MtrElec",9,2,13,"",0,0,0,0,0,0,0,0,0,0,0,0,0,0,0,0,0,0,0,0,0,571.936,0,134.839,-706.775
"MtrElec",9,2,14,"",0,0,0,0,0,0,0,0,0,0,0,0,0,0,0,0,0,0,0,0,0,518.362,0,186.568,-704.93
"MtrElec",9,2,15,"",0,0,0,0,0,0,0,0,0,0,0,0,0,0,0,0,0,0,0,0,0,487.472,0,166.307,-653.779
"MtrElec",9,2,16,"",0,0,0,0,0,0,0,0,0,0,0,0,0,0,0,0,0,0,0,0,0,540.48,0,11.5276,-552.007
"MtrElec",9,2,17,"",138.355,0,0,0,0,0,0,0,0,0,0,0,0,0,0,0,0,0,0,0,0,545.065,0,0,-406.711
"MtrElec",9,2,18,"",360.097,0,0,0,0,0,0,0,0,0,0,0,0,0,0,0,0,0,0,0,0,584.588,0,0,-224.492
"MtrElec",9,2,19,"",289.89,0,0,0,0,0,0,0,0,0,0,0,0,0,0,0,0,0,0,0,0,556.421,0,-223.222,-43.3083
"MtrElec",9,2,20,"",276.492,0,0,0,0,0,0,0,0,0,0,0,0,0,0,0,0,0,0,0,0,499.715,0,-223.222,0
"MtrElec",9,2,21,"",320.493,0,0,0,0,0,0,0,0,0,0,0,0,0,0,0,0,0,0,0,0,470.575,0,-150.082,0
"MtrElec",9,2,22,"",304.364,0,0,0,0,0,0,0,0,0,0,0,0,0,0,0,0,0,0,0,0,304.364,0,0,0
"MtrElec",9,2,23,"",305.508,0,0,0,0,0,0,0,0,0,0,0,0,0,0,0,0,0,0,0,0,305.508,0,0,0
"MtrElec",9,2,24,"",278.547,0,0,0,0,0,0,0,0,0,0,0,0,0,0,0,0,0,0,0,0,278.547,0,0,0
"MtrElec",9,3,1,"",184.767,0,0,0,0,0,0,0,0,0,0,0,0,0,0,0,0,0,0,0,0,184.767,0,0,0
"MtrElec",9,3,2,"",168.255,0,0,0,0,0,0,0,0,0,0,0,0,0,0,0,0,0,0,0,0,168.255,0,0,0
"MtrElec",9,3,3,"",161.947,0,0,0,0,0,0,0,0,0,0,0,0,0,0,0,0,0,0,0,0,161.947,0,0,0
"MtrElec",9,3,4,"",160.675,0,0,0,0,0,0,0,0,0,0,0,0,0,0,0,0,0,0,0,0,160.675,0,0,0
"MtrElec",9,3,5,"",153.954,0,0,0,0,0,0,0,0,0,0,0,0,0,0,0,0,0,0,0,0,153.954,0,0,0
"MtrElec",9,3,6,"",212.096,0,0,0,0,0,0,0,0,0,0,0,0,0,0,0,0,0,0,0,0,212.096,0,0,0
"MtrElec",9,3,7,"",290.208,0,0,0,0,0,0,0,0,0,0,0,0,0,0,0,0,0,0,0,0,290.208,0,0,0
"MtrElec",9,3,8,"",305.952,0,0,0,0,0,0,0,0,0,0,0,0,0,0,0,0,0,0,0,0,339.008,0,0,-33.0556
"MtrElec",9,3,9,"",383.192,0,0,0,0,0,0,0,0,0,0,0,0,0,0,0,0,0,0,0,0,474.41,0,0,-91.218
"MtrElec",9,3,10,"",311.922,0,0,0,0,0,0,0,0,0,0,0,0,0,0,0,0,0,0,0,0,508.187,0,0,-196.265
"MtrElec",9,3,11,"",36.4692,0,0,0,0,0,0,0,0,0,0,0,0,0,0,0,0,0,0,0,0,540.213,0,0,-503.744
"MtrElec",9,3,12,"",0,0,0,0,0,0,0,0,0,0,0,0,0,0,0,0,0,0,0,0,0,495.583,0,161.968,-657.551
"MtrElec",9,3,13,"",0,0,0,0,0,0,0,0,0,0,0,0,0,0,0,0,0,0,0,0,0,549.146,0,154.504,-703.651
"MtrElec",9,3,14,"",-9.87489,0,0,0,0,0,0,0,0,0,0,0,0,0,0,0,0,0,0,0,0,467.347,0,223.222,-700.444
"MtrElec",9,3,15,"",0.0000156,0,0,0,0,0,0,0,0,0,0,0,0,0,0,0,0,0,0,0,0,491.857,0,148.656,-640.512
"MtrElec",9,3,16,"",0.0000039,0,0,0,0,0,0,0,0,0,0,0,0,0,0,0,0,0,0,0,0,461.857,0,64.3458,-526.203
"MtrElec",9,3,17,"",111.547,0,0,0,0,0,0,0,0,0,0,0,0,0,0,0,0,0,0,0,0,494.832,0,0,-383.284
"MtrElec",9,3,18,"",316.074,0,0,0,0,0,0,0,0,0,0,0,0,0,0,0,0,0,0,0,0,522.006,0,0,-205.932
"MtrElec",9,3,19,"",256.132,0,0,0,0,0,0,0,0,0,0,0,0,0,0,0,0,0,0,0,0,520.461,0,-223.222,-41.1062
"MtrElec",9,3,20,"",291.397,0,0,0,0,0,0,0,0,0,0,0,0,0,0,0,0,0,0,0,0,514.619,0,-223.222,0
"MtrElec",9,3,21,"",277.308,0,0,0,0,0,0,0,0,0,0,0,0,0,0,0,0,0,0,0,0,500.53,0,-223.222,0
"MtrElec",9,3,22,"",312.718,0,0,0,0,0,0,0,0,0,0,0,0,0,0,0,0,0,0,0,0,322.359,0,-9.64116,0
"MtrElec",9,3,23,"",288.789,0,0,0,0,0,0,0,0,0,0,0,0,0,0,0,0,0,0,0,0,288.789,0,0,0
"MtrElec",9,3,24,"",249.074,0,0,0,0,0,0,0,0,0,0,0,0,0,0,0,0,0,0,0,0,249.074,0,0,0
"MtrElec",9,4,1,"",166.735,0,0,0,0,0,0,0,0,0,0,0,0,0,0,0,0,0,0,0,0,166.735,0,0,0
"MtrElec",9,4,2,"",162.138,0,0,0,0,0,0,0,0,0,0,0,0,0,0,0,0,0,0,0,0,162.138,0,0,0
"MtrElec",9,4,3,"",159.417,0,0,0,0,0,0,0,0,0,0,0,0,0,0,0,0,0,0,0,0,159.417,0,0,0
"MtrElec",9,4,4,"",163.213,0,0,0,0,0,0,0,0,0,0,0,0,0,0,0,0,0,0,0,0,163.213,0,0,0
"MtrElec",9,4,5,"",151.449,0,0,0,0,0,0,0,0,0,0,0,0,0,0,0,0,0,0,0,0,151.449,0,0,0
"MtrElec",9,4,6,"",161.224,0,0,0,0,0,0,0,0,0,0,0,0,0,0,0,0,0,0,0,0,161.224,0,0,0
"MtrElec",9,4,7,"",281.269,0,0,0,0,0,0,0,0,0,0,0,0,0,0,0,0,0,0,0,0,281.269,0,0,0
"MtrElec",9,4,8,"",306.814,0,0,0,0,0,0,0,0,0,0,0,0,0,0,0,0,0,0,0,0,341.627,0,0,-34.8132
"MtrElec",9,4,9,"",336.519,0,0,0,0,0,0,0,0,0,0,0,0,0,0,0,0,0,0,0,0,431.881,0,0,-95.3628
"MtrElec",9,4,10,"",319.723,0,0,0,0,0,0,0,0,0,0,0,0,0,0,0,0,0,0,0,0,509.525,0,0,-189.802
"MtrElec",9,4,11,"",73.5299,0,0,0,0,0,0,0,0,0,0,0,0,0,0,0,0,0,0,0,0,511.35,0,0,-437.82
"MtrElec",9,4,12,"",0,0,0,0,0,0,0,0,0,0,0,0,0,0,0,0,0,0,0,0,0,490.403,0,123.876,-614.279
"MtrElec",9,4,13,"",0.0000078,0,0,0,0,0,0,0,0,0,0,0,0,0,0,0,0,0,0,0,0,551.344,0,129.023,-680.367
"MtrElec",9,4,14,"",0,0,0,0,0,0,0,0,0,0,0,0,0,0,0,0,0,0,0,0,0,479.174,0,207.135,-686.308
"MtrElec",9,4,15,"",0,0,0,0,0,0,0,0,0,0,0,0,0,0,0,0,0,0,0,0,0,441.381,0,202.644,-644.024
"MtrElec",9,4,16,"",0,0,0,0,0,0,0,0,0,0,0,0,0,0,0,0,0,0,0,0,0,487.093,0,56.7098,-543.803
"MtrElec",9,4,17,"",127.2,0,0,0,0,0,0,0,0,0,0,0,0,0,0,0,0,0,0,0,0,524.654,0,0,-397.454
"MtrElec",9,4,18,"",267.533,0,0,0,0,0,0,0,0,0,0,0,0,0,0,0,0,0,0,0,0,478.938,0,0,-211.405
"MtrElec",9,4,19,"",225.583,0,0,0,0,0,0,0,0,0,0,0,0,0,0,0,0,0,0,0,0,488.646,0,-223.222,-39.8407
"MtrElec",9,4,20,"",260.984,0,0,0,0,0,0,0,0,0,0,0,0,0,0,0,0,0,0,0,0,484.207,0,-223.222,0
"MtrElec",9,4,21,"",247.147,0,0,0,0,0,0,0,0,0,0,0,0,0,0,0,0,0,0,0,0,449.949,0,-202.802,0
"MtrElec",9,4,22,"",292.192,0,0,0,0,0,0,0,0,0,0,0,0,0,0,0,0,0,0,0,0,292.192,0,0,0
"MtrElec",9,4,23,"",277.93,0,0,0,0,0,0,0,0,0,0,0,0,0,0,0,0,0,0,0,0,277.93,0,0,0
"MtrElec",9,4,24,"",233.986,0,0,0,0,0,0,0,0,0,0,0,0,0,0,0,0,0,0,0,0,233.986,0,0,0
"MtrElec",9,5,1,"",175.088,0,0,0,0,0,0,0,0,0,0,0,0,0,0,0,0,0,0,0,0,175.088,0,0,0
"MtrElec",9,5,2,"",206.419,0,0,0,0,0,0,0,0,0,0,0,0,0,0,0,0,0,0,0,0,206.419,0,0,0
"MtrElec",9,5,3,"",150.305,0,0,0,0,0,0,0,0,0,0,0,0,0,0,0,0,0,0,0,0,150.305,0,0,0
"MtrElec",9,5,4,"",153.705,0,0,0,0,0,0,0,0,0,0,0,0,0,0,0,0,0,0,0,0,153.705,0,0,0
"MtrElec",9,5,5,"",158.376,0,0,0,0,0,0,0,0,0,0,0,0,0,0,0,0,0,0,0,0,158.376,0,0,0
"MtrElec",9,5,6,"",155.634,0,0,0,0,0,0,0,0,0,0,0,0,0,0,0,0,0,0,0,0,155.634,0,0,0
"MtrElec",9,5,7,"",256.773,0,0,0,0,0,0,0,0,0,0,0,0,0,0,0,0,0,0,0,0,257.397,0,0,-0.623835
"MtrElec",9,5,8,"",205.486,0,0,0,0,0,0,0,0,0,0,0,0,0,0,0,0,0,0,0,0,275.391,0,0,-69.9051
"MtrElec",9,5,9,"",177.586,0,0,0,0,0,0,0,0,0,0,0,0,0,0,0,0,0,0,0,0,356.848,0,0,-179.263
"MtrElec",9,5,10,"",138.239,0,0,0,0,0,0,0,0,0,0,0,0,0,0,0,0,0,0,0,0,421.539,0,0,-283.301
"MtrElec",9,5,11,"",151.728,0,0,0,0,0,0,0,0,0,0,0,0,0,0,0,0,0,0,0,0,486.585,0,0,-334.857
"MtrElec",9,5,12,"",0,0,0,0,0,0,0,0,0,0,0,0,0,0,0,0,0,0,0,0,0,509.34,0,75.2772,-584.617
"MtrElec",9,5,13,"",0,0,0,0,0,0,0,0,0,0,0,0,0,0,0,0,0,0,0,0,0,488.509,0,196.991,-685.5
"MtrElec",9,5,14,"",0,0,0,0,0,0,0,0,0,0,0,0,0,0,0,0,0,0,0,0,0,481.948,0,203.325,-685.273
"MtrElec",9,5,15,"",0,0,0,0,0,0,0,0,0,0,0,0,0,0,0,0,0,0,0,0,0,504.171,0,125.346,-629.517
"MtrElec",9,5,16,"",0.0000020,0,0,0,0,0,0,0,0,0,0,0,0,0,0,0,0,0,0,0,0,502.352,0,27.3105,-529.663
"MtrElec",9,5,17,"",131.905,0,0,0,0,0,0,0,0,0,0,0,0,0,0,0,0,0,0,0,0,513.08,0,0,-381.175
"MtrElec",9,5,18,"",329.532,0,0,0,0,0,0,0,0,0,0,0,0,0,0,0,0,0,0,0,0,530.305,0,0,-200.772
"MtrElec",9,5,19,"",256.688,0,0,0,0,0,0,0,0,0,0,0,0,0,0,0,0,0,0,0,0,518.229,0,-223.222,-38.3188
"MtrElec",9,5,20,"",207.038,0,0,0,0,0,0,0,0,0,0,0,0,0,0,0,0,0,0,0,0,430.261,0,-223.222,0
"MtrElec",9,5,21,"",241.282,0,0,0,0,0,0,0,0,0,0,0,0,0,0,0,0,0,0,0,0,361.834,0,-120.551,0
"MtrElec",9,5,22,"",374.175,0,0,0,0,0,0,0,0,0,0,0,0,0,0,0,0,0,0,0,0,374.175,0,0,0
"MtrElec",9,5,23,"",209.992,0,0,0,0,0,0,0,0,0,0,0,0,0,0,0,0,0,0,0,0,209.992,0,0,0
"MtrElec",9,5,24,"",260.48,0,0,0,0,0,0,0,0,0,0,0,0,0,0,0,0,0,0,0,0,260.48,0,0,0
"MtrElec",9,6,1,"",163.726,0,0,0,0,0,0,0,0,0,0,0,0,0,0,0,0,0,0,0,0,163.726,0,0,0
"MtrElec",9,6,2,"",156.854,0,0,0,0,0,0,0,0,0,0,0,0,0,0,0,0,0,0,0,0,156.854,0,0,0
"MtrElec",9,6,3,"",155.224,0,0,0,0,0,0,0,0,0,0,0,0,0,0,0,0,0,0,0,0,155.224,0,0,0
"MtrElec",9,6,4,"",154.969,0,0,0,0,0,0,0,0,0,0,0,0,0,0,0,0,0,0,0,0,154.969,0,0,0
"MtrElec",9,6,5,"",158.648,0,0,0,0,0,0,0,0,0,0,0,0,0,0,0,0,0,0,0,0,158.648,0,0,0
"MtrElec",9,6,6,"",159.373,0,0,0,0,0,0,0,0,0,0,0,0,0,0,0,0,0,0,0,0,159.373,0,0,0
"MtrElec",9,6,7,"",198.755,0,0,0,0,0,0,0,0,0,0,0,0,0,0,0,0,0,0,0,0,199.731,0,0,-0.976649
"MtrElec",9,6,8,"",122.91,0,0,0,0,0,0,0,0,0,0,0,0,0,0,0,0,0,0,0,0,210.494,0,0,-87.5834
"MtrElec",9,6,9,"",37.3039,0,0,0,0,0,0,0,0,0,0,0,0,0,0,0,0,0,0,0,0,309.338,0,0,-272.034
"MtrElec",9,6,10,"",-48.5762,0,0,0,0,0,0,0,0,0,0,0,0,0,0,0,0,0,0,0,0,392.806,0,0,-441.382
"MtrElec",9,6,11,"",0.0000078,0,0,0,0,0,0,0,0,0,0,0,0,0,0,0,0,0,0,0,0,459.967,0,103.802,-563.769
"MtrElec",9,6,12,"",0,0,0,0,0,0,0,0,0,0,0,0,0,0,0,0,0,0,0,0,0,516.618,0,123.132,-639.751
"MtrElec",9,6,13,"",0,0,0,0,0,0,0,0,0,0,0,0,0,0,0,0,0,0,0,0,0,542.053,0,146.49,-688.543
"MtrElec",9,6,14,"",-3.38477,0,0,0,0,0,0,0,0,0,0,0,0,0,0,0,0,0,0,0,0,467.914,0,223.222,-694.521
"MtrElec",9,6,15,"",0.0000156,0,0,0,0,0,0,0,0,0,0,0,0,0,0,0,0,0,0,0,0,496.214,0,147.254,-643.468
"MtrElec",9,6,16,"",-58.6351,0,0,0,0,0,0,0,0,0,0,0,0,0,0,0,0,0,0,0,0,422.658,0,55.061,-536.354
"MtrElec",9,6,17,"",83.3602,0,0,0,0,0,0,0,0,0,0,0,0,0,0,0,0,0,0,0,0,474.072,0,0,-390.712
"MtrElec",9,6,18,"",291.367,0,0,0,0,0,0,0,0,0,0,0,0,0,0,0,0,0,0,0,0,496.326,0,0,-204.959
"MtrElec",9,6,19,"",299.944,0,0,0,0,0,0,0,0,0,0,0,0,0,0,0,0,0,0,0,0,559.963,0,-223.222,-36.7964
"MtrElec",9,6,20,"",147.281,0,0,0,0,0,0,0,0,0,0,0,0,0,0,0,0,0,0,0,0,370.504,0,-223.222,0
"MtrElec",9,6,21,"",127.535,0,0,0,0,0,0,0,0,0,0,0,0,0,0,0,0,0,0,0,0,350.758,0,-223.222,0
"MtrElec",9,6,22,"",286.665,0,0,0,0,0,0,0,0,0,0,0,0,0,0,0,0,0,0,0,0,338.062,0,-51.3963,0
"MtrElec",9,6,23,"",234.891,0,0,0,0,0,0,0,0,0,0,0,0,0,0,0,0,0,0,0,0,234.891,0,0,0
"MtrElec",9,6,24,"",252.754,0,0,0,0,0,0,0,0,0,0,0,0,0,0,0,0,0,0,0,0,252.754,0,0,0
"MtrElec",9,7,1,"",174.203,0,0,0,0,0,0,0,0,0,0,0,0,0,0,0,0,0,0,0,0,174.203,0,0,0
"MtrElec",9,7,2,"",195.716,0,0,0,0,0,0,0,0,0,0,0,0,0,0,0,0,0,0,0,0,195.716,0,0,0
"MtrElec",9,7,3,"",154.93,0,0,0,0,0,0,0,0,0,0,0,0,0,0,0,0,0,0,0,0,154.93,0,0,0
"MtrElec",9,7,4,"",156.776,0,0,0,0,0,0,0,0,0,0,0,0,0,0,0,0,0,0,0,0,156.776,0,0,0
"MtrElec",9,7,5,"",155.534,0,0,0,0,0,0,0,0,0,0,0,0,0,0,0,0,0,0,0,0,155.534,0,0,0
"MtrElec",9,7,6,"",207.656,0,0,0,0,0,0,0,0,0,0,0,0,0,0,0,0,0,0,0,0,207.656,0,0,0
"MtrElec",9,7,7,"",216.049,0,0,0,0,0,0,0,0,0,0,0,0,0,0,0,0,0,0,0,0,216.4,0,0,-0.350866
"MtrElec",9,7,8,"",191.231,0,0,0,0,0,0,0,0,0,0,0,0,0,0,0,0,0,0,0,0,278.403,0,0,-87.1722
"MtrElec",9,7,9,"",118.214,0,0,0,0,0,0,0,0,0,0,0,0,0,0,0,0,0,0,0,0,390.745,0,0,-272.53
"MtrElec",9,7,10,"",62.1249,0,0,0,0,0,0,0,0,0,0,0,0,0,0,0,0,0,0,0,0,502.485,0,0,-440.36
"MtrElec",9,7,11,"",0,0,0,0,0,0,0,0,0,0,0,0,0,0,0,0,0,0,0,0,0,455.947,0,108.666,-564.613
"MtrElec",9,7,12,"",0.0000078,0,0,0,0,0,0,0,0,0,0,0,0,0,0,0,0,0,0,0,0,531.758,0,120.667,-652.425
"MtrElec",9,7,13,"",0,0,0,0,0,0,0,0,0,0,0,0,0,0,0,0,0,0,0,0,0,557.332,0,134.114,-691.446
"MtrElec",9,7,14,"",0,0,0,0,0,0,0,0,0,0,0,0,0,0,0,0,0,0,0,0,0,565.204,0,123.382,-688.586
"MtrElec",9,7,15,"",0,0,0,0,0,0,0,0,0,0,0,0,0,0,0,0,0,0,0,0,0,435.686,0,198.081,-633.767
"MtrElec",9,7,16,"",0.0000010,0,0,0,0,0,0,0,0,0,0,0,0,0,0,0,0,0,0,0,0,509.815,0,13.9913,-523.806
"MtrElec",9,7,17,"",180.724,0,0,0,0,0,0,0,0,0,0,0,0,0,0,0,0,0,0,0,0,559.615,0,0,-378.89
"MtrElec",9,7,18,"",347.246,0,0,0,0,0,0,0,0,0,0,0,0,0,0,0,0,0,0,0,0,547.15,0,0,-199.904
"MtrElec",9,7,19,"",299.079,0,0,0,0,0,0,0,0,0,0,0,0,0,0,0,0,0,0,0,0,555.687,0,-223.222,-33.3862
"MtrElec",9,7,20,"",141.003,0,0,0,0,0,0,0,0,0,0,0,0,0,0,0,0,0,0,0,0,364.225,0,-223.222,0
"MtrElec",9,7,21,"",159.783,0,0,0,0,0,0,0,0,0,0,0,0,0,0,0,0,0,0,0,0,344.097,0,-184.314,0
"MtrElec",9,7,22,"",312.841,0,0,0,0,0,0,0,0,0,0,0,0,0,0,0,0,0,0,0,0,312.841,0,0,0
"MtrElec",9,7,23,"",243.191,0,0,0,0,0,0,0,0,0,0,0,0,0,0,0,0,0,0,0,0,243.191,0,0,0
"MtrElec",9,7,24,"",255.576,0,0,0,0,0,0,0,0,0,0,0,0,0,0,0,0,0,0,0,0,255.576,0,0,0
"MtrElec",9,8,1,"",167.944,0,0,0,0,0,0,0,0,0,0,0,0,0,0,0,0,0,0,0,0,167.944,0,0,0
"MtrElec",9,8,2,"",162.926,0,0,0,0,0,0,0,0,0,0,0,0,0,0,0,0,0,0,0,0,162.926,0,0,0
"MtrElec",9,8,3,"",157.433,0,0,0,0,0,0,0,0,0,0,0,0,0,0,0,0,0,0,0,0,157.433,0,0,0
"MtrElec",9,8,4,"",156.785,0,0,0,0,0,0,0,0,0,0,0,0,0,0,0,0,0,0,0,0,156.785,0,0,0
"MtrElec",9,8,5,"",152.035,0,0,0,0,0,0,0,0,0,0,0,0,0,0,0,0,0,0,0,0,152.035,0,0,0
"MtrElec",9,8,6,"",206.54,0,0,0,0,0,0,0,0,0,0,0,0,0,0,0,0,0,0,0,0,206.54,0,0,0
"MtrElec",9,8,7,"",276.189,0,0,0,0,0,0,0,0,0,0,0,0,0,0,0,0,0,0,0,0,276.517,0,0,-0.328039
"MtrElec",9,8,8,"",273.216,0,0,0,0,0,0,0,0,0,0,0,0,0,0,0,0,0,0,0,0,357.65,0,0,-84.4339
"MtrElec",9,8,9,"",189.003,0,0,0,0,0,0,0,0,0,0,0,0,0,0,0,0,0,0,0,0,454.937,0,0,-265.934
"MtrElec",9,8,10,"",112.497,0,0,0,0,0,0,0,0,0,0,0,0,0,0,0,0,0,0,0,0,547.413,0,0,-434.916
"MtrElec",9,8,11,"",0,0,0,0,0,0,0,0,0,0,0,0,0,0,0,0,0,0,0,0,0,539.766,0,15.665,-555.431
"MtrElec",9,8,12,"",0,0,0,0,0,0,0,0,0,0,0,0,0,0,0,0,0,0,0,0,0,548.693,0,71.5606,-620.253
"MtrElec",9,8,13,"",0.0000078,0,0,0,0,0,0,0,0,0,0,0,0,0,0,0,0,0,0,0,0,538.46,0,127.898,-666.358
"MtrElec",9,8,14,"",0.0000156,0,0,0,0,0,0,0,0,0,0,0,0,0,0,0,0,0,0,0,0,497.524,0,178.237,-675.761
"MtrElec",9,8,15,"",0.0000156,0,0,0,0,0,0,0,0,0,0,0,0,0,0,0,0,0,0,0,0,460.878,0,165.744,-626.622
"MtrElec",9,8,16,"",0,0,0,0,0,0,0,0,0,0,0,0,0,0,0,0,0,0,0,0,0,524.466,0,1.85944,-526.326
"MtrElec",9,8,17,"",186.451,0,0,0,0,0,0,0,0,0,0,0,0,0,0,0,0,0,0,0,0,568.882,0,0,-382.431
"MtrElec",9,8,18,"",368.904,0,0,0,0,0,0,0,0,0,0,0,0,0,0,0,0,0,0,0,0,567.657,0,0,-198.753
"MtrElec",9,8,19,"",282.976,0,0,0,0,0,0,0,0,0,0,0,0,0,0,0,0,0,0,0,0,536.044,0,-223.222,-29.8454
"MtrElec",9,8,20,"",305.362,0,0,0,0,0,0,0,0,0,0,0,0,0,0,0,0,0,0,0,0,528.585,0,-223.222,0
"MtrElec",9,8,21,"",438.425,0,0,0,0,0,0,0,0,0,0,0,0,0,0,0,0,0,0,0,0,498.251,0,-59.8255,0
"MtrElec",9,8,22,"",342.142,0,0,0,0,0,0,0,0,0,0,0,0,0,0,0,0,0,0,0,0,342.142,0,0,0
"MtrElec",9,8,23,"",318.362,0,0,0,0,0,0,0,0,0,0,0,0,0,0,0,0,0,0,0,0,318.362,0,0,0
"MtrElec",9,8,24,"",237.744,0,0,0,0,0,0,0,0,0,0,0,0,0,0,0,0,0,0,0,0,237.744,0,0,0
"MtrElec",9,9,1,"",211.733,0,0,0,0,0,0,0,0,0,0,0,0,0,0,0,0,0,0,0,0,211.733,0,0,0
"MtrElec",9,9,2,"",161.216,0,0,0,0,0,0,0,0,0,0,0,0,0,0,0,0,0,0,0,0,161.216,0,0,0
"MtrElec",9,9,3,"",153.972,0,0,0,0,0,0,0,0,0,0,0,0,0,0,0,0,0,0,0,0,153.972,0,0,0
"MtrElec",9,9,4,"",153.948,0,0,0,0,0,0,0,0,0,0,0,0,0,0,0,0,0,0,0,0,153.948,0,0,0
"MtrElec",9,9,5,"",148.497,0,0,0,0,0,0,0,0,0,0,0,0,0,0,0,0,0,0,0,0,148.497,0,0,0
"MtrElec",9,9,6,"",189.856,0,0,0,0,0,0,0,0,0,0,0,0,0,0,0,0,0,0,0,0,189.856,0,0,0
"MtrElec",9,9,7,"",270.276,0,0,0,0,0,0,0,0,0,0,0,0,0,0,0,0,0,0,0,0,270.276,0,0,0
"MtrElec",9,9,8,"",341.612,0,0,0,0,0,0,0,0,0,0,0,0,0,0,0,0,0,0,0,0,394.286,0,0,-52.6748
"MtrElec",9,9,9,"",295.212,0,0,0,0,0,0,0,0,0,0,0,0,0,0,0,0,0,0,0,0,432.755,0,0,-137.543
"MtrElec",9,9,10,"",98.7974,0,0,0,0,0,0,0,0,0,0,0,0,0,0,0,0,0,0,0,0,493.617,0,0,-394.82
"MtrElec",9,9,11,"",0,0,0,0,0,0,0,0,0,0,0,0,0,0,0,0,0,0,0,0,0,523.627,0,32.7156,-556.343
"MtrElec",9,9,12,"",0,0,0,0,0,0,0,0,0,0,0,0,0,0,0,0,0,0,0,0,0,543.591,0,103.255,-646.846
"MtrElec",9,9,13,"",0,0,0,0,0,0,0,0,0,0,0,0,0,0,0,0,0,0,0,0,0,600.967,0,78.975,-679.942
"MtrElec",9,9,14,"",-10.3891,0,0,0,0,0,0,0,0,0,0,0,0,0,0,0,0,0,0,0,0,446.977,0,223.222,-680.588
"MtrElec",9,9,15,"",0,0,0,0,0,0,0,0,0,0,0,0,0,0,0,0,0,0,0,0,0,486.353,0,150.192,-636.545
"MtrElec",9,9,16,"",0,0,0,0,0,0,0,0,0,0,0,0,0,0,0,0,0,0,0,0,0,465.767,0,66.7244,-532.492
"MtrElec",9,9,17,"",154.208,0,0,0,0,0,0,0,0,0,0,0,0,0,0,0,0,0,0,0,0,537.474,0,0,-383.266
"MtrElec",9,9,18,"",320.191,0,0,0,0,0,0,0,0,0,0,0,0,0,0,0,0,0,0,0,0,518.004,0,0,-197.812
"MtrElec",9,9,19,"",276.603,0,0,0,0,0,0,0,0,0,0,0,0,0,0,0,0,0,0,0,0,528.462,0,-223.222,-28.6366
"MtrElec",9,9,20,"",330.541,0,0,0,0,0,0,0,0,0,0,0,0,0,0,0,0,0,0,0,0,553.763,0,-223.222,0
"MtrElec",9,9,21,"",310.346,0,0,0,0,0,0,0,0,0,0,0,0,0,0,0,0,0,0,0,0,455.115,0,-144.769,0
"MtrElec",9,9,22,"",322.533,0,0,0,0,0,0,0,0,0,0,0,0,0,0,0,0,0,0,0,0,322.533,0,0,0
"MtrElec",9,9,23,"",312.995,0,0,0,0,0,0,0,0,0,0,0,0,0,0,0,0,0,0,0,0,312.995,0,0,0
"MtrElec",9,9,24,"",224.337,0,0,0,0,0,0,0,0,0,0,0,0,0,0,0,0,0,0,0,0,224.337,0,0,0
"MtrElec",9,10,1,"",168.312,0,0,0,0,0,0,0,0,0,0,0,0,0,0,0,0,0,0,0,0,168.312,0,0,0
"MtrElec",9,10,2,"",160.852,0,0,0,0,0,0,0,0,0,0,0,0,0,0,0,0,0,0,0,0,160.852,0,0,0
"MtrElec",9,10,3,"",196.278,0,0,0,0,0,0,0,0,0,0,0,0,0,0,0,0,0,0,0,0,196.278,0,0,0
"MtrElec",9,10,4,"",159.654,0,0,0,0,0,0,0,0,0,0,0,0,0,0,0,0,0,0,0,0,159.654,0,0,0
"MtrElec",9,10,5,"",156.274,0,0,0,0,0,0,0,0,0,0,0,0,0,0,0,0,0,0,0,0,156.274,0,0,0
"MtrElec",9,10,6,"",165.555,0,0,0,0,0,0,0,0,0,0,0,0,0,0,0,0,0,0,0,0,165.555,0,0,0
"MtrElec",9,10,7,"",269.996,0,0,0,0,0,0,0,0,0,0,0,0,0,0,0,0,0,0,0,0,269.996,0,0,0
"MtrElec",9,10,8,"",291.046,0,0,0,0,0,0,0,0,0,0,0,0,0,0,0,0,0,0,0,0,378.973,0,0,-87.9269
"MtrElec",9,10,9,"",150.891,0,0,0,0,0,0,0,0,0,0,0,0,0,0,0,0,0,0,0,0,427.78,0,0,-276.889
"MtrElec",9,10,10,"",48.7891,0,0,0,0,0,0,0,0,0,0,0,0,0,0,0,0,0,0,0,0,497.698,0,0,-448.909
"MtrElec",9,10,11,"",0.0000010,0,0,0,0,0,0,0,0,0,0,0,0,0,0,0,0,0,0,0,0,560.935,0,10.1406,-571.076
"MtrElec",9,10,12,"",0.0000156,0,0,0,0,0,0,0,0,0,0,0,0,0,0,0,0,0,0,0,0,516.062,0,139.537,-655.599
"MtrElec",9,10,13,"",0,0,0,0,0,0,0,0,0,0,0,0,0,0,0,0,0,0,0,0,0,489.161,0,200.038,-689.199
"MtrElec",9,10,14,"",0,0,0,0,0,0,0,0,0,0,0,0,0,0,0,0,0,0,0,0,0,507.136,0,172.668,-679.804
"MtrElec",9,10,15,"",0.0000156,0,0,0,0,0,0,0,0,0,0,0,0,0,0,0,0,0,0,0,0,508.088,0,135.049,-643.137
"MtrElec",9,10,16,"",0.0000039,0,0,0,0,0,0,0,0,0,0,0,0,0,0,0,0,0,0,0,0,496.787,0,44.1377,-540.925
"MtrElec",9,10,17,"",180.962,0,0,0,0,0,0,0,0,0,0,0,0,0,0,0,0,0,0,0,0,569.015,0,0,-388.053
"MtrElec",9,10,18,"",321.277,0,0,0,0,0,0,0,0,0,0,0,0,0,0,0,0,0,0,0,0,522.446,0,0,-201.169
"MtrElec",9,10,19,"",278.221,0,0,0,0,0,0,0,0,0,0,0,0,0,0,0,0,0,0,0,0,527.991,0,-223.222,-26.548
"MtrElec",9,10,20,"",270.982,0,0,0,0,0,0,0,0,0,0,0,0,0,0,0,0,0,0,0,0,494.204,0,-223.222,0
"MtrElec",9,10,21,"",295.525,0,0,0,0,0,0,0,0,0,0,0,0,0,0,0,0,0,0,0,0,482.248,0,-186.723,0
"MtrElec",9,10,22,"",344.114,0,0,0,0,0,0,0,0,0,0,0,0,0,0,0,0,0,0,0,0,344.114,0,0,0
"MtrElec",9,10,23,"",296.441,0,0,0,0,0,0,0,0,0,0,0,0,0,0,0,0,0,0,0,0,296.441,0,0,0
"MtrElec",9,10,24,"",218.027,0,0,0,0,0,0,0,0,0,0,0,0,0,0,0,0,0,0,0,0,218.027,0,0,0
"MtrElec",9,11,1,"",163.397,0,0,0,0,0,0,0,0,0,0,0,0,0,0,0,0,0,0,0,0,163.397,0,0,0
"MtrElec",9,11,2,"",160.198,0,0,0,0,0,0,0,0,0,0,0,0,0,0,0,0,0,0,0,0,160.198,0,0,0
"MtrElec",9,11,3,"",156.284,0,0,0,0,0,0,0,0,0,0,0,0,0,0,0,0,0,0,0,0,156.284,0,0,0
"MtrElec",9,11,4,"",156.729,0,0,0,0,0,0,0,0,0,0,0,0,0,0,0,0,0,0,0,0,156.729,0,0,0
"MtrElec",9,11,5,"",182.309,0,0,0,0,0,0,0,0,0,0,0,0,0,0,0,0,0,0,0,0,182.309,0,0,0
"MtrElec",9,11,6,"",169.755,0,0,0,0,0,0,0,0,0,0,0,0,0,0,0,0,0,0,0,0,169.755,0,0,0
"MtrElec",9,11,7,"",271.237,0,0,0,0,0,0,0,0,0,0,0,0,0,0,0,0,0,0,0,0,271.237,0,0,0
"MtrElec",9,11,8,"",314.092,0,0,0,0,0,0,0,0,0,0,0,0,0,0,0,0,0,0,0,0,382.757,0,0,-68.6649
"MtrElec",9,11,9,"",218.034,0,0,0,0,0,0,0,0,0,0,0,0,0,0,0,0,0,0,0,0,417.844,0,0,-199.81
"MtrElec",9,11,10,"",33.8795,0,0,0,0,0,0,0,0,0,0,0,0,0,0,0,0,0,0,0,0,481.562,0,0,-447.683
"MtrElec",9,11,11,"",0,0,0,0,0,0,0,0,0,0,0,0,0,0,0,0,0,0,0,0,0,514.428,0,50.0143,-564.442
"MtrElec",9,11,12,"",0.0000078,0,0,0,0,0,0,0,0,0,0,0,0,0,0,0,0,0,0,0,0,537.61,0,113.702,-651.312
"MtrElec",9,11,13,"",0,0,0,0,0,0,0,0,0,0,0,0,0,0,0,0,0,0,0,0,0,570.343,0,126.344,-696.686
"MtrElec",9,11,14,"",-30.5481,0,0,0,0,0,0,0,0,0,0,0,0,0,0,0,0,0,0,0,0,438.525,0,223.222,-692.295
"MtrElec",9,11,15,"",0,0,0,0,0,0,0,0,0,0,0,0,0,0,0,0,0,0,0,0,0,487.151,0,148.802,-635.953
"MtrElec",9,11,16,"",0,0,0,0,0,0,0,0,0,0,0,0,0,0,0,0,0,0,0,0,0,461.161,0,75.766,-536.927
"MtrElec",9,11,17,"",149.085,0,0,0,0,0,0,0,0,0,0,0,0,0,0,0,0,0,0,0,0,536.201,0,0,-387.116
"MtrElec",9,11,18,"",304.339,0,0,0,0,0,0,0,0,0,0,0,0,0,0,0,0,0,0,0,0,501.066,0,0,-196.727
"MtrElec",9,11,19,"",262.887,0,0,0,0,0,0,0,0,0,0,0,0,0,0,0,0,0,0,0,0,511.616,0,-223.222,-25.5071
"MtrElec",9,11,20,"",244.302,0,0,0,0,0,0,0,0,0,0,0,0,0,0,0,0,0,0,0,0,467.525,0,-223.222,0
"MtrElec",9,11,21,"",251.765,0,0,0,0,0,0,0,0,0,0,0,0,0,0,0,0,0,0,0,0,471.23,0,-219.465,0
"MtrElec",9,11,22,"",296.155,0,0,0,0,0,0,0,0,0,0,0,0,0,0,0,0,0,0,0,0,296.155,0,0,0
"MtrElec",9,11,23,"",239.102,0,0,0,0,0,0,0,0,0,0,0,0,0,0,0,0,0,0,0,0,239.102,0,0,0
"MtrElec",9,11,24,"",253.082,0,0,0,0,0,0,0,0,0,0,0,0,0,0,0,0,0,0,0,0,253.082,0,0,0
"MtrElec",9,12,1,"",167.832,0,0,0,0,0,0,0,0,0,0,0,0,0,0,0,0,0,0,0,0,167.832,0,0,0
"MtrElec",9,12,2,"",158.133,0,0,0,0,0,0,0,0,0,0,0,0,0,0,0,0,0,0,0,0,158.133,0,0,0
"MtrElec",9,12,3,"",155.077,0,0,0,0,0,0,0,0,0,0,0,0,0,0,0,0,0,0,0,0,155.077,0,0,0
"MtrElec",9,12,4,"",155.66,0,0,0,0,0,0,0,0,0,0,0,0,0,0,0,0,0,0,0,0,155.66,0,0,0
"MtrElec",9,12,5,"",166.814,0,0,0,0,0,0,0,0,0,0,0,0,0,0,0,0,0,0,0,0,166.814,0,0,0
"MtrElec",9,12,6,"",158.923,0,0,0,0,0,0,0,0,0,0,0,0,0,0,0,0,0,0,0,0,158.923,0,0,0
"MtrElec",9,12,7,"",258.574,0,0,0,0,0,0,0,0,0,0,0,0,0,0,0,0,0,0,0,0,258.574,0,0,0
"MtrElec",9,12,8,"",295.074,0,0,0,0,0,0,0,0,0,0,0,0,0,0,0,0,0,0,0,0,314.632,0,0,-19.5581
"MtrElec",9,12,9,"",352.884,0,0,0,0,0,0,0,0,0,0,0,0,0,0,0,0,0,0,0,0,410.641,0,0,-57.7569
"MtrElec",9,12,10,"",332.669,0,0,0,0,0,0,0,0,0,0,0,0,0,0,0,0,0,0,0,0,451.938,0,0,-119.268
"MtrElec",9,12,11,"",278.787,0,0,0,0,0,0,0,0,0,0,0,0,0,0,0,0,0,0,0,0,484.582,0,0,-205.795
"MtrElec",9,12,12,"",201.093,0,0,0,0,0,0,0,0,0,0,0,0,0,0,0,0,0,0,0,0,538.944,0,0,-337.851
"MtrElec",9,12,13,"",129.35,0,0,0,0,0,0,0,0,0,0,0,0,0,0,0,0,0,0,0,0,518.311,0,0,-388.961
"MtrElec",9,12,14,"",108.961,0,0,0,0,0,0,0,0,0,0,0,0,0,0,0,0,0,0,0,0,493.703,0,0,-384.742
"MtrElec",9,12,15,"",204.417,0,0,0,0,0,0,0,0,0,0,0,0,0,0,0,0,0,0,0,0,520.423,0,0,-316.006
"MtrElec",9,12,16,"",244.428,0,0,0,0,0,0,0,0,0,0,0,0,0,0,0,0,0,0,0,0,497.644,0,0,-253.216
"MtrElec",9,12,17,"",337.817,0,0,0,0,0,0,0,0,0,0,0,0,0,0,0,0,0,0,0,0,517.386,0,0,-179.569
"MtrElec",9,12,18,"",369.554,0,0,0,0,0,0,0,0,0,0,0,0,0,0,0,0,0,0,0,0,485.657,0,0,-116.103
"MtrElec",9,12,19,"",501.403,0,0,0,0,0,0,0,0,0,0,0,0,0,0,0,0,0,0,0,0,528.503,0,0,-27.1003
"MtrElec",9,12,20,"",461.519,0,0,0,0,0,0,0,0,0,0,0,0,0,0,0,0,0,0,0,0,461.519,0,0,0
"MtrElec",9,12,21,"",380.157,0,0,0,0,0,0,0,0,0,0,0,0,0,0,0,0,0,0,0,0,380.157,0,0,0
"MtrElec",9,12,22,"",384.224,0,0,0,0,0,0,0,0,0,0,0,0,0,0,0,0,0,0,0,0,384.224,0,0,0
"MtrElec",9,12,23,"",263.158,0,0,0,0,0,0,0,0,0,0,0,0,0,0,0,0,0,0,0,0,263.158,0,0,0
"MtrElec",9,12,24,"",212.519,0,0,0,0,0,0,0,0,0,0,0,0,0,0,0,0,0,0,0,0,212.519,0,0,0
"MtrElec",9,13,1,"",177.062,0,0,0,0,0,0,0,0,0,0,0,0,0,0,0,0,0,0,0,0,177.062,0,0,0
"MtrElec",9,13,2,"",160.228,0,0,0,0,0,0,0,0,0,0,0,0,0,0,0,0,0,0,0,0,160.228,0,0,0
"MtrElec",9,13,3,"",159.606,0,0,0,0,0,0,0,0,0,0,0,0,0,0,0,0,0,0,0,0,159.606,0,0,0
"MtrElec",9,13,4,"",205.164,0,0,0,0,0,0,0,0,0,0,0,0,0,0,0,0,0,0,0,0,205.164,0,0,0
"MtrElec",9,13,5,"",192.75,0,0,0,0,0,0,0,0,0,0,0,0,0,0,0,0,0,0,0,0,192.75,0,0,0
"MtrElec",9,13,6,"",158.618,0,0,0,0,0,0,0,0,0,0,0,0,0,0,0,0,0,0,0,0,158.618,0,0,0
"MtrElec",9,13,7,"",162.885,0,0,0,0,0,0,0,0,0,0,0,0,0,0,0,0,0,0,0,0,162.885,0,0,0
"MtrElec",9,13,8,"",211.257,0,0,0,0,0,0,0,0,0,0,0,0,0,0,0,0,0,0,0,0,233.978,0,0,-22.721
"MtrElec",9,13,9,"",247.414,0,0,0,0,0,0,0,0,0,0,0,0,0,0,0,0,0,0,0,0,327.494,0,0,-80.0805
"MtrElec",9,13,10,"",290.663,0,0,0,0,0,0,0,0,0,0,0,0,0,0,0,0,0,0,0,0,427.353,0,0,-136.69
"MtrElec",9,13,11,"",250.061,0,0,0,0,0,0,0,0,0,0,0,0,0,0,0,0,0,0,0,0,469.596,0,0,-219.535
"MtrElec",9,13,12,"",122.873,0,0,0,0,0,0,0,0,0,0,0,0,0,0,0,0,0,0,0,0,419.12,0,0,-296.247
"MtrElec",9,13,13,"",89.641,0,0,0,0,0,0,0,0,0,0,0,0,0,0,0,0,0,0,0,0,433.393,0,0,-343.752
"MtrElec",9,13,14,"",77.1923,0,0,0,0,0,0,0,0,0,0,0,0,0,0,0,0,0,0,0,0,416.452,0,0,-339.259
"MtrElec",9,13,15,"",24.8388,0,0,0,0,0,0,0,0,0,0,0,0,0,0,0,0,0,0,0,0,448.246,0,0,-423.407
"MtrElec",9,13,16,"",25.1373,0,0,0,0,0,0,0,0,0,0,0,0,0,0,0,0,0,0,0,0,405.908,0,0,-380.771
"MtrElec",9,13,17,"",64.6636,0,0,0,0,0,0,0,0,0,0,0,0,0,0,0,0,0,0,0,0,425.883,0,0,-361.219
"MtrElec",9,13,18,"",246.04,0,0,0,0,0,0,0,0,0,0,0,0,0,0,0,0,0,0,0,0,438.375,0,0,-192.335
"MtrElec",9,13,19,"",403.456,0,0,0,0,0,0,0,0,0,0,0,0,0,0,0,0,0,0,0,0,427.51,0,0,-24.0542
"MtrElec",9,13,20,"",352.89,0,0,0,0,0,0,0,0,0,0,0,0,0,0,0,0,0,0,0,0,352.89,0,0,0
"MtrElec",9,13,21,"",352.826,0,0,0,0,0,0,0,0,0,0,0,0,0,0,0,0,0,0,0,0,352.826,0,0,0
"MtrElec",9,13,22,"",340.525,0,0,0,0,0,0,0,0,0,0,0,0,0,0,0,0,0,0,0,0,340.525,0,0,0
"MtrElec",9,13,23,"",196.603,0,0,0,0,0,0,0,0,0,0,0,0,0,0,0,0,0,0,0,0,196.603,0,0,0
"MtrElec",9,13,24,"",191.346,0,0,0,0,0,0,0,0,0,0,0,0,0,0,0,0,0,0,0,0,191.346,0,0,0
"MtrElec",9,14,1,"",202.934,0,0,0,0,0,0,0,0,0,0,0,0,0,0,0,0,0,0,0,0,202.934,0,0,0
"MtrElec",9,14,2,"",164.186,0,0,0,0,0,0,0,0,0,0,0,0,0,0,0,0,0,0,0,0,164.186,0,0,0
"MtrElec",9,14,3,"",155.933,0,0,0,0,0,0,0,0,0,0,0,0,0,0,0,0,0,0,0,0,155.933,0,0,0
"MtrElec",9,14,4,"",152.451,0,0,0,0,0,0,0,0,0,0,0,0,0,0,0,0,0,0,0,0,152.451,0,0,0
"MtrElec",9,14,5,"",148.894,0,0,0,0,0,0,0,0,0,0,0,0,0,0,0,0,0,0,0,0,148.894,0,0,0
"MtrElec",9,14,6,"",182.587,0,0,0,0,0,0,0,0,0,0,0,0,0,0,0,0,0,0,0,0,182.587,0,0,0
"MtrElec",9,14,7,"",217.831,0,0,0,0,0,0,0,0,0,0,0,0,0,0,0,0,0,0,0,0,217.912,0,0,-0.0807683
"MtrElec",9,14,8,"",251.935,0,0,0,0,0,0,0,0,0,0,0,0,0,0,0,0,0,0,0,0,329.941,0,0,-78.0058
"MtrElec",9,14,9,"",163.261,0,0,0,0,0,0,0,0,0,0,0,0,0,0,0,0,0,0,0,0,390.963,0,0,-227.702
"MtrElec",9,14,10,"",11.0052,0,0,0,0,0,0,0,0,0,0,0,0,0,0,0,0,0,0,0,0,466.214,0,0,-455.209
"MtrElec",9,14,11,"",0,0,0,0,0,0,0,0,0,0,0,0,0,0,0,0,0,0,0,0,0,505.969,0,74.4909,-580.46
"MtrElec",9,14,12,"",0,0,0,0,0,0,0,0,0,0,0,0,0,0,0,0,0,0,0,0,0,458.865,0,193.994,-652.859
"MtrElec",9,14,13,"",0.0000156,0,0,0,0,0,0,0,0,0,0,0,0,0,0,0,0,0,0,0,0,484.101,0,209.125,-693.225
"MtrElec",9,14,14,"",-42.2837,0,0,0,0,0,0,0,0,0,0,0,0,0,0,0,0,0,0,0,0,373.503,0,223.222,-639.009
"MtrElec",9,14,15,"",-58.9108,0,0,0,0,0,0,0,0,0,0,0,0,0,0,0,0,0,0,0,0,422.03,0,98.1302,-579.071
"MtrElec",9,14,16,"",-92.2273,0,0,0,0,0,0,0,0,0,0,0,0,0,0,0,0,0,0,0,0,392.87,0,0,-485.098
"MtrElec",9,14,17,"",66.1913,0,0,0,0,0,0,0,0,0,0,0,0,0,0,0,0,0,0,0,0,441.715,0,0,-375.524
"MtrElec",9,14,18,"",286.899,0,0,0,0,0,0,0,0,0,0,0,0,0,0,0,0,0,0,0,0,478.28,0,0,-191.381
"MtrElec",9,14,19,"",221.988,0,0,0,0,0,0,0,0,0,0,0,0,0,0,0,0,0,0,0,0,468.75,0,-223.222,-23.539
"MtrElec",9,14,20,"",241.852,0,0,0,0,0,0,0,0,0,0,0,0,0,0,0,0,0,0,0,0,465.075,0,-223.222,0
"MtrElec",9,14,21,"",172.426,0,0,0,0,0,0,0,0,0,0,0,0,0,0,0,0,0,0,0,0,395.648,0,-223.222,0
"MtrElec",9,14,22,"",252.302,0,0,0,0,0,0,0,0,0,0,0,0,0,0,0,0,0,0,0,0,303.698,0,-51.3963,0
"MtrElec",9,14,23,"",296.76,0,0,0,0,0,0,0,0,0,0,0,0,0,0,0,0,0,0,0,0,296.76,0,0,0
"MtrElec",9,14,24,"",204.078,0,0,0,0,0,0,0,0,0,0,0,0,0,0,0,0,0,0,0,0,204.078,0,0,0
"MtrElec",9,15,1,"",164.771,0,0,0,0,0,0,0,0,0,0,0,0,0,0,0,0,0,0,0,0,164.771,0,0,0
"MtrElec",9,15,2,"",158.066,0,0,0,0,0,0,0,0,0,0,0,0,0,0,0,0,0,0,0,0,158.066,0,0,0
"MtrElec",9,15,3,"",189.051,0,0,0,0,0,0,0,0,0,0,0,0,0,0,0,0,0,0,0,0,189.051,0,0,0
"MtrElec",9,15,4,"",153.163,0,0,0,0,0,0,0,0,0,0,0,0,0,0,0,0,0,0,0,0,153.163,0,0,0
"MtrElec",9,15,5,"",150.589,0,0,0,0,0,0,0,0,0,0,0,0,0,0,0,0,0,0,0,0,150.589,0,0,0
"MtrElec",9,15,6,"",156.733,0,0,0,0,0,0,0,0,0,0,0,0,0,0,0,0,0,0,0,0,156.733,0,0,0
"MtrElec",9,15,7,"",249.368,0,0,0,0,0,0,0,0,0,0,0,0,0,0,0,0,0,0,0,0,249.388,0,0,-0.0201646
"MtrElec",9,15,8,"",270.193,0,0,0,0,0,0,0,0,0,0,0,0,0,0,0,0,0,0,0,0,357.974,0,0,-87.7811
"MtrElec",9,15,9,"",124.123,0,0,0,0,0,0,0,0,0,0,0,0,0,0,0,0,0,0,0,0,405.103,0,0,-280.98
"MtrElec",9,15,10,"",32.4879,0,0,0,0,0,0,0,0,0,0,0,0,0,0,0,0,0,0,0,0,483.684,0,0,-451.197
"MtrElec",9,15,11,"",0,0,0,0,0,0,0,0,0,0,0,0,0,0,0,0,0,0,0,0,0,506.228,0,66.226,-572.455
"MtrElec",9,15,12,"",0.0000156,0,0,0,0,0,0,0,0,0,0,0,0,0,0,0,0,0,0,0,0,508.75,0,140.869,-649.619
"MtrElec",9,15,13,"",0.0000078,0,0,0,0,0,0,0,0,0,0,0,0,0,0,0,0,0,0,0,0,568.063,0,109.909,-677.972
"MtrElec",9,15,14,"",-33.8936,0,0,0,0,0,0,0,0,0,0,0,0,0,0,0,0,0,0,0,0,423.044,0,223.222,-680.16
"MtrElec",9,15,15,"",0,0,0,0,0,0,0,0,0,0,0,0,0,0,0,0,0,0,0,0,0,477.625,0,159.467,-637.092
"MtrElec",9,15,16,"",0,0,0,0,0,0,0,0,0,0,0,0,0,0,0,0,0,0,0,0,0,446.284,0,87.5531,-533.837
"MtrElec",9,15,17,"",126.249,0,0,0,0,0,0,0,0,0,0,0,0,0,0,0,0,0,0,0,0,506.061,0,0,-379.812
"MtrElec",9,15,18,"",303.684,0,0,0,0,0,0,0,0,0,0,0,0,0,0,0,0,0,0,0,0,491.038,0,0,-187.353
"MtrElec",9,15,19,"",238.093,0,0,0,0,0,0,0,0,0,0,0,0,0,0,0,0,0,0,0,0,483.309,0,-223.222,-21.9935
"MtrElec",9,15,20,"",256.784,0,0,0,0,0,0,0,0,0,0,0,0,0,0,0,0,0,0,0,0,480.006,0,-223.222,0
"MtrElec",9,15,21,"",273.862,0,0,0,0,0,0,0,0,0,0,0,0,0,0,0,0,0,0,0,0,497.084,0,-223.222,0
"MtrElec",9,15,22,"",296.247,0,0,0,0,0,0,0,0,0,0,0,0,0,0,0,0,0,0,0,0,337.07,0,-40.8233,0
"MtrElec",9,15,23,"",238.771,0,0,0,0,0,0,0,0,0,0,0,0,0,0,0,0,0,0,0,0,238.771,0,0,0
"MtrElec",9,15,24,"",258.956,0,0,0,0,0,0,0,0,0,0,0,0,0,0,0,0,0,0,0,0,258.956,0,0,0
"MtrElec",9,16,1,"",167.339,0,0,0,0,0,0,0,0,0,0,0,0,0,0,0,0,0,0,0,0,167.339,0,0,0
"MtrElec",9,16,2,"",161.216,0,0,0,0,0,0,0,0,0,0,0,0,0,0,0,0,0,0,0,0,161.216,0,0,0
"MtrElec",9,16,3,"",152.715,0,0,0,0,0,0,0,0,0,0,0,0,0,0,0,0,0,0,0,0,152.715,0,0,0
"MtrElec",9,16,4,"",152.123,0,0,0,0,0,0,0,0,0,0,0,0,0,0,0,0,0,0,0,0,152.123,0,0,0
"MtrElec",9,16,5,"",149.897,0,0,0,0,0,0,0,0,0,0,0,0,0,0,0,0,0,0,0,0,149.897,0,0,0
"MtrElec",9,16,6,"",199.803,0,0,0,0,0,0,0,0,0,0,0,0,0,0,0,0,0,0,0,0,199.803,0,0,0
"MtrElec",9,16,7,"",265.075,0,0,0,0,0,0,0,0,0,0,0,0,0,0,0,0,0,0,0,0,265.123,0,0,-0.048239
"MtrElec",9,16,8,"",223.015,0,0,0,0,0,0,0,0,0,0,0,0,0,0,0,0,0,0,0,0,309.966,0,0,-86.9505
"MtrElec",9,16,9,"",143.121,0,0,0,0,0,0,0,0,0,0,0,0,0,0,0,0,0,0,0,0,424.122,0,0,-281.001
"MtrElec",9,16,10,"",67.3049,0,0,0,0,0,0,0,0,0,0,0,0,0,0,0,0,0,0,0,0,518.14,0,0,-450.835
"MtrElec",9,16,11,"",0,0,0,0,0,0,0,0,0,0,0,0,0,0,0,0,0,0,0,0,0,462.655,0,108.019,-570.674
"MtrElec",9,16,12,"",0,0,0,0,0,0,0,0,0,0,0,0,0,0,0,0,0,0,0,0,0,503.547,0,157.228,-660.775
"MtrElec",9,16,13,"",0,0,0,0,0,0,0,0,0,0,0,0,0,0,0,0,0,0,0,0,0,602.434,0,108.419,-710.853
"MtrElec",9,16,14,"",-64.2273,0,0,0,0,0,0,0,0,0,0,0,0,0,0,0,0,0,0,0,0,421.805,0,223.222,-709.255
"MtrElec",9,16,15,"",0,0,0,0,0,0,0,0,0,0,0,0,0,0,0,0,0,0,0,0,0,455.954,0,192.778,-648.732
"MtrElec",9,16,16,"",-80.84,0,0,0,0,0,0,0,0,0,0,0,0,0,0,0,0,0,0,0,0,441.326,0,9.29612,-531.462
"MtrElec",9,16,17,"",144.177,0,0,0,0,0,0,0,0,0,0,0,0,0,0,0,0,0,0,0,0,518.294,0,0,-374.117
"MtrElec",9,16,18,"",365.448,0,0,0,0,0,0,0,0,0,0,0,0,0,0,0,0,0,0,0,0,547.3,0,0,-181.852
"MtrElec",9,16,19,"",221.673,0,0,0,0,0,0,0,0,0,0,0,0,0,0,0,0,0,0,0,0,465.832,0,-223.222,-20.9365
"MtrElec",9,16,20,"",260.943,0,0,0,0,0,0,0,0,0,0,0,0,0,0,0,0,0,0,0,0,484.166,0,-223.222,0
"MtrElec",9,16,21,"",269.74,0,0,0,0,0,0,0,0,0,0,0,0,0,0,0,0,0,0,0,0,492.962,0,-223.222,0
"MtrElec",9,16,22,"",272.91,0,0,0,0,0,0,0,0,0,0,0,0,0,0,0,0,0,0,0,0,324.306,0,-51.3963,0
"MtrElec",9,16,23,"",229.574,0,0,0,0,0,0,0,0,0,0,0,0,0,0,0,0,0,0,0,0,229.574,0,0,0
"MtrElec",9,16,24,"",254.215,0,0,0,0,0,0,0,0,0,0,0,0,0,0,0,0,0,0,0,0,254.215,0,0,0
"MtrElec",9,17,1,"",180.036,0,0,0,0,0,0,0,0,0,0,0,0,0,0,0,0,0,0,0,0,180.036,0,0,0
"MtrElec",9,17,2,"",159.599,0,0,0,0,0,0,0,0,0,0,0,0,0,0,0,0,0,0,0,0,159.599,0,0,0
"MtrElec",9,17,3,"",152.049,0,0,0,0,0,0,0,0,0,0,0,0,0,0,0,0,0,0,0,0,152.049,0,0,0
"MtrElec",9,17,4,"",153.254,0,0,0,0,0,0,0,0,0,0,0,0,0,0,0,0,0,0,0,0,153.254,0,0,0
"MtrElec",9,17,5,"",148.024,0,0,0,0,0,0,0,0,0,0,0,0,0,0,0,0,0,0,0,0,148.024,0,0,0
"MtrElec",9,17,6,"",195.3,0,0,0,0,0,0,0,0,0,0,0,0,0,0,0,0,0,0,0,0,195.3,0,0,0
"MtrElec",9,17,7,"",267.337,0,0,0,0,0,0,0,0,0,0,0,0,0,0,0,0,0,0,0,0,267.337,0,0,0
"MtrElec",9,17,8,"",221.858,0,0,0,0,0,0,0,0,0,0,0,0,0,0,0,0,0,0,0,0,304.698,0,0,-82.8396
"MtrElec",9,17,9,"",167.21,0,0,0,0,0,0,0,0,0,0,0,0,0,0,0,0,0,0,0,0,439.159,0,0,-271.95
"MtrElec",9,17,10,"",15.5334,0,0,0,0,0,0,0,0,0,0,0,0,0,0,0,0,0,0,0,0,453.129,0,0,-437.595
"MtrElec",9,17,11,"",0.0000039,0,0,0,0,0,0,0,0,0,0,0,0,0,0,0,0,0,0,0,0,508.726,0,55.326,-564.052
"MtrElec",9,17,12,"",0.0000078,0,0,0,0,0,0,0,0,0,0,0,0,0,0,0,0,0,0,0,0,517.178,0,125.858,-643.036
"MtrElec",9,17,13,"",0.0000078,0,0,0,0,0,0,0,0,0,0,0,0,0,0,0,0,0,0,0,0,579.842,0,85.6701,-665.512
"MtrElec",9,17,14,"",0.0000156,0,0,0,0,0,0,0,0,0,0,0,0,0,0,0,0,0,0,0,0,470.097,0,197.492,-667.59
"MtrElec",9,17,15,"",0,0,0,0,0,0,0,0,0,0,0,0,0,0,0,0,0,0,0,0,0,483.091,0,144.402,-627.492
"MtrElec",9,17,16,"",15.6532,0,0,0,0,0,0,0,0,0,0,0,0,0,0,0,0,0,0,0,0,538.135,0,0,-522.482
"MtrElec",9,17,17,"",188.244,0,0,0,0,0,0,0,0,0,0,0,0,0,0,0,0,0,0,0,0,556.326,0,0,-368.082
"MtrElec",9,17,18,"",381.63,0,0,0,0,0,0,0,0,0,0,0,0,0,0,0,0,0,0,0,0,559.963,0,0,-178.332
"MtrElec",9,17,19,"",288.005,0,0,0,0,0,0,0,0,0,0,0,0,0,0,0,0,0,0,0,0,530.335,0,-223.222,-19.1084
"MtrElec",9,17,20,"",295.75,0,0,0,0,0,0,0,0,0,0,0,0,0,0,0,0,0,0,0,0,518.973,0,-223.222,0
"MtrElec",9,17,21,"",385.988,0,0,0,0,0,0,0,0,0,0,0,0,0,0,0,0,0,0,0,0,488.939,0,-102.951,0
"MtrElec",9,17,22,"",287.606,0,0,0,0,0,0,0,0,0,0,0,0,0,0,0,0,0,0,0,0,287.606,0,0,0
"MtrElec",9,17,23,"",273.756,0,0,0,0,0,0,0,0,0,0,0,0,0,0,0,0,0,0,0,0,273.756,0,0,0
"MtrElec",9,17,24,"",198.421,0,0,0,0,0,0,0,0,0,0,0,0,0,0,0,0,0,0,0,0,198.421,0,0,0
"MtrElec",9,18,1,"",164.898,0,0,0,0,0,0,0,0,0,0,0,0,0,0,0,0,0,0,0,0,164.898,0,0,0
"MtrElec",9,18,2,"",159.778,0,0,0,0,0,0,0,0,0,0,0,0,0,0,0,0,0,0,0,0,159.778,0,0,0
"MtrElec",9,18,3,"",194.308,0,0,0,0,0,0,0,0,0,0,0,0,0,0,0,0,0,0,0,0,194.308,0,0,0
"MtrElec",9,18,4,"",156.557,0,0,0,0,0,0,0,0,0,0,0,0,0,0,0,0,0,0,0,0,156.557,0,0,0
"MtrElec",9,18,5,"",157.524,0,0,0,0,0,0,0,0,0,0,0,0,0,0,0,0,0,0,0,0,157.524,0,0,0
"MtrElec",9,18,6,"",153.679,0,0,0,0,0,0,0,0,0,0,0,0,0,0,0,0,0,0,0,0,153.679,0,0,0
"MtrElec",9,18,7,"",250.73,0,0,0,0,0,0,0,0,0,0,0,0,0,0,0,0,0,0,0,0,250.73,0,0,0
"MtrElec",9,18,8,"",286.268,0,0,0,0,0,0,0,0,0,0,0,0,0,0,0,0,0,0,0,0,371.572,0,0,-85.3035
"MtrElec",9,18,9,"",126.97,0,0,0,0,0,0,0,0,0,0,0,0,0,0,0,0,0,0,0,0,406.116,0,0,-279.147
"MtrElec",9,18,10,"",94.1276,0,0,0,0,0,0,0,0,0,0,0,0,0,0,0,0,0,0,0,0,494.545,0,0,-400.418
"MtrElec",9,18,11,"",37.1561,0,0,0,0,0,0,0,0,0,0,0,0,0,0,0,0,0,0,0,0,529.841,0,0,-492.684
"MtrElec",9,18,12,"",0,0,0,0,0,0,0,0,0,0,0,0,0,0,0,0,0,0,0,0,0,575.601,0,23.274,-598.875
"MtrElec",9,18,13,"",7.74575,0,0,0,0,0,0,0,0,0,0,0,0,0,0,0,0,0,0,0,0,639.387,0,0,-631.641
"MtrElec",9,18,14,"",0,0,0,0,0,0,0,0,0,0,0,0,0,0,0,0,0,0,0,0,0,551.815,0,67.2974,-619.112
"MtrElec",9,18,15,"",0,0,0,0,0,0,0,0,0,0,0,0,0,0,0,0,0,0,0,0,0,542.697,0,53.8884,-596.586
"MtrElec",9,18,16,"",79.9067,0,0,0,0,0,0,0,0,0,0,0,0,0,0,0,0,0,0,0,0,585.138,0,0,-505.231
"MtrElec",9,18,17,"",260.76,0,0,0,0,0,0,0,0,0,0,0,0,0,0,0,0,0,0,0,0,614.069,0,0,-353.309
"MtrElec",9,18,18,"",419.448,0,0,0,0,0,0,0,0,0,0,0,0,0,0,0,0,0,0,0,0,587.113,0,0,-167.666
"MtrElec",9,18,19,"",385.805,0,0,0,0,0,0,0,0,0,0,0,0,0,0,0,0,0,0,0,0,533.696,0,-130.375,-17.5163
"MtrElec",9,18,20,"",538.732,0,0,0,0,0,0,0,0,0,0,0,0,0,0,0,0,0,0,0,0,538.732,0,0,0
"MtrElec",9,18,21,"",496.951,0,0,0,0,0,0,0,0,0,0,0,0,0,0,0,0,0,0,0,0,496.951,0,0,0
"MtrElec",9,18,22,"",332.636,0,0,0,0,0,0,0,0,0,0,0,0,0,0,0,0,0,0,0,0,332.636,0,0,0
"MtrElec",9,18,23,"",308.828,0,0,0,0,0,0,0,0,0,0,0,0,0,0,0,0,0,0,0,0,308.828,0,0,0
"MtrElec",9,18,24,"",241.641,0,0,0,0,0,0,0,0,0,0,0,0,0,0,0,0,0,0,0,0,241.641,0,0,0
"MtrElec",9,19,1,"",170.326,0,0,0,0,0,0,0,0,0,0,0,0,0,0,0,0,0,0,0,0,170.326,0,0,0
"MtrElec",9,19,2,"",197.138,0,0,0,0,0,0,0,0,0,0,0,0,0,0,0,0,0,0,0,0,197.138,0,0,0
"MtrElec",9,19,3,"",156.401,0,0,0,0,0,0,0,0,0,0,0,0,0,0,0,0,0,0,0,0,156.401,0,0,0
"MtrElec",9,19,4,"",155.901,0,0,0,0,0,0,0,0,0,0,0,0,0,0,0,0,0,0,0,0,155.901,0,0,0
"MtrElec",9,19,5,"",150.33,0,0,0,0,0,0,0,0,0,0,0,0,0,0,0,0,0,0,0,0,150.33,0,0,0
"MtrElec",9,19,6,"",156.998,0,0,0,0,0,0,0,0,0,0,0,0,0,0,0,0,0,0,0,0,156.998,0,0,0
"MtrElec",9,19,7,"",252.077,0,0,0,0,0,0,0,0,0,0,0,0,0,0,0,0,0,0,0,0,252.077,0,0,0
"MtrElec",9,19,8,"",209.585,0,0,0,0,0,0,0,0,0,0,0,0,0,0,0,0,0,0,0,0,253.535,0,0,-43.9499
"MtrElec",9,19,9,"",264.075,0,0,0,0,0,0,0,0,0,0,0,0,0,0,0,0,0,0,0,0,387.786,0,0,-123.711
"MtrElec",9,19,10,"",223.82,0,0,0,0,0,0,0,0,0,0,0,0,0,0,0,0,0,0,0,0,465.638,0,0,-241.818
"MtrElec",9,19,11,"",94.7331,0,0,0,0,0,0,0,0,0,0,0,0,0,0,0,0,0,0,0,0,513.94,0,0,-419.207
"MtrElec",9,19,12,"",39.541,0,0,0,0,0,0,0,0,0,0,0,0,0,0,0,0,0,0,0,0,574.997,0,0,-535.456
"MtrElec",9,19,13,"",143.527,0,0,0,0,0,0,0,0,0,0,0,0,0,0,0,0,0,0,0,0,617.058,0,0,-473.531
"MtrElec",9,19,14,"",480.01,0,0,0,0,0,0,0,0,0,0,0,0,0,0,0,0,0,0,0,0,544.857,0,0,-64.8475
"MtrElec",9,19,15,"",368.876,0,0,0,0,0,0,0,0,0,0,0,0,0,0,0,0,0,0,0,0,554.889,0,0,-186.013
"MtrElec",9,19,16,"",130.386,0,0,0,0,0,0,0,0,0,0,0,0,0,0,0,0,0,0,0,0,480.034,0,0,-349.648
"MtrElec",9,19,17,"",444.392,0,0,0,0,0,0,0,0,0,0,0,0,0,0,0,0,0,0,0,0,508.388,0,0,-63.9963
"MtrElec",9,19,18,"",501.658,0,0,0,0,0,0,0,0,0,0,0,0,0,0,0,0,0,0,0,0,536.122,0,0,-34.4647
"MtrElec",9,19,19,"",588.261,0,0,0,0,0,0,0,0,0,0,0,0,0,0,0,0,0,0,0,0,591.358,0,0,-3.0969
"MtrElec",9,19,20,"",497.292,0,0,0,0,0,0,0,0,0,0,0,0,0,0,0,0,0,0,0,0,497.292,0,0,0
"MtrElec",9,19,21,"",430.421,0,0,0,0,0,0,0,0,0,0,0,0,0,0,0,0,0,0,0,0,430.421,0,0,0
"MtrElec",9,19,22,"",400.063,0,0,0,0,0,0,0,0,0,0,0,0,0,0,0,0,0,0,0,0,400.063,0,0,0
"MtrElec",9,19,23,"",262.664,0,0,0,0,0,0,0,0,0,0,0,0,0,0,0,0,0,0,0,0,262.664,0,0,0
"MtrElec",9,19,24,"",276.167,0,0,0,0,0,0,0,0,0,0,0,0,0,0,0,0,0,0,0,0,276.167,0,0,0
"MtrElec",9,20,1,"",189.787,0,0,0,0,0,0,0,0,0,0,0,0,0,0,0,0,0,0,0,0,189.787,0,0,0
"MtrElec",9,20,2,"",176.485,0,0,0,0,0,0,0,0,0,0,0,0,0,0,0,0,0,0,0,0,176.485,0,0,0
"MtrElec",9,20,3,"",176.97,0,0,0,0,0,0,0,0,0,0,0,0,0,0,0,0,0,0,0,0,176.97,0,0,0
"MtrElec",9,20,4,"",173.303,0,0,0,0,0,0,0,0,0,0,0,0,0,0,0,0,0,0,0,0,173.303,0,0,0
"MtrElec",9,20,5,"",208.77,0,0,0,0,0,0,0,0,0,0,0,0,0,0,0,0,0,0,0,0,208.77,0,0,0
"MtrElec",9,20,6,"",173.715,0,0,0,0,0,0,0,0,0,0,0,0,0,0,0,0,0,0,0,0,173.715,0,0,0
"MtrElec",9,20,7,"",225.82,0,0,0,0,0,0,0,0,0,0,0,0,0,0,0,0,0,0,0,0,225.82,0,0,0
"MtrElec",9,20,8,"",197.567,0,0,0,0,0,0,0,0,0,0,0,0,0,0,0,0,0,0,0,0,259.39,0,0,-61.8229
"MtrElec",9,20,9,"",189.204,0,0,0,0,0,0,0,0,0,0,0,0,0,0,0,0,0,0,0,0,385.057,0,0,-195.853
"MtrElec",9,20,10,"",95.7844,0,0,0,0,0,0,0,0,0,0,0,0,0,0,0,0,0,0,0,0,501.714,0,0,-405.93
"MtrElec",9,20,11,"",102.479,0,0,0,0,0,0,0,0,0,0,0,0,0,0,0,0,0,0,0,0,621.183,0,0,-518.704
"MtrElec",9,20,12,"",70.3589,0,0,0,0,0,0,0,0,0,0,0,0,0,0,0,0,0,0,0,0,612.776,0,0,-542.417
"MtrElec",9,20,13,"",138.324,0,0,0,0,0,0,0,0,0,0,0,0,0,0,0,0,0,0,0,0,572.311,0,0,-433.987
"MtrElec",9,20,14,"",132.802,0,0,0,0,0,0,0,0,0,0,0,0,0,0,0,0,0,0,0,0,512.138,0,0,-379.337
"MtrElec",9,20,15,"",141.976,0,0,0,0,0,0,0,0,0,0,0,0,0,0,0,0,0,0,0,0,516.656,0,0,-374.68
"MtrElec",9,20,16,"",168.554,0,0,0,0,0,0,0,0,0,0,0,0,0,0,0,0,0,0,0,0,471.991,0,0,-303.437
"MtrElec",9,20,17,"",320.545,0,0,0,0,0,0,0,0,0,0,0,0,0,0,0,0,0,0,0,0,509.33,0,0,-188.785
"MtrElec",9,20,18,"",466.669,0,0,0,0,0,0,0,0,0,0,0,0,0,0,0,0,0,0,0,0,499.336,0,0,-32.6668
"MtrElec",9,20,19,"",517.825,0,0,0,0,0,0,0,0,0,0,0,0,0,0,0,0,0,0,0,0,519.44,0,0,-1.61528
"MtrElec",9,20,20,"",379.01,0,0,0,0,0,0,0,0,0,0,0,0,0,0,0,0,0,0,0,0,379.01,0,0,0
"MtrElec",9,20,21,"",356.917,0,0,0,0,0,0,0,0,0,0,0,0,0,0,0,0,0,0,0,0,356.917,0,0,0
"MtrElec",9,20,22,"",325.723,0,0,0,0,0,0,0,0,0,0,0,0,0,0,0,0,0,0,0,0,325.723,0,0,0
"MtrElec",9,20,23,"",317.424,0,0,0,0,0,0,0,0,0,0,0,0,0,0,0,0,0,0,0,0,317.424,0,0,0
"MtrElec",9,20,24,"",237.531,0,0,0,0,0,0,0,0,0,0,0,0,0,0,0,0,0,0,0,0,237.531,0,0,0
"MtrElec",9,21,1,"",234.178,0,0,0,0,0,0,0,0,0,0,0,0,0,0,0,0,0,0,0,0,234.178,0,0,0
"MtrElec",9,21,2,"",185.878,0,0,0,0,0,0,0,0,0,0,0,0,0,0,0,0,0,0,0,0,185.878,0,0,0
"MtrElec",9,21,3,"",174.601,0,0,0,0,0,0,0,0,0,0,0,0,0,0,0,0,0,0,0,0,174.601,0,0,0
"MtrElec",9,21,4,"",173.399,0,0,0,0,0,0,0,0,0,0,0,0,0,0,0,0,0,0,0,0,173.399,0,0,0
"MtrElec",9,21,5,"",169.01,0,0,0,0,0,0,0,0,0,0,0,0,0,0,0,0,0,0,0,0,169.01,0,0,0
"MtrElec",9,21,6,"",205.351,0,0,0,0,0,0,0,0,0,0,0,0,0,0,0,0,0,0,0,0,205.351,0,0,0
"MtrElec",9,21,7,"",347.813,0,0,0,0,0,0,0,0,0,0,0,0,0,0,0,0,0,0,0,0,347.813,0,0,0
"MtrElec",9,21,8,"",344.497,0,0,0,0,0,0,0,0,0,0,0,0,0,0,0,0,0,0,0,0,416.36,0,0,-71.8621
"MtrElec",9,21,9,"",266.084,0,0,0,0,0,0,0,0,0,0,0,0,0,0,0,0,0,0,0,0,510.272,0,0,-244.188
"MtrElec",9,21,10,"",175.876,0,0,0,0,0,0,0,0,0,0,0,0,0,0,0,0,0,0,0,0,579.593,0,0,-403.717
"MtrElec",9,21,11,"",108.288,0,0,0,0,0,0,0,0,0,0,0,0,0,0,0,0,0,0,0,0,628.598,0,0,-520.31
"MtrElec",9,21,12,"",8.49806,0,0,0,0,0,0,0,0,0,0,0,0,0,0,0,0,0,0,0,0,588.905,0,0,-580.407
"MtrElec",9,21,13,"",0.0000020,0,0,0,0,0,0,0,0,0,0,0,0,0,0,0,0,0,0,0,0,583.855,0,28.4993,-612.354
"MtrElec",9,21,14,"",0.0000078,0,0,0,0,0,0,0,0,0,0,0,0,0,0,0,0,0,0,0,0,522.006,0,76.8493,-598.856
"MtrElec",9,21,15,"",0,0,0,0,0,0,0,0,0,0,0,0,0,0,0,0,0,0,0,0,0,546.888,0,25.0747,-571.962
"MtrElec",9,21,16,"",41.9509,0,0,0,0,0,0,0,0,0,0,0,0,0,0,0,0,0,0,0,0,519.181,0,0,-477.23
"MtrElec",9,21,17,"",276.589,0,0,0,0,0,0,0,0,0,0,0,0,0,0,0,0,0,0,0,0,601.687,0,0,-325.098
"MtrElec",9,21,18,"",444.511,0,0,0,0,0,0,0,0,0,0,0,0,0,0,0,0,0,0,0,0,593.658,0,0,-149.147
"MtrElec",9,21,19,"",425.818,0,0,0,0,0,0,0,0,0,0,0,0,0,0,0,0,0,0,0,0,558.769,0,-117.707,-15.2436
"MtrElec",9,21,20,"",546.778,0,0,0,0,0,0,0,0,0,0,0,0,0,0,0,0,0,0,0,0,546.778,0,0,0
"MtrElec",9,21,21,"",538.5,0,0,0,0,0,0,0,0,0,0,0,0,0,0,0,0,0,0,0,0,538.5,0,0,0
"MtrElec",9,21,22,"",349.669,0,0,0,0,0,0,0,0,0,0,0,0,0,0,0,0,0,0,0,0,349.669,0,0,0
"MtrElec",9,21,23,"",347.796,0,0,0,0,0,0,0,0,0,0,0,0,0,0,0,0,0,0,0,0,347.796,0,0,0
"MtrElec",9,21,24,"",254.144,0,0,0,0,0,0,0,0,0,0,0,0,0,0,0,0,0,0,0,0,254.144,0,0,0
"MtrElec",9,22,1,"",222.753,0,0,0,0,0,0,0,0,0,0,0,0,0,0,0,0,0,0,0,0,222.753,0,0,0
"MtrElec",9,22,2,"",161.986,0,0,0,0,0,0,0,0,0,0,0,0,0,0,0,0,0,0,0,0,161.986,0,0,0
"MtrElec",9,22,3,"",157.193,0,0,0,0,0,0,0,0,0,0,0,0,0,0,0,0,0,0,0,0,157.193,0,0,0
"MtrElec",9,22,4,"",157.024,0,0,0,0,0,0,0,0,0,0,0,0,0,0,0,0,0,0,0,0,157.024,0,0,0
"MtrElec",9,22,5,"",153.809,0,0,0,0,0,0,0,0,0,0,0,0,0,0,0,0,0,0,0,0,153.809,0,0,0
"MtrElec",9,22,6,"",166.048,0,0,0,0,0,0,0,0,0,0,0,0,0,0,0,0,0,0,0,0,166.048,0,0,0
"MtrElec",9,22,7,"",308.916,0,0,0,0,0,0,0,0,0,0,0,0,0,0,0,0,0,0,0,0,308.916,0,0,0
"MtrElec",9,22,8,"",313.022,0,0,0,0,0,0,0,0,0,0,0,0,0,0,0,0,0,0,0,0,387.779,0,0,-74.7573
"MtrElec",9,22,9,"",176.776,0,0,0,0,0,0,0,0,0,0,0,0,0,0,0,0,0,0,0,0,400.814,0,0,-224.037
"MtrElec",9,22,10,"",210.663,0,0,0,0,0,0,0,0,0,0,0,0,0,0,0,0,0,0,0,0,452.504,0,0,-241.842
"MtrElec",9,22,11,"",137.366,0,0,0,0,0,0,0,0,0,0,0,0,0,0,0,0,0,0,0,0,499.824,0,0,-362.458
"MtrElec",9,22,12,"",64.4617,0,0,0,0,0,0,0,0,0,0,0,0,0,0,0,0,0,0,0,0,499.356,0,0,-434.895
"MtrElec",9,22,13,"",0,0,0,0,0,0,0,0,0,0,0,0,0,0,0,0,0,0,0,0,0,491.976,0,158.119,-650.095
"MtrElec",9,22,14,"",0,0,0,0,0,0,0,0,0,0,0,0,0,0,0,0,0,0,0,0,0,471.858,0,218.877,-690.735
"MtrElec",9,22,15,"",0,0,0,0,0,0,0,0,0,0,0,0,0,0,0,0,0,0,0,0,0,466.105,0,170.432,-636.537
"MtrElec",9,22,16,"",0.0000039,0,0,0,0,0,0,0,0,0,0,0,0,0,0,0,0,0,0,0,0,472.479,0,55.0588,-527.538
"MtrElec",9,22,17,"",165.172,0,0,0,0,0,0,0,0,0,0,0,0,0,0,0,0,0,0,0,0,537.235,0,0,-372.063
"MtrElec",9,22,18,"",356.558,0,0,0,0,0,0,0,0,0,0,0,0,0,0,0,0,0,0,0,0,530.792,0,0,-174.235
"MtrElec",9,22,19,"",251.431,0,0,0,0,0,0,0,0,0,0,0,0,0,0,0,0,0,0,0,0,489.089,0,-223.222,-14.4358
"MtrElec",9,22,20,"",311.716,0,0,0,0,0,0,0,0,0,0,0,0,0,0,0,0,0,0,0,0,534.938,0,-223.222,0
"MtrElec",9,22,21,"",362.043,0,0,0,0,0,0,0,0,0,0,0,0,0,0,0,0,0,0,0,0,459.342,0,-97.2996,0
"MtrElec",9,22,22,"",321.686,0,0,0,0,0,0,0,0,0,0,0,0,0,0,0,0,0,0,0,0,321.686,0,0,0
"MtrElec",9,22,23,"",292.945,0,0,0,0,0,0,0,0,0,0,0,0,0,0,0,0,0,0,0,0,292.945,0,0,0
"MtrElec",9,22,24,"",205.032,0,0,0,0,0,0,0,0,0,0,0,0,0,0,0,0,0,0,0,0,205.032,0,0,0
"MtrElec",9,23,1,"",194.398,0,0,0,0,0,0,0,0,0,0,0,0,0,0,0,0,0,0,0,0,194.398,0,0,0
"MtrElec",9,23,2,"",160.571,0,0,0,0,0,0,0,0,0,0,0,0,0,0,0,0,0,0,0,0,160.571,0,0,0
"MtrElec",9,23,3,"",152.175,0,0,0,0,0,0,0,0,0,0,0,0,0,0,0,0,0,0,0,0,152.175,0,0,0
"MtrElec",9,23,4,"",153.527,0,0,0,0,0,0,0,0,0,0,0,0,0,0,0,0,0,0,0,0,153.527,0,0,0
"MtrElec",9,23,5,"",150.959,0,0,0,0,0,0,0,0,0,0,0,0,0,0,0,0,0,0,0,0,150.959,0,0,0
"MtrElec",9,23,6,"",195.391,0,0,0,0,0,0,0,0,0,0,0,0,0,0,0,0,0,0,0,0,195.391,0,0,0
"MtrElec",9,23,7,"",259.6,0,0,0,0,0,0,0,0,0,0,0,0,0,0,0,0,0,0,0,0,259.6,0,0,0
"MtrElec",9,23,8,"",260.396,0,0,0,0,0,0,0,0,0,0,0,0,0,0,0,0,0,0,0,0,342.47,0,0,-82.074
"MtrElec",9,23,9,"",119.196,0,0,0,0,0,0,0,0,0,0,0,0,0,0,0,0,0,0,0,0,397.804,0,0,-278.608
"MtrElec",9,23,10,"",11.1904,0,0,0,0,0,0,0,0,0,0,0,0,0,0,0,0,0,0,0,0,469.777,0,0,-458.586
"MtrElec",9,23,11,"",0,0,0,0,0,0,0,0,0,0,0,0,0,0,0,0,0,0,0,0,0,490.287,0,86.338,-576.625
"MtrElec",9,23,12,"",0,0,0,0,0,0,0,0,0,0,0,0,0,0,0,0,0,0,0,0,0,499.186,0,142.785,-641.971
"MtrElec",9,23,13,"",0.0000156,0,0,0,0,0,0,0,0,0,0,0,0,0,0,0,0,0,0,0,0,521.047,0,164.358,-685.405
"MtrElec",9,23,14,"",-6.22577,0,0,0,0,0,0,0,0,0,0,0,0,0,0,0,0,0,0,0,0,458.322,0,223.222,-687.77
"MtrElec",9,23,15,"",0,0,0,0,0,0,0,0,0,0,0,0,0,0,0,0,0,0,0,0,0,469.78,0,157.085,-626.865
"MtrElec",9,23,16,"",-43.41,0,0,0,0,0,0,0,0,0,0,0,0,0,0,0,0,0,0,0,0,447.308,0,25.1733,-515.891
"MtrElec",9,23,17,"",161.29,0,0,0,0,0,0,0,0,0,0,0,0,0,0,0,0,0,0,0,0,519.464,0,0,-358.175
"MtrElec",9,23,18,"",350.361,0,0,0,0,0,0,0,0,0,0,0,0,0,0,0,0,0,0,0,0,512.927,0,0,-162.565
"MtrElec",9,23,19,"",278.483,0,0,0,0,0,0,0,0,0,0,0,0,0,0,0,0,0,0,0,0,515.666,0,-223.222,-13.9615
"MtrElec",9,23,20,"",297.781,0,0,0,0,0,0,0,0,0,0,0,0,0,0,0,0,0,0,0,0,521.003,0,-223.222,0
"MtrElec",9,23,21,"",266.706,0,0,0,0,0,0,0,0,0,0,0,0,0,0,0,0,0,0,0,0,489.929,0,-223.222,0
"MtrElec",9,23,22,"",258.316,0,0,0,0,0,0,0,0,0,0,0,0,0,0,0,0,0,0,0,0,309.712,0,-51.3963,0
"MtrElec",9,23,23,"",310.898,0,0,0,0,0,0,0,0,0,0,0,0,0,0,0,0,0,0,0,0,310.898,0,0,0
"MtrElec",9,23,24,"",261.194,0,0,0,0,0,0,0,0,0,0,0,0,0,0,0,0,0,0,0,0,261.194,0,0,0
"MtrElec",9,24,1,"",165.414,0,0,0,0,0,0,0,0,0,0,0,0,0,0,0,0,0,0,0,0,165.414,0,0,0
"MtrElec",9,24,2,"",158.375,0,0,0,0,0,0,0,0,0,0,0,0,0,0,0,0,0,0,0,0,158.375,0,0,0
"MtrElec",9,24,3,"",159.493,0,0,0,0,0,0,0,0,0,0,0,0,0,0,0,0,0,0,0,0,159.493,0,0,0
"MtrElec",9,24,4,"",159.559,0,0,0,0,0,0,0,0,0,0,0,0,0,0,0,0,0,0,0,0,159.559,0,0,0
"MtrElec",9,24,5,"",156.489,0,0,0,0,0,0,0,0,0,0,0,0,0,0,0,0,0,0,0,0,156.489,0,0,0
"MtrElec",9,24,6,"",196.146,0,0,0,0,0,0,0,0,0,0,0,0,0,0,0,0,0,0,0,0,196.146,0,0,0
"MtrElec",9,24,7,"",262.38,0,0,0,0,0,0,0,0,0,0,0,0,0,0,0,0,0,0,0,0,262.38,0,0,0
"MtrElec",9,24,8,"",272.377,0,0,0,0,0,0,0,0,0,0,0,0,0,0,0,0,0,0,0,0,351.218,0,0,-78.8417
"MtrElec",9,24,9,"",109.478,0,0,0,0,0,0,0,0,0,0,0,0,0,0,0,0,0,0,0,0,378.618,0,0,-269.14
"MtrElec",9,24,10,"",53.4954,0,0,0,0,0,0,0,0,0,0,0,0,0,0,0,0,0,0,0,0,486.67,0,0,-433.175
"MtrElec",9,24,11,"",2.50606,0,0,0,0,0,0,0,0,0,0,0,0,0,0,0,0,0,0,0,0,549.945,0,0,-547.439
"MtrElec",9,24,12,"",0,0,0,0,0,0,0,0,0,0,0,0,0,0,0,0,0,0,0,0,0,545.891,0,87.5181,-633.409
"MtrElec",9,24,13,"",0,0,0,0,0,0,0,0,0,0,0,0,0,0,0,0,0,0,0,0,0,537.057,0,138.877,-675.934
"MtrElec",9,24,14,"",0,0,0,0,0,0,0,0,0,0,0,0,0,0,0,0,0,0,0,0,0,515.666,0,152.21,-667.876
"MtrElec",9,24,15,"",0.0000078,0,0,0,0,0,0,0,0,0,0,0,0,0,0,0,0,0,0,0,0,478.703,0,127.554,-606.257
"MtrElec",9,24,16,"",37.1591,0,0,0,0,0,0,0,0,0,0,0,0,0,0,0,0,0,0,0,0,538.558,0,0,-501.399
"MtrElec",9,24,17,"",227.188,0,0,0,0,0,0,0,0,0,0,0,0,0,0,0,0,0,0,0,0,575.645,0,0,-348.457
"MtrElec",9,24,18,"",375.643,0,0,0,0,0,0,0,0,0,0,0,0,0,0,0,0,0,0,0,0,533.079,0,0,-157.435
"MtrElec",9,24,19,"",325.262,0,0,0,0,0,0,0,0,0,0,0,0,0,0,0,0,0,0,0,0,560.28,0,-223.222,-11.7962
"MtrElec",9,24,20,"",249.741,0,0,0,0,0,0,0,0,0,0,0,0,0,0,0,0,0,0,0,0,472.964,0,-223.222,0
"MtrElec",9,24,21,"",457.819,0,0,0,0,0,0,0,0,0,0,0,0,0,0,0,0,0,0,0,0,468.183,0,-10.3637,0
"MtrElec",9,24,22,"",332.577,0,0,0,0,0,0,0,0,0,0,0,0,0,0,0,0,0,0,0,0,332.577,0,0,0
"MtrElec",9,24,23,"",279.571,0,0,0,0,0,0,0,0,0,0,0,0,0,0,0,0,0,0,0,0,279.571,0,0,0
"MtrElec",9,24,24,"",234.707,0,0,0,0,0,0,0,0,0,0,0,0,0,0,0,0,0,0,0,0,234.707,0,0,0
"MtrElec",9,25,1,"",171.797,0,0,0,0,0,0,0,0,0,0,0,0,0,0,0,0,0,0,0,0,171.797,0,0,0
"MtrElec",9,25,2,"",170.34,0,0,0,0,0,0,0,0,0,0,0,0,0,0,0,0,0,0,0,0,170.34,0,0,0
"MtrElec",9,25,3,"",158.198,0,0,0,0,0,0,0,0,0,0,0,0,0,0,0,0,0,0,0,0,158.198,0,0,0
"MtrElec",9,25,4,"",153.833,0,0,0,0,0,0,0,0,0,0,0,0,0,0,0,0,0,0,0,0,153.833,0,0,0
"MtrElec",9,25,5,"",150.259,0,0,0,0,0,0,0,0,0,0,0,0,0,0,0,0,0,0,0,0,150.259,0,0,0
"MtrElec",9,25,6,"",194.473,0,0,0,0,0,0,0,0,0,0,0,0,0,0,0,0,0,0,0,0,194.473,0,0,0
"MtrElec",9,25,7,"",261.386,0,0,0,0,0,0,0,0,0,0,0,0,0,0,0,0,0,0,0,0,261.386,0,0,0
"MtrElec",9,25,8,"",266.428,0,0,0,0,0,0,0,0,0,0,0,0,0,0,0,0,0,0,0,0,345.472,0,0,-79.0441
"MtrElec",9,25,9,"",129.017,0,0,0,0,0,0,0,0,0,0,0,0,0,0,0,0,0,0,0,0,399.272,0,0,-270.254
"MtrElec",9,25,10,"",134.434,0,0,0,0,0,0,0,0,0,0,0,0,0,0,0,0,0,0,0,0,567.685,0,0,-433.251
"MtrElec",9,25,11,"",23.8993,0,0,0,0,0,0,0,0,0,0,0,0,0,0,0,0,0,0,0,0,569.653,0,0,-545.754
"MtrElec",9,25,12,"",0,0,0,0,0,0,0,0,0,0,0,0,0,0,0,0,0,0,0,0,0,532.898,0,83.5728,-616.471
"MtrElec",9,25,13,"",0.0000010,0,0,0,0,0,0,0,0,0,0,0,0,0,0,0,0,0,0,0,0,639.305,0,14.7811,-654.086
"MtrElec",9,25,14,"",0,0,0,0,0,0,0,0,0,0,0,0,0,0,0,0,0,0,0,0,0,582.08,0,71.0354,-653.116
"MtrElec",9,25,15,"",0,0,0,0,0,0,0,0,0,0,0,0,0,0,0,0,0,0,0,0,0,589.201,0,6.07931,-595.281
"MtrElec",9,25,16,"",74.1379,0,0,0,0,0,0,0,0,0,0,0,0,0,0,0,0,0,0,0,0,560.7,0,0,-486.562
"MtrElec",9,25,17,"",275.844,0,0,0,0,0,0,0,0,0,0,0,0,0,0,0,0,0,0,0,0,609.893,0,0,-334.048
"MtrElec",9,25,18,"",461.004,0,0,0,0,0,0,0,0,0,0,0,0,0,0,0,0,0,0,0,0,608.419,0,0,-147.415
"MtrElec",9,25,19,"",435.505,0,0,0,0,0,0,0,0,0,0,0,0,0,0,0,0,0,0,0,0,604.188,0,-158.36,-10.3222
"MtrElec",9,25,20,"",502.946,0,0,0,0,0,0,0,0,0,0,0,0,0,0,0,0,0,0,0,0,502.946,0,0,0
"MtrElec",9,25,21,"",498.377,0,0,0,0,0,0,0,0,0,0,0,0,0,0,0,0,0,0,0,0,498.377,0,0,0
"MtrElec",9,25,22,"",379.386,0,0,0,0,0,0,0,0,0,0,0,0,0,0,0,0,0,0,0,0,379.386,0,0,0
"MtrElec",9,25,23,"",277.323,0,0,0,0,0,0,0,0,0,0,0,0,0,0,0,0,0,0,0,0,277.323,0,0,0
"MtrElec",9,25,24,"",273.026,0,0,0,0,0,0,0,0,0,0,0,0,0,0,0,0,0,0,0,0,273.026,0,0,0
"MtrElec",9,26,1,"",186.335,0,0,0,0,0,0,0,0,0,0,0,0,0,0,0,0,0,0,0,0,186.335,0,0,0
"MtrElec",9,26,2,"",171.854,0,0,0,0,0,0,0,0,0,0,0,0,0,0,0,0,0,0,0,0,171.854,0,0,0
"MtrElec",9,26,3,"",170.358,0,0,0,0,0,0,0,0,0,0,0,0,0,0,0,0,0,0,0,0,170.358,0,0,0
"MtrElec",9,26,4,"",169.372,0,0,0,0,0,0,0,0,0,0,0,0,0,0,0,0,0,0,0,0,169.372,0,0,0
"MtrElec",9,26,5,"",224.971,0,0,0,0,0,0,0,0,0,0,0,0,0,0,0,0,0,0,0,0,224.971,0,0,0
"MtrElec",9,26,6,"",170.793,0,0,0,0,0,0,0,0,0,0,0,0,0,0,0,0,0,0,0,0,170.793,0,0,0
"MtrElec",9,26,7,"",240.705,0,0,0,0,0,0,0,0,0,0,0,0,0,0,0,0,0,0,0,0,240.705,0,0,0
"MtrElec",9,26,8,"",242.055,0,0,0,0,0,0,0,0,0,0,0,0,0,0,0,0,0,0,0,0,321.292,0,0,-79.2368
"MtrElec",9,26,9,"",166.326,0,0,0,0,0,0,0,0,0,0,0,0,0,0,0,0,0,0,0,0,437.546,0,0,-271.219
"MtrElec",9,26,10,"",116.165,0,0,0,0,0,0,0,0,0,0,0,0,0,0,0,0,0,0,0,0,551.893,0,0,-435.728
"MtrElec",9,26,11,"",192.318,0,0,0,0,0,0,0,0,0,0,0,0,0,0,0,0,0,0,0,0,741.325,0,0,-549.007
"MtrElec",9,26,12,"",84.7975,0,0,0,0,0,0,0,0,0,0,0,0,0,0,0,0,0,0,0,0,695.947,0,0,-611.149
"MtrElec",9,26,13,"",114.057,0,0,0,0,0,0,0,0,0,0,0,0,0,0,0,0,0,0,0,0,753.486,0,0,-639.429
"MtrElec",9,26,14,"",66.3658,0,0,0,0,0,0,0,0,0,0,0,0,0,0,0,0,0,0,0,0,697.772,0,0,-631.407
"MtrElec",9,26,15,"",133.227,0,0,0,0,0,0,0,0,0,0,0,0,0,0,0,0,0,0,0,0,708.585,0,0,-575.359
"MtrElec",9,26,16,"",261.035,0,0,0,0,0,0,0,0,0,0,0,0,0,0,0,0,0,0,0,0,674.253,0,0,-413.217
"MtrElec",9,26,17,"",397.361,0,0,0,0,0,0,0,0,0,0,0,0,0,0,0,0,0,0,0,0,675.191,0,0,-277.829
"MtrElec",9,26,18,"",548.843,0,0,0,0,0,0,0,0,0,0,0,0,0,0,0,0,0,0,0,0,680.579,0,0,-131.735
"MtrElec",9,26,19,"",699.198,0,0,0,0,0,0,0,0,0,0,0,0,0,0,0,0,0,0,0,0,708.128,0,0,-8.93055
"MtrElec",9,26,20,"",566.388,0,0,0,0,0,0,0,0,0,0,0,0,0,0,0,0,0,0,0,0,566.388,0,0,0
"MtrElec",9,26,21,"",523.46,0,0,0,0,0,0,0,0,0,0,0,0,0,0,0,0,0,0,0,0,523.46,0,0,0
"MtrElec",9,26,22,"",494.446,0,0,0,0,0,0,0,0,0,0,0,0,0,0,0,0,0,0,0,0,494.446,0,0,0
"MtrElec",9,26,23,"",304.448,0,0,0,0,0,0,0,0,0,0,0,0,0,0,0,0,0,0,0,0,304.448,0,0,0
"MtrElec",9,26,24,"",257.007,0,0,0,0,0,0,0,0,0,0,0,0,0,0,0,0,0,0,0,0,257.007,0,0,0
"MtrElec",9,27,1,"",206.084,0,0,0,0,0,0,0,0,0,0,0,0,0,0,0,0,0,0,0,0,206.084,0,0,0
"MtrElec",9,27,2,"",182.243,0,0,0,0,0,0,0,0,0,0,0,0,0,0,0,0,0,0,0,0,182.243,0,0,0
"MtrElec",9,27,3,"",181.206,0,0,0,0,0,0,0,0,0,0,0,0,0,0,0,0,0,0,0,0,181.206,0,0,0
"MtrElec",9,27,4,"",184.742,0,0,0,0,0,0,0,0,0,0,0,0,0,0,0,0,0,0,0,0,184.742,0,0,0
"MtrElec",9,27,5,"",200.038,0,0,0,0,0,0,0,0,0,0,0,0,0,0,0,0,0,0,0,0,200.038,0,0,0
"MtrElec",9,27,6,"",213.675,0,0,0,0,0,0,0,0,0,0,0,0,0,0,0,0,0,0,0,0,213.675,0,0,0
"MtrElec",9,27,7,"",189.433,0,0,0,0,0,0,0,0,0,0,0,0,0,0,0,0,0,0,0,0,189.433,0,0,0
"MtrElec",9,27,8,"",189.895,0,0,0,0,0,0,0,0,0,0,0,0,0,0,0,0,0,0,0,0,260.378,0,0,-70.4827
"MtrElec",9,27,9,"",125.412,0,0,0,0,0,0,0,0,0,0,0,0,0,0,0,0,0,0,0,0,372.967,0,0,-247.555
"MtrElec",9,27,10,"",71.2825,0,0,0,0,0,0,0,0,0,0,0,0,0,0,0,0,0,0,0,0,480.371,0,0,-409.089
"MtrElec",9,27,11,"",76.3773,0,0,0,0,0,0,0,0,0,0,0,0,0,0,0,0,0,0,0,0,607.02,0,0,-530.642
"MtrElec",9,27,12,"",0,0,0,0,0,0,0,0,0,0,0,0,0,0,0,0,0,0,0,0,0,591.409,0,5.47687,-596.886
"MtrElec",9,27,13,"",0.0000020,0,0,0,0,0,0,0,0,0,0,0,0,0,0,0,0,0,0,0,0,560.441,0,29.0678,-589.508
"MtrElec",9,27,14,"",7.94525,0,0,0,0,0,0,0,0,0,0,0,0,0,0,0,0,0,0,0,0,600.008,0,0,-592.062
"MtrElec",9,27,15,"",14.7179,0,0,0,0,0,0,0,0,0,0,0,0,0,0,0,0,0,0,0,0,585.421,0,0,-570.703
"MtrElec",9,27,16,"",102.189,0,0,0,0,0,0,0,0,0,0,0,0,0,0,0,0,0,0,0,0,563.037,0,0,-460.848
"MtrElec",9,27,17,"",243.909,0,0,0,0,0,0,0,0,0,0,0,0,0,0,0,0,0,0,0,0,542.588,0,0,-298.679
"MtrElec",9,27,18,"",401.175,0,0,0,0,0,0,0,0,0,0,0,0,0,0,0,0,0,0,0,0,530.912,0,0,-129.737
"MtrElec",9,27,19,"",506.08,0,0,0,0,0,0,0,0,0,0,0,0,0,0,0,0,0,0,0,0,545.792,0,-31.1765,-8.53537
"MtrElec",9,27,20,"",457.595,0,0,0,0,0,0,0,0,0,0,0,0,0,0,0,0,0,0,0,0,457.595,0,0,0
"MtrElec",9,27,21,"",399.169,0,0,0,0,0,0,0,0,0,0,0,0,0,0,0,0,0,0,0,0,399.169,0,0,0
"MtrElec",9,27,22,"",370.026,0,0,0,0,0,0,0,0,0,0,0,0,0,0,0,0,0,0,0,0,370.026,0,0,0
"MtrElec",9,27,23,"",303.858,0,0,0,0,0,0,0,0,0,0,0,0,0,0,0,0,0,0,0,0,303.858,0,0,0
"MtrElec",9,27,24,"",244.65,0,0,0,0,0,0,0,0,0,0,0,0,0,0,0,0,0,0,0,0,244.65,0,0,0
"MtrElec",9,28,1,"",212.615,0,0,0,0,0,0,0,0,0,0,0,0,0,0,0,0,0,0,0,0,212.615,0,0,0
"MtrElec",9,28,2,"",189.932,0,0,0,0,0,0,0,0,0,0,0,0,0,0,0,0,0,0,0,0,189.932,0,0,0
"MtrElec",9,28,3,"",176.726,0,0,0,0,0,0,0,0,0,0,0,0,0,0,0,0,0,0,0,0,176.726,0,0,0
"MtrElec",9,28,4,"",175.05,0,0,0,0,0,0,0,0,0,0,0,0,0,0,0,0,0,0,0,0,175.05,0,0,0
"MtrElec",9,28,5,"",169.363,0,0,0,0,0,0,0,0,0,0,0,0,0,0,0,0,0,0,0,0,169.363,0,0,0
"MtrElec",9,28,6,"",223.03,0,0,0,0,0,0,0,0,0,0,0,0,0,0,0,0,0,0,0,0,223.03,0,0,0
"MtrElec",9,28,7,"",307.41,0,0,0,0,0,0,0,0,0,0,0,0,0,0,0,0,0,0,0,0,307.41,0,0,0
"MtrElec",9,28,8,"",354.157,0,0,0,0,0,0,0,0,0,0,0,0,0,0,0,0,0,0,0,0,422.29,0,0,-68.1329
"MtrElec",9,28,9,"",235.452,0,0,0,0,0,0,0,0,0,0,0,0,0,0,0,0,0,0,0,0,477.843,0,0,-242.391
"MtrElec",9,28,10,"",161.839,0,0,0,0,0,0,0,0,0,0,0,0,0,0,0,0,0,0,0,0,562.252,0,0,-400.413
"MtrElec",9,28,11,"",80.3209,0,0,0,0,0,0,0,0,0,0,0,0,0,0,0,0,0,0,0,0,595.142,0,0,-514.821
"MtrElec",9,28,12,"",4.62762,0,0,0,0,0,0,0,0,0,0,0,0,0,0,0,0,0,0,0,0,596.135,0,0,-591.507
"MtrElec",9,28,13,"",0.0000039,0,0,0,0,0,0,0,0,0,0,0,0,0,0,0,0,0,0,0,0,595.111,0,32.8567,-627.968
"MtrElec",9,28,14,"",0,0,0,0,0,0,0,0,0,0,0,0,0,0,0,0,0,0,0,0,0,565.016,0,58.2807,-623.297
"MtrElec",9,28,15,"",0,0,0,0,0,0,0,0,0,0,0,0,0,0,0,0,0,0,0,0,0,535.658,0,20.2301,-555.888
"MtrElec",9,28,16,"",129.653,0,0,0,0,0,0,0,0,0,0,0,0,0,0,0,0,0,0,0,0,575.133,0,0,-445.48
"MtrElec",9,28,17,"",292.068,0,0,0,0,0,0,0,0,0,0,0,0,0,0,0,0,0,0,0,0,586.516,0,0,-294.448
"MtrElec",9,28,18,"",488.535,0,0,0,0,0,0,0,0,0,0,0,0,0,0,0,0,0,0,0,0,608.419,0,0,-119.884
"MtrElec",9,28,19,"",469.033,0,0,0,0,0,0,0,0,0,0,0,0,0,0,0,0,0,0,0,0,577.812,0,-100.509,-8.27004
"MtrElec",9,28,20,"",613.81,0,0,0,0,0,0,0,0,0,0,0,0,0,0,0,0,0,0,0,0,613.81,0,0,0
"MtrElec",9,28,21,"",556.012,0,0,0,0,0,0,0,0,0,0,0,0,0,0,0,0,0,0,0,0,556.012,0,0,0
"MtrElec",9,28,22,"",325.101,0,0,0,0,0,0,0,0,0,0,0,0,0,0,0,0,0,0,0,0,325.101,0,0,0
"MtrElec",9,28,23,"",334.002,0,0,0,0,0,0,0,0,0,0,0,0,0,0,0,0,0,0,0,0,334.002,0,0,0
"MtrElec",9,28,24,"",268.344,0,0,0,0,0,0,0,0,0,0,0,0,0,0,0,0,0,0,0,0,268.344,0,0,0
"MtrElec",9,29,1,"",198.646,0,0,0,0,0,0,0,0,0,0,0,0,0,0,0,0,0,0,0,0,198.646,0,0,0
"MtrElec",9,29,2,"",182.369,0,0,0,0,0,0,0,0,0,0,0,0,0,0,0,0,0,0,0,0,182.369,0,0,0
"MtrElec",9,29,3,"",175.021,0,0,0,0,0,0,0,0,0,0,0,0,0,0,0,0,0,0,0,0,175.021,0,0,0
"MtrElec",9,29,4,"",174.259,0,0,0,0,0,0,0,0,0,0,0,0,0,0,0,0,0,0,0,0,174.259,0,0,0
"MtrElec",9,29,5,"",168.089,0,0,0,0,0,0,0,0,0,0,0,0,0,0,0,0,0,0,0,0,168.089,0,0,0
"MtrElec",9,29,6,"",209.211,0,0,0,0,0,0,0,0,0,0,0,0,0,0,0,0,0,0,0,0,209.211,0,0,0
"MtrElec",9,29,7,"",328.001,0,0,0,0,0,0,0,0,0,0,0,0,0,0,0,0,0,0,0,0,328.001,0,0,0
"MtrElec",9,29,8,"",307.078,0,0,0,0,0,0,0,0,0,0,0,0,0,0,0,0,0,0,0,0,374.783,0,0,-67.705
"MtrElec",9,29,9,"",265.434,0,0,0,0,0,0,0,0,0,0,0,0,0,0,0,0,0,0,0,0,506.495,0,0,-241.06
"MtrElec",9,29,10,"",212.606,0,0,0,0,0,0,0,0,0,0,0,0,0,0,0,0,0,0,0,0,611.558,0,0,-398.952
"MtrElec",9,29,11,"",176.863,0,0,0,0,0,0,0,0,0,0,0,0,0,0,0,0,0,0,0,0,690.754,0,0,-513.891
"MtrElec",9,29,12,"",30.9836,0,0,0,0,0,0,0,0,0,0,0,0,0,0,0,0,0,0,0,0,621.429,0,0,-590.446
"MtrElec",9,29,13,"",39.087,0,0,0,0,0,0,0,0,0,0,0,0,0,0,0,0,0,0,0,0,674.007,0,0,-634.92
"MtrElec",9,29,14,"",0,0,0,0,0,0,0,0,0,0,0,0,0,0,0,0,0,0,0,0,0,557.008,0,75.1472,-632.155
"MtrElec",9,29,15,"",0.0000020,0,0,0,0,0,0,0,0,0,0,0,0,0,0,0,0,0,0,0,0,551.419,0,19.2268,-570.646
"MtrElec",9,29,16,"",133.762,0,0,0,0,0,0,0,0,0,0,0,0,0,0,0,0,0,0,0,0,592.627,0,0,-458.865
"MtrElec",9,29,17,"",306.956,0,0,0,0,0,0,0,0,0,0,0,0,0,0,0,0,0,0,0,0,615.806,0,0,-308.85
"MtrElec",9,29,18,"",471.901,0,0,0,0,0,0,0,0,0,0,0,0,0,0,0,0,0,0,0,0,600.543,0,0,-128.643
"MtrElec",9,29,19,"",409.675,0,0,0,0,0,0,0,0,0,0,0,0,0,0,0,0,0,0,0,0,502.018,0,-85.1725,-7.1703
"MtrElec",9,29,20,"",531.379,0,0,0,0,0,0,0,0,0,0,0,0,0,0,0,0,0,0,0,0,531.379,0,0,0
"MtrElec",9,29,21,"",533.263,0,0,0,0,0,0,0,0,0,0,0,0,0,0,0,0,0,0,0,0,533.263,0,0,0
"MtrElec",9,29,22,"",348.82,0,0,0,0,0,0,0,0,0,0,0,0,0,0,0,0,0,0,0,0,348.82,0,0,0
"MtrElec",9,29,23,"",311.209,0,0,0,0,0,0,0,0,0,0,0,0,0,0,0,0,0,0,0,0,311.209,0,0,0
"MtrElec",9,29,24,"",228.52,0,0,0,0,0,0,0,0,0,0,0,0,0,0,0,0,0,0,0,0,228.52,0,0,0
"MtrElec",9,30,1,"",175.245,0,0,0,0,0,0,0,0,0,0,0,0,0,0,0,0,0,0,0,0,175.245,0,0,0
"MtrElec",9,30,2,"",169.301,0,0,0,0,0,0,0,0,0,0,0,0,0,0,0,0,0,0,0,0,169.301,0,0,0
"MtrElec",9,30,3,"",160.294,0,0,0,0,0,0,0,0,0,0,0,0,0,0,0,0,0,0,0,0,160.294,0,0,0
"MtrElec",9,30,4,"",160.515,0,0,0,0,0,0,0,0,0,0,0,0,0,0,0,0,0,0,0,0,160.515,0,0,0
"MtrElec",9,30,5,"",155.213,0,0,0,0,0,0,0,0,0,0,0,0,0,0,0,0,0,0,0,0,155.213,0,0,0
"MtrElec",9,30,6,"",200.181,0,0,0,0,0,0,0,0,0,0,0,0,0,0,0,0,0,0,0,0,200.181,0,0,0
"MtrElec",9,30,7,"",294.057,0,0,0,0,0,0,0,0,0,0,0,0,0,0,0,0,0,0,0,0,294.057,0,0,0
"MtrElec",9,30,8,"",335.781,0,0,0,0,0,0,0,0,0,0,0,0,0,0,0,0,0,0,0,0,410.989,0,0,-75.2074
"MtrElec",9,30,9,"",208.848,0,0,0,0,0,0,0,0,0,0,0,0,0,0,0,0,0,0,0,0,467.617,0,0,-258.769
"MtrElec",9,30,10,"",153.195,0,0,0,0,0,0,0,0,0,0,0,0,0,0,0,0,0,0,0,0,573.519,0,0,-420.324
"MtrElec",9,30,11,"",81.8353,0,0,0,0,0,0,0,0,0,0,0,0,0,0,0,0,0,0,0,0,615.444,0,0,-533.609
"MtrElec",9,30,12,"",0.0000010,0,0,0,0,0,0,0,0,0,0,0,0,0,0,0,0,0,0,0,0,591.969,0,12.4713,-604.44
"MtrElec",9,30,13,"",0,0,0,0,0,0,0,0,0,0,0,0,0,0,0,0,0,0,0,0,0,630.853,0,11.8817,-642.735
"MtrElec",9,30,14,"",0,0,0,0,0,0,0,0,0,0,0,0,0,0,0,0,0,0,0,0,0,510.722,0,136.023,-646.745
"MtrElec",9,30,15,"",0.0000039,0,0,0,0,0,0,0,0,0,0,0,0,0,0,0,0,0,0,0,0,545.646,0,45.5376,-591.183
"MtrElec",9,30,16,"",91.8024,0,0,0,0,0,0,0,0,0,0,0,0,0,0,0,0,0,0,0,0,571.475,0,0,-479.673
"MtrElec",9,30,17,"",295.912,0,0,0,0,0,0,0,0,0,0,0,0,0,0,0,0,0,0,0,0,620.87,0,0,-324.958
"MtrElec",9,30,18,"",412.511,0,0,0,0,0,0,0,0,0,0,0,0,0,0,0,0,0,0,0,0,550.115,0,0,-137.605
"MtrElec",9,30,19,"",322.473,0,0,0,0,0,0,0,0,0,0,0,0,0,0,0,0,0,0,0,0,510.603,0,-185.837,-2.29291
"MtrElec",9,30,20,"",547.826,0,0,0,0,0,0,0,0,0,0,0,0,0,0,0,0,0,0,0,0,547.826,0,0,0
"MtrElec",9,30,21,"",509.508,0,0,0,0,0,0,0,0,0,0,0,0,0,0,0,0,0,0,0,0,509.508,0,0,0
"MtrElec",9,30,22,"",323.927,0,0,0,0,0,0,0,0,0,0,0,0,0,0,0,0,0,0,0,0,323.927,0,0,0
"MtrElec",9,30,23,"",302.918,0,0,0,0,0,0,0,0,0,0,0,0,0,0,0,0,0,0,0,0,302.918,0,0,0
"MtrElec",9,30,24,"",219.885,0,0,0,0,0,0,0,0,0,0,0,0,0,0,0,0,0,0,0,0,219.885,0,0,0
"MtrElec",10,1,1,"",190.959,0,0,0,0,0,0,0,0,0,0,0,0,0,0,0,0,0,0,0,0,190.959,0,0,0
"MtrElec",10,1,2,"",174.528,0,0,0,0,0,0,0,0,0,0,0,0,0,0,0,0,0,0,0,0,174.528,0,0,0
"MtrElec",10,1,3,"",199.678,0,0,0,0,0,0,0,0,0,0,0,0,0,0,0,0,0,0,0,0,199.678,0,0,0
"MtrElec",10,1,4,"",168.279,0,0,0,0,0,0,0,0,0,0,0,0,0,0,0,0,0,0,0,0,168.279,0,0,0
"MtrElec",10,1,5,"",158.484,0,0,0,0,0,0,0,0,0,0,0,0,0,0,0,0,0,0,0,0,158.484,0,0,0
"MtrElec",10,1,6,"",173.572,0,0,0,0,0,0,0,0,0,0,0,0,0,0,0,0,0,0,0,0,173.572,0,0,0
"MtrElec",10,1,7,"",326.228,0,0,0,0,0,0,0,0,0,0,0,0,0,0,0,0,0,0,0,0,326.228,0,0,0
"MtrElec",10,1,8,"",299.52,0,0,0,0,0,0,0,0,0,0,0,0,0,0,0,0,0,0,0,0,372.056,0,0,-72.5364
"MtrElec",10,1,9,"",170.025,0,0,0,0,0,0,0,0,0,0,0,0,0,0,0,0,0,0,0,0,429.585,0,0,-259.56
"MtrElec",10,1,10,"",111.153,0,0,0,0,0,0,0,0,0,0,0,0,0,0,0,0,0,0,0,0,532.956,0,0,-421.803
"MtrElec",10,1,11,"",85.6974,0,0,0,0,0,0,0,0,0,0,0,0,0,0,0,0,0,0,0,0,620.982,0,0,-535.285
"MtrElec",10,1,12,"",44.431,0,0,0,0,0,0,0,0,0,0,0,0,0,0,0,0,0,0,0,0,648.238,0,0,-603.807
"MtrElec",10,1,13,"",0.0000020,0,0,0,0,0,0,0,0,0,0,0,0,0,0,0,0,0,0,0,0,623.756,0,22.868,-646.624
"MtrElec",10,1,14,"",0,0,0,0,0,0,0,0,0,0,0,0,0,0,0,0,0,0,0,0,0,623.705,0,19.7545,-643.459
"MtrElec",10,1,15,"",38.1338,0,0,0,0,0,0,0,0,0,0,0,0,0,0,0,0,0,0,0,0,623.678,0,0,-585.544
"MtrElec",10,1,16,"",130.252,0,0,0,0,0,0,0,0,0,0,0,0,0,0,0,0,0,0,0,0,602.847,0,0,-472.595
"MtrElec",10,1,17,"",340.439,0,0,0,0,0,0,0,0,0,0,0,0,0,0,0,0,0,0,0,0,658.383,0,0,-317.943
"MtrElec",10,1,18,"",512.688,0,0,0,0,0,0,0,0,0,0,0,0,0,0,0,0,0,0,0,0,644.632,0,0,-131.943
"MtrElec",10,1,19,"",537.829,0,0,0,0,0,0,0,0,0,0,0,0,0,0,0,0,0,0,0,0,579.064,0,-38.4668,-2.76807
"MtrElec",10,1,20,"",570.691,0,0,0,0,0,0,0,0,0,0,0,0,0,0,0,0,0,0,0,0,570.691,0,0,0
"MtrElec",10,1,21,"",514.578,0,0,0,0,0,0,0,0,0,0,0,0,0,0,0,0,0,0,0,0,514.578,0,0,0
"MtrElec",10,1,22,"",384.616,0,0,0,0,0,0,0,0,0,0,0,0,0,0,0,0,0,0,0,0,384.616,0,0,0
"MtrElec",10,1,23,"",316.039,0,0,0,0,0,0,0,0,0,0,0,0,0,0,0,0,0,0,0,0,316.039,0,0,0
"MtrElec",10,1,24,"",275.157,0,0,0,0,0,0,0,0,0,0,0,0,0,0,0,0,0,0,0,0,275.157,0,0,0
"MtrElec",10,2,1,"",212.577,0,0,0,0,0,0,0,0,0,0,0,0,0,0,0,0,0,0,0,0,212.577,0,0,0
"MtrElec",10,2,2,"",191.962,0,0,0,0,0,0,0,0,0,0,0,0,0,0,0,0,0,0,0,0,191.962,0,0,0
"MtrElec",10,2,3,"",179.521,0,0,0,0,0,0,0,0,0,0,0,0,0,0,0,0,0,0,0,0,179.521,0,0,0
"MtrElec",10,2,4,"",180.721,0,0,0,0,0,0,0,0,0,0,0,0,0,0,0,0,0,0,0,0,180.721,0,0,0
"MtrElec",10,2,5,"",169.491,0,0,0,0,0,0,0,0,0,0,0,0,0,0,0,0,0,0,0,0,169.491,0,0,0
"MtrElec",10,2,6,"",210.897,0,0,0,0,0,0,0,0,0,0,0,0,0,0,0,0,0,0,0,0,210.897,0,0,0
"MtrElec",10,2,7,"",323.82,0,0,0,0,0,0,0,0,0,0,0,0,0,0,0,0,0,0,0,0,323.82,0,0,0
"MtrElec",10,2,8,"",319.976,0,0,0,0,0,0,0,0,0,0,0,0,0,0,0,0,0,0,0,0,394.082,0,0,-74.1053
"MtrElec",10,2,9,"",227.4,0,0,0,0,0,0,0,0,0,0,0,0,0,0,0,0,0,0,0,0,486.923,0,0,-259.523
"MtrElec",10,2,10,"",128.313,0,0,0,0,0,0,0,0,0,0,0,0,0,0,0,0,0,0,0,0,550.528,0,0,-422.215
"MtrElec",10,2,11,"",67.5938,0,0,0,0,0,0,0,0,0,0,0,0,0,0,0,0,0,0,0,0,601.253,0,0,-533.659
"MtrElec",10,2,12,"",29.5564,0,0,0,0,0,0,0,0,0,0,0,0,0,0,0,0,0,0,0,0,632.143,0,0,-602.587
"MtrElec",10,2,13,"",74.0891,0,0,0,0,0,0,0,0,0,0,0,0,0,0,0,0,0,0,0,0,702.485,0,0,-628.395
"MtrElec",10,2,14,"",0,0,0,0,0,0,0,0,0,0,0,0,0,0,0,0,0,0,0,0,0,577.965,0,38.8014,-616.767
"MtrElec",10,2,15,"",55.4533,0,0,0,0,0,0,0,0,0,0,0,0,0,0,0,0,0,0,0,0,620.003,0,0,-564.55
"MtrElec",10,2,16,"",172.164,0,0,0,0,0,0,0,0,0,0,0,0,0,0,0,0,0,0,0,0,637.135,0,0,-464.971
"MtrElec",10,2,17,"",312.31,0,0,0,0,0,0,0,0,0,0,0,0,0,0,0,0,0,0,0,0,623.552,0,0,-311.242
"MtrElec",10,2,18,"",490.992,0,0,0,0,0,0,0,0,0,0,0,0,0,0,0,0,0,0,0,0,616.151,0,0,-125.158
"MtrElec",10,2,19,"",566.06,0,0,0,0,0,0,0,0,0,0,0,0,0,0,0,0,0,0,0,0,603.604,0,-35.0183,-2.52627
"MtrElec",10,2,20,"",555.367,0,0,0,0,0,0,0,0,0,0,0,0,0,0,0,0,0,0,0,0,555.367,0,0,0
"MtrElec",10,2,21,"",544.874,0,0,0,0,0,0,0,0,0,0,0,0,0,0,0,0,0,0,0,0,544.874,0,0,0
"MtrElec",10,2,22,"",356.865,0,0,0,0,0,0,0,0,0,0,0,0,0,0,0,0,0,0,0,0,356.865,0,0,0
"MtrElec",10,2,23,"",366.454,0,0,0,0,0,0,0,0,0,0,0,0,0,0,0,0,0,0,0,0,366.454,0,0,0
"MtrElec",10,2,24,"",288.519,0,0,0,0,0,0,0,0,0,0,0,0,0,0,0,0,0,0,0,0,288.519,0,0,0
"MtrElec",10,3,1,"",191.726,0,0,0,0,0,0,0,0,0,0,0,0,0,0,0,0,0,0,0,0,191.726,0,0,0
"MtrElec",10,3,2,"",174.346,0,0,0,0,0,0,0,0,0,0,0,0,0,0,0,0,0,0,0,0,174.346,0,0,0
"MtrElec",10,3,3,"",167.463,0,0,0,0,0,0,0,0,0,0,0,0,0,0,0,0,0,0,0,0,167.463,0,0,0
"MtrElec",10,3,4,"",165.328,0,0,0,0,0,0,0,0,0,0,0,0,0,0,0,0,0,0,0,0,165.328,0,0,0
"MtrElec",10,3,5,"",215.877,0,0,0,0,0,0,0,0,0,0,0,0,0,0,0,0,0,0,0,0,215.877,0,0,0
"MtrElec",10,3,6,"",162.813,0,0,0,0,0,0,0,0,0,0,0,0,0,0,0,0,0,0,0,0,162.813,0,0,0
"MtrElec",10,3,7,"",233.005,0,0,0,0,0,0,0,0,0,0,0,0,0,0,0,0,0,0,0,0,233.005,0,0,0
"MtrElec",10,3,8,"",247.559,0,0,0,0,0,0,0,0,0,0,0,0,0,0,0,0,0,0,0,0,322.444,0,0,-74.8849
"MtrElec",10,3,9,"",118.632,0,0,0,0,0,0,0,0,0,0,0,0,0,0,0,0,0,0,0,0,381,0,0,-262.368
"MtrElec",10,3,10,"",50.9623,0,0,0,0,0,0,0,0,0,0,0,0,0,0,0,0,0,0,0,0,481.917,0,0,-430.955
"MtrElec",10,3,11,"",0,0,0,0,0,0,0,0,0,0,0,0,0,0,0,0,0,0,0,0,0,534.003,0,17.4282,-551.432
"MtrElec",10,3,12,"",0.0000010,0,0,0,0,0,0,0,0,0,0,0,0,0,0,0,0,0,0,0,0,606.508,0,12.6484,-619.156
"MtrElec",10,3,13,"",0,0,0,0,0,0,0,0,0,0,0,0,0,0,0,0,0,0,0,0,0,597.428,0,46.3249,-643.753
"MtrElec",10,3,14,"",0.0000039,0,0,0,0,0,0,0,0,0,0,0,0,0,0,0,0,0,0,0,0,564.324,0,62.5909,-626.914
"MtrElec",10,3,15,"",30.3078,0,0,0,0,0,0,0,0,0,0,0,0,0,0,0,0,0,0,0,0,599.243,0,0,-568.936
"MtrElec",10,3,16,"",96.5475,0,0,0,0,0,0,0,0,0,0,0,0,0,0,0,0,0,0,0,0,568.756,0,0,-472.208
"MtrElec",10,3,17,"",278.67,0,0,0,0,0,0,0,0,0,0,0,0,0,0,0,0,0,0,0,0,573.086,0,0,-294.416
"MtrElec",10,3,18,"",447.289,0,0,0,0,0,0,0,0,0,0,0,0,0,0,0,0,0,0,0,0,569.824,0,0,-122.535
"MtrElec",10,3,19,"",499.018,0,0,0,0,0,0,0,0,0,0,0,0,0,0,0,0,0,0,0,0,626.626,0,-125.441,-2.16763
"MtrElec",10,3,20,"",547.485,0,0,0,0,0,0,0,0,0,0,0,0,0,0,0,0,0,0,0,0,547.485,0,0,0
"MtrElec",10,3,21,"",450.989,0,0,0,0,0,0,0,0,0,0,0,0,0,0,0,0,0,0,0,0,450.989,0,0,0
"MtrElec",10,3,22,"",384.678,0,0,0,0,0,0,0,0,0,0,0,0,0,0,0,0,0,0,0,0,384.678,0,0,0
"MtrElec",10,3,23,"",265.325,0,0,0,0,0,0,0,0,0,0,0,0,0,0,0,0,0,0,0,0,265.325,0,0,0
"MtrElec",10,3,24,"",274.073,0,0,0,0,0,0,0,0,0,0,0,0,0,0,0,0,0,0,0,0,274.073,0,0,0
"MtrElec",10,4,1,"",184.328,0,0,0,0,0,0,0,0,0,0,0,0,0,0,0,0,0,0,0,0,184.328,0,0,0
"MtrElec",10,4,2,"",160.896,0,0,0,0,0,0,0,0,0,0,0,0,0,0,0,0,0,0,0,0,160.896,0,0,0
"MtrElec",10,4,3,"",157.432,0,0,0,0,0,0,0,0,0,0,0,0,0,0,0,0,0,0,0,0,157.432,0,0,0
"MtrElec",10,4,4,"",158.102,0,0,0,0,0,0,0,0,0,0,0,0,0,0,0,0,0,0,0,0,158.102,0,0,0
"MtrElec",10,4,5,"",162.252,0,0,0,0,0,0,0,0,0,0,0,0,0,0,0,0,0,0,0,0,162.252,0,0,0
"MtrElec",10,4,6,"",163.185,0,0,0,0,0,0,0,0,0,0,0,0,0,0,0,0,0,0,0,0,163.185,0,0,0
"MtrElec",10,4,7,"",207.296,0,0,0,0,0,0,0,0,0,0,0,0,0,0,0,0,0,0,0,0,207.296,0,0,0
"MtrElec",10,4,8,"",151.921,0,0,0,0,0,0,0,0,0,0,0,0,0,0,0,0,0,0,0,0,192.833,0,0,-40.9116
"MtrElec",10,4,9,"",144.58,0,0,0,0,0,0,0,0,0,0,0,0,0,0,0,0,0,0,0,0,309.839,0,0,-165.259
"MtrElec",10,4,10,"",-55.1514,0,0,0,0,0,0,0,0,0,0,0,0,0,0,0,0,0,0,0,0,379.358,0,0,-434.51
"MtrElec",10,4,11,"",0.0000078,0,0,0,0,0,0,0,0,0,0,0,0,0,0,0,0,0,0,0,0,452.518,0,102.426,-554.944
"MtrElec",10,4,12,"",0,0,0,0,0,0,0,0,0,0,0,0,0,0,0,0,0,0,0,0,0,465.348,0,157.504,-622.852
"MtrElec",10,4,13,"",-0.0928594,0,0,0,0,0,0,0,0,0,0,0,0,0,0,0,0,0,0,0,0,443.343,0,223.222,-666.658
"MtrElec",10,4,14,"",0.0000156,0,0,0,0,0,0,0,0,0,0,0,0,0,0,0,0,0,0,0,0,444.97,0,218.275,-663.246
"MtrElec",10,4,15,"",-47.4533,0,0,0,0,0,0,0,0,0,0,0,0,0,0,0,0,0,0,0,0,451.443,0,97.5343,-596.431
"MtrElec",10,4,16,"",-58.6173,0,0,0,0,0,0,0,0,0,0,0,0,0,0,0,0,0,0,0,0,415.981,0,0,-474.598
"MtrElec",10,4,17,"",124.602,0,0,0,0,0,0,0,0,0,0,0,0,0,0,0,0,0,0,0,0,444.046,0,0,-319.444
"MtrElec",10,4,18,"",345.762,0,0,0,0,0,0,0,0,0,0,0,0,0,0,0,0,0,0,0,0,473.264,0,0,-127.501
"MtrElec",10,4,19,"",243.042,0,0,0,0,0,0,0,0,0,0,0,0,0,0,0,0,0,0,0,0,468.306,0,-223.222,-2.04144
"MtrElec",10,4,20,"",155.836,0,0,0,0,0,0,0,0,0,0,0,0,0,0,0,0,0,0,0,0,379.058,0,-223.222,0
"MtrElec",10,4,21,"",83.4523,0,0,0,0,0,0,0,0,0,0,0,0,0,0,0,0,0,0,0,0,306.675,0,-223.222,0
"MtrElec",10,4,22,"",283.61,0,0,0,0,0,0,0,0,0,0,0,0,0,0,0,0,0,0,0,0,335.007,0,-51.3963,0
"MtrElec",10,4,23,"",251.658,0,0,0,0,0,0,0,0,0,0,0,0,0,0,0,0,0,0,0,0,251.658,0,0,0
"MtrElec",10,4,24,"",240.427,0,0,0,0,0,0,0,0,0,0,0,0,0,0,0,0,0,0,0,0,240.427,0,0,0
"MtrElec",10,5,1,"",180.952,0,0,0,0,0,0,0,0,0,0,0,0,0,0,0,0,0,0,0,0,180.952,0,0,0
"MtrElec",10,5,2,"",166.205,0,0,0,0,0,0,0,0,0,0,0,0,0,0,0,0,0,0,0,0,166.205,0,0,0
"MtrElec",10,5,3,"",202.985,0,0,0,0,0,0,0,0,0,0,0,0,0,0,0,0,0,0,0,0,202.985,0,0,0
"MtrElec",10,5,4,"",162.672,0,0,0,0,0,0,0,0,0,0,0,0,0,0,0,0,0,0,0,0,162.672,0,0,0
"MtrElec",10,5,5,"",160.683,0,0,0,0,0,0,0,0,0,0,0,0,0,0,0,0,0,0,0,0,160.683,0,0,0
"MtrElec",10,5,6,"",161.26,0,0,0,0,0,0,0,0,0,0,0,0,0,0,0,0,0,0,0,0,161.26,0,0,0
"MtrElec",10,5,7,"",326.326,0,0,0,0,0,0,0,0,0,0,0,0,0,0,0,0,0,0,0,0,326.326,0,0,0
"MtrElec",10,5,8,"",327.401,0,0,0,0,0,0,0,0,0,0,0,0,0,0,0,0,0,0,0,0,335.195,0,0,-7.79421
"MtrElec",10,5,9,"",331.832,0,0,0,0,0,0,0,0,0,0,0,0,0,0,0,0,0,0,0,0,368.218,0,0,-36.3855
"MtrElec",10,5,10,"",287.716,0,0,0,0,0,0,0,0,0,0,0,0,0,0,0,0,0,0,0,0,419.666,0,0,-131.95
"MtrElec",10,5,11,"",0,0,0,0,0,0,0,0,0,0,0,0,0,0,0,0,0,0,0,0,0,463.775,0,21.095,-484.87
"MtrElec",10,5,12,"",0,0,0,0,0,0,0,0,0,0,0,0,0,0,0,0,0,0,0,0,0,416.83,0,143.911,-560.742
"MtrElec",10,5,13,"",0,0,0,0,0,0,0,0,0,0,0,0,0,0,0,0,0,0,0,0,0,475.673,0,186.041,-661.713
"MtrElec",10,5,14,"",0.0000156,0,0,0,0,0,0,0,0,0,0,0,0,0,0,0,0,0,0,0,0,424.76,0,196.43,-621.191
"MtrElec",10,5,15,"",0,0,0,0,0,0,0,0,0,0,0,0,0,0,0,0,0,0,0,0,0,471.861,0,86.1654,-558.027
"MtrElec",10,5,16,"",58.7326,0,0,0,0,0,0,0,0,0,0,0,0,0,0,0,0,0,0,0,0,515.66,0,0,-456.927
"MtrElec",10,5,17,"",264.542,0,0,0,0,0,0,0,0,0,0,0,0,0,0,0,0,0,0,0,0,572.482,0,0,-307.94
"MtrElec",10,5,18,"",435.65,0,0,0,0,0,0,0,0,0,0,0,0,0,0,0,0,0,0,0,0,556.073,0,0,-120.423
"MtrElec",10,5,19,"",253.963,0,0,0,0,0,0,0,0,0,0,0,0,0,0,0,0,0,0,0,0,479.017,0,-223.222,-1.83129
"MtrElec",10,5,20,"",279.959,0,0,0,0,0,0,0,0,0,0,0,0,0,0,0,0,0,0,0,0,503.181,0,-223.222,0
"MtrElec",10,5,21,"",337.49,0,0,0,0,0,0,0,0,0,0,0,0,0,0,0,0,0,0,0,0,462.908,0,-125.418,0
"MtrElec",10,5,22,"",316.932,0,0,0,0,0,0,0,0,0,0,0,0,0,0,0,0,0,0,0,0,316.932,0,0,0
"MtrElec",10,5,23,"",291.669,0,0,0,0,0,0,0,0,0,0,0,0,0,0,0,0,0,0,0,0,291.669,0,0,0
"MtrElec",10,5,24,"",216.787,0,0,0,0,0,0,0,0,0,0,0,0,0,0,0,0,0,0,0,0,216.787,0,0,0
"MtrElec",10,6,1,"",185.603,0,0,0,0,0,0,0,0,0,0,0,0,0,0,0,0,0,0,0,0,185.603,0,0,0
"MtrElec",10,6,2,"",161.566,0,0,0,0,0,0,0,0,0,0,0,0,0,0,0,0,0,0,0,0,161.566,0,0,0
"MtrElec",10,6,3,"",196.858,0,0,0,0,0,0,0,0,0,0,0,0,0,0,0,0,0,0,0,0,196.858,0,0,0
"MtrElec",10,6,4,"",162.193,0,0,0,0,0,0,0,0,0,0,0,0,0,0,0,0,0,0,0,0,162.193,0,0,0
"MtrElec",10,6,5,"",161.332,0,0,0,0,0,0,0,0,0,0,0,0,0,0,0,0,0,0,0,0,161.332,0,0,0
"MtrElec",10,6,6,"",168.824,0,0,0,0,0,0,0,0,0,0,0,0,0,0,0,0,0,0,0,0,168.824,0,0,0
"MtrElec",10,6,7,"",293.049,0,0,0,0,0,0,0,0,0,0,0,0,0,0,0,0,0,0,0,0,293.049,0,0,0
"MtrElec",10,6,8,"",323.625,0,0,0,0,0,0,0,0,0,0,0,0,0,0,0,0,0,0,0,0,354.733,0,0,-31.1078
"MtrElec",10,6,9,"",253.817,0,0,0,0,0,0,0,0,0,0,0,0,0,0,0,0,0,0,0,0,384.616,0,0,-130.799
"MtrElec",10,6,10,"",164.25,0,0,0,0,0,0,0,0,0,0,0,0,0,0,0,0,0,0,0,0,467.627,0,0,-303.377
"MtrElec",10,6,11,"",126.215,0,0,0,0,0,0,0,0,0,0,0,0,0,0,0,0,0,0,0,0,524.743,0,0,-398.528
"MtrElec",10,6,12,"",0,0,0,0,0,0,0,0,0,0,0,0,0,0,0,0,0,0,0,0,0,476.345,0,43.3284,-519.673
"MtrElec",10,6,13,"",14.2213,0,0,0,0,0,0,0,0,0,0,0,0,0,0,0,0,0,0,0,0,525.401,0,0,-511.18
"MtrElec",10,6,14,"",0,0,0,0,0,0,0,0,0,0,0,0,0,0,0,0,0,0,0,0,0,446.7,0,75.5547,-522.255
"MtrElec",10,6,15,"",41.6268,0,0,0,0,0,0,0,0,0,0,0,0,0,0,0,0,0,0,0,0,524.279,0,0,-482.652
"MtrElec",10,6,16,"",156.689,0,0,0,0,0,0,0,0,0,0,0,0,0,0,0,0,0,0,0,0,529.141,0,0,-372.452
"MtrElec",10,6,17,"",323.876,0,0,0,0,0,0,0,0,0,0,0,0,0,0,0,0,0,0,0,0,548.061,0,0,-224.186
"MtrElec",10,6,18,"",440.608,0,0,0,0,0,0,0,0,0,0,0,0,0,0,0,0,0,0,0,0,507.447,0,0,-66.8391
"MtrElec",10,6,19,"",401.586,0,0,0,0,0,0,0,0,0,0,0,0,0,0,0,0,0,0,0,0,509.518,0,-107.292,-0.639659
"MtrElec",10,6,20,"",493.999,0,0,0,0,0,0,0,0,0,0,0,0,0,0,0,0,0,0,0,0,493.999,0,0,0
"MtrElec",10,6,21,"",485.466,0,0,0,0,0,0,0,0,0,0,0,0,0,0,0,0,0,0,0,0,485.466,0,0,0
"MtrElec",10,6,22,"",344.118,0,0,0,0,0,0,0,0,0,0,0,0,0,0,0,0,0,0,0,0,344.118,0,0,0
"MtrElec",10,6,23,"",269.11,0,0,0,0,0,0,0,0,0,0,0,0,0,0,0,0,0,0,0,0,269.11,0,0,0
"MtrElec",10,6,24,"",281.347,0,0,0,0,0,0,0,0,0,0,0,0,0,0,0,0,0,0,0,0,281.347,0,0,0
"MtrElec",10,7,1,"",186.586,0,0,0,0,0,0,0,0,0,0,0,0,0,0,0,0,0,0,0,0,186.586,0,0,0
"MtrElec",10,7,2,"",168.643,0,0,0,0,0,0,0,0,0,0,0,0,0,0,0,0,0,0,0,0,168.643,0,0,0
"MtrElec",10,7,3,"",160.905,0,0,0,0,0,0,0,0,0,0,0,0,0,0,0,0,0,0,0,0,160.905,0,0,0
"MtrElec",10,7,4,"",160.879,0,0,0,0,0,0,0,0,0,0,0,0,0,0,0,0,0,0,0,0,160.879,0,0,0
"MtrElec",10,7,5,"",151.29,0,0,0,0,0,0,0,0,0,0,0,0,0,0,0,0,0,0,0,0,151.29,0,0,0
"MtrElec",10,7,6,"",207.952,0,0,0,0,0,0,0,0,0,0,0,0,0,0,0,0,0,0,0,0,207.952,0,0,0
"MtrElec",10,7,7,"",281.055,0,0,0,0,0,0,0,0,0,0,0,0,0,0,0,0,0,0,0,0,281.055,0,0,0
"MtrElec",10,7,8,"",249.574,0,0,0,0,0,0,0,0,0,0,0,0,0,0,0,0,0,0,0,0,318.929,0,0,-69.3551
"MtrElec",10,7,9,"",166.15,0,0,0,0,0,0,0,0,0,0,0,0,0,0,0,0,0,0,0,0,422.744,0,0,-256.593
"MtrElec",10,7,10,"",106.323,0,0,0,0,0,0,0,0,0,0,0,0,0,0,0,0,0,0,0,0,535.426,0,0,-429.103
"MtrElec",10,7,11,"",13.9003,0,0,0,0,0,0,0,0,0,0,0,0,0,0,0,0,0,0,0,0,565.204,0,0,-551.304
"MtrElec",10,7,12,"",0,0,0,0,0,0,0,0,0,0,0,0,0,0,0,0,0,0,0,0,0,540.79,0,76.3656,-617.156
"MtrElec",10,7,13,"",0,0,0,0,0,0,0,0,0,0,0,0,0,0,0,0,0,0,0,0,0,585.479,0,56.7762,-642.255
"MtrElec",10,7,14,"",0,0,0,0,0,0,0,0,0,0,0,0,0,0,0,0,0,0,0,0,0,482.163,0,141.752,-623.915
"MtrElec",10,7,15,"",0,0,0,0,0,0,0,0,0,0,0,0,0,0,0,0,0,0,0,0,0,526.851,0,34.0073,-560.859
"MtrElec",10,7,16,"",116.964,0,0,0,0,0,0,0,0,0,0,0,0,0,0,0,0,0,0,0,0,570.974,0,0,-454.01
"MtrElec",10,7,17,"",272.136,0,0,0,0,0,0,0,0,0,0,0,0,0,0,0,0,0,0,0,0,577.709,0,0,-305.573
"MtrElec",10,7,18,"",403.377,0,0,0,0,0,0,0,0,0,0,0,0,0,0,0,0,0,0,0,0,519.822,0,0,-116.445
"MtrElec",10,7,19,"",326.386,0,0,0,0,0,0,0,0,0,0,0,0,0,0,0,0,0,0,0,0,550.562,0,-223.222,-0.953792
"MtrElec",10,7,20,"",486.358,0,0,0,0,0,0,0,0,0,0,0,0,0,0,0,0,0,0,0,0,541.919,0,-55.5612,0
"MtrElec",10,7,21,"",502.294,0,0,0,0,0,0,0,0,0,0,0,0,0,0,0,0,0,0,0,0,502.294,0,0,0
"MtrElec",10,7,22,"",307.657,0,0,0,0,0,0,0,0,0,0,0,0,0,0,0,0,0,0,0,0,307.657,0,0,0
"MtrElec",10,7,23,"",315.401,0,0,0,0,0,0,0,0,0,0,0,0,0,0,0,0,0,0,0,0,315.401,0,0,0
"MtrElec",10,7,24,"",202.057,0,0,0,0,0,0,0,0,0,0,0,0,0,0,0,0,0,0,0,0,202.057,0,0,0
"MtrElec",10,8,1,"",198.067,0,0,0,0,0,0,0,0,0,0,0,0,0,0,0,0,0,0,0,0,198.067,0,0,0
"MtrElec",10,8,2,"",180.796,0,0,0,0,0,0,0,0,0,0,0,0,0,0,0,0,0,0,0,0,180.796,0,0,0
"MtrElec",10,8,3,"",196.585,0,0,0,0,0,0,0,0,0,0,0,0,0,0,0,0,0,0,0,0,196.585,0,0,0
"MtrElec",10,8,4,"",156.797,0,0,0,0,0,0,0,0,0,0,0,0,0,0,0,0,0,0,0,0,156.797,0,0,0
"MtrElec",10,8,5,"",153.103,0,0,0,0,0,0,0,0,0,0,0,0,0,0,0,0,0,0,0,0,153.103,0,0,0
"MtrElec",10,8,6,"",162.123,0,0,0,0,0,0,0,0,0,0,0,0,0,0,0,0,0,0,0,0,162.123,0,0,0
"MtrElec",10,8,7,"",279.885,0,0,0,0,0,0,0,0,0,0,0,0,0,0,0,0,0,0,0,0,279.885,0,0,0
"MtrElec",10,8,8,"",378.36,0,0,0,0,0,0,0,0,0,0,0,0,0,0,0,0,0,0,0,0,388.36,0,0,-9.99918
"MtrElec",10,8,9,"",334.272,0,0,0,0,0,0,0,0,0,0,0,0,0,0,0,0,0,0,0,0,383.746,0,0,-49.4739
"MtrElec",10,8,10,"",324.879,0,0,0,0,0,0,0,0,0,0,0,0,0,0,0,0,0,0,0,0,418.13,0,0,-93.2513
"MtrElec",10,8,11,"",238.412,0,0,0,0,0,0,0,0,0,0,0,0,0,0,0,0,0,0,0,0,460.192,0,0,-221.78
"MtrElec",10,8,12,"",0,0,0,0,0,0,0,0,0,0,0,0,0,0,0,0,0,0,0,0,0,473.486,0,26.052,-499.538
"MtrElec",10,8,13,"",0,0,0,0,0,0,0,0,0,0,0,0,0,0,0,0,0,0,0,0,0,461.031,0,198.267,-659.298
"MtrElec",10,8,14,"",0,0,0,0,0,0,0,0,0,0,0,0,0,0,0,0,0,0,0,0,0,470.439,0,163.745,-634.184
"MtrElec",10,8,15,"",0.0000078,0,0,0,0,0,0,0,0,0,0,0,0,0,0,0,0,0,0,0,0,453.951,0,121.419,-575.37
"MtrElec",10,8,16,"",72.4796,0,0,0,0,0,0,0,0,0,0,0,0,0,0,0,0,0,0,0,0,542.472,0,0,-469.993
"MtrElec",10,8,17,"",276.265,0,0,0,0,0,0,0,0,0,0,0,0,0,0,0,0,0,0,0,0,584.841,0,0,-308.576
"MtrElec",10,8,18,"",381.932,0,0,0,0,0,0,0,0,0,0,0,0,0,0,0,0,0,0,0,0,497.732,0,0,-115.8
"MtrElec",10,8,19,"",251.007,0,0,0,0,0,0,0,0,0,0,0,0,0,0,0,0,0,0,0,0,475.26,0,-223.222,-1.03085
"MtrElec",10,8,20,"",244.022,0,0,0,0,0,0,0,0,0,0,0,0,0,0,0,0,0,0,0,0,467.245,0,-223.222,0
"MtrElec",10,8,21,"",375.511,0,0,0,0,0,0,0,0,0,0,0,0,0,0,0,0,0,0,0,0,388.875,0,-13.3637,0
"MtrElec",10,8,22,"",321.346,0,0,0,0,0,0,0,0,0,0,0,0,0,0,0,0,0,0,0,0,321.346,0,0,0
"MtrElec",10,8,23,"",285.856,0,0,0,0,0,0,0,0,0,0,0,0,0,0,0,0,0,0,0,0,285.856,0,0,0
"MtrElec",10,8,24,"",218.288,0,0,0,0,0,0,0,0,0,0,0,0,0,0,0,0,0,0,0,0,218.288,0,0,0
"MtrElec",10,9,1,"",170.929,0,0,0,0,0,0,0,0,0,0,0,0,0,0,0,0,0,0,0,0,170.929,0,0,0
"MtrElec",10,9,2,"",161.09,0,0,0,0,0,0,0,0,0,0,0,0,0,0,0,0,0,0,0,0,161.09,0,0,0
"MtrElec",10,9,3,"",155.077,0,0,0,0,0,0,0,0,0,0,0,0,0,0,0,0,0,0,0,0,155.077,0,0,0
"MtrElec",10,9,4,"",156.7,0,0,0,0,0,0,0,0,0,0,0,0,0,0,0,0,0,0,0,0,156.7,0,0,0
"MtrElec",10,9,5,"",151.331,0,0,0,0,0,0,0,0,0,0,0,0,0,0,0,0,0,0,0,0,151.331,0,0,0
"MtrElec",10,9,6,"",198.765,0,0,0,0,0,0,0,0,0,0,0,0,0,0,0,0,0,0,0,0,198.765,0,0,0
"MtrElec",10,9,7,"",279.397,0,0,0,0,0,0,0,0,0,0,0,0,0,0,0,0,0,0,0,0,279.397,0,0,0
"MtrElec",10,9,8,"",333.828,0,0,0,0,0,0,0,0,0,0,0,0,0,0,0,0,0,0,0,0,370.159,0,0,-36.3313
"MtrElec",10,9,9,"",208.093,0,0,0,0,0,0,0,0,0,0,0,0,0,0,0,0,0,0,0,0,368.685,0,0,-160.592
"MtrElec",10,9,10,"",20.1118,0,0,0,0,0,0,0,0,0,0,0,0,0,0,0,0,0,0,0,0,440.497,0,0,-420.385
"MtrElec",10,9,11,"",0.0000039,0,0,0,0,0,0,0,0,0,0,0,0,0,0,0,0,0,0,0,0,491.976,0,49.9601,-541.936
"MtrElec",10,9,12,"",0,0,0,0,0,0,0,0,0,0,0,0,0,0,0,0,0,0,0,0,0,435.594,0,189.517,-625.111
"MtrElec",10,9,13,"",3.53756,0,0,0,0,0,0,0,0,0,0,0,0,0,0,0,0,0,0,0,0,484.268,0,0,-480.73
"MtrElec",10,9,14,"",0,0,0,0,0,0,0,0,0,0,0,0,0,0,0,0,0,0,0,0,0,420.898,0,39.3384,-460.236
"MtrElec",10,9,15,"",0,0,0,0,0,0,0,0,0,0,0,0,0,0,0,0,0,0,0,0,0,487.738,0,46.353,-534.091
"MtrElec",10,9,16,"",43.4798,0,0,0,0,0,0,0,0,0,0,0,0,0,0,0,0,0,0,0,0,462.011,0,0,-418.531
"MtrElec",10,9,17,"",353.055,0,0,0,0,0,0,0,0,0,0,0,0,0,0,0,0,0,0,0,0,523.552,0,0,-170.497
"MtrElec",10,9,18,"",425.824,0,0,0,0,0,0,0,0,0,0,0,0,0,0,0,0,0,0,0,0,455.128,0,0,-29.3038
"MtrElec",10,9,19,"",250.321,0,0,0,0,0,0,0,0,0,0,0,0,0,0,0,0,0,0,0,0,473.544,0,-223.222,0
"MtrElec",10,9,20,"",439.412,0,0,0,0,0,0,0,0,0,0,0,0,0,0,0,0,0,0,0,0,509.654,0,-70.2424,0
"MtrElec",10,9,21,"",496.948,0,0,0,0,0,0,0,0,0,0,0,0,0,0,0,0,0,0,0,0,496.948,0,0,0
"MtrElec",10,9,22,"",321.284,0,0,0,0,0,0,0,0,0,0,0,0,0,0,0,0,0,0,0,0,321.284,0,0,0
"MtrElec",10,9,23,"",314.112,0,0,0,0,0,0,0,0,0,0,0,0,0,0,0,0,0,0,0,0,314.112,0,0,0
"MtrElec",10,9,24,"",225.422,0,0,0,0,0,0,0,0,0,0,0,0,0,0,0,0,0,0,0,0,225.422,0,0,0
"MtrElec",10,10,1,"",170.795,0,0,0,0,0,0,0,0,0,0,0,0,0,0,0,0,0,0,0,0,170.795,0,0,0
"MtrElec",10,10,2,"",175.168,0,0,0,0,0,0,0,0,0,0,0,0,0,0,0,0,0,0,0,0,175.168,0,0,0
"MtrElec",10,10,3,"",180.204,0,0,0,0,0,0,0,0,0,0,0,0,0,0,0,0,0,0,0,0,180.204,0,0,0
"MtrElec",10,10,4,"",158.432,0,0,0,0,0,0,0,0,0,0,0,0,0,0,0,0,0,0,0,0,158.432,0,0,0
"MtrElec",10,10,5,"",197.068,0,0,0,0,0,0,0,0,0,0,0,0,0,0,0,0,0,0,0,0,197.068,0,0,0
"MtrElec",10,10,6,"",157.88,0,0,0,0,0,0,0,0,0,0,0,0,0,0,0,0,0,0,0,0,157.88,0,0,0
"MtrElec",10,10,7,"",247.482,0,0,0,0,0,0,0,0,0,0,0,0,0,0,0,0,0,0,0,0,247.482,0,0,0
"MtrElec",10,10,8,"",186.203,0,0,0,0,0,0,0,0,0,0,0,0,0,0,0,0,0,0,0,0,252.696,0,0,-66.4934
"MtrElec",10,10,9,"",106.026,0,0,0,0,0,0,0,0,0,0,0,0,0,0,0,0,0,0,0,0,366.157,0,0,-260.13
"MtrElec",10,10,10,"",14.4986,0,0,0,0,0,0,0,0,0,0,0,0,0,0,0,0,0,0,0,0,451.713,0,0,-437.214
"MtrElec",10,10,11,"",0.0000039,0,0,0,0,0,0,0,0,0,0,0,0,0,0,0,0,0,0,0,0,515.711,0,43.7129,-559.424
"MtrElec",10,10,12,"",28.3256,0,0,0,0,0,0,0,0,0,0,0,0,0,0,0,0,0,0,0,0,492.884,0,0,-464.558
"MtrElec",10,10,13,"",157.333,0,0,0,0,0,0,0,0,0,0,0,0,0,0,0,0,0,0,0,0,504.686,0,0,-347.353
"MtrElec",10,10,14,"",0,0,0,0,0,0,0,0,0,0,0,0,0,0,0,0,0,0,0,0,0,469.241,0,189.891,-659.132
"MtrElec",10,10,15,"",0,0,0,0,0,0,0,0,0,0,0,0,0,0,0,0,0,0,0,0,0,495.276,0,96.3007,-591.576
"MtrElec",10,10,16,"",0,0,0,0,0,0,0,0,0,0,0,0,0,0,0,0,0,0,0,0,0,432.69,0,44.7323,-477.422
"MtrElec",10,10,17,"",166.062,0,0,0,0,0,0,0,0,0,0,0,0,0,0,0,0,0,0,0,0,476.362,0,0,-310.3
"MtrElec",10,10,18,"",401.845,0,0,0,0,0,0,0,0,0,0,0,0,0,0,0,0,0,0,0,0,515.233,0,0,-113.388
"MtrElec",10,10,19,"",315.912,0,0,0,0,0,0,0,0,0,0,0,0,0,0,0,0,0,0,0,0,539.466,0,-223.222,-0.332132
"MtrElec",10,10,20,"",336.382,0,0,0,0,0,0,0,0,0,0,0,0,0,0,0,0,0,0,0,0,451.269,0,-114.887,0
"MtrElec",10,10,21,"",454.04,0,0,0,0,0,0,0,0,0,0,0,0,0,0,0,0,0,0,0,0,454.04,0,0,0
"MtrElec",10,10,22,"",392.386,0,0,0,0,0,0,0,0,0,0,0,0,0,0,0,0,0,0,0,0,392.386,0,0,0
"MtrElec",10,10,23,"",228.153,0,0,0,0,0,0,0,0,0,0,0,0,0,0,0,0,0,0,0,0,228.153,0,0,0
"MtrElec",10,10,24,"",211.469,0,0,0,0,0,0,0,0,0,0,0,0,0,0,0,0,0,0,0,0,211.469,0,0,0
"MtrElec",10,11,1,"",165.732,0,0,0,0,0,0,0,0,0,0,0,0,0,0,0,0,0,0,0,0,165.732,0,0,0
"MtrElec",10,11,2,"",159.419,0,0,0,0,0,0,0,0,0,0,0,0,0,0,0,0,0,0,0,0,159.419,0,0,0
"MtrElec",10,11,3,"",159.202,0,0,0,0,0,0,0,0,0,0,0,0,0,0,0,0,0,0,0,0,159.202,0,0,0
"MtrElec",10,11,4,"",203.108,0,0,0,0,0,0,0,0,0,0,0,0,0,0,0,0,0,0,0,0,203.108,0,0,0
"MtrElec",10,11,5,"",190.202,0,0,0,0,0,0,0,0,0,0,0,0,0,0,0,0,0,0,0,0,190.202,0,0,0
"MtrElec",10,11,6,"",158.418,0,0,0,0,0,0,0,0,0,0,0,0,0,0,0,0,0,0,0,0,158.418,0,0,0
"MtrElec",10,11,7,"",165.56,0,0,0,0,0,0,0,0,0,0,0,0,0,0,0,0,0,0,0,0,165.56,0,0,0
"MtrElec",10,11,8,"",203.323,0,0,0,0,0,0,0,0,0,0,0,0,0,0,0,0,0,0,0,0,239.658,0,0,-36.335
"MtrElec",10,11,9,"",161.9,0,0,0,0,0,0,0,0,0,0,0,0,0,0,0,0,0,0,0,0,285.627,0,0,-123.727
"MtrElec",10,11,10,"",162.965,0,0,0,0,0,0,0,0,0,0,0,0,0,0,0,0,0,0,0,0,385.145,0,0,-222.18
"MtrElec",10,11,11,"",0.0000010,0,0,0,0,0,0,0,0,0,0,0,0,0,0,0,0,0,0,0,0,448.7,0,14.9949,-463.695
"MtrElec",10,11,12,"",0,0,0,0,0,0,0,0,0,0,0,0,0,0,0,0,0,0,0,0,0,395.638,0,117.227,-512.864
"MtrElec",10,11,13,"",0,0,0,0,0,0,0,0,0,0,0,0,0,0,0,0,0,0,0,0,0,407.945,0,82.1349,-490.08
"MtrElec",10,11,14,"",110.124,0,0,0,0,0,0,0,0,0,0,0,0,0,0,0,0,0,0,0,0,405.117,0,0,-294.993
"MtrElec",10,11,15,"",87.4231,0,0,0,0,0,0,0,0,0,0,0,0,0,0,0,0,0,0,0,0,378.413,0,0,-290.99
"MtrElec",10,11,16,"",195.543,0,0,0,0,0,0,0,0,0,0,0,0,0,0,0,0,0,0,0,0,311.647,0,0,-116.104
"MtrElec",10,11,17,"",346.596,0,0,0,0,0,0,0,0,0,0,0,0,0,0,0,0,0,0,0,0,349.894,0,0,-3.29857
"MtrElec",10,11,18,"",360.472,0,0,0,0,0,0,0,0,0,0,0,0,0,0,0,0,0,0,0,0,360.472,0,0,0
"MtrElec",10,11,19,"",193.361,0,0,0,0,0,0,0,0,0,0,0,0,0,0,0,0,0,0,0,0,386.817,0,-193.457,0
"MtrElec",10,11,20,"",328.831,0,0,0,0,0,0,0,0,0,0,0,0,0,0,0,0,0,0,0,0,328.831,0,0,0
"MtrElec",10,11,21,"",298.041,0,0,0,0,0,0,0,0,0,0,0,0,0,0,0,0,0,0,0,0,298.041,0,0,0
"MtrElec",10,11,22,"",292.619,0,0,0,0,0,0,0,0,0,0,0,0,0,0,0,0,0,0,0,0,292.619,0,0,0
"MtrElec",10,11,23,"",265.39,0,0,0,0,0,0,0,0,0,0,0,0,0,0,0,0,0,0,0,0,265.39,0,0,0
"MtrElec",10,11,24,"",214.862,0,0,0,0,0,0,0,0,0,0,0,0,0,0,0,0,0,0,0,0,214.862,0,0,0
"MtrElec",10,12,1,"",168.942,0,0,0,0,0,0,0,0,0,0,0,0,0,0,0,0,0,0,0,0,168.942,0,0,0
"MtrElec",10,12,2,"",162.867,0,0,0,0,0,0,0,0,0,0,0,0,0,0,0,0,0,0,0,0,162.867,0,0,0
"MtrElec",10,12,3,"",157.459,0,0,0,0,0,0,0,0,0,0,0,0,0,0,0,0,0,0,0,0,157.459,0,0,0
"MtrElec",10,12,4,"",189.754,0,0,0,0,0,0,0,0,0,0,0,0,0,0,0,0,0,0,0,0,189.754,0,0,0
"MtrElec",10,12,5,"",168.178,0,0,0,0,0,0,0,0,0,0,0,0,0,0,0,0,0,0,0,0,168.178,0,0,0
"MtrElec",10,12,6,"",156.216,0,0,0,0,0,0,0,0,0,0,0,0,0,0,0,0,0,0,0,0,156.216,0,0,0
"MtrElec",10,12,7,"",250.785,0,0,0,0,0,0,0,0,0,0,0,0,0,0,0,0,0,0,0,0,250.785,0,0,0
"MtrElec",10,12,8,"",241.221,0,0,0,0,0,0,0,0,0,0,0,0,0,0,0,0,0,0,0,0,302.805,0,0,-61.584
"MtrElec",10,12,9,"",210.353,0,0,0,0,0,0,0,0,0,0,0,0,0,0,0,0,0,0,0,0,388.94,0,0,-178.587
"MtrElec",10,12,10,"",235.953,0,0,0,0,0,0,0,0,0,0,0,0,0,0,0,0,0,0,0,0,340.101,0,0,-104.148
"MtrElec",10,12,11,"",237.024,0,0,0,0,0,0,0,0,0,0,0,0,0,0,0,0,0,0,0,0,395.692,0,0,-158.668
"MtrElec",10,12,12,"",0,0,0,0,0,0,0,0,0,0,0,0,0,0,0,0,0,0,0,0,0,387.599,0,91.4271,-479.026
"MtrElec",10,12,13,"",0,0,0,0,0,0,0,0,0,0,0,0,0,0,0,0,0,0,0,0,0,464.109,0,123.813,-587.922
"MtrElec",10,12,14,"",-59.0247,0,0,0,0,0,0,0,0,0,0,0,0,0,0,0,0,0,0,0,0,342.719,0,223.222,-624.966
"MtrElec",10,12,15,"",-17.751,0,0,0,0,0,0,0,0,0,0,0,0,0,0,0,0,0,0,0,0,314.222,0,223.222,-555.196
"MtrElec",10,12,16,"",0,0,0,0,0,0,0,0,0,0,0,0,0,0,0,0,0,0,0,0,0,364.246,0,17.6953,-381.941
"MtrElec",10,12,17,"",278.02,0,0,0,0,0,0,0,0,0,0,0,0,0,0,0,0,0,0,0,0,348.973,0,0,-70.9528
"MtrElec",10,12,18,"",343.642,0,0,0,0,0,0,0,0,0,0,0,0,0,0,0,0,0,0,0,0,399.48,0,0,-55.8374
"MtrElec",10,12,19,"",183.699,0,0,0,0,0,0,0,0,0,0,0,0,0,0,0,0,0,0,0,0,406.922,0,-223.222,0
"MtrElec",10,12,20,"",141.512,0,0,0,0,0,0,0,0,0,0,0,0,0,0,0,0,0,0,0,0,364.734,0,-223.222,0
"MtrElec",10,12,21,"",216.655,0,0,0,0,0,0,0,0,0,0,0,0,0,0,0,0,0,0,0,0,383.35,0,-166.696,0
"MtrElec",10,12,22,"",265.848,0,0,0,0,0,0,0,0,0,0,0,0,0,0,0,0,0,0,0,0,265.848,0,0,0
"MtrElec",10,12,23,"",308.008,0,0,0,0,0,0,0,0,0,0,0,0,0,0,0,0,0,0,0,0,308.008,0,0,0
"MtrElec",10,12,24,"",217.198,0,0,0,0,0,0,0,0,0,0,0,0,0,0,0,0,0,0,0,0,217.198,0,0,0
"MtrElec",10,13,1,"",233.07,0,0,0,0,0,0,0,0,0,0,0,0,0,0,0,0,0,0,0,0,233.07,0,0,0
"MtrElec",10,13,2,"",159.5,0,0,0,0,0,0,0,0,0,0,0,0,0,0,0,0,0,0,0,0,159.5,0,0,0
"MtrElec",10,13,3,"",154.852,0,0,0,0,0,0,0,0,0,0,0,0,0,0,0,0,0,0,0,0,154.852,0,0,0
"MtrElec",10,13,4,"",154.205,0,0,0,0,0,0,0,0,0,0,0,0,0,0,0,0,0,0,0,0,154.205,0,0,0
"MtrElec",10,13,5,"",152.899,0,0,0,0,0,0,0,0,0,0,0,0,0,0,0,0,0,0,0,0,152.899,0,0,0
"MtrElec",10,13,6,"",179.245,0,0,0,0,0,0,0,0,0,0,0,0,0,0,0,0,0,0,0,0,179.245,0,0,0
"MtrElec",10,13,7,"",255.577,0,0,0,0,0,0,0,0,0,0,0,0,0,0,0,0,0,0,0,0,255.577,0,0,0
"MtrElec",10,13,8,"",248.726,0,0,0,0,0,0,0,0,0,0,0,0,0,0,0,0,0,0,0,0,312.982,0,0,-64.2556
"MtrElec",10,13,9,"",121.727,0,0,0,0,0,0,0,0,0,0,0,0,0,0,0,0,0,0,0,0,370.988,0,0,-249.261
"MtrElec",10,13,10,"",3.60763,0,0,0,0,0,0,0,0,0,0,0,0,0,0,0,0,0,0,0,0,420.335,0,0,-416.727
"MtrElec",10,13,11,"",0,0,0,0,0,0,0,0,0,0,0,0,0,0,0,0,0,0,0,0,0,440.514,0,98.5782,-539.092
"MtrElec",10,13,12,"",0,0,0,0,0,0,0,0,0,0,0,0,0,0,0,0,0,0,0,0,0,414.684,0,197.691,-612.375
"MtrElec",10,13,13,"",0.0000156,0,0,0,0,0,0,0,0,0,0,0,0,0,0,0,0,0,0,0,0,473.697,0,162.104,-635.801
"MtrElec",10,13,14,"",0,0,0,0,0,0,0,0,0,0,0,0,0,0,0,0,0,0,0,0,0,384.958,0,156.21,-541.168
"MtrElec",10,13,15,"",0.0000078,0,0,0,0,0,0,0,0,0,0,0,0,0,0,0,0,0,0,0,0,415.684,0,127.227,-542.911
"MtrElec",10,13,16,"",0,0,0,0,0,0,0,0,0,0,0,0,0,0,0,0,0,0,0,0,0,422.559,0,27.4101,-449.969
"MtrElec",10,13,17,"",174.821,0,0,0,0,0,0,0,0,0,0,0,0,0,0,0,0,0,0,0,0,468.04,0,0,-293.219
"MtrElec",10,13,18,"",389.081,0,0,0,0,0,0,0,0,0,0,0,0,0,0,0,0,0,0,0,0,490.574,0,0,-101.493
"MtrElec",10,13,19,"",244.234,0,0,0,0,0,0,0,0,0,0,0,0,0,0,0,0,0,0,0,0,467.456,0,-223.222,0
"MtrElec",10,13,20,"",234.322,0,0,0,0,0,0,0,0,0,0,0,0,0,0,0,0,0,0,0,0,457.544,0,-223.222,0
"MtrElec",10,13,21,"",191.322,0,0,0,0,0,0,0,0,0,0,0,0,0,0,0,0,0,0,0,0,414.544,0,-223.222,0
"MtrElec",10,13,22,"",289.073,0,0,0,0,0,0,0,0,0,0,0,0,0,0,0,0,0,0,0,0,313.628,0,-24.5549,0
"MtrElec",10,13,23,"",274.621,0,0,0,0,0,0,0,0,0,0,0,0,0,0,0,0,0,0,0,0,274.621,0,0,0
"MtrElec",10,13,24,"",213.154,0,0,0,0,0,0,0,0,0,0,0,0,0,0,0,0,0,0,0,0,213.154,0,0,0
"MtrElec",10,14,1,"",163.243,0,0,0,0,0,0,0,0,0,0,0,0,0,0,0,0,0,0,0,0,163.243,0,0,0
"MtrElec",10,14,2,"",162.343,0,0,0,0,0,0,0,0,0,0,0,0,0,0,0,0,0,0,0,0,162.343,0,0,0
"MtrElec",10,14,3,"",158.122,0,0,0,0,0,0,0,0,0,0,0,0,0,0,0,0,0,0,0,0,158.122,0,0,0
"MtrElec",10,14,4,"",155.742,0,0,0,0,0,0,0,0,0,0,0,0,0,0,0,0,0,0,0,0,155.742,0,0,0
"MtrElec",10,14,5,"",151.675,0,0,0,0,0,0,0,0,0,0,0,0,0,0,0,0,0,0,0,0,151.675,0,0,0
"MtrElec",10,14,6,"",194.837,0,0,0,0,0,0,0,0,0,0,0,0,0,0,0,0,0,0,0,0,194.837,0,0,0
"MtrElec",10,14,7,"",262.574,0,0,0,0,0,0,0,0,0,0,0,0,0,0,0,0,0,0,0,0,262.574,0,0,0
"MtrElec",10,14,8,"",229.207,0,0,0,0,0,0,0,0,0,0,0,0,0,0,0,0,0,0,0,0,292.885,0,0,-63.678
"MtrElec",10,14,9,"",120.555,0,0,0,0,0,0,0,0,0,0,0,0,0,0,0,0,0,0,0,0,373.339,0,0,-252.784
"MtrElec",10,14,10,"",90.6099,0,0,0,0,0,0,0,0,0,0,0,0,0,0,0,0,0,0,0,0,508.535,0,0,-417.925
"MtrElec",10,14,11,"",0,0,0,0,0,0,0,0,0,0,0,0,0,0,0,0,0,0,0,0,0,524.023,0,8.3365,-532.359
"MtrElec",10,14,12,"",0,0,0,0,0,0,0,0,0,0,0,0,0,0,0,0,0,0,0,0,0,510.5,0,95.0157,-605.516
"MtrElec",10,14,13,"",0.0000078,0,0,0,0,0,0,0,0,0,0,0,0,0,0,0,0,0,0,0,0,540.749,0,86.7284,-627.477
"MtrElec",10,14,14,"",0.0000078,0,0,0,0,0,0,0,0,0,0,0,0,0,0,0,0,0,0,0,0,481.34,0,124.317,-605.658
"MtrElec",10,14,15,"",0,0,0,0,0,0,0,0,0,0,0,0,0,0,0,0,0,0,0,0,0,527.049,0,25.3298,-552.379
"MtrElec",10,14,16,"",49.9076,0,0,0,0,0,0,0,0,0,0,0,0,0,0,0,0,0,0,0,0,500.001,0,0,-450.094
"MtrElec",10,14,17,"",273.545,0,0,0,0,0,0,0,0,0,0,0,0,0,0,0,0,0,0,0,0,564.74,0,0,-291.195
"MtrElec",10,14,18,"",429.157,0,0,0,0,0,0,0,0,0,0,0,0,0,0,0,0,0,0,0,0,527.312,0,0,-98.1551
"MtrElec",10,14,19,"",313.801,0,0,0,0,0,0,0,0,0,0,0,0,0,0,0,0,0,0,0,0,537.023,0,-223.222,0
"MtrElec",10,14,20,"",464.331,0,0,0,0,0,0,0,0,0,0,0,0,0,0,0,0,0,0,0,0,547.713,0,-83.3818,0
"MtrElec",10,14,21,"",541.79,0,0,0,0,0,0,0,0,0,0,0,0,0,0,0,0,0,0,0,0,541.79,0,0,0
"MtrElec",10,14,22,"",323.472,0,0,0,0,0,0,0,0,0,0,0,0,0,0,0,0,0,0,0,0,323.472,0,0,0
"MtrElec",10,14,23,"",306.749,0,0,0,0,0,0,0,0,0,0,0,0,0,0,0,0,0,0,0,0,306.749,0,0,0
"MtrElec",10,14,24,"",221.824,0,0,0,0,0,0,0,0,0,0,0,0,0,0,0,0,0,0,0,0,221.824,0,0,0
"MtrElec",10,15,1,"",190.931,0,0,0,0,0,0,0,0,0,0,0,0,0,0,0,0,0,0,0,0,190.931,0,0,0
"MtrElec",10,15,2,"",208.849,0,0,0,0,0,0,0,0,0,0,0,0,0,0,0,0,0,0,0,0,208.849,0,0,0
"MtrElec",10,15,3,"",160.776,0,0,0,0,0,0,0,0,0,0,0,0,0,0,0,0,0,0,0,0,160.776,0,0,0
"MtrElec",10,15,4,"",159.622,0,0,0,0,0,0,0,0,0,0,0,0,0,0,0,0,0,0,0,0,159.622,0,0,0
"MtrElec",10,15,5,"",155.387,0,0,0,0,0,0,0,0,0,0,0,0,0,0,0,0,0,0,0,0,155.387,0,0,0
"MtrElec",10,15,6,"",188.858,0,0,0,0,0,0,0,0,0,0,0,0,0,0,0,0,0,0,0,0,188.858,0,0,0
"MtrElec",10,15,7,"",265.887,0,0,0,0,0,0,0,0,0,0,0,0,0,0,0,0,0,0,0,0,265.887,0,0,0
"MtrElec",10,15,8,"",316.186,0,0,0,0,0,0,0,0,0,0,0,0,0,0,0,0,0,0,0,0,379.239,0,0,-63.0532
"MtrElec",10,15,9,"",181.106,0,0,0,0,0,0,0,0,0,0,0,0,0,0,0,0,0,0,0,0,426.012,0,0,-244.906
"MtrElec",10,15,10,"",127.063,0,0,0,0,0,0,0,0,0,0,0,0,0,0,0,0,0,0,0,0,535.941,0,0,-408.878
"MtrElec",10,15,11,"",135.01,0,0,0,0,0,0,0,0,0,0,0,0,0,0,0,0,0,0,0,0,597.606,0,0,-462.595
"MtrElec",10,15,12,"",0,0,0,0,0,0,0,0,0,0,0,0,0,0,0,0,0,0,0,0,0,530.482,0,57.3436,-587.826
"MtrElec",10,15,13,"",0,0,0,0,0,0,0,0,0,0,0,0,0,0,0,0,0,0,0,0,0,576.979,0,54.1032,-631.082
"MtrElec",10,15,14,"",0,0,0,0,0,0,0,0,0,0,0,0,0,0,0,0,0,0,0,0,0,528.523,0,99.4098,-627.933
"MtrElec",10,15,15,"",0.0000010,0,0,0,0,0,0,0,0,0,0,0,0,0,0,0,0,0,0,0,0,554.722,0,13.5041,-568.226
"MtrElec",10,15,16,"",82.1058,0,0,0,0,0,0,0,0,0,0,0,0,0,0,0,0,0,0,0,0,533.945,0,0,-451.839
"MtrElec",10,15,17,"",307.604,0,0,0,0,0,0,0,0,0,0,0,0,0,0,0,0,0,0,0,0,597.609,0,0,-290.005
"MtrElec",10,15,18,"",438.389,0,0,0,0,0,0,0,0,0,0,0,0,0,0,0,0,0,0,0,0,534.839,0,0,-96.4506
"MtrElec",10,15,19,"",322.882,0,0,0,0,0,0,0,0,0,0,0,0,0,0,0,0,0,0,0,0,525.367,0,-202.485,0
"MtrElec",10,15,20,"",509.818,0,0,0,0,0,0,0,0,0,0,0,0,0,0,0,0,0,0,0,0,509.818,0,0,0
"MtrElec",10,15,21,"",508.272,0,0,0,0,0,0,0,0,0,0,0,0,0,0,0,0,0,0,0,0,508.272,0,0,0
"MtrElec",10,15,22,"",348.612,0,0,0,0,0,0,0,0,0,0,0,0,0,0,0,0,0,0,0,0,348.612,0,0,0
"MtrElec",10,15,23,"",294.444,0,0,0,0,0,0,0,0,0,0,0,0,0,0,0,0,0,0,0,0,294.444,0,0,0
"MtrElec",10,15,24,"",221.267,0,0,0,0,0,0,0,0,0,0,0,0,0,0,0,0,0,0,0,0,221.267,0,0,0
"MtrElec",10,16,1,"",183.575,0,0,0,0,0,0,0,0,0,0,0,0,0,0,0,0,0,0,0,0,183.575,0,0,0
"MtrElec",10,16,2,"",204.42,0,0,0,0,0,0,0,0,0,0,0,0,0,0,0,0,0,0,0,0,204.42,0,0,0
"MtrElec",10,16,3,"",156.07,0,0,0,0,0,0,0,0,0,0,0,0,0,0,0,0,0,0,0,0,156.07,0,0,0
"MtrElec",10,16,4,"",156.536,0,0,0,0,0,0,0,0,0,0,0,0,0,0,0,0,0,0,0,0,156.536,0,0,0
"MtrElec",10,16,5,"",153.258,0,0,0,0,0,0,0,0,0,0,0,0,0,0,0,0,0,0,0,0,153.258,0,0,0
"MtrElec",10,16,6,"",174.666,0,0,0,0,0,0,0,0,0,0,0,0,0,0,0,0,0,0,0,0,174.666,0,0,0
"MtrElec",10,16,7,"",291.622,0,0,0,0,0,0,0,0,0,0,0,0,0,0,0,0,0,0,0,0,291.622,0,0,0
"MtrElec",10,16,8,"",287.457,0,0,0,0,0,0,0,0,0,0,0,0,0,0,0,0,0,0,0,0,352.826,0,0,-65.3688
"MtrElec",10,16,9,"",136.468,0,0,0,0,0,0,0,0,0,0,0,0,0,0,0,0,0,0,0,0,388.346,0,0,-251.878
"MtrElec",10,16,10,"",78.5894,0,0,0,0,0,0,0,0,0,0,0,0,0,0,0,0,0,0,0,0,498.705,0,0,-420.115
"MtrElec",10,16,11,"",0,0,0,0,0,0,0,0,0,0,0,0,0,0,0,0,0,0,0,0,0,512.773,0,21.3601,-534.133
"MtrElec",10,16,12,"",0,0,0,0,0,0,0,0,0,0,0,0,0,0,0,0,0,0,0,0,0,538.064,0,61.991,-600.055
"MtrElec",10,16,13,"",0,0,0,0,0,0,0,0,0,0,0,0,0,0,0,0,0,0,0,0,0,596.633,0,23.398,-620.031
"MtrElec",10,16,14,"",0.0000078,0,0,0,0,0,0,0,0,0,0,0,0,0,0,0,0,0,0,0,0,529.011,0,84.3944,-613.406
"MtrElec",10,16,15,"",0,0,0,0,0,0,0,0,0,0,0,0,0,0,0,0,0,0,0,0,0,543.922,0,18.4586,-562.381
"MtrElec",10,16,16,"",68.9785,0,0,0,0,0,0,0,0,0,0,0,0,0,0,0,0,0,0,0,0,515.953,0,0,-446.975
"MtrElec",10,16,17,"",293.38,0,0,0,0,0,0,0,0,0,0,0,0,0,0,0,0,0,0,0,0,576.863,0,0,-283.483
"MtrElec",10,16,18,"",475.384,0,0,0,0,0,0,0,0,0,0,0,0,0,0,0,0,0,0,0,0,567.244,0,0,-91.8604
"MtrElec",10,16,19,"",289.943,0,0,0,0,0,0,0,0,0,0,0,0,0,0,0,0,0,0,0,0,479.109,0,-189.166,0
"MtrElec",10,16,20,"",546.072,0,0,0,0,0,0,0,0,0,0,0,0,0,0,0,0,0,0,0,0,546.072,0,0,0
"MtrElec",10,16,21,"",450.911,0,0,0,0,0,0,0,0,0,0,0,0,0,0,0,0,0,0,0,0,450.911,0,0,0
"MtrElec",10,16,22,"",340.746,0,0,0,0,0,0,0,0,0,0,0,0,0,0,0,0,0,0,0,0,340.746,0,0,0
"MtrElec",10,16,23,"",330.983,0,0,0,0,0,0,0,0,0,0,0,0,0,0,0,0,0,0,0,0,330.983,0,0,0
"MtrElec",10,16,24,"",256.788,0,0,0,0,0,0,0,0,0,0,0,0,0,0,0,0,0,0,0,0,256.788,0,0,0
"MtrElec",10,17,1,"",196.053,0,0,0,0,0,0,0,0,0,0,0,0,0,0,0,0,0,0,0,0,196.053,0,0,0
"MtrElec",10,17,2,"",176.051,0,0,0,0,0,0,0,0,0,0,0,0,0,0,0,0,0,0,0,0,176.051,0,0,0
"MtrElec",10,17,3,"",201.469,0,0,0,0,0,0,0,0,0,0,0,0,0,0,0,0,0,0,0,0,201.469,0,0,0
"MtrElec",10,17,4,"",160.152,0,0,0,0,0,0,0,0,0,0,0,0,0,0,0,0,0,0,0,0,160.152,0,0,0
"MtrElec",10,17,5,"",162.109,0,0,0,0,0,0,0,0,0,0,0,0,0,0,0,0,0,0,0,0,162.109,0,0,0
"MtrElec",10,17,6,"",157.092,0,0,0,0,0,0,0,0,0,0,0,0,0,0,0,0,0,0,0,0,157.092,0,0,0
"MtrElec",10,17,7,"",254.777,0,0,0,0,0,0,0,0,0,0,0,0,0,0,0,0,0,0,0,0,254.777,0,0,0
"MtrElec",10,17,8,"",185.492,0,0,0,0,0,0,0,0,0,0,0,0,0,0,0,0,0,0,0,0,250.389,0,0,-64.8976
"MtrElec",10,17,9,"",129.256,0,0,0,0,0,0,0,0,0,0,0,0,0,0,0,0,0,0,0,0,378.147,0,0,-248.891
"MtrElec",10,17,10,"",76.3462,0,0,0,0,0,0,0,0,0,0,0,0,0,0,0,0,0,0,0,0,489.376,0,0,-413.03
"MtrElec",10,17,11,"",57.4716,0,0,0,0,0,0,0,0,0,0,0,0,0,0,0,0,0,0,0,0,581.053,0,0,-523.582
"MtrElec",10,17,12,"",107.098,0,0,0,0,0,0,0,0,0,0,0,0,0,0,0,0,0,0,0,0,696.708,0,0,-589.61
"MtrElec",10,17,13,"",32.5571,0,0,0,0,0,0,0,0,0,0,0,0,0,0,0,0,0,0,0,0,643.485,0,0,-610.928
"MtrElec",10,17,14,"",55.3462,0,0,0,0,0,0,0,0,0,0,0,0,0,0,0,0,0,0,0,0,646.338,0,0,-590.992
"MtrElec",10,17,15,"",123.775,0,0,0,0,0,0,0,0,0,0,0,0,0,0,0,0,0,0,0,0,661.75,0,0,-537.976
"MtrElec",10,17,16,"",177.072,0,0,0,0,0,0,0,0,0,0,0,0,0,0,0,0,0,0,0,0,605.631,0,0,-428.559
"MtrElec",10,17,17,"",376.925,0,0,0,0,0,0,0,0,0,0,0,0,0,0,0,0,0,0,0,0,645.809,0,0,-268.884
"MtrElec",10,17,18,"",548.291,0,0,0,0,0,0,0,0,0,0,0,0,0,0,0,0,0,0,0,0,635.665,0,0,-87.3734
"MtrElec",10,17,19,"",653.612,0,0,0,0,0,0,0,0,0,0,0,0,0,0,0,0,0,0,0,0,653.612,0,0,0
"MtrElec",10,17,20,"",536.491,0,0,0,0,0,0,0,0,0,0,0,0,0,0,0,0,0,0,0,0,536.491,0,0,0
"MtrElec",10,17,21,"",493.337,0,0,0,0,0,0,0,0,0,0,0,0,0,0,0,0,0,0,0,0,493.337,0,0,0
"MtrElec",10,17,22,"",464.164,0,0,0,0,0,0,0,0,0,0,0,0,0,0,0,0,0,0,0,0,464.164,0,0,0
"MtrElec",10,17,23,"",309.266,0,0,0,0,0,0,0,0,0,0,0,0,0,0,0,0,0,0,0,0,309.266,0,0,0
"MtrElec",10,17,24,"",260.888,0,0,0,0,0,0,0,0,0,0,0,0,0,0,0,0,0,0,0,0,260.888,0,0,0
"MtrElec",10,18,1,"",192.674,0,0,0,0,0,0,0,0,0,0,0,0,0,0,0,0,0,0,0,0,192.674,0,0,0
"MtrElec",10,18,2,"",175.933,0,0,0,0,0,0,0,0,0,0,0,0,0,0,0,0,0,0,0,0,175.933,0,0,0
"MtrElec",10,18,3,"",174.789,0,0,0,0,0,0,0,0,0,0,0,0,0,0,0,0,0,0,0,0,174.789,0,0,0
"MtrElec",10,18,4,"",211.393,0,0,0,0,0,0,0,0,0,0,0,0,0,0,0,0,0,0,0,0,211.393,0,0,0
"MtrElec",10,18,5,"",184.148,0,0,0,0,0,0,0,0,0,0,0,0,0,0,0,0,0,0,0,0,184.148,0,0,0
"MtrElec",10,18,6,"",182.541,0,0,0,0,0,0,0,0,0,0,0,0,0,0,0,0,0,0,0,0,182.541,0,0,0
"MtrElec",10,18,7,"",200.315,0,0,0,0,0,0,0,0,0,0,0,0,0,0,0,0,0,0,0,0,200.315,0,0,0
"MtrElec",10,18,8,"",257.684,0,0,0,0,0,0,0,0,0,0,0,0,0,0,0,0,0,0,0,0,257.684,0,0,0
"MtrElec",10,18,9,"",347.447,0,0,0,0,0,0,0,0,0,0,0,0,0,0,0,0,0,0,0,0,359.295,0,0,-11.8478
"MtrElec",10,18,10,"",248.256,0,0,0,0,0,0,0,0,0,0,0,0,0,0,0,0,0,0,0,0,440.354,0,0,-192.098
"MtrElec",10,18,11,"",315.872,0,0,0,0,0,0,0,0,0,0,0,0,0,0,0,0,0,0,0,0,470.742,0,0,-154.871
"MtrElec",10,18,12,"",211.195,0,0,0,0,0,0,0,0,0,0,0,0,0,0,0,0,0,0,0,0,478.966,0,0,-267.77
"MtrElec",10,18,13,"",124.24,0,0,0,0,0,0,0,0,0,0,0,0,0,0,0,0,0,0,0,0,499.885,0,0,-375.645
"MtrElec",10,18,14,"",38.873,0,0,0,0,0,0,0,0,0,0,0,0,0,0,0,0,0,0,0,0,479.972,0,0,-441.099
"MtrElec",10,18,15,"",0,0,0,0,0,0,0,0,0,0,0,0,0,0,0,0,0,0,0,0,0,508.218,0,18.5224,-526.74
"MtrElec",10,18,16,"",80.3816,0,0,0,0,0,0,0,0,0,0,0,0,0,0,0,0,0,0,0,0,492.658,0,0,-412.277
"MtrElec",10,18,17,"",254.809,0,0,0,0,0,0,0,0,0,0,0,0,0,0,0,0,0,0,0,0,463.137,0,0,-208.327
"MtrElec",10,18,18,"",424.509,0,0,0,0,0,0,0,0,0,0,0,0,0,0,0,0,0,0,0,0,497.695,0,0,-73.1856
"MtrElec",10,18,19,"",508.337,0,0,0,0,0,0,0,0,0,0,0,0,0,0,0,0,0,0,0,0,525.053,0,-16.7165,0
"MtrElec",10,18,20,"",431.984,0,0,0,0,0,0,0,0,0,0,0,0,0,0,0,0,0,0,0,0,431.984,0,0,0
"MtrElec",10,18,21,"",400.063,0,0,0,0,0,0,0,0,0,0,0,0,0,0,0,0,0,0,0,0,400.063,0,0,0
"MtrElec",10,18,22,"",410.293,0,0,0,0,0,0,0,0,0,0,0,0,0,0,0,0,0,0,0,0,410.293,0,0,0
"MtrElec",10,18,23,"",276.724,0,0,0,0,0,0,0,0,0,0,0,0,0,0,0,0,0,0,0,0,276.724,0,0,0
"MtrElec",10,18,24,"",220.645,0,0,0,0,0,0,0,0,0,0,0,0,0,0,0,0,0,0,0,0,220.645,0,0,0
"MtrElec",10,19,1,"",193.762,0,0,0,0,0,0,0,0,0,0,0,0,0,0,0,0,0,0,0,0,193.762,0,0,0
"MtrElec",10,19,2,"",167.694,0,0,0,0,0,0,0,0,0,0,0,0,0,0,0,0,0,0,0,0,167.694,0,0,0
"MtrElec",10,19,3,"",161.978,0,0,0,0,0,0,0,0,0,0,0,0,0,0,0,0,0,0,0,0,161.978,0,0,0
"MtrElec",10,19,4,"",160.592,0,0,0,0,0,0,0,0,0,0,0,0,0,0,0,0,0,0,0,0,160.592,0,0,0
"MtrElec",10,19,5,"",154.895,0,0,0,0,0,0,0,0,0,0,0,0,0,0,0,0,0,0,0,0,154.895,0,0,0
"MtrElec",10,19,6,"",199.084,0,0,0,0,0,0,0,0,0,0,0,0,0,0,0,0,0,0,0,0,199.084,0,0,0
"MtrElec",10,19,7,"",289.618,0,0,0,0,0,0,0,0,0,0,0,0,0,0,0,0,0,0,0,0,289.618,0,0,0
"MtrElec",10,19,8,"",345.031,0,0,0,0,0,0,0,0,0,0,0,0,0,0,0,0,0,0,0,0,402.018,0,0,-56.9872
"MtrElec",10,19,9,"",229.31,0,0,0,0,0,0,0,0,0,0,0,0,0,0,0,0,0,0,0,0,462.785,0,0,-233.475
"MtrElec",10,19,10,"",139.436,0,0,0,0,0,0,0,0,0,0,0,0,0,0,0,0,0,0,0,0,543.346,0,0,-403.91
"MtrElec",10,19,11,"",23.3223,0,0,0,0,0,0,0,0,0,0,0,0,0,0,0,0,0,0,0,0,549.917,0,0,-526.595
"MtrElec",10,19,12,"",0,0,0,0,0,0,0,0,0,0,0,0,0,0,0,0,0,0,0,0,0,535.433,0,66.6161,-602.049
"MtrElec",10,19,13,"",0.0000039,0,0,0,0,0,0,0,0,0,0,0,0,0,0,0,0,0,0,0,0,563.433,0,64.5829,-628.016
"MtrElec",10,19,14,"",0.0000078,0,0,0,0,0,0,0,0,0,0,0,0,0,0,0,0,0,0,0,0,493.112,0,129.179,-622.292
"MtrElec",10,19,15,"",0,0,0,0,0,0,0,0,0,0,0,0,0,0,0,0,0,0,0,0,0,467.037,0,96.01,-563.047
"MtrElec",10,19,16,"",108.162,0,0,0,0,0,0,0,0,0,0,0,0,0,0,0,0,0,0,0,0,506.068,0,0,-397.906
"MtrElec",10,19,17,"",421.168,0,0,0,0,0,0,0,0,0,0,0,0,0,0,0,0,0,0,0,0,521.832,0,0,-100.664
"MtrElec",10,19,18,"",514.027,0,0,0,0,0,0,0,0,0,0,0,0,0,0,0,0,0,0,0,0,535.505,0,0,-21.4772
"MtrElec",10,19,19,"",267.211,0,0,0,0,0,0,0,0,0,0,0,0,0,0,0,0,0,0,0,0,490.434,0,-223.222,0
"MtrElec",10,19,20,"",406.981,0,0,0,0,0,0,0,0,0,0,0,0,0,0,0,0,0,0,0,0,505.399,0,-98.418,0
"MtrElec",10,19,21,"",489.816,0,0,0,0,0,0,0,0,0,0,0,0,0,0,0,0,0,0,0,0,489.816,0,0,0
"MtrElec",10,19,22,"",348.39,0,0,0,0,0,0,0,0,0,0,0,0,0,0,0,0,0,0,0,0,348.39,0,0,0
"MtrElec",10,19,23,"",271.905,0,0,0,0,0,0,0,0,0,0,0,0,0,0,0,0,0,0,0,0,271.905,0,0,0
"MtrElec",10,19,24,"",259.754,0,0,0,0,0,0,0,0,0,0,0,0,0,0,0,0,0,0,0,0,259.754,0,0,0
"MtrElec",10,20,1,"",183.362,0,0,0,0,0,0,0,0,0,0,0,0,0,0,0,0,0,0,0,0,183.362,0,0,0
"MtrElec",10,20,2,"",166.485,0,0,0,0,0,0,0,0,0,0,0,0,0,0,0,0,0,0,0,0,166.485,0,0,0
"MtrElec",10,20,3,"",164.772,0,0,0,0,0,0,0,0,0,0,0,0,0,0,0,0,0,0,0,0,164.772,0,0,0
"MtrElec",10,20,4,"",161.201,0,0,0,0,0,0,0,0,0,0,0,0,0,0,0,0,0,0,0,0,161.201,0,0,0
"MtrElec",10,20,5,"",157.631,0,0,0,0,0,0,0,0,0,0,0,0,0,0,0,0,0,0,0,0,157.631,0,0,0
"MtrElec",10,20,6,"",198.062,0,0,0,0,0,0,0,0,0,0,0,0,0,0,0,0,0,0,0,0,198.062,0,0,0
"MtrElec",10,20,7,"",312.684,0,0,0,0,0,0,0,0,0,0,0,0,0,0,0,0,0,0,0,0,312.684,0,0,0
"MtrElec",10,20,8,"",345.09,0,0,0,0,0,0,0,0,0,0,0,0,0,0,0,0,0,0,0,0,345.09,0,0,0
"MtrElec",10,20,9,"",389.769,0,0,0,0,0,0,0,0,0,0,0,0,0,0,0,0,0,0,0,0,401.861,0,0,-12.0921
"MtrElec",10,20,10,"",418.842,0,0,0,0,0,0,0,0,0,0,0,0,0,0,0,0,0,0,0,0,452.88,0,0,-34.0377
"MtrElec",10,20,11,"",424.55,0,0,0,0,0,0,0,0,0,0,0,0,0,0,0,0,0,0,0,0,511.848,0,0,-87.2979
"MtrElec",10,20,12,"",297.371,0,0,0,0,0,0,0,0,0,0,0,0,0,0,0,0,0,0,0,0,466.702,0,0,-169.331
"MtrElec",10,20,13,"",162.652,0,0,0,0,0,0,0,0,0,0,0,0,0,0,0,0,0,0,0,0,471.138,0,0,-308.486
"MtrElec",10,20,14,"",115.09,0,0,0,0,0,0,0,0,0,0,0,0,0,0,0,0,0,0,0,0,400.739,0,0,-285.648
"MtrElec",10,20,15,"",229.596,0,0,0,0,0,0,0,0,0,0,0,0,0,0,0,0,0,0,0,0,443.643,0,0,-214.047
"MtrElec",10,20,16,"",346.608,0,0,0,0,0,0,0,0,0,0,0,0,0,0,0,0,0,0,0,0,419.529,0,0,-72.9218
"MtrElec",10,20,17,"",460.582,0,0,0,0,0,0,0,0,0,0,0,0,0,0,0,0,0,0,0,0,485.595,0,0,-25.0131
"MtrElec",10,20,18,"",482.673,0,0,0,0,0,0,0,0,0,0,0,0,0,0,0,0,0,0,0,0,493.218,0,0,-10.5454
"MtrElec",10,20,19,"",486.445,0,0,0,0,0,0,0,0,0,0,0,0,0,0,0,0,0,0,0,0,486.445,0,0,0
"MtrElec",10,20,20,"",494.003,0,0,0,0,0,0,0,0,0,0,0,0,0,0,0,0,0,0,0,0,494.003,0,0,0
"MtrElec",10,20,21,"",437.399,0,0,0,0,0,0,0,0,0,0,0,0,0,0,0,0,0,0,0,0,437.399,0,0,0
"MtrElec",10,20,22,"",328.27,0,0,0,0,0,0,0,0,0,0,0,0,0,0,0,0,0,0,0,0,328.27,0,0,0
"MtrElec",10,20,23,"",302.757,0,0,0,0,0,0,0,0,0,0,0,0,0,0,0,0,0,0,0,0,302.757,0,0,0
"MtrElec",10,20,24,"",201.821,0,0,0,0,0,0,0,0,0,0,0,0,0,0,0,0,0,0,0,0,201.821,0,0,0
"MtrElec",10,21,1,"",173.442,0,0,0,0,0,0,0,0,0,0,0,0,0,0,0,0,0,0,0,0,173.442,0,0,0
"MtrElec",10,21,2,"",200.044,0,0,0,0,0,0,0,0,0,0,0,0,0,0,0,0,0,0,0,0,200.044,0,0,0
"MtrElec",10,21,3,"",157.489,0,0,0,0,0,0,0,0,0,0,0,0,0,0,0,0,0,0,0,0,157.489,0,0,0
"MtrElec",10,21,4,"",158.636,0,0,0,0,0,0,0,0,0,0,0,0,0,0,0,0,0,0,0,0,158.636,0,0,0
"MtrElec",10,21,5,"",153.212,0,0,0,0,0,0,0,0,0,0,0,0,0,0,0,0,0,0,0,0,153.212,0,0,0
"MtrElec",10,21,6,"",175.171,0,0,0,0,0,0,0,0,0,0,0,0,0,0,0,0,0,0,0,0,175.171,0,0,0
"MtrElec",10,21,7,"",292.281,0,0,0,0,0,0,0,0,0,0,0,0,0,0,0,0,0,0,0,0,292.281,0,0,0
"MtrElec",10,21,8,"",377.739,0,0,0,0,0,0,0,0,0,0,0,0,0,0,0,0,0,0,0,0,381.825,0,0,-4.08615
"MtrElec",10,21,9,"",364.558,0,0,0,0,0,0,0,0,0,0,0,0,0,0,0,0,0,0,0,0,406.983,0,0,-42.4253
"MtrElec",10,21,10,"",363.84,0,0,0,0,0,0,0,0,0,0,0,0,0,0,0,0,0,0,0,0,496.654,0,0,-132.814
"MtrElec",10,21,11,"",197.514,0,0,0,0,0,0,0,0,0,0,0,0,0,0,0,0,0,0,0,0,477.123,0,0,-279.609
"MtrElec",10,21,12,"",101.697,0,0,0,0,0,0,0,0,0,0,0,0,0,0,0,0,0,0,0,0,498.79,0,0,-397.094
"MtrElec",10,21,13,"",75.6263,0,0,0,0,0,0,0,0,0,0,0,0,0,0,0,0,0,0,0,0,551.821,0,0,-476.195
"MtrElec",10,21,14,"",0,0,0,0,0,0,0,0,0,0,0,0,0,0,0,0,0,0,0,0,0,428.729,0,114.035,-542.764
"MtrElec",10,21,15,"",225.372,0,0,0,0,0,0,0,0,0,0,0,0,0,0,0,0,0,0,0,0,443.442,0,0,-218.07
"MtrElec",10,21,16,"",101.012,0,0,0,0,0,0,0,0,0,0,0,0,0,0,0,0,0,0,0,0,473.858,0,0,-372.845
"MtrElec",10,21,17,"",203.953,0,0,0,0,0,0,0,0,0,0,0,0,0,0,0,0,0,0,0,0,465.464,0,0,-261.511
"MtrElec",10,21,18,"",433.266,0,0,0,0,0,0,0,0,0,0,0,0,0,0,0,0,0,0,0,0,503.495,0,0,-70.2294
"MtrElec",10,21,19,"",368.095,0,0,0,0,0,0,0,0,0,0,0,0,0,0,0,0,0,0,0,0,471.012,0,-102.917,0
"MtrElec",10,21,20,"",480.228,0,0,0,0,0,0,0,0,0,0,0,0,0,0,0,0,0,0,0,0,480.228,0,0,0
"MtrElec",10,21,21,"",491.239,0,0,0,0,0,0,0,0,0,0,0,0,0,0,0,0,0,0,0,0,491.239,0,0,0
"MtrElec",10,21,22,"",306.249,0,0,0,0,0,0,0,0,0,0,0,0,0,0,0,0,0,0,0,0,306.249,0,0,0
"MtrElec",10,21,23,"",294.251,0,0,0,0,0,0,0,0,0,0,0,0,0,0,0,0,0,0,0,0,294.251,0,0,0
"MtrElec",10,21,24,"",225.671,0,0,0,0,0,0,0,0,0,0,0,0,0,0,0,0,0,0,0,0,225.671,0,0,0
"MtrElec",10,22,1,"",212.012,0,0,0,0,0,0,0,0,0,0,0,0,0,0,0,0,0,0,0,0,212.012,0,0,0
"MtrElec",10,22,2,"",161.047,0,0,0,0,0,0,0,0,0,0,0,0,0,0,0,0,0,0,0,0,161.047,0,0,0
"MtrElec",10,22,3,"",154.234,0,0,0,0,0,0,0,0,0,0,0,0,0,0,0,0,0,0,0,0,154.234,0,0,0
"MtrElec",10,22,4,"",162.92,0,0,0,0,0,0,0,0,0,0,0,0,0,0,0,0,0,0,0,0,162.92,0,0,0
"MtrElec",10,22,5,"",155.074,0,0,0,0,0,0,0,0,0,0,0,0,0,0,0,0,0,0,0,0,155.074,0,0,0
"MtrElec",10,22,6,"",178.75,0,0,0,0,0,0,0,0,0,0,0,0,0,0,0,0,0,0,0,0,178.75,0,0,0
"MtrElec",10,22,7,"",303.895,0,0,0,0,0,0,0,0,0,0,0,0,0,0,0,0,0,0,0,0,303.895,0,0,0
"MtrElec",10,22,8,"",316.384,0,0,0,0,0,0,0,0,0,0,0,0,0,0,0,0,0,0,0,0,325.982,0,0,-9.59805
"MtrElec",10,22,9,"",242.605,0,0,0,0,0,0,0,0,0,0,0,0,0,0,0,0,0,0,0,0,355.589,0,0,-112.985
"MtrElec",10,22,10,"",278.306,0,0,0,0,0,0,0,0,0,0,0,0,0,0,0,0,0,0,0,0,435.846,0,0,-157.54
"MtrElec",10,22,11,"",248.099,0,0,0,0,0,0,0,0,0,0,0,0,0,0,0,0,0,0,0,0,465.525,0,0,-217.426
"MtrElec",10,22,12,"",123.971,0,0,0,0,0,0,0,0,0,0,0,0,0,0,0,0,0,0,0,0,406.69,0,0,-282.719
"MtrElec",10,22,13,"",164.309,0,0,0,0,0,0,0,0,0,0,0,0,0,0,0,0,0,0,0,0,432.335,0,0,-268.026
"MtrElec",10,22,14,"",25.2688,0,0,0,0,0,0,0,0,0,0,0,0,0,0,0,0,0,0,0,0,407.474,0,0,-382.206
"MtrElec",10,22,15,"",0.0000078,0,0,0,0,0,0,0,0,0,0,0,0,0,0,0,0,0,0,0,0,432.188,0,124.573,-556.761
"MtrElec",10,22,16,"",0,0,0,0,0,0,0,0,0,0,0,0,0,0,0,0,0,0,0,0,0,401.609,0,36.6279,-438.237
"MtrElec",10,22,17,"",257.916,0,0,0,0,0,0,0,0,0,0,0,0,0,0,0,0,0,0,0,0,458.162,0,0,-200.246
"MtrElec",10,22,18,"",405.794,0,0,0,0,0,0,0,0,0,0,0,0,0,0,0,0,0,0,0,0,456.551,0,0,-50.7572
"MtrElec",10,22,19,"",312.958,0,0,0,0,0,0,0,0,0,0,0,0,0,0,0,0,0,0,0,0,458.441,0,-145.484,0
"MtrElec",10,22,20,"",445.11,0,0,0,0,0,0,0,0,0,0,0,0,0,0,0,0,0,0,0,0,445.11,0,0,0
"MtrElec",10,22,21,"",423.187,0,0,0,0,0,0,0,0,0,0,0,0,0,0,0,0,0,0,0,0,423.187,0,0,0
"MtrElec",10,22,22,"",321.495,0,0,0,0,0,0,0,0,0,0,0,0,0,0,0,0,0,0,0,0,321.495,0,0,0
"MtrElec",10,22,23,"",254.522,0,0,0,0,0,0,0,0,0,0,0,0,0,0,0,0,0,0,0,0,254.522,0,0,0
"MtrElec",10,22,24,"",254.434,0,0,0,0,0,0,0,0,0,0,0,0,0,0,0,0,0,0,0,0,254.434,0,0,0
"MtrElec",10,23,1,"",160.817,0,0,0,0,0,0,0,0,0,0,0,0,0,0,0,0,0,0,0,0,160.817,0,0,0
"MtrElec",10,23,2,"",160.143,0,0,0,0,0,0,0,0,0,0,0,0,0,0,0,0,0,0,0,0,160.143,0,0,0
"MtrElec",10,23,3,"",157.45,0,0,0,0,0,0,0,0,0,0,0,0,0,0,0,0,0,0,0,0,157.45,0,0,0
"MtrElec",10,23,4,"",158.757,0,0,0,0,0,0,0,0,0,0,0,0,0,0,0,0,0,0,0,0,158.757,0,0,0
"MtrElec",10,23,5,"",154.671,0,0,0,0,0,0,0,0,0,0,0,0,0,0,0,0,0,0,0,0,154.671,0,0,0
"MtrElec",10,23,6,"",195.569,0,0,0,0,0,0,0,0,0,0,0,0,0,0,0,0,0,0,0,0,195.569,0,0,0
"MtrElec",10,23,7,"",266.95,0,0,0,0,0,0,0,0,0,0,0,0,0,0,0,0,0,0,0,0,266.95,0,0,0
"MtrElec",10,23,8,"",349.284,0,0,0,0,0,0,0,0,0,0,0,0,0,0,0,0,0,0,0,0,363.079,0,0,-13.7945
"MtrElec",10,23,9,"",290.604,0,0,0,0,0,0,0,0,0,0,0,0,0,0,0,0,0,0,0,0,378.157,0,0,-87.553
"MtrElec",10,23,10,"",88.8299,0,0,0,0,0,0,0,0,0,0,0,0,0,0,0,0,0,0,0,0,453.712,0,0,-364.882
"MtrElec",10,23,11,"",50.9869,0,0,0,0,0,0,0,0,0,0,0,0,0,0,0,0,0,0,0,0,480.989,0,0,-430.002
"MtrElec",10,23,12,"",0,0,0,0,0,0,0,0,0,0,0,0,0,0,0,0,0,0,0,0,0,472.196,0,148.091,-620.286
"MtrElec",10,23,13,"",0,0,0,0,0,0,0,0,0,0,0,0,0,0,0,0,0,0,0,0,0,488.885,0,153.52,-642.404
"MtrElec",10,23,14,"",-22.3506,0,0,0,0,0,0,0,0,0,0,0,0,0,0,0,0,0,0,0,0,375.1,0,223.222,-620.673
"MtrElec",10,23,15,"",0,0,0,0,0,0,0,0,0,0,0,0,0,0,0,0,0,0,0,0,0,403.967,0,146.724,-550.691
"MtrElec",10,23,16,"",0,0,0,0,0,0,0,0,0,0,0,0,0,0,0,0,0,0,0,0,0,370.395,0,72.6522,-443.047
"MtrElec",10,23,17,"",160.983,0,0,0,0,0,0,0,0,0,0,0,0,0,0,0,0,0,0,0,0,438.429,0,0,-277.446
"MtrElec",10,23,18,"",340.243,0,0,0,0,0,0,0,0,0,0,0,0,0,0,0,0,0,0,0,0,412.862,0,0,-72.6186
"MtrElec",10,23,19,"",237.437,0,0,0,0,0,0,0,0,0,0,0,0,0,0,0,0,0,0,0,0,460.659,0,-223.222,0
"MtrElec",10,23,20,"",275.121,0,0,0,0,0,0,0,0,0,0,0,0,0,0,0,0,0,0,0,0,498.343,0,-223.222,0
"MtrElec",10,23,21,"",162.752,0,0,0,0,0,0,0,0,0,0,0,0,0,0,0,0,0,0,0,0,385.974,0,-223.222,0
"MtrElec",10,23,22,"",298.331,0,0,0,0,0,0,0,0,0,0,0,0,0,0,0,0,0,0,0,0,300.313,0,-1.98154,0
"MtrElec",10,23,23,"",271.648,0,0,0,0,0,0,0,0,0,0,0,0,0,0,0,0,0,0,0,0,271.648,0,0,0
"MtrElec",10,23,24,"",197.282,0,0,0,0,0,0,0,0,0,0,0,0,0,0,0,0,0,0,0,0,197.282,0,0,0
"MtrElec",10,24,1,"",173.808,0,0,0,0,0,0,0,0,0,0,0,0,0,0,0,0,0,0,0,0,173.808,0,0,0
"MtrElec",10,24,2,"",159.346,0,0,0,0,0,0,0,0,0,0,0,0,0,0,0,0,0,0,0,0,159.346,0,0,0
"MtrElec",10,24,3,"",201.685,0,0,0,0,0,0,0,0,0,0,0,0,0,0,0,0,0,0,0,0,201.685,0,0,0
"MtrElec",10,24,4,"",160.032,0,0,0,0,0,0,0,0,0,0,0,0,0,0,0,0,0,0,0,0,160.032,0,0,0
"MtrElec",10,24,5,"",167.944,0,0,0,0,0,0,0,0,0,0,0,0,0,0,0,0,0,0,0,0,167.944,0,0,0
"MtrElec",10,24,6,"",161.97,0,0,0,0,0,0,0,0,0,0,0,0,0,0,0,0,0,0,0,0,161.97,0,0,0
"MtrElec",10,24,7,"",188.686,0,0,0,0,0,0,0,0,0,0,0,0,0,0,0,0,0,0,0,0,188.686,0,0,0
"MtrElec",10,24,8,"",218.302,0,0,0,0,0,0,0,0,0,0,0,0,0,0,0,0,0,0,0,0,281.179,0,0,-62.8769
"MtrElec",10,24,9,"",71.7008,0,0,0,0,0,0,0,0,0,0,0,0,0,0,0,0,0,0,0,0,324.187,0,0,-252.486
"MtrElec",10,24,10,"",14.4125,0,0,0,0,0,0,0,0,0,0,0,0,0,0,0,0,0,0,0,0,440.722,0,0,-426.31
"MtrElec",10,24,11,"",0,0,0,0,0,0,0,0,0,0,0,0,0,0,0,0,0,0,0,0,0,458.701,0,89.7783,-548.479
"MtrElec",10,24,12,"",0.0000078,0,0,0,0,0,0,0,0,0,0,0,0,0,0,0,0,0,0,0,0,550.405,0,68.3416,-618.747
"MtrElec",10,24,13,"",0,0,0,0,0,0,0,0,0,0,0,0,0,0,0,0,0,0,0,0,0,500.885,0,154.099,-654.984
"MtrElec",10,24,14,"",-20.1545,0,0,0,0,0,0,0,0,0,0,0,0,0,0,0,0,0,0,0,0,400.623,0,223.222,-644
"MtrElec",10,24,15,"",0,0,0,0,0,0,0,0,0,0,0,0,0,0,0,0,0,0,0,0,0,466.242,0,108.667,-574.909
"MtrElec",10,24,16,"",0,0,0,0,0,0,0,0,0,0,0,0,0,0,0,0,0,0,0,0,0,448.584,0,8.95556,-457.539
"MtrElec",10,24,17,"",164.573,0,0,0,0,0,0,0,0,0,0,0,0,0,0,0,0,0,0,0,0,446.973,0,0,-282.401
"MtrElec",10,24,18,"",413.433,0,0,0,0,0,0,0,0,0,0,0,0,0,0,0,0,0,0,0,0,485.977,0,0,-72.544
"MtrElec",10,24,19,"",231.643,0,0,0,0,0,0,0,0,0,0,0,0,0,0,0,0,0,0,0,0,454.866,0,-223.222,0
"MtrElec",10,24,20,"",194.144,0,0,0,0,0,0,0,0,0,0,0,0,0,0,0,0,0,0,0,0,417.366,0,-223.222,0
"MtrElec",10,24,21,"",233.772,0,0,0,0,0,0,0,0,0,0,0,0,0,0,0,0,0,0,0,0,376.717,0,-142.945,0
"MtrElec",10,24,22,"",310.281,0,0,0,0,0,0,0,0,0,0,0,0,0,0,0,0,0,0,0,0,310.281,0,0,0
"MtrElec",10,24,23,"",252.021,0,0,0,0,0,0,0,0,0,0,0,0,0,0,0,0,0,0,0,0,252.021,0,0,0
"MtrElec",10,24,24,"",197.502,0,0,0,0,0,0,0,0,0,0,0,0,0,0,0,0,0,0,0,0,197.502,0,0,0
"MtrElec",10,25,1,"",169.149,0,0,0,0,0,0,0,0,0,0,0,0,0,0,0,0,0,0,0,0,169.149,0,0,0
"MtrElec",10,25,2,"",159.505,0,0,0,0,0,0,0,0,0,0,0,0,0,0,0,0,0,0,0,0,159.505,0,0,0
"MtrElec",10,25,3,"",158.443,0,0,0,0,0,0,0,0,0,0,0,0,0,0,0,0,0,0,0,0,158.443,0,0,0
"MtrElec",10,25,4,"",196.046,0,0,0,0,0,0,0,0,0,0,0,0,0,0,0,0,0,0,0,0,196.046,0,0,0
"MtrElec",10,25,5,"",168.008,0,0,0,0,0,0,0,0,0,0,0,0,0,0,0,0,0,0,0,0,168.008,0,0,0
"MtrElec",10,25,6,"",159.486,0,0,0,0,0,0,0,0,0,0,0,0,0,0,0,0,0,0,0,0,159.486,0,0,0
"MtrElec",10,25,7,"",169.653,0,0,0,0,0,0,0,0,0,0,0,0,0,0,0,0,0,0,0,0,169.653,0,0,0
"MtrElec",10,25,8,"",180.329,0,0,0,0,0,0,0,0,0,0,0,0,0,0,0,0,0,0,0,0,239.699,0,0,-59.3706
"MtrElec",10,25,9,"",90.3153,0,0,0,0,0,0,0,0,0,0,0,0,0,0,0,0,0,0,0,0,330.175,0,0,-239.859
"MtrElec",10,25,10,"",-27.1809,0,0,0,0,0,0,0,0,0,0,0,0,0,0,0,0,0,0,0,0,385.2,0,0,-412.381
"MtrElec",10,25,11,"",0,0,0,0,0,0,0,0,0,0,0,0,0,0,0,0,0,0,0,0,0,408.86,0,130.986,-539.846
"MtrElec",10,25,12,"",0,0,0,0,0,0,0,0,0,0,0,0,0,0,0,0,0,0,0,0,0,434.215,0,172.662,-606.877
"MtrElec",10,25,13,"",0.0000156,0,0,0,0,0,0,0,0,0,0,0,0,0,0,0,0,0,0,0,0,438.808,0,199.552,-638.36
"MtrElec",10,25,14,"",0.0000156,0,0,0,0,0,0,0,0,0,0,0,0,0,0,0,0,0,0,0,0,431.271,0,194.168,-625.438
"MtrElec",10,25,15,"",0.0000078,0,0,0,0,0,0,0,0,0,0,0,0,0,0,0,0,0,0,0,0,451.668,0,98.5346,-550.203
"MtrElec",10,25,16,"",-24.585,0,0,0,0,0,0,0,0,0,0,0,0,0,0,0,0,0,0,0,0,401.128,0,3.05947,-428.772
"MtrElec",10,25,17,"",194.595,0,0,0,0,0,0,0,0,0,0,0,0,0,0,0,0,0,0,0,0,457.172,0,0,-262.577
"MtrElec",10,25,18,"",375.506,0,0,0,0,0,0,0,0,0,0,0,0,0,0,0,0,0,0,0,0,442.561,0,0,-67.0553
"MtrElec",10,25,19,"",225.457,0,0,0,0,0,0,0,0,0,0,0,0,0,0,0,0,0,0,0,0,448.679,0,-223.222,0
"MtrElec",10,25,20,"",144.388,0,0,0,0,0,0,0,0,0,0,0,0,0,0,0,0,0,0,0,0,367.61,0,-223.222,0
"MtrElec",10,25,21,"",107.155,0,0,0,0,0,0,0,0,0,0,0,0,0,0,0,0,0,0,0,0,330.377,0,-223.222,0
"MtrElec",10,25,22,"",306.629,0,0,0,0,0,0,0,0,0,0,0,0,0,0,0,0,0,0,0,0,358.026,0,-51.3963,0
"MtrElec",10,25,23,"",261.733,0,0,0,0,0,0,0,0,0,0,0,0,0,0,0,0,0,0,0,0,261.733,0,0,0
"MtrElec",10,25,24,"",229.369,0,0,0,0,0,0,0,0,0,0,0,0,0,0,0,0,0,0,0,0,229.369,0,0,0
"MtrElec",10,26,1,"",175.612,0,0,0,0,0,0,0,0,0,0,0,0,0,0,0,0,0,0,0,0,175.612,0,0,0
"MtrElec",10,26,2,"",160.428,0,0,0,0,0,0,0,0,0,0,0,0,0,0,0,0,0,0,0,0,160.428,0,0,0
"MtrElec",10,26,3,"",157.527,0,0,0,0,0,0,0,0,0,0,0,0,0,0,0,0,0,0,0,0,157.527,0,0,0
"MtrElec",10,26,4,"",158.736,0,0,0,0,0,0,0,0,0,0,0,0,0,0,0,0,0,0,0,0,158.736,0,0,0
"MtrElec",10,26,5,"",194.091,0,0,0,0,0,0,0,0,0,0,0,0,0,0,0,0,0,0,0,0,194.091,0,0,0
"MtrElec",10,26,6,"",159.751,0,0,0,0,0,0,0,0,0,0,0,0,0,0,0,0,0,0,0,0,159.751,0,0,0
"MtrElec",10,26,7,"",243.43,0,0,0,0,0,0,0,0,0,0,0,0,0,0,0,0,0,0,0,0,243.43,0,0,0
"MtrElec",10,26,8,"",255.187,0,0,0,0,0,0,0,0,0,0,0,0,0,0,0,0,0,0,0,0,312.318,0,0,-57.1309
"MtrElec",10,26,9,"",189.402,0,0,0,0,0,0,0,0,0,0,0,0,0,0,0,0,0,0,0,0,430.749,0,0,-241.346
"MtrElec",10,26,10,"",22.1424,0,0,0,0,0,0,0,0,0,0,0,0,0,0,0,0,0,0,0,0,433.567,0,0,-411.425
"MtrElec",10,26,11,"",0,0,0,0,0,0,0,0,0,0,0,0,0,0,0,0,0,0,0,0,0,482.951,0,46.3819,-529.333
"MtrElec",10,26,12,"",0,0,0,0,0,0,0,0,0,0,0,0,0,0,0,0,0,0,0,0,0,501.189,0,98.3834,-599.572
"MtrElec",10,26,13,"",0,0,0,0,0,0,0,0,0,0,0,0,0,0,0,0,0,0,0,0,0,544.649,0,74.5121,-619.161
"MtrElec",10,26,14,"",0,0,0,0,0,0,0,0,0,0,0,0,0,0,0,0,0,0,0,0,0,459.387,0,138.49,-597.876
"MtrElec",10,26,15,"",0,0,0,0,0,0,0,0,0,0,0,0,0,0,0,0,0,0,0,0,0,497.674,0,37.9209,-535.595
"MtrElec",10,26,16,"",117.295,0,0,0,0,0,0,0,0,0,0,0,0,0,0,0,0,0,0,0,0,536.409,0,0,-419.114
"MtrElec",10,26,17,"",282.854,0,0,0,0,0,0,0,0,0,0,0,0,0,0,0,0,0,0,0,0,540.22,0,0,-257.366
"MtrElec",10,26,18,"",513.548,0,0,0,0,0,0,0,0,0,0,0,0,0,0,0,0,0,0,0,0,579.473,0,0,-65.9251
"MtrElec",10,26,19,"",306.413,0,0,0,0,0,0,0,0,0,0,0,0,0,0,0,0,0,0,0,0,529.636,0,-223.222,0
"MtrElec",10,26,20,"",366.173,0,0,0,0,0,0,0,0,0,0,0,0,0,0,0,0,0,0,0,0,500.059,0,-133.886,0
"MtrElec",10,26,21,"",469.92,0,0,0,0,0,0,0,0,0,0,0,0,0,0,0,0,0,0,0,0,469.92,0,0,0
"MtrElec",10,26,22,"",316.831,0,0,0,0,0,0,0,0,0,0,0,0,0,0,0,0,0,0,0,0,316.831,0,0,0
"MtrElec",10,26,23,"",255.296,0,0,0,0,0,0,0,0,0,0,0,0,0,0,0,0,0,0,0,0,255.296,0,0,0
"MtrElec",10,26,24,"",193.386,0,0,0,0,0,0,0,0,0,0,0,0,0,0,0,0,0,0,0,0,193.386,0,0,0
"MtrElec",10,27,1,"",207.108,0,0,0,0,0,0,0,0,0,0,0,0,0,0,0,0,0,0,0,0,207.108,0,0,0
"MtrElec",10,27,2,"",160.578,0,0,0,0,0,0,0,0,0,0,0,0,0,0,0,0,0,0,0,0,160.578,0,0,0
"MtrElec",10,27,3,"",155.978,0,0,0,0,0,0,0,0,0,0,0,0,0,0,0,0,0,0,0,0,155.978,0,0,0
"MtrElec",10,27,4,"",154.784,0,0,0,0,0,0,0,0,0,0,0,0,0,0,0,0,0,0,0,0,154.784,0,0,0
"MtrElec",10,27,5,"",150.802,0,0,0,0,0,0,0,0,0,0,0,0,0,0,0,0,0,0,0,0,150.802,0,0,0
"MtrElec",10,27,6,"",159.313,0,0,0,0,0,0,0,0,0,0,0,0,0,0,0,0,0,0,0,0,159.313,0,0,0
"MtrElec",10,27,7,"",255.173,0,0,0,0,0,0,0,0,0,0,0,0,0,0,0,0,0,0,0,0,255.173,0,0,0
"MtrElec",10,27,8,"",296.38,0,0,0,0,0,0,0,0,0,0,0,0,0,0,0,0,0,0,0,0,352.648,0,0,-56.2678
"MtrElec",10,27,9,"",121.961,0,0,0,0,0,0,0,0,0,0,0,0,0,0,0,0,0,0,0,0,359.237,0,0,-237.276
"MtrElec",10,27,10,"",47.5884,0,0,0,0,0,0,0,0,0,0,0,0,0,0,0,0,0,0,0,0,457.807,0,0,-410.218
"MtrElec",10,27,11,"",0.0000001,0,0,0,0,0,0,0,0,0,0,0,0,0,0,0,0,0,0,0,0,524.217,0,1.24534,-525.463
"MtrElec",10,27,12,"",0,0,0,0,0,0,0,0,0,0,0,0,0,0,0,0,0,0,0,0,0,543.561,0,49.5365,-593.097
"MtrElec",10,27,13,"",0.0000039,0,0,0,0,0,0,0,0,0,0,0,0,0,0,0,0,0,0,0,0,564.163,0,50.9469,-615.11
"MtrElec",10,27,14,"",0,0,0,0,0,0,0,0,0,0,0,0,0,0,0,0,0,0,0,0,0,477.969,0,114.092,-592.061
"MtrElec",10,27,15,"",9.54463,0,0,0,0,0,0,0,0,0,0,0,0,0,0,0,0,0,0,0,0,536.303,0,0,-526.758
"MtrElec",10,27,16,"",138.871,0,0,0,0,0,0,0,0,0,0,0,0,0,0,0,0,0,0,0,0,563.174,0,0,-424.303
"MtrElec",10,27,17,"",300.236,0,0,0,0,0,0,0,0,0,0,0,0,0,0,0,0,0,0,0,0,564.04,0,0,-263.804
"MtrElec",10,27,18,"",485.496,0,0,0,0,0,0,0,0,0,0,0,0,0,0,0,0,0,0,0,0,550.781,0,0,-65.285
"MtrElec",10,27,19,"",309.707,0,0,0,0,0,0,0,0,0,0,0,0,0,0,0,0,0,0,0,0,504.485,0,-194.778,0
"MtrElec",10,27,20,"",486.445,0,0,0,0,0,0,0,0,0,0,0,0,0,0,0,0,0,0,0,0,486.445,0,0,0
"MtrElec",10,27,21,"",488.267,0,0,0,0,0,0,0,0,0,0,0,0,0,0,0,0,0,0,0,0,488.267,0,0,0
"MtrElec",10,27,22,"",337.327,0,0,0,0,0,0,0,0,0,0,0,0,0,0,0,0,0,0,0,0,337.327,0,0,0
"MtrElec",10,27,23,"",299.257,0,0,0,0,0,0,0,0,0,0,0,0,0,0,0,0,0,0,0,0,299.257,0,0,0
"MtrElec",10,27,24,"",245.774,0,0,0,0,0,0,0,0,0,0,0,0,0,0,0,0,0,0,0,0,245.774,0,0,0
"MtrElec",10,28,1,"",180.177,0,0,0,0,0,0,0,0,0,0,0,0,0,0,0,0,0,0,0,0,180.177,0,0,0
"MtrElec",10,28,2,"",164.715,0,0,0,0,0,0,0,0,0,0,0,0,0,0,0,0,0,0,0,0,164.715,0,0,0
"MtrElec",10,28,3,"",158.172,0,0,0,0,0,0,0,0,0,0,0,0,0,0,0,0,0,0,0,0,158.172,0,0,0
"MtrElec",10,28,4,"",159.356,0,0,0,0,0,0,0,0,0,0,0,0,0,0,0,0,0,0,0,0,159.356,0,0,0
"MtrElec",10,28,5,"",155.428,0,0,0,0,0,0,0,0,0,0,0,0,0,0,0,0,0,0,0,0,155.428,0,0,0
"MtrElec",10,28,6,"",215.051,0,0,0,0,0,0,0,0,0,0,0,0,0,0,0,0,0,0,0,0,215.051,0,0,0
"MtrElec",10,28,7,"",212.871,0,0,0,0,0,0,0,0,0,0,0,0,0,0,0,0,0,0,0,0,212.871,0,0,0
"MtrElec",10,28,8,"",280.65,0,0,0,0,0,0,0,0,0,0,0,0,0,0,0,0,0,0,0,0,336.56,0,0,-55.9095
"MtrElec",10,28,9,"",145.518,0,0,0,0,0,0,0,0,0,0,0,0,0,0,0,0,0,0,0,0,384.108,0,0,-238.59
"MtrElec",10,28,10,"",22.5147,0,0,0,0,0,0,0,0,0,0,0,0,0,0,0,0,0,0,0,0,432.513,0,0,-409.998
"MtrElec",10,28,11,"",0.0000039,0,0,0,0,0,0,0,0,0,0,0,0,0,0,0,0,0,0,0,0,499.609,0,33.5065,-533.115
"MtrElec",10,28,12,"",0.0000156,0,0,0,0,0,0,0,0,0,0,0,0,0,0,0,0,0,0,0,0,467.743,0,136.987,-604.73
"MtrElec",10,28,13,"",0,0,0,0,0,0,0,0,0,0,0,0,0,0,0,0,0,0,0,0,0,536.873,0,90.9493,-627.822
"MtrElec",10,28,14,"",0,0,0,0,0,0,0,0,0,0,0,0,0,0,0,0,0,0,0,0,0,470.541,0,143.127,-613.668
"MtrElec",10,28,15,"",0.0000039,0,0,0,0,0,0,0,0,0,0,0,0,0,0,0,0,0,0,0,0,485.131,0,54.8998,-540.031
"MtrElec",10,28,16,"",40.6398,0,0,0,0,0,0,0,0,0,0,0,0,0,0,0,0,0,0,0,0,460.461,0,0,-419.822
"MtrElec",10,28,17,"",249.988,0,0,0,0,0,0,0,0,0,0,0,0,0,0,0,0,0,0,0,0,512.776,0,0,-262.788
"MtrElec",10,28,18,"",437.134,0,0,0,0,0,0,0,0,0,0,0,0,0,0,0,0,0,0,0,0,502.513,0,0,-65.3784
"MtrElec",10,28,19,"",223.833,0,0,0,0,0,0,0,0,0,0,0,0,0,0,0,0,0,0,0,0,447.055,0,-223.222,0
"MtrElec",10,28,20,"",323.02,0,0,0,0,0,0,0,0,0,0,0,0,0,0,0,0,0,0,0,0,514.469,0,-191.449,0
"MtrElec",10,28,21,"",504.857,0,0,0,0,0,0,0,0,0,0,0,0,0,0,0,0,0,0,0,0,504.857,0,0,0
"MtrElec",10,28,22,"",294.199,0,0,0,0,0,0,0,0,0,0,0,0,0,0,0,0,0,0,0,0,294.199,0,0,0
"MtrElec",10,28,23,"",290.323,0,0,0,0,0,0,0,0,0,0,0,0,0,0,0,0,0,0,0,0,290.323,0,0,0
"MtrElec",10,28,24,"",211.692,0,0,0,0,0,0,0,0,0,0,0,0,0,0,0,0,0,0,0,0,211.692,0,0,0
"MtrElec",10,29,1,"",166.112,0,0,0,0,0,0,0,0,0,0,0,0,0,0,0,0,0,0,0,0,166.112,0,0,0
"MtrElec",10,29,2,"",198.722,0,0,0,0,0,0,0,0,0,0,0,0,0,0,0,0,0,0,0,0,198.722,0,0,0
"MtrElec",10,29,3,"",157.639,0,0,0,0,0,0,0,0,0,0,0,0,0,0,0,0,0,0,0,0,157.639,0,0,0
"MtrElec",10,29,4,"",168.412,0,0,0,0,0,0,0,0,0,0,0,0,0,0,0,0,0,0,0,0,168.412,0,0,0
"MtrElec",10,29,5,"",173.543,0,0,0,0,0,0,0,0,0,0,0,0,0,0,0,0,0,0,0,0,173.543,0,0,0
"MtrElec",10,29,6,"",172.696,0,0,0,0,0,0,0,0,0,0,0,0,0,0,0,0,0,0,0,0,172.696,0,0,0
"MtrElec",10,29,7,"",288.841,0,0,0,0,0,0,0,0,0,0,0,0,0,0,0,0,0,0,0,0,288.841,0,0,0
"MtrElec",10,29,8,"",300.234,0,0,0,0,0,0,0,0,0,0,0,0,0,0,0,0,0,0,0,0,355.545,0,0,-55.3113
"MtrElec",10,29,9,"",139.32,0,0,0,0,0,0,0,0,0,0,0,0,0,0,0,0,0,0,0,0,375.274,0,0,-235.954
"MtrElec",10,29,10,"",57.1638,0,0,0,0,0,0,0,0,0,0,0,0,0,0,0,0,0,0,0,0,467.74,0,0,-410.576
"MtrElec",10,29,11,"",0,0,0,0,0,0,0,0,0,0,0,0,0,0,0,0,0,0,0,0,0,497.623,0,30.4644,-528.088
"MtrElec",10,29,12,"",0,0,0,0,0,0,0,0,0,0,0,0,0,0,0,0,0,0,0,0,0,472.738,0,127.793,-600.531
"MtrElec",10,29,13,"",0,0,0,0,0,0,0,0,0,0,0,0,0,0,0,0,0,0,0,0,0,518.693,0,103.797,-622.49
"MtrElec",10,29,14,"",0,0,0,0,0,0,0,0,0,0,0,0,0,0,0,0,0,0,0,0,0,481.34,0,117.962,-599.302
"MtrElec",10,29,15,"",0,0,0,0,0,0,0,0,0,0,0,0,0,0,0,0,0,0,0,0,0,450.713,0,92.5066,-543.22
"MtrElec",10,29,16,"",57.5567,0,0,0,0,0,0,0,0,0,0,0,0,0,0,0,0,0,0,0,0,490.14,0,0,-432.584
"MtrElec",10,29,17,"",210.422,0,0,0,0,0,0,0,0,0,0,0,0,0,0,0,0,0,0,0,0,475.584,0,0,-265.162
"MtrElec",10,29,18,"",440.999,0,0,0,0,0,0,0,0,0,0,0,0,0,0,0,0,0,0,0,0,505.689,0,0,-64.69
"MtrElec",10,29,19,"",260.558,0,0,0,0,0,0,0,0,0,0,0,0,0,0,0,0,0,0,0,0,483.78,0,-223.222,0
"MtrElec",10,29,20,"",297.591,0,0,0,0,0,0,0,0,0,0,0,0,0,0,0,0,0,0,0,0,500.82,0,-203.229,0
"MtrElec",10,29,21,"",446.577,0,0,0,0,0,0,0,0,0,0,0,0,0,0,0,0,0,0,0,0,446.577,0,0,0
"MtrElec",10,29,22,"",305.502,0,0,0,0,0,0,0,0,0,0,0,0,0,0,0,0,0,0,0,0,305.502,0,0,0
"MtrElec",10,29,23,"",270.639,0,0,0,0,0,0,0,0,0,0,0,0,0,0,0,0,0,0,0,0,270.639,0,0,0
"MtrElec",10,29,24,"",205.316,0,0,0,0,0,0,0,0,0,0,0,0,0,0,0,0,0,0,0,0,205.316,0,0,0
"MtrElec",10,30,1,"",180.535,0,0,0,0,0,0,0,0,0,0,0,0,0,0,0,0,0,0,0,0,180.535,0,0,0
"MtrElec",10,30,2,"",158.372,0,0,0,0,0,0,0,0,0,0,0,0,0,0,0,0,0,0,0,0,158.372,0,0,0
"MtrElec",10,30,3,"",193.691,0,0,0,0,0,0,0,0,0,0,0,0,0,0,0,0,0,0,0,0,193.691,0,0,0
"MtrElec",10,30,4,"",158.385,0,0,0,0,0,0,0,0,0,0,0,0,0,0,0,0,0,0,0,0,158.385,0,0,0
"MtrElec",10,30,5,"",155.061,0,0,0,0,0,0,0,0,0,0,0,0,0,0,0,0,0,0,0,0,155.061,0,0,0
"MtrElec",10,30,6,"",157.705,0,0,0,0,0,0,0,0,0,0,0,0,0,0,0,0,0,0,0,0,157.705,0,0,0
"MtrElec",10,30,7,"",304.163,0,0,0,0,0,0,0,0,0,0,0,0,0,0,0,0,0,0,0,0,304.163,0,0,0
"MtrElec",10,30,8,"",271.228,0,0,0,0,0,0,0,0,0,0,0,0,0,0,0,0,0,0,0,0,325.513,0,0,-54.2854
"MtrElec",10,30,9,"",133.423,0,0,0,0,0,0,0,0,0,0,0,0,0,0,0,0,0,0,0,0,368.941,0,0,-235.518
"MtrElec",10,30,10,"",27.6553,0,0,0,0,0,0,0,0,0,0,0,0,0,0,0,0,0,0,0,0,440.367,0,0,-412.712
"MtrElec",10,30,11,"",0.0000039,0,0,0,0,0,0,0,0,0,0,0,0,0,0,0,0,0,0,0,0,475.529,0,54.869,-530.398
"MtrElec",10,30,12,"",0,0,0,0,0,0,0,0,0,0,0,0,0,0,0,0,0,0,0,0,0,466.596,0,135.174,-601.77
"MtrElec",10,30,13,"",0,0,0,0,0,0,0,0,0,0,0,0,0,0,0,0,0,0,0,0,0,480.102,0,161.929,-642.031
"MtrElec",10,30,14,"",0.0000156,0,0,0,0,0,0,0,0,0,0,0,0,0,0,0,0,0,0,0,0,416.117,0,210.183,-626.301
"MtrElec",10,30,15,"",0,0,0,0,0,0,0,0,0,0,0,0,0,0,0,0,0,0,0,0,0,416.834,0,140.192,-557.026
"MtrElec",10,30,16,"",6.48212,0,0,0,0,0,0,0,0,0,0,0,0,0,0,0,0,0,0,0,0,444.714,0,0,-438.232
"MtrElec",10,30,17,"",164.292,0,0,0,0,0,0,0,0,0,0,0,0,0,0,0,0,0,0,0,0,428.418,0,0,-264.126
"MtrElec",10,30,18,"",407.423,0,0,0,0,0,0,0,0,0,0,0,0,0,0,0,0,0,0,0,0,471.571,0,0,-64.1484
"MtrElec",10,30,19,"",211.232,0,0,0,0,0,0,0,0,0,0,0,0,0,0,0,0,0,0,0,0,434.454,0,-223.222,0
"MtrElec",10,30,20,"",218.182,0,0,0,0,0,0,0,0,0,0,0,0,0,0,0,0,0,0,0,0,441.405,0,-223.222,0
"MtrElec",10,30,21,"",261.338,0,0,0,0,0,0,0,0,0,0,0,0,0,0,0,0,0,0,0,0,448.761,0,-187.424,0
"MtrElec",10,30,22,"",314.062,0,0,0,0,0,0,0,0,0,0,0,0,0,0,0,0,0,0,0,0,314.062,0,0,0
"MtrElec",10,30,23,"",246.862,0,0,0,0,0,0,0,0,0,0,0,0,0,0,0,0,0,0,0,0,246.862,0,0,0
"MtrElec",10,30,24,"",253.995,0,0,0,0,0,0,0,0,0,0,0,0,0,0,0,0,0,0,0,0,253.995,0,0,0
"MtrElec",10,31,1,"",173.46,0,0,0,0,0,0,0,0,0,0,0,0,0,0,0,0,0,0,0,0,173.46,0,0,0
"MtrElec",10,31,2,"",160.208,0,0,0,0,0,0,0,0,0,0,0,0,0,0,0,0,0,0,0,0,160.208,0,0,0
"MtrElec",10,31,3,"",154.796,0,0,0,0,0,0,0,0,0,0,0,0,0,0,0,0,0,0,0,0,154.796,0,0,0
"MtrElec",10,31,4,"",156.172,0,0,0,0,0,0,0,0,0,0,0,0,0,0,0,0,0,0,0,0,156.172,0,0,0
"MtrElec",10,31,5,"",220.95,0,0,0,0,0,0,0,0,0,0,0,0,0,0,0,0,0,0,0,0,220.95,0,0,0
"MtrElec",10,31,6,"",159.586,0,0,0,0,0,0,0,0,0,0,0,0,0,0,0,0,0,0,0,0,159.586,0,0,0
"MtrElec",10,31,7,"",192.011,0,0,0,0,0,0,0,0,0,0,0,0,0,0,0,0,0,0,0,0,192.011,0,0,0
"MtrElec",10,31,8,"",254.267,0,0,0,0,0,0,0,0,0,0,0,0,0,0,0,0,0,0,0,0,264.145,0,0,-9.87765
"MtrElec",10,31,9,"",228.487,0,0,0,0,0,0,0,0,0,0,0,0,0,0,0,0,0,0,0,0,304.226,0,0,-75.7392
"MtrElec",10,31,10,"",244.031,0,0,0,0,0,0,0,0,0,0,0,0,0,0,0,0,0,0,0,0,406.321,0,0,-162.29
"MtrElec",10,31,11,"",18.0666,0,0,0,0,0,0,0,0,0,0,0,0,0,0,0,0,0,0,0,0,518.707,0,0,-500.64
"MtrElec",10,31,12,"",0,0,0,0,0,0,0,0,0,0,0,0,0,0,0,0,0,0,0,0,0,438.675,0,180.644,-619.319
"MtrElec",10,31,13,"",0,0,0,0,0,0,0,0,0,0,0,0,0,0,0,0,0,0,0,0,0,465.832,0,163.847,-629.679
"MtrElec",10,31,14,"",0.0000078,0,0,0,0,0,0,0,0,0,0,0,0,0,0,0,0,0,0,0,0,467.9,0,106.671,-574.571
"MtrElec",10,31,15,"",4.83019,0,0,0,0,0,0,0,0,0,0,0,0,0,0,0,0,0,0,0,0,482.545,0,0,-477.715
"MtrElec",10,31,16,"",78.7062,0,0,0,0,0,0,0,0,0,0,0,0,0,0,0,0,0,0,0,0,447.4,0,0,-368.694
"MtrElec",10,31,17,"",254.467,0,0,0,0,0,0,0,0,0,0,0,0,0,0,0,0,0,0,0,0,460.229,0,0,-205.763
"MtrElec",10,31,18,"",420.459,0,0,0,0,0,0,0,0,0,0,0,0,0,0,0,0,0,0,0,0,477.27,0,0,-56.8106
"MtrElec",10,31,19,"",235.632,0,0,0,0,0,0,0,0,0,0,0,0,0,0,0,0,0,0,0,0,458.854,0,-223.222,0
"MtrElec",10,31,20,"",278.298,0,0,0,0,0,0,0,0,0,0,0,0,0,0,0,0,0,0,0,0,462.249,0,-183.951,0
"MtrElec",10,31,21,"",411.299,0,0,0,0,0,0,0,0,0,0,0,0,0,0,0,0,0,0,0,0,411.299,0,0,0
"MtrElec",10,31,22,"",331.27,0,0,0,0,0,0,0,0,0,0,0,0,0,0,0,0,0,0,0,0,331.27,0,0,0
"MtrElec",10,31,23,"",261.079,0,0,0,0,0,0,0,0,0,0,0,0,0,0,0,0,0,0,0,0,261.079,0,0,0
"MtrElec",10,31,24,"",266.863,0,0,0,0,0,0,0,0,0,0,0,0,0,0,0,0,0,0,0,0,266.863,0,0,0
"MtrElec",11,1,1,"",177.924,0,0,0,0,0,0,0,0,0,0,0,0,0,0,0,0,0,0,0,0,177.924,0,0,0
"MtrElec",11,1,2,"",158.661,0,0,0,0,0,0,0,0,0,0,0,0,0,0,0,0,0,0,0,0,158.661,0,0,0
"MtrElec",11,1,3,"",159.173,0,0,0,0,0,0,0,0,0,0,0,0,0,0,0,0,0,0,0,0,159.173,0,0,0
"MtrElec",11,1,3,"",158.775,0,0,0,0,0,0,0,0,0,0,0,0,0,0,0,0,0,0,0,0,158.775,0,0,0
"MtrElec",11,1,4,"",158.872,0,0,0,0,0,0,0,0,0,0,0,0,0,0,0,0,0,0,0,0,158.872,0,0,0
"MtrElec",11,1,5,"",169.43,0,0,0,0,0,0,0,0,0,0,0,0,0,0,0,0,0,0,0,0,169.43,0,0,0
"MtrElec",11,1,6,"",162.382,0,0,0,0,0,0,0,0,0,0,0,0,0,0,0,0,0,0,0,0,162.382,0,0,0
"MtrElec",11,1,7,"",194.459,0,0,0,0,0,0,0,0,0,0,0,0,0,0,0,0,0,0,0,0,210.393,0,0,-15.9339
"MtrElec",11,1,8,"",141.661,0,0,0,0,0,0,0,0,0,0,0,0,0,0,0,0,0,0,0,0,262.97,0,0,-121.309
"MtrElec",11,1,9,"",-9.68194,0,0,0,0,0,0,0,0,0,0,0,0,0,0,0,0,0,0,0,0,307.741,0,0,-317.423
"MtrElec",11,1,10,"",-101.601,0,0,0,0,0,0,0,0,0,0,0,0,0,0,0,0,0,0,0,0,407.795,0,0,-509.396
"MtrElec",11,1,11,"",0,0,0,0,0,0,0,0,0,0,0,0,0,0,0,0,0,0,0,0,0,467.92,0,125.023,-592.944
"MtrElec",11,1,12,"",0.0000039,0,0,0,0,0,0,0,0,0,0,0,0,0,0,0,0,0,0,0,0,540.5,0,60.2187,-600.719
"MtrElec",11,1,13,"",0.0000039,0,0,0,0,0,0,0,0,0,0,0,0,0,0,0,0,0,0,0,0,483.742,0,38.9313,-522.674
"MtrElec",11,1,14,"",75.4623,0,0,0,0,0,0,0,0,0,0,0,0,0,0,0,0,0,0,0,0,518.069,0,0,-442.606
"MtrElec",11,1,15,"",154.405,0,0,0,0,0,0,0,0,0,0,0,0,0,0,0,0,0,0,0,0,463.232,0,0,-308.827
"MtrElec",11,1,16,"",246.263,0,0,0,0,0,0,0,0,0,0,0,0,0,0,0,0,0,0,0,0,459.765,0,0,-213.503
"MtrElec",11,1,17,"",373.705,0,0,0,0,0,0,0,0,0,0,0,0,0,0,0,0,0,0,0,0,416.479,0,0,-42.7742
"MtrElec",11,1,18,"",408.061,0,0,0,0,0,0,0,0,0,0,0,0,0,0,0,0,0,0,0,0,408.061,0,0,0
"MtrElec",11,1,19,"",201.336,0,0,0,0,0,0,0,0,0,0,0,0,0,0,0,0,0,0,0,0,403.653,0,-202.316,0
"MtrElec",11,1,20,"",387.131,0,0,0,0,0,0,0,0,0,0,0,0,0,0,0,0,0,0,0,0,387.131,0,0,0
"MtrElec",11,1,21,"",360.383,0,0,0,0,0,0,0,0,0,0,0,0,0,0,0,0,0,0,0,0,360.383,0,0,0
"MtrElec",11,1,22,"",351.02,0,0,0,0,0,0,0,0,0,0,0,0,0,0,0,0,0,0,0,0,351.02,0,0,0
"MtrElec",11,1,23,"",256.285,0,0,0,0,0,0,0,0,0,0,0,0,0,0,0,0,0,0,0,0,256.285,0,0,0
"MtrElec",11,1,24,"",261.823,0,0,0,0,0,0,0,0,0,0,0,0,0,0,0,0,0,0,0,0,261.823,0,0,0
"MtrElec",11,2,1,"",193.069,0,0,0,0,0,0,0,0,0,0,0,0,0,0,0,0,0,0,0,0,193.069,0,0,0
"MtrElec",11,2,2,"",168.57,0,0,0,0,0,0,0,0,0,0,0,0,0,0,0,0,0,0,0,0,168.57,0,0,0
"MtrElec",11,2,3,"",156.569,0,0,0,0,0,0,0,0,0,0,0,0,0,0,0,0,0,0,0,0,156.569,0,0,0
"MtrElec",11,2,4,"",158.013,0,0,0,0,0,0,0,0,0,0,0,0,0,0,0,0,0,0,0,0,158.013,0,0,0
"MtrElec",11,2,5,"",152.621,0,0,0,0,0,0,0,0,0,0,0,0,0,0,0,0,0,0,0,0,152.621,0,0,0
"MtrElec",11,2,6,"",198.015,0,0,0,0,0,0,0,0,0,0,0,0,0,0,0,0,0,0,0,0,198.015,0,0,0
"MtrElec",11,2,7,"",220.721,0,0,0,0,0,0,0,0,0,0,0,0,0,0,0,0,0,0,0,0,232.268,0,0,-11.5469
"MtrElec",11,2,8,"",229.499,0,0,0,0,0,0,0,0,0,0,0,0,0,0,0,0,0,0,0,0,338.562,0,0,-109.063
"MtrElec",11,2,9,"",35.9682,0,0,0,0,0,0,0,0,0,0,0,0,0,0,0,0,0,0,0,0,364.437,0,0,-328.469
"MtrElec",11,2,10,"",-29.6027,0,0,0,0,0,0,0,0,0,0,0,0,0,0,0,0,0,0,0,0,448.577,0,0,-478.18
"MtrElec",11,2,11,"",0.0000020,0,0,0,0,0,0,0,0,0,0,0,0,0,0,0,0,0,0,0,0,477.976,0,32.5944,-510.57
"MtrElec",11,2,12,"",0,0,0,0,0,0,0,0,0,0,0,0,0,0,0,0,0,0,0,0,0,437.569,0,160.887,-598.457
"MtrElec",11,2,13,"",19.7627,0,0,0,0,0,0,0,0,0,0,0,0,0,0,0,0,0,0,0,0,458.639,0,0,-438.877
"MtrElec",11,2,14,"",19.1366,0,0,0,0,0,0,0,0,0,0,0,0,0,0,0,0,0,0,0,0,415.807,0,0,-396.67
"MtrElec",11,2,15,"",236.907,0,0,0,0,0,0,0,0,0,0,0,0,0,0,0,0,0,0,0,0,412.03,0,0,-175.123
"MtrElec",11,2,16,"",196.294,0,0,0,0,0,0,0,0,0,0,0,0,0,0,0,0,0,0,0,0,417.414,0,0,-221.12
"MtrElec",11,2,17,"",378.076,0,0,0,0,0,0,0,0,0,0,0,0,0,0,0,0,0,0,0,0,405.267,0,0,-27.191
"MtrElec",11,2,18,"",454.156,0,0,0,0,0,0,0,0,0,0,0,0,0,0,0,0,0,0,0,0,454.156,0,0,0
"MtrElec",11,2,19,"",271.367,0,0,0,0,0,0,0,0,0,0,0,0,0,0,0,0,0,0,0,0,445.984,0,-174.617,0
"MtrElec",11,2,20,"",453.91,0,0,0,0,0,0,0,0,0,0,0,0,0,0,0,0,0,0,0,0,453.91,0,0,0
"MtrElec",11,2,21,"",418.56,0,0,0,0,0,0,0,0,0,0,0,0,0,0,0,0,0,0,0,0,418.56,0,0,0
"MtrElec",11,2,22,"",321.578,0,0,0,0,0,0,0,0,0,0,0,0,0,0,0,0,0,0,0,0,321.578,0,0,0
"MtrElec",11,2,23,"",309.409,0,0,0,0,0,0,0,0,0,0,0,0,0,0,0,0,0,0,0,0,309.409,0,0,0
"MtrElec",11,2,24,"",238.167,0,0,0,0,0,0,0,0,0,0,0,0,0,0,0,0,0,0,0,0,238.167,0,0,0
"MtrElec",11,3,1,"",176.25,0,0,0,0,0,0,0,0,0,0,0,0,0,0,0,0,0,0,0,0,176.25,0,0,0
"MtrElec",11,3,2,"",162.761,0,0,0,0,0,0,0,0,0,0,0,0,0,0,0,0,0,0,0,0,162.761,0,0,0
"MtrElec",11,3,3,"",194.97,0,0,0,0,0,0,0,0,0,0,0,0,0,0,0,0,0,0,0,0,194.97,0,0,0
"MtrElec",11,3,4,"",159.566,0,0,0,0,0,0,0,0,0,0,0,0,0,0,0,0,0,0,0,0,159.566,0,0,0
"MtrElec",11,3,5,"",158.435,0,0,0,0,0,0,0,0,0,0,0,0,0,0,0,0,0,0,0,0,158.435,0,0,0
"MtrElec",11,3,6,"",161.529,0,0,0,0,0,0,0,0,0,0,0,0,0,0,0,0,0,0,0,0,161.529,0,0,0
"MtrElec",11,3,7,"",246.619,0,0,0,0,0,0,0,0,0,0,0,0,0,0,0,0,0,0,0,0,254.846,0,0,-8.22652
"MtrElec",11,3,8,"",268.776,0,0,0,0,0,0,0,0,0,0,0,0,0,0,0,0,0,0,0,0,348.472,0,0,-79.6955
"MtrElec",11,3,9,"",164.514,0,0,0,0,0,0,0,0,0,0,0,0,0,0,0,0,0,0,0,0,354.474,0,0,-189.96
"MtrElec",11,3,10,"",-56.9147,0,0,0,0,0,0,0,0,0,0,0,0,0,0,0,0,0,0,0,0,411.542,0,0,-468.456
"MtrElec",11,3,11,"",0,0,0,0,0,0,0,0,0,0,0,0,0,0,0,0,0,0,0,0,0,449.345,0,152.135,-601.48
"MtrElec",11,3,12,"",-15.3201,0,0,0,0,0,0,0,0,0,0,0,0,0,0,0,0,0,0,0,0,395.638,0,223.222,-634.18
"MtrElec",11,3,13,"",0.0000156,0,0,0,0,0,0,0,0,0,0,0,0,0,0,0,0,0,0,0,0,453.821,0,158.681,-612.503
"MtrElec",11,3,14,"",0,0,0,0,0,0,0,0,0,0,0,0,0,0,0,0,0,0,0,0,0,400.404,0,144.597,-545.001
"MtrElec",11,3,15,"",0,0,0,0,0,0,0,0,0,0,0,0,0,0,0,0,0,0,0,0,0,359.708,0,61.4168,-421.125
"MtrElec",11,3,16,"",170.634,0,0,0,0,0,0,0,0,0,0,0,0,0,0,0,0,0,0,0,0,421.802,0,0,-251.168
"MtrElec",11,3,17,"",386.276,0,0,0,0,0,0,0,0,0,0,0,0,0,0,0,0,0,0,0,0,442.268,0,0,-55.9914
"MtrElec",11,3,18,"",426.125,0,0,0,0,0,0,0,0,0,0,0,0,0,0,0,0,0,0,0,0,426.125,0,0,0
"MtrElec",11,3,19,"",191.619,0,0,0,0,0,0,0,0,0,0,0,0,0,0,0,0,0,0,0,0,414.841,0,-223.222,0
"MtrElec",11,3,20,"",192.544,0,0,0,0,0,0,0,0,0,0,0,0,0,0,0,0,0,0,0,0,415.766,0,-223.222,0
"MtrElec",11,3,21,"",196.658,0,0,0,0,0,0,0,0,0,0,0,0,0,0,0,0,0,0,0,0,418.11,0,-221.452,0
"MtrElec",11,3,22,"",271.447,0,0,0,0,0,0,0,0,0,0,0,0,0,0,0,0,0,0,0,0,271.447,0,0,0
"MtrElec",11,3,23,"",276.894,0,0,0,0,0,0,0,0,0,0,0,0,0,0,0,0,0,0,0,0,276.894,0,0,0
"MtrElec",11,3,24,"",203.402,0,0,0,0,0,0,0,0,0,0,0,0,0,0,0,0,0,0,0,0,203.402,0,0,0
"MtrElec",11,4,1,"",220.613,0,0,0,0,0,0,0,0,0,0,0,0,0,0,0,0,0,0,0,0,220.613,0,0,0
"MtrElec",11,4,2,"",166.507,0,0,0,0,0,0,0,0,0,0,0,0,0,0,0,0,0,0,0,0,166.507,0,0,0
"MtrElec",11,4,3,"",157.107,0,0,0,0,0,0,0,0,0,0,0,0,0,0,0,0,0,0,0,0,157.107,0,0,0
"MtrElec",11,4,4,"",156.743,0,0,0,0,0,0,0,0,0,0,0,0,0,0,0,0,0,0,0,0,156.743,0,0,0
"MtrElec",11,4,5,"",153.087,0,0,0,0,0,0,0,0,0,0,0,0,0,0,0,0,0,0,0,0,153.087,0,0,0
"MtrElec",11,4,6,"",160.117,0,0,0,0,0,0,0,0,0,0,0,0,0,0,0,0,0,0,0,0,160.117,0,0,0
"MtrElec",11,4,7,"",228.441,0,0,0,0,0,0,0,0,0,0,0,0,0,0,0,0,0,0,0,0,276.016,0,0,-47.5749
"MtrElec",11,4,8,"",128.877,0,0,0,0,0,0,0,0,0,0,0,0,0,0,0,0,0,0,0,0,355.176,0,0,-226.299
"MtrElec",11,4,9,"",-7.35413,0,0,0,0,0,0,0,0,0,0,0,0,0,0,0,0,0,0,0,0,397.436,0,0,-404.79
"MtrElec",11,4,10,"",127.693,0,0,0,0,0,0,0,0,0,0,0,0,0,0,0,0,0,0,0,0,467.678,0,0,-339.985
"MtrElec",11,4,11,"",0,0,0,0,0,0,0,0,0,0,0,0,0,0,0,0,0,0,0,0,0,453.572,0,131.709,-585.281
"MtrElec",11,4,12,"",0.0000156,0,0,0,0,0,0,0,0,0,0,0,0,0,0,0,0,0,0,0,0,467.129,0,179.26,-646.389
"MtrElec",11,4,13,"",0,0,0,0,0,0,0,0,0,0,0,0,0,0,0,0,0,0,0,0,0,464.522,0,166.53,-631.052
"MtrElec",11,4,14,"",0.0000156,0,0,0,0,0,0,0,0,0,0,0,0,0,0,0,0,0,0,0,0,365.781,0,194.23,-560.011
"MtrElec",11,4,15,"",0.0000020,0,0,0,0,0,0,0,0,0,0,0,0,0,0,0,0,0,0,0,0,408.935,0,21.8502,-430.785
"MtrElec",11,4,16,"",167.432,0,0,0,0,0,0,0,0,0,0,0,0,0,0,0,0,0,0,0,0,423.658,0,0,-256.227
"MtrElec",11,4,17,"",331.744,0,0,0,0,0,0,0,0,0,0,0,0,0,0,0,0,0,0,0,0,388.257,0,0,-56.5128
"MtrElec",11,4,18,"",437.702,0,0,0,0,0,0,0,0,0,0,0,0,0,0,0,0,0,0,0,0,437.702,0,0,0
"MtrElec",11,4,19,"",205.622,0,0,0,0,0,0,0,0,0,0,0,0,0,0,0,0,0,0,0,0,428.845,0,-223.222,0
"MtrElec",11,4,20,"",212.883,0,0,0,0,0,0,0,0,0,0,0,0,0,0,0,0,0,0,0,0,436.106,0,-223.222,0
"MtrElec",11,4,21,"",269.572,0,0,0,0,0,0,0,0,0,0,0,0,0,0,0,0,0,0,0,0,449.082,0,-179.51,0
"MtrElec",11,4,22,"",312.148,0,0,0,0,0,0,0,0,0,0,0,0,0,0,0,0,0,0,0,0,312.148,0,0,0
"MtrElec",11,4,23,"",271.008,0,0,0,0,0,0,0,0,0,0,0,0,0,0,0,0,0,0,0,0,271.008,0,0,0
"MtrElec",11,4,24,"",198.938,0,0,0,0,0,0,0,0,0,0,0,0,0,0,0,0,0,0,0,0,198.938,0,0,0
"MtrElec",11,5,1,"",159.637,0,0,0,0,0,0,0,0,0,0,0,0,0,0,0,0,0,0,0,0,159.637,0,0,0
"MtrElec",11,5,2,"",162.554,0,0,0,0,0,0,0,0,0,0,0,0,0,0,0,0,0,0,0,0,162.554,0,0,0
"MtrElec",11,5,3,"",199.496,0,0,0,0,0,0,0,0,0,0,0,0,0,0,0,0,0,0,0,0,199.496,0,0,0
"MtrElec",11,5,4,"",162.865,0,0,0,0,0,0,0,0,0,0,0,0,0,0,0,0,0,0,0,0,162.865,0,0,0
"MtrElec",11,5,5,"",154.307,0,0,0,0,0,0,0,0,0,0,0,0,0,0,0,0,0,0,0,0,154.307,0,0,0
"MtrElec",11,5,6,"",173.629,0,0,0,0,0,0,0,0,0,0,0,0,0,0,0,0,0,0,0,0,173.629,0,0,0
"MtrElec",11,5,7,"",232.602,0,0,0,0,0,0,0,0,0,0,0,0,0,0,0,0,0,0,0,0,281.156,0,0,-48.5537
"MtrElec",11,5,8,"",90.2046,0,0,0,0,0,0,0,0,0,0,0,0,0,0,0,0,0,0,0,0,316.901,0,0,-226.697
"MtrElec",11,5,9,"",-59.9136,0,0,0,0,0,0,0,0,0,0,0,0,0,0,0,0,0,0,0,0,348.168,0,0,-408.082
"MtrElec",11,5,10,"",-151.623,0,0,0,0,0,0,0,0,0,0,0,0,0,0,0,0,0,0,0,0,373.087,0,0,-524.71
"MtrElec",11,5,11,"",0,0,0,0,0,0,0,0,0,0,0,0,0,0,0,0,0,0,0,0,0,398.483,0,197.809,-596.292
"MtrElec",11,5,12,"",0.0000156,0,0,0,0,0,0,0,0,0,0,0,0,0,0,0,0,0,0,0,0,405.13,0,215.019,-620.149
"MtrElec",11,5,13,"",0.0000156,0,0,0,0,0,0,0,0,0,0,0,0,0,0,0,0,0,0,0,0,412.183,0,183.692,-595.875
"MtrElec",11,5,14,"",0,0,0,0,0,0,0,0,0,0,0,0,0,0,0,0,0,0,0,0,0,371.517,0,167.156,-538.674
"MtrElec",11,5,15,"",0.0000020,0,0,0,0,0,0,0,0,0,0,0,0,0,0,0,0,0,0,0,0,401.95,0,21.3196,-423.27
"MtrElec",11,5,16,"",176.133,0,0,0,0,0,0,0,0,0,0,0,0,0,0,0,0,0,0,0,0,369.617,0,0,-193.484
"MtrElec",11,5,17,"",395.061,0,0,0,0,0,0,0,0,0,0,0,0,0,0,0,0,0,0,0,0,431.349,0,0,-36.2879
"MtrElec",11,5,18,"",449.109,0,0,0,0,0,0,0,0,0,0,0,0,0,0,0,0,0,0,0,0,449.109,0,0,0
"MtrElec",11,5,19,"",189.039,0,0,0,0,0,0,0,0,0,0,0,0,0,0,0,0,0,0,0,0,412.262,0,-223.222,0
"MtrElec",11,5,20,"",237.768,0,0,0,0,0,0,0,0,0,0,0,0,0,0,0,0,0,0,0,0,460.99,0,-223.222,0
"MtrElec",11,5,21,"",190.087,0,0,0,0,0,0,0,0,0,0,0,0,0,0,0,0,0,0,0,0,413.309,0,-223.222,0
"MtrElec",11,5,22,"",228.372,0,0,0,0,0,0,0,0,0,0,0,0,0,0,0,0,0,0,0,0,267.164,0,-38.7917,0
"MtrElec",11,5,23,"",280.012,0,0,0,0,0,0,0,0,0,0,0,0,0,0,0,0,0,0,0,0,280.012,0,0,0
"MtrElec",11,5,24,"",206.574,0,0,0,0,0,0,0,0,0,0,0,0,0,0,0,0,0,0,0,0,206.574,0,0,0
"MtrElec",11,6,1,"",217.709,0,0,0,0,0,0,0,0,0,0,0,0,0,0,0,0,0,0,0,0,217.709,0,0,0
"MtrElec",11,6,2,"",160.838,0,0,0,0,0,0,0,0,0,0,0,0,0,0,0,0,0,0,0,0,160.838,0,0,0
"MtrElec",11,6,3,"",157.653,0,0,0,0,0,0,0,0,0,0,0,0,0,0,0,0,0,0,0,0,157.653,0,0,0
"MtrElec",11,6,4,"",156.899,0,0,0,0,0,0,0,0,0,0,0,0,0,0,0,0,0,0,0,0,156.899,0,0,0
"MtrElec",11,6,5,"",157.785,0,0,0,0,0,0,0,0,0,0,0,0,0,0,0,0,0,0,0,0,157.785,0,0,0
"MtrElec",11,6,6,"",179.66,0,0,0,0,0,0,0,0,0,0,0,0,0,0,0,0,0,0,0,0,179.66,0,0,0
"MtrElec",11,6,7,"",271.313,0,0,0,0,0,0,0,0,0,0,0,0,0,0,0,0,0,0,0,0,280.255,0,0,-8.94273
"MtrElec",11,6,8,"",318.62,0,0,0,0,0,0,0,0,0,0,0,0,0,0,0,0,0,0,0,0,385.411,0,0,-66.7919
"MtrElec",11,6,9,"",212.761,0,0,0,0,0,0,0,0,0,0,0,0,0,0,0,0,0,0,0,0,355.194,0,0,-142.433
"MtrElec",11,6,10,"",-81.1737,0,0,0,0,0,0,0,0,0,0,0,0,0,0,0,0,0,0,0,0,414.479,0,0,-495.653
"MtrElec",11,6,11,"",0.0000039,0,0,0,0,0,0,0,0,0,0,0,0,0,0,0,0,0,0,0,0,449.693,0,48.5704,-498.263
"MtrElec",11,6,12,"",0.0000078,0,0,0,0,0,0,0,0,0,0,0,0,0,0,0,0,0,0,0,0,443.848,0,130.514,-574.362
"MtrElec",11,6,13,"",90.4883,0,0,0,0,0,0,0,0,0,0,0,0,0,0,0,0,0,0,0,0,451.631,0,0,-361.143
"MtrElec",11,6,14,"",154.335,0,0,0,0,0,0,0,0,0,0,0,0,0,0,0,0,0,0,0,0,396.303,0,0,-241.967
"MtrElec",11,6,15,"",97.8182,0,0,0,0,0,0,0,0,0,0,0,0,0,0,0,0,0,0,0,0,357.224,0,0,-259.406
"MtrElec",11,6,16,"",246.888,0,0,0,0,0,0,0,0,0,0,0,0,0,0,0,0,0,0,0,0,404.543,0,0,-157.655
"MtrElec",11,6,17,"",367.653,0,0,0,0,0,0,0,0,0,0,0,0,0,0,0,0,0,0,0,0,381.992,0,0,-14.339
"MtrElec",11,6,18,"",442.991,0,0,0,0,0,0,0,0,0,0,0,0,0,0,0,0,0,0,0,0,442.991,0,0,0
"MtrElec",11,6,19,"",259.636,0,0,0,0,0,0,0,0,0,0,0,0,0,0,0,0,0,0,0,0,421.259,0,-161.624,0
"MtrElec",11,6,20,"",431.864,0,0,0,0,0,0,0,0,0,0,0,0,0,0,0,0,0,0,0,0,431.864,0,0,0
"MtrElec",11,6,21,"",366.027,0,0,0,0,0,0,0,0,0,0,0,0,0,0,0,0,0,0,0,0,366.027,0,0,0
"MtrElec",11,6,22,"",313.536,0,0,0,0,0,0,0,0,0,0,0,0,0,0,0,0,0,0,0,0,313.536,0,0,0
"MtrElec",11,6,23,"",281.941,0,0,0,0,0,0,0,0,0,0,0,0,0,0,0,0,0,0,0,0,281.941,0,0,0
"MtrElec",11,6,24,"",199.802,0,0,0,0,0,0,0,0,0,0,0,0,0,0,0,0,0,0,0,0,199.802,0,0,0
"MtrElec",11,7,1,"",171.087,0,0,0,0,0,0,0,0,0,0,0,0,0,0,0,0,0,0,0,0,171.087,0,0,0
"MtrElec",11,7,2,"",160.889,0,0,0,0,0,0,0,0,0,0,0,0,0,0,0,0,0,0,0,0,160.889,0,0,0
"MtrElec",11,7,3,"",158.863,0,0,0,0,0,0,0,0,0,0,0,0,0,0,0,0,0,0,0,0,158.863,0,0,0
"MtrElec",11,7,4,"",158.977,0,0,0,0,0,0,0,0,0,0,0,0,0,0,0,0,0,0,0,0,158.977,0,0,0
"MtrElec",11,7,5,"",224.832,0,0,0,0,0,0,0,0,0,0,0,0,0,0,0,0,0,0,0,0,224.832,0,0,0
"MtrElec",11,7,6,"",164.621,0,0,0,0,0,0,0,0,0,0,0,0,0,0,0,0,0,0,0,0,164.621,0,0,0
"MtrElec",11,7,7,"",203.336,0,0,0,0,0,0,0,0,0,0,0,0,0,0,0,0,0,0,0,0,203.336,0,0,0
"MtrElec",11,7,8,"",217.17,0,0,0,0,0,0,0,0,0,0,0,0,0,0,0,0,0,0,0,0,276.79,0,0,-59.6202
"MtrElec",11,7,9,"",125.835,0,0,0,0,0,0,0,0,0,0,0,0,0,0,0,0,0,0,0,0,333.892,0,0,-208.056
"MtrElec",11,7,10,"",140.583,0,0,0,0,0,0,0,0,0,0,0,0,0,0,0,0,0,0,0,0,456.988,0,0,-316.405
"MtrElec",11,7,11,"",0,0,0,0,0,0,0,0,0,0,0,0,0,0,0,0,0,0,0,0,0,478.061,0,96.936,-574.997
"MtrElec",11,7,12,"",0,0,0,0,0,0,0,0,0,0,0,0,0,0,0,0,0,0,0,0,0,492.546,0,116.224,-608.77
"MtrElec",11,7,13,"",0,0,0,0,0,0,0,0,0,0,0,0,0,0,0,0,0,0,0,0,0,455.476,0,138.509,-593.986
"MtrElec",11,7,14,"",0,0,0,0,0,0,0,0,0,0,0,0,0,0,0,0,0,0,0,0,0,443.783,0,70.8764,-514.659
"MtrElec",11,7,15,"",62.3068,0,0,0,0,0,0,0,0,0,0,0,0,0,0,0,0,0,0,0,0,450.464,0,0,-388.157
"MtrElec",11,7,16,"",221.839,0,0,0,0,0,0,0,0,0,0,0,0,0,0,0,0,0,0,0,0,392.768,0,0,-170.929
"MtrElec",11,7,17,"",411.485,0,0,0,0,0,0,0,0,0,0,0,0,0,0,0,0,0,0,0,0,442.101,0,0,-30.6161
"MtrElec",11,7,18,"",467.511,0,0,0,0,0,0,0,0,0,0,0,0,0,0,0,0,0,0,0,0,467.511,0,0,0
"MtrElec",11,7,19,"",189.746,0,0,0,0,0,0,0,0,0,0,0,0,0,0,0,0,0,0,0,0,412.968,0,-223.222,0
"MtrElec",11,7,20,"",218.906,0,0,0,0,0,0,0,0,0,0,0,0,0,0,0,0,0,0,0,0,377.031,0,-158.126,0
"MtrElec",11,7,21,"",365.467,0,0,0,0,0,0,0,0,0,0,0,0,0,0,0,0,0,0,0,0,365.467,0,0,0
"MtrElec",11,7,22,"",335.205,0,0,0,0,0,0,0,0,0,0,0,0,0,0,0,0,0,0,0,0,335.205,0,0,0
"MtrElec",11,7,23,"",209.606,0,0,0,0,0,0,0,0,0,0,0,0,0,0,0,0,0,0,0,0,209.606,0,0,0
"MtrElec",11,7,24,"",263.716,0,0,0,0,0,0,0,0,0,0,0,0,0,0,0,0,0,0,0,0,263.716,0,0,0
"MtrElec",11,8,1,"",170.315,0,0,0,0,0,0,0,0,0,0,0,0,0,0,0,0,0,0,0,0,170.315,0,0,0
"MtrElec",11,8,2,"",159.488,0,0,0,0,0,0,0,0,0,0,0,0,0,0,0,0,0,0,0,0,159.488,0,0,0
"MtrElec",11,8,3,"",161.109,0,0,0,0,0,0,0,0,0,0,0,0,0,0,0,0,0,0,0,0,161.109,0,0,0
"MtrElec",11,8,4,"",161.461,0,0,0,0,0,0,0,0,0,0,0,0,0,0,0,0,0,0,0,0,161.461,0,0,0
"MtrElec",11,8,5,"",182.768,0,0,0,0,0,0,0,0,0,0,0,0,0,0,0,0,0,0,0,0,182.768,0,0,0
"MtrElec",11,8,6,"",161.433,0,0,0,0,0,0,0,0,0,0,0,0,0,0,0,0,0,0,0,0,161.433,0,0,0
"MtrElec",11,8,7,"",213.836,0,0,0,0,0,0,0,0,0,0,0,0,0,0,0,0,0,0,0,0,217.899,0,0,-4.06371
"MtrElec",11,8,8,"",172.48,0,0,0,0,0,0,0,0,0,0,0,0,0,0,0,0,0,0,0,0,246.406,0,0,-73.9258
"MtrElec",11,8,9,"",147.614,0,0,0,0,0,0,0,0,0,0,0,0,0,0,0,0,0,0,0,0,316.091,0,0,-168.477
"MtrElec",11,8,10,"",18.4408,0,0,0,0,0,0,0,0,0,0,0,0,0,0,0,0,0,0,0,0,305.235,0,0,-286.795
"MtrElec",11,8,11,"",163.75,0,0,0,0,0,0,0,0,0,0,0,0,0,0,0,0,0,0,0,0,451,0,0,-287.25
"MtrElec",11,8,12,"",58.8916,0,0,0,0,0,0,0,0,0,0,0,0,0,0,0,0,0,0,0,0,454.739,0,0,-395.848
"MtrElec",11,8,13,"",40.9419,0,0,0,0,0,0,0,0,0,0,0,0,0,0,0,0,0,0,0,0,438.074,0,0,-397.132
"MtrElec",11,8,14,"",103.599,0,0,0,0,0,0,0,0,0,0,0,0,0,0,0,0,0,0,0,0,407.966,0,0,-304.367
"MtrElec",11,8,15,"",164.438,0,0,0,0,0,0,0,0,0,0,0,0,0,0,0,0,0,0,0,0,366.215,0,0,-201.776
"MtrElec",11,8,16,"",305.458,0,0,0,0,0,0,0,0,0,0,0,0,0,0,0,0,0,0,0,0,381.692,0,0,-76.2347
"MtrElec",11,8,17,"",382.847,0,0,0,0,0,0,0,0,0,0,0,0,0,0,0,0,0,0,0,0,390.588,0,0,-7.74045
"MtrElec",11,8,18,"",405.448,0,0,0,0,0,0,0,0,0,0,0,0,0,0,0,0,0,0,0,0,405.448,0,0,0
"MtrElec",11,8,19,"",412.064,0,0,0,0,0,0,0,0,0,0,0,0,0,0,0,0,0,0,0,0,412.064,0,0,0
"MtrElec",11,8,20,"",356.391,0,0,0,0,0,0,0,0,0,0,0,0,0,0,0,0,0,0,0,0,356.391,0,0,0
"MtrElec",11,8,21,"",336.146,0,0,0,0,0,0,0,0,0,0,0,0,0,0,0,0,0,0,0,0,336.146,0,0,0
"MtrElec",11,8,22,"",314.605,0,0,0,0,0,0,0,0,0,0,0,0,0,0,0,0,0,0,0,0,314.605,0,0,0
"MtrElec",11,8,23,"",224.425,0,0,0,0,0,0,0,0,0,0,0,0,0,0,0,0,0,0,0,0,224.425,0,0,0
"MtrElec",11,8,24,"",246.674,0,0,0,0,0,0,0,0,0,0,0,0,0,0,0,0,0,0,0,0,246.674,0,0,0
"MtrElec",11,9,1,"",170.171,0,0,0,0,0,0,0,0,0,0,0,0,0,0,0,0,0,0,0,0,170.171,0,0,0
"MtrElec",11,9,2,"",161.508,0,0,0,0,0,0,0,0,0,0,0,0,0,0,0,0,0,0,0,0,161.508,0,0,0
"MtrElec",11,9,3,"",155.146,0,0,0,0,0,0,0,0,0,0,0,0,0,0,0,0,0,0,0,0,155.146,0,0,0
"MtrElec",11,9,4,"",159.108,0,0,0,0,0,0,0,0,0,0,0,0,0,0,0,0,0,0,0,0,159.108,0,0,0
"MtrElec",11,9,5,"",157.979,0,0,0,0,0,0,0,0,0,0,0,0,0,0,0,0,0,0,0,0,157.979,0,0,0
"MtrElec",11,9,6,"",201.975,0,0,0,0,0,0,0,0,0,0,0,0,0,0,0,0,0,0,0,0,201.975,0,0,0
"MtrElec",11,9,7,"",279.19,0,0,0,0,0,0,0,0,0,0,0,0,0,0,0,0,0,0,0,0,286.877,0,0,-7.68731
"MtrElec",11,9,8,"",222.013,0,0,0,0,0,0,0,0,0,0,0,0,0,0,0,0,0,0,0,0,324.642,0,0,-102.628
"MtrElec",11,9,9,"",284.947,0,0,0,0,0,0,0,0,0,0,0,0,0,0,0,0,0,0,0,0,355.095,0,0,-70.1476
"MtrElec",11,9,10,"",341.876,0,0,0,0,0,0,0,0,0,0,0,0,0,0,0,0,0,0,0,0,407.758,0,0,-65.8812
"MtrElec",11,9,11,"",297.176,0,0,0,0,0,0,0,0,0,0,0,0,0,0,0,0,0,0,0,0,420.737,0,0,-123.562
"MtrElec",11,9,12,"",312.898,0,0,0,0,0,0,0,0,0,0,0,0,0,0,0,0,0,0,0,0,406.461,0,0,-93.5632
"MtrElec",11,9,13,"",223.796,0,0,0,0,0,0,0,0,0,0,0,0,0,0,0,0,0,0,0,0,351.249,0,0,-127.453
"MtrElec",11,9,14,"",232.645,0,0,0,0,0,0,0,0,0,0,0,0,0,0,0,0,0,0,0,0,377.024,0,0,-144.379
"MtrElec",11,9,15,"",274.156,0,0,0,0,0,0,0,0,0,0,0,0,0,0,0,0,0,0,0,0,371.268,0,0,-97.1118
"MtrElec",11,9,16,"",186.083,0,0,0,0,0,0,0,0,0,0,0,0,0,0,0,0,0,0,0,0,343.159,0,0,-157.076
"MtrElec",11,9,17,"",411.875,0,0,0,0,0,0,0,0,0,0,0,0,0,0,0,0,0,0,0,0,423.638,0,0,-11.7622
"MtrElec",11,9,18,"",416.851,0,0,0,0,0,0,0,0,0,0,0,0,0,0,0,0,0,0,0,0,416.851,0,0,0
"MtrElec",11,9,19,"",437.245,0,0,0,0,0,0,0,0,0,0,0,0,0,0,0,0,0,0,0,0,437.245,0,0,0
"MtrElec",11,9,20,"",433.488,0,0,0,0,0,0,0,0,0,0,0,0,0,0,0,0,0,0,0,0,433.488,0,0,0
"MtrElec",11,9,21,"",415.172,0,0,0,0,0,0,0,0,0,0,0,0,0,0,0,0,0,0,0,0,415.172,0,0,0
"MtrElec",11,9,22,"",306.03,0,0,0,0,0,0,0,0,0,0,0,0,0,0,0,0,0,0,0,0,306.03,0,0,0
"MtrElec",11,9,23,"",293.985,0,0,0,0,0,0,0,0,0,0,0,0,0,0,0,0,0,0,0,0,293.985,0,0,0
"MtrElec",11,9,24,"",225.172,0,0,0,0,0,0,0,0,0,0,0,0,0,0,0,0,0,0,0,0,225.172,0,0,0
"MtrElec",11,10,1,"",195.976,0,0,0,0,0,0,0,0,0,0,0,0,0,0,0,0,0,0,0,0,195.976,0,0,0
"MtrElec",11,10,2,"",198.899,0,0,0,0,0,0,0,0,0,0,0,0,0,0,0,0,0,0,0,0,198.899,0,0,0
"MtrElec",11,10,3,"",156.307,0,0,0,0,0,0,0,0,0,0,0,0,0,0,0,0,0,0,0,0,156.307,0,0,0
"MtrElec",11,10,4,"",156.233,0,0,0,0,0,0,0,0,0,0,0,0,0,0,0,0,0,0,0,0,156.233,0,0,0
"MtrElec",11,10,5,"",154.096,0,0,0,0,0,0,0,0,0,0,0,0,0,0,0,0,0,0,0,0,154.096,0,0,0
"MtrElec",11,10,6,"",161.851,0,0,0,0,0,0,0,0,0,0,0,0,0,0,0,0,0,0,0,0,161.851,0,0,0
"MtrElec",11,10,7,"",251.82,0,0,0,0,0,0,0,0,0,0,0,0,0,0,0,0,0,0,0,0,251.82,0,0,0
"MtrElec",11,10,8,"",333.702,0,0,0,0,0,0,0,0,0,0,0,0,0,0,0,0,0,0,0,0,333.702,0,0,0
"MtrElec",11,10,9,"",365.635,0,0,0,0,0,0,0,0,0,0,0,0,0,0,0,0,0,0,0,0,417.373,0,0,-51.7375
"MtrElec",11,10,10,"",235.22,0,0,0,0,0,0,0,0,0,0,0,0,0,0,0,0,0,0,0,0,441.173,0,0,-205.953
"MtrElec",11,10,11,"",177.919,0,0,0,0,0,0,0,0,0,0,0,0,0,0,0,0,0,0,0,0,468.552,0,0,-290.633
"MtrElec",11,10,12,"",198.22,0,0,0,0,0,0,0,0,0,0,0,0,0,0,0,0,0,0,0,0,378.485,0,0,-180.265
"MtrElec",11,10,13,"",236.97,0,0,0,0,0,0,0,0,0,0,0,0,0,0,0,0,0,0,0,0,399.166,0,0,-162.196
"MtrElec",11,10,14,"",222.649,0,0,0,0,0,0,0,0,0,0,0,0,0,0,0,0,0,0,0,0,377.772,0,0,-155.122
"MtrElec",11,10,15,"",127.675,0,0,0,0,0,0,0,0,0,0,0,0,0,0,0,0,0,0,0,0,381.156,0,0,-253.481
"MtrElec",11,10,16,"",234.301,0,0,0,0,0,0,0,0,0,0,0,0,0,0,0,0,0,0,0,0,342.988,0,0,-108.687
"MtrElec",11,10,17,"",405.903,0,0,0,0,0,0,0,0,0,0,0,0,0,0,0,0,0,0,0,0,416.895,0,0,-10.9922
"MtrElec",11,10,18,"",392.498,0,0,0,0,0,0,0,0,0,0,0,0,0,0,0,0,0,0,0,0,392.498,0,0,0
"MtrElec",11,10,19,"",421.682,0,0,0,0,0,0,0,0,0,0,0,0,0,0,0,0,0,0,0,0,421.682,0,0,0
"MtrElec",11,10,20,"",433.635,0,0,0,0,0,0,0,0,0,0,0,0,0,0,0,0,0,0,0,0,433.635,0,0,0
"MtrElec",11,10,21,"",423.542,0,0,0,0,0,0,0,0,0,0,0,0,0,0,0,0,0,0,0,0,423.542,0,0,0
"MtrElec",11,10,22,"",328.637,0,0,0,0,0,0,0,0,0,0,0,0,0,0,0,0,0,0,0,0,328.637,0,0,0
"MtrElec",11,10,23,"",296.144,0,0,0,0,0,0,0,0,0,0,0,0,0,0,0,0,0,0,0,0,296.144,0,0,0
"MtrElec",11,10,24,"",235.299,0,0,0,0,0,0,0,0,0,0,0,0,0,0,0,0,0,0,0,0,235.299,0,0,0
"MtrElec",11,11,1,"",210.38,0,0,0,0,0,0,0,0,0,0,0,0,0,0,0,0,0,0,0,0,210.38,0,0,0
"MtrElec",11,11,2,"",159.047,0,0,0,0,0,0,0,0,0,0,0,0,0,0,0,0,0,0,0,0,159.047,0,0,0
"MtrElec",11,11,3,"",155.857,0,0,0,0,0,0,0,0,0,0,0,0,0,0,0,0,0,0,0,0,155.857,0,0,0
"MtrElec",11,11,4,"",156.785,0,0,0,0,0,0,0,0,0,0,0,0,0,0,0,0,0,0,0,0,156.785,0,0,0
"MtrElec",11,11,5,"",154.518,0,0,0,0,0,0,0,0,0,0,0,0,0,0,0,0,0,0,0,0,154.518,0,0,0
"MtrElec",11,11,6,"",206.185,0,0,0,0,0,0,0,0,0,0,0,0,0,0,0,0,0,0,0,0,206.185,0,0,0
"MtrElec",11,11,7,"",177.307,0,0,0,0,0,0,0,0,0,0,0,0,0,0,0,0,0,0,0,0,189.747,0,0,-12.4402
"MtrElec",11,11,8,"",123.726,0,0,0,0,0,0,0,0,0,0,0,0,0,0,0,0,0,0,0,0,301.564,0,0,-177.838
"MtrElec",11,11,9,"",-19.5755,0,0,0,0,0,0,0,0,0,0,0,0,0,0,0,0,0,0,0,0,336.131,0,0,-355.707
"MtrElec",11,11,10,"",-46.8968,0,0,0,0,0,0,0,0,0,0,0,0,0,0,0,0,0,0,0,0,439.661,0,0,-486.558
"MtrElec",11,11,11,"",0.0000156,0,0,0,0,0,0,0,0,0,0,0,0,0,0,0,0,0,0,0,0,431.718,0,138.737,-570.455
"MtrElec",11,11,12,"",0,0,0,0,0,0,0,0,0,0,0,0,0,0,0,0,0,0,0,0,0,417.083,0,194.44,-611.523
"MtrElec",11,11,13,"",0.0000078,0,0,0,0,0,0,0,0,0,0,0,0,0,0,0,0,0,0,0,0,474.014,0,122.832,-596.846
"MtrElec",11,11,14,"",0,0,0,0,0,0,0,0,0,0,0,0,0,0,0,0,0,0,0,0,0,439.081,0,89.5279,-528.609
"MtrElec",11,11,15,"",0,0,0,0,0,0,0,0,0,0,0,0,0,0,0,0,0,0,0,0,0,403.933,0,1.67625,-405.609
"MtrElec",11,11,16,"",126.228,0,0,0,0,0,0,0,0,0,0,0,0,0,0,0,0,0,0,0,0,357.695,0,0,-231.467
"MtrElec",11,11,17,"",329.579,0,0,0,0,0,0,0,0,0,0,0,0,0,0,0,0,0,0,0,0,375.622,0,0,-46.0431
"MtrElec",11,11,18,"",403.936,0,0,0,0,0,0,0,0,0,0,0,0,0,0,0,0,0,0,0,0,403.936,0,0,0
"MtrElec",11,11,19,"",218.138,0,0,0,0,0,0,0,0,0,0,0,0,0,0,0,0,0,0,0,0,441.36,0,-223.222,0
"MtrElec",11,11,20,"",102.533,0,0,0,0,0,0,0,0,0,0,0,0,0,0,0,0,0,0,0,0,325.755,0,-223.222,0
"MtrElec",11,11,21,"",271.772,0,0,0,0,0,0,0,0,0,0,0,0,0,0,0,0,0,0,0,0,319.188,0,-47.4158,0
"MtrElec",11,11,22,"",241.356,0,0,0,0,0,0,0,0,0,0,0,0,0,0,0,0,0,0,0,0,241.356,0,0,0
"MtrElec",11,11,23,"",257.215,0,0,0,0,0,0,0,0,0,0,0,0,0,0,0,0,0,0,0,0,257.215,0,0,0
"MtrElec",11,11,24,"",192.036,0,0,0,0,0,0,0,0,0,0,0,0,0,0,0,0,0,0,0,0,192.036,0,0,0
"MtrElec",11,12,1,"",162.408,0,0,0,0,0,0,0,0,0,0,0,0,0,0,0,0,0,0,0,0,162.408,0,0,0
"MtrElec",11,12,2,"",161.047,0,0,0,0,0,0,0,0,0,0,0,0,0,0,0,0,0,0,0,0,161.047,0,0,0
"MtrElec",11,12,3,"",154.66,0,0,0,0,0,0,0,0,0,0,0,0,0,0,0,0,0,0,0,0,154.66,0,0,0
"MtrElec",11,12,4,"",158.313,0,0,0,0,0,0,0,0,0,0,0,0,0,0,0,0,0,0,0,0,158.313,0,0,0
"MtrElec",11,12,5,"",194.836,0,0,0,0,0,0,0,0,0,0,0,0,0,0,0,0,0,0,0,0,194.836,0,0,0
"MtrElec",11,12,6,"",160.296,0,0,0,0,0,0,0,0,0,0,0,0,0,0,0,0,0,0,0,0,160.296,0,0,0
"MtrElec",11,12,7,"",230.821,0,0,0,0,0,0,0,0,0,0,0,0,0,0,0,0,0,0,0,0,246.563,0,0,-15.7412
"MtrElec",11,12,8,"",149.139,0,0,0,0,0,0,0,0,0,0,0,0,0,0,0,0,0,0,0,0,352.727,0,0,-203.588
"MtrElec",11,12,9,"",-40.0109,0,0,0,0,0,0,0,0,0,0,0,0,0,0,0,0,0,0,0,0,346.11,0,0,-386.121
"MtrElec",11,12,10,"",-87.5941,0,0,0,0,0,0,0,0,0,0,0,0,0,0,0,0,0,0,0,0,435.973,0,0,-523.567
"MtrElec",11,12,11,"",0,0,0,0,0,0,0,0,0,0,0,0,0,0,0,0,0,0,0,0,0,442.578,0,157.34,-599.919
"MtrElec",11,12,12,"",0,0,0,0,0,0,0,0,0,0,0,0,0,0,0,0,0,0,0,0,0,413.807,0,200.45,-614.257
"MtrElec",11,12,13,"",0,0,0,0,0,0,0,0,0,0,0,0,0,0,0,0,0,0,0,0,0,397.084,0,192.838,-589.922
"MtrElec",11,12,14,"",0,0,0,0,0,0,0,0,0,0,0,0,0,0,0,0,0,0,0,0,0,400.285,0,129.105,-529.39
"MtrElec",11,12,15,"",0.0000039,0,0,0,0,0,0,0,0,0,0,0,0,0,0,0,0,0,0,0,0,372.38,0,41.5919,-413.972
"MtrElec",11,12,16,"",155.655,0,0,0,0,0,0,0,0,0,0,0,0,0,0,0,0,0,0,0,0,392.553,0,0,-236.898
"MtrElec",11,12,17,"",326.127,0,0,0,0,0,0,0,0,0,0,0,0,0,0,0,0,0,0,0,0,372.258,0,0,-46.1304
"MtrElec",11,12,18,"",432.7,0,0,0,0,0,0,0,0,0,0,0,0,0,0,0,0,0,0,0,0,432.7,0,0,0
"MtrElec",11,12,19,"",205.397,0,0,0,0,0,0,0,0,0,0,0,0,0,0,0,0,0,0,0,0,428.619,0,-223.222,0
"MtrElec",11,12,20,"",209.666,0,0,0,0,0,0,0,0,0,0,0,0,0,0,0,0,0,0,0,0,432.888,0,-223.222,0
"MtrElec",11,12,21,"",204.762,0,0,0,0,0,0,0,0,0,0,0,0,0,0,0,0,0,0,0,0,409.313,0,-204.552,0
"MtrElec",11,12,22,"",324.452,0,0,0,0,0,0,0,0,0,0,0,0,0,0,0,0,0,0,0,0,324.452,0,0,0
"MtrElec",11,12,23,"",241.471,0,0,0,0,0,0,0,0,0,0,0,0,0,0,0,0,0,0,0,0,241.471,0,0,0
"MtrElec",11,12,24,"",258.419,0,0,0,0,0,0,0,0,0,0,0,0,0,0,0,0,0,0,0,0,258.419,0,0,0
"MtrElec",11,13,1,"",167.862,0,0,0,0,0,0,0,0,0,0,0,0,0,0,0,0,0,0,0,0,167.862,0,0,0
"MtrElec",11,13,2,"",159.715,0,0,0,0,0,0,0,0,0,0,0,0,0,0,0,0,0,0,0,0,159.715,0,0,0
"MtrElec",11,13,3,"",155.744,0,0,0,0,0,0,0,0,0,0,0,0,0,0,0,0,0,0,0,0,155.744,0,0,0
"MtrElec",11,13,4,"",155.7,0,0,0,0,0,0,0,0,0,0,0,0,0,0,0,0,0,0,0,0,155.7,0,0,0
"MtrElec",11,13,5,"",153.675,0,0,0,0,0,0,0,0,0,0,0,0,0,0,0,0,0,0,0,0,153.675,0,0,0
"MtrElec",11,13,6,"",210.997,0,0,0,0,0,0,0,0,0,0,0,0,0,0,0,0,0,0,0,0,210.997,0,0,0
"MtrElec",11,13,7,"",190.704,0,0,0,0,0,0,0,0,0,0,0,0,0,0,0,0,0,0,0,0,207.378,0,0,-16.674
"MtrElec",11,13,8,"",117.569,0,0,0,0,0,0,0,0,0,0,0,0,0,0,0,0,0,0,0,0,320.79,0,0,-203.221
"MtrElec",11,13,9,"",33.6955,0,0,0,0,0,0,0,0,0,0,0,0,0,0,0,0,0,0,0,0,416.595,0,0,-382.9
"MtrElec",11,13,10,"",-50.9027,0,0,0,0,0,0,0,0,0,0,0,0,0,0,0,0,0,0,0,0,454.995,0,0,-505.898
"MtrElec",11,13,11,"",0,0,0,0,0,0,0,0,0,0,0,0,0,0,0,0,0,0,0,0,0,458.227,0,113.436,-571.663
"MtrElec",11,13,12,"",0,0,0,0,0,0,0,0,0,0,0,0,0,0,0,0,0,0,0,0,0,436.672,0,156.58,-593.252
"MtrElec",11,13,13,"",0,0,0,0,0,0,0,0,0,0,0,0,0,0,0,0,0,0,0,0,0,477.532,0,94.8445,-572.377
"MtrElec",11,13,14,"",0,0,0,0,0,0,0,0,0,0,0,0,0,0,0,0,0,0,0,0,0,412.477,0,105.771,-518.248
"MtrElec",11,13,15,"",32.2943,0,0,0,0,0,0,0,0,0,0,0,0,0,0,0,0,0,0,0,0,439.306,0,0,-407.012
"MtrElec",11,13,16,"",176.39,0,0,0,0,0,0,0,0,0,0,0,0,0,0,0,0,0,0,0,0,385.094,0,0,-208.704
"MtrElec",11,13,17,"",448.583,0,0,0,0,0,0,0,0,0,0,0,0,0,0,0,0,0,0,0,0,466.31,0,0,-17.7271
"MtrElec",11,13,18,"",442.432,0,0,0,0,0,0,0,0,0,0,0,0,0,0,0,0,0,0,0,0,442.432,0,0,0
"MtrElec",11,13,19,"",208.864,0,0,0,0,0,0,0,0,0,0,0,0,0,0,0,0,0,0,0,0,432.086,0,-223.222,0
"MtrElec",11,13,20,"",237.036,0,0,0,0,0,0,0,0,0,0,0,0,0,0,0,0,0,0,0,0,438.559,0,-201.523,0
"MtrElec",11,13,21,"",460.547,0,0,0,0,0,0,0,0,0,0,0,0,0,0,0,0,0,0,0,0,460.547,0,0,0
"MtrElec",11,13,22,"",310.123,0,0,0,0,0,0,0,0,0,0,0,0,0,0,0,0,0,0,0,0,310.123,0,0,0
"MtrElec",11,13,23,"",246.133,0,0,0,0,0,0,0,0,0,0,0,0,0,0,0,0,0,0,0,0,246.133,0,0,0
"MtrElec",11,13,24,"",227.762,0,0,0,0,0,0,0,0,0,0,0,0,0,0,0,0,0,0,0,0,227.762,0,0,0
"MtrElec",11,14,1,"",183.26,0,0,0,0,0,0,0,0,0,0,0,0,0,0,0,0,0,0,0,0,183.26,0,0,0
"MtrElec",11,14,2,"",163.528,0,0,0,0,0,0,0,0,0,0,0,0,0,0,0,0,0,0,0,0,163.528,0,0,0
"MtrElec",11,14,3,"",159.014,0,0,0,0,0,0,0,0,0,0,0,0,0,0,0,0,0,0,0,0,159.014,0,0,0
"MtrElec",11,14,4,"",213.457,0,0,0,0,0,0,0,0,0,0,0,0,0,0,0,0,0,0,0,0,213.457,0,0,0
"MtrElec",11,14,5,"",202.543,0,0,0,0,0,0,0,0,0,0,0,0,0,0,0,0,0,0,0,0,202.543,0,0,0
"MtrElec",11,14,6,"",159.845,0,0,0,0,0,0,0,0,0,0,0,0,0,0,0,0,0,0,0,0,159.845,0,0,0
"MtrElec",11,14,7,"",173.529,0,0,0,0,0,0,0,0,0,0,0,0,0,0,0,0,0,0,0,0,190.194,0,0,-16.6651
"MtrElec",11,14,8,"",80.542,0,0,0,0,0,0,0,0,0,0,0,0,0,0,0,0,0,0,0,0,282.073,0,0,-201.531
"MtrElec",11,14,9,"",-31.2808,0,0,0,0,0,0,0,0,0,0,0,0,0,0,0,0,0,0,0,0,349.424,0,0,-380.704
"MtrElec",11,14,10,"",-35.7394,0,0,0,0,0,0,0,0,0,0,0,0,0,0,0,0,0,0,0,0,462.638,0,0,-498.378
"MtrElec",11,14,11,"",0,0,0,0,0,0,0,0,0,0,0,0,0,0,0,0,0,0,0,0,0,492.59,0,74.2915,-566.882
"MtrElec",11,14,12,"",0.0000020,0,0,0,0,0,0,0,0,0,0,0,0,0,0,0,0,0,0,0,0,559.642,0,28.6285,-588.271
"MtrElec",11,14,13,"",0,0,0,0,0,0,0,0,0,0,0,0,0,0,0,0,0,0,0,0,0,526.087,0,50.2646,-576.352
"MtrElec",11,14,14,"",0,0,0,0,0,0,0,0,0,0,0,0,0,0,0,0,0,0,0,0,0,449.897,0,68.2046,-518.102
"MtrElec",11,14,15,"",62.2643,0,0,0,0,0,0,0,0,0,0,0,0,0,0,0,0,0,0,0,0,461.881,0,0,-399.617
"MtrElec",11,14,16,"",199.837,0,0,0,0,0,0,0,0,0,0,0,0,0,0,0,0,0,0,0,0,424.48,0,0,-224.643
"MtrElec",11,14,17,"",385.31,0,0,0,0,0,0,0,0,0,0,0,0,0,0,0,0,0,0,0,0,428.432,0,0,-43.1219
"MtrElec",11,14,18,"",440.961,0,0,0,0,0,0,0,0,0,0,0,0,0,0,0,0,0,0,0,0,440.961,0,0,0
"MtrElec",11,14,19,"",264.077,0,0,0,0,0,0,0,0,0,0,0,0,0,0,0,0,0,0,0,0,463.88,0,-199.804,0
"MtrElec",11,14,20,"",385.957,0,0,0,0,0,0,0,0,0,0,0,0,0,0,0,0,0,0,0,0,385.957,0,0,0
"MtrElec",11,14,21,"",377.035,0,0,0,0,0,0,0,0,0,0,0,0,0,0,0,0,0,0,0,0,377.035,0,0,0
"MtrElec",11,14,22,"",344.397,0,0,0,0,0,0,0,0,0,0,0,0,0,0,0,0,0,0,0,0,344.397,0,0,0
"MtrElec",11,14,23,"",275.951,0,0,0,0,0,0,0,0,0,0,0,0,0,0,0,0,0,0,0,0,275.951,0,0,0
"MtrElec",11,14,24,"",225.599,0,0,0,0,0,0,0,0,0,0,0,0,0,0,0,0,0,0,0,0,225.599,0,0,0
"MtrElec",11,15,1,"",167.103,0,0,0,0,0,0,0,0,0,0,0,0,0,0,0,0,0,0,0,0,167.103,0,0,0
"MtrElec",11,15,2,"",161.011,0,0,0,0,0,0,0,0,0,0,0,0,0,0,0,0,0,0,0,0,161.011,0,0,0
"MtrElec",11,15,3,"",157.645,0,0,0,0,0,0,0,0,0,0,0,0,0,0,0,0,0,0,0,0,157.645,0,0,0
"MtrElec",11,15,4,"",157.822,0,0,0,0,0,0,0,0,0,0,0,0,0,0,0,0,0,0,0,0,157.822,0,0,0
"MtrElec",11,15,5,"",154.214,0,0,0,0,0,0,0,0,0,0,0,0,0,0,0,0,0,0,0,0,154.214,0,0,0
"MtrElec",11,15,6,"",203.837,0,0,0,0,0,0,0,0,0,0,0,0,0,0,0,0,0,0,0,0,203.837,0,0,0
"MtrElec",11,15,7,"",156.415,0,0,0,0,0,0,0,0,0,0,0,0,0,0,0,0,0,0,0,0,171.297,0,0,-14.8821
"MtrElec",11,15,8,"",63.6984,0,0,0,0,0,0,0,0,0,0,0,0,0,0,0,0,0,0,0,0,260.735,0,0,-197.037
"MtrElec",11,15,9,"",-58.9158,0,0,0,0,0,0,0,0,0,0,0,0,0,0,0,0,0,0,0,0,316.059,0,0,-374.974
"MtrElec",11,15,10,"",-95.8089,0,0,0,0,0,0,0,0,0,0,0,0,0,0,0,0,0,0,0,0,402.813,0,0,-498.622
"MtrElec",11,15,11,"",0,0,0,0,0,0,0,0,0,0,0,0,0,0,0,0,0,0,0,0,0,396.689,0,169.62,-566.309
"MtrElec",11,15,12,"",0,0,0,0,0,0,0,0,0,0,0,0,0,0,0,0,0,0,0,0,0,481.972,0,117.467,-599.439
"MtrElec",11,15,13,"",0.0000078,0,0,0,0,0,0,0,0,0,0,0,0,0,0,0,0,0,0,0,0,457.701,0,121.322,-579.023
"MtrElec",11,15,14,"",0.0000078,0,0,0,0,0,0,0,0,0,0,0,0,0,0,0,0,0,0,0,0,415.09,0,98.7469,-513.837
"MtrElec",11,15,15,"",45.7378,0,0,0,0,0,0,0,0,0,0,0,0,0,0,0,0,0,0,0,0,449.925,0,0,-404.187
"MtrElec",11,15,16,"",197.365,0,0,0,0,0,0,0,0,0,0,0,0,0,0,0,0,0,0,0,0,429.79,0,0,-232.424
"MtrElec",11,15,17,"",376.852,0,0,0,0,0,0,0,0,0,0,0,0,0,0,0,0,0,0,0,0,421.072,0,0,-44.2197
"MtrElec",11,15,18,"",416.851,0,0,0,0,0,0,0,0,0,0,0,0,0,0,0,0,0,0,0,0,416.851,0,0,0
"MtrElec",11,15,19,"",233.469,0,0,0,0,0,0,0,0,0,0,0,0,0,0,0,0,0,0,0,0,456.691,0,-223.222,0
"MtrElec",11,15,20,"",143.009,0,0,0,0,0,0,0,0,0,0,0,0,0,0,0,0,0,0,0,0,366.232,0,-223.222,0
"MtrElec",11,15,21,"",295.826,0,0,0,0,0,0,0,0,0,0,0,0,0,0,0,0,0,0,0,0,307.09,0,-11.264,0
"MtrElec",11,15,22,"",244.384,0,0,0,0,0,0,0,0,0,0,0,0,0,0,0,0,0,0,0,0,244.384,0,0,0
"MtrElec",11,15,23,"",257.964,0,0,0,0,0,0,0,0,0,0,0,0,0,0,0,0,0,0,0,0,257.964,0,0,0
"MtrElec",11,15,24,"",221.487,0,0,0,0,0,0,0,0,0,0,0,0,0,0,0,0,0,0,0,0,221.487,0,0,0
"MtrElec",11,16,1,"",178.872,0,0,0,0,0,0,0,0,0,0,0,0,0,0,0,0,0,0,0,0,178.872,0,0,0
"MtrElec",11,16,2,"",202.888,0,0,0,0,0,0,0,0,0,0,0,0,0,0,0,0,0,0,0,0,202.888,0,0,0
"MtrElec",11,16,3,"",158.69,0,0,0,0,0,0,0,0,0,0,0,0,0,0,0,0,0,0,0,0,158.69,0,0,0
"MtrElec",11,16,4,"",157.795,0,0,0,0,0,0,0,0,0,0,0,0,0,0,0,0,0,0,0,0,157.795,0,0,0
"MtrElec",11,16,5,"",157.318,0,0,0,0,0,0,0,0,0,0,0,0,0,0,0,0,0,0,0,0,157.318,0,0,0
"MtrElec",11,16,6,"",164.446,0,0,0,0,0,0,0,0,0,0,0,0,0,0,0,0,0,0,0,0,164.446,0,0,0
"MtrElec",11,16,7,"",235.302,0,0,0,0,0,0,0,0,0,0,0,0,0,0,0,0,0,0,0,0,253.085,0,0,-17.7836
"MtrElec",11,16,8,"",144.359,0,0,0,0,0,0,0,0,0,0,0,0,0,0,0,0,0,0,0,0,354.682,0,0,-210.322
"MtrElec",11,16,9,"",-1.11025,0,0,0,0,0,0,0,0,0,0,0,0,0,0,0,0,0,0,0,0,390.086,0,0,-391.196
"MtrElec",11,16,10,"",-46.461,0,0,0,0,0,0,0,0,0,0,0,0,0,0,0,0,0,0,0,0,470.807,0,0,-517.268
"MtrElec",11,16,11,"",0,0,0,0,0,0,0,0,0,0,0,0,0,0,0,0,0,0,0,0,0,493.73,0,97.2718,-591.002
"MtrElec",11,16,12,"",0,0,0,0,0,0,0,0,0,0,0,0,0,0,0,0,0,0,0,0,0,452.351,0,151.452,-603.803
"MtrElec",11,16,13,"",0,0,0,0,0,0,0,0,0,0,0,0,0,0,0,0,0,0,0,0,0,473.52,0,118.238,-591.757
"MtrElec",11,16,14,"",0.0000078,0,0,0,0,0,0,0,0,0,0,0,0,0,0,0,0,0,0,0,0,399.432,0,129.979,-529.411
"MtrElec",11,16,15,"",23.0126,0,0,0,0,0,0,0,0,0,0,0,0,0,0,0,0,0,0,0,0,432.506,0,0,-409.493
"MtrElec",11,16,16,"",165.949,0,0,0,0,0,0,0,0,0,0,0,0,0,0,0,0,0,0,0,0,403.161,0,0,-237.212
"MtrElec",11,16,17,"",420.987,0,0,0,0,0,0,0,0,0,0,0,0,0,0,0,0,0,0,0,0,466.784,0,0,-45.7974
"MtrElec",11,16,18,"",462.679,0,0,0,0,0,0,0,0,0,0,0,0,0,0,0,0,0,0,0,0,462.679,0,0,0
"MtrElec",11,16,19,"",228.235,0,0,0,0,0,0,0,0,0,0,0,0,0,0,0,0,0,0,0,0,451.457,0,-223.222,0
"MtrElec",11,16,20,"",240.808,0,0,0,0,0,0,0,0,0,0,0,0,0,0,0,0,0,0,0,0,464.031,0,-223.222,0
"MtrElec",11,16,21,"",384.842,0,0,0,0,0,0,0,0,0,0,0,0,0,0,0,0,0,0,0,0,386.885,0,-2.04396,0
"MtrElec",11,16,22,"",337.307,0,0,0,0,0,0,0,0,0,0,0,0,0,0,0,0,0,0,0,0,337.307,0,0,0
"MtrElec",11,16,23,"",281.91,0,0,0,0,0,0,0,0,0,0,0,0,0,0,0,0,0,0,0,0,281.91,0,0,0
"MtrElec",11,16,24,"",235.976,0,0,0,0,0,0,0,0,0,0,0,0,0,0,0,0,0,0,0,0,235.976,0,0,0
"MtrElec",11,17,1,"",182.199,0,0,0,0,0,0,0,0,0,0,0,0,0,0,0,0,0,0,0,0,182.199,0,0,0
"MtrElec",11,17,2,"",161.903,0,0,0,0,0,0,0,0,0,0,0,0,0,0,0,0,0,0,0,0,161.903,0,0,0
"MtrElec",11,17,3,"",156.62,0,0,0,0,0,0,0,0,0,0,0,0,0,0,0,0,0,0,0,0,156.62,0,0,0
"MtrElec",11,17,4,"",156.482,0,0,0,0,0,0,0,0,0,0,0,0,0,0,0,0,0,0,0,0,156.482,0,0,0
"MtrElec",11,17,5,"",197.402,0,0,0,0,0,0,0,0,0,0,0,0,0,0,0,0,0,0,0,0,197.402,0,0,0
"MtrElec",11,17,6,"",161.141,0,0,0,0,0,0,0,0,0,0,0,0,0,0,0,0,0,0,0,0,161.141,0,0,0
"MtrElec",11,17,7,"",243.052,0,0,0,0,0,0,0,0,0,0,0,0,0,0,0,0,0,0,0,0,258.97,0,0,-15.9177
"MtrElec",11,17,8,"",84.3101,0,0,0,0,0,0,0,0,0,0,0,0,0,0,0,0,0,0,0,0,280.25,0,0,-195.94
"MtrElec",11,17,9,"",-12.3691,0,0,0,0,0,0,0,0,0,0,0,0,0,0,0,0,0,0,0,0,366.29,0,0,-378.659
"MtrElec",11,17,10,"",-27.0335,0,0,0,0,0,0,0,0,0,0,0,0,0,0,0,0,0,0,0,0,472.302,0,0,-499.335
"MtrElec",11,17,11,"",0.0000078,0,0,0,0,0,0,0,0,0,0,0,0,0,0,0,0,0,0,0,0,447.065,0,112.858,-559.924
"MtrElec",11,17,12,"",0,0,0,0,0,0,0,0,0,0,0,0,0,0,0,0,0,0,0,0,0,430.612,0,115.056,-545.668
"MtrElec",11,17,13,"",0,0,0,0,0,0,0,0,0,0,0,0,0,0,0,0,0,0,0,0,0,520.877,0,52.9342,-573.811
"MtrElec",11,17,14,"",0,0,0,0,0,0,0,0,0,0,0,0,0,0,0,0,0,0,0,0,0,425.149,0,89.0357,-514.185
"MtrElec",11,17,15,"",48.3756,0,0,0,0,0,0,0,0,0,0,0,0,0,0,0,0,0,0,0,0,450.621,0,0,-402.245
"MtrElec",11,17,16,"",177.667,0,0,0,0,0,0,0,0,0,0,0,0,0,0,0,0,0,0,0,0,409.655,0,0,-231.987
"MtrElec",11,17,17,"",408.228,0,0,0,0,0,0,0,0,0,0,0,0,0,0,0,0,0,0,0,0,452.136,0,0,-43.9083
"MtrElec",11,17,18,"",477.382,0,0,0,0,0,0,0,0,0,0,0,0,0,0,0,0,0,0,0,0,477.382,0,0,0
"MtrElec",11,17,19,"",227.238,0,0,0,0,0,0,0,0,0,0,0,0,0,0,0,0,0,0,0,0,450.46,0,-223.222,0
"MtrElec",11,17,20,"",344.861,0,0,0,0,0,0,0,0,0,0,0,0,0,0,0,0,0,0,0,0,455.459,0,-110.598,0
"MtrElec",11,17,21,"",447.779,0,0,0,0,0,0,0,0,0,0,0,0,0,0,0,0,0,0,0,0,447.779,0,0,0
"MtrElec",11,17,22,"",335.804,0,0,0,0,0,0,0,0,0,0,0,0,0,0,0,0,0,0,0,0,335.804,0,0,0
"MtrElec",11,17,23,"",226.84,0,0,0,0,0,0,0,0,0,0,0,0,0,0,0,0,0,0,0,0,226.84,0,0,0
"MtrElec",11,17,24,"",236.359,0,0,0,0,0,0,0,0,0,0,0,0,0,0,0,0,0,0,0,0,236.359,0,0,0
"MtrElec",11,18,1,"",176.927,0,0,0,0,0,0,0,0,0,0,0,0,0,0,0,0,0,0,0,0,176.927,0,0,0
"MtrElec",11,18,2,"",160.957,0,0,0,0,0,0,0,0,0,0,0,0,0,0,0,0,0,0,0,0,160.957,0,0,0
"MtrElec",11,18,3,"",156.62,0,0,0,0,0,0,0,0,0,0,0,0,0,0,0,0,0,0,0,0,156.62,0,0,0
"MtrElec",11,18,4,"",159.459,0,0,0,0,0,0,0,0,0,0,0,0,0,0,0,0,0,0,0,0,159.459,0,0,0
"MtrElec",11,18,5,"",153.021,0,0,0,0,0,0,0,0,0,0,0,0,0,0,0,0,0,0,0,0,153.021,0,0,0
"MtrElec",11,18,6,"",194.232,0,0,0,0,0,0,0,0,0,0,0,0,0,0,0,0,0,0,0,0,194.232,0,0,0
"MtrElec",11,18,7,"",275.164,0,0,0,0,0,0,0,0,0,0,0,0,0,0,0,0,0,0,0,0,277.292,0,0,-2.12804
"MtrElec",11,18,8,"",236.484,0,0,0,0,0,0,0,0,0,0,0,0,0,0,0,0,0,0,0,0,336.512,0,0,-100.028
"MtrElec",11,18,9,"",97.4845,0,0,0,0,0,0,0,0,0,0,0,0,0,0,0,0,0,0,0,0,385.357,0,0,-287.872
"MtrElec",11,18,10,"",-25.1751,0,0,0,0,0,0,0,0,0,0,0,0,0,0,0,0,0,0,0,0,482.432,0,0,-507.607
"MtrElec",11,18,11,"",0,0,0,0,0,0,0,0,0,0,0,0,0,0,0,0,0,0,0,0,0,468.395,0,106.304,-574.698
"MtrElec",11,18,12,"",0,0,0,0,0,0,0,0,0,0,0,0,0,0,0,0,0,0,0,0,0,473.23,0,125.174,-598.404
"MtrElec",11,18,13,"",0,0,0,0,0,0,0,0,0,0,0,0,0,0,0,0,0,0,0,0,0,523.658,0,52.5753,-576.233
"MtrElec",11,18,14,"",0,0,0,0,0,0,0,0,0,0,0,0,0,0,0,0,0,0,0,0,0,438.293,0,78.8402,-517.133
"MtrElec",11,18,15,"",82.7039,0,0,0,0,0,0,0,0,0,0,0,0,0,0,0,0,0,0,0,0,486.8,0,0,-404.096
"MtrElec",11,18,16,"",210.738,0,0,0,0,0,0,0,0,0,0,0,0,0,0,0,0,0,0,0,0,442.851,0,0,-232.114
"MtrElec",11,18,17,"",427.105,0,0,0,0,0,0,0,0,0,0,0,0,0,0,0,0,0,0,0,0,470.991,0,0,-43.8866
"MtrElec",11,18,18,"",485.278,0,0,0,0,0,0,0,0,0,0,0,0,0,0,0,0,0,0,0,0,485.278,0,0,0
"MtrElec",11,18,19,"",242.668,0,0,0,0,0,0,0,0,0,0,0,0,0,0,0,0,0,0,0,0,465.89,0,-223.222,0
"MtrElec",11,18,20,"",363.686,0,0,0,0,0,0,0,0,0,0,0,0,0,0,0,0,0,0,0,0,467.975,0,-104.289,0
"MtrElec",11,18,21,"",446.864,0,0,0,0,0,0,0,0,0,0,0,0,0,0,0,0,0,0,0,0,446.864,0,0,0
"MtrElec",11,18,22,"",297.601,0,0,0,0,0,0,0,0,0,0,0,0,0,0,0,0,0,0,0,0,297.601,0,0,0
"MtrElec",11,18,23,"",265.999,0,0,0,0,0,0,0,0,0,0,0,0,0,0,0,0,0,0,0,0,265.999,0,0,0
"MtrElec",11,18,24,"",252.617,0,0,0,0,0,0,0,0,0,0,0,0,0,0,0,0,0,0,0,0,252.617,0,0,0
"MtrElec",11,19,1,"",174.521,0,0,0,0,0,0,0,0,0,0,0,0,0,0,0,0,0,0,0,0,174.521,0,0,0
"MtrElec",11,19,2,"",160.653,0,0,0,0,0,0,0,0,0,0,0,0,0,0,0,0,0,0,0,0,160.653,0,0,0
"MtrElec",11,19,3,"",155.379,0,0,0,0,0,0,0,0,0,0,0,0,0,0,0,0,0,0,0,0,155.379,0,0,0
"MtrElec",11,19,4,"",156.405,0,0,0,0,0,0,0,0,0,0,0,0,0,0,0,0,0,0,0,0,156.405,0,0,0
"MtrElec",11,19,5,"",154.773,0,0,0,0,0,0,0,0,0,0,0,0,0,0,0,0,0,0,0,0,154.773,0,0,0
"MtrElec",11,19,6,"",198.551,0,0,0,0,0,0,0,0,0,0,0,0,0,0,0,0,0,0,0,0,198.551,0,0,0
"MtrElec",11,19,7,"",258.967,0,0,0,0,0,0,0,0,0,0,0,0,0,0,0,0,0,0,0,0,275.169,0,0,-16.202
"MtrElec",11,19,8,"",109.798,0,0,0,0,0,0,0,0,0,0,0,0,0,0,0,0,0,0,0,0,313.107,0,0,-203.309
"MtrElec",11,19,9,"",-11.5108,0,0,0,0,0,0,0,0,0,0,0,0,0,0,0,0,0,0,0,0,388.329,0,0,-399.84
"MtrElec",11,19,10,"",-88.3188,0,0,0,0,0,0,0,0,0,0,0,0,0,0,0,0,0,0,0,0,434.707,0,0,-523.025
"MtrElec",11,19,11,"",0,0,0,0,0,0,0,0,0,0,0,0,0,0,0,0,0,0,0,0,0,499.159,0,87.7716,-586.93
"MtrElec",11,19,12,"",0.0000078,0,0,0,0,0,0,0,0,0,0,0,0,0,0,0,0,0,0,0,0,483.115,0,126.311,-609.425
"MtrElec",11,19,13,"",0,0,0,0,0,0,0,0,0,0,0,0,0,0,0,0,0,0,0,0,0,533.502,0,65.6097,-599.112
"MtrElec",11,19,14,"",0.0000078,0,0,0,0,0,0,0,0,0,0,0,0,0,0,0,0,0,0,0,0,423.389,0,108.834,-532.222
"MtrElec",11,19,15,"",62.7075,0,0,0,0,0,0,0,0,0,0,0,0,0,0,0,0,0,0,0,0,473.41,0,0,-410.703
"MtrElec",11,19,16,"",179.581,0,0,0,0,0,0,0,0,0,0,0,0,0,0,0,0,0,0,0,0,417.206,0,0,-237.625
"MtrElec",11,19,17,"",421.135,0,0,0,0,0,0,0,0,0,0,0,0,0,0,0,0,0,0,0,0,466.45,0,0,-45.3143
"MtrElec",11,19,18,"",426.043,0,0,0,0,0,0,0,0,0,0,0,0,0,0,0,0,0,0,0,0,426.043,0,0,0
"MtrElec",11,19,19,"",201.316,0,0,0,0,0,0,0,0,0,0,0,0,0,0,0,0,0,0,0,0,424.538,0,-223.222,0
"MtrElec",11,19,20,"",328.716,0,0,0,0,0,0,0,0,0,0,0,0,0,0,0,0,0,0,0,0,456.138,0,-127.422,0
"MtrElec",11,19,21,"",451.198,0,0,0,0,0,0,0,0,0,0,0,0,0,0,0,0,0,0,0,0,451.198,0,0,0
"MtrElec",11,19,22,"",308.611,0,0,0,0,0,0,0,0,0,0,0,0,0,0,0,0,0,0,0,0,308.611,0,0,0
"MtrElec",11,19,23,"",300.866,0,0,0,0,0,0,0,0,0,0,0,0,0,0,0,0,0,0,0,0,300.866,0,0,0
"MtrElec",11,19,24,"",229.661,0,0,0,0,0,0,0,0,0,0,0,0,0,0,0,0,0,0,0,0,229.661,0,0,0
"MtrElec",11,20,1,"",181.869,0,0,0,0,0,0,0,0,0,0,0,0,0,0,0,0,0,0,0,0,181.869,0,0,0
"MtrElec",11,20,2,"",161.839,0,0,0,0,0,0,0,0,0,0,0,0,0,0,0,0,0,0,0,0,161.839,0,0,0
"MtrElec",11,20,3,"",156.696,0,0,0,0,0,0,0,0,0,0,0,0,0,0,0,0,0,0,0,0,156.696,0,0,0
"MtrElec",11,20,4,"",157.242,0,0,0,0,0,0,0,0,0,0,0,0,0,0,0,0,0,0,0,0,157.242,0,0,0
"MtrElec",11,20,5,"",196.914,0,0,0,0,0,0,0,0,0,0,0,0,0,0,0,0,0,0,0,0,196.914,0,0,0
"MtrElec",11,20,6,"",161.042,0,0,0,0,0,0,0,0,0,0,0,0,0,0,0,0,0,0,0,0,161.042,0,0,0
"MtrElec",11,20,7,"",250.644,0,0,0,0,0,0,0,0,0,0,0,0,0,0,0,0,0,0,0,0,263.809,0,0,-13.1645
"MtrElec",11,20,8,"",173.55,0,0,0,0,0,0,0,0,0,0,0,0,0,0,0,0,0,0,0,0,361.079,0,0,-187.53
"MtrElec",11,20,9,"",25.3016,0,0,0,0,0,0,0,0,0,0,0,0,0,0,0,0,0,0,0,0,395.569,0,0,-370.268
"MtrElec",11,20,10,"",-34.2269,0,0,0,0,0,0,0,0,0,0,0,0,0,0,0,0,0,0,0,0,455.121,0,0,-489.348
"MtrElec",11,20,11,"",0.0000078,0,0,0,0,0,0,0,0,0,0,0,0,0,0,0,0,0,0,0,0,468.367,0,86.0644,-554.432
"MtrElec",11,20,12,"",0,0,0,0,0,0,0,0,0,0,0,0,0,0,0,0,0,0,0,0,0,497.074,0,82.8323,-579.906
"MtrElec",11,20,13,"",0.0000039,0,0,0,0,0,0,0,0,0,0,0,0,0,0,0,0,0,0,0,0,512.636,0,46.059,-558.695
"MtrElec",11,20,14,"",0,0,0,0,0,0,0,0,0,0,0,0,0,0,0,0,0,0,0,0,0,480.852,0,12.3419,-493.194
"MtrElec",11,20,15,"",68.4024,0,0,0,0,0,0,0,0,0,0,0,0,0,0,0,0,0,0,0,0,451.481,0,0,-383.078
"MtrElec",11,20,16,"",268.081,0,0,0,0,0,0,0,0,0,0,0,0,0,0,0,0,0,0,0,0,488.148,0,0,-220.067
"MtrElec",11,20,17,"",419.753,0,0,0,0,0,0,0,0,0,0,0,0,0,0,0,0,0,0,0,0,451.32,0,0,-31.5675
"MtrElec",11,20,18,"",493.426,0,0,0,0,0,0,0,0,0,0,0,0,0,0,0,0,0,0,0,0,493.426,0,0,0
"MtrElec",11,20,19,"",268.599,0,0,0,0,0,0,0,0,0,0,0,0,0,0,0,0,0,0,0,0,473.735,0,-205.136,0
"MtrElec",11,20,20,"",449.345,0,0,0,0,0,0,0,0,0,0,0,0,0,0,0,0,0,0,0,0,449.345,0,0,0
"MtrElec",11,20,21,"",462.256,0,0,0,0,0,0,0,0,0,0,0,0,0,0,0,0,0,0,0,0,462.256,0,0,0
"MtrElec",11,20,22,"",329.323,0,0,0,0,0,0,0,0,0,0,0,0,0,0,0,0,0,0,0,0,329.323,0,0,0
"MtrElec",11,20,23,"",257.747,0,0,0,0,0,0,0,0,0,0,0,0,0,0,0,0,0,0,0,0,257.747,0,0,0
"MtrElec",11,20,24,"",255.424,0,0,0,0,0,0,0,0,0,0,0,0,0,0,0,0,0,0,0,0,255.424,0,0,0
"MtrElec",11,21,1,"",173.915,0,0,0,0,0,0,0,0,0,0,0,0,0,0,0,0,0,0,0,0,173.915,0,0,0
"MtrElec",11,21,2,"",161.545,0,0,0,0,0,0,0,0,0,0,0,0,0,0,0,0,0,0,0,0,161.545,0,0,0
"MtrElec",11,21,3,"",158.585,0,0,0,0,0,0,0,0,0,0,0,0,0,0,0,0,0,0,0,0,158.585,0,0,0
"MtrElec",11,21,4,"",158.68,0,0,0,0,0,0,0,0,0,0,0,0,0,0,0,0,0,0,0,0,158.68,0,0,0
"MtrElec",11,21,5,"",169.959,0,0,0,0,0,0,0,0,0,0,0,0,0,0,0,0,0,0,0,0,169.959,0,0,0
"MtrElec",11,21,6,"",161.947,0,0,0,0,0,0,0,0,0,0,0,0,0,0,0,0,0,0,0,0,161.947,0,0,0
"MtrElec",11,21,7,"",220.551,0,0,0,0,0,0,0,0,0,0,0,0,0,0,0,0,0,0,0,0,232.325,0,0,-11.774
"MtrElec",11,21,8,"",90.654,0,0,0,0,0,0,0,0,0,0,0,0,0,0,0,0,0,0,0,0,270.694,0,0,-180.04
"MtrElec",11,21,9,"",-44.9815,0,0,0,0,0,0,0,0,0,0,0,0,0,0,0,0,0,0,0,0,320.795,0,0,-365.776
"MtrElec",11,21,10,"",-27.0998,0,0,0,0,0,0,0,0,0,0,0,0,0,0,0,0,0,0,0,0,465.109,0,0,-492.209
"MtrElec",11,21,11,"",0,0,0,0,0,0,0,0,0,0,0,0,0,0,0,0,0,0,0,0,0,489.86,0,71.9128,-561.773
"MtrElec",11,21,12,"",0,0,0,0,0,0,0,0,0,0,0,0,0,0,0,0,0,0,0,0,0,573.448,0,12.9484,-586.396
"MtrElec",11,21,13,"",0.0000020,0,0,0,0,0,0,0,0,0,0,0,0,0,0,0,0,0,0,0,0,523.45,0,32.6963,-556.146
"MtrElec",11,21,14,"",21.6947,0,0,0,0,0,0,0,0,0,0,0,0,0,0,0,0,0,0,0,0,510.289,0,0,-488.594
"MtrElec",11,21,15,"",150.884,0,0,0,0,0,0,0,0,0,0,0,0,0,0,0,0,0,0,0,0,526.848,0,0,-375.964
"MtrElec",11,21,16,"",345.645,0,0,0,0,0,0,0,0,0,0,0,0,0,0,0,0,0,0,0,0,474.874,0,0,-129.229
"MtrElec",11,21,17,"",448.653,0,0,0,0,0,0,0,0,0,0,0,0,0,0,0,0,0,0,0,0,479.218,0,0,-30.5646
"MtrElec",11,21,18,"",534.819,0,0,0,0,0,0,0,0,0,0,0,0,0,0,0,0,0,0,0,0,534.819,0,0,0
"MtrElec",11,21,19,"",385.253,0,0,0,0,0,0,0,0,0,0,0,0,0,0,0,0,0,0,0,0,491.348,0,-106.096,0
"MtrElec",11,21,20,"",442.797,0,0,0,0,0,0,0,0,0,0,0,0,0,0,0,0,0,0,0,0,442.797,0,0,0
"MtrElec",11,21,21,"",337.16,0,0,0,0,0,0,0,0,0,0,0,0,0,0,0,0,0,0,0,0,337.16,0,0,0
"MtrElec",11,21,22,"",358.107,0,0,0,0,0,0,0,0,0,0,0,0,0,0,0,0,0,0,0,0,358.107,0,0,0
"MtrElec",11,21,23,"",260.752,0,0,0,0,0,0,0,0,0,0,0,0,0,0,0,0,0,0,0,0,260.752,0,0,0
"MtrElec",11,21,24,"",203.438,0,0,0,0,0,0,0,0,0,0,0,0,0,0,0,0,0,0,0,0,203.438,0,0,0
"MtrElec",11,22,1,"",170.004,0,0,0,0,0,0,0,0,0,0,0,0,0,0,0,0,0,0,0,0,170.004,0,0,0
"MtrElec",11,22,2,"",159.652,0,0,0,0,0,0,0,0,0,0,0,0,0,0,0,0,0,0,0,0,159.652,0,0,0
"MtrElec",11,22,3,"",161.506,0,0,0,0,0,0,0,0,0,0,0,0,0,0,0,0,0,0,0,0,161.506,0,0,0
"MtrElec",11,22,4,"",202.574,0,0,0,0,0,0,0,0,0,0,0,0,0,0,0,0,0,0,0,0,202.574,0,0,0
"MtrElec",11,22,5,"",190.811,0,0,0,0,0,0,0,0,0,0,0,0,0,0,0,0,0,0,0,0,190.811,0,0,0
"MtrElec",11,22,6,"",158.887,0,0,0,0,0,0,0,0,0,0,0,0,0,0,0,0,0,0,0,0,158.887,0,0,0
"MtrElec",11,22,7,"",183.42,0,0,0,0,0,0,0,0,0,0,0,0,0,0,0,0,0,0,0,0,194.223,0,0,-10.8023
"MtrElec",11,22,8,"",44.358,0,0,0,0,0,0,0,0,0,0,0,0,0,0,0,0,0,0,0,0,216.037,0,0,-171.679
"MtrElec",11,22,9,"",12.774,0,0,0,0,0,0,0,0,0,0,0,0,0,0,0,0,0,0,0,0,341.777,0,0,-329.003
"MtrElec",11,22,10,"",-79.9442,0,0,0,0,0,0,0,0,0,0,0,0,0,0,0,0,0,0,0,0,397.108,0,0,-477.052
"MtrElec",11,22,11,"",0,0,0,0,0,0,0,0,0,0,0,0,0,0,0,0,0,0,0,0,0,466.04,0,26.1085,-492.149
"MtrElec",11,22,12,"",0,0,0,0,0,0,0,0,0,0,0,0,0,0,0,0,0,0,0,0,0,422.58,0,105.988,-528.568
"MtrElec",11,22,13,"",0,0,0,0,0,0,0,0,0,0,0,0,0,0,0,0,0,0,0,0,0,477.341,0,82.3551,-559.696
"MtrElec",11,22,14,"",0,0,0,0,0,0,0,0,0,0,0,0,0,0,0,0,0,0,0,0,0,447.076,0,57.2177,-504.293
"MtrElec",11,22,15,"",90.7667,0,0,0,0,0,0,0,0,0,0,0,0,0,0,0,0,0,0,0,0,478.283,0,0,-387.516
"MtrElec",11,22,16,"",213.521,0,0,0,0,0,0,0,0,0,0,0,0,0,0,0,0,0,0,0,0,430.493,0,0,-216.972
"MtrElec",11,22,17,"",362.669,0,0,0,0,0,0,0,0,0,0,0,0,0,0,0,0,0,0,0,0,401.756,0,0,-39.0862
"MtrElec",11,22,18,"",398.831,0,0,0,0,0,0,0,0,0,0,0,0,0,0,0,0,0,0,0,0,398.831,0,0,0
"MtrElec",11,22,19,"",227.006,0,0,0,0,0,0,0,0,0,0,0,0,0,0,0,0,0,0,0,0,450.228,0,-223.222,0
"MtrElec",11,22,20,"",355.082,0,0,0,0,0,0,0,0,0,0,0,0,0,0,0,0,0,0,0,0,377.041,0,-21.9597,0
"MtrElec",11,22,21,"",378.659,0,0,0,0,0,0,0,0,0,0,0,0,0,0,0,0,0,0,0,0,378.659,0,0,0
"MtrElec",11,22,22,"",365.392,0,0,0,0,0,0,0,0,0,0,0,0,0,0,0,0,0,0,0,0,365.392,0,0,0
"MtrElec",11,22,23,"",214.244,0,0,0,0,0,0,0,0,0,0,0,0,0,0,0,0,0,0,0,0,214.244,0,0,0
"MtrElec",11,22,24,"",260.308,0,0,0,0,0,0,0,0,0,0,0,0,0,0,0,0,0,0,0,0,260.308,0,0,0
"MtrElec",11,23,1,"",174.341,0,0,0,0,0,0,0,0,0,0,0,0,0,0,0,0,0,0,0,0,174.341,0,0,0
"MtrElec",11,23,2,"",165.025,0,0,0,0,0,0,0,0,0,0,0,0,0,0,0,0,0,0,0,0,165.025,0,0,0
"MtrElec",11,23,3,"",159.235,0,0,0,0,0,0,0,0,0,0,0,0,0,0,0,0,0,0,0,0,159.235,0,0,0
"MtrElec",11,23,4,"",156.864,0,0,0,0,0,0,0,0,0,0,0,0,0,0,0,0,0,0,0,0,156.864,0,0,0
"MtrElec",11,23,5,"",155.102,0,0,0,0,0,0,0,0,0,0,0,0,0,0,0,0,0,0,0,0,155.102,0,0,0
"MtrElec",11,23,6,"",194.45,0,0,0,0,0,0,0,0,0,0,0,0,0,0,0,0,0,0,0,0,194.45,0,0,0
"MtrElec",11,23,7,"",277.492,0,0,0,0,0,0,0,0,0,0,0,0,0,0,0,0,0,0,0,0,277.492,0,0,0
"MtrElec",11,23,8,"",280.489,0,0,0,0,0,0,0,0,0,0,0,0,0,0,0,0,0,0,0,0,327.647,0,0,-47.1581
"MtrElec",11,23,9,"",166.645,0,0,0,0,0,0,0,0,0,0,0,0,0,0,0,0,0,0,0,0,385.251,0,0,-218.607
"MtrElec",11,23,10,"",232.774,0,0,0,0,0,0,0,0,0,0,0,0,0,0,0,0,0,0,0,0,438.412,0,0,-205.638
"MtrElec",11,23,11,"",281.248,0,0,0,0,0,0,0,0,0,0,0,0,0,0,0,0,0,0,0,0,455.336,0,0,-174.088
"MtrElec",11,23,12,"",219.158,0,0,0,0,0,0,0,0,0,0,0,0,0,0,0,0,0,0,0,0,439.845,0,0,-220.688
"MtrElec",11,23,13,"",61.5396,0,0,0,0,0,0,0,0,0,0,0,0,0,0,0,0,0,0,0,0,435.826,0,0,-374.286
"MtrElec",11,23,14,"",61.5033,0,0,0,0,0,0,0,0,0,0,0,0,0,0,0,0,0,0,0,0,399.224,0,0,-337.721
"MtrElec",11,23,15,"",69.8703,0,0,0,0,0,0,0,0,0,0,0,0,0,0,0,0,0,0,0,0,370.009,0,0,-300.139
"MtrElec",11,23,16,"",331.47,0,0,0,0,0,0,0,0,0,0,0,0,0,0,0,0,0,0,0,0,404.813,0,0,-73.3427
"MtrElec",11,23,17,"",385.107,0,0,0,0,0,0,0,0,0,0,0,0,0,0,0,0,0,0,0,0,386.152,0,0,-1.04523
"MtrElec",11,23,18,"",452.225,0,0,0,0,0,0,0,0,0,0,0,0,0,0,0,0,0,0,0,0,452.225,0,0,0
"MtrElec",11,23,19,"",440.49,0,0,0,0,0,0,0,0,0,0,0,0,0,0,0,0,0,0,0,0,440.49,0,0,0
"MtrElec",11,23,20,"",431.724,0,0,0,0,0,0,0,0,0,0,0,0,0,0,0,0,0,0,0,0,431.724,0,0,0
"MtrElec",11,23,21,"",408.228,0,0,0,0,0,0,0,0,0,0,0,0,0,0,0,0,0,0,0,0,408.228,0,0,0
"MtrElec",11,23,22,"",293.344,0,0,0,0,0,0,0,0,0,0,0,0,0,0,0,0,0,0,0,0,293.344,0,0,0
"MtrElec",11,23,23,"",284.044,0,0,0,0,0,0,0,0,0,0,0,0,0,0,0,0,0,0,0,0,284.044,0,0,0
"MtrElec",11,23,24,"",199.923,0,0,0,0,0,0,0,0,0,0,0,0,0,0,0,0,0,0,0,0,199.923,0,0,0
"MtrElec",11,24,1,"",170.029,0,0,0,0,0,0,0,0,0,0,0,0,0,0,0,0,0,0,0,0,170.029,0,0,0
"MtrElec",11,24,2,"",164.626,0,0,0,0,0,0,0,0,0,0,0,0,0,0,0,0,0,0,0,0,164.626,0,0,0
"MtrElec",11,24,3,"",158.701,0,0,0,0,0,0,0,0,0,0,0,0,0,0,0,0,0,0,0,0,158.701,0,0,0
"MtrElec",11,24,4,"",156.747,0,0,0,0,0,0,0,0,0,0,0,0,0,0,0,0,0,0,0,0,156.747,0,0,0
"MtrElec",11,24,5,"",194.174,0,0,0,0,0,0,0,0,0,0,0,0,0,0,0,0,0,0,0,0,194.174,0,0,0
"MtrElec",11,24,6,"",160.105,0,0,0,0,0,0,0,0,0,0,0,0,0,0,0,0,0,0,0,0,160.105,0,0,0
"MtrElec",11,24,7,"",239.741,0,0,0,0,0,0,0,0,0,0,0,0,0,0,0,0,0,0,0,0,248.023,0,0,-8.28261
"MtrElec",11,24,8,"",190.449,0,0,0,0,0,0,0,0,0,0,0,0,0,0,0,0,0,0,0,0,347.202,0,0,-156.754
"MtrElec",11,24,9,"",27.0447,0,0,0,0,0,0,0,0,0,0,0,0,0,0,0,0,0,0,0,0,367.849,0,0,-340.804
"MtrElec",11,24,10,"",-66.6541,0,0,0,0,0,0,0,0,0,0,0,0,0,0,0,0,0,0,0,0,404.349,0,0,-471.003
"MtrElec",11,24,11,"",0,0,0,0,0,0,0,0,0,0,0,0,0,0,0,0,0,0,0,0,0,444.762,0,108.58,-553.342
"MtrElec",11,24,12,"",0,0,0,0,0,0,0,0,0,0,0,0,0,0,0,0,0,0,0,0,0,408.645,0,178.401,-587.046
"MtrElec",11,24,13,"",0,0,0,0,0,0,0,0,0,0,0,0,0,0,0,0,0,0,0,0,0,449.584,0,125.329,-574.913
"MtrElec",11,24,14,"",0,0,0,0,0,0,0,0,0,0,0,0,0,0,0,0,0,0,0,0,0,393.382,0,108.761,-502.143
"MtrElec",11,24,15,"",40.2863,0,0,0,0,0,0,0,0,0,0,0,0,0,0,0,0,0,0,0,0,424.416,0,0,-384.129
"MtrElec",11,24,16,"",178.173,0,0,0,0,0,0,0,0,0,0,0,0,0,0,0,0,0,0,0,0,394.027,0,0,-215.854
"MtrElec",11,24,17,"",416.69,0,0,0,0,0,0,0,0,0,0,0,0,0,0,0,0,0,0,0,0,454.848,0,0,-38.1584
"MtrElec",11,24,18,"",452.914,0,0,0,0,0,0,0,0,0,0,0,0,0,0,0,0,0,0,0,0,452.914,0,0,0
"MtrElec",11,24,19,"",209.539,0,0,0,0,0,0,0,0,0,0,0,0,0,0,0,0,0,0,0,0,432.762,0,-223.222,0
"MtrElec",11,24,20,"",197.351,0,0,0,0,0,0,0,0,0,0,0,0,0,0,0,0,0,0,0,0,420.574,0,-223.222,0
"MtrElec",11,24,21,"",344.877,0,0,0,0,0,0,0,0,0,0,0,0,0,0,0,0,0,0,0,0,368.699,0,-23.8222,0
"MtrElec",11,24,22,"",314.772,0,0,0,0,0,0,0,0,0,0,0,0,0,0,0,0,0,0,0,0,314.772,0,0,0
"MtrElec",11,24,23,"",274.995,0,0,0,0,0,0,0,0,0,0,0,0,0,0,0,0,0,0,0,0,274.995,0,0,0
"MtrElec",11,24,24,"",206.541,0,0,0,0,0,0,0,0,0,0,0,0,0,0,0,0,0,0,0,0,206.541,0,0,0
"MtrElec",11,25,1,"",168.965,0,0,0,0,0,0,0,0,0,0,0,0,0,0,0,0,0,0,0,0,168.965,0,0,0
"MtrElec",11,25,2,"",160.875,0,0,0,0,0,0,0,0,0,0,0,0,0,0,0,0,0,0,0,0,160.875,0,0,0
"MtrElec",11,25,3,"",158.33,0,0,0,0,0,0,0,0,0,0,0,0,0,0,0,0,0,0,0,0,158.33,0,0,0
"MtrElec",11,25,4,"",156.435,0,0,0,0,0,0,0,0,0,0,0,0,0,0,0,0,0,0,0,0,156.435,0,0,0
"MtrElec",11,25,5,"",154.173,0,0,0,0,0,0,0,0,0,0,0,0,0,0,0,0,0,0,0,0,154.173,0,0,0
"MtrElec",11,25,6,"",199.938,0,0,0,0,0,0,0,0,0,0,0,0,0,0,0,0,0,0,0,0,199.938,0,0,0
"MtrElec",11,25,7,"",251.583,0,0,0,0,0,0,0,0,0,0,0,0,0,0,0,0,0,0,0,0,251.583,0,0,0
"MtrElec",11,25,8,"",289.009,0,0,0,0,0,0,0,0,0,0,0,0,0,0,0,0,0,0,0,0,300.78,0,0,-11.7708
"MtrElec",11,25,9,"",341.979,0,0,0,0,0,0,0,0,0,0,0,0,0,0,0,0,0,0,0,0,410.917,0,0,-68.9386
"MtrElec",11,25,10,"",156.767,0,0,0,0,0,0,0,0,0,0,0,0,0,0,0,0,0,0,0,0,487.469,0,0,-330.702
"MtrElec",11,25,11,"",0,0,0,0,0,0,0,0,0,0,0,0,0,0,0,0,0,0,0,0,0,476.171,0,65.1804,-541.351
"MtrElec",11,25,12,"",0,0,0,0,0,0,0,0,0,0,0,0,0,0,0,0,0,0,0,0,0,442.186,0,126.857,-569.043
"MtrElec",11,25,13,"",0,0,0,0,0,0,0,0,0,0,0,0,0,0,0,0,0,0,0,0,0,433.099,0,130.152,-563.252
"MtrElec",11,25,14,"",0,0,0,0,0,0,0,0,0,0,0,0,0,0,0,0,0,0,0,0,0,409.614,0,23.9919,-433.606
"MtrElec",11,25,15,"",0,0,0,0,0,0,0,0,0,0,0,0,0,0,0,0,0,0,0,0,0,356.698,0,3.78834,-360.487
"MtrElec",11,25,16,"",178.415,0,0,0,0,0,0,0,0,0,0,0,0,0,0,0,0,0,0,0,0,388.67,0,0,-210.255
"MtrElec",11,25,17,"",416.416,0,0,0,0,0,0,0,0,0,0,0,0,0,0,0,0,0,0,0,0,454.098,0,0,-37.6814
"MtrElec",11,25,18,"",412.951,0,0,0,0,0,0,0,0,0,0,0,0,0,0,0,0,0,0,0,0,412.951,0,0,0
"MtrElec",11,25,19,"",194.041,0,0,0,0,0,0,0,0,0,0,0,0,0,0,0,0,0,0,0,0,417.264,0,-223.222,0
"MtrElec",11,25,20,"",362.205,0,0,0,0,0,0,0,0,0,0,0,0,0,0,0,0,0,0,0,0,454.831,0,-92.626,0
"MtrElec",11,25,21,"",454.917,0,0,0,0,0,0,0,0,0,0,0,0,0,0,0,0,0,0,0,0,454.917,0,0,0
"MtrElec",11,25,22,"",315.805,0,0,0,0,0,0,0,0,0,0,0,0,0,0,0,0,0,0,0,0,315.805,0,0,0
"MtrElec",11,25,23,"",278.38,0,0,0,0,0,0,0,0,0,0,0,0,0,0,0,0,0,0,0,0,278.38,0,0,0
"MtrElec",11,25,24,"",203.682,0,0,0,0,0,0,0,0,0,0,0,0,0,0,0,0,0,0,0,0,203.682,0,0,0
"MtrElec",11,26,1,"",232.333,0,0,0,0,0,0,0,0,0,0,0,0,0,0,0,0,0,0,0,0,232.333,0,0,0
"MtrElec",11,26,2,"",163.942,0,0,0,0,0,0,0,0,0,0,0,0,0,0,0,0,0,0,0,0,163.942,0,0,0
"MtrElec",11,26,3,"",156.742,0,0,0,0,0,0,0,0,0,0,0,0,0,0,0,0,0,0,0,0,156.742,0,0,0
"MtrElec",11,26,4,"",157.244,0,0,0,0,0,0,0,0,0,0,0,0,0,0,0,0,0,0,0,0,157.244,0,0,0
"MtrElec",11,26,5,"",153.051,0,0,0,0,0,0,0,0,0,0,0,0,0,0,0,0,0,0,0,0,153.051,0,0,0
"MtrElec",11,26,6,"",195.517,0,0,0,0,0,0,0,0,0,0,0,0,0,0,0,0,0,0,0,0,195.517,0,0,0
"MtrElec",11,26,7,"",228.483,0,0,0,0,0,0,0,0,0,0,0,0,0,0,0,0,0,0,0,0,228.513,0,0,-0.0295617
"MtrElec",11,26,8,"",190.372,0,0,0,0,0,0,0,0,0,0,0,0,0,0,0,0,0,0,0,0,303.192,0,0,-112.82
"MtrElec",11,26,9,"",-19.5645,0,0,0,0,0,0,0,0,0,0,0,0,0,0,0,0,0,0,0,0,351.051,0,0,-370.616
"MtrElec",11,26,10,"",-45.1505,0,0,0,0,0,0,0,0,0,0,0,0,0,0,0,0,0,0,0,0,464.597,0,0,-509.747
"MtrElec",11,26,11,"",0,0,0,0,0,0,0,0,0,0,0,0,0,0,0,0,0,0,0,0,0,477.805,0,115.209,-593.014
"MtrElec",11,26,12,"",0,0,0,0,0,0,0,0,0,0,0,0,0,0,0,0,0,0,0,0,0,470.858,0,159.657,-630.515
"MtrElec",11,26,13,"",0,0,0,0,0,0,0,0,0,0,0,0,0,0,0,0,0,0,0,0,0,455.64,0,159.683,-615.323
"MtrElec",11,26,14,"",0,0,0,0,0,0,0,0,0,0,0,0,0,0,0,0,0,0,0,0,0,399.742,0,138.246,-537.988
"MtrElec",11,26,15,"",0,0,0,0,0,0,0,0,0,0,0,0,0,0,0,0,0,0,0,0,0,355.071,0,60.7709,-415.842
"MtrElec",11,26,16,"",104.547,0,0,0,0,0,0,0,0,0,0,0,0,0,0,0,0,0,0,0,0,347.25,0,0,-242.703
"MtrElec",11,26,17,"",351.144,0,0,0,0,0,0,0,0,0,0,0,0,0,0,0,0,0,0,0,0,397.095,0,0,-45.951
"MtrElec",11,26,18,"",430.404,0,0,0,0,0,0,0,0,0,0,0,0,0,0,0,0,0,0,0,0,430.404,0,0,0
"MtrElec",11,26,19,"",239.136,0,0,0,0,0,0,0,0,0,0,0,0,0,0,0,0,0,0,0,0,462.359,0,-223.222,0
"MtrElec",11,26,20,"",81.0744,0,0,0,0,0,0,0,0,0,0,0,0,0,0,0,0,0,0,0,0,304.297,0,-223.222,0
"MtrElec",11,26,21,"",208.523,0,0,0,0,0,0,0,0,0,0,0,0,0,0,0,0,0,0,0,0,333.871,0,-125.348,0
"MtrElec",11,26,22,"",272.483,0,0,0,0,0,0,0,0,0,0,0,0,0,0,0,0,0,0,0,0,272.483,0,0,0
"MtrElec",11,26,23,"",250.157,0,0,0,0,0,0,0,0,0,0,0,0,0,0,0,0,0,0,0,0,250.157,0,0,0
"MtrElec",11,26,24,"",204.926,0,0,0,0,0,0,0,0,0,0,0,0,0,0,0,0,0,0,0,0,204.926,0,0,0
"MtrElec",11,27,1,"",164.926,0,0,0,0,0,0,0,0,0,0,0,0,0,0,0,0,0,0,0,0,164.926,0,0,0
"MtrElec",11,27,2,"",206.477,0,0,0,0,0,0,0,0,0,0,0,0,0,0,0,0,0,0,0,0,206.477,0,0,0
"MtrElec",11,27,3,"",157.711,0,0,0,0,0,0,0,0,0,0,0,0,0,0,0,0,0,0,0,0,157.711,0,0,0
"MtrElec",11,27,4,"",157.78,0,0,0,0,0,0,0,0,0,0,0,0,0,0,0,0,0,0,0,0,157.78,0,0,0
"MtrElec",11,27,5,"",153.101,0,0,0,0,0,0,0,0,0,0,0,0,0,0,0,0,0,0,0,0,153.101,0,0,0
"MtrElec",11,27,6,"",225.875,0,0,0,0,0,0,0,0,0,0,0,0,0,0,0,0,0,0,0,0,225.875,0,0,0
"MtrElec",11,27,7,"",241.45,0,0,0,0,0,0,0,0,0,0,0,0,0,0,0,0,0,0,0,0,254.213,0,0,-12.7629
"MtrElec",11,27,8,"",106.397,0,0,0,0,0,0,0,0,0,0,0,0,0,0,0,0,0,0,0,0,284.061,0,0,-177.664
"MtrElec",11,27,9,"",50.3732,0,0,0,0,0,0,0,0,0,0,0,0,0,0,0,0,0,0,0,0,419.151,0,0,-368.778
"MtrElec",11,27,10,"",-30.8617,0,0,0,0,0,0,0,0,0,0,0,0,0,0,0,0,0,0,0,0,463.085,0,0,-493.947
"MtrElec",11,27,11,"",0,0,0,0,0,0,0,0,0,0,0,0,0,0,0,0,0,0,0,0,0,556.786,0,13.2939,-570.08
"MtrElec",11,27,12,"",0,0,0,0,0,0,0,0,0,0,0,0,0,0,0,0,0,0,0,0,0,476.55,0,120.534,-597.084
"MtrElec",11,27,13,"",0,0,0,0,0,0,0,0,0,0,0,0,0,0,0,0,0,0,0,0,0,542.588,0,43.3605,-585.949
"MtrElec",11,27,14,"",0,0,0,0,0,0,0,0,0,0,0,0,0,0,0,0,0,0,0,0,0,474.062,0,47.3962,-521.458
"MtrElec",11,27,15,"",58.5903,0,0,0,0,0,0,0,0,0,0,0,0,0,0,0,0,0,0,0,0,460.98,0,0,-402.39
"MtrElec",11,27,16,"",178.399,0,0,0,0,0,0,0,0,0,0,0,0,0,0,0,0,0,0,0,0,407.532,0,0,-229.133
"MtrElec",11,27,17,"",393.579,0,0,0,0,0,0,0,0,0,0,0,0,0,0,0,0,0,0,0,0,436.508,0,0,-42.9293
"MtrElec",11,27,18,"",516.745,0,0,0,0,0,0,0,0,0,0,0,0,0,0,0,0,0,0,0,0,516.745,0,0,0
"MtrElec",11,27,19,"",308.478,0,0,0,0,0,0,0,0,0,0,0,0,0,0,0,0,0,0,0,0,511.166,0,-202.688,0
"MtrElec",11,27,20,"",441.551,0,0,0,0,0,0,0,0,0,0,0,0,0,0,0,0,0,0,0,0,441.551,0,0,0
"MtrElec",11,27,21,"",421.891,0,0,0,0,0,0,0,0,0,0,0,0,0,0,0,0,0,0,0,0,421.891,0,0,0
"MtrElec",11,27,22,"",333.519,0,0,0,0,0,0,0,0,0,0,0,0,0,0,0,0,0,0,0,0,333.519,0,0,0
"MtrElec",11,27,23,"",237.526,0,0,0,0,0,0,0,0,0,0,0,0,0,0,0,0,0,0,0,0,237.526,0,0,0
"MtrElec",11,27,24,"",217.745,0,0,0,0,0,0,0,0,0,0,0,0,0,0,0,0,0,0,0,0,217.745,0,0,0
"MtrElec",11,28,1,"",170.344,0,0,0,0,0,0,0,0,0,0,0,0,0,0,0,0,0,0,0,0,170.344,0,0,0
"MtrElec",11,28,2,"",218.776,0,0,0,0,0,0,0,0,0,0,0,0,0,0,0,0,0,0,0,0,218.776,0,0,0
"MtrElec",11,28,3,"",156.212,0,0,0,0,0,0,0,0,0,0,0,0,0,0,0,0,0,0,0,0,156.212,0,0,0
"MtrElec",11,28,4,"",164.444,0,0,0,0,0,0,0,0,0,0,0,0,0,0,0,0,0,0,0,0,164.444,0,0,0
"MtrElec",11,28,5,"",165.812,0,0,0,0,0,0,0,0,0,0,0,0,0,0,0,0,0,0,0,0,165.812,0,0,0
"MtrElec",11,28,6,"",162.857,0,0,0,0,0,0,0,0,0,0,0,0,0,0,0,0,0,0,0,0,162.857,0,0,0
"MtrElec",11,28,7,"",241.213,0,0,0,0,0,0,0,0,0,0,0,0,0,0,0,0,0,0,0,0,250.75,0,0,-9.53696
"MtrElec",11,28,8,"",111.064,0,0,0,0,0,0,0,0,0,0,0,0,0,0,0,0,0,0,0,0,275.718,0,0,-164.654
"MtrElec",11,28,9,"",-39.0495,0,0,0,0,0,0,0,0,0,0,0,0,0,0,0,0,0,0,0,0,314.548,0,0,-353.598
"MtrElec",11,28,10,"",-63.5191,0,0,0,0,0,0,0,0,0,0,0,0,0,0,0,0,0,0,0,0,429.09,0,0,-492.609
"MtrElec",11,28,11,"",0,0,0,0,0,0,0,0,0,0,0,0,0,0,0,0,0,0,0,0,0,489.731,0,83.4655,-573.196
"MtrElec",11,28,12,"",0,0,0,0,0,0,0,0,0,0,0,0,0,0,0,0,0,0,0,0,0,480.33,0,117.164,-597.494
"MtrElec",11,28,13,"",0,0,0,0,0,0,0,0,0,0,0,0,0,0,0,0,0,0,0,0,0,479.832,0,82.7259,-562.558
"MtrElec",11,28,14,"",0,0,0,0,0,0,0,0,0,0,0,0,0,0,0,0,0,0,0,0,0,448.587,0,55.2651,-503.852
"MtrElec",11,28,15,"",88.3323,0,0,0,0,0,0,0,0,0,0,0,0,0,0,0,0,0,0,0,0,483.34,0,0,-395.008
"MtrElec",11,28,16,"",173.039,0,0,0,0,0,0,0,0,0,0,0,0,0,0,0,0,0,0,0,0,395.982,0,0,-222.943
"MtrElec",11,28,17,"",352.997,0,0,0,0,0,0,0,0,0,0,0,0,0,0,0,0,0,0,0,0,393.59,0,0,-40.5929
"MtrElec",11,28,18,"",423.975,0,0,0,0,0,0,0,0,0,0,0,0,0,0,0,0,0,0,0,0,423.975,0,0,0
"MtrElec",11,28,19,"",238.365,0,0,0,0,0,0,0,0,0,0,0,0,0,0,0,0,0,0,0,0,461.587,0,-223.222,0
"MtrElec",11,28,20,"",338.232,0,0,0,0,0,0,0,0,0,0,0,0,0,0,0,0,0,0,0,0,420.614,0,-82.3824,0
"MtrElec",11,28,21,"",322.248,0,0,0,0,0,0,0,0,0,0,0,0,0,0,0,0,0,0,0,0,322.248,0,0,0
"MtrElec",11,28,22,"",313.108,0,0,0,0,0,0,0,0,0,0,0,0,0,0,0,0,0,0,0,0,313.108,0,0,0
"MtrElec",11,28,23,"",266.607,0,0,0,0,0,0,0,0,0,0,0,0,0,0,0,0,0,0,0,0,266.607,0,0,0
"MtrElec",11,28,24,"",295.456,0,0,0,0,0,0,0,0,0,0,0,0,0,0,0,0,0,0,0,0,295.456,0,0,0
"MtrElec",11,29,1,"",193.74,0,0,0,0,0,0,0,0,0,0,0,0,0,0,0,0,0,0,0,0,193.74,0,0,0
"MtrElec",11,29,2,"",164.641,0,0,0,0,0,0,0,0,0,0,0,0,0,0,0,0,0,0,0,0,164.641,0,0,0
"MtrElec",11,29,3,"",162.505,0,0,0,0,0,0,0,0,0,0,0,0,0,0,0,0,0,0,0,0,162.505,0,0,0
"MtrElec",11,29,4,"",164.944,0,0,0,0,0,0,0,0,0,0,0,0,0,0,0,0,0,0,0,0,164.944,0,0,0
"MtrElec",11,29,5,"",175.043,0,0,0,0,0,0,0,0,0,0,0,0,0,0,0,0,0,0,0,0,175.043,0,0,0
"MtrElec",11,29,6,"",167.603,0,0,0,0,0,0,0,0,0,0,0,0,0,0,0,0,0,0,0,0,167.603,0,0,0
"MtrElec",11,29,7,"",214.226,0,0,0,0,0,0,0,0,0,0,0,0,0,0,0,0,0,0,0,0,221.56,0,0,-7.33435
"MtrElec",11,29,8,"",39.7094,0,0,0,0,0,0,0,0,0,0,0,0,0,0,0,0,0,0,0,0,192.456,0,0,-152.747
"MtrElec",11,29,9,"",-56.6321,0,0,0,0,0,0,0,0,0,0,0,0,0,0,0,0,0,0,0,0,277.069,0,0,-333.701
"MtrElec",11,29,10,"",-126.234,0,0,0,0,0,0,0,0,0,0,0,0,0,0,0,0,0,0,0,0,336.407,0,0,-462.641
"MtrElec",11,29,11,"",0,0,0,0,0,0,0,0,0,0,0,0,0,0,0,0,0,0,0,0,0,393.478,0,153.712,-547.189
"MtrElec",11,29,12,"",0,0,0,0,0,0,0,0,0,0,0,0,0,0,0,0,0,0,0,0,0,396.265,0,187.621,-583.886
"MtrElec",11,29,13,"",0.0000156,0,0,0,0,0,0,0,0,0,0,0,0,0,0,0,0,0,0,0,0,381.576,0,187.312,-568.888
"MtrElec",11,29,14,"",0,0,0,0,0,0,0,0,0,0,0,0,0,0,0,0,0,0,0,0,0,362.304,0,137.398,-499.702
"MtrElec",11,29,15,"",0.0000010,0,0,0,0,0,0,0,0,0,0,0,0,0,0,0,0,0,0,0,0,369.217,0,12.033,-381.25
"MtrElec",11,29,16,"",121.161,0,0,0,0,0,0,0,0,0,0,0,0,0,0,0,0,0,0,0,0,333.487,0,0,-212.325
"MtrElec",11,29,17,"",292.468,0,0,0,0,0,0,0,0,0,0,0,0,0,0,0,0,0,0,0,0,329.135,0,0,-36.6665
"MtrElec",11,29,18,"",332.255,0,0,0,0,0,0,0,0,0,0,0,0,0,0,0,0,0,0,0,0,332.255,0,0,0
"MtrElec",11,29,19,"",198.228,0,0,0,0,0,0,0,0,0,0,0,0,0,0,0,0,0,0,0,0,421.45,0,-223.222,0
"MtrElec",11,29,20,"",130.801,0,0,0,0,0,0,0,0,0,0,0,0,0,0,0,0,0,0,0,0,354.023,0,-223.222,0
"MtrElec",11,29,21,"",195.606,0,0,0,0,0,0,0,0,0,0,0,0,0,0,0,0,0,0,0,0,361.124,0,-165.518,0
"MtrElec",11,29,22,"",358.981,0,0,0,0,0,0,0,0,0,0,0,0,0,0,0,0,0,0,0,0,358.981,0,0,0
"MtrElec",11,29,23,"",257.666,0,0,0,0,0,0,0,0,0,0,0,0,0,0,0,0,0,0,0,0,257.666,0,0,0
"MtrElec",11,29,24,"",210.509,0,0,0,0,0,0,0,0,0,0,0,0,0,0,0,0,0,0,0,0,210.509,0,0,0
"MtrElec",11,30,1,"",176.181,0,0,0,0,0,0,0,0,0,0,0,0,0,0,0,0,0,0,0,0,176.181,0,0,0
"MtrElec",11,30,2,"",165.157,0,0,0,0,0,0,0,0,0,0,0,0,0,0,0,0,0,0,0,0,165.157,0,0,0
"MtrElec",11,30,3,"",157.128,0,0,0,0,0,0,0,0,0,0,0,0,0,0,0,0,0,0,0,0,157.128,0,0,0
"MtrElec",11,30,4,"",158.957,0,0,0,0,0,0,0,0,0,0,0,0,0,0,0,0,0,0,0,0,158.957,0,0,0
"MtrElec",11,30,5,"",150.465,0,0,0,0,0,0,0,0,0,0,0,0,0,0,0,0,0,0,0,0,150.465,0,0,0
"MtrElec",11,30,6,"",204.583,0,0,0,0,0,0,0,0,0,0,0,0,0,0,0,0,0,0,0,0,204.583,0,0,0
"MtrElec",11,30,7,"",255.395,0,0,0,0,0,0,0,0,0,0,0,0,0,0,0,0,0,0,0,0,261.742,0,0,-6.34718
"MtrElec",11,30,8,"",208.914,0,0,0,0,0,0,0,0,0,0,0,0,0,0,0,0,0,0,0,0,355.395,0,0,-146.481
"MtrElec",11,30,9,"",71.1526,0,0,0,0,0,0,0,0,0,0,0,0,0,0,0,0,0,0,0,0,409.122,0,0,-337.97
"MtrElec",11,30,10,"",-29.0562,0,0,0,0,0,0,0,0,0,0,0,0,0,0,0,0,0,0,0,0,448.352,0,0,-477.408
"MtrElec",11,30,11,"",0.0000078,0,0,0,0,0,0,0,0,0,0,0,0,0,0,0,0,0,0,0,0,437.815,0,107.462,-545.278
"MtrElec",11,30,12,"",0,0,0,0,0,0,0,0,0,0,0,0,0,0,0,0,0,0,0,0,0,422.402,0,151.895,-574.297
"MtrElec",11,30,13,"",0,0,0,0,0,0,0,0,0,0,0,0,0,0,0,0,0,0,0,0,0,491.887,0,63.389,-555.276
"MtrElec",11,30,14,"",0.0000078,0,0,0,0,0,0,0,0,0,0,0,0,0,0,0,0,0,0,0,0,385.145,0,112.486,-497.631
"MtrElec",11,30,15,"",0.0000039,0,0,0,0,0,0,0,0,0,0,0,0,0,0,0,0,0,0,0,0,351.914,0,37.1561,-389.071
"MtrElec",11,30,16,"",174.61,0,0,0,0,0,0,0,0,0,0,0,0,0,0,0,0,0,0,0,0,391.151,0,0,-216.541
"MtrElec",11,30,17,"",343.388,0,0,0,0,0,0,0,0,0,0,0,0,0,0,0,0,0,0,0,0,380.379,0,0,-36.9909
"MtrElec",11,30,18,"",446.537,0,0,0,0,0,0,0,0,0,0,0,0,0,0,0,0,0,0,0,0,446.537,0,0,0
"MtrElec",11,30,19,"",230.978,0,0,0,0,0,0,0,0,0,0,0,0,0,0,0,0,0,0,0,0,454.2,0,-223.222,0
"MtrElec",11,30,20,"",249.615,0,0,0,0,0,0,0,0,0,0,0,0,0,0,0,0,0,0,0,0,452.723,0,-203.108,0
"MtrElec",11,30,21,"",409.836,0,0,0,0,0,0,0,0,0,0,0,0,0,0,0,0,0,0,0,0,409.836,0,0,0
"MtrElec",11,30,22,"",283.26,0,0,0,0,0,0,0,0,0,0,0,0,0,0,0,0,0,0,0,0,283.26,0,0,0
"MtrElec",11,30,23,"",317.991,0,0,0,0,0,0,0,0,0,0,0,0,0,0,0,0,0,0,0,0,317.991,0,0,0
"MtrElec",11,30,24,"",197.109,0,0,0,0,0,0,0,0,0,0,0,0,0,0,0,0,0,0,0,0,197.109,0,0,0
"MtrElec",12,1,1,"",184.719,0,0,0,0,0,0,0,0,0,0,0,0,0,0,0,0,0,0,0,0,184.719,0,0,0
"MtrElec",12,1,2,"",212.698,0,0,0,0,0,0,0,0,0,0,0,0,0,0,0,0,0,0,0,0,212.698,0,0,0
"MtrElec",12,1,3,"",165.782,0,0,0,0,0,0,0,0,0,0,0,0,0,0,0,0,0,0,0,0,165.782,0,0,0
"MtrElec",12,1,4,"",167.975,0,0,0,0,0,0,0,0,0,0,0,0,0,0,0,0,0,0,0,0,167.975,0,0,0
"MtrElec",12,1,5,"",165.596,0,0,0,0,0,0,0,0,0,0,0,0,0,0,0,0,0,0,0,0,165.596,0,0,0
"MtrElec",12,1,6,"",179.52,0,0,0,0,0,0,0,0,0,0,0,0,0,0,0,0,0,0,0,0,179.52,0,0,0
"MtrElec",12,1,7,"",304.063,0,0,0,0,0,0,0,0,0,0,0,0,0,0,0,0,0,0,0,0,312.04,0,0,-7.977
"MtrElec",12,1,8,"",169.839,0,0,0,0,0,0,0,0,0,0,0,0,0,0,0,0,0,0,0,0,333.654,0,0,-163.816
"MtrElec",12,1,9,"",5.73012,0,0,0,0,0,0,0,0,0,0,0,0,0,0,0,0,0,0,0,0,370.2,0,0,-364.47
"MtrElec",12,1,10,"",-111.12,0,0,0,0,0,0,0,0,0,0,0,0,0,0,0,0,0,0,0,0,390.008,0,0,-501.128
"MtrElec",12,1,11,"",0,0,0,0,0,0,0,0,0,0,0,0,0,0,0,0,0,0,0,0,0,420.277,0,161.74,-582.017
"MtrElec",12,1,12,"",-27.5498,0,0,0,0,0,0,0,0,0,0,0,0,0,0,0,0,0,0,0,0,361.509,0,223.222,-612.282
"MtrElec",12,1,13,"",0,0,0,0,0,0,0,0,0,0,0,0,0,0,0,0,0,0,0,0,0,450.795,0,140.645,-591.44
"MtrElec",12,1,14,"",0,0,0,0,0,0,0,0,0,0,0,0,0,0,0,0,0,0,0,0,0,364.28,0,157.325,-521.605
"MtrElec",12,1,15,"",0,0,0,0,0,0,0,0,0,0,0,0,0,0,0,0,0,0,0,0,0,322.154,0,82.843,-404.997
"MtrElec",12,1,16,"",150.844,0,0,0,0,0,0,0,0,0,0,0,0,0,0,0,0,0,0,0,0,380.658,0,0,-229.814
"MtrElec",12,1,17,"",332.568,0,0,0,0,0,0,0,0,0,0,0,0,0,0,0,0,0,0,0,0,373.711,0,0,-41.1428
"MtrElec",12,1,18,"",436.795,0,0,0,0,0,0,0,0,0,0,0,0,0,0,0,0,0,0,0,0,436.795,0,0,0
"MtrElec",12,1,19,"",230.251,0,0,0,0,0,0,0,0,0,0,0,0,0,0,0,0,0,0,0,0,453.473,0,-223.222,0
"MtrElec",12,1,20,"",202.231,0,0,0,0,0,0,0,0,0,0,0,0,0,0,0,0,0,0,0,0,425.453,0,-223.222,0
"MtrElec",12,1,21,"",181.328,0,0,0,0,0,0,0,0,0,0,0,0,0,0,0,0,0,0,0,0,404.55,0,-223.222,0
"MtrElec",12,1,22,"",293.974,0,0,0,0,0,0,0,0,0,0,0,0,0,0,0,0,0,0,0,0,315.419,0,-21.445,0
"MtrElec",12,1,23,"",287.041,0,0,0,0,0,0,0,0,0,0,0,0,0,0,0,0,0,0,0,0,287.041,0,0,0
"MtrElec",12,1,24,"",200.224,0,0,0,0,0,0,0,0,0,0,0,0,0,0,0,0,0,0,0,0,200.224,0,0,0
"MtrElec",12,2,1,"",193.132,0,0,0,0,0,0,0,0,0,0,0,0,0,0,0,0,0,0,0,0,193.132,0,0,0
"MtrElec",12,2,2,"",169.38,0,0,0,0,0,0,0,0,0,0,0,0,0,0,0,0,0,0,0,0,169.38,0,0,0
"MtrElec",12,2,3,"",165.059,0,0,0,0,0,0,0,0,0,0,0,0,0,0,0,0,0,0,0,0,165.059,0,0,0
"MtrElec",12,2,4,"",176.665,0,0,0,0,0,0,0,0,0,0,0,0,0,0,0,0,0,0,0,0,176.665,0,0,0
"MtrElec",12,2,5,"",176.568,0,0,0,0,0,0,0,0,0,0,0,0,0,0,0,0,0,0,0,0,176.568,0,0,0
"MtrElec",12,2,6,"",254.953,0,0,0,0,0,0,0,0,0,0,0,0,0,0,0,0,0,0,0,0,254.953,0,0,0
"MtrElec",12,2,7,"",292.234,0,0,0,0,0,0,0,0,0,0,0,0,0,0,0,0,0,0,0,0,298.197,0,0,-5.96318
"MtrElec",12,2,8,"",225.766,0,0,0,0,0,0,0,0,0,0,0,0,0,0,0,0,0,0,0,0,378.266,0,0,-152.501
"MtrElec",12,2,9,"",38.5102,0,0,0,0,0,0,0,0,0,0,0,0,0,0,0,0,0,0,0,0,384.569,0,0,-346.058
"MtrElec",12,2,10,"",-63.7018,0,0,0,0,0,0,0,0,0,0,0,0,0,0,0,0,0,0,0,0,420.911,0,0,-484.613
"MtrElec",12,2,11,"",0,0,0,0,0,0,0,0,0,0,0,0,0,0,0,0,0,0,0,0,0,452.968,0,112.021,-564.99
"MtrElec",12,2,12,"",0,0,0,0,0,0,0,0,0,0,0,0,0,0,0,0,0,0,0,0,0,428.561,0,168.757,-597.318
"MtrElec",12,2,13,"",0.0000078,0,0,0,0,0,0,0,0,0,0,0,0,0,0,0,0,0,0,0,0,463.362,0,115.312,-578.674
"MtrElec",12,2,14,"",0.0000156,0,0,0,0,0,0,0,0,0,0,0,0,0,0,0,0,0,0,0,0,332.792,0,177.956,-510.748
"MtrElec",12,2,15,"",0,0,0,0,0,0,0,0,0,0,0,0,0,0,0,0,0,0,0,0,0,382.32,0,12.2766,-394.597
"MtrElec",12,2,16,"",175.437,0,0,0,0,0,0,0,0,0,0,0,0,0,0,0,0,0,0,0,0,399.572,0,0,-224.135
"MtrElec",12,2,17,"",347.916,0,0,0,0,0,0,0,0,0,0,0,0,0,0,0,0,0,0,0,0,387.902,0,0,-39.9866
"MtrElec",12,2,18,"",446.291,0,0,0,0,0,0,0,0,0,0,0,0,0,0,0,0,0,0,0,0,446.291,0,0,0
"MtrElec",12,2,19,"",210.324,0,0,0,0,0,0,0,0,0,0,0,0,0,0,0,0,0,0,0,0,433.547,0,-223.222,0
"MtrElec",12,2,20,"",205.138,0,0,0,0,0,0,0,0,0,0,0,0,0,0,0,0,0,0,0,0,428.36,0,-223.222,0
"MtrElec",12,2,21,"",325.841,0,0,0,0,0,0,0,0,0,0,0,0,0,0,0,0,0,0,0,0,408.553,0,-82.7121,0
"MtrElec",12,2,22,"",319.792,0,0,0,0,0,0,0,0,0,0,0,0,0,0,0,0,0,0,0,0,319.792,0,0,0
"MtrElec",12,2,23,"",302.581,0,0,0,0,0,0,0,0,0,0,0,0,0,0,0,0,0,0,0,0,302.581,0,0,0
"MtrElec",12,2,24,"",224.893,0,0,0,0,0,0,0,0,0,0,0,0,0,0,0,0,0,0,0,0,224.893,0,0,0
"MtrElec",12,3,1,"",203.787,0,0,0,0,0,0,0,0,0,0,0,0,0,0,0,0,0,0,0,0,203.787,0,0,0
"MtrElec",12,3,2,"",171.976,0,0,0,0,0,0,0,0,0,0,0,0,0,0,0,0,0,0,0,0,171.976,0,0,0
"MtrElec",12,3,3,"",221.631,0,0,0,0,0,0,0,0,0,0,0,0,0,0,0,0,0,0,0,0,221.631,0,0,0
"MtrElec",12,3,4,"",177.809,0,0,0,0,0,0,0,0,0,0,0,0,0,0,0,0,0,0,0,0,177.809,0,0,0
"MtrElec",12,3,5,"",174.825,0,0,0,0,0,0,0,0,0,0,0,0,0,0,0,0,0,0,0,0,174.825,0,0,0
"MtrElec",12,3,6,"",181.786,0,0,0,0,0,0,0,0,0,0,0,0,0,0,0,0,0,0,0,0,181.786,0,0,0
"MtrElec",12,3,7,"",415.64,0,0,0,0,0,0,0,0,0,0,0,0,0,0,0,0,0,0,0,0,415.64,0,0,0
"MtrElec",12,3,8,"",205.913,0,0,0,0,0,0,0,0,0,0,0,0,0,0,0,0,0,0,0,0,365.362,0,0,-159.449
"MtrElec",12,3,9,"",77.4778,0,0,0,0,0,0,0,0,0,0,0,0,0,0,0,0,0,0,0,0,429.558,0,0,-352.08
"MtrElec",12,3,10,"",-58.1632,0,0,0,0,0,0,0,0,0,0,0,0,0,0,0,0,0,0,0,0,428.903,0,0,-487.066
"MtrElec",12,3,11,"",0,0,0,0,0,0,0,0,0,0,0,0,0,0,0,0,0,0,0,0,0,424.904,0,140.905,-565.808
"MtrElec",12,3,12,"",0.0000156,0,0,0,0,0,0,0,0,0,0,0,0,0,0,0,0,0,0,0,0,421.246,0,173.658,-594.904
"MtrElec",12,3,13,"",0,0,0,0,0,0,0,0,0,0,0,0,0,0,0,0,0,0,0,0,0,462.137,0,123.292,-585.429
"MtrElec",12,3,14,"",0,0,0,0,0,0,0,0,0,0,0,0,0,0,0,0,0,0,0,0,0,343.214,0,181.906,-525.119
"MtrElec",12,3,15,"",0,0,0,0,0,0,0,0,0,0,0,0,0,0,0,0,0,0,0,0,0,380.689,0,21.099,-401.788
"MtrElec",12,3,16,"",113.863,0,0,0,0,0,0,0,0,0,0,0,0,0,0,0,0,0,0,0,0,340.35,0,0,-226.488
"MtrElec",12,3,17,"",376.941,0,0,0,0,0,0,0,0,0,0,0,0,0,0,0,0,0,0,0,0,418.373,0,0,-41.4317
"MtrElec",12,3,18,"",437.327,0,0,0,0,0,0,0,0,0,0,0,0,0,0,0,0,0,0,0,0,437.327,0,0,0
"MtrElec",12,3,19,"",206.492,0,0,0,0,0,0,0,0,0,0,0,0,0,0,0,0,0,0,0,0,429.715,0,-223.222,0
"MtrElec",12,3,20,"",239.546,0,0,0,0,0,0,0,0,0,0,0,0,0,0,0,0,0,0,0,0,462.768,0,-223.222,0
"MtrElec",12,3,21,"",302.584,0,0,0,0,0,0,0,0,0,0,0,0,0,0,0,0,0,0,0,0,434.516,0,-131.932,0
"MtrElec",12,3,22,"",292.324,0,0,0,0,0,0,0,0,0,0,0,0,0,0,0,0,0,0,0,0,292.324,0,0,0
"MtrElec",12,3,23,"",330.187,0,0,0,0,0,0,0,0,0,0,0,0,0,0,0,0,0,0,0,0,330.187,0,0,0
"MtrElec",12,3,24,"",286.918,0,0,0,0,0,0,0,0,0,0,0,0,0,0,0,0,0,0,0,0,286.918,0,0,0
"MtrElec",12,4,1,"",174.016,0,0,0,0,0,0,0,0,0,0,0,0,0,0,0,0,0,0,0,0,174.016,0,0,0
"MtrElec",12,4,2,"",170.023,0,0,0,0,0,0,0,0,0,0,0,0,0,0,0,0,0,0,0,0,170.023,0,0,0
"MtrElec",12,4,3,"",168.319,0,0,0,0,0,0,0,0,0,0,0,0,0,0,0,0,0,0,0,0,168.319,0,0,0
"MtrElec",12,4,4,"",172.326,0,0,0,0,0,0,0,0,0,0,0,0,0,0,0,0,0,0,0,0,172.326,0,0,0
"MtrElec",12,4,5,"",172.071,0,0,0,0,0,0,0,0,0,0,0,0,0,0,0,0,0,0,0,0,172.071,0,0,0
"MtrElec",12,4,6,"",186.613,0,0,0,0,0,0,0,0,0,0,0,0,0,0,0,0,0,0,0,0,186.613,0,0,0
"MtrElec",12,4,7,"",297.614,0,0,0,0,0,0,0,0,0,0,0,0,0,0,0,0,0,0,0,0,297.614,0,0,0
"MtrElec",12,4,8,"",272.907,0,0,0,0,0,0,0,0,0,0,0,0,0,0,0,0,0,0,0,0,413.302,0,0,-140.396
"MtrElec",12,4,9,"",104.596,0,0,0,0,0,0,0,0,0,0,0,0,0,0,0,0,0,0,0,0,441.852,0,0,-337.256
"MtrElec",12,4,10,"",-33.84,0,0,0,0,0,0,0,0,0,0,0,0,0,0,0,0,0,0,0,0,443.275,0,0,-477.115
"MtrElec",12,4,11,"",0,0,0,0,0,0,0,0,0,0,0,0,0,0,0,0,0,0,0,0,0,461.973,0,105.027,-567
"MtrElec",12,4,12,"",70.4289,0,0,0,0,0,0,0,0,0,0,0,0,0,0,0,0,0,0,0,0,448.686,0,0,-378.257
"MtrElec",12,4,13,"",134.385,0,0,0,0,0,0,0,0,0,0,0,0,0,0,0,0,0,0,0,0,399.558,0,0,-265.174
"MtrElec",12,4,14,"",230.79,0,0,0,0,0,0,0,0,0,0,0,0,0,0,0,0,0,0,0,0,355.971,0,0,-125.182
"MtrElec",12,4,15,"",203.091,0,0,0,0,0,0,0,0,0,0,0,0,0,0,0,0,0,0,0,0,312.563,0,0,-109.472
"MtrElec",12,4,16,"",199.854,0,0,0,0,0,0,0,0,0,0,0,0,0,0,0,0,0,0,0,0,373.472,0,0,-173.619
"MtrElec",12,4,17,"",333.389,0,0,0,0,0,0,0,0,0,0,0,0,0,0,0,0,0,0,0,0,361.277,0,0,-27.8879
"MtrElec",12,4,18,"",431.55,0,0,0,0,0,0,0,0,0,0,0,0,0,0,0,0,0,0,0,0,431.55,0,0,0
"MtrElec",12,4,19,"",332.245,0,0,0,0,0,0,0,0,0,0,0,0,0,0,0,0,0,0,0,0,427.033,0,-94.7872,0
"MtrElec",12,4,20,"",444.564,0,0,0,0,0,0,0,0,0,0,0,0,0,0,0,0,0,0,0,0,444.564,0,0,0
"MtrElec",12,4,21,"",433.823,0,0,0,0,0,0,0,0,0,0,0,0,0,0,0,0,0,0,0,0,433.823,0,0,0
"MtrElec",12,4,22,"",279.594,0,0,0,0,0,0,0,0,0,0,0,0,0,0,0,0,0,0,0,0,279.594,0,0,0
"MtrElec",12,4,23,"",317.475,0,0,0,0,0,0,0,0,0,0,0,0,0,0,0,0,0,0,0,0,317.475,0,0,0
"MtrElec",12,4,24,"",227.432,0,0,0,0,0,0,0,0,0,0,0,0,0,0,0,0,0,0,0,0,227.432,0,0,0
"MtrElec",12,5,1,"",165.115,0,0,0,0,0,0,0,0,0,0,0,0,0,0,0,0,0,0,0,0,165.115,0,0,0
"MtrElec",12,5,2,"",208.113,0,0,0,0,0,0,0,0,0,0,0,0,0,0,0,0,0,0,0,0,208.113,0,0,0
"MtrElec",12,5,3,"",160.118,0,0,0,0,0,0,0,0,0,0,0,0,0,0,0,0,0,0,0,0,160.118,0,0,0
"MtrElec",12,5,4,"",164.827,0,0,0,0,0,0,0,0,0,0,0,0,0,0,0,0,0,0,0,0,164.827,0,0,0
"MtrElec",12,5,5,"",225.964,0,0,0,0,0,0,0,0,0,0,0,0,0,0,0,0,0,0,0,0,225.964,0,0,0
"MtrElec",12,5,6,"",160.124,0,0,0,0,0,0,0,0,0,0,0,0,0,0,0,0,0,0,0,0,160.124,0,0,0
"MtrElec",12,5,7,"",249.684,0,0,0,0,0,0,0,0,0,0,0,0,0,0,0,0,0,0,0,0,249.684,0,0,0
"MtrElec",12,5,8,"",288.154,0,0,0,0,0,0,0,0,0,0,0,0,0,0,0,0,0,0,0,0,288.675,0,0,-0.520269
"MtrElec",12,5,9,"",268.905,0,0,0,0,0,0,0,0,0,0,0,0,0,0,0,0,0,0,0,0,323.091,0,0,-54.1861
"MtrElec",12,5,10,"",434.819,0,0,0,0,0,0,0,0,0,0,0,0,0,0,0,0,0,0,0,0,471.449,0,0,-36.6293
"MtrElec",12,5,11,"",477.315,0,0,0,0,0,0,0,0,0,0,0,0,0,0,0,0,0,0,0,0,509.419,0,0,-32.1041
"MtrElec",12,5,12,"",445.294,0,0,0,0,0,0,0,0,0,0,0,0,0,0,0,0,0,0,0,0,473.001,0,0,-27.7071
"MtrElec",12,5,13,"",363.483,0,0,0,0,0,0,0,0,0,0,0,0,0,0,0,0,0,0,0,0,424.491,0,0,-61.0074
"MtrElec",12,5,14,"",368.128,0,0,0,0,0,0,0,0,0,0,0,0,0,0,0,0,0,0,0,0,419.239,0,0,-51.1117
"MtrElec",12,5,15,"",418.101,0,0,0,0,0,0,0,0,0,0,0,0,0,0,0,0,0,0,0,0,426.964,0,0,-8.86317
"MtrElec",12,5,16,"",340.664,0,0,0,0,0,0,0,0,0,0,0,0,0,0,0,0,0,0,0,0,351.058,0,0,-10.3944
"MtrElec",12,5,17,"",439.446,0,0,0,0,0,0,0,0,0,0,0,0,0,0,0,0,0,0,0,0,439.446,0,0,0
"MtrElec",12,5,18,"",460.066,0,0,0,0,0,0,0,0,0,0,0,0,0,0,0,0,0,0,0,0,460.066,0,0,0
"MtrElec",12,5,19,"",479.703,0,0,0,0,0,0,0,0,0,0,0,0,0,0,0,0,0,0,0,0,479.703,0,0,0
"MtrElec",12,5,20,"",420.024,0,0,0,0,0,0,0,0,0,0,0,0,0,0,0,0,0,0,0,0,420.024,0,0,0
"MtrElec",12,5,21,"",413.162,0,0,0,0,0,0,0,0,0,0,0,0,0,0,0,0,0,0,0,0,413.162,0,0,0
"MtrElec",12,5,22,"",373.998,0,0,0,0,0,0,0,0,0,0,0,0,0,0,0,0,0,0,0,0,373.998,0,0,0
"MtrElec",12,5,23,"",296.078,0,0,0,0,0,0,0,0,0,0,0,0,0,0,0,0,0,0,0,0,296.078,0,0,0
"MtrElec",12,5,24,"",279.626,0,0,0,0,0,0,0,0,0,0,0,0,0,0,0,0,0,0,0,0,279.626,0,0,0
"MtrElec",12,6,1,"",200.999,0,0,0,0,0,0,0,0,0,0,0,0,0,0,0,0,0,0,0,0,200.999,0,0,0
"MtrElec",12,6,2,"",181.144,0,0,0,0,0,0,0,0,0,0,0,0,0,0,0,0,0,0,0,0,181.144,0,0,0
"MtrElec",12,6,3,"",181.709,0,0,0,0,0,0,0,0,0,0,0,0,0,0,0,0,0,0,0,0,181.709,0,0,0
"MtrElec",12,6,4,"",185.083,0,0,0,0,0,0,0,0,0,0,0,0,0,0,0,0,0,0,0,0,185.083,0,0,0
"MtrElec",12,6,5,"",197.669,0,0,0,0,0,0,0,0,0,0,0,0,0,0,0,0,0,0,0,0,197.669,0,0,0
"MtrElec",12,6,6,"",239.473,0,0,0,0,0,0,0,0,0,0,0,0,0,0,0,0,0,0,0,0,239.473,0,0,0
"MtrElec",12,6,7,"",193.131,0,0,0,0,0,0,0,0,0,0,0,0,0,0,0,0,0,0,0,0,193.131,0,0,0
"MtrElec",12,6,8,"",187.576,0,0,0,0,0,0,0,0,0,0,0,0,0,0,0,0,0,0,0,0,296.385,0,0,-108.809
"MtrElec",12,6,9,"",292.255,0,0,0,0,0,0,0,0,0,0,0,0,0,0,0,0,0,0,0,0,374.148,0,0,-81.8927
"MtrElec",12,6,10,"",307.641,0,0,0,0,0,0,0,0,0,0,0,0,0,0,0,0,0,0,0,0,383.538,0,0,-75.8969
"MtrElec",12,6,11,"",261.648,0,0,0,0,0,0,0,0,0,0,0,0,0,0,0,0,0,0,0,0,358.473,0,0,-96.8242
"MtrElec",12,6,12,"",128.882,0,0,0,0,0,0,0,0,0,0,0,0,0,0,0,0,0,0,0,0,383.572,0,0,-254.69
"MtrElec",12,6,13,"",0,0,0,0,0,0,0,0,0,0,0,0,0,0,0,0,0,0,0,0,0,412.582,0,161.154,-573.737
"MtrElec",12,6,14,"",3.02331,0,0,0,0,0,0,0,0,0,0,0,0,0,0,0,0,0,0,0,0,360.056,0,0,-357.033
"MtrElec",12,6,15,"",148.449,0,0,0,0,0,0,0,0,0,0,0,0,0,0,0,0,0,0,0,0,384.19,0,0,-235.741
"MtrElec",12,6,16,"",200.852,0,0,0,0,0,0,0,0,0,0,0,0,0,0,0,0,0,0,0,0,355.255,0,0,-154.403
"MtrElec",12,6,17,"",352.517,0,0,0,0,0,0,0,0,0,0,0,0,0,0,0,0,0,0,0,0,370.855,0,0,-18.3378
"MtrElec",12,6,18,"",378.365,0,0,0,0,0,0,0,0,0,0,0,0,0,0,0,0,0,0,0,0,378.365,0,0,0
"MtrElec",12,6,19,"",302.982,0,0,0,0,0,0,0,0,0,0,0,0,0,0,0,0,0,0,0,0,448.423,0,-145.442,0
"MtrElec",12,6,20,"",385.442,0,0,0,0,0,0,0,0,0,0,0,0,0,0,0,0,0,0,0,0,385.442,0,0,0
"MtrElec",12,6,21,"",349.799,0,0,0,0,0,0,0,0,0,0,0,0,0,0,0,0,0,0,0,0,349.799,0,0,0
"MtrElec",12,6,22,"",359.186,0,0,0,0,0,0,0,0,0,0,0,0,0,0,0,0,0,0,0,0,359.186,0,0,0
"MtrElec",12,6,23,"",219.108,0,0,0,0,0,0,0,0,0,0,0,0,0,0,0,0,0,0,0,0,219.108,0,0,0
"MtrElec",12,6,24,"",247.948,0,0,0,0,0,0,0,0,0,0,0,0,0,0,0,0,0,0,0,0,247.948,0,0,0
"MtrElec",12,7,1,"",173.932,0,0,0,0,0,0,0,0,0,0,0,0,0,0,0,0,0,0,0,0,173.932,0,0,0
"MtrElec",12,7,2,"",166.531,0,0,0,0,0,0,0,0,0,0,0,0,0,0,0,0,0,0,0,0,166.531,0,0,0
"MtrElec",12,7,3,"",163.958,0,0,0,0,0,0,0,0,0,0,0,0,0,0,0,0,0,0,0,0,163.958,0,0,0
"MtrElec",12,7,4,"",165.406,0,0,0,0,0,0,0,0,0,0,0,0,0,0,0,0,0,0,0,0,165.406,0,0,0
"MtrElec",12,7,5,"",165.779,0,0,0,0,0,0,0,0,0,0,0,0,0,0,0,0,0,0,0,0,165.779,0,0,0
"MtrElec",12,7,6,"",212.877,0,0,0,0,0,0,0,0,0,0,0,0,0,0,0,0,0,0,0,0,212.877,0,0,0
"MtrElec",12,7,7,"",276.569,0,0,0,0,0,0,0,0,0,0,0,0,0,0,0,0,0,0,0,0,276.569,0,0,0
"MtrElec",12,7,8,"",219.636,0,0,0,0,0,0,0,0,0,0,0,0,0,0,0,0,0,0,0,0,336.134,0,0,-116.498
"MtrElec",12,7,9,"",210.098,0,0,0,0,0,0,0,0,0,0,0,0,0,0,0,0,0,0,0,0,403.458,0,0,-193.361
"MtrElec",12,7,10,"",285.056,0,0,0,0,0,0,0,0,0,0,0,0,0,0,0,0,0,0,0,0,457.165,0,0,-172.109
"MtrElec",12,7,11,"",241.442,0,0,0,0,0,0,0,0,0,0,0,0,0,0,0,0,0,0,0,0,387.489,0,0,-146.047
"MtrElec",12,7,12,"",197.725,0,0,0,0,0,0,0,0,0,0,0,0,0,0,0,0,0,0,0,0,425.419,0,0,-227.693
"MtrElec",12,7,13,"",365.06,0,0,0,0,0,0,0,0,0,0,0,0,0,0,0,0,0,0,0,0,467.617,0,0,-102.557
"MtrElec",12,7,14,"",316.657,0,0,0,0,0,0,0,0,0,0,0,0,0,0,0,0,0,0,0,0,375.342,0,0,-58.6855
"MtrElec",12,7,15,"",280.051,0,0,0,0,0,0,0,0,0,0,0,0,0,0,0,0,0,0,0,0,323.849,0,0,-43.7976
"MtrElec",12,7,16,"",376.867,0,0,0,0,0,0,0,0,0,0,0,0,0,0,0,0,0,0,0,0,381.836,0,0,-4.9682
"MtrElec",12,7,17,"",409.218,0,0,0,0,0,0,0,0,0,0,0,0,0,0,0,0,0,0,0,0,409.218,0,0,0
"MtrElec",12,7,18,"",379.218,0,0,0,0,0,0,0,0,0,0,0,0,0,0,0,0,0,0,0,0,379.218,0,0,0
"MtrElec",12,7,19,"",432.857,0,0,0,0,0,0,0,0,0,0,0,0,0,0,0,0,0,0,0,0,432.857,0,0,0
"MtrElec",12,7,20,"",436.054,0,0,0,0,0,0,0,0,0,0,0,0,0,0,0,0,0,0,0,0,436.054,0,0,0
"MtrElec",12,7,21,"",423.989,0,0,0,0,0,0,0,0,0,0,0,0,0,0,0,0,0,0,0,0,423.989,0,0,0
"MtrElec",12,7,22,"",337.88,0,0,0,0,0,0,0,0,0,0,0,0,0,0,0,0,0,0,0,0,337.88,0,0,0
"MtrElec",12,7,23,"",242.98,0,0,0,0,0,0,0,0,0,0,0,0,0,0,0,0,0,0,0,0,242.98,0,0,0
"MtrElec",12,7,24,"",250.29,0,0,0,0,0,0,0,0,0,0,0,0,0,0,0,0,0,0,0,0,250.29,0,0,0
"MtrElec",12,8,1,"",185.542,0,0,0,0,0,0,0,0,0,0,0,0,0,0,0,0,0,0,0,0,185.542,0,0,0
"MtrElec",12,8,2,"",169.918,0,0,0,0,0,0,0,0,0,0,0,0,0,0,0,0,0,0,0,0,169.918,0,0,0
"MtrElec",12,8,3,"",163.121,0,0,0,0,0,0,0,0,0,0,0,0,0,0,0,0,0,0,0,0,163.121,0,0,0
"MtrElec",12,8,4,"",161.744,0,0,0,0,0,0,0,0,0,0,0,0,0,0,0,0,0,0,0,0,161.744,0,0,0
"MtrElec",12,8,5,"",157.58,0,0,0,0,0,0,0,0,0,0,0,0,0,0,0,0,0,0,0,0,157.58,0,0,0
"MtrElec",12,8,6,"",209.23,0,0,0,0,0,0,0,0,0,0,0,0,0,0,0,0,0,0,0,0,209.23,0,0,0
"MtrElec",12,8,7,"",269.835,0,0,0,0,0,0,0,0,0,0,0,0,0,0,0,0,0,0,0,0,269.835,0,0,0
"MtrElec",12,8,8,"",296.847,0,0,0,0,0,0,0,0,0,0,0,0,0,0,0,0,0,0,0,0,379.751,0,0,-82.9039
"MtrElec",12,8,9,"",352.529,0,0,0,0,0,0,0,0,0,0,0,0,0,0,0,0,0,0,0,0,391.635,0,0,-39.1064
"MtrElec",12,8,10,"",343.85,0,0,0,0,0,0,0,0,0,0,0,0,0,0,0,0,0,0,0,0,463.498,0,0,-119.648
"MtrElec",12,8,11,"",115.843,0,0,0,0,0,0,0,0,0,0,0,0,0,0,0,0,0,0,0,0,397.562,0,0,-281.719
"MtrElec",12,8,12,"",130.414,0,0,0,0,0,0,0,0,0,0,0,0,0,0,0,0,0,0,0,0,375.98,0,0,-245.567
"MtrElec",12,8,13,"",0,0,0,0,0,0,0,0,0,0,0,0,0,0,0,0,0,0,0,0,0,397.194,0,88.5739,-485.767
"MtrElec",12,8,14,"",0,0,0,0,0,0,0,0,0,0,0,0,0,0,0,0,0,0,0,0,0,343.94,0,81.3268,-425.267
"MtrElec",12,8,15,"",126.351,0,0,0,0,0,0,0,0,0,0,0,0,0,0,0,0,0,0,0,0,388.025,0,0,-261.674
"MtrElec",12,8,16,"",294.061,0,0,0,0,0,0,0,0,0,0,0,0,0,0,0,0,0,0,0,0,387.554,0,0,-93.4928
"MtrElec",12,8,17,"",409.778,0,0,0,0,0,0,0,0,0,0,0,0,0,0,0,0,0,0,0,0,436.624,0,0,-26.8465
"MtrElec",12,8,18,"",400.053,0,0,0,0,0,0,0,0,0,0,0,0,0,0,0,0,0,0,0,0,400.053,0,0,0
"MtrElec",12,8,19,"",326.947,0,0,0,0,0,0,0,0,0,0,0,0,0,0,0,0,0,0,0,0,480.283,0,-153.335,0
"MtrElec",12,8,20,"",415.196,0,0,0,0,0,0,0,0,0,0,0,0,0,0,0,0,0,0,0,0,415.196,0,0,0
"MtrElec",12,8,21,"",411.951,0,0,0,0,0,0,0,0,0,0,0,0,0,0,0,0,0,0,0,0,411.951,0,0,0
"MtrElec",12,8,22,"",327.577,0,0,0,0,0,0,0,0,0,0,0,0,0,0,0,0,0,0,0,0,327.577,0,0,0
"MtrElec",12,8,23,"",314.175,0,0,0,0,0,0,0,0,0,0,0,0,0,0,0,0,0,0,0,0,314.175,0,0,0
"MtrElec",12,8,24,"",196.391,0,0,0,0,0,0,0,0,0,0,0,0,0,0,0,0,0,0,0,0,196.391,0,0,0
"MtrElec",12,9,1,"",214.85,0,0,0,0,0,0,0,0,0,0,0,0,0,0,0,0,0,0,0,0,214.85,0,0,0
"MtrElec",12,9,2,"",163.631,0,0,0,0,0,0,0,0,0,0,0,0,0,0,0,0,0,0,0,0,163.631,0,0,0
"MtrElec",12,9,3,"",168.877,0,0,0,0,0,0,0,0,0,0,0,0,0,0,0,0,0,0,0,0,168.877,0,0,0
"MtrElec",12,9,4,"",191.766,0,0,0,0,0,0,0,0,0,0,0,0,0,0,0,0,0,0,0,0,191.766,0,0,0
"MtrElec",12,9,5,"",192.925,0,0,0,0,0,0,0,0,0,0,0,0,0,0,0,0,0,0,0,0,192.925,0,0,0
"MtrElec",12,9,6,"",224.646,0,0,0,0,0,0,0,0,0,0,0,0,0,0,0,0,0,0,0,0,224.646,0,0,0
"MtrElec",12,9,7,"",295.229,0,0,0,0,0,0,0,0,0,0,0,0,0,0,0,0,0,0,0,0,295.229,0,0,0
"MtrElec",12,9,8,"",191.396,0,0,0,0,0,0,0,0,0,0,0,0,0,0,0,0,0,0,0,0,311.935,0,0,-120.539
"MtrElec",12,9,9,"",28.4773,0,0,0,0,0,0,0,0,0,0,0,0,0,0,0,0,0,0,0,0,344.974,0,0,-316.497
"MtrElec",12,9,10,"",-83.0736,0,0,0,0,0,0,0,0,0,0,0,0,0,0,0,0,0,0,0,0,385.241,0,0,-468.314
"MtrElec",12,9,11,"",0.0000156,0,0,0,0,0,0,0,0,0,0,0,0,0,0,0,0,0,0,0,0,413.053,0,138.822,-551.876
"MtrElec",12,9,12,"",0,0,0,0,0,0,0,0,0,0,0,0,0,0,0,0,0,0,0,0,0,390.356,0,185.845,-576.201
"MtrElec",12,9,13,"",0,0,0,0,0,0,0,0,0,0,0,0,0,0,0,0,0,0,0,0,0,360.069,0,209.209,-569.279
"MtrElec",12,9,14,"",0,0,0,0,0,0,0,0,0,0,0,0,0,0,0,0,0,0,0,0,0,375.786,0,126.153,-501.939
"MtrElec",12,9,15,"",2.25638,0,0,0,0,0,0,0,0,0,0,0,0,0,0,0,0,0,0,0,0,384.418,0,0,-382.162
"MtrElec",12,9,16,"",136.339,0,0,0,0,0,0,0,0,0,0,0,0,0,0,0,0,0,0,0,0,353.545,0,0,-217.207
"MtrElec",12,9,17,"",387.061,0,0,0,0,0,0,0,0,0,0,0,0,0,0,0,0,0,0,0,0,428.309,0,0,-41.2482
"MtrElec",12,9,18,"",435.955,0,0,0,0,0,0,0,0,0,0,0,0,0,0,0,0,0,0,0,0,435.955,0,0,0
"MtrElec",12,9,19,"",222.407,0,0,0,0,0,0,0,0,0,0,0,0,0,0,0,0,0,0,0,0,445.629,0,-223.222,0
"MtrElec",12,9,20,"",219.452,0,0,0,0,0,0,0,0,0,0,0,0,0,0,0,0,0,0,0,0,442.674,0,-223.222,0
"MtrElec",12,9,21,"",285.628,0,0,0,0,0,0,0,0,0,0,0,0,0,0,0,0,0,0,0,0,434.86,0,-149.233,0
"MtrElec",12,9,22,"",324.992,0,0,0,0,0,0,0,0,0,0,0,0,0,0,0,0,0,0,0,0,324.992,0,0,0
"MtrElec",12,9,23,"",281.79,0,0,0,0,0,0,0,0,0,0,0,0,0,0,0,0,0,0,0,0,281.79,0,0,0
"MtrElec",12,9,24,"",213.943,0,0,0,0,0,0,0,0,0,0,0,0,0,0,0,0,0,0,0,0,213.943,0,0,0
"MtrElec",12,10,1,"",218.123,0,0,0,0,0,0,0,0,0,0,0,0,0,0,0,0,0,0,0,0,218.123,0,0,0
"MtrElec",12,10,2,"",161.905,0,0,0,0,0,0,0,0,0,0,0,0,0,0,0,0,0,0,0,0,161.905,0,0,0
"MtrElec",12,10,3,"",154.961,0,0,0,0,0,0,0,0,0,0,0,0,0,0,0,0,0,0,0,0,154.961,0,0,0
"MtrElec",12,10,4,"",165.296,0,0,0,0,0,0,0,0,0,0,0,0,0,0,0,0,0,0,0,0,165.296,0,0,0
"MtrElec",12,10,5,"",157.915,0,0,0,0,0,0,0,0,0,0,0,0,0,0,0,0,0,0,0,0,157.915,0,0,0
"MtrElec",12,10,6,"",217.237,0,0,0,0,0,0,0,0,0,0,0,0,0,0,0,0,0,0,0,0,217.237,0,0,0
"MtrElec",12,10,7,"",291.901,0,0,0,0,0,0,0,0,0,0,0,0,0,0,0,0,0,0,0,0,291.901,0,0,0
"MtrElec",12,10,8,"",189.469,0,0,0,0,0,0,0,0,0,0,0,0,0,0,0,0,0,0,0,0,319.508,0,0,-130.039
"MtrElec",12,10,9,"",56.7316,0,0,0,0,0,0,0,0,0,0,0,0,0,0,0,0,0,0,0,0,378.707,0,0,-321.975
"MtrElec",12,10,10,"",47.2331,0,0,0,0,0,0,0,0,0,0,0,0,0,0,0,0,0,0,0,0,512.565,0,0,-465.332
"MtrElec",12,10,11,"",0,0,0,0,0,0,0,0,0,0,0,0,0,0,0,0,0,0,0,0,0,469.998,0,80.2112,-550.21
"MtrElec",12,10,12,"",0.0000078,0,0,0,0,0,0,0,0,0,0,0,0,0,0,0,0,0,0,0,0,457.664,0,122.52,-580.184
"MtrElec",12,10,13,"",0.0000020,0,0,0,0,0,0,0,0,0,0,0,0,0,0,0,0,0,0,0,0,534.955,0,20.1878,-555.143
"MtrElec",12,10,14,"",0.0000078,0,0,0,0,0,0,0,0,0,0,0,0,0,0,0,0,0,0,0,0,402.892,0,78.2147,-481.107
"MtrElec",12,10,15,"",69.704,0,0,0,0,0,0,0,0,0,0,0,0,0,0,0,0,0,0,0,0,448.164,0,0,-378.46
"MtrElec",12,10,16,"",223.825,0,0,0,0,0,0,0,0,0,0,0,0,0,0,0,0,0,0,0,0,445.008,0,0,-221.183
"MtrElec",12,10,17,"",446.148,0,0,0,0,0,0,0,0,0,0,0,0,0,0,0,0,0,0,0,0,488.311,0,0,-42.1637
"MtrElec",12,10,18,"",430.179,0,0,0,0,0,0,0,0,0,0,0,0,0,0,0,0,0,0,0,0,430.179,0,0,0
"MtrElec",12,10,19,"",306.724,0,0,0,0,0,0,0,0,0,0,0,0,0,0,0,0,0,0,0,0,529.946,0,-223.222,0
"MtrElec",12,10,20,"",422.723,0,0,0,0,0,0,0,0,0,0,0,0,0,0,0,0,0,0,0,0,471.275,0,-48.5511,0
"MtrElec",12,10,21,"",450.757,0,0,0,0,0,0,0,0,0,0,0,0,0,0,0,0,0,0,0,0,450.757,0,0,0
"MtrElec",12,10,22,"",289.097,0,0,0,0,0,0,0,0,0,0,0,0,0,0,0,0,0,0,0,0,289.097,0,0,0
"MtrElec",12,10,23,"",303.601,0,0,0,0,0,0,0,0,0,0,0,0,0,0,0,0,0,0,0,0,303.601,0,0,0
"MtrElec",12,10,24,"",211.469,0,0,0,0,0,0,0,0,0,0,0,0,0,0,0,0,0,0,0,0,211.469,0,0,0
"MtrElec",12,11,1,"",168.512,0,0,0,0,0,0,0,0,0,0,0,0,0,0,0,0,0,0,0,0,168.512,0,0,0
"MtrElec",12,11,2,"",163.063,0,0,0,0,0,0,0,0,0,0,0,0,0,0,0,0,0,0,0,0,163.063,0,0,0
"MtrElec",12,11,3,"",205.257,0,0,0,0,0,0,0,0,0,0,0,0,0,0,0,0,0,0,0,0,205.257,0,0,0
"MtrElec",12,11,4,"",165.86,0,0,0,0,0,0,0,0,0,0,0,0,0,0,0,0,0,0,0,0,165.86,0,0,0
"MtrElec",12,11,5,"",163.847,0,0,0,0,0,0,0,0,0,0,0,0,0,0,0,0,0,0,0,0,163.847,0,0,0
"MtrElec",12,11,6,"",159.713,0,0,0,0,0,0,0,0,0,0,0,0,0,0,0,0,0,0,0,0,159.713,0,0,0
"MtrElec",12,11,7,"",268.114,0,0,0,0,0,0,0,0,0,0,0,0,0,0,0,0,0,0,0,0,268.114,0,0,0
"MtrElec",12,11,8,"",260.351,0,0,0,0,0,0,0,0,0,0,0,0,0,0,0,0,0,0,0,0,390.789,0,0,-130.438
"MtrElec",12,11,9,"",75.146,0,0,0,0,0,0,0,0,0,0,0,0,0,0,0,0,0,0,0,0,395.105,0,0,-319.959
"MtrElec",12,11,10,"",-14.1737,0,0,0,0,0,0,0,0,0,0,0,0,0,0,0,0,0,0,0,0,435.812,0,0,-449.986
"MtrElec",12,11,11,"",0,0,0,0,0,0,0,0,0,0,0,0,0,0,0,0,0,0,0,0,0,464.744,0,72.9531,-537.697
"MtrElec",12,11,12,"",0,0,0,0,0,0,0,0,0,0,0,0,0,0,0,0,0,0,0,0,0,445.458,0,129.566,-575.024
"MtrElec",12,11,13,"",0,0,0,0,0,0,0,0,0,0,0,0,0,0,0,0,0,0,0,0,0,394.488,0,161.857,-556.344
"MtrElec",12,11,14,"",0,0,0,0,0,0,0,0,0,0,0,0,0,0,0,0,0,0,0,0,0,457.391,0,33.5818,-490.972
"MtrElec",12,11,15,"",30.9383,0,0,0,0,0,0,0,0,0,0,0,0,0,0,0,0,0,0,0,0,413.702,0,0,-382.763
"MtrElec",12,11,16,"",233.649,0,0,0,0,0,0,0,0,0,0,0,0,0,0,0,0,0,0,0,0,455.121,0,0,-221.472
"MtrElec",12,11,17,"",448.95,0,0,0,0,0,0,0,0,0,0,0,0,0,0,0,0,0,0,0,0,490.7,0,0,-41.7497
"MtrElec",12,11,18,"",490.236,0,0,0,0,0,0,0,0,0,0,0,0,0,0,0,0,0,0,0,0,490.236,0,0,0
"MtrElec",12,11,19,"",169.853,0,0,0,0,0,0,0,0,0,0,0,0,0,0,0,0,0,0,0,0,393.075,0,-223.222,0
"MtrElec",12,11,20,"",307.633,0,0,0,0,0,0,0,0,0,0,0,0,0,0,0,0,0,0,0,0,443.568,0,-135.935,0
"MtrElec",12,11,21,"",460.55,0,0,0,0,0,0,0,0,0,0,0,0,0,0,0,0,0,0,0,0,460.55,0,0,0
"MtrElec",12,11,22,"",340.085,0,0,0,0,0,0,0,0,0,0,0,0,0,0,0,0,0,0,0,0,340.085,0,0,0
"MtrElec",12,11,23,"",280.97,0,0,0,0,0,0,0,0,0,0,0,0,0,0,0,0,0,0,0,0,280.97,0,0,0
"MtrElec",12,11,24,"",230.096,0,0,0,0,0,0,0,0,0,0,0,0,0,0,0,0,0,0,0,0,230.096,0,0,0
"MtrElec",12,12,1,"",202.332,0,0,0,0,0,0,0,0,0,0,0,0,0,0,0,0,0,0,0,0,202.332,0,0,0
"MtrElec",12,12,2,"",174.855,0,0,0,0,0,0,0,0,0,0,0,0,0,0,0,0,0,0,0,0,174.855,0,0,0
"MtrElec",12,12,3,"",206.383,0,0,0,0,0,0,0,0,0,0,0,0,0,0,0,0,0,0,0,0,206.383,0,0,0
"MtrElec",12,12,4,"",161.447,0,0,0,0,0,0,0,0,0,0,0,0,0,0,0,0,0,0,0,0,161.447,0,0,0
"MtrElec",12,12,5,"",185.113,0,0,0,0,0,0,0,0,0,0,0,0,0,0,0,0,0,0,0,0,185.113,0,0,0
"MtrElec",12,12,6,"",162.623,0,0,0,0,0,0,0,0,0,0,0,0,0,0,0,0,0,0,0,0,162.623,0,0,0
"MtrElec",12,12,7,"",193.645,0,0,0,0,0,0,0,0,0,0,0,0,0,0,0,0,0,0,0,0,193.645,0,0,0
"MtrElec",12,12,8,"",186.523,0,0,0,0,0,0,0,0,0,0,0,0,0,0,0,0,0,0,0,0,270.98,0,0,-84.4564
"MtrElec",12,12,9,"",283.57,0,0,0,0,0,0,0,0,0,0,0,0,0,0,0,0,0,0,0,0,317.969,0,0,-34.3991
"MtrElec",12,12,10,"",345.618,0,0,0,0,0,0,0,0,0,0,0,0,0,0,0,0,0,0,0,0,428.991,0,0,-83.3731
"MtrElec",12,12,11,"",351.868,0,0,0,0,0,0,0,0,0,0,0,0,0,0,0,0,0,0,0,0,464.989,0,0,-113.121
"MtrElec",12,12,12,"",232.485,0,0,0,0,0,0,0,0,0,0,0,0,0,0,0,0,0,0,0,0,395.017,0,0,-162.531
"MtrElec",12,12,13,"",0,0,0,0,0,0,0,0,0,0,0,0,0,0,0,0,0,0,0,0,0,478.573,0,32.4675,-511.041
"MtrElec",12,12,14,"",0,0,0,0,0,0,0,0,0,0,0,0,0,0,0,0,0,0,0,0,0,407.839,0,95.3791,-503.219
"MtrElec",12,12,15,"",46.4267,0,0,0,0,0,0,0,0,0,0,0,0,0,0,0,0,0,0,0,0,430.097,0,0,-383.67
"MtrElec",12,12,16,"",150.474,0,0,0,0,0,0,0,0,0,0,0,0,0,0,0,0,0,0,0,0,368.682,0,0,-218.208
"MtrElec",12,12,17,"",359.025,0,0,0,0,0,0,0,0,0,0,0,0,0,0,0,0,0,0,0,0,401.517,0,0,-42.4917
"MtrElec",12,12,18,"",425.214,0,0,0,0,0,0,0,0,0,0,0,0,0,0,0,0,0,0,0,0,425.214,0,0,0
"MtrElec",12,12,19,"",311.805,0,0,0,0,0,0,0,0,0,0,0,0,0,0,0,0,0,0,0,0,427.186,0,-115.382,0
"MtrElec",12,12,20,"",370.333,0,0,0,0,0,0,0,0,0,0,0,0,0,0,0,0,0,0,0,0,370.333,0,0,0
"MtrElec",12,12,21,"",335.852,0,0,0,0,0,0,0,0,0,0,0,0,0,0,0,0,0,0,0,0,335.852,0,0,0
"MtrElec",12,12,22,"",351.123,0,0,0,0,0,0,0,0,0,0,0,0,0,0,0,0,0,0,0,0,351.123,0,0,0
"MtrElec",12,12,23,"",262.933,0,0,0,0,0,0,0,0,0,0,0,0,0,0,0,0,0,0,0,0,262.933,0,0,0
"MtrElec",12,12,24,"",222.282,0,0,0,0,0,0,0,0,0,0,0,0,0,0,0,0,0,0,0,0,222.282,0,0,0
"MtrElec",12,13,1,"",176.645,0,0,0,0,0,0,0,0,0,0,0,0,0,0,0,0,0,0,0,0,176.645,0,0,0
"MtrElec",12,13,2,"",162.095,0,0,0,0,0,0,0,0,0,0,0,0,0,0,0,0,0,0,0,0,162.095,0,0,0
"MtrElec",12,13,3,"",162.229,0,0,0,0,0,0,0,0,0,0,0,0,0,0,0,0,0,0,0,0,162.229,0,0,0
"MtrElec",12,13,4,"",160.6,0,0,0,0,0,0,0,0,0,0,0,0,0,0,0,0,0,0,0,0,160.6,0,0,0
"MtrElec",12,13,5,"",163.382,0,0,0,0,0,0,0,0,0,0,0,0,0,0,0,0,0,0,0,0,163.382,0,0,0
"MtrElec",12,13,6,"",203.741,0,0,0,0,0,0,0,0,0,0,0,0,0,0,0,0,0,0,0,0,203.741,0,0,0
"MtrElec",12,13,7,"",172.295,0,0,0,0,0,0,0,0,0,0,0,0,0,0,0,0,0,0,0,0,172.295,0,0,0
"MtrElec",12,13,8,"",131.362,0,0,0,0,0,0,0,0,0,0,0,0,0,0,0,0,0,0,0,0,246.073,0,0,-114.71
"MtrElec",12,13,9,"",-29.7056,0,0,0,0,0,0,0,0,0,0,0,0,0,0,0,0,0,0,0,0,285.4,0,0,-315.105
"MtrElec",12,13,10,"",-102.122,0,0,0,0,0,0,0,0,0,0,0,0,0,0,0,0,0,0,0,0,355.61,0,0,-457.732
"MtrElec",12,13,11,"",0,0,0,0,0,0,0,0,0,0,0,0,0,0,0,0,0,0,0,0,0,371.531,0,186.092,-557.623
"MtrElec",12,13,12,"",0,0,0,0,0,0,0,0,0,0,0,0,0,0,0,0,0,0,0,0,0,449.539,0,146.763,-596.302
"MtrElec",12,13,13,"",0,0,0,0,0,0,0,0,0,0,0,0,0,0,0,0,0,0,0,0,0,447.321,0,132.419,-579.74
"MtrElec",12,13,14,"",0,0,0,0,0,0,0,0,0,0,0,0,0,0,0,0,0,0,0,0,0,371.142,0,140.887,-512.028
"MtrElec",12,13,15,"",47.4366,0,0,0,0,0,0,0,0,0,0,0,0,0,0,0,0,0,0,0,0,446.758,0,0,-399.322
"MtrElec",12,13,16,"",165.646,0,0,0,0,0,0,0,0,0,0,0,0,0,0,0,0,0,0,0,0,395.603,0,0,-229.958
"MtrElec",12,13,17,"",356.801,0,0,0,0,0,0,0,0,0,0,0,0,0,0,0,0,0,0,0,0,403.076,0,0,-46.2748
"MtrElec",12,13,18,"",395.215,0,0,0,0,0,0,0,0,0,0,0,0,0,0,0,0,0,0,0,0,395.215,0,0,0
"MtrElec",12,13,19,"",206.397,0,0,0,0,0,0,0,0,0,0,0,0,0,0,0,0,0,0,0,0,429.619,0,-223.222,0
"MtrElec",12,13,20,"",143.45,0,0,0,0,0,0,0,0,0,0,0,0,0,0,0,0,0,0,0,0,366.672,0,-223.222,0
"MtrElec",12,13,21,"",251.473,0,0,0,0,0,0,0,0,0,0,0,0,0,0,0,0,0,0,0,0,352.088,0,-100.616,0
"MtrElec",12,13,22,"",300.126,0,0,0,0,0,0,0,0,0,0,0,0,0,0,0,0,0,0,0,0,300.126,0,0,0
"MtrElec",12,13,23,"",274.089,0,0,0,0,0,0,0,0,0,0,0,0,0,0,0,0,0,0,0,0,274.089,0,0,0
"MtrElec",12,13,24,"",189.158,0,0,0,0,0,0,0,0,0,0,0,0,0,0,0,0,0,0,0,0,189.158,0,0,0
"MtrElec",12,14,1,"",217.222,0,0,0,0,0,0,0,0,0,0,0,0,0,0,0,0,0,0,0,0,217.222,0,0,0
"MtrElec",12,14,2,"",162.901,0,0,0,0,0,0,0,0,0,0,0,0,0,0,0,0,0,0,0,0,162.901,0,0,0
"MtrElec",12,14,3,"",158.68,0,0,0,0,0,0,0,0,0,0,0,0,0,0,0,0,0,0,0,0,158.68,0,0,0
"MtrElec",12,14,4,"",161.691,0,0,0,0,0,0,0,0,0,0,0,0,0,0,0,0,0,0,0,0,161.691,0,0,0
"MtrElec",12,14,5,"",159,0,0,0,0,0,0,0,0,0,0,0,0,0,0,0,0,0,0,0,0,159,0,0,0
"MtrElec",12,14,6,"",162.762,0,0,0,0,0,0,0,0,0,0,0,0,0,0,0,0,0,0,0,0,162.762,0,0,0
"MtrElec",12,14,7,"",271.952,0,0,0,0,0,0,0,0,0,0,0,0,0,0,0,0,0,0,0,0,271.952,0,0,0
"MtrElec",12,14,8,"",261.664,0,0,0,0,0,0,0,0,0,0,0,0,0,0,0,0,0,0,0,0,380.02,0,0,-118.356
"MtrElec",12,14,9,"",93.0896,0,0,0,0,0,0,0,0,0,0,0,0,0,0,0,0,0,0,0,0,412.883,0,0,-319.793
"MtrElec",12,14,10,"",2.50228,0,0,0,0,0,0,0,0,0,0,0,0,0,0,0,0,0,0,0,0,464.908,0,0,-462.405
"MtrElec",12,14,11,"",0,0,0,0,0,0,0,0,0,0,0,0,0,0,0,0,0,0,0,0,0,458.994,0,80.5479,-539.542
"MtrElec",12,14,12,"",0.0000078,0,0,0,0,0,0,0,0,0,0,0,0,0,0,0,0,0,0,0,0,442.701,0,120.623,-563.324
"MtrElec",12,14,13,"",0,0,0,0,0,0,0,0,0,0,0,0,0,0,0,0,0,0,0,0,0,544.919,0,3.66062,-548.579
"MtrElec",12,14,14,"",0,0,0,0,0,0,0,0,0,0,0,0,0,0,0,0,0,0,0,0,0,389.854,0,96.8492,-486.703
"MtrElec",12,14,15,"",67.8417,0,0,0,0,0,0,0,0,0,0,0,0,0,0,0,0,0,0,0,0,446.284,0,0,-378.442
"MtrElec",12,14,16,"",230.197,0,0,0,0,0,0,0,0,0,0,0,0,0,0,0,0,0,0,0,0,454.142,0,0,-223.945
"MtrElec",12,14,17,"",440.663,0,0,0,0,0,0,0,0,0,0,0,0,0,0,0,0,0,0,0,0,487.056,0,0,-46.3926
"MtrElec",12,14,18,"",416.097,0,0,0,0,0,0,0,0,0,0,0,0,0,0,0,0,0,0,0,0,416.097,0,0,0
"MtrElec",12,14,19,"",213.934,0,0,0,0,0,0,0,0,0,0,0,0,0,0,0,0,0,0,0,0,437.157,0,-223.222,0
"MtrElec",12,14,20,"",379.111,0,0,0,0,0,0,0,0,0,0,0,0,0,0,0,0,0,0,0,0,428.155,0,-49.0443,0
"MtrElec",12,14,21,"",439.511,0,0,0,0,0,0,0,0,0,0,0,0,0,0,0,0,0,0,0,0,439.511,0,0,0
"MtrElec",12,14,22,"",323.523,0,0,0,0,0,0,0,0,0,0,0,0,0,0,0,0,0,0,0,0,323.523,0,0,0
"MtrElec",12,14,23,"",287.837,0,0,0,0,0,0,0,0,0,0,0,0,0,0,0,0,0,0,0,0,287.837,0,0,0
"MtrElec",12,14,24,"",206.216,0,0,0,0,0,0,0,0,0,0,0,0,0,0,0,0,0,0,0,0,206.216,0,0,0
"MtrElec",12,15,1,"",179.394,0,0,0,0,0,0,0,0,0,0,0,0,0,0,0,0,0,0,0,0,179.394,0,0,0
"MtrElec",12,15,2,"",164.198,0,0,0,0,0,0,0,0,0,0,0,0,0,0,0,0,0,0,0,0,164.198,0,0,0
"MtrElec",12,15,3,"",157.969,0,0,0,0,0,0,0,0,0,0,0,0,0,0,0,0,0,0,0,0,157.969,0,0,0
"MtrElec",12,15,4,"",158.767,0,0,0,0,0,0,0,0,0,0,0,0,0,0,0,0,0,0,0,0,158.767,0,0,0
"MtrElec",12,15,5,"",196.783,0,0,0,0,0,0,0,0,0,0,0,0,0,0,0,0,0,0,0,0,196.783,0,0,0
"MtrElec",12,15,6,"",161.97,0,0,0,0,0,0,0,0,0,0,0,0,0,0,0,0,0,0,0,0,161.97,0,0,0
"MtrElec",12,15,7,"",304.122,0,0,0,0,0,0,0,0,0,0,0,0,0,0,0,0,0,0,0,0,304.122,0,0,0
"MtrElec",12,15,8,"",223.172,0,0,0,0,0,0,0,0,0,0,0,0,0,0,0,0,0,0,0,0,340.716,0,0,-117.544
"MtrElec",12,15,9,"",31.1795,0,0,0,0,0,0,0,0,0,0,0,0,0,0,0,0,0,0,0,0,354.323,0,0,-323.144
"MtrElec",12,15,10,"",-49.4149,0,0,0,0,0,0,0,0,0,0,0,0,0,0,0,0,0,0,0,0,414.234,0,0,-463.649
"MtrElec",12,15,11,"",0,0,0,0,0,0,0,0,0,0,0,0,0,0,0,0,0,0,0,0,0,426.893,0,107.22,-534.113
"MtrElec",12,15,12,"",0.0000078,0,0,0,0,0,0,0,0,0,0,0,0,0,0,0,0,0,0,0,0,449.897,0,116.058,-565.956
"MtrElec",12,15,13,"",0,0,0,0,0,0,0,0,0,0,0,0,0,0,0,0,0,0,0,0,0,473.858,0,77.6801,-551.538
"MtrElec",12,15,14,"",0,0,0,0,0,0,0,0,0,0,0,0,0,0,0,0,0,0,0,0,0,429.387,0,74.9692,-504.356
"MtrElec",12,15,15,"",0,0,0,0,0,0,0,0,0,0,0,0,0,0,0,0,0,0,0,0,0,384.088,0,13.4513,-397.539
"MtrElec",12,15,16,"",207.078,0,0,0,0,0,0,0,0,0,0,0,0,0,0,0,0,0,0,0,0,437.733,0,0,-230.655
"MtrElec",12,15,17,"",386.012,0,0,0,0,0,0,0,0,0,0,0,0,0,0,0,0,0,0,0,0,433.772,0,0,-47.7598
"MtrElec",12,15,18,"",454.903,0,0,0,0,0,0,0,0,0,0,0,0,0,0,0,0,0,0,0,0,454.903,0,0,0
"MtrElec",12,15,19,"",260.739,0,0,0,0,0,0,0,0,0,0,0,0,0,0,0,0,0,0,0,0,483.961,0,-223.222,0
"MtrElec",12,15,20,"",317.109,0,0,0,0,0,0,0,0,0,0,0,0,0,0,0,0,0,0,0,0,445.301,0,-128.192,0
"MtrElec",12,15,21,"",453.951,0,0,0,0,0,0,0,0,0,0,0,0,0,0,0,0,0,0,0,0,453.951,0,0,0
"MtrElec",12,15,22,"",325.204,0,0,0,0,0,0,0,0,0,0,0,0,0,0,0,0,0,0,0,0,325.204,0,0,0
"MtrElec",12,15,23,"",247.117,0,0,0,0,0,0,0,0,0,0,0,0,0,0,0,0,0,0,0,0,247.117,0,0,0
"MtrElec",12,15,24,"",281.287,0,0,0,0,0,0,0,0,0,0,0,0,0,0,0,0,0,0,0,0,281.287,0,0,0
"MtrElec",12,16,1,"",181.515,0,0,0,0,0,0,0,0,0,0,0,0,0,0,0,0,0,0,0,0,181.515,0,0,0
"MtrElec",12,16,2,"",163.167,0,0,0,0,0,0,0,0,0,0,0,0,0,0,0,0,0,0,0,0,163.167,0,0,0
"MtrElec",12,16,3,"",160.703,0,0,0,0,0,0,0,0,0,0,0,0,0,0,0,0,0,0,0,0,160.703,0,0,0
"MtrElec",12,16,4,"",160.854,0,0,0,0,0,0,0,0,0,0,0,0,0,0,0,0,0,0,0,0,160.854,0,0,0
"MtrElec",12,16,5,"",165.666,0,0,0,0,0,0,0,0,0,0,0,0,0,0,0,0,0,0,0,0,165.666,0,0,0
"MtrElec",12,16,6,"",206.593,0,0,0,0,0,0,0,0,0,0,0,0,0,0,0,0,0,0,0,0,206.593,0,0,0
"MtrElec",12,16,7,"",272.6,0,0,0,0,0,0,0,0,0,0,0,0,0,0,0,0,0,0,0,0,272.6,0,0,0
"MtrElec",12,16,8,"",183.29,0,0,0,0,0,0,0,0,0,0,0,0,0,0,0,0,0,0,0,0,304.003,0,0,-120.713
"MtrElec",12,16,9,"",71.9944,0,0,0,0,0,0,0,0,0,0,0,0,0,0,0,0,0,0,0,0,399.115,0,0,-327.12
"MtrElec",12,16,10,"",-22.0018,0,0,0,0,0,0,0,0,0,0,0,0,0,0,0,0,0,0,0,0,440.408,0,0,-462.41
"MtrElec",12,16,11,"",0.0000078,0,0,0,0,0,0,0,0,0,0,0,0,0,0,0,0,0,0,0,0,456.193,0,87.5536,-543.746
"MtrElec",12,16,12,"",0.0000078,0,0,0,0,0,0,0,0,0,0,0,0,0,0,0,0,0,0,0,0,478.082,0,108.833,-586.914
"MtrElec",12,16,13,"",0,0,0,0,0,0,0,0,0,0,0,0,0,0,0,0,0,0,0,0,0,519.331,0,60.3521,-579.683
"MtrElec",12,16,14,"",0.0000020,0,0,0,0,0,0,0,0,0,0,0,0,0,0,0,0,0,0,0,0,417.741,0,21.9878,-439.729
"MtrElec",12,16,15,"",80.6882,0,0,0,0,0,0,0,0,0,0,0,0,0,0,0,0,0,0,0,0,408.634,0,0,-327.946
"MtrElec",12,16,16,"",273.673,0,0,0,0,0,0,0,0,0,0,0,0,0,0,0,0,0,0,0,0,384.848,0,0,-111.175
"MtrElec",12,16,17,"",456.617,0,0,0,0,0,0,0,0,0,0,0,0,0,0,0,0,0,0,0,0,465.665,0,0,-9.04839
"MtrElec",12,16,18,"",471.96,0,0,0,0,0,0,0,0,0,0,0,0,0,0,0,0,0,0,0,0,471.96,0,0,0
"MtrElec",12,16,19,"",225.075,0,0,0,0,0,0,0,0,0,0,0,0,0,0,0,0,0,0,0,0,448.297,0,-223.222,0
"MtrElec",12,16,20,"",420.908,0,0,0,0,0,0,0,0,0,0,0,0,0,0,0,0,0,0,0,0,449.236,0,-28.3278,0
"MtrElec",12,16,21,"",437.163,0,0,0,0,0,0,0,0,0,0,0,0,0,0,0,0,0,0,0,0,437.163,0,0,0
"MtrElec",12,16,22,"",320.393,0,0,0,0,0,0,0,0,0,0,0,0,0,0,0,0,0,0,0,0,320.393,0,0,0
"MtrElec",12,16,23,"",231.09,0,0,0,0,0,0,0,0,0,0,0,0,0,0,0,0,0,0,0,0,231.09,0,0,0
"MtrElec",12,16,24,"",248.85,0,0,0,0,0,0,0,0,0,0,0,0,0,0,0,0,0,0,0,0,248.85,0,0,0
"MtrElec",12,17,1,"",188.751,0,0,0,0,0,0,0,0,0,0,0,0,0,0,0,0,0,0,0,0,188.751,0,0,0
"MtrElec",12,17,2,"",164.27,0,0,0,0,0,0,0,0,0,0,0,0,0,0,0,0,0,0,0,0,164.27,0,0,0
"MtrElec",12,17,3,"",167.783,0,0,0,0,0,0,0,0,0,0,0,0,0,0,0,0,0,0,0,0,167.783,0,0,0
"MtrElec",12,17,4,"",166.903,0,0,0,0,0,0,0,0,0,0,0,0,0,0,0,0,0,0,0,0,166.903,0,0,0
"MtrElec",12,17,5,"",166.385,0,0,0,0,0,0,0,0,0,0,0,0,0,0,0,0,0,0,0,0,166.385,0,0,0
"MtrElec",12,17,6,"",210.394,0,0,0,0,0,0,0,0,0,0,0,0,0,0,0,0,0,0,0,0,210.394,0,0,0
"MtrElec",12,17,7,"",298.763,0,0,0,0,0,0,0,0,0,0,0,0,0,0,0,0,0,0,0,0,298.763,0,0,0
"MtrElec",12,17,8,"",206.63,0,0,0,0,0,0,0,0,0,0,0,0,0,0,0,0,0,0,0,0,330.265,0,0,-123.635
"MtrElec",12,17,9,"",36.9013,0,0,0,0,0,0,0,0,0,0,0,0,0,0,0,0,0,0,0,0,369.112,0,0,-332.21
"MtrElec",12,17,10,"",-43.4577,0,0,0,0,0,0,0,0,0,0,0,0,0,0,0,0,0,0,0,0,425.047,0,0,-468.505
"MtrElec",12,17,11,"",0,0,0,0,0,0,0,0,0,0,0,0,0,0,0,0,0,0,0,0,0,473.772,0,76.9172,-550.689
"MtrElec",12,17,12,"",0,0,0,0,0,0,0,0,0,0,0,0,0,0,0,0,0,0,0,0,0,448.103,0,145.774,-593.877
"MtrElec",12,17,13,"",0,0,0,0,0,0,0,0,0,0,0,0,0,0,0,0,0,0,0,0,0,409.006,0,168.607,-577.613
"MtrElec",12,17,14,"",0,0,0,0,0,0,0,0,0,0,0,0,0,0,0,0,0,0,0,0,0,423.01,0,91.9443,-514.954
"MtrElec",12,17,15,"",0,0,0,0,0,0,0,0,0,0,0,0,0,0,0,0,0,0,0,0,0,391.676,0,15.3305,-407.007
"MtrElec",12,17,16,"",176.367,0,0,0,0,0,0,0,0,0,0,0,0,0,0,0,0,0,0,0,0,420.321,0,0,-243.954
"MtrElec",12,17,17,"",373.113,0,0,0,0,0,0,0,0,0,0,0,0,0,0,0,0,0,0,0,0,425.613,0,0,-52.4998
"MtrElec",12,17,18,"",437.952,0,0,0,0,0,0,0,0,0,0,0,0,0,0,0,0,0,0,0,0,437.952,0,0,0
"MtrElec",12,17,19,"",239.982,0,0,0,0,0,0,0,0,0,0,0,0,0,0,0,0,0,0,0,0,463.205,0,-223.222,0
"MtrElec",12,17,20,"",245.568,0,0,0,0,0,0,0,0,0,0,0,0,0,0,0,0,0,0,0,0,468.79,0,-223.222,0
"MtrElec",12,17,21,"",432.639,0,0,0,0,0,0,0,0,0,0,0,0,0,0,0,0,0,0,0,0,436.157,0,-3.51743,0
"MtrElec",12,17,22,"",273.73,0,0,0,0,0,0,0,0,0,0,0,0,0,0,0,0,0,0,0,0,273.73,0,0,0
"MtrElec",12,17,23,"",290.437,0,0,0,0,0,0,0,0,0,0,0,0,0,0,0,0,0,0,0,0,290.437,0,0,0
"MtrElec",12,17,24,"",213.799,0,0,0,0,0,0,0,0,0,0,0,0,0,0,0,0,0,0,0,0,213.799,0,0,0
"MtrElec",12,18,1,"",172.425,0,0,0,0,0,0,0,0,0,0,0,0,0,0,0,0,0,0,0,0,172.425,0,0,0
"MtrElec",12,18,2,"",205.165,0,0,0,0,0,0,0,0,0,0,0,0,0,0,0,0,0,0,0,0,205.165,0,0,0
"MtrElec",12,18,3,"",153.982,0,0,0,0,0,0,0,0,0,0,0,0,0,0,0,0,0,0,0,0,153.982,0,0,0
"MtrElec",12,18,4,"",157.045,0,0,0,0,0,0,0,0,0,0,0,0,0,0,0,0,0,0,0,0,157.045,0,0,0
"MtrElec",12,18,5,"",160.309,0,0,0,0,0,0,0,0,0,0,0,0,0,0,0,0,0,0,0,0,160.309,0,0,0
"MtrElec",12,18,6,"",197.195,0,0,0,0,0,0,0,0,0,0,0,0,0,0,0,0,0,0,0,0,197.195,0,0,0
"MtrElec",12,18,7,"",244.21,0,0,0,0,0,0,0,0,0,0,0,0,0,0,0,0,0,0,0,0,244.21,0,0,0
"MtrElec",12,18,8,"",251.669,0,0,0,0,0,0,0,0,0,0,0,0,0,0,0,0,0,0,0,0,373.169,0,0,-121.499
"MtrElec",12,18,9,"",40.0118,0,0,0,0,0,0,0,0,0,0,0,0,0,0,0,0,0,0,0,0,375.148,0,0,-335.136
"MtrElec",12,18,10,"",4.773,0,0,0,0,0,0,0,0,0,0,0,0,0,0,0,0,0,0,0,0,473.291,0,0,-468.518
"MtrElec",12,18,11,"",0,0,0,0,0,0,0,0,0,0,0,0,0,0,0,0,0,0,0,0,0,511.667,0,34.4259,-546.093
"MtrElec",12,18,12,"",0.0000078,0,0,0,0,0,0,0,0,0,0,0,0,0,0,0,0,0,0,0,0,449,0,126.067,-575.067
"MtrElec",12,18,13,"",0,0,0,0,0,0,0,0,0,0,0,0,0,0,0,0,0,0,0,0,0,436.614,0,120.878,-557.492
"MtrElec",12,18,14,"",0,0,0,0,0,0,0,0,0,0,0,0,0,0,0,0,0,0,0,0,0,382.214,0,118.444,-500.658
"MtrElec",12,18,15,"",37.4731,0,0,0,0,0,0,0,0,0,0,0,0,0,0,0,0,0,0,0,0,432.376,0,0,-394.903
"MtrElec",12,18,16,"",217.305,0,0,0,0,0,0,0,0,0,0,0,0,0,0,0,0,0,0,0,0,448.945,0,0,-231.64
"MtrElec",12,18,17,"",433.808,0,0,0,0,0,0,0,0,0,0,0,0,0,0,0,0,0,0,0,0,482.132,0,0,-48.3242
"MtrElec",12,18,18,"",400.445,0,0,0,0,0,0,0,0,0,0,0,0,0,0,0,0,0,0,0,0,400.445,0,0,0
"MtrElec",12,18,19,"",208.867,0,0,0,0,0,0,0,0,0,0,0,0,0,0,0,0,0,0,0,0,432.09,0,-223.222,0
"MtrElec",12,18,20,"",331.645,0,0,0,0,0,0,0,0,0,0,0,0,0,0,0,0,0,0,0,0,469.255,0,-137.61,0
"MtrElec",12,18,21,"",396.327,0,0,0,0,0,0,0,0,0,0,0,0,0,0,0,0,0,0,0,0,396.327,0,0,0
"MtrElec",12,18,22,"",345.097,0,0,0,0,0,0,0,0,0,0,0,0,0,0,0,0,0,0,0,0,345.097,0,0,0
"MtrElec",12,18,23,"",324.291,0,0,0,0,0,0,0,0,0,0,0,0,0,0,0,0,0,0,0,0,324.291,0,0,0
"MtrElec",12,18,24,"",279.178,0,0,0,0,0,0,0,0,0,0,0,0,0,0,0,0,0,0,0,0,279.178,0,0,0
"MtrElec",12,19,1,"",184.168,0,0,0,0,0,0,0,0,0,0,0,0,0,0,0,0,0,0,0,0,184.168,0,0,0
"MtrElec",12,19,2,"",163.19,0,0,0,0,0,0,0,0,0,0,0,0,0,0,0,0,0,0,0,0,163.19,0,0,0
"MtrElec",12,19,3,"",162.416,0,0,0,0,0,0,0,0,0,0,0,0,0,0,0,0,0,0,0,0,162.416,0,0,0
"MtrElec",12,19,4,"",161.765,0,0,0,0,0,0,0,0,0,0,0,0,0,0,0,0,0,0,0,0,161.765,0,0,0
"MtrElec",12,19,5,"",181.898,0,0,0,0,0,0,0,0,0,0,0,0,0,0,0,0,0,0,0,0,181.898,0,0,0
"MtrElec",12,19,6,"",178.73,0,0,0,0,0,0,0,0,0,0,0,0,0,0,0,0,0,0,0,0,178.73,0,0,0
"MtrElec",12,19,7,"",255.676,0,0,0,0,0,0,0,0,0,0,0,0,0,0,0,0,0,0,0,0,255.676,0,0,0
"MtrElec",12,19,8,"",180.501,0,0,0,0,0,0,0,0,0,0,0,0,0,0,0,0,0,0,0,0,293.989,0,0,-113.488
"MtrElec",12,19,9,"",23.5905,0,0,0,0,0,0,0,0,0,0,0,0,0,0,0,0,0,0,0,0,341.32,0,0,-317.729
"MtrElec",12,19,10,"",44.9796,0,0,0,0,0,0,0,0,0,0,0,0,0,0,0,0,0,0,0,0,495.849,0,0,-450.869
"MtrElec",12,19,11,"",0.0000039,0,0,0,0,0,0,0,0,0,0,0,0,0,0,0,0,0,0,0,0,479.252,0,56.0741,-535.326
"MtrElec",12,19,12,"",0,0,0,0,0,0,0,0,0,0,0,0,0,0,0,0,0,0,0,0,0,486.786,0,81.7063,-568.492
"MtrElec",12,19,13,"",0,0,0,0,0,0,0,0,0,0,0,0,0,0,0,0,0,0,0,0,0,501.411,0,53.2666,-554.677
"MtrElec",12,19,14,"",0,0,0,0,0,0,0,0,0,0,0,0,0,0,0,0,0,0,0,0,0,460.547,0,41.9372,-502.484
"MtrElec",12,19,15,"",99.3206,0,0,0,0,0,0,0,0,0,0,0,0,0,0,0,0,0,0,0,0,494.341,0,0,-395.02
"MtrElec",12,19,16,"",227.068,0,0,0,0,0,0,0,0,0,0,0,0,0,0,0,0,0,0,0,0,461.98,0,0,-234.911
"MtrElec",12,19,17,"",410.561,0,0,0,0,0,0,0,0,0,0,0,0,0,0,0,0,0,0,0,0,460.84,0,0,-50.2794
"MtrElec",12,19,18,"",453.173,0,0,0,0,0,0,0,0,0,0,0,0,0,0,0,0,0,0,0,0,453.173,0,0,0
"MtrElec",12,19,19,"",241.055,0,0,0,0,0,0,0,0,0,0,0,0,0,0,0,0,0,0,0,0,451.324,0,-210.268,0
"MtrElec",12,19,20,"",430.865,0,0,0,0,0,0,0,0,0,0,0,0,0,0,0,0,0,0,0,0,430.865,0,0,0
"MtrElec",12,19,21,"",318.997,0,0,0,0,0,0,0,0,0,0,0,0,0,0,0,0,0,0,0,0,318.997,0,0,0
"MtrElec",12,19,22,"",337.918,0,0,0,0,0,0,0,0,0,0,0,0,0,0,0,0,0,0,0,0,337.918,0,0,0
"MtrElec",12,19,23,"",262.539,0,0,0,0,0,0,0,0,0,0,0,0,0,0,0,0,0,0,0,0,262.539,0,0,0
"MtrElec",12,19,24,"",212.616,0,0,0,0,0,0,0,0,0,0,0,0,0,0,0,0,0,0,0,0,212.616,0,0,0
"MtrElec",12,20,1,"",185.488,0,0,0,0,0,0,0,0,0,0,0,0,0,0,0,0,0,0,0,0,185.488,0,0,0
"MtrElec",12,20,2,"",161.069,0,0,0,0,0,0,0,0,0,0,0,0,0,0,0,0,0,0,0,0,161.069,0,0,0
"MtrElec",12,20,3,"",207.574,0,0,0,0,0,0,0,0,0,0,0,0,0,0,0,0,0,0,0,0,207.574,0,0,0
"MtrElec",12,20,4,"",163.345,0,0,0,0,0,0,0,0,0,0,0,0,0,0,0,0,0,0,0,0,163.345,0,0,0
"MtrElec",12,20,5,"",177.906,0,0,0,0,0,0,0,0,0,0,0,0,0,0,0,0,0,0,0,0,177.906,0,0,0
"MtrElec",12,20,6,"",160.69,0,0,0,0,0,0,0,0,0,0,0,0,0,0,0,0,0,0,0,0,160.69,0,0,0
"MtrElec",12,20,7,"",230.899,0,0,0,0,0,0,0,0,0,0,0,0,0,0,0,0,0,0,0,0,230.899,0,0,0
"MtrElec",12,20,8,"",98.1986,0,0,0,0,0,0,0,0,0,0,0,0,0,0,0,0,0,0,0,0,208.909,0,0,-110.711
"MtrElec",12,20,9,"",22.282,0,0,0,0,0,0,0,0,0,0,0,0,0,0,0,0,0,0,0,0,329.8,0,0,-307.518
"MtrElec",12,20,10,"",-101.341,0,0,0,0,0,0,0,0,0,0,0,0,0,0,0,0,0,0,0,0,355.743,0,0,-457.083
"MtrElec",12,20,11,"",0.0000078,0,0,0,0,0,0,0,0,0,0,0,0,0,0,0,0,0,0,0,0,462.676,0,84.2871,-546.963
"MtrElec",12,20,12,"",0,0,0,0,0,0,0,0,0,0,0,0,0,0,0,0,0,0,0,0,0,436.007,0,147.009,-583.015
"MtrElec",12,20,13,"",0.0000078,0,0,0,0,0,0,0,0,0,0,0,0,0,0,0,0,0,0,0,0,467.501,0,95.9024,-563.403
"MtrElec",12,20,14,"",0.0000078,0,0,0,0,0,0,0,0,0,0,0,0,0,0,0,0,0,0,0,0,406.519,0,87.7188,-494.238
"MtrElec",12,20,15,"",0,0,0,0,0,0,0,0,0,0,0,0,0,0,0,0,0,0,0,0,0,353.805,0,39.4012,-393.206
"MtrElec",12,20,16,"",134.788,0,0,0,0,0,0,0,0,0,0,0,0,0,0,0,0,0,0,0,0,367.61,0,0,-232.822
"MtrElec",12,20,17,"",346.667,0,0,0,0,0,0,0,0,0,0,0,0,0,0,0,0,0,0,0,0,395.211,0,0,-48.5445
"MtrElec",12,20,18,"",426.053,0,0,0,0,0,0,0,0,0,0,0,0,0,0,0,0,0,0,0,0,426.053,0,0,0
"MtrElec",12,20,19,"",212.385,0,0,0,0,0,0,0,0,0,0,0,0,0,0,0,0,0,0,0,0,435.607,0,-223.222,0
"MtrElec",12,20,20,"",148.767,0,0,0,0,0,0,0,0,0,0,0,0,0,0,0,0,0,0,0,0,335.567,0,-186.8,0
"MtrElec",12,20,21,"",333.383,0,0,0,0,0,0,0,0,0,0,0,0,0,0,0,0,0,0,0,0,333.383,0,0,0
"MtrElec",12,20,22,"",330.197,0,0,0,0,0,0,0,0,0,0,0,0,0,0,0,0,0,0,0,0,330.197,0,0,0
"MtrElec",12,20,23,"",265.545,0,0,0,0,0,0,0,0,0,0,0,0,0,0,0,0,0,0,0,0,265.545,0,0,0
"MtrElec",12,20,24,"",203.981,0,0,0,0,0,0,0,0,0,0,0,0,0,0,0,0,0,0,0,0,203.981,0,0,0
"MtrElec",12,21,1,"",165.593,0,0,0,0,0,0,0,0,0,0,0,0,0,0,0,0,0,0,0,0,165.593,0,0,0
"MtrElec",12,21,2,"",161.315,0,0,0,0,0,0,0,0,0,0,0,0,0,0,0,0,0,0,0,0,161.315,0,0,0
"MtrElec",12,21,3,"",156.188,0,0,0,0,0,0,0,0,0,0,0,0,0,0,0,0,0,0,0,0,156.188,0,0,0
"MtrElec",12,21,4,"",158.126,0,0,0,0,0,0,0,0,0,0,0,0,0,0,0,0,0,0,0,0,158.126,0,0,0
"MtrElec",12,21,5,"",154.515,0,0,0,0,0,0,0,0,0,0,0,0,0,0,0,0,0,0,0,0,154.515,0,0,0
"MtrElec",12,21,6,"",203.922,0,0,0,0,0,0,0,0,0,0,0,0,0,0,0,0,0,0,0,0,203.922,0,0,0
"MtrElec",12,21,7,"",291.78,0,0,0,0,0,0,0,0,0,0,0,0,0,0,0,0,0,0,0,0,291.78,0,0,0
"MtrElec",12,21,8,"",208.869,0,0,0,0,0,0,0,0,0,0,0,0,0,0,0,0,0,0,0,0,307.615,0,0,-98.746
"MtrElec",12,21,9,"",66.49,0,0,0,0,0,0,0,0,0,0,0,0,0,0,0,0,0,0,0,0,362.444,0,0,-295.954
"MtrElec",12,21,10,"",0.586031,0,0,0,0,0,0,0,0,0,0,0,0,0,0,0,0,0,0,0,0,449.515,0,0,-448.929
"MtrElec",12,21,11,"",0,0,0,0,0,0,0,0,0,0,0,0,0,0,0,0,0,0,0,0,0,460.079,0,90.7301,-550.809
"MtrElec",12,21,12,"",0,0,0,0,0,0,0,0,0,0,0,0,0,0,0,0,0,0,0,0,0,433.451,0,158.873,-592.324
"MtrElec",12,21,13,"",0.0000078,0,0,0,0,0,0,0,0,0,0,0,0,0,0,0,0,0,0,0,0,463.87,0,117.856,-581.727
"MtrElec",12,21,14,"",0,0,0,0,0,0,0,0,0,0,0,0,0,0,0,0,0,0,0,0,0,344.493,0,180.802,-525.295
"MtrElec",12,21,15,"",0,0,0,0,0,0,0,0,0,0,0,0,0,0,0,0,0,0,0,0,0,390.066,0,24.1757,-414.241
"MtrElec",12,21,16,"",155.315,0,0,0,0,0,0,0,0,0,0,0,0,0,0,0,0,0,0,0,0,395.9,0,0,-240.585
"MtrElec",12,21,17,"",396.033,0,0,0,0,0,0,0,0,0,0,0,0,0,0,0,0,0,0,0,0,446.605,0,0,-50.5714
"MtrElec",12,21,18,"",395.235,0,0,0,0,0,0,0,0,0,0,0,0,0,0,0,0,0,0,0,0,395.235,0,0,0
"MtrElec",12,21,19,"",212.525,0,0,0,0,0,0,0,0,0,0,0,0,0,0,0,0,0,0,0,0,435.747,0,-223.222,0
"MtrElec",12,21,20,"",207.12,0,0,0,0,0,0,0,0,0,0,0,0,0,0,0,0,0,0,0,0,430.342,0,-223.222,0
"MtrElec",12,21,21,"",349.977,0,0,0,0,0,0,0,0,0,0,0,0,0,0,0,0,0,0,0,0,420.157,0,-70.1801,0
"MtrElec",12,21,22,"",359.783,0,0,0,0,0,0,0,0,0,0,0,0,0,0,0,0,0,0,0,0,359.783,0,0,0
"MtrElec",12,21,23,"",275.452,0,0,0,0,0,0,0,0,0,0,0,0,0,0,0,0,0,0,0,0,275.452,0,0,0
"MtrElec",12,21,24,"",194.141,0,0,0,0,0,0,0,0,0,0,0,0,0,0,0,0,0,0,0,0,194.141,0,0,0
"MtrElec",12,22,1,"",182.196,0,0,0,0,0,0,0,0,0,0,0,0,0,0,0,0,0,0,0,0,182.196,0,0,0
"MtrElec",12,22,2,"",163.746,0,0,0,0,0,0,0,0,0,0,0,0,0,0,0,0,0,0,0,0,163.746,0,0,0
"MtrElec",12,22,3,"",163.046,0,0,0,0,0,0,0,0,0,0,0,0,0,0,0,0,0,0,0,0,163.046,0,0,0
"MtrElec",12,22,4,"",164.406,0,0,0,0,0,0,0,0,0,0,0,0,0,0,0,0,0,0,0,0,164.406,0,0,0
"MtrElec",12,22,5,"",164.899,0,0,0,0,0,0,0,0,0,0,0,0,0,0,0,0,0,0,0,0,164.899,0,0,0
"MtrElec",12,22,6,"",212.489,0,0,0,0,0,0,0,0,0,0,0,0,0,0,0,0,0,0,0,0,212.489,0,0,0
"MtrElec",12,22,7,"",274.275,0,0,0,0,0,0,0,0,0,0,0,0,0,0,0,0,0,0,0,0,274.275,0,0,0
"MtrElec",12,22,8,"",319.259,0,0,0,0,0,0,0,0,0,0,0,0,0,0,0,0,0,0,0,0,354.402,0,0,-35.1432
"MtrElec",12,22,9,"",233.278,0,0,0,0,0,0,0,0,0,0,0,0,0,0,0,0,0,0,0,0,366.147,0,0,-132.868
"MtrElec",12,22,10,"",184.324,0,0,0,0,0,0,0,0,0,0,0,0,0,0,0,0,0,0,0,0,435.604,0,0,-251.28
"MtrElec",12,22,11,"",122.57,0,0,0,0,0,0,0,0,0,0,0,0,0,0,0,0,0,0,0,0,467.204,0,0,-344.634
"MtrElec",12,22,12,"",0,0,0,0,0,0,0,0,0,0,0,0,0,0,0,0,0,0,0,0,0,377.505,0,11.5157,-389.021
"MtrElec",12,22,13,"",0.534219,0,0,0,0,0,0,0,0,0,0,0,0,0,0,0,0,0,0,0,0,415.947,0,0,-415.412
"MtrElec",12,22,14,"",0.0000020,0,0,0,0,0,0,0,0,0,0,0,0,0,0,0,0,0,0,0,0,332.949,0,25.3568,-358.306
"MtrElec",12,22,15,"",87.5262,0,0,0,0,0,0,0,0,0,0,0,0,0,0,0,0,0,0,0,0,381.399,0,0,-293.873
"MtrElec",12,22,16,"",135.15,0,0,0,0,0,0,0,0,0,0,0,0,0,0,0,0,0,0,0,0,335.189,0,0,-200.039
"MtrElec",12,22,17,"",375.066,0,0,0,0,0,0,0,0,0,0,0,0,0,0,0,0,0,0,0,0,428.722,0,0,-53.6559
"MtrElec",12,22,18,"",403.813,0,0,0,0,0,0,0,0,0,0,0,0,0,0,0,0,0,0,0,0,403.813,0,0,0
"MtrElec",12,22,19,"",404.268,0,0,0,0,0,0,0,0,0,0,0,0,0,0,0,0,0,0,0,0,437.546,0,-33.2774,0
"MtrElec",12,22,20,"",427.347,0,0,0,0,0,0,0,0,0,0,0,0,0,0,0,0,0,0,0,0,427.347,0,0,0
"MtrElec",12,22,21,"",400.49,0,0,0,0,0,0,0,0,0,0,0,0,0,0,0,0,0,0,0,0,400.49,0,0,0
"MtrElec",12,22,22,"",312.256,0,0,0,0,0,0,0,0,0,0,0,0,0,0,0,0,0,0,0,0,312.256,0,0,0
"MtrElec",12,22,23,"",313.799,0,0,0,0,0,0,0,0,0,0,0,0,0,0,0,0,0,0,0,0,313.799,0,0,0
"MtrElec",12,22,24,"",200.801,0,0,0,0,0,0,0,0,0,0,0,0,0,0,0,0,0,0,0,0,200.801,0,0,0
"MtrElec",12,23,1,"",182.712,0,0,0,0,0,0,0,0,0,0,0,0,0,0,0,0,0,0,0,0,182.712,0,0,0
"MtrElec",12,23,2,"",203.418,0,0,0,0,0,0,0,0,0,0,0,0,0,0,0,0,0,0,0,0,203.418,0,0,0
"MtrElec",12,23,3,"",185.427,0,0,0,0,0,0,0,0,0,0,0,0,0,0,0,0,0,0,0,0,185.427,0,0,0
"MtrElec",12,23,4,"",173.005,0,0,0,0,0,0,0,0,0,0,0,0,0,0,0,0,0,0,0,0,173.005,0,0,0
"MtrElec",12,23,5,"",171.675,0,0,0,0,0,0,0,0,0,0,0,0,0,0,0,0,0,0,0,0,171.675,0,0,0
"MtrElec",12,23,6,"",199.191,0,0,0,0,0,0,0,0,0,0,0,0,0,0,0,0,0,0,0,0,199.191,0,0,0
"MtrElec",12,23,7,"",280.69,0,0,0,0,0,0,0,0,0,0,0,0,0,0,0,0,0,0,0,0,280.69,0,0,0
"MtrElec",12,23,8,"",275.624,0,0,0,0,0,0,0,0,0,0,0,0,0,0,0,0,0,0,0,0,391.806,0,0,-116.181
"MtrElec",12,23,9,"",111.99,0,0,0,0,0,0,0,0,0,0,0,0,0,0,0,0,0,0,0,0,434.983,0,0,-322.993
"MtrElec",12,23,10,"",-6.24206,0,0,0,0,0,0,0,0,0,0,0,0,0,0,0,0,0,0,0,0,458.206,0,0,-464.448
"MtrElec",12,23,11,"",0,0,0,0,0,0,0,0,0,0,0,0,0,0,0,0,0,0,0,0,0,427.971,0,123.261,-551.232
"MtrElec",12,23,12,"",0,0,0,0,0,0,0,0,0,0,0,0,0,0,0,0,0,0,0,0,0,416.257,0,185.789,-602.047
"MtrElec",12,23,13,"",0,0,0,0,0,0,0,0,0,0,0,0,0,0,0,0,0,0,0,0,0,418.079,0,171.703,-589.782
"MtrElec",12,23,14,"",0,0,0,0,0,0,0,0,0,0,0,0,0,0,0,0,0,0,0,0,0,396.852,0,126.706,-523.558
"MtrElec",12,23,15,"",0,0,0,0,0,0,0,0,0,0,0,0,0,0,0,0,0,0,0,0,0,339.257,0,81.6246,-420.882
"MtrElec",12,23,16,"",133.846,0,0,0,0,0,0,0,0,0,0,0,0,0,0,0,0,0,0,0,0,386.728,0,0,-252.882
"MtrElec",12,23,17,"",320.746,0,0,0,0,0,0,0,0,0,0,0,0,0,0,0,0,0,0,0,0,379.239,0,0,-58.493
"MtrElec",12,23,18,"",430.612,0,0,0,0,0,0,0,0,0,0,0,0,0,0,0,0,0,0,0,0,430.612,0,0,0
"MtrElec",12,23,19,"",225.768,0,0,0,0,0,0,0,0,0,0,0,0,0,0,0,0,0,0,0,0,448.99,0,-223.222,0
"MtrElec",12,23,20,"",207.171,0,0,0,0,0,0,0,0,0,0,0,0,0,0,0,0,0,0,0,0,430.394,0,-223.222,0
"MtrElec",12,23,21,"",223.705,0,0,0,0,0,0,0,0,0,0,0,0,0,0,0,0,0,0,0,0,399.159,0,-175.454,0
"MtrElec",12,23,22,"",328.004,0,0,0,0,0,0,0,0,0,0,0,0,0,0,0,0,0,0,0,0,328.004,0,0,0
"MtrElec",12,23,23,"",249.088,0,0,0,0,0,0,0,0,0,0,0,0,0,0,0,0,0,0,0,0,249.088,0,0,0
"MtrElec",12,23,24,"",266.873,0,0,0,0,0,0,0,0,0,0,0,0,0,0,0,0,0,0,0,0,266.873,0,0,0
"MtrElec",12,24,1,"",176.703,0,0,0,0,0,0,0,0,0,0,0,0,0,0,0,0,0,0,0,0,176.703,0,0,0
"MtrElec",12,24,2,"",171.81,0,0,0,0,0,0,0,0,0,0,0,0,0,0,0,0,0,0,0,0,171.81,0,0,0
"MtrElec",12,24,3,"",167.295,0,0,0,0,0,0,0,0,0,0,0,0,0,0,0,0,0,0,0,0,167.295,0,0,0
"MtrElec",12,24,4,"",169.417,0,0,0,0,0,0,0,0,0,0,0,0,0,0,0,0,0,0,0,0,169.417,0,0,0
"MtrElec",12,24,5,"",169.533,0,0,0,0,0,0,0,0,0,0,0,0,0,0,0,0,0,0,0,0,169.533,0,0,0
"MtrElec",12,24,6,"",228.095,0,0,0,0,0,0,0,0,0,0,0,0,0,0,0,0,0,0,0,0,228.095,0,0,0
"MtrElec",12,24,7,"",274.622,0,0,0,0,0,0,0,0,0,0,0,0,0,0,0,0,0,0,0,0,274.622,0,0,0
"MtrElec",12,24,8,"",263.369,0,0,0,0,0,0,0,0,0,0,0,0,0,0,0,0,0,0,0,0,376.185,0,0,-112.816
"MtrElec",12,24,9,"",60.0028,0,0,0,0,0,0,0,0,0,0,0,0,0,0,0,0,0,0,0,0,376.26,0,0,-316.257
"MtrElec",12,24,10,"",-81.2911,0,0,0,0,0,0,0,0,0,0,0,0,0,0,0,0,0,0,0,0,375.909,0,0,-457.2
"MtrElec",12,24,11,"",0,0,0,0,0,0,0,0,0,0,0,0,0,0,0,0,0,0,0,0,0,361.854,0,182.915,-544.769
"MtrElec",12,24,12,"",0,0,0,0,0,0,0,0,0,0,0,0,0,0,0,0,0,0,0,0,0,373.865,0,218.684,-592.549
"MtrElec",12,24,13,"",0.0000156,0,0,0,0,0,0,0,0,0,0,0,0,0,0,0,0,0,0,0,0,414.732,0,167.773,-582.505
"MtrElec",12,24,14,"",0,0,0,0,0,0,0,0,0,0,0,0,0,0,0,0,0,0,0,0,0,342.852,0,181.82,-524.671
"MtrElec",12,24,15,"",0,0,0,0,0,0,0,0,0,0,0,0,0,0,0,0,0,0,0,0,0,403.216,0,14.9561,-418.172
"MtrElec",12,24,16,"",157.318,0,0,0,0,0,0,0,0,0,0,0,0,0,0,0,0,0,0,0,0,408.15,0,0,-250.831
"MtrElec",12,24,17,"",391.727,0,0,0,0,0,0,0,0,0,0,0,0,0,0,0,0,0,0,0,0,447.564,0,0,-55.8365
"MtrElec",12,24,18,"",393.399,0,0,0,0,0,0,0,0,0,0,0,0,0,0,0,0,0,0,0,0,393.399,0,0,0
"MtrElec",12,24,19,"",203.37,0,0,0,0,0,0,0,0,0,0,0,0,0,0,0,0,0,0,0,0,426.593,0,-223.222,0
"MtrElec",12,24,20,"",252.99,0,0,0,0,0,0,0,0,0,0,0,0,0,0,0,0,0,0,0,0,476.212,0,-223.222,0
"MtrElec",12,24,21,"",172.965,0,0,0,0,0,0,0,0,0,0,0,0,0,0,0,0,0,0,0,0,396.187,0,-223.222,0
"MtrElec",12,24,22,"",300.279,0,0,0,0,0,0,0,0,0,0,0,0,0,0,0,0,0,0,0,0,322.061,0,-21.7815,0
"MtrElec",12,24,23,"",293.445,0,0,0,0,0,0,0,0,0,0,0,0,0,0,0,0,0,0,0,0,293.445,0,0,0
"MtrElec",12,24,24,"",209.041,0,0,0,0,0,0,0,0,0,0,0,0,0,0,0,0,0,0,0,0,209.041,0,0,0
"MtrElec",12,25,1,"",184.732,0,0,0,0,0,0,0,0,0,0,0,0,0,0,0,0,0,0,0,0,184.732,0,0,0
"MtrElec",12,25,2,"",170.757,0,0,0,0,0,0,0,0,0,0,0,0,0,0,0,0,0,0,0,0,170.757,0,0,0
"MtrElec",12,25,3,"",165.624,0,0,0,0,0,0,0,0,0,0,0,0,0,0,0,0,0,0,0,0,165.624,0,0,0
"MtrElec",12,25,4,"",214.621,0,0,0,0,0,0,0,0,0,0,0,0,0,0,0,0,0,0,0,0,214.621,0,0,0
"MtrElec",12,25,5,"",172.664,0,0,0,0,0,0,0,0,0,0,0,0,0,0,0,0,0,0,0,0,172.664,0,0,0
"MtrElec",12,25,6,"",227.65,0,0,0,0,0,0,0,0,0,0,0,0,0,0,0,0,0,0,0,0,227.65,0,0,0
"MtrElec",12,25,7,"",247.064,0,0,0,0,0,0,0,0,0,0,0,0,0,0,0,0,0,0,0,0,247.064,0,0,0
"MtrElec",12,25,8,"",210.374,0,0,0,0,0,0,0,0,0,0,0,0,0,0,0,0,0,0,0,0,321.294,0,0,-110.92
"MtrElec",12,25,9,"",59.8244,0,0,0,0,0,0,0,0,0,0,0,0,0,0,0,0,0,0,0,0,376.823,0,0,-316.999
"MtrElec",12,25,10,"",-4.39881,0,0,0,0,0,0,0,0,0,0,0,0,0,0,0,0,0,0,0,0,454.432,0,0,-458.831
"MtrElec",12,25,11,"",0.0000078,0,0,0,0,0,0,0,0,0,0,0,0,0,0,0,0,0,0,0,0,440.245,0,115.883,-556.127
"MtrElec",12,25,12,"",0,0,0,0,0,0,0,0,0,0,0,0,0,0,0,0,0,0,0,0,0,440.896,0,153.977,-594.874
"MtrElec",12,25,13,"",0,0,0,0,0,0,0,0,0,0,0,0,0,0,0,0,0,0,0,0,0,410.528,0,159.922,-570.45
"MtrElec",12,25,14,"",0,0,0,0,0,0,0,0,0,0,0,0,0,0,0,0,0,0,0,0,0,330.696,0,181.633,-512.329
"MtrElec",12,25,15,"",0.0000020,0,0,0,0,0,0,0,0,0,0,0,0,0,0,0,0,0,0,0,0,379.478,0,31.4475,-410.925
"MtrElec",12,25,16,"",101.398,0,0,0,0,0,0,0,0,0,0,0,0,0,0,0,0,0,0,0,0,351.529,0,0,-250.131
"MtrElec",12,25,17,"",288.952,0,0,0,0,0,0,0,0,0,0,0,0,0,0,0,0,0,0,0,0,332.582,0,0,-43.63
"MtrElec",12,25,18,"",405.014,0,0,0,0,0,0,0,0,0,0,0,0,0,0,0,0,0,0,0,0,405.014,0,0,0
"MtrElec",12,25,19,"",186.528,0,0,0,0,0,0,0,0,0,0,0,0,0,0,0,0,0,0,0,0,409.75,0,-223.222,0
"MtrElec",12,25,20,"",105.646,0,0,0,0,0,0,0,0,0,0,0,0,0,0,0,0,0,0,0,0,328.868,0,-223.222,0
"MtrElec",12,25,21,"",211.624,0,0,0,0,0,0,0,0,0,0,0,0,0,0,0,0,0,0,0,0,345.363,0,-133.739,0
"MtrElec",12,25,22,"",243.964,0,0,0,0,0,0,0,0,0,0,0,0,0,0,0,0,0,0,0,0,243.964,0,0,0
"MtrElec",12,25,23,"",261.31,0,0,0,0,0,0,0,0,0,0,0,0,0,0,0,0,0,0,0,0,261.31,0,0,0
"MtrElec",12,25,24,"",207.44,0,0,0,0,0,0,0,0,0,0,0,0,0,0,0,0,0,0,0,0,207.44,0,0,0
"MtrElec",12,26,1,"",169.04,0,0,0,0,0,0,0,0,0,0,0,0,0,0,0,0,0,0,0,0,169.04,0,0,0
"MtrElec",12,26,2,"",176.235,0,0,0,0,0,0,0,0,0,0,0,0,0,0,0,0,0,0,0,0,176.235,0,0,0
"MtrElec",12,26,3,"",170.199,0,0,0,0,0,0,0,0,0,0,0,0,0,0,0,0,0,0,0,0,170.199,0,0,0
"MtrElec",12,26,4,"",198.651,0,0,0,0,0,0,0,0,0,0,0,0,0,0,0,0,0,0,0,0,198.651,0,0,0
"MtrElec",12,26,5,"",206.643,0,0,0,0,0,0,0,0,0,0,0,0,0,0,0,0,0,0,0,0,206.643,0,0,0
"MtrElec",12,26,6,"",174.112,0,0,0,0,0,0,0,0,0,0,0,0,0,0,0,0,0,0,0,0,174.112,0,0,0
"MtrElec",12,26,7,"",207.426,0,0,0,0,0,0,0,0,0,0,0,0,0,0,0,0,0,0,0,0,207.426,0,0,0
"MtrElec",12,26,8,"",276.07,0,0,0,0,0,0,0,0,0,0,0,0,0,0,0,0,0,0,0,0,279.731,0,0,-3.6604
"MtrElec",12,26,9,"",204.471,0,0,0,0,0,0,0,0,0,0,0,0,0,0,0,0,0,0,0,0,314.407,0,0,-109.936
"MtrElec",12,26,10,"",278.325,0,0,0,0,0,0,0,0,0,0,0,0,0,0,0,0,0,0,0,0,397.815,0,0,-119.489
"MtrElec",12,26,11,"",229.89,0,0,0,0,0,0,0,0,0,0,0,0,0,0,0,0,0,0,0,0,431.844,0,0,-201.954
"MtrElec",12,26,12,"",155.897,0,0,0,0,0,0,0,0,0,0,0,0,0,0,0,0,0,0,0,0,450.529,0,0,-294.632
"MtrElec",12,26,13,"",229.007,0,0,0,0,0,0,0,0,0,0,0,0,0,0,0,0,0,0,0,0,422.303,0,0,-193.296
"MtrElec",12,26,14,"",177.672,0,0,0,0,0,0,0,0,0,0,0,0,0,0,0,0,0,0,0,0,398.671,0,0,-220.999
"MtrElec",12,26,15,"",305.744,0,0,0,0,0,0,0,0,0,0,0,0,0,0,0,0,0,0,0,0,414.749,0,0,-109.005
"MtrElec",12,26,16,"",311.011,0,0,0,0,0,0,0,0,0,0,0,0,0,0,0,0,0,0,0,0,390.335,0,0,-79.324
"MtrElec",12,26,17,"",342.488,0,0,0,0,0,0,0,0,0,0,0,0,0,0,0,0,0,0,0,0,354.17,0,0,-11.6821
"MtrElec",12,26,18,"",395.29,0,0,0,0,0,0,0,0,0,0,0,0,0,0,0,0,0,0,0,0,395.29,0,0,0
"MtrElec",12,26,19,"",450.696,0,0,0,0,0,0,0,0,0,0,0,0,0,0,0,0,0,0,0,0,450.696,0,0,0
"MtrElec",12,26,20,"",389.991,0,0,0,0,0,0,0,0,0,0,0,0,0,0,0,0,0,0,0,0,389.991,0,0,0
"MtrElec",12,26,21,"",369.801,0,0,0,0,0,0,0,0,0,0,0,0,0,0,0,0,0,0,0,0,369.801,0,0,0
"MtrElec",12,26,22,"",349.116,0,0,0,0,0,0,0,0,0,0,0,0,0,0,0,0,0,0,0,0,349.116,0,0,0
"MtrElec",12,26,23,"",257.577,0,0,0,0,0,0,0,0,0,0,0,0,0,0,0,0,0,0,0,0,257.577,0,0,0
"MtrElec",12,26,24,"",224.34,0,0,0,0,0,0,0,0,0,0,0,0,0,0,0,0,0,0,0,0,224.34,0,0,0
"MtrElec",12,27,1,"",181.497,0,0,0,0,0,0,0,0,0,0,0,0,0,0,0,0,0,0,0,0,181.497,0,0,0
"MtrElec",12,27,2,"",165.499,0,0,0,0,0,0,0,0,0,0,0,0,0,0,0,0,0,0,0,0,165.499,0,0,0
"MtrElec",12,27,3,"",161.13,0,0,0,0,0,0,0,0,0,0,0,0,0,0,0,0,0,0,0,0,161.13,0,0,0
"MtrElec",12,27,4,"",162.502,0,0,0,0,0,0,0,0,0,0,0,0,0,0,0,0,0,0,0,0,162.502,0,0,0
"MtrElec",12,27,5,"",165.126,0,0,0,0,0,0,0,0,0,0,0,0,0,0,0,0,0,0,0,0,165.126,0,0,0
"MtrElec",12,27,6,"",164.33,0,0,0,0,0,0,0,0,0,0,0,0,0,0,0,0,0,0,0,0,164.33,0,0,0
"MtrElec",12,27,7,"",217.718,0,0,0,0,0,0,0,0,0,0,0,0,0,0,0,0,0,0,0,0,217.718,0,0,0
"MtrElec",12,27,8,"",267.846,0,0,0,0,0,0,0,0,0,0,0,0,0,0,0,0,0,0,0,0,267.846,0,0,0
"MtrElec",12,27,9,"",280.342,0,0,0,0,0,0,0,0,0,0,0,0,0,0,0,0,0,0,0,0,335.438,0,0,-55.0961
"MtrElec",12,27,10,"",251.461,0,0,0,0,0,0,0,0,0,0,0,0,0,0,0,0,0,0,0,0,418.042,0,0,-166.581
"MtrElec",12,27,11,"",181.996,0,0,0,0,0,0,0,0,0,0,0,0,0,0,0,0,0,0,0,0,387.807,0,0,-205.811
"MtrElec",12,27,12,"",227.703,0,0,0,0,0,0,0,0,0,0,0,0,0,0,0,0,0,0,0,0,420.195,0,0,-192.492
"MtrElec",12,27,13,"",234.968,0,0,0,0,0,0,0,0,0,0,0,0,0,0,0,0,0,0,0,0,364.597,0,0,-129.629
"MtrElec",12,27,14,"",218.217,0,0,0,0,0,0,0,0,0,0,0,0,0,0,0,0,0,0,0,0,359.899,0,0,-141.682
"MtrElec",12,27,15,"",317.608,0,0,0,0,0,0,0,0,0,0,0,0,0,0,0,0,0,0,0,0,387.653,0,0,-70.0457
"MtrElec",12,27,16,"",334.921,0,0,0,0,0,0,0,0,0,0,0,0,0,0,0,0,0,0,0,0,375.776,0,0,-40.8549
"MtrElec",12,27,17,"",372.55,0,0,0,0,0,0,0,0,0,0,0,0,0,0,0,0,0,0,0,0,372.961,0,0,-0.410466
"MtrElec",12,27,18,"",379.798,0,0,0,0,0,0,0,0,0,0,0,0,0,0,0,0,0,0,0,0,379.798,0,0,0
"MtrElec",12,27,19,"",402.943,0,0,0,0,0,0,0,0,0,0,0,0,0,0,0,0,0,0,0,0,402.943,0,0,0
"MtrElec",12,27,20,"",344.097,0,0,0,0,0,0,0,0,0,0,0,0,0,0,0,0,0,0,0,0,344.097,0,0,0
"MtrElec",12,27,21,"",305.628,0,0,0,0,0,0,0,0,0,0,0,0,0,0,0,0,0,0,0,0,305.628,0,0,0
"MtrElec",12,27,22,"",308.566,0,0,0,0,0,0,0,0,0,0,0,0,0,0,0,0,0,0,0,0,308.566,0,0,0
"MtrElec",12,27,23,"",248.147,0,0,0,0,0,0,0,0,0,0,0,0,0,0,0,0,0,0,0,0,248.147,0,0,0
"MtrElec",12,27,24,"",207.372,0,0,0,0,0,0,0,0,0,0,0,0,0,0,0,0,0,0,0,0,207.372,0,0,0
"MtrElec",12,28,1,"",169.661,0,0,0,0,0,0,0,0,0,0,0,0,0,0,0,0,0,0,0,0,169.661,0,0,0
"MtrElec",12,28,2,"",163.551,0,0,0,0,0,0,0,0,0,0,0,0,0,0,0,0,0,0,0,0,163.551,0,0,0
"MtrElec",12,28,3,"",160.967,0,0,0,0,0,0,0,0,0,0,0,0,0,0,0,0,0,0,0,0,160.967,0,0,0
"MtrElec",12,28,4,"",163.724,0,0,0,0,0,0,0,0,0,0,0,0,0,0,0,0,0,0,0,0,163.724,0,0,0
"MtrElec",12,28,5,"",210.301,0,0,0,0,0,0,0,0,0,0,0,0,0,0,0,0,0,0,0,0,210.301,0,0,0
"MtrElec",12,28,6,"",164.978,0,0,0,0,0,0,0,0,0,0,0,0,0,0,0,0,0,0,0,0,164.978,0,0,0
"MtrElec",12,28,7,"",269.018,0,0,0,0,0,0,0,0,0,0,0,0,0,0,0,0,0,0,0,0,269.018,0,0,0
"MtrElec",12,28,8,"",390.322,0,0,0,0,0,0,0,0,0,0,0,0,0,0,0,0,0,0,0,0,390.322,0,0,0
"MtrElec",12,28,9,"",390.684,0,0,0,0,0,0,0,0,0,0,0,0,0,0,0,0,0,0,0,0,393.433,0,0,-2.74894
"MtrElec",12,28,10,"",288.566,0,0,0,0,0,0,0,0,0,0,0,0,0,0,0,0,0,0,0,0,420.911,0,0,-132.345
"MtrElec",12,28,11,"",110.718,0,0,0,0,0,0,0,0,0,0,0,0,0,0,0,0,0,0,0,0,405.748,0,0,-295.03
"MtrElec",12,28,12,"",0,0,0,0,0,0,0,0,0,0,0,0,0,0,0,0,0,0,0,0,0,361.997,0,38.0994,-400.097
"MtrElec",12,28,13,"",46.2412,0,0,0,0,0,0,0,0,0,0,0,0,0,0,0,0,0,0,0,0,372.319,0,0,-326.078
"MtrElec",12,28,14,"",120.902,0,0,0,0,0,0,0,0,0,0,0,0,0,0,0,0,0,0,0,0,327.803,0,0,-206.9
"MtrElec",12,28,15,"",309.554,0,0,0,0,0,0,0,0,0,0,0,0,0,0,0,0,0,0,0,0,378.045,0,0,-68.4908
"MtrElec",12,28,16,"",330.375,0,0,0,0,0,0,0,0,0,0,0,0,0,0,0,0,0,0,0,0,341.231,0,0,-10.8557
"MtrElec",12,28,17,"",428.166,0,0,0,0,0,0,0,0,0,0,0,0,0,0,0,0,0,0,0,0,428.166,0,0,0
"MtrElec",12,28,18,"",449.502,0,0,0,0,0,0,0,0,0,0,0,0,0,0,0,0,0,0,0,0,449.502,0,0,0
"MtrElec",12,28,19,"",417.949,0,0,0,0,0,0,0,0,0,0,0,0,0,0,0,0,0,0,0,0,452.334,0,-34.3847,0
"MtrElec",12,28,20,"",417.325,0,0,0,0,0,0,0,0,0,0,0,0,0,0,0,0,0,0,0,0,417.325,0,0,0
"MtrElec",12,28,21,"",379.29,0,0,0,0,0,0,0,0,0,0,0,0,0,0,0,0,0,0,0,0,379.29,0,0,0
"MtrElec",12,28,22,"",309.441,0,0,0,0,0,0,0,0,0,0,0,0,0,0,0,0,0,0,0,0,309.441,0,0,0
"MtrElec",12,28,23,"",320.113,0,0,0,0,0,0,0,0,0,0,0,0,0,0,0,0,0,0,0,0,320.113,0,0,0
"MtrElec",12,28,24,"",228.029,0,0,0,0,0,0,0,0,0,0,0,0,0,0,0,0,0,0,0,0,228.029,0,0,0
"MtrElec",12,29,1,"",176.022,0,0,0,0,0,0,0,0,0,0,0,0,0,0,0,0,0,0,0,0,176.022,0,0,0
"MtrElec",12,29,2,"",162.262,0,0,0,0,0,0,0,0,0,0,0,0,0,0,0,0,0,0,0,0,162.262,0,0,0
"MtrElec",12,29,3,"",206.117,0,0,0,0,0,0,0,0,0,0,0,0,0,0,0,0,0,0,0,0,206.117,0,0,0
"MtrElec",12,29,4,"",162.16,0,0,0,0,0,0,0,0,0,0,0,0,0,0,0,0,0,0,0,0,162.16,0,0,0
"MtrElec",12,29,5,"",157.948,0,0,0,0,0,0,0,0,0,0,0,0,0,0,0,0,0,0,0,0,157.948,0,0,0
"MtrElec",12,29,6,"",164.362,0,0,0,0,0,0,0,0,0,0,0,0,0,0,0,0,0,0,0,0,164.362,0,0,0
"MtrElec",12,29,7,"",265.855,0,0,0,0,0,0,0,0,0,0,0,0,0,0,0,0,0,0,0,0,265.855,0,0,0
"MtrElec",12,29,8,"",385.55,0,0,0,0,0,0,0,0,0,0,0,0,0,0,0,0,0,0,0,0,393.689,0,0,-8.13916
"MtrElec",12,29,9,"",372.368,0,0,0,0,0,0,0,0,0,0,0,0,0,0,0,0,0,0,0,0,378.973,0,0,-6.60521
"MtrElec",12,29,10,"",303.183,0,0,0,0,0,0,0,0,0,0,0,0,0,0,0,0,0,0,0,0,433.635,0,0,-130.452
"MtrElec",12,29,11,"",172.694,0,0,0,0,0,0,0,0,0,0,0,0,0,0,0,0,0,0,0,0,430.046,0,0,-257.352
"MtrElec",12,29,12,"",21.84,0,0,0,0,0,0,0,0,0,0,0,0,0,0,0,0,0,0,0,0,393.88,0,0,-372.04
"MtrElec",12,29,13,"",298.067,0,0,0,0,0,0,0,0,0,0,0,0,0,0,0,0,0,0,0,0,468.855,0,0,-170.788
"MtrElec",12,29,14,"",254.591,0,0,0,0,0,0,0,0,0,0,0,0,0,0,0,0,0,0,0,0,320.759,0,0,-66.168
"MtrElec",12,29,15,"",232.801,0,0,0,0,0,0,0,0,0,0,0,0,0,0,0,0,0,0,0,0,355.586,0,0,-122.785
"MtrElec",12,29,16,"",129.163,0,0,0,0,0,0,0,0,0,0,0,0,0,0,0,0,0,0,0,0,331.766,0,0,-202.603
"MtrElec",12,29,17,"",331.827,0,0,0,0,0,0,0,0,0,0,0,0,0,0,0,0,0,0,0,0,376.294,0,0,-44.4671
"MtrElec",12,29,18,"",414.568,0,0,0,0,0,0,0,0,0,0,0,0,0,0,0,0,0,0,0,0,414.568,0,0,0
"MtrElec",12,29,19,"",425.504,0,0,0,0,0,0,0,0,0,0,0,0,0,0,0,0,0,0,0,0,425.504,0,0,0
"MtrElec",12,29,20,"",429.592,0,0,0,0,0,0,0,0,0,0,0,0,0,0,0,0,0,0,0,0,429.592,0,0,0
"MtrElec",12,29,21,"",452.832,0,0,0,0,0,0,0,0,0,0,0,0,0,0,0,0,0,0,0,0,452.832,0,0,0
"MtrElec",12,29,22,"",331.645,0,0,0,0,0,0,0,0,0,0,0,0,0,0,0,0,0,0,0,0,331.645,0,0,0
"MtrElec",12,29,23,"",298.788,0,0,0,0,0,0,0,0,0,0,0,0,0,0,0,0,0,0,0,0,298.788,0,0,0
"MtrElec",12,29,24,"",227.993,0,0,0,0,0,0,0,0,0,0,0,0,0,0,0,0,0,0,0,0,227.993,0,0,0
"MtrElec",12,30,1,"",185.458,0,0,0,0,0,0,0,0,0,0,0,0,0,0,0,0,0,0,0,0,185.458,0,0,0
"MtrElec",12,30,2,"",208.023,0,0,0,0,0,0,0,0,0,0,0,0,0,0,0,0,0,0,0,0,208.023,0,0,0
"MtrElec",12,30,3,"",156.526,0,0,0,0,0,0,0,0,0,0,0,0,0,0,0,0,0,0,0,0,156.526,0,0,0
"MtrElec",12,30,4,"",161.663,0,0,0,0,0,0,0,0,0,0,0,0,0,0,0,0,0,0,0,0,161.663,0,0,0
"MtrElec",12,30,5,"",160.071,0,0,0,0,0,0,0,0,0,0,0,0,0,0,0,0,0,0,0,0,160.071,0,0,0
"MtrElec",12,30,6,"",167.363,0,0,0,0,0,0,0,0,0,0,0,0,0,0,0,0,0,0,0,0,167.363,0,0,0
"MtrElec",12,30,7,"",310,0,0,0,0,0,0,0,0,0,0,0,0,0,0,0,0,0,0,0,0,310,0,0,0
"MtrElec",12,30,8,"",284.504,0,0,0,0,0,0,0,0,0,0,0,0,0,0,0,0,0,0,0,0,383.258,0,0,-98.7539
"MtrElec",12,30,9,"",122.622,0,0,0,0,0,0,0,0,0,0,0,0,0,0,0,0,0,0,0,0,418.878,0,0,-296.256
"MtrElec",12,30,10,"",28.9703,0,0,0,0,0,0,0,0,0,0,0,0,0,0,0,0,0,0,0,0,485.401,0,0,-456.431
"MtrElec",12,30,11,"",0.0000078,0,0,0,0,0,0,0,0,0,0,0,0,0,0,0,0,0,0,0,0,442.944,0,114.322,-557.265
"MtrElec",12,30,12,"",0,0,0,0,0,0,0,0,0,0,0,0,0,0,0,0,0,0,0,0,0,391.533,0,149.801,-541.333
"MtrElec",12,30,13,"",235.912,0,0,0,0,0,0,0,0,0,0,0,0,0,0,0,0,0,0,0,0,479.894,0,0,-243.982
"MtrElec",12,30,14,"",301.778,0,0,0,0,0,0,0,0,0,0,0,0,0,0,0,0,0,0,0,0,315.555,0,0,-13.7768
"MtrElec",12,30,15,"",291.436,0,0,0,0,0,0,0,0,0,0,0,0,0,0,0,0,0,0,0,0,366.846,0,0,-75.4101
"MtrElec",12,30,16,"",207.337,0,0,0,0,0,0,0,0,0,0,0,0,0,0,0,0,0,0,0,0,378.028,0,0,-170.691
"MtrElec",12,30,17,"",353.025,0,0,0,0,0,0,0,0,0,0,0,0,0,0,0,0,0,0,0,0,410.426,0,0,-57.4003
"MtrElec",12,30,18,"",426.289,0,0,0,0,0,0,0,0,0,0,0,0,0,0,0,0,0,0,0,0,426.289,0,0,0
"MtrElec",12,30,19,"",198.88,0,0,0,0,0,0,0,0,0,0,0,0,0,0,0,0,0,0,0,0,422.102,0,-223.222,0
"MtrElec",12,30,20,"",427.103,0,0,0,0,0,0,0,0,0,0,0,0,0,0,0,0,0,0,0,0,442.251,0,-15.1481,0
"MtrElec",12,30,21,"",448.29,0,0,0,0,0,0,0,0,0,0,0,0,0,0,0,0,0,0,0,0,448.29,0,0,0
"MtrElec",12,30,22,"",323.795,0,0,0,0,0,0,0,0,0,0,0,0,0,0,0,0,0,0,0,0,323.795,0,0,0
"MtrElec",12,30,23,"",306.07,0,0,0,0,0,0,0,0,0,0,0,0,0,0,0,0,0,0,0,0,306.07,0,0,0
"MtrElec",12,30,24,"",255.672,0,0,0,0,0,0,0,0,0,0,0,0,0,0,0,0,0,0,0,0,255.672,0,0,0
"MtrElec",12,31,1,"",171.831,0,0,0,0,0,0,0,0,0,0,0,0,0,0,0,0,0,0,0,0,171.831,0,0,0
"MtrElec",12,31,2,"",162.206,0,0,0,0,0,0,0,0,0,0,0,0,0,0,0,0,0,0,0,0,162.206,0,0,0
"MtrElec",12,31,3,"",204.829,0,0,0,0,0,0,0,0,0,0,0,0,0,0,0,0,0,0,0,0,204.829,0,0,0
"MtrElec",12,31,4,"",166.197,0,0,0,0,0,0,0,0,0,0,0,0,0,0,0,0,0,0,0,0,166.197,0,0,0
"MtrElec",12,31,5,"",154.362,0,0,0,0,0,0,0,0,0,0,0,0,0,0,0,0,0,0,0,0,154.362,0,0,0
"MtrElec",12,31,6,"",180.43,0,0,0,0,0,0,0,0,0,0,0,0,0,0,0,0,0,0,0,0,180.43,0,0,0
"MtrElec",12,31,7,"",278.306,0,0,0,0,0,0,0,0,0,0,0,0,0,0,0,0,0,0,0,0,278.306,0,0,0
"MtrElec",12,31,8,"",376.185,0,0,0,0,0,0,0,0,0,0,0,0,0,0,0,0,0,0,0,0,376.185,0,0,0
"MtrElec",12,31,9,"",420.526,0,0,0,0,0,0,0,0,0,0,0,0,0,0,0,0,0,0,0,0,441.51,0,0,-20.9844
"MtrElec",12,31,10,"",458.849,0,0,0,0,0,0,0,0,0,0,0,0,0,0,0,0,0,0,0,0,482.838,0,0,-23.9892
"MtrElec",12,31,11,"",362.254,0,0,0,0,0,0,0,0,0,0,0,0,0,0,0,0,0,0,0,0,444.772,0,0,-82.5184
"MtrElec",12,31,12,"",65.4843,0,0,0,0,0,0,0,0,0,0,0,0,0,0,0,0,0,0,0,0,360.203,0,0,-294.718
"MtrElec",12,31,13,"",350.415,0,0,0,0,0,0,0,0,0,0,0,0,0,0,0,0,0,0,0,0,423.235,0,0,-72.82
"MtrElec",12,31,14,"",268.543,0,0,0,0,0,0,0,0,0,0,0,0,0,0,0,0,0,0,0,0,382.542,0,0,-113.999
"MtrElec",12,31,15,"",174.986,0,0,0,0,0,0,0,0,0,0,0,0,0,0,0,0,0,0,0,0,375.885,0,0,-200.899
"MtrElec",12,31,16,"",113.003,0,0,0,0,0,0,0,0,0,0,0,0,0,0,0,0,0,0,0,0,377.908,0,0,-264.905
"MtrElec",12,31,17,"",293.362,0,0,0,0,0,0,0,0,0,0,0,0,0,0,0,0,0,0,0,0,357.94,0,0,-64.5782
"MtrElec",12,31,18,"",452.266,0,0,0,0,0,0,0,0,0,0,0,0,0,0,0,0,0,0,0,0,452.266,0,0,0
"MtrElec",12,31,19,"",433.011,0,0,0,0,0,0,0,0,0,0,0,0,0,0,0,0,0,0,0,0,433.011,0,0,0
"MtrElec",12,31,20,"",461.372,0,0,0,0,0,0,0,0,0,0,0,0,0,0,0,0,0,0,0,0,461.372,0,0,0
"MtrElec",12,31,21,"",442.79,0,0,0,0,0,0,0,0,0,0,0,0,0,0,0,0,0,0,0,0,442.79,0,0,0
"MtrElec",12,31,22,"",336.664,0,0,0,0,0,0,0,0,0,0,0,0,0,0,0,0,0,0,0,0,336.664,0,0,0
"MtrElec",12,31,23,"",345.448,0,0,0,0,0,0,0,0,0,0,0,0,0,0,0,0,0,0,0,0,345.448,0,0,0
"MtrElec",12,31,24,"",231.056,0,0,0,0,0,0,0,0,0,0,0,0,0,0,0,0,0,0,0,0,231.056,0,0,0

