"MF88 Individual Supply + Individual Exhaust (ERV, WSHP)  /  Standard (PV-Batt only)  /  EX03_MF88_Central-WSHP_CZ09.cibd25x",001
"Wed 23-Sep-26   1:48:06 pm"
"Energy Use","Hour"
"Meter","Mon","Day","Hr","Subhr","Tot","Clg","Htg","HPBU","Dhw","DhwBU","DhwMFL","FanC","FanH","FanV","Fan","Aux","Proc","Lit","Rcp","Ext","Refr","Dish","Dry","Wash","Cook","User1","User2","BT","PV"
"MtrElec",1,1,1,"",232.092,0,0,0,0,0,0,0,0,0,0,0,0,0,0,0,0,0,0,0,0,232.092,0,0,0
"MtrElec",1,1,2,"",175.582,0,0,0,0,0,0,0,0,0,0,0,0,0,0,0,0,0,0,0,0,175.582,0,0,0
"MtrElec",1,1,3,"",166.517,0,0,0,0,0,0,0,0,0,0,0,0,0,0,0,0,0,0,0,0,166.517,0,0,0
"MtrElec",1,1,4,"",170.533,0,0,0,0,0,0,0,0,0,0,0,0,0,0,0,0,0,0,0,0,170.533,0,0,0
"MtrElec",1,1,5,"",168.995,0,0,0,0,0,0,0,0,0,0,0,0,0,0,0,0,0,0,0,0,168.995,0,0,0
"MtrElec",1,1,6,"",194.968,0,0,0,0,0,0,0,0,0,0,0,0,0,0,0,0,0,0,0,0,194.968,0,0,0
"MtrElec",1,1,7,"",265.138,0,0,0,0,0,0,0,0,0,0,0,0,0,0,0,0,0,0,0,0,265.138,0,0,0
"MtrElec",1,1,8,"",195.914,0,0,0,0,0,0,0,0,0,0,0,0,0,0,0,0,0,0,0,0,294.61,0,0,-98.6962
"MtrElec",1,1,9,"",40.1642,0,0,0,0,0,0,0,0,0,0,0,0,0,0,0,0,0,0,0,0,339.73,0,0,-299.566
"MtrElec",1,1,10,"",-85.6781,0,0,0,0,0,0,0,0,0,0,0,0,0,0,0,0,0,0,0,0,374.117,0,0,-459.795
"MtrElec",1,1,11,"",0,0,0,0,0,0,0,0,0,0,0,0,0,0,0,0,0,0,0,0,0,493.102,0,66.8191,-559.921
"MtrElec",1,1,12,"",0,0,0,0,0,0,0,0,0,0,0,0,0,0,0,0,0,0,0,0,0,454.743,0,142.604,-597.347
"MtrElec",1,1,13,"",0,0,0,0,0,0,0,0,0,0,0,0,0,0,0,0,0,0,0,0,0,441.237,0,139.654,-580.891
"MtrElec",1,1,14,"",0.0000020,0,0,0,0,0,0,0,0,0,0,0,0,0,0,0,0,0,0,0,0,326.196,0,30.0496,-356.245
"MtrElec",1,1,15,"",56.4899,0,0,0,0,0,0,0,0,0,0,0,0,0,0,0,0,0,0,0,0,348.584,0,0,-292.094
"MtrElec",1,1,16,"",116.174,0,0,0,0,0,0,0,0,0,0,0,0,0,0,0,0,0,0,0,0,294.858,0,0,-178.684
"MtrElec",1,1,17,"",364.867,0,0,0,0,0,0,0,0,0,0,0,0,0,0,0,0,0,0,0,0,386.575,0,0,-21.7079
"MtrElec",1,1,18,"",434.403,0,0,0,0,0,0,0,0,0,0,0,0,0,0,0,0,0,0,0,0,434.403,0,0,0
"MtrElec",1,1,19,"",215.711,0,0,0,0,0,0,0,0,0,0,0,0,0,0,0,0,0,0,0,0,438.927,0,-223.217,0
"MtrElec",1,1,20,"",226.896,0,0,0,0,0,0,0,0,0,0,0,0,0,0,0,0,0,0,0,0,345.841,0,-118.945,0
"MtrElec",1,1,21,"",291.531,0,0,0,0,0,0,0,0,0,0,0,0,0,0,0,0,0,0,0,0,291.531,0,0,0
"MtrElec",1,1,22,"",326.497,0,0,0,0,0,0,0,0,0,0,0,0,0,0,0,0,0,0,0,0,326.497,0,0,0
"MtrElec",1,1,23,"",259.777,0,0,0,0,0,0,0,0,0,0,0,0,0,0,0,0,0,0,0,0,259.777,0,0,0
"MtrElec",1,1,24,"",207.582,0,0,0,0,0,0,0,0,0,0,0,0,0,0,0,0,0,0,0,0,207.582,0,0,0
"MtrElec",1,2,1,"",174.088,0,0,0,0,0,0,0,0,0,0,0,0,0,0,0,0,0,0,0,0,174.088,0,0,0
"MtrElec",1,2,2,"",170.916,0,0,0,0,0,0,0,0,0,0,0,0,0,0,0,0,0,0,0,0,170.916,0,0,0
"MtrElec",1,2,3,"",213.739,0,0,0,0,0,0,0,0,0,0,0,0,0,0,0,0,0,0,0,0,213.739,0,0,0
"MtrElec",1,2,4,"",171.162,0,0,0,0,0,0,0,0,0,0,0,0,0,0,0,0,0,0,0,0,171.162,0,0,0
"MtrElec",1,2,5,"",171.444,0,0,0,0,0,0,0,0,0,0,0,0,0,0,0,0,0,0,0,0,171.444,0,0,0
"MtrElec",1,2,6,"",171.794,0,0,0,0,0,0,0,0,0,0,0,0,0,0,0,0,0,0,0,0,171.794,0,0,0
"MtrElec",1,2,7,"",268.732,0,0,0,0,0,0,0,0,0,0,0,0,0,0,0,0,0,0,0,0,268.732,0,0,0
"MtrElec",1,2,8,"",311.506,0,0,0,0,0,0,0,0,0,0,0,0,0,0,0,0,0,0,0,0,313.584,0,0,-2.07862
"MtrElec",1,2,9,"",346.365,0,0,0,0,0,0,0,0,0,0,0,0,0,0,0,0,0,0,0,0,395.576,0,0,-49.211
"MtrElec",1,2,10,"",369.055,0,0,0,0,0,0,0,0,0,0,0,0,0,0,0,0,0,0,0,0,421.273,0,0,-52.2181
"MtrElec",1,2,11,"",371.054,0,0,0,0,0,0,0,0,0,0,0,0,0,0,0,0,0,0,0,0,440.828,0,0,-69.7738
"MtrElec",1,2,12,"",347.844,0,0,0,0,0,0,0,0,0,0,0,0,0,0,0,0,0,0,0,0,433.096,0,0,-85.2517
"MtrElec",1,2,13,"",246.979,0,0,0,0,0,0,0,0,0,0,0,0,0,0,0,0,0,0,0,0,337.664,0,0,-90.6851
"MtrElec",1,2,14,"",317.556,0,0,0,0,0,0,0,0,0,0,0,0,0,0,0,0,0,0,0,0,362.622,0,0,-45.0658
"MtrElec",1,2,15,"",285.101,0,0,0,0,0,0,0,0,0,0,0,0,0,0,0,0,0,0,0,0,335.579,0,0,-50.4776
"MtrElec",1,2,16,"",354.109,0,0,0,0,0,0,0,0,0,0,0,0,0,0,0,0,0,0,0,0,374.407,0,0,-20.2978
"MtrElec",1,2,17,"",369.513,0,0,0,0,0,0,0,0,0,0,0,0,0,0,0,0,0,0,0,0,370.835,0,0,-1.32139
"MtrElec",1,2,18,"",471.459,0,0,0,0,0,0,0,0,0,0,0,0,0,0,0,0,0,0,0,0,471.459,0,0,0
"MtrElec",1,2,19,"",388.783,0,0,0,0,0,0,0,0,0,0,0,0,0,0,0,0,0,0,0,0,388.783,0,0,0
"MtrElec",1,2,20,"",428.415,0,0,0,0,0,0,0,0,0,0,0,0,0,0,0,0,0,0,0,0,428.415,0,0,0
"MtrElec",1,2,21,"",464.771,0,0,0,0,0,0,0,0,0,0,0,0,0,0,0,0,0,0,0,0,464.771,0,0,0
"MtrElec",1,2,22,"",349.212,0,0,0,0,0,0,0,0,0,0,0,0,0,0,0,0,0,0,0,0,349.212,0,0,0
"MtrElec",1,2,23,"",329.342,0,0,0,0,0,0,0,0,0,0,0,0,0,0,0,0,0,0,0,0,329.342,0,0,0
"MtrElec",1,2,24,"",257.681,0,0,0,0,0,0,0,0,0,0,0,0,0,0,0,0,0,0,0,0,257.681,0,0,0
"MtrElec",1,3,1,"",193.651,0,0,0,0,0,0,0,0,0,0,0,0,0,0,0,0,0,0,0,0,193.651,0,0,0
"MtrElec",1,3,2,"",179.94,0,0,0,0,0,0,0,0,0,0,0,0,0,0,0,0,0,0,0,0,179.94,0,0,0
"MtrElec",1,3,3,"",179.062,0,0,0,0,0,0,0,0,0,0,0,0,0,0,0,0,0,0,0,0,179.062,0,0,0
"MtrElec",1,3,4,"",214.462,0,0,0,0,0,0,0,0,0,0,0,0,0,0,0,0,0,0,0,0,214.462,0,0,0
"MtrElec",1,3,5,"",224.295,0,0,0,0,0,0,0,0,0,0,0,0,0,0,0,0,0,0,0,0,224.295,0,0,0
"MtrElec",1,3,6,"",183.303,0,0,0,0,0,0,0,0,0,0,0,0,0,0,0,0,0,0,0,0,183.303,0,0,0
"MtrElec",1,3,7,"",214.507,0,0,0,0,0,0,0,0,0,0,0,0,0,0,0,0,0,0,0,0,214.507,0,0,0
"MtrElec",1,3,8,"",325.169,0,0,0,0,0,0,0,0,0,0,0,0,0,0,0,0,0,0,0,0,325.169,0,0,0
"MtrElec",1,3,9,"",277.858,0,0,0,0,0,0,0,0,0,0,0,0,0,0,0,0,0,0,0,0,298.439,0,0,-20.5803
"MtrElec",1,3,10,"",349.19,0,0,0,0,0,0,0,0,0,0,0,0,0,0,0,0,0,0,0,0,403.496,0,0,-54.3055
"MtrElec",1,3,11,"",330.681,0,0,0,0,0,0,0,0,0,0,0,0,0,0,0,0,0,0,0,0,493.423,0,0,-162.741
"MtrElec",1,3,12,"",219.867,0,0,0,0,0,0,0,0,0,0,0,0,0,0,0,0,0,0,0,0,442.773,0,0,-222.906
"MtrElec",1,3,13,"",210.135,0,0,0,0,0,0,0,0,0,0,0,0,0,0,0,0,0,0,0,0,466.856,0,0,-256.721
"MtrElec",1,3,14,"",71.2396,0,0,0,0,0,0,0,0,0,0,0,0,0,0,0,0,0,0,0,0,434.365,0,0,-363.126
"MtrElec",1,3,15,"",156.003,0,0,0,0,0,0,0,0,0,0,0,0,0,0,0,0,0,0,0,0,469.388,0,0,-313.384
"MtrElec",1,3,16,"",252.58,0,0,0,0,0,0,0,0,0,0,0,0,0,0,0,0,0,0,0,0,350.768,0,0,-98.1877
"MtrElec",1,3,17,"",397.268,0,0,0,0,0,0,0,0,0,0,0,0,0,0,0,0,0,0,0,0,408.205,0,0,-10.9367
"MtrElec",1,3,18,"",403.042,0,0,0,0,0,0,0,0,0,0,0,0,0,0,0,0,0,0,0,0,403.042,0,0,0
"MtrElec",1,3,19,"",466.624,0,0,0,0,0,0,0,0,0,0,0,0,0,0,0,0,0,0,0,0,466.624,0,0,0
"MtrElec",1,3,20,"",422.556,0,0,0,0,0,0,0,0,0,0,0,0,0,0,0,0,0,0,0,0,422.556,0,0,0
"MtrElec",1,3,21,"",338.867,0,0,0,0,0,0,0,0,0,0,0,0,0,0,0,0,0,0,0,0,338.867,0,0,0
"MtrElec",1,3,22,"",369.238,0,0,0,0,0,0,0,0,0,0,0,0,0,0,0,0,0,0,0,0,369.238,0,0,0
"MtrElec",1,3,23,"",232.986,0,0,0,0,0,0,0,0,0,0,0,0,0,0,0,0,0,0,0,0,232.986,0,0,0
"MtrElec",1,3,24,"",278.597,0,0,0,0,0,0,0,0,0,0,0,0,0,0,0,0,0,0,0,0,278.597,0,0,0
"MtrElec",1,4,1,"",186.901,0,0,0,0,0,0,0,0,0,0,0,0,0,0,0,0,0,0,0,0,186.901,0,0,0
"MtrElec",1,4,2,"",180.979,0,0,0,0,0,0,0,0,0,0,0,0,0,0,0,0,0,0,0,0,180.979,0,0,0
"MtrElec",1,4,3,"",181.195,0,0,0,0,0,0,0,0,0,0,0,0,0,0,0,0,0,0,0,0,181.195,0,0,0
"MtrElec",1,4,4,"",187.289,0,0,0,0,0,0,0,0,0,0,0,0,0,0,0,0,0,0,0,0,187.289,0,0,0
"MtrElec",1,4,5,"",221.914,0,0,0,0,0,0,0,0,0,0,0,0,0,0,0,0,0,0,0,0,221.914,0,0,0
"MtrElec",1,4,6,"",193.747,0,0,0,0,0,0,0,0,0,0,0,0,0,0,0,0,0,0,0,0,193.747,0,0,0
"MtrElec",1,4,7,"",267.432,0,0,0,0,0,0,0,0,0,0,0,0,0,0,0,0,0,0,0,0,267.432,0,0,0
"MtrElec",1,4,8,"",139.36,0,0,0,0,0,0,0,0,0,0,0,0,0,0,0,0,0,0,0,0,241.953,0,0,-102.593
"MtrElec",1,4,9,"",13.5075,0,0,0,0,0,0,0,0,0,0,0,0,0,0,0,0,0,0,0,0,312.35,0,0,-298.843
"MtrElec",1,4,10,"",-99.4505,0,0,0,0,0,0,0,0,0,0,0,0,0,0,0,0,0,0,0,0,351.328,0,0,-450.778
"MtrElec",1,4,11,"",0,0,0,0,0,0,0,0,0,0,0,0,0,0,0,0,0,0,0,0,0,414.503,0,128.289,-542.793
"MtrElec",1,4,12,"",0,0,0,0,0,0,0,0,0,0,0,0,0,0,0,0,0,0,0,0,0,418.031,0,180.682,-598.713
"MtrElec",1,4,13,"",0,0,0,0,0,0,0,0,0,0,0,0,0,0,0,0,0,0,0,0,0,439.347,0,158.712,-598.059
"MtrElec",1,4,14,"",0.0000078,0,0,0,0,0,0,0,0,0,0,0,0,0,0,0,0,0,0,0,0,408.044,0,123.136,-531.18
"MtrElec",1,4,15,"",0.0000010,0,0,0,0,0,0,0,0,0,0,0,0,0,0,0,0,0,0,0,0,404.956,0,14.9766,-419.933
"MtrElec",1,4,16,"",83.5571,0,0,0,0,0,0,0,0,0,0,0,0,0,0,0,0,0,0,0,0,347.243,0,0,-263.686
"MtrElec",1,4,17,"",277.453,0,0,0,0,0,0,0,0,0,0,0,0,0,0,0,0,0,0,0,0,347.847,0,0,-70.3947
"MtrElec",1,4,18,"",356.541,0,0,0,0,0,0,0,0,0,0,0,0,0,0,0,0,0,0,0,0,356.541,0,0,0
"MtrElec",1,4,19,"",217.84,0,0,0,0,0,0,0,0,0,0,0,0,0,0,0,0,0,0,0,0,441.057,0,-223.217,0
"MtrElec",1,4,20,"",123.825,0,0,0,0,0,0,0,0,0,0,0,0,0,0,0,0,0,0,0,0,347.042,0,-223.217,0
"MtrElec",1,4,21,"",192.694,0,0,0,0,0,0,0,0,0,0,0,0,0,0,0,0,0,0,0,0,292.991,0,-100.296,0
"MtrElec",1,4,22,"",306.306,0,0,0,0,0,0,0,0,0,0,0,0,0,0,0,0,0,0,0,0,306.306,0,0,0
"MtrElec",1,4,23,"",213.853,0,0,0,0,0,0,0,0,0,0,0,0,0,0,0,0,0,0,0,0,213.853,0,0,0
"MtrElec",1,4,24,"",244.488,0,0,0,0,0,0,0,0,0,0,0,0,0,0,0,0,0,0,0,0,244.488,0,0,0
"MtrElec",1,5,1,"",177.908,0,0,0,0,0,0,0,0,0,0,0,0,0,0,0,0,0,0,0,0,177.908,0,0,0
"MtrElec",1,5,2,"",169.662,0,0,0,0,0,0,0,0,0,0,0,0,0,0,0,0,0,0,0,0,169.662,0,0,0
"MtrElec",1,5,3,"",173.2,0,0,0,0,0,0,0,0,0,0,0,0,0,0,0,0,0,0,0,0,173.2,0,0,0
"MtrElec",1,5,4,"",180.389,0,0,0,0,0,0,0,0,0,0,0,0,0,0,0,0,0,0,0,0,180.389,0,0,0
"MtrElec",1,5,5,"",178.069,0,0,0,0,0,0,0,0,0,0,0,0,0,0,0,0,0,0,0,0,178.069,0,0,0
"MtrElec",1,5,6,"",231.337,0,0,0,0,0,0,0,0,0,0,0,0,0,0,0,0,0,0,0,0,231.337,0,0,0
"MtrElec",1,5,7,"",249.406,0,0,0,0,0,0,0,0,0,0,0,0,0,0,0,0,0,0,0,0,249.406,0,0,0
"MtrElec",1,5,8,"",307.156,0,0,0,0,0,0,0,0,0,0,0,0,0,0,0,0,0,0,0,0,329.106,0,0,-21.9508
"MtrElec",1,5,9,"",164.978,0,0,0,0,0,0,0,0,0,0,0,0,0,0,0,0,0,0,0,0,389.653,0,0,-224.674
"MtrElec",1,5,10,"",54.6608,0,0,0,0,0,0,0,0,0,0,0,0,0,0,0,0,0,0,0,0,451.139,0,0,-396.479
"MtrElec",1,5,11,"",28.8954,0,0,0,0,0,0,0,0,0,0,0,0,0,0,0,0,0,0,0,0,507.757,0,0,-478.862
"MtrElec",1,5,12,"",44.3324,0,0,0,0,0,0,0,0,0,0,0,0,0,0,0,0,0,0,0,0,453.231,0,0,-408.899
"MtrElec",1,5,13,"",138.113,0,0,0,0,0,0,0,0,0,0,0,0,0,0,0,0,0,0,0,0,462.062,0,0,-323.949
"MtrElec",1,5,14,"",0,0,0,0,0,0,0,0,0,0,0,0,0,0,0,0,0,0,0,0,0,364.072,0,39.2912,-403.363
"MtrElec",1,5,15,"",180.985,0,0,0,0,0,0,0,0,0,0,0,0,0,0,0,0,0,0,0,0,393.74,0,0,-212.756
"MtrElec",1,5,16,"",266.177,0,0,0,0,0,0,0,0,0,0,0,0,0,0,0,0,0,0,0,0,388.94,0,0,-122.763
"MtrElec",1,5,17,"",389.659,0,0,0,0,0,0,0,0,0,0,0,0,0,0,0,0,0,0,0,0,437.859,0,0,-48.2002
"MtrElec",1,5,18,"",392.857,0,0,0,0,0,0,0,0,0,0,0,0,0,0,0,0,0,0,0,0,392.857,0,0,0
"MtrElec",1,5,19,"",381.537,0,0,0,0,0,0,0,0,0,0,0,0,0,0,0,0,0,0,0,0,416.998,0,-35.4604,0
"MtrElec",1,5,20,"",374.926,0,0,0,0,0,0,0,0,0,0,0,0,0,0,0,0,0,0,0,0,374.926,0,0,0
"MtrElec",1,5,21,"",454.186,0,0,0,0,0,0,0,0,0,0,0,0,0,0,0,0,0,0,0,0,454.186,0,0,0
"MtrElec",1,5,22,"",287.268,0,0,0,0,0,0,0,0,0,0,0,0,0,0,0,0,0,0,0,0,287.268,0,0,0
"MtrElec",1,5,23,"",281.372,0,0,0,0,0,0,0,0,0,0,0,0,0,0,0,0,0,0,0,0,281.372,0,0,0
"MtrElec",1,5,24,"",229.579,0,0,0,0,0,0,0,0,0,0,0,0,0,0,0,0,0,0,0,0,229.579,0,0,0
"MtrElec",1,6,1,"",193.155,0,0,0,0,0,0,0,0,0,0,0,0,0,0,0,0,0,0,0,0,193.155,0,0,0
"MtrElec",1,6,2,"",160.854,0,0,0,0,0,0,0,0,0,0,0,0,0,0,0,0,0,0,0,0,160.854,0,0,0
"MtrElec",1,6,3,"",156.338,0,0,0,0,0,0,0,0,0,0,0,0,0,0,0,0,0,0,0,0,156.338,0,0,0
"MtrElec",1,6,4,"",156.719,0,0,0,0,0,0,0,0,0,0,0,0,0,0,0,0,0,0,0,0,156.719,0,0,0
"MtrElec",1,6,5,"",154.216,0,0,0,0,0,0,0,0,0,0,0,0,0,0,0,0,0,0,0,0,154.216,0,0,0
"MtrElec",1,6,6,"",196.768,0,0,0,0,0,0,0,0,0,0,0,0,0,0,0,0,0,0,0,0,196.768,0,0,0
"MtrElec",1,6,7,"",272.072,0,0,0,0,0,0,0,0,0,0,0,0,0,0,0,0,0,0,0,0,272.072,0,0,0
"MtrElec",1,6,8,"",259.74,0,0,0,0,0,0,0,0,0,0,0,0,0,0,0,0,0,0,0,0,310.37,0,0,-50.6301
"MtrElec",1,6,9,"",237.404,0,0,0,0,0,0,0,0,0,0,0,0,0,0,0,0,0,0,0,0,379.713,0,0,-142.309
"MtrElec",1,6,10,"",-1.9945,0,0,0,0,0,0,0,0,0,0,0,0,0,0,0,0,0,0,0,0,429.23,0,0,-431.225
"MtrElec",1,6,11,"",0.0000078,0,0,0,0,0,0,0,0,0,0,0,0,0,0,0,0,0,0,0,0,434.836,0,100.979,-535.816
"MtrElec",1,6,12,"",12.403,0,0,0,0,0,0,0,0,0,0,0,0,0,0,0,0,0,0,0,0,477.205,0,0,-464.802
"MtrElec",1,6,13,"",165.26,0,0,0,0,0,0,0,0,0,0,0,0,0,0,0,0,0,0,0,0,425.084,0,0,-259.824
"MtrElec",1,6,14,"",0,0,0,0,0,0,0,0,0,0,0,0,0,0,0,0,0,0,0,0,0,363.71,0,5.44572,-369.156
"MtrElec",1,6,15,"",160.594,0,0,0,0,0,0,0,0,0,0,0,0,0,0,0,0,0,0,0,0,377.441,0,0,-216.847
"MtrElec",1,6,16,"",176.829,0,0,0,0,0,0,0,0,0,0,0,0,0,0,0,0,0,0,0,0,391.652,0,0,-214.823
"MtrElec",1,6,17,"",372.6,0,0,0,0,0,0,0,0,0,0,0,0,0,0,0,0,0,0,0,0,434.864,0,0,-62.2631
"MtrElec",1,6,18,"",403.844,0,0,0,0,0,0,0,0,0,0,0,0,0,0,0,0,0,0,0,0,403.844,0,0,0
"MtrElec",1,6,19,"",333.468,0,0,0,0,0,0,0,0,0,0,0,0,0,0,0,0,0,0,0,0,429.517,0,-96.0487,0
"MtrElec",1,6,20,"",401.612,0,0,0,0,0,0,0,0,0,0,0,0,0,0,0,0,0,0,0,0,401.612,0,0,0
"MtrElec",1,6,21,"",468.343,0,0,0,0,0,0,0,0,0,0,0,0,0,0,0,0,0,0,0,0,468.343,0,0,0
"MtrElec",1,6,22,"",290.885,0,0,0,0,0,0,0,0,0,0,0,0,0,0,0,0,0,0,0,0,290.885,0,0,0
"MtrElec",1,6,23,"",300.979,0,0,0,0,0,0,0,0,0,0,0,0,0,0,0,0,0,0,0,0,300.979,0,0,0
"MtrElec",1,6,24,"",208.564,0,0,0,0,0,0,0,0,0,0,0,0,0,0,0,0,0,0,0,0,208.564,0,0,0
"MtrElec",1,7,1,"",182.712,0,0,0,0,0,0,0,0,0,0,0,0,0,0,0,0,0,0,0,0,182.712,0,0,0
"MtrElec",1,7,2,"",158.801,0,0,0,0,0,0,0,0,0,0,0,0,0,0,0,0,0,0,0,0,158.801,0,0,0
"MtrElec",1,7,3,"",156.563,0,0,0,0,0,0,0,0,0,0,0,0,0,0,0,0,0,0,0,0,156.563,0,0,0
"MtrElec",1,7,4,"",163.484,0,0,0,0,0,0,0,0,0,0,0,0,0,0,0,0,0,0,0,0,163.484,0,0,0
"MtrElec",1,7,5,"",173.7,0,0,0,0,0,0,0,0,0,0,0,0,0,0,0,0,0,0,0,0,173.7,0,0,0
"MtrElec",1,7,6,"",184.461,0,0,0,0,0,0,0,0,0,0,0,0,0,0,0,0,0,0,0,0,184.461,0,0,0
"MtrElec",1,7,7,"",261.135,0,0,0,0,0,0,0,0,0,0,0,0,0,0,0,0,0,0,0,0,261.135,0,0,0
"MtrElec",1,7,8,"",259.719,0,0,0,0,0,0,0,0,0,0,0,0,0,0,0,0,0,0,0,0,311.606,0,0,-51.8871
"MtrElec",1,7,9,"",111.263,0,0,0,0,0,0,0,0,0,0,0,0,0,0,0,0,0,0,0,0,313.698,0,0,-202.436
"MtrElec",1,7,10,"",118.429,0,0,0,0,0,0,0,0,0,0,0,0,0,0,0,0,0,0,0,0,408.744,0,0,-290.314
"MtrElec",1,7,11,"",0.0000039,0,0,0,0,0,0,0,0,0,0,0,0,0,0,0,0,0,0,0,0,375.349,0,40.6548,-416.004
"MtrElec",1,7,12,"",132.886,0,0,0,0,0,0,0,0,0,0,0,0,0,0,0,0,0,0,0,0,410.184,0,0,-277.297
"MtrElec",1,7,13,"",0,0,0,0,0,0,0,0,0,0,0,0,0,0,0,0,0,0,0,0,0,347.39,0,32.8738,-380.264
"MtrElec",1,7,14,"",0.0000156,0,0,0,0,0,0,0,0,0,0,0,0,0,0,0,0,0,0,0,0,362.867,0,145.417,-508.284
"MtrElec",1,7,15,"",23.9348,0,0,0,0,0,0,0,0,0,0,0,0,0,0,0,0,0,0,0,0,376.649,0,0,-352.714
"MtrElec",1,7,16,"",147.994,0,0,0,0,0,0,0,0,0,0,0,0,0,0,0,0,0,0,0,0,378.761,0,0,-230.767
"MtrElec",1,7,17,"",336.837,0,0,0,0,0,0,0,0,0,0,0,0,0,0,0,0,0,0,0,0,391.495,0,0,-54.6587
"MtrElec",1,7,18,"",403.277,0,0,0,0,0,0,0,0,0,0,0,0,0,0,0,0,0,0,0,0,403.277,0,0,0
"MtrElec",1,7,19,"",194.869,0,0,0,0,0,0,0,0,0,0,0,0,0,0,0,0,0,0,0,0,392.468,0,-197.598,0
"MtrElec",1,7,20,"",415.411,0,0,0,0,0,0,0,0,0,0,0,0,0,0,0,0,0,0,0,0,415.411,0,0,0
"MtrElec",1,7,21,"",425.555,0,0,0,0,0,0,0,0,0,0,0,0,0,0,0,0,0,0,0,0,425.555,0,0,0
"MtrElec",1,7,22,"",286.681,0,0,0,0,0,0,0,0,0,0,0,0,0,0,0,0,0,0,0,0,286.681,0,0,0
"MtrElec",1,7,23,"",265.672,0,0,0,0,0,0,0,0,0,0,0,0,0,0,0,0,0,0,0,0,265.672,0,0,0
"MtrElec",1,7,24,"",182.762,0,0,0,0,0,0,0,0,0,0,0,0,0,0,0,0,0,0,0,0,182.762,0,0,0
"MtrElec",1,8,1,"",168.258,0,0,0,0,0,0,0,0,0,0,0,0,0,0,0,0,0,0,0,0,168.258,0,0,0
"MtrElec",1,8,2,"",160.447,0,0,0,0,0,0,0,0,0,0,0,0,0,0,0,0,0,0,0,0,160.447,0,0,0
"MtrElec",1,8,3,"",158.616,0,0,0,0,0,0,0,0,0,0,0,0,0,0,0,0,0,0,0,0,158.616,0,0,0
"MtrElec",1,8,4,"",163.21,0,0,0,0,0,0,0,0,0,0,0,0,0,0,0,0,0,0,0,0,163.21,0,0,0
"MtrElec",1,8,5,"",203.127,0,0,0,0,0,0,0,0,0,0,0,0,0,0,0,0,0,0,0,0,203.127,0,0,0
"MtrElec",1,8,6,"",162.458,0,0,0,0,0,0,0,0,0,0,0,0,0,0,0,0,0,0,0,0,162.458,0,0,0
"MtrElec",1,8,7,"",210.614,0,0,0,0,0,0,0,0,0,0,0,0,0,0,0,0,0,0,0,0,210.614,0,0,0
"MtrElec",1,8,8,"",262.292,0,0,0,0,0,0,0,0,0,0,0,0,0,0,0,0,0,0,0,0,324.449,0,0,-62.1568
"MtrElec",1,8,9,"",368.675,0,0,0,0,0,0,0,0,0,0,0,0,0,0,0,0,0,0,0,0,415.216,0,0,-46.542
"MtrElec",1,8,10,"",321.145,0,0,0,0,0,0,0,0,0,0,0,0,0,0,0,0,0,0,0,0,446.612,0,0,-125.467
"MtrElec",1,8,11,"",44.6469,0,0,0,0,0,0,0,0,0,0,0,0,0,0,0,0,0,0,0,0,391.656,0,0,-347.009
"MtrElec",1,8,12,"",221.89,0,0,0,0,0,0,0,0,0,0,0,0,0,0,0,0,0,0,0,0,443.855,0,0,-221.965
"MtrElec",1,8,13,"",157.553,0,0,0,0,0,0,0,0,0,0,0,0,0,0,0,0,0,0,0,0,362.195,0,0,-204.642
"MtrElec",1,8,14,"",101.721,0,0,0,0,0,0,0,0,0,0,0,0,0,0,0,0,0,0,0,0,340.192,0,0,-238.471
"MtrElec",1,8,15,"",237.373,0,0,0,0,0,0,0,0,0,0,0,0,0,0,0,0,0,0,0,0,332.648,0,0,-95.2754
"MtrElec",1,8,16,"",276.872,0,0,0,0,0,0,0,0,0,0,0,0,0,0,0,0,0,0,0,0,381.498,0,0,-104.626
"MtrElec",1,8,17,"",318.261,0,0,0,0,0,0,0,0,0,0,0,0,0,0,0,0,0,0,0,0,368.194,0,0,-49.9332
"MtrElec",1,8,18,"",423.958,0,0,0,0,0,0,0,0,0,0,0,0,0,0,0,0,0,0,0,0,423.958,0,0,0
"MtrElec",1,8,19,"",348.908,0,0,0,0,0,0,0,0,0,0,0,0,0,0,0,0,0,0,0,0,348.908,0,0,0
"MtrElec",1,8,20,"",435.645,0,0,0,0,0,0,0,0,0,0,0,0,0,0,0,0,0,0,0,0,435.645,0,0,0
"MtrElec",1,8,21,"",424.194,0,0,0,0,0,0,0,0,0,0,0,0,0,0,0,0,0,0,0,0,424.194,0,0,0
"MtrElec",1,8,22,"",277.585,0,0,0,0,0,0,0,0,0,0,0,0,0,0,0,0,0,0,0,0,277.585,0,0,0
"MtrElec",1,8,23,"",271.384,0,0,0,0,0,0,0,0,0,0,0,0,0,0,0,0,0,0,0,0,271.384,0,0,0
"MtrElec",1,8,24,"",188.554,0,0,0,0,0,0,0,0,0,0,0,0,0,0,0,0,0,0,0,0,188.554,0,0,0
"MtrElec",1,9,1,"",230.468,0,0,0,0,0,0,0,0,0,0,0,0,0,0,0,0,0,0,0,0,230.468,0,0,0
"MtrElec",1,9,2,"",175.646,0,0,0,0,0,0,0,0,0,0,0,0,0,0,0,0,0,0,0,0,175.646,0,0,0
"MtrElec",1,9,3,"",155.758,0,0,0,0,0,0,0,0,0,0,0,0,0,0,0,0,0,0,0,0,155.758,0,0,0
"MtrElec",1,9,4,"",157.569,0,0,0,0,0,0,0,0,0,0,0,0,0,0,0,0,0,0,0,0,157.569,0,0,0
"MtrElec",1,9,5,"",155.191,0,0,0,0,0,0,0,0,0,0,0,0,0,0,0,0,0,0,0,0,155.191,0,0,0
"MtrElec",1,9,6,"",168.628,0,0,0,0,0,0,0,0,0,0,0,0,0,0,0,0,0,0,0,0,168.628,0,0,0
"MtrElec",1,9,7,"",269.651,0,0,0,0,0,0,0,0,0,0,0,0,0,0,0,0,0,0,0,0,269.651,0,0,0
"MtrElec",1,9,8,"",304.142,0,0,0,0,0,0,0,0,0,0,0,0,0,0,0,0,0,0,0,0,310.016,0,0,-5.87339
"MtrElec",1,9,9,"",319.198,0,0,0,0,0,0,0,0,0,0,0,0,0,0,0,0,0,0,0,0,392.669,0,0,-73.4714
"MtrElec",1,9,10,"",225.568,0,0,0,0,0,0,0,0,0,0,0,0,0,0,0,0,0,0,0,0,454.245,0,0,-228.676
"MtrElec",1,9,11,"",0,0,0,0,0,0,0,0,0,0,0,0,0,0,0,0,0,0,0,0,0,445.919,0,62.7493,-508.668
"MtrElec",1,9,12,"",74.3697,0,0,0,0,0,0,0,0,0,0,0,0,0,0,0,0,0,0,0,0,447.717,0,0,-373.347
"MtrElec",1,9,13,"",0,0,0,0,0,0,0,0,0,0,0,0,0,0,0,0,0,0,0,0,0,413.951,0,106.131,-520.082
"MtrElec",1,9,14,"",0,0,0,0,0,0,0,0,0,0,0,0,0,0,0,0,0,0,0,0,0,356.395,0,81.651,-438.046
"MtrElec",1,9,15,"",0,0,0,0,0,0,0,0,0,0,0,0,0,0,0,0,0,0,0,0,0,342.371,0,54.1034,-396.474
"MtrElec",1,9,16,"",117.972,0,0,0,0,0,0,0,0,0,0,0,0,0,0,0,0,0,0,0,0,382.146,0,0,-264.174
"MtrElec",1,9,17,"",345.41,0,0,0,0,0,0,0,0,0,0,0,0,0,0,0,0,0,0,0,0,419.929,0,0,-74.5181
"MtrElec",1,9,18,"",394.43,0,0,0,0,0,0,0,0,0,0,0,0,0,0,0,0,0,0,0,0,394.43,0,0,0
"MtrElec",1,9,19,"",181.616,0,0,0,0,0,0,0,0,0,0,0,0,0,0,0,0,0,0,0,0,404.833,0,-223.217,0
"MtrElec",1,9,20,"",393.506,0,0,0,0,0,0,0,0,0,0,0,0,0,0,0,0,0,0,0,0,445.223,0,-51.7164,0
"MtrElec",1,9,21,"",463.242,0,0,0,0,0,0,0,0,0,0,0,0,0,0,0,0,0,0,0,0,463.242,0,0,0
"MtrElec",1,9,22,"",287.566,0,0,0,0,0,0,0,0,0,0,0,0,0,0,0,0,0,0,0,0,287.566,0,0,0
"MtrElec",1,9,23,"",325.867,0,0,0,0,0,0,0,0,0,0,0,0,0,0,0,0,0,0,0,0,325.867,0,0,0
"MtrElec",1,9,24,"",272.047,0,0,0,0,0,0,0,0,0,0,0,0,0,0,0,0,0,0,0,0,272.047,0,0,0
"MtrElec",1,10,1,"",182.592,0,0,0,0,0,0,0,0,0,0,0,0,0,0,0,0,0,0,0,0,182.592,0,0,0
"MtrElec",1,10,2,"",169.737,0,0,0,0,0,0,0,0,0,0,0,0,0,0,0,0,0,0,0,0,169.737,0,0,0
"MtrElec",1,10,3,"",169.049,0,0,0,0,0,0,0,0,0,0,0,0,0,0,0,0,0,0,0,0,169.049,0,0,0
"MtrElec",1,10,4,"",210.002,0,0,0,0,0,0,0,0,0,0,0,0,0,0,0,0,0,0,0,0,210.002,0,0,0
"MtrElec",1,10,5,"",199.099,0,0,0,0,0,0,0,0,0,0,0,0,0,0,0,0,0,0,0,0,199.099,0,0,0
"MtrElec",1,10,6,"",171.099,0,0,0,0,0,0,0,0,0,0,0,0,0,0,0,0,0,0,0,0,171.099,0,0,0
"MtrElec",1,10,7,"",227.438,0,0,0,0,0,0,0,0,0,0,0,0,0,0,0,0,0,0,0,0,227.438,0,0,0
"MtrElec",1,10,8,"",163.364,0,0,0,0,0,0,0,0,0,0,0,0,0,0,0,0,0,0,0,0,264.965,0,0,-101.601
"MtrElec",1,10,9,"",15.2041,0,0,0,0,0,0,0,0,0,0,0,0,0,0,0,0,0,0,0,0,318.6,0,0,-303.396
"MtrElec",1,10,10,"",-64.5102,0,0,0,0,0,0,0,0,0,0,0,0,0,0,0,0,0,0,0,0,396.074,0,0,-460.585
"MtrElec",1,10,11,"",0,0,0,0,0,0,0,0,0,0,0,0,0,0,0,0,0,0,0,0,0,484.435,0,61.3955,-545.831
"MtrElec",1,10,12,"",0,0,0,0,0,0,0,0,0,0,0,0,0,0,0,0,0,0,0,0,0,503.1,0,90.3219,-593.421
"MtrElec",1,10,13,"",0.0000078,0,0,0,0,0,0,0,0,0,0,0,0,0,0,0,0,0,0,0,0,508.429,0,81.4373,-589.867
"MtrElec",1,10,14,"",0,0,0,0,0,0,0,0,0,0,0,0,0,0,0,0,0,0,0,0,0,440.517,0,93.3622,-533.88
"MtrElec",1,10,15,"",0,0,0,0,0,0,0,0,0,0,0,0,0,0,0,0,0,0,0,0,0,388.875,0,44.7372,-433.612
"MtrElec",1,10,16,"",137.396,0,0,0,0,0,0,0,0,0,0,0,0,0,0,0,0,0,0,0,0,415.663,0,0,-278.267
"MtrElec",1,10,17,"",321.341,0,0,0,0,0,0,0,0,0,0,0,0,0,0,0,0,0,0,0,0,401.783,0,0,-80.4417
"MtrElec",1,10,18,"",464.884,0,0,0,0,0,0,0,0,0,0,0,0,0,0,0,0,0,0,0,0,464.884,0,0,0
"MtrElec",1,10,19,"",259.799,0,0,0,0,0,0,0,0,0,0,0,0,0,0,0,0,0,0,0,0,483.016,0,-223.217,0
"MtrElec",1,10,20,"",280.28,0,0,0,0,0,0,0,0,0,0,0,0,0,0,0,0,0,0,0,0,392.12,0,-111.84,0
"MtrElec",1,10,21,"",365.519,0,0,0,0,0,0,0,0,0,0,0,0,0,0,0,0,0,0,0,0,365.519,0,0,0
"MtrElec",1,10,22,"",326.055,0,0,0,0,0,0,0,0,0,0,0,0,0,0,0,0,0,0,0,0,326.055,0,0,0
"MtrElec",1,10,23,"",270.859,0,0,0,0,0,0,0,0,0,0,0,0,0,0,0,0,0,0,0,0,270.859,0,0,0
"MtrElec",1,10,24,"",228.633,0,0,0,0,0,0,0,0,0,0,0,0,0,0,0,0,0,0,0,0,228.633,0,0,0
"MtrElec",1,11,1,"",172.836,0,0,0,0,0,0,0,0,0,0,0,0,0,0,0,0,0,0,0,0,172.836,0,0,0
"MtrElec",1,11,2,"",160.376,0,0,0,0,0,0,0,0,0,0,0,0,0,0,0,0,0,0,0,0,160.376,0,0,0
"MtrElec",1,11,3,"",155.739,0,0,0,0,0,0,0,0,0,0,0,0,0,0,0,0,0,0,0,0,155.739,0,0,0
"MtrElec",1,11,4,"",160.387,0,0,0,0,0,0,0,0,0,0,0,0,0,0,0,0,0,0,0,0,160.387,0,0,0
"MtrElec",1,11,5,"",206.98,0,0,0,0,0,0,0,0,0,0,0,0,0,0,0,0,0,0,0,0,206.98,0,0,0
"MtrElec",1,11,6,"",184.547,0,0,0,0,0,0,0,0,0,0,0,0,0,0,0,0,0,0,0,0,184.547,0,0,0
"MtrElec",1,11,7,"",169.765,0,0,0,0,0,0,0,0,0,0,0,0,0,0,0,0,0,0,0,0,169.765,0,0,0
"MtrElec",1,11,8,"",198.791,0,0,0,0,0,0,0,0,0,0,0,0,0,0,0,0,0,0,0,0,236.467,0,0,-37.6753
"MtrElec",1,11,9,"",106.525,0,0,0,0,0,0,0,0,0,0,0,0,0,0,0,0,0,0,0,0,252.204,0,0,-145.679
"MtrElec",1,11,10,"",14.7263,0,0,0,0,0,0,0,0,0,0,0,0,0,0,0,0,0,0,0,0,297.392,0,0,-282.665
"MtrElec",1,11,11,"",53.7442,0,0,0,0,0,0,0,0,0,0,0,0,0,0,0,0,0,0,0,0,384.449,0,0,-330.705
"MtrElec",1,11,12,"",79.8672,0,0,0,0,0,0,0,0,0,0,0,0,0,0,0,0,0,0,0,0,371.063,0,0,-291.196
"MtrElec",1,11,13,"",138.545,0,0,0,0,0,0,0,0,0,0,0,0,0,0,0,0,0,0,0,0,436.338,0,0,-297.793
"MtrElec",1,11,14,"",161.797,0,0,0,0,0,0,0,0,0,0,0,0,0,0,0,0,0,0,0,0,364.266,0,0,-202.47
"MtrElec",1,11,15,"",262.544,0,0,0,0,0,0,0,0,0,0,0,0,0,0,0,0,0,0,0,0,399.974,0,0,-137.431
"MtrElec",1,11,16,"",266.093,0,0,0,0,0,0,0,0,0,0,0,0,0,0,0,0,0,0,0,0,349.325,0,0,-83.232
"MtrElec",1,11,17,"",289.665,0,0,0,0,0,0,0,0,0,0,0,0,0,0,0,0,0,0,0,0,313.363,0,0,-23.698
"MtrElec",1,11,18,"",344.281,0,0,0,0,0,0,0,0,0,0,0,0,0,0,0,0,0,0,0,0,344.281,0,0,0
"MtrElec",1,11,19,"",421.048,0,0,0,0,0,0,0,0,0,0,0,0,0,0,0,0,0,0,0,0,421.048,0,0,0
"MtrElec",1,11,20,"",319.213,0,0,0,0,0,0,0,0,0,0,0,0,0,0,0,0,0,0,0,0,319.213,0,0,0
"MtrElec",1,11,21,"",304.77,0,0,0,0,0,0,0,0,0,0,0,0,0,0,0,0,0,0,0,0,304.77,0,0,0
"MtrElec",1,11,22,"",258.367,0,0,0,0,0,0,0,0,0,0,0,0,0,0,0,0,0,0,0,0,258.367,0,0,0
"MtrElec",1,11,23,"",269.884,0,0,0,0,0,0,0,0,0,0,0,0,0,0,0,0,0,0,0,0,269.884,0,0,0
"MtrElec",1,11,24,"",209.195,0,0,0,0,0,0,0,0,0,0,0,0,0,0,0,0,0,0,0,0,209.195,0,0,0
"MtrElec",1,12,1,"",172.754,0,0,0,0,0,0,0,0,0,0,0,0,0,0,0,0,0,0,0,0,172.754,0,0,0
"MtrElec",1,12,2,"",164.157,0,0,0,0,0,0,0,0,0,0,0,0,0,0,0,0,0,0,0,0,164.157,0,0,0
"MtrElec",1,12,3,"",158.592,0,0,0,0,0,0,0,0,0,0,0,0,0,0,0,0,0,0,0,0,158.592,0,0,0
"MtrElec",1,12,4,"",197.404,0,0,0,0,0,0,0,0,0,0,0,0,0,0,0,0,0,0,0,0,197.404,0,0,0
"MtrElec",1,12,5,"",157.918,0,0,0,0,0,0,0,0,0,0,0,0,0,0,0,0,0,0,0,0,157.918,0,0,0
"MtrElec",1,12,6,"",171.493,0,0,0,0,0,0,0,0,0,0,0,0,0,0,0,0,0,0,0,0,171.493,0,0,0
"MtrElec",1,12,7,"",270.186,0,0,0,0,0,0,0,0,0,0,0,0,0,0,0,0,0,0,0,0,270.186,0,0,0
"MtrElec",1,12,8,"",205.267,0,0,0,0,0,0,0,0,0,0,0,0,0,0,0,0,0,0,0,0,303.515,0,0,-98.2479
"MtrElec",1,12,9,"",62.1478,0,0,0,0,0,0,0,0,0,0,0,0,0,0,0,0,0,0,0,0,359.394,0,0,-297.246
"MtrElec",1,12,10,"",-4.00694,0,0,0,0,0,0,0,0,0,0,0,0,0,0,0,0,0,0,0,0,446.595,0,0,-450.601
"MtrElec",1,12,11,"",0,0,0,0,0,0,0,0,0,0,0,0,0,0,0,0,0,0,0,0,0,460.403,0,78.1503,-538.554
"MtrElec",1,12,12,"",0,0,0,0,0,0,0,0,0,0,0,0,0,0,0,0,0,0,0,0,0,438.777,0,135.939,-574.716
"MtrElec",1,12,13,"",0,0,0,0,0,0,0,0,0,0,0,0,0,0,0,0,0,0,0,0,0,390.588,0,181.366,-571.953
"MtrElec",1,12,14,"",0,0,0,0,0,0,0,0,0,0,0,0,0,0,0,0,0,0,0,0,0,401.599,0,119.224,-520.823
"MtrElec",1,12,15,"",0,0,0,0,0,0,0,0,0,0,0,0,0,0,0,0,0,0,0,0,0,371.541,0,53.9029,-425.444
"MtrElec",1,12,16,"",97.9824,0,0,0,0,0,0,0,0,0,0,0,0,0,0,0,0,0,0,0,0,378.806,0,0,-280.823
"MtrElec",1,12,17,"",346.558,0,0,0,0,0,0,0,0,0,0,0,0,0,0,0,0,0,0,0,0,431.059,0,0,-84.5008
"MtrElec",1,12,18,"",419.666,0,0,0,0,0,0,0,0,0,0,0,0,0,0,0,0,0,0,0,0,419.666,0,0,0
"MtrElec",1,12,19,"",225.841,0,0,0,0,0,0,0,0,0,0,0,0,0,0,0,0,0,0,0,0,449.058,0,-223.217,0
"MtrElec",1,12,20,"",189.243,0,0,0,0,0,0,0,0,0,0,0,0,0,0,0,0,0,0,0,0,412.459,0,-223.217,0
"MtrElec",1,12,21,"",376.928,0,0,0,0,0,0,0,0,0,0,0,0,0,0,0,0,0,0,0,0,443.64,0,-66.7113,0
"MtrElec",1,12,22,"",296.256,0,0,0,0,0,0,0,0,0,0,0,0,0,0,0,0,0,0,0,0,296.256,0,0,0
"MtrElec",1,12,23,"",310.029,0,0,0,0,0,0,0,0,0,0,0,0,0,0,0,0,0,0,0,0,310.029,0,0,0
"MtrElec",1,12,24,"",245.884,0,0,0,0,0,0,0,0,0,0,0,0,0,0,0,0,0,0,0,0,245.884,0,0,0
"MtrElec",1,13,1,"",183.693,0,0,0,0,0,0,0,0,0,0,0,0,0,0,0,0,0,0,0,0,183.693,0,0,0
"MtrElec",1,13,2,"",158.074,0,0,0,0,0,0,0,0,0,0,0,0,0,0,0,0,0,0,0,0,158.074,0,0,0
"MtrElec",1,13,3,"",194.514,0,0,0,0,0,0,0,0,0,0,0,0,0,0,0,0,0,0,0,0,194.514,0,0,0
"MtrElec",1,13,4,"",157.015,0,0,0,0,0,0,0,0,0,0,0,0,0,0,0,0,0,0,0,0,157.015,0,0,0
"MtrElec",1,13,5,"",157.056,0,0,0,0,0,0,0,0,0,0,0,0,0,0,0,0,0,0,0,0,157.056,0,0,0
"MtrElec",1,13,6,"",166.179,0,0,0,0,0,0,0,0,0,0,0,0,0,0,0,0,0,0,0,0,166.179,0,0,0
"MtrElec",1,13,7,"",263.718,0,0,0,0,0,0,0,0,0,0,0,0,0,0,0,0,0,0,0,0,263.718,0,0,0
"MtrElec",1,13,8,"",203.971,0,0,0,0,0,0,0,0,0,0,0,0,0,0,0,0,0,0,0,0,301.823,0,0,-97.8521
"MtrElec",1,13,9,"",73.037,0,0,0,0,0,0,0,0,0,0,0,0,0,0,0,0,0,0,0,0,372.193,0,0,-299.156
"MtrElec",1,13,10,"",16.2389,0,0,0,0,0,0,0,0,0,0,0,0,0,0,0,0,0,0,0,0,459.1,0,0,-442.861
"MtrElec",1,13,11,"",0,0,0,0,0,0,0,0,0,0,0,0,0,0,0,0,0,0,0,0,0,409.099,0,120.296,-529.395
"MtrElec",1,13,12,"",0,0,0,0,0,0,0,0,0,0,0,0,0,0,0,0,0,0,0,0,0,430.489,0,140.811,-571.3
"MtrElec",1,13,13,"",0,0,0,0,0,0,0,0,0,0,0,0,0,0,0,0,0,0,0,0,0,391.666,0,187.422,-579.088
"MtrElec",1,13,14,"",0,0,0,0,0,0,0,0,0,0,0,0,0,0,0,0,0,0,0,0,0,404.618,0,122.23,-526.849
"MtrElec",1,13,15,"",0,0,0,0,0,0,0,0,0,0,0,0,0,0,0,0,0,0,0,0,0,386.974,0,44.2212,-431.195
"MtrElec",1,13,16,"",179.605,0,0,0,0,0,0,0,0,0,0,0,0,0,0,0,0,0,0,0,0,407.229,0,0,-227.624
"MtrElec",1,13,17,"",326.37,0,0,0,0,0,0,0,0,0,0,0,0,0,0,0,0,0,0,0,0,407.703,0,0,-81.3328
"MtrElec",1,13,18,"",426.623,0,0,0,0,0,0,0,0,0,0,0,0,0,0,0,0,0,0,0,0,426.623,0,0,0
"MtrElec",1,13,19,"",191.426,0,0,0,0,0,0,0,0,0,0,0,0,0,0,0,0,0,0,0,0,414.643,0,-223.217,0
"MtrElec",1,13,20,"",223.821,0,0,0,0,0,0,0,0,0,0,0,0,0,0,0,0,0,0,0,0,447.038,0,-223.217,0
"MtrElec",1,13,21,"",270.939,0,0,0,0,0,0,0,0,0,0,0,0,0,0,0,0,0,0,0,0,379.526,0,-108.587,0
"MtrElec",1,13,22,"",310.111,0,0,0,0,0,0,0,0,0,0,0,0,0,0,0,0,0,0,0,0,310.111,0,0,0
"MtrElec",1,13,23,"",315.301,0,0,0,0,0,0,0,0,0,0,0,0,0,0,0,0,0,0,0,0,315.301,0,0,0
"MtrElec",1,13,24,"",212.795,0,0,0,0,0,0,0,0,0,0,0,0,0,0,0,0,0,0,0,0,212.795,0,0,0
"MtrElec",1,14,1,"",177.849,0,0,0,0,0,0,0,0,0,0,0,0,0,0,0,0,0,0,0,0,177.849,0,0,0
"MtrElec",1,14,2,"",161.807,0,0,0,0,0,0,0,0,0,0,0,0,0,0,0,0,0,0,0,0,161.807,0,0,0
"MtrElec",1,14,3,"",198.172,0,0,0,0,0,0,0,0,0,0,0,0,0,0,0,0,0,0,0,0,198.172,0,0,0
"MtrElec",1,14,4,"",158.348,0,0,0,0,0,0,0,0,0,0,0,0,0,0,0,0,0,0,0,0,158.348,0,0,0
"MtrElec",1,14,5,"",153.656,0,0,0,0,0,0,0,0,0,0,0,0,0,0,0,0,0,0,0,0,153.656,0,0,0
"MtrElec",1,14,6,"",167.124,0,0,0,0,0,0,0,0,0,0,0,0,0,0,0,0,0,0,0,0,167.124,0,0,0
"MtrElec",1,14,7,"",262.141,0,0,0,0,0,0,0,0,0,0,0,0,0,0,0,0,0,0,0,0,262.141,0,0,0
"MtrElec",1,14,8,"",215.768,0,0,0,0,0,0,0,0,0,0,0,0,0,0,0,0,0,0,0,0,315.064,0,0,-99.2953
"MtrElec",1,14,9,"",97.4992,0,0,0,0,0,0,0,0,0,0,0,0,0,0,0,0,0,0,0,0,369.166,0,0,-271.667
"MtrElec",1,14,10,"",23.9465,0,0,0,0,0,0,0,0,0,0,0,0,0,0,0,0,0,0,0,0,433.007,0,0,-409.061
"MtrElec",1,14,11,"",0.0000078,0,0,0,0,0,0,0,0,0,0,0,0,0,0,0,0,0,0,0,0,441.766,0,90.846,-532.612
"MtrElec",1,14,12,"",0,0,0,0,0,0,0,0,0,0,0,0,0,0,0,0,0,0,0,0,0,421.304,0,154.555,-575.859
"MtrElec",1,14,13,"",0,0,0,0,0,0,0,0,0,0,0,0,0,0,0,0,0,0,0,0,0,432.891,0,138.275,-571.167
"MtrElec",1,14,14,"",0,0,0,0,0,0,0,0,0,0,0,0,0,0,0,0,0,0,0,0,0,418.455,0,101.17,-519.625
"MtrElec",1,14,15,"",0,0,0,0,0,0,0,0,0,0,0,0,0,0,0,0,0,0,0,0,0,403.55,0,23.1698,-426.72
"MtrElec",1,14,16,"",189.431,0,0,0,0,0,0,0,0,0,0,0,0,0,0,0,0,0,0,0,0,454.678,0,0,-265.247
"MtrElec",1,14,17,"",389.621,0,0,0,0,0,0,0,0,0,0,0,0,0,0,0,0,0,0,0,0,456.391,0,0,-66.7699
"MtrElec",1,14,18,"",480.897,0,0,0,0,0,0,0,0,0,0,0,0,0,0,0,0,0,0,0,0,480.897,0,0,0
"MtrElec",1,14,19,"",205.457,0,0,0,0,0,0,0,0,0,0,0,0,0,0,0,0,0,0,0,0,428.674,0,-223.217,0
"MtrElec",1,14,20,"",193.723,0,0,0,0,0,0,0,0,0,0,0,0,0,0,0,0,0,0,0,0,416.94,0,-223.217,0
"MtrElec",1,14,21,"",398.129,0,0,0,0,0,0,0,0,0,0,0,0,0,0,0,0,0,0,0,0,410.18,0,-12.0514,0
"MtrElec",1,14,22,"",305.553,0,0,0,0,0,0,0,0,0,0,0,0,0,0,0,0,0,0,0,0,305.553,0,0,0
"MtrElec",1,14,23,"",313.868,0,0,0,0,0,0,0,0,0,0,0,0,0,0,0,0,0,0,0,0,313.868,0,0,0
"MtrElec",1,14,24,"",195.988,0,0,0,0,0,0,0,0,0,0,0,0,0,0,0,0,0,0,0,0,195.988,0,0,0
"MtrElec",1,15,1,"",175.559,0,0,0,0,0,0,0,0,0,0,0,0,0,0,0,0,0,0,0,0,175.559,0,0,0
"MtrElec",1,15,2,"",183.473,0,0,0,0,0,0,0,0,0,0,0,0,0,0,0,0,0,0,0,0,183.473,0,0,0
"MtrElec",1,15,3,"",170.188,0,0,0,0,0,0,0,0,0,0,0,0,0,0,0,0,0,0,0,0,170.188,0,0,0
"MtrElec",1,15,4,"",158.791,0,0,0,0,0,0,0,0,0,0,0,0,0,0,0,0,0,0,0,0,158.791,0,0,0
"MtrElec",1,15,5,"",158.156,0,0,0,0,0,0,0,0,0,0,0,0,0,0,0,0,0,0,0,0,158.156,0,0,0
"MtrElec",1,15,6,"",173.049,0,0,0,0,0,0,0,0,0,0,0,0,0,0,0,0,0,0,0,0,173.049,0,0,0
"MtrElec",1,15,7,"",271.733,0,0,0,0,0,0,0,0,0,0,0,0,0,0,0,0,0,0,0,0,271.733,0,0,0
"MtrElec",1,15,8,"",174.787,0,0,0,0,0,0,0,0,0,0,0,0,0,0,0,0,0,0,0,0,275.412,0,0,-100.625
"MtrElec",1,15,9,"",48.3118,0,0,0,0,0,0,0,0,0,0,0,0,0,0,0,0,0,0,0,0,345.145,0,0,-296.833
"MtrElec",1,15,10,"",-21.4276,0,0,0,0,0,0,0,0,0,0,0,0,0,0,0,0,0,0,0,0,417.52,0,0,-438.947
"MtrElec",1,15,11,"",0.0000078,0,0,0,0,0,0,0,0,0,0,0,0,0,0,0,0,0,0,0,0,422.989,0,103.566,-526.555
"MtrElec",1,15,12,"",0,0,0,0,0,0,0,0,0,0,0,0,0,0,0,0,0,0,0,0,0,436.283,0,130.84,-567.123
"MtrElec",1,15,13,"",0,0,0,0,0,0,0,0,0,0,0,0,0,0,0,0,0,0,0,0,0,432.417,0,129.915,-562.332
"MtrElec",1,15,14,"",0.0000078,0,0,0,0,0,0,0,0,0,0,0,0,0,0,0,0,0,0,0,0,432.482,0,92.4762,-524.958
"MtrElec",1,15,15,"",103.475,0,0,0,0,0,0,0,0,0,0,0,0,0,0,0,0,0,0,0,0,440.176,0,0,-336.701
"MtrElec",1,15,16,"",169.627,0,0,0,0,0,0,0,0,0,0,0,0,0,0,0,0,0,0,0,0,446.608,0,0,-276.981
"MtrElec",1,15,17,"",362.119,0,0,0,0,0,0,0,0,0,0,0,0,0,0,0,0,0,0,0,0,447.509,0,0,-85.3897
"MtrElec",1,15,18,"",434.178,0,0,0,0,0,0,0,0,0,0,0,0,0,0,0,0,0,0,0,0,434.178,0,0,0
"MtrElec",1,15,19,"",189.417,0,0,0,0,0,0,0,0,0,0,0,0,0,0,0,0,0,0,0,0,412.634,0,-223.217,0
"MtrElec",1,15,20,"",262.967,0,0,0,0,0,0,0,0,0,0,0,0,0,0,0,0,0,0,0,0,452.01,0,-189.043,0
"MtrElec",1,15,21,"",388.138,0,0,0,0,0,0,0,0,0,0,0,0,0,0,0,0,0,0,0,0,388.138,0,0,0
"MtrElec",1,15,22,"",316.09,0,0,0,0,0,0,0,0,0,0,0,0,0,0,0,0,0,0,0,0,316.09,0,0,0
"MtrElec",1,15,23,"",263.952,0,0,0,0,0,0,0,0,0,0,0,0,0,0,0,0,0,0,0,0,263.952,0,0,0
"MtrElec",1,15,24,"",199.979,0,0,0,0,0,0,0,0,0,0,0,0,0,0,0,0,0,0,0,0,199.979,0,0,0
"MtrElec",1,16,1,"",170.732,0,0,0,0,0,0,0,0,0,0,0,0,0,0,0,0,0,0,0,0,170.732,0,0,0
"MtrElec",1,16,2,"",155.715,0,0,0,0,0,0,0,0,0,0,0,0,0,0,0,0,0,0,0,0,155.715,0,0,0
"MtrElec",1,16,3,"",156.238,0,0,0,0,0,0,0,0,0,0,0,0,0,0,0,0,0,0,0,0,156.238,0,0,0
"MtrElec",1,16,4,"",208.736,0,0,0,0,0,0,0,0,0,0,0,0,0,0,0,0,0,0,0,0,208.736,0,0,0
"MtrElec",1,16,5,"",153.067,0,0,0,0,0,0,0,0,0,0,0,0,0,0,0,0,0,0,0,0,153.067,0,0,0
"MtrElec",1,16,6,"",160.937,0,0,0,0,0,0,0,0,0,0,0,0,0,0,0,0,0,0,0,0,160.937,0,0,0
"MtrElec",1,16,7,"",268.61,0,0,0,0,0,0,0,0,0,0,0,0,0,0,0,0,0,0,0,0,268.61,0,0,0
"MtrElec",1,16,8,"",192.211,0,0,0,0,0,0,0,0,0,0,0,0,0,0,0,0,0,0,0,0,272.593,0,0,-80.3829
"MtrElec",1,16,9,"",192.376,0,0,0,0,0,0,0,0,0,0,0,0,0,0,0,0,0,0,0,0,361.451,0,0,-169.076
"MtrElec",1,16,10,"",65.891,0,0,0,0,0,0,0,0,0,0,0,0,0,0,0,0,0,0,0,0,450.576,0,0,-384.685
"MtrElec",1,16,11,"",0.0000020,0,0,0,0,0,0,0,0,0,0,0,0,0,0,0,0,0,0,0,0,431.417,0,28.097,-459.514
"MtrElec",1,16,12,"",0.0000039,0,0,0,0,0,0,0,0,0,0,0,0,0,0,0,0,0,0,0,0,431.701,0,39.6796,-471.38
"MtrElec",1,16,13,"",0,0,0,0,0,0,0,0,0,0,0,0,0,0,0,0,0,0,0,0,0,460.902,0,8.22356,-469.125
"MtrElec",1,16,14,"",0,0,0,0,0,0,0,0,0,0,0,0,0,0,0,0,0,0,0,0,0,418.775,0,9.08212,-427.857
"MtrElec",1,16,15,"",69.3891,0,0,0,0,0,0,0,0,0,0,0,0,0,0,0,0,0,0,0,0,413.807,0,0,-344.418
"MtrElec",1,16,16,"",209.685,0,0,0,0,0,0,0,0,0,0,0,0,0,0,0,0,0,0,0,0,422.529,0,0,-212.844
"MtrElec",1,16,17,"",380.76,0,0,0,0,0,0,0,0,0,0,0,0,0,0,0,0,0,0,0,0,450.031,0,0,-69.2702
"MtrElec",1,16,18,"",440.422,0,0,0,0,0,0,0,0,0,0,0,0,0,0,0,0,0,0,0,0,440.422,0,0,0
"MtrElec",1,16,19,"",360.25,0,0,0,0,0,0,0,0,0,0,0,0,0,0,0,0,0,0,0,0,437.037,0,-76.7868,0
"MtrElec",1,16,20,"",418.513,0,0,0,0,0,0,0,0,0,0,0,0,0,0,0,0,0,0,0,0,418.513,0,0,0
"MtrElec",1,16,21,"",431.95,0,0,0,0,0,0,0,0,0,0,0,0,0,0,0,0,0,0,0,0,431.95,0,0,0
"MtrElec",1,16,22,"",267.395,0,0,0,0,0,0,0,0,0,0,0,0,0,0,0,0,0,0,0,0,267.395,0,0,0
"MtrElec",1,16,23,"",289.779,0,0,0,0,0,0,0,0,0,0,0,0,0,0,0,0,0,0,0,0,289.779,0,0,0
"MtrElec",1,16,24,"",216.35,0,0,0,0,0,0,0,0,0,0,0,0,0,0,0,0,0,0,0,0,216.35,0,0,0
"MtrElec",1,17,1,"",166.679,0,0,0,0,0,0,0,0,0,0,0,0,0,0,0,0,0,0,0,0,166.679,0,0,0
"MtrElec",1,17,2,"",157.81,0,0,0,0,0,0,0,0,0,0,0,0,0,0,0,0,0,0,0,0,157.81,0,0,0
"MtrElec",1,17,3,"",193.803,0,0,0,0,0,0,0,0,0,0,0,0,0,0,0,0,0,0,0,0,193.803,0,0,0
"MtrElec",1,17,4,"",157.262,0,0,0,0,0,0,0,0,0,0,0,0,0,0,0,0,0,0,0,0,157.262,0,0,0
"MtrElec",1,17,5,"",172.929,0,0,0,0,0,0,0,0,0,0,0,0,0,0,0,0,0,0,0,0,172.929,0,0,0
"MtrElec",1,17,6,"",157.712,0,0,0,0,0,0,0,0,0,0,0,0,0,0,0,0,0,0,0,0,157.712,0,0,0
"MtrElec",1,17,7,"",205.726,0,0,0,0,0,0,0,0,0,0,0,0,0,0,0,0,0,0,0,0,205.726,0,0,0
"MtrElec",1,17,8,"",130.77,0,0,0,0,0,0,0,0,0,0,0,0,0,0,0,0,0,0,0,0,228.041,0,0,-97.2716
"MtrElec",1,17,9,"",40.8646,0,0,0,0,0,0,0,0,0,0,0,0,0,0,0,0,0,0,0,0,330.161,0,0,-289.297
"MtrElec",1,17,10,"",-16.4596,0,0,0,0,0,0,0,0,0,0,0,0,0,0,0,0,0,0,0,0,414.599,0,0,-431.059
"MtrElec",1,17,11,"",0,0,0,0,0,0,0,0,0,0,0,0,0,0,0,0,0,0,0,0,0,498.145,0,24.8029,-522.948
"MtrElec",1,17,12,"",0,0,0,0,0,0,0,0,0,0,0,0,0,0,0,0,0,0,0,0,0,510.763,0,55.3919,-566.155
"MtrElec",1,17,13,"",15.6911,0,0,0,0,0,0,0,0,0,0,0,0,0,0,0,0,0,0,0,0,577.972,0,0,-562.281
"MtrElec",1,17,14,"",0.0000010,0,0,0,0,0,0,0,0,0,0,0,0,0,0,0,0,0,0,0,0,501.052,0,12.5048,-513.557
"MtrElec",1,17,15,"",84.8371,0,0,0,0,0,0,0,0,0,0,0,0,0,0,0,0,0,0,0,0,511.234,0,0,-426.397
"MtrElec",1,17,16,"",166.205,0,0,0,0,0,0,0,0,0,0,0,0,0,0,0,0,0,0,0,0,452.808,0,0,-286.603
"MtrElec",1,17,17,"",403.85,0,0,0,0,0,0,0,0,0,0,0,0,0,0,0,0,0,0,0,0,493.341,0,0,-89.4911
"MtrElec",1,17,18,"",467.183,0,0,0,0,0,0,0,0,0,0,0,0,0,0,0,0,0,0,0,0,467.183,0,0,0
"MtrElec",1,17,19,"",406.83,0,0,0,0,0,0,0,0,0,0,0,0,0,0,0,0,0,0,0,0,490.492,0,-83.6614,0
"MtrElec",1,17,20,"",402.598,0,0,0,0,0,0,0,0,0,0,0,0,0,0,0,0,0,0,0,0,402.598,0,0,0
"MtrElec",1,17,21,"",411.293,0,0,0,0,0,0,0,0,0,0,0,0,0,0,0,0,0,0,0,0,411.293,0,0,0
"MtrElec",1,17,22,"",319.401,0,0,0,0,0,0,0,0,0,0,0,0,0,0,0,0,0,0,0,0,319.401,0,0,0
"MtrElec",1,17,23,"",262.7,0,0,0,0,0,0,0,0,0,0,0,0,0,0,0,0,0,0,0,0,262.7,0,0,0
"MtrElec",1,17,24,"",191.087,0,0,0,0,0,0,0,0,0,0,0,0,0,0,0,0,0,0,0,0,191.087,0,0,0
"MtrElec",1,18,1,"",169.596,0,0,0,0,0,0,0,0,0,0,0,0,0,0,0,0,0,0,0,0,169.596,0,0,0
"MtrElec",1,18,2,"",157.048,0,0,0,0,0,0,0,0,0,0,0,0,0,0,0,0,0,0,0,0,157.048,0,0,0
"MtrElec",1,18,3,"",159.131,0,0,0,0,0,0,0,0,0,0,0,0,0,0,0,0,0,0,0,0,159.131,0,0,0
"MtrElec",1,18,4,"",200.554,0,0,0,0,0,0,0,0,0,0,0,0,0,0,0,0,0,0,0,0,200.554,0,0,0
"MtrElec",1,18,5,"",177.042,0,0,0,0,0,0,0,0,0,0,0,0,0,0,0,0,0,0,0,0,177.042,0,0,0
"MtrElec",1,18,6,"",156.36,0,0,0,0,0,0,0,0,0,0,0,0,0,0,0,0,0,0,0,0,156.36,0,0,0
"MtrElec",1,18,7,"",169.447,0,0,0,0,0,0,0,0,0,0,0,0,0,0,0,0,0,0,0,0,169.447,0,0,0
"MtrElec",1,18,8,"",204.003,0,0,0,0,0,0,0,0,0,0,0,0,0,0,0,0,0,0,0,0,304.108,0,0,-100.105
"MtrElec",1,18,9,"",44.4641,0,0,0,0,0,0,0,0,0,0,0,0,0,0,0,0,0,0,0,0,342.279,0,0,-297.815
"MtrElec",1,18,10,"",-58.1193,0,0,0,0,0,0,0,0,0,0,0,0,0,0,0,0,0,0,0,0,389.062,0,0,-447.182
"MtrElec",1,18,11,"",0,0,0,0,0,0,0,0,0,0,0,0,0,0,0,0,0,0,0,0,0,393.826,0,146.414,-540.24
"MtrElec",1,18,12,"",0,0,0,0,0,0,0,0,0,0,0,0,0,0,0,0,0,0,0,0,0,405.028,0,173.705,-578.733
"MtrElec",1,18,13,"",0.0000156,0,0,0,0,0,0,0,0,0,0,0,0,0,0,0,0,0,0,0,0,410.975,0,154.205,-565.18
"MtrElec",1,18,14,"",0,0,0,0,0,0,0,0,0,0,0,0,0,0,0,0,0,0,0,0,0,416.281,0,99.0159,-515.297
"MtrElec",1,18,15,"",19.2593,0,0,0,0,0,0,0,0,0,0,0,0,0,0,0,0,0,0,0,0,450.331,0,0,-431.072
"MtrElec",1,18,16,"",82.9158,0,0,0,0,0,0,0,0,0,0,0,0,0,0,0,0,0,0,0,0,370.012,0,0,-287.097
"MtrElec",1,18,17,"",322.31,0,0,0,0,0,0,0,0,0,0,0,0,0,0,0,0,0,0,0,0,418.953,0,0,-96.6429
"MtrElec",1,18,18,"",355.299,0,0,0,0,0,0,0,0,0,0,0,0,0,0,0,0,0,0,0,0,355.299,0,0,0
"MtrElec",1,18,19,"",146.267,0,0,0,0,0,0,0,0,0,0,0,0,0,0,0,0,0,0,0,0,369.484,0,-223.217,0
"MtrElec",1,18,20,"",75.5587,0,0,0,0,0,0,0,0,0,0,0,0,0,0,0,0,0,0,0,0,298.776,0,-223.217,0
"MtrElec",1,18,21,"",221.709,0,0,0,0,0,0,0,0,0,0,0,0,0,0,0,0,0,0,0,0,292.715,0,-71.0059,0
"MtrElec",1,18,22,"",293.475,0,0,0,0,0,0,0,0,0,0,0,0,0,0,0,0,0,0,0,0,293.475,0,0,0
"MtrElec",1,18,23,"",223.542,0,0,0,0,0,0,0,0,0,0,0,0,0,0,0,0,0,0,0,0,223.542,0,0,0
"MtrElec",1,18,24,"",200.025,0,0,0,0,0,0,0,0,0,0,0,0,0,0,0,0,0,0,0,0,200.025,0,0,0
"MtrElec",1,19,1,"",212.377,0,0,0,0,0,0,0,0,0,0,0,0,0,0,0,0,0,0,0,0,212.377,0,0,0
"MtrElec",1,19,2,"",162.597,0,0,0,0,0,0,0,0,0,0,0,0,0,0,0,0,0,0,0,0,162.597,0,0,0
"MtrElec",1,19,3,"",153.43,0,0,0,0,0,0,0,0,0,0,0,0,0,0,0,0,0,0,0,0,153.43,0,0,0
"MtrElec",1,19,4,"",153.609,0,0,0,0,0,0,0,0,0,0,0,0,0,0,0,0,0,0,0,0,153.609,0,0,0
"MtrElec",1,19,5,"",149.225,0,0,0,0,0,0,0,0,0,0,0,0,0,0,0,0,0,0,0,0,149.225,0,0,0
"MtrElec",1,19,6,"",175.993,0,0,0,0,0,0,0,0,0,0,0,0,0,0,0,0,0,0,0,0,175.993,0,0,0
"MtrElec",1,19,7,"",211.798,0,0,0,0,0,0,0,0,0,0,0,0,0,0,0,0,0,0,0,0,211.798,0,0,0
"MtrElec",1,19,8,"",175.018,0,0,0,0,0,0,0,0,0,0,0,0,0,0,0,0,0,0,0,0,264.974,0,0,-89.956
"MtrElec",1,19,9,"",36.0925,0,0,0,0,0,0,0,0,0,0,0,0,0,0,0,0,0,0,0,0,323.703,0,0,-287.61
"MtrElec",1,19,10,"",-13.1931,0,0,0,0,0,0,0,0,0,0,0,0,0,0,0,0,0,0,0,0,411.661,0,0,-424.854
"MtrElec",1,19,11,"",0.0000078,0,0,0,0,0,0,0,0,0,0,0,0,0,0,0,0,0,0,0,0,379.3,0,99.1298,-478.43
"MtrElec",1,19,12,"",0,0,0,0,0,0,0,0,0,0,0,0,0,0,0,0,0,0,0,0,0,454.777,0,129.31,-584.087
"MtrElec",1,19,13,"",0.0000156,0,0,0,0,0,0,0,0,0,0,0,0,0,0,0,0,0,0,0,0,448.355,0,132.293,-580.648
"MtrElec",1,19,14,"",0.0000156,0,0,0,0,0,0,0,0,0,0,0,0,0,0,0,0,0,0,0,0,354.723,0,178.217,-532.939
"MtrElec",1,19,15,"",0.0000078,0,0,0,0,0,0,0,0,0,0,0,0,0,0,0,0,0,0,0,0,360.793,0,79.7688,-440.562
"MtrElec",1,19,16,"",43.5871,0,0,0,0,0,0,0,0,0,0,0,0,0,0,0,0,0,0,0,0,339.498,0,0,-295.911
"MtrElec",1,19,17,"",311.865,0,0,0,0,0,0,0,0,0,0,0,0,0,0,0,0,0,0,0,0,412.958,0,0,-101.093
"MtrElec",1,19,18,"",424.129,0,0,0,0,0,0,0,0,0,0,0,0,0,0,0,0,0,0,0,0,424.129,0,0,0
"MtrElec",1,19,19,"",164.917,0,0,0,0,0,0,0,0,0,0,0,0,0,0,0,0,0,0,0,0,388.134,0,-223.217,0
"MtrElec",1,19,20,"",86.1769,0,0,0,0,0,0,0,0,0,0,0,0,0,0,0,0,0,0,0,0,309.394,0,-223.217,0
"MtrElec",1,19,21,"",204.171,0,0,0,0,0,0,0,0,0,0,0,0,0,0,0,0,0,0,0,0,316.13,0,-111.959,0
"MtrElec",1,19,22,"",285.858,0,0,0,0,0,0,0,0,0,0,0,0,0,0,0,0,0,0,0,0,285.858,0,0,0
"MtrElec",1,19,23,"",222.426,0,0,0,0,0,0,0,0,0,0,0,0,0,0,0,0,0,0,0,0,222.426,0,0,0
"MtrElec",1,19,24,"",233.03,0,0,0,0,0,0,0,0,0,0,0,0,0,0,0,0,0,0,0,0,233.03,0,0,0
"MtrElec",1,20,1,"",159.299,0,0,0,0,0,0,0,0,0,0,0,0,0,0,0,0,0,0,0,0,159.299,0,0,0
"MtrElec",1,20,2,"",156.628,0,0,0,0,0,0,0,0,0,0,0,0,0,0,0,0,0,0,0,0,156.628,0,0,0
"MtrElec",1,20,3,"",151.808,0,0,0,0,0,0,0,0,0,0,0,0,0,0,0,0,0,0,0,0,151.808,0,0,0
"MtrElec",1,20,4,"",155.974,0,0,0,0,0,0,0,0,0,0,0,0,0,0,0,0,0,0,0,0,155.974,0,0,0
"MtrElec",1,20,5,"",154.632,0,0,0,0,0,0,0,0,0,0,0,0,0,0,0,0,0,0,0,0,154.632,0,0,0
"MtrElec",1,20,6,"",184.807,0,0,0,0,0,0,0,0,0,0,0,0,0,0,0,0,0,0,0,0,184.807,0,0,0
"MtrElec",1,20,7,"",265.46,0,0,0,0,0,0,0,0,0,0,0,0,0,0,0,0,0,0,0,0,265.46,0,0,0
"MtrElec",1,20,8,"",205.944,0,0,0,0,0,0,0,0,0,0,0,0,0,0,0,0,0,0,0,0,312.621,0,0,-106.677
"MtrElec",1,20,9,"",67.1272,0,0,0,0,0,0,0,0,0,0,0,0,0,0,0,0,0,0,0,0,386.183,0,0,-319.055
"MtrElec",1,20,10,"",-70.405,0,0,0,0,0,0,0,0,0,0,0,0,0,0,0,0,0,0,0,0,398.302,0,0,-468.707
"MtrElec",1,20,11,"",0,0,0,0,0,0,0,0,0,0,0,0,0,0,0,0,0,0,0,0,0,452.556,0,108.499,-561.055
"MtrElec",1,20,12,"",0.0000156,0,0,0,0,0,0,0,0,0,0,0,0,0,0,0,0,0,0,0,0,449.744,0,155.362,-605.106
"MtrElec",1,20,13,"",0,0,0,0,0,0,0,0,0,0,0,0,0,0,0,0,0,0,0,0,0,471.838,0,140.796,-612.633
"MtrElec",1,20,14,"",0,0,0,0,0,0,0,0,0,0,0,0,0,0,0,0,0,0,0,0,0,415.902,0,144.102,-560.004
"MtrElec",1,20,15,"",0.0000039,0,0,0,0,0,0,0,0,0,0,0,0,0,0,0,0,0,0,0,0,412.268,0,39.7871,-452.055
"MtrElec",1,20,16,"",114.392,0,0,0,0,0,0,0,0,0,0,0,0,0,0,0,0,0,0,0,0,422.508,0,0,-308.116
"MtrElec",1,20,17,"",355.059,0,0,0,0,0,0,0,0,0,0,0,0,0,0,0,0,0,0,0,0,470.507,0,0,-115.448
"MtrElec",1,20,18,"",437.626,0,0,0,0,0,0,0,0,0,0,0,0,0,0,0,0,0,0,0,0,438.167,0,0,-0.540778
"MtrElec",1,20,19,"",204.635,0,0,0,0,0,0,0,0,0,0,0,0,0,0,0,0,0,0,0,0,427.852,0,-223.217,0
"MtrElec",1,20,20,"",183.633,0,0,0,0,0,0,0,0,0,0,0,0,0,0,0,0,0,0,0,0,406.85,0,-223.217,0
"MtrElec",1,20,21,"",359.201,0,0,0,0,0,0,0,0,0,0,0,0,0,0,0,0,0,0,0,0,443.93,0,-84.7289,0
"MtrElec",1,20,22,"",274.21,0,0,0,0,0,0,0,0,0,0,0,0,0,0,0,0,0,0,0,0,274.21,0,0,0
"MtrElec",1,20,23,"",324.486,0,0,0,0,0,0,0,0,0,0,0,0,0,0,0,0,0,0,0,0,324.486,0,0,0
"MtrElec",1,20,24,"",215.863,0,0,0,0,0,0,0,0,0,0,0,0,0,0,0,0,0,0,0,0,215.863,0,0,0
"MtrElec",1,21,1,"",167.126,0,0,0,0,0,0,0,0,0,0,0,0,0,0,0,0,0,0,0,0,167.126,0,0,0
"MtrElec",1,21,2,"",157.096,0,0,0,0,0,0,0,0,0,0,0,0,0,0,0,0,0,0,0,0,157.096,0,0,0
"MtrElec",1,21,3,"",153.392,0,0,0,0,0,0,0,0,0,0,0,0,0,0,0,0,0,0,0,0,153.392,0,0,0
"MtrElec",1,21,4,"",153.733,0,0,0,0,0,0,0,0,0,0,0,0,0,0,0,0,0,0,0,0,153.733,0,0,0
"MtrElec",1,21,5,"",191.553,0,0,0,0,0,0,0,0,0,0,0,0,0,0,0,0,0,0,0,0,191.553,0,0,0
"MtrElec",1,21,6,"",156.388,0,0,0,0,0,0,0,0,0,0,0,0,0,0,0,0,0,0,0,0,156.388,0,0,0
"MtrElec",1,21,7,"",244.103,0,0,0,0,0,0,0,0,0,0,0,0,0,0,0,0,0,0,0,0,244.103,0,0,0
"MtrElec",1,21,8,"",195.987,0,0,0,0,0,0,0,0,0,0,0,0,0,0,0,0,0,0,0,0,303.68,0,0,-107.693
"MtrElec",1,21,9,"",36.699,0,0,0,0,0,0,0,0,0,0,0,0,0,0,0,0,0,0,0,0,351.587,0,0,-314.888
"MtrElec",1,21,10,"",-97.439,0,0,0,0,0,0,0,0,0,0,0,0,0,0,0,0,0,0,0,0,367.6,0,0,-465.039
"MtrElec",1,21,11,"",0.0000078,0,0,0,0,0,0,0,0,0,0,0,0,0,0,0,0,0,0,0,0,451.781,0,100.277,-552.058
"MtrElec",1,21,12,"",-11.0892,0,0,0,0,0,0,0,0,0,0,0,0,0,0,0,0,0,0,0,0,363.069,0,223.217,-597.375
"MtrElec",1,21,13,"",0.0000078,0,0,0,0,0,0,0,0,0,0,0,0,0,0,0,0,0,0,0,0,482.603,0,112.227,-594.83
"MtrElec",1,21,14,"",0,0,0,0,0,0,0,0,0,0,0,0,0,0,0,0,0,0,0,0,0,371.384,0,174.409,-545.793
"MtrElec",1,21,15,"",0,0,0,0,0,0,0,0,0,0,0,0,0,0,0,0,0,0,0,0,0,431.915,0,31.6341,-463.55
"MtrElec",1,21,16,"",77.3436,0,0,0,0,0,0,0,0,0,0,0,0,0,0,0,0,0,0,0,0,393.15,0,0,-315.807
"MtrElec",1,21,17,"",312.805,0,0,0,0,0,0,0,0,0,0,0,0,0,0,0,0,0,0,0,0,431.373,0,0,-118.568
"MtrElec",1,21,18,"",400.558,0,0,0,0,0,0,0,0,0,0,0,0,0,0,0,0,0,0,0,0,401.319,0,0,-0.760987
"MtrElec",1,21,19,"",223.333,0,0,0,0,0,0,0,0,0,0,0,0,0,0,0,0,0,0,0,0,446.55,0,-223.217,0
"MtrElec",1,21,20,"",145.809,0,0,0,0,0,0,0,0,0,0,0,0,0,0,0,0,0,0,0,0,369.026,0,-223.217,0
"MtrElec",1,21,21,"",246.622,0,0,0,0,0,0,0,0,0,0,0,0,0,0,0,0,0,0,0,0,379.379,0,-132.757,0
"MtrElec",1,21,22,"",274.209,0,0,0,0,0,0,0,0,0,0,0,0,0,0,0,0,0,0,0,0,274.209,0,0,0
"MtrElec",1,21,23,"",330.671,0,0,0,0,0,0,0,0,0,0,0,0,0,0,0,0,0,0,0,0,330.671,0,0,0
"MtrElec",1,21,24,"",232.218,0,0,0,0,0,0,0,0,0,0,0,0,0,0,0,0,0,0,0,0,232.218,0,0,0
"MtrElec",1,22,1,"",156.815,0,0,0,0,0,0,0,0,0,0,0,0,0,0,0,0,0,0,0,0,156.815,0,0,0
"MtrElec",1,22,2,"",162.252,0,0,0,0,0,0,0,0,0,0,0,0,0,0,0,0,0,0,0,0,162.252,0,0,0
"MtrElec",1,22,3,"",196.453,0,0,0,0,0,0,0,0,0,0,0,0,0,0,0,0,0,0,0,0,196.453,0,0,0
"MtrElec",1,22,4,"",152.64,0,0,0,0,0,0,0,0,0,0,0,0,0,0,0,0,0,0,0,0,152.64,0,0,0
"MtrElec",1,22,5,"",150.443,0,0,0,0,0,0,0,0,0,0,0,0,0,0,0,0,0,0,0,0,150.443,0,0,0
"MtrElec",1,22,6,"",162.02,0,0,0,0,0,0,0,0,0,0,0,0,0,0,0,0,0,0,0,0,162.02,0,0,0
"MtrElec",1,22,7,"",283.229,0,0,0,0,0,0,0,0,0,0,0,0,0,0,0,0,0,0,0,0,283.229,0,0,0
"MtrElec",1,22,8,"",212.591,0,0,0,0,0,0,0,0,0,0,0,0,0,0,0,0,0,0,0,0,315.8,0,0,-103.208
"MtrElec",1,22,9,"",58.2248,0,0,0,0,0,0,0,0,0,0,0,0,0,0,0,0,0,0,0,0,363.744,0,0,-305.52
"MtrElec",1,22,10,"",-28.9057,0,0,0,0,0,0,0,0,0,0,0,0,0,0,0,0,0,0,0,0,437.546,0,0,-466.451
"MtrElec",1,22,11,"",0.0000078,0,0,0,0,0,0,0,0,0,0,0,0,0,0,0,0,0,0,0,0,442.316,0,122.631,-564.946
"MtrElec",1,22,12,"",0,0,0,0,0,0,0,0,0,0,0,0,0,0,0,0,0,0,0,0,0,387.933,0,216.777,-604.71
"MtrElec",1,22,13,"",0.0000156,0,0,0,0,0,0,0,0,0,0,0,0,0,0,0,0,0,0,0,0,376.124,0,216.308,-592.432
"MtrElec",1,22,14,"",0,0,0,0,0,0,0,0,0,0,0,0,0,0,0,0,0,0,0,0,0,410.999,0,131.115,-542.114
"MtrElec",1,22,15,"",0.0000078,0,0,0,0,0,0,0,0,0,0,0,0,0,0,0,0,0,0,0,0,358.831,0,85.2814,-444.112
"MtrElec",1,22,16,"",103.392,0,0,0,0,0,0,0,0,0,0,0,0,0,0,0,0,0,0,0,0,402.557,0,0,-299.166
"MtrElec",1,22,17,"",265.759,0,0,0,0,0,0,0,0,0,0,0,0,0,0,0,0,0,0,0,0,375.554,0,0,-109.794
"MtrElec",1,22,18,"",436.341,0,0,0,0,0,0,0,0,0,0,0,0,0,0,0,0,0,0,0,0,436.341,0,0,0
"MtrElec",1,22,19,"",173.68,0,0,0,0,0,0,0,0,0,0,0,0,0,0,0,0,0,0,0,0,396.897,0,-223.217,0
"MtrElec",1,22,20,"",189.021,0,0,0,0,0,0,0,0,0,0,0,0,0,0,0,0,0,0,0,0,412.238,0,-223.217,0
"MtrElec",1,22,21,"",134.085,0,0,0,0,0,0,0,0,0,0,0,0,0,0,0,0,0,0,0,0,357.302,0,-223.217,0
"MtrElec",1,22,22,"",288.547,0,0,0,0,0,0,0,0,0,0,0,0,0,0,0,0,0,0,0,0,315.728,0,-27.1812,0
"MtrElec",1,22,23,"",299.794,0,0,0,0,0,0,0,0,0,0,0,0,0,0,0,0,0,0,0,0,299.794,0,0,0
"MtrElec",1,22,24,"",206.81,0,0,0,0,0,0,0,0,0,0,0,0,0,0,0,0,0,0,0,0,206.81,0,0,0
"MtrElec",1,23,1,"",181.714,0,0,0,0,0,0,0,0,0,0,0,0,0,0,0,0,0,0,0,0,181.714,0,0,0
"MtrElec",1,23,2,"",157.055,0,0,0,0,0,0,0,0,0,0,0,0,0,0,0,0,0,0,0,0,157.055,0,0,0
"MtrElec",1,23,3,"",151.256,0,0,0,0,0,0,0,0,0,0,0,0,0,0,0,0,0,0,0,0,151.256,0,0,0
"MtrElec",1,23,4,"",154.765,0,0,0,0,0,0,0,0,0,0,0,0,0,0,0,0,0,0,0,0,154.765,0,0,0
"MtrElec",1,23,5,"",197.882,0,0,0,0,0,0,0,0,0,0,0,0,0,0,0,0,0,0,0,0,197.882,0,0,0
"MtrElec",1,23,6,"",161.224,0,0,0,0,0,0,0,0,0,0,0,0,0,0,0,0,0,0,0,0,161.224,0,0,0
"MtrElec",1,23,7,"",264.826,0,0,0,0,0,0,0,0,0,0,0,0,0,0,0,0,0,0,0,0,264.826,0,0,0
"MtrElec",1,23,8,"",214.659,0,0,0,0,0,0,0,0,0,0,0,0,0,0,0,0,0,0,0,0,325.439,0,0,-110.78
"MtrElec",1,23,9,"",74.6056,0,0,0,0,0,0,0,0,0,0,0,0,0,0,0,0,0,0,0,0,399.811,0,0,-325.205
"MtrElec",1,23,10,"",-24.6359,0,0,0,0,0,0,0,0,0,0,0,0,0,0,0,0,0,0,0,0,455.214,0,0,-479.849
"MtrElec",1,23,11,"",0.0000078,0,0,0,0,0,0,0,0,0,0,0,0,0,0,0,0,0,0,0,0,458.564,0,120.679,-579.243
"MtrElec",1,23,12,"",0,0,0,0,0,0,0,0,0,0,0,0,0,0,0,0,0,0,0,0,0,407.846,0,217.566,-625.412
"MtrElec",1,23,13,"",0.0000078,0,0,0,0,0,0,0,0,0,0,0,0,0,0,0,0,0,0,0,0,531.625,0,91.3241,-622.949
"MtrElec",1,23,14,"",0,0,0,0,0,0,0,0,0,0,0,0,0,0,0,0,0,0,0,0,0,370.166,0,208.17,-578.336
"MtrElec",1,23,15,"",0.0000039,0,0,0,0,0,0,0,0,0,0,0,0,0,0,0,0,0,0,0,0,428.752,0,49.9508,-478.703
"MtrElec",1,23,16,"",107.814,0,0,0,0,0,0,0,0,0,0,0,0,0,0,0,0,0,0,0,0,408.344,0,0,-300.53
"MtrElec",1,23,17,"",363.611,0,0,0,0,0,0,0,0,0,0,0,0,0,0,0,0,0,0,0,0,441.8,0,0,-78.1892
"MtrElec",1,23,18,"",478.556,0,0,0,0,0,0,0,0,0,0,0,0,0,0,0,0,0,0,0,0,478.556,0,0,0
"MtrElec",1,23,19,"",203.052,0,0,0,0,0,0,0,0,0,0,0,0,0,0,0,0,0,0,0,0,426.268,0,-223.217,0
"MtrElec",1,23,20,"",247.041,0,0,0,0,0,0,0,0,0,0,0,0,0,0,0,0,0,0,0,0,470.258,0,-223.217,0
"MtrElec",1,23,21,"",254.13,0,0,0,0,0,0,0,0,0,0,0,0,0,0,0,0,0,0,0,0,428.336,0,-174.206,0
"MtrElec",1,23,22,"",309.856,0,0,0,0,0,0,0,0,0,0,0,0,0,0,0,0,0,0,0,0,309.856,0,0,0
"MtrElec",1,23,23,"",293.587,0,0,0,0,0,0,0,0,0,0,0,0,0,0,0,0,0,0,0,0,293.587,0,0,0
"MtrElec",1,23,24,"",199.198,0,0,0,0,0,0,0,0,0,0,0,0,0,0,0,0,0,0,0,0,199.198,0,0,0
"MtrElec",1,24,1,"",159.18,0,0,0,0,0,0,0,0,0,0,0,0,0,0,0,0,0,0,0,0,159.18,0,0,0
"MtrElec",1,24,2,"",155.923,0,0,0,0,0,0,0,0,0,0,0,0,0,0,0,0,0,0,0,0,155.923,0,0,0
"MtrElec",1,24,3,"",154.104,0,0,0,0,0,0,0,0,0,0,0,0,0,0,0,0,0,0,0,0,154.104,0,0,0
"MtrElec",1,24,4,"",158.972,0,0,0,0,0,0,0,0,0,0,0,0,0,0,0,0,0,0,0,0,158.972,0,0,0
"MtrElec",1,24,5,"",213.038,0,0,0,0,0,0,0,0,0,0,0,0,0,0,0,0,0,0,0,0,213.038,0,0,0
"MtrElec",1,24,6,"",162.366,0,0,0,0,0,0,0,0,0,0,0,0,0,0,0,0,0,0,0,0,162.366,0,0,0
"MtrElec",1,24,7,"",181.033,0,0,0,0,0,0,0,0,0,0,0,0,0,0,0,0,0,0,0,0,181.033,0,0,0
"MtrElec",1,24,8,"",171.884,0,0,0,0,0,0,0,0,0,0,0,0,0,0,0,0,0,0,0,0,277.952,0,0,-106.067
"MtrElec",1,24,9,"",-33.6196,0,0,0,0,0,0,0,0,0,0,0,0,0,0,0,0,0,0,0,0,273.824,0,0,-307.443
"MtrElec",1,24,10,"",-60.5236,0,0,0,0,0,0,0,0,0,0,0,0,0,0,0,0,0,0,0,0,397.071,0,0,-457.594
"MtrElec",1,24,11,"",0,0,0,0,0,0,0,0,0,0,0,0,0,0,0,0,0,0,0,0,0,482.637,0,66.1237,-548.761
"MtrElec",1,24,12,"",0.0000078,0,0,0,0,0,0,0,0,0,0,0,0,0,0,0,0,0,0,0,0,509.245,0,83.7599,-593.005
"MtrElec",1,24,13,"",0,0,0,0,0,0,0,0,0,0,0,0,0,0,0,0,0,0,0,0,0,494.74,0,96.1769,-590.917
"MtrElec",1,24,14,"",0,0,0,0,0,0,0,0,0,0,0,0,0,0,0,0,0,0,0,0,0,448.956,0,102.134,-551.089
"MtrElec",1,24,15,"",2.06591,0,0,0,0,0,0,0,0,0,0,0,0,0,0,0,0,0,0,0,0,456.073,0,0,-454.008
"MtrElec",1,24,16,"",228.028,0,0,0,0,0,0,0,0,0,0,0,0,0,0,0,0,0,0,0,0,467.832,0,0,-239.803
"MtrElec",1,24,17,"",284.569,0,0,0,0,0,0,0,0,0,0,0,0,0,0,0,0,0,0,0,0,403.018,0,0,-118.449
"MtrElec",1,24,18,"",460.327,0,0,0,0,0,0,0,0,0,0,0,0,0,0,0,0,0,0,0,0,461.26,0,0,-0.932468
"MtrElec",1,24,19,"",171.438,0,0,0,0,0,0,0,0,0,0,0,0,0,0,0,0,0,0,0,0,394.655,0,-223.217,0
"MtrElec",1,24,20,"",300.61,0,0,0,0,0,0,0,0,0,0,0,0,0,0,0,0,0,0,0,0,391.639,0,-91.0285,0
"MtrElec",1,24,21,"",343.531,0,0,0,0,0,0,0,0,0,0,0,0,0,0,0,0,0,0,0,0,343.531,0,0,0
"MtrElec",1,24,22,"",285.348,0,0,0,0,0,0,0,0,0,0,0,0,0,0,0,0,0,0,0,0,285.348,0,0,0
"MtrElec",1,24,23,"",276.198,0,0,0,0,0,0,0,0,0,0,0,0,0,0,0,0,0,0,0,0,276.198,0,0,0
"MtrElec",1,24,24,"",251.05,0,0,0,0,0,0,0,0,0,0,0,0,0,0,0,0,0,0,0,0,251.05,0,0,0
"MtrElec",1,25,1,"",171.667,0,0,0,0,0,0,0,0,0,0,0,0,0,0,0,0,0,0,0,0,171.667,0,0,0
"MtrElec",1,25,2,"",153.93,0,0,0,0,0,0,0,0,0,0,0,0,0,0,0,0,0,0,0,0,153.93,0,0,0
"MtrElec",1,25,3,"",153.506,0,0,0,0,0,0,0,0,0,0,0,0,0,0,0,0,0,0,0,0,153.506,0,0,0
"MtrElec",1,25,4,"",201.289,0,0,0,0,0,0,0,0,0,0,0,0,0,0,0,0,0,0,0,0,201.289,0,0,0
"MtrElec",1,25,5,"",173.9,0,0,0,0,0,0,0,0,0,0,0,0,0,0,0,0,0,0,0,0,173.9,0,0,0
"MtrElec",1,25,6,"",155.742,0,0,0,0,0,0,0,0,0,0,0,0,0,0,0,0,0,0,0,0,155.742,0,0,0
"MtrElec",1,25,7,"",191.255,0,0,0,0,0,0,0,0,0,0,0,0,0,0,0,0,0,0,0,0,191.255,0,0,0
"MtrElec",1,25,8,"",197.045,0,0,0,0,0,0,0,0,0,0,0,0,0,0,0,0,0,0,0,0,234.056,0,0,-37.0116
"MtrElec",1,25,9,"",19.0233,0,0,0,0,0,0,0,0,0,0,0,0,0,0,0,0,0,0,0,0,251.345,0,0,-232.321
"MtrElec",1,25,10,"",-27.9578,0,0,0,0,0,0,0,0,0,0,0,0,0,0,0,0,0,0,0,0,316.861,0,0,-344.818
"MtrElec",1,25,11,"",0,0,0,0,0,0,0,0,0,0,0,0,0,0,0,0,0,0,0,0,0,467.368,0,34.0703,-501.438
"MtrElec",1,25,12,"",0,0,0,0,0,0,0,0,0,0,0,0,0,0,0,0,0,0,0,0,0,374.919,0,194.815,-569.734
"MtrElec",1,25,13,"",0.0000156,0,0,0,0,0,0,0,0,0,0,0,0,0,0,0,0,0,0,0,0,400.572,0,147.198,-547.77
"MtrElec",1,25,14,"",0,0,0,0,0,0,0,0,0,0,0,0,0,0,0,0,0,0,0,0,0,364.236,0,186.08,-550.316
"MtrElec",1,25,15,"",0,0,0,0,0,0,0,0,0,0,0,0,0,0,0,0,0,0,0,0,0,377.154,0,84.0867,-461.241
"MtrElec",1,25,16,"",59.6126,0,0,0,0,0,0,0,0,0,0,0,0,0,0,0,0,0,0,0,0,370.19,0,0,-310.577
"MtrElec",1,25,17,"",204.144,0,0,0,0,0,0,0,0,0,0,0,0,0,0,0,0,0,0,0,0,319.841,0,0,-115.697
"MtrElec",1,25,18,"",355.806,0,0,0,0,0,0,0,0,0,0,0,0,0,0,0,0,0,0,0,0,356.405,0,0,-0.599148
"MtrElec",1,25,19,"",173.98,0,0,0,0,0,0,0,0,0,0,0,0,0,0,0,0,0,0,0,0,397.197,0,-223.217,0
"MtrElec",1,25,20,"",101.318,0,0,0,0,0,0,0,0,0,0,0,0,0,0,0,0,0,0,0,0,324.535,0,-223.217,0
"MtrElec",1,25,21,"",180.314,0,0,0,0,0,0,0,0,0,0,0,0,0,0,0,0,0,0,0,0,317.122,0,-136.808,0
"MtrElec",1,25,22,"",314.755,0,0,0,0,0,0,0,0,0,0,0,0,0,0,0,0,0,0,0,0,314.755,0,0,0
"MtrElec",1,25,23,"",251.537,0,0,0,0,0,0,0,0,0,0,0,0,0,0,0,0,0,0,0,0,251.537,0,0,0
"MtrElec",1,25,24,"",236.028,0,0,0,0,0,0,0,0,0,0,0,0,0,0,0,0,0,0,0,0,236.028,0,0,0
"MtrElec",1,26,1,"",172.698,0,0,0,0,0,0,0,0,0,0,0,0,0,0,0,0,0,0,0,0,172.698,0,0,0
"MtrElec",1,26,2,"",157.24,0,0,0,0,0,0,0,0,0,0,0,0,0,0,0,0,0,0,0,0,157.24,0,0,0
"MtrElec",1,26,3,"",153.791,0,0,0,0,0,0,0,0,0,0,0,0,0,0,0,0,0,0,0,0,153.791,0,0,0
"MtrElec",1,26,4,"",159.652,0,0,0,0,0,0,0,0,0,0,0,0,0,0,0,0,0,0,0,0,159.652,0,0,0
"MtrElec",1,26,5,"",157.77,0,0,0,0,0,0,0,0,0,0,0,0,0,0,0,0,0,0,0,0,157.77,0,0,0
"MtrElec",1,26,6,"",185.918,0,0,0,0,0,0,0,0,0,0,0,0,0,0,0,0,0,0,0,0,185.918,0,0,0
"MtrElec",1,26,7,"",266.957,0,0,0,0,0,0,0,0,0,0,0,0,0,0,0,0,0,0,0,0,266.957,0,0,0
"MtrElec",1,26,8,"",259.026,0,0,0,0,0,0,0,0,0,0,0,0,0,0,0,0,0,0,0,0,321.252,0,0,-62.2259
"MtrElec",1,26,9,"",113.009,0,0,0,0,0,0,0,0,0,0,0,0,0,0,0,0,0,0,0,0,391.052,0,0,-278.042
"MtrElec",1,26,10,"",60.5425,0,0,0,0,0,0,0,0,0,0,0,0,0,0,0,0,0,0,0,0,447.618,0,0,-387.076
"MtrElec",1,26,11,"",15.0746,0,0,0,0,0,0,0,0,0,0,0,0,0,0,0,0,0,0,0,0,457.838,0,0,-442.763
"MtrElec",1,26,12,"",0,0,0,0,0,0,0,0,0,0,0,0,0,0,0,0,0,0,0,0,0,410.866,0,141.668,-552.534
"MtrElec",1,26,13,"",23.2097,0,0,0,0,0,0,0,0,0,0,0,0,0,0,0,0,0,0,0,0,503.557,0,0,-480.347
"MtrElec",1,26,14,"",0,0,0,0,0,0,0,0,0,0,0,0,0,0,0,0,0,0,0,0,0,395.081,0,82.8615,-477.943
"MtrElec",1,26,15,"",0,0,0,0,0,0,0,0,0,0,0,0,0,0,0,0,0,0,0,0,0,401.199,0,52.5278,-453.727
"MtrElec",1,26,16,"",104.854,0,0,0,0,0,0,0,0,0,0,0,0,0,0,0,0,0,0,0,0,427.869,0,0,-323.015
"MtrElec",1,26,17,"",317.149,0,0,0,0,0,0,0,0,0,0,0,0,0,0,0,0,0,0,0,0,443.783,0,0,-126.634
"MtrElec",1,26,18,"",456.794,0,0,0,0,0,0,0,0,0,0,0,0,0,0,0,0,0,0,0,0,458.151,0,0,-1.35698
"MtrElec",1,26,19,"",176.29,0,0,0,0,0,0,0,0,0,0,0,0,0,0,0,0,0,0,0,0,399.507,0,-223.217,0
"MtrElec",1,26,20,"",441.98,0,0,0,0,0,0,0,0,0,0,0,0,0,0,0,0,0,0,0,0,468.808,0,-26.827,0
"MtrElec",1,26,21,"",428.517,0,0,0,0,0,0,0,0,0,0,0,0,0,0,0,0,0,0,0,0,428.517,0,0,0
"MtrElec",1,26,22,"",279.428,0,0,0,0,0,0,0,0,0,0,0,0,0,0,0,0,0,0,0,0,279.428,0,0,0
"MtrElec",1,26,23,"",259.539,0,0,0,0,0,0,0,0,0,0,0,0,0,0,0,0,0,0,0,0,259.539,0,0,0
"MtrElec",1,26,24,"",242.467,0,0,0,0,0,0,0,0,0,0,0,0,0,0,0,0,0,0,0,0,242.467,0,0,0
"MtrElec",1,27,1,"",162.065,0,0,0,0,0,0,0,0,0,0,0,0,0,0,0,0,0,0,0,0,162.065,0,0,0
"MtrElec",1,27,2,"",159.36,0,0,0,0,0,0,0,0,0,0,0,0,0,0,0,0,0,0,0,0,159.36,0,0,0
"MtrElec",1,27,3,"",151.676,0,0,0,0,0,0,0,0,0,0,0,0,0,0,0,0,0,0,0,0,151.676,0,0,0
"MtrElec",1,27,4,"",159.819,0,0,0,0,0,0,0,0,0,0,0,0,0,0,0,0,0,0,0,0,159.819,0,0,0
"MtrElec",1,27,5,"",155.536,0,0,0,0,0,0,0,0,0,0,0,0,0,0,0,0,0,0,0,0,155.536,0,0,0
"MtrElec",1,27,6,"",178.71,0,0,0,0,0,0,0,0,0,0,0,0,0,0,0,0,0,0,0,0,178.71,0,0,0
"MtrElec",1,27,7,"",273.178,0,0,0,0,0,0,0,0,0,0,0,0,0,0,0,0,0,0,0,0,273.178,0,0,0
"MtrElec",1,27,8,"",190.371,0,0,0,0,0,0,0,0,0,0,0,0,0,0,0,0,0,0,0,0,301.237,0,0,-110.866
"MtrElec",1,27,9,"",37.1237,0,0,0,0,0,0,0,0,0,0,0,0,0,0,0,0,0,0,0,0,351.942,0,0,-314.818
"MtrElec",1,27,10,"",-5.14722,0,0,0,0,0,0,0,0,0,0,0,0,0,0,0,0,0,0,0,0,455.258,0,0,-460.405
"MtrElec",1,27,11,"",0.0000078,0,0,0,0,0,0,0,0,0,0,0,0,0,0,0,0,0,0,0,0,434.836,0,125.851,-560.687
"MtrElec",1,27,12,"",0,0,0,0,0,0,0,0,0,0,0,0,0,0,0,0,0,0,0,0,0,428.578,0,177.416,-605.994
"MtrElec",1,27,13,"",0,0,0,0,0,0,0,0,0,0,0,0,0,0,0,0,0,0,0,0,0,424.808,0,180.797,-605.605
"MtrElec",1,27,14,"",0,0,0,0,0,0,0,0,0,0,0,0,0,0,0,0,0,0,0,0,0,418.67,0,138.562,-557.232
"MtrElec",1,27,15,"",0,0,0,0,0,0,0,0,0,0,0,0,0,0,0,0,0,0,0,0,0,391.833,0,68.3397,-460.173
"MtrElec",1,27,16,"",121.33,0,0,0,0,0,0,0,0,0,0,0,0,0,0,0,0,0,0,0,0,444.697,0,0,-323.367
"MtrElec",1,27,17,"",324.083,0,0,0,0,0,0,0,0,0,0,0,0,0,0,0,0,0,0,0,0,451.382,0,0,-127.299
"MtrElec",1,27,18,"",426.98,0,0,0,0,0,0,0,0,0,0,0,0,0,0,0,0,0,0,0,0,428.432,0,0,-1.45208
"MtrElec",1,27,19,"",200.646,0,0,0,0,0,0,0,0,0,0,0,0,0,0,0,0,0,0,0,0,423.863,0,-223.217,0
"MtrElec",1,27,20,"",188.99,0,0,0,0,0,0,0,0,0,0,0,0,0,0,0,0,0,0,0,0,412.207,0,-223.217,0
"MtrElec",1,27,21,"",269.309,0,0,0,0,0,0,0,0,0,0,0,0,0,0,0,0,0,0,0,0,446.472,0,-177.163,0
"MtrElec",1,27,22,"",300.077,0,0,0,0,0,0,0,0,0,0,0,0,0,0,0,0,0,0,0,0,300.077,0,0,0
"MtrElec",1,27,23,"",312.593,0,0,0,0,0,0,0,0,0,0,0,0,0,0,0,0,0,0,0,0,312.593,0,0,0
"MtrElec",1,27,24,"",223.713,0,0,0,0,0,0,0,0,0,0,0,0,0,0,0,0,0,0,0,0,223.713,0,0,0
"MtrElec",1,28,1,"",173.547,0,0,0,0,0,0,0,0,0,0,0,0,0,0,0,0,0,0,0,0,173.547,0,0,0
"MtrElec",1,28,2,"",160.961,0,0,0,0,0,0,0,0,0,0,0,0,0,0,0,0,0,0,0,0,160.961,0,0,0
"MtrElec",1,28,3,"",154.636,0,0,0,0,0,0,0,0,0,0,0,0,0,0,0,0,0,0,0,0,154.636,0,0,0
"MtrElec",1,28,4,"",153.188,0,0,0,0,0,0,0,0,0,0,0,0,0,0,0,0,0,0,0,0,153.188,0,0,0
"MtrElec",1,28,5,"",150.35,0,0,0,0,0,0,0,0,0,0,0,0,0,0,0,0,0,0,0,0,150.35,0,0,0
"MtrElec",1,28,6,"",176.911,0,0,0,0,0,0,0,0,0,0,0,0,0,0,0,0,0,0,0,0,176.911,0,0,0
"MtrElec",1,28,7,"",271.367,0,0,0,0,0,0,0,0,0,0,0,0,0,0,0,0,0,0,0,0,271.367,0,0,0
"MtrElec",1,28,8,"",189.992,0,0,0,0,0,0,0,0,0,0,0,0,0,0,0,0,0,0,0,0,298.537,0,0,-108.545
"MtrElec",1,28,9,"",31.5816,0,0,0,0,0,0,0,0,0,0,0,0,0,0,0,0,0,0,0,0,346.643,0,0,-315.061
"MtrElec",1,28,10,"",-19.8544,0,0,0,0,0,0,0,0,0,0,0,0,0,0,0,0,0,0,0,0,450.443,0,0,-470.298
"MtrElec",1,28,11,"",0,0,0,0,0,0,0,0,0,0,0,0,0,0,0,0,0,0,0,0,0,433.164,0,139.687,-572.851
"MtrElec",1,28,12,"",0,0,0,0,0,0,0,0,0,0,0,0,0,0,0,0,0,0,0,0,0,446.946,0,167.247,-614.193
"MtrElec",1,28,13,"",0,0,0,0,0,0,0,0,0,0,0,0,0,0,0,0,0,0,0,0,0,434.587,0,169.139,-603.727
"MtrElec",1,28,14,"",0,0,0,0,0,0,0,0,0,0,0,0,0,0,0,0,0,0,0,0,0,400.626,0,155.991,-556.617
"MtrElec",1,28,15,"",0,0,0,0,0,0,0,0,0,0,0,0,0,0,0,0,0,0,0,0,0,384.61,0,79.2731,-463.883
"MtrElec",1,28,16,"",96.7996,0,0,0,0,0,0,0,0,0,0,0,0,0,0,0,0,0,0,0,0,419.748,0,0,-322.948
"MtrElec",1,28,17,"",287.917,0,0,0,0,0,0,0,0,0,0,0,0,0,0,0,0,0,0,0,0,418.659,0,0,-130.742
"MtrElec",1,28,18,"",419.972,0,0,0,0,0,0,0,0,0,0,0,0,0,0,0,0,0,0,0,0,423.16,0,0,-3.18779
"MtrElec",1,28,19,"",180.316,0,0,0,0,0,0,0,0,0,0,0,0,0,0,0,0,0,0,0,0,403.533,0,-223.217,0
"MtrElec",1,28,20,"",168.118,0,0,0,0,0,0,0,0,0,0,0,0,0,0,0,0,0,0,0,0,391.335,0,-223.217,0
"MtrElec",1,28,21,"",232.727,0,0,0,0,0,0,0,0,0,0,0,0,0,0,0,0,0,0,0,0,428.275,0,-195.547,0
"MtrElec",1,28,22,"",285.329,0,0,0,0,0,0,0,0,0,0,0,0,0,0,0,0,0,0,0,0,285.329,0,0,0
"MtrElec",1,28,23,"",272.195,0,0,0,0,0,0,0,0,0,0,0,0,0,0,0,0,0,0,0,0,272.195,0,0,0
"MtrElec",1,28,24,"",197.575,0,0,0,0,0,0,0,0,0,0,0,0,0,0,0,0,0,0,0,0,197.575,0,0,0
"MtrElec",1,29,1,"",172.34,0,0,0,0,0,0,0,0,0,0,0,0,0,0,0,0,0,0,0,0,172.34,0,0,0
"MtrElec",1,29,2,"",157.905,0,0,0,0,0,0,0,0,0,0,0,0,0,0,0,0,0,0,0,0,157.905,0,0,0
"MtrElec",1,29,3,"",200.687,0,0,0,0,0,0,0,0,0,0,0,0,0,0,0,0,0,0,0,0,200.687,0,0,0
"MtrElec",1,29,4,"",176.973,0,0,0,0,0,0,0,0,0,0,0,0,0,0,0,0,0,0,0,0,176.973,0,0,0
"MtrElec",1,29,5,"",157.597,0,0,0,0,0,0,0,0,0,0,0,0,0,0,0,0,0,0,0,0,157.597,0,0,0
"MtrElec",1,29,6,"",165.107,0,0,0,0,0,0,0,0,0,0,0,0,0,0,0,0,0,0,0,0,165.107,0,0,0
"MtrElec",1,29,7,"",276.801,0,0,0,0,0,0,0,0,0,0,0,0,0,0,0,0,0,0,0,0,276.801,0,0,0
"MtrElec",1,29,8,"",215.067,0,0,0,0,0,0,0,0,0,0,0,0,0,0,0,0,0,0,0,0,320.826,0,0,-105.759
"MtrElec",1,29,9,"",52.7496,0,0,0,0,0,0,0,0,0,0,0,0,0,0,0,0,0,0,0,0,366.764,0,0,-314.015
"MtrElec",1,29,10,"",-48.6777,0,0,0,0,0,0,0,0,0,0,0,0,0,0,0,0,0,0,0,0,421.061,0,0,-469.739
"MtrElec",1,29,11,"",0,0,0,0,0,0,0,0,0,0,0,0,0,0,0,0,0,0,0,0,0,426.528,0,147.662,-574.189
"MtrElec",1,29,12,"",0,0,0,0,0,0,0,0,0,0,0,0,0,0,0,0,0,0,0,0,0,435.86,0,183.553,-619.413
"MtrElec",1,29,13,"",0,0,0,0,0,0,0,0,0,0,0,0,0,0,0,0,0,0,0,0,0,469.398,0,154.642,-624.04
"MtrElec",1,29,14,"",0.0000156,0,0,0,0,0,0,0,0,0,0,0,0,0,0,0,0,0,0,0,0,373.96,0,206.751,-580.711
"MtrElec",1,29,15,"",-38.5464,0,0,0,0,0,0,0,0,0,0,0,0,0,0,0,0,0,0,0,0,333.612,0,106.274,-478.433
"MtrElec",1,29,16,"",120.446,0,0,0,0,0,0,0,0,0,0,0,0,0,0,0,0,0,0,0,0,405.332,0,0,-284.885
"MtrElec",1,29,17,"",323.494,0,0,0,0,0,0,0,0,0,0,0,0,0,0,0,0,0,0,0,0,381.641,0,0,-58.1465
"MtrElec",1,29,18,"",446.659,0,0,0,0,0,0,0,0,0,0,0,0,0,0,0,0,0,0,0,0,446.659,0,0,0
"MtrElec",1,29,19,"",160.901,0,0,0,0,0,0,0,0,0,0,0,0,0,0,0,0,0,0,0,0,384.118,0,-223.217,0
"MtrElec",1,29,20,"",172.875,0,0,0,0,0,0,0,0,0,0,0,0,0,0,0,0,0,0,0,0,396.091,0,-223.217,0
"MtrElec",1,29,21,"",247.276,0,0,0,0,0,0,0,0,0,0,0,0,0,0,0,0,0,0,0,0,470.493,0,-223.217,0
"MtrElec",1,29,22,"",235.402,0,0,0,0,0,0,0,0,0,0,0,0,0,0,0,0,0,0,0,0,286.742,0,-51.3398,0
"MtrElec",1,29,23,"",281.766,0,0,0,0,0,0,0,0,0,0,0,0,0,0,0,0,0,0,0,0,281.766,0,0,0
"MtrElec",1,29,24,"",187.281,0,0,0,0,0,0,0,0,0,0,0,0,0,0,0,0,0,0,0,0,187.281,0,0,0
"MtrElec",1,30,1,"",159.335,0,0,0,0,0,0,0,0,0,0,0,0,0,0,0,0,0,0,0,0,159.335,0,0,0
"MtrElec",1,30,2,"",158.008,0,0,0,0,0,0,0,0,0,0,0,0,0,0,0,0,0,0,0,0,158.008,0,0,0
"MtrElec",1,30,3,"",156.779,0,0,0,0,0,0,0,0,0,0,0,0,0,0,0,0,0,0,0,0,156.779,0,0,0
"MtrElec",1,30,4,"",156.018,0,0,0,0,0,0,0,0,0,0,0,0,0,0,0,0,0,0,0,0,156.018,0,0,0
"MtrElec",1,30,5,"",188.208,0,0,0,0,0,0,0,0,0,0,0,0,0,0,0,0,0,0,0,0,188.208,0,0,0
"MtrElec",1,30,6,"",161.691,0,0,0,0,0,0,0,0,0,0,0,0,0,0,0,0,0,0,0,0,161.691,0,0,0
"MtrElec",1,30,7,"",265.902,0,0,0,0,0,0,0,0,0,0,0,0,0,0,0,0,0,0,0,0,265.902,0,0,0
"MtrElec",1,30,8,"",297.203,0,0,0,0,0,0,0,0,0,0,0,0,0,0,0,0,0,0,0,0,299.983,0,0,-2.77998
"MtrElec",1,30,9,"",304.303,0,0,0,0,0,0,0,0,0,0,0,0,0,0,0,0,0,0,0,0,369.385,0,0,-65.082
"MtrElec",1,30,10,"",366.799,0,0,0,0,0,0,0,0,0,0,0,0,0,0,0,0,0,0,0,0,445.506,0,0,-78.7066
"MtrElec",1,30,11,"",361.716,0,0,0,0,0,0,0,0,0,0,0,0,0,0,0,0,0,0,0,0,390.717,0,0,-29.0015
"MtrElec",1,30,12,"",288.945,0,0,0,0,0,0,0,0,0,0,0,0,0,0,0,0,0,0,0,0,437.88,0,0,-148.935
"MtrElec",1,30,13,"",325.309,0,0,0,0,0,0,0,0,0,0,0,0,0,0,0,0,0,0,0,0,414.084,0,0,-88.7748
"MtrElec",1,30,14,"",287.558,0,0,0,0,0,0,0,0,0,0,0,0,0,0,0,0,0,0,0,0,362.762,0,0,-75.2034
"MtrElec",1,30,15,"",233.785,0,0,0,0,0,0,0,0,0,0,0,0,0,0,0,0,0,0,0,0,320.14,0,0,-86.3553
"MtrElec",1,30,16,"",161.84,0,0,0,0,0,0,0,0,0,0,0,0,0,0,0,0,0,0,0,0,364.939,0,0,-203.098
"MtrElec",1,30,17,"",282.226,0,0,0,0,0,0,0,0,0,0,0,0,0,0,0,0,0,0,0,0,352.085,0,0,-69.8591
"MtrElec",1,30,18,"",446.264,0,0,0,0,0,0,0,0,0,0,0,0,0,0,0,0,0,0,0,0,449.696,0,0,-3.43238
"MtrElec",1,30,19,"",390.605,0,0,0,0,0,0,0,0,0,0,0,0,0,0,0,0,0,0,0,0,390.605,0,0,0
"MtrElec",1,30,20,"",400.278,0,0,0,0,0,0,0,0,0,0,0,0,0,0,0,0,0,0,0,0,400.278,0,0,0
"MtrElec",1,30,21,"",426.848,0,0,0,0,0,0,0,0,0,0,0,0,0,0,0,0,0,0,0,0,426.848,0,0,0
"MtrElec",1,30,22,"",323.277,0,0,0,0,0,0,0,0,0,0,0,0,0,0,0,0,0,0,0,0,323.277,0,0,0
"MtrElec",1,30,23,"",286.607,0,0,0,0,0,0,0,0,0,0,0,0,0,0,0,0,0,0,0,0,286.607,0,0,0
"MtrElec",1,30,24,"",201.663,0,0,0,0,0,0,0,0,0,0,0,0,0,0,0,0,0,0,0,0,201.663,0,0,0
"MtrElec",1,31,1,"",172.674,0,0,0,0,0,0,0,0,0,0,0,0,0,0,0,0,0,0,0,0,172.674,0,0,0
"MtrElec",1,31,2,"",165.278,0,0,0,0,0,0,0,0,0,0,0,0,0,0,0,0,0,0,0,0,165.278,0,0,0
"MtrElec",1,31,3,"",165.348,0,0,0,0,0,0,0,0,0,0,0,0,0,0,0,0,0,0,0,0,165.348,0,0,0
"MtrElec",1,31,4,"",165.417,0,0,0,0,0,0,0,0,0,0,0,0,0,0,0,0,0,0,0,0,165.417,0,0,0
"MtrElec",1,31,5,"",164.385,0,0,0,0,0,0,0,0,0,0,0,0,0,0,0,0,0,0,0,0,164.385,0,0,0
"MtrElec",1,31,6,"",169.524,0,0,0,0,0,0,0,0,0,0,0,0,0,0,0,0,0,0,0,0,169.524,0,0,0
"MtrElec",1,31,7,"",247.269,0,0,0,0,0,0,0,0,0,0,0,0,0,0,0,0,0,0,0,0,247.269,0,0,0
"MtrElec",1,31,8,"",135.923,0,0,0,0,0,0,0,0,0,0,0,0,0,0,0,0,0,0,0,0,249.212,0,0,-113.289
"MtrElec",1,31,9,"",-8.80353,0,0,0,0,0,0,0,0,0,0,0,0,0,0,0,0,0,0,0,0,313.162,0,0,-321.966
"MtrElec",1,31,10,"",-122.173,0,0,0,0,0,0,0,0,0,0,0,0,0,0,0,0,0,0,0,0,357.2,0,0,-479.372
"MtrElec",1,31,11,"",0,0,0,0,0,0,0,0,0,0,0,0,0,0,0,0,0,0,0,0,0,475.417,0,81.6665,-557.083
"MtrElec",1,31,12,"",0,0,0,0,0,0,0,0,0,0,0,0,0,0,0,0,0,0,0,0,0,490.638,0,122.636,-613.274
"MtrElec",1,31,13,"",-52.0871,0,0,0,0,0,0,0,0,0,0,0,0,0,0,0,0,0,0,0,0,357.609,0,223.217,-632.913
"MtrElec",1,31,14,"",0.0000156,0,0,0,0,0,0,0,0,0,0,0,0,0,0,0,0,0,0,0,0,426.03,0,156.805,-582.834
"MtrElec",1,31,15,"",0.0000039,0,0,0,0,0,0,0,0,0,0,0,0,0,0,0,0,0,0,0,0,423.665,0,61.9613,-485.626
"MtrElec",1,31,16,"",103.912,0,0,0,0,0,0,0,0,0,0,0,0,0,0,0,0,0,0,0,0,432.632,0,0,-328.72
"MtrElec",1,31,17,"",223.507,0,0,0,0,0,0,0,0,0,0,0,0,0,0,0,0,0,0,0,0,360.564,0,0,-137.057
"MtrElec",1,31,18,"",454.636,0,0,0,0,0,0,0,0,0,0,0,0,0,0,0,0,0,0,0,0,459.898,0,0,-5.26272
"MtrElec",1,31,19,"",186.24,0,0,0,0,0,0,0,0,0,0,0,0,0,0,0,0,0,0,0,0,409.457,0,-223.217,0
"MtrElec",1,31,20,"",130.728,0,0,0,0,0,0,0,0,0,0,0,0,0,0,0,0,0,0,0,0,353.945,0,-223.217,0
"MtrElec",1,31,21,"",191.728,0,0,0,0,0,0,0,0,0,0,0,0,0,0,0,0,0,0,0,0,328.566,0,-136.839,0
"MtrElec",1,31,22,"",283.149,0,0,0,0,0,0,0,0,0,0,0,0,0,0,0,0,0,0,0,0,283.149,0,0,0
"MtrElec",1,31,23,"",252.368,0,0,0,0,0,0,0,0,0,0,0,0,0,0,0,0,0,0,0,0,252.368,0,0,0
"MtrElec",1,31,24,"",234.985,0,0,0,0,0,0,0,0,0,0,0,0,0,0,0,0,0,0,0,0,234.985,0,0,0
"MtrElec",2,1,1,"",173.543,0,0,0,0,0,0,0,0,0,0,0,0,0,0,0,0,0,0,0,0,173.543,0,0,0
"MtrElec",2,1,2,"",165.366,0,0,0,0,0,0,0,0,0,0,0,0,0,0,0,0,0,0,0,0,165.366,0,0,0
"MtrElec",2,1,3,"",161.652,0,0,0,0,0,0,0,0,0,0,0,0,0,0,0,0,0,0,0,0,161.652,0,0,0
"MtrElec",2,1,4,"",200.976,0,0,0,0,0,0,0,0,0,0,0,0,0,0,0,0,0,0,0,0,200.976,0,0,0
"MtrElec",2,1,5,"",194.325,0,0,0,0,0,0,0,0,0,0,0,0,0,0,0,0,0,0,0,0,194.325,0,0,0
"MtrElec",2,1,6,"",171.236,0,0,0,0,0,0,0,0,0,0,0,0,0,0,0,0,0,0,0,0,171.236,0,0,0
"MtrElec",2,1,7,"",176.878,0,0,0,0,0,0,0,0,0,0,0,0,0,0,0,0,0,0,0,0,176.878,0,0,0
"MtrElec",2,1,8,"",123.557,0,0,0,0,0,0,0,0,0,0,0,0,0,0,0,0,0,0,0,0,229.246,0,0,-105.689
"MtrElec",2,1,9,"",-9.70737,0,0,0,0,0,0,0,0,0,0,0,0,0,0,0,0,0,0,0,0,298.789,0,0,-308.496
"MtrElec",2,1,10,"",-176.352,0,0,0,0,0,0,0,0,0,0,0,0,0,0,0,0,0,0,0,0,294.32,0,0,-470.672
"MtrElec",2,1,11,"",-2.41072,0,0,0,0,0,0,0,0,0,0,0,0,0,0,0,0,0,0,0,0,356.93,0,223.217,-582.558
"MtrElec",2,1,12,"",-84.2627,0,0,0,0,0,0,0,0,0,0,0,0,0,0,0,0,0,0,0,0,328.599,0,223.217,-636.079
"MtrElec",2,1,13,"",-26.7225,0,0,0,0,0,0,0,0,0,0,0,0,0,0,0,0,0,0,0,0,382.358,0,223.217,-632.297
"MtrElec",2,1,14,"",-143.07,0,0,0,0,0,0,0,0,0,0,0,0,0,0,0,0,0,0,0,0,299.225,0,129.231,-571.525
"MtrElec",2,1,15,"",-123.547,0,0,0,0,0,0,0,0,0,0,0,0,0,0,0,0,0,0,0,0,353.853,0,0,-477.4
"MtrElec",2,1,16,"",-23.7463,0,0,0,0,0,0,0,0,0,0,0,0,0,0,0,0,0,0,0,0,300.92,0,0,-324.666
"MtrElec",2,1,17,"",175.187,0,0,0,0,0,0,0,0,0,0,0,0,0,0,0,0,0,0,0,0,302.667,0,0,-127.48
"MtrElec",2,1,18,"",302.231,0,0,0,0,0,0,0,0,0,0,0,0,0,0,0,0,0,0,0,0,305.342,0,0,-3.11118
"MtrElec",2,1,19,"",141.787,0,0,0,0,0,0,0,0,0,0,0,0,0,0,0,0,0,0,0,0,365.003,0,-223.217,0
"MtrElec",2,1,20,"",55.2162,0,0,0,0,0,0,0,0,0,0,0,0,0,0,0,0,0,0,0,0,278.433,0,-223.217,0
"MtrElec",2,1,21,"",94.4994,0,0,0,0,0,0,0,0,0,0,0,0,0,0,0,0,0,0,0,0,317.716,0,-223.217,0
"MtrElec",2,1,22,"",214.813,0,0,0,0,0,0,0,0,0,0,0,0,0,0,0,0,0,0,0,0,266.153,0,-51.3398,0
"MtrElec",2,1,23,"",273.649,0,0,0,0,0,0,0,0,0,0,0,0,0,0,0,0,0,0,0,0,273.649,0,0,0
"MtrElec",2,1,24,"",202.103,0,0,0,0,0,0,0,0,0,0,0,0,0,0,0,0,0,0,0,0,202.103,0,0,0
"MtrElec",2,2,1,"",165.516,0,0,0,0,0,0,0,0,0,0,0,0,0,0,0,0,0,0,0,0,165.516,0,0,0
"MtrElec",2,2,2,"",155.76,0,0,0,0,0,0,0,0,0,0,0,0,0,0,0,0,0,0,0,0,155.76,0,0,0
"MtrElec",2,2,3,"",150.098,0,0,0,0,0,0,0,0,0,0,0,0,0,0,0,0,0,0,0,0,150.098,0,0,0
"MtrElec",2,2,4,"",153.896,0,0,0,0,0,0,0,0,0,0,0,0,0,0,0,0,0,0,0,0,153.896,0,0,0
"MtrElec",2,2,5,"",160.538,0,0,0,0,0,0,0,0,0,0,0,0,0,0,0,0,0,0,0,0,160.538,0,0,0
"MtrElec",2,2,6,"",231.225,0,0,0,0,0,0,0,0,0,0,0,0,0,0,0,0,0,0,0,0,231.225,0,0,0
"MtrElec",2,2,7,"",276.987,0,0,0,0,0,0,0,0,0,0,0,0,0,0,0,0,0,0,0,0,276.987,0,0,0
"MtrElec",2,2,8,"",229.386,0,0,0,0,0,0,0,0,0,0,0,0,0,0,0,0,0,0,0,0,315.766,0,0,-86.38
"MtrElec",2,2,9,"",174.32,0,0,0,0,0,0,0,0,0,0,0,0,0,0,0,0,0,0,0,0,357.422,0,0,-183.102
"MtrElec",2,2,10,"",105.235,0,0,0,0,0,0,0,0,0,0,0,0,0,0,0,0,0,0,0,0,433.332,0,0,-328.097
"MtrElec",2,2,11,"",0,0,0,0,0,0,0,0,0,0,0,0,0,0,0,0,0,0,0,0,0,372.964,0,35.5082,-408.472
"MtrElec",2,2,12,"",0,0,0,0,0,0,0,0,0,0,0,0,0,0,0,0,0,0,0,0,0,399.8,0,204.517,-604.317
"MtrElec",2,2,13,"",0,0,0,0,0,0,0,0,0,0,0,0,0,0,0,0,0,0,0,0,0,334.421,0,210.963,-545.384
"MtrElec",2,2,14,"",0,0,0,0,0,0,0,0,0,0,0,0,0,0,0,0,0,0,0,0,0,366.955,0,142.546,-509.501
"MtrElec",2,2,15,"",0,0,0,0,0,0,0,0,0,0,0,0,0,0,0,0,0,0,0,0,0,320.74,0,164.865,-485.605
"MtrElec",2,2,16,"",55.0198,0,0,0,0,0,0,0,0,0,0,0,0,0,0,0,0,0,0,0,0,383.565,0,0,-328.546
"MtrElec",2,2,17,"",231.254,0,0,0,0,0,0,0,0,0,0,0,0,0,0,0,0,0,0,0,0,365.597,0,0,-134.343
"MtrElec",2,2,18,"",423.211,0,0,0,0,0,0,0,0,0,0,0,0,0,0,0,0,0,0,0,0,427.964,0,0,-4.75277
"MtrElec",2,2,19,"",168.371,0,0,0,0,0,0,0,0,0,0,0,0,0,0,0,0,0,0,0,0,391.587,0,-223.217,0
"MtrElec",2,2,20,"",229.724,0,0,0,0,0,0,0,0,0,0,0,0,0,0,0,0,0,0,0,0,452.941,0,-223.217,0
"MtrElec",2,2,21,"",200.005,0,0,0,0,0,0,0,0,0,0,0,0,0,0,0,0,0,0,0,0,423.221,0,-223.217,0
"MtrElec",2,2,22,"",304.399,0,0,0,0,0,0,0,0,0,0,0,0,0,0,0,0,0,0,0,0,319.204,0,-14.8044,0
"MtrElec",2,2,23,"",330.377,0,0,0,0,0,0,0,0,0,0,0,0,0,0,0,0,0,0,0,0,330.377,0,0,0
"MtrElec",2,2,24,"",253.103,0,0,0,0,0,0,0,0,0,0,0,0,0,0,0,0,0,0,0,0,253.103,0,0,0
"MtrElec",2,3,1,"",173.451,0,0,0,0,0,0,0,0,0,0,0,0,0,0,0,0,0,0,0,0,173.451,0,0,0
"MtrElec",2,3,2,"",155.068,0,0,0,0,0,0,0,0,0,0,0,0,0,0,0,0,0,0,0,0,155.068,0,0,0
"MtrElec",2,3,3,"",159.772,0,0,0,0,0,0,0,0,0,0,0,0,0,0,0,0,0,0,0,0,159.772,0,0,0
"MtrElec",2,3,4,"",162.264,0,0,0,0,0,0,0,0,0,0,0,0,0,0,0,0,0,0,0,0,162.264,0,0,0
"MtrElec",2,3,5,"",157.041,0,0,0,0,0,0,0,0,0,0,0,0,0,0,0,0,0,0,0,0,157.041,0,0,0
"MtrElec",2,3,6,"",180.79,0,0,0,0,0,0,0,0,0,0,0,0,0,0,0,0,0,0,0,0,180.79,0,0,0
"MtrElec",2,3,7,"",270.764,0,0,0,0,0,0,0,0,0,0,0,0,0,0,0,0,0,0,0,0,270.764,0,0,0
"MtrElec",2,3,8,"",294.499,0,0,0,0,0,0,0,0,0,0,0,0,0,0,0,0,0,0,0,0,305.721,0,0,-11.2221
"MtrElec",2,3,9,"",331.848,0,0,0,0,0,0,0,0,0,0,0,0,0,0,0,0,0,0,0,0,367.351,0,0,-35.5033
"MtrElec",2,3,10,"",365.231,0,0,0,0,0,0,0,0,0,0,0,0,0,0,0,0,0,0,0,0,418.813,0,0,-53.5821
"MtrElec",2,3,11,"",335.081,0,0,0,0,0,0,0,0,0,0,0,0,0,0,0,0,0,0,0,0,445.745,0,0,-110.663
"MtrElec",2,3,12,"",272.88,0,0,0,0,0,0,0,0,0,0,0,0,0,0,0,0,0,0,0,0,444.83,0,0,-171.951
"MtrElec",2,3,13,"",371.381,0,0,0,0,0,0,0,0,0,0,0,0,0,0,0,0,0,0,0,0,486.803,0,0,-115.422
"MtrElec",2,3,14,"",112.158,0,0,0,0,0,0,0,0,0,0,0,0,0,0,0,0,0,0,0,0,355.825,0,0,-243.667
"MtrElec",2,3,15,"",0,0,0,0,0,0,0,0,0,0,0,0,0,0,0,0,0,0,0,0,0,342.521,0,4.19669,-346.718
"MtrElec",2,3,16,"",43.939,0,0,0,0,0,0,0,0,0,0,0,0,0,0,0,0,0,0,0,0,390.008,0,0,-346.069
"MtrElec",2,3,17,"",280.951,0,0,0,0,0,0,0,0,0,0,0,0,0,0,0,0,0,0,0,0,374.08,0,0,-93.1292
"MtrElec",2,3,18,"",435.648,0,0,0,0,0,0,0,0,0,0,0,0,0,0,0,0,0,0,0,0,440.924,0,0,-5.27586
"MtrElec",2,3,19,"",395.068,0,0,0,0,0,0,0,0,0,0,0,0,0,0,0,0,0,0,0,0,398.855,0,-3.78751,0
"MtrElec",2,3,20,"",442.865,0,0,0,0,0,0,0,0,0,0,0,0,0,0,0,0,0,0,0,0,442.865,0,0,0
"MtrElec",2,3,21,"",366.249,0,0,0,0,0,0,0,0,0,0,0,0,0,0,0,0,0,0,0,0,366.249,0,0,0
"MtrElec",2,3,22,"",325.052,0,0,0,0,0,0,0,0,0,0,0,0,0,0,0,0,0,0,0,0,325.052,0,0,0
"MtrElec",2,3,23,"",265.208,0,0,0,0,0,0,0,0,0,0,0,0,0,0,0,0,0,0,0,0,265.208,0,0,0
"MtrElec",2,3,24,"",257.586,0,0,0,0,0,0,0,0,0,0,0,0,0,0,0,0,0,0,0,0,257.586,0,0,0
"MtrElec",2,4,1,"",183.003,0,0,0,0,0,0,0,0,0,0,0,0,0,0,0,0,0,0,0,0,183.003,0,0,0
"MtrElec",2,4,2,"",174.674,0,0,0,0,0,0,0,0,0,0,0,0,0,0,0,0,0,0,0,0,174.674,0,0,0
"MtrElec",2,4,3,"",165.488,0,0,0,0,0,0,0,0,0,0,0,0,0,0,0,0,0,0,0,0,165.488,0,0,0
"MtrElec",2,4,4,"",167.245,0,0,0,0,0,0,0,0,0,0,0,0,0,0,0,0,0,0,0,0,167.245,0,0,0
"MtrElec",2,4,5,"",158.282,0,0,0,0,0,0,0,0,0,0,0,0,0,0,0,0,0,0,0,0,158.282,0,0,0
"MtrElec",2,4,6,"",178.114,0,0,0,0,0,0,0,0,0,0,0,0,0,0,0,0,0,0,0,0,178.114,0,0,0
"MtrElec",2,4,7,"",282.563,0,0,0,0,0,0,0,0,0,0,0,0,0,0,0,0,0,0,0,0,282.563,0,0,0
"MtrElec",2,4,8,"",185.55,0,0,0,0,0,0,0,0,0,0,0,0,0,0,0,0,0,0,0,0,308.137,0,0,-122.587
"MtrElec",2,4,9,"",28.0952,0,0,0,0,0,0,0,0,0,0,0,0,0,0,0,0,0,0,0,0,351.338,0,0,-323.243
"MtrElec",2,4,10,"",-75.274,0,0,0,0,0,0,0,0,0,0,0,0,0,0,0,0,0,0,0,0,412.845,0,0,-488.119
"MtrElec",2,4,11,"",0,0,0,0,0,0,0,0,0,0,0,0,0,0,0,0,0,0,0,0,0,384.169,0,209.606,-593.775
"MtrElec",2,4,12,"",-4.04872,0,0,0,0,0,0,0,0,0,0,0,0,0,0,0,0,0,0,0,0,422.839,0,223.217,-650.105
"MtrElec",2,4,13,"",-56.8317,0,0,0,0,0,0,0,0,0,0,0,0,0,0,0,0,0,0,0,0,373.155,0,223.217,-653.204
"MtrElec",2,4,14,"",-104.216,0,0,0,0,0,0,0,0,0,0,0,0,0,0,0,0,0,0,0,0,358.084,0,142.842,-605.141
"MtrElec",2,4,15,"",-164.512,0,0,0,0,0,0,0,0,0,0,0,0,0,0,0,0,0,0,0,0,340.893,0,0,-505.405
"MtrElec",2,4,16,"",41.3349,0,0,0,0,0,0,0,0,0,0,0,0,0,0,0,0,0,0,0,0,391.697,0,0,-350.362
"MtrElec",2,4,17,"",240.927,0,0,0,0,0,0,0,0,0,0,0,0,0,0,0,0,0,0,0,0,392.26,0,0,-151.332
"MtrElec",2,4,18,"",424.843,0,0,0,0,0,0,0,0,0,0,0,0,0,0,0,0,0,0,0,0,431.127,0,0,-6.28413
"MtrElec",2,4,19,"",156.534,0,0,0,0,0,0,0,0,0,0,0,0,0,0,0,0,0,0,0,0,379.751,0,-223.217,0
"MtrElec",2,4,20,"",158.803,0,0,0,0,0,0,0,0,0,0,0,0,0,0,0,0,0,0,0,0,382.02,0,-223.217,0
"MtrElec",2,4,21,"",195.081,0,0,0,0,0,0,0,0,0,0,0,0,0,0,0,0,0,0,0,0,418.298,0,-223.217,0
"MtrElec",2,4,22,"",261.163,0,0,0,0,0,0,0,0,0,0,0,0,0,0,0,0,0,0,0,0,312.503,0,-51.3398,0
"MtrElec",2,4,23,"",267.488,0,0,0,0,0,0,0,0,0,0,0,0,0,0,0,0,0,0,0,0,267.488,0,0,0
"MtrElec",2,4,24,"",201.72,0,0,0,0,0,0,0,0,0,0,0,0,0,0,0,0,0,0,0,0,201.72,0,0,0
"MtrElec",2,5,1,"",185.108,0,0,0,0,0,0,0,0,0,0,0,0,0,0,0,0,0,0,0,0,185.108,0,0,0
"MtrElec",2,5,2,"",166.815,0,0,0,0,0,0,0,0,0,0,0,0,0,0,0,0,0,0,0,0,166.815,0,0,0
"MtrElec",2,5,3,"",169.117,0,0,0,0,0,0,0,0,0,0,0,0,0,0,0,0,0,0,0,0,169.117,0,0,0
"MtrElec",2,5,4,"",219.013,0,0,0,0,0,0,0,0,0,0,0,0,0,0,0,0,0,0,0,0,219.013,0,0,0
"MtrElec",2,5,5,"",178.568,0,0,0,0,0,0,0,0,0,0,0,0,0,0,0,0,0,0,0,0,178.568,0,0,0
"MtrElec",2,5,6,"",175.947,0,0,0,0,0,0,0,0,0,0,0,0,0,0,0,0,0,0,0,0,175.947,0,0,0
"MtrElec",2,5,7,"",278.392,0,0,0,0,0,0,0,0,0,0,0,0,0,0,0,0,0,0,0,0,278.392,0,0,0
"MtrElec",2,5,8,"",182.386,0,0,0,0,0,0,0,0,0,0,0,0,0,0,0,0,0,0,0,0,317.292,0,0,-134.906
"MtrElec",2,5,9,"",29.6948,0,0,0,0,0,0,0,0,0,0,0,0,0,0,0,0,0,0,0,0,369.514,0,0,-339.819
"MtrElec",2,5,10,"",-87.8326,0,0,0,0,0,0,0,0,0,0,0,0,0,0,0,0,0,0,0,0,405.744,0,0,-493.577
"MtrElec",2,5,11,"",-3.36328,0,0,0,0,0,0,0,0,0,0,0,0,0,0,0,0,0,0,0,0,368.617,0,223.217,-595.197
"MtrElec",2,5,12,"",-24.468,0,0,0,0,0,0,0,0,0,0,0,0,0,0,0,0,0,0,0,0,396.259,0,223.217,-643.943
"MtrElec",2,5,13,"",-34.9826,0,0,0,0,0,0,0,0,0,0,0,0,0,0,0,0,0,0,0,0,385.323,0,223.217,-643.522
"MtrElec",2,5,14,"",-119.337,0,0,0,0,0,0,0,0,0,0,0,0,0,0,0,0,0,0,0,0,356.381,0,129.231,-604.949
"MtrElec",2,5,15,"",-170.99,0,0,0,0,0,0,0,0,0,0,0,0,0,0,0,0,0,0,0,0,342.473,0,0,-513.463
"MtrElec",2,5,16,"",33.9689,0,0,0,0,0,0,0,0,0,0,0,0,0,0,0,0,0,0,0,0,395.658,0,0,-361.689
"MtrElec",2,5,17,"",235.569,0,0,0,0,0,0,0,0,0,0,0,0,0,0,0,0,0,0,0,0,392.041,0,0,-156.472
"MtrElec",2,5,18,"",416.525,0,0,0,0,0,0,0,0,0,0,0,0,0,0,0,0,0,0,0,0,422.983,0,0,-6.45777
"MtrElec",2,5,19,"",158.557,0,0,0,0,0,0,0,0,0,0,0,0,0,0,0,0,0,0,0,0,381.774,0,-223.217,0
"MtrElec",2,5,20,"",163.553,0,0,0,0,0,0,0,0,0,0,0,0,0,0,0,0,0,0,0,0,386.769,0,-223.217,0
"MtrElec",2,5,21,"",229.41,0,0,0,0,0,0,0,0,0,0,0,0,0,0,0,0,0,0,0,0,452.627,0,-223.217,0
"MtrElec",2,5,22,"",248.114,0,0,0,0,0,0,0,0,0,0,0,0,0,0,0,0,0,0,0,0,299.453,0,-51.3398,0
"MtrElec",2,5,23,"",284.685,0,0,0,0,0,0,0,0,0,0,0,0,0,0,0,0,0,0,0,0,284.685,0,0,0
"MtrElec",2,5,24,"",201.4,0,0,0,0,0,0,0,0,0,0,0,0,0,0,0,0,0,0,0,0,201.4,0,0,0
"MtrElec",2,6,1,"",196.153,0,0,0,0,0,0,0,0,0,0,0,0,0,0,0,0,0,0,0,0,196.153,0,0,0
"MtrElec",2,6,2,"",170.126,0,0,0,0,0,0,0,0,0,0,0,0,0,0,0,0,0,0,0,0,170.126,0,0,0
"MtrElec",2,6,3,"",169.321,0,0,0,0,0,0,0,0,0,0,0,0,0,0,0,0,0,0,0,0,169.321,0,0,0
"MtrElec",2,6,4,"",233.169,0,0,0,0,0,0,0,0,0,0,0,0,0,0,0,0,0,0,0,0,233.169,0,0,0
"MtrElec",2,6,5,"",172.995,0,0,0,0,0,0,0,0,0,0,0,0,0,0,0,0,0,0,0,0,172.995,0,0,0
"MtrElec",2,6,6,"",176.555,0,0,0,0,0,0,0,0,0,0,0,0,0,0,0,0,0,0,0,0,176.555,0,0,0
"MtrElec",2,6,7,"",256.355,0,0,0,0,0,0,0,0,0,0,0,0,0,0,0,0,0,0,0,0,256.355,0,0,0
"MtrElec",2,6,8,"",223.793,0,0,0,0,0,0,0,0,0,0,0,0,0,0,0,0,0,0,0,0,313.815,0,0,-90.0216
"MtrElec",2,6,9,"",82.3736,0,0,0,0,0,0,0,0,0,0,0,0,0,0,0,0,0,0,0,0,344.21,0,0,-261.836
"MtrElec",2,6,10,"",-97.4642,0,0,0,0,0,0,0,0,0,0,0,0,0,0,0,0,0,0,0,0,372.841,0,0,-470.305
"MtrElec",2,6,11,"",0.0000039,0,0,0,0,0,0,0,0,0,0,0,0,0,0,0,0,0,0,0,0,456.729,0,62.0492,-518.778
"MtrElec",2,6,12,"",-26.1819,0,0,0,0,0,0,0,0,0,0,0,0,0,0,0,0,0,0,0,0,377.485,0,223.217,-626.884
"MtrElec",2,6,13,"",-72.9726,0,0,0,0,0,0,0,0,0,0,0,0,0,0,0,0,0,0,0,0,331.583,0,223.217,-627.772
"MtrElec",2,6,14,"",0,0,0,0,0,0,0,0,0,0,0,0,0,0,0,0,0,0,0,0,0,364.345,0,214.351,-578.696
"MtrElec",2,6,15,"",-71.5821,0,0,0,0,0,0,0,0,0,0,0,0,0,0,0,0,0,0,0,0,344.718,0,76.0471,-492.347
"MtrElec",2,6,16,"",40.1307,0,0,0,0,0,0,0,0,0,0,0,0,0,0,0,0,0,0,0,0,384.732,0,0,-344.602
"MtrElec",2,6,17,"",225.13,0,0,0,0,0,0,0,0,0,0,0,0,0,0,0,0,0,0,0,0,369.583,0,0,-144.453
"MtrElec",2,6,18,"",458.424,0,0,0,0,0,0,0,0,0,0,0,0,0,0,0,0,0,0,0,0,464.583,0,0,-6.15899
"MtrElec",2,6,19,"",160.123,0,0,0,0,0,0,0,0,0,0,0,0,0,0,0,0,0,0,0,0,383.34,0,-223.217,0
"MtrElec",2,6,20,"",142.114,0,0,0,0,0,0,0,0,0,0,0,0,0,0,0,0,0,0,0,0,365.331,0,-223.217,0
"MtrElec",2,6,21,"",154.046,0,0,0,0,0,0,0,0,0,0,0,0,0,0,0,0,0,0,0,0,377.263,0,-223.217,0
"MtrElec",2,6,22,"",237.733,0,0,0,0,0,0,0,0,0,0,0,0,0,0,0,0,0,0,0,0,289.073,0,-51.3398,0
"MtrElec",2,6,23,"",260.022,0,0,0,0,0,0,0,0,0,0,0,0,0,0,0,0,0,0,0,0,260.022,0,0,0
"MtrElec",2,6,24,"",234.495,0,0,0,0,0,0,0,0,0,0,0,0,0,0,0,0,0,0,0,0,234.495,0,0,0
"MtrElec",2,7,1,"",231.809,0,0,0,0,0,0,0,0,0,0,0,0,0,0,0,0,0,0,0,0,231.809,0,0,0
"MtrElec",2,7,2,"",169.986,0,0,0,0,0,0,0,0,0,0,0,0,0,0,0,0,0,0,0,0,169.986,0,0,0
"MtrElec",2,7,3,"",169.543,0,0,0,0,0,0,0,0,0,0,0,0,0,0,0,0,0,0,0,0,169.543,0,0,0
"MtrElec",2,7,4,"",180.317,0,0,0,0,0,0,0,0,0,0,0,0,0,0,0,0,0,0,0,0,180.317,0,0,0
"MtrElec",2,7,5,"",176.775,0,0,0,0,0,0,0,0,0,0,0,0,0,0,0,0,0,0,0,0,176.775,0,0,0
"MtrElec",2,7,6,"",178.548,0,0,0,0,0,0,0,0,0,0,0,0,0,0,0,0,0,0,0,0,178.548,0,0,0
"MtrElec",2,7,7,"",204.605,0,0,0,0,0,0,0,0,0,0,0,0,0,0,0,0,0,0,0,0,204.605,0,0,0
"MtrElec",2,7,8,"",153.583,0,0,0,0,0,0,0,0,0,0,0,0,0,0,0,0,0,0,0,0,265.555,0,0,-111.972
"MtrElec",2,7,9,"",-8.48778,0,0,0,0,0,0,0,0,0,0,0,0,0,0,0,0,0,0,0,0,305.687,0,0,-314.175
"MtrElec",2,7,10,"",-89.9912,0,0,0,0,0,0,0,0,0,0,0,0,0,0,0,0,0,0,0,0,380.542,0,0,-470.534
"MtrElec",2,7,11,"",0.0000078,0,0,0,0,0,0,0,0,0,0,0,0,0,0,0,0,0,0,0,0,464.048,0,109.478,-573.525
"MtrElec",2,7,12,"",0,0,0,0,0,0,0,0,0,0,0,0,0,0,0,0,0,0,0,0,0,457.469,0,161.136,-618.605
"MtrElec",2,7,13,"",0,0,0,0,0,0,0,0,0,0,0,0,0,0,0,0,0,0,0,0,0,489.086,0,128.448,-617.534
"MtrElec",2,7,14,"",0.0000156,0,0,0,0,0,0,0,0,0,0,0,0,0,0,0,0,0,0,0,0,392.614,0,192.236,-584.851
"MtrElec",2,7,15,"",0,0,0,0,0,0,0,0,0,0,0,0,0,0,0,0,0,0,0,0,0,441.125,0,56.8754,-498
"MtrElec",2,7,16,"",47.8974,0,0,0,0,0,0,0,0,0,0,0,0,0,0,0,0,0,0,0,0,394.321,0,0,-346.423
"MtrElec",2,7,17,"",216.737,0,0,0,0,0,0,0,0,0,0,0,0,0,0,0,0,0,0,0,0,367.648,0,0,-150.911
"MtrElec",2,7,18,"",389.322,0,0,0,0,0,0,0,0,0,0,0,0,0,0,0,0,0,0,0,0,396.167,0,0,-6.84492
"MtrElec",2,7,19,"",246.689,0,0,0,0,0,0,0,0,0,0,0,0,0,0,0,0,0,0,0,0,469.906,0,-223.217,0
"MtrElec",2,7,20,"",145.052,0,0,0,0,0,0,0,0,0,0,0,0,0,0,0,0,0,0,0,0,368.269,0,-223.217,0
"MtrElec",2,7,21,"",222.652,0,0,0,0,0,0,0,0,0,0,0,0,0,0,0,0,0,0,0,0,361.195,0,-138.543,0
"MtrElec",2,7,22,"",278.33,0,0,0,0,0,0,0,0,0,0,0,0,0,0,0,0,0,0,0,0,278.33,0,0,0
"MtrElec",2,7,23,"",268.574,0,0,0,0,0,0,0,0,0,0,0,0,0,0,0,0,0,0,0,0,268.574,0,0,0
"MtrElec",2,7,24,"",189.805,0,0,0,0,0,0,0,0,0,0,0,0,0,0,0,0,0,0,0,0,189.805,0,0,0
"MtrElec",2,8,1,"",167.661,0,0,0,0,0,0,0,0,0,0,0,0,0,0,0,0,0,0,0,0,167.661,0,0,0
"MtrElec",2,8,2,"",154.844,0,0,0,0,0,0,0,0,0,0,0,0,0,0,0,0,0,0,0,0,154.844,0,0,0
"MtrElec",2,8,3,"",155.575,0,0,0,0,0,0,0,0,0,0,0,0,0,0,0,0,0,0,0,0,155.575,0,0,0
"MtrElec",2,8,4,"",160.04,0,0,0,0,0,0,0,0,0,0,0,0,0,0,0,0,0,0,0,0,160.04,0,0,0
"MtrElec",2,8,5,"",222.277,0,0,0,0,0,0,0,0,0,0,0,0,0,0,0,0,0,0,0,0,222.277,0,0,0
"MtrElec",2,8,6,"",172.712,0,0,0,0,0,0,0,0,0,0,0,0,0,0,0,0,0,0,0,0,172.712,0,0,0
"MtrElec",2,8,7,"",176.966,0,0,0,0,0,0,0,0,0,0,0,0,0,0,0,0,0,0,0,0,176.966,0,0,0
"MtrElec",2,8,8,"",143.025,0,0,0,0,0,0,0,0,0,0,0,0,0,0,0,0,0,0,0,0,267.159,0,0,-124.134
"MtrElec",2,8,9,"",-74.3448,0,0,0,0,0,0,0,0,0,0,0,0,0,0,0,0,0,0,0,0,249.999,0,0,-324.344
"MtrElec",2,8,10,"",-168.768,0,0,0,0,0,0,0,0,0,0,0,0,0,0,0,0,0,0,0,0,306.855,0,0,-475.624
"MtrElec",2,8,11,"",0.0000156,0,0,0,0,0,0,0,0,0,0,0,0,0,0,0,0,0,0,0,0,393.737,0,177.947,-571.684
"MtrElec",2,8,12,"",0.0000156,0,0,0,0,0,0,0,0,0,0,0,0,0,0,0,0,0,0,0,0,420.966,0,197.111,-618.077
"MtrElec",2,8,13,"",-9.00513,0,0,0,0,0,0,0,0,0,0,0,0,0,0,0,0,0,0,0,0,384.616,0,223.217,-616.838
"MtrElec",2,8,14,"",0,0,0,0,0,0,0,0,0,0,0,0,0,0,0,0,0,0,0,0,0,385.343,0,186.965,-572.308
"MtrElec",2,8,15,"",-93.1292,0,0,0,0,0,0,0,0,0,0,0,0,0,0,0,0,0,0,0,0,383.439,0,13.6417,-490.21
"MtrElec",2,8,16,"",23.8222,0,0,0,0,0,0,0,0,0,0,0,0,0,0,0,0,0,0,0,0,375.888,0,0,-352.066
"MtrElec",2,8,17,"",220.018,0,0,0,0,0,0,0,0,0,0,0,0,0,0,0,0,0,0,0,0,375.172,0,0,-155.153
"MtrElec",2,8,18,"",351.656,0,0,0,0,0,0,0,0,0,0,0,0,0,0,0,0,0,0,0,0,358.851,0,0,-7.19495
"MtrElec",2,8,19,"",201.68,0,0,0,0,0,0,0,0,0,0,0,0,0,0,0,0,0,0,0,0,424.897,0,-223.217,0
"MtrElec",2,8,20,"",131.687,0,0,0,0,0,0,0,0,0,0,0,0,0,0,0,0,0,0,0,0,354.904,0,-223.217,0
"MtrElec",2,8,21,"",94.2022,0,0,0,0,0,0,0,0,0,0,0,0,0,0,0,0,0,0,0,0,317.419,0,-223.217,0
"MtrElec",2,8,22,"",272.39,0,0,0,0,0,0,0,0,0,0,0,0,0,0,0,0,0,0,0,0,323.729,0,-51.3398,0
"MtrElec",2,8,23,"",253.35,0,0,0,0,0,0,0,0,0,0,0,0,0,0,0,0,0,0,0,0,253.35,0,0,0
"MtrElec",2,8,24,"",203.527,0,0,0,0,0,0,0,0,0,0,0,0,0,0,0,0,0,0,0,0,203.527,0,0,0
"MtrElec",2,9,1,"",170.832,0,0,0,0,0,0,0,0,0,0,0,0,0,0,0,0,0,0,0,0,170.832,0,0,0
"MtrElec",2,9,2,"",156.982,0,0,0,0,0,0,0,0,0,0,0,0,0,0,0,0,0,0,0,0,156.982,0,0,0
"MtrElec",2,9,3,"",149.958,0,0,0,0,0,0,0,0,0,0,0,0,0,0,0,0,0,0,0,0,149.958,0,0,0
"MtrElec",2,9,4,"",191.479,0,0,0,0,0,0,0,0,0,0,0,0,0,0,0,0,0,0,0,0,191.479,0,0,0
"MtrElec",2,9,5,"",153.508,0,0,0,0,0,0,0,0,0,0,0,0,0,0,0,0,0,0,0,0,153.508,0,0,0
"MtrElec",2,9,6,"",154.776,0,0,0,0,0,0,0,0,0,0,0,0,0,0,0,0,0,0,0,0,154.776,0,0,0
"MtrElec",2,9,7,"",270.052,0,0,0,0,0,0,0,0,0,0,0,0,0,0,0,0,0,0,0,0,270.052,0,0,0
"MtrElec",2,9,8,"",182.966,0,0,0,0,0,0,0,0,0,0,0,0,0,0,0,0,0,0,0,0,312.126,0,0,-129.16
"MtrElec",2,9,9,"",30.4448,0,0,0,0,0,0,0,0,0,0,0,0,0,0,0,0,0,0,0,0,360.175,0,0,-329.73
"MtrElec",2,9,10,"",-30.6863,0,0,0,0,0,0,0,0,0,0,0,0,0,0,0,0,0,0,0,0,451.092,0,0,-481.778
"MtrElec",2,9,11,"",0.0000156,0,0,0,0,0,0,0,0,0,0,0,0,0,0,0,0,0,0,0,0,424.194,0,162.049,-586.243
"MtrElec",2,9,12,"",0,0,0,0,0,0,0,0,0,0,0,0,0,0,0,0,0,0,0,0,0,420.202,0,213.243,-633.444
"MtrElec",2,9,13,"",0,0,0,0,0,0,0,0,0,0,0,0,0,0,0,0,0,0,0,0,0,496.579,0,125.1,-621.679
"MtrElec",2,9,14,"",0,0,0,0,0,0,0,0,0,0,0,0,0,0,0,0,0,0,0,0,0,377.229,0,197.991,-575.221
"MtrElec",2,9,15,"",0,0,0,0,0,0,0,0,0,0,0,0,0,0,0,0,0,0,0,0,0,445.806,0,37.2385,-483.045
"MtrElec",2,9,16,"",51.2129,0,0,0,0,0,0,0,0,0,0,0,0,0,0,0,0,0,0,0,0,402.281,0,0,-351.068
"MtrElec",2,9,17,"",290.484,0,0,0,0,0,0,0,0,0,0,0,0,0,0,0,0,0,0,0,0,451.003,0,0,-160.519
"MtrElec",2,9,18,"",425.979,0,0,0,0,0,0,0,0,0,0,0,0,0,0,0,0,0,0,0,0,433.608,0,0,-7.62912
"MtrElec",2,9,19,"",153.599,0,0,0,0,0,0,0,0,0,0,0,0,0,0,0,0,0,0,0,0,376.816,0,-223.217,0
"MtrElec",2,9,20,"",217.157,0,0,0,0,0,0,0,0,0,0,0,0,0,0,0,0,0,0,0,0,440.374,0,-223.217,0
"MtrElec",2,9,21,"",167.489,0,0,0,0,0,0,0,0,0,0,0,0,0,0,0,0,0,0,0,0,384.954,0,-217.465,0
"MtrElec",2,9,22,"",303.566,0,0,0,0,0,0,0,0,0,0,0,0,0,0,0,0,0,0,0,0,303.566,0,0,0
"MtrElec",2,9,23,"",275.111,0,0,0,0,0,0,0,0,0,0,0,0,0,0,0,0,0,0,0,0,275.111,0,0,0
"MtrElec",2,9,24,"",237.414,0,0,0,0,0,0,0,0,0,0,0,0,0,0,0,0,0,0,0,0,237.414,0,0,0
"MtrElec",2,10,1,"",188.532,0,0,0,0,0,0,0,0,0,0,0,0,0,0,0,0,0,0,0,0,188.532,0,0,0
"MtrElec",2,10,2,"",153.64,0,0,0,0,0,0,0,0,0,0,0,0,0,0,0,0,0,0,0,0,153.64,0,0,0
"MtrElec",2,10,3,"",148.663,0,0,0,0,0,0,0,0,0,0,0,0,0,0,0,0,0,0,0,0,148.663,0,0,0
"MtrElec",2,10,4,"",148.415,0,0,0,0,0,0,0,0,0,0,0,0,0,0,0,0,0,0,0,0,148.415,0,0,0
"MtrElec",2,10,5,"",185.32,0,0,0,0,0,0,0,0,0,0,0,0,0,0,0,0,0,0,0,0,185.32,0,0,0
"MtrElec",2,10,6,"",152.769,0,0,0,0,0,0,0,0,0,0,0,0,0,0,0,0,0,0,0,0,152.769,0,0,0
"MtrElec",2,10,7,"",261.468,0,0,0,0,0,0,0,0,0,0,0,0,0,0,0,0,0,0,0,0,261.468,0,0,0
"MtrElec",2,10,8,"",173.446,0,0,0,0,0,0,0,0,0,0,0,0,0,0,0,0,0,0,0,0,304.639,0,0,-131.193
"MtrElec",2,10,9,"",79.9802,0,0,0,0,0,0,0,0,0,0,0,0,0,0,0,0,0,0,0,0,389.332,0,0,-309.352
"MtrElec",2,10,10,"",80.7779,0,0,0,0,0,0,0,0,0,0,0,0,0,0,0,0,0,0,0,0,459.55,0,0,-378.772
"MtrElec",2,10,11,"",0,0,0,0,0,0,0,0,0,0,0,0,0,0,0,0,0,0,0,0,0,436.594,0,134.919,-571.512
"MtrElec",2,10,12,"",0,0,0,0,0,0,0,0,0,0,0,0,0,0,0,0,0,0,0,0,0,463.451,0,153.065,-616.516
"MtrElec",2,10,13,"",0,0,0,0,0,0,0,0,0,0,0,0,0,0,0,0,0,0,0,0,0,473.97,0,142.603,-616.573
"MtrElec",2,10,14,"",0.0000156,0,0,0,0,0,0,0,0,0,0,0,0,0,0,0,0,0,0,0,0,439.733,0,142.866,-582.599
"MtrElec",2,10,15,"",0.0000078,0,0,0,0,0,0,0,0,0,0,0,0,0,0,0,0,0,0,0,0,386.746,0,111.439,-498.185
"MtrElec",2,10,16,"",100.544,0,0,0,0,0,0,0,0,0,0,0,0,0,0,0,0,0,0,0,0,426.838,0,0,-326.294
"MtrElec",2,10,17,"",344.792,0,0,0,0,0,0,0,0,0,0,0,0,0,0,0,0,0,0,0,0,456.125,0,0,-111.333
"MtrElec",2,10,18,"",433.529,0,0,0,0,0,0,0,0,0,0,0,0,0,0,0,0,0,0,0,0,438.146,0,0,-4.61675
"MtrElec",2,10,19,"",182.094,0,0,0,0,0,0,0,0,0,0,0,0,0,0,0,0,0,0,0,0,405.311,0,-223.217,0
"MtrElec",2,10,20,"",210.074,0,0,0,0,0,0,0,0,0,0,0,0,0,0,0,0,0,0,0,0,433.291,0,-223.217,0
"MtrElec",2,10,21,"",246.762,0,0,0,0,0,0,0,0,0,0,0,0,0,0,0,0,0,0,0,0,418.444,0,-171.682,0
"MtrElec",2,10,22,"",293.082,0,0,0,0,0,0,0,0,0,0,0,0,0,0,0,0,0,0,0,0,293.082,0,0,0
"MtrElec",2,10,23,"",245.852,0,0,0,0,0,0,0,0,0,0,0,0,0,0,0,0,0,0,0,0,245.852,0,0,0
"MtrElec",2,10,24,"",220.509,0,0,0,0,0,0,0,0,0,0,0,0,0,0,0,0,0,0,0,0,220.509,0,0,0
"MtrElec",2,11,1,"",175.693,0,0,0,0,0,0,0,0,0,0,0,0,0,0,0,0,0,0,0,0,175.693,0,0,0
"MtrElec",2,11,2,"",155.684,0,0,0,0,0,0,0,0,0,0,0,0,0,0,0,0,0,0,0,0,155.684,0,0,0
"MtrElec",2,11,3,"",153.41,0,0,0,0,0,0,0,0,0,0,0,0,0,0,0,0,0,0,0,0,153.41,0,0,0
"MtrElec",2,11,4,"",148.682,0,0,0,0,0,0,0,0,0,0,0,0,0,0,0,0,0,0,0,0,148.682,0,0,0
"MtrElec",2,11,5,"",143.576,0,0,0,0,0,0,0,0,0,0,0,0,0,0,0,0,0,0,0,0,143.576,0,0,0
"MtrElec",2,11,6,"",167.342,0,0,0,0,0,0,0,0,0,0,0,0,0,0,0,0,0,0,0,0,167.342,0,0,0
"MtrElec",2,11,7,"",262.404,0,0,0,0,0,0,0,0,0,0,0,0,0,0,0,0,0,0,0,0,262.404,0,0,0
"MtrElec",2,11,8,"",167.57,0,0,0,0,0,0,0,0,0,0,0,0,0,0,0,0,0,0,0,0,289.751,0,0,-122.181
"MtrElec",2,11,9,"",28.1133,0,0,0,0,0,0,0,0,0,0,0,0,0,0,0,0,0,0,0,0,355.903,0,0,-327.79
"MtrElec",2,11,10,"",-8.32125,0,0,0,0,0,0,0,0,0,0,0,0,0,0,0,0,0,0,0,0,472.752,0,0,-481.073
"MtrElec",2,11,11,"",0,0,0,0,0,0,0,0,0,0,0,0,0,0,0,0,0,0,0,0,0,445.779,0,129.207,-574.986
"MtrElec",2,11,12,"",0,0,0,0,0,0,0,0,0,0,0,0,0,0,0,0,0,0,0,0,0,452.433,0,167.251,-619.684
"MtrElec",2,11,13,"",0,0,0,0,0,0,0,0,0,0,0,0,0,0,0,0,0,0,0,0,0,482.951,0,104.153,-587.104
"MtrElec",2,11,14,"",0.0000078,0,0,0,0,0,0,0,0,0,0,0,0,0,0,0,0,0,0,0,0,373.923,0,85.8632,-459.786
"MtrElec",2,11,15,"",0.0000039,0,0,0,0,0,0,0,0,0,0,0,0,0,0,0,0,0,0,0,0,416.653,0,59.437,-476.09
"MtrElec",2,11,16,"",63.9624,0,0,0,0,0,0,0,0,0,0,0,0,0,0,0,0,0,0,0,0,408.819,0,0,-344.856
"MtrElec",2,11,17,"",281.712,0,0,0,0,0,0,0,0,0,0,0,0,0,0,0,0,0,0,0,0,442.95,0,0,-161.238
"MtrElec",2,11,18,"",444.059,0,0,0,0,0,0,0,0,0,0,0,0,0,0,0,0,0,0,0,0,452.573,0,0,-8.51355
"MtrElec",2,11,19,"",225.524,0,0,0,0,0,0,0,0,0,0,0,0,0,0,0,0,0,0,0,0,448.741,0,-223.217,0
"MtrElec",2,11,20,"",159.646,0,0,0,0,0,0,0,0,0,0,0,0,0,0,0,0,0,0,0,0,382.863,0,-223.217,0
"MtrElec",2,11,21,"",379.321,0,0,0,0,0,0,0,0,0,0,0,0,0,0,0,0,0,0,0,0,425.572,0,-46.251,0
"MtrElec",2,11,22,"",289.27,0,0,0,0,0,0,0,0,0,0,0,0,0,0,0,0,0,0,0,0,289.27,0,0,0
"MtrElec",2,11,23,"",298.044,0,0,0,0,0,0,0,0,0,0,0,0,0,0,0,0,0,0,0,0,298.044,0,0,0
"MtrElec",2,11,24,"",220.366,0,0,0,0,0,0,0,0,0,0,0,0,0,0,0,0,0,0,0,0,220.366,0,0,0
"MtrElec",2,12,1,"",159.151,0,0,0,0,0,0,0,0,0,0,0,0,0,0,0,0,0,0,0,0,159.151,0,0,0
"MtrElec",2,12,2,"",180.604,0,0,0,0,0,0,0,0,0,0,0,0,0,0,0,0,0,0,0,0,180.604,0,0,0
"MtrElec",2,12,3,"",165.999,0,0,0,0,0,0,0,0,0,0,0,0,0,0,0,0,0,0,0,0,165.999,0,0,0
"MtrElec",2,12,4,"",154.422,0,0,0,0,0,0,0,0,0,0,0,0,0,0,0,0,0,0,0,0,154.422,0,0,0
"MtrElec",2,12,5,"",153.807,0,0,0,0,0,0,0,0,0,0,0,0,0,0,0,0,0,0,0,0,153.807,0,0,0
"MtrElec",2,12,6,"",166.485,0,0,0,0,0,0,0,0,0,0,0,0,0,0,0,0,0,0,0,0,166.485,0,0,0
"MtrElec",2,12,7,"",263.252,0,0,0,0,0,0,0,0,0,0,0,0,0,0,0,0,0,0,0,0,266.9,0,0,-3.64741
"MtrElec",2,12,8,"",198.485,0,0,0,0,0,0,0,0,0,0,0,0,0,0,0,0,0,0,0,0,325.803,0,0,-127.317
"MtrElec",2,12,9,"",62.277,0,0,0,0,0,0,0,0,0,0,0,0,0,0,0,0,0,0,0,0,392.048,0,0,-329.771
"MtrElec",2,12,10,"",-50.2229,0,0,0,0,0,0,0,0,0,0,0,0,0,0,0,0,0,0,0,0,430.24,0,0,-480.463
"MtrElec",2,12,11,"",0.0000078,0,0,0,0,0,0,0,0,0,0,0,0,0,0,0,0,0,0,0,0,469.794,0,103.963,-573.756
"MtrElec",2,12,12,"",0.0000078,0,0,0,0,0,0,0,0,0,0,0,0,0,0,0,0,0,0,0,0,493.911,0,125.205,-619.115
"MtrElec",2,12,13,"",0,0,0,0,0,0,0,0,0,0,0,0,0,0,0,0,0,0,0,0,0,500.906,0,117.122,-618.027
"MtrElec",2,12,14,"",0,0,0,0,0,0,0,0,0,0,0,0,0,0,0,0,0,0,0,0,0,432.547,0,151.858,-584.404
"MtrElec",2,12,15,"",0,0,0,0,0,0,0,0,0,0,0,0,0,0,0,0,0,0,0,0,0,421.914,0,80.0314,-501.946
"MtrElec",2,12,16,"",73.5104,0,0,0,0,0,0,0,0,0,0,0,0,0,0,0,0,0,0,0,0,432.769,0,0,-359.258
"MtrElec",2,12,17,"",244.777,0,0,0,0,0,0,0,0,0,0,0,0,0,0,0,0,0,0,0,0,409.894,0,0,-165.116
"MtrElec",2,12,18,"",431.67,0,0,0,0,0,0,0,0,0,0,0,0,0,0,0,0,0,0,0,0,440.357,0,0,-8.6868
"MtrElec",2,12,19,"",168.401,0,0,0,0,0,0,0,0,0,0,0,0,0,0,0,0,0,0,0,0,391.618,0,-223.217,0
"MtrElec",2,12,20,"",142.275,0,0,0,0,0,0,0,0,0,0,0,0,0,0,0,0,0,0,0,0,365.491,0,-223.217,0
"MtrElec",2,12,21,"",316.727,0,0,0,0,0,0,0,0,0,0,0,0,0,0,0,0,0,0,0,0,392.099,0,-75.372,0
"MtrElec",2,12,22,"",282.467,0,0,0,0,0,0,0,0,0,0,0,0,0,0,0,0,0,0,0,0,282.467,0,0,0
"MtrElec",2,12,23,"",248.066,0,0,0,0,0,0,0,0,0,0,0,0,0,0,0,0,0,0,0,0,248.066,0,0,0
"MtrElec",2,12,24,"",219.915,0,0,0,0,0,0,0,0,0,0,0,0,0,0,0,0,0,0,0,0,219.915,0,0,0
"MtrElec",2,13,1,"",158.828,0,0,0,0,0,0,0,0,0,0,0,0,0,0,0,0,0,0,0,0,158.828,0,0,0
"MtrElec",2,13,2,"",153.586,0,0,0,0,0,0,0,0,0,0,0,0,0,0,0,0,0,0,0,0,153.586,0,0,0
"MtrElec",2,13,3,"",151.697,0,0,0,0,0,0,0,0,0,0,0,0,0,0,0,0,0,0,0,0,151.697,0,0,0
"MtrElec",2,13,4,"",157.832,0,0,0,0,0,0,0,0,0,0,0,0,0,0,0,0,0,0,0,0,157.832,0,0,0
"MtrElec",2,13,5,"",153.862,0,0,0,0,0,0,0,0,0,0,0,0,0,0,0,0,0,0,0,0,153.862,0,0,0
"MtrElec",2,13,6,"",157.677,0,0,0,0,0,0,0,0,0,0,0,0,0,0,0,0,0,0,0,0,157.677,0,0,0
"MtrElec",2,13,7,"",253.605,0,0,0,0,0,0,0,0,0,0,0,0,0,0,0,0,0,0,0,0,256.862,0,0,-3.2571
"MtrElec",2,13,8,"",180.914,0,0,0,0,0,0,0,0,0,0,0,0,0,0,0,0,0,0,0,0,299.045,0,0,-118.131
"MtrElec",2,13,9,"",197.603,0,0,0,0,0,0,0,0,0,0,0,0,0,0,0,0,0,0,0,0,381.627,0,0,-184.025
"MtrElec",2,13,10,"",80.9495,0,0,0,0,0,0,0,0,0,0,0,0,0,0,0,0,0,0,0,0,404.751,0,0,-323.802
"MtrElec",2,13,11,"",126.735,0,0,0,0,0,0,0,0,0,0,0,0,0,0,0,0,0,0,0,0,398.951,0,0,-272.215
"MtrElec",2,13,12,"",203.364,0,0,0,0,0,0,0,0,0,0,0,0,0,0,0,0,0,0,0,0,377.342,0,0,-173.978
"MtrElec",2,13,13,"",100.786,0,0,0,0,0,0,0,0,0,0,0,0,0,0,0,0,0,0,0,0,410.436,0,0,-309.65
"MtrElec",2,13,14,"",0,0,0,0,0,0,0,0,0,0,0,0,0,0,0,0,0,0,0,0,0,341.951,0,31.5938,-373.545
"MtrElec",2,13,15,"",110.786,0,0,0,0,0,0,0,0,0,0,0,0,0,0,0,0,0,0,0,0,340.642,0,0,-229.856
"MtrElec",2,13,16,"",241.057,0,0,0,0,0,0,0,0,0,0,0,0,0,0,0,0,0,0,0,0,349.424,0,0,-108.367
"MtrElec",2,13,17,"",308.174,0,0,0,0,0,0,0,0,0,0,0,0,0,0,0,0,0,0,0,0,351.942,0,0,-43.7673
"MtrElec",2,13,18,"",435.495,0,0,0,0,0,0,0,0,0,0,0,0,0,0,0,0,0,0,0,0,435.495,0,0,0
"MtrElec",2,13,19,"",355.857,0,0,0,0,0,0,0,0,0,0,0,0,0,0,0,0,0,0,0,0,384.371,0,-28.5134,0
"MtrElec",2,13,20,"",430.585,0,0,0,0,0,0,0,0,0,0,0,0,0,0,0,0,0,0,0,0,430.585,0,0,0
"MtrElec",2,13,21,"",355.62,0,0,0,0,0,0,0,0,0,0,0,0,0,0,0,0,0,0,0,0,355.62,0,0,0
"MtrElec",2,13,22,"",319.559,0,0,0,0,0,0,0,0,0,0,0,0,0,0,0,0,0,0,0,0,319.559,0,0,0
"MtrElec",2,13,23,"",268.959,0,0,0,0,0,0,0,0,0,0,0,0,0,0,0,0,0,0,0,0,268.959,0,0,0
"MtrElec",2,13,24,"",242.125,0,0,0,0,0,0,0,0,0,0,0,0,0,0,0,0,0,0,0,0,242.125,0,0,0
"MtrElec",2,14,1,"",173.178,0,0,0,0,0,0,0,0,0,0,0,0,0,0,0,0,0,0,0,0,173.178,0,0,0
"MtrElec",2,14,2,"",152.816,0,0,0,0,0,0,0,0,0,0,0,0,0,0,0,0,0,0,0,0,152.816,0,0,0
"MtrElec",2,14,3,"",149.657,0,0,0,0,0,0,0,0,0,0,0,0,0,0,0,0,0,0,0,0,149.657,0,0,0
"MtrElec",2,14,4,"",153.261,0,0,0,0,0,0,0,0,0,0,0,0,0,0,0,0,0,0,0,0,153.261,0,0,0
"MtrElec",2,14,5,"",208.466,0,0,0,0,0,0,0,0,0,0,0,0,0,0,0,0,0,0,0,0,208.466,0,0,0
"MtrElec",2,14,6,"",151.957,0,0,0,0,0,0,0,0,0,0,0,0,0,0,0,0,0,0,0,0,151.957,0,0,0
"MtrElec",2,14,7,"",178.741,0,0,0,0,0,0,0,0,0,0,0,0,0,0,0,0,0,0,0,0,178.741,0,0,0
"MtrElec",2,14,8,"",283.153,0,0,0,0,0,0,0,0,0,0,0,0,0,0,0,0,0,0,0,0,286.723,0,0,-3.56937
"MtrElec",2,14,9,"",253.385,0,0,0,0,0,0,0,0,0,0,0,0,0,0,0,0,0,0,0,0,264.495,0,0,-11.1102
"MtrElec",2,14,10,"",339.962,0,0,0,0,0,0,0,0,0,0,0,0,0,0,0,0,0,0,0,0,376.639,0,0,-36.6769
"MtrElec",2,14,11,"",306.273,0,0,0,0,0,0,0,0,0,0,0,0,0,0,0,0,0,0,0,0,504.58,0,0,-198.308
"MtrElec",2,14,12,"",0,0,0,0,0,0,0,0,0,0,0,0,0,0,0,0,0,0,0,0,0,471.455,0,65.398,-536.853
"MtrElec",2,14,13,"",0.0000156,0,0,0,0,0,0,0,0,0,0,0,0,0,0,0,0,0,0,0,0,465.245,0,216.228,-681.473
"MtrElec",2,14,14,"",-24.2874,0,0,0,0,0,0,0,0,0,0,0,0,0,0,0,0,0,0,0,0,384.531,0,223.217,-632.035
"MtrElec",2,14,15,"",41.7641,0,0,0,0,0,0,0,0,0,0,0,0,0,0,0,0,0,0,0,0,439.05,0,0,-397.286
"MtrElec",2,14,16,"",56.1191,0,0,0,0,0,0,0,0,0,0,0,0,0,0,0,0,0,0,0,0,410.194,0,0,-354.075
"MtrElec",2,14,17,"",192.409,0,0,0,0,0,0,0,0,0,0,0,0,0,0,0,0,0,0,0,0,373.302,0,0,-180.893
"MtrElec",2,14,18,"",451.202,0,0,0,0,0,0,0,0,0,0,0,0,0,0,0,0,0,0,0,0,460.653,0,0,-9.45048
"MtrElec",2,14,19,"",259.536,0,0,0,0,0,0,0,0,0,0,0,0,0,0,0,0,0,0,0,0,482.753,0,-223.217,0
"MtrElec",2,14,20,"",107.103,0,0,0,0,0,0,0,0,0,0,0,0,0,0,0,0,0,0,0,0,330.319,0,-223.217,0
"MtrElec",2,14,21,"",352.845,0,0,0,0,0,0,0,0,0,0,0,0,0,0,0,0,0,0,0,0,362.031,0,-9.18671,0
"MtrElec",2,14,22,"",332.549,0,0,0,0,0,0,0,0,0,0,0,0,0,0,0,0,0,0,0,0,332.549,0,0,0
"MtrElec",2,14,23,"",205.27,0,0,0,0,0,0,0,0,0,0,0,0,0,0,0,0,0,0,0,0,205.27,0,0,0
"MtrElec",2,14,24,"",222.297,0,0,0,0,0,0,0,0,0,0,0,0,0,0,0,0,0,0,0,0,222.297,0,0,0
"MtrElec",2,15,1,"",189.15,0,0,0,0,0,0,0,0,0,0,0,0,0,0,0,0,0,0,0,0,189.15,0,0,0
"MtrElec",2,15,2,"",168.52,0,0,0,0,0,0,0,0,0,0,0,0,0,0,0,0,0,0,0,0,168.52,0,0,0
"MtrElec",2,15,3,"",158.655,0,0,0,0,0,0,0,0,0,0,0,0,0,0,0,0,0,0,0,0,158.655,0,0,0
"MtrElec",2,15,4,"",156.052,0,0,0,0,0,0,0,0,0,0,0,0,0,0,0,0,0,0,0,0,156.052,0,0,0
"MtrElec",2,15,5,"",186.495,0,0,0,0,0,0,0,0,0,0,0,0,0,0,0,0,0,0,0,0,186.495,0,0,0
"MtrElec",2,15,6,"",154.803,0,0,0,0,0,0,0,0,0,0,0,0,0,0,0,0,0,0,0,0,154.803,0,0,0
"MtrElec",2,15,7,"",199.8,0,0,0,0,0,0,0,0,0,0,0,0,0,0,0,0,0,0,0,0,205.938,0,0,-6.1381
"MtrElec",2,15,8,"",92.7856,0,0,0,0,0,0,0,0,0,0,0,0,0,0,0,0,0,0,0,0,239.383,0,0,-146.598
"MtrElec",2,15,9,"",-36.8884,0,0,0,0,0,0,0,0,0,0,0,0,0,0,0,0,0,0,0,0,312.576,0,0,-349.464
"MtrElec",2,15,10,"",-157.057,0,0,0,0,0,0,0,0,0,0,0,0,0,0,0,0,0,0,0,0,352.706,0,0,-509.763
"MtrElec",2,15,11,"",0,0,0,0,0,0,0,0,0,0,0,0,0,0,0,0,0,0,0,0,0,446.004,0,171.806,-617.81
"MtrElec",2,15,12,"",-67.5706,0,0,0,0,0,0,0,0,0,0,0,0,0,0,0,0,0,0,0,0,384.507,0,223.217,-675.295
"MtrElec",2,15,13,"",-49.7402,0,0,0,0,0,0,0,0,0,0,0,0,0,0,0,0,0,0,0,0,408.344,0,223.217,-681.301
"MtrElec",2,15,14,"",-86.9816,0,0,0,0,0,0,0,0,0,0,0,0,0,0,0,0,0,0,0,0,360.871,0,180.641,-628.494
"MtrElec",2,15,15,"",-174.06,0,0,0,0,0,0,0,0,0,0,0,0,0,0,0,0,0,0,0,0,344.786,0,0,-518.846
"MtrElec",2,15,16,"",-19.0636,0,0,0,0,0,0,0,0,0,0,0,0,0,0,0,0,0,0,0,0,345.438,0,0,-364.502
"MtrElec",2,15,17,"",146.088,0,0,0,0,0,0,0,0,0,0,0,0,0,0,0,0,0,0,0,0,319.682,0,0,-173.593
"MtrElec",2,15,18,"",340.867,0,0,0,0,0,0,0,0,0,0,0,0,0,0,0,0,0,0,0,0,350.655,0,0,-9.78805
"MtrElec",2,15,19,"",154.2,0,0,0,0,0,0,0,0,0,0,0,0,0,0,0,0,0,0,0,0,377.417,0,-223.217,0
"MtrElec",2,15,20,"",88.1286,0,0,0,0,0,0,0,0,0,0,0,0,0,0,0,0,0,0,0,0,311.345,0,-223.217,0
"MtrElec",2,15,21,"",55.0186,0,0,0,0,0,0,0,0,0,0,0,0,0,0,0,0,0,0,0,0,278.235,0,-223.217,0
"MtrElec",2,15,22,"",264.549,0,0,0,0,0,0,0,0,0,0,0,0,0,0,0,0,0,0,0,0,315.889,0,-51.3398,0
"MtrElec",2,15,23,"",196.432,0,0,0,0,0,0,0,0,0,0,0,0,0,0,0,0,0,0,0,0,196.432,0,0,0
"MtrElec",2,15,24,"",239.853,0,0,0,0,0,0,0,0,0,0,0,0,0,0,0,0,0,0,0,0,239.853,0,0,0
"MtrElec",2,16,1,"",168.847,0,0,0,0,0,0,0,0,0,0,0,0,0,0,0,0,0,0,0,0,168.847,0,0,0
"MtrElec",2,16,2,"",154.422,0,0,0,0,0,0,0,0,0,0,0,0,0,0,0,0,0,0,0,0,154.422,0,0,0
"MtrElec",2,16,3,"",158.38,0,0,0,0,0,0,0,0,0,0,0,0,0,0,0,0,0,0,0,0,158.38,0,0,0
"MtrElec",2,16,4,"",159.029,0,0,0,0,0,0,0,0,0,0,0,0,0,0,0,0,0,0,0,0,159.029,0,0,0
"MtrElec",2,16,5,"",157.871,0,0,0,0,0,0,0,0,0,0,0,0,0,0,0,0,0,0,0,0,157.871,0,0,0
"MtrElec",2,16,6,"",191.491,0,0,0,0,0,0,0,0,0,0,0,0,0,0,0,0,0,0,0,0,191.491,0,0,0
"MtrElec",2,16,7,"",252.81,0,0,0,0,0,0,0,0,0,0,0,0,0,0,0,0,0,0,0,0,258.32,0,0,-5.51042
"MtrElec",2,16,8,"",139.907,0,0,0,0,0,0,0,0,0,0,0,0,0,0,0,0,0,0,0,0,280.372,0,0,-140.466
"MtrElec",2,16,9,"",-29.0039,0,0,0,0,0,0,0,0,0,0,0,0,0,0,0,0,0,0,0,0,319.617,0,0,-348.621
"MtrElec",2,16,10,"",-95.7745,0,0,0,0,0,0,0,0,0,0,0,0,0,0,0,0,0,0,0,0,418.086,0,0,-513.861
"MtrElec",2,16,11,"",0.0000078,0,0,0,0,0,0,0,0,0,0,0,0,0,0,0,0,0,0,0,0,510.286,0,106.988,-617.273
"MtrElec",2,16,12,"",0,0,0,0,0,0,0,0,0,0,0,0,0,0,0,0,0,0,0,0,0,454.439,0,211.233,-665.672
"MtrElec",2,16,13,"",0,0,0,0,0,0,0,0,0,0,0,0,0,0,0,0,0,0,0,0,0,486.506,0,171.732,-658.238
"MtrElec",2,16,14,"",0,0,0,0,0,0,0,0,0,0,0,0,0,0,0,0,0,0,0,0,0,448.079,0,161.726,-609.805
"MtrElec",2,16,15,"",0.0000078,0,0,0,0,0,0,0,0,0,0,0,0,0,0,0,0,0,0,0,0,432.113,0,91.7074,-523.821
"MtrElec",2,16,16,"",0.0000010,0,0,0,0,0,0,0,0,0,0,0,0,0,0,0,0,0,0,0,0,364.239,0,11.224,-375.463
"MtrElec",2,16,17,"",136.318,0,0,0,0,0,0,0,0,0,0,0,0,0,0,0,0,0,0,0,0,312.673,0,0,-176.355
"MtrElec",2,16,18,"",372.109,0,0,0,0,0,0,0,0,0,0,0,0,0,0,0,0,0,0,0,0,381.774,0,0,-9.66536
"MtrElec",2,16,19,"",103.943,0,0,0,0,0,0,0,0,0,0,0,0,0,0,0,0,0,0,0,0,327.16,0,-223.217,0
"MtrElec",2,16,20,"",81.8943,0,0,0,0,0,0,0,0,0,0,0,0,0,0,0,0,0,0,0,0,305.111,0,-223.217,0
"MtrElec",2,16,21,"",44.1294,0,0,0,0,0,0,0,0,0,0,0,0,0,0,0,0,0,0,0,0,267.346,0,-223.217,0
"MtrElec",2,16,22,"",285.122,0,0,0,0,0,0,0,0,0,0,0,0,0,0,0,0,0,0,0,0,296.507,0,-11.3855,0
"MtrElec",2,16,23,"",226.515,0,0,0,0,0,0,0,0,0,0,0,0,0,0,0,0,0,0,0,0,226.515,0,0,0
"MtrElec",2,16,24,"",241.615,0,0,0,0,0,0,0,0,0,0,0,0,0,0,0,0,0,0,0,0,241.615,0,0,0
"MtrElec",2,17,1,"",154.717,0,0,0,0,0,0,0,0,0,0,0,0,0,0,0,0,0,0,0,0,154.717,0,0,0
"MtrElec",2,17,2,"",167.285,0,0,0,0,0,0,0,0,0,0,0,0,0,0,0,0,0,0,0,0,167.285,0,0,0
"MtrElec",2,17,3,"",161.203,0,0,0,0,0,0,0,0,0,0,0,0,0,0,0,0,0,0,0,0,161.203,0,0,0
"MtrElec",2,17,4,"",159.551,0,0,0,0,0,0,0,0,0,0,0,0,0,0,0,0,0,0,0,0,159.551,0,0,0
"MtrElec",2,17,5,"",151.445,0,0,0,0,0,0,0,0,0,0,0,0,0,0,0,0,0,0,0,0,151.445,0,0,0
"MtrElec",2,17,6,"",167.3,0,0,0,0,0,0,0,0,0,0,0,0,0,0,0,0,0,0,0,0,167.3,0,0,0
"MtrElec",2,17,7,"",242.909,0,0,0,0,0,0,0,0,0,0,0,0,0,0,0,0,0,0,0,0,242.909,0,0,0
"MtrElec",2,17,8,"",305.36,0,0,0,0,0,0,0,0,0,0,0,0,0,0,0,0,0,0,0,0,305.875,0,0,-0.514787
"MtrElec",2,17,9,"",312.486,0,0,0,0,0,0,0,0,0,0,0,0,0,0,0,0,0,0,0,0,363.379,0,0,-50.8928
"MtrElec",2,17,10,"",231.769,0,0,0,0,0,0,0,0,0,0,0,0,0,0,0,0,0,0,0,0,422.491,0,0,-190.722
"MtrElec",2,17,11,"",0,0,0,0,0,0,0,0,0,0,0,0,0,0,0,0,0,0,0,0,0,432.847,0,145.244,-578.091
"MtrElec",2,17,12,"",-54.1704,0,0,0,0,0,0,0,0,0,0,0,0,0,0,0,0,0,0,0,0,379.754,0,223.217,-657.141
"MtrElec",2,17,13,"",-48.041,0,0,0,0,0,0,0,0,0,0,0,0,0,0,0,0,0,0,0,0,373.329,0,223.217,-644.587
"MtrElec",2,17,14,"",-37.7342,0,0,0,0,0,0,0,0,0,0,0,0,0,0,0,0,0,0,0,0,369.995,0,207.203,-614.933
"MtrElec",2,17,15,"",-195.446,0,0,0,0,0,0,0,0,0,0,0,0,0,0,0,0,0,0,0,0,327.679,0,0,-523.125
"MtrElec",2,17,16,"",-11.87,0,0,0,0,0,0,0,0,0,0,0,0,0,0,0,0,0,0,0,0,355.296,0,0,-367.166
"MtrElec",2,17,17,"",195.302,0,0,0,0,0,0,0,0,0,0,0,0,0,0,0,0,0,0,0,0,363.898,0,0,-168.596
"MtrElec",2,17,18,"",380.848,0,0,0,0,0,0,0,0,0,0,0,0,0,0,0,0,0,0,0,0,390.441,0,0,-9.59271
"MtrElec",2,17,19,"",147.038,0,0,0,0,0,0,0,0,0,0,0,0,0,0,0,0,0,0,0,0,370.255,0,-223.217,0
"MtrElec",2,17,20,"",198.653,0,0,0,0,0,0,0,0,0,0,0,0,0,0,0,0,0,0,0,0,421.87,0,-223.217,0
"MtrElec",2,17,21,"",180.371,0,0,0,0,0,0,0,0,0,0,0,0,0,0,0,0,0,0,0,0,403.588,0,-223.217,0
"MtrElec",2,17,22,"",284.247,0,0,0,0,0,0,0,0,0,0,0,0,0,0,0,0,0,0,0,0,335.587,0,-51.3398,0
"MtrElec",2,17,23,"",246.302,0,0,0,0,0,0,0,0,0,0,0,0,0,0,0,0,0,0,0,0,246.302,0,0,0
"MtrElec",2,17,24,"",230.87,0,0,0,0,0,0,0,0,0,0,0,0,0,0,0,0,0,0,0,0,230.87,0,0,0
"MtrElec",2,18,1,"",163.502,0,0,0,0,0,0,0,0,0,0,0,0,0,0,0,0,0,0,0,0,163.502,0,0,0
"MtrElec",2,18,2,"",157.465,0,0,0,0,0,0,0,0,0,0,0,0,0,0,0,0,0,0,0,0,157.465,0,0,0
"MtrElec",2,18,3,"",153.89,0,0,0,0,0,0,0,0,0,0,0,0,0,0,0,0,0,0,0,0,153.89,0,0,0
"MtrElec",2,18,4,"",153.665,0,0,0,0,0,0,0,0,0,0,0,0,0,0,0,0,0,0,0,0,153.665,0,0,0
"MtrElec",2,18,5,"",152.813,0,0,0,0,0,0,0,0,0,0,0,0,0,0,0,0,0,0,0,0,152.813,0,0,0
"MtrElec",2,18,6,"",198.031,0,0,0,0,0,0,0,0,0,0,0,0,0,0,0,0,0,0,0,0,198.031,0,0,0
"MtrElec",2,18,7,"",275.269,0,0,0,0,0,0,0,0,0,0,0,0,0,0,0,0,0,0,0,0,275.269,0,0,0
"MtrElec",2,18,8,"",215.618,0,0,0,0,0,0,0,0,0,0,0,0,0,0,0,0,0,0,0,0,304.05,0,0,-88.4317
"MtrElec",2,18,9,"",32.8264,0,0,0,0,0,0,0,0,0,0,0,0,0,0,0,0,0,0,0,0,334.658,0,0,-301.831
"MtrElec",2,18,10,"",213.182,0,0,0,0,0,0,0,0,0,0,0,0,0,0,0,0,0,0,0,0,439.651,0,0,-226.469
"MtrElec",2,18,11,"",0,0,0,0,0,0,0,0,0,0,0,0,0,0,0,0,0,0,0,0,0,444.766,0,119.22,-563.985
"MtrElec",2,18,12,"",0.0000156,0,0,0,0,0,0,0,0,0,0,0,0,0,0,0,0,0,0,0,0,426.528,0,215.89,-642.418
"MtrElec",2,18,13,"",-32.1932,0,0,0,0,0,0,0,0,0,0,0,0,0,0,0,0,0,0,0,0,382.692,0,223.217,-638.102
"MtrElec",2,18,14,"",-2.64684,0,0,0,0,0,0,0,0,0,0,0,0,0,0,0,0,0,0,0,0,354.071,0,223.217,-579.935
"MtrElec",2,18,15,"",-73.1032,0,0,0,0,0,0,0,0,0,0,0,0,0,0,0,0,0,0,0,0,335.411,0,17.3376,-425.851
"MtrElec",2,18,16,"",153.173,0,0,0,0,0,0,0,0,0,0,0,0,0,0,0,0,0,0,0,0,371.944,0,0,-218.77
"MtrElec",2,18,17,"",334.373,0,0,0,0,0,0,0,0,0,0,0,0,0,0,0,0,0,0,0,0,376.257,0,0,-41.8835
"MtrElec",2,18,18,"",399.892,0,0,0,0,0,0,0,0,0,0,0,0,0,0,0,0,0,0,0,0,411.658,0,0,-11.766
"MtrElec",2,18,19,"",157.673,0,0,0,0,0,0,0,0,0,0,0,0,0,0,0,0,0,0,0,0,380.89,0,-223.217,0
"MtrElec",2,18,20,"",165.798,0,0,0,0,0,0,0,0,0,0,0,0,0,0,0,0,0,0,0,0,389.015,0,-223.217,0
"MtrElec",2,18,21,"",215.322,0,0,0,0,0,0,0,0,0,0,0,0,0,0,0,0,0,0,0,0,438.538,0,-223.217,0
"MtrElec",2,18,22,"",242.359,0,0,0,0,0,0,0,0,0,0,0,0,0,0,0,0,0,0,0,0,293.699,0,-51.3398,0
"MtrElec",2,18,23,"",258.55,0,0,0,0,0,0,0,0,0,0,0,0,0,0,0,0,0,0,0,0,258.55,0,0,0
"MtrElec",2,18,24,"",180.81,0,0,0,0,0,0,0,0,0,0,0,0,0,0,0,0,0,0,0,0,180.81,0,0,0
"MtrElec",2,19,1,"",172.667,0,0,0,0,0,0,0,0,0,0,0,0,0,0,0,0,0,0,0,0,172.667,0,0,0
"MtrElec",2,19,2,"",155.271,0,0,0,0,0,0,0,0,0,0,0,0,0,0,0,0,0,0,0,0,155.271,0,0,0
"MtrElec",2,19,3,"",152.061,0,0,0,0,0,0,0,0,0,0,0,0,0,0,0,0,0,0,0,0,152.061,0,0,0
"MtrElec",2,19,4,"",155.611,0,0,0,0,0,0,0,0,0,0,0,0,0,0,0,0,0,0,0,0,155.611,0,0,0
"MtrElec",2,19,5,"",191.801,0,0,0,0,0,0,0,0,0,0,0,0,0,0,0,0,0,0,0,0,191.801,0,0,0
"MtrElec",2,19,6,"",154.669,0,0,0,0,0,0,0,0,0,0,0,0,0,0,0,0,0,0,0,0,154.669,0,0,0
"MtrElec",2,19,7,"",215.825,0,0,0,0,0,0,0,0,0,0,0,0,0,0,0,0,0,0,0,0,215.825,0,0,0
"MtrElec",2,19,8,"",256.126,0,0,0,0,0,0,0,0,0,0,0,0,0,0,0,0,0,0,0,0,308.704,0,0,-52.5785
"MtrElec",2,19,9,"",323.108,0,0,0,0,0,0,0,0,0,0,0,0,0,0,0,0,0,0,0,0,368.453,0,0,-45.3451
"MtrElec",2,19,10,"",328.188,0,0,0,0,0,0,0,0,0,0,0,0,0,0,0,0,0,0,0,0,369.129,0,0,-40.9404
"MtrElec",2,19,11,"",324.24,0,0,0,0,0,0,0,0,0,0,0,0,0,0,0,0,0,0,0,0,438.016,0,0,-113.776
"MtrElec",2,19,12,"",264.499,0,0,0,0,0,0,0,0,0,0,0,0,0,0,0,0,0,0,0,0,417.192,0,0,-152.694
"MtrElec",2,19,13,"",233.611,0,0,0,0,0,0,0,0,0,0,0,0,0,0,0,0,0,0,0,0,401.926,0,0,-168.316
"MtrElec",2,19,14,"",132.77,0,0,0,0,0,0,0,0,0,0,0,0,0,0,0,0,0,0,0,0,370.644,0,0,-237.874
"MtrElec",2,19,15,"",81.8784,0,0,0,0,0,0,0,0,0,0,0,0,0,0,0,0,0,0,0,0,323.008,0,0,-241.129
"MtrElec",2,19,16,"",272.013,0,0,0,0,0,0,0,0,0,0,0,0,0,0,0,0,0,0,0,0,370.354,0,0,-98.3407
"MtrElec",2,19,17,"",340.393,0,0,0,0,0,0,0,0,0,0,0,0,0,0,0,0,0,0,0,0,373.332,0,0,-32.9398
"MtrElec",2,19,18,"",462.481,0,0,0,0,0,0,0,0,0,0,0,0,0,0,0,0,0,0,0,0,462.481,0,0,0
"MtrElec",2,19,19,"",386.616,0,0,0,0,0,0,0,0,0,0,0,0,0,0,0,0,0,0,0,0,386.616,0,0,0
"MtrElec",2,19,20,"",440.217,0,0,0,0,0,0,0,0,0,0,0,0,0,0,0,0,0,0,0,0,440.217,0,0,0
"MtrElec",2,19,21,"",386.595,0,0,0,0,0,0,0,0,0,0,0,0,0,0,0,0,0,0,0,0,386.595,0,0,0
"MtrElec",2,19,22,"",336.581,0,0,0,0,0,0,0,0,0,0,0,0,0,0,0,0,0,0,0,0,336.581,0,0,0
"MtrElec",2,19,23,"",232.307,0,0,0,0,0,0,0,0,0,0,0,0,0,0,0,0,0,0,0,0,232.307,0,0,0
"MtrElec",2,19,24,"",197.438,0,0,0,0,0,0,0,0,0,0,0,0,0,0,0,0,0,0,0,0,197.438,0,0,0
"MtrElec",2,20,1,"",199.081,0,0,0,0,0,0,0,0,0,0,0,0,0,0,0,0,0,0,0,0,199.081,0,0,0
"MtrElec",2,20,2,"",155.39,0,0,0,0,0,0,0,0,0,0,0,0,0,0,0,0,0,0,0,0,155.39,0,0,0
"MtrElec",2,20,3,"",151.83,0,0,0,0,0,0,0,0,0,0,0,0,0,0,0,0,0,0,0,0,151.83,0,0,0
"MtrElec",2,20,4,"",152.297,0,0,0,0,0,0,0,0,0,0,0,0,0,0,0,0,0,0,0,0,152.297,0,0,0
"MtrElec",2,20,5,"",149.679,0,0,0,0,0,0,0,0,0,0,0,0,0,0,0,0,0,0,0,0,149.679,0,0,0
"MtrElec",2,20,6,"",203.12,0,0,0,0,0,0,0,0,0,0,0,0,0,0,0,0,0,0,0,0,203.12,0,0,0
"MtrElec",2,20,7,"",210.736,0,0,0,0,0,0,0,0,0,0,0,0,0,0,0,0,0,0,0,0,210.736,0,0,0
"MtrElec",2,20,8,"",276.53,0,0,0,0,0,0,0,0,0,0,0,0,0,0,0,0,0,0,0,0,296.949,0,0,-20.4193
"MtrElec",2,20,9,"",275.75,0,0,0,0,0,0,0,0,0,0,0,0,0,0,0,0,0,0,0,0,385.606,0,0,-109.856
"MtrElec",2,20,10,"",367.688,0,0,0,0,0,0,0,0,0,0,0,0,0,0,0,0,0,0,0,0,456.292,0,0,-88.6037
"MtrElec",2,20,11,"",334.049,0,0,0,0,0,0,0,0,0,0,0,0,0,0,0,0,0,0,0,0,478.853,0,0,-144.804
"MtrElec",2,20,12,"",306.812,0,0,0,0,0,0,0,0,0,0,0,0,0,0,0,0,0,0,0,0,413.589,0,0,-106.777
"MtrElec",2,20,13,"",182.439,0,0,0,0,0,0,0,0,0,0,0,0,0,0,0,0,0,0,0,0,383.48,0,0,-201.041
"MtrElec",2,20,14,"",11.029,0,0,0,0,0,0,0,0,0,0,0,0,0,0,0,0,0,0,0,0,312.149,0,0,-301.12
"MtrElec",2,20,15,"",124.544,0,0,0,0,0,0,0,0,0,0,0,0,0,0,0,0,0,0,0,0,374.899,0,0,-250.355
"MtrElec",2,20,16,"",114.98,0,0,0,0,0,0,0,0,0,0,0,0,0,0,0,0,0,0,0,0,396.187,0,0,-281.207
"MtrElec",2,20,17,"",236.745,0,0,0,0,0,0,0,0,0,0,0,0,0,0,0,0,0,0,0,0,418.635,0,0,-181.89
"MtrElec",2,20,18,"",403.142,0,0,0,0,0,0,0,0,0,0,0,0,0,0,0,0,0,0,0,0,422.286,0,0,-19.1439
"MtrElec",2,20,19,"",389.373,0,0,0,0,0,0,0,0,0,0,0,0,0,0,0,0,0,0,0,0,389.373,0,0,0
"MtrElec",2,20,20,"",431.312,0,0,0,0,0,0,0,0,0,0,0,0,0,0,0,0,0,0,0,0,431.312,0,0,0
"MtrElec",2,20,21,"",380.733,0,0,0,0,0,0,0,0,0,0,0,0,0,0,0,0,0,0,0,0,380.733,0,0,0
"MtrElec",2,20,22,"",340.282,0,0,0,0,0,0,0,0,0,0,0,0,0,0,0,0,0,0,0,0,340.282,0,0,0
"MtrElec",2,20,23,"",283.379,0,0,0,0,0,0,0,0,0,0,0,0,0,0,0,0,0,0,0,0,283.379,0,0,0
"MtrElec",2,20,24,"",210.624,0,0,0,0,0,0,0,0,0,0,0,0,0,0,0,0,0,0,0,0,210.624,0,0,0
"MtrElec",2,21,1,"",214.925,0,0,0,0,0,0,0,0,0,0,0,0,0,0,0,0,0,0,0,0,214.925,0,0,0
"MtrElec",2,21,2,"",156.044,0,0,0,0,0,0,0,0,0,0,0,0,0,0,0,0,0,0,0,0,156.044,0,0,0
"MtrElec",2,21,3,"",157.815,0,0,0,0,0,0,0,0,0,0,0,0,0,0,0,0,0,0,0,0,157.815,0,0,0
"MtrElec",2,21,4,"",158.451,0,0,0,0,0,0,0,0,0,0,0,0,0,0,0,0,0,0,0,0,158.451,0,0,0
"MtrElec",2,21,5,"",174.086,0,0,0,0,0,0,0,0,0,0,0,0,0,0,0,0,0,0,0,0,174.086,0,0,0
"MtrElec",2,21,6,"",157.077,0,0,0,0,0,0,0,0,0,0,0,0,0,0,0,0,0,0,0,0,157.077,0,0,0
"MtrElec",2,21,7,"",233.911,0,0,0,0,0,0,0,0,0,0,0,0,0,0,0,0,0,0,0,0,233.911,0,0,0
"MtrElec",2,21,8,"",241.371,0,0,0,0,0,0,0,0,0,0,0,0,0,0,0,0,0,0,0,0,247.172,0,0,-5.80114
"MtrElec",2,21,9,"",83.1198,0,0,0,0,0,0,0,0,0,0,0,0,0,0,0,0,0,0,0,0,293.327,0,0,-210.207
"MtrElec",2,21,10,"",-26.0726,0,0,0,0,0,0,0,0,0,0,0,0,0,0,0,0,0,0,0,0,380.29,0,0,-406.362
"MtrElec",2,21,11,"",161.622,0,0,0,0,0,0,0,0,0,0,0,0,0,0,0,0,0,0,0,0,498.582,0,0,-336.96
"MtrElec",2,21,12,"",110.888,0,0,0,0,0,0,0,0,0,0,0,0,0,0,0,0,0,0,0,0,502.455,0,0,-391.567
"MtrElec",2,21,13,"",101.782,0,0,0,0,0,0,0,0,0,0,0,0,0,0,0,0,0,0,0,0,460.588,0,0,-358.806
"MtrElec",2,21,14,"",159.715,0,0,0,0,0,0,0,0,0,0,0,0,0,0,0,0,0,0,0,0,417.554,0,0,-257.839
"MtrElec",2,21,15,"",249.072,0,0,0,0,0,0,0,0,0,0,0,0,0,0,0,0,0,0,0,0,414.056,0,0,-164.984
"MtrElec",2,21,16,"",265.095,0,0,0,0,0,0,0,0,0,0,0,0,0,0,0,0,0,0,0,0,408.024,0,0,-142.929
"MtrElec",2,21,17,"",405.032,0,0,0,0,0,0,0,0,0,0,0,0,0,0,0,0,0,0,0,0,414.408,0,0,-9.37533
"MtrElec",2,21,18,"",424.822,0,0,0,0,0,0,0,0,0,0,0,0,0,0,0,0,0,0,0,0,424.822,0,0,0
"MtrElec",2,21,19,"",512.681,0,0,0,0,0,0,0,0,0,0,0,0,0,0,0,0,0,0,0,0,512.681,0,0,0
"MtrElec",2,21,20,"",428.814,0,0,0,0,0,0,0,0,0,0,0,0,0,0,0,0,0,0,0,0,428.814,0,0,0
"MtrElec",2,21,21,"",280.768,0,0,0,0,0,0,0,0,0,0,0,0,0,0,0,0,0,0,0,0,280.768,0,0,0
"MtrElec",2,21,22,"",332.279,0,0,0,0,0,0,0,0,0,0,0,0,0,0,0,0,0,0,0,0,332.279,0,0,0
"MtrElec",2,21,23,"",225.105,0,0,0,0,0,0,0,0,0,0,0,0,0,0,0,0,0,0,0,0,225.105,0,0,0
"MtrElec",2,21,24,"",261.32,0,0,0,0,0,0,0,0,0,0,0,0,0,0,0,0,0,0,0,0,261.32,0,0,0
"MtrElec",2,22,1,"",192.002,0,0,0,0,0,0,0,0,0,0,0,0,0,0,0,0,0,0,0,0,192.002,0,0,0
"MtrElec",2,22,2,"",165.609,0,0,0,0,0,0,0,0,0,0,0,0,0,0,0,0,0,0,0,0,165.609,0,0,0
"MtrElec",2,22,3,"",166.583,0,0,0,0,0,0,0,0,0,0,0,0,0,0,0,0,0,0,0,0,166.583,0,0,0
"MtrElec",2,22,4,"",162.723,0,0,0,0,0,0,0,0,0,0,0,0,0,0,0,0,0,0,0,0,162.723,0,0,0
"MtrElec",2,22,5,"",173.992,0,0,0,0,0,0,0,0,0,0,0,0,0,0,0,0,0,0,0,0,173.992,0,0,0
"MtrElec",2,22,6,"",159.78,0,0,0,0,0,0,0,0,0,0,0,0,0,0,0,0,0,0,0,0,159.78,0,0,0
"MtrElec",2,22,7,"",190.78,0,0,0,0,0,0,0,0,0,0,0,0,0,0,0,0,0,0,0,0,191.008,0,0,-0.227777
"MtrElec",2,22,8,"",149.06,0,0,0,0,0,0,0,0,0,0,0,0,0,0,0,0,0,0,0,0,221.608,0,0,-72.5478
"MtrElec",2,22,9,"",179.816,0,0,0,0,0,0,0,0,0,0,0,0,0,0,0,0,0,0,0,0,277.594,0,0,-97.778
"MtrElec",2,22,10,"",160.342,0,0,0,0,0,0,0,0,0,0,0,0,0,0,0,0,0,0,0,0,286.269,0,0,-125.927
"MtrElec",2,22,11,"",244.705,0,0,0,0,0,0,0,0,0,0,0,0,0,0,0,0,0,0,0,0,353.764,0,0,-109.058
"MtrElec",2,22,12,"",317.172,0,0,0,0,0,0,0,0,0,0,0,0,0,0,0,0,0,0,0,0,392.106,0,0,-74.9345
"MtrElec",2,22,13,"",61.8047,0,0,0,0,0,0,0,0,0,0,0,0,0,0,0,0,0,0,0,0,384.159,0,0,-322.354
"MtrElec",2,22,14,"",0,0,0,0,0,0,0,0,0,0,0,0,0,0,0,0,0,0,0,0,0,312.499,0,110.297,-422.796
"MtrElec",2,22,15,"",201.706,0,0,0,0,0,0,0,0,0,0,0,0,0,0,0,0,0,0,0,0,366.123,0,0,-164.417
"MtrElec",2,22,16,"",25.2365,0,0,0,0,0,0,0,0,0,0,0,0,0,0,0,0,0,0,0,0,281.808,0,0,-256.571
"MtrElec",2,22,17,"",198.305,0,0,0,0,0,0,0,0,0,0,0,0,0,0,0,0,0,0,0,0,358.326,0,0,-160.021
"MtrElec",2,22,18,"",309.055,0,0,0,0,0,0,0,0,0,0,0,0,0,0,0,0,0,0,0,0,329.594,0,0,-20.5389
"MtrElec",2,22,19,"",317.001,0,0,0,0,0,0,0,0,0,0,0,0,0,0,0,0,0,0,0,0,416.544,0,-99.5427,0
"MtrElec",2,22,20,"",380.389,0,0,0,0,0,0,0,0,0,0,0,0,0,0,0,0,0,0,0,0,380.389,0,0,0
"MtrElec",2,22,21,"",320.753,0,0,0,0,0,0,0,0,0,0,0,0,0,0,0,0,0,0,0,0,320.753,0,0,0
"MtrElec",2,22,22,"",366.962,0,0,0,0,0,0,0,0,0,0,0,0,0,0,0,0,0,0,0,0,366.962,0,0,0
"MtrElec",2,22,23,"",204.154,0,0,0,0,0,0,0,0,0,0,0,0,0,0,0,0,0,0,0,0,204.154,0,0,0
"MtrElec",2,22,24,"",251.69,0,0,0,0,0,0,0,0,0,0,0,0,0,0,0,0,0,0,0,0,251.69,0,0,0
"MtrElec",2,23,1,"",175.396,0,0,0,0,0,0,0,0,0,0,0,0,0,0,0,0,0,0,0,0,175.396,0,0,0
"MtrElec",2,23,2,"",163.407,0,0,0,0,0,0,0,0,0,0,0,0,0,0,0,0,0,0,0,0,163.407,0,0,0
"MtrElec",2,23,3,"",157.796,0,0,0,0,0,0,0,0,0,0,0,0,0,0,0,0,0,0,0,0,157.796,0,0,0
"MtrElec",2,23,4,"",161.908,0,0,0,0,0,0,0,0,0,0,0,0,0,0,0,0,0,0,0,0,161.908,0,0,0
"MtrElec",2,23,5,"",164.074,0,0,0,0,0,0,0,0,0,0,0,0,0,0,0,0,0,0,0,0,164.074,0,0,0
"MtrElec",2,23,6,"",184.822,0,0,0,0,0,0,0,0,0,0,0,0,0,0,0,0,0,0,0,0,184.822,0,0,0
"MtrElec",2,23,7,"",291.99,0,0,0,0,0,0,0,0,0,0,0,0,0,0,0,0,0,0,0,0,294.1,0,0,-2.11028
"MtrElec",2,23,8,"",234.345,0,0,0,0,0,0,0,0,0,0,0,0,0,0,0,0,0,0,0,0,321.183,0,0,-86.8387
"MtrElec",2,23,9,"",134.763,0,0,0,0,0,0,0,0,0,0,0,0,0,0,0,0,0,0,0,0,364.475,0,0,-229.711
"MtrElec",2,23,10,"",-6.2215,0,0,0,0,0,0,0,0,0,0,0,0,0,0,0,0,0,0,0,0,467.531,0,0,-473.753
"MtrElec",2,23,11,"",0.0000078,0,0,0,0,0,0,0,0,0,0,0,0,0,0,0,0,0,0,0,0,455.282,0,72.6186,-527.9
"MtrElec",2,23,12,"",-31.3301,0,0,0,0,0,0,0,0,0,0,0,0,0,0,0,0,0,0,0,0,421.648,0,223.217,-676.195
"MtrElec",2,23,13,"",0,0,0,0,0,0,0,0,0,0,0,0,0,0,0,0,0,0,0,0,0,383.876,0,10.9987,-394.875
"MtrElec",2,23,14,"",264.217,0,0,0,0,0,0,0,0,0,0,0,0,0,0,0,0,0,0,0,0,373.152,0,0,-108.934
"MtrElec",2,23,15,"",214.074,0,0,0,0,0,0,0,0,0,0,0,0,0,0,0,0,0,0,0,0,340.741,0,0,-126.667
"MtrElec",2,23,16,"",245.305,0,0,0,0,0,0,0,0,0,0,0,0,0,0,0,0,0,0,0,0,378.724,0,0,-133.418
"MtrElec",2,23,17,"",334.963,0,0,0,0,0,0,0,0,0,0,0,0,0,0,0,0,0,0,0,0,350.382,0,0,-15.4198
"MtrElec",2,23,18,"",438.054,0,0,0,0,0,0,0,0,0,0,0,0,0,0,0,0,0,0,0,0,438.054,0,0,0
"MtrElec",2,23,19,"",177.256,0,0,0,0,0,0,0,0,0,0,0,0,0,0,0,0,0,0,0,0,400.473,0,-223.217,0
"MtrElec",2,23,20,"",390.427,0,0,0,0,0,0,0,0,0,0,0,0,0,0,0,0,0,0,0,0,444.128,0,-53.701,0
"MtrElec",2,23,21,"",393.662,0,0,0,0,0,0,0,0,0,0,0,0,0,0,0,0,0,0,0,0,393.662,0,0,0
"MtrElec",2,23,22,"",337.819,0,0,0,0,0,0,0,0,0,0,0,0,0,0,0,0,0,0,0,0,337.819,0,0,0
"MtrElec",2,23,23,"",246.149,0,0,0,0,0,0,0,0,0,0,0,0,0,0,0,0,0,0,0,0,246.149,0,0,0
"MtrElec",2,23,24,"",226.619,0,0,0,0,0,0,0,0,0,0,0,0,0,0,0,0,0,0,0,0,226.619,0,0,0
"MtrElec",2,24,1,"",159.019,0,0,0,0,0,0,0,0,0,0,0,0,0,0,0,0,0,0,0,0,159.019,0,0,0
"MtrElec",2,24,2,"",159.574,0,0,0,0,0,0,0,0,0,0,0,0,0,0,0,0,0,0,0,0,159.574,0,0,0
"MtrElec",2,24,3,"",155.413,0,0,0,0,0,0,0,0,0,0,0,0,0,0,0,0,0,0,0,0,155.413,0,0,0
"MtrElec",2,24,4,"",164.864,0,0,0,0,0,0,0,0,0,0,0,0,0,0,0,0,0,0,0,0,164.864,0,0,0
"MtrElec",2,24,5,"",203.013,0,0,0,0,0,0,0,0,0,0,0,0,0,0,0,0,0,0,0,0,203.013,0,0,0
"MtrElec",2,24,6,"",163.928,0,0,0,0,0,0,0,0,0,0,0,0,0,0,0,0,0,0,0,0,163.928,0,0,0
"MtrElec",2,24,7,"",272.407,0,0,0,0,0,0,0,0,0,0,0,0,0,0,0,0,0,0,0,0,272.407,0,0,0
"MtrElec",2,24,8,"",273.196,0,0,0,0,0,0,0,0,0,0,0,0,0,0,0,0,0,0,0,0,320.61,0,0,-47.4139
"MtrElec",2,24,9,"",259.988,0,0,0,0,0,0,0,0,0,0,0,0,0,0,0,0,0,0,0,0,375.554,0,0,-115.566
"MtrElec",2,24,10,"",166.905,0,0,0,0,0,0,0,0,0,0,0,0,0,0,0,0,0,0,0,0,435.775,0,0,-268.87
"MtrElec",2,24,11,"",239.323,0,0,0,0,0,0,0,0,0,0,0,0,0,0,0,0,0,0,0,0,448.154,0,0,-208.831
"MtrElec",2,24,12,"",117.812,0,0,0,0,0,0,0,0,0,0,0,0,0,0,0,0,0,0,0,0,425.671,0,0,-307.859
"MtrElec",2,24,13,"",0.765469,0,0,0,0,0,0,0,0,0,0,0,0,0,0,0,0,0,0,0,0,394.955,0,0,-394.19
"MtrElec",2,24,14,"",69.5684,0,0,0,0,0,0,0,0,0,0,0,0,0,0,0,0,0,0,0,0,367.474,0,0,-297.905
"MtrElec",2,24,15,"",81.1954,0,0,0,0,0,0,0,0,0,0,0,0,0,0,0,0,0,0,0,0,325.789,0,0,-244.593
"MtrElec",2,24,16,"",177.985,0,0,0,0,0,0,0,0,0,0,0,0,0,0,0,0,0,0,0,0,367.917,0,0,-189.932
"MtrElec",2,24,17,"",262.301,0,0,0,0,0,0,0,0,0,0,0,0,0,0,0,0,0,0,0,0,368.699,0,0,-106.398
"MtrElec",2,24,18,"",426.065,0,0,0,0,0,0,0,0,0,0,0,0,0,0,0,0,0,0,0,0,442.961,0,0,-16.8954
"MtrElec",2,24,19,"",376.608,0,0,0,0,0,0,0,0,0,0,0,0,0,0,0,0,0,0,0,0,376.608,0,0,0
"MtrElec",2,24,20,"",428.974,0,0,0,0,0,0,0,0,0,0,0,0,0,0,0,0,0,0,0,0,428.974,0,0,0
"MtrElec",2,24,21,"",450.14,0,0,0,0,0,0,0,0,0,0,0,0,0,0,0,0,0,0,0,0,450.14,0,0,0
"MtrElec",2,24,22,"",275.525,0,0,0,0,0,0,0,0,0,0,0,0,0,0,0,0,0,0,0,0,275.525,0,0,0
"MtrElec",2,24,23,"",318.877,0,0,0,0,0,0,0,0,0,0,0,0,0,0,0,0,0,0,0,0,318.877,0,0,0
"MtrElec",2,24,24,"",191.769,0,0,0,0,0,0,0,0,0,0,0,0,0,0,0,0,0,0,0,0,191.769,0,0,0
"MtrElec",2,25,1,"",182.063,0,0,0,0,0,0,0,0,0,0,0,0,0,0,0,0,0,0,0,0,182.063,0,0,0
"MtrElec",2,25,2,"",160.043,0,0,0,0,0,0,0,0,0,0,0,0,0,0,0,0,0,0,0,0,160.043,0,0,0
"MtrElec",2,25,3,"",190.484,0,0,0,0,0,0,0,0,0,0,0,0,0,0,0,0,0,0,0,0,190.484,0,0,0
"MtrElec",2,25,4,"",179.217,0,0,0,0,0,0,0,0,0,0,0,0,0,0,0,0,0,0,0,0,179.217,0,0,0
"MtrElec",2,25,5,"",165.565,0,0,0,0,0,0,0,0,0,0,0,0,0,0,0,0,0,0,0,0,165.565,0,0,0
"MtrElec",2,25,6,"",164.48,0,0,0,0,0,0,0,0,0,0,0,0,0,0,0,0,0,0,0,0,164.48,0,0,0
"MtrElec",2,25,7,"",251.43,0,0,0,0,0,0,0,0,0,0,0,0,0,0,0,0,0,0,0,0,260.836,0,0,-9.40648
"MtrElec",2,25,8,"",141.34,0,0,0,0,0,0,0,0,0,0,0,0,0,0,0,0,0,0,0,0,309.562,0,0,-168.222
"MtrElec",2,25,9,"",-11.0833,0,0,0,0,0,0,0,0,0,0,0,0,0,0,0,0,0,0,0,0,360.165,0,0,-371.248
"MtrElec",2,25,10,"",-14.0548,0,0,0,0,0,0,0,0,0,0,0,0,0,0,0,0,0,0,0,0,395.822,0,0,-409.877
"MtrElec",2,25,11,"",0,0,0,0,0,0,0,0,0,0,0,0,0,0,0,0,0,0,0,0,0,398.862,0,187.107,-585.969
"MtrElec",2,25,12,"",-56.3143,0,0,0,0,0,0,0,0,0,0,0,0,0,0,0,0,0,0,0,0,412.459,0,223.217,-691.991
"MtrElec",2,25,13,"",-115.06,0,0,0,0,0,0,0,0,0,0,0,0,0,0,0,0,0,0,0,0,341.719,0,223.217,-679.996
"MtrElec",2,25,14,"",-72.6318,0,0,0,0,0,0,0,0,0,0,0,0,0,0,0,0,0,0,0,0,387.981,0,165.341,-625.953
"MtrElec",2,25,15,"",-210.005,0,0,0,0,0,0,0,0,0,0,0,0,0,0,0,0,0,0,0,0,332.092,0,0,-542.097
"MtrElec",2,25,16,"",-3.77378,0,0,0,0,0,0,0,0,0,0,0,0,0,0,0,0,0,0,0,0,391.12,0,0,-394.894
"MtrElec",2,25,17,"",179.636,0,0,0,0,0,0,0,0,0,0,0,0,0,0,0,0,0,0,0,0,376.56,0,0,-196.924
"MtrElec",2,25,18,"",402.099,0,0,0,0,0,0,0,0,0,0,0,0,0,0,0,0,0,0,0,0,425.76,0,0,-23.6612
"MtrElec",2,25,19,"",157.472,0,0,0,0,0,0,0,0,0,0,0,0,0,0,0,0,0,0,0,0,380.689,0,-223.217,0
"MtrElec",2,25,20,"",200.864,0,0,0,0,0,0,0,0,0,0,0,0,0,0,0,0,0,0,0,0,424.081,0,-223.217,0
"MtrElec",2,25,21,"",153.688,0,0,0,0,0,0,0,0,0,0,0,0,0,0,0,0,0,0,0,0,376.905,0,-223.217,0
"MtrElec",2,25,22,"",279.125,0,0,0,0,0,0,0,0,0,0,0,0,0,0,0,0,0,0,0,0,330.465,0,-51.3398,0
"MtrElec",2,25,23,"",301.948,0,0,0,0,0,0,0,0,0,0,0,0,0,0,0,0,0,0,0,0,301.948,0,0,0
"MtrElec",2,25,24,"",213.795,0,0,0,0,0,0,0,0,0,0,0,0,0,0,0,0,0,0,0,0,213.795,0,0,0
"MtrElec",2,26,1,"",165.16,0,0,0,0,0,0,0,0,0,0,0,0,0,0,0,0,0,0,0,0,165.16,0,0,0
"MtrElec",2,26,2,"",156.174,0,0,0,0,0,0,0,0,0,0,0,0,0,0,0,0,0,0,0,0,156.174,0,0,0
"MtrElec",2,26,3,"",152.867,0,0,0,0,0,0,0,0,0,0,0,0,0,0,0,0,0,0,0,0,152.867,0,0,0
"MtrElec",2,26,4,"",195.737,0,0,0,0,0,0,0,0,0,0,0,0,0,0,0,0,0,0,0,0,195.737,0,0,0
"MtrElec",2,26,5,"",162.242,0,0,0,0,0,0,0,0,0,0,0,0,0,0,0,0,0,0,0,0,162.242,0,0,0
"MtrElec",2,26,6,"",168.211,0,0,0,0,0,0,0,0,0,0,0,0,0,0,0,0,0,0,0,0,168.211,0,0,0
"MtrElec",2,26,7,"",249.504,0,0,0,0,0,0,0,0,0,0,0,0,0,0,0,0,0,0,0,0,259.832,0,0,-10.3288
"MtrElec",2,26,8,"",150.136,0,0,0,0,0,0,0,0,0,0,0,0,0,0,0,0,0,0,0,0,324.033,0,0,-173.897
"MtrElec",2,26,9,"",11.2198,0,0,0,0,0,0,0,0,0,0,0,0,0,0,0,0,0,0,0,0,383.282,0,0,-372.062
"MtrElec",2,26,10,"",-51.0838,0,0,0,0,0,0,0,0,0,0,0,0,0,0,0,0,0,0,0,0,463.352,0,0,-514.435
"MtrElec",2,26,11,"",0.0000156,0,0,0,0,0,0,0,0,0,0,0,0,0,0,0,0,0,0,0,0,479.59,0,136.447,-616.037
"MtrElec",2,26,12,"",0.0000156,0,0,0,0,0,0,0,0,0,0,0,0,0,0,0,0,0,0,0,0,456.903,0,207.149,-664.052
"MtrElec",2,26,13,"",0,0,0,0,0,0,0,0,0,0,0,0,0,0,0,0,0,0,0,0,0,456.896,0,192.798,-649.694
"MtrElec",2,26,14,"",0,0,0,0,0,0,0,0,0,0,0,0,0,0,0,0,0,0,0,0,0,395.16,0,206.123,-601.283
"MtrElec",2,26,15,"",-75.2573,0,0,0,0,0,0,0,0,0,0,0,0,0,0,0,0,0,0,0,0,376.475,0,56.364,-508.096
"MtrElec",2,26,16,"",64.5191,0,0,0,0,0,0,0,0,0,0,0,0,0,0,0,0,0,0,0,0,435.328,0,0,-370.809
"MtrElec",2,26,17,"",239.584,0,0,0,0,0,0,0,0,0,0,0,0,0,0,0,0,0,0,0,0,429.012,0,0,-189.428
"MtrElec",2,26,18,"",416.033,0,0,0,0,0,0,0,0,0,0,0,0,0,0,0,0,0,0,0,0,439.217,0,0,-23.1848
"MtrElec",2,26,19,"",212.66,0,0,0,0,0,0,0,0,0,0,0,0,0,0,0,0,0,0,0,0,435.877,0,-223.217,0
"MtrElec",2,26,20,"",226.107,0,0,0,0,0,0,0,0,0,0,0,0,0,0,0,0,0,0,0,0,449.324,0,-223.217,0
"MtrElec",2,26,21,"",162.921,0,0,0,0,0,0,0,0,0,0,0,0,0,0,0,0,0,0,0,0,386.138,0,-223.217,0
"MtrElec",2,26,22,"",253.301,0,0,0,0,0,0,0,0,0,0,0,0,0,0,0,0,0,0,0,0,304.641,0,-51.3398,0
"MtrElec",2,26,23,"",311.127,0,0,0,0,0,0,0,0,0,0,0,0,0,0,0,0,0,0,0,0,311.127,0,0,0
"MtrElec",2,26,24,"",227.32,0,0,0,0,0,0,0,0,0,0,0,0,0,0,0,0,0,0,0,0,227.32,0,0,0
"MtrElec",2,27,1,"",151.604,0,0,0,0,0,0,0,0,0,0,0,0,0,0,0,0,0,0,0,0,151.604,0,0,0
"MtrElec",2,27,2,"",151.87,0,0,0,0,0,0,0,0,0,0,0,0,0,0,0,0,0,0,0,0,151.87,0,0,0
"MtrElec",2,27,3,"",149.484,0,0,0,0,0,0,0,0,0,0,0,0,0,0,0,0,0,0,0,0,149.484,0,0,0
"MtrElec",2,27,4,"",150.641,0,0,0,0,0,0,0,0,0,0,0,0,0,0,0,0,0,0,0,0,150.641,0,0,0
"MtrElec",2,27,5,"",185.795,0,0,0,0,0,0,0,0,0,0,0,0,0,0,0,0,0,0,0,0,185.795,0,0,0
"MtrElec",2,27,6,"",157.48,0,0,0,0,0,0,0,0,0,0,0,0,0,0,0,0,0,0,0,0,157.48,0,0,0
"MtrElec",2,27,7,"",258.166,0,0,0,0,0,0,0,0,0,0,0,0,0,0,0,0,0,0,0,0,268.06,0,0,-9.89457
"MtrElec",2,27,8,"",131.233,0,0,0,0,0,0,0,0,0,0,0,0,0,0,0,0,0,0,0,0,300.405,0,0,-169.173
"MtrElec",2,27,9,"",18.1339,0,0,0,0,0,0,0,0,0,0,0,0,0,0,0,0,0,0,0,0,380.836,0,0,-362.702
"MtrElec",2,27,10,"",-50.0169,0,0,0,0,0,0,0,0,0,0,0,0,0,0,0,0,0,0,0,0,460.595,0,0,-510.611
"MtrElec",2,27,11,"",0,0,0,0,0,0,0,0,0,0,0,0,0,0,0,0,0,0,0,0,0,404.103,0,201.619,-605.722
"MtrElec",2,27,12,"",0,0,0,0,0,0,0,0,0,0,0,0,0,0,0,0,0,0,0,0,0,441.678,0,207.757,-649.434
"MtrElec",2,27,13,"",0,0,0,0,0,0,0,0,0,0,0,0,0,0,0,0,0,0,0,0,0,515.639,0,149.665,-665.304
"MtrElec",2,27,14,"",-16.4158,0,0,0,0,0,0,0,0,0,0,0,0,0,0,0,0,0,0,0,0,387.466,0,223.217,-627.098
"MtrElec",2,27,15,"",-92.8526,0,0,0,0,0,0,0,0,0,0,0,0,0,0,0,0,0,0,0,0,426.081,0,16.6236,-535.557
"MtrElec",2,27,16,"",-4.36103,0,0,0,0,0,0,0,0,0,0,0,0,0,0,0,0,0,0,0,0,387.036,0,0,-391.397
"MtrElec",2,27,17,"",265.854,0,0,0,0,0,0,0,0,0,0,0,0,0,0,0,0,0,0,0,0,463.171,0,0,-197.317
"MtrElec",2,27,18,"",412.365,0,0,0,0,0,0,0,0,0,0,0,0,0,0,0,0,0,0,0,0,436.225,0,0,-23.86
"MtrElec",2,27,19,"",190.229,0,0,0,0,0,0,0,0,0,0,0,0,0,0,0,0,0,0,0,0,413.446,0,-223.217,0
"MtrElec",2,27,20,"",231.795,0,0,0,0,0,0,0,0,0,0,0,0,0,0,0,0,0,0,0,0,455.012,0,-223.217,0
"MtrElec",2,27,21,"",145.543,0,0,0,0,0,0,0,0,0,0,0,0,0,0,0,0,0,0,0,0,368.76,0,-223.217,0
"MtrElec",2,27,22,"",254.973,0,0,0,0,0,0,0,0,0,0,0,0,0,0,0,0,0,0,0,0,306.313,0,-51.3398,0
"MtrElec",2,27,23,"",324.931,0,0,0,0,0,0,0,0,0,0,0,0,0,0,0,0,0,0,0,0,324.931,0,0,0
"MtrElec",2,27,24,"",257.004,0,0,0,0,0,0,0,0,0,0,0,0,0,0,0,0,0,0,0,0,257.004,0,0,0
"MtrElec",2,28,1,"",163.715,0,0,0,0,0,0,0,0,0,0,0,0,0,0,0,0,0,0,0,0,163.715,0,0,0
"MtrElec",2,28,2,"",151.156,0,0,0,0,0,0,0,0,0,0,0,0,0,0,0,0,0,0,0,0,151.156,0,0,0
"MtrElec",2,28,3,"",151.489,0,0,0,0,0,0,0,0,0,0,0,0,0,0,0,0,0,0,0,0,151.489,0,0,0
"MtrElec",2,28,4,"",171.688,0,0,0,0,0,0,0,0,0,0,0,0,0,0,0,0,0,0,0,0,171.688,0,0,0
"MtrElec",2,28,5,"",181.631,0,0,0,0,0,0,0,0,0,0,0,0,0,0,0,0,0,0,0,0,181.631,0,0,0
"MtrElec",2,28,6,"",152.365,0,0,0,0,0,0,0,0,0,0,0,0,0,0,0,0,0,0,0,0,152.365,0,0,0
"MtrElec",2,28,7,"",163.867,0,0,0,0,0,0,0,0,0,0,0,0,0,0,0,0,0,0,0,0,168.606,0,0,-4.73842
"MtrElec",2,28,8,"",147.529,0,0,0,0,0,0,0,0,0,0,0,0,0,0,0,0,0,0,0,0,268.748,0,0,-121.218
"MtrElec",2,28,9,"",-65.4912,0,0,0,0,0,0,0,0,0,0,0,0,0,0,0,0,0,0,0,0,300.725,0,0,-366.216
"MtrElec",2,28,10,"",-127.819,0,0,0,0,0,0,0,0,0,0,0,0,0,0,0,0,0,0,0,0,379.928,0,0,-507.747
"MtrElec",2,28,11,"",0,0,0,0,0,0,0,0,0,0,0,0,0,0,0,0,0,0,0,0,0,491.679,0,107.781,-599.46
"MtrElec",2,28,12,"",0.0000078,0,0,0,0,0,0,0,0,0,0,0,0,0,0,0,0,0,0,0,0,526.244,0,119.021,-645.265
"MtrElec",2,28,13,"",0,0,0,0,0,0,0,0,0,0,0,0,0,0,0,0,0,0,0,0,0,505.259,0,151.715,-656.974
"MtrElec",2,28,14,"",0,0,0,0,0,0,0,0,0,0,0,0,0,0,0,0,0,0,0,0,0,460.072,0,162.354,-622.426
"MtrElec",2,28,15,"",0,0,0,0,0,0,0,0,0,0,0,0,0,0,0,0,0,0,0,0,0,441.814,0,81.9987,-523.813
"MtrElec",2,28,16,"",61.9091,0,0,0,0,0,0,0,0,0,0,0,0,0,0,0,0,0,0,0,0,438.672,0,0,-376.762
"MtrElec",2,28,17,"",233.583,0,0,0,0,0,0,0,0,0,0,0,0,0,0,0,0,0,0,0,0,427.493,0,0,-193.911
"MtrElec",2,28,18,"",395.177,0,0,0,0,0,0,0,0,0,0,0,0,0,0,0,0,0,0,0,0,418.789,0,0,-23.6121
"MtrElec",2,28,19,"",251.985,0,0,0,0,0,0,0,0,0,0,0,0,0,0,0,0,0,0,0,0,475.202,0,-223.217,0
"MtrElec",2,28,20,"",178.372,0,0,0,0,0,0,0,0,0,0,0,0,0,0,0,0,0,0,0,0,401.588,0,-223.217,0
"MtrElec",2,28,21,"",202.765,0,0,0,0,0,0,0,0,0,0,0,0,0,0,0,0,0,0,0,0,318.471,0,-115.706,0
"MtrElec",2,28,22,"",320.417,0,0,0,0,0,0,0,0,0,0,0,0,0,0,0,0,0,0,0,0,320.417,0,0,0
"MtrElec",2,28,23,"",262.287,0,0,0,0,0,0,0,0,0,0,0,0,0,0,0,0,0,0,0,0,262.287,0,0,0
"MtrElec",2,28,24,"",227.484,0,0,0,0,0,0,0,0,0,0,0,0,0,0,0,0,0,0,0,0,227.484,0,0,0
"MtrElec",3,1,1,"",169.222,0,0,0,0,0,0,0,0,0,0,0,0,0,0,0,0,0,0,0,0,169.222,0,0,0
"MtrElec",3,1,2,"",151.131,0,0,0,0,0,0,0,0,0,0,0,0,0,0,0,0,0,0,0,0,151.131,0,0,0
"MtrElec",3,1,3,"",151.917,0,0,0,0,0,0,0,0,0,0,0,0,0,0,0,0,0,0,0,0,151.917,0,0,0
"MtrElec",3,1,4,"",153.572,0,0,0,0,0,0,0,0,0,0,0,0,0,0,0,0,0,0,0,0,153.572,0,0,0
"MtrElec",3,1,5,"",201.18,0,0,0,0,0,0,0,0,0,0,0,0,0,0,0,0,0,0,0,0,201.18,0,0,0
"MtrElec",3,1,6,"",155.206,0,0,0,0,0,0,0,0,0,0,0,0,0,0,0,0,0,0,0,0,155.206,0,0,0
"MtrElec",3,1,7,"",159.06,0,0,0,0,0,0,0,0,0,0,0,0,0,0,0,0,0,0,0,0,164.714,0,0,-5.65406
"MtrElec",3,1,8,"",149.41,0,0,0,0,0,0,0,0,0,0,0,0,0,0,0,0,0,0,0,0,265.353,0,0,-115.942
"MtrElec",3,1,9,"",-75.5901,0,0,0,0,0,0,0,0,0,0,0,0,0,0,0,0,0,0,0,0,278.788,0,0,-354.378
"MtrElec",3,1,10,"",-216.165,0,0,0,0,0,0,0,0,0,0,0,0,0,0,0,0,0,0,0,0,314.003,0,0,-530.168
"MtrElec",3,1,11,"",-37.0511,0,0,0,0,0,0,0,0,0,0,0,0,0,0,0,0,0,0,0,0,375.509,0,223.217,-635.777
"MtrElec",3,1,12,"",-41.699,0,0,0,0,0,0,0,0,0,0,0,0,0,0,0,0,0,0,0,0,420.536,0,223.217,-685.452
"MtrElec",3,1,13,"",-29.9968,0,0,0,0,0,0,0,0,0,0,0,0,0,0,0,0,0,0,0,0,439.644,0,223.217,-692.858
"MtrElec",3,1,14,"",-204.172,0,0,0,0,0,0,0,0,0,0,0,0,0,0,0,0,0,0,0,0,324.548,0,129.231,-657.951
"MtrElec",3,1,15,"",-188.633,0,0,0,0,0,0,0,0,0,0,0,0,0,0,0,0,0,0,0,0,368.477,0,0,-557.11
"MtrElec",3,1,16,"",-87.9045,0,0,0,0,0,0,0,0,0,0,0,0,0,0,0,0,0,0,0,0,316.217,0,0,-404.122
"MtrElec",3,1,17,"",138.871,0,0,0,0,0,0,0,0,0,0,0,0,0,0,0,0,0,0,0,0,330.435,0,0,-191.564
"MtrElec",3,1,18,"",342.311,0,0,0,0,0,0,0,0,0,0,0,0,0,0,0,0,0,0,0,0,360.922,0,0,-18.6118
"MtrElec",3,1,19,"",212.988,0,0,0,0,0,0,0,0,0,0,0,0,0,0,0,0,0,0,0,0,436.205,0,-223.217,0
"MtrElec",3,1,20,"",150.29,0,0,0,0,0,0,0,0,0,0,0,0,0,0,0,0,0,0,0,0,373.506,0,-223.217,0
"MtrElec",3,1,21,"",123.665,0,0,0,0,0,0,0,0,0,0,0,0,0,0,0,0,0,0,0,0,346.882,0,-223.217,0
"MtrElec",3,1,22,"",307.211,0,0,0,0,0,0,0,0,0,0,0,0,0,0,0,0,0,0,0,0,358.551,0,-51.3398,0
"MtrElec",3,1,23,"",212.206,0,0,0,0,0,0,0,0,0,0,0,0,0,0,0,0,0,0,0,0,212.206,0,0,0
"MtrElec",3,1,24,"",191.753,0,0,0,0,0,0,0,0,0,0,0,0,0,0,0,0,0,0,0,0,191.753,0,0,0
"MtrElec",3,2,1,"",157.91,0,0,0,0,0,0,0,0,0,0,0,0,0,0,0,0,0,0,0,0,157.91,0,0,0
"MtrElec",3,2,2,"",157.623,0,0,0,0,0,0,0,0,0,0,0,0,0,0,0,0,0,0,0,0,157.623,0,0,0
"MtrElec",3,2,3,"",155.361,0,0,0,0,0,0,0,0,0,0,0,0,0,0,0,0,0,0,0,0,155.361,0,0,0
"MtrElec",3,2,4,"",156.044,0,0,0,0,0,0,0,0,0,0,0,0,0,0,0,0,0,0,0,0,156.044,0,0,0
"MtrElec",3,2,5,"",197.011,0,0,0,0,0,0,0,0,0,0,0,0,0,0,0,0,0,0,0,0,197.011,0,0,0
"MtrElec",3,2,6,"",159.548,0,0,0,0,0,0,0,0,0,0,0,0,0,0,0,0,0,0,0,0,159.548,0,0,0
"MtrElec",3,2,7,"",253.748,0,0,0,0,0,0,0,0,0,0,0,0,0,0,0,0,0,0,0,0,275.518,0,0,-21.7701
"MtrElec",3,2,8,"",121.653,0,0,0,0,0,0,0,0,0,0,0,0,0,0,0,0,0,0,0,0,304.184,0,0,-182.532
"MtrElec",3,2,9,"",-7.67169,0,0,0,0,0,0,0,0,0,0,0,0,0,0,0,0,0,0,0,0,372.411,0,0,-380.083
"MtrElec",3,2,10,"",-126.957,0,0,0,0,0,0,0,0,0,0,0,0,0,0,0,0,0,0,0,0,406.604,0,0,-533.561
"MtrElec",3,2,11,"",-11.8003,0,0,0,0,0,0,0,0,0,0,0,0,0,0,0,0,0,0,0,0,395.699,0,223.217,-630.716
"MtrElec",3,2,12,"",-31.2643,0,0,0,0,0,0,0,0,0,0,0,0,0,0,0,0,0,0,0,0,424.726,0,223.217,-679.207
"MtrElec",3,2,13,"",-120.329,0,0,0,0,0,0,0,0,0,0,0,0,0,0,0,0,0,0,0,0,344.278,0,223.217,-687.824
"MtrElec",3,2,14,"",-147.812,0,0,0,0,0,0,0,0,0,0,0,0,0,0,0,0,0,0,0,0,365.659,0,129.231,-642.701
"MtrElec",3,2,15,"",-227.917,0,0,0,0,0,0,0,0,0,0,0,0,0,0,0,0,0,0,0,0,314.618,0,0,-542.535
"MtrElec",3,2,16,"",-24.7687,0,0,0,0,0,0,0,0,0,0,0,0,0,0,0,0,0,0,0,0,367.276,0,0,-392.045
"MtrElec",3,2,17,"",212.888,0,0,0,0,0,0,0,0,0,0,0,0,0,0,0,0,0,0,0,0,342.531,0,0,-129.643
"MtrElec",3,2,18,"",424.858,0,0,0,0,0,0,0,0,0,0,0,0,0,0,0,0,0,0,0,0,434.928,0,0,-10.07
"MtrElec",3,2,19,"",160.727,0,0,0,0,0,0,0,0,0,0,0,0,0,0,0,0,0,0,0,0,383.944,0,-223.217,0
"MtrElec",3,2,20,"",199.714,0,0,0,0,0,0,0,0,0,0,0,0,0,0,0,0,0,0,0,0,422.931,0,-223.217,0
"MtrElec",3,2,21,"",151.378,0,0,0,0,0,0,0,0,0,0,0,0,0,0,0,0,0,0,0,0,374.595,0,-223.217,0
"MtrElec",3,2,22,"",256.29,0,0,0,0,0,0,0,0,0,0,0,0,0,0,0,0,0,0,0,0,307.63,0,-51.3398,0
"MtrElec",3,2,23,"",249.979,0,0,0,0,0,0,0,0,0,0,0,0,0,0,0,0,0,0,0,0,249.979,0,0,0
"MtrElec",3,2,24,"",245.588,0,0,0,0,0,0,0,0,0,0,0,0,0,0,0,0,0,0,0,0,245.588,0,0,0
"MtrElec",3,3,1,"",183.245,0,0,0,0,0,0,0,0,0,0,0,0,0,0,0,0,0,0,0,0,183.245,0,0,0
"MtrElec",3,3,2,"",154.081,0,0,0,0,0,0,0,0,0,0,0,0,0,0,0,0,0,0,0,0,154.081,0,0,0
"MtrElec",3,3,3,"",147.446,0,0,0,0,0,0,0,0,0,0,0,0,0,0,0,0,0,0,0,0,147.446,0,0,0
"MtrElec",3,3,4,"",151.404,0,0,0,0,0,0,0,0,0,0,0,0,0,0,0,0,0,0,0,0,151.404,0,0,0
"MtrElec",3,3,5,"",143.03,0,0,0,0,0,0,0,0,0,0,0,0,0,0,0,0,0,0,0,0,143.03,0,0,0
"MtrElec",3,3,6,"",210.134,0,0,0,0,0,0,0,0,0,0,0,0,0,0,0,0,0,0,0,0,210.134,0,0,0
"MtrElec",3,3,7,"",209.858,0,0,0,0,0,0,0,0,0,0,0,0,0,0,0,0,0,0,0,0,212.94,0,0,-3.08251
"MtrElec",3,3,8,"",257.717,0,0,0,0,0,0,0,0,0,0,0,0,0,0,0,0,0,0,0,0,292.303,0,0,-34.5863
"MtrElec",3,3,9,"",267.748,0,0,0,0,0,0,0,0,0,0,0,0,0,0,0,0,0,0,0,0,354.566,0,0,-86.8182
"MtrElec",3,3,10,"",177.38,0,0,0,0,0,0,0,0,0,0,0,0,0,0,0,0,0,0,0,0,408.109,0,0,-230.729
"MtrElec",3,3,11,"",272.305,0,0,0,0,0,0,0,0,0,0,0,0,0,0,0,0,0,0,0,0,384.023,0,0,-111.718
"MtrElec",3,3,12,"",231.176,0,0,0,0,0,0,0,0,0,0,0,0,0,0,0,0,0,0,0,0,387.878,0,0,-156.703
"MtrElec",3,3,13,"",61.5955,0,0,0,0,0,0,0,0,0,0,0,0,0,0,0,0,0,0,0,0,398.395,0,0,-336.799
"MtrElec",3,3,14,"",215.461,0,0,0,0,0,0,0,0,0,0,0,0,0,0,0,0,0,0,0,0,344.101,0,0,-128.64
"MtrElec",3,3,15,"",167.11,0,0,0,0,0,0,0,0,0,0,0,0,0,0,0,0,0,0,0,0,304.178,0,0,-137.068
"MtrElec",3,3,16,"",254.009,0,0,0,0,0,0,0,0,0,0,0,0,0,0,0,0,0,0,0,0,368.566,0,0,-114.556
"MtrElec",3,3,17,"",320.133,0,0,0,0,0,0,0,0,0,0,0,0,0,0,0,0,0,0,0,0,353.17,0,0,-33.0368
"MtrElec",3,3,18,"",398.521,0,0,0,0,0,0,0,0,0,0,0,0,0,0,0,0,0,0,0,0,398.521,0,0,0
"MtrElec",3,3,19,"",421.611,0,0,0,0,0,0,0,0,0,0,0,0,0,0,0,0,0,0,0,0,421.611,0,0,0
"MtrElec",3,3,20,"",366.907,0,0,0,0,0,0,0,0,0,0,0,0,0,0,0,0,0,0,0,0,366.907,0,0,0
"MtrElec",3,3,21,"",419.417,0,0,0,0,0,0,0,0,0,0,0,0,0,0,0,0,0,0,0,0,419.417,0,0,0
"MtrElec",3,3,22,"",328.831,0,0,0,0,0,0,0,0,0,0,0,0,0,0,0,0,0,0,0,0,328.831,0,0,0
"MtrElec",3,3,23,"",270.739,0,0,0,0,0,0,0,0,0,0,0,0,0,0,0,0,0,0,0,0,270.739,0,0,0
"MtrElec",3,3,24,"",237.41,0,0,0,0,0,0,0,0,0,0,0,0,0,0,0,0,0,0,0,0,237.41,0,0,0
"MtrElec",3,4,1,"",177.833,0,0,0,0,0,0,0,0,0,0,0,0,0,0,0,0,0,0,0,0,177.833,0,0,0
"MtrElec",3,4,2,"",166.153,0,0,0,0,0,0,0,0,0,0,0,0,0,0,0,0,0,0,0,0,166.153,0,0,0
"MtrElec",3,4,3,"",156.911,0,0,0,0,0,0,0,0,0,0,0,0,0,0,0,0,0,0,0,0,156.911,0,0,0
"MtrElec",3,4,4,"",155.41,0,0,0,0,0,0,0,0,0,0,0,0,0,0,0,0,0,0,0,0,155.41,0,0,0
"MtrElec",3,4,5,"",153.524,0,0,0,0,0,0,0,0,0,0,0,0,0,0,0,0,0,0,0,0,153.524,0,0,0
"MtrElec",3,4,6,"",188.31,0,0,0,0,0,0,0,0,0,0,0,0,0,0,0,0,0,0,0,0,188.31,0,0,0
"MtrElec",3,4,7,"",260.107,0,0,0,0,0,0,0,0,0,0,0,0,0,0,0,0,0,0,0,0,260.107,0,0,0
"MtrElec",3,4,8,"",246.939,0,0,0,0,0,0,0,0,0,0,0,0,0,0,0,0,0,0,0,0,296.52,0,0,-49.5812
"MtrElec",3,4,9,"",91.1848,0,0,0,0,0,0,0,0,0,0,0,0,0,0,0,0,0,0,0,0,362.315,0,0,-271.13
"MtrElec",3,4,10,"",117.816,0,0,0,0,0,0,0,0,0,0,0,0,0,0,0,0,0,0,0,0,419.345,0,0,-301.529
"MtrElec",3,4,11,"",56.4769,0,0,0,0,0,0,0,0,0,0,0,0,0,0,0,0,0,0,0,0,398.654,0,0,-342.177
"MtrElec",3,4,12,"",225.494,0,0,0,0,0,0,0,0,0,0,0,0,0,0,0,0,0,0,0,0,418.83,0,0,-193.336
"MtrElec",3,4,13,"",266.921,0,0,0,0,0,0,0,0,0,0,0,0,0,0,0,0,0,0,0,0,373.841,0,0,-106.92
"MtrElec",3,4,14,"",269.828,0,0,0,0,0,0,0,0,0,0,0,0,0,0,0,0,0,0,0,0,354.122,0,0,-84.2946
"MtrElec",3,4,15,"",186.866,0,0,0,0,0,0,0,0,0,0,0,0,0,0,0,0,0,0,0,0,312.823,0,0,-125.957
"MtrElec",3,4,16,"",275.927,0,0,0,0,0,0,0,0,0,0,0,0,0,0,0,0,0,0,0,0,365.406,0,0,-89.4789
"MtrElec",3,4,17,"",352.158,0,0,0,0,0,0,0,0,0,0,0,0,0,0,0,0,0,0,0,0,363.84,0,0,-11.6819
"MtrElec",3,4,18,"",400.496,0,0,0,0,0,0,0,0,0,0,0,0,0,0,0,0,0,0,0,0,404.717,0,0,-4.22132
"MtrElec",3,4,19,"",371.756,0,0,0,0,0,0,0,0,0,0,0,0,0,0,0,0,0,0,0,0,371.756,0,0,0
"MtrElec",3,4,20,"",426.494,0,0,0,0,0,0,0,0,0,0,0,0,0,0,0,0,0,0,0,0,426.494,0,0,0
"MtrElec",3,4,21,"",441.715,0,0,0,0,0,0,0,0,0,0,0,0,0,0,0,0,0,0,0,0,441.715,0,0,0
"MtrElec",3,4,22,"",273.378,0,0,0,0,0,0,0,0,0,0,0,0,0,0,0,0,0,0,0,0,273.378,0,0,0
"MtrElec",3,4,23,"",317.6,0,0,0,0,0,0,0,0,0,0,0,0,0,0,0,0,0,0,0,0,317.6,0,0,0
"MtrElec",3,4,24,"",214.006,0,0,0,0,0,0,0,0,0,0,0,0,0,0,0,0,0,0,0,0,214.006,0,0,0
"MtrElec",3,5,1,"",168.586,0,0,0,0,0,0,0,0,0,0,0,0,0,0,0,0,0,0,0,0,168.586,0,0,0
"MtrElec",3,5,2,"",165.6,0,0,0,0,0,0,0,0,0,0,0,0,0,0,0,0,0,0,0,0,165.6,0,0,0
"MtrElec",3,5,3,"",181.543,0,0,0,0,0,0,0,0,0,0,0,0,0,0,0,0,0,0,0,0,181.543,0,0,0
"MtrElec",3,5,4,"",177.598,0,0,0,0,0,0,0,0,0,0,0,0,0,0,0,0,0,0,0,0,177.598,0,0,0
"MtrElec",3,5,5,"",158.307,0,0,0,0,0,0,0,0,0,0,0,0,0,0,0,0,0,0,0,0,158.307,0,0,0
"MtrElec",3,5,6,"",161.401,0,0,0,0,0,0,0,0,0,0,0,0,0,0,0,0,0,0,0,0,161.401,0,0,0
"MtrElec",3,5,7,"",247.226,0,0,0,0,0,0,0,0,0,0,0,0,0,0,0,0,0,0,0,0,247.226,0,0,0
"MtrElec",3,5,8,"",305.032,0,0,0,0,0,0,0,0,0,0,0,0,0,0,0,0,0,0,0,0,305.032,0,0,0
"MtrElec",3,5,9,"",393.324,0,0,0,0,0,0,0,0,0,0,0,0,0,0,0,0,0,0,0,0,398.442,0,0,-5.11815
"MtrElec",3,5,10,"",423.168,0,0,0,0,0,0,0,0,0,0,0,0,0,0,0,0,0,0,0,0,474.455,0,0,-51.2869
"MtrElec",3,5,11,"",108.03,0,0,0,0,0,0,0,0,0,0,0,0,0,0,0,0,0,0,0,0,431.281,0,0,-323.25
"MtrElec",3,5,12,"",309.026,0,0,0,0,0,0,0,0,0,0,0,0,0,0,0,0,0,0,0,0,397.501,0,0,-88.4745
"MtrElec",3,5,13,"",45.0773,0,0,0,0,0,0,0,0,0,0,0,0,0,0,0,0,0,0,0,0,409.771,0,0,-364.693
"MtrElec",3,5,14,"",170.767,0,0,0,0,0,0,0,0,0,0,0,0,0,0,0,0,0,0,0,0,350.297,0,0,-179.53
"MtrElec",3,5,15,"",178.297,0,0,0,0,0,0,0,0,0,0,0,0,0,0,0,0,0,0,0,0,347.615,0,0,-169.318
"MtrElec",3,5,16,"",146.849,0,0,0,0,0,0,0,0,0,0,0,0,0,0,0,0,0,0,0,0,346.796,0,0,-199.948
"MtrElec",3,5,17,"",202.26,0,0,0,0,0,0,0,0,0,0,0,0,0,0,0,0,0,0,0,0,390.642,0,0,-188.383
"MtrElec",3,5,18,"",431.619,0,0,0,0,0,0,0,0,0,0,0,0,0,0,0,0,0,0,0,0,458.233,0,0,-26.6138
"MtrElec",3,5,19,"",410.31,0,0,0,0,0,0,0,0,0,0,0,0,0,0,0,0,0,0,0,0,410.31,0,0,0
"MtrElec",3,5,20,"",425.634,0,0,0,0,0,0,0,0,0,0,0,0,0,0,0,0,0,0,0,0,425.634,0,0,0
"MtrElec",3,5,21,"",372.179,0,0,0,0,0,0,0,0,0,0,0,0,0,0,0,0,0,0,0,0,372.179,0,0,0
"MtrElec",3,5,22,"",347.748,0,0,0,0,0,0,0,0,0,0,0,0,0,0,0,0,0,0,0,0,347.748,0,0,0
"MtrElec",3,5,23,"",289.663,0,0,0,0,0,0,0,0,0,0,0,0,0,0,0,0,0,0,0,0,289.663,0,0,0
"MtrElec",3,5,24,"",235.466,0,0,0,0,0,0,0,0,0,0,0,0,0,0,0,0,0,0,0,0,235.466,0,0,0
"MtrElec",3,6,1,"",173.953,0,0,0,0,0,0,0,0,0,0,0,0,0,0,0,0,0,0,0,0,173.953,0,0,0
"MtrElec",3,6,2,"",167.789,0,0,0,0,0,0,0,0,0,0,0,0,0,0,0,0,0,0,0,0,167.789,0,0,0
"MtrElec",3,6,3,"",168.111,0,0,0,0,0,0,0,0,0,0,0,0,0,0,0,0,0,0,0,0,168.111,0,0,0
"MtrElec",3,6,4,"",173.388,0,0,0,0,0,0,0,0,0,0,0,0,0,0,0,0,0,0,0,0,173.388,0,0,0
"MtrElec",3,6,5,"",223.771,0,0,0,0,0,0,0,0,0,0,0,0,0,0,0,0,0,0,0,0,223.771,0,0,0
"MtrElec",3,6,6,"",176.846,0,0,0,0,0,0,0,0,0,0,0,0,0,0,0,0,0,0,0,0,176.846,0,0,0
"MtrElec",3,6,7,"",245.384,0,0,0,0,0,0,0,0,0,0,0,0,0,0,0,0,0,0,0,0,264.923,0,0,-19.5394
"MtrElec",3,6,8,"",154.646,0,0,0,0,0,0,0,0,0,0,0,0,0,0,0,0,0,0,0,0,309.196,0,0,-154.55
"MtrElec",3,6,9,"",100.481,0,0,0,0,0,0,0,0,0,0,0,0,0,0,0,0,0,0,0,0,369.794,0,0,-269.314
"MtrElec",3,6,10,"",100.221,0,0,0,0,0,0,0,0,0,0,0,0,0,0,0,0,0,0,0,0,440.473,0,0,-340.252
"MtrElec",3,6,11,"",19.2732,0,0,0,0,0,0,0,0,0,0,0,0,0,0,0,0,0,0,0,0,459.23,0,0,-439.957
"MtrElec",3,6,12,"",0,0,0,0,0,0,0,0,0,0,0,0,0,0,0,0,0,0,0,0,0,392.004,0,78.2084,-470.212
"MtrElec",3,6,13,"",325.355,0,0,0,0,0,0,0,0,0,0,0,0,0,0,0,0,0,0,0,0,412.76,0,0,-87.4051
"MtrElec",3,6,14,"",282.752,0,0,0,0,0,0,0,0,0,0,0,0,0,0,0,0,0,0,0,0,352.754,0,0,-70.0017
"MtrElec",3,6,15,"",83.9707,0,0,0,0,0,0,0,0,0,0,0,0,0,0,0,0,0,0,0,0,326.207,0,0,-242.236
"MtrElec",3,6,16,"",123.12,0,0,0,0,0,0,0,0,0,0,0,0,0,0,0,0,0,0,0,0,379.137,0,0,-256.017
"MtrElec",3,6,17,"",145.905,0,0,0,0,0,0,0,0,0,0,0,0,0,0,0,0,0,0,0,0,350.676,0,0,-204.771
"MtrElec",3,6,18,"",401.054,0,0,0,0,0,0,0,0,0,0,0,0,0,0,0,0,0,0,0,0,430.206,0,0,-29.152
"MtrElec",3,6,19,"",334.411,0,0,0,0,0,0,0,0,0,0,0,0,0,0,0,0,0,0,0,0,404.994,0,-70.5831,0
"MtrElec",3,6,20,"",425.518,0,0,0,0,0,0,0,0,0,0,0,0,0,0,0,0,0,0,0,0,425.518,0,0,0
"MtrElec",3,6,21,"",468.797,0,0,0,0,0,0,0,0,0,0,0,0,0,0,0,0,0,0,0,0,468.797,0,0,0
"MtrElec",3,6,22,"",298.222,0,0,0,0,0,0,0,0,0,0,0,0,0,0,0,0,0,0,0,0,298.222,0,0,0
"MtrElec",3,6,23,"",318.658,0,0,0,0,0,0,0,0,0,0,0,0,0,0,0,0,0,0,0,0,318.658,0,0,0
"MtrElec",3,6,24,"",244.034,0,0,0,0,0,0,0,0,0,0,0,0,0,0,0,0,0,0,0,0,244.034,0,0,0
"MtrElec",3,7,1,"",172.857,0,0,0,0,0,0,0,0,0,0,0,0,0,0,0,0,0,0,0,0,172.857,0,0,0
"MtrElec",3,7,2,"",168.569,0,0,0,0,0,0,0,0,0,0,0,0,0,0,0,0,0,0,0,0,168.569,0,0,0
"MtrElec",3,7,3,"",170.333,0,0,0,0,0,0,0,0,0,0,0,0,0,0,0,0,0,0,0,0,170.333,0,0,0
"MtrElec",3,7,4,"",170.345,0,0,0,0,0,0,0,0,0,0,0,0,0,0,0,0,0,0,0,0,170.345,0,0,0
"MtrElec",3,7,5,"",222.77,0,0,0,0,0,0,0,0,0,0,0,0,0,0,0,0,0,0,0,0,222.77,0,0,0
"MtrElec",3,7,6,"",172.615,0,0,0,0,0,0,0,0,0,0,0,0,0,0,0,0,0,0,0,0,172.615,0,0,0
"MtrElec",3,7,7,"",177.575,0,0,0,0,0,0,0,0,0,0,0,0,0,0,0,0,0,0,0,0,187.479,0,0,-9.90415
"MtrElec",3,7,8,"",151.091,0,0,0,0,0,0,0,0,0,0,0,0,0,0,0,0,0,0,0,0,268.022,0,0,-116.93
"MtrElec",3,7,9,"",-109.576,0,0,0,0,0,0,0,0,0,0,0,0,0,0,0,0,0,0,0,0,281.565,0,0,-391.141
"MtrElec",3,7,10,"",-57.67,0,0,0,0,0,0,0,0,0,0,0,0,0,0,0,0,0,0,0,0,363.942,0,0,-421.612
"MtrElec",3,7,11,"",44.4499,0,0,0,0,0,0,0,0,0,0,0,0,0,0,0,0,0,0,0,0,448.038,0,0,-403.588
"MtrElec",3,7,12,"",233.736,0,0,0,0,0,0,0,0,0,0,0,0,0,0,0,0,0,0,0,0,473.905,0,0,-240.169
"MtrElec",3,7,13,"",233.374,0,0,0,0,0,0,0,0,0,0,0,0,0,0,0,0,0,0,0,0,451.344,0,0,-217.971
"MtrElec",3,7,14,"",301.012,0,0,0,0,0,0,0,0,0,0,0,0,0,0,0,0,0,0,0,0,455.176,0,0,-154.164
"MtrElec",3,7,15,"",318.627,0,0,0,0,0,0,0,0,0,0,0,0,0,0,0,0,0,0,0,0,379.474,0,0,-60.8477
"MtrElec",3,7,16,"",323.926,0,0,0,0,0,0,0,0,0,0,0,0,0,0,0,0,0,0,0,0,389.342,0,0,-65.4159
"MtrElec",3,7,17,"",280.768,0,0,0,0,0,0,0,0,0,0,0,0,0,0,0,0,0,0,0,0,351.027,0,0,-70.2591
"MtrElec",3,7,18,"",406.104,0,0,0,0,0,0,0,0,0,0,0,0,0,0,0,0,0,0,0,0,411.06,0,0,-4.95666
"MtrElec",3,7,19,"",425.037,0,0,0,0,0,0,0,0,0,0,0,0,0,0,0,0,0,0,0,0,425.037,0,0,0
"MtrElec",3,7,20,"",407.662,0,0,0,0,0,0,0,0,0,0,0,0,0,0,0,0,0,0,0,0,407.662,0,0,0
"MtrElec",3,7,21,"",350.894,0,0,0,0,0,0,0,0,0,0,0,0,0,0,0,0,0,0,0,0,350.894,0,0,0
"MtrElec",3,7,22,"",314.029,0,0,0,0,0,0,0,0,0,0,0,0,0,0,0,0,0,0,0,0,314.029,0,0,0
"MtrElec",3,7,23,"",244.778,0,0,0,0,0,0,0,0,0,0,0,0,0,0,0,0,0,0,0,0,244.778,0,0,0
"MtrElec",3,7,24,"",206.832,0,0,0,0,0,0,0,0,0,0,0,0,0,0,0,0,0,0,0,0,206.832,0,0,0
"MtrElec",3,8,1,"",217.567,0,0,0,0,0,0,0,0,0,0,0,0,0,0,0,0,0,0,0,0,217.567,0,0,0
"MtrElec",3,8,2,"",155.736,0,0,0,0,0,0,0,0,0,0,0,0,0,0,0,0,0,0,0,0,155.736,0,0,0
"MtrElec",3,8,4,"",156.278,0,0,0,0,0,0,0,0,0,0,0,0,0,0,0,0,0,0,0,0,156.278,0,0,0
"MtrElec",3,8,5,"",152.447,0,0,0,0,0,0,0,0,0,0,0,0,0,0,0,0,0,0,0,0,152.447,0,0,0
"MtrElec",3,8,6,"",157.313,0,0,0,0,0,0,0,0,0,0,0,0,0,0,0,0,0,0,0,0,157.313,0,0,0
"MtrElec",3,8,7,"",181.894,0,0,0,0,0,0,0,0,0,0,0,0,0,0,0,0,0,0,0,0,181.894,0,0,0
"MtrElec",3,8,8,"",279.087,0,0,0,0,0,0,0,0,0,0,0,0,0,0,0,0,0,0,0,0,280.385,0,0,-1.29889
"MtrElec",3,8,9,"",269.9,0,0,0,0,0,0,0,0,0,0,0,0,0,0,0,0,0,0,0,0,289.399,0,0,-19.4989
"MtrElec",3,8,10,"",297.638,0,0,0,0,0,0,0,0,0,0,0,0,0,0,0,0,0,0,0,0,311.052,0,0,-13.414
"MtrElec",3,8,11,"",324.531,0,0,0,0,0,0,0,0,0,0,0,0,0,0,0,0,0,0,0,0,370.422,0,0,-45.8909
"MtrElec",3,8,12,"",314.432,0,0,0,0,0,0,0,0,0,0,0,0,0,0,0,0,0,0,0,0,390.526,0,0,-76.0942
"MtrElec",3,8,13,"",256.316,0,0,0,0,0,0,0,0,0,0,0,0,0,0,0,0,0,0,0,0,389.656,0,0,-133.34
"MtrElec",3,8,14,"",135.105,0,0,0,0,0,0,0,0,0,0,0,0,0,0,0,0,0,0,0,0,364.321,0,0,-229.216
"MtrElec",3,8,15,"",18.6938,0,0,0,0,0,0,0,0,0,0,0,0,0,0,0,0,0,0,0,0,378.389,0,0,-359.695
"MtrElec",3,8,16,"",94.4041,0,0,0,0,0,0,0,0,0,0,0,0,0,0,0,0,0,0,0,0,291.145,0,0,-196.741
"MtrElec",3,8,17,"",47.511,0,0,0,0,0,0,0,0,0,0,0,0,0,0,0,0,0,0,0,0,385.913,0,0,-338.402
"MtrElec",3,8,18,"",129.938,0,0,0,0,0,0,0,0,0,0,0,0,0,0,0,0,0,0,0,0,345.872,0,0,-215.933
"MtrElec",3,8,19,"",343.51,0,0,0,0,0,0,0,0,0,0,0,0,0,0,0,0,0,0,0,0,374.056,0,0,-30.5458
"MtrElec",3,8,20,"",353.208,0,0,0,0,0,0,0,0,0,0,0,0,0,0,0,0,0,0,0,0,353.208,0,0,0
"MtrElec",3,8,21,"",278.325,0,0,0,0,0,0,0,0,0,0,0,0,0,0,0,0,0,0,0,0,278.325,0,0,0
"MtrElec",3,8,22,"",332.9,0,0,0,0,0,0,0,0,0,0,0,0,0,0,0,0,0,0,0,0,332.9,0,0,0
"MtrElec",3,8,23,"",236.115,0,0,0,0,0,0,0,0,0,0,0,0,0,0,0,0,0,0,0,0,236.115,0,0,0
"MtrElec",3,8,24,"",222.894,0,0,0,0,0,0,0,0,0,0,0,0,0,0,0,0,0,0,0,0,222.894,0,0,0
"MtrElec",3,9,1,"",163.094,0,0,0,0,0,0,0,0,0,0,0,0,0,0,0,0,0,0,0,0,163.094,0,0,0
"MtrElec",3,9,2,"",163.19,0,0,0,0,0,0,0,0,0,0,0,0,0,0,0,0,0,0,0,0,163.19,0,0,0
"MtrElec",3,9,3,"",157.525,0,0,0,0,0,0,0,0,0,0,0,0,0,0,0,0,0,0,0,0,157.525,0,0,0
"MtrElec",3,9,4,"",169.297,0,0,0,0,0,0,0,0,0,0,0,0,0,0,0,0,0,0,0,0,169.297,0,0,0
"MtrElec",3,9,5,"",218.764,0,0,0,0,0,0,0,0,0,0,0,0,0,0,0,0,0,0,0,0,218.764,0,0,0
"MtrElec",3,9,6,"",166.13,0,0,0,0,0,0,0,0,0,0,0,0,0,0,0,0,0,0,0,0,166.13,0,0,0
"MtrElec",3,9,7,"",250.715,0,0,0,0,0,0,0,0,0,0,0,0,0,0,0,0,0,0,0,0,250.715,0,0,0
"MtrElec",3,9,8,"",289.965,0,0,0,0,0,0,0,0,0,0,0,0,0,0,0,0,0,0,0,0,323.421,0,0,-33.4562
"MtrElec",3,9,9,"",202.546,0,0,0,0,0,0,0,0,0,0,0,0,0,0,0,0,0,0,0,0,359.421,0,0,-156.875
"MtrElec",3,9,10,"",171.063,0,0,0,0,0,0,0,0,0,0,0,0,0,0,0,0,0,0,0,0,405.622,0,0,-234.558
"MtrElec",3,9,11,"",0,0,0,0,0,0,0,0,0,0,0,0,0,0,0,0,0,0,0,0,0,355.842,0,72.8259,-428.668
"MtrElec",3,9,12,"",0,0,0,0,0,0,0,0,0,0,0,0,0,0,0,0,0,0,0,0,0,382.654,0,68.3408,-450.995
"MtrElec",3,9,13,"",-2.87066,0,0,0,0,0,0,0,0,0,0,0,0,0,0,0,0,0,0,0,0,350.437,0,223.217,-576.524
"MtrElec",3,9,14,"",-111.106,0,0,0,0,0,0,0,0,0,0,0,0,0,0,0,0,0,0,0,0,374.711,0,223.217,-709.034
"MtrElec",3,9,15,"",-106.25,0,0,0,0,0,0,0,0,0,0,0,0,0,0,0,0,0,0,0,0,339.206,0,211.281,-656.737
"MtrElec",3,9,16,"",-171.119,0,0,0,0,0,0,0,0,0,0,0,0,0,0,0,0,0,0,0,0,388.189,0,0,-559.308
"MtrElec",3,9,17,"",-34.0891,0,0,0,0,0,0,0,0,0,0,0,0,0,0,0,0,0,0,0,0,352.651,0,0,-386.741
"MtrElec",3,9,18,"",295.703,0,0,0,0,0,0,0,0,0,0,0,0,0,0,0,0,0,0,0,0,459.776,0,0,-164.072
"MtrElec",3,9,19,"",149.319,0,0,0,0,0,0,0,0,0,0,0,0,0,0,0,0,0,0,0,0,396.9,0,-223.217,-24.3645
"MtrElec",3,9,20,"",143.39,0,0,0,0,0,0,0,0,0,0,0,0,0,0,0,0,0,0,0,0,366.607,0,-223.217,0
"MtrElec",3,9,21,"",160.069,0,0,0,0,0,0,0,0,0,0,0,0,0,0,0,0,0,0,0,0,383.286,0,-223.217,0
"MtrElec",3,9,22,"",226.769,0,0,0,0,0,0,0,0,0,0,0,0,0,0,0,0,0,0,0,0,278.109,0,-51.3398,0
"MtrElec",3,9,23,"",260.944,0,0,0,0,0,0,0,0,0,0,0,0,0,0,0,0,0,0,0,0,260.944,0,0,0
"MtrElec",3,9,24,"",249.777,0,0,0,0,0,0,0,0,0,0,0,0,0,0,0,0,0,0,0,0,249.777,0,0,0
"MtrElec",3,10,1,"",218.712,0,0,0,0,0,0,0,0,0,0,0,0,0,0,0,0,0,0,0,0,218.712,0,0,0
"MtrElec",3,10,2,"",159.735,0,0,0,0,0,0,0,0,0,0,0,0,0,0,0,0,0,0,0,0,159.735,0,0,0
"MtrElec",3,10,3,"",152.515,0,0,0,0,0,0,0,0,0,0,0,0,0,0,0,0,0,0,0,0,152.515,0,0,0
"MtrElec",3,10,4,"",158.461,0,0,0,0,0,0,0,0,0,0,0,0,0,0,0,0,0,0,0,0,158.461,0,0,0
"MtrElec",3,10,5,"",157.82,0,0,0,0,0,0,0,0,0,0,0,0,0,0,0,0,0,0,0,0,157.82,0,0,0
"MtrElec",3,10,6,"",168.913,0,0,0,0,0,0,0,0,0,0,0,0,0,0,0,0,0,0,0,0,168.913,0,0,0
"MtrElec",3,10,7,"",266.187,0,0,0,0,0,0,0,0,0,0,0,0,0,0,0,0,0,0,0,0,266.187,0,0,0
"MtrElec",3,10,8,"",284.195,0,0,0,0,0,0,0,0,0,0,0,0,0,0,0,0,0,0,0,0,321.831,0,0,-37.6364
"MtrElec",3,10,9,"",167.392,0,0,0,0,0,0,0,0,0,0,0,0,0,0,0,0,0,0,0,0,378.829,0,0,-211.437
"MtrElec",3,10,10,"",18.5532,0,0,0,0,0,0,0,0,0,0,0,0,0,0,0,0,0,0,0,0,425.289,0,0,-406.736
"MtrElec",3,10,11,"",0.0000078,0,0,0,0,0,0,0,0,0,0,0,0,0,0,0,0,0,0,0,0,449.287,0,96.7868,-546.074
"MtrElec",3,10,12,"",-1.30809,0,0,0,0,0,0,0,0,0,0,0,0,0,0,0,0,0,0,0,0,420.574,0,223.217,-645.099
"MtrElec",3,10,13,"",-22.1444,0,0,0,0,0,0,0,0,0,0,0,0,0,0,0,0,0,0,0,0,443.486,0,223.217,-688.847
"MtrElec",3,10,14,"",-104.471,0,0,0,0,0,0,0,0,0,0,0,0,0,0,0,0,0,0,0,0,344.309,0,223.217,-671.996
"MtrElec",3,10,15,"",-217.877,0,0,0,0,0,0,0,0,0,0,0,0,0,0,0,0,0,0,0,0,396.47,0,32.4439,-646.791
"MtrElec",3,10,16,"",-205.538,0,0,0,0,0,0,0,0,0,0,0,0,0,0,0,0,0,0,0,0,353.535,0,0,-559.073
"MtrElec",3,10,17,"",-0.0056875,0,0,0,0,0,0,0,0,0,0,0,0,0,0,0,0,0,0,0,0,409.921,0,0,-409.927
"MtrElec",3,10,18,"",221.276,0,0,0,0,0,0,0,0,0,0,0,0,0,0,0,0,0,0,0,0,436.17,0,0,-214.895
"MtrElec",3,10,19,"",122.731,0,0,0,0,0,0,0,0,0,0,0,0,0,0,0,0,0,0,0,0,376.69,0,-223.217,-30.7419
"MtrElec",3,10,20,"",214.339,0,0,0,0,0,0,0,0,0,0,0,0,0,0,0,0,0,0,0,0,437.556,0,-223.217,0
"MtrElec",3,10,21,"",170.401,0,0,0,0,0,0,0,0,0,0,0,0,0,0,0,0,0,0,0,0,393.618,0,-223.217,0
"MtrElec",3,10,22,"",274.764,0,0,0,0,0,0,0,0,0,0,0,0,0,0,0,0,0,0,0,0,326.104,0,-51.3398,0
"MtrElec",3,10,23,"",250.393,0,0,0,0,0,0,0,0,0,0,0,0,0,0,0,0,0,0,0,0,250.393,0,0,0
"MtrElec",3,10,24,"",239.197,0,0,0,0,0,0,0,0,0,0,0,0,0,0,0,0,0,0,0,0,239.197,0,0,0
"MtrElec",3,11,1,"",161.08,0,0,0,0,0,0,0,0,0,0,0,0,0,0,0,0,0,0,0,0,161.08,0,0,0
"MtrElec",3,11,2,"",154.193,0,0,0,0,0,0,0,0,0,0,0,0,0,0,0,0,0,0,0,0,154.193,0,0,0
"MtrElec",3,11,3,"",145.876,0,0,0,0,0,0,0,0,0,0,0,0,0,0,0,0,0,0,0,0,145.876,0,0,0
"MtrElec",3,11,4,"",147.669,0,0,0,0,0,0,0,0,0,0,0,0,0,0,0,0,0,0,0,0,147.669,0,0,0
"MtrElec",3,11,5,"",151.065,0,0,0,0,0,0,0,0,0,0,0,0,0,0,0,0,0,0,0,0,151.065,0,0,0
"MtrElec",3,11,6,"",176.296,0,0,0,0,0,0,0,0,0,0,0,0,0,0,0,0,0,0,0,0,176.296,0,0,0
"MtrElec",3,11,7,"",266.316,0,0,0,0,0,0,0,0,0,0,0,0,0,0,0,0,0,0,0,0,266.316,0,0,0
"MtrElec",3,11,8,"",274.299,0,0,0,0,0,0,0,0,0,0,0,0,0,0,0,0,0,0,0,0,304.818,0,0,-30.5193
"MtrElec",3,11,9,"",206.876,0,0,0,0,0,0,0,0,0,0,0,0,0,0,0,0,0,0,0,0,375.277,0,0,-168.402
"MtrElec",3,11,10,"",30.7088,0,0,0,0,0,0,0,0,0,0,0,0,0,0,0,0,0,0,0,0,434.208,0,0,-403.5
"MtrElec",3,11,11,"",0,0,0,0,0,0,0,0,0,0,0,0,0,0,0,0,0,0,0,0,0,392.417,0,161.379,-553.796
"MtrElec",3,11,12,"",0,0,0,0,0,0,0,0,0,0,0,0,0,0,0,0,0,0,0,0,0,433.198,0,202.406,-635.605
"MtrElec",3,11,13,"",-5.69203,0,0,0,0,0,0,0,0,0,0,0,0,0,0,0,0,0,0,0,0,448.847,0,223.217,-677.755
"MtrElec",3,11,14,"",-82.8214,0,0,0,0,0,0,0,0,0,0,0,0,0,0,0,0,0,0,0,0,395.603,0,211.879,-690.304
"MtrElec",3,11,15,"",-276.747,0,0,0,0,0,0,0,0,0,0,0,0,0,0,0,0,0,0,0,0,371.459,0,0,-648.206
"MtrElec",3,11,16,"",-151.37,0,0,0,0,0,0,0,0,0,0,0,0,0,0,0,0,0,0,0,0,398.596,0,0,-549.966
"MtrElec",3,11,17,"",-14.3199,0,0,0,0,0,0,0,0,0,0,0,0,0,0,0,0,0,0,0,0,385.149,0,0,-399.469
"MtrElec",3,11,18,"",268.595,0,0,0,0,0,0,0,0,0,0,0,0,0,0,0,0,0,0,0,0,476.615,0,0,-208.019
"MtrElec",3,11,19,"",182.919,0,0,0,0,0,0,0,0,0,0,0,0,0,0,0,0,0,0,0,0,436.662,0,-223.217,-30.526
"MtrElec",3,11,20,"",175.417,0,0,0,0,0,0,0,0,0,0,0,0,0,0,0,0,0,0,0,0,398.634,0,-223.217,0
"MtrElec",3,11,21,"",158.049,0,0,0,0,0,0,0,0,0,0,0,0,0,0,0,0,0,0,0,0,381.266,0,-223.217,0
"MtrElec",3,11,22,"",211.546,0,0,0,0,0,0,0,0,0,0,0,0,0,0,0,0,0,0,0,0,262.886,0,-51.3398,0
"MtrElec",3,11,23,"",271.019,0,0,0,0,0,0,0,0,0,0,0,0,0,0,0,0,0,0,0,0,271.019,0,0,0
"MtrElec",3,11,24,"",202.461,0,0,0,0,0,0,0,0,0,0,0,0,0,0,0,0,0,0,0,0,202.461,0,0,0
"MtrElec",3,12,1,"",211.521,0,0,0,0,0,0,0,0,0,0,0,0,0,0,0,0,0,0,0,0,211.521,0,0,0
"MtrElec",3,12,2,"",155.201,0,0,0,0,0,0,0,0,0,0,0,0,0,0,0,0,0,0,0,0,155.201,0,0,0
"MtrElec",3,12,3,"",146.033,0,0,0,0,0,0,0,0,0,0,0,0,0,0,0,0,0,0,0,0,146.033,0,0,0
"MtrElec",3,12,4,"",146.205,0,0,0,0,0,0,0,0,0,0,0,0,0,0,0,0,0,0,0,0,146.205,0,0,0
"MtrElec",3,12,5,"",142.207,0,0,0,0,0,0,0,0,0,0,0,0,0,0,0,0,0,0,0,0,142.207,0,0,0
"MtrElec",3,12,6,"",159.143,0,0,0,0,0,0,0,0,0,0,0,0,0,0,0,0,0,0,0,0,159.143,0,0,0
"MtrElec",3,12,7,"",252.372,0,0,0,0,0,0,0,0,0,0,0,0,0,0,0,0,0,0,0,0,252.372,0,0,0
"MtrElec",3,12,8,"",252.527,0,0,0,0,0,0,0,0,0,0,0,0,0,0,0,0,0,0,0,0,293.368,0,0,-40.8407
"MtrElec",3,12,9,"",155.761,0,0,0,0,0,0,0,0,0,0,0,0,0,0,0,0,0,0,0,0,362.966,0,0,-207.206
"MtrElec",3,12,10,"",1.37422,0,0,0,0,0,0,0,0,0,0,0,0,0,0,0,0,0,0,0,0,405.437,0,0,-404.063
"MtrElec",3,12,11,"",0,0,0,0,0,0,0,0,0,0,0,0,0,0,0,0,0,0,0,0,0,439.985,0,83.2791,-523.264
"MtrElec",3,12,12,"",0,0,0,0,0,0,0,0,0,0,0,0,0,0,0,0,0,0,0,0,0,376.618,0,196.113,-572.731
"MtrElec",3,12,13,"",-20.2181,0,0,0,0,0,0,0,0,0,0,0,0,0,0,0,0,0,0,0,0,382.6,0,223.217,-626.035
"MtrElec",3,12,14,"",0,0,0,0,0,0,0,0,0,0,0,0,0,0,0,0,0,0,0,0,0,410.569,0,158.253,-568.822
"MtrElec",3,12,15,"",-38.6391,0,0,0,0,0,0,0,0,0,0,0,0,0,0,0,0,0,0,0,0,367.815,0,138.019,-544.473
"MtrElec",3,12,16,"",-92.3985,0,0,0,0,0,0,0,0,0,0,0,0,0,0,0,0,0,0,0,0,422.426,0,0,-514.825
"MtrElec",3,12,17,"",83.4266,0,0,0,0,0,0,0,0,0,0,0,0,0,0,0,0,0,0,0,0,421.744,0,0,-338.317
"MtrElec",3,12,18,"",315.733,0,0,0,0,0,0,0,0,0,0,0,0,0,0,0,0,0,0,0,0,440.207,0,0,-124.474
"MtrElec",3,12,19,"",146.35,0,0,0,0,0,0,0,0,0,0,0,0,0,0,0,0,0,0,0,0,397.767,0,-223.217,-28.1997
"MtrElec",3,12,20,"",233.996,0,0,0,0,0,0,0,0,0,0,0,0,0,0,0,0,0,0,0,0,457.213,0,-223.217,0
"MtrElec",3,12,21,"",154.541,0,0,0,0,0,0,0,0,0,0,0,0,0,0,0,0,0,0,0,0,377.758,0,-223.217,0
"MtrElec",3,12,22,"",236.914,0,0,0,0,0,0,0,0,0,0,0,0,0,0,0,0,0,0,0,0,288.254,0,-51.3398,0
"MtrElec",3,12,23,"",261.336,0,0,0,0,0,0,0,0,0,0,0,0,0,0,0,0,0,0,0,0,261.336,0,0,0
"MtrElec",3,12,24,"",208.279,0,0,0,0,0,0,0,0,0,0,0,0,0,0,0,0,0,0,0,0,208.279,0,0,0
"MtrElec",3,13,1,"",164.933,0,0,0,0,0,0,0,0,0,0,0,0,0,0,0,0,0,0,0,0,164.933,0,0,0
"MtrElec",3,13,2,"",149.999,0,0,0,0,0,0,0,0,0,0,0,0,0,0,0,0,0,0,0,0,149.999,0,0,0
"MtrElec",3,13,3,"",147.823,0,0,0,0,0,0,0,0,0,0,0,0,0,0,0,0,0,0,0,0,147.823,0,0,0
"MtrElec",3,13,4,"",151.143,0,0,0,0,0,0,0,0,0,0,0,0,0,0,0,0,0,0,0,0,151.143,0,0,0
"MtrElec",3,13,5,"",149.327,0,0,0,0,0,0,0,0,0,0,0,0,0,0,0,0,0,0,0,0,149.327,0,0,0
"MtrElec",3,13,6,"",192.015,0,0,0,0,0,0,0,0,0,0,0,0,0,0,0,0,0,0,0,0,192.015,0,0,0
"MtrElec",3,13,7,"",221.018,0,0,0,0,0,0,0,0,0,0,0,0,0,0,0,0,0,0,0,0,221.018,0,0,0
"MtrElec",3,13,8,"",282.3,0,0,0,0,0,0,0,0,0,0,0,0,0,0,0,0,0,0,0,0,294.857,0,0,-12.5574
"MtrElec",3,13,9,"",252.052,0,0,0,0,0,0,0,0,0,0,0,0,0,0,0,0,0,0,0,0,344.705,0,0,-92.6529
"MtrElec",3,13,10,"",43.9293,0,0,0,0,0,0,0,0,0,0,0,0,0,0,0,0,0,0,0,0,394.133,0,0,-350.204
"MtrElec",3,13,11,"",0,0,0,0,0,0,0,0,0,0,0,0,0,0,0,0,0,0,0,0,0,362.253,0,169.845,-532.098
"MtrElec",3,13,12,"",0.0000156,0,0,0,0,0,0,0,0,0,0,0,0,0,0,0,0,0,0,0,0,414.254,0,212.161,-626.416
"MtrElec",3,13,13,"",-62.5968,0,0,0,0,0,0,0,0,0,0,0,0,0,0,0,0,0,0,0,0,404.666,0,223.217,-690.48
"MtrElec",3,13,14,"",-131.727,0,0,0,0,0,0,0,0,0,0,0,0,0,0,0,0,0,0,0,0,369.835,0,193.658,-695.221
"MtrElec",3,13,15,"",-303.605,0,0,0,0,0,0,0,0,0,0,0,0,0,0,0,0,0,0,0,0,338.769,0,0,-642.374
"MtrElec",3,13,16,"",-158.254,0,0,0,0,0,0,0,0,0,0,0,0,0,0,0,0,0,0,0,0,384.845,0,0,-543.099
"MtrElec",3,13,17,"",-9.21316,0,0,0,0,0,0,0,0,0,0,0,0,0,0,0,0,0,0,0,0,388.158,0,0,-397.371
"MtrElec",3,13,18,"",203.656,0,0,0,0,0,0,0,0,0,0,0,0,0,0,0,0,0,0,0,0,414.551,0,0,-210.896
"MtrElec",3,13,19,"",130.838,0,0,0,0,0,0,0,0,0,0,0,0,0,0,0,0,0,0,0,0,386.329,0,-223.217,-32.2748
"MtrElec",3,13,20,"",213.837,0,0,0,0,0,0,0,0,0,0,0,0,0,0,0,0,0,0,0,0,437.054,0,-223.217,0
"MtrElec",3,13,21,"",158.359,0,0,0,0,0,0,0,0,0,0,0,0,0,0,0,0,0,0,0,0,381.576,0,-223.217,0
"MtrElec",3,13,22,"",239.999,0,0,0,0,0,0,0,0,0,0,0,0,0,0,0,0,0,0,0,0,291.339,0,-51.3398,0
"MtrElec",3,13,23,"",289.491,0,0,0,0,0,0,0,0,0,0,0,0,0,0,0,0,0,0,0,0,289.491,0,0,0
"MtrElec",3,13,24,"",204.014,0,0,0,0,0,0,0,0,0,0,0,0,0,0,0,0,0,0,0,0,204.014,0,0,0
"MtrElec",3,14,1,"",167.901,0,0,0,0,0,0,0,0,0,0,0,0,0,0,0,0,0,0,0,0,167.901,0,0,0
"MtrElec",3,14,2,"",155.247,0,0,0,0,0,0,0,0,0,0,0,0,0,0,0,0,0,0,0,0,155.247,0,0,0
"MtrElec",3,14,3,"",188.618,0,0,0,0,0,0,0,0,0,0,0,0,0,0,0,0,0,0,0,0,188.618,0,0,0
"MtrElec",3,14,4,"",148.972,0,0,0,0,0,0,0,0,0,0,0,0,0,0,0,0,0,0,0,0,148.972,0,0,0
"MtrElec",3,14,5,"",152.953,0,0,0,0,0,0,0,0,0,0,0,0,0,0,0,0,0,0,0,0,152.953,0,0,0
"MtrElec",3,14,6,"",151.226,0,0,0,0,0,0,0,0,0,0,0,0,0,0,0,0,0,0,0,0,151.226,0,0,0
"MtrElec",3,14,7,"",189.145,0,0,0,0,0,0,0,0,0,0,0,0,0,0,0,0,0,0,0,0,189.145,0,0,0
"MtrElec",3,14,8,"",234.923,0,0,0,0,0,0,0,0,0,0,0,0,0,0,0,0,0,0,0,0,275.828,0,0,-40.9046
"MtrElec",3,14,9,"",77.0581,0,0,0,0,0,0,0,0,0,0,0,0,0,0,0,0,0,0,0,0,287.292,0,0,-210.234
"MtrElec",3,14,10,"",-16.371,0,0,0,0,0,0,0,0,0,0,0,0,0,0,0,0,0,0,0,0,381.348,0,0,-397.719
"MtrElec",3,14,11,"",0,0,0,0,0,0,0,0,0,0,0,0,0,0,0,0,0,0,0,0,0,455.35,0,80.5947,-535.945
"MtrElec",3,14,12,"",0,0,0,0,0,0,0,0,0,0,0,0,0,0,0,0,0,0,0,0,0,467.876,0,152.523,-620.399
"MtrElec",3,14,13,"",0,0,0,0,0,0,0,0,0,0,0,0,0,0,0,0,0,0,0,0,0,548.522,0,131.121,-679.643
"MtrElec",3,14,14,"",0,0,0,0,0,0,0,0,0,0,0,0,0,0,0,0,0,0,0,0,0,467.607,0,220.606,-688.212
"MtrElec",3,14,15,"",0,0,0,0,0,0,0,0,0,0,0,0,0,0,0,0,0,0,0,0,0,534.699,0,107.836,-642.535
"MtrElec",3,14,16,"",0,0,0,0,0,0,0,0,0,0,0,0,0,0,0,0,0,0,0,0,0,467.129,0,79.129,-546.258
"MtrElec",3,14,17,"",31.1049,0,0,0,0,0,0,0,0,0,0,0,0,0,0,0,0,0,0,0,0,428.302,0,0,-397.197
"MtrElec",3,14,18,"",292.399,0,0,0,0,0,0,0,0,0,0,0,0,0,0,0,0,0,0,0,0,502.284,0,0,-209.885
"MtrElec",3,14,19,"",234.536,0,0,0,0,0,0,0,0,0,0,0,0,0,0,0,0,0,0,0,0,490.522,0,-223.217,-32.7698
"MtrElec",3,14,20,"",155.176,0,0,0,0,0,0,0,0,0,0,0,0,0,0,0,0,0,0,0,0,378.393,0,-223.217,0
"MtrElec",3,14,21,"",62.08,0,0,0,0,0,0,0,0,0,0,0,0,0,0,0,0,0,0,0,0,285.297,0,-223.217,0
"MtrElec",3,14,22,"",268.509,0,0,0,0,0,0,0,0,0,0,0,0,0,0,0,0,0,0,0,0,295.416,0,-26.9063,0
"MtrElec",3,14,23,"",235.619,0,0,0,0,0,0,0,0,0,0,0,0,0,0,0,0,0,0,0,0,235.619,0,0,0
"MtrElec",3,14,24,"",189.436,0,0,0,0,0,0,0,0,0,0,0,0,0,0,0,0,0,0,0,0,189.436,0,0,0
"MtrElec",3,15,1,"",153.631,0,0,0,0,0,0,0,0,0,0,0,0,0,0,0,0,0,0,0,0,153.631,0,0,0
"MtrElec",3,15,2,"",151.772,0,0,0,0,0,0,0,0,0,0,0,0,0,0,0,0,0,0,0,0,151.772,0,0,0
"MtrElec",3,15,3,"",149.671,0,0,0,0,0,0,0,0,0,0,0,0,0,0,0,0,0,0,0,0,149.671,0,0,0
"MtrElec",3,15,4,"",150.132,0,0,0,0,0,0,0,0,0,0,0,0,0,0,0,0,0,0,0,0,150.132,0,0,0
"MtrElec",3,15,5,"",162.923,0,0,0,0,0,0,0,0,0,0,0,0,0,0,0,0,0,0,0,0,162.923,0,0,0
"MtrElec",3,15,6,"",151.072,0,0,0,0,0,0,0,0,0,0,0,0,0,0,0,0,0,0,0,0,151.072,0,0,0
"MtrElec",3,15,7,"",206.688,0,0,0,0,0,0,0,0,0,0,0,0,0,0,0,0,0,0,0,0,206.688,0,0,0
"MtrElec",3,15,8,"",187.045,0,0,0,0,0,0,0,0,0,0,0,0,0,0,0,0,0,0,0,0,195.933,0,0,-8.88736
"MtrElec",3,15,9,"",229.332,0,0,0,0,0,0,0,0,0,0,0,0,0,0,0,0,0,0,0,0,291.68,0,0,-62.348
"MtrElec",3,15,10,"",38.3549,0,0,0,0,0,0,0,0,0,0,0,0,0,0,0,0,0,0,0,0,297.107,0,0,-258.752
"MtrElec",3,15,11,"",0.0000156,0,0,0,0,0,0,0,0,0,0,0,0,0,0,0,0,0,0,0,0,357.33,0,201.919,-559.248
"MtrElec",3,15,12,"",-47.8657,0,0,0,0,0,0,0,0,0,0,0,0,0,0,0,0,0,0,0,0,380.723,0,223.217,-651.806
"MtrElec",3,15,13,"",-71.3846,0,0,0,0,0,0,0,0,0,0,0,0,0,0,0,0,0,0,0,0,403.291,0,223.217,-697.893
"MtrElec",3,15,14,"",-186.357,0,0,0,0,0,0,0,0,0,0,0,0,0,0,0,0,0,0,0,0,357.978,0,150.529,-694.863
"MtrElec",3,15,15,"",-297.362,0,0,0,0,0,0,0,0,0,0,0,0,0,0,0,0,0,0,0,0,346.875,0,0,-644.237
"MtrElec",3,15,16,"",-188.376,0,0,0,0,0,0,0,0,0,0,0,0,0,0,0,0,0,0,0,0,365.232,0,0,-553.608
"MtrElec",3,15,17,"",-80.6399,0,0,0,0,0,0,0,0,0,0,0,0,0,0,0,0,0,0,0,0,324.909,0,0,-405.549
"MtrElec",3,15,18,"",116.922,0,0,0,0,0,0,0,0,0,0,0,0,0,0,0,0,0,0,0,0,332.34,0,0,-215.417
"MtrElec",3,15,19,"",127.711,0,0,0,0,0,0,0,0,0,0,0,0,0,0,0,0,0,0,0,0,384.217,0,-223.217,-33.2896
"MtrElec",3,15,20,"",120.328,0,0,0,0,0,0,0,0,0,0,0,0,0,0,0,0,0,0,0,0,343.544,0,-223.217,0
"MtrElec",3,15,21,"",113,0,0,0,0,0,0,0,0,0,0,0,0,0,0,0,0,0,0,0,0,336.217,0,-223.217,0
"MtrElec",3,15,22,"",235.462,0,0,0,0,0,0,0,0,0,0,0,0,0,0,0,0,0,0,0,0,286.802,0,-51.3398,0
"MtrElec",3,15,23,"",253.302,0,0,0,0,0,0,0,0,0,0,0,0,0,0,0,0,0,0,0,0,253.302,0,0,0
"MtrElec",3,15,24,"",215.057,0,0,0,0,0,0,0,0,0,0,0,0,0,0,0,0,0,0,0,0,215.057,0,0,0
"MtrElec",3,16,1,"",173.449,0,0,0,0,0,0,0,0,0,0,0,0,0,0,0,0,0,0,0,0,173.449,0,0,0
"MtrElec",3,16,2,"",150.081,0,0,0,0,0,0,0,0,0,0,0,0,0,0,0,0,0,0,0,0,150.081,0,0,0
"MtrElec",3,16,3,"",143.788,0,0,0,0,0,0,0,0,0,0,0,0,0,0,0,0,0,0,0,0,143.788,0,0,0
"MtrElec",3,16,4,"",183.504,0,0,0,0,0,0,0,0,0,0,0,0,0,0,0,0,0,0,0,0,183.504,0,0,0
"MtrElec",3,16,5,"",143.474,0,0,0,0,0,0,0,0,0,0,0,0,0,0,0,0,0,0,0,0,143.474,0,0,0
"MtrElec",3,16,6,"",150.033,0,0,0,0,0,0,0,0,0,0,0,0,0,0,0,0,0,0,0,0,150.033,0,0,0
"MtrElec",3,16,7,"",224.349,0,0,0,0,0,0,0,0,0,0,0,0,0,0,0,0,0,0,0,0,224.349,0,0,0
"MtrElec",3,16,8,"",291.021,0,0,0,0,0,0,0,0,0,0,0,0,0,0,0,0,0,0,0,0,306.883,0,0,-15.8628
"MtrElec",3,16,9,"",262.96,0,0,0,0,0,0,0,0,0,0,0,0,0,0,0,0,0,0,0,0,349.417,0,0,-86.4569
"MtrElec",3,16,10,"",179.116,0,0,0,0,0,0,0,0,0,0,0,0,0,0,0,0,0,0,0,0,447.99,0,0,-268.874
"MtrElec",3,16,11,"",0,0,0,0,0,0,0,0,0,0,0,0,0,0,0,0,0,0,0,0,0,448.365,0,100.31,-548.675
"MtrElec",3,16,12,"",-64.9567,0,0,0,0,0,0,0,0,0,0,0,0,0,0,0,0,0,0,0,0,362.748,0,223.217,-650.922
"MtrElec",3,16,13,"",-23.1226,0,0,0,0,0,0,0,0,0,0,0,0,0,0,0,0,0,0,0,0,459.441,0,223.217,-705.781
"MtrElec",3,16,14,"",-95.3001,0,0,0,0,0,0,0,0,0,0,0,0,0,0,0,0,0,0,0,0,395.969,0,223.217,-714.486
"MtrElec",3,16,15,"",-295.286,0,0,0,0,0,0,0,0,0,0,0,0,0,0,0,0,0,0,0,0,345.541,0,28.9213,-669.748
"MtrElec",3,16,16,"",-187.412,0,0,0,0,0,0,0,0,0,0,0,0,0,0,0,0,0,0,0,0,375.298,0,0,-562.71
"MtrElec",3,16,17,"",-13.1779,0,0,0,0,0,0,0,0,0,0,0,0,0,0,0,0,0,0,0,0,396.156,0,0,-409.334
"MtrElec",3,16,18,"",223.65,0,0,0,0,0,0,0,0,0,0,0,0,0,0,0,0,0,0,0,0,436.931,0,0,-213.281
"MtrElec",3,16,19,"",160.265,0,0,0,0,0,0,0,0,0,0,0,0,0,0,0,0,0,0,0,0,417.417,0,-223.217,-33.9355
"MtrElec",3,16,20,"",162.966,0,0,0,0,0,0,0,0,0,0,0,0,0,0,0,0,0,0,0,0,386.183,0,-223.217,0
"MtrElec",3,16,21,"",186.711,0,0,0,0,0,0,0,0,0,0,0,0,0,0,0,0,0,0,0,0,409.928,0,-223.217,0
"MtrElec",3,16,22,"",244.646,0,0,0,0,0,0,0,0,0,0,0,0,0,0,0,0,0,0,0,0,295.986,0,-51.3398,0
"MtrElec",3,16,23,"",307.969,0,0,0,0,0,0,0,0,0,0,0,0,0,0,0,0,0,0,0,0,307.969,0,0,0
"MtrElec",3,16,24,"",215.325,0,0,0,0,0,0,0,0,0,0,0,0,0,0,0,0,0,0,0,0,215.325,0,0,0
"MtrElec",3,17,1,"",170.028,0,0,0,0,0,0,0,0,0,0,0,0,0,0,0,0,0,0,0,0,170.028,0,0,0
"MtrElec",3,17,2,"",151.647,0,0,0,0,0,0,0,0,0,0,0,0,0,0,0,0,0,0,0,0,151.647,0,0,0
"MtrElec",3,17,3,"",149.538,0,0,0,0,0,0,0,0,0,0,0,0,0,0,0,0,0,0,0,0,149.538,0,0,0
"MtrElec",3,17,4,"",149.02,0,0,0,0,0,0,0,0,0,0,0,0,0,0,0,0,0,0,0,0,149.02,0,0,0
"MtrElec",3,17,5,"",150.311,0,0,0,0,0,0,0,0,0,0,0,0,0,0,0,0,0,0,0,0,150.311,0,0,0
"MtrElec",3,17,6,"",190.011,0,0,0,0,0,0,0,0,0,0,0,0,0,0,0,0,0,0,0,0,190.011,0,0,0
"MtrElec",3,17,7,"",227.612,0,0,0,0,0,0,0,0,0,0,0,0,0,0,0,0,0,0,0,0,227.612,0,0,0
"MtrElec",3,17,8,"",270.825,0,0,0,0,0,0,0,0,0,0,0,0,0,0,0,0,0,0,0,0,303.128,0,0,-32.3037
"MtrElec",3,17,9,"",195.578,0,0,0,0,0,0,0,0,0,0,0,0,0,0,0,0,0,0,0,0,354.013,0,0,-158.435
"MtrElec",3,17,10,"",10.3792,0,0,0,0,0,0,0,0,0,0,0,0,0,0,0,0,0,0,0,0,426.429,0,0,-416.05
"MtrElec",3,17,11,"",0.0000156,0,0,0,0,0,0,0,0,0,0,0,0,0,0,0,0,0,0,0,0,381.726,0,189.726,-571.452
"MtrElec",3,17,12,"",-32.9634,0,0,0,0,0,0,0,0,0,0,0,0,0,0,0,0,0,0,0,0,412.828,0,223.217,-669.008
"MtrElec",3,17,13,"",-41.7261,0,0,0,0,0,0,0,0,0,0,0,0,0,0,0,0,0,0,0,0,452.405,0,223.217,-717.348
"MtrElec",3,17,14,"",-183.842,0,0,0,0,0,0,0,0,0,0,0,0,0,0,0,0,0,0,0,0,373.015,0,162.722,-719.58
"MtrElec",3,17,15,"",-311.888,0,0,0,0,0,0,0,0,0,0,0,0,0,0,0,0,0,0,0,0,355.18,0,0,-667.068
"MtrElec",3,17,16,"",-178.291,0,0,0,0,0,0,0,0,0,0,0,0,0,0,0,0,0,0,0,0,391.011,0,0,-569.302
"MtrElec",3,17,17,"",-18.4053,0,0,0,0,0,0,0,0,0,0,0,0,0,0,0,0,0,0,0,0,395.518,0,0,-413.923
"MtrElec",3,17,18,"",238.711,0,0,0,0,0,0,0,0,0,0,0,0,0,0,0,0,0,0,0,0,453.828,0,0,-215.117
"MtrElec",3,17,19,"",140.252,0,0,0,0,0,0,0,0,0,0,0,0,0,0,0,0,0,0,0,0,399.715,0,-223.217,-36.2462
"MtrElec",3,17,20,"",217.359,0,0,0,0,0,0,0,0,0,0,0,0,0,0,0,0,0,0,0,0,440.576,0,-223.217,0
"MtrElec",3,17,21,"",157.807,0,0,0,0,0,0,0,0,0,0,0,0,0,0,0,0,0,0,0,0,381.023,0,-223.217,0
"MtrElec",3,17,22,"",236.635,0,0,0,0,0,0,0,0,0,0,0,0,0,0,0,0,0,0,0,0,287.975,0,-51.3398,0
"MtrElec",3,17,23,"",204.488,0,0,0,0,0,0,0,0,0,0,0,0,0,0,0,0,0,0,0,0,204.488,0,0,0
"MtrElec",3,17,24,"",214.242,0,0,0,0,0,0,0,0,0,0,0,0,0,0,0,0,0,0,0,0,214.242,0,0,0
"MtrElec",3,18,1,"",160.865,0,0,0,0,0,0,0,0,0,0,0,0,0,0,0,0,0,0,0,0,160.865,0,0,0
"MtrElec",3,18,2,"",149.548,0,0,0,0,0,0,0,0,0,0,0,0,0,0,0,0,0,0,0,0,149.548,0,0,0
"MtrElec",3,18,3,"",142.872,0,0,0,0,0,0,0,0,0,0,0,0,0,0,0,0,0,0,0,0,142.872,0,0,0
"MtrElec",3,18,4,"",145.997,0,0,0,0,0,0,0,0,0,0,0,0,0,0,0,0,0,0,0,0,145.997,0,0,0
"MtrElec",3,18,5,"",143.554,0,0,0,0,0,0,0,0,0,0,0,0,0,0,0,0,0,0,0,0,143.554,0,0,0
"MtrElec",3,18,6,"",195.506,0,0,0,0,0,0,0,0,0,0,0,0,0,0,0,0,0,0,0,0,195.506,0,0,0
"MtrElec",3,18,7,"",211.185,0,0,0,0,0,0,0,0,0,0,0,0,0,0,0,0,0,0,0,0,211.185,0,0,0
"MtrElec",3,18,8,"",256.318,0,0,0,0,0,0,0,0,0,0,0,0,0,0,0,0,0,0,0,0,303.529,0,0,-47.2105
"MtrElec",3,18,9,"",145.574,0,0,0,0,0,0,0,0,0,0,0,0,0,0,0,0,0,0,0,0,369.548,0,0,-223.974
"MtrElec",3,18,10,"",53.5421,0,0,0,0,0,0,0,0,0,0,0,0,0,0,0,0,0,0,0,0,470.944,0,0,-417.401
"MtrElec",3,18,11,"",0.0000078,0,0,0,0,0,0,0,0,0,0,0,0,0,0,0,0,0,0,0,0,473.455,0,96.8351,-570.29
"MtrElec",3,18,12,"",-7.81553,0,0,0,0,0,0,0,0,0,0,0,0,0,0,0,0,0,0,0,0,430.551,0,223.217,-661.583
"MtrElec",3,18,13,"",-27.8069,0,0,0,0,0,0,0,0,0,0,0,0,0,0,0,0,0,0,0,0,438.364,0,223.217,-689.388
"MtrElec",3,18,14,"",-36.9934,0,0,0,0,0,0,0,0,0,0,0,0,0,0,0,0,0,0,0,0,407.467,0,223.217,-667.678
"MtrElec",3,18,15,"",-201.074,0,0,0,0,0,0,0,0,0,0,0,0,0,0,0,0,0,0,0,0,401.711,0,32.3957,-635.181
"MtrElec",3,18,16,"",-143.326,0,0,0,0,0,0,0,0,0,0,0,0,0,0,0,0,0,0,0,0,407.795,0,0,-551.121
"MtrElec",3,18,17,"",15.7925,0,0,0,0,0,0,0,0,0,0,0,0,0,0,0,0,0,0,0,0,422.201,0,0,-406.409
"MtrElec",3,18,18,"",249.79,0,0,0,0,0,0,0,0,0,0,0,0,0,0,0,0,0,0,0,0,463.59,0,0,-213.8
"MtrElec",3,18,19,"",184.86,0,0,0,0,0,0,0,0,0,0,0,0,0,0,0,0,0,0,0,0,442.828,0,-223.217,-34.7505
"MtrElec",3,18,20,"",197.503,0,0,0,0,0,0,0,0,0,0,0,0,0,0,0,0,0,0,0,0,420.72,0,-223.217,0
"MtrElec",3,18,21,"",152.654,0,0,0,0,0,0,0,0,0,0,0,0,0,0,0,0,0,0,0,0,375.871,0,-223.217,0
"MtrElec",3,18,22,"",269.429,0,0,0,0,0,0,0,0,0,0,0,0,0,0,0,0,0,0,0,0,320.769,0,-51.3398,0
"MtrElec",3,18,23,"",353.395,0,0,0,0,0,0,0,0,0,0,0,0,0,0,0,0,0,0,0,0,353.395,0,0,0
"MtrElec",3,18,24,"",229.466,0,0,0,0,0,0,0,0,0,0,0,0,0,0,0,0,0,0,0,0,229.466,0,0,0
"MtrElec",3,19,1,"",156.774,0,0,0,0,0,0,0,0,0,0,0,0,0,0,0,0,0,0,0,0,156.774,0,0,0
"MtrElec",3,19,2,"",152.139,0,0,0,0,0,0,0,0,0,0,0,0,0,0,0,0,0,0,0,0,152.139,0,0,0
"MtrElec",3,19,3,"",145.632,0,0,0,0,0,0,0,0,0,0,0,0,0,0,0,0,0,0,0,0,145.632,0,0,0
"MtrElec",3,19,4,"",146.707,0,0,0,0,0,0,0,0,0,0,0,0,0,0,0,0,0,0,0,0,146.707,0,0,0
"MtrElec",3,19,5,"",186.952,0,0,0,0,0,0,0,0,0,0,0,0,0,0,0,0,0,0,0,0,186.952,0,0,0
"MtrElec",3,19,6,"",153.209,0,0,0,0,0,0,0,0,0,0,0,0,0,0,0,0,0,0,0,0,153.209,0,0,0
"MtrElec",3,19,7,"",259.99,0,0,0,0,0,0,0,0,0,0,0,0,0,0,0,0,0,0,0,0,259.99,0,0,0
"MtrElec",3,19,8,"",245.952,0,0,0,0,0,0,0,0,0,0,0,0,0,0,0,0,0,0,0,0,294.456,0,0,-48.5039
"MtrElec",3,19,9,"",150.047,0,0,0,0,0,0,0,0,0,0,0,0,0,0,0,0,0,0,0,0,373.858,0,0,-223.811
"MtrElec",3,19,10,"",13.5518,0,0,0,0,0,0,0,0,0,0,0,0,0,0,0,0,0,0,0,0,418.209,0,0,-404.657
"MtrElec",3,19,11,"",0,0,0,0,0,0,0,0,0,0,0,0,0,0,0,0,0,0,0,0,0,422.546,0,126.704,-549.25
"MtrElec",3,19,12,"",-0.382812,0,0,0,0,0,0,0,0,0,0,0,0,0,0,0,0,0,0,0,0,408.952,0,223.217,-632.551
"MtrElec",3,19,13,"",-13.3806,0,0,0,0,0,0,0,0,0,0,0,0,0,0,0,0,0,0,0,0,448.632,0,223.217,-685.229
"MtrElec",3,19,14,"",-36.9119,0,0,0,0,0,0,0,0,0,0,0,0,0,0,0,0,0,0,0,0,362.165,0,223.217,-622.293
"MtrElec",3,19,15,"",0.563031,0,0,0,0,0,0,0,0,0,0,0,0,0,0,0,0,0,0,0,0,424.924,0,0,-424.361
"MtrElec",3,19,16,"",-151.213,0,0,0,0,0,0,0,0,0,0,0,0,0,0,0,0,0,0,0,0,376.782,0,2.52675,-530.522
"MtrElec",3,19,17,"",51.3265,0,0,0,0,0,0,0,0,0,0,0,0,0,0,0,0,0,0,0,0,451.699,0,0,-400.373
"MtrElec",3,19,18,"",223.864,0,0,0,0,0,0,0,0,0,0,0,0,0,0,0,0,0,0,0,0,435.205,0,0,-211.341
"MtrElec",3,19,19,"",174.913,0,0,0,0,0,0,0,0,0,0,0,0,0,0,0,0,0,0,0,0,432.765,0,-223.217,-34.6351
"MtrElec",3,19,20,"",164.037,0,0,0,0,0,0,0,0,0,0,0,0,0,0,0,0,0,0,0,0,387.254,0,-223.217,0
"MtrElec",3,19,21,"",208.19,0,0,0,0,0,0,0,0,0,0,0,0,0,0,0,0,0,0,0,0,431.407,0,-223.217,0
"MtrElec",3,19,22,"",233.51,0,0,0,0,0,0,0,0,0,0,0,0,0,0,0,0,0,0,0,0,284.85,0,-51.3398,0
"MtrElec",3,19,23,"",289.444,0,0,0,0,0,0,0,0,0,0,0,0,0,0,0,0,0,0,0,0,289.444,0,0,0
"MtrElec",3,19,24,"",202.797,0,0,0,0,0,0,0,0,0,0,0,0,0,0,0,0,0,0,0,0,202.797,0,0,0
"MtrElec",3,20,1,"",157.339,0,0,0,0,0,0,0,0,0,0,0,0,0,0,0,0,0,0,0,0,157.339,0,0,0
"MtrElec",3,20,2,"",175.644,0,0,0,0,0,0,0,0,0,0,0,0,0,0,0,0,0,0,0,0,175.644,0,0,0
"MtrElec",3,20,3,"",165.787,0,0,0,0,0,0,0,0,0,0,0,0,0,0,0,0,0,0,0,0,165.787,0,0,0
"MtrElec",3,20,4,"",147.308,0,0,0,0,0,0,0,0,0,0,0,0,0,0,0,0,0,0,0,0,147.308,0,0,0
"MtrElec",3,20,5,"",143.117,0,0,0,0,0,0,0,0,0,0,0,0,0,0,0,0,0,0,0,0,143.117,0,0,0
"MtrElec",3,20,6,"",160.419,0,0,0,0,0,0,0,0,0,0,0,0,0,0,0,0,0,0,0,0,160.419,0,0,0
"MtrElec",3,20,7,"",271.792,0,0,0,0,0,0,0,0,0,0,0,0,0,0,0,0,0,0,0,0,271.792,0,0,0
"MtrElec",3,20,8,"",261.99,0,0,0,0,0,0,0,0,0,0,0,0,0,0,0,0,0,0,0,0,304.449,0,0,-42.4592
"MtrElec",3,20,9,"",193.326,0,0,0,0,0,0,0,0,0,0,0,0,0,0,0,0,0,0,0,0,372.176,0,0,-178.85
"MtrElec",3,20,10,"",-29.3134,0,0,0,0,0,0,0,0,0,0,0,0,0,0,0,0,0,0,0,0,416.735,0,0,-446.048
"MtrElec",3,20,11,"",0.0000156,0,0,0,0,0,0,0,0,0,0,0,0,0,0,0,0,0,0,0,0,385.009,0,219.544,-604.553
"MtrElec",3,20,12,"",-45.9209,0,0,0,0,0,0,0,0,0,0,0,0,0,0,0,0,0,0,0,0,437.822,0,223.217,-706.96
"MtrElec",3,20,13,"",-100.098,0,0,0,0,0,0,0,0,0,0,0,0,0,0,0,0,0,0,0,0,424.614,0,223.217,-747.929
"MtrElec",3,20,14,"",-240.659,0,0,0,0,0,0,0,0,0,0,0,0,0,0,0,0,0,0,0,0,374.578,0,132.904,-748.141
"MtrElec",3,20,15,"",-281.257,0,0,0,0,0,0,0,0,0,0,0,0,0,0,0,0,0,0,0,0,405.284,0,0,-686.541
"MtrElec",3,20,16,"",-163.025,0,0,0,0,0,0,0,0,0,0,0,0,0,0,0,0,0,0,0,0,412.784,0,0,-575.809
"MtrElec",3,20,17,"",19.0398,0,0,0,0,0,0,0,0,0,0,0,0,0,0,0,0,0,0,0,0,444.462,0,0,-425.422
"MtrElec",3,20,18,"",187.833,0,0,0,0,0,0,0,0,0,0,0,0,0,0,0,0,0,0,0,0,415.872,0,0,-228.039
"MtrElec",3,20,19,"",192.556,0,0,0,0,0,0,0,0,0,0,0,0,0,0,0,0,0,0,0,0,452.712,0,-223.217,-36.9397
"MtrElec",3,20,20,"",168.684,0,0,0,0,0,0,0,0,0,0,0,0,0,0,0,0,0,0,0,0,391.901,0,-223.217,0
"MtrElec",3,20,21,"",235.266,0,0,0,0,0,0,0,0,0,0,0,0,0,0,0,0,0,0,0,0,458.482,0,-223.217,0
"MtrElec",3,20,22,"",236.358,0,0,0,0,0,0,0,0,0,0,0,0,0,0,0,0,0,0,0,0,287.698,0,-51.3398,0
"MtrElec",3,20,23,"",277.303,0,0,0,0,0,0,0,0,0,0,0,0,0,0,0,0,0,0,0,0,277.303,0,0,0
"MtrElec",3,20,24,"",195.104,0,0,0,0,0,0,0,0,0,0,0,0,0,0,0,0,0,0,0,0,195.104,0,0,0
"MtrElec",3,21,1,"",153.03,0,0,0,0,0,0,0,0,0,0,0,0,0,0,0,0,0,0,0,0,153.03,0,0,0
"MtrElec",3,21,2,"",151.699,0,0,0,0,0,0,0,0,0,0,0,0,0,0,0,0,0,0,0,0,151.699,0,0,0
"MtrElec",3,21,3,"",149.581,0,0,0,0,0,0,0,0,0,0,0,0,0,0,0,0,0,0,0,0,149.581,0,0,0
"MtrElec",3,21,4,"",148.445,0,0,0,0,0,0,0,0,0,0,0,0,0,0,0,0,0,0,0,0,148.445,0,0,0
"MtrElec",3,21,5,"",189.518,0,0,0,0,0,0,0,0,0,0,0,0,0,0,0,0,0,0,0,0,189.518,0,0,0
"MtrElec",3,21,6,"",175.597,0,0,0,0,0,0,0,0,0,0,0,0,0,0,0,0,0,0,0,0,175.597,0,0,0
"MtrElec",3,21,7,"",166.93,0,0,0,0,0,0,0,0,0,0,0,0,0,0,0,0,0,0,0,0,166.93,0,0,0
"MtrElec",3,21,8,"",212.555,0,0,0,0,0,0,0,0,0,0,0,0,0,0,0,0,0,0,0,0,263.846,0,0,-51.2909
"MtrElec",3,21,9,"",86.655,0,0,0,0,0,0,0,0,0,0,0,0,0,0,0,0,0,0,0,0,283.698,0,0,-197.043
"MtrElec",3,21,10,"",-84.3308,0,0,0,0,0,0,0,0,0,0,0,0,0,0,0,0,0,0,0,0,357.466,0,0,-441.797
"MtrElec",3,21,11,"",0,0,0,0,0,0,0,0,0,0,0,0,0,0,0,0,0,0,0,0,0,457.09,0,136.886,-593.976
"MtrElec",3,21,12,"",-41.4316,0,0,0,0,0,0,0,0,0,0,0,0,0,0,0,0,0,0,0,0,424.832,0,223.217,-689.48
"MtrElec",3,21,13,"",-37.217,0,0,0,0,0,0,0,0,0,0,0,0,0,0,0,0,0,0,0,0,471.322,0,223.217,-731.756
"MtrElec",3,21,14,"",-123.209,0,0,0,0,0,0,0,0,0,0,0,0,0,0,0,0,0,0,0,0,383.641,0,215.562,-722.411
"MtrElec",3,21,15,"",-249.718,0,0,0,0,0,0,0,0,0,0,0,0,0,0,0,0,0,0,0,0,420.928,0,0,-670.646
"MtrElec",3,21,16,"",-149.266,0,0,0,0,0,0,0,0,0,0,0,0,0,0,0,0,0,0,0,0,421.973,0,0,-571.239
"MtrElec",3,21,17,"",-23.6342,0,0,0,0,0,0,0,0,0,0,0,0,0,0,0,0,0,0,0,0,396.265,0,0,-419.9
"MtrElec",3,21,18,"",203.08,0,0,0,0,0,0,0,0,0,0,0,0,0,0,0,0,0,0,0,0,428.23,0,0,-225.151
"MtrElec",3,21,19,"",227.62,0,0,0,0,0,0,0,0,0,0,0,0,0,0,0,0,0,0,0,0,489.059,0,-223.217,-38.2222
"MtrElec",3,21,20,"",110.832,0,0,0,0,0,0,0,0,0,0,0,0,0,0,0,0,0,0,0,0,334.049,0,-223.217,0
"MtrElec",3,21,21,"",131.066,0,0,0,0,0,0,0,0,0,0,0,0,0,0,0,0,0,0,0,0,354.283,0,-223.217,0
"MtrElec",3,21,22,"",236.73,0,0,0,0,0,0,0,0,0,0,0,0,0,0,0,0,0,0,0,0,288.07,0,-51.3398,0
"MtrElec",3,21,23,"",254.214,0,0,0,0,0,0,0,0,0,0,0,0,0,0,0,0,0,0,0,0,254.214,0,0,0
"MtrElec",3,21,24,"",196.72,0,0,0,0,0,0,0,0,0,0,0,0,0,0,0,0,0,0,0,0,196.72,0,0,0
"MtrElec",3,22,1,"",155.544,0,0,0,0,0,0,0,0,0,0,0,0,0,0,0,0,0,0,0,0,155.544,0,0,0
"MtrElec",3,22,2,"",151.508,0,0,0,0,0,0,0,0,0,0,0,0,0,0,0,0,0,0,0,0,151.508,0,0,0
"MtrElec",3,22,3,"",146.299,0,0,0,0,0,0,0,0,0,0,0,0,0,0,0,0,0,0,0,0,146.299,0,0,0
"MtrElec",3,22,4,"",153.104,0,0,0,0,0,0,0,0,0,0,0,0,0,0,0,0,0,0,0,0,153.104,0,0,0
"MtrElec",3,22,5,"",151.261,0,0,0,0,0,0,0,0,0,0,0,0,0,0,0,0,0,0,0,0,151.261,0,0,0
"MtrElec",3,22,6,"",187.675,0,0,0,0,0,0,0,0,0,0,0,0,0,0,0,0,0,0,0,0,187.675,0,0,0
"MtrElec",3,22,7,"",158.776,0,0,0,0,0,0,0,0,0,0,0,0,0,0,0,0,0,0,0,0,158.776,0,0,0
"MtrElec",3,22,8,"",202.895,0,0,0,0,0,0,0,0,0,0,0,0,0,0,0,0,0,0,0,0,256.983,0,0,-54.0881
"MtrElec",3,22,9,"",56.1052,0,0,0,0,0,0,0,0,0,0,0,0,0,0,0,0,0,0,0,0,299.208,0,0,-243.103
"MtrElec",3,22,10,"",-91.4218,0,0,0,0,0,0,0,0,0,0,0,0,0,0,0,0,0,0,0,0,343.671,0,0,-435.093
"MtrElec",3,22,11,"",0,0,0,0,0,0,0,0,0,0,0,0,0,0,0,0,0,0,0,0,0,365.048,0,215.081,-580.129
"MtrElec",3,22,12,"",-6.66956,0,0,0,0,0,0,0,0,0,0,0,0,0,0,0,0,0,0,0,0,431.086,0,223.217,-660.973
"MtrElec",3,22,13,"",-99.05,0,0,0,0,0,0,0,0,0,0,0,0,0,0,0,0,0,0,0,0,391.918,0,223.217,-714.185
"MtrElec",3,22,14,"",-218.446,0,0,0,0,0,0,0,0,0,0,0,0,0,0,0,0,0,0,0,0,373.486,0,137.367,-729.299
"MtrElec",3,22,15,"",-328.788,0,0,0,0,0,0,0,0,0,0,0,0,0,0,0,0,0,0,0,0,345.056,0,0,-673.844
"MtrElec",3,22,16,"",-218.318,0,0,0,0,0,0,0,0,0,0,0,0,0,0,0,0,0,0,0,0,349.035,0,0,-567.353
"MtrElec",3,22,17,"",-64.9064,0,0,0,0,0,0,0,0,0,0,0,0,0,0,0,0,0,0,0,0,352.007,0,0,-416.913
"MtrElec",3,22,18,"",119.812,0,0,0,0,0,0,0,0,0,0,0,0,0,0,0,0,0,0,0,0,341.695,0,0,-221.883
"MtrElec",3,22,19,"",127.844,0,0,0,0,0,0,0,0,0,0,0,0,0,0,0,0,0,0,0,0,388.646,0,-223.217,-37.5848
"MtrElec",3,22,20,"",74.1651,0,0,0,0,0,0,0,0,0,0,0,0,0,0,0,0,0,0,0,0,297.382,0,-223.217,0
"MtrElec",3,22,21,"",121.314,0,0,0,0,0,0,0,0,0,0,0,0,0,0,0,0,0,0,0,0,344.531,0,-223.217,0
"MtrElec",3,22,22,"",249.662,0,0,0,0,0,0,0,0,0,0,0,0,0,0,0,0,0,0,0,0,301.002,0,-51.3398,0
"MtrElec",3,22,23,"",253.304,0,0,0,0,0,0,0,0,0,0,0,0,0,0,0,0,0,0,0,0,253.304,0,0,0
"MtrElec",3,22,24,"",214.355,0,0,0,0,0,0,0,0,0,0,0,0,0,0,0,0,0,0,0,0,214.355,0,0,0
"MtrElec",3,23,1,"",168.964,0,0,0,0,0,0,0,0,0,0,0,0,0,0,0,0,0,0,0,0,168.964,0,0,0
"MtrElec",3,23,2,"",152.095,0,0,0,0,0,0,0,0,0,0,0,0,0,0,0,0,0,0,0,0,152.095,0,0,0
"MtrElec",3,23,3,"",150.73,0,0,0,0,0,0,0,0,0,0,0,0,0,0,0,0,0,0,0,0,150.73,0,0,0
"MtrElec",3,23,4,"",152.873,0,0,0,0,0,0,0,0,0,0,0,0,0,0,0,0,0,0,0,0,152.873,0,0,0
"MtrElec",3,23,5,"",153.648,0,0,0,0,0,0,0,0,0,0,0,0,0,0,0,0,0,0,0,0,153.648,0,0,0
"MtrElec",3,23,6,"",202.419,0,0,0,0,0,0,0,0,0,0,0,0,0,0,0,0,0,0,0,0,202.419,0,0,0
"MtrElec",3,23,7,"",215.556,0,0,0,0,0,0,0,0,0,0,0,0,0,0,0,0,0,0,0,0,215.556,0,0,0
"MtrElec",3,23,8,"",246.765,0,0,0,0,0,0,0,0,0,0,0,0,0,0,0,0,0,0,0,0,300.954,0,0,-54.1894
"MtrElec",3,23,9,"",131.865,0,0,0,0,0,0,0,0,0,0,0,0,0,0,0,0,0,0,0,0,358.022,0,0,-226.157
"MtrElec",3,23,10,"",34.2527,0,0,0,0,0,0,0,0,0,0,0,0,0,0,0,0,0,0,0,0,418.158,0,0,-383.905
"MtrElec",3,23,11,"",0.0000078,0,0,0,0,0,0,0,0,0,0,0,0,0,0,0,0,0,0,0,0,428.599,0,73.8019,-502.401
"MtrElec",3,23,12,"",0,0,0,0,0,0,0,0,0,0,0,0,0,0,0,0,0,0,0,0,0,393.751,0,181.761,-575.512
"MtrElec",3,23,13,"",0,0,0,0,0,0,0,0,0,0,0,0,0,0,0,0,0,0,0,0,0,446.202,0,210.853,-657.055
"MtrElec",3,23,14,"",-111.416,0,0,0,0,0,0,0,0,0,0,0,0,0,0,0,0,0,0,0,0,378.904,0,223.217,-713.537
"MtrElec",3,23,15,"",-205.765,0,0,0,0,0,0,0,0,0,0,0,0,0,0,0,0,0,0,0,0,343.749,0,109.248,-658.762
"MtrElec",3,23,16,"",-155.636,0,0,0,0,0,0,0,0,0,0,0,0,0,0,0,0,0,0,0,0,401.213,0,0,-556.849
"MtrElec",3,23,17,"",5.21938,0,0,0,0,0,0,0,0,0,0,0,0,0,0,0,0,0,0,0,0,414.514,0,0,-409.294
"MtrElec",3,23,18,"",235.375,0,0,0,0,0,0,0,0,0,0,0,0,0,0,0,0,0,0,0,0,455.237,0,0,-219.863
"MtrElec",3,23,19,"",142.247,0,0,0,0,0,0,0,0,0,0,0,0,0,0,0,0,0,0,0,0,403.192,0,-223.217,-37.7282
"MtrElec",3,23,20,"",178.979,0,0,0,0,0,0,0,0,0,0,0,0,0,0,0,0,0,0,0,0,402.196,0,-223.217,0
"MtrElec",3,23,21,"",198.367,0,0,0,0,0,0,0,0,0,0,0,0,0,0,0,0,0,0,0,0,421.584,0,-223.217,0
"MtrElec",3,23,22,"",257.557,0,0,0,0,0,0,0,0,0,0,0,0,0,0,0,0,0,0,0,0,308.897,0,-51.3398,0
"MtrElec",3,23,23,"",255.824,0,0,0,0,0,0,0,0,0,0,0,0,0,0,0,0,0,0,0,0,255.824,0,0,0
"MtrElec",3,23,24,"",210.859,0,0,0,0,0,0,0,0,0,0,0,0,0,0,0,0,0,0,0,0,210.859,0,0,0
"MtrElec",3,24,1,"",175.603,0,0,0,0,0,0,0,0,0,0,0,0,0,0,0,0,0,0,0,0,175.603,0,0,0
"MtrElec",3,24,2,"",153.153,0,0,0,0,0,0,0,0,0,0,0,0,0,0,0,0,0,0,0,0,153.153,0,0,0
"MtrElec",3,24,3,"",170.223,0,0,0,0,0,0,0,0,0,0,0,0,0,0,0,0,0,0,0,0,170.223,0,0,0
"MtrElec",3,24,4,"",161.683,0,0,0,0,0,0,0,0,0,0,0,0,0,0,0,0,0,0,0,0,161.683,0,0,0
"MtrElec",3,24,5,"",144.342,0,0,0,0,0,0,0,0,0,0,0,0,0,0,0,0,0,0,0,0,144.342,0,0,0
"MtrElec",3,24,6,"",155.98,0,0,0,0,0,0,0,0,0,0,0,0,0,0,0,0,0,0,0,0,155.98,0,0,0
"MtrElec",3,24,7,"",252.206,0,0,0,0,0,0,0,0,0,0,0,0,0,0,0,0,0,0,0,0,252.206,0,0,0
"MtrElec",3,24,8,"",230.283,0,0,0,0,0,0,0,0,0,0,0,0,0,0,0,0,0,0,0,0,287.763,0,0,-57.4802
"MtrElec",3,24,9,"",160.121,0,0,0,0,0,0,0,0,0,0,0,0,0,0,0,0,0,0,0,0,361.202,0,0,-201.082
"MtrElec",3,24,10,"",104.918,0,0,0,0,0,0,0,0,0,0,0,0,0,0,0,0,0,0,0,0,442.623,0,0,-337.705
"MtrElec",3,24,11,"",0,0,0,0,0,0,0,0,0,0,0,0,0,0,0,0,0,0,0,0,0,409.576,0,76.5658,-486.142
"MtrElec",3,24,12,"",0,0,0,0,0,0,0,0,0,0,0,0,0,0,0,0,0,0,0,0,0,397.876,0,187.601,-585.477
"MtrElec",3,24,13,"",0,0,0,0,0,0,0,0,0,0,0,0,0,0,0,0,0,0,0,0,0,448.185,0,194.586,-642.771
"MtrElec",3,24,14,"",-74.0252,0,0,0,0,0,0,0,0,0,0,0,0,0,0,0,0,0,0,0,0,399.92,0,223.217,-697.162
"MtrElec",3,24,15,"",-212.366,0,0,0,0,0,0,0,0,0,0,0,0,0,0,0,0,0,0,0,0,336.36,0,116.912,-665.637
"MtrElec",3,24,16,"",-165.17,0,0,0,0,0,0,0,0,0,0,0,0,0,0,0,0,0,0,0,0,380.092,0,0,-545.262
"MtrElec",3,24,17,"",11.0461,0,0,0,0,0,0,0,0,0,0,0,0,0,0,0,0,0,0,0,0,363.202,0,0,-352.156
"MtrElec",3,24,18,"",253.226,0,0,0,0,0,0,0,0,0,0,0,0,0,0,0,0,0,0,0,0,441.449,0,0,-188.223
"MtrElec",3,24,19,"",138.99,0,0,0,0,0,0,0,0,0,0,0,0,0,0,0,0,0,0,0,0,397.101,0,-223.217,-34.8947
"MtrElec",3,24,20,"",210.395,0,0,0,0,0,0,0,0,0,0,0,0,0,0,0,0,0,0,0,0,433.611,0,-223.217,0
"MtrElec",3,24,21,"",192.853,0,0,0,0,0,0,0,0,0,0,0,0,0,0,0,0,0,0,0,0,416.07,0,-223.217,0
"MtrElec",3,24,22,"",242.743,0,0,0,0,0,0,0,0,0,0,0,0,0,0,0,0,0,0,0,0,294.083,0,-51.3398,0
"MtrElec",3,24,23,"",261.865,0,0,0,0,0,0,0,0,0,0,0,0,0,0,0,0,0,0,0,0,261.865,0,0,0
"MtrElec",3,24,24,"",166.428,0,0,0,0,0,0,0,0,0,0,0,0,0,0,0,0,0,0,0,0,166.428,0,0,0
"MtrElec",3,25,1,"",157.918,0,0,0,0,0,0,0,0,0,0,0,0,0,0,0,0,0,0,0,0,157.918,0,0,0
"MtrElec",3,25,2,"",151.177,0,0,0,0,0,0,0,0,0,0,0,0,0,0,0,0,0,0,0,0,151.177,0,0,0
"MtrElec",3,25,3,"",192.659,0,0,0,0,0,0,0,0,0,0,0,0,0,0,0,0,0,0,0,0,192.659,0,0,0
"MtrElec",3,25,4,"",152.743,0,0,0,0,0,0,0,0,0,0,0,0,0,0,0,0,0,0,0,0,152.743,0,0,0
"MtrElec",3,25,5,"",143.673,0,0,0,0,0,0,0,0,0,0,0,0,0,0,0,0,0,0,0,0,143.673,0,0,0
"MtrElec",3,25,6,"",149.461,0,0,0,0,0,0,0,0,0,0,0,0,0,0,0,0,0,0,0,0,149.461,0,0,0
"MtrElec",3,25,7,"",243.271,0,0,0,0,0,0,0,0,0,0,0,0,0,0,0,0,0,0,0,0,243.271,0,0,0
"MtrElec",3,25,8,"",277.393,0,0,0,0,0,0,0,0,0,0,0,0,0,0,0,0,0,0,0,0,298.702,0,0,-21.3088
"MtrElec",3,25,9,"",298.776,0,0,0,0,0,0,0,0,0,0,0,0,0,0,0,0,0,0,0,0,377.867,0,0,-79.0912
"MtrElec",3,25,10,"",250.183,0,0,0,0,0,0,0,0,0,0,0,0,0,0,0,0,0,0,0,0,441.258,0,0,-191.074
"MtrElec",3,25,11,"",0,0,0,0,0,0,0,0,0,0,0,0,0,0,0,0,0,0,0,0,0,436.307,0,87.0038,-523.311
"MtrElec",3,25,12,"",-26.5038,0,0,0,0,0,0,0,0,0,0,0,0,0,0,0,0,0,0,0,0,415.38,0,223.217,-665.101
"MtrElec",3,25,13,"",-27.2758,0,0,0,0,0,0,0,0,0,0,0,0,0,0,0,0,0,0,0,0,461.878,0,223.217,-712.37
"MtrElec",3,25,14,"",-40.7017,0,0,0,0,0,0,0,0,0,0,0,0,0,0,0,0,0,0,0,0,343.971,0,223.217,-607.89
"MtrElec",3,25,15,"",-97.142,0,0,0,0,0,0,0,0,0,0,0,0,0,0,0,0,0,0,0,0,385.289,0,42.2269,-524.658
"MtrElec",3,25,16,"",-142.408,0,0,0,0,0,0,0,0,0,0,0,0,0,0,0,0,0,0,0,0,373.411,0,0,-515.819
"MtrElec",3,25,17,"",28.1417,0,0,0,0,0,0,0,0,0,0,0,0,0,0,0,0,0,0,0,0,446.151,0,0,-418.009
"MtrElec",3,25,18,"",165.541,0,0,0,0,0,0,0,0,0,0,0,0,0,0,0,0,0,0,0,0,392.372,0,0,-226.831
"MtrElec",3,25,19,"",140.658,0,0,0,0,0,0,0,0,0,0,0,0,0,0,0,0,0,0,0,0,405.85,0,-223.217,-41.9756
"MtrElec",3,25,20,"",158.144,0,0,0,0,0,0,0,0,0,0,0,0,0,0,0,0,0,0,0,0,381.361,0,-223.217,0
"MtrElec",3,25,21,"",171.066,0,0,0,0,0,0,0,0,0,0,0,0,0,0,0,0,0,0,0,0,394.283,0,-223.217,0
"MtrElec",3,25,22,"",241.489,0,0,0,0,0,0,0,0,0,0,0,0,0,0,0,0,0,0,0,0,292.829,0,-51.3398,0
"MtrElec",3,25,23,"",313.174,0,0,0,0,0,0,0,0,0,0,0,0,0,0,0,0,0,0,0,0,313.174,0,0,0
"MtrElec",3,25,24,"",206.948,0,0,0,0,0,0,0,0,0,0,0,0,0,0,0,0,0,0,0,0,206.948,0,0,0
"MtrElec",3,26,1,"",167.673,0,0,0,0,0,0,0,0,0,0,0,0,0,0,0,0,0,0,0,0,167.673,0,0,0
"MtrElec",3,26,2,"",151.215,0,0,0,0,0,0,0,0,0,0,0,0,0,0,0,0,0,0,0,0,151.215,0,0,0
"MtrElec",3,26,3,"",146.606,0,0,0,0,0,0,0,0,0,0,0,0,0,0,0,0,0,0,0,0,146.606,0,0,0
"MtrElec",3,26,4,"",153.684,0,0,0,0,0,0,0,0,0,0,0,0,0,0,0,0,0,0,0,0,153.684,0,0,0
"MtrElec",3,26,5,"",164.589,0,0,0,0,0,0,0,0,0,0,0,0,0,0,0,0,0,0,0,0,164.589,0,0,0
"MtrElec",3,26,6,"",184.49,0,0,0,0,0,0,0,0,0,0,0,0,0,0,0,0,0,0,0,0,184.49,0,0,0
"MtrElec",3,26,7,"",231.95,0,0,0,0,0,0,0,0,0,0,0,0,0,0,0,0,0,0,0,0,231.95,0,0,0
"MtrElec",3,26,8,"",242.246,0,0,0,0,0,0,0,0,0,0,0,0,0,0,0,0,0,0,0,0,303.327,0,0,-61.0815
"MtrElec",3,26,9,"",108.972,0,0,0,0,0,0,0,0,0,0,0,0,0,0,0,0,0,0,0,0,363.72,0,0,-254.749
"MtrElec",3,26,10,"",13.8676,0,0,0,0,0,0,0,0,0,0,0,0,0,0,0,0,0,0,0,0,458.848,0,0,-444.98
"MtrElec",3,26,11,"",0,0,0,0,0,0,0,0,0,0,0,0,0,0,0,0,0,0,0,0,0,438.255,0,140.631,-578.886
"MtrElec",3,26,12,"",-35.6818,0,0,0,0,0,0,0,0,0,0,0,0,0,0,0,0,0,0,0,0,408.761,0,223.217,-667.659
"MtrElec",3,26,13,"",-79.3634,0,0,0,0,0,0,0,0,0,0,0,0,0,0,0,0,0,0,0,0,419.212,0,223.217,-721.792
"MtrElec",3,26,14,"",-126.316,0,0,0,0,0,0,0,0,0,0,0,0,0,0,0,0,0,0,0,0,388.387,0,211.817,-726.52
"MtrElec",3,26,15,"",-332.821,0,0,0,0,0,0,0,0,0,0,0,0,0,0,0,0,0,0,0,0,342.63,0,0,-675.451
"MtrElec",3,26,16,"",-188.683,0,0,0,0,0,0,0,0,0,0,0,0,0,0,0,0,0,0,0,0,384.507,0,0,-573.19
"MtrElec",3,26,17,"",-47.9232,0,0,0,0,0,0,0,0,0,0,0,0,0,0,0,0,0,0,0,0,375.632,0,0,-423.556
"MtrElec",3,26,18,"",209.462,0,0,0,0,0,0,0,0,0,0,0,0,0,0,0,0,0,0,0,0,436.727,0,0,-227.265
"MtrElec",3,26,19,"",122.461,0,0,0,0,0,0,0,0,0,0,0,0,0,0,0,0,0,0,0,0,387.797,0,-223.217,-42.1182
"MtrElec",3,26,20,"",181.408,0,0,0,0,0,0,0,0,0,0,0,0,0,0,0,0,0,0,0,0,404.625,0,-223.217,0
"MtrElec",3,26,21,"",197.227,0,0,0,0,0,0,0,0,0,0,0,0,0,0,0,0,0,0,0,0,420.444,0,-223.217,0
"MtrElec",3,26,22,"",249.603,0,0,0,0,0,0,0,0,0,0,0,0,0,0,0,0,0,0,0,0,300.943,0,-51.3398,0
"MtrElec",3,26,23,"",269.541,0,0,0,0,0,0,0,0,0,0,0,0,0,0,0,0,0,0,0,0,269.541,0,0,0
"MtrElec",3,26,24,"",186.987,0,0,0,0,0,0,0,0,0,0,0,0,0,0,0,0,0,0,0,0,186.987,0,0,0
"MtrElec",3,27,1,"",163.155,0,0,0,0,0,0,0,0,0,0,0,0,0,0,0,0,0,0,0,0,163.155,0,0,0
"MtrElec",3,27,2,"",150.956,0,0,0,0,0,0,0,0,0,0,0,0,0,0,0,0,0,0,0,0,150.956,0,0,0
"MtrElec",3,27,3,"",145.912,0,0,0,0,0,0,0,0,0,0,0,0,0,0,0,0,0,0,0,0,145.912,0,0,0
"MtrElec",3,27,4,"",152.501,0,0,0,0,0,0,0,0,0,0,0,0,0,0,0,0,0,0,0,0,152.501,0,0,0
"MtrElec",3,27,5,"",142.233,0,0,0,0,0,0,0,0,0,0,0,0,0,0,0,0,0,0,0,0,142.233,0,0,0
"MtrElec",3,27,6,"",192.141,0,0,0,0,0,0,0,0,0,0,0,0,0,0,0,0,0,0,0,0,192.141,0,0,0
"MtrElec",3,27,7,"",192.948,0,0,0,0,0,0,0,0,0,0,0,0,0,0,0,0,0,0,0,0,192.948,0,0,0
"MtrElec",3,27,8,"",241.324,0,0,0,0,0,0,0,0,0,0,0,0,0,0,0,0,0,0,0,0,290.214,0,0,-48.8903
"MtrElec",3,27,9,"",204.257,0,0,0,0,0,0,0,0,0,0,0,0,0,0,0,0,0,0,0,0,361.451,0,0,-157.194
"MtrElec",3,27,10,"",178.149,0,0,0,0,0,0,0,0,0,0,0,0,0,0,0,0,0,0,0,0,450.303,0,0,-272.155
"MtrElec",3,27,11,"",12.3302,0,0,0,0,0,0,0,0,0,0,0,0,0,0,0,0,0,0,0,0,436.362,0,0,-424.031
"MtrElec",3,27,12,"",0,0,0,0,0,0,0,0,0,0,0,0,0,0,0,0,0,0,0,0,0,427.115,0,49.4745,-476.589
"MtrElec",3,27,13,"",0,0,0,0,0,0,0,0,0,0,0,0,0,0,0,0,0,0,0,0,0,426.466,0,130.911,-557.377
"MtrElec",3,27,14,"",0.0000156,0,0,0,0,0,0,0,0,0,0,0,0,0,0,0,0,0,0,0,0,369.057,0,190.413,-559.47
"MtrElec",3,27,15,"",0.0000078,0,0,0,0,0,0,0,0,0,0,0,0,0,0,0,0,0,0,0,0,370.985,0,127.855,-498.84
"MtrElec",3,27,16,"",0,0,0,0,0,0,0,0,0,0,0,0,0,0,0,0,0,0,0,0,0,369.992,0,78.9392,-448.931
"MtrElec",3,27,17,"",43.7878,0,0,0,0,0,0,0,0,0,0,0,0,0,0,0,0,0,0,0,0,396.672,0,0,-352.884
"MtrElec",3,27,18,"",266.474,0,0,0,0,0,0,0,0,0,0,0,0,0,0,0,0,0,0,0,0,422.303,0,0,-155.83
"MtrElec",3,27,19,"",137.455,0,0,0,0,0,0,0,0,0,0,0,0,0,0,0,0,0,0,0,0,399.111,0,-223.217,-38.439
"MtrElec",3,27,20,"",151.835,0,0,0,0,0,0,0,0,0,0,0,0,0,0,0,0,0,0,0,0,375.052,0,-223.217,0
"MtrElec",3,27,21,"",342.472,0,0,0,0,0,0,0,0,0,0,0,0,0,0,0,0,0,0,0,0,417.315,0,-74.8433,0
"MtrElec",3,27,22,"",280.898,0,0,0,0,0,0,0,0,0,0,0,0,0,0,0,0,0,0,0,0,280.898,0,0,0
"MtrElec",3,27,23,"",292.957,0,0,0,0,0,0,0,0,0,0,0,0,0,0,0,0,0,0,0,0,292.957,0,0,0
"MtrElec",3,27,24,"",198.534,0,0,0,0,0,0,0,0,0,0,0,0,0,0,0,0,0,0,0,0,198.534,0,0,0
"MtrElec",3,28,1,"",166.463,0,0,0,0,0,0,0,0,0,0,0,0,0,0,0,0,0,0,0,0,166.463,0,0,0
"MtrElec",3,28,2,"",151.496,0,0,0,0,0,0,0,0,0,0,0,0,0,0,0,0,0,0,0,0,151.496,0,0,0
"MtrElec",3,28,3,"",188.463,0,0,0,0,0,0,0,0,0,0,0,0,0,0,0,0,0,0,0,0,188.463,0,0,0
"MtrElec",3,28,4,"",148.422,0,0,0,0,0,0,0,0,0,0,0,0,0,0,0,0,0,0,0,0,148.422,0,0,0
"MtrElec",3,28,5,"",166.529,0,0,0,0,0,0,0,0,0,0,0,0,0,0,0,0,0,0,0,0,166.529,0,0,0
"MtrElec",3,28,6,"",153.56,0,0,0,0,0,0,0,0,0,0,0,0,0,0,0,0,0,0,0,0,153.56,0,0,0
"MtrElec",3,28,7,"",170.138,0,0,0,0,0,0,0,0,0,0,0,0,0,0,0,0,0,0,0,0,170.138,0,0,0
"MtrElec",3,28,8,"",214.654,0,0,0,0,0,0,0,0,0,0,0,0,0,0,0,0,0,0,0,0,253.14,0,0,-38.4857
"MtrElec",3,28,9,"",161.637,0,0,0,0,0,0,0,0,0,0,0,0,0,0,0,0,0,0,0,0,289.545,0,0,-127.908
"MtrElec",3,28,10,"",203.648,0,0,0,0,0,0,0,0,0,0,0,0,0,0,0,0,0,0,0,0,388.312,0,0,-184.664
"MtrElec",3,28,11,"",133.268,0,0,0,0,0,0,0,0,0,0,0,0,0,0,0,0,0,0,0,0,447.052,0,0,-313.784
"MtrElec",3,28,12,"",153.225,0,0,0,0,0,0,0,0,0,0,0,0,0,0,0,0,0,0,0,0,522.03,0,0,-368.805
"MtrElec",3,28,13,"",0,0,0,0,0,0,0,0,0,0,0,0,0,0,0,0,0,0,0,0,0,409.617,0,95.0351,-504.652
"MtrElec",3,28,14,"",104.236,0,0,0,0,0,0,0,0,0,0,0,0,0,0,0,0,0,0,0,0,403.66,0,0,-299.423
"MtrElec",3,28,15,"",187.025,0,0,0,0,0,0,0,0,0,0,0,0,0,0,0,0,0,0,0,0,407.01,0,0,-219.985
"MtrElec",3,28,16,"",74.72,0,0,0,0,0,0,0,0,0,0,0,0,0,0,0,0,0,0,0,0,350.471,0,0,-275.751
"MtrElec",3,28,17,"",138.782,0,0,0,0,0,0,0,0,0,0,0,0,0,0,0,0,0,0,0,0,421.184,0,0,-282.402
"MtrElec",3,28,18,"",290.37,0,0,0,0,0,0,0,0,0,0,0,0,0,0,0,0,0,0,0,0,397.671,0,0,-107.301
"MtrElec",3,28,19,"",284.454,0,0,0,0,0,0,0,0,0,0,0,0,0,0,0,0,0,0,0,0,395.88,0,-85.7692,-25.6572
"MtrElec",3,28,20,"",345.643,0,0,0,0,0,0,0,0,0,0,0,0,0,0,0,0,0,0,0,0,345.643,0,0,0
"MtrElec",3,28,21,"",341.569,0,0,0,0,0,0,0,0,0,0,0,0,0,0,0,0,0,0,0,0,341.569,0,0,0
"MtrElec",3,28,22,"",307.082,0,0,0,0,0,0,0,0,0,0,0,0,0,0,0,0,0,0,0,0,307.082,0,0,0
"MtrElec",3,28,23,"",195.629,0,0,0,0,0,0,0,0,0,0,0,0,0,0,0,0,0,0,0,0,195.629,0,0,0
"MtrElec",3,28,24,"",248.773,0,0,0,0,0,0,0,0,0,0,0,0,0,0,0,0,0,0,0,0,248.773,0,0,0
"MtrElec",3,29,1,"",163.71,0,0,0,0,0,0,0,0,0,0,0,0,0,0,0,0,0,0,0,0,163.71,0,0,0
"MtrElec",3,29,2,"",151.877,0,0,0,0,0,0,0,0,0,0,0,0,0,0,0,0,0,0,0,0,151.877,0,0,0
"MtrElec",3,29,3,"",151.267,0,0,0,0,0,0,0,0,0,0,0,0,0,0,0,0,0,0,0,0,151.267,0,0,0
"MtrElec",3,29,4,"",152.232,0,0,0,0,0,0,0,0,0,0,0,0,0,0,0,0,0,0,0,0,152.232,0,0,0
"MtrElec",3,29,5,"",167.075,0,0,0,0,0,0,0,0,0,0,0,0,0,0,0,0,0,0,0,0,167.075,0,0,0
"MtrElec",3,29,6,"",150.605,0,0,0,0,0,0,0,0,0,0,0,0,0,0,0,0,0,0,0,0,150.605,0,0,0
"MtrElec",3,29,7,"",213.311,0,0,0,0,0,0,0,0,0,0,0,0,0,0,0,0,0,0,0,0,213.311,0,0,0
"MtrElec",3,29,8,"",156.552,0,0,0,0,0,0,0,0,0,0,0,0,0,0,0,0,0,0,0,0,212.606,0,0,-56.0542
"MtrElec",3,29,9,"",134.895,0,0,0,0,0,0,0,0,0,0,0,0,0,0,0,0,0,0,0,0,293.24,0,0,-158.346
"MtrElec",3,29,10,"",96.832,0,0,0,0,0,0,0,0,0,0,0,0,0,0,0,0,0,0,0,0,317.005,0,0,-220.173
"MtrElec",3,29,11,"",121.304,0,0,0,0,0,0,0,0,0,0,0,0,0,0,0,0,0,0,0,0,389.397,0,0,-268.093
"MtrElec",3,29,12,"",0,0,0,0,0,0,0,0,0,0,0,0,0,0,0,0,0,0,0,0,0,376.468,0,93.8027,-470.271
"MtrElec",3,29,13,"",0,0,0,0,0,0,0,0,0,0,0,0,0,0,0,0,0,0,0,0,0,393.123,0,67.8803,-461.003
"MtrElec",3,29,14,"",-62.8847,0,0,0,0,0,0,0,0,0,0,0,0,0,0,0,0,0,0,0,0,306.61,0,223.217,-592.712
"MtrElec",3,29,15,"",0,0,0,0,0,0,0,0,0,0,0,0,0,0,0,0,0,0,0,0,0,309.588,0,84.3066,-393.894
"MtrElec",3,29,16,"",20.2983,0,0,0,0,0,0,0,0,0,0,0,0,0,0,0,0,0,0,0,0,289.226,0,0,-268.928
"MtrElec",3,29,17,"",96.1795,0,0,0,0,0,0,0,0,0,0,0,0,0,0,0,0,0,0,0,0,325.293,0,0,-229.113
"MtrElec",3,29,18,"",99.0772,0,0,0,0,0,0,0,0,0,0,0,0,0,0,0,0,0,0,0,0,318.557,0,0,-219.479
"MtrElec",3,29,19,"",92.1409,0,0,0,0,0,0,0,0,0,0,0,0,0,0,0,0,0,0,0,0,358.23,0,-223.217,-42.8726
"MtrElec",3,29,20,"",76.4755,0,0,0,0,0,0,0,0,0,0,0,0,0,0,0,0,0,0,0,0,276.717,0,-200.242,0
"MtrElec",3,29,21,"",287.932,0,0,0,0,0,0,0,0,0,0,0,0,0,0,0,0,0,0,0,0,287.932,0,0,0
"MtrElec",3,29,22,"",227.075,0,0,0,0,0,0,0,0,0,0,0,0,0,0,0,0,0,0,0,0,227.075,0,0,0
"MtrElec",3,29,23,"",262.566,0,0,0,0,0,0,0,0,0,0,0,0,0,0,0,0,0,0,0,0,262.566,0,0,0
"MtrElec",3,29,24,"",191.665,0,0,0,0,0,0,0,0,0,0,0,0,0,0,0,0,0,0,0,0,191.665,0,0,0
"MtrElec",3,30,1,"",160.409,0,0,0,0,0,0,0,0,0,0,0,0,0,0,0,0,0,0,0,0,160.409,0,0,0
"MtrElec",3,30,2,"",152.625,0,0,0,0,0,0,0,0,0,0,0,0,0,0,0,0,0,0,0,0,152.625,0,0,0
"MtrElec",3,30,3,"",148.073,0,0,0,0,0,0,0,0,0,0,0,0,0,0,0,0,0,0,0,0,148.073,0,0,0
"MtrElec",3,30,4,"",147.238,0,0,0,0,0,0,0,0,0,0,0,0,0,0,0,0,0,0,0,0,147.238,0,0,0
"MtrElec",3,30,5,"",146.28,0,0,0,0,0,0,0,0,0,0,0,0,0,0,0,0,0,0,0,0,146.28,0,0,0
"MtrElec",3,30,6,"",199.766,0,0,0,0,0,0,0,0,0,0,0,0,0,0,0,0,0,0,0,0,199.766,0,0,0
"MtrElec",3,30,7,"",234.751,0,0,0,0,0,0,0,0,0,0,0,0,0,0,0,0,0,0,0,0,234.751,0,0,0
"MtrElec",3,30,8,"",243.739,0,0,0,0,0,0,0,0,0,0,0,0,0,0,0,0,0,0,0,0,309.112,0,0,-65.3729
"MtrElec",3,30,9,"",145.133,0,0,0,0,0,0,0,0,0,0,0,0,0,0,0,0,0,0,0,0,385.661,0,0,-240.527
"MtrElec",3,30,10,"",87.7763,0,0,0,0,0,0,0,0,0,0,0,0,0,0,0,0,0,0,0,0,435.846,0,0,-348.07
"MtrElec",3,30,11,"",20.9482,0,0,0,0,0,0,0,0,0,0,0,0,0,0,0,0,0,0,0,0,495.965,0,0,-475.017
"MtrElec",3,30,12,"",-30.4304,0,0,0,0,0,0,0,0,0,0,0,0,0,0,0,0,0,0,0,0,418.533,0,223.217,-672.18
"MtrElec",3,30,13,"",-56.3612,0,0,0,0,0,0,0,0,0,0,0,0,0,0,0,0,0,0,0,0,437.962,0,223.217,-717.54
"MtrElec",3,30,14,"",-128.511,0,0,0,0,0,0,0,0,0,0,0,0,0,0,0,0,0,0,0,0,366.143,0,223.217,-717.871
"MtrElec",3,30,15,"",-184.931,0,0,0,0,0,0,0,0,0,0,0,0,0,0,0,0,0,0,0,0,350.962,0,129.231,-665.124
"MtrElec",3,30,16,"",-136.154,0,0,0,0,0,0,0,0,0,0,0,0,0,0,0,0,0,0,0,0,424.958,0,0,-561.112
"MtrElec",3,30,17,"",1.93928,0,0,0,0,0,0,0,0,0,0,0,0,0,0,0,0,0,0,0,0,412.388,0,0,-410.449
"MtrElec",3,30,18,"",198.441,0,0,0,0,0,0,0,0,0,0,0,0,0,0,0,0,0,0,0,0,420.754,0,0,-222.313
"MtrElec",3,30,19,"",108.459,0,0,0,0,0,0,0,0,0,0,0,0,0,0,0,0,0,0,0,0,376.854,0,-223.217,-45.1783
"MtrElec",3,30,20,"",140.579,0,0,0,0,0,0,0,0,0,0,0,0,0,0,0,0,0,0,0,0,363.796,0,-223.217,0
"MtrElec",3,30,21,"",186.782,0,0,0,0,0,0,0,0,0,0,0,0,0,0,0,0,0,0,0,0,409.999,0,-223.217,0
"MtrElec",3,30,22,"",262.953,0,0,0,0,0,0,0,0,0,0,0,0,0,0,0,0,0,0,0,0,314.293,0,-51.3398,0
"MtrElec",3,30,23,"",288.299,0,0,0,0,0,0,0,0,0,0,0,0,0,0,0,0,0,0,0,0,288.299,0,0,0
"MtrElec",3,30,24,"",207.965,0,0,0,0,0,0,0,0,0,0,0,0,0,0,0,0,0,0,0,0,207.965,0,0,0
"MtrElec",3,31,1,"",178.492,0,0,0,0,0,0,0,0,0,0,0,0,0,0,0,0,0,0,0,0,178.492,0,0,0
"MtrElec",3,31,2,"",189.369,0,0,0,0,0,0,0,0,0,0,0,0,0,0,0,0,0,0,0,0,189.369,0,0,0
"MtrElec",3,31,3,"",146.395,0,0,0,0,0,0,0,0,0,0,0,0,0,0,0,0,0,0,0,0,146.395,0,0,0
"MtrElec",3,31,4,"",146.069,0,0,0,0,0,0,0,0,0,0,0,0,0,0,0,0,0,0,0,0,146.069,0,0,0
"MtrElec",3,31,5,"",146.323,0,0,0,0,0,0,0,0,0,0,0,0,0,0,0,0,0,0,0,0,146.323,0,0,0
"MtrElec",3,31,6,"",168.541,0,0,0,0,0,0,0,0,0,0,0,0,0,0,0,0,0,0,0,0,168.541,0,0,0
"MtrElec",3,31,7,"",231.04,0,0,0,0,0,0,0,0,0,0,0,0,0,0,0,0,0,0,0,0,231.04,0,0,0
"MtrElec",3,31,8,"",212.833,0,0,0,0,0,0,0,0,0,0,0,0,0,0,0,0,0,0,0,0,283.737,0,0,-70.9032
"MtrElec",3,31,9,"",89.6938,0,0,0,0,0,0,0,0,0,0,0,0,0,0,0,0,0,0,0,0,360.134,0,0,-270.44
"MtrElec",3,31,10,"",63.2132,0,0,0,0,0,0,0,0,0,0,0,0,0,0,0,0,0,0,0,0,525.159,0,0,-461.946
"MtrElec",3,31,11,"",0,0,0,0,0,0,0,0,0,0,0,0,0,0,0,0,0,0,0,0,0,502.526,0,104.94,-607.467
"MtrElec",3,31,12,"",0,0,0,0,0,0,0,0,0,0,0,0,0,0,0,0,0,0,0,0,0,506.143,0,191.77,-697.914
"MtrElec",3,31,13,"",-23.247,0,0,0,0,0,0,0,0,0,0,0,0,0,0,0,0,0,0,0,0,493.764,0,223.217,-740.228
"MtrElec",3,31,14,"",-69.4927,0,0,0,0,0,0,0,0,0,0,0,0,0,0,0,0,0,0,0,0,448.331,0,223.217,-741.041
"MtrElec",3,31,15,"",-155.569,0,0,0,0,0,0,0,0,0,0,0,0,0,0,0,0,0,0,0,0,475.311,0,55.7369,-686.617
"MtrElec",3,31,16,"",-100.841,0,0,0,0,0,0,0,0,0,0,0,0,0,0,0,0,0,0,0,0,474.782,0,0,-575.623
"MtrElec",3,31,17,"",43.6811,0,0,0,0,0,0,0,0,0,0,0,0,0,0,0,0,0,0,0,0,466.272,0,0,-422.591
"MtrElec",3,31,18,"",270.99,0,0,0,0,0,0,0,0,0,0,0,0,0,0,0,0,0,0,0,0,497.35,0,0,-226.361
"MtrElec",3,31,19,"",248.345,0,0,0,0,0,0,0,0,0,0,0,0,0,0,0,0,0,0,0,0,516.035,0,-223.217,-44.473
"MtrElec",3,31,20,"",155.363,0,0,0,0,0,0,0,0,0,0,0,0,0,0,0,0,0,0,0,0,378.58,0,-223.217,0
"MtrElec",3,31,21,"",137.842,0,0,0,0,0,0,0,0,0,0,0,0,0,0,0,0,0,0,0,0,361.059,0,-223.217,0
"MtrElec",3,31,22,"",213.203,0,0,0,0,0,0,0,0,0,0,0,0,0,0,0,0,0,0,0,0,264.543,0,-51.3398,0
"MtrElec",3,31,23,"",243.724,0,0,0,0,0,0,0,0,0,0,0,0,0,0,0,0,0,0,0,0,243.724,0,0,0
"MtrElec",3,31,24,"",196.638,0,0,0,0,0,0,0,0,0,0,0,0,0,0,0,0,0,0,0,0,196.638,0,0,0
"MtrElec",4,1,1,"",151.075,0,0,0,0,0,0,0,0,0,0,0,0,0,0,0,0,0,0,0,0,151.075,0,0,0
"MtrElec",4,1,2,"",153.725,0,0,0,0,0,0,0,0,0,0,0,0,0,0,0,0,0,0,0,0,153.725,0,0,0
"MtrElec",4,1,3,"",147.114,0,0,0,0,0,0,0,0,0,0,0,0,0,0,0,0,0,0,0,0,147.114,0,0,0
"MtrElec",4,1,4,"",145.456,0,0,0,0,0,0,0,0,0,0,0,0,0,0,0,0,0,0,0,0,145.456,0,0,0
"MtrElec",4,1,5,"",179.3,0,0,0,0,0,0,0,0,0,0,0,0,0,0,0,0,0,0,0,0,179.3,0,0,0
"MtrElec",4,1,6,"",153.127,0,0,0,0,0,0,0,0,0,0,0,0,0,0,0,0,0,0,0,0,153.127,0,0,0
"MtrElec",4,1,7,"",259.234,0,0,0,0,0,0,0,0,0,0,0,0,0,0,0,0,0,0,0,0,259.234,0,0,0
"MtrElec",4,1,8,"",260.138,0,0,0,0,0,0,0,0,0,0,0,0,0,0,0,0,0,0,0,0,296.904,0,0,-36.7664
"MtrElec",4,1,9,"",236.111,0,0,0,0,0,0,0,0,0,0,0,0,0,0,0,0,0,0,0,0,362.144,0,0,-126.033
"MtrElec",4,1,10,"",80.8315,0,0,0,0,0,0,0,0,0,0,0,0,0,0,0,0,0,0,0,0,394.167,0,0,-313.335
"MtrElec",4,1,11,"",0,0,0,0,0,0,0,0,0,0,0,0,0,0,0,0,0,0,0,0,0,423.866,0,28.4303,-452.297
"MtrElec",4,1,12,"",0,0,0,0,0,0,0,0,0,0,0,0,0,0,0,0,0,0,0,0,0,407.055,0,154.542,-561.597
"MtrElec",4,1,13,"",-10.4646,0,0,0,0,0,0,0,0,0,0,0,0,0,0,0,0,0,0,0,0,388.51,0,223.217,-622.191
"MtrElec",4,1,14,"",-10.3015,0,0,0,0,0,0,0,0,0,0,0,0,0,0,0,0,0,0,0,0,385.196,0,223.217,-618.715
"MtrElec",4,1,15,"",-25.6867,0,0,0,0,0,0,0,0,0,0,0,0,0,0,0,0,0,0,0,0,340.862,0,169.475,-536.024
"MtrElec",4,1,16,"",70.4673,0,0,0,0,0,0,0,0,0,0,0,0,0,0,0,0,0,0,0,0,394.191,0,0,-323.724
"MtrElec",4,1,17,"",123.006,0,0,0,0,0,0,0,0,0,0,0,0,0,0,0,0,0,0,0,0,369.48,0,0,-246.474
"MtrElec",4,1,18,"",254.832,0,0,0,0,0,0,0,0,0,0,0,0,0,0,0,0,0,0,0,0,414.449,0,0,-159.616
"MtrElec",4,1,19,"",79.963,0,0,0,0,0,0,0,0,0,0,0,0,0,0,0,0,0,0,0,0,344.452,0,-223.217,-41.2722
"MtrElec",4,1,20,"",178.651,0,0,0,0,0,0,0,0,0,0,0,0,0,0,0,0,0,0,0,0,401.868,0,-223.217,0
"MtrElec",4,1,21,"",129.592,0,0,0,0,0,0,0,0,0,0,0,0,0,0,0,0,0,0,0,0,352.808,0,-223.217,0
"MtrElec",4,1,22,"",278.39,0,0,0,0,0,0,0,0,0,0,0,0,0,0,0,0,0,0,0,0,329.73,0,-51.3398,0
"MtrElec",4,1,23,"",299.908,0,0,0,0,0,0,0,0,0,0,0,0,0,0,0,0,0,0,0,0,299.908,0,0,0
"MtrElec",4,1,24,"",240.151,0,0,0,0,0,0,0,0,0,0,0,0,0,0,0,0,0,0,0,0,240.151,0,0,0
"MtrElec",4,2,1,"",155.315,0,0,0,0,0,0,0,0,0,0,0,0,0,0,0,0,0,0,0,0,155.315,0,0,0
"MtrElec",4,2,2,"",151.277,0,0,0,0,0,0,0,0,0,0,0,0,0,0,0,0,0,0,0,0,151.277,0,0,0
"MtrElec",4,2,3,"",146.164,0,0,0,0,0,0,0,0,0,0,0,0,0,0,0,0,0,0,0,0,146.164,0,0,0
"MtrElec",4,2,4,"",147.949,0,0,0,0,0,0,0,0,0,0,0,0,0,0,0,0,0,0,0,0,147.949,0,0,0
"MtrElec",4,2,5,"",143.914,0,0,0,0,0,0,0,0,0,0,0,0,0,0,0,0,0,0,0,0,143.914,0,0,0
"MtrElec",4,2,6,"",168.631,0,0,0,0,0,0,0,0,0,0,0,0,0,0,0,0,0,0,0,0,168.631,0,0,0
"MtrElec",4,2,7,"",229.396,0,0,0,0,0,0,0,0,0,0,0,0,0,0,0,0,0,0,0,0,229.396,0,0,0
"MtrElec",4,2,8,"",297.169,0,0,0,0,0,0,0,0,0,0,0,0,0,0,0,0,0,0,0,0,304.341,0,0,-7.17153
"MtrElec",4,2,9,"",344.127,0,0,0,0,0,0,0,0,0,0,0,0,0,0,0,0,0,0,0,0,378.782,0,0,-34.6547
"MtrElec",4,2,10,"",323.047,0,0,0,0,0,0,0,0,0,0,0,0,0,0,0,0,0,0,0,0,422.853,0,0,-99.8057
"MtrElec",4,2,11,"",249.322,0,0,0,0,0,0,0,0,0,0,0,0,0,0,0,0,0,0,0,0,451.743,0,0,-202.422
"MtrElec",4,2,12,"",0,0,0,0,0,0,0,0,0,0,0,0,0,0,0,0,0,0,0,0,0,387.756,0,73.5316,-461.287
"MtrElec",4,2,13,"",0,0,0,0,0,0,0,0,0,0,0,0,0,0,0,0,0,0,0,0,0,444.114,0,184.194,-628.308
"MtrElec",4,2,14,"",-92.8723,0,0,0,0,0,0,0,0,0,0,0,0,0,0,0,0,0,0,0,0,350.382,0,223.217,-666.472
"MtrElec",4,2,15,"",0.0000156,0,0,0,0,0,0,0,0,0,0,0,0,0,0,0,0,0,0,0,0,391.355,0,212.59,-603.945
"MtrElec",4,2,16,"",-40.2974,0,0,0,0,0,0,0,0,0,0,0,0,0,0,0,0,0,0,0,0,372.671,0,105.349,-518.317
"MtrElec",4,2,17,"",26.3671,0,0,0,0,0,0,0,0,0,0,0,0,0,0,0,0,0,0,0,0,415.602,0,0,-389.235
"MtrElec",4,2,18,"",186.585,0,0,0,0,0,0,0,0,0,0,0,0,0,0,0,0,0,0,0,0,391.939,0,0,-205.354
"MtrElec",4,2,19,"",95.0627,0,0,0,0,0,0,0,0,0,0,0,0,0,0,0,0,0,0,0,0,367.641,0,-223.217,-49.3615
"MtrElec",4,2,20,"",156.38,0,0,0,0,0,0,0,0,0,0,0,0,0,0,0,0,0,0,0,0,379.597,0,-223.217,0
"MtrElec",4,2,21,"",128.851,0,0,0,0,0,0,0,0,0,0,0,0,0,0,0,0,0,0,0,0,352.068,0,-223.217,0
"MtrElec",4,2,22,"",231.173,0,0,0,0,0,0,0,0,0,0,0,0,0,0,0,0,0,0,0,0,282.513,0,-51.3398,0
"MtrElec",4,2,23,"",258.111,0,0,0,0,0,0,0,0,0,0,0,0,0,0,0,0,0,0,0,0,258.111,0,0,0
"MtrElec",4,2,24,"",198.606,0,0,0,0,0,0,0,0,0,0,0,0,0,0,0,0,0,0,0,0,198.606,0,0,0
"MtrElec",4,3,1,"",163.154,0,0,0,0,0,0,0,0,0,0,0,0,0,0,0,0,0,0,0,0,163.154,0,0,0
"MtrElec",4,3,2,"",153.271,0,0,0,0,0,0,0,0,0,0,0,0,0,0,0,0,0,0,0,0,153.271,0,0,0
"MtrElec",4,3,3,"",182.886,0,0,0,0,0,0,0,0,0,0,0,0,0,0,0,0,0,0,0,0,182.886,0,0,0
"MtrElec",4,3,4,"",162.195,0,0,0,0,0,0,0,0,0,0,0,0,0,0,0,0,0,0,0,0,162.195,0,0,0
"MtrElec",4,3,5,"",141.537,0,0,0,0,0,0,0,0,0,0,0,0,0,0,0,0,0,0,0,0,141.537,0,0,0
"MtrElec",4,3,6,"",148.956,0,0,0,0,0,0,0,0,0,0,0,0,0,0,0,0,0,0,0,0,148.956,0,0,0
"MtrElec",4,3,7,"",250.64,0,0,0,0,0,0,0,0,0,0,0,0,0,0,0,0,0,0,0,0,250.64,0,0,0
"MtrElec",4,3,8,"",217.671,0,0,0,0,0,0,0,0,0,0,0,0,0,0,0,0,0,0,0,0,290.444,0,0,-72.7726
"MtrElec",4,3,9,"",149.149,0,0,0,0,0,0,0,0,0,0,0,0,0,0,0,0,0,0,0,0,359.435,0,0,-210.286
"MtrElec",4,3,10,"",61.5947,0,0,0,0,0,0,0,0,0,0,0,0,0,0,0,0,0,0,0,0,430.762,0,0,-369.167
"MtrElec",4,3,11,"",0.0000078,0,0,0,0,0,0,0,0,0,0,0,0,0,0,0,0,0,0,0,0,395.324,0,95.2239,-490.548
"MtrElec",4,3,12,"",-13.1011,0,0,0,0,0,0,0,0,0,0,0,0,0,0,0,0,0,0,0,0,398.729,0,223.217,-635.047
"MtrElec",4,3,13,"",-2.93362,0,0,0,0,0,0,0,0,0,0,0,0,0,0,0,0,0,0,0,0,464.948,0,223.217,-691.099
"MtrElec",4,3,14,"",-69.3259,0,0,0,0,0,0,0,0,0,0,0,0,0,0,0,0,0,0,0,0,374.302,0,223.217,-666.844
"MtrElec",4,3,15,"",-201.493,0,0,0,0,0,0,0,0,0,0,0,0,0,0,0,0,0,0,0,0,379.983,0,34.0069,-615.482
"MtrElec",4,3,16,"",-166.506,0,0,0,0,0,0,0,0,0,0,0,0,0,0,0,0,0,0,0,0,380.488,0,0,-546.994
"MtrElec",4,3,17,"",9.20956,0,0,0,0,0,0,0,0,0,0,0,0,0,0,0,0,0,0,0,0,412.415,0,0,-403.206
"MtrElec",4,3,18,"",192.654,0,0,0,0,0,0,0,0,0,0,0,0,0,0,0,0,0,0,0,0,412.688,0,0,-220.034
"MtrElec",4,3,19,"",154.745,0,0,0,0,0,0,0,0,0,0,0,0,0,0,0,0,0,0,0,0,425.323,0,-223.217,-47.3609
"MtrElec",4,3,20,"",162.942,0,0,0,0,0,0,0,0,0,0,0,0,0,0,0,0,0,0,0,0,386.159,0,-223.217,0
"MtrElec",4,3,21,"",176.358,0,0,0,0,0,0,0,0,0,0,0,0,0,0,0,0,0,0,0,0,399.575,0,-223.217,0
"MtrElec",4,3,22,"",250.134,0,0,0,0,0,0,0,0,0,0,0,0,0,0,0,0,0,0,0,0,301.474,0,-51.3398,0
"MtrElec",4,3,23,"",271.59,0,0,0,0,0,0,0,0,0,0,0,0,0,0,0,0,0,0,0,0,271.59,0,0,0
"MtrElec",4,3,24,"",203.393,0,0,0,0,0,0,0,0,0,0,0,0,0,0,0,0,0,0,0,0,203.393,0,0,0
"MtrElec",4,4,1,"",194.861,0,0,0,0,0,0,0,0,0,0,0,0,0,0,0,0,0,0,0,0,194.861,0,0,0
"MtrElec",4,4,2,"",157.592,0,0,0,0,0,0,0,0,0,0,0,0,0,0,0,0,0,0,0,0,157.592,0,0,0
"MtrElec",4,4,3,"",148.41,0,0,0,0,0,0,0,0,0,0,0,0,0,0,0,0,0,0,0,0,148.41,0,0,0
"MtrElec",4,4,4,"",147.355,0,0,0,0,0,0,0,0,0,0,0,0,0,0,0,0,0,0,0,0,147.355,0,0,0
"MtrElec",4,4,5,"",152.238,0,0,0,0,0,0,0,0,0,0,0,0,0,0,0,0,0,0,0,0,152.238,0,0,0
"MtrElec",4,4,6,"",188.678,0,0,0,0,0,0,0,0,0,0,0,0,0,0,0,0,0,0,0,0,188.678,0,0,0
"MtrElec",4,4,7,"",167.317,0,0,0,0,0,0,0,0,0,0,0,0,0,0,0,0,0,0,0,0,167.317,0,0,0
"MtrElec",4,4,8,"",229.495,0,0,0,0,0,0,0,0,0,0,0,0,0,0,0,0,0,0,0,0,264.493,0,0,-34.9975
"MtrElec",4,4,9,"",179.878,0,0,0,0,0,0,0,0,0,0,0,0,0,0,0,0,0,0,0,0,307.384,0,0,-127.506
"MtrElec",4,4,10,"",69.9754,0,0,0,0,0,0,0,0,0,0,0,0,0,0,0,0,0,0,0,0,382.18,0,0,-312.205
"MtrElec",4,4,11,"",32.0249,0,0,0,0,0,0,0,0,0,0,0,0,0,0,0,0,0,0,0,0,461.28,0,0,-429.255
"MtrElec",4,4,12,"",0,0,0,0,0,0,0,0,0,0,0,0,0,0,0,0,0,0,0,0,0,406.458,0,156.207,-562.664
"MtrElec",4,4,13,"",0.0000156,0,0,0,0,0,0,0,0,0,0,0,0,0,0,0,0,0,0,0,0,443.701,0,204.167,-647.868
"MtrElec",4,4,14,"",-84.7335,0,0,0,0,0,0,0,0,0,0,0,0,0,0,0,0,0,0,0,0,385.899,0,223.217,-693.85
"MtrElec",4,4,15,"",-17.5567,0,0,0,0,0,0,0,0,0,0,0,0,0,0,0,0,0,0,0,0,419.065,0,215.29,-651.912
"MtrElec",4,4,16,"",-144.867,0,0,0,0,0,0,0,0,0,0,0,0,0,0,0,0,0,0,0,0,409.368,0,0,-554.235
"MtrElec",4,4,17,"",4.845,0,0,0,0,0,0,0,0,0,0,0,0,0,0,0,0,0,0,0,0,407.055,0,0,-402.21
"MtrElec",4,4,18,"",186.787,0,0,0,0,0,0,0,0,0,0,0,0,0,0,0,0,0,0,0,0,409.112,0,0,-222.325
"MtrElec",4,4,19,"",144.138,0,0,0,0,0,0,0,0,0,0,0,0,0,0,0,0,0,0,0,0,411.395,0,-223.217,-44.0398
"MtrElec",4,4,20,"",190.133,0,0,0,0,0,0,0,0,0,0,0,0,0,0,0,0,0,0,0,0,413.35,0,-223.217,0
"MtrElec",4,4,21,"",151.733,0,0,0,0,0,0,0,0,0,0,0,0,0,0,0,0,0,0,0,0,374.95,0,-223.217,0
"MtrElec",4,4,22,"",299.002,0,0,0,0,0,0,0,0,0,0,0,0,0,0,0,0,0,0,0,0,350.341,0,-51.3398,0
"MtrElec",4,4,23,"",238.589,0,0,0,0,0,0,0,0,0,0,0,0,0,0,0,0,0,0,0,0,238.589,0,0,0
"MtrElec",4,4,24,"",246.39,0,0,0,0,0,0,0,0,0,0,0,0,0,0,0,0,0,0,0,0,246.39,0,0,0
"MtrElec",4,5,1,"",171.865,0,0,0,0,0,0,0,0,0,0,0,0,0,0,0,0,0,0,0,0,171.865,0,0,0
"MtrElec",4,5,2,"",149.134,0,0,0,0,0,0,0,0,0,0,0,0,0,0,0,0,0,0,0,0,149.134,0,0,0
"MtrElec",4,5,3,"",145.496,0,0,0,0,0,0,0,0,0,0,0,0,0,0,0,0,0,0,0,0,145.496,0,0,0
"MtrElec",4,5,4,"",145.753,0,0,0,0,0,0,0,0,0,0,0,0,0,0,0,0,0,0,0,0,145.753,0,0,0
"MtrElec",4,5,5,"",158.111,0,0,0,0,0,0,0,0,0,0,0,0,0,0,0,0,0,0,0,0,158.111,0,0,0
"MtrElec",4,5,6,"",185.192,0,0,0,0,0,0,0,0,0,0,0,0,0,0,0,0,0,0,0,0,185.192,0,0,0
"MtrElec",4,5,7,"",155.767,0,0,0,0,0,0,0,0,0,0,0,0,0,0,0,0,0,0,0,0,155.767,0,0,0
"MtrElec",4,5,8,"",228.241,0,0,0,0,0,0,0,0,0,0,0,0,0,0,0,0,0,0,0,0,262.104,0,0,-33.8632
"MtrElec",4,5,9,"",214.802,0,0,0,0,0,0,0,0,0,0,0,0,0,0,0,0,0,0,0,0,313.266,0,0,-98.4641
"MtrElec",4,5,10,"",182.305,0,0,0,0,0,0,0,0,0,0,0,0,0,0,0,0,0,0,0,0,328.247,0,0,-145.942
"MtrElec",4,5,11,"",39.3509,0,0,0,0,0,0,0,0,0,0,0,0,0,0,0,0,0,0,0,0,389.175,0,0,-349.824
"MtrElec",4,5,12,"",0,0,0,0,0,0,0,0,0,0,0,0,0,0,0,0,0,0,0,0,0,404.762,0,162.248,-567.01
"MtrElec",4,5,13,"",0,0,0,0,0,0,0,0,0,0,0,0,0,0,0,0,0,0,0,0,0,412.681,0,202.988,-615.669
"MtrElec",4,5,14,"",-55.8704,0,0,0,0,0,0,0,0,0,0,0,0,0,0,0,0,0,0,0,0,361.284,0,223.217,-640.372
"MtrElec",4,5,15,"",-51.6035,0,0,0,0,0,0,0,0,0,0,0,0,0,0,0,0,0,0,0,0,359.779,0,210.428,-621.811
"MtrElec",4,5,16,"",-162.693,0,0,0,0,0,0,0,0,0,0,0,0,0,0,0,0,0,0,0,0,341.999,0,0,-504.691
"MtrElec",4,5,17,"",-22.6021,0,0,0,0,0,0,0,0,0,0,0,0,0,0,0,0,0,0,0,0,343.794,0,0,-366.396
"MtrElec",4,5,18,"",100.893,0,0,0,0,0,0,0,0,0,0,0,0,0,0,0,0,0,0,0,0,305.358,0,0,-204.465
"MtrElec",4,5,19,"",99.2053,0,0,0,0,0,0,0,0,0,0,0,0,0,0,0,0,0,0,0,0,367.098,0,-223.217,-44.6764
"MtrElec",4,5,20,"",149.235,0,0,0,0,0,0,0,0,0,0,0,0,0,0,0,0,0,0,0,0,372.452,0,-223.217,0
"MtrElec",4,5,21,"",43.2774,0,0,0,0,0,0,0,0,0,0,0,0,0,0,0,0,0,0,0,0,266.494,0,-223.217,0
"MtrElec",4,5,22,"",272.876,0,0,0,0,0,0,0,0,0,0,0,0,0,0,0,0,0,0,0,0,324.215,0,-51.3398,0
"MtrElec",4,5,23,"",211.261,0,0,0,0,0,0,0,0,0,0,0,0,0,0,0,0,0,0,0,0,211.261,0,0,0
"MtrElec",4,5,24,"",252.372,0,0,0,0,0,0,0,0,0,0,0,0,0,0,0,0,0,0,0,0,252.372,0,0,0
"MtrElec",4,6,1,"",163.421,0,0,0,0,0,0,0,0,0,0,0,0,0,0,0,0,0,0,0,0,163.421,0,0,0
"MtrElec",4,6,2,"",148.661,0,0,0,0,0,0,0,0,0,0,0,0,0,0,0,0,0,0,0,0,148.661,0,0,0
"MtrElec",4,6,3,"",148.065,0,0,0,0,0,0,0,0,0,0,0,0,0,0,0,0,0,0,0,0,148.065,0,0,0
"MtrElec",4,6,4,"",147.019,0,0,0,0,0,0,0,0,0,0,0,0,0,0,0,0,0,0,0,0,147.019,0,0,0
"MtrElec",4,6,5,"",145.457,0,0,0,0,0,0,0,0,0,0,0,0,0,0,0,0,0,0,0,0,145.457,0,0,0
"MtrElec",4,6,6,"",185.969,0,0,0,0,0,0,0,0,0,0,0,0,0,0,0,0,0,0,0,0,185.969,0,0,0
"MtrElec",4,6,7,"",194.531,0,0,0,0,0,0,0,0,0,0,0,0,0,0,0,0,0,0,0,0,195.436,0,0,-0.905227
"MtrElec",4,6,8,"",233.547,0,0,0,0,0,0,0,0,0,0,0,0,0,0,0,0,0,0,0,0,312.872,0,0,-79.325
"MtrElec",4,6,9,"",144.108,0,0,0,0,0,0,0,0,0,0,0,0,0,0,0,0,0,0,0,0,379.133,0,0,-235.025
"MtrElec",4,6,10,"",103.786,0,0,0,0,0,0,0,0,0,0,0,0,0,0,0,0,0,0,0,0,447.714,0,0,-343.927
"MtrElec",4,6,11,"",0.0000020,0,0,0,0,0,0,0,0,0,0,0,0,0,0,0,0,0,0,0,0,465.365,0,19.4379,-484.803
"MtrElec",4,6,12,"",0,0,0,0,0,0,0,0,0,0,0,0,0,0,0,0,0,0,0,0,0,421.536,0,133.099,-554.634
"MtrElec",4,6,13,"",0,0,0,0,0,0,0,0,0,0,0,0,0,0,0,0,0,0,0,0,0,462.007,0,114.645,-576.652
"MtrElec",4,6,14,"",-18.5781,0,0,0,0,0,0,0,0,0,0,0,0,0,0,0,0,0,0,0,0,384.767,0,223.217,-626.561
"MtrElec",4,6,15,"",0,0,0,0,0,0,0,0,0,0,0,0,0,0,0,0,0,0,0,0,0,350.741,0,220.081,-570.822
"MtrElec",4,6,16,"",0,0,0,0,0,0,0,0,0,0,0,0,0,0,0,0,0,0,0,0,0,394.344,0,84.0828,-478.427
"MtrElec",4,6,17,"",53.0042,0,0,0,0,0,0,0,0,0,0,0,0,0,0,0,0,0,0,0,0,386.462,0,0,-333.458
"MtrElec",4,6,18,"",269.299,0,0,0,0,0,0,0,0,0,0,0,0,0,0,0,0,0,0,0,0,429.868,0,0,-160.569
"MtrElec",4,6,19,"",112.459,0,0,0,0,0,0,0,0,0,0,0,0,0,0,0,0,0,0,0,0,378.894,0,-223.217,-43.2181
"MtrElec",4,6,20,"",232.212,0,0,0,0,0,0,0,0,0,0,0,0,0,0,0,0,0,0,0,0,455.429,0,-223.217,0
"MtrElec",4,6,21,"",137.443,0,0,0,0,0,0,0,0,0,0,0,0,0,0,0,0,0,0,0,0,360.66,0,-223.217,0
"MtrElec",4,6,22,"",249.332,0,0,0,0,0,0,0,0,0,0,0,0,0,0,0,0,0,0,0,0,296.774,0,-47.4414,0
"MtrElec",4,6,23,"",280.812,0,0,0,0,0,0,0,0,0,0,0,0,0,0,0,0,0,0,0,0,280.812,0,0,0
"MtrElec",4,6,24,"",188.383,0,0,0,0,0,0,0,0,0,0,0,0,0,0,0,0,0,0,0,0,188.383,0,0,0
"MtrElec",4,7,1,"",167.163,0,0,0,0,0,0,0,0,0,0,0,0,0,0,0,0,0,0,0,0,167.163,0,0,0
"MtrElec",4,7,2,"",152.589,0,0,0,0,0,0,0,0,0,0,0,0,0,0,0,0,0,0,0,0,152.589,0,0,0
"MtrElec",4,7,3,"",185.097,0,0,0,0,0,0,0,0,0,0,0,0,0,0,0,0,0,0,0,0,185.097,0,0,0
"MtrElec",4,7,4,"",150.735,0,0,0,0,0,0,0,0,0,0,0,0,0,0,0,0,0,0,0,0,150.735,0,0,0
"MtrElec",4,7,5,"",139.288,0,0,0,0,0,0,0,0,0,0,0,0,0,0,0,0,0,0,0,0,139.288,0,0,0
"MtrElec",4,7,6,"",160.107,0,0,0,0,0,0,0,0,0,0,0,0,0,0,0,0,0,0,0,0,160.107,0,0,0
"MtrElec",4,7,7,"",268.359,0,0,0,0,0,0,0,0,0,0,0,0,0,0,0,0,0,0,0,0,269.836,0,0,-1.47644
"MtrElec",4,7,8,"",223.628,0,0,0,0,0,0,0,0,0,0,0,0,0,0,0,0,0,0,0,0,295.422,0,0,-71.7942
"MtrElec",4,7,9,"",187.264,0,0,0,0,0,0,0,0,0,0,0,0,0,0,0,0,0,0,0,0,367.245,0,0,-179.981
"MtrElec",4,7,10,"",166.193,0,0,0,0,0,0,0,0,0,0,0,0,0,0,0,0,0,0,0,0,444.134,0,0,-277.941
"MtrElec",4,7,11,"",13.9033,0,0,0,0,0,0,0,0,0,0,0,0,0,0,0,0,0,0,0,0,490.949,0,0,-477.046
"MtrElec",4,7,12,"",0.0000078,0,0,0,0,0,0,0,0,0,0,0,0,0,0,0,0,0,0,0,0,435.631,0,102.895,-538.526
"MtrElec",4,7,13,"",0,0,0,0,0,0,0,0,0,0,0,0,0,0,0,0,0,0,0,0,0,489.98,0,87.2875,-577.267
"MtrElec",4,7,14,"",-79.038,0,0,0,0,0,0,0,0,0,0,0,0,0,0,0,0,0,0,0,0,365.751,0,223.217,-668.005
"MtrElec",4,7,15,"",0.0000039,0,0,0,0,0,0,0,0,0,0,0,0,0,0,0,0,0,0,0,0,367.423,0,46.1159,-413.539
"MtrElec",4,7,16,"",91.6913,0,0,0,0,0,0,0,0,0,0,0,0,0,0,0,0,0,0,0,0,389.595,0,0,-297.903
"MtrElec",4,7,17,"",76.3589,0,0,0,0,0,0,0,0,0,0,0,0,0,0,0,0,0,0,0,0,388.588,0,0,-312.229
"MtrElec",4,7,18,"",313.339,0,0,0,0,0,0,0,0,0,0,0,0,0,0,0,0,0,0,0,0,428.592,0,0,-115.253
"MtrElec",4,7,19,"",132.43,0,0,0,0,0,0,0,0,0,0,0,0,0,0,0,0,0,0,0,0,399.934,0,-223.217,-44.2865
"MtrElec",4,7,20,"",199.372,0,0,0,0,0,0,0,0,0,0,0,0,0,0,0,0,0,0,0,0,390.867,0,-191.496,0
"MtrElec",4,7,21,"",425.487,0,0,0,0,0,0,0,0,0,0,0,0,0,0,0,0,0,0,0,0,425.487,0,0,0
"MtrElec",4,7,22,"",265.866,0,0,0,0,0,0,0,0,0,0,0,0,0,0,0,0,0,0,0,0,265.866,0,0,0
"MtrElec",4,7,23,"",310.475,0,0,0,0,0,0,0,0,0,0,0,0,0,0,0,0,0,0,0,0,310.475,0,0,0
"MtrElec",4,7,24,"",208.263,0,0,0,0,0,0,0,0,0,0,0,0,0,0,0,0,0,0,0,0,208.263,0,0,0
"MtrElec",4,8,1,"",200.83,0,0,0,0,0,0,0,0,0,0,0,0,0,0,0,0,0,0,0,0,200.83,0,0,0
"MtrElec",4,8,2,"",150.695,0,0,0,0,0,0,0,0,0,0,0,0,0,0,0,0,0,0,0,0,150.695,0,0,0
"MtrElec",4,8,3,"",146.824,0,0,0,0,0,0,0,0,0,0,0,0,0,0,0,0,0,0,0,0,146.824,0,0,0
"MtrElec",4,8,4,"",148.149,0,0,0,0,0,0,0,0,0,0,0,0,0,0,0,0,0,0,0,0,148.149,0,0,0
"MtrElec",4,8,5,"",147.397,0,0,0,0,0,0,0,0,0,0,0,0,0,0,0,0,0,0,0,0,147.397,0,0,0
"MtrElec",4,8,6,"",163.807,0,0,0,0,0,0,0,0,0,0,0,0,0,0,0,0,0,0,0,0,163.807,0,0,0
"MtrElec",4,8,7,"",248.216,0,0,0,0,0,0,0,0,0,0,0,0,0,0,0,0,0,0,0,0,250.733,0,0,-2.51666
"MtrElec",4,8,8,"",215.147,0,0,0,0,0,0,0,0,0,0,0,0,0,0,0,0,0,0,0,0,303.913,0,0,-88.7654
"MtrElec",4,8,9,"",92.5051,0,0,0,0,0,0,0,0,0,0,0,0,0,0,0,0,0,0,0,0,373.827,0,0,-281.322
"MtrElec",4,8,10,"",-65.9371,0,0,0,0,0,0,0,0,0,0,0,0,0,0,0,0,0,0,0,0,400.544,0,0,-466.481
"MtrElec",4,8,11,"",0,0,0,0,0,0,0,0,0,0,0,0,0,0,0,0,0,0,0,0,0,483.033,0,110.575,-593.608
"MtrElec",4,8,12,"",-18.0453,0,0,0,0,0,0,0,0,0,0,0,0,0,0,0,0,0,0,0,0,417.059,0,223.217,-658.321
"MtrElec",4,8,13,"",0,0,0,0,0,0,0,0,0,0,0,0,0,0,0,0,0,0,0,0,0,465.931,0,222.094,-688.025
"MtrElec",4,8,14,"",-25.7489,0,0,0,0,0,0,0,0,0,0,0,0,0,0,0,0,0,0,0,0,405.628,0,223.217,-654.594
"MtrElec",4,8,15,"",-254.879,0,0,0,0,0,0,0,0,0,0,0,0,0,0,0,0,0,0,0,0,360.342,0,19.7792,-635.001
"MtrElec",4,8,16,"",-129.269,0,0,0,0,0,0,0,0,0,0,0,0,0,0,0,0,0,0,0,0,421.577,0,0,-550.845
"MtrElec",4,8,17,"",-7.72153,0,0,0,0,0,0,0,0,0,0,0,0,0,0,0,0,0,0,0,0,401.605,0,0,-409.327
"MtrElec",4,8,18,"",221.027,0,0,0,0,0,0,0,0,0,0,0,0,0,0,0,0,0,0,0,0,441.374,0,0,-220.347
"MtrElec",4,8,19,"",127.053,0,0,0,0,0,0,0,0,0,0,0,0,0,0,0,0,0,0,0,0,400.176,0,-223.217,-49.9054
"MtrElec",4,8,20,"",174.383,0,0,0,0,0,0,0,0,0,0,0,0,0,0,0,0,0,0,0,0,397.6,0,-223.217,0
"MtrElec",4,8,21,"",210.319,0,0,0,0,0,0,0,0,0,0,0,0,0,0,0,0,0,0,0,0,433.536,0,-223.217,0
"MtrElec",4,8,22,"",222.967,0,0,0,0,0,0,0,0,0,0,0,0,0,0,0,0,0,0,0,0,274.307,0,-51.3398,0
"MtrElec",4,8,23,"",281.377,0,0,0,0,0,0,0,0,0,0,0,0,0,0,0,0,0,0,0,0,281.377,0,0,0
"MtrElec",4,8,24,"",211.079,0,0,0,0,0,0,0,0,0,0,0,0,0,0,0,0,0,0,0,0,211.079,0,0,0
"MtrElec",4,9,1,"",153.673,0,0,0,0,0,0,0,0,0,0,0,0,0,0,0,0,0,0,0,0,153.673,0,0,0
"MtrElec",4,9,2,"",148.502,0,0,0,0,0,0,0,0,0,0,0,0,0,0,0,0,0,0,0,0,148.502,0,0,0
"MtrElec",4,9,3,"",186.27,0,0,0,0,0,0,0,0,0,0,0,0,0,0,0,0,0,0,0,0,186.27,0,0,0
"MtrElec",4,9,4,"",145.888,0,0,0,0,0,0,0,0,0,0,0,0,0,0,0,0,0,0,0,0,145.888,0,0,0
"MtrElec",4,9,5,"",144.929,0,0,0,0,0,0,0,0,0,0,0,0,0,0,0,0,0,0,0,0,144.929,0,0,0
"MtrElec",4,9,6,"",153.867,0,0,0,0,0,0,0,0,0,0,0,0,0,0,0,0,0,0,0,0,153.867,0,0,0
"MtrElec",4,9,7,"",214.66,0,0,0,0,0,0,0,0,0,0,0,0,0,0,0,0,0,0,0,0,217.162,0,0,-2.50152
"MtrElec",4,9,8,"",200.054,0,0,0,0,0,0,0,0,0,0,0,0,0,0,0,0,0,0,0,0,289.074,0,0,-89.0202
"MtrElec",4,9,9,"",93.5965,0,0,0,0,0,0,0,0,0,0,0,0,0,0,0,0,0,0,0,0,362.284,0,0,-268.687
"MtrElec",4,9,10,"",-12.0878,0,0,0,0,0,0,0,0,0,0,0,0,0,0,0,0,0,0,0,0,427.313,0,0,-439.4
"MtrElec",4,9,11,"",0,0,0,0,0,0,0,0,0,0,0,0,0,0,0,0,0,0,0,0,0,442.752,0,104.287,-547.04
"MtrElec",4,9,12,"",0.0000078,0,0,0,0,0,0,0,0,0,0,0,0,0,0,0,0,0,0,0,0,478.123,0,104.824,-582.947
"MtrElec",4,9,13,"",0,0,0,0,0,0,0,0,0,0,0,0,0,0,0,0,0,0,0,0,0,501.649,0,157.694,-659.343
"MtrElec",4,9,14,"",-16.7363,0,0,0,0,0,0,0,0,0,0,0,0,0,0,0,0,0,0,0,0,413.961,0,223.217,-653.914
"MtrElec",4,9,15,"",0,0,0,0,0,0,0,0,0,0,0,0,0,0,0,0,0,0,0,0,0,473.131,0,148.591,-621.722
"MtrElec",4,9,16,"",0,0,0,0,0,0,0,0,0,0,0,0,0,0,0,0,0,0,0,0,0,485.298,0,41.2254,-526.524
"MtrElec",4,9,17,"",104.939,0,0,0,0,0,0,0,0,0,0,0,0,0,0,0,0,0,0,0,0,502.977,0,0,-398.037
"MtrElec",4,9,18,"",320.637,0,0,0,0,0,0,0,0,0,0,0,0,0,0,0,0,0,0,0,0,538.975,0,0,-218.337
"MtrElec",4,9,19,"",271.495,0,0,0,0,0,0,0,0,0,0,0,0,0,0,0,0,0,0,0,0,544.704,0,-223.217,-49.992
"MtrElec",4,9,20,"",257.284,0,0,0,0,0,0,0,0,0,0,0,0,0,0,0,0,0,0,0,0,480.501,0,-223.217,0
"MtrElec",4,9,21,"",246.867,0,0,0,0,0,0,0,0,0,0,0,0,0,0,0,0,0,0,0,0,470.084,0,-223.217,0
"MtrElec",4,9,22,"",260.254,0,0,0,0,0,0,0,0,0,0,0,0,0,0,0,0,0,0,0,0,294.408,0,-34.1539,0
"MtrElec",4,9,23,"",294.922,0,0,0,0,0,0,0,0,0,0,0,0,0,0,0,0,0,0,0,0,294.922,0,0,0
"MtrElec",4,9,24,"",254.165,0,0,0,0,0,0,0,0,0,0,0,0,0,0,0,0,0,0,0,0,254.165,0,0,0
"MtrElec",4,10,1,"",190.843,0,0,0,0,0,0,0,0,0,0,0,0,0,0,0,0,0,0,0,0,190.843,0,0,0
"MtrElec",4,10,2,"",152.039,0,0,0,0,0,0,0,0,0,0,0,0,0,0,0,0,0,0,0,0,152.039,0,0,0
"MtrElec",4,10,3,"",145.407,0,0,0,0,0,0,0,0,0,0,0,0,0,0,0,0,0,0,0,0,145.407,0,0,0
"MtrElec",4,10,4,"",145.093,0,0,0,0,0,0,0,0,0,0,0,0,0,0,0,0,0,0,0,0,145.093,0,0,0
"MtrElec",4,10,5,"",142.615,0,0,0,0,0,0,0,0,0,0,0,0,0,0,0,0,0,0,0,0,142.615,0,0,0
"MtrElec",4,10,6,"",158.718,0,0,0,0,0,0,0,0,0,0,0,0,0,0,0,0,0,0,0,0,158.718,0,0,0
"MtrElec",4,10,7,"",222.522,0,0,0,0,0,0,0,0,0,0,0,0,0,0,0,0,0,0,0,0,225.598,0,0,-3.07591
"MtrElec",4,10,8,"",217.536,0,0,0,0,0,0,0,0,0,0,0,0,0,0,0,0,0,0,0,0,307.258,0,0,-89.7229
"MtrElec",4,10,9,"",159.67,0,0,0,0,0,0,0,0,0,0,0,0,0,0,0,0,0,0,0,0,407.515,0,0,-247.846
"MtrElec",4,10,10,"",111.354,0,0,0,0,0,0,0,0,0,0,0,0,0,0,0,0,0,0,0,0,524.855,0,0,-413.502
"MtrElec",4,10,11,"",0,0,0,0,0,0,0,0,0,0,0,0,0,0,0,0,0,0,0,0,0,506.853,0,49.0612,-555.914
"MtrElec",4,10,12,"",0,0,0,0,0,0,0,0,0,0,0,0,0,0,0,0,0,0,0,0,0,508.091,0,127.266,-635.358
"MtrElec",4,10,13,"",0,0,0,0,0,0,0,0,0,0,0,0,0,0,0,0,0,0,0,0,0,597.343,0,69.2483,-666.591
"MtrElec",4,10,14,"",0,0,0,0,0,0,0,0,0,0,0,0,0,0,0,0,0,0,0,0,0,467.542,0,205.188,-672.729
"MtrElec",4,10,15,"",0,0,0,0,0,0,0,0,0,0,0,0,0,0,0,0,0,0,0,0,0,503.819,0,132.571,-636.391
"MtrElec",4,10,16,"",0,0,0,0,0,0,0,0,0,0,0,0,0,0,0,0,0,0,0,0,0,475.806,0,62.5645,-538.37
"MtrElec",4,10,17,"",159.5,0,0,0,0,0,0,0,0,0,0,0,0,0,0,0,0,0,0,0,0,559.929,0,0,-400.428
"MtrElec",4,10,18,"",322.46,0,0,0,0,0,0,0,0,0,0,0,0,0,0,0,0,0,0,0,0,540.735,0,0,-218.275
"MtrElec",4,10,19,"",227.716,0,0,0,0,0,0,0,0,0,0,0,0,0,0,0,0,0,0,0,0,501.291,0,-223.217,-50.3587
"MtrElec",4,10,20,"",274.925,0,0,0,0,0,0,0,0,0,0,0,0,0,0,0,0,0,0,0,0,498.142,0,-223.217,0
"MtrElec",4,10,21,"",323.452,0,0,0,0,0,0,0,0,0,0,0,0,0,0,0,0,0,0,0,0,459.943,0,-136.49,0
"MtrElec",4,10,22,"",296.688,0,0,0,0,0,0,0,0,0,0,0,0,0,0,0,0,0,0,0,0,296.688,0,0,0
"MtrElec",4,10,23,"",278.024,0,0,0,0,0,0,0,0,0,0,0,0,0,0,0,0,0,0,0,0,278.024,0,0,0
"MtrElec",4,10,24,"",201.623,0,0,0,0,0,0,0,0,0,0,0,0,0,0,0,0,0,0,0,0,201.623,0,0,0
"MtrElec",4,11,1,"",157.737,0,0,0,0,0,0,0,0,0,0,0,0,0,0,0,0,0,0,0,0,157.737,0,0,0
"MtrElec",4,11,2,"",150.805,0,0,0,0,0,0,0,0,0,0,0,0,0,0,0,0,0,0,0,0,150.805,0,0,0
"MtrElec",4,11,3,"",147.851,0,0,0,0,0,0,0,0,0,0,0,0,0,0,0,0,0,0,0,0,147.851,0,0,0
"MtrElec",4,11,4,"",148.369,0,0,0,0,0,0,0,0,0,0,0,0,0,0,0,0,0,0,0,0,148.369,0,0,0
"MtrElec",4,11,5,"",158.461,0,0,0,0,0,0,0,0,0,0,0,0,0,0,0,0,0,0,0,0,158.461,0,0,0
"MtrElec",4,11,6,"",187.592,0,0,0,0,0,0,0,0,0,0,0,0,0,0,0,0,0,0,0,0,187.592,0,0,0
"MtrElec",4,11,7,"",165.287,0,0,0,0,0,0,0,0,0,0,0,0,0,0,0,0,0,0,0,0,167.784,0,0,-2.49688
"MtrElec",4,11,8,"",182.849,0,0,0,0,0,0,0,0,0,0,0,0,0,0,0,0,0,0,0,0,273.134,0,0,-90.2849
"MtrElec",4,11,9,"",25.1715,0,0,0,0,0,0,0,0,0,0,0,0,0,0,0,0,0,0,0,0,302.372,0,0,-277.201
"MtrElec",4,11,10,"",-39.7663,0,0,0,0,0,0,0,0,0,0,0,0,0,0,0,0,0,0,0,0,413.91,0,0,-453.676
"MtrElec",4,11,11,"",0,0,0,0,0,0,0,0,0,0,0,0,0,0,0,0,0,0,0,0,0,499.868,0,77.8518,-577.72
"MtrElec",4,11,12,"",0,0,0,0,0,0,0,0,0,0,0,0,0,0,0,0,0,0,0,0,0,484.35,0,177.118,-661.467
"MtrElec",4,11,13,"",0.0000156,0,0,0,0,0,0,0,0,0,0,0,0,0,0,0,0,0,0,0,0,500.302,0,201.61,-701.912
"MtrElec",4,11,14,"",0.0000156,0,0,0,0,0,0,0,0,0,0,0,0,0,0,0,0,0,0,0,0,477.021,0,212.099,-689.12
"MtrElec",4,11,15,"",-24.7508,0,0,0,0,0,0,0,0,0,0,0,0,0,0,0,0,0,0,0,0,479.392,0,130.203,-634.345
"MtrElec",4,11,16,"",-47.7106,0,0,0,0,0,0,0,0,0,0,0,0,0,0,0,0,0,0,0,0,502.496,0,0,-550.206
"MtrElec",4,11,17,"",91.3999,0,0,0,0,0,0,0,0,0,0,0,0,0,0,0,0,0,0,0,0,501.325,0,0,-409.925
"MtrElec",4,11,18,"",253.253,0,0,0,0,0,0,0,0,0,0,0,0,0,0,0,0,0,0,0,0,481.115,0,0,-227.862
"MtrElec",4,11,19,"",212.721,0,0,0,0,0,0,0,0,0,0,0,0,0,0,0,0,0,0,0,0,488.792,0,-223.217,-52.8549
"MtrElec",4,11,20,"",188.308,0,0,0,0,0,0,0,0,0,0,0,0,0,0,0,0,0,0,0,0,411.525,0,-223.217,0
"MtrElec",4,11,21,"",112.414,0,0,0,0,0,0,0,0,0,0,0,0,0,0,0,0,0,0,0,0,335.631,0,-223.217,0
"MtrElec",4,11,22,"",255.953,0,0,0,0,0,0,0,0,0,0,0,0,0,0,0,0,0,0,0,0,307.293,0,-51.3398,0
"MtrElec",4,11,23,"",233.112,0,0,0,0,0,0,0,0,0,0,0,0,0,0,0,0,0,0,0,0,233.112,0,0,0
"MtrElec",4,11,24,"",213.319,0,0,0,0,0,0,0,0,0,0,0,0,0,0,0,0,0,0,0,0,213.319,0,0,0
"MtrElec",4,12,1,"",165.879,0,0,0,0,0,0,0,0,0,0,0,0,0,0,0,0,0,0,0,0,165.879,0,0,0
"MtrElec",4,12,2,"",147.65,0,0,0,0,0,0,0,0,0,0,0,0,0,0,0,0,0,0,0,0,147.65,0,0,0
"MtrElec",4,12,3,"",149.097,0,0,0,0,0,0,0,0,0,0,0,0,0,0,0,0,0,0,0,0,149.097,0,0,0
"MtrElec",4,12,4,"",159.461,0,0,0,0,0,0,0,0,0,0,0,0,0,0,0,0,0,0,0,0,159.461,0,0,0
"MtrElec",4,12,5,"",195.59,0,0,0,0,0,0,0,0,0,0,0,0,0,0,0,0,0,0,0,0,195.59,0,0,0
"MtrElec",4,12,6,"",148.123,0,0,0,0,0,0,0,0,0,0,0,0,0,0,0,0,0,0,0,0,148.123,0,0,0
"MtrElec",4,12,7,"",149.463,0,0,0,0,0,0,0,0,0,0,0,0,0,0,0,0,0,0,0,0,153.52,0,0,-4.05704
"MtrElec",4,12,8,"",145.001,0,0,0,0,0,0,0,0,0,0,0,0,0,0,0,0,0,0,0,0,240.005,0,0,-95.0043
"MtrElec",4,12,9,"",-6.97753,0,0,0,0,0,0,0,0,0,0,0,0,0,0,0,0,0,0,0,0,278.547,0,0,-285.525
"MtrElec",4,12,10,"",-167.927,0,0,0,0,0,0,0,0,0,0,0,0,0,0,0,0,0,0,0,0,306.311,0,0,-474.238
"MtrElec",4,12,11,"",-36.1417,0,0,0,0,0,0,0,0,0,0,0,0,0,0,0,0,0,0,0,0,359.994,0,223.217,-619.353
"MtrElec",4,12,12,"",-142.701,0,0,0,0,0,0,0,0,0,0,0,0,0,0,0,0,0,0,0,0,353.085,0,223.217,-719.003
"MtrElec",4,12,13,"",-130.807,0,0,0,0,0,0,0,0,0,0,0,0,0,0,0,0,0,0,0,0,409.105,0,223.217,-763.129
"MtrElec",4,12,14,"",-293.241,0,0,0,0,0,0,0,0,0,0,0,0,0,0,0,0,0,0,0,0,322.117,0,129.231,-744.589
"MtrElec",4,12,15,"",-325.942,0,0,0,0,0,0,0,0,0,0,0,0,0,0,0,0,0,0,0,0,360.107,0,0,-686.049
"MtrElec",4,12,16,"",-261.036,0,0,0,0,0,0,0,0,0,0,0,0,0,0,0,0,0,0,0,0,309.816,0,0,-570.852
"MtrElec",4,12,17,"",-75.2559,0,0,0,0,0,0,0,0,0,0,0,0,0,0,0,0,0,0,0,0,339.565,0,0,-414.821
"MtrElec",4,12,18,"",101.038,0,0,0,0,0,0,0,0,0,0,0,0,0,0,0,0,0,0,0,0,318.217,0,0,-217.18
"MtrElec",4,12,19,"",97.8963,0,0,0,0,0,0,0,0,0,0,0,0,0,0,0,0,0,0,0,0,377.802,0,-223.217,-56.6892
"MtrElec",4,12,20,"",81.3559,0,0,0,0,0,0,0,0,0,0,0,0,0,0,0,0,0,0,0,0,304.573,0,-223.217,0
"MtrElec",4,12,21,"",92.6088,0,0,0,0,0,0,0,0,0,0,0,0,0,0,0,0,0,0,0,0,315.826,0,-223.217,0
"MtrElec",4,12,22,"",203.367,0,0,0,0,0,0,0,0,0,0,0,0,0,0,0,0,0,0,0,0,254.706,0,-51.3398,0
"MtrElec",4,12,23,"",258.153,0,0,0,0,0,0,0,0,0,0,0,0,0,0,0,0,0,0,0,0,258.153,0,0,0
"MtrElec",4,12,24,"",208.701,0,0,0,0,0,0,0,0,0,0,0,0,0,0,0,0,0,0,0,0,208.701,0,0,0
"MtrElec",4,13,1,"",172.833,0,0,0,0,0,0,0,0,0,0,0,0,0,0,0,0,0,0,0,0,172.833,0,0,0
"MtrElec",4,13,2,"",149.093,0,0,0,0,0,0,0,0,0,0,0,0,0,0,0,0,0,0,0,0,149.093,0,0,0
"MtrElec",4,13,3,"",145.077,0,0,0,0,0,0,0,0,0,0,0,0,0,0,0,0,0,0,0,0,145.077,0,0,0
"MtrElec",4,13,4,"",147.686,0,0,0,0,0,0,0,0,0,0,0,0,0,0,0,0,0,0,0,0,147.686,0,0,0
"MtrElec",4,13,5,"",179.472,0,0,0,0,0,0,0,0,0,0,0,0,0,0,0,0,0,0,0,0,179.472,0,0,0
"MtrElec",4,13,6,"",152.941,0,0,0,0,0,0,0,0,0,0,0,0,0,0,0,0,0,0,0,0,152.941,0,0,0
"MtrElec",4,13,7,"",257.851,0,0,0,0,0,0,0,0,0,0,0,0,0,0,0,0,0,0,0,0,264.199,0,0,-6.34711
"MtrElec",4,13,8,"",203.822,0,0,0,0,0,0,0,0,0,0,0,0,0,0,0,0,0,0,0,0,302.312,0,0,-98.4903
"MtrElec",4,13,9,"",110.604,0,0,0,0,0,0,0,0,0,0,0,0,0,0,0,0,0,0,0,0,391.028,0,0,-280.424
"MtrElec",4,13,10,"",-67.0566,0,0,0,0,0,0,0,0,0,0,0,0,0,0,0,0,0,0,0,0,385.343,0,0,-452.4
"MtrElec",4,13,11,"",0,0,0,0,0,0,0,0,0,0,0,0,0,0,0,0,0,0,0,0,0,415.899,0,176.168,-592.067
"MtrElec",4,13,12,"",-67.4621,0,0,0,0,0,0,0,0,0,0,0,0,0,0,0,0,0,0,0,0,385.855,0,223.217,-676.534
"MtrElec",4,13,13,"",-74.6862,0,0,0,0,0,0,0,0,0,0,0,0,0,0,0,0,0,0,0,0,401.977,0,223.217,-699.88
"MtrElec",4,13,14,"",-178.735,0,0,0,0,0,0,0,0,0,0,0,0,0,0,0,0,0,0,0,0,356.739,0,176.28,-711.754
"MtrElec",4,13,15,"",-256.889,0,0,0,0,0,0,0,0,0,0,0,0,0,0,0,0,0,0,0,0,406.911,0,0,-663.8
"MtrElec",4,13,16,"",-179.744,0,0,0,0,0,0,0,0,0,0,0,0,0,0,0,0,0,0,0,0,376.366,0,0,-556.11
"MtrElec",4,13,17,"",2.34781,0,0,0,0,0,0,0,0,0,0,0,0,0,0,0,0,0,0,0,0,412.077,0,0,-409.729
"MtrElec",4,13,18,"",212.136,0,0,0,0,0,0,0,0,0,0,0,0,0,0,0,0,0,0,0,0,436.536,0,0,-224.4
"MtrElec",4,13,19,"",136.188,0,0,0,0,0,0,0,0,0,0,0,0,0,0,0,0,0,0,0,0,414.357,0,-223.217,-54.9519
"MtrElec",4,13,20,"",202.321,0,0,0,0,0,0,0,0,0,0,0,0,0,0,0,0,0,0,0,0,425.538,0,-223.217,0
"MtrElec",4,13,21,"",225.78,0,0,0,0,0,0,0,0,0,0,0,0,0,0,0,0,0,0,0,0,448.997,0,-223.217,0
"MtrElec",4,13,22,"",199.336,0,0,0,0,0,0,0,0,0,0,0,0,0,0,0,0,0,0,0,0,250.676,0,-51.3398,0
"MtrElec",4,13,23,"",261.703,0,0,0,0,0,0,0,0,0,0,0,0,0,0,0,0,0,0,0,0,261.703,0,0,0
"MtrElec",4,13,24,"",180.091,0,0,0,0,0,0,0,0,0,0,0,0,0,0,0,0,0,0,0,0,180.091,0,0,0
"MtrElec",4,14,1,"",181.954,0,0,0,0,0,0,0,0,0,0,0,0,0,0,0,0,0,0,0,0,181.954,0,0,0
"MtrElec",4,14,2,"",157.879,0,0,0,0,0,0,0,0,0,0,0,0,0,0,0,0,0,0,0,0,157.879,0,0,0
"MtrElec",4,14,3,"",149.327,0,0,0,0,0,0,0,0,0,0,0,0,0,0,0,0,0,0,0,0,149.327,0,0,0
"MtrElec",4,14,4,"",151.399,0,0,0,0,0,0,0,0,0,0,0,0,0,0,0,0,0,0,0,0,151.399,0,0,0
"MtrElec",4,14,5,"",151.111,0,0,0,0,0,0,0,0,0,0,0,0,0,0,0,0,0,0,0,0,151.111,0,0,0
"MtrElec",4,14,6,"",168.187,0,0,0,0,0,0,0,0,0,0,0,0,0,0,0,0,0,0,0,0,168.187,0,0,0
"MtrElec",4,14,7,"",257.919,0,0,0,0,0,0,0,0,0,0,0,0,0,0,0,0,0,0,0,0,265.369,0,0,-7.45024
"MtrElec",4,14,8,"",206.157,0,0,0,0,0,0,0,0,0,0,0,0,0,0,0,0,0,0,0,0,306.82,0,0,-100.663
"MtrElec",4,14,9,"",106.668,0,0,0,0,0,0,0,0,0,0,0,0,0,0,0,0,0,0,0,0,394.341,0,0,-287.673
"MtrElec",4,14,10,"",-10.286,0,0,0,0,0,0,0,0,0,0,0,0,0,0,0,0,0,0,0,0,442.435,0,0,-452.721
"MtrElec",4,14,11,"",0,0,0,0,0,0,0,0,0,0,0,0,0,0,0,0,0,0,0,0,0,506.379,0,68.8075,-575.186
"MtrElec",4,14,12,"",0.0000156,0,0,0,0,0,0,0,0,0,0,0,0,0,0,0,0,0,0,0,0,498.875,0,153.246,-652.121
"MtrElec",4,14,13,"",-36.6989,0,0,0,0,0,0,0,0,0,0,0,0,0,0,0,0,0,0,0,0,443.312,0,223.217,-703.228
"MtrElec",4,14,14,"",-57.1143,0,0,0,0,0,0,0,0,0,0,0,0,0,0,0,0,0,0,0,0,432.393,0,223.217,-712.724
"MtrElec",4,14,15,"",-114.798,0,0,0,0,0,0,0,0,0,0,0,0,0,0,0,0,0,0,0,0,415.766,0,130.395,-660.958
"MtrElec",4,14,16,"",-66.2174,0,0,0,0,0,0,0,0,0,0,0,0,0,0,0,0,0,0,0,0,484.654,0,0,-550.871
"MtrElec",4,14,17,"",89.9512,0,0,0,0,0,0,0,0,0,0,0,0,0,0,0,0,0,0,0,0,502.39,0,0,-412.439
"MtrElec",4,14,18,"",295.006,0,0,0,0,0,0,0,0,0,0,0,0,0,0,0,0,0,0,0,0,526.585,0,0,-231.579
"MtrElec",4,14,19,"",183.268,0,0,0,0,0,0,0,0,0,0,0,0,0,0,0,0,0,0,0,0,461.789,0,-223.217,-55.3036
"MtrElec",4,14,20,"",274.604,0,0,0,0,0,0,0,0,0,0,0,0,0,0,0,0,0,0,0,0,497.821,0,-223.217,0
"MtrElec",4,14,21,"",257.219,0,0,0,0,0,0,0,0,0,0,0,0,0,0,0,0,0,0,0,0,480.436,0,-223.217,0
"MtrElec",4,14,22,"",242.12,0,0,0,0,0,0,0,0,0,0,0,0,0,0,0,0,0,0,0,0,293.46,0,-51.3398,0
"MtrElec",4,14,23,"",250,0,0,0,0,0,0,0,0,0,0,0,0,0,0,0,0,0,0,0,0,250,0,0,0
"MtrElec",4,14,24,"",232.542,0,0,0,0,0,0,0,0,0,0,0,0,0,0,0,0,0,0,0,0,232.542,0,0,0
"MtrElec",4,15,1,"",169.984,0,0,0,0,0,0,0,0,0,0,0,0,0,0,0,0,0,0,0,0,169.984,0,0,0
"MtrElec",4,15,2,"",148.684,0,0,0,0,0,0,0,0,0,0,0,0,0,0,0,0,0,0,0,0,148.684,0,0,0
"MtrElec",4,15,3,"",146.112,0,0,0,0,0,0,0,0,0,0,0,0,0,0,0,0,0,0,0,0,146.112,0,0,0
"MtrElec",4,15,4,"",151.892,0,0,0,0,0,0,0,0,0,0,0,0,0,0,0,0,0,0,0,0,151.892,0,0,0
"MtrElec",4,15,5,"",143.517,0,0,0,0,0,0,0,0,0,0,0,0,0,0,0,0,0,0,0,0,143.517,0,0,0
"MtrElec",4,15,6,"",181.754,0,0,0,0,0,0,0,0,0,0,0,0,0,0,0,0,0,0,0,0,181.754,0,0,0
"MtrElec",4,15,7,"",262.788,0,0,0,0,0,0,0,0,0,0,0,0,0,0,0,0,0,0,0,0,272.375,0,0,-9.58718
"MtrElec",4,15,8,"",196.759,0,0,0,0,0,0,0,0,0,0,0,0,0,0,0,0,0,0,0,0,300.311,0,0,-103.552
"MtrElec",4,15,9,"",58.3117,0,0,0,0,0,0,0,0,0,0,0,0,0,0,0,0,0,0,0,0,319.658,0,0,-261.347
"MtrElec",4,15,10,"",27.5623,0,0,0,0,0,0,0,0,0,0,0,0,0,0,0,0,0,0,0,0,467.129,0,0,-439.566
"MtrElec",4,15,11,"",0.0000078,0,0,0,0,0,0,0,0,0,0,0,0,0,0,0,0,0,0,0,0,429.728,0,108.344,-538.072
"MtrElec",4,15,12,"",0,0,0,0,0,0,0,0,0,0,0,0,0,0,0,0,0,0,0,0,0,448.915,0,71.9791,-520.894
"MtrElec",4,15,13,"",0,0,0,0,0,0,0,0,0,0,0,0,0,0,0,0,0,0,0,0,0,498.954,0,77.9518,-576.906
"MtrElec",4,15,14,"",0,0,0,0,0,0,0,0,0,0,0,0,0,0,0,0,0,0,0,0,0,426.227,0,100.883,-527.11
"MtrElec",4,15,15,"",0,0,0,0,0,0,0,0,0,0,0,0,0,0,0,0,0,0,0,0,0,413.432,0,68.0326,-481.465
"MtrElec",4,15,16,"",129.588,0,0,0,0,0,0,0,0,0,0,0,0,0,0,0,0,0,0,0,0,434.502,0,0,-304.914
"MtrElec",4,15,17,"",279.919,0,0,0,0,0,0,0,0,0,0,0,0,0,0,0,0,0,0,0,0,462.243,0,0,-182.323
"MtrElec",4,15,18,"",273.629,0,0,0,0,0,0,0,0,0,0,0,0,0,0,0,0,0,0,0,0,415.865,0,0,-142.236
"MtrElec",4,15,19,"",156.076,0,0,0,0,0,0,0,0,0,0,0,0,0,0,0,0,0,0,0,0,421.874,0,-223.217,-42.5805
"MtrElec",4,15,20,"",221.171,0,0,0,0,0,0,0,0,0,0,0,0,0,0,0,0,0,0,0,0,383.494,0,-162.323,0
"MtrElec",4,15,21,"",385.282,0,0,0,0,0,0,0,0,0,0,0,0,0,0,0,0,0,0,0,0,385.282,0,0,0
"MtrElec",4,15,22,"",284.876,0,0,0,0,0,0,0,0,0,0,0,0,0,0,0,0,0,0,0,0,284.876,0,0,0
"MtrElec",4,15,23,"",269.072,0,0,0,0,0,0,0,0,0,0,0,0,0,0,0,0,0,0,0,0,269.072,0,0,0
"MtrElec",4,15,24,"",241.115,0,0,0,0,0,0,0,0,0,0,0,0,0,0,0,0,0,0,0,0,241.115,0,0,0
"MtrElec",4,16,1,"",190.761,0,0,0,0,0,0,0,0,0,0,0,0,0,0,0,0,0,0,0,0,190.761,0,0,0
"MtrElec",4,16,2,"",149.461,0,0,0,0,0,0,0,0,0,0,0,0,0,0,0,0,0,0,0,0,149.461,0,0,0
"MtrElec",4,16,3,"",144.856,0,0,0,0,0,0,0,0,0,0,0,0,0,0,0,0,0,0,0,0,144.856,0,0,0
"MtrElec",4,16,4,"",151.559,0,0,0,0,0,0,0,0,0,0,0,0,0,0,0,0,0,0,0,0,151.559,0,0,0
"MtrElec",4,16,5,"",144.07,0,0,0,0,0,0,0,0,0,0,0,0,0,0,0,0,0,0,0,0,144.07,0,0,0
"MtrElec",4,16,6,"",152.86,0,0,0,0,0,0,0,0,0,0,0,0,0,0,0,0,0,0,0,0,152.86,0,0,0
"MtrElec",4,16,7,"",250.561,0,0,0,0,0,0,0,0,0,0,0,0,0,0,0,0,0,0,0,0,259.567,0,0,-9.0055
"MtrElec",4,16,8,"",169.834,0,0,0,0,0,0,0,0,0,0,0,0,0,0,0,0,0,0,0,0,271.547,0,0,-101.713
"MtrElec",4,16,9,"",19.9943,0,0,0,0,0,0,0,0,0,0,0,0,0,0,0,0,0,0,0,0,311.458,0,0,-291.464
"MtrElec",4,16,10,"",-31.3542,0,0,0,0,0,0,0,0,0,0,0,0,0,0,0,0,0,0,0,0,426.473,0,0,-457.827
"MtrElec",4,16,11,"",0,0,0,0,0,0,0,0,0,0,0,0,0,0,0,0,0,0,0,0,0,411.9,0,176.431,-588.331
"MtrElec",4,16,12,"",0,0,0,0,0,0,0,0,0,0,0,0,0,0,0,0,0,0,0,0,0,456.309,0,217.87,-674.179
"MtrElec",4,16,13,"",-110.894,0,0,0,0,0,0,0,0,0,0,0,0,0,0,0,0,0,0,0,0,396.532,0,223.217,-730.643
"MtrElec",4,16,14,"",-176.876,0,0,0,0,0,0,0,0,0,0,0,0,0,0,0,0,0,0,0,0,381.327,0,181.363,-739.566
"MtrElec",4,16,15,"",-310.862,0,0,0,0,0,0,0,0,0,0,0,0,0,0,0,0,0,0,0,0,372.346,0,0,-683.208
"MtrElec",4,16,16,"",-207.219,0,0,0,0,0,0,0,0,0,0,0,0,0,0,0,0,0,0,0,0,370.913,0,0,-578.133
"MtrElec",4,16,17,"",-43.179,0,0,0,0,0,0,0,0,0,0,0,0,0,0,0,0,0,0,0,0,384.282,0,0,-427.461
"MtrElec",4,16,18,"",178.251,0,0,0,0,0,0,0,0,0,0,0,0,0,0,0,0,0,0,0,0,415.923,0,0,-237.671
"MtrElec",4,16,19,"",117.195,0,0,0,0,0,0,0,0,0,0,0,0,0,0,0,0,0,0,0,0,397.129,0,-223.217,-56.7169
"MtrElec",4,16,20,"",167.695,0,0,0,0,0,0,0,0,0,0,0,0,0,0,0,0,0,0,0,0,390.912,0,-223.217,0
"MtrElec",4,16,21,"",159.011,0,0,0,0,0,0,0,0,0,0,0,0,0,0,0,0,0,0,0,0,382.228,0,-223.217,0
"MtrElec",4,16,22,"",228.873,0,0,0,0,0,0,0,0,0,0,0,0,0,0,0,0,0,0,0,0,280.212,0,-51.3398,0
"MtrElec",4,16,23,"",278.201,0,0,0,0,0,0,0,0,0,0,0,0,0,0,0,0,0,0,0,0,278.201,0,0,0
"MtrElec",4,16,24,"",215.265,0,0,0,0,0,0,0,0,0,0,0,0,0,0,0,0,0,0,0,0,215.265,0,0,0
"MtrElec",4,17,1,"",193.633,0,0,0,0,0,0,0,0,0,0,0,0,0,0,0,0,0,0,0,0,193.633,0,0,0
"MtrElec",4,17,2,"",150.071,0,0,0,0,0,0,0,0,0,0,0,0,0,0,0,0,0,0,0,0,150.071,0,0,0
"MtrElec",4,17,3,"",147.559,0,0,0,0,0,0,0,0,0,0,0,0,0,0,0,0,0,0,0,0,147.559,0,0,0
"MtrElec",4,17,4,"",144.547,0,0,0,0,0,0,0,0,0,0,0,0,0,0,0,0,0,0,0,0,144.547,0,0,0
"MtrElec",4,17,5,"",139.854,0,0,0,0,0,0,0,0,0,0,0,0,0,0,0,0,0,0,0,0,139.854,0,0,0
"MtrElec",4,17,6,"",163.8,0,0,0,0,0,0,0,0,0,0,0,0,0,0,0,0,0,0,0,0,163.8,0,0,0
"MtrElec",4,17,7,"",241.473,0,0,0,0,0,0,0,0,0,0,0,0,0,0,0,0,0,0,0,0,250.778,0,0,-9.30454
"MtrElec",4,17,8,"",201.565,0,0,0,0,0,0,0,0,0,0,0,0,0,0,0,0,0,0,0,0,310.654,0,0,-109.09
"MtrElec",4,17,9,"",81.5644,0,0,0,0,0,0,0,0,0,0,0,0,0,0,0,0,0,0,0,0,389.943,0,0,-308.378
"MtrElec",4,17,10,"",-117.713,0,0,0,0,0,0,0,0,0,0,0,0,0,0,0,0,0,0,0,0,373.807,0,0,-491.52
"MtrElec",4,17,11,"",0,0,0,0,0,0,0,0,0,0,0,0,0,0,0,0,0,0,0,0,0,409.651,0,206.465,-616.116
"MtrElec",4,17,12,"",-107.602,0,0,0,0,0,0,0,0,0,0,0,0,0,0,0,0,0,0,0,0,346.319,0,223.217,-677.138
"MtrElec",4,17,13,"",-48.6136,0,0,0,0,0,0,0,0,0,0,0,0,0,0,0,0,0,0,0,0,455.695,0,223.217,-727.525
"MtrElec",4,17,14,"",-259.991,0,0,0,0,0,0,0,0,0,0,0,0,0,0,0,0,0,0,0,0,324.585,0,145.983,-730.559
"MtrElec",4,17,15,"",-297.677,0,0,0,0,0,0,0,0,0,0,0,0,0,0,0,0,0,0,0,0,367.815,0,0,-665.492
"MtrElec",4,17,16,"",-201.056,0,0,0,0,0,0,0,0,0,0,0,0,0,0,0,0,0,0,0,0,367.675,0,0,-568.731
"MtrElec",4,17,17,"",-10.2255,0,0,0,0,0,0,0,0,0,0,0,0,0,0,0,0,0,0,0,0,417.025,0,0,-427.25
"MtrElec",4,17,18,"",155.089,0,0,0,0,0,0,0,0,0,0,0,0,0,0,0,0,0,0,0,0,390.939,0,0,-235.85
"MtrElec",4,17,19,"",145.65,0,0,0,0,0,0,0,0,0,0,0,0,0,0,0,0,0,0,0,0,424.695,0,-223.217,-55.8286
"MtrElec",4,17,20,"",144.236,0,0,0,0,0,0,0,0,0,0,0,0,0,0,0,0,0,0,0,0,367.453,0,-223.217,0
"MtrElec",4,17,21,"",174.666,0,0,0,0,0,0,0,0,0,0,0,0,0,0,0,0,0,0,0,0,397.883,0,-223.217,0
"MtrElec",4,17,22,"",233.289,0,0,0,0,0,0,0,0,0,0,0,0,0,0,0,0,0,0,0,0,284.629,0,-51.3398,0
"MtrElec",4,17,23,"",264.292,0,0,0,0,0,0,0,0,0,0,0,0,0,0,0,0,0,0,0,0,264.292,0,0,0
"MtrElec",4,17,24,"",185.851,0,0,0,0,0,0,0,0,0,0,0,0,0,0,0,0,0,0,0,0,185.851,0,0,0
"MtrElec",4,18,1,"",163.024,0,0,0,0,0,0,0,0,0,0,0,0,0,0,0,0,0,0,0,0,163.024,0,0,0
"MtrElec",4,18,2,"",153.446,0,0,0,0,0,0,0,0,0,0,0,0,0,0,0,0,0,0,0,0,153.446,0,0,0
"MtrElec",4,18,3,"",184.551,0,0,0,0,0,0,0,0,0,0,0,0,0,0,0,0,0,0,0,0,184.551,0,0,0
"MtrElec",4,18,4,"",148.976,0,0,0,0,0,0,0,0,0,0,0,0,0,0,0,0,0,0,0,0,148.976,0,0,0
"MtrElec",4,18,5,"",164.506,0,0,0,0,0,0,0,0,0,0,0,0,0,0,0,0,0,0,0,0,164.506,0,0,0
"MtrElec",4,18,6,"",148.542,0,0,0,0,0,0,0,0,0,0,0,0,0,0,0,0,0,0,0,0,148.542,0,0,0
"MtrElec",4,18,7,"",198.085,0,0,0,0,0,0,0,0,0,0,0,0,0,0,0,0,0,0,0,0,208.738,0,0,-10.653
"MtrElec",4,18,8,"",88.856,0,0,0,0,0,0,0,0,0,0,0,0,0,0,0,0,0,0,0,0,197.202,0,0,-108.346
"MtrElec",4,18,9,"",-21.1163,0,0,0,0,0,0,0,0,0,0,0,0,0,0,0,0,0,0,0,0,273.74,0,0,-294.857
"MtrElec",4,18,10,"",-99.4761,0,0,0,0,0,0,0,0,0,0,0,0,0,0,0,0,0,0,0,0,365.624,0,0,-465.101
"MtrElec",4,18,11,"",0,0,0,0,0,0,0,0,0,0,0,0,0,0,0,0,0,0,0,0,0,500.063,0,91.0254,-591.088
"MtrElec",4,18,12,"",0,0,0,0,0,0,0,0,0,0,0,0,0,0,0,0,0,0,0,0,0,519.048,0,150.381,-669.429
"MtrElec",4,18,13,"",0,0,0,0,0,0,0,0,0,0,0,0,0,0,0,0,0,0,0,0,0,532.516,0,182.928,-715.444
"MtrElec",4,18,14,"",-19.7259,0,0,0,0,0,0,0,0,0,0,0,0,0,0,0,0,0,0,0,0,461.093,0,223.217,-704.035
"MtrElec",4,18,15,"",-101.332,0,0,0,0,0,0,0,0,0,0,0,0,0,0,0,0,0,0,0,0,409.996,0,151.33,-662.658
"MtrElec",4,18,16,"",-150.155,0,0,0,0,0,0,0,0,0,0,0,0,0,0,0,0,0,0,0,0,416.192,0,0,-566.348
"MtrElec",4,18,17,"",27.2908,0,0,0,0,0,0,0,0,0,0,0,0,0,0,0,0,0,0,0,0,442.476,0,0,-415.185
"MtrElec",4,18,18,"",198.812,0,0,0,0,0,0,0,0,0,0,0,0,0,0,0,0,0,0,0,0,427.446,0,0,-228.634
"MtrElec",4,18,19,"",222.6,0,0,0,0,0,0,0,0,0,0,0,0,0,0,0,0,0,0,0,0,504.642,0,-223.217,-58.8246
"MtrElec",4,18,20,"",200.209,0,0,0,0,0,0,0,0,0,0,0,0,0,0,0,0,0,0,0,0,423.426,0,-223.217,0
"MtrElec",4,18,21,"",139.18,0,0,0,0,0,0,0,0,0,0,0,0,0,0,0,0,0,0,0,0,362.397,0,-223.217,0
"MtrElec",4,18,22,"",294.511,0,0,0,0,0,0,0,0,0,0,0,0,0,0,0,0,0,0,0,0,345.851,0,-51.3398,0
"MtrElec",4,18,23,"",244.306,0,0,0,0,0,0,0,0,0,0,0,0,0,0,0,0,0,0,0,0,244.306,0,0,0
"MtrElec",4,18,24,"",207.484,0,0,0,0,0,0,0,0,0,0,0,0,0,0,0,0,0,0,0,0,207.484,0,0,0
"MtrElec",4,19,1,"",161.067,0,0,0,0,0,0,0,0,0,0,0,0,0,0,0,0,0,0,0,0,161.067,0,0,0
"MtrElec",4,19,2,"",146.594,0,0,0,0,0,0,0,0,0,0,0,0,0,0,0,0,0,0,0,0,146.594,0,0,0
"MtrElec",4,19,3,"",148.307,0,0,0,0,0,0,0,0,0,0,0,0,0,0,0,0,0,0,0,0,148.307,0,0,0
"MtrElec",4,19,4,"",167.303,0,0,0,0,0,0,0,0,0,0,0,0,0,0,0,0,0,0,0,0,167.303,0,0,0
"MtrElec",4,19,5,"",176.219,0,0,0,0,0,0,0,0,0,0,0,0,0,0,0,0,0,0,0,0,176.219,0,0,0
"MtrElec",4,19,6,"",143.38,0,0,0,0,0,0,0,0,0,0,0,0,0,0,0,0,0,0,0,0,143.38,0,0,0
"MtrElec",4,19,7,"",140.604,0,0,0,0,0,0,0,0,0,0,0,0,0,0,0,0,0,0,0,0,153.453,0,0,-12.8483
"MtrElec",4,19,8,"",144.053,0,0,0,0,0,0,0,0,0,0,0,0,0,0,0,0,0,0,0,0,254.764,0,0,-110.712
"MtrElec",4,19,9,"",-21.1711,0,0,0,0,0,0,0,0,0,0,0,0,0,0,0,0,0,0,0,0,216.049,0,0,-237.22
"MtrElec",4,19,10,"",-28.3703,0,0,0,0,0,0,0,0,0,0,0,0,0,0,0,0,0,0,0,0,289.39,0,0,-317.76
"MtrElec",4,19,11,"",38.3263,0,0,0,0,0,0,0,0,0,0,0,0,0,0,0,0,0,0,0,0,422.706,0,0,-384.38
"MtrElec",4,19,12,"",-10.6147,0,0,0,0,0,0,0,0,0,0,0,0,0,0,0,0,0,0,0,0,372.623,0,223.217,-606.454
"MtrElec",4,19,13,"",-98.0711,0,0,0,0,0,0,0,0,0,0,0,0,0,0,0,0,0,0,0,0,379.57,0,223.217,-700.858
"MtrElec",4,19,14,"",-156.397,0,0,0,0,0,0,0,0,0,0,0,0,0,0,0,0,0,0,0,0,320.159,0,223.217,-699.773
"MtrElec",4,19,15,"",-163.44,0,0,0,0,0,0,0,0,0,0,0,0,0,0,0,0,0,0,0,0,380.024,0,129.231,-672.694
"MtrElec",4,19,16,"",-243.619,0,0,0,0,0,0,0,0,0,0,0,0,0,0,0,0,0,0,0,0,326.9,0,0,-570.519
"MtrElec",4,19,17,"",-100.452,0,0,0,0,0,0,0,0,0,0,0,0,0,0,0,0,0,0,0,0,325.59,0,0,-426.042
"MtrElec",4,19,18,"",86.9075,0,0,0,0,0,0,0,0,0,0,0,0,0,0,0,0,0,0,0,0,325.543,0,0,-238.636
"MtrElec",4,19,19,"",90.0198,0,0,0,0,0,0,0,0,0,0,0,0,0,0,0,0,0,0,0,0,370.569,0,-223.217,-57.332
"MtrElec",4,19,20,"",78.055,0,0,0,0,0,0,0,0,0,0,0,0,0,0,0,0,0,0,0,0,301.272,0,-223.217,0
"MtrElec",4,19,21,"",100.022,0,0,0,0,0,0,0,0,0,0,0,0,0,0,0,0,0,0,0,0,323.238,0,-223.217,0
"MtrElec",4,19,22,"",214.507,0,0,0,0,0,0,0,0,0,0,0,0,0,0,0,0,0,0,0,0,265.847,0,-51.3398,0
"MtrElec",4,19,23,"",257.781,0,0,0,0,0,0,0,0,0,0,0,0,0,0,0,0,0,0,0,0,257.781,0,0,0
"MtrElec",4,19,24,"",213.161,0,0,0,0,0,0,0,0,0,0,0,0,0,0,0,0,0,0,0,0,213.161,0,0,0
"MtrElec",4,20,1,"",170.74,0,0,0,0,0,0,0,0,0,0,0,0,0,0,0,0,0,0,0,0,170.74,0,0,0
"MtrElec",4,20,2,"",148.692,0,0,0,0,0,0,0,0,0,0,0,0,0,0,0,0,0,0,0,0,148.692,0,0,0
"MtrElec",4,20,3,"",166.354,0,0,0,0,0,0,0,0,0,0,0,0,0,0,0,0,0,0,0,0,166.354,0,0,0
"MtrElec",4,20,4,"",156.209,0,0,0,0,0,0,0,0,0,0,0,0,0,0,0,0,0,0,0,0,156.209,0,0,0
"MtrElec",4,20,5,"",142.285,0,0,0,0,0,0,0,0,0,0,0,0,0,0,0,0,0,0,0,0,142.285,0,0,0
"MtrElec",4,20,6,"",148.613,0,0,0,0,0,0,0,0,0,0,0,0,0,0,0,0,0,0,0,0,148.613,0,0,0
"MtrElec",4,20,7,"",221.307,0,0,0,0,0,0,0,0,0,0,0,0,0,0,0,0,0,0,0,0,231.745,0,0,-10.4379
"MtrElec",4,20,8,"",194.075,0,0,0,0,0,0,0,0,0,0,0,0,0,0,0,0,0,0,0,0,287.711,0,0,-93.6356
"MtrElec",4,20,9,"",135.611,0,0,0,0,0,0,0,0,0,0,0,0,0,0,0,0,0,0,0,0,349.352,0,0,-213.741
"MtrElec",4,20,10,"",-49.3326,0,0,0,0,0,0,0,0,0,0,0,0,0,0,0,0,0,0,0,0,398.108,0,0,-447.441
"MtrElec",4,20,11,"",0,0,0,0,0,0,0,0,0,0,0,0,0,0,0,0,0,0,0,0,0,390.414,0,199.315,-589.728
"MtrElec",4,20,12,"",-71.3118,0,0,0,0,0,0,0,0,0,0,0,0,0,0,0,0,0,0,0,0,386.142,0,223.217,-680.67
"MtrElec",4,20,13,"",-69.3745,0,0,0,0,0,0,0,0,0,0,0,0,0,0,0,0,0,0,0,0,417.103,0,223.217,-709.695
"MtrElec",4,20,14,"",-176.091,0,0,0,0,0,0,0,0,0,0,0,0,0,0,0,0,0,0,0,0,385.828,0,153.133,-715.052
"MtrElec",4,20,15,"",-274.828,0,0,0,0,0,0,0,0,0,0,0,0,0,0,0,0,0,0,0,0,396.207,0,0,-671.035
"MtrElec",4,20,16,"",-164.983,0,0,0,0,0,0,0,0,0,0,0,0,0,0,0,0,0,0,0,0,396.399,0,0,-561.382
"MtrElec",4,20,17,"",-1.18759,0,0,0,0,0,0,0,0,0,0,0,0,0,0,0,0,0,0,0,0,419.765,0,0,-420.952
"MtrElec",4,20,18,"",148.123,0,0,0,0,0,0,0,0,0,0,0,0,0,0,0,0,0,0,0,0,383.108,0,0,-234.985
"MtrElec",4,20,19,"",112.432,0,0,0,0,0,0,0,0,0,0,0,0,0,0,0,0,0,0,0,0,390.946,0,-223.217,-55.2975
"MtrElec",4,20,20,"",136.675,0,0,0,0,0,0,0,0,0,0,0,0,0,0,0,0,0,0,0,0,359.892,0,-223.217,0
"MtrElec",4,20,21,"",203.099,0,0,0,0,0,0,0,0,0,0,0,0,0,0,0,0,0,0,0,0,426.316,0,-223.217,0
"MtrElec",4,20,22,"",207.77,0,0,0,0,0,0,0,0,0,0,0,0,0,0,0,0,0,0,0,0,259.109,0,-51.3398,0
"MtrElec",4,20,23,"",291.836,0,0,0,0,0,0,0,0,0,0,0,0,0,0,0,0,0,0,0,0,291.836,0,0,0
"MtrElec",4,20,24,"",211.539,0,0,0,0,0,0,0,0,0,0,0,0,0,0,0,0,0,0,0,0,211.539,0,0,0
"MtrElec",4,21,1,"",191.377,0,0,0,0,0,0,0,0,0,0,0,0,0,0,0,0,0,0,0,0,191.377,0,0,0
"MtrElec",4,21,2,"",148.611,0,0,0,0,0,0,0,0,0,0,0,0,0,0,0,0,0,0,0,0,148.611,0,0,0
"MtrElec",4,21,3,"",141.477,0,0,0,0,0,0,0,0,0,0,0,0,0,0,0,0,0,0,0,0,141.477,0,0,0
"MtrElec",4,21,4,"",143.567,0,0,0,0,0,0,0,0,0,0,0,0,0,0,0,0,0,0,0,0,143.567,0,0,0
"MtrElec",4,21,5,"",140.352,0,0,0,0,0,0,0,0,0,0,0,0,0,0,0,0,0,0,0,0,140.352,0,0,0
"MtrElec",4,21,6,"",210.271,0,0,0,0,0,0,0,0,0,0,0,0,0,0,0,0,0,0,0,0,210.271,0,0,0
"MtrElec",4,21,7,"",183.574,0,0,0,0,0,0,0,0,0,0,0,0,0,0,0,0,0,0,0,0,194.427,0,0,-10.8528
"MtrElec",4,21,8,"",186.746,0,0,0,0,0,0,0,0,0,0,0,0,0,0,0,0,0,0,0,0,299.632,0,0,-112.886
"MtrElec",4,21,9,"",61.8556,0,0,0,0,0,0,0,0,0,0,0,0,0,0,0,0,0,0,0,0,360.482,0,0,-298.627
"MtrElec",4,21,10,"",-63.7668,0,0,0,0,0,0,0,0,0,0,0,0,0,0,0,0,0,0,0,0,396.689,0,0,-460.455
"MtrElec",4,21,11,"",0.0000156,0,0,0,0,0,0,0,0,0,0,0,0,0,0,0,0,0,0,0,0,424.037,0,153.417,-577.453
"MtrElec",4,21,12,"",0,0,0,0,0,0,0,0,0,0,0,0,0,0,0,0,0,0,0,0,0,426.118,0,220.011,-646.129
"MtrElec",4,21,13,"",0,0,0,0,0,0,0,0,0,0,0,0,0,0,0,0,0,0,0,0,0,494.829,0,188.297,-683.126
"MtrElec",4,21,14,"",-114.186,0,0,0,0,0,0,0,0,0,0,0,0,0,0,0,0,0,0,0,0,360.496,0,223.217,-697.899
"MtrElec",4,21,15,"",-230.945,0,0,0,0,0,0,0,0,0,0,0,0,0,0,0,0,0,0,0,0,397.855,0,13.9397,-642.74
"MtrElec",4,21,16,"",-77.4137,0,0,0,0,0,0,0,0,0,0,0,0,0,0,0,0,0,0,0,0,367.617,0,0,-445.031
"MtrElec",4,21,17,"",154.889,0,0,0,0,0,0,0,0,0,0,0,0,0,0,0,0,0,0,0,0,418.328,0,0,-263.439
"MtrElec",4,21,18,"",256.519,0,0,0,0,0,0,0,0,0,0,0,0,0,0,0,0,0,0,0,0,440.678,0,0,-184.159
"MtrElec",4,21,19,"",128.477,0,0,0,0,0,0,0,0,0,0,0,0,0,0,0,0,0,0,0,0,404.792,0,-223.217,-53.0987
"MtrElec",4,21,20,"",206.614,0,0,0,0,0,0,0,0,0,0,0,0,0,0,0,0,0,0,0,0,429.831,0,-223.217,0
"MtrElec",4,21,21,"",130.605,0,0,0,0,0,0,0,0,0,0,0,0,0,0,0,0,0,0,0,0,353.822,0,-223.217,0
"MtrElec",4,21,22,"",256.893,0,0,0,0,0,0,0,0,0,0,0,0,0,0,0,0,0,0,0,0,308.233,0,-51.3398,0
"MtrElec",4,21,23,"",288.575,0,0,0,0,0,0,0,0,0,0,0,0,0,0,0,0,0,0,0,0,288.575,0,0,0
"MtrElec",4,21,24,"",197.93,0,0,0,0,0,0,0,0,0,0,0,0,0,0,0,0,0,0,0,0,197.93,0,0,0
"MtrElec",4,22,1,"",161.249,0,0,0,0,0,0,0,0,0,0,0,0,0,0,0,0,0,0,0,0,161.249,0,0,0
"MtrElec",4,22,2,"",163.45,0,0,0,0,0,0,0,0,0,0,0,0,0,0,0,0,0,0,0,0,163.45,0,0,0
"MtrElec",4,22,3,"",178.463,0,0,0,0,0,0,0,0,0,0,0,0,0,0,0,0,0,0,0,0,178.463,0,0,0
"MtrElec",4,22,4,"",155.196,0,0,0,0,0,0,0,0,0,0,0,0,0,0,0,0,0,0,0,0,155.196,0,0,0
"MtrElec",4,22,5,"",144.938,0,0,0,0,0,0,0,0,0,0,0,0,0,0,0,0,0,0,0,0,144.938,0,0,0
"MtrElec",4,22,6,"",147.649,0,0,0,0,0,0,0,0,0,0,0,0,0,0,0,0,0,0,0,0,147.649,0,0,0
"MtrElec",4,22,7,"",245.593,0,0,0,0,0,0,0,0,0,0,0,0,0,0,0,0,0,0,0,0,256.276,0,0,-10.6826
"MtrElec",4,22,8,"",196.788,0,0,0,0,0,0,0,0,0,0,0,0,0,0,0,0,0,0,0,0,308.67,0,0,-111.882
"MtrElec",4,22,9,"",40.3567,0,0,0,0,0,0,0,0,0,0,0,0,0,0,0,0,0,0,0,0,333.94,0,0,-293.584
"MtrElec",4,22,10,"",-42.1963,0,0,0,0,0,0,0,0,0,0,0,0,0,0,0,0,0,0,0,0,410.361,0,0,-452.557
"MtrElec",4,22,11,"",0,0,0,0,0,0,0,0,0,0,0,0,0,0,0,0,0,0,0,0,0,417.694,0,151.551,-569.245
"MtrElec",4,22,12,"",-39.0741,0,0,0,0,0,0,0,0,0,0,0,0,0,0,0,0,0,0,0,0,398.166,0,223.217,-660.457
"MtrElec",4,22,13,"",-48.2634,0,0,0,0,0,0,0,0,0,0,0,0,0,0,0,0,0,0,0,0,425.34,0,223.217,-696.821
"MtrElec",4,22,14,"",-87.0331,0,0,0,0,0,0,0,0,0,0,0,0,0,0,0,0,0,0,0,0,390.025,0,200.897,-677.955
"MtrElec",4,22,15,"",-254.853,0,0,0,0,0,0,0,0,0,0,0,0,0,0,0,0,0,0,0,0,384.453,0,0,-639.306
"MtrElec",4,22,16,"",-149.636,0,0,0,0,0,0,0,0,0,0,0,0,0,0,0,0,0,0,0,0,402.199,0,0,-551.835
"MtrElec",4,22,17,"",4.73028,0,0,0,0,0,0,0,0,0,0,0,0,0,0,0,0,0,0,0,0,416.36,0,0,-411.629
"MtrElec",4,22,18,"",211.711,0,0,0,0,0,0,0,0,0,0,0,0,0,0,0,0,0,0,0,0,443.547,0,0,-231.837
"MtrElec",4,22,19,"",172.132,0,0,0,0,0,0,0,0,0,0,0,0,0,0,0,0,0,0,0,0,449.58,0,-223.217,-54.2313
"MtrElec",4,22,20,"",177,0,0,0,0,0,0,0,0,0,0,0,0,0,0,0,0,0,0,0,0,400.217,0,-223.217,0
"MtrElec",4,22,21,"",209.767,0,0,0,0,0,0,0,0,0,0,0,0,0,0,0,0,0,0,0,0,432.983,0,-223.217,0
"MtrElec",4,22,22,"",215.124,0,0,0,0,0,0,0,0,0,0,0,0,0,0,0,0,0,0,0,0,266.464,0,-51.3398,0
"MtrElec",4,22,23,"",274.249,0,0,0,0,0,0,0,0,0,0,0,0,0,0,0,0,0,0,0,0,274.249,0,0,0
"MtrElec",4,22,24,"",188.037,0,0,0,0,0,0,0,0,0,0,0,0,0,0,0,0,0,0,0,0,188.037,0,0,0
"MtrElec",4,23,1,"",153.662,0,0,0,0,0,0,0,0,0,0,0,0,0,0,0,0,0,0,0,0,153.662,0,0,0
"MtrElec",4,23,2,"",148.191,0,0,0,0,0,0,0,0,0,0,0,0,0,0,0,0,0,0,0,0,148.191,0,0,0
"MtrElec",4,23,3,"",163.707,0,0,0,0,0,0,0,0,0,0,0,0,0,0,0,0,0,0,0,0,163.707,0,0,0
"MtrElec",4,23,4,"",170.379,0,0,0,0,0,0,0,0,0,0,0,0,0,0,0,0,0,0,0,0,170.379,0,0,0
"MtrElec",4,23,5,"",139.439,0,0,0,0,0,0,0,0,0,0,0,0,0,0,0,0,0,0,0,0,139.439,0,0,0
"MtrElec",4,23,6,"",152.863,0,0,0,0,0,0,0,0,0,0,0,0,0,0,0,0,0,0,0,0,152.863,0,0,0
"MtrElec",4,23,7,"",261.346,0,0,0,0,0,0,0,0,0,0,0,0,0,0,0,0,0,0,0,0,264.836,0,0,-3.48975
"MtrElec",4,23,8,"",256.422,0,0,0,0,0,0,0,0,0,0,0,0,0,0,0,0,0,0,0,0,295.095,0,0,-38.6721
"MtrElec",4,23,9,"",271.982,0,0,0,0,0,0,0,0,0,0,0,0,0,0,0,0,0,0,0,0,367.388,0,0,-95.406
"MtrElec",4,23,10,"",103.949,0,0,0,0,0,0,0,0,0,0,0,0,0,0,0,0,0,0,0,0,449.686,0,0,-345.737
"MtrElec",4,23,11,"",0,0,0,0,0,0,0,0,0,0,0,0,0,0,0,0,0,0,0,0,0,433.164,0,156.878,-590.042
"MtrElec",4,23,12,"",0,0,0,0,0,0,0,0,0,0,0,0,0,0,0,0,0,0,0,0,0,438.392,0,219.66,-658.051
"MtrElec",4,23,13,"",-39.12,0,0,0,0,0,0,0,0,0,0,0,0,0,0,0,0,0,0,0,0,437.314,0,223.217,-699.65
"MtrElec",4,23,14,"",-79.2651,0,0,0,0,0,0,0,0,0,0,0,0,0,0,0,0,0,0,0,0,411.562,0,199.127,-689.954
"MtrElec",4,23,15,"",-285.123,0,0,0,0,0,0,0,0,0,0,0,0,0,0,0,0,0,0,0,0,362.557,0,0,-647.68
"MtrElec",4,23,16,"",-133.375,0,0,0,0,0,0,0,0,0,0,0,0,0,0,0,0,0,0,0,0,414.613,0,0,-547.988
"MtrElec",4,23,17,"",-9.685,0,0,0,0,0,0,0,0,0,0,0,0,0,0,0,0,0,0,0,0,388.363,0,0,-398.048
"MtrElec",4,23,18,"",213.832,0,0,0,0,0,0,0,0,0,0,0,0,0,0,0,0,0,0,0,0,433.291,0,0,-219.458
"MtrElec",4,23,19,"",108.233,0,0,0,0,0,0,0,0,0,0,0,0,0,0,0,0,0,0,0,0,387.254,0,-223.217,-55.8042
"MtrElec",4,23,20,"",201.229,0,0,0,0,0,0,0,0,0,0,0,0,0,0,0,0,0,0,0,0,424.446,0,-223.217,0
"MtrElec",4,23,21,"",165.484,0,0,0,0,0,0,0,0,0,0,0,0,0,0,0,0,0,0,0,0,388.701,0,-223.217,0
"MtrElec",4,23,22,"",268.667,0,0,0,0,0,0,0,0,0,0,0,0,0,0,0,0,0,0,0,0,320.007,0,-51.3398,0
"MtrElec",4,23,23,"",270.082,0,0,0,0,0,0,0,0,0,0,0,0,0,0,0,0,0,0,0,0,270.082,0,0,0
"MtrElec",4,23,24,"",229.832,0,0,0,0,0,0,0,0,0,0,0,0,0,0,0,0,0,0,0,0,229.832,0,0,0
"MtrElec",4,24,1,"",172.076,0,0,0,0,0,0,0,0,0,0,0,0,0,0,0,0,0,0,0,0,172.076,0,0,0
"MtrElec",4,24,2,"",148.416,0,0,0,0,0,0,0,0,0,0,0,0,0,0,0,0,0,0,0,0,148.416,0,0,0
"MtrElec",4,24,3,"",145.43,0,0,0,0,0,0,0,0,0,0,0,0,0,0,0,0,0,0,0,0,145.43,0,0,0
"MtrElec",4,24,4,"",145.053,0,0,0,0,0,0,0,0,0,0,0,0,0,0,0,0,0,0,0,0,145.053,0,0,0
"MtrElec",4,24,5,"",143.618,0,0,0,0,0,0,0,0,0,0,0,0,0,0,0,0,0,0,0,0,143.618,0,0,0
"MtrElec",4,24,6,"",189.959,0,0,0,0,0,0,0,0,0,0,0,0,0,0,0,0,0,0,0,0,189.959,0,0,0
"MtrElec",4,24,7,"",223.323,0,0,0,0,0,0,0,0,0,0,0,0,0,0,0,0,0,0,0,0,234.732,0,0,-11.4095
"MtrElec",4,24,8,"",233.213,0,0,0,0,0,0,0,0,0,0,0,0,0,0,0,0,0,0,0,0,314.475,0,0,-81.2624
"MtrElec",4,24,9,"",175.665,0,0,0,0,0,0,0,0,0,0,0,0,0,0,0,0,0,0,0,0,364.229,0,0,-188.564
"MtrElec",4,24,10,"",0.733906,0,0,0,0,0,0,0,0,0,0,0,0,0,0,0,0,0,0,0,0,422.099,0,0,-421.365
"MtrElec",4,24,11,"",0,0,0,0,0,0,0,0,0,0,0,0,0,0,0,0,0,0,0,0,0,426.691,0,141.779,-568.47
"MtrElec",4,24,12,"",0.0000156,0,0,0,0,0,0,0,0,0,0,0,0,0,0,0,0,0,0,0,0,415.496,0,219.847,-635.343
"MtrElec",4,24,13,"",-58.8203,0,0,0,0,0,0,0,0,0,0,0,0,0,0,0,0,0,0,0,0,406.168,0,223.217,-688.205
"MtrElec",4,24,14,"",-95.2339,0,0,0,0,0,0,0,0,0,0,0,0,0,0,0,0,0,0,0,0,389.424,0,214.039,-698.697
"MtrElec",4,24,15,"",-297.365,0,0,0,0,0,0,0,0,0,0,0,0,0,0,0,0,0,0,0,0,373.578,0,0,-670.943
"MtrElec",4,24,16,"",-177.956,0,0,0,0,0,0,0,0,0,0,0,0,0,0,0,0,0,0,0,0,389.25,0,0,-567.206
"MtrElec",4,24,17,"",-14.5667,0,0,0,0,0,0,0,0,0,0,0,0,0,0,0,0,0,0,0,0,402.356,0,0,-416.923
"MtrElec",4,24,18,"",215.096,0,0,0,0,0,0,0,0,0,0,0,0,0,0,0,0,0,0,0,0,436.648,0,0,-221.552
"MtrElec",4,24,19,"",139.87,0,0,0,0,0,0,0,0,0,0,0,0,0,0,0,0,0,0,0,0,418.4,0,-223.217,-55.3134
"MtrElec",4,24,20,"",141.23,0,0,0,0,0,0,0,0,0,0,0,0,0,0,0,0,0,0,0,0,364.447,0,-223.217,0
"MtrElec",4,24,21,"",197.688,0,0,0,0,0,0,0,0,0,0,0,0,0,0,0,0,0,0,0,0,420.905,0,-223.217,0
"MtrElec",4,24,22,"",234.609,0,0,0,0,0,0,0,0,0,0,0,0,0,0,0,0,0,0,0,0,285.949,0,-51.3398,0
"MtrElec",4,24,23,"",195.755,0,0,0,0,0,0,0,0,0,0,0,0,0,0,0,0,0,0,0,0,195.755,0,0,0
"MtrElec",4,24,24,"",231.859,0,0,0,0,0,0,0,0,0,0,0,0,0,0,0,0,0,0,0,0,231.859,0,0,0
"MtrElec",4,25,1,"",180.244,0,0,0,0,0,0,0,0,0,0,0,0,0,0,0,0,0,0,0,0,180.244,0,0,0
"MtrElec",4,25,2,"",148.178,0,0,0,0,0,0,0,0,0,0,0,0,0,0,0,0,0,0,0,0,148.178,0,0,0
"MtrElec",4,25,3,"",148.541,0,0,0,0,0,0,0,0,0,0,0,0,0,0,0,0,0,0,0,0,148.541,0,0,0
"MtrElec",4,25,4,"",146.73,0,0,0,0,0,0,0,0,0,0,0,0,0,0,0,0,0,0,0,0,146.73,0,0,0
"MtrElec",4,25,5,"",150.311,0,0,0,0,0,0,0,0,0,0,0,0,0,0,0,0,0,0,0,0,150.311,0,0,0
"MtrElec",4,25,6,"",146.935,0,0,0,0,0,0,0,0,0,0,0,0,0,0,0,0,0,0,0,0,146.935,0,0,0
"MtrElec",4,25,7,"",196.961,0,0,0,0,0,0,0,0,0,0,0,0,0,0,0,0,0,0,0,0,209.846,0,0,-12.8849
"MtrElec",4,25,8,"",96.3638,0,0,0,0,0,0,0,0,0,0,0,0,0,0,0,0,0,0,0,0,215.491,0,0,-119.127
"MtrElec",4,25,9,"",-17.2486,0,0,0,0,0,0,0,0,0,0,0,0,0,0,0,0,0,0,0,0,286.769,0,0,-304.017
"MtrElec",4,25,10,"",-90.9274,0,0,0,0,0,0,0,0,0,0,0,0,0,0,0,0,0,0,0,0,369.538,0,0,-460.466
"MtrElec",4,25,11,"",0,0,0,0,0,0,0,0,0,0,0,0,0,0,0,0,0,0,0,0,0,489.837,0,104.319,-594.156
"MtrElec",4,25,12,"",-18.3981,0,0,0,0,0,0,0,0,0,0,0,0,0,0,0,0,0,0,0,0,429.056,0,223.217,-670.671
"MtrElec",4,25,13,"",-35.5032,0,0,0,0,0,0,0,0,0,0,0,0,0,0,0,0,0,0,0,0,446.642,0,223.217,-705.362
"MtrElec",4,25,14,"",-64.2205,0,0,0,0,0,0,0,0,0,0,0,0,0,0,0,0,0,0,0,0,407.798,0,223.217,-695.236
"MtrElec",4,25,15,"",-234.881,0,0,0,0,0,0,0,0,0,0,0,0,0,0,0,0,0,0,0,0,381.832,0,24.9117,-641.624
"MtrElec",4,25,16,"",-144.922,0,0,0,0,0,0,0,0,0,0,0,0,0,0,0,0,0,0,0,0,405.093,0,0,-550.015
"MtrElec",4,25,17,"",-4.06334,0,0,0,0,0,0,0,0,0,0,0,0,0,0,0,0,0,0,0,0,404.369,0,0,-408.433
"MtrElec",4,25,18,"",187.164,0,0,0,0,0,0,0,0,0,0,0,0,0,0,0,0,0,0,0,0,416.882,0,0,-229.718
"MtrElec",4,25,19,"",177.19,0,0,0,0,0,0,0,0,0,0,0,0,0,0,0,0,0,0,0,0,459.199,0,-223.217,-58.792
"MtrElec",4,25,20,"",173.461,0,0,0,0,0,0,0,0,0,0,0,0,0,0,0,0,0,0,0,0,396.678,0,-223.217,0
"MtrElec",4,25,21,"",137.999,0,0,0,0,0,0,0,0,0,0,0,0,0,0,0,0,0,0,0,0,361.216,0,-223.217,0
"MtrElec",4,25,22,"",332.785,0,0,0,0,0,0,0,0,0,0,0,0,0,0,0,0,0,0,0,0,384.125,0,-51.3398,0
"MtrElec",4,25,23,"",204.819,0,0,0,0,0,0,0,0,0,0,0,0,0,0,0,0,0,0,0,0,204.819,0,0,0
"MtrElec",4,25,24,"",238.207,0,0,0,0,0,0,0,0,0,0,0,0,0,0,0,0,0,0,0,0,238.207,0,0,0
"MtrElec",4,26,1,"",154.034,0,0,0,0,0,0,0,0,0,0,0,0,0,0,0,0,0,0,0,0,154.034,0,0,0
"MtrElec",4,26,2,"",146.923,0,0,0,0,0,0,0,0,0,0,0,0,0,0,0,0,0,0,0,0,146.923,0,0,0
"MtrElec",4,26,3,"",147.185,0,0,0,0,0,0,0,0,0,0,0,0,0,0,0,0,0,0,0,0,147.185,0,0,0
"MtrElec",4,26,4,"",190.772,0,0,0,0,0,0,0,0,0,0,0,0,0,0,0,0,0,0,0,0,190.772,0,0,0
"MtrElec",4,26,5,"",157.988,0,0,0,0,0,0,0,0,0,0,0,0,0,0,0,0,0,0,0,0,157.988,0,0,0
"MtrElec",4,26,6,"",147.579,0,0,0,0,0,0,0,0,0,0,0,0,0,0,0,0,0,0,0,0,147.579,0,0,0
"MtrElec",4,26,7,"",140.143,0,0,0,0,0,0,0,0,0,0,0,0,0,0,0,0,0,0,0,0,153.454,0,0,-13.3115
"MtrElec",4,26,8,"",166.117,0,0,0,0,0,0,0,0,0,0,0,0,0,0,0,0,0,0,0,0,256.46,0,0,-90.3431
"MtrElec",4,26,9,"",50.7284,0,0,0,0,0,0,0,0,0,0,0,0,0,0,0,0,0,0,0,0,252.066,0,0,-201.337
"MtrElec",4,26,10,"",-133.154,0,0,0,0,0,0,0,0,0,0,0,0,0,0,0,0,0,0,0,0,308.66,0,0,-441.814
"MtrElec",4,26,11,"",0,0,0,0,0,0,0,0,0,0,0,0,0,0,0,0,0,0,0,0,0,412.067,0,166.795,-578.862
"MtrElec",4,26,12,"",-38.4173,0,0,0,0,0,0,0,0,0,0,0,0,0,0,0,0,0,0,0,0,390.564,0,223.217,-652.198
"MtrElec",4,26,13,"",-101.406,0,0,0,0,0,0,0,0,0,0,0,0,0,0,0,0,0,0,0,0,383.105,0,223.217,-707.727
"MtrElec",4,26,14,"",-174.55,0,0,0,0,0,0,0,0,0,0,0,0,0,0,0,0,0,0,0,0,351.949,0,185.652,-712.151
"MtrElec",4,26,15,"",-288.468,0,0,0,0,0,0,0,0,0,0,0,0,0,0,0,0,0,0,0,0,364.635,0,0,-653.103
"MtrElec",4,26,16,"",-178.681,0,0,0,0,0,0,0,0,0,0,0,0,0,0,0,0,0,0,0,0,364.553,0,0,-543.234
"MtrElec",4,26,17,"",-55.0317,0,0,0,0,0,0,0,0,0,0,0,0,0,0,0,0,0,0,0,0,351.952,0,0,-406.984
"MtrElec",4,26,18,"",98.8337,0,0,0,0,0,0,0,0,0,0,0,0,0,0,0,0,0,0,0,0,330.358,0,0,-231.525
"MtrElec",4,26,19,"",106.076,0,0,0,0,0,0,0,0,0,0,0,0,0,0,0,0,0,0,0,0,388.223,0,-223.217,-58.9303
"MtrElec",4,26,20,"",108.453,0,0,0,0,0,0,0,0,0,0,0,0,0,0,0,0,0,0,0,0,332.185,0,-223.217,-0.516003
"MtrElec",4,26,21,"",102.362,0,0,0,0,0,0,0,0,0,0,0,0,0,0,0,0,0,0,0,0,325.579,0,-223.217,0
"MtrElec",4,26,22,"",282.221,0,0,0,0,0,0,0,0,0,0,0,0,0,0,0,0,0,0,0,0,333.561,0,-51.3398,0
"MtrElec",4,26,23,"",194.051,0,0,0,0,0,0,0,0,0,0,0,0,0,0,0,0,0,0,0,0,194.051,0,0,0
"MtrElec",4,26,24,"",196.571,0,0,0,0,0,0,0,0,0,0,0,0,0,0,0,0,0,0,0,0,196.571,0,0,0
"MtrElec",4,27,1,"",192.189,0,0,0,0,0,0,0,0,0,0,0,0,0,0,0,0,0,0,0,0,192.189,0,0,0
"MtrElec",4,27,2,"",151.178,0,0,0,0,0,0,0,0,0,0,0,0,0,0,0,0,0,0,0,0,151.178,0,0,0
"MtrElec",4,27,3,"",144.596,0,0,0,0,0,0,0,0,0,0,0,0,0,0,0,0,0,0,0,0,144.596,0,0,0
"MtrElec",4,27,4,"",154.304,0,0,0,0,0,0,0,0,0,0,0,0,0,0,0,0,0,0,0,0,154.304,0,0,0
"MtrElec",4,27,5,"",147.847,0,0,0,0,0,0,0,0,0,0,0,0,0,0,0,0,0,0,0,0,147.847,0,0,0
"MtrElec",4,27,6,"",164.379,0,0,0,0,0,0,0,0,0,0,0,0,0,0,0,0,0,0,0,0,164.379,0,0,0
"MtrElec",4,27,7,"",254.523,0,0,0,0,0,0,0,0,0,0,0,0,0,0,0,0,0,0,0,0,255.759,0,0,-1.23586
"MtrElec",4,27,8,"",261.188,0,0,0,0,0,0,0,0,0,0,0,0,0,0,0,0,0,0,0,0,288.55,0,0,-27.3623
"MtrElec",4,27,9,"",275.353,0,0,0,0,0,0,0,0,0,0,0,0,0,0,0,0,0,0,0,0,343.063,0,0,-67.71
"MtrElec",4,27,10,"",136.367,0,0,0,0,0,0,0,0,0,0,0,0,0,0,0,0,0,0,0,0,374.005,0,0,-237.637
"MtrElec",4,27,11,"",0.0000156,0,0,0,0,0,0,0,0,0,0,0,0,0,0,0,0,0,0,0,0,399.449,0,166.774,-566.223
"MtrElec",4,27,12,"",-77.2104,0,0,0,0,0,0,0,0,0,0,0,0,0,0,0,0,0,0,0,0,368.242,0,223.217,-668.669
"MtrElec",4,27,13,"",-113.263,0,0,0,0,0,0,0,0,0,0,0,0,0,0,0,0,0,0,0,0,381.603,0,223.217,-718.084
"MtrElec",4,27,14,"",-184.532,0,0,0,0,0,0,0,0,0,0,0,0,0,0,0,0,0,0,0,0,347.305,0,185.674,-717.511
"MtrElec",4,27,15,"",-308.131,0,0,0,0,0,0,0,0,0,0,0,0,0,0,0,0,0,0,0,0,350.185,0,0,-658.315
"MtrElec",4,27,16,"",-164.765,0,0,0,0,0,0,0,0,0,0,0,0,0,0,0,0,0,0,0,0,394.14,0,0,-558.905
"MtrElec",4,27,17,"",-1.40963,0,0,0,0,0,0,0,0,0,0,0,0,0,0,0,0,0,0,0,0,408.805,0,0,-410.215
"MtrElec",4,27,18,"",176.714,0,0,0,0,0,0,0,0,0,0,0,0,0,0,0,0,0,0,0,0,407.914,0,0,-231.201
"MtrElec",4,27,19,"",131.839,0,0,0,0,0,0,0,0,0,0,0,0,0,0,0,0,0,0,0,0,417.683,0,-223.217,-62.6275
"MtrElec",4,27,20,"",197.71,0,0,0,0,0,0,0,0,0,0,0,0,0,0,0,0,0,0,0,0,422.003,0,-223.217,-1.07616
"MtrElec",4,27,21,"",202.434,0,0,0,0,0,0,0,0,0,0,0,0,0,0,0,0,0,0,0,0,425.651,0,-223.217,0
"MtrElec",4,27,22,"",184.409,0,0,0,0,0,0,0,0,0,0,0,0,0,0,0,0,0,0,0,0,235.749,0,-51.3398,0
"MtrElec",4,27,23,"",261.523,0,0,0,0,0,0,0,0,0,0,0,0,0,0,0,0,0,0,0,0,261.523,0,0,0
"MtrElec",4,27,24,"",180.495,0,0,0,0,0,0,0,0,0,0,0,0,0,0,0,0,0,0,0,0,180.495,0,0,0
"MtrElec",4,28,1,"",167.51,0,0,0,0,0,0,0,0,0,0,0,0,0,0,0,0,0,0,0,0,167.51,0,0,0
"MtrElec",4,28,2,"",192.409,0,0,0,0,0,0,0,0,0,0,0,0,0,0,0,0,0,0,0,0,192.409,0,0,0
"MtrElec",4,28,3,"",147.429,0,0,0,0,0,0,0,0,0,0,0,0,0,0,0,0,0,0,0,0,147.429,0,0,0
"MtrElec",4,28,4,"",153.856,0,0,0,0,0,0,0,0,0,0,0,0,0,0,0,0,0,0,0,0,153.856,0,0,0
"MtrElec",4,28,5,"",146.71,0,0,0,0,0,0,0,0,0,0,0,0,0,0,0,0,0,0,0,0,146.71,0,0,0
"MtrElec",4,28,6,"",179.047,0,0,0,0,0,0,0,0,0,0,0,0,0,0,0,0,0,0,0,0,179.047,0,0,0
"MtrElec",4,28,7,"",208.569,0,0,0,0,0,0,0,0,0,0,0,0,0,0,0,0,0,0,0,0,225.077,0,0,-16.508
"MtrElec",4,28,8,"",190.787,0,0,0,0,0,0,0,0,0,0,0,0,0,0,0,0,0,0,0,0,314.916,0,0,-124.129
"MtrElec",4,28,9,"",53.7493,0,0,0,0,0,0,0,0,0,0,0,0,0,0,0,0,0,0,0,0,363.038,0,0,-309.289
"MtrElec",4,28,10,"",-41.6738,0,0,0,0,0,0,0,0,0,0,0,0,0,0,0,0,0,0,0,0,435.304,0,0,-476.978
"MtrElec",4,28,11,"",0,0,0,0,0,0,0,0,0,0,0,0,0,0,0,0,0,0,0,0,0,414.647,0,186.381,-601.028
"MtrElec",4,28,12,"",0.0000156,0,0,0,0,0,0,0,0,0,0,0,0,0,0,0,0,0,0,0,0,438.675,0,222.775,-661.45
"MtrElec",4,28,13,"",-99.6222,0,0,0,0,0,0,0,0,0,0,0,0,0,0,0,0,0,0,0,0,384.009,0,223.217,-706.848
"MtrElec",4,28,14,"",-172.89,0,0,0,0,0,0,0,0,0,0,0,0,0,0,0,0,0,0,0,0,375.301,0,166.508,-714.7
"MtrElec",4,28,15,"",-313.215,0,0,0,0,0,0,0,0,0,0,0,0,0,0,0,0,0,0,0,0,354.054,0,0,-667.269
"MtrElec",4,28,16,"",-188.507,0,0,0,0,0,0,0,0,0,0,0,0,0,0,0,0,0,0,0,0,378.608,0,0,-567.115
"MtrElec",4,28,17,"",-51.3862,0,0,0,0,0,0,0,0,0,0,0,0,0,0,0,0,0,0,0,0,368.866,0,0,-420.252
"MtrElec",4,28,18,"",189.919,0,0,0,0,0,0,0,0,0,0,0,0,0,0,0,0,0,0,0,0,426.06,0,0,-236.142
"MtrElec",4,28,19,"",116.402,0,0,0,0,0,0,0,0,0,0,0,0,0,0,0,0,0,0,0,0,401.148,0,-223.217,-61.5291
"MtrElec",4,28,20,"",150.936,0,0,0,0,0,0,0,0,0,0,0,0,0,0,0,0,0,0,0,0,375.834,0,-223.217,-1.68087
"MtrElec",4,28,21,"",155.401,0,0,0,0,0,0,0,0,0,0,0,0,0,0,0,0,0,0,0,0,378.618,0,-223.217,0
"MtrElec",4,28,22,"",215.639,0,0,0,0,0,0,0,0,0,0,0,0,0,0,0,0,0,0,0,0,266.978,0,-51.3398,0
"MtrElec",4,28,23,"",294.581,0,0,0,0,0,0,0,0,0,0,0,0,0,0,0,0,0,0,0,0,294.581,0,0,0
"MtrElec",4,28,24,"",235.552,0,0,0,0,0,0,0,0,0,0,0,0,0,0,0,0,0,0,0,0,235.552,0,0,0
"MtrElec",4,29,1,"",185.415,0,0,0,0,0,0,0,0,0,0,0,0,0,0,0,0,0,0,0,0,185.415,0,0,0
"MtrElec",4,29,2,"",148.044,0,0,0,0,0,0,0,0,0,0,0,0,0,0,0,0,0,0,0,0,148.044,0,0,0
"MtrElec",4,29,3,"",145.437,0,0,0,0,0,0,0,0,0,0,0,0,0,0,0,0,0,0,0,0,145.437,0,0,0
"MtrElec",4,29,4,"",151.04,0,0,0,0,0,0,0,0,0,0,0,0,0,0,0,0,0,0,0,0,151.04,0,0,0
"MtrElec",4,29,5,"",142.098,0,0,0,0,0,0,0,0,0,0,0,0,0,0,0,0,0,0,0,0,142.098,0,0,0
"MtrElec",4,29,6,"",156.581,0,0,0,0,0,0,0,0,0,0,0,0,0,0,0,0,0,0,0,0,156.581,0,0,0
"MtrElec",4,29,7,"",242.949,0,0,0,0,0,0,0,0,0,0,0,0,0,0,0,0,0,0,0,0,257.665,0,0,-14.7157
"MtrElec",4,29,8,"",224.526,0,0,0,0,0,0,0,0,0,0,0,0,0,0,0,0,0,0,0,0,314.562,0,0,-90.036
"MtrElec",4,29,9,"",189.537,0,0,0,0,0,0,0,0,0,0,0,0,0,0,0,0,0,0,0,0,381.914,0,0,-192.377
"MtrElec",4,29,10,"",80.5529,0,0,0,0,0,0,0,0,0,0,0,0,0,0,0,0,0,0,0,0,428.097,0,0,-347.544
"MtrElec",4,29,11,"",0.0000039,0,0,0,0,0,0,0,0,0,0,0,0,0,0,0,0,0,0,0,0,424.225,0,60.45,-484.675
"MtrElec",4,29,12,"",0,0,0,0,0,0,0,0,0,0,0,0,0,0,0,0,0,0,0,0,0,419.372,0,180.318,-599.69
"MtrElec",4,29,13,"",-96.2952,0,0,0,0,0,0,0,0,0,0,0,0,0,0,0,0,0,0,0,0,383.678,0,223.217,-703.19
"MtrElec",4,29,14,"",-117.921,0,0,0,0,0,0,0,0,0,0,0,0,0,0,0,0,0,0,0,0,368.112,0,223.217,-709.25
"MtrElec",4,29,15,"",-186.088,0,0,0,0,0,0,0,0,0,0,0,0,0,0,0,0,0,0,0,0,362.202,0,111.68,-659.97
"MtrElec",4,29,16,"",-158.881,0,0,0,0,0,0,0,0,0,0,0,0,0,0,0,0,0,0,0,0,402.527,0,0,-561.408
"MtrElec",4,29,17,"",9.89584,0,0,0,0,0,0,0,0,0,0,0,0,0,0,0,0,0,0,0,0,421.874,0,0,-411.978
"MtrElec",4,29,18,"",150.425,0,0,0,0,0,0,0,0,0,0,0,0,0,0,0,0,0,0,0,0,381.099,0,0,-230.673
"MtrElec",4,29,19,"",103.503,0,0,0,0,0,0,0,0,0,0,0,0,0,0,0,0,0,0,0,0,388.36,0,-223.217,-61.6401
"MtrElec",4,29,20,"",156.665,0,0,0,0,0,0,0,0,0,0,0,0,0,0,0,0,0,0,0,0,382.184,0,-223.217,-2.30147
"MtrElec",4,29,21,"",178.743,0,0,0,0,0,0,0,0,0,0,0,0,0,0,0,0,0,0,0,0,401.96,0,-223.217,0
"MtrElec",4,29,22,"",248.532,0,0,0,0,0,0,0,0,0,0,0,0,0,0,0,0,0,0,0,0,299.872,0,-51.3398,0
"MtrElec",4,29,23,"",262.971,0,0,0,0,0,0,0,0,0,0,0,0,0,0,0,0,0,0,0,0,262.971,0,0,0
"MtrElec",4,29,24,"",228.895,0,0,0,0,0,0,0,0,0,0,0,0,0,0,0,0,0,0,0,0,228.895,0,0,0
"MtrElec",4,30,1,"",146.909,0,0,0,0,0,0,0,0,0,0,0,0,0,0,0,0,0,0,0,0,146.909,0,0,0
"MtrElec",4,30,2,"",148.847,0,0,0,0,0,0,0,0,0,0,0,0,0,0,0,0,0,0,0,0,148.847,0,0,0
"MtrElec",4,30,3,"",144.494,0,0,0,0,0,0,0,0,0,0,0,0,0,0,0,0,0,0,0,0,144.494,0,0,0
"MtrElec",4,30,4,"",148.202,0,0,0,0,0,0,0,0,0,0,0,0,0,0,0,0,0,0,0,0,148.202,0,0,0
"MtrElec",4,30,5,"",143.63,0,0,0,0,0,0,0,0,0,0,0,0,0,0,0,0,0,0,0,0,143.63,0,0,0
"MtrElec",4,30,6,"",148.915,0,0,0,0,0,0,0,0,0,0,0,0,0,0,0,0,0,0,0,0,148.915,0,0,0
"MtrElec",4,30,7,"",228.903,0,0,0,0,0,0,0,0,0,0,0,0,0,0,0,0,0,0,0,0,241.676,0,0,-12.7731
"MtrElec",4,30,8,"",213.896,0,0,0,0,0,0,0,0,0,0,0,0,0,0,0,0,0,0,0,0,288.975,0,0,-75.0784
"MtrElec",4,30,9,"",213.505,0,0,0,0,0,0,0,0,0,0,0,0,0,0,0,0,0,0,0,0,362.267,0,0,-148.762
"MtrElec",4,30,10,"",205.55,0,0,0,0,0,0,0,0,0,0,0,0,0,0,0,0,0,0,0,0,418.315,0,0,-212.765
"MtrElec",4,30,11,"",160.818,0,0,0,0,0,0,0,0,0,0,0,0,0,0,0,0,0,0,0,0,413.415,0,0,-252.596
"MtrElec",4,30,12,"",0,0,0,0,0,0,0,0,0,0,0,0,0,0,0,0,0,0,0,0,0,376.809,0,65.7854,-442.595
"MtrElec",4,30,13,"",83.971,0,0,0,0,0,0,0,0,0,0,0,0,0,0,0,0,0,0,0,0,518.519,0,0,-434.548
"MtrElec",4,30,14,"",0,0,0,0,0,0,0,0,0,0,0,0,0,0,0,0,0,0,0,0,0,352.109,0,44.2158,-396.325
"MtrElec",4,30,15,"",10.3648,0,0,0,0,0,0,0,0,0,0,0,0,0,0,0,0,0,0,0,0,398.569,0,0,-388.204
"MtrElec",4,30,16,"",59.7254,0,0,0,0,0,0,0,0,0,0,0,0,0,0,0,0,0,0,0,0,335.879,0,0,-276.154
"MtrElec",4,30,17,"",138.886,0,0,0,0,0,0,0,0,0,0,0,0,0,0,0,0,0,0,0,0,372.012,0,0,-233.126
"MtrElec",4,30,18,"",246.323,0,0,0,0,0,0,0,0,0,0,0,0,0,0,0,0,0,0,0,0,413.916,0,0,-167.594
"MtrElec",4,30,19,"",226.394,0,0,0,0,0,0,0,0,0,0,0,0,0,0,0,0,0,0,0,0,386.752,0,-99.2761,-61.082
"MtrElec",4,30,20,"",392.148,0,0,0,0,0,0,0,0,0,0,0,0,0,0,0,0,0,0,0,0,396.825,0,0,-4.67751
"MtrElec",4,30,21,"",407.781,0,0,0,0,0,0,0,0,0,0,0,0,0,0,0,0,0,0,0,0,407.781,0,0,0
"MtrElec",4,30,22,"",288.461,0,0,0,0,0,0,0,0,0,0,0,0,0,0,0,0,0,0,0,0,288.461,0,0,0
"MtrElec",4,30,23,"",259.209,0,0,0,0,0,0,0,0,0,0,0,0,0,0,0,0,0,0,0,0,259.209,0,0,0
"MtrElec",4,30,24,"",210.842,0,0,0,0,0,0,0,0,0,0,0,0,0,0,0,0,0,0,0,0,210.842,0,0,0
"MtrElec",5,1,1,"",170.421,0,0,0,0,0,0,0,0,0,0,0,0,0,0,0,0,0,0,0,0,170.421,0,0,0
"MtrElec",5,1,2,"",187.944,0,0,0,0,0,0,0,0,0,0,0,0,0,0,0,0,0,0,0,0,187.944,0,0,0
"MtrElec",5,1,3,"",144.629,0,0,0,0,0,0,0,0,0,0,0,0,0,0,0,0,0,0,0,0,144.629,0,0,0
"MtrElec",5,1,4,"",142.68,0,0,0,0,0,0,0,0,0,0,0,0,0,0,0,0,0,0,0,0,142.68,0,0,0
"MtrElec",5,1,5,"",139.656,0,0,0,0,0,0,0,0,0,0,0,0,0,0,0,0,0,0,0,0,139.656,0,0,0
"MtrElec",5,1,6,"",141.46,0,0,0,0,0,0,0,0,0,0,0,0,0,0,0,0,0,0,0,0,141.46,0,0,0
"MtrElec",5,1,7,"",213.295,0,0,0,0,0,0,0,0,0,0,0,0,0,0,0,0,0,0,0,0,227.818,0,0,-14.5232
"MtrElec",5,1,8,"",166.348,0,0,0,0,0,0,0,0,0,0,0,0,0,0,0,0,0,0,0,0,289.691,0,0,-123.343
"MtrElec",5,1,9,"",69.8177,0,0,0,0,0,0,0,0,0,0,0,0,0,0,0,0,0,0,0,0,373.824,0,0,-304.006
"MtrElec",5,1,10,"",26.7263,0,0,0,0,0,0,0,0,0,0,0,0,0,0,0,0,0,0,0,0,485.425,0,0,-458.698
"MtrElec",5,1,11,"",0.0000078,0,0,0,0,0,0,0,0,0,0,0,0,0,0,0,0,0,0,0,0,471.295,0,109.927,-581.222
"MtrElec",5,1,12,"",0,0,0,0,0,0,0,0,0,0,0,0,0,0,0,0,0,0,0,0,0,476.502,0,178.482,-654.984
"MtrElec",5,1,13,"",-24.361,0,0,0,0,0,0,0,0,0,0,0,0,0,0,0,0,0,0,0,0,443.097,0,223.217,-690.675
"MtrElec",5,1,14,"",-104.864,0,0,0,0,0,0,0,0,0,0,0,0,0,0,0,0,0,0,0,0,362.864,0,223.217,-690.945
"MtrElec",5,1,15,"",-168.385,0,0,0,0,0,0,0,0,0,0,0,0,0,0,0,0,0,0,0,0,411.207,0,64.0377,-643.63
"MtrElec",5,1,16,"",-168.436,0,0,0,0,0,0,0,0,0,0,0,0,0,0,0,0,0,0,0,0,376.328,0,0,-544.764
"MtrElec",5,1,17,"",22.9454,0,0,0,0,0,0,0,0,0,0,0,0,0,0,0,0,0,0,0,0,423.337,0,0,-400.392
"MtrElec",5,1,18,"",227.081,0,0,0,0,0,0,0,0,0,0,0,0,0,0,0,0,0,0,0,0,452.74,0,0,-225.659
"MtrElec",5,1,19,"",142.682,0,0,0,0,0,0,0,0,0,0,0,0,0,0,0,0,0,0,0,0,425.477,0,-223.217,-59.5782
"MtrElec",5,1,20,"",189.033,0,0,0,0,0,0,0,0,0,0,0,0,0,0,0,0,0,0,0,0,412.569,0,-223.217,-0.318384
"MtrElec",5,1,21,"",257.482,0,0,0,0,0,0,0,0,0,0,0,0,0,0,0,0,0,0,0,0,480.699,0,-223.217,0
"MtrElec",5,1,22,"",188.094,0,0,0,0,0,0,0,0,0,0,0,0,0,0,0,0,0,0,0,0,239.434,0,-51.3398,0
"MtrElec",5,1,23,"",270.608,0,0,0,0,0,0,0,0,0,0,0,0,0,0,0,0,0,0,0,0,270.608,0,0,0
"MtrElec",5,1,24,"",207.615,0,0,0,0,0,0,0,0,0,0,0,0,0,0,0,0,0,0,0,0,207.615,0,0,0
"MtrElec",5,2,1,"",166.748,0,0,0,0,0,0,0,0,0,0,0,0,0,0,0,0,0,0,0,0,166.748,0,0,0
"MtrElec",5,2,2,"",167.367,0,0,0,0,0,0,0,0,0,0,0,0,0,0,0,0,0,0,0,0,167.367,0,0,0
"MtrElec",5,2,3,"",158.787,0,0,0,0,0,0,0,0,0,0,0,0,0,0,0,0,0,0,0,0,158.787,0,0,0
"MtrElec",5,2,4,"",144.932,0,0,0,0,0,0,0,0,0,0,0,0,0,0,0,0,0,0,0,0,144.932,0,0,0
"MtrElec",5,2,5,"",169.583,0,0,0,0,0,0,0,0,0,0,0,0,0,0,0,0,0,0,0,0,169.583,0,0,0
"MtrElec",5,2,6,"",143.631,0,0,0,0,0,0,0,0,0,0,0,0,0,0,0,0,0,0,0,0,143.631,0,0,0
"MtrElec",5,2,7,"",189.314,0,0,0,0,0,0,0,0,0,0,0,0,0,0,0,0,0,0,0,0,203.588,0,0,-14.2743
"MtrElec",5,2,8,"",112.493,0,0,0,0,0,0,0,0,0,0,0,0,0,0,0,0,0,0,0,0,234.497,0,0,-122.004
"MtrElec",5,2,9,"",4.10547,0,0,0,0,0,0,0,0,0,0,0,0,0,0,0,0,0,0,0,0,304.109,0,0,-300.003
"MtrElec",5,2,10,"",-80.1032,0,0,0,0,0,0,0,0,0,0,0,0,0,0,0,0,0,0,0,0,373.677,0,0,-453.78
"MtrElec",5,2,11,"",0.0000039,0,0,0,0,0,0,0,0,0,0,0,0,0,0,0,0,0,0,0,0,504.782,0,58.4917,-563.273
"MtrElec",5,2,12,"",0,0,0,0,0,0,0,0,0,0,0,0,0,0,0,0,0,0,0,0,0,498.619,0,136.351,-634.97
"MtrElec",5,2,13,"",0.0000078,0,0,0,0,0,0,0,0,0,0,0,0,0,0,0,0,0,0,0,0,482.599,0,116.153,-598.753
"MtrElec",5,2,14,"",0.0000156,0,0,0,0,0,0,0,0,0,0,0,0,0,0,0,0,0,0,0,0,419.601,0,212.504,-632.105
"MtrElec",5,2,15,"",0,0,0,0,0,0,0,0,0,0,0,0,0,0,0,0,0,0,0,0,0,484.015,0,157.187,-641.203
"MtrElec",5,2,16,"",0,0,0,0,0,0,0,0,0,0,0,0,0,0,0,0,0,0,0,0,0,479.017,0,60.9588,-539.975
"MtrElec",5,2,17,"",38.7442,0,0,0,0,0,0,0,0,0,0,0,0,0,0,0,0,0,0,0,0,439.31,0,0,-400.565
"MtrElec",5,2,18,"",277.043,0,0,0,0,0,0,0,0,0,0,0,0,0,0,0,0,0,0,0,0,501.987,0,0,-224.945
"MtrElec",5,2,19,"",249.761,0,0,0,0,0,0,0,0,0,0,0,0,0,0,0,0,0,0,0,0,531.782,0,-223.217,-58.804
"MtrElec",5,2,20,"",154.227,0,0,0,0,0,0,0,0,0,0,0,0,0,0,0,0,0,0,0,0,377.785,0,-223.217,-0.341656
"MtrElec",5,2,21,"",115.997,0,0,0,0,0,0,0,0,0,0,0,0,0,0,0,0,0,0,0,0,338.899,0,-222.902,0
"MtrElec",5,2,22,"",288.19,0,0,0,0,0,0,0,0,0,0,0,0,0,0,0,0,0,0,0,0,288.19,0,0,0
"MtrElec",5,2,23,"",223.148,0,0,0,0,0,0,0,0,0,0,0,0,0,0,0,0,0,0,0,0,223.148,0,0,0
"MtrElec",5,2,24,"",217.316,0,0,0,0,0,0,0,0,0,0,0,0,0,0,0,0,0,0,0,0,217.316,0,0,0
"MtrElec",5,3,1,"",159.183,0,0,0,0,0,0,0,0,0,0,0,0,0,0,0,0,0,0,0,0,159.183,0,0,0
"MtrElec",5,3,2,"",144.975,0,0,0,0,0,0,0,0,0,0,0,0,0,0,0,0,0,0,0,0,144.975,0,0,0
"MtrElec",5,3,3,"",148.245,0,0,0,0,0,0,0,0,0,0,0,0,0,0,0,0,0,0,0,0,148.245,0,0,0
"MtrElec",5,3,4,"",147.395,0,0,0,0,0,0,0,0,0,0,0,0,0,0,0,0,0,0,0,0,147.395,0,0,0
"MtrElec",5,3,5,"",193.247,0,0,0,0,0,0,0,0,0,0,0,0,0,0,0,0,0,0,0,0,193.247,0,0,0
"MtrElec",5,3,6,"",146.562,0,0,0,0,0,0,0,0,0,0,0,0,0,0,0,0,0,0,0,0,146.562,0,0,0
"MtrElec",5,3,7,"",137.325,0,0,0,0,0,0,0,0,0,0,0,0,0,0,0,0,0,0,0,0,152.259,0,0,-14.9336
"MtrElec",5,3,8,"",104.657,0,0,0,0,0,0,0,0,0,0,0,0,0,0,0,0,0,0,0,0,226.486,0,0,-121.829
"MtrElec",5,3,9,"",-60.6758,0,0,0,0,0,0,0,0,0,0,0,0,0,0,0,0,0,0,0,0,237.697,0,0,-298.372
"MtrElec",5,3,10,"",-112.273,0,0,0,0,0,0,0,0,0,0,0,0,0,0,0,0,0,0,0,0,326.472,0,0,-438.745
"MtrElec",5,3,11,"",0.0000078,0,0,0,0,0,0,0,0,0,0,0,0,0,0,0,0,0,0,0,0,453.323,0,89.4901,-542.813
"MtrElec",5,3,12,"",0,0,0,0,0,0,0,0,0,0,0,0,0,0,0,0,0,0,0,0,0,441.729,0,201.02,-642.749
"MtrElec",5,3,13,"",0,0,0,0,0,0,0,0,0,0,0,0,0,0,0,0,0,0,0,0,0,480.61,0,202.663,-683.273
"MtrElec",5,3,14,"",-22.793,0,0,0,0,0,0,0,0,0,0,0,0,0,0,0,0,0,0,0,0,416.694,0,223.217,-662.704
"MtrElec",5,3,15,"",-71.1247,0,0,0,0,0,0,0,0,0,0,0,0,0,0,0,0,0,0,0,0,460.847,0,82.4914,-614.463
"MtrElec",5,3,16,"",-110.687,0,0,0,0,0,0,0,0,0,0,0,0,0,0,0,0,0,0,0,0,417.308,0,0,-527.996
"MtrElec",5,3,17,"",31.5161,0,0,0,0,0,0,0,0,0,0,0,0,0,0,0,0,0,0,0,0,424.511,0,0,-392.995
"MtrElec",5,3,18,"",206.518,0,0,0,0,0,0,0,0,0,0,0,0,0,0,0,0,0,0,0,0,429.803,0,0,-223.285
"MtrElec",5,3,19,"",220.216,0,0,0,0,0,0,0,0,0,0,0,0,0,0,0,0,0,0,0,0,503.287,0,-223.217,-59.8545
"MtrElec",5,3,20,"",102.496,0,0,0,0,0,0,0,0,0,0,0,0,0,0,0,0,0,0,0,0,326.061,0,-223.217,-0.348553
"MtrElec",5,3,21,"",102.458,0,0,0,0,0,0,0,0,0,0,0,0,0,0,0,0,0,0,0,0,325.675,0,-223.217,0
"MtrElec",5,3,22,"",269.663,0,0,0,0,0,0,0,0,0,0,0,0,0,0,0,0,0,0,0,0,321.003,0,-51.3398,0
"MtrElec",5,3,23,"",193.799,0,0,0,0,0,0,0,0,0,0,0,0,0,0,0,0,0,0,0,0,193.799,0,0,0
"MtrElec",5,3,24,"",214.313,0,0,0,0,0,0,0,0,0,0,0,0,0,0,0,0,0,0,0,0,214.313,0,0,0
"MtrElec",5,4,1,"",150.476,0,0,0,0,0,0,0,0,0,0,0,0,0,0,0,0,0,0,0,0,150.476,0,0,0
"MtrElec",5,4,2,"",152.308,0,0,0,0,0,0,0,0,0,0,0,0,0,0,0,0,0,0,0,0,152.308,0,0,0
"MtrElec",5,4,3,"",143.664,0,0,0,0,0,0,0,0,0,0,0,0,0,0,0,0,0,0,0,0,143.664,0,0,0
"MtrElec",5,4,4,"",147.068,0,0,0,0,0,0,0,0,0,0,0,0,0,0,0,0,0,0,0,0,147.068,0,0,0
"MtrElec",5,4,5,"",175.396,0,0,0,0,0,0,0,0,0,0,0,0,0,0,0,0,0,0,0,0,175.396,0,0,0
"MtrElec",5,4,6,"",149.207,0,0,0,0,0,0,0,0,0,0,0,0,0,0,0,0,0,0,0,0,149.207,0,0,0
"MtrElec",5,4,7,"",227.575,0,0,0,0,0,0,0,0,0,0,0,0,0,0,0,0,0,0,0,0,244.03,0,0,-16.4555
"MtrElec",5,4,8,"",173.861,0,0,0,0,0,0,0,0,0,0,0,0,0,0,0,0,0,0,0,0,299.186,0,0,-125.326
"MtrElec",5,4,9,"",83.5905,0,0,0,0,0,0,0,0,0,0,0,0,0,0,0,0,0,0,0,0,384.156,0,0,-300.565
"MtrElec",5,4,10,"",0.98175,0,0,0,0,0,0,0,0,0,0,0,0,0,0,0,0,0,0,0,0,454.122,0,0,-453.14
"MtrElec",5,4,11,"",0,0,0,0,0,0,0,0,0,0,0,0,0,0,0,0,0,0,0,0,0,513.838,0,62.2521,-576.09
"MtrElec",5,4,12,"",0,0,0,0,0,0,0,0,0,0,0,0,0,0,0,0,0,0,0,0,0,490.632,0,168.554,-659.186
"MtrElec",5,4,13,"",-5.64591,0,0,0,0,0,0,0,0,0,0,0,0,0,0,0,0,0,0,0,0,470.404,0,223.217,-699.267
"MtrElec",5,4,14,"",-47.0339,0,0,0,0,0,0,0,0,0,0,0,0,0,0,0,0,0,0,0,0,422.307,0,223.217,-692.558
"MtrElec",5,4,15,"",-113.449,0,0,0,0,0,0,0,0,0,0,0,0,0,0,0,0,0,0,0,0,404.878,0,121.641,-639.968
"MtrElec",5,4,16,"",-105.191,0,0,0,0,0,0,0,0,0,0,0,0,0,0,0,0,0,0,0,0,439.907,0,0,-545.097
"MtrElec",5,4,17,"",48.1064,0,0,0,0,0,0,0,0,0,0,0,0,0,0,0,0,0,0,0,0,453.306,0,0,-405.2
"MtrElec",5,4,18,"",218.157,0,0,0,0,0,0,0,0,0,0,0,0,0,0,0,0,0,0,0,0,447.901,0,0,-229.744
"MtrElec",5,4,19,"",142.9,0,0,0,0,0,0,0,0,0,0,0,0,0,0,0,0,0,0,0,0,428.036,0,-223.217,-61.9195
"MtrElec",5,4,20,"",151.62,0,0,0,0,0,0,0,0,0,0,0,0,0,0,0,0,0,0,0,0,377.697,0,-223.217,-2.85957
"MtrElec",5,4,21,"",215.728,0,0,0,0,0,0,0,0,0,0,0,0,0,0,0,0,0,0,0,0,438.944,0,-223.217,0
"MtrElec",5,4,22,"",233.581,0,0,0,0,0,0,0,0,0,0,0,0,0,0,0,0,0,0,0,0,284.921,0,-51.3398,0
"MtrElec",5,4,23,"",300.981,0,0,0,0,0,0,0,0,0,0,0,0,0,0,0,0,0,0,0,0,300.981,0,0,0
"MtrElec",5,4,24,"",198.496,0,0,0,0,0,0,0,0,0,0,0,0,0,0,0,0,0,0,0,0,198.496,0,0,0
"MtrElec",5,5,1,"",148.813,0,0,0,0,0,0,0,0,0,0,0,0,0,0,0,0,0,0,0,0,148.813,0,0,0
"MtrElec",5,5,2,"",149.365,0,0,0,0,0,0,0,0,0,0,0,0,0,0,0,0,0,0,0,0,149.365,0,0,0
"MtrElec",5,5,3,"",142.572,0,0,0,0,0,0,0,0,0,0,0,0,0,0,0,0,0,0,0,0,142.572,0,0,0
"MtrElec",5,5,4,"",142.514,0,0,0,0,0,0,0,0,0,0,0,0,0,0,0,0,0,0,0,0,142.514,0,0,0
"MtrElec",5,5,5,"",140.937,0,0,0,0,0,0,0,0,0,0,0,0,0,0,0,0,0,0,0,0,140.937,0,0,0
"MtrElec",5,5,6,"",163.664,0,0,0,0,0,0,0,0,0,0,0,0,0,0,0,0,0,0,0,0,163.664,0,0,0
"MtrElec",5,5,7,"",202.999,0,0,0,0,0,0,0,0,0,0,0,0,0,0,0,0,0,0,0,0,215.814,0,0,-12.815
"MtrElec",5,5,8,"",220.073,0,0,0,0,0,0,0,0,0,0,0,0,0,0,0,0,0,0,0,0,291.217,0,0,-71.1446
"MtrElec",5,5,9,"",228.782,0,0,0,0,0,0,0,0,0,0,0,0,0,0,0,0,0,0,0,0,367.552,0,0,-138.77
"MtrElec",5,5,10,"",153.476,0,0,0,0,0,0,0,0,0,0,0,0,0,0,0,0,0,0,0,0,354.535,0,0,-201.059
"MtrElec",5,5,11,"",39.1681,0,0,0,0,0,0,0,0,0,0,0,0,0,0,0,0,0,0,0,0,387.247,0,0,-348.079
"MtrElec",5,5,12,"",0,0,0,0,0,0,0,0,0,0,0,0,0,0,0,0,0,0,0,0,0,411.2,0,121.329,-532.53
"MtrElec",5,5,13,"",0,0,0,0,0,0,0,0,0,0,0,0,0,0,0,0,0,0,0,0,0,423.211,0,170.381,-593.593
"MtrElec",5,5,14,"",-58.6776,0,0,0,0,0,0,0,0,0,0,0,0,0,0,0,0,0,0,0,0,396.487,0,223.217,-678.382
"MtrElec",5,5,15,"",-36.5178,0,0,0,0,0,0,0,0,0,0,0,0,0,0,0,0,0,0,0,0,374.278,0,223.217,-634.012
"MtrElec",5,5,16,"",-57.4057,0,0,0,0,0,0,0,0,0,0,0,0,0,0,0,0,0,0,0,0,375.745,0,60.737,-493.888
"MtrElec",5,5,17,"",51.7993,0,0,0,0,0,0,0,0,0,0,0,0,0,0,0,0,0,0,0,0,415.554,0,0,-363.755
"MtrElec",5,5,18,"",211.074,0,0,0,0,0,0,0,0,0,0,0,0,0,0,0,0,0,0,0,0,434.127,0,0,-223.052
"MtrElec",5,5,19,"",152.223,0,0,0,0,0,0,0,0,0,0,0,0,0,0,0,0,0,0,0,0,438.583,0,-223.217,-63.1427
"MtrElec",5,5,20,"",155.138,0,0,0,0,0,0,0,0,0,0,0,0,0,0,0,0,0,0,0,0,381.863,0,-223.217,-3.50828
"MtrElec",5,5,21,"",148.754,0,0,0,0,0,0,0,0,0,0,0,0,0,0,0,0,0,0,0,0,371.971,0,-223.217,0
"MtrElec",5,5,22,"",217.428,0,0,0,0,0,0,0,0,0,0,0,0,0,0,0,0,0,0,0,0,268.768,0,-51.3398,0
"MtrElec",5,5,23,"",240.326,0,0,0,0,0,0,0,0,0,0,0,0,0,0,0,0,0,0,0,0,240.326,0,0,0
"MtrElec",5,5,24,"",174.386,0,0,0,0,0,0,0,0,0,0,0,0,0,0,0,0,0,0,0,0,174.386,0,0,0
"MtrElec",5,6,1,"",154.982,0,0,0,0,0,0,0,0,0,0,0,0,0,0,0,0,0,0,0,0,154.982,0,0,0
"MtrElec",5,6,2,"",158.374,0,0,0,0,0,0,0,0,0,0,0,0,0,0,0,0,0,0,0,0,158.374,0,0,0
"MtrElec",5,6,3,"",168.7,0,0,0,0,0,0,0,0,0,0,0,0,0,0,0,0,0,0,0,0,168.7,0,0,0
"MtrElec",5,6,4,"",142.66,0,0,0,0,0,0,0,0,0,0,0,0,0,0,0,0,0,0,0,0,142.66,0,0,0
"MtrElec",5,6,5,"",140.492,0,0,0,0,0,0,0,0,0,0,0,0,0,0,0,0,0,0,0,0,140.492,0,0,0
"MtrElec",5,6,6,"",145.469,0,0,0,0,0,0,0,0,0,0,0,0,0,0,0,0,0,0,0,0,145.469,0,0,0
"MtrElec",5,6,7,"",233.873,0,0,0,0,0,0,0,0,0,0,0,0,0,0,0,0,0,0,0,0,251.246,0,0,-17.3724
"MtrElec",5,6,8,"",193.93,0,0,0,0,0,0,0,0,0,0,0,0,0,0,0,0,0,0,0,0,287.88,0,0,-93.9497
"MtrElec",5,6,9,"",182.835,0,0,0,0,0,0,0,0,0,0,0,0,0,0,0,0,0,0,0,0,332.892,0,0,-150.057
"MtrElec",5,6,10,"",205.643,0,0,0,0,0,0,0,0,0,0,0,0,0,0,0,0,0,0,0,0,420,0,0,-214.357
"MtrElec",5,6,11,"",222.104,0,0,0,0,0,0,0,0,0,0,0,0,0,0,0,0,0,0,0,0,421.389,0,0,-199.285
"MtrElec",5,6,12,"",271.024,0,0,0,0,0,0,0,0,0,0,0,0,0,0,0,0,0,0,0,0,444.605,0,0,-173.581
"MtrElec",5,6,13,"",311.768,0,0,0,0,0,0,0,0,0,0,0,0,0,0,0,0,0,0,0,0,417.243,0,0,-105.475
"MtrElec",5,6,14,"",0,0,0,0,0,0,0,0,0,0,0,0,0,0,0,0,0,0,0,0,0,361.922,0,42.1978,-404.12
"MtrElec",5,6,15,"",0.0000039,0,0,0,0,0,0,0,0,0,0,0,0,0,0,0,0,0,0,0,0,353.075,0,51.288,-404.363
"MtrElec",5,6,16,"",92.5255,0,0,0,0,0,0,0,0,0,0,0,0,0,0,0,0,0,0,0,0,370.234,0,0,-277.709
"MtrElec",5,6,17,"",179.275,0,0,0,0,0,0,0,0,0,0,0,0,0,0,0,0,0,0,0,0,415.971,0,0,-236.695
"MtrElec",5,6,18,"",152.983,0,0,0,0,0,0,0,0,0,0,0,0,0,0,0,0,0,0,0,0,371.115,0,0,-218.132
"MtrElec",5,6,19,"",201.847,0,0,0,0,0,0,0,0,0,0,0,0,0,0,0,0,0,0,0,0,357.138,0,-84.3709,-70.9201
"MtrElec",5,6,20,"",378.883,0,0,0,0,0,0,0,0,0,0,0,0,0,0,0,0,0,0,0,0,385.469,0,0,-6.58636
"MtrElec",5,6,21,"",363.192,0,0,0,0,0,0,0,0,0,0,0,0,0,0,0,0,0,0,0,0,363.192,0,0,0
"MtrElec",5,6,22,"",285.122,0,0,0,0,0,0,0,0,0,0,0,0,0,0,0,0,0,0,0,0,285.122,0,0,0
"MtrElec",5,6,23,"",250.916,0,0,0,0,0,0,0,0,0,0,0,0,0,0,0,0,0,0,0,0,250.916,0,0,0
"MtrElec",5,6,24,"",178.673,0,0,0,0,0,0,0,0,0,0,0,0,0,0,0,0,0,0,0,0,178.673,0,0,0
"MtrElec",5,7,1,"",172.842,0,0,0,0,0,0,0,0,0,0,0,0,0,0,0,0,0,0,0,0,172.842,0,0,0
"MtrElec",5,7,2,"",146.143,0,0,0,0,0,0,0,0,0,0,0,0,0,0,0,0,0,0,0,0,146.143,0,0,0
"MtrElec",5,7,3,"",183.721,0,0,0,0,0,0,0,0,0,0,0,0,0,0,0,0,0,0,0,0,183.721,0,0,0
"MtrElec",5,7,4,"",149.801,0,0,0,0,0,0,0,0,0,0,0,0,0,0,0,0,0,0,0,0,149.801,0,0,0
"MtrElec",5,7,5,"",143.451,0,0,0,0,0,0,0,0,0,0,0,0,0,0,0,0,0,0,0,0,143.451,0,0,0
"MtrElec",5,7,6,"",144.895,0,0,0,0,0,0,0,0,0,0,0,0,0,0,0,0,0,0,0,0,144.895,0,0,0
"MtrElec",5,7,7,"",218.908,0,0,0,0,0,0,0,0,0,0,0,0,0,0,0,0,0,0,0,0,241.047,0,0,-22.139
"MtrElec",5,7,8,"",189.608,0,0,0,0,0,0,0,0,0,0,0,0,0,0,0,0,0,0,0,0,307.282,0,0,-117.674
"MtrElec",5,7,9,"",121.983,0,0,0,0,0,0,0,0,0,0,0,0,0,0,0,0,0,0,0,0,374.011,0,0,-252.028
"MtrElec",5,7,10,"",-47.098,0,0,0,0,0,0,0,0,0,0,0,0,0,0,0,0,0,0,0,0,408.03,0,0,-455.129
"MtrElec",5,7,11,"",0.0000078,0,0,0,0,0,0,0,0,0,0,0,0,0,0,0,0,0,0,0,0,379.16,0,108.65,-487.811
"MtrElec",5,7,12,"",0,0,0,0,0,0,0,0,0,0,0,0,0,0,0,0,0,0,0,0,0,377.693,0,166.793,-544.486
"MtrElec",5,7,13,"",58.7443,0,0,0,0,0,0,0,0,0,0,0,0,0,0,0,0,0,0,0,0,477.771,0,0,-419.027
"MtrElec",5,7,14,"",70.6758,0,0,0,0,0,0,0,0,0,0,0,0,0,0,0,0,0,0,0,0,333.26,0,0,-262.584
"MtrElec",5,7,15,"",22.9099,0,0,0,0,0,0,0,0,0,0,0,0,0,0,0,0,0,0,0,0,381.45,0,0,-358.54
"MtrElec",5,7,16,"",0,0,0,0,0,0,0,0,0,0,0,0,0,0,0,0,0,0,0,0,0,324.379,0,41.6585,-366.037
"MtrElec",5,7,17,"",160.142,0,0,0,0,0,0,0,0,0,0,0,0,0,0,0,0,0,0,0,0,379.119,0,0,-218.978
"MtrElec",5,7,18,"",368.376,0,0,0,0,0,0,0,0,0,0,0,0,0,0,0,0,0,0,0,0,380.771,0,0,-12.3952
"MtrElec",5,7,19,"",73.0076,0,0,0,0,0,0,0,0,0,0,0,0,0,0,0,0,0,0,0,0,344.916,0,-223.217,-48.6918
"MtrElec",5,7,20,"",332.536,0,0,0,0,0,0,0,0,0,0,0,0,0,0,0,0,0,0,0,0,400.367,0,-62.9673,-4.86351
"MtrElec",5,7,21,"",387.602,0,0,0,0,0,0,0,0,0,0,0,0,0,0,0,0,0,0,0,0,387.602,0,0,0
"MtrElec",5,7,22,"",251.809,0,0,0,0,0,0,0,0,0,0,0,0,0,0,0,0,0,0,0,0,251.809,0,0,0
"MtrElec",5,7,23,"",265.558,0,0,0,0,0,0,0,0,0,0,0,0,0,0,0,0,0,0,0,0,265.558,0,0,0
"MtrElec",5,7,24,"",214.794,0,0,0,0,0,0,0,0,0,0,0,0,0,0,0,0,0,0,0,0,214.794,0,0,0
"MtrElec",5,8,1,"",148.024,0,0,0,0,0,0,0,0,0,0,0,0,0,0,0,0,0,0,0,0,148.024,0,0,0
"MtrElec",5,8,2,"",144.411,0,0,0,0,0,0,0,0,0,0,0,0,0,0,0,0,0,0,0,0,144.411,0,0,0
"MtrElec",5,8,3,"",141.737,0,0,0,0,0,0,0,0,0,0,0,0,0,0,0,0,0,0,0,0,141.737,0,0,0
"MtrElec",5,8,4,"",140.859,0,0,0,0,0,0,0,0,0,0,0,0,0,0,0,0,0,0,0,0,140.859,0,0,0
"MtrElec",5,8,5,"",178.643,0,0,0,0,0,0,0,0,0,0,0,0,0,0,0,0,0,0,0,0,178.643,0,0,0
"MtrElec",5,8,6,"",141.864,0,0,0,0,0,0,0,0,0,0,0,0,0,0,0,0,0,0,0,0,141.864,0,0,0
"MtrElec",5,8,7,"",216.915,0,0,0,0,0,0,0,0,0,0,0,0,0,0,0,0,0,0,0,0,234.713,0,0,-17.7976
"MtrElec",5,8,8,"",120.696,0,0,0,0,0,0,0,0,0,0,0,0,0,0,0,0,0,0,0,0,255.682,0,0,-134.985
"MtrElec",5,8,9,"",29.2087,0,0,0,0,0,0,0,0,0,0,0,0,0,0,0,0,0,0,0,0,346.568,0,0,-317.359
"MtrElec",5,8,10,"",-104.894,0,0,0,0,0,0,0,0,0,0,0,0,0,0,0,0,0,0,0,0,376.188,0,0,-481.082
"MtrElec",5,8,11,"",0,0,0,0,0,0,0,0,0,0,0,0,0,0,0,0,0,0,0,0,0,439.934,0,158.83,-598.764
"MtrElec",5,8,12,"",-32.9748,0,0,0,0,0,0,0,0,0,0,0,0,0,0,0,0,0,0,0,0,412.425,0,223.217,-668.617
"MtrElec",5,8,13,"",-88.4574,0,0,0,0,0,0,0,0,0,0,0,0,0,0,0,0,0,0,0,0,398.108,0,223.217,-709.782
"MtrElec",5,8,14,"",-121.476,0,0,0,0,0,0,0,0,0,0,0,0,0,0,0,0,0,0,0,0,370.726,0,193.617,-685.819
"MtrElec",5,8,15,"",-198.252,0,0,0,0,0,0,0,0,0,0,0,0,0,0,0,0,0,0,0,0,333.849,0,0,-532.101
"MtrElec",5,8,16,"",-61.3618,0,0,0,0,0,0,0,0,0,0,0,0,0,0,0,0,0,0,0,0,390.287,0,0,-451.649
"MtrElec",5,8,17,"",34.9588,0,0,0,0,0,0,0,0,0,0,0,0,0,0,0,0,0,0,0,0,412.657,0,0,-377.699
"MtrElec",5,8,18,"",192.822,0,0,0,0,0,0,0,0,0,0,0,0,0,0,0,0,0,0,0,0,422.276,0,0,-229.454
"MtrElec",5,8,19,"",91.4419,0,0,0,0,0,0,0,0,0,0,0,0,0,0,0,0,0,0,0,0,381.242,0,-223.217,-66.5831
"MtrElec",5,8,20,"",135.297,0,0,0,0,0,0,0,0,0,0,0,0,0,0,0,0,0,0,0,0,365.007,0,-223.217,-6.49274
"MtrElec",5,8,21,"",146.25,0,0,0,0,0,0,0,0,0,0,0,0,0,0,0,0,0,0,0,0,369.466,0,-223.217,0
"MtrElec",5,8,22,"",197.829,0,0,0,0,0,0,0,0,0,0,0,0,0,0,0,0,0,0,0,0,249.169,0,-51.3398,0
"MtrElec",5,8,23,"",233.412,0,0,0,0,0,0,0,0,0,0,0,0,0,0,0,0,0,0,0,0,233.412,0,0,0
"MtrElec",5,8,24,"",173.486,0,0,0,0,0,0,0,0,0,0,0,0,0,0,0,0,0,0,0,0,173.486,0,0,0
"MtrElec",5,9,1,"",209.523,0,0,0,0,0,0,0,0,0,0,0,0,0,0,0,0,0,0,0,0,209.523,0,0,0
"MtrElec",5,9,2,"",145.557,0,0,0,0,0,0,0,0,0,0,0,0,0,0,0,0,0,0,0,0,145.557,0,0,0
"MtrElec",5,9,3,"",148.004,0,0,0,0,0,0,0,0,0,0,0,0,0,0,0,0,0,0,0,0,148.004,0,0,0
"MtrElec",5,9,4,"",148.91,0,0,0,0,0,0,0,0,0,0,0,0,0,0,0,0,0,0,0,0,148.91,0,0,0
"MtrElec",5,9,5,"",177.618,0,0,0,0,0,0,0,0,0,0,0,0,0,0,0,0,0,0,0,0,177.618,0,0,0
"MtrElec",5,9,6,"",184.033,0,0,0,0,0,0,0,0,0,0,0,0,0,0,0,0,0,0,0,0,184.033,0,0,0
"MtrElec",5,9,7,"",150.427,0,0,0,0,0,0,0,0,0,0,0,0,0,0,0,0,0,0,0,0,161.257,0,0,-10.8299
"MtrElec",5,9,8,"",193.841,0,0,0,0,0,0,0,0,0,0,0,0,0,0,0,0,0,0,0,0,251.982,0,0,-58.1413
"MtrElec",5,9,9,"",198.522,0,0,0,0,0,0,0,0,0,0,0,0,0,0,0,0,0,0,0,0,304.118,0,0,-105.596
"MtrElec",5,9,10,"",306.122,0,0,0,0,0,0,0,0,0,0,0,0,0,0,0,0,0,0,0,0,405.454,0,0,-99.3321
"MtrElec",5,9,11,"",221.726,0,0,0,0,0,0,0,0,0,0,0,0,0,0,0,0,0,0,0,0,508.515,0,0,-286.789
"MtrElec",5,9,12,"",156.288,0,0,0,0,0,0,0,0,0,0,0,0,0,0,0,0,0,0,0,0,437.494,0,0,-281.206
"MtrElec",5,9,13,"",146.279,0,0,0,0,0,0,0,0,0,0,0,0,0,0,0,0,0,0,0,0,469.596,0,0,-323.317
"MtrElec",5,9,14,"",52.9828,0,0,0,0,0,0,0,0,0,0,0,0,0,0,0,0,0,0,0,0,424.405,0,0,-371.423
"MtrElec",5,9,15,"",0,0,0,0,0,0,0,0,0,0,0,0,0,0,0,0,0,0,0,0,0,390.97,0,194.399,-585.369
"MtrElec",5,9,16,"",0.0000078,0,0,0,0,0,0,0,0,0,0,0,0,0,0,0,0,0,0,0,0,413.115,0,118.809,-531.923
"MtrElec",5,9,17,"",0,0,0,0,0,0,0,0,0,0,0,0,0,0,0,0,0,0,0,0,0,378.819,0,12.0319,-390.851
"MtrElec",5,9,18,"",220.339,0,0,0,0,0,0,0,0,0,0,0,0,0,0,0,0,0,0,0,0,443.056,0,0,-222.718
"MtrElec",5,9,19,"",92.8538,0,0,0,0,0,0,0,0,0,0,0,0,0,0,0,0,0,0,0,0,387.452,0,-223.217,-71.3813
"MtrElec",5,9,20,"",281.218,0,0,0,0,0,0,0,0,0,0,0,0,0,0,0,0,0,0,0,0,357.985,0,-70.312,-6.45441
"MtrElec",5,9,21,"",308.169,0,0,0,0,0,0,0,0,0,0,0,0,0,0,0,0,0,0,0,0,308.169,0,0,0
"MtrElec",5,9,22,"",274.203,0,0,0,0,0,0,0,0,0,0,0,0,0,0,0,0,0,0,0,0,274.203,0,0,0
"MtrElec",5,9,23,"",203.632,0,0,0,0,0,0,0,0,0,0,0,0,0,0,0,0,0,0,0,0,203.632,0,0,0
"MtrElec",5,9,24,"",210.012,0,0,0,0,0,0,0,0,0,0,0,0,0,0,0,0,0,0,0,0,210.012,0,0,0
"MtrElec",5,10,1,"",162.92,0,0,0,0,0,0,0,0,0,0,0,0,0,0,0,0,0,0,0,0,162.92,0,0,0
"MtrElec",5,10,2,"",147.677,0,0,0,0,0,0,0,0,0,0,0,0,0,0,0,0,0,0,0,0,147.677,0,0,0
"MtrElec",5,10,3,"",141.319,0,0,0,0,0,0,0,0,0,0,0,0,0,0,0,0,0,0,0,0,141.319,0,0,0
"MtrElec",5,10,4,"",142.749,0,0,0,0,0,0,0,0,0,0,0,0,0,0,0,0,0,0,0,0,142.749,0,0,0
"MtrElec",5,10,5,"",169.121,0,0,0,0,0,0,0,0,0,0,0,0,0,0,0,0,0,0,0,0,169.121,0,0,0
"MtrElec",5,10,6,"",158.441,0,0,0,0,0,0,0,0,0,0,0,0,0,0,0,0,0,0,0,0,158.441,0,0,0
"MtrElec",5,10,7,"",143.647,0,0,0,0,0,0,0,0,0,0,0,0,0,0,0,0,0,0,0,0,150.001,0,0,-6.35418
"MtrElec",5,10,8,"",187.871,0,0,0,0,0,0,0,0,0,0,0,0,0,0,0,0,0,0,0,0,229.527,0,0,-41.6567
"MtrElec",5,10,9,"",176.329,0,0,0,0,0,0,0,0,0,0,0,0,0,0,0,0,0,0,0,0,250.048,0,0,-73.7193
"MtrElec",5,10,10,"",217.059,0,0,0,0,0,0,0,0,0,0,0,0,0,0,0,0,0,0,0,0,303.874,0,0,-86.8148
"MtrElec",5,10,11,"",223.003,0,0,0,0,0,0,0,0,0,0,0,0,0,0,0,0,0,0,0,0,369.176,0,0,-146.174
"MtrElec",5,10,12,"",251.892,0,0,0,0,0,0,0,0,0,0,0,0,0,0,0,0,0,0,0,0,322.699,0,0,-70.8074
"MtrElec",5,10,13,"",321.154,0,0,0,0,0,0,0,0,0,0,0,0,0,0,0,0,0,0,0,0,416.503,0,0,-95.3492
"MtrElec",5,10,14,"",114.819,0,0,0,0,0,0,0,0,0,0,0,0,0,0,0,0,0,0,0,0,325.458,0,0,-210.639
"MtrElec",5,10,15,"",65.318,0,0,0,0,0,0,0,0,0,0,0,0,0,0,0,0,0,0,0,0,389.417,0,0,-324.099
"MtrElec",5,10,16,"",138.374,0,0,0,0,0,0,0,0,0,0,0,0,0,0,0,0,0,0,0,0,339.56,0,0,-201.186
"MtrElec",5,10,17,"",162.506,0,0,0,0,0,0,0,0,0,0,0,0,0,0,0,0,0,0,0,0,308.436,0,0,-145.93
"MtrElec",5,10,18,"",271.624,0,0,0,0,0,0,0,0,0,0,0,0,0,0,0,0,0,0,0,0,349.738,0,0,-78.1131
"MtrElec",5,10,19,"",384.439,0,0,0,0,0,0,0,0,0,0,0,0,0,0,0,0,0,0,0,0,444.663,0,0,-60.2246
"MtrElec",5,10,20,"",317.012,0,0,0,0,0,0,0,0,0,0,0,0,0,0,0,0,0,0,0,0,324.103,0,0,-7.09074
"MtrElec",5,10,21,"",307.006,0,0,0,0,0,0,0,0,0,0,0,0,0,0,0,0,0,0,0,0,307.006,0,0,0
"MtrElec",5,10,22,"",277.397,0,0,0,0,0,0,0,0,0,0,0,0,0,0,0,0,0,0,0,0,277.397,0,0,0
"MtrElec",5,10,23,"",252.025,0,0,0,0,0,0,0,0,0,0,0,0,0,0,0,0,0,0,0,0,252.025,0,0,0
"MtrElec",5,10,24,"",204.559,0,0,0,0,0,0,0,0,0,0,0,0,0,0,0,0,0,0,0,0,204.559,0,0,0
"MtrElec",5,11,1,"",149.751,0,0,0,0,0,0,0,0,0,0,0,0,0,0,0,0,0,0,0,0,149.751,0,0,0
"MtrElec",5,11,2,"",146.007,0,0,0,0,0,0,0,0,0,0,0,0,0,0,0,0,0,0,0,0,146.007,0,0,0
"MtrElec",5,11,3,"",141.746,0,0,0,0,0,0,0,0,0,0,0,0,0,0,0,0,0,0,0,0,141.746,0,0,0
"MtrElec",5,11,4,"",144.083,0,0,0,0,0,0,0,0,0,0,0,0,0,0,0,0,0,0,0,0,144.083,0,0,0
"MtrElec",5,11,5,"",141.319,0,0,0,0,0,0,0,0,0,0,0,0,0,0,0,0,0,0,0,0,141.319,0,0,0
"MtrElec",5,11,6,"",159.816,0,0,0,0,0,0,0,0,0,0,0,0,0,0,0,0,0,0,0,0,159.816,0,0,0
"MtrElec",5,11,7,"",196.268,0,0,0,0,0,0,0,0,0,0,0,0,0,0,0,0,0,0,0,0,219.024,0,0,-22.756
"MtrElec",5,11,8,"",168.934,0,0,0,0,0,0,0,0,0,0,0,0,0,0,0,0,0,0,0,0,304.333,0,0,-135.399
"MtrElec",5,11,9,"",65.4922,0,0,0,0,0,0,0,0,0,0,0,0,0,0,0,0,0,0,0,0,372.916,0,0,-307.424
"MtrElec",5,11,10,"",-62.0877,0,0,0,0,0,0,0,0,0,0,0,0,0,0,0,0,0,0,0,0,409.051,0,0,-471.138
"MtrElec",5,11,11,"",0,0,0,0,0,0,0,0,0,0,0,0,0,0,0,0,0,0,0,0,0,443.479,0,154.586,-598.065
"MtrElec",5,11,12,"",-57.2894,0,0,0,0,0,0,0,0,0,0,0,0,0,0,0,0,0,0,0,0,397.501,0,223.217,-678.007
"MtrElec",5,11,13,"",-72.7464,0,0,0,0,0,0,0,0,0,0,0,0,0,0,0,0,0,0,0,0,415.336,0,223.217,-711.299
"MtrElec",5,11,14,"",-106.113,0,0,0,0,0,0,0,0,0,0,0,0,0,0,0,0,0,0,0,0,396.863,0,197.862,-700.837
"MtrElec",5,11,15,"",-294.196,0,0,0,0,0,0,0,0,0,0,0,0,0,0,0,0,0,0,0,0,357.289,0,0,-651.485
"MtrElec",5,11,16,"",-144.906,0,0,0,0,0,0,0,0,0,0,0,0,0,0,0,0,0,0,0,0,409.969,0,0,-554.875
"MtrElec",5,11,17,"",15.2773,0,0,0,0,0,0,0,0,0,0,0,0,0,0,0,0,0,0,0,0,428.452,0,0,-413.175
"MtrElec",5,11,18,"",193.777,0,0,0,0,0,0,0,0,0,0,0,0,0,0,0,0,0,0,0,0,431.373,0,0,-237.596
"MtrElec",5,11,19,"",100.882,0,0,0,0,0,0,0,0,0,0,0,0,0,0,0,0,0,0,0,0,391.164,0,-223.217,-67.066
"MtrElec",5,11,20,"",157.712,0,0,0,0,0,0,0,0,0,0,0,0,0,0,0,0,0,0,0,0,386.821,0,-223.217,-5.89143
"MtrElec",5,11,21,"",130.097,0,0,0,0,0,0,0,0,0,0,0,0,0,0,0,0,0,0,0,0,353.313,0,-223.217,0
"MtrElec",5,11,22,"",209.871,0,0,0,0,0,0,0,0,0,0,0,0,0,0,0,0,0,0,0,0,261.211,0,-51.3398,0
"MtrElec",5,11,23,"",256.161,0,0,0,0,0,0,0,0,0,0,0,0,0,0,0,0,0,0,0,0,256.161,0,0,0
"MtrElec",5,11,24,"",173.454,0,0,0,0,0,0,0,0,0,0,0,0,0,0,0,0,0,0,0,0,173.454,0,0,0
"MtrElec",5,12,1,"",154.28,0,0,0,0,0,0,0,0,0,0,0,0,0,0,0,0,0,0,0,0,154.28,0,0,0
"MtrElec",5,12,2,"",159.2,0,0,0,0,0,0,0,0,0,0,0,0,0,0,0,0,0,0,0,0,159.2,0,0,0
"MtrElec",5,12,3,"",168.623,0,0,0,0,0,0,0,0,0,0,0,0,0,0,0,0,0,0,0,0,168.623,0,0,0
"MtrElec",5,12,4,"",149.654,0,0,0,0,0,0,0,0,0,0,0,0,0,0,0,0,0,0,0,0,149.654,0,0,0
"MtrElec",5,12,5,"",138.603,0,0,0,0,0,0,0,0,0,0,0,0,0,0,0,0,0,0,0,0,138.603,0,0,0
"MtrElec",5,12,6,"",159.739,0,0,0,0,0,0,0,0,0,0,0,0,0,0,0,0,0,0,0,0,159.739,0,0,0
"MtrElec",5,12,7,"",237.392,0,0,0,0,0,0,0,0,0,0,0,0,0,0,0,0,0,0,0,0,257.71,0,0,-20.3176
"MtrElec",5,12,8,"",210.851,0,0,0,0,0,0,0,0,0,0,0,0,0,0,0,0,0,0,0,0,302.643,0,0,-91.7924
"MtrElec",5,12,9,"",181.598,0,0,0,0,0,0,0,0,0,0,0,0,0,0,0,0,0,0,0,0,363.56,0,0,-181.962
"MtrElec",5,12,10,"",8.01138,0,0,0,0,0,0,0,0,0,0,0,0,0,0,0,0,0,0,0,0,393.457,0,0,-385.446
"MtrElec",5,12,11,"",0.0000078,0,0,0,0,0,0,0,0,0,0,0,0,0,0,0,0,0,0,0,0,452.907,0,130.243,-583.149
"MtrElec",5,12,12,"",-69.3625,0,0,0,0,0,0,0,0,0,0,0,0,0,0,0,0,0,0,0,0,378.181,0,223.217,-670.76
"MtrElec",5,12,13,"",-61.4407,0,0,0,0,0,0,0,0,0,0,0,0,0,0,0,0,0,0,0,0,415.445,0,223.217,-700.103
"MtrElec",5,12,14,"",-69.6527,0,0,0,0,0,0,0,0,0,0,0,0,0,0,0,0,0,0,0,0,393.433,0,222.205,-685.291
"MtrElec",5,12,15,"",-277.025,0,0,0,0,0,0,0,0,0,0,0,0,0,0,0,0,0,0,0,0,356.524,0,0,-633.549
"MtrElec",5,12,16,"",-140.303,0,0,0,0,0,0,0,0,0,0,0,0,0,0,0,0,0,0,0,0,405.198,0,0,-545.502
"MtrElec",5,12,17,"",-15.0389,0,0,0,0,0,0,0,0,0,0,0,0,0,0,0,0,0,0,0,0,398.517,0,0,-413.556
"MtrElec",5,12,18,"",174.442,0,0,0,0,0,0,0,0,0,0,0,0,0,0,0,0,0,0,0,0,411.726,0,0,-237.283
"MtrElec",5,12,19,"",117.459,0,0,0,0,0,0,0,0,0,0,0,0,0,0,0,0,0,0,0,0,407.365,0,-223.217,-66.6897
"MtrElec",5,12,20,"",165.994,0,0,0,0,0,0,0,0,0,0,0,0,0,0,0,0,0,0,0,0,395.696,0,-223.217,-6.48477
"MtrElec",5,12,21,"",181.388,0,0,0,0,0,0,0,0,0,0,0,0,0,0,0,0,0,0,0,0,404.605,0,-223.217,0
"MtrElec",5,12,22,"",230.563,0,0,0,0,0,0,0,0,0,0,0,0,0,0,0,0,0,0,0,0,281.903,0,-51.3398,0
"MtrElec",5,12,23,"",233.986,0,0,0,0,0,0,0,0,0,0,0,0,0,0,0,0,0,0,0,0,233.986,0,0,0
"MtrElec",5,12,24,"",212.519,0,0,0,0,0,0,0,0,0,0,0,0,0,0,0,0,0,0,0,0,212.519,0,0,0
"MtrElec",5,13,1,"",151.376,0,0,0,0,0,0,0,0,0,0,0,0,0,0,0,0,0,0,0,0,151.376,0,0,0
"MtrElec",5,13,2,"",150.192,0,0,0,0,0,0,0,0,0,0,0,0,0,0,0,0,0,0,0,0,150.192,0,0,0
"MtrElec",5,13,3,"",146.519,0,0,0,0,0,0,0,0,0,0,0,0,0,0,0,0,0,0,0,0,146.519,0,0,0
"MtrElec",5,13,4,"",151.579,0,0,0,0,0,0,0,0,0,0,0,0,0,0,0,0,0,0,0,0,151.579,0,0,0
"MtrElec",5,13,5,"",177.599,0,0,0,0,0,0,0,0,0,0,0,0,0,0,0,0,0,0,0,0,177.599,0,0,0
"MtrElec",5,13,6,"",146.836,0,0,0,0,0,0,0,0,0,0,0,0,0,0,0,0,0,0,0,0,146.836,0,0,0
"MtrElec",5,13,7,"",231.369,0,0,0,0,0,0,0,0,0,0,0,0,0,0,0,0,0,0,0,0,250.928,0,0,-19.5598
"MtrElec",5,13,8,"",182.829,0,0,0,0,0,0,0,0,0,0,0,0,0,0,0,0,0,0,0,0,325.609,0,0,-142.781
"MtrElec",5,13,9,"",41.7221,0,0,0,0,0,0,0,0,0,0,0,0,0,0,0,0,0,0,0,0,374.274,0,0,-332.552
"MtrElec",5,13,10,"",-122.33,0,0,0,0,0,0,0,0,0,0,0,0,0,0,0,0,0,0,0,0,369.378,0,0,-491.708
"MtrElec",5,13,11,"",0,0,0,0,0,0,0,0,0,0,0,0,0,0,0,0,0,0,0,0,0,412.364,0,201.718,-614.082
"MtrElec",5,13,12,"",-37.6218,0,0,0,0,0,0,0,0,0,0,0,0,0,0,0,0,0,0,0,0,432.219,0,223.217,-693.058
"MtrElec",5,13,13,"",-34.8011,0,0,0,0,0,0,0,0,0,0,0,0,0,0,0,0,0,0,0,0,468.903,0,223.217,-726.921
"MtrElec",5,13,14,"",-199.599,0,0,0,0,0,0,0,0,0,0,0,0,0,0,0,0,0,0,0,0,373.425,0,150.729,-723.753
"MtrElec",5,13,15,"",-327.249,0,0,0,0,0,0,0,0,0,0,0,0,0,0,0,0,0,0,0,0,339.416,0,0,-666.665
"MtrElec",5,13,16,"",-152.081,0,0,0,0,0,0,0,0,0,0,0,0,0,0,0,0,0,0,0,0,408.037,0,0,-560.118
"MtrElec",5,13,17,"",-28.1011,0,0,0,0,0,0,0,0,0,0,0,0,0,0,0,0,0,0,0,0,394.16,0,0,-422.261
"MtrElec",5,13,18,"",171.994,0,0,0,0,0,0,0,0,0,0,0,0,0,0,0,0,0,0,0,0,414.834,0,0,-242.841
"MtrElec",5,13,19,"",121.196,0,0,0,0,0,0,0,0,0,0,0,0,0,0,0,0,0,0,0,0,414.503,0,-223.217,-70.0908
"MtrElec",5,13,20,"",150.637,0,0,0,0,0,0,0,0,0,0,0,0,0,0,0,0,0,0,0,0,380.962,0,-223.217,-7.10823
"MtrElec",5,13,21,"",130.759,0,0,0,0,0,0,0,0,0,0,0,0,0,0,0,0,0,0,0,0,353.975,0,-223.217,0
"MtrElec",5,13,22,"",233.225,0,0,0,0,0,0,0,0,0,0,0,0,0,0,0,0,0,0,0,0,284.565,0,-51.3398,0
"MtrElec",5,13,23,"",242.703,0,0,0,0,0,0,0,0,0,0,0,0,0,0,0,0,0,0,0,0,242.703,0,0,0
"MtrElec",5,13,24,"",249.176,0,0,0,0,0,0,0,0,0,0,0,0,0,0,0,0,0,0,0,0,249.176,0,0,0
"MtrElec",5,14,1,"",168.802,0,0,0,0,0,0,0,0,0,0,0,0,0,0,0,0,0,0,0,0,168.802,0,0,0
"MtrElec",5,14,2,"",146.084,0,0,0,0,0,0,0,0,0,0,0,0,0,0,0,0,0,0,0,0,146.084,0,0,0
"MtrElec",5,14,3,"",143.893,0,0,0,0,0,0,0,0,0,0,0,0,0,0,0,0,0,0,0,0,143.893,0,0,0
"MtrElec",5,14,4,"",146.964,0,0,0,0,0,0,0,0,0,0,0,0,0,0,0,0,0,0,0,0,146.964,0,0,0
"MtrElec",5,14,5,"",143.667,0,0,0,0,0,0,0,0,0,0,0,0,0,0,0,0,0,0,0,0,143.667,0,0,0
"MtrElec",5,14,6,"",183.426,0,0,0,0,0,0,0,0,0,0,0,0,0,0,0,0,0,0,0,0,183.426,0,0,0
"MtrElec",5,14,7,"",174.299,0,0,0,0,0,0,0,0,0,0,0,0,0,0,0,0,0,0,0,0,201.817,0,0,-27.5177
"MtrElec",5,14,8,"",165.859,0,0,0,0,0,0,0,0,0,0,0,0,0,0,0,0,0,0,0,0,296.42,0,0,-130.562
"MtrElec",5,14,9,"",141.366,0,0,0,0,0,0,0,0,0,0,0,0,0,0,0,0,0,0,0,0,380.01,0,0,-238.644
"MtrElec",5,14,10,"",107.141,0,0,0,0,0,0,0,0,0,0,0,0,0,0,0,0,0,0,0,0,409.549,0,0,-302.408
"MtrElec",5,14,11,"",0,0,0,0,0,0,0,0,0,0,0,0,0,0,0,0,0,0,0,0,0,429.681,0,8.67575,-438.356
"MtrElec",5,14,12,"",0.0000156,0,0,0,0,0,0,0,0,0,0,0,0,0,0,0,0,0,0,0,0,396.794,0,152.593,-549.387
"MtrElec",5,14,13,"",0.0000078,0,0,0,0,0,0,0,0,0,0,0,0,0,0,0,0,0,0,0,0,455.916,0,120.912,-576.828
"MtrElec",5,14,14,"",-106.209,0,0,0,0,0,0,0,0,0,0,0,0,0,0,0,0,0,0,0,0,348.625,0,223.217,-678.051
"MtrElec",5,14,15,"",-25.4656,0,0,0,0,0,0,0,0,0,0,0,0,0,0,0,0,0,0,0,0,394.815,0,223.217,-643.498
"MtrElec",5,14,16,"",-88.9526,0,0,0,0,0,0,0,0,0,0,0,0,0,0,0,0,0,0,0,0,384.302,0,70.2674,-543.522
"MtrElec",5,14,17,"",-33.3364,0,0,0,0,0,0,0,0,0,0,0,0,0,0,0,0,0,0,0,0,376.13,0,0,-409.467
"MtrElec",5,14,18,"",217.761,0,0,0,0,0,0,0,0,0,0,0,0,0,0,0,0,0,0,0,0,455.93,0,0,-238.169
"MtrElec",5,14,19,"",115.654,0,0,0,0,0,0,0,0,0,0,0,0,0,0,0,0,0,0,0,0,410.876,0,-223.217,-72.0051
"MtrElec",5,14,20,"",137.126,0,0,0,0,0,0,0,0,0,0,0,0,0,0,0,0,0,0,0,0,368.081,0,-223.217,-7.73876
"MtrElec",5,14,21,"",191.781,0,0,0,0,0,0,0,0,0,0,0,0,0,0,0,0,0,0,0,0,414.998,0,-223.217,0
"MtrElec",5,14,22,"",216.578,0,0,0,0,0,0,0,0,0,0,0,0,0,0,0,0,0,0,0,0,267.917,0,-51.3398,0
"MtrElec",5,14,23,"",269.793,0,0,0,0,0,0,0,0,0,0,0,0,0,0,0,0,0,0,0,0,269.793,0,0,0
"MtrElec",5,14,24,"",182.171,0,0,0,0,0,0,0,0,0,0,0,0,0,0,0,0,0,0,0,0,182.171,0,0,0
"MtrElec",5,15,1,"",164.4,0,0,0,0,0,0,0,0,0,0,0,0,0,0,0,0,0,0,0,0,164.4,0,0,0
"MtrElec",5,15,2,"",147.853,0,0,0,0,0,0,0,0,0,0,0,0,0,0,0,0,0,0,0,0,147.853,0,0,0
"MtrElec",5,15,3,"",144.565,0,0,0,0,0,0,0,0,0,0,0,0,0,0,0,0,0,0,0,0,144.565,0,0,0
"MtrElec",5,15,4,"",176.477,0,0,0,0,0,0,0,0,0,0,0,0,0,0,0,0,0,0,0,0,176.477,0,0,0
"MtrElec",5,15,5,"",140.026,0,0,0,0,0,0,0,0,0,0,0,0,0,0,0,0,0,0,0,0,140.026,0,0,0
"MtrElec",5,15,6,"",147.286,0,0,0,0,0,0,0,0,0,0,0,0,0,0,0,0,0,0,0,0,147.286,0,0,0
"MtrElec",5,15,7,"",216.934,0,0,0,0,0,0,0,0,0,0,0,0,0,0,0,0,0,0,0,0,243.585,0,0,-26.6507
"MtrElec",5,15,8,"",152.99,0,0,0,0,0,0,0,0,0,0,0,0,0,0,0,0,0,0,0,0,294.388,0,0,-141.398
"MtrElec",5,15,9,"",60.3714,0,0,0,0,0,0,0,0,0,0,0,0,0,0,0,0,0,0,0,0,356.691,0,0,-296.32
"MtrElec",5,15,10,"",90.7043,0,0,0,0,0,0,0,0,0,0,0,0,0,0,0,0,0,0,0,0,409.18,0,0,-318.476
"MtrElec",5,15,11,"",0.0000156,0,0,0,0,0,0,0,0,0,0,0,0,0,0,0,0,0,0,0,0,390.895,0,184.217,-575.112
"MtrElec",5,15,12,"",0.0000156,0,0,0,0,0,0,0,0,0,0,0,0,0,0,0,0,0,0,0,0,419.809,0,159.153,-578.962
"MtrElec",5,15,13,"",-101.665,0,0,0,0,0,0,0,0,0,0,0,0,0,0,0,0,0,0,0,0,353.467,0,223.217,-678.349
"MtrElec",5,15,14,"",-117.143,0,0,0,0,0,0,0,0,0,0,0,0,0,0,0,0,0,0,0,0,363.983,0,223.217,-704.343
"MtrElec",5,15,15,"",-322.832,0,0,0,0,0,0,0,0,0,0,0,0,0,0,0,0,0,0,0,0,324.27,0,9.07776,-656.179
"MtrElec",5,15,16,"",-175.577,0,0,0,0,0,0,0,0,0,0,0,0,0,0,0,0,0,0,0,0,373.08,0,0,-548.657
"MtrElec",5,15,17,"",-43.0881,0,0,0,0,0,0,0,0,0,0,0,0,0,0,0,0,0,0,0,0,365.891,0,0,-408.979
"MtrElec",5,15,18,"",183.996,0,0,0,0,0,0,0,0,0,0,0,0,0,0,0,0,0,0,0,0,419.082,0,0,-235.086
"MtrElec",5,15,19,"",82.1468,0,0,0,0,0,0,0,0,0,0,0,0,0,0,0,0,0,0,0,0,378.724,0,-223.217,-73.36
"MtrElec",5,15,20,"",138.75,0,0,0,0,0,0,0,0,0,0,0,0,0,0,0,0,0,0,0,0,372.316,0,-223.217,-10.3489
"MtrElec",5,15,21,"",174.543,0,0,0,0,0,0,0,0,0,0,0,0,0,0,0,0,0,0,0,0,397.76,0,-223.217,0
"MtrElec",5,15,22,"",206.468,0,0,0,0,0,0,0,0,0,0,0,0,0,0,0,0,0,0,0,0,257.808,0,-51.3398,0
"MtrElec",5,15,23,"",291.717,0,0,0,0,0,0,0,0,0,0,0,0,0,0,0,0,0,0,0,0,291.717,0,0,0
"MtrElec",5,15,24,"",202.906,0,0,0,0,0,0,0,0,0,0,0,0,0,0,0,0,0,0,0,0,202.906,0,0,0
"MtrElec",5,16,1,"",147.986,0,0,0,0,0,0,0,0,0,0,0,0,0,0,0,0,0,0,0,0,147.986,0,0,0
"MtrElec",5,16,2,"",159.363,0,0,0,0,0,0,0,0,0,0,0,0,0,0,0,0,0,0,0,0,159.363,0,0,0
"MtrElec",5,16,3,"",169.127,0,0,0,0,0,0,0,0,0,0,0,0,0,0,0,0,0,0,0,0,169.127,0,0,0
"MtrElec",5,16,4,"",143.976,0,0,0,0,0,0,0,0,0,0,0,0,0,0,0,0,0,0,0,0,143.976,0,0,0
"MtrElec",5,16,5,"",154.661,0,0,0,0,0,0,0,0,0,0,0,0,0,0,0,0,0,0,0,0,154.661,0,0,0
"MtrElec",5,16,6,"",145.005,0,0,0,0,0,0,0,0,0,0,0,0,0,0,0,0,0,0,0,0,145.005,0,0,0
"MtrElec",5,16,7,"",152.993,0,0,0,0,0,0,0,0,0,0,0,0,0,0,0,0,0,0,0,0,181.481,0,0,-28.4879
"MtrElec",5,16,8,"",86.2645,0,0,0,0,0,0,0,0,0,0,0,0,0,0,0,0,0,0,0,0,221.069,0,0,-134.804
"MtrElec",5,16,9,"",52.8181,0,0,0,0,0,0,0,0,0,0,0,0,0,0,0,0,0,0,0,0,303.934,0,0,-251.116
"MtrElec",5,16,10,"",49.5742,0,0,0,0,0,0,0,0,0,0,0,0,0,0,0,0,0,0,0,0,371.862,0,0,-322.288
"MtrElec",5,16,11,"",0,0,0,0,0,0,0,0,0,0,0,0,0,0,0,0,0,0,0,0,0,496.33,0,79.6017,-575.932
"MtrElec",5,16,12,"",22.8332,0,0,0,0,0,0,0,0,0,0,0,0,0,0,0,0,0,0,0,0,470.401,0,0,-447.568
"MtrElec",5,16,13,"",84.8237,0,0,0,0,0,0,0,0,0,0,0,0,0,0,0,0,0,0,0,0,475.26,0,0,-390.436
"MtrElec",5,16,14,"",0,0,0,0,0,0,0,0,0,0,0,0,0,0,0,0,0,0,0,0,0,443.933,0,182.605,-626.538
"MtrElec",5,16,15,"",0,0,0,0,0,0,0,0,0,0,0,0,0,0,0,0,0,0,0,0,0,453.156,0,181.533,-634.689
"MtrElec",5,16,16,"",0.0000078,0,0,0,0,0,0,0,0,0,0,0,0,0,0,0,0,0,0,0,0,414.698,0,126.529,-541.227
"MtrElec",5,16,17,"",31.5611,0,0,0,0,0,0,0,0,0,0,0,0,0,0,0,0,0,0,0,0,416.564,0,0,-385.003
"MtrElec",5,16,18,"",169.914,0,0,0,0,0,0,0,0,0,0,0,0,0,0,0,0,0,0,0,0,374.806,0,0,-204.892
"MtrElec",5,16,19,"",123.166,0,0,0,0,0,0,0,0,0,0,0,0,0,0,0,0,0,0,0,0,419.383,0,-223.217,-72.9995
"MtrElec",5,16,20,"",78.3275,0,0,0,0,0,0,0,0,0,0,0,0,0,0,0,0,0,0,0,0,311.873,0,-223.217,-10.3283
"MtrElec",5,16,21,"",272.809,0,0,0,0,0,0,0,0,0,0,0,0,0,0,0,0,0,0,0,0,341.042,0,-68.2335,0
"MtrElec",5,16,22,"",254.863,0,0,0,0,0,0,0,0,0,0,0,0,0,0,0,0,0,0,0,0,254.863,0,0,0
"MtrElec",5,16,23,"",232.606,0,0,0,0,0,0,0,0,0,0,0,0,0,0,0,0,0,0,0,0,232.606,0,0,0
"MtrElec",5,16,24,"",194.283,0,0,0,0,0,0,0,0,0,0,0,0,0,0,0,0,0,0,0,0,194.283,0,0,0
"MtrElec",5,17,1,"",162.874,0,0,0,0,0,0,0,0,0,0,0,0,0,0,0,0,0,0,0,0,162.874,0,0,0
"MtrElec",5,17,2,"",146.421,0,0,0,0,0,0,0,0,0,0,0,0,0,0,0,0,0,0,0,0,146.421,0,0,0
"MtrElec",5,17,3,"",145.068,0,0,0,0,0,0,0,0,0,0,0,0,0,0,0,0,0,0,0,0,145.068,0,0,0
"MtrElec",5,17,4,"",155.645,0,0,0,0,0,0,0,0,0,0,0,0,0,0,0,0,0,0,0,0,155.645,0,0,0
"MtrElec",5,17,5,"",164.542,0,0,0,0,0,0,0,0,0,0,0,0,0,0,0,0,0,0,0,0,164.542,0,0,0
"MtrElec",5,17,6,"",146.888,0,0,0,0,0,0,0,0,0,0,0,0,0,0,0,0,0,0,0,0,146.888,0,0,0
"MtrElec",5,17,7,"",133.829,0,0,0,0,0,0,0,0,0,0,0,0,0,0,0,0,0,0,0,0,148.285,0,0,-14.4557
"MtrElec",5,17,8,"",144.943,0,0,0,0,0,0,0,0,0,0,0,0,0,0,0,0,0,0,0,0,208.88,0,0,-63.9364
"MtrElec",5,17,9,"",124.184,0,0,0,0,0,0,0,0,0,0,0,0,0,0,0,0,0,0,0,0,234.183,0,0,-109.999
"MtrElec",5,17,10,"",92.169,0,0,0,0,0,0,0,0,0,0,0,0,0,0,0,0,0,0,0,0,304.832,0,0,-212.663
"MtrElec",5,17,11,"",0,0,0,0,0,0,0,0,0,0,0,0,0,0,0,0,0,0,0,0,0,403.813,0,60.7232,-464.536
"MtrElec",5,17,12,"",98.9554,0,0,0,0,0,0,0,0,0,0,0,0,0,0,0,0,0,0,0,0,393.669,0,0,-294.713
"MtrElec",5,17,13,"",-8.584,0,0,0,0,0,0,0,0,0,0,0,0,0,0,0,0,0,0,0,0,342.473,0,223.217,-574.274
"MtrElec",5,17,14,"",0.0000156,0,0,0,0,0,0,0,0,0,0,0,0,0,0,0,0,0,0,0,0,389.305,0,194.415,-583.719
"MtrElec",5,17,15,"",41.5079,0,0,0,0,0,0,0,0,0,0,0,0,0,0,0,0,0,0,0,0,320.987,0,0,-279.479
"MtrElec",5,17,16,"",0,0,0,0,0,0,0,0,0,0,0,0,0,0,0,0,0,0,0,0,0,380.034,0,156.568,-536.602
"MtrElec",5,17,17,"",0.0000039,0,0,0,0,0,0,0,0,0,0,0,0,0,0,0,0,0,0,0,0,352.225,0,63.0249,-415.25
"MtrElec",5,17,18,"",85.6292,0,0,0,0,0,0,0,0,0,0,0,0,0,0,0,0,0,0,0,0,327.806,0,0,-242.177
"MtrElec",5,17,19,"",79.9074,0,0,0,0,0,0,0,0,0,0,0,0,0,0,0,0,0,0,0,0,374.813,0,-223.217,-71.6891
"MtrElec",5,17,20,"",72.6537,0,0,0,0,0,0,0,0,0,0,0,0,0,0,0,0,0,0,0,0,303.6,0,-223.217,-7.72903
"MtrElec",5,17,21,"",81.9612,0,0,0,0,0,0,0,0,0,0,0,0,0,0,0,0,0,0,0,0,265.426,0,-183.464,0
"MtrElec",5,17,22,"",245.397,0,0,0,0,0,0,0,0,0,0,0,0,0,0,0,0,0,0,0,0,245.397,0,0,0
"MtrElec",5,17,23,"",220.264,0,0,0,0,0,0,0,0,0,0,0,0,0,0,0,0,0,0,0,0,220.264,0,0,0
"MtrElec",5,17,24,"",238.323,0,0,0,0,0,0,0,0,0,0,0,0,0,0,0,0,0,0,0,0,238.323,0,0,0
"MtrElec",5,18,1,"",171.904,0,0,0,0,0,0,0,0,0,0,0,0,0,0,0,0,0,0,0,0,171.904,0,0,0
"MtrElec",5,18,2,"",150.07,0,0,0,0,0,0,0,0,0,0,0,0,0,0,0,0,0,0,0,0,150.07,0,0,0
"MtrElec",5,18,3,"",142.383,0,0,0,0,0,0,0,0,0,0,0,0,0,0,0,0,0,0,0,0,142.383,0,0,0
"MtrElec",5,18,4,"",142.332,0,0,0,0,0,0,0,0,0,0,0,0,0,0,0,0,0,0,0,0,142.332,0,0,0
"MtrElec",5,18,5,"",140.534,0,0,0,0,0,0,0,0,0,0,0,0,0,0,0,0,0,0,0,0,140.534,0,0,0
"MtrElec",5,18,6,"",150.355,0,0,0,0,0,0,0,0,0,0,0,0,0,0,0,0,0,0,0,0,150.355,0,0,0
"MtrElec",5,18,7,"",237.816,0,0,0,0,0,0,0,0,0,0,0,0,0,0,0,0,0,0,0,0,259.747,0,0,-21.9315
"MtrElec",5,18,8,"",151.019,0,0,0,0,0,0,0,0,0,0,0,0,0,0,0,0,0,0,0,0,289.824,0,0,-138.805
"MtrElec",5,18,9,"",-0.657969,0,0,0,0,0,0,0,0,0,0,0,0,0,0,0,0,0,0,0,0,320.399,0,0,-321.057
"MtrElec",5,18,10,"",-78.4557,0,0,0,0,0,0,0,0,0,0,0,0,0,0,0,0,0,0,0,0,396.863,0,0,-475.318
"MtrElec",5,18,11,"",0.0000156,0,0,0,0,0,0,0,0,0,0,0,0,0,0,0,0,0,0,0,0,438.006,0,140.069,-578.075
"MtrElec",5,18,12,"",-55.1411,0,0,0,0,0,0,0,0,0,0,0,0,0,0,0,0,0,0,0,0,388.172,0,223.217,-666.53
"MtrElec",5,18,13,"",-33.7663,0,0,0,0,0,0,0,0,0,0,0,0,0,0,0,0,0,0,0,0,442.152,0,223.217,-699.135
"MtrElec",5,18,14,"",-127.92,0,0,0,0,0,0,0,0,0,0,0,0,0,0,0,0,0,0,0,0,350.666,0,212.378,-690.964
"MtrElec",5,18,15,"",-254.61,0,0,0,0,0,0,0,0,0,0,0,0,0,0,0,0,0,0,0,0,401.448,0,0,-656.059
"MtrElec",5,18,16,"",-189.651,0,0,0,0,0,0,0,0,0,0,0,0,0,0,0,0,0,0,0,0,368.323,0,0,-557.974
"MtrElec",5,18,17,"",22.2104,0,0,0,0,0,0,0,0,0,0,0,0,0,0,0,0,0,0,0,0,436.437,0,0,-414.226
"MtrElec",5,18,18,"",170.08,0,0,0,0,0,0,0,0,0,0,0,0,0,0,0,0,0,0,0,0,411.33,0,0,-241.25
"MtrElec",5,18,19,"",181.473,0,0,0,0,0,0,0,0,0,0,0,0,0,0,0,0,0,0,0,0,474.444,0,-223.217,-69.7544
"MtrElec",5,18,20,"",145.979,0,0,0,0,0,0,0,0,0,0,0,0,0,0,0,0,0,0,0,0,375.813,0,-223.217,-6.6169
"MtrElec",5,18,21,"",204.925,0,0,0,0,0,0,0,0,0,0,0,0,0,0,0,0,0,0,0,0,428.142,0,-223.217,0
"MtrElec",5,18,22,"",216.891,0,0,0,0,0,0,0,0,0,0,0,0,0,0,0,0,0,0,0,0,268.231,0,-51.3398,0
"MtrElec",5,18,23,"",264.411,0,0,0,0,0,0,0,0,0,0,0,0,0,0,0,0,0,0,0,0,264.411,0,0,0
"MtrElec",5,18,24,"",191.404,0,0,0,0,0,0,0,0,0,0,0,0,0,0,0,0,0,0,0,0,191.404,0,0,0
"MtrElec",5,19,1,"",153.53,0,0,0,0,0,0,0,0,0,0,0,0,0,0,0,0,0,0,0,0,153.53,0,0,0
"MtrElec",5,19,2,"",152.624,0,0,0,0,0,0,0,0,0,0,0,0,0,0,0,0,0,0,0,0,152.624,0,0,0
"MtrElec",5,19,3,"",179.381,0,0,0,0,0,0,0,0,0,0,0,0,0,0,0,0,0,0,0,0,179.381,0,0,0
"MtrElec",5,19,4,"",143.242,0,0,0,0,0,0,0,0,0,0,0,0,0,0,0,0,0,0,0,0,143.242,0,0,0
"MtrElec",5,19,5,"",138.289,0,0,0,0,0,0,0,0,0,0,0,0,0,0,0,0,0,0,0,0,138.289,0,0,0
"MtrElec",5,19,6,"",144.276,0,0,0,0,0,0,0,0,0,0,0,0,0,0,0,0,0,0,0,0,144.276,0,0,0
"MtrElec",5,19,7,"",242.257,0,0,0,0,0,0,0,0,0,0,0,0,0,0,0,0,0,0,0,0,264.585,0,0,-22.3282
"MtrElec",5,19,8,"",134.213,0,0,0,0,0,0,0,0,0,0,0,0,0,0,0,0,0,0,0,0,274.289,0,0,-140.076
"MtrElec",5,19,9,"",39.7128,0,0,0,0,0,0,0,0,0,0,0,0,0,0,0,0,0,0,0,0,356.896,0,0,-317.183
"MtrElec",5,19,10,"",-73.2647,0,0,0,0,0,0,0,0,0,0,0,0,0,0,0,0,0,0,0,0,398.664,0,0,-471.929
"MtrElec",5,19,11,"",0,0,0,0,0,0,0,0,0,0,0,0,0,0,0,0,0,0,0,0,0,432.963,0,155.778,-588.741
"MtrElec",5,19,12,"",0,0,0,0,0,0,0,0,0,0,0,0,0,0,0,0,0,0,0,0,0,438.672,0,212.904,-651.575
"MtrElec",5,19,13,"",-33.4533,0,0,0,0,0,0,0,0,0,0,0,0,0,0,0,0,0,0,0,0,432.059,0,223.217,-688.729
"MtrElec",5,19,14,"",-70.4665,0,0,0,0,0,0,0,0,0,0,0,0,0,0,0,0,0,0,0,0,412.732,0,206.983,-690.182
"MtrElec",5,19,15,"",-227.223,0,0,0,0,0,0,0,0,0,0,0,0,0,0,0,0,0,0,0,0,418.489,0,0,-645.712
"MtrElec",5,19,16,"",-145.541,0,0,0,0,0,0,0,0,0,0,0,0,0,0,0,0,0,0,0,0,403.799,0,0,-549.34
"MtrElec",5,19,17,"",79.1128,0,0,0,0,0,0,0,0,0,0,0,0,0,0,0,0,0,0,0,0,486.209,0,0,-407.097
"MtrElec",5,19,18,"",245.181,0,0,0,0,0,0,0,0,0,0,0,0,0,0,0,0,0,0,0,0,483.644,0,0,-238.463
"MtrElec",5,19,19,"",197.122,0,0,0,0,0,0,0,0,0,0,0,0,0,0,0,0,0,0,0,0,489.646,0,-223.217,-69.3064
"MtrElec",5,19,20,"",225.304,0,0,0,0,0,0,0,0,0,0,0,0,0,0,0,0,0,0,0,0,455.94,0,-223.217,-7.41941
"MtrElec",5,19,21,"",235.948,0,0,0,0,0,0,0,0,0,0,0,0,0,0,0,0,0,0,0,0,459.165,0,-223.217,0
"MtrElec",5,19,22,"",278.69,0,0,0,0,0,0,0,0,0,0,0,0,0,0,0,0,0,0,0,0,330.03,0,-51.3398,0
"MtrElec",5,19,23,"",224.43,0,0,0,0,0,0,0,0,0,0,0,0,0,0,0,0,0,0,0,0,224.43,0,0,0
"MtrElec",5,19,24,"",235.088,0,0,0,0,0,0,0,0,0,0,0,0,0,0,0,0,0,0,0,0,235.088,0,0,0
"MtrElec",5,20,1,"",161.345,0,0,0,0,0,0,0,0,0,0,0,0,0,0,0,0,0,0,0,0,161.345,0,0,0
"MtrElec",5,20,2,"",149.729,0,0,0,0,0,0,0,0,0,0,0,0,0,0,0,0,0,0,0,0,149.729,0,0,0
"MtrElec",5,20,3,"",144.782,0,0,0,0,0,0,0,0,0,0,0,0,0,0,0,0,0,0,0,0,144.782,0,0,0
"MtrElec",5,20,4,"",150.262,0,0,0,0,0,0,0,0,0,0,0,0,0,0,0,0,0,0,0,0,150.262,0,0,0
"MtrElec",5,20,5,"",139.376,0,0,0,0,0,0,0,0,0,0,0,0,0,0,0,0,0,0,0,0,139.376,0,0,0
"MtrElec",5,20,6,"",183.421,0,0,0,0,0,0,0,0,0,0,0,0,0,0,0,0,0,0,0,0,183.421,0,0,0
"MtrElec",5,20,7,"",175.096,0,0,0,0,0,0,0,0,0,0,0,0,0,0,0,0,0,0,0,0,197.946,0,0,-22.8503
"MtrElec",5,20,8,"",159.564,0,0,0,0,0,0,0,0,0,0,0,0,0,0,0,0,0,0,0,0,297.151,0,0,-137.587
"MtrElec",5,20,9,"",84.1823,0,0,0,0,0,0,0,0,0,0,0,0,0,0,0,0,0,0,0,0,399.265,0,0,-315.082
"MtrElec",5,20,10,"",-1.69309,0,0,0,0,0,0,0,0,0,0,0,0,0,0,0,0,0,0,0,0,468.644,0,0,-470.337
"MtrElec",5,20,11,"",0,0,0,0,0,0,0,0,0,0,0,0,0,0,0,0,0,0,0,0,0,547.382,0,30.0319,-577.414
"MtrElec",5,20,12,"",0,0,0,0,0,0,0,0,0,0,0,0,0,0,0,0,0,0,0,0,0,559.704,0,87.1898,-646.893
"MtrElec",5,20,13,"",0.0000078,0,0,0,0,0,0,0,0,0,0,0,0,0,0,0,0,0,0,0,0,566.415,0,108.918,-675.333
"MtrElec",5,20,14,"",0,0,0,0,0,0,0,0,0,0,0,0,0,0,0,0,0,0,0,0,0,476.901,0,198.256,-675.158
"MtrElec",5,20,15,"",0,0,0,0,0,0,0,0,0,0,0,0,0,0,0,0,0,0,0,0,0,487.711,0,143.749,-631.459
"MtrElec",5,20,16,"",0.0000039,0,0,0,0,0,0,0,0,0,0,0,0,0,0,0,0,0,0,0,0,504.891,0,35.2468,-540.138
"MtrElec",5,20,17,"",113.78,0,0,0,0,0,0,0,0,0,0,0,0,0,0,0,0,0,0,0,0,518.215,0,0,-404.436
"MtrElec",5,20,18,"",326.993,0,0,0,0,0,0,0,0,0,0,0,0,0,0,0,0,0,0,0,0,560.464,0,0,-233.472
"MtrElec",5,20,19,"",257.982,0,0,0,0,0,0,0,0,0,0,0,0,0,0,0,0,0,0,0,0,550.429,0,-223.217,-69.2301
"MtrElec",5,20,20,"",255.978,0,0,0,0,0,0,0,0,0,0,0,0,0,0,0,0,0,0,0,0,487.622,0,-223.217,-8.42757
"MtrElec",5,20,21,"",342.278,0,0,0,0,0,0,0,0,0,0,0,0,0,0,0,0,0,0,0,0,440.405,0,-98.1269,0
"MtrElec",5,20,22,"",352.075,0,0,0,0,0,0,0,0,0,0,0,0,0,0,0,0,0,0,0,0,352.075,0,0,0
"MtrElec",5,20,23,"",257.826,0,0,0,0,0,0,0,0,0,0,0,0,0,0,0,0,0,0,0,0,257.826,0,0,0
"MtrElec",5,20,24,"",274.103,0,0,0,0,0,0,0,0,0,0,0,0,0,0,0,0,0,0,0,0,274.103,0,0,0
"MtrElec",5,21,1,"",179.679,0,0,0,0,0,0,0,0,0,0,0,0,0,0,0,0,0,0,0,0,179.679,0,0,0
"MtrElec",5,21,2,"",159.505,0,0,0,0,0,0,0,0,0,0,0,0,0,0,0,0,0,0,0,0,159.505,0,0,0
"MtrElec",5,21,3,"",150.095,0,0,0,0,0,0,0,0,0,0,0,0,0,0,0,0,0,0,0,0,150.095,0,0,0
"MtrElec",5,21,4,"",145.771,0,0,0,0,0,0,0,0,0,0,0,0,0,0,0,0,0,0,0,0,145.771,0,0,0
"MtrElec",5,21,5,"",141.734,0,0,0,0,0,0,0,0,0,0,0,0,0,0,0,0,0,0,0,0,141.734,0,0,0
"MtrElec",5,21,6,"",157.682,0,0,0,0,0,0,0,0,0,0,0,0,0,0,0,0,0,0,0,0,157.682,0,0,0
"MtrElec",5,21,7,"",237.665,0,0,0,0,0,0,0,0,0,0,0,0,0,0,0,0,0,0,0,0,259.731,0,0,-22.0662
"MtrElec",5,21,8,"",170.602,0,0,0,0,0,0,0,0,0,0,0,0,0,0,0,0,0,0,0,0,307.103,0,0,-136.502
"MtrElec",5,21,9,"",69.5686,0,0,0,0,0,0,0,0,0,0,0,0,0,0,0,0,0,0,0,0,378.031,0,0,-308.462
"MtrElec",5,21,10,"",29.5942,0,0,0,0,0,0,0,0,0,0,0,0,0,0,0,0,0,0,0,0,484.462,0,0,-454.868
"MtrElec",5,21,11,"",0.0000010,0,0,0,0,0,0,0,0,0,0,0,0,0,0,0,0,0,0,0,0,545.093,0,14.8343,-559.927
"MtrElec",5,21,12,"",0.0000078,0,0,0,0,0,0,0,0,0,0,0,0,0,0,0,0,0,0,0,0,548.597,0,95.39,-643.987
"MtrElec",5,21,13,"",0,0,0,0,0,0,0,0,0,0,0,0,0,0,0,0,0,0,0,0,0,542.919,0,141.87,-684.789
"MtrElec",5,21,14,"",0,0,0,0,0,0,0,0,0,0,0,0,0,0,0,0,0,0,0,0,0,513.172,0,165.338,-678.51
"MtrElec",5,21,15,"",0.0000156,0,0,0,0,0,0,0,0,0,0,0,0,0,0,0,0,0,0,0,0,482.715,0,149.567,-632.282
"MtrElec",5,21,16,"",0,0,0,0,0,0,0,0,0,0,0,0,0,0,0,0,0,0,0,0,0,523.009,0,16.753,-539.762
"MtrElec",5,21,17,"",122.581,0,0,0,0,0,0,0,0,0,0,0,0,0,0,0,0,0,0,0,0,530.547,0,0,-407.966
"MtrElec",5,21,18,"",304.201,0,0,0,0,0,0,0,0,0,0,0,0,0,0,0,0,0,0,0,0,544.711,0,0,-240.509
"MtrElec",5,21,19,"",240.736,0,0,0,0,0,0,0,0,0,0,0,0,0,0,0,0,0,0,0,0,533.536,0,-223.217,-69.5835
"MtrElec",5,21,20,"",247.997,0,0,0,0,0,0,0,0,0,0,0,0,0,0,0,0,0,0,0,0,478.304,0,-223.217,-7.08964
"MtrElec",5,21,21,"",377.698,0,0,0,0,0,0,0,0,0,0,0,0,0,0,0,0,0,0,0,0,458.1,0,-80.4027,0
"MtrElec",5,21,22,"",277.378,0,0,0,0,0,0,0,0,0,0,0,0,0,0,0,0,0,0,0,0,277.378,0,0,0
"MtrElec",5,21,23,"",282.429,0,0,0,0,0,0,0,0,0,0,0,0,0,0,0,0,0,0,0,0,282.429,0,0,0
"MtrElec",5,21,24,"",195.004,0,0,0,0,0,0,0,0,0,0,0,0,0,0,0,0,0,0,0,0,195.004,0,0,0
"MtrElec",5,22,1,"",151.342,0,0,0,0,0,0,0,0,0,0,0,0,0,0,0,0,0,0,0,0,151.342,0,0,0
"MtrElec",5,22,2,"",183.614,0,0,0,0,0,0,0,0,0,0,0,0,0,0,0,0,0,0,0,0,183.614,0,0,0
"MtrElec",5,22,3,"",141.434,0,0,0,0,0,0,0,0,0,0,0,0,0,0,0,0,0,0,0,0,141.434,0,0,0
"MtrElec",5,22,4,"",142.178,0,0,0,0,0,0,0,0,0,0,0,0,0,0,0,0,0,0,0,0,142.178,0,0,0
"MtrElec",5,22,5,"",141.505,0,0,0,0,0,0,0,0,0,0,0,0,0,0,0,0,0,0,0,0,141.505,0,0,0
"MtrElec",5,22,6,"",146.48,0,0,0,0,0,0,0,0,0,0,0,0,0,0,0,0,0,0,0,0,146.48,0,0,0
"MtrElec",5,22,7,"",194.545,0,0,0,0,0,0,0,0,0,0,0,0,0,0,0,0,0,0,0,0,225.568,0,0,-31.0228
"MtrElec",5,22,8,"",182.183,0,0,0,0,0,0,0,0,0,0,0,0,0,0,0,0,0,0,0,0,307.153,0,0,-124.97
"MtrElec",5,22,9,"",102.686,0,0,0,0,0,0,0,0,0,0,0,0,0,0,0,0,0,0,0,0,350.563,0,0,-247.877
"MtrElec",5,22,10,"",-46.832,0,0,0,0,0,0,0,0,0,0,0,0,0,0,0,0,0,0,0,0,425.794,0,0,-472.626
"MtrElec",5,22,11,"",0.0000078,0,0,0,0,0,0,0,0,0,0,0,0,0,0,0,0,0,0,0,0,474.035,0,102.117,-576.152
"MtrElec",5,22,12,"",0,0,0,0,0,0,0,0,0,0,0,0,0,0,0,0,0,0,0,0,0,464.058,0,176.73,-640.787
"MtrElec",5,22,13,"",0,0,0,0,0,0,0,0,0,0,0,0,0,0,0,0,0,0,0,0,0,459.711,0,207.455,-667.166
"MtrElec",5,22,14,"",-2.24469,0,0,0,0,0,0,0,0,0,0,0,0,0,0,0,0,0,0,0,0,450.058,0,223.217,-675.519
"MtrElec",5,22,15,"",-121.193,0,0,0,0,0,0,0,0,0,0,0,0,0,0,0,0,0,0,0,0,428.497,0,89.3627,-639.053
"MtrElec",5,22,16,"",-96.1635,0,0,0,0,0,0,0,0,0,0,0,0,0,0,0,0,0,0,0,0,450.341,0,0,-546.505
"MtrElec",5,22,17,"",113.416,0,0,0,0,0,0,0,0,0,0,0,0,0,0,0,0,0,0,0,0,522.122,0,0,-408.706
"MtrElec",5,22,18,"",225.129,0,0,0,0,0,0,0,0,0,0,0,0,0,0,0,0,0,0,0,0,464.447,0,0,-239.318
"MtrElec",5,22,19,"",204.486,0,0,0,0,0,0,0,0,0,0,0,0,0,0,0,0,0,0,0,0,500.131,0,-223.217,-72.4282
"MtrElec",5,22,20,"",206.889,0,0,0,0,0,0,0,0,0,0,0,0,0,0,0,0,0,0,0,0,438.948,0,-223.217,-8.8421
"MtrElec",5,22,21,"",211.954,0,0,0,0,0,0,0,0,0,0,0,0,0,0,0,0,0,0,0,0,435.171,0,-223.217,0
"MtrElec",5,22,22,"",254.616,0,0,0,0,0,0,0,0,0,0,0,0,0,0,0,0,0,0,0,0,305.956,0,-51.3398,0
"MtrElec",5,22,23,"",246.805,0,0,0,0,0,0,0,0,0,0,0,0,0,0,0,0,0,0,0,0,246.805,0,0,0
"MtrElec",5,22,24,"",198.104,0,0,0,0,0,0,0,0,0,0,0,0,0,0,0,0,0,0,0,0,198.104,0,0,0
"MtrElec",5,23,1,"",169.543,0,0,0,0,0,0,0,0,0,0,0,0,0,0,0,0,0,0,0,0,169.543,0,0,0
"MtrElec",5,23,2,"",169.476,0,0,0,0,0,0,0,0,0,0,0,0,0,0,0,0,0,0,0,0,169.476,0,0,0
"MtrElec",5,23,3,"",158.53,0,0,0,0,0,0,0,0,0,0,0,0,0,0,0,0,0,0,0,0,158.53,0,0,0
"MtrElec",5,23,4,"",144.34,0,0,0,0,0,0,0,0,0,0,0,0,0,0,0,0,0,0,0,0,144.34,0,0,0
"MtrElec",5,23,5,"",141.881,0,0,0,0,0,0,0,0,0,0,0,0,0,0,0,0,0,0,0,0,141.881,0,0,0
"MtrElec",5,23,6,"",148.642,0,0,0,0,0,0,0,0,0,0,0,0,0,0,0,0,0,0,0,0,148.642,0,0,0
"MtrElec",5,23,7,"",154.285,0,0,0,0,0,0,0,0,0,0,0,0,0,0,0,0,0,0,0,0,177.757,0,0,-23.4719
"MtrElec",5,23,8,"",103.03,0,0,0,0,0,0,0,0,0,0,0,0,0,0,0,0,0,0,0,0,243.076,0,0,-140.046
"MtrElec",5,23,9,"",-0.283906,0,0,0,0,0,0,0,0,0,0,0,0,0,0,0,0,0,0,0,0,308.82,0,0,-309.104
"MtrElec",5,23,10,"",-50.1875,0,0,0,0,0,0,0,0,0,0,0,0,0,0,0,0,0,0,0,0,371.712,0,0,-421.899
"MtrElec",5,23,11,"",0.0000078,0,0,0,0,0,0,0,0,0,0,0,0,0,0,0,0,0,0,0,0,510.661,0,72.4386,-583.099
"MtrElec",5,23,12,"",0,0,0,0,0,0,0,0,0,0,0,0,0,0,0,0,0,0,0,0,0,474.734,0,208.77,-683.504
"MtrElec",5,23,13,"",-25.8674,0,0,0,0,0,0,0,0,0,0,0,0,0,0,0,0,0,0,0,0,472.875,0,223.217,-721.959
"MtrElec",5,23,14,"",-12.2876,0,0,0,0,0,0,0,0,0,0,0,0,0,0,0,0,0,0,0,0,461.533,0,223.217,-697.037
"MtrElec",5,23,15,"",-99.7568,0,0,0,0,0,0,0,0,0,0,0,0,0,0,0,0,0,0,0,0,457.428,0,71.2393,-628.424
"MtrElec",5,23,16,"",-60.3957,0,0,0,0,0,0,0,0,0,0,0,0,0,0,0,0,0,0,0,0,470.35,0,0,-530.745
"MtrElec",5,23,17,"",60.4092,0,0,0,0,0,0,0,0,0,0,0,0,0,0,0,0,0,0,0,0,462.355,0,0,-401.946
"MtrElec",5,23,18,"",249.552,0,0,0,0,0,0,0,0,0,0,0,0,0,0,0,0,0,0,0,0,492.406,0,0,-242.854
"MtrElec",5,23,19,"",236.621,0,0,0,0,0,0,0,0,0,0,0,0,0,0,0,0,0,0,0,0,531.867,0,-223.217,-72.0298
"MtrElec",5,23,20,"",159.516,0,0,0,0,0,0,0,0,0,0,0,0,0,0,0,0,0,0,0,0,389.915,0,-223.217,-7.18269
"MtrElec",5,23,21,"",127.875,0,0,0,0,0,0,0,0,0,0,0,0,0,0,0,0,0,0,0,0,351.092,0,-223.217,0
"MtrElec",5,23,22,"",235.318,0,0,0,0,0,0,0,0,0,0,0,0,0,0,0,0,0,0,0,0,286.658,0,-51.3398,0
"MtrElec",5,23,23,"",225.422,0,0,0,0,0,0,0,0,0,0,0,0,0,0,0,0,0,0,0,0,225.422,0,0,0
"MtrElec",5,23,24,"",190.203,0,0,0,0,0,0,0,0,0,0,0,0,0,0,0,0,0,0,0,0,190.203,0,0,0
"MtrElec",5,24,1,"",156.133,0,0,0,0,0,0,0,0,0,0,0,0,0,0,0,0,0,0,0,0,156.133,0,0,0
"MtrElec",5,24,2,"",172.787,0,0,0,0,0,0,0,0,0,0,0,0,0,0,0,0,0,0,0,0,172.787,0,0,0
"MtrElec",5,24,3,"",158.753,0,0,0,0,0,0,0,0,0,0,0,0,0,0,0,0,0,0,0,0,158.753,0,0,0
"MtrElec",5,24,4,"",145.523,0,0,0,0,0,0,0,0,0,0,0,0,0,0,0,0,0,0,0,0,145.523,0,0,0
"MtrElec",5,24,5,"",169.541,0,0,0,0,0,0,0,0,0,0,0,0,0,0,0,0,0,0,0,0,169.541,0,0,0
"MtrElec",5,24,6,"",144.313,0,0,0,0,0,0,0,0,0,0,0,0,0,0,0,0,0,0,0,0,144.313,0,0,0
"MtrElec",5,24,7,"",185.836,0,0,0,0,0,0,0,0,0,0,0,0,0,0,0,0,0,0,0,0,200.927,0,0,-15.0913
"MtrElec",5,24,8,"",149.798,0,0,0,0,0,0,0,0,0,0,0,0,0,0,0,0,0,0,0,0,208.349,0,0,-58.5511
"MtrElec",5,24,9,"",182.378,0,0,0,0,0,0,0,0,0,0,0,0,0,0,0,0,0,0,0,0,303.072,0,0,-120.695
"MtrElec",5,24,10,"",76.052,0,0,0,0,0,0,0,0,0,0,0,0,0,0,0,0,0,0,0,0,326.365,0,0,-250.313
"MtrElec",5,24,11,"",0,0,0,0,0,0,0,0,0,0,0,0,0,0,0,0,0,0,0,0,0,355.098,0,134.321,-489.419
"MtrElec",5,24,12,"",0,0,0,0,0,0,0,0,0,0,0,0,0,0,0,0,0,0,0,0,0,403.349,0,197.998,-601.347
"MtrElec",5,24,13,"",0,0,0,0,0,0,0,0,0,0,0,0,0,0,0,0,0,0,0,0,0,408.198,0,215.191,-623.389
"MtrElec",5,24,14,"",-43.2236,0,0,0,0,0,0,0,0,0,0,0,0,0,0,0,0,0,0,0,0,380.286,0,223.217,-646.727
"MtrElec",5,24,15,"",-248.401,0,0,0,0,0,0,0,0,0,0,0,0,0,0,0,0,0,0,0,0,349.615,0,28.1542,-626.17
"MtrElec",5,24,16,"",-199.644,0,0,0,0,0,0,0,0,0,0,0,0,0,0,0,0,0,0,0,0,351.198,0,0,-550.842
"MtrElec",5,24,17,"",-53.5646,0,0,0,0,0,0,0,0,0,0,0,0,0,0,0,0,0,0,0,0,362.468,0,0,-416.033
"MtrElec",5,24,18,"",103.354,0,0,0,0,0,0,0,0,0,0,0,0,0,0,0,0,0,0,0,0,350.26,0,0,-246.905
"MtrElec",5,24,19,"",114.801,0,0,0,0,0,0,0,0,0,0,0,0,0,0,0,0,0,0,0,0,413.214,0,-223.217,-75.1955
"MtrElec",5,24,20,"",58.5925,0,0,0,0,0,0,0,0,0,0,0,0,0,0,0,0,0,0,0,0,291.968,0,-223.217,-10.159
"MtrElec",5,24,21,"",109.572,0,0,0,0,0,0,0,0,0,0,0,0,0,0,0,0,0,0,0,0,332.788,0,-223.217,0
"MtrElec",5,24,22,"",264.471,0,0,0,0,0,0,0,0,0,0,0,0,0,0,0,0,0,0,0,0,315.811,0,-51.3398,0
"MtrElec",5,24,23,"",191.337,0,0,0,0,0,0,0,0,0,0,0,0,0,0,0,0,0,0,0,0,191.337,0,0,0
"MtrElec",5,24,24,"",177.675,0,0,0,0,0,0,0,0,0,0,0,0,0,0,0,0,0,0,0,0,177.675,0,0,0
"MtrElec",5,25,1,"",193.255,0,0,0,0,0,0,0,0,0,0,0,0,0,0,0,0,0,0,0,0,193.255,0,0,0
"MtrElec",5,25,2,"",146.51,0,0,0,0,0,0,0,0,0,0,0,0,0,0,0,0,0,0,0,0,146.51,0,0,0
"MtrElec",5,25,3,"",144.332,0,0,0,0,0,0,0,0,0,0,0,0,0,0,0,0,0,0,0,0,144.332,0,0,0
"MtrElec",5,25,4,"",143.97,0,0,0,0,0,0,0,0,0,0,0,0,0,0,0,0,0,0,0,0,143.97,0,0,0
"MtrElec",5,25,5,"",141.774,0,0,0,0,0,0,0,0,0,0,0,0,0,0,0,0,0,0,0,0,141.774,0,0,0
"MtrElec",5,25,6,"",165.81,0,0,0,0,0,0,0,0,0,0,0,0,0,0,0,0,0,0,0,0,165.81,0,0,0
"MtrElec",5,25,7,"",190.636,0,0,0,0,0,0,0,0,0,0,0,0,0,0,0,0,0,0,0,0,205.052,0,0,-14.4164
"MtrElec",5,25,8,"",200.94,0,0,0,0,0,0,0,0,0,0,0,0,0,0,0,0,0,0,0,0,258.642,0,0,-57.7016
"MtrElec",5,25,9,"",216.721,0,0,0,0,0,0,0,0,0,0,0,0,0,0,0,0,0,0,0,0,318.799,0,0,-102.078
"MtrElec",5,25,10,"",303.219,0,0,0,0,0,0,0,0,0,0,0,0,0,0,0,0,0,0,0,0,424.733,0,0,-121.513
"MtrElec",5,25,11,"",273.2,0,0,0,0,0,0,0,0,0,0,0,0,0,0,0,0,0,0,0,0,419.41,0,0,-146.21
"MtrElec",5,25,12,"",259.819,0,0,0,0,0,0,0,0,0,0,0,0,0,0,0,0,0,0,0,0,426.35,0,0,-166.531
"MtrElec",5,25,13,"",0.0000020,0,0,0,0,0,0,0,0,0,0,0,0,0,0,0,0,0,0,0,0,411.354,0,29.5951,-440.949
"MtrElec",5,25,14,"",0,0,0,0,0,0,0,0,0,0,0,0,0,0,0,0,0,0,0,0,0,340.304,0,40.1127,-380.416
"MtrElec",5,25,15,"",42.167,0,0,0,0,0,0,0,0,0,0,0,0,0,0,0,0,0,0,0,0,363.471,0,0,-321.304
"MtrElec",5,25,16,"",0,0,0,0,0,0,0,0,0,0,0,0,0,0,0,0,0,0,0,0,0,337.56,0,19.2346,-356.795
"MtrElec",5,25,17,"",0,0,0,0,0,0,0,0,0,0,0,0,0,0,0,0,0,0,0,0,0,375.373,0,39.9222,-415.295
"MtrElec",5,25,18,"",169.992,0,0,0,0,0,0,0,0,0,0,0,0,0,0,0,0,0,0,0,0,415.633,0,0,-245.64
"MtrElec",5,25,19,"",202.715,0,0,0,0,0,0,0,0,0,0,0,0,0,0,0,0,0,0,0,0,393.379,0,-116.3,-74.3635
"MtrElec",5,25,20,"",244.838,0,0,0,0,0,0,0,0,0,0,0,0,0,0,0,0,0,0,0,0,253.29,0,0,-8.45128
"MtrElec",5,25,21,"",287.908,0,0,0,0,0,0,0,0,0,0,0,0,0,0,0,0,0,0,0,0,287.908,0,0,0
"MtrElec",5,25,22,"",254.139,0,0,0,0,0,0,0,0,0,0,0,0,0,0,0,0,0,0,0,0,254.139,0,0,0
"MtrElec",5,25,23,"",246.314,0,0,0,0,0,0,0,0,0,0,0,0,0,0,0,0,0,0,0,0,246.314,0,0,0
"MtrElec",5,25,24,"",192.918,0,0,0,0,0,0,0,0,0,0,0,0,0,0,0,0,0,0,0,0,192.918,0,0,0
"MtrElec",5,26,1,"",144.889,0,0,0,0,0,0,0,0,0,0,0,0,0,0,0,0,0,0,0,0,144.889,0,0,0
"MtrElec",5,26,2,"",147.616,0,0,0,0,0,0,0,0,0,0,0,0,0,0,0,0,0,0,0,0,147.616,0,0,0
"MtrElec",5,26,3,"",141.727,0,0,0,0,0,0,0,0,0,0,0,0,0,0,0,0,0,0,0,0,141.727,0,0,0
"MtrElec",5,26,4,"",143.321,0,0,0,0,0,0,0,0,0,0,0,0,0,0,0,0,0,0,0,0,143.321,0,0,0
"MtrElec",5,26,5,"",138.98,0,0,0,0,0,0,0,0,0,0,0,0,0,0,0,0,0,0,0,0,138.98,0,0,0
"MtrElec",5,26,6,"",167.616,0,0,0,0,0,0,0,0,0,0,0,0,0,0,0,0,0,0,0,0,167.616,0,0,0
"MtrElec",5,26,7,"",187.839,0,0,0,0,0,0,0,0,0,0,0,0,0,0,0,0,0,0,0,0,211.977,0,0,-24.1381
"MtrElec",5,26,8,"",204.554,0,0,0,0,0,0,0,0,0,0,0,0,0,0,0,0,0,0,0,0,296.003,0,0,-91.4489
"MtrElec",5,26,9,"",197.848,0,0,0,0,0,0,0,0,0,0,0,0,0,0,0,0,0,0,0,0,365.215,0,0,-167.367
"MtrElec",5,26,10,"",135.276,0,0,0,0,0,0,0,0,0,0,0,0,0,0,0,0,0,0,0,0,402.96,0,0,-267.684
"MtrElec",5,26,11,"",235.934,0,0,0,0,0,0,0,0,0,0,0,0,0,0,0,0,0,0,0,0,428.2,0,0,-192.266
"MtrElec",5,26,12,"",172.889,0,0,0,0,0,0,0,0,0,0,0,0,0,0,0,0,0,0,0,0,425.958,0,0,-253.069
"MtrElec",5,26,13,"",212.162,0,0,0,0,0,0,0,0,0,0,0,0,0,0,0,0,0,0,0,0,421.031,0,0,-208.869
"MtrElec",5,26,14,"",164.678,0,0,0,0,0,0,0,0,0,0,0,0,0,0,0,0,0,0,0,0,372.742,0,0,-208.064
"MtrElec",5,26,15,"",194.33,0,0,0,0,0,0,0,0,0,0,0,0,0,0,0,0,0,0,0,0,345.469,0,0,-151.139
"MtrElec",5,26,16,"",202.928,0,0,0,0,0,0,0,0,0,0,0,0,0,0,0,0,0,0,0,0,402.09,0,0,-199.162
"MtrElec",5,26,17,"",92.3189,0,0,0,0,0,0,0,0,0,0,0,0,0,0,0,0,0,0,0,0,400.285,0,0,-307.966
"MtrElec",5,26,18,"",209.886,0,0,0,0,0,0,0,0,0,0,0,0,0,0,0,0,0,0,0,0,417.001,0,0,-207.115
"MtrElec",5,26,19,"",316.038,0,0,0,0,0,0,0,0,0,0,0,0,0,0,0,0,0,0,0,0,392.614,0,0,-76.5769
"MtrElec",5,26,20,"",387.574,0,0,0,0,0,0,0,0,0,0,0,0,0,0,0,0,0,0,0,0,397.603,0,0,-10.029
"MtrElec",5,26,21,"",432.062,0,0,0,0,0,0,0,0,0,0,0,0,0,0,0,0,0,0,0,0,432.062,0,0,0
"MtrElec",5,26,22,"",258.947,0,0,0,0,0,0,0,0,0,0,0,0,0,0,0,0,0,0,0,0,258.947,0,0,0
"MtrElec",5,26,23,"",250.716,0,0,0,0,0,0,0,0,0,0,0,0,0,0,0,0,0,0,0,0,250.716,0,0,0
"MtrElec",5,26,24,"",187.147,0,0,0,0,0,0,0,0,0,0,0,0,0,0,0,0,0,0,0,0,187.147,0,0,0
"MtrElec",5,27,1,"",144.334,0,0,0,0,0,0,0,0,0,0,0,0,0,0,0,0,0,0,0,0,144.334,0,0,0
"MtrElec",5,27,2,"",144.932,0,0,0,0,0,0,0,0,0,0,0,0,0,0,0,0,0,0,0,0,144.932,0,0,0
"MtrElec",5,27,3,"",145.985,0,0,0,0,0,0,0,0,0,0,0,0,0,0,0,0,0,0,0,0,145.985,0,0,0
"MtrElec",5,27,4,"",174.035,0,0,0,0,0,0,0,0,0,0,0,0,0,0,0,0,0,0,0,0,174.035,0,0,0
"MtrElec",5,27,5,"",139.803,0,0,0,0,0,0,0,0,0,0,0,0,0,0,0,0,0,0,0,0,139.803,0,0,0
"MtrElec",5,27,6,"",148.997,0,0,0,0,0,0,0,0,0,0,0,0,0,0,0,0,0,0,0,0,148.997,0,0,0
"MtrElec",5,27,7,"",240.921,0,0,0,0,0,0,0,0,0,0,0,0,0,0,0,0,0,0,0,0,275.066,0,0,-34.1449
"MtrElec",5,27,8,"",168.635,0,0,0,0,0,0,0,0,0,0,0,0,0,0,0,0,0,0,0,0,313.372,0,0,-144.738
"MtrElec",5,27,9,"",59.7269,0,0,0,0,0,0,0,0,0,0,0,0,0,0,0,0,0,0,0,0,351.068,0,0,-291.341
"MtrElec",5,27,10,"",27.6807,0,0,0,0,0,0,0,0,0,0,0,0,0,0,0,0,0,0,0,0,465.829,0,0,-438.148
"MtrElec",5,27,11,"",65.9598,0,0,0,0,0,0,0,0,0,0,0,0,0,0,0,0,0,0,0,0,452.944,0,0,-386.985
"MtrElec",5,27,12,"",0,0,0,0,0,0,0,0,0,0,0,0,0,0,0,0,0,0,0,0,0,432.946,0,191.112,-624.058
"MtrElec",5,27,13,"",-71.4498,0,0,0,0,0,0,0,0,0,0,0,0,0,0,0,0,0,0,0,0,414.821,0,223.217,-709.487
"MtrElec",5,27,14,"",-101.545,0,0,0,0,0,0,0,0,0,0,0,0,0,0,0,0,0,0,0,0,376.67,0,223.217,-701.431
"MtrElec",5,27,15,"",-145.881,0,0,0,0,0,0,0,0,0,0,0,0,0,0,0,0,0,0,0,0,339.095,0,161.336,-646.312
"MtrElec",5,27,16,"",-170.855,0,0,0,0,0,0,0,0,0,0,0,0,0,0,0,0,0,0,0,0,378.819,0,0,-549.674
"MtrElec",5,27,17,"",-8.00788,0,0,0,0,0,0,0,0,0,0,0,0,0,0,0,0,0,0,0,0,407.788,0,0,-415.796
"MtrElec",5,27,18,"",209.098,0,0,0,0,0,0,0,0,0,0,0,0,0,0,0,0,0,0,0,0,454.326,0,0,-245.228
"MtrElec",5,27,19,"",94.5974,0,0,0,0,0,0,0,0,0,0,0,0,0,0,0,0,0,0,0,0,394.638,0,-223.217,-76.8236
"MtrElec",5,27,20,"",199.147,0,0,0,0,0,0,0,0,0,0,0,0,0,0,0,0,0,0,0,0,432.963,0,-223.217,-10.5988
"MtrElec",5,27,21,"",213.076,0,0,0,0,0,0,0,0,0,0,0,0,0,0,0,0,0,0,0,0,436.293,0,-223.217,0
"MtrElec",5,27,22,"",213.794,0,0,0,0,0,0,0,0,0,0,0,0,0,0,0,0,0,0,0,0,265.134,0,-51.3398,0
"MtrElec",5,27,23,"",244.499,0,0,0,0,0,0,0,0,0,0,0,0,0,0,0,0,0,0,0,0,244.499,0,0,0
"MtrElec",5,27,24,"",202.966,0,0,0,0,0,0,0,0,0,0,0,0,0,0,0,0,0,0,0,0,202.966,0,0,0
"MtrElec",5,28,1,"",153.053,0,0,0,0,0,0,0,0,0,0,0,0,0,0,0,0,0,0,0,0,153.053,0,0,0
"MtrElec",5,28,2,"",146.796,0,0,0,0,0,0,0,0,0,0,0,0,0,0,0,0,0,0,0,0,146.796,0,0,0
"MtrElec",5,28,3,"",187.503,0,0,0,0,0,0,0,0,0,0,0,0,0,0,0,0,0,0,0,0,187.503,0,0,0
"MtrElec",5,28,4,"",148.561,0,0,0,0,0,0,0,0,0,0,0,0,0,0,0,0,0,0,0,0,148.561,0,0,0
"MtrElec",5,28,5,"",146.96,0,0,0,0,0,0,0,0,0,0,0,0,0,0,0,0,0,0,0,0,146.96,0,0,0
"MtrElec",5,28,6,"",148.005,0,0,0,0,0,0,0,0,0,0,0,0,0,0,0,0,0,0,0,0,148.005,0,0,0
"MtrElec",5,28,7,"",241.285,0,0,0,0,0,0,0,0,0,0,0,0,0,0,0,0,0,0,0,0,268.049,0,0,-26.7644
"MtrElec",5,28,8,"",170.197,0,0,0,0,0,0,0,0,0,0,0,0,0,0,0,0,0,0,0,0,310.778,0,0,-140.581
"MtrElec",5,28,9,"",19.8864,0,0,0,0,0,0,0,0,0,0,0,0,0,0,0,0,0,0,0,0,329.7,0,0,-309.813
"MtrElec",5,28,10,"",-49.6632,0,0,0,0,0,0,0,0,0,0,0,0,0,0,0,0,0,0,0,0,407.253,0,0,-456.916
"MtrElec",5,28,11,"",0,0,0,0,0,0,0,0,0,0,0,0,0,0,0,0,0,0,0,0,0,454.988,0,112.756,-567.744
"MtrElec",5,28,12,"",0.0000156,0,0,0,0,0,0,0,0,0,0,0,0,0,0,0,0,0,0,0,0,437.293,0,212.294,-649.587
"MtrElec",5,28,13,"",-64.3716,0,0,0,0,0,0,0,0,0,0,0,0,0,0,0,0,0,0,0,0,413.108,0,223.217,-700.696
"MtrElec",5,28,14,"",-87.816,0,0,0,0,0,0,0,0,0,0,0,0,0,0,0,0,0,0,0,0,382.77,0,223.217,-693.803
"MtrElec",5,28,15,"",-188.74,0,0,0,0,0,0,0,0,0,0,0,0,0,0,0,0,0,0,0,0,425.279,0,27.3975,-641.417
"MtrElec",5,28,16,"",-146.764,0,0,0,0,0,0,0,0,0,0,0,0,0,0,0,0,0,0,0,0,403.294,0,0,-550.059
"MtrElec",5,28,17,"",78.7015,0,0,0,0,0,0,0,0,0,0,0,0,0,0,0,0,0,0,0,0,491.754,0,0,-413.053
"MtrElec",5,28,18,"",202.384,0,0,0,0,0,0,0,0,0,0,0,0,0,0,0,0,0,0,0,0,444.967,0,0,-242.583
"MtrElec",5,28,19,"",126.456,0,0,0,0,0,0,0,0,0,0,0,0,0,0,0,0,0,0,0,0,427.415,0,-223.217,-77.742
"MtrElec",5,28,20,"",208.511,0,0,0,0,0,0,0,0,0,0,0,0,0,0,0,0,0,0,0,0,442.93,0,-223.217,-11.2021
"MtrElec",5,28,21,"",148.003,0,0,0,0,0,0,0,0,0,0,0,0,0,0,0,0,0,0,0,0,371.22,0,-223.217,0
"MtrElec",5,28,22,"",258.602,0,0,0,0,0,0,0,0,0,0,0,0,0,0,0,0,0,0,0,0,309.942,0,-51.3398,0
"MtrElec",5,28,23,"",262.175,0,0,0,0,0,0,0,0,0,0,0,0,0,0,0,0,0,0,0,0,262.175,0,0,0
"MtrElec",5,28,24,"",232.113,0,0,0,0,0,0,0,0,0,0,0,0,0,0,0,0,0,0,0,0,232.113,0,0,0
"MtrElec",5,29,1,"",153.709,0,0,0,0,0,0,0,0,0,0,0,0,0,0,0,0,0,0,0,0,153.709,0,0,0
"MtrElec",5,29,2,"",145.446,0,0,0,0,0,0,0,0,0,0,0,0,0,0,0,0,0,0,0,0,145.446,0,0,0
"MtrElec",5,29,3,"",141.072,0,0,0,0,0,0,0,0,0,0,0,0,0,0,0,0,0,0,0,0,141.072,0,0,0
"MtrElec",5,29,4,"",149.733,0,0,0,0,0,0,0,0,0,0,0,0,0,0,0,0,0,0,0,0,149.733,0,0,0
"MtrElec",5,29,5,"",139.123,0,0,0,0,0,0,0,0,0,0,0,0,0,0,0,0,0,0,0,0,139.123,0,0,0
"MtrElec",5,29,6,"",181.96,0,0,0,0,0,0,0,0,0,0,0,0,0,0,0,0,0,0,0,0,181.96,0,0,0
"MtrElec",5,29,7,"",180.236,0,0,0,0,0,0,0,0,0,0,0,0,0,0,0,0,0,0,0,0,201.931,0,0,-21.6955
"MtrElec",5,29,8,"",213.109,0,0,0,0,0,0,0,0,0,0,0,0,0,0,0,0,0,0,0,0,292.698,0,0,-79.5899
"MtrElec",5,29,9,"",242.283,0,0,0,0,0,0,0,0,0,0,0,0,0,0,0,0,0,0,0,0,388.544,0,0,-146.26
"MtrElec",5,29,10,"",301.394,0,0,0,0,0,0,0,0,0,0,0,0,0,0,0,0,0,0,0,0,505.147,0,0,-203.753
"MtrElec",5,29,11,"",224.827,0,0,0,0,0,0,0,0,0,0,0,0,0,0,0,0,0,0,0,0,496.541,0,0,-271.714
"MtrElec",5,29,12,"",0,0,0,0,0,0,0,0,0,0,0,0,0,0,0,0,0,0,0,0,0,432.356,0,153.426,-585.782
"MtrElec",5,29,13,"",0,0,0,0,0,0,0,0,0,0,0,0,0,0,0,0,0,0,0,0,0,449.853,0,210.329,-660.182
"MtrElec",5,29,14,"",-0.287375,0,0,0,0,0,0,0,0,0,0,0,0,0,0,0,0,0,0,0,0,368.634,0,223.217,-592.138
"MtrElec",5,29,15,"",0,0,0,0,0,0,0,0,0,0,0,0,0,0,0,0,0,0,0,0,0,383.436,0,184.031,-567.467
"MtrElec",5,29,16,"",-29.899,0,0,0,0,0,0,0,0,0,0,0,0,0,0,0,0,0,0,0,0,413.104,0,27.879,-470.882
"MtrElec",5,29,17,"",71.0565,0,0,0,0,0,0,0,0,0,0,0,0,0,0,0,0,0,0,0,0,470.913,0,0,-399.856
"MtrElec",5,29,18,"",170.981,0,0,0,0,0,0,0,0,0,0,0,0,0,0,0,0,0,0,0,0,410.716,0,0,-239.734
"MtrElec",5,29,19,"",145.809,0,0,0,0,0,0,0,0,0,0,0,0,0,0,0,0,0,0,0,0,449.833,0,-223.217,-80.807
"MtrElec",5,29,20,"",155.328,0,0,0,0,0,0,0,0,0,0,0,0,0,0,0,0,0,0,0,0,391.045,0,-223.217,-12.4997
"MtrElec",5,29,21,"",161.812,0,0,0,0,0,0,0,0,0,0,0,0,0,0,0,0,0,0,0,0,385.029,0,-223.217,0
"MtrElec",5,29,22,"",248.226,0,0,0,0,0,0,0,0,0,0,0,0,0,0,0,0,0,0,0,0,299.565,0,-51.3398,0
"MtrElec",5,29,23,"",254.085,0,0,0,0,0,0,0,0,0,0,0,0,0,0,0,0,0,0,0,0,254.085,0,0,0
"MtrElec",5,29,24,"",244.245,0,0,0,0,0,0,0,0,0,0,0,0,0,0,0,0,0,0,0,0,244.245,0,0,0
"MtrElec",5,30,1,"",152.843,0,0,0,0,0,0,0,0,0,0,0,0,0,0,0,0,0,0,0,0,152.843,0,0,0
"MtrElec",5,30,2,"",148.118,0,0,0,0,0,0,0,0,0,0,0,0,0,0,0,0,0,0,0,0,148.118,0,0,0
"MtrElec",5,30,3,"",143.766,0,0,0,0,0,0,0,0,0,0,0,0,0,0,0,0,0,0,0,0,143.766,0,0,0
"MtrElec",5,30,4,"",145.416,0,0,0,0,0,0,0,0,0,0,0,0,0,0,0,0,0,0,0,0,145.416,0,0,0
"MtrElec",5,30,5,"",147.988,0,0,0,0,0,0,0,0,0,0,0,0,0,0,0,0,0,0,0,0,147.988,0,0,0
"MtrElec",5,30,6,"",142.869,0,0,0,0,0,0,0,0,0,0,0,0,0,0,0,0,0,0,0,0,142.869,0,0,0
"MtrElec",5,30,7,"",191.527,0,0,0,0,0,0,0,0,0,0,0,0,0,0,0,0,0,0,0,0,211.914,0,0,-20.3874
"MtrElec",5,30,8,"",194.746,0,0,0,0,0,0,0,0,0,0,0,0,0,0,0,0,0,0,0,0,271.879,0,0,-77.1324
"MtrElec",5,30,9,"",184.883,0,0,0,0,0,0,0,0,0,0,0,0,0,0,0,0,0,0,0,0,317.699,0,0,-132.816
"MtrElec",5,30,10,"",190.583,0,0,0,0,0,0,0,0,0,0,0,0,0,0,0,0,0,0,0,0,403.107,0,0,-212.524
"MtrElec",5,30,11,"",206.318,0,0,0,0,0,0,0,0,0,0,0,0,0,0,0,0,0,0,0,0,449.526,0,0,-243.207
"MtrElec",5,30,12,"",58.43,0,0,0,0,0,0,0,0,0,0,0,0,0,0,0,0,0,0,0,0,493.928,0,0,-435.498
"MtrElec",5,30,13,"",-1.04284,0,0,0,0,0,0,0,0,0,0,0,0,0,0,0,0,0,0,0,0,474.356,0,223.217,-698.615
"MtrElec",5,30,14,"",0,0,0,0,0,0,0,0,0,0,0,0,0,0,0,0,0,0,0,0,0,458.373,0,219.932,-678.305
"MtrElec",5,30,15,"",0.0000156,0,0,0,0,0,0,0,0,0,0,0,0,0,0,0,0,0,0,0,0,447.263,0,157.641,-604.904
"MtrElec",5,30,16,"",0,0,0,0,0,0,0,0,0,0,0,0,0,0,0,0,0,0,0,0,0,435.764,0,82.9401,-518.705
"MtrElec",5,30,17,"",52.5634,0,0,0,0,0,0,0,0,0,0,0,0,0,0,0,0,0,0,0,0,435.181,0,0,-382.617
"MtrElec",5,30,18,"",246.55,0,0,0,0,0,0,0,0,0,0,0,0,0,0,0,0,0,0,0,0,413.927,0,0,-167.377
"MtrElec",5,30,19,"",185.446,0,0,0,0,0,0,0,0,0,0,0,0,0,0,0,0,0,0,0,0,449.928,0,-223.217,-41.2657
"MtrElec",5,30,20,"",88.7696,0,0,0,0,0,0,0,0,0,0,0,0,0,0,0,0,0,0,0,0,316.762,0,-223.217,-4.77547
"MtrElec",5,30,21,"",185.407,0,0,0,0,0,0,0,0,0,0,0,0,0,0,0,0,0,0,0,0,356.04,0,-170.632,0
"MtrElec",5,30,22,"",340.196,0,0,0,0,0,0,0,0,0,0,0,0,0,0,0,0,0,0,0,0,340.196,0,0,0
"MtrElec",5,30,23,"",192.585,0,0,0,0,0,0,0,0,0,0,0,0,0,0,0,0,0,0,0,0,192.585,0,0,0
"MtrElec",5,30,24,"",183.18,0,0,0,0,0,0,0,0,0,0,0,0,0,0,0,0,0,0,0,0,183.18,0,0,0
"MtrElec",5,31,1,"",150.933,0,0,0,0,0,0,0,0,0,0,0,0,0,0,0,0,0,0,0,0,150.933,0,0,0
"MtrElec",5,31,2,"",181.406,0,0,0,0,0,0,0,0,0,0,0,0,0,0,0,0,0,0,0,0,181.406,0,0,0
"MtrElec",5,31,3,"",142.663,0,0,0,0,0,0,0,0,0,0,0,0,0,0,0,0,0,0,0,0,142.663,0,0,0
"MtrElec",5,31,4,"",145.564,0,0,0,0,0,0,0,0,0,0,0,0,0,0,0,0,0,0,0,0,145.564,0,0,0
"MtrElec",5,31,5,"",178.613,0,0,0,0,0,0,0,0,0,0,0,0,0,0,0,0,0,0,0,0,178.613,0,0,0
"MtrElec",5,31,6,"",146.686,0,0,0,0,0,0,0,0,0,0,0,0,0,0,0,0,0,0,0,0,146.686,0,0,0
"MtrElec",5,31,7,"",182.289,0,0,0,0,0,0,0,0,0,0,0,0,0,0,0,0,0,0,0,0,196.678,0,0,-14.3894
"MtrElec",5,31,8,"",143.397,0,0,0,0,0,0,0,0,0,0,0,0,0,0,0,0,0,0,0,0,200.292,0,0,-56.8951
"MtrElec",5,31,9,"",212.382,0,0,0,0,0,0,0,0,0,0,0,0,0,0,0,0,0,0,0,0,298.971,0,0,-86.5893
"MtrElec",5,31,10,"",186.862,0,0,0,0,0,0,0,0,0,0,0,0,0,0,0,0,0,0,0,0,309.636,0,0,-122.774
"MtrElec",5,31,11,"",303.958,0,0,0,0,0,0,0,0,0,0,0,0,0,0,0,0,0,0,0,0,376.086,0,0,-72.1278
"MtrElec",5,31,12,"",172.357,0,0,0,0,0,0,0,0,0,0,0,0,0,0,0,0,0,0,0,0,376.833,0,0,-204.476
"MtrElec",5,31,13,"",133.179,0,0,0,0,0,0,0,0,0,0,0,0,0,0,0,0,0,0,0,0,430.66,0,0,-297.481
"MtrElec",5,31,14,"",177.801,0,0,0,0,0,0,0,0,0,0,0,0,0,0,0,0,0,0,0,0,348.608,0,0,-170.807
"MtrElec",5,31,15,"",82.0621,0,0,0,0,0,0,0,0,0,0,0,0,0,0,0,0,0,0,0,0,334.254,0,0,-252.191
"MtrElec",5,31,16,"",131.009,0,0,0,0,0,0,0,0,0,0,0,0,0,0,0,0,0,0,0,0,363.134,0,0,-232.125
"MtrElec",5,31,17,"",120.264,0,0,0,0,0,0,0,0,0,0,0,0,0,0,0,0,0,0,0,0,316.108,0,0,-195.844
"MtrElec",5,31,18,"",166.129,0,0,0,0,0,0,0,0,0,0,0,0,0,0,0,0,0,0,0,0,344.592,0,0,-178.463
"MtrElec",5,31,19,"",348.713,0,0,0,0,0,0,0,0,0,0,0,0,0,0,0,0,0,0,0,0,428.121,0,0,-79.4082
"MtrElec",5,31,20,"",297.658,0,0,0,0,0,0,0,0,0,0,0,0,0,0,0,0,0,0,0,0,310.105,0,0,-12.4467
"MtrElec",5,31,21,"",284.776,0,0,0,0,0,0,0,0,0,0,0,0,0,0,0,0,0,0,0,0,284.776,0,0,0
"MtrElec",5,31,22,"",275.533,0,0,0,0,0,0,0,0,0,0,0,0,0,0,0,0,0,0,0,0,275.533,0,0,0
"MtrElec",5,31,23,"",228.216,0,0,0,0,0,0,0,0,0,0,0,0,0,0,0,0,0,0,0,0,228.216,0,0,0
"MtrElec",5,31,24,"",187.823,0,0,0,0,0,0,0,0,0,0,0,0,0,0,0,0,0,0,0,0,187.823,0,0,0
"MtrElec",6,1,1,"",156.776,0,0,0,0,0,0,0,0,0,0,0,0,0,0,0,0,0,0,0,0,156.776,0,0,0
"MtrElec",6,1,2,"",145.252,0,0,0,0,0,0,0,0,0,0,0,0,0,0,0,0,0,0,0,0,145.252,0,0,0
"MtrElec",6,1,3,"",140.73,0,0,0,0,0,0,0,0,0,0,0,0,0,0,0,0,0,0,0,0,140.73,0,0,0
"MtrElec",6,1,4,"",141.423,0,0,0,0,0,0,0,0,0,0,0,0,0,0,0,0,0,0,0,0,141.423,0,0,0
"MtrElec",6,1,5,"",136.277,0,0,0,0,0,0,0,0,0,0,0,0,0,0,0,0,0,0,0,0,136.277,0,0,0
"MtrElec",6,1,6,"",179.975,0,0,0,0,0,0,0,0,0,0,0,0,0,0,0,0,0,0,0,0,179.975,0,0,0
"MtrElec",6,1,7,"",214.695,0,0,0,0,0,0,0,0,0,0,0,0,0,0,0,0,0,0,0,0,222.486,0,0,-7.7908
"MtrElec",6,1,8,"",284.777,0,0,0,0,0,0,0,0,0,0,0,0,0,0,0,0,0,0,0,0,319.814,0,0,-35.0367
"MtrElec",6,1,9,"",311.5,0,0,0,0,0,0,0,0,0,0,0,0,0,0,0,0,0,0,0,0,381.334,0,0,-69.8336
"MtrElec",6,1,10,"",234.874,0,0,0,0,0,0,0,0,0,0,0,0,0,0,0,0,0,0,0,0,360.714,0,0,-125.841
"MtrElec",6,1,11,"",244.313,0,0,0,0,0,0,0,0,0,0,0,0,0,0,0,0,0,0,0,0,421.822,0,0,-177.51
"MtrElec",6,1,12,"",66.0478,0,0,0,0,0,0,0,0,0,0,0,0,0,0,0,0,0,0,0,0,413.282,0,0,-347.234
"MtrElec",6,1,13,"",0,0,0,0,0,0,0,0,0,0,0,0,0,0,0,0,0,0,0,0,0,390.407,0,222.806,-613.213
"MtrElec",6,1,14,"",-27.1936,0,0,0,0,0,0,0,0,0,0,0,0,0,0,0,0,0,0,0,0,407.413,0,223.217,-657.823
"MtrElec",6,1,15,"",0,0,0,0,0,0,0,0,0,0,0,0,0,0,0,0,0,0,0,0,0,402.772,0,219.459,-622.232
"MtrElec",6,1,16,"",0.0000078,0,0,0,0,0,0,0,0,0,0,0,0,0,0,0,0,0,0,0,0,420.481,0,113.244,-533.726
"MtrElec",6,1,17,"",41.2386,0,0,0,0,0,0,0,0,0,0,0,0,0,0,0,0,0,0,0,0,453.405,0,0,-412.167
"MtrElec",6,1,18,"",201.861,0,0,0,0,0,0,0,0,0,0,0,0,0,0,0,0,0,0,0,0,450.109,0,0,-248.248
"MtrElec",6,1,19,"",127.267,0,0,0,0,0,0,0,0,0,0,0,0,0,0,0,0,0,0,0,0,432.223,0,-223.217,-81.7387
"MtrElec",6,1,20,"",141.161,0,0,0,0,0,0,0,0,0,0,0,0,0,0,0,0,0,0,0,0,376.775,0,-223.217,-12.3972
"MtrElec",6,1,21,"",139.088,0,0,0,0,0,0,0,0,0,0,0,0,0,0,0,0,0,0,0,0,362.304,0,-223.217,0
"MtrElec",6,1,22,"",239.699,0,0,0,0,0,0,0,0,0,0,0,0,0,0,0,0,0,0,0,0,272.849,0,-33.1502,0
"MtrElec",6,1,23,"",243.381,0,0,0,0,0,0,0,0,0,0,0,0,0,0,0,0,0,0,0,0,243.381,0,0,0
"MtrElec",6,1,24,"",237.097,0,0,0,0,0,0,0,0,0,0,0,0,0,0,0,0,0,0,0,0,237.097,0,0,0
"MtrElec",6,2,1,"",177.111,0,0,0,0,0,0,0,0,0,0,0,0,0,0,0,0,0,0,0,0,177.111,0,0,0
"MtrElec",6,2,2,"",145.295,0,0,0,0,0,0,0,0,0,0,0,0,0,0,0,0,0,0,0,0,145.295,0,0,0
"MtrElec",6,2,3,"",141.359,0,0,0,0,0,0,0,0,0,0,0,0,0,0,0,0,0,0,0,0,141.359,0,0,0
"MtrElec",6,2,4,"",141.796,0,0,0,0,0,0,0,0,0,0,0,0,0,0,0,0,0,0,0,0,141.796,0,0,0
"MtrElec",6,2,5,"",139.466,0,0,0,0,0,0,0,0,0,0,0,0,0,0,0,0,0,0,0,0,139.466,0,0,0
"MtrElec",6,2,6,"",152.159,0,0,0,0,0,0,0,0,0,0,0,0,0,0,0,0,0,0,0,0,152.159,0,0,0
"MtrElec",6,2,7,"",244.004,0,0,0,0,0,0,0,0,0,0,0,0,0,0,0,0,0,0,0,0,270.168,0,0,-26.1639
"MtrElec",6,2,8,"",173.771,0,0,0,0,0,0,0,0,0,0,0,0,0,0,0,0,0,0,0,0,313.765,0,0,-139.994
"MtrElec",6,2,9,"",37.7907,0,0,0,0,0,0,0,0,0,0,0,0,0,0,0,0,0,0,0,0,347.619,0,0,-309.828
"MtrElec",6,2,10,"",-6.27066,0,0,0,0,0,0,0,0,0,0,0,0,0,0,0,0,0,0,0,0,453.726,0,0,-459.997
"MtrElec",6,2,11,"",0,0,0,0,0,0,0,0,0,0,0,0,0,0,0,0,0,0,0,0,0,485.844,0,87.6808,-573.525
"MtrElec",6,2,12,"",0,0,0,0,0,0,0,0,0,0,0,0,0,0,0,0,0,0,0,0,0,482.538,0,161.597,-644.135
"MtrElec",6,2,13,"",0,0,0,0,0,0,0,0,0,0,0,0,0,0,0,0,0,0,0,0,0,500.414,0,174.117,-674.532
"MtrElec",6,2,14,"",-45.0465,0,0,0,0,0,0,0,0,0,0,0,0,0,0,0,0,0,0,0,0,415.503,0,223.217,-683.766
"MtrElec",6,2,15,"",-58.8542,0,0,0,0,0,0,0,0,0,0,0,0,0,0,0,0,0,0,0,0,431.41,0,152.269,-642.534
"MtrElec",6,2,16,"",-117.576,0,0,0,0,0,0,0,0,0,0,0,0,0,0,0,0,0,0,0,0,432.496,0,0,-550.071
"MtrElec",6,2,17,"",35.4472,0,0,0,0,0,0,0,0,0,0,0,0,0,0,0,0,0,0,0,0,452.238,0,0,-416.791
"MtrElec",6,2,18,"",254.667,0,0,0,0,0,0,0,0,0,0,0,0,0,0,0,0,0,0,0,0,504.731,0,0,-250.064
"MtrElec",6,2,19,"",186.959,0,0,0,0,0,0,0,0,0,0,0,0,0,0,0,0,0,0,0,0,489.26,0,-223.217,-79.0837
"MtrElec",6,2,20,"",206.583,0,0,0,0,0,0,0,0,0,0,0,0,0,0,0,0,0,0,0,0,439.815,0,-223.217,-10.0148
"MtrElec",6,2,21,"",200.759,0,0,0,0,0,0,0,0,0,0,0,0,0,0,0,0,0,0,0,0,423.975,0,-223.217,0
"MtrElec",6,2,22,"",194.818,0,0,0,0,0,0,0,0,0,0,0,0,0,0,0,0,0,0,0,0,246.158,0,-51.3398,0
"MtrElec",6,2,23,"",256.464,0,0,0,0,0,0,0,0,0,0,0,0,0,0,0,0,0,0,0,0,256.464,0,0,0
"MtrElec",6,2,24,"",173.022,0,0,0,0,0,0,0,0,0,0,0,0,0,0,0,0,0,0,0,0,173.022,0,0,0
"MtrElec",6,3,1,"",153.238,0,0,0,0,0,0,0,0,0,0,0,0,0,0,0,0,0,0,0,0,153.238,0,0,0
"MtrElec",6,3,2,"",146.47,0,0,0,0,0,0,0,0,0,0,0,0,0,0,0,0,0,0,0,0,146.47,0,0,0
"MtrElec",6,3,3,"",180.162,0,0,0,0,0,0,0,0,0,0,0,0,0,0,0,0,0,0,0,0,180.162,0,0,0
"MtrElec",6,3,4,"",144.261,0,0,0,0,0,0,0,0,0,0,0,0,0,0,0,0,0,0,0,0,144.261,0,0,0
"MtrElec",6,3,5,"",142.743,0,0,0,0,0,0,0,0,0,0,0,0,0,0,0,0,0,0,0,0,142.743,0,0,0
"MtrElec",6,3,6,"",144.554,0,0,0,0,0,0,0,0,0,0,0,0,0,0,0,0,0,0,0,0,144.554,0,0,0
"MtrElec",6,3,7,"",218.07,0,0,0,0,0,0,0,0,0,0,0,0,0,0,0,0,0,0,0,0,242.18,0,0,-24.1095
"MtrElec",6,3,8,"",150.101,0,0,0,0,0,0,0,0,0,0,0,0,0,0,0,0,0,0,0,0,292.078,0,0,-141.977
"MtrElec",6,3,9,"",55.5415,0,0,0,0,0,0,0,0,0,0,0,0,0,0,0,0,0,0,0,0,373.373,0,0,-317.832
"MtrElec",6,3,10,"",-7.77103,0,0,0,0,0,0,0,0,0,0,0,0,0,0,0,0,0,0,0,0,458.278,0,0,-466.049
"MtrElec",6,3,11,"",0,0,0,0,0,0,0,0,0,0,0,0,0,0,0,0,0,0,0,0,0,427.442,0,153.759,-581.202
"MtrElec",6,3,12,"",0.0000156,0,0,0,0,0,0,0,0,0,0,0,0,0,0,0,0,0,0,0,0,455.405,0,190.509,-645.914
"MtrElec",6,3,13,"",0.0000156,0,0,0,0,0,0,0,0,0,0,0,0,0,0,0,0,0,0,0,0,525.176,0,148.611,-673.787
"MtrElec",6,3,14,"",-26.9709,0,0,0,0,0,0,0,0,0,0,0,0,0,0,0,0,0,0,0,0,423.276,0,223.217,-673.464
"MtrElec",6,3,15,"",-110.416,0,0,0,0,0,0,0,0,0,0,0,0,0,0,0,0,0,0,0,0,433.434,0,82.7851,-626.635
"MtrElec",6,3,16,"",-66.2347,0,0,0,0,0,0,0,0,0,0,0,0,0,0,0,0,0,0,0,0,463.921,0,0,-530.156
"MtrElec",6,3,17,"",143.562,0,0,0,0,0,0,0,0,0,0,0,0,0,0,0,0,0,0,0,0,536.648,0,0,-393.085
"MtrElec",6,3,18,"",332.091,0,0,0,0,0,0,0,0,0,0,0,0,0,0,0,0,0,0,0,0,572.025,0,0,-239.934
"MtrElec",6,3,19,"",219.873,0,0,0,0,0,0,0,0,0,0,0,0,0,0,0,0,0,0,0,0,523.907,0,-223.217,-80.8173
"MtrElec",6,3,20,"",214.001,0,0,0,0,0,0,0,0,0,0,0,0,0,0,0,0,0,0,0,0,448.922,0,-223.217,-11.7033
"MtrElec",6,3,21,"",199.51,0,0,0,0,0,0,0,0,0,0,0,0,0,0,0,0,0,0,0,0,422.727,0,-223.217,0
"MtrElec",6,3,22,"",225.736,0,0,0,0,0,0,0,0,0,0,0,0,0,0,0,0,0,0,0,0,277.075,0,-51.3398,0
"MtrElec",6,3,23,"",268.386,0,0,0,0,0,0,0,0,0,0,0,0,0,0,0,0,0,0,0,0,268.386,0,0,0
"MtrElec",6,3,24,"",192.542,0,0,0,0,0,0,0,0,0,0,0,0,0,0,0,0,0,0,0,0,192.542,0,0,0
"MtrElec",6,4,1,"",146.774,0,0,0,0,0,0,0,0,0,0,0,0,0,0,0,0,0,0,0,0,146.774,0,0,0
"MtrElec",6,4,2,"",143.938,0,0,0,0,0,0,0,0,0,0,0,0,0,0,0,0,0,0,0,0,143.938,0,0,0
"MtrElec",6,4,3,"",140.63,0,0,0,0,0,0,0,0,0,0,0,0,0,0,0,0,0,0,0,0,140.63,0,0,0
"MtrElec",6,4,4,"",141.637,0,0,0,0,0,0,0,0,0,0,0,0,0,0,0,0,0,0,0,0,141.637,0,0,0
"MtrElec",6,4,5,"",171.782,0,0,0,0,0,0,0,0,0,0,0,0,0,0,0,0,0,0,0,0,171.782,0,0,0
"MtrElec",6,4,6,"",145.981,0,0,0,0,0,0,0,0,0,0,0,0,0,0,0,0,0,0,0,0,145.981,0,0,0
"MtrElec",6,4,7,"",199.012,0,0,0,0,0,0,0,0,0,0,0,0,0,0,0,0,0,0,0,0,235.603,0,0,-36.5908
"MtrElec",6,4,8,"",147.729,0,0,0,0,0,0,0,0,0,0,0,0,0,0,0,0,0,0,0,0,289.031,0,0,-141.301
"MtrElec",6,4,9,"",57.7121,0,0,0,0,0,0,0,0,0,0,0,0,0,0,0,0,0,0,0,0,328.355,0,0,-270.643
"MtrElec",6,4,10,"",-10.2415,0,0,0,0,0,0,0,0,0,0,0,0,0,0,0,0,0,0,0,0,438.47,0,0,-448.712
"MtrElec",6,4,11,"",0,0,0,0,0,0,0,0,0,0,0,0,0,0,0,0,0,0,0,0,0,426.176,0,162.701,-588.878
"MtrElec",6,4,12,"",-15.0648,0,0,0,0,0,0,0,0,0,0,0,0,0,0,0,0,0,0,0,0,434.321,0,223.217,-672.603
"MtrElec",6,4,13,"",0.0000156,0,0,0,0,0,0,0,0,0,0,0,0,0,0,0,0,0,0,0,0,479.201,0,221.725,-700.926
"MtrElec",6,4,14,"",-107.747,0,0,0,0,0,0,0,0,0,0,0,0,0,0,0,0,0,0,0,0,393.096,0,191.238,-692.08
"MtrElec",6,4,15,"",-271.713,0,0,0,0,0,0,0,0,0,0,0,0,0,0,0,0,0,0,0,0,379.45,0,0,-651.163
"MtrElec",6,4,16,"",-106.508,0,0,0,0,0,0,0,0,0,0,0,0,0,0,0,0,0,0,0,0,447.352,0,0,-553.86
"MtrElec",6,4,17,"",44.4773,0,0,0,0,0,0,0,0,0,0,0,0,0,0,0,0,0,0,0,0,457.704,0,0,-413.227
"MtrElec",6,4,18,"",265.732,0,0,0,0,0,0,0,0,0,0,0,0,0,0,0,0,0,0,0,0,515.997,0,0,-250.265
"MtrElec",6,4,19,"",169.867,0,0,0,0,0,0,0,0,0,0,0,0,0,0,0,0,0,0,0,0,474.124,0,-223.217,-81.0395
"MtrElec",6,4,20,"",139.021,0,0,0,0,0,0,0,0,0,0,0,0,0,0,0,0,0,0,0,0,371.623,0,-223.217,-9.38511
"MtrElec",6,4,21,"",168.558,0,0,0,0,0,0,0,0,0,0,0,0,0,0,0,0,0,0,0,0,391.775,0,-223.217,0
"MtrElec",6,4,22,"",187.511,0,0,0,0,0,0,0,0,0,0,0,0,0,0,0,0,0,0,0,0,238.851,0,-51.3398,0
"MtrElec",6,4,23,"",263.052,0,0,0,0,0,0,0,0,0,0,0,0,0,0,0,0,0,0,0,0,263.052,0,0,0
"MtrElec",6,4,24,"",170.433,0,0,0,0,0,0,0,0,0,0,0,0,0,0,0,0,0,0,0,0,170.433,0,0,0
"MtrElec",6,5,1,"",154.324,0,0,0,0,0,0,0,0,0,0,0,0,0,0,0,0,0,0,0,0,154.324,0,0,0
"MtrElec",6,5,2,"",145.684,0,0,0,0,0,0,0,0,0,0,0,0,0,0,0,0,0,0,0,0,145.684,0,0,0
"MtrElec",6,5,3,"",139.08,0,0,0,0,0,0,0,0,0,0,0,0,0,0,0,0,0,0,0,0,139.08,0,0,0
"MtrElec",6,5,4,"",144.709,0,0,0,0,0,0,0,0,0,0,0,0,0,0,0,0,0,0,0,0,144.709,0,0,0
"MtrElec",6,5,5,"",138.005,0,0,0,0,0,0,0,0,0,0,0,0,0,0,0,0,0,0,0,0,138.005,0,0,0
"MtrElec",6,5,6,"",185.201,0,0,0,0,0,0,0,0,0,0,0,0,0,0,0,0,0,0,0,0,185.201,0,0,0
"MtrElec",6,5,7,"",207.569,0,0,0,0,0,0,0,0,0,0,0,0,0,0,0,0,0,0,0,0,240.404,0,0,-32.8357
"MtrElec",6,5,8,"",187.208,0,0,0,0,0,0,0,0,0,0,0,0,0,0,0,0,0,0,0,0,305.872,0,0,-118.664
"MtrElec",6,5,9,"",133.165,0,0,0,0,0,0,0,0,0,0,0,0,0,0,0,0,0,0,0,0,328.421,0,0,-195.255
"MtrElec",6,5,10,"",88.7386,0,0,0,0,0,0,0,0,0,0,0,0,0,0,0,0,0,0,0,0,422.863,0,0,-334.125
"MtrElec",6,5,11,"",0,0,0,0,0,0,0,0,0,0,0,0,0,0,0,0,0,0,0,0,0,363.277,0,193.289,-556.566
"MtrElec",6,5,12,"",-44.5692,0,0,0,0,0,0,0,0,0,0,0,0,0,0,0,0,0,0,0,0,393.106,0,223.217,-660.892
"MtrElec",6,5,13,"",-126.539,0,0,0,0,0,0,0,0,0,0,0,0,0,0,0,0,0,0,0,0,358.831,0,223.217,-708.587
"MtrElec",6,5,14,"",-177.718,0,0,0,0,0,0,0,0,0,0,0,0,0,0,0,0,0,0,0,0,355.907,0,159.158,-692.783
"MtrElec",6,5,15,"",-280.721,0,0,0,0,0,0,0,0,0,0,0,0,0,0,0,0,0,0,0,0,365.645,0,0,-646.366
"MtrElec",6,5,16,"",-172.655,0,0,0,0,0,0,0,0,0,0,0,0,0,0,0,0,0,0,0,0,388.749,0,0,-561.404
"MtrElec",6,5,17,"",-3.58713,0,0,0,0,0,0,0,0,0,0,0,0,0,0,0,0,0,0,0,0,421.123,0,0,-424.71
"MtrElec",6,5,18,"",147.822,0,0,0,0,0,0,0,0,0,0,0,0,0,0,0,0,0,0,0,0,405.659,0,0,-257.838
"MtrElec",6,5,19,"",92.7545,0,0,0,0,0,0,0,0,0,0,0,0,0,0,0,0,0,0,0,0,397.432,0,-223.217,-81.461
"MtrElec",6,5,20,"",152.998,0,0,0,0,0,0,0,0,0,0,0,0,0,0,0,0,0,0,0,0,385.65,0,-223.217,-9.43527
"MtrElec",6,5,21,"",184.411,0,0,0,0,0,0,0,0,0,0,0,0,0,0,0,0,0,0,0,0,407.628,0,-223.217,0
"MtrElec",6,5,22,"",230.086,0,0,0,0,0,0,0,0,0,0,0,0,0,0,0,0,0,0,0,0,281.425,0,-51.3398,0
"MtrElec",6,5,23,"",249.853,0,0,0,0,0,0,0,0,0,0,0,0,0,0,0,0,0,0,0,0,249.853,0,0,0
"MtrElec",6,5,24,"",201.399,0,0,0,0,0,0,0,0,0,0,0,0,0,0,0,0,0,0,0,0,201.399,0,0,0
"MtrElec",6,6,1,"",163.251,0,0,0,0,0,0,0,0,0,0,0,0,0,0,0,0,0,0,0,0,163.251,0,0,0
"MtrElec",6,6,2,"",144.534,0,0,0,0,0,0,0,0,0,0,0,0,0,0,0,0,0,0,0,0,144.534,0,0,0
"MtrElec",6,6,3,"",181.424,0,0,0,0,0,0,0,0,0,0,0,0,0,0,0,0,0,0,0,0,181.424,0,0,0
"MtrElec",6,6,4,"",144.361,0,0,0,0,0,0,0,0,0,0,0,0,0,0,0,0,0,0,0,0,144.361,0,0,0
"MtrElec",6,6,5,"",163.417,0,0,0,0,0,0,0,0,0,0,0,0,0,0,0,0,0,0,0,0,163.417,0,0,0
"MtrElec",6,6,6,"",141.791,0,0,0,0,0,0,0,0,0,0,0,0,0,0,0,0,0,0,0,0,141.791,0,0,0
"MtrElec",6,6,7,"",165.831,0,0,0,0,0,0,0,0,0,0,0,0,0,0,0,0,0,0,0,0,182.456,0,0,-16.625
"MtrElec",6,6,8,"",177.814,0,0,0,0,0,0,0,0,0,0,0,0,0,0,0,0,0,0,0,0,238.689,0,0,-60.8748
"MtrElec",6,6,9,"",195.041,0,0,0,0,0,0,0,0,0,0,0,0,0,0,0,0,0,0,0,0,302.713,0,0,-107.672
"MtrElec",6,6,10,"",221.986,0,0,0,0,0,0,0,0,0,0,0,0,0,0,0,0,0,0,0,0,392.894,0,0,-170.909
"MtrElec",6,6,11,"",236.616,0,0,0,0,0,0,0,0,0,0,0,0,0,0,0,0,0,0,0,0,494.378,0,0,-257.762
"MtrElec",6,6,12,"",0,0,0,0,0,0,0,0,0,0,0,0,0,0,0,0,0,0,0,0,0,525.333,0,16.7109,-542.044
"MtrElec",6,6,13,"",0,0,0,0,0,0,0,0,0,0,0,0,0,0,0,0,0,0,0,0,0,479.941,0,198.45,-678.392
"MtrElec",6,6,14,"",-2.87991,0,0,0,0,0,0,0,0,0,0,0,0,0,0,0,0,0,0,0,0,455.353,0,223.217,-681.45
"MtrElec",6,6,15,"",0,0,0,0,0,0,0,0,0,0,0,0,0,0,0,0,0,0,0,0,0,450.447,0,176.32,-626.767
"MtrElec",6,6,16,"",0.0000078,0,0,0,0,0,0,0,0,0,0,0,0,0,0,0,0,0,0,0,0,424.051,0,124.397,-548.448
"MtrElec",6,6,17,"",0.0000005,0,0,0,0,0,0,0,0,0,0,0,0,0,0,0,0,0,0,0,0,414.947,0,6.09647,-421.043
"MtrElec",6,6,18,"",177.938,0,0,0,0,0,0,0,0,0,0,0,0,0,0,0,0,0,0,0,0,429.906,0,0,-251.968
"MtrElec",6,6,19,"",191.615,0,0,0,0,0,0,0,0,0,0,0,0,0,0,0,0,0,0,0,0,496.405,0,-223.217,-81.573
"MtrElec",6,6,20,"",101.634,0,0,0,0,0,0,0,0,0,0,0,0,0,0,0,0,0,0,0,0,335.448,0,-223.217,-10.5978
"MtrElec",6,6,21,"",100.636,0,0,0,0,0,0,0,0,0,0,0,0,0,0,0,0,0,0,0,0,323.853,0,-223.217,0
"MtrElec",6,6,22,"",300.724,0,0,0,0,0,0,0,0,0,0,0,0,0,0,0,0,0,0,0,0,303.609,0,-2.88516,0
"MtrElec",6,6,23,"",220.734,0,0,0,0,0,0,0,0,0,0,0,0,0,0,0,0,0,0,0,0,220.734,0,0,0
"MtrElec",6,6,24,"",221.587,0,0,0,0,0,0,0,0,0,0,0,0,0,0,0,0,0,0,0,0,221.587,0,0,0
"MtrElec",6,7,1,"",151.153,0,0,0,0,0,0,0,0,0,0,0,0,0,0,0,0,0,0,0,0,151.153,0,0,0
"MtrElec",6,7,2,"",144.519,0,0,0,0,0,0,0,0,0,0,0,0,0,0,0,0,0,0,0,0,144.519,0,0,0
"MtrElec",6,7,3,"",142.796,0,0,0,0,0,0,0,0,0,0,0,0,0,0,0,0,0,0,0,0,142.796,0,0,0
"MtrElec",6,7,4,"",145.409,0,0,0,0,0,0,0,0,0,0,0,0,0,0,0,0,0,0,0,0,145.409,0,0,0
"MtrElec",6,7,5,"",168.788,0,0,0,0,0,0,0,0,0,0,0,0,0,0,0,0,0,0,0,0,168.788,0,0,0
"MtrElec",6,7,6,"",177.448,0,0,0,0,0,0,0,0,0,0,0,0,0,0,0,0,0,0,0,0,177.448,0,0,0
"MtrElec",6,7,7,"",121.113,0,0,0,0,0,0,0,0,0,0,0,0,0,0,0,0,0,0,0,0,148.441,0,0,-27.3286
"MtrElec",6,7,8,"",133.676,0,0,0,0,0,0,0,0,0,0,0,0,0,0,0,0,0,0,0,0,228.423,0,0,-94.7477
"MtrElec",6,7,9,"",68.0912,0,0,0,0,0,0,0,0,0,0,0,0,0,0,0,0,0,0,0,0,239.265,0,0,-171.174
"MtrElec",6,7,10,"",105.87,0,0,0,0,0,0,0,0,0,0,0,0,0,0,0,0,0,0,0,0,332.13,0,0,-226.26
"MtrElec",6,7,11,"",42.3778,0,0,0,0,0,0,0,0,0,0,0,0,0,0,0,0,0,0,0,0,434.232,0,0,-391.855
"MtrElec",6,7,12,"",0.0000156,0,0,0,0,0,0,0,0,0,0,0,0,0,0,0,0,0,0,0,0,417.547,0,169.638,-587.185
"MtrElec",6,7,13,"",-102.389,0,0,0,0,0,0,0,0,0,0,0,0,0,0,0,0,0,0,0,0,336.549,0,223.217,-662.155
"MtrElec",6,7,14,"",-76.8883,0,0,0,0,0,0,0,0,0,0,0,0,0,0,0,0,0,0,0,0,360.66,0,223.217,-660.765
"MtrElec",6,7,15,"",-88.51,0,0,0,0,0,0,0,0,0,0,0,0,0,0,0,0,0,0,0,0,352.034,0,182.81,-623.353
"MtrElec",6,7,16,"",-182.531,0,0,0,0,0,0,0,0,0,0,0,0,0,0,0,0,0,0,0,0,353.064,0,0,-535.595
"MtrElec",6,7,17,"",-50.2045,0,0,0,0,0,0,0,0,0,0,0,0,0,0,0,0,0,0,0,0,358.551,0,0,-408.756
"MtrElec",6,7,18,"",105.622,0,0,0,0,0,0,0,0,0,0,0,0,0,0,0,0,0,0,0,0,354.457,0,0,-248.834
"MtrElec",6,7,19,"",92.7105,0,0,0,0,0,0,0,0,0,0,0,0,0,0,0,0,0,0,0,0,397.763,0,-223.217,-81.836
"MtrElec",6,7,20,"",61.1793,0,0,0,0,0,0,0,0,0,0,0,0,0,0,0,0,0,0,0,0,294.987,0,-223.217,-10.5912
"MtrElec",6,7,21,"",51.6822,0,0,0,0,0,0,0,0,0,0,0,0,0,0,0,0,0,0,0,0,274.899,0,-223.217,0
"MtrElec",6,7,22,"",228.398,0,0,0,0,0,0,0,0,0,0,0,0,0,0,0,0,0,0,0,0,279.737,0,-51.3398,0
"MtrElec",6,7,23,"",198.06,0,0,0,0,0,0,0,0,0,0,0,0,0,0,0,0,0,0,0,0,198.06,0,0,0
"MtrElec",6,7,24,"",249.332,0,0,0,0,0,0,0,0,0,0,0,0,0,0,0,0,0,0,0,0,249.332,0,0,0
"MtrElec",6,8,1,"",164.44,0,0,0,0,0,0,0,0,0,0,0,0,0,0,0,0,0,0,0,0,164.44,0,0,0
"MtrElec",6,8,2,"",144.969,0,0,0,0,0,0,0,0,0,0,0,0,0,0,0,0,0,0,0,0,144.969,0,0,0
"MtrElec",6,8,3,"",141.909,0,0,0,0,0,0,0,0,0,0,0,0,0,0,0,0,0,0,0,0,141.909,0,0,0
"MtrElec",6,8,4,"",144.156,0,0,0,0,0,0,0,0,0,0,0,0,0,0,0,0,0,0,0,0,144.156,0,0,0
"MtrElec",6,8,5,"",143.774,0,0,0,0,0,0,0,0,0,0,0,0,0,0,0,0,0,0,0,0,143.774,0,0,0
"MtrElec",6,8,6,"",177.881,0,0,0,0,0,0,0,0,0,0,0,0,0,0,0,0,0,0,0,0,177.881,0,0,0
"MtrElec",6,8,7,"",176.308,0,0,0,0,0,0,0,0,0,0,0,0,0,0,0,0,0,0,0,0,206.549,0,0,-30.2407
"MtrElec",6,8,8,"",192.475,0,0,0,0,0,0,0,0,0,0,0,0,0,0,0,0,0,0,0,0,299.862,0,0,-107.387
"MtrElec",6,8,9,"",112.763,0,0,0,0,0,0,0,0,0,0,0,0,0,0,0,0,0,0,0,0,307.222,0,0,-194.458
"MtrElec",6,8,10,"",46.5354,0,0,0,0,0,0,0,0,0,0,0,0,0,0,0,0,0,0,0,0,410.027,0,0,-363.491
"MtrElec",6,8,11,"",0,0,0,0,0,0,0,0,0,0,0,0,0,0,0,0,0,0,0,0,0,441.473,0,101.756,-543.229
"MtrElec",6,8,12,"",-37.332,0,0,0,0,0,0,0,0,0,0,0,0,0,0,0,0,0,0,0,0,391.424,0,223.217,-651.972
"MtrElec",6,8,13,"",0.0000156,0,0,0,0,0,0,0,0,0,0,0,0,0,0,0,0,0,0,0,0,462.188,0,220.081,-682.269
"MtrElec",6,8,14,"",-57.7418,0,0,0,0,0,0,0,0,0,0,0,0,0,0,0,0,0,0,0,0,373.872,0,223.217,-654.83
"MtrElec",6,8,15,"",-181.963,0,0,0,0,0,0,0,0,0,0,0,0,0,0,0,0,0,0,0,0,413.306,0,30.6106,-625.88
"MtrElec",6,8,16,"",-164.299,0,0,0,0,0,0,0,0,0,0,0,0,0,0,0,0,0,0,0,0,380.699,0,0,-544.998
"MtrElec",6,8,17,"",-6.62294,0,0,0,0,0,0,0,0,0,0,0,0,0,0,0,0,0,0,0,0,410.399,0,0,-417.021
"MtrElec",6,8,18,"",214.553,0,0,0,0,0,0,0,0,0,0,0,0,0,0,0,0,0,0,0,0,467.45,0,0,-252.896
"MtrElec",6,8,19,"",125.971,0,0,0,0,0,0,0,0,0,0,0,0,0,0,0,0,0,0,0,0,432.861,0,-223.217,-83.6729
"MtrElec",6,8,20,"",182.947,0,0,0,0,0,0,0,0,0,0,0,0,0,0,0,0,0,0,0,0,417.383,0,-223.217,-11.2192
"MtrElec",6,8,21,"",169.305,0,0,0,0,0,0,0,0,0,0,0,0,0,0,0,0,0,0,0,0,392.522,0,-223.217,0
"MtrElec",6,8,22,"",234.423,0,0,0,0,0,0,0,0,0,0,0,0,0,0,0,0,0,0,0,0,285.763,0,-51.3398,0
"MtrElec",6,8,23,"",197.936,0,0,0,0,0,0,0,0,0,0,0,0,0,0,0,0,0,0,0,0,197.936,0,0,0
"MtrElec",6,8,24,"",221.077,0,0,0,0,0,0,0,0,0,0,0,0,0,0,0,0,0,0,0,0,221.077,0,0,0
"MtrElec",6,9,1,"",169.605,0,0,0,0,0,0,0,0,0,0,0,0,0,0,0,0,0,0,0,0,169.605,0,0,0
"MtrElec",6,9,2,"",143.581,0,0,0,0,0,0,0,0,0,0,0,0,0,0,0,0,0,0,0,0,143.581,0,0,0
"MtrElec",6,9,3,"",145.628,0,0,0,0,0,0,0,0,0,0,0,0,0,0,0,0,0,0,0,0,145.628,0,0,0
"MtrElec",6,9,4,"",143.252,0,0,0,0,0,0,0,0,0,0,0,0,0,0,0,0,0,0,0,0,143.252,0,0,0
"MtrElec",6,9,5,"",143.673,0,0,0,0,0,0,0,0,0,0,0,0,0,0,0,0,0,0,0,0,143.673,0,0,0
"MtrElec",6,9,6,"",164.358,0,0,0,0,0,0,0,0,0,0,0,0,0,0,0,0,0,0,0,0,164.358,0,0,0
"MtrElec",6,9,7,"",204.862,0,0,0,0,0,0,0,0,0,0,0,0,0,0,0,0,0,0,0,0,238.795,0,0,-33.9326
"MtrElec",6,9,8,"",178.545,0,0,0,0,0,0,0,0,0,0,0,0,0,0,0,0,0,0,0,0,304.968,0,0,-126.423
"MtrElec",6,9,9,"",116.895,0,0,0,0,0,0,0,0,0,0,0,0,0,0,0,0,0,0,0,0,303.555,0,0,-186.66
"MtrElec",6,9,10,"",321.091,0,0,0,0,0,0,0,0,0,0,0,0,0,0,0,0,0,0,0,0,431.499,0,0,-110.408
"MtrElec",6,9,11,"",204.601,0,0,0,0,0,0,0,0,0,0,0,0,0,0,0,0,0,0,0,0,416.554,0,0,-211.953
"MtrElec",6,9,12,"",65.6961,0,0,0,0,0,0,0,0,0,0,0,0,0,0,0,0,0,0,0,0,389.817,0,0,-324.12
"MtrElec",6,9,13,"",0,0,0,0,0,0,0,0,0,0,0,0,0,0,0,0,0,0,0,0,0,410.262,0,13.3387,-423.601
"MtrElec",6,9,14,"",0,0,0,0,0,0,0,0,0,0,0,0,0,0,0,0,0,0,0,0,0,365.792,0,220.128,-585.919
"MtrElec",6,9,15,"",0,0,0,0,0,0,0,0,0,0,0,0,0,0,0,0,0,0,0,0,0,406.918,0,134.846,-541.764
"MtrElec",6,9,16,"",0.0000078,0,0,0,0,0,0,0,0,0,0,0,0,0,0,0,0,0,0,0,0,384.705,0,83.4465,-468.152
"MtrElec",6,9,17,"",120.573,0,0,0,0,0,0,0,0,0,0,0,0,0,0,0,0,0,0,0,0,430.264,0,0,-309.691
"MtrElec",6,9,18,"",372.27,0,0,0,0,0,0,0,0,0,0,0,0,0,0,0,0,0,0,0,0,478.136,0,0,-105.866
"MtrElec",6,9,19,"",109.326,0,0,0,0,0,0,0,0,0,0,0,0,0,0,0,0,0,0,0,0,413.429,0,-223.217,-80.8854
"MtrElec",6,9,20,"",212.394,0,0,0,0,0,0,0,0,0,0,0,0,0,0,0,0,0,0,0,0,409.842,0,-184.496,-12.9528
"MtrElec",6,9,21,"",430.319,0,0,0,0,0,0,0,0,0,0,0,0,0,0,0,0,0,0,0,0,430.319,0,0,0
"MtrElec",6,9,22,"",267.895,0,0,0,0,0,0,0,0,0,0,0,0,0,0,0,0,0,0,0,0,267.895,0,0,0
"MtrElec",6,9,23,"",224.582,0,0,0,0,0,0,0,0,0,0,0,0,0,0,0,0,0,0,0,0,224.582,0,0,0
"MtrElec",6,9,24,"",178.947,0,0,0,0,0,0,0,0,0,0,0,0,0,0,0,0,0,0,0,0,178.947,0,0,0
"MtrElec",6,10,1,"",150.827,0,0,0,0,0,0,0,0,0,0,0,0,0,0,0,0,0,0,0,0,150.827,0,0,0
"MtrElec",6,10,2,"",150.277,0,0,0,0,0,0,0,0,0,0,0,0,0,0,0,0,0,0,0,0,150.277,0,0,0
"MtrElec",6,10,3,"",180.31,0,0,0,0,0,0,0,0,0,0,0,0,0,0,0,0,0,0,0,0,180.31,0,0,0
"MtrElec",6,10,4,"",143.234,0,0,0,0,0,0,0,0,0,0,0,0,0,0,0,0,0,0,0,0,143.234,0,0,0
"MtrElec",6,10,5,"",139.914,0,0,0,0,0,0,0,0,0,0,0,0,0,0,0,0,0,0,0,0,139.914,0,0,0
"MtrElec",6,10,6,"",144.368,0,0,0,0,0,0,0,0,0,0,0,0,0,0,0,0,0,0,0,0,144.368,0,0,0
"MtrElec",6,10,7,"",233.698,0,0,0,0,0,0,0,0,0,0,0,0,0,0,0,0,0,0,0,0,237.073,0,0,-3.3751
"MtrElec",6,10,8,"",267.122,0,0,0,0,0,0,0,0,0,0,0,0,0,0,0,0,0,0,0,0,288.87,0,0,-21.7488
"MtrElec",6,10,9,"",283.934,0,0,0,0,0,0,0,0,0,0,0,0,0,0,0,0,0,0,0,0,341.876,0,0,-57.9422
"MtrElec",6,10,10,"",252.108,0,0,0,0,0,0,0,0,0,0,0,0,0,0,0,0,0,0,0,0,378.891,0,0,-126.783
"MtrElec",6,10,11,"",126.097,0,0,0,0,0,0,0,0,0,0,0,0,0,0,0,0,0,0,0,0,421.311,0,0,-295.214
"MtrElec",6,10,12,"",0,0,0,0,0,0,0,0,0,0,0,0,0,0,0,0,0,0,0,0,0,450.457,0,64.8623,-515.319
"MtrElec",6,10,13,"",0,0,0,0,0,0,0,0,0,0,0,0,0,0,0,0,0,0,0,0,0,437.406,0,127.469,-564.875
"MtrElec",6,10,14,"",0,0,0,0,0,0,0,0,0,0,0,0,0,0,0,0,0,0,0,0,0,405.55,0,186.892,-592.442
"MtrElec",6,10,15,"",0,0,0,0,0,0,0,0,0,0,0,0,0,0,0,0,0,0,0,0,0,387.841,0,179.594,-567.435
"MtrElec",6,10,16,"",0,0,0,0,0,0,0,0,0,0,0,0,0,0,0,0,0,0,0,0,0,447.267,0,73.2125,-520.479
"MtrElec",6,10,17,"",108.775,0,0,0,0,0,0,0,0,0,0,0,0,0,0,0,0,0,0,0,0,485.196,0,0,-376.421
"MtrElec",6,10,18,"",239.626,0,0,0,0,0,0,0,0,0,0,0,0,0,0,0,0,0,0,0,0,454.449,0,0,-214.823
"MtrElec",6,10,19,"",122.718,0,0,0,0,0,0,0,0,0,0,0,0,0,0,0,0,0,0,0,0,432.458,0,-223.217,-86.5227
"MtrElec",6,10,20,"",210.139,0,0,0,0,0,0,0,0,0,0,0,0,0,0,0,0,0,0,0,0,446.188,0,-223.217,-12.8328
"MtrElec",6,10,21,"",297.303,0,0,0,0,0,0,0,0,0,0,0,0,0,0,0,0,0,0,0,0,421.276,0,-123.974,0
"MtrElec",6,10,22,"",284.158,0,0,0,0,0,0,0,0,0,0,0,0,0,0,0,0,0,0,0,0,284.158,0,0,0
"MtrElec",6,10,23,"",294.704,0,0,0,0,0,0,0,0,0,0,0,0,0,0,0,0,0,0,0,0,294.704,0,0,0
"MtrElec",6,10,24,"",210.407,0,0,0,0,0,0,0,0,0,0,0,0,0,0,0,0,0,0,0,0,210.407,0,0,0
"MtrElec",6,11,1,"",158.547,0,0,0,0,0,0,0,0,0,0,0,0,0,0,0,0,0,0,0,0,158.547,0,0,0
"MtrElec",6,11,2,"",170.529,0,0,0,0,0,0,0,0,0,0,0,0,0,0,0,0,0,0,0,0,170.529,0,0,0
"MtrElec",6,11,3,"",148.531,0,0,0,0,0,0,0,0,0,0,0,0,0,0,0,0,0,0,0,0,148.531,0,0,0
"MtrElec",6,11,4,"",140.081,0,0,0,0,0,0,0,0,0,0,0,0,0,0,0,0,0,0,0,0,140.081,0,0,0
"MtrElec",6,11,5,"",138.002,0,0,0,0,0,0,0,0,0,0,0,0,0,0,0,0,0,0,0,0,138.002,0,0,0
"MtrElec",6,11,6,"",153.507,0,0,0,0,0,0,0,0,0,0,0,0,0,0,0,0,0,0,0,0,153.507,0,0,0
"MtrElec",6,11,7,"",238.155,0,0,0,0,0,0,0,0,0,0,0,0,0,0,0,0,0,0,0,0,259.178,0,0,-21.0225
"MtrElec",6,11,8,"",229.199,0,0,0,0,0,0,0,0,0,0,0,0,0,0,0,0,0,0,0,0,304.077,0,0,-74.878
"MtrElec",6,11,9,"",230.721,0,0,0,0,0,0,0,0,0,0,0,0,0,0,0,0,0,0,0,0,368.204,0,0,-137.483
"MtrElec",6,11,10,"",309.398,0,0,0,0,0,0,0,0,0,0,0,0,0,0,0,0,0,0,0,0,440.285,0,0,-130.888
"MtrElec",6,11,11,"",320.114,0,0,0,0,0,0,0,0,0,0,0,0,0,0,0,0,0,0,0,0,407.28,0,0,-87.1663
"MtrElec",6,11,12,"",282.355,0,0,0,0,0,0,0,0,0,0,0,0,0,0,0,0,0,0,0,0,394.211,0,0,-111.856
"MtrElec",6,11,13,"",348.608,0,0,0,0,0,0,0,0,0,0,0,0,0,0,0,0,0,0,0,0,450.215,0,0,-101.607
"MtrElec",6,11,14,"",293.767,0,0,0,0,0,0,0,0,0,0,0,0,0,0,0,0,0,0,0,0,383.835,0,0,-90.0681
"MtrElec",6,11,15,"",268.331,0,0,0,0,0,0,0,0,0,0,0,0,0,0,0,0,0,0,0,0,367.177,0,0,-98.8461
"MtrElec",6,11,16,"",305.103,0,0,0,0,0,0,0,0,0,0,0,0,0,0,0,0,0,0,0,0,385.934,0,0,-80.8309
"MtrElec",6,11,17,"",332.405,0,0,0,0,0,0,0,0,0,0,0,0,0,0,0,0,0,0,0,0,393.945,0,0,-61.5407
"MtrElec",6,11,18,"",340.138,0,0,0,0,0,0,0,0,0,0,0,0,0,0,0,0,0,0,0,0,415.783,0,0,-75.645
"MtrElec",6,11,19,"",342.605,0,0,0,0,0,0,0,0,0,0,0,0,0,0,0,0,0,0,0,0,419.441,0,0,-76.8353
"MtrElec",6,11,20,"",401.948,0,0,0,0,0,0,0,0,0,0,0,0,0,0,0,0,0,0,0,0,415.472,0,0,-13.5248
"MtrElec",6,11,21,"",468.207,0,0,0,0,0,0,0,0,0,0,0,0,0,0,0,0,0,0,0,0,468.207,0,0,0
"MtrElec",6,11,22,"",253.196,0,0,0,0,0,0,0,0,0,0,0,0,0,0,0,0,0,0,0,0,253.196,0,0,0
"MtrElec",6,11,23,"",298.151,0,0,0,0,0,0,0,0,0,0,0,0,0,0,0,0,0,0,0,0,298.151,0,0,0
"MtrElec",6,11,24,"",218.362,0,0,0,0,0,0,0,0,0,0,0,0,0,0,0,0,0,0,0,0,218.362,0,0,0
"MtrElec",6,12,1,"",206.895,0,0,0,0,0,0,0,0,0,0,0,0,0,0,0,0,0,0,0,0,206.895,0,0,0
"MtrElec",6,12,2,"",149.616,0,0,0,0,0,0,0,0,0,0,0,0,0,0,0,0,0,0,0,0,149.616,0,0,0
"MtrElec",6,12,3,"",139.812,0,0,0,0,0,0,0,0,0,0,0,0,0,0,0,0,0,0,0,0,139.812,0,0,0
"MtrElec",6,12,4,"",141.923,0,0,0,0,0,0,0,0,0,0,0,0,0,0,0,0,0,0,0,0,141.923,0,0,0
"MtrElec",6,12,5,"",136.685,0,0,0,0,0,0,0,0,0,0,0,0,0,0,0,0,0,0,0,0,136.685,0,0,0
"MtrElec",6,12,6,"",166.571,0,0,0,0,0,0,0,0,0,0,0,0,0,0,0,0,0,0,0,0,166.571,0,0,0
"MtrElec",6,12,7,"",209.613,0,0,0,0,0,0,0,0,0,0,0,0,0,0,0,0,0,0,0,0,215.947,0,0,-6.33413
"MtrElec",6,12,8,"",275.078,0,0,0,0,0,0,0,0,0,0,0,0,0,0,0,0,0,0,0,0,305.016,0,0,-29.9382
"MtrElec",6,12,9,"",299.708,0,0,0,0,0,0,0,0,0,0,0,0,0,0,0,0,0,0,0,0,356.596,0,0,-56.8878
"MtrElec",6,12,10,"",287.91,0,0,0,0,0,0,0,0,0,0,0,0,0,0,0,0,0,0,0,0,392.645,0,0,-104.735
"MtrElec",6,12,11,"",214.061,0,0,0,0,0,0,0,0,0,0,0,0,0,0,0,0,0,0,0,0,366.914,0,0,-152.853
"MtrElec",6,12,12,"",212.866,0,0,0,0,0,0,0,0,0,0,0,0,0,0,0,0,0,0,0,0,394.474,0,0,-181.608
"MtrElec",6,12,13,"",30.4812,0,0,0,0,0,0,0,0,0,0,0,0,0,0,0,0,0,0,0,0,423.136,0,0,-392.655
"MtrElec",6,12,14,"",0.0000010,0,0,0,0,0,0,0,0,0,0,0,0,0,0,0,0,0,0,0,0,374.325,0,13.5218,-387.847
"MtrElec",6,12,15,"",0,0,0,0,0,0,0,0,0,0,0,0,0,0,0,0,0,0,0,0,0,380.836,0,83.1297,-463.965
"MtrElec",6,12,16,"",0,0,0,0,0,0,0,0,0,0,0,0,0,0,0,0,0,0,0,0,0,369.982,0,147.75,-517.732
"MtrElec",6,12,17,"",0,0,0,0,0,0,0,0,0,0,0,0,0,0,0,0,0,0,0,0,0,393.887,0,20.3743,-414.262
"MtrElec",6,12,18,"",212.299,0,0,0,0,0,0,0,0,0,0,0,0,0,0,0,0,0,0,0,0,454.337,0,0,-242.037
"MtrElec",6,12,19,"",140.55,0,0,0,0,0,0,0,0,0,0,0,0,0,0,0,0,0,0,0,0,447.434,0,-223.217,-83.6667
"MtrElec",6,12,20,"",366.758,0,0,0,0,0,0,0,0,0,0,0,0,0,0,0,0,0,0,0,0,392.952,0,-15.7433,-10.4513
"MtrElec",6,12,21,"",375.895,0,0,0,0,0,0,0,0,0,0,0,0,0,0,0,0,0,0,0,0,375.895,0,0,0
"MtrElec",6,12,22,"",255.301,0,0,0,0,0,0,0,0,0,0,0,0,0,0,0,0,0,0,0,0,255.301,0,0,0
"MtrElec",6,12,23,"",297.13,0,0,0,0,0,0,0,0,0,0,0,0,0,0,0,0,0,0,0,0,297.13,0,0,0
"MtrElec",6,12,24,"",205.703,0,0,0,0,0,0,0,0,0,0,0,0,0,0,0,0,0,0,0,0,205.703,0,0,0
"MtrElec",6,13,1,"",152.852,0,0,0,0,0,0,0,0,0,0,0,0,0,0,0,0,0,0,0,0,152.852,0,0,0
"MtrElec",6,13,2,"",145.413,0,0,0,0,0,0,0,0,0,0,0,0,0,0,0,0,0,0,0,0,145.413,0,0,0
"MtrElec",6,13,3,"",147.46,0,0,0,0,0,0,0,0,0,0,0,0,0,0,0,0,0,0,0,0,147.46,0,0,0
"MtrElec",6,13,4,"",182.346,0,0,0,0,0,0,0,0,0,0,0,0,0,0,0,0,0,0,0,0,182.346,0,0,0
"MtrElec",6,13,5,"",170.708,0,0,0,0,0,0,0,0,0,0,0,0,0,0,0,0,0,0,0,0,170.708,0,0,0
"MtrElec",6,13,6,"",143.79,0,0,0,0,0,0,0,0,0,0,0,0,0,0,0,0,0,0,0,0,143.79,0,0,0
"MtrElec",6,13,7,"",142.766,0,0,0,0,0,0,0,0,0,0,0,0,0,0,0,0,0,0,0,0,166.404,0,0,-23.6375
"MtrElec",6,13,8,"",175.327,0,0,0,0,0,0,0,0,0,0,0,0,0,0,0,0,0,0,0,0,259.017,0,0,-83.6899
"MtrElec",6,13,9,"",117.971,0,0,0,0,0,0,0,0,0,0,0,0,0,0,0,0,0,0,0,0,274.101,0,0,-156.13
"MtrElec",6,13,10,"",167.491,0,0,0,0,0,0,0,0,0,0,0,0,0,0,0,0,0,0,0,0,381.18,0,0,-213.689
"MtrElec",6,13,11,"",174.885,0,0,0,0,0,0,0,0,0,0,0,0,0,0,0,0,0,0,0,0,447.642,0,0,-272.757
"MtrElec",6,13,12,"",78.0804,0,0,0,0,0,0,0,0,0,0,0,0,0,0,0,0,0,0,0,0,494.876,0,0,-416.796
"MtrElec",6,13,13,"",0.0000039,0,0,0,0,0,0,0,0,0,0,0,0,0,0,0,0,0,0,0,0,476.99,0,60.092,-537.082
"MtrElec",6,13,14,"",-36.8737,0,0,0,0,0,0,0,0,0,0,0,0,0,0,0,0,0,0,0,0,411.89,0,223.217,-671.98
"MtrElec",6,13,15,"",0.0000156,0,0,0,0,0,0,0,0,0,0,0,0,0,0,0,0,0,0,0,0,437.157,0,190.911,-628.067
"MtrElec",6,13,16,"",0,0,0,0,0,0,0,0,0,0,0,0,0,0,0,0,0,0,0,0,0,443.08,0,100.343,-543.423
"MtrElec",6,13,17,"",0,0,0,0,0,0,0,0,0,0,0,0,0,0,0,0,0,0,0,0,0,412.702,0,4.77556,-417.477
"MtrElec",6,13,18,"",192.719,0,0,0,0,0,0,0,0,0,0,0,0,0,0,0,0,0,0,0,0,445.844,0,0,-253.125
"MtrElec",6,13,19,"",193.241,0,0,0,0,0,0,0,0,0,0,0,0,0,0,0,0,0,0,0,0,503.734,0,-223.217,-87.2761
"MtrElec",6,13,20,"",143.988,0,0,0,0,0,0,0,0,0,0,0,0,0,0,0,0,0,0,0,0,380.269,0,-223.217,-13.0649
"MtrElec",6,13,21,"",261.192,0,0,0,0,0,0,0,0,0,0,0,0,0,0,0,0,0,0,0,0,337.611,0,-76.4192,0
"MtrElec",6,13,22,"",295.553,0,0,0,0,0,0,0,0,0,0,0,0,0,0,0,0,0,0,0,0,295.553,0,0,0
"MtrElec",6,13,23,"",234.199,0,0,0,0,0,0,0,0,0,0,0,0,0,0,0,0,0,0,0,0,234.199,0,0,0
"MtrElec",6,13,24,"",198.956,0,0,0,0,0,0,0,0,0,0,0,0,0,0,0,0,0,0,0,0,198.956,0,0,0
"MtrElec",6,14,1,"",162.209,0,0,0,0,0,0,0,0,0,0,0,0,0,0,0,0,0,0,0,0,162.209,0,0,0
"MtrElec",6,14,2,"",145.318,0,0,0,0,0,0,0,0,0,0,0,0,0,0,0,0,0,0,0,0,145.318,0,0,0
"MtrElec",6,14,3,"",144.011,0,0,0,0,0,0,0,0,0,0,0,0,0,0,0,0,0,0,0,0,144.011,0,0,0
"MtrElec",6,14,4,"",144.947,0,0,0,0,0,0,0,0,0,0,0,0,0,0,0,0,0,0,0,0,144.947,0,0,0
"MtrElec",6,14,5,"",161.68,0,0,0,0,0,0,0,0,0,0,0,0,0,0,0,0,0,0,0,0,161.68,0,0,0
"MtrElec",6,14,6,"",144.441,0,0,0,0,0,0,0,0,0,0,0,0,0,0,0,0,0,0,0,0,144.441,0,0,0
"MtrElec",6,14,7,"",168.792,0,0,0,0,0,0,0,0,0,0,0,0,0,0,0,0,0,0,0,0,178.109,0,0,-9.31767
"MtrElec",6,14,8,"",166.579,0,0,0,0,0,0,0,0,0,0,0,0,0,0,0,0,0,0,0,0,204.707,0,0,-38.1274
"MtrElec",6,14,9,"",194.229,0,0,0,0,0,0,0,0,0,0,0,0,0,0,0,0,0,0,0,0,265.302,0,0,-71.0724
"MtrElec",6,14,10,"",187.503,0,0,0,0,0,0,0,0,0,0,0,0,0,0,0,0,0,0,0,0,298.634,0,0,-111.131
"MtrElec",6,14,11,"",257.783,0,0,0,0,0,0,0,0,0,0,0,0,0,0,0,0,0,0,0,0,417.629,0,0,-159.846
"MtrElec",6,14,12,"",58.7427,0,0,0,0,0,0,0,0,0,0,0,0,0,0,0,0,0,0,0,0,312.233,0,0,-253.491
"MtrElec",6,14,13,"",0,0,0,0,0,0,0,0,0,0,0,0,0,0,0,0,0,0,0,0,0,375.857,0,71.7301,-447.587
"MtrElec",6,14,14,"",-126.292,0,0,0,0,0,0,0,0,0,0,0,0,0,0,0,0,0,0,0,0,308.11,0,223.217,-657.619
"MtrElec",6,14,15,"",-95.1172,0,0,0,0,0,0,0,0,0,0,0,0,0,0,0,0,0,0,0,0,326.669,0,223.217,-645.003
"MtrElec",6,14,16,"",-0.167594,0,0,0,0,0,0,0,0,0,0,0,0,0,0,0,0,0,0,0,0,322.476,0,223.217,-545.86
"MtrElec",6,14,17,"",-75.3138,0,0,0,0,0,0,0,0,0,0,0,0,0,0,0,0,0,0,0,0,293.798,0,57.5008,-426.612
"MtrElec",6,14,18,"",109.948,0,0,0,0,0,0,0,0,0,0,0,0,0,0,0,0,0,0,0,0,370.862,0,0,-260.914
"MtrElec",6,14,19,"",83.2555,0,0,0,0,0,0,0,0,0,0,0,0,0,0,0,0,0,0,0,0,394.119,0,-223.217,-87.6469
"MtrElec",6,14,20,"",50.126,0,0,0,0,0,0,0,0,0,0,0,0,0,0,0,0,0,0,0,0,285.743,0,-223.217,-12.3999
"MtrElec",6,14,21,"",30.4683,0,0,0,0,0,0,0,0,0,0,0,0,0,0,0,0,0,0,0,0,253.685,0,-223.217,0
"MtrElec",6,14,22,"",173.992,0,0,0,0,0,0,0,0,0,0,0,0,0,0,0,0,0,0,0,0,225.332,0,-51.3398,0
"MtrElec",6,14,23,"",223.275,0,0,0,0,0,0,0,0,0,0,0,0,0,0,0,0,0,0,0,0,223.275,0,0,0
"MtrElec",6,14,24,"",186.227,0,0,0,0,0,0,0,0,0,0,0,0,0,0,0,0,0,0,0,0,186.227,0,0,0
"MtrElec",6,15,1,"",153.07,0,0,0,0,0,0,0,0,0,0,0,0,0,0,0,0,0,0,0,0,153.07,0,0,0
"MtrElec",6,15,2,"",147.708,0,0,0,0,0,0,0,0,0,0,0,0,0,0,0,0,0,0,0,0,147.708,0,0,0
"MtrElec",6,15,3,"",175.235,0,0,0,0,0,0,0,0,0,0,0,0,0,0,0,0,0,0,0,0,175.235,0,0,0
"MtrElec",6,15,4,"",141.938,0,0,0,0,0,0,0,0,0,0,0,0,0,0,0,0,0,0,0,0,141.938,0,0,0
"MtrElec",6,15,5,"",136.266,0,0,0,0,0,0,0,0,0,0,0,0,0,0,0,0,0,0,0,0,136.266,0,0,0
"MtrElec",6,15,6,"",153.773,0,0,0,0,0,0,0,0,0,0,0,0,0,0,0,0,0,0,0,0,153.773,0,0,0
"MtrElec",6,15,7,"",219.77,0,0,0,0,0,0,0,0,0,0,0,0,0,0,0,0,0,0,0,0,233.5,0,0,-13.7302
"MtrElec",6,15,8,"",246.266,0,0,0,0,0,0,0,0,0,0,0,0,0,0,0,0,0,0,0,0,296.468,0,0,-50.2019
"MtrElec",6,15,9,"",294.379,0,0,0,0,0,0,0,0,0,0,0,0,0,0,0,0,0,0,0,0,381.535,0,0,-87.1566
"MtrElec",6,15,10,"",335.114,0,0,0,0,0,0,0,0,0,0,0,0,0,0,0,0,0,0,0,0,445.823,0,0,-110.709
"MtrElec",6,15,11,"",156.081,0,0,0,0,0,0,0,0,0,0,0,0,0,0,0,0,0,0,0,0,382.76,0,0,-226.679
"MtrElec",6,15,12,"",181.202,0,0,0,0,0,0,0,0,0,0,0,0,0,0,0,0,0,0,0,0,445.346,0,0,-264.144
"MtrElec",6,15,13,"",151.266,0,0,0,0,0,0,0,0,0,0,0,0,0,0,0,0,0,0,0,0,461.983,0,0,-310.717
"MtrElec",6,15,14,"",0,0,0,0,0,0,0,0,0,0,0,0,0,0,0,0,0,0,0,0,0,392.672,0,218.109,-610.781
"MtrElec",6,15,15,"",-32.4282,0,0,0,0,0,0,0,0,0,0,0,0,0,0,0,0,0,0,0,0,382.03,0,223.217,-637.675
"MtrElec",6,15,16,"",0,0,0,0,0,0,0,0,0,0,0,0,0,0,0,0,0,0,0,0,0,406.956,0,135.176,-542.131
"MtrElec",6,15,17,"",0,0,0,0,0,0,0,0,0,0,0,0,0,0,0,0,0,0,0,0,0,404.182,0,14.0398,-418.221
"MtrElec",6,15,18,"",200.466,0,0,0,0,0,0,0,0,0,0,0,0,0,0,0,0,0,0,0,0,456.787,0,0,-256.321
"MtrElec",6,15,19,"",120.323,0,0,0,0,0,0,0,0,0,0,0,0,0,0,0,0,0,0,0,0,429.872,0,-223.217,-86.3319
"MtrElec",6,15,20,"",158.341,0,0,0,0,0,0,0,0,0,0,0,0,0,0,0,0,0,0,0,0,392.567,0,-223.217,-11.009
"MtrElec",6,15,21,"",341.582,0,0,0,0,0,0,0,0,0,0,0,0,0,0,0,0,0,0,0,0,428.111,0,-86.5293,0
"MtrElec",6,15,22,"",291.281,0,0,0,0,0,0,0,0,0,0,0,0,0,0,0,0,0,0,0,0,291.281,0,0,0
"MtrElec",6,15,23,"",279.318,0,0,0,0,0,0,0,0,0,0,0,0,0,0,0,0,0,0,0,0,279.318,0,0,0
"MtrElec",6,15,24,"",181.759,0,0,0,0,0,0,0,0,0,0,0,0,0,0,0,0,0,0,0,0,181.759,0,0,0
"MtrElec",6,16,1,"",167.642,0,0,0,0,0,0,0,0,0,0,0,0,0,0,0,0,0,0,0,0,167.642,0,0,0
"MtrElec",6,16,2,"",145.234,0,0,0,0,0,0,0,0,0,0,0,0,0,0,0,0,0,0,0,0,145.234,0,0,0
"MtrElec",6,16,3,"",140.761,0,0,0,0,0,0,0,0,0,0,0,0,0,0,0,0,0,0,0,0,140.761,0,0,0
"MtrElec",6,16,4,"",142.267,0,0,0,0,0,0,0,0,0,0,0,0,0,0,0,0,0,0,0,0,142.267,0,0,0
"MtrElec",6,16,5,"",143.247,0,0,0,0,0,0,0,0,0,0,0,0,0,0,0,0,0,0,0,0,143.247,0,0,0
"MtrElec",6,16,6,"",164.241,0,0,0,0,0,0,0,0,0,0,0,0,0,0,0,0,0,0,0,0,164.241,0,0,0
"MtrElec",6,16,7,"",183.698,0,0,0,0,0,0,0,0,0,0,0,0,0,0,0,0,0,0,0,0,207.787,0,0,-24.0891
"MtrElec",6,16,8,"",134.892,0,0,0,0,0,0,0,0,0,0,0,0,0,0,0,0,0,0,0,0,269.341,0,0,-134.448
"MtrElec",6,16,9,"",47.7599,0,0,0,0,0,0,0,0,0,0,0,0,0,0,0,0,0,0,0,0,355.344,0,0,-307.584
"MtrElec",6,16,10,"",-26.7866,0,0,0,0,0,0,0,0,0,0,0,0,0,0,0,0,0,0,0,0,424.31,0,0,-451.096
"MtrElec",6,16,11,"",0.0000078,0,0,0,0,0,0,0,0,0,0,0,0,0,0,0,0,0,0,0,0,448.226,0,111.698,-559.924
"MtrElec",6,16,12,"",-7.346,0,0,0,0,0,0,0,0,0,0,0,0,0,0,0,0,0,0,0,0,416.598,0,223.217,-647.161
"MtrElec",6,16,13,"",-57.682,0,0,0,0,0,0,0,0,0,0,0,0,0,0,0,0,0,0,0,0,409.122,0,223.217,-690.021
"MtrElec",6,16,14,"",-70.3363,0,0,0,0,0,0,0,0,0,0,0,0,0,0,0,0,0,0,0,0,393.74,0,223.217,-687.294
"MtrElec",6,16,15,"",-247.013,0,0,0,0,0,0,0,0,0,0,0,0,0,0,0,0,0,0,0,0,374.694,0,17.5328,-639.24
"MtrElec",6,16,16,"",-122.617,0,0,0,0,0,0,0,0,0,0,0,0,0,0,0,0,0,0,0,0,424.057,0,0,-546.675
"MtrElec",6,16,17,"",42.9169,0,0,0,0,0,0,0,0,0,0,0,0,0,0,0,0,0,0,0,0,456.363,0,0,-413.447
"MtrElec",6,16,18,"",179.194,0,0,0,0,0,0,0,0,0,0,0,0,0,0,0,0,0,0,0,0,428.067,0,0,-248.872
"MtrElec",6,16,19,"",162.197,0,0,0,0,0,0,0,0,0,0,0,0,0,0,0,0,0,0,0,0,475.748,0,-223.217,-90.3341
"MtrElec",6,16,20,"",157.76,0,0,0,0,0,0,0,0,0,0,0,0,0,0,0,0,0,0,0,0,396.088,0,-223.217,-15.1116
"MtrElec",6,16,21,"",199.663,0,0,0,0,0,0,0,0,0,0,0,0,0,0,0,0,0,0,0,0,422.88,0,-223.217,0
"MtrElec",6,16,22,"",233.723,0,0,0,0,0,0,0,0,0,0,0,0,0,0,0,0,0,0,0,0,285.063,0,-51.3398,0
"MtrElec",6,16,23,"",227.409,0,0,0,0,0,0,0,0,0,0,0,0,0,0,0,0,0,0,0,0,227.409,0,0,0
"MtrElec",6,16,24,"",176.369,0,0,0,0,0,0,0,0,0,0,0,0,0,0,0,0,0,0,0,0,176.369,0,0,0
"MtrElec",6,17,1,"",158.535,0,0,0,0,0,0,0,0,0,0,0,0,0,0,0,0,0,0,0,0,158.535,0,0,0
"MtrElec",6,17,2,"",145.364,0,0,0,0,0,0,0,0,0,0,0,0,0,0,0,0,0,0,0,0,145.364,0,0,0
"MtrElec",6,17,3,"",178.648,0,0,0,0,0,0,0,0,0,0,0,0,0,0,0,0,0,0,0,0,178.648,0,0,0
"MtrElec",6,17,4,"",148.564,0,0,0,0,0,0,0,0,0,0,0,0,0,0,0,0,0,0,0,0,148.564,0,0,0
"MtrElec",6,17,5,"",138.248,0,0,0,0,0,0,0,0,0,0,0,0,0,0,0,0,0,0,0,0,138.248,0,0,0
"MtrElec",6,17,6,"",146.323,0,0,0,0,0,0,0,0,0,0,0,0,0,0,0,0,0,0,0,0,146.323,0,0,0
"MtrElec",6,17,7,"",203.769,0,0,0,0,0,0,0,0,0,0,0,0,0,0,0,0,0,0,0,0,229.508,0,0,-25.739
"MtrElec",6,17,8,"",174.281,0,0,0,0,0,0,0,0,0,0,0,0,0,0,0,0,0,0,0,0,307.982,0,0,-133.701
"MtrElec",6,17,9,"",84.2294,0,0,0,0,0,0,0,0,0,0,0,0,0,0,0,0,0,0,0,0,380.611,0,0,-296.381
"MtrElec",6,17,10,"",8.28512,0,0,0,0,0,0,0,0,0,0,0,0,0,0,0,0,0,0,0,0,449.246,0,0,-440.961
"MtrElec",6,17,11,"",0,0,0,0,0,0,0,0,0,0,0,0,0,0,0,0,0,0,0,0,0,473.694,0,83.5908,-557.284
"MtrElec",6,17,12,"",0,0,0,0,0,0,0,0,0,0,0,0,0,0,0,0,0,0,0,0,0,488.407,0,143.972,-632.379
"MtrElec",6,17,13,"",0.0000078,0,0,0,0,0,0,0,0,0,0,0,0,0,0,0,0,0,0,0,0,548.321,0,103.844,-652.165
"MtrElec",6,17,14,"",0,0,0,0,0,0,0,0,0,0,0,0,0,0,0,0,0,0,0,0,0,437.986,0,221.468,-659.453
"MtrElec",6,17,15,"",0.0000156,0,0,0,0,0,0,0,0,0,0,0,0,0,0,0,0,0,0,0,0,410.354,0,219.397,-629.751
"MtrElec",6,17,16,"",-30.9756,0,0,0,0,0,0,0,0,0,0,0,0,0,0,0,0,0,0,0,0,490.731,0,26.61,-548.316
"MtrElec",6,17,17,"",81.7919,0,0,0,0,0,0,0,0,0,0,0,0,0,0,0,0,0,0,0,0,502.096,0,0,-420.305
"MtrElec",6,17,18,"",279.675,0,0,0,0,0,0,0,0,0,0,0,0,0,0,0,0,0,0,0,0,536.337,0,0,-256.662
"MtrElec",6,17,19,"",233.196,0,0,0,0,0,0,0,0,0,0,0,0,0,0,0,0,0,0,0,0,543.632,0,-223.217,-87.2198
"MtrElec",6,17,20,"",236.264,0,0,0,0,0,0,0,0,0,0,0,0,0,0,0,0,0,0,0,0,472.107,0,-223.217,-12.6265
"MtrElec",6,17,21,"",208.982,0,0,0,0,0,0,0,0,0,0,0,0,0,0,0,0,0,0,0,0,432.199,0,-223.217,0
"MtrElec",6,17,22,"",282.241,0,0,0,0,0,0,0,0,0,0,0,0,0,0,0,0,0,0,0,0,333.581,0,-51.3398,0
"MtrElec",6,17,23,"",266.798,0,0,0,0,0,0,0,0,0,0,0,0,0,0,0,0,0,0,0,0,266.798,0,0,0
"MtrElec",6,17,24,"",231.007,0,0,0,0,0,0,0,0,0,0,0,0,0,0,0,0,0,0,0,0,231.007,0,0,0
"MtrElec",6,18,1,"",156.373,0,0,0,0,0,0,0,0,0,0,0,0,0,0,0,0,0,0,0,0,156.373,0,0,0
"MtrElec",6,18,2,"",145.678,0,0,0,0,0,0,0,0,0,0,0,0,0,0,0,0,0,0,0,0,145.678,0,0,0
"MtrElec",6,18,3,"",141.727,0,0,0,0,0,0,0,0,0,0,0,0,0,0,0,0,0,0,0,0,141.727,0,0,0
"MtrElec",6,18,4,"",141.552,0,0,0,0,0,0,0,0,0,0,0,0,0,0,0,0,0,0,0,0,141.552,0,0,0
"MtrElec",6,18,5,"",138.979,0,0,0,0,0,0,0,0,0,0,0,0,0,0,0,0,0,0,0,0,138.979,0,0,0
"MtrElec",6,18,6,"",153.114,0,0,0,0,0,0,0,0,0,0,0,0,0,0,0,0,0,0,0,0,153.114,0,0,0
"MtrElec",6,18,7,"",206.851,0,0,0,0,0,0,0,0,0,0,0,0,0,0,0,0,0,0,0,0,230.537,0,0,-23.6857
"MtrElec",6,18,8,"",197.156,0,0,0,0,0,0,0,0,0,0,0,0,0,0,0,0,0,0,0,0,331.054,0,0,-133.898
"MtrElec",6,18,9,"",81.571,0,0,0,0,0,0,0,0,0,0,0,0,0,0,0,0,0,0,0,0,381.092,0,0,-299.521
"MtrElec",6,18,10,"",32.3114,0,0,0,0,0,0,0,0,0,0,0,0,0,0,0,0,0,0,0,0,483.18,0,0,-450.868
"MtrElec",6,18,11,"",0,0,0,0,0,0,0,0,0,0,0,0,0,0,0,0,0,0,0,0,0,537.385,0,21.6733,-559.058
"MtrElec",6,18,12,"",0.0000078,0,0,0,0,0,0,0,0,0,0,0,0,0,0,0,0,0,0,0,0,547.932,0,91.6211,-639.553
"MtrElec",6,18,13,"",0,0,0,0,0,0,0,0,0,0,0,0,0,0,0,0,0,0,0,0,0,555.817,0,123.814,-679.631
"MtrElec",6,18,14,"",0,0,0,0,0,0,0,0,0,0,0,0,0,0,0,0,0,0,0,0,0,486.076,0,187.096,-673.172
"MtrElec",6,18,15,"",0,0,0,0,0,0,0,0,0,0,0,0,0,0,0,0,0,0,0,0,0,505.529,0,126.476,-632.005
"MtrElec",6,18,16,"",0.0000039,0,0,0,0,0,0,0,0,0,0,0,0,0,0,0,0,0,0,0,0,478.228,0,61.9982,-540.227
"MtrElec",6,18,17,"",136.948,0,0,0,0,0,0,0,0,0,0,0,0,0,0,0,0,0,0,0,0,547.58,0,0,-410.632
"MtrElec",6,18,18,"",285.116,0,0,0,0,0,0,0,0,0,0,0,0,0,0,0,0,0,0,0,0,536.16,0,0,-251.044
"MtrElec",6,18,19,"",251.145,0,0,0,0,0,0,0,0,0,0,0,0,0,0,0,0,0,0,0,0,559.13,0,-223.217,-84.768
"MtrElec",6,18,20,"",288.328,0,0,0,0,0,0,0,0,0,0,0,0,0,0,0,0,0,0,0,0,522.051,0,-223.217,-10.5056
"MtrElec",6,18,21,"",360.081,0,0,0,0,0,0,0,0,0,0,0,0,0,0,0,0,0,0,0,0,466.59,0,-106.508,0
"MtrElec",6,18,22,"",342.122,0,0,0,0,0,0,0,0,0,0,0,0,0,0,0,0,0,0,0,0,342.122,0,0,0
"MtrElec",6,18,23,"",286.175,0,0,0,0,0,0,0,0,0,0,0,0,0,0,0,0,0,0,0,0,286.175,0,0,0
"MtrElec",6,18,24,"",196.497,0,0,0,0,0,0,0,0,0,0,0,0,0,0,0,0,0,0,0,0,196.497,0,0,0
"MtrElec",6,19,1,"",174.709,0,0,0,0,0,0,0,0,0,0,0,0,0,0,0,0,0,0,0,0,174.709,0,0,0
"MtrElec",6,19,2,"",160.356,0,0,0,0,0,0,0,0,0,0,0,0,0,0,0,0,0,0,0,0,160.356,0,0,0
"MtrElec",6,19,3,"",172.997,0,0,0,0,0,0,0,0,0,0,0,0,0,0,0,0,0,0,0,0,172.997,0,0,0
"MtrElec",6,19,4,"",168.633,0,0,0,0,0,0,0,0,0,0,0,0,0,0,0,0,0,0,0,0,168.633,0,0,0
"MtrElec",6,19,5,"",143.491,0,0,0,0,0,0,0,0,0,0,0,0,0,0,0,0,0,0,0,0,143.491,0,0,0
"MtrElec",6,19,6,"",148.569,0,0,0,0,0,0,0,0,0,0,0,0,0,0,0,0,0,0,0,0,148.569,0,0,0
"MtrElec",6,19,7,"",243.42,0,0,0,0,0,0,0,0,0,0,0,0,0,0,0,0,0,0,0,0,263.287,0,0,-19.8668
"MtrElec",6,19,8,"",189.926,0,0,0,0,0,0,0,0,0,0,0,0,0,0,0,0,0,0,0,0,316.489,0,0,-126.563
"MtrElec",6,19,9,"",134.564,0,0,0,0,0,0,0,0,0,0,0,0,0,0,0,0,0,0,0,0,425.347,0,0,-290.784
"MtrElec",6,19,10,"",160.559,0,0,0,0,0,0,0,0,0,0,0,0,0,0,0,0,0,0,0,0,588.065,0,0,-427.506
"MtrElec",6,19,11,"",114.108,0,0,0,0,0,0,0,0,0,0,0,0,0,0,0,0,0,0,0,0,654.152,0,0,-540.044
"MtrElec",6,19,12,"",0,0,0,0,0,0,0,0,0,0,0,0,0,0,0,0,0,0,0,0,0,593.712,0,16.6464,-610.359
"MtrElec",6,19,13,"",0,0,0,0,0,0,0,0,0,0,0,0,0,0,0,0,0,0,0,0,0,615.478,0,38.5446,-654.023
"MtrElec",6,19,14,"",0.0000078,0,0,0,0,0,0,0,0,0,0,0,0,0,0,0,0,0,0,0,0,535.061,0,118.498,-653.559
"MtrElec",6,19,15,"",0.0000020,0,0,0,0,0,0,0,0,0,0,0,0,0,0,0,0,0,0,0,0,574.908,0,27.2839,-602.192
"MtrElec",6,19,16,"",94.1523,0,0,0,0,0,0,0,0,0,0,0,0,0,0,0,0,0,0,0,0,615.973,0,0,-521.821
"MtrElec",6,19,17,"",218.336,0,0,0,0,0,0,0,0,0,0,0,0,0,0,0,0,0,0,0,0,618.747,0,0,-400.411
"MtrElec",6,19,18,"",413.318,0,0,0,0,0,0,0,0,0,0,0,0,0,0,0,0,0,0,0,0,656.762,0,0,-243.444
"MtrElec",6,19,19,"",358.829,0,0,0,0,0,0,0,0,0,0,0,0,0,0,0,0,0,0,0,0,622.948,0,-181.378,-82.7409
"MtrElec",6,19,20,"",536.78,0,0,0,0,0,0,0,0,0,0,0,0,0,0,0,0,0,0,0,0,547.573,0,0,-10.7932
"MtrElec",6,19,21,"",523.675,0,0,0,0,0,0,0,0,0,0,0,0,0,0,0,0,0,0,0,0,523.675,0,0,0
"MtrElec",6,19,22,"",362.25,0,0,0,0,0,0,0,0,0,0,0,0,0,0,0,0,0,0,0,0,362.25,0,0,0
"MtrElec",6,19,23,"",307.511,0,0,0,0,0,0,0,0,0,0,0,0,0,0,0,0,0,0,0,0,307.511,0,0,0
"MtrElec",6,19,24,"",229.004,0,0,0,0,0,0,0,0,0,0,0,0,0,0,0,0,0,0,0,0,229.004,0,0,0
"MtrElec",6,20,1,"",182.232,0,0,0,0,0,0,0,0,0,0,0,0,0,0,0,0,0,0,0,0,182.232,0,0,0
"MtrElec",6,20,2,"",181.311,0,0,0,0,0,0,0,0,0,0,0,0,0,0,0,0,0,0,0,0,181.311,0,0,0
"MtrElec",6,20,3,"",169.323,0,0,0,0,0,0,0,0,0,0,0,0,0,0,0,0,0,0,0,0,169.323,0,0,0
"MtrElec",6,20,4,"",165.603,0,0,0,0,0,0,0,0,0,0,0,0,0,0,0,0,0,0,0,0,165.603,0,0,0
"MtrElec",6,20,5,"",166.763,0,0,0,0,0,0,0,0,0,0,0,0,0,0,0,0,0,0,0,0,166.763,0,0,0
"MtrElec",6,20,6,"",155.358,0,0,0,0,0,0,0,0,0,0,0,0,0,0,0,0,0,0,0,0,155.358,0,0,0
"MtrElec",6,20,7,"",236.337,0,0,0,0,0,0,0,0,0,0,0,0,0,0,0,0,0,0,0,0,259.917,0,0,-23.5805
"MtrElec",6,20,8,"",171.061,0,0,0,0,0,0,0,0,0,0,0,0,0,0,0,0,0,0,0,0,296.634,0,0,-125.573
"MtrElec",6,20,9,"",150.805,0,0,0,0,0,0,0,0,0,0,0,0,0,0,0,0,0,0,0,0,429.155,0,0,-278.35
"MtrElec",6,20,10,"",151.207,0,0,0,0,0,0,0,0,0,0,0,0,0,0,0,0,0,0,0,0,562.474,0,0,-411.267
"MtrElec",6,20,11,"",141.26,0,0,0,0,0,0,0,0,0,0,0,0,0,0,0,0,0,0,0,0,669.359,0,0,-528.1
"MtrElec",6,20,12,"",29.2584,0,0,0,0,0,0,0,0,0,0,0,0,0,0,0,0,0,0,0,0,638.452,0,0,-609.194
"MtrElec",6,20,13,"",14.1854,0,0,0,0,0,0,0,0,0,0,0,0,0,0,0,0,0,0,0,0,657.959,0,0,-643.774
"MtrElec",6,20,14,"",0,0,0,0,0,0,0,0,0,0,0,0,0,0,0,0,0,0,0,0,0,602.673,0,35.5717,-638.244
"MtrElec",6,20,15,"",42.4927,0,0,0,0,0,0,0,0,0,0,0,0,0,0,0,0,0,0,0,0,634.208,0,0,-591.715
"MtrElec",6,20,16,"",132.779,0,0,0,0,0,0,0,0,0,0,0,0,0,0,0,0,0,0,0,0,634.634,0,0,-501.855
"MtrElec",6,20,17,"",286.424,0,0,0,0,0,0,0,0,0,0,0,0,0,0,0,0,0,0,0,0,667.735,0,0,-381.311
"MtrElec",6,20,18,"",464.945,0,0,0,0,0,0,0,0,0,0,0,0,0,0,0,0,0,0,0,0,697.984,0,0,-233.039
"MtrElec",6,20,19,"",579.57,0,0,0,0,0,0,0,0,0,0,0,0,0,0,0,0,0,0,0,0,697.414,0,-32.1035,-85.7401
"MtrElec",6,20,20,"",579.325,0,0,0,0,0,0,0,0,0,0,0,0,0,0,0,0,0,0,0,0,592.931,0,0,-13.6061
"MtrElec",6,20,21,"",478.86,0,0,0,0,0,0,0,0,0,0,0,0,0,0,0,0,0,0,0,0,478.86,0,0,0
"MtrElec",6,20,22,"",397.248,0,0,0,0,0,0,0,0,0,0,0,0,0,0,0,0,0,0,0,0,397.248,0,0,0
"MtrElec",6,20,23,"",290.023,0,0,0,0,0,0,0,0,0,0,0,0,0,0,0,0,0,0,0,0,290.023,0,0,0
"MtrElec",6,20,24,"",274.93,0,0,0,0,0,0,0,0,0,0,0,0,0,0,0,0,0,0,0,0,274.93,0,0,0
"MtrElec",6,21,1,"",206.212,0,0,0,0,0,0,0,0,0,0,0,0,0,0,0,0,0,0,0,0,206.212,0,0,0
"MtrElec",6,21,2,"",163.252,0,0,0,0,0,0,0,0,0,0,0,0,0,0,0,0,0,0,0,0,163.252,0,0,0
"MtrElec",6,21,3,"",163.308,0,0,0,0,0,0,0,0,0,0,0,0,0,0,0,0,0,0,0,0,163.308,0,0,0
"MtrElec",6,21,4,"",160.324,0,0,0,0,0,0,0,0,0,0,0,0,0,0,0,0,0,0,0,0,160.324,0,0,0
"MtrElec",6,21,5,"",165.066,0,0,0,0,0,0,0,0,0,0,0,0,0,0,0,0,0,0,0,0,165.066,0,0,0
"MtrElec",6,21,6,"",153.019,0,0,0,0,0,0,0,0,0,0,0,0,0,0,0,0,0,0,0,0,153.019,0,0,0
"MtrElec",6,21,7,"",189.194,0,0,0,0,0,0,0,0,0,0,0,0,0,0,0,0,0,0,0,0,216.065,0,0,-26.8706
"MtrElec",6,21,8,"",124.29,0,0,0,0,0,0,0,0,0,0,0,0,0,0,0,0,0,0,0,0,253.105,0,0,-128.814
"MtrElec",6,21,9,"",96.2035,0,0,0,0,0,0,0,0,0,0,0,0,0,0,0,0,0,0,0,0,384.63,0,0,-288.427
"MtrElec",6,21,10,"",-1.92788,0,0,0,0,0,0,0,0,0,0,0,0,0,0,0,0,0,0,0,0,432.724,0,0,-434.652
"MtrElec",6,21,11,"",0,0,0,0,0,0,0,0,0,0,0,0,0,0,0,0,0,0,0,0,0,516.1,0,31.0566,-547.156
"MtrElec",6,21,12,"",0,0,0,0,0,0,0,0,0,0,0,0,0,0,0,0,0,0,0,0,0,526.995,0,83.6926,-610.687
"MtrElec",6,21,13,"",0.0000156,0,0,0,0,0,0,0,0,0,0,0,0,0,0,0,0,0,0,0,0,474.653,0,160.028,-634.681
"MtrElec",6,21,14,"",0,0,0,0,0,0,0,0,0,0,0,0,0,0,0,0,0,0,0,0,0,503.519,0,140.777,-644.296
"MtrElec",6,21,15,"",0.0000078,0,0,0,0,0,0,0,0,0,0,0,0,0,0,0,0,0,0,0,0,483.579,0,118.629,-602.208
"MtrElec",6,21,16,"",0,0,0,0,0,0,0,0,0,0,0,0,0,0,0,0,0,0,0,0,0,436.075,0,78.3573,-514.432
"MtrElec",6,21,17,"",109.57,0,0,0,0,0,0,0,0,0,0,0,0,0,0,0,0,0,0,0,0,499.039,0,0,-389.469
"MtrElec",6,21,18,"",241.869,0,0,0,0,0,0,0,0,0,0,0,0,0,0,0,0,0,0,0,0,482.084,0,0,-240.215
"MtrElec",6,21,19,"",172.128,0,0,0,0,0,0,0,0,0,0,0,0,0,0,0,0,0,0,0,0,488.448,0,-223.217,-93.1032
"MtrElec",6,21,20,"",132.163,0,0,0,0,0,0,0,0,0,0,0,0,0,0,0,0,0,0,0,0,372.084,0,-223.217,-16.704
"MtrElec",6,21,21,"",212.493,0,0,0,0,0,0,0,0,0,0,0,0,0,0,0,0,0,0,0,0,318.876,0,-106.384,0
"MtrElec",6,21,22,"",332.647,0,0,0,0,0,0,0,0,0,0,0,0,0,0,0,0,0,0,0,0,332.647,0,0,0
"MtrElec",6,21,23,"",257.417,0,0,0,0,0,0,0,0,0,0,0,0,0,0,0,0,0,0,0,0,257.417,0,0,0
"MtrElec",6,21,24,"",240.12,0,0,0,0,0,0,0,0,0,0,0,0,0,0,0,0,0,0,0,0,240.12,0,0,0
"MtrElec",6,22,1,"",179.54,0,0,0,0,0,0,0,0,0,0,0,0,0,0,0,0,0,0,0,0,179.54,0,0,0
"MtrElec",6,22,2,"",149.831,0,0,0,0,0,0,0,0,0,0,0,0,0,0,0,0,0,0,0,0,149.831,0,0,0
"MtrElec",6,22,3,"",138.386,0,0,0,0,0,0,0,0,0,0,0,0,0,0,0,0,0,0,0,0,138.386,0,0,0
"MtrElec",6,22,4,"",143.286,0,0,0,0,0,0,0,0,0,0,0,0,0,0,0,0,0,0,0,0,143.286,0,0,0
"MtrElec",6,22,5,"",159.642,0,0,0,0,0,0,0,0,0,0,0,0,0,0,0,0,0,0,0,0,159.642,0,0,0
"MtrElec",6,22,6,"",158.304,0,0,0,0,0,0,0,0,0,0,0,0,0,0,0,0,0,0,0,0,158.304,0,0,0
"MtrElec",6,22,7,"",201.24,0,0,0,0,0,0,0,0,0,0,0,0,0,0,0,0,0,0,0,0,226.602,0,0,-25.3626
"MtrElec",6,22,8,"",186.487,0,0,0,0,0,0,0,0,0,0,0,0,0,0,0,0,0,0,0,0,315.427,0,0,-128.94
"MtrElec",6,22,9,"",73.3885,0,0,0,0,0,0,0,0,0,0,0,0,0,0,0,0,0,0,0,0,363.966,0,0,-290.578
"MtrElec",6,22,10,"",84.2988,0,0,0,0,0,0,0,0,0,0,0,0,0,0,0,0,0,0,0,0,518.731,0,0,-434.432
"MtrElec",6,22,11,"",4.99169,0,0,0,0,0,0,0,0,0,0,0,0,0,0,0,0,0,0,0,0,546.615,0,0,-541.623
"MtrElec",6,22,12,"",0,0,0,0,0,0,0,0,0,0,0,0,0,0,0,0,0,0,0,0,0,529.653,0,86.2672,-615.92
"MtrElec",6,22,13,"",0,0,0,0,0,0,0,0,0,0,0,0,0,0,0,0,0,0,0,0,0,509.108,0,148.019,-657.127
"MtrElec",6,22,14,"",0,0,0,0,0,0,0,0,0,0,0,0,0,0,0,0,0,0,0,0,0,506.631,0,148.918,-655.55
"MtrElec",6,22,15,"",0.0000156,0,0,0,0,0,0,0,0,0,0,0,0,0,0,0,0,0,0,0,0,476.031,0,141.888,-617.919
"MtrElec",6,22,16,"",0,0,0,0,0,0,0,0,0,0,0,0,0,0,0,0,0,0,0,0,0,526.316,0,6.22544,-532.541
"MtrElec",6,22,17,"",105.077,0,0,0,0,0,0,0,0,0,0,0,0,0,0,0,0,0,0,0,0,513.623,0,0,-408.546
"MtrElec",6,22,18,"",311.139,0,0,0,0,0,0,0,0,0,0,0,0,0,0,0,0,0,0,0,0,566.555,0,0,-255.416
"MtrElec",6,22,19,"",211.86,0,0,0,0,0,0,0,0,0,0,0,0,0,0,0,0,0,0,0,0,526.032,0,-223.217,-90.9556
"MtrElec",6,22,20,"",225.367,0,0,0,0,0,0,0,0,0,0,0,0,0,0,0,0,0,0,0,0,461.349,0,-223.217,-12.765
"MtrElec",6,22,21,"",383.371,0,0,0,0,0,0,0,0,0,0,0,0,0,0,0,0,0,0,0,0,416.452,0,-33.0812,0
"MtrElec",6,22,22,"",314.437,0,0,0,0,0,0,0,0,0,0,0,0,0,0,0,0,0,0,0,0,314.437,0,0,0
"MtrElec",6,22,23,"",230.099,0,0,0,0,0,0,0,0,0,0,0,0,0,0,0,0,0,0,0,0,230.099,0,0,0
"MtrElec",6,22,24,"",264.571,0,0,0,0,0,0,0,0,0,0,0,0,0,0,0,0,0,0,0,0,264.571,0,0,0
"MtrElec",6,23,1,"",160.319,0,0,0,0,0,0,0,0,0,0,0,0,0,0,0,0,0,0,0,0,160.319,0,0,0
"MtrElec",6,23,2,"",148.715,0,0,0,0,0,0,0,0,0,0,0,0,0,0,0,0,0,0,0,0,148.715,0,0,0
"MtrElec",6,23,3,"",147.534,0,0,0,0,0,0,0,0,0,0,0,0,0,0,0,0,0,0,0,0,147.534,0,0,0
"MtrElec",6,23,4,"",145.615,0,0,0,0,0,0,0,0,0,0,0,0,0,0,0,0,0,0,0,0,145.615,0,0,0
"MtrElec",6,23,5,"",144.412,0,0,0,0,0,0,0,0,0,0,0,0,0,0,0,0,0,0,0,0,144.412,0,0,0
"MtrElec",6,23,6,"",180.189,0,0,0,0,0,0,0,0,0,0,0,0,0,0,0,0,0,0,0,0,180.189,0,0,0
"MtrElec",6,23,7,"",258.049,0,0,0,0,0,0,0,0,0,0,0,0,0,0,0,0,0,0,0,0,280.887,0,0,-22.8378
"MtrElec",6,23,8,"",201.371,0,0,0,0,0,0,0,0,0,0,0,0,0,0,0,0,0,0,0,0,330.701,0,0,-129.329
"MtrElec",6,23,9,"",153.093,0,0,0,0,0,0,0,0,0,0,0,0,0,0,0,0,0,0,0,0,451.904,0,0,-298.811
"MtrElec",6,23,10,"",43.8665,0,0,0,0,0,0,0,0,0,0,0,0,0,0,0,0,0,0,0,0,495.685,0,0,-451.819
"MtrElec",6,23,11,"",0,0,0,0,0,0,0,0,0,0,0,0,0,0,0,0,0,0,0,0,0,534.474,0,27.0502,-561.524
"MtrElec",6,23,12,"",0,0,0,0,0,0,0,0,0,0,0,0,0,0,0,0,0,0,0,0,0,490.546,0,134.094,-624.641
"MtrElec",6,23,13,"",0,0,0,0,0,0,0,0,0,0,0,0,0,0,0,0,0,0,0,0,0,534.048,0,136.162,-670.21
"MtrElec",6,23,14,"",0,0,0,0,0,0,0,0,0,0,0,0,0,0,0,0,0,0,0,0,0,460.953,0,217.966,-678.919
"MtrElec",6,23,15,"",0.0000156,0,0,0,0,0,0,0,0,0,0,0,0,0,0,0,0,0,0,0,0,494.767,0,145.794,-640.561
"MtrElec",6,23,16,"",0,0,0,0,0,0,0,0,0,0,0,0,0,0,0,0,0,0,0,0,0,464.396,0,85.4034,-549.799
"MtrElec",6,23,17,"",118.451,0,0,0,0,0,0,0,0,0,0,0,0,0,0,0,0,0,0,0,0,541.09,0,0,-422.64
"MtrElec",6,23,18,"",269.401,0,0,0,0,0,0,0,0,0,0,0,0,0,0,0,0,0,0,0,0,533.007,0,0,-263.606
"MtrElec",6,23,19,"",187.314,0,0,0,0,0,0,0,0,0,0,0,0,0,0,0,0,0,0,0,0,501.731,0,-223.217,-91.2003
"MtrElec",6,23,20,"",289.363,0,0,0,0,0,0,0,0,0,0,0,0,0,0,0,0,0,0,0,0,524.074,0,-223.217,-11.4943
"MtrElec",6,23,21,"",196.531,0,0,0,0,0,0,0,0,0,0,0,0,0,0,0,0,0,0,0,0,419.748,0,-223.217,0
"MtrElec",6,23,22,"",282.236,0,0,0,0,0,0,0,0,0,0,0,0,0,0,0,0,0,0,0,0,286.275,0,-4.03891,0
"MtrElec",6,23,23,"",221.81,0,0,0,0,0,0,0,0,0,0,0,0,0,0,0,0,0,0,0,0,221.81,0,0,0
"MtrElec",6,23,24,"",189.794,0,0,0,0,0,0,0,0,0,0,0,0,0,0,0,0,0,0,0,0,189.794,0,0,0
"MtrElec",6,24,1,"",147.414,0,0,0,0,0,0,0,0,0,0,0,0,0,0,0,0,0,0,0,0,147.414,0,0,0
"MtrElec",6,24,2,"",177.641,0,0,0,0,0,0,0,0,0,0,0,0,0,0,0,0,0,0,0,0,177.641,0,0,0
"MtrElec",6,24,3,"",143.829,0,0,0,0,0,0,0,0,0,0,0,0,0,0,0,0,0,0,0,0,143.829,0,0,0
"MtrElec",6,24,4,"",154.382,0,0,0,0,0,0,0,0,0,0,0,0,0,0,0,0,0,0,0,0,154.382,0,0,0
"MtrElec",6,24,5,"",146.395,0,0,0,0,0,0,0,0,0,0,0,0,0,0,0,0,0,0,0,0,146.395,0,0,0
"MtrElec",6,24,6,"",156.056,0,0,0,0,0,0,0,0,0,0,0,0,0,0,0,0,0,0,0,0,156.056,0,0,0
"MtrElec",6,24,7,"",208.142,0,0,0,0,0,0,0,0,0,0,0,0,0,0,0,0,0,0,0,0,233.84,0,0,-25.6978
"MtrElec",6,24,8,"",228.033,0,0,0,0,0,0,0,0,0,0,0,0,0,0,0,0,0,0,0,0,318.073,0,0,-90.0402
"MtrElec",6,24,9,"",222.89,0,0,0,0,0,0,0,0,0,0,0,0,0,0,0,0,0,0,0,0,380.638,0,0,-157.748
"MtrElec",6,24,10,"",156.705,0,0,0,0,0,0,0,0,0,0,0,0,0,0,0,0,0,0,0,0,444.093,0,0,-287.388
"MtrElec",6,24,11,"",90.7818,0,0,0,0,0,0,0,0,0,0,0,0,0,0,0,0,0,0,0,0,476.277,0,0,-385.495
"MtrElec",6,24,12,"",0,0,0,0,0,0,0,0,0,0,0,0,0,0,0,0,0,0,0,0,0,450.188,0,205.706,-655.894
"MtrElec",6,24,13,"",0.0000156,0,0,0,0,0,0,0,0,0,0,0,0,0,0,0,0,0,0,0,0,464.102,0,213.088,-677.191
"MtrElec",6,24,14,"",-10.4435,0,0,0,0,0,0,0,0,0,0,0,0,0,0,0,0,0,0,0,0,447.673,0,223.217,-681.333
"MtrElec",6,24,15,"",-23.4685,0,0,0,0,0,0,0,0,0,0,0,0,0,0,0,0,0,0,0,0,458.271,0,156.87,-638.609
"MtrElec",6,24,16,"",-82.901,0,0,0,0,0,0,0,0,0,0,0,0,0,0,0,0,0,0,0,0,472.762,0,0,-555.663
"MtrElec",6,24,17,"",83.9503,0,0,0,0,0,0,0,0,0,0,0,0,0,0,0,0,0,0,0,0,509.119,0,0,-425.168
"MtrElec",6,24,18,"",251.019,0,0,0,0,0,0,0,0,0,0,0,0,0,0,0,0,0,0,0,0,508.876,0,0,-257.858
"MtrElec",6,24,19,"",193.226,0,0,0,0,0,0,0,0,0,0,0,0,0,0,0,0,0,0,0,0,509.375,0,-223.217,-92.9319
"MtrElec",6,24,20,"",246.648,0,0,0,0,0,0,0,0,0,0,0,0,0,0,0,0,0,0,0,0,483.22,0,-223.217,-13.3555
"MtrElec",6,24,21,"",209.729,0,0,0,0,0,0,0,0,0,0,0,0,0,0,0,0,0,0,0,0,432.946,0,-223.217,0
"MtrElec",6,24,22,"",279.161,0,0,0,0,0,0,0,0,0,0,0,0,0,0,0,0,0,0,0,0,330.501,0,-51.3398,0
"MtrElec",6,24,23,"",218.029,0,0,0,0,0,0,0,0,0,0,0,0,0,0,0,0,0,0,0,0,218.029,0,0,0
"MtrElec",6,24,24,"",240.319,0,0,0,0,0,0,0,0,0,0,0,0,0,0,0,0,0,0,0,0,240.319,0,0,0
"MtrElec",6,25,1,"",162.252,0,0,0,0,0,0,0,0,0,0,0,0,0,0,0,0,0,0,0,0,162.252,0,0,0
"MtrElec",6,25,2,"",150.258,0,0,0,0,0,0,0,0,0,0,0,0,0,0,0,0,0,0,0,0,150.258,0,0,0
"MtrElec",6,25,3,"",147.355,0,0,0,0,0,0,0,0,0,0,0,0,0,0,0,0,0,0,0,0,147.355,0,0,0
"MtrElec",6,25,4,"",154.409,0,0,0,0,0,0,0,0,0,0,0,0,0,0,0,0,0,0,0,0,154.409,0,0,0
"MtrElec",6,25,5,"",178.811,0,0,0,0,0,0,0,0,0,0,0,0,0,0,0,0,0,0,0,0,178.811,0,0,0
"MtrElec",6,25,6,"",144.271,0,0,0,0,0,0,0,0,0,0,0,0,0,0,0,0,0,0,0,0,144.271,0,0,0
"MtrElec",6,25,7,"",242.587,0,0,0,0,0,0,0,0,0,0,0,0,0,0,0,0,0,0,0,0,265.805,0,0,-23.2186
"MtrElec",6,25,8,"",184.426,0,0,0,0,0,0,0,0,0,0,0,0,0,0,0,0,0,0,0,0,313.981,0,0,-129.555
"MtrElec",6,25,9,"",74.0283,0,0,0,0,0,0,0,0,0,0,0,0,0,0,0,0,0,0,0,0,367.064,0,0,-293.036
"MtrElec",6,25,10,"",12.5133,0,0,0,0,0,0,0,0,0,0,0,0,0,0,0,0,0,0,0,0,451.249,0,0,-438.735
"MtrElec",6,25,11,"",0,0,0,0,0,0,0,0,0,0,0,0,0,0,0,0,0,0,0,0,0,493.924,0,53.2699,-547.194
"MtrElec",6,25,12,"",0,0,0,0,0,0,0,0,0,0,0,0,0,0,0,0,0,0,0,0,0,488.468,0,143.324,-631.792
"MtrElec",6,25,13,"",0,0,0,0,0,0,0,0,0,0,0,0,0,0,0,0,0,0,0,0,0,505.645,0,166.971,-672.616
"MtrElec",6,25,14,"",0.0000156,0,0,0,0,0,0,0,0,0,0,0,0,0,0,0,0,0,0,0,0,451.126,0,218.108,-669.233
"MtrElec",6,25,15,"",0,0,0,0,0,0,0,0,0,0,0,0,0,0,0,0,0,0,0,0,0,467.286,0,159.618,-626.904
"MtrElec",6,25,16,"",0,0,0,0,0,0,0,0,0,0,0,0,0,0,0,0,0,0,0,0,0,489.451,0,49.0309,-538.482
"MtrElec",6,25,17,"",109.595,0,0,0,0,0,0,0,0,0,0,0,0,0,0,0,0,0,0,0,0,523.385,0,0,-413.789
"MtrElec",6,25,18,"",275.19,0,0,0,0,0,0,0,0,0,0,0,0,0,0,0,0,0,0,0,0,529.247,0,0,-254.057
"MtrElec",6,25,19,"",221.698,0,0,0,0,0,0,0,0,0,0,0,0,0,0,0,0,0,0,0,0,537.579,0,-223.217,-92.6646
"MtrElec",6,25,20,"",247.111,0,0,0,0,0,0,0,0,0,0,0,0,0,0,0,0,0,0,0,0,484.79,0,-223.217,-14.4621
"MtrElec",6,25,21,"",249.818,0,0,0,0,0,0,0,0,0,0,0,0,0,0,0,0,0,0,0,0,473.035,0,-223.217,0
"MtrElec",6,25,22,"",246.341,0,0,0,0,0,0,0,0,0,0,0,0,0,0,0,0,0,0,0,0,289.955,0,-43.6141,0
"MtrElec",6,25,23,"",257.943,0,0,0,0,0,0,0,0,0,0,0,0,0,0,0,0,0,0,0,0,257.943,0,0,0
"MtrElec",6,25,24,"",190.269,0,0,0,0,0,0,0,0,0,0,0,0,0,0,0,0,0,0,0,0,190.269,0,0,0
"MtrElec",6,26,1,"",153.308,0,0,0,0,0,0,0,0,0,0,0,0,0,0,0,0,0,0,0,0,153.308,0,0,0
"MtrElec",6,26,2,"",150.084,0,0,0,0,0,0,0,0,0,0,0,0,0,0,0,0,0,0,0,0,150.084,0,0,0
"MtrElec",6,26,3,"",141.306,0,0,0,0,0,0,0,0,0,0,0,0,0,0,0,0,0,0,0,0,141.306,0,0,0
"MtrElec",6,26,4,"",150.279,0,0,0,0,0,0,0,0,0,0,0,0,0,0,0,0,0,0,0,0,150.279,0,0,0
"MtrElec",6,26,5,"",175.102,0,0,0,0,0,0,0,0,0,0,0,0,0,0,0,0,0,0,0,0,175.102,0,0,0
"MtrElec",6,26,6,"",144.303,0,0,0,0,0,0,0,0,0,0,0,0,0,0,0,0,0,0,0,0,144.303,0,0,0
"MtrElec",6,26,7,"",212.674,0,0,0,0,0,0,0,0,0,0,0,0,0,0,0,0,0,0,0,0,235.78,0,0,-23.1058
"MtrElec",6,26,8,"",198.705,0,0,0,0,0,0,0,0,0,0,0,0,0,0,0,0,0,0,0,0,327.19,0,0,-128.485
"MtrElec",6,26,9,"",87.1805,0,0,0,0,0,0,0,0,0,0,0,0,0,0,0,0,0,0,0,0,375.602,0,0,-288.421
"MtrElec",6,26,10,"",58.5201,0,0,0,0,0,0,0,0,0,0,0,0,0,0,0,0,0,0,0,0,498.186,0,0,-439.666
"MtrElec",6,26,11,"",0,0,0,0,0,0,0,0,0,0,0,0,0,0,0,0,0,0,0,0,0,527.858,0,32.022,-559.88
"MtrElec",6,26,12,"",0,0,0,0,0,0,0,0,0,0,0,0,0,0,0,0,0,0,0,0,0,523.037,0,102.668,-625.705
"MtrElec",6,26,13,"",0,0,0,0,0,0,0,0,0,0,0,0,0,0,0,0,0,0,0,0,0,486.899,0,170.048,-656.947
"MtrElec",6,26,14,"",0,0,0,0,0,0,0,0,0,0,0,0,0,0,0,0,0,0,0,0,0,483.463,0,179.553,-663.015
"MtrElec",6,26,15,"",0,0,0,0,0,0,0,0,0,0,0,0,0,0,0,0,0,0,0,0,0,479.825,0,135.065,-614.891
"MtrElec",6,26,16,"",0,0,0,0,0,0,0,0,0,0,0,0,0,0,0,0,0,0,0,0,0,495.286,0,35.6028,-530.889
"MtrElec",6,26,17,"",121.947,0,0,0,0,0,0,0,0,0,0,0,0,0,0,0,0,0,0,0,0,528.551,0,0,-406.603
"MtrElec",6,26,18,"",298.674,0,0,0,0,0,0,0,0,0,0,0,0,0,0,0,0,0,0,0,0,548.706,0,0,-250.032
"MtrElec",6,26,19,"",222.254,0,0,0,0,0,0,0,0,0,0,0,0,0,0,0,0,0,0,0,0,538.214,0,-223.217,-92.7426
"MtrElec",6,26,20,"",222.223,0,0,0,0,0,0,0,0,0,0,0,0,0,0,0,0,0,0,0,0,461.198,0,-223.217,-15.7584
"MtrElec",6,26,21,"",279.155,0,0,0,0,0,0,0,0,0,0,0,0,0,0,0,0,0,0,0,0,423.822,0,-144.667,0
"MtrElec",6,26,22,"",305.519,0,0,0,0,0,0,0,0,0,0,0,0,0,0,0,0,0,0,0,0,305.519,0,0,0
"MtrElec",6,26,23,"",274.669,0,0,0,0,0,0,0,0,0,0,0,0,0,0,0,0,0,0,0,0,274.669,0,0,0
"MtrElec",6,26,24,"",258.692,0,0,0,0,0,0,0,0,0,0,0,0,0,0,0,0,0,0,0,0,258.692,0,0,0
"MtrElec",6,27,1,"",162.254,0,0,0,0,0,0,0,0,0,0,0,0,0,0,0,0,0,0,0,0,162.254,0,0,0
"MtrElec",6,27,2,"",148.657,0,0,0,0,0,0,0,0,0,0,0,0,0,0,0,0,0,0,0,0,148.657,0,0,0
"MtrElec",6,27,3,"",143.081,0,0,0,0,0,0,0,0,0,0,0,0,0,0,0,0,0,0,0,0,143.081,0,0,0
"MtrElec",6,27,4,"",145.581,0,0,0,0,0,0,0,0,0,0,0,0,0,0,0,0,0,0,0,0,145.581,0,0,0
"MtrElec",6,27,5,"",163.97,0,0,0,0,0,0,0,0,0,0,0,0,0,0,0,0,0,0,0,0,163.97,0,0,0
"MtrElec",6,27,6,"",146.184,0,0,0,0,0,0,0,0,0,0,0,0,0,0,0,0,0,0,0,0,146.184,0,0,0
"MtrElec",6,27,7,"",195.669,0,0,0,0,0,0,0,0,0,0,0,0,0,0,0,0,0,0,0,0,220.688,0,0,-25.0191
"MtrElec",6,27,8,"",138.671,0,0,0,0,0,0,0,0,0,0,0,0,0,0,0,0,0,0,0,0,263.254,0,0,-124.583
"MtrElec",6,27,9,"",27.3624,0,0,0,0,0,0,0,0,0,0,0,0,0,0,0,0,0,0,0,0,307.186,0,0,-279.823
"MtrElec",6,27,10,"",-16.4661,0,0,0,0,0,0,0,0,0,0,0,0,0,0,0,0,0,0,0,0,403.588,0,0,-420.054
"MtrElec",6,27,11,"",79.8009,0,0,0,0,0,0,0,0,0,0,0,0,0,0,0,0,0,0,0,0,606.003,0,0,-526.202
"MtrElec",6,27,12,"",23.7961,0,0,0,0,0,0,0,0,0,0,0,0,0,0,0,0,0,0,0,0,618.403,0,0,-594.607
"MtrElec",6,27,13,"",63.5327,0,0,0,0,0,0,0,0,0,0,0,0,0,0,0,0,0,0,0,0,682.135,0,0,-618.602
"MtrElec",6,27,14,"",0,0,0,0,0,0,0,0,0,0,0,0,0,0,0,0,0,0,0,0,0,589.345,0,24.8684,-614.213
"MtrElec",6,27,15,"",41.6591,0,0,0,0,0,0,0,0,0,0,0,0,0,0,0,0,0,0,0,0,615.41,0,0,-573.751
"MtrElec",6,27,16,"",83.1566,0,0,0,0,0,0,0,0,0,0,0,0,0,0,0,0,0,0,0,0,592.679,0,0,-509.522
"MtrElec",6,27,17,"",331.788,0,0,0,0,0,0,0,0,0,0,0,0,0,0,0,0,0,0,0,0,655.646,0,0,-323.858
"MtrElec",6,27,18,"",507.675,0,0,0,0,0,0,0,0,0,0,0,0,0,0,0,0,0,0,0,0,599.431,0,0,-91.7556
"MtrElec",6,27,19,"",525.767,0,0,0,0,0,0,0,0,0,0,0,0,0,0,0,0,0,0,0,0,608.726,0,-22.4437,-60.5154
"MtrElec",6,27,20,"",483.812,0,0,0,0,0,0,0,0,0,0,0,0,0,0,0,0,0,0,0,0,496.992,0,0,-13.1801
"MtrElec",6,27,21,"",341.316,0,0,0,0,0,0,0,0,0,0,0,0,0,0,0,0,0,0,0,0,341.316,0,0,0
"MtrElec",6,27,22,"",319.313,0,0,0,0,0,0,0,0,0,0,0,0,0,0,0,0,0,0,0,0,319.313,0,0,0
"MtrElec",6,27,23,"",250.626,0,0,0,0,0,0,0,0,0,0,0,0,0,0,0,0,0,0,0,0,250.626,0,0,0
"MtrElec",6,27,24,"",192.055,0,0,0,0,0,0,0,0,0,0,0,0,0,0,0,0,0,0,0,0,192.055,0,0,0
"MtrElec",6,28,1,"",165.498,0,0,0,0,0,0,0,0,0,0,0,0,0,0,0,0,0,0,0,0,165.498,0,0,0
"MtrElec",6,28,2,"",151.719,0,0,0,0,0,0,0,0,0,0,0,0,0,0,0,0,0,0,0,0,151.719,0,0,0
"MtrElec",6,28,3,"",146.931,0,0,0,0,0,0,0,0,0,0,0,0,0,0,0,0,0,0,0,0,146.931,0,0,0
"MtrElec",6,28,4,"",147.72,0,0,0,0,0,0,0,0,0,0,0,0,0,0,0,0,0,0,0,0,147.72,0,0,0
"MtrElec",6,28,5,"",180.25,0,0,0,0,0,0,0,0,0,0,0,0,0,0,0,0,0,0,0,0,180.25,0,0,0
"MtrElec",6,28,6,"",178.108,0,0,0,0,0,0,0,0,0,0,0,0,0,0,0,0,0,0,0,0,178.108,0,0,0
"MtrElec",6,28,7,"",133.694,0,0,0,0,0,0,0,0,0,0,0,0,0,0,0,0,0,0,0,0,154.046,0,0,-20.3518
"MtrElec",6,28,8,"",120.544,0,0,0,0,0,0,0,0,0,0,0,0,0,0,0,0,0,0,0,0,242.24,0,0,-121.696
"MtrElec",6,28,9,"",27.3143,0,0,0,0,0,0,0,0,0,0,0,0,0,0,0,0,0,0,0,0,311.256,0,0,-283.942
"MtrElec",6,28,10,"",41.8424,0,0,0,0,0,0,0,0,0,0,0,0,0,0,0,0,0,0,0,0,435.857,0,0,-394.014
"MtrElec",6,28,11,"",81.7206,0,0,0,0,0,0,0,0,0,0,0,0,0,0,0,0,0,0,0,0,521.361,0,0,-439.641
"MtrElec",6,28,12,"",0,0,0,0,0,0,0,0,0,0,0,0,0,0,0,0,0,0,0,0,0,491.969,0,48.6743,-540.643
"MtrElec",6,28,13,"",18.7336,0,0,0,0,0,0,0,0,0,0,0,0,0,0,0,0,0,0,0,0,481.695,0,0,-462.962
"MtrElec",6,28,14,"",0,0,0,0,0,0,0,0,0,0,0,0,0,0,0,0,0,0,0,0,0,481.723,0,47.1074,-528.83
"MtrElec",6,28,15,"",0,0,0,0,0,0,0,0,0,0,0,0,0,0,0,0,0,0,0,0,0,494.825,0,114.575,-609.401
"MtrElec",6,28,16,"",0.0000020,0,0,0,0,0,0,0,0,0,0,0,0,0,0,0,0,0,0,0,0,479.648,0,30.7326,-510.381
"MtrElec",6,28,17,"",145.248,0,0,0,0,0,0,0,0,0,0,0,0,0,0,0,0,0,0,0,0,501.612,0,0,-356.363
"MtrElec",6,28,18,"",216.232,0,0,0,0,0,0,0,0,0,0,0,0,0,0,0,0,0,0,0,0,432.571,0,0,-216.339
"MtrElec",6,28,19,"",155.158,0,0,0,0,0,0,0,0,0,0,0,0,0,0,0,0,0,0,0,0,466.31,0,-217.583,-93.5683
"MtrElec",6,28,20,"",340.897,0,0,0,0,0,0,0,0,0,0,0,0,0,0,0,0,0,0,0,0,356.623,0,0,-15.7261
"MtrElec",6,28,21,"",321.667,0,0,0,0,0,0,0,0,0,0,0,0,0,0,0,0,0,0,0,0,321.667,0,0,0
"MtrElec",6,28,22,"",327.849,0,0,0,0,0,0,0,0,0,0,0,0,0,0,0,0,0,0,0,0,327.849,0,0,0
"MtrElec",6,28,23,"",203.435,0,0,0,0,0,0,0,0,0,0,0,0,0,0,0,0,0,0,0,0,203.435,0,0,0
"MtrElec",6,28,24,"",249.425,0,0,0,0,0,0,0,0,0,0,0,0,0,0,0,0,0,0,0,0,249.425,0,0,0
"MtrElec",6,29,1,"",156.914,0,0,0,0,0,0,0,0,0,0,0,0,0,0,0,0,0,0,0,0,156.914,0,0,0
"MtrElec",6,29,2,"",148.407,0,0,0,0,0,0,0,0,0,0,0,0,0,0,0,0,0,0,0,0,148.407,0,0,0
"MtrElec",6,29,3,"",141.717,0,0,0,0,0,0,0,0,0,0,0,0,0,0,0,0,0,0,0,0,141.717,0,0,0
"MtrElec",6,29,4,"",145.538,0,0,0,0,0,0,0,0,0,0,0,0,0,0,0,0,0,0,0,0,145.538,0,0,0
"MtrElec",6,29,5,"",144.319,0,0,0,0,0,0,0,0,0,0,0,0,0,0,0,0,0,0,0,0,144.319,0,0,0
"MtrElec",6,29,6,"",177.817,0,0,0,0,0,0,0,0,0,0,0,0,0,0,0,0,0,0,0,0,177.817,0,0,0
"MtrElec",6,29,7,"",220.526,0,0,0,0,0,0,0,0,0,0,0,0,0,0,0,0,0,0,0,0,244.734,0,0,-24.2079
"MtrElec",6,29,8,"",226.535,0,0,0,0,0,0,0,0,0,0,0,0,0,0,0,0,0,0,0,0,348.908,0,0,-122.373
"MtrElec",6,29,9,"",98.1077,0,0,0,0,0,0,0,0,0,0,0,0,0,0,0,0,0,0,0,0,381.317,0,0,-283.209
"MtrElec",6,29,10,"",89.4557,0,0,0,0,0,0,0,0,0,0,0,0,0,0,0,0,0,0,0,0,517.717,0,0,-428.261
"MtrElec",6,29,11,"",8.01431,0,0,0,0,0,0,0,0,0,0,0,0,0,0,0,0,0,0,0,0,536.74,0,0,-528.726
"MtrElec",6,29,12,"",0.0000039,0,0,0,0,0,0,0,0,0,0,0,0,0,0,0,0,0,0,0,0,556.312,0,58.1973,-614.509
"MtrElec",6,29,13,"",0,0,0,0,0,0,0,0,0,0,0,0,0,0,0,0,0,0,0,0,0,581.309,0,75.2705,-656.58
"MtrElec",6,29,14,"",0,0,0,0,0,0,0,0,0,0,0,0,0,0,0,0,0,0,0,0,0,508.085,0,145.159,-653.244
"MtrElec",6,29,15,"",0,0,0,0,0,0,0,0,0,0,0,0,0,0,0,0,0,0,0,0,0,493.276,0,120.324,-613.599
"MtrElec",6,29,16,"",0.0000039,0,0,0,0,0,0,0,0,0,0,0,0,0,0,0,0,0,0,0,0,498.568,0,32.9065,-531.475
"MtrElec",6,29,17,"",144.883,0,0,0,0,0,0,0,0,0,0,0,0,0,0,0,0,0,0,0,0,552.852,0,0,-407.969
"MtrElec",6,29,18,"",287.971,0,0,0,0,0,0,0,0,0,0,0,0,0,0,0,0,0,0,0,0,539.671,0,0,-251.7
"MtrElec",6,29,19,"",242.835,0,0,0,0,0,0,0,0,0,0,0,0,0,0,0,0,0,0,0,0,560.284,0,-223.217,-94.2321
"MtrElec",6,29,20,"",333.762,0,0,0,0,0,0,0,0,0,0,0,0,0,0,0,0,0,0,0,0,515.963,0,-166.534,-15.6679
"MtrElec",6,29,21,"",399.657,0,0,0,0,0,0,0,0,0,0,0,0,0,0,0,0,0,0,0,0,399.657,0,0,0
"MtrElec",6,29,22,"",317.609,0,0,0,0,0,0,0,0,0,0,0,0,0,0,0,0,0,0,0,0,317.609,0,0,0
"MtrElec",6,29,23,"",280.981,0,0,0,0,0,0,0,0,0,0,0,0,0,0,0,0,0,0,0,0,280.981,0,0,0
"MtrElec",6,29,24,"",206.324,0,0,0,0,0,0,0,0,0,0,0,0,0,0,0,0,0,0,0,0,206.324,0,0,0
"MtrElec",6,30,1,"",147.065,0,0,0,0,0,0,0,0,0,0,0,0,0,0,0,0,0,0,0,0,147.065,0,0,0
"MtrElec",6,30,2,"",145.398,0,0,0,0,0,0,0,0,0,0,0,0,0,0,0,0,0,0,0,0,145.398,0,0,0
"MtrElec",6,30,3,"",139.792,0,0,0,0,0,0,0,0,0,0,0,0,0,0,0,0,0,0,0,0,139.792,0,0,0
"MtrElec",6,30,4,"",142.559,0,0,0,0,0,0,0,0,0,0,0,0,0,0,0,0,0,0,0,0,142.559,0,0,0
"MtrElec",6,30,5,"",170.378,0,0,0,0,0,0,0,0,0,0,0,0,0,0,0,0,0,0,0,0,170.378,0,0,0
"MtrElec",6,30,6,"",146.228,0,0,0,0,0,0,0,0,0,0,0,0,0,0,0,0,0,0,0,0,146.228,0,0,0
"MtrElec",6,30,7,"",231.782,0,0,0,0,0,0,0,0,0,0,0,0,0,0,0,0,0,0,0,0,253.412,0,0,-21.6305
"MtrElec",6,30,8,"",236.767,0,0,0,0,0,0,0,0,0,0,0,0,0,0,0,0,0,0,0,0,359.472,0,0,-122.705
"MtrElec",6,30,9,"",149.961,0,0,0,0,0,0,0,0,0,0,0,0,0,0,0,0,0,0,0,0,435.877,0,0,-285.916
"MtrElec",6,30,10,"",151.92,0,0,0,0,0,0,0,0,0,0,0,0,0,0,0,0,0,0,0,0,584.643,0,0,-432.723
"MtrElec",6,30,11,"",0,0,0,0,0,0,0,0,0,0,0,0,0,0,0,0,0,0,0,0,0,549.157,0,2.38363,-551.54
"MtrElec",6,30,12,"",0,0,0,0,0,0,0,0,0,0,0,0,0,0,0,0,0,0,0,0,0,538.477,0,84.6736,-623.15
"MtrElec",6,30,13,"",0,0,0,0,0,0,0,0,0,0,0,0,0,0,0,0,0,0,0,0,0,609.429,0,53.8842,-663.313
"MtrElec",6,30,14,"",0.0000156,0,0,0,0,0,0,0,0,0,0,0,0,0,0,0,0,0,0,0,0,485.53,0,188.88,-674.411
"MtrElec",6,30,15,"",0,0,0,0,0,0,0,0,0,0,0,0,0,0,0,0,0,0,0,0,0,477.468,0,152.675,-630.142
"MtrElec",6,30,16,"",0,0,0,0,0,0,0,0,0,0,0,0,0,0,0,0,0,0,0,0,0,500.274,0,41.3447,-541.619
"MtrElec",6,30,17,"",134.045,0,0,0,0,0,0,0,0,0,0,0,0,0,0,0,0,0,0,0,0,547.365,0,0,-413.32
"MtrElec",6,30,18,"",293.807,0,0,0,0,0,0,0,0,0,0,0,0,0,0,0,0,0,0,0,0,552.681,0,0,-258.874
"MtrElec",6,30,19,"",235.63,0,0,0,0,0,0,0,0,0,0,0,0,0,0,0,0,0,0,0,0,552.204,0,-223.217,-93.3571
"MtrElec",6,30,20,"",246.71,0,0,0,0,0,0,0,0,0,0,0,0,0,0,0,0,0,0,0,0,482.671,0,-223.217,-12.7439
"MtrElec",6,30,21,"",479.227,0,0,0,0,0,0,0,0,0,0,0,0,0,0,0,0,0,0,0,0,505.56,0,-26.3331,0
"MtrElec",6,30,22,"",315.667,0,0,0,0,0,0,0,0,0,0,0,0,0,0,0,0,0,0,0,0,315.667,0,0,0
"MtrElec",6,30,23,"",292.207,0,0,0,0,0,0,0,0,0,0,0,0,0,0,0,0,0,0,0,0,292.207,0,0,0
"MtrElec",6,30,24,"",259.018,0,0,0,0,0,0,0,0,0,0,0,0,0,0,0,0,0,0,0,0,259.018,0,0,0
"MtrElec",7,1,1,"",163.163,0,0,0,0,0,0,0,0,0,0,0,0,0,0,0,0,0,0,0,0,163.163,0,0,0
"MtrElec",7,1,2,"",155.486,0,0,0,0,0,0,0,0,0,0,0,0,0,0,0,0,0,0,0,0,155.486,0,0,0
"MtrElec",7,1,3,"",150.101,0,0,0,0,0,0,0,0,0,0,0,0,0,0,0,0,0,0,0,0,150.101,0,0,0
"MtrElec",7,1,4,"",151.238,0,0,0,0,0,0,0,0,0,0,0,0,0,0,0,0,0,0,0,0,151.238,0,0,0
"MtrElec",7,1,5,"",148.452,0,0,0,0,0,0,0,0,0,0,0,0,0,0,0,0,0,0,0,0,148.452,0,0,0
"MtrElec",7,1,6,"",181.724,0,0,0,0,0,0,0,0,0,0,0,0,0,0,0,0,0,0,0,0,181.724,0,0,0
"MtrElec",7,1,7,"",241.426,0,0,0,0,0,0,0,0,0,0,0,0,0,0,0,0,0,0,0,0,258.889,0,0,-17.4626
"MtrElec",7,1,8,"",192.08,0,0,0,0,0,0,0,0,0,0,0,0,0,0,0,0,0,0,0,0,318.366,0,0,-126.287
"MtrElec",7,1,9,"",117.917,0,0,0,0,0,0,0,0,0,0,0,0,0,0,0,0,0,0,0,0,420.932,0,0,-303.014
"MtrElec",7,1,10,"",32.7042,0,0,0,0,0,0,0,0,0,0,0,0,0,0,0,0,0,0,0,0,493.136,0,0,-460.432
"MtrElec",7,1,11,"",0,0,0,0,0,0,0,0,0,0,0,0,0,0,0,0,0,0,0,0,0,527.623,0,45.3997,-573.022
"MtrElec",7,1,12,"",0.0000078,0,0,0,0,0,0,0,0,0,0,0,0,0,0,0,0,0,0,0,0,544.008,0,85.941,-629.949
"MtrElec",7,1,13,"",0,0,0,0,0,0,0,0,0,0,0,0,0,0,0,0,0,0,0,0,0,553.425,0,132.712,-686.138
"MtrElec",7,1,14,"",0,0,0,0,0,0,0,0,0,0,0,0,0,0,0,0,0,0,0,0,0,522.726,0,171.558,-694.284
"MtrElec",7,1,15,"",0,0,0,0,0,0,0,0,0,0,0,0,0,0,0,0,0,0,0,0,0,529.356,0,119.159,-648.515
"MtrElec",7,1,16,"",0.0000010,0,0,0,0,0,0,0,0,0,0,0,0,0,0,0,0,0,0,0,0,543.561,0,15.5644,-559.125
"MtrElec",7,1,17,"",177.801,0,0,0,0,0,0,0,0,0,0,0,0,0,0,0,0,0,0,0,0,609.865,0,0,-432.064
"MtrElec",7,1,18,"",290.144,0,0,0,0,0,0,0,0,0,0,0,0,0,0,0,0,0,0,0,0,559.356,0,0,-269.212
"MtrElec",7,1,19,"",223.125,0,0,0,0,0,0,0,0,0,0,0,0,0,0,0,0,0,0,0,0,541.295,0,-223.217,-94.9528
"MtrElec",7,1,20,"",305.091,0,0,0,0,0,0,0,0,0,0,0,0,0,0,0,0,0,0,0,0,538.985,0,-223.217,-10.6776
"MtrElec",7,1,21,"",428.337,0,0,0,0,0,0,0,0,0,0,0,0,0,0,0,0,0,0,0,0,496.63,0,-68.2927,0
"MtrElec",7,1,22,"",350.751,0,0,0,0,0,0,0,0,0,0,0,0,0,0,0,0,0,0,0,0,350.751,0,0,0
"MtrElec",7,1,23,"",283.045,0,0,0,0,0,0,0,0,0,0,0,0,0,0,0,0,0,0,0,0,283.045,0,0,0
"MtrElec",7,1,24,"",207.772,0,0,0,0,0,0,0,0,0,0,0,0,0,0,0,0,0,0,0,0,207.772,0,0,0
"MtrElec",7,2,1,"",167.864,0,0,0,0,0,0,0,0,0,0,0,0,0,0,0,0,0,0,0,0,167.864,0,0,0
"MtrElec",7,2,2,"",153.298,0,0,0,0,0,0,0,0,0,0,0,0,0,0,0,0,0,0,0,0,153.298,0,0,0
"MtrElec",7,2,3,"",146.449,0,0,0,0,0,0,0,0,0,0,0,0,0,0,0,0,0,0,0,0,146.449,0,0,0
"MtrElec",7,2,4,"",144.588,0,0,0,0,0,0,0,0,0,0,0,0,0,0,0,0,0,0,0,0,144.588,0,0,0
"MtrElec",7,2,5,"",147.251,0,0,0,0,0,0,0,0,0,0,0,0,0,0,0,0,0,0,0,0,147.251,0,0,0
"MtrElec",7,2,6,"",172.24,0,0,0,0,0,0,0,0,0,0,0,0,0,0,0,0,0,0,0,0,172.24,0,0,0
"MtrElec",7,2,7,"",257.88,0,0,0,0,0,0,0,0,0,0,0,0,0,0,0,0,0,0,0,0,276.064,0,0,-18.1848
"MtrElec",7,2,8,"",186.255,0,0,0,0,0,0,0,0,0,0,0,0,0,0,0,0,0,0,0,0,312.721,0,0,-126.465
"MtrElec",7,2,9,"",78.4963,0,0,0,0,0,0,0,0,0,0,0,0,0,0,0,0,0,0,0,0,383.654,0,0,-305.158
"MtrElec",7,2,10,"",50.766,0,0,0,0,0,0,0,0,0,0,0,0,0,0,0,0,0,0,0,0,508.593,0,0,-457.827
"MtrElec",7,2,11,"",0,0,0,0,0,0,0,0,0,0,0,0,0,0,0,0,0,0,0,0,0,531.113,0,37.3764,-568.49
"MtrElec",7,2,12,"",0,0,0,0,0,0,0,0,0,0,0,0,0,0,0,0,0,0,0,0,0,552.163,0,98.3102,-650.473
"MtrElec",7,2,13,"",0.0000156,0,0,0,0,0,0,0,0,0,0,0,0,0,0,0,0,0,0,0,0,498.224,0,186.236,-684.459
"MtrElec",7,2,14,"",0,0,0,0,0,0,0,0,0,0,0,0,0,0,0,0,0,0,0,0,0,522.242,0,160.743,-682.985
"MtrElec",7,2,15,"",0,0,0,0,0,0,0,0,0,0,0,0,0,0,0,0,0,0,0,0,0,514.155,0,130.023,-644.178
"MtrElec",7,2,16,"",0.231312,0,0,0,0,0,0,0,0,0,0,0,0,0,0,0,0,0,0,0,0,557.933,0,0,-557.701
"MtrElec",7,2,17,"",154.925,0,0,0,0,0,0,0,0,0,0,0,0,0,0,0,0,0,0,0,0,589.242,0,0,-434.318
"MtrElec",7,2,18,"",330.36,0,0,0,0,0,0,0,0,0,0,0,0,0,0,0,0,0,0,0,0,604.171,0,0,-273.811
"MtrElec",7,2,19,"",266.583,0,0,0,0,0,0,0,0,0,0,0,0,0,0,0,0,0,0,0,0,585.834,0,-223.217,-96.0338
"MtrElec",7,2,20,"",308.246,0,0,0,0,0,0,0,0,0,0,0,0,0,0,0,0,0,0,0,0,541.551,0,-223.217,-10.0879
"MtrElec",7,2,21,"",404.938,0,0,0,0,0,0,0,0,0,0,0,0,0,0,0,0,0,0,0,0,511.456,0,-106.518,0
"MtrElec",7,2,22,"",364.591,0,0,0,0,0,0,0,0,0,0,0,0,0,0,0,0,0,0,0,0,364.591,0,0,0
"MtrElec",7,2,23,"",291.258,0,0,0,0,0,0,0,0,0,0,0,0,0,0,0,0,0,0,0,0,291.258,0,0,0
"MtrElec",7,2,24,"",217.201,0,0,0,0,0,0,0,0,0,0,0,0,0,0,0,0,0,0,0,0,217.201,0,0,0
"MtrElec",7,3,1,"",160.25,0,0,0,0,0,0,0,0,0,0,0,0,0,0,0,0,0,0,0,0,160.25,0,0,0
"MtrElec",7,3,2,"",154.801,0,0,0,0,0,0,0,0,0,0,0,0,0,0,0,0,0,0,0,0,154.801,0,0,0
"MtrElec",7,3,3,"",149.905,0,0,0,0,0,0,0,0,0,0,0,0,0,0,0,0,0,0,0,0,149.905,0,0,0
"MtrElec",7,3,4,"",147.145,0,0,0,0,0,0,0,0,0,0,0,0,0,0,0,0,0,0,0,0,147.145,0,0,0
"MtrElec",7,3,5,"",142.637,0,0,0,0,0,0,0,0,0,0,0,0,0,0,0,0,0,0,0,0,142.637,0,0,0
"MtrElec",7,3,6,"",176.966,0,0,0,0,0,0,0,0,0,0,0,0,0,0,0,0,0,0,0,0,176.966,0,0,0
"MtrElec",7,3,7,"",205.663,0,0,0,0,0,0,0,0,0,0,0,0,0,0,0,0,0,0,0,0,224.495,0,0,-18.8318
"MtrElec",7,3,8,"",227.258,0,0,0,0,0,0,0,0,0,0,0,0,0,0,0,0,0,0,0,0,353.696,0,0,-126.438
"MtrElec",7,3,9,"",122.525,0,0,0,0,0,0,0,0,0,0,0,0,0,0,0,0,0,0,0,0,424.504,0,0,-301.979
"MtrElec",7,3,10,"",171.409,0,0,0,0,0,0,0,0,0,0,0,0,0,0,0,0,0,0,0,0,629.151,0,0,-457.742
"MtrElec",7,3,11,"",54.1956,0,0,0,0,0,0,0,0,0,0,0,0,0,0,0,0,0,0,0,0,623.828,0,0,-569.632
"MtrElec",7,3,12,"",44.458,0,0,0,0,0,0,0,0,0,0,0,0,0,0,0,0,0,0,0,0,685.618,0,0,-641.16
"MtrElec",7,3,13,"",0,0,0,0,0,0,0,0,0,0,0,0,0,0,0,0,0,0,0,0,0,607.443,0,76.0388,-683.482
"MtrElec",7,3,14,"",0,0,0,0,0,0,0,0,0,0,0,0,0,0,0,0,0,0,0,0,0,550.726,0,128.258,-678.984
"MtrElec",7,3,15,"",0.0000039,0,0,0,0,0,0,0,0,0,0,0,0,0,0,0,0,0,0,0,0,572.752,0,60.7474,-633.499
"MtrElec",7,3,16,"",0,0,0,0,0,0,0,0,0,0,0,0,0,0,0,0,0,0,0,0,0,551.241,0,4.12394,-555.365
"MtrElec",7,3,17,"",183.366,0,0,0,0,0,0,0,0,0,0,0,0,0,0,0,0,0,0,0,0,613.636,0,0,-430.269
"MtrElec",7,3,18,"",383.724,0,0,0,0,0,0,0,0,0,0,0,0,0,0,0,0,0,0,0,0,649.242,0,0,-265.517
"MtrElec",7,3,19,"",283.817,0,0,0,0,0,0,0,0,0,0,0,0,0,0,0,0,0,0,0,0,601.188,0,-223.217,-94.1545
"MtrElec",7,3,20,"",467.619,0,0,0,0,0,0,0,0,0,0,0,0,0,0,0,0,0,0,0,0,497.319,0,-19.7072,-9.99321
"MtrElec",7,3,21,"",451.484,0,0,0,0,0,0,0,0,0,0,0,0,0,0,0,0,0,0,0,0,451.484,0,0,0
"MtrElec",7,3,22,"",313.954,0,0,0,0,0,0,0,0,0,0,0,0,0,0,0,0,0,0,0,0,313.954,0,0,0
"MtrElec",7,3,23,"",230.456,0,0,0,0,0,0,0,0,0,0,0,0,0,0,0,0,0,0,0,0,230.456,0,0,0
"MtrElec",7,3,24,"",207.876,0,0,0,0,0,0,0,0,0,0,0,0,0,0,0,0,0,0,0,0,207.876,0,0,0
"MtrElec",7,4,1,"",195.761,0,0,0,0,0,0,0,0,0,0,0,0,0,0,0,0,0,0,0,0,195.761,0,0,0
"MtrElec",7,4,2,"",156.775,0,0,0,0,0,0,0,0,0,0,0,0,0,0,0,0,0,0,0,0,156.775,0,0,0
"MtrElec",7,4,3,"",154.315,0,0,0,0,0,0,0,0,0,0,0,0,0,0,0,0,0,0,0,0,154.315,0,0,0
"MtrElec",7,4,4,"",153.157,0,0,0,0,0,0,0,0,0,0,0,0,0,0,0,0,0,0,0,0,153.157,0,0,0
"MtrElec",7,4,5,"",181.688,0,0,0,0,0,0,0,0,0,0,0,0,0,0,0,0,0,0,0,0,181.688,0,0,0
"MtrElec",7,4,6,"",147.379,0,0,0,0,0,0,0,0,0,0,0,0,0,0,0,0,0,0,0,0,147.379,0,0,0
"MtrElec",7,4,7,"",212.929,0,0,0,0,0,0,0,0,0,0,0,0,0,0,0,0,0,0,0,0,233.266,0,0,-20.3364
"MtrElec",7,4,8,"",156.348,0,0,0,0,0,0,0,0,0,0,0,0,0,0,0,0,0,0,0,0,279.475,0,0,-123.127
"MtrElec",7,4,9,"",29.0374,0,0,0,0,0,0,0,0,0,0,0,0,0,0,0,0,0,0,0,0,321.919,0,0,-292.882
"MtrElec",7,4,10,"",60.5772,0,0,0,0,0,0,0,0,0,0,0,0,0,0,0,0,0,0,0,0,489.857,0,0,-429.28
"MtrElec",7,4,11,"",194.636,0,0,0,0,0,0,0,0,0,0,0,0,0,0,0,0,0,0,0,0,684.697,0,0,-490.061
"MtrElec",7,4,12,"",80.2419,0,0,0,0,0,0,0,0,0,0,0,0,0,0,0,0,0,0,0,0,634.003,0,0,-553.761
"MtrElec",7,4,13,"",25.1064,0,0,0,0,0,0,0,0,0,0,0,0,0,0,0,0,0,0,0,0,602.424,0,0,-577.317
"MtrElec",7,4,14,"",6.02644,0,0,0,0,0,0,0,0,0,0,0,0,0,0,0,0,0,0,0,0,587.212,0,0,-581.186
"MtrElec",7,4,15,"",15.7311,0,0,0,0,0,0,0,0,0,0,0,0,0,0,0,0,0,0,0,0,559.796,0,0,-544.065
"MtrElec",7,4,16,"",85.541,0,0,0,0,0,0,0,0,0,0,0,0,0,0,0,0,0,0,0,0,552.385,0,0,-466.844
"MtrElec",7,4,17,"",130.923,0,0,0,0,0,0,0,0,0,0,0,0,0,0,0,0,0,0,0,0,498.909,0,0,-367.986
"MtrElec",7,4,18,"",342.996,0,0,0,0,0,0,0,0,0,0,0,0,0,0,0,0,0,0,0,0,565.804,0,0,-222.809
"MtrElec",7,4,19,"",450.83,0,0,0,0,0,0,0,0,0,0,0,0,0,0,0,0,0,0,0,0,538.705,0,0,-87.8751
"MtrElec",7,4,20,"",437.922,0,0,0,0,0,0,0,0,0,0,0,0,0,0,0,0,0,0,0,0,457.043,0,0,-19.1208
"MtrElec",7,4,21,"",386.882,0,0,0,0,0,0,0,0,0,0,0,0,0,0,0,0,0,0,0,0,386.882,0,0,0
"MtrElec",7,4,22,"",304.164,0,0,0,0,0,0,0,0,0,0,0,0,0,0,0,0,0,0,0,0,304.164,0,0,0
"MtrElec",7,4,23,"",271.372,0,0,0,0,0,0,0,0,0,0,0,0,0,0,0,0,0,0,0,0,271.372,0,0,0
"MtrElec",7,4,24,"",278.063,0,0,0,0,0,0,0,0,0,0,0,0,0,0,0,0,0,0,0,0,278.063,0,0,0
"MtrElec",7,5,1,"",180.776,0,0,0,0,0,0,0,0,0,0,0,0,0,0,0,0,0,0,0,0,180.776,0,0,0
"MtrElec",7,5,2,"",149.995,0,0,0,0,0,0,0,0,0,0,0,0,0,0,0,0,0,0,0,0,149.995,0,0,0
"MtrElec",7,5,3,"",149.004,0,0,0,0,0,0,0,0,0,0,0,0,0,0,0,0,0,0,0,0,149.004,0,0,0
"MtrElec",7,5,4,"",147.517,0,0,0,0,0,0,0,0,0,0,0,0,0,0,0,0,0,0,0,0,147.517,0,0,0
"MtrElec",7,5,5,"",163.963,0,0,0,0,0,0,0,0,0,0,0,0,0,0,0,0,0,0,0,0,163.963,0,0,0
"MtrElec",7,5,6,"",146.061,0,0,0,0,0,0,0,0,0,0,0,0,0,0,0,0,0,0,0,0,146.061,0,0,0
"MtrElec",7,5,7,"",163.895,0,0,0,0,0,0,0,0,0,0,0,0,0,0,0,0,0,0,0,0,192.412,0,0,-28.5169
"MtrElec",7,5,8,"",80.7375,0,0,0,0,0,0,0,0,0,0,0,0,0,0,0,0,0,0,0,0,202.11,0,0,-121.372
"MtrElec",7,5,9,"",47.4667,0,0,0,0,0,0,0,0,0,0,0,0,0,0,0,0,0,0,0,0,295.861,0,0,-248.394
"MtrElec",7,5,10,"",-44.9088,0,0,0,0,0,0,0,0,0,0,0,0,0,0,0,0,0,0,0,0,387.302,0,0,-432.211
"MtrElec",7,5,11,"",0,0,0,0,0,0,0,0,0,0,0,0,0,0,0,0,0,0,0,0,0,470.142,0,60.7271,-530.869
"MtrElec",7,5,12,"",0.0000078,0,0,0,0,0,0,0,0,0,0,0,0,0,0,0,0,0,0,0,0,492.246,0,115.266,-607.511
"MtrElec",7,5,13,"",0,0,0,0,0,0,0,0,0,0,0,0,0,0,0,0,0,0,0,0,0,510.535,0,97.4317,-607.966
"MtrElec",7,5,14,"",0,0,0,0,0,0,0,0,0,0,0,0,0,0,0,0,0,0,0,0,0,458.08,0,193.911,-651.99
"MtrElec",7,5,15,"",0,0,0,0,0,0,0,0,0,0,0,0,0,0,0,0,0,0,0,0,0,445.325,0,170.386,-615.711
"MtrElec",7,5,16,"",0,0,0,0,0,0,0,0,0,0,0,0,0,0,0,0,0,0,0,0,0,466.085,0,69.1708,-535.255
"MtrElec",7,5,17,"",83.6191,0,0,0,0,0,0,0,0,0,0,0,0,0,0,0,0,0,0,0,0,489.106,0,0,-405.487
"MtrElec",7,5,18,"",228.184,0,0,0,0,0,0,0,0,0,0,0,0,0,0,0,0,0,0,0,0,479.409,0,0,-251.225
"MtrElec",7,5,19,"",176.097,0,0,0,0,0,0,0,0,0,0,0,0,0,0,0,0,0,0,0,0,499.298,0,-223.217,-99.9849
"MtrElec",7,5,20,"",157.868,0,0,0,0,0,0,0,0,0,0,0,0,0,0,0,0,0,0,0,0,402.452,0,-223.217,-21.3663
"MtrElec",7,5,21,"",133.014,0,0,0,0,0,0,0,0,0,0,0,0,0,0,0,0,0,0,0,0,324.551,0,-191.536,0
"MtrElec",7,5,22,"",328.27,0,0,0,0,0,0,0,0,0,0,0,0,0,0,0,0,0,0,0,0,328.27,0,0,0
"MtrElec",7,5,23,"",211.14,0,0,0,0,0,0,0,0,0,0,0,0,0,0,0,0,0,0,0,0,211.14,0,0,0
"MtrElec",7,5,24,"",235.924,0,0,0,0,0,0,0,0,0,0,0,0,0,0,0,0,0,0,0,0,235.924,0,0,0
"MtrElec",7,6,1,"",165.792,0,0,0,0,0,0,0,0,0,0,0,0,0,0,0,0,0,0,0,0,165.792,0,0,0
"MtrElec",7,6,2,"",153.652,0,0,0,0,0,0,0,0,0,0,0,0,0,0,0,0,0,0,0,0,153.652,0,0,0
"MtrElec",7,6,3,"",148.439,0,0,0,0,0,0,0,0,0,0,0,0,0,0,0,0,0,0,0,0,148.439,0,0,0
"MtrElec",7,6,4,"",146.46,0,0,0,0,0,0,0,0,0,0,0,0,0,0,0,0,0,0,0,0,146.46,0,0,0
"MtrElec",7,6,5,"",146.079,0,0,0,0,0,0,0,0,0,0,0,0,0,0,0,0,0,0,0,0,146.079,0,0,0
"MtrElec",7,6,6,"",176.629,0,0,0,0,0,0,0,0,0,0,0,0,0,0,0,0,0,0,0,0,176.629,0,0,0
"MtrElec",7,6,7,"",190.16,0,0,0,0,0,0,0,0,0,0,0,0,0,0,0,0,0,0,0,0,214.331,0,0,-24.1711
"MtrElec",7,6,8,"",189.864,0,0,0,0,0,0,0,0,0,0,0,0,0,0,0,0,0,0,0,0,292.176,0,0,-102.312
"MtrElec",7,6,9,"",115.625,0,0,0,0,0,0,0,0,0,0,0,0,0,0,0,0,0,0,0,0,334.628,0,0,-219.003
"MtrElec",7,6,10,"",-80.5814,0,0,0,0,0,0,0,0,0,0,0,0,0,0,0,0,0,0,0,0,351.723,0,0,-432.305
"MtrElec",7,6,11,"",0,0,0,0,0,0,0,0,0,0,0,0,0,0,0,0,0,0,0,0,0,433.656,0,97.9669,-531.623
"MtrElec",7,6,12,"",0,0,0,0,0,0,0,0,0,0,0,0,0,0,0,0,0,0,0,0,0,443.513,0,161.625,-605.139
"MtrElec",7,6,13,"",0,0,0,0,0,0,0,0,0,0,0,0,0,0,0,0,0,0,0,0,0,488.356,0,157.98,-646.336
"MtrElec",7,6,14,"",0,0,0,0,0,0,0,0,0,0,0,0,0,0,0,0,0,0,0,0,0,422.46,0,221.978,-644.439
"MtrElec",7,6,15,"",-17.0262,0,0,0,0,0,0,0,0,0,0,0,0,0,0,0,0,0,0,0,0,431.564,0,159.331,-607.921
"MtrElec",7,6,16,"",-100.322,0,0,0,0,0,0,0,0,0,0,0,0,0,0,0,0,0,0,0,0,426.477,0,0,-526.798
"MtrElec",7,6,17,"",85.1368,0,0,0,0,0,0,0,0,0,0,0,0,0,0,0,0,0,0,0,0,490.819,0,0,-405.682
"MtrElec",7,6,18,"",191.283,0,0,0,0,0,0,0,0,0,0,0,0,0,0,0,0,0,0,0,0,445.926,0,0,-254.643
"MtrElec",7,6,19,"",114.524,0,0,0,0,0,0,0,0,0,0,0,0,0,0,0,0,0,0,0,0,437.924,0,-223.217,-100.183
"MtrElec",7,6,20,"",120.789,0,0,0,0,0,0,0,0,0,0,0,0,0,0,0,0,0,0,0,0,364.318,0,-223.217,-20.3118
"MtrElec",7,6,21,"",93.8965,0,0,0,0,0,0,0,0,0,0,0,0,0,0,0,0,0,0,0,0,317.113,0,-223.217,0
"MtrElec",7,6,22,"",213.933,0,0,0,0,0,0,0,0,0,0,0,0,0,0,0,0,0,0,0,0,265.273,0,-51.3398,0
"MtrElec",7,6,23,"",258,0,0,0,0,0,0,0,0,0,0,0,0,0,0,0,0,0,0,0,0,258,0,0,0
"MtrElec",7,6,24,"",206.821,0,0,0,0,0,0,0,0,0,0,0,0,0,0,0,0,0,0,0,0,206.821,0,0,0
"MtrElec",7,7,1,"",156.315,0,0,0,0,0,0,0,0,0,0,0,0,0,0,0,0,0,0,0,0,156.315,0,0,0
"MtrElec",7,7,2,"",146.626,0,0,0,0,0,0,0,0,0,0,0,0,0,0,0,0,0,0,0,0,146.626,0,0,0
"MtrElec",7,7,3,"",143.032,0,0,0,0,0,0,0,0,0,0,0,0,0,0,0,0,0,0,0,0,143.032,0,0,0
"MtrElec",7,7,4,"",142.482,0,0,0,0,0,0,0,0,0,0,0,0,0,0,0,0,0,0,0,0,142.482,0,0,0
"MtrElec",7,7,5,"",171.899,0,0,0,0,0,0,0,0,0,0,0,0,0,0,0,0,0,0,0,0,171.899,0,0,0
"MtrElec",7,7,6,"",145.703,0,0,0,0,0,0,0,0,0,0,0,0,0,0,0,0,0,0,0,0,145.703,0,0,0
"MtrElec",7,7,7,"",231.041,0,0,0,0,0,0,0,0,0,0,0,0,0,0,0,0,0,0,0,0,256.876,0,0,-25.835
"MtrElec",7,7,8,"",185.836,0,0,0,0,0,0,0,0,0,0,0,0,0,0,0,0,0,0,0,0,294.761,0,0,-108.925
"MtrElec",7,7,9,"",128.181,0,0,0,0,0,0,0,0,0,0,0,0,0,0,0,0,0,0,0,0,353.893,0,0,-225.713
"MtrElec",7,7,10,"",32.553,0,0,0,0,0,0,0,0,0,0,0,0,0,0,0,0,0,0,0,0,470.333,0,0,-437.78
"MtrElec",7,7,11,"",0,0,0,0,0,0,0,0,0,0,0,0,0,0,0,0,0,0,0,0,0,505.137,0,49.4832,-554.62
"MtrElec",7,7,12,"",0,0,0,0,0,0,0,0,0,0,0,0,0,0,0,0,0,0,0,0,0,492.662,0,144.113,-636.775
"MtrElec",7,7,13,"",0,0,0,0,0,0,0,0,0,0,0,0,0,0,0,0,0,0,0,0,0,501.155,0,177.006,-678.16
"MtrElec",7,7,14,"",-21.2604,0,0,0,0,0,0,0,0,0,0,0,0,0,0,0,0,0,0,0,0,434.727,0,223.217,-679.204
"MtrElec",7,7,15,"",0,0,0,0,0,0,0,0,0,0,0,0,0,0,0,0,0,0,0,0,0,462.911,0,176.566,-639.477
"MtrElec",7,7,16,"",-56.6429,0,0,0,0,0,0,0,0,0,0,0,0,0,0,0,0,0,0,0,0,472.356,0,28.4967,-557.496
"MtrElec",7,7,17,"",91.6479,0,0,0,0,0,0,0,0,0,0,0,0,0,0,0,0,0,0,0,0,518.488,0,0,-426.84
"MtrElec",7,7,18,"",235.418,0,0,0,0,0,0,0,0,0,0,0,0,0,0,0,0,0,0,0,0,500.697,0,0,-265.279
"MtrElec",7,7,19,"",231.395,0,0,0,0,0,0,0,0,0,0,0,0,0,0,0,0,0,0,0,0,549.641,0,-223.217,-95.0296
"MtrElec",7,7,20,"",237.259,0,0,0,0,0,0,0,0,0,0,0,0,0,0,0,0,0,0,0,0,472.049,0,-223.217,-11.5734
"MtrElec",7,7,21,"",202.018,0,0,0,0,0,0,0,0,0,0,0,0,0,0,0,0,0,0,0,0,425.235,0,-223.217,0
"MtrElec",7,7,22,"",284.28,0,0,0,0,0,0,0,0,0,0,0,0,0,0,0,0,0,0,0,0,335.619,0,-51.3398,0
"MtrElec",7,7,23,"",250.01,0,0,0,0,0,0,0,0,0,0,0,0,0,0,0,0,0,0,0,0,250.01,0,0,0
"MtrElec",7,7,24,"",217.358,0,0,0,0,0,0,0,0,0,0,0,0,0,0,0,0,0,0,0,0,217.358,0,0,0
"MtrElec",7,8,1,"",147.997,0,0,0,0,0,0,0,0,0,0,0,0,0,0,0,0,0,0,0,0,147.997,0,0,0
"MtrElec",7,8,2,"",146.741,0,0,0,0,0,0,0,0,0,0,0,0,0,0,0,0,0,0,0,0,146.741,0,0,0
"MtrElec",7,8,3,"",147.141,0,0,0,0,0,0,0,0,0,0,0,0,0,0,0,0,0,0,0,0,147.141,0,0,0
"MtrElec",7,8,4,"",154.82,0,0,0,0,0,0,0,0,0,0,0,0,0,0,0,0,0,0,0,0,154.82,0,0,0
"MtrElec",7,8,5,"",145.952,0,0,0,0,0,0,0,0,0,0,0,0,0,0,0,0,0,0,0,0,145.952,0,0,0
"MtrElec",7,8,6,"",184.733,0,0,0,0,0,0,0,0,0,0,0,0,0,0,0,0,0,0,0,0,184.733,0,0,0
"MtrElec",7,8,7,"",205.29,0,0,0,0,0,0,0,0,0,0,0,0,0,0,0,0,0,0,0,0,227.533,0,0,-22.2435
"MtrElec",7,8,8,"",250.472,0,0,0,0,0,0,0,0,0,0,0,0,0,0,0,0,0,0,0,0,338.723,0,0,-88.2504
"MtrElec",7,8,9,"",245.054,0,0,0,0,0,0,0,0,0,0,0,0,0,0,0,0,0,0,0,0,420.447,0,0,-175.393
"MtrElec",7,8,10,"",55.162,0,0,0,0,0,0,0,0,0,0,0,0,0,0,0,0,0,0,0,0,466.818,0,0,-411.656
"MtrElec",7,8,11,"",0,0,0,0,0,0,0,0,0,0,0,0,0,0,0,0,0,0,0,0,0,489.373,0,73.0878,-562.46
"MtrElec",7,8,12,"",0,0,0,0,0,0,0,0,0,0,0,0,0,0,0,0,0,0,0,0,0,555.312,0,75.8571,-631.169
"MtrElec",7,8,13,"",0.0000078,0,0,0,0,0,0,0,0,0,0,0,0,0,0,0,0,0,0,0,0,578.559,0,88.4755,-667.035
"MtrElec",7,8,14,"",0,0,0,0,0,0,0,0,0,0,0,0,0,0,0,0,0,0,0,0,0,465.59,0,214.454,-680.044
"MtrElec",7,8,15,"",0,0,0,0,0,0,0,0,0,0,0,0,0,0,0,0,0,0,0,0,0,523.46,0,112.272,-635.732
"MtrElec",7,8,16,"",0,0,0,0,0,0,0,0,0,0,0,0,0,0,0,0,0,0,0,0,0,469.934,0,83.4512,-553.385
"MtrElec",7,8,17,"",93.8849,0,0,0,0,0,0,0,0,0,0,0,0,0,0,0,0,0,0,0,0,521.02,0,0,-427.135
"MtrElec",7,8,18,"",266.68,0,0,0,0,0,0,0,0,0,0,0,0,0,0,0,0,0,0,0,0,533.13,0,0,-266.45
"MtrElec",7,8,19,"",221.052,0,0,0,0,0,0,0,0,0,0,0,0,0,0,0,0,0,0,0,0,539.234,0,-223.217,-94.9653
"MtrElec",7,8,20,"",263.96,0,0,0,0,0,0,0,0,0,0,0,0,0,0,0,0,0,0,0,0,498.759,0,-223.217,-11.5825
"MtrElec",7,8,21,"",270.257,0,0,0,0,0,0,0,0,0,0,0,0,0,0,0,0,0,0,0,0,408.28,0,-138.022,0
"MtrElec",7,8,22,"",331.027,0,0,0,0,0,0,0,0,0,0,0,0,0,0,0,0,0,0,0,0,331.027,0,0,0
"MtrElec",7,8,23,"",233.335,0,0,0,0,0,0,0,0,0,0,0,0,0,0,0,0,0,0,0,0,233.335,0,0,0
"MtrElec",7,8,24,"",234.735,0,0,0,0,0,0,0,0,0,0,0,0,0,0,0,0,0,0,0,0,234.735,0,0,0
"MtrElec",7,9,1,"",193.761,0,0,0,0,0,0,0,0,0,0,0,0,0,0,0,0,0,0,0,0,193.761,0,0,0
"MtrElec",7,9,2,"",153.204,0,0,0,0,0,0,0,0,0,0,0,0,0,0,0,0,0,0,0,0,153.204,0,0,0
"MtrElec",7,9,3,"",145.429,0,0,0,0,0,0,0,0,0,0,0,0,0,0,0,0,0,0,0,0,145.429,0,0,0
"MtrElec",7,9,4,"",153.383,0,0,0,0,0,0,0,0,0,0,0,0,0,0,0,0,0,0,0,0,153.383,0,0,0
"MtrElec",7,9,5,"",141.725,0,0,0,0,0,0,0,0,0,0,0,0,0,0,0,0,0,0,0,0,141.725,0,0,0
"MtrElec",7,9,6,"",170.256,0,0,0,0,0,0,0,0,0,0,0,0,0,0,0,0,0,0,0,0,170.256,0,0,0
"MtrElec",7,9,7,"",217.976,0,0,0,0,0,0,0,0,0,0,0,0,0,0,0,0,0,0,0,0,236.521,0,0,-18.5457
"MtrElec",7,9,8,"",242.008,0,0,0,0,0,0,0,0,0,0,0,0,0,0,0,0,0,0,0,0,317.949,0,0,-75.9411
"MtrElec",7,9,9,"",175.853,0,0,0,0,0,0,0,0,0,0,0,0,0,0,0,0,0,0,0,0,336.401,0,0,-160.547
"MtrElec",7,9,10,"",56.7548,0,0,0,0,0,0,0,0,0,0,0,0,0,0,0,0,0,0,0,0,462.908,0,0,-406.153
"MtrElec",7,9,11,"",0.0000039,0,0,0,0,0,0,0,0,0,0,0,0,0,0,0,0,0,0,0,0,485.087,0,64.135,-549.222
"MtrElec",7,9,12,"",0,0,0,0,0,0,0,0,0,0,0,0,0,0,0,0,0,0,0,0,0,493.235,0,122.471,-615.706
"MtrElec",7,9,13,"",0,0,0,0,0,0,0,0,0,0,0,0,0,0,0,0,0,0,0,0,0,479.586,0,187.154,-666.741
"MtrElec",7,9,14,"",0.0000156,0,0,0,0,0,0,0,0,0,0,0,0,0,0,0,0,0,0,0,0,464.693,0,204.252,-668.945
"MtrElec",7,9,15,"",0.0000156,0,0,0,0,0,0,0,0,0,0,0,0,0,0,0,0,0,0,0,0,454.207,0,167.475,-621.682
"MtrElec",7,9,16,"",0,0,0,0,0,0,0,0,0,0,0,0,0,0,0,0,0,0,0,0,0,501.38,0,31.0438,-532.424
"MtrElec",7,9,17,"",111.835,0,0,0,0,0,0,0,0,0,0,0,0,0,0,0,0,0,0,0,0,522.463,0,0,-410.628
"MtrElec",7,9,18,"",260.564,0,0,0,0,0,0,0,0,0,0,0,0,0,0,0,0,0,0,0,0,516.318,0,0,-255.755
"MtrElec",7,9,19,"",211.295,0,0,0,0,0,0,0,0,0,0,0,0,0,0,0,0,0,0,0,0,534.399,0,-223.217,-99.8875
"MtrElec",7,9,20,"",226.67,0,0,0,0,0,0,0,0,0,0,0,0,0,0,0,0,0,0,0,0,469.551,0,-223.217,-19.6649
"MtrElec",7,9,21,"",202.407,0,0,0,0,0,0,0,0,0,0,0,0,0,0,0,0,0,0,0,0,425.624,0,-223.217,0
"MtrElec",7,9,22,"",271.182,0,0,0,0,0,0,0,0,0,0,0,0,0,0,0,0,0,0,0,0,302.351,0,-31.1691,0
"MtrElec",7,9,23,"",197.129,0,0,0,0,0,0,0,0,0,0,0,0,0,0,0,0,0,0,0,0,197.129,0,0,0
"MtrElec",7,9,24,"",233.378,0,0,0,0,0,0,0,0,0,0,0,0,0,0,0,0,0,0,0,0,233.378,0,0,0
"MtrElec",7,10,1,"",160.559,0,0,0,0,0,0,0,0,0,0,0,0,0,0,0,0,0,0,0,0,160.559,0,0,0
"MtrElec",7,10,2,"",148.742,0,0,0,0,0,0,0,0,0,0,0,0,0,0,0,0,0,0,0,0,148.742,0,0,0
"MtrElec",7,10,3,"",145.229,0,0,0,0,0,0,0,0,0,0,0,0,0,0,0,0,0,0,0,0,145.229,0,0,0
"MtrElec",7,10,4,"",154.512,0,0,0,0,0,0,0,0,0,0,0,0,0,0,0,0,0,0,0,0,154.512,0,0,0
"MtrElec",7,10,5,"",177.425,0,0,0,0,0,0,0,0,0,0,0,0,0,0,0,0,0,0,0,0,177.425,0,0,0
"MtrElec",7,10,6,"",153.853,0,0,0,0,0,0,0,0,0,0,0,0,0,0,0,0,0,0,0,0,153.853,0,0,0
"MtrElec",7,10,7,"",247.951,0,0,0,0,0,0,0,0,0,0,0,0,0,0,0,0,0,0,0,0,264.58,0,0,-16.6287
"MtrElec",7,10,8,"",241.231,0,0,0,0,0,0,0,0,0,0,0,0,0,0,0,0,0,0,0,0,315.808,0,0,-74.5773
"MtrElec",7,10,9,"",219.126,0,0,0,0,0,0,0,0,0,0,0,0,0,0,0,0,0,0,0,0,342.221,0,0,-123.094
"MtrElec",7,10,10,"",311.59,0,0,0,0,0,0,0,0,0,0,0,0,0,0,0,0,0,0,0,0,447.748,0,0,-136.158
"MtrElec",7,10,11,"",56.6262,0,0,0,0,0,0,0,0,0,0,0,0,0,0,0,0,0,0,0,0,474.277,0,0,-417.651
"MtrElec",7,10,12,"",0,0,0,0,0,0,0,0,0,0,0,0,0,0,0,0,0,0,0,0,0,489.195,0,5.88475,-495.08
"MtrElec",7,10,13,"",8.26612,0,0,0,0,0,0,0,0,0,0,0,0,0,0,0,0,0,0,0,0,486.052,0,0,-477.786
"MtrElec",7,10,14,"",123.185,0,0,0,0,0,0,0,0,0,0,0,0,0,0,0,0,0,0,0,0,485.52,0,0,-362.335
"MtrElec",7,10,15,"",87.2229,0,0,0,0,0,0,0,0,0,0,0,0,0,0,0,0,0,0,0,0,421.928,0,0,-334.705
"MtrElec",7,10,16,"",0.812,0,0,0,0,0,0,0,0,0,0,0,0,0,0,0,0,0,0,0,0,493.174,0,0,-492.362
"MtrElec",7,10,17,"",142.055,0,0,0,0,0,0,0,0,0,0,0,0,0,0,0,0,0,0,0,0,530.673,0,0,-388.618
"MtrElec",7,10,18,"",275.688,0,0,0,0,0,0,0,0,0,0,0,0,0,0,0,0,0,0,0,0,509.763,0,0,-234.075
"MtrElec",7,10,19,"",384.89,0,0,0,0,0,0,0,0,0,0,0,0,0,0,0,0,0,0,0,0,487.479,0,-5.31099,-97.2776
"MtrElec",7,10,20,"",379.218,0,0,0,0,0,0,0,0,0,0,0,0,0,0,0,0,0,0,0,0,398.947,0,0,-19.729
"MtrElec",7,10,21,"",436.74,0,0,0,0,0,0,0,0,0,0,0,0,0,0,0,0,0,0,0,0,436.74,0,0,0
"MtrElec",7,10,22,"",302.521,0,0,0,0,0,0,0,0,0,0,0,0,0,0,0,0,0,0,0,0,302.521,0,0,0
"MtrElec",7,10,23,"",228.826,0,0,0,0,0,0,0,0,0,0,0,0,0,0,0,0,0,0,0,0,228.826,0,0,0
"MtrElec",7,10,24,"",227.351,0,0,0,0,0,0,0,0,0,0,0,0,0,0,0,0,0,0,0,0,227.351,0,0,0
"MtrElec",7,11,1,"",165.888,0,0,0,0,0,0,0,0,0,0,0,0,0,0,0,0,0,0,0,0,165.888,0,0,0
"MtrElec",7,11,2,"",147.696,0,0,0,0,0,0,0,0,0,0,0,0,0,0,0,0,0,0,0,0,147.696,0,0,0
"MtrElec",7,11,3,"",147.961,0,0,0,0,0,0,0,0,0,0,0,0,0,0,0,0,0,0,0,0,147.961,0,0,0
"MtrElec",7,11,4,"",145.625,0,0,0,0,0,0,0,0,0,0,0,0,0,0,0,0,0,0,0,0,145.625,0,0,0
"MtrElec",7,11,5,"",144.609,0,0,0,0,0,0,0,0,0,0,0,0,0,0,0,0,0,0,0,0,144.609,0,0,0
"MtrElec",7,11,6,"",148.955,0,0,0,0,0,0,0,0,0,0,0,0,0,0,0,0,0,0,0,0,148.955,0,0,0
"MtrElec",7,11,7,"",203.972,0,0,0,0,0,0,0,0,0,0,0,0,0,0,0,0,0,0,0,0,213.928,0,0,-9.95597
"MtrElec",7,11,8,"",149.864,0,0,0,0,0,0,0,0,0,0,0,0,0,0,0,0,0,0,0,0,201.134,0,0,-51.2693
"MtrElec",7,11,9,"",190.423,0,0,0,0,0,0,0,0,0,0,0,0,0,0,0,0,0,0,0,0,290.789,0,0,-100.367
"MtrElec",7,11,10,"",182.383,0,0,0,0,0,0,0,0,0,0,0,0,0,0,0,0,0,0,0,0,378.809,0,0,-196.425
"MtrElec",7,11,11,"",62.0606,0,0,0,0,0,0,0,0,0,0,0,0,0,0,0,0,0,0,0,0,475.785,0,0,-413.725
"MtrElec",7,11,12,"",0,0,0,0,0,0,0,0,0,0,0,0,0,0,0,0,0,0,0,0,0,500.165,0,145.208,-645.373
"MtrElec",7,11,13,"",0,0,0,0,0,0,0,0,0,0,0,0,0,0,0,0,0,0,0,0,0,488.441,0,209.764,-698.205
"MtrElec",7,11,14,"",0,0,0,0,0,0,0,0,0,0,0,0,0,0,0,0,0,0,0,0,0,481.948,0,213.853,-695.801
"MtrElec",7,11,15,"",0,0,0,0,0,0,0,0,0,0,0,0,0,0,0,0,0,0,0,0,0,477.652,0,173.034,-650.685
"MtrElec",7,11,16,"",-19.9929,0,0,0,0,0,0,0,0,0,0,0,0,0,0,0,0,0,0,0,0,488.728,0,57.0226,-565.743
"MtrElec",7,11,17,"",26.4748,0,0,0,0,0,0,0,0,0,0,0,0,0,0,0,0,0,0,0,0,464.529,0,0,-438.054
"MtrElec",7,11,18,"",252.908,0,0,0,0,0,0,0,0,0,0,0,0,0,0,0,0,0,0,0,0,527.589,0,0,-274.68
"MtrElec",7,11,19,"",188.216,0,0,0,0,0,0,0,0,0,0,0,0,0,0,0,0,0,0,0,0,508.034,0,-223.217,-96.6005
"MtrElec",7,11,20,"",168.843,0,0,0,0,0,0,0,0,0,0,0,0,0,0,0,0,0,0,0,0,401.271,0,-223.217,-9.21148
"MtrElec",7,11,21,"",89.2976,0,0,0,0,0,0,0,0,0,0,0,0,0,0,0,0,0,0,0,0,312.514,0,-223.217,0
"MtrElec",7,11,22,"",257.556,0,0,0,0,0,0,0,0,0,0,0,0,0,0,0,0,0,0,0,0,308.896,0,-51.3398,0
"MtrElec",7,11,23,"",217.88,0,0,0,0,0,0,0,0,0,0,0,0,0,0,0,0,0,0,0,0,217.88,0,0,0
"MtrElec",7,11,24,"",222.471,0,0,0,0,0,0,0,0,0,0,0,0,0,0,0,0,0,0,0,0,222.471,0,0,0
"MtrElec",7,12,1,"",157.819,0,0,0,0,0,0,0,0,0,0,0,0,0,0,0,0,0,0,0,0,157.819,0,0,0
"MtrElec",7,12,2,"",147.334,0,0,0,0,0,0,0,0,0,0,0,0,0,0,0,0,0,0,0,0,147.334,0,0,0
"MtrElec",7,12,3,"",146.925,0,0,0,0,0,0,0,0,0,0,0,0,0,0,0,0,0,0,0,0,146.925,0,0,0
"MtrElec",7,12,4,"",150.932,0,0,0,0,0,0,0,0,0,0,0,0,0,0,0,0,0,0,0,0,150.932,0,0,0
"MtrElec",7,12,5,"",171.91,0,0,0,0,0,0,0,0,0,0,0,0,0,0,0,0,0,0,0,0,171.91,0,0,0
"MtrElec",7,12,6,"",146.235,0,0,0,0,0,0,0,0,0,0,0,0,0,0,0,0,0,0,0,0,146.235,0,0,0
"MtrElec",7,12,7,"",172.338,0,0,0,0,0,0,0,0,0,0,0,0,0,0,0,0,0,0,0,0,188.102,0,0,-15.7642
"MtrElec",7,12,8,"",98.8688,0,0,0,0,0,0,0,0,0,0,0,0,0,0,0,0,0,0,0,0,215.7,0,0,-116.831
"MtrElec",7,12,9,"",-33.979,0,0,0,0,0,0,0,0,0,0,0,0,0,0,0,0,0,0,0,0,258.619,0,0,-292.598
"MtrElec",7,12,10,"",-74.2918,0,0,0,0,0,0,0,0,0,0,0,0,0,0,0,0,0,0,0,0,380.918,0,0,-455.209
"MtrElec",7,12,11,"",0.0000078,0,0,0,0,0,0,0,0,0,0,0,0,0,0,0,0,0,0,0,0,460.697,0,111.888,-572.585
"MtrElec",7,12,12,"",0,0,0,0,0,0,0,0,0,0,0,0,0,0,0,0,0,0,0,0,0,455.876,0,188.051,-643.927
"MtrElec",7,12,13,"",-43.8212,0,0,0,0,0,0,0,0,0,0,0,0,0,0,0,0,0,0,0,0,426.893,0,223.217,-693.931
"MtrElec",7,12,14,"",-61.6995,0,0,0,0,0,0,0,0,0,0,0,0,0,0,0,0,0,0,0,0,405.041,0,223.217,-689.958
"MtrElec",7,12,15,"",-164.487,0,0,0,0,0,0,0,0,0,0,0,0,0,0,0,0,0,0,0,0,434.621,0,52.5083,-651.616
"MtrElec",7,12,16,"",-136.518,0,0,0,0,0,0,0,0,0,0,0,0,0,0,0,0,0,0,0,0,430.448,0,0,-566.967
"MtrElec",7,12,17,"",-11.6612,0,0,0,0,0,0,0,0,0,0,0,0,0,0,0,0,0,0,0,0,426.023,0,0,-437.684
"MtrElec",7,12,18,"",194.136,0,0,0,0,0,0,0,0,0,0,0,0,0,0,0,0,0,0,0,0,469.394,0,0,-275.259
"MtrElec",7,12,19,"",109.886,0,0,0,0,0,0,0,0,0,0,0,0,0,0,0,0,0,0,0,0,429.025,0,-223.217,-95.9222
"MtrElec",7,12,20,"",133.406,0,0,0,0,0,0,0,0,0,0,0,0,0,0,0,0,0,0,0,0,365.191,0,-223.217,-8.56792
"MtrElec",7,12,21,"",112.786,0,0,0,0,0,0,0,0,0,0,0,0,0,0,0,0,0,0,0,0,336.003,0,-223.217,0
"MtrElec",7,12,22,"",263.526,0,0,0,0,0,0,0,0,0,0,0,0,0,0,0,0,0,0,0,0,314.866,0,-51.3398,0
"MtrElec",7,12,23,"",196.59,0,0,0,0,0,0,0,0,0,0,0,0,0,0,0,0,0,0,0,0,196.59,0,0,0
"MtrElec",7,12,24,"",228.66,0,0,0,0,0,0,0,0,0,0,0,0,0,0,0,0,0,0,0,0,228.66,0,0,0
"MtrElec",7,13,1,"",158.224,0,0,0,0,0,0,0,0,0,0,0,0,0,0,0,0,0,0,0,0,158.224,0,0,0
"MtrElec",7,13,2,"",149.521,0,0,0,0,0,0,0,0,0,0,0,0,0,0,0,0,0,0,0,0,149.521,0,0,0
"MtrElec",7,13,3,"",143.846,0,0,0,0,0,0,0,0,0,0,0,0,0,0,0,0,0,0,0,0,143.846,0,0,0
"MtrElec",7,13,4,"",150.226,0,0,0,0,0,0,0,0,0,0,0,0,0,0,0,0,0,0,0,0,150.226,0,0,0
"MtrElec",7,13,5,"",159.067,0,0,0,0,0,0,0,0,0,0,0,0,0,0,0,0,0,0,0,0,159.067,0,0,0
"MtrElec",7,13,6,"",157.834,0,0,0,0,0,0,0,0,0,0,0,0,0,0,0,0,0,0,0,0,157.834,0,0,0
"MtrElec",7,13,7,"",218.677,0,0,0,0,0,0,0,0,0,0,0,0,0,0,0,0,0,0,0,0,232.845,0,0,-14.1686
"MtrElec",7,13,8,"",230.073,0,0,0,0,0,0,0,0,0,0,0,0,0,0,0,0,0,0,0,0,344.548,0,0,-114.475
"MtrElec",7,13,9,"",149.309,0,0,0,0,0,0,0,0,0,0,0,0,0,0,0,0,0,0,0,0,437.331,0,0,-288.022
"MtrElec",7,13,10,"",63.7865,0,0,0,0,0,0,0,0,0,0,0,0,0,0,0,0,0,0,0,0,499.834,0,0,-436.048
"MtrElec",7,13,11,"",0,0,0,0,0,0,0,0,0,0,0,0,0,0,0,0,0,0,0,0,0,539.388,0,5.52131,-544.909
"MtrElec",7,13,12,"",0,0,0,0,0,0,0,0,0,0,0,0,0,0,0,0,0,0,0,0,0,553.371,0,76.8496,-630.22
"MtrElec",7,13,13,"",0.0000078,0,0,0,0,0,0,0,0,0,0,0,0,0,0,0,0,0,0,0,0,547.092,0,128.14,-675.232
"MtrElec",7,13,14,"",0,0,0,0,0,0,0,0,0,0,0,0,0,0,0,0,0,0,0,0,0,496.429,0,171.921,-668.35
"MtrElec",7,13,15,"",0,0,0,0,0,0,0,0,0,0,0,0,0,0,0,0,0,0,0,0,0,493.996,0,128.228,-622.224
"MtrElec",7,13,16,"",0,0,0,0,0,0,0,0,0,0,0,0,0,0,0,0,0,0,0,0,0,520.317,0,23.4325,-543.75
"MtrElec",7,13,17,"",112.995,0,0,0,0,0,0,0,0,0,0,0,0,0,0,0,0,0,0,0,0,535.467,0,0,-422.472
"MtrElec",7,13,18,"",299.304,0,0,0,0,0,0,0,0,0,0,0,0,0,0,0,0,0,0,0,0,562.348,0,0,-263.044
"MtrElec",7,13,19,"",209.867,0,0,0,0,0,0,0,0,0,0,0,0,0,0,0,0,0,0,0,0,525.565,0,-223.217,-92.4812
"MtrElec",7,13,20,"",256.829,0,0,0,0,0,0,0,0,0,0,0,0,0,0,0,0,0,0,0,0,490.28,0,-223.217,-10.2339
"MtrElec",7,13,21,"",420.693,0,0,0,0,0,0,0,0,0,0,0,0,0,0,0,0,0,0,0,0,456.278,0,-35.585,0
"MtrElec",7,13,22,"",330.773,0,0,0,0,0,0,0,0,0,0,0,0,0,0,0,0,0,0,0,0,330.773,0,0,0
"MtrElec",7,13,23,"",296.672,0,0,0,0,0,0,0,0,0,0,0,0,0,0,0,0,0,0,0,0,296.672,0,0,0
"MtrElec",7,13,24,"",231.95,0,0,0,0,0,0,0,0,0,0,0,0,0,0,0,0,0,0,0,0,231.95,0,0,0
"MtrElec",7,14,1,"",198.159,0,0,0,0,0,0,0,0,0,0,0,0,0,0,0,0,0,0,0,0,198.159,0,0,0
"MtrElec",7,14,2,"",153.665,0,0,0,0,0,0,0,0,0,0,0,0,0,0,0,0,0,0,0,0,153.665,0,0,0
"MtrElec",7,14,3,"",145.808,0,0,0,0,0,0,0,0,0,0,0,0,0,0,0,0,0,0,0,0,145.808,0,0,0
"MtrElec",7,14,4,"",151.204,0,0,0,0,0,0,0,0,0,0,0,0,0,0,0,0,0,0,0,0,151.204,0,0,0
"MtrElec",7,14,5,"",172.139,0,0,0,0,0,0,0,0,0,0,0,0,0,0,0,0,0,0,0,0,172.139,0,0,0
"MtrElec",7,14,6,"",148.257,0,0,0,0,0,0,0,0,0,0,0,0,0,0,0,0,0,0,0,0,148.257,0,0,0
"MtrElec",7,14,7,"",235.881,0,0,0,0,0,0,0,0,0,0,0,0,0,0,0,0,0,0,0,0,258.911,0,0,-23.03
"MtrElec",7,14,8,"",213.291,0,0,0,0,0,0,0,0,0,0,0,0,0,0,0,0,0,0,0,0,326.735,0,0,-113.445
"MtrElec",7,14,9,"",166.361,0,0,0,0,0,0,0,0,0,0,0,0,0,0,0,0,0,0,0,0,398.296,0,0,-231.934
"MtrElec",7,14,10,"",126.681,0,0,0,0,0,0,0,0,0,0,0,0,0,0,0,0,0,0,0,0,482.712,0,0,-356.031
"MtrElec",7,14,11,"",53.1558,0,0,0,0,0,0,0,0,0,0,0,0,0,0,0,0,0,0,0,0,542.326,0,0,-489.17
"MtrElec",7,14,12,"",3.00044,0,0,0,0,0,0,0,0,0,0,0,0,0,0,0,0,0,0,0,0,540.029,0,0,-537.029
"MtrElec",7,14,13,"",0,0,0,0,0,0,0,0,0,0,0,0,0,0,0,0,0,0,0,0,0,525.06,0,83.3658,-608.426
"MtrElec",7,14,14,"",0,0,0,0,0,0,0,0,0,0,0,0,0,0,0,0,0,0,0,0,0,505.468,0,149.235,-654.703
"MtrElec",7,14,15,"",0.0000078,0,0,0,0,0,0,0,0,0,0,0,0,0,0,0,0,0,0,0,0,543.595,0,68.6905,-612.285
"MtrElec",7,14,16,"",0,0,0,0,0,0,0,0,0,0,0,0,0,0,0,0,0,0,0,0,0,525.753,0,3.14725,-528.9
"MtrElec",7,14,17,"",170.426,0,0,0,0,0,0,0,0,0,0,0,0,0,0,0,0,0,0,0,0,581.845,0,0,-411.419
"MtrElec",7,14,18,"",297.288,0,0,0,0,0,0,0,0,0,0,0,0,0,0,0,0,0,0,0,0,552.159,0,0,-254.871
"MtrElec",7,14,19,"",176.15,0,0,0,0,0,0,0,0,0,0,0,0,0,0,0,0,0,0,0,0,481.306,0,-223.217,-81.9395
"MtrElec",7,14,20,"",422.537,0,0,0,0,0,0,0,0,0,0,0,0,0,0,0,0,0,0,0,0,484.425,0,-51.5389,-10.3488
"MtrElec",7,14,21,"",458.796,0,0,0,0,0,0,0,0,0,0,0,0,0,0,0,0,0,0,0,0,458.796,0,0,0
"MtrElec",7,14,22,"",318.374,0,0,0,0,0,0,0,0,0,0,0,0,0,0,0,0,0,0,0,0,318.374,0,0,0
"MtrElec",7,14,23,"",255.898,0,0,0,0,0,0,0,0,0,0,0,0,0,0,0,0,0,0,0,0,255.898,0,0,0
"MtrElec",7,14,24,"",256.979,0,0,0,0,0,0,0,0,0,0,0,0,0,0,0,0,0,0,0,0,256.979,0,0,0
"MtrElec",7,15,1,"",167.588,0,0,0,0,0,0,0,0,0,0,0,0,0,0,0,0,0,0,0,0,167.588,0,0,0
"MtrElec",7,15,2,"",156.336,0,0,0,0,0,0,0,0,0,0,0,0,0,0,0,0,0,0,0,0,156.336,0,0,0
"MtrElec",7,15,3,"",148.182,0,0,0,0,0,0,0,0,0,0,0,0,0,0,0,0,0,0,0,0,148.182,0,0,0
"MtrElec",7,15,4,"",144.196,0,0,0,0,0,0,0,0,0,0,0,0,0,0,0,0,0,0,0,0,144.196,0,0,0
"MtrElec",7,15,5,"",140.163,0,0,0,0,0,0,0,0,0,0,0,0,0,0,0,0,0,0,0,0,140.163,0,0,0
"MtrElec",7,15,6,"",167.701,0,0,0,0,0,0,0,0,0,0,0,0,0,0,0,0,0,0,0,0,167.701,0,0,0
"MtrElec",7,15,7,"",230.394,0,0,0,0,0,0,0,0,0,0,0,0,0,0,0,0,0,0,0,0,248.28,0,0,-17.8857
"MtrElec",7,15,8,"",251.057,0,0,0,0,0,0,0,0,0,0,0,0,0,0,0,0,0,0,0,0,360.503,0,0,-109.446
"MtrElec",7,15,9,"",219.496,0,0,0,0,0,0,0,0,0,0,0,0,0,0,0,0,0,0,0,0,489.84,0,0,-270.344
"MtrElec",7,15,10,"",82.8332,0,0,0,0,0,0,0,0,0,0,0,0,0,0,0,0,0,0,0,0,499.24,0,0,-416.407
"MtrElec",7,15,11,"",0,0,0,0,0,0,0,0,0,0,0,0,0,0,0,0,0,0,0,0,0,521.819,0,14.0901,-535.909
"MtrElec",7,15,12,"",0,0,0,0,0,0,0,0,0,0,0,0,0,0,0,0,0,0,0,0,0,544.482,0,64.6018,-609.084
"MtrElec",7,15,13,"",0,0,0,0,0,0,0,0,0,0,0,0,0,0,0,0,0,0,0,0,0,536.938,0,110.428,-647.366
"MtrElec",7,15,14,"",0,0,0,0,0,0,0,0,0,0,0,0,0,0,0,0,0,0,0,0,0,495.508,0,160.407,-655.914
"MtrElec",7,15,15,"",0,0,0,0,0,0,0,0,0,0,0,0,0,0,0,0,0,0,0,0,0,459.786,0,143.032,-602.818
"MtrElec",7,15,16,"",0,0,0,0,0,0,0,0,0,0,0,0,0,0,0,0,0,0,0,0,0,516.588,0,1.04069,-517.628
"MtrElec",7,15,17,"",115.172,0,0,0,0,0,0,0,0,0,0,0,0,0,0,0,0,0,0,0,0,520.457,0,0,-405.285
"MtrElec",7,15,18,"",306.779,0,0,0,0,0,0,0,0,0,0,0,0,0,0,0,0,0,0,0,0,560.065,0,0,-253.286
"MtrElec",7,15,19,"",225.948,0,0,0,0,0,0,0,0,0,0,0,0,0,0,0,0,0,0,0,0,542.172,0,-223.217,-93.0067
"MtrElec",7,15,20,"",275.652,0,0,0,0,0,0,0,0,0,0,0,0,0,0,0,0,0,0,0,0,510.763,0,-222.257,-12.8543
"MtrElec",7,15,21,"",495.811,0,0,0,0,0,0,0,0,0,0,0,0,0,0,0,0,0,0,0,0,495.811,0,0,0
"MtrElec",7,15,22,"",370.753,0,0,0,0,0,0,0,0,0,0,0,0,0,0,0,0,0,0,0,0,370.753,0,0,0
"MtrElec",7,15,23,"",239.478,0,0,0,0,0,0,0,0,0,0,0,0,0,0,0,0,0,0,0,0,239.478,0,0,0
"MtrElec",7,15,24,"",238.029,0,0,0,0,0,0,0,0,0,0,0,0,0,0,0,0,0,0,0,0,238.029,0,0,0
"MtrElec",7,16,1,"",159.625,0,0,0,0,0,0,0,0,0,0,0,0,0,0,0,0,0,0,0,0,159.625,0,0,0
"MtrElec",7,16,2,"",146.946,0,0,0,0,0,0,0,0,0,0,0,0,0,0,0,0,0,0,0,0,146.946,0,0,0
"MtrElec",7,16,3,"",142.64,0,0,0,0,0,0,0,0,0,0,0,0,0,0,0,0,0,0,0,0,142.64,0,0,0
"MtrElec",7,16,4,"",157.62,0,0,0,0,0,0,0,0,0,0,0,0,0,0,0,0,0,0,0,0,157.62,0,0,0
"MtrElec",7,16,5,"",140.691,0,0,0,0,0,0,0,0,0,0,0,0,0,0,0,0,0,0,0,0,140.691,0,0,0
"MtrElec",7,16,6,"",184.194,0,0,0,0,0,0,0,0,0,0,0,0,0,0,0,0,0,0,0,0,184.194,0,0,0
"MtrElec",7,16,7,"",248.698,0,0,0,0,0,0,0,0,0,0,0,0,0,0,0,0,0,0,0,0,258.625,0,0,-9.92615
"MtrElec",7,16,8,"",281.135,0,0,0,0,0,0,0,0,0,0,0,0,0,0,0,0,0,0,0,0,332.904,0,0,-51.7687
"MtrElec",7,16,9,"",319.726,0,0,0,0,0,0,0,0,0,0,0,0,0,0,0,0,0,0,0,0,432.765,0,0,-113.039
"MtrElec",7,16,10,"",144.039,0,0,0,0,0,0,0,0,0,0,0,0,0,0,0,0,0,0,0,0,461.004,0,0,-316.965
"MtrElec",7,16,11,"",0,0,0,0,0,0,0,0,0,0,0,0,0,0,0,0,0,0,0,0,0,476.56,0,66.3565,-542.916
"MtrElec",7,16,12,"",0.0000078,0,0,0,0,0,0,0,0,0,0,0,0,0,0,0,0,0,0,0,0,509.791,0,112.388,-622.179
"MtrElec",7,16,13,"",0.0000078,0,0,0,0,0,0,0,0,0,0,0,0,0,0,0,0,0,0,0,0,548.641,0,121.791,-670.432
"MtrElec",7,16,14,"",-12.3404,0,0,0,0,0,0,0,0,0,0,0,0,0,0,0,0,0,0,0,0,437.283,0,223.217,-672.84
"MtrElec",7,16,15,"",0,0,0,0,0,0,0,0,0,0,0,0,0,0,0,0,0,0,0,0,0,482.159,0,146.46,-628.619
"MtrElec",7,16,16,"",0.0000039,0,0,0,0,0,0,0,0,0,0,0,0,0,0,0,0,0,0,0,0,493.655,0,50.6692,-544.324
"MtrElec",7,16,17,"",74.5509,0,0,0,0,0,0,0,0,0,0,0,0,0,0,0,0,0,0,0,0,498.374,0,0,-423.823
"MtrElec",7,16,18,"",288.744,0,0,0,0,0,0,0,0,0,0,0,0,0,0,0,0,0,0,0,0,554.701,0,0,-265.957
"MtrElec",7,16,19,"",225.975,0,0,0,0,0,0,0,0,0,0,0,0,0,0,0,0,0,0,0,0,543.417,0,-223.217,-94.225
"MtrElec",7,16,20,"",230.795,0,0,0,0,0,0,0,0,0,0,0,0,0,0,0,0,0,0,0,0,464.522,0,-223.217,-10.5099
"MtrElec",7,16,21,"",251.243,0,0,0,0,0,0,0,0,0,0,0,0,0,0,0,0,0,0,0,0,455.405,0,-204.162,0
"MtrElec",7,16,22,"",290.987,0,0,0,0,0,0,0,0,0,0,0,0,0,0,0,0,0,0,0,0,290.987,0,0,0
"MtrElec",7,16,23,"",261.864,0,0,0,0,0,0,0,0,0,0,0,0,0,0,0,0,0,0,0,0,261.864,0,0,0
"MtrElec",7,16,24,"",188.807,0,0,0,0,0,0,0,0,0,0,0,0,0,0,0,0,0,0,0,0,188.807,0,0,0
"MtrElec",7,17,1,"",157.404,0,0,0,0,0,0,0,0,0,0,0,0,0,0,0,0,0,0,0,0,157.404,0,0,0
"MtrElec",7,17,2,"",148.24,0,0,0,0,0,0,0,0,0,0,0,0,0,0,0,0,0,0,0,0,148.24,0,0,0
"MtrElec",7,17,3,"",161.32,0,0,0,0,0,0,0,0,0,0,0,0,0,0,0,0,0,0,0,0,161.32,0,0,0
"MtrElec",7,17,4,"",154.57,0,0,0,0,0,0,0,0,0,0,0,0,0,0,0,0,0,0,0,0,154.57,0,0,0
"MtrElec",7,17,5,"",140.169,0,0,0,0,0,0,0,0,0,0,0,0,0,0,0,0,0,0,0,0,140.169,0,0,0
"MtrElec",7,17,6,"",144.73,0,0,0,0,0,0,0,0,0,0,0,0,0,0,0,0,0,0,0,0,144.73,0,0,0
"MtrElec",7,17,7,"",228.065,0,0,0,0,0,0,0,0,0,0,0,0,0,0,0,0,0,0,0,0,247.976,0,0,-19.9113
"MtrElec",7,17,8,"",192.939,0,0,0,0,0,0,0,0,0,0,0,0,0,0,0,0,0,0,0,0,284.899,0,0,-91.9602
"MtrElec",7,17,9,"",118.595,0,0,0,0,0,0,0,0,0,0,0,0,0,0,0,0,0,0,0,0,311.23,0,0,-192.635
"MtrElec",7,17,10,"",23.769,0,0,0,0,0,0,0,0,0,0,0,0,0,0,0,0,0,0,0,0,402.093,0,0,-378.324
"MtrElec",7,17,11,"",0,0,0,0,0,0,0,0,0,0,0,0,0,0,0,0,0,0,0,0,0,438.443,0,121.386,-559.829
"MtrElec",7,17,12,"",0,0,0,0,0,0,0,0,0,0,0,0,0,0,0,0,0,0,0,0,0,446.943,0,168.189,-615.131
"MtrElec",7,17,13,"",0,0,0,0,0,0,0,0,0,0,0,0,0,0,0,0,0,0,0,0,0,470.309,0,195.511,-665.82
"MtrElec",7,17,14,"",0,0,0,0,0,0,0,0,0,0,0,0,0,0,0,0,0,0,0,0,0,462.277,0,211.764,-674.041
"MtrElec",7,17,15,"",-84.0656,0,0,0,0,0,0,0,0,0,0,0,0,0,0,0,0,0,0,0,0,447.243,0,102.032,-633.34
"MtrElec",7,17,16,"",-70.3138,0,0,0,0,0,0,0,0,0,0,0,0,0,0,0,0,0,0,0,0,475.642,0,0,-545.956
"MtrElec",7,17,17,"",55.287,0,0,0,0,0,0,0,0,0,0,0,0,0,0,0,0,0,0,0,0,480.105,0,0,-424.818
"MtrElec",7,17,18,"",280.128,0,0,0,0,0,0,0,0,0,0,0,0,0,0,0,0,0,0,0,0,544.472,0,0,-264.344
"MtrElec",7,17,19,"",204.043,0,0,0,0,0,0,0,0,0,0,0,0,0,0,0,0,0,0,0,0,520.177,0,-223.217,-92.9173
"MtrElec",7,17,20,"",232.485,0,0,0,0,0,0,0,0,0,0,0,0,0,0,0,0,0,0,0,0,466.194,0,-223.217,-10.4918
"MtrElec",7,17,21,"",232.532,0,0,0,0,0,0,0,0,0,0,0,0,0,0,0,0,0,0,0,0,455.749,0,-223.217,0
"MtrElec",7,17,22,"",227.959,0,0,0,0,0,0,0,0,0,0,0,0,0,0,0,0,0,0,0,0,279.299,0,-51.3398,0
"MtrElec",7,17,23,"",260.177,0,0,0,0,0,0,0,0,0,0,0,0,0,0,0,0,0,0,0,0,260.177,0,0,0
"MtrElec",7,17,24,"",217.706,0,0,0,0,0,0,0,0,0,0,0,0,0,0,0,0,0,0,0,0,217.706,0,0,0
"MtrElec",7,18,1,"",173.35,0,0,0,0,0,0,0,0,0,0,0,0,0,0,0,0,0,0,0,0,173.35,0,0,0
"MtrElec",7,18,2,"",175.002,0,0,0,0,0,0,0,0,0,0,0,0,0,0,0,0,0,0,0,0,175.002,0,0,0
"MtrElec",7,18,3,"",156.735,0,0,0,0,0,0,0,0,0,0,0,0,0,0,0,0,0,0,0,0,156.735,0,0,0
"MtrElec",7,18,4,"",144.743,0,0,0,0,0,0,0,0,0,0,0,0,0,0,0,0,0,0,0,0,144.743,0,0,0
"MtrElec",7,18,5,"",147.476,0,0,0,0,0,0,0,0,0,0,0,0,0,0,0,0,0,0,0,0,147.476,0,0,0
"MtrElec",7,18,6,"",143.282,0,0,0,0,0,0,0,0,0,0,0,0,0,0,0,0,0,0,0,0,143.282,0,0,0
"MtrElec",7,18,7,"",203.321,0,0,0,0,0,0,0,0,0,0,0,0,0,0,0,0,0,0,0,0,217.442,0,0,-14.121
"MtrElec",7,18,8,"",135.873,0,0,0,0,0,0,0,0,0,0,0,0,0,0,0,0,0,0,0,0,246.19,0,0,-110.318
"MtrElec",7,18,9,"",42.2643,0,0,0,0,0,0,0,0,0,0,0,0,0,0,0,0,0,0,0,0,327.162,0,0,-284.897
"MtrElec",7,18,10,"",0.981313,0,0,0,0,0,0,0,0,0,0,0,0,0,0,0,0,0,0,0,0,437.873,0,0,-436.892
"MtrElec",7,18,11,"",15.0479,0,0,0,0,0,0,0,0,0,0,0,0,0,0,0,0,0,0,0,0,565.74,0,0,-550.692
"MtrElec",7,18,12,"",0,0,0,0,0,0,0,0,0,0,0,0,0,0,0,0,0,0,0,0,0,577.522,0,61.3788,-638.901
"MtrElec",7,18,13,"",0,0,0,0,0,0,0,0,0,0,0,0,0,0,0,0,0,0,0,0,0,586.588,0,100.004,-686.591
"MtrElec",7,18,14,"",0,0,0,0,0,0,0,0,0,0,0,0,0,0,0,0,0,0,0,0,0,546.771,0,138.826,-685.597
"MtrElec",7,18,15,"",0,0,0,0,0,0,0,0,0,0,0,0,0,0,0,0,0,0,0,0,0,492.723,0,151.196,-643.919
"MtrElec",7,18,16,"",0,0,0,0,0,0,0,0,0,0,0,0,0,0,0,0,0,0,0,0,0,510.75,0,47.0123,-557.762
"MtrElec",7,18,17,"",95.1127,0,0,0,0,0,0,0,0,0,0,0,0,0,0,0,0,0,0,0,0,523.787,0,0,-428.675
"MtrElec",7,18,18,"",284.902,0,0,0,0,0,0,0,0,0,0,0,0,0,0,0,0,0,0,0,0,551.006,0,0,-266.104
"MtrElec",7,18,19,"",276.877,0,0,0,0,0,0,0,0,0,0,0,0,0,0,0,0,0,0,0,0,592.887,0,-223.217,-92.7925
"MtrElec",7,18,20,"",227.939,0,0,0,0,0,0,0,0,0,0,0,0,0,0,0,0,0,0,0,0,459.735,0,-223.217,-8.57868
"MtrElec",7,18,21,"",356.235,0,0,0,0,0,0,0,0,0,0,0,0,0,0,0,0,0,0,0,0,359.622,0,-3.38715,0
"MtrElec",7,18,22,"",331.54,0,0,0,0,0,0,0,0,0,0,0,0,0,0,0,0,0,0,0,0,331.54,0,0,0
"MtrElec",7,18,23,"",287.829,0,0,0,0,0,0,0,0,0,0,0,0,0,0,0,0,0,0,0,0,287.829,0,0,0
"MtrElec",7,18,24,"",255.606,0,0,0,0,0,0,0,0,0,0,0,0,0,0,0,0,0,0,0,0,255.606,0,0,0
"MtrElec",7,19,1,"",172.345,0,0,0,0,0,0,0,0,0,0,0,0,0,0,0,0,0,0,0,0,172.345,0,0,0
"MtrElec",7,19,2,"",149.026,0,0,0,0,0,0,0,0,0,0,0,0,0,0,0,0,0,0,0,0,149.026,0,0,0
"MtrElec",7,19,3,"",145.067,0,0,0,0,0,0,0,0,0,0,0,0,0,0,0,0,0,0,0,0,145.067,0,0,0
"MtrElec",7,19,4,"",145.29,0,0,0,0,0,0,0,0,0,0,0,0,0,0,0,0,0,0,0,0,145.29,0,0,0
"MtrElec",7,19,5,"",174.704,0,0,0,0,0,0,0,0,0,0,0,0,0,0,0,0,0,0,0,0,174.704,0,0,0
"MtrElec",7,19,6,"",164.546,0,0,0,0,0,0,0,0,0,0,0,0,0,0,0,0,0,0,0,0,164.546,0,0,0
"MtrElec",7,19,7,"",139.951,0,0,0,0,0,0,0,0,0,0,0,0,0,0,0,0,0,0,0,0,153.276,0,0,-13.3245
"MtrElec",7,19,8,"",122.203,0,0,0,0,0,0,0,0,0,0,0,0,0,0,0,0,0,0,0,0,230.867,0,0,-108.664
"MtrElec",7,19,9,"",57.1498,0,0,0,0,0,0,0,0,0,0,0,0,0,0,0,0,0,0,0,0,341.026,0,0,-283.876
"MtrElec",7,19,10,"",-60.2943,0,0,0,0,0,0,0,0,0,0,0,0,0,0,0,0,0,0,0,0,381.699,0,0,-441.993
"MtrElec",7,19,11,"",0,0,0,0,0,0,0,0,0,0,0,0,0,0,0,0,0,0,0,0,0,439.975,0,125.493,-565.468
"MtrElec",7,19,12,"",0,0,0,0,0,0,0,0,0,0,0,0,0,0,0,0,0,0,0,0,0,496.05,0,137.632,-633.682
"MtrElec",7,19,13,"",0,0,0,0,0,0,0,0,0,0,0,0,0,0,0,0,0,0,0,0,0,496.883,0,178.957,-675.84
"MtrElec",7,19,14,"",0,0,0,0,0,0,0,0,0,0,0,0,0,0,0,0,0,0,0,0,0,465.18,0,217.408,-682.589
"MtrElec",7,19,15,"",-31.3597,0,0,0,0,0,0,0,0,0,0,0,0,0,0,0,0,0,0,0,0,470.37,0,139.391,-641.121
"MtrElec",7,19,16,"",-70.7372,0,0,0,0,0,0,0,0,0,0,0,0,0,0,0,0,0,0,0,0,485.121,0,0,-555.858
"MtrElec",7,19,17,"",61.7916,0,0,0,0,0,0,0,0,0,0,0,0,0,0,0,0,0,0,0,0,486.513,0,0,-424.722
"MtrElec",7,19,18,"",191.262,0,0,0,0,0,0,0,0,0,0,0,0,0,0,0,0,0,0,0,0,462.553,0,0,-271.291
"MtrElec",7,19,19,"",221.157,0,0,0,0,0,0,0,0,0,0,0,0,0,0,0,0,0,0,0,0,538.695,0,-223.217,-94.3215
"MtrElec",7,19,20,"",171.789,0,0,0,0,0,0,0,0,0,0,0,0,0,0,0,0,0,0,0,0,402.981,0,-223.217,-7.97442
"MtrElec",7,19,21,"",116.301,0,0,0,0,0,0,0,0,0,0,0,0,0,0,0,0,0,0,0,0,339.518,0,-223.217,0
"MtrElec",7,19,22,"",299.998,0,0,0,0,0,0,0,0,0,0,0,0,0,0,0,0,0,0,0,0,351.338,0,-51.3398,0
"MtrElec",7,19,23,"",266.224,0,0,0,0,0,0,0,0,0,0,0,0,0,0,0,0,0,0,0,0,266.224,0,0,0
"MtrElec",7,19,24,"",226.164,0,0,0,0,0,0,0,0,0,0,0,0,0,0,0,0,0,0,0,0,226.164,0,0,0
"MtrElec",7,20,1,"",159.742,0,0,0,0,0,0,0,0,0,0,0,0,0,0,0,0,0,0,0,0,159.742,0,0,0
"MtrElec",7,20,2,"",148.486,0,0,0,0,0,0,0,0,0,0,0,0,0,0,0,0,0,0,0,0,148.486,0,0,0
"MtrElec",7,20,3,"",144.84,0,0,0,0,0,0,0,0,0,0,0,0,0,0,0,0,0,0,0,0,144.84,0,0,0
"MtrElec",7,20,4,"",145.258,0,0,0,0,0,0,0,0,0,0,0,0,0,0,0,0,0,0,0,0,145.258,0,0,0
"MtrElec",7,20,5,"",162.704,0,0,0,0,0,0,0,0,0,0,0,0,0,0,0,0,0,0,0,0,162.704,0,0,0
"MtrElec",7,20,6,"",157.383,0,0,0,0,0,0,0,0,0,0,0,0,0,0,0,0,0,0,0,0,157.383,0,0,0
"MtrElec",7,20,7,"",260.992,0,0,0,0,0,0,0,0,0,0,0,0,0,0,0,0,0,0,0,0,273.54,0,0,-12.5486
"MtrElec",7,20,8,"",200.173,0,0,0,0,0,0,0,0,0,0,0,0,0,0,0,0,0,0,0,0,310.835,0,0,-110.662
"MtrElec",7,20,9,"",135.925,0,0,0,0,0,0,0,0,0,0,0,0,0,0,0,0,0,0,0,0,424.347,0,0,-288.422
"MtrElec",7,20,10,"",50.5722,0,0,0,0,0,0,0,0,0,0,0,0,0,0,0,0,0,0,0,0,493.805,0,0,-443.233
"MtrElec",7,20,11,"",0.0000039,0,0,0,0,0,0,0,0,0,0,0,0,0,0,0,0,0,0,0,0,507.419,0,49.5598,-556.979
"MtrElec",7,20,12,"",0,0,0,0,0,0,0,0,0,0,0,0,0,0,0,0,0,0,0,0,0,544.011,0,93.8434,-637.854
"MtrElec",7,20,13,"",0,0,0,0,0,0,0,0,0,0,0,0,0,0,0,0,0,0,0,0,0,512.343,0,167.479,-679.822
"MtrElec",7,20,14,"",0.0000156,0,0,0,0,0,0,0,0,0,0,0,0,0,0,0,0,0,0,0,0,459.134,0,218.285,-677.419
"MtrElec",7,20,15,"",0,0,0,0,0,0,0,0,0,0,0,0,0,0,0,0,0,0,0,0,0,488.035,0,151.498,-639.533
"MtrElec",7,20,16,"",0,0,0,0,0,0,0,0,0,0,0,0,0,0,0,0,0,0,0,0,0,492.188,0,57.9023,-550.09
"MtrElec",7,20,17,"",125.477,0,0,0,0,0,0,0,0,0,0,0,0,0,0,0,0,0,0,0,0,551.378,0,0,-425.901
"MtrElec",7,20,18,"",250.104,0,0,0,0,0,0,0,0,0,0,0,0,0,0,0,0,0,0,0,0,520.74,0,0,-270.636
"MtrElec",7,20,19,"",226.825,0,0,0,0,0,0,0,0,0,0,0,0,0,0,0,0,0,0,0,0,545.236,0,-223.217,-95.1939
"MtrElec",7,20,20,"",220.385,0,0,0,0,0,0,0,0,0,0,0,0,0,0,0,0,0,0,0,0,452.904,0,-223.217,-9.30121
"MtrElec",7,20,21,"",243.876,0,0,0,0,0,0,0,0,0,0,0,0,0,0,0,0,0,0,0,0,464,0,-220.124,0
"MtrElec",7,20,22,"",289.623,0,0,0,0,0,0,0,0,0,0,0,0,0,0,0,0,0,0,0,0,289.623,0,0,0
"MtrElec",7,20,23,"",247.686,0,0,0,0,0,0,0,0,0,0,0,0,0,0,0,0,0,0,0,0,247.686,0,0,0
"MtrElec",7,20,24,"",228.064,0,0,0,0,0,0,0,0,0,0,0,0,0,0,0,0,0,0,0,0,228.064,0,0,0
"MtrElec",7,21,1,"",175.575,0,0,0,0,0,0,0,0,0,0,0,0,0,0,0,0,0,0,0,0,175.575,0,0,0
"MtrElec",7,21,2,"",151.297,0,0,0,0,0,0,0,0,0,0,0,0,0,0,0,0,0,0,0,0,151.297,0,0,0
"MtrElec",7,21,3,"",146.775,0,0,0,0,0,0,0,0,0,0,0,0,0,0,0,0,0,0,0,0,146.775,0,0,0
"MtrElec",7,21,4,"",148.417,0,0,0,0,0,0,0,0,0,0,0,0,0,0,0,0,0,0,0,0,148.417,0,0,0
"MtrElec",7,21,5,"",144.263,0,0,0,0,0,0,0,0,0,0,0,0,0,0,0,0,0,0,0,0,144.263,0,0,0
"MtrElec",7,21,6,"",181.833,0,0,0,0,0,0,0,0,0,0,0,0,0,0,0,0,0,0,0,0,181.833,0,0,0
"MtrElec",7,21,7,"",215.791,0,0,0,0,0,0,0,0,0,0,0,0,0,0,0,0,0,0,0,0,224.964,0,0,-9.17322
"MtrElec",7,21,8,"",264.992,0,0,0,0,0,0,0,0,0,0,0,0,0,0,0,0,0,0,0,0,315.535,0,0,-50.5424
"MtrElec",7,21,9,"",228.551,0,0,0,0,0,0,0,0,0,0,0,0,0,0,0,0,0,0,0,0,336.215,0,0,-107.664
"MtrElec",7,21,10,"",91.4626,0,0,0,0,0,0,0,0,0,0,0,0,0,0,0,0,0,0,0,0,393.044,0,0,-301.582
"MtrElec",7,21,11,"",0,0,0,0,0,0,0,0,0,0,0,0,0,0,0,0,0,0,0,0,0,446.779,0,124.046,-570.825
"MtrElec",7,21,12,"",0.0000156,0,0,0,0,0,0,0,0,0,0,0,0,0,0,0,0,0,0,0,0,474.949,0,160.172,-635.121
"MtrElec",7,21,13,"",0.0000156,0,0,0,0,0,0,0,0,0,0,0,0,0,0,0,0,0,0,0,0,496.913,0,165.045,-661.958
"MtrElec",7,21,14,"",0,0,0,0,0,0,0,0,0,0,0,0,0,0,0,0,0,0,0,0,0,472.223,0,196.112,-668.336
"MtrElec",7,21,15,"",-24.5958,0,0,0,0,0,0,0,0,0,0,0,0,0,0,0,0,0,0,0,0,448.045,0,153.506,-626.147
"MtrElec",7,21,16,"",-32.5162,0,0,0,0,0,0,0,0,0,0,0,0,0,0,0,0,0,0,0,0,507.064,0,0,-539.581
"MtrElec",7,21,17,"",95.9662,0,0,0,0,0,0,0,0,0,0,0,0,0,0,0,0,0,0,0,0,515.762,0,0,-419.796
"MtrElec",7,21,18,"",290.454,0,0,0,0,0,0,0,0,0,0,0,0,0,0,0,0,0,0,0,0,553.65,0,0,-263.197
"MtrElec",7,21,19,"",199.288,0,0,0,0,0,0,0,0,0,0,0,0,0,0,0,0,0,0,0,0,515.097,0,-223.217,-92.5923
"MtrElec",7,21,20,"",211.86,0,0,0,0,0,0,0,0,0,0,0,0,0,0,0,0,0,0,0,0,446.318,0,-223.217,-11.241
"MtrElec",7,21,21,"",208.641,0,0,0,0,0,0,0,0,0,0,0,0,0,0,0,0,0,0,0,0,431.858,0,-223.217,0
"MtrElec",7,21,22,"",263.958,0,0,0,0,0,0,0,0,0,0,0,0,0,0,0,0,0,0,0,0,315.298,0,-51.3398,0
"MtrElec",7,21,23,"",266.665,0,0,0,0,0,0,0,0,0,0,0,0,0,0,0,0,0,0,0,0,266.665,0,0,0
"MtrElec",7,21,24,"",201.379,0,0,0,0,0,0,0,0,0,0,0,0,0,0,0,0,0,0,0,0,201.379,0,0,0
"MtrElec",7,22,1,"",161.694,0,0,0,0,0,0,0,0,0,0,0,0,0,0,0,0,0,0,0,0,161.694,0,0,0
"MtrElec",7,22,2,"",150.296,0,0,0,0,0,0,0,0,0,0,0,0,0,0,0,0,0,0,0,0,150.296,0,0,0
"MtrElec",7,22,3,"",147.216,0,0,0,0,0,0,0,0,0,0,0,0,0,0,0,0,0,0,0,0,147.216,0,0,0
"MtrElec",7,22,4,"",164.328,0,0,0,0,0,0,0,0,0,0,0,0,0,0,0,0,0,0,0,0,164.328,0,0,0
"MtrElec",7,22,5,"",161.154,0,0,0,0,0,0,0,0,0,0,0,0,0,0,0,0,0,0,0,0,161.154,0,0,0
"MtrElec",7,22,6,"",149.937,0,0,0,0,0,0,0,0,0,0,0,0,0,0,0,0,0,0,0,0,149.937,0,0,0
"MtrElec",7,22,7,"",242.331,0,0,0,0,0,0,0,0,0,0,0,0,0,0,0,0,0,0,0,0,256.757,0,0,-14.4258
"MtrElec",7,22,8,"",234.309,0,0,0,0,0,0,0,0,0,0,0,0,0,0,0,0,0,0,0,0,340.685,0,0,-106.376
"MtrElec",7,22,9,"",132.458,0,0,0,0,0,0,0,0,0,0,0,0,0,0,0,0,0,0,0,0,402.124,0,0,-269.666
"MtrElec",7,22,10,"",77.7049,0,0,0,0,0,0,0,0,0,0,0,0,0,0,0,0,0,0,0,0,495.269,0,0,-417.564
"MtrElec",7,22,11,"",25.2323,0,0,0,0,0,0,0,0,0,0,0,0,0,0,0,0,0,0,0,0,552.975,0,0,-527.743
"MtrElec",7,22,12,"",0.0000039,0,0,0,0,0,0,0,0,0,0,0,0,0,0,0,0,0,0,0,0,545.492,0,64.056,-609.548
"MtrElec",7,22,13,"",0.0000078,0,0,0,0,0,0,0,0,0,0,0,0,0,0,0,0,0,0,0,0,574.85,0,78.3644,-653.214
"MtrElec",7,22,14,"",0,0,0,0,0,0,0,0,0,0,0,0,0,0,0,0,0,0,0,0,0,493.03,0,168.295,-661.325
"MtrElec",7,22,15,"",0,0,0,0,0,0,0,0,0,0,0,0,0,0,0,0,0,0,0,0,0,462.454,0,151.838,-614.292
"MtrElec",7,22,16,"",5.62175,0,0,0,0,0,0,0,0,0,0,0,0,0,0,0,0,0,0,0,0,510.002,0,0,-504.381
"MtrElec",7,22,17,"",336.351,0,0,0,0,0,0,0,0,0,0,0,0,0,0,0,0,0,0,0,0,538.098,0,0,-201.747
"MtrElec",7,22,18,"",366.473,0,0,0,0,0,0,0,0,0,0,0,0,0,0,0,0,0,0,0,0,534.822,0,0,-168.349
"MtrElec",7,22,19,"",208.425,0,0,0,0,0,0,0,0,0,0,0,0,0,0,0,0,0,0,0,0,518.318,0,-223.217,-86.6762
"MtrElec",7,22,20,"",234.323,0,0,0,0,0,0,0,0,0,0,0,0,0,0,0,0,0,0,0,0,445.144,0,-194.237,-16.5841
"MtrElec",7,22,21,"",400.698,0,0,0,0,0,0,0,0,0,0,0,0,0,0,0,0,0,0,0,0,400.698,0,0,0
"MtrElec",7,22,22,"",314.41,0,0,0,0,0,0,0,0,0,0,0,0,0,0,0,0,0,0,0,0,314.41,0,0,0
"MtrElec",7,22,23,"",221.938,0,0,0,0,0,0,0,0,0,0,0,0,0,0,0,0,0,0,0,0,221.938,0,0,0
"MtrElec",7,22,24,"",247.971,0,0,0,0,0,0,0,0,0,0,0,0,0,0,0,0,0,0,0,0,247.971,0,0,0
"MtrElec",7,23,1,"",169.845,0,0,0,0,0,0,0,0,0,0,0,0,0,0,0,0,0,0,0,0,169.845,0,0,0
"MtrElec",7,23,2,"",149.381,0,0,0,0,0,0,0,0,0,0,0,0,0,0,0,0,0,0,0,0,149.381,0,0,0
"MtrElec",7,23,3,"",145.37,0,0,0,0,0,0,0,0,0,0,0,0,0,0,0,0,0,0,0,0,145.37,0,0,0
"MtrElec",7,23,4,"",143.633,0,0,0,0,0,0,0,0,0,0,0,0,0,0,0,0,0,0,0,0,143.633,0,0,0
"MtrElec",7,23,5,"",141.712,0,0,0,0,0,0,0,0,0,0,0,0,0,0,0,0,0,0,0,0,141.712,0,0,0
"MtrElec",7,23,6,"",159.523,0,0,0,0,0,0,0,0,0,0,0,0,0,0,0,0,0,0,0,0,159.523,0,0,0
"MtrElec",7,23,7,"",234.823,0,0,0,0,0,0,0,0,0,0,0,0,0,0,0,0,0,0,0,0,254.025,0,0,-19.202
"MtrElec",7,23,8,"",225.007,0,0,0,0,0,0,0,0,0,0,0,0,0,0,0,0,0,0,0,0,332.52,0,0,-107.513
"MtrElec",7,23,9,"",199.789,0,0,0,0,0,0,0,0,0,0,0,0,0,0,0,0,0,0,0,0,421.099,0,0,-221.31
"MtrElec",7,23,10,"",125.997,0,0,0,0,0,0,0,0,0,0,0,0,0,0,0,0,0,0,0,0,461.54,0,0,-335.543
"MtrElec",7,23,11,"",65.3737,0,0,0,0,0,0,0,0,0,0,0,0,0,0,0,0,0,0,0,0,534.266,0,0,-468.892
"MtrElec",7,23,12,"",0,0,0,0,0,0,0,0,0,0,0,0,0,0,0,0,0,0,0,0,0,534.914,0,73.6519,-608.566
"MtrElec",7,23,13,"",0.0000156,0,0,0,0,0,0,0,0,0,0,0,0,0,0,0,0,0,0,0,0,500.691,0,139.126,-639.817
"MtrElec",7,23,14,"",0,0,0,0,0,0,0,0,0,0,0,0,0,0,0,0,0,0,0,0,0,522.808,0,106.642,-629.45
"MtrElec",7,23,15,"",0.0000078,0,0,0,0,0,0,0,0,0,0,0,0,0,0,0,0,0,0,0,0,507.017,0,94.2353,-601.252
"MtrElec",7,23,16,"",37.7401,0,0,0,0,0,0,0,0,0,0,0,0,0,0,0,0,0,0,0,0,555.599,0,0,-517.859
"MtrElec",7,23,17,"",162.145,0,0,0,0,0,0,0,0,0,0,0,0,0,0,0,0,0,0,0,0,559.065,0,0,-396.921
"MtrElec",7,23,18,"",349.727,0,0,0,0,0,0,0,0,0,0,0,0,0,0,0,0,0,0,0,0,595.282,0,0,-245.555
"MtrElec",7,23,19,"",233.778,0,0,0,0,0,0,0,0,0,0,0,0,0,0,0,0,0,0,0,0,549.402,0,-223.217,-92.4076
"MtrElec",7,23,20,"",327.737,0,0,0,0,0,0,0,0,0,0,0,0,0,0,0,0,0,0,0,0,491.242,0,-150.107,-13.3985
"MtrElec",7,23,21,"",466.187,0,0,0,0,0,0,0,0,0,0,0,0,0,0,0,0,0,0,0,0,466.187,0,0,0
"MtrElec",7,23,22,"",336.206,0,0,0,0,0,0,0,0,0,0,0,0,0,0,0,0,0,0,0,0,336.206,0,0,0
"MtrElec",7,23,23,"",247.101,0,0,0,0,0,0,0,0,0,0,0,0,0,0,0,0,0,0,0,0,247.101,0,0,0
"MtrElec",7,23,24,"",262.313,0,0,0,0,0,0,0,0,0,0,0,0,0,0,0,0,0,0,0,0,262.313,0,0,0
"MtrElec",7,24,1,"",177.788,0,0,0,0,0,0,0,0,0,0,0,0,0,0,0,0,0,0,0,0,177.788,0,0,0
"MtrElec",7,24,2,"",158.092,0,0,0,0,0,0,0,0,0,0,0,0,0,0,0,0,0,0,0,0,158.092,0,0,0
"MtrElec",7,24,3,"",152.425,0,0,0,0,0,0,0,0,0,0,0,0,0,0,0,0,0,0,0,0,152.425,0,0,0
"MtrElec",7,24,4,"",148.343,0,0,0,0,0,0,0,0,0,0,0,0,0,0,0,0,0,0,0,0,148.343,0,0,0
"MtrElec",7,24,5,"",143.06,0,0,0,0,0,0,0,0,0,0,0,0,0,0,0,0,0,0,0,0,143.06,0,0,0
"MtrElec",7,24,6,"",189.2,0,0,0,0,0,0,0,0,0,0,0,0,0,0,0,0,0,0,0,0,189.2,0,0,0
"MtrElec",7,24,7,"",247.743,0,0,0,0,0,0,0,0,0,0,0,0,0,0,0,0,0,0,0,0,262.145,0,0,-14.4024
"MtrElec",7,24,8,"",225.485,0,0,0,0,0,0,0,0,0,0,0,0,0,0,0,0,0,0,0,0,329.021,0,0,-103.536
"MtrElec",7,24,9,"",156.799,0,0,0,0,0,0,0,0,0,0,0,0,0,0,0,0,0,0,0,0,424.521,0,0,-267.722
"MtrElec",7,24,10,"",105.14,0,0,0,0,0,0,0,0,0,0,0,0,0,0,0,0,0,0,0,0,521.505,0,0,-416.364
"MtrElec",7,24,11,"",0,0,0,0,0,0,0,0,0,0,0,0,0,0,0,0,0,0,0,0,0,516.219,0,19.7329,-535.952
"MtrElec",7,24,12,"",0.0000078,0,0,0,0,0,0,0,0,0,0,0,0,0,0,0,0,0,0,0,0,515.165,0,107.624,-622.789
"MtrElec",7,24,13,"",0,0,0,0,0,0,0,0,0,0,0,0,0,0,0,0,0,0,0,0,0,574.625,0,93.8021,-668.427
"MtrElec",7,24,14,"",0.0000156,0,0,0,0,0,0,0,0,0,0,0,0,0,0,0,0,0,0,0,0,480.856,0,182.589,-663.445
"MtrElec",7,24,15,"",0,0,0,0,0,0,0,0,0,0,0,0,0,0,0,0,0,0,0,0,0,495.804,0,125.27,-621.075
"MtrElec",7,24,16,"",0,0,0,0,0,0,0,0,0,0,0,0,0,0,0,0,0,0,0,0,0,499.452,0,40.4762,-539.928
"MtrElec",7,24,17,"",133.556,0,0,0,0,0,0,0,0,0,0,0,0,0,0,0,0,0,0,0,0,550.511,0,0,-416.955
"MtrElec",7,24,18,"",279.826,0,0,0,0,0,0,0,0,0,0,0,0,0,0,0,0,0,0,0,0,539.521,0,0,-259.694
"MtrElec",7,24,19,"",244.921,0,0,0,0,0,0,0,0,0,0,0,0,0,0,0,0,0,0,0,0,558.397,0,-223.217,-90.2586
"MtrElec",7,24,20,"",273.979,0,0,0,0,0,0,0,0,0,0,0,0,0,0,0,0,0,0,0,0,507.201,0,-223.217,-10.0055
"MtrElec",7,24,21,"",422.404,0,0,0,0,0,0,0,0,0,0,0,0,0,0,0,0,0,0,0,0,489.939,0,-67.535,0
"MtrElec",7,24,22,"",325.217,0,0,0,0,0,0,0,0,0,0,0,0,0,0,0,0,0,0,0,0,325.217,0,0,0
"MtrElec",7,24,23,"",307.561,0,0,0,0,0,0,0,0,0,0,0,0,0,0,0,0,0,0,0,0,307.561,0,0,0
"MtrElec",7,24,24,"",230.251,0,0,0,0,0,0,0,0,0,0,0,0,0,0,0,0,0,0,0,0,230.251,0,0,0
"MtrElec",7,25,1,"",183.549,0,0,0,0,0,0,0,0,0,0,0,0,0,0,0,0,0,0,0,0,183.549,0,0,0
"MtrElec",7,25,2,"",151.874,0,0,0,0,0,0,0,0,0,0,0,0,0,0,0,0,0,0,0,0,151.874,0,0,0
"MtrElec",7,25,3,"",184.436,0,0,0,0,0,0,0,0,0,0,0,0,0,0,0,0,0,0,0,0,184.436,0,0,0
"MtrElec",7,25,4,"",151.883,0,0,0,0,0,0,0,0,0,0,0,0,0,0,0,0,0,0,0,0,151.883,0,0,0
"MtrElec",7,25,5,"",149.162,0,0,0,0,0,0,0,0,0,0,0,0,0,0,0,0,0,0,0,0,149.162,0,0,0
"MtrElec",7,25,6,"",147.481,0,0,0,0,0,0,0,0,0,0,0,0,0,0,0,0,0,0,0,0,147.481,0,0,0
"MtrElec",7,25,7,"",206.434,0,0,0,0,0,0,0,0,0,0,0,0,0,0,0,0,0,0,0,0,218.928,0,0,-12.4947
"MtrElec",7,25,8,"",169.601,0,0,0,0,0,0,0,0,0,0,0,0,0,0,0,0,0,0,0,0,273.708,0,0,-104.107
"MtrElec",7,25,9,"",101.193,0,0,0,0,0,0,0,0,0,0,0,0,0,0,0,0,0,0,0,0,374.441,0,0,-273.249
"MtrElec",7,25,10,"",13.8224,0,0,0,0,0,0,0,0,0,0,0,0,0,0,0,0,0,0,0,0,436.679,0,0,-422.856
"MtrElec",7,25,11,"",106.466,0,0,0,0,0,0,0,0,0,0,0,0,0,0,0,0,0,0,0,0,639.425,0,0,-532.959
"MtrElec",7,25,12,"",0,0,0,0,0,0,0,0,0,0,0,0,0,0,0,0,0,0,0,0,0,595.514,0,8.48306,-603.997
"MtrElec",7,25,13,"",0.0000039,0,0,0,0,0,0,0,0,0,0,0,0,0,0,0,0,0,0,0,0,590.897,0,58.1391,-649.036
"MtrElec",7,25,14,"",0,0,0,0,0,0,0,0,0,0,0,0,0,0,0,0,0,0,0,0,0,601.625,0,54.5819,-656.207
"MtrElec",7,25,15,"",0,0,0,0,0,0,0,0,0,0,0,0,0,0,0,0,0,0,0,0,0,546.389,0,68.7796,-615.169
"MtrElec",7,25,16,"",10.203,0,0,0,0,0,0,0,0,0,0,0,0,0,0,0,0,0,0,0,0,546.727,0,0,-536.524
"MtrElec",7,25,17,"",101.972,0,0,0,0,0,0,0,0,0,0,0,0,0,0,0,0,0,0,0,0,519.062,0,0,-417.09
"MtrElec",7,25,18,"",311.07,0,0,0,0,0,0,0,0,0,0,0,0,0,0,0,0,0,0,0,0,567.94,0,0,-256.87
"MtrElec",7,25,19,"",328.936,0,0,0,0,0,0,0,0,0,0,0,0,0,0,0,0,0,0,0,0,589.28,0,-171.46,-88.8839
"MtrElec",7,25,20,"",445.44,0,0,0,0,0,0,0,0,0,0,0,0,0,0,0,0,0,0,0,0,454.756,0,0,-9.31681
"MtrElec",7,25,21,"",393.631,0,0,0,0,0,0,0,0,0,0,0,0,0,0,0,0,0,0,0,0,393.631,0,0,0
"MtrElec",7,25,22,"",396.989,0,0,0,0,0,0,0,0,0,0,0,0,0,0,0,0,0,0,0,0,396.989,0,0,0
"MtrElec",7,25,23,"",252.45,0,0,0,0,0,0,0,0,0,0,0,0,0,0,0,0,0,0,0,0,252.45,0,0,0
"MtrElec",7,25,24,"",211.877,0,0,0,0,0,0,0,0,0,0,0,0,0,0,0,0,0,0,0,0,211.877,0,0,0
"MtrElec",7,26,1,"",175.82,0,0,0,0,0,0,0,0,0,0,0,0,0,0,0,0,0,0,0,0,175.82,0,0,0
"MtrElec",7,26,2,"",149.722,0,0,0,0,0,0,0,0,0,0,0,0,0,0,0,0,0,0,0,0,149.722,0,0,0
"MtrElec",7,26,3,"",148.744,0,0,0,0,0,0,0,0,0,0,0,0,0,0,0,0,0,0,0,0,148.744,0,0,0
"MtrElec",7,26,4,"",147.601,0,0,0,0,0,0,0,0,0,0,0,0,0,0,0,0,0,0,0,0,147.601,0,0,0
"MtrElec",7,26,5,"",173.399,0,0,0,0,0,0,0,0,0,0,0,0,0,0,0,0,0,0,0,0,173.399,0,0,0
"MtrElec",7,26,6,"",148.473,0,0,0,0,0,0,0,0,0,0,0,0,0,0,0,0,0,0,0,0,148.473,0,0,0
"MtrElec",7,26,7,"",146.603,0,0,0,0,0,0,0,0,0,0,0,0,0,0,0,0,0,0,0,0,159.9,0,0,-13.297
"MtrElec",7,26,8,"",134.762,0,0,0,0,0,0,0,0,0,0,0,0,0,0,0,0,0,0,0,0,239.323,0,0,-104.56
"MtrElec",7,26,9,"",71.2047,0,0,0,0,0,0,0,0,0,0,0,0,0,0,0,0,0,0,0,0,344.234,0,0,-273.029
"MtrElec",7,26,10,"",-21.6826,0,0,0,0,0,0,0,0,0,0,0,0,0,0,0,0,0,0,0,0,401.657,0,0,-423.339
"MtrElec",7,26,11,"",0.0000078,0,0,0,0,0,0,0,0,0,0,0,0,0,0,0,0,0,0,0,0,433.233,0,99.6324,-532.865
"MtrElec",7,26,12,"",0.0000078,0,0,0,0,0,0,0,0,0,0,0,0,0,0,0,0,0,0,0,0,496.845,0,125.133,-621.978
"MtrElec",7,26,13,"",0,0,0,0,0,0,0,0,0,0,0,0,0,0,0,0,0,0,0,0,0,593.436,0,74.553,-667.989
"MtrElec",7,26,14,"",0,0,0,0,0,0,0,0,0,0,0,0,0,0,0,0,0,0,0,0,0,470.019,0,191.173,-661.191
"MtrElec",7,26,15,"",0.0000156,0,0,0,0,0,0,0,0,0,0,0,0,0,0,0,0,0,0,0,0,481.808,0,142.711,-624.519
"MtrElec",7,26,16,"",0,0,0,0,0,0,0,0,0,0,0,0,0,0,0,0,0,0,0,0,0,491.246,0,49.3318,-540.578
"MtrElec",7,26,17,"",61.7774,0,0,0,0,0,0,0,0,0,0,0,0,0,0,0,0,0,0,0,0,478.201,0,0,-416.424
"MtrElec",7,26,18,"",255.354,0,0,0,0,0,0,0,0,0,0,0,0,0,0,0,0,0,0,0,0,513.957,0,0,-258.603
"MtrElec",7,26,19,"",260.522,0,0,0,0,0,0,0,0,0,0,0,0,0,0,0,0,0,0,0,0,571.837,0,-223.217,-88.0988
"MtrElec",7,26,20,"",177.472,0,0,0,0,0,0,0,0,0,0,0,0,0,0,0,0,0,0,0,0,409.259,0,-223.217,-8.56998
"MtrElec",7,26,21,"",168.64,0,0,0,0,0,0,0,0,0,0,0,0,0,0,0,0,0,0,0,0,338.194,0,-169.553,0
"MtrElec",7,26,22,"",284.027,0,0,0,0,0,0,0,0,0,0,0,0,0,0,0,0,0,0,0,0,284.027,0,0,0
"MtrElec",7,26,23,"",256.493,0,0,0,0,0,0,0,0,0,0,0,0,0,0,0,0,0,0,0,0,256.493,0,0,0
"MtrElec",7,26,24,"",202.397,0,0,0,0,0,0,0,0,0,0,0,0,0,0,0,0,0,0,0,0,202.397,0,0,0
"MtrElec",7,27,1,"",170.8,0,0,0,0,0,0,0,0,0,0,0,0,0,0,0,0,0,0,0,0,170.8,0,0,0
"MtrElec",7,27,2,"",155.185,0,0,0,0,0,0,0,0,0,0,0,0,0,0,0,0,0,0,0,0,155.185,0,0,0
"MtrElec",7,27,3,"",151.413,0,0,0,0,0,0,0,0,0,0,0,0,0,0,0,0,0,0,0,0,151.413,0,0,0
"MtrElec",7,27,4,"",149.703,0,0,0,0,0,0,0,0,0,0,0,0,0,0,0,0,0,0,0,0,149.703,0,0,0
"MtrElec",7,27,5,"",177.016,0,0,0,0,0,0,0,0,0,0,0,0,0,0,0,0,0,0,0,0,177.016,0,0,0
"MtrElec",7,27,6,"",150.086,0,0,0,0,0,0,0,0,0,0,0,0,0,0,0,0,0,0,0,0,150.086,0,0,0
"MtrElec",7,27,7,"",276.825,0,0,0,0,0,0,0,0,0,0,0,0,0,0,0,0,0,0,0,0,289.309,0,0,-12.4845
"MtrElec",7,27,8,"",246.014,0,0,0,0,0,0,0,0,0,0,0,0,0,0,0,0,0,0,0,0,349.311,0,0,-103.297
"MtrElec",7,27,9,"",167.245,0,0,0,0,0,0,0,0,0,0,0,0,0,0,0,0,0,0,0,0,436.959,0,0,-269.714
"MtrElec",7,27,10,"",118.876,0,0,0,0,0,0,0,0,0,0,0,0,0,0,0,0,0,0,0,0,538.364,0,0,-419.488
"MtrElec",7,27,11,"",40.0415,0,0,0,0,0,0,0,0,0,0,0,0,0,0,0,0,0,0,0,0,577.853,0,0,-537.811
"MtrElec",7,27,12,"",0,0,0,0,0,0,0,0,0,0,0,0,0,0,0,0,0,0,0,0,0,592.211,0,19.471,-611.682
"MtrElec",7,27,13,"",0,0,0,0,0,0,0,0,0,0,0,0,0,0,0,0,0,0,0,0,0,582.422,0,63.293,-645.715
"MtrElec",7,27,14,"",0.0000078,0,0,0,0,0,0,0,0,0,0,0,0,0,0,0,0,0,0,0,0,563.706,0,97.4014,-661.107
"MtrElec",7,27,15,"",0,0,0,0,0,0,0,0,0,0,0,0,0,0,0,0,0,0,0,0,0,504.983,0,117.698,-622.681
"MtrElec",7,27,16,"",17.9223,0,0,0,0,0,0,0,0,0,0,0,0,0,0,0,0,0,0,0,0,553.07,0,0,-535.148
"MtrElec",7,27,17,"",174.732,0,0,0,0,0,0,0,0,0,0,0,0,0,0,0,0,0,0,0,0,585.936,0,0,-411.204
"MtrElec",7,27,18,"",313.873,0,0,0,0,0,0,0,0,0,0,0,0,0,0,0,0,0,0,0,0,568.299,0,0,-254.426
"MtrElec",7,27,19,"",227.077,0,0,0,0,0,0,0,0,0,0,0,0,0,0,0,0,0,0,0,0,537.49,0,-223.217,-87.1964
"MtrElec",7,27,20,"",508.961,0,0,0,0,0,0,0,0,0,0,0,0,0,0,0,0,0,0,0,0,563.873,0,-45.6047,-9.30715
"MtrElec",7,27,21,"",501.223,0,0,0,0,0,0,0,0,0,0,0,0,0,0,0,0,0,0,0,0,501.223,0,0,0
"MtrElec",7,27,22,"",312.115,0,0,0,0,0,0,0,0,0,0,0,0,0,0,0,0,0,0,0,0,312.115,0,0,0
"MtrElec",7,27,23,"",309.331,0,0,0,0,0,0,0,0,0,0,0,0,0,0,0,0,0,0,0,0,309.331,0,0,0
"MtrElec",7,27,24,"",247.635,0,0,0,0,0,0,0,0,0,0,0,0,0,0,0,0,0,0,0,0,247.635,0,0,0
"MtrElec",7,28,1,"",188.741,0,0,0,0,0,0,0,0,0,0,0,0,0,0,0,0,0,0,0,0,188.741,0,0,0
"MtrElec",7,28,2,"",156.472,0,0,0,0,0,0,0,0,0,0,0,0,0,0,0,0,0,0,0,0,156.472,0,0,0
"MtrElec",7,28,3,"",148.24,0,0,0,0,0,0,0,0,0,0,0,0,0,0,0,0,0,0,0,0,148.24,0,0,0
"MtrElec",7,28,4,"",147.506,0,0,0,0,0,0,0,0,0,0,0,0,0,0,0,0,0,0,0,0,147.506,0,0,0
"MtrElec",7,28,5,"",144.763,0,0,0,0,0,0,0,0,0,0,0,0,0,0,0,0,0,0,0,0,144.763,0,0,0
"MtrElec",7,28,6,"",155.083,0,0,0,0,0,0,0,0,0,0,0,0,0,0,0,0,0,0,0,0,155.083,0,0,0
"MtrElec",7,28,7,"",232.687,0,0,0,0,0,0,0,0,0,0,0,0,0,0,0,0,0,0,0,0,245.103,0,0,-12.4158
"MtrElec",7,28,8,"",248.069,0,0,0,0,0,0,0,0,0,0,0,0,0,0,0,0,0,0,0,0,351.014,0,0,-102.945
"MtrElec",7,28,9,"",141.952,0,0,0,0,0,0,0,0,0,0,0,0,0,0,0,0,0,0,0,0,407.911,0,0,-265.959
"MtrElec",7,28,10,"",90.5354,0,0,0,0,0,0,0,0,0,0,0,0,0,0,0,0,0,0,0,0,513.254,0,0,-422.719
"MtrElec",7,28,11,"",20.8611,0,0,0,0,0,0,0,0,0,0,0,0,0,0,0,0,0,0,0,0,561.195,0,0,-540.334
"MtrElec",7,28,12,"",0,0,0,0,0,0,0,0,0,0,0,0,0,0,0,0,0,0,0,0,0,550.624,0,50.6203,-601.244
"MtrElec",7,28,13,"",0,0,0,0,0,0,0,0,0,0,0,0,0,0,0,0,0,0,0,0,0,567.234,0,91.5685,-658.803
"MtrElec",7,28,14,"",0,0,0,0,0,0,0,0,0,0,0,0,0,0,0,0,0,0,0,0,0,523.818,0,138.561,-662.379
"MtrElec",7,28,15,"",0,0,0,0,0,0,0,0,0,0,0,0,0,0,0,0,0,0,0,0,0,486.527,0,131.336,-617.862
"MtrElec",7,28,16,"",0,0,0,0,0,0,0,0,0,0,0,0,0,0,0,0,0,0,0,0,0,499.53,0,36.588,-536.118
"MtrElec",7,28,17,"",131.961,0,0,0,0,0,0,0,0,0,0,0,0,0,0,0,0,0,0,0,0,544.117,0,0,-412.155
"MtrElec",7,28,18,"",315.929,0,0,0,0,0,0,0,0,0,0,0,0,0,0,0,0,0,0,0,0,567.76,0,0,-251.831
"MtrElec",7,28,19,"",199.308,0,0,0,0,0,0,0,0,0,0,0,0,0,0,0,0,0,0,0,0,509.839,0,-223.217,-87.3141
"MtrElec",7,28,20,"",333.02,0,0,0,0,0,0,0,0,0,0,0,0,0,0,0,0,0,0,0,0,524.651,0,-181.711,-9.91952
"MtrElec",7,28,21,"",502.731,0,0,0,0,0,0,0,0,0,0,0,0,0,0,0,0,0,0,0,0,502.731,0,0,0
"MtrElec",7,28,22,"",272.723,0,0,0,0,0,0,0,0,0,0,0,0,0,0,0,0,0,0,0,0,272.723,0,0,0
"MtrElec",7,28,23,"",265.871,0,0,0,0,0,0,0,0,0,0,0,0,0,0,0,0,0,0,0,0,265.871,0,0,0
"MtrElec",7,28,24,"",199.67,0,0,0,0,0,0,0,0,0,0,0,0,0,0,0,0,0,0,0,0,199.67,0,0,0
"MtrElec",7,29,1,"",174.14,0,0,0,0,0,0,0,0,0,0,0,0,0,0,0,0,0,0,0,0,174.14,0,0,0
"MtrElec",7,29,2,"",147.817,0,0,0,0,0,0,0,0,0,0,0,0,0,0,0,0,0,0,0,0,147.817,0,0,0
"MtrElec",7,29,3,"",175.872,0,0,0,0,0,0,0,0,0,0,0,0,0,0,0,0,0,0,0,0,175.872,0,0,0
"MtrElec",7,29,4,"",150.271,0,0,0,0,0,0,0,0,0,0,0,0,0,0,0,0,0,0,0,0,150.271,0,0,0
"MtrElec",7,29,5,"",140.876,0,0,0,0,0,0,0,0,0,0,0,0,0,0,0,0,0,0,0,0,140.876,0,0,0
"MtrElec",7,29,6,"",146.646,0,0,0,0,0,0,0,0,0,0,0,0,0,0,0,0,0,0,0,0,146.646,0,0,0
"MtrElec",7,29,7,"",264.476,0,0,0,0,0,0,0,0,0,0,0,0,0,0,0,0,0,0,0,0,276.985,0,0,-12.5093
"MtrElec",7,29,8,"",253.365,0,0,0,0,0,0,0,0,0,0,0,0,0,0,0,0,0,0,0,0,355.446,0,0,-102.081
"MtrElec",7,29,9,"",169.878,0,0,0,0,0,0,0,0,0,0,0,0,0,0,0,0,0,0,0,0,438.835,0,0,-268.957
"MtrElec",7,29,10,"",68.7819,0,0,0,0,0,0,0,0,0,0,0,0,0,0,0,0,0,0,0,0,494.829,0,0,-426.047
"MtrElec",7,29,11,"",0,0,0,0,0,0,0,0,0,0,0,0,0,0,0,0,0,0,0,0,0,512.456,0,37.0457,-549.501
"MtrElec",7,29,12,"",0,0,0,0,0,0,0,0,0,0,0,0,0,0,0,0,0,0,0,0,0,517.489,0,100.832,-618.32
"MtrElec",7,29,13,"",0,0,0,0,0,0,0,0,0,0,0,0,0,0,0,0,0,0,0,0,0,488.223,0,166.261,-654.483
"MtrElec",7,29,14,"",0,0,0,0,0,0,0,0,0,0,0,0,0,0,0,0,0,0,0,0,0,472.233,0,196.769,-669.003
"MtrElec",7,29,15,"",0,0,0,0,0,0,0,0,0,0,0,0,0,0,0,0,0,0,0,0,0,456.06,0,166.029,-622.089
"MtrElec",7,29,16,"",0,0,0,0,0,0,0,0,0,0,0,0,0,0,0,0,0,0,0,0,0,516.908,0,20.1878,-537.096
"MtrElec",7,29,17,"",119.391,0,0,0,0,0,0,0,0,0,0,0,0,0,0,0,0,0,0,0,0,531.526,0,0,-412.135
"MtrElec",7,29,18,"",301.206,0,0,0,0,0,0,0,0,0,0,0,0,0,0,0,0,0,0,0,0,552.773,0,0,-251.567
"MtrElec",7,29,19,"",228.414,0,0,0,0,0,0,0,0,0,0,0,0,0,0,0,0,0,0,0,0,538.333,0,-223.217,-86.7026
"MtrElec",7,29,20,"",264.705,0,0,0,0,0,0,0,0,0,0,0,0,0,0,0,0,0,0,0,0,496.705,0,-223.217,-8.78292
"MtrElec",7,29,21,"",342.981,0,0,0,0,0,0,0,0,0,0,0,0,0,0,0,0,0,0,0,0,516.676,0,-173.695,0
"MtrElec",7,29,22,"",296.917,0,0,0,0,0,0,0,0,0,0,0,0,0,0,0,0,0,0,0,0,296.917,0,0,0
"MtrElec",7,29,23,"",284.056,0,0,0,0,0,0,0,0,0,0,0,0,0,0,0,0,0,0,0,0,284.056,0,0,0
"MtrElec",7,29,24,"",206.283,0,0,0,0,0,0,0,0,0,0,0,0,0,0,0,0,0,0,0,0,206.283,0,0,0
"MtrElec",7,30,1,"",153.709,0,0,0,0,0,0,0,0,0,0,0,0,0,0,0,0,0,0,0,0,153.709,0,0,0
"MtrElec",7,30,2,"",164.08,0,0,0,0,0,0,0,0,0,0,0,0,0,0,0,0,0,0,0,0,164.08,0,0,0
"MtrElec",7,30,3,"",173.456,0,0,0,0,0,0,0,0,0,0,0,0,0,0,0,0,0,0,0,0,173.456,0,0,0
"MtrElec",7,30,4,"",151.749,0,0,0,0,0,0,0,0,0,0,0,0,0,0,0,0,0,0,0,0,151.749,0,0,0
"MtrElec",7,30,5,"",150.976,0,0,0,0,0,0,0,0,0,0,0,0,0,0,0,0,0,0,0,0,150.976,0,0,0
"MtrElec",7,30,6,"",183.954,0,0,0,0,0,0,0,0,0,0,0,0,0,0,0,0,0,0,0,0,183.954,0,0,0
"MtrElec",7,30,7,"",226.348,0,0,0,0,0,0,0,0,0,0,0,0,0,0,0,0,0,0,0,0,239.439,0,0,-13.0911
"MtrElec",7,30,8,"",252.056,0,0,0,0,0,0,0,0,0,0,0,0,0,0,0,0,0,0,0,0,354.439,0,0,-102.383
"MtrElec",7,30,9,"",142.942,0,0,0,0,0,0,0,0,0,0,0,0,0,0,0,0,0,0,0,0,411.879,0,0,-268.938
"MtrElec",7,30,10,"",44.5364,0,0,0,0,0,0,0,0,0,0,0,0,0,0,0,0,0,0,0,0,469.217,0,0,-424.681
"MtrElec",7,30,11,"",0,0,0,0,0,0,0,0,0,0,0,0,0,0,0,0,0,0,0,0,0,505.87,0,35.5195,-541.39
"MtrElec",7,30,12,"",0,0,0,0,0,0,0,0,0,0,0,0,0,0,0,0,0,0,0,0,0,465.3,0,155.043,-620.343
"MtrElec",7,30,13,"",0.0000078,0,0,0,0,0,0,0,0,0,0,0,0,0,0,0,0,0,0,0,0,551.19,0,113.849,-665.039
"MtrElec",7,30,14,"",0,0,0,0,0,0,0,0,0,0,0,0,0,0,0,0,0,0,0,0,0,487.741,0,172.022,-659.763
"MtrElec",7,30,15,"",0,0,0,0,0,0,0,0,0,0,0,0,0,0,0,0,0,0,0,0,0,491.785,0,128.685,-620.47
"MtrElec",7,30,16,"",0,0,0,0,0,0,0,0,0,0,0,0,0,0,0,0,0,0,0,0,0,518.857,0,18.3019,-537.159
"MtrElec",7,30,17,"",97.6513,0,0,0,0,0,0,0,0,0,0,0,0,0,0,0,0,0,0,0,0,510.541,0,0,-412.89
"MtrElec",7,30,18,"",305.265,0,0,0,0,0,0,0,0,0,0,0,0,0,0,0,0,0,0,0,0,558.356,0,0,-253.091
"MtrElec",7,30,19,"",250.383,0,0,0,0,0,0,0,0,0,0,0,0,0,0,0,0,0,0,0,0,560.881,0,-223.217,-87.2806
"MtrElec",7,30,20,"",240.527,0,0,0,0,0,0,0,0,0,0,0,0,0,0,0,0,0,0,0,0,473.738,0,-223.217,-9.99416
"MtrElec",7,30,21,"",309.652,0,0,0,0,0,0,0,0,0,0,0,0,0,0,0,0,0,0,0,0,425.856,0,-116.203,0
"MtrElec",7,30,22,"",314.642,0,0,0,0,0,0,0,0,0,0,0,0,0,0,0,0,0,0,0,0,314.642,0,0,0
"MtrElec",7,30,23,"",280.37,0,0,0,0,0,0,0,0,0,0,0,0,0,0,0,0,0,0,0,0,280.37,0,0,0
"MtrElec",7,30,24,"",221.014,0,0,0,0,0,0,0,0,0,0,0,0,0,0,0,0,0,0,0,0,221.014,0,0,0
"MtrElec",7,31,1,"",170.013,0,0,0,0,0,0,0,0,0,0,0,0,0,0,0,0,0,0,0,0,170.013,0,0,0
"MtrElec",7,31,2,"",153.163,0,0,0,0,0,0,0,0,0,0,0,0,0,0,0,0,0,0,0,0,153.163,0,0,0
"MtrElec",7,31,3,"",146.435,0,0,0,0,0,0,0,0,0,0,0,0,0,0,0,0,0,0,0,0,146.435,0,0,0
"MtrElec",7,31,4,"",146.615,0,0,0,0,0,0,0,0,0,0,0,0,0,0,0,0,0,0,0,0,146.615,0,0,0
"MtrElec",7,31,5,"",176.126,0,0,0,0,0,0,0,0,0,0,0,0,0,0,0,0,0,0,0,0,176.126,0,0,0
"MtrElec",7,31,6,"",153.889,0,0,0,0,0,0,0,0,0,0,0,0,0,0,0,0,0,0,0,0,153.889,0,0,0
"MtrElec",7,31,7,"",225.455,0,0,0,0,0,0,0,0,0,0,0,0,0,0,0,0,0,0,0,0,238.214,0,0,-12.7592
"MtrElec",7,31,8,"",244.254,0,0,0,0,0,0,0,0,0,0,0,0,0,0,0,0,0,0,0,0,325.054,0,0,-80.8
"MtrElec",7,31,9,"",198.334,0,0,0,0,0,0,0,0,0,0,0,0,0,0,0,0,0,0,0,0,364.771,0,0,-166.438
"MtrElec",7,31,10,"",188.856,0,0,0,0,0,0,0,0,0,0,0,0,0,0,0,0,0,0,0,0,473.257,0,0,-284.401
"MtrElec",7,31,11,"",7.35997,0,0,0,0,0,0,0,0,0,0,0,0,0,0,0,0,0,0,0,0,502.888,0,0,-495.528
"MtrElec",7,31,12,"",0.0000078,0,0,0,0,0,0,0,0,0,0,0,0,0,0,0,0,0,0,0,0,520.942,0,83.8737,-604.815
"MtrElec",7,31,13,"",0,0,0,0,0,0,0,0,0,0,0,0,0,0,0,0,0,0,0,0,0,543.871,0,93.4469,-637.318
"MtrElec",7,31,14,"",0,0,0,0,0,0,0,0,0,0,0,0,0,0,0,0,0,0,0,0,0,484.401,0,158.459,-642.86
"MtrElec",7,31,15,"",0,0,0,0,0,0,0,0,0,0,0,0,0,0,0,0,0,0,0,0,0,475.543,0,129.7,-605.243
"MtrElec",7,31,16,"",0,0,0,0,0,0,0,0,0,0,0,0,0,0,0,0,0,0,0,0,0,507.573,0,11.9417,-519.515
"MtrElec",7,31,17,"",112.507,0,0,0,0,0,0,0,0,0,0,0,0,0,0,0,0,0,0,0,0,505.744,0,0,-393.237
"MtrElec",7,31,18,"",306.68,0,0,0,0,0,0,0,0,0,0,0,0,0,0,0,0,0,0,0,0,552.521,0,0,-245.841
"MtrElec",7,31,19,"",208.579,0,0,0,0,0,0,0,0,0,0,0,0,0,0,0,0,0,0,0,0,519.307,0,-223.217,-87.5112
"MtrElec",7,31,20,"",267.961,0,0,0,0,0,0,0,0,0,0,0,0,0,0,0,0,0,0,0,0,485.592,0,-207.655,-9.97592
"MtrElec",7,31,21,"",459.489,0,0,0,0,0,0,0,0,0,0,0,0,0,0,0,0,0,0,0,0,459.489,0,0,0
"MtrElec",7,31,22,"",338.672,0,0,0,0,0,0,0,0,0,0,0,0,0,0,0,0,0,0,0,0,338.672,0,0,0
"MtrElec",7,31,23,"",279.921,0,0,0,0,0,0,0,0,0,0,0,0,0,0,0,0,0,0,0,0,279.921,0,0,0
"MtrElec",7,31,24,"",268.844,0,0,0,0,0,0,0,0,0,0,0,0,0,0,0,0,0,0,0,0,268.844,0,0,0
"MtrElec",8,1,1,"",158.08,0,0,0,0,0,0,0,0,0,0,0,0,0,0,0,0,0,0,0,0,158.08,0,0,0
"MtrElec",8,1,2,"",151.672,0,0,0,0,0,0,0,0,0,0,0,0,0,0,0,0,0,0,0,0,151.672,0,0,0
"MtrElec",8,1,3,"",148.753,0,0,0,0,0,0,0,0,0,0,0,0,0,0,0,0,0,0,0,0,148.753,0,0,0
"MtrElec",8,1,4,"",149.498,0,0,0,0,0,0,0,0,0,0,0,0,0,0,0,0,0,0,0,0,149.498,0,0,0
"MtrElec",8,1,5,"",165.476,0,0,0,0,0,0,0,0,0,0,0,0,0,0,0,0,0,0,0,0,165.476,0,0,0
"MtrElec",8,1,6,"",150.291,0,0,0,0,0,0,0,0,0,0,0,0,0,0,0,0,0,0,0,0,150.291,0,0,0
"MtrElec",8,1,7,"",208.342,0,0,0,0,0,0,0,0,0,0,0,0,0,0,0,0,0,0,0,0,221.834,0,0,-13.4917
"MtrElec",8,1,8,"",138.025,0,0,0,0,0,0,0,0,0,0,0,0,0,0,0,0,0,0,0,0,222.507,0,0,-84.4828
"MtrElec",8,1,9,"",132.269,0,0,0,0,0,0,0,0,0,0,0,0,0,0,0,0,0,0,0,0,316.356,0,0,-184.086
"MtrElec",8,1,10,"",26.2429,0,0,0,0,0,0,0,0,0,0,0,0,0,0,0,0,0,0,0,0,426.985,0,0,-400.742
"MtrElec",8,1,11,"",25.2653,0,0,0,0,0,0,0,0,0,0,0,0,0,0,0,0,0,0,0,0,564.965,0,0,-539.7
"MtrElec",8,1,12,"",0,0,0,0,0,0,0,0,0,0,0,0,0,0,0,0,0,0,0,0,0,599.359,0,13.1191,-612.479
"MtrElec",8,1,13,"",0.0000078,0,0,0,0,0,0,0,0,0,0,0,0,0,0,0,0,0,0,0,0,582.039,0,85.4933,-667.533
"MtrElec",8,1,14,"",0,0,0,0,0,0,0,0,0,0,0,0,0,0,0,0,0,0,0,0,0,508.344,0,174.717,-683.061
"MtrElec",8,1,15,"",0.0000078,0,0,0,0,0,0,0,0,0,0,0,0,0,0,0,0,0,0,0,0,534.147,0,104.836,-638.982
"MtrElec",8,1,16,"",0,0,0,0,0,0,0,0,0,0,0,0,0,0,0,0,0,0,0,0,0,530.786,0,22.3743,-553.16
"MtrElec",8,1,17,"",73.5956,0,0,0,0,0,0,0,0,0,0,0,0,0,0,0,0,0,0,0,0,503.205,0,0,-429.61
"MtrElec",8,1,18,"",263.591,0,0,0,0,0,0,0,0,0,0,0,0,0,0,0,0,0,0,0,0,526.722,0,0,-263.131
"MtrElec",8,1,19,"",208.593,0,0,0,0,0,0,0,0,0,0,0,0,0,0,0,0,0,0,0,0,520.092,0,-223.217,-88.282
"MtrElec",8,1,20,"",270.275,0,0,0,0,0,0,0,0,0,0,0,0,0,0,0,0,0,0,0,0,417.045,0,-138.27,-8.50102
"MtrElec",8,1,21,"",320.64,0,0,0,0,0,0,0,0,0,0,0,0,0,0,0,0,0,0,0,0,320.64,0,0,0
"MtrElec",8,1,22,"",322.975,0,0,0,0,0,0,0,0,0,0,0,0,0,0,0,0,0,0,0,0,322.975,0,0,0
"MtrElec",8,1,23,"",228.407,0,0,0,0,0,0,0,0,0,0,0,0,0,0,0,0,0,0,0,0,228.407,0,0,0
"MtrElec",8,1,24,"",186.321,0,0,0,0,0,0,0,0,0,0,0,0,0,0,0,0,0,0,0,0,186.321,0,0,0
"MtrElec",8,2,1,"",159.217,0,0,0,0,0,0,0,0,0,0,0,0,0,0,0,0,0,0,0,0,159.217,0,0,0
"MtrElec",8,2,2,"",147.547,0,0,0,0,0,0,0,0,0,0,0,0,0,0,0,0,0,0,0,0,147.547,0,0,0
"MtrElec",8,2,3,"",148.262,0,0,0,0,0,0,0,0,0,0,0,0,0,0,0,0,0,0,0,0,148.262,0,0,0
"MtrElec",8,2,4,"",147.058,0,0,0,0,0,0,0,0,0,0,0,0,0,0,0,0,0,0,0,0,147.058,0,0,0
"MtrElec",8,2,5,"",182.303,0,0,0,0,0,0,0,0,0,0,0,0,0,0,0,0,0,0,0,0,182.303,0,0,0
"MtrElec",8,2,6,"",151.833,0,0,0,0,0,0,0,0,0,0,0,0,0,0,0,0,0,0,0,0,151.833,0,0,0
"MtrElec",8,2,7,"",143.609,0,0,0,0,0,0,0,0,0,0,0,0,0,0,0,0,0,0,0,0,154.126,0,0,-10.5166
"MtrElec",8,2,8,"",166.648,0,0,0,0,0,0,0,0,0,0,0,0,0,0,0,0,0,0,0,0,237.804,0,0,-71.1552
"MtrElec",8,2,9,"",110.618,0,0,0,0,0,0,0,0,0,0,0,0,0,0,0,0,0,0,0,0,264.004,0,0,-153.386
"MtrElec",8,2,10,"",-10.8302,0,0,0,0,0,0,0,0,0,0,0,0,0,0,0,0,0,0,0,0,327.99,0,0,-338.82
"MtrElec",8,2,11,"",0,0,0,0,0,0,0,0,0,0,0,0,0,0,0,0,0,0,0,0,0,401.032,0,153.478,-554.51
"MtrElec",8,2,12,"",0.0000078,0,0,0,0,0,0,0,0,0,0,0,0,0,0,0,0,0,0,0,0,501.608,0,126.236,-627.844
"MtrElec",8,2,13,"",-6.20303,0,0,0,0,0,0,0,0,0,0,0,0,0,0,0,0,0,0,0,0,439.705,0,223.217,-669.125
"MtrElec",8,2,14,"",-16.9023,0,0,0,0,0,0,0,0,0,0,0,0,0,0,0,0,0,0,0,0,438.252,0,223.217,-678.371
"MtrElec",8,2,15,"",-89.5264,0,0,0,0,0,0,0,0,0,0,0,0,0,0,0,0,0,0,0,0,475.434,0,72.734,-637.694
"MtrElec",8,2,16,"",-145.471,0,0,0,0,0,0,0,0,0,0,0,0,0,0,0,0,0,0,0,0,407.833,0,0,-553.304
"MtrElec",8,2,17,"",21.8617,0,0,0,0,0,0,0,0,0,0,0,0,0,0,0,0,0,0,0,0,447.949,0,0,-426.087
"MtrElec",8,2,18,"",185.777,0,0,0,0,0,0,0,0,0,0,0,0,0,0,0,0,0,0,0,0,443.418,0,0,-257.641
"MtrElec",8,2,19,"",144.438,0,0,0,0,0,0,0,0,0,0,0,0,0,0,0,0,0,0,0,0,454.801,0,-223.217,-87.1461
"MtrElec",8,2,20,"",130.63,0,0,0,0,0,0,0,0,0,0,0,0,0,0,0,0,0,0,0,0,362.803,0,-223.217,-8.95628
"MtrElec",8,2,21,"",118.396,0,0,0,0,0,0,0,0,0,0,0,0,0,0,0,0,0,0,0,0,341.613,0,-223.217,0
"MtrElec",8,2,22,"",294.696,0,0,0,0,0,0,0,0,0,0,0,0,0,0,0,0,0,0,0,0,346.035,0,-51.3398,0
"MtrElec",8,2,23,"",209.454,0,0,0,0,0,0,0,0,0,0,0,0,0,0,0,0,0,0,0,0,209.454,0,0,0
"MtrElec",8,2,24,"",213.671,0,0,0,0,0,0,0,0,0,0,0,0,0,0,0,0,0,0,0,0,213.671,0,0,0
"MtrElec",8,3,1,"",165.254,0,0,0,0,0,0,0,0,0,0,0,0,0,0,0,0,0,0,0,0,165.254,0,0,0
"MtrElec",8,3,2,"",148.307,0,0,0,0,0,0,0,0,0,0,0,0,0,0,0,0,0,0,0,0,148.307,0,0,0
"MtrElec",8,3,3,"",144.473,0,0,0,0,0,0,0,0,0,0,0,0,0,0,0,0,0,0,0,0,144.473,0,0,0
"MtrElec",8,3,4,"",146.766,0,0,0,0,0,0,0,0,0,0,0,0,0,0,0,0,0,0,0,0,146.766,0,0,0
"MtrElec",8,3,5,"",144.228,0,0,0,0,0,0,0,0,0,0,0,0,0,0,0,0,0,0,0,0,144.228,0,0,0
"MtrElec",8,3,6,"",194.306,0,0,0,0,0,0,0,0,0,0,0,0,0,0,0,0,0,0,0,0,194.306,0,0,0
"MtrElec",8,3,7,"",198.809,0,0,0,0,0,0,0,0,0,0,0,0,0,0,0,0,0,0,0,0,209.338,0,0,-10.5284
"MtrElec",8,3,8,"",207.149,0,0,0,0,0,0,0,0,0,0,0,0,0,0,0,0,0,0,0,0,307.603,0,0,-100.453
"MtrElec",8,3,9,"",87.9178,0,0,0,0,0,0,0,0,0,0,0,0,0,0,0,0,0,0,0,0,356.739,0,0,-268.821
"MtrElec",8,3,10,"",40.2661,0,0,0,0,0,0,0,0,0,0,0,0,0,0,0,0,0,0,0,0,470.742,0,0,-430.476
"MtrElec",8,3,11,"",0,0,0,0,0,0,0,0,0,0,0,0,0,0,0,0,0,0,0,0,0,514.213,0,40.6353,-554.848
"MtrElec",8,3,12,"",0,0,0,0,0,0,0,0,0,0,0,0,0,0,0,0,0,0,0,0,0,522.46,0,112.808,-635.268
"MtrElec",8,3,13,"",0,0,0,0,0,0,0,0,0,0,0,0,0,0,0,0,0,0,0,0,0,551.446,0,129.007,-680.454
"MtrElec",8,3,14,"",0,0,0,0,0,0,0,0,0,0,0,0,0,0,0,0,0,0,0,0,0,462.857,0,215.451,-678.308
"MtrElec",8,3,15,"",0,0,0,0,0,0,0,0,0,0,0,0,0,0,0,0,0,0,0,0,0,497.128,0,136.05,-633.178
"MtrElec",8,3,16,"",0.0000039,0,0,0,0,0,0,0,0,0,0,0,0,0,0,0,0,0,0,0,0,501.608,0,45.1934,-546.802
"MtrElec",8,3,17,"",132.736,0,0,0,0,0,0,0,0,0,0,0,0,0,0,0,0,0,0,0,0,551.009,0,0,-418.274
"MtrElec",8,3,18,"",293.302,0,0,0,0,0,0,0,0,0,0,0,0,0,0,0,0,0,0,0,0,545.99,0,0,-252.688
"MtrElec",8,3,19,"",190.691,0,0,0,0,0,0,0,0,0,0,0,0,0,0,0,0,0,0,0,0,498.633,0,-223.217,-84.7256
"MtrElec",8,3,20,"",291.845,0,0,0,0,0,0,0,0,0,0,0,0,0,0,0,0,0,0,0,0,523.299,0,-223.217,-8.23797
"MtrElec",8,3,21,"",278.595,0,0,0,0,0,0,0,0,0,0,0,0,0,0,0,0,0,0,0,0,445.09,0,-166.495,0
"MtrElec",8,3,22,"",321.033,0,0,0,0,0,0,0,0,0,0,0,0,0,0,0,0,0,0,0,0,321.033,0,0,0
"MtrElec",8,3,23,"",245.232,0,0,0,0,0,0,0,0,0,0,0,0,0,0,0,0,0,0,0,0,245.232,0,0,0
"MtrElec",8,3,24,"",206.528,0,0,0,0,0,0,0,0,0,0,0,0,0,0,0,0,0,0,0,0,206.528,0,0,0
"MtrElec",8,4,1,"",172.063,0,0,0,0,0,0,0,0,0,0,0,0,0,0,0,0,0,0,0,0,172.063,0,0,0
"MtrElec",8,4,2,"",151.542,0,0,0,0,0,0,0,0,0,0,0,0,0,0,0,0,0,0,0,0,151.542,0,0,0
"MtrElec",8,4,3,"",146.832,0,0,0,0,0,0,0,0,0,0,0,0,0,0,0,0,0,0,0,0,146.832,0,0,0
"MtrElec",8,4,4,"",147.694,0,0,0,0,0,0,0,0,0,0,0,0,0,0,0,0,0,0,0,0,147.694,0,0,0
"MtrElec",8,4,5,"",139.218,0,0,0,0,0,0,0,0,0,0,0,0,0,0,0,0,0,0,0,0,139.218,0,0,0
"MtrElec",8,4,6,"",181.63,0,0,0,0,0,0,0,0,0,0,0,0,0,0,0,0,0,0,0,0,181.63,0,0,0
"MtrElec",8,4,7,"",254.235,0,0,0,0,0,0,0,0,0,0,0,0,0,0,0,0,0,0,0,0,265.473,0,0,-11.2376
"MtrElec",8,4,8,"",217.227,0,0,0,0,0,0,0,0,0,0,0,0,0,0,0,0,0,0,0,0,317.425,0,0,-100.199
"MtrElec",8,4,9,"",114.302,0,0,0,0,0,0,0,0,0,0,0,0,0,0,0,0,0,0,0,0,379.556,0,0,-265.255
"MtrElec",8,4,10,"",68.4327,0,0,0,0,0,0,0,0,0,0,0,0,0,0,0,0,0,0,0,0,485.039,0,0,-416.606
"MtrElec",8,4,11,"",0,0,0,0,0,0,0,0,0,0,0,0,0,0,0,0,0,0,0,0,0,481.368,0,64.4766,-545.844
"MtrElec",8,4,12,"",0,0,0,0,0,0,0,0,0,0,0,0,0,0,0,0,0,0,0,0,0,482.797,0,145.668,-628.465
"MtrElec",8,4,13,"",0.0000156,0,0,0,0,0,0,0,0,0,0,0,0,0,0,0,0,0,0,0,0,525.203,0,142.684,-667.888
"MtrElec",8,4,14,"",0.0000156,0,0,0,0,0,0,0,0,0,0,0,0,0,0,0,0,0,0,0,0,485.261,0,183.668,-668.929
"MtrElec",8,4,15,"",0,0,0,0,0,0,0,0,0,0,0,0,0,0,0,0,0,0,0,0,0,465.542,0,157.219,-622.761
"MtrElec",8,4,16,"",0,0,0,0,0,0,0,0,0,0,0,0,0,0,0,0,0,0,0,0,0,504.048,0,29.611,-533.659
"MtrElec",8,4,17,"",113.209,0,0,0,0,0,0,0,0,0,0,0,0,0,0,0,0,0,0,0,0,519.171,0,0,-405.961
"MtrElec",8,4,18,"",276.995,0,0,0,0,0,0,0,0,0,0,0,0,0,0,0,0,0,0,0,0,521.689,0,0,-244.694
"MtrElec",8,4,19,"",240.471,0,0,0,0,0,0,0,0,0,0,0,0,0,0,0,0,0,0,0,0,542.029,0,-223.217,-78.3407
"MtrElec",8,4,20,"",248.04,0,0,0,0,0,0,0,0,0,0,0,0,0,0,0,0,0,0,0,0,481.231,0,-223.217,-9.9745
"MtrElec",8,4,21,"",253.39,0,0,0,0,0,0,0,0,0,0,0,0,0,0,0,0,0,0,0,0,459.759,0,-206.368,0
"MtrElec",8,4,22,"",318.502,0,0,0,0,0,0,0,0,0,0,0,0,0,0,0,0,0,0,0,0,318.502,0,0,0
"MtrElec",8,4,23,"",244.069,0,0,0,0,0,0,0,0,0,0,0,0,0,0,0,0,0,0,0,0,244.069,0,0,0
"MtrElec",8,4,24,"",222.876,0,0,0,0,0,0,0,0,0,0,0,0,0,0,0,0,0,0,0,0,222.876,0,0,0
"MtrElec",8,5,1,"",161.605,0,0,0,0,0,0,0,0,0,0,0,0,0,0,0,0,0,0,0,0,161.605,0,0,0
"MtrElec",8,5,2,"",152.357,0,0,0,0,0,0,0,0,0,0,0,0,0,0,0,0,0,0,0,0,152.357,0,0,0
"MtrElec",8,5,3,"",147.618,0,0,0,0,0,0,0,0,0,0,0,0,0,0,0,0,0,0,0,0,147.618,0,0,0
"MtrElec",8,5,4,"",146.609,0,0,0,0,0,0,0,0,0,0,0,0,0,0,0,0,0,0,0,0,146.609,0,0,0
"MtrElec",8,5,5,"",141.626,0,0,0,0,0,0,0,0,0,0,0,0,0,0,0,0,0,0,0,0,141.626,0,0,0
"MtrElec",8,5,6,"",165.96,0,0,0,0,0,0,0,0,0,0,0,0,0,0,0,0,0,0,0,0,165.96,0,0,0
"MtrElec",8,5,7,"",242.757,0,0,0,0,0,0,0,0,0,0,0,0,0,0,0,0,0,0,0,0,255.532,0,0,-12.775
"MtrElec",8,5,8,"",224.951,0,0,0,0,0,0,0,0,0,0,0,0,0,0,0,0,0,0,0,0,317.461,0,0,-92.5102
"MtrElec",8,5,9,"",155.157,0,0,0,0,0,0,0,0,0,0,0,0,0,0,0,0,0,0,0,0,370.139,0,0,-214.981
"MtrElec",8,5,10,"",60.2826,0,0,0,0,0,0,0,0,0,0,0,0,0,0,0,0,0,0,0,0,467.965,0,0,-407.682
"MtrElec",8,5,11,"",0,0,0,0,0,0,0,0,0,0,0,0,0,0,0,0,0,0,0,0,0,505.362,0,15.4296,-520.791
"MtrElec",8,5,12,"",0.0000078,0,0,0,0,0,0,0,0,0,0,0,0,0,0,0,0,0,0,0,0,508.074,0,99.5979,-607.672
"MtrElec",8,5,13,"",0,0,0,0,0,0,0,0,0,0,0,0,0,0,0,0,0,0,0,0,0,581.166,0,73.8507,-655.017
"MtrElec",8,5,14,"",0,0,0,0,0,0,0,0,0,0,0,0,0,0,0,0,0,0,0,0,0,456.937,0,201.187,-658.123
"MtrElec",8,5,15,"",0,0,0,0,0,0,0,0,0,0,0,0,0,0,0,0,0,0,0,0,0,476.898,0,137.899,-614.797
"MtrElec",8,5,16,"",0,0,0,0,0,0,0,0,0,0,0,0,0,0,0,0,0,0,0,0,0,501.387,0,21.3789,-522.766
"MtrElec",8,5,17,"",163.452,0,0,0,0,0,0,0,0,0,0,0,0,0,0,0,0,0,0,0,0,557.202,0,0,-393.75
"MtrElec",8,5,18,"",292.066,0,0,0,0,0,0,0,0,0,0,0,0,0,0,0,0,0,0,0,0,527.756,0,0,-235.69
"MtrElec",8,5,19,"",246.627,0,0,0,0,0,0,0,0,0,0,0,0,0,0,0,0,0,0,0,0,553.453,0,-223.217,-83.6083
"MtrElec",8,5,20,"",249.143,0,0,0,0,0,0,0,0,0,0,0,0,0,0,0,0,0,0,0,0,482.483,0,-223.217,-10.1235
"MtrElec",8,5,21,"",406.48,0,0,0,0,0,0,0,0,0,0,0,0,0,0,0,0,0,0,0,0,455.828,0,-49.3481,0
"MtrElec",8,5,22,"",328.789,0,0,0,0,0,0,0,0,0,0,0,0,0,0,0,0,0,0,0,0,328.789,0,0,0
"MtrElec",8,5,23,"",250.424,0,0,0,0,0,0,0,0,0,0,0,0,0,0,0,0,0,0,0,0,250.424,0,0,0
"MtrElec",8,5,24,"",217.871,0,0,0,0,0,0,0,0,0,0,0,0,0,0,0,0,0,0,0,0,217.871,0,0,0
"MtrElec",8,6,1,"",163.939,0,0,0,0,0,0,0,0,0,0,0,0,0,0,0,0,0,0,0,0,163.939,0,0,0
"MtrElec",8,6,2,"",153.054,0,0,0,0,0,0,0,0,0,0,0,0,0,0,0,0,0,0,0,0,153.054,0,0,0
"MtrElec",8,6,3,"",148.466,0,0,0,0,0,0,0,0,0,0,0,0,0,0,0,0,0,0,0,0,148.466,0,0,0
"MtrElec",8,6,4,"",145.733,0,0,0,0,0,0,0,0,0,0,0,0,0,0,0,0,0,0,0,0,145.733,0,0,0
"MtrElec",8,6,5,"",148.781,0,0,0,0,0,0,0,0,0,0,0,0,0,0,0,0,0,0,0,0,148.781,0,0,0
"MtrElec",8,6,6,"",173.503,0,0,0,0,0,0,0,0,0,0,0,0,0,0,0,0,0,0,0,0,173.503,0,0,0
"MtrElec",8,6,7,"",252.48,0,0,0,0,0,0,0,0,0,0,0,0,0,0,0,0,0,0,0,0,264.012,0,0,-11.5323
"MtrElec",8,6,8,"",177.452,0,0,0,0,0,0,0,0,0,0,0,0,0,0,0,0,0,0,0,0,276.692,0,0,-99.2393
"MtrElec",8,6,9,"",123.469,0,0,0,0,0,0,0,0,0,0,0,0,0,0,0,0,0,0,0,0,375.199,0,0,-251.73
"MtrElec",8,6,10,"",34.0428,0,0,0,0,0,0,0,0,0,0,0,0,0,0,0,0,0,0,0,0,438.334,0,0,-404.291
"MtrElec",8,6,11,"",0.0000039,0,0,0,0,0,0,0,0,0,0,0,0,0,0,0,0,0,0,0,0,487.168,0,42.2321,-529.4
"MtrElec",8,6,12,"",0,0,0,0,0,0,0,0,0,0,0,0,0,0,0,0,0,0,0,0,0,524.661,0,88.7634,-613.424
"MtrElec",8,6,13,"",0.0000156,0,0,0,0,0,0,0,0,0,0,0,0,0,0,0,0,0,0,0,0,478.375,0,173.465,-651.84
"MtrElec",8,6,14,"",0,0,0,0,0,0,0,0,0,0,0,0,0,0,0,0,0,0,0,0,0,503.352,0,150.105,-653.457
"MtrElec",8,6,15,"",0,0,0,0,0,0,0,0,0,0,0,0,0,0,0,0,0,0,0,0,0,462.355,0,147.08,-609.436
"MtrElec",8,6,16,"",0.0000001,0,0,0,0,0,0,0,0,0,0,0,0,0,0,0,0,0,0,0,0,522.324,0,1.49016,-523.814
"MtrElec",8,6,17,"",133.3,0,0,0,0,0,0,0,0,0,0,0,0,0,0,0,0,0,0,0,0,529.629,0,0,-396.329
"MtrElec",8,6,18,"",301.907,0,0,0,0,0,0,0,0,0,0,0,0,0,0,0,0,0,0,0,0,538.558,0,0,-236.651
"MtrElec",8,6,19,"",227.456,0,0,0,0,0,0,0,0,0,0,0,0,0,0,0,0,0,0,0,0,528.622,0,-223.217,-77.9494
"MtrElec",8,6,20,"",260.378,0,0,0,0,0,0,0,0,0,0,0,0,0,0,0,0,0,0,0,0,491.833,0,-223.217,-8.23734
"MtrElec",8,6,21,"",361.337,0,0,0,0,0,0,0,0,0,0,0,0,0,0,0,0,0,0,0,0,459.233,0,-97.8963,0
"MtrElec",8,6,22,"",311.786,0,0,0,0,0,0,0,0,0,0,0,0,0,0,0,0,0,0,0,0,311.786,0,0,0
"MtrElec",8,6,23,"",289.859,0,0,0,0,0,0,0,0,0,0,0,0,0,0,0,0,0,0,0,0,289.859,0,0,0
"MtrElec",8,6,24,"",201.899,0,0,0,0,0,0,0,0,0,0,0,0,0,0,0,0,0,0,0,0,201.899,0,0,0
"MtrElec",8,7,1,"",168.285,0,0,0,0,0,0,0,0,0,0,0,0,0,0,0,0,0,0,0,0,168.285,0,0,0
"MtrElec",8,7,2,"",155.946,0,0,0,0,0,0,0,0,0,0,0,0,0,0,0,0,0,0,0,0,155.946,0,0,0
"MtrElec",8,7,3,"",146.73,0,0,0,0,0,0,0,0,0,0,0,0,0,0,0,0,0,0,0,0,146.73,0,0,0
"MtrElec",8,7,4,"",145.904,0,0,0,0,0,0,0,0,0,0,0,0,0,0,0,0,0,0,0,0,145.904,0,0,0
"MtrElec",8,7,5,"",173.396,0,0,0,0,0,0,0,0,0,0,0,0,0,0,0,0,0,0,0,0,173.396,0,0,0
"MtrElec",8,7,6,"",150.632,0,0,0,0,0,0,0,0,0,0,0,0,0,0,0,0,0,0,0,0,150.632,0,0,0
"MtrElec",8,7,7,"",227.367,0,0,0,0,0,0,0,0,0,0,0,0,0,0,0,0,0,0,0,0,238.882,0,0,-11.5149
"MtrElec",8,7,8,"",203.954,0,0,0,0,0,0,0,0,0,0,0,0,0,0,0,0,0,0,0,0,302.222,0,0,-98.2687
"MtrElec",8,7,9,"",92.6384,0,0,0,0,0,0,0,0,0,0,0,0,0,0,0,0,0,0,0,0,348.236,0,0,-255.598
"MtrElec",8,7,10,"",35.6813,0,0,0,0,0,0,0,0,0,0,0,0,0,0,0,0,0,0,0,0,444.994,0,0,-409.313
"MtrElec",8,7,11,"",0,0,0,0,0,0,0,0,0,0,0,0,0,0,0,0,0,0,0,0,0,506.665,0,29.5222,-536.187
"MtrElec",8,7,12,"",0,0,0,0,0,0,0,0,0,0,0,0,0,0,0,0,0,0,0,0,0,503.973,0,121.814,-625.787
"MtrElec",8,7,13,"",0.0000156,0,0,0,0,0,0,0,0,0,0,0,0,0,0,0,0,0,0,0,0,487.383,0,172.437,-659.82
"MtrElec",8,7,14,"",0.0000156,0,0,0,0,0,0,0,0,0,0,0,0,0,0,0,0,0,0,0,0,471.298,0,187.312,-658.61
"MtrElec",8,7,15,"",0,0,0,0,0,0,0,0,0,0,0,0,0,0,0,0,0,0,0,0,0,471.909,0,146.615,-618.524
"MtrElec",8,7,16,"",0.0000039,0,0,0,0,0,0,0,0,0,0,0,0,0,0,0,0,0,0,0,0,491.232,0,36.8526,-528.085
"MtrElec",8,7,17,"",106.301,0,0,0,0,0,0,0,0,0,0,0,0,0,0,0,0,0,0,0,0,505.86,0,0,-399.559
"MtrElec",8,7,18,"",288.068,0,0,0,0,0,0,0,0,0,0,0,0,0,0,0,0,0,0,0,0,528.264,0,0,-240.196
"MtrElec",8,7,19,"",219.388,0,0,0,0,0,0,0,0,0,0,0,0,0,0,0,0,0,0,0,0,523.146,0,-223.217,-80.541
"MtrElec",8,7,20,"",233.981,0,0,0,0,0,0,0,0,0,0,0,0,0,0,0,0,0,0,0,0,464.259,0,-223.217,-7.0613
"MtrElec",8,7,21,"",279.628,0,0,0,0,0,0,0,0,0,0,0,0,0,0,0,0,0,0,0,0,460.028,0,-180.4,0
"MtrElec",8,7,22,"",297.729,0,0,0,0,0,0,0,0,0,0,0,0,0,0,0,0,0,0,0,0,297.729,0,0,0
"MtrElec",8,7,23,"",248.455,0,0,0,0,0,0,0,0,0,0,0,0,0,0,0,0,0,0,0,0,248.455,0,0,0
"MtrElec",8,7,24,"",191.703,0,0,0,0,0,0,0,0,0,0,0,0,0,0,0,0,0,0,0,0,191.703,0,0,0
"MtrElec",8,8,1,"",195.466,0,0,0,0,0,0,0,0,0,0,0,0,0,0,0,0,0,0,0,0,195.466,0,0,0
"MtrElec",8,8,2,"",153.779,0,0,0,0,0,0,0,0,0,0,0,0,0,0,0,0,0,0,0,0,153.779,0,0,0
"MtrElec",8,8,3,"",150.743,0,0,0,0,0,0,0,0,0,0,0,0,0,0,0,0,0,0,0,0,150.743,0,0,0
"MtrElec",8,8,4,"",147.709,0,0,0,0,0,0,0,0,0,0,0,0,0,0,0,0,0,0,0,0,147.709,0,0,0
"MtrElec",8,8,5,"",149.54,0,0,0,0,0,0,0,0,0,0,0,0,0,0,0,0,0,0,0,0,149.54,0,0,0
"MtrElec",8,8,6,"",146.384,0,0,0,0,0,0,0,0,0,0,0,0,0,0,0,0,0,0,0,0,146.384,0,0,0
"MtrElec",8,8,7,"",198.631,0,0,0,0,0,0,0,0,0,0,0,0,0,0,0,0,0,0,0,0,207.878,0,0,-9.24671
"MtrElec",8,8,8,"",156.276,0,0,0,0,0,0,0,0,0,0,0,0,0,0,0,0,0,0,0,0,252.593,0,0,-96.3165
"MtrElec",8,8,9,"",76.3578,0,0,0,0,0,0,0,0,0,0,0,0,0,0,0,0,0,0,0,0,340.001,0,0,-263.643
"MtrElec",8,8,10,"",15.5141,0,0,0,0,0,0,0,0,0,0,0,0,0,0,0,0,0,0,0,0,428.531,0,0,-413.017
"MtrElec",8,8,11,"",0,0,0,0,0,0,0,0,0,0,0,0,0,0,0,0,0,0,0,0,0,520.795,0,12.8694,-533.664
"MtrElec",8,8,12,"",0.0000039,0,0,0,0,0,0,0,0,0,0,0,0,0,0,0,0,0,0,0,0,567.811,0,34.5213,-602.332
"MtrElec",8,8,13,"",0.0000039,0,0,0,0,0,0,0,0,0,0,0,0,0,0,0,0,0,0,0,0,552.354,0,40.9133,-593.267
"MtrElec",8,8,14,"",0.0000078,0,0,0,0,0,0,0,0,0,0,0,0,0,0,0,0,0,0,0,0,522.358,0,80.3061,-602.664
"MtrElec",8,8,15,"",0,0,0,0,0,0,0,0,0,0,0,0,0,0,0,0,0,0,0,0,0,522.221,0,81.3386,-603.56
"MtrElec",8,8,16,"",5.12712,0,0,0,0,0,0,0,0,0,0,0,0,0,0,0,0,0,0,0,0,528.015,0,0,-522.888
"MtrElec",8,8,17,"",154.663,0,0,0,0,0,0,0,0,0,0,0,0,0,0,0,0,0,0,0,0,549.508,0,0,-394.845
"MtrElec",8,8,18,"",298.523,0,0,0,0,0,0,0,0,0,0,0,0,0,0,0,0,0,0,0,0,536.924,0,0,-238.401
"MtrElec",8,8,19,"",250.406,0,0,0,0,0,0,0,0,0,0,0,0,0,0,0,0,0,0,0,0,548.252,0,-223.217,-74.6295
"MtrElec",8,8,20,"",416.565,0,0,0,0,0,0,0,0,0,0,0,0,0,0,0,0,0,0,0,0,426.186,0,-2.36178,-7.26002
"MtrElec",8,8,21,"",399.118,0,0,0,0,0,0,0,0,0,0,0,0,0,0,0,0,0,0,0,0,399.118,0,0,0
"MtrElec",8,8,22,"",370.651,0,0,0,0,0,0,0,0,0,0,0,0,0,0,0,0,0,0,0,0,370.651,0,0,0
"MtrElec",8,8,23,"",232.772,0,0,0,0,0,0,0,0,0,0,0,0,0,0,0,0,0,0,0,0,232.772,0,0,0
"MtrElec",8,8,24,"",252.511,0,0,0,0,0,0,0,0,0,0,0,0,0,0,0,0,0,0,0,0,252.511,0,0,0
"MtrElec",8,9,1,"",169.382,0,0,0,0,0,0,0,0,0,0,0,0,0,0,0,0,0,0,0,0,169.382,0,0,0
"MtrElec",8,9,2,"",149.799,0,0,0,0,0,0,0,0,0,0,0,0,0,0,0,0,0,0,0,0,149.799,0,0,0
"MtrElec",8,9,3,"",147.613,0,0,0,0,0,0,0,0,0,0,0,0,0,0,0,0,0,0,0,0,147.613,0,0,0
"MtrElec",8,9,4,"",147.788,0,0,0,0,0,0,0,0,0,0,0,0,0,0,0,0,0,0,0,0,147.788,0,0,0
"MtrElec",8,9,5,"",165.166,0,0,0,0,0,0,0,0,0,0,0,0,0,0,0,0,0,0,0,0,165.166,0,0,0
"MtrElec",8,9,6,"",149.223,0,0,0,0,0,0,0,0,0,0,0,0,0,0,0,0,0,0,0,0,149.223,0,0,0
"MtrElec",8,9,7,"",185.144,0,0,0,0,0,0,0,0,0,0,0,0,0,0,0,0,0,0,0,0,196.055,0,0,-10.9109
"MtrElec",8,9,8,"",99.0349,0,0,0,0,0,0,0,0,0,0,0,0,0,0,0,0,0,0,0,0,196.958,0,0,-97.923
"MtrElec",8,9,9,"",57.407,0,0,0,0,0,0,0,0,0,0,0,0,0,0,0,0,0,0,0,0,311.491,0,0,-254.084
"MtrElec",8,9,10,"",-10.5825,0,0,0,0,0,0,0,0,0,0,0,0,0,0,0,0,0,0,0,0,393.604,0,0,-404.186
"MtrElec",8,9,11,"",0,0,0,0,0,0,0,0,0,0,0,0,0,0,0,0,0,0,0,0,0,444.012,0,85.3858,-529.397
"MtrElec",8,9,12,"",0,0,0,0,0,0,0,0,0,0,0,0,0,0,0,0,0,0,0,0,0,472.595,0,145.247,-617.842
"MtrElec",8,9,13,"",0,0,0,0,0,0,0,0,0,0,0,0,0,0,0,0,0,0,0,0,0,515.967,0,135.113,-651.079
"MtrElec",8,9,14,"",0.0000156,0,0,0,0,0,0,0,0,0,0,0,0,0,0,0,0,0,0,0,0,477.065,0,175.528,-652.593
"MtrElec",8,9,15,"",0.0000156,0,0,0,0,0,0,0,0,0,0,0,0,0,0,0,0,0,0,0,0,451.986,0,167.992,-619.977
"MtrElec",8,9,16,"",0,0,0,0,0,0,0,0,0,0,0,0,0,0,0,0,0,0,0,0,0,454.903,0,72.3023,-527.205
"MtrElec",8,9,17,"",68.2521,0,0,0,0,0,0,0,0,0,0,0,0,0,0,0,0,0,0,0,0,464.082,0,0,-395.83
"MtrElec",8,9,18,"",201.784,0,0,0,0,0,0,0,0,0,0,0,0,0,0,0,0,0,0,0,0,437.447,0,0,-235.662
"MtrElec",8,9,19,"",169.847,0,0,0,0,0,0,0,0,0,0,0,0,0,0,0,0,0,0,0,0,471.367,0,-223.217,-78.3024
"MtrElec",8,9,20,"",118.509,0,0,0,0,0,0,0,0,0,0,0,0,0,0,0,0,0,0,0,0,349.355,0,-223.217,-7.62928
"MtrElec",8,9,21,"",128.711,0,0,0,0,0,0,0,0,0,0,0,0,0,0,0,0,0,0,0,0,351.928,0,-223.217,0
"MtrElec",8,9,22,"",313.287,0,0,0,0,0,0,0,0,0,0,0,0,0,0,0,0,0,0,0,0,349,0,-35.7139,0
"MtrElec",8,9,23,"",206.076,0,0,0,0,0,0,0,0,0,0,0,0,0,0,0,0,0,0,0,0,206.076,0,0,0
"MtrElec",8,9,24,"",235.776,0,0,0,0,0,0,0,0,0,0,0,0,0,0,0,0,0,0,0,0,235.776,0,0,0
"MtrElec",8,10,1,"",162.824,0,0,0,0,0,0,0,0,0,0,0,0,0,0,0,0,0,0,0,0,162.824,0,0,0
"MtrElec",8,10,2,"",153.586,0,0,0,0,0,0,0,0,0,0,0,0,0,0,0,0,0,0,0,0,153.586,0,0,0
"MtrElec",8,10,3,"",146.166,0,0,0,0,0,0,0,0,0,0,0,0,0,0,0,0,0,0,0,0,146.166,0,0,0
"MtrElec",8,10,4,"",145.172,0,0,0,0,0,0,0,0,0,0,0,0,0,0,0,0,0,0,0,0,145.172,0,0,0
"MtrElec",8,10,5,"",139.923,0,0,0,0,0,0,0,0,0,0,0,0,0,0,0,0,0,0,0,0,139.923,0,0,0
"MtrElec",8,10,6,"",173.751,0,0,0,0,0,0,0,0,0,0,0,0,0,0,0,0,0,0,0,0,173.751,0,0,0
"MtrElec",8,10,7,"",222.955,0,0,0,0,0,0,0,0,0,0,0,0,0,0,0,0,0,0,0,0,234.07,0,0,-11.115
"MtrElec",8,10,8,"",210.09,0,0,0,0,0,0,0,0,0,0,0,0,0,0,0,0,0,0,0,0,304.905,0,0,-94.8152
"MtrElec",8,10,9,"",120.622,0,0,0,0,0,0,0,0,0,0,0,0,0,0,0,0,0,0,0,0,348.482,0,0,-227.86
"MtrElec",8,10,10,"",67.4758,0,0,0,0,0,0,0,0,0,0,0,0,0,0,0,0,0,0,0,0,482.917,0,0,-415.441
"MtrElec",8,10,11,"",0,0,0,0,0,0,0,0,0,0,0,0,0,0,0,0,0,0,0,0,0,492.935,0,39.6273,-532.562
"MtrElec",8,10,12,"",0,0,0,0,0,0,0,0,0,0,0,0,0,0,0,0,0,0,0,0,0,491.563,0,135.996,-627.559
"MtrElec",8,10,13,"",0,0,0,0,0,0,0,0,0,0,0,0,0,0,0,0,0,0,0,0,0,512.851,0,151.172,-664.023
"MtrElec",8,10,14,"",0,0,0,0,0,0,0,0,0,0,0,0,0,0,0,0,0,0,0,0,0,480.303,0,181.219,-661.522
"MtrElec",8,10,15,"",0,0,0,0,0,0,0,0,0,0,0,0,0,0,0,0,0,0,0,0,0,501.506,0,113.096,-614.602
"MtrElec",8,10,16,"",0.0000039,0,0,0,0,0,0,0,0,0,0,0,0,0,0,0,0,0,0,0,0,475.717,0,50.5973,-526.314
"MtrElec",8,10,17,"",151.574,0,0,0,0,0,0,0,0,0,0,0,0,0,0,0,0,0,0,0,0,547.843,0,0,-396.269
"MtrElec",8,10,18,"",299.373,0,0,0,0,0,0,0,0,0,0,0,0,0,0,0,0,0,0,0,0,535.129,0,0,-235.756
"MtrElec",8,10,19,"",248.123,0,0,0,0,0,0,0,0,0,0,0,0,0,0,0,0,0,0,0,0,548.788,0,-223.217,-77.4481
"MtrElec",8,10,20,"",269.18,0,0,0,0,0,0,0,0,0,0,0,0,0,0,0,0,0,0,0,0,498.193,0,-223.217,-5.79603
"MtrElec",8,10,21,"",323.905,0,0,0,0,0,0,0,0,0,0,0,0,0,0,0,0,0,0,0,0,483.688,0,-159.782,0
"MtrElec",8,10,22,"",330.033,0,0,0,0,0,0,0,0,0,0,0,0,0,0,0,0,0,0,0,0,330.033,0,0,0
"MtrElec",8,10,23,"",298.679,0,0,0,0,0,0,0,0,0,0,0,0,0,0,0,0,0,0,0,0,298.679,0,0,0
"MtrElec",8,10,24,"",222.2,0,0,0,0,0,0,0,0,0,0,0,0,0,0,0,0,0,0,0,0,222.2,0,0,0
"MtrElec",8,11,1,"",162.915,0,0,0,0,0,0,0,0,0,0,0,0,0,0,0,0,0,0,0,0,162.915,0,0,0
"MtrElec",8,11,2,"",148.731,0,0,0,0,0,0,0,0,0,0,0,0,0,0,0,0,0,0,0,0,148.731,0,0,0
"MtrElec",8,11,3,"",149.376,0,0,0,0,0,0,0,0,0,0,0,0,0,0,0,0,0,0,0,0,149.376,0,0,0
"MtrElec",8,11,4,"",151.469,0,0,0,0,0,0,0,0,0,0,0,0,0,0,0,0,0,0,0,0,151.469,0,0,0
"MtrElec",8,11,5,"",183.615,0,0,0,0,0,0,0,0,0,0,0,0,0,0,0,0,0,0,0,0,183.615,0,0,0
"MtrElec",8,11,6,"",148.089,0,0,0,0,0,0,0,0,0,0,0,0,0,0,0,0,0,0,0,0,148.089,0,0,0
"MtrElec",8,11,7,"",227.916,0,0,0,0,0,0,0,0,0,0,0,0,0,0,0,0,0,0,0,0,238.042,0,0,-10.1256
"MtrElec",8,11,8,"",241.717,0,0,0,0,0,0,0,0,0,0,0,0,0,0,0,0,0,0,0,0,327.571,0,0,-85.8535
"MtrElec",8,11,9,"",176.705,0,0,0,0,0,0,0,0,0,0,0,0,0,0,0,0,0,0,0,0,383.115,0,0,-206.41
"MtrElec",8,11,10,"",41.4728,0,0,0,0,0,0,0,0,0,0,0,0,0,0,0,0,0,0,0,0,472.346,0,0,-430.873
"MtrElec",8,11,11,"",0,0,0,0,0,0,0,0,0,0,0,0,0,0,0,0,0,0,0,0,0,526.933,0,30.7221,-557.656
"MtrElec",8,11,12,"",0.0000078,0,0,0,0,0,0,0,0,0,0,0,0,0,0,0,0,0,0,0,0,536.777,0,106.579,-643.357
"MtrElec",8,11,13,"",0.0000156,0,0,0,0,0,0,0,0,0,0,0,0,0,0,0,0,0,0,0,0,540.428,0,137.916,-678.344
"MtrElec",8,11,14,"",0,0,0,0,0,0,0,0,0,0,0,0,0,0,0,0,0,0,0,0,0,502.697,0,168.933,-671.63
"MtrElec",8,11,15,"",0,0,0,0,0,0,0,0,0,0,0,0,0,0,0,0,0,0,0,0,0,488.41,0,141.433,-629.844
"MtrElec",8,11,16,"",0,0,0,0,0,0,0,0,0,0,0,0,0,0,0,0,0,0,0,0,0,508.112,0,33.886,-541.998
"MtrElec",8,11,17,"",151.079,0,0,0,0,0,0,0,0,0,0,0,0,0,0,0,0,0,0,0,0,564.317,0,0,-413.237
"MtrElec",8,11,18,"",302.066,0,0,0,0,0,0,0,0,0,0,0,0,0,0,0,0,0,0,0,0,547.666,0,0,-245.6
"MtrElec",8,11,19,"",199.51,0,0,0,0,0,0,0,0,0,0,0,0,0,0,0,0,0,0,0,0,499.885,0,-223.217,-77.1587
"MtrElec",8,11,20,"",273.168,0,0,0,0,0,0,0,0,0,0,0,0,0,0,0,0,0,0,0,0,501.632,0,-223.217,-5.24719
"MtrElec",8,11,21,"",297.772,0,0,0,0,0,0,0,0,0,0,0,0,0,0,0,0,0,0,0,0,410.409,0,-112.637,0
"MtrElec",8,11,22,"",287.479,0,0,0,0,0,0,0,0,0,0,0,0,0,0,0,0,0,0,0,0,287.479,0,0,0
"MtrElec",8,11,23,"",241.927,0,0,0,0,0,0,0,0,0,0,0,0,0,0,0,0,0,0,0,0,241.927,0,0,0
"MtrElec",8,11,24,"",188.418,0,0,0,0,0,0,0,0,0,0,0,0,0,0,0,0,0,0,0,0,188.418,0,0,0
"MtrElec",8,12,1,"",149.436,0,0,0,0,0,0,0,0,0,0,0,0,0,0,0,0,0,0,0,0,149.436,0,0,0
"MtrElec",8,12,2,"",150.243,0,0,0,0,0,0,0,0,0,0,0,0,0,0,0,0,0,0,0,0,150.243,0,0,0
"MtrElec",8,12,3,"",142.719,0,0,0,0,0,0,0,0,0,0,0,0,0,0,0,0,0,0,0,0,142.719,0,0,0
"MtrElec",8,12,4,"",145.906,0,0,0,0,0,0,0,0,0,0,0,0,0,0,0,0,0,0,0,0,145.906,0,0,0
"MtrElec",8,12,5,"",172.382,0,0,0,0,0,0,0,0,0,0,0,0,0,0,0,0,0,0,0,0,172.382,0,0,0
"MtrElec",8,12,6,"",148.001,0,0,0,0,0,0,0,0,0,0,0,0,0,0,0,0,0,0,0,0,148.001,0,0,0
"MtrElec",8,12,7,"",256.335,0,0,0,0,0,0,0,0,0,0,0,0,0,0,0,0,0,0,0,0,260.398,0,0,-4.06291
"MtrElec",8,12,8,"",286.208,0,0,0,0,0,0,0,0,0,0,0,0,0,0,0,0,0,0,0,0,332.069,0,0,-45.8604
"MtrElec",8,12,9,"",250.02,0,0,0,0,0,0,0,0,0,0,0,0,0,0,0,0,0,0,0,0,350.734,0,0,-100.714
"MtrElec",8,12,10,"",241.61,0,0,0,0,0,0,0,0,0,0,0,0,0,0,0,0,0,0,0,0,415.537,0,0,-173.927
"MtrElec",8,12,11,"",156.64,0,0,0,0,0,0,0,0,0,0,0,0,0,0,0,0,0,0,0,0,471.858,0,0,-315.218
"MtrElec",8,12,12,"",0.0000020,0,0,0,0,0,0,0,0,0,0,0,0,0,0,0,0,0,0,0,0,451.266,0,30.7961,-482.062
"MtrElec",8,12,13,"",-14.0061,0,0,0,0,0,0,0,0,0,0,0,0,0,0,0,0,0,0,0,0,456.258,0,223.217,-693.481
"MtrElec",8,12,14,"",0,0,0,0,0,0,0,0,0,0,0,0,0,0,0,0,0,0,0,0,0,478.147,0,208.147,-686.294
"MtrElec",8,12,15,"",0.0000156,0,0,0,0,0,0,0,0,0,0,0,0,0,0,0,0,0,0,0,0,461.209,0,174.926,-636.135
"MtrElec",8,12,16,"",0.0000039,0,0,0,0,0,0,0,0,0,0,0,0,0,0,0,0,0,0,0,0,508.409,0,42.8573,-551.266
"MtrElec",8,12,17,"",95.5577,0,0,0,0,0,0,0,0,0,0,0,0,0,0,0,0,0,0,0,0,514.824,0,0,-419.266
"MtrElec",8,12,18,"",302.68,0,0,0,0,0,0,0,0,0,0,0,0,0,0,0,0,0,0,0,0,553.391,0,0,-250.711
"MtrElec",8,12,19,"",211.114,0,0,0,0,0,0,0,0,0,0,0,0,0,0,0,0,0,0,0,0,511.313,0,-223.217,-76.9815
"MtrElec",8,12,20,"",214.337,0,0,0,0,0,0,0,0,0,0,0,0,0,0,0,0,0,0,0,0,442.821,0,-223.217,-5.26691
"MtrElec",8,12,21,"",259.694,0,0,0,0,0,0,0,0,0,0,0,0,0,0,0,0,0,0,0,0,426.91,0,-167.215,0
"MtrElec",8,12,22,"",311.966,0,0,0,0,0,0,0,0,0,0,0,0,0,0,0,0,0,0,0,0,311.966,0,0,0
"MtrElec",8,12,23,"",260.44,0,0,0,0,0,0,0,0,0,0,0,0,0,0,0,0,0,0,0,0,260.44,0,0,0
"MtrElec",8,12,24,"",243.117,0,0,0,0,0,0,0,0,0,0,0,0,0,0,0,0,0,0,0,0,243.117,0,0,0
"MtrElec",8,13,1,"",176.415,0,0,0,0,0,0,0,0,0,0,0,0,0,0,0,0,0,0,0,0,176.415,0,0,0
"MtrElec",8,13,2,"",159.542,0,0,0,0,0,0,0,0,0,0,0,0,0,0,0,0,0,0,0,0,159.542,0,0,0
"MtrElec",8,13,3,"",150.415,0,0,0,0,0,0,0,0,0,0,0,0,0,0,0,0,0,0,0,0,150.415,0,0,0
"MtrElec",8,13,4,"",147.195,0,0,0,0,0,0,0,0,0,0,0,0,0,0,0,0,0,0,0,0,147.195,0,0,0
"MtrElec",8,13,5,"",144.646,0,0,0,0,0,0,0,0,0,0,0,0,0,0,0,0,0,0,0,0,144.646,0,0,0
"MtrElec",8,13,6,"",171.017,0,0,0,0,0,0,0,0,0,0,0,0,0,0,0,0,0,0,0,0,171.017,0,0,0
"MtrElec",8,13,7,"",251.122,0,0,0,0,0,0,0,0,0,0,0,0,0,0,0,0,0,0,0,0,251.122,0,0,0
"MtrElec",8,13,8,"",294.82,0,0,0,0,0,0,0,0,0,0,0,0,0,0,0,0,0,0,0,0,312.693,0,0,-17.8727
"MtrElec",8,13,9,"",376.18,0,0,0,0,0,0,0,0,0,0,0,0,0,0,0,0,0,0,0,0,424.624,0,0,-48.4435
"MtrElec",8,13,10,"",333.225,0,0,0,0,0,0,0,0,0,0,0,0,0,0,0,0,0,0,0,0,440.292,0,0,-107.067
"MtrElec",8,13,11,"",206.962,0,0,0,0,0,0,0,0,0,0,0,0,0,0,0,0,0,0,0,0,423.17,0,0,-216.208
"MtrElec",8,13,12,"",110.781,0,0,0,0,0,0,0,0,0,0,0,0,0,0,0,0,0,0,0,0,507.542,0,0,-396.761
"MtrElec",8,13,13,"",0,0,0,0,0,0,0,0,0,0,0,0,0,0,0,0,0,0,0,0,0,529.731,0,32.5841,-562.315
"MtrElec",8,13,14,"",-33.6817,0,0,0,0,0,0,0,0,0,0,0,0,0,0,0,0,0,0,0,0,432.956,0,223.217,-689.855
"MtrElec",8,13,15,"",0,0,0,0,0,0,0,0,0,0,0,0,0,0,0,0,0,0,0,0,0,442.425,0,205.379,-647.804
"MtrElec",8,13,16,"",0,0,0,0,0,0,0,0,0,0,0,0,0,0,0,0,0,0,0,0,0,495.187,0,61.6801,-556.867
"MtrElec",8,13,17,"",102.432,0,0,0,0,0,0,0,0,0,0,0,0,0,0,0,0,0,0,0,0,524.228,0,0,-421.795
"MtrElec",8,13,18,"",260.118,0,0,0,0,0,0,0,0,0,0,0,0,0,0,0,0,0,0,0,0,510.333,0,0,-250.215
"MtrElec",8,13,19,"",220.172,0,0,0,0,0,0,0,0,0,0,0,0,0,0,0,0,0,0,0,0,518.874,0,-223.217,-75.4854
"MtrElec",8,13,20,"",236.368,0,0,0,0,0,0,0,0,0,0,0,0,0,0,0,0,0,0,0,0,463.642,0,-223.217,-4.0567
"MtrElec",8,13,21,"",427.422,0,0,0,0,0,0,0,0,0,0,0,0,0,0,0,0,0,0,0,0,452.869,0,-25.4477,0
"MtrElec",8,13,22,"",293.923,0,0,0,0,0,0,0,0,0,0,0,0,0,0,0,0,0,0,0,0,293.923,0,0,0
"MtrElec",8,13,23,"",230.867,0,0,0,0,0,0,0,0,0,0,0,0,0,0,0,0,0,0,0,0,230.867,0,0,0
"MtrElec",8,13,24,"",246.14,0,0,0,0,0,0,0,0,0,0,0,0,0,0,0,0,0,0,0,0,246.14,0,0,0
"MtrElec",8,14,1,"",165.977,0,0,0,0,0,0,0,0,0,0,0,0,0,0,0,0,0,0,0,0,165.977,0,0,0
"MtrElec",8,14,2,"",151.867,0,0,0,0,0,0,0,0,0,0,0,0,0,0,0,0,0,0,0,0,151.867,0,0,0
"MtrElec",8,14,3,"",145.615,0,0,0,0,0,0,0,0,0,0,0,0,0,0,0,0,0,0,0,0,145.615,0,0,0
"MtrElec",8,14,4,"",145.035,0,0,0,0,0,0,0,0,0,0,0,0,0,0,0,0,0,0,0,0,145.035,0,0,0
"MtrElec",8,14,5,"",144.008,0,0,0,0,0,0,0,0,0,0,0,0,0,0,0,0,0,0,0,0,144.008,0,0,0
"MtrElec",8,14,6,"",165.236,0,0,0,0,0,0,0,0,0,0,0,0,0,0,0,0,0,0,0,0,165.236,0,0,0
"MtrElec",8,14,7,"",242.729,0,0,0,0,0,0,0,0,0,0,0,0,0,0,0,0,0,0,0,0,242.729,0,0,0
"MtrElec",8,14,8,"",298,0,0,0,0,0,0,0,0,0,0,0,0,0,0,0,0,0,0,0,0,312.323,0,0,-14.3225
"MtrElec",8,14,9,"",311.147,0,0,0,0,0,0,0,0,0,0,0,0,0,0,0,0,0,0,0,0,350.969,0,0,-39.8227
"MtrElec",8,14,10,"",322.486,0,0,0,0,0,0,0,0,0,0,0,0,0,0,0,0,0,0,0,0,414.763,0,0,-92.2763
"MtrElec",8,14,11,"",247.866,0,0,0,0,0,0,0,0,0,0,0,0,0,0,0,0,0,0,0,0,387.776,0,0,-139.91
"MtrElec",8,14,12,"",206.99,0,0,0,0,0,0,0,0,0,0,0,0,0,0,0,0,0,0,0,0,439.129,0,0,-232.138
"MtrElec",8,14,13,"",111.388,0,0,0,0,0,0,0,0,0,0,0,0,0,0,0,0,0,0,0,0,491.795,0,0,-380.407
"MtrElec",8,14,14,"",0.0000156,0,0,0,0,0,0,0,0,0,0,0,0,0,0,0,0,0,0,0,0,419.738,0,202.498,-622.235
"MtrElec",8,14,15,"",0,0,0,0,0,0,0,0,0,0,0,0,0,0,0,0,0,0,0,0,0,429.998,0,208.826,-638.823
"MtrElec",8,14,16,"",0.0000078,0,0,0,0,0,0,0,0,0,0,0,0,0,0,0,0,0,0,0,0,444.615,0,104.516,-549.131
"MtrElec",8,14,17,"",56.4095,0,0,0,0,0,0,0,0,0,0,0,0,0,0,0,0,0,0,0,0,472.851,0,0,-416.441
"MtrElec",8,14,18,"",263.484,0,0,0,0,0,0,0,0,0,0,0,0,0,0,0,0,0,0,0,0,508.286,0,0,-244.802
"MtrElec",8,14,19,"",182.297,0,0,0,0,0,0,0,0,0,0,0,0,0,0,0,0,0,0,0,0,478.246,0,-223.217,-72.7317
"MtrElec",8,14,20,"",210.054,0,0,0,0,0,0,0,0,0,0,0,0,0,0,0,0,0,0,0,0,436.72,0,-223.217,-3.44923
"MtrElec",8,14,21,"",419.537,0,0,0,0,0,0,0,0,0,0,0,0,0,0,0,0,0,0,0,0,438.648,0,-19.1107,0
"MtrElec",8,14,22,"",306.353,0,0,0,0,0,0,0,0,0,0,0,0,0,0,0,0,0,0,0,0,306.353,0,0,0
"MtrElec",8,14,23,"",304.251,0,0,0,0,0,0,0,0,0,0,0,0,0,0,0,0,0,0,0,0,304.251,0,0,0
"MtrElec",8,14,24,"",216.529,0,0,0,0,0,0,0,0,0,0,0,0,0,0,0,0,0,0,0,0,216.529,0,0,0
"MtrElec",8,15,1,"",169.002,0,0,0,0,0,0,0,0,0,0,0,0,0,0,0,0,0,0,0,0,169.002,0,0,0
"MtrElec",8,15,2,"",148.056,0,0,0,0,0,0,0,0,0,0,0,0,0,0,0,0,0,0,0,0,148.056,0,0,0
"MtrElec",8,15,3,"",145.666,0,0,0,0,0,0,0,0,0,0,0,0,0,0,0,0,0,0,0,0,145.666,0,0,0
"MtrElec",8,15,4,"",176.468,0,0,0,0,0,0,0,0,0,0,0,0,0,0,0,0,0,0,0,0,176.468,0,0,0
"MtrElec",8,15,5,"",149.372,0,0,0,0,0,0,0,0,0,0,0,0,0,0,0,0,0,0,0,0,149.372,0,0,0
"MtrElec",8,15,6,"",146.976,0,0,0,0,0,0,0,0,0,0,0,0,0,0,0,0,0,0,0,0,146.976,0,0,0
"MtrElec",8,15,7,"",186.73,0,0,0,0,0,0,0,0,0,0,0,0,0,0,0,0,0,0,0,0,186.73,0,0,0
"MtrElec",8,15,8,"",247.58,0,0,0,0,0,0,0,0,0,0,0,0,0,0,0,0,0,0,0,0,267.723,0,0,-20.1434
"MtrElec",8,15,9,"",252.735,0,0,0,0,0,0,0,0,0,0,0,0,0,0,0,0,0,0,0,0,303.421,0,0,-50.6855
"MtrElec",8,15,10,"",312.54,0,0,0,0,0,0,0,0,0,0,0,0,0,0,0,0,0,0,0,0,407.805,0,0,-95.265
"MtrElec",8,15,11,"",241.095,0,0,0,0,0,0,0,0,0,0,0,0,0,0,0,0,0,0,0,0,380.986,0,0,-139.891
"MtrElec",8,15,12,"",257.917,0,0,0,0,0,0,0,0,0,0,0,0,0,0,0,0,0,0,0,0,495.224,0,0,-237.307
"MtrElec",8,15,13,"",42.7436,0,0,0,0,0,0,0,0,0,0,0,0,0,0,0,0,0,0,0,0,499.537,0,0,-456.794
"MtrElec",8,15,14,"",0.0000156,0,0,0,0,0,0,0,0,0,0,0,0,0,0,0,0,0,0,0,0,478.529,0,206.463,-684.992
"MtrElec",8,15,15,"",0,0,0,0,0,0,0,0,0,0,0,0,0,0,0,0,0,0,0,0,0,493.726,0,101.37,-595.096
"MtrElec",8,15,16,"",0.0000002,0,0,0,0,0,0,0,0,0,0,0,0,0,0,0,0,0,0,0,0,499.367,0,3.45984,-502.827
"MtrElec",8,15,17,"",66.8779,0,0,0,0,0,0,0,0,0,0,0,0,0,0,0,0,0,0,0,0,482.671,0,0,-415.793
"MtrElec",8,15,18,"",278.78,0,0,0,0,0,0,0,0,0,0,0,0,0,0,0,0,0,0,0,0,510.108,0,0,-231.328
"MtrElec",8,15,19,"",238.648,0,0,0,0,0,0,0,0,0,0,0,0,0,0,0,0,0,0,0,0,513.148,0,-223.217,-51.2831
"MtrElec",8,15,20,"",357.928,0,0,0,0,0,0,0,0,0,0,0,0,0,0,0,0,0,0,0,0,417.417,0,-57.7246,-1.76516
"MtrElec",8,15,21,"",423.122,0,0,0,0,0,0,0,0,0,0,0,0,0,0,0,0,0,0,0,0,423.122,0,0,0
"MtrElec",8,15,22,"",379.607,0,0,0,0,0,0,0,0,0,0,0,0,0,0,0,0,0,0,0,0,379.607,0,0,0
"MtrElec",8,15,23,"",221.612,0,0,0,0,0,0,0,0,0,0,0,0,0,0,0,0,0,0,0,0,221.612,0,0,0
"MtrElec",8,15,24,"",249.432,0,0,0,0,0,0,0,0,0,0,0,0,0,0,0,0,0,0,0,0,249.432,0,0,0
"MtrElec",8,16,1,"",163.03,0,0,0,0,0,0,0,0,0,0,0,0,0,0,0,0,0,0,0,0,163.03,0,0,0
"MtrElec",8,16,2,"",146.204,0,0,0,0,0,0,0,0,0,0,0,0,0,0,0,0,0,0,0,0,146.204,0,0,0
"MtrElec",8,16,3,"",147.496,0,0,0,0,0,0,0,0,0,0,0,0,0,0,0,0,0,0,0,0,147.496,0,0,0
"MtrElec",8,16,4,"",149.252,0,0,0,0,0,0,0,0,0,0,0,0,0,0,0,0,0,0,0,0,149.252,0,0,0
"MtrElec",8,16,5,"",199.913,0,0,0,0,0,0,0,0,0,0,0,0,0,0,0,0,0,0,0,0,199.913,0,0,0
"MtrElec",8,16,6,"",146.675,0,0,0,0,0,0,0,0,0,0,0,0,0,0,0,0,0,0,0,0,146.675,0,0,0
"MtrElec",8,16,7,"",154.193,0,0,0,0,0,0,0,0,0,0,0,0,0,0,0,0,0,0,0,0,155.326,0,0,-1.13387
"MtrElec",8,16,8,"",187.13,0,0,0,0,0,0,0,0,0,0,0,0,0,0,0,0,0,0,0,0,224.38,0,0,-37.2508
"MtrElec",8,16,9,"",195.799,0,0,0,0,0,0,0,0,0,0,0,0,0,0,0,0,0,0,0,0,277.235,0,0,-81.436
"MtrElec",8,16,10,"",155.913,0,0,0,0,0,0,0,0,0,0,0,0,0,0,0,0,0,0,0,0,282.503,0,0,-126.59
"MtrElec",8,16,11,"",156.535,0,0,0,0,0,0,0,0,0,0,0,0,0,0,0,0,0,0,0,0,343.923,0,0,-187.388
"MtrElec",8,16,12,"",83.5644,0,0,0,0,0,0,0,0,0,0,0,0,0,0,0,0,0,0,0,0,393.304,0,0,-309.739
"MtrElec",8,16,13,"",0,0,0,0,0,0,0,0,0,0,0,0,0,0,0,0,0,0,0,0,0,444.114,0,196.006,-640.12
"MtrElec",8,16,14,"",-114.13,0,0,0,0,0,0,0,0,0,0,0,0,0,0,0,0,0,0,0,0,357.152,0,223.217,-694.499
"MtrElec",8,16,15,"",-17.6697,0,0,0,0,0,0,0,0,0,0,0,0,0,0,0,0,0,0,0,0,410.808,0,223.217,-651.695
"MtrElec",8,16,16,"",0.0000156,0,0,0,0,0,0,0,0,0,0,0,0,0,0,0,0,0,0,0,0,405.502,0,155.221,-560.723
"MtrElec",8,16,17,"",3.61275,0,0,0,0,0,0,0,0,0,0,0,0,0,0,0,0,0,0,0,0,430.578,0,0,-426.965
"MtrElec",8,16,18,"",182.712,0,0,0,0,0,0,0,0,0,0,0,0,0,0,0,0,0,0,0,0,434.645,0,0,-251.934
"MtrElec",8,16,19,"",203.025,0,0,0,0,0,0,0,0,0,0,0,0,0,0,0,0,0,0,0,0,497.411,0,-223.217,-71.1702
"MtrElec",8,16,20,"",108.173,0,0,0,0,0,0,0,0,0,0,0,0,0,0,0,0,0,0,0,0,331.39,0,-223.217,0
"MtrElec",8,16,21,"",50.8565,0,0,0,0,0,0,0,0,0,0,0,0,0,0,0,0,0,0,0,0,274.073,0,-223.217,0
"MtrElec",8,16,22,"",228.03,0,0,0,0,0,0,0,0,0,0,0,0,0,0,0,0,0,0,0,0,278.268,0,-50.2382,0
"MtrElec",8,16,23,"",199.16,0,0,0,0,0,0,0,0,0,0,0,0,0,0,0,0,0,0,0,0,199.16,0,0,0
"MtrElec",8,16,24,"",227.1,0,0,0,0,0,0,0,0,0,0,0,0,0,0,0,0,0,0,0,0,227.1,0,0,0
"MtrElec",8,17,1,"",160.459,0,0,0,0,0,0,0,0,0,0,0,0,0,0,0,0,0,0,0,0,160.459,0,0,0
"MtrElec",8,17,2,"",149.381,0,0,0,0,0,0,0,0,0,0,0,0,0,0,0,0,0,0,0,0,149.381,0,0,0
"MtrElec",8,17,3,"",143.994,0,0,0,0,0,0,0,0,0,0,0,0,0,0,0,0,0,0,0,0,143.994,0,0,0
"MtrElec",8,17,4,"",154.128,0,0,0,0,0,0,0,0,0,0,0,0,0,0,0,0,0,0,0,0,154.128,0,0,0
"MtrElec",8,17,5,"",142.645,0,0,0,0,0,0,0,0,0,0,0,0,0,0,0,0,0,0,0,0,142.645,0,0,0
"MtrElec",8,17,6,"",181.165,0,0,0,0,0,0,0,0,0,0,0,0,0,0,0,0,0,0,0,0,181.165,0,0,0
"MtrElec",8,17,7,"",205.015,0,0,0,0,0,0,0,0,0,0,0,0,0,0,0,0,0,0,0,0,208.425,0,0,-3.40996
"MtrElec",8,17,8,"",253.878,0,0,0,0,0,0,0,0,0,0,0,0,0,0,0,0,0,0,0,0,300.245,0,0,-46.3669
"MtrElec",8,17,9,"",242.548,0,0,0,0,0,0,0,0,0,0,0,0,0,0,0,0,0,0,0,0,363.686,0,0,-121.139
"MtrElec",8,17,10,"",107.621,0,0,0,0,0,0,0,0,0,0,0,0,0,0,0,0,0,0,0,0,380.604,0,0,-272.983
"MtrElec",8,17,11,"",0.0000078,0,0,0,0,0,0,0,0,0,0,0,0,0,0,0,0,0,0,0,0,447.925,0,92.9941,-540.919
"MtrElec",8,17,12,"",0,0,0,0,0,0,0,0,0,0,0,0,0,0,0,0,0,0,0,0,0,485.036,0,180.604,-665.64
"MtrElec",8,17,13,"",-8.15641,0,0,0,0,0,0,0,0,0,0,0,0,0,0,0,0,0,0,0,0,475.581,0,223.217,-706.954
"MtrElec",8,17,14,"",-71.3265,0,0,0,0,0,0,0,0,0,0,0,0,0,0,0,0,0,0,0,0,410.429,0,223.217,-704.973
"MtrElec",8,17,15,"",-187.502,0,0,0,0,0,0,0,0,0,0,0,0,0,0,0,0,0,0,0,0,391.082,0,78.8494,-657.433
"MtrElec",8,17,16,"",-111.119,0,0,0,0,0,0,0,0,0,0,0,0,0,0,0,0,0,0,0,0,453.75,0,0,-564.868
"MtrElec",8,17,17,"",47.9633,0,0,0,0,0,0,0,0,0,0,0,0,0,0,0,0,0,0,0,0,475.618,0,0,-427.655
"MtrElec",8,17,18,"",268.115,0,0,0,0,0,0,0,0,0,0,0,0,0,0,0,0,0,0,0,0,519.365,0,0,-251.251
"MtrElec",8,17,19,"",227.691,0,0,0,0,0,0,0,0,0,0,0,0,0,0,0,0,0,0,0,0,520.972,0,-223.217,-70.0647
"MtrElec",8,17,20,"",216.471,0,0,0,0,0,0,0,0,0,0,0,0,0,0,0,0,0,0,0,0,439.688,0,-223.217,0
"MtrElec",8,17,21,"",201.936,0,0,0,0,0,0,0,0,0,0,0,0,0,0,0,0,0,0,0,0,425.153,0,-223.217,0
"MtrElec",8,17,22,"",268.965,0,0,0,0,0,0,0,0,0,0,0,0,0,0,0,0,0,0,0,0,320.305,0,-51.3398,0
"MtrElec",8,17,23,"",248.526,0,0,0,0,0,0,0,0,0,0,0,0,0,0,0,0,0,0,0,0,248.526,0,0,0
"MtrElec",8,17,24,"",213.444,0,0,0,0,0,0,0,0,0,0,0,0,0,0,0,0,0,0,0,0,213.444,0,0,0
"MtrElec",8,18,1,"",161.772,0,0,0,0,0,0,0,0,0,0,0,0,0,0,0,0,0,0,0,0,161.772,0,0,0
"MtrElec",8,18,2,"",149.935,0,0,0,0,0,0,0,0,0,0,0,0,0,0,0,0,0,0,0,0,149.935,0,0,0
"MtrElec",8,18,3,"",147.085,0,0,0,0,0,0,0,0,0,0,0,0,0,0,0,0,0,0,0,0,147.085,0,0,0
"MtrElec",8,18,4,"",158.505,0,0,0,0,0,0,0,0,0,0,0,0,0,0,0,0,0,0,0,0,158.505,0,0,0
"MtrElec",8,18,5,"",181.447,0,0,0,0,0,0,0,0,0,0,0,0,0,0,0,0,0,0,0,0,181.447,0,0,0
"MtrElec",8,18,6,"",148.379,0,0,0,0,0,0,0,0,0,0,0,0,0,0,0,0,0,0,0,0,148.379,0,0,0
"MtrElec",8,18,7,"",221.558,0,0,0,0,0,0,0,0,0,0,0,0,0,0,0,0,0,0,0,0,224.916,0,0,-3.35793
"MtrElec",8,18,8,"",264.343,0,0,0,0,0,0,0,0,0,0,0,0,0,0,0,0,0,0,0,0,312.958,0,0,-48.6148
"MtrElec",8,18,9,"",206.303,0,0,0,0,0,0,0,0,0,0,0,0,0,0,0,0,0,0,0,0,320.121,0,0,-113.818
"MtrElec",8,18,10,"",176.574,0,0,0,0,0,0,0,0,0,0,0,0,0,0,0,0,0,0,0,0,416.213,0,0,-239.638
"MtrElec",8,18,11,"",0.0000078,0,0,0,0,0,0,0,0,0,0,0,0,0,0,0,0,0,0,0,0,439.75,0,83.2478,-522.998
"MtrElec",8,18,12,"",-33.0272,0,0,0,0,0,0,0,0,0,0,0,0,0,0,0,0,0,0,0,0,411.118,0,223.217,-667.363
"MtrElec",8,18,13,"",-30.3972,0,0,0,0,0,0,0,0,0,0,0,0,0,0,0,0,0,0,0,0,456.503,0,223.217,-710.117
"MtrElec",8,18,14,"",-49.6655,0,0,0,0,0,0,0,0,0,0,0,0,0,0,0,0,0,0,0,0,439.303,0,223.217,-712.185
"MtrElec",8,18,15,"",-182.56,0,0,0,0,0,0,0,0,0,0,0,0,0,0,0,0,0,0,0,0,434.84,0,45.9831,-663.383
"MtrElec",8,18,16,"",-87.9689,0,0,0,0,0,0,0,0,0,0,0,0,0,0,0,0,0,0,0,0,476.932,0,0,-564.901
"MtrElec",8,18,17,"",112.866,0,0,0,0,0,0,0,0,0,0,0,0,0,0,0,0,0,0,0,0,539.053,0,0,-426.188
"MtrElec",8,18,18,"",217.002,0,0,0,0,0,0,0,0,0,0,0,0,0,0,0,0,0,0,0,0,466.16,0,0,-249.157
"MtrElec",8,18,19,"",191.115,0,0,0,0,0,0,0,0,0,0,0,0,0,0,0,0,0,0,0,0,481.825,0,-223.217,-67.4929
"MtrElec",8,18,20,"",230.202,0,0,0,0,0,0,0,0,0,0,0,0,0,0,0,0,0,0,0,0,453.419,0,-223.217,0
"MtrElec",8,18,21,"",222.733,0,0,0,0,0,0,0,0,0,0,0,0,0,0,0,0,0,0,0,0,445.95,0,-223.217,0
"MtrElec",8,18,22,"",219.257,0,0,0,0,0,0,0,0,0,0,0,0,0,0,0,0,0,0,0,0,270.597,0,-51.3398,0
"MtrElec",8,18,23,"",267.271,0,0,0,0,0,0,0,0,0,0,0,0,0,0,0,0,0,0,0,0,267.271,0,0,0
"MtrElec",8,18,24,"",259.79,0,0,0,0,0,0,0,0,0,0,0,0,0,0,0,0,0,0,0,0,259.79,0,0,0
"MtrElec",8,19,1,"",148.727,0,0,0,0,0,0,0,0,0,0,0,0,0,0,0,0,0,0,0,0,148.727,0,0,0
"MtrElec",8,19,2,"",148.174,0,0,0,0,0,0,0,0,0,0,0,0,0,0,0,0,0,0,0,0,148.174,0,0,0
"MtrElec",8,19,3,"",143.172,0,0,0,0,0,0,0,0,0,0,0,0,0,0,0,0,0,0,0,0,143.172,0,0,0
"MtrElec",8,19,4,"",145.303,0,0,0,0,0,0,0,0,0,0,0,0,0,0,0,0,0,0,0,0,145.303,0,0,0
"MtrElec",8,19,5,"",141.185,0,0,0,0,0,0,0,0,0,0,0,0,0,0,0,0,0,0,0,0,141.185,0,0,0
"MtrElec",8,19,6,"",164.516,0,0,0,0,0,0,0,0,0,0,0,0,0,0,0,0,0,0,0,0,164.516,0,0,0
"MtrElec",8,19,7,"",210.044,0,0,0,0,0,0,0,0,0,0,0,0,0,0,0,0,0,0,0,0,215.575,0,0,-5.53082
"MtrElec",8,19,8,"",196.393,0,0,0,0,0,0,0,0,0,0,0,0,0,0,0,0,0,0,0,0,293.925,0,0,-97.5323
"MtrElec",8,19,9,"",82.0038,0,0,0,0,0,0,0,0,0,0,0,0,0,0,0,0,0,0,0,0,363.396,0,0,-281.392
"MtrElec",8,19,10,"",-41.7268,0,0,0,0,0,0,0,0,0,0,0,0,0,0,0,0,0,0,0,0,409.975,0,0,-451.702
"MtrElec",8,19,11,"",0,0,0,0,0,0,0,0,0,0,0,0,0,0,0,0,0,0,0,0,0,484.538,0,86.459,-570.997
"MtrElec",8,19,12,"",0,0,0,0,0,0,0,0,0,0,0,0,0,0,0,0,0,0,0,0,0,479.358,0,184.597,-663.955
"MtrElec",8,19,13,"",-59.4935,0,0,0,0,0,0,0,0,0,0,0,0,0,0,0,0,0,0,0,0,432.588,0,223.217,-715.298
"MtrElec",8,19,14,"",-40.4326,0,0,0,0,0,0,0,0,0,0,0,0,0,0,0,0,0,0,0,0,445.151,0,223.217,-708.801
"MtrElec",8,19,15,"",-140.911,0,0,0,0,0,0,0,0,0,0,0,0,0,0,0,0,0,0,0,0,438.156,0,81.3913,-660.459
"MtrElec",8,19,16,"",-88.7627,0,0,0,0,0,0,0,0,0,0,0,0,0,0,0,0,0,0,0,0,478.542,0,0,-567.305
"MtrElec",8,19,17,"",105.362,0,0,0,0,0,0,0,0,0,0,0,0,0,0,0,0,0,0,0,0,532.864,0,0,-427.502
"MtrElec",8,19,18,"",272.029,0,0,0,0,0,0,0,0,0,0,0,0,0,0,0,0,0,0,0,0,521.805,0,0,-249.776
"MtrElec",8,19,19,"",206.015,0,0,0,0,0,0,0,0,0,0,0,0,0,0,0,0,0,0,0,0,496.637,0,-223.217,-67.4052
"MtrElec",8,19,20,"",199.36,0,0,0,0,0,0,0,0,0,0,0,0,0,0,0,0,0,0,0,0,422.576,0,-223.217,0
"MtrElec",8,19,21,"",211.319,0,0,0,0,0,0,0,0,0,0,0,0,0,0,0,0,0,0,0,0,434.536,0,-223.217,0
"MtrElec",8,19,22,"",238.018,0,0,0,0,0,0,0,0,0,0,0,0,0,0,0,0,0,0,0,0,289.358,0,-51.3398,0
"MtrElec",8,19,23,"",240.106,0,0,0,0,0,0,0,0,0,0,0,0,0,0,0,0,0,0,0,0,240.106,0,0,0
"MtrElec",8,19,24,"",226.943,0,0,0,0,0,0,0,0,0,0,0,0,0,0,0,0,0,0,0,0,226.943,0,0,0
"MtrElec",8,20,1,"",157.652,0,0,0,0,0,0,0,0,0,0,0,0,0,0,0,0,0,0,0,0,157.652,0,0,0
"MtrElec",8,20,2,"",149.801,0,0,0,0,0,0,0,0,0,0,0,0,0,0,0,0,0,0,0,0,149.801,0,0,0
"MtrElec",8,20,3,"",144.092,0,0,0,0,0,0,0,0,0,0,0,0,0,0,0,0,0,0,0,0,144.092,0,0,0
"MtrElec",8,20,4,"",143.634,0,0,0,0,0,0,0,0,0,0,0,0,0,0,0,0,0,0,0,0,143.634,0,0,0
"MtrElec",8,20,5,"",141.013,0,0,0,0,0,0,0,0,0,0,0,0,0,0,0,0,0,0,0,0,141.013,0,0,0
"MtrElec",8,20,6,"",164.484,0,0,0,0,0,0,0,0,0,0,0,0,0,0,0,0,0,0,0,0,164.484,0,0,0
"MtrElec",8,20,7,"",253.126,0,0,0,0,0,0,0,0,0,0,0,0,0,0,0,0,0,0,0,0,256.795,0,0,-3.66912
"MtrElec",8,20,8,"",229.115,0,0,0,0,0,0,0,0,0,0,0,0,0,0,0,0,0,0,0,0,281.044,0,0,-51.9294
"MtrElec",8,20,9,"",239.54,0,0,0,0,0,0,0,0,0,0,0,0,0,0,0,0,0,0,0,0,375.642,0,0,-136.103
"MtrElec",8,20,10,"",-35.9906,0,0,0,0,0,0,0,0,0,0,0,0,0,0,0,0,0,0,0,0,376.676,0,0,-412.667
"MtrElec",8,20,11,"",0.0000156,0,0,0,0,0,0,0,0,0,0,0,0,0,0,0,0,0,0,0,0,441.974,0,138.468,-580.443
"MtrElec",8,20,12,"",0,0,0,0,0,0,0,0,0,0,0,0,0,0,0,0,0,0,0,0,0,484.95,0,186.765,-671.715
"MtrElec",8,20,13,"",-4.50334,0,0,0,0,0,0,0,0,0,0,0,0,0,0,0,0,0,0,0,0,487.284,0,223.217,-715.005
"MtrElec",8,20,14,"",-69.0641,0,0,0,0,0,0,0,0,0,0,0,0,0,0,0,0,0,0,0,0,421.392,0,223.217,-713.673
"MtrElec",8,20,15,"",-206.434,0,0,0,0,0,0,0,0,0,0,0,0,0,0,0,0,0,0,0,0,434.109,0,27.2146,-667.758
"MtrElec",8,20,16,"",-94.189,0,0,0,0,0,0,0,0,0,0,0,0,0,0,0,0,0,0,0,0,476.952,0,0,-571.141
"MtrElec",8,20,17,"",69.0585,0,0,0,0,0,0,0,0,0,0,0,0,0,0,0,0,0,0,0,0,499.223,0,0,-430.165
"MtrElec",8,20,18,"",263.569,0,0,0,0,0,0,0,0,0,0,0,0,0,0,0,0,0,0,0,0,514.107,0,0,-250.538
"MtrElec",8,20,19,"",234.92,0,0,0,0,0,0,0,0,0,0,0,0,0,0,0,0,0,0,0,0,524.845,0,-223.217,-66.7084
"MtrElec",8,20,20,"",245.209,0,0,0,0,0,0,0,0,0,0,0,0,0,0,0,0,0,0,0,0,468.425,0,-223.217,0
"MtrElec",8,20,21,"",214.083,0,0,0,0,0,0,0,0,0,0,0,0,0,0,0,0,0,0,0,0,437.3,0,-223.217,0
"MtrElec",8,20,22,"",244.434,0,0,0,0,0,0,0,0,0,0,0,0,0,0,0,0,0,0,0,0,295.773,0,-51.3398,0
"MtrElec",8,20,23,"",259.201,0,0,0,0,0,0,0,0,0,0,0,0,0,0,0,0,0,0,0,0,259.201,0,0,0
"MtrElec",8,20,24,"",203.294,0,0,0,0,0,0,0,0,0,0,0,0,0,0,0,0,0,0,0,0,203.294,0,0,0
"MtrElec",8,21,1,"",157.969,0,0,0,0,0,0,0,0,0,0,0,0,0,0,0,0,0,0,0,0,157.969,0,0,0
"MtrElec",8,21,2,"",147.536,0,0,0,0,0,0,0,0,0,0,0,0,0,0,0,0,0,0,0,0,147.536,0,0,0
"MtrElec",8,21,3,"",143.875,0,0,0,0,0,0,0,0,0,0,0,0,0,0,0,0,0,0,0,0,143.875,0,0,0
"MtrElec",8,21,4,"",143.998,0,0,0,0,0,0,0,0,0,0,0,0,0,0,0,0,0,0,0,0,143.998,0,0,0
"MtrElec",8,21,5,"",141.768,0,0,0,0,0,0,0,0,0,0,0,0,0,0,0,0,0,0,0,0,141.768,0,0,0
"MtrElec",8,21,6,"",165.557,0,0,0,0,0,0,0,0,0,0,0,0,0,0,0,0,0,0,0,0,165.557,0,0,0
"MtrElec",8,21,7,"",207.012,0,0,0,0,0,0,0,0,0,0,0,0,0,0,0,0,0,0,0,0,209.952,0,0,-2.9399
"MtrElec",8,21,8,"",252.26,0,0,0,0,0,0,0,0,0,0,0,0,0,0,0,0,0,0,0,0,301.267,0,0,-49.0075
"MtrElec",8,21,9,"",254.89,0,0,0,0,0,0,0,0,0,0,0,0,0,0,0,0,0,0,0,0,368.979,0,0,-114.089
"MtrElec",8,21,10,"",189.918,0,0,0,0,0,0,0,0,0,0,0,0,0,0,0,0,0,0,0,0,423.849,0,0,-233.932
"MtrElec",8,21,11,"",0.0000078,0,0,0,0,0,0,0,0,0,0,0,0,0,0,0,0,0,0,0,0,436.266,0,119.699,-555.965
"MtrElec",8,21,12,"",-8.48097,0,0,0,0,0,0,0,0,0,0,0,0,0,0,0,0,0,0,0,0,434.352,0,223.217,-666.05
"MtrElec",8,21,13,"",-10.1833,0,0,0,0,0,0,0,0,0,0,0,0,0,0,0,0,0,0,0,0,461.809,0,223.217,-695.209
"MtrElec",8,21,14,"",-63.6818,0,0,0,0,0,0,0,0,0,0,0,0,0,0,0,0,0,0,0,0,415.588,0,223.217,-702.487
"MtrElec",8,21,15,"",-194.18,0,0,0,0,0,0,0,0,0,0,0,0,0,0,0,0,0,0,0,0,451.87,0,9.53188,-655.582
"MtrElec",8,21,16,"",-104.246,0,0,0,0,0,0,0,0,0,0,0,0,0,0,0,0,0,0,0,0,456.125,0,0,-560.371
"MtrElec",8,21,17,"",115.354,0,0,0,0,0,0,0,0,0,0,0,0,0,0,0,0,0,0,0,0,539.323,0,0,-423.968
"MtrElec",8,21,18,"",337.495,0,0,0,0,0,0,0,0,0,0,0,0,0,0,0,0,0,0,0,0,587.632,0,0,-250.137
"MtrElec",8,21,19,"",253.585,0,0,0,0,0,0,0,0,0,0,0,0,0,0,0,0,0,0,0,0,542.008,0,-223.217,-65.2059
"MtrElec",8,21,20,"",244.956,0,0,0,0,0,0,0,0,0,0,0,0,0,0,0,0,0,0,0,0,468.173,0,-223.217,0
"MtrElec",8,21,21,"",207.255,0,0,0,0,0,0,0,0,0,0,0,0,0,0,0,0,0,0,0,0,430.472,0,-223.217,0
"MtrElec",8,21,22,"",265.46,0,0,0,0,0,0,0,0,0,0,0,0,0,0,0,0,0,0,0,0,316.8,0,-51.3398,0
"MtrElec",8,21,23,"",218.774,0,0,0,0,0,0,0,0,0,0,0,0,0,0,0,0,0,0,0,0,218.774,0,0,0
"MtrElec",8,21,24,"",231.735,0,0,0,0,0,0,0,0,0,0,0,0,0,0,0,0,0,0,0,0,231.735,0,0,0
"MtrElec",8,22,1,"",179.894,0,0,0,0,0,0,0,0,0,0,0,0,0,0,0,0,0,0,0,0,179.894,0,0,0
"MtrElec",8,22,2,"",147.089,0,0,0,0,0,0,0,0,0,0,0,0,0,0,0,0,0,0,0,0,147.089,0,0,0
"MtrElec",8,22,3,"",144.905,0,0,0,0,0,0,0,0,0,0,0,0,0,0,0,0,0,0,0,0,144.905,0,0,0
"MtrElec",8,22,4,"",145.524,0,0,0,0,0,0,0,0,0,0,0,0,0,0,0,0,0,0,0,0,145.524,0,0,0
"MtrElec",8,22,5,"",157.777,0,0,0,0,0,0,0,0,0,0,0,0,0,0,0,0,0,0,0,0,157.777,0,0,0
"MtrElec",8,22,6,"",178.66,0,0,0,0,0,0,0,0,0,0,0,0,0,0,0,0,0,0,0,0,178.66,0,0,0
"MtrElec",8,22,7,"",171.3,0,0,0,0,0,0,0,0,0,0,0,0,0,0,0,0,0,0,0,0,180.453,0,0,-9.15314
"MtrElec",8,22,8,"",177.461,0,0,0,0,0,0,0,0,0,0,0,0,0,0,0,0,0,0,0,0,273.309,0,0,-95.8472
"MtrElec",8,22,9,"",101.561,0,0,0,0,0,0,0,0,0,0,0,0,0,0,0,0,0,0,0,0,338.918,0,0,-237.357
"MtrElec",8,22,10,"",-40.617,0,0,0,0,0,0,0,0,0,0,0,0,0,0,0,0,0,0,0,0,418.526,0,0,-459.143
"MtrElec",8,22,11,"",0.0000078,0,0,0,0,0,0,0,0,0,0,0,0,0,0,0,0,0,0,0,0,492.246,0,85.6503,-577.896
"MtrElec",8,22,12,"",0.0000156,0,0,0,0,0,0,0,0,0,0,0,0,0,0,0,0,0,0,0,0,519.812,0,146.361,-666.173
"MtrElec",8,22,13,"",0,0,0,0,0,0,0,0,0,0,0,0,0,0,0,0,0,0,0,0,0,559.908,0,150.82,-710.729
"MtrElec",8,22,14,"",0,0,0,0,0,0,0,0,0,0,0,0,0,0,0,0,0,0,0,0,0,498.043,0,211.166,-709.209
"MtrElec",8,22,15,"",0,0,0,0,0,0,0,0,0,0,0,0,0,0,0,0,0,0,0,0,0,474.12,0,189.421,-663.541
"MtrElec",8,22,16,"",-48.3982,0,0,0,0,0,0,0,0,0,0,0,0,0,0,0,0,0,0,0,0,502.751,0,15.4623,-566.612
"MtrElec",8,22,17,"",105.042,0,0,0,0,0,0,0,0,0,0,0,0,0,0,0,0,0,0,0,0,527.838,0,0,-422.796
"MtrElec",8,22,18,"",313.234,0,0,0,0,0,0,0,0,0,0,0,0,0,0,0,0,0,0,0,0,558.595,0,0,-245.36
"MtrElec",8,22,19,"",308.647,0,0,0,0,0,0,0,0,0,0,0,0,0,0,0,0,0,0,0,0,594.531,0,-223.217,-62.6674
"MtrElec",8,22,20,"",209.722,0,0,0,0,0,0,0,0,0,0,0,0,0,0,0,0,0,0,0,0,432.939,0,-223.217,0
"MtrElec",8,22,21,"",135.361,0,0,0,0,0,0,0,0,0,0,0,0,0,0,0,0,0,0,0,0,358.578,0,-223.217,0
"MtrElec",8,22,22,"",292.031,0,0,0,0,0,0,0,0,0,0,0,0,0,0,0,0,0,0,0,0,343.37,0,-51.3398,0
"MtrElec",8,22,23,"",201.986,0,0,0,0,0,0,0,0,0,0,0,0,0,0,0,0,0,0,0,0,201.986,0,0,0
"MtrElec",8,22,24,"",249.59,0,0,0,0,0,0,0,0,0,0,0,0,0,0,0,0,0,0,0,0,249.59,0,0,0
"MtrElec",8,23,1,"",166.161,0,0,0,0,0,0,0,0,0,0,0,0,0,0,0,0,0,0,0,0,166.161,0,0,0
"MtrElec",8,23,2,"",147.543,0,0,0,0,0,0,0,0,0,0,0,0,0,0,0,0,0,0,0,0,147.543,0,0,0
"MtrElec",8,23,3,"",149.892,0,0,0,0,0,0,0,0,0,0,0,0,0,0,0,0,0,0,0,0,149.892,0,0,0
"MtrElec",8,23,4,"",152.268,0,0,0,0,0,0,0,0,0,0,0,0,0,0,0,0,0,0,0,0,152.268,0,0,0
"MtrElec",8,23,5,"",183.684,0,0,0,0,0,0,0,0,0,0,0,0,0,0,0,0,0,0,0,0,183.684,0,0,0
"MtrElec",8,23,6,"",176.356,0,0,0,0,0,0,0,0,0,0,0,0,0,0,0,0,0,0,0,0,176.356,0,0,0
"MtrElec",8,23,7,"",154.319,0,0,0,0,0,0,0,0,0,0,0,0,0,0,0,0,0,0,0,0,157.193,0,0,-2.87333
"MtrElec",8,23,8,"",195.654,0,0,0,0,0,0,0,0,0,0,0,0,0,0,0,0,0,0,0,0,245.923,0,0,-50.2697
"MtrElec",8,23,9,"",160.71,0,0,0,0,0,0,0,0,0,0,0,0,0,0,0,0,0,0,0,0,291.959,0,0,-131.249
"MtrElec",8,23,10,"",-27.9399,0,0,0,0,0,0,0,0,0,0,0,0,0,0,0,0,0,0,0,0,323.498,0,0,-351.438
"MtrElec",8,23,11,"",0,0,0,0,0,0,0,0,0,0,0,0,0,0,0,0,0,0,0,0,0,422.01,0,163.798,-585.808
"MtrElec",8,23,12,"",-22.3899,0,0,0,0,0,0,0,0,0,0,0,0,0,0,0,0,0,0,0,0,417.097,0,223.217,-662.703
"MtrElec",8,23,13,"",0.0000156,0,0,0,0,0,0,0,0,0,0,0,0,0,0,0,0,0,0,0,0,476.342,0,222.179,-698.52
"MtrElec",8,23,14,"",-67.5182,0,0,0,0,0,0,0,0,0,0,0,0,0,0,0,0,0,0,0,0,452.436,0,189.687,-709.642
"MtrElec",8,23,15,"",-187.584,0,0,0,0,0,0,0,0,0,0,0,0,0,0,0,0,0,0,0,0,476.939,0,0,-664.523
"MtrElec",8,23,16,"",-145.508,0,0,0,0,0,0,0,0,0,0,0,0,0,0,0,0,0,0,0,0,419.059,0,0,-564.566
"MtrElec",8,23,17,"",23.3713,0,0,0,0,0,0,0,0,0,0,0,0,0,0,0,0,0,0,0,0,444.766,0,0,-421.394
"MtrElec",8,23,18,"",219.901,0,0,0,0,0,0,0,0,0,0,0,0,0,0,0,0,0,0,0,0,461.649,0,0,-241.748
"MtrElec",8,23,19,"",170.057,0,0,0,0,0,0,0,0,0,0,0,0,0,0,0,0,0,0,0,0,455.046,0,-223.217,-61.7725
"MtrElec",8,23,20,"",156.718,0,0,0,0,0,0,0,0,0,0,0,0,0,0,0,0,0,0,0,0,379.935,0,-223.217,0
"MtrElec",8,23,21,"",81.591,0,0,0,0,0,0,0,0,0,0,0,0,0,0,0,0,0,0,0,0,304.808,0,-223.217,0
"MtrElec",8,23,22,"",218.502,0,0,0,0,0,0,0,0,0,0,0,0,0,0,0,0,0,0,0,0,269.842,0,-51.3398,0
"MtrElec",8,23,23,"",225.545,0,0,0,0,0,0,0,0,0,0,0,0,0,0,0,0,0,0,0,0,225.545,0,0,0
"MtrElec",8,23,24,"",239.579,0,0,0,0,0,0,0,0,0,0,0,0,0,0,0,0,0,0,0,0,239.579,0,0,0
"MtrElec",8,24,1,"",184.215,0,0,0,0,0,0,0,0,0,0,0,0,0,0,0,0,0,0,0,0,184.215,0,0,0
"MtrElec",8,24,2,"",150.613,0,0,0,0,0,0,0,0,0,0,0,0,0,0,0,0,0,0,0,0,150.613,0,0,0
"MtrElec",8,24,3,"",149.471,0,0,0,0,0,0,0,0,0,0,0,0,0,0,0,0,0,0,0,0,149.471,0,0,0
"MtrElec",8,24,4,"",149.554,0,0,0,0,0,0,0,0,0,0,0,0,0,0,0,0,0,0,0,0,149.554,0,0,0
"MtrElec",8,24,5,"",146.284,0,0,0,0,0,0,0,0,0,0,0,0,0,0,0,0,0,0,0,0,146.284,0,0,0
"MtrElec",8,24,6,"",193.24,0,0,0,0,0,0,0,0,0,0,0,0,0,0,0,0,0,0,0,0,193.24,0,0,0
"MtrElec",8,24,7,"",211.211,0,0,0,0,0,0,0,0,0,0,0,0,0,0,0,0,0,0,0,0,212.142,0,0,-0.930978
"MtrElec",8,24,8,"",217.87,0,0,0,0,0,0,0,0,0,0,0,0,0,0,0,0,0,0,0,0,312.639,0,0,-94.7686
"MtrElec",8,24,9,"",82.0223,0,0,0,0,0,0,0,0,0,0,0,0,0,0,0,0,0,0,0,0,361.035,0,0,-279.013
"MtrElec",8,24,10,"",13.9191,0,0,0,0,0,0,0,0,0,0,0,0,0,0,0,0,0,0,0,0,456.282,0,0,-442.363
"MtrElec",8,24,11,"",0,0,0,0,0,0,0,0,0,0,0,0,0,0,0,0,0,0,0,0,0,486.278,0,88.8681,-575.146
"MtrElec",8,24,12,"",0,0,0,0,0,0,0,0,0,0,0,0,0,0,0,0,0,0,0,0,0,466.341,0,194.67,-661.01
"MtrElec",8,24,13,"",0,0,0,0,0,0,0,0,0,0,0,0,0,0,0,0,0,0,0,0,0,547.693,0,151.315,-699.008
"MtrElec",8,24,14,"",0,0,0,0,0,0,0,0,0,0,0,0,0,0,0,0,0,0,0,0,0,497.401,0,195.109,-692.51
"MtrElec",8,24,15,"",0,0,0,0,0,0,0,0,0,0,0,0,0,0,0,0,0,0,0,0,0,499.653,0,134.444,-634.097
"MtrElec",8,24,16,"",0,0,0,0,0,0,0,0,0,0,0,0,0,0,0,0,0,0,0,0,0,514.288,0,24.5824,-538.87
"MtrElec",8,24,17,"",123.352,0,0,0,0,0,0,0,0,0,0,0,0,0,0,0,0,0,0,0,0,528.329,0,0,-404.977
"MtrElec",8,24,18,"",313.184,0,0,0,0,0,0,0,0,0,0,0,0,0,0,0,0,0,0,0,0,544.878,0,0,-231.694
"MtrElec",8,24,19,"",249.102,0,0,0,0,0,0,0,0,0,0,0,0,0,0,0,0,0,0,0,0,528.24,0,-223.217,-55.921
"MtrElec",8,24,20,"",271.444,0,0,0,0,0,0,0,0,0,0,0,0,0,0,0,0,0,0,0,0,494.661,0,-223.217,0
"MtrElec",8,24,21,"",243.847,0,0,0,0,0,0,0,0,0,0,0,0,0,0,0,0,0,0,0,0,467.064,0,-223.217,0
"MtrElec",8,24,22,"",273.888,0,0,0,0,0,0,0,0,0,0,0,0,0,0,0,0,0,0,0,0,316.299,0,-42.4107,0
"MtrElec",8,24,23,"",256.406,0,0,0,0,0,0,0,0,0,0,0,0,0,0,0,0,0,0,0,0,256.406,0,0,0
"MtrElec",8,24,24,"",240.976,0,0,0,0,0,0,0,0,0,0,0,0,0,0,0,0,0,0,0,0,240.976,0,0,0
"MtrElec",8,25,1,"",173.901,0,0,0,0,0,0,0,0,0,0,0,0,0,0,0,0,0,0,0,0,173.901,0,0,0
"MtrElec",8,25,2,"",151.327,0,0,0,0,0,0,0,0,0,0,0,0,0,0,0,0,0,0,0,0,151.327,0,0,0
"MtrElec",8,25,3,"",146.397,0,0,0,0,0,0,0,0,0,0,0,0,0,0,0,0,0,0,0,0,146.397,0,0,0
"MtrElec",8,25,4,"",148.211,0,0,0,0,0,0,0,0,0,0,0,0,0,0,0,0,0,0,0,0,148.211,0,0,0
"MtrElec",8,25,5,"",145.669,0,0,0,0,0,0,0,0,0,0,0,0,0,0,0,0,0,0,0,0,145.669,0,0,0
"MtrElec",8,25,6,"",161.186,0,0,0,0,0,0,0,0,0,0,0,0,0,0,0,0,0,0,0,0,161.186,0,0,0
"MtrElec",8,25,7,"",237.203,0,0,0,0,0,0,0,0,0,0,0,0,0,0,0,0,0,0,0,0,238.105,0,0,-0.902247
"MtrElec",8,25,8,"",244.502,0,0,0,0,0,0,0,0,0,0,0,0,0,0,0,0,0,0,0,0,333.377,0,0,-88.8744
"MtrElec",8,25,9,"",155.747,0,0,0,0,0,0,0,0,0,0,0,0,0,0,0,0,0,0,0,0,422.829,0,0,-267.082
"MtrElec",8,25,10,"",87.2964,0,0,0,0,0,0,0,0,0,0,0,0,0,0,0,0,0,0,0,0,506.573,0,0,-419.277
"MtrElec",8,25,11,"",29.5279,0,0,0,0,0,0,0,0,0,0,0,0,0,0,0,0,0,0,0,0,560.352,0,0,-530.824
"MtrElec",8,25,12,"",0,0,0,0,0,0,0,0,0,0,0,0,0,0,0,0,0,0,0,0,0,544.445,0,56.2859,-600.73
"MtrElec",8,25,13,"",0,0,0,0,0,0,0,0,0,0,0,0,0,0,0,0,0,0,0,0,0,555.783,0,99.6543,-655.437
"MtrElec",8,25,14,"",0.0000078,0,0,0,0,0,0,0,0,0,0,0,0,0,0,0,0,0,0,0,0,548.051,0,110.57,-658.621
"MtrElec",8,25,15,"",0,0,0,0,0,0,0,0,0,0,0,0,0,0,0,0,0,0,0,0,0,532.048,0,77.3813,-609.429
"MtrElec",8,25,16,"",47.4691,0,0,0,0,0,0,0,0,0,0,0,0,0,0,0,0,0,0,0,0,567.367,0,0,-519.898
"MtrElec",8,25,17,"",184.828,0,0,0,0,0,0,0,0,0,0,0,0,0,0,0,0,0,0,0,0,572.141,0,0,-387.313
"MtrElec",8,25,18,"",337.555,0,0,0,0,0,0,0,0,0,0,0,0,0,0,0,0,0,0,0,0,556.967,0,0,-219.412
"MtrElec",8,25,19,"",253.59,0,0,0,0,0,0,0,0,0,0,0,0,0,0,0,0,0,0,0,0,527.831,0,-223.217,-51.024
"MtrElec",8,25,20,"",421.247,0,0,0,0,0,0,0,0,0,0,0,0,0,0,0,0,0,0,0,0,508.392,0,-87.1449,0
"MtrElec",8,25,21,"",448.355,0,0,0,0,0,0,0,0,0,0,0,0,0,0,0,0,0,0,0,0,448.355,0,0,0
"MtrElec",8,25,22,"",339.235,0,0,0,0,0,0,0,0,0,0,0,0,0,0,0,0,0,0,0,0,339.235,0,0,0
"MtrElec",8,25,23,"",313.324,0,0,0,0,0,0,0,0,0,0,0,0,0,0,0,0,0,0,0,0,313.324,0,0,0
"MtrElec",8,25,24,"",234.055,0,0,0,0,0,0,0,0,0,0,0,0,0,0,0,0,0,0,0,0,234.055,0,0,0
"MtrElec",8,26,1,"",176.025,0,0,0,0,0,0,0,0,0,0,0,0,0,0,0,0,0,0,0,0,176.025,0,0,0
"MtrElec",8,26,2,"",167.144,0,0,0,0,0,0,0,0,0,0,0,0,0,0,0,0,0,0,0,0,167.144,0,0,0
"MtrElec",8,26,3,"",158.815,0,0,0,0,0,0,0,0,0,0,0,0,0,0,0,0,0,0,0,0,158.815,0,0,0
"MtrElec",8,26,4,"",188.114,0,0,0,0,0,0,0,0,0,0,0,0,0,0,0,0,0,0,0,0,188.114,0,0,0
"MtrElec",8,26,5,"",153.707,0,0,0,0,0,0,0,0,0,0,0,0,0,0,0,0,0,0,0,0,153.707,0,0,0
"MtrElec",8,26,6,"",155.483,0,0,0,0,0,0,0,0,0,0,0,0,0,0,0,0,0,0,0,0,155.483,0,0,0
"MtrElec",8,26,7,"",251.444,0,0,0,0,0,0,0,0,0,0,0,0,0,0,0,0,0,0,0,0,252.263,0,0,-0.818629
"MtrElec",8,26,8,"",242.349,0,0,0,0,0,0,0,0,0,0,0,0,0,0,0,0,0,0,0,0,329.816,0,0,-87.4666
"MtrElec",8,26,9,"",123.97,0,0,0,0,0,0,0,0,0,0,0,0,0,0,0,0,0,0,0,0,390.796,0,0,-266.825
"MtrElec",8,26,10,"",66.0316,0,0,0,0,0,0,0,0,0,0,0,0,0,0,0,0,0,0,0,0,489.635,0,0,-423.604
"MtrElec",8,26,11,"",37.6623,0,0,0,0,0,0,0,0,0,0,0,0,0,0,0,0,0,0,0,0,568.418,0,0,-530.756
"MtrElec",8,26,12,"",0.0000039,0,0,0,0,0,0,0,0,0,0,0,0,0,0,0,0,0,0,0,0,576.867,0,43.4316,-620.298
"MtrElec",8,26,13,"",0,0,0,0,0,0,0,0,0,0,0,0,0,0,0,0,0,0,0,0,0,618.788,0,46.2561,-665.044
"MtrElec",8,26,14,"",0.0000078,0,0,0,0,0,0,0,0,0,0,0,0,0,0,0,0,0,0,0,0,529.08,0,130.279,-659.359
"MtrElec",8,26,15,"",0,0,0,0,0,0,0,0,0,0,0,0,0,0,0,0,0,0,0,0,0,565.074,0,48.1097,-613.184
"MtrElec",8,26,16,"",3.56969,0,0,0,0,0,0,0,0,0,0,0,0,0,0,0,0,0,0,0,0,526.582,0,0,-523.012
"MtrElec",8,26,17,"",196.343,0,0,0,0,0,0,0,0,0,0,0,0,0,0,0,0,0,0,0,0,587.509,0,0,-391.166
"MtrElec",8,26,18,"",365.09,0,0,0,0,0,0,0,0,0,0,0,0,0,0,0,0,0,0,0,0,586.291,0,0,-221.201
"MtrElec",8,26,19,"",247.675,0,0,0,0,0,0,0,0,0,0,0,0,0,0,0,0,0,0,0,0,521.692,0,-223.217,-50.8001
"MtrElec",8,26,20,"",451.716,0,0,0,0,0,0,0,0,0,0,0,0,0,0,0,0,0,0,0,0,470.439,0,-18.7223,0
"MtrElec",8,26,21,"",495.849,0,0,0,0,0,0,0,0,0,0,0,0,0,0,0,0,0,0,0,0,495.849,0,0,0
"MtrElec",8,26,22,"",337.679,0,0,0,0,0,0,0,0,0,0,0,0,0,0,0,0,0,0,0,0,337.679,0,0,0
"MtrElec",8,26,23,"",309.654,0,0,0,0,0,0,0,0,0,0,0,0,0,0,0,0,0,0,0,0,309.654,0,0,0
"MtrElec",8,26,24,"",251.195,0,0,0,0,0,0,0,0,0,0,0,0,0,0,0,0,0,0,0,0,251.195,0,0,0
"MtrElec",8,27,1,"",193.446,0,0,0,0,0,0,0,0,0,0,0,0,0,0,0,0,0,0,0,0,193.446,0,0,0
"MtrElec",8,27,2,"",169.708,0,0,0,0,0,0,0,0,0,0,0,0,0,0,0,0,0,0,0,0,169.708,0,0,0
"MtrElec",8,27,3,"",156.545,0,0,0,0,0,0,0,0,0,0,0,0,0,0,0,0,0,0,0,0,156.545,0,0,0
"MtrElec",8,27,4,"",153.104,0,0,0,0,0,0,0,0,0,0,0,0,0,0,0,0,0,0,0,0,153.104,0,0,0
"MtrElec",8,27,5,"",149.29,0,0,0,0,0,0,0,0,0,0,0,0,0,0,0,0,0,0,0,0,149.29,0,0,0
"MtrElec",8,27,6,"",190.108,0,0,0,0,0,0,0,0,0,0,0,0,0,0,0,0,0,0,0,0,190.108,0,0,0
"MtrElec",8,27,7,"",282.294,0,0,0,0,0,0,0,0,0,0,0,0,0,0,0,0,0,0,0,0,283.161,0,0,-0.866432
"MtrElec",8,27,8,"",261.462,0,0,0,0,0,0,0,0,0,0,0,0,0,0,0,0,0,0,0,0,349.778,0,0,-88.3168
"MtrElec",8,27,9,"",184.011,0,0,0,0,0,0,0,0,0,0,0,0,0,0,0,0,0,0,0,0,450.498,0,0,-266.487
"MtrElec",8,27,10,"",109.858,0,0,0,0,0,0,0,0,0,0,0,0,0,0,0,0,0,0,0,0,531.212,0,0,-421.354
"MtrElec",8,27,11,"",26.3752,0,0,0,0,0,0,0,0,0,0,0,0,0,0,0,0,0,0,0,0,575.471,0,0,-549.096
"MtrElec",8,27,12,"",7.82175,0,0,0,0,0,0,0,0,0,0,0,0,0,0,0,0,0,0,0,0,632.993,0,0,-625.171
"MtrElec",8,27,13,"",0,0,0,0,0,0,0,0,0,0,0,0,0,0,0,0,0,0,0,0,0,597.09,0,62.8652,-659.956
"MtrElec",8,27,14,"",0,0,0,0,0,0,0,0,0,0,0,0,0,0,0,0,0,0,0,0,0,577.146,0,94.3201,-671.467
"MtrElec",8,27,15,"",0,0,0,0,0,0,0,0,0,0,0,0,0,0,0,0,0,0,0,0,0,560.714,0,67.2673,-627.981
"MtrElec",8,27,16,"",42.0823,0,0,0,0,0,0,0,0,0,0,0,0,0,0,0,0,0,0,0,0,576.822,0,0,-534.74
"MtrElec",8,27,17,"",161.031,0,0,0,0,0,0,0,0,0,0,0,0,0,0,0,0,0,0,0,0,558.765,0,0,-397.735
"MtrElec",8,27,18,"",348.914,0,0,0,0,0,0,0,0,0,0,0,0,0,0,0,0,0,0,0,0,572.619,0,0,-223.704
"MtrElec",8,27,19,"",286.866,0,0,0,0,0,0,0,0,0,0,0,0,0,0,0,0,0,0,0,0,540.104,0,-202.568,-50.6693
"MtrElec",8,27,20,"",479.119,0,0,0,0,0,0,0,0,0,0,0,0,0,0,0,0,0,0,0,0,479.119,0,0,0
"MtrElec",8,27,21,"",489.246,0,0,0,0,0,0,0,0,0,0,0,0,0,0,0,0,0,0,0,0,489.246,0,0,0
"MtrElec",8,27,22,"",332.194,0,0,0,0,0,0,0,0,0,0,0,0,0,0,0,0,0,0,0,0,332.194,0,0,0
"MtrElec",8,27,23,"",299.649,0,0,0,0,0,0,0,0,0,0,0,0,0,0,0,0,0,0,0,0,299.649,0,0,0
"MtrElec",8,27,24,"",293.89,0,0,0,0,0,0,0,0,0,0,0,0,0,0,0,0,0,0,0,0,293.89,0,0,0
"MtrElec",8,28,1,"",209.604,0,0,0,0,0,0,0,0,0,0,0,0,0,0,0,0,0,0,0,0,209.604,0,0,0
"MtrElec",8,28,2,"",169.986,0,0,0,0,0,0,0,0,0,0,0,0,0,0,0,0,0,0,0,0,169.986,0,0,0
"MtrElec",8,28,3,"",159.762,0,0,0,0,0,0,0,0,0,0,0,0,0,0,0,0,0,0,0,0,159.762,0,0,0
"MtrElec",8,28,4,"",155.182,0,0,0,0,0,0,0,0,0,0,0,0,0,0,0,0,0,0,0,0,155.182,0,0,0
"MtrElec",8,28,5,"",147.239,0,0,0,0,0,0,0,0,0,0,0,0,0,0,0,0,0,0,0,0,147.239,0,0,0
"MtrElec",8,28,6,"",168.185,0,0,0,0,0,0,0,0,0,0,0,0,0,0,0,0,0,0,0,0,168.185,0,0,0
"MtrElec",8,28,7,"",234.345,0,0,0,0,0,0,0,0,0,0,0,0,0,0,0,0,0,0,0,0,235.247,0,0,-0.902324
"MtrElec",8,28,8,"",252.166,0,0,0,0,0,0,0,0,0,0,0,0,0,0,0,0,0,0,0,0,342.79,0,0,-90.6247
"MtrElec",8,28,9,"",174.871,0,0,0,0,0,0,0,0,0,0,0,0,0,0,0,0,0,0,0,0,446.625,0,0,-271.754
"MtrElec",8,28,10,"",96.4897,0,0,0,0,0,0,0,0,0,0,0,0,0,0,0,0,0,0,0,0,527.612,0,0,-431.123
"MtrElec",8,28,11,"",39.0742,0,0,0,0,0,0,0,0,0,0,0,0,0,0,0,0,0,0,0,0,594.784,0,0,-555.71
"MtrElec",8,28,12,"",0,0,0,0,0,0,0,0,0,0,0,0,0,0,0,0,0,0,0,0,0,589.747,0,41.9003,-631.648
"MtrElec",8,28,13,"",0.0000005,0,0,0,0,0,0,0,0,0,0,0,0,0,0,0,0,0,0,0,0,667.165,0,6.3125,-673.478
"MtrElec",8,28,14,"",0.0000156,0,0,0,0,0,0,0,0,0,0,0,0,0,0,0,0,0,0,0,0,530.622,0,147.129,-677.751
"MtrElec",8,28,15,"",0,0,0,0,0,0,0,0,0,0,0,0,0,0,0,0,0,0,0,0,0,577.669,0,51.0418,-628.71
"MtrElec",8,28,16,"",13.2956,0,0,0,0,0,0,0,0,0,0,0,0,0,0,0,0,0,0,0,0,548.826,0,0,-535.53
"MtrElec",8,28,17,"",193.062,0,0,0,0,0,0,0,0,0,0,0,0,0,0,0,0,0,0,0,0,591.716,0,0,-398.654
"MtrElec",8,28,18,"",347.974,0,0,0,0,0,0,0,0,0,0,0,0,0,0,0,0,0,0,0,0,571.803,0,0,-223.829
"MtrElec",8,28,19,"",265.594,0,0,0,0,0,0,0,0,0,0,0,0,0,0,0,0,0,0,0,0,537.668,0,-222.361,-49.713
"MtrElec",8,28,20,"",507.232,0,0,0,0,0,0,0,0,0,0,0,0,0,0,0,0,0,0,0,0,507.232,0,0,0
"MtrElec",8,28,21,"",464.198,0,0,0,0,0,0,0,0,0,0,0,0,0,0,0,0,0,0,0,0,464.198,0,0,0
"MtrElec",8,28,22,"",308.084,0,0,0,0,0,0,0,0,0,0,0,0,0,0,0,0,0,0,0,0,308.084,0,0,0
"MtrElec",8,28,23,"",301.647,0,0,0,0,0,0,0,0,0,0,0,0,0,0,0,0,0,0,0,0,301.647,0,0,0
"MtrElec",8,28,24,"",214.379,0,0,0,0,0,0,0,0,0,0,0,0,0,0,0,0,0,0,0,0,214.379,0,0,0
"MtrElec",8,29,1,"",160.428,0,0,0,0,0,0,0,0,0,0,0,0,0,0,0,0,0,0,0,0,160.428,0,0,0
"MtrElec",8,29,2,"",154.088,0,0,0,0,0,0,0,0,0,0,0,0,0,0,0,0,0,0,0,0,154.088,0,0,0
"MtrElec",8,29,3,"",156.749,0,0,0,0,0,0,0,0,0,0,0,0,0,0,0,0,0,0,0,0,156.749,0,0,0
"MtrElec",8,29,4,"",186.252,0,0,0,0,0,0,0,0,0,0,0,0,0,0,0,0,0,0,0,0,186.252,0,0,0
"MtrElec",8,29,5,"",167.291,0,0,0,0,0,0,0,0,0,0,0,0,0,0,0,0,0,0,0,0,167.291,0,0,0
"MtrElec",8,29,6,"",150.945,0,0,0,0,0,0,0,0,0,0,0,0,0,0,0,0,0,0,0,0,150.945,0,0,0
"MtrElec",8,29,7,"",184.831,0,0,0,0,0,0,0,0,0,0,0,0,0,0,0,0,0,0,0,0,185.749,0,0,-0.918632
"MtrElec",8,29,8,"",193.372,0,0,0,0,0,0,0,0,0,0,0,0,0,0,0,0,0,0,0,0,283.682,0,0,-90.3101
"MtrElec",8,29,9,"",98.1808,0,0,0,0,0,0,0,0,0,0,0,0,0,0,0,0,0,0,0,0,367.975,0,0,-269.795
"MtrElec",8,29,10,"",84.1147,0,0,0,0,0,0,0,0,0,0,0,0,0,0,0,0,0,0,0,0,520.331,0,0,-436.216
"MtrElec",8,29,11,"",45.0074,0,0,0,0,0,0,0,0,0,0,0,0,0,0,0,0,0,0,0,0,601.959,0,0,-556.952
"MtrElec",8,29,12,"",0,0,0,0,0,0,0,0,0,0,0,0,0,0,0,0,0,0,0,0,0,620.634,0,2.77688,-623.411
"MtrElec",8,29,13,"",0,0,0,0,0,0,0,0,0,0,0,0,0,0,0,0,0,0,0,0,0,664.05,0,4.09025,-668.14
"MtrElec",8,29,14,"",0.0000039,0,0,0,0,0,0,0,0,0,0,0,0,0,0,0,0,0,0,0,0,616.611,0,60.8862,-677.497
"MtrElec",8,29,15,"",30.6057,0,0,0,0,0,0,0,0,0,0,0,0,0,0,0,0,0,0,0,0,662.494,0,0,-631.889
"MtrElec",8,29,16,"",71.3981,0,0,0,0,0,0,0,0,0,0,0,0,0,0,0,0,0,0,0,0,609.347,0,0,-537.949
"MtrElec",8,29,17,"",176.785,0,0,0,0,0,0,0,0,0,0,0,0,0,0,0,0,0,0,0,0,575.225,0,0,-398.441
"MtrElec",8,29,18,"",378.62,0,0,0,0,0,0,0,0,0,0,0,0,0,0,0,0,0,0,0,0,599.462,0,0,-220.842
"MtrElec",8,29,19,"",445.714,0,0,0,0,0,0,0,0,0,0,0,0,0,0,0,0,0,0,0,0,554.578,0,-61.1474,-47.7169
"MtrElec",8,29,20,"",477.877,0,0,0,0,0,0,0,0,0,0,0,0,0,0,0,0,0,0,0,0,477.877,0,0,0
"MtrElec",8,29,21,"",368.678,0,0,0,0,0,0,0,0,0,0,0,0,0,0,0,0,0,0,0,0,368.678,0,0,0
"MtrElec",8,29,22,"",327.709,0,0,0,0,0,0,0,0,0,0,0,0,0,0,0,0,0,0,0,0,327.709,0,0,0
"MtrElec",8,29,23,"",282.548,0,0,0,0,0,0,0,0,0,0,0,0,0,0,0,0,0,0,0,0,282.548,0,0,0
"MtrElec",8,29,24,"",239.225,0,0,0,0,0,0,0,0,0,0,0,0,0,0,0,0,0,0,0,0,239.225,0,0,0
"MtrElec",8,30,1,"",188.899,0,0,0,0,0,0,0,0,0,0,0,0,0,0,0,0,0,0,0,0,188.899,0,0,0
"MtrElec",8,30,2,"",157.095,0,0,0,0,0,0,0,0,0,0,0,0,0,0,0,0,0,0,0,0,157.095,0,0,0
"MtrElec",8,30,3,"",152.007,0,0,0,0,0,0,0,0,0,0,0,0,0,0,0,0,0,0,0,0,152.007,0,0,0
"MtrElec",8,30,4,"",148.794,0,0,0,0,0,0,0,0,0,0,0,0,0,0,0,0,0,0,0,0,148.794,0,0,0
"MtrElec",8,30,5,"",167.238,0,0,0,0,0,0,0,0,0,0,0,0,0,0,0,0,0,0,0,0,167.238,0,0,0
"MtrElec",8,30,6,"",152.634,0,0,0,0,0,0,0,0,0,0,0,0,0,0,0,0,0,0,0,0,152.634,0,0,0
"MtrElec",8,30,7,"",194.014,0,0,0,0,0,0,0,0,0,0,0,0,0,0,0,0,0,0,0,0,194.97,0,0,-0.956441
"MtrElec",8,30,8,"",150.529,0,0,0,0,0,0,0,0,0,0,0,0,0,0,0,0,0,0,0,0,242.68,0,0,-92.1511
"MtrElec",8,30,9,"",52.8902,0,0,0,0,0,0,0,0,0,0,0,0,0,0,0,0,0,0,0,0,332.865,0,0,-279.975
"MtrElec",8,30,10,"",-41.3508,0,0,0,0,0,0,0,0,0,0,0,0,0,0,0,0,0,0,0,0,406.768,0,0,-448.119
"MtrElec",8,30,11,"",0.0000078,0,0,0,0,0,0,0,0,0,0,0,0,0,0,0,0,0,0,0,0,461.488,0,104.551,-566.04
"MtrElec",8,30,12,"",0,0,0,0,0,0,0,0,0,0,0,0,0,0,0,0,0,0,0,0,0,513.998,0,134.03,-648.028
"MtrElec",8,30,13,"",0.0000156,0,0,0,0,0,0,0,0,0,0,0,0,0,0,0,0,0,0,0,0,542.363,0,151.725,-694.088
"MtrElec",8,30,14,"",0,0,0,0,0,0,0,0,0,0,0,0,0,0,0,0,0,0,0,0,0,511.121,0,177.408,-688.529
"MtrElec",8,30,15,"",0,0,0,0,0,0,0,0,0,0,0,0,0,0,0,0,0,0,0,0,0,533.256,0,103.201,-636.457
"MtrElec",8,30,16,"",0.0000039,0,0,0,0,0,0,0,0,0,0,0,0,0,0,0,0,0,0,0,0,505.331,0,32.8123,-538.143
"MtrElec",8,30,17,"",88.9389,0,0,0,0,0,0,0,0,0,0,0,0,0,0,0,0,0,0,0,0,489.383,0,0,-400.444
"MtrElec",8,30,18,"",254.707,0,0,0,0,0,0,0,0,0,0,0,0,0,0,0,0,0,0,0,0,479.095,0,0,-224.388
"MtrElec",8,30,19,"",238.85,0,0,0,0,0,0,0,0,0,0,0,0,0,0,0,0,0,0,0,0,511.439,0,-223.217,-49.3718
"MtrElec",8,30,20,"",182.077,0,0,0,0,0,0,0,0,0,0,0,0,0,0,0,0,0,0,0,0,405.294,0,-223.217,0
"MtrElec",8,30,21,"",113.584,0,0,0,0,0,0,0,0,0,0,0,0,0,0,0,0,0,0,0,0,302.264,0,-188.681,0
"MtrElec",8,30,22,"",337.215,0,0,0,0,0,0,0,0,0,0,0,0,0,0,0,0,0,0,0,0,337.215,0,0,0
"MtrElec",8,30,23,"",252.07,0,0,0,0,0,0,0,0,0,0,0,0,0,0,0,0,0,0,0,0,252.07,0,0,0
"MtrElec",8,30,24,"",207.03,0,0,0,0,0,0,0,0,0,0,0,0,0,0,0,0,0,0,0,0,207.03,0,0,0
"MtrElec",8,31,1,"",168.154,0,0,0,0,0,0,0,0,0,0,0,0,0,0,0,0,0,0,0,0,168.154,0,0,0
"MtrElec",8,31,2,"",154.546,0,0,0,0,0,0,0,0,0,0,0,0,0,0,0,0,0,0,0,0,154.546,0,0,0
"MtrElec",8,31,3,"",151.479,0,0,0,0,0,0,0,0,0,0,0,0,0,0,0,0,0,0,0,0,151.479,0,0,0
"MtrElec",8,31,4,"",146.129,0,0,0,0,0,0,0,0,0,0,0,0,0,0,0,0,0,0,0,0,146.129,0,0,0
"MtrElec",8,31,5,"",141.814,0,0,0,0,0,0,0,0,0,0,0,0,0,0,0,0,0,0,0,0,141.814,0,0,0
"MtrElec",8,31,6,"",186.828,0,0,0,0,0,0,0,0,0,0,0,0,0,0,0,0,0,0,0,0,186.828,0,0,0
"MtrElec",8,31,7,"",216.377,0,0,0,0,0,0,0,0,0,0,0,0,0,0,0,0,0,0,0,0,218.494,0,0,-2.11717
"MtrElec",8,31,8,"",246.176,0,0,0,0,0,0,0,0,0,0,0,0,0,0,0,0,0,0,0,0,322.638,0,0,-76.4617
"MtrElec",8,31,9,"",165.869,0,0,0,0,0,0,0,0,0,0,0,0,0,0,0,0,0,0,0,0,373.636,0,0,-207.767
"MtrElec",8,31,10,"",-1.5375,0,0,0,0,0,0,0,0,0,0,0,0,0,0,0,0,0,0,0,0,462.785,0,0,-464.323
"MtrElec",8,31,11,"",0.0000078,0,0,0,0,0,0,0,0,0,0,0,0,0,0,0,0,0,0,0,0,500.656,0,84.7803,-585.437
"MtrElec",8,31,12,"",0,0,0,0,0,0,0,0,0,0,0,0,0,0,0,0,0,0,0,0,0,537.736,0,128.047,-665.783
"MtrElec",8,31,13,"",0,0,0,0,0,0,0,0,0,0,0,0,0,0,0,0,0,0,0,0,0,574.205,0,139.379,-713.584
"MtrElec",8,31,14,"",0,0,0,0,0,0,0,0,0,0,0,0,0,0,0,0,0,0,0,0,0,485.264,0,220.745,-706.009
"MtrElec",8,31,15,"",0.0000156,0,0,0,0,0,0,0,0,0,0,0,0,0,0,0,0,0,0,0,0,475.908,0,178.86,-654.768
"MtrElec",8,31,16,"",-3.31504,0,0,0,0,0,0,0,0,0,0,0,0,0,0,0,0,0,0,0,0,505.113,0,47.0705,-555.498
"MtrElec",8,31,17,"",122.778,0,0,0,0,0,0,0,0,0,0,0,0,0,0,0,0,0,0,0,0,531.093,0,0,-408.315
"MtrElec",8,31,18,"",320.952,0,0,0,0,0,0,0,0,0,0,0,0,0,0,0,0,0,0,0,0,546.997,0,0,-226.044
"MtrElec",8,31,19,"",239.747,0,0,0,0,0,0,0,0,0,0,0,0,0,0,0,0,0,0,0,0,509.903,0,-223.217,-46.9397
"MtrElec",8,31,20,"",220.706,0,0,0,0,0,0,0,0,0,0,0,0,0,0,0,0,0,0,0,0,443.923,0,-223.217,0
"MtrElec",8,31,21,"",215.458,0,0,0,0,0,0,0,0,0,0,0,0,0,0,0,0,0,0,0,0,438.675,0,-223.217,0
"MtrElec",8,31,22,"",261.06,0,0,0,0,0,0,0,0,0,0,0,0,0,0,0,0,0,0,0,0,312.4,0,-51.3398,0
"MtrElec",8,31,23,"",258.088,0,0,0,0,0,0,0,0,0,0,0,0,0,0,0,0,0,0,0,0,258.088,0,0,0
"MtrElec",8,31,24,"",197.985,0,0,0,0,0,0,0,0,0,0,0,0,0,0,0,0,0,0,0,0,197.985,0,0,0
"MtrElec",9,1,1,"",164.292,0,0,0,0,0,0,0,0,0,0,0,0,0,0,0,0,0,0,0,0,164.292,0,0,0
"MtrElec",9,1,2,"",159.794,0,0,0,0,0,0,0,0,0,0,0,0,0,0,0,0,0,0,0,0,159.794,0,0,0
"MtrElec",9,1,3,"",168.11,0,0,0,0,0,0,0,0,0,0,0,0,0,0,0,0,0,0,0,0,168.11,0,0,0
"MtrElec",9,1,4,"",161.541,0,0,0,0,0,0,0,0,0,0,0,0,0,0,0,0,0,0,0,0,161.541,0,0,0
"MtrElec",9,1,5,"",145.298,0,0,0,0,0,0,0,0,0,0,0,0,0,0,0,0,0,0,0,0,145.298,0,0,0
"MtrElec",9,1,6,"",152.504,0,0,0,0,0,0,0,0,0,0,0,0,0,0,0,0,0,0,0,0,152.504,0,0,0
"MtrElec",9,1,7,"",249.325,0,0,0,0,0,0,0,0,0,0,0,0,0,0,0,0,0,0,0,0,250.33,0,0,-1.0048
"MtrElec",9,1,8,"",230.727,0,0,0,0,0,0,0,0,0,0,0,0,0,0,0,0,0,0,0,0,320.734,0,0,-90.0069
"MtrElec",9,1,9,"",70.1746,0,0,0,0,0,0,0,0,0,0,0,0,0,0,0,0,0,0,0,0,345.844,0,0,-275.67
"MtrElec",9,1,10,"",54.2752,0,0,0,0,0,0,0,0,0,0,0,0,0,0,0,0,0,0,0,0,491.335,0,0,-437.059
"MtrElec",9,1,11,"",0,0,0,0,0,0,0,0,0,0,0,0,0,0,0,0,0,0,0,0,0,543.035,0,20.8754,-563.911
"MtrElec",9,1,12,"",0,0,0,0,0,0,0,0,0,0,0,0,0,0,0,0,0,0,0,0,0,554.875,0,97.9621,-652.837
"MtrElec",9,1,13,"",0.0000078,0,0,0,0,0,0,0,0,0,0,0,0,0,0,0,0,0,0,0,0,576.542,0,111.72,-688.263
"MtrElec",9,1,14,"",0,0,0,0,0,0,0,0,0,0,0,0,0,0,0,0,0,0,0,0,0,520.082,0,164.947,-685.029
"MtrElec",9,1,15,"",0,0,0,0,0,0,0,0,0,0,0,0,0,0,0,0,0,0,0,0,0,541.472,0,97.3386,-638.811
"MtrElec",9,1,16,"",0,0,0,0,0,0,0,0,0,0,0,0,0,0,0,0,0,0,0,0,0,524.692,0,20.0914,-544.783
"MtrElec",9,1,17,"",179.326,0,0,0,0,0,0,0,0,0,0,0,0,0,0,0,0,0,0,0,0,581.354,0,0,-402.028
"MtrElec",9,1,18,"",315.462,0,0,0,0,0,0,0,0,0,0,0,0,0,0,0,0,0,0,0,0,535.672,0,0,-220.209
"MtrElec",9,1,19,"",298.348,0,0,0,0,0,0,0,0,0,0,0,0,0,0,0,0,0,0,0,0,565.859,0,-223.217,-44.2945
"MtrElec",9,1,20,"",229.12,0,0,0,0,0,0,0,0,0,0,0,0,0,0,0,0,0,0,0,0,452.337,0,-223.217,0
"MtrElec",9,1,21,"",407.438,0,0,0,0,0,0,0,0,0,0,0,0,0,0,0,0,0,0,0,0,423.928,0,-16.4901,0
"MtrElec",9,1,22,"",350.707,0,0,0,0,0,0,0,0,0,0,0,0,0,0,0,0,0,0,0,0,350.707,0,0,0
"MtrElec",9,1,23,"",269.471,0,0,0,0,0,0,0,0,0,0,0,0,0,0,0,0,0,0,0,0,269.471,0,0,0
"MtrElec",9,1,24,"",219.95,0,0,0,0,0,0,0,0,0,0,0,0,0,0,0,0,0,0,0,0,219.95,0,0,0
"MtrElec",9,2,1,"",167.965,0,0,0,0,0,0,0,0,0,0,0,0,0,0,0,0,0,0,0,0,167.965,0,0,0
"MtrElec",9,2,2,"",157.618,0,0,0,0,0,0,0,0,0,0,0,0,0,0,0,0,0,0,0,0,157.618,0,0,0
"MtrElec",9,2,3,"",147.615,0,0,0,0,0,0,0,0,0,0,0,0,0,0,0,0,0,0,0,0,147.615,0,0,0
"MtrElec",9,2,4,"",149.741,0,0,0,0,0,0,0,0,0,0,0,0,0,0,0,0,0,0,0,0,149.741,0,0,0
"MtrElec",9,2,5,"",148.931,0,0,0,0,0,0,0,0,0,0,0,0,0,0,0,0,0,0,0,0,148.931,0,0,0
"MtrElec",9,2,6,"",163.537,0,0,0,0,0,0,0,0,0,0,0,0,0,0,0,0,0,0,0,0,163.537,0,0,0
"MtrElec",9,2,7,"",266.075,0,0,0,0,0,0,0,0,0,0,0,0,0,0,0,0,0,0,0,0,266.621,0,0,-0.545953
"MtrElec",9,2,8,"",273.093,0,0,0,0,0,0,0,0,0,0,0,0,0,0,0,0,0,0,0,0,327.044,0,0,-53.9515
"MtrElec",9,2,9,"",208.03,0,0,0,0,0,0,0,0,0,0,0,0,0,0,0,0,0,0,0,0,354.033,0,0,-146.003
"MtrElec",9,2,10,"",84.9402,0,0,0,0,0,0,0,0,0,0,0,0,0,0,0,0,0,0,0,0,494.245,0,0,-409.305
"MtrElec",9,2,11,"",0,0,0,0,0,0,0,0,0,0,0,0,0,0,0,0,0,0,0,0,0,557.8,0,22.0642,-579.864
"MtrElec",9,2,12,"",0,0,0,0,0,0,0,0,0,0,0,0,0,0,0,0,0,0,0,0,0,506.307,0,163.787,-670.094
"MtrElec",9,2,13,"",0.0000156,0,0,0,0,0,0,0,0,0,0,0,0,0,0,0,0,0,0,0,0,570.414,0,136.245,-706.659
"MtrElec",9,2,14,"",-19.7581,0,0,0,0,0,0,0,0,0,0,0,0,0,0,0,0,0,0,0,0,461.84,0,223.217,-704.815
"MtrElec",9,2,15,"",0,0,0,0,0,0,0,0,0,0,0,0,0,0,0,0,0,0,0,0,0,500.646,0,153.026,-653.673
"MtrElec",9,2,16,"",0,0,0,0,0,0,0,0,0,0,0,0,0,0,0,0,0,0,0,0,0,490.116,0,61.8008,-551.917
"MtrElec",9,2,17,"",164.773,0,0,0,0,0,0,0,0,0,0,0,0,0,0,0,0,0,0,0,0,571.417,0,0,-406.645
"MtrElec",9,2,18,"",312.551,0,0,0,0,0,0,0,0,0,0,0,0,0,0,0,0,0,0,0,0,537.006,0,0,-224.455
"MtrElec",9,2,19,"",266.567,0,0,0,0,0,0,0,0,0,0,0,0,0,0,0,0,0,0,0,0,533.085,0,-223.217,-43.3012
"MtrElec",9,2,20,"",263.743,0,0,0,0,0,0,0,0,0,0,0,0,0,0,0,0,0,0,0,0,486.96,0,-223.217,0
"MtrElec",9,2,21,"",185.691,0,0,0,0,0,0,0,0,0,0,0,0,0,0,0,0,0,0,0,0,408.907,0,-223.217,0
"MtrElec",9,2,22,"",307.715,0,0,0,0,0,0,0,0,0,0,0,0,0,0,0,0,0,0,0,0,324.092,0,-16.3765,0
"MtrElec",9,2,23,"",299.949,0,0,0,0,0,0,0,0,0,0,0,0,0,0,0,0,0,0,0,0,299.949,0,0,0
"MtrElec",9,2,24,"",231.786,0,0,0,0,0,0,0,0,0,0,0,0,0,0,0,0,0,0,0,0,231.786,0,0,0
"MtrElec",9,3,1,"",177.457,0,0,0,0,0,0,0,0,0,0,0,0,0,0,0,0,0,0,0,0,177.457,0,0,0
"MtrElec",9,3,2,"",163.186,0,0,0,0,0,0,0,0,0,0,0,0,0,0,0,0,0,0,0,0,163.186,0,0,0
"MtrElec",9,3,3,"",183.562,0,0,0,0,0,0,0,0,0,0,0,0,0,0,0,0,0,0,0,0,183.562,0,0,0
"MtrElec",9,3,4,"",152.367,0,0,0,0,0,0,0,0,0,0,0,0,0,0,0,0,0,0,0,0,152.367,0,0,0
"MtrElec",9,3,5,"",146.936,0,0,0,0,0,0,0,0,0,0,0,0,0,0,0,0,0,0,0,0,146.936,0,0,0
"MtrElec",9,3,6,"",163.494,0,0,0,0,0,0,0,0,0,0,0,0,0,0,0,0,0,0,0,0,163.494,0,0,0
"MtrElec",9,3,7,"",248.345,0,0,0,0,0,0,0,0,0,0,0,0,0,0,0,0,0,0,0,0,248.345,0,0,0
"MtrElec",9,3,8,"",299.901,0,0,0,0,0,0,0,0,0,0,0,0,0,0,0,0,0,0,0,0,332.952,0,0,-33.0503
"MtrElec",9,3,9,"",325.102,0,0,0,0,0,0,0,0,0,0,0,0,0,0,0,0,0,0,0,0,416.305,0,0,-91.2031
"MtrElec",9,3,10,"",278.153,0,0,0,0,0,0,0,0,0,0,0,0,0,0,0,0,0,0,0,0,474.386,0,0,-196.233
"MtrElec",9,3,11,"",0,0,0,0,0,0,0,0,0,0,0,0,0,0,0,0,0,0,0,0,0,496.797,0,6.86484,-503.662
"MtrElec",9,3,12,"",0,0,0,0,0,0,0,0,0,0,0,0,0,0,0,0,0,0,0,0,0,509.931,0,147.513,-657.443
"MtrElec",9,3,13,"",0,0,0,0,0,0,0,0,0,0,0,0,0,0,0,0,0,0,0,0,0,517.226,0,186.31,-703.536
"MtrElec",9,3,14,"",-45.9246,0,0,0,0,0,0,0,0,0,0,0,0,0,0,0,0,0,0,0,0,431.189,0,223.217,-700.33
"MtrElec",9,3,15,"",0,0,0,0,0,0,0,0,0,0,0,0,0,0,0,0,0,0,0,0,0,473.53,0,166.878,-640.408
"MtrElec",9,3,16,"",-4.64052,0,0,0,0,0,0,0,0,0,0,0,0,0,0,0,0,0,0,0,0,453.378,0,68.0987,-526.117
"MtrElec",9,3,17,"",129.346,0,0,0,0,0,0,0,0,0,0,0,0,0,0,0,0,0,0,0,0,512.568,0,0,-383.222
"MtrElec",9,3,18,"",289.81,0,0,0,0,0,0,0,0,0,0,0,0,0,0,0,0,0,0,0,0,495.709,0,0,-205.899
"MtrElec",9,3,19,"",248.327,0,0,0,0,0,0,0,0,0,0,0,0,0,0,0,0,0,0,0,0,512.643,0,-223.217,-41.0995
"MtrElec",9,3,20,"",262.119,0,0,0,0,0,0,0,0,0,0,0,0,0,0,0,0,0,0,0,0,485.336,0,-223.217,0
"MtrElec",9,3,21,"",222.357,0,0,0,0,0,0,0,0,0,0,0,0,0,0,0,0,0,0,0,0,445.574,0,-223.217,0
"MtrElec",9,3,22,"",278.88,0,0,0,0,0,0,0,0,0,0,0,0,0,0,0,0,0,0,0,0,330.22,0,-51.3398,0
"MtrElec",9,3,23,"",271.91,0,0,0,0,0,0,0,0,0,0,0,0,0,0,0,0,0,0,0,0,271.91,0,0,0
"MtrElec",9,3,24,"",201.319,0,0,0,0,0,0,0,0,0,0,0,0,0,0,0,0,0,0,0,0,201.319,0,0,0
"MtrElec",9,4,1,"",162.229,0,0,0,0,0,0,0,0,0,0,0,0,0,0,0,0,0,0,0,0,162.229,0,0,0
"MtrElec",9,4,2,"",166.079,0,0,0,0,0,0,0,0,0,0,0,0,0,0,0,0,0,0,0,0,166.079,0,0,0
"MtrElec",9,4,3,"",171.054,0,0,0,0,0,0,0,0,0,0,0,0,0,0,0,0,0,0,0,0,171.054,0,0,0
"MtrElec",9,4,4,"",155.64,0,0,0,0,0,0,0,0,0,0,0,0,0,0,0,0,0,0,0,0,155.64,0,0,0
"MtrElec",9,4,5,"",145.291,0,0,0,0,0,0,0,0,0,0,0,0,0,0,0,0,0,0,0,0,145.291,0,0,0
"MtrElec",9,4,6,"",153.596,0,0,0,0,0,0,0,0,0,0,0,0,0,0,0,0,0,0,0,0,153.596,0,0,0
"MtrElec",9,4,7,"",244.945,0,0,0,0,0,0,0,0,0,0,0,0,0,0,0,0,0,0,0,0,244.945,0,0,0
"MtrElec",9,4,8,"",249.873,0,0,0,0,0,0,0,0,0,0,0,0,0,0,0,0,0,0,0,0,284.681,0,0,-34.8075
"MtrElec",9,4,9,"",291.129,0,0,0,0,0,0,0,0,0,0,0,0,0,0,0,0,0,0,0,0,386.476,0,0,-95.3472
"MtrElec",9,4,10,"",300.949,0,0,0,0,0,0,0,0,0,0,0,0,0,0,0,0,0,0,0,0,490.72,0,0,-189.771
"MtrElec",9,4,11,"",38.2856,0,0,0,0,0,0,0,0,0,0,0,0,0,0,0,0,0,0,0,0,476.034,0,0,-437.749
"MtrElec",9,4,12,"",0,0,0,0,0,0,0,0,0,0,0,0,0,0,0,0,0,0,0,0,0,476.543,0,137.636,-614.178
"MtrElec",9,4,13,"",0,0,0,0,0,0,0,0,0,0,0,0,0,0,0,0,0,0,0,0,0,534.969,0,145.287,-680.256
"MtrElec",9,4,14,"",-25.8028,0,0,0,0,0,0,0,0,0,0,0,0,0,0,0,0,0,0,0,0,437.177,0,223.217,-686.197
"MtrElec",9,4,15,"",0,0,0,0,0,0,0,0,0,0,0,0,0,0,0,0,0,0,0,0,0,453.965,0,189.955,-643.919
"MtrElec",9,4,16,"",0,0,0,0,0,0,0,0,0,0,0,0,0,0,0,0,0,0,0,0,0,458.24,0,85.4743,-543.714
"MtrElec",9,4,17,"",115.981,0,0,0,0,0,0,0,0,0,0,0,0,0,0,0,0,0,0,0,0,513.37,0,0,-397.389
"MtrElec",9,4,18,"",268.373,0,0,0,0,0,0,0,0,0,0,0,0,0,0,0,0,0,0,0,0,479.743,0,0,-211.371
"MtrElec",9,4,19,"",226.731,0,0,0,0,0,0,0,0,0,0,0,0,0,0,0,0,0,0,0,0,489.782,0,-223.217,-39.8342
"MtrElec",9,4,20,"",180.671,0,0,0,0,0,0,0,0,0,0,0,0,0,0,0,0,0,0,0,0,403.888,0,-223.217,0
"MtrElec",9,4,21,"",209.678,0,0,0,0,0,0,0,0,0,0,0,0,0,0,0,0,0,0,0,0,432.895,0,-223.217,0
"MtrElec",9,4,22,"",268.198,0,0,0,0,0,0,0,0,0,0,0,0,0,0,0,0,0,0,0,0,303.913,0,-35.7149,0
"MtrElec",9,4,23,"",239.609,0,0,0,0,0,0,0,0,0,0,0,0,0,0,0,0,0,0,0,0,239.609,0,0,0
"MtrElec",9,4,24,"",257.314,0,0,0,0,0,0,0,0,0,0,0,0,0,0,0,0,0,0,0,0,257.314,0,0,0
"MtrElec",9,5,1,"",168.807,0,0,0,0,0,0,0,0,0,0,0,0,0,0,0,0,0,0,0,0,168.807,0,0,0
"MtrElec",9,5,2,"",150.943,0,0,0,0,0,0,0,0,0,0,0,0,0,0,0,0,0,0,0,0,150.943,0,0,0
"MtrElec",9,5,3,"",144.921,0,0,0,0,0,0,0,0,0,0,0,0,0,0,0,0,0,0,0,0,144.921,0,0,0
"MtrElec",9,5,4,"",147.952,0,0,0,0,0,0,0,0,0,0,0,0,0,0,0,0,0,0,0,0,147.952,0,0,0
"MtrElec",9,5,5,"",183.874,0,0,0,0,0,0,0,0,0,0,0,0,0,0,0,0,0,0,0,0,183.874,0,0,0
"MtrElec",9,5,6,"",148.375,0,0,0,0,0,0,0,0,0,0,0,0,0,0,0,0,0,0,0,0,148.375,0,0,0
"MtrElec",9,5,7,"",187.729,0,0,0,0,0,0,0,0,0,0,0,0,0,0,0,0,0,0,0,0,188.353,0,0,-0.623733
"MtrElec",9,5,8,"",196.144,0,0,0,0,0,0,0,0,0,0,0,0,0,0,0,0,0,0,0,0,266.038,0,0,-69.8937
"MtrElec",9,5,9,"",134.079,0,0,0,0,0,0,0,0,0,0,0,0,0,0,0,0,0,0,0,0,313.312,0,0,-179.234
"MtrElec",9,5,10,"",94.8891,0,0,0,0,0,0,0,0,0,0,0,0,0,0,0,0,0,0,0,0,378.144,0,0,-283.254
"MtrElec",9,5,11,"",113.662,0,0,0,0,0,0,0,0,0,0,0,0,0,0,0,0,0,0,0,0,448.464,0,0,-334.803
"MtrElec",9,5,12,"",0,0,0,0,0,0,0,0,0,0,0,0,0,0,0,0,0,0,0,0,0,487.421,0,97.1013,-584.522
"MtrElec",9,5,13,"",0,0,0,0,0,0,0,0,0,0,0,0,0,0,0,0,0,0,0,0,0,495.05,0,190.338,-685.389
"MtrElec",9,5,14,"",0,0,0,0,0,0,0,0,0,0,0,0,0,0,0,0,0,0,0,0,0,474.844,0,210.318,-685.161
"MtrElec",9,5,15,"",0,0,0,0,0,0,0,0,0,0,0,0,0,0,0,0,0,0,0,0,0,500.919,0,128.495,-629.415
"MtrElec",9,5,16,"",0.0000078,0,0,0,0,0,0,0,0,0,0,0,0,0,0,0,0,0,0,0,0,452.771,0,76.806,-529.576
"MtrElec",9,5,17,"",133.741,0,0,0,0,0,0,0,0,0,0,0,0,0,0,0,0,0,0,0,0,514.854,0,0,-381.113
"MtrElec",9,5,18,"",306.359,0,0,0,0,0,0,0,0,0,0,0,0,0,0,0,0,0,0,0,0,507.099,0,0,-200.74
"MtrElec",9,5,19,"",248.633,0,0,0,0,0,0,0,0,0,0,0,0,0,0,0,0,0,0,0,0,510.163,0,-223.217,-38.3125
"MtrElec",9,5,20,"",137.689,0,0,0,0,0,0,0,0,0,0,0,0,0,0,0,0,0,0,0,0,360.905,0,-223.217,0
"MtrElec",9,5,21,"",170.764,0,0,0,0,0,0,0,0,0,0,0,0,0,0,0,0,0,0,0,0,358.841,0,-188.077,0
"MtrElec",9,5,22,"",323.247,0,0,0,0,0,0,0,0,0,0,0,0,0,0,0,0,0,0,0,0,323.247,0,0,0
"MtrElec",9,5,23,"",204.046,0,0,0,0,0,0,0,0,0,0,0,0,0,0,0,0,0,0,0,0,204.046,0,0,0
"MtrElec",9,5,24,"",243.478,0,0,0,0,0,0,0,0,0,0,0,0,0,0,0,0,0,0,0,0,243.478,0,0,0
"MtrElec",9,6,1,"",159.89,0,0,0,0,0,0,0,0,0,0,0,0,0,0,0,0,0,0,0,0,159.89,0,0,0
"MtrElec",9,6,2,"",151.599,0,0,0,0,0,0,0,0,0,0,0,0,0,0,0,0,0,0,0,0,151.599,0,0,0
"MtrElec",9,6,3,"",148.276,0,0,0,0,0,0,0,0,0,0,0,0,0,0,0,0,0,0,0,0,148.276,0,0,0
"MtrElec",9,6,4,"",148.925,0,0,0,0,0,0,0,0,0,0,0,0,0,0,0,0,0,0,0,0,148.925,0,0,0
"MtrElec",9,6,5,"",152.904,0,0,0,0,0,0,0,0,0,0,0,0,0,0,0,0,0,0,0,0,152.904,0,0,0
"MtrElec",9,6,6,"",152.129,0,0,0,0,0,0,0,0,0,0,0,0,0,0,0,0,0,0,0,0,152.129,0,0,0
"MtrElec",9,6,7,"",194.641,0,0,0,0,0,0,0,0,0,0,0,0,0,0,0,0,0,0,0,0,195.618,0,0,-0.976489
"MtrElec",9,6,8,"",103.18,0,0,0,0,0,0,0,0,0,0,0,0,0,0,0,0,0,0,0,0,190.749,0,0,-87.5691
"MtrElec",9,6,9,"",6.22484,0,0,0,0,0,0,0,0,0,0,0,0,0,0,0,0,0,0,0,0,278.215,0,0,-271.99
"MtrElec",9,6,10,"",-106.006,0,0,0,0,0,0,0,0,0,0,0,0,0,0,0,0,0,0,0,0,335.303,0,0,-441.31
"MtrElec",9,6,11,"",0,0,0,0,0,0,0,0,0,0,0,0,0,0,0,0,0,0,0,0,0,417.189,0,146.488,-563.677
"MtrElec",9,6,12,"",0.0000156,0,0,0,0,0,0,0,0,0,0,0,0,0,0,0,0,0,0,0,0,465.515,0,174.132,-639.647
"MtrElec",9,6,13,"",0,0,0,0,0,0,0,0,0,0,0,0,0,0,0,0,0,0,0,0,0,500.124,0,188.306,-688.43
"MtrElec",9,6,14,"",-40.8959,0,0,0,0,0,0,0,0,0,0,0,0,0,0,0,0,0,0,0,0,430.295,0,223.217,-694.407
"MtrElec",9,6,15,"",-141.959,0,0,0,0,0,0,0,0,0,0,0,0,0,0,0,0,0,0,0,0,434.666,0,66.7382,-643.363
"MtrElec",9,6,16,"",-103.236,0,0,0,0,0,0,0,0,0,0,0,0,0,0,0,0,0,0,0,0,433.031,0,0,-536.267
"MtrElec",9,6,17,"",70.195,0,0,0,0,0,0,0,0,0,0,0,0,0,0,0,0,0,0,0,0,460.844,0,0,-390.649
"MtrElec",9,6,18,"",235.073,0,0,0,0,0,0,0,0,0,0,0,0,0,0,0,0,0,0,0,0,439.999,0,0,-204.926
"MtrElec",9,6,19,"",237.571,0,0,0,0,0,0,0,0,0,0,0,0,0,0,0,0,0,0,0,0,497.579,0,-223.217,-36.7904
"MtrElec",9,6,20,"",147.41,0,0,0,0,0,0,0,0,0,0,0,0,0,0,0,0,0,0,0,0,370.627,0,-223.217,0
"MtrElec",9,6,21,"",85.9783,0,0,0,0,0,0,0,0,0,0,0,0,0,0,0,0,0,0,0,0,309.195,0,-223.217,0
"MtrElec",9,6,22,"",283.514,0,0,0,0,0,0,0,0,0,0,0,0,0,0,0,0,0,0,0,0,334.854,0,-51.3398,0
"MtrElec",9,6,23,"",256.369,0,0,0,0,0,0,0,0,0,0,0,0,0,0,0,0,0,0,0,0,256.369,0,0,0
"MtrElec",9,6,24,"",211.702,0,0,0,0,0,0,0,0,0,0,0,0,0,0,0,0,0,0,0,0,211.702,0,0,0
"MtrElec",9,7,1,"",199.896,0,0,0,0,0,0,0,0,0,0,0,0,0,0,0,0,0,0,0,0,199.896,0,0,0
"MtrElec",9,7,2,"",150.636,0,0,0,0,0,0,0,0,0,0,0,0,0,0,0,0,0,0,0,0,150.636,0,0,0
"MtrElec",9,7,3,"",148.18,0,0,0,0,0,0,0,0,0,0,0,0,0,0,0,0,0,0,0,0,148.18,0,0,0
"MtrElec",9,7,4,"",149.632,0,0,0,0,0,0,0,0,0,0,0,0,0,0,0,0,0,0,0,0,149.632,0,0,0
"MtrElec",9,7,5,"",145.463,0,0,0,0,0,0,0,0,0,0,0,0,0,0,0,0,0,0,0,0,145.463,0,0,0
"MtrElec",9,7,6,"",209.692,0,0,0,0,0,0,0,0,0,0,0,0,0,0,0,0,0,0,0,0,209.692,0,0,0
"MtrElec",9,7,7,"",188.983,0,0,0,0,0,0,0,0,0,0,0,0,0,0,0,0,0,0,0,0,189.333,0,0,-0.350809
"MtrElec",9,7,8,"",189.298,0,0,0,0,0,0,0,0,0,0,0,0,0,0,0,0,0,0,0,0,276.456,0,0,-87.158
"MtrElec",9,7,9,"",106.043,0,0,0,0,0,0,0,0,0,0,0,0,0,0,0,0,0,0,0,0,378.529,0,0,-272.486
"MtrElec",9,7,10,"",-27.7507,0,0,0,0,0,0,0,0,0,0,0,0,0,0,0,0,0,0,0,0,412.538,0,0,-440.289
"MtrElec",9,7,11,"",0.0000156,0,0,0,0,0,0,0,0,0,0,0,0,0,0,0,0,0,0,0,0,418.339,0,146.183,-564.521
"MtrElec",9,7,12,"",0,0,0,0,0,0,0,0,0,0,0,0,0,0,0,0,0,0,0,0,0,495.545,0,156.774,-652.319
"MtrElec",9,7,13,"",0,0,0,0,0,0,0,0,0,0,0,0,0,0,0,0,0,0,0,0,0,528.994,0,162.34,-691.334
"MtrElec",9,7,14,"",0,0,0,0,0,0,0,0,0,0,0,0,0,0,0,0,0,0,0,0,0,494.365,0,194.109,-688.474
"MtrElec",9,7,15,"",-45.7058,0,0,0,0,0,0,0,0,0,0,0,0,0,0,0,0,0,0,0,0,448.481,0,139.476,-633.664
"MtrElec",9,7,16,"",-71.4448,0,0,0,0,0,0,0,0,0,0,0,0,0,0,0,0,0,0,0,0,452.276,0,0,-523.721
"MtrElec",9,7,17,"",159.57,0,0,0,0,0,0,0,0,0,0,0,0,0,0,0,0,0,0,0,0,538.398,0,0,-378.829
"MtrElec",9,7,18,"",346.47,0,0,0,0,0,0,0,0,0,0,0,0,0,0,0,0,0,0,0,0,546.342,0,0,-199.872
"MtrElec",9,7,19,"",224.654,0,0,0,0,0,0,0,0,0,0,0,0,0,0,0,0,0,0,0,0,481.252,0,-223.217,-33.3808
"MtrElec",9,7,20,"",111.324,0,0,0,0,0,0,0,0,0,0,0,0,0,0,0,0,0,0,0,0,334.541,0,-223.217,0
"MtrElec",9,7,21,"",125.999,0,0,0,0,0,0,0,0,0,0,0,0,0,0,0,0,0,0,0,0,349.215,0,-223.217,0
"MtrElec",9,7,22,"",229.99,0,0,0,0,0,0,0,0,0,0,0,0,0,0,0,0,0,0,0,0,281.33,0,-51.3398,0
"MtrElec",9,7,23,"",260.687,0,0,0,0,0,0,0,0,0,0,0,0,0,0,0,0,0,0,0,0,260.687,0,0,0
"MtrElec",9,7,24,"",207.848,0,0,0,0,0,0,0,0,0,0,0,0,0,0,0,0,0,0,0,0,207.848,0,0,0
"MtrElec",9,8,1,"",198.917,0,0,0,0,0,0,0,0,0,0,0,0,0,0,0,0,0,0,0,0,198.917,0,0,0
"MtrElec",9,8,2,"",156.39,0,0,0,0,0,0,0,0,0,0,0,0,0,0,0,0,0,0,0,0,156.39,0,0,0
"MtrElec",9,8,3,"",149.027,0,0,0,0,0,0,0,0,0,0,0,0,0,0,0,0,0,0,0,0,149.027,0,0,0
"MtrElec",9,8,4,"",150.629,0,0,0,0,0,0,0,0,0,0,0,0,0,0,0,0,0,0,0,0,150.629,0,0,0
"MtrElec",9,8,5,"",144.949,0,0,0,0,0,0,0,0,0,0,0,0,0,0,0,0,0,0,0,0,144.949,0,0,0
"MtrElec",9,8,6,"",162.547,0,0,0,0,0,0,0,0,0,0,0,0,0,0,0,0,0,0,0,0,162.547,0,0,0
"MtrElec",9,8,7,"",237.125,0,0,0,0,0,0,0,0,0,0,0,0,0,0,0,0,0,0,0,0,237.453,0,0,-0.327985
"MtrElec",9,8,8,"",248.47,0,0,0,0,0,0,0,0,0,0,0,0,0,0,0,0,0,0,0,0,332.89,0,0,-84.4201
"MtrElec",9,8,9,"",158.221,0,0,0,0,0,0,0,0,0,0,0,0,0,0,0,0,0,0,0,0,424.112,0,0,-265.891
"MtrElec",9,8,10,"",85.7723,0,0,0,0,0,0,0,0,0,0,0,0,0,0,0,0,0,0,0,0,520.617,0,0,-434.845
"MtrElec",9,8,11,"",0,0,0,0,0,0,0,0,0,0,0,0,0,0,0,0,0,0,0,0,0,503.663,0,51.6783,-555.341
"MtrElec",9,8,12,"",0,0,0,0,0,0,0,0,0,0,0,0,0,0,0,0,0,0,0,0,0,535.037,0,85.1149,-620.152
"MtrElec",9,8,13,"",0.0000156,0,0,0,0,0,0,0,0,0,0,0,0,0,0,0,0,0,0,0,0,527.664,0,138.585,-666.249
"MtrElec",9,8,14,"",-3.22266,0,0,0,0,0,0,0,0,0,0,0,0,0,0,0,0,0,0,0,0,449.212,0,223.217,-675.651
"MtrElec",9,8,15,"",0,0,0,0,0,0,0,0,0,0,0,0,0,0,0,0,0,0,0,0,0,493.682,0,132.837,-626.519
"MtrElec",9,8,16,"",0.0000020,0,0,0,0,0,0,0,0,0,0,0,0,0,0,0,0,0,0,0,0,498.971,0,27.2692,-526.24
"MtrElec",9,8,17,"",148.178,0,0,0,0,0,0,0,0,0,0,0,0,0,0,0,0,0,0,0,0,530.547,0,0,-382.369
"MtrElec",9,8,18,"",370.332,0,0,0,0,0,0,0,0,0,0,0,0,0,0,0,0,0,0,0,0,569.053,0,0,-198.721
"MtrElec",9,8,19,"",275.408,0,0,0,0,0,0,0,0,0,0,0,0,0,0,0,0,0,0,0,0,528.465,0,-223.217,-29.8405
"MtrElec",9,8,20,"",263.634,0,0,0,0,0,0,0,0,0,0,0,0,0,0,0,0,0,0,0,0,486.851,0,-223.217,0
"MtrElec",9,8,21,"",312.782,0,0,0,0,0,0,0,0,0,0,0,0,0,0,0,0,0,0,0,0,460.827,0,-148.045,0
"MtrElec",9,8,22,"",338.939,0,0,0,0,0,0,0,0,0,0,0,0,0,0,0,0,0,0,0,0,338.939,0,0,0
"MtrElec",9,8,23,"",307.919,0,0,0,0,0,0,0,0,0,0,0,0,0,0,0,0,0,0,0,0,307.919,0,0,0
"MtrElec",9,8,24,"",231.27,0,0,0,0,0,0,0,0,0,0,0,0,0,0,0,0,0,0,0,0,231.27,0,0,0
"MtrElec",9,9,1,"",165.688,0,0,0,0,0,0,0,0,0,0,0,0,0,0,0,0,0,0,0,0,165.688,0,0,0
"MtrElec",9,9,2,"",182.479,0,0,0,0,0,0,0,0,0,0,0,0,0,0,0,0,0,0,0,0,182.479,0,0,0
"MtrElec",9,9,3,"",147.767,0,0,0,0,0,0,0,0,0,0,0,0,0,0,0,0,0,0,0,0,147.767,0,0,0
"MtrElec",9,9,4,"",147.025,0,0,0,0,0,0,0,0,0,0,0,0,0,0,0,0,0,0,0,0,147.025,0,0,0
"MtrElec",9,9,5,"",142.119,0,0,0,0,0,0,0,0,0,0,0,0,0,0,0,0,0,0,0,0,142.119,0,0,0
"MtrElec",9,9,6,"",165.513,0,0,0,0,0,0,0,0,0,0,0,0,0,0,0,0,0,0,0,0,165.513,0,0,0
"MtrElec",9,9,7,"",239.387,0,0,0,0,0,0,0,0,0,0,0,0,0,0,0,0,0,0,0,0,239.387,0,0,0
"MtrElec",9,9,8,"",270.846,0,0,0,0,0,0,0,0,0,0,0,0,0,0,0,0,0,0,0,0,323.513,0,0,-52.6662
"MtrElec",9,9,9,"",287.038,0,0,0,0,0,0,0,0,0,0,0,0,0,0,0,0,0,0,0,0,424.559,0,0,-137.521
"MtrElec",9,9,10,"",58.9466,0,0,0,0,0,0,0,0,0,0,0,0,0,0,0,0,0,0,0,0,453.702,0,0,-394.755
"MtrElec",9,9,11,"",0,0,0,0,0,0,0,0,0,0,0,0,0,0,0,0,0,0,0,0,0,499.984,0,56.2677,-556.252
"MtrElec",9,9,12,"",0,0,0,0,0,0,0,0,0,0,0,0,0,0,0,0,0,0,0,0,0,514.005,0,132.736,-646.741
"MtrElec",9,9,13,"",0,0,0,0,0,0,0,0,0,0,0,0,0,0,0,0,0,0,0,0,0,531.171,0,148.66,-679.831
"MtrElec",9,9,14,"",0,0,0,0,0,0,0,0,0,0,0,0,0,0,0,0,0,0,0,0,0,469.35,0,211.127,-680.477
"MtrElec",9,9,15,"",0,0,0,0,0,0,0,0,0,0,0,0,0,0,0,0,0,0,0,0,0,449.321,0,187.12,-636.441
"MtrElec",9,9,16,"",0,0,0,0,0,0,0,0,0,0,0,0,0,0,0,0,0,0,0,0,0,478.805,0,53.5998,-532.405
"MtrElec",9,9,17,"",110.26,0,0,0,0,0,0,0,0,0,0,0,0,0,0,0,0,0,0,0,0,493.464,0,0,-383.203
"MtrElec",9,9,18,"",348.077,0,0,0,0,0,0,0,0,0,0,0,0,0,0,0,0,0,0,0,0,545.857,0,0,-197.78
"MtrElec",9,9,19,"",243.427,0,0,0,0,0,0,0,0,0,0,0,0,0,0,0,0,0,0,0,0,495.276,0,-223.217,-28.632
"MtrElec",9,9,20,"",250.583,0,0,0,0,0,0,0,0,0,0,0,0,0,0,0,0,0,0,0,0,473.799,0,-223.217,0
"MtrElec",9,9,21,"",238.715,0,0,0,0,0,0,0,0,0,0,0,0,0,0,0,0,0,0,0,0,461.932,0,-223.217,0
"MtrElec",9,9,22,"",259.522,0,0,0,0,0,0,0,0,0,0,0,0,0,0,0,0,0,0,0,0,302.405,0,-42.8828,0
"MtrElec",9,9,23,"",297.292,0,0,0,0,0,0,0,0,0,0,0,0,0,0,0,0,0,0,0,0,297.292,0,0,0
"MtrElec",9,9,24,"",216.458,0,0,0,0,0,0,0,0,0,0,0,0,0,0,0,0,0,0,0,0,216.458,0,0,0
"MtrElec",9,10,1,"",161.211,0,0,0,0,0,0,0,0,0,0,0,0,0,0,0,0,0,0,0,0,161.211,0,0,0
"MtrElec",9,10,2,"",154.603,0,0,0,0,0,0,0,0,0,0,0,0,0,0,0,0,0,0,0,0,154.603,0,0,0
"MtrElec",9,10,3,"",187.3,0,0,0,0,0,0,0,0,0,0,0,0,0,0,0,0,0,0,0,0,187.3,0,0,0
"MtrElec",9,10,4,"",154.152,0,0,0,0,0,0,0,0,0,0,0,0,0,0,0,0,0,0,0,0,154.152,0,0,0
"MtrElec",9,10,5,"",153.647,0,0,0,0,0,0,0,0,0,0,0,0,0,0,0,0,0,0,0,0,153.647,0,0,0
"MtrElec",9,10,6,"",153.721,0,0,0,0,0,0,0,0,0,0,0,0,0,0,0,0,0,0,0,0,153.721,0,0,0
"MtrElec",9,10,7,"",229.099,0,0,0,0,0,0,0,0,0,0,0,0,0,0,0,0,0,0,0,0,229.099,0,0,0
"MtrElec",9,10,8,"",243.942,0,0,0,0,0,0,0,0,0,0,0,0,0,0,0,0,0,0,0,0,331.855,0,0,-87.9126
"MtrElec",9,10,9,"",106.394,0,0,0,0,0,0,0,0,0,0,0,0,0,0,0,0,0,0,0,0,383.238,0,0,-276.844
"MtrElec",9,10,10,"",27.591,0,0,0,0,0,0,0,0,0,0,0,0,0,0,0,0,0,0,0,0,476.427,0,0,-448.836
"MtrElec",9,10,11,"",0.0000039,0,0,0,0,0,0,0,0,0,0,0,0,0,0,0,0,0,0,0,0,509.927,0,61.0556,-570.983
"MtrElec",9,10,12,"",0.0000156,0,0,0,0,0,0,0,0,0,0,0,0,0,0,0,0,0,0,0,0,502.26,0,153.232,-655.493
"MtrElec",9,10,13,"",0,0,0,0,0,0,0,0,0,0,0,0,0,0,0,0,0,0,0,0,0,489.349,0,199.738,-689.087
"MtrElec",9,10,14,"",0.0000156,0,0,0,0,0,0,0,0,0,0,0,0,0,0,0,0,0,0,0,0,475.898,0,203.795,-679.693
"MtrElec",9,10,15,"",-0.00285937,0,0,0,0,0,0,0,0,0,0,0,0,0,0,0,0,0,0,0,0,461.97,0,181.06,-643.032
"MtrElec",9,10,16,"",-16.1689,0,0,0,0,0,0,0,0,0,0,0,0,0,0,0,0,0,0,0,0,524.668,0,0,-540.837
"MtrElec",9,10,17,"",135.101,0,0,0,0,0,0,0,0,0,0,0,0,0,0,0,0,0,0,0,0,523.091,0,0,-387.99
"MtrElec",9,10,18,"",355.349,0,0,0,0,0,0,0,0,0,0,0,0,0,0,0,0,0,0,0,0,556.486,0,0,-201.136
"MtrElec",9,10,19,"",243.014,0,0,0,0,0,0,0,0,0,0,0,0,0,0,0,0,0,0,0,0,492.774,0,-223.217,-26.5437
"MtrElec",9,10,20,"",219.87,0,0,0,0,0,0,0,0,0,0,0,0,0,0,0,0,0,0,0,0,443.087,0,-223.217,0
"MtrElec",9,10,21,"",223.251,0,0,0,0,0,0,0,0,0,0,0,0,0,0,0,0,0,0,0,0,446.468,0,-223.217,0
"MtrElec",9,10,22,"",280.789,0,0,0,0,0,0,0,0,0,0,0,0,0,0,0,0,0,0,0,0,332.129,0,-51.3398,0
"MtrElec",9,10,23,"",262.136,0,0,0,0,0,0,0,0,0,0,0,0,0,0,0,0,0,0,0,0,262.136,0,0,0
"MtrElec",9,10,24,"",238.77,0,0,0,0,0,0,0,0,0,0,0,0,0,0,0,0,0,0,0,0,238.77,0,0,0
"MtrElec",9,11,1,"",155.859,0,0,0,0,0,0,0,0,0,0,0,0,0,0,0,0,0,0,0,0,155.859,0,0,0
"MtrElec",9,11,2,"",153.714,0,0,0,0,0,0,0,0,0,0,0,0,0,0,0,0,0,0,0,0,153.714,0,0,0
"MtrElec",9,11,3,"",149.209,0,0,0,0,0,0,0,0,0,0,0,0,0,0,0,0,0,0,0,0,149.209,0,0,0
"MtrElec",9,11,4,"",153.041,0,0,0,0,0,0,0,0,0,0,0,0,0,0,0,0,0,0,0,0,153.041,0,0,0
"MtrElec",9,11,5,"",149.701,0,0,0,0,0,0,0,0,0,0,0,0,0,0,0,0,0,0,0,0,149.701,0,0,0
"MtrElec",9,11,6,"",188.131,0,0,0,0,0,0,0,0,0,0,0,0,0,0,0,0,0,0,0,0,188.131,0,0,0
"MtrElec",9,11,7,"",216.133,0,0,0,0,0,0,0,0,0,0,0,0,0,0,0,0,0,0,0,0,216.133,0,0,0
"MtrElec",9,11,8,"",263.391,0,0,0,0,0,0,0,0,0,0,0,0,0,0,0,0,0,0,0,0,332.045,0,0,-68.6537
"MtrElec",9,11,9,"",207.141,0,0,0,0,0,0,0,0,0,0,0,0,0,0,0,0,0,0,0,0,406.918,0,0,-199.778
"MtrElec",9,11,10,"",-30.6257,0,0,0,0,0,0,0,0,0,0,0,0,0,0,0,0,0,0,0,0,416.984,0,0,-447.61
"MtrElec",9,11,11,"",0.0000039,0,0,0,0,0,0,0,0,0,0,0,0,0,0,0,0,0,0,0,0,503.328,0,61.022,-564.35
"MtrElec",9,11,12,"",0.0000078,0,0,0,0,0,0,0,0,0,0,0,0,0,0,0,0,0,0,0,0,525.51,0,125.695,-651.206
"MtrElec",9,11,13,"",0.0000156,0,0,0,0,0,0,0,0,0,0,0,0,0,0,0,0,0,0,0,0,519.938,0,176.634,-696.573
"MtrElec",9,11,14,"",-3.24253,0,0,0,0,0,0,0,0,0,0,0,0,0,0,0,0,0,0,0,0,465.723,0,223.217,-692.182
"MtrElec",9,11,15,"",0.0000156,0,0,0,0,0,0,0,0,0,0,0,0,0,0,0,0,0,0,0,0,438.822,0,197.028,-635.85
"MtrElec",9,11,16,"",-34.069,0,0,0,0,0,0,0,0,0,0,0,0,0,0,0,0,0,0,0,0,487.486,0,15.2848,-536.839
"MtrElec",9,11,17,"",102.217,0,0,0,0,0,0,0,0,0,0,0,0,0,0,0,0,0,0,0,0,489.27,0,0,-387.053
"MtrElec",9,11,18,"",334.568,0,0,0,0,0,0,0,0,0,0,0,0,0,0,0,0,0,0,0,0,531.263,0,0,-196.695
"MtrElec",9,11,19,"",219.968,0,0,0,0,0,0,0,0,0,0,0,0,0,0,0,0,0,0,0,0,468.688,0,-223.217,-25.503
"MtrElec",9,11,20,"",193.815,0,0,0,0,0,0,0,0,0,0,0,0,0,0,0,0,0,0,0,0,417.032,0,-223.217,0
"MtrElec",9,11,21,"",228.247,0,0,0,0,0,0,0,0,0,0,0,0,0,0,0,0,0,0,0,0,451.464,0,-223.217,0
"MtrElec",9,11,22,"",230.902,0,0,0,0,0,0,0,0,0,0,0,0,0,0,0,0,0,0,0,0,282.242,0,-51.3398,0
"MtrElec",9,11,23,"",249.084,0,0,0,0,0,0,0,0,0,0,0,0,0,0,0,0,0,0,0,0,249.084,0,0,0
"MtrElec",9,11,24,"",232.196,0,0,0,0,0,0,0,0,0,0,0,0,0,0,0,0,0,0,0,0,232.196,0,0,0
"MtrElec",9,12,1,"",168.824,0,0,0,0,0,0,0,0,0,0,0,0,0,0,0,0,0,0,0,0,168.824,0,0,0
"MtrElec",9,12,2,"",151.495,0,0,0,0,0,0,0,0,0,0,0,0,0,0,0,0,0,0,0,0,151.495,0,0,0
"MtrElec",9,12,3,"",152.758,0,0,0,0,0,0,0,0,0,0,0,0,0,0,0,0,0,0,0,0,152.758,0,0,0
"MtrElec",9,12,4,"",150.128,0,0,0,0,0,0,0,0,0,0,0,0,0,0,0,0,0,0,0,0,150.128,0,0,0
"MtrElec",9,12,5,"",160.205,0,0,0,0,0,0,0,0,0,0,0,0,0,0,0,0,0,0,0,0,160.205,0,0,0
"MtrElec",9,12,6,"",152.9,0,0,0,0,0,0,0,0,0,0,0,0,0,0,0,0,0,0,0,0,152.9,0,0,0
"MtrElec",9,12,7,"",224.105,0,0,0,0,0,0,0,0,0,0,0,0,0,0,0,0,0,0,0,0,224.105,0,0,0
"MtrElec",9,12,8,"",236.794,0,0,0,0,0,0,0,0,0,0,0,0,0,0,0,0,0,0,0,0,256.349,0,0,-19.5549
"MtrElec",9,12,9,"",319.622,0,0,0,0,0,0,0,0,0,0,0,0,0,0,0,0,0,0,0,0,377.369,0,0,-57.7475
"MtrElec",9,12,10,"",274.768,0,0,0,0,0,0,0,0,0,0,0,0,0,0,0,0,0,0,0,0,394.017,0,0,-119.249
"MtrElec",9,12,11,"",260.593,0,0,0,0,0,0,0,0,0,0,0,0,0,0,0,0,0,0,0,0,466.354,0,0,-205.762
"MtrElec",9,12,12,"",140.027,0,0,0,0,0,0,0,0,0,0,0,0,0,0,0,0,0,0,0,0,477.822,0,0,-337.796
"MtrElec",9,12,13,"",128.952,0,0,0,0,0,0,0,0,0,0,0,0,0,0,0,0,0,0,0,0,517.85,0,0,-388.898
"MtrElec",9,12,14,"",104.724,0,0,0,0,0,0,0,0,0,0,0,0,0,0,0,0,0,0,0,0,489.403,0,0,-384.679
"MtrElec",9,12,15,"",202.377,0,0,0,0,0,0,0,0,0,0,0,0,0,0,0,0,0,0,0,0,518.331,0,0,-315.955
"MtrElec",9,12,16,"",210.996,0,0,0,0,0,0,0,0,0,0,0,0,0,0,0,0,0,0,0,0,464.17,0,0,-253.175
"MtrElec",9,12,17,"",328.999,0,0,0,0,0,0,0,0,0,0,0,0,0,0,0,0,0,0,0,0,508.539,0,0,-179.54
"MtrElec",9,12,18,"",349.445,0,0,0,0,0,0,0,0,0,0,0,0,0,0,0,0,0,0,0,0,465.528,0,0,-116.084
"MtrElec",9,12,19,"",445.11,0,0,0,0,0,0,0,0,0,0,0,0,0,0,0,0,0,0,0,0,472.206,0,0,-27.0959
"MtrElec",9,12,20,"",399.749,0,0,0,0,0,0,0,0,0,0,0,0,0,0,0,0,0,0,0,0,399.749,0,0,0
"MtrElec",9,12,21,"",376.055,0,0,0,0,0,0,0,0,0,0,0,0,0,0,0,0,0,0,0,0,376.055,0,0,0
"MtrElec",9,12,22,"",330.627,0,0,0,0,0,0,0,0,0,0,0,0,0,0,0,0,0,0,0,0,330.627,0,0,0
"MtrElec",9,12,23,"",248.955,0,0,0,0,0,0,0,0,0,0,0,0,0,0,0,0,0,0,0,0,248.955,0,0,0
"MtrElec",9,12,24,"",210.317,0,0,0,0,0,0,0,0,0,0,0,0,0,0,0,0,0,0,0,0,210.317,0,0,0
"MtrElec",9,13,1,"",175.233,0,0,0,0,0,0,0,0,0,0,0,0,0,0,0,0,0,0,0,0,175.233,0,0,0
"MtrElec",9,13,2,"",153.093,0,0,0,0,0,0,0,0,0,0,0,0,0,0,0,0,0,0,0,0,153.093,0,0,0
"MtrElec",9,13,3,"",152.799,0,0,0,0,0,0,0,0,0,0,0,0,0,0,0,0,0,0,0,0,152.799,0,0,0
"MtrElec",9,13,4,"",186.74,0,0,0,0,0,0,0,0,0,0,0,0,0,0,0,0,0,0,0,0,186.74,0,0,0
"MtrElec",9,13,5,"",182.62,0,0,0,0,0,0,0,0,0,0,0,0,0,0,0,0,0,0,0,0,182.62,0,0,0
"MtrElec",9,13,6,"",151.708,0,0,0,0,0,0,0,0,0,0,0,0,0,0,0,0,0,0,0,0,151.708,0,0,0
"MtrElec",9,13,7,"",157.406,0,0,0,0,0,0,0,0,0,0,0,0,0,0,0,0,0,0,0,0,157.406,0,0,0
"MtrElec",9,13,8,"",198.367,0,0,0,0,0,0,0,0,0,0,0,0,0,0,0,0,0,0,0,0,221.084,0,0,-22.7173
"MtrElec",9,13,9,"",208.038,0,0,0,0,0,0,0,0,0,0,0,0,0,0,0,0,0,0,0,0,288.106,0,0,-80.0675
"MtrElec",9,13,10,"",205.454,0,0,0,0,0,0,0,0,0,0,0,0,0,0,0,0,0,0,0,0,342.122,0,0,-136.668
"MtrElec",9,13,11,"",256.546,0,0,0,0,0,0,0,0,0,0,0,0,0,0,0,0,0,0,0,0,476.045,0,0,-219.499
"MtrElec",9,13,12,"",78.4882,0,0,0,0,0,0,0,0,0,0,0,0,0,0,0,0,0,0,0,0,374.687,0,0,-296.199
"MtrElec",9,13,13,"",62.1338,0,0,0,0,0,0,0,0,0,0,0,0,0,0,0,0,0,0,0,0,405.83,0,0,-343.696
"MtrElec",9,13,14,"",42.7679,0,0,0,0,0,0,0,0,0,0,0,0,0,0,0,0,0,0,0,0,381.972,0,0,-339.204
"MtrElec",9,13,15,"",0,0,0,0,0,0,0,0,0,0,0,0,0,0,0,0,0,0,0,0,0,388.54,0,34.7977,-423.338
"MtrElec",9,13,16,"",6.73628,0,0,0,0,0,0,0,0,0,0,0,0,0,0,0,0,0,0,0,0,387.445,0,0,-380.709
"MtrElec",9,13,17,"",30.1199,0,0,0,0,0,0,0,0,0,0,0,0,0,0,0,0,0,0,0,0,391.28,0,0,-361.16
"MtrElec",9,13,18,"",187.696,0,0,0,0,0,0,0,0,0,0,0,0,0,0,0,0,0,0,0,0,380,0,0,-192.304
"MtrElec",9,13,19,"",350.344,0,0,0,0,0,0,0,0,0,0,0,0,0,0,0,0,0,0,0,0,405.799,0,-31.405,-24.0503
"MtrElec",9,13,20,"",338.685,0,0,0,0,0,0,0,0,0,0,0,0,0,0,0,0,0,0,0,0,338.685,0,0,0
"MtrElec",9,13,21,"",336.321,0,0,0,0,0,0,0,0,0,0,0,0,0,0,0,0,0,0,0,0,336.321,0,0,0
"MtrElec",9,13,22,"",335.551,0,0,0,0,0,0,0,0,0,0,0,0,0,0,0,0,0,0,0,0,335.551,0,0,0
"MtrElec",9,13,23,"",194.55,0,0,0,0,0,0,0,0,0,0,0,0,0,0,0,0,0,0,0,0,194.55,0,0,0
"MtrElec",9,13,24,"",214.815,0,0,0,0,0,0,0,0,0,0,0,0,0,0,0,0,0,0,0,0,214.815,0,0,0
"MtrElec",9,14,1,"",162.246,0,0,0,0,0,0,0,0,0,0,0,0,0,0,0,0,0,0,0,0,162.246,0,0,0
"MtrElec",9,14,2,"",155.197,0,0,0,0,0,0,0,0,0,0,0,0,0,0,0,0,0,0,0,0,155.197,0,0,0
"MtrElec",9,14,3,"",148.076,0,0,0,0,0,0,0,0,0,0,0,0,0,0,0,0,0,0,0,0,148.076,0,0,0
"MtrElec",9,14,4,"",146.999,0,0,0,0,0,0,0,0,0,0,0,0,0,0,0,0,0,0,0,0,146.999,0,0,0
"MtrElec",9,14,5,"",143.42,0,0,0,0,0,0,0,0,0,0,0,0,0,0,0,0,0,0,0,0,143.42,0,0,0
"MtrElec",9,14,6,"",165.893,0,0,0,0,0,0,0,0,0,0,0,0,0,0,0,0,0,0,0,0,165.893,0,0,0
"MtrElec",9,14,7,"",218.029,0,0,0,0,0,0,0,0,0,0,0,0,0,0,0,0,0,0,0,0,218.11,0,0,-0.0807552
"MtrElec",9,14,8,"",212.778,0,0,0,0,0,0,0,0,0,0,0,0,0,0,0,0,0,0,0,0,290.771,0,0,-77.993
"MtrElec",9,14,9,"",138.376,0,0,0,0,0,0,0,0,0,0,0,0,0,0,0,0,0,0,0,0,366.041,0,0,-227.665
"MtrElec",9,14,10,"",1.94512,0,0,0,0,0,0,0,0,0,0,0,0,0,0,0,0,0,0,0,0,457.08,0,0,-455.135
"MtrElec",9,14,11,"",0,0,0,0,0,0,0,0,0,0,0,0,0,0,0,0,0,0,0,0,0,454.692,0,125.674,-580.366
"MtrElec",9,14,12,"",0,0,0,0,0,0,0,0,0,0,0,0,0,0,0,0,0,0,0,0,0,455.906,0,196.846,-652.752
"MtrElec",9,14,13,"",-25.1298,0,0,0,0,0,0,0,0,0,0,0,0,0,0,0,0,0,0,0,0,444.766,0,223.217,-693.112
"MtrElec",9,14,14,"",-14.9665,0,0,0,0,0,0,0,0,0,0,0,0,0,0,0,0,0,0,0,0,400.722,0,223.217,-638.905
"MtrElec",9,14,15,"",-174.687,0,0,0,0,0,0,0,0,0,0,0,0,0,0,0,0,0,0,0,0,374.363,0,29.9277,-578.977
"MtrElec",9,14,16,"",-66.4822,0,0,0,0,0,0,0,0,0,0,0,0,0,0,0,0,0,0,0,0,418.536,0,0,-485.019
"MtrElec",9,14,17,"",49.0793,0,0,0,0,0,0,0,0,0,0,0,0,0,0,0,0,0,0,0,0,424.542,0,0,-375.463
"MtrElec",9,14,18,"",265.979,0,0,0,0,0,0,0,0,0,0,0,0,0,0,0,0,0,0,0,0,457.329,0,0,-191.35
"MtrElec",9,14,19,"",182.577,0,0,0,0,0,0,0,0,0,0,0,0,0,0,0,0,0,0,0,0,429.329,0,-223.217,-23.5352
"MtrElec",9,14,20,"",199.5,0,0,0,0,0,0,0,0,0,0,0,0,0,0,0,0,0,0,0,0,422.716,0,-223.217,0
"MtrElec",9,14,21,"",173.335,0,0,0,0,0,0,0,0,0,0,0,0,0,0,0,0,0,0,0,0,396.552,0,-223.217,0
"MtrElec",9,14,22,"",250.938,0,0,0,0,0,0,0,0,0,0,0,0,0,0,0,0,0,0,0,0,302.277,0,-51.3398,0
"MtrElec",9,14,23,"",276.835,0,0,0,0,0,0,0,0,0,0,0,0,0,0,0,0,0,0,0,0,276.835,0,0,0
"MtrElec",9,14,24,"",198.074,0,0,0,0,0,0,0,0,0,0,0,0,0,0,0,0,0,0,0,0,198.074,0,0,0
"MtrElec",9,15,1,"",157.626,0,0,0,0,0,0,0,0,0,0,0,0,0,0,0,0,0,0,0,0,157.626,0,0,0
"MtrElec",9,15,2,"",151.614,0,0,0,0,0,0,0,0,0,0,0,0,0,0,0,0,0,0,0,0,151.614,0,0,0
"MtrElec",9,15,3,"",145.214,0,0,0,0,0,0,0,0,0,0,0,0,0,0,0,0,0,0,0,0,145.214,0,0,0
"MtrElec",9,15,4,"",148.511,0,0,0,0,0,0,0,0,0,0,0,0,0,0,0,0,0,0,0,0,148.511,0,0,0
"MtrElec",9,15,5,"",144.797,0,0,0,0,0,0,0,0,0,0,0,0,0,0,0,0,0,0,0,0,144.797,0,0,0
"MtrElec",9,15,6,"",194.41,0,0,0,0,0,0,0,0,0,0,0,0,0,0,0,0,0,0,0,0,194.41,0,0,0
"MtrElec",9,15,7,"",209.924,0,0,0,0,0,0,0,0,0,0,0,0,0,0,0,0,0,0,0,0,209.944,0,0,-0.020161
"MtrElec",9,15,8,"",227.431,0,0,0,0,0,0,0,0,0,0,0,0,0,0,0,0,0,0,0,0,315.198,0,0,-87.7668
"MtrElec",9,15,9,"",84.2601,0,0,0,0,0,0,0,0,0,0,0,0,0,0,0,0,0,0,0,0,365.194,0,0,-280.934
"MtrElec",9,15,10,"",14.3133,0,0,0,0,0,0,0,0,0,0,0,0,0,0,0,0,0,0,0,0,465.436,0,0,-451.123
"MtrElec",9,15,11,"",0.0000078,0,0,0,0,0,0,0,0,0,0,0,0,0,0,0,0,0,0,0,0,464,0,108.361,-572.361
"MtrElec",9,15,12,"",0,0,0,0,0,0,0,0,0,0,0,0,0,0,0,0,0,0,0,0,0,464.74,0,184.773,-649.513
"MtrElec",9,15,13,"",0.0000078,0,0,0,0,0,0,0,0,0,0,0,0,0,0,0,0,0,0,0,0,547.713,0,130.149,-677.862
"MtrElec",9,15,14,"",-45.2052,0,0,0,0,0,0,0,0,0,0,0,0,0,0,0,0,0,0,0,0,411.627,0,223.217,-680.049
"MtrElec",9,15,15,"",-18.58,0,0,0,0,0,0,0,0,0,0,0,0,0,0,0,0,0,0,0,0,466.027,0,152.381,-636.988
"MtrElec",9,15,16,"",-100.705,0,0,0,0,0,0,0,0,0,0,0,0,0,0,0,0,0,0,0,0,433.045,0,0,-533.75
"MtrElec",9,15,17,"",102.017,0,0,0,0,0,0,0,0,0,0,0,0,0,0,0,0,0,0,0,0,481.767,0,0,-379.75
"MtrElec",9,15,18,"",305.687,0,0,0,0,0,0,0,0,0,0,0,0,0,0,0,0,0,0,0,0,493.01,0,0,-187.323
"MtrElec",9,15,19,"",214.975,0,0,0,0,0,0,0,0,0,0,0,0,0,0,0,0,0,0,0,0,460.182,0,-223.217,-21.99
"MtrElec",9,15,20,"",213.274,0,0,0,0,0,0,0,0,0,0,0,0,0,0,0,0,0,0,0,0,436.491,0,-223.217,0
"MtrElec",9,15,21,"",220.075,0,0,0,0,0,0,0,0,0,0,0,0,0,0,0,0,0,0,0,0,443.292,0,-223.217,0
"MtrElec",9,15,22,"",273.442,0,0,0,0,0,0,0,0,0,0,0,0,0,0,0,0,0,0,0,0,324.781,0,-51.3398,0
"MtrElec",9,15,23,"",275.197,0,0,0,0,0,0,0,0,0,0,0,0,0,0,0,0,0,0,0,0,275.197,0,0,0
"MtrElec",9,15,24,"",211.894,0,0,0,0,0,0,0,0,0,0,0,0,0,0,0,0,0,0,0,0,211.894,0,0,0
"MtrElec",9,16,1,"",162.539,0,0,0,0,0,0,0,0,0,0,0,0,0,0,0,0,0,0,0,0,162.539,0,0,0
"MtrElec",9,16,2,"",151.668,0,0,0,0,0,0,0,0,0,0,0,0,0,0,0,0,0,0,0,0,151.668,0,0,0
"MtrElec",9,16,3,"",146.819,0,0,0,0,0,0,0,0,0,0,0,0,0,0,0,0,0,0,0,0,146.819,0,0,0
"MtrElec",9,16,4,"",147.393,0,0,0,0,0,0,0,0,0,0,0,0,0,0,0,0,0,0,0,0,147.393,0,0,0
"MtrElec",9,16,5,"",145.157,0,0,0,0,0,0,0,0,0,0,0,0,0,0,0,0,0,0,0,0,145.157,0,0,0
"MtrElec",9,16,6,"",184.543,0,0,0,0,0,0,0,0,0,0,0,0,0,0,0,0,0,0,0,0,184.543,0,0,0
"MtrElec",9,16,7,"",257.415,0,0,0,0,0,0,0,0,0,0,0,0,0,0,0,0,0,0,0,0,257.463,0,0,-0.0482312
"MtrElec",9,16,8,"",210.953,0,0,0,0,0,0,0,0,0,0,0,0,0,0,0,0,0,0,0,0,297.889,0,0,-86.9363
"MtrElec",9,16,9,"",87.7263,0,0,0,0,0,0,0,0,0,0,0,0,0,0,0,0,0,0,0,0,368.682,0,0,-280.955
"MtrElec",9,16,10,"",-1.96319,0,0,0,0,0,0,0,0,0,0,0,0,0,0,0,0,0,0,0,0,448.799,0,0,-450.762
"MtrElec",9,16,11,"",0,0,0,0,0,0,0,0,0,0,0,0,0,0,0,0,0,0,0,0,0,479.03,0,91.5507,-570.581
"MtrElec",9,16,12,"",0,0,0,0,0,0,0,0,0,0,0,0,0,0,0,0,0,0,0,0,0,500.772,0,159.895,-660.667
"MtrElec",9,16,13,"",0,0,0,0,0,0,0,0,0,0,0,0,0,0,0,0,0,0,0,0,0,548.334,0,162.403,-710.737
"MtrElec",9,16,14,"",-44.0196,0,0,0,0,0,0,0,0,0,0,0,0,0,0,0,0,0,0,0,0,441.903,0,223.217,-709.139
"MtrElec",9,16,15,"",-78.5778,0,0,0,0,0,0,0,0,0,0,0,0,0,0,0,0,0,0,0,0,408.232,0,161.816,-648.626
"MtrElec",9,16,16,"",-88.4117,0,0,0,0,0,0,0,0,0,0,0,0,0,0,0,0,0,0,0,0,442.964,0,0,-531.376
"MtrElec",9,16,17,"",111.648,0,0,0,0,0,0,0,0,0,0,0,0,0,0,0,0,0,0,0,0,485.704,0,0,-374.056
"MtrElec",9,16,18,"",362.609,0,0,0,0,0,0,0,0,0,0,0,0,0,0,0,0,0,0,0,0,544.431,0,0,-181.822
"MtrElec",9,16,19,"",206.433,0,0,0,0,0,0,0,0,0,0,0,0,0,0,0,0,0,0,0,0,450.583,0,-223.217,-20.9331
"MtrElec",9,16,20,"",227.837,0,0,0,0,0,0,0,0,0,0,0,0,0,0,0,0,0,0,0,0,451.054,0,-223.217,0
"MtrElec",9,16,21,"",232.877,0,0,0,0,0,0,0,0,0,0,0,0,0,0,0,0,0,0,0,0,456.094,0,-223.217,0
"MtrElec",9,16,22,"",238.397,0,0,0,0,0,0,0,0,0,0,0,0,0,0,0,0,0,0,0,0,289.737,0,-51.3398,0
"MtrElec",9,16,23,"",253.136,0,0,0,0,0,0,0,0,0,0,0,0,0,0,0,0,0,0,0,0,253.136,0,0,0
"MtrElec",9,16,24,"",206.386,0,0,0,0,0,0,0,0,0,0,0,0,0,0,0,0,0,0,0,0,206.386,0,0,0
"MtrElec",9,17,1,"",209.857,0,0,0,0,0,0,0,0,0,0,0,0,0,0,0,0,0,0,0,0,209.857,0,0,0
"MtrElec",9,17,2,"",153.531,0,0,0,0,0,0,0,0,0,0,0,0,0,0,0,0,0,0,0,0,153.531,0,0,0
"MtrElec",9,17,3,"",146.371,0,0,0,0,0,0,0,0,0,0,0,0,0,0,0,0,0,0,0,0,146.371,0,0,0
"MtrElec",9,17,4,"",147.271,0,0,0,0,0,0,0,0,0,0,0,0,0,0,0,0,0,0,0,0,147.271,0,0,0
"MtrElec",9,17,5,"",145.989,0,0,0,0,0,0,0,0,0,0,0,0,0,0,0,0,0,0,0,0,145.989,0,0,0
"MtrElec",9,17,6,"",167.912,0,0,0,0,0,0,0,0,0,0,0,0,0,0,0,0,0,0,0,0,167.912,0,0,0
"MtrElec",9,17,7,"",225.422,0,0,0,0,0,0,0,0,0,0,0,0,0,0,0,0,0,0,0,0,225.422,0,0,0
"MtrElec",9,17,8,"",223.424,0,0,0,0,0,0,0,0,0,0,0,0,0,0,0,0,0,0,0,0,306.25,0,0,-82.8261
"MtrElec",9,17,9,"",109.504,0,0,0,0,0,0,0,0,0,0,0,0,0,0,0,0,0,0,0,0,381.409,0,0,-271.905
"MtrElec",9,17,10,"",-22.4543,0,0,0,0,0,0,0,0,0,0,0,0,0,0,0,0,0,0,0,0,415.07,0,0,-437.524
"MtrElec",9,17,11,"",0.0000078,0,0,0,0,0,0,0,0,0,0,0,0,0,0,0,0,0,0,0,0,472.284,0,91.6758,-563.96
"MtrElec",9,17,12,"",0,0,0,0,0,0,0,0,0,0,0,0,0,0,0,0,0,0,0,0,0,508.852,0,134.079,-642.932
"MtrElec",9,17,13,"",0,0,0,0,0,0,0,0,0,0,0,0,0,0,0,0,0,0,0,0,0,544.755,0,120.649,-665.404
"MtrElec",9,17,14,"",0,0,0,0,0,0,0,0,0,0,0,0,0,0,0,0,0,0,0,0,0,451.894,0,215.587,-667.481
"MtrElec",9,17,15,"",0.0000156,0,0,0,0,0,0,0,0,0,0,0,0,0,0,0,0,0,0,0,0,463.884,0,163.506,-627.39
"MtrElec",9,17,16,"",0.0000010,0,0,0,0,0,0,0,0,0,0,0,0,0,0,0,0,0,0,0,0,513.029,0,9.36816,-522.397
"MtrElec",9,17,17,"",199.697,0,0,0,0,0,0,0,0,0,0,0,0,0,0,0,0,0,0,0,0,567.719,0,0,-368.022
"MtrElec",9,17,18,"",346.883,0,0,0,0,0,0,0,0,0,0,0,0,0,0,0,0,0,0,0,0,525.186,0,0,-178.303
"MtrElec",9,17,19,"",290.395,0,0,0,0,0,0,0,0,0,0,0,0,0,0,0,0,0,0,0,0,532.717,0,-223.217,-19.1053
"MtrElec",9,17,20,"",229.885,0,0,0,0,0,0,0,0,0,0,0,0,0,0,0,0,0,0,0,0,453.101,0,-223.217,0
"MtrElec",9,17,21,"",210.267,0,0,0,0,0,0,0,0,0,0,0,0,0,0,0,0,0,0,0,0,427.05,0,-216.782,0
"MtrElec",9,17,22,"",310.787,0,0,0,0,0,0,0,0,0,0,0,0,0,0,0,0,0,0,0,0,310.787,0,0,0
"MtrElec",9,17,23,"",248.999,0,0,0,0,0,0,0,0,0,0,0,0,0,0,0,0,0,0,0,0,248.999,0,0,0
"MtrElec",9,17,24,"",204.019,0,0,0,0,0,0,0,0,0,0,0,0,0,0,0,0,0,0,0,0,204.019,0,0,0
"MtrElec",9,18,1,"",157.917,0,0,0,0,0,0,0,0,0,0,0,0,0,0,0,0,0,0,0,0,157.917,0,0,0
"MtrElec",9,18,2,"",152.272,0,0,0,0,0,0,0,0,0,0,0,0,0,0,0,0,0,0,0,0,152.272,0,0,0
"MtrElec",9,18,3,"",152.824,0,0,0,0,0,0,0,0,0,0,0,0,0,0,0,0,0,0,0,0,152.824,0,0,0
"MtrElec",9,18,4,"",150.324,0,0,0,0,0,0,0,0,0,0,0,0,0,0,0,0,0,0,0,0,150.324,0,0,0
"MtrElec",9,18,5,"",149.643,0,0,0,0,0,0,0,0,0,0,0,0,0,0,0,0,0,0,0,0,149.643,0,0,0
"MtrElec",9,18,6,"",186.4,0,0,0,0,0,0,0,0,0,0,0,0,0,0,0,0,0,0,0,0,186.4,0,0,0
"MtrElec",9,18,7,"",216.882,0,0,0,0,0,0,0,0,0,0,0,0,0,0,0,0,0,0,0,0,216.882,0,0,0
"MtrElec",9,18,8,"",229.608,0,0,0,0,0,0,0,0,0,0,0,0,0,0,0,0,0,0,0,0,314.897,0,0,-85.2896
"MtrElec",9,18,9,"",74.1542,0,0,0,0,0,0,0,0,0,0,0,0,0,0,0,0,0,0,0,0,353.255,0,0,-279.101
"MtrElec",9,18,10,"",90.2075,0,0,0,0,0,0,0,0,0,0,0,0,0,0,0,0,0,0,0,0,490.56,0,0,-400.352
"MtrElec",9,18,11,"",0,0,0,0,0,0,0,0,0,0,0,0,0,0,0,0,0,0,0,0,0,489.188,0,3.41587,-492.604
"MtrElec",9,18,12,"",0.0000039,0,0,0,0,0,0,0,0,0,0,0,0,0,0,0,0,0,0,0,0,534.01,0,64.767,-598.777
"MtrElec",9,18,13,"",0,0,0,0,0,0,0,0,0,0,0,0,0,0,0,0,0,0,0,0,0,614.564,0,16.9746,-631.539
"MtrElec",9,18,14,"",0,0,0,0,0,0,0,0,0,0,0,0,0,0,0,0,0,0,0,0,0,500.96,0,118.051,-619.011
"MtrElec",9,18,15,"",0,0,0,0,0,0,0,0,0,0,0,0,0,0,0,0,0,0,0,0,0,557.496,0,38.9927,-596.489
"MtrElec",9,18,16,"",39.9647,0,0,0,0,0,0,0,0,0,0,0,0,0,0,0,0,0,0,0,0,545.113,0,0,-505.149
"MtrElec",9,18,17,"",226.716,0,0,0,0,0,0,0,0,0,0,0,0,0,0,0,0,0,0,0,0,579.968,0,0,-353.252
"MtrElec",9,18,18,"",413.388,0,0,0,0,0,0,0,0,0,0,0,0,0,0,0,0,0,0,0,0,581.026,0,0,-167.638
"MtrElec",9,18,19,"",280.935,0,0,0,0,0,0,0,0,0,0,0,0,0,0,0,0,0,0,0,0,517.035,0,-218.587,-17.5135
"MtrElec",9,18,20,"",489.809,0,0,0,0,0,0,0,0,0,0,0,0,0,0,0,0,0,0,0,0,489.809,0,0,0
"MtrElec",9,18,21,"",469.5,0,0,0,0,0,0,0,0,0,0,0,0,0,0,0,0,0,0,0,0,469.5,0,0,0
"MtrElec",9,18,22,"",315.278,0,0,0,0,0,0,0,0,0,0,0,0,0,0,0,0,0,0,0,0,315.278,0,0,0
"MtrElec",9,18,23,"",293.021,0,0,0,0,0,0,0,0,0,0,0,0,0,0,0,0,0,0,0,0,293.021,0,0,0
"MtrElec",9,18,24,"",270.124,0,0,0,0,0,0,0,0,0,0,0,0,0,0,0,0,0,0,0,0,270.124,0,0,0
"MtrElec",9,19,1,"",163.174,0,0,0,0,0,0,0,0,0,0,0,0,0,0,0,0,0,0,0,0,163.174,0,0,0
"MtrElec",9,19,2,"",154.23,0,0,0,0,0,0,0,0,0,0,0,0,0,0,0,0,0,0,0,0,154.23,0,0,0
"MtrElec",9,19,3,"",149.793,0,0,0,0,0,0,0,0,0,0,0,0,0,0,0,0,0,0,0,0,149.793,0,0,0
"MtrElec",9,19,4,"",148.943,0,0,0,0,0,0,0,0,0,0,0,0,0,0,0,0,0,0,0,0,148.943,0,0,0
"MtrElec",9,19,5,"",144.149,0,0,0,0,0,0,0,0,0,0,0,0,0,0,0,0,0,0,0,0,144.149,0,0,0
"MtrElec",9,19,6,"",151.196,0,0,0,0,0,0,0,0,0,0,0,0,0,0,0,0,0,0,0,0,151.196,0,0,0
"MtrElec",9,19,7,"",215.637,0,0,0,0,0,0,0,0,0,0,0,0,0,0,0,0,0,0,0,0,215.637,0,0,0
"MtrElec",9,19,8,"",204.599,0,0,0,0,0,0,0,0,0,0,0,0,0,0,0,0,0,0,0,0,248.541,0,0,-43.9427
"MtrElec",9,19,9,"",182.271,0,0,0,0,0,0,0,0,0,0,0,0,0,0,0,0,0,0,0,0,305.962,0,0,-123.691
"MtrElec",9,19,10,"",173.428,0,0,0,0,0,0,0,0,0,0,0,0,0,0,0,0,0,0,0,0,415.206,0,0,-241.778
"MtrElec",9,19,11,"",59.1855,0,0,0,0,0,0,0,0,0,0,0,0,0,0,0,0,0,0,0,0,478.324,0,0,-419.139
"MtrElec",9,19,12,"",18.9268,0,0,0,0,0,0,0,0,0,0,0,0,0,0,0,0,0,0,0,0,554.295,0,0,-535.369
"MtrElec",9,19,13,"",147.098,0,0,0,0,0,0,0,0,0,0,0,0,0,0,0,0,0,0,0,0,620.552,0,0,-473.454
"MtrElec",9,19,14,"",460.377,0,0,0,0,0,0,0,0,0,0,0,0,0,0,0,0,0,0,0,0,525.214,0,0,-64.837
"MtrElec",9,19,15,"",330.424,0,0,0,0,0,0,0,0,0,0,0,0,0,0,0,0,0,0,0,0,516.407,0,0,-185.983
"MtrElec",9,19,16,"",152.008,0,0,0,0,0,0,0,0,0,0,0,0,0,0,0,0,0,0,0,0,501.598,0,0,-349.591
"MtrElec",9,19,17,"",400.133,0,0,0,0,0,0,0,0,0,0,0,0,0,0,0,0,0,0,0,0,464.119,0,0,-63.9859
"MtrElec",9,19,18,"",476.123,0,0,0,0,0,0,0,0,0,0,0,0,0,0,0,0,0,0,0,0,510.582,0,0,-34.4591
"MtrElec",9,19,19,"",572.143,0,0,0,0,0,0,0,0,0,0,0,0,0,0,0,0,0,0,0,0,575.239,0,0,-3.0964
"MtrElec",9,19,20,"",462.294,0,0,0,0,0,0,0,0,0,0,0,0,0,0,0,0,0,0,0,0,462.294,0,0,0
"MtrElec",9,19,21,"",353.088,0,0,0,0,0,0,0,0,0,0,0,0,0,0,0,0,0,0,0,0,353.088,0,0,0
"MtrElec",9,19,22,"",373.438,0,0,0,0,0,0,0,0,0,0,0,0,0,0,0,0,0,0,0,0,373.438,0,0,0
"MtrElec",9,19,23,"",288.012,0,0,0,0,0,0,0,0,0,0,0,0,0,0,0,0,0,0,0,0,288.012,0,0,0
"MtrElec",9,19,24,"",230.401,0,0,0,0,0,0,0,0,0,0,0,0,0,0,0,0,0,0,0,0,230.401,0,0,0
"MtrElec",9,20,1,"",184.04,0,0,0,0,0,0,0,0,0,0,0,0,0,0,0,0,0,0,0,0,184.04,0,0,0
"MtrElec",9,20,2,"",165.931,0,0,0,0,0,0,0,0,0,0,0,0,0,0,0,0,0,0,0,0,165.931,0,0,0
"MtrElec",9,20,3,"",163.703,0,0,0,0,0,0,0,0,0,0,0,0,0,0,0,0,0,0,0,0,163.703,0,0,0
"MtrElec",9,20,4,"",198.277,0,0,0,0,0,0,0,0,0,0,0,0,0,0,0,0,0,0,0,0,198.277,0,0,0
"MtrElec",9,20,5,"",201.3,0,0,0,0,0,0,0,0,0,0,0,0,0,0,0,0,0,0,0,0,201.3,0,0,0
"MtrElec",9,20,6,"",164.707,0,0,0,0,0,0,0,0,0,0,0,0,0,0,0,0,0,0,0,0,164.707,0,0,0
"MtrElec",9,20,7,"",181.606,0,0,0,0,0,0,0,0,0,0,0,0,0,0,0,0,0,0,0,0,181.606,0,0,0
"MtrElec",9,20,8,"",189.02,0,0,0,0,0,0,0,0,0,0,0,0,0,0,0,0,0,0,0,0,250.833,0,0,-61.8128
"MtrElec",9,20,9,"",151.825,0,0,0,0,0,0,0,0,0,0,0,0,0,0,0,0,0,0,0,0,347.646,0,0,-195.821
"MtrElec",9,20,10,"",55.5941,0,0,0,0,0,0,0,0,0,0,0,0,0,0,0,0,0,0,0,0,461.458,0,0,-405.864
"MtrElec",9,20,11,"",63.4093,0,0,0,0,0,0,0,0,0,0,0,0,0,0,0,0,0,0,0,0,582.029,0,0,-518.62
"MtrElec",9,20,12,"",16.4468,0,0,0,0,0,0,0,0,0,0,0,0,0,0,0,0,0,0,0,0,558.775,0,0,-542.329
"MtrElec",9,20,13,"",127.316,0,0,0,0,0,0,0,0,0,0,0,0,0,0,0,0,0,0,0,0,561.232,0,0,-433.916
"MtrElec",9,20,14,"",108.685,0,0,0,0,0,0,0,0,0,0,0,0,0,0,0,0,0,0,0,0,487.96,0,0,-379.275
"MtrElec",9,20,15,"",101.764,0,0,0,0,0,0,0,0,0,0,0,0,0,0,0,0,0,0,0,0,476.383,0,0,-374.619
"MtrElec",9,20,16,"",183.276,0,0,0,0,0,0,0,0,0,0,0,0,0,0,0,0,0,0,0,0,486.663,0,0,-303.387
"MtrElec",9,20,17,"",268.827,0,0,0,0,0,0,0,0,0,0,0,0,0,0,0,0,0,0,0,0,457.582,0,0,-188.754
"MtrElec",9,20,18,"",421.651,0,0,0,0,0,0,0,0,0,0,0,0,0,0,0,0,0,0,0,0,454.313,0,0,-32.6615
"MtrElec",9,20,19,"",494.295,0,0,0,0,0,0,0,0,0,0,0,0,0,0,0,0,0,0,0,0,495.91,0,0,-1.61502
"MtrElec",9,20,20,"",368.972,0,0,0,0,0,0,0,0,0,0,0,0,0,0,0,0,0,0,0,0,368.972,0,0,0
"MtrElec",9,20,21,"",312.488,0,0,0,0,0,0,0,0,0,0,0,0,0,0,0,0,0,0,0,0,312.488,0,0,0
"MtrElec",9,20,22,"",357.899,0,0,0,0,0,0,0,0,0,0,0,0,0,0,0,0,0,0,0,0,357.899,0,0,0
"MtrElec",9,20,23,"",269.535,0,0,0,0,0,0,0,0,0,0,0,0,0,0,0,0,0,0,0,0,269.535,0,0,0
"MtrElec",9,20,24,"",258.549,0,0,0,0,0,0,0,0,0,0,0,0,0,0,0,0,0,0,0,0,258.549,0,0,0
"MtrElec",9,21,1,"",196.451,0,0,0,0,0,0,0,0,0,0,0,0,0,0,0,0,0,0,0,0,196.451,0,0,0
"MtrElec",9,21,2,"",176.002,0,0,0,0,0,0,0,0,0,0,0,0,0,0,0,0,0,0,0,0,176.002,0,0,0
"MtrElec",9,21,3,"",165.802,0,0,0,0,0,0,0,0,0,0,0,0,0,0,0,0,0,0,0,0,165.802,0,0,0
"MtrElec",9,21,4,"",165.839,0,0,0,0,0,0,0,0,0,0,0,0,0,0,0,0,0,0,0,0,165.839,0,0,0
"MtrElec",9,21,5,"",159.185,0,0,0,0,0,0,0,0,0,0,0,0,0,0,0,0,0,0,0,0,159.185,0,0,0
"MtrElec",9,21,6,"",199.112,0,0,0,0,0,0,0,0,0,0,0,0,0,0,0,0,0,0,0,0,199.112,0,0,0
"MtrElec",9,21,7,"",305.956,0,0,0,0,0,0,0,0,0,0,0,0,0,0,0,0,0,0,0,0,305.956,0,0,0
"MtrElec",9,21,8,"",295.927,0,0,0,0,0,0,0,0,0,0,0,0,0,0,0,0,0,0,0,0,367.777,0,0,-71.8504
"MtrElec",9,21,9,"",228.703,0,0,0,0,0,0,0,0,0,0,0,0,0,0,0,0,0,0,0,0,472.851,0,0,-244.148
"MtrElec",9,21,10,"",159.853,0,0,0,0,0,0,0,0,0,0,0,0,0,0,0,0,0,0,0,0,563.505,0,0,-403.651
"MtrElec",9,21,11,"",80.3998,0,0,0,0,0,0,0,0,0,0,0,0,0,0,0,0,0,0,0,0,600.625,0,0,-520.226
"MtrElec",9,21,12,"",0,0,0,0,0,0,0,0,0,0,0,0,0,0,0,0,0,0,0,0,0,559.178,0,21.1338,-580.312
"MtrElec",9,21,13,"",0,0,0,0,0,0,0,0,0,0,0,0,0,0,0,0,0,0,0,0,0,566.63,0,45.624,-612.254
"MtrElec",9,21,14,"",0,0,0,0,0,0,0,0,0,0,0,0,0,0,0,0,0,0,0,0,0,526.753,0,72.0054,-598.758
"MtrElec",9,21,15,"",0,0,0,0,0,0,0,0,0,0,0,0,0,0,0,0,0,0,0,0,0,504.724,0,67.1453,-571.869
"MtrElec",9,21,16,"",63.4263,0,0,0,0,0,0,0,0,0,0,0,0,0,0,0,0,0,0,0,0,540.578,0,0,-477.152
"MtrElec",9,21,17,"",229.957,0,0,0,0,0,0,0,0,0,0,0,0,0,0,0,0,0,0,0,0,555.002,0,0,-325.045
"MtrElec",9,21,18,"",439.97,0,0,0,0,0,0,0,0,0,0,0,0,0,0,0,0,0,0,0,0,589.092,0,0,-149.122
"MtrElec",9,21,19,"",333.366,0,0,0,0,0,0,0,0,0,0,0,0,0,0,0,0,0,0,0,0,534.44,0,-185.832,-15.2412
"MtrElec",9,21,20,"",503.666,0,0,0,0,0,0,0,0,0,0,0,0,0,0,0,0,0,0,0,0,503.666,0,0,0
"MtrElec",9,21,21,"",490.731,0,0,0,0,0,0,0,0,0,0,0,0,0,0,0,0,0,0,0,0,490.731,0,0,0
"MtrElec",9,21,22,"",364.365,0,0,0,0,0,0,0,0,0,0,0,0,0,0,0,0,0,0,0,0,364.365,0,0,0
"MtrElec",9,21,23,"",307.04,0,0,0,0,0,0,0,0,0,0,0,0,0,0,0,0,0,0,0,0,307.04,0,0,0
"MtrElec",9,21,24,"",270.732,0,0,0,0,0,0,0,0,0,0,0,0,0,0,0,0,0,0,0,0,270.732,0,0,0
"MtrElec",9,22,1,"",180.442,0,0,0,0,0,0,0,0,0,0,0,0,0,0,0,0,0,0,0,0,180.442,0,0,0
"MtrElec",9,22,2,"",155.811,0,0,0,0,0,0,0,0,0,0,0,0,0,0,0,0,0,0,0,0,155.811,0,0,0
"MtrElec",9,22,3,"",150.768,0,0,0,0,0,0,0,0,0,0,0,0,0,0,0,0,0,0,0,0,150.768,0,0,0
"MtrElec",9,22,4,"",148.883,0,0,0,0,0,0,0,0,0,0,0,0,0,0,0,0,0,0,0,0,148.883,0,0,0
"MtrElec",9,22,5,"",146.124,0,0,0,0,0,0,0,0,0,0,0,0,0,0,0,0,0,0,0,0,146.124,0,0,0
"MtrElec",9,22,6,"",201.602,0,0,0,0,0,0,0,0,0,0,0,0,0,0,0,0,0,0,0,0,201.602,0,0,0
"MtrElec",9,22,7,"",234.994,0,0,0,0,0,0,0,0,0,0,0,0,0,0,0,0,0,0,0,0,234.994,0,0,0
"MtrElec",9,22,8,"",255.959,0,0,0,0,0,0,0,0,0,0,0,0,0,0,0,0,0,0,0,0,330.704,0,0,-74.7451
"MtrElec",9,22,9,"",126.17,0,0,0,0,0,0,0,0,0,0,0,0,0,0,0,0,0,0,0,0,350.171,0,0,-224.001
"MtrElec",9,22,10,"",193.358,0,0,0,0,0,0,0,0,0,0,0,0,0,0,0,0,0,0,0,0,435.16,0,0,-241.802
"MtrElec",9,22,11,"",114.407,0,0,0,0,0,0,0,0,0,0,0,0,0,0,0,0,0,0,0,0,476.806,0,0,-362.398
"MtrElec",9,22,12,"",42.0704,0,0,0,0,0,0,0,0,0,0,0,0,0,0,0,0,0,0,0,0,476.894,0,0,-434.824
"MtrElec",9,22,13,"",0,0,0,0,0,0,0,0,0,0,0,0,0,0,0,0,0,0,0,0,0,480.047,0,169.942,-649.989
"MtrElec",9,22,14,"",-24.24,0,0,0,0,0,0,0,0,0,0,0,0,0,0,0,0,0,0,0,0,443.165,0,223.217,-690.622
"MtrElec",9,22,15,"",0,0,0,0,0,0,0,0,0,0,0,0,0,0,0,0,0,0,0,0,0,454.596,0,181.837,-636.433
"MtrElec",9,22,16,"",0.0000039,0,0,0,0,0,0,0,0,0,0,0,0,0,0,0,0,0,0,0,0,487.701,0,39.7513,-527.452
"MtrElec",9,22,17,"",132.793,0,0,0,0,0,0,0,0,0,0,0,0,0,0,0,0,0,0,0,0,504.795,0,0,-372.002
"MtrElec",9,22,18,"",357.736,0,0,0,0,0,0,0,0,0,0,0,0,0,0,0,0,0,0,0,0,531.942,0,0,-174.206
"MtrElec",9,22,19,"",255.902,0,0,0,0,0,0,0,0,0,0,0,0,0,0,0,0,0,0,0,0,493.552,0,-223.217,-14.4335
"MtrElec",9,22,20,"",239.046,0,0,0,0,0,0,0,0,0,0,0,0,0,0,0,0,0,0,0,0,462.263,0,-223.217,0
"MtrElec",9,22,21,"",338.051,0,0,0,0,0,0,0,0,0,0,0,0,0,0,0,0,0,0,0,0,446.427,0,-108.376,0
"MtrElec",9,22,22,"",305.423,0,0,0,0,0,0,0,0,0,0,0,0,0,0,0,0,0,0,0,0,305.423,0,0,0
"MtrElec",9,22,23,"",256.319,0,0,0,0,0,0,0,0,0,0,0,0,0,0,0,0,0,0,0,0,256.319,0,0,0
"MtrElec",9,22,24,"",231.09,0,0,0,0,0,0,0,0,0,0,0,0,0,0,0,0,0,0,0,0,231.09,0,0,0
"MtrElec",9,23,1,"",189.577,0,0,0,0,0,0,0,0,0,0,0,0,0,0,0,0,0,0,0,0,189.577,0,0,0
"MtrElec",9,23,2,"",153.779,0,0,0,0,0,0,0,0,0,0,0,0,0,0,0,0,0,0,0,0,153.779,0,0,0
"MtrElec",9,23,3,"",146.87,0,0,0,0,0,0,0,0,0,0,0,0,0,0,0,0,0,0,0,0,146.87,0,0,0
"MtrElec",9,23,4,"",146.524,0,0,0,0,0,0,0,0,0,0,0,0,0,0,0,0,0,0,0,0,146.524,0,0,0
"MtrElec",9,23,5,"",145.763,0,0,0,0,0,0,0,0,0,0,0,0,0,0,0,0,0,0,0,0,145.763,0,0,0
"MtrElec",9,23,6,"",164.36,0,0,0,0,0,0,0,0,0,0,0,0,0,0,0,0,0,0,0,0,164.36,0,0,0
"MtrElec",9,23,7,"",229.987,0,0,0,0,0,0,0,0,0,0,0,0,0,0,0,0,0,0,0,0,229.987,0,0,0
"MtrElec",9,23,8,"",221.583,0,0,0,0,0,0,0,0,0,0,0,0,0,0,0,0,0,0,0,0,303.643,0,0,-82.0606
"MtrElec",9,23,9,"",99.1408,0,0,0,0,0,0,0,0,0,0,0,0,0,0,0,0,0,0,0,0,377.703,0,0,-278.563
"MtrElec",9,23,10,"",-32.1679,0,0,0,0,0,0,0,0,0,0,0,0,0,0,0,0,0,0,0,0,426.343,0,0,-458.511
"MtrElec",9,23,11,"",0.0000078,0,0,0,0,0,0,0,0,0,0,0,0,0,0,0,0,0,0,0,0,450.611,0,125.92,-576.531
"MtrElec",9,23,12,"",0,0,0,0,0,0,0,0,0,0,0,0,0,0,0,0,0,0,0,0,0,500.841,0,141.026,-641.867
"MtrElec",9,23,13,"",0,0,0,0,0,0,0,0,0,0,0,0,0,0,0,0,0,0,0,0,0,510.231,0,175.063,-685.294
"MtrElec",9,23,14,"",-10.0498,0,0,0,0,0,0,0,0,0,0,0,0,0,0,0,0,0,0,0,0,454.391,0,223.217,-687.658
"MtrElec",9,23,15,"",-53.6136,0,0,0,0,0,0,0,0,0,0,0,0,0,0,0,0,0,0,0,0,439.494,0,133.656,-626.763
"MtrElec",9,23,16,"",-62.8077,0,0,0,0,0,0,0,0,0,0,0,0,0,0,0,0,0,0,0,0,452.999,0,0,-515.807
"MtrElec",9,23,17,"",135.624,0,0,0,0,0,0,0,0,0,0,0,0,0,0,0,0,0,0,0,0,493.74,0,0,-358.116
"MtrElec",9,23,18,"",348.917,0,0,0,0,0,0,0,0,0,0,0,0,0,0,0,0,0,0,0,0,511.456,0,0,-162.539
"MtrElec",9,23,19,"",245.823,0,0,0,0,0,0,0,0,0,0,0,0,0,0,0,0,0,0,0,0,482.999,0,-223.217,-13.9592
"MtrElec",9,23,20,"",250.893,0,0,0,0,0,0,0,0,0,0,0,0,0,0,0,0,0,0,0,0,474.11,0,-223.217,0
"MtrElec",9,23,21,"",222.49,0,0,0,0,0,0,0,0,0,0,0,0,0,0,0,0,0,0,0,0,445.707,0,-223.217,0
"MtrElec",9,23,22,"",296.63,0,0,0,0,0,0,0,0,0,0,0,0,0,0,0,0,0,0,0,0,347.97,0,-51.3398,0
"MtrElec",9,23,23,"",299.344,0,0,0,0,0,0,0,0,0,0,0,0,0,0,0,0,0,0,0,0,299.344,0,0,0
"MtrElec",9,23,24,"",213.321,0,0,0,0,0,0,0,0,0,0,0,0,0,0,0,0,0,0,0,0,213.321,0,0,0
"MtrElec",9,24,1,"",185.757,0,0,0,0,0,0,0,0,0,0,0,0,0,0,0,0,0,0,0,0,185.757,0,0,0
"MtrElec",9,24,2,"",155.448,0,0,0,0,0,0,0,0,0,0,0,0,0,0,0,0,0,0,0,0,155.448,0,0,0
"MtrElec",9,24,3,"",149.779,0,0,0,0,0,0,0,0,0,0,0,0,0,0,0,0,0,0,0,0,149.779,0,0,0
"MtrElec",9,24,4,"",154.654,0,0,0,0,0,0,0,0,0,0,0,0,0,0,0,0,0,0,0,0,154.654,0,0,0
"MtrElec",9,24,5,"",150.398,0,0,0,0,0,0,0,0,0,0,0,0,0,0,0,0,0,0,0,0,150.398,0,0,0
"MtrElec",9,24,6,"",176.846,0,0,0,0,0,0,0,0,0,0,0,0,0,0,0,0,0,0,0,0,176.846,0,0,0
"MtrElec",9,24,7,"",255.614,0,0,0,0,0,0,0,0,0,0,0,0,0,0,0,0,0,0,0,0,255.614,0,0,0
"MtrElec",9,24,8,"",216.885,0,0,0,0,0,0,0,0,0,0,0,0,0,0,0,0,0,0,0,0,295.714,0,0,-78.8289
"MtrElec",9,24,9,"",82.9647,0,0,0,0,0,0,0,0,0,0,0,0,0,0,0,0,0,0,0,0,352.061,0,0,-269.096
"MtrElec",9,24,10,"",41.958,0,0,0,0,0,0,0,0,0,0,0,0,0,0,0,0,0,0,0,0,475.062,0,0,-433.104
"MtrElec",9,24,11,"",0.0000010,0,0,0,0,0,0,0,0,0,0,0,0,0,0,0,0,0,0,0,0,537.661,0,9.68844,-547.35
"MtrElec",9,24,12,"",0,0,0,0,0,0,0,0,0,0,0,0,0,0,0,0,0,0,0,0,0,496.75,0,136.556,-633.306
"MtrElec",9,24,13,"",0.0000156,0,0,0,0,0,0,0,0,0,0,0,0,0,0,0,0,0,0,0,0,533.549,0,142.274,-675.824
"MtrElec",9,24,14,"",0,0,0,0,0,0,0,0,0,0,0,0,0,0,0,0,0,0,0,0,0,469.92,0,197.848,-667.768
"MtrElec",9,24,15,"",0,0,0,0,0,0,0,0,0,0,0,0,0,0,0,0,0,0,0,0,0,468.32,0,137.838,-606.158
"MtrElec",9,24,16,"",34.6782,0,0,0,0,0,0,0,0,0,0,0,0,0,0,0,0,0,0,0,0,535.996,0,0,-501.318
"MtrElec",9,24,17,"",202.899,0,0,0,0,0,0,0,0,0,0,0,0,0,0,0,0,0,0,0,0,551.299,0,0,-348.4
"MtrElec",9,24,18,"",390.652,0,0,0,0,0,0,0,0,0,0,0,0,0,0,0,0,0,0,0,0,548.061,0,0,-157.41
"MtrElec",9,24,19,"",293.639,0,0,0,0,0,0,0,0,0,0,0,0,0,0,0,0,0,0,0,0,528.65,0,-223.217,-11.7943
"MtrElec",9,24,20,"",232.7,0,0,0,0,0,0,0,0,0,0,0,0,0,0,0,0,0,0,0,0,455.916,0,-223.217,0
"MtrElec",9,24,21,"",315.154,0,0,0,0,0,0,0,0,0,0,0,0,0,0,0,0,0,0,0,0,432.066,0,-116.911,0
"MtrElec",9,24,22,"",328.688,0,0,0,0,0,0,0,0,0,0,0,0,0,0,0,0,0,0,0,0,328.688,0,0,0
"MtrElec",9,24,23,"",248.075,0,0,0,0,0,0,0,0,0,0,0,0,0,0,0,0,0,0,0,0,248.075,0,0,0
"MtrElec",9,24,24,"",245.741,0,0,0,0,0,0,0,0,0,0,0,0,0,0,0,0,0,0,0,0,245.741,0,0,0
"MtrElec",9,25,1,"",163.866,0,0,0,0,0,0,0,0,0,0,0,0,0,0,0,0,0,0,0,0,163.866,0,0,0
"MtrElec",9,25,2,"",162.215,0,0,0,0,0,0,0,0,0,0,0,0,0,0,0,0,0,0,0,0,162.215,0,0,0
"MtrElec",9,25,3,"",153.146,0,0,0,0,0,0,0,0,0,0,0,0,0,0,0,0,0,0,0,0,153.146,0,0,0
"MtrElec",9,25,4,"",147.257,0,0,0,0,0,0,0,0,0,0,0,0,0,0,0,0,0,0,0,0,147.257,0,0,0
"MtrElec",9,25,5,"",145.005,0,0,0,0,0,0,0,0,0,0,0,0,0,0,0,0,0,0,0,0,145.005,0,0,0
"MtrElec",9,25,6,"",159.272,0,0,0,0,0,0,0,0,0,0,0,0,0,0,0,0,0,0,0,0,159.272,0,0,0
"MtrElec",9,25,7,"",238.399,0,0,0,0,0,0,0,0,0,0,0,0,0,0,0,0,0,0,0,0,238.399,0,0,0
"MtrElec",9,25,8,"",244.614,0,0,0,0,0,0,0,0,0,0,0,0,0,0,0,0,0,0,0,0,323.645,0,0,-79.0312
"MtrElec",9,25,9,"",96.3627,0,0,0,0,0,0,0,0,0,0,0,0,0,0,0,0,0,0,0,0,366.573,0,0,-270.21
"MtrElec",9,25,10,"",99.7995,0,0,0,0,0,0,0,0,0,0,0,0,0,0,0,0,0,0,0,0,532.98,0,0,-433.18
"MtrElec",9,25,11,"",0,0,0,0,0,0,0,0,0,0,0,0,0,0,0,0,0,0,0,0,0,544.233,0,1.43225,-545.665
"MtrElec",9,25,12,"",0,0,0,0,0,0,0,0,0,0,0,0,0,0,0,0,0,0,0,0,0,533.352,0,83.0186,-616.37
"MtrElec",9,25,13,"",0,0,0,0,0,0,0,0,0,0,0,0,0,0,0,0,0,0,0,0,0,629.53,0,24.4502,-653.98
"MtrElec",9,25,14,"",0,0,0,0,0,0,0,0,0,0,0,0,0,0,0,0,0,0,0,0,0,540.063,0,112.946,-653.009
"MtrElec",9,25,15,"",0,0,0,0,0,0,0,0,0,0,0,0,0,0,0,0,0,0,0,0,0,589.662,0,5.52169,-595.184
"MtrElec",9,25,16,"",63.4383,0,0,0,0,0,0,0,0,0,0,0,0,0,0,0,0,0,0,0,0,549.921,0,0,-486.483
"MtrElec",9,25,17,"",283.617,0,0,0,0,0,0,0,0,0,0,0,0,0,0,0,0,0,0,0,0,617.611,0,0,-333.994
"MtrElec",9,25,18,"",439.893,0,0,0,0,0,0,0,0,0,0,0,0,0,0,0,0,0,0,0,0,587.284,0,0,-147.391
"MtrElec",9,25,19,"",350.649,0,0,0,0,0,0,0,0,0,0,0,0,0,0,0,0,0,0,0,0,566.169,0,-205.2,-10.3205
"MtrElec",9,25,20,"",496.889,0,0,0,0,0,0,0,0,0,0,0,0,0,0,0,0,0,0,0,0,496.889,0,0,0
"MtrElec",9,25,21,"",470.589,0,0,0,0,0,0,0,0,0,0,0,0,0,0,0,0,0,0,0,0,470.589,0,0,0
"MtrElec",9,25,22,"",353.344,0,0,0,0,0,0,0,0,0,0,0,0,0,0,0,0,0,0,0,0,353.344,0,0,0
"MtrElec",9,25,23,"",300.853,0,0,0,0,0,0,0,0,0,0,0,0,0,0,0,0,0,0,0,0,300.853,0,0,0
"MtrElec",9,25,24,"",227.206,0,0,0,0,0,0,0,0,0,0,0,0,0,0,0,0,0,0,0,0,227.206,0,0,0
"MtrElec",9,26,1,"",179.631,0,0,0,0,0,0,0,0,0,0,0,0,0,0,0,0,0,0,0,0,179.631,0,0,0
"MtrElec",9,26,2,"",162.902,0,0,0,0,0,0,0,0,0,0,0,0,0,0,0,0,0,0,0,0,162.902,0,0,0
"MtrElec",9,26,3,"",197.966,0,0,0,0,0,0,0,0,0,0,0,0,0,0,0,0,0,0,0,0,197.966,0,0,0
"MtrElec",9,26,4,"",161.911,0,0,0,0,0,0,0,0,0,0,0,0,0,0,0,0,0,0,0,0,161.911,0,0,0
"MtrElec",9,26,5,"",183.92,0,0,0,0,0,0,0,0,0,0,0,0,0,0,0,0,0,0,0,0,183.92,0,0,0
"MtrElec",9,26,6,"",163.112,0,0,0,0,0,0,0,0,0,0,0,0,0,0,0,0,0,0,0,0,163.112,0,0,0
"MtrElec",9,26,7,"",248.29,0,0,0,0,0,0,0,0,0,0,0,0,0,0,0,0,0,0,0,0,248.29,0,0,0
"MtrElec",9,26,8,"",191.905,0,0,0,0,0,0,0,0,0,0,0,0,0,0,0,0,0,0,0,0,271.129,0,0,-79.2239
"MtrElec",9,26,9,"",108.818,0,0,0,0,0,0,0,0,0,0,0,0,0,0,0,0,0,0,0,0,379.993,0,0,-271.175
"MtrElec",9,26,10,"",92.2524,0,0,0,0,0,0,0,0,0,0,0,0,0,0,0,0,0,0,0,0,527.909,0,0,-435.657
"MtrElec",9,26,11,"",153.567,0,0,0,0,0,0,0,0,0,0,0,0,0,0,0,0,0,0,0,0,702.485,0,0,-548.918
"MtrElec",9,26,12,"",78.8372,0,0,0,0,0,0,0,0,0,0,0,0,0,0,0,0,0,0,0,0,689.887,0,0,-611.05
"MtrElec",9,26,13,"",124.571,0,0,0,0,0,0,0,0,0,0,0,0,0,0,0,0,0,0,0,0,763.896,0,0,-639.325
"MtrElec",9,26,14,"",62.7187,0,0,0,0,0,0,0,0,0,0,0,0,0,0,0,0,0,0,0,0,694.022,0,0,-631.304
"MtrElec",9,26,15,"",133.781,0,0,0,0,0,0,0,0,0,0,0,0,0,0,0,0,0,0,0,0,709.046,0,0,-575.265
"MtrElec",9,26,16,"",254.145,0,0,0,0,0,0,0,0,0,0,0,0,0,0,0,0,0,0,0,0,667.295,0,0,-413.15
"MtrElec",9,26,17,"",386.201,0,0,0,0,0,0,0,0,0,0,0,0,0,0,0,0,0,0,0,0,663.985,0,0,-277.784
"MtrElec",9,26,18,"",547.814,0,0,0,0,0,0,0,0,0,0,0,0,0,0,0,0,0,0,0,0,679.528,0,0,-131.714
"MtrElec",9,26,19,"",689.379,0,0,0,0,0,0,0,0,0,0,0,0,0,0,0,0,0,0,0,0,698.308,0,0,-8.92909
"MtrElec",9,26,20,"",548.003,0,0,0,0,0,0,0,0,0,0,0,0,0,0,0,0,0,0,0,0,548.003,0,0,0
"MtrElec",9,26,21,"",486.066,0,0,0,0,0,0,0,0,0,0,0,0,0,0,0,0,0,0,0,0,486.066,0,0,0
"MtrElec",9,26,22,"",424.958,0,0,0,0,0,0,0,0,0,0,0,0,0,0,0,0,0,0,0,0,424.958,0,0,0
"MtrElec",9,26,23,"",307.638,0,0,0,0,0,0,0,0,0,0,0,0,0,0,0,0,0,0,0,0,307.638,0,0,0
"MtrElec",9,26,24,"",252.818,0,0,0,0,0,0,0,0,0,0,0,0,0,0,0,0,0,0,0,0,252.818,0,0,0
"MtrElec",9,27,1,"",197.299,0,0,0,0,0,0,0,0,0,0,0,0,0,0,0,0,0,0,0,0,197.299,0,0,0
"MtrElec",9,27,2,"",175.376,0,0,0,0,0,0,0,0,0,0,0,0,0,0,0,0,0,0,0,0,175.376,0,0,0
"MtrElec",9,27,3,"",173.293,0,0,0,0,0,0,0,0,0,0,0,0,0,0,0,0,0,0,0,0,173.293,0,0,0
"MtrElec",9,27,4,"",206.963,0,0,0,0,0,0,0,0,0,0,0,0,0,0,0,0,0,0,0,0,206.963,0,0,0
"MtrElec",9,27,5,"",192.463,0,0,0,0,0,0,0,0,0,0,0,0,0,0,0,0,0,0,0,0,192.463,0,0,0
"MtrElec",9,27,6,"",169.563,0,0,0,0,0,0,0,0,0,0,0,0,0,0,0,0,0,0,0,0,169.563,0,0,0
"MtrElec",9,27,7,"",180.838,0,0,0,0,0,0,0,0,0,0,0,0,0,0,0,0,0,0,0,0,180.838,0,0,0
"MtrElec",9,27,8,"",191.903,0,0,0,0,0,0,0,0,0,0,0,0,0,0,0,0,0,0,0,0,262.374,0,0,-70.4712
"MtrElec",9,27,9,"",113.527,0,0,0,0,0,0,0,0,0,0,0,0,0,0,0,0,0,0,0,0,361.042,0,0,-247.515
"MtrElec",9,27,10,"",4.44394,0,0,0,0,0,0,0,0,0,0,0,0,0,0,0,0,0,0,0,0,413.466,0,0,-409.022
"MtrElec",9,27,11,"",49.1668,0,0,0,0,0,0,0,0,0,0,0,0,0,0,0,0,0,0,0,0,579.723,0,0,-530.556
"MtrElec",9,27,12,"",0,0,0,0,0,0,0,0,0,0,0,0,0,0,0,0,0,0,0,0,0,541.326,0,55.463,-596.789
"MtrElec",9,27,13,"",0,0,0,0,0,0,0,0,0,0,0,0,0,0,0,0,0,0,0,0,0,555.79,0,33.6224,-589.412
"MtrElec",9,27,14,"",0.0000020,0,0,0,0,0,0,0,0,0,0,0,0,0,0,0,0,0,0,0,0,564.798,0,27.1681,-591.966
"MtrElec",9,27,15,"",12.4906,0,0,0,0,0,0,0,0,0,0,0,0,0,0,0,0,0,0,0,0,583.101,0,0,-570.61
"MtrElec",9,27,16,"",75.6942,0,0,0,0,0,0,0,0,0,0,0,0,0,0,0,0,0,0,0,0,536.467,0,0,-460.773
"MtrElec",9,27,17,"",192.353,0,0,0,0,0,0,0,0,0,0,0,0,0,0,0,0,0,0,0,0,490.983,0,0,-298.63
"MtrElec",9,27,18,"",375.189,0,0,0,0,0,0,0,0,0,0,0,0,0,0,0,0,0,0,0,0,504.905,0,0,-129.716
"MtrElec",9,27,19,"",409.263,0,0,0,0,0,0,0,0,0,0,0,0,0,0,0,0,0,0,0,0,522.716,0,-104.919,-8.53398
"MtrElec",9,27,20,"",456.787,0,0,0,0,0,0,0,0,0,0,0,0,0,0,0,0,0,0,0,0,456.787,0,0,0
"MtrElec",9,27,21,"",356.343,0,0,0,0,0,0,0,0,0,0,0,0,0,0,0,0,0,0,0,0,356.343,0,0,0
"MtrElec",9,27,22,"",349.652,0,0,0,0,0,0,0,0,0,0,0,0,0,0,0,0,0,0,0,0,349.652,0,0,0
"MtrElec",9,27,23,"",293.541,0,0,0,0,0,0,0,0,0,0,0,0,0,0,0,0,0,0,0,0,293.541,0,0,0
"MtrElec",9,27,24,"",235.577,0,0,0,0,0,0,0,0,0,0,0,0,0,0,0,0,0,0,0,0,235.577,0,0,0
"MtrElec",9,28,1,"",204.573,0,0,0,0,0,0,0,0,0,0,0,0,0,0,0,0,0,0,0,0,204.573,0,0,0
"MtrElec",9,28,2,"",184.091,0,0,0,0,0,0,0,0,0,0,0,0,0,0,0,0,0,0,0,0,184.091,0,0,0
"MtrElec",9,28,3,"",169.652,0,0,0,0,0,0,0,0,0,0,0,0,0,0,0,0,0,0,0,0,169.652,0,0,0
"MtrElec",9,28,4,"",167.076,0,0,0,0,0,0,0,0,0,0,0,0,0,0,0,0,0,0,0,0,167.076,0,0,0
"MtrElec",9,28,5,"",161.476,0,0,0,0,0,0,0,0,0,0,0,0,0,0,0,0,0,0,0,0,161.476,0,0,0
"MtrElec",9,28,6,"",208.73,0,0,0,0,0,0,0,0,0,0,0,0,0,0,0,0,0,0,0,0,208.73,0,0,0
"MtrElec",9,28,7,"",291.53,0,0,0,0,0,0,0,0,0,0,0,0,0,0,0,0,0,0,0,0,291.53,0,0,0
"MtrElec",9,28,8,"",276.146,0,0,0,0,0,0,0,0,0,0,0,0,0,0,0,0,0,0,0,0,344.268,0,0,-68.1217
"MtrElec",9,28,9,"",226.108,0,0,0,0,0,0,0,0,0,0,0,0,0,0,0,0,0,0,0,0,468.46,0,0,-242.352
"MtrElec",9,28,10,"",136.74,0,0,0,0,0,0,0,0,0,0,0,0,0,0,0,0,0,0,0,0,537.088,0,0,-400.348
"MtrElec",9,28,11,"",50.7703,0,0,0,0,0,0,0,0,0,0,0,0,0,0,0,0,0,0,0,0,565.508,0,0,-514.737
"MtrElec",9,28,12,"",0,0,0,0,0,0,0,0,0,0,0,0,0,0,0,0,0,0,0,0,0,579.617,0,11.7941,-591.411
"MtrElec",9,28,13,"",0,0,0,0,0,0,0,0,0,0,0,0,0,0,0,0,0,0,0,0,0,579.617,0,48.2487,-627.866
"MtrElec",9,28,14,"",0,0,0,0,0,0,0,0,0,0,0,0,0,0,0,0,0,0,0,0,0,520.338,0,102.858,-623.195
"MtrElec",9,28,15,"",0.0000002,0,0,0,0,0,0,0,0,0,0,0,0,0,0,0,0,0,0,0,0,552.576,0,3.22219,-555.798
"MtrElec",9,28,16,"",96.6382,0,0,0,0,0,0,0,0,0,0,0,0,0,0,0,0,0,0,0,0,542.046,0,0,-445.408
"MtrElec",9,28,17,"",293.88,0,0,0,0,0,0,0,0,0,0,0,0,0,0,0,0,0,0,0,0,588.28,0,0,-294.4
"MtrElec",9,28,18,"",476.165,0,0,0,0,0,0,0,0,0,0,0,0,0,0,0,0,0,0,0,0,596.029,0,0,-119.865
"MtrElec",9,28,19,"",399.974,0,0,0,0,0,0,0,0,0,0,0,0,0,0,0,0,0,0,0,0,558.168,0,-149.926,-8.26869
"MtrElec",9,28,20,"",552.965,0,0,0,0,0,0,0,0,0,0,0,0,0,0,0,0,0,0,0,0,552.965,0,0,0
"MtrElec",9,28,21,"",519.652,0,0,0,0,0,0,0,0,0,0,0,0,0,0,0,0,0,0,0,0,519.652,0,0,0
"MtrElec",9,28,22,"",361.137,0,0,0,0,0,0,0,0,0,0,0,0,0,0,0,0,0,0,0,0,361.137,0,0,0
"MtrElec",9,28,23,"",310.793,0,0,0,0,0,0,0,0,0,0,0,0,0,0,0,0,0,0,0,0,310.793,0,0,0
"MtrElec",9,28,24,"",225.031,0,0,0,0,0,0,0,0,0,0,0,0,0,0,0,0,0,0,0,0,225.031,0,0,0
"MtrElec",9,29,1,"",188.509,0,0,0,0,0,0,0,0,0,0,0,0,0,0,0,0,0,0,0,0,188.509,0,0,0
"MtrElec",9,29,2,"",173.668,0,0,0,0,0,0,0,0,0,0,0,0,0,0,0,0,0,0,0,0,173.668,0,0,0
"MtrElec",9,29,3,"",198.508,0,0,0,0,0,0,0,0,0,0,0,0,0,0,0,0,0,0,0,0,198.508,0,0,0
"MtrElec",9,29,4,"",169.12,0,0,0,0,0,0,0,0,0,0,0,0,0,0,0,0,0,0,0,0,169.12,0,0,0
"MtrElec",9,29,5,"",159.337,0,0,0,0,0,0,0,0,0,0,0,0,0,0,0,0,0,0,0,0,159.337,0,0,0
"MtrElec",9,29,6,"",164.887,0,0,0,0,0,0,0,0,0,0,0,0,0,0,0,0,0,0,0,0,164.887,0,0,0
"MtrElec",9,29,7,"",298.081,0,0,0,0,0,0,0,0,0,0,0,0,0,0,0,0,0,0,0,0,298.081,0,0,0
"MtrElec",9,29,8,"",284.811,0,0,0,0,0,0,0,0,0,0,0,0,0,0,0,0,0,0,0,0,352.505,0,0,-67.694
"MtrElec",9,29,9,"",219.116,0,0,0,0,0,0,0,0,0,0,0,0,0,0,0,0,0,0,0,0,460.137,0,0,-241.021
"MtrElec",9,29,10,"",187.032,0,0,0,0,0,0,0,0,0,0,0,0,0,0,0,0,0,0,0,0,585.919,0,0,-398.887
"MtrElec",9,29,11,"",146.947,0,0,0,0,0,0,0,0,0,0,0,0,0,0,0,0,0,0,0,0,660.754,0,0,-513.807
"MtrElec",9,29,12,"",42.1896,0,0,0,0,0,0,0,0,0,0,0,0,0,0,0,0,0,0,0,0,632.539,0,0,-590.349
"MtrElec",9,29,13,"",3.76562,0,0,0,0,0,0,0,0,0,0,0,0,0,0,0,0,0,0,0,0,638.582,0,0,-634.816
"MtrElec",9,29,14,"",0,0,0,0,0,0,0,0,0,0,0,0,0,0,0,0,0,0,0,0,0,533.652,0,98.4003,-632.052
"MtrElec",9,29,15,"",0,0,0,0,0,0,0,0,0,0,0,0,0,0,0,0,0,0,0,0,0,529.499,0,41.0534,-570.553
"MtrElec",9,29,16,"",123.324,0,0,0,0,0,0,0,0,0,0,0,0,0,0,0,0,0,0,0,0,582.115,0,0,-458.79
"MtrElec",9,29,17,"",289.328,0,0,0,0,0,0,0,0,0,0,0,0,0,0,0,0,0,0,0,0,598.128,0,0,-308.799
"MtrElec",9,29,18,"",436.033,0,0,0,0,0,0,0,0,0,0,0,0,0,0,0,0,0,0,0,0,564.655,0,0,-128.622
"MtrElec",9,29,19,"",374.765,0,0,0,0,0,0,0,0,0,0,0,0,0,0,0,0,0,0,0,0,507.791,0,-125.857,-7.16913
"MtrElec",9,29,20,"",520.641,0,0,0,0,0,0,0,0,0,0,0,0,0,0,0,0,0,0,0,0,520.641,0,0,0
"MtrElec",9,29,21,"",456.626,0,0,0,0,0,0,0,0,0,0,0,0,0,0,0,0,0,0,0,0,456.626,0,0,0
"MtrElec",9,29,22,"",349.601,0,0,0,0,0,0,0,0,0,0,0,0,0,0,0,0,0,0,0,0,349.601,0,0,0
"MtrElec",9,29,23,"",301.432,0,0,0,0,0,0,0,0,0,0,0,0,0,0,0,0,0,0,0,0,301.432,0,0,0
"MtrElec",9,29,24,"",221.308,0,0,0,0,0,0,0,0,0,0,0,0,0,0,0,0,0,0,0,0,221.308,0,0,0
"MtrElec",9,30,1,"",166.98,0,0,0,0,0,0,0,0,0,0,0,0,0,0,0,0,0,0,0,0,166.98,0,0,0
"MtrElec",9,30,2,"",160.97,0,0,0,0,0,0,0,0,0,0,0,0,0,0,0,0,0,0,0,0,160.97,0,0,0
"MtrElec",9,30,3,"",153.186,0,0,0,0,0,0,0,0,0,0,0,0,0,0,0,0,0,0,0,0,153.186,0,0,0
"MtrElec",9,30,4,"",151.766,0,0,0,0,0,0,0,0,0,0,0,0,0,0,0,0,0,0,0,0,151.766,0,0,0
"MtrElec",9,30,5,"",151.67,0,0,0,0,0,0,0,0,0,0,0,0,0,0,0,0,0,0,0,0,151.67,0,0,0
"MtrElec",9,30,6,"",202.36,0,0,0,0,0,0,0,0,0,0,0,0,0,0,0,0,0,0,0,0,202.36,0,0,0
"MtrElec",9,30,7,"",236.762,0,0,0,0,0,0,0,0,0,0,0,0,0,0,0,0,0,0,0,0,236.762,0,0,0
"MtrElec",9,30,8,"",283.247,0,0,0,0,0,0,0,0,0,0,0,0,0,0,0,0,0,0,0,0,358.442,0,0,-75.1951
"MtrElec",9,30,9,"",163.171,0,0,0,0,0,0,0,0,0,0,0,0,0,0,0,0,0,0,0,0,421.897,0,0,-258.727
"MtrElec",9,30,10,"",121.671,0,0,0,0,0,0,0,0,0,0,0,0,0,0,0,0,0,0,0,0,541.926,0,0,-420.255
"MtrElec",9,30,11,"",56.7133,0,0,0,0,0,0,0,0,0,0,0,0,0,0,0,0,0,0,0,0,590.235,0,0,-533.522
"MtrElec",9,30,12,"",0.0000020,0,0,0,0,0,0,0,0,0,0,0,0,0,0,0,0,0,0,0,0,581.538,0,22.8036,-604.341
"MtrElec",9,30,13,"",0,0,0,0,0,0,0,0,0,0,0,0,0,0,0,0,0,0,0,0,0,579.112,0,63.5186,-642.63
"MtrElec",9,30,14,"",0.0000078,0,0,0,0,0,0,0,0,0,0,0,0,0,0,0,0,0,0,0,0,534.734,0,111.906,-646.639
"MtrElec",9,30,15,"",0,0,0,0,0,0,0,0,0,0,0,0,0,0,0,0,0,0,0,0,0,499.414,0,91.6724,-591.087
"MtrElec",9,30,16,"",69.8893,0,0,0,0,0,0,0,0,0,0,0,0,0,0,0,0,0,0,0,0,549.484,0,0,-479.595
"MtrElec",9,30,17,"",288.12,0,0,0,0,0,0,0,0,0,0,0,0,0,0,0,0,0,0,0,0,613.025,0,0,-324.905
"MtrElec",9,30,18,"",404.945,0,0,0,0,0,0,0,0,0,0,0,0,0,0,0,0,0,0,0,0,542.527,0,0,-137.582
"MtrElec",9,30,19,"",280.569,0,0,0,0,0,0,0,0,0,0,0,0,0,0,0,0,0,0,0,0,506.078,0,-223.217,-2.29254
"MtrElec",9,30,20,"",461.167,0,0,0,0,0,0,0,0,0,0,0,0,0,0,0,0,0,0,0,0,499.585,0,-38.4184,0
"MtrElec",9,30,21,"",457.346,0,0,0,0,0,0,0,0,0,0,0,0,0,0,0,0,0,0,0,0,457.346,0,0,0
"MtrElec",9,30,22,"",344.766,0,0,0,0,0,0,0,0,0,0,0,0,0,0,0,0,0,0,0,0,344.766,0,0,0
"MtrElec",9,30,23,"",284.059,0,0,0,0,0,0,0,0,0,0,0,0,0,0,0,0,0,0,0,0,284.059,0,0,0
"MtrElec",9,30,24,"",221.089,0,0,0,0,0,0,0,0,0,0,0,0,0,0,0,0,0,0,0,0,221.089,0,0,0
"MtrElec",10,1,1,"",183.025,0,0,0,0,0,0,0,0,0,0,0,0,0,0,0,0,0,0,0,0,183.025,0,0,0
"MtrElec",10,1,2,"",166.801,0,0,0,0,0,0,0,0,0,0,0,0,0,0,0,0,0,0,0,0,166.801,0,0,0
"MtrElec",10,1,3,"",155.057,0,0,0,0,0,0,0,0,0,0,0,0,0,0,0,0,0,0,0,0,155.057,0,0,0
"MtrElec",10,1,4,"",161.702,0,0,0,0,0,0,0,0,0,0,0,0,0,0,0,0,0,0,0,0,161.702,0,0,0
"MtrElec",10,1,5,"",150.095,0,0,0,0,0,0,0,0,0,0,0,0,0,0,0,0,0,0,0,0,150.095,0,0,0
"MtrElec",10,1,6,"",195.201,0,0,0,0,0,0,0,0,0,0,0,0,0,0,0,0,0,0,0,0,195.201,0,0,0
"MtrElec",10,1,7,"",273.399,0,0,0,0,0,0,0,0,0,0,0,0,0,0,0,0,0,0,0,0,273.399,0,0,0
"MtrElec",10,1,8,"",263.629,0,0,0,0,0,0,0,0,0,0,0,0,0,0,0,0,0,0,0,0,336.154,0,0,-72.5246
"MtrElec",10,1,9,"",110.635,0,0,0,0,0,0,0,0,0,0,0,0,0,0,0,0,0,0,0,0,370.152,0,0,-259.517
"MtrElec",10,1,10,"",71.9339,0,0,0,0,0,0,0,0,0,0,0,0,0,0,0,0,0,0,0,0,493.668,0,0,-421.734
"MtrElec",10,1,11,"",65.3903,0,0,0,0,0,0,0,0,0,0,0,0,0,0,0,0,0,0,0,0,600.588,0,0,-535.198
"MtrElec",10,1,12,"",21.3712,0,0,0,0,0,0,0,0,0,0,0,0,0,0,0,0,0,0,0,0,625.08,0,0,-603.709
"MtrElec",10,1,13,"",0,0,0,0,0,0,0,0,0,0,0,0,0,0,0,0,0,0,0,0,0,598.711,0,47.8076,-646.519
"MtrElec",10,1,14,"",0,0,0,0,0,0,0,0,0,0,0,0,0,0,0,0,0,0,0,0,0,611.449,0,31.9059,-643.355
"MtrElec",10,1,15,"",0.000000,0,0,0,0,0,0,0,0,0,0,0,0,0,0,0,0,0,0,0,0,585.083,0,0.365625,-585.449
"MtrElec",10,1,16,"",161.843,0,0,0,0,0,0,0,0,0,0,0,0,0,0,0,0,0,0,0,0,634.361,0,0,-472.518
"MtrElec",10,1,17,"",295.775,0,0,0,0,0,0,0,0,0,0,0,0,0,0,0,0,0,0,0,0,613.667,0,0,-317.892
"MtrElec",10,1,18,"",499.948,0,0,0,0,0,0,0,0,0,0,0,0,0,0,0,0,0,0,0,0,631.87,0,0,-131.922
"MtrElec",10,1,19,"",493.86,0,0,0,0,0,0,0,0,0,0,0,0,0,0,0,0,0,0,0,0,568.899,0,-72.2715,-2.76762
"MtrElec",10,1,20,"",525.715,0,0,0,0,0,0,0,0,0,0,0,0,0,0,0,0,0,0,0,0,525.715,0,0,0
"MtrElec",10,1,21,"",510.541,0,0,0,0,0,0,0,0,0,0,0,0,0,0,0,0,0,0,0,0,510.541,0,0,0
"MtrElec",10,1,22,"",365.614,0,0,0,0,0,0,0,0,0,0,0,0,0,0,0,0,0,0,0,0,365.614,0,0,0
"MtrElec",10,1,23,"",303.811,0,0,0,0,0,0,0,0,0,0,0,0,0,0,0,0,0,0,0,0,303.811,0,0,0
"MtrElec",10,1,24,"",238.624,0,0,0,0,0,0,0,0,0,0,0,0,0,0,0,0,0,0,0,0,238.624,0,0,0
"MtrElec",10,2,1,"",230.553,0,0,0,0,0,0,0,0,0,0,0,0,0,0,0,0,0,0,0,0,230.553,0,0,0
"MtrElec",10,2,2,"",183.396,0,0,0,0,0,0,0,0,0,0,0,0,0,0,0,0,0,0,0,0,183.396,0,0,0
"MtrElec",10,2,3,"",170.99,0,0,0,0,0,0,0,0,0,0,0,0,0,0,0,0,0,0,0,0,170.99,0,0,0
"MtrElec",10,2,4,"",168.125,0,0,0,0,0,0,0,0,0,0,0,0,0,0,0,0,0,0,0,0,168.125,0,0,0
"MtrElec",10,2,5,"",162.173,0,0,0,0,0,0,0,0,0,0,0,0,0,0,0,0,0,0,0,0,162.173,0,0,0
"MtrElec",10,2,6,"",176.44,0,0,0,0,0,0,0,0,0,0,0,0,0,0,0,0,0,0,0,0,176.44,0,0,0
"MtrElec",10,2,7,"",270.49,0,0,0,0,0,0,0,0,0,0,0,0,0,0,0,0,0,0,0,0,270.49,0,0,0
"MtrElec",10,2,8,"",304.122,0,0,0,0,0,0,0,0,0,0,0,0,0,0,0,0,0,0,0,0,378.215,0,0,-74.0932
"MtrElec",10,2,9,"",190.902,0,0,0,0,0,0,0,0,0,0,0,0,0,0,0,0,0,0,0,0,450.382,0,0,-259.48
"MtrElec",10,2,10,"",119.838,0,0,0,0,0,0,0,0,0,0,0,0,0,0,0,0,0,0,0,0,541.984,0,0,-422.146
"MtrElec",10,2,11,"",45.0309,0,0,0,0,0,0,0,0,0,0,0,0,0,0,0,0,0,0,0,0,578.603,0,0,-533.573
"MtrElec",10,2,12,"",0.0000001,0,0,0,0,0,0,0,0,0,0,0,0,0,0,0,0,0,0,0,0,601.826,0,0.662188,-602.489
"MtrElec",10,2,13,"",55.9706,0,0,0,0,0,0,0,0,0,0,0,0,0,0,0,0,0,0,0,0,684.264,0,0,-628.293
"MtrElec",10,2,14,"",0.0000039,0,0,0,0,0,0,0,0,0,0,0,0,0,0,0,0,0,0,0,0,557.984,0,58.6824,-616.666
"MtrElec",10,2,15,"",41.7433,0,0,0,0,0,0,0,0,0,0,0,0,0,0,0,0,0,0,0,0,606.201,0,0,-564.458
"MtrElec",10,2,16,"",147.106,0,0,0,0,0,0,0,0,0,0,0,0,0,0,0,0,0,0,0,0,612.001,0,0,-464.896
"MtrElec",10,2,17,"",302.312,0,0,0,0,0,0,0,0,0,0,0,0,0,0,0,0,0,0,0,0,613.503,0,0,-311.191
"MtrElec",10,2,18,"",480.981,0,0,0,0,0,0,0,0,0,0,0,0,0,0,0,0,0,0,0,0,606.119,0,0,-125.138
"MtrElec",10,2,19,"",513.057,0,0,0,0,0,0,0,0,0,0,0,0,0,0,0,0,0,0,0,0,569.141,0,-53.5585,-2.52586
"MtrElec",10,2,20,"",508.835,0,0,0,0,0,0,0,0,0,0,0,0,0,0,0,0,0,0,0,0,508.835,0,0,0
"MtrElec",10,2,21,"",518.079,0,0,0,0,0,0,0,0,0,0,0,0,0,0,0,0,0,0,0,0,518.079,0,0,0
"MtrElec",10,2,22,"",366.413,0,0,0,0,0,0,0,0,0,0,0,0,0,0,0,0,0,0,0,0,366.413,0,0,0
"MtrElec",10,2,23,"",371.432,0,0,0,0,0,0,0,0,0,0,0,0,0,0,0,0,0,0,0,0,371.432,0,0,0
"MtrElec",10,2,24,"",240.285,0,0,0,0,0,0,0,0,0,0,0,0,0,0,0,0,0,0,0,0,240.285,0,0,0
"MtrElec",10,3,1,"",185.312,0,0,0,0,0,0,0,0,0,0,0,0,0,0,0,0,0,0,0,0,185.312,0,0,0
"MtrElec",10,3,2,"",189.274,0,0,0,0,0,0,0,0,0,0,0,0,0,0,0,0,0,0,0,0,189.274,0,0,0
"MtrElec",10,3,3,"",172.016,0,0,0,0,0,0,0,0,0,0,0,0,0,0,0,0,0,0,0,0,172.016,0,0,0
"MtrElec",10,3,4,"",157.729,0,0,0,0,0,0,0,0,0,0,0,0,0,0,0,0,0,0,0,0,157.729,0,0,0
"MtrElec",10,3,5,"",173.249,0,0,0,0,0,0,0,0,0,0,0,0,0,0,0,0,0,0,0,0,173.249,0,0,0
"MtrElec",10,3,6,"",155.708,0,0,0,0,0,0,0,0,0,0,0,0,0,0,0,0,0,0,0,0,155.708,0,0,0
"MtrElec",10,3,7,"",225.437,0,0,0,0,0,0,0,0,0,0,0,0,0,0,0,0,0,0,0,0,225.437,0,0,0
"MtrElec",10,3,8,"",185.061,0,0,0,0,0,0,0,0,0,0,0,0,0,0,0,0,0,0,0,0,259.933,0,0,-74.8727
"MtrElec",10,3,9,"",80.8132,0,0,0,0,0,0,0,0,0,0,0,0,0,0,0,0,0,0,0,0,343.138,0,0,-262.325
"MtrElec",10,3,10,"",-20.2641,0,0,0,0,0,0,0,0,0,0,0,0,0,0,0,0,0,0,0,0,410.62,0,0,-430.884
"MtrElec",10,3,11,"",0,0,0,0,0,0,0,0,0,0,0,0,0,0,0,0,0,0,0,0,0,542.831,0,8.51119,-551.342
"MtrElec",10,3,12,"",0.0000039,0,0,0,0,0,0,0,0,0,0,0,0,0,0,0,0,0,0,0,0,558.731,0,60.3243,-619.055
"MtrElec",10,3,13,"",0,0,0,0,0,0,0,0,0,0,0,0,0,0,0,0,0,0,0,0,0,589.068,0,54.5795,-643.648
"MtrElec",10,3,14,"",0,0,0,0,0,0,0,0,0,0,0,0,0,0,0,0,0,0,0,0,0,564.655,0,62.1578,-626.812
"MtrElec",10,3,15,"",0,0,0,0,0,0,0,0,0,0,0,0,0,0,0,0,0,0,0,0,0,553.06,0,15.7829,-568.843
"MtrElec",10,3,16,"",84.8798,0,0,0,0,0,0,0,0,0,0,0,0,0,0,0,0,0,0,0,0,557.011,0,0,-472.132
"MtrElec",10,3,17,"",264.152,0,0,0,0,0,0,0,0,0,0,0,0,0,0,0,0,0,0,0,0,558.52,0,0,-294.368
"MtrElec",10,3,18,"",440.918,0,0,0,0,0,0,0,0,0,0,0,0,0,0,0,0,0,0,0,0,563.433,0,0,-122.515
"MtrElec",10,3,19,"",395.856,0,0,0,0,0,0,0,0,0,0,0,0,0,0,0,0,0,0,0,0,579.746,0,-181.723,-2.16727
"MtrElec",10,3,20,"",480.293,0,0,0,0,0,0,0,0,0,0,0,0,0,0,0,0,0,0,0,0,480.293,0,0,0
"MtrElec",10,3,21,"",422.484,0,0,0,0,0,0,0,0,0,0,0,0,0,0,0,0,0,0,0,0,422.484,0,0,0
"MtrElec",10,3,22,"",367.955,0,0,0,0,0,0,0,0,0,0,0,0,0,0,0,0,0,0,0,0,367.955,0,0,0
"MtrElec",10,3,23,"",242.727,0,0,0,0,0,0,0,0,0,0,0,0,0,0,0,0,0,0,0,0,242.727,0,0,0
"MtrElec",10,3,24,"",259.513,0,0,0,0,0,0,0,0,0,0,0,0,0,0,0,0,0,0,0,0,259.513,0,0,0
"MtrElec",10,4,1,"",177.065,0,0,0,0,0,0,0,0,0,0,0,0,0,0,0,0,0,0,0,0,177.065,0,0,0
"MtrElec",10,4,2,"",156.006,0,0,0,0,0,0,0,0,0,0,0,0,0,0,0,0,0,0,0,0,156.006,0,0,0
"MtrElec",10,4,3,"",151.849,0,0,0,0,0,0,0,0,0,0,0,0,0,0,0,0,0,0,0,0,151.849,0,0,0
"MtrElec",10,4,4,"",151.513,0,0,0,0,0,0,0,0,0,0,0,0,0,0,0,0,0,0,0,0,151.513,0,0,0
"MtrElec",10,4,5,"",155.587,0,0,0,0,0,0,0,0,0,0,0,0,0,0,0,0,0,0,0,0,155.587,0,0,0
"MtrElec",10,4,6,"",155.957,0,0,0,0,0,0,0,0,0,0,0,0,0,0,0,0,0,0,0,0,155.957,0,0,0
"MtrElec",10,4,7,"",184.791,0,0,0,0,0,0,0,0,0,0,0,0,0,0,0,0,0,0,0,0,184.791,0,0,0
"MtrElec",10,4,8,"",157.458,0,0,0,0,0,0,0,0,0,0,0,0,0,0,0,0,0,0,0,0,198.363,0,0,-40.9049
"MtrElec",10,4,9,"",102.844,0,0,0,0,0,0,0,0,0,0,0,0,0,0,0,0,0,0,0,0,268.076,0,0,-165.232
"MtrElec",10,4,10,"",-113.225,0,0,0,0,0,0,0,0,0,0,0,0,0,0,0,0,0,0,0,0,321.214,0,0,-434.439
"MtrElec",10,4,11,"",0,0,0,0,0,0,0,0,0,0,0,0,0,0,0,0,0,0,0,0,0,404.683,0,150.17,-554.853
"MtrElec",10,4,12,"",0,0,0,0,0,0,0,0,0,0,0,0,0,0,0,0,0,0,0,0,0,428.357,0,194.394,-622.75
"MtrElec",10,4,13,"",0.0000156,0,0,0,0,0,0,0,0,0,0,0,0,0,0,0,0,0,0,0,0,444.165,0,222.384,-666.549
"MtrElec",10,4,14,"",-21.582,0,0,0,0,0,0,0,0,0,0,0,0,0,0,0,0,0,0,0,0,418.339,0,223.217,-663.137
"MtrElec",10,4,15,"",-194.133,0,0,0,0,0,0,0,0,0,0,0,0,0,0,0,0,0,0,0,0,393.485,0,8.71616,-596.333
"MtrElec",10,4,16,"",-57.0864,0,0,0,0,0,0,0,0,0,0,0,0,0,0,0,0,0,0,0,0,417.434,0,0,-474.521
"MtrElec",10,4,17,"",67.1935,0,0,0,0,0,0,0,0,0,0,0,0,0,0,0,0,0,0,0,0,386.585,0,0,-319.392
"MtrElec",10,4,18,"",322.98,0,0,0,0,0,0,0,0,0,0,0,0,0,0,0,0,0,0,0,0,450.46,0,0,-127.481
"MtrElec",10,4,19,"",196.046,0,0,0,0,0,0,0,0,0,0,0,0,0,0,0,0,0,0,0,0,421.304,0,-223.217,-2.0411
"MtrElec",10,4,20,"",95.5285,0,0,0,0,0,0,0,0,0,0,0,0,0,0,0,0,0,0,0,0,318.745,0,-223.217,0
"MtrElec",10,4,21,"",106.938,0,0,0,0,0,0,0,0,0,0,0,0,0,0,0,0,0,0,0,0,330.155,0,-223.217,0
"MtrElec",10,4,22,"",248.981,0,0,0,0,0,0,0,0,0,0,0,0,0,0,0,0,0,0,0,0,300.321,0,-51.3398,0
"MtrElec",10,4,23,"",258.609,0,0,0,0,0,0,0,0,0,0,0,0,0,0,0,0,0,0,0,0,258.609,0,0,0
"MtrElec",10,4,24,"",232.538,0,0,0,0,0,0,0,0,0,0,0,0,0,0,0,0,0,0,0,0,232.538,0,0,0
"MtrElec",10,5,1,"",176.424,0,0,0,0,0,0,0,0,0,0,0,0,0,0,0,0,0,0,0,0,176.424,0,0,0
"MtrElec",10,5,2,"",160.516,0,0,0,0,0,0,0,0,0,0,0,0,0,0,0,0,0,0,0,0,160.516,0,0,0
"MtrElec",10,5,3,"",154.586,0,0,0,0,0,0,0,0,0,0,0,0,0,0,0,0,0,0,0,0,154.586,0,0,0
"MtrElec",10,5,4,"",190.24,0,0,0,0,0,0,0,0,0,0,0,0,0,0,0,0,0,0,0,0,190.24,0,0,0
"MtrElec",10,5,5,"",154.422,0,0,0,0,0,0,0,0,0,0,0,0,0,0,0,0,0,0,0,0,154.422,0,0,0
"MtrElec",10,5,6,"",154.921,0,0,0,0,0,0,0,0,0,0,0,0,0,0,0,0,0,0,0,0,154.921,0,0,0
"MtrElec",10,5,7,"",279.002,0,0,0,0,0,0,0,0,0,0,0,0,0,0,0,0,0,0,0,0,279.002,0,0,0
"MtrElec",10,5,8,"",273.071,0,0,0,0,0,0,0,0,0,0,0,0,0,0,0,0,0,0,0,0,280.864,0,0,-7.79294
"MtrElec",10,5,9,"",310.519,0,0,0,0,0,0,0,0,0,0,0,0,0,0,0,0,0,0,0,0,346.899,0,0,-36.3796
"MtrElec",10,5,10,"",257.516,0,0,0,0,0,0,0,0,0,0,0,0,0,0,0,0,0,0,0,0,389.445,0,0,-131.929
"MtrElec",10,5,11,"",0,0,0,0,0,0,0,0,0,0,0,0,0,0,0,0,0,0,0,0,0,404.997,0,79.7935,-484.791
"MtrElec",10,5,12,"",0.0000078,0,0,0,0,0,0,0,0,0,0,0,0,0,0,0,0,0,0,0,0,446.823,0,113.827,-560.65
"MtrElec",10,5,13,"",-18.7399,0,0,0,0,0,0,0,0,0,0,0,0,0,0,0,0,0,0,0,0,419.649,0,223.217,-661.606
"MtrElec",10,5,14,"",0,0,0,0,0,0,0,0,0,0,0,0,0,0,0,0,0,0,0,0,0,454.671,0,166.418,-621.089
"MtrElec",10,5,15,"",0.0000078,0,0,0,0,0,0,0,0,0,0,0,0,0,0,0,0,0,0,0,0,442.606,0,115.33,-557.936
"MtrElec",10,5,16,"",39.061,0,0,0,0,0,0,0,0,0,0,0,0,0,0,0,0,0,0,0,0,495.914,0,0,-456.853
"MtrElec",10,5,17,"",250.821,0,0,0,0,0,0,0,0,0,0,0,0,0,0,0,0,0,0,0,0,558.711,0,0,-307.89
"MtrElec",10,5,18,"",409.99,0,0,0,0,0,0,0,0,0,0,0,0,0,0,0,0,0,0,0,0,530.393,0,0,-120.403
"MtrElec",10,5,19,"",243.671,0,0,0,0,0,0,0,0,0,0,0,0,0,0,0,0,0,0,0,0,468.719,0,-223.217,-1.83099
"MtrElec",10,5,20,"",246.676,0,0,0,0,0,0,0,0,0,0,0,0,0,0,0,0,0,0,0,0,469.893,0,-223.217,0
"MtrElec",10,5,21,"",246.394,0,0,0,0,0,0,0,0,0,0,0,0,0,0,0,0,0,0,0,0,430.435,0,-184.04,0
"MtrElec",10,5,22,"",307.565,0,0,0,0,0,0,0,0,0,0,0,0,0,0,0,0,0,0,0,0,307.565,0,0,0
"MtrElec",10,5,23,"",242.114,0,0,0,0,0,0,0,0,0,0,0,0,0,0,0,0,0,0,0,0,242.114,0,0,0
"MtrElec",10,5,24,"",251.183,0,0,0,0,0,0,0,0,0,0,0,0,0,0,0,0,0,0,0,0,251.183,0,0,0
"MtrElec",10,6,1,"",178.941,0,0,0,0,0,0,0,0,0,0,0,0,0,0,0,0,0,0,0,0,178.941,0,0,0
"MtrElec",10,6,2,"",153.739,0,0,0,0,0,0,0,0,0,0,0,0,0,0,0,0,0,0,0,0,153.739,0,0,0
"MtrElec",10,6,3,"",153.826,0,0,0,0,0,0,0,0,0,0,0,0,0,0,0,0,0,0,0,0,153.826,0,0,0
"MtrElec",10,6,4,"",155.728,0,0,0,0,0,0,0,0,0,0,0,0,0,0,0,0,0,0,0,0,155.728,0,0,0
"MtrElec",10,6,5,"",155.234,0,0,0,0,0,0,0,0,0,0,0,0,0,0,0,0,0,0,0,0,155.234,0,0,0
"MtrElec",10,6,6,"",192.176,0,0,0,0,0,0,0,0,0,0,0,0,0,0,0,0,0,0,0,0,192.176,0,0,0
"MtrElec",10,6,7,"",253.863,0,0,0,0,0,0,0,0,0,0,0,0,0,0,0,0,0,0,0,0,253.863,0,0,0
"MtrElec",10,6,8,"",273.3,0,0,0,0,0,0,0,0,0,0,0,0,0,0,0,0,0,0,0,0,304.403,0,0,-31.1028
"MtrElec",10,6,9,"",229.343,0,0,0,0,0,0,0,0,0,0,0,0,0,0,0,0,0,0,0,0,360.121,0,0,-130.778
"MtrElec",10,6,10,"",151.521,0,0,0,0,0,0,0,0,0,0,0,0,0,0,0,0,0,0,0,0,454.848,0,0,-303.328
"MtrElec",10,6,11,"",84.5325,0,0,0,0,0,0,0,0,0,0,0,0,0,0,0,0,0,0,0,0,482.995,0,0,-398.463
"MtrElec",10,6,12,"",0,0,0,0,0,0,0,0,0,0,0,0,0,0,0,0,0,0,0,0,0,456.244,0,63.3445,-519.589
"MtrElec",10,6,13,"",0.0000010,0,0,0,0,0,0,0,0,0,0,0,0,0,0,0,0,0,0,0,0,499.776,0,11.3205,-511.097
"MtrElec",10,6,14,"",0,0,0,0,0,0,0,0,0,0,0,0,0,0,0,0,0,0,0,0,0,453.62,0,68.5498,-522.17
"MtrElec",10,6,15,"",23.3891,0,0,0,0,0,0,0,0,0,0,0,0,0,0,0,0,0,0,0,0,505.962,0,0,-482.573
"MtrElec",10,6,16,"",121.315,0,0,0,0,0,0,0,0,0,0,0,0,0,0,0,0,0,0,0,0,493.706,0,0,-372.391
"MtrElec",10,6,17,"",321.193,0,0,0,0,0,0,0,0,0,0,0,0,0,0,0,0,0,0,0,0,545.342,0,0,-224.149
"MtrElec",10,6,18,"",438.568,0,0,0,0,0,0,0,0,0,0,0,0,0,0,0,0,0,0,0,0,505.396,0,0,-66.8282
"MtrElec",10,6,19,"",343.936,0,0,0,0,0,0,0,0,0,0,0,0,0,0,0,0,0,0,0,0,473.827,0,-129.251,-0.639554
"MtrElec",10,6,20,"",469.981,0,0,0,0,0,0,0,0,0,0,0,0,0,0,0,0,0,0,0,0,469.981,0,0,0
"MtrElec",10,6,21,"",420.867,0,0,0,0,0,0,0,0,0,0,0,0,0,0,0,0,0,0,0,0,420.867,0,0,0
"MtrElec",10,6,22,"",324.314,0,0,0,0,0,0,0,0,0,0,0,0,0,0,0,0,0,0,0,0,324.314,0,0,0
"MtrElec",10,6,23,"",304.981,0,0,0,0,0,0,0,0,0,0,0,0,0,0,0,0,0,0,0,0,304.981,0,0,0
"MtrElec",10,6,24,"",233.857,0,0,0,0,0,0,0,0,0,0,0,0,0,0,0,0,0,0,0,0,233.857,0,0,0
"MtrElec",10,7,1,"",178.065,0,0,0,0,0,0,0,0,0,0,0,0,0,0,0,0,0,0,0,0,178.065,0,0,0
"MtrElec",10,7,2,"",160.464,0,0,0,0,0,0,0,0,0,0,0,0,0,0,0,0,0,0,0,0,160.464,0,0,0
"MtrElec",10,7,3,"",153.242,0,0,0,0,0,0,0,0,0,0,0,0,0,0,0,0,0,0,0,0,153.242,0,0,0
"MtrElec",10,7,4,"",154.059,0,0,0,0,0,0,0,0,0,0,0,0,0,0,0,0,0,0,0,0,154.059,0,0,0
"MtrElec",10,7,5,"",183.718,0,0,0,0,0,0,0,0,0,0,0,0,0,0,0,0,0,0,0,0,183.718,0,0,0
"MtrElec",10,7,6,"",155.852,0,0,0,0,0,0,0,0,0,0,0,0,0,0,0,0,0,0,0,0,155.852,0,0,0
"MtrElec",10,7,7,"",243.446,0,0,0,0,0,0,0,0,0,0,0,0,0,0,0,0,0,0,0,0,243.446,0,0,0
"MtrElec",10,7,8,"",211.965,0,0,0,0,0,0,0,0,0,0,0,0,0,0,0,0,0,0,0,0,281.309,0,0,-69.3438
"MtrElec",10,7,9,"",144.221,0,0,0,0,0,0,0,0,0,0,0,0,0,0,0,0,0,0,0,0,400.773,0,0,-256.551
"MtrElec",10,7,10,"",47.5059,0,0,0,0,0,0,0,0,0,0,0,0,0,0,0,0,0,0,0,0,476.539,0,0,-429.034
"MtrElec",10,7,11,"",0.0000010,0,0,0,0,0,0,0,0,0,0,0,0,0,0,0,0,0,0,0,0,540.998,0,10.2157,-551.214
"MtrElec",10,7,12,"",0,0,0,0,0,0,0,0,0,0,0,0,0,0,0,0,0,0,0,0,0,529.138,0,87.9174,-617.055
"MtrElec",10,7,13,"",0.0000078,0,0,0,0,0,0,0,0,0,0,0,0,0,0,0,0,0,0,0,0,571.271,0,70.8796,-642.15
"MtrElec",10,7,14,"",0,0,0,0,0,0,0,0,0,0,0,0,0,0,0,0,0,0,0,0,0,465.32,0,158.493,-623.813
"MtrElec",10,7,15,"",0,0,0,0,0,0,0,0,0,0,0,0,0,0,0,0,0,0,0,0,0,511.582,0,49.1853,-560.767
"MtrElec",10,7,16,"",102.554,0,0,0,0,0,0,0,0,0,0,0,0,0,0,0,0,0,0,0,0,556.489,0,0,-453.936
"MtrElec",10,7,17,"",236.925,0,0,0,0,0,0,0,0,0,0,0,0,0,0,0,0,0,0,0,0,542.448,0,0,-305.524
"MtrElec",10,7,18,"",420.743,0,0,0,0,0,0,0,0,0,0,0,0,0,0,0,0,0,0,0,0,537.17,0,0,-116.426
"MtrElec",10,7,19,"",295.174,0,0,0,0,0,0,0,0,0,0,0,0,0,0,0,0,0,0,0,0,519.345,0,-223.217,-0.953637
"MtrElec",10,7,20,"",360.304,0,0,0,0,0,0,0,0,0,0,0,0,0,0,0,0,0,0,0,0,477.051,0,-116.747,0
"MtrElec",10,7,21,"",467.122,0,0,0,0,0,0,0,0,0,0,0,0,0,0,0,0,0,0,0,0,467.122,0,0,0
"MtrElec",10,7,22,"",340.719,0,0,0,0,0,0,0,0,0,0,0,0,0,0,0,0,0,0,0,0,340.719,0,0,0
"MtrElec",10,7,23,"",276.598,0,0,0,0,0,0,0,0,0,0,0,0,0,0,0,0,0,0,0,0,276.598,0,0,0
"MtrElec",10,7,24,"",212.717,0,0,0,0,0,0,0,0,0,0,0,0,0,0,0,0,0,0,0,0,212.717,0,0,0
"MtrElec",10,8,1,"",179.532,0,0,0,0,0,0,0,0,0,0,0,0,0,0,0,0,0,0,0,0,179.532,0,0,0
"MtrElec",10,8,2,"",155.707,0,0,0,0,0,0,0,0,0,0,0,0,0,0,0,0,0,0,0,0,155.707,0,0,0
"MtrElec",10,8,3,"",150.13,0,0,0,0,0,0,0,0,0,0,0,0,0,0,0,0,0,0,0,0,150.13,0,0,0
"MtrElec",10,8,4,"",149.915,0,0,0,0,0,0,0,0,0,0,0,0,0,0,0,0,0,0,0,0,149.915,0,0,0
"MtrElec",10,8,5,"",147.526,0,0,0,0,0,0,0,0,0,0,0,0,0,0,0,0,0,0,0,0,147.526,0,0,0
"MtrElec",10,8,6,"",190.562,0,0,0,0,0,0,0,0,0,0,0,0,0,0,0,0,0,0,0,0,190.562,0,0,0
"MtrElec",10,8,7,"",235.059,0,0,0,0,0,0,0,0,0,0,0,0,0,0,0,0,0,0,0,0,235.059,0,0,0
"MtrElec",10,8,8,"",315.623,0,0,0,0,0,0,0,0,0,0,0,0,0,0,0,0,0,0,0,0,325.621,0,0,-9.99755
"MtrElec",10,8,9,"",301.845,0,0,0,0,0,0,0,0,0,0,0,0,0,0,0,0,0,0,0,0,351.31,0,0,-49.4658
"MtrElec",10,8,10,"",308.373,0,0,0,0,0,0,0,0,0,0,0,0,0,0,0,0,0,0,0,0,401.609,0,0,-93.2361
"MtrElec",10,8,11,"",187.999,0,0,0,0,0,0,0,0,0,0,0,0,0,0,0,0,0,0,0,0,409.743,0,0,-221.744
"MtrElec",10,8,12,"",0,0,0,0,0,0,0,0,0,0,0,0,0,0,0,0,0,0,0,0,0,449.693,0,49.7634,-499.456
"MtrElec",10,8,13,"",0,0,0,0,0,0,0,0,0,0,0,0,0,0,0,0,0,0,0,0,0,446.646,0,212.545,-659.191
"MtrElec",10,8,14,"",0,0,0,0,0,0,0,0,0,0,0,0,0,0,0,0,0,0,0,0,0,460.182,0,173.899,-634.081
"MtrElec",10,8,15,"",0.0000078,0,0,0,0,0,0,0,0,0,0,0,0,0,0,0,0,0,0,0,0,445.359,0,129.916,-575.276
"MtrElec",10,8,16,"",57.0241,0,0,0,0,0,0,0,0,0,0,0,0,0,0,0,0,0,0,0,0,526.94,0,0,-469.916
"MtrElec",10,8,17,"",235.554,0,0,0,0,0,0,0,0,0,0,0,0,0,0,0,0,0,0,0,0,544.079,0,0,-308.525
"MtrElec",10,8,18,"",400.588,0,0,0,0,0,0,0,0,0,0,0,0,0,0,0,0,0,0,0,0,516.369,0,0,-115.781
"MtrElec",10,8,19,"",215.086,0,0,0,0,0,0,0,0,0,0,0,0,0,0,0,0,0,0,0,0,439.333,0,-223.217,-1.03068
"MtrElec",10,8,20,"",184.374,0,0,0,0,0,0,0,0,0,0,0,0,0,0,0,0,0,0,0,0,407.59,0,-223.217,0
"MtrElec",10,8,21,"",339.723,0,0,0,0,0,0,0,0,0,0,0,0,0,0,0,0,0,0,0,0,404.216,0,-64.4931,0
"MtrElec",10,8,22,"",287.841,0,0,0,0,0,0,0,0,0,0,0,0,0,0,0,0,0,0,0,0,287.841,0,0,0
"MtrElec",10,8,23,"",264.658,0,0,0,0,0,0,0,0,0,0,0,0,0,0,0,0,0,0,0,0,264.658,0,0,0
"MtrElec",10,8,24,"",211.138,0,0,0,0,0,0,0,0,0,0,0,0,0,0,0,0,0,0,0,0,211.138,0,0,0
"MtrElec",10,9,1,"",198.429,0,0,0,0,0,0,0,0,0,0,0,0,0,0,0,0,0,0,0,0,198.429,0,0,0
"MtrElec",10,9,2,"",154.149,0,0,0,0,0,0,0,0,0,0,0,0,0,0,0,0,0,0,0,0,154.149,0,0,0
"MtrElec",10,9,3,"",149.428,0,0,0,0,0,0,0,0,0,0,0,0,0,0,0,0,0,0,0,0,149.428,0,0,0
"MtrElec",10,9,4,"",150.294,0,0,0,0,0,0,0,0,0,0,0,0,0,0,0,0,0,0,0,0,150.294,0,0,0
"MtrElec",10,9,5,"",145.333,0,0,0,0,0,0,0,0,0,0,0,0,0,0,0,0,0,0,0,0,145.333,0,0,0
"MtrElec",10,9,6,"",160.465,0,0,0,0,0,0,0,0,0,0,0,0,0,0,0,0,0,0,0,0,160.465,0,0,0
"MtrElec",10,9,7,"",276.586,0,0,0,0,0,0,0,0,0,0,0,0,0,0,0,0,0,0,0,0,276.586,0,0,0
"MtrElec",10,9,8,"",253.765,0,0,0,0,0,0,0,0,0,0,0,0,0,0,0,0,0,0,0,0,290.09,0,0,-36.3254
"MtrElec",10,9,9,"",192.553,0,0,0,0,0,0,0,0,0,0,0,0,0,0,0,0,0,0,0,0,353.119,0,0,-160.565
"MtrElec",10,9,10,"",-40.5285,0,0,0,0,0,0,0,0,0,0,0,0,0,0,0,0,0,0,0,0,379.788,0,0,-420.317
"MtrElec",10,9,11,"",0,0,0,0,0,0,0,0,0,0,0,0,0,0,0,0,0,0,0,0,0,472.08,0,69.768,-541.848
"MtrElec",10,9,12,"",0,0,0,0,0,0,0,0,0,0,0,0,0,0,0,0,0,0,0,0,0,456.892,0,168.117,-625.009
"MtrElec",10,9,13,"",0.0000039,0,0,0,0,0,0,0,0,0,0,0,0,0,0,0,0,0,0,0,0,435.198,0,45.454,-480.652
"MtrElec",10,9,14,"",0,0,0,0,0,0,0,0,0,0,0,0,0,0,0,0,0,0,0,0,0,451.276,0,8.88509,-460.161
"MtrElec",10,9,15,"",0,0,0,0,0,0,0,0,0,0,0,0,0,0,0,0,0,0,0,0,0,437.092,0,96.9123,-534.004
"MtrElec",10,9,16,"",67.2522,0,0,0,0,0,0,0,0,0,0,0,0,0,0,0,0,0,0,0,0,485.715,0,0,-418.462
"MtrElec",10,9,17,"",306.118,0,0,0,0,0,0,0,0,0,0,0,0,0,0,0,0,0,0,0,0,476.587,0,0,-170.469
"MtrElec",10,9,18,"",460.186,0,0,0,0,0,0,0,0,0,0,0,0,0,0,0,0,0,0,0,0,489.485,0,0,-29.299
"MtrElec",10,9,19,"",216.209,0,0,0,0,0,0,0,0,0,0,0,0,0,0,0,0,0,0,0,0,439.426,0,-223.217,0
"MtrElec",10,9,20,"",325.201,0,0,0,0,0,0,0,0,0,0,0,0,0,0,0,0,0,0,0,0,453.18,0,-127.979,0
"MtrElec",10,9,21,"",482.333,0,0,0,0,0,0,0,0,0,0,0,0,0,0,0,0,0,0,0,0,482.333,0,0,0
"MtrElec",10,9,22,"",300.716,0,0,0,0,0,0,0,0,0,0,0,0,0,0,0,0,0,0,0,0,300.716,0,0,0
"MtrElec",10,9,23,"",297.924,0,0,0,0,0,0,0,0,0,0,0,0,0,0,0,0,0,0,0,0,297.924,0,0,0
"MtrElec",10,9,24,"",217.922,0,0,0,0,0,0,0,0,0,0,0,0,0,0,0,0,0,0,0,0,217.922,0,0,0
"MtrElec",10,10,1,"",164.661,0,0,0,0,0,0,0,0,0,0,0,0,0,0,0,0,0,0,0,0,164.661,0,0,0
"MtrElec",10,10,2,"",158.155,0,0,0,0,0,0,0,0,0,0,0,0,0,0,0,0,0,0,0,0,158.155,0,0,0
"MtrElec",10,10,3,"",176.903,0,0,0,0,0,0,0,0,0,0,0,0,0,0,0,0,0,0,0,0,176.903,0,0,0
"MtrElec",10,10,4,"",152.366,0,0,0,0,0,0,0,0,0,0,0,0,0,0,0,0,0,0,0,0,152.366,0,0,0
"MtrElec",10,10,5,"",194.301,0,0,0,0,0,0,0,0,0,0,0,0,0,0,0,0,0,0,0,0,194.301,0,0,0
"MtrElec",10,10,6,"",154.777,0,0,0,0,0,0,0,0,0,0,0,0,0,0,0,0,0,0,0,0,154.777,0,0,0
"MtrElec",10,10,7,"",207.831,0,0,0,0,0,0,0,0,0,0,0,0,0,0,0,0,0,0,0,0,207.831,0,0,0
"MtrElec",10,10,8,"",164.303,0,0,0,0,0,0,0,0,0,0,0,0,0,0,0,0,0,0,0,0,230.785,0,0,-66.4826
"MtrElec",10,10,9,"",73.4982,0,0,0,0,0,0,0,0,0,0,0,0,0,0,0,0,0,0,0,0,333.586,0,0,-260.088
"MtrElec",10,10,10,"",-25.748,0,0,0,0,0,0,0,0,0,0,0,0,0,0,0,0,0,0,0,0,411.395,0,0,-437.143
"MtrElec",10,10,11,"",0.0000078,0,0,0,0,0,0,0,0,0,0,0,0,0,0,0,0,0,0,0,0,491.57,0,67.7626,-559.333
"MtrElec",10,10,12,"",9.28309,0,0,0,0,0,0,0,0,0,0,0,0,0,0,0,0,0,0,0,0,473.765,0,0,-464.482
"MtrElec",10,10,13,"",170.714,0,0,0,0,0,0,0,0,0,0,0,0,0,0,0,0,0,0,0,0,518.011,0,0,-347.296
"MtrElec",10,10,14,"",-9.71322,0,0,0,0,0,0,0,0,0,0,0,0,0,0,0,0,0,0,0,0,426.094,0,223.217,-659.024
"MtrElec",10,10,15,"",0.0000078,0,0,0,0,0,0,0,0,0,0,0,0,0,0,0,0,0,0,0,0,483.121,0,108.358,-591.48
"MtrElec",10,10,16,"",0,0,0,0,0,0,0,0,0,0,0,0,0,0,0,0,0,0,0,0,0,422.013,0,55.3311,-477.345
"MtrElec",10,10,17,"",161.042,0,0,0,0,0,0,0,0,0,0,0,0,0,0,0,0,0,0,0,0,471.292,0,0,-310.25
"MtrElec",10,10,18,"",392.262,0,0,0,0,0,0,0,0,0,0,0,0,0,0,0,0,0,0,0,0,505.631,0,0,-113.369
"MtrElec",10,10,19,"",289.388,0,0,0,0,0,0,0,0,0,0,0,0,0,0,0,0,0,0,0,0,512.937,0,-223.217,-0.332078
"MtrElec",10,10,20,"",195.601,0,0,0,0,0,0,0,0,0,0,0,0,0,0,0,0,0,0,0,0,382.723,0,-187.122,0
"MtrElec",10,10,21,"",400.776,0,0,0,0,0,0,0,0,0,0,0,0,0,0,0,0,0,0,0,0,400.776,0,0,0
"MtrElec",10,10,22,"",376.386,0,0,0,0,0,0,0,0,0,0,0,0,0,0,0,0,0,0,0,0,376.386,0,0,0
"MtrElec",10,10,23,"",198.702,0,0,0,0,0,0,0,0,0,0,0,0,0,0,0,0,0,0,0,0,198.702,0,0,0
"MtrElec",10,10,24,"",205.261,0,0,0,0,0,0,0,0,0,0,0,0,0,0,0,0,0,0,0,0,205.261,0,0,0
"MtrElec",10,11,1,"",158.711,0,0,0,0,0,0,0,0,0,0,0,0,0,0,0,0,0,0,0,0,158.711,0,0,0
"MtrElec",10,11,2,"",153.581,0,0,0,0,0,0,0,0,0,0,0,0,0,0,0,0,0,0,0,0,153.581,0,0,0
"MtrElec",10,11,3,"",186.715,0,0,0,0,0,0,0,0,0,0,0,0,0,0,0,0,0,0,0,0,186.715,0,0,0
"MtrElec",10,11,4,"",158.991,0,0,0,0,0,0,0,0,0,0,0,0,0,0,0,0,0,0,0,0,158.991,0,0,0
"MtrElec",10,11,5,"",184.597,0,0,0,0,0,0,0,0,0,0,0,0,0,0,0,0,0,0,0,0,184.597,0,0,0
"MtrElec",10,11,6,"",153.884,0,0,0,0,0,0,0,0,0,0,0,0,0,0,0,0,0,0,0,0,153.884,0,0,0
"MtrElec",10,11,7,"",184.351,0,0,0,0,0,0,0,0,0,0,0,0,0,0,0,0,0,0,0,0,184.351,0,0,0
"MtrElec",10,11,8,"",178.826,0,0,0,0,0,0,0,0,0,0,0,0,0,0,0,0,0,0,0,0,215.155,0,0,-36.329
"MtrElec",10,11,9,"",134.347,0,0,0,0,0,0,0,0,0,0,0,0,0,0,0,0,0,0,0,0,258.054,0,0,-123.707
"MtrElec",10,11,10,"",108.922,0,0,0,0,0,0,0,0,0,0,0,0,0,0,0,0,0,0,0,0,331.066,0,0,-222.144
"MtrElec",10,11,11,"",0,0,0,0,0,0,0,0,0,0,0,0,0,0,0,0,0,0,0,0,0,395.853,0,67.7665,-463.619
"MtrElec",10,11,12,"",0,0,0,0,0,0,0,0,0,0,0,0,0,0,0,0,0,0,0,0,0,381.788,0,130.993,-512.781
"MtrElec",10,11,13,"",0.0000078,0,0,0,0,0,0,0,0,0,0,0,0,0,0,0,0,0,0,0,0,373.138,0,116.862,-490
"MtrElec",10,11,14,"",75.8558,0,0,0,0,0,0,0,0,0,0,0,0,0,0,0,0,0,0,0,0,370.801,0,0,-294.945
"MtrElec",10,11,15,"",46.8569,0,0,0,0,0,0,0,0,0,0,0,0,0,0,0,0,0,0,0,0,337.799,0,0,-290.943
"MtrElec",10,11,16,"",201.985,0,0,0,0,0,0,0,0,0,0,0,0,0,0,0,0,0,0,0,0,318.069,0,0,-116.085
"MtrElec",10,11,17,"",289.697,0,0,0,0,0,0,0,0,0,0,0,0,0,0,0,0,0,0,0,0,292.995,0,0,-3.29803
"MtrElec",10,11,18,"",320.567,0,0,0,0,0,0,0,0,0,0,0,0,0,0,0,0,0,0,0,0,320.567,0,0,0
"MtrElec",10,11,19,"",168.937,0,0,0,0,0,0,0,0,0,0,0,0,0,0,0,0,0,0,0,0,392.154,0,-223.217,0
"MtrElec",10,11,20,"",229.084,0,0,0,0,0,0,0,0,0,0,0,0,0,0,0,0,0,0,0,0,290.715,0,-61.6317,0
"MtrElec",10,11,21,"",309.415,0,0,0,0,0,0,0,0,0,0,0,0,0,0,0,0,0,0,0,0,309.415,0,0,0
"MtrElec",10,11,22,"",310.326,0,0,0,0,0,0,0,0,0,0,0,0,0,0,0,0,0,0,0,0,310.326,0,0,0
"MtrElec",10,11,23,"",207.642,0,0,0,0,0,0,0,0,0,0,0,0,0,0,0,0,0,0,0,0,207.642,0,0,0
"MtrElec",10,11,24,"",239.493,0,0,0,0,0,0,0,0,0,0,0,0,0,0,0,0,0,0,0,0,239.493,0,0,0
"MtrElec",10,12,1,"",169.586,0,0,0,0,0,0,0,0,0,0,0,0,0,0,0,0,0,0,0,0,169.586,0,0,0
"MtrElec",10,12,2,"",159.623,0,0,0,0,0,0,0,0,0,0,0,0,0,0,0,0,0,0,0,0,159.623,0,0,0
"MtrElec",10,12,3,"",151.152,0,0,0,0,0,0,0,0,0,0,0,0,0,0,0,0,0,0,0,0,151.152,0,0,0
"MtrElec",10,12,4,"",160.808,0,0,0,0,0,0,0,0,0,0,0,0,0,0,0,0,0,0,0,0,160.808,0,0,0
"MtrElec",10,12,5,"",150.129,0,0,0,0,0,0,0,0,0,0,0,0,0,0,0,0,0,0,0,0,150.129,0,0,0
"MtrElec",10,12,6,"",196.091,0,0,0,0,0,0,0,0,0,0,0,0,0,0,0,0,0,0,0,0,196.091,0,0,0
"MtrElec",10,12,7,"",211.091,0,0,0,0,0,0,0,0,0,0,0,0,0,0,0,0,0,0,0,0,211.091,0,0,0
"MtrElec",10,12,8,"",231.261,0,0,0,0,0,0,0,0,0,0,0,0,0,0,0,0,0,0,0,0,292.835,0,0,-61.5739
"MtrElec",10,12,9,"",169.614,0,0,0,0,0,0,0,0,0,0,0,0,0,0,0,0,0,0,0,0,348.171,0,0,-178.558
"MtrElec",10,12,10,"",247.9,0,0,0,0,0,0,0,0,0,0,0,0,0,0,0,0,0,0,0,0,352.03,0,0,-104.131
"MtrElec",10,12,11,"",178.517,0,0,0,0,0,0,0,0,0,0,0,0,0,0,0,0,0,0,0,0,337.159,0,0,-158.643
"MtrElec",10,12,12,"",0.0000078,0,0,0,0,0,0,0,0,0,0,0,0,0,0,0,0,0,0,0,0,384.579,0,94.3688,-478.948
"MtrElec",10,12,13,"",0.0000156,0,0,0,0,0,0,0,0,0,0,0,0,0,0,0,0,0,0,0,0,403.721,0,184.105,-587.826
"MtrElec",10,12,14,"",-94.5736,0,0,0,0,0,0,0,0,0,0,0,0,0,0,0,0,0,0,0,0,307.073,0,223.217,-624.864
"MtrElec",10,12,15,"",-34.5991,0,0,0,0,0,0,0,0,0,0,0,0,0,0,0,0,0,0,0,0,297.289,0,223.217,-555.105
"MtrElec",10,12,16,"",0.0000039,0,0,0,0,0,0,0,0,0,0,0,0,0,0,0,0,0,0,0,0,328.651,0,53.2286,-381.879
"MtrElec",10,12,17,"",265.242,0,0,0,0,0,0,0,0,0,0,0,0,0,0,0,0,0,0,0,0,336.183,0,0,-70.9413
"MtrElec",10,12,18,"",299.945,0,0,0,0,0,0,0,0,0,0,0,0,0,0,0,0,0,0,0,0,355.774,0,0,-55.8283
"MtrElec",10,12,19,"",157.404,0,0,0,0,0,0,0,0,0,0,0,0,0,0,0,0,0,0,0,0,380.621,0,-223.217,0
"MtrElec",10,12,20,"",115.963,0,0,0,0,0,0,0,0,0,0,0,0,0,0,0,0,0,0,0,0,339.179,0,-223.217,0
"MtrElec",10,12,21,"",124.869,0,0,0,0,0,0,0,0,0,0,0,0,0,0,0,0,0,0,0,0,348.086,0,-223.217,0
"MtrElec",10,12,22,"",259.74,0,0,0,0,0,0,0,0,0,0,0,0,0,0,0,0,0,0,0,0,292.358,0,-32.6173,0
"MtrElec",10,12,23,"",307.223,0,0,0,0,0,0,0,0,0,0,0,0,0,0,0,0,0,0,0,0,307.223,0,0,0
"MtrElec",10,12,24,"",203.313,0,0,0,0,0,0,0,0,0,0,0,0,0,0,0,0,0,0,0,0,203.313,0,0,0
"MtrElec",10,13,1,"",199.565,0,0,0,0,0,0,0,0,0,0,0,0,0,0,0,0,0,0,0,0,199.565,0,0,0
"MtrElec",10,13,2,"",153.802,0,0,0,0,0,0,0,0,0,0,0,0,0,0,0,0,0,0,0,0,153.802,0,0,0
"MtrElec",10,13,3,"",149.304,0,0,0,0,0,0,0,0,0,0,0,0,0,0,0,0,0,0,0,0,149.304,0,0,0
"MtrElec",10,13,4,"",149.689,0,0,0,0,0,0,0,0,0,0,0,0,0,0,0,0,0,0,0,0,149.689,0,0,0
"MtrElec",10,13,5,"",147.831,0,0,0,0,0,0,0,0,0,0,0,0,0,0,0,0,0,0,0,0,147.831,0,0,0
"MtrElec",10,13,6,"",193.924,0,0,0,0,0,0,0,0,0,0,0,0,0,0,0,0,0,0,0,0,193.924,0,0,0
"MtrElec",10,13,7,"",233.482,0,0,0,0,0,0,0,0,0,0,0,0,0,0,0,0,0,0,0,0,233.482,0,0,0
"MtrElec",10,13,8,"",235.444,0,0,0,0,0,0,0,0,0,0,0,0,0,0,0,0,0,0,0,0,299.689,0,0,-64.2451
"MtrElec",10,13,9,"",87.6775,0,0,0,0,0,0,0,0,0,0,0,0,0,0,0,0,0,0,0,0,336.898,0,0,-249.22
"MtrElec",10,13,10,"",-47.4144,0,0,0,0,0,0,0,0,0,0,0,0,0,0,0,0,0,0,0,0,369.245,0,0,-416.659
"MtrElec",10,13,11,"",0,0,0,0,0,0,0,0,0,0,0,0,0,0,0,0,0,0,0,0,0,441.364,0,97.6408,-539.005
"MtrElec",10,13,12,"",0,0,0,0,0,0,0,0,0,0,0,0,0,0,0,0,0,0,0,0,0,402.841,0,209.435,-612.276
"MtrElec",10,13,13,"",0,0,0,0,0,0,0,0,0,0,0,0,0,0,0,0,0,0,0,0,0,420.55,0,215.148,-635.698
"MtrElec",10,13,14,"",0,0,0,0,0,0,0,0,0,0,0,0,0,0,0,0,0,0,0,0,0,407.764,0,133.316,-541.08
"MtrElec",10,13,15,"",-28.6455,0,0,0,0,0,0,0,0,0,0,0,0,0,0,0,0,0,0,0,0,370.835,0,143.342,-542.822
"MtrElec",10,13,16,"",-14.5002,0,0,0,0,0,0,0,0,0,0,0,0,0,0,0,0,0,0,0,0,435.396,0,0,-449.896
"MtrElec",10,13,17,"",149.336,0,0,0,0,0,0,0,0,0,0,0,0,0,0,0,0,0,0,0,0,442.507,0,0,-293.171
"MtrElec",10,13,18,"",371.3,0,0,0,0,0,0,0,0,0,0,0,0,0,0,0,0,0,0,0,0,472.776,0,0,-101.476
"MtrElec",10,13,19,"",205.058,0,0,0,0,0,0,0,0,0,0,0,0,0,0,0,0,0,0,0,0,428.275,0,-223.217,0
"MtrElec",10,13,20,"",183.984,0,0,0,0,0,0,0,0,0,0,0,0,0,0,0,0,0,0,0,0,407.201,0,-223.217,0
"MtrElec",10,13,21,"",199.919,0,0,0,0,0,0,0,0,0,0,0,0,0,0,0,0,0,0,0,0,423.136,0,-223.217,0
"MtrElec",10,13,22,"",237.719,0,0,0,0,0,0,0,0,0,0,0,0,0,0,0,0,0,0,0,0,289.059,0,-51.3398,0
"MtrElec",10,13,23,"",264.128,0,0,0,0,0,0,0,0,0,0,0,0,0,0,0,0,0,0,0,0,264.128,0,0,0
"MtrElec",10,13,24,"",207.27,0,0,0,0,0,0,0,0,0,0,0,0,0,0,0,0,0,0,0,0,207.27,0,0,0
"MtrElec",10,14,1,"",155.873,0,0,0,0,0,0,0,0,0,0,0,0,0,0,0,0,0,0,0,0,155.873,0,0,0
"MtrElec",10,14,2,"",156.306,0,0,0,0,0,0,0,0,0,0,0,0,0,0,0,0,0,0,0,0,156.306,0,0,0
"MtrElec",10,14,3,"",150.792,0,0,0,0,0,0,0,0,0,0,0,0,0,0,0,0,0,0,0,0,150.792,0,0,0
"MtrElec",10,14,4,"",149.003,0,0,0,0,0,0,0,0,0,0,0,0,0,0,0,0,0,0,0,0,149.003,0,0,0
"MtrElec",10,14,5,"",162.943,0,0,0,0,0,0,0,0,0,0,0,0,0,0,0,0,0,0,0,0,162.943,0,0,0
"MtrElec",10,14,6,"",171.021,0,0,0,0,0,0,0,0,0,0,0,0,0,0,0,0,0,0,0,0,171.021,0,0,0
"MtrElec",10,14,7,"",251.568,0,0,0,0,0,0,0,0,0,0,0,0,0,0,0,0,0,0,0,0,251.568,0,0,0
"MtrElec",10,14,8,"",212.814,0,0,0,0,0,0,0,0,0,0,0,0,0,0,0,0,0,0,0,0,276.482,0,0,-63.6676
"MtrElec",10,14,9,"",98.4994,0,0,0,0,0,0,0,0,0,0,0,0,0,0,0,0,0,0,0,0,351.242,0,0,-252.743
"MtrElec",10,14,10,"",29.4233,0,0,0,0,0,0,0,0,0,0,0,0,0,0,0,0,0,0,0,0,447.28,0,0,-417.857
"MtrElec",10,14,11,"",0.0000039,0,0,0,0,0,0,0,0,0,0,0,0,0,0,0,0,0,0,0,0,488.192,0,44.0807,-532.273
"MtrElec",10,14,12,"",0.0000078,0,0,0,0,0,0,0,0,0,0,0,0,0,0,0,0,0,0,0,0,497.756,0,107.661,-605.418
"MtrElec",10,14,13,"",0,0,0,0,0,0,0,0,0,0,0,0,0,0,0,0,0,0,0,0,0,528.609,0,98.7666,-627.375
"MtrElec",10,14,14,"",0,0,0,0,0,0,0,0,0,0,0,0,0,0,0,0,0,0,0,0,0,466.828,0,138.73,-605.559
"MtrElec",10,14,15,"",0.0000039,0,0,0,0,0,0,0,0,0,0,0,0,0,0,0,0,0,0,0,0,495.832,0,56.4574,-552.289
"MtrElec",10,14,16,"",57.5354,0,0,0,0,0,0,0,0,0,0,0,0,0,0,0,0,0,0,0,0,507.556,0,0,-450.02
"MtrElec",10,14,17,"",245.279,0,0,0,0,0,0,0,0,0,0,0,0,0,0,0,0,0,0,0,0,536.426,0,0,-291.147
"MtrElec",10,14,18,"",427.586,0,0,0,0,0,0,0,0,0,0,0,0,0,0,0,0,0,0,0,0,525.725,0,0,-98.1391
"MtrElec",10,14,19,"",307.074,0,0,0,0,0,0,0,0,0,0,0,0,0,0,0,0,0,0,0,0,530.291,0,-223.217,0
"MtrElec",10,14,20,"",290.568,0,0,0,0,0,0,0,0,0,0,0,0,0,0,0,0,0,0,0,0,469.592,0,-179.024,0
"MtrElec",10,14,21,"",501.646,0,0,0,0,0,0,0,0,0,0,0,0,0,0,0,0,0,0,0,0,501.646,0,0,0
"MtrElec",10,14,22,"",344.428,0,0,0,0,0,0,0,0,0,0,0,0,0,0,0,0,0,0,0,0,344.428,0,0,0
"MtrElec",10,14,23,"",286.443,0,0,0,0,0,0,0,0,0,0,0,0,0,0,0,0,0,0,0,0,286.443,0,0,0
"MtrElec",10,14,24,"",212.825,0,0,0,0,0,0,0,0,0,0,0,0,0,0,0,0,0,0,0,0,212.825,0,0,0
"MtrElec",10,15,1,"",183.669,0,0,0,0,0,0,0,0,0,0,0,0,0,0,0,0,0,0,0,0,183.669,0,0,0
"MtrElec",10,15,2,"",164.17,0,0,0,0,0,0,0,0,0,0,0,0,0,0,0,0,0,0,0,0,164.17,0,0,0
"MtrElec",10,15,3,"",186.753,0,0,0,0,0,0,0,0,0,0,0,0,0,0,0,0,0,0,0,0,186.753,0,0,0
"MtrElec",10,15,4,"",152.567,0,0,0,0,0,0,0,0,0,0,0,0,0,0,0,0,0,0,0,0,152.567,0,0,0
"MtrElec",10,15,5,"",149.678,0,0,0,0,0,0,0,0,0,0,0,0,0,0,0,0,0,0,0,0,149.678,0,0,0
"MtrElec",10,15,6,"",155.829,0,0,0,0,0,0,0,0,0,0,0,0,0,0,0,0,0,0,0,0,155.829,0,0,0
"MtrElec",10,15,7,"",266.774,0,0,0,0,0,0,0,0,0,0,0,0,0,0,0,0,0,0,0,0,266.774,0,0,0
"MtrElec",10,15,8,"",258.816,0,0,0,0,0,0,0,0,0,0,0,0,0,0,0,0,0,0,0,0,321.859,0,0,-63.0429
"MtrElec",10,15,9,"",143.227,0,0,0,0,0,0,0,0,0,0,0,0,0,0,0,0,0,0,0,0,388.093,0,0,-244.866
"MtrElec",10,15,10,"",91.388,0,0,0,0,0,0,0,0,0,0,0,0,0,0,0,0,0,0,0,0,500.199,0,0,-408.811
"MtrElec",10,15,11,"",112.566,0,0,0,0,0,0,0,0,0,0,0,0,0,0,0,0,0,0,0,0,575.086,0,0,-462.52
"MtrElec",10,15,12,"",0,0,0,0,0,0,0,0,0,0,0,0,0,0,0,0,0,0,0,0,0,552.067,0,35.6625,-587.73
"MtrElec",10,15,13,"",0,0,0,0,0,0,0,0,0,0,0,0,0,0,0,0,0,0,0,0,0,534.846,0,96.1334,-630.979
"MtrElec",10,15,14,"",0,0,0,0,0,0,0,0,0,0,0,0,0,0,0,0,0,0,0,0,0,544.346,0,83.4853,-627.831
"MtrElec",10,15,15,"",0,0,0,0,0,0,0,0,0,0,0,0,0,0,0,0,0,0,0,0,0,511.988,0,56.1451,-568.133
"MtrElec",10,15,16,"",101.909,0,0,0,0,0,0,0,0,0,0,0,0,0,0,0,0,0,0,0,0,553.674,0,0,-451.766
"MtrElec",10,15,17,"",262.997,0,0,0,0,0,0,0,0,0,0,0,0,0,0,0,0,0,0,0,0,552.954,0,0,-289.957
"MtrElec",10,15,18,"",458.942,0,0,0,0,0,0,0,0,0,0,0,0,0,0,0,0,0,0,0,0,555.377,0,0,-96.4348
"MtrElec",10,15,19,"",287.761,0,0,0,0,0,0,0,0,0,0,0,0,0,0,0,0,0,0,0,0,510.978,0,-223.217,0
"MtrElec",10,15,20,"",432.376,0,0,0,0,0,0,0,0,0,0,0,0,0,0,0,0,0,0,0,0,454.122,0,-21.7454,0
"MtrElec",10,15,21,"",476.908,0,0,0,0,0,0,0,0,0,0,0,0,0,0,0,0,0,0,0,0,476.908,0,0,0
"MtrElec",10,15,22,"",344.145,0,0,0,0,0,0,0,0,0,0,0,0,0,0,0,0,0,0,0,0,344.145,0,0,0
"MtrElec",10,15,23,"",262.904,0,0,0,0,0,0,0,0,0,0,0,0,0,0,0,0,0,0,0,0,262.904,0,0,0
"MtrElec",10,15,24,"",242.593,0,0,0,0,0,0,0,0,0,0,0,0,0,0,0,0,0,0,0,0,242.593,0,0,0
"MtrElec",10,16,1,"",174.979,0,0,0,0,0,0,0,0,0,0,0,0,0,0,0,0,0,0,0,0,174.979,0,0,0
"MtrElec",10,16,2,"",161.126,0,0,0,0,0,0,0,0,0,0,0,0,0,0,0,0,0,0,0,0,161.126,0,0,0
"MtrElec",10,16,3,"",149.224,0,0,0,0,0,0,0,0,0,0,0,0,0,0,0,0,0,0,0,0,149.224,0,0,0
"MtrElec",10,16,4,"",151.98,0,0,0,0,0,0,0,0,0,0,0,0,0,0,0,0,0,0,0,0,151.98,0,0,0
"MtrElec",10,16,5,"",178.367,0,0,0,0,0,0,0,0,0,0,0,0,0,0,0,0,0,0,0,0,178.367,0,0,0
"MtrElec",10,16,6,"",157.832,0,0,0,0,0,0,0,0,0,0,0,0,0,0,0,0,0,0,0,0,157.832,0,0,0
"MtrElec",10,16,7,"",278.55,0,0,0,0,0,0,0,0,0,0,0,0,0,0,0,0,0,0,0,0,278.55,0,0,0
"MtrElec",10,16,8,"",225.56,0,0,0,0,0,0,0,0,0,0,0,0,0,0,0,0,0,0,0,0,290.918,0,0,-65.3582
"MtrElec",10,16,9,"",118.872,0,0,0,0,0,0,0,0,0,0,0,0,0,0,0,0,0,0,0,0,370.709,0,0,-251.837
"MtrElec",10,16,10,"",46.1299,0,0,0,0,0,0,0,0,0,0,0,0,0,0,0,0,0,0,0,0,466.177,0,0,-420.047
"MtrElec",10,16,11,"",0,0,0,0,0,0,0,0,0,0,0,0,0,0,0,0,0,0,0,0,0,503.864,0,30.1822,-534.046
"MtrElec",10,16,12,"",0,0,0,0,0,0,0,0,0,0,0,0,0,0,0,0,0,0,0,0,0,491.369,0,108.588,-599.957
"MtrElec",10,16,13,"",0,0,0,0,0,0,0,0,0,0,0,0,0,0,0,0,0,0,0,0,0,588.079,0,31.8512,-619.93
"MtrElec",10,16,14,"",0,0,0,0,0,0,0,0,0,0,0,0,0,0,0,0,0,0,0,0,0,526.166,0,87.1402,-613.306
"MtrElec",10,16,15,"",0.0000039,0,0,0,0,0,0,0,0,0,0,0,0,0,0,0,0,0,0,0,0,512.708,0,49.5812,-562.289
"MtrElec",10,16,16,"",80.796,0,0,0,0,0,0,0,0,0,0,0,0,0,0,0,0,0,0,0,0,527.698,0,0,-446.902
"MtrElec",10,16,17,"",275.318,0,0,0,0,0,0,0,0,0,0,0,0,0,0,0,0,0,0,0,0,558.755,0,0,-283.437
"MtrElec",10,16,18,"",436.91,0,0,0,0,0,0,0,0,0,0,0,0,0,0,0,0,0,0,0,0,528.755,0,0,-91.8454
"MtrElec",10,16,19,"",277.972,0,0,0,0,0,0,0,0,0,0,0,0,0,0,0,0,0,0,0,0,501.189,0,-223.217,0
"MtrElec",10,16,20,"",415.732,0,0,0,0,0,0,0,0,0,0,0,0,0,0,0,0,0,0,0,0,469.893,0,-54.1602,0
"MtrElec",10,16,21,"",439.559,0,0,0,0,0,0,0,0,0,0,0,0,0,0,0,0,0,0,0,0,439.559,0,0,0
"MtrElec",10,16,22,"",340.726,0,0,0,0,0,0,0,0,0,0,0,0,0,0,0,0,0,0,0,0,340.726,0,0,0
"MtrElec",10,16,23,"",279.428,0,0,0,0,0,0,0,0,0,0,0,0,0,0,0,0,0,0,0,0,279.428,0,0,0
"MtrElec",10,16,24,"",285.613,0,0,0,0,0,0,0,0,0,0,0,0,0,0,0,0,0,0,0,0,285.613,0,0,0
"MtrElec",10,17,1,"",171.375,0,0,0,0,0,0,0,0,0,0,0,0,0,0,0,0,0,0,0,0,171.375,0,0,0
"MtrElec",10,17,2,"",158.892,0,0,0,0,0,0,0,0,0,0,0,0,0,0,0,0,0,0,0,0,158.892,0,0,0
"MtrElec",10,17,3,"",154.552,0,0,0,0,0,0,0,0,0,0,0,0,0,0,0,0,0,0,0,0,154.552,0,0,0
"MtrElec",10,17,4,"",154.376,0,0,0,0,0,0,0,0,0,0,0,0,0,0,0,0,0,0,0,0,154.376,0,0,0
"MtrElec",10,17,5,"",156.296,0,0,0,0,0,0,0,0,0,0,0,0,0,0,0,0,0,0,0,0,156.296,0,0,0
"MtrElec",10,17,6,"",190.779,0,0,0,0,0,0,0,0,0,0,0,0,0,0,0,0,0,0,0,0,190.779,0,0,0
"MtrElec",10,17,7,"",185.278,0,0,0,0,0,0,0,0,0,0,0,0,0,0,0,0,0,0,0,0,185.278,0,0,0
"MtrElec",10,17,8,"",184.032,0,0,0,0,0,0,0,0,0,0,0,0,0,0,0,0,0,0,0,0,248.919,0,0,-64.887
"MtrElec",10,17,9,"",60.3602,0,0,0,0,0,0,0,0,0,0,0,0,0,0,0,0,0,0,0,0,309.211,0,0,-248.851
"MtrElec",10,17,10,"",45.6292,0,0,0,0,0,0,0,0,0,0,0,0,0,0,0,0,0,0,0,0,458.592,0,0,-412.962
"MtrElec",10,17,11,"",31.461,0,0,0,0,0,0,0,0,0,0,0,0,0,0,0,0,0,0,0,0,554.957,0,0,-523.496
"MtrElec",10,17,12,"",104.591,0,0,0,0,0,0,0,0,0,0,0,0,0,0,0,0,0,0,0,0,694.104,0,0,-589.513
"MtrElec",10,17,13,"",19.5473,0,0,0,0,0,0,0,0,0,0,0,0,0,0,0,0,0,0,0,0,630.376,0,0,-610.828
"MtrElec",10,17,14,"",45.9874,0,0,0,0,0,0,0,0,0,0,0,0,0,0,0,0,0,0,0,0,636.883,0,0,-590.895
"MtrElec",10,17,15,"",89.103,0,0,0,0,0,0,0,0,0,0,0,0,0,0,0,0,0,0,0,0,626.991,0,0,-537.888
"MtrElec",10,17,16,"",198.948,0,0,0,0,0,0,0,0,0,0,0,0,0,0,0,0,0,0,0,0,627.438,0,0,-428.49
"MtrElec",10,17,17,"",367.08,0,0,0,0,0,0,0,0,0,0,0,0,0,0,0,0,0,0,0,0,635.92,0,0,-268.84
"MtrElec",10,17,18,"",532.354,0,0,0,0,0,0,0,0,0,0,0,0,0,0,0,0,0,0,0,0,619.713,0,0,-87.3591
"MtrElec",10,17,19,"",608.074,0,0,0,0,0,0,0,0,0,0,0,0,0,0,0,0,0,0,0,0,608.074,0,0,0
"MtrElec",10,17,20,"",500.52,0,0,0,0,0,0,0,0,0,0,0,0,0,0,0,0,0,0,0,0,500.52,0,0,0
"MtrElec",10,17,21,"",445.684,0,0,0,0,0,0,0,0,0,0,0,0,0,0,0,0,0,0,0,0,445.684,0,0,0
"MtrElec",10,17,22,"",443.237,0,0,0,0,0,0,0,0,0,0,0,0,0,0,0,0,0,0,0,0,443.237,0,0,0
"MtrElec",10,17,23,"",296.471,0,0,0,0,0,0,0,0,0,0,0,0,0,0,0,0,0,0,0,0,296.471,0,0,0
"MtrElec",10,17,24,"",252.598,0,0,0,0,0,0,0,0,0,0,0,0,0,0,0,0,0,0,0,0,252.598,0,0,0
"MtrElec",10,18,1,"",185.336,0,0,0,0,0,0,0,0,0,0,0,0,0,0,0,0,0,0,0,0,185.336,0,0,0
"MtrElec",10,18,2,"",167.269,0,0,0,0,0,0,0,0,0,0,0,0,0,0,0,0,0,0,0,0,167.269,0,0,0
"MtrElec",10,18,3,"",168.856,0,0,0,0,0,0,0,0,0,0,0,0,0,0,0,0,0,0,0,0,168.856,0,0,0
"MtrElec",10,18,4,"",199.066,0,0,0,0,0,0,0,0,0,0,0,0,0,0,0,0,0,0,0,0,199.066,0,0,0
"MtrElec",10,18,5,"",176.018,0,0,0,0,0,0,0,0,0,0,0,0,0,0,0,0,0,0,0,0,176.018,0,0,0
"MtrElec",10,18,6,"",176.782,0,0,0,0,0,0,0,0,0,0,0,0,0,0,0,0,0,0,0,0,176.782,0,0,0
"MtrElec",10,18,7,"",191.518,0,0,0,0,0,0,0,0,0,0,0,0,0,0,0,0,0,0,0,0,191.518,0,0,0
"MtrElec",10,18,8,"",258.338,0,0,0,0,0,0,0,0,0,0,0,0,0,0,0,0,0,0,0,0,258.338,0,0,0
"MtrElec",10,18,9,"",311.42,0,0,0,0,0,0,0,0,0,0,0,0,0,0,0,0,0,0,0,0,323.266,0,0,-11.8459
"MtrElec",10,18,10,"",172.197,0,0,0,0,0,0,0,0,0,0,0,0,0,0,0,0,0,0,0,0,364.263,0,0,-192.066
"MtrElec",10,18,11,"",284.553,0,0,0,0,0,0,0,0,0,0,0,0,0,0,0,0,0,0,0,0,439.398,0,0,-154.845
"MtrElec",10,18,12,"",173.954,0,0,0,0,0,0,0,0,0,0,0,0,0,0,0,0,0,0,0,0,441.681,0,0,-267.727
"MtrElec",10,18,13,"",94.5608,0,0,0,0,0,0,0,0,0,0,0,0,0,0,0,0,0,0,0,0,470.145,0,0,-375.584
"MtrElec",10,18,14,"",15.5308,0,0,0,0,0,0,0,0,0,0,0,0,0,0,0,0,0,0,0,0,456.558,0,0,-441.027
"MtrElec",10,18,15,"",0,0,0,0,0,0,0,0,0,0,0,0,0,0,0,0,0,0,0,0,0,456.032,0,70.6219,-526.654
"MtrElec",10,18,16,"",65.0669,0,0,0,0,0,0,0,0,0,0,0,0,0,0,0,0,0,0,0,0,477.276,0,0,-412.21
"MtrElec",10,18,17,"",237.305,0,0,0,0,0,0,0,0,0,0,0,0,0,0,0,0,0,0,0,0,445.598,0,0,-208.293
"MtrElec",10,18,18,"",381.358,0,0,0,0,0,0,0,0,0,0,0,0,0,0,0,0,0,0,0,0,454.531,0,0,-73.1737
"MtrElec",10,18,19,"",423.248,0,0,0,0,0,0,0,0,0,0,0,0,0,0,0,0,0,0,0,0,486.984,0,-63.7363,0
"MtrElec",10,18,20,"",393.983,0,0,0,0,0,0,0,0,0,0,0,0,0,0,0,0,0,0,0,0,393.983,0,0,0
"MtrElec",10,18,21,"",407.29,0,0,0,0,0,0,0,0,0,0,0,0,0,0,0,0,0,0,0,0,407.29,0,0,0
"MtrElec",10,18,22,"",395.822,0,0,0,0,0,0,0,0,0,0,0,0,0,0,0,0,0,0,0,0,395.822,0,0,0
"MtrElec",10,18,23,"",269.017,0,0,0,0,0,0,0,0,0,0,0,0,0,0,0,0,0,0,0,0,269.017,0,0,0
"MtrElec",10,18,24,"",219.767,0,0,0,0,0,0,0,0,0,0,0,0,0,0,0,0,0,0,0,0,219.767,0,0,0
"MtrElec",10,19,1,"",185.651,0,0,0,0,0,0,0,0,0,0,0,0,0,0,0,0,0,0,0,0,185.651,0,0,0
"MtrElec",10,19,2,"",160.44,0,0,0,0,0,0,0,0,0,0,0,0,0,0,0,0,0,0,0,0,160.44,0,0,0
"MtrElec",10,19,3,"",151.402,0,0,0,0,0,0,0,0,0,0,0,0,0,0,0,0,0,0,0,0,151.402,0,0,0
"MtrElec",10,19,4,"",150.395,0,0,0,0,0,0,0,0,0,0,0,0,0,0,0,0,0,0,0,0,150.395,0,0,0
"MtrElec",10,19,5,"",149.092,0,0,0,0,0,0,0,0,0,0,0,0,0,0,0,0,0,0,0,0,149.092,0,0,0
"MtrElec",10,19,6,"",196.613,0,0,0,0,0,0,0,0,0,0,0,0,0,0,0,0,0,0,0,0,196.613,0,0,0
"MtrElec",10,19,7,"",247.305,0,0,0,0,0,0,0,0,0,0,0,0,0,0,0,0,0,0,0,0,247.305,0,0,0
"MtrElec",10,19,8,"",281.438,0,0,0,0,0,0,0,0,0,0,0,0,0,0,0,0,0,0,0,0,338.416,0,0,-56.9779
"MtrElec",10,19,9,"",194.586,0,0,0,0,0,0,0,0,0,0,0,0,0,0,0,0,0,0,0,0,428.022,0,0,-233.437
"MtrElec",10,19,10,"",117.462,0,0,0,0,0,0,0,0,0,0,0,0,0,0,0,0,0,0,0,0,521.307,0,0,-403.844
"MtrElec",10,19,11,"",0.0000005,0,0,0,0,0,0,0,0,0,0,0,0,0,0,0,0,0,0,0,0,519.389,0,7.12031,-526.509
"MtrElec",10,19,12,"",0,0,0,0,0,0,0,0,0,0,0,0,0,0,0,0,0,0,0,0,0,515.721,0,86.2299,-601.951
"MtrElec",10,19,13,"",0.0000078,0,0,0,0,0,0,0,0,0,0,0,0,0,0,0,0,0,0,0,0,556.063,0,71.8509,-627.914
"MtrElec",10,19,14,"",0,0,0,0,0,0,0,0,0,0,0,0,0,0,0,0,0,0,0,0,0,444.575,0,177.616,-622.19
"MtrElec",10,19,15,"",0.0000039,0,0,0,0,0,0,0,0,0,0,0,0,0,0,0,0,0,0,0,0,498.363,0,64.5913,-562.955
"MtrElec",10,19,16,"",98.3593,0,0,0,0,0,0,0,0,0,0,0,0,0,0,0,0,0,0,0,0,496.2,0,0,-397.841
"MtrElec",10,19,17,"",401.838,0,0,0,0,0,0,0,0,0,0,0,0,0,0,0,0,0,0,0,0,502.485,0,0,-100.647
"MtrElec",10,19,18,"",495.691,0,0,0,0,0,0,0,0,0,0,0,0,0,0,0,0,0,0,0,0,517.164,0,0,-21.4737
"MtrElec",10,19,19,"",259.516,0,0,0,0,0,0,0,0,0,0,0,0,0,0,0,0,0,0,0,0,482.733,0,-223.217,0
"MtrElec",10,19,20,"",296.793,0,0,0,0,0,0,0,0,0,0,0,0,0,0,0,0,0,0,0,0,441.261,0,-144.469,0
"MtrElec",10,19,21,"",447.062,0,0,0,0,0,0,0,0,0,0,0,0,0,0,0,0,0,0,0,0,447.062,0,0,0
"MtrElec",10,19,22,"",335.875,0,0,0,0,0,0,0,0,0,0,0,0,0,0,0,0,0,0,0,0,335.875,0,0,0
"MtrElec",10,19,23,"",297.438,0,0,0,0,0,0,0,0,0,0,0,0,0,0,0,0,0,0,0,0,297.438,0,0,0
"MtrElec",10,19,24,"",212.048,0,0,0,0,0,0,0,0,0,0,0,0,0,0,0,0,0,0,0,0,212.048,0,0,0
"MtrElec",10,20,1,"",177.047,0,0,0,0,0,0,0,0,0,0,0,0,0,0,0,0,0,0,0,0,177.047,0,0,0
"MtrElec",10,20,2,"",158.382,0,0,0,0,0,0,0,0,0,0,0,0,0,0,0,0,0,0,0,0,158.382,0,0,0
"MtrElec",10,20,3,"",153.149,0,0,0,0,0,0,0,0,0,0,0,0,0,0,0,0,0,0,0,0,153.149,0,0,0
"MtrElec",10,20,4,"",154.386,0,0,0,0,0,0,0,0,0,0,0,0,0,0,0,0,0,0,0,0,154.386,0,0,0
"MtrElec",10,20,5,"",152.33,0,0,0,0,0,0,0,0,0,0,0,0,0,0,0,0,0,0,0,0,152.33,0,0,0
"MtrElec",10,20,6,"",181.032,0,0,0,0,0,0,0,0,0,0,0,0,0,0,0,0,0,0,0,0,181.032,0,0,0
"MtrElec",10,20,7,"",293.549,0,0,0,0,0,0,0,0,0,0,0,0,0,0,0,0,0,0,0,0,293.549,0,0,0
"MtrElec",10,20,8,"",285.984,0,0,0,0,0,0,0,0,0,0,0,0,0,0,0,0,0,0,0,0,285.984,0,0,0
"MtrElec",10,20,9,"",336.883,0,0,0,0,0,0,0,0,0,0,0,0,0,0,0,0,0,0,0,0,348.973,0,0,-12.0901
"MtrElec",10,20,10,"",392.373,0,0,0,0,0,0,0,0,0,0,0,0,0,0,0,0,0,0,0,0,426.405,0,0,-34.0322
"MtrElec",10,20,11,"",378.705,0,0,0,0,0,0,0,0,0,0,0,0,0,0,0,0,0,0,0,0,465.989,0,0,-87.2837
"MtrElec",10,20,12,"",270.89,0,0,0,0,0,0,0,0,0,0,0,0,0,0,0,0,0,0,0,0,440.193,0,0,-169.303
"MtrElec",10,20,13,"",132.72,0,0,0,0,0,0,0,0,0,0,0,0,0,0,0,0,0,0,0,0,441.156,0,0,-308.436
"MtrElec",10,20,14,"",121.323,0,0,0,0,0,0,0,0,0,0,0,0,0,0,0,0,0,0,0,0,406.925,0,0,-285.602
"MtrElec",10,20,15,"",196.792,0,0,0,0,0,0,0,0,0,0,0,0,0,0,0,0,0,0,0,0,410.805,0,0,-214.012
"MtrElec",10,20,16,"",365.291,0,0,0,0,0,0,0,0,0,0,0,0,0,0,0,0,0,0,0,0,438.201,0,0,-72.9099
"MtrElec",10,20,17,"",445.614,0,0,0,0,0,0,0,0,0,0,0,0,0,0,0,0,0,0,0,0,470.623,0,0,-25.009
"MtrElec",10,20,18,"",424.818,0,0,0,0,0,0,0,0,0,0,0,0,0,0,0,0,0,0,0,0,435.362,0,0,-10.5437
"MtrElec",10,20,19,"",480.013,0,0,0,0,0,0,0,0,0,0,0,0,0,0,0,0,0,0,0,0,480.013,0,0,0
"MtrElec",10,20,20,"",439.91,0,0,0,0,0,0,0,0,0,0,0,0,0,0,0,0,0,0,0,0,439.91,0,0,0
"MtrElec",10,20,21,"",425.518,0,0,0,0,0,0,0,0,0,0,0,0,0,0,0,0,0,0,0,0,425.518,0,0,0
"MtrElec",10,20,22,"",330.591,0,0,0,0,0,0,0,0,0,0,0,0,0,0,0,0,0,0,0,0,330.591,0,0,0
"MtrElec",10,20,23,"",253.099,0,0,0,0,0,0,0,0,0,0,0,0,0,0,0,0,0,0,0,0,253.099,0,0,0
"MtrElec",10,20,24,"",235.913,0,0,0,0,0,0,0,0,0,0,0,0,0,0,0,0,0,0,0,0,235.913,0,0,0
"MtrElec",10,21,1,"",166.099,0,0,0,0,0,0,0,0,0,0,0,0,0,0,0,0,0,0,0,0,166.099,0,0,0
"MtrElec",10,21,2,"",155.134,0,0,0,0,0,0,0,0,0,0,0,0,0,0,0,0,0,0,0,0,155.134,0,0,0
"MtrElec",10,21,3,"",151.938,0,0,0,0,0,0,0,0,0,0,0,0,0,0,0,0,0,0,0,0,151.938,0,0,0
"MtrElec",10,21,4,"",152.957,0,0,0,0,0,0,0,0,0,0,0,0,0,0,0,0,0,0,0,0,152.957,0,0,0
"MtrElec",10,21,5,"",149.04,0,0,0,0,0,0,0,0,0,0,0,0,0,0,0,0,0,0,0,0,149.04,0,0,0
"MtrElec",10,21,6,"",184.521,0,0,0,0,0,0,0,0,0,0,0,0,0,0,0,0,0,0,0,0,184.521,0,0,0
"MtrElec",10,21,7,"",241.783,0,0,0,0,0,0,0,0,0,0,0,0,0,0,0,0,0,0,0,0,241.783,0,0,0
"MtrElec",10,21,8,"",313.762,0,0,0,0,0,0,0,0,0,0,0,0,0,0,0,0,0,0,0,0,317.847,0,0,-4.08548
"MtrElec",10,21,9,"",349.486,0,0,0,0,0,0,0,0,0,0,0,0,0,0,0,0,0,0,0,0,391.905,0,0,-42.4184
"MtrElec",10,21,10,"",344.566,0,0,0,0,0,0,0,0,0,0,0,0,0,0,0,0,0,0,0,0,477.358,0,0,-132.792
"MtrElec",10,21,11,"",141.635,0,0,0,0,0,0,0,0,0,0,0,0,0,0,0,0,0,0,0,0,421.198,0,0,-279.563
"MtrElec",10,21,12,"",95.1212,0,0,0,0,0,0,0,0,0,0,0,0,0,0,0,0,0,0,0,0,492.15,0,0,-397.029
"MtrElec",10,21,13,"",59.3733,0,0,0,0,0,0,0,0,0,0,0,0,0,0,0,0,0,0,0,0,535.491,0,0,-476.118
"MtrElec",10,21,14,"",0,0,0,0,0,0,0,0,0,0,0,0,0,0,0,0,0,0,0,0,0,401.155,0,141.52,-542.675
"MtrElec",10,21,15,"",229.72,0,0,0,0,0,0,0,0,0,0,0,0,0,0,0,0,0,0,0,0,447.755,0,0,-218.034
"MtrElec",10,21,16,"",93.5832,0,0,0,0,0,0,0,0,0,0,0,0,0,0,0,0,0,0,0,0,466.368,0,0,-372.785
"MtrElec",10,21,17,"",196.338,0,0,0,0,0,0,0,0,0,0,0,0,0,0,0,0,0,0,0,0,457.807,0,0,-261.468
"MtrElec",10,21,18,"",423.29,0,0,0,0,0,0,0,0,0,0,0,0,0,0,0,0,0,0,0,0,493.508,0,0,-70.2179
"MtrElec",10,21,19,"",290.268,0,0,0,0,0,0,0,0,0,0,0,0,0,0,0,0,0,0,0,0,417.991,0,-127.722,0
"MtrElec",10,21,20,"",485.326,0,0,0,0,0,0,0,0,0,0,0,0,0,0,0,0,0,0,0,0,485.326,0,0,0
"MtrElec",10,21,21,"",429.5,0,0,0,0,0,0,0,0,0,0,0,0,0,0,0,0,0,0,0,0,429.5,0,0,0
"MtrElec",10,21,22,"",296.261,0,0,0,0,0,0,0,0,0,0,0,0,0,0,0,0,0,0,0,0,296.261,0,0,0
"MtrElec",10,21,23,"",290.489,0,0,0,0,0,0,0,0,0,0,0,0,0,0,0,0,0,0,0,0,290.489,0,0,0
"MtrElec",10,21,24,"",217.624,0,0,0,0,0,0,0,0,0,0,0,0,0,0,0,0,0,0,0,0,217.624,0,0,0
"MtrElec",10,22,1,"",167.26,0,0,0,0,0,0,0,0,0,0,0,0,0,0,0,0,0,0,0,0,167.26,0,0,0
"MtrElec",10,22,2,"",157.445,0,0,0,0,0,0,0,0,0,0,0,0,0,0,0,0,0,0,0,0,157.445,0,0,0
"MtrElec",10,22,3,"",186.785,0,0,0,0,0,0,0,0,0,0,0,0,0,0,0,0,0,0,0,0,186.785,0,0,0
"MtrElec",10,22,4,"",157.533,0,0,0,0,0,0,0,0,0,0,0,0,0,0,0,0,0,0,0,0,157.533,0,0,0
"MtrElec",10,22,5,"",146.153,0,0,0,0,0,0,0,0,0,0,0,0,0,0,0,0,0,0,0,0,146.153,0,0,0
"MtrElec",10,22,6,"",157.057,0,0,0,0,0,0,0,0,0,0,0,0,0,0,0,0,0,0,0,0,157.057,0,0,0
"MtrElec",10,22,7,"",276.564,0,0,0,0,0,0,0,0,0,0,0,0,0,0,0,0,0,0,0,0,276.564,0,0,0
"MtrElec",10,22,8,"",271.494,0,0,0,0,0,0,0,0,0,0,0,0,0,0,0,0,0,0,0,0,281.091,0,0,-9.59649
"MtrElec",10,22,9,"",217.881,0,0,0,0,0,0,0,0,0,0,0,0,0,0,0,0,0,0,0,0,330.848,0,0,-112.966
"MtrElec",10,22,10,"",261.772,0,0,0,0,0,0,0,0,0,0,0,0,0,0,0,0,0,0,0,0,419.287,0,0,-157.515
"MtrElec",10,22,11,"",173.911,0,0,0,0,0,0,0,0,0,0,0,0,0,0,0,0,0,0,0,0,391.301,0,0,-217.39
"MtrElec",10,22,12,"",144.558,0,0,0,0,0,0,0,0,0,0,0,0,0,0,0,0,0,0,0,0,427.231,0,0,-282.673
"MtrElec",10,22,13,"",164.721,0,0,0,0,0,0,0,0,0,0,0,0,0,0,0,0,0,0,0,0,432.704,0,0,-267.982
"MtrElec",10,22,14,"",1.09128,0,0,0,0,0,0,0,0,0,0,0,0,0,0,0,0,0,0,0,0,383.234,0,0,-382.143
"MtrElec",10,22,15,"",0,0,0,0,0,0,0,0,0,0,0,0,0,0,0,0,0,0,0,0,0,416.646,0,140.024,-556.671
"MtrElec",10,22,16,"",0,0,0,0,0,0,0,0,0,0,0,0,0,0,0,0,0,0,0,0,0,395.518,0,42.6471,-438.165
"MtrElec",10,22,17,"",235.93,0,0,0,0,0,0,0,0,0,0,0,0,0,0,0,0,0,0,0,0,436.143,0,0,-200.213
"MtrElec",10,22,18,"",372.745,0,0,0,0,0,0,0,0,0,0,0,0,0,0,0,0,0,0,0,0,423.494,0,0,-50.7489
"MtrElec",10,22,19,"",293.621,0,0,0,0,0,0,0,0,0,0,0,0,0,0,0,0,0,0,0,0,458.482,0,-164.861,0
"MtrElec",10,22,20,"",405.168,0,0,0,0,0,0,0,0,0,0,0,0,0,0,0,0,0,0,0,0,405.168,0,0,0
"MtrElec",10,22,21,"",378.666,0,0,0,0,0,0,0,0,0,0,0,0,0,0,0,0,0,0,0,0,378.666,0,0,0
"MtrElec",10,22,22,"",332.971,0,0,0,0,0,0,0,0,0,0,0,0,0,0,0,0,0,0,0,0,332.971,0,0,0
"MtrElec",10,22,23,"",248.671,0,0,0,0,0,0,0,0,0,0,0,0,0,0,0,0,0,0,0,0,248.671,0,0,0
"MtrElec",10,22,24,"",249.834,0,0,0,0,0,0,0,0,0,0,0,0,0,0,0,0,0,0,0,0,249.834,0,0,0
"MtrElec",10,23,1,"",156.3,0,0,0,0,0,0,0,0,0,0,0,0,0,0,0,0,0,0,0,0,156.3,0,0,0
"MtrElec",10,23,2,"",153.582,0,0,0,0,0,0,0,0,0,0,0,0,0,0,0,0,0,0,0,0,153.582,0,0,0
"MtrElec",10,23,3,"",151.789,0,0,0,0,0,0,0,0,0,0,0,0,0,0,0,0,0,0,0,0,151.789,0,0,0
"MtrElec",10,23,4,"",154.071,0,0,0,0,0,0,0,0,0,0,0,0,0,0,0,0,0,0,0,0,154.071,0,0,0
"MtrElec",10,23,5,"",150.365,0,0,0,0,0,0,0,0,0,0,0,0,0,0,0,0,0,0,0,0,150.365,0,0,0
"MtrElec",10,23,6,"",187.882,0,0,0,0,0,0,0,0,0,0,0,0,0,0,0,0,0,0,0,0,187.882,0,0,0
"MtrElec",10,23,7,"",249.177,0,0,0,0,0,0,0,0,0,0,0,0,0,0,0,0,0,0,0,0,249.177,0,0,0
"MtrElec",10,23,8,"",295.561,0,0,0,0,0,0,0,0,0,0,0,0,0,0,0,0,0,0,0,0,309.353,0,0,-13.7923
"MtrElec",10,23,9,"",250.653,0,0,0,0,0,0,0,0,0,0,0,0,0,0,0,0,0,0,0,0,338.191,0,0,-87.5387
"MtrElec",10,23,10,"",89.739,0,0,0,0,0,0,0,0,0,0,0,0,0,0,0,0,0,0,0,0,454.562,0,0,-364.823
"MtrElec",10,23,11,"",0,0,0,0,0,0,0,0,0,0,0,0,0,0,0,0,0,0,0,0,0,428.729,0,1.20331,-429.932
"MtrElec",10,23,12,"",0.0000156,0,0,0,0,0,0,0,0,0,0,0,0,0,0,0,0,0,0,0,0,459.615,0,160.57,-620.185
"MtrElec",10,23,13,"",0,0,0,0,0,0,0,0,0,0,0,0,0,0,0,0,0,0,0,0,0,465.856,0,176.443,-642.299
"MtrElec",10,23,14,"",-18.2934,0,0,0,0,0,0,0,0,0,0,0,0,0,0,0,0,0,0,0,0,379.061,0,223.217,-620.572
"MtrElec",10,23,15,"",0,0,0,0,0,0,0,0,0,0,0,0,0,0,0,0,0,0,0,0,0,391.663,0,158.939,-550.601
"MtrElec",10,23,16,"",0,0,0,0,0,0,0,0,0,0,0,0,0,0,0,0,0,0,0,0,0,378.099,0,64.8753,-442.975
"MtrElec",10,23,17,"",109.798,0,0,0,0,0,0,0,0,0,0,0,0,0,0,0,0,0,0,0,0,387.199,0,0,-277.401
"MtrElec",10,23,18,"",377.229,0,0,0,0,0,0,0,0,0,0,0,0,0,0,0,0,0,0,0,0,449.836,0,0,-72.6068
"MtrElec",10,23,19,"",195.405,0,0,0,0,0,0,0,0,0,0,0,0,0,0,0,0,0,0,0,0,418.622,0,-223.217,0
"MtrElec",10,23,20,"",207.446,0,0,0,0,0,0,0,0,0,0,0,0,0,0,0,0,0,0,0,0,430.663,0,-223.217,0
"MtrElec",10,23,21,"",177.962,0,0,0,0,0,0,0,0,0,0,0,0,0,0,0,0,0,0,0,0,401.179,0,-223.217,0
"MtrElec",10,23,22,"",245.164,0,0,0,0,0,0,0,0,0,0,0,0,0,0,0,0,0,0,0,0,284.199,0,-39.0354,0
"MtrElec",10,23,23,"",255.985,0,0,0,0,0,0,0,0,0,0,0,0,0,0,0,0,0,0,0,0,255.985,0,0,0
"MtrElec",10,23,24,"",191.763,0,0,0,0,0,0,0,0,0,0,0,0,0,0,0,0,0,0,0,0,191.763,0,0,0
"MtrElec",10,24,1,"",186.533,0,0,0,0,0,0,0,0,0,0,0,0,0,0,0,0,0,0,0,0,186.533,0,0,0
"MtrElec",10,24,2,"",172.374,0,0,0,0,0,0,0,0,0,0,0,0,0,0,0,0,0,0,0,0,172.374,0,0,0
"MtrElec",10,24,3,"",157.695,0,0,0,0,0,0,0,0,0,0,0,0,0,0,0,0,0,0,0,0,157.695,0,0,0
"MtrElec",10,24,4,"",154.824,0,0,0,0,0,0,0,0,0,0,0,0,0,0,0,0,0,0,0,0,154.824,0,0,0
"MtrElec",10,24,5,"",162.583,0,0,0,0,0,0,0,0,0,0,0,0,0,0,0,0,0,0,0,0,162.583,0,0,0
"MtrElec",10,24,6,"",153.782,0,0,0,0,0,0,0,0,0,0,0,0,0,0,0,0,0,0,0,0,153.782,0,0,0
"MtrElec",10,24,7,"",187.678,0,0,0,0,0,0,0,0,0,0,0,0,0,0,0,0,0,0,0,0,187.678,0,0,0
"MtrElec",10,24,8,"",188.977,0,0,0,0,0,0,0,0,0,0,0,0,0,0,0,0,0,0,0,0,251.844,0,0,-62.8666
"MtrElec",10,24,9,"",61.743,0,0,0,0,0,0,0,0,0,0,0,0,0,0,0,0,0,0,0,0,314.188,0,0,-252.445
"MtrElec",10,24,10,"",-24.0342,0,0,0,0,0,0,0,0,0,0,0,0,0,0,0,0,0,0,0,0,402.206,0,0,-426.24
"MtrElec",10,24,11,"",0.0000078,0,0,0,0,0,0,0,0,0,0,0,0,0,0,0,0,0,0,0,0,429.309,0,119.081,-548.39
"MtrElec",10,24,12,"",0,0,0,0,0,0,0,0,0,0,0,0,0,0,0,0,0,0,0,0,0,536.87,0,81.7767,-618.646
"MtrElec",10,24,13,"",0,0,0,0,0,0,0,0,0,0,0,0,0,0,0,0,0,0,0,0,0,471.548,0,183.329,-654.877
"MtrElec",10,24,14,"",-4.78234,0,0,0,0,0,0,0,0,0,0,0,0,0,0,0,0,0,0,0,0,415.896,0,223.217,-643.895
"MtrElec",10,24,15,"",0.0000078,0,0,0,0,0,0,0,0,0,0,0,0,0,0,0,0,0,0,0,0,465.232,0,109.583,-574.815
"MtrElec",10,24,16,"",0,0,0,0,0,0,0,0,0,0,0,0,0,0,0,0,0,0,0,0,0,436.897,0,20.5675,-457.465
"MtrElec",10,24,17,"",144.296,0,0,0,0,0,0,0,0,0,0,0,0,0,0,0,0,0,0,0,0,426.651,0,0,-282.355
"MtrElec",10,24,18,"",368.265,0,0,0,0,0,0,0,0,0,0,0,0,0,0,0,0,0,0,0,0,440.797,0,0,-72.5322
"MtrElec",10,24,19,"",213.639,0,0,0,0,0,0,0,0,0,0,0,0,0,0,0,0,0,0,0,0,436.856,0,-223.217,0
"MtrElec",10,24,20,"",166.494,0,0,0,0,0,0,0,0,0,0,0,0,0,0,0,0,0,0,0,0,389.711,0,-223.217,0
"MtrElec",10,24,21,"",101.499,0,0,0,0,0,0,0,0,0,0,0,0,0,0,0,0,0,0,0,0,320.709,0,-219.21,0
"MtrElec",10,24,22,"",327.189,0,0,0,0,0,0,0,0,0,0,0,0,0,0,0,0,0,0,0,0,327.189,0,0,0
"MtrElec",10,24,23,"",202.258,0,0,0,0,0,0,0,0,0,0,0,0,0,0,0,0,0,0,0,0,202.258,0,0,0
"MtrElec",10,24,24,"",216.323,0,0,0,0,0,0,0,0,0,0,0,0,0,0,0,0,0,0,0,0,216.323,0,0,0
"MtrElec",10,25,1,"",171.233,0,0,0,0,0,0,0,0,0,0,0,0,0,0,0,0,0,0,0,0,171.233,0,0,0
"MtrElec",10,25,2,"",153.92,0,0,0,0,0,0,0,0,0,0,0,0,0,0,0,0,0,0,0,0,153.92,0,0,0
"MtrElec",10,25,3,"",152.591,0,0,0,0,0,0,0,0,0,0,0,0,0,0,0,0,0,0,0,0,152.591,0,0,0
"MtrElec",10,25,4,"",152.757,0,0,0,0,0,0,0,0,0,0,0,0,0,0,0,0,0,0,0,0,152.757,0,0,0
"MtrElec",10,25,5,"",162.312,0,0,0,0,0,0,0,0,0,0,0,0,0,0,0,0,0,0,0,0,162.312,0,0,0
"MtrElec",10,25,6,"",157.503,0,0,0,0,0,0,0,0,0,0,0,0,0,0,0,0,0,0,0,0,157.503,0,0,0
"MtrElec",10,25,7,"",204.754,0,0,0,0,0,0,0,0,0,0,0,0,0,0,0,0,0,0,0,0,204.754,0,0,0
"MtrElec",10,25,8,"",139.722,0,0,0,0,0,0,0,0,0,0,0,0,0,0,0,0,0,0,0,0,199.083,0,0,-59.3609
"MtrElec",10,25,9,"",67.8612,0,0,0,0,0,0,0,0,0,0,0,0,0,0,0,0,0,0,0,0,307.682,0,0,-239.82
"MtrElec",10,25,10,"",-80.4151,0,0,0,0,0,0,0,0,0,0,0,0,0,0,0,0,0,0,0,0,331.898,0,0,-412.314
"MtrElec",10,25,11,"",0,0,0,0,0,0,0,0,0,0,0,0,0,0,0,0,0,0,0,0,0,369.303,0,170.455,-539.758
"MtrElec",10,25,12,"",0,0,0,0,0,0,0,0,0,0,0,0,0,0,0,0,0,0,0,0,0,408.607,0,198.171,-606.778
"MtrElec",10,25,13,"",-6.3675,0,0,0,0,0,0,0,0,0,0,0,0,0,0,0,0,0,0,0,0,408.672,0,223.217,-638.256
"MtrElec",10,25,14,"",-21.2442,0,0,0,0,0,0,0,0,0,0,0,0,0,0,0,0,0,0,0,0,397.054,0,207.039,-625.337
"MtrElec",10,25,15,"",-150.985,0,0,0,0,0,0,0,0,0,0,0,0,0,0,0,0,0,0,0,0,399.128,0,0,-550.113
"MtrElec",10,25,16,"",-25.1827,0,0,0,0,0,0,0,0,0,0,0,0,0,0,0,0,0,0,0,0,403.52,0,0,-428.702
"MtrElec",10,25,17,"",176.386,0,0,0,0,0,0,0,0,0,0,0,0,0,0,0,0,0,0,0,0,438.921,0,0,-262.534
"MtrElec",10,25,18,"",333.213,0,0,0,0,0,0,0,0,0,0,0,0,0,0,0,0,0,0,0,0,400.258,0,0,-67.0443
"MtrElec",10,25,19,"",182.258,0,0,0,0,0,0,0,0,0,0,0,0,0,0,0,0,0,0,0,0,405.475,0,-223.217,0
"MtrElec",10,25,20,"",104.122,0,0,0,0,0,0,0,0,0,0,0,0,0,0,0,0,0,0,0,0,327.339,0,-223.217,0
"MtrElec",10,25,21,"",123.231,0,0,0,0,0,0,0,0,0,0,0,0,0,0,0,0,0,0,0,0,346.448,0,-223.217,0
"MtrElec",10,25,22,"",278.234,0,0,0,0,0,0,0,0,0,0,0,0,0,0,0,0,0,0,0,0,329.574,0,-51.3398,0
"MtrElec",10,25,23,"",256.172,0,0,0,0,0,0,0,0,0,0,0,0,0,0,0,0,0,0,0,0,256.172,0,0,0
"MtrElec",10,25,24,"",221.782,0,0,0,0,0,0,0,0,0,0,0,0,0,0,0,0,0,0,0,0,221.782,0,0,0
"MtrElec",10,26,1,"",169.142,0,0,0,0,0,0,0,0,0,0,0,0,0,0,0,0,0,0,0,0,169.142,0,0,0
"MtrElec",10,26,2,"",153.901,0,0,0,0,0,0,0,0,0,0,0,0,0,0,0,0,0,0,0,0,153.901,0,0,0
"MtrElec",10,26,3,"",151.497,0,0,0,0,0,0,0,0,0,0,0,0,0,0,0,0,0,0,0,0,151.497,0,0,0
"MtrElec",10,26,4,"",156.732,0,0,0,0,0,0,0,0,0,0,0,0,0,0,0,0,0,0,0,0,156.732,0,0,0
"MtrElec",10,26,5,"",153.067,0,0,0,0,0,0,0,0,0,0,0,0,0,0,0,0,0,0,0,0,153.067,0,0,0
"MtrElec",10,26,6,"",173.686,0,0,0,0,0,0,0,0,0,0,0,0,0,0,0,0,0,0,0,0,173.686,0,0,0
"MtrElec",10,26,7,"",211.614,0,0,0,0,0,0,0,0,0,0,0,0,0,0,0,0,0,0,0,0,211.614,0,0,0
"MtrElec",10,26,8,"",253.653,0,0,0,0,0,0,0,0,0,0,0,0,0,0,0,0,0,0,0,0,310.775,0,0,-57.1216
"MtrElec",10,26,9,"",139.239,0,0,0,0,0,0,0,0,0,0,0,0,0,0,0,0,0,0,0,0,380.546,0,0,-241.307
"MtrElec",10,26,10,"",-3.50094,0,0,0,0,0,0,0,0,0,0,0,0,0,0,0,0,0,0,0,0,407.857,0,0,-411.357
"MtrElec",10,26,11,"",0,0,0,0,0,0,0,0,0,0,0,0,0,0,0,0,0,0,0,0,0,465.658,0,63.5883,-529.246
"MtrElec",10,26,12,"",0,0,0,0,0,0,0,0,0,0,0,0,0,0,0,0,0,0,0,0,0,479.255,0,120.219,-599.474
"MtrElec",10,26,13,"",0,0,0,0,0,0,0,0,0,0,0,0,0,0,0,0,0,0,0,0,0,534.112,0,84.9479,-619.06
"MtrElec",10,26,14,"",0,0,0,0,0,0,0,0,0,0,0,0,0,0,0,0,0,0,0,0,0,447.236,0,150.543,-597.779
"MtrElec",10,26,15,"",0,0,0,0,0,0,0,0,0,0,0,0,0,0,0,0,0,0,0,0,0,493.716,0,41.7917,-535.508
"MtrElec",10,26,16,"",93.9187,0,0,0,0,0,0,0,0,0,0,0,0,0,0,0,0,0,0,0,0,512.964,0,0,-419.045
"MtrElec",10,26,17,"",289.236,0,0,0,0,0,0,0,0,0,0,0,0,0,0,0,0,0,0,0,0,546.56,0,0,-257.324
"MtrElec",10,26,18,"",507.165,0,0,0,0,0,0,0,0,0,0,0,0,0,0,0,0,0,0,0,0,573.079,0,0,-65.9143
"MtrElec",10,26,19,"",294.811,0,0,0,0,0,0,0,0,0,0,0,0,0,0,0,0,0,0,0,0,518.028,0,-223.217,0
"MtrElec",10,26,20,"",251.931,0,0,0,0,0,0,0,0,0,0,0,0,0,0,0,0,0,0,0,0,444.847,0,-192.917,0
"MtrElec",10,26,21,"",428.159,0,0,0,0,0,0,0,0,0,0,0,0,0,0,0,0,0,0,0,0,428.159,0,0,0
"MtrElec",10,26,22,"",339.774,0,0,0,0,0,0,0,0,0,0,0,0,0,0,0,0,0,0,0,0,339.774,0,0,0
"MtrElec",10,26,23,"",219.544,0,0,0,0,0,0,0,0,0,0,0,0,0,0,0,0,0,0,0,0,219.544,0,0,0
"MtrElec",10,26,24,"",223.734,0,0,0,0,0,0,0,0,0,0,0,0,0,0,0,0,0,0,0,0,223.734,0,0,0
"MtrElec",10,27,1,"",162.133,0,0,0,0,0,0,0,0,0,0,0,0,0,0,0,0,0,0,0,0,162.133,0,0,0
"MtrElec",10,27,2,"",154.766,0,0,0,0,0,0,0,0,0,0,0,0,0,0,0,0,0,0,0,0,154.766,0,0,0
"MtrElec",10,27,3,"",151.315,0,0,0,0,0,0,0,0,0,0,0,0,0,0,0,0,0,0,0,0,151.315,0,0,0
"MtrElec",10,27,4,"",151.007,0,0,0,0,0,0,0,0,0,0,0,0,0,0,0,0,0,0,0,0,151.007,0,0,0
"MtrElec",10,27,5,"",146.46,0,0,0,0,0,0,0,0,0,0,0,0,0,0,0,0,0,0,0,0,146.46,0,0,0
"MtrElec",10,27,6,"",195.073,0,0,0,0,0,0,0,0,0,0,0,0,0,0,0,0,0,0,0,0,195.073,0,0,0
"MtrElec",10,27,7,"",204.753,0,0,0,0,0,0,0,0,0,0,0,0,0,0,0,0,0,0,0,0,204.753,0,0,0
"MtrElec",10,27,8,"",241.681,0,0,0,0,0,0,0,0,0,0,0,0,0,0,0,0,0,0,0,0,297.94,0,0,-56.2586
"MtrElec",10,27,9,"",105.645,0,0,0,0,0,0,0,0,0,0,0,0,0,0,0,0,0,0,0,0,342.883,0,0,-237.237
"MtrElec",10,27,10,"",40.1758,0,0,0,0,0,0,0,0,0,0,0,0,0,0,0,0,0,0,0,0,450.327,0,0,-410.152
"MtrElec",10,27,11,"",0.0000020,0,0,0,0,0,0,0,0,0,0,0,0,0,0,0,0,0,0,0,0,498.275,0,27.1022,-525.377
"MtrElec",10,27,12,"",0,0,0,0,0,0,0,0,0,0,0,0,0,0,0,0,0,0,0,0,0,523.528,0,69.4723,-593
"MtrElec",10,27,13,"",0,0,0,0,0,0,0,0,0,0,0,0,0,0,0,0,0,0,0,0,0,551.037,0,63.9732,-615.01
"MtrElec",10,27,14,"",0.0000078,0,0,0,0,0,0,0,0,0,0,0,0,0,0,0,0,0,0,0,0,469.019,0,122.945,-591.964
"MtrElec",10,27,15,"",8.05744,0,0,0,0,0,0,0,0,0,0,0,0,0,0,0,0,0,0,0,0,534.73,0,0,-526.673
"MtrElec",10,27,16,"",109.678,0,0,0,0,0,0,0,0,0,0,0,0,0,0,0,0,0,0,0,0,533.911,0,0,-424.234
"MtrElec",10,27,17,"",301.074,0,0,0,0,0,0,0,0,0,0,0,0,0,0,0,0,0,0,0,0,564.835,0,0,-263.761
"MtrElec",10,27,18,"",489.099,0,0,0,0,0,0,0,0,0,0,0,0,0,0,0,0,0,0,0,0,554.374,0,0,-65.2744
"MtrElec",10,27,19,"",240.486,0,0,0,0,0,0,0,0,0,0,0,0,0,0,0,0,0,0,0,0,463.703,0,-223.217,0
"MtrElec",10,27,20,"",445.487,0,0,0,0,0,0,0,0,0,0,0,0,0,0,0,0,0,0,0,0,478.123,0,-32.6355,0
"MtrElec",10,27,21,"",434.393,0,0,0,0,0,0,0,0,0,0,0,0,0,0,0,0,0,0,0,0,434.393,0,0,0
"MtrElec",10,27,22,"",333.724,0,0,0,0,0,0,0,0,0,0,0,0,0,0,0,0,0,0,0,0,333.724,0,0,0
"MtrElec",10,27,23,"",282.532,0,0,0,0,0,0,0,0,0,0,0,0,0,0,0,0,0,0,0,0,282.532,0,0,0
"MtrElec",10,27,24,"",234.997,0,0,0,0,0,0,0,0,0,0,0,0,0,0,0,0,0,0,0,0,234.997,0,0,0
"MtrElec",10,28,1,"",174.578,0,0,0,0,0,0,0,0,0,0,0,0,0,0,0,0,0,0,0,0,174.578,0,0,0
"MtrElec",10,28,2,"",162.543,0,0,0,0,0,0,0,0,0,0,0,0,0,0,0,0,0,0,0,0,162.543,0,0,0
"MtrElec",10,28,3,"",153.721,0,0,0,0,0,0,0,0,0,0,0,0,0,0,0,0,0,0,0,0,153.721,0,0,0
"MtrElec",10,28,4,"",153.3,0,0,0,0,0,0,0,0,0,0,0,0,0,0,0,0,0,0,0,0,153.3,0,0,0
"MtrElec",10,28,5,"",149.962,0,0,0,0,0,0,0,0,0,0,0,0,0,0,0,0,0,0,0,0,149.962,0,0,0
"MtrElec",10,28,6,"",176.251,0,0,0,0,0,0,0,0,0,0,0,0,0,0,0,0,0,0,0,0,176.251,0,0,0
"MtrElec",10,28,7,"",219.075,0,0,0,0,0,0,0,0,0,0,0,0,0,0,0,0,0,0,0,0,219.075,0,0,0
"MtrElec",10,28,8,"",232.937,0,0,0,0,0,0,0,0,0,0,0,0,0,0,0,0,0,0,0,0,288.837,0,0,-55.9004
"MtrElec",10,28,9,"",141.875,0,0,0,0,0,0,0,0,0,0,0,0,0,0,0,0,0,0,0,0,380.426,0,0,-238.551
"MtrElec",10,28,10,"",-13.9455,0,0,0,0,0,0,0,0,0,0,0,0,0,0,0,0,0,0,0,0,395.986,0,0,-409.931
"MtrElec",10,28,11,"",0,0,0,0,0,0,0,0,0,0,0,0,0,0,0,0,0,0,0,0,0,480.17,0,52.8586,-533.029
"MtrElec",10,28,12,"",0,0,0,0,0,0,0,0,0,0,0,0,0,0,0,0,0,0,0,0,0,488.601,0,116.03,-604.632
"MtrElec",10,28,13,"",0,0,0,0,0,0,0,0,0,0,0,0,0,0,0,0,0,0,0,0,0,484.108,0,143.612,-627.72
"MtrElec",10,28,14,"",0.0000078,0,0,0,0,0,0,0,0,0,0,0,0,0,0,0,0,0,0,0,0,485.322,0,128.246,-613.568
"MtrElec",10,28,15,"",0,0,0,0,0,0,0,0,0,0,0,0,0,0,0,0,0,0,0,0,0,446.857,0,93.0857,-539.943
"MtrElec",10,28,16,"",63.5458,0,0,0,0,0,0,0,0,0,0,0,0,0,0,0,0,0,0,0,0,483.299,0,0,-419.753
"MtrElec",10,28,17,"",213.484,0,0,0,0,0,0,0,0,0,0,0,0,0,0,0,0,0,0,0,0,476.229,0,0,-262.745
"MtrElec",10,28,18,"",449.057,0,0,0,0,0,0,0,0,0,0,0,0,0,0,0,0,0,0,0,0,514.424,0,0,-65.3677
"MtrElec",10,28,19,"",209.518,0,0,0,0,0,0,0,0,0,0,0,0,0,0,0,0,0,0,0,0,432.734,0,-223.217,0
"MtrElec",10,28,20,"",218.317,0,0,0,0,0,0,0,0,0,0,0,0,0,0,0,0,0,0,0,0,441.534,0,-223.217,0
"MtrElec",10,28,21,"",456.783,0,0,0,0,0,0,0,0,0,0,0,0,0,0,0,0,0,0,0,0,492.133,0,-35.3501,0
"MtrElec",10,28,22,"",303.83,0,0,0,0,0,0,0,0,0,0,0,0,0,0,0,0,0,0,0,0,303.83,0,0,0
"MtrElec",10,28,23,"",285.377,0,0,0,0,0,0,0,0,0,0,0,0,0,0,0,0,0,0,0,0,285.377,0,0,0
"MtrElec",10,28,24,"",205.544,0,0,0,0,0,0,0,0,0,0,0,0,0,0,0,0,0,0,0,0,205.544,0,0,0
"MtrElec",10,29,1,"",165.225,0,0,0,0,0,0,0,0,0,0,0,0,0,0,0,0,0,0,0,0,165.225,0,0,0
"MtrElec",10,29,2,"",154.462,0,0,0,0,0,0,0,0,0,0,0,0,0,0,0,0,0,0,0,0,154.462,0,0,0
"MtrElec",10,29,3,"",152.129,0,0,0,0,0,0,0,0,0,0,0,0,0,0,0,0,0,0,0,0,152.129,0,0,0
"MtrElec",10,29,4,"",152.633,0,0,0,0,0,0,0,0,0,0,0,0,0,0,0,0,0,0,0,0,152.633,0,0,0
"MtrElec",10,29,5,"",183.041,0,0,0,0,0,0,0,0,0,0,0,0,0,0,0,0,0,0,0,0,183.041,0,0,0
"MtrElec",10,29,6,"",154.328,0,0,0,0,0,0,0,0,0,0,0,0,0,0,0,0,0,0,0,0,154.328,0,0,0
"MtrElec",10,29,7,"",253.411,0,0,0,0,0,0,0,0,0,0,0,0,0,0,0,0,0,0,0,0,253.411,0,0,0
"MtrElec",10,29,8,"",257.629,0,0,0,0,0,0,0,0,0,0,0,0,0,0,0,0,0,0,0,0,312.932,0,0,-55.3023
"MtrElec",10,29,9,"",158.142,0,0,0,0,0,0,0,0,0,0,0,0,0,0,0,0,0,0,0,0,394.058,0,0,-235.916
"MtrElec",10,29,10,"",22.9558,0,0,0,0,0,0,0,0,0,0,0,0,0,0,0,0,0,0,0,0,433.465,0,0,-410.509
"MtrElec",10,29,11,"",0.0000039,0,0,0,0,0,0,0,0,0,0,0,0,0,0,0,0,0,0,0,0,466.692,0,61.3094,-528.001
"MtrElec",10,29,12,"",0,0,0,0,0,0,0,0,0,0,0,0,0,0,0,0,0,0,0,0,0,472.807,0,127.627,-600.433
"MtrElec",10,29,13,"",0.0000078,0,0,0,0,0,0,0,0,0,0,0,0,0,0,0,0,0,0,0,0,510.896,0,111.492,-622.388
"MtrElec",10,29,14,"",0,0,0,0,0,0,0,0,0,0,0,0,0,0,0,0,0,0,0,0,0,461.424,0,137.781,-599.205
"MtrElec",10,29,15,"",0.0000078,0,0,0,0,0,0,0,0,0,0,0,0,0,0,0,0,0,0,0,0,457.104,0,86.027,-543.131
"MtrElec",10,29,16,"",49.3221,0,0,0,0,0,0,0,0,0,0,0,0,0,0,0,0,0,0,0,0,481.835,0,0,-432.513
"MtrElec",10,29,17,"",210.005,0,0,0,0,0,0,0,0,0,0,0,0,0,0,0,0,0,0,0,0,475.123,0,0,-265.119
"MtrElec",10,29,18,"",435.632,0,0,0,0,0,0,0,0,0,0,0,0,0,0,0,0,0,0,0,0,500.312,0,0,-64.6795
"MtrElec",10,29,19,"",228.165,0,0,0,0,0,0,0,0,0,0,0,0,0,0,0,0,0,0,0,0,451.382,0,-223.217,0
"MtrElec",10,29,20,"",223.674,0,0,0,0,0,0,0,0,0,0,0,0,0,0,0,0,0,0,0,0,446.891,0,-223.217,0
"MtrElec",10,29,21,"",425.815,0,0,0,0,0,0,0,0,0,0,0,0,0,0,0,0,0,0,0,0,452.504,0,-26.6896,0
"MtrElec",10,29,22,"",292.441,0,0,0,0,0,0,0,0,0,0,0,0,0,0,0,0,0,0,0,0,292.441,0,0,0
"MtrElec",10,29,23,"",243.494,0,0,0,0,0,0,0,0,0,0,0,0,0,0,0,0,0,0,0,0,243.494,0,0,0
"MtrElec",10,29,24,"",214.378,0,0,0,0,0,0,0,0,0,0,0,0,0,0,0,0,0,0,0,0,214.378,0,0,0
"MtrElec",10,30,1,"",193.847,0,0,0,0,0,0,0,0,0,0,0,0,0,0,0,0,0,0,0,0,193.847,0,0,0
"MtrElec",10,30,2,"",153.43,0,0,0,0,0,0,0,0,0,0,0,0,0,0,0,0,0,0,0,0,153.43,0,0,0
"MtrElec",10,30,3,"",148.955,0,0,0,0,0,0,0,0,0,0,0,0,0,0,0,0,0,0,0,0,148.955,0,0,0
"MtrElec",10,30,4,"",153.059,0,0,0,0,0,0,0,0,0,0,0,0,0,0,0,0,0,0,0,0,153.059,0,0,0
"MtrElec",10,30,5,"",149.926,0,0,0,0,0,0,0,0,0,0,0,0,0,0,0,0,0,0,0,0,149.926,0,0,0
"MtrElec",10,30,6,"",198.103,0,0,0,0,0,0,0,0,0,0,0,0,0,0,0,0,0,0,0,0,198.103,0,0,0
"MtrElec",10,30,7,"",218.022,0,0,0,0,0,0,0,0,0,0,0,0,0,0,0,0,0,0,0,0,218.022,0,0,0
"MtrElec",10,30,8,"",252.459,0,0,0,0,0,0,0,0,0,0,0,0,0,0,0,0,0,0,0,0,306.735,0,0,-54.2766
"MtrElec",10,30,9,"",131.096,0,0,0,0,0,0,0,0,0,0,0,0,0,0,0,0,0,0,0,0,366.576,0,0,-235.48
"MtrElec",10,30,10,"",36.5395,0,0,0,0,0,0,0,0,0,0,0,0,0,0,0,0,0,0,0,0,449.184,0,0,-412.645
"MtrElec",10,30,11,"",0.0000078,0,0,0,0,0,0,0,0,0,0,0,0,0,0,0,0,0,0,0,0,444.615,0,85.6966,-530.312
"MtrElec",10,30,12,"",0,0,0,0,0,0,0,0,0,0,0,0,0,0,0,0,0,0,0,0,0,440.524,0,161.148,-601.672
"MtrElec",10,30,13,"",0,0,0,0,0,0,0,0,0,0,0,0,0,0,0,0,0,0,0,0,0,468.507,0,173.419,-641.926
"MtrElec",10,30,14,"",-28.4687,0,0,0,0,0,0,0,0,0,0,0,0,0,0,0,0,0,0,0,0,374.513,0,223.217,-626.199
"MtrElec",10,30,15,"",0,0,0,0,0,0,0,0,0,0,0,0,0,0,0,0,0,0,0,0,0,440.026,0,116.909,-556.935
"MtrElec",10,30,16,"",0,0,0,0,0,0,0,0,0,0,0,0,0,0,0,0,0,0,0,0,0,403.513,0,34.648,-438.161
"MtrElec",10,30,17,"",179.106,0,0,0,0,0,0,0,0,0,0,0,0,0,0,0,0,0,0,0,0,443.189,0,0,-264.083
"MtrElec",10,30,18,"",391.669,0,0,0,0,0,0,0,0,0,0,0,0,0,0,0,0,0,0,0,0,455.807,0,0,-64.138
"MtrElec",10,30,19,"",158.373,0,0,0,0,0,0,0,0,0,0,0,0,0,0,0,0,0,0,0,0,381.59,0,-223.217,0
"MtrElec",10,30,20,"",220.645,0,0,0,0,0,0,0,0,0,0,0,0,0,0,0,0,0,0,0,0,443.861,0,-223.217,0
"MtrElec",10,30,21,"",186.264,0,0,0,0,0,0,0,0,0,0,0,0,0,0,0,0,0,0,0,0,409.481,0,-223.217,0
"MtrElec",10,30,22,"",240.098,0,0,0,0,0,0,0,0,0,0,0,0,0,0,0,0,0,0,0,0,287.968,0,-47.8704,0
"MtrElec",10,30,23,"",277.969,0,0,0,0,0,0,0,0,0,0,0,0,0,0,0,0,0,0,0,0,277.969,0,0,0
"MtrElec",10,30,24,"",224.666,0,0,0,0,0,0,0,0,0,0,0,0,0,0,0,0,0,0,0,0,224.666,0,0,0
"MtrElec",10,31,1,"",169.299,0,0,0,0,0,0,0,0,0,0,0,0,0,0,0,0,0,0,0,0,169.299,0,0,0
"MtrElec",10,31,2,"",153.739,0,0,0,0,0,0,0,0,0,0,0,0,0,0,0,0,0,0,0,0,153.739,0,0,0
"MtrElec",10,31,3,"",149.333,0,0,0,0,0,0,0,0,0,0,0,0,0,0,0,0,0,0,0,0,149.333,0,0,0
"MtrElec",10,31,4,"",187.826,0,0,0,0,0,0,0,0,0,0,0,0,0,0,0,0,0,0,0,0,187.826,0,0,0
"MtrElec",10,31,5,"",180.288,0,0,0,0,0,0,0,0,0,0,0,0,0,0,0,0,0,0,0,0,180.288,0,0,0
"MtrElec",10,31,6,"",153.279,0,0,0,0,0,0,0,0,0,0,0,0,0,0,0,0,0,0,0,0,153.279,0,0,0
"MtrElec",10,31,7,"",170.918,0,0,0,0,0,0,0,0,0,0,0,0,0,0,0,0,0,0,0,0,170.918,0,0,0
"MtrElec",10,31,8,"",250.541,0,0,0,0,0,0,0,0,0,0,0,0,0,0,0,0,0,0,0,0,260.417,0,0,-9.87604
"MtrElec",10,31,9,"",206.686,0,0,0,0,0,0,0,0,0,0,0,0,0,0,0,0,0,0,0,0,282.413,0,0,-75.7269
"MtrElec",10,31,10,"",192.104,0,0,0,0,0,0,0,0,0,0,0,0,0,0,0,0,0,0,0,0,354.368,0,0,-162.264
"MtrElec",10,31,11,"",0,0,0,0,0,0,0,0,0,0,0,0,0,0,0,0,0,0,0,0,0,477.341,0,23.2172,-500.559
"MtrElec",10,31,12,"",0,0,0,0,0,0,0,0,0,0,0,0,0,0,0,0,0,0,0,0,0,448.816,0,170.402,-619.218
"MtrElec",10,31,13,"",0,0,0,0,0,0,0,0,0,0,0,0,0,0,0,0,0,0,0,0,0,480.136,0,149.441,-629.577
"MtrElec",10,31,14,"",0,0,0,0,0,0,0,0,0,0,0,0,0,0,0,0,0,0,0,0,0,461.83,0,112.647,-574.477
"MtrElec",10,31,15,"",0.0000020,0,0,0,0,0,0,0,0,0,0,0,0,0,0,0,0,0,0,0,0,456.957,0,20.6795,-477.637
"MtrElec",10,31,16,"",86.7916,0,0,0,0,0,0,0,0,0,0,0,0,0,0,0,0,0,0,0,0,455.425,0,0,-368.634
"MtrElec",10,31,17,"",225.197,0,0,0,0,0,0,0,0,0,0,0,0,0,0,0,0,0,0,0,0,430.926,0,0,-205.729
"MtrElec",10,31,18,"",388.534,0,0,0,0,0,0,0,0,0,0,0,0,0,0,0,0,0,0,0,0,445.335,0,0,-56.8014
"MtrElec",10,31,19,"",240.258,0,0,0,0,0,0,0,0,0,0,0,0,0,0,0,0,0,0,0,0,463.474,0,-223.217,0
"MtrElec",10,31,20,"",178.327,0,0,0,0,0,0,0,0,0,0,0,0,0,0,0,0,0,0,0,0,385.05,0,-206.722,0
"MtrElec",10,31,21,"",390.25,0,0,0,0,0,0,0,0,0,0,0,0,0,0,0,0,0,0,0,0,390.25,0,0,0
"MtrElec",10,31,22,"",318.876,0,0,0,0,0,0,0,0,0,0,0,0,0,0,0,0,0,0,0,0,318.876,0,0,0
"MtrElec",10,31,23,"",250.17,0,0,0,0,0,0,0,0,0,0,0,0,0,0,0,0,0,0,0,0,250.17,0,0,0
"MtrElec",10,31,24,"",238.63,0,0,0,0,0,0,0,0,0,0,0,0,0,0,0,0,0,0,0,0,238.63,0,0,0
"MtrElec",11,1,1,"",184.747,0,0,0,0,0,0,0,0,0,0,0,0,0,0,0,0,0,0,0,0,184.747,0,0,0
"MtrElec",11,1,2,"",155.714,0,0,0,0,0,0,0,0,0,0,0,0,0,0,0,0,0,0,0,0,155.714,0,0,0
"MtrElec",11,1,3,"",152.82,0,0,0,0,0,0,0,0,0,0,0,0,0,0,0,0,0,0,0,0,152.82,0,0,0
"MtrElec",11,1,3,"",154.212,0,0,0,0,0,0,0,0,0,0,0,0,0,0,0,0,0,0,0,0,154.212,0,0,0
"MtrElec",11,1,4,"",157.856,0,0,0,0,0,0,0,0,0,0,0,0,0,0,0,0,0,0,0,0,157.856,0,0,0
"MtrElec",11,1,5,"",164.102,0,0,0,0,0,0,0,0,0,0,0,0,0,0,0,0,0,0,0,0,164.102,0,0,0
"MtrElec",11,1,6,"",157.46,0,0,0,0,0,0,0,0,0,0,0,0,0,0,0,0,0,0,0,0,157.46,0,0,0
"MtrElec",11,1,7,"",184.517,0,0,0,0,0,0,0,0,0,0,0,0,0,0,0,0,0,0,0,0,200.448,0,0,-15.9313
"MtrElec",11,1,8,"",107.13,0,0,0,0,0,0,0,0,0,0,0,0,0,0,0,0,0,0,0,0,228.419,0,0,-121.289
"MtrElec",11,1,9,"",-56.3066,0,0,0,0,0,0,0,0,0,0,0,0,0,0,0,0,0,0,0,0,261.065,0,0,-317.371
"MtrElec",11,1,10,"",-121.96,0,0,0,0,0,0,0,0,0,0,0,0,0,0,0,0,0,0,0,0,387.353,0,0,-509.313
"MtrElec",11,1,11,"",0,0,0,0,0,0,0,0,0,0,0,0,0,0,0,0,0,0,0,0,0,426.371,0,166.476,-592.847
"MtrElec",11,1,12,"",0.0000078,0,0,0,0,0,0,0,0,0,0,0,0,0,0,0,0,0,0,0,0,503.076,0,97.5451,-600.621
"MtrElec",11,1,13,"",0.0000039,0,0,0,0,0,0,0,0,0,0,0,0,0,0,0,0,0,0,0,0,468.398,0,54.1904,-522.588
"MtrElec",11,1,14,"",15.003,0,0,0,0,0,0,0,0,0,0,0,0,0,0,0,0,0,0,0,0,457.537,0,0,-442.534
"MtrElec",11,1,15,"",145.12,0,0,0,0,0,0,0,0,0,0,0,0,0,0,0,0,0,0,0,0,453.897,0,0,-308.776
"MtrElec",11,1,16,"",219.253,0,0,0,0,0,0,0,0,0,0,0,0,0,0,0,0,0,0,0,0,432.721,0,0,-213.468
"MtrElec",11,1,17,"",349.455,0,0,0,0,0,0,0,0,0,0,0,0,0,0,0,0,0,0,0,0,392.222,0,0,-42.7673
"MtrElec",11,1,18,"",340.187,0,0,0,0,0,0,0,0,0,0,0,0,0,0,0,0,0,0,0,0,340.187,0,0,0
"MtrElec",11,1,19,"",196.944,0,0,0,0,0,0,0,0,0,0,0,0,0,0,0,0,0,0,0,0,420.161,0,-223.217,0
"MtrElec",11,1,20,"",295.762,0,0,0,0,0,0,0,0,0,0,0,0,0,0,0,0,0,0,0,0,359.732,0,-63.9692,0
"MtrElec",11,1,21,"",348.533,0,0,0,0,0,0,0,0,0,0,0,0,0,0,0,0,0,0,0,0,348.533,0,0,0
"MtrElec",11,1,22,"",346.626,0,0,0,0,0,0,0,0,0,0,0,0,0,0,0,0,0,0,0,0,346.626,0,0,0
"MtrElec",11,1,23,"",253.488,0,0,0,0,0,0,0,0,0,0,0,0,0,0,0,0,0,0,0,0,253.488,0,0,0
"MtrElec",11,1,24,"",224.626,0,0,0,0,0,0,0,0,0,0,0,0,0,0,0,0,0,0,0,0,224.626,0,0,0
"MtrElec",11,2,1,"",183.702,0,0,0,0,0,0,0,0,0,0,0,0,0,0,0,0,0,0,0,0,183.702,0,0,0
"MtrElec",11,2,2,"",163.209,0,0,0,0,0,0,0,0,0,0,0,0,0,0,0,0,0,0,0,0,163.209,0,0,0
"MtrElec",11,2,3,"",152,0,0,0,0,0,0,0,0,0,0,0,0,0,0,0,0,0,0,0,0,152,0,0,0
"MtrElec",11,2,4,"",151.937,0,0,0,0,0,0,0,0,0,0,0,0,0,0,0,0,0,0,0,0,151.937,0,0,0
"MtrElec",11,2,5,"",148.473,0,0,0,0,0,0,0,0,0,0,0,0,0,0,0,0,0,0,0,0,148.473,0,0,0
"MtrElec",11,2,6,"",196.923,0,0,0,0,0,0,0,0,0,0,0,0,0,0,0,0,0,0,0,0,196.923,0,0,0
"MtrElec",11,2,7,"",209.452,0,0,0,0,0,0,0,0,0,0,0,0,0,0,0,0,0,0,0,0,220.997,0,0,-11.545
"MtrElec",11,2,8,"",188.226,0,0,0,0,0,0,0,0,0,0,0,0,0,0,0,0,0,0,0,0,297.271,0,0,-109.045
"MtrElec",11,2,9,"",12.0589,0,0,0,0,0,0,0,0,0,0,0,0,0,0,0,0,0,0,0,0,340.474,0,0,-328.415
"MtrElec",11,2,10,"",-64.4549,0,0,0,0,0,0,0,0,0,0,0,0,0,0,0,0,0,0,0,0,413.647,0,0,-478.102
"MtrElec",11,2,11,"",0.0000039,0,0,0,0,0,0,0,0,0,0,0,0,0,0,0,0,0,0,0,0,474.888,0,35.5992,-510.487
"MtrElec",11,2,12,"",0,0,0,0,0,0,0,0,0,0,0,0,0,0,0,0,0,0,0,0,0,412.9,0,185.459,-598.359
"MtrElec",11,2,13,"",7.17866,0,0,0,0,0,0,0,0,0,0,0,0,0,0,0,0,0,0,0,0,445.984,0,0,-438.805
"MtrElec",11,2,14,"",25.8174,0,0,0,0,0,0,0,0,0,0,0,0,0,0,0,0,0,0,0,0,422.423,0,0,-396.606
"MtrElec",11,2,15,"",193.331,0,0,0,0,0,0,0,0,0,0,0,0,0,0,0,0,0,0,0,0,368.426,0,0,-175.094
"MtrElec",11,2,16,"",197.186,0,0,0,0,0,0,0,0,0,0,0,0,0,0,0,0,0,0,0,0,418.27,0,0,-221.084
"MtrElec",11,2,17,"",384.587,0,0,0,0,0,0,0,0,0,0,0,0,0,0,0,0,0,0,0,0,411.774,0,0,-27.1866
"MtrElec",11,2,18,"",432.949,0,0,0,0,0,0,0,0,0,0,0,0,0,0,0,0,0,0,0,0,432.949,0,0,0
"MtrElec",11,2,19,"",249.911,0,0,0,0,0,0,0,0,0,0,0,0,0,0,0,0,0,0,0,0,449.416,0,-199.505,0
"MtrElec",11,2,20,"",393.058,0,0,0,0,0,0,0,0,0,0,0,0,0,0,0,0,0,0,0,0,393.058,0,0,0
"MtrElec",11,2,21,"",420.133,0,0,0,0,0,0,0,0,0,0,0,0,0,0,0,0,0,0,0,0,420.133,0,0,0
"MtrElec",11,2,22,"",307.821,0,0,0,0,0,0,0,0,0,0,0,0,0,0,0,0,0,0,0,0,307.821,0,0,0
"MtrElec",11,2,23,"",287.28,0,0,0,0,0,0,0,0,0,0,0,0,0,0,0,0,0,0,0,0,287.28,0,0,0
"MtrElec",11,2,24,"",236.949,0,0,0,0,0,0,0,0,0,0,0,0,0,0,0,0,0,0,0,0,236.949,0,0,0
"MtrElec",11,3,1,"",169.198,0,0,0,0,0,0,0,0,0,0,0,0,0,0,0,0,0,0,0,0,169.198,0,0,0
"MtrElec",11,3,2,"",167.698,0,0,0,0,0,0,0,0,0,0,0,0,0,0,0,0,0,0,0,0,167.698,0,0,0
"MtrElec",11,3,3,"",174.384,0,0,0,0,0,0,0,0,0,0,0,0,0,0,0,0,0,0,0,0,174.384,0,0,0
"MtrElec",11,3,4,"",155.019,0,0,0,0,0,0,0,0,0,0,0,0,0,0,0,0,0,0,0,0,155.019,0,0,0
"MtrElec",11,3,5,"",152.844,0,0,0,0,0,0,0,0,0,0,0,0,0,0,0,0,0,0,0,0,152.844,0,0,0
"MtrElec",11,3,6,"",162.209,0,0,0,0,0,0,0,0,0,0,0,0,0,0,0,0,0,0,0,0,162.209,0,0,0
"MtrElec",11,3,7,"",217.977,0,0,0,0,0,0,0,0,0,0,0,0,0,0,0,0,0,0,0,0,226.202,0,0,-8.22517
"MtrElec",11,3,8,"",230.725,0,0,0,0,0,0,0,0,0,0,0,0,0,0,0,0,0,0,0,0,310.408,0,0,-79.6825
"MtrElec",11,3,9,"",138.681,0,0,0,0,0,0,0,0,0,0,0,0,0,0,0,0,0,0,0,0,328.61,0,0,-189.929
"MtrElec",11,3,10,"",-72.0256,0,0,0,0,0,0,0,0,0,0,0,0,0,0,0,0,0,0,0,0,396.354,0,0,-468.38
"MtrElec",11,3,11,"",0,0,0,0,0,0,0,0,0,0,0,0,0,0,0,0,0,0,0,0,0,439.995,0,161.386,-601.382
"MtrElec",11,3,12,"",-28.3146,0,0,0,0,0,0,0,0,0,0,0,0,0,0,0,0,0,0,0,0,382.545,0,223.217,-634.077
"MtrElec",11,3,13,"",0,0,0,0,0,0,0,0,0,0,0,0,0,0,0,0,0,0,0,0,0,418.424,0,193.979,-612.403
"MtrElec",11,3,14,"",0,0,0,0,0,0,0,0,0,0,0,0,0,0,0,0,0,0,0,0,0,371.688,0,173.224,-544.912
"MtrElec",11,3,15,"",-4.93453,0,0,0,0,0,0,0,0,0,0,0,0,0,0,0,0,0,0,0,0,369.047,0,47.0746,-421.056
"MtrElec",11,3,16,"",153.832,0,0,0,0,0,0,0,0,0,0,0,0,0,0,0,0,0,0,0,0,404.96,0,0,-251.127
"MtrElec",11,3,17,"",352.096,0,0,0,0,0,0,0,0,0,0,0,0,0,0,0,0,0,0,0,0,408.078,0,0,-55.9823
"MtrElec",11,3,18,"",436.925,0,0,0,0,0,0,0,0,0,0,0,0,0,0,0,0,0,0,0,0,436.925,0,0,0
"MtrElec",11,3,19,"",182.422,0,0,0,0,0,0,0,0,0,0,0,0,0,0,0,0,0,0,0,0,405.639,0,-223.217,0
"MtrElec",11,3,20,"",127.288,0,0,0,0,0,0,0,0,0,0,0,0,0,0,0,0,0,0,0,0,350.505,0,-223.217,0
"MtrElec",11,3,21,"",192.051,0,0,0,0,0,0,0,0,0,0,0,0,0,0,0,0,0,0,0,0,415.268,0,-223.217,0
"MtrElec",11,3,22,"",235.519,0,0,0,0,0,0,0,0,0,0,0,0,0,0,0,0,0,0,0,0,286.859,0,-51.3398,0
"MtrElec",11,3,23,"",264.244,0,0,0,0,0,0,0,0,0,0,0,0,0,0,0,0,0,0,0,0,264.244,0,0,0
"MtrElec",11,3,24,"",197.823,0,0,0,0,0,0,0,0,0,0,0,0,0,0,0,0,0,0,0,0,197.823,0,0,0
"MtrElec",11,4,1,"",181.928,0,0,0,0,0,0,0,0,0,0,0,0,0,0,0,0,0,0,0,0,181.928,0,0,0
"MtrElec",11,4,2,"",156.38,0,0,0,0,0,0,0,0,0,0,0,0,0,0,0,0,0,0,0,0,156.38,0,0,0
"MtrElec",11,4,3,"",152.551,0,0,0,0,0,0,0,0,0,0,0,0,0,0,0,0,0,0,0,0,152.551,0,0,0
"MtrElec",11,4,4,"",150.545,0,0,0,0,0,0,0,0,0,0,0,0,0,0,0,0,0,0,0,0,150.545,0,0,0
"MtrElec",11,4,5,"",186.711,0,0,0,0,0,0,0,0,0,0,0,0,0,0,0,0,0,0,0,0,186.711,0,0,0
"MtrElec",11,4,6,"",154.277,0,0,0,0,0,0,0,0,0,0,0,0,0,0,0,0,0,0,0,0,154.277,0,0,0
"MtrElec",11,4,7,"",203.815,0,0,0,0,0,0,0,0,0,0,0,0,0,0,0,0,0,0,0,0,251.382,0,0,-47.5672
"MtrElec",11,4,8,"",89.788,0,0,0,0,0,0,0,0,0,0,0,0,0,0,0,0,0,0,0,0,316.05,0,0,-226.262
"MtrElec",11,4,9,"",-11.2769,0,0,0,0,0,0,0,0,0,0,0,0,0,0,0,0,0,0,0,0,393.447,0,0,-404.724
"MtrElec",11,4,10,"",86.4719,0,0,0,0,0,0,0,0,0,0,0,0,0,0,0,0,0,0,0,0,426.401,0,0,-339.93
"MtrElec",11,4,11,"",0,0,0,0,0,0,0,0,0,0,0,0,0,0,0,0,0,0,0,0,0,460.564,0,124.622,-585.186
"MtrElec",11,4,12,"",0,0,0,0,0,0,0,0,0,0,0,0,0,0,0,0,0,0,0,0,0,431.598,0,214.685,-646.283
"MtrElec",11,4,13,"",0,0,0,0,0,0,0,0,0,0,0,0,0,0,0,0,0,0,0,0,0,462.526,0,168.424,-630.949
"MtrElec",11,4,14,"",0.0000156,0,0,0,0,0,0,0,0,0,0,0,0,0,0,0,0,0,0,0,0,357.104,0,202.815,-559.92
"MtrElec",11,4,15,"",0,0,0,0,0,0,0,0,0,0,0,0,0,0,0,0,0,0,0,0,0,404.12,0,26.5946,-430.715
"MtrElec",11,4,16,"",128.51,0,0,0,0,0,0,0,0,0,0,0,0,0,0,0,0,0,0,0,0,384.695,0,0,-256.185
"MtrElec",11,4,17,"",358.054,0,0,0,0,0,0,0,0,0,0,0,0,0,0,0,0,0,0,0,0,414.558,0,0,-56.5036
"MtrElec",11,4,18,"",396.46,0,0,0,0,0,0,0,0,0,0,0,0,0,0,0,0,0,0,0,0,396.46,0,0,0
"MtrElec",11,4,19,"",207.02,0,0,0,0,0,0,0,0,0,0,0,0,0,0,0,0,0,0,0,0,430.237,0,-223.217,0
"MtrElec",11,4,20,"",180.255,0,0,0,0,0,0,0,0,0,0,0,0,0,0,0,0,0,0,0,0,403.472,0,-223.217,0
"MtrElec",11,4,21,"",222.159,0,0,0,0,0,0,0,0,0,0,0,0,0,0,0,0,0,0,0,0,440.995,0,-218.836,0
"MtrElec",11,4,22,"",300.052,0,0,0,0,0,0,0,0,0,0,0,0,0,0,0,0,0,0,0,0,300.052,0,0,0
"MtrElec",11,4,23,"",244.141,0,0,0,0,0,0,0,0,0,0,0,0,0,0,0,0,0,0,0,0,244.141,0,0,0
"MtrElec",11,4,24,"",219.729,0,0,0,0,0,0,0,0,0,0,0,0,0,0,0,0,0,0,0,0,219.729,0,0,0
"MtrElec",11,5,1,"",166.967,0,0,0,0,0,0,0,0,0,0,0,0,0,0,0,0,0,0,0,0,166.967,0,0,0
"MtrElec",11,5,2,"",156.78,0,0,0,0,0,0,0,0,0,0,0,0,0,0,0,0,0,0,0,0,156.78,0,0,0
"MtrElec",11,5,3,"",150.998,0,0,0,0,0,0,0,0,0,0,0,0,0,0,0,0,0,0,0,0,150.998,0,0,0
"MtrElec",11,5,4,"",159.308,0,0,0,0,0,0,0,0,0,0,0,0,0,0,0,0,0,0,0,0,159.308,0,0,0
"MtrElec",11,5,5,"",152.948,0,0,0,0,0,0,0,0,0,0,0,0,0,0,0,0,0,0,0,0,152.948,0,0,0
"MtrElec",11,5,6,"",196.737,0,0,0,0,0,0,0,0,0,0,0,0,0,0,0,0,0,0,0,0,196.737,0,0,0
"MtrElec",11,5,7,"",171.095,0,0,0,0,0,0,0,0,0,0,0,0,0,0,0,0,0,0,0,0,219.641,0,0,-48.5458
"MtrElec",11,5,8,"",74.3154,0,0,0,0,0,0,0,0,0,0,0,0,0,0,0,0,0,0,0,0,300.975,0,0,-226.66
"MtrElec",11,5,9,"",-53.1491,0,0,0,0,0,0,0,0,0,0,0,0,0,0,0,0,0,0,0,0,354.866,0,0,-408.015
"MtrElec",11,5,10,"",-191.397,0,0,0,0,0,0,0,0,0,0,0,0,0,0,0,0,0,0,0,0,333.227,0,0,-524.624
"MtrElec",11,5,11,"",0,0,0,0,0,0,0,0,0,0,0,0,0,0,0,0,0,0,0,0,0,377.717,0,218.478,-596.195
"MtrElec",11,5,12,"",0,0,0,0,0,0,0,0,0,0,0,0,0,0,0,0,0,0,0,0,0,416.001,0,204.047,-620.048
"MtrElec",11,5,13,"",-11.5704,0,0,0,0,0,0,0,0,0,0,0,0,0,0,0,0,0,0,0,0,360.991,0,223.217,-595.778
"MtrElec",11,5,14,"",0,0,0,0,0,0,0,0,0,0,0,0,0,0,0,0,0,0,0,0,0,401.936,0,136.649,-538.586
"MtrElec",11,5,15,"",-39.0386,0,0,0,0,0,0,0,0,0,0,0,0,0,0,0,0,0,0,0,0,367.672,0,16.4903,-423.201
"MtrElec",11,5,16,"",192.714,0,0,0,0,0,0,0,0,0,0,0,0,0,0,0,0,0,0,0,0,386.166,0,0,-193.452
"MtrElec",11,5,17,"",360.028,0,0,0,0,0,0,0,0,0,0,0,0,0,0,0,0,0,0,0,0,396.31,0,0,-36.282
"MtrElec",11,5,18,"",425.835,0,0,0,0,0,0,0,0,0,0,0,0,0,0,0,0,0,0,0,0,425.835,0,0,0
"MtrElec",11,5,19,"",194.794,0,0,0,0,0,0,0,0,0,0,0,0,0,0,0,0,0,0,0,0,418.011,0,-223.217,0
"MtrElec",11,5,20,"",185.912,0,0,0,0,0,0,0,0,0,0,0,0,0,0,0,0,0,0,0,0,409.129,0,-223.217,0
"MtrElec",11,5,21,"",183.275,0,0,0,0,0,0,0,0,0,0,0,0,0,0,0,0,0,0,0,0,406.492,0,-223.217,0
"MtrElec",11,5,22,"",240.688,0,0,0,0,0,0,0,0,0,0,0,0,0,0,0,0,0,0,0,0,292.028,0,-51.3398,0
"MtrElec",11,5,23,"",259.159,0,0,0,0,0,0,0,0,0,0,0,0,0,0,0,0,0,0,0,0,259.159,0,0,0
"MtrElec",11,5,24,"",201.631,0,0,0,0,0,0,0,0,0,0,0,0,0,0,0,0,0,0,0,0,201.631,0,0,0
"MtrElec",11,6,1,"",175.068,0,0,0,0,0,0,0,0,0,0,0,0,0,0,0,0,0,0,0,0,175.068,0,0,0
"MtrElec",11,6,2,"",190.721,0,0,0,0,0,0,0,0,0,0,0,0,0,0,0,0,0,0,0,0,190.721,0,0,0
"MtrElec",11,6,3,"",152.179,0,0,0,0,0,0,0,0,0,0,0,0,0,0,0,0,0,0,0,0,152.179,0,0,0
"MtrElec",11,6,4,"",151.712,0,0,0,0,0,0,0,0,0,0,0,0,0,0,0,0,0,0,0,0,151.712,0,0,0
"MtrElec",11,6,5,"",149.459,0,0,0,0,0,0,0,0,0,0,0,0,0,0,0,0,0,0,0,0,149.459,0,0,0
"MtrElec",11,6,6,"",157.436,0,0,0,0,0,0,0,0,0,0,0,0,0,0,0,0,0,0,0,0,157.436,0,0,0
"MtrElec",11,6,7,"",258.48,0,0,0,0,0,0,0,0,0,0,0,0,0,0,0,0,0,0,0,0,267.421,0,0,-8.94127
"MtrElec",11,6,8,"",237.485,0,0,0,0,0,0,0,0,0,0,0,0,0,0,0,0,0,0,0,0,304.266,0,0,-66.781
"MtrElec",11,6,9,"",226.433,0,0,0,0,0,0,0,0,0,0,0,0,0,0,0,0,0,0,0,0,368.842,0,0,-142.41
"MtrElec",11,6,10,"",-112.887,0,0,0,0,0,0,0,0,0,0,0,0,0,0,0,0,0,0,0,0,382.685,0,0,-495.572
"MtrElec",11,6,11,"",0.0000039,0,0,0,0,0,0,0,0,0,0,0,0,0,0,0,0,0,0,0,0,442.93,0,55.2521,-498.182
"MtrElec",11,6,12,"",0,0,0,0,0,0,0,0,0,0,0,0,0,0,0,0,0,0,0,0,0,401.947,0,172.322,-574.268
"MtrElec",11,6,13,"",117.332,0,0,0,0,0,0,0,0,0,0,0,0,0,0,0,0,0,0,0,0,478.416,0,0,-361.084
"MtrElec",11,6,14,"",109.864,0,0,0,0,0,0,0,0,0,0,0,0,0,0,0,0,0,0,0,0,351.792,0,0,-241.928
"MtrElec",11,6,15,"",106.503,0,0,0,0,0,0,0,0,0,0,0,0,0,0,0,0,0,0,0,0,365.867,0,0,-259.363
"MtrElec",11,6,16,"",234.651,0,0,0,0,0,0,0,0,0,0,0,0,0,0,0,0,0,0,0,0,392.28,0,0,-157.63
"MtrElec",11,6,17,"",393.933,0,0,0,0,0,0,0,0,0,0,0,0,0,0,0,0,0,0,0,0,408.269,0,0,-14.3367
"MtrElec",11,6,18,"",394.106,0,0,0,0,0,0,0,0,0,0,0,0,0,0,0,0,0,0,0,0,394.106,0,0,0
"MtrElec",11,6,19,"",186.267,0,0,0,0,0,0,0,0,0,0,0,0,0,0,0,0,0,0,0,0,391.652,0,-205.385,0
"MtrElec",11,6,20,"",392.956,0,0,0,0,0,0,0,0,0,0,0,0,0,0,0,0,0,0,0,0,392.956,0,0,0
"MtrElec",11,6,21,"",400.084,0,0,0,0,0,0,0,0,0,0,0,0,0,0,0,0,0,0,0,0,400.084,0,0,0
"MtrElec",11,6,22,"",282.748,0,0,0,0,0,0,0,0,0,0,0,0,0,0,0,0,0,0,0,0,282.748,0,0,0
"MtrElec",11,6,23,"",265.993,0,0,0,0,0,0,0,0,0,0,0,0,0,0,0,0,0,0,0,0,265.993,0,0,0
"MtrElec",11,6,24,"",197.343,0,0,0,0,0,0,0,0,0,0,0,0,0,0,0,0,0,0,0,0,197.343,0,0,0
"MtrElec",11,7,1,"",165.987,0,0,0,0,0,0,0,0,0,0,0,0,0,0,0,0,0,0,0,0,165.987,0,0,0
"MtrElec",11,7,2,"",156.415,0,0,0,0,0,0,0,0,0,0,0,0,0,0,0,0,0,0,0,0,156.415,0,0,0
"MtrElec",11,7,3,"",187.965,0,0,0,0,0,0,0,0,0,0,0,0,0,0,0,0,0,0,0,0,187.965,0,0,0
"MtrElec",11,7,4,"",154.588,0,0,0,0,0,0,0,0,0,0,0,0,0,0,0,0,0,0,0,0,154.588,0,0,0
"MtrElec",11,7,5,"",178.672,0,0,0,0,0,0,0,0,0,0,0,0,0,0,0,0,0,0,0,0,178.672,0,0,0
"MtrElec",11,7,6,"",155.385,0,0,0,0,0,0,0,0,0,0,0,0,0,0,0,0,0,0,0,0,155.385,0,0,0
"MtrElec",11,7,7,"",178.966,0,0,0,0,0,0,0,0,0,0,0,0,0,0,0,0,0,0,0,0,178.966,0,0,0
"MtrElec",11,7,8,"",201.721,0,0,0,0,0,0,0,0,0,0,0,0,0,0,0,0,0,0,0,0,261.331,0,0,-59.6105
"MtrElec",11,7,9,"",117.211,0,0,0,0,0,0,0,0,0,0,0,0,0,0,0,0,0,0,0,0,325.233,0,0,-208.022
"MtrElec",11,7,10,"",66.0447,0,0,0,0,0,0,0,0,0,0,0,0,0,0,0,0,0,0,0,0,382.399,0,0,-316.354
"MtrElec",11,7,11,"",0.0000078,0,0,0,0,0,0,0,0,0,0,0,0,0,0,0,0,0,0,0,0,466.399,0,108.505,-574.904
"MtrElec",11,7,12,"",0.0000078,0,0,0,0,0,0,0,0,0,0,0,0,0,0,0,0,0,0,0,0,493.6,0,115.071,-608.671
"MtrElec",11,7,13,"",0,0,0,0,0,0,0,0,0,0,0,0,0,0,0,0,0,0,0,0,0,424.863,0,169.026,-593.889
"MtrElec",11,7,14,"",0,0,0,0,0,0,0,0,0,0,0,0,0,0,0,0,0,0,0,0,0,452.003,0,62.5728,-514.576
"MtrElec",11,7,15,"",53.884,0,0,0,0,0,0,0,0,0,0,0,0,0,0,0,0,0,0,0,0,441.978,0,0,-388.094
"MtrElec",11,7,16,"",214.545,0,0,0,0,0,0,0,0,0,0,0,0,0,0,0,0,0,0,0,0,385.446,0,0,-170.901
"MtrElec",11,7,17,"",433.454,0,0,0,0,0,0,0,0,0,0,0,0,0,0,0,0,0,0,0,0,464.065,0,0,-30.6111
"MtrElec",11,7,18,"",410.45,0,0,0,0,0,0,0,0,0,0,0,0,0,0,0,0,0,0,0,0,410.45,0,0,0
"MtrElec",11,7,19,"",181.804,0,0,0,0,0,0,0,0,0,0,0,0,0,0,0,0,0,0,0,0,405.021,0,-223.217,0
"MtrElec",11,7,20,"",160.753,0,0,0,0,0,0,0,0,0,0,0,0,0,0,0,0,0,0,0,0,348.332,0,-187.578,0
"MtrElec",11,7,21,"",330.09,0,0,0,0,0,0,0,0,0,0,0,0,0,0,0,0,0,0,0,0,330.09,0,0,0
"MtrElec",11,7,22,"",288.224,0,0,0,0,0,0,0,0,0,0,0,0,0,0,0,0,0,0,0,0,288.224,0,0,0
"MtrElec",11,7,23,"",243.485,0,0,0,0,0,0,0,0,0,0,0,0,0,0,0,0,0,0,0,0,243.485,0,0,0
"MtrElec",11,7,24,"",212.226,0,0,0,0,0,0,0,0,0,0,0,0,0,0,0,0,0,0,0,0,212.226,0,0,0
"MtrElec",11,8,1,"",165.169,0,0,0,0,0,0,0,0,0,0,0,0,0,0,0,0,0,0,0,0,165.169,0,0,0
"MtrElec",11,8,2,"",160.117,0,0,0,0,0,0,0,0,0,0,0,0,0,0,0,0,0,0,0,0,160.117,0,0,0
"MtrElec",11,8,3,"",187.107,0,0,0,0,0,0,0,0,0,0,0,0,0,0,0,0,0,0,0,0,187.107,0,0,0
"MtrElec",11,8,4,"",159.633,0,0,0,0,0,0,0,0,0,0,0,0,0,0,0,0,0,0,0,0,159.633,0,0,0
"MtrElec",11,8,5,"",180.388,0,0,0,0,0,0,0,0,0,0,0,0,0,0,0,0,0,0,0,0,180.388,0,0,0
"MtrElec",11,8,6,"",156.792,0,0,0,0,0,0,0,0,0,0,0,0,0,0,0,0,0,0,0,0,156.792,0,0,0
"MtrElec",11,8,7,"",197.572,0,0,0,0,0,0,0,0,0,0,0,0,0,0,0,0,0,0,0,0,201.635,0,0,-4.06305
"MtrElec",11,8,8,"",120.684,0,0,0,0,0,0,0,0,0,0,0,0,0,0,0,0,0,0,0,0,194.598,0,0,-73.9137
"MtrElec",11,8,9,"",127.433,0,0,0,0,0,0,0,0,0,0,0,0,0,0,0,0,0,0,0,0,295.882,0,0,-168.449
"MtrElec",11,8,10,"",18.3992,0,0,0,0,0,0,0,0,0,0,0,0,0,0,0,0,0,0,0,0,305.147,0,0,-286.748
"MtrElec",11,8,11,"",143.505,0,0,0,0,0,0,0,0,0,0,0,0,0,0,0,0,0,0,0,0,430.708,0,0,-287.203
"MtrElec",11,8,12,"",0,0,0,0,0,0,0,0,0,0,0,0,0,0,0,0,0,0,0,0,0,393.573,0,2.20988,-395.783
"MtrElec",11,8,13,"",29.1086,0,0,0,0,0,0,0,0,0,0,0,0,0,0,0,0,0,0,0,0,426.176,0,0,-397.068
"MtrElec",11,8,14,"",52.1452,0,0,0,0,0,0,0,0,0,0,0,0,0,0,0,0,0,0,0,0,356.463,0,0,-304.318
"MtrElec",11,8,15,"",168.832,0,0,0,0,0,0,0,0,0,0,0,0,0,0,0,0,0,0,0,0,370.575,0,0,-201.743
"MtrElec",11,8,16,"",277.122,0,0,0,0,0,0,0,0,0,0,0,0,0,0,0,0,0,0,0,0,353.344,0,0,-76.2222
"MtrElec",11,8,17,"",348.683,0,0,0,0,0,0,0,0,0,0,0,0,0,0,0,0,0,0,0,0,356.422,0,0,-7.73919
"MtrElec",11,8,18,"",346.104,0,0,0,0,0,0,0,0,0,0,0,0,0,0,0,0,0,0,0,0,346.104,0,0,0
"MtrElec",11,8,19,"",413.202,0,0,0,0,0,0,0,0,0,0,0,0,0,0,0,0,0,0,0,0,415.196,0,-1.99441,0
"MtrElec",11,8,20,"",321.653,0,0,0,0,0,0,0,0,0,0,0,0,0,0,0,0,0,0,0,0,321.653,0,0,0
"MtrElec",11,8,21,"",296.732,0,0,0,0,0,0,0,0,0,0,0,0,0,0,0,0,0,0,0,0,296.732,0,0,0
"MtrElec",11,8,22,"",316.995,0,0,0,0,0,0,0,0,0,0,0,0,0,0,0,0,0,0,0,0,316.995,0,0,0
"MtrElec",11,8,23,"",239.204,0,0,0,0,0,0,0,0,0,0,0,0,0,0,0,0,0,0,0,0,239.204,0,0,0
"MtrElec",11,8,24,"",205.975,0,0,0,0,0,0,0,0,0,0,0,0,0,0,0,0,0,0,0,0,205.975,0,0,0
"MtrElec",11,9,1,"",170.114,0,0,0,0,0,0,0,0,0,0,0,0,0,0,0,0,0,0,0,0,170.114,0,0,0
"MtrElec",11,9,2,"",156.842,0,0,0,0,0,0,0,0,0,0,0,0,0,0,0,0,0,0,0,0,156.842,0,0,0
"MtrElec",11,9,3,"",150.183,0,0,0,0,0,0,0,0,0,0,0,0,0,0,0,0,0,0,0,0,150.183,0,0,0
"MtrElec",11,9,4,"",150.545,0,0,0,0,0,0,0,0,0,0,0,0,0,0,0,0,0,0,0,0,150.545,0,0,0
"MtrElec",11,9,5,"",182.888,0,0,0,0,0,0,0,0,0,0,0,0,0,0,0,0,0,0,0,0,182.888,0,0,0
"MtrElec",11,9,6,"",153.972,0,0,0,0,0,0,0,0,0,0,0,0,0,0,0,0,0,0,0,0,153.972,0,0,0
"MtrElec",11,9,7,"",258.827,0,0,0,0,0,0,0,0,0,0,0,0,0,0,0,0,0,0,0,0,266.513,0,0,-7.68606
"MtrElec",11,9,8,"",207.415,0,0,0,0,0,0,0,0,0,0,0,0,0,0,0,0,0,0,0,0,310.027,0,0,-102.612
"MtrElec",11,9,9,"",250.245,0,0,0,0,0,0,0,0,0,0,0,0,0,0,0,0,0,0,0,0,320.382,0,0,-70.1362
"MtrElec",11,9,10,"",324.253,0,0,0,0,0,0,0,0,0,0,0,0,0,0,0,0,0,0,0,0,390.124,0,0,-65.8704
"MtrElec",11,9,11,"",265.04,0,0,0,0,0,0,0,0,0,0,0,0,0,0,0,0,0,0,0,0,388.581,0,0,-123.541
"MtrElec",11,9,12,"",299.667,0,0,0,0,0,0,0,0,0,0,0,0,0,0,0,0,0,0,0,0,393.215,0,0,-93.548
"MtrElec",11,9,13,"",214.134,0,0,0,0,0,0,0,0,0,0,0,0,0,0,0,0,0,0,0,0,341.565,0,0,-127.432
"MtrElec",11,9,14,"",221.344,0,0,0,0,0,0,0,0,0,0,0,0,0,0,0,0,0,0,0,0,365.699,0,0,-144.356
"MtrElec",11,9,15,"",236.769,0,0,0,0,0,0,0,0,0,0,0,0,0,0,0,0,0,0,0,0,333.865,0,0,-97.0959
"MtrElec",11,9,16,"",203.698,0,0,0,0,0,0,0,0,0,0,0,0,0,0,0,0,0,0,0,0,360.749,0,0,-157.05
"MtrElec",11,9,17,"",369.884,0,0,0,0,0,0,0,0,0,0,0,0,0,0,0,0,0,0,0,0,381.644,0,0,-11.7603
"MtrElec",11,9,18,"",443.609,0,0,0,0,0,0,0,0,0,0,0,0,0,0,0,0,0,0,0,0,443.609,0,0,0
"MtrElec",11,9,19,"",411.323,0,0,0,0,0,0,0,0,0,0,0,0,0,0,0,0,0,0,0,0,411.323,0,0,0
"MtrElec",11,9,20,"",387.056,0,0,0,0,0,0,0,0,0,0,0,0,0,0,0,0,0,0,0,0,387.056,0,0,0
"MtrElec",11,9,21,"",417.312,0,0,0,0,0,0,0,0,0,0,0,0,0,0,0,0,0,0,0,0,417.312,0,0,0
"MtrElec",11,9,22,"",285.201,0,0,0,0,0,0,0,0,0,0,0,0,0,0,0,0,0,0,0,0,285.201,0,0,0
"MtrElec",11,9,23,"",286.565,0,0,0,0,0,0,0,0,0,0,0,0,0,0,0,0,0,0,0,0,286.565,0,0,0
"MtrElec",11,9,24,"",221.163,0,0,0,0,0,0,0,0,0,0,0,0,0,0,0,0,0,0,0,0,221.163,0,0,0
"MtrElec",11,10,1,"",191.921,0,0,0,0,0,0,0,0,0,0,0,0,0,0,0,0,0,0,0,0,191.921,0,0,0
"MtrElec",11,10,2,"",153.971,0,0,0,0,0,0,0,0,0,0,0,0,0,0,0,0,0,0,0,0,153.971,0,0,0
"MtrElec",11,10,3,"",185.181,0,0,0,0,0,0,0,0,0,0,0,0,0,0,0,0,0,0,0,0,185.181,0,0,0
"MtrElec",11,10,4,"",151.403,0,0,0,0,0,0,0,0,0,0,0,0,0,0,0,0,0,0,0,0,151.403,0,0,0
"MtrElec",11,10,5,"",148.41,0,0,0,0,0,0,0,0,0,0,0,0,0,0,0,0,0,0,0,0,148.41,0,0,0
"MtrElec",11,10,6,"",156.112,0,0,0,0,0,0,0,0,0,0,0,0,0,0,0,0,0,0,0,0,156.112,0,0,0
"MtrElec",11,10,7,"",251.828,0,0,0,0,0,0,0,0,0,0,0,0,0,0,0,0,0,0,0,0,251.828,0,0,0
"MtrElec",11,10,8,"",281.932,0,0,0,0,0,0,0,0,0,0,0,0,0,0,0,0,0,0,0,0,281.932,0,0,0
"MtrElec",11,10,9,"",306.314,0,0,0,0,0,0,0,0,0,0,0,0,0,0,0,0,0,0,0,0,358.043,0,0,-51.7291
"MtrElec",11,10,10,"",232.503,0,0,0,0,0,0,0,0,0,0,0,0,0,0,0,0,0,0,0,0,438.422,0,0,-205.919
"MtrElec",11,10,11,"",140.129,0,0,0,0,0,0,0,0,0,0,0,0,0,0,0,0,0,0,0,0,430.714,0,0,-290.586
"MtrElec",11,10,12,"",232.773,0,0,0,0,0,0,0,0,0,0,0,0,0,0,0,0,0,0,0,0,413.009,0,0,-180.236
"MtrElec",11,10,13,"",208.273,0,0,0,0,0,0,0,0,0,0,0,0,0,0,0,0,0,0,0,0,370.442,0,0,-162.169
"MtrElec",11,10,14,"",204.809,0,0,0,0,0,0,0,0,0,0,0,0,0,0,0,0,0,0,0,0,359.906,0,0,-155.097
"MtrElec",11,10,15,"",115.511,0,0,0,0,0,0,0,0,0,0,0,0,0,0,0,0,0,0,0,0,368.951,0,0,-253.44
"MtrElec",11,10,16,"",243.303,0,0,0,0,0,0,0,0,0,0,0,0,0,0,0,0,0,0,0,0,351.972,0,0,-108.669
"MtrElec",11,10,17,"",373.568,0,0,0,0,0,0,0,0,0,0,0,0,0,0,0,0,0,0,0,0,384.558,0,0,-10.9904
"MtrElec",11,10,18,"",410.924,0,0,0,0,0,0,0,0,0,0,0,0,0,0,0,0,0,0,0,0,410.924,0,0,0
"MtrElec",11,10,19,"",391.628,0,0,0,0,0,0,0,0,0,0,0,0,0,0,0,0,0,0,0,0,391.628,0,0,0
"MtrElec",11,10,20,"",413.705,0,0,0,0,0,0,0,0,0,0,0,0,0,0,0,0,0,0,0,0,413.705,0,0,0
"MtrElec",11,10,21,"",428.244,0,0,0,0,0,0,0,0,0,0,0,0,0,0,0,0,0,0,0,0,428.244,0,0,0
"MtrElec",11,10,22,"",292.966,0,0,0,0,0,0,0,0,0,0,0,0,0,0,0,0,0,0,0,0,292.966,0,0,0
"MtrElec",11,10,23,"",285.774,0,0,0,0,0,0,0,0,0,0,0,0,0,0,0,0,0,0,0,0,285.774,0,0,0
"MtrElec",11,10,24,"",252.39,0,0,0,0,0,0,0,0,0,0,0,0,0,0,0,0,0,0,0,0,252.39,0,0,0
"MtrElec",11,11,1,"",175.325,0,0,0,0,0,0,0,0,0,0,0,0,0,0,0,0,0,0,0,0,175.325,0,0,0
"MtrElec",11,11,2,"",153.354,0,0,0,0,0,0,0,0,0,0,0,0,0,0,0,0,0,0,0,0,153.354,0,0,0
"MtrElec",11,11,3,"",151.728,0,0,0,0,0,0,0,0,0,0,0,0,0,0,0,0,0,0,0,0,151.728,0,0,0
"MtrElec",11,11,4,"",155.197,0,0,0,0,0,0,0,0,0,0,0,0,0,0,0,0,0,0,0,0,155.197,0,0,0
"MtrElec",11,11,5,"",151.111,0,0,0,0,0,0,0,0,0,0,0,0,0,0,0,0,0,0,0,0,151.111,0,0,0
"MtrElec",11,11,6,"",173.714,0,0,0,0,0,0,0,0,0,0,0,0,0,0,0,0,0,0,0,0,173.714,0,0,0
"MtrElec",11,11,7,"",192.832,0,0,0,0,0,0,0,0,0,0,0,0,0,0,0,0,0,0,0,0,205.27,0,0,-12.4382
"MtrElec",11,11,8,"",93.6549,0,0,0,0,0,0,0,0,0,0,0,0,0,0,0,0,0,0,0,0,271.464,0,0,-177.809
"MtrElec",11,11,9,"",-32.3256,0,0,0,0,0,0,0,0,0,0,0,0,0,0,0,0,0,0,0,0,323.323,0,0,-355.649
"MtrElec",11,11,10,"",-71.211,0,0,0,0,0,0,0,0,0,0,0,0,0,0,0,0,0,0,0,0,415.268,0,0,-486.479
"MtrElec",11,11,11,"",0.0000156,0,0,0,0,0,0,0,0,0,0,0,0,0,0,0,0,0,0,0,0,399.002,0,171.36,-570.362
"MtrElec",11,11,12,"",-11.2472,0,0,0,0,0,0,0,0,0,0,0,0,0,0,0,0,0,0,0,0,376.96,0,223.217,-611.424
"MtrElec",11,11,13,"",0,0,0,0,0,0,0,0,0,0,0,0,0,0,0,0,0,0,0,0,0,424.19,0,172.559,-596.749
"MtrElec",11,11,14,"",0.0000078,0,0,0,0,0,0,0,0,0,0,0,0,0,0,0,0,0,0,0,0,398.535,0,129.988,-528.523
"MtrElec",11,11,15,"",0,0,0,0,0,0,0,0,0,0,0,0,0,0,0,0,0,0,0,0,0,368.661,0,36.8814,-405.543
"MtrElec",11,11,16,"",139.901,0,0,0,0,0,0,0,0,0,0,0,0,0,0,0,0,0,0,0,0,371.33,0,0,-231.429
"MtrElec",11,11,17,"",290.701,0,0,0,0,0,0,0,0,0,0,0,0,0,0,0,0,0,0,0,0,336.737,0,0,-46.0356
"MtrElec",11,11,18,"",403.98,0,0,0,0,0,0,0,0,0,0,0,0,0,0,0,0,0,0,0,0,403.98,0,0,0
"MtrElec",11,11,19,"",168.517,0,0,0,0,0,0,0,0,0,0,0,0,0,0,0,0,0,0,0,0,391.734,0,-223.217,0
"MtrElec",11,11,20,"",67.4664,0,0,0,0,0,0,0,0,0,0,0,0,0,0,0,0,0,0,0,0,290.683,0,-223.217,0
"MtrElec",11,11,21,"",119.813,0,0,0,0,0,0,0,0,0,0,0,0,0,0,0,0,0,0,0,0,335.819,0,-216.006,0
"MtrElec",11,11,22,"",237.465,0,0,0,0,0,0,0,0,0,0,0,0,0,0,0,0,0,0,0,0,237.465,0,0,0
"MtrElec",11,11,23,"",251.244,0,0,0,0,0,0,0,0,0,0,0,0,0,0,0,0,0,0,0,0,251.244,0,0,0
"MtrElec",11,11,24,"",190.352,0,0,0,0,0,0,0,0,0,0,0,0,0,0,0,0,0,0,0,0,190.352,0,0,0
"MtrElec",11,12,1,"",160.154,0,0,0,0,0,0,0,0,0,0,0,0,0,0,0,0,0,0,0,0,160.154,0,0,0
"MtrElec",11,12,2,"",155.703,0,0,0,0,0,0,0,0,0,0,0,0,0,0,0,0,0,0,0,0,155.703,0,0,0
"MtrElec",11,12,3,"",150.129,0,0,0,0,0,0,0,0,0,0,0,0,0,0,0,0,0,0,0,0,150.129,0,0,0
"MtrElec",11,12,4,"",151.219,0,0,0,0,0,0,0,0,0,0,0,0,0,0,0,0,0,0,0,0,151.219,0,0,0
"MtrElec",11,12,5,"",168.878,0,0,0,0,0,0,0,0,0,0,0,0,0,0,0,0,0,0,0,0,168.878,0,0,0
"MtrElec",11,12,6,"",171.632,0,0,0,0,0,0,0,0,0,0,0,0,0,0,0,0,0,0,0,0,171.632,0,0,0
"MtrElec",11,12,7,"",220.95,0,0,0,0,0,0,0,0,0,0,0,0,0,0,0,0,0,0,0,0,236.689,0,0,-15.7386
"MtrElec",11,12,8,"",109.037,0,0,0,0,0,0,0,0,0,0,0,0,0,0,0,0,0,0,0,0,312.592,0,0,-203.555
"MtrElec",11,12,9,"",-66.0723,0,0,0,0,0,0,0,0,0,0,0,0,0,0,0,0,0,0,0,0,319.986,0,0,-386.058
"MtrElec",11,12,10,"",-76.1191,0,0,0,0,0,0,0,0,0,0,0,0,0,0,0,0,0,0,0,0,447.362,0,0,-523.481
"MtrElec",11,12,11,"",0,0,0,0,0,0,0,0,0,0,0,0,0,0,0,0,0,0,0,0,0,399.401,0,200.42,-599.821
"MtrElec",11,12,12,"",0,0,0,0,0,0,0,0,0,0,0,0,0,0,0,0,0,0,0,0,0,405.038,0,209.119,-614.157
"MtrElec",11,12,13,"",0.0000156,0,0,0,0,0,0,0,0,0,0,0,0,0,0,0,0,0,0,0,0,389.741,0,200.085,-589.826
"MtrElec",11,12,14,"",0,0,0,0,0,0,0,0,0,0,0,0,0,0,0,0,0,0,0,0,0,396.19,0,133.113,-529.304
"MtrElec",11,12,15,"",0,0,0,0,0,0,0,0,0,0,0,0,0,0,0,0,0,0,0,0,0,369.828,0,44.0767,-413.905
"MtrElec",11,12,16,"",149.142,0,0,0,0,0,0,0,0,0,0,0,0,0,0,0,0,0,0,0,0,386.002,0,0,-236.86
"MtrElec",11,12,17,"",319.239,0,0,0,0,0,0,0,0,0,0,0,0,0,0,0,0,0,0,0,0,365.362,0,0,-46.1229
"MtrElec",11,12,18,"",426.859,0,0,0,0,0,0,0,0,0,0,0,0,0,0,0,0,0,0,0,0,426.859,0,0,0
"MtrElec",11,12,19,"",179.45,0,0,0,0,0,0,0,0,0,0,0,0,0,0,0,0,0,0,0,0,402.667,0,-223.217,0
"MtrElec",11,12,20,"",176.28,0,0,0,0,0,0,0,0,0,0,0,0,0,0,0,0,0,0,0,0,399.497,0,-223.217,0
"MtrElec",11,12,21,"",173.881,0,0,0,0,0,0,0,0,0,0,0,0,0,0,0,0,0,0,0,0,397.098,0,-223.217,0
"MtrElec",11,12,22,"",267.478,0,0,0,0,0,0,0,0,0,0,0,0,0,0,0,0,0,0,0,0,307.927,0,-40.4491,0
"MtrElec",11,12,23,"",272.132,0,0,0,0,0,0,0,0,0,0,0,0,0,0,0,0,0,0,0,0,272.132,0,0,0
"MtrElec",11,12,24,"",209.279,0,0,0,0,0,0,0,0,0,0,0,0,0,0,0,0,0,0,0,0,209.279,0,0,0
"MtrElec",11,13,1,"",162.776,0,0,0,0,0,0,0,0,0,0,0,0,0,0,0,0,0,0,0,0,162.776,0,0,0
"MtrElec",11,13,2,"",154.193,0,0,0,0,0,0,0,0,0,0,0,0,0,0,0,0,0,0,0,0,154.193,0,0,0
"MtrElec",11,13,3,"",188.282,0,0,0,0,0,0,0,0,0,0,0,0,0,0,0,0,0,0,0,0,188.282,0,0,0
"MtrElec",11,13,4,"",151.178,0,0,0,0,0,0,0,0,0,0,0,0,0,0,0,0,0,0,0,0,151.178,0,0,0
"MtrElec",11,13,5,"",149.459,0,0,0,0,0,0,0,0,0,0,0,0,0,0,0,0,0,0,0,0,149.459,0,0,0
"MtrElec",11,13,6,"",157.964,0,0,0,0,0,0,0,0,0,0,0,0,0,0,0,0,0,0,0,0,157.964,0,0,0
"MtrElec",11,13,7,"",214.903,0,0,0,0,0,0,0,0,0,0,0,0,0,0,0,0,0,0,0,0,231.574,0,0,-16.6713
"MtrElec",11,13,8,"",90.0957,0,0,0,0,0,0,0,0,0,0,0,0,0,0,0,0,0,0,0,0,293.284,0,0,-203.188
"MtrElec",11,13,9,"",-28.4659,0,0,0,0,0,0,0,0,0,0,0,0,0,0,0,0,0,0,0,0,354.371,0,0,-382.837
"MtrElec",11,13,10,"",-53.5465,0,0,0,0,0,0,0,0,0,0,0,0,0,0,0,0,0,0,0,0,452.269,0,0,-505.815
"MtrElec",11,13,11,"",0,0,0,0,0,0,0,0,0,0,0,0,0,0,0,0,0,0,0,0,0,406.618,0,164.952,-571.57
"MtrElec",11,13,12,"",0,0,0,0,0,0,0,0,0,0,0,0,0,0,0,0,0,0,0,0,0,437.307,0,155.849,-593.155
"MtrElec",11,13,13,"",0.0000078,0,0,0,0,0,0,0,0,0,0,0,0,0,0,0,0,0,0,0,0,488.987,0,83.2966,-572.284
"MtrElec",11,13,14,"",0.0000078,0,0,0,0,0,0,0,0,0,0,0,0,0,0,0,0,0,0,0,0,402.145,0,116.019,-518.163
"MtrElec",11,13,15,"",0,0,0,0,0,0,0,0,0,0,0,0,0,0,0,0,0,0,0,0,0,393.338,0,13.6077,-406.946
"MtrElec",11,13,16,"",213.026,0,0,0,0,0,0,0,0,0,0,0,0,0,0,0,0,0,0,0,0,421.696,0,0,-208.67
"MtrElec",11,13,17,"",421.889,0,0,0,0,0,0,0,0,0,0,0,0,0,0,0,0,0,0,0,0,439.613,0,0,-17.7242
"MtrElec",11,13,18,"",423.597,0,0,0,0,0,0,0,0,0,0,0,0,0,0,0,0,0,0,0,0,423.597,0,0,0
"MtrElec",11,13,19,"",197.159,0,0,0,0,0,0,0,0,0,0,0,0,0,0,0,0,0,0,0,0,420.376,0,-223.217,0
"MtrElec",11,13,20,"",181.494,0,0,0,0,0,0,0,0,0,0,0,0,0,0,0,0,0,0,0,0,404.711,0,-223.217,0
"MtrElec",11,13,21,"",425.117,0,0,0,0,0,0,0,0,0,0,0,0,0,0,0,0,0,0,0,0,460.369,0,-35.252,0
"MtrElec",11,13,22,"",285.731,0,0,0,0,0,0,0,0,0,0,0,0,0,0,0,0,0,0,0,0,285.731,0,0,0
"MtrElec",11,13,23,"",235.264,0,0,0,0,0,0,0,0,0,0,0,0,0,0,0,0,0,0,0,0,235.264,0,0,0
"MtrElec",11,13,24,"",234.758,0,0,0,0,0,0,0,0,0,0,0,0,0,0,0,0,0,0,0,0,234.758,0,0,0
"MtrElec",11,14,1,"",179.181,0,0,0,0,0,0,0,0,0,0,0,0,0,0,0,0,0,0,0,0,179.181,0,0,0
"MtrElec",11,14,2,"",156.567,0,0,0,0,0,0,0,0,0,0,0,0,0,0,0,0,0,0,0,0,156.567,0,0,0
"MtrElec",11,14,3,"",156.053,0,0,0,0,0,0,0,0,0,0,0,0,0,0,0,0,0,0,0,0,156.053,0,0,0
"MtrElec",11,14,4,"",155.347,0,0,0,0,0,0,0,0,0,0,0,0,0,0,0,0,0,0,0,0,155.347,0,0,0
"MtrElec",11,14,5,"",179.017,0,0,0,0,0,0,0,0,0,0,0,0,0,0,0,0,0,0,0,0,179.017,0,0,0
"MtrElec",11,14,6,"",193.7,0,0,0,0,0,0,0,0,0,0,0,0,0,0,0,0,0,0,0,0,193.7,0,0,0
"MtrElec",11,14,7,"",154.423,0,0,0,0,0,0,0,0,0,0,0,0,0,0,0,0,0,0,0,0,171.086,0,0,-16.6624
"MtrElec",11,14,8,"",41.9487,0,0,0,0,0,0,0,0,0,0,0,0,0,0,0,0,0,0,0,0,243.447,0,0,-201.499
"MtrElec",11,14,9,"",-54.9645,0,0,0,0,0,0,0,0,0,0,0,0,0,0,0,0,0,0,0,0,325.678,0,0,-380.642
"MtrElec",11,14,10,"",-84.8033,0,0,0,0,0,0,0,0,0,0,0,0,0,0,0,0,0,0,0,0,413.493,0,0,-498.297
"MtrElec",11,14,11,"",0,0,0,0,0,0,0,0,0,0,0,0,0,0,0,0,0,0,0,0,0,519.249,0,47.54,-566.789
"MtrElec",11,14,12,"",0,0,0,0,0,0,0,0,0,0,0,0,0,0,0,0,0,0,0,0,0,510.129,0,78.0461,-588.175
"MtrElec",11,14,13,"",0.0000078,0,0,0,0,0,0,0,0,0,0,0,0,0,0,0,0,0,0,0,0,505.01,0,71.2474,-576.258
"MtrElec",11,14,14,"",0,0,0,0,0,0,0,0,0,0,0,0,0,0,0,0,0,0,0,0,0,464.362,0,53.6562,-518.018
"MtrElec",11,14,15,"",44.129,0,0,0,0,0,0,0,0,0,0,0,0,0,0,0,0,0,0,0,0,443.681,0,0,-399.552
"MtrElec",11,14,16,"",194.759,0,0,0,0,0,0,0,0,0,0,0,0,0,0,0,0,0,0,0,0,419.366,0,0,-224.606
"MtrElec",11,14,17,"",334.681,0,0,0,0,0,0,0,0,0,0,0,0,0,0,0,0,0,0,0,0,377.796,0,0,-43.1148
"MtrElec",11,14,18,"",431.363,0,0,0,0,0,0,0,0,0,0,0,0,0,0,0,0,0,0,0,0,431.363,0,0,0
"MtrElec",11,14,19,"",247.055,0,0,0,0,0,0,0,0,0,0,0,0,0,0,0,0,0,0,0,0,470.271,0,-223.217,0
"MtrElec",11,14,20,"",339.21,0,0,0,0,0,0,0,0,0,0,0,0,0,0,0,0,0,0,0,0,342.06,0,-2.85007,0
"MtrElec",11,14,21,"",371.79,0,0,0,0,0,0,0,0,0,0,0,0,0,0,0,0,0,0,0,0,371.79,0,0,0
"MtrElec",11,14,22,"",306.654,0,0,0,0,0,0,0,0,0,0,0,0,0,0,0,0,0,0,0,0,306.654,0,0,0
"MtrElec",11,14,23,"",274.556,0,0,0,0,0,0,0,0,0,0,0,0,0,0,0,0,0,0,0,0,274.556,0,0,0
"MtrElec",11,14,24,"",221.865,0,0,0,0,0,0,0,0,0,0,0,0,0,0,0,0,0,0,0,0,221.865,0,0,0
"MtrElec",11,15,1,"",162.916,0,0,0,0,0,0,0,0,0,0,0,0,0,0,0,0,0,0,0,0,162.916,0,0,0
"MtrElec",11,15,2,"",155.557,0,0,0,0,0,0,0,0,0,0,0,0,0,0,0,0,0,0,0,0,155.557,0,0,0
"MtrElec",11,15,3,"",152.317,0,0,0,0,0,0,0,0,0,0,0,0,0,0,0,0,0,0,0,0,152.317,0,0,0
"MtrElec",11,15,4,"",152.41,0,0,0,0,0,0,0,0,0,0,0,0,0,0,0,0,0,0,0,0,152.41,0,0,0
"MtrElec",11,15,5,"",149.508,0,0,0,0,0,0,0,0,0,0,0,0,0,0,0,0,0,0,0,0,149.508,0,0,0
"MtrElec",11,15,6,"",195.28,0,0,0,0,0,0,0,0,0,0,0,0,0,0,0,0,0,0,0,0,195.28,0,0,0
"MtrElec",11,15,7,"",148.482,0,0,0,0,0,0,0,0,0,0,0,0,0,0,0,0,0,0,0,0,163.362,0,0,-14.8797
"MtrElec",11,15,8,"",64.5678,0,0,0,0,0,0,0,0,0,0,0,0,0,0,0,0,0,0,0,0,261.573,0,0,-197.005
"MtrElec",11,15,9,"",-82.8519,0,0,0,0,0,0,0,0,0,0,0,0,0,0,0,0,0,0,0,0,292.061,0,0,-374.913
"MtrElec",11,15,10,"",-148.438,0,0,0,0,0,0,0,0,0,0,0,0,0,0,0,0,0,0,0,0,350.103,0,0,-498.541
"MtrElec",11,15,11,"",0.0000156,0,0,0,0,0,0,0,0,0,0,0,0,0,0,0,0,0,0,0,0,375.438,0,190.778,-566.216
"MtrElec",11,15,12,"",0.0000156,0,0,0,0,0,0,0,0,0,0,0,0,0,0,0,0,0,0,0,0,439.453,0,159.888,-599.341
"MtrElec",11,15,13,"",0,0,0,0,0,0,0,0,0,0,0,0,0,0,0,0,0,0,0,0,0,423.685,0,155.244,-578.929
"MtrElec",11,15,14,"",0,0,0,0,0,0,0,0,0,0,0,0,0,0,0,0,0,0,0,0,0,395.791,0,117.962,-513.753
"MtrElec",11,15,15,"",33.7315,0,0,0,0,0,0,0,0,0,0,0,0,0,0,0,0,0,0,0,0,437.853,0,0,-404.121
"MtrElec",11,15,16,"",157.283,0,0,0,0,0,0,0,0,0,0,0,0,0,0,0,0,0,0,0,0,389.67,0,0,-232.387
"MtrElec",11,15,17,"",332.246,0,0,0,0,0,0,0,0,0,0,0,0,0,0,0,0,0,0,0,0,376.458,0,0,-44.2124
"MtrElec",11,15,18,"",377.437,0,0,0,0,0,0,0,0,0,0,0,0,0,0,0,0,0,0,0,0,377.437,0,0,0
"MtrElec",11,15,19,"",191.989,0,0,0,0,0,0,0,0,0,0,0,0,0,0,0,0,0,0,0,0,415.206,0,-223.217,0
"MtrElec",11,15,20,"",150.037,0,0,0,0,0,0,0,0,0,0,0,0,0,0,0,0,0,0,0,0,373.254,0,-223.217,0
"MtrElec",11,15,21,"",166.041,0,0,0,0,0,0,0,0,0,0,0,0,0,0,0,0,0,0,0,0,282.652,0,-116.611,0
"MtrElec",11,15,22,"",267.065,0,0,0,0,0,0,0,0,0,0,0,0,0,0,0,0,0,0,0,0,267.065,0,0,0
"MtrElec",11,15,23,"",247.49,0,0,0,0,0,0,0,0,0,0,0,0,0,0,0,0,0,0,0,0,247.49,0,0,0
"MtrElec",11,15,24,"",226.802,0,0,0,0,0,0,0,0,0,0,0,0,0,0,0,0,0,0,0,0,226.802,0,0,0
"MtrElec",11,16,1,"",173.584,0,0,0,0,0,0,0,0,0,0,0,0,0,0,0,0,0,0,0,0,173.584,0,0,0
"MtrElec",11,16,2,"",157.365,0,0,0,0,0,0,0,0,0,0,0,0,0,0,0,0,0,0,0,0,157.365,0,0,0
"MtrElec",11,16,3,"",151.416,0,0,0,0,0,0,0,0,0,0,0,0,0,0,0,0,0,0,0,0,151.416,0,0,0
"MtrElec",11,16,4,"",151.908,0,0,0,0,0,0,0,0,0,0,0,0,0,0,0,0,0,0,0,0,151.908,0,0,0
"MtrElec",11,16,5,"",149.776,0,0,0,0,0,0,0,0,0,0,0,0,0,0,0,0,0,0,0,0,149.776,0,0,0
"MtrElec",11,16,6,"",168.149,0,0,0,0,0,0,0,0,0,0,0,0,0,0,0,0,0,0,0,0,168.149,0,0,0
"MtrElec",11,16,7,"",229.305,0,0,0,0,0,0,0,0,0,0,0,0,0,0,0,0,0,0,0,0,247.085,0,0,-17.7807
"MtrElec",11,16,8,"",93.1988,0,0,0,0,0,0,0,0,0,0,0,0,0,0,0,0,0,0,0,0,303.487,0,0,-210.288
"MtrElec",11,16,9,"",-22.6351,0,0,0,0,0,0,0,0,0,0,0,0,0,0,0,0,0,0,0,0,368.497,0,0,-391.133
"MtrElec",11,16,10,"",-59.2235,0,0,0,0,0,0,0,0,0,0,0,0,0,0,0,0,0,0,0,0,457.96,0,0,-517.184
"MtrElec",11,16,11,"",0,0,0,0,0,0,0,0,0,0,0,0,0,0,0,0,0,0,0,0,0,457.66,0,133.245,-590.905
"MtrElec",11,16,12,"",0,0,0,0,0,0,0,0,0,0,0,0,0,0,0,0,0,0,0,0,0,458.332,0,145.372,-603.705
"MtrElec",11,16,13,"",0,0,0,0,0,0,0,0,0,0,0,0,0,0,0,0,0,0,0,0,0,444.216,0,147.445,-591.661
"MtrElec",11,16,14,"",0,0,0,0,0,0,0,0,0,0,0,0,0,0,0,0,0,0,0,0,0,429.141,0,100.183,-529.325
"MtrElec",11,16,15,"",0,0,0,0,0,0,0,0,0,0,0,0,0,0,0,0,0,0,0,0,0,394.259,0,15.1674,-409.427
"MtrElec",11,16,16,"",203.3,0,0,0,0,0,0,0,0,0,0,0,0,0,0,0,0,0,0,0,0,440.473,0,0,-237.173
"MtrElec",11,16,17,"",383.201,0,0,0,0,0,0,0,0,0,0,0,0,0,0,0,0,0,0,0,0,428.991,0,0,-45.79
"MtrElec",11,16,18,"",454.449,0,0,0,0,0,0,0,0,0,0,0,0,0,0,0,0,0,0,0,0,454.449,0,0,0
"MtrElec",11,16,19,"",204.59,0,0,0,0,0,0,0,0,0,0,0,0,0,0,0,0,0,0,0,0,427.807,0,-223.217,0
"MtrElec",11,16,20,"",197.309,0,0,0,0,0,0,0,0,0,0,0,0,0,0,0,0,0,0,0,0,420.526,0,-223.217,0
"MtrElec",11,16,21,"",379.652,0,0,0,0,0,0,0,0,0,0,0,0,0,0,0,0,0,0,0,0,421.843,0,-42.1909,0
"MtrElec",11,16,22,"",314.417,0,0,0,0,0,0,0,0,0,0,0,0,0,0,0,0,0,0,0,0,314.417,0,0,0
"MtrElec",11,16,23,"",259.316,0,0,0,0,0,0,0,0,0,0,0,0,0,0,0,0,0,0,0,0,259.316,0,0,0
"MtrElec",11,16,24,"",213.727,0,0,0,0,0,0,0,0,0,0,0,0,0,0,0,0,0,0,0,0,213.727,0,0,0
"MtrElec",11,17,1,"",169.165,0,0,0,0,0,0,0,0,0,0,0,0,0,0,0,0,0,0,0,0,169.165,0,0,0
"MtrElec",11,17,2,"",157.216,0,0,0,0,0,0,0,0,0,0,0,0,0,0,0,0,0,0,0,0,157.216,0,0,0
"MtrElec",11,17,3,"",155.275,0,0,0,0,0,0,0,0,0,0,0,0,0,0,0,0,0,0,0,0,155.275,0,0,0
"MtrElec",11,17,4,"",152.327,0,0,0,0,0,0,0,0,0,0,0,0,0,0,0,0,0,0,0,0,152.327,0,0,0
"MtrElec",11,17,5,"",187.557,0,0,0,0,0,0,0,0,0,0,0,0,0,0,0,0,0,0,0,0,187.557,0,0,0
"MtrElec",11,17,6,"",155.967,0,0,0,0,0,0,0,0,0,0,0,0,0,0,0,0,0,0,0,0,155.967,0,0,0
"MtrElec",11,17,7,"",210.249,0,0,0,0,0,0,0,0,0,0,0,0,0,0,0,0,0,0,0,0,226.164,0,0,-15.9151
"MtrElec",11,17,8,"",80.933,0,0,0,0,0,0,0,0,0,0,0,0,0,0,0,0,0,0,0,0,276.841,0,0,-195.908
"MtrElec",11,17,9,"",-39.7359,0,0,0,0,0,0,0,0,0,0,0,0,0,0,0,0,0,0,0,0,338.861,0,0,-378.597
"MtrElec",11,17,10,"",-55.0613,0,0,0,0,0,0,0,0,0,0,0,0,0,0,0,0,0,0,0,0,444.192,0,0,-499.254
"MtrElec",11,17,11,"",0,0,0,0,0,0,0,0,0,0,0,0,0,0,0,0,0,0,0,0,0,430.786,0,129.047,-559.833
"MtrElec",11,17,12,"",0.0000078,0,0,0,0,0,0,0,0,0,0,0,0,0,0,0,0,0,0,0,0,415.015,0,130.564,-545.579
"MtrElec",11,17,13,"",0.0000078,0,0,0,0,0,0,0,0,0,0,0,0,0,0,0,0,0,0,0,0,506.228,0,67.489,-573.718
"MtrElec",11,17,14,"",0.0000078,0,0,0,0,0,0,0,0,0,0,0,0,0,0,0,0,0,0,0,0,431.438,0,82.6634,-514.101
"MtrElec",11,17,15,"",45.749,0,0,0,0,0,0,0,0,0,0,0,0,0,0,0,0,0,0,0,0,447.929,0,0,-402.18
"MtrElec",11,17,16,"",174.443,0,0,0,0,0,0,0,0,0,0,0,0,0,0,0,0,0,0,0,0,406.393,0,0,-231.95
"MtrElec",11,17,17,"",394.532,0,0,0,0,0,0,0,0,0,0,0,0,0,0,0,0,0,0,0,0,438.433,0,0,-43.9011
"MtrElec",11,17,18,"",445.458,0,0,0,0,0,0,0,0,0,0,0,0,0,0,0,0,0,0,0,0,445.458,0,0,0
"MtrElec",11,17,19,"",224.644,0,0,0,0,0,0,0,0,0,0,0,0,0,0,0,0,0,0,0,0,447.86,0,-223.217,0
"MtrElec",11,17,20,"",261.283,0,0,0,0,0,0,0,0,0,0,0,0,0,0,0,0,0,0,0,0,407.877,0,-146.594,0
"MtrElec",11,17,21,"",433.912,0,0,0,0,0,0,0,0,0,0,0,0,0,0,0,0,0,0,0,0,433.912,0,0,0
"MtrElec",11,17,22,"",306.941,0,0,0,0,0,0,0,0,0,0,0,0,0,0,0,0,0,0,0,0,306.941,0,0,0
"MtrElec",11,17,23,"",255.464,0,0,0,0,0,0,0,0,0,0,0,0,0,0,0,0,0,0,0,0,255.464,0,0,0
"MtrElec",11,17,24,"",192.096,0,0,0,0,0,0,0,0,0,0,0,0,0,0,0,0,0,0,0,0,192.096,0,0,0
"MtrElec",11,18,1,"",172.134,0,0,0,0,0,0,0,0,0,0,0,0,0,0,0,0,0,0,0,0,172.134,0,0,0
"MtrElec",11,18,2,"",155.575,0,0,0,0,0,0,0,0,0,0,0,0,0,0,0,0,0,0,0,0,155.575,0,0,0
"MtrElec",11,18,3,"",151.331,0,0,0,0,0,0,0,0,0,0,0,0,0,0,0,0,0,0,0,0,151.331,0,0,0
"MtrElec",11,18,4,"",152.059,0,0,0,0,0,0,0,0,0,0,0,0,0,0,0,0,0,0,0,0,152.059,0,0,0
"MtrElec",11,18,5,"",186.595,0,0,0,0,0,0,0,0,0,0,0,0,0,0,0,0,0,0,0,0,186.595,0,0,0
"MtrElec",11,18,6,"",156.673,0,0,0,0,0,0,0,0,0,0,0,0,0,0,0,0,0,0,0,0,156.673,0,0,0
"MtrElec",11,18,7,"",254.777,0,0,0,0,0,0,0,0,0,0,0,0,0,0,0,0,0,0,0,0,256.905,0,0,-2.1277
"MtrElec",11,18,8,"",220.276,0,0,0,0,0,0,0,0,0,0,0,0,0,0,0,0,0,0,0,0,320.287,0,0,-100.012
"MtrElec",11,18,9,"",98.8793,0,0,0,0,0,0,0,0,0,0,0,0,0,0,0,0,0,0,0,0,386.705,0,0,-287.825
"MtrElec",11,18,10,"",-48.5201,0,0,0,0,0,0,0,0,0,0,0,0,0,0,0,0,0,0,0,0,459.004,0,0,-507.525
"MtrElec",11,18,11,"",0,0,0,0,0,0,0,0,0,0,0,0,0,0,0,0,0,0,0,0,0,418.144,0,156.46,-574.605
"MtrElec",11,18,12,"",0.0000078,0,0,0,0,0,0,0,0,0,0,0,0,0,0,0,0,0,0,0,0,473.639,0,124.667,-598.306
"MtrElec",11,18,13,"",0.0000078,0,0,0,0,0,0,0,0,0,0,0,0,0,0,0,0,0,0,0,0,500.363,0,75.7761,-576.139
"MtrElec",11,18,14,"",0,0,0,0,0,0,0,0,0,0,0,0,0,0,0,0,0,0,0,0,0,449.628,0,67.4208,-517.049
"MtrElec",11,18,15,"",61.8977,0,0,0,0,0,0,0,0,0,0,0,0,0,0,0,0,0,0,0,0,465.928,0,0,-404.03
"MtrElec",11,18,16,"",212.574,0,0,0,0,0,0,0,0,0,0,0,0,0,0,0,0,0,0,0,0,444.65,0,0,-232.076
"MtrElec",11,18,17,"",382.304,0,0,0,0,0,0,0,0,0,0,0,0,0,0,0,0,0,0,0,0,426.183,0,0,-43.8795
"MtrElec",11,18,18,"",470.865,0,0,0,0,0,0,0,0,0,0,0,0,0,0,0,0,0,0,0,0,470.865,0,0,0
"MtrElec",11,18,19,"",223.118,0,0,0,0,0,0,0,0,0,0,0,0,0,0,0,0,0,0,0,0,446.335,0,-223.217,0
"MtrElec",11,18,20,"",268.484,0,0,0,0,0,0,0,0,0,0,0,0,0,0,0,0,0,0,0,0,428.22,0,-159.736,0
"MtrElec",11,18,21,"",423.979,0,0,0,0,0,0,0,0,0,0,0,0,0,0,0,0,0,0,0,0,423.979,0,0,0
"MtrElec",11,18,22,"",322.375,0,0,0,0,0,0,0,0,0,0,0,0,0,0,0,0,0,0,0,0,322.375,0,0,0
"MtrElec",11,18,23,"",243.189,0,0,0,0,0,0,0,0,0,0,0,0,0,0,0,0,0,0,0,0,243.189,0,0,0
"MtrElec",11,18,24,"",250.581,0,0,0,0,0,0,0,0,0,0,0,0,0,0,0,0,0,0,0,0,250.581,0,0,0
"MtrElec",11,19,1,"",169.455,0,0,0,0,0,0,0,0,0,0,0,0,0,0,0,0,0,0,0,0,169.455,0,0,0
"MtrElec",11,19,2,"",156.07,0,0,0,0,0,0,0,0,0,0,0,0,0,0,0,0,0,0,0,0,156.07,0,0,0
"MtrElec",11,19,3,"",150.032,0,0,0,0,0,0,0,0,0,0,0,0,0,0,0,0,0,0,0,0,150.032,0,0,0
"MtrElec",11,19,4,"",150.955,0,0,0,0,0,0,0,0,0,0,0,0,0,0,0,0,0,0,0,0,150.955,0,0,0
"MtrElec",11,19,5,"",149.451,0,0,0,0,0,0,0,0,0,0,0,0,0,0,0,0,0,0,0,0,149.451,0,0,0
"MtrElec",11,19,6,"",167.256,0,0,0,0,0,0,0,0,0,0,0,0,0,0,0,0,0,0,0,0,167.256,0,0,0
"MtrElec",11,19,7,"",245.934,0,0,0,0,0,0,0,0,0,0,0,0,0,0,0,0,0,0,0,0,262.133,0,0,-16.1994
"MtrElec",11,19,8,"",109.603,0,0,0,0,0,0,0,0,0,0,0,0,0,0,0,0,0,0,0,0,312.879,0,0,-203.276
"MtrElec",11,19,9,"",-57.7177,0,0,0,0,0,0,0,0,0,0,0,0,0,0,0,0,0,0,0,0,342.057,0,0,-399.774
"MtrElec",11,19,10,"",-102.189,0,0,0,0,0,0,0,0,0,0,0,0,0,0,0,0,0,0,0,0,420.751,0,0,-522.94
"MtrElec",11,19,11,"",0,0,0,0,0,0,0,0,0,0,0,0,0,0,0,0,0,0,0,0,0,488.748,0,98.0863,-586.834
"MtrElec",11,19,12,"",0,0,0,0,0,0,0,0,0,0,0,0,0,0,0,0,0,0,0,0,0,448.324,0,161.002,-609.326
"MtrElec",11,19,13,"",0.0000078,0,0,0,0,0,0,0,0,0,0,0,0,0,0,0,0,0,0,0,0,520.723,0,78.2906,-599.014
"MtrElec",11,19,14,"",0,0,0,0,0,0,0,0,0,0,0,0,0,0,0,0,0,0,0,0,0,441.115,0,91.0209,-532.136
"MtrElec",11,19,15,"",14.1583,0,0,0,0,0,0,0,0,0,0,0,0,0,0,0,0,0,0,0,0,424.794,0,0,-410.636
"MtrElec",11,19,16,"",214.976,0,0,0,0,0,0,0,0,0,0,0,0,0,0,0,0,0,0,0,0,452.562,0,0,-237.586
"MtrElec",11,19,17,"",377.403,0,0,0,0,0,0,0,0,0,0,0,0,0,0,0,0,0,0,0,0,422.71,0,0,-45.3069
"MtrElec",11,19,18,"",455.63,0,0,0,0,0,0,0,0,0,0,0,0,0,0,0,0,0,0,0,0,455.63,0,0,0
"MtrElec",11,19,19,"",173.356,0,0,0,0,0,0,0,0,0,0,0,0,0,0,0,0,0,0,0,0,396.573,0,-223.217,0
"MtrElec",11,19,20,"",263.998,0,0,0,0,0,0,0,0,0,0,0,0,0,0,0,0,0,0,0,0,427.411,0,-163.414,0
"MtrElec",11,19,21,"",439.671,0,0,0,0,0,0,0,0,0,0,0,0,0,0,0,0,0,0,0,0,439.671,0,0,0
"MtrElec",11,19,22,"",276.469,0,0,0,0,0,0,0,0,0,0,0,0,0,0,0,0,0,0,0,0,276.469,0,0,0
"MtrElec",11,19,23,"",296.488,0,0,0,0,0,0,0,0,0,0,0,0,0,0,0,0,0,0,0,0,296.488,0,0,0
"MtrElec",11,19,24,"",207.639,0,0,0,0,0,0,0,0,0,0,0,0,0,0,0,0,0,0,0,0,207.639,0,0,0
"MtrElec",11,20,1,"",167.097,0,0,0,0,0,0,0,0,0,0,0,0,0,0,0,0,0,0,0,0,167.097,0,0,0
"MtrElec",11,20,2,"",155.843,0,0,0,0,0,0,0,0,0,0,0,0,0,0,0,0,0,0,0,0,155.843,0,0,0
"MtrElec",11,20,3,"",151.712,0,0,0,0,0,0,0,0,0,0,0,0,0,0,0,0,0,0,0,0,151.712,0,0,0
"MtrElec",11,20,4,"",153.466,0,0,0,0,0,0,0,0,0,0,0,0,0,0,0,0,0,0,0,0,153.466,0,0,0
"MtrElec",11,20,5,"",188.995,0,0,0,0,0,0,0,0,0,0,0,0,0,0,0,0,0,0,0,0,188.995,0,0,0
"MtrElec",11,20,6,"",155.988,0,0,0,0,0,0,0,0,0,0,0,0,0,0,0,0,0,0,0,0,155.988,0,0,0
"MtrElec",11,20,7,"",256.567,0,0,0,0,0,0,0,0,0,0,0,0,0,0,0,0,0,0,0,0,269.73,0,0,-13.1624
"MtrElec",11,20,8,"",126.669,0,0,0,0,0,0,0,0,0,0,0,0,0,0,0,0,0,0,0,0,314.168,0,0,-187.499
"MtrElec",11,20,9,"",-12.5298,0,0,0,0,0,0,0,0,0,0,0,0,0,0,0,0,0,0,0,0,357.678,0,0,-370.207
"MtrElec",11,20,10,"",-47.0826,0,0,0,0,0,0,0,0,0,0,0,0,0,0,0,0,0,0,0,0,442.186,0,0,-489.269
"MtrElec",11,20,11,"",0,0,0,0,0,0,0,0,0,0,0,0,0,0,0,0,0,0,0,0,0,457.309,0,97.0328,-554.341
"MtrElec",11,20,12,"",0.0000078,0,0,0,0,0,0,0,0,0,0,0,0,0,0,0,0,0,0,0,0,458.005,0,121.807,-579.811
"MtrElec",11,20,13,"",0,0,0,0,0,0,0,0,0,0,0,0,0,0,0,0,0,0,0,0,0,489.843,0,68.761,-558.604
"MtrElec",11,20,14,"",0,0,0,0,0,0,0,0,0,0,0,0,0,0,0,0,0,0,0,0,0,478.795,0,14.319,-493.114
"MtrElec",11,20,15,"",61.0093,0,0,0,0,0,0,0,0,0,0,0,0,0,0,0,0,0,0,0,0,444.025,0,0,-383.016
"MtrElec",11,20,16,"",265.346,0,0,0,0,0,0,0,0,0,0,0,0,0,0,0,0,0,0,0,0,485.377,0,0,-220.031
"MtrElec",11,20,17,"",412.176,0,0,0,0,0,0,0,0,0,0,0,0,0,0,0,0,0,0,0,0,443.739,0,0,-31.5623
"MtrElec",11,20,18,"",489.396,0,0,0,0,0,0,0,0,0,0,0,0,0,0,0,0,0,0,0,0,489.396,0,0,0
"MtrElec",11,20,19,"",218.208,0,0,0,0,0,0,0,0,0,0,0,0,0,0,0,0,0,0,0,0,441.425,0,-223.217,0
"MtrElec",11,20,20,"",349.464,0,0,0,0,0,0,0,0,0,0,0,0,0,0,0,0,0,0,0,0,398.729,0,-49.2655,0
"MtrElec",11,20,21,"",460.806,0,0,0,0,0,0,0,0,0,0,0,0,0,0,0,0,0,0,0,0,460.806,0,0,0
"MtrElec",11,20,22,"",299.055,0,0,0,0,0,0,0,0,0,0,0,0,0,0,0,0,0,0,0,0,299.055,0,0,0
"MtrElec",11,20,23,"",286.805,0,0,0,0,0,0,0,0,0,0,0,0,0,0,0,0,0,0,0,0,286.805,0,0,0
"MtrElec",11,20,24,"",205.467,0,0,0,0,0,0,0,0,0,0,0,0,0,0,0,0,0,0,0,0,205.467,0,0,0
"MtrElec",11,21,1,"",167.297,0,0,0,0,0,0,0,0,0,0,0,0,0,0,0,0,0,0,0,0,167.297,0,0,0
"MtrElec",11,21,2,"",174.32,0,0,0,0,0,0,0,0,0,0,0,0,0,0,0,0,0,0,0,0,174.32,0,0,0
"MtrElec",11,21,3,"",174.293,0,0,0,0,0,0,0,0,0,0,0,0,0,0,0,0,0,0,0,0,174.293,0,0,0
"MtrElec",11,21,4,"",153.374,0,0,0,0,0,0,0,0,0,0,0,0,0,0,0,0,0,0,0,0,153.374,0,0,0
"MtrElec",11,21,5,"",166.679,0,0,0,0,0,0,0,0,0,0,0,0,0,0,0,0,0,0,0,0,166.679,0,0,0
"MtrElec",11,21,6,"",156.762,0,0,0,0,0,0,0,0,0,0,0,0,0,0,0,0,0,0,0,0,156.762,0,0,0
"MtrElec",11,21,7,"",182.348,0,0,0,0,0,0,0,0,0,0,0,0,0,0,0,0,0,0,0,0,194.12,0,0,-11.772
"MtrElec",11,21,8,"",50.6829,0,0,0,0,0,0,0,0,0,0,0,0,0,0,0,0,0,0,0,0,230.693,0,0,-180.01
"MtrElec",11,21,9,"",-62.0139,0,0,0,0,0,0,0,0,0,0,0,0,0,0,0,0,0,0,0,0,303.703,0,0,-365.717
"MtrElec",11,21,10,"",-93.1981,0,0,0,0,0,0,0,0,0,0,0,0,0,0,0,0,0,0,0,0,398.93,0,0,-492.128
"MtrElec",11,21,11,"",0.0000039,0,0,0,0,0,0,0,0,0,0,0,0,0,0,0,0,0,0,0,0,503.424,0,58.2579,-561.682
"MtrElec",11,21,12,"",0.0000020,0,0,0,0,0,0,0,0,0,0,0,0,0,0,0,0,0,0,0,0,560.775,0,25.5256,-586.301
"MtrElec",11,21,13,"",0,0,0,0,0,0,0,0,0,0,0,0,0,0,0,0,0,0,0,0,0,525.224,0,30.8314,-556.055
"MtrElec",11,21,14,"",17.9425,0,0,0,0,0,0,0,0,0,0,0,0,0,0,0,0,0,0,0,0,506.457,0,0,-488.515
"MtrElec",11,21,15,"",117.393,0,0,0,0,0,0,0,0,0,0,0,0,0,0,0,0,0,0,0,0,493.296,0,0,-375.903
"MtrElec",11,21,16,"",347.239,0,0,0,0,0,0,0,0,0,0,0,0,0,0,0,0,0,0,0,0,476.447,0,0,-129.208
"MtrElec",11,21,17,"",450.426,0,0,0,0,0,0,0,0,0,0,0,0,0,0,0,0,0,0,0,0,480.985,0,0,-30.5596
"MtrElec",11,21,18,"",481.702,0,0,0,0,0,0,0,0,0,0,0,0,0,0,0,0,0,0,0,0,481.702,0,0,0
"MtrElec",11,21,19,"",387.884,0,0,0,0,0,0,0,0,0,0,0,0,0,0,0,0,0,0,0,0,491.324,0,-103.44,0
"MtrElec",11,21,20,"",398.033,0,0,0,0,0,0,0,0,0,0,0,0,0,0,0,0,0,0,0,0,398.033,0,0,0
"MtrElec",11,21,21,"",322.274,0,0,0,0,0,0,0,0,0,0,0,0,0,0,0,0,0,0,0,0,322.274,0,0,0
"MtrElec",11,21,22,"",318.801,0,0,0,0,0,0,0,0,0,0,0,0,0,0,0,0,0,0,0,0,318.801,0,0,0
"MtrElec",11,21,23,"",226.011,0,0,0,0,0,0,0,0,0,0,0,0,0,0,0,0,0,0,0,0,226.011,0,0,0
"MtrElec",11,21,24,"",222.192,0,0,0,0,0,0,0,0,0,0,0,0,0,0,0,0,0,0,0,0,222.192,0,0,0
"MtrElec",11,22,1,"",165.546,0,0,0,0,0,0,0,0,0,0,0,0,0,0,0,0,0,0,0,0,165.546,0,0,0
"MtrElec",11,22,2,"",155.469,0,0,0,0,0,0,0,0,0,0,0,0,0,0,0,0,0,0,0,0,155.469,0,0,0
"MtrElec",11,22,3,"",155.272,0,0,0,0,0,0,0,0,0,0,0,0,0,0,0,0,0,0,0,0,155.272,0,0,0
"MtrElec",11,22,4,"",198.842,0,0,0,0,0,0,0,0,0,0,0,0,0,0,0,0,0,0,0,0,198.842,0,0,0
"MtrElec",11,22,5,"",185.385,0,0,0,0,0,0,0,0,0,0,0,0,0,0,0,0,0,0,0,0,185.385,0,0,0
"MtrElec",11,22,6,"",153.458,0,0,0,0,0,0,0,0,0,0,0,0,0,0,0,0,0,0,0,0,153.458,0,0,0
"MtrElec",11,22,7,"",156.028,0,0,0,0,0,0,0,0,0,0,0,0,0,0,0,0,0,0,0,0,166.828,0,0,-10.8006
"MtrElec",11,22,8,"",62.2724,0,0,0,0,0,0,0,0,0,0,0,0,0,0,0,0,0,0,0,0,233.923,0,0,-171.651
"MtrElec",11,22,9,"",-39.2365,0,0,0,0,0,0,0,0,0,0,0,0,0,0,0,0,0,0,0,0,289.713,0,0,-328.949
"MtrElec",11,22,10,"",-118.748,0,0,0,0,0,0,0,0,0,0,0,0,0,0,0,0,0,0,0,0,358.227,0,0,-476.975
"MtrElec",11,22,11,"",0,0,0,0,0,0,0,0,0,0,0,0,0,0,0,0,0,0,0,0,0,420.017,0,72.0512,-492.069
"MtrElec",11,22,12,"",0.0000156,0,0,0,0,0,0,0,0,0,0,0,0,0,0,0,0,0,0,0,0,393.669,0,134.813,-528.482
"MtrElec",11,22,13,"",0.0000078,0,0,0,0,0,0,0,0,0,0,0,0,0,0,0,0,0,0,0,0,454.657,0,104.948,-559.605
"MtrElec",11,22,14,"",0,0,0,0,0,0,0,0,0,0,0,0,0,0,0,0,0,0,0,0,0,430.656,0,73.5547,-504.211
"MtrElec",11,22,15,"",24.9073,0,0,0,0,0,0,0,0,0,0,0,0,0,0,0,0,0,0,0,0,412.361,0,0,-387.453
"MtrElec",11,22,16,"",209.008,0,0,0,0,0,0,0,0,0,0,0,0,0,0,0,0,0,0,0,0,425.944,0,0,-216.936
"MtrElec",11,22,17,"",331.465,0,0,0,0,0,0,0,0,0,0,0,0,0,0,0,0,0,0,0,0,370.545,0,0,-39.0799
"MtrElec",11,22,18,"",377.461,0,0,0,0,0,0,0,0,0,0,0,0,0,0,0,0,0,0,0,0,377.461,0,0,0
"MtrElec",11,22,19,"",177.14,0,0,0,0,0,0,0,0,0,0,0,0,0,0,0,0,0,0,0,0,400.357,0,-223.217,0
"MtrElec",11,22,20,"",228.911,0,0,0,0,0,0,0,0,0,0,0,0,0,0,0,0,0,0,0,0,353.487,0,-124.577,0
"MtrElec",11,22,21,"",382.709,0,0,0,0,0,0,0,0,0,0,0,0,0,0,0,0,0,0,0,0,382.709,0,0,0
"MtrElec",11,22,22,"",312.348,0,0,0,0,0,0,0,0,0,0,0,0,0,0,0,0,0,0,0,0,312.348,0,0,0
"MtrElec",11,22,23,"",257.697,0,0,0,0,0,0,0,0,0,0,0,0,0,0,0,0,0,0,0,0,257.697,0,0,0
"MtrElec",11,22,24,"",210.541,0,0,0,0,0,0,0,0,0,0,0,0,0,0,0,0,0,0,0,0,210.541,0,0,0
"MtrElec",11,23,1,"",169.533,0,0,0,0,0,0,0,0,0,0,0,0,0,0,0,0,0,0,0,0,169.533,0,0,0
"MtrElec",11,23,2,"",159.425,0,0,0,0,0,0,0,0,0,0,0,0,0,0,0,0,0,0,0,0,159.425,0,0,0
"MtrElec",11,23,3,"",151.237,0,0,0,0,0,0,0,0,0,0,0,0,0,0,0,0,0,0,0,0,151.237,0,0,0
"MtrElec",11,23,4,"",152.028,0,0,0,0,0,0,0,0,0,0,0,0,0,0,0,0,0,0,0,0,152.028,0,0,0
"MtrElec",11,23,5,"",184.304,0,0,0,0,0,0,0,0,0,0,0,0,0,0,0,0,0,0,0,0,184.304,0,0,0
"MtrElec",11,23,6,"",157.036,0,0,0,0,0,0,0,0,0,0,0,0,0,0,0,0,0,0,0,0,157.036,0,0,0
"MtrElec",11,23,7,"",251.863,0,0,0,0,0,0,0,0,0,0,0,0,0,0,0,0,0,0,0,0,251.863,0,0,0
"MtrElec",11,23,8,"",271.715,0,0,0,0,0,0,0,0,0,0,0,0,0,0,0,0,0,0,0,0,318.866,0,0,-47.1504
"MtrElec",11,23,9,"",128.884,0,0,0,0,0,0,0,0,0,0,0,0,0,0,0,0,0,0,0,0,347.455,0,0,-218.571
"MtrElec",11,23,10,"",230.821,0,0,0,0,0,0,0,0,0,0,0,0,0,0,0,0,0,0,0,0,436.426,0,0,-205.605
"MtrElec",11,23,11,"",230.699,0,0,0,0,0,0,0,0,0,0,0,0,0,0,0,0,0,0,0,0,404.758,0,0,-174.06
"MtrElec",11,23,12,"",207.149,0,0,0,0,0,0,0,0,0,0,0,0,0,0,0,0,0,0,0,0,427.8,0,0,-220.652
"MtrElec",11,23,13,"",51.661,0,0,0,0,0,0,0,0,0,0,0,0,0,0,0,0,0,0,0,0,425.886,0,0,-374.225
"MtrElec",11,23,14,"",61.6777,0,0,0,0,0,0,0,0,0,0,0,0,0,0,0,0,0,0,0,0,399.343,0,0,-337.665
"MtrElec",11,23,15,"",70.3184,0,0,0,0,0,0,0,0,0,0,0,0,0,0,0,0,0,0,0,0,370.408,0,0,-300.09
"MtrElec",11,23,16,"",310.371,0,0,0,0,0,0,0,0,0,0,0,0,0,0,0,0,0,0,0,0,383.702,0,0,-73.3307
"MtrElec",11,23,17,"",392.378,0,0,0,0,0,0,0,0,0,0,0,0,0,0,0,0,0,0,0,0,393.423,0,0,-1.04506
"MtrElec",11,23,18,"",421.44,0,0,0,0,0,0,0,0,0,0,0,0,0,0,0,0,0,0,0,0,421.44,0,0,0
"MtrElec",11,23,19,"",393.901,0,0,0,0,0,0,0,0,0,0,0,0,0,0,0,0,0,0,0,0,393.901,0,0,0
"MtrElec",11,23,20,"",429.807,0,0,0,0,0,0,0,0,0,0,0,0,0,0,0,0,0,0,0,0,429.807,0,0,0
"MtrElec",11,23,21,"",369.709,0,0,0,0,0,0,0,0,0,0,0,0,0,0,0,0,0,0,0,0,369.709,0,0,0
"MtrElec",11,23,22,"",303.44,0,0,0,0,0,0,0,0,0,0,0,0,0,0,0,0,0,0,0,0,303.44,0,0,0
"MtrElec",11,23,23,"",258.807,0,0,0,0,0,0,0,0,0,0,0,0,0,0,0,0,0,0,0,0,258.807,0,0,0
"MtrElec",11,23,24,"",207.508,0,0,0,0,0,0,0,0,0,0,0,0,0,0,0,0,0,0,0,0,207.508,0,0,0
"MtrElec",11,24,1,"",165.196,0,0,0,0,0,0,0,0,0,0,0,0,0,0,0,0,0,0,0,0,165.196,0,0,0
"MtrElec",11,24,2,"",160.676,0,0,0,0,0,0,0,0,0,0,0,0,0,0,0,0,0,0,0,0,160.676,0,0,0
"MtrElec",11,24,3,"",153.616,0,0,0,0,0,0,0,0,0,0,0,0,0,0,0,0,0,0,0,0,153.616,0,0,0
"MtrElec",11,24,4,"",151.054,0,0,0,0,0,0,0,0,0,0,0,0,0,0,0,0,0,0,0,0,151.054,0,0,0
"MtrElec",11,24,5,"",150.659,0,0,0,0,0,0,0,0,0,0,0,0,0,0,0,0,0,0,0,0,150.659,0,0,0
"MtrElec",11,24,6,"",197.414,0,0,0,0,0,0,0,0,0,0,0,0,0,0,0,0,0,0,0,0,197.414,0,0,0
"MtrElec",11,24,7,"",229.8,0,0,0,0,0,0,0,0,0,0,0,0,0,0,0,0,0,0,0,0,238.081,0,0,-8.28126
"MtrElec",11,24,8,"",128.845,0,0,0,0,0,0,0,0,0,0,0,0,0,0,0,0,0,0,0,0,285.573,0,0,-156.728
"MtrElec",11,24,9,"",3.92159,0,0,0,0,0,0,0,0,0,0,0,0,0,0,0,0,0,0,0,0,344.671,0,0,-340.749
"MtrElec",11,24,10,"",-80.1099,0,0,0,0,0,0,0,0,0,0,0,0,0,0,0,0,0,0,0,0,390.816,0,0,-470.926
"MtrElec",11,24,11,"",0,0,0,0,0,0,0,0,0,0,0,0,0,0,0,0,0,0,0,0,0,407.87,0,145.382,-553.252
"MtrElec",11,24,12,"",0,0,0,0,0,0,0,0,0,0,0,0,0,0,0,0,0,0,0,0,0,431.956,0,154.994,-586.95
"MtrElec",11,24,13,"",0,0,0,0,0,0,0,0,0,0,0,0,0,0,0,0,0,0,0,0,0,398.671,0,176.148,-574.819
"MtrElec",11,24,14,"",0.0000078,0,0,0,0,0,0,0,0,0,0,0,0,0,0,0,0,0,0,0,0,425.634,0,76.4272,-502.061
"MtrElec",11,24,15,"",10.3254,0,0,0,0,0,0,0,0,0,0,0,0,0,0,0,0,0,0,0,0,394.392,0,0,-384.067
"MtrElec",11,24,16,"",196.903,0,0,0,0,0,0,0,0,0,0,0,0,0,0,0,0,0,0,0,0,412.722,0,0,-215.819
"MtrElec",11,24,17,"",388.031,0,0,0,0,0,0,0,0,0,0,0,0,0,0,0,0,0,0,0,0,426.183,0,0,-38.1522
"MtrElec",11,24,18,"",420.396,0,0,0,0,0,0,0,0,0,0,0,0,0,0,0,0,0,0,0,0,420.396,0,0,0
"MtrElec",11,24,19,"",200.356,0,0,0,0,0,0,0,0,0,0,0,0,0,0,0,0,0,0,0,0,423.573,0,-223.217,0
"MtrElec",11,24,20,"",154.876,0,0,0,0,0,0,0,0,0,0,0,0,0,0,0,0,0,0,0,0,378.092,0,-223.217,0
"MtrElec",11,24,21,"",338.853,0,0,0,0,0,0,0,0,0,0,0,0,0,0,0,0,0,0,0,0,391.458,0,-52.6049,0
"MtrElec",11,24,22,"",289.584,0,0,0,0,0,0,0,0,0,0,0,0,0,0,0,0,0,0,0,0,289.584,0,0,0
"MtrElec",11,24,23,"",260.768,0,0,0,0,0,0,0,0,0,0,0,0,0,0,0,0,0,0,0,0,260.768,0,0,0
"MtrElec",11,24,24,"",201.541,0,0,0,0,0,0,0,0,0,0,0,0,0,0,0,0,0,0,0,0,201.541,0,0,0
"MtrElec",11,25,1,"",164.603,0,0,0,0,0,0,0,0,0,0,0,0,0,0,0,0,0,0,0,0,164.603,0,0,0
"MtrElec",11,25,2,"",156.465,0,0,0,0,0,0,0,0,0,0,0,0,0,0,0,0,0,0,0,0,156.465,0,0,0
"MtrElec",11,25,3,"",189.492,0,0,0,0,0,0,0,0,0,0,0,0,0,0,0,0,0,0,0,0,189.492,0,0,0
"MtrElec",11,25,4,"",152.648,0,0,0,0,0,0,0,0,0,0,0,0,0,0,0,0,0,0,0,0,152.648,0,0,0
"MtrElec",11,25,5,"",148.05,0,0,0,0,0,0,0,0,0,0,0,0,0,0,0,0,0,0,0,0,148.05,0,0,0
"MtrElec",11,25,6,"",158.057,0,0,0,0,0,0,0,0,0,0,0,0,0,0,0,0,0,0,0,0,158.057,0,0,0
"MtrElec",11,25,7,"",239.366,0,0,0,0,0,0,0,0,0,0,0,0,0,0,0,0,0,0,0,0,239.366,0,0,0
"MtrElec",11,25,8,"",282.376,0,0,0,0,0,0,0,0,0,0,0,0,0,0,0,0,0,0,0,0,294.145,0,0,-11.7689
"MtrElec",11,25,9,"",318.429,0,0,0,0,0,0,0,0,0,0,0,0,0,0,0,0,0,0,0,0,387.356,0,0,-68.9273
"MtrElec",11,25,10,"",88.3288,0,0,0,0,0,0,0,0,0,0,0,0,0,0,0,0,0,0,0,0,418.977,0,0,-330.648
"MtrElec",11,25,11,"",0,0,0,0,0,0,0,0,0,0,0,0,0,0,0,0,0,0,0,0,0,482.374,0,58.8889,-541.263
"MtrElec",11,25,12,"",0,0,0,0,0,0,0,0,0,0,0,0,0,0,0,0,0,0,0,0,0,394.109,0,174.842,-568.951
"MtrElec",11,25,13,"",0,0,0,0,0,0,0,0,0,0,0,0,0,0,0,0,0,0,0,0,0,464.536,0,98.6245,-563.16
"MtrElec",11,25,14,"",0,0,0,0,0,0,0,0,0,0,0,0,0,0,0,0,0,0,0,0,0,357.807,0,75.7278,-433.535
"MtrElec",11,25,15,"",22.7998,0,0,0,0,0,0,0,0,0,0,0,0,0,0,0,0,0,0,0,0,383.228,0,0,-360.428
"MtrElec",11,25,16,"",177.047,0,0,0,0,0,0,0,0,0,0,0,0,0,0,0,0,0,0,0,0,387.268,0,0,-210.221
"MtrElec",11,25,17,"",380.264,0,0,0,0,0,0,0,0,0,0,0,0,0,0,0,0,0,0,0,0,417.939,0,0,-37.6753
"MtrElec",11,25,18,"",433.953,0,0,0,0,0,0,0,0,0,0,0,0,0,0,0,0,0,0,0,0,433.953,0,0,0
"MtrElec",11,25,19,"",157.407,0,0,0,0,0,0,0,0,0,0,0,0,0,0,0,0,0,0,0,0,380.624,0,-223.217,0
"MtrElec",11,25,20,"",278.931,0,0,0,0,0,0,0,0,0,0,0,0,0,0,0,0,0,0,0,0,424.01,0,-145.078,0
"MtrElec",11,25,21,"",437.102,0,0,0,0,0,0,0,0,0,0,0,0,0,0,0,0,0,0,0,0,437.102,0,0,0
"MtrElec",11,25,22,"",312.682,0,0,0,0,0,0,0,0,0,0,0,0,0,0,0,0,0,0,0,0,312.682,0,0,0
"MtrElec",11,25,23,"",250.826,0,0,0,0,0,0,0,0,0,0,0,0,0,0,0,0,0,0,0,0,250.826,0,0,0
"MtrElec",11,25,24,"",237.666,0,0,0,0,0,0,0,0,0,0,0,0,0,0,0,0,0,0,0,0,237.666,0,0,0
"MtrElec",11,26,1,"",184.062,0,0,0,0,0,0,0,0,0,0,0,0,0,0,0,0,0,0,0,0,184.062,0,0,0
"MtrElec",11,26,2,"",158.847,0,0,0,0,0,0,0,0,0,0,0,0,0,0,0,0,0,0,0,0,158.847,0,0,0
"MtrElec",11,26,3,"",151.379,0,0,0,0,0,0,0,0,0,0,0,0,0,0,0,0,0,0,0,0,151.379,0,0,0
"MtrElec",11,26,4,"",152.662,0,0,0,0,0,0,0,0,0,0,0,0,0,0,0,0,0,0,0,0,152.662,0,0,0
"MtrElec",11,26,5,"",148.732,0,0,0,0,0,0,0,0,0,0,0,0,0,0,0,0,0,0,0,0,148.732,0,0,0
"MtrElec",11,26,6,"",201.638,0,0,0,0,0,0,0,0,0,0,0,0,0,0,0,0,0,0,0,0,201.638,0,0,0
"MtrElec",11,26,7,"",221.548,0,0,0,0,0,0,0,0,0,0,0,0,0,0,0,0,0,0,0,0,221.577,0,0,-0.0295566
"MtrElec",11,26,8,"",149.152,0,0,0,0,0,0,0,0,0,0,0,0,0,0,0,0,0,0,0,0,261.954,0,0,-112.802
"MtrElec",11,26,9,"",-46,0,0,0,0,0,0,0,0,0,0,0,0,0,0,0,0,0,0,0,0,324.555,0,0,-370.555
"MtrElec",11,26,10,"",-54.8364,0,0,0,0,0,0,0,0,0,0,0,0,0,0,0,0,0,0,0,0,454.828,0,0,-509.664
"MtrElec",11,26,11,"",0,0,0,0,0,0,0,0,0,0,0,0,0,0,0,0,0,0,0,0,0,458.254,0,134.664,-592.918
"MtrElec",11,26,12,"",0,0,0,0,0,0,0,0,0,0,0,0,0,0,0,0,0,0,0,0,0,447.178,0,183.234,-630.412
"MtrElec",11,26,13,"",0.0000156,0,0,0,0,0,0,0,0,0,0,0,0,0,0,0,0,0,0,0,0,419.84,0,195.383,-615.223
"MtrElec",11,26,14,"",0,0,0,0,0,0,0,0,0,0,0,0,0,0,0,0,0,0,0,0,0,343.654,0,194.247,-537.901
"MtrElec",11,26,15,"",0,0,0,0,0,0,0,0,0,0,0,0,0,0,0,0,0,0,0,0,0,352.658,0,63.1155,-415.774
"MtrElec",11,26,16,"",86.453,0,0,0,0,0,0,0,0,0,0,0,0,0,0,0,0,0,0,0,0,329.116,0,0,-242.663
"MtrElec",11,26,17,"",330.48,0,0,0,0,0,0,0,0,0,0,0,0,0,0,0,0,0,0,0,0,376.424,0,0,-45.9435
"MtrElec",11,26,18,"",423.743,0,0,0,0,0,0,0,0,0,0,0,0,0,0,0,0,0,0,0,0,423.743,0,0,0
"MtrElec",11,26,19,"",219.727,0,0,0,0,0,0,0,0,0,0,0,0,0,0,0,0,0,0,0,0,442.944,0,-223.217,0
"MtrElec",11,26,20,"",37.7672,0,0,0,0,0,0,0,0,0,0,0,0,0,0,0,0,0,0,0,0,260.984,0,-223.217,0
"MtrElec",11,26,21,"",91.1262,0,0,0,0,0,0,0,0,0,0,0,0,0,0,0,0,0,0,0,0,314.343,0,-223.217,0
"MtrElec",11,26,22,"",260,0,0,0,0,0,0,0,0,0,0,0,0,0,0,0,0,0,0,0,0,285.855,0,-25.8554,0
"MtrElec",11,26,23,"",230.344,0,0,0,0,0,0,0,0,0,0,0,0,0,0,0,0,0,0,0,0,230.344,0,0,0
"MtrElec",11,26,24,"",237.927,0,0,0,0,0,0,0,0,0,0,0,0,0,0,0,0,0,0,0,0,237.927,0,0,0
"MtrElec",11,27,1,"",158.146,0,0,0,0,0,0,0,0,0,0,0,0,0,0,0,0,0,0,0,0,158.146,0,0,0
"MtrElec",11,27,2,"",155.775,0,0,0,0,0,0,0,0,0,0,0,0,0,0,0,0,0,0,0,0,155.775,0,0,0
"MtrElec",11,27,3,"",153.127,0,0,0,0,0,0,0,0,0,0,0,0,0,0,0,0,0,0,0,0,153.127,0,0,0
"MtrElec",11,27,4,"",152.978,0,0,0,0,0,0,0,0,0,0,0,0,0,0,0,0,0,0,0,0,152.978,0,0,0
"MtrElec",11,27,5,"",148.788,0,0,0,0,0,0,0,0,0,0,0,0,0,0,0,0,0,0,0,0,148.788,0,0,0
"MtrElec",11,27,6,"",235.393,0,0,0,0,0,0,0,0,0,0,0,0,0,0,0,0,0,0,0,0,235.393,0,0,0
"MtrElec",11,27,7,"",199.06,0,0,0,0,0,0,0,0,0,0,0,0,0,0,0,0,0,0,0,0,211.821,0,0,-12.7608
"MtrElec",11,27,8,"",131.148,0,0,0,0,0,0,0,0,0,0,0,0,0,0,0,0,0,0,0,0,308.783,0,0,-177.635
"MtrElec",11,27,9,"",14.5375,0,0,0,0,0,0,0,0,0,0,0,0,0,0,0,0,0,0,0,0,383.255,0,0,-368.717
"MtrElec",11,27,10,"",-63.3501,0,0,0,0,0,0,0,0,0,0,0,0,0,0,0,0,0,0,0,0,430.517,0,0,-493.867
"MtrElec",11,27,11,"",0,0,0,0,0,0,0,0,0,0,0,0,0,0,0,0,0,0,0,0,0,560.737,0,9.24969,-569.987
"MtrElec",11,27,12,"",0,0,0,0,0,0,0,0,0,0,0,0,0,0,0,0,0,0,0,0,0,460.096,0,136.89,-596.987
"MtrElec",11,27,13,"",0,0,0,0,0,0,0,0,0,0,0,0,0,0,0,0,0,0,0,0,0,518.471,0,67.382,-585.853
"MtrElec",11,27,14,"",0,0,0,0,0,0,0,0,0,0,0,0,0,0,0,0,0,0,0,0,0,475.918,0,45.4551,-521.374
"MtrElec",11,27,15,"",65.7941,0,0,0,0,0,0,0,0,0,0,0,0,0,0,0,0,0,0,0,0,468.118,0,0,-402.324
"MtrElec",11,27,16,"",137.631,0,0,0,0,0,0,0,0,0,0,0,0,0,0,0,0,0,0,0,0,366.727,0,0,-229.096
"MtrElec",11,27,17,"",409.306,0,0,0,0,0,0,0,0,0,0,0,0,0,0,0,0,0,0,0,0,452.228,0,0,-42.9223
"MtrElec",11,27,18,"",513.159,0,0,0,0,0,0,0,0,0,0,0,0,0,0,0,0,0,0,0,0,513.159,0,0,0
"MtrElec",11,27,19,"",248.419,0,0,0,0,0,0,0,0,0,0,0,0,0,0,0,0,0,0,0,0,471.636,0,-223.217,0
"MtrElec",11,27,20,"",390.819,0,0,0,0,0,0,0,0,0,0,0,0,0,0,0,0,0,0,0,0,401.329,0,-10.5099,0
"MtrElec",11,27,21,"",396.16,0,0,0,0,0,0,0,0,0,0,0,0,0,0,0,0,0,0,0,0,396.16,0,0,0
"MtrElec",11,27,22,"",317.873,0,0,0,0,0,0,0,0,0,0,0,0,0,0,0,0,0,0,0,0,317.873,0,0,0
"MtrElec",11,27,23,"",270.307,0,0,0,0,0,0,0,0,0,0,0,0,0,0,0,0,0,0,0,0,270.307,0,0,0
"MtrElec",11,27,24,"",209.265,0,0,0,0,0,0,0,0,0,0,0,0,0,0,0,0,0,0,0,0,209.265,0,0,0
"MtrElec",11,28,1,"",161.684,0,0,0,0,0,0,0,0,0,0,0,0,0,0,0,0,0,0,0,0,161.684,0,0,0
"MtrElec",11,28,2,"",158.107,0,0,0,0,0,0,0,0,0,0,0,0,0,0,0,0,0,0,0,0,158.107,0,0,0
"MtrElec",11,28,3,"",192.051,0,0,0,0,0,0,0,0,0,0,0,0,0,0,0,0,0,0,0,0,192.051,0,0,0
"MtrElec",11,28,4,"",159.29,0,0,0,0,0,0,0,0,0,0,0,0,0,0,0,0,0,0,0,0,159.29,0,0,0
"MtrElec",11,28,5,"",161.206,0,0,0,0,0,0,0,0,0,0,0,0,0,0,0,0,0,0,0,0,161.206,0,0,0
"MtrElec",11,28,6,"",160.514,0,0,0,0,0,0,0,0,0,0,0,0,0,0,0,0,0,0,0,0,160.514,0,0,0
"MtrElec",11,28,7,"",196.928,0,0,0,0,0,0,0,0,0,0,0,0,0,0,0,0,0,0,0,0,206.463,0,0,-9.5354
"MtrElec",11,28,8,"",100.926,0,0,0,0,0,0,0,0,0,0,0,0,0,0,0,0,0,0,0,0,265.553,0,0,-164.627
"MtrElec",11,28,9,"",-51.1691,0,0,0,0,0,0,0,0,0,0,0,0,0,0,0,0,0,0,0,0,302.371,0,0,-353.54
"MtrElec",11,28,10,"",-93.6192,0,0,0,0,0,0,0,0,0,0,0,0,0,0,0,0,0,0,0,0,398.91,0,0,-492.529
"MtrElec",11,28,11,"",0,0,0,0,0,0,0,0,0,0,0,0,0,0,0,0,0,0,0,0,0,464.164,0,108.939,-573.103
"MtrElec",11,28,12,"",0,0,0,0,0,0,0,0,0,0,0,0,0,0,0,0,0,0,0,0,0,480.105,0,117.292,-597.397
"MtrElec",11,28,13,"",0,0,0,0,0,0,0,0,0,0,0,0,0,0,0,0,0,0,0,0,0,490.727,0,71.7393,-562.466
"MtrElec",11,28,14,"",0,0,0,0,0,0,0,0,0,0,0,0,0,0,0,0,0,0,0,0,0,434.154,0,69.6163,-503.77
"MtrElec",11,28,15,"",69.8142,0,0,0,0,0,0,0,0,0,0,0,0,0,0,0,0,0,0,0,0,464.757,0,0,-394.943
"MtrElec",11,28,16,"",187.85,0,0,0,0,0,0,0,0,0,0,0,0,0,0,0,0,0,0,0,0,410.757,0,0,-222.906
"MtrElec",11,28,17,"",314.795,0,0,0,0,0,0,0,0,0,0,0,0,0,0,0,0,0,0,0,0,355.381,0,0,-40.5863
"MtrElec",11,28,18,"",416.97,0,0,0,0,0,0,0,0,0,0,0,0,0,0,0,0,0,0,0,0,416.97,0,0,0
"MtrElec",11,28,19,"",223.814,0,0,0,0,0,0,0,0,0,0,0,0,0,0,0,0,0,0,0,0,447.031,0,-223.217,0
"MtrElec",11,28,20,"",275.752,0,0,0,0,0,0,0,0,0,0,0,0,0,0,0,0,0,0,0,0,384.282,0,-108.53,0
"MtrElec",11,28,21,"",348.226,0,0,0,0,0,0,0,0,0,0,0,0,0,0,0,0,0,0,0,0,348.226,0,0,0
"MtrElec",11,28,22,"",294.435,0,0,0,0,0,0,0,0,0,0,0,0,0,0,0,0,0,0,0,0,294.435,0,0,0
"MtrElec",11,28,23,"",257.563,0,0,0,0,0,0,0,0,0,0,0,0,0,0,0,0,0,0,0,0,257.563,0,0,0
"MtrElec",11,28,24,"",259.135,0,0,0,0,0,0,0,0,0,0,0,0,0,0,0,0,0,0,0,0,259.135,0,0,0
"MtrElec",11,29,1,"",190.504,0,0,0,0,0,0,0,0,0,0,0,0,0,0,0,0,0,0,0,0,190.504,0,0,0
"MtrElec",11,29,2,"",159.986,0,0,0,0,0,0,0,0,0,0,0,0,0,0,0,0,0,0,0,0,159.986,0,0,0
"MtrElec",11,29,3,"",159.266,0,0,0,0,0,0,0,0,0,0,0,0,0,0,0,0,0,0,0,0,159.266,0,0,0
"MtrElec",11,29,4,"",161.491,0,0,0,0,0,0,0,0,0,0,0,0,0,0,0,0,0,0,0,0,161.491,0,0,0
"MtrElec",11,29,5,"",172.28,0,0,0,0,0,0,0,0,0,0,0,0,0,0,0,0,0,0,0,0,172.28,0,0,0
"MtrElec",11,29,6,"",206.286,0,0,0,0,0,0,0,0,0,0,0,0,0,0,0,0,0,0,0,0,206.286,0,0,0
"MtrElec",11,29,7,"",168.714,0,0,0,0,0,0,0,0,0,0,0,0,0,0,0,0,0,0,0,0,176.047,0,0,-7.33315
"MtrElec",11,29,8,"",43.9541,0,0,0,0,0,0,0,0,0,0,0,0,0,0,0,0,0,0,0,0,196.676,0,0,-152.722
"MtrElec",11,29,9,"",-46.3368,0,0,0,0,0,0,0,0,0,0,0,0,0,0,0,0,0,0,0,0,287.31,0,0,-333.647
"MtrElec",11,29,10,"",-157.68,0,0,0,0,0,0,0,0,0,0,0,0,0,0,0,0,0,0,0,0,304.886,0,0,-462.565
"MtrElec",11,29,11,"",0,0,0,0,0,0,0,0,0,0,0,0,0,0,0,0,0,0,0,0,0,379.396,0,167.704,-547.1
"MtrElec",11,29,12,"",-17.1491,0,0,0,0,0,0,0,0,0,0,0,0,0,0,0,0,0,0,0,0,343.425,0,223.217,-583.791
"MtrElec",11,29,13,"",0.0000156,0,0,0,0,0,0,0,0,0,0,0,0,0,0,0,0,0,0,0,0,376.646,0,192.15,-568.795
"MtrElec",11,29,14,"",0,0,0,0,0,0,0,0,0,0,0,0,0,0,0,0,0,0,0,0,0,346.813,0,152.808,-499.621
"MtrElec",11,29,15,"",-11.3899,0,0,0,0,0,0,0,0,0,0,0,0,0,0,0,0,0,0,0,0,306.795,0,63.003,-381.188
"MtrElec",11,29,16,"",110.988,0,0,0,0,0,0,0,0,0,0,0,0,0,0,0,0,0,0,0,0,323.278,0,0,-212.29
"MtrElec",11,29,17,"",255.884,0,0,0,0,0,0,0,0,0,0,0,0,0,0,0,0,0,0,0,0,292.545,0,0,-36.6605
"MtrElec",11,29,18,"",344.357,0,0,0,0,0,0,0,0,0,0,0,0,0,0,0,0,0,0,0,0,344.357,0,0,0
"MtrElec",11,29,19,"",152.214,0,0,0,0,0,0,0,0,0,0,0,0,0,0,0,0,0,0,0,0,375.431,0,-223.217,0
"MtrElec",11,29,20,"",146.915,0,0,0,0,0,0,0,0,0,0,0,0,0,0,0,0,0,0,0,0,370.132,0,-223.217,0
"MtrElec",11,29,21,"",89.3819,0,0,0,0,0,0,0,0,0,0,0,0,0,0,0,0,0,0,0,0,312.599,0,-223.217,0
"MtrElec",11,29,22,"",302.141,0,0,0,0,0,0,0,0,0,0,0,0,0,0,0,0,0,0,0,0,353.481,0,-51.3398,0
"MtrElec",11,29,23,"",239.047,0,0,0,0,0,0,0,0,0,0,0,0,0,0,0,0,0,0,0,0,239.047,0,0,0
"MtrElec",11,29,24,"",220.135,0,0,0,0,0,0,0,0,0,0,0,0,0,0,0,0,0,0,0,0,220.135,0,0,0
"MtrElec",11,30,1,"",169.5,0,0,0,0,0,0,0,0,0,0,0,0,0,0,0,0,0,0,0,0,169.5,0,0,0
"MtrElec",11,30,2,"",158.385,0,0,0,0,0,0,0,0,0,0,0,0,0,0,0,0,0,0,0,0,158.385,0,0,0
"MtrElec",11,30,3,"",158.155,0,0,0,0,0,0,0,0,0,0,0,0,0,0,0,0,0,0,0,0,158.155,0,0,0
"MtrElec",11,30,4,"",152.867,0,0,0,0,0,0,0,0,0,0,0,0,0,0,0,0,0,0,0,0,152.867,0,0,0
"MtrElec",11,30,5,"",148.057,0,0,0,0,0,0,0,0,0,0,0,0,0,0,0,0,0,0,0,0,148.057,0,0,0
"MtrElec",11,30,6,"",224.92,0,0,0,0,0,0,0,0,0,0,0,0,0,0,0,0,0,0,0,0,224.92,0,0,0
"MtrElec",11,30,7,"",205.414,0,0,0,0,0,0,0,0,0,0,0,0,0,0,0,0,0,0,0,0,211.76,0,0,-6.34614
"MtrElec",11,30,8,"",158.025,0,0,0,0,0,0,0,0,0,0,0,0,0,0,0,0,0,0,0,0,304.482,0,0,-146.457
"MtrElec",11,30,9,"",25.1745,0,0,0,0,0,0,0,0,0,0,0,0,0,0,0,0,0,0,0,0,363.089,0,0,-337.915
"MtrElec",11,30,10,"",-27.8455,0,0,0,0,0,0,0,0,0,0,0,0,0,0,0,0,0,0,0,0,449.485,0,0,-477.33
"MtrElec",11,30,11,"",0,0,0,0,0,0,0,0,0,0,0,0,0,0,0,0,0,0,0,0,0,466.259,0,78.9299,-545.189
"MtrElec",11,30,12,"",0,0,0,0,0,0,0,0,0,0,0,0,0,0,0,0,0,0,0,0,0,393.935,0,180.269,-574.204
"MtrElec",11,30,13,"",0,0,0,0,0,0,0,0,0,0,0,0,0,0,0,0,0,0,0,0,0,471.537,0,83.6484,-555.186
"MtrElec",11,30,14,"",0,0,0,0,0,0,0,0,0,0,0,0,0,0,0,0,0,0,0,0,0,382.631,0,114.92,-497.55
"MtrElec",11,30,15,"",0,0,0,0,0,0,0,0,0,0,0,0,0,0,0,0,0,0,0,0,0,348.274,0,40.7334,-389.007
"MtrElec",11,30,16,"",172.994,0,0,0,0,0,0,0,0,0,0,0,0,0,0,0,0,0,0,0,0,389.499,0,0,-216.505
"MtrElec",11,30,17,"",337.511,0,0,0,0,0,0,0,0,0,0,0,0,0,0,0,0,0,0,0,0,374.496,0,0,-36.9849
"MtrElec",11,30,18,"",435.897,0,0,0,0,0,0,0,0,0,0,0,0,0,0,0,0,0,0,0,0,435.897,0,0,0
"MtrElec",11,30,19,"",202.656,0,0,0,0,0,0,0,0,0,0,0,0,0,0,0,0,0,0,0,0,425.873,0,-223.217,0
"MtrElec",11,30,20,"",206.668,0,0,0,0,0,0,0,0,0,0,0,0,0,0,0,0,0,0,0,0,429.885,0,-223.217,0
"MtrElec",11,30,21,"",359.016,0,0,0,0,0,0,0,0,0,0,0,0,0,0,0,0,0,0,0,0,362.478,0,-3.46263,0
"MtrElec",11,30,22,"",327.838,0,0,0,0,0,0,0,0,0,0,0,0,0,0,0,0,0,0,0,0,327.838,0,0,0
"MtrElec",11,30,23,"",309.715,0,0,0,0,0,0,0,0,0,0,0,0,0,0,0,0,0,0,0,0,309.715,0,0,0
"MtrElec",11,30,24,"",191.157,0,0,0,0,0,0,0,0,0,0,0,0,0,0,0,0,0,0,0,0,191.157,0,0,0
"MtrElec",12,1,1,"",182.044,0,0,0,0,0,0,0,0,0,0,0,0,0,0,0,0,0,0,0,0,182.044,0,0,0
"MtrElec",12,1,2,"",164.201,0,0,0,0,0,0,0,0,0,0,0,0,0,0,0,0,0,0,0,0,164.201,0,0,0
"MtrElec",12,1,3,"",163.748,0,0,0,0,0,0,0,0,0,0,0,0,0,0,0,0,0,0,0,0,163.748,0,0,0
"MtrElec",12,1,4,"",166.38,0,0,0,0,0,0,0,0,0,0,0,0,0,0,0,0,0,0,0,0,166.38,0,0,0
"MtrElec",12,1,5,"",211.763,0,0,0,0,0,0,0,0,0,0,0,0,0,0,0,0,0,0,0,0,211.763,0,0,0
"MtrElec",12,1,6,"",172.728,0,0,0,0,0,0,0,0,0,0,0,0,0,0,0,0,0,0,0,0,172.728,0,0,0
"MtrElec",12,1,7,"",267.173,0,0,0,0,0,0,0,0,0,0,0,0,0,0,0,0,0,0,0,0,275.149,0,0,-7.9757
"MtrElec",12,1,8,"",168.744,0,0,0,0,0,0,0,0,0,0,0,0,0,0,0,0,0,0,0,0,332.533,0,0,-163.789
"MtrElec",12,1,9,"",-27.6218,0,0,0,0,0,0,0,0,0,0,0,0,0,0,0,0,0,0,0,0,336.789,0,0,-364.411
"MtrElec",12,1,10,"",-116.996,0,0,0,0,0,0,0,0,0,0,0,0,0,0,0,0,0,0,0,0,384.05,0,0,-501.046
"MtrElec",12,1,11,"",0,0,0,0,0,0,0,0,0,0,0,0,0,0,0,0,0,0,0,0,0,401.189,0,180.733,-581.922
"MtrElec",12,1,12,"",0,0,0,0,0,0,0,0,0,0,0,0,0,0,0,0,0,0,0,0,0,402.247,0,209.935,-612.182
"MtrElec",12,1,13,"",0,0,0,0,0,0,0,0,0,0,0,0,0,0,0,0,0,0,0,0,0,401.855,0,189.489,-591.343
"MtrElec",12,1,14,"",0,0,0,0,0,0,0,0,0,0,0,0,0,0,0,0,0,0,0,0,0,360.817,0,160.703,-521.52
"MtrElec",12,1,15,"",-21.8161,0,0,0,0,0,0,0,0,0,0,0,0,0,0,0,0,0,0,0,0,325.093,0,58.0218,-404.931
"MtrElec",12,1,16,"",152.823,0,0,0,0,0,0,0,0,0,0,0,0,0,0,0,0,0,0,0,0,382.6,0,0,-229.777
"MtrElec",12,1,17,"",328.269,0,0,0,0,0,0,0,0,0,0,0,0,0,0,0,0,0,0,0,0,369.405,0,0,-41.1361
"MtrElec",12,1,18,"",438.436,0,0,0,0,0,0,0,0,0,0,0,0,0,0,0,0,0,0,0,0,438.436,0,0,0
"MtrElec",12,1,19,"",178.737,0,0,0,0,0,0,0,0,0,0,0,0,0,0,0,0,0,0,0,0,401.953,0,-223.217,0
"MtrElec",12,1,20,"",204.621,0,0,0,0,0,0,0,0,0,0,0,0,0,0,0,0,0,0,0,0,427.838,0,-223.217,0
"MtrElec",12,1,21,"",186.752,0,0,0,0,0,0,0,0,0,0,0,0,0,0,0,0,0,0,0,0,409.969,0,-223.217,0
"MtrElec",12,1,22,"",235.502,0,0,0,0,0,0,0,0,0,0,0,0,0,0,0,0,0,0,0,0,286.842,0,-51.3398,0
"MtrElec",12,1,23,"",272.836,0,0,0,0,0,0,0,0,0,0,0,0,0,0,0,0,0,0,0,0,272.836,0,0,0
"MtrElec",12,1,24,"",196.497,0,0,0,0,0,0,0,0,0,0,0,0,0,0,0,0,0,0,0,0,196.497,0,0,0
"MtrElec",12,2,1,"",193.919,0,0,0,0,0,0,0,0,0,0,0,0,0,0,0,0,0,0,0,0,193.919,0,0,0
"MtrElec",12,2,2,"",171.099,0,0,0,0,0,0,0,0,0,0,0,0,0,0,0,0,0,0,0,0,171.099,0,0,0
"MtrElec",12,2,3,"",213.134,0,0,0,0,0,0,0,0,0,0,0,0,0,0,0,0,0,0,0,0,213.134,0,0,0
"MtrElec",12,2,4,"",184.506,0,0,0,0,0,0,0,0,0,0,0,0,0,0,0,0,0,0,0,0,184.506,0,0,0
"MtrElec",12,2,5,"",176.392,0,0,0,0,0,0,0,0,0,0,0,0,0,0,0,0,0,0,0,0,176.392,0,0,0
"MtrElec",12,2,6,"",181.724,0,0,0,0,0,0,0,0,0,0,0,0,0,0,0,0,0,0,0,0,181.724,0,0,0
"MtrElec",12,2,7,"",277.006,0,0,0,0,0,0,0,0,0,0,0,0,0,0,0,0,0,0,0,0,282.968,0,0,-5.9622
"MtrElec",12,2,8,"",164.471,0,0,0,0,0,0,0,0,0,0,0,0,0,0,0,0,0,0,0,0,316.947,0,0,-152.476
"MtrElec",12,2,9,"",43.3879,0,0,0,0,0,0,0,0,0,0,0,0,0,0,0,0,0,0,0,0,389.39,0,0,-346.002
"MtrElec",12,2,10,"",-43.7642,0,0,0,0,0,0,0,0,0,0,0,0,0,0,0,0,0,0,0,0,440.77,0,0,-484.534
"MtrElec",12,2,11,"",0,0,0,0,0,0,0,0,0,0,0,0,0,0,0,0,0,0,0,0,0,417.499,0,147.398,-564.898
"MtrElec",12,2,12,"",0,0,0,0,0,0,0,0,0,0,0,0,0,0,0,0,0,0,0,0,0,439.903,0,157.318,-597.221
"MtrElec",12,2,13,"",0,0,0,0,0,0,0,0,0,0,0,0,0,0,0,0,0,0,0,0,0,412.101,0,166.479,-578.58
"MtrElec",12,2,14,"",0,0,0,0,0,0,0,0,0,0,0,0,0,0,0,0,0,0,0,0,0,387.875,0,122.79,-510.665
"MtrElec",12,2,15,"",0.0000039,0,0,0,0,0,0,0,0,0,0,0,0,0,0,0,0,0,0,0,0,333.216,0,61.3168,-394.532
"MtrElec",12,2,16,"",177.63,0,0,0,0,0,0,0,0,0,0,0,0,0,0,0,0,0,0,0,0,401.728,0,0,-224.099
"MtrElec",12,2,17,"",352.508,0,0,0,0,0,0,0,0,0,0,0,0,0,0,0,0,0,0,0,0,392.488,0,0,-39.9801
"MtrElec",12,2,18,"",443.159,0,0,0,0,0,0,0,0,0,0,0,0,0,0,0,0,0,0,0,0,443.159,0,0,0
"MtrElec",12,2,19,"",192.604,0,0,0,0,0,0,0,0,0,0,0,0,0,0,0,0,0,0,0,0,415.82,0,-223.217,0
"MtrElec",12,2,20,"",183.244,0,0,0,0,0,0,0,0,0,0,0,0,0,0,0,0,0,0,0,0,406.461,0,-223.217,0
"MtrElec",12,2,21,"",262.085,0,0,0,0,0,0,0,0,0,0,0,0,0,0,0,0,0,0,0,0,407.061,0,-144.976,0
"MtrElec",12,2,22,"",291.076,0,0,0,0,0,0,0,0,0,0,0,0,0,0,0,0,0,0,0,0,291.076,0,0,0
"MtrElec",12,2,23,"",302.289,0,0,0,0,0,0,0,0,0,0,0,0,0,0,0,0,0,0,0,0,302.289,0,0,0
"MtrElec",12,2,24,"",224.48,0,0,0,0,0,0,0,0,0,0,0,0,0,0,0,0,0,0,0,0,224.48,0,0,0
"MtrElec",12,3,1,"",237.166,0,0,0,0,0,0,0,0,0,0,0,0,0,0,0,0,0,0,0,0,237.166,0,0,0
"MtrElec",12,3,2,"",185.857,0,0,0,0,0,0,0,0,0,0,0,0,0,0,0,0,0,0,0,0,185.857,0,0,0
"MtrElec",12,3,3,"",171.184,0,0,0,0,0,0,0,0,0,0,0,0,0,0,0,0,0,0,0,0,171.184,0,0,0
"MtrElec",12,3,4,"",175.949,0,0,0,0,0,0,0,0,0,0,0,0,0,0,0,0,0,0,0,0,175.949,0,0,0
"MtrElec",12,3,5,"",180.04,0,0,0,0,0,0,0,0,0,0,0,0,0,0,0,0,0,0,0,0,180.04,0,0,0
"MtrElec",12,3,6,"",191.4,0,0,0,0,0,0,0,0,0,0,0,0,0,0,0,0,0,0,0,0,191.4,0,0,0
"MtrElec",12,3,7,"",379.485,0,0,0,0,0,0,0,0,0,0,0,0,0,0,0,0,0,0,0,0,379.485,0,0,0
"MtrElec",12,3,8,"",168.101,0,0,0,0,0,0,0,0,0,0,0,0,0,0,0,0,0,0,0,0,327.524,0,0,-159.423
"MtrElec",12,3,9,"",27.8,0,0,0,0,0,0,0,0,0,0,0,0,0,0,0,0,0,0,0,0,379.822,0,0,-352.022
"MtrElec",12,3,10,"",-53.1805,0,0,0,0,0,0,0,0,0,0,0,0,0,0,0,0,0,0,0,0,433.806,0,0,-486.986
"MtrElec",12,3,11,"",0,0,0,0,0,0,0,0,0,0,0,0,0,0,0,0,0,0,0,0,0,453.487,0,112.229,-565.716
"MtrElec",12,3,12,"",0.0000156,0,0,0,0,0,0,0,0,0,0,0,0,0,0,0,0,0,0,0,0,395.706,0,199.101,-594.807
"MtrElec",12,3,13,"",0,0,0,0,0,0,0,0,0,0,0,0,0,0,0,0,0,0,0,0,0,454.425,0,130.908,-585.333
"MtrElec",12,3,14,"",0.0000156,0,0,0,0,0,0,0,0,0,0,0,0,0,0,0,0,0,0,0,0,342.514,0,182.52,-525.034
"MtrElec",12,3,15,"",0,0,0,0,0,0,0,0,0,0,0,0,0,0,0,0,0,0,0,0,0,381.563,0,20.16,-401.723
"MtrElec",12,3,16,"",116.087,0,0,0,0,0,0,0,0,0,0,0,0,0,0,0,0,0,0,0,0,342.538,0,0,-226.451
"MtrElec",12,3,17,"",377.698,0,0,0,0,0,0,0,0,0,0,0,0,0,0,0,0,0,0,0,0,419.123,0,0,-41.425
"MtrElec",12,3,18,"",390.373,0,0,0,0,0,0,0,0,0,0,0,0,0,0,0,0,0,0,0,0,390.373,0,0,0
"MtrElec",12,3,19,"",178.109,0,0,0,0,0,0,0,0,0,0,0,0,0,0,0,0,0,0,0,0,401.326,0,-223.217,0
"MtrElec",12,3,20,"",244.758,0,0,0,0,0,0,0,0,0,0,0,0,0,0,0,0,0,0,0,0,467.975,0,-223.217,0
"MtrElec",12,3,21,"",265.362,0,0,0,0,0,0,0,0,0,0,0,0,0,0,0,0,0,0,0,0,400.967,0,-135.605,0
"MtrElec",12,3,22,"",340.872,0,0,0,0,0,0,0,0,0,0,0,0,0,0,0,0,0,0,0,0,340.872,0,0,0
"MtrElec",12,3,23,"",296.067,0,0,0,0,0,0,0,0,0,0,0,0,0,0,0,0,0,0,0,0,296.067,0,0,0
"MtrElec",12,3,24,"",279.152,0,0,0,0,0,0,0,0,0,0,0,0,0,0,0,0,0,0,0,0,279.152,0,0,0
"MtrElec",12,4,1,"",178.421,0,0,0,0,0,0,0,0,0,0,0,0,0,0,0,0,0,0,0,0,178.421,0,0,0
"MtrElec",12,4,2,"",173.933,0,0,0,0,0,0,0,0,0,0,0,0,0,0,0,0,0,0,0,0,173.933,0,0,0
"MtrElec",12,4,3,"",170.899,0,0,0,0,0,0,0,0,0,0,0,0,0,0,0,0,0,0,0,0,170.899,0,0,0
"MtrElec",12,4,4,"",175.963,0,0,0,0,0,0,0,0,0,0,0,0,0,0,0,0,0,0,0,0,175.963,0,0,0
"MtrElec",12,4,5,"",172.226,0,0,0,0,0,0,0,0,0,0,0,0,0,0,0,0,0,0,0,0,172.226,0,0,0
"MtrElec",12,4,6,"",180.768,0,0,0,0,0,0,0,0,0,0,0,0,0,0,0,0,0,0,0,0,180.768,0,0,0
"MtrElec",12,4,7,"",287.656,0,0,0,0,0,0,0,0,0,0,0,0,0,0,0,0,0,0,0,0,287.656,0,0,0
"MtrElec",12,4,8,"",183.655,0,0,0,0,0,0,0,0,0,0,0,0,0,0,0,0,0,0,0,0,324.028,0,0,-140.373
"MtrElec",12,4,9,"",68.2401,0,0,0,0,0,0,0,0,0,0,0,0,0,0,0,0,0,0,0,0,405.441,0,0,-337.201
"MtrElec",12,4,10,"",-12.0781,0,0,0,0,0,0,0,0,0,0,0,0,0,0,0,0,0,0,0,0,464.959,0,0,-477.037
"MtrElec",12,4,11,"",0,0,0,0,0,0,0,0,0,0,0,0,0,0,0,0,0,0,0,0,0,476.144,0,90.7644,-566.908
"MtrElec",12,4,12,"",46.6807,0,0,0,0,0,0,0,0,0,0,0,0,0,0,0,0,0,0,0,0,424.876,0,0,-378.196
"MtrElec",12,4,13,"",135.134,0,0,0,0,0,0,0,0,0,0,0,0,0,0,0,0,0,0,0,0,400.264,0,0,-265.13
"MtrElec",12,4,14,"",202.342,0,0,0,0,0,0,0,0,0,0,0,0,0,0,0,0,0,0,0,0,327.503,0,0,-125.161
"MtrElec",12,4,15,"",198.456,0,0,0,0,0,0,0,0,0,0,0,0,0,0,0,0,0,0,0,0,307.909,0,0,-109.454
"MtrElec",12,4,16,"",199.445,0,0,0,0,0,0,0,0,0,0,0,0,0,0,0,0,0,0,0,0,373.036,0,0,-173.59
"MtrElec",12,4,17,"",328.695,0,0,0,0,0,0,0,0,0,0,0,0,0,0,0,0,0,0,0,0,356.579,0,0,-27.8834
"MtrElec",12,4,18,"",418.195,0,0,0,0,0,0,0,0,0,0,0,0,0,0,0,0,0,0,0,0,418.195,0,0,0
"MtrElec",12,4,19,"",303.114,0,0,0,0,0,0,0,0,0,0,0,0,0,0,0,0,0,0,0,0,385.029,0,-81.9149,0
"MtrElec",12,4,20,"",427.787,0,0,0,0,0,0,0,0,0,0,0,0,0,0,0,0,0,0,0,0,427.787,0,0,0
"MtrElec",12,4,21,"",447.168,0,0,0,0,0,0,0,0,0,0,0,0,0,0,0,0,0,0,0,0,447.168,0,0,0
"MtrElec",12,4,22,"",290.734,0,0,0,0,0,0,0,0,0,0,0,0,0,0,0,0,0,0,0,0,290.734,0,0,0
"MtrElec",12,4,23,"",293.491,0,0,0,0,0,0,0,0,0,0,0,0,0,0,0,0,0,0,0,0,293.491,0,0,0
"MtrElec",12,4,24,"",225.395,0,0,0,0,0,0,0,0,0,0,0,0,0,0,0,0,0,0,0,0,225.395,0,0,0
"MtrElec",12,5,1,"",167.606,0,0,0,0,0,0,0,0,0,0,0,0,0,0,0,0,0,0,0,0,167.606,0,0,0
"MtrElec",12,5,2,"",195.299,0,0,0,0,0,0,0,0,0,0,0,0,0,0,0,0,0,0,0,0,195.299,0,0,0
"MtrElec",12,5,3,"",159.977,0,0,0,0,0,0,0,0,0,0,0,0,0,0,0,0,0,0,0,0,159.977,0,0,0
"MtrElec",12,5,4,"",199.3,0,0,0,0,0,0,0,0,0,0,0,0,0,0,0,0,0,0,0,0,199.3,0,0,0
"MtrElec",12,5,5,"",189.632,0,0,0,0,0,0,0,0,0,0,0,0,0,0,0,0,0,0,0,0,189.632,0,0,0
"MtrElec",12,5,6,"",159.329,0,0,0,0,0,0,0,0,0,0,0,0,0,0,0,0,0,0,0,0,159.329,0,0,0
"MtrElec",12,5,7,"",240.892,0,0,0,0,0,0,0,0,0,0,0,0,0,0,0,0,0,0,0,0,240.892,0,0,0
"MtrElec",12,5,8,"",225.098,0,0,0,0,0,0,0,0,0,0,0,0,0,0,0,0,0,0,0,0,225.618,0,0,-0.520185
"MtrElec",12,5,9,"",278.732,0,0,0,0,0,0,0,0,0,0,0,0,0,0,0,0,0,0,0,0,332.91,0,0,-54.1773
"MtrElec",12,5,10,"",358.448,0,0,0,0,0,0,0,0,0,0,0,0,0,0,0,0,0,0,0,0,395.071,0,0,-36.6233
"MtrElec",12,5,11,"",478.849,0,0,0,0,0,0,0,0,0,0,0,0,0,0,0,0,0,0,0,0,510.948,0,0,-32.0988
"MtrElec",12,5,12,"",441.207,0,0,0,0,0,0,0,0,0,0,0,0,0,0,0,0,0,0,0,0,468.91,0,0,-27.7026
"MtrElec",12,5,13,"",403.821,0,0,0,0,0,0,0,0,0,0,0,0,0,0,0,0,0,0,0,0,464.819,0,0,-60.9974
"MtrElec",12,5,14,"",356.572,0,0,0,0,0,0,0,0,0,0,0,0,0,0,0,0,0,0,0,0,407.676,0,0,-51.1033
"MtrElec",12,5,15,"",382.821,0,0,0,0,0,0,0,0,0,0,0,0,0,0,0,0,0,0,0,0,391.683,0,0,-8.86173
"MtrElec",12,5,16,"",346.981,0,0,0,0,0,0,0,0,0,0,0,0,0,0,0,0,0,0,0,0,357.374,0,0,-10.3927
"MtrElec",12,5,17,"",429.837,0,0,0,0,0,0,0,0,0,0,0,0,0,0,0,0,0,0,0,0,429.837,0,0,0
"MtrElec",12,5,18,"",419.454,0,0,0,0,0,0,0,0,0,0,0,0,0,0,0,0,0,0,0,0,419.454,0,0,0
"MtrElec",12,5,19,"",447.383,0,0,0,0,0,0,0,0,0,0,0,0,0,0,0,0,0,0,0,0,447.383,0,0,0
"MtrElec",12,5,20,"",419.591,0,0,0,0,0,0,0,0,0,0,0,0,0,0,0,0,0,0,0,0,419.591,0,0,0
"MtrElec",12,5,21,"",374.479,0,0,0,0,0,0,0,0,0,0,0,0,0,0,0,0,0,0,0,0,374.479,0,0,0
"MtrElec",12,5,22,"",377.342,0,0,0,0,0,0,0,0,0,0,0,0,0,0,0,0,0,0,0,0,377.342,0,0,0
"MtrElec",12,5,23,"",267.919,0,0,0,0,0,0,0,0,0,0,0,0,0,0,0,0,0,0,0,0,267.919,0,0,0
"MtrElec",12,5,24,"",281.36,0,0,0,0,0,0,0,0,0,0,0,0,0,0,0,0,0,0,0,0,281.36,0,0,0
"MtrElec",12,6,1,"",246.326,0,0,0,0,0,0,0,0,0,0,0,0,0,0,0,0,0,0,0,0,246.326,0,0,0
"MtrElec",12,6,2,"",180.671,0,0,0,0,0,0,0,0,0,0,0,0,0,0,0,0,0,0,0,0,180.671,0,0,0
"MtrElec",12,6,3,"",179.389,0,0,0,0,0,0,0,0,0,0,0,0,0,0,0,0,0,0,0,0,179.389,0,0,0
"MtrElec",12,6,4,"",184.775,0,0,0,0,0,0,0,0,0,0,0,0,0,0,0,0,0,0,0,0,184.775,0,0,0
"MtrElec",12,6,5,"",201.563,0,0,0,0,0,0,0,0,0,0,0,0,0,0,0,0,0,0,0,0,201.563,0,0,0
"MtrElec",12,6,6,"",187.812,0,0,0,0,0,0,0,0,0,0,0,0,0,0,0,0,0,0,0,0,187.812,0,0,0
"MtrElec",12,6,7,"",266.799,0,0,0,0,0,0,0,0,0,0,0,0,0,0,0,0,0,0,0,0,266.799,0,0,0
"MtrElec",12,6,8,"",150.162,0,0,0,0,0,0,0,0,0,0,0,0,0,0,0,0,0,0,0,0,258.953,0,0,-108.791
"MtrElec",12,6,9,"",267.592,0,0,0,0,0,0,0,0,0,0,0,0,0,0,0,0,0,0,0,0,349.471,0,0,-81.8793
"MtrElec",12,6,10,"",277.531,0,0,0,0,0,0,0,0,0,0,0,0,0,0,0,0,0,0,0,0,353.416,0,0,-75.8845
"MtrElec",12,6,11,"",276.005,0,0,0,0,0,0,0,0,0,0,0,0,0,0,0,0,0,0,0,0,372.814,0,0,-96.8084
"MtrElec",12,6,12,"",135.993,0,0,0,0,0,0,0,0,0,0,0,0,0,0,0,0,0,0,0,0,390.642,0,0,-254.649
"MtrElec",12,6,13,"",0.0000156,0,0,0,0,0,0,0,0,0,0,0,0,0,0,0,0,0,0,0,0,381.607,0,192.036,-573.643
"MtrElec",12,6,14,"",0.0000005,0,0,0,0,0,0,0,0,0,0,0,0,0,0,0,0,0,0,0,0,352.256,0,4.71863,-356.974
"MtrElec",12,6,15,"",121.217,0,0,0,0,0,0,0,0,0,0,0,0,0,0,0,0,0,0,0,0,356.92,0,0,-235.703
"MtrElec",12,6,16,"",184.181,0,0,0,0,0,0,0,0,0,0,0,0,0,0,0,0,0,0,0,0,338.559,0,0,-154.378
"MtrElec",12,6,17,"",311.448,0,0,0,0,0,0,0,0,0,0,0,0,0,0,0,0,0,0,0,0,329.783,0,0,-18.3348
"MtrElec",12,6,18,"",374.472,0,0,0,0,0,0,0,0,0,0,0,0,0,0,0,0,0,0,0,0,374.472,0,0,0
"MtrElec",12,6,19,"",249.246,0,0,0,0,0,0,0,0,0,0,0,0,0,0,0,0,0,0,0,0,426.818,0,-177.571,0
"MtrElec",12,6,20,"",348.649,0,0,0,0,0,0,0,0,0,0,0,0,0,0,0,0,0,0,0,0,348.649,0,0,0
"MtrElec",12,6,21,"",365.413,0,0,0,0,0,0,0,0,0,0,0,0,0,0,0,0,0,0,0,0,365.413,0,0,0
"MtrElec",12,6,22,"",334.195,0,0,0,0,0,0,0,0,0,0,0,0,0,0,0,0,0,0,0,0,334.195,0,0,0
"MtrElec",12,6,23,"",230.028,0,0,0,0,0,0,0,0,0,0,0,0,0,0,0,0,0,0,0,0,230.028,0,0,0
"MtrElec",12,6,24,"",228.856,0,0,0,0,0,0,0,0,0,0,0,0,0,0,0,0,0,0,0,0,228.856,0,0,0
"MtrElec",12,7,1,"",172.983,0,0,0,0,0,0,0,0,0,0,0,0,0,0,0,0,0,0,0,0,172.983,0,0,0
"MtrElec",12,7,2,"",168.133,0,0,0,0,0,0,0,0,0,0,0,0,0,0,0,0,0,0,0,0,168.133,0,0,0
"MtrElec",12,7,3,"",165.796,0,0,0,0,0,0,0,0,0,0,0,0,0,0,0,0,0,0,0,0,165.796,0,0,0
"MtrElec",12,7,4,"",164.292,0,0,0,0,0,0,0,0,0,0,0,0,0,0,0,0,0,0,0,0,164.292,0,0,0
"MtrElec",12,7,5,"",162.745,0,0,0,0,0,0,0,0,0,0,0,0,0,0,0,0,0,0,0,0,162.745,0,0,0
"MtrElec",12,7,6,"",209.11,0,0,0,0,0,0,0,0,0,0,0,0,0,0,0,0,0,0,0,0,209.11,0,0,0
"MtrElec",12,7,7,"",221.639,0,0,0,0,0,0,0,0,0,0,0,0,0,0,0,0,0,0,0,0,221.639,0,0,0
"MtrElec",12,7,8,"",208.142,0,0,0,0,0,0,0,0,0,0,0,0,0,0,0,0,0,0,0,0,324.621,0,0,-116.479
"MtrElec",12,7,9,"",197.477,0,0,0,0,0,0,0,0,0,0,0,0,0,0,0,0,0,0,0,0,390.806,0,0,-193.329
"MtrElec",12,7,10,"",262.755,0,0,0,0,0,0,0,0,0,0,0,0,0,0,0,0,0,0,0,0,434.836,0,0,-172.081
"MtrElec",12,7,11,"",262.877,0,0,0,0,0,0,0,0,0,0,0,0,0,0,0,0,0,0,0,0,408.901,0,0,-146.023
"MtrElec",12,7,12,"",194.586,0,0,0,0,0,0,0,0,0,0,0,0,0,0,0,0,0,0,0,0,422.242,0,0,-227.656
"MtrElec",12,7,13,"",323.039,0,0,0,0,0,0,0,0,0,0,0,0,0,0,0,0,0,0,0,0,425.579,0,0,-102.54
"MtrElec",12,7,14,"",311.278,0,0,0,0,0,0,0,0,0,0,0,0,0,0,0,0,0,0,0,0,369.954,0,0,-58.676
"MtrElec",12,7,15,"",271.782,0,0,0,0,0,0,0,0,0,0,0,0,0,0,0,0,0,0,0,0,315.572,0,0,-43.7904
"MtrElec",12,7,16,"",364.953,0,0,0,0,0,0,0,0,0,0,0,0,0,0,0,0,0,0,0,0,369.92,0,0,-4.96739
"MtrElec",12,7,17,"",375.939,0,0,0,0,0,0,0,0,0,0,0,0,0,0,0,0,0,0,0,0,375.939,0,0,0
"MtrElec",12,7,18,"",397.511,0,0,0,0,0,0,0,0,0,0,0,0,0,0,0,0,0,0,0,0,397.511,0,0,0
"MtrElec",12,7,19,"",391.775,0,0,0,0,0,0,0,0,0,0,0,0,0,0,0,0,0,0,0,0,391.775,0,0,0
"MtrElec",12,7,20,"",443.855,0,0,0,0,0,0,0,0,0,0,0,0,0,0,0,0,0,0,0,0,443.855,0,0,0
"MtrElec",12,7,21,"",394.918,0,0,0,0,0,0,0,0,0,0,0,0,0,0,0,0,0,0,0,0,394.918,0,0,0
"MtrElec",12,7,22,"",346.237,0,0,0,0,0,0,0,0,0,0,0,0,0,0,0,0,0,0,0,0,346.237,0,0,0
"MtrElec",12,7,23,"",238.278,0,0,0,0,0,0,0,0,0,0,0,0,0,0,0,0,0,0,0,0,238.278,0,0,0
"MtrElec",12,7,24,"",245.88,0,0,0,0,0,0,0,0,0,0,0,0,0,0,0,0,0,0,0,0,245.88,0,0,0
"MtrElec",12,8,1,"",185.348,0,0,0,0,0,0,0,0,0,0,0,0,0,0,0,0,0,0,0,0,185.348,0,0,0
"MtrElec",12,8,2,"",168.416,0,0,0,0,0,0,0,0,0,0,0,0,0,0,0,0,0,0,0,0,168.416,0,0,0
"MtrElec",12,8,3,"",160.656,0,0,0,0,0,0,0,0,0,0,0,0,0,0,0,0,0,0,0,0,160.656,0,0,0
"MtrElec",12,8,4,"",160.679,0,0,0,0,0,0,0,0,0,0,0,0,0,0,0,0,0,0,0,0,160.679,0,0,0
"MtrElec",12,8,5,"",156.766,0,0,0,0,0,0,0,0,0,0,0,0,0,0,0,0,0,0,0,0,156.766,0,0,0
"MtrElec",12,8,6,"",215.666,0,0,0,0,0,0,0,0,0,0,0,0,0,0,0,0,0,0,0,0,215.666,0,0,0
"MtrElec",12,8,7,"",233.856,0,0,0,0,0,0,0,0,0,0,0,0,0,0,0,0,0,0,0,0,233.856,0,0,0
"MtrElec",12,8,8,"",230.619,0,0,0,0,0,0,0,0,0,0,0,0,0,0,0,0,0,0,0,0,313.51,0,0,-82.8904
"MtrElec",12,8,9,"",346.793,0,0,0,0,0,0,0,0,0,0,0,0,0,0,0,0,0,0,0,0,385.893,0,0,-39.1
"MtrElec",12,8,10,"",333.964,0,0,0,0,0,0,0,0,0,0,0,0,0,0,0,0,0,0,0,0,453.593,0,0,-119.629
"MtrElec",12,8,11,"",107.836,0,0,0,0,0,0,0,0,0,0,0,0,0,0,0,0,0,0,0,0,389.509,0,0,-281.674
"MtrElec",12,8,12,"",148.668,0,0,0,0,0,0,0,0,0,0,0,0,0,0,0,0,0,0,0,0,394.194,0,0,-245.527
"MtrElec",12,8,13,"",0,0,0,0,0,0,0,0,0,0,0,0,0,0,0,0,0,0,0,0,0,359.476,0,126.213,-485.688
"MtrElec",12,8,14,"",0,0,0,0,0,0,0,0,0,0,0,0,0,0,0,0,0,0,0,0,0,378.157,0,47.0406,-425.198
"MtrElec",12,8,15,"",97.9877,0,0,0,0,0,0,0,0,0,0,0,0,0,0,0,0,0,0,0,0,359.619,0,0,-261.631
"MtrElec",12,8,16,"",291.511,0,0,0,0,0,0,0,0,0,0,0,0,0,0,0,0,0,0,0,0,384.988,0,0,-93.4776
"MtrElec",12,8,17,"",380.165,0,0,0,0,0,0,0,0,0,0,0,0,0,0,0,0,0,0,0,0,407.007,0,0,-26.8421
"MtrElec",12,8,18,"",420.369,0,0,0,0,0,0,0,0,0,0,0,0,0,0,0,0,0,0,0,0,420.369,0,0,0
"MtrElec",12,8,19,"",277.906,0,0,0,0,0,0,0,0,0,0,0,0,0,0,0,0,0,0,0,0,434.266,0,-156.361,0
"MtrElec",12,8,20,"",414.698,0,0,0,0,0,0,0,0,0,0,0,0,0,0,0,0,0,0,0,0,414.698,0,0,0
"MtrElec",12,8,21,"",432.98,0,0,0,0,0,0,0,0,0,0,0,0,0,0,0,0,0,0,0,0,432.98,0,0,0
"MtrElec",12,8,22,"",286.238,0,0,0,0,0,0,0,0,0,0,0,0,0,0,0,0,0,0,0,0,286.238,0,0,0
"MtrElec",12,8,23,"",311.249,0,0,0,0,0,0,0,0,0,0,0,0,0,0,0,0,0,0,0,0,311.249,0,0,0
"MtrElec",12,8,24,"",226.325,0,0,0,0,0,0,0,0,0,0,0,0,0,0,0,0,0,0,0,0,226.325,0,0,0
"MtrElec",12,9,1,"",171.097,0,0,0,0,0,0,0,0,0,0,0,0,0,0,0,0,0,0,0,0,171.097,0,0,0
"MtrElec",12,9,2,"",161.619,0,0,0,0,0,0,0,0,0,0,0,0,0,0,0,0,0,0,0,0,161.619,0,0,0
"MtrElec",12,9,3,"",167.663,0,0,0,0,0,0,0,0,0,0,0,0,0,0,0,0,0,0,0,0,167.663,0,0,0
"MtrElec",12,9,4,"",178.723,0,0,0,0,0,0,0,0,0,0,0,0,0,0,0,0,0,0,0,0,178.723,0,0,0
"MtrElec",12,9,5,"",214.799,0,0,0,0,0,0,0,0,0,0,0,0,0,0,0,0,0,0,0,0,214.799,0,0,0
"MtrElec",12,9,6,"",168.98,0,0,0,0,0,0,0,0,0,0,0,0,0,0,0,0,0,0,0,0,168.98,0,0,0
"MtrElec",12,9,7,"",260.26,0,0,0,0,0,0,0,0,0,0,0,0,0,0,0,0,0,0,0,0,260.26,0,0,0
"MtrElec",12,9,8,"",194.589,0,0,0,0,0,0,0,0,0,0,0,0,0,0,0,0,0,0,0,0,315.109,0,0,-120.52
"MtrElec",12,9,9,"",40.7272,0,0,0,0,0,0,0,0,0,0,0,0,0,0,0,0,0,0,0,0,357.173,0,0,-316.445
"MtrElec",12,9,10,"",-124.134,0,0,0,0,0,0,0,0,0,0,0,0,0,0,0,0,0,0,0,0,344.104,0,0,-468.238
"MtrElec",12,9,11,"",0,0,0,0,0,0,0,0,0,0,0,0,0,0,0,0,0,0,0,0,0,403.291,0,148.495,-551.786
"MtrElec",12,9,12,"",0,0,0,0,0,0,0,0,0,0,0,0,0,0,0,0,0,0,0,0,0,386.978,0,189.129,-576.107
"MtrElec",12,9,13,"",-6.21772,0,0,0,0,0,0,0,0,0,0,0,0,0,0,0,0,0,0,0,0,339.752,0,223.217,-569.186
"MtrElec",12,9,14,"",0.0000078,0,0,0,0,0,0,0,0,0,0,0,0,0,0,0,0,0,0,0,0,388.663,0,113.194,-501.857
"MtrElec",12,9,15,"",0,0,0,0,0,0,0,0,0,0,0,0,0,0,0,0,0,0,0,0,0,334.259,0,47.8411,-382.1
"MtrElec",12,9,16,"",184.96,0,0,0,0,0,0,0,0,0,0,0,0,0,0,0,0,0,0,0,0,402.131,0,0,-217.171
"MtrElec",12,9,17,"",332.357,0,0,0,0,0,0,0,0,0,0,0,0,0,0,0,0,0,0,0,0,373.599,0,0,-41.2415
"MtrElec",12,9,18,"",450.321,0,0,0,0,0,0,0,0,0,0,0,0,0,0,0,0,0,0,0,0,450.321,0,0,0
"MtrElec",12,9,19,"",193.139,0,0,0,0,0,0,0,0,0,0,0,0,0,0,0,0,0,0,0,0,416.356,0,-223.217,0
"MtrElec",12,9,20,"",173.97,0,0,0,0,0,0,0,0,0,0,0,0,0,0,0,0,0,0,0,0,397.187,0,-223.217,0
"MtrElec",12,9,21,"",261.135,0,0,0,0,0,0,0,0,0,0,0,0,0,0,0,0,0,0,0,0,466.194,0,-205.059,0
"MtrElec",12,9,22,"",300.398,0,0,0,0,0,0,0,0,0,0,0,0,0,0,0,0,0,0,0,0,300.398,0,0,0
"MtrElec",12,9,23,"",296.223,0,0,0,0,0,0,0,0,0,0,0,0,0,0,0,0,0,0,0,0,296.223,0,0,0
"MtrElec",12,9,24,"",210.46,0,0,0,0,0,0,0,0,0,0,0,0,0,0,0,0,0,0,0,0,210.46,0,0,0
"MtrElec",12,10,1,"",171.818,0,0,0,0,0,0,0,0,0,0,0,0,0,0,0,0,0,0,0,0,171.818,0,0,0
"MtrElec",12,10,2,"",159.522,0,0,0,0,0,0,0,0,0,0,0,0,0,0,0,0,0,0,0,0,159.522,0,0,0
"MtrElec",12,10,3,"",200.692,0,0,0,0,0,0,0,0,0,0,0,0,0,0,0,0,0,0,0,0,200.692,0,0,0
"MtrElec",12,10,4,"",166.245,0,0,0,0,0,0,0,0,0,0,0,0,0,0,0,0,0,0,0,0,166.245,0,0,0
"MtrElec",12,10,5,"",158.629,0,0,0,0,0,0,0,0,0,0,0,0,0,0,0,0,0,0,0,0,158.629,0,0,0
"MtrElec",12,10,6,"",167.043,0,0,0,0,0,0,0,0,0,0,0,0,0,0,0,0,0,0,0,0,167.043,0,0,0
"MtrElec",12,10,7,"",283.307,0,0,0,0,0,0,0,0,0,0,0,0,0,0,0,0,0,0,0,0,283.307,0,0,0
"MtrElec",12,10,8,"",182.691,0,0,0,0,0,0,0,0,0,0,0,0,0,0,0,0,0,0,0,0,312.709,0,0,-130.018
"MtrElec",12,10,9,"",56.1357,0,0,0,0,0,0,0,0,0,0,0,0,0,0,0,0,0,0,0,0,378.058,0,0,-321.923
"MtrElec",12,10,10,"",-35.1694,0,0,0,0,0,0,0,0,0,0,0,0,0,0,0,0,0,0,0,0,430.087,0,0,-465.256
"MtrElec",12,10,11,"",0,0,0,0,0,0,0,0,0,0,0,0,0,0,0,0,0,0,0,0,0,461.895,0,88.2254,-550.12
"MtrElec",12,10,12,"",0.0000078,0,0,0,0,0,0,0,0,0,0,0,0,0,0,0,0,0,0,0,0,458.82,0,121.269,-580.089
"MtrElec",12,10,13,"",0.0000039,0,0,0,0,0,0,0,0,0,0,0,0,0,0,0,0,0,0,0,0,512.544,0,42.5083,-555.053
"MtrElec",12,10,14,"",0,0,0,0,0,0,0,0,0,0,0,0,0,0,0,0,0,0,0,0,0,425.62,0,55.408,-481.028
"MtrElec",12,10,15,"",45.2904,0,0,0,0,0,0,0,0,0,0,0,0,0,0,0,0,0,0,0,0,423.689,0,0,-378.398
"MtrElec",12,10,16,"",204.361,0,0,0,0,0,0,0,0,0,0,0,0,0,0,0,0,0,0,0,0,425.508,0,0,-221.146
"MtrElec",12,10,17,"",449.601,0,0,0,0,0,0,0,0,0,0,0,0,0,0,0,0,0,0,0,0,491.758,0,0,-42.1568
"MtrElec",12,10,18,"",428.09,0,0,0,0,0,0,0,0,0,0,0,0,0,0,0,0,0,0,0,0,428.09,0,0,0
"MtrElec",12,10,19,"",263.75,0,0,0,0,0,0,0,0,0,0,0,0,0,0,0,0,0,0,0,0,486.967,0,-223.217,0
"MtrElec",12,10,20,"",360.616,0,0,0,0,0,0,0,0,0,0,0,0,0,0,0,0,0,0,0,0,414.838,0,-54.2213,0
"MtrElec",12,10,21,"",453.354,0,0,0,0,0,0,0,0,0,0,0,0,0,0,0,0,0,0,0,0,453.354,0,0,0
"MtrElec",12,10,22,"",287.794,0,0,0,0,0,0,0,0,0,0,0,0,0,0,0,0,0,0,0,0,287.794,0,0,0
"MtrElec",12,10,23,"",305.472,0,0,0,0,0,0,0,0,0,0,0,0,0,0,0,0,0,0,0,0,305.472,0,0,0
"MtrElec",12,10,24,"",209.327,0,0,0,0,0,0,0,0,0,0,0,0,0,0,0,0,0,0,0,0,209.327,0,0,0
"MtrElec",12,11,1,"",163.684,0,0,0,0,0,0,0,0,0,0,0,0,0,0,0,0,0,0,0,0,163.684,0,0,0
"MtrElec",12,11,2,"",157.579,0,0,0,0,0,0,0,0,0,0,0,0,0,0,0,0,0,0,0,0,157.579,0,0,0
"MtrElec",12,11,3,"",156.25,0,0,0,0,0,0,0,0,0,0,0,0,0,0,0,0,0,0,0,0,156.25,0,0,0
"MtrElec",12,11,4,"",158.8,0,0,0,0,0,0,0,0,0,0,0,0,0,0,0,0,0,0,0,0,158.8,0,0,0
"MtrElec",12,11,5,"",191.066,0,0,0,0,0,0,0,0,0,0,0,0,0,0,0,0,0,0,0,0,191.066,0,0,0
"MtrElec",12,11,6,"",157.294,0,0,0,0,0,0,0,0,0,0,0,0,0,0,0,0,0,0,0,0,157.294,0,0,0
"MtrElec",12,11,7,"",262.067,0,0,0,0,0,0,0,0,0,0,0,0,0,0,0,0,0,0,0,0,262.067,0,0,0
"MtrElec",12,11,8,"",200.095,0,0,0,0,0,0,0,0,0,0,0,0,0,0,0,0,0,0,0,0,330.512,0,0,-130.417
"MtrElec",12,11,9,"",51.8557,0,0,0,0,0,0,0,0,0,0,0,0,0,0,0,0,0,0,0,0,371.763,0,0,-319.907
"MtrElec",12,11,10,"",-34.6789,0,0,0,0,0,0,0,0,0,0,0,0,0,0,0,0,0,0,0,0,415.234,0,0,-449.912
"MtrElec",12,11,11,"",0,0,0,0,0,0,0,0,0,0,0,0,0,0,0,0,0,0,0,0,0,432.09,0,105.52,-537.609
"MtrElec",12,11,12,"",0,0,0,0,0,0,0,0,0,0,0,0,0,0,0,0,0,0,0,0,0,437.928,0,137.003,-574.931
"MtrElec",12,11,13,"",0,0,0,0,0,0,0,0,0,0,0,0,0,0,0,0,0,0,0,0,0,392.676,0,163.578,-556.254
"MtrElec",12,11,14,"",0,0,0,0,0,0,0,0,0,0,0,0,0,0,0,0,0,0,0,0,0,455.159,0,35.7333,-490.892
"MtrElec",12,11,15,"",32.0277,0,0,0,0,0,0,0,0,0,0,0,0,0,0,0,0,0,0,0,0,414.729,0,0,-382.701
"MtrElec",12,11,16,"",232.635,0,0,0,0,0,0,0,0,0,0,0,0,0,0,0,0,0,0,0,0,454.07,0,0,-221.436
"MtrElec",12,11,17,"",409.659,0,0,0,0,0,0,0,0,0,0,0,0,0,0,0,0,0,0,0,0,451.402,0,0,-41.7429
"MtrElec",12,11,18,"",482.077,0,0,0,0,0,0,0,0,0,0,0,0,0,0,0,0,0,0,0,0,482.077,0,0,0
"MtrElec",12,11,19,"",184.449,0,0,0,0,0,0,0,0,0,0,0,0,0,0,0,0,0,0,0,0,407.665,0,-223.217,0
"MtrElec",12,11,20,"",217.462,0,0,0,0,0,0,0,0,0,0,0,0,0,0,0,0,0,0,0,0,393,0,-175.538,0
"MtrElec",12,11,21,"",465.385,0,0,0,0,0,0,0,0,0,0,0,0,0,0,0,0,0,0,0,0,465.385,0,0,0
"MtrElec",12,11,22,"",303.434,0,0,0,0,0,0,0,0,0,0,0,0,0,0,0,0,0,0,0,0,303.434,0,0,0
"MtrElec",12,11,23,"",278.997,0,0,0,0,0,0,0,0,0,0,0,0,0,0,0,0,0,0,0,0,278.997,0,0,0
"MtrElec",12,11,24,"",224.195,0,0,0,0,0,0,0,0,0,0,0,0,0,0,0,0,0,0,0,0,224.195,0,0,0
"MtrElec",12,12,1,"",180.231,0,0,0,0,0,0,0,0,0,0,0,0,0,0,0,0,0,0,0,0,180.231,0,0,0
"MtrElec",12,12,2,"",156.85,0,0,0,0,0,0,0,0,0,0,0,0,0,0,0,0,0,0,0,0,156.85,0,0,0
"MtrElec",12,12,3,"",159.086,0,0,0,0,0,0,0,0,0,0,0,0,0,0,0,0,0,0,0,0,159.086,0,0,0
"MtrElec",12,12,4,"",202.667,0,0,0,0,0,0,0,0,0,0,0,0,0,0,0,0,0,0,0,0,202.667,0,0,0
"MtrElec",12,12,5,"",179.947,0,0,0,0,0,0,0,0,0,0,0,0,0,0,0,0,0,0,0,0,179.947,0,0,0
"MtrElec",12,12,6,"",160.97,0,0,0,0,0,0,0,0,0,0,0,0,0,0,0,0,0,0,0,0,160.97,0,0,0
"MtrElec",12,12,7,"",174.392,0,0,0,0,0,0,0,0,0,0,0,0,0,0,0,0,0,0,0,0,174.392,0,0,0
"MtrElec",12,12,8,"",162.209,0,0,0,0,0,0,0,0,0,0,0,0,0,0,0,0,0,0,0,0,246.652,0,0,-84.4426
"MtrElec",12,12,9,"",273.158,0,0,0,0,0,0,0,0,0,0,0,0,0,0,0,0,0,0,0,0,307.552,0,0,-34.3935
"MtrElec",12,12,10,"",269.985,0,0,0,0,0,0,0,0,0,0,0,0,0,0,0,0,0,0,0,0,353.344,0,0,-83.3595
"MtrElec",12,12,11,"",345.949,0,0,0,0,0,0,0,0,0,0,0,0,0,0,0,0,0,0,0,0,459.052,0,0,-113.103
"MtrElec",12,12,12,"",232.457,0,0,0,0,0,0,0,0,0,0,0,0,0,0,0,0,0,0,0,0,394.962,0,0,-162.505
"MtrElec",12,12,13,"",0.0000039,0,0,0,0,0,0,0,0,0,0,0,0,0,0,0,0,0,0,0,0,471.435,0,39.5224,-510.957
"MtrElec",12,12,14,"",0.0000078,0,0,0,0,0,0,0,0,0,0,0,0,0,0,0,0,0,0,0,0,404.547,0,98.5898,-503.137
"MtrElec",12,12,15,"",48.5809,0,0,0,0,0,0,0,0,0,0,0,0,0,0,0,0,0,0,0,0,432.188,0,0,-383.608
"MtrElec",12,12,16,"",134.032,0,0,0,0,0,0,0,0,0,0,0,0,0,0,0,0,0,0,0,0,352.204,0,0,-218.172
"MtrElec",12,12,17,"",355.698,0,0,0,0,0,0,0,0,0,0,0,0,0,0,0,0,0,0,0,0,398.183,0,0,-42.4848
"MtrElec",12,12,18,"",385.865,0,0,0,0,0,0,0,0,0,0,0,0,0,0,0,0,0,0,0,0,385.865,0,0,0
"MtrElec",12,12,19,"",317.942,0,0,0,0,0,0,0,0,0,0,0,0,0,0,0,0,0,0,0,0,442.589,0,-124.646,0
"MtrElec",12,12,20,"",334.337,0,0,0,0,0,0,0,0,0,0,0,0,0,0,0,0,0,0,0,0,334.337,0,0,0
"MtrElec",12,12,21,"",353.406,0,0,0,0,0,0,0,0,0,0,0,0,0,0,0,0,0,0,0,0,353.406,0,0,0
"MtrElec",12,12,22,"",292.726,0,0,0,0,0,0,0,0,0,0,0,0,0,0,0,0,0,0,0,0,292.726,0,0,0
"MtrElec",12,12,23,"",274.984,0,0,0,0,0,0,0,0,0,0,0,0,0,0,0,0,0,0,0,0,274.984,0,0,0
"MtrElec",12,12,24,"",217.89,0,0,0,0,0,0,0,0,0,0,0,0,0,0,0,0,0,0,0,0,217.89,0,0,0
"MtrElec",12,13,1,"",175.227,0,0,0,0,0,0,0,0,0,0,0,0,0,0,0,0,0,0,0,0,175.227,0,0,0
"MtrElec",12,13,2,"",156.726,0,0,0,0,0,0,0,0,0,0,0,0,0,0,0,0,0,0,0,0,156.726,0,0,0
"MtrElec",12,13,3,"",154.062,0,0,0,0,0,0,0,0,0,0,0,0,0,0,0,0,0,0,0,0,154.062,0,0,0
"MtrElec",12,13,4,"",156.369,0,0,0,0,0,0,0,0,0,0,0,0,0,0,0,0,0,0,0,0,156.369,0,0,0
"MtrElec",12,13,5,"",193.747,0,0,0,0,0,0,0,0,0,0,0,0,0,0,0,0,0,0,0,0,193.747,0,0,0
"MtrElec",12,13,6,"",157.555,0,0,0,0,0,0,0,0,0,0,0,0,0,0,0,0,0,0,0,0,157.555,0,0,0
"MtrElec",12,13,7,"",165.683,0,0,0,0,0,0,0,0,0,0,0,0,0,0,0,0,0,0,0,0,165.683,0,0,0
"MtrElec",12,13,8,"",155.638,0,0,0,0,0,0,0,0,0,0,0,0,0,0,0,0,0,0,0,0,270.329,0,0,-114.692
"MtrElec",12,13,9,"",-78.7061,0,0,0,0,0,0,0,0,0,0,0,0,0,0,0,0,0,0,0,0,236.348,0,0,-315.054
"MtrElec",12,13,10,"",-154.661,0,0,0,0,0,0,0,0,0,0,0,0,0,0,0,0,0,0,0,0,302.997,0,0,-457.657
"MtrElec",12,13,11,"",0.0000156,0,0,0,0,0,0,0,0,0,0,0,0,0,0,0,0,0,0,0,0,391.028,0,166.505,-557.532
"MtrElec",12,13,12,"",0,0,0,0,0,0,0,0,0,0,0,0,0,0,0,0,0,0,0,0,0,394.433,0,201.772,-596.205
"MtrElec",12,13,13,"",0,0,0,0,0,0,0,0,0,0,0,0,0,0,0,0,0,0,0,0,0,432.943,0,146.703,-579.646
"MtrElec",12,13,14,"",0,0,0,0,0,0,0,0,0,0,0,0,0,0,0,0,0,0,0,0,0,369.675,0,142.27,-511.945
"MtrElec",12,13,15,"",32.925,0,0,0,0,0,0,0,0,0,0,0,0,0,0,0,0,0,0,0,0,432.182,0,0,-399.257
"MtrElec",12,13,16,"",101.606,0,0,0,0,0,0,0,0,0,0,0,0,0,0,0,0,0,0,0,0,331.526,0,0,-229.92
"MtrElec",12,13,17,"",367.936,0,0,0,0,0,0,0,0,0,0,0,0,0,0,0,0,0,0,0,0,414.203,0,0,-46.2673
"MtrElec",12,13,18,"",334.177,0,0,0,0,0,0,0,0,0,0,0,0,0,0,0,0,0,0,0,0,334.177,0,0,0
"MtrElec",12,13,19,"",199.773,0,0,0,0,0,0,0,0,0,0,0,0,0,0,0,0,0,0,0,0,422.989,0,-223.217,0
"MtrElec",12,13,20,"",110.769,0,0,0,0,0,0,0,0,0,0,0,0,0,0,0,0,0,0,0,0,333.986,0,-223.217,0
"MtrElec",12,13,21,"",199.68,0,0,0,0,0,0,0,0,0,0,0,0,0,0,0,0,0,0,0,0,346.414,0,-146.735,0
"MtrElec",12,13,22,"",335.073,0,0,0,0,0,0,0,0,0,0,0,0,0,0,0,0,0,0,0,0,335.073,0,0,0
"MtrElec",12,13,23,"",217.646,0,0,0,0,0,0,0,0,0,0,0,0,0,0,0,0,0,0,0,0,217.646,0,0,0
"MtrElec",12,13,24,"",210.276,0,0,0,0,0,0,0,0,0,0,0,0,0,0,0,0,0,0,0,0,210.276,0,0,0
"MtrElec",12,14,1,"",179.369,0,0,0,0,0,0,0,0,0,0,0,0,0,0,0,0,0,0,0,0,179.369,0,0,0
"MtrElec",12,14,2,"",159.722,0,0,0,0,0,0,0,0,0,0,0,0,0,0,0,0,0,0,0,0,159.722,0,0,0
"MtrElec",12,14,3,"",155.383,0,0,0,0,0,0,0,0,0,0,0,0,0,0,0,0,0,0,0,0,155.383,0,0,0
"MtrElec",12,14,4,"",158.139,0,0,0,0,0,0,0,0,0,0,0,0,0,0,0,0,0,0,0,0,158.139,0,0,0
"MtrElec",12,14,5,"",154.809,0,0,0,0,0,0,0,0,0,0,0,0,0,0,0,0,0,0,0,0,154.809,0,0,0
"MtrElec",12,14,6,"",180.52,0,0,0,0,0,0,0,0,0,0,0,0,0,0,0,0,0,0,0,0,180.52,0,0,0
"MtrElec",12,14,7,"",270.385,0,0,0,0,0,0,0,0,0,0,0,0,0,0,0,0,0,0,0,0,270.385,0,0,0
"MtrElec",12,14,8,"",194.928,0,0,0,0,0,0,0,0,0,0,0,0,0,0,0,0,0,0,0,0,313.265,0,0,-118.337
"MtrElec",12,14,9,"",91.7598,0,0,0,0,0,0,0,0,0,0,0,0,0,0,0,0,0,0,0,0,411.501,0,0,-319.741
"MtrElec",12,14,10,"",-29.0154,0,0,0,0,0,0,0,0,0,0,0,0,0,0,0,0,0,0,0,0,433.314,0,0,-462.33
"MtrElec",12,14,11,"",0,0,0,0,0,0,0,0,0,0,0,0,0,0,0,0,0,0,0,0,0,444.155,0,95.2995,-539.454
"MtrElec",12,14,12,"",0,0,0,0,0,0,0,0,0,0,0,0,0,0,0,0,0,0,0,0,0,431.264,0,131.968,-563.232
"MtrElec",12,14,13,"",0,0,0,0,0,0,0,0,0,0,0,0,0,0,0,0,0,0,0,0,0,520.095,0,28.3946,-548.49
"MtrElec",12,14,14,"",0.0000039,0,0,0,0,0,0,0,0,0,0,0,0,0,0,0,0,0,0,0,0,422.948,0,63.6755,-486.624
"MtrElec",12,14,15,"",59.5777,0,0,0,0,0,0,0,0,0,0,0,0,0,0,0,0,0,0,0,0,437.958,0,0,-378.381
"MtrElec",12,14,16,"",216.357,0,0,0,0,0,0,0,0,0,0,0,0,0,0,0,0,0,0,0,0,440.265,0,0,-223.908
"MtrElec",12,14,17,"",422.764,0,0,0,0,0,0,0,0,0,0,0,0,0,0,0,0,0,0,0,0,469.149,0,0,-46.3851
"MtrElec",12,14,18,"",416.175,0,0,0,0,0,0,0,0,0,0,0,0,0,0,0,0,0,0,0,0,416.175,0,0,0
"MtrElec",12,14,19,"",219.368,0,0,0,0,0,0,0,0,0,0,0,0,0,0,0,0,0,0,0,0,442.585,0,-223.217,0
"MtrElec",12,14,20,"",315.209,0,0,0,0,0,0,0,0,0,0,0,0,0,0,0,0,0,0,0,0,380.194,0,-64.9856,0
"MtrElec",12,14,21,"",434.7,0,0,0,0,0,0,0,0,0,0,0,0,0,0,0,0,0,0,0,0,434.7,0,0,0
"MtrElec",12,14,22,"",296.805,0,0,0,0,0,0,0,0,0,0,0,0,0,0,0,0,0,0,0,0,296.805,0,0,0
"MtrElec",12,14,23,"",281.478,0,0,0,0,0,0,0,0,0,0,0,0,0,0,0,0,0,0,0,0,281.478,0,0,0
"MtrElec",12,14,24,"",202.179,0,0,0,0,0,0,0,0,0,0,0,0,0,0,0,0,0,0,0,0,202.179,0,0,0
"MtrElec",12,15,1,"",174.253,0,0,0,0,0,0,0,0,0,0,0,0,0,0,0,0,0,0,0,0,174.253,0,0,0
"MtrElec",12,15,2,"",159.234,0,0,0,0,0,0,0,0,0,0,0,0,0,0,0,0,0,0,0,0,159.234,0,0,0
"MtrElec",12,15,3,"",152.579,0,0,0,0,0,0,0,0,0,0,0,0,0,0,0,0,0,0,0,0,152.579,0,0,0
"MtrElec",12,15,4,"",154.222,0,0,0,0,0,0,0,0,0,0,0,0,0,0,0,0,0,0,0,0,154.222,0,0,0
"MtrElec",12,15,5,"",184.134,0,0,0,0,0,0,0,0,0,0,0,0,0,0,0,0,0,0,0,0,184.134,0,0,0
"MtrElec",12,15,6,"",156.913,0,0,0,0,0,0,0,0,0,0,0,0,0,0,0,0,0,0,0,0,156.913,0,0,0
"MtrElec",12,15,7,"",260.753,0,0,0,0,0,0,0,0,0,0,0,0,0,0,0,0,0,0,0,0,260.753,0,0,0
"MtrElec",12,15,8,"",176.889,0,0,0,0,0,0,0,0,0,0,0,0,0,0,0,0,0,0,0,0,294.413,0,0,-117.524
"MtrElec",12,15,9,"",30.7272,0,0,0,0,0,0,0,0,0,0,0,0,0,0,0,0,0,0,0,0,353.818,0,0,-323.091
"MtrElec",12,15,10,"",-45.4086,0,0,0,0,0,0,0,0,0,0,0,0,0,0,0,0,0,0,0,0,418.165,0,0,-463.573
"MtrElec",12,15,11,"",0,0,0,0,0,0,0,0,0,0,0,0,0,0,0,0,0,0,0,0,0,395.474,0,138.552,-534.026
"MtrElec",12,15,12,"",0,0,0,0,0,0,0,0,0,0,0,0,0,0,0,0,0,0,0,0,0,451.3,0,114.564,-565.864
"MtrElec",12,15,13,"",0,0,0,0,0,0,0,0,0,0,0,0,0,0,0,0,0,0,0,0,0,461.26,0,90.1878,-551.448
"MtrElec",12,15,14,"",0.0000078,0,0,0,0,0,0,0,0,0,0,0,0,0,0,0,0,0,0,0,0,412.388,0,91.8863,-504.274
"MtrElec",12,15,15,"",0,0,0,0,0,0,0,0,0,0,0,0,0,0,0,0,0,0,0,0,0,389.158,0,8.31612,-397.474
"MtrElec",12,15,16,"",199.555,0,0,0,0,0,0,0,0,0,0,0,0,0,0,0,0,0,0,0,0,430.172,0,0,-230.617
"MtrElec",12,15,17,"",386.289,0,0,0,0,0,0,0,0,0,0,0,0,0,0,0,0,0,0,0,0,434.041,0,0,-47.7521
"MtrElec",12,15,18,"",446.335,0,0,0,0,0,0,0,0,0,0,0,0,0,0,0,0,0,0,0,0,446.335,0,0,0
"MtrElec",12,15,19,"",228.878,0,0,0,0,0,0,0,0,0,0,0,0,0,0,0,0,0,0,0,0,452.095,0,-223.217,0
"MtrElec",12,15,20,"",224.603,0,0,0,0,0,0,0,0,0,0,0,0,0,0,0,0,0,0,0,0,401.65,0,-177.047,0
"MtrElec",12,15,21,"",442.896,0,0,0,0,0,0,0,0,0,0,0,0,0,0,0,0,0,0,0,0,442.896,0,0,0
"MtrElec",12,15,22,"",316.321,0,0,0,0,0,0,0,0,0,0,0,0,0,0,0,0,0,0,0,0,316.321,0,0,0
"MtrElec",12,15,23,"",289.003,0,0,0,0,0,0,0,0,0,0,0,0,0,0,0,0,0,0,0,0,289.003,0,0,0
"MtrElec",12,15,24,"",226.078,0,0,0,0,0,0,0,0,0,0,0,0,0,0,0,0,0,0,0,0,226.078,0,0,0
"MtrElec",12,16,1,"",177.469,0,0,0,0,0,0,0,0,0,0,0,0,0,0,0,0,0,0,0,0,177.469,0,0,0
"MtrElec",12,16,2,"",159.688,0,0,0,0,0,0,0,0,0,0,0,0,0,0,0,0,0,0,0,0,159.688,0,0,0
"MtrElec",12,16,3,"",156.428,0,0,0,0,0,0,0,0,0,0,0,0,0,0,0,0,0,0,0,0,156.428,0,0,0
"MtrElec",12,16,4,"",155.822,0,0,0,0,0,0,0,0,0,0,0,0,0,0,0,0,0,0,0,0,155.822,0,0,0
"MtrElec",12,16,5,"",202.905,0,0,0,0,0,0,0,0,0,0,0,0,0,0,0,0,0,0,0,0,202.905,0,0,0
"MtrElec",12,16,6,"",155.209,0,0,0,0,0,0,0,0,0,0,0,0,0,0,0,0,0,0,0,0,155.209,0,0,0
"MtrElec",12,16,7,"",249.653,0,0,0,0,0,0,0,0,0,0,0,0,0,0,0,0,0,0,0,0,249.653,0,0,0
"MtrElec",12,16,8,"",187.497,0,0,0,0,0,0,0,0,0,0,0,0,0,0,0,0,0,0,0,0,308.19,0,0,-120.693
"MtrElec",12,16,9,"",48.7393,0,0,0,0,0,0,0,0,0,0,0,0,0,0,0,0,0,0,0,0,375.806,0,0,-327.067
"MtrElec",12,16,10,"",-43.3103,0,0,0,0,0,0,0,0,0,0,0,0,0,0,0,0,0,0,0,0,419.024,0,0,-462.335
"MtrElec",12,16,11,"",0.0000078,0,0,0,0,0,0,0,0,0,0,0,0,0,0,0,0,0,0,0,0,458.257,0,85.4007,-543.658
"MtrElec",12,16,12,"",0,0,0,0,0,0,0,0,0,0,0,0,0,0,0,0,0,0,0,0,0,450.334,0,136.484,-586.819
"MtrElec",12,16,13,"",0,0,0,0,0,0,0,0,0,0,0,0,0,0,0,0,0,0,0,0,0,470.582,0,109.007,-579.589
"MtrElec",12,16,14,"",0,0,0,0,0,0,0,0,0,0,0,0,0,0,0,0,0,0,0,0,0,418.103,0,21.5544,-439.658
"MtrElec",12,16,15,"",64.1927,0,0,0,0,0,0,0,0,0,0,0,0,0,0,0,0,0,0,0,0,392.086,0,0,-327.893
"MtrElec",12,16,16,"",301.398,0,0,0,0,0,0,0,0,0,0,0,0,0,0,0,0,0,0,0,0,412.555,0,0,-111.157
"MtrElec",12,16,17,"",423.196,0,0,0,0,0,0,0,0,0,0,0,0,0,0,0,0,0,0,0,0,432.243,0,0,-9.04691
"MtrElec",12,16,18,"",455.541,0,0,0,0,0,0,0,0,0,0,0,0,0,0,0,0,0,0,0,0,455.541,0,0,0
"MtrElec",12,16,19,"",223.234,0,0,0,0,0,0,0,0,0,0,0,0,0,0,0,0,0,0,0,0,446.451,0,-223.217,0
"MtrElec",12,16,20,"",296.851,0,0,0,0,0,0,0,0,0,0,0,0,0,0,0,0,0,0,0,0,391.717,0,-94.8661,0
"MtrElec",12,16,21,"",449.45,0,0,0,0,0,0,0,0,0,0,0,0,0,0,0,0,0,0,0,0,449.45,0,0,0
"MtrElec",12,16,22,"",301.369,0,0,0,0,0,0,0,0,0,0,0,0,0,0,0,0,0,0,0,0,301.369,0,0,0
"MtrElec",12,16,23,"",269.44,0,0,0,0,0,0,0,0,0,0,0,0,0,0,0,0,0,0,0,0,269.44,0,0,0
"MtrElec",12,16,24,"",194.772,0,0,0,0,0,0,0,0,0,0,0,0,0,0,0,0,0,0,0,0,194.772,0,0,0
"MtrElec",12,17,1,"",183.043,0,0,0,0,0,0,0,0,0,0,0,0,0,0,0,0,0,0,0,0,183.043,0,0,0
"MtrElec",12,17,2,"",158.785,0,0,0,0,0,0,0,0,0,0,0,0,0,0,0,0,0,0,0,0,158.785,0,0,0
"MtrElec",12,17,3,"",173.141,0,0,0,0,0,0,0,0,0,0,0,0,0,0,0,0,0,0,0,0,173.141,0,0,0
"MtrElec",12,17,4,"",196.868,0,0,0,0,0,0,0,0,0,0,0,0,0,0,0,0,0,0,0,0,196.868,0,0,0
"MtrElec",12,17,5,"",161.42,0,0,0,0,0,0,0,0,0,0,0,0,0,0,0,0,0,0,0,0,161.42,0,0,0
"MtrElec",12,17,6,"",161.407,0,0,0,0,0,0,0,0,0,0,0,0,0,0,0,0,0,0,0,0,161.407,0,0,0
"MtrElec",12,17,7,"",256.814,0,0,0,0,0,0,0,0,0,0,0,0,0,0,0,0,0,0,0,0,256.814,0,0,0
"MtrElec",12,17,8,"",194.871,0,0,0,0,0,0,0,0,0,0,0,0,0,0,0,0,0,0,0,0,318.486,0,0,-123.615
"MtrElec",12,17,9,"",38.7503,0,0,0,0,0,0,0,0,0,0,0,0,0,0,0,0,0,0,0,0,370.906,0,0,-332.156
"MtrElec",12,17,10,"",-53.6826,0,0,0,0,0,0,0,0,0,0,0,0,0,0,0,0,0,0,0,0,414.746,0,0,-468.428
"MtrElec",12,17,11,"",0,0,0,0,0,0,0,0,0,0,0,0,0,0,0,0,0,0,0,0,0,415.599,0,135.001,-550.6
"MtrElec",12,17,12,"",0,0,0,0,0,0,0,0,0,0,0,0,0,0,0,0,0,0,0,0,0,469.33,0,124.451,-593.78
"MtrElec",12,17,13,"",0,0,0,0,0,0,0,0,0,0,0,0,0,0,0,0,0,0,0,0,0,409.085,0,168.434,-577.519
"MtrElec",12,17,14,"",0,0,0,0,0,0,0,0,0,0,0,0,0,0,0,0,0,0,0,0,0,417.608,0,97.2619,-514.87
"MtrElec",12,17,15,"",0,0,0,0,0,0,0,0,0,0,0,0,0,0,0,0,0,0,0,0,0,388.267,0,18.6729,-406.94
"MtrElec",12,17,16,"",177.256,0,0,0,0,0,0,0,0,0,0,0,0,0,0,0,0,0,0,0,0,421.171,0,0,-243.914
"MtrElec",12,17,17,"",362.333,0,0,0,0,0,0,0,0,0,0,0,0,0,0,0,0,0,0,0,0,414.824,0,0,-52.4912
"MtrElec",12,17,18,"",453.374,0,0,0,0,0,0,0,0,0,0,0,0,0,0,0,0,0,0,0,0,453.374,0,0,0
"MtrElec",12,17,19,"",183.251,0,0,0,0,0,0,0,0,0,0,0,0,0,0,0,0,0,0,0,0,406.468,0,-223.217,0
"MtrElec",12,17,20,"",220.181,0,0,0,0,0,0,0,0,0,0,0,0,0,0,0,0,0,0,0,0,443.397,0,-223.217,0
"MtrElec",12,17,21,"",376.629,0,0,0,0,0,0,0,0,0,0,0,0,0,0,0,0,0,0,0,0,420.993,0,-44.3642,0
"MtrElec",12,17,22,"",320.171,0,0,0,0,0,0,0,0,0,0,0,0,0,0,0,0,0,0,0,0,320.171,0,0,0
"MtrElec",12,17,23,"",239.519,0,0,0,0,0,0,0,0,0,0,0,0,0,0,0,0,0,0,0,0,239.519,0,0,0
"MtrElec",12,17,24,"",249.085,0,0,0,0,0,0,0,0,0,0,0,0,0,0,0,0,0,0,0,0,249.085,0,0,0
"MtrElec",12,18,1,"",168.184,0,0,0,0,0,0,0,0,0,0,0,0,0,0,0,0,0,0,0,0,168.184,0,0,0
"MtrElec",12,18,2,"",158.91,0,0,0,0,0,0,0,0,0,0,0,0,0,0,0,0,0,0,0,0,158.91,0,0,0
"MtrElec",12,18,3,"",149.432,0,0,0,0,0,0,0,0,0,0,0,0,0,0,0,0,0,0,0,0,149.432,0,0,0
"MtrElec",12,18,4,"",151.977,0,0,0,0,0,0,0,0,0,0,0,0,0,0,0,0,0,0,0,0,151.977,0,0,0
"MtrElec",12,18,5,"",155.538,0,0,0,0,0,0,0,0,0,0,0,0,0,0,0,0,0,0,0,0,155.538,0,0,0
"MtrElec",12,18,6,"",209.902,0,0,0,0,0,0,0,0,0,0,0,0,0,0,0,0,0,0,0,0,209.902,0,0,0
"MtrElec",12,18,7,"",202.344,0,0,0,0,0,0,0,0,0,0,0,0,0,0,0,0,0,0,0,0,202.344,0,0,0
"MtrElec",12,18,8,"",184.422,0,0,0,0,0,0,0,0,0,0,0,0,0,0,0,0,0,0,0,0,305.902,0,0,-121.48
"MtrElec",12,18,9,"",24.8279,0,0,0,0,0,0,0,0,0,0,0,0,0,0,0,0,0,0,0,0,359.909,0,0,-335.081
"MtrElec",12,18,10,"",18.0169,0,0,0,0,0,0,0,0,0,0,0,0,0,0,0,0,0,0,0,0,486.459,0,0,-468.442
"MtrElec",12,18,11,"",0,0,0,0,0,0,0,0,0,0,0,0,0,0,0,0,0,0,0,0,0,490.87,0,55.1339,-546.004
"MtrElec",12,18,12,"",0.0000078,0,0,0,0,0,0,0,0,0,0,0,0,0,0,0,0,0,0,0,0,458.769,0,116.204,-574.973
"MtrElec",12,18,13,"",0,0,0,0,0,0,0,0,0,0,0,0,0,0,0,0,0,0,0,0,0,392.676,0,164.725,-557.401
"MtrElec",12,18,14,"",0,0,0,0,0,0,0,0,0,0,0,0,0,0,0,0,0,0,0,0,0,424.409,0,76.1681,-500.577
"MtrElec",12,18,15,"",17.7675,0,0,0,0,0,0,0,0,0,0,0,0,0,0,0,0,0,0,0,0,412.606,0,0,-394.839
"MtrElec",12,18,16,"",206.393,0,0,0,0,0,0,0,0,0,0,0,0,0,0,0,0,0,0,0,0,437.996,0,0,-231.603
"MtrElec",12,18,17,"",424.756,0,0,0,0,0,0,0,0,0,0,0,0,0,0,0,0,0,0,0,0,473.073,0,0,-48.3163
"MtrElec",12,18,18,"",411.351,0,0,0,0,0,0,0,0,0,0,0,0,0,0,0,0,0,0,0,0,411.351,0,0,0
"MtrElec",12,18,19,"",211.602,0,0,0,0,0,0,0,0,0,0,0,0,0,0,0,0,0,0,0,0,434.819,0,-223.217,0
"MtrElec",12,18,20,"",256.063,0,0,0,0,0,0,0,0,0,0,0,0,0,0,0,0,0,0,0,0,404.885,0,-148.821,0
"MtrElec",12,18,21,"",433.158,0,0,0,0,0,0,0,0,0,0,0,0,0,0,0,0,0,0,0,0,433.158,0,0,0
"MtrElec",12,18,22,"",304.843,0,0,0,0,0,0,0,0,0,0,0,0,0,0,0,0,0,0,0,0,304.843,0,0,0
"MtrElec",12,18,23,"",332.43,0,0,0,0,0,0,0,0,0,0,0,0,0,0,0,0,0,0,0,0,332.43,0,0,0
"MtrElec",12,18,24,"",217.292,0,0,0,0,0,0,0,0,0,0,0,0,0,0,0,0,0,0,0,0,217.292,0,0,0
"MtrElec",12,19,1,"",194.532,0,0,0,0,0,0,0,0,0,0,0,0,0,0,0,0,0,0,0,0,194.532,0,0,0
"MtrElec",12,19,2,"",179.923,0,0,0,0,0,0,0,0,0,0,0,0,0,0,0,0,0,0,0,0,179.923,0,0,0
"MtrElec",12,19,3,"",157.08,0,0,0,0,0,0,0,0,0,0,0,0,0,0,0,0,0,0,0,0,157.08,0,0,0
"MtrElec",12,19,4,"",161.062,0,0,0,0,0,0,0,0,0,0,0,0,0,0,0,0,0,0,0,0,161.062,0,0,0
"MtrElec",12,19,5,"",172.565,0,0,0,0,0,0,0,0,0,0,0,0,0,0,0,0,0,0,0,0,172.565,0,0,0
"MtrElec",12,19,6,"",156.33,0,0,0,0,0,0,0,0,0,0,0,0,0,0,0,0,0,0,0,0,156.33,0,0,0
"MtrElec",12,19,7,"",234.404,0,0,0,0,0,0,0,0,0,0,0,0,0,0,0,0,0,0,0,0,234.404,0,0,0
"MtrElec",12,19,8,"",133.784,0,0,0,0,0,0,0,0,0,0,0,0,0,0,0,0,0,0,0,0,247.254,0,0,-113.47
"MtrElec",12,19,9,"",20.5128,0,0,0,0,0,0,0,0,0,0,0,0,0,0,0,0,0,0,0,0,338.19,0,0,-317.677
"MtrElec",12,19,10,"",-32.8324,0,0,0,0,0,0,0,0,0,0,0,0,0,0,0,0,0,0,0,0,417.963,0,0,-450.796
"MtrElec",12,19,11,"",0,0,0,0,0,0,0,0,0,0,0,0,0,0,0,0,0,0,0,0,0,494.419,0,40.8199,-535.239
"MtrElec",12,19,12,"",0,0,0,0,0,0,0,0,0,0,0,0,0,0,0,0,0,0,0,0,0,489.717,0,78.6826,-568.4
"MtrElec",12,19,13,"",0,0,0,0,0,0,0,0,0,0,0,0,0,0,0,0,0,0,0,0,0,498.097,0,56.4893,-554.587
"MtrElec",12,19,14,"",0.0000020,0,0,0,0,0,0,0,0,0,0,0,0,0,0,0,0,0,0,0,0,474.322,0,28.0806,-502.402
"MtrElec",12,19,15,"",59.3844,0,0,0,0,0,0,0,0,0,0,0,0,0,0,0,0,0,0,0,0,454.34,0,0,-394.956
"MtrElec",12,19,16,"",231.409,0,0,0,0,0,0,0,0,0,0,0,0,0,0,0,0,0,0,0,0,466.283,0,0,-234.873
"MtrElec",12,19,17,"",413.793,0,0,0,0,0,0,0,0,0,0,0,0,0,0,0,0,0,0,0,0,464.065,0,0,-50.2712
"MtrElec",12,19,18,"",414.452,0,0,0,0,0,0,0,0,0,0,0,0,0,0,0,0,0,0,0,0,414.452,0,0,0
"MtrElec",12,19,19,"",259.471,0,0,0,0,0,0,0,0,0,0,0,0,0,0,0,0,0,0,0,0,443.646,0,-184.175,0
"MtrElec",12,19,20,"",387.919,0,0,0,0,0,0,0,0,0,0,0,0,0,0,0,0,0,0,0,0,387.919,0,0,0
"MtrElec",12,19,21,"",339.338,0,0,0,0,0,0,0,0,0,0,0,0,0,0,0,0,0,0,0,0,339.338,0,0,0
"MtrElec",12,19,22,"",300.988,0,0,0,0,0,0,0,0,0,0,0,0,0,0,0,0,0,0,0,0,300.988,0,0,0
"MtrElec",12,19,23,"",226.721,0,0,0,0,0,0,0,0,0,0,0,0,0,0,0,0,0,0,0,0,226.721,0,0,0
"MtrElec",12,19,24,"",245.38,0,0,0,0,0,0,0,0,0,0,0,0,0,0,0,0,0,0,0,0,245.38,0,0,0
"MtrElec",12,20,1,"",190.307,0,0,0,0,0,0,0,0,0,0,0,0,0,0,0,0,0,0,0,0,190.307,0,0,0
"MtrElec",12,20,2,"",156.428,0,0,0,0,0,0,0,0,0,0,0,0,0,0,0,0,0,0,0,0,156.428,0,0,0
"MtrElec",12,20,3,"",160.854,0,0,0,0,0,0,0,0,0,0,0,0,0,0,0,0,0,0,0,0,160.854,0,0,0
"MtrElec",12,20,4,"",158.623,0,0,0,0,0,0,0,0,0,0,0,0,0,0,0,0,0,0,0,0,158.623,0,0,0
"MtrElec",12,20,5,"",172.217,0,0,0,0,0,0,0,0,0,0,0,0,0,0,0,0,0,0,0,0,172.217,0,0,0
"MtrElec",12,20,6,"",201.407,0,0,0,0,0,0,0,0,0,0,0,0,0,0,0,0,0,0,0,0,201.407,0,0,0
"MtrElec",12,20,7,"",163.56,0,0,0,0,0,0,0,0,0,0,0,0,0,0,0,0,0,0,0,0,163.56,0,0,0
"MtrElec",12,20,8,"",124.42,0,0,0,0,0,0,0,0,0,0,0,0,0,0,0,0,0,0,0,0,235.112,0,0,-110.693
"MtrElec",12,20,9,"",-32.414,0,0,0,0,0,0,0,0,0,0,0,0,0,0,0,0,0,0,0,0,275.054,0,0,-307.468
"MtrElec",12,20,10,"",-132.003,0,0,0,0,0,0,0,0,0,0,0,0,0,0,0,0,0,0,0,0,325.006,0,0,-457.009
"MtrElec",12,20,11,"",0,0,0,0,0,0,0,0,0,0,0,0,0,0,0,0,0,0,0,0,0,458.08,0,88.794,-546.874
"MtrElec",12,20,12,"",0,0,0,0,0,0,0,0,0,0,0,0,0,0,0,0,0,0,0,0,0,382.661,0,200.259,-582.92
"MtrElec",12,20,13,"",0,0,0,0,0,0,0,0,0,0,0,0,0,0,0,0,0,0,0,0,0,461.823,0,101.488,-563.311
"MtrElec",12,20,14,"",0.0000156,0,0,0,0,0,0,0,0,0,0,0,0,0,0,0,0,0,0,0,0,344.35,0,149.807,-494.157
"MtrElec",12,20,15,"",0.0000020,0,0,0,0,0,0,0,0,0,0,0,0,0,0,0,0,0,0,0,0,366.829,0,26.313,-393.142
"MtrElec",12,20,16,"",83.5938,0,0,0,0,0,0,0,0,0,0,0,0,0,0,0,0,0,0,0,0,316.378,0,0,-232.784
"MtrElec",12,20,17,"",331.77,0,0,0,0,0,0,0,0,0,0,0,0,0,0,0,0,0,0,0,0,380.307,0,0,-48.5366
"MtrElec",12,20,18,"",353.542,0,0,0,0,0,0,0,0,0,0,0,0,0,0,0,0,0,0,0,0,353.542,0,0,0
"MtrElec",12,20,19,"",202.949,0,0,0,0,0,0,0,0,0,0,0,0,0,0,0,0,0,0,0,0,426.166,0,-223.217,0
"MtrElec",12,20,20,"",137.501,0,0,0,0,0,0,0,0,0,0,0,0,0,0,0,0,0,0,0,0,360.718,0,-223.217,0
"MtrElec",12,20,21,"",247.807,0,0,0,0,0,0,0,0,0,0,0,0,0,0,0,0,0,0,0,0,312.785,0,-64.9786,0
"MtrElec",12,20,22,"",336.223,0,0,0,0,0,0,0,0,0,0,0,0,0,0,0,0,0,0,0,0,336.223,0,0,0
"MtrElec",12,20,23,"",243.222,0,0,0,0,0,0,0,0,0,0,0,0,0,0,0,0,0,0,0,0,243.222,0,0,0
"MtrElec",12,20,24,"",209.126,0,0,0,0,0,0,0,0,0,0,0,0,0,0,0,0,0,0,0,0,209.126,0,0,0
"MtrElec",12,21,1,"",160.441,0,0,0,0,0,0,0,0,0,0,0,0,0,0,0,0,0,0,0,0,160.441,0,0,0
"MtrElec",12,21,2,"",155.815,0,0,0,0,0,0,0,0,0,0,0,0,0,0,0,0,0,0,0,0,155.815,0,0,0
"MtrElec",12,21,3,"",151.85,0,0,0,0,0,0,0,0,0,0,0,0,0,0,0,0,0,0,0,0,151.85,0,0,0
"MtrElec",12,21,4,"",152.622,0,0,0,0,0,0,0,0,0,0,0,0,0,0,0,0,0,0,0,0,152.622,0,0,0
"MtrElec",12,21,5,"",149.988,0,0,0,0,0,0,0,0,0,0,0,0,0,0,0,0,0,0,0,0,149.988,0,0,0
"MtrElec",12,21,6,"",199.265,0,0,0,0,0,0,0,0,0,0,0,0,0,0,0,0,0,0,0,0,199.265,0,0,0
"MtrElec",12,21,7,"",230.205,0,0,0,0,0,0,0,0,0,0,0,0,0,0,0,0,0,0,0,0,230.205,0,0,0
"MtrElec",12,21,8,"",211.225,0,0,0,0,0,0,0,0,0,0,0,0,0,0,0,0,0,0,0,0,309.955,0,0,-98.7299
"MtrElec",12,21,9,"",64.9858,0,0,0,0,0,0,0,0,0,0,0,0,0,0,0,0,0,0,0,0,360.892,0,0,-295.906
"MtrElec",12,21,10,"",14.9902,0,0,0,0,0,0,0,0,0,0,0,0,0,0,0,0,0,0,0,0,463.846,0,0,-448.856
"MtrElec",12,21,11,"",0.0000156,0,0,0,0,0,0,0,0,0,0,0,0,0,0,0,0,0,0,0,0,408.873,0,141.846,-550.72
"MtrElec",12,21,12,"",0,0,0,0,0,0,0,0,0,0,0,0,0,0,0,0,0,0,0,0,0,411.381,0,180.846,-592.228
"MtrElec",12,21,13,"",0,0,0,0,0,0,0,0,0,0,0,0,0,0,0,0,0,0,0,0,0,422.993,0,158.639,-581.632
"MtrElec",12,21,14,"",0,0,0,0,0,0,0,0,0,0,0,0,0,0,0,0,0,0,0,0,0,373.626,0,151.584,-525.21
"MtrElec",12,21,15,"",0,0,0,0,0,0,0,0,0,0,0,0,0,0,0,0,0,0,0,0,0,346.875,0,67.2991,-414.174
"MtrElec",12,21,16,"",141.433,0,0,0,0,0,0,0,0,0,0,0,0,0,0,0,0,0,0,0,0,381.979,0,0,-240.546
"MtrElec",12,21,17,"",388.852,0,0,0,0,0,0,0,0,0,0,0,0,0,0,0,0,0,0,0,0,439.415,0,0,-50.5631
"MtrElec",12,21,18,"",401.049,0,0,0,0,0,0,0,0,0,0,0,0,0,0,0,0,0,0,0,0,401.049,0,0,0
"MtrElec",12,21,19,"",215.943,0,0,0,0,0,0,0,0,0,0,0,0,0,0,0,0,0,0,0,0,439.159,0,-223.217,0
"MtrElec",12,21,20,"",161.935,0,0,0,0,0,0,0,0,0,0,0,0,0,0,0,0,0,0,0,0,385.152,0,-223.217,0
"MtrElec",12,21,21,"",242.124,0,0,0,0,0,0,0,0,0,0,0,0,0,0,0,0,0,0,0,0,427.633,0,-185.51,0
"MtrElec",12,21,22,"",322.5,0,0,0,0,0,0,0,0,0,0,0,0,0,0,0,0,0,0,0,0,322.5,0,0,0
"MtrElec",12,21,23,"",248.798,0,0,0,0,0,0,0,0,0,0,0,0,0,0,0,0,0,0,0,0,248.798,0,0,0
"MtrElec",12,21,24,"",213.103,0,0,0,0,0,0,0,0,0,0,0,0,0,0,0,0,0,0,0,0,213.103,0,0,0
"MtrElec",12,22,1,"",180.797,0,0,0,0,0,0,0,0,0,0,0,0,0,0,0,0,0,0,0,0,180.797,0,0,0
"MtrElec",12,22,2,"",159.615,0,0,0,0,0,0,0,0,0,0,0,0,0,0,0,0,0,0,0,0,159.615,0,0,0
"MtrElec",12,22,3,"",160.918,0,0,0,0,0,0,0,0,0,0,0,0,0,0,0,0,0,0,0,0,160.918,0,0,0
"MtrElec",12,22,4,"",159.828,0,0,0,0,0,0,0,0,0,0,0,0,0,0,0,0,0,0,0,0,159.828,0,0,0
"MtrElec",12,22,5,"",157.612,0,0,0,0,0,0,0,0,0,0,0,0,0,0,0,0,0,0,0,0,157.612,0,0,0
"MtrElec",12,22,6,"",186.514,0,0,0,0,0,0,0,0,0,0,0,0,0,0,0,0,0,0,0,0,186.514,0,0,0
"MtrElec",12,22,7,"",276.087,0,0,0,0,0,0,0,0,0,0,0,0,0,0,0,0,0,0,0,0,276.087,0,0,0
"MtrElec",12,22,8,"",272.355,0,0,0,0,0,0,0,0,0,0,0,0,0,0,0,0,0,0,0,0,307.492,0,0,-35.1375
"MtrElec",12,22,9,"",222.838,0,0,0,0,0,0,0,0,0,0,0,0,0,0,0,0,0,0,0,0,355.685,0,0,-132.847
"MtrElec",12,22,10,"",143.003,0,0,0,0,0,0,0,0,0,0,0,0,0,0,0,0,0,0,0,0,394.242,0,0,-251.24
"MtrElec",12,22,11,"",143.075,0,0,0,0,0,0,0,0,0,0,0,0,0,0,0,0,0,0,0,0,487.653,0,0,-344.577
"MtrElec",12,22,12,"",1.67428,0,0,0,0,0,0,0,0,0,0,0,0,0,0,0,0,0,0,0,0,390.632,0,0,-388.958
"MtrElec",12,22,13,"",0,0,0,0,0,0,0,0,0,0,0,0,0,0,0,0,0,0,0,0,0,371.599,0,43.7457,-415.345
"MtrElec",12,22,14,"",10.9021,0,0,0,0,0,0,0,0,0,0,0,0,0,0,0,0,0,0,0,0,369.149,0,0,-358.247
"MtrElec",12,22,15,"",43.537,0,0,0,0,0,0,0,0,0,0,0,0,0,0,0,0,0,0,0,0,337.362,0,0,-293.825
"MtrElec",12,22,16,"",180.471,0,0,0,0,0,0,0,0,0,0,0,0,0,0,0,0,0,0,0,0,380.478,0,0,-200.007
"MtrElec",12,22,17,"",327.601,0,0,0,0,0,0,0,0,0,0,0,0,0,0,0,0,0,0,0,0,381.249,0,0,-53.6472
"MtrElec",12,22,18,"",414.394,0,0,0,0,0,0,0,0,0,0,0,0,0,0,0,0,0,0,0,0,414.394,0,0,0
"MtrElec",12,22,19,"",358.641,0,0,0,0,0,0,0,0,0,0,0,0,0,0,0,0,0,0,0,0,398.122,0,-39.4805,0
"MtrElec",12,22,20,"",436.293,0,0,0,0,0,0,0,0,0,0,0,0,0,0,0,0,0,0,0,0,436.293,0,0,0
"MtrElec",12,22,21,"",358.862,0,0,0,0,0,0,0,0,0,0,0,0,0,0,0,0,0,0,0,0,358.862,0,0,0
"MtrElec",12,22,22,"",341.644,0,0,0,0,0,0,0,0,0,0,0,0,0,0,0,0,0,0,0,0,341.644,0,0,0
"MtrElec",12,22,23,"",272.89,0,0,0,0,0,0,0,0,0,0,0,0,0,0,0,0,0,0,0,0,272.89,0,0,0
"MtrElec",12,22,24,"",224.741,0,0,0,0,0,0,0,0,0,0,0,0,0,0,0,0,0,0,0,0,224.741,0,0,0
"MtrElec",12,23,1,"",182.073,0,0,0,0,0,0,0,0,0,0,0,0,0,0,0,0,0,0,0,0,182.073,0,0,0
"MtrElec",12,23,2,"",169.873,0,0,0,0,0,0,0,0,0,0,0,0,0,0,0,0,0,0,0,0,169.873,0,0,0
"MtrElec",12,23,3,"",172.395,0,0,0,0,0,0,0,0,0,0,0,0,0,0,0,0,0,0,0,0,172.395,0,0,0
"MtrElec",12,23,4,"",179.901,0,0,0,0,0,0,0,0,0,0,0,0,0,0,0,0,0,0,0,0,179.901,0,0,0
"MtrElec",12,23,5,"",176.67,0,0,0,0,0,0,0,0,0,0,0,0,0,0,0,0,0,0,0,0,176.67,0,0,0
"MtrElec",12,23,6,"",238.601,0,0,0,0,0,0,0,0,0,0,0,0,0,0,0,0,0,0,0,0,238.601,0,0,0
"MtrElec",12,23,7,"",303.686,0,0,0,0,0,0,0,0,0,0,0,0,0,0,0,0,0,0,0,0,303.686,0,0,0
"MtrElec",12,23,8,"",224.423,0,0,0,0,0,0,0,0,0,0,0,0,0,0,0,0,0,0,0,0,340.586,0,0,-116.162
"MtrElec",12,23,9,"",61.007,0,0,0,0,0,0,0,0,0,0,0,0,0,0,0,0,0,0,0,0,383.948,0,0,-322.941
"MtrElec",12,23,10,"",-35.4903,0,0,0,0,0,0,0,0,0,0,0,0,0,0,0,0,0,0,0,0,428.882,0,0,-464.372
"MtrElec",12,23,11,"",0.0000078,0,0,0,0,0,0,0,0,0,0,0,0,0,0,0,0,0,0,0,0,434.905,0,116.238,-551.142
"MtrElec",12,23,12,"",0,0,0,0,0,0,0,0,0,0,0,0,0,0,0,0,0,0,0,0,0,392.348,0,209.6,-601.948
"MtrElec",12,23,13,"",0,0,0,0,0,0,0,0,0,0,0,0,0,0,0,0,0,0,0,0,0,432.359,0,157.327,-589.686
"MtrElec",12,23,14,"",0,0,0,0,0,0,0,0,0,0,0,0,0,0,0,0,0,0,0,0,0,387.841,0,135.632,-523.473
"MtrElec",12,23,15,"",0,0,0,0,0,0,0,0,0,0,0,0,0,0,0,0,0,0,0,0,0,342.818,0,77.9954,-420.813
"MtrElec",12,23,16,"",139.507,0,0,0,0,0,0,0,0,0,0,0,0,0,0,0,0,0,0,0,0,392.348,0,0,-252.841
"MtrElec",12,23,17,"",315.78,0,0,0,0,0,0,0,0,0,0,0,0,0,0,0,0,0,0,0,0,374.264,0,0,-58.4835
"MtrElec",12,23,18,"",423.498,0,0,0,0,0,0,0,0,0,0,0,0,0,0,0,0,0,0,0,0,423.498,0,0,0
"MtrElec",12,23,19,"",175.035,0,0,0,0,0,0,0,0,0,0,0,0,0,0,0,0,0,0,0,0,398.251,0,-223.217,0
"MtrElec",12,23,20,"",214.779,0,0,0,0,0,0,0,0,0,0,0,0,0,0,0,0,0,0,0,0,437.996,0,-223.217,0
"MtrElec",12,23,21,"",174.656,0,0,0,0,0,0,0,0,0,0,0,0,0,0,0,0,0,0,0,0,357.077,0,-182.422,0
"MtrElec",12,23,22,"",331.049,0,0,0,0,0,0,0,0,0,0,0,0,0,0,0,0,0,0,0,0,331.049,0,0,0
"MtrElec",12,23,23,"",232.452,0,0,0,0,0,0,0,0,0,0,0,0,0,0,0,0,0,0,0,0,232.452,0,0,0
"MtrElec",12,23,24,"",252.949,0,0,0,0,0,0,0,0,0,0,0,0,0,0,0,0,0,0,0,0,252.949,0,0,0
"MtrElec",12,24,1,"",177.39,0,0,0,0,0,0,0,0,0,0,0,0,0,0,0,0,0,0,0,0,177.39,0,0,0
"MtrElec",12,24,2,"",170.994,0,0,0,0,0,0,0,0,0,0,0,0,0,0,0,0,0,0,0,0,170.994,0,0,0
"MtrElec",12,24,3,"",168.232,0,0,0,0,0,0,0,0,0,0,0,0,0,0,0,0,0,0,0,0,168.232,0,0,0
"MtrElec",12,24,4,"",172.349,0,0,0,0,0,0,0,0,0,0,0,0,0,0,0,0,0,0,0,0,172.349,0,0,0
"MtrElec",12,24,5,"",174.03,0,0,0,0,0,0,0,0,0,0,0,0,0,0,0,0,0,0,0,0,174.03,0,0,0
"MtrElec",12,24,6,"",243.781,0,0,0,0,0,0,0,0,0,0,0,0,0,0,0,0,0,0,0,0,243.781,0,0,0
"MtrElec",12,24,7,"",220.094,0,0,0,0,0,0,0,0,0,0,0,0,0,0,0,0,0,0,0,0,220.094,0,0,0
"MtrElec",12,24,8,"",211.564,0,0,0,0,0,0,0,0,0,0,0,0,0,0,0,0,0,0,0,0,324.361,0,0,-112.798
"MtrElec",12,24,9,"",59.5663,0,0,0,0,0,0,0,0,0,0,0,0,0,0,0,0,0,0,0,0,375.772,0,0,-316.206
"MtrElec",12,24,10,"",-47.0985,0,0,0,0,0,0,0,0,0,0,0,0,0,0,0,0,0,0,0,0,410.027,0,0,-457.125
"MtrElec",12,24,11,"",0.0000156,0,0,0,0,0,0,0,0,0,0,0,0,0,0,0,0,0,0,0,0,325.306,0,219.374,-544.68
"MtrElec",12,24,12,"",0,0,0,0,0,0,0,0,0,0,0,0,0,0,0,0,0,0,0,0,0,402.868,0,189.585,-592.453
"MtrElec",12,24,13,"",0,0,0,0,0,0,0,0,0,0,0,0,0,0,0,0,0,0,0,0,0,362.864,0,219.546,-582.41
"MtrElec",12,24,14,"",0,0,0,0,0,0,0,0,0,0,0,0,0,0,0,0,0,0,0,0,0,382.6,0,141.986,-524.586
"MtrElec",12,24,15,"",-25.3622,0,0,0,0,0,0,0,0,0,0,0,0,0,0,0,0,0,0,0,0,364.352,0,28.39,-418.104
"MtrElec",12,24,16,"",158.291,0,0,0,0,0,0,0,0,0,0,0,0,0,0,0,0,0,0,0,0,409.081,0,0,-250.791
"MtrElec",12,24,17,"",380.527,0,0,0,0,0,0,0,0,0,0,0,0,0,0,0,0,0,0,0,0,436.355,0,0,-55.8274
"MtrElec",12,24,18,"",392.096,0,0,0,0,0,0,0,0,0,0,0,0,0,0,0,0,0,0,0,0,392.096,0,0,0
"MtrElec",12,24,19,"",205.512,0,0,0,0,0,0,0,0,0,0,0,0,0,0,0,0,0,0,0,0,428.729,0,-223.217,0
"MtrElec",12,24,20,"",201.004,0,0,0,0,0,0,0,0,0,0,0,0,0,0,0,0,0,0,0,0,424.221,0,-223.217,0
"MtrElec",12,24,21,"",189.191,0,0,0,0,0,0,0,0,0,0,0,0,0,0,0,0,0,0,0,0,412.408,0,-223.217,0
"MtrElec",12,24,22,"",259.991,0,0,0,0,0,0,0,0,0,0,0,0,0,0,0,0,0,0,0,0,311.331,0,-51.3398,0
"MtrElec",12,24,23,"",262.777,0,0,0,0,0,0,0,0,0,0,0,0,0,0,0,0,0,0,0,0,262.777,0,0,0
"MtrElec",12,24,24,"",234.338,0,0,0,0,0,0,0,0,0,0,0,0,0,0,0,0,0,0,0,0,234.338,0,0,0
"MtrElec",12,25,1,"",186.218,0,0,0,0,0,0,0,0,0,0,0,0,0,0,0,0,0,0,0,0,186.218,0,0,0
"MtrElec",12,25,2,"",172.133,0,0,0,0,0,0,0,0,0,0,0,0,0,0,0,0,0,0,0,0,172.133,0,0,0
"MtrElec",12,25,3,"",166.051,0,0,0,0,0,0,0,0,0,0,0,0,0,0,0,0,0,0,0,0,166.051,0,0,0
"MtrElec",12,25,4,"",171.632,0,0,0,0,0,0,0,0,0,0,0,0,0,0,0,0,0,0,0,0,171.632,0,0,0
"MtrElec",12,25,5,"",172.392,0,0,0,0,0,0,0,0,0,0,0,0,0,0,0,0,0,0,0,0,172.392,0,0,0
"MtrElec",12,25,6,"",242.594,0,0,0,0,0,0,0,0,0,0,0,0,0,0,0,0,0,0,0,0,242.594,0,0,0
"MtrElec",12,25,7,"",238.515,0,0,0,0,0,0,0,0,0,0,0,0,0,0,0,0,0,0,0,0,238.515,0,0,0
"MtrElec",12,25,8,"",180.104,0,0,0,0,0,0,0,0,0,0,0,0,0,0,0,0,0,0,0,0,291.006,0,0,-110.902
"MtrElec",12,25,9,"",12.9213,0,0,0,0,0,0,0,0,0,0,0,0,0,0,0,0,0,0,0,0,329.868,0,0,-316.947
"MtrElec",12,25,10,"",-36.0978,0,0,0,0,0,0,0,0,0,0,0,0,0,0,0,0,0,0,0,0,422.658,0,0,-458.756
"MtrElec",12,25,11,"",0.0000078,0,0,0,0,0,0,0,0,0,0,0,0,0,0,0,0,0,0,0,0,455.497,0,100.54,-556.037
"MtrElec",12,25,12,"",0,0,0,0,0,0,0,0,0,0,0,0,0,0,0,0,0,0,0,0,0,449.734,0,145.043,-594.777
"MtrElec",12,25,13,"",0.0000156,0,0,0,0,0,0,0,0,0,0,0,0,0,0,0,0,0,0,0,0,347.155,0,223.203,-570.357
"MtrElec",12,25,14,"",0,0,0,0,0,0,0,0,0,0,0,0,0,0,0,0,0,0,0,0,0,352.092,0,160.154,-512.246
"MtrElec",12,25,15,"",0,0,0,0,0,0,0,0,0,0,0,0,0,0,0,0,0,0,0,0,0,349.246,0,61.6122,-410.858
"MtrElec",12,25,16,"",53.6448,0,0,0,0,0,0,0,0,0,0,0,0,0,0,0,0,0,0,0,0,303.735,0,0,-250.09
"MtrElec",12,25,17,"",304.883,0,0,0,0,0,0,0,0,0,0,0,0,0,0,0,0,0,0,0,0,348.506,0,0,-43.6228
"MtrElec",12,25,18,"",396.194,0,0,0,0,0,0,0,0,0,0,0,0,0,0,0,0,0,0,0,0,396.194,0,0,0
"MtrElec",12,25,19,"",150.607,0,0,0,0,0,0,0,0,0,0,0,0,0,0,0,0,0,0,0,0,373.824,0,-223.217,0
"MtrElec",12,25,20,"",65.0909,0,0,0,0,0,0,0,0,0,0,0,0,0,0,0,0,0,0,0,0,288.308,0,-223.217,0
"MtrElec",12,25,21,"",145.088,0,0,0,0,0,0,0,0,0,0,0,0,0,0,0,0,0,0,0,0,321.877,0,-176.789,0
"MtrElec",12,25,22,"",277.989,0,0,0,0,0,0,0,0,0,0,0,0,0,0,0,0,0,0,0,0,277.989,0,0,0
"MtrElec",12,25,23,"",215.136,0,0,0,0,0,0,0,0,0,0,0,0,0,0,0,0,0,0,0,0,215.136,0,0,0
"MtrElec",12,25,24,"",232.405,0,0,0,0,0,0,0,0,0,0,0,0,0,0,0,0,0,0,0,0,232.405,0,0,0
"MtrElec",12,26,1,"",186.951,0,0,0,0,0,0,0,0,0,0,0,0,0,0,0,0,0,0,0,0,186.951,0,0,0
"MtrElec",12,26,2,"",169.989,0,0,0,0,0,0,0,0,0,0,0,0,0,0,0,0,0,0,0,0,169.989,0,0,0
"MtrElec",12,26,3,"",166.496,0,0,0,0,0,0,0,0,0,0,0,0,0,0,0,0,0,0,0,0,166.496,0,0,0
"MtrElec",12,26,4,"",170.395,0,0,0,0,0,0,0,0,0,0,0,0,0,0,0,0,0,0,0,0,170.395,0,0,0
"MtrElec",12,26,5,"",189.668,0,0,0,0,0,0,0,0,0,0,0,0,0,0,0,0,0,0,0,0,189.668,0,0,0
"MtrElec",12,26,6,"",173.149,0,0,0,0,0,0,0,0,0,0,0,0,0,0,0,0,0,0,0,0,173.149,0,0,0
"MtrElec",12,26,7,"",190.634,0,0,0,0,0,0,0,0,0,0,0,0,0,0,0,0,0,0,0,0,190.634,0,0,0
"MtrElec",12,26,8,"",278.636,0,0,0,0,0,0,0,0,0,0,0,0,0,0,0,0,0,0,0,0,282.296,0,0,-3.65981
"MtrElec",12,26,9,"",192.279,0,0,0,0,0,0,0,0,0,0,0,0,0,0,0,0,0,0,0,0,302.198,0,0,-109.918
"MtrElec",12,26,10,"",252.45,0,0,0,0,0,0,0,0,0,0,0,0,0,0,0,0,0,0,0,0,371.92,0,0,-119.47
"MtrElec",12,26,11,"",234.693,0,0,0,0,0,0,0,0,0,0,0,0,0,0,0,0,0,0,0,0,436.614,0,0,-201.921
"MtrElec",12,26,12,"",125.157,0,0,0,0,0,0,0,0,0,0,0,0,0,0,0,0,0,0,0,0,419.741,0,0,-294.584
"MtrElec",12,26,13,"",250.477,0,0,0,0,0,0,0,0,0,0,0,0,0,0,0,0,0,0,0,0,443.742,0,0,-193.265
"MtrElec",12,26,14,"",141.71,0,0,0,0,0,0,0,0,0,0,0,0,0,0,0,0,0,0,0,0,362.673,0,0,-220.963
"MtrElec",12,26,15,"",307.123,0,0,0,0,0,0,0,0,0,0,0,0,0,0,0,0,0,0,0,0,416.11,0,0,-108.987
"MtrElec",12,26,16,"",300.061,0,0,0,0,0,0,0,0,0,0,0,0,0,0,0,0,0,0,0,0,379.372,0,0,-79.3111
"MtrElec",12,26,17,"",324.163,0,0,0,0,0,0,0,0,0,0,0,0,0,0,0,0,0,0,0,0,335.843,0,0,-11.6802
"MtrElec",12,26,18,"",428.288,0,0,0,0,0,0,0,0,0,0,0,0,0,0,0,0,0,0,0,0,428.288,0,0,0
"MtrElec",12,26,19,"",404.547,0,0,0,0,0,0,0,0,0,0,0,0,0,0,0,0,0,0,0,0,404.547,0,0,0
"MtrElec",12,26,20,"",362.564,0,0,0,0,0,0,0,0,0,0,0,0,0,0,0,0,0,0,0,0,362.564,0,0,0
"MtrElec",12,26,21,"",357.664,0,0,0,0,0,0,0,0,0,0,0,0,0,0,0,0,0,0,0,0,357.664,0,0,0
"MtrElec",12,26,22,"",331.2,0,0,0,0,0,0,0,0,0,0,0,0,0,0,0,0,0,0,0,0,331.2,0,0,0
"MtrElec",12,26,23,"",215.973,0,0,0,0,0,0,0,0,0,0,0,0,0,0,0,0,0,0,0,0,215.973,0,0,0
"MtrElec",12,26,24,"",256.526,0,0,0,0,0,0,0,0,0,0,0,0,0,0,0,0,0,0,0,0,256.526,0,0,0
"MtrElec",12,27,1,"",177.45,0,0,0,0,0,0,0,0,0,0,0,0,0,0,0,0,0,0,0,0,177.45,0,0,0
"MtrElec",12,27,2,"",164.077,0,0,0,0,0,0,0,0,0,0,0,0,0,0,0,0,0,0,0,0,164.077,0,0,0
"MtrElec",12,27,3,"",162.791,0,0,0,0,0,0,0,0,0,0,0,0,0,0,0,0,0,0,0,0,162.791,0,0,0
"MtrElec",12,27,4,"",159.126,0,0,0,0,0,0,0,0,0,0,0,0,0,0,0,0,0,0,0,0,159.126,0,0,0
"MtrElec",12,27,5,"",163.922,0,0,0,0,0,0,0,0,0,0,0,0,0,0,0,0,0,0,0,0,163.922,0,0,0
"MtrElec",12,27,6,"",161.923,0,0,0,0,0,0,0,0,0,0,0,0,0,0,0,0,0,0,0,0,161.923,0,0,0
"MtrElec",12,27,7,"",205.789,0,0,0,0,0,0,0,0,0,0,0,0,0,0,0,0,0,0,0,0,205.789,0,0,0
"MtrElec",12,27,8,"",282.95,0,0,0,0,0,0,0,0,0,0,0,0,0,0,0,0,0,0,0,0,282.95,0,0,0
"MtrElec",12,27,9,"",230.634,0,0,0,0,0,0,0,0,0,0,0,0,0,0,0,0,0,0,0,0,285.721,0,0,-55.0871
"MtrElec",12,27,10,"",182.139,0,0,0,0,0,0,0,0,0,0,0,0,0,0,0,0,0,0,0,0,348.693,0,0,-166.554
"MtrElec",12,27,11,"",180.556,0,0,0,0,0,0,0,0,0,0,0,0,0,0,0,0,0,0,0,0,386.333,0,0,-205.777
"MtrElec",12,27,12,"",213.072,0,0,0,0,0,0,0,0,0,0,0,0,0,0,0,0,0,0,0,0,405.533,0,0,-192.46
"MtrElec",12,27,13,"",272.052,0,0,0,0,0,0,0,0,0,0,0,0,0,0,0,0,0,0,0,0,401.66,0,0,-129.608
"MtrElec",12,27,14,"",162.574,0,0,0,0,0,0,0,0,0,0,0,0,0,0,0,0,0,0,0,0,304.233,0,0,-141.659
"MtrElec",12,27,15,"",315.664,0,0,0,0,0,0,0,0,0,0,0,0,0,0,0,0,0,0,0,0,385.698,0,0,-70.0342
"MtrElec",12,27,16,"",297.269,0,0,0,0,0,0,0,0,0,0,0,0,0,0,0,0,0,0,0,0,338.117,0,0,-40.8482
"MtrElec",12,27,17,"",320.231,0,0,0,0,0,0,0,0,0,0,0,0,0,0,0,0,0,0,0,0,320.641,0,0,-0.410399
"MtrElec",12,27,18,"",349.441,0,0,0,0,0,0,0,0,0,0,0,0,0,0,0,0,0,0,0,0,349.441,0,0,0
"MtrElec",12,27,19,"",408.802,0,0,0,0,0,0,0,0,0,0,0,0,0,0,0,0,0,0,0,0,408.802,0,0,0
"MtrElec",12,27,20,"",314.787,0,0,0,0,0,0,0,0,0,0,0,0,0,0,0,0,0,0,0,0,314.787,0,0,0
"MtrElec",12,27,21,"",322.37,0,0,0,0,0,0,0,0,0,0,0,0,0,0,0,0,0,0,0,0,322.37,0,0,0
"MtrElec",12,27,22,"",270.953,0,0,0,0,0,0,0,0,0,0,0,0,0,0,0,0,0,0,0,0,270.953,0,0,0
"MtrElec",12,27,23,"",241.135,0,0,0,0,0,0,0,0,0,0,0,0,0,0,0,0,0,0,0,0,241.135,0,0,0
"MtrElec",12,27,24,"",203.497,0,0,0,0,0,0,0,0,0,0,0,0,0,0,0,0,0,0,0,0,203.497,0,0,0
"MtrElec",12,28,1,"",165.516,0,0,0,0,0,0,0,0,0,0,0,0,0,0,0,0,0,0,0,0,165.516,0,0,0
"MtrElec",12,28,2,"",161.539,0,0,0,0,0,0,0,0,0,0,0,0,0,0,0,0,0,0,0,0,161.539,0,0,0
"MtrElec",12,28,3,"",195.706,0,0,0,0,0,0,0,0,0,0,0,0,0,0,0,0,0,0,0,0,195.706,0,0,0
"MtrElec",12,28,4,"",168.397,0,0,0,0,0,0,0,0,0,0,0,0,0,0,0,0,0,0,0,0,168.397,0,0,0
"MtrElec",12,28,5,"",160.611,0,0,0,0,0,0,0,0,0,0,0,0,0,0,0,0,0,0,0,0,160.611,0,0,0
"MtrElec",12,28,6,"",163.828,0,0,0,0,0,0,0,0,0,0,0,0,0,0,0,0,0,0,0,0,163.828,0,0,0
"MtrElec",12,28,7,"",266.077,0,0,0,0,0,0,0,0,0,0,0,0,0,0,0,0,0,0,0,0,266.077,0,0,0
"MtrElec",12,28,8,"",322.794,0,0,0,0,0,0,0,0,0,0,0,0,0,0,0,0,0,0,0,0,322.794,0,0,0
"MtrElec",12,28,9,"",361.822,0,0,0,0,0,0,0,0,0,0,0,0,0,0,0,0,0,0,0,0,364.57,0,0,-2.74849
"MtrElec",12,28,10,"",298.66,0,0,0,0,0,0,0,0,0,0,0,0,0,0,0,0,0,0,0,0,430.984,0,0,-132.324
"MtrElec",12,28,11,"",84.51,0,0,0,0,0,0,0,0,0,0,0,0,0,0,0,0,0,0,0,0,379.491,0,0,-294.981
"MtrElec",12,28,12,"",0,0,0,0,0,0,0,0,0,0,0,0,0,0,0,0,0,0,0,0,0,391.751,0,8.28034,-400.032
"MtrElec",12,28,13,"",0.0000005,0,0,0,0,0,0,0,0,0,0,0,0,0,0,0,0,0,0,0,0,319.157,0,6.86753,-326.025
"MtrElec",12,28,14,"",161.982,0,0,0,0,0,0,0,0,0,0,0,0,0,0,0,0,0,0,0,0,368.849,0,0,-206.867
"MtrElec",12,28,15,"",256.333,0,0,0,0,0,0,0,0,0,0,0,0,0,0,0,0,0,0,0,0,324.812,0,0,-68.4796
"MtrElec",12,28,16,"",370.862,0,0,0,0,0,0,0,0,0,0,0,0,0,0,0,0,0,0,0,0,381.716,0,0,-10.8539
"MtrElec",12,28,17,"",392.901,0,0,0,0,0,0,0,0,0,0,0,0,0,0,0,0,0,0,0,0,392.901,0,0,0
"MtrElec",12,28,18,"",435.853,0,0,0,0,0,0,0,0,0,0,0,0,0,0,0,0,0,0,0,0,435.853,0,0,0
"MtrElec",12,28,19,"",399.314,0,0,0,0,0,0,0,0,0,0,0,0,0,0,0,0,0,0,0,0,412.985,0,-13.671,0
"MtrElec",12,28,20,"",404.304,0,0,0,0,0,0,0,0,0,0,0,0,0,0,0,0,0,0,0,0,404.304,0,0,0
"MtrElec",12,28,21,"",411.149,0,0,0,0,0,0,0,0,0,0,0,0,0,0,0,0,0,0,0,0,411.149,0,0,0
"MtrElec",12,28,22,"",265.59,0,0,0,0,0,0,0,0,0,0,0,0,0,0,0,0,0,0,0,0,265.59,0,0,0
"MtrElec",12,28,23,"",328.429,0,0,0,0,0,0,0,0,0,0,0,0,0,0,0,0,0,0,0,0,328.429,0,0,0
"MtrElec",12,28,24,"",229.17,0,0,0,0,0,0,0,0,0,0,0,0,0,0,0,0,0,0,0,0,229.17,0,0,0
"MtrElec",12,29,1,"",173.436,0,0,0,0,0,0,0,0,0,0,0,0,0,0,0,0,0,0,0,0,173.436,0,0,0
"MtrElec",12,29,2,"",162.531,0,0,0,0,0,0,0,0,0,0,0,0,0,0,0,0,0,0,0,0,162.531,0,0,0
"MtrElec",12,29,3,"",157.088,0,0,0,0,0,0,0,0,0,0,0,0,0,0,0,0,0,0,0,0,157.088,0,0,0
"MtrElec",12,29,4,"",196.866,0,0,0,0,0,0,0,0,0,0,0,0,0,0,0,0,0,0,0,0,196.866,0,0,0
"MtrElec",12,29,5,"",155.798,0,0,0,0,0,0,0,0,0,0,0,0,0,0,0,0,0,0,0,0,155.798,0,0,0
"MtrElec",12,29,6,"",162.237,0,0,0,0,0,0,0,0,0,0,0,0,0,0,0,0,0,0,0,0,162.237,0,0,0
"MtrElec",12,29,7,"",261.287,0,0,0,0,0,0,0,0,0,0,0,0,0,0,0,0,0,0,0,0,261.287,0,0,0
"MtrElec",12,29,8,"",305.964,0,0,0,0,0,0,0,0,0,0,0,0,0,0,0,0,0,0,0,0,314.102,0,0,-8.13783
"MtrElec",12,29,9,"",365.343,0,0,0,0,0,0,0,0,0,0,0,0,0,0,0,0,0,0,0,0,371.947,0,0,-6.60414
"MtrElec",12,29,10,"",303.805,0,0,0,0,0,0,0,0,0,0,0,0,0,0,0,0,0,0,0,0,434.236,0,0,-130.431
"MtrElec",12,29,11,"",159.207,0,0,0,0,0,0,0,0,0,0,0,0,0,0,0,0,0,0,0,0,416.517,0,0,-257.31
"MtrElec",12,29,12,"",30.9872,0,0,0,0,0,0,0,0,0,0,0,0,0,0,0,0,0,0,0,0,402.967,0,0,-371.98
"MtrElec",12,29,13,"",243.832,0,0,0,0,0,0,0,0,0,0,0,0,0,0,0,0,0,0,0,0,414.592,0,0,-170.76
"MtrElec",12,29,14,"",241.311,0,0,0,0,0,0,0,0,0,0,0,0,0,0,0,0,0,0,0,0,307.469,0,0,-66.1572
"MtrElec",12,29,15,"",240.59,0,0,0,0,0,0,0,0,0,0,0,0,0,0,0,0,0,0,0,0,363.355,0,0,-122.765
"MtrElec",12,29,16,"",116.667,0,0,0,0,0,0,0,0,0,0,0,0,0,0,0,0,0,0,0,0,319.236,0,0,-202.57
"MtrElec",12,29,17,"",353.153,0,0,0,0,0,0,0,0,0,0,0,0,0,0,0,0,0,0,0,0,397.613,0,0,-44.4599
"MtrElec",12,29,18,"",397.767,0,0,0,0,0,0,0,0,0,0,0,0,0,0,0,0,0,0,0,0,397.767,0,0,0
"MtrElec",12,29,19,"",438.494,0,0,0,0,0,0,0,0,0,0,0,0,0,0,0,0,0,0,0,0,438.494,0,0,0
"MtrElec",12,29,20,"",380.692,0,0,0,0,0,0,0,0,0,0,0,0,0,0,0,0,0,0,0,0,380.692,0,0,0
"MtrElec",12,29,21,"",451.187,0,0,0,0,0,0,0,0,0,0,0,0,0,0,0,0,0,0,0,0,451.187,0,0,0
"MtrElec",12,29,22,"",304.645,0,0,0,0,0,0,0,0,0,0,0,0,0,0,0,0,0,0,0,0,304.645,0,0,0
"MtrElec",12,29,23,"",292.19,0,0,0,0,0,0,0,0,0,0,0,0,0,0,0,0,0,0,0,0,292.19,0,0,0
"MtrElec",12,29,24,"",236.664,0,0,0,0,0,0,0,0,0,0,0,0,0,0,0,0,0,0,0,0,236.664,0,0,0
"MtrElec",12,30,1,"",214.569,0,0,0,0,0,0,0,0,0,0,0,0,0,0,0,0,0,0,0,0,214.569,0,0,0
"MtrElec",12,30,2,"",160.011,0,0,0,0,0,0,0,0,0,0,0,0,0,0,0,0,0,0,0,0,160.011,0,0,0
"MtrElec",12,30,3,"",156.374,0,0,0,0,0,0,0,0,0,0,0,0,0,0,0,0,0,0,0,0,156.374,0,0,0
"MtrElec",12,30,4,"",160.052,0,0,0,0,0,0,0,0,0,0,0,0,0,0,0,0,0,0,0,0,160.052,0,0,0
"MtrElec",12,30,5,"",156.421,0,0,0,0,0,0,0,0,0,0,0,0,0,0,0,0,0,0,0,0,156.421,0,0,0
"MtrElec",12,30,6,"",175.799,0,0,0,0,0,0,0,0,0,0,0,0,0,0,0,0,0,0,0,0,175.799,0,0,0
"MtrElec",12,30,7,"",279.097,0,0,0,0,0,0,0,0,0,0,0,0,0,0,0,0,0,0,0,0,279.097,0,0,0
"MtrElec",12,30,8,"",228.317,0,0,0,0,0,0,0,0,0,0,0,0,0,0,0,0,0,0,0,0,327.055,0,0,-98.7378
"MtrElec",12,30,9,"",89.7532,0,0,0,0,0,0,0,0,0,0,0,0,0,0,0,0,0,0,0,0,385.961,0,0,-296.208
"MtrElec",12,30,10,"",-20.4314,0,0,0,0,0,0,0,0,0,0,0,0,0,0,0,0,0,0,0,0,435.925,0,0,-456.356
"MtrElec",12,30,11,"",0,0,0,0,0,0,0,0,0,0,0,0,0,0,0,0,0,0,0,0,0,464.501,0,92.6731,-557.175
"MtrElec",12,30,12,"",0.0000078,0,0,0,0,0,0,0,0,0,0,0,0,0,0,0,0,0,0,0,0,416.329,0,124.916,-541.245
"MtrElec",12,30,13,"",213.889,0,0,0,0,0,0,0,0,0,0,0,0,0,0,0,0,0,0,0,0,457.831,0,0,-243.942
"MtrElec",12,30,14,"",314.54,0,0,0,0,0,0,0,0,0,0,0,0,0,0,0,0,0,0,0,0,328.314,0,0,-13.7746
"MtrElec",12,30,15,"",265.833,0,0,0,0,0,0,0,0,0,0,0,0,0,0,0,0,0,0,0,0,341.231,0,0,-75.3978
"MtrElec",12,30,16,"",184.278,0,0,0,0,0,0,0,0,0,0,0,0,0,0,0,0,0,0,0,0,354.941,0,0,-170.663
"MtrElec",12,30,17,"",351.383,0,0,0,0,0,0,0,0,0,0,0,0,0,0,0,0,0,0,0,0,408.774,0,0,-57.391
"MtrElec",12,30,18,"",429.039,0,0,0,0,0,0,0,0,0,0,0,0,0,0,0,0,0,0,0,0,429.039,0,0,0
"MtrElec",12,30,19,"",194.077,0,0,0,0,0,0,0,0,0,0,0,0,0,0,0,0,0,0,0,0,390.451,0,-196.374,0
"MtrElec",12,30,20,"",419.901,0,0,0,0,0,0,0,0,0,0,0,0,0,0,0,0,0,0,0,0,419.901,0,0,0
"MtrElec",12,30,21,"",465.866,0,0,0,0,0,0,0,0,0,0,0,0,0,0,0,0,0,0,0,0,465.866,0,0,0
"MtrElec",12,30,22,"",280.818,0,0,0,0,0,0,0,0,0,0,0,0,0,0,0,0,0,0,0,0,280.818,0,0,0
"MtrElec",12,30,23,"",314.982,0,0,0,0,0,0,0,0,0,0,0,0,0,0,0,0,0,0,0,0,314.982,0,0,0
"MtrElec",12,30,24,"",268.931,0,0,0,0,0,0,0,0,0,0,0,0,0,0,0,0,0,0,0,0,268.931,0,0,0
"MtrElec",12,31,1,"",172.373,0,0,0,0,0,0,0,0,0,0,0,0,0,0,0,0,0,0,0,0,172.373,0,0,0
"MtrElec",12,31,2,"",159.469,0,0,0,0,0,0,0,0,0,0,0,0,0,0,0,0,0,0,0,0,159.469,0,0,0
"MtrElec",12,31,3,"",154.202,0,0,0,0,0,0,0,0,0,0,0,0,0,0,0,0,0,0,0,0,154.202,0,0,0
"MtrElec",12,31,4,"",164.849,0,0,0,0,0,0,0,0,0,0,0,0,0,0,0,0,0,0,0,0,164.849,0,0,0
"MtrElec",12,31,5,"",197.798,0,0,0,0,0,0,0,0,0,0,0,0,0,0,0,0,0,0,0,0,197.798,0,0,0
"MtrElec",12,31,6,"",163.313,0,0,0,0,0,0,0,0,0,0,0,0,0,0,0,0,0,0,0,0,163.313,0,0,0
"MtrElec",12,31,7,"",254.695,0,0,0,0,0,0,0,0,0,0,0,0,0,0,0,0,0,0,0,0,254.695,0,0,0
"MtrElec",12,31,8,"",310.587,0,0,0,0,0,0,0,0,0,0,0,0,0,0,0,0,0,0,0,0,310.587,0,0,0
"MtrElec",12,31,9,"",380.061,0,0,0,0,0,0,0,0,0,0,0,0,0,0,0,0,0,0,0,0,401.042,0,0,-20.981
"MtrElec",12,31,10,"",441.144,0,0,0,0,0,0,0,0,0,0,0,0,0,0,0,0,0,0,0,0,465.129,0,0,-23.9853
"MtrElec",12,31,11,"",370.32,0,0,0,0,0,0,0,0,0,0,0,0,0,0,0,0,0,0,0,0,452.825,0,0,-82.5049
"MtrElec",12,31,12,"",106.857,0,0,0,0,0,0,0,0,0,0,0,0,0,0,0,0,0,0,0,0,401.527,0,0,-294.67
"MtrElec",12,31,13,"",319.492,0,0,0,0,0,0,0,0,0,0,0,0,0,0,0,0,0,0,0,0,392.301,0,0,-72.8081
"MtrElec",12,31,14,"",242.82,0,0,0,0,0,0,0,0,0,0,0,0,0,0,0,0,0,0,0,0,356.801,0,0,-113.98
"MtrElec",12,31,15,"",159.688,0,0,0,0,0,0,0,0,0,0,0,0,0,0,0,0,0,0,0,0,360.554,0,0,-200.866
"MtrElec",12,31,16,"",100.09,0,0,0,0,0,0,0,0,0,0,0,0,0,0,0,0,0,0,0,0,364.952,0,0,-264.862
"MtrElec",12,31,17,"",318.438,0,0,0,0,0,0,0,0,0,0,0,0,0,0,0,0,0,0,0,0,383.006,0,0,-64.5676
"MtrElec",12,31,18,"",450.317,0,0,0,0,0,0,0,0,0,0,0,0,0,0,0,0,0,0,0,0,450.317,0,0,0
"MtrElec",12,31,19,"",406.017,0,0,0,0,0,0,0,0,0,0,0,0,0,0,0,0,0,0,0,0,406.017,0,0,0
"MtrElec",12,31,20,"",458.1,0,0,0,0,0,0,0,0,0,0,0,0,0,0,0,0,0,0,0,0,458.1,0,0,0
"MtrElec",12,31,21,"",400.411,0,0,0,0,0,0,0,0,0,0,0,0,0,0,0,0,0,0,0,0,400.411,0,0,0
"MtrElec",12,31,22,"",354.132,0,0,0,0,0,0,0,0,0,0,0,0,0,0,0,0,0,0,0,0,354.132,0,0,0
"MtrElec",12,31,23,"",320.659,0,0,0,0,0,0,0,0,0,0,0,0,0,0,0,0,0,0,0,0,320.659,0,0,0
"MtrElec",12,31,24,"",227.133,0,0,0,0,0,0,0,0,0,0,0,0,0,0,0,0,0,0,0,0,227.133,0,0,0

